[15:36:13] [main/INFO] (Launcher) ModLauncher running: args [--launchTarget, forgeclientuserdev, --version, MOD_DEV, --assetIndex, 1.20.1-5, --assetsDir, C:\Users\Vladimir\.gradle\caches\fabric-loom\assets, --gameDir, ., --fml.forgeVersion, 47.4.0, --fml.mcVersion, 1.20.1, --fml.forgeGroup, net.minecraftforge, --fml.mcpVersion, 20230612.114412, -mixin.config, dscombat.mixins.json, --username, Dev2, --mixin.config, dscombat.mixins.json]
[15:36:13] [main/INFO] (Launcher) ModLauncher 10.0.9+10.0.9+main.dcd20f30 starting: java version 21.0.7 by Oracle Corporation; OS Windows 11 arch amd64 version 10.0
[15:36:13] [main/INFO] (unprotect) Initializing Unprotect using ModLauncher backend, target: Minecraft and loader classes (minecraft+forge)
[15:36:13] [main/INFO] (ImmediateWindowHandler) Loading ImmediateWindowProvider fmlearlywindow
[15:36:13] [main/INFO] (EARLYDISPLAY) Trying GL version 4.6
[15:36:14] [main/INFO] (EARLYDISPLAY) Requested GL version 4.6 got version 4.6
[15:36:14] [main/INFO] (mixin) SpongePowered MIXIN Subsystem Version=0.8.5 Source=union:/C:/Users/Vladimir/.gradle/caches/modules-2/files-2.1/dev.architectury/mixin-patched/0.8.5.12/cf1f787f58d3b08b0cb53ecbba7928c09a1893c8/mixin-patched-0.8.5.12.jar%23131!/ Service=ModLauncher Env=CLIENT
[15:36:14] [main/WARN] (ModFileParser) Mod file C:\Users\Vladimir\.gradle\caches\modules-2\files-2.1\net.minecraftforge\javafmllanguage\1.20.1-47.4.0\f0c0b352173d0a378cbdcec9cfc4ba65899a721\javafmllanguage-1.20.1-47.4.0.jar is missing mods.toml file
[15:36:14] [main/WARN] (ModFileParser) Mod file C:\Users\Vladimir\.gradle\caches\modules-2\files-2.1\net.minecraftforge\lowcodelanguage\1.20.1-47.4.0\e862740d8c84d08dbfedea412bef88fe42e727c5\lowcodelanguage-1.20.1-47.4.0.jar is missing mods.toml file
[15:36:14] [main/WARN] (ModFileParser) Mod file C:\Users\Vladimir\.gradle\caches\modules-2\files-2.1\net.minecraftforge\mclanguage\1.20.1-47.4.0\5719b3a297a33f877ed5dde4cb4bd75c859096af\mclanguage-1.20.1-47.4.0.jar is missing mods.toml file
[15:36:14] [main/WARN] (ModFileParser) Mod file C:\Users\Vladimir\.gradle\caches\modules-2\files-2.1\net.minecraftforge\fmlcore\1.20.1-47.4.0\235975dafa4309945b59c56b53f31dc5b65a6051\fmlcore-1.20.1-47.4.0.jar is missing mods.toml file
[15:36:14] [pool-5-thread-1/INFO] (EARLYDISPLAY) GL info: NVIDIA GeForce RTX 3060 Ti/PCIe/SSE2 GL version 4.6.0 NVIDIA 596.36, NVIDIA Corporation
[15:36:14] [main/INFO] (ModDiscoverer) Found mod file javafmllanguage-1.20.1-47.4.0.jar of type LANGPROVIDER with provider net.minecraftforge.fml.loading.moddiscovery.MinecraftLocator@77aabf26
[15:36:14] [main/INFO] (ModDiscoverer) Found mod file lowcodelanguage-1.20.1-47.4.0.jar of type LANGPROVIDER with provider net.minecraftforge.fml.loading.moddiscovery.MinecraftLocator@77aabf26
[15:36:14] [main/INFO] (ModDiscoverer) Found mod file mclanguage-1.20.1-47.4.0.jar of type LANGPROVIDER with provider net.minecraftforge.fml.loading.moddiscovery.MinecraftLocator@77aabf26
[15:36:14] [main/INFO] (ModDiscoverer) Found mod file fmlcore-1.20.1-47.4.0.jar of type LIBRARY with provider net.minecraftforge.fml.loading.moddiscovery.MinecraftLocator@77aabf26
[15:36:14] [main/INFO] (ModDiscoverer) Found mod file forge-1.20.1-47.4.0-minecraft-merged-091bc6c486-1.20.1-loom.mappings.1_20_1.layered+hash.40359-v2-forge-1.20.1-47.4.0.jar of type MOD with provider net.minecraftforge.fml.loading.moddiscovery.MinecraftLocator@77aabf26
[15:36:14] [main/INFO] (ModDiscoverer) Found mod file main of type MOD with provider net.minecraftforge.fml.loading.moddiscovery.MinecraftLocator@77aabf26
[15:36:14] [main/INFO] (ModDiscoverer) Found mod file main of type MOD with provider net.minecraftforge.fml.loading.moddiscovery.MinecraftLocator@77aabf26
[15:36:14] [main/INFO] (ModDiscoverer) Found mod file  of type MOD with provider net.minecraftforge.fml.loading.moddiscovery.MinecraftLocator@77aabf26
[15:36:14] [main/INFO] (ModDiscoverer) Found mod file minigames-forge-1.20.1-0ddda88a-0.5.0.jar of type MOD with provider net.minecraftforge.fml.loading.moddiscovery.ClasspathLocator@4c740874
[15:36:14] [main/INFO] (ModDiscoverer) Found mod file onewholibs-forge-1.20.1-0ddda88a-2.2.1.jar of type MOD with provider net.minecraftforge.fml.loading.moddiscovery.ClasspathLocator@4c740874
[15:36:14] [main/INFO] (ModDiscoverer) Found mod file architectury-forge-0ddda88a-9.2.14.jar of type MOD with provider net.minecraftforge.fml.loading.moddiscovery.ClasspathLocator@4c740874
[15:36:14] [main/INFO] (ModDiscoverer) Found mod file jei-1.20.1-forge-0ddda88a-15.20.0.112.jar of type MOD with provider net.minecraftforge.fml.loading.moddiscovery.ClasspathLocator@4c740874
[15:36:14] [main/INFO] (ModDiscoverer) Found mod file 4390449779442310257.jar of type MOD with provider net.minecraftforge.fml.loading.moddiscovery.ClasspathLocator@4c740874
[15:36:14] [main/INFO] (ModDiscoverer) Found mod file mixinextras-forge-0.5.0.jar of type GAMELIBRARY with provider net.minecraftforge.fml.loading.moddiscovery.ClasspathLocator@4c740874
[15:36:14] [main/INFO] (ModDiscoverer) Found mod file minigames-forge-1.20.1-0ddda88a-0.5.0.jar of type MOD with provider net.minecraftforge.fml.loading.moddiscovery.ClasspathLocator@4c740874
[15:36:14] [main/INFO] (ModDiscoverer) Found mod file onewholibs-forge-1.20.1-0ddda88a-2.2.1.jar of type MOD with provider net.minecraftforge.fml.loading.moddiscovery.ClasspathLocator@4c740874
[15:36:14] [main/INFO] (ModDiscoverer) Found mod file architectury-forge-0ddda88a-9.2.14.jar of type MOD with provider net.minecraftforge.fml.loading.moddiscovery.ClasspathLocator@4c740874
[15:36:14] [main/INFO] (ModDiscoverer) Found mod file jei-1.20.1-forge-0ddda88a-15.20.0.112.jar of type MOD with provider net.minecraftforge.fml.loading.moddiscovery.ClasspathLocator@4c740874
[15:36:14] [main/INFO] (ModDiscoverer) Found mod file 4390449779442310257.jar of type MOD with provider net.minecraftforge.fml.loading.moddiscovery.ClasspathLocator@4c740874
[15:36:14] [main/INFO] (JarInJarDependencyLocator) Found 1 dependencies adding them to mods collection
[15:36:14] [main/INFO] (ModDiscoverer) Found mod file MixinExtras-0.5.0.jar of type GAMELIBRARY with provider net.minecraftforge.fml.loading.moddiscovery.JarInJarDependencyLocator@62d743a4
[15:36:15] [main/INFO] (mixin) Compatibility level set to JAVA_17
[15:36:15] [main/INFO] (LaunchServiceHandler) Launching target 'forgeclientuserdev' with arguments [--version, MOD_DEV, --gameDir, ., --assetsDir, C:\Users\Vladimir\.gradle\caches\fabric-loom\assets, --assetIndex, 1.20.1-5, --username, Dev2]
[15:36:16] [main/INFO] (mixin) Remapping refMap onewholibs-common-1.20.1-common-refmap.json using RemapperChain (Architectury Patched)
[15:36:16] [main/INFO] (unprotect) Found 7423 Minecraft classes
[15:36:16] [main/INFO] (mixin) Remapping refMap architectury-forge-refmap.json using RemapperChain (Architectury Patched)
[15:36:16] [main/INFO] (mixin) Remapping refMap architectury-common-refmap.json using RemapperChain (Architectury Patched)
[15:36:16] [main/INFO] (MixinExtras|Service) Initializing MixinExtras via com.llamalad7.mixinextras.service.MixinExtrasServiceImpl(version=0.5.0).
[28мая2026 15:36:20.207] [Datafixer Bootstrap/INFO] [com.mojang.datafixers.DataFixerBuilder/]: 188 Datafixer optimizations took 150 milliseconds
[28мая2026 15:36:21.837] [Render thread/WARN] [net.minecraft.server.packs.VanillaPackResourcesBuilder/]: Assets URL 'union:/D:/minecraftTools/DiamondStarCombat-1.20.1-dev/.gradle/loom-cache/minecraftMaven/net/minecraft/forge-1.20.1-47.4.0-minecraft-merged-091bc6c486/1.20.1-loom.mappings.1_20_1.layered+hash.40359-v2-forge-1.20.1-47.4.0/forge-1.20.1-47.4.0-minecraft-merged-091bc6c486-1.20.1-loom.mappings.1_20_1.layered+hash.40359-v2-forge-1.20.1-47.4.0.jar%23203!/assets/.mcassetsroot' uses unexpected schema
[28мая2026 15:36:21.838] [Render thread/WARN] [net.minecraft.server.packs.VanillaPackResourcesBuilder/]: Assets URL 'union:/D:/minecraftTools/DiamondStarCombat-1.20.1-dev/.gradle/loom-cache/minecraftMaven/net/minecraft/forge-1.20.1-47.4.0-minecraft-merged-091bc6c486/1.20.1-loom.mappings.1_20_1.layered+hash.40359-v2-forge-1.20.1-47.4.0/forge-1.20.1-47.4.0-minecraft-merged-091bc6c486-1.20.1-loom.mappings.1_20_1.layered+hash.40359-v2-forge-1.20.1-47.4.0.jar%23203!/data/.mcassetsroot' uses unexpected schema
[28мая2026 15:36:21.852] [Render thread/INFO] [com.mojang.authlib.yggdrasil.YggdrasilAuthenticationService/]: Environment: authHost='https://authserver.mojang.com', accountsHost='https://api.mojang.com', sessionHost='https://sessionserver.mojang.com', servicesHost='https://api.minecraftservices.com', name='PROD'
[28мая2026 15:36:21.856] [Render thread/INFO] [net.minecraft.client.Minecraft/]: Setting user: Dev2
[28мая2026 15:36:21.935] [Render thread/INFO] [net.minecraft.client.Minecraft/]: Backend library: LWJGL version 3.3.2+13
[28мая2026 15:36:22.147] [modloading-worker-0/INFO] [net.minecraftforge.common.ForgeMod/FORGEMOD]: Forge mod loading, version 47.4.0, for MC 1.20.1 with MCP 20230612.114412
[28мая2026 15:36:22.147] [modloading-worker-0/INFO] [net.minecraftforge.common.MinecraftForge/FORGE]: MinecraftForge v47.4.0 Initialized
[28мая2026 15:36:22.165] [modloading-worker-0/INFO] [dev.architectury.networking.forge.NetworkManagerImpl/]: Registering S2C receiver with id architectury:sync_ids
[28мая2026 15:36:22.171] [modloading-worker-0/INFO] [dev.architectury.networking.forge.NetworkManagerImpl/]: Registering C2S receiver with id architectury:sync_ids
[28мая2026 15:36:22.172] [modloading-worker-0/INFO] [dev.architectury.networking.forge.NetworkManagerImpl/]: Registering S2C receiver with id onewholibs:data_pack_sync
[28мая2026 15:36:22.175] [modloading-worker-0/INFO] [dev.architectury.networking.forge.NetworkManagerImpl/]: Registering S2C receiver with id onewholibs:sync_game_rules
[28мая2026 15:36:22.176] [modloading-worker-0/INFO] [dev.architectury.networking.forge.NetworkManagerImpl/]: Registering S2C receiver with id onewholibs:test_preset
[28мая2026 15:36:22.179] [modloading-worker-0/INFO] [dev.architectury.networking.forge.NetworkManagerImpl/]: Registering S2C receiver with id onewholibs:s2c_ray_cast
[28мая2026 15:36:22.182] [modloading-worker-0/INFO] [dev.architectury.networking.forge.NetworkManagerImpl/]: Registering C2S receiver with id onewholibs:c2s_ray_cast
[28мая2026 15:36:22.213] [modloading-worker-0/INFO] [dev.architectury.networking.forge.NetworkManagerImpl/]: Registering S2C receiver with id minigames:game_join_gui
[28мая2026 15:36:22.214] [modloading-worker-0/INFO] [dev.architectury.networking.forge.NetworkManagerImpl/]: Registering S2C receiver with id minigames:kit_gui
[28мая2026 15:36:22.214] [modloading-worker-0/INFO] [dev.architectury.networking.forge.NetworkManagerImpl/]: Registering S2C receiver with id minigames:shop_gui
[28мая2026 15:36:22.216] [modloading-worker-0/INFO] [dev.architectury.networking.forge.NetworkManagerImpl/]: Registering C2S receiver with id minigames:select_game
[28мая2026 15:36:22.217] [modloading-worker-0/INFO] [dev.architectury.networking.forge.NetworkManagerImpl/]: Registering C2S receiver with id minigames:select_kit
[28мая2026 15:36:22.218] [modloading-worker-0/INFO] [dev.architectury.networking.forge.NetworkManagerImpl/]: Registering C2S receiver with id minigames:select_shop
[28мая2026 15:36:22.383] [modloading-worker-0/INFO] [mezz.jei.library.load.PluginCaller/]: Sending ConfigManager...
[28мая2026 15:36:22.386] [modloading-worker-0/INFO] [mezz.jei.library.load.PluginCaller/]: Sending ConfigManager took 1.946 ms
[28мая2026 15:36:25.334] [Render thread/INFO] [net.minecraftforge.gametest.ForgeGameTestHooks/]: Enabled Gametest Namespaces: []
[28мая2026 15:36:25.512] [Render thread/INFO] [net.minecraft.server.packs.resources.ReloadableResourceManager/]: Reloading ResourceManager: vanilla, mod_resources, file/Scrili_Military_Pack_Assets_0.2
[28мая2026 15:36:25.595] [modloading-worker-0/INFO] [com.onewhohears.dscombat.data.weapon.RadarTargetTypes/]: RadarTargetTypes READ CONFIG
[28мая2026 15:36:25.607] [Worker-Main-1/ERROR] [net.minecraft.Util/]: Invalid path in pack: dscombat:sounds/weapon/distant/README.md, ignoring
[28мая2026 15:36:25.617] [Worker-Main-7/INFO] [net.minecraft.client.gui.font.providers.UnihexProvider/]: Found unifont_all_no_pua-15.0.06.hex, loading
[28мая2026 15:36:25.653] [Worker-Main-3/ERROR] [net.minecraft.Util/]: Invalid path in pack: dscombat:textures/block/README_MISSILE_STATION.txt, ignoring
[28мая2026 15:36:25.689] [Worker-Main-2/ERROR] [net.minecraft.Util/]: Invalid path in pack: dscombat:textures/particle/Particles/Contrail/contrail_0.png, ignoring
[28мая2026 15:36:25.689] [Worker-Main-2/ERROR] [net.minecraft.Util/]: Invalid path in pack: dscombat:textures/particle/Particles/Contrail/contrail_1.png, ignoring
[28мая2026 15:36:25.690] [Worker-Main-2/ERROR] [net.minecraft.Util/]: Invalid path in pack: dscombat:textures/particle/Particles/Contrail/contrail_10.png, ignoring
[28мая2026 15:36:25.690] [Worker-Main-2/ERROR] [net.minecraft.Util/]: Invalid path in pack: dscombat:textures/particle/Particles/Contrail/contrail_11.png, ignoring
[28мая2026 15:36:25.690] [Worker-Main-2/ERROR] [net.minecraft.Util/]: Invalid path in pack: dscombat:textures/particle/Particles/Contrail/contrail_2.png, ignoring
[28мая2026 15:36:25.690] [Worker-Main-2/ERROR] [net.minecraft.Util/]: Invalid path in pack: dscombat:textures/particle/Particles/Contrail/contrail_3.png, ignoring
[28мая2026 15:36:25.691] [Worker-Main-2/ERROR] [net.minecraft.Util/]: Invalid path in pack: dscombat:textures/particle/Particles/Contrail/contrail_4.png, ignoring
[28мая2026 15:36:25.691] [Worker-Main-2/ERROR] [net.minecraft.Util/]: Invalid path in pack: dscombat:textures/particle/Particles/Contrail/contrail_5.png, ignoring
[28мая2026 15:36:25.691] [Worker-Main-2/ERROR] [net.minecraft.Util/]: Invalid path in pack: dscombat:textures/particle/Particles/Contrail/contrail_6.png, ignoring
[28мая2026 15:36:25.691] [Worker-Main-2/ERROR] [net.minecraft.Util/]: Invalid path in pack: dscombat:textures/particle/Particles/Contrail/contrail_7.png, ignoring
[28мая2026 15:36:25.691] [Worker-Main-2/ERROR] [net.minecraft.Util/]: Invalid path in pack: dscombat:textures/particle/Particles/Contrail/contrail_8.png, ignoring
[28мая2026 15:36:25.691] [Worker-Main-2/ERROR] [net.minecraft.Util/]: Invalid path in pack: dscombat:textures/particle/Particles/Contrail/contrail_9.png, ignoring
[28мая2026 15:36:25.692] [Worker-Main-2/ERROR] [net.minecraft.Util/]: Invalid path in pack: dscombat:textures/particle/Particles/DirtDebris/dirt_0.png, ignoring
[28мая2026 15:36:25.692] [Worker-Main-2/ERROR] [net.minecraft.Util/]: Invalid path in pack: dscombat:textures/particle/Particles/DirtDebris/dirt_1.png, ignoring
[28мая2026 15:36:25.692] [Worker-Main-2/ERROR] [net.minecraft.Util/]: Invalid path in pack: dscombat:textures/particle/Particles/DirtDebris/dirt_10.png, ignoring
[28мая2026 15:36:25.692] [Worker-Main-2/ERROR] [net.minecraft.Util/]: Invalid path in pack: dscombat:textures/particle/Particles/DirtDebris/dirt_11.png, ignoring
[28мая2026 15:36:25.692] [Worker-Main-2/ERROR] [net.minecraft.Util/]: Invalid path in pack: dscombat:textures/particle/Particles/DirtDebris/dirt_2.png, ignoring
[28мая2026 15:36:25.693] [Worker-Main-2/ERROR] [net.minecraft.Util/]: Invalid path in pack: dscombat:textures/particle/Particles/DirtDebris/dirt_3.png, ignoring
[28мая2026 15:36:25.693] [Worker-Main-2/ERROR] [net.minecraft.Util/]: Invalid path in pack: dscombat:textures/particle/Particles/DirtDebris/dirt_4.png, ignoring
[28мая2026 15:36:25.693] [Worker-Main-2/ERROR] [net.minecraft.Util/]: Invalid path in pack: dscombat:textures/particle/Particles/DirtDebris/dirt_5.png, ignoring
[28мая2026 15:36:25.693] [Worker-Main-2/ERROR] [net.minecraft.Util/]: Invalid path in pack: dscombat:textures/particle/Particles/DirtDebris/dirt_6.png, ignoring
[28мая2026 15:36:25.693] [Worker-Main-2/ERROR] [net.minecraft.Util/]: Invalid path in pack: dscombat:textures/particle/Particles/DirtDebris/dirt_7.png, ignoring
[28мая2026 15:36:25.693] [Worker-Main-2/ERROR] [net.minecraft.Util/]: Invalid path in pack: dscombat:textures/particle/Particles/DirtDebris/dirt_8.png, ignoring
[28мая2026 15:36:25.693] [Worker-Main-2/ERROR] [net.minecraft.Util/]: Invalid path in pack: dscombat:textures/particle/Particles/DirtDebris/dirt_9.png, ignoring
[28мая2026 15:36:25.693] [Worker-Main-2/ERROR] [net.minecraft.Util/]: Invalid path in pack: dscombat:textures/particle/Particles/explosion/explosion_0.png, ignoring
[28мая2026 15:36:25.694] [Worker-Main-2/ERROR] [net.minecraft.Util/]: Invalid path in pack: dscombat:textures/particle/Particles/explosion/explosion_1.png, ignoring
[28мая2026 15:36:25.694] [Worker-Main-2/ERROR] [net.minecraft.Util/]: Invalid path in pack: dscombat:textures/particle/Particles/explosion/explosion_2.png, ignoring
[28мая2026 15:36:25.694] [Worker-Main-2/ERROR] [net.minecraft.Util/]: Invalid path in pack: dscombat:textures/particle/Particles/explosion/explosion_3.png, ignoring
[28мая2026 15:36:25.694] [Worker-Main-2/ERROR] [net.minecraft.Util/]: Invalid path in pack: dscombat:textures/particle/Particles/explosion/heatwave.png, ignoring
[28мая2026 15:36:25.694] [Worker-Main-2/ERROR] [net.minecraft.Util/]: Invalid path in pack: dscombat:textures/particle/Particles/explosion/shockwave.png, ignoring
[28мая2026 15:36:25.694] [Worker-Main-2/ERROR] [net.minecraft.Util/]: Invalid path in pack: dscombat:textures/particle/Particles/Explosion Smoke/large_smoke_cloud_0.png, ignoring
[28мая2026 15:36:25.694] [Worker-Main-2/ERROR] [net.minecraft.Util/]: Invalid path in pack: dscombat:textures/particle/Particles/Explosion Smoke/large_smoke_cloud_1.png, ignoring
[28мая2026 15:36:25.695] [Worker-Main-2/ERROR] [net.minecraft.Util/]: Invalid path in pack: dscombat:textures/particle/Particles/Explosion Smoke/large_smoke_cloud_2.png, ignoring
[28мая2026 15:36:25.695] [Worker-Main-2/ERROR] [net.minecraft.Util/]: Invalid path in pack: dscombat:textures/particle/Particles/Explosion Smoke/large_smoke_cloud_3.png, ignoring
[28мая2026 15:36:25.695] [Worker-Main-2/ERROR] [net.minecraft.Util/]: Invalid path in pack: dscombat:textures/particle/Particles/Fiery Smoke/fire_0.png, ignoring
[28мая2026 15:36:25.695] [Worker-Main-1/WARN] [net.minecraft.client.sounds.SoundManager/]: File dscombat:sounds/vehicle/engine/tank_idle.ogg does not exist, cannot add it to event dscombat:tank_idle
[28мая2026 15:36:25.695] [Worker-Main-2/ERROR] [net.minecraft.Util/]: Invalid path in pack: dscombat:textures/particle/Particles/Fiery Smoke/fire_1.png, ignoring
[28мая2026 15:36:25.695] [Worker-Main-1/WARN] [net.minecraft.client.sounds.SoundManager/]: File dscombat:sounds/weapon/distant/cannon.ogg does not exist, cannot add it to event dscombat:distant_cannon
[28мая2026 15:36:25.695] [Worker-Main-2/ERROR] [net.minecraft.Util/]: Invalid path in pack: dscombat:textures/particle/Particles/Fiery Smoke/fire_10.png, ignoring
[28мая2026 15:36:25.696] [Worker-Main-2/ERROR] [net.minecraft.Util/]: Invalid path in pack: dscombat:textures/particle/Particles/Fiery Smoke/fire_11.png, ignoring
[28мая2026 15:36:25.696] [Worker-Main-2/ERROR] [net.minecraft.Util/]: Invalid path in pack: dscombat:textures/particle/Particles/Fiery Smoke/fire_12.png, ignoring
[28мая2026 15:36:25.696] [Worker-Main-2/ERROR] [net.minecraft.Util/]: Invalid path in pack: dscombat:textures/particle/Particles/Fiery Smoke/fire_13.png, ignoring
[28мая2026 15:36:25.696] [Worker-Main-2/ERROR] [net.minecraft.Util/]: Invalid path in pack: dscombat:textures/particle/Particles/Fiery Smoke/fire_14.png, ignoring
[28мая2026 15:36:25.696] [Worker-Main-2/ERROR] [net.minecraft.Util/]: Invalid path in pack: dscombat:textures/particle/Particles/Fiery Smoke/fire_15.png, ignoring
[28мая2026 15:36:25.696] [Worker-Main-2/ERROR] [net.minecraft.Util/]: Invalid path in pack: dscombat:textures/particle/Particles/Fiery Smoke/fire_2.png, ignoring
[28мая2026 15:36:25.697] [Worker-Main-2/ERROR] [net.minecraft.Util/]: Invalid path in pack: dscombat:textures/particle/Particles/Fiery Smoke/fire_3.png, ignoring
[28мая2026 15:36:25.697] [Worker-Main-2/ERROR] [net.minecraft.Util/]: Invalid path in pack: dscombat:textures/particle/Particles/Fiery Smoke/fire_4.png, ignoring
[28мая2026 15:36:25.697] [Worker-Main-2/ERROR] [net.minecraft.Util/]: Invalid path in pack: dscombat:textures/particle/Particles/Fiery Smoke/fire_5.png, ignoring
[28мая2026 15:36:25.698] [Worker-Main-2/ERROR] [net.minecraft.Util/]: Invalid path in pack: dscombat:textures/particle/Particles/Fiery Smoke/fire_6.png, ignoring
[28мая2026 15:36:25.698] [Worker-Main-2/ERROR] [net.minecraft.Util/]: Invalid path in pack: dscombat:textures/particle/Particles/Fiery Smoke/fire_7.png, ignoring
[28мая2026 15:36:25.698] [Worker-Main-2/ERROR] [net.minecraft.Util/]: Invalid path in pack: dscombat:textures/particle/Particles/Fiery Smoke/fire_8.png, ignoring
[28мая2026 15:36:25.698] [Worker-Main-2/ERROR] [net.minecraft.Util/]: Invalid path in pack: dscombat:textures/particle/Particles/Fiery Smoke/fire_9.png, ignoring
[28мая2026 15:36:25.699] [Worker-Main-2/ERROR] [net.minecraft.Util/]: Invalid path in pack: dscombat:textures/particle/Particles/Fire/flame_0.png, ignoring
[28мая2026 15:36:25.699] [Worker-Main-2/ERROR] [net.minecraft.Util/]: Invalid path in pack: dscombat:textures/particle/Particles/Fire/flame_1.png, ignoring
[28мая2026 15:36:25.699] [Worker-Main-2/ERROR] [net.minecraft.Util/]: Invalid path in pack: dscombat:textures/particle/Particles/Fire/flame_2.png, ignoring
[28мая2026 15:36:25.699] [Worker-Main-2/ERROR] [net.minecraft.Util/]: Invalid path in pack: dscombat:textures/particle/Particles/Fire/flame_3.png, ignoring
[28мая2026 15:36:25.700] [Worker-Main-2/ERROR] [net.minecraft.Util/]: Invalid path in pack: dscombat:textures/particle/Particles/Fire/flame_4.png, ignoring
[28мая2026 15:36:25.700] [Worker-Main-2/ERROR] [net.minecraft.Util/]: Invalid path in pack: dscombat:textures/particle/Particles/Fire/flame_5.png, ignoring
[28мая2026 15:36:25.700] [Worker-Main-2/ERROR] [net.minecraft.Util/]: Invalid path in pack: dscombat:textures/particle/Particles/Fire/flame_6.png, ignoring
[28мая2026 15:36:25.700] [Worker-Main-2/ERROR] [net.minecraft.Util/]: Invalid path in pack: dscombat:textures/particle/Particles/Fire/flame_7.png, ignoring
[28мая2026 15:36:25.700] [Worker-Main-2/ERROR] [net.minecraft.Util/]: Invalid path in pack: dscombat:textures/particle/Particles/Flare And Missile Trail/flare_smoke_0.png, ignoring
[28мая2026 15:36:25.700] [Worker-Main-2/ERROR] [net.minecraft.Util/]: Invalid path in pack: dscombat:textures/particle/Particles/Flare And Missile Trail/flare_smoke_1.png, ignoring
[28мая2026 15:36:25.700] [Worker-Main-2/ERROR] [net.minecraft.Util/]: Invalid path in pack: dscombat:textures/particle/Particles/Flare And Missile Trail/flare_smoke_2.png, ignoring
[28мая2026 15:36:25.701] [Worker-Main-2/ERROR] [net.minecraft.Util/]: Invalid path in pack: dscombat:textures/particle/Particles/Flare And Missile Trail/flare_smoke_3.png, ignoring
[28мая2026 15:36:25.701] [Worker-Main-2/ERROR] [net.minecraft.Util/]: Invalid path in pack: dscombat:textures/particle/Particles/Flare And Missile Trail/flare_smoke_4.png, ignoring
[28мая2026 15:36:25.701] [Worker-Main-2/ERROR] [net.minecraft.Util/]: Invalid path in pack: dscombat:textures/particle/Particles/Flare And Missile Trail/flare_smoke_5.png, ignoring
[28мая2026 15:36:25.701] [Worker-Main-2/ERROR] [net.minecraft.Util/]: Invalid path in pack: dscombat:textures/particle/Particles/Spark/spark_0.png, ignoring
[28мая2026 15:36:25.701] [Worker-Main-2/ERROR] [net.minecraft.Util/]: Invalid path in pack: dscombat:textures/particle/Particles/Spark/spark_1.png, ignoring
[28мая2026 15:36:25.701] [Worker-Main-2/ERROR] [net.minecraft.Util/]: Invalid path in pack: dscombat:textures/particle/Particles/Spark/spark_2.png, ignoring
[28мая2026 15:36:25.702] [Worker-Main-2/ERROR] [net.minecraft.Util/]: Invalid path in pack: dscombat:textures/particle/Particles/Spark/spark_3.png, ignoring
[28мая2026 15:36:25.794] [Worker-Main-11/WARN] [net.minecraft.client.renderer.texture.SpriteLoader/]: Texture dscombat:item/aluminum_ingot with size 200x200 limits mip level from 4 to 3
[28мая2026 15:36:25.799] [Forge Version Check/INFO] [net.minecraftforge.fml.VersionChecker/]: [onewholibs] Starting version check at https://raw.githubusercontent.com/1whohears/ModVersions/main/1wholibs/update.json
[28мая2026 15:36:26.022] [Worker-Main-8/INFO] [com.onewhohears.onewholibs.common.event.OWLEvents/]: Registering Json Preset Reload Listener: TestPresets
[28мая2026 15:36:26.024] [Worker-Main-8/INFO] [com.onewhohears.onewholibs.common.event.OWLEvents/]: Registering Json Preset Reload Listener: MiniGameKitsManager
[28мая2026 15:36:26.025] [Worker-Main-8/INFO] [com.onewhohears.onewholibs.common.event.OWLEvents/]: Registering Json Preset Reload Listener: MiniGameShopsManager
[28мая2026 15:36:26.025] [Worker-Main-8/INFO] [com.onewhohears.onewholibs.common.event.OWLEvents/]: Registering Json Preset Reload Listener: StatGraphs
[28мая2026 15:36:26.092] [Worker-Main-8/INFO] [com.onewhohears.onewholibs.common.event.OWLEvents/]: Registering Json Preset Reload Listener: VehiclePresets
[28мая2026 15:36:26.092] [Worker-Main-8/INFO] [com.onewhohears.onewholibs.common.event.OWLEvents/]: Registering Json Preset Reload Listener: WeaponPresets
[28мая2026 15:36:26.315] [Worker-Main-8/INFO] [com.onewhohears.onewholibs.common.event.OWLEvents/]: Registering Json Preset Reload Listener: RadarPresets
[28мая2026 15:36:26.316] [Worker-Main-8/INFO] [com.onewhohears.onewholibs.common.event.OWLEvents/]: Registering Json Preset Reload Listener: PartPresets
[28мая2026 15:36:26.484] [Worker-Main-3/WARN] [net.minecraft.client.resources.model.ModelBakery/]: Unable to load model: 'dscombat:ecm_jammer#inventory' referenced from: dscombat:ecm_jammer#inventory: java.io.FileNotFoundException: dscombat:models/item/ecm_jammer.json
[28мая2026 15:36:26.484] [Worker-Main-3/WARN] [net.minecraft.client.resources.model.ModelBakery/]: Unable to load model: 'dscombat:smoke_grenade_dispenser#inventory' referenced from: dscombat:smoke_grenade_dispenser#inventory: java.io.FileNotFoundException: dscombat:models/item/smoke_grenade_dispenser.json
[28мая2026 15:36:26.484] [Worker-Main-3/WARN] [net.minecraft.client.resources.model.ModelBakery/]: Unable to load model: 'dscombat:basic_mine_dispenser#inventory' referenced from: dscombat:basic_mine_dispenser#inventory: java.io.FileNotFoundException: dscombat:models/item/basic_mine_dispenser.json
[28мая2026 15:36:26.485] [Worker-Main-3/WARN] [net.minecraft.client.resources.model.ModelBakery/]: Unable to load model: 'dscombat:naval_mine_dispenser#inventory' referenced from: dscombat:naval_mine_dispenser#inventory: java.io.FileNotFoundException: dscombat:models/item/naval_mine_dispenser.json
[28мая2026 15:36:26.485] [Worker-Main-3/WARN] [net.minecraft.client.resources.model.ModelBakery/]: Unable to load model: 'dscombat:ballistic_missile#inventory' referenced from: dscombat:ballistic_missile#inventory: java.io.FileNotFoundException: dscombat:models/item/ballistic_missile.json
[28мая2026 15:36:26.485] [Worker-Main-3/WARN] [net.minecraft.client.resources.model.ModelBakery/]: Unable to load model: 'dscombat:m203_grenade_launcher#inventory' referenced from: dscombat:m203_grenade_launcher#inventory: java.io.FileNotFoundException: dscombat:models/item/m203_grenade_launcher.json
[28мая2026 15:36:26.485] [Worker-Main-3/WARN] [net.minecraft.client.resources.model.ModelBakery/]: Unable to load model: 'dscombat:rpg7#inventory' referenced from: dscombat:rpg7#inventory: java.io.FileNotFoundException: dscombat:models/item/rpg7.json
[28мая2026 15:36:26.485] [Worker-Main-3/WARN] [net.minecraft.client.resources.model.ModelBakery/]: Unable to load model: 'dscombat:rpg7_grenade#inventory' referenced from: dscombat:rpg7_grenade#inventory: java.io.FileNotFoundException: dscombat:models/item/rpg7_grenade.json
[28мая2026 15:36:26.485] [Worker-Main-3/WARN] [net.minecraft.client.resources.model.ModelBakery/]: Unable to load model: 'dscombat:m203_grenade_item#inventory' referenced from: dscombat:m203_grenade_item#inventory: java.io.FileNotFoundException: dscombat:models/item/m203_grenade_item.json
[28мая2026 15:36:26.569] [Forge Version Check/INFO] [net.minecraftforge.fml.VersionChecker/]: [onewholibs] Found status: AHEAD Current: 2.2.1 Target: null
[28мая2026 15:36:26.569] [Forge Version Check/INFO] [net.minecraftforge.fml.VersionChecker/]: [dscombat] Starting version check at https://raw.githubusercontent.com/1whohears/ModVersions/main/DiamondStarCombat/update.json
[28мая2026 15:36:26.811] [Forge Version Check/INFO] [net.minecraftforge.fml.VersionChecker/]: [dscombat] Found status: AHEAD Current: 0.14.5-3 Target: null
[28мая2026 15:36:26.811] [Forge Version Check/INFO] [net.minecraftforge.fml.VersionChecker/]: [forge] Starting version check at https://files.minecraftforge.net/net/minecraftforge/forge/promotions_slim.json
[28мая2026 15:36:26.842] [Worker-Main-8/INFO] [dev.architectury.networking.forge.NetworkManagerImpl/]: Registering C2S receiver with id dscombat:c2s_vehicle_control
[28мая2026 15:36:26.850] [Worker-Main-8/INFO] [dev.architectury.networking.forge.NetworkManagerImpl/]: Registering C2S receiver with id dscombat:c2s_craft_weapon
[28мая2026 15:36:26.862] [Worker-Main-8/INFO] [dev.architectury.networking.forge.NetworkManagerImpl/]: Registering C2S receiver with id dscombat:c2s_craft_plane
[28мая2026 15:36:26.874] [Worker-Main-8/INFO] [dev.architectury.networking.forge.NetworkManagerImpl/]: Registering C2S receiver with id dscombat:c2s_seat_pos
[28мая2026 15:36:26.882] [Worker-Main-8/INFO] [dev.architectury.networking.forge.NetworkManagerImpl/]: Registering C2S receiver with id dscombat:c2s_vehicle_collide
[28мая2026 15:36:26.891] [Worker-Main-8/INFO] [dev.architectury.networking.forge.NetworkManagerImpl/]: Registering C2S receiver with id dscombat:c2s_vehicle_move_rot
[28мая2026 15:36:26.905] [Worker-Main-8/INFO] [dev.architectury.networking.forge.NetworkManagerImpl/]: Registering C2S receiver with id dscombat:c2s_vehicle_texture
[28мая2026 15:36:26.911] [Worker-Main-8/INFO] [dev.architectury.networking.forge.NetworkManagerImpl/]: Registering C2S receiver with id dscombat:c2s_get_hook_chains
[28мая2026 15:36:26.918] [Worker-Main-8/INFO] [dev.architectury.networking.forge.NetworkManagerImpl/]: Registering C2S receiver with id dscombat:c2s_sync_rotbox_passenger_pos
[28мая2026 15:36:26.925] [Worker-Main-8/INFO] [dev.architectury.networking.forge.NetworkManagerImpl/]: Registering C2S receiver with id dscombat:c2s_fix_hitboxes
[28мая2026 15:36:26.938] [Worker-Main-8/INFO] [dev.architectury.networking.forge.NetworkManagerImpl/]: Registering C2S receiver with id dscombat:c2s_vehicle_sync_action
[28мая2026 15:36:26.947] [Worker-Main-8/INFO] [dev.architectury.networking.forge.NetworkManagerImpl/]: Registering C2S receiver with id dscombat:c2s_craft_weapon_part
[28мая2026 15:36:26.958] [Worker-Main-8/INFO] [dev.architectury.networking.forge.NetworkManagerImpl/]: Registering C2S receiver with id dscombat:c2s_missile_station_launch
[28мая2026 15:36:26.968] [Worker-Main-8/INFO] [dev.architectury.networking.forge.NetworkManagerImpl/]: Registering C2S receiver with id dscombat:c2s_missile_station_toggle_armed
[28мая2026 15:36:26.979] [Worker-Main-8/INFO] [dev.architectury.networking.forge.NetworkManagerImpl/]: Registering C2S receiver with id dscombat:c2s_missile_station_set_target
[28мая2026 15:36:26.996] [Worker-Main-8/INFO] [dev.architectury.networking.forge.NetworkManagerImpl/]: Registering C2S receiver with id dscombat:c2s_vehicle_decal
[28мая2026 15:36:26.996] [Worker-Main-8/INFO] [dev.architectury.networking.forge.NetworkManagerImpl/]: Registering S2C receiver with id dscombat:s2c_vehicle_control
[28мая2026 15:36:27.004] [Worker-Main-8/INFO] [dev.architectury.networking.forge.NetworkManagerImpl/]: Registering S2C receiver with id dscombat:s2c_radar_pings
[28мая2026 15:36:27.013] [Worker-Main-8/INFO] [dev.architectury.networking.forge.NetworkManagerImpl/]: Registering S2C receiver with id dscombat:s2c_weapon_ammo
[28мая2026 15:36:27.020] [Worker-Main-8/INFO] [dev.architectury.networking.forge.NetworkManagerImpl/]: Registering S2C receiver with id dscombat:s2c_remove_part
[28мая2026 15:36:27.029] [Worker-Main-8/INFO] [dev.architectury.networking.forge.NetworkManagerImpl/]: Registering S2C receiver with id dscombat:s2c_add_part
[28мая2026 15:36:27.039] [Worker-Main-8/INFO] [dev.architectury.networking.forge.NetworkManagerImpl/]: Registering S2C receiver with id dscombat:s2c_rwr_warning
[28мая2026 15:36:27.039] [Worker-Main-8/INFO] [dev.architectury.networking.forge.NetworkManagerImpl/]: Registering S2C receiver with id dscombat:s2c_add_force_moment
[28мая2026 15:36:27.039] [Worker-Main-8/INFO] [dev.architectury.networking.forge.NetworkManagerImpl/]: Registering S2C receiver with id dscombat:s2c_vehicle_texture
[28мая2026 15:36:27.039] [Worker-Main-8/INFO] [dev.architectury.networking.forge.NetworkManagerImpl/]: Registering S2C receiver with id dscombat:s2c_vehicle_explode
[28мая2026 15:36:27.046] [Worker-Main-8/INFO] [dev.architectury.networking.forge.NetworkManagerImpl/]: Registering S2C receiver with id dscombat:s2c_remove_fire_column
[28мая2026 15:36:27.046] [Worker-Main-8/INFO] [dev.architectury.networking.forge.NetworkManagerImpl/]: Registering S2C receiver with id dscombat:s2c_mine_explode
[28мая2026 15:36:27.059] [Worker-Main-8/INFO] [dev.architectury.networking.forge.NetworkManagerImpl/]: Registering S2C receiver with id dscombat:s2c_weapon_impact
[28мая2026 15:36:27.065] [Worker-Main-8/INFO] [dev.architectury.networking.forge.NetworkManagerImpl/]: Registering S2C receiver with id dscombat:s2c_delayed_sound
[28мая2026 15:36:27.075] [Worker-Main-8/INFO] [dev.architectury.networking.forge.NetworkManagerImpl/]: Registering S2C receiver with id dscombat:s2c_distant_gunfire
[28мая2026 15:36:27.081] [Worker-Main-8/INFO] [dev.architectury.networking.forge.NetworkManagerImpl/]: Registering S2C receiver with id dscombat:s2c_vehicle_chain_update
[28мая2026 15:36:27.089] [Worker-Main-8/INFO] [dev.architectury.networking.forge.NetworkManagerImpl/]: Registering S2C receiver with id dscombat:s2c_sync_part
[28мая2026 15:36:27.096] [Worker-Main-8/INFO] [dev.architectury.networking.forge.NetworkManagerImpl/]: Registering S2C receiver with id dscombat:s2c_debug_hitbox_pos
[28мая2026 15:36:27.109] [Worker-Main-8/INFO] [dev.architectury.networking.forge.NetworkManagerImpl/]: Registering S2C receiver with id dscombat:s2c_on_shoot
[28мая2026 15:36:27.118] [Worker-Main-8/INFO] [dev.architectury.networking.forge.NetworkManagerImpl/]: Registering S2C receiver with id dscombat:s2c_set_target_pos
[28мая2026 15:36:27.127] [Worker-Main-8/INFO] [dev.architectury.networking.forge.NetworkManagerImpl/]: Registering S2C receiver with id dscombat:s2c_ballistic_explosion
[28мая2026 15:36:27.138] [Worker-Main-3/WARN] [net.minecraft.client.resources.model.ModelManager/]: Missing textures in model dscombat:anti_personnel_mine#inventory:
    minecraft:textures/atlas/blocks.png:dscombat:item/anti_personnel_mine
[28мая2026 15:36:27.138] [Worker-Main-3/WARN] [net.minecraft.client.resources.model.ModelManager/]: Missing textures in model dscombat:rpg_grenade#inventory:
    minecraft:textures/atlas/blocks.png:dscombat:item/rpg_grenade
[28мая2026 15:36:27.138] [Worker-Main-3/WARN] [net.minecraft.client.resources.model.ModelManager/]: Missing textures in model dscombat:anti_tank_mine#inventory:
    minecraft:textures/atlas/blocks.png:dscombat:item/anti_tank_mine
[28мая2026 15:36:27.138] [Worker-Main-3/WARN] [net.minecraft.client.resources.model.ModelManager/]: Missing textures in model dscombat:mine_defuser#inventory:
    minecraft:textures/atlas/blocks.png:dscombat:item/mine_defuser
[28мая2026 15:36:27.138] [Worker-Main-8/INFO] [dev.architectury.networking.forge.NetworkManagerImpl/]: Registering S2C receiver with id dscombat:s2c_ecm_jam
[28мая2026 15:36:27.138] [Worker-Main-3/WARN] [net.minecraft.client.resources.model.ModelManager/]: Missing textures in model dscombat:survey_all_a#inventory:
    minecraft:textures/atlas/blocks.png:dscombat:entity/radar/stick_radar
[28мая2026 15:36:27.138] [Worker-Main-3/WARN] [net.minecraft.client.resources.model.ModelManager/]: Missing textures in model dscombat:torpedo#inventory:
    minecraft:textures/atlas/blocks.png:dscombat:entity/weapon/mk13
[28мая2026 15:36:27.139] [Worker-Main-8/INFO] [dev.architectury.networking.forge.NetworkManagerImpl/]: Registering S2C receiver with id dscombat:s2c_vehicle_decal
[28мая2026 15:36:27.147] [Forge Version Check/INFO] [net.minecraftforge.fml.VersionChecker/]: [forge] Found status: OUTDATED Current: 47.4.0 Target: 47.4.10
[28мая2026 15:36:27.147] [Forge Version Check/INFO] [net.minecraftforge.fml.VersionChecker/]: [minigames] Starting version check at https://raw.githubusercontent.com/1whohears/ModVersions/main/CustomMiniGames/update.json
[28мая2026 15:36:27.405] [Forge Version Check/INFO] [net.minecraftforge.fml.VersionChecker/]: [minigames] Found status: AHEAD Current: 0.5.0 Target: null
[28мая2026 15:36:27.641] [Render thread/INFO] [com.onewhohears.onewholibs.client.model.obj.ObjEntityModels/]: RELOAD ASSETS: models/entity
[28мая2026 15:36:27.673] [Render thread/INFO] [com.onewhohears.onewholibs.client.model.obj.ObjEntityModels/]: ADDING MODEL = dscombat:models/entity/12.7mm.obj
[28мая2026 15:36:27.674] [Render thread/INFO] [com.onewhohears.onewholibs.client.model.obj.ObjEntityModels/]: ADDING MODEL = dscombat:models/entity/120mmhe.obj
[28мая2026 15:36:27.676] [Render thread/INFO] [com.onewhohears.onewholibs.client.model.obj.ObjEntityModels/]: ADDING MODEL = dscombat:models/entity/20mm.obj
[28мая2026 15:36:27.686] [Render thread/INFO] [com.onewhohears.onewholibs.client.model.obj.ObjEntityModels/]: ADDING MODEL = smvpack:models/entity/2a42_30mm.obj
[28мая2026 15:36:27.695] [Render thread/INFO] [com.onewhohears.onewholibs.client.model.obj.ObjEntityModels/]: ADDING MODEL = smvpack:models/entity/2b14.obj
[28мая2026 15:36:27.707] [Render thread/INFO] [com.onewhohears.onewholibs.client.model.obj.ObjEntityModels/]: ADDING MODEL = smvpack:models/entity/2b14_turret.obj
[28мая2026 15:36:27.708] [Render thread/INFO] [com.onewhohears.onewholibs.client.model.obj.ObjEntityModels/]: ADDING MODEL = dscombat:models/entity/406mmhe.obj
[28мая2026 15:36:27.709] [Render thread/INFO] [com.onewhohears.onewholibs.client.model.obj.ObjEntityModels/]: ADDING MODEL = dscombat:models/entity/50mmhe.obj
[28мая2026 15:36:27.724] [Render thread/INFO] [com.onewhohears.onewholibs.client.model.obj.ObjEntityModels/]: ADDING MODEL = smvpack:models/entity/9m729.obj
[28мая2026 15:36:27.743] [Render thread/INFO] [com.onewhohears.onewholibs.client.model.obj.ObjEntityModels/]: ADDING MODEL = smvpack:models/entity/a10.obj
[28мая2026 15:36:27.746] [Render thread/INFO] [com.onewhohears.onewholibs.client.model.obj.ObjEntityModels/]: ADDING MODEL = dscombat:models/entity/aa_turret.obj
[28мая2026 15:36:27.747] [Render thread/INFO] [com.onewhohears.onewholibs.client.model.obj.ObjEntityModels/]: ADDING MODEL = dscombat:models/entity/adl.obj
[28мая2026 15:36:27.750] [Render thread/INFO] [com.onewhohears.onewholibs.client.model.obj.ObjEntityModels/]: ADDING MODEL = dscombat:models/entity/afterburner_flame.obj
[28мая2026 15:36:27.753] [Render thread/INFO] [com.onewhohears.onewholibs.client.model.obj.ObjEntityModels/]: ADDING MODEL = dscombat:models/entity/agm114k.obj
[28мая2026 15:36:27.756] [Render thread/INFO] [com.onewhohears.onewholibs.client.model.obj.ObjEntityModels/]: ADDING MODEL = dscombat:models/entity/agm65g.obj
[28мая2026 15:36:27.758] [Render thread/INFO] [com.onewhohears.onewholibs.client.model.obj.ObjEntityModels/]: ADDING MODEL = dscombat:models/entity/agm65l.obj
[28мая2026 15:36:27.786] [Render thread/INFO] [com.onewhohears.onewholibs.client.model.obj.ObjEntityModels/]: ADDING MODEL = smvpack:models/entity/agm69.obj
[28мая2026 15:36:27.790] [Render thread/INFO] [com.onewhohears.onewholibs.client.model.obj.ObjEntityModels/]: ADDING MODEL = dscombat:models/entity/agm84e.obj
[28мая2026 15:36:27.793] [Render thread/INFO] [com.onewhohears.onewholibs.client.model.obj.ObjEntityModels/]: ADDING MODEL = dscombat:models/entity/agm88g.obj
[28мая2026 15:36:27.795] [Render thread/INFO] [com.onewhohears.onewholibs.client.model.obj.ObjEntityModels/]: ADDING MODEL = dscombat:models/entity/aim120b.obj
[28мая2026 15:36:27.798] [Render thread/INFO] [com.onewhohears.onewholibs.client.model.obj.ObjEntityModels/]: ADDING MODEL = dscombat:models/entity/aim120c.obj
[28мая2026 15:36:27.799] [Render thread/INFO] [com.onewhohears.onewholibs.client.model.obj.ObjEntityModels/]: ADDING MODEL = dscombat:models/entity/aim7f.obj
[28мая2026 15:36:27.801] [Render thread/INFO] [com.onewhohears.onewholibs.client.model.obj.ObjEntityModels/]: ADDING MODEL = dscombat:models/entity/aim7mh.obj
[28мая2026 15:36:27.834] [Render thread/INFO] [com.onewhohears.onewholibs.client.model.obj.ObjEntityModels/]: ADDING MODEL = smvpack:models/entity/aim9.obj
[28мая2026 15:36:27.835] [Render thread/INFO] [com.onewhohears.onewholibs.client.model.obj.ObjEntityModels/]: ADDING MODEL = dscombat:models/entity/aim9l.obj
[28мая2026 15:36:27.837] [Render thread/INFO] [com.onewhohears.onewholibs.client.model.obj.ObjEntityModels/]: ADDING MODEL = dscombat:models/entity/aim9p5.obj
[28мая2026 15:36:27.839] [Render thread/INFO] [com.onewhohears.onewholibs.client.model.obj.ObjEntityModels/]: ADDING MODEL = dscombat:models/entity/aim9x.obj
[28мая2026 15:36:27.843] [Render thread/INFO] [com.onewhohears.onewholibs.client.model.obj.ObjEntityModels/]: ADDING MODEL = dscombat:models/entity/alexis_plane.obj
[28мая2026 15:36:27.848] [Render thread/INFO] [com.onewhohears.onewholibs.client.model.obj.ObjEntityModels/]: ADDING MODEL = dscombat:models/entity/allison_v_1710.obj
[28мая2026 15:36:27.870] [Render thread/INFO] [com.onewhohears.onewholibs.client.model.obj.ObjEntityModels/]: ADDING MODEL = smvpack:models/entity/amx10.obj
[28мая2026 15:36:27.885] [Render thread/INFO] [com.onewhohears.onewholibs.client.model.obj.ObjEntityModels/]: ADDING MODEL = smvpack:models/entity/amx10_turret.obj
[28мая2026 15:36:27.889] [Render thread/INFO] [com.onewhohears.onewholibs.client.model.obj.ObjEntityModels/]: ADDING MODEL = dscombat:models/entity/andolf_sub.obj
[28мая2026 15:36:27.890] [Render thread/INFO] [com.onewhohears.onewholibs.client.model.obj.ObjEntityModels/]: ADDING MODEL = dscombat:models/entity/anm30.obj
[28мая2026 15:36:27.891] [Render thread/INFO] [com.onewhohears.onewholibs.client.model.obj.ObjEntityModels/]: ADDING MODEL = dscombat:models/entity/anti_personnel_mine.obj
[28мая2026 15:36:27.891] [Render thread/INFO] [com.onewhohears.onewholibs.client.model.obj.ObjEntityModels/]: ADDING MODEL = dscombat:models/entity/anti_tank.obj
[28мая2026 15:36:27.923] [Render thread/INFO] [com.onewhohears.onewholibs.client.model.obj.ObjEntityModels/]: ADDING MODEL = smvpack:models/entity/antps80.obj
[28мая2026 15:36:27.924] [Render thread/INFO] [com.onewhohears.onewholibs.client.model.obj.ObjEntityModels/]: ADDING MODEL = dscombat:models/entity/artillery_cannon.obj
[28мая2026 15:36:27.942] [Render thread/INFO] [com.onewhohears.onewholibs.client.model.obj.ObjEntityModels/]: ADDING MODEL = smvpack:models/entity/asrad.obj
[28мая2026 15:36:27.957] [Render thread/INFO] [com.onewhohears.onewholibs.client.model.obj.ObjEntityModels/]: ADDING MODEL = smvpack:models/entity/asrad_turret.obj
[28мая2026 15:36:27.962] [Render thread/INFO] [com.onewhohears.onewholibs.client.model.obj.ObjEntityModels/]: ADDING MODEL = dscombat:models/entity/autoloaderturret.obj
[28мая2026 15:36:27.977] [Render thread/INFO] [com.onewhohears.onewholibs.client.model.obj.ObjEntityModels/]: ADDING MODEL = dscombat:models/entity/axcel_truck.obj
[28мая2026 15:36:27.977] [Render thread/INFO] [com.onewhohears.onewholibs.client.model.obj.ObjEntityModels/]: ADDING MODEL = dscombat:models/entity/ball_radar.obj
[28мая2026 15:36:27.978] [Render thread/INFO] [com.onewhohears.onewholibs.client.model.obj.ObjEntityModels/]: ADDING MODEL = dscombat:models/entity/ball_radar_triple.obj
[28мая2026 15:36:27.979] [Render thread/INFO] [com.onewhohears.onewholibs.client.model.obj.ObjEntityModels/]: ADDING MODEL = dscombat:models/entity/battleship.obj
[28мая2026 15:36:28.068] [Render thread/INFO] [com.onewhohears.onewholibs.client.model.obj.ObjEntityModels/]: ADDING MODEL = smvpack:models/entity/bmd.obj
[28мая2026 15:36:28.094] [Render thread/INFO] [com.onewhohears.onewholibs.client.model.obj.ObjEntityModels/]: ADDING MODEL = smvpack:models/entity/bmp1.obj
[28мая2026 15:36:28.142] [Render thread/INFO] [com.onewhohears.onewholibs.client.model.obj.ObjEntityModels/]: ADDING MODEL = smvpack:models/entity/bmp1_turret.obj
[28мая2026 15:36:28.162] [Render thread/INFO] [com.onewhohears.onewholibs.client.model.obj.ObjEntityModels/]: ADDING MODEL = smvpack:models/entity/bmp1am_turret.obj
[28мая2026 15:36:28.179] [Render thread/INFO] [com.onewhohears.onewholibs.client.model.obj.ObjEntityModels/]: ADDING MODEL = smvpack:models/entity/bmp2.obj
[28мая2026 15:36:28.294] [Render thread/INFO] [com.onewhohears.onewholibs.client.model.obj.ObjEntityModels/]: ADDING MODEL = smvpack:models/entity/bmp2_turret.obj
[28мая2026 15:36:28.310] [Render thread/INFO] [com.onewhohears.onewholibs.client.model.obj.ObjEntityModels/]: ADDING MODEL = smvpack:models/entity/bmp2m_turret.obj
[28мая2026 15:36:28.311] [Render thread/INFO] [com.onewhohears.onewholibs.client.model.obj.ObjEntityModels/]: ADDING MODEL = dscombat:models/entity/bomb_rack.obj
[28мая2026 15:36:28.325] [Render thread/INFO] [com.onewhohears.onewholibs.client.model.obj.ObjEntityModels/]: ADDING MODEL = smvpack:models/entity/bort_t72.obj
[28мая2026 15:36:28.377] [Render thread/INFO] [com.onewhohears.onewholibs.client.model.obj.ObjEntityModels/]: ADDING MODEL = smvpack:models/entity/bort_t72b3.obj
[28мая2026 15:36:28.428] [Render thread/INFO] [com.onewhohears.onewholibs.client.model.obj.ObjEntityModels/]: ADDING MODEL = smvpack:models/entity/bort_t72b32016.obj
[28мая2026 15:36:28.431] [Render thread/INFO] [com.onewhohears.onewholibs.client.model.obj.ObjEntityModels/]: ADDING MODEL = dscombat:models/entity/bronco-plane.obj
[28мая2026 15:36:28.452] [Render thread/INFO] [com.onewhohears.onewholibs.client.model.obj.ObjEntityModels/]: ADDING MODEL = smvpack:models/entity/btr.obj
[28мая2026 15:36:28.468] [Render thread/INFO] [com.onewhohears.onewholibs.client.model.obj.ObjEntityModels/]: ADDING MODEL = smvpack:models/entity/btr4e.obj
[28мая2026 15:36:28.503] [Render thread/INFO] [com.onewhohears.onewholibs.client.model.obj.ObjEntityModels/]: ADDING MODEL = smvpack:models/entity/btr4e_turret.obj
[28мая2026 15:36:28.505] [Render thread/INFO] [com.onewhohears.onewholibs.client.model.obj.ObjEntityModels/]: ADDING MODEL = dscombat:models/entity/carrier.obj
[28мая2026 15:36:28.506] [Render thread/INFO] [com.onewhohears.onewholibs.client.model.obj.ObjEntityModels/]: ADDING MODEL = dscombat:models/entity/cfm56.obj
[28мая2026 15:36:28.507] [Render thread/INFO] [com.onewhohears.onewholibs.client.model.obj.ObjEntityModels/]: ADDING MODEL = dscombat:models/entity/chain_hook.obj
[28мая2026 15:36:28.511] [Render thread/INFO] [com.onewhohears.onewholibs.client.model.obj.ObjEntityModels/]: ADDING MODEL = smvpack:models/entity/chest.obj
[28мая2026 15:36:28.513] [Render thread/INFO] [com.onewhohears.onewholibs.client.model.obj.ObjEntityModels/]: ADDING MODEL = dscombat:models/entity/ciws.obj
[28мая2026 15:36:28.514] [Render thread/INFO] [com.onewhohears.onewholibs.client.model.obj.ObjEntityModels/]: ADDING MODEL = onewholibs:models/entity/ciws_test.obj
[28мая2026 15:36:28.516] [Render thread/INFO] [com.onewhohears.onewholibs.client.model.obj.ObjEntityModels/]: ADDING MODEL = minigames:models/entity/computa_flag.obj
[28мая2026 15:36:28.517] [Render thread/INFO] [com.onewhohears.onewholibs.client.model.obj.ObjEntityModels/]: ADDING MODEL = dscombat:models/entity/corvette.obj
[28мая2026 15:36:28.518] [Render thread/INFO] [com.onewhohears.onewholibs.client.model.obj.ObjEntityModels/]: ADDING MODEL = dscombat:models/entity/cruiser.obj
[28мая2026 15:36:28.544] [Render thread/INFO] [com.onewhohears.onewholibs.client.model.obj.ObjEntityModels/]: ADDING MODEL = smvpack:models/entity/cv9040c.obj
[28мая2026 15:36:28.559] [Render thread/INFO] [com.onewhohears.onewholibs.client.model.obj.ObjEntityModels/]: ADDING MODEL = smvpack:models/entity/cv9040c_turret.obj
[28мая2026 15:36:28.570] [Render thread/INFO] [com.onewhohears.onewholibs.client.model.obj.ObjEntityModels/]: ADDING MODEL = smvpack:models/entity/d30.obj
[28мая2026 15:36:28.580] [Render thread/INFO] [com.onewhohears.onewholibs.client.model.obj.ObjEntityModels/]: ADDING MODEL = smvpack:models/entity/d30_turret.obj
[28мая2026 15:36:28.581] [Render thread/INFO] [com.onewhohears.onewholibs.client.model.obj.ObjEntityModels/]: ADDING MODEL = dscombat:models/entity/destroyer.obj
[28мая2026 15:36:28.593] [Render thread/INFO] [com.onewhohears.onewholibs.client.model.obj.ObjEntityModels/]: ADDING MODEL = smvpack:models/entity/detal.obj
[28мая2026 15:36:28.595] [Render thread/INFO] [com.onewhohears.onewholibs.client.model.obj.ObjEntityModels/]: ADDING MODEL = dscombat:models/entity/e3sentry_plane.obj
[28мая2026 15:36:28.597] [Render thread/INFO] [com.onewhohears.onewholibs.client.model.obj.ObjEntityModels/]: ADDING MODEL = dscombat:models/entity/eden_plane.obj
[28мая2026 15:36:28.600] [Render thread/INFO] [com.onewhohears.onewholibs.client.model.obj.ObjEntityModels/]: ADDING MODEL = dscombat:models/entity/eric_truck.obj
[28мая2026 15:36:28.600] [Render thread/INFO] [com.onewhohears.onewholibs.client.model.obj.ObjEntityModels/]: ADDING MODEL = dscombat:models/entity/ewr4000.obj
[28мая2026 15:36:28.618] [Render thread/INFO] [com.onewhohears.onewholibs.client.model.obj.ObjEntityModels/]: ADDING MODEL = smvpack:models/entity/f15e.obj
[28мая2026 15:36:28.672] [Render thread/INFO] [com.onewhohears.onewholibs.client.model.obj.ObjEntityModels/]: ADDING MODEL = smvpack:models/entity/fab500.obj
[28мая2026 15:36:28.694] [Render thread/INFO] [com.onewhohears.onewholibs.client.model.obj.ObjEntityModels/]: ADDING MODEL = smvpack:models/entity/fagot.obj
[28мая2026 15:36:28.751] [Render thread/INFO] [com.onewhohears.onewholibs.client.model.obj.ObjEntityModels/]: ADDING MODEL = smvpack:models/entity/fagot_turret.obj
[28мая2026 15:36:28.753] [Render thread/INFO] [com.onewhohears.onewholibs.client.model.obj.ObjEntityModels/]: ADDING MODEL = dscombat:models/entity/felix_plane.obj
[28мая2026 15:36:28.786] [Render thread/INFO] [com.onewhohears.onewholibs.client.model.obj.ObjEntityModels/]: ADDING MODEL = smvpack:models/entity/fmtv.obj
[28мая2026 15:36:28.838] [Render thread/INFO] [com.onewhohears.onewholibs.client.model.obj.ObjEntityModels/]: ADDING MODEL = smvpack:models/entity/gaz66.obj
[28мая2026 15:36:28.838] [Render thread/INFO] [com.onewhohears.onewholibs.client.model.obj.ObjEntityModels/]: ADDING MODEL = dscombat:models/entity/gimbal_camera.obj
[28мая2026 15:36:28.839] [Render thread/INFO] [com.onewhohears.onewholibs.client.model.obj.ObjEntityModels/]: ADDING MODEL = dscombat:models/entity/google_sub.obj
[28мая2026 15:36:28.840] [Render thread/INFO] [com.onewhohears.onewholibs.client.model.obj.ObjEntityModels/]: ADDING MODEL = dscombat:models/entity/gruetz_bunker_buster.obj
[28мая2026 15:36:28.841] [Render thread/INFO] [com.onewhohears.onewholibs.client.model.obj.ObjEntityModels/]: ADDING MODEL = dscombat:models/entity/heavy_external_fuel_tank.obj
[28мая2026 15:36:28.841] [Render thread/INFO] [com.onewhohears.onewholibs.client.model.obj.ObjEntityModels/]: ADDING MODEL = dscombat:models/entity/heavy_missile_rack.obj
[28мая2026 15:36:28.842] [Render thread/INFO] [com.onewhohears.onewholibs.client.model.obj.ObjEntityModels/]: ADDING MODEL = dscombat:models/entity/helipad.obj
[28мая2026 15:36:28.865] [Render thread/INFO] [com.onewhohears.onewholibs.client.model.obj.ObjEntityModels/]: ADDING MODEL = smvpack:models/entity/hmmwv.obj
[28мая2026 15:36:28.883] [Render thread/INFO] [com.onewhohears.onewholibs.client.model.obj.ObjEntityModels/]: ADDING MODEL = smvpack:models/entity/hmmwv_m2.obj
[28мая2026 15:36:28.899] [Render thread/INFO] [com.onewhohears.onewholibs.client.model.obj.ObjEntityModels/]: ADDING MODEL = smvpack:models/entity/hmmwv_m2_turret.obj
[28мая2026 15:36:28.904] [Render thread/INFO] [com.onewhohears.onewholibs.client.model.obj.ObjEntityModels/]: ADDING MODEL = dscombat:models/entity/james_wooden_plane.obj
[28мая2026 15:36:28.906] [Render thread/INFO] [com.onewhohears.onewholibs.client.model.obj.ObjEntityModels/]: ADDING MODEL = dscombat:models/entity/jason_plane.obj
[28мая2026 15:36:28.907] [Render thread/INFO] [com.onewhohears.onewholibs.client.model.obj.ObjEntityModels/]: ADDING MODEL = dscombat:models/entity/javi_plane.obj
[28мая2026 15:36:28.942] [Render thread/INFO] [com.onewhohears.onewholibs.client.model.obj.ObjEntityModels/]: ADDING MODEL = smvpack:models/entity/kamaz5350.obj
[28мая2026 15:36:28.956] [Render thread/INFO] [com.onewhohears.onewholibs.client.model.obj.ObjEntityModels/]: ADDING MODEL = smvpack:models/entity/kozak2.obj
[28мая2026 15:36:28.958] [Render thread/INFO] [com.onewhohears.onewholibs.client.model.obj.ObjEntityModels/]: ADDING MODEL = dscombat:models/entity/krait_chopper.obj
[28мая2026 15:36:28.993] [Render thread/INFO] [com.onewhohears.onewholibs.client.model.obj.ObjEntityModels/]: ADDING MODEL = smvpack:models/entity/leo2a5_turret.obj
[28мая2026 15:36:29.047] [Render thread/INFO] [com.onewhohears.onewholibs.client.model.obj.ObjEntityModels/]: ADDING MODEL = smvpack:models/entity/leo2a6_turret.obj
[28мая2026 15:36:29.082] [Render thread/INFO] [com.onewhohears.onewholibs.client.model.obj.ObjEntityModels/]: ADDING MODEL = smvpack:models/entity/leopard2.obj
[28мая2026 15:36:29.113] [Render thread/INFO] [com.onewhohears.onewholibs.client.model.obj.ObjEntityModels/]: ADDING MODEL = smvpack:models/entity/leopard2_turret.obj
[28мая2026 15:36:29.113] [Render thread/INFO] [com.onewhohears.onewholibs.client.model.obj.ObjEntityModels/]: ADDING MODEL = dscombat:models/entity/light_external_fuel_tank.obj
[28мая2026 15:36:29.114] [Render thread/INFO] [com.onewhohears.onewholibs.client.model.obj.ObjEntityModels/]: ADDING MODEL = dscombat:models/entity/light_missile_rack.obj
[28мая2026 15:36:29.156] [Render thread/INFO] [com.onewhohears.onewholibs.client.model.obj.ObjEntityModels/]: ADDING MODEL = smvpack:models/entity/m1097.obj
[28мая2026 15:36:29.194] [Render thread/INFO] [com.onewhohears.onewholibs.client.model.obj.ObjEntityModels/]: ADDING MODEL = smvpack:models/entity/m1097_turret.obj
[28мая2026 15:36:29.215] [Render thread/INFO] [com.onewhohears.onewholibs.client.model.obj.ObjEntityModels/]: ADDING MODEL = smvpack:models/entity/m1a1.obj
[28мая2026 15:36:29.247] [Render thread/INFO] [com.onewhohears.onewholibs.client.model.obj.ObjEntityModels/]: ADDING MODEL = smvpack:models/entity/m1a1_turret.obj
[28мая2026 15:36:29.267] [Render thread/INFO] [com.onewhohears.onewholibs.client.model.obj.ObjEntityModels/]: ADDING MODEL = smvpack:models/entity/m2.obj
[28мая2026 15:36:29.268] [Render thread/INFO] [com.onewhohears.onewholibs.client.model.obj.ObjEntityModels/]: ADDING MODEL = dscombat:models/entity/m261_rocket_launcher.obj
[28мая2026 15:36:29.283] [Render thread/INFO] [com.onewhohears.onewholibs.client.model.obj.ObjEntityModels/]: ADDING MODEL = smvpack:models/entity/m2_turret.obj
[28мая2026 15:36:29.298] [Render thread/INFO] [com.onewhohears.onewholibs.client.model.obj.ObjEntityModels/]: ADDING MODEL = smvpack:models/entity/m777.obj
[28мая2026 15:36:29.310] [Render thread/INFO] [com.onewhohears.onewholibs.client.model.obj.ObjEntityModels/]: ADDING MODEL = smvpack:models/entity/m777_turret.obj
[28мая2026 15:36:29.311] [Render thread/INFO] [com.onewhohears.onewholibs.client.model.obj.ObjEntityModels/]: ADDING MODEL = dscombat:models/entity/mark77.obj
[28мая2026 15:36:29.312] [Render thread/INFO] [com.onewhohears.onewholibs.client.model.obj.ObjEntityModels/]: ADDING MODEL = dscombat:models/entity/meteor.obj
[28мая2026 15:36:29.323] [Render thread/INFO] [com.onewhohears.onewholibs.client.model.obj.ObjEntityModels/]: ADDING MODEL = smvpack:models/entity/mgm172.obj
[28мая2026 15:36:29.332] [Render thread/INFO] [com.onewhohears.onewholibs.client.model.obj.ObjEntityModels/]: ADDING MODEL = smvpack:models/entity/mgm31.obj
[28мая2026 15:36:29.349] [Render thread/INFO] [com.onewhohears.onewholibs.client.model.obj.ObjEntityModels/]: ADDING MODEL = smvpack:models/entity/mi8.obj
[28мая2026 15:36:29.349] [Render thread/INFO] [com.onewhohears.onewholibs.client.model.obj.ObjEntityModels/]: ADDING MODEL = minigames:models/entity/minigames_flag.obj
[28мая2026 15:36:29.350] [Render thread/INFO] [com.onewhohears.onewholibs.client.model.obj.ObjEntityModels/]: ADDING MODEL = dscombat:models/entity/minigun_turret.obj
[28мая2026 15:36:29.350] [Render thread/INFO] [com.onewhohears.onewholibs.client.model.obj.ObjEntityModels/]: ADDING MODEL = dscombat:models/entity/mk13.obj
[28мая2026 15:36:29.351] [Render thread/INFO] [com.onewhohears.onewholibs.client.model.obj.ObjEntityModels/]: ADDING MODEL = dscombat:models/entity/mk82_light.obj
[28мая2026 15:36:29.352] [Render thread/INFO] [com.onewhohears.onewholibs.client.model.obj.ObjEntityModels/]: ADDING MODEL = dscombat:models/entity/mlrs.obj
[28мая2026 15:36:29.352] [Render thread/INFO] [com.onewhohears.onewholibs.client.model.obj.ObjEntityModels/]: ADDING MODEL = dscombat:models/entity/mls.obj
[28мая2026 15:36:29.353] [Render thread/INFO] [com.onewhohears.onewholibs.client.model.obj.ObjEntityModels/]: ADDING MODEL = dscombat:models/entity/mrbudger_tank.obj
[28мая2026 15:36:29.353] [Render thread/INFO] [com.onewhohears.onewholibs.client.model.obj.ObjEntityModels/]: ADDING MODEL = dscombat:models/entity/muzzle_flash.obj
[28мая2026 15:36:29.354] [Render thread/INFO] [com.onewhohears.onewholibs.client.model.obj.ObjEntityModels/]: ADDING MODEL = dscombat:models/entity/nathan_boat.obj
[28мая2026 15:36:29.355] [Render thread/INFO] [com.onewhohears.onewholibs.client.model.obj.ObjEntityModels/]: ADDING MODEL = dscombat:models/entity/naval_cannon.obj
[28мая2026 15:36:29.355] [Render thread/INFO] [com.onewhohears.onewholibs.client.model.obj.ObjEntityModels/]: ADDING MODEL = dscombat:models/entity/naval_gun.obj
[28мая2026 15:36:29.355] [Render thread/INFO] [com.onewhohears.onewholibs.client.model.obj.ObjEntityModels/]: ADDING MODEL = dscombat:models/entity/naval_gun_v2.obj
[28мая2026 15:36:29.371] [Render thread/INFO] [com.onewhohears.onewholibs.client.model.obj.ObjEntityModels/]: ADDING MODEL = smvpack:models/entity/niva_arta.obj
[28мая2026 15:36:29.374] [Render thread/INFO] [com.onewhohears.onewholibs.client.model.obj.ObjEntityModels/]: ADDING MODEL = dscombat:models/entity/noah_chopper.obj
[28мая2026 15:36:29.374] [Render thread/INFO] [com.onewhohears.onewholibs.client.model.obj.ObjEntityModels/]: ADDING MODEL = dscombat:models/entity/normal_mast.obj
[28мая2026 15:36:29.375] [Render thread/INFO] [com.onewhohears.onewholibs.client.model.obj.ObjEntityModels/]: ADDING MODEL = dscombat:models/entity/orange_tesla.obj
[28мая2026 15:36:29.375] [Render thread/INFO] [com.onewhohears.onewholibs.client.model.obj.ObjEntityModels/]: ADDING MODEL = dscombat:models/entity/pac3.obj
[28мая2026 15:36:29.397] [Render thread/INFO] [com.onewhohears.onewholibs.client.model.obj.ObjEntityModels/]: ADDING MODEL = smvpack:models/entity/pancsir.obj
[28мая2026 15:36:29.397] [Render thread/INFO] [com.onewhohears.onewholibs.client.model.obj.ObjEntityModels/]: ADDING MODEL = dscombat:models/entity/parachute.obj
[28мая2026 15:36:29.418] [Render thread/INFO] [com.onewhohears.onewholibs.client.model.obj.ObjEntityModels/]: ADDING MODEL = smvpack:models/entity/pickup.obj
[28мая2026 15:36:29.426] [Render thread/INFO] [com.onewhohears.onewholibs.client.model.obj.ObjEntityModels/]: ADDING MODEL = smvpack:models/entity/ptur_bmd.obj
[28мая2026 15:36:29.437] [Render thread/INFO] [com.onewhohears.onewholibs.client.model.obj.ObjEntityModels/]: ADDING MODEL = smvpack:models/entity/r330c.obj
[28мая2026 15:36:29.439] [Render thread/INFO] [com.onewhohears.onewholibs.client.model.obj.ObjEntityModels/]: ADDING MODEL = smvpack:models/entity/rack_none.obj
[28мая2026 15:36:29.439] [Render thread/INFO] [com.onewhohears.onewholibs.client.model.obj.ObjEntityModels/]: ADDING MODEL = dscombat:models/entity/radar1.obj
[28мая2026 15:36:29.439] [Render thread/INFO] [com.onewhohears.onewholibs.client.model.obj.ObjEntityModels/]: ADDING MODEL = dscombat:models/entity/radar2.obj
[28мая2026 15:36:29.450] [Render thread/INFO] [com.onewhohears.onewholibs.client.model.obj.ObjEntityModels/]: ADDING MODEL = smvpack:models/entity/radar_p18.obj
[28мая2026 15:36:29.456] [Render thread/INFO] [com.onewhohears.onewholibs.client.model.obj.ObjEntityModels/]: ADDING MODEL = smvpack:models/entity/rpg29.obj
[28мая2026 15:36:29.459] [Render thread/INFO] [com.onewhohears.onewholibs.client.model.obj.ObjEntityModels/]: ADDING MODEL = dscombat:models/entity/sam_launcher_v2.obj
[28мая2026 15:36:29.463] [Render thread/INFO] [com.onewhohears.onewholibs.client.model.obj.ObjEntityModels/]: ADDING MODEL = dscombat:models/entity/samlauncherv3.obj
[28мая2026 15:36:29.463] [Render thread/INFO] [com.onewhohears.onewholibs.client.model.obj.ObjEntityModels/]: ADDING MODEL = dscombat:models/entity/scud_b.obj
[28мая2026 15:36:29.475] [Render thread/INFO] [com.onewhohears.onewholibs.client.model.obj.ObjEntityModels/]: ADDING MODEL = smvpack:models/entity/shahab3.obj
[28мая2026 15:36:29.485] [Render thread/INFO] [com.onewhohears.onewholibs.client.model.obj.ObjEntityModels/]: ADDING MODEL = smvpack:models/entity/shahed136.obj
[28мая2026 15:36:29.485] [Render thread/INFO] [com.onewhohears.onewholibs.client.model.obj.ObjEntityModels/]: ADDING MODEL = onewholibs:models/entity/simple_test.obj
[28мая2026 15:36:29.485] [Render thread/INFO] [com.onewhohears.onewholibs.client.model.obj.ObjEntityModels/]: ADDING MODEL = dscombat:models/entity/small_roller.obj
[28мая2026 15:36:29.486] [Render thread/INFO] [com.onewhohears.onewholibs.client.model.obj.ObjEntityModels/]: ADDING MODEL = dscombat:models/entity/steve_up_smash.obj
[28мая2026 15:36:29.486] [Render thread/INFO] [com.onewhohears.onewholibs.client.model.obj.ObjEntityModels/]: ADDING MODEL = dscombat:models/entity/stick_radar.obj
[28мая2026 15:36:29.498] [Render thread/INFO] [com.onewhohears.onewholibs.client.model.obj.ObjEntityModels/]: ADDING MODEL = smvpack:models/entity/su25.obj
[28мая2026 15:36:29.512] [Render thread/INFO] [com.onewhohears.onewholibs.client.model.obj.ObjEntityModels/]: ADDING MODEL = smvpack:models/entity/su34.obj
[28мая2026 15:36:29.513] [Render thread/INFO] [com.onewhohears.onewholibs.client.model.obj.ObjEntityModels/]: ADDING MODEL = dscombat:models/entity/submarine_mast.obj
[28мая2026 15:36:29.532] [Render thread/INFO] [com.onewhohears.onewholibs.client.model.obj.ObjEntityModels/]: ADDING MODEL = smvpack:models/entity/t15.obj
[28мая2026 15:36:29.536] [Render thread/INFO] [com.onewhohears.onewholibs.client.model.obj.ObjEntityModels/]: ADDING MODEL = smvpack:models/entity/t15_turret.obj
[28мая2026 15:36:29.551] [Render thread/INFO] [com.onewhohears.onewholibs.client.model.obj.ObjEntityModels/]: ADDING MODEL = smvpack:models/entity/t64.obj
[28мая2026 15:36:29.607] [Render thread/INFO] [com.onewhohears.onewholibs.client.model.obj.ObjEntityModels/]: ADDING MODEL = smvpack:models/entity/t64_turret.obj
[28мая2026 15:36:29.621] [Render thread/INFO] [com.onewhohears.onewholibs.client.model.obj.ObjEntityModels/]: ADDING MODEL = smvpack:models/entity/t64bv_turret.obj
[28мая2026 15:36:29.648] [Render thread/INFO] [com.onewhohears.onewholibs.client.model.obj.ObjEntityModels/]: ADDING MODEL = smvpack:models/entity/t72.obj
[28мая2026 15:36:29.651] [Render thread/INFO] [com.onewhohears.onewholibs.client.model.obj.ObjEntityModels/]: ADDING MODEL = dscombat:models/entity/t72hull.obj
[28мая2026 15:36:29.670] [Render thread/INFO] [com.onewhohears.onewholibs.client.model.obj.ObjEntityModels/]: ADDING MODEL = smvpack:models/entity/t90m.obj
[28мая2026 15:36:29.685] [Render thread/INFO] [com.onewhohears.onewholibs.client.model.obj.ObjEntityModels/]: ADDING MODEL = smvpack:models/entity/t90m_turret.obj
[28мая2026 15:36:29.685] [Render thread/INFO] [com.onewhohears.onewholibs.client.model.obj.ObjEntityModels/]: ADDING MODEL = dscombat:models/entity/thick_mast.obj
[28мая2026 15:36:29.685] [Render thread/INFO] [com.onewhohears.onewholibs.client.model.obj.ObjEntityModels/]: ADDING MODEL = dscombat:models/entity/thin_mast.obj
[28мая2026 15:36:29.707] [Render thread/INFO] [com.onewhohears.onewholibs.client.model.obj.ObjEntityModels/]: ADDING MODEL = smvpack:models/entity/tigrm.obj
[28мая2026 15:36:29.720] [Render thread/INFO] [com.onewhohears.onewholibs.client.model.obj.ObjEntityModels/]: ADDING MODEL = smvpack:models/entity/tornadou.obj
[28мая2026 15:36:29.721] [Render thread/INFO] [com.onewhohears.onewholibs.client.model.obj.ObjEntityModels/]: ADDING MODEL = dscombat:models/entity/torpedo_tubes.obj
[28мая2026 15:36:29.730] [Render thread/INFO] [com.onewhohears.onewholibs.client.model.obj.ObjEntityModels/]: ADDING MODEL = smvpack:models/entity/tow.obj
[28мая2026 15:36:29.737] [Render thread/INFO] [com.onewhohears.onewholibs.client.model.obj.ObjEntityModels/]: ADDING MODEL = smvpack:models/entity/tow_turret.obj
[28мая2026 15:36:29.738] [Render thread/INFO] [com.onewhohears.onewholibs.client.model.obj.ObjEntityModels/]: ADDING MODEL = dscombat:models/entity/traccer.obj
[28мая2026 15:36:29.738] [Render thread/INFO] [com.onewhohears.onewholibs.client.model.obj.ObjEntityModels/]: ADDING MODEL = dscombat:models/entity/turbofan_f145.obj
[28мая2026 15:36:29.755] [Render thread/INFO] [com.onewhohears.onewholibs.client.model.obj.ObjEntityModels/]: ADDING MODEL = smvpack:models/entity/turret_bmd1.obj
[28мая2026 15:36:29.775] [Render thread/INFO] [com.onewhohears.onewholibs.client.model.obj.ObjEntityModels/]: ADDING MODEL = smvpack:models/entity/turret_bmd2.obj
[28мая2026 15:36:29.785] [Render thread/INFO] [com.onewhohears.onewholibs.client.model.obj.ObjEntityModels/]: ADDING MODEL = smvpack:models/entity/turret_btr80.mtl.obj
[28мая2026 15:36:29.798] [Render thread/INFO] [com.onewhohears.onewholibs.client.model.obj.ObjEntityModels/]: ADDING MODEL = smvpack:models/entity/turret_btr80.obj
[28мая2026 15:36:29.812] [Render thread/INFO] [com.onewhohears.onewholibs.client.model.obj.ObjEntityModels/]: ADDING MODEL = smvpack:models/entity/turret_btr80a.obj
[28мая2026 15:36:29.817] [Render thread/INFO] [com.onewhohears.onewholibs.client.model.obj.ObjEntityModels/]: ADDING MODEL = smvpack:models/entity/turret_pancsir.obj
[28мая2026 15:36:29.818] [Render thread/INFO] [com.onewhohears.onewholibs.client.model.obj.ObjEntityModels/]: ADDING MODEL = dscombat:models/entity/turret_platform.obj
[28мая2026 15:36:29.819] [Render thread/INFO] [com.onewhohears.onewholibs.client.model.obj.ObjEntityModels/]: ADDING MODEL = dscombat:models/entity/type91.obj
[28мая2026 15:36:29.831] [Render thread/INFO] [com.onewhohears.onewholibs.client.model.obj.ObjEntityModels/]: ADDING MODEL = smvpack:models/entity/uaz.obj
[28мая2026 15:36:29.855] [Render thread/INFO] [com.onewhohears.onewholibs.client.model.obj.ObjEntityModels/]: ADDING MODEL = smvpack:models/entity/ural4320.obj
[28мая2026 15:36:29.869] [Render thread/INFO] [com.onewhohears.onewholibs.client.model.obj.ObjEntityModels/]: ADDING MODEL = smvpack:models/entity/ural_rls.obj
[28мая2026 15:36:29.887] [Render thread/INFO] [com.onewhohears.onewholibs.client.model.obj.ObjEntityModels/]: ADDING MODEL = smvpack:models/entity/van.obj
[28мая2026 15:36:29.908] [Render thread/INFO] [com.onewhohears.onewholibs.client.model.obj.ObjEntityModels/]: ADDING MODEL = smvpack:models/entity/ver_a_turret72.obj
[28мая2026 15:36:29.926] [Render thread/INFO] [com.onewhohears.onewholibs.client.model.obj.ObjEntityModels/]: ADDING MODEL = smvpack:models/entity/ver_b32016_turret72.obj
[28мая2026 15:36:29.941] [Render thread/INFO] [com.onewhohears.onewholibs.client.model.obj.ObjEntityModels/]: ADDING MODEL = smvpack:models/entity/ver_b3_turret72.obj
[28мая2026 15:36:29.953] [Render thread/INFO] [com.onewhohears.onewholibs.client.model.obj.ObjEntityModels/]: ADDING MODEL = smvpack:models/entity/ver_b_turret72.obj
[28мая2026 15:36:29.954] [Render thread/INFO] [com.onewhohears.onewholibs.client.model.obj.ObjEntityModels/]: ADDING MODEL = dscombat:models/entity/vls.obj
[28мая2026 15:36:29.957] [Render thread/INFO] [com.onewhohears.onewholibs.client.model.obj.ObjEntityModels/]: ADDING MODEL = dscombat:models/entity/werewolf.obj
[28мая2026 15:36:29.961] [Render thread/INFO] [com.onewhohears.onewholibs.client.model.obj.ObjEntityModels/]: ADDING MODEL = dscombat:models/entity/willy_jeep.obj
[28мая2026 15:36:29.961] [Render thread/INFO] [com.onewhohears.onewholibs.client.model.obj.ObjEntityModels/]: ADDING MODEL = dscombat:models/entity/wooden_plane.obj
[28мая2026 15:36:29.971] [Render thread/INFO] [com.onewhohears.onewholibs.client.model.obj.ObjEntityModels/]: ADDING MODEL = smvpack:models/entity/x58.obj
[28мая2026 15:36:29.971] [Render thread/INFO] [com.onewhohears.onewholibs.client.model.obj.ObjEntityModels/]: ADDING MODEL = dscombat:models/entity/xm12.obj
[28мая2026 15:36:29.976] [Render thread/INFO] [com.onewhohears.onewholibs.client.model.obj.ObjEntityModels/]: ADDING MODEL = smvpack:models/entity/zu23.obj
[28мая2026 15:36:30.000] [Render thread/INFO] [com.onewhohears.onewholibs.client.model.obj.ObjEntityModels/]: ADDING MODEL = smvpack:models/entity/zu23_turret.obj
[28мая2026 15:36:30.001] [Render thread/INFO] [com.onewhohears.onewholibs.client.model.obj.customanims.keyframe.bbanims.BlockBenchAnims/]: RELOAD ASSETS: bb_animations
[28мая2026 15:36:30.005] [Render thread/INFO] [com.onewhohears.onewholibs.data.jsonpreset.JsonPresetAssetReader/]: RELOAD ASSETS: animation_data
[28мая2026 15:36:30.006] [Render thread/INFO] [com.onewhohears.onewholibs.data.jsonpreset.JsonPresetAssetReader/]: ADD: dscombat:animation_data/artillery_cannon_shoot.json
[28мая2026 15:36:30.006] [Render thread/INFO] [com.onewhohears.onewholibs.data.jsonpreset.JsonPresetAssetReader/]: ADD: dscombat:animation_data/autoloader_turret_shoot.json
[28мая2026 15:36:30.006] [Render thread/INFO] [com.onewhohears.onewholibs.data.jsonpreset.JsonPresetAssetReader/]: ADD: dscombat:animation_data/ciws_shooting.json
[28мая2026 15:36:30.006] [Render thread/INFO] [com.onewhohears.onewholibs.data.jsonpreset.JsonPresetAssetReader/]: ADD: onewholibs:animation_data/ciws_shooting.json
[28мая2026 15:36:30.006] [Render thread/INFO] [com.onewhohears.onewholibs.data.jsonpreset.JsonPresetAssetReader/]: ADD: dscombat:animation_data/ciws_shooting_end.json
[28мая2026 15:36:30.006] [Render thread/INFO] [com.onewhohears.onewholibs.data.jsonpreset.JsonPresetAssetReader/]: ADD: onewholibs:animation_data/ciws_shooting_end.json
[28мая2026 15:36:30.006] [Render thread/INFO] [com.onewhohears.onewholibs.data.jsonpreset.JsonPresetAssetReader/]: ADD: dscombat:animation_data/ciws_test.json
[28мая2026 15:36:30.006] [Render thread/INFO] [com.onewhohears.onewholibs.data.jsonpreset.JsonPresetAssetReader/]: ADD: onewholibs:animation_data/turret_test_anim.json
[28мая2026 15:36:30.007] [Render thread/INFO] [com.onewhohears.onewholibs.data.jsonpreset.JsonPresetAssetReader/]: MERGING COPIES WITH PARENT PRESETS KFAnimPlayers
[28мая2026 15:36:30.007] [Render thread/INFO] [com.onewhohears.onewholibs.data.jsonpreset.JsonPresetAssetReader/]: RELOAD ASSETS: vehicle_client
[28мая2026 15:36:30.008] [Render thread/INFO] [com.onewhohears.onewholibs.data.jsonpreset.JsonPresetAssetReader/]: ADD: smvpack:vehicle_client/2b14.json
[28мая2026 15:36:30.009] [Render thread/INFO] [com.onewhohears.onewholibs.data.jsonpreset.JsonPresetAssetReader/]: ADD: smvpack:vehicle_client/a10.json
[28мая2026 15:36:30.022] [Render thread/INFO] [com.onewhohears.onewholibs.data.jsonpreset.JsonPresetAssetReader/]: ADD: dscombat:vehicle_client/aircraft_carrier.json
[28мая2026 15:36:30.022] [Render thread/INFO] [com.onewhohears.onewholibs.data.jsonpreset.JsonPresetAssetReader/]: ADD: dscombat:vehicle_client/alexis_plane.json
[28мая2026 15:36:30.022] [Render thread/INFO] [com.onewhohears.onewholibs.data.jsonpreset.JsonPresetAssetReader/]: ADD: smvpack:vehicle_client/amx10.json
[28мая2026 15:36:30.030] [Render thread/INFO] [com.onewhohears.onewholibs.data.jsonpreset.JsonPresetAssetReader/]: ADD: dscombat:vehicle_client/andolf_sub.json
[28мая2026 15:36:30.030] [Render thread/INFO] [com.onewhohears.onewholibs.data.jsonpreset.JsonPresetAssetReader/]: ADD: smvpack:vehicle_client/antps80.json
[28мая2026 15:36:30.035] [Render thread/INFO] [com.onewhohears.onewholibs.data.jsonpreset.JsonPresetAssetReader/]: ADD: smvpack:vehicle_client/asrad.json
[28мая2026 15:36:30.042] [Render thread/INFO] [com.onewhohears.onewholibs.data.jsonpreset.JsonPresetAssetReader/]: ADD: dscombat:vehicle_client/axcel_truck.json
[28мая2026 15:36:30.042] [Render thread/INFO] [com.onewhohears.onewholibs.data.jsonpreset.JsonPresetAssetReader/]: ADD: smvpack:vehicle_client/bmd2_tank.json
[28мая2026 15:36:30.051] [Render thread/INFO] [com.onewhohears.onewholibs.data.jsonpreset.JsonPresetAssetReader/]: ADD: smvpack:vehicle_client/bmp1.json
[28мая2026 15:36:30.062] [Render thread/INFO] [com.onewhohears.onewholibs.data.jsonpreset.JsonPresetAssetReader/]: ADD: smvpack:vehicle_client/bmp2.json
[28мая2026 15:36:30.067] [Render thread/INFO] [com.onewhohears.onewholibs.data.jsonpreset.JsonPresetAssetReader/]: ADD: dscombat:vehicle_client/bronco_plane.json
[28мая2026 15:36:30.067] [Render thread/INFO] [com.onewhohears.onewholibs.data.jsonpreset.JsonPresetAssetReader/]: ADD: smvpack:vehicle_client/btr4e.json
[28мая2026 15:36:30.078] [Render thread/INFO] [com.onewhohears.onewholibs.data.jsonpreset.JsonPresetAssetReader/]: ADD: smvpack:vehicle_client/btr80.json
[28мая2026 15:36:30.086] [Render thread/INFO] [com.onewhohears.onewholibs.data.jsonpreset.JsonPresetAssetReader/]: ADD: dscombat:vehicle_client/corvette.json
[28мая2026 15:36:30.087] [Render thread/INFO] [com.onewhohears.onewholibs.data.jsonpreset.JsonPresetAssetReader/]: ADD: smvpack:vehicle_client/cv9040c.json
[28мая2026 15:36:30.097] [Render thread/INFO] [com.onewhohears.onewholibs.data.jsonpreset.JsonPresetAssetReader/]: ADD: smvpack:vehicle_client/d30.json
[28мая2026 15:36:30.097] [Render thread/INFO] [com.onewhohears.onewholibs.data.jsonpreset.JsonPresetAssetReader/]: ADD: dscombat:vehicle_client/e3sentry_plane.json
[28мая2026 15:36:30.097] [Render thread/INFO] [com.onewhohears.onewholibs.data.jsonpreset.JsonPresetAssetReader/]: ADD: dscombat:vehicle_client/eden_plane.json
[28мая2026 15:36:30.097] [Render thread/INFO] [com.onewhohears.onewholibs.data.jsonpreset.JsonPresetAssetReader/]: ADD: dscombat:vehicle_client/eric_truck.json
[28мая2026 15:36:30.098] [Render thread/INFO] [com.onewhohears.onewholibs.data.jsonpreset.JsonPresetAssetReader/]: ADD: dscombat:vehicle_client/ewr4000.json
[28мая2026 15:36:30.098] [Render thread/INFO] [com.onewhohears.onewholibs.data.jsonpreset.JsonPresetAssetReader/]: ADD: smvpack:vehicle_client/f15e.json
[28мая2026 15:36:30.108] [Render thread/INFO] [com.onewhohears.onewholibs.data.jsonpreset.JsonPresetAssetReader/]: ADD: smvpack:vehicle_client/fagot.json
[28мая2026 15:36:30.108] [Render thread/INFO] [com.onewhohears.onewholibs.data.jsonpreset.JsonPresetAssetReader/]: ADD: dscombat:vehicle_client/felix_plane.json
[28мая2026 15:36:30.108] [Render thread/INFO] [com.onewhohears.onewholibs.data.jsonpreset.JsonPresetAssetReader/]: ADD: smvpack:vehicle_client/fmtv.json
[28мая2026 15:36:30.111] [Render thread/INFO] [com.onewhohears.onewholibs.data.jsonpreset.JsonPresetAssetReader/]: ADD: smvpack:vehicle_client/gaz66.json
[28мая2026 15:36:30.122] [Render thread/INFO] [com.onewhohears.onewholibs.data.jsonpreset.JsonPresetAssetReader/]: ADD: dscombat:vehicle_client/google_sub.json
[28мая2026 15:36:30.122] [Render thread/INFO] [com.onewhohears.onewholibs.data.jsonpreset.JsonPresetAssetReader/]: ADD: dscombat:vehicle_client/gronk_battleship.json
[28мая2026 15:36:30.122] [Render thread/INFO] [com.onewhohears.onewholibs.data.jsonpreset.JsonPresetAssetReader/]: ADD: smvpack:vehicle_client/hmmwv.json
[28мая2026 15:36:30.133] [Render thread/INFO] [com.onewhohears.onewholibs.data.jsonpreset.JsonPresetAssetReader/]: ADD: smvpack:vehicle_client/hmmwv_m2.json
[28мая2026 15:36:30.143] [Render thread/INFO] [com.onewhohears.onewholibs.data.jsonpreset.JsonPresetAssetReader/]: ADD: dscombat:vehicle_client/james_wooden_plane.json
[28мая2026 15:36:30.143] [Render thread/INFO] [com.onewhohears.onewholibs.data.jsonpreset.JsonPresetAssetReader/]: ADD: dscombat:vehicle_client/jason_plane.json
[28мая2026 15:36:30.143] [Render thread/INFO] [com.onewhohears.onewholibs.data.jsonpreset.JsonPresetAssetReader/]: ADD: dscombat:vehicle_client/javi_plane.json
[28мая2026 15:36:30.143] [Render thread/INFO] [com.onewhohears.onewholibs.data.jsonpreset.JsonPresetAssetReader/]: ADD: smvpack:vehicle_client/kamaz5350.json
[28мая2026 15:36:30.147] [Render thread/INFO] [com.onewhohears.onewholibs.data.jsonpreset.JsonPresetAssetReader/]: ADD: smvpack:vehicle_client/kozak2.json
[28мая2026 15:36:30.155] [Render thread/INFO] [com.onewhohears.onewholibs.data.jsonpreset.JsonPresetAssetReader/]: ADD: dscombat:vehicle_client/krait_chopper.json
[28мая2026 15:36:30.156] [Render thread/INFO] [com.onewhohears.onewholibs.data.jsonpreset.JsonPresetAssetReader/]: ADD: smvpack:vehicle_client/leopard2.json
[28мая2026 15:36:30.170] [Render thread/INFO] [com.onewhohears.onewholibs.data.jsonpreset.JsonPresetAssetReader/]: ADD: smvpack:vehicle_client/m1097.json
[28мая2026 15:36:30.182] [Render thread/INFO] [com.onewhohears.onewholibs.data.jsonpreset.JsonPresetAssetReader/]: ADD: smvpack:vehicle_client/m1a1.json
[28мая2026 15:36:30.197] [Render thread/INFO] [com.onewhohears.onewholibs.data.jsonpreset.JsonPresetAssetReader/]: ADD: smvpack:vehicle_client/m2.json
[28мая2026 15:36:30.198] [Render thread/INFO] [com.onewhohears.onewholibs.data.jsonpreset.JsonPresetAssetReader/]: ADD: smvpack:vehicle_client/m777.json
[28мая2026 15:36:30.198] [Render thread/INFO] [com.onewhohears.onewholibs.data.jsonpreset.JsonPresetAssetReader/]: ADD: smvpack:vehicle_client/mi8.json
[28мая2026 15:36:30.206] [Render thread/INFO] [com.onewhohears.onewholibs.data.jsonpreset.JsonPresetAssetReader/]: ADD: dscombat:vehicle_client/mrbudger_tank.json
[28мая2026 15:36:30.206] [Render thread/INFO] [com.onewhohears.onewholibs.data.jsonpreset.JsonPresetAssetReader/]: ADD: dscombat:vehicle_client/nathan_boat.json
[28мая2026 15:36:30.206] [Render thread/INFO] [com.onewhohears.onewholibs.data.jsonpreset.JsonPresetAssetReader/]: ADD: smvpack:vehicle_client/niva_arta.json
[28мая2026 15:36:30.213] [Render thread/INFO] [com.onewhohears.onewholibs.data.jsonpreset.JsonPresetAssetReader/]: ADD: dscombat:vehicle_client/noah_chopper.json
[28мая2026 15:36:30.213] [Render thread/INFO] [com.onewhohears.onewholibs.data.jsonpreset.JsonPresetAssetReader/]: ADD: dscombat:vehicle_client/orange_tesla.json
[28мая2026 15:36:30.213] [Render thread/INFO] [com.onewhohears.onewholibs.data.jsonpreset.JsonPresetAssetReader/]: ADD: smvpack:vehicle_client/pancsir.json
[28мая2026 15:36:30.214] [Render thread/INFO] [com.onewhohears.onewholibs.data.jsonpreset.JsonPresetAssetReader/]: ADD: smvpack:vehicle_client/pickup.json
[28мая2026 15:36:30.254] [Render thread/INFO] [com.onewhohears.onewholibs.data.jsonpreset.JsonPresetAssetReader/]: ADD: smvpack:vehicle_client/r330c.json
[28мая2026 15:36:30.259] [Render thread/INFO] [com.onewhohears.onewholibs.data.jsonpreset.JsonPresetAssetReader/]: ADD: dscombat:vehicle_client/small_roller.json
[28мая2026 15:36:30.260] [Render thread/INFO] [com.onewhohears.onewholibs.data.jsonpreset.JsonPresetAssetReader/]: ADD: smvpack:vehicle_client/su25.json
[28мая2026 15:36:30.266] [Render thread/INFO] [com.onewhohears.onewholibs.data.jsonpreset.JsonPresetAssetReader/]: ADD: smvpack:vehicle_client/su34.json
[28мая2026 15:36:30.292] [Render thread/INFO] [com.onewhohears.onewholibs.data.jsonpreset.JsonPresetAssetReader/]: ADD: smvpack:vehicle_client/t15.json
[28мая2026 15:36:30.306] [Render thread/INFO] [com.onewhohears.onewholibs.data.jsonpreset.JsonPresetAssetReader/]: ADD: smvpack:vehicle_client/t64.json
[28мая2026 15:36:30.314] [Render thread/INFO] [com.onewhohears.onewholibs.data.jsonpreset.JsonPresetAssetReader/]: ADD: smvpack:vehicle_client/t72.json
[28мая2026 15:36:30.320] [Render thread/INFO] [com.onewhohears.onewholibs.data.jsonpreset.JsonPresetAssetReader/]: ADD: smvpack:vehicle_client/t90m.json
[28мая2026 15:36:30.323] [Render thread/INFO] [com.onewhohears.onewholibs.data.jsonpreset.JsonPresetAssetReader/]: ADD: smvpack:vehicle_client/tigrm.json
[28мая2026 15:36:30.334] [Render thread/INFO] [com.onewhohears.onewholibs.data.jsonpreset.JsonPresetAssetReader/]: ADD: smvpack:vehicle_client/tornadou.json
[28мая2026 15:36:30.338] [Render thread/INFO] [com.onewhohears.onewholibs.data.jsonpreset.JsonPresetAssetReader/]: ADD: smvpack:vehicle_client/tow.json
[28мая2026 15:36:30.339] [Render thread/INFO] [com.onewhohears.onewholibs.data.jsonpreset.JsonPresetAssetReader/]: ADD: smvpack:vehicle_client/uaz.json
[28мая2026 15:36:30.349] [Render thread/INFO] [com.onewhohears.onewholibs.data.jsonpreset.JsonPresetAssetReader/]: ADD: smvpack:vehicle_client/ural4320.json
[28мая2026 15:36:30.360] [Render thread/INFO] [com.onewhohears.onewholibs.data.jsonpreset.JsonPresetAssetReader/]: ADD: smvpack:vehicle_client/ural_rls.json
[28мая2026 15:36:30.369] [Render thread/INFO] [com.onewhohears.onewholibs.data.jsonpreset.JsonPresetAssetReader/]: ADD: smvpack:vehicle_client/van.json
[28мая2026 15:36:30.372] [Render thread/INFO] [com.onewhohears.onewholibs.data.jsonpreset.JsonPresetAssetReader/]: ADD: dscombat:vehicle_client/willy_jeep.json
[28мая2026 15:36:30.373] [Render thread/INFO] [com.onewhohears.onewholibs.data.jsonpreset.JsonPresetAssetReader/]: ADD: dscombat:vehicle_client/wooden_plane.json
[28мая2026 15:36:30.373] [Render thread/INFO] [com.onewhohears.onewholibs.data.jsonpreset.JsonPresetAssetReader/]: ADD: smvpack:vehicle_client/zu23.json
[28мая2026 15:36:30.373] [Render thread/INFO] [com.onewhohears.onewholibs.data.jsonpreset.JsonPresetAssetReader/]: MERGING COPIES WITH PARENT PRESETS VehicleClientPresets
[28мая2026 15:36:30.373] [Render thread/INFO] [com.onewhohears.onewholibs.data.jsonpreset.JsonPresetAssetReader/]: RELOAD ASSETS: part_client
[28мая2026 15:36:30.392] [Render thread/INFO] [com.onewhohears.onewholibs.data.jsonpreset.JsonPresetAssetReader/]: ADD: smvpack:part_client/2b14_turret.json
[28мая2026 15:36:30.393] [Render thread/INFO] [com.onewhohears.onewholibs.data.jsonpreset.JsonPresetAssetReader/]: ADD: dscombat:part_client/aa_turret.json
[28мая2026 15:36:30.393] [Render thread/INFO] [com.onewhohears.onewholibs.data.jsonpreset.JsonPresetAssetReader/]: ADD: dscombat:part_client/adl.json
[28мая2026 15:36:30.393] [Render thread/INFO] [com.onewhohears.onewholibs.data.jsonpreset.JsonPresetAssetReader/]: ADD: dscombat:part_client/air_scan_a.json
[28мая2026 15:36:30.393] [Render thread/INFO] [com.onewhohears.onewholibs.data.jsonpreset.JsonPresetAssetReader/]: ADD: dscombat:part_client/air_scan_b.json
[28мая2026 15:36:30.393] [Render thread/INFO] [com.onewhohears.onewholibs.data.jsonpreset.JsonPresetAssetReader/]: ADD: dscombat:part_client/allison_v_1710.json
[28мая2026 15:36:30.393] [Render thread/INFO] [com.onewhohears.onewholibs.data.jsonpreset.JsonPresetAssetReader/]: ADD: smvpack:part_client/amx10_turret.json
[28мая2026 15:36:30.406] [Render thread/INFO] [com.onewhohears.onewholibs.data.jsonpreset.JsonPresetAssetReader/]: ADD: dscombat:part_client/artillery_cannon.json
[28мая2026 15:36:30.406] [Render thread/INFO] [com.onewhohears.onewholibs.data.jsonpreset.JsonPresetAssetReader/]: ADD: smvpack:part_client/asrad_turret.json
[28мая2026 15:36:30.415] [Render thread/INFO] [com.onewhohears.onewholibs.data.jsonpreset.JsonPresetAssetReader/]: ADD: smvpack:part_client/bmp1_turret.json
[28мая2026 15:36:30.431] [Render thread/INFO] [com.onewhohears.onewholibs.data.jsonpreset.JsonPresetAssetReader/]: ADD: smvpack:part_client/bmp1am_turret.json
[28мая2026 15:36:30.439] [Render thread/INFO] [com.onewhohears.onewholibs.data.jsonpreset.JsonPresetAssetReader/]: ADD: smvpack:part_client/bmp2_turret.json
[28мая2026 15:36:30.448] [Render thread/INFO] [com.onewhohears.onewholibs.data.jsonpreset.JsonPresetAssetReader/]: ADD: smvpack:part_client/bmp2m_turret.json
[28мая2026 15:36:30.458] [Render thread/INFO] [com.onewhohears.onewholibs.data.jsonpreset.JsonPresetAssetReader/]: ADD: dscombat:part_client/bomb_rack.json
[28мая2026 15:36:30.458] [Render thread/INFO] [com.onewhohears.onewholibs.data.jsonpreset.JsonPresetAssetReader/]: ADD: smvpack:part_client/bort_t72.json
[28мая2026 15:36:30.459] [Render thread/WARN] [com.onewhohears.onewholibs.data.jsonpreset.JsonPresetAssetReader/]: ERROR: Preset Type buff has not been registered!
[28мая2026 15:36:30.459] [Render thread/ERROR] [com.onewhohears.onewholibs.data.jsonpreset.JsonPresetAssetReader/]: ERROR: failed to parse preset smvpack:part_client/bort_t72.json
[28мая2026 15:36:30.459] [Render thread/INFO] [com.onewhohears.onewholibs.data.jsonpreset.JsonPresetAssetReader/]: ADD: smvpack:part_client/bort_t72b3.json
[28мая2026 15:36:30.459] [Render thread/WARN] [com.onewhohears.onewholibs.data.jsonpreset.JsonPresetAssetReader/]: ERROR: Preset Type buff has not been registered!
[28мая2026 15:36:30.459] [Render thread/ERROR] [com.onewhohears.onewholibs.data.jsonpreset.JsonPresetAssetReader/]: ERROR: failed to parse preset smvpack:part_client/bort_t72b3.json
[28мая2026 15:36:30.459] [Render thread/INFO] [com.onewhohears.onewholibs.data.jsonpreset.JsonPresetAssetReader/]: ADD: smvpack:part_client/bort_t72b32016.json
[28мая2026 15:36:30.459] [Render thread/WARN] [com.onewhohears.onewholibs.data.jsonpreset.JsonPresetAssetReader/]: ERROR: Preset Type buff has not been registered!
[28мая2026 15:36:30.460] [Render thread/ERROR] [com.onewhohears.onewholibs.data.jsonpreset.JsonPresetAssetReader/]: ERROR: failed to parse preset smvpack:part_client/bort_t72b32016.json
[28мая2026 15:36:30.460] [Render thread/INFO] [com.onewhohears.onewholibs.data.jsonpreset.JsonPresetAssetReader/]: ADD: smvpack:part_client/btr4e_turret.json
[28мая2026 15:36:30.469] [Render thread/INFO] [com.onewhohears.onewholibs.data.jsonpreset.JsonPresetAssetReader/]: ADD: dscombat:part_client/cfm56.json
[28мая2026 15:36:30.469] [Render thread/INFO] [com.onewhohears.onewholibs.data.jsonpreset.JsonPresetAssetReader/]: ADD: dscombat:part_client/chain_hook.json
[28мая2026 15:36:30.469] [Render thread/INFO] [com.onewhohears.onewholibs.data.jsonpreset.JsonPresetAssetReader/]: ADD: smvpack:part_client/chest.json
[28мая2026 15:36:30.470] [Render thread/WARN] [com.onewhohears.onewholibs.data.jsonpreset.JsonPresetAssetReader/]: ERROR: Preset Type internal_storage has not been registered!
[28мая2026 15:36:30.470] [Render thread/ERROR] [com.onewhohears.onewholibs.data.jsonpreset.JsonPresetAssetReader/]: ERROR: failed to parse preset smvpack:part_client/chest.json
[28мая2026 15:36:30.470] [Render thread/INFO] [com.onewhohears.onewholibs.data.jsonpreset.JsonPresetAssetReader/]: ADD: dscombat:part_client/ciws.json
[28мая2026 15:36:30.470] [Render thread/INFO] [com.onewhohears.onewholibs.data.jsonpreset.JsonPresetAssetReader/]: ADD: smvpack:part_client/cv9040c_turret.json
[28мая2026 15:36:30.471] [Render thread/INFO] [com.onewhohears.onewholibs.data.jsonpreset.JsonPresetAssetReader/]: ADD: smvpack:part_client/d30_turret.json
[28мая2026 15:36:30.477] [Render thread/INFO] [com.onewhohears.onewholibs.data.jsonpreset.JsonPresetAssetReader/]: ADD: smvpack:part_client/detal.json
[28мая2026 15:36:30.478] [Render thread/WARN] [com.onewhohears.onewholibs.data.jsonpreset.JsonPresetAssetReader/]: ERROR: Preset Type buff has not been registered!
[28мая2026 15:36:30.478] [Render thread/ERROR] [com.onewhohears.onewholibs.data.jsonpreset.JsonPresetAssetReader/]: ERROR: failed to parse preset smvpack:part_client/detal.json
[28мая2026 15:36:30.478] [Render thread/INFO] [com.onewhohears.onewholibs.data.jsonpreset.JsonPresetAssetReader/]: ADD: smvpack:part_client/fagot_turret.json
[28мая2026 15:36:30.478] [Render thread/INFO] [com.onewhohears.onewholibs.data.jsonpreset.JsonPresetAssetReader/]: ADD: dscombat:part_client/heavy_missile_rack.json
[28мая2026 15:36:30.479] [Render thread/INFO] [com.onewhohears.onewholibs.data.jsonpreset.JsonPresetAssetReader/]: ADD: dscombat:part_client/heavy_tank_turret.json
[28мая2026 15:36:30.479] [Render thread/INFO] [com.onewhohears.onewholibs.data.jsonpreset.JsonPresetAssetReader/]: ADD: smvpack:part_client/hmmwv_m2_turret.json
[28мая2026 15:36:30.483] [Render thread/INFO] [com.onewhohears.onewholibs.data.jsonpreset.JsonPresetAssetReader/]: ADD: smvpack:part_client/leo2a5_turret.json
[28мая2026 15:36:30.490] [Render thread/INFO] [com.onewhohears.onewholibs.data.jsonpreset.JsonPresetAssetReader/]: ADD: smvpack:part_client/leo2a6_turret.json
[28мая2026 15:36:30.495] [Render thread/INFO] [com.onewhohears.onewholibs.data.jsonpreset.JsonPresetAssetReader/]: ADD: smvpack:part_client/leopard2_turret.json
[28мая2026 15:36:30.501] [Render thread/INFO] [com.onewhohears.onewholibs.data.jsonpreset.JsonPresetAssetReader/]: ADD: dscombat:part_client/light_missile_rack.json
[28мая2026 15:36:30.502] [Render thread/INFO] [com.onewhohears.onewholibs.data.jsonpreset.JsonPresetAssetReader/]: ADD: smvpack:part_client/m1097_turret.json
[28мая2026 15:36:30.510] [Render thread/INFO] [com.onewhohears.onewholibs.data.jsonpreset.JsonPresetAssetReader/]: ADD: smvpack:part_client/m1a1_turret.json
[28мая2026 15:36:30.517] [Render thread/INFO] [com.onewhohears.onewholibs.data.jsonpreset.JsonPresetAssetReader/]: ADD: smvpack:part_client/m2_turret.json
[28мая2026 15:36:30.518] [Render thread/INFO] [com.onewhohears.onewholibs.data.jsonpreset.JsonPresetAssetReader/]: ADD: smvpack:part_client/m777_turret.json
[28мая2026 15:36:30.525] [Render thread/INFO] [com.onewhohears.onewholibs.data.jsonpreset.JsonPresetAssetReader/]: ADD: dscombat:part_client/mark45_cannon.json
[28мая2026 15:36:30.525] [Render thread/INFO] [com.onewhohears.onewholibs.data.jsonpreset.JsonPresetAssetReader/]: ADD: dscombat:part_client/mark7_cannon.json
[28мая2026 15:36:30.525] [Render thread/INFO] [com.onewhohears.onewholibs.data.jsonpreset.JsonPresetAssetReader/]: ADD: dscombat:part_client/minigun_turret.json
[28мая2026 15:36:30.525] [Render thread/INFO] [com.onewhohears.onewholibs.data.jsonpreset.JsonPresetAssetReader/]: ADD: dscombat:part_client/mlrs.json
[28мая2026 15:36:30.525] [Render thread/INFO] [com.onewhohears.onewholibs.data.jsonpreset.JsonPresetAssetReader/]: ADD: dscombat:part_client/mls.json
[28мая2026 15:36:30.525] [Render thread/INFO] [com.onewhohears.onewholibs.data.jsonpreset.JsonPresetAssetReader/]: ADD: smvpack:part_client/ptur_bmd.json
[28мая2026 15:36:30.526] [Render thread/WARN] [com.onewhohears.onewholibs.data.jsonpreset.JsonPresetAssetReader/]: ERROR: Preset Type external_weapon has not been registered!
[28мая2026 15:36:30.526] [Render thread/ERROR] [com.onewhohears.onewholibs.data.jsonpreset.JsonPresetAssetReader/]: ERROR: failed to parse preset smvpack:part_client/ptur_bmd.json
[28мая2026 15:36:30.526] [Render thread/INFO] [com.onewhohears.onewholibs.data.jsonpreset.JsonPresetAssetReader/]: ADD: smvpack:part_client/rack_none.json
[28мая2026 15:36:30.526] [Render thread/INFO] [com.onewhohears.onewholibs.data.jsonpreset.JsonPresetAssetReader/]: ADD: smvpack:part_client/radar_p18.json
[28мая2026 15:36:30.526] [Render thread/INFO] [com.onewhohears.onewholibs.data.jsonpreset.JsonPresetAssetReader/]: ADD: dscombat:part_client/sam_launcher.json
[28мая2026 15:36:30.527] [Render thread/INFO] [com.onewhohears.onewholibs.data.jsonpreset.JsonPresetAssetReader/]: ADD: dscombat:part_client/steve_up_smash.json
[28мая2026 15:36:30.527] [Render thread/INFO] [com.onewhohears.onewholibs.data.jsonpreset.JsonPresetAssetReader/]: ADD: dscombat:part_client/survey_all_a.json
[28мая2026 15:36:30.527] [Render thread/INFO] [com.onewhohears.onewholibs.data.jsonpreset.JsonPresetAssetReader/]: ADD: dscombat:part_client/survey_all_b.json
[28мая2026 15:36:30.527] [Render thread/INFO] [com.onewhohears.onewholibs.data.jsonpreset.JsonPresetAssetReader/]: ADD: smvpack:part_client/t15_turret.json
[28мая2026 15:36:30.537] [Render thread/INFO] [com.onewhohears.onewholibs.data.jsonpreset.JsonPresetAssetReader/]: ADD: smvpack:part_client/t64_turret.json
[28мая2026 15:36:30.545] [Render thread/INFO] [com.onewhohears.onewholibs.data.jsonpreset.JsonPresetAssetReader/]: ADD: smvpack:part_client/t64bv_turret.json
[28мая2026 15:36:30.551] [Render thread/INFO] [com.onewhohears.onewholibs.data.jsonpreset.JsonPresetAssetReader/]: ADD: smvpack:part_client/t90m_turret.json
[28мая2026 15:36:30.558] [Render thread/INFO] [com.onewhohears.onewholibs.data.jsonpreset.JsonPresetAssetReader/]: ADD: dscombat:part_client/torpedo_tubes.json
[28мая2026 15:36:30.558] [Render thread/INFO] [com.onewhohears.onewholibs.data.jsonpreset.JsonPresetAssetReader/]: ADD: smvpack:part_client/tow_turret.json
[28мая2026 15:36:30.569] [Render thread/INFO] [com.onewhohears.onewholibs.data.jsonpreset.JsonPresetAssetReader/]: ADD: dscombat:part_client/turbofan_f145.json
[28мая2026 15:36:30.569] [Render thread/INFO] [com.onewhohears.onewholibs.data.jsonpreset.JsonPresetAssetReader/]: ADD: smvpack:part_client/turret_bmd1.json
[28мая2026 15:36:30.578] [Render thread/INFO] [com.onewhohears.onewholibs.data.jsonpreset.JsonPresetAssetReader/]: ADD: smvpack:part_client/turret_bmd2.json
[28мая2026 15:36:30.584] [Render thread/INFO] [com.onewhohears.onewholibs.data.jsonpreset.JsonPresetAssetReader/]: ADD: smvpack:part_client/turret_btr80.json
[28мая2026 15:36:30.593] [Render thread/INFO] [com.onewhohears.onewholibs.data.jsonpreset.JsonPresetAssetReader/]: ADD: smvpack:part_client/turret_btr80a.json
[28мая2026 15:36:30.599] [Render thread/INFO] [com.onewhohears.onewholibs.data.jsonpreset.JsonPresetAssetReader/]: ADD: smvpack:part_client/turret_pancsir.json
[28мая2026 15:36:30.605] [Render thread/INFO] [com.onewhohears.onewholibs.data.jsonpreset.JsonPresetAssetReader/]: ADD: smvpack:part_client/ver_a_turret72.json
[28мая2026 15:36:30.610] [Render thread/INFO] [com.onewhohears.onewholibs.data.jsonpreset.JsonPresetAssetReader/]: ADD: smvpack:part_client/ver_b32016_turret72.json
[28мая2026 15:36:30.613] [Render thread/INFO] [com.onewhohears.onewholibs.data.jsonpreset.JsonPresetAssetReader/]: ADD: smvpack:part_client/ver_b3_turret72.json
[28мая2026 15:36:30.623] [Render thread/INFO] [com.onewhohears.onewholibs.data.jsonpreset.JsonPresetAssetReader/]: ADD: smvpack:part_client/ver_b_turret72.json
[28мая2026 15:36:30.633] [Render thread/INFO] [com.onewhohears.onewholibs.data.jsonpreset.JsonPresetAssetReader/]: ADD: dscombat:part_client/vls.json
[28мая2026 15:36:30.633] [Render thread/INFO] [com.onewhohears.onewholibs.data.jsonpreset.JsonPresetAssetReader/]: ADD: dscombat:part_client/xm12.json
[28мая2026 15:36:30.633] [Render thread/INFO] [com.onewhohears.onewholibs.data.jsonpreset.JsonPresetAssetReader/]: ADD: smvpack:part_client/zu23_turret.json
[28мая2026 15:36:30.641] [Render thread/INFO] [com.onewhohears.onewholibs.data.jsonpreset.JsonPresetAssetReader/]: MERGING COPIES WITH PARENT PRESETS PartAssets
[28мая2026 15:36:30.641] [Render thread/INFO] [com.onewhohears.onewholibs.data.jsonpreset.JsonPresetAssetReader/]: RELOAD ASSETS: weapon_client
[28мая2026 15:36:30.654] [Render thread/INFO] [com.onewhohears.onewholibs.data.jsonpreset.JsonPresetAssetReader/]: ADD: smvpack:weapon_client/rpg29_grenade.json
[28мая2026 15:36:30.654] [Render thread/INFO] [com.onewhohears.onewholibs.data.jsonpreset.JsonPresetAssetReader/]: ADD: dscombat:weapon_client/rpg7.json
[28мая2026 15:36:30.654] [Render thread/INFO] [com.onewhohears.onewholibs.data.jsonpreset.JsonPresetAssetReader/]: ADD: dscombat:weapon_client/scud_b.json
[28мая2026 15:36:30.654] [Render thread/INFO] [com.onewhohears.onewholibs.data.jsonpreset.JsonPresetAssetReader/]: ADD: dscombat:weapon_client/type91.json
[28мая2026 15:36:30.654] [Render thread/INFO] [com.onewhohears.onewholibs.data.jsonpreset.JsonPresetAssetReader/]: MERGING COPIES WITH PARENT PRESETS WeaponAssets
[28мая2026 15:36:30.655] [Render thread/INFO] [com.onewhohears.onewholibs.data.jsonpreset.JsonPresetAssetReader/]: RELOAD ASSETS: passenger_sound_packs
[28мая2026 15:36:30.655] [Render thread/INFO] [com.onewhohears.onewholibs.data.jsonpreset.JsonPresetAssetReader/]: ADD: dscombat:passenger_sound_packs/eng_generic_male.json
[28мая2026 15:36:30.655] [Render thread/INFO] [com.onewhohears.onewholibs.data.jsonpreset.JsonPresetAssetReader/]: ADD: dscombat:passenger_sound_packs/eng_non_binary_goober.json
[28мая2026 15:36:30.655] [Render thread/INFO] [com.onewhohears.onewholibs.data.jsonpreset.JsonPresetAssetReader/]: ADD: dscombat:passenger_sound_packs/valorant_vc.json
[28мая2026 15:36:30.655] [Render thread/INFO] [com.onewhohears.onewholibs.data.jsonpreset.JsonPresetAssetReader/]: MERGING COPIES WITH PARENT PRESETS VehiclePassengerSoundPacks
[28мая2026 15:36:31.746] [Render thread/WARN] [net.minecraft.client.sounds.SoundEngine/]: Missing sound for event: minecraft:item.goat_horn.play
[28мая2026 15:36:31.746] [Render thread/WARN] [net.minecraft.client.sounds.SoundEngine/]: Missing sound for event: minecraft:entity.goat.screaming.horn_break
[28мая2026 15:36:31.774] [Render thread/INFO] [com.mojang.blaze3d.audio.Library/]: OpenAL initialized on device OpenAL Soft on Динамики (USB Audio Device)
[28мая2026 15:36:31.774] [Render thread/INFO] [net.minecraft.client.sounds.SoundEngine/SOUNDS]: Sound engine started
[28мая2026 15:36:31.906] [Render thread/INFO] [net.minecraft.client.renderer.texture.TextureAtlas/]: Created: 1024x1024x4 minecraft:textures/atlas/blocks.png-atlas
[28мая2026 15:36:31.915] [Render thread/INFO] [net.minecraft.client.renderer.texture.TextureAtlas/]: Created: 256x256x4 minecraft:textures/atlas/signs.png-atlas
[28мая2026 15:36:31.917] [Render thread/INFO] [net.minecraft.client.renderer.texture.TextureAtlas/]: Created: 512x512x4 minecraft:textures/atlas/banner_patterns.png-atlas
[28мая2026 15:36:31.918] [Render thread/INFO] [net.minecraft.client.renderer.texture.TextureAtlas/]: Created: 512x512x4 minecraft:textures/atlas/shield_patterns.png-atlas
[28мая2026 15:36:31.918] [Render thread/INFO] [net.minecraft.client.renderer.texture.TextureAtlas/]: Created: 1024x1024x4 minecraft:textures/atlas/armor_trims.png-atlas
[28мая2026 15:36:31.920] [Render thread/INFO] [net.minecraft.client.renderer.texture.TextureAtlas/]: Created: 128x64x4 minecraft:textures/atlas/decorated_pot.png-atlas
[28мая2026 15:36:31.922] [Render thread/INFO] [net.minecraft.client.renderer.texture.TextureAtlas/]: Created: 256x256x4 minecraft:textures/atlas/chest.png-atlas
[28мая2026 15:36:31.922] [Render thread/INFO] [net.minecraft.client.renderer.texture.TextureAtlas/]: Created: 512x256x4 minecraft:textures/atlas/beds.png-atlas
[28мая2026 15:36:31.923] [Render thread/INFO] [net.minecraft.client.renderer.texture.TextureAtlas/]: Created: 512x256x4 minecraft:textures/atlas/shulker_boxes.png-atlas
[28мая2026 15:36:31.923] [Render thread/INFO] [com.onewhohears.onewholibs.client.model.obj.ObjEntityModels/]: BAKING OBJ MODELS
[28мая2026 15:36:31.938] [Render thread/INFO] [com.onewhohears.onewholibs.client.model.obj.ObjEntityModels/]: BAKED turret_btr80.mtl
[28мая2026 15:36:31.939] [Render thread/INFO] [com.onewhohears.onewholibs.client.model.obj.ObjEntityModels/]: BAKED steve_up_smash
[28мая2026 15:36:31.939] [Render thread/INFO] [com.onewhohears.onewholibs.client.model.obj.ObjEntityModels/]: BAKED mgm172
[28мая2026 15:36:31.940] [Render thread/INFO] [com.onewhohears.onewholibs.client.model.obj.ObjEntityModels/]: BAKED small_roller
[28мая2026 15:36:31.941] [Render thread/INFO] [com.onewhohears.onewholibs.client.model.obj.ObjEntityModels/]: BAKED cruiser
[28мая2026 15:36:31.942] [Render thread/INFO] [com.onewhohears.onewholibs.client.model.obj.ObjEntityModels/]: BAKED corvette
[28мая2026 15:36:31.943] [Render thread/INFO] [com.onewhohears.onewholibs.client.model.obj.ObjEntityModels/]: BAKED mlrs
[28мая2026 15:36:31.948] [Render thread/INFO] [com.onewhohears.onewholibs.client.model.obj.ObjEntityModels/]: BAKED su25
[28мая2026 15:36:31.948] [Render thread/INFO] [com.onewhohears.onewholibs.client.model.obj.ObjEntityModels/]: BAKED muzzle_flash
[28мая2026 15:36:31.948] [Render thread/INFO] [com.onewhohears.onewholibs.client.model.obj.ObjEntityModels/]: BAKED anti_personnel_mine
[28мая2026 15:36:31.952] [Render thread/INFO] [com.onewhohears.onewholibs.client.model.obj.ObjEntityModels/]: BAKED eden_plane
[28мая2026 15:36:31.954] [Render thread/INFO] [com.onewhohears.onewholibs.client.model.obj.ObjEntityModels/]: BAKED samlauncherv3
[28мая2026 15:36:31.955] [Render thread/INFO] [com.onewhohears.onewholibs.client.model.obj.ObjEntityModels/]: BAKED heavy_external_fuel_tank
[28мая2026 15:36:31.956] [Render thread/INFO] [com.onewhohears.onewholibs.client.model.obj.ObjEntityModels/]: BAKED zu23_turret
[28мая2026 15:36:31.957] [Render thread/INFO] [com.onewhohears.onewholibs.client.model.obj.ObjEntityModels/]: BAKED light_external_fuel_tank
[28мая2026 15:36:31.964] [Render thread/INFO] [com.onewhohears.onewholibs.client.model.obj.ObjEntityModels/]: BAKED mi8
[28мая2026 15:36:31.969] [Render thread/INFO] [com.onewhohears.onewholibs.client.model.obj.ObjEntityModels/]: BAKED leopard2_turret
[28мая2026 15:36:31.969] [Render thread/INFO] [com.onewhohears.onewholibs.client.model.obj.ObjEntityModels/]: BAKED nathan_boat
[28мая2026 15:36:31.971] [Render thread/INFO] [com.onewhohears.onewholibs.client.model.obj.ObjEntityModels/]: BAKED m261_rocket_launcher
[28мая2026 15:36:31.973] [Render thread/INFO] [com.onewhohears.onewholibs.client.model.obj.ObjEntityModels/]: BAKED eric_truck
[28мая2026 15:36:31.975] [Render thread/INFO] [com.onewhohears.onewholibs.client.model.obj.ObjEntityModels/]: BAKED m2_turret
[28мая2026 15:36:31.977] [Render thread/INFO] [com.onewhohears.onewholibs.client.model.obj.ObjEntityModels/]: BAKED t64
[28мая2026 15:36:31.977] [Render thread/INFO] [com.onewhohears.onewholibs.client.model.obj.ObjEntityModels/]: BAKED anti_tank
[28мая2026 15:36:31.977] [Render thread/INFO] [com.onewhohears.onewholibs.client.model.obj.ObjEntityModels/]: BAKED fagot
[28мая2026 15:36:31.978] [Render thread/INFO] [com.onewhohears.onewholibs.client.model.obj.ObjEntityModels/]: BAKED alexis_plane
[28мая2026 15:36:31.979] [Render thread/INFO] [com.onewhohears.onewholibs.client.model.obj.ObjEntityModels/]: BAKED noah_chopper
[28мая2026 15:36:31.980] [Render thread/INFO] [com.onewhohears.onewholibs.client.model.obj.ObjEntityModels/]: BAKED a10
[28мая2026 15:36:31.980] [Render thread/INFO] [com.onewhohears.onewholibs.client.model.obj.ObjEntityModels/]: BAKED bort_t72
[28мая2026 15:36:31.981] [Render thread/INFO] [com.onewhohears.onewholibs.client.model.obj.ObjEntityModels/]: BAKED m777_turret
[28мая2026 15:36:31.981] [Render thread/INFO] [com.onewhohears.onewholibs.client.model.obj.ObjEntityModels/]: BAKED agm65g
[28мая2026 15:36:31.981] [Render thread/INFO] [com.onewhohears.onewholibs.client.model.obj.ObjEntityModels/]: BAKED agm65l
[28мая2026 15:36:31.983] [Render thread/INFO] [com.onewhohears.onewholibs.client.model.obj.ObjEntityModels/]: BAKED m1a1_turret
[28мая2026 15:36:31.984] [Render thread/INFO] [com.onewhohears.onewholibs.client.model.obj.ObjEntityModels/]: BAKED fagot_turret
[28мая2026 15:36:31.985] [Render thread/INFO] [com.onewhohears.onewholibs.client.model.obj.ObjEntityModels/]: BAKED 20mm
[28мая2026 15:36:31.988] [Render thread/INFO] [com.onewhohears.onewholibs.client.model.obj.ObjEntityModels/]: BAKED leo2a6_turret
[28мая2026 15:36:31.988] [Render thread/INFO] [com.onewhohears.onewholibs.client.model.obj.ObjEntityModels/]: BAKED destroyer
[28мая2026 15:36:31.993] [Render thread/INFO] [com.onewhohears.onewholibs.client.model.obj.ObjEntityModels/]: BAKED t72
[28мая2026 15:36:31.996] [Render thread/INFO] [com.onewhohears.onewholibs.client.model.obj.ObjEntityModels/]: BAKED ural_rls
[28мая2026 15:36:31.997] [Render thread/INFO] [com.onewhohears.onewholibs.client.model.obj.ObjEntityModels/]: BAKED aim120b
[28мая2026 15:36:31.997] [Render thread/INFO] [com.onewhohears.onewholibs.client.model.obj.ObjEntityModels/]: BAKED aim120c
[28мая2026 15:36:32.000] [Render thread/INFO] [com.onewhohears.onewholibs.client.model.obj.ObjEntityModels/]: BAKED r330c
[28мая2026 15:36:32.001] [Render thread/INFO] [com.onewhohears.onewholibs.client.model.obj.ObjEntityModels/]: BAKED turret_btr80a
[28мая2026 15:36:32.001] [Render thread/INFO] [com.onewhohears.onewholibs.client.model.obj.ObjEntityModels/]: BAKED heavy_missile_rack
[28мая2026 15:36:32.001] [Render thread/INFO] [com.onewhohears.onewholibs.client.model.obj.ObjEntityModels/]: BAKED naval_cannon
[28мая2026 15:36:32.001] [Render thread/INFO] [com.onewhohears.onewholibs.client.model.obj.ObjEntityModels/]: BAKED afterburner_flame
[28мая2026 15:36:32.007] [Render thread/INFO] [com.onewhohears.onewholibs.client.model.obj.ObjEntityModels/]: BAKED btr
[28мая2026 15:36:32.007] [Render thread/INFO] [com.onewhohears.onewholibs.client.model.obj.ObjEntityModels/]: BAKED agm88g
[28мая2026 15:36:32.007] [Render thread/INFO] [com.onewhohears.onewholibs.client.model.obj.ObjEntityModels/]: BAKED stick_radar
[28мая2026 15:36:32.008] [Render thread/INFO] [com.onewhohears.onewholibs.client.model.obj.ObjEntityModels/]: BAKED artillery_cannon
[28мая2026 15:36:32.014] [Render thread/INFO] [com.onewhohears.onewholibs.client.model.obj.ObjEntityModels/]: BAKED m1a1
[28мая2026 15:36:32.015] [Render thread/INFO] [com.onewhohears.onewholibs.client.model.obj.ObjEntityModels/]: BAKED andolf_sub
[28мая2026 15:36:32.015] [Render thread/INFO] [com.onewhohears.onewholibs.client.model.obj.ObjEntityModels/]: BAKED ciws_test
[28мая2026 15:36:32.015] [Render thread/INFO] [com.onewhohears.onewholibs.client.model.obj.ObjEntityModels/]: BAKED meteor
[28мая2026 15:36:32.016] [Render thread/INFO] [com.onewhohears.onewholibs.client.model.obj.ObjEntityModels/]: BAKED hmmwv_m2_turret
[28мая2026 15:36:32.016] [Render thread/INFO] [com.onewhohears.onewholibs.client.model.obj.ObjEntityModels/]: BAKED mk13
[28мая2026 15:36:32.018] [Render thread/INFO] [com.onewhohears.onewholibs.client.model.obj.ObjEntityModels/]: BAKED su34
[28мая2026 15:36:32.027] [Render thread/INFO] [com.onewhohears.onewholibs.client.model.obj.ObjEntityModels/]: BAKED gaz66
[28мая2026 15:36:32.027] [Render thread/INFO] [com.onewhohears.onewholibs.client.model.obj.ObjEntityModels/]: BAKED rack_none
[28мая2026 15:36:32.041] [Render thread/INFO] [com.onewhohears.onewholibs.client.model.obj.ObjEntityModels/]: BAKED vls
[28мая2026 15:36:32.042] [Render thread/INFO] [com.onewhohears.onewholibs.client.model.obj.ObjEntityModels/]: BAKED ball_radar
[28мая2026 15:36:32.042] [Render thread/INFO] [com.onewhohears.onewholibs.client.model.obj.ObjEntityModels/]: BAKED wooden_plane
[28мая2026 15:36:32.043] [Render thread/INFO] [com.onewhohears.onewholibs.client.model.obj.ObjEntityModels/]: BAKED battleship
[28мая2026 15:36:32.043] [Render thread/INFO] [com.onewhohears.onewholibs.client.model.obj.ObjEntityModels/]: BAKED mrbudger_tank
[28мая2026 15:36:32.046] [Render thread/INFO] [com.onewhohears.onewholibs.client.model.obj.ObjEntityModels/]: BAKED ural4320
[28мая2026 15:36:32.046] [Render thread/INFO] [com.onewhohears.onewholibs.client.model.obj.ObjEntityModels/]: BAKED zu23
[28мая2026 15:36:32.048] [Render thread/INFO] [com.onewhohears.onewholibs.client.model.obj.ObjEntityModels/]: BAKED bmp2m_turret
[28мая2026 15:36:32.050] [Render thread/INFO] [com.onewhohears.onewholibs.client.model.obj.ObjEntityModels/]: BAKED niva_arta
[28мая2026 15:36:32.052] [Render thread/INFO] [com.onewhohears.onewholibs.client.model.obj.ObjEntityModels/]: BAKED btr4e
[28мая2026 15:36:32.052] [Render thread/INFO] [com.onewhohears.onewholibs.client.model.obj.ObjEntityModels/]: BAKED 2b14
[28мая2026 15:36:32.055] [Render thread/INFO] [com.onewhohears.onewholibs.client.model.obj.ObjEntityModels/]: BAKED ver_b_turret72
[28мая2026 15:36:32.055] [Render thread/INFO] [com.onewhohears.onewholibs.client.model.obj.ObjEntityModels/]: BAKED minigun_turret
[28мая2026 15:36:32.055] [Render thread/INFO] [com.onewhohears.onewholibs.client.model.obj.ObjEntityModels/]: BAKED aim7f
[28мая2026 15:36:32.056] [Render thread/INFO] [com.onewhohears.onewholibs.client.model.obj.ObjEntityModels/]: BAKED chest
[28мая2026 15:36:32.056] [Render thread/INFO] [com.onewhohears.onewholibs.client.model.obj.ObjEntityModels/]: BAKED adl
[28мая2026 15:36:32.058] [Render thread/INFO] [com.onewhohears.onewholibs.client.model.obj.ObjEntityModels/]: BAKED e3sentry_plane
[28мая2026 15:36:32.058] [Render thread/INFO] [com.onewhohears.onewholibs.client.model.obj.ObjEntityModels/]: BAKED parachute
[28мая2026 15:36:32.060] [Render thread/INFO] [com.onewhohears.onewholibs.client.model.obj.ObjEntityModels/]: BAKED f15e
[28мая2026 15:36:32.060] [Render thread/INFO] [com.onewhohears.onewholibs.client.model.obj.ObjEntityModels/]: BAKED mls
[28мая2026 15:36:32.060] [Render thread/INFO] [com.onewhohears.onewholibs.client.model.obj.ObjEntityModels/]: BAKED 12.7mm
[28мая2026 15:36:32.061] [Render thread/INFO] [com.onewhohears.onewholibs.client.model.obj.ObjEntityModels/]: BAKED computa_flag
[28мая2026 15:36:32.063] [Render thread/INFO] [com.onewhohears.onewholibs.client.model.obj.ObjEntityModels/]: BAKED bronco-plane
[28мая2026 15:36:32.063] [Render thread/INFO] [com.onewhohears.onewholibs.client.model.obj.ObjEntityModels/]: BAKED detal
[28мая2026 15:36:32.064] [Render thread/INFO] [com.onewhohears.onewholibs.client.model.obj.ObjEntityModels/]: BAKED aim9l
[28мая2026 15:36:32.064] [Render thread/INFO] [com.onewhohears.onewholibs.client.model.obj.ObjEntityModels/]: BAKED thin_mast
[28мая2026 15:36:32.068] [Render thread/INFO] [com.onewhohears.onewholibs.client.model.obj.ObjEntityModels/]: BAKED tigrm
[28мая2026 15:36:32.070] [Render thread/INFO] [com.onewhohears.onewholibs.client.model.obj.ObjEntityModels/]: BAKED t64_turret
[28мая2026 15:36:32.072] [Render thread/INFO] [com.onewhohears.onewholibs.client.model.obj.ObjEntityModels/]: BAKED t64bv_turret
[28мая2026 15:36:32.073] [Render thread/INFO] [com.onewhohears.onewholibs.client.model.obj.ObjEntityModels/]: BAKED scud_b
[28мая2026 15:36:32.076] [Render thread/INFO] [com.onewhohears.onewholibs.client.model.obj.ObjEntityModels/]: BAKED bmp2_turret
[28мая2026 15:36:32.081] [Render thread/INFO] [com.onewhohears.onewholibs.client.model.obj.ObjEntityModels/]: BAKED axcel_truck
[28мая2026 15:36:32.081] [Render thread/INFO] [com.onewhohears.onewholibs.client.model.obj.ObjEntityModels/]: BAKED aim9x
[28мая2026 15:36:32.082] [Render thread/INFO] [com.onewhohears.onewholibs.client.model.obj.ObjEntityModels/]: BAKED 50mmhe
[28мая2026 15:36:32.083] [Render thread/INFO] [com.onewhohears.onewholibs.client.model.obj.ObjEntityModels/]: BAKED sam_launcher_v2
[28мая2026 15:36:32.083] [Render thread/INFO] [com.onewhohears.onewholibs.client.model.obj.ObjEntityModels/]: BAKED turret_platform
[28мая2026 15:36:32.086] [Render thread/INFO] [com.onewhohears.onewholibs.client.model.obj.ObjEntityModels/]: BAKED t72hull
[28мая2026 15:36:32.092] [Render thread/INFO] [com.onewhohears.onewholibs.client.model.obj.ObjEntityModels/]: BAKED hmmwv
[28мая2026 15:36:32.094] [Render thread/INFO] [com.onewhohears.onewholibs.client.model.obj.ObjEntityModels/]: BAKED javi_plane
[28мая2026 15:36:32.095] [Render thread/INFO] [com.onewhohears.onewholibs.client.model.obj.ObjEntityModels/]: BAKED 406mmhe
[28мая2026 15:36:32.100] [Render thread/INFO] [com.onewhohears.onewholibs.client.model.obj.ObjEntityModels/]: BAKED kozak2
[28мая2026 15:36:32.100] [Render thread/INFO] [com.onewhohears.onewholibs.client.model.obj.ObjEntityModels/]: BAKED shahab3
[28мая2026 15:36:32.100] [Render thread/INFO] [com.onewhohears.onewholibs.client.model.obj.ObjEntityModels/]: BAKED x58
[28мая2026 15:36:32.101] [Render thread/INFO] [com.onewhohears.onewholibs.client.model.obj.ObjEntityModels/]: BAKED fab500
[28мая2026 15:36:32.101] [Render thread/INFO] [com.onewhohears.onewholibs.client.model.obj.ObjEntityModels/]: BAKED helipad
[28мая2026 15:36:32.102] [Render thread/INFO] [com.onewhohears.onewholibs.client.model.obj.ObjEntityModels/]: BAKED type91
[28мая2026 15:36:32.105] [Render thread/INFO] [com.onewhohears.onewholibs.client.model.obj.ObjEntityModels/]: BAKED van
[28мая2026 15:36:32.106] [Render thread/INFO] [com.onewhohears.onewholibs.client.model.obj.ObjEntityModels/]: BAKED normal_mast
[28мая2026 15:36:32.110] [Render thread/INFO] [com.onewhohears.onewholibs.client.model.obj.ObjEntityModels/]: BAKED ver_b3_turret72
[28мая2026 15:36:32.112] [Render thread/INFO] [com.onewhohears.onewholibs.client.model.obj.ObjEntityModels/]: BAKED bmp1am_turret
[28мая2026 15:36:32.112] [Render thread/INFO] [com.onewhohears.onewholibs.client.model.obj.ObjEntityModels/]: BAKED cfm56
[28мая2026 15:36:32.113] [Render thread/INFO] [com.onewhohears.onewholibs.client.model.obj.ObjEntityModels/]: BAKED antps80
[28мая2026 15:36:32.113] [Render thread/INFO] [com.onewhohears.onewholibs.client.model.obj.ObjEntityModels/]: BAKED ptur_bmd
[28мая2026 15:36:32.113] [Render thread/INFO] [com.onewhohears.onewholibs.client.model.obj.ObjEntityModels/]: BAKED thick_mast
[28мая2026 15:36:32.113] [Render thread/INFO] [com.onewhohears.onewholibs.client.model.obj.ObjEntityModels/]: BAKED aim7mh
[28мая2026 15:36:32.117] [Render thread/INFO] [com.onewhohears.onewholibs.client.model.obj.ObjEntityModels/]: BAKED asrad
[28мая2026 15:36:32.117] [Render thread/INFO] [com.onewhohears.onewholibs.client.model.obj.ObjEntityModels/]: BAKED shahed136
[28мая2026 15:36:32.119] [Render thread/INFO] [com.onewhohears.onewholibs.client.model.obj.ObjEntityModels/]: BAKED t90m_turret
[28мая2026 15:36:32.119] [Render thread/INFO] [com.onewhohears.onewholibs.client.model.obj.ObjEntityModels/]: BAKED naval_gun_v2
[28мая2026 15:36:32.119] [Render thread/INFO] [com.onewhohears.onewholibs.client.model.obj.ObjEntityModels/]: BAKED ewr4000
[28мая2026 15:36:32.120] [Render thread/INFO] [com.onewhohears.onewholibs.client.model.obj.ObjEntityModels/]: BAKED turret_pancsir
[28мая2026 15:36:32.123] [Render thread/INFO] [com.onewhohears.onewholibs.client.model.obj.ObjEntityModels/]: BAKED kamaz5350
[28мая2026 15:36:32.127] [Render thread/INFO] [com.onewhohears.onewholibs.client.model.obj.ObjEntityModels/]: BAKED ver_b32016_turret72
[28мая2026 15:36:32.128] [Render thread/INFO] [com.onewhohears.onewholibs.client.model.obj.ObjEntityModels/]: BAKED light_missile_rack
[28мая2026 15:36:32.130] [Render thread/INFO] [com.onewhohears.onewholibs.client.model.obj.ObjEntityModels/]: BAKED willy_jeep
[28мая2026 15:36:32.130] [Render thread/INFO] [com.onewhohears.onewholibs.client.model.obj.ObjEntityModels/]: BAKED agm114k
[28мая2026 15:36:32.130] [Render thread/INFO] [com.onewhohears.onewholibs.client.model.obj.ObjEntityModels/]: BAKED gimbal_camera
[28мая2026 15:36:32.131] [Render thread/INFO] [com.onewhohears.onewholibs.client.model.obj.ObjEntityModels/]: BAKED bort_t72b3
[28мая2026 15:36:32.133] [Render thread/INFO] [com.onewhohears.onewholibs.client.model.obj.ObjEntityModels/]: BAKED leo2a5_turret
[28мая2026 15:36:32.134] [Render thread/INFO] [com.onewhohears.onewholibs.client.model.obj.ObjEntityModels/]: BAKED james_wooden_plane
[28мая2026 15:36:32.134] [Render thread/INFO] [com.onewhohears.onewholibs.client.model.obj.ObjEntityModels/]: BAKED submarine_mast
[28мая2026 15:36:32.134] [Render thread/INFO] [com.onewhohears.onewholibs.client.model.obj.ObjEntityModels/]: BAKED traccer
[28мая2026 15:36:32.135] [Render thread/INFO] [com.onewhohears.onewholibs.client.model.obj.ObjEntityModels/]: BAKED jason_plane
[28мая2026 15:36:32.135] [Render thread/INFO] [com.onewhohears.onewholibs.client.model.obj.ObjEntityModels/]: BAKED turbofan_f145
[28мая2026 15:36:32.135] [Render thread/INFO] [com.onewhohears.onewholibs.client.model.obj.ObjEntityModels/]: BAKED turret_btr80
[28мая2026 15:36:32.137] [Render thread/INFO] [com.onewhohears.onewholibs.client.model.obj.ObjEntityModels/]: BAKED ver_a_turret72
[28мая2026 15:36:32.138] [Render thread/INFO] [com.onewhohears.onewholibs.client.model.obj.ObjEntityModels/]: BAKED tow
[28мая2026 15:36:32.147] [Render thread/INFO] [com.onewhohears.onewholibs.client.model.obj.ObjEntityModels/]: BAKED tornadou
[28мая2026 15:36:32.149] [Render thread/INFO] [com.onewhohears.onewholibs.client.model.obj.ObjEntityModels/]: BAKED amx10
[28мая2026 15:36:32.150] [Render thread/INFO] [com.onewhohears.onewholibs.client.model.obj.ObjEntityModels/]: BAKED felix_plane
[28мая2026 15:36:32.154] [Render thread/INFO] [com.onewhohears.onewholibs.client.model.obj.ObjEntityModels/]: BAKED bmp1
[28мая2026 15:36:32.161] [Render thread/INFO] [com.onewhohears.onewholibs.client.model.obj.ObjEntityModels/]: BAKED bmp2
[28мая2026 15:36:32.166] [Render thread/INFO] [com.onewhohears.onewholibs.client.model.obj.ObjEntityModels/]: BAKED m2
[28мая2026 15:36:32.167] [Render thread/INFO] [com.onewhohears.onewholibs.client.model.obj.ObjEntityModels/]: BAKED cv9040c_turret
[28мая2026 15:36:32.167] [Render thread/INFO] [com.onewhohears.onewholibs.client.model.obj.ObjEntityModels/]: BAKED gruetz_bunker_buster
[28мая2026 15:36:32.168] [Render thread/INFO] [com.onewhohears.onewholibs.client.model.obj.ObjEntityModels/]: BAKED pickup
[28мая2026 15:36:32.171] [Render thread/INFO] [com.onewhohears.onewholibs.client.model.obj.ObjEntityModels/]: BAKED radar_p18
[28мая2026 15:36:32.172] [Render thread/INFO] [com.onewhohears.onewholibs.client.model.obj.ObjEntityModels/]: BAKED uaz
[28мая2026 15:36:32.172] [Render thread/INFO] [com.onewhohears.onewholibs.client.model.obj.ObjEntityModels/]: BAKED t15_turret
[28мая2026 15:36:32.173] [Render thread/INFO] [com.onewhohears.onewholibs.client.model.obj.ObjEntityModels/]: BAKED naval_gun
[28мая2026 15:36:32.173] [Render thread/INFO] [com.onewhohears.onewholibs.client.model.obj.ObjEntityModels/]: BAKED 120mmhe
[28мая2026 15:36:32.173] [Render thread/INFO] [com.onewhohears.onewholibs.client.model.obj.ObjEntityModels/]: BAKED mk82_light
[28мая2026 15:36:32.174] [Render thread/INFO] [com.onewhohears.onewholibs.client.model.obj.ObjEntityModels/]: BAKED t90m
[28мая2026 15:36:32.176] [Render thread/INFO] [com.onewhohears.onewholibs.client.model.obj.ObjEntityModels/]: BAKED bmd
[28мая2026 15:36:32.177] [Render thread/INFO] [com.onewhohears.onewholibs.client.model.obj.ObjEntityModels/]: BAKED ball_radar_triple
[28мая2026 15:36:32.178] [Render thread/INFO] [com.onewhohears.onewholibs.client.model.obj.ObjEntityModels/]: BAKED m1097
[28мая2026 15:36:32.178] [Render thread/INFO] [com.onewhohears.onewholibs.client.model.obj.ObjEntityModels/]: BAKED mgm31
[28мая2026 15:36:32.179] [Render thread/INFO] [com.onewhohears.onewholibs.client.model.obj.ObjEntityModels/]: BAKED werewolf
[28мая2026 15:36:32.180] [Render thread/INFO] [com.onewhohears.onewholibs.client.model.obj.ObjEntityModels/]: BAKED autoloaderturret
[28мая2026 15:36:32.180] [Render thread/INFO] [com.onewhohears.onewholibs.client.model.obj.ObjEntityModels/]: BAKED rpg29
[28мая2026 15:36:32.180] [Render thread/INFO] [com.onewhohears.onewholibs.client.model.obj.ObjEntityModels/]: BAKED agm69
[28мая2026 15:36:32.180] [Render thread/INFO] [com.onewhohears.onewholibs.client.model.obj.ObjEntityModels/]: BAKED simple_test
[28мая2026 15:36:32.181] [Render thread/INFO] [com.onewhohears.onewholibs.client.model.obj.ObjEntityModels/]: BAKED tow_turret
[28мая2026 15:36:32.181] [Render thread/INFO] [com.onewhohears.onewholibs.client.model.obj.ObjEntityModels/]: BAKED 2a42_30mm
[28мая2026 15:36:32.181] [Render thread/INFO] [com.onewhohears.onewholibs.client.model.obj.ObjEntityModels/]: BAKED krait_chopper
[28мая2026 15:36:32.182] [Render thread/INFO] [com.onewhohears.onewholibs.client.model.obj.ObjEntityModels/]: BAKED t15
[28мая2026 15:36:32.183] [Render thread/INFO] [com.onewhohears.onewholibs.client.model.obj.ObjEntityModels/]: BAKED torpedo_tubes
[28мая2026 15:36:32.183] [Render thread/INFO] [com.onewhohears.onewholibs.client.model.obj.ObjEntityModels/]: BAKED asrad_turret
[28мая2026 15:36:32.183] [Render thread/INFO] [com.onewhohears.onewholibs.client.model.obj.ObjEntityModels/]: BAKED bort_t72b32016
[28мая2026 15:36:32.183] [Render thread/INFO] [com.onewhohears.onewholibs.client.model.obj.ObjEntityModels/]: BAKED aa_turret
[28мая2026 15:36:32.184] [Render thread/INFO] [com.onewhohears.onewholibs.client.model.obj.ObjEntityModels/]: BAKED bmp1_turret
[28мая2026 15:36:32.184] [Render thread/INFO] [com.onewhohears.onewholibs.client.model.obj.ObjEntityModels/]: BAKED m1097_turret
[28мая2026 15:36:32.185] [Render thread/INFO] [com.onewhohears.onewholibs.client.model.obj.ObjEntityModels/]: BAKED amx10_turret
[28мая2026 15:36:32.185] [Render thread/INFO] [com.onewhohears.onewholibs.client.model.obj.ObjEntityModels/]: BAKED anm30
[28мая2026 15:36:32.185] [Render thread/INFO] [com.onewhohears.onewholibs.client.model.obj.ObjEntityModels/]: BAKED aim9
[28мая2026 15:36:32.187] [Render thread/INFO] [com.onewhohears.onewholibs.client.model.obj.ObjEntityModels/]: BAKED fmtv
[28мая2026 15:36:32.187] [Render thread/INFO] [com.onewhohears.onewholibs.client.model.obj.ObjEntityModels/]: BAKED 2b14_turret
[28мая2026 15:36:32.188] [Render thread/INFO] [com.onewhohears.onewholibs.client.model.obj.ObjEntityModels/]: BAKED allison_v_1710
[28мая2026 15:36:32.188] [Render thread/INFO] [com.onewhohears.onewholibs.client.model.obj.ObjEntityModels/]: BAKED d30_turret
[28мая2026 15:36:32.189] [Render thread/INFO] [com.onewhohears.onewholibs.client.model.obj.ObjEntityModels/]: BAKED google_sub
[28мая2026 15:36:32.189] [Render thread/INFO] [com.onewhohears.onewholibs.client.model.obj.ObjEntityModels/]: BAKED 9m729
[28мая2026 15:36:32.189] [Render thread/INFO] [com.onewhohears.onewholibs.client.model.obj.ObjEntityModels/]: BAKED d30
[28мая2026 15:36:32.189] [Render thread/INFO] [com.onewhohears.onewholibs.client.model.obj.ObjEntityModels/]: BAKED btr4e_turret
[28мая2026 15:36:32.190] [Render thread/INFO] [com.onewhohears.onewholibs.client.model.obj.ObjEntityModels/]: BAKED cv9040c
[28мая2026 15:36:32.192] [Render thread/INFO] [com.onewhohears.onewholibs.client.model.obj.ObjEntityModels/]: BAKED pancsir
[28мая2026 15:36:32.193] [Render thread/INFO] [com.onewhohears.onewholibs.client.model.obj.ObjEntityModels/]: BAKED leopard2
[28мая2026 15:36:32.193] [Render thread/INFO] [com.onewhohears.onewholibs.client.model.obj.ObjEntityModels/]: BAKED bomb_rack
[28мая2026 15:36:32.193] [Render thread/INFO] [com.onewhohears.onewholibs.client.model.obj.ObjEntityModels/]: BAKED pac3
[28мая2026 15:36:32.194] [Render thread/INFO] [com.onewhohears.onewholibs.client.model.obj.ObjEntityModels/]: BAKED aim9p5
[28мая2026 15:36:32.194] [Render thread/INFO] [com.onewhohears.onewholibs.client.model.obj.ObjEntityModels/]: BAKED agm84e
[28мая2026 15:36:32.194] [Render thread/INFO] [com.onewhohears.onewholibs.client.model.obj.ObjEntityModels/]: BAKED mark77
[28мая2026 15:36:32.194] [Render thread/INFO] [com.onewhohears.onewholibs.client.model.obj.ObjEntityModels/]: BAKED radar2
[28мая2026 15:36:32.194] [Render thread/INFO] [com.onewhohears.onewholibs.client.model.obj.ObjEntityModels/]: BAKED radar1
[28мая2026 15:36:32.195] [Render thread/INFO] [com.onewhohears.onewholibs.client.model.obj.ObjEntityModels/]: BAKED turret_bmd1
[28мая2026 15:36:32.195] [Render thread/INFO] [com.onewhohears.onewholibs.client.model.obj.ObjEntityModels/]: BAKED minigames_flag
[28мая2026 15:36:32.195] [Render thread/INFO] [com.onewhohears.onewholibs.client.model.obj.ObjEntityModels/]: BAKED turret_bmd2
[28мая2026 15:36:32.195] [Render thread/INFO] [com.onewhohears.onewholibs.client.model.obj.ObjEntityModels/]: BAKED ciws
[28мая2026 15:36:32.195] [Render thread/INFO] [com.onewhohears.onewholibs.client.model.obj.ObjEntityModels/]: BAKED xm12
[28мая2026 15:36:32.195] [Render thread/INFO] [com.onewhohears.onewholibs.client.model.obj.ObjEntityModels/]: BAKED orange_tesla
[28мая2026 15:36:32.195] [Render thread/INFO] [com.onewhohears.onewholibs.client.model.obj.ObjEntityModels/]: BAKED carrier
[28мая2026 15:36:32.196] [Render thread/INFO] [com.onewhohears.onewholibs.client.model.obj.ObjEntityModels/]: BAKED chain_hook
[28мая2026 15:36:32.197] [Render thread/INFO] [com.onewhohears.onewholibs.client.model.obj.ObjEntityModels/]: BAKED hmmwv_m2
[28мая2026 15:36:32.197] [Render thread/INFO] [com.onewhohears.onewholibs.client.model.obj.ObjEntityModels/]: BAKED m777
[28мая2026 15:36:32.289] [Render thread/WARN] [net.minecraft.client.renderer.ShaderInstance/]: Shader rendertype_entity_translucent_emissive could not find sampler named Sampler2 in the specified shader program.
[28мая2026 15:36:32.334] [Render thread/INFO] [net.minecraft.client.renderer.texture.TextureAtlas/]: Created: 8192x4096x0 minecraft:textures/atlas/particles.png-atlas
[28мая2026 15:36:32.357] [Render thread/INFO] [net.minecraft.client.renderer.texture.TextureAtlas/]: Created: 256x256x0 minecraft:textures/atlas/paintings.png-atlas
[28мая2026 15:36:32.357] [Render thread/INFO] [net.minecraft.client.renderer.texture.TextureAtlas/]: Created: 128x128x0 minecraft:textures/atlas/mob_effects.png-atlas
[28мая2026 15:36:32.358] [Render thread/INFO] [net.minecraft.client.renderer.texture.TextureAtlas/]: Created: 256x256x0 jei:textures/atlas/gui.png-atlas
[28мая2026 15:36:33.064] [Realms Notification Availability checker #1/INFO] [com.mojang.realmsclient.client.RealmsClient/]: Could not authorize you against Realms server: java.lang.RuntimeException: Failed to parse into SignedJWT: 0
[28мая2026 15:36:41.361] [Render thread/INFO] [net.minecraft.world.item.crafting.RecipeManager/]: Loaded 10 recipes
[28мая2026 15:36:41.443] [Render thread/INFO] [net.minecraft.advancements.AdvancementList/]: Loaded 1271 advancements
[28мая2026 15:36:41.445] [Render thread/INFO] [com.onewhohears.onewholibs.data.jsonpreset.JsonPresetReloadListener/]: APPLYING PRESETS TO COMMON CACHE TestPresets
[28мая2026 15:36:41.445] [Render thread/INFO] [com.onewhohears.onewholibs.data.jsonpreset.JsonPresetReloadListener/]: ADD: onewholibs:test2
[28мая2026 15:36:41.445] [Render thread/INFO] [com.onewhohears.onewholibs.data.jsonpreset.JsonPresetReloadListener/]: ADD: onewholibs:test1
[28мая2026 15:36:41.445] [Render thread/INFO] [com.onewhohears.onewholibs.data.jsonpreset.JsonPresetReloadListener/]: ADD: onewholibs:test0
[28мая2026 15:36:41.445] [Render thread/INFO] [com.onewhohears.onewholibs.data.jsonpreset.JsonPresetReloadListener/]: MERGING COPIES WITH PARENT PRESETS TestPresets
[28мая2026 15:36:41.445] [Render thread/INFO] [com.onewhohears.onewholibs.data.jsonpreset.JsonPresetReloadListener/]: FINISHED 3
[28мая2026 15:36:41.445] [Render thread/INFO] [com.onewhohears.onewholibs.data.jsonpreset.JsonPresetReloadListener/]: APPLYING PRESETS TO COMMON CACHE MiniGameKitsManager
[28мая2026 15:36:41.446] [Render thread/INFO] [com.onewhohears.onewholibs.data.jsonpreset.JsonPresetReloadListener/]: ADD: dscombat:dogfight_javi
[28мая2026 15:36:41.446] [Render thread/INFO] [com.onewhohears.onewholibs.data.jsonpreset.JsonPresetReloadListener/]: ADD: dscombat:dogfight_felix
[28мая2026 15:36:41.446] [Render thread/INFO] [com.onewhohears.onewholibs.data.jsonpreset.JsonPresetReloadListener/]: ADD: minigames:standard
[28мая2026 15:36:41.446] [Render thread/INFO] [com.onewhohears.onewholibs.data.jsonpreset.JsonPresetReloadListener/]: ADD: dscombat:demoman
[28мая2026 15:36:41.446] [Render thread/INFO] [com.onewhohears.onewholibs.data.jsonpreset.JsonPresetReloadListener/]: ADD: dscombat:soldier
[28мая2026 15:36:41.446] [Render thread/INFO] [com.onewhohears.onewholibs.data.jsonpreset.JsonPresetReloadListener/]: ADD: minigames:builder
[28мая2026 15:36:41.446] [Render thread/INFO] [com.onewhohears.onewholibs.data.jsonpreset.JsonPresetReloadListener/]: ADD: minigames:archer
[28мая2026 15:36:41.446] [Render thread/INFO] [com.onewhohears.onewholibs.data.jsonpreset.JsonPresetReloadListener/]: ADD: dscombat:heavy
[28мая2026 15:36:41.447] [Render thread/INFO] [com.onewhohears.onewholibs.data.jsonpreset.JsonPresetReloadListener/]: ADD: dscombat:dogfight_alexis
[28мая2026 15:36:41.447] [Render thread/INFO] [com.onewhohears.onewholibs.data.jsonpreset.JsonPresetReloadListener/]: ADD: dscombat:sniper
[28мая2026 15:36:41.447] [Render thread/INFO] [com.onewhohears.onewholibs.data.jsonpreset.JsonPresetReloadListener/]: ADD: dscombat:scout
[28мая2026 15:36:41.447] [Render thread/INFO] [com.onewhohears.onewholibs.data.jsonpreset.JsonPresetReloadListener/]: ADD: dscombat:dogfight_eden
[28мая2026 15:36:41.447] [Render thread/INFO] [com.onewhohears.onewholibs.data.jsonpreset.JsonPresetReloadListener/]: MERGING COPIES WITH PARENT PRESETS MiniGameKitsManager
[28мая2026 15:36:41.447] [Render thread/INFO] [com.onewhohears.onewholibs.data.jsonpreset.JsonPresetReloadListener/]: FINISHED 12
[28мая2026 15:36:41.447] [Render thread/INFO] [com.onewhohears.onewholibs.data.jsonpreset.JsonPresetReloadListener/]: APPLYING PRESETS TO COMMON CACHE MiniGameShopsManager
[28мая2026 15:36:41.448] [Render thread/INFO] [com.onewhohears.onewholibs.data.jsonpreset.JsonPresetReloadListener/]: ADD: dscombat:vehicle_defender
[28мая2026 15:36:41.448] [Render thread/INFO] [com.onewhohears.onewholibs.data.jsonpreset.JsonPresetReloadListener/]: ADD: dscombat:vehicle_attacker
[28мая2026 15:36:41.448] [Render thread/INFO] [com.onewhohears.onewholibs.data.jsonpreset.JsonPresetReloadListener/]: ADD: minigames:survival
[28мая2026 15:36:41.448] [Render thread/INFO] [com.onewhohears.onewholibs.data.jsonpreset.JsonPresetReloadListener/]: ADD: dscombat:military_misc
[28мая2026 15:36:41.448] [Render thread/INFO] [com.onewhohears.onewholibs.data.jsonpreset.JsonPresetReloadListener/]: MERGING COPIES WITH PARENT PRESETS MiniGameShopsManager
[28мая2026 15:36:41.448] [Render thread/INFO] [com.onewhohears.onewholibs.data.jsonpreset.JsonPresetReloadListener/]: FINISHED 4
[28мая2026 15:36:41.448] [Render thread/INFO] [com.onewhohears.onewholibs.data.jsonpreset.JsonPresetReloadListener/]: APPLYING PRESETS TO COMMON CACHE StatGraphs
[28мая2026 15:36:41.448] [Render thread/INFO] [com.onewhohears.onewholibs.data.jsonpreset.JsonPresetReloadListener/]: ADD: dscombat:wooden_plane
[28мая2026 15:36:41.448] [Render thread/INFO] [com.onewhohears.onewholibs.data.jsonpreset.JsonPresetReloadListener/]: ADD: dscombat:bronco_plane_turn_rates
[28мая2026 15:36:41.448] [Render thread/INFO] [com.onewhohears.onewholibs.data.jsonpreset.JsonPresetReloadListener/]: ADD: dscombat:james_plane_turn_rates
[28мая2026 15:36:41.448] [Render thread/INFO] [com.onewhohears.onewholibs.data.jsonpreset.JsonPresetReloadListener/]: ADD: dscombat:default_drag_aoa
[28мая2026 15:36:41.448] [Render thread/INFO] [com.onewhohears.onewholibs.data.jsonpreset.JsonPresetReloadListener/]: ADD: dscombat:air_density_minecraft_the_nether
[28мая2026 15:36:41.448] [Render thread/INFO] [com.onewhohears.onewholibs.data.jsonpreset.JsonPresetReloadListener/]: ADD: dscombat:jason_drag_aoa
[28мая2026 15:36:41.448] [Render thread/INFO] [com.onewhohears.onewholibs.data.jsonpreset.JsonPresetReloadListener/]: ADD: dscombat:eden_plane_turn_rates
[28мая2026 15:36:41.448] [Render thread/INFO] [com.onewhohears.onewholibs.data.jsonpreset.JsonPresetReloadListener/]: ADD: dscombat:arcade_lift_aoa
[28мая2026 15:36:41.448] [Render thread/INFO] [com.onewhohears.onewholibs.data.jsonpreset.JsonPresetReloadListener/]: ADD: dscombat:e3sentry_turn_rates
[28мая2026 15:36:41.449] [Render thread/INFO] [com.onewhohears.onewholibs.data.jsonpreset.JsonPresetReloadListener/]: ADD: dscombat:felix_lift_aoa
[28мая2026 15:36:41.449] [Render thread/INFO] [com.onewhohears.onewholibs.data.jsonpreset.JsonPresetReloadListener/]: ADD: dscombat:arcade_turn_rates
[28мая2026 15:36:41.449] [Render thread/INFO] [com.onewhohears.onewholibs.data.jsonpreset.JsonPresetReloadListener/]: ADD: dscombat:jason_lift_aoa
[28мая2026 15:36:41.449] [Render thread/INFO] [com.onewhohears.onewholibs.data.jsonpreset.JsonPresetReloadListener/]: ADD: dscombat:air_density_minecraft_the_end
[28мая2026 15:36:41.449] [Render thread/INFO] [com.onewhohears.onewholibs.data.jsonpreset.JsonPresetReloadListener/]: ADD: dscombat:felix_drag_aoa
[28мая2026 15:36:41.449] [Render thread/INFO] [com.onewhohears.onewholibs.data.jsonpreset.JsonPresetReloadListener/]: ADD: dscombat:jason_plane_turn_rates
[28мая2026 15:36:41.449] [Render thread/INFO] [com.onewhohears.onewholibs.data.jsonpreset.JsonPresetReloadListener/]: ADD: dscombat:javi_lift_aoa
[28мая2026 15:36:41.449] [Render thread/INFO] [com.onewhohears.onewholibs.data.jsonpreset.JsonPresetReloadListener/]: ADD: dscombat:alexis_plane
[28мая2026 15:36:41.449] [Render thread/INFO] [com.onewhohears.onewholibs.data.jsonpreset.JsonPresetReloadListener/]: ADD: dscombat:arcade_drag_aoa
[28мая2026 15:36:41.449] [Render thread/INFO] [com.onewhohears.onewholibs.data.jsonpreset.JsonPresetReloadListener/]: ADD: dscombat:eden_lift_aoa
[28мая2026 15:36:41.449] [Render thread/INFO] [com.onewhohears.onewholibs.data.jsonpreset.JsonPresetReloadListener/]: ADD: dscombat:fuselage
[28мая2026 15:36:41.449] [Render thread/INFO] [com.onewhohears.onewholibs.data.jsonpreset.JsonPresetReloadListener/]: ADD: dscombat:felix_plane_turn_rates
[28мая2026 15:36:41.449] [Render thread/INFO] [com.onewhohears.onewholibs.data.jsonpreset.JsonPresetReloadListener/]: ADD: dscombat:alexis_drag_aoa
[28мая2026 15:36:41.449] [Render thread/INFO] [com.onewhohears.onewholibs.data.jsonpreset.JsonPresetReloadListener/]: ADD: dscombat:javi_drag_aoa
[28мая2026 15:36:41.449] [Render thread/INFO] [com.onewhohears.onewholibs.data.jsonpreset.JsonPresetReloadListener/]: ADD: dscombat:alexis_plane_turn_rates
[28мая2026 15:36:41.449] [Render thread/INFO] [com.onewhohears.onewholibs.data.jsonpreset.JsonPresetReloadListener/]: ADD: dscombat:arcade_fuselage
[28мая2026 15:36:41.449] [Render thread/INFO] [com.onewhohears.onewholibs.data.jsonpreset.JsonPresetReloadListener/]: ADD: dscombat:javi_plane_turn_rates
[28мая2026 15:36:41.449] [Render thread/INFO] [com.onewhohears.onewholibs.data.jsonpreset.JsonPresetReloadListener/]: ADD: dscombat:e3sentry_drag_aoa
[28мая2026 15:36:41.449] [Render thread/INFO] [com.onewhohears.onewholibs.data.jsonpreset.JsonPresetReloadListener/]: ADD: dscombat:air_density_minecraft_overworld
[28мая2026 15:36:41.449] [Render thread/INFO] [com.onewhohears.onewholibs.data.jsonpreset.JsonPresetReloadListener/]: ADD: dscombat:e3sentry_lift_aoa
[28мая2026 15:36:41.449] [Render thread/INFO] [com.onewhohears.onewholibs.data.jsonpreset.JsonPresetReloadListener/]: ADD: dscombat:eden_drag_aoa
[28мая2026 15:36:41.449] [Render thread/INFO] [com.onewhohears.onewholibs.data.jsonpreset.JsonPresetReloadListener/]: ADD: dscombat:wooden_plane_turn_rates
[28мая2026 15:36:41.449] [Render thread/INFO] [com.onewhohears.onewholibs.data.jsonpreset.JsonPresetReloadListener/]: MERGING COPIES WITH PARENT PRESETS StatGraphs
[28мая2026 15:36:41.449] [Render thread/INFO] [com.onewhohears.onewholibs.data.jsonpreset.JsonPresetReloadListener/]: FINISHED 31
[28мая2026 15:36:41.449] [Render thread/INFO] [com.onewhohears.onewholibs.data.jsonpreset.JsonPresetReloadListener/]: APPLYING PRESETS TO COMMON CACHE VehiclePresets
[28мая2026 15:36:41.450] [Render thread/INFO] [com.onewhohears.onewholibs.data.jsonpreset.JsonPresetReloadListener/]: ADD: dscombat:cruiser_empty
[28мая2026 15:36:41.450] [Render thread/INFO] [com.onewhohears.onewholibs.data.jsonpreset.JsonPresetReloadListener/]: ADD: dscombat:javi_plane_close_air
[28мая2026 15:36:41.450] [Render thread/INFO] [com.onewhohears.onewholibs.data.jsonpreset.JsonPresetReloadListener/]: ADD: dscombat:wooden_plane
[28мая2026 15:36:41.451] [Render thread/INFO] [com.onewhohears.onewholibs.data.jsonpreset.JsonPresetReloadListener/]: ADD: dscombat:jason_plane_empty
[28мая2026 15:36:41.451] [Render thread/INFO] [com.onewhohears.onewholibs.data.jsonpreset.JsonPresetReloadListener/]: ADD: dscombat:cruiser_unarmed
[28мая2026 15:36:41.451] [Render thread/INFO] [com.onewhohears.onewholibs.data.jsonpreset.JsonPresetReloadListener/]: ADD: dscombat:google_sub_unarmed
[28мая2026 15:36:41.451] [Render thread/INFO] [com.onewhohears.onewholibs.data.jsonpreset.JsonPresetReloadListener/]: ADD: dscombat:jason_plane_unarmed
[28мая2026 15:36:41.451] [Render thread/INFO] [com.onewhohears.onewholibs.data.jsonpreset.JsonPresetReloadListener/]: ADD: dscombat:alexis_plane_escort
[28мая2026 15:36:41.451] [Render thread/INFO] [com.onewhohears.onewholibs.data.jsonpreset.JsonPresetReloadListener/]: ADD: dscombat:krait_chopper_brawler
[28мая2026 15:36:41.451] [Render thread/INFO] [com.onewhohears.onewholibs.data.jsonpreset.JsonPresetReloadListener/]: ADD: dscombat:nathan_boat_empty
[28мая2026 15:36:41.452] [Render thread/INFO] [com.onewhohears.onewholibs.data.jsonpreset.JsonPresetReloadListener/]: ADD: dscombat:wooden_plane_empty
[28мая2026 15:36:41.452] [Render thread/INFO] [com.onewhohears.onewholibs.data.jsonpreset.JsonPresetReloadListener/]: ADD: dscombat:destroyer_empty
[28мая2026 15:36:41.452] [Render thread/INFO] [com.onewhohears.onewholibs.data.jsonpreset.JsonPresetReloadListener/]: ADD: dscombat:aircraft_carrier_unarmed
[28мая2026 15:36:41.452] [Render thread/INFO] [com.onewhohears.onewholibs.data.jsonpreset.JsonPresetReloadListener/]: ADD: dscombat:andolf_sub
[28мая2026 15:36:41.452] [Render thread/INFO] [com.onewhohears.onewholibs.data.jsonpreset.JsonPresetReloadListener/]: ADD: dscombat:corvette
[28мая2026 15:36:41.453] [Render thread/INFO] [com.onewhohears.onewholibs.data.jsonpreset.JsonPresetReloadListener/]: ADD: dscombat:felix_plane_empty
[28мая2026 15:36:41.453] [Render thread/INFO] [com.onewhohears.onewholibs.data.jsonpreset.JsonPresetReloadListener/]: ADD: dscombat:felix_plane_support
[28мая2026 15:36:41.453] [Render thread/INFO] [com.onewhohears.onewholibs.data.jsonpreset.JsonPresetReloadListener/]: ADD: dscombat:alexis_plane_sniper
[28мая2026 15:36:41.454] [Render thread/INFO] [com.onewhohears.onewholibs.data.jsonpreset.JsonPresetReloadListener/]: ADD: dscombat:bronco_plane_empty
[28мая2026 15:36:41.454] [Render thread/INFO] [com.onewhohears.onewholibs.data.jsonpreset.JsonPresetReloadListener/]: ADD: dscombat:small_roller
[28мая2026 15:36:41.454] [Render thread/INFO] [com.onewhohears.onewholibs.data.jsonpreset.JsonPresetReloadListener/]: ADD: dscombat:mrbudger_tank
[28мая2026 15:36:41.454] [Render thread/INFO] [com.onewhohears.onewholibs.data.jsonpreset.JsonPresetReloadListener/]: ADD: dscombat:alexis_plane_unarmed
[28мая2026 15:36:41.455] [Render thread/INFO] [com.onewhohears.onewholibs.data.jsonpreset.JsonPresetReloadListener/]: ADD: dscombat:eden_plane_support
[28мая2026 15:36:41.455] [Render thread/INFO] [com.onewhohears.onewholibs.data.jsonpreset.JsonPresetReloadListener/]: ADD: dscombat:gronk_battleship
[28мая2026 15:36:41.455] [Render thread/INFO] [com.onewhohears.onewholibs.data.jsonpreset.JsonPresetReloadListener/]: ADD: dscombat:turret_platform
[28мая2026 15:36:41.455] [Render thread/INFO] [com.onewhohears.onewholibs.data.jsonpreset.JsonPresetReloadListener/]: ADD: dscombat:aircraft_carrier_empty
[28мая2026 15:36:41.455] [Render thread/INFO] [com.onewhohears.onewholibs.data.jsonpreset.JsonPresetReloadListener/]: ADD: dscombat:krait_chopper_door_knocker
[28мая2026 15:36:41.455] [Render thread/INFO] [com.onewhohears.onewholibs.data.jsonpreset.JsonPresetReloadListener/]: ADD: dscombat:nathan_boat
[28мая2026 15:36:41.455] [Render thread/INFO] [com.onewhohears.onewholibs.data.jsonpreset.JsonPresetReloadListener/]: ADD: dscombat:krait_chopper_empty
[28мая2026 15:36:41.456] [Render thread/INFO] [com.onewhohears.onewholibs.data.jsonpreset.JsonPresetReloadListener/]: ADD: dscombat:small_roller_unarmed
[28мая2026 15:36:41.456] [Render thread/INFO] [com.onewhohears.onewholibs.data.jsonpreset.JsonPresetReloadListener/]: ADD: dscombat:willy_jeep
[28мая2026 15:36:41.456] [Render thread/INFO] [com.onewhohears.onewholibs.data.jsonpreset.JsonPresetReloadListener/]: ADD: dscombat:wooden_plane_fighter
[28мая2026 15:36:41.456] [Render thread/INFO] [com.onewhohears.onewholibs.data.jsonpreset.JsonPresetReloadListener/]: ADD: dscombat:felix_plane_unarmed
[28мая2026 15:36:41.456] [Render thread/INFO] [com.onewhohears.onewholibs.data.jsonpreset.JsonPresetReloadListener/]: ADD: dscombat:javi_plane
[28мая2026 15:36:41.456] [Render thread/INFO] [com.onewhohears.onewholibs.data.jsonpreset.JsonPresetReloadListener/]: ADD: dscombat:mrbudger_tank_empty
[28мая2026 15:36:41.456] [Render thread/INFO] [com.onewhohears.onewholibs.data.jsonpreset.JsonPresetReloadListener/]: ADD: dscombat:gronk_battleship_unarmed
[28мая2026 15:36:41.456] [Render thread/INFO] [com.onewhohears.onewholibs.data.jsonpreset.JsonPresetReloadListener/]: ADD: dscombat:destroyer
[28мая2026 15:36:41.457] [Render thread/INFO] [com.onewhohears.onewholibs.data.jsonpreset.JsonPresetReloadListener/]: ADD: dscombat:gronk_battleship_empty
[28мая2026 15:36:41.457] [Render thread/INFO] [com.onewhohears.onewholibs.data.jsonpreset.JsonPresetReloadListener/]: ADD: dscombat:bronco_plane_unarmed
[28мая2026 15:36:41.457] [Render thread/INFO] [com.onewhohears.onewholibs.data.jsonpreset.JsonPresetReloadListener/]: ADD: dscombat:corvette_empty
[28мая2026 15:36:41.457] [Render thread/INFO] [com.onewhohears.onewholibs.data.jsonpreset.JsonPresetReloadListener/]: ADD: dscombat:axcel_truck_unarmed
[28мая2026 15:36:41.457] [Render thread/INFO] [com.onewhohears.onewholibs.data.jsonpreset.JsonPresetReloadListener/]: ADD: dscombat:corvette_unarmed
[28мая2026 15:36:41.457] [Render thread/INFO] [com.onewhohears.onewholibs.data.jsonpreset.JsonPresetReloadListener/]: ADD: dscombat:javi_plane_unarmed
[28мая2026 15:36:41.457] [Render thread/INFO] [com.onewhohears.onewholibs.data.jsonpreset.JsonPresetReloadListener/]: ADD: dscombat:aircraft_carrier
[28мая2026 15:36:41.458] [Render thread/INFO] [com.onewhohears.onewholibs.data.jsonpreset.JsonPresetReloadListener/]: ADD: dscombat:small_roller_tank
[28мая2026 15:36:41.458] [Render thread/INFO] [com.onewhohears.onewholibs.data.jsonpreset.JsonPresetReloadListener/]: ADD: dscombat:javi_plane_heavy_bomber
[28мая2026 15:36:41.458] [Render thread/INFO] [com.onewhohears.onewholibs.data.jsonpreset.JsonPresetReloadListener/]: ADD: dscombat:krait_chopper
[28мая2026 15:36:41.458] [Render thread/INFO] [com.onewhohears.onewholibs.data.jsonpreset.JsonPresetReloadListener/]: ADD: dscombat:eric_truck_unarmed
[28мая2026 15:36:41.458] [Render thread/INFO] [com.onewhohears.onewholibs.data.jsonpreset.JsonPresetReloadListener/]: ADD: dscombat:javi_plane_bomber
[28мая2026 15:36:41.458] [Render thread/INFO] [com.onewhohears.onewholibs.data.jsonpreset.JsonPresetReloadListener/]: ADD: dscombat:willy_jeep_empty
[28мая2026 15:36:41.458] [Render thread/INFO] [com.onewhohears.onewholibs.data.jsonpreset.JsonPresetReloadListener/]: ADD: dscombat:felix_plane_defender
[28мая2026 15:36:41.459] [Render thread/INFO] [com.onewhohears.onewholibs.data.jsonpreset.JsonPresetReloadListener/]: ADD: dscombat:james_wooden_plane_empty
[28мая2026 15:36:41.459] [Render thread/INFO] [com.onewhohears.onewholibs.data.jsonpreset.JsonPresetReloadListener/]: ADD: dscombat:alexis_plane_support
[28мая2026 15:36:41.459] [Render thread/INFO] [com.onewhohears.onewholibs.data.jsonpreset.JsonPresetReloadListener/]: ADD: dscombat:axcel_truck
[28мая2026 15:36:41.459] [Render thread/INFO] [com.onewhohears.onewholibs.data.jsonpreset.JsonPresetReloadListener/]: ADD: dscombat:eric_truck
[28мая2026 15:36:41.460] [Render thread/INFO] [com.onewhohears.onewholibs.data.jsonpreset.JsonPresetReloadListener/]: ADD: dscombat:eric_truck_empty
[28мая2026 15:36:41.460] [Render thread/INFO] [com.onewhohears.onewholibs.data.jsonpreset.JsonPresetReloadListener/]: ADD: dscombat:small_roller_empty
[28мая2026 15:36:41.460] [Render thread/INFO] [com.onewhohears.onewholibs.data.jsonpreset.JsonPresetReloadListener/]: ADD: dscombat:felix_plane
[28мая2026 15:36:41.460] [Render thread/INFO] [com.onewhohears.onewholibs.data.jsonpreset.JsonPresetReloadListener/]: ADD: dscombat:e3sentry_plane
[28мая2026 15:36:41.460] [Render thread/INFO] [com.onewhohears.onewholibs.data.jsonpreset.JsonPresetReloadListener/]: ADD: dscombat:google_sub
[28мая2026 15:36:41.460] [Render thread/INFO] [com.onewhohears.onewholibs.data.jsonpreset.JsonPresetReloadListener/]: ADD: dscombat:ewr4000
[28мая2026 15:36:41.461] [Render thread/INFO] [com.onewhohears.onewholibs.data.jsonpreset.JsonPresetReloadListener/]: ADD: dscombat:e3sentry_plane_empty
[28мая2026 15:36:41.461] [Render thread/INFO] [com.onewhohears.onewholibs.data.jsonpreset.JsonPresetReloadListener/]: ADD: dscombat:eden_plane_unarmed
[28мая2026 15:36:41.462] [Render thread/INFO] [com.onewhohears.onewholibs.data.jsonpreset.JsonPresetReloadListener/]: ADD: dscombat:alexis_plane_empty
[28мая2026 15:36:41.462] [Render thread/INFO] [com.onewhohears.onewholibs.data.jsonpreset.JsonPresetReloadListener/]: ADD: dscombat:tech_turret_platform
[28мая2026 15:36:41.462] [Render thread/INFO] [com.onewhohears.onewholibs.data.jsonpreset.JsonPresetReloadListener/]: ADD: dscombat:noah_chopper
[28мая2026 15:36:41.462] [Render thread/INFO] [com.onewhohears.onewholibs.data.jsonpreset.JsonPresetReloadListener/]: ADD: dscombat:orange_tesla
[28мая2026 15:36:41.462] [Render thread/INFO] [com.onewhohears.onewholibs.data.jsonpreset.JsonPresetReloadListener/]: ADD: dscombat:alexis_plane
[28мая2026 15:36:41.462] [Render thread/INFO] [com.onewhohears.onewholibs.data.jsonpreset.JsonPresetReloadListener/]: ADD: dscombat:krait_chopper_dog_fighter
[28мая2026 15:36:41.462] [Render thread/INFO] [com.onewhohears.onewholibs.data.jsonpreset.JsonPresetReloadListener/]: ADD: dscombat:andolf_sub_empty
[28мая2026 15:36:41.463] [Render thread/INFO] [com.onewhohears.onewholibs.data.jsonpreset.JsonPresetReloadListener/]: ADD: dscombat:jason_plane
[28мая2026 15:36:41.463] [Render thread/INFO] [com.onewhohears.onewholibs.data.jsonpreset.JsonPresetReloadListener/]: ADD: dscombat:axcel_truck_empty
[28мая2026 15:36:41.463] [Render thread/INFO] [com.onewhohears.onewholibs.data.jsonpreset.JsonPresetReloadListener/]: ADD: dscombat:eden_plane_interceptor
[28мая2026 15:36:41.463] [Render thread/INFO] [com.onewhohears.onewholibs.data.jsonpreset.JsonPresetReloadListener/]: ADD: dscombat:bronco_plane
[28мая2026 15:36:41.463] [Render thread/INFO] [com.onewhohears.onewholibs.data.jsonpreset.JsonPresetReloadListener/]: ADD: dscombat:james_wooden_plane
[28мая2026 15:36:41.463] [Render thread/INFO] [com.onewhohears.onewholibs.data.jsonpreset.JsonPresetReloadListener/]: ADD: dscombat:google_sub_empty
[28мая2026 15:36:41.463] [Render thread/INFO] [com.onewhohears.onewholibs.data.jsonpreset.JsonPresetReloadListener/]: ADD: dscombat:bronco_plane_shitter
[28мая2026 15:36:41.463] [Render thread/INFO] [com.onewhohears.onewholibs.data.jsonpreset.JsonPresetReloadListener/]: ADD: dscombat:cruiser
[28мая2026 15:36:41.463] [Render thread/INFO] [com.onewhohears.onewholibs.data.jsonpreset.JsonPresetReloadListener/]: ADD: dscombat:alexis_plane_infiltrator
[28мая2026 15:36:41.465] [Render thread/INFO] [com.onewhohears.onewholibs.data.jsonpreset.JsonPresetReloadListener/]: ADD: dscombat:javi_plane_empty
[28мая2026 15:36:41.465] [Render thread/INFO] [com.onewhohears.onewholibs.data.jsonpreset.JsonPresetReloadListener/]: ADD: dscombat:wooden_plane_bomber
[28мая2026 15:36:41.465] [Render thread/INFO] [com.onewhohears.onewholibs.data.jsonpreset.JsonPresetReloadListener/]: ADD: dscombat:javi_plane_truck
[28мая2026 15:36:41.465] [Render thread/INFO] [com.onewhohears.onewholibs.data.jsonpreset.JsonPresetReloadListener/]: ADD: dscombat:andolf_sub_unarmed
[28мая2026 15:36:41.465] [Render thread/INFO] [com.onewhohears.onewholibs.data.jsonpreset.JsonPresetReloadListener/]: ADD: dscombat:werewolf_empty
[28мая2026 15:36:41.465] [Render thread/INFO] [com.onewhohears.onewholibs.data.jsonpreset.JsonPresetReloadListener/]: ADD: dscombat:krait_chopper_unarmed
[28мая2026 15:36:41.465] [Render thread/INFO] [com.onewhohears.onewholibs.data.jsonpreset.JsonPresetReloadListener/]: ADD: dscombat:mrbudger_tank_unarmed
[28мая2026 15:36:41.466] [Render thread/INFO] [com.onewhohears.onewholibs.data.jsonpreset.JsonPresetReloadListener/]: ADD: dscombat:noah_chopper_empty
[28мая2026 15:36:41.466] [Render thread/INFO] [com.onewhohears.onewholibs.data.jsonpreset.JsonPresetReloadListener/]: ADD: dscombat:destroyer_unarmed
[28мая2026 15:36:41.466] [Render thread/INFO] [com.onewhohears.onewholibs.data.jsonpreset.JsonPresetReloadListener/]: ADD: dscombat:eden_plane
[28мая2026 15:36:41.466] [Render thread/INFO] [com.onewhohears.onewholibs.data.jsonpreset.JsonPresetReloadListener/]: ADD: dscombat:eden_plane_empty
[28мая2026 15:36:41.466] [Render thread/INFO] [com.onewhohears.onewholibs.data.jsonpreset.JsonPresetReloadListener/]: ADD: dscombat:nathan_boat_unarmed
[28мая2026 15:36:41.466] [Render thread/INFO] [com.onewhohears.onewholibs.data.jsonpreset.JsonPresetReloadListener/]: ADD: dscombat:noah_chopper_unarmed
[28мая2026 15:36:41.466] [Render thread/INFO] [com.onewhohears.onewholibs.data.jsonpreset.JsonPresetReloadListener/]: MERGING COPIES WITH PARENT PRESETS VehiclePresets
[28мая2026 15:36:41.468] [Render thread/INFO] [com.onewhohears.onewholibs.data.jsonpreset.JsonPresetReloadListener/]: MERGED: bronco_plane_unarmed with bronco_plane_empty
[28мая2026 15:36:41.468] [Render thread/INFO] [com.onewhohears.onewholibs.data.jsonpreset.JsonPresetReloadListener/]: MERGED: bronco_plane with bronco_plane_unarmed
[28мая2026 15:36:41.468] [Render thread/INFO] [com.onewhohears.onewholibs.data.jsonpreset.JsonPresetReloadListener/]: MERGED: small_roller_unarmed with small_roller_empty
[28мая2026 15:36:41.469] [Render thread/INFO] [com.onewhohears.onewholibs.data.jsonpreset.JsonPresetReloadListener/]: MERGED: small_roller with small_roller_unarmed
[28мая2026 15:36:41.469] [Render thread/INFO] [com.onewhohears.onewholibs.data.jsonpreset.JsonPresetReloadListener/]: MERGED: mrbudger_tank_unarmed with mrbudger_tank_empty
[28мая2026 15:36:41.469] [Render thread/INFO] [com.onewhohears.onewholibs.data.jsonpreset.JsonPresetReloadListener/]: MERGED: mrbudger_tank with mrbudger_tank_unarmed
[28мая2026 15:36:41.469] [Render thread/INFO] [com.onewhohears.onewholibs.data.jsonpreset.JsonPresetReloadListener/]: MERGED: destroyer_unarmed with destroyer_empty
[28мая2026 15:36:41.470] [Render thread/INFO] [com.onewhohears.onewholibs.data.jsonpreset.JsonPresetReloadListener/]: MERGED: felix_plane_unarmed with felix_plane_empty
[28мая2026 15:36:41.471] [Render thread/INFO] [com.onewhohears.onewholibs.data.jsonpreset.JsonPresetReloadListener/]: MERGED: alexis_plane_unarmed with alexis_plane_empty
[28мая2026 15:36:41.471] [Render thread/INFO] [com.onewhohears.onewholibs.data.jsonpreset.JsonPresetReloadListener/]: MERGED: alexis_plane_infiltrator with alexis_plane_unarmed
[28мая2026 15:36:41.472] [Render thread/INFO] [com.onewhohears.onewholibs.data.jsonpreset.JsonPresetReloadListener/]: MERGED: gronk_battleship_unarmed with gronk_battleship_empty
[28мая2026 15:36:41.472] [Render thread/INFO] [com.onewhohears.onewholibs.data.jsonpreset.JsonPresetReloadListener/]: MERGED: javi_plane_unarmed with javi_plane_empty
[28мая2026 15:36:41.473] [Render thread/INFO] [com.onewhohears.onewholibs.data.jsonpreset.JsonPresetReloadListener/]: MERGED: javi_plane with javi_plane_unarmed
[28мая2026 15:36:41.473] [Render thread/INFO] [com.onewhohears.onewholibs.data.jsonpreset.JsonPresetReloadListener/]: MERGED: axcel_truck_unarmed with axcel_truck_empty
[28мая2026 15:36:41.473] [Render thread/INFO] [com.onewhohears.onewholibs.data.jsonpreset.JsonPresetReloadListener/]: MERGED: cruiser_unarmed with cruiser_empty
[28мая2026 15:36:41.473] [Render thread/INFO] [com.onewhohears.onewholibs.data.jsonpreset.JsonPresetReloadListener/]: MERGED: cruiser with cruiser_unarmed
[28мая2026 15:36:41.473] [Render thread/INFO] [com.onewhohears.onewholibs.data.jsonpreset.JsonPresetReloadListener/]: MERGED: corvette_unarmed with corvette_empty
[28мая2026 15:36:41.474] [Render thread/INFO] [com.onewhohears.onewholibs.data.jsonpreset.JsonPresetReloadListener/]: MERGED: corvette with corvette_unarmed
[28мая2026 15:36:41.474] [Render thread/INFO] [com.onewhohears.onewholibs.data.jsonpreset.JsonPresetReloadListener/]: MERGED: javi_plane_bomber with javi_plane_unarmed
[28мая2026 15:36:41.474] [Render thread/INFO] [com.onewhohears.onewholibs.data.jsonpreset.JsonPresetReloadListener/]: MERGED: javi_plane_truck with javi_plane_unarmed
[28мая2026 15:36:41.475] [Render thread/INFO] [com.onewhohears.onewholibs.data.jsonpreset.JsonPresetReloadListener/]: MERGED: krait_chopper_unarmed with krait_chopper_empty
[28мая2026 15:36:41.475] [Render thread/INFO] [com.onewhohears.onewholibs.data.jsonpreset.JsonPresetReloadListener/]: MERGED: krait_chopper with krait_chopper_unarmed
[28мая2026 15:36:41.475] [Render thread/INFO] [com.onewhohears.onewholibs.data.jsonpreset.JsonPresetReloadListener/]: MERGED: eden_plane_unarmed with eden_plane_empty
[28мая2026 15:36:41.475] [Render thread/INFO] [com.onewhohears.onewholibs.data.jsonpreset.JsonPresetReloadListener/]: MERGED: eden_plane with eden_plane_unarmed
[28мая2026 15:36:41.475] [Render thread/INFO] [com.onewhohears.onewholibs.data.jsonpreset.JsonPresetReloadListener/]: MERGED: aircraft_carrier_unarmed with aircraft_carrier_empty
[28мая2026 15:36:41.476] [Render thread/INFO] [com.onewhohears.onewholibs.data.jsonpreset.JsonPresetReloadListener/]: MERGED: aircraft_carrier with aircraft_carrier_unarmed
[28мая2026 15:36:41.476] [Render thread/INFO] [com.onewhohears.onewholibs.data.jsonpreset.JsonPresetReloadListener/]: MERGED: felix_plane_defender with felix_plane_unarmed
[28мая2026 15:36:41.476] [Render thread/INFO] [com.onewhohears.onewholibs.data.jsonpreset.JsonPresetReloadListener/]: MERGED: jason_plane_unarmed with jason_plane_empty
[28мая2026 15:36:41.476] [Render thread/INFO] [com.onewhohears.onewholibs.data.jsonpreset.JsonPresetReloadListener/]: MERGED: gronk_battleship with gronk_battleship_unarmed
[28мая2026 15:36:41.476] [Render thread/INFO] [com.onewhohears.onewholibs.data.jsonpreset.JsonPresetReloadListener/]: MERGED: krait_chopper_door_knocker with krait_chopper_unarmed
[28мая2026 15:36:41.477] [Render thread/INFO] [com.onewhohears.onewholibs.data.jsonpreset.JsonPresetReloadListener/]: MERGED: nathan_boat_unarmed with nathan_boat_empty
[28мая2026 15:36:41.477] [Render thread/INFO] [com.onewhohears.onewholibs.data.jsonpreset.JsonPresetReloadListener/]: MERGED: nathan_boat with nathan_boat_unarmed
[28мая2026 15:36:41.477] [Render thread/INFO] [com.onewhohears.onewholibs.data.jsonpreset.JsonPresetReloadListener/]: MERGED: alexis_plane_support with alexis_plane_unarmed
[28мая2026 15:36:41.477] [Render thread/INFO] [com.onewhohears.onewholibs.data.jsonpreset.JsonPresetReloadListener/]: MERGED: eric_truck_unarmed with eric_truck_empty
[28мая2026 15:36:41.477] [Render thread/INFO] [com.onewhohears.onewholibs.data.jsonpreset.JsonPresetReloadListener/]: MERGED: eric_truck with eric_truck_unarmed
[28мая2026 15:36:41.477] [Render thread/INFO] [com.onewhohears.onewholibs.data.jsonpreset.JsonPresetReloadListener/]: MERGED: andolf_sub_unarmed with andolf_sub_empty
[28мая2026 15:36:41.478] [Render thread/INFO] [com.onewhohears.onewholibs.data.jsonpreset.JsonPresetReloadListener/]: MERGED: javi_plane_close_air with javi_plane_unarmed
[28мая2026 15:36:41.478] [Render thread/INFO] [com.onewhohears.onewholibs.data.jsonpreset.JsonPresetReloadListener/]: MERGED: e3sentry_plane with e3sentry_plane_empty
[28мая2026 15:36:41.478] [Render thread/INFO] [com.onewhohears.onewholibs.data.jsonpreset.JsonPresetReloadListener/]: MERGED: alexis_plane_sniper with alexis_plane_unarmed
[28мая2026 15:36:41.478] [Render thread/INFO] [com.onewhohears.onewholibs.data.jsonpreset.JsonPresetReloadListener/]: MERGED: alexis_plane with alexis_plane_unarmed
[28мая2026 15:36:41.479] [Render thread/INFO] [com.onewhohears.onewholibs.data.jsonpreset.JsonPresetReloadListener/]: MERGED: google_sub_unarmed with google_sub_empty
[28мая2026 15:36:41.479] [Render thread/INFO] [com.onewhohears.onewholibs.data.jsonpreset.JsonPresetReloadListener/]: MERGED: google_sub with google_sub_unarmed
[28мая2026 15:36:41.479] [Render thread/INFO] [com.onewhohears.onewholibs.data.jsonpreset.JsonPresetReloadListener/]: MERGED: noah_chopper_unarmed with noah_chopper_empty
[28мая2026 15:36:41.479] [Render thread/INFO] [com.onewhohears.onewholibs.data.jsonpreset.JsonPresetReloadListener/]: MERGED: noah_chopper with noah_chopper_unarmed
[28мая2026 15:36:41.479] [Render thread/INFO] [com.onewhohears.onewholibs.data.jsonpreset.JsonPresetReloadListener/]: MERGED: bronco_plane_shitter with bronco_plane_unarmed
[28мая2026 15:36:41.479] [Render thread/INFO] [com.onewhohears.onewholibs.data.jsonpreset.JsonPresetReloadListener/]: MERGED: tech_turret_platform with turret_platform
[28мая2026 15:36:41.479] [Render thread/INFO] [com.onewhohears.onewholibs.data.jsonpreset.JsonPresetReloadListener/]: MERGED: willy_jeep with willy_jeep_empty
[28мая2026 15:36:41.480] [Render thread/INFO] [com.onewhohears.onewholibs.data.jsonpreset.JsonPresetReloadListener/]: MERGED: eden_plane_interceptor with eden_plane_unarmed
[28мая2026 15:36:41.480] [Render thread/INFO] [com.onewhohears.onewholibs.data.jsonpreset.JsonPresetReloadListener/]: MERGED: wooden_plane with wooden_plane_empty
[28мая2026 15:36:41.480] [Render thread/INFO] [com.onewhohears.onewholibs.data.jsonpreset.JsonPresetReloadListener/]: MERGED: wooden_plane_bomber with wooden_plane
[28мая2026 15:36:41.480] [Render thread/INFO] [com.onewhohears.onewholibs.data.jsonpreset.JsonPresetReloadListener/]: MERGED: small_roller_tank with small_roller_unarmed
[28мая2026 15:36:41.480] [Render thread/INFO] [com.onewhohears.onewholibs.data.jsonpreset.JsonPresetReloadListener/]: MERGED: krait_chopper_dog_fighter with krait_chopper_unarmed
[28мая2026 15:36:41.480] [Render thread/INFO] [com.onewhohears.onewholibs.data.jsonpreset.JsonPresetReloadListener/]: MERGED: destroyer with destroyer_unarmed
[28мая2026 15:36:41.481] [Render thread/INFO] [com.onewhohears.onewholibs.data.jsonpreset.JsonPresetReloadListener/]: MERGED: james_wooden_plane with james_wooden_plane_empty
[28мая2026 15:36:41.481] [Render thread/INFO] [com.onewhohears.onewholibs.data.jsonpreset.JsonPresetReloadListener/]: MERGED: jason_plane with jason_plane_unarmed
[28мая2026 15:36:41.481] [Render thread/INFO] [com.onewhohears.onewholibs.data.jsonpreset.JsonPresetReloadListener/]: MERGED: javi_plane_heavy_bomber with javi_plane_unarmed
[28мая2026 15:36:41.481] [Render thread/INFO] [com.onewhohears.onewholibs.data.jsonpreset.JsonPresetReloadListener/]: MERGED: wooden_plane_fighter with wooden_plane
[28мая2026 15:36:41.482] [Render thread/INFO] [com.onewhohears.onewholibs.data.jsonpreset.JsonPresetReloadListener/]: MERGED: felix_plane with felix_plane_unarmed
[28мая2026 15:36:41.482] [Render thread/INFO] [com.onewhohears.onewholibs.data.jsonpreset.JsonPresetReloadListener/]: MERGED: alexis_plane_escort with alexis_plane_unarmed
[28мая2026 15:36:41.482] [Render thread/INFO] [com.onewhohears.onewholibs.data.jsonpreset.JsonPresetReloadListener/]: MERGED: andolf_sub with andolf_sub_unarmed
[28мая2026 15:36:41.482] [Render thread/INFO] [com.onewhohears.onewholibs.data.jsonpreset.JsonPresetReloadListener/]: MERGED: axcel_truck with axcel_truck_unarmed
[28мая2026 15:36:41.482] [Render thread/INFO] [com.onewhohears.onewholibs.data.jsonpreset.JsonPresetReloadListener/]: MERGED: eden_plane_support with eden_plane_unarmed
[28мая2026 15:36:41.482] [Render thread/INFO] [com.onewhohears.onewholibs.data.jsonpreset.JsonPresetReloadListener/]: MERGED: krait_chopper_brawler with krait_chopper_unarmed
[28мая2026 15:36:41.483] [Render thread/INFO] [com.onewhohears.onewholibs.data.jsonpreset.JsonPresetReloadListener/]: MERGED: felix_plane_support with felix_plane_unarmed
[28мая2026 15:36:41.492] [Render thread/INFO] [com.onewhohears.onewholibs.data.jsonpreset.JsonPresetReloadListener/]: FINISHED 92
[28мая2026 15:36:41.492] [Render thread/INFO] [com.onewhohears.onewholibs.data.jsonpreset.JsonPresetReloadListener/]: APPLYING PRESETS TO COMMON CACHE WeaponPresets
[28мая2026 15:36:41.529] [Render thread/INFO] [com.onewhohears.onewholibs.data.jsonpreset.JsonPresetReloadListener/]: ADD: dscombat:meteor
[28мая2026 15:36:41.540] [Render thread/INFO] [com.onewhohears.onewholibs.data.jsonpreset.JsonPresetReloadListener/]: ADD: dscombat:smoke_grenade
[28мая2026 15:36:41.545] [Render thread/INFO] [com.onewhohears.onewholibs.data.jsonpreset.JsonPresetReloadListener/]: ADD: dscombat:napalm
[28мая2026 15:36:41.545] [Render thread/INFO] [com.onewhohears.onewholibs.data.jsonpreset.JsonPresetReloadListener/]: ADD: dscombat:10mm
[28мая2026 15:36:41.545] [Render thread/INFO] [com.onewhohears.onewholibs.data.jsonpreset.JsonPresetReloadListener/]: ADD: dscombat:aim7mh
[28мая2026 15:36:41.546] [Render thread/INFO] [com.onewhohears.onewholibs.data.jsonpreset.JsonPresetReloadListener/]: ADD: dscombat:pac3
[28мая2026 15:36:41.550] [Render thread/INFO] [com.onewhohears.onewholibs.data.jsonpreset.JsonPresetReloadListener/]: ADD: dscombat:aim9x
[28мая2026 15:36:41.550] [Render thread/INFO] [com.onewhohears.onewholibs.data.jsonpreset.JsonPresetReloadListener/]: ADD: dscombat:rgm84
[28мая2026 15:36:41.553] [Render thread/INFO] [com.onewhohears.onewholibs.data.jsonpreset.JsonPresetReloadListener/]: ADD: dscombat:gruetz_bunker_buster
[28мая2026 15:36:41.553] [Render thread/INFO] [com.onewhohears.onewholibs.data.jsonpreset.JsonPresetReloadListener/]: ADD: dscombat:anm57
[28мая2026 15:36:41.553] [Render thread/INFO] [com.onewhohears.onewholibs.data.jsonpreset.JsonPresetReloadListener/]: ADD: dscombat:bgm109
[28мая2026 15:36:41.553] [Render thread/INFO] [com.onewhohears.onewholibs.data.jsonpreset.JsonPresetReloadListener/]: ADD: dscombat:20mmhe
[28мая2026 15:36:41.553] [Render thread/INFO] [com.onewhohears.onewholibs.data.jsonpreset.JsonPresetReloadListener/]: ADD: dscombat:120mmhe
[28мая2026 15:36:41.553] [Render thread/INFO] [com.onewhohears.onewholibs.data.jsonpreset.JsonPresetReloadListener/]: ADD: dscombat:anm30
[28мая2026 15:36:41.554] [Render thread/INFO] [com.onewhohears.onewholibs.data.jsonpreset.JsonPresetReloadListener/]: ADD: dscombat:agm65g
[28мая2026 15:36:41.554] [Render thread/INFO] [com.onewhohears.onewholibs.data.jsonpreset.JsonPresetReloadListener/]: ADD: dscombat:50mmhe
[28мая2026 15:36:41.554] [Render thread/INFO] [com.onewhohears.onewholibs.data.jsonpreset.JsonPresetReloadListener/]: ADD: dscombat:20mm
[28мая2026 15:36:41.559] [Render thread/INFO] [com.onewhohears.onewholibs.data.jsonpreset.JsonPresetReloadListener/]: ADD: dscombat:agm114k
[28мая2026 15:36:41.562] [Render thread/INFO] [com.onewhohears.onewholibs.data.jsonpreset.JsonPresetReloadListener/]: ADD: dscombat:m203_grenade
[28мая2026 15:36:41.562] [Render thread/INFO] [com.onewhohears.onewholibs.data.jsonpreset.JsonPresetReloadListener/]: ADD: dscombat:agm65l
[28мая2026 15:36:41.562] [Render thread/INFO] [com.onewhohears.onewholibs.data.jsonpreset.JsonPresetReloadListener/]: ADD: dscombat:406mmhe
[28мая2026 15:36:41.566] [Render thread/INFO] [com.onewhohears.onewholibs.data.jsonpreset.JsonPresetReloadListener/]: ADD: dscombat:mk13
[28мая2026 15:36:41.567] [Render thread/INFO] [com.onewhohears.onewholibs.data.jsonpreset.JsonPresetReloadListener/]: ADD: dscombat:rpg7_grenade
[28мая2026 15:36:41.567] [Render thread/INFO] [com.onewhohears.onewholibs.data.jsonpreset.JsonPresetReloadListener/]: ADD: dscombat:30mmhe
[28мая2026 15:36:41.567] [Render thread/INFO] [com.onewhohears.onewholibs.data.jsonpreset.JsonPresetReloadListener/]: ADD: dscombat:aim120c
[28мая2026 15:36:41.567] [Render thread/INFO] [com.onewhohears.onewholibs.data.jsonpreset.JsonPresetReloadListener/]: ADD: dscombat:aim9p5
[28мая2026 15:36:41.571] [Render thread/INFO] [com.onewhohears.onewholibs.data.jsonpreset.JsonPresetReloadListener/]: ADD: dscombat:scud_b
[28мая2026 15:36:41.571] [Render thread/INFO] [com.onewhohears.onewholibs.data.jsonpreset.JsonPresetReloadListener/]: ADD: dscombat:aim120b
[28мая2026 15:36:41.571] [Render thread/INFO] [com.onewhohears.onewholibs.data.jsonpreset.JsonPresetReloadListener/]: ADD: dscombat:anm64
[28мая2026 15:36:41.571] [Render thread/INFO] [com.onewhohears.onewholibs.data.jsonpreset.JsonPresetReloadListener/]: ADD: dscombat:agm84e
[28мая2026 15:36:41.575] [Render thread/INFO] [com.onewhohears.onewholibs.data.jsonpreset.JsonPresetReloadListener/]: ADD: dscombat:agm88g
[28мая2026 15:36:41.575] [Render thread/INFO] [com.onewhohears.onewholibs.data.jsonpreset.JsonPresetReloadListener/]: ADD: dscombat:aim7f
[28мая2026 15:36:41.575] [Render thread/INFO] [com.onewhohears.onewholibs.data.jsonpreset.JsonPresetReloadListener/]: ADD: dscombat:15mm
[28мая2026 15:36:41.579] [Render thread/INFO] [com.onewhohears.onewholibs.data.jsonpreset.JsonPresetReloadListener/]: ADD: dscombat:type91
[28мая2026 15:36:41.579] [Render thread/INFO] [com.onewhohears.onewholibs.data.jsonpreset.JsonPresetReloadListener/]: ADD: dscombat:127mm
[28мая2026 15:36:41.579] [Render thread/INFO] [com.onewhohears.onewholibs.data.jsonpreset.JsonPresetReloadListener/]: ADD: dscombat:aim9l
[28мая2026 15:36:41.579] [Render thread/INFO] [com.onewhohears.onewholibs.data.jsonpreset.JsonPresetReloadListener/]: MERGING COPIES WITH PARENT PRESETS WeaponPresets
[28мая2026 15:36:41.579] [Render thread/INFO] [com.onewhohears.onewholibs.data.jsonpreset.JsonPresetReloadListener/]: FINISHED 36
[28мая2026 15:36:41.579] [Render thread/INFO] [com.onewhohears.onewholibs.data.jsonpreset.JsonPresetReloadListener/]: APPLYING PRESETS TO COMMON CACHE RadarPresets
[28мая2026 15:36:41.588] [Render thread/INFO] [com.onewhohears.onewholibs.data.jsonpreset.JsonPresetReloadListener/]: ADD: dscombat:gpr100
[28мая2026 15:36:41.588] [Render thread/INFO] [com.onewhohears.onewholibs.data.jsonpreset.JsonPresetReloadListener/]: ADD: dscombat:gr400
[28мая2026 15:36:41.589] [Render thread/INFO] [com.onewhohears.onewholibs.data.jsonpreset.JsonPresetReloadListener/]: ADD: dscombat:gpr20
[28мая2026 15:36:41.589] [Render thread/INFO] [com.onewhohears.onewholibs.data.jsonpreset.JsonPresetReloadListener/]: ADD: dscombat:gr200
[28мая2026 15:36:41.589] [Render thread/INFO] [com.onewhohears.onewholibs.data.jsonpreset.JsonPresetReloadListener/]: ADD: dscombat:wr1k
[28мая2026 15:36:41.589] [Render thread/INFO] [com.onewhohears.onewholibs.data.jsonpreset.JsonPresetReloadListener/]: ADD: dscombat:air_scan_a
[28мая2026 15:36:41.589] [Render thread/INFO] [com.onewhohears.onewholibs.data.jsonpreset.JsonPresetReloadListener/]: ADD: dscombat:air_scan_b
[28мая2026 15:36:41.589] [Render thread/INFO] [com.onewhohears.onewholibs.data.jsonpreset.JsonPresetReloadListener/]: ADD: dscombat:ar500
[28мая2026 15:36:41.589] [Render thread/INFO] [com.onewhohears.onewholibs.data.jsonpreset.JsonPresetReloadListener/]: ADD: dscombat:ewr4000
[28мая2026 15:36:41.589] [Render thread/INFO] [com.onewhohears.onewholibs.data.jsonpreset.JsonPresetReloadListener/]: ADD: dscombat:wr400
[28мая2026 15:36:41.589] [Render thread/INFO] [com.onewhohears.onewholibs.data.jsonpreset.JsonPresetReloadListener/]: ADD: dscombat:ar2k
[28мая2026 15:36:41.589] [Render thread/INFO] [com.onewhohears.onewholibs.data.jsonpreset.JsonPresetReloadListener/]: ADD: dscombat:ar20k
[28мая2026 15:36:41.589] [Render thread/INFO] [com.onewhohears.onewholibs.data.jsonpreset.JsonPresetReloadListener/]: ADD: dscombat:survey_all_b
[28мая2026 15:36:41.589] [Render thread/INFO] [com.onewhohears.onewholibs.data.jsonpreset.JsonPresetReloadListener/]: ADD: dscombat:ar1k
[28мая2026 15:36:41.589] [Render thread/INFO] [com.onewhohears.onewholibs.data.jsonpreset.JsonPresetReloadListener/]: ADD: dscombat:axcel_truck_radar
[28мая2026 15:36:41.589] [Render thread/INFO] [com.onewhohears.onewholibs.data.jsonpreset.JsonPresetReloadListener/]: ADD: dscombat:survey_all_a
[28мая2026 15:36:41.589] [Render thread/INFO] [com.onewhohears.onewholibs.data.jsonpreset.JsonPresetReloadListener/]: MERGING COPIES WITH PARENT PRESETS RadarPresets
[28мая2026 15:36:41.589] [Render thread/INFO] [com.onewhohears.onewholibs.data.jsonpreset.JsonPresetReloadListener/]: FINISHED 16
[28мая2026 15:36:41.589] [Render thread/INFO] [com.onewhohears.onewholibs.data.jsonpreset.JsonPresetReloadListener/]: APPLYING PRESETS TO COMMON CACHE PartPresets
[28мая2026 15:36:41.607] [Render thread/INFO] [com.onewhohears.onewholibs.data.jsonpreset.JsonPresetReloadListener/]: ADD: dscombat:torpedo_tubes
[28мая2026 15:36:41.612] [Render thread/INFO] [com.onewhohears.onewholibs.data.jsonpreset.JsonPresetReloadListener/]: ADD: dscombat:klimov_rd33
[28мая2026 15:36:41.613] [Render thread/INFO] [com.onewhohears.onewholibs.data.jsonpreset.JsonPresetReloadListener/]: ADD: dscombat:mark7_cannon
[28мая2026 15:36:41.613] [Render thread/INFO] [com.onewhohears.onewholibs.data.jsonpreset.JsonPresetReloadListener/]: ADD: dscombat:mlrs
[28мая2026 15:36:41.613] [Render thread/INFO] [com.onewhohears.onewholibs.data.jsonpreset.JsonPresetReloadListener/]: ADD: dscombat:cfm56
[28мая2026 15:36:41.613] [Render thread/INFO] [com.onewhohears.onewholibs.data.jsonpreset.JsonPresetReloadListener/]: ADD: dscombat:large_storage_box
[28мая2026 15:36:41.613] [Render thread/INFO] [com.onewhohears.onewholibs.data.jsonpreset.JsonPresetReloadListener/]: ADD: dscombat:light_fuel_tank
[28мая2026 15:36:41.613] [Render thread/INFO] [com.onewhohears.onewholibs.data.jsonpreset.JsonPresetReloadListener/]: ADD: dscombat:seat
[28мая2026 15:36:41.613] [Render thread/INFO] [com.onewhohears.onewholibs.data.jsonpreset.JsonPresetReloadListener/]: ADD: dscombat:gsh_30_1
[28мая2026 15:36:41.613] [Render thread/INFO] [com.onewhohears.onewholibs.data.jsonpreset.JsonPresetReloadListener/]: ADD: dscombat:internal_gun
[28мая2026 15:36:41.613] [Render thread/INFO] [com.onewhohears.onewholibs.data.jsonpreset.JsonPresetReloadListener/]: ADD: dscombat:vls
[28мая2026 15:36:41.613] [Render thread/INFO] [com.onewhohears.onewholibs.data.jsonpreset.JsonPresetReloadListener/]: ADD: dscombat:gau_avenger
[28мая2026 15:36:41.613] [Render thread/INFO] [com.onewhohears.onewholibs.data.jsonpreset.JsonPresetReloadListener/]: ADD: dscombat:basic_flare_dispenser
[28мая2026 15:36:41.614] [Render thread/INFO] [com.onewhohears.onewholibs.data.jsonpreset.JsonPresetReloadListener/]: ADD: dscombat:heavy_external_fuel_tank
[28мая2026 15:36:41.614] [Render thread/INFO] [com.onewhohears.onewholibs.data.jsonpreset.JsonPresetReloadListener/]: ADD: dscombat:gpr20
[28мая2026 15:36:41.614] [Render thread/INFO] [com.onewhohears.onewholibs.data.jsonpreset.JsonPresetReloadListener/]: ADD: dscombat:m2_browning
[28мая2026 15:36:41.614] [Render thread/WARN] [com.onewhohears.onewholibs.data.jsonpreset.JsonPresetReloadListener/]: ERROR: Preset Type mine_dispenser has not been registered!
[28мая2026 15:36:41.614] [Render thread/ERROR] [com.onewhohears.onewholibs.data.jsonpreset.JsonPresetReloadListener/]: ERROR: failed to parse preset dscombat:naval_mine_dispenser
[28мая2026 15:36:41.614] [Render thread/INFO] [com.onewhohears.onewholibs.data.jsonpreset.JsonPresetReloadListener/]: ADD: dscombat:naval_mine_dispenser
[28мая2026 15:36:41.619] [Render thread/INFO] [com.onewhohears.onewholibs.data.jsonpreset.JsonPresetReloadListener/]: ADD: dscombat:armor_piece
[28мая2026 15:36:41.619] [Render thread/INFO] [com.onewhohears.onewholibs.data.jsonpreset.JsonPresetReloadListener/]: ADD: dscombat:wr1k
[28мая2026 15:36:41.619] [Render thread/INFO] [com.onewhohears.onewholibs.data.jsonpreset.JsonPresetReloadListener/]: ADD: dscombat:air_scan_a
[28мая2026 15:36:41.619] [Render thread/INFO] [com.onewhohears.onewholibs.data.jsonpreset.JsonPresetReloadListener/]: ADD: dscombat:air_scan_b
[28мая2026 15:36:41.619] [Render thread/INFO] [com.onewhohears.onewholibs.data.jsonpreset.JsonPresetReloadListener/]: ADD: dscombat:turbofan_f25
[28мая2026 15:36:41.619] [Render thread/INFO] [com.onewhohears.onewholibs.data.jsonpreset.JsonPresetReloadListener/]: ADD: dscombat:ar2k
[28мая2026 15:36:41.619] [Render thread/INFO] [com.onewhohears.onewholibs.data.jsonpreset.JsonPresetReloadListener/]: ADD: dscombat:ar20k
[28мая2026 15:36:41.619] [Render thread/INFO] [com.onewhohears.onewholibs.data.jsonpreset.JsonPresetReloadListener/]: ADD: dscombat:medium_storage_box
[28мая2026 15:36:41.619] [Render thread/INFO] [com.onewhohears.onewholibs.data.jsonpreset.JsonPresetReloadListener/]: ADD: dscombat:c12_engine
[28мая2026 15:36:41.619] [Render thread/INFO] [com.onewhohears.onewholibs.data.jsonpreset.JsonPresetReloadListener/]: ADD: dscombat:heavy_fuel_tank
[28мая2026 15:36:41.619] [Render thread/INFO] [com.onewhohears.onewholibs.data.jsonpreset.JsonPresetReloadListener/]: ADD: dscombat:artillery_cannon
[28мая2026 15:36:41.619] [Render thread/INFO] [com.onewhohears.onewholibs.data.jsonpreset.JsonPresetReloadListener/]: ADD: dscombat:adl
[28мая2026 15:36:41.620] [Render thread/INFO] [com.onewhohears.onewholibs.data.jsonpreset.JsonPresetReloadListener/]: ADD: dscombat:aa_turret
[28мая2026 15:36:41.620] [Render thread/INFO] [com.onewhohears.onewholibs.data.jsonpreset.JsonPresetReloadListener/]: ADD: dscombat:heavy_tank_turret
[28мая2026 15:36:41.620] [Render thread/INFO] [com.onewhohears.onewholibs.data.jsonpreset.JsonPresetReloadListener/]: ADD: dscombat:xm12
[28мая2026 15:36:41.620] [Render thread/INFO] [com.onewhohears.onewholibs.data.jsonpreset.JsonPresetReloadListener/]: ADD: dscombat:ar500
[28мая2026 15:36:41.620] [Render thread/INFO] [com.onewhohears.onewholibs.data.jsonpreset.JsonPresetReloadListener/]: ADD: dscombat:ewr4000
[28мая2026 15:36:41.620] [Render thread/INFO] [com.onewhohears.onewholibs.data.jsonpreset.JsonPresetReloadListener/]: ADD: dscombat:turbofan_f39
[28мая2026 15:36:41.620] [Render thread/INFO] [com.onewhohears.onewholibs.data.jsonpreset.JsonPresetReloadListener/]: ADD: dscombat:wr400
[28мая2026 15:36:41.620] [Render thread/INFO] [com.onewhohears.onewholibs.data.jsonpreset.JsonPresetReloadListener/]: ADD: dscombat:gimbal_camera
[28мая2026 15:36:41.620] [Render thread/INFO] [com.onewhohears.onewholibs.data.jsonpreset.JsonPresetReloadListener/]: ADD: dscombat:mls
[28мая2026 15:36:41.620] [Render thread/INFO] [com.onewhohears.onewholibs.data.jsonpreset.JsonPresetReloadListener/]: ADD: dscombat:survey_all_b
[28мая2026 15:36:41.620] [Render thread/INFO] [com.onewhohears.onewholibs.data.jsonpreset.JsonPresetReloadListener/]: ADD: dscombat:ar1k
[28мая2026 15:36:41.620] [Render thread/INFO] [com.onewhohears.onewholibs.data.jsonpreset.JsonPresetReloadListener/]: ADD: dscombat:allison_v_1710
[28мая2026 15:36:41.620] [Render thread/INFO] [com.onewhohears.onewholibs.data.jsonpreset.JsonPresetReloadListener/]: ADD: dscombat:data_link
[28мая2026 15:36:41.620] [Render thread/INFO] [com.onewhohears.onewholibs.data.jsonpreset.JsonPresetReloadListener/]: ADD: dscombat:sam_launcher
[28мая2026 15:36:41.620] [Render thread/INFO] [com.onewhohears.onewholibs.data.jsonpreset.JsonPresetReloadListener/]: ADD: dscombat:cm_manly_52
[28мая2026 15:36:41.620] [Render thread/INFO] [com.onewhohears.onewholibs.data.jsonpreset.JsonPresetReloadListener/]: ADD: dscombat:survey_all_a
[28мая2026 15:36:41.620] [Render thread/INFO] [com.onewhohears.onewholibs.data.jsonpreset.JsonPresetReloadListener/]: ADD: dscombat:gpr100
[28мая2026 15:36:41.620] [Render thread/WARN] [com.onewhohears.onewholibs.data.jsonpreset.JsonPresetReloadListener/]: ERROR: Preset Type mine_dispenser has not been registered!
[28мая2026 15:36:41.620] [Render thread/ERROR] [com.onewhohears.onewholibs.data.jsonpreset.JsonPresetReloadListener/]: ERROR: failed to parse preset dscombat:basic_mine_dispenser
[28мая2026 15:36:41.620] [Render thread/INFO] [com.onewhohears.onewholibs.data.jsonpreset.JsonPresetReloadListener/]: ADD: dscombat:basic_mine_dispenser
[28мая2026 15:36:41.620] [Render thread/INFO] [com.onewhohears.onewholibs.data.jsonpreset.JsonPresetReloadListener/]: ADD: dscombat:gr400
[28мая2026 15:36:41.620] [Render thread/INFO] [com.onewhohears.onewholibs.data.jsonpreset.JsonPresetReloadListener/]: ADD: dscombat:chain_hook
[28мая2026 15:36:41.620] [Render thread/INFO] [com.onewhohears.onewholibs.data.jsonpreset.JsonPresetReloadListener/]: ADD: dscombat:gr200
[28мая2026 15:36:41.620] [Render thread/INFO] [com.onewhohears.onewholibs.data.jsonpreset.JsonPresetReloadListener/]: ADD: dscombat:light_missile_rack
[28мая2026 15:36:41.620] [Render thread/INFO] [com.onewhohears.onewholibs.data.jsonpreset.JsonPresetReloadListener/]: ADD: dscombat:c6_engine
[28мая2026 15:36:41.620] [Render thread/INFO] [com.onewhohears.onewholibs.data.jsonpreset.JsonPresetReloadListener/]: ADD: dscombat:small_storage_box
[28мая2026 15:36:41.621] [Render thread/INFO] [com.onewhohears.onewholibs.data.jsonpreset.JsonPresetReloadListener/]: ADD: dscombat:steve_up_smash
[28мая2026 15:36:41.621] [Render thread/INFO] [com.onewhohears.onewholibs.data.jsonpreset.JsonPresetReloadListener/]: ADD: dscombat:minigun_turret
[28мая2026 15:36:41.621] [Render thread/INFO] [com.onewhohears.onewholibs.data.jsonpreset.JsonPresetReloadListener/]: ADD: dscombat:night_vision_hud
[28мая2026 15:36:41.621] [Render thread/INFO] [com.onewhohears.onewholibs.data.jsonpreset.JsonPresetReloadListener/]: ADD: dscombat:ciws
[28мая2026 15:36:41.621] [Render thread/INFO] [com.onewhohears.onewholibs.data.jsonpreset.JsonPresetReloadListener/]: ADD: dscombat:m61a1_vulcan
[28мая2026 15:36:41.621] [Render thread/INFO] [com.onewhohears.onewholibs.data.jsonpreset.JsonPresetReloadListener/]: ADD: dscombat:radio
[28мая2026 15:36:41.627] [Render thread/INFO] [com.onewhohears.onewholibs.data.jsonpreset.JsonPresetReloadListener/]: ADD: dscombat:smoke_grenade_dispenser
[28мая2026 15:36:41.628] [Render thread/INFO] [com.onewhohears.onewholibs.data.jsonpreset.JsonPresetReloadListener/]: ADD: dscombat:turbofan_f145
[28мая2026 15:36:41.628] [Render thread/INFO] [com.onewhohears.onewholibs.data.jsonpreset.JsonPresetReloadListener/]: ADD: dscombat:bomb_rack
[28мая2026 15:36:41.628] [Render thread/INFO] [com.onewhohears.onewholibs.data.jsonpreset.JsonPresetReloadListener/]: ADD: dscombat:heavy_missile_rack
[28мая2026 15:36:41.628] [Render thread/INFO] [com.onewhohears.onewholibs.data.jsonpreset.JsonPresetReloadListener/]: ADD: dscombat:compound_turbine
[28мая2026 15:36:41.628] [Render thread/INFO] [com.onewhohears.onewholibs.data.jsonpreset.JsonPresetReloadListener/]: ADD: dscombat:light_external_fuel_tank
[28мая2026 15:36:41.628] [Render thread/INFO] [com.onewhohears.onewholibs.data.jsonpreset.JsonPresetReloadListener/]: ADD: dscombat:axcel_truck_radar
[28мая2026 15:36:41.628] [Render thread/INFO] [com.onewhohears.onewholibs.data.jsonpreset.JsonPresetReloadListener/]: ADD: dscombat:ecm_jammer
[28мая2026 15:36:41.628] [Render thread/INFO] [com.onewhohears.onewholibs.data.jsonpreset.JsonPresetReloadListener/]: ADD: dscombat:mark45_cannon
[28мая2026 15:36:41.628] [Render thread/INFO] [com.onewhohears.onewholibs.data.jsonpreset.JsonPresetReloadListener/]: MERGING COPIES WITH PARENT PRESETS PartPresets
[28мая2026 15:36:41.630] [Render thread/INFO] [com.onewhohears.onewholibs.data.jsonpreset.JsonPresetReloadListener/]: FINISHED 66
[28мая2026 15:36:51.095] [Render thread/INFO] [net.minecraft.world.item.crafting.RecipeManager/]: Loaded 10 recipes
[28мая2026 15:36:51.130] [Render thread/INFO] [net.minecraft.advancements.AdvancementList/]: Loaded 1271 advancements
[28мая2026 15:36:51.131] [Render thread/INFO] [com.onewhohears.onewholibs.data.jsonpreset.JsonPresetReloadListener/]: APPLYING PRESETS TO COMMON CACHE TestPresets
[28мая2026 15:36:51.131] [Render thread/INFO] [com.onewhohears.onewholibs.data.jsonpreset.JsonPresetReloadListener/]: ADD: onewholibs:test2
[28мая2026 15:36:51.131] [Render thread/INFO] [com.onewhohears.onewholibs.data.jsonpreset.JsonPresetReloadListener/]: ADD: onewholibs:test1
[28мая2026 15:36:51.131] [Render thread/INFO] [com.onewhohears.onewholibs.data.jsonpreset.JsonPresetReloadListener/]: ADD: onewholibs:test0
[28мая2026 15:36:51.131] [Render thread/INFO] [com.onewhohears.onewholibs.data.jsonpreset.JsonPresetReloadListener/]: MERGING COPIES WITH PARENT PRESETS TestPresets
[28мая2026 15:36:51.131] [Render thread/INFO] [com.onewhohears.onewholibs.data.jsonpreset.JsonPresetReloadListener/]: FINISHED 3
[28мая2026 15:36:51.131] [Render thread/INFO] [com.onewhohears.onewholibs.data.jsonpreset.JsonPresetReloadListener/]: APPLYING PRESETS TO COMMON CACHE MiniGameKitsManager
[28мая2026 15:36:51.131] [Render thread/INFO] [com.onewhohears.onewholibs.data.jsonpreset.JsonPresetReloadListener/]: ADD: dscombat:dogfight_javi
[28мая2026 15:36:51.131] [Render thread/INFO] [com.onewhohears.onewholibs.data.jsonpreset.JsonPresetReloadListener/]: ADD: dscombat:dogfight_felix
[28мая2026 15:36:51.131] [Render thread/INFO] [com.onewhohears.onewholibs.data.jsonpreset.JsonPresetReloadListener/]: ADD: minigames:standard
[28мая2026 15:36:51.131] [Render thread/INFO] [com.onewhohears.onewholibs.data.jsonpreset.JsonPresetReloadListener/]: ADD: dscombat:demoman
[28мая2026 15:36:51.131] [Render thread/INFO] [com.onewhohears.onewholibs.data.jsonpreset.JsonPresetReloadListener/]: ADD: dscombat:soldier
[28мая2026 15:36:51.132] [Render thread/INFO] [com.onewhohears.onewholibs.data.jsonpreset.JsonPresetReloadListener/]: ADD: minigames:builder
[28мая2026 15:36:51.132] [Render thread/INFO] [com.onewhohears.onewholibs.data.jsonpreset.JsonPresetReloadListener/]: ADD: minigames:archer
[28мая2026 15:36:51.132] [Render thread/INFO] [com.onewhohears.onewholibs.data.jsonpreset.JsonPresetReloadListener/]: ADD: dscombat:heavy
[28мая2026 15:36:51.132] [Render thread/INFO] [com.onewhohears.onewholibs.data.jsonpreset.JsonPresetReloadListener/]: ADD: dscombat:dogfight_alexis
[28мая2026 15:36:51.132] [Render thread/INFO] [com.onewhohears.onewholibs.data.jsonpreset.JsonPresetReloadListener/]: ADD: dscombat:sniper
[28мая2026 15:36:51.132] [Render thread/INFO] [com.onewhohears.onewholibs.data.jsonpreset.JsonPresetReloadListener/]: ADD: dscombat:scout
[28мая2026 15:36:51.132] [Render thread/INFO] [com.onewhohears.onewholibs.data.jsonpreset.JsonPresetReloadListener/]: ADD: dscombat:dogfight_eden
[28мая2026 15:36:51.132] [Render thread/INFO] [com.onewhohears.onewholibs.data.jsonpreset.JsonPresetReloadListener/]: MERGING COPIES WITH PARENT PRESETS MiniGameKitsManager
[28мая2026 15:36:51.132] [Render thread/INFO] [com.onewhohears.onewholibs.data.jsonpreset.JsonPresetReloadListener/]: FINISHED 12
[28мая2026 15:36:51.132] [Render thread/INFO] [com.onewhohears.onewholibs.data.jsonpreset.JsonPresetReloadListener/]: APPLYING PRESETS TO COMMON CACHE MiniGameShopsManager
[28мая2026 15:36:51.132] [Render thread/INFO] [com.onewhohears.onewholibs.data.jsonpreset.JsonPresetReloadListener/]: ADD: dscombat:vehicle_defender
[28мая2026 15:36:51.132] [Render thread/INFO] [com.onewhohears.onewholibs.data.jsonpreset.JsonPresetReloadListener/]: ADD: dscombat:vehicle_attacker
[28мая2026 15:36:51.132] [Render thread/INFO] [com.onewhohears.onewholibs.data.jsonpreset.JsonPresetReloadListener/]: ADD: minigames:survival
[28мая2026 15:36:51.132] [Render thread/INFO] [com.onewhohears.onewholibs.data.jsonpreset.JsonPresetReloadListener/]: ADD: dscombat:military_misc
[28мая2026 15:36:51.132] [Render thread/INFO] [com.onewhohears.onewholibs.data.jsonpreset.JsonPresetReloadListener/]: MERGING COPIES WITH PARENT PRESETS MiniGameShopsManager
[28мая2026 15:36:51.132] [Render thread/INFO] [com.onewhohears.onewholibs.data.jsonpreset.JsonPresetReloadListener/]: FINISHED 4
[28мая2026 15:36:51.132] [Render thread/INFO] [com.onewhohears.onewholibs.data.jsonpreset.JsonPresetReloadListener/]: APPLYING PRESETS TO COMMON CACHE StatGraphs
[28мая2026 15:36:51.133] [Render thread/INFO] [com.onewhohears.onewholibs.data.jsonpreset.JsonPresetReloadListener/]: ADD: dscombat:wooden_plane
[28мая2026 15:36:51.133] [Render thread/INFO] [com.onewhohears.onewholibs.data.jsonpreset.JsonPresetReloadListener/]: ADD: dscombat:bronco_plane_turn_rates
[28мая2026 15:36:51.133] [Render thread/INFO] [com.onewhohears.onewholibs.data.jsonpreset.JsonPresetReloadListener/]: ADD: dscombat:james_plane_turn_rates
[28мая2026 15:36:51.133] [Render thread/INFO] [com.onewhohears.onewholibs.data.jsonpreset.JsonPresetReloadListener/]: ADD: dscombat:default_drag_aoa
[28мая2026 15:36:51.133] [Render thread/INFO] [com.onewhohears.onewholibs.data.jsonpreset.JsonPresetReloadListener/]: ADD: dscombat:air_density_minecraft_the_nether
[28мая2026 15:36:51.133] [Render thread/INFO] [com.onewhohears.onewholibs.data.jsonpreset.JsonPresetReloadListener/]: ADD: dscombat:jason_drag_aoa
[28мая2026 15:36:51.133] [Render thread/INFO] [com.onewhohears.onewholibs.data.jsonpreset.JsonPresetReloadListener/]: ADD: dscombat:eden_plane_turn_rates
[28мая2026 15:36:51.133] [Render thread/INFO] [com.onewhohears.onewholibs.data.jsonpreset.JsonPresetReloadListener/]: ADD: dscombat:arcade_lift_aoa
[28мая2026 15:36:51.133] [Render thread/INFO] [com.onewhohears.onewholibs.data.jsonpreset.JsonPresetReloadListener/]: ADD: dscombat:e3sentry_turn_rates
[28мая2026 15:36:51.133] [Render thread/INFO] [com.onewhohears.onewholibs.data.jsonpreset.JsonPresetReloadListener/]: ADD: dscombat:felix_lift_aoa
[28мая2026 15:36:51.133] [Render thread/INFO] [com.onewhohears.onewholibs.data.jsonpreset.JsonPresetReloadListener/]: ADD: dscombat:arcade_turn_rates
[28мая2026 15:36:51.133] [Render thread/INFO] [com.onewhohears.onewholibs.data.jsonpreset.JsonPresetReloadListener/]: ADD: dscombat:jason_lift_aoa
[28мая2026 15:36:51.133] [Render thread/INFO] [com.onewhohears.onewholibs.data.jsonpreset.JsonPresetReloadListener/]: ADD: dscombat:air_density_minecraft_the_end
[28мая2026 15:36:51.133] [Render thread/INFO] [com.onewhohears.onewholibs.data.jsonpreset.JsonPresetReloadListener/]: ADD: dscombat:felix_drag_aoa
[28мая2026 15:36:51.133] [Render thread/INFO] [com.onewhohears.onewholibs.data.jsonpreset.JsonPresetReloadListener/]: ADD: dscombat:jason_plane_turn_rates
[28мая2026 15:36:51.133] [Render thread/INFO] [com.onewhohears.onewholibs.data.jsonpreset.JsonPresetReloadListener/]: ADD: dscombat:javi_lift_aoa
[28мая2026 15:36:51.133] [Render thread/INFO] [com.onewhohears.onewholibs.data.jsonpreset.JsonPresetReloadListener/]: ADD: dscombat:alexis_plane
[28мая2026 15:36:51.133] [Render thread/INFO] [com.onewhohears.onewholibs.data.jsonpreset.JsonPresetReloadListener/]: ADD: dscombat:arcade_drag_aoa
[28мая2026 15:36:51.133] [Render thread/INFO] [com.onewhohears.onewholibs.data.jsonpreset.JsonPresetReloadListener/]: ADD: dscombat:eden_lift_aoa
[28мая2026 15:36:51.133] [Render thread/INFO] [com.onewhohears.onewholibs.data.jsonpreset.JsonPresetReloadListener/]: ADD: dscombat:fuselage
[28мая2026 15:36:51.133] [Render thread/INFO] [com.onewhohears.onewholibs.data.jsonpreset.JsonPresetReloadListener/]: ADD: dscombat:felix_plane_turn_rates
[28мая2026 15:36:51.133] [Render thread/INFO] [com.onewhohears.onewholibs.data.jsonpreset.JsonPresetReloadListener/]: ADD: dscombat:alexis_drag_aoa
[28мая2026 15:36:51.133] [Render thread/INFO] [com.onewhohears.onewholibs.data.jsonpreset.JsonPresetReloadListener/]: ADD: dscombat:javi_drag_aoa
[28мая2026 15:36:51.133] [Render thread/INFO] [com.onewhohears.onewholibs.data.jsonpreset.JsonPresetReloadListener/]: ADD: dscombat:alexis_plane_turn_rates
[28мая2026 15:36:51.133] [Render thread/INFO] [com.onewhohears.onewholibs.data.jsonpreset.JsonPresetReloadListener/]: ADD: dscombat:arcade_fuselage
[28мая2026 15:36:51.133] [Render thread/INFO] [com.onewhohears.onewholibs.data.jsonpreset.JsonPresetReloadListener/]: ADD: dscombat:javi_plane_turn_rates
[28мая2026 15:36:51.133] [Render thread/INFO] [com.onewhohears.onewholibs.data.jsonpreset.JsonPresetReloadListener/]: ADD: dscombat:e3sentry_drag_aoa
[28мая2026 15:36:51.133] [Render thread/INFO] [com.onewhohears.onewholibs.data.jsonpreset.JsonPresetReloadListener/]: ADD: dscombat:air_density_minecraft_overworld
[28мая2026 15:36:51.133] [Render thread/INFO] [com.onewhohears.onewholibs.data.jsonpreset.JsonPresetReloadListener/]: ADD: dscombat:e3sentry_lift_aoa
[28мая2026 15:36:51.133] [Render thread/INFO] [com.onewhohears.onewholibs.data.jsonpreset.JsonPresetReloadListener/]: ADD: dscombat:eden_drag_aoa
[28мая2026 15:36:51.135] [Render thread/INFO] [com.onewhohears.onewholibs.data.jsonpreset.JsonPresetReloadListener/]: ADD: dscombat:wooden_plane_turn_rates
[28мая2026 15:36:51.135] [Render thread/INFO] [com.onewhohears.onewholibs.data.jsonpreset.JsonPresetReloadListener/]: MERGING COPIES WITH PARENT PRESETS StatGraphs
[28мая2026 15:36:51.135] [Render thread/INFO] [com.onewhohears.onewholibs.data.jsonpreset.JsonPresetReloadListener/]: FINISHED 31
[28мая2026 15:36:51.135] [Render thread/INFO] [com.onewhohears.onewholibs.data.jsonpreset.JsonPresetReloadListener/]: APPLYING PRESETS TO COMMON CACHE VehiclePresets
[28мая2026 15:36:51.135] [Render thread/INFO] [com.onewhohears.onewholibs.data.jsonpreset.JsonPresetReloadListener/]: ADD: dscombat:cruiser_empty
[28мая2026 15:36:51.135] [Render thread/INFO] [com.onewhohears.onewholibs.data.jsonpreset.JsonPresetReloadListener/]: ADD: dscombat:javi_plane_close_air
[28мая2026 15:36:51.135] [Render thread/INFO] [com.onewhohears.onewholibs.data.jsonpreset.JsonPresetReloadListener/]: ADD: dscombat:wooden_plane
[28мая2026 15:36:51.136] [Render thread/INFO] [com.onewhohears.onewholibs.data.jsonpreset.JsonPresetReloadListener/]: ADD: dscombat:jason_plane_empty
[28мая2026 15:36:51.136] [Render thread/INFO] [com.onewhohears.onewholibs.data.jsonpreset.JsonPresetReloadListener/]: ADD: dscombat:cruiser_unarmed
[28мая2026 15:36:51.136] [Render thread/INFO] [com.onewhohears.onewholibs.data.jsonpreset.JsonPresetReloadListener/]: ADD: dscombat:google_sub_unarmed
[28мая2026 15:36:51.136] [Render thread/INFO] [com.onewhohears.onewholibs.data.jsonpreset.JsonPresetReloadListener/]: ADD: dscombat:jason_plane_unarmed
[28мая2026 15:36:51.136] [Render thread/INFO] [com.onewhohears.onewholibs.data.jsonpreset.JsonPresetReloadListener/]: ADD: dscombat:alexis_plane_escort
[28мая2026 15:36:51.136] [Render thread/INFO] [com.onewhohears.onewholibs.data.jsonpreset.JsonPresetReloadListener/]: ADD: dscombat:krait_chopper_brawler
[28мая2026 15:36:51.136] [Render thread/INFO] [com.onewhohears.onewholibs.data.jsonpreset.JsonPresetReloadListener/]: ADD: dscombat:nathan_boat_empty
[28мая2026 15:36:51.136] [Render thread/INFO] [com.onewhohears.onewholibs.data.jsonpreset.JsonPresetReloadListener/]: ADD: dscombat:wooden_plane_empty
[28мая2026 15:36:51.136] [Render thread/INFO] [com.onewhohears.onewholibs.data.jsonpreset.JsonPresetReloadListener/]: ADD: dscombat:destroyer_empty
[28мая2026 15:36:51.136] [Render thread/INFO] [com.onewhohears.onewholibs.data.jsonpreset.JsonPresetReloadListener/]: ADD: dscombat:aircraft_carrier_unarmed
[28мая2026 15:36:51.137] [Render thread/INFO] [com.onewhohears.onewholibs.data.jsonpreset.JsonPresetReloadListener/]: ADD: dscombat:andolf_sub
[28мая2026 15:36:51.137] [Render thread/INFO] [com.onewhohears.onewholibs.data.jsonpreset.JsonPresetReloadListener/]: ADD: dscombat:corvette
[28мая2026 15:36:51.137] [Render thread/INFO] [com.onewhohears.onewholibs.data.jsonpreset.JsonPresetReloadListener/]: ADD: dscombat:felix_plane_empty
[28мая2026 15:36:51.137] [Render thread/INFO] [com.onewhohears.onewholibs.data.jsonpreset.JsonPresetReloadListener/]: ADD: dscombat:felix_plane_support
[28мая2026 15:36:51.137] [Render thread/INFO] [com.onewhohears.onewholibs.data.jsonpreset.JsonPresetReloadListener/]: ADD: dscombat:alexis_plane_sniper
[28мая2026 15:36:51.137] [Render thread/INFO] [com.onewhohears.onewholibs.data.jsonpreset.JsonPresetReloadListener/]: ADD: dscombat:bronco_plane_empty
[28мая2026 15:36:51.137] [Render thread/INFO] [com.onewhohears.onewholibs.data.jsonpreset.JsonPresetReloadListener/]: ADD: dscombat:small_roller
[28мая2026 15:36:51.137] [Render thread/INFO] [com.onewhohears.onewholibs.data.jsonpreset.JsonPresetReloadListener/]: ADD: dscombat:mrbudger_tank
[28мая2026 15:36:51.138] [Render thread/INFO] [com.onewhohears.onewholibs.data.jsonpreset.JsonPresetReloadListener/]: ADD: dscombat:alexis_plane_unarmed
[28мая2026 15:36:51.138] [Render thread/INFO] [com.onewhohears.onewholibs.data.jsonpreset.JsonPresetReloadListener/]: ADD: dscombat:eden_plane_support
[28мая2026 15:36:51.138] [Render thread/INFO] [com.onewhohears.onewholibs.data.jsonpreset.JsonPresetReloadListener/]: ADD: dscombat:gronk_battleship
[28мая2026 15:36:51.138] [Render thread/INFO] [com.onewhohears.onewholibs.data.jsonpreset.JsonPresetReloadListener/]: ADD: dscombat:turret_platform
[28мая2026 15:36:51.138] [Render thread/INFO] [com.onewhohears.onewholibs.data.jsonpreset.JsonPresetReloadListener/]: ADD: dscombat:aircraft_carrier_empty
[28мая2026 15:36:51.138] [Render thread/INFO] [com.onewhohears.onewholibs.data.jsonpreset.JsonPresetReloadListener/]: ADD: dscombat:krait_chopper_door_knocker
[28мая2026 15:36:51.138] [Render thread/INFO] [com.onewhohears.onewholibs.data.jsonpreset.JsonPresetReloadListener/]: ADD: dscombat:nathan_boat
[28мая2026 15:36:51.138] [Render thread/INFO] [com.onewhohears.onewholibs.data.jsonpreset.JsonPresetReloadListener/]: ADD: dscombat:krait_chopper_empty
[28мая2026 15:36:51.138] [Render thread/INFO] [com.onewhohears.onewholibs.data.jsonpreset.JsonPresetReloadListener/]: ADD: dscombat:small_roller_unarmed
[28мая2026 15:36:51.139] [Render thread/INFO] [com.onewhohears.onewholibs.data.jsonpreset.JsonPresetReloadListener/]: ADD: dscombat:willy_jeep
[28мая2026 15:36:51.139] [Render thread/INFO] [com.onewhohears.onewholibs.data.jsonpreset.JsonPresetReloadListener/]: ADD: dscombat:wooden_plane_fighter
[28мая2026 15:36:51.139] [Render thread/INFO] [com.onewhohears.onewholibs.data.jsonpreset.JsonPresetReloadListener/]: ADD: dscombat:felix_plane_unarmed
[28мая2026 15:36:51.139] [Render thread/INFO] [com.onewhohears.onewholibs.data.jsonpreset.JsonPresetReloadListener/]: ADD: dscombat:javi_plane
[28мая2026 15:36:51.139] [Render thread/INFO] [com.onewhohears.onewholibs.data.jsonpreset.JsonPresetReloadListener/]: ADD: dscombat:mrbudger_tank_empty
[28мая2026 15:36:51.139] [Render thread/INFO] [com.onewhohears.onewholibs.data.jsonpreset.JsonPresetReloadListener/]: ADD: dscombat:gronk_battleship_unarmed
[28мая2026 15:36:51.139] [Render thread/INFO] [com.onewhohears.onewholibs.data.jsonpreset.JsonPresetReloadListener/]: ADD: dscombat:destroyer
[28мая2026 15:36:51.139] [Render thread/INFO] [com.onewhohears.onewholibs.data.jsonpreset.JsonPresetReloadListener/]: ADD: dscombat:gronk_battleship_empty
[28мая2026 15:36:51.139] [Render thread/INFO] [com.onewhohears.onewholibs.data.jsonpreset.JsonPresetReloadListener/]: ADD: dscombat:bronco_plane_unarmed
[28мая2026 15:36:51.139] [Render thread/INFO] [com.onewhohears.onewholibs.data.jsonpreset.JsonPresetReloadListener/]: ADD: dscombat:corvette_empty
[28мая2026 15:36:51.140] [Render thread/INFO] [com.onewhohears.onewholibs.data.jsonpreset.JsonPresetReloadListener/]: ADD: dscombat:axcel_truck_unarmed
[28мая2026 15:36:51.140] [Render thread/INFO] [com.onewhohears.onewholibs.data.jsonpreset.JsonPresetReloadListener/]: ADD: dscombat:corvette_unarmed
[28мая2026 15:36:51.140] [Render thread/INFO] [com.onewhohears.onewholibs.data.jsonpreset.JsonPresetReloadListener/]: ADD: dscombat:javi_plane_unarmed
[28мая2026 15:36:51.140] [Render thread/INFO] [com.onewhohears.onewholibs.data.jsonpreset.JsonPresetReloadListener/]: ADD: dscombat:aircraft_carrier
[28мая2026 15:36:51.140] [Render thread/INFO] [com.onewhohears.onewholibs.data.jsonpreset.JsonPresetReloadListener/]: ADD: dscombat:small_roller_tank
[28мая2026 15:36:51.140] [Render thread/INFO] [com.onewhohears.onewholibs.data.jsonpreset.JsonPresetReloadListener/]: ADD: dscombat:javi_plane_heavy_bomber
[28мая2026 15:36:51.140] [Render thread/INFO] [com.onewhohears.onewholibs.data.jsonpreset.JsonPresetReloadListener/]: ADD: dscombat:krait_chopper
[28мая2026 15:36:51.140] [Render thread/INFO] [com.onewhohears.onewholibs.data.jsonpreset.JsonPresetReloadListener/]: ADD: dscombat:eric_truck_unarmed
[28мая2026 15:36:51.140] [Render thread/INFO] [com.onewhohears.onewholibs.data.jsonpreset.JsonPresetReloadListener/]: ADD: dscombat:javi_plane_bomber
[28мая2026 15:36:51.140] [Render thread/INFO] [com.onewhohears.onewholibs.data.jsonpreset.JsonPresetReloadListener/]: ADD: dscombat:willy_jeep_empty
[28мая2026 15:36:51.140] [Render thread/INFO] [com.onewhohears.onewholibs.data.jsonpreset.JsonPresetReloadListener/]: ADD: dscombat:felix_plane_defender
[28мая2026 15:36:51.141] [Render thread/INFO] [com.onewhohears.onewholibs.data.jsonpreset.JsonPresetReloadListener/]: ADD: dscombat:james_wooden_plane_empty
[28мая2026 15:36:51.141] [Render thread/INFO] [com.onewhohears.onewholibs.data.jsonpreset.JsonPresetReloadListener/]: ADD: dscombat:alexis_plane_support
[28мая2026 15:36:51.141] [Render thread/INFO] [com.onewhohears.onewholibs.data.jsonpreset.JsonPresetReloadListener/]: ADD: dscombat:axcel_truck
[28мая2026 15:36:51.141] [Render thread/INFO] [com.onewhohears.onewholibs.data.jsonpreset.JsonPresetReloadListener/]: ADD: dscombat:eric_truck
[28мая2026 15:36:51.141] [Render thread/INFO] [com.onewhohears.onewholibs.data.jsonpreset.JsonPresetReloadListener/]: ADD: dscombat:eric_truck_empty
[28мая2026 15:36:51.141] [Render thread/INFO] [com.onewhohears.onewholibs.data.jsonpreset.JsonPresetReloadListener/]: ADD: dscombat:small_roller_empty
[28мая2026 15:36:51.141] [Render thread/INFO] [com.onewhohears.onewholibs.data.jsonpreset.JsonPresetReloadListener/]: ADD: dscombat:felix_plane
[28мая2026 15:36:51.141] [Render thread/INFO] [com.onewhohears.onewholibs.data.jsonpreset.JsonPresetReloadListener/]: ADD: dscombat:e3sentry_plane
[28мая2026 15:36:51.141] [Render thread/INFO] [com.onewhohears.onewholibs.data.jsonpreset.JsonPresetReloadListener/]: ADD: dscombat:google_sub
[28мая2026 15:36:51.141] [Render thread/INFO] [com.onewhohears.onewholibs.data.jsonpreset.JsonPresetReloadListener/]: ADD: dscombat:ewr4000
[28мая2026 15:36:51.142] [Render thread/INFO] [com.onewhohears.onewholibs.data.jsonpreset.JsonPresetReloadListener/]: ADD: dscombat:e3sentry_plane_empty
[28мая2026 15:36:51.142] [Render thread/INFO] [com.onewhohears.onewholibs.data.jsonpreset.JsonPresetReloadListener/]: ADD: dscombat:eden_plane_unarmed
[28мая2026 15:36:51.142] [Render thread/INFO] [com.onewhohears.onewholibs.data.jsonpreset.JsonPresetReloadListener/]: ADD: dscombat:alexis_plane_empty
[28мая2026 15:36:51.142] [Render thread/INFO] [com.onewhohears.onewholibs.data.jsonpreset.JsonPresetReloadListener/]: ADD: dscombat:tech_turret_platform
[28мая2026 15:36:51.142] [Render thread/INFO] [com.onewhohears.onewholibs.data.jsonpreset.JsonPresetReloadListener/]: ADD: dscombat:noah_chopper
[28мая2026 15:36:51.142] [Render thread/INFO] [com.onewhohears.onewholibs.data.jsonpreset.JsonPresetReloadListener/]: ADD: dscombat:orange_tesla
[28мая2026 15:36:51.142] [Render thread/INFO] [com.onewhohears.onewholibs.data.jsonpreset.JsonPresetReloadListener/]: ADD: dscombat:alexis_plane
[28мая2026 15:36:51.142] [Render thread/INFO] [com.onewhohears.onewholibs.data.jsonpreset.JsonPresetReloadListener/]: ADD: dscombat:krait_chopper_dog_fighter
[28мая2026 15:36:51.143] [Render thread/INFO] [com.onewhohears.onewholibs.data.jsonpreset.JsonPresetReloadListener/]: ADD: dscombat:andolf_sub_empty
[28мая2026 15:36:51.143] [Render thread/INFO] [com.onewhohears.onewholibs.data.jsonpreset.JsonPresetReloadListener/]: ADD: dscombat:jason_plane
[28мая2026 15:36:51.143] [Render thread/INFO] [com.onewhohears.onewholibs.data.jsonpreset.JsonPresetReloadListener/]: ADD: dscombat:axcel_truck_empty
[28мая2026 15:36:51.143] [Render thread/INFO] [com.onewhohears.onewholibs.data.jsonpreset.JsonPresetReloadListener/]: ADD: dscombat:eden_plane_interceptor
[28мая2026 15:36:51.143] [Render thread/INFO] [com.onewhohears.onewholibs.data.jsonpreset.JsonPresetReloadListener/]: ADD: dscombat:bronco_plane
[28мая2026 15:36:51.143] [Render thread/INFO] [com.onewhohears.onewholibs.data.jsonpreset.JsonPresetReloadListener/]: ADD: dscombat:james_wooden_plane
[28мая2026 15:36:51.143] [Render thread/INFO] [com.onewhohears.onewholibs.data.jsonpreset.JsonPresetReloadListener/]: ADD: dscombat:google_sub_empty
[28мая2026 15:36:51.143] [Render thread/INFO] [com.onewhohears.onewholibs.data.jsonpreset.JsonPresetReloadListener/]: ADD: dscombat:bronco_plane_shitter
[28мая2026 15:36:51.143] [Render thread/INFO] [com.onewhohears.onewholibs.data.jsonpreset.JsonPresetReloadListener/]: ADD: dscombat:cruiser
[28мая2026 15:36:51.143] [Render thread/INFO] [com.onewhohears.onewholibs.data.jsonpreset.JsonPresetReloadListener/]: ADD: dscombat:alexis_plane_infiltrator
[28мая2026 15:36:51.144] [Render thread/INFO] [com.onewhohears.onewholibs.data.jsonpreset.JsonPresetReloadListener/]: ADD: dscombat:javi_plane_empty
[28мая2026 15:36:51.144] [Render thread/INFO] [com.onewhohears.onewholibs.data.jsonpreset.JsonPresetReloadListener/]: ADD: dscombat:wooden_plane_bomber
[28мая2026 15:36:51.144] [Render thread/INFO] [com.onewhohears.onewholibs.data.jsonpreset.JsonPresetReloadListener/]: ADD: dscombat:javi_plane_truck
[28мая2026 15:36:51.144] [Render thread/INFO] [com.onewhohears.onewholibs.data.jsonpreset.JsonPresetReloadListener/]: ADD: dscombat:andolf_sub_unarmed
[28мая2026 15:36:51.144] [Render thread/INFO] [com.onewhohears.onewholibs.data.jsonpreset.JsonPresetReloadListener/]: ADD: dscombat:werewolf_empty
[28мая2026 15:36:51.144] [Render thread/INFO] [com.onewhohears.onewholibs.data.jsonpreset.JsonPresetReloadListener/]: ADD: dscombat:krait_chopper_unarmed
[28мая2026 15:36:51.144] [Render thread/INFO] [com.onewhohears.onewholibs.data.jsonpreset.JsonPresetReloadListener/]: ADD: dscombat:mrbudger_tank_unarmed
[28мая2026 15:36:51.144] [Render thread/INFO] [com.onewhohears.onewholibs.data.jsonpreset.JsonPresetReloadListener/]: ADD: dscombat:noah_chopper_empty
[28мая2026 15:36:51.144] [Render thread/INFO] [com.onewhohears.onewholibs.data.jsonpreset.JsonPresetReloadListener/]: ADD: dscombat:destroyer_unarmed
[28мая2026 15:36:51.145] [Render thread/INFO] [com.onewhohears.onewholibs.data.jsonpreset.JsonPresetReloadListener/]: ADD: dscombat:eden_plane
[28мая2026 15:36:51.145] [Render thread/INFO] [com.onewhohears.onewholibs.data.jsonpreset.JsonPresetReloadListener/]: ADD: dscombat:eden_plane_empty
[28мая2026 15:36:51.145] [Render thread/INFO] [com.onewhohears.onewholibs.data.jsonpreset.JsonPresetReloadListener/]: ADD: dscombat:nathan_boat_unarmed
[28мая2026 15:36:51.145] [Render thread/INFO] [com.onewhohears.onewholibs.data.jsonpreset.JsonPresetReloadListener/]: ADD: dscombat:noah_chopper_unarmed
[28мая2026 15:36:51.145] [Render thread/INFO] [com.onewhohears.onewholibs.data.jsonpreset.JsonPresetReloadListener/]: MERGING COPIES WITH PARENT PRESETS VehiclePresets
[28мая2026 15:36:51.145] [Render thread/INFO] [com.onewhohears.onewholibs.data.jsonpreset.JsonPresetReloadListener/]: MERGED: bronco_plane_unarmed with bronco_plane_empty
[28мая2026 15:36:51.145] [Render thread/INFO] [com.onewhohears.onewholibs.data.jsonpreset.JsonPresetReloadListener/]: MERGED: bronco_plane with bronco_plane_unarmed
[28мая2026 15:36:51.145] [Render thread/INFO] [com.onewhohears.onewholibs.data.jsonpreset.JsonPresetReloadListener/]: MERGED: small_roller_unarmed with small_roller_empty
[28мая2026 15:36:51.145] [Render thread/INFO] [com.onewhohears.onewholibs.data.jsonpreset.JsonPresetReloadListener/]: MERGED: small_roller with small_roller_unarmed
[28мая2026 15:36:51.146] [Render thread/INFO] [com.onewhohears.onewholibs.data.jsonpreset.JsonPresetReloadListener/]: MERGED: mrbudger_tank_unarmed with mrbudger_tank_empty
[28мая2026 15:36:51.146] [Render thread/INFO] [com.onewhohears.onewholibs.data.jsonpreset.JsonPresetReloadListener/]: MERGED: mrbudger_tank with mrbudger_tank_unarmed
[28мая2026 15:36:51.146] [Render thread/INFO] [com.onewhohears.onewholibs.data.jsonpreset.JsonPresetReloadListener/]: MERGED: destroyer_unarmed with destroyer_empty
[28мая2026 15:36:51.146] [Render thread/INFO] [com.onewhohears.onewholibs.data.jsonpreset.JsonPresetReloadListener/]: MERGED: felix_plane_unarmed with felix_plane_empty
[28мая2026 15:36:51.147] [Render thread/INFO] [com.onewhohears.onewholibs.data.jsonpreset.JsonPresetReloadListener/]: MERGED: alexis_plane_unarmed with alexis_plane_empty
[28мая2026 15:36:51.147] [Render thread/INFO] [com.onewhohears.onewholibs.data.jsonpreset.JsonPresetReloadListener/]: MERGED: alexis_plane_infiltrator with alexis_plane_unarmed
[28мая2026 15:36:51.148] [Render thread/INFO] [com.onewhohears.onewholibs.data.jsonpreset.JsonPresetReloadListener/]: MERGED: gronk_battleship_unarmed with gronk_battleship_empty
[28мая2026 15:36:51.148] [Render thread/INFO] [com.onewhohears.onewholibs.data.jsonpreset.JsonPresetReloadListener/]: MERGED: javi_plane_unarmed with javi_plane_empty
[28мая2026 15:36:51.148] [Render thread/INFO] [com.onewhohears.onewholibs.data.jsonpreset.JsonPresetReloadListener/]: MERGED: javi_plane with javi_plane_unarmed
[28мая2026 15:36:51.149] [Render thread/INFO] [com.onewhohears.onewholibs.data.jsonpreset.JsonPresetReloadListener/]: MERGED: axcel_truck_unarmed with axcel_truck_empty
[28мая2026 15:36:51.149] [Render thread/INFO] [com.onewhohears.onewholibs.data.jsonpreset.JsonPresetReloadListener/]: MERGED: cruiser_unarmed with cruiser_empty
[28мая2026 15:36:51.149] [Render thread/INFO] [com.onewhohears.onewholibs.data.jsonpreset.JsonPresetReloadListener/]: MERGED: cruiser with cruiser_unarmed
[28мая2026 15:36:51.149] [Render thread/INFO] [com.onewhohears.onewholibs.data.jsonpreset.JsonPresetReloadListener/]: MERGED: corvette_unarmed with corvette_empty
[28мая2026 15:36:51.150] [Render thread/INFO] [com.onewhohears.onewholibs.data.jsonpreset.JsonPresetReloadListener/]: MERGED: corvette with corvette_unarmed
[28мая2026 15:36:51.150] [Render thread/INFO] [com.onewhohears.onewholibs.data.jsonpreset.JsonPresetReloadListener/]: MERGED: javi_plane_bomber with javi_plane_unarmed
[28мая2026 15:36:51.150] [Render thread/INFO] [com.onewhohears.onewholibs.data.jsonpreset.JsonPresetReloadListener/]: MERGED: javi_plane_truck with javi_plane_unarmed
[28мая2026 15:36:51.150] [Render thread/INFO] [com.onewhohears.onewholibs.data.jsonpreset.JsonPresetReloadListener/]: MERGED: krait_chopper_unarmed with krait_chopper_empty
[28мая2026 15:36:51.150] [Render thread/INFO] [com.onewhohears.onewholibs.data.jsonpreset.JsonPresetReloadListener/]: MERGED: krait_chopper with krait_chopper_unarmed
[28мая2026 15:36:51.151] [Render thread/INFO] [com.onewhohears.onewholibs.data.jsonpreset.JsonPresetReloadListener/]: MERGED: eden_plane_unarmed with eden_plane_empty
[28мая2026 15:36:51.151] [Render thread/INFO] [com.onewhohears.onewholibs.data.jsonpreset.JsonPresetReloadListener/]: MERGED: eden_plane with eden_plane_unarmed
[28мая2026 15:36:51.151] [Render thread/INFO] [com.onewhohears.onewholibs.data.jsonpreset.JsonPresetReloadListener/]: MERGED: aircraft_carrier_unarmed with aircraft_carrier_empty
[28мая2026 15:36:51.152] [Render thread/INFO] [com.onewhohears.onewholibs.data.jsonpreset.JsonPresetReloadListener/]: MERGED: aircraft_carrier with aircraft_carrier_unarmed
[28мая2026 15:36:51.152] [Render thread/INFO] [com.onewhohears.onewholibs.data.jsonpreset.JsonPresetReloadListener/]: MERGED: felix_plane_defender with felix_plane_unarmed
[28мая2026 15:36:51.152] [Render thread/INFO] [com.onewhohears.onewholibs.data.jsonpreset.JsonPresetReloadListener/]: MERGED: jason_plane_unarmed with jason_plane_empty
[28мая2026 15:36:51.152] [Render thread/INFO] [com.onewhohears.onewholibs.data.jsonpreset.JsonPresetReloadListener/]: MERGED: gronk_battleship with gronk_battleship_unarmed
[28мая2026 15:36:51.152] [Render thread/INFO] [com.onewhohears.onewholibs.data.jsonpreset.JsonPresetReloadListener/]: MERGED: krait_chopper_door_knocker with krait_chopper_unarmed
[28мая2026 15:36:51.153] [Render thread/INFO] [com.onewhohears.onewholibs.data.jsonpreset.JsonPresetReloadListener/]: MERGED: nathan_boat_unarmed with nathan_boat_empty
[28мая2026 15:36:51.153] [Render thread/INFO] [com.onewhohears.onewholibs.data.jsonpreset.JsonPresetReloadListener/]: MERGED: nathan_boat with nathan_boat_unarmed
[28мая2026 15:36:51.153] [Render thread/INFO] [com.onewhohears.onewholibs.data.jsonpreset.JsonPresetReloadListener/]: MERGED: alexis_plane_support with alexis_plane_unarmed
[28мая2026 15:36:51.153] [Render thread/INFO] [com.onewhohears.onewholibs.data.jsonpreset.JsonPresetReloadListener/]: MERGED: eric_truck_unarmed with eric_truck_empty
[28мая2026 15:36:51.153] [Render thread/INFO] [com.onewhohears.onewholibs.data.jsonpreset.JsonPresetReloadListener/]: MERGED: eric_truck with eric_truck_unarmed
[28мая2026 15:36:51.153] [Render thread/INFO] [com.onewhohears.onewholibs.data.jsonpreset.JsonPresetReloadListener/]: MERGED: andolf_sub_unarmed with andolf_sub_empty
[28мая2026 15:36:51.155] [Render thread/INFO] [com.onewhohears.onewholibs.data.jsonpreset.JsonPresetReloadListener/]: MERGED: javi_plane_close_air with javi_plane_unarmed
[28мая2026 15:36:51.155] [Render thread/INFO] [com.onewhohears.onewholibs.data.jsonpreset.JsonPresetReloadListener/]: MERGED: e3sentry_plane with e3sentry_plane_empty
[28мая2026 15:36:51.156] [Render thread/INFO] [com.onewhohears.onewholibs.data.jsonpreset.JsonPresetReloadListener/]: MERGED: alexis_plane_sniper with alexis_plane_unarmed
[28мая2026 15:36:51.156] [Render thread/INFO] [com.onewhohears.onewholibs.data.jsonpreset.JsonPresetReloadListener/]: MERGED: alexis_plane with alexis_plane_unarmed
[28мая2026 15:36:51.156] [Render thread/INFO] [com.onewhohears.onewholibs.data.jsonpreset.JsonPresetReloadListener/]: MERGED: google_sub_unarmed with google_sub_empty
[28мая2026 15:36:51.157] [Render thread/INFO] [com.onewhohears.onewholibs.data.jsonpreset.JsonPresetReloadListener/]: MERGED: google_sub with google_sub_unarmed
[28мая2026 15:36:51.157] [Render thread/INFO] [com.onewhohears.onewholibs.data.jsonpreset.JsonPresetReloadListener/]: MERGED: noah_chopper_unarmed with noah_chopper_empty
[28мая2026 15:36:51.157] [Render thread/INFO] [com.onewhohears.onewholibs.data.jsonpreset.JsonPresetReloadListener/]: MERGED: noah_chopper with noah_chopper_unarmed
[28мая2026 15:36:51.157] [Render thread/INFO] [com.onewhohears.onewholibs.data.jsonpreset.JsonPresetReloadListener/]: MERGED: bronco_plane_shitter with bronco_plane_unarmed
[28мая2026 15:36:51.157] [Render thread/INFO] [com.onewhohears.onewholibs.data.jsonpreset.JsonPresetReloadListener/]: MERGED: tech_turret_platform with turret_platform
[28мая2026 15:36:51.158] [Render thread/INFO] [com.onewhohears.onewholibs.data.jsonpreset.JsonPresetReloadListener/]: MERGED: willy_jeep with willy_jeep_empty
[28мая2026 15:36:51.158] [Render thread/INFO] [com.onewhohears.onewholibs.data.jsonpreset.JsonPresetReloadListener/]: MERGED: eden_plane_interceptor with eden_plane_unarmed
[28мая2026 15:36:51.158] [Render thread/INFO] [com.onewhohears.onewholibs.data.jsonpreset.JsonPresetReloadListener/]: MERGED: wooden_plane with wooden_plane_empty
[28мая2026 15:36:51.158] [Render thread/INFO] [com.onewhohears.onewholibs.data.jsonpreset.JsonPresetReloadListener/]: MERGED: wooden_plane_bomber with wooden_plane
[28мая2026 15:36:51.158] [Render thread/INFO] [com.onewhohears.onewholibs.data.jsonpreset.JsonPresetReloadListener/]: MERGED: small_roller_tank with small_roller_unarmed
[28мая2026 15:36:51.159] [Render thread/INFO] [com.onewhohears.onewholibs.data.jsonpreset.JsonPresetReloadListener/]: MERGED: krait_chopper_dog_fighter with krait_chopper_unarmed
[28мая2026 15:36:51.159] [Render thread/INFO] [com.onewhohears.onewholibs.data.jsonpreset.JsonPresetReloadListener/]: MERGED: destroyer with destroyer_unarmed
[28мая2026 15:36:51.159] [Render thread/INFO] [com.onewhohears.onewholibs.data.jsonpreset.JsonPresetReloadListener/]: MERGED: james_wooden_plane with james_wooden_plane_empty
[28мая2026 15:36:51.159] [Render thread/INFO] [com.onewhohears.onewholibs.data.jsonpreset.JsonPresetReloadListener/]: MERGED: jason_plane with jason_plane_unarmed
[28мая2026 15:36:51.160] [Render thread/INFO] [com.onewhohears.onewholibs.data.jsonpreset.JsonPresetReloadListener/]: MERGED: javi_plane_heavy_bomber with javi_plane_unarmed
[28мая2026 15:36:51.160] [Render thread/INFO] [com.onewhohears.onewholibs.data.jsonpreset.JsonPresetReloadListener/]: MERGED: wooden_plane_fighter with wooden_plane
[28мая2026 15:36:51.160] [Render thread/INFO] [com.onewhohears.onewholibs.data.jsonpreset.JsonPresetReloadListener/]: MERGED: felix_plane with felix_plane_unarmed
[28мая2026 15:36:51.160] [Render thread/INFO] [com.onewhohears.onewholibs.data.jsonpreset.JsonPresetReloadListener/]: MERGED: alexis_plane_escort with alexis_plane_unarmed
[28мая2026 15:36:51.160] [Render thread/INFO] [com.onewhohears.onewholibs.data.jsonpreset.JsonPresetReloadListener/]: MERGED: andolf_sub with andolf_sub_unarmed
[28мая2026 15:36:51.161] [Render thread/INFO] [com.onewhohears.onewholibs.data.jsonpreset.JsonPresetReloadListener/]: MERGED: axcel_truck with axcel_truck_unarmed
[28мая2026 15:36:51.161] [Render thread/INFO] [com.onewhohears.onewholibs.data.jsonpreset.JsonPresetReloadListener/]: MERGED: eden_plane_support with eden_plane_unarmed
[28мая2026 15:36:51.162] [Render thread/INFO] [com.onewhohears.onewholibs.data.jsonpreset.JsonPresetReloadListener/]: MERGED: krait_chopper_brawler with krait_chopper_unarmed
[28мая2026 15:36:51.162] [Render thread/INFO] [com.onewhohears.onewholibs.data.jsonpreset.JsonPresetReloadListener/]: MERGED: felix_plane_support with felix_plane_unarmed
[28мая2026 15:36:51.173] [Render thread/INFO] [com.onewhohears.onewholibs.data.jsonpreset.JsonPresetReloadListener/]: FINISHED 92
[28мая2026 15:36:51.173] [Render thread/INFO] [com.onewhohears.onewholibs.data.jsonpreset.JsonPresetReloadListener/]: APPLYING PRESETS TO COMMON CACHE WeaponPresets
[28мая2026 15:36:51.173] [Render thread/INFO] [com.onewhohears.onewholibs.data.jsonpreset.JsonPresetReloadListener/]: ADD: dscombat:meteor
[28мая2026 15:36:51.173] [Render thread/INFO] [com.onewhohears.onewholibs.data.jsonpreset.JsonPresetReloadListener/]: ADD: dscombat:smoke_grenade
[28мая2026 15:36:51.173] [Render thread/INFO] [com.onewhohears.onewholibs.data.jsonpreset.JsonPresetReloadListener/]: ADD: dscombat:napalm
[28мая2026 15:36:51.173] [Render thread/INFO] [com.onewhohears.onewholibs.data.jsonpreset.JsonPresetReloadListener/]: ADD: dscombat:10mm
[28мая2026 15:36:51.173] [Render thread/INFO] [com.onewhohears.onewholibs.data.jsonpreset.JsonPresetReloadListener/]: ADD: dscombat:aim7mh
[28мая2026 15:36:51.173] [Render thread/INFO] [com.onewhohears.onewholibs.data.jsonpreset.JsonPresetReloadListener/]: ADD: dscombat:pac3
[28мая2026 15:36:51.173] [Render thread/INFO] [com.onewhohears.onewholibs.data.jsonpreset.JsonPresetReloadListener/]: ADD: dscombat:aim9x
[28мая2026 15:36:51.173] [Render thread/INFO] [com.onewhohears.onewholibs.data.jsonpreset.JsonPresetReloadListener/]: ADD: dscombat:rgm84
[28мая2026 15:36:51.173] [Render thread/INFO] [com.onewhohears.onewholibs.data.jsonpreset.JsonPresetReloadListener/]: ADD: dscombat:gruetz_bunker_buster
[28мая2026 15:36:51.173] [Render thread/INFO] [com.onewhohears.onewholibs.data.jsonpreset.JsonPresetReloadListener/]: ADD: dscombat:anm57
[28мая2026 15:36:51.175] [Render thread/INFO] [com.onewhohears.onewholibs.data.jsonpreset.JsonPresetReloadListener/]: ADD: dscombat:bgm109
[28мая2026 15:36:51.175] [Render thread/INFO] [com.onewhohears.onewholibs.data.jsonpreset.JsonPresetReloadListener/]: ADD: dscombat:20mmhe
[28мая2026 15:36:51.175] [Render thread/INFO] [com.onewhohears.onewholibs.data.jsonpreset.JsonPresetReloadListener/]: ADD: dscombat:120mmhe
[28мая2026 15:36:51.175] [Render thread/INFO] [com.onewhohears.onewholibs.data.jsonpreset.JsonPresetReloadListener/]: ADD: dscombat:anm30
[28мая2026 15:36:51.175] [Render thread/INFO] [com.onewhohears.onewholibs.data.jsonpreset.JsonPresetReloadListener/]: ADD: dscombat:agm65g
[28мая2026 15:36:51.175] [Render thread/INFO] [com.onewhohears.onewholibs.data.jsonpreset.JsonPresetReloadListener/]: ADD: dscombat:50mmhe
[28мая2026 15:36:51.175] [Render thread/INFO] [com.onewhohears.onewholibs.data.jsonpreset.JsonPresetReloadListener/]: ADD: dscombat:20mm
[28мая2026 15:36:51.175] [Render thread/INFO] [com.onewhohears.onewholibs.data.jsonpreset.JsonPresetReloadListener/]: ADD: dscombat:agm114k
[28мая2026 15:36:51.175] [Render thread/INFO] [com.onewhohears.onewholibs.data.jsonpreset.JsonPresetReloadListener/]: ADD: dscombat:m203_grenade
[28мая2026 15:36:51.175] [Render thread/INFO] [com.onewhohears.onewholibs.data.jsonpreset.JsonPresetReloadListener/]: ADD: dscombat:agm65l
[28мая2026 15:36:51.175] [Render thread/INFO] [com.onewhohears.onewholibs.data.jsonpreset.JsonPresetReloadListener/]: ADD: dscombat:406mmhe
[28мая2026 15:36:51.175] [Render thread/INFO] [com.onewhohears.onewholibs.data.jsonpreset.JsonPresetReloadListener/]: ADD: dscombat:mk13
[28мая2026 15:36:51.175] [Render thread/INFO] [com.onewhohears.onewholibs.data.jsonpreset.JsonPresetReloadListener/]: ADD: dscombat:rpg7_grenade
[28мая2026 15:36:51.175] [Render thread/INFO] [com.onewhohears.onewholibs.data.jsonpreset.JsonPresetReloadListener/]: ADD: dscombat:30mmhe
[28мая2026 15:36:51.175] [Render thread/INFO] [com.onewhohears.onewholibs.data.jsonpreset.JsonPresetReloadListener/]: ADD: dscombat:aim120c
[28мая2026 15:36:51.175] [Render thread/INFO] [com.onewhohears.onewholibs.data.jsonpreset.JsonPresetReloadListener/]: ADD: dscombat:aim9p5
[28мая2026 15:36:51.175] [Render thread/INFO] [com.onewhohears.onewholibs.data.jsonpreset.JsonPresetReloadListener/]: ADD: dscombat:scud_b
[28мая2026 15:36:51.175] [Render thread/INFO] [com.onewhohears.onewholibs.data.jsonpreset.JsonPresetReloadListener/]: ADD: dscombat:aim120b
[28мая2026 15:36:51.175] [Render thread/INFO] [com.onewhohears.onewholibs.data.jsonpreset.JsonPresetReloadListener/]: ADD: dscombat:anm64
[28мая2026 15:36:51.175] [Render thread/INFO] [com.onewhohears.onewholibs.data.jsonpreset.JsonPresetReloadListener/]: ADD: dscombat:agm84e
[28мая2026 15:36:51.175] [Render thread/INFO] [com.onewhohears.onewholibs.data.jsonpreset.JsonPresetReloadListener/]: ADD: dscombat:agm88g
[28мая2026 15:36:51.175] [Render thread/INFO] [com.onewhohears.onewholibs.data.jsonpreset.JsonPresetReloadListener/]: ADD: dscombat:aim7f
[28мая2026 15:36:51.175] [Render thread/INFO] [com.onewhohears.onewholibs.data.jsonpreset.JsonPresetReloadListener/]: ADD: dscombat:15mm
[28мая2026 15:36:51.175] [Render thread/INFO] [com.onewhohears.onewholibs.data.jsonpreset.JsonPresetReloadListener/]: ADD: dscombat:type91
[28мая2026 15:36:51.176] [Render thread/INFO] [com.onewhohears.onewholibs.data.jsonpreset.JsonPresetReloadListener/]: ADD: dscombat:127mm
[28мая2026 15:36:51.176] [Render thread/INFO] [com.onewhohears.onewholibs.data.jsonpreset.JsonPresetReloadListener/]: ADD: dscombat:aim9l
[28мая2026 15:36:51.176] [Render thread/INFO] [com.onewhohears.onewholibs.data.jsonpreset.JsonPresetReloadListener/]: MERGING COPIES WITH PARENT PRESETS WeaponPresets
[28мая2026 15:36:51.176] [Render thread/INFO] [com.onewhohears.onewholibs.data.jsonpreset.JsonPresetReloadListener/]: FINISHED 36
[28мая2026 15:36:51.176] [Render thread/INFO] [com.onewhohears.onewholibs.data.jsonpreset.JsonPresetReloadListener/]: APPLYING PRESETS TO COMMON CACHE RadarPresets
[28мая2026 15:36:51.176] [Render thread/INFO] [com.onewhohears.onewholibs.data.jsonpreset.JsonPresetReloadListener/]: ADD: dscombat:gpr100
[28мая2026 15:36:51.176] [Render thread/INFO] [com.onewhohears.onewholibs.data.jsonpreset.JsonPresetReloadListener/]: ADD: dscombat:gr400
[28мая2026 15:36:51.176] [Render thread/INFO] [com.onewhohears.onewholibs.data.jsonpreset.JsonPresetReloadListener/]: ADD: dscombat:gpr20
[28мая2026 15:36:51.176] [Render thread/INFO] [com.onewhohears.onewholibs.data.jsonpreset.JsonPresetReloadListener/]: ADD: dscombat:gr200
[28мая2026 15:36:51.176] [Render thread/INFO] [com.onewhohears.onewholibs.data.jsonpreset.JsonPresetReloadListener/]: ADD: dscombat:wr1k
[28мая2026 15:36:51.176] [Render thread/INFO] [com.onewhohears.onewholibs.data.jsonpreset.JsonPresetReloadListener/]: ADD: dscombat:air_scan_a
[28мая2026 15:36:51.176] [Render thread/INFO] [com.onewhohears.onewholibs.data.jsonpreset.JsonPresetReloadListener/]: ADD: dscombat:air_scan_b
[28мая2026 15:36:51.176] [Render thread/INFO] [com.onewhohears.onewholibs.data.jsonpreset.JsonPresetReloadListener/]: ADD: dscombat:ar500
[28мая2026 15:36:51.176] [Render thread/INFO] [com.onewhohears.onewholibs.data.jsonpreset.JsonPresetReloadListener/]: ADD: dscombat:ewr4000
[28мая2026 15:36:51.176] [Render thread/INFO] [com.onewhohears.onewholibs.data.jsonpreset.JsonPresetReloadListener/]: ADD: dscombat:wr400
[28мая2026 15:36:51.176] [Render thread/INFO] [com.onewhohears.onewholibs.data.jsonpreset.JsonPresetReloadListener/]: ADD: dscombat:ar2k
[28мая2026 15:36:51.176] [Render thread/INFO] [com.onewhohears.onewholibs.data.jsonpreset.JsonPresetReloadListener/]: ADD: dscombat:ar20k
[28мая2026 15:36:51.176] [Render thread/INFO] [com.onewhohears.onewholibs.data.jsonpreset.JsonPresetReloadListener/]: ADD: dscombat:survey_all_b
[28мая2026 15:36:51.176] [Render thread/INFO] [com.onewhohears.onewholibs.data.jsonpreset.JsonPresetReloadListener/]: ADD: dscombat:ar1k
[28мая2026 15:36:51.177] [Render thread/INFO] [com.onewhohears.onewholibs.data.jsonpreset.JsonPresetReloadListener/]: ADD: dscombat:axcel_truck_radar
[28мая2026 15:36:51.177] [Render thread/INFO] [com.onewhohears.onewholibs.data.jsonpreset.JsonPresetReloadListener/]: ADD: dscombat:survey_all_a
[28мая2026 15:36:51.177] [Render thread/INFO] [com.onewhohears.onewholibs.data.jsonpreset.JsonPresetReloadListener/]: MERGING COPIES WITH PARENT PRESETS RadarPresets
[28мая2026 15:36:51.177] [Render thread/INFO] [com.onewhohears.onewholibs.data.jsonpreset.JsonPresetReloadListener/]: FINISHED 16
[28мая2026 15:36:51.177] [Render thread/INFO] [com.onewhohears.onewholibs.data.jsonpreset.JsonPresetReloadListener/]: APPLYING PRESETS TO COMMON CACHE PartPresets
[28мая2026 15:36:51.177] [Render thread/INFO] [com.onewhohears.onewholibs.data.jsonpreset.JsonPresetReloadListener/]: ADD: dscombat:torpedo_tubes
[28мая2026 15:36:51.177] [Render thread/INFO] [com.onewhohears.onewholibs.data.jsonpreset.JsonPresetReloadListener/]: ADD: dscombat:klimov_rd33
[28мая2026 15:36:51.177] [Render thread/INFO] [com.onewhohears.onewholibs.data.jsonpreset.JsonPresetReloadListener/]: ADD: dscombat:mark7_cannon
[28мая2026 15:36:51.177] [Render thread/INFO] [com.onewhohears.onewholibs.data.jsonpreset.JsonPresetReloadListener/]: ADD: dscombat:mlrs
[28мая2026 15:36:51.177] [Render thread/INFO] [com.onewhohears.onewholibs.data.jsonpreset.JsonPresetReloadListener/]: ADD: dscombat:cfm56
[28мая2026 15:36:51.177] [Render thread/INFO] [com.onewhohears.onewholibs.data.jsonpreset.JsonPresetReloadListener/]: ADD: dscombat:large_storage_box
[28мая2026 15:36:51.177] [Render thread/INFO] [com.onewhohears.onewholibs.data.jsonpreset.JsonPresetReloadListener/]: ADD: dscombat:light_fuel_tank
[28мая2026 15:36:51.177] [Render thread/INFO] [com.onewhohears.onewholibs.data.jsonpreset.JsonPresetReloadListener/]: ADD: dscombat:seat
[28мая2026 15:36:51.177] [Render thread/INFO] [com.onewhohears.onewholibs.data.jsonpreset.JsonPresetReloadListener/]: ADD: dscombat:gsh_30_1
[28мая2026 15:36:51.177] [Render thread/INFO] [com.onewhohears.onewholibs.data.jsonpreset.JsonPresetReloadListener/]: ADD: dscombat:internal_gun
[28мая2026 15:36:51.177] [Render thread/INFO] [com.onewhohears.onewholibs.data.jsonpreset.JsonPresetReloadListener/]: ADD: dscombat:vls
[28мая2026 15:36:51.177] [Render thread/INFO] [com.onewhohears.onewholibs.data.jsonpreset.JsonPresetReloadListener/]: ADD: dscombat:gau_avenger
[28мая2026 15:36:51.177] [Render thread/INFO] [com.onewhohears.onewholibs.data.jsonpreset.JsonPresetReloadListener/]: ADD: dscombat:basic_flare_dispenser
[28мая2026 15:36:51.178] [Render thread/INFO] [com.onewhohears.onewholibs.data.jsonpreset.JsonPresetReloadListener/]: ADD: dscombat:heavy_external_fuel_tank
[28мая2026 15:36:51.178] [Render thread/INFO] [com.onewhohears.onewholibs.data.jsonpreset.JsonPresetReloadListener/]: ADD: dscombat:gpr20
[28мая2026 15:36:51.178] [Render thread/INFO] [com.onewhohears.onewholibs.data.jsonpreset.JsonPresetReloadListener/]: ADD: dscombat:m2_browning
[28мая2026 15:36:51.178] [Render thread/WARN] [com.onewhohears.onewholibs.data.jsonpreset.JsonPresetReloadListener/]: ERROR: Preset Type mine_dispenser has not been registered!
[28мая2026 15:36:51.178] [Render thread/ERROR] [com.onewhohears.onewholibs.data.jsonpreset.JsonPresetReloadListener/]: ERROR: failed to parse preset dscombat:naval_mine_dispenser
[28мая2026 15:36:51.178] [Render thread/INFO] [com.onewhohears.onewholibs.data.jsonpreset.JsonPresetReloadListener/]: ADD: dscombat:naval_mine_dispenser
[28мая2026 15:36:51.178] [Render thread/INFO] [com.onewhohears.onewholibs.data.jsonpreset.JsonPresetReloadListener/]: ADD: dscombat:armor_piece
[28мая2026 15:36:51.178] [Render thread/INFO] [com.onewhohears.onewholibs.data.jsonpreset.JsonPresetReloadListener/]: ADD: dscombat:wr1k
[28мая2026 15:36:51.178] [Render thread/INFO] [com.onewhohears.onewholibs.data.jsonpreset.JsonPresetReloadListener/]: ADD: dscombat:air_scan_a
[28мая2026 15:36:51.178] [Render thread/INFO] [com.onewhohears.onewholibs.data.jsonpreset.JsonPresetReloadListener/]: ADD: dscombat:air_scan_b
[28мая2026 15:36:51.178] [Render thread/INFO] [com.onewhohears.onewholibs.data.jsonpreset.JsonPresetReloadListener/]: ADD: dscombat:turbofan_f25
[28мая2026 15:36:51.178] [Render thread/INFO] [com.onewhohears.onewholibs.data.jsonpreset.JsonPresetReloadListener/]: ADD: dscombat:ar2k
[28мая2026 15:36:51.178] [Render thread/INFO] [com.onewhohears.onewholibs.data.jsonpreset.JsonPresetReloadListener/]: ADD: dscombat:ar20k
[28мая2026 15:36:51.178] [Render thread/INFO] [com.onewhohears.onewholibs.data.jsonpreset.JsonPresetReloadListener/]: ADD: dscombat:medium_storage_box
[28мая2026 15:36:51.178] [Render thread/INFO] [com.onewhohears.onewholibs.data.jsonpreset.JsonPresetReloadListener/]: ADD: dscombat:c12_engine
[28мая2026 15:36:51.178] [Render thread/INFO] [com.onewhohears.onewholibs.data.jsonpreset.JsonPresetReloadListener/]: ADD: dscombat:heavy_fuel_tank
[28мая2026 15:36:51.178] [Render thread/INFO] [com.onewhohears.onewholibs.data.jsonpreset.JsonPresetReloadListener/]: ADD: dscombat:artillery_cannon
[28мая2026 15:36:51.178] [Render thread/INFO] [com.onewhohears.onewholibs.data.jsonpreset.JsonPresetReloadListener/]: ADD: dscombat:adl
[28мая2026 15:36:51.178] [Render thread/INFO] [com.onewhohears.onewholibs.data.jsonpreset.JsonPresetReloadListener/]: ADD: dscombat:aa_turret
[28мая2026 15:36:51.178] [Render thread/INFO] [com.onewhohears.onewholibs.data.jsonpreset.JsonPresetReloadListener/]: ADD: dscombat:heavy_tank_turret
[28мая2026 15:36:51.178] [Render thread/INFO] [com.onewhohears.onewholibs.data.jsonpreset.JsonPresetReloadListener/]: ADD: dscombat:xm12
[28мая2026 15:36:51.178] [Render thread/INFO] [com.onewhohears.onewholibs.data.jsonpreset.JsonPresetReloadListener/]: ADD: dscombat:ar500
[28мая2026 15:36:51.178] [Render thread/INFO] [com.onewhohears.onewholibs.data.jsonpreset.JsonPresetReloadListener/]: ADD: dscombat:ewr4000
[28мая2026 15:36:51.179] [Render thread/INFO] [com.onewhohears.onewholibs.data.jsonpreset.JsonPresetReloadListener/]: ADD: dscombat:turbofan_f39
[28мая2026 15:36:51.179] [Render thread/INFO] [com.onewhohears.onewholibs.data.jsonpreset.JsonPresetReloadListener/]: ADD: dscombat:wr400
[28мая2026 15:36:51.179] [Render thread/INFO] [com.onewhohears.onewholibs.data.jsonpreset.JsonPresetReloadListener/]: ADD: dscombat:gimbal_camera
[28мая2026 15:36:51.179] [Render thread/INFO] [com.onewhohears.onewholibs.data.jsonpreset.JsonPresetReloadListener/]: ADD: dscombat:mls
[28мая2026 15:36:51.179] [Render thread/INFO] [com.onewhohears.onewholibs.data.jsonpreset.JsonPresetReloadListener/]: ADD: dscombat:survey_all_b
[28мая2026 15:36:51.179] [Render thread/INFO] [com.onewhohears.onewholibs.data.jsonpreset.JsonPresetReloadListener/]: ADD: dscombat:ar1k
[28мая2026 15:36:51.179] [Render thread/INFO] [com.onewhohears.onewholibs.data.jsonpreset.JsonPresetReloadListener/]: ADD: dscombat:allison_v_1710
[28мая2026 15:36:51.179] [Render thread/INFO] [com.onewhohears.onewholibs.data.jsonpreset.JsonPresetReloadListener/]: ADD: dscombat:data_link
[28мая2026 15:36:51.179] [Render thread/INFO] [com.onewhohears.onewholibs.data.jsonpreset.JsonPresetReloadListener/]: ADD: dscombat:sam_launcher
[28мая2026 15:36:51.179] [Render thread/INFO] [com.onewhohears.onewholibs.data.jsonpreset.JsonPresetReloadListener/]: ADD: dscombat:cm_manly_52
[28мая2026 15:36:51.179] [Render thread/INFO] [com.onewhohears.onewholibs.data.jsonpreset.JsonPresetReloadListener/]: ADD: dscombat:survey_all_a
[28мая2026 15:36:51.179] [Render thread/INFO] [com.onewhohears.onewholibs.data.jsonpreset.JsonPresetReloadListener/]: ADD: dscombat:gpr100
[28мая2026 15:36:51.179] [Render thread/WARN] [com.onewhohears.onewholibs.data.jsonpreset.JsonPresetReloadListener/]: ERROR: Preset Type mine_dispenser has not been registered!
[28мая2026 15:36:51.179] [Render thread/ERROR] [com.onewhohears.onewholibs.data.jsonpreset.JsonPresetReloadListener/]: ERROR: failed to parse preset dscombat:basic_mine_dispenser
[28мая2026 15:36:51.179] [Render thread/INFO] [com.onewhohears.onewholibs.data.jsonpreset.JsonPresetReloadListener/]: ADD: dscombat:basic_mine_dispenser
[28мая2026 15:36:51.179] [Render thread/INFO] [com.onewhohears.onewholibs.data.jsonpreset.JsonPresetReloadListener/]: ADD: dscombat:gr400
[28мая2026 15:36:51.179] [Render thread/INFO] [com.onewhohears.onewholibs.data.jsonpreset.JsonPresetReloadListener/]: ADD: dscombat:chain_hook
[28мая2026 15:36:51.179] [Render thread/INFO] [com.onewhohears.onewholibs.data.jsonpreset.JsonPresetReloadListener/]: ADD: dscombat:gr200
[28мая2026 15:36:51.179] [Render thread/INFO] [com.onewhohears.onewholibs.data.jsonpreset.JsonPresetReloadListener/]: ADD: dscombat:light_missile_rack
[28мая2026 15:36:51.179] [Render thread/INFO] [com.onewhohears.onewholibs.data.jsonpreset.JsonPresetReloadListener/]: ADD: dscombat:c6_engine
[28мая2026 15:36:51.179] [Render thread/INFO] [com.onewhohears.onewholibs.data.jsonpreset.JsonPresetReloadListener/]: ADD: dscombat:small_storage_box
[28мая2026 15:36:51.179] [Render thread/INFO] [com.onewhohears.onewholibs.data.jsonpreset.JsonPresetReloadListener/]: ADD: dscombat:steve_up_smash
[28мая2026 15:36:51.179] [Render thread/INFO] [com.onewhohears.onewholibs.data.jsonpreset.JsonPresetReloadListener/]: ADD: dscombat:minigun_turret
[28мая2026 15:36:51.179] [Render thread/INFO] [com.onewhohears.onewholibs.data.jsonpreset.JsonPresetReloadListener/]: ADD: dscombat:night_vision_hud
[28мая2026 15:36:51.180] [Render thread/INFO] [com.onewhohears.onewholibs.data.jsonpreset.JsonPresetReloadListener/]: ADD: dscombat:ciws
[28мая2026 15:36:51.180] [Render thread/INFO] [com.onewhohears.onewholibs.data.jsonpreset.JsonPresetReloadListener/]: ADD: dscombat:m61a1_vulcan
[28мая2026 15:36:51.180] [Render thread/INFO] [com.onewhohears.onewholibs.data.jsonpreset.JsonPresetReloadListener/]: ADD: dscombat:radio
[28мая2026 15:36:51.180] [Render thread/INFO] [com.onewhohears.onewholibs.data.jsonpreset.JsonPresetReloadListener/]: ADD: dscombat:smoke_grenade_dispenser
[28мая2026 15:36:51.180] [Render thread/INFO] [com.onewhohears.onewholibs.data.jsonpreset.JsonPresetReloadListener/]: ADD: dscombat:turbofan_f145
[28мая2026 15:36:51.180] [Render thread/INFO] [com.onewhohears.onewholibs.data.jsonpreset.JsonPresetReloadListener/]: ADD: dscombat:bomb_rack
[28мая2026 15:36:51.180] [Render thread/INFO] [com.onewhohears.onewholibs.data.jsonpreset.JsonPresetReloadListener/]: ADD: dscombat:heavy_missile_rack
[28мая2026 15:36:51.180] [Render thread/INFO] [com.onewhohears.onewholibs.data.jsonpreset.JsonPresetReloadListener/]: ADD: dscombat:compound_turbine
[28мая2026 15:36:51.180] [Render thread/INFO] [com.onewhohears.onewholibs.data.jsonpreset.JsonPresetReloadListener/]: ADD: dscombat:light_external_fuel_tank
[28мая2026 15:36:51.180] [Render thread/INFO] [com.onewhohears.onewholibs.data.jsonpreset.JsonPresetReloadListener/]: ADD: dscombat:axcel_truck_radar
[28мая2026 15:36:51.180] [Render thread/INFO] [com.onewhohears.onewholibs.data.jsonpreset.JsonPresetReloadListener/]: ADD: dscombat:ecm_jammer
[28мая2026 15:36:51.180] [Render thread/INFO] [com.onewhohears.onewholibs.data.jsonpreset.JsonPresetReloadListener/]: ADD: dscombat:mark45_cannon
[28мая2026 15:36:51.180] [Render thread/INFO] [com.onewhohears.onewholibs.data.jsonpreset.JsonPresetReloadListener/]: MERGING COPIES WITH PARENT PRESETS PartPresets
[28мая2026 15:36:51.181] [Render thread/INFO] [com.onewhohears.onewholibs.data.jsonpreset.JsonPresetReloadListener/]: FINISHED 66
[28мая2026 15:38:35.158] [Render thread/INFO] [net.minecraft.world.item.crafting.RecipeManager/]: Loaded 10 recipes
[28мая2026 15:38:35.179] [Render thread/INFO] [net.minecraft.advancements.AdvancementList/]: Loaded 1271 advancements
[28мая2026 15:38:35.180] [Render thread/INFO] [com.onewhohears.onewholibs.data.jsonpreset.JsonPresetReloadListener/]: APPLYING PRESETS TO COMMON CACHE TestPresets
[28мая2026 15:38:35.180] [Render thread/INFO] [com.onewhohears.onewholibs.data.jsonpreset.JsonPresetReloadListener/]: ADD: onewholibs:test2
[28мая2026 15:38:35.180] [Render thread/INFO] [com.onewhohears.onewholibs.data.jsonpreset.JsonPresetReloadListener/]: ADD: onewholibs:test1
[28мая2026 15:38:35.180] [Render thread/INFO] [com.onewhohears.onewholibs.data.jsonpreset.JsonPresetReloadListener/]: ADD: onewholibs:test0
[28мая2026 15:38:35.180] [Render thread/INFO] [com.onewhohears.onewholibs.data.jsonpreset.JsonPresetReloadListener/]: MERGING COPIES WITH PARENT PRESETS TestPresets
[28мая2026 15:38:35.180] [Render thread/INFO] [com.onewhohears.onewholibs.data.jsonpreset.JsonPresetReloadListener/]: FINISHED 3
[28мая2026 15:38:35.180] [Render thread/INFO] [com.onewhohears.onewholibs.data.jsonpreset.JsonPresetReloadListener/]: APPLYING PRESETS TO COMMON CACHE MiniGameKitsManager
[28мая2026 15:38:35.180] [Render thread/INFO] [com.onewhohears.onewholibs.data.jsonpreset.JsonPresetReloadListener/]: ADD: dscombat:dogfight_javi
[28мая2026 15:38:35.180] [Render thread/INFO] [com.onewhohears.onewholibs.data.jsonpreset.JsonPresetReloadListener/]: ADD: dscombat:dogfight_felix
[28мая2026 15:38:35.181] [Render thread/INFO] [com.onewhohears.onewholibs.data.jsonpreset.JsonPresetReloadListener/]: ADD: minigames:standard
[28мая2026 15:38:35.181] [Render thread/INFO] [com.onewhohears.onewholibs.data.jsonpreset.JsonPresetReloadListener/]: ADD: dscombat:demoman
[28мая2026 15:38:35.181] [Render thread/INFO] [com.onewhohears.onewholibs.data.jsonpreset.JsonPresetReloadListener/]: ADD: dscombat:soldier
[28мая2026 15:38:35.181] [Render thread/INFO] [com.onewhohears.onewholibs.data.jsonpreset.JsonPresetReloadListener/]: ADD: minigames:builder
[28мая2026 15:38:35.181] [Render thread/INFO] [com.onewhohears.onewholibs.data.jsonpreset.JsonPresetReloadListener/]: ADD: minigames:archer
[28мая2026 15:38:35.181] [Render thread/INFO] [com.onewhohears.onewholibs.data.jsonpreset.JsonPresetReloadListener/]: ADD: dscombat:heavy
[28мая2026 15:38:35.181] [Render thread/INFO] [com.onewhohears.onewholibs.data.jsonpreset.JsonPresetReloadListener/]: ADD: dscombat:dogfight_alexis
[28мая2026 15:38:35.181] [Render thread/INFO] [com.onewhohears.onewholibs.data.jsonpreset.JsonPresetReloadListener/]: ADD: dscombat:sniper
[28мая2026 15:38:35.181] [Render thread/INFO] [com.onewhohears.onewholibs.data.jsonpreset.JsonPresetReloadListener/]: ADD: dscombat:scout
[28мая2026 15:38:35.181] [Render thread/INFO] [com.onewhohears.onewholibs.data.jsonpreset.JsonPresetReloadListener/]: ADD: dscombat:dogfight_eden
[28мая2026 15:38:35.181] [Render thread/INFO] [com.onewhohears.onewholibs.data.jsonpreset.JsonPresetReloadListener/]: MERGING COPIES WITH PARENT PRESETS MiniGameKitsManager
[28мая2026 15:38:35.181] [Render thread/INFO] [com.onewhohears.onewholibs.data.jsonpreset.JsonPresetReloadListener/]: FINISHED 12
[28мая2026 15:38:35.181] [Render thread/INFO] [com.onewhohears.onewholibs.data.jsonpreset.JsonPresetReloadListener/]: APPLYING PRESETS TO COMMON CACHE MiniGameShopsManager
[28мая2026 15:38:35.181] [Render thread/INFO] [com.onewhohears.onewholibs.data.jsonpreset.JsonPresetReloadListener/]: ADD: dscombat:vehicle_defender
[28мая2026 15:38:35.182] [Render thread/INFO] [com.onewhohears.onewholibs.data.jsonpreset.JsonPresetReloadListener/]: ADD: dscombat:vehicle_attacker
[28мая2026 15:38:35.182] [Render thread/INFO] [com.onewhohears.onewholibs.data.jsonpreset.JsonPresetReloadListener/]: ADD: minigames:survival
[28мая2026 15:38:35.182] [Render thread/INFO] [com.onewhohears.onewholibs.data.jsonpreset.JsonPresetReloadListener/]: ADD: dscombat:military_misc
[28мая2026 15:38:35.182] [Render thread/INFO] [com.onewhohears.onewholibs.data.jsonpreset.JsonPresetReloadListener/]: MERGING COPIES WITH PARENT PRESETS MiniGameShopsManager
[28мая2026 15:38:35.182] [Render thread/INFO] [com.onewhohears.onewholibs.data.jsonpreset.JsonPresetReloadListener/]: FINISHED 4
[28мая2026 15:38:35.182] [Render thread/INFO] [com.onewhohears.onewholibs.data.jsonpreset.JsonPresetReloadListener/]: APPLYING PRESETS TO COMMON CACHE StatGraphs
[28мая2026 15:38:35.182] [Render thread/INFO] [com.onewhohears.onewholibs.data.jsonpreset.JsonPresetReloadListener/]: ADD: dscombat:wooden_plane
[28мая2026 15:38:35.182] [Render thread/INFO] [com.onewhohears.onewholibs.data.jsonpreset.JsonPresetReloadListener/]: ADD: dscombat:bronco_plane_turn_rates
[28мая2026 15:38:35.182] [Render thread/INFO] [com.onewhohears.onewholibs.data.jsonpreset.JsonPresetReloadListener/]: ADD: dscombat:james_plane_turn_rates
[28мая2026 15:38:35.182] [Render thread/INFO] [com.onewhohears.onewholibs.data.jsonpreset.JsonPresetReloadListener/]: ADD: dscombat:default_drag_aoa
[28мая2026 15:38:35.182] [Render thread/INFO] [com.onewhohears.onewholibs.data.jsonpreset.JsonPresetReloadListener/]: ADD: dscombat:air_density_minecraft_the_nether
[28мая2026 15:38:35.182] [Render thread/INFO] [com.onewhohears.onewholibs.data.jsonpreset.JsonPresetReloadListener/]: ADD: dscombat:jason_drag_aoa
[28мая2026 15:38:35.182] [Render thread/INFO] [com.onewhohears.onewholibs.data.jsonpreset.JsonPresetReloadListener/]: ADD: dscombat:eden_plane_turn_rates
[28мая2026 15:38:35.182] [Render thread/INFO] [com.onewhohears.onewholibs.data.jsonpreset.JsonPresetReloadListener/]: ADD: dscombat:arcade_lift_aoa
[28мая2026 15:38:35.182] [Render thread/INFO] [com.onewhohears.onewholibs.data.jsonpreset.JsonPresetReloadListener/]: ADD: dscombat:e3sentry_turn_rates
[28мая2026 15:38:35.182] [Render thread/INFO] [com.onewhohears.onewholibs.data.jsonpreset.JsonPresetReloadListener/]: ADD: dscombat:felix_lift_aoa
[28мая2026 15:38:35.182] [Render thread/INFO] [com.onewhohears.onewholibs.data.jsonpreset.JsonPresetReloadListener/]: ADD: dscombat:arcade_turn_rates
[28мая2026 15:38:35.182] [Render thread/INFO] [com.onewhohears.onewholibs.data.jsonpreset.JsonPresetReloadListener/]: ADD: dscombat:jason_lift_aoa
[28мая2026 15:38:35.182] [Render thread/INFO] [com.onewhohears.onewholibs.data.jsonpreset.JsonPresetReloadListener/]: ADD: dscombat:air_density_minecraft_the_end
[28мая2026 15:38:35.182] [Render thread/INFO] [com.onewhohears.onewholibs.data.jsonpreset.JsonPresetReloadListener/]: ADD: dscombat:felix_drag_aoa
[28мая2026 15:38:35.182] [Render thread/INFO] [com.onewhohears.onewholibs.data.jsonpreset.JsonPresetReloadListener/]: ADD: dscombat:jason_plane_turn_rates
[28мая2026 15:38:35.182] [Render thread/INFO] [com.onewhohears.onewholibs.data.jsonpreset.JsonPresetReloadListener/]: ADD: dscombat:javi_lift_aoa
[28мая2026 15:38:35.182] [Render thread/INFO] [com.onewhohears.onewholibs.data.jsonpreset.JsonPresetReloadListener/]: ADD: dscombat:alexis_plane
[28мая2026 15:38:35.182] [Render thread/INFO] [com.onewhohears.onewholibs.data.jsonpreset.JsonPresetReloadListener/]: ADD: dscombat:arcade_drag_aoa
[28мая2026 15:38:35.182] [Render thread/INFO] [com.onewhohears.onewholibs.data.jsonpreset.JsonPresetReloadListener/]: ADD: dscombat:eden_lift_aoa
[28мая2026 15:38:35.182] [Render thread/INFO] [com.onewhohears.onewholibs.data.jsonpreset.JsonPresetReloadListener/]: ADD: dscombat:fuselage
[28мая2026 15:38:35.182] [Render thread/INFO] [com.onewhohears.onewholibs.data.jsonpreset.JsonPresetReloadListener/]: ADD: dscombat:felix_plane_turn_rates
[28мая2026 15:38:35.183] [Render thread/INFO] [com.onewhohears.onewholibs.data.jsonpreset.JsonPresetReloadListener/]: ADD: dscombat:alexis_drag_aoa
[28мая2026 15:38:35.183] [Render thread/INFO] [com.onewhohears.onewholibs.data.jsonpreset.JsonPresetReloadListener/]: ADD: dscombat:javi_drag_aoa
[28мая2026 15:38:35.183] [Render thread/INFO] [com.onewhohears.onewholibs.data.jsonpreset.JsonPresetReloadListener/]: ADD: dscombat:alexis_plane_turn_rates
[28мая2026 15:38:35.183] [Render thread/INFO] [com.onewhohears.onewholibs.data.jsonpreset.JsonPresetReloadListener/]: ADD: dscombat:arcade_fuselage
[28мая2026 15:38:35.183] [Render thread/INFO] [com.onewhohears.onewholibs.data.jsonpreset.JsonPresetReloadListener/]: ADD: dscombat:javi_plane_turn_rates
[28мая2026 15:38:35.183] [Render thread/INFO] [com.onewhohears.onewholibs.data.jsonpreset.JsonPresetReloadListener/]: ADD: dscombat:e3sentry_drag_aoa
[28мая2026 15:38:35.183] [Render thread/INFO] [com.onewhohears.onewholibs.data.jsonpreset.JsonPresetReloadListener/]: ADD: dscombat:air_density_minecraft_overworld
[28мая2026 15:38:35.183] [Render thread/INFO] [com.onewhohears.onewholibs.data.jsonpreset.JsonPresetReloadListener/]: ADD: dscombat:e3sentry_lift_aoa
[28мая2026 15:38:35.183] [Render thread/INFO] [com.onewhohears.onewholibs.data.jsonpreset.JsonPresetReloadListener/]: ADD: dscombat:eden_drag_aoa
[28мая2026 15:38:35.183] [Render thread/INFO] [com.onewhohears.onewholibs.data.jsonpreset.JsonPresetReloadListener/]: ADD: dscombat:wooden_plane_turn_rates
[28мая2026 15:38:35.183] [Render thread/INFO] [com.onewhohears.onewholibs.data.jsonpreset.JsonPresetReloadListener/]: MERGING COPIES WITH PARENT PRESETS StatGraphs
[28мая2026 15:38:35.183] [Render thread/INFO] [com.onewhohears.onewholibs.data.jsonpreset.JsonPresetReloadListener/]: FINISHED 31
[28мая2026 15:38:35.183] [Render thread/INFO] [com.onewhohears.onewholibs.data.jsonpreset.JsonPresetReloadListener/]: APPLYING PRESETS TO COMMON CACHE VehiclePresets
[28мая2026 15:38:35.184] [Render thread/INFO] [com.onewhohears.onewholibs.data.jsonpreset.JsonPresetReloadListener/]: ADD: dscombat:cruiser_empty
[28мая2026 15:38:35.184] [Render thread/INFO] [com.onewhohears.onewholibs.data.jsonpreset.JsonPresetReloadListener/]: ADD: dscombat:javi_plane_close_air
[28мая2026 15:38:35.184] [Render thread/INFO] [com.onewhohears.onewholibs.data.jsonpreset.JsonPresetReloadListener/]: ADD: dscombat:wooden_plane
[28мая2026 15:38:35.185] [Render thread/INFO] [com.onewhohears.onewholibs.data.jsonpreset.JsonPresetReloadListener/]: ADD: dscombat:jason_plane_empty
[28мая2026 15:38:35.185] [Render thread/INFO] [com.onewhohears.onewholibs.data.jsonpreset.JsonPresetReloadListener/]: ADD: dscombat:cruiser_unarmed
[28мая2026 15:38:35.185] [Render thread/INFO] [com.onewhohears.onewholibs.data.jsonpreset.JsonPresetReloadListener/]: ADD: dscombat:google_sub_unarmed
[28мая2026 15:38:35.185] [Render thread/INFO] [com.onewhohears.onewholibs.data.jsonpreset.JsonPresetReloadListener/]: ADD: dscombat:jason_plane_unarmed
[28мая2026 15:38:35.185] [Render thread/INFO] [com.onewhohears.onewholibs.data.jsonpreset.JsonPresetReloadListener/]: ADD: dscombat:alexis_plane_escort
[28мая2026 15:38:35.185] [Render thread/INFO] [com.onewhohears.onewholibs.data.jsonpreset.JsonPresetReloadListener/]: ADD: dscombat:krait_chopper_brawler
[28мая2026 15:38:35.185] [Render thread/INFO] [com.onewhohears.onewholibs.data.jsonpreset.JsonPresetReloadListener/]: ADD: dscombat:nathan_boat_empty
[28мая2026 15:38:35.185] [Render thread/INFO] [com.onewhohears.onewholibs.data.jsonpreset.JsonPresetReloadListener/]: ADD: dscombat:wooden_plane_empty
[28мая2026 15:38:35.185] [Render thread/INFO] [com.onewhohears.onewholibs.data.jsonpreset.JsonPresetReloadListener/]: ADD: dscombat:destroyer_empty
[28мая2026 15:38:35.185] [Render thread/INFO] [com.onewhohears.onewholibs.data.jsonpreset.JsonPresetReloadListener/]: ADD: dscombat:aircraft_carrier_unarmed
[28мая2026 15:38:35.185] [Render thread/INFO] [com.onewhohears.onewholibs.data.jsonpreset.JsonPresetReloadListener/]: ADD: dscombat:andolf_sub
[28мая2026 15:38:35.185] [Render thread/INFO] [com.onewhohears.onewholibs.data.jsonpreset.JsonPresetReloadListener/]: ADD: dscombat:corvette
[28мая2026 15:38:35.185] [Render thread/INFO] [com.onewhohears.onewholibs.data.jsonpreset.JsonPresetReloadListener/]: ADD: dscombat:felix_plane_empty
[28мая2026 15:38:35.185] [Render thread/INFO] [com.onewhohears.onewholibs.data.jsonpreset.JsonPresetReloadListener/]: ADD: dscombat:felix_plane_support
[28мая2026 15:38:35.185] [Render thread/INFO] [com.onewhohears.onewholibs.data.jsonpreset.JsonPresetReloadListener/]: ADD: dscombat:alexis_plane_sniper
[28мая2026 15:38:35.185] [Render thread/INFO] [com.onewhohears.onewholibs.data.jsonpreset.JsonPresetReloadListener/]: ADD: dscombat:bronco_plane_empty
[28мая2026 15:38:35.185] [Render thread/INFO] [com.onewhohears.onewholibs.data.jsonpreset.JsonPresetReloadListener/]: ADD: dscombat:small_roller
[28мая2026 15:38:35.187] [Render thread/INFO] [com.onewhohears.onewholibs.data.jsonpreset.JsonPresetReloadListener/]: ADD: dscombat:mrbudger_tank
[28мая2026 15:38:35.187] [Render thread/INFO] [com.onewhohears.onewholibs.data.jsonpreset.JsonPresetReloadListener/]: ADD: dscombat:alexis_plane_unarmed
[28мая2026 15:38:35.187] [Render thread/INFO] [com.onewhohears.onewholibs.data.jsonpreset.JsonPresetReloadListener/]: ADD: dscombat:eden_plane_support
[28мая2026 15:38:35.187] [Render thread/INFO] [com.onewhohears.onewholibs.data.jsonpreset.JsonPresetReloadListener/]: ADD: dscombat:gronk_battleship
[28мая2026 15:38:35.187] [Render thread/INFO] [com.onewhohears.onewholibs.data.jsonpreset.JsonPresetReloadListener/]: ADD: dscombat:turret_platform
[28мая2026 15:38:35.187] [Render thread/INFO] [com.onewhohears.onewholibs.data.jsonpreset.JsonPresetReloadListener/]: ADD: dscombat:aircraft_carrier_empty
[28мая2026 15:38:35.187] [Render thread/INFO] [com.onewhohears.onewholibs.data.jsonpreset.JsonPresetReloadListener/]: ADD: dscombat:krait_chopper_door_knocker
[28мая2026 15:38:35.187] [Render thread/INFO] [com.onewhohears.onewholibs.data.jsonpreset.JsonPresetReloadListener/]: ADD: dscombat:nathan_boat
[28мая2026 15:38:35.187] [Render thread/INFO] [com.onewhohears.onewholibs.data.jsonpreset.JsonPresetReloadListener/]: ADD: dscombat:krait_chopper_empty
[28мая2026 15:38:35.187] [Render thread/INFO] [com.onewhohears.onewholibs.data.jsonpreset.JsonPresetReloadListener/]: ADD: dscombat:small_roller_unarmed
[28мая2026 15:38:35.187] [Render thread/INFO] [com.onewhohears.onewholibs.data.jsonpreset.JsonPresetReloadListener/]: ADD: dscombat:willy_jeep
[28мая2026 15:38:35.187] [Render thread/INFO] [com.onewhohears.onewholibs.data.jsonpreset.JsonPresetReloadListener/]: ADD: dscombat:wooden_plane_fighter
[28мая2026 15:38:35.187] [Render thread/INFO] [com.onewhohears.onewholibs.data.jsonpreset.JsonPresetReloadListener/]: ADD: dscombat:felix_plane_unarmed
[28мая2026 15:38:35.187] [Render thread/INFO] [com.onewhohears.onewholibs.data.jsonpreset.JsonPresetReloadListener/]: ADD: dscombat:javi_plane
[28мая2026 15:38:35.188] [Render thread/INFO] [com.onewhohears.onewholibs.data.jsonpreset.JsonPresetReloadListener/]: ADD: dscombat:mrbudger_tank_empty
[28мая2026 15:38:35.188] [Render thread/INFO] [com.onewhohears.onewholibs.data.jsonpreset.JsonPresetReloadListener/]: ADD: dscombat:gronk_battleship_unarmed
[28мая2026 15:38:35.188] [Render thread/INFO] [com.onewhohears.onewholibs.data.jsonpreset.JsonPresetReloadListener/]: ADD: dscombat:destroyer
[28мая2026 15:38:35.188] [Render thread/INFO] [com.onewhohears.onewholibs.data.jsonpreset.JsonPresetReloadListener/]: ADD: dscombat:gronk_battleship_empty
[28мая2026 15:38:35.188] [Render thread/INFO] [com.onewhohears.onewholibs.data.jsonpreset.JsonPresetReloadListener/]: ADD: dscombat:bronco_plane_unarmed
[28мая2026 15:38:35.188] [Render thread/INFO] [com.onewhohears.onewholibs.data.jsonpreset.JsonPresetReloadListener/]: ADD: dscombat:corvette_empty
[28мая2026 15:38:35.188] [Render thread/INFO] [com.onewhohears.onewholibs.data.jsonpreset.JsonPresetReloadListener/]: ADD: dscombat:axcel_truck_unarmed
[28мая2026 15:38:35.188] [Render thread/INFO] [com.onewhohears.onewholibs.data.jsonpreset.JsonPresetReloadListener/]: ADD: dscombat:corvette_unarmed
[28мая2026 15:38:35.188] [Render thread/INFO] [com.onewhohears.onewholibs.data.jsonpreset.JsonPresetReloadListener/]: ADD: dscombat:javi_plane_unarmed
[28мая2026 15:38:35.188] [Render thread/INFO] [com.onewhohears.onewholibs.data.jsonpreset.JsonPresetReloadListener/]: ADD: dscombat:aircraft_carrier
[28мая2026 15:38:35.188] [Render thread/INFO] [com.onewhohears.onewholibs.data.jsonpreset.JsonPresetReloadListener/]: ADD: dscombat:small_roller_tank
[28мая2026 15:38:35.188] [Render thread/INFO] [com.onewhohears.onewholibs.data.jsonpreset.JsonPresetReloadListener/]: ADD: dscombat:javi_plane_heavy_bomber
[28мая2026 15:38:35.188] [Render thread/INFO] [com.onewhohears.onewholibs.data.jsonpreset.JsonPresetReloadListener/]: ADD: dscombat:krait_chopper
[28мая2026 15:38:35.188] [Render thread/INFO] [com.onewhohears.onewholibs.data.jsonpreset.JsonPresetReloadListener/]: ADD: dscombat:eric_truck_unarmed
[28мая2026 15:38:35.188] [Render thread/INFO] [com.onewhohears.onewholibs.data.jsonpreset.JsonPresetReloadListener/]: ADD: dscombat:javi_plane_bomber
[28мая2026 15:38:35.188] [Render thread/INFO] [com.onewhohears.onewholibs.data.jsonpreset.JsonPresetReloadListener/]: ADD: dscombat:willy_jeep_empty
[28мая2026 15:38:35.188] [Render thread/INFO] [com.onewhohears.onewholibs.data.jsonpreset.JsonPresetReloadListener/]: ADD: dscombat:felix_plane_defender
[28мая2026 15:38:35.188] [Render thread/INFO] [com.onewhohears.onewholibs.data.jsonpreset.JsonPresetReloadListener/]: ADD: dscombat:james_wooden_plane_empty
[28мая2026 15:38:35.189] [Render thread/INFO] [com.onewhohears.onewholibs.data.jsonpreset.JsonPresetReloadListener/]: ADD: dscombat:alexis_plane_support
[28мая2026 15:38:35.189] [Render thread/INFO] [com.onewhohears.onewholibs.data.jsonpreset.JsonPresetReloadListener/]: ADD: dscombat:axcel_truck
[28мая2026 15:38:35.189] [Render thread/INFO] [com.onewhohears.onewholibs.data.jsonpreset.JsonPresetReloadListener/]: ADD: dscombat:eric_truck
[28мая2026 15:38:35.189] [Render thread/INFO] [com.onewhohears.onewholibs.data.jsonpreset.JsonPresetReloadListener/]: ADD: dscombat:eric_truck_empty
[28мая2026 15:38:35.189] [Render thread/INFO] [com.onewhohears.onewholibs.data.jsonpreset.JsonPresetReloadListener/]: ADD: dscombat:small_roller_empty
[28мая2026 15:38:35.189] [Render thread/INFO] [com.onewhohears.onewholibs.data.jsonpreset.JsonPresetReloadListener/]: ADD: dscombat:felix_plane
[28мая2026 15:38:35.189] [Render thread/INFO] [com.onewhohears.onewholibs.data.jsonpreset.JsonPresetReloadListener/]: ADD: dscombat:e3sentry_plane
[28мая2026 15:38:35.189] [Render thread/INFO] [com.onewhohears.onewholibs.data.jsonpreset.JsonPresetReloadListener/]: ADD: dscombat:google_sub
[28мая2026 15:38:35.189] [Render thread/INFO] [com.onewhohears.onewholibs.data.jsonpreset.JsonPresetReloadListener/]: ADD: dscombat:ewr4000
[28мая2026 15:38:35.189] [Render thread/INFO] [com.onewhohears.onewholibs.data.jsonpreset.JsonPresetReloadListener/]: ADD: dscombat:e3sentry_plane_empty
[28мая2026 15:38:35.189] [Render thread/INFO] [com.onewhohears.onewholibs.data.jsonpreset.JsonPresetReloadListener/]: ADD: dscombat:eden_plane_unarmed
[28мая2026 15:38:35.189] [Render thread/INFO] [com.onewhohears.onewholibs.data.jsonpreset.JsonPresetReloadListener/]: ADD: dscombat:alexis_plane_empty
[28мая2026 15:38:35.189] [Render thread/INFO] [com.onewhohears.onewholibs.data.jsonpreset.JsonPresetReloadListener/]: ADD: dscombat:tech_turret_platform
[28мая2026 15:38:35.189] [Render thread/INFO] [com.onewhohears.onewholibs.data.jsonpreset.JsonPresetReloadListener/]: ADD: dscombat:noah_chopper
[28мая2026 15:38:35.189] [Render thread/INFO] [com.onewhohears.onewholibs.data.jsonpreset.JsonPresetReloadListener/]: ADD: dscombat:orange_tesla
[28мая2026 15:38:35.190] [Render thread/INFO] [com.onewhohears.onewholibs.data.jsonpreset.JsonPresetReloadListener/]: ADD: dscombat:alexis_plane
[28мая2026 15:38:35.190] [Render thread/INFO] [com.onewhohears.onewholibs.data.jsonpreset.JsonPresetReloadListener/]: ADD: dscombat:krait_chopper_dog_fighter
[28мая2026 15:38:35.190] [Render thread/INFO] [com.onewhohears.onewholibs.data.jsonpreset.JsonPresetReloadListener/]: ADD: dscombat:andolf_sub_empty
[28мая2026 15:38:35.190] [Render thread/INFO] [com.onewhohears.onewholibs.data.jsonpreset.JsonPresetReloadListener/]: ADD: dscombat:jason_plane
[28мая2026 15:38:35.190] [Render thread/INFO] [com.onewhohears.onewholibs.data.jsonpreset.JsonPresetReloadListener/]: ADD: dscombat:axcel_truck_empty
[28мая2026 15:38:35.190] [Render thread/INFO] [com.onewhohears.onewholibs.data.jsonpreset.JsonPresetReloadListener/]: ADD: dscombat:eden_plane_interceptor
[28мая2026 15:38:35.190] [Render thread/INFO] [com.onewhohears.onewholibs.data.jsonpreset.JsonPresetReloadListener/]: ADD: dscombat:bronco_plane
[28мая2026 15:38:35.190] [Render thread/INFO] [com.onewhohears.onewholibs.data.jsonpreset.JsonPresetReloadListener/]: ADD: dscombat:james_wooden_plane
[28мая2026 15:38:35.190] [Render thread/INFO] [com.onewhohears.onewholibs.data.jsonpreset.JsonPresetReloadListener/]: ADD: dscombat:google_sub_empty
[28мая2026 15:38:35.190] [Render thread/INFO] [com.onewhohears.onewholibs.data.jsonpreset.JsonPresetReloadListener/]: ADD: dscombat:bronco_plane_shitter
[28мая2026 15:38:35.190] [Render thread/INFO] [com.onewhohears.onewholibs.data.jsonpreset.JsonPresetReloadListener/]: ADD: dscombat:cruiser
[28мая2026 15:38:35.190] [Render thread/INFO] [com.onewhohears.onewholibs.data.jsonpreset.JsonPresetReloadListener/]: ADD: dscombat:alexis_plane_infiltrator
[28мая2026 15:38:35.190] [Render thread/INFO] [com.onewhohears.onewholibs.data.jsonpreset.JsonPresetReloadListener/]: ADD: dscombat:javi_plane_empty
[28мая2026 15:38:35.190] [Render thread/INFO] [com.onewhohears.onewholibs.data.jsonpreset.JsonPresetReloadListener/]: ADD: dscombat:wooden_plane_bomber
[28мая2026 15:38:35.190] [Render thread/INFO] [com.onewhohears.onewholibs.data.jsonpreset.JsonPresetReloadListener/]: ADD: dscombat:javi_plane_truck
[28мая2026 15:38:35.190] [Render thread/INFO] [com.onewhohears.onewholibs.data.jsonpreset.JsonPresetReloadListener/]: ADD: dscombat:andolf_sub_unarmed
[28мая2026 15:38:35.191] [Render thread/INFO] [com.onewhohears.onewholibs.data.jsonpreset.JsonPresetReloadListener/]: ADD: dscombat:werewolf_empty
[28мая2026 15:38:35.191] [Render thread/INFO] [com.onewhohears.onewholibs.data.jsonpreset.JsonPresetReloadListener/]: ADD: dscombat:krait_chopper_unarmed
[28мая2026 15:38:35.191] [Render thread/INFO] [com.onewhohears.onewholibs.data.jsonpreset.JsonPresetReloadListener/]: ADD: dscombat:mrbudger_tank_unarmed
[28мая2026 15:38:35.191] [Render thread/INFO] [com.onewhohears.onewholibs.data.jsonpreset.JsonPresetReloadListener/]: ADD: dscombat:noah_chopper_empty
[28мая2026 15:38:35.191] [Render thread/INFO] [com.onewhohears.onewholibs.data.jsonpreset.JsonPresetReloadListener/]: ADD: dscombat:destroyer_unarmed
[28мая2026 15:38:35.191] [Render thread/INFO] [com.onewhohears.onewholibs.data.jsonpreset.JsonPresetReloadListener/]: ADD: dscombat:eden_plane
[28мая2026 15:38:35.191] [Render thread/INFO] [com.onewhohears.onewholibs.data.jsonpreset.JsonPresetReloadListener/]: ADD: dscombat:eden_plane_empty
[28мая2026 15:38:35.191] [Render thread/INFO] [com.onewhohears.onewholibs.data.jsonpreset.JsonPresetReloadListener/]: ADD: dscombat:nathan_boat_unarmed
[28мая2026 15:38:35.191] [Render thread/INFO] [com.onewhohears.onewholibs.data.jsonpreset.JsonPresetReloadListener/]: ADD: dscombat:noah_chopper_unarmed
[28мая2026 15:38:35.191] [Render thread/INFO] [com.onewhohears.onewholibs.data.jsonpreset.JsonPresetReloadListener/]: MERGING COPIES WITH PARENT PRESETS VehiclePresets
[28мая2026 15:38:35.191] [Render thread/INFO] [com.onewhohears.onewholibs.data.jsonpreset.JsonPresetReloadListener/]: MERGED: bronco_plane_unarmed with bronco_plane_empty
[28мая2026 15:38:35.191] [Render thread/INFO] [com.onewhohears.onewholibs.data.jsonpreset.JsonPresetReloadListener/]: MERGED: bronco_plane with bronco_plane_unarmed
[28мая2026 15:38:35.191] [Render thread/INFO] [com.onewhohears.onewholibs.data.jsonpreset.JsonPresetReloadListener/]: MERGED: small_roller_unarmed with small_roller_empty
[28мая2026 15:38:35.191] [Render thread/INFO] [com.onewhohears.onewholibs.data.jsonpreset.JsonPresetReloadListener/]: MERGED: small_roller with small_roller_unarmed
[28мая2026 15:38:35.191] [Render thread/INFO] [com.onewhohears.onewholibs.data.jsonpreset.JsonPresetReloadListener/]: MERGED: mrbudger_tank_unarmed with mrbudger_tank_empty
[28мая2026 15:38:35.192] [Render thread/INFO] [com.onewhohears.onewholibs.data.jsonpreset.JsonPresetReloadListener/]: MERGED: mrbudger_tank with mrbudger_tank_unarmed
[28мая2026 15:38:35.192] [Render thread/INFO] [com.onewhohears.onewholibs.data.jsonpreset.JsonPresetReloadListener/]: MERGED: destroyer_unarmed with destroyer_empty
[28мая2026 15:38:35.192] [Render thread/INFO] [com.onewhohears.onewholibs.data.jsonpreset.JsonPresetReloadListener/]: MERGED: felix_plane_unarmed with felix_plane_empty
[28мая2026 15:38:35.192] [Render thread/INFO] [com.onewhohears.onewholibs.data.jsonpreset.JsonPresetReloadListener/]: MERGED: alexis_plane_unarmed with alexis_plane_empty
[28мая2026 15:38:35.192] [Render thread/INFO] [com.onewhohears.onewholibs.data.jsonpreset.JsonPresetReloadListener/]: MERGED: alexis_plane_infiltrator with alexis_plane_unarmed
[28мая2026 15:38:35.192] [Render thread/INFO] [com.onewhohears.onewholibs.data.jsonpreset.JsonPresetReloadListener/]: MERGED: gronk_battleship_unarmed with gronk_battleship_empty
[28мая2026 15:38:35.193] [Render thread/INFO] [com.onewhohears.onewholibs.data.jsonpreset.JsonPresetReloadListener/]: MERGED: javi_plane_unarmed with javi_plane_empty
[28мая2026 15:38:35.193] [Render thread/INFO] [com.onewhohears.onewholibs.data.jsonpreset.JsonPresetReloadListener/]: MERGED: javi_plane with javi_plane_unarmed
[28мая2026 15:38:35.193] [Render thread/INFO] [com.onewhohears.onewholibs.data.jsonpreset.JsonPresetReloadListener/]: MERGED: axcel_truck_unarmed with axcel_truck_empty
[28мая2026 15:38:35.193] [Render thread/INFO] [com.onewhohears.onewholibs.data.jsonpreset.JsonPresetReloadListener/]: MERGED: cruiser_unarmed with cruiser_empty
[28мая2026 15:38:35.194] [Render thread/INFO] [com.onewhohears.onewholibs.data.jsonpreset.JsonPresetReloadListener/]: MERGED: cruiser with cruiser_unarmed
[28мая2026 15:38:35.194] [Render thread/INFO] [com.onewhohears.onewholibs.data.jsonpreset.JsonPresetReloadListener/]: MERGED: corvette_unarmed with corvette_empty
[28мая2026 15:38:35.194] [Render thread/INFO] [com.onewhohears.onewholibs.data.jsonpreset.JsonPresetReloadListener/]: MERGED: corvette with corvette_unarmed
[28мая2026 15:38:35.194] [Render thread/INFO] [com.onewhohears.onewholibs.data.jsonpreset.JsonPresetReloadListener/]: MERGED: javi_plane_bomber with javi_plane_unarmed
[28мая2026 15:38:35.195] [Render thread/INFO] [com.onewhohears.onewholibs.data.jsonpreset.JsonPresetReloadListener/]: MERGED: javi_plane_truck with javi_plane_unarmed
[28мая2026 15:38:35.195] [Render thread/INFO] [com.onewhohears.onewholibs.data.jsonpreset.JsonPresetReloadListener/]: MERGED: krait_chopper_unarmed with krait_chopper_empty
[28мая2026 15:38:35.195] [Render thread/INFO] [com.onewhohears.onewholibs.data.jsonpreset.JsonPresetReloadListener/]: MERGED: krait_chopper with krait_chopper_unarmed
[28мая2026 15:38:35.195] [Render thread/INFO] [com.onewhohears.onewholibs.data.jsonpreset.JsonPresetReloadListener/]: MERGED: eden_plane_unarmed with eden_plane_empty
[28мая2026 15:38:35.196] [Render thread/INFO] [com.onewhohears.onewholibs.data.jsonpreset.JsonPresetReloadListener/]: MERGED: eden_plane with eden_plane_unarmed
[28мая2026 15:38:35.196] [Render thread/INFO] [com.onewhohears.onewholibs.data.jsonpreset.JsonPresetReloadListener/]: MERGED: aircraft_carrier_unarmed with aircraft_carrier_empty
[28мая2026 15:38:35.196] [Render thread/INFO] [com.onewhohears.onewholibs.data.jsonpreset.JsonPresetReloadListener/]: MERGED: aircraft_carrier with aircraft_carrier_unarmed
[28мая2026 15:38:35.196] [Render thread/INFO] [com.onewhohears.onewholibs.data.jsonpreset.JsonPresetReloadListener/]: MERGED: felix_plane_defender with felix_plane_unarmed
[28мая2026 15:38:35.196] [Render thread/INFO] [com.onewhohears.onewholibs.data.jsonpreset.JsonPresetReloadListener/]: MERGED: jason_plane_unarmed with jason_plane_empty
[28мая2026 15:38:35.196] [Render thread/INFO] [com.onewhohears.onewholibs.data.jsonpreset.JsonPresetReloadListener/]: MERGED: gronk_battleship with gronk_battleship_unarmed
[28мая2026 15:38:35.196] [Render thread/INFO] [com.onewhohears.onewholibs.data.jsonpreset.JsonPresetReloadListener/]: MERGED: krait_chopper_door_knocker with krait_chopper_unarmed
[28мая2026 15:38:35.198] [Render thread/INFO] [com.onewhohears.onewholibs.data.jsonpreset.JsonPresetReloadListener/]: MERGED: nathan_boat_unarmed with nathan_boat_empty
[28мая2026 15:38:35.198] [Render thread/INFO] [com.onewhohears.onewholibs.data.jsonpreset.JsonPresetReloadListener/]: MERGED: nathan_boat with nathan_boat_unarmed
[28мая2026 15:38:35.198] [Render thread/INFO] [com.onewhohears.onewholibs.data.jsonpreset.JsonPresetReloadListener/]: MERGED: alexis_plane_support with alexis_plane_unarmed
[28мая2026 15:38:35.198] [Render thread/INFO] [com.onewhohears.onewholibs.data.jsonpreset.JsonPresetReloadListener/]: MERGED: eric_truck_unarmed with eric_truck_empty
[28мая2026 15:38:35.198] [Render thread/INFO] [com.onewhohears.onewholibs.data.jsonpreset.JsonPresetReloadListener/]: MERGED: eric_truck with eric_truck_unarmed
[28мая2026 15:38:35.198] [Render thread/INFO] [com.onewhohears.onewholibs.data.jsonpreset.JsonPresetReloadListener/]: MERGED: andolf_sub_unarmed with andolf_sub_empty
[28мая2026 15:38:35.198] [Render thread/INFO] [com.onewhohears.onewholibs.data.jsonpreset.JsonPresetReloadListener/]: MERGED: javi_plane_close_air with javi_plane_unarmed
[28мая2026 15:38:35.199] [Render thread/INFO] [com.onewhohears.onewholibs.data.jsonpreset.JsonPresetReloadListener/]: MERGED: e3sentry_plane with e3sentry_plane_empty
[28мая2026 15:38:35.199] [Render thread/INFO] [com.onewhohears.onewholibs.data.jsonpreset.JsonPresetReloadListener/]: MERGED: alexis_plane_sniper with alexis_plane_unarmed
[28мая2026 15:38:35.199] [Render thread/INFO] [com.onewhohears.onewholibs.data.jsonpreset.JsonPresetReloadListener/]: MERGED: alexis_plane with alexis_plane_unarmed
[28мая2026 15:38:35.199] [Render thread/INFO] [com.onewhohears.onewholibs.data.jsonpreset.JsonPresetReloadListener/]: MERGED: google_sub_unarmed with google_sub_empty
[28мая2026 15:38:35.199] [Render thread/INFO] [com.onewhohears.onewholibs.data.jsonpreset.JsonPresetReloadListener/]: MERGED: google_sub with google_sub_unarmed
[28мая2026 15:38:35.199] [Render thread/INFO] [com.onewhohears.onewholibs.data.jsonpreset.JsonPresetReloadListener/]: MERGED: noah_chopper_unarmed with noah_chopper_empty
[28мая2026 15:38:35.199] [Render thread/INFO] [com.onewhohears.onewholibs.data.jsonpreset.JsonPresetReloadListener/]: MERGED: noah_chopper with noah_chopper_unarmed
[28мая2026 15:38:35.199] [Render thread/INFO] [com.onewhohears.onewholibs.data.jsonpreset.JsonPresetReloadListener/]: MERGED: bronco_plane_shitter with bronco_plane_unarmed
[28мая2026 15:38:35.199] [Render thread/INFO] [com.onewhohears.onewholibs.data.jsonpreset.JsonPresetReloadListener/]: MERGED: tech_turret_platform with turret_platform
[28мая2026 15:38:35.200] [Render thread/INFO] [com.onewhohears.onewholibs.data.jsonpreset.JsonPresetReloadListener/]: MERGED: willy_jeep with willy_jeep_empty
[28мая2026 15:38:35.200] [Render thread/INFO] [com.onewhohears.onewholibs.data.jsonpreset.JsonPresetReloadListener/]: MERGED: eden_plane_interceptor with eden_plane_unarmed
[28мая2026 15:38:35.200] [Render thread/INFO] [com.onewhohears.onewholibs.data.jsonpreset.JsonPresetReloadListener/]: MERGED: wooden_plane with wooden_plane_empty
[28мая2026 15:38:35.200] [Render thread/INFO] [com.onewhohears.onewholibs.data.jsonpreset.JsonPresetReloadListener/]: MERGED: wooden_plane_bomber with wooden_plane
[28мая2026 15:38:35.200] [Render thread/INFO] [com.onewhohears.onewholibs.data.jsonpreset.JsonPresetReloadListener/]: MERGED: small_roller_tank with small_roller_unarmed
[28мая2026 15:38:35.200] [Render thread/INFO] [com.onewhohears.onewholibs.data.jsonpreset.JsonPresetReloadListener/]: MERGED: krait_chopper_dog_fighter with krait_chopper_unarmed
[28мая2026 15:38:35.201] [Render thread/INFO] [com.onewhohears.onewholibs.data.jsonpreset.JsonPresetReloadListener/]: MERGED: destroyer with destroyer_unarmed
[28мая2026 15:38:35.201] [Render thread/INFO] [com.onewhohears.onewholibs.data.jsonpreset.JsonPresetReloadListener/]: MERGED: james_wooden_plane with james_wooden_plane_empty
[28мая2026 15:38:35.201] [Render thread/INFO] [com.onewhohears.onewholibs.data.jsonpreset.JsonPresetReloadListener/]: MERGED: jason_plane with jason_plane_unarmed
[28мая2026 15:38:35.201] [Render thread/INFO] [com.onewhohears.onewholibs.data.jsonpreset.JsonPresetReloadListener/]: MERGED: javi_plane_heavy_bomber with javi_plane_unarmed
[28мая2026 15:38:35.201] [Render thread/INFO] [com.onewhohears.onewholibs.data.jsonpreset.JsonPresetReloadListener/]: MERGED: wooden_plane_fighter with wooden_plane
[28мая2026 15:38:35.201] [Render thread/INFO] [com.onewhohears.onewholibs.data.jsonpreset.JsonPresetReloadListener/]: MERGED: felix_plane with felix_plane_unarmed
[28мая2026 15:38:35.201] [Render thread/INFO] [com.onewhohears.onewholibs.data.jsonpreset.JsonPresetReloadListener/]: MERGED: alexis_plane_escort with alexis_plane_unarmed
[28мая2026 15:38:35.202] [Render thread/INFO] [com.onewhohears.onewholibs.data.jsonpreset.JsonPresetReloadListener/]: MERGED: andolf_sub with andolf_sub_unarmed
[28мая2026 15:38:35.202] [Render thread/INFO] [com.onewhohears.onewholibs.data.jsonpreset.JsonPresetReloadListener/]: MERGED: axcel_truck with axcel_truck_unarmed
[28мая2026 15:38:35.202] [Render thread/INFO] [com.onewhohears.onewholibs.data.jsonpreset.JsonPresetReloadListener/]: MERGED: eden_plane_support with eden_plane_unarmed
[28мая2026 15:38:35.202] [Render thread/INFO] [com.onewhohears.onewholibs.data.jsonpreset.JsonPresetReloadListener/]: MERGED: krait_chopper_brawler with krait_chopper_unarmed
[28мая2026 15:38:35.202] [Render thread/INFO] [com.onewhohears.onewholibs.data.jsonpreset.JsonPresetReloadListener/]: MERGED: felix_plane_support with felix_plane_unarmed
[28мая2026 15:38:35.211] [Render thread/INFO] [com.onewhohears.onewholibs.data.jsonpreset.JsonPresetReloadListener/]: FINISHED 92
[28мая2026 15:38:35.211] [Render thread/INFO] [com.onewhohears.onewholibs.data.jsonpreset.JsonPresetReloadListener/]: APPLYING PRESETS TO COMMON CACHE WeaponPresets
[28мая2026 15:38:35.212] [Render thread/INFO] [com.onewhohears.onewholibs.data.jsonpreset.JsonPresetReloadListener/]: ADD: dscombat:meteor
[28мая2026 15:38:35.212] [Render thread/INFO] [com.onewhohears.onewholibs.data.jsonpreset.JsonPresetReloadListener/]: ADD: dscombat:smoke_grenade
[28мая2026 15:38:35.212] [Render thread/INFO] [com.onewhohears.onewholibs.data.jsonpreset.JsonPresetReloadListener/]: ADD: dscombat:napalm
[28мая2026 15:38:35.212] [Render thread/INFO] [com.onewhohears.onewholibs.data.jsonpreset.JsonPresetReloadListener/]: ADD: dscombat:10mm
[28мая2026 15:38:35.212] [Render thread/INFO] [com.onewhohears.onewholibs.data.jsonpreset.JsonPresetReloadListener/]: ADD: dscombat:aim7mh
[28мая2026 15:38:35.212] [Render thread/INFO] [com.onewhohears.onewholibs.data.jsonpreset.JsonPresetReloadListener/]: ADD: dscombat:pac3
[28мая2026 15:38:35.212] [Render thread/INFO] [com.onewhohears.onewholibs.data.jsonpreset.JsonPresetReloadListener/]: ADD: dscombat:aim9x
[28мая2026 15:38:35.212] [Render thread/INFO] [com.onewhohears.onewholibs.data.jsonpreset.JsonPresetReloadListener/]: ADD: dscombat:rgm84
[28мая2026 15:38:35.212] [Render thread/INFO] [com.onewhohears.onewholibs.data.jsonpreset.JsonPresetReloadListener/]: ADD: dscombat:gruetz_bunker_buster
[28мая2026 15:38:35.212] [Render thread/INFO] [com.onewhohears.onewholibs.data.jsonpreset.JsonPresetReloadListener/]: ADD: dscombat:anm57
[28мая2026 15:38:35.212] [Render thread/INFO] [com.onewhohears.onewholibs.data.jsonpreset.JsonPresetReloadListener/]: ADD: dscombat:bgm109
[28мая2026 15:38:35.212] [Render thread/INFO] [com.onewhohears.onewholibs.data.jsonpreset.JsonPresetReloadListener/]: ADD: dscombat:20mmhe
[28мая2026 15:38:35.212] [Render thread/INFO] [com.onewhohears.onewholibs.data.jsonpreset.JsonPresetReloadListener/]: ADD: dscombat:120mmhe
[28мая2026 15:38:35.212] [Render thread/INFO] [com.onewhohears.onewholibs.data.jsonpreset.JsonPresetReloadListener/]: ADD: dscombat:anm30
[28мая2026 15:38:35.212] [Render thread/INFO] [com.onewhohears.onewholibs.data.jsonpreset.JsonPresetReloadListener/]: ADD: dscombat:agm65g
[28мая2026 15:38:35.212] [Render thread/INFO] [com.onewhohears.onewholibs.data.jsonpreset.JsonPresetReloadListener/]: ADD: dscombat:50mmhe
[28мая2026 15:38:35.212] [Render thread/INFO] [com.onewhohears.onewholibs.data.jsonpreset.JsonPresetReloadListener/]: ADD: dscombat:20mm
[28мая2026 15:38:35.212] [Render thread/INFO] [com.onewhohears.onewholibs.data.jsonpreset.JsonPresetReloadListener/]: ADD: dscombat:agm114k
[28мая2026 15:38:35.212] [Render thread/INFO] [com.onewhohears.onewholibs.data.jsonpreset.JsonPresetReloadListener/]: ADD: dscombat:m203_grenade
[28мая2026 15:38:35.212] [Render thread/INFO] [com.onewhohears.onewholibs.data.jsonpreset.JsonPresetReloadListener/]: ADD: dscombat:agm65l
[28мая2026 15:38:35.212] [Render thread/INFO] [com.onewhohears.onewholibs.data.jsonpreset.JsonPresetReloadListener/]: ADD: dscombat:406mmhe
[28мая2026 15:38:35.212] [Render thread/INFO] [com.onewhohears.onewholibs.data.jsonpreset.JsonPresetReloadListener/]: ADD: dscombat:mk13
[28мая2026 15:38:35.213] [Render thread/INFO] [com.onewhohears.onewholibs.data.jsonpreset.JsonPresetReloadListener/]: ADD: dscombat:rpg7_grenade
[28мая2026 15:38:35.213] [Render thread/INFO] [com.onewhohears.onewholibs.data.jsonpreset.JsonPresetReloadListener/]: ADD: dscombat:30mmhe
[28мая2026 15:38:35.213] [Render thread/INFO] [com.onewhohears.onewholibs.data.jsonpreset.JsonPresetReloadListener/]: ADD: dscombat:aim120c
[28мая2026 15:38:35.213] [Render thread/INFO] [com.onewhohears.onewholibs.data.jsonpreset.JsonPresetReloadListener/]: ADD: dscombat:aim9p5
[28мая2026 15:38:35.213] [Render thread/INFO] [com.onewhohears.onewholibs.data.jsonpreset.JsonPresetReloadListener/]: ADD: dscombat:scud_b
[28мая2026 15:38:35.213] [Render thread/INFO] [com.onewhohears.onewholibs.data.jsonpreset.JsonPresetReloadListener/]: ADD: dscombat:aim120b
[28мая2026 15:38:35.213] [Render thread/INFO] [com.onewhohears.onewholibs.data.jsonpreset.JsonPresetReloadListener/]: ADD: dscombat:anm64
[28мая2026 15:38:35.213] [Render thread/INFO] [com.onewhohears.onewholibs.data.jsonpreset.JsonPresetReloadListener/]: ADD: dscombat:agm84e
[28мая2026 15:38:35.213] [Render thread/INFO] [com.onewhohears.onewholibs.data.jsonpreset.JsonPresetReloadListener/]: ADD: dscombat:agm88g
[28мая2026 15:38:35.213] [Render thread/INFO] [com.onewhohears.onewholibs.data.jsonpreset.JsonPresetReloadListener/]: ADD: dscombat:aim7f
[28мая2026 15:38:35.213] [Render thread/INFO] [com.onewhohears.onewholibs.data.jsonpreset.JsonPresetReloadListener/]: ADD: dscombat:15mm
[28мая2026 15:38:35.213] [Render thread/INFO] [com.onewhohears.onewholibs.data.jsonpreset.JsonPresetReloadListener/]: ADD: dscombat:type91
[28мая2026 15:38:35.213] [Render thread/INFO] [com.onewhohears.onewholibs.data.jsonpreset.JsonPresetReloadListener/]: ADD: dscombat:127mm
[28мая2026 15:38:35.213] [Render thread/INFO] [com.onewhohears.onewholibs.data.jsonpreset.JsonPresetReloadListener/]: ADD: dscombat:aim9l
[28мая2026 15:38:35.213] [Render thread/INFO] [com.onewhohears.onewholibs.data.jsonpreset.JsonPresetReloadListener/]: MERGING COPIES WITH PARENT PRESETS WeaponPresets
[28мая2026 15:38:35.213] [Render thread/INFO] [com.onewhohears.onewholibs.data.jsonpreset.JsonPresetReloadListener/]: FINISHED 36
[28мая2026 15:38:35.213] [Render thread/INFO] [com.onewhohears.onewholibs.data.jsonpreset.JsonPresetReloadListener/]: APPLYING PRESETS TO COMMON CACHE RadarPresets
[28мая2026 15:38:35.213] [Render thread/INFO] [com.onewhohears.onewholibs.data.jsonpreset.JsonPresetReloadListener/]: ADD: dscombat:gpr100
[28мая2026 15:38:35.213] [Render thread/INFO] [com.onewhohears.onewholibs.data.jsonpreset.JsonPresetReloadListener/]: ADD: dscombat:gr400
[28мая2026 15:38:35.213] [Render thread/INFO] [com.onewhohears.onewholibs.data.jsonpreset.JsonPresetReloadListener/]: ADD: dscombat:gpr20
[28мая2026 15:38:35.213] [Render thread/INFO] [com.onewhohears.onewholibs.data.jsonpreset.JsonPresetReloadListener/]: ADD: dscombat:gr200
[28мая2026 15:38:35.214] [Render thread/INFO] [com.onewhohears.onewholibs.data.jsonpreset.JsonPresetReloadListener/]: ADD: dscombat:wr1k
[28мая2026 15:38:35.214] [Render thread/INFO] [com.onewhohears.onewholibs.data.jsonpreset.JsonPresetReloadListener/]: ADD: dscombat:air_scan_a
[28мая2026 15:38:35.214] [Render thread/INFO] [com.onewhohears.onewholibs.data.jsonpreset.JsonPresetReloadListener/]: ADD: dscombat:air_scan_b
[28мая2026 15:38:35.214] [Render thread/INFO] [com.onewhohears.onewholibs.data.jsonpreset.JsonPresetReloadListener/]: ADD: dscombat:ar500
[28мая2026 15:38:35.214] [Render thread/INFO] [com.onewhohears.onewholibs.data.jsonpreset.JsonPresetReloadListener/]: ADD: dscombat:ewr4000
[28мая2026 15:38:35.214] [Render thread/INFO] [com.onewhohears.onewholibs.data.jsonpreset.JsonPresetReloadListener/]: ADD: dscombat:wr400
[28мая2026 15:38:35.214] [Render thread/INFO] [com.onewhohears.onewholibs.data.jsonpreset.JsonPresetReloadListener/]: ADD: dscombat:ar2k
[28мая2026 15:38:35.214] [Render thread/INFO] [com.onewhohears.onewholibs.data.jsonpreset.JsonPresetReloadListener/]: ADD: dscombat:ar20k
[28мая2026 15:38:35.214] [Render thread/INFO] [com.onewhohears.onewholibs.data.jsonpreset.JsonPresetReloadListener/]: ADD: dscombat:survey_all_b
[28мая2026 15:38:35.214] [Render thread/INFO] [com.onewhohears.onewholibs.data.jsonpreset.JsonPresetReloadListener/]: ADD: dscombat:ar1k
[28мая2026 15:38:35.214] [Render thread/INFO] [com.onewhohears.onewholibs.data.jsonpreset.JsonPresetReloadListener/]: ADD: dscombat:axcel_truck_radar
[28мая2026 15:38:35.214] [Render thread/INFO] [com.onewhohears.onewholibs.data.jsonpreset.JsonPresetReloadListener/]: ADD: dscombat:survey_all_a
[28мая2026 15:38:35.214] [Render thread/INFO] [com.onewhohears.onewholibs.data.jsonpreset.JsonPresetReloadListener/]: MERGING COPIES WITH PARENT PRESETS RadarPresets
[28мая2026 15:38:35.214] [Render thread/INFO] [com.onewhohears.onewholibs.data.jsonpreset.JsonPresetReloadListener/]: FINISHED 16
[28мая2026 15:38:35.214] [Render thread/INFO] [com.onewhohears.onewholibs.data.jsonpreset.JsonPresetReloadListener/]: APPLYING PRESETS TO COMMON CACHE PartPresets
[28мая2026 15:38:35.214] [Render thread/INFO] [com.onewhohears.onewholibs.data.jsonpreset.JsonPresetReloadListener/]: ADD: dscombat:torpedo_tubes
[28мая2026 15:38:35.214] [Render thread/INFO] [com.onewhohears.onewholibs.data.jsonpreset.JsonPresetReloadListener/]: ADD: dscombat:klimov_rd33
[28мая2026 15:38:35.214] [Render thread/INFO] [com.onewhohears.onewholibs.data.jsonpreset.JsonPresetReloadListener/]: ADD: dscombat:mark7_cannon
[28мая2026 15:38:35.215] [Render thread/INFO] [com.onewhohears.onewholibs.data.jsonpreset.JsonPresetReloadListener/]: ADD: dscombat:mlrs
[28мая2026 15:38:35.215] [Render thread/INFO] [com.onewhohears.onewholibs.data.jsonpreset.JsonPresetReloadListener/]: ADD: dscombat:cfm56
[28мая2026 15:38:35.215] [Render thread/INFO] [com.onewhohears.onewholibs.data.jsonpreset.JsonPresetReloadListener/]: ADD: dscombat:large_storage_box
[28мая2026 15:38:35.215] [Render thread/INFO] [com.onewhohears.onewholibs.data.jsonpreset.JsonPresetReloadListener/]: ADD: dscombat:light_fuel_tank
[28мая2026 15:38:35.215] [Render thread/INFO] [com.onewhohears.onewholibs.data.jsonpreset.JsonPresetReloadListener/]: ADD: dscombat:seat
[28мая2026 15:38:35.215] [Render thread/INFO] [com.onewhohears.onewholibs.data.jsonpreset.JsonPresetReloadListener/]: ADD: dscombat:gsh_30_1
[28мая2026 15:38:35.215] [Render thread/INFO] [com.onewhohears.onewholibs.data.jsonpreset.JsonPresetReloadListener/]: ADD: dscombat:internal_gun
[28мая2026 15:38:35.215] [Render thread/INFO] [com.onewhohears.onewholibs.data.jsonpreset.JsonPresetReloadListener/]: ADD: dscombat:vls
[28мая2026 15:38:35.215] [Render thread/INFO] [com.onewhohears.onewholibs.data.jsonpreset.JsonPresetReloadListener/]: ADD: dscombat:gau_avenger
[28мая2026 15:38:35.215] [Render thread/INFO] [com.onewhohears.onewholibs.data.jsonpreset.JsonPresetReloadListener/]: ADD: dscombat:basic_flare_dispenser
[28мая2026 15:38:35.215] [Render thread/INFO] [com.onewhohears.onewholibs.data.jsonpreset.JsonPresetReloadListener/]: ADD: dscombat:heavy_external_fuel_tank
[28мая2026 15:38:35.215] [Render thread/INFO] [com.onewhohears.onewholibs.data.jsonpreset.JsonPresetReloadListener/]: ADD: dscombat:gpr20
[28мая2026 15:38:35.215] [Render thread/INFO] [com.onewhohears.onewholibs.data.jsonpreset.JsonPresetReloadListener/]: ADD: dscombat:m2_browning
[28мая2026 15:38:35.215] [Render thread/WARN] [com.onewhohears.onewholibs.data.jsonpreset.JsonPresetReloadListener/]: ERROR: Preset Type mine_dispenser has not been registered!
[28мая2026 15:38:35.215] [Render thread/ERROR] [com.onewhohears.onewholibs.data.jsonpreset.JsonPresetReloadListener/]: ERROR: failed to parse preset dscombat:naval_mine_dispenser
[28мая2026 15:38:35.215] [Render thread/INFO] [com.onewhohears.onewholibs.data.jsonpreset.JsonPresetReloadListener/]: ADD: dscombat:naval_mine_dispenser
[28мая2026 15:38:35.215] [Render thread/INFO] [com.onewhohears.onewholibs.data.jsonpreset.JsonPresetReloadListener/]: ADD: dscombat:armor_piece
[28мая2026 15:38:35.215] [Render thread/INFO] [com.onewhohears.onewholibs.data.jsonpreset.JsonPresetReloadListener/]: ADD: dscombat:wr1k
[28мая2026 15:38:35.215] [Render thread/INFO] [com.onewhohears.onewholibs.data.jsonpreset.JsonPresetReloadListener/]: ADD: dscombat:air_scan_a
[28мая2026 15:38:35.215] [Render thread/INFO] [com.onewhohears.onewholibs.data.jsonpreset.JsonPresetReloadListener/]: ADD: dscombat:air_scan_b
[28мая2026 15:38:35.216] [Render thread/INFO] [com.onewhohears.onewholibs.data.jsonpreset.JsonPresetReloadListener/]: ADD: dscombat:turbofan_f25
[28мая2026 15:38:35.216] [Render thread/INFO] [com.onewhohears.onewholibs.data.jsonpreset.JsonPresetReloadListener/]: ADD: dscombat:ar2k
[28мая2026 15:38:35.216] [Render thread/INFO] [com.onewhohears.onewholibs.data.jsonpreset.JsonPresetReloadListener/]: ADD: dscombat:ar20k
[28мая2026 15:38:35.216] [Render thread/INFO] [com.onewhohears.onewholibs.data.jsonpreset.JsonPresetReloadListener/]: ADD: dscombat:medium_storage_box
[28мая2026 15:38:35.216] [Render thread/INFO] [com.onewhohears.onewholibs.data.jsonpreset.JsonPresetReloadListener/]: ADD: dscombat:c12_engine
[28мая2026 15:38:35.216] [Render thread/INFO] [com.onewhohears.onewholibs.data.jsonpreset.JsonPresetReloadListener/]: ADD: dscombat:heavy_fuel_tank
[28мая2026 15:38:35.216] [Render thread/INFO] [com.onewhohears.onewholibs.data.jsonpreset.JsonPresetReloadListener/]: ADD: dscombat:artillery_cannon
[28мая2026 15:38:35.216] [Render thread/INFO] [com.onewhohears.onewholibs.data.jsonpreset.JsonPresetReloadListener/]: ADD: dscombat:adl
[28мая2026 15:38:35.216] [Render thread/INFO] [com.onewhohears.onewholibs.data.jsonpreset.JsonPresetReloadListener/]: ADD: dscombat:aa_turret
[28мая2026 15:38:35.216] [Render thread/INFO] [com.onewhohears.onewholibs.data.jsonpreset.JsonPresetReloadListener/]: ADD: dscombat:heavy_tank_turret
[28мая2026 15:38:35.216] [Render thread/INFO] [com.onewhohears.onewholibs.data.jsonpreset.JsonPresetReloadListener/]: ADD: dscombat:xm12
[28мая2026 15:38:35.216] [Render thread/INFO] [com.onewhohears.onewholibs.data.jsonpreset.JsonPresetReloadListener/]: ADD: dscombat:ar500
[28мая2026 15:38:35.216] [Render thread/INFO] [com.onewhohears.onewholibs.data.jsonpreset.JsonPresetReloadListener/]: ADD: dscombat:ewr4000
[28мая2026 15:38:35.216] [Render thread/INFO] [com.onewhohears.onewholibs.data.jsonpreset.JsonPresetReloadListener/]: ADD: dscombat:turbofan_f39
[28мая2026 15:38:35.216] [Render thread/INFO] [com.onewhohears.onewholibs.data.jsonpreset.JsonPresetReloadListener/]: ADD: dscombat:wr400
[28мая2026 15:38:35.216] [Render thread/INFO] [com.onewhohears.onewholibs.data.jsonpreset.JsonPresetReloadListener/]: ADD: dscombat:gimbal_camera
[28мая2026 15:38:35.216] [Render thread/INFO] [com.onewhohears.onewholibs.data.jsonpreset.JsonPresetReloadListener/]: ADD: dscombat:mls
[28мая2026 15:38:35.216] [Render thread/INFO] [com.onewhohears.onewholibs.data.jsonpreset.JsonPresetReloadListener/]: ADD: dscombat:survey_all_b
[28мая2026 15:38:35.216] [Render thread/INFO] [com.onewhohears.onewholibs.data.jsonpreset.JsonPresetReloadListener/]: ADD: dscombat:ar1k
[28мая2026 15:38:35.216] [Render thread/INFO] [com.onewhohears.onewholibs.data.jsonpreset.JsonPresetReloadListener/]: ADD: dscombat:allison_v_1710
[28мая2026 15:38:35.216] [Render thread/INFO] [com.onewhohears.onewholibs.data.jsonpreset.JsonPresetReloadListener/]: ADD: dscombat:data_link
[28мая2026 15:38:35.216] [Render thread/INFO] [com.onewhohears.onewholibs.data.jsonpreset.JsonPresetReloadListener/]: ADD: dscombat:sam_launcher
[28мая2026 15:38:35.216] [Render thread/INFO] [com.onewhohears.onewholibs.data.jsonpreset.JsonPresetReloadListener/]: ADD: dscombat:cm_manly_52
[28мая2026 15:38:35.216] [Render thread/INFO] [com.onewhohears.onewholibs.data.jsonpreset.JsonPresetReloadListener/]: ADD: dscombat:survey_all_a
[28мая2026 15:38:35.216] [Render thread/INFO] [com.onewhohears.onewholibs.data.jsonpreset.JsonPresetReloadListener/]: ADD: dscombat:gpr100
[28мая2026 15:38:35.216] [Render thread/WARN] [com.onewhohears.onewholibs.data.jsonpreset.JsonPresetReloadListener/]: ERROR: Preset Type mine_dispenser has not been registered!
[28мая2026 15:38:35.216] [Render thread/ERROR] [com.onewhohears.onewholibs.data.jsonpreset.JsonPresetReloadListener/]: ERROR: failed to parse preset dscombat:basic_mine_dispenser
[28мая2026 15:38:35.216] [Render thread/INFO] [com.onewhohears.onewholibs.data.jsonpreset.JsonPresetReloadListener/]: ADD: dscombat:basic_mine_dispenser
[28мая2026 15:38:35.216] [Render thread/INFO] [com.onewhohears.onewholibs.data.jsonpreset.JsonPresetReloadListener/]: ADD: dscombat:gr400
[28мая2026 15:38:35.218] [Render thread/INFO] [com.onewhohears.onewholibs.data.jsonpreset.JsonPresetReloadListener/]: ADD: dscombat:chain_hook
[28мая2026 15:38:35.218] [Render thread/INFO] [com.onewhohears.onewholibs.data.jsonpreset.JsonPresetReloadListener/]: ADD: dscombat:gr200
[28мая2026 15:38:35.218] [Render thread/INFO] [com.onewhohears.onewholibs.data.jsonpreset.JsonPresetReloadListener/]: ADD: dscombat:light_missile_rack
[28мая2026 15:38:35.218] [Render thread/INFO] [com.onewhohears.onewholibs.data.jsonpreset.JsonPresetReloadListener/]: ADD: dscombat:c6_engine
[28мая2026 15:38:35.218] [Render thread/INFO] [com.onewhohears.onewholibs.data.jsonpreset.JsonPresetReloadListener/]: ADD: dscombat:small_storage_box
[28мая2026 15:38:35.218] [Render thread/INFO] [com.onewhohears.onewholibs.data.jsonpreset.JsonPresetReloadListener/]: ADD: dscombat:steve_up_smash
[28мая2026 15:38:35.218] [Render thread/INFO] [com.onewhohears.onewholibs.data.jsonpreset.JsonPresetReloadListener/]: ADD: dscombat:minigun_turret
[28мая2026 15:38:35.218] [Render thread/INFO] [com.onewhohears.onewholibs.data.jsonpreset.JsonPresetReloadListener/]: ADD: dscombat:night_vision_hud
[28мая2026 15:38:35.218] [Render thread/INFO] [com.onewhohears.onewholibs.data.jsonpreset.JsonPresetReloadListener/]: ADD: dscombat:ciws
[28мая2026 15:38:35.218] [Render thread/INFO] [com.onewhohears.onewholibs.data.jsonpreset.JsonPresetReloadListener/]: ADD: dscombat:m61a1_vulcan
[28мая2026 15:38:35.218] [Render thread/INFO] [com.onewhohears.onewholibs.data.jsonpreset.JsonPresetReloadListener/]: ADD: dscombat:radio
[28мая2026 15:38:35.218] [Render thread/INFO] [com.onewhohears.onewholibs.data.jsonpreset.JsonPresetReloadListener/]: ADD: dscombat:smoke_grenade_dispenser
[28мая2026 15:38:35.218] [Render thread/INFO] [com.onewhohears.onewholibs.data.jsonpreset.JsonPresetReloadListener/]: ADD: dscombat:turbofan_f145
[28мая2026 15:38:35.218] [Render thread/INFO] [com.onewhohears.onewholibs.data.jsonpreset.JsonPresetReloadListener/]: ADD: dscombat:bomb_rack
[28мая2026 15:38:35.218] [Render thread/INFO] [com.onewhohears.onewholibs.data.jsonpreset.JsonPresetReloadListener/]: ADD: dscombat:heavy_missile_rack
[28мая2026 15:38:35.218] [Render thread/INFO] [com.onewhohears.onewholibs.data.jsonpreset.JsonPresetReloadListener/]: ADD: dscombat:compound_turbine
[28мая2026 15:38:35.219] [Render thread/INFO] [com.onewhohears.onewholibs.data.jsonpreset.JsonPresetReloadListener/]: ADD: dscombat:light_external_fuel_tank
[28мая2026 15:38:35.219] [Render thread/INFO] [com.onewhohears.onewholibs.data.jsonpreset.JsonPresetReloadListener/]: ADD: dscombat:axcel_truck_radar
[28мая2026 15:38:35.219] [Render thread/INFO] [com.onewhohears.onewholibs.data.jsonpreset.JsonPresetReloadListener/]: ADD: dscombat:ecm_jammer
[28мая2026 15:38:35.219] [Render thread/INFO] [com.onewhohears.onewholibs.data.jsonpreset.JsonPresetReloadListener/]: ADD: dscombat:mark45_cannon
[28мая2026 15:38:35.219] [Render thread/INFO] [com.onewhohears.onewholibs.data.jsonpreset.JsonPresetReloadListener/]: MERGING COPIES WITH PARENT PRESETS PartPresets
[28мая2026 15:38:35.219] [Render thread/INFO] [com.onewhohears.onewholibs.data.jsonpreset.JsonPresetReloadListener/]: FINISHED 66
[28мая2026 15:38:42.293] [Render thread/INFO] [net.minecraft.client.gui.screens.ConnectScreen/]: Connecting to ::1, 51999
[28мая2026 15:39:03.084] [Downloader 0/WARN] [net.minecraft.client.multiplayer.ClientHandshakePacketListenerImpl/]: Ошибка входа: Недействительная сессия (перезапустите лаунчер и игру)
[28мая2026 15:39:05.022] [Netty Client IO #0/INFO] [net.minecraftforge.network.NetworkHooks/]: Connected to a modded server.
[28мая2026 15:39:05.232] [Netty Client IO #0/INFO] [com.onewhohears.onewholibs.data.jsonpreset.JsonPresetReloadListener/]: RECEIVING DATA FROM SERVER TestPresets
[28мая2026 15:39:05.232] [Netty Client IO #0/INFO] [com.onewhohears.onewholibs.data.jsonpreset.JsonPresetReloadListener/]: RECEIVED: onewholibs:test2
[28мая2026 15:39:05.232] [Netty Client IO #0/INFO] [com.onewhohears.onewholibs.data.jsonpreset.JsonPresetReloadListener/]: RECEIVED: onewholibs:test0
[28мая2026 15:39:05.233] [Netty Client IO #0/INFO] [com.onewhohears.onewholibs.data.jsonpreset.JsonPresetReloadListener/]: RECEIVED: onewholibs:test1
[28мая2026 15:39:05.233] [Netty Client IO #0/INFO] [com.onewhohears.onewholibs.data.jsonpreset.JsonPresetReloadListener/]: RECEIVING DATA FROM SERVER MiniGameKitsManager
[28мая2026 15:39:05.233] [Netty Client IO #0/INFO] [com.onewhohears.onewholibs.data.jsonpreset.JsonPresetReloadListener/]: RECEIVED: minigames:standard
[28мая2026 15:39:05.233] [Netty Client IO #0/INFO] [com.onewhohears.onewholibs.data.jsonpreset.JsonPresetReloadListener/]: RECEIVED: dscombat:sniper
[28мая2026 15:39:05.233] [Netty Client IO #0/INFO] [com.onewhohears.onewholibs.data.jsonpreset.JsonPresetReloadListener/]: RECEIVED: dscombat:soldier
[28мая2026 15:39:05.233] [Netty Client IO #0/INFO] [com.onewhohears.onewholibs.data.jsonpreset.JsonPresetReloadListener/]: RECEIVED: dscombat:dogfight_alexis
[28мая2026 15:39:05.233] [Netty Client IO #0/INFO] [com.onewhohears.onewholibs.data.jsonpreset.JsonPresetReloadListener/]: RECEIVED: dscombat:dogfight_javi
[28мая2026 15:39:05.233] [Netty Client IO #0/INFO] [com.onewhohears.onewholibs.data.jsonpreset.JsonPresetReloadListener/]: RECEIVED: dscombat:dogfight_felix
[28мая2026 15:39:05.233] [Netty Client IO #0/INFO] [com.onewhohears.onewholibs.data.jsonpreset.JsonPresetReloadListener/]: RECEIVED: minigames:builder
[28мая2026 15:39:05.234] [Netty Client IO #0/INFO] [com.onewhohears.onewholibs.data.jsonpreset.JsonPresetReloadListener/]: RECEIVED: minigames:archer
[28мая2026 15:39:05.234] [Netty Client IO #0/INFO] [com.onewhohears.onewholibs.data.jsonpreset.JsonPresetReloadListener/]: RECEIVED: dscombat:dogfight_eden
[28мая2026 15:39:05.234] [Netty Client IO #0/INFO] [com.onewhohears.onewholibs.data.jsonpreset.JsonPresetReloadListener/]: RECEIVED: dscombat:demoman
[28мая2026 15:39:05.234] [Netty Client IO #0/INFO] [com.onewhohears.onewholibs.data.jsonpreset.JsonPresetReloadListener/]: RECEIVED: dscombat:scout
[28мая2026 15:39:05.234] [Netty Client IO #0/INFO] [com.onewhohears.onewholibs.data.jsonpreset.JsonPresetReloadListener/]: RECEIVED: dscombat:heavy
[28мая2026 15:39:05.234] [Netty Client IO #0/INFO] [com.onewhohears.onewholibs.data.jsonpreset.JsonPresetReloadListener/]: RECEIVING DATA FROM SERVER MiniGameShopsManager
[28мая2026 15:39:05.234] [Netty Client IO #0/INFO] [com.onewhohears.onewholibs.data.jsonpreset.JsonPresetReloadListener/]: RECEIVED: dscombat:vehicle_attacker
[28мая2026 15:39:05.234] [Netty Client IO #0/INFO] [com.onewhohears.onewholibs.data.jsonpreset.JsonPresetReloadListener/]: RECEIVED: minigames:survival
[28мая2026 15:39:05.234] [Netty Client IO #0/INFO] [com.onewhohears.onewholibs.data.jsonpreset.JsonPresetReloadListener/]: RECEIVED: dscombat:military_misc
[28мая2026 15:39:05.234] [Netty Client IO #0/INFO] [com.onewhohears.onewholibs.data.jsonpreset.JsonPresetReloadListener/]: RECEIVED: dscombat:vehicle_defender
[28мая2026 15:39:05.234] [Netty Client IO #0/INFO] [com.onewhohears.onewholibs.data.jsonpreset.JsonPresetReloadListener/]: RECEIVING DATA FROM SERVER StatGraphs
[28мая2026 15:39:05.235] [Netty Client IO #0/INFO] [com.onewhohears.onewholibs.data.jsonpreset.JsonPresetReloadListener/]: RECEIVED: dscombat:fuselage
[28мая2026 15:39:05.235] [Netty Client IO #0/INFO] [com.onewhohears.onewholibs.data.jsonpreset.JsonPresetReloadListener/]: RECEIVED: dscombat:felix_plane_turn_rates
[28мая2026 15:39:05.235] [Netty Client IO #0/INFO] [com.onewhohears.onewholibs.data.jsonpreset.JsonPresetReloadListener/]: RECEIVED: dscombat:javi_drag_aoa
[28мая2026 15:39:05.235] [Netty Client IO #0/INFO] [com.onewhohears.onewholibs.data.jsonpreset.JsonPresetReloadListener/]: RECEIVED: dscombat:arcade_fuselage
[28мая2026 15:39:05.235] [Netty Client IO #0/INFO] [com.onewhohears.onewholibs.data.jsonpreset.JsonPresetReloadListener/]: RECEIVED: dscombat:jason_plane_turn_rates
[28мая2026 15:39:05.235] [Netty Client IO #0/INFO] [com.onewhohears.onewholibs.data.jsonpreset.JsonPresetReloadListener/]: RECEIVED: smvpack:arcade_drag_aoa
[28мая2026 15:39:05.235] [Netty Client IO #0/INFO] [com.onewhohears.onewholibs.data.jsonpreset.JsonPresetReloadListener/]: RECEIVED: dscombat:javi_plane_turn_rates
[28мая2026 15:39:05.235] [Netty Client IO #0/INFO] [com.onewhohears.onewholibs.data.jsonpreset.JsonPresetReloadListener/]: RECEIVED: dscombat:arcade_turn_rates
[28мая2026 15:39:05.235] [Netty Client IO #0/INFO] [com.onewhohears.onewholibs.data.jsonpreset.JsonPresetReloadListener/]: RECEIVED: dscombat:alexis_drag_aoa
[28мая2026 15:39:05.235] [Netty Client IO #0/INFO] [com.onewhohears.onewholibs.data.jsonpreset.JsonPresetReloadListener/]: RECEIVED: smvpack:smvpack_air
[28мая2026 15:39:05.236] [Netty Client IO #0/INFO] [com.onewhohears.onewholibs.data.jsonpreset.JsonPresetReloadListener/]: RECEIVED: dscombat:felix_lift_aoa
[28мая2026 15:39:05.236] [Netty Client IO #0/INFO] [com.onewhohears.onewholibs.data.jsonpreset.JsonPresetReloadListener/]: RECEIVED: dscombat:jason_drag_aoa
[28мая2026 15:39:05.236] [Netty Client IO #0/INFO] [com.onewhohears.onewholibs.data.jsonpreset.JsonPresetReloadListener/]: RECEIVED: dscombat:eden_lift_aoa
[28мая2026 15:39:05.236] [Netty Client IO #0/INFO] [com.onewhohears.onewholibs.data.jsonpreset.JsonPresetReloadListener/]: RECEIVED: dscombat:wooden_plane_turn_rates
[28мая2026 15:39:05.236] [Netty Client IO #0/INFO] [com.onewhohears.onewholibs.data.jsonpreset.JsonPresetReloadListener/]: RECEIVED: dscombat:e3sentry_lift_aoa
[28мая2026 15:39:05.236] [Netty Client IO #0/INFO] [com.onewhohears.onewholibs.data.jsonpreset.JsonPresetReloadListener/]: RECEIVED: dscombat:air_density_minecraft_the_nether
[28мая2026 15:39:05.236] [Netty Client IO #0/INFO] [com.onewhohears.onewholibs.data.jsonpreset.JsonPresetReloadListener/]: RECEIVED: dscombat:air_density_minecraft_overworld
[28мая2026 15:39:05.236] [Netty Client IO #0/INFO] [com.onewhohears.onewholibs.data.jsonpreset.JsonPresetReloadListener/]: RECEIVED: dscombat:eden_drag_aoa
[28мая2026 15:39:05.236] [Netty Client IO #0/INFO] [com.onewhohears.onewholibs.data.jsonpreset.JsonPresetReloadListener/]: RECEIVED: dscombat:e3sentry_drag_aoa
[28мая2026 15:39:05.236] [Netty Client IO #0/INFO] [com.onewhohears.onewholibs.data.jsonpreset.JsonPresetReloadListener/]: RECEIVED: dscombat:default_drag_aoa
[28мая2026 15:39:05.236] [Netty Client IO #0/INFO] [com.onewhohears.onewholibs.data.jsonpreset.JsonPresetReloadListener/]: RECEIVED: dscombat:e3sentry_turn_rates
[28мая2026 15:39:05.236] [Netty Client IO #0/INFO] [com.onewhohears.onewholibs.data.jsonpreset.JsonPresetReloadListener/]: RECEIVED: dscombat:james_plane_turn_rates
[28мая2026 15:39:05.236] [Netty Client IO #0/INFO] [com.onewhohears.onewholibs.data.jsonpreset.JsonPresetReloadListener/]: RECEIVED: dscombat:bronco_plane_turn_rates
[28мая2026 15:39:05.237] [Netty Client IO #0/INFO] [com.onewhohears.onewholibs.data.jsonpreset.JsonPresetReloadListener/]: RECEIVED: dscombat:eden_plane_turn_rates
[28мая2026 15:39:05.237] [Netty Client IO #0/INFO] [com.onewhohears.onewholibs.data.jsonpreset.JsonPresetReloadListener/]: RECEIVED: smvpack:arcade_lift_aoa
[28мая2026 15:39:05.237] [Netty Client IO #0/INFO] [com.onewhohears.onewholibs.data.jsonpreset.JsonPresetReloadListener/]: RECEIVED: dscombat:felix_drag_aoa
[28мая2026 15:39:05.237] [Netty Client IO #0/INFO] [com.onewhohears.onewholibs.data.jsonpreset.JsonPresetReloadListener/]: RECEIVED: dscombat:jason_lift_aoa
[28мая2026 15:39:05.237] [Netty Client IO #0/INFO] [com.onewhohears.onewholibs.data.jsonpreset.JsonPresetReloadListener/]: RECEIVED: dscombat:alexis_plane_turn_rates
[28мая2026 15:39:05.237] [Netty Client IO #0/INFO] [com.onewhohears.onewholibs.data.jsonpreset.JsonPresetReloadListener/]: RECEIVED: dscombat:air_density_minecraft_the_end
[28мая2026 15:39:05.237] [Netty Client IO #0/INFO] [com.onewhohears.onewholibs.data.jsonpreset.JsonPresetReloadListener/]: RECEIVED: dscombat:alexis_plane
[28мая2026 15:39:05.237] [Netty Client IO #0/INFO] [com.onewhohears.onewholibs.data.jsonpreset.JsonPresetReloadListener/]: RECEIVED: dscombat:wooden_plane
[28мая2026 15:39:05.237] [Netty Client IO #0/INFO] [com.onewhohears.onewholibs.data.jsonpreset.JsonPresetReloadListener/]: RECEIVED: dscombat:javi_lift_aoa
[28мая2026 15:39:05.237] [Netty Client IO #0/INFO] [com.onewhohears.onewholibs.data.jsonpreset.JsonPresetReloadListener/]: RECEIVING DATA FROM SERVER VehiclePresets
[28мая2026 15:39:05.238] [Netty Client IO #0/INFO] [com.onewhohears.onewholibs.data.jsonpreset.JsonPresetReloadListener/]: RECEIVED: dscombat:turret_platform
[28мая2026 15:39:05.238] [Netty Client IO #0/INFO] [com.onewhohears.onewholibs.data.jsonpreset.JsonPresetReloadListener/]: RECEIVED: dscombat:small_roller
[28мая2026 15:39:05.238] [Netty Client IO #0/INFO] [com.onewhohears.onewholibs.data.jsonpreset.JsonPresetReloadListener/]: RECEIVED: dscombat:destroyer_unarmed
[28мая2026 15:39:05.238] [Netty Client IO #0/INFO] [com.onewhohears.onewholibs.data.jsonpreset.JsonPresetReloadListener/]: RECEIVED: dscombat:felix_plane_unarmed
[28мая2026 15:39:05.238] [Netty Client IO #0/INFO] [com.onewhohears.onewholibs.data.jsonpreset.JsonPresetReloadListener/]: RECEIVED: smvpack:hmmwv
[28мая2026 15:39:05.238] [Netty Client IO #0/INFO] [com.onewhohears.onewholibs.data.jsonpreset.JsonPresetReloadListener/]: RECEIVED: dscombat:alexis_plane_infiltrator
[28мая2026 15:39:05.238] [Netty Client IO #0/INFO] [com.onewhohears.onewholibs.data.jsonpreset.JsonPresetReloadListener/]: RECEIVED: dscombat:gronk_battleship_unarmed
[28мая2026 15:39:05.240] [Netty Client IO #0/INFO] [com.onewhohears.onewholibs.data.jsonpreset.JsonPresetReloadListener/]: RECEIVED: dscombat:javi_plane
[28мая2026 15:39:05.240] [Netty Client IO #0/INFO] [com.onewhohears.onewholibs.data.jsonpreset.JsonPresetReloadListener/]: RECEIVED: dscombat:cruiser
[28мая2026 15:39:05.240] [Netty Client IO #0/INFO] [com.onewhohears.onewholibs.data.jsonpreset.JsonPresetReloadListener/]: RECEIVED: dscombat:corvette
[28мая2026 15:39:05.241] [Netty Client IO #0/INFO] [com.onewhohears.onewholibs.data.jsonpreset.JsonPresetReloadListener/]: RECEIVED: smvpack:su25
[28мая2026 15:39:05.241] [Netty Client IO #0/INFO] [com.onewhohears.onewholibs.data.jsonpreset.JsonPresetReloadListener/]: RECEIVED: smvpack:uaz
[28мая2026 15:39:05.241] [Netty Client IO #0/INFO] [com.onewhohears.onewholibs.data.jsonpreset.JsonPresetReloadListener/]: RECEIVED: dscombat:mrbudger_tank_unarmed
[28мая2026 15:39:05.242] [Netty Client IO #0/INFO] [com.onewhohears.onewholibs.data.jsonpreset.JsonPresetReloadListener/]: RECEIVED: dscombat:eden_plane
[28мая2026 15:39:05.242] [Netty Client IO #0/INFO] [com.onewhohears.onewholibs.data.jsonpreset.JsonPresetReloadListener/]: RECEIVED: dscombat:javi_plane_unarmed
[28мая2026 15:39:05.242] [Netty Client IO #0/INFO] [com.onewhohears.onewholibs.data.jsonpreset.JsonPresetReloadListener/]: RECEIVED: smvpack:kozak2
[28мая2026 15:39:05.243] [Netty Client IO #0/INFO] [com.onewhohears.onewholibs.data.jsonpreset.JsonPresetReloadListener/]: RECEIVED: dscombat:eden_plane_empty
[28мая2026 15:39:05.243] [Netty Client IO #0/INFO] [com.onewhohears.onewholibs.data.jsonpreset.JsonPresetReloadListener/]: RECEIVED: smvpack:mi8
[28мая2026 15:39:05.243] [Netty Client IO #0/INFO] [com.onewhohears.onewholibs.data.jsonpreset.JsonPresetReloadListener/]: RECEIVED: dscombat:willy_jeep_empty
[28мая2026 15:39:05.243] [Netty Client IO #0/INFO] [com.onewhohears.onewholibs.data.jsonpreset.JsonPresetReloadListener/]: RECEIVED: dscombat:felix_plane_defender
[28мая2026 15:39:05.243] [Netty Client IO #0/INFO] [com.onewhohears.onewholibs.data.jsonpreset.JsonPresetReloadListener/]: RECEIVED: smvpack:pancsir_unarmed
[28мая2026 15:39:05.244] [Netty Client IO #0/INFO] [com.onewhohears.onewholibs.data.jsonpreset.JsonPresetReloadListener/]: RECEIVED: dscombat:gronk_battleship
[28мая2026 15:39:05.244] [Netty Client IO #0/INFO] [com.onewhohears.onewholibs.data.jsonpreset.JsonPresetReloadListener/]: RECEIVED: smvpack:van
[28мая2026 15:39:05.244] [Netty Client IO #0/INFO] [com.onewhohears.onewholibs.data.jsonpreset.JsonPresetReloadListener/]: RECEIVED: dscombat:krait_chopper_door_knocker
[28мая2026 15:39:05.244] [Netty Client IO #0/INFO] [com.onewhohears.onewholibs.data.jsonpreset.JsonPresetReloadListener/]: RECEIVED: dscombat:nathan_boat
[28мая2026 15:39:05.245] [Netty Client IO #0/INFO] [com.onewhohears.onewholibs.data.jsonpreset.JsonPresetReloadListener/]: RECEIVED: dscombat:alexis_plane_support
[28мая2026 15:39:05.245] [Netty Client IO #0/INFO] [com.onewhohears.onewholibs.data.jsonpreset.JsonPresetReloadListener/]: RECEIVED: dscombat:eden_plane_unarmed
[28мая2026 15:39:05.245] [Netty Client IO #0/INFO] [com.onewhohears.onewholibs.data.jsonpreset.JsonPresetReloadListener/]: RECEIVED: smvpack:r330c
[28мая2026 15:39:05.245] [Netty Client IO #0/INFO] [com.onewhohears.onewholibs.data.jsonpreset.JsonPresetReloadListener/]: RECEIVED: smvpack:antps80
[28мая2026 15:39:05.246] [Netty Client IO #0/INFO] [com.onewhohears.onewholibs.data.jsonpreset.JsonPresetReloadListener/]: RECEIVED: dscombat:eric_truck
[28мая2026 15:39:05.246] [Netty Client IO #0/INFO] [com.onewhohears.onewholibs.data.jsonpreset.JsonPresetReloadListener/]: RECEIVED: dscombat:eric_truck_empty
[28мая2026 15:39:05.246] [Netty Client IO #0/INFO] [com.onewhohears.onewholibs.data.jsonpreset.JsonPresetReloadListener/]: RECEIVED: smvpack:asrad
[28мая2026 15:39:05.246] [Netty Client IO #0/INFO] [com.onewhohears.onewholibs.data.jsonpreset.JsonPresetReloadListener/]: RECEIVED: smvpack:t64
[28мая2026 15:39:05.247] [Netty Client IO #0/INFO] [com.onewhohears.onewholibs.data.jsonpreset.JsonPresetReloadListener/]: RECEIVED: dscombat:gronk_battleship_empty
[28мая2026 15:39:05.247] [Netty Client IO #0/INFO] [com.onewhohears.onewholibs.data.jsonpreset.JsonPresetReloadListener/]: RECEIVED: dscombat:nathan_boat_empty
[28мая2026 15:39:05.247] [Netty Client IO #0/INFO] [com.onewhohears.onewholibs.data.jsonpreset.JsonPresetReloadListener/]: RECEIVED: dscombat:alexis_plane_empty
[28мая2026 15:39:05.247] [Netty Client IO #0/INFO] [com.onewhohears.onewholibs.data.jsonpreset.JsonPresetReloadListener/]: RECEIVED: dscombat:ewr4000
[28мая2026 15:39:05.247] [Netty Client IO #0/INFO] [com.onewhohears.onewholibs.data.jsonpreset.JsonPresetReloadListener/]: RECEIVED: smvpack:fagot
[28мая2026 15:39:05.248] [Netty Client IO #0/INFO] [com.onewhohears.onewholibs.data.jsonpreset.JsonPresetReloadListener/]: RECEIVED: dscombat:alexis_plane
[28мая2026 15:39:05.248] [Netty Client IO #0/INFO] [com.onewhohears.onewholibs.data.jsonpreset.JsonPresetReloadListener/]: RECEIVED: smvpack:btr80_empty
[28мая2026 15:39:05.248] [Netty Client IO #0/INFO] [com.onewhohears.onewholibs.data.jsonpreset.JsonPresetReloadListener/]: RECEIVED: dscombat:noah_chopper
[28мая2026 15:39:05.248] [Netty Client IO #0/INFO] [com.onewhohears.onewholibs.data.jsonpreset.JsonPresetReloadListener/]: RECEIVED: smvpack:a10
[28мая2026 15:39:05.249] [Netty Client IO #0/INFO] [com.onewhohears.onewholibs.data.jsonpreset.JsonPresetReloadListener/]: RECEIVED: dscombat:bronco_plane_shitter
[28мая2026 15:39:05.249] [Netty Client IO #0/INFO] [com.onewhohears.onewholibs.data.jsonpreset.JsonPresetReloadListener/]: RECEIVED: dscombat:willy_jeep
[28мая2026 15:39:05.249] [Netty Client IO #0/INFO] [com.onewhohears.onewholibs.data.jsonpreset.JsonPresetReloadListener/]: RECEIVED: dscombat:e3sentry_plane_empty
[28мая2026 15:39:05.250] [Netty Client IO #0/INFO] [com.onewhohears.onewholibs.data.jsonpreset.JsonPresetReloadListener/]: RECEIVED: dscombat:small_roller_unarmed
[28мая2026 15:39:05.250] [Netty Client IO #0/INFO] [com.onewhohears.onewholibs.data.jsonpreset.JsonPresetReloadListener/]: RECEIVED: smvpack:pancsir_empty
[28мая2026 15:39:05.250] [Netty Client IO #0/INFO] [com.onewhohears.onewholibs.data.jsonpreset.JsonPresetReloadListener/]: RECEIVED: dscombat:wooden_plane_bomber
[28мая2026 15:39:05.250] [Netty Client IO #0/INFO] [com.onewhohears.onewholibs.data.jsonpreset.JsonPresetReloadListener/]: RECEIVED: dscombat:small_roller_tank
[28мая2026 15:39:05.250] [Netty Client IO #0/INFO] [com.onewhohears.onewholibs.data.jsonpreset.JsonPresetReloadListener/]: RECEIVED: dscombat:krait_chopper_dog_fighter
[28мая2026 15:39:05.251] [Netty Client IO #0/INFO] [com.onewhohears.onewholibs.data.jsonpreset.JsonPresetReloadListener/]: RECEIVED: dscombat:destroyer
[28мая2026 15:39:05.251] [Netty Client IO #0/INFO] [com.onewhohears.onewholibs.data.jsonpreset.JsonPresetReloadListener/]: RECEIVED: dscombat:krait_chopper_empty
[28мая2026 15:39:05.251] [Netty Client IO #0/INFO] [com.onewhohears.onewholibs.data.jsonpreset.JsonPresetReloadListener/]: RECEIVED: smvpack:t72
[28мая2026 15:39:05.251] [Netty Client IO #0/INFO] [com.onewhohears.onewholibs.data.jsonpreset.JsonPresetReloadListener/]: RECEIVED: dscombat:james_wooden_plane
[28мая2026 15:39:05.252] [Netty Client IO #0/INFO] [com.onewhohears.onewholibs.data.jsonpreset.JsonPresetReloadListener/]: RECEIVED: dscombat:eric_truck_unarmed
[28мая2026 15:39:05.252] [Netty Client IO #0/INFO] [com.onewhohears.onewholibs.data.jsonpreset.JsonPresetReloadListener/]: RECEIVED: dscombat:jason_plane
[28мая2026 15:39:05.252] [Netty Client IO #0/INFO] [com.onewhohears.onewholibs.data.jsonpreset.JsonPresetReloadListener/]: RECEIVED: dscombat:noah_chopper_empty
[28мая2026 15:39:05.252] [Netty Client IO #0/INFO] [com.onewhohears.onewholibs.data.jsonpreset.JsonPresetReloadListener/]: RECEIVED: smvpack:ural_rls
[28мая2026 15:39:05.252] [Netty Client IO #0/INFO] [com.onewhohears.onewholibs.data.jsonpreset.JsonPresetReloadListener/]: RECEIVED: smvpack:bmp2m
[28мая2026 15:39:05.253] [Netty Client IO #0/INFO] [com.onewhohears.onewholibs.data.jsonpreset.JsonPresetReloadListener/]: RECEIVED: smvpack:leopard2a6
[28мая2026 15:39:05.253] [Netty Client IO #0/INFO] [com.onewhohears.onewholibs.data.jsonpreset.JsonPresetReloadListener/]: RECEIVED: smvpack:leopard2a5
[28мая2026 15:39:05.253] [Netty Client IO #0/INFO] [com.onewhohears.onewholibs.data.jsonpreset.JsonPresetReloadListener/]: RECEIVED: dscombat:nathan_boat_unarmed
[28мая2026 15:39:05.253] [Netty Client IO #0/INFO] [com.onewhohears.onewholibs.data.jsonpreset.JsonPresetReloadListener/]: RECEIVED: dscombat:noah_chopper_unarmed
[28мая2026 15:39:05.253] [Netty Client IO #0/INFO] [com.onewhohears.onewholibs.data.jsonpreset.JsonPresetReloadListener/]: RECEIVED: smvpack:tornadou
[28мая2026 15:39:05.253] [Netty Client IO #0/INFO] [com.onewhohears.onewholibs.data.jsonpreset.JsonPresetReloadListener/]: RECEIVED: smvpack:amx10
[28мая2026 15:39:05.254] [Netty Client IO #0/INFO] [com.onewhohears.onewholibs.data.jsonpreset.JsonPresetReloadListener/]: RECEIVED: dscombat:felix_plane
[28мая2026 15:39:05.254] [Netty Client IO #0/INFO] [com.onewhohears.onewholibs.data.jsonpreset.JsonPresetReloadListener/]: RECEIVED: smvpack:bmp1
[28мая2026 15:39:05.254] [Netty Client IO #0/INFO] [com.onewhohears.onewholibs.data.jsonpreset.JsonPresetReloadListener/]: RECEIVED: smvpack:bmp2
[28мая2026 15:39:05.254] [Netty Client IO #0/INFO] [com.onewhohears.onewholibs.data.jsonpreset.JsonPresetReloadListener/]: RECEIVED: dscombat:google_sub_unarmed
[28мая2026 15:39:05.254] [Netty Client IO #0/INFO] [com.onewhohears.onewholibs.data.jsonpreset.JsonPresetReloadListener/]: RECEIVED: smvpack:m2
[28мая2026 15:39:05.255] [Netty Client IO #0/INFO] [com.onewhohears.onewholibs.data.jsonpreset.JsonPresetReloadListener/]: RECEIVED: smvpack:m1a1
[28мая2026 15:39:05.255] [Netty Client IO #0/INFO] [com.onewhohears.onewholibs.data.jsonpreset.JsonPresetReloadListener/]: RECEIVED: dscombat:andolf_sub
[28мая2026 15:39:05.255] [Netty Client IO #0/INFO] [com.onewhohears.onewholibs.data.jsonpreset.JsonPresetReloadListener/]: RECEIVED: smvpack:pickup
[28мая2026 15:39:05.255] [Netty Client IO #0/INFO] [com.onewhohears.onewholibs.data.jsonpreset.JsonPresetReloadListener/]: RECEIVED: dscombat:corvette_unarmed
[28мая2026 15:39:05.256] [Netty Client IO #0/INFO] [com.onewhohears.onewholibs.data.jsonpreset.JsonPresetReloadListener/]: RECEIVED: dscombat:alexis_plane_unarmed
[28мая2026 15:39:05.256] [Netty Client IO #0/INFO] [com.onewhohears.onewholibs.data.jsonpreset.JsonPresetReloadListener/]: RECEIVED: dscombat:krait_chopper_brawler
[28мая2026 15:39:05.256] [Netty Client IO #0/INFO] [com.onewhohears.onewholibs.data.jsonpreset.JsonPresetReloadListener/]: RECEIVED: smvpack:btr80_unarmed
[28мая2026 15:39:05.257] [Netty Client IO #0/INFO] [com.onewhohears.onewholibs.data.jsonpreset.JsonPresetReloadListener/]: RECEIVED: smvpack:su34
[28мая2026 15:39:05.265] [Netty Client IO #0/INFO] [com.onewhohears.onewholibs.data.jsonpreset.JsonPresetReloadListener/]: RECEIVED: smvpack:t90m
[28мая2026 15:39:05.265] [Netty Client IO #0/INFO] [com.onewhohears.onewholibs.data.jsonpreset.JsonPresetReloadListener/]: RECEIVED: smvpack:gaz66
[28мая2026 15:39:05.266] [Netty Client IO #0/INFO] [com.onewhohears.onewholibs.data.jsonpreset.JsonPresetReloadListener/]: RECEIVED: dscombat:andolf_sub_empty
[28мая2026 15:39:05.266] [Netty Client IO #0/INFO] [com.onewhohears.onewholibs.data.jsonpreset.JsonPresetReloadListener/]: RECEIVED: dscombat:wooden_plane
[28мая2026 15:39:05.266] [Netty Client IO #0/INFO] [com.onewhohears.onewholibs.data.jsonpreset.JsonPresetReloadListener/]: RECEIVED: smvpack:m1097
[28мая2026 15:39:05.266] [Netty Client IO #0/INFO] [com.onewhohears.onewholibs.data.jsonpreset.JsonPresetReloadListener/]: RECEIVED: dscombat:bronco_plane
[28мая2026 15:39:05.266] [Netty Client IO #0/INFO] [com.onewhohears.onewholibs.data.jsonpreset.JsonPresetReloadListener/]: RECEIVED: dscombat:aircraft_carrier_empty
[28мая2026 15:39:05.266] [Netty Client IO #0/INFO] [com.onewhohears.onewholibs.data.jsonpreset.JsonPresetReloadListener/]: RECEIVED: dscombat:mrbudger_tank
[28мая2026 15:39:05.266] [Netty Client IO #0/INFO] [com.onewhohears.onewholibs.data.jsonpreset.JsonPresetReloadListener/]: RECEIVED: smvpack:ural4320
[28мая2026 15:39:05.267] [Netty Client IO #0/INFO] [com.onewhohears.onewholibs.data.jsonpreset.JsonPresetReloadListener/]: RECEIVED: smvpack:zu23
[28мая2026 15:39:05.267] [Netty Client IO #0/INFO] [com.onewhohears.onewholibs.data.jsonpreset.JsonPresetReloadListener/]: RECEIVED: smvpack:niva_arta
[28мая2026 15:39:05.267] [Netty Client IO #0/INFO] [com.onewhohears.onewholibs.data.jsonpreset.JsonPresetReloadListener/]: RECEIVED: smvpack:btr4e
[28мая2026 15:39:05.267] [Netty Client IO #0/INFO] [com.onewhohears.onewholibs.data.jsonpreset.JsonPresetReloadListener/]: RECEIVED: smvpack:2b14
[28мая2026 15:39:05.267] [Netty Client IO #0/INFO] [com.onewhohears.onewholibs.data.jsonpreset.JsonPresetReloadListener/]: RECEIVED: dscombat:corvette_empty
[28мая2026 15:39:05.267] [Netty Client IO #0/INFO] [com.onewhohears.onewholibs.data.jsonpreset.JsonPresetReloadListener/]: RECEIVED: dscombat:axcel_truck_unarmed
[28мая2026 15:39:05.267] [Netty Client IO #0/INFO] [com.onewhohears.onewholibs.data.jsonpreset.JsonPresetReloadListener/]: RECEIVED: dscombat:wooden_plane_empty
[28мая2026 15:39:05.268] [Netty Client IO #0/INFO] [com.onewhohears.onewholibs.data.jsonpreset.JsonPresetReloadListener/]: RECEIVED: dscombat:javi_plane_bomber
[28мая2026 15:39:05.269] [Netty Client IO #0/INFO] [com.onewhohears.onewholibs.data.jsonpreset.JsonPresetReloadListener/]: RECEIVED: dscombat:cruiser_unarmed
[28мая2026 15:39:05.269] [Netty Client IO #0/INFO] [com.onewhohears.onewholibs.data.jsonpreset.JsonPresetReloadListener/]: RECEIVED: dscombat:javi_plane_truck
[28мая2026 15:39:05.269] [Netty Client IO #0/INFO] [com.onewhohears.onewholibs.data.jsonpreset.JsonPresetReloadListener/]: RECEIVED: dscombat:krait_chopper
[28мая2026 15:39:05.269] [Netty Client IO #0/INFO] [com.onewhohears.onewholibs.data.jsonpreset.JsonPresetReloadListener/]: RECEIVED: smvpack:t15
[28мая2026 15:39:05.269] [Netty Client IO #0/INFO] [com.onewhohears.onewholibs.data.jsonpreset.JsonPresetReloadListener/]: RECEIVED: dscombat:aircraft_carrier
[28мая2026 15:39:05.270] [Netty Client IO #0/INFO] [com.onewhohears.onewholibs.data.jsonpreset.JsonPresetReloadListener/]: RECEIVED: dscombat:jason_plane_empty
[28мая2026 15:39:05.270] [Netty Client IO #0/INFO] [com.onewhohears.onewholibs.data.jsonpreset.JsonPresetReloadListener/]: RECEIVED: dscombat:jason_plane_unarmed
[28мая2026 15:39:05.270] [Netty Client IO #0/INFO] [com.onewhohears.onewholibs.data.jsonpreset.JsonPresetReloadListener/]: RECEIVED: dscombat:andolf_sub_unarmed
[28мая2026 15:39:05.270] [Netty Client IO #0/INFO] [com.onewhohears.onewholibs.data.jsonpreset.JsonPresetReloadListener/]: RECEIVED: dscombat:cruiser_empty
[28мая2026 15:39:05.271] [Netty Client IO #0/INFO] [com.onewhohears.onewholibs.data.jsonpreset.JsonPresetReloadListener/]: RECEIVED: dscombat:javi_plane_close_air
[28мая2026 15:39:05.271] [Netty Client IO #0/INFO] [com.onewhohears.onewholibs.data.jsonpreset.JsonPresetReloadListener/]: RECEIVED: dscombat:e3sentry_plane
[28мая2026 15:39:05.271] [Netty Client IO #0/INFO] [com.onewhohears.onewholibs.data.jsonpreset.JsonPresetReloadListener/]: RECEIVED: dscombat:aircraft_carrier_unarmed
[28мая2026 15:39:05.272] [Netty Client IO #0/INFO] [com.onewhohears.onewholibs.data.jsonpreset.JsonPresetReloadListener/]: RECEIVED: dscombat:bronco_plane_empty
[28мая2026 15:39:05.272] [Netty Client IO #0/INFO] [com.onewhohears.onewholibs.data.jsonpreset.JsonPresetReloadListener/]: RECEIVED: smvpack:f15e
[28мая2026 15:39:05.272] [Netty Client IO #0/INFO] [com.onewhohears.onewholibs.data.jsonpreset.JsonPresetReloadListener/]: RECEIVED: dscombat:alexis_plane_sniper
[28мая2026 15:39:05.272] [Netty Client IO #0/INFO] [com.onewhohears.onewholibs.data.jsonpreset.JsonPresetReloadListener/]: RECEIVED: smvpack:fmtv
[28мая2026 15:39:05.272] [Netty Client IO #0/INFO] [com.onewhohears.onewholibs.data.jsonpreset.JsonPresetReloadListener/]: RECEIVED: dscombat:google_sub
[28мая2026 15:39:05.273] [Netty Client IO #0/INFO] [com.onewhohears.onewholibs.data.jsonpreset.JsonPresetReloadListener/]: RECEIVED: smvpack:d30
[28мая2026 15:39:05.273] [Netty Client IO #0/INFO] [com.onewhohears.onewholibs.data.jsonpreset.JsonPresetReloadListener/]: RECEIVED: smvpack:cv9040c
[28мая2026 15:39:05.273] [Netty Client IO #0/INFO] [com.onewhohears.onewholibs.data.jsonpreset.JsonPresetReloadListener/]: RECEIVED: dscombat:google_sub_empty
[28мая2026 15:39:05.273] [Netty Client IO #0/INFO] [com.onewhohears.onewholibs.data.jsonpreset.JsonPresetReloadListener/]: RECEIVED: smvpack:kamaz5350_empty
[28мая2026 15:39:05.273] [Netty Client IO #0/INFO] [com.onewhohears.onewholibs.data.jsonpreset.JsonPresetReloadListener/]: RECEIVED: smvpack:btr80
[28мая2026 15:39:05.273] [Netty Client IO #0/INFO] [com.onewhohears.onewholibs.data.jsonpreset.JsonPresetReloadListener/]: RECEIVED: dscombat:tech_turret_platform
[28мая2026 15:39:05.274] [Netty Client IO #0/INFO] [com.onewhohears.onewholibs.data.jsonpreset.JsonPresetReloadListener/]: RECEIVED: dscombat:eden_plane_interceptor
[28мая2026 15:39:05.274] [Netty Client IO #0/INFO] [com.onewhohears.onewholibs.data.jsonpreset.JsonPresetReloadListener/]: RECEIVED: smvpack:pancsir
[28мая2026 15:39:05.274] [Netty Client IO #0/INFO] [com.onewhohears.onewholibs.data.jsonpreset.JsonPresetReloadListener/]: RECEIVED: dscombat:bronco_plane_unarmed
[28мая2026 15:39:05.275] [Netty Client IO #0/INFO] [com.onewhohears.onewholibs.data.jsonpreset.JsonPresetReloadListener/]: RECEIVED: dscombat:mrbudger_tank_empty
[28мая2026 15:39:05.275] [Netty Client IO #0/INFO] [com.onewhohears.onewholibs.data.jsonpreset.JsonPresetReloadListener/]: RECEIVED: dscombat:javi_plane_empty
[28мая2026 15:39:05.275] [Netty Client IO #0/INFO] [com.onewhohears.onewholibs.data.jsonpreset.JsonPresetReloadListener/]: RECEIVED: dscombat:small_roller_empty
[28мая2026 15:39:05.275] [Netty Client IO #0/INFO] [com.onewhohears.onewholibs.data.jsonpreset.JsonPresetReloadListener/]: RECEIVED: smvpack:leopard2
[28мая2026 15:39:05.275] [Netty Client IO #0/INFO] [com.onewhohears.onewholibs.data.jsonpreset.JsonPresetReloadListener/]: RECEIVED: smvpack:towstation
[28мая2026 15:39:05.276] [Netty Client IO #0/INFO] [com.onewhohears.onewholibs.data.jsonpreset.JsonPresetReloadListener/]: RECEIVED: dscombat:javi_plane_heavy_bomber
[28мая2026 15:39:05.276] [Netty Client IO #0/INFO] [com.onewhohears.onewholibs.data.jsonpreset.JsonPresetReloadListener/]: RECEIVED: dscombat:wooden_plane_fighter
[28мая2026 15:39:05.276] [Netty Client IO #0/INFO] [com.onewhohears.onewholibs.data.jsonpreset.JsonPresetReloadListener/]: RECEIVED: smvpack:btr80a
[28мая2026 15:39:05.276] [Netty Client IO #0/INFO] [com.onewhohears.onewholibs.data.jsonpreset.JsonPresetReloadListener/]: RECEIVED: smvpack:tigrm
[28мая2026 15:39:05.277] [Netty Client IO #0/INFO] [com.onewhohears.onewholibs.data.jsonpreset.JsonPresetReloadListener/]: RECEIVED: dscombat:destroyer_empty
[28мая2026 15:39:05.277] [Netty Client IO #0/INFO] [com.onewhohears.onewholibs.data.jsonpreset.JsonPresetReloadListener/]: RECEIVED: dscombat:james_wooden_plane_empty
[28мая2026 15:39:05.277] [Netty Client IO #0/INFO] [com.onewhohears.onewholibs.data.jsonpreset.JsonPresetReloadListener/]: RECEIVED: dscombat:krait_chopper_unarmed
[28мая2026 15:39:05.277] [Netty Client IO #0/INFO] [com.onewhohears.onewholibs.data.jsonpreset.JsonPresetReloadListener/]: RECEIVED: dscombat:alexis_plane_escort
[28мая2026 15:39:05.277] [Netty Client IO #0/INFO] [com.onewhohears.onewholibs.data.jsonpreset.JsonPresetReloadListener/]: RECEIVED: dscombat:werewolf_empty
[28мая2026 15:39:05.278] [Netty Client IO #0/INFO] [com.onewhohears.onewholibs.data.jsonpreset.JsonPresetReloadListener/]: RECEIVED: smvpack:btr80a_unarmed
[28мая2026 15:39:05.278] [Netty Client IO #0/INFO] [com.onewhohears.onewholibs.data.jsonpreset.JsonPresetReloadListener/]: RECEIVED: dscombat:axcel_truck
[28мая2026 15:39:05.278] [Netty Client IO #0/INFO] [com.onewhohears.onewholibs.data.jsonpreset.JsonPresetReloadListener/]: RECEIVED: dscombat:felix_plane_empty
[28мая2026 15:39:05.278] [Netty Client IO #0/INFO] [com.onewhohears.onewholibs.data.jsonpreset.JsonPresetReloadListener/]: RECEIVED: dscombat:orange_tesla
[28мая2026 15:39:05.279] [Netty Client IO #0/INFO] [com.onewhohears.onewholibs.data.jsonpreset.JsonPresetReloadListener/]: RECEIVED: dscombat:eden_plane_support
[28мая2026 15:39:05.279] [Netty Client IO #0/INFO] [com.onewhohears.onewholibs.data.jsonpreset.JsonPresetReloadListener/]: RECEIVED: dscombat:axcel_truck_empty
[28мая2026 15:39:05.279] [Netty Client IO #0/INFO] [com.onewhohears.onewholibs.data.jsonpreset.JsonPresetReloadListener/]: RECEIVED: smvpack:hmmwv_m2
[28мая2026 15:39:05.279] [Netty Client IO #0/INFO] [com.onewhohears.onewholibs.data.jsonpreset.JsonPresetReloadListener/]: RECEIVED: smvpack:m777
[28мая2026 15:39:05.280] [Netty Client IO #0/INFO] [com.onewhohears.onewholibs.data.jsonpreset.JsonPresetReloadListener/]: RECEIVED: dscombat:felix_plane_support
[28мая2026 15:39:05.280] [Netty Client IO #0/INFO] [com.onewhohears.onewholibs.data.jsonpreset.JsonPresetReloadListener/]: RECEIVING DATA FROM SERVER WeaponPresets
[28мая2026 15:39:05.280] [Netty Client IO #0/INFO] [com.onewhohears.onewholibs.data.jsonpreset.JsonPresetReloadListener/]: RECEIVED: smvpack:f3m
[28мая2026 15:39:05.280] [Netty Client IO #0/INFO] [com.onewhohears.onewholibs.data.jsonpreset.JsonPresetReloadListener/]: RECEIVED: smvpack:mgm31
[28мая2026 15:39:05.280] [Netty Client IO #0/INFO] [com.onewhohears.onewholibs.data.jsonpreset.JsonPresetReloadListener/]: RECEIVED: smvpack:mgm172
[28мая2026 15:39:05.280] [Netty Client IO #0/INFO] [com.onewhohears.onewholibs.data.jsonpreset.JsonPresetReloadListener/]: RECEIVED: dscombat:m203_grenade
[28мая2026 15:39:05.280] [Netty Client IO #0/INFO] [com.onewhohears.onewholibs.data.jsonpreset.JsonPresetReloadListener/]: RECEIVED: dscombat:anm57
[28мая2026 15:39:05.280] [Netty Client IO #0/INFO] [com.onewhohears.onewholibs.data.jsonpreset.JsonPresetReloadListener/]: RECEIVED: smvpack:125mm_2a46m
[28мая2026 15:39:05.280] [Netty Client IO #0/INFO] [com.onewhohears.onewholibs.data.jsonpreset.JsonPresetReloadListener/]: RECEIVED: smvpack:2a28_73mm
[28мая2026 15:39:05.280] [Netty Client IO #0/INFO] [com.onewhohears.onewholibs.data.jsonpreset.JsonPresetReloadListener/]: RECEIVED: smvpack:agm69
[28мая2026 15:39:05.280] [Netty Client IO #0/INFO] [com.onewhohears.onewholibs.data.jsonpreset.JsonPresetReloadListener/]: RECEIVED: dscombat:406mmhe
[28мая2026 15:39:05.280] [Netty Client IO #0/INFO] [com.onewhohears.onewholibs.data.jsonpreset.JsonPresetReloadListener/]: RECEIVED: smvpack:30mm_pvo
[28мая2026 15:39:05.280] [Netty Client IO #0/INFO] [com.onewhohears.onewholibs.data.jsonpreset.JsonPresetReloadListener/]: RECEIVED: smvpack:155mm_m777
[28мая2026 15:39:05.280] [Netty Client IO #0/INFO] [com.onewhohears.onewholibs.data.jsonpreset.JsonPresetReloadListener/]: RECEIVED: dscombat:anm64
[28мая2026 15:39:05.281] [Netty Client IO #0/INFO] [com.onewhohears.onewholibs.data.jsonpreset.JsonPresetReloadListener/]: RECEIVED: smvpack:9k135
[28мая2026 15:39:05.281] [Netty Client IO #0/INFO] [com.onewhohears.onewholibs.data.jsonpreset.JsonPresetReloadListener/]: RECEIVED: smvpack:2a42_30mm
[28мая2026 15:39:05.281] [Netty Client IO #0/INFO] [com.onewhohears.onewholibs.data.jsonpreset.JsonPresetReloadListener/]: RECEIVED: smvpack:m249
[28мая2026 15:39:05.281] [Netty Client IO #0/INFO] [com.onewhohears.onewholibs.data.jsonpreset.JsonPresetReloadListener/]: RECEIVED: smvpack:x58
[28мая2026 15:39:05.281] [Netty Client IO #0/INFO] [com.onewhohears.onewholibs.data.jsonpreset.JsonPresetReloadListener/]: RECEIVED: smvpack:shahab3
[28мая2026 15:39:05.281] [Netty Client IO #0/INFO] [com.onewhohears.onewholibs.data.jsonpreset.JsonPresetReloadListener/]: RECEIVED: dscombat:rpg7_grenade
[28мая2026 15:39:05.281] [Netty Client IO #0/INFO] [com.onewhohears.onewholibs.data.jsonpreset.JsonPresetReloadListener/]: RECEIVED: dscombat:aim7f
[28мая2026 15:39:05.281] [Netty Client IO #0/INFO] [com.onewhohears.onewholibs.data.jsonpreset.JsonPresetReloadListener/]: RECEIVED: dscombat:127mm
[28мая2026 15:39:05.281] [Netty Client IO #0/INFO] [com.onewhohears.onewholibs.data.jsonpreset.JsonPresetReloadListener/]: RECEIVED: smvpack:fab500
[28мая2026 15:39:05.281] [Netty Client IO #0/INFO] [com.onewhohears.onewholibs.data.jsonpreset.JsonPresetReloadListener/]: RECEIVED: dscombat:type91
[28мая2026 15:39:05.281] [Netty Client IO #0/INFO] [com.onewhohears.onewholibs.data.jsonpreset.JsonPresetReloadListener/]: RECEIVED: dscombat:rgm84
[28мая2026 15:39:05.281] [Netty Client IO #0/INFO] [com.onewhohears.onewholibs.data.jsonpreset.JsonPresetReloadListener/]: RECEIVED: dscombat:30mmhe
[28мая2026 15:39:05.281] [Netty Client IO #0/INFO] [com.onewhohears.onewholibs.data.jsonpreset.JsonPresetReloadListener/]: RECEIVED: dscombat:napalm
[28мая2026 15:39:05.281] [Netty Client IO #0/INFO] [com.onewhohears.onewholibs.data.jsonpreset.JsonPresetReloadListener/]: RECEIVED: dscombat:smoke_grenade
[28мая2026 15:39:05.281] [Netty Client IO #0/INFO] [com.onewhohears.onewholibs.data.jsonpreset.JsonPresetReloadListener/]: RECEIVED: dscombat:bgm109
[28мая2026 15:39:05.281] [Netty Client IO #0/INFO] [com.onewhohears.onewholibs.data.jsonpreset.JsonPresetReloadListener/]: RECEIVED: smvpack:9k111
[28мая2026 15:39:05.281] [Netty Client IO #0/INFO] [com.onewhohears.onewholibs.data.jsonpreset.JsonPresetReloadListener/]: RECEIVED: smvpack:122mm_d30
[28мая2026 15:39:05.282] [Netty Client IO #0/INFO] [com.onewhohears.onewholibs.data.jsonpreset.JsonPresetReloadListener/]: RECEIVED: smvpack:57a6e
[28мая2026 15:39:05.282] [Netty Client IO #0/INFO] [com.onewhohears.onewholibs.data.jsonpreset.JsonPresetReloadListener/]: RECEIVED: dscombat:aim7mh
[28мая2026 15:39:05.282] [Netty Client IO #0/INFO] [com.onewhohears.onewholibs.data.jsonpreset.JsonPresetReloadListener/]: RECEIVED: smvpack:9k135_bmp2m
[28мая2026 15:39:05.282] [Netty Client IO #0/INFO] [com.onewhohears.onewholibs.data.jsonpreset.JsonPresetReloadListener/]: RECEIVED: smvpack:shahed136
[28мая2026 15:39:05.282] [Netty Client IO #0/INFO] [com.onewhohears.onewholibs.data.jsonpreset.JsonPresetReloadListener/]: RECEIVED: smvpack:kvpt_14.5mm
[28мая2026 15:39:05.282] [Netty Client IO #0/INFO] [com.onewhohears.onewholibs.data.jsonpreset.JsonPresetReloadListener/]: RECEIVED: dscombat:anm30
[28мая2026 15:39:05.282] [Netty Client IO #0/INFO] [com.onewhohears.onewholibs.data.jsonpreset.JsonPresetReloadListener/]: RECEIVED: smvpack:m242_25mm
[28мая2026 15:39:05.282] [Netty Client IO #0/INFO] [com.onewhohears.onewholibs.data.jsonpreset.JsonPresetReloadListener/]: RECEIVED: smvpack:aim9
[28мая2026 15:39:05.282] [Netty Client IO #0/INFO] [com.onewhohears.onewholibs.data.jsonpreset.JsonPresetReloadListener/]: RECEIVED: smvpack:9m729
[28мая2026 15:39:05.282] [Netty Client IO #0/INFO] [com.onewhohears.onewholibs.data.jsonpreset.JsonPresetReloadListener/]: RECEIVED: dscombat:agm65g
[28мая2026 15:39:05.282] [Netty Client IO #0/INFO] [com.onewhohears.onewholibs.data.jsonpreset.JsonPresetReloadListener/]: RECEIVED: dscombat:agm65l
[28мая2026 15:39:05.282] [Netty Client IO #0/INFO] [com.onewhohears.onewholibs.data.jsonpreset.JsonPresetReloadListener/]: RECEIVED: dscombat:agm114k
[28мая2026 15:39:05.282] [Netty Client IO #0/INFO] [com.onewhohears.onewholibs.data.jsonpreset.JsonPresetReloadListener/]: RECEIVED: dscombat:20mm
[28мая2026 15:39:05.282] [Netty Client IO #0/INFO] [com.onewhohears.onewholibs.data.jsonpreset.JsonPresetReloadListener/]: RECEIVED: dscombat:aim9l
[28мая2026 15:39:05.282] [Netty Client IO #0/INFO] [com.onewhohears.onewholibs.data.jsonpreset.JsonPresetReloadListener/]: RECEIVED: smvpack:120mm_rh120_leo2a6
[28мая2026 15:39:05.282] [Netty Client IO #0/INFO] [com.onewhohears.onewholibs.data.jsonpreset.JsonPresetReloadListener/]: RECEIVED: dscombat:15mm
[28мая2026 15:39:05.282] [Netty Client IO #0/INFO] [com.onewhohears.onewholibs.data.jsonpreset.JsonPresetReloadListener/]: RECEIVED: dscombat:pac3
[28мая2026 15:39:05.283] [Netty Client IO #0/INFO] [com.onewhohears.onewholibs.data.jsonpreset.JsonPresetReloadListener/]: RECEIVED: smvpack:82mm_2b14
[28мая2026 15:39:05.283] [Netty Client IO #0/INFO] [com.onewhohears.onewholibs.data.jsonpreset.JsonPresetReloadListener/]: RECEIVED: smvpack:125mm_2a46
[28мая2026 15:39:05.283] [Netty Client IO #0/INFO] [com.onewhohears.onewholibs.data.jsonpreset.JsonPresetReloadListener/]: RECEIVED: smvpack:mg3
[28мая2026 15:39:05.283] [Netty Client IO #0/INFO] [com.onewhohears.onewholibs.data.jsonpreset.JsonPresetReloadListener/]: RECEIVED: smvpack:pkt
[28мая2026 15:39:05.283] [Netty Client IO #0/INFO] [com.onewhohears.onewholibs.data.jsonpreset.JsonPresetReloadListener/]: RECEIVED: dscombat:aim120b
[28мая2026 15:39:05.283] [Netty Client IO #0/INFO] [com.onewhohears.onewholibs.data.jsonpreset.JsonPresetReloadListener/]: RECEIVED: smvpack:rpg29_grenade
[28мая2026 15:39:05.283] [Netty Client IO #0/INFO] [com.onewhohears.onewholibs.data.jsonpreset.JsonPresetReloadListener/]: RECEIVED: dscombat:aim120c
[28мая2026 15:39:05.283] [Netty Client IO #0/INFO] [com.onewhohears.onewholibs.data.jsonpreset.JsonPresetReloadListener/]: RECEIVED: dscombat:aim9p5
[28мая2026 15:39:05.283] [Netty Client IO #0/INFO] [com.onewhohears.onewholibs.data.jsonpreset.JsonPresetReloadListener/]: RECEIVED: smvpack:2a91_57mm
[28мая2026 15:39:05.283] [Netty Client IO #0/INFO] [com.onewhohears.onewholibs.data.jsonpreset.JsonPresetReloadListener/]: RECEIVED: dscombat:agm84e
[28мая2026 15:39:05.283] [Netty Client IO #0/INFO] [com.onewhohears.onewholibs.data.jsonpreset.JsonPresetReloadListener/]: RECEIVED: dscombat:agm88g
[28мая2026 15:39:05.283] [Netty Client IO #0/INFO] [com.onewhohears.onewholibs.data.jsonpreset.JsonPresetReloadListener/]: RECEIVED: smvpack:120mm_rh120
[28мая2026 15:39:05.283] [Netty Client IO #0/INFO] [com.onewhohears.onewholibs.data.jsonpreset.JsonPresetReloadListener/]: RECEIVED: dscombat:scud_b
[28мая2026 15:39:05.283] [Netty Client IO #0/INFO] [com.onewhohears.onewholibs.data.jsonpreset.JsonPresetReloadListener/]: RECEIVED: smvpack:l70_40mm
[28мая2026 15:39:05.283] [Netty Client IO #0/INFO] [com.onewhohears.onewholibs.data.jsonpreset.JsonPresetReloadListener/]: RECEIVED: dscombat:10mm
[28мая2026 15:39:05.283] [Netty Client IO #0/INFO] [com.onewhohears.onewholibs.data.jsonpreset.JsonPresetReloadListener/]: RECEIVED: dscombat:meteor
[28мая2026 15:39:05.284] [Netty Client IO #0/INFO] [com.onewhohears.onewholibs.data.jsonpreset.JsonPresetReloadListener/]: RECEIVED: dscombat:gruetz_bunker_buster
[28мая2026 15:39:05.284] [Netty Client IO #0/INFO] [com.onewhohears.onewholibs.data.jsonpreset.JsonPresetReloadListener/]: RECEIVED: smvpack:m2_braung
[28мая2026 15:39:05.284] [Netty Client IO #0/INFO] [com.onewhohears.onewholibs.data.jsonpreset.JsonPresetReloadListener/]: RECEIVED: dscombat:aim9x
[28мая2026 15:39:05.284] [Netty Client IO #0/INFO] [com.onewhohears.onewholibs.data.jsonpreset.JsonPresetReloadListener/]: RECEIVED: smvpack:tow_m2
[28мая2026 15:39:05.284] [Netty Client IO #0/INFO] [com.onewhohears.onewholibs.data.jsonpreset.JsonPresetReloadListener/]: RECEIVED: smvpack:fim92
[28мая2026 15:39:05.284] [Netty Client IO #0/INFO] [com.onewhohears.onewholibs.data.jsonpreset.JsonPresetReloadListener/]: RECEIVED: smvpack:120mm_m256
[28мая2026 15:39:05.284] [Netty Client IO #0/INFO] [com.onewhohears.onewholibs.data.jsonpreset.JsonPresetReloadListener/]: RECEIVED: dscombat:50mmhe
[28мая2026 15:39:05.284] [Netty Client IO #0/INFO] [com.onewhohears.onewholibs.data.jsonpreset.JsonPresetReloadListener/]: RECEIVED: dscombat:20mmhe
[28мая2026 15:39:05.284] [Netty Client IO #0/INFO] [com.onewhohears.onewholibs.data.jsonpreset.JsonPresetReloadListener/]: RECEIVED: dscombat:mk13
[28мая2026 15:39:05.284] [Netty Client IO #0/INFO] [com.onewhohears.onewholibs.data.jsonpreset.JsonPresetReloadListener/]: RECEIVED: smvpack:ags17
[28мая2026 15:39:05.284] [Netty Client IO #0/INFO] [com.onewhohears.onewholibs.data.jsonpreset.JsonPresetReloadListener/]: RECEIVED: smvpack:tow_rocket
[28мая2026 15:39:05.284] [Netty Client IO #0/INFO] [com.onewhohears.onewholibs.data.jsonpreset.JsonPresetReloadListener/]: RECEIVED: dscombat:120mmhe
[28мая2026 15:39:05.285] [Netty Client IO #0/INFO] [com.onewhohears.onewholibs.data.jsonpreset.JsonPresetReloadListener/]: RECEIVING DATA FROM SERVER RadarPresets
[28мая2026 15:39:05.285] [Netty Client IO #0/INFO] [com.onewhohears.onewholibs.data.jsonpreset.JsonPresetReloadListener/]: RECEIVED: dscombat:wr1k
[28мая2026 15:39:05.285] [Netty Client IO #0/INFO] [com.onewhohears.onewholibs.data.jsonpreset.JsonPresetReloadListener/]: RECEIVED: dscombat:ar1k
[28мая2026 15:39:05.285] [Netty Client IO #0/INFO] [com.onewhohears.onewholibs.data.jsonpreset.JsonPresetReloadListener/]: RECEIVED: dscombat:gpr20
[28мая2026 15:39:05.285] [Netty Client IO #0/INFO] [com.onewhohears.onewholibs.data.jsonpreset.JsonPresetReloadListener/]: RECEIVED: dscombat:gr200
[28мая2026 15:39:05.285] [Netty Client IO #0/INFO] [com.onewhohears.onewholibs.data.jsonpreset.JsonPresetReloadListener/]: RECEIVED: dscombat:ar2k
[28мая2026 15:39:05.285] [Netty Client IO #0/INFO] [com.onewhohears.onewholibs.data.jsonpreset.JsonPresetReloadListener/]: RECEIVED: dscombat:gr400
[28мая2026 15:39:05.285] [Netty Client IO #0/INFO] [com.onewhohears.onewholibs.data.jsonpreset.JsonPresetReloadListener/]: RECEIVED: dscombat:gpr100
[28мая2026 15:39:05.286] [Netty Client IO #0/INFO] [com.onewhohears.onewholibs.data.jsonpreset.JsonPresetReloadListener/]: RECEIVED: dscombat:air_scan_b
[28мая2026 15:39:05.286] [Netty Client IO #0/INFO] [com.onewhohears.onewholibs.data.jsonpreset.JsonPresetReloadListener/]: RECEIVED: dscombat:air_scan_a
[28мая2026 15:39:05.286] [Netty Client IO #0/INFO] [com.onewhohears.onewholibs.data.jsonpreset.JsonPresetReloadListener/]: RECEIVED: smvpack:radar_p18
[28мая2026 15:39:05.286] [Netty Client IO #0/INFO] [com.onewhohears.onewholibs.data.jsonpreset.JsonPresetReloadListener/]: RECEIVED: dscombat:ar500
[28мая2026 15:39:05.286] [Netty Client IO #0/INFO] [com.onewhohears.onewholibs.data.jsonpreset.JsonPresetReloadListener/]: RECEIVED: smvpack:radar_1rs1
[28мая2026 15:39:05.286] [Netty Client IO #0/INFO] [com.onewhohears.onewholibs.data.jsonpreset.JsonPresetReloadListener/]: RECEIVED: dscombat:ar20k
[28мая2026 15:39:05.286] [Netty Client IO #0/INFO] [com.onewhohears.onewholibs.data.jsonpreset.JsonPresetReloadListener/]: RECEIVED: dscombat:ewr4000
[28мая2026 15:39:05.286] [Netty Client IO #0/INFO] [com.onewhohears.onewholibs.data.jsonpreset.JsonPresetReloadListener/]: RECEIVED: dscombat:wr400
[28мая2026 15:39:05.286] [Netty Client IO #0/INFO] [com.onewhohears.onewholibs.data.jsonpreset.JsonPresetReloadListener/]: RECEIVED: dscombat:axcel_truck_radar
[28мая2026 15:39:05.286] [Netty Client IO #0/INFO] [com.onewhohears.onewholibs.data.jsonpreset.JsonPresetReloadListener/]: RECEIVED: dscombat:survey_all_b
[28мая2026 15:39:05.286] [Netty Client IO #0/INFO] [com.onewhohears.onewholibs.data.jsonpreset.JsonPresetReloadListener/]: RECEIVED: dscombat:survey_all_a
[28мая2026 15:39:05.286] [Netty Client IO #0/INFO] [com.onewhohears.onewholibs.data.jsonpreset.JsonPresetReloadListener/]: RECEIVING DATA FROM SERVER PartPresets
[28мая2026 15:39:05.286] [Netty Client IO #0/INFO] [com.onewhohears.onewholibs.data.jsonpreset.JsonPresetReloadListener/]: RECEIVED: dscombat:night_vision_hud
[28мая2026 15:39:05.287] [Netty Client IO #0/INFO] [com.onewhohears.onewholibs.data.jsonpreset.JsonPresetReloadListener/]: RECEIVED: dscombat:steve_up_smash
[28мая2026 15:39:05.287] [Netty Client IO #0/INFO] [com.onewhohears.onewholibs.data.jsonpreset.JsonPresetReloadListener/]: RECEIVED: dscombat:gr200
[28мая2026 15:39:05.287] [Netty Client IO #0/INFO] [com.onewhohears.onewholibs.data.jsonpreset.JsonPresetReloadListener/]: RECEIVED: dscombat:m61a1_vulcan
[28мая2026 15:39:05.287] [Netty Client IO #0/INFO] [com.onewhohears.onewholibs.data.jsonpreset.JsonPresetReloadListener/]: RECEIVED: dscombat:mlrs
[28мая2026 15:39:05.287] [Netty Client IO #0/INFO] [com.onewhohears.onewholibs.data.jsonpreset.JsonPresetReloadListener/]: RECEIVED: dscombat:turbofan_f25
[28мая2026 15:39:05.287] [Netty Client IO #0/INFO] [com.onewhohears.onewholibs.data.jsonpreset.JsonPresetReloadListener/]: RECEIVED: dscombat:compound_turbine
[28мая2026 15:39:05.287] [Netty Client IO #0/INFO] [com.onewhohears.onewholibs.data.jsonpreset.JsonPresetReloadListener/]: RECEIVED: dscombat:heavy_external_fuel_tank
[28мая2026 15:39:05.287] [Netty Client IO #0/INFO] [com.onewhohears.onewholibs.data.jsonpreset.JsonPresetReloadListener/]: RECEIVED: smvpack:zu23_turret
[28мая2026 15:39:05.287] [Netty Client IO #0/INFO] [com.onewhohears.onewholibs.data.jsonpreset.JsonPresetReloadListener/]: RECEIVED: dscombat:light_external_fuel_tank
[28мая2026 15:39:05.287] [Netty Client IO #0/INFO] [com.onewhohears.onewholibs.data.jsonpreset.JsonPresetReloadListener/]: RECEIVED: dscombat:heavy_fuel_tank
[28мая2026 15:39:05.288] [Netty Client IO #0/INFO] [com.onewhohears.onewholibs.data.jsonpreset.JsonPresetReloadListener/]: RECEIVED: smvpack:leopard2_turret
[28мая2026 15:39:05.288] [Netty Client IO #0/INFO] [com.onewhohears.onewholibs.data.jsonpreset.JsonPresetReloadListener/]: RECEIVED: smvpack:ver_b3_turret72
[28мая2026 15:39:05.288] [Netty Client IO #0/INFO] [com.onewhohears.onewholibs.data.jsonpreset.JsonPresetReloadListener/]: RECEIVED: smvpack:bmp1am_turret
[28мая2026 15:39:05.288] [Netty Client IO #0/INFO] [com.onewhohears.onewholibs.data.jsonpreset.JsonPresetReloadListener/]: RECEIVED: dscombat:cfm56
[28мая2026 15:39:05.289] [Netty Client IO #0/INFO] [com.onewhohears.onewholibs.data.jsonpreset.JsonPresetReloadListener/]: RECEIVED: smvpack:m2_turret
[28мая2026 15:39:05.289] [Netty Client IO #0/INFO] [com.onewhohears.onewholibs.data.jsonpreset.JsonPresetReloadListener/]: RECEIVED: dscombat:large_storage_box
[28мая2026 15:39:05.289] [Netty Client IO #0/INFO] [com.onewhohears.onewholibs.data.jsonpreset.JsonPresetReloadListener/]: RECEIVED: dscombat:c6_engine
[28мая2026 15:39:05.289] [Netty Client IO #0/INFO] [com.onewhohears.onewholibs.data.jsonpreset.JsonPresetReloadListener/]: RECEIVED: dscombat:seat
[28мая2026 15:39:05.289] [Netty Client IO #0/INFO] [com.onewhohears.onewholibs.data.jsonpreset.JsonPresetReloadListener/]: RECEIVED: smvpack:t90m_turret
[28мая2026 15:39:05.289] [Netty Client IO #0/INFO] [com.onewhohears.onewholibs.data.jsonpreset.JsonPresetReloadListener/]: RECEIVED: dscombat:mark7_cannon
[28мая2026 15:39:05.289] [Netty Client IO #0/INFO] [com.onewhohears.onewholibs.data.jsonpreset.JsonPresetReloadListener/]: RECEIVED: dscombat:ewr4000
[28мая2026 15:39:05.289] [Netty Client IO #0/INFO] [com.onewhohears.onewholibs.data.jsonpreset.JsonPresetReloadListener/]: RECEIVED: smvpack:turret_pancsir
[28мая2026 15:39:05.289] [Netty Client IO #0/INFO] [com.onewhohears.onewholibs.data.jsonpreset.JsonPresetReloadListener/]: RECEIVED: dscombat:data_link
[28мая2026 15:39:05.289] [Netty Client IO #0/INFO] [com.onewhohears.onewholibs.data.jsonpreset.JsonPresetReloadListener/]: RECEIVED: dscombat:sam_launcher
[28мая2026 15:39:05.289] [Netty Client IO #0/INFO] [com.onewhohears.onewholibs.data.jsonpreset.JsonPresetReloadListener/]: RECEIVED: smvpack:ver_b32016_turret72
[28мая2026 15:39:05.290] [Netty Client IO #0/INFO] [com.onewhohears.onewholibs.data.jsonpreset.JsonPresetReloadListener/]: RECEIVED: smvpack:m777_turret
[28мая2026 15:39:05.290] [Netty Client IO #0/INFO] [com.onewhohears.onewholibs.data.jsonpreset.JsonPresetReloadListener/]: RECEIVED: smvpack:bort_t72
[28мая2026 15:39:05.290] [Netty Client IO #0/INFO] [com.onewhohears.onewholibs.data.jsonpreset.JsonPresetReloadListener/]: RECEIVED: dscombat:wr1k
[28мая2026 15:39:05.290] [Netty Client IO #0/INFO] [com.onewhohears.onewholibs.data.jsonpreset.JsonPresetReloadListener/]: RECEIVED: dscombat:light_missile_rack
[28мая2026 15:39:05.290] [Netty Client IO #0/INFO] [com.onewhohears.onewholibs.data.jsonpreset.JsonPresetReloadListener/]: RECEIVED: smvpack:m1a1_turret
[28мая2026 15:39:05.290] [Netty Client IO #0/INFO] [com.onewhohears.onewholibs.data.jsonpreset.JsonPresetReloadListener/]: RECEIVED: dscombat:ar2k
[28мая2026 15:39:05.290] [Netty Client IO #0/INFO] [com.onewhohears.onewholibs.data.jsonpreset.JsonPresetReloadListener/]: RECEIVED: dscombat:gpr20
[28мая2026 15:39:05.290] [Netty Client IO #0/INFO] [com.onewhohears.onewholibs.data.jsonpreset.JsonPresetReloadListener/]: RECEIVED: smvpack:fagot_turret
[28мая2026 15:39:05.290] [Netty Client IO #0/INFO] [com.onewhohears.onewholibs.data.jsonpreset.JsonPresetReloadListener/]: RECEIVED: dscombat:turbofan_f39
[28мая2026 15:39:05.290] [Netty Client IO #0/INFO] [com.onewhohears.onewholibs.data.jsonpreset.JsonPresetReloadListener/]: RECEIVED: smvpack:leo2a6_turret
[28мая2026 15:39:05.290] [Netty Client IO #0/INFO] [com.onewhohears.onewholibs.data.jsonpreset.JsonPresetReloadListener/]: RECEIVED: dscombat:gimbal_camera
[28мая2026 15:39:05.290] [Netty Client IO #0/INFO] [com.onewhohears.onewholibs.data.jsonpreset.JsonPresetReloadListener/]: RECEIVED: smvpack:bort_t72b3
[28мая2026 15:39:05.290] [Netty Client IO #0/INFO] [com.onewhohears.onewholibs.data.jsonpreset.JsonPresetReloadListener/]: RECEIVED: smvpack:leo2a5_turret
[28мая2026 15:39:05.290] [Netty Client IO #0/INFO] [com.onewhohears.onewholibs.data.jsonpreset.JsonPresetReloadListener/]: RECEIVED: dscombat:turbofan_f145
[28мая2026 15:39:05.290] [Netty Client IO #0/INFO] [com.onewhohears.onewholibs.data.jsonpreset.JsonPresetReloadListener/]: RECEIVED: smvpack:ver_a_turret72
[28мая2026 15:39:05.290] [Netty Client IO #0/INFO] [com.onewhohears.onewholibs.data.jsonpreset.JsonPresetReloadListener/]: RECEIVED: smvpack:turret_btr80
[28мая2026 15:39:05.290] [Netty Client IO #0/INFO] [com.onewhohears.onewholibs.data.jsonpreset.JsonPresetReloadListener/]: RECEIVED: dscombat:axcel_truck_radar
[28мая2026 15:39:05.290] [Netty Client IO #0/INFO] [com.onewhohears.onewholibs.data.jsonpreset.JsonPresetReloadListener/]: RECEIVED: dscombat:mark45_cannon
[28мая2026 15:39:05.290] [Netty Client IO #0/INFO] [com.onewhohears.onewholibs.data.jsonpreset.JsonPresetReloadListener/]: RECEIVED: smvpack:turret_btr80a
[28мая2026 15:39:05.290] [Netty Client IO #0/INFO] [com.onewhohears.onewholibs.data.jsonpreset.JsonPresetReloadListener/]: RECEIVED: dscombat:heavy_missile_rack
[28мая2026 15:39:05.291] [Netty Client IO #0/INFO] [com.onewhohears.onewholibs.data.jsonpreset.JsonPresetReloadListener/]: RECEIVED: dscombat:artillery_cannon
[28мая2026 15:39:05.291] [Netty Client IO #0/INFO] [com.onewhohears.onewholibs.data.jsonpreset.JsonPresetReloadListener/]: RECEIVED: dscombat:ar1k
[28мая2026 15:39:05.291] [Netty Client IO #0/INFO] [com.onewhohears.onewholibs.data.jsonpreset.JsonPresetReloadListener/]: RECEIVED: smvpack:cv9040c_turret
[28мая2026 15:39:05.291] [Netty Client IO #0/INFO] [com.onewhohears.onewholibs.data.jsonpreset.JsonPresetReloadListener/]: RECEIVED: smvpack:radar_p18
[28мая2026 15:39:05.291] [Netty Client IO #0/INFO] [com.onewhohears.onewholibs.data.jsonpreset.JsonPresetReloadListener/]: RECEIVED: smvpack:t15_turret
[28мая2026 15:39:05.291] [Netty Client IO #0/INFO] [com.onewhohears.onewholibs.data.jsonpreset.JsonPresetReloadListener/]: RECEIVED: smvpack:hmmwv_m2_turret
[28мая2026 15:39:05.291] [Netty Client IO #0/INFO] [com.onewhohears.onewholibs.data.jsonpreset.JsonPresetReloadListener/]: RECEIVED: smvpack:radar_1rs1
[28мая2026 15:39:05.291] [Netty Client IO #0/INFO] [com.onewhohears.onewholibs.data.jsonpreset.JsonPresetReloadListener/]: RECEIVED: smvpack:rack_none
[28мая2026 15:39:05.291] [Netty Client IO #0/INFO] [com.onewhohears.onewholibs.data.jsonpreset.JsonPresetReloadListener/]: RECEIVED: dscombat:vls
[28мая2026 15:39:05.291] [Netty Client IO #0/INFO] [com.onewhohears.onewholibs.data.jsonpreset.JsonPresetReloadListener/]: RECEIVED: smvpack:bmp2m_turret
[28мая2026 15:39:05.291] [Netty Client IO #0/INFO] [com.onewhohears.onewholibs.data.jsonpreset.JsonPresetReloadListener/]: RECEIVED: dscombat:m2_browning
[28мая2026 15:39:05.291] [Netty Client IO #0/INFO] [com.onewhohears.onewholibs.data.jsonpreset.JsonPresetReloadListener/]: RECEIVED: dscombat:gr400
[28мая2026 15:39:05.291] [Netty Client IO #0/INFO] [com.onewhohears.onewholibs.data.jsonpreset.JsonPresetReloadListener/]: RECEIVED: dscombat:gpr100
[28мая2026 15:39:05.291] [Netty Client IO #0/INFO] [com.onewhohears.onewholibs.data.jsonpreset.JsonPresetReloadListener/]: RECEIVED: smvpack:ver_b_turret72
[28мая2026 15:39:05.292] [Netty Client IO #0/INFO] [com.onewhohears.onewholibs.data.jsonpreset.JsonPresetReloadListener/]: RECEIVED: dscombat:minigun_turret
[28мая2026 15:39:05.292] [Netty Client IO #0/INFO] [com.onewhohears.onewholibs.data.jsonpreset.JsonPresetReloadListener/]: RECEIVED: dscombat:radio
[28мая2026 15:39:05.292] [Netty Client IO #0/INFO] [com.onewhohears.onewholibs.data.jsonpreset.JsonPresetReloadListener/]: RECEIVED: dscombat:smoke_grenade_dispenser
[28мая2026 15:39:05.292] [Netty Client IO #0/INFO] [com.onewhohears.onewholibs.data.jsonpreset.JsonPresetReloadListener/]: RECEIVED: smvpack:tow_turret
[28мая2026 15:39:05.292] [Netty Client IO #0/INFO] [com.onewhohears.onewholibs.data.jsonpreset.JsonPresetReloadListener/]: RECEIVED: dscombat:ar20k
[28мая2026 15:39:05.292] [Netty Client IO #0/INFO] [com.onewhohears.onewholibs.data.jsonpreset.JsonPresetReloadListener/]: RECEIVED: dscombat:ecm_jammer
[28мая2026 15:39:05.292] [Netty Client IO #0/INFO] [com.onewhohears.onewholibs.data.jsonpreset.JsonPresetReloadListener/]: RECEIVED: dscombat:torpedo_tubes
[28мая2026 15:39:05.292] [Netty Client IO #0/INFO] [com.onewhohears.onewholibs.data.jsonpreset.JsonPresetReloadListener/]: RECEIVED: dscombat:gau_avenger
[28мая2026 15:39:05.292] [Netty Client IO #0/INFO] [com.onewhohears.onewholibs.data.jsonpreset.JsonPresetReloadListener/]: RECEIVED: dscombat:c12_engine
[28мая2026 15:39:05.292] [Netty Client IO #0/INFO] [com.onewhohears.onewholibs.data.jsonpreset.JsonPresetReloadListener/]: RECEIVED: smvpack:asrad_turret
[28мая2026 15:39:05.292] [Netty Client IO #0/INFO] [com.onewhohears.onewholibs.data.jsonpreset.JsonPresetReloadListener/]: RECEIVED: smvpack:bort_t72b32016
[28мая2026 15:39:05.292] [Netty Client IO #0/INFO] [com.onewhohears.onewholibs.data.jsonpreset.JsonPresetReloadListener/]: RECEIVED: dscombat:klimov_rd33
[28мая2026 15:39:05.293] [Netty Client IO #0/INFO] [com.onewhohears.onewholibs.data.jsonpreset.JsonPresetReloadListener/]: RECEIVED: smvpack:bmp1_turret
[28мая2026 15:39:05.293] [Netty Client IO #0/INFO] [com.onewhohears.onewholibs.data.jsonpreset.JsonPresetReloadListener/]: RECEIVED: smvpack:kornet
[28мая2026 15:39:05.293] [Netty Client IO #0/INFO] [com.onewhohears.onewholibs.data.jsonpreset.JsonPresetReloadListener/]: RECEIVED: dscombat:aa_turret
[28мая2026 15:39:05.293] [Netty Client IO #0/INFO] [com.onewhohears.onewholibs.data.jsonpreset.JsonPresetReloadListener/]: RECEIVED: dscombat:heavy_tank_turret
[28мая2026 15:39:05.293] [Netty Client IO #0/INFO] [com.onewhohears.onewholibs.data.jsonpreset.JsonPresetReloadListener/]: RECEIVED: dscombat:adl
[28мая2026 15:39:05.293] [Netty Client IO #0/INFO] [com.onewhohears.onewholibs.data.jsonpreset.JsonPresetReloadListener/]: RECEIVED: dscombat:ar500
[28мая2026 15:39:05.293] [Netty Client IO #0/INFO] [com.onewhohears.onewholibs.data.jsonpreset.JsonPresetReloadListener/]: RECEIVED: smvpack:m1097_turret
[28мая2026 15:39:05.294] [Netty Client IO #0/INFO] [com.onewhohears.onewholibs.data.jsonpreset.JsonPresetReloadListener/]: RECEIVED: smvpack:amx10_turret
[28мая2026 15:39:05.294] [Netty Client IO #0/INFO] [com.onewhohears.onewholibs.data.jsonpreset.JsonPresetReloadListener/]: RECEIVED: dscombat:mls
[28мая2026 15:39:05.294] [Netty Client IO #0/INFO] [com.onewhohears.onewholibs.data.jsonpreset.JsonPresetReloadListener/]: RECEIVED: dscombat:wr400
[28мая2026 15:39:05.294] [Netty Client IO #0/INFO] [com.onewhohears.onewholibs.data.jsonpreset.JsonPresetReloadListener/]: RECEIVED: dscombat:allison_v_1710
[28мая2026 15:39:05.294] [Netty Client IO #0/INFO] [com.onewhohears.onewholibs.data.jsonpreset.JsonPresetReloadListener/]: RECEIVED: smvpack:2b14_turret
[28мая2026 15:39:05.294] [Netty Client IO #0/INFO] [com.onewhohears.onewholibs.data.jsonpreset.JsonPresetReloadListener/]: RECEIVED: smvpack:d30_turret
[28мая2026 15:39:05.294] [Netty Client IO #0/INFO] [com.onewhohears.onewholibs.data.jsonpreset.JsonPresetReloadListener/]: RECEIVED: dscombat:cm_manly_52
[28мая2026 15:39:05.294] [Netty Client IO #0/INFO] [com.onewhohears.onewholibs.data.jsonpreset.JsonPresetReloadListener/]: RECEIVED: dscombat:basic_flare_dispenser
[28мая2026 15:39:05.294] [Netty Client IO #0/INFO] [com.onewhohears.onewholibs.data.jsonpreset.JsonPresetReloadListener/]: RECEIVED: smvpack:btr4e_turret
[28мая2026 15:39:05.295] [Netty Client IO #0/INFO] [com.onewhohears.onewholibs.data.jsonpreset.JsonPresetReloadListener/]: RECEIVED: dscombat:air_scan_b
[28мая2026 15:39:05.295] [Netty Client IO #0/INFO] [com.onewhohears.onewholibs.data.jsonpreset.JsonPresetReloadListener/]: RECEIVED: dscombat:air_scan_a
[28мая2026 15:39:05.295] [Netty Client IO #0/INFO] [com.onewhohears.onewholibs.data.jsonpreset.JsonPresetReloadListener/]: RECEIVED: dscombat:small_storage_box
[28мая2026 15:39:05.295] [Netty Client IO #0/INFO] [com.onewhohears.onewholibs.data.jsonpreset.JsonPresetReloadListener/]: RECEIVED: smvpack:detal
[28мая2026 15:39:05.295] [Netty Client IO #0/INFO] [com.onewhohears.onewholibs.data.jsonpreset.JsonPresetReloadListener/]: RECEIVED: dscombat:armor_piece
[28мая2026 15:39:05.295] [Netty Client IO #0/INFO] [com.onewhohears.onewholibs.data.jsonpreset.JsonPresetReloadListener/]: RECEIVED: dscombat:bomb_rack
[28мая2026 15:39:05.295] [Netty Client IO #0/INFO] [com.onewhohears.onewholibs.data.jsonpreset.JsonPresetReloadListener/]: RECEIVED: smvpack:t64_turret
[28мая2026 15:39:05.295] [Netty Client IO #0/INFO] [com.onewhohears.onewholibs.data.jsonpreset.JsonPresetReloadListener/]: RECEIVED: dscombat:gsh_30_1
[28мая2026 15:39:05.295] [Netty Client IO #0/INFO] [com.onewhohears.onewholibs.data.jsonpreset.JsonPresetReloadListener/]: RECEIVED: dscombat:medium_storage_box
[28мая2026 15:39:05.295] [Netty Client IO #0/INFO] [com.onewhohears.onewholibs.data.jsonpreset.JsonPresetReloadListener/]: RECEIVED: smvpack:t64bv_turret
[28мая2026 15:39:05.296] [Netty Client IO #0/INFO] [com.onewhohears.onewholibs.data.jsonpreset.JsonPresetReloadListener/]: RECEIVED: dscombat:light_fuel_tank
[28мая2026 15:39:05.296] [Netty Client IO #0/INFO] [com.onewhohears.onewholibs.data.jsonpreset.JsonPresetReloadListener/]: RECEIVED: smvpack:turret_bmd1
[28мая2026 15:39:05.296] [Netty Client IO #0/INFO] [com.onewhohears.onewholibs.data.jsonpreset.JsonPresetReloadListener/]: RECEIVED: smvpack:bmp2_turret
[28мая2026 15:39:05.296] [Netty Client IO #0/INFO] [com.onewhohears.onewholibs.data.jsonpreset.JsonPresetReloadListener/]: RECEIVED: smvpack:turret_bmd2
[28мая2026 15:39:05.296] [Netty Client IO #0/INFO] [com.onewhohears.onewholibs.data.jsonpreset.JsonPresetReloadListener/]: RECEIVED: dscombat:ciws
[28мая2026 15:39:05.296] [Netty Client IO #0/INFO] [com.onewhohears.onewholibs.data.jsonpreset.JsonPresetReloadListener/]: RECEIVED: dscombat:xm12
[28мая2026 15:39:05.296] [Netty Client IO #0/INFO] [com.onewhohears.onewholibs.data.jsonpreset.JsonPresetReloadListener/]: RECEIVED: dscombat:chain_hook
[28мая2026 15:39:05.296] [Netty Client IO #0/INFO] [com.onewhohears.onewholibs.data.jsonpreset.JsonPresetReloadListener/]: RECEIVED: dscombat:internal_gun
[28мая2026 15:39:05.296] [Netty Client IO #0/INFO] [com.onewhohears.onewholibs.data.jsonpreset.JsonPresetReloadListener/]: RECEIVED: dscombat:survey_all_b
[28мая2026 15:39:05.297] [Netty Client IO #0/INFO] [com.onewhohears.onewholibs.data.jsonpreset.JsonPresetReloadListener/]: RECEIVED: dscombat:survey_all_a
[28мая2026 15:39:05.572] [Render thread/INFO] [mezz.jei.forge.startup.StartEventObserver/]: JEI StartEventObserver received class net.minecraftforge.client.event.ClientPlayerNetworkEvent$LoggingIn
[28мая2026 15:39:05.573] [Render thread/INFO] [mezz.jei.forge.startup.StartEventObserver/]: JEI StartEventObserver transitioning state from DISABLED to ENABLED
[28мая2026 15:39:05.899] [Render thread/INFO] [mezz.jei.forge.startup.StartEventObserver/]: JEI StartEventObserver received class net.minecraftforge.client.event.RecipesUpdatedEvent
[28мая2026 15:39:06.207] [Render thread/INFO] [mezz.jei.forge.startup.StartEventObserver/]: JEI StartEventObserver received class net.minecraftforge.event.TagsUpdatedEvent
[28мая2026 15:39:06.207] [Render thread/INFO] [mezz.jei.forge.startup.StartEventObserver/]: JEI StartEventObserver transitioning state from ENABLED to JEI_STARTED
[28мая2026 15:39:06.207] [Render thread/INFO] [mezz.jei.core.util.LoggedTimer/]: Starting JEI...
[28мая2026 15:39:06.212] [Render thread/INFO] [mezz.jei.library.load.PluginCaller/]: Registering item subtypes...
[28мая2026 15:39:06.224] [Render thread/INFO] [mezz.jei.library.load.PluginCaller/]: Registering item subtypes took 11.11 ms
[28мая2026 15:39:06.224] [Render thread/INFO] [mezz.jei.library.load.PluginCaller/]: Registering fluid subtypes...
[28мая2026 15:39:06.225] [Render thread/INFO] [mezz.jei.library.load.PluginCaller/]: Registering fluid subtypes took 1.233 ms
[28мая2026 15:39:06.227] [Render thread/INFO] [mezz.jei.library.load.PluginCaller/]: Registering ingredients...
[28мая2026 15:39:06.289] [Render thread/WARN] [mezz.jei.library.plugins.vanilla.ingredients.ItemStackListFactory/]: Item Group has no display items and no search tab display items. Items from this group will be missing from the JEI ingredient list. Инструменты оператора
[28мая2026 15:39:06.292] [Render thread/WARN] [mezz.jei.library.plugins.vanilla.ingredients.ItemStackListFactory/]: 50 duplicate items were found in 'DSCombat Parts' creative tab's: displayItems
This may indicate that these types of item need a subtype interpreter added to JEI:
[light_external_fuel_tank, cfm56, gr200, air_scan_b, survey_all_a, wr400, ecm_jammer, cm_manly_52, turbofan_f145, gimbal_camera, wr1k, survey_all_b, medium_storage_box, light_fuel_tank, heavy_external_fuel_tank, small_storage_box, ar1k, data_link, night_vision_hud, allison_v_1710, armor_piece, chain_hook, turbofan_f39, large_storage_box, turbofan_f25, compound_turbine, smoke_grenade_dispenser, axcel_truck_radar, ar2k, air_scan_a, c12_engine, klimov_rd33, seat, basic_flare_dispenser, ar500, gr400, gpr20, heavy_fuel_tank, c6_engine, radio, gpr100, ar20k]
[28мая2026 15:39:06.294] [Render thread/WARN] [mezz.jei.library.plugins.vanilla.ingredients.ItemStackListFactory/]: 13 duplicate items were found in 'DSCombat Weapons' creative tab's: displayItems
This may indicate that these types of item need a subtype interpreter added to JEI:
[rpg_launcher, ballistic_missile, dscombat:missile:agm114k, 20mm, dscombat:bullet:20mm, dscombat:bomb:anm57]
[28мая2026 15:39:06.299] [Render thread/WARN] [mezz.jei.library.plugins.vanilla.ingredients.ItemStackListFactory/]: 64 duplicate items were found in 'DSCombat Weapon Parts' creative tab's: displayItems
This may indicate that these types of item need a subtype interpreter added to JEI:
[dscombat:turret:mls, dscombat:turret:btr4e_turret, dscombat:turret:sam_launcher, dscombat:external_weapon_part:bomb_rack, dscombat:turret:aa_turret, dscombat:turret:heavy_tank_turret, dscombat:turret:bmp2_turret, internal_gun, dscombat:turret:bmp1am_turret, dscombat:turret:zu23_turret, dscombat:external_weapon_part:heavy_missile_rack, dscombat:external_weapon_part:light_missile_rack, dscombat:turret:turret_bmd2, dscombat:external_weapon_part:vls, dscombat:turret:turret_btr80a, dscombat:turret:ciws, dscombat:external_weapon_part:xm12, dscombat:turret:steve_up_smash, dscombat:turret:torpedo_tubes, dscombat:turret:bmp2m_turret]
[28мая2026 15:39:06.304] [Render thread/WARN] [mezz.jei.library.plugins.vanilla.ingredients.ItemStackListFactory/]: 2 duplicate items were found in 'DSCombat Vehicles' creative tab's: displayItems
This may indicate that these types of item need a subtype interpreter added to JEI:
[ewr4000, dscombat:vehicle:small_roller_unarmed]
[28мая2026 15:39:06.321] [Render thread/INFO] [mezz.jei.library.load.PluginCallerTimerRunnable/]: Registering ingredients: jei:minecraft took 93.75 milliseconds
[28мая2026 15:39:06.321] [Render thread/INFO] [mezz.jei.library.load.PluginCaller/]: Registering ingredients took 94.32 ms
[28мая2026 15:39:06.321] [Render thread/INFO] [mezz.jei.library.load.PluginCaller/]: Registering extra ingredients...
[28мая2026 15:39:06.321] [Render thread/INFO] [mezz.jei.library.load.PluginCaller/]: Registering extra ingredients took 592.4 ?s
[28мая2026 15:39:06.323] [Render thread/INFO] [mezz.jei.library.load.PluginCaller/]: Registering search ingredient aliases...
[28мая2026 15:39:06.324] [Render thread/INFO] [mezz.jei.library.load.PluginCaller/]: Registering search ingredient aliases took 957.1 ?s
[28мая2026 15:39:06.337] [Render thread/INFO] [mezz.jei.library.load.PluginCaller/]: Registering categories...
[28мая2026 15:39:06.372] [Render thread/INFO] [mezz.jei.library.load.PluginCallerTimerRunnable/]: Registering categories: dscombat:jei_plugin took 23.70 milliseconds
[28мая2026 15:39:06.377] [Render thread/INFO] [mezz.jei.library.load.PluginCaller/]: Registering categories took 39.37 ms
[28мая2026 15:39:06.378] [Render thread/INFO] [mezz.jei.library.load.PluginCaller/]: Registering vanilla category extensions...
[28мая2026 15:39:06.381] [Render thread/INFO] [mezz.jei.library.load.PluginCaller/]: Registering vanilla category extensions took 2.658 ms
[28мая2026 15:39:06.382] [Render thread/INFO] [mezz.jei.library.load.PluginCaller/]: Registering recipe catalysts...
[28мая2026 15:39:06.383] [Render thread/INFO] [mezz.jei.library.load.PluginCaller/]: Registering recipe catalysts took 1.322 ms
[28мая2026 15:39:06.384] [Render thread/INFO] [mezz.jei.core.util.LoggedTimer/]: Building recipe registry...
[28мая2026 15:39:06.395] [Render thread/INFO] [mezz.jei.core.util.LoggedTimer/]: Building recipe registry took 11.87 ms
[28мая2026 15:39:06.396] [Render thread/INFO] [mezz.jei.library.load.PluginCaller/]: Registering advanced plugins...
[28мая2026 15:39:06.397] [Render thread/INFO] [mezz.jei.library.load.PluginCaller/]: Registering advanced plugins took 336.1 ?s
[28мая2026 15:39:06.397] [Render thread/INFO] [mezz.jei.library.load.PluginCaller/]: Registering recipes...
[28мая2026 15:39:06.645] [Render thread/INFO] [mezz.jei.library.load.PluginCallerTimerRunnable/]: Registering recipes: jei:minecraft took 247.7 milliseconds
[28мая2026 15:39:06.722] [Render thread/INFO] [mezz.jei.library.load.PluginCallerTimerRunnable/]: Registering recipes: jei:internal took 73.88 milliseconds
[28мая2026 15:39:06.723] [Render thread/INFO] [mezz.jei.library.load.PluginCaller/]: Registering recipes took 325.6 ms
[28мая2026 15:39:06.730] [Render thread/INFO] [mezz.jei.library.load.PluginCaller/]: Registering recipes transfer handlers...
[28мая2026 15:39:06.734] [Render thread/INFO] [mezz.jei.library.load.PluginCaller/]: Registering recipes transfer handlers took 3.259 ms
[28мая2026 15:39:06.741] [Render thread/INFO] [mezz.jei.core.util.LoggedTimer/]: Building runtime...
[28мая2026 15:39:06.745] [Render thread/INFO] [mezz.jei.library.load.PluginCaller/]: Registering gui handlers...
[28мая2026 15:39:06.754] [Render thread/INFO] [mezz.jei.library.load.PluginCaller/]: Registering gui handlers took 8.937 ms
[28мая2026 15:39:06.757] [Render thread/INFO] [mezz.jei.library.load.PluginCaller/]: Registering Runtime...
[28мая2026 15:39:06.760] [Render thread/INFO] [mezz.jei.gui.startup.JeiGuiStarter/]: Starting JEI GUI
[28мая2026 15:39:06.760] [Render thread/INFO] [mezz.jei.core.util.LoggedTimer/]: Building ingredient list...
[28мая2026 15:39:06.801] [Render thread/INFO] [mezz.jei.core.util.LoggedTimer/]: Building ingredient list took 41.68 ms
[28мая2026 15:39:06.801] [Render thread/INFO] [mezz.jei.core.util.LoggedTimer/]: Building ingredient filter...
[28мая2026 15:39:06.832] [Render thread/INFO] [mezz.jei.gui.ingredients.IngredientFilter/]: Adding 1984 ingredients
[28мая2026 15:39:07.097] [Render thread/INFO] [mezz.jei.gui.ingredients.IngredientFilter/]: Added 1984 ingredients
[28мая2026 15:39:07.097] [Render thread/INFO] [mezz.jei.core.util.LoggedTimer/]: Building ingredient filter took 295.6 ms
[28мая2026 15:39:07.157] [Render thread/INFO] [mezz.jei.library.load.PluginCallerTimerRunnable/]: Registering Runtime: jei:forge_gui took 399.5 milliseconds
[28мая2026 15:39:07.157] [Render thread/INFO] [mezz.jei.library.load.PluginCaller/]: Registering Runtime took 400.0 ms
[28мая2026 15:39:07.157] [Render thread/INFO] [mezz.jei.core.util.LoggedTimer/]: Building runtime took 417.2 ms
[28мая2026 15:39:07.158] [Render thread/INFO] [mezz.jei.library.load.PluginCaller/]: Sending Runtime...
[28мая2026 15:39:07.158] [Render thread/INFO] [mezz.jei.library.load.PluginCaller/]: Sending Runtime took 273.7 ?s
[28мая2026 15:39:07.159] [Render thread/INFO] [mezz.jei.core.util.LoggedTimer/]: Starting JEI took 951.5 ms
[28мая2026 15:39:07.179] [Render thread/INFO] [net.minecraft.advancements.AdvancementList/]: Loaded 3 advancements
[28мая2026 15:39:07.624] [Render thread/WARN] [net.minecraft.client.renderer.texture.TextureManager/]: Failed to load texture: onewholibs:textures/mtl_fail.png
java.io.FileNotFoundException: onewholibs:textures/mtl_fail.png
	at net.minecraft.server.packs.resources.ResourceProvider.method_43043(ResourceProvider.java:21) ~[forge-1.20.1-47.4.0-minecraft-merged-091bc6c486-1.20.1-loom.mappings.1_20_1.layered+hash.40359-v2-forge-1.20.1-47.4.0.jar%23203!/:?]
	at java.util.Optional.orElseThrow(Optional.java:403) ~[?:?]
	at net.minecraft.server.packs.resources.ResourceProvider.getResourceOrThrow(ResourceProvider.java:21) ~[forge-1.20.1-47.4.0-minecraft-merged-091bc6c486-1.20.1-loom.mappings.1_20_1.layered+hash.40359-v2-forge-1.20.1-47.4.0.jar%23203!/:?]
	at net.minecraft.client.renderer.texture.SimpleTexture$TextureImage.load(SimpleTexture.java:83) ~[forge-1.20.1-47.4.0-minecraft-merged-091bc6c486-1.20.1-loom.mappings.1_20_1.layered+hash.40359-v2-forge-1.20.1-47.4.0.jar%23203!/:?]
	at net.minecraft.client.renderer.texture.SimpleTexture.getTextureImage(SimpleTexture.java:58) ~[forge-1.20.1-47.4.0-minecraft-merged-091bc6c486-1.20.1-loom.mappings.1_20_1.layered+hash.40359-v2-forge-1.20.1-47.4.0.jar%23203!/:?]
	at net.minecraft.client.renderer.texture.SimpleTexture.load(SimpleTexture.java:29) ~[forge-1.20.1-47.4.0-minecraft-merged-091bc6c486-1.20.1-loom.mappings.1_20_1.layered+hash.40359-v2-forge-1.20.1-47.4.0.jar%23203!/:?]
	at net.minecraft.client.renderer.texture.TextureManager.loadTexture(TextureManager.java:96) ~[forge-1.20.1-47.4.0-minecraft-merged-091bc6c486-1.20.1-loom.mappings.1_20_1.layered+hash.40359-v2-forge-1.20.1-47.4.0.jar%23203!/:?]
	at net.minecraft.client.renderer.texture.TextureManager.register(TextureManager.java:66) ~[forge-1.20.1-47.4.0-minecraft-merged-091bc6c486-1.20.1-loom.mappings.1_20_1.layered+hash.40359-v2-forge-1.20.1-47.4.0.jar%23203!/:?]
	at net.minecraft.client.renderer.texture.TextureManager.getTexture(TextureManager.java:119) ~[forge-1.20.1-47.4.0-minecraft-merged-091bc6c486-1.20.1-loom.mappings.1_20_1.layered+hash.40359-v2-forge-1.20.1-47.4.0.jar%23203!/:?]
	at net.minecraft.client.renderer.RenderStateShard$TextureStateShard.method_23563(RenderStateShard.java:243) ~[forge-1.20.1-47.4.0-minecraft-merged-091bc6c486-1.20.1-loom.mappings.1_20_1.layered+hash.40359-v2-forge-1.20.1-47.4.0.jar%23203!/:?]
	at net.minecraft.client.renderer.RenderStateShard.setupRenderState(RenderStateShard.java:37) ~[forge-1.20.1-47.4.0-minecraft-merged-091bc6c486-1.20.1-loom.mappings.1_20_1.layered+hash.40359-v2-forge-1.20.1-47.4.0.jar%23203!/:?]
	at com.google.common.collect.ImmutableList.forEach(ImmutableList.java:422) ~[guava-31.1-jre.jar%23141!/:?]
	at net.minecraft.client.renderer.RenderType$CompositeRenderType.method_23595(RenderType.java:490) ~[forge-1.20.1-47.4.0-minecraft-merged-091bc6c486-1.20.1-loom.mappings.1_20_1.layered+hash.40359-v2-forge-1.20.1-47.4.0.jar%23203!/:?]
	at net.minecraft.client.renderer.RenderStateShard.setupRenderState(RenderStateShard.java:37) ~[forge-1.20.1-47.4.0-minecraft-merged-091bc6c486-1.20.1-loom.mappings.1_20_1.layered+hash.40359-v2-forge-1.20.1-47.4.0.jar%23203!/:?]
	at net.minecraft.client.renderer.RenderType.end(RenderType.java:433) ~[forge-1.20.1-47.4.0-minecraft-merged-091bc6c486-1.20.1-loom.mappings.1_20_1.layered+hash.40359-v2-forge-1.20.1-47.4.0.jar%23203!/:?]
	at net.minecraft.client.renderer.MultiBufferSource$BufferSource.endBatch(MultiBufferSource.java:97) ~[forge-1.20.1-47.4.0-minecraft-merged-091bc6c486-1.20.1-loom.mappings.1_20_1.layered+hash.40359-v2-forge-1.20.1-47.4.0.jar%23203!/:?]
	at net.minecraft.client.renderer.MultiBufferSource$BufferSource.method_24213(MultiBufferSource.java:76) ~[forge-1.20.1-47.4.0-minecraft-merged-091bc6c486-1.20.1-loom.mappings.1_20_1.layered+hash.40359-v2-forge-1.20.1-47.4.0.jar%23203!/:?]
	at java.util.Optional.ifPresent(Optional.java:178) ~[?:?]
	at net.minecraft.client.renderer.MultiBufferSource$BufferSource.endBatch(MultiBufferSource.java:73) ~[forge-1.20.1-47.4.0-minecraft-merged-091bc6c486-1.20.1-loom.mappings.1_20_1.layered+hash.40359-v2-forge-1.20.1-47.4.0.jar%23203!/:?]
	at net.minecraft.client.gui.GuiGraphics.flush(GuiGraphics.java:125) ~[forge-1.20.1-47.4.0-minecraft-merged-091bc6c486-1.20.1-loom.mappings.1_20_1.layered+hash.40359-v2-forge-1.20.1-47.4.0.jar%23203!/:?]
	at net.minecraft.client.gui.GuiGraphics.renderItem(GuiGraphics.java:484) ~[forge-1.20.1-47.4.0-minecraft-merged-091bc6c486-1.20.1-loom.mappings.1_20_1.layered+hash.40359-v2-forge-1.20.1-47.4.0.jar%23203!/:?]
	at net.minecraft.client.gui.GuiGraphics.renderItem(GuiGraphics.java:466) ~[forge-1.20.1-47.4.0-minecraft-merged-091bc6c486-1.20.1-loom.mappings.1_20_1.layered+hash.40359-v2-forge-1.20.1-47.4.0.jar%23203!/:?]
	at net.minecraft.client.gui.GuiGraphics.renderItem(GuiGraphics.java:462) ~[forge-1.20.1-47.4.0-minecraft-merged-091bc6c486-1.20.1-loom.mappings.1_20_1.layered+hash.40359-v2-forge-1.20.1-47.4.0.jar%23203!/:?]
	at net.minecraft.client.gui.Gui.renderSlot(Gui.java:1014) ~[forge-1.20.1-47.4.0-minecraft-merged-091bc6c486-1.20.1-loom.mappings.1_20_1.layered+hash.40359-v2-forge-1.20.1-47.4.0.jar%23203!/:?]
	at net.minecraft.client.gui.Gui.renderHotbar(Gui.java:500) ~[forge-1.20.1-47.4.0-minecraft-merged-091bc6c486-1.20.1-loom.mappings.1_20_1.layered+hash.40359-v2-forge-1.20.1-47.4.0.jar%23203!/:?]
	at net.minecraftforge.client.gui.overlay.VanillaGuiOverlay.lambda$static$5(VanillaGuiOverlay.java:63) ~[forge-1.20.1-47.4.0-minecraft-merged-091bc6c486-1.20.1-loom.mappings.1_20_1.layered+hash.40359-v2-forge-1.20.1-47.4.0.jar%23202%23210!/:?]
	at net.minecraftforge.client.gui.overlay.ForgeGui.lambda$render$0(ForgeGui.java:126) ~[forge-1.20.1-47.4.0-minecraft-merged-091bc6c486-1.20.1-loom.mappings.1_20_1.layered+hash.40359-v2-forge-1.20.1-47.4.0.jar%23202%23210!/:?]
	at com.google.common.collect.ImmutableList.forEach(ImmutableList.java:422) ~[guava-31.1-jre.jar%23141!/:?]
	at net.minecraftforge.client.gui.overlay.ForgeGui.render(ForgeGui.java:121) ~[forge-1.20.1-47.4.0-minecraft-merged-091bc6c486-1.20.1-loom.mappings.1_20_1.layered+hash.40359-v2-forge-1.20.1-47.4.0.jar%23202%23210!/:?]
	at net.minecraft.client.renderer.GameRenderer.render(GameRenderer.java:945) ~[forge-1.20.1-47.4.0-minecraft-merged-091bc6c486-1.20.1-loom.mappings.1_20_1.layered+hash.40359-v2-forge-1.20.1-47.4.0.jar%23203!/:?]
	at net.minecraft.client.Minecraft.runTick(Minecraft.java:1146) ~[forge-1.20.1-47.4.0-minecraft-merged-091bc6c486-1.20.1-loom.mappings.1_20_1.layered+hash.40359-v2-forge-1.20.1-47.4.0.jar%23203!/:?]
	at net.minecraft.client.Minecraft.run(Minecraft.java:718) ~[forge-1.20.1-47.4.0-minecraft-merged-091bc6c486-1.20.1-loom.mappings.1_20_1.layered+hash.40359-v2-forge-1.20.1-47.4.0.jar%23203!/:?]
	at net.minecraft.client.main.Main.main(Main.java:218) ~[forge-1.20.1-47.4.0-minecraft-merged-091bc6c486-1.20.1-loom.mappings.1_20_1.layered+hash.40359-v2-forge-1.20.1-47.4.0.jar%23203!/:?]
	at jdk.internal.reflect.DirectMethodHandleAccessor.invoke(DirectMethodHandleAccessor.java:103) ~[?:?]
	at java.lang.reflect.Method.invoke(Method.java:580) ~[?:?]
	at net.minecraftforge.fml.loading.targets.CommonLaunchHandler.runTarget(CommonLaunchHandler.java:111) ~[fmlloader-1.20.1-47.4.0.jar%23109!/:?]
	at net.minecraftforge.fml.loading.targets.CommonLaunchHandler.clientService(CommonLaunchHandler.java:99) ~[fmlloader-1.20.1-47.4.0.jar%23109!/:?]
	at net.minecraftforge.fml.loading.targets.ForgeClientUserdevLaunchHandler.devService(ForgeClientUserdevLaunchHandler.java:19) ~[fmlloader-1.20.1-47.4.0.jar%23109!/:?]
	at net.minecraftforge.fml.loading.targets.CommonDevLaunchHandler.lambda$makeService$7(CommonDevLaunchHandler.java:135) ~[fmlloader-1.20.1-47.4.0.jar%23109!/:?]
	at cpw.mods.modlauncher.LaunchServiceHandlerDecorator.launch(LaunchServiceHandlerDecorator.java:30) ~[modlauncher-10.0.9.jar%23113!/:?]
	at cpw.mods.modlauncher.LaunchServiceHandler.launch(LaunchServiceHandler.java:53) ~[modlauncher-10.0.9.jar%23113!/:?]
	at cpw.mods.modlauncher.LaunchServiceHandler.launch(LaunchServiceHandler.java:71) ~[modlauncher-10.0.9.jar%23113!/:?]
	at cpw.mods.modlauncher.Launcher.run(Launcher.java:108) ~[modlauncher-10.0.9.jar%23113!/:?]
	at cpw.mods.modlauncher.Launcher.main(Launcher.java:78) ~[modlauncher-10.0.9.jar%23113!/:?]
	at cpw.mods.modlauncher.BootstrapLaunchConsumer.accept(BootstrapLaunchConsumer.java:26) ~[modlauncher-10.0.9.jar%23113!/:?]
	at cpw.mods.modlauncher.BootstrapLaunchConsumer.accept(BootstrapLaunchConsumer.java:23) ~[modlauncher-10.0.9.jar%23113!/:?]
	at cpw.mods.bootstraplauncher.BootstrapLauncher.main(BootstrapLauncher.java:141) ~[?:?]
	at net.fabricmc.devlaunchinjector.Main.main(Main.java:86) ~[dev-launch-injector-0.2.1+build.8.jar%23200!/:?]
	at dev.architectury.transformer.TransformerRuntime.main(TransformerRuntime.java:220) ~[?:?]
[28мая2026 15:39:31.086] [Render thread/INFO] [net.minecraft.client.gui.components.ChatComponent/]: [System] [CHAT] [Dev: Dev телепортирован в точку 1000.500000, 100.000000, 1000.500000]
[28мая2026 15:44:11.422] [Render thread/INFO] [net.minecraft.client.gui.components.ChatComponent/]: [System] [CHAT] Ваш режим игры изменён на Режим приключений
[28мая2026 15:44:13.127] [Render thread/INFO] [net.minecraft.client.gui.components.ChatComponent/]: [System] [CHAT] Ваш режим игры изменён на Творческий режим
[28мая2026 15:47:02.474] [Render thread/INFO] [net.minecraft.client.gui.components.ChatComponent/]: [System] [CHAT] Dev2 телепортирован к Dev
[28мая2026 15:47:02.532] [Render thread/WARN] [net.minecraft.client.multiplayer.ClientPacketListener/]: Received passengers for unknown entity
[28мая2026 15:47:02.533] [Render thread/WARN] [net.minecraft.client.multiplayer.ClientPacketListener/]: Received passengers for unknown entity
[28мая2026 15:47:02.533] [Render thread/WARN] [net.minecraft.client.multiplayer.ClientPacketListener/]: Received passengers for unknown entity
[28мая2026 15:47:03.795] [Render thread/INFO] [net.minecraft.client.gui.components.ChatComponent/]: [System] [CHAT] Ваш режим игры изменён на Режим наблюдателя
[28мая2026 15:47:04.548] [Render thread/WARN] [net.minecraft.client.multiplayer.ClientPacketListener/]: Received passengers for unknown entity
[28мая2026 15:47:04.698] [Render thread/WARN] [net.minecraft.client.multiplayer.ClientPacketListener/]: Received passengers for unknown entity
[28мая2026 15:47:06.757] [Render thread/WARN] [net.minecraft.client.multiplayer.ClientPacketListener/]: Received passengers for unknown entity
[28мая2026 15:47:07.292] [Render thread/WARN] [net.minecraft.client.multiplayer.ClientPacketListener/]: Received passengers for unknown entity
[28мая2026 15:47:15.788] [Render thread/WARN] [net.minecraft.client.multiplayer.ClientPacketListener/]: Received passengers for unknown entity
[28мая2026 15:47:16.641] [Render thread/WARN] [net.minecraft.client.multiplayer.ClientPacketListener/]: Received passengers for unknown entity
[28мая2026 15:47:16.892] [Render thread/WARN] [net.minecraft.client.multiplayer.ClientPacketListener/]: Received passengers for unknown entity
[28мая2026 15:47:16.892] [Render thread/WARN] [net.minecraft.client.multiplayer.ClientPacketListener/]: Received passengers for unknown entity
[28мая2026 15:47:17.193] [Render thread/WARN] [net.minecraft.client.multiplayer.ClientPacketListener/]: Received passengers for unknown entity
[28мая2026 15:47:32.196] [Render thread/WARN] [net.minecraft.client.multiplayer.ClientPacketListener/]: Received passengers for unknown entity
[28мая2026 15:47:40.391] [Render thread/WARN] [net.minecraft.client.multiplayer.ClientPacketListener/]: Received passengers for unknown entity
[28мая2026 15:47:40.392] [Render thread/WARN] [net.minecraft.client.multiplayer.ClientPacketListener/]: Received passengers for unknown entity
[28мая2026 15:47:40.742] [Render thread/WARN] [net.minecraft.client.multiplayer.ClientPacketListener/]: Received passengers for unknown entity
[28мая2026 15:47:40.893] [Render thread/WARN] [net.minecraft.client.multiplayer.ClientPacketListener/]: Received passengers for unknown entity
[28мая2026 15:47:40.993] [Render thread/WARN] [net.minecraft.client.multiplayer.ClientPacketListener/]: Received passengers for unknown entity
[28мая2026 15:47:41.344] [Render thread/WARN] [net.minecraft.client.multiplayer.ClientPacketListener/]: Received passengers for unknown entity
[28мая2026 15:47:41.344] [Render thread/WARN] [net.minecraft.client.multiplayer.ClientPacketListener/]: Received passengers for unknown entity
[28мая2026 15:47:41.546] [Render thread/WARN] [net.minecraft.client.multiplayer.ClientPacketListener/]: Received passengers for unknown entity
[28мая2026 15:47:41.546] [Render thread/WARN] [net.minecraft.client.multiplayer.ClientPacketListener/]: Received passengers for unknown entity
[28мая2026 15:47:42.147] [Render thread/WARN] [net.minecraft.client.multiplayer.ClientPacketListener/]: Received passengers for unknown entity
[28мая2026 15:47:45.527] [Render thread/WARN] [net.minecraft.client.sounds.SoundEngine/SOUNDS]: Unable to play unknown soundEvent: smvpack:30mm_pvo
[28мая2026 15:47:52.082] [Render thread/INFO] [net.minecraft.client.gui.components.ChatComponent/]: [System] [CHAT] Ваш режим игры изменён на Творческий режим
[28мая2026 15:47:59.877] [Render thread/WARN] [com.onewhohears.onewholibs.client.core.DistantRayCastManagerClient/]: Resieved Ray Cast Packet for an entity that doesn't exist in the client level with id 32251
[28мая2026 15:48:20.348] [Render thread/WARN] [net.minecraft.client.multiplayer.ClientPacketListener/]: Received passengers for unknown entity
[28мая2026 15:48:22.055] [Render thread/WARN] [net.minecraft.client.multiplayer.ClientPacketListener/]: Received passengers for unknown entity
[28мая2026 15:48:22.055] [Render thread/WARN] [net.minecraft.client.multiplayer.ClientPacketListener/]: Received passengers for unknown entity
[28мая2026 15:48:23.593] [Render thread/WARN] [net.minecraft.client.multiplayer.ClientPacketListener/]: Received passengers for unknown entity
[28мая2026 15:49:13.502] [Render thread/WARN] [net.minecraft.client.multiplayer.ClientPacketListener/]: Received passengers for unknown entity
[28мая2026 15:49:13.503] [Render thread/WARN] [net.minecraft.client.multiplayer.ClientPacketListener/]: Received passengers for unknown entity
[28мая2026 15:49:14.489] [Render thread/WARN] [net.minecraft.client.multiplayer.ClientPacketListener/]: Received passengers for unknown entity
[28мая2026 15:49:14.489] [Render thread/WARN] [net.minecraft.client.multiplayer.ClientPacketListener/]: Received passengers for unknown entity
[28мая2026 15:49:15.493] [Render thread/WARN] [net.minecraft.client.multiplayer.ClientPacketListener/]: Received passengers for unknown entity
[28мая2026 15:49:15.494] [Render thread/WARN] [net.minecraft.client.multiplayer.ClientPacketListener/]: Received passengers for unknown entity
[28мая2026 15:49:18.487] [Render thread/WARN] [net.minecraft.client.multiplayer.ClientPacketListener/]: Received passengers for unknown entity
[28мая2026 15:49:19.490] [Render thread/WARN] [net.minecraft.client.multiplayer.ClientPacketListener/]: Received passengers for unknown entity
[28мая2026 15:50:39.038] [Render thread/WARN] [net.minecraft.client.multiplayer.ClientPacketListener/]: Received passengers for unknown entity
[28мая2026 15:50:39.088] [Render thread/WARN] [net.minecraft.client.multiplayer.ClientPacketListener/]: Received passengers for unknown entity
[28мая2026 15:50:39.088] [Render thread/WARN] [net.minecraft.client.multiplayer.ClientPacketListener/]: Received passengers for unknown entity
[28мая2026 15:50:41.396] [Render thread/WARN] [net.minecraft.client.multiplayer.ClientPacketListener/]: Received passengers for unknown entity
[28мая2026 15:50:43.303] [Render thread/WARN] [net.minecraft.client.multiplayer.ClientPacketListener/]: Received passengers for unknown entity
[28мая2026 15:50:43.303] [Render thread/WARN] [net.minecraft.client.multiplayer.ClientPacketListener/]: Received passengers for unknown entity
[28мая2026 15:50:44.691] [Render thread/WARN] [net.minecraft.client.multiplayer.ClientPacketListener/]: Received passengers for unknown entity
[28мая2026 15:50:44.691] [Render thread/WARN] [net.minecraft.client.multiplayer.ClientPacketListener/]: Received passengers for unknown entity
[28мая2026 15:50:47.952] [Render thread/WARN] [net.minecraft.client.multiplayer.ClientPacketListener/]: Received passengers for unknown entity
[28мая2026 15:50:47.952] [Render thread/WARN] [net.minecraft.client.multiplayer.ClientPacketListener/]: Received passengers for unknown entity
[28мая2026 15:50:58.823] [Render thread/INFO] [net.minecraft.client.gui.components.ChatComponent/]: [System] [CHAT] [Dev: Установлено время: 1]
[28мая2026 15:51:02.052] [Render thread/WARN] [net.minecraft.client.multiplayer.ClientPacketListener/]: Received passengers for unknown entity
[28мая2026 15:51:02.052] [Render thread/WARN] [net.minecraft.client.multiplayer.ClientPacketListener/]: Received passengers for unknown entity
[28мая2026 15:51:02.536] [Render thread/WARN] [net.minecraft.client.multiplayer.ClientPacketListener/]: Received passengers for unknown entity
[28мая2026 15:51:02.888] [Render thread/WARN] [net.minecraft.client.multiplayer.ClientPacketListener/]: Received passengers for unknown entity
[28мая2026 15:51:10.047] [Render thread/WARN] [net.minecraft.client.multiplayer.ClientPacketListener/]: Received passengers for unknown entity
[28мая2026 15:51:37.494] [Render thread/WARN] [net.minecraft.client.multiplayer.ClientPacketListener/]: Received passengers for unknown entity
[28мая2026 15:51:37.644] [Render thread/WARN] [net.minecraft.client.multiplayer.ClientPacketListener/]: Received passengers for unknown entity
[28мая2026 15:52:22.385] [Render thread/INFO] [net.minecraft.client.gui.components.ChatComponent/]: [System] [CHAT] Dev покинул игру
[28мая2026 15:52:22.536] [Render thread/INFO] [mezz.jei.forge.startup.StartEventObserver/]: JEI StartEventObserver received class net.minecraftforge.client.event.ClientPlayerNetworkEvent$LoggingOut
[28мая2026 15:52:22.536] [Render thread/INFO] [mezz.jei.forge.startup.StartEventObserver/]: JEI StartEventObserver transitioning state from JEI_STARTED to DISABLED
[28мая2026 15:52:22.536] [Render thread/INFO] [mezz.jei.library.startup.JeiStarter/]: Stopping JEI
[28мая2026 15:52:22.537] [Render thread/INFO] [mezz.jei.library.load.PluginCaller/]: Sending Runtime Unavailable...
[28мая2026 15:52:22.537] [Render thread/INFO] [mezz.jei.forge.plugins.forge.ForgeGuiPlugin/]: Stopping JEI GUI
[28мая2026 15:52:22.541] [Render thread/INFO] [mezz.jei.library.load.PluginCaller/]: Sending Runtime Unavailable took 3.985 ms
[28мая2026 15:52:23.132] [Render thread/INFO] [net.minecraft.client.Minecraft/]: Stopping!
