{
	"format_version": "1.8.0",
	"animations": {
		"animation": {
			"animation_length": 2.5,
			"bones": {
				"bone": {
					"rotation": {
						"0.5": [0, 0, 0],
						"0.5417": [0, -2.1843, 0],
						"0.5833": [0, -6.53835, 0],
						"0.625": [0, -11.84594, 0],
						"0.6667": [0, -17.66738, 0],
						"0.7083": [0, -23.77031, 0],
						"0.7917": [0, -36.22969, 0],
						"0.8333": [0, -42.33262, 0],
						"0.875": [0, -48.15406, 0],
						"0.9167": [0, -53.46165, 0],
						"0.9583": [0, -57.8157, 0],
						"1.0": [0, -60, 0],
						"1.0417": [0, -53.81116, 0],
						"1.0833": [0, -41.47468, 0],
						"1.125": [0, -26.43652, 0],
						"1.1667": [0, -9.94243, 0],
						"1.2083": [0, 7.34921, 0],
						"1.2917": [0, 42.65079, 0],
						"1.3333": [0, 59.94243, 0],
						"1.375": [0, 76.43652, 0],
						"1.4167": [0, 91.47468, 0],
						"1.4583": [0, 103.81116, 0],
						"1.5": [0, 110, 0],
						"1.5417": [0, 105.99545, 0],
						"1.5833": [0, 98.01303, 0],
						"1.625": [0, 88.28245, 0],
						"1.6667": [0, 77.60981, 0],
						"1.7083": [0, 66.4211, 0],
						"1.7917": [0, 43.5789, 0],
						"1.8333": [0, 32.39019, 0],
						"1.875": [0, 21.71755, 0],
						"1.9167": [0, 11.98697, 0],
						"1.9583": [0, 4.00455, 0],
						"2.0": [0, 0, 0],
						"2.5": [0, 0, 0]
					}
				},
				"bone2": {
					"rotation": {
						"0.0": [0, 0, 0],
						"0.0417": [-1.18316, 0, 0],
						"0.0833": [-3.54161, 0, 0],
						"0.125": [-6.41655, 0, 0],
						"0.1667": [-9.56983, 0, 0],
						"0.3333": [-22.93017, 0, 0],
						"0.375": [-26.08345, 0, 0],
						"0.4167": [-28.95839, 0, 0],
						"0.4583": [-31.31684, 0, 0],
						"0.5": [-32.5, 0, 0],
						"1.0417": [-32.5, 0, 0],
						"1.5": [-32.5, 0, 0],
						"1.5417": [-31.31684, 0, 0],
						"1.5833": [-28.95839, 0, 0],
						"1.625": [-26.08345, 0, 0],
						"1.6667": [-22.93017, 0, 0],
						"1.8333": [-9.56983, 0, 0],
						"1.875": [-6.41655, 0, 0],
						"1.9167": [-3.54161, 0, 0],
						"1.9583": [-1.18316, 0, 0],
						"2.0": [0, 0, 0]
					}
				},
				"barrel": {
					"rotation": {
						"0.5": [0, 0, 10000],
						"1.5": [0, 0, 0]
					}
				}
			}
		}
	}
}