[Architectury Transformer] Architectury Runtime 5.2.91
[Architectury Transformer DEBUG] Closed File Systems for D:\minecraftTools\DiamondStarCombat-1.20.1-dev\common\build\devlibs\dscombat-common-1.20.1-0.14.5-3-dev.jar
[Architectury Transformer DEBUG] Preparing tiny remapper prepared transformer: dev.architectury.transformer.handler.TinyRemapperPreparedTransformerHandler
[Architectury Transformer DEBUG] Provided 109 classpath jar(s):
[Architectury Transformer DEBUG]  - C:\Users\Vladimir\.gradle\caches\fabric-loom\1.20.1\forge\1.20.1-47.4.0\client-extra.jar
[Architectury Transformer DEBUG]  - C:\Users\Vladimir\.gradle\caches\modules-2\files-2.1\dev.architectury\architectury-injectables\1.0.10\62db2a366d662606d1b23ad02ccc3212ed37ec3\architectury-injectables-1.0.10.jar
[Architectury Transformer DEBUG]  - C:\Users\Vladimir\.gradle\caches\modules-2\files-2.1\net.fabricmc\fabric-loader\0.19.2\cc647a5b22dbc49b9a3267cebcee25fc4882b108\fabric-loader-0.19.2.jar
[Architectury Transformer DEBUG]  - C:\Users\Vladimir\.gradle\caches\modules-2\files-2.1\org.jetbrains\annotations\26.0.2\c7ce3cdeda3d18909368dfe5977332dfad326c6d\annotations-26.0.2.jar
[Architectury Transformer DEBUG]  - C:\Users\Vladimir\.gradle\caches\modules-2\files-2.1\com.google.code.findbugs\jsr305\3.0.2\25ea2e8b0c338a877313bd4672d3fe056ea78f0d\jsr305-3.0.2.jar
[Architectury Transformer DEBUG]  - C:\Users\Vladimir\.gradle\caches\modules-2\files-2.1\net.minecraftforge\fmlearlydisplay\1.20.1-47.4.0\5a0c2d1a65a422bd0e64548e58b70f4d011ef788\fmlearlydisplay-1.20.1-47.4.0.jar
[Architectury Transformer DEBUG]  - C:\Users\Vladimir\.gradle\caches\modules-2\files-2.1\net.minecraftforge\javafmllanguage\1.20.1-47.4.0\f0c0b352173d0a378cbdcec9cfc4ba65899a721\javafmllanguage-1.20.1-47.4.0.jar
[Architectury Transformer DEBUG]  - C:\Users\Vladimir\.gradle\caches\modules-2\files-2.1\net.minecraftforge\lowcodelanguage\1.20.1-47.4.0\e862740d8c84d08dbfedea412bef88fe42e727c5\lowcodelanguage-1.20.1-47.4.0.jar
[Architectury Transformer DEBUG]  - C:\Users\Vladimir\.gradle\caches\modules-2\files-2.1\net.minecraftforge\mclanguage\1.20.1-47.4.0\5719b3a297a33f877ed5dde4cb4bd75c859096af\mclanguage-1.20.1-47.4.0.jar
[Architectury Transformer DEBUG]  - C:\Users\Vladimir\.gradle\caches\modules-2\files-2.1\net.minecraftforge\fmlcore\1.20.1-47.4.0\235975dafa4309945b59c56b53f31dc5b65a6051\fmlcore-1.20.1-47.4.0.jar
[Architectury Transformer DEBUG]  - C:\Users\Vladimir\.gradle\caches\fabric-loom\forge\transformed-dependencies-v1\net\minecraftforge\acaa8c383d737f59b6341c2111a30d23379913e523d800908b96e734558f6880\fmlloader\1.20.1-47.4.0\fmlloader-1.20.1-47.4.0.jar
[Architectury Transformer DEBUG]  - C:\Users\Vladimir\.gradle\caches\modules-2\files-2.1\net.minecraftforge\forgespi\7.0.1\3b4972a0cdb135853dba219be61a79b22cff1309\forgespi-7.0.1.jar
[Architectury Transformer DEBUG]  - C:\Users\Vladimir\.gradle\caches\modules-2\files-2.1\net.minecraftforge\accesstransformers\8.0.4\272d240aa73f42195b2a68e2ebd8b701ecf41f63\accesstransformers-8.0.4.jar
[Architectury Transformer DEBUG]  - C:\Users\Vladimir\.gradle\caches\modules-2\files-2.1\net.minecraftforge\eventbus\6.0.5\699143dd438431d06b57416944f7cedbe52e1475\eventbus-6.0.5.jar
[Architectury Transformer DEBUG]  - C:\Users\Vladimir\.gradle\caches\modules-2\files-2.1\cpw.mods\modlauncher\10.0.9\6d9443f56f50bb85cea383686ff9c867391458b\modlauncher-10.0.9.jar
[Architectury Transformer DEBUG]  - C:\Users\Vladimir\.gradle\caches\modules-2\files-2.1\cpw.mods\bootstraplauncher\1.1.2\c546e00443d8432cda6baa1c860346980742628\bootstraplauncher-1.1.2.jar
[Architectury Transformer DEBUG]  - C:\Users\Vladimir\.gradle\caches\modules-2\files-2.1\cpw.mods\securejarhandler\2.1.10\51e6a22c6c716beb11e244bf5b8be480f51dd6b5\securejarhandler-2.1.10.jar
[Architectury Transformer DEBUG]  - C:\Users\Vladimir\.gradle\caches\modules-2\files-2.1\net.minecraftforge\coremods\5.2.4\e30bab269d896613e38396274711410b3a0e4b87\coremods-5.2.4.jar
[Architectury Transformer DEBUG]  - C:\Users\Vladimir\.gradle\caches\modules-2\files-2.1\org.openjdk.nashorn\nashorn-core\15.4\f67f5ffaa5f5130cf6fb9b133da00c7df3b532a5\nashorn-core-15.4.jar
[Architectury Transformer DEBUG]  - C:\Users\Vladimir\.gradle\caches\modules-2\files-2.1\org.ow2.asm\asm-commons\9.7.1\406c6a2225cfe1819f102a161e54cc16a5c24f75\asm-commons-9.7.1.jar
[Architectury Transformer DEBUG]  - C:\Users\Vladimir\.gradle\caches\modules-2\files-2.1\net.minecraftforge\mergetool\1.1.5\f3da18e12c696d35a47c82cbb2cc8b5aa15e1154\mergetool-1.1.5-api.jar
[Architectury Transformer DEBUG]  - C:\Users\Vladimir\.gradle\caches\modules-2\files-2.1\org.ow2.asm\asm-util\9.7.1\9e23359b598ec6b74b23e53110dd5c577adf2243\asm-util-9.7.1.jar
[Architectury Transformer DEBUG]  - C:\Users\Vladimir\.gradle\caches\modules-2\files-2.1\org.ow2.asm\asm-analysis\9.7.1\f97a3b319f0ed6a8cd944dc79060d3912a28985f\asm-analysis-9.7.1.jar
[Architectury Transformer DEBUG]  - C:\Users\Vladimir\.gradle\caches\modules-2\files-2.1\io.github.juuxel\unprotect-modlauncher\2.0.2\20d36922d7bb84c3185c213e935150584d6c7166\unprotect-modlauncher-2.0.2.jar
[Architectury Transformer DEBUG]  - C:\Users\Vladimir\.gradle\caches\modules-2\files-2.1\io.github.juuxel\unprotect\2.0.2\d79e894ec170237a02281b45e3203df6306675d6\unprotect-2.0.2.jar
[Architectury Transformer DEBUG]  - C:\Users\Vladimir\.gradle\caches\modules-2\files-2.1\org.ow2.asm\asm-tree\9.7.1\3a53139787663b139de76b627fca0084ab60d32c\asm-tree-9.7.1.jar
[Architectury Transformer DEBUG]  - C:\Users\Vladimir\.gradle\caches\modules-2\files-2.1\org.ow2.asm\asm\9.7.1\f0ed132a49244b042cd0e15702ab9f2ce3cc8436\asm-9.7.1.jar
[Architectury Transformer DEBUG]  - C:\Users\Vladimir\.gradle\caches\modules-2\files-2.1\org.antlr\antlr4\4.9.1\e92af8ab33e428461927b484e90bb155a4f3a052\antlr4-4.9.1.jar
[Architectury Transformer DEBUG]  - C:\Users\Vladimir\.gradle\caches\modules-2\files-2.1\org.antlr\antlr4-runtime\4.9.1\428664f05d2b7f7b7610204b5aa7c1763f62011a\antlr4-runtime-4.9.1.jar
[Architectury Transformer DEBUG]  - C:\Users\Vladimir\.gradle\caches\modules-2\files-2.1\net.minecraftforge\unsafe\0.2.0\54d7a0a5e8fdb71b973025caa46f341ae5904f39\unsafe-0.2.0.jar
[Architectury Transformer DEBUG]  - C:\Users\Vladimir\.gradle\caches\modules-2\files-2.1\com.electronwill.night-config\toml\3.6.4\51d6cefb2b55ee55ee26b16391212fb2c7dfb4f4\toml-3.6.4.jar
[Architectury Transformer DEBUG]  - C:\Users\Vladimir\.gradle\caches\modules-2\files-2.1\com.electronwill.night-config\core\3.6.4\510f174abbf1c947494db50ef2445683bd52c230\core-3.6.4.jar
[Architectury Transformer DEBUG]  - C:\Users\Vladimir\.gradle\caches\modules-2\files-2.1\net.minecraftforge\JarJarSelector\0.3.19\376cc9c8ea60720cf027c01fc033de915699801c\JarJarSelector-0.3.19.jar
[Architectury Transformer DEBUG]  - C:\Users\Vladimir\.gradle\caches\modules-2\files-2.1\net.minecraftforge\JarJarMetadata\0.3.19\83feaa9b770e6ac0e96ee4fc23fa89325c5fe2\JarJarMetadata-0.3.19.jar
[Architectury Transformer DEBUG]  - C:\Users\Vladimir\.gradle\caches\modules-2\files-2.1\org.apache.maven\maven-artifact\3.8.5\4433f50c07debefaed0553bd0068f4f48d449313\maven-artifact-3.8.5.jar
[Architectury Transformer DEBUG]  - C:\Users\Vladimir\.gradle\caches\modules-2\files-2.1\net.jodah\typetools\0.6.3\a01aaa6ddaea9ec07ec4f209487b7a46a526283a\typetools-0.6.3.jar
[Architectury Transformer DEBUG]  - C:\Users\Vladimir\.gradle\caches\modules-2\files-2.1\net.minecrell\terminalconsoleappender\1.2.0\96d02cd3b384ff015a8fef4223bcb4ccf1717c95\terminalconsoleappender-1.2.0.jar
[Architectury Transformer DEBUG]  - C:\Users\Vladimir\.gradle\caches\modules-2\files-2.1\org.jline\jline-reader\3.12.1\4382ab1382c7b6f379377ed5f665dc2f6e1218bc\jline-reader-3.12.1.jar
[Architectury Transformer DEBUG]  - C:\Users\Vladimir\.gradle\caches\modules-2\files-2.1\org.jline\jline-terminal\3.12.1\c777448314e050d980a6b697c140f3bfe9eb7416\jline-terminal-3.12.1.jar
[Architectury Transformer DEBUG]  - C:\Users\Vladimir\.gradle\caches\modules-2\files-2.1\dev.architectury\mixin-patched\0.8.5.12\cf1f787f58d3b08b0cb53ecbba7928c09a1893c8\mixin-patched-0.8.5.12.jar
[Architectury Transformer DEBUG]  - C:\Users\Vladimir\.gradle\caches\modules-2\files-2.1\net.minecraftforge\JarJarFileSystems\0.3.19\2464eb7d6b9ddb9db36a82cf8a95193e5c6fe020\JarJarFileSystems-0.3.19.jar
[Architectury Transformer DEBUG]  - C:\Users\Vladimir\.gradle\caches\modules-2\files-2.1\net.sf.jopt-simple\jopt-simple\5.0.4\4fdac2fbe92dfad86aa6e9301736f6b4342a3f5c\jopt-simple-5.0.4.jar
[Architectury Transformer DEBUG]  - C:\Users\Vladimir\.gradle\caches\modules-2\files-2.1\com.mojang\logging\1.1.1\832b8e6674a9b325a5175a3a6267dfaf34c85139\logging-1.1.1.jar
[Architectury Transformer DEBUG]  - C:\Users\Vladimir\.gradle\caches\modules-2\files-2.1\org.apache.logging.log4j\log4j-core\2.19.0\3b6eeb4de4c49c0fe38a4ee27188ff5fee44d0bb\log4j-core-2.19.0.jar
[Architectury Transformer DEBUG]  - C:\Users\Vladimir\.gradle\caches\modules-2\files-2.1\org.apache.logging.log4j\log4j-slf4j2-impl\2.19.0\5c04bfdd63ce9dceb2e284b81e96b6a70010ee10\log4j-slf4j2-impl-2.19.0.jar
[Architectury Transformer DEBUG]  - C:\Users\Vladimir\.gradle\caches\modules-2\files-2.1\org.apache.logging.log4j\log4j-api\2.19.0\ea1b37f38c327596b216542bc636cfdc0b8036fa\log4j-api-2.19.0.jar
[Architectury Transformer DEBUG]  - C:\Users\Vladimir\.gradle\caches\modules-2\files-2.1\net.minecraftforge\srgutils\0.4.11\fbad1341ffdb47d276bbdc40ecb06da49e053e74\srgutils-0.4.11.jar
[Architectury Transformer DEBUG]  - C:\Users\Vladimir\.gradle\caches\modules-2\files-2.1\org.codehaus.plexus\plexus-utils\3.3.0\cf43b5391de623b36fe066a21127baef82c64022\plexus-utils-3.3.0.jar
[Architectury Transformer DEBUG]  - C:\Users\Vladimir\.gradle\caches\modules-2\files-2.1\org.apache.commons\commons-lang3\3.12.0\c6842c86792ff03b9f1d1fe2aab8dc23aa6c6f0e\commons-lang3-3.12.0.jar
[Architectury Transformer DEBUG]  - C:\Users\Vladimir\.gradle\caches\modules-2\files-2.1\com.google.code.gson\gson\2.10\dd9b193aef96e973d5a11ab13cd17430c2e4306b\gson-2.10.jar
[Architectury Transformer DEBUG]  - C:\Users\Vladimir\.gradle\caches\modules-2\files-2.1\com.google.guava\guava\31.1-jre\60458f877d055d0c9114d9e1a2efb737b4bc282c\guava-31.1-jre.jar
[Architectury Transformer DEBUG]  - C:\Users\Vladimir\.gradle\caches\modules-2\files-2.1\com.machinezoo.noexception\noexception\1.7.1\b65330c98e38a1f915fa54a6e5eca496505e3f0a\noexception-1.7.1.jar
[Architectury Transformer DEBUG]  - C:\Users\Vladimir\.gradle\caches\modules-2\files-2.1\org.slf4j\slf4j-simple\1.7.30\e606eac955f55ecf1d8edcccba04eb8ac98088dd\slf4j-simple-1.7.30.jar
[Architectury Transformer DEBUG]  - C:\Users\Vladimir\.gradle\caches\modules-2\files-2.1\org.slf4j\slf4j-api\2.0.1\f48d81adce2abf5ad3cfe463df517952749e03bc\slf4j-api-2.0.1.jar
[Architectury Transformer DEBUG]  - C:\Users\Vladimir\.gradle\caches\modules-2\files-2.1\commons-io\commons-io\2.11.0\a2503f302b11ebde7ebc3df41daebe0e4eea3689\commons-io-2.11.0.jar
[Architectury Transformer DEBUG]  - C:\Users\Vladimir\.gradle\caches\modules-2\files-2.1\org.lwjgl\lwjgl-glfw\3.3.1\cbac1b8d30cb4795149c1ef540f912671a8616d0\lwjgl-glfw-3.3.1.jar
[Architectury Transformer DEBUG]  - C:\Users\Vladimir\.gradle\caches\modules-2\files-2.1\org.lwjgl\lwjgl-opengl\3.3.1\831a5533a21a5f4f81bbc51bb13e9899319b5411\lwjgl-opengl-3.3.1.jar
[Architectury Transformer DEBUG]  - C:\Users\Vladimir\.gradle\caches\modules-2\files-2.1\org.lwjgl\lwjgl-stb\3.3.1\b119297cf8ed01f247abe8685857f8e7fcf5980f\lwjgl-stb-3.3.1.jar
[Architectury Transformer DEBUG]  - C:\Users\Vladimir\.gradle\caches\modules-2\files-2.1\org.lwjgl\lwjgl-tinyfd\3.3.1\ff1914111ef2e3e0110ef2dabc8d8cdaad82347\lwjgl-tinyfd-3.3.1.jar
[Architectury Transformer DEBUG]  - C:\Users\Vladimir\.gradle\caches\modules-2\files-2.1\org.lwjgl\lwjgl\3.3.1\ae58664f88e18a9bb2c77b063833ca7aaec484cb\lwjgl-3.3.1.jar
[Architectury Transformer DEBUG]  - C:\Users\Vladimir\.gradle\caches\modules-2\files-2.1\org.antlr\ST4\4.3\92f2c1ad8d84abcbeead6cf7f2c53a04166293c2\ST4-4.3.jar
[Architectury Transformer DEBUG]  - C:\Users\Vladimir\.gradle\caches\modules-2\files-2.1\org.antlr\antlr-runtime\3.5.2\cd9cd41361c155f3af0f653009dcecb08d8b4afd\antlr-runtime-3.5.2.jar
[Architectury Transformer DEBUG]  - C:\Users\Vladimir\.gradle\caches\modules-2\files-2.1\org.abego.treelayout\org.abego.treelayout.core\1.0.3\457216e8e6578099ae63667bb1e4439235892028\org.abego.treelayout.core-1.0.3.jar
[Architectury Transformer DEBUG]  - C:\Users\Vladimir\.gradle\caches\modules-2\files-2.1\org.glassfish\javax.json\1.0.4\3178f73569fd7a1e5ffc464e680f7a8cc784b85a\javax.json-1.0.4.jar
[Architectury Transformer DEBUG]  - C:\Users\Vladimir\.gradle\caches\modules-2\files-2.1\com.ibm.icu\icu4j\71.1\9e7d3304c23f9ba5cb71915f7cce23231a57a445\icu4j-71.1.jar
[Architectury Transformer DEBUG]  - C:\Users\Vladimir\.gradle\caches\modules-2\files-2.1\com.google.guava\failureaccess\1.0.1\1dcf1de382a0bf95a3d8b0849546c88bac1292c9\failureaccess-1.0.1.jar
[Architectury Transformer DEBUG]  - C:\Users\Vladimir\.gradle\caches\modules-2\files-2.1\com.google.guava\listenablefuture\9999.0-empty-to-avoid-conflict-with-guava\b421526c5f297295adef1c886e5246c39d4ac629\listenablefuture-9999.0-empty-to-avoid-conflict-with-guava.jar
[Architectury Transformer DEBUG]  - C:\Users\Vladimir\.gradle\caches\modules-2\files-2.1\org.checkerframework\checker-qual\3.12.0\d5692f0526415fcc6de94bb5bfbd3afd9dd3b3e5\checker-qual-3.12.0.jar
[Architectury Transformer DEBUG]  - C:\Users\Vladimir\.gradle\caches\modules-2\files-2.1\com.google.errorprone\error_prone_annotations\2.11.0\c5a0ace696d3f8b1c1d8cc036d8c03cc0cbe6b69\error_prone_annotations-2.11.0.jar
[Architectury Transformer DEBUG]  - C:\Users\Vladimir\.gradle\caches\modules-2\files-2.1\com.google.j2objc\j2objc-annotations\1.3\ba035118bc8bac37d7eff77700720999acd9986d\j2objc-annotations-1.3.jar
[Architectury Transformer DEBUG]  - C:\Users\Vladimir\.gradle\caches\modules-2\files-2.1\dev.architectury\architectury-naming-service\2.0.9\c4c4732b3a00b67523c3028b49af402402be7883\architectury-naming-service-2.0.9.jar
[Architectury Transformer DEBUG]  - C:\Users\Vladimir\.gradle\caches\modules-2\files-2.1\dev.architectury\architectury-mixin-remapper-service\2.0.9\eede5ef35349f2b295fe1f3e7579382d26784b24\architectury-mixin-remapper-service-2.0.9.jar
[Architectury Transformer DEBUG]  - C:\Users\Vladimir\.gradle\caches\modules-2\files-2.1\dev.architectury\mcp-annotations\2.0.9\84f3d1e27805912592af0289d6fce0be53ee689a\mcp-annotations-2.0.9.jar
[Architectury Transformer DEBUG]  - C:\Users\Vladimir\.gradle\caches\modules-2\files-2.1\io.github.llamalad7\mixinextras-forge\0.5.0\cebe4d98a42a4a32ebf0ddec7b93d5bdbdad009\mixinextras-forge-0.5.0.jar
[Architectury Transformer DEBUG]  - C:\Users\Vladimir\.gradle\caches\modules-2\files-2.1\com.github.oshi\oshi-core\6.2.2\54f5efc19bca95d709d9a37d19ffcbba3d21c1a6\oshi-core-6.2.2.jar
[Architectury Transformer DEBUG]  - C:\Users\Vladimir\.gradle\caches\modules-2\files-2.1\com.mojang\authlib\4.0.43\2ff9d747a77570a07a60d32ac77eb6162ad2a2d9\authlib-4.0.43.jar
[Architectury Transformer DEBUG]  - C:\Users\Vladimir\.gradle\caches\modules-2\files-2.1\com.mojang\blocklist\1.0.10\5c685c5ffa94c4cd39496c7184c1d122e515ecef\blocklist-1.0.10.jar
[Architectury Transformer DEBUG]  - C:\Users\Vladimir\.gradle\caches\modules-2\files-2.1\com.mojang\brigadier\1.1.8\5244ce82c3337bba4a196a3ce858bfaecc74404a\brigadier-1.1.8.jar
[Architectury Transformer DEBUG]  - C:\Users\Vladimir\.gradle\caches\modules-2\files-2.1\com.mojang\datafixerupper\6.0.8\3ba4a30557a9b057760af4011f909ba619fc5125\datafixerupper-6.0.8.jar
[Architectury Transformer DEBUG]  - C:\Users\Vladimir\.gradle\caches\modules-2\files-2.1\com.mojang\patchy\2.2.10\da05971b07cbb379d002cf7eaec6a2048211fefc\patchy-2.2.10.jar
[Architectury Transformer DEBUG]  - C:\Users\Vladimir\.gradle\caches\modules-2\files-2.1\com.mojang\text2speech\1.17.9\3cad216e3a7f0c19b4b394388bc9ffc446f13b14\text2speech-1.17.9.jar
[Architectury Transformer DEBUG]  - C:\Users\Vladimir\.gradle\caches\modules-2\files-2.1\commons-codec\commons-codec\1.15\49d94806b6e3dc933dacbd8acb0fdbab8ebd1e5d\commons-codec-1.15.jar
[Architectury Transformer DEBUG]  - C:\Users\Vladimir\.gradle\caches\modules-2\files-2.1\commons-logging\commons-logging\1.2\4bfc12adfe4842bf07b657f0369c4cb522955686\commons-logging-1.2.jar
[Architectury Transformer DEBUG]  - C:\Users\Vladimir\.gradle\caches\modules-2\files-2.1\io.netty\netty-buffer\4.1.82.Final\a544270cf1ae8b8077082f5036436a9a9971ea71\netty-buffer-4.1.82.Final.jar
[Architectury Transformer DEBUG]  - C:\Users\Vladimir\.gradle\caches\modules-2\files-2.1\io.netty\netty-codec\4.1.82.Final\b77200379acb345a9ffdece1c605e591ac3e4e0a\netty-codec-4.1.82.Final.jar
[Architectury Transformer DEBUG]  - C:\Users\Vladimir\.gradle\caches\modules-2\files-2.1\io.netty\netty-common\4.1.82.Final\22d148e85c3f5ebdacc0ce1f5aabb1d420f73f3\netty-common-4.1.82.Final.jar
[Architectury Transformer DEBUG]  - C:\Users\Vladimir\.gradle\caches\modules-2\files-2.1\io.netty\netty-handler\4.1.82.Final\644041d1fa96a5d3130a29e8978630d716d76e38\netty-handler-4.1.82.Final.jar
[Architectury Transformer DEBUG]  - C:\Users\Vladimir\.gradle\caches\modules-2\files-2.1\io.netty\netty-resolver\4.1.82.Final\38f665ae8dcd29032eea31245ba7806bed2e0fa8\netty-resolver-4.1.82.Final.jar
[Architectury Transformer DEBUG]  - C:\Users\Vladimir\.gradle\caches\modules-2\files-2.1\io.netty\netty-transport-classes-epoll\4.1.82.Final\e7c7dd18deac93105797f30057c912651ea76521\netty-transport-classes-epoll-4.1.82.Final.jar
[Architectury Transformer DEBUG]  - C:\Users\Vladimir\.gradle\caches\modules-2\files-2.1\io.netty\netty-transport-native-unix-common\4.1.82.Final\3e895b35ca1b8a0eca56cacff4c2dde5d2c6abce\netty-transport-native-unix-common-4.1.82.Final.jar
[Architectury Transformer DEBUG]  - C:\Users\Vladimir\.gradle\caches\modules-2\files-2.1\io.netty\netty-transport\4.1.82.Final\e431a218d91acb6476ccad5f5aafde50aa3945ca\netty-transport-4.1.82.Final.jar
[Architectury Transformer DEBUG]  - C:\Users\Vladimir\.gradle\caches\modules-2\files-2.1\it.unimi.dsi\fastutil\8.5.9\bb7ea75ecdb216654237830b3a96d87ad91f8cc5\fastutil-8.5.9.jar
[Architectury Transformer DEBUG]  - C:\Users\Vladimir\.gradle\caches\modules-2\files-2.1\net.java.dev.jna\jna-platform\5.12.1\97406a297c852f4a41e688a176ec675f72e8329\jna-platform-5.12.1.jar
[Architectury Transformer DEBUG]  - C:\Users\Vladimir\.gradle\caches\modules-2\files-2.1\net.java.dev.jna\jna\5.12.1\b1e93a735caea94f503e95e6fe79bf9cdc1e985d\jna-5.12.1.jar
[Architectury Transformer DEBUG]  - C:\Users\Vladimir\.gradle\caches\modules-2\files-2.1\org.apache.commons\commons-compress\1.21\4ec95b60d4e86b5c95a0e919cb172a0af98011ef\commons-compress-1.21.jar
[Architectury Transformer DEBUG]  - C:\Users\Vladimir\.gradle\caches\modules-2\files-2.1\org.apache.httpcomponents\httpclient\4.5.13\e5f6cae5ca7ecaac1ec2827a9e2d65ae2869cada\httpclient-4.5.13.jar
[Architectury Transformer DEBUG]  - C:\Users\Vladimir\.gradle\caches\modules-2\files-2.1\org.apache.httpcomponents\httpcore\4.4.15\7f2e0c573eaa7a74bac2e89b359e1f73d92a0a1d\httpcore-4.4.15.jar
[Architectury Transformer DEBUG]  - C:\Users\Vladimir\.gradle\caches\modules-2\files-2.1\org.joml\joml\1.10.5\22566d58af70ad3d72308bab63b8339906deb649\joml-1.10.5.jar
[Architectury Transformer DEBUG]  - C:\Users\Vladimir\.gradle\caches\modules-2\files-2.1\org.lwjgl\lwjgl-jemalloc\3.3.1\a817bcf213db49f710603677457567c37d53e103\lwjgl-jemalloc-3.3.1.jar
[Architectury Transformer DEBUG]  - C:\Users\Vladimir\.gradle\caches\modules-2\files-2.1\org.lwjgl\lwjgl-openal\3.3.1\2623a6b8ae1dfcd880738656a9f0243d2e6840bd\lwjgl-openal-3.3.1.jar
[Architectury Transformer DEBUG]  - D:\minecraftTools\DiamondStarCombat-1.20.1-dev\.gradle\loom-cache\minecraftMaven\net\minecraft\forge-1.20.1-47.4.0-minecraft-merged-091bc6c486\1.20.1-loom.mappings.1_20_1.layered+hash.40359-v2-forge-1.20.1-47.4.0\forge-1.20.1-47.4.0-minecraft-merged-091bc6c486-1.20.1-loom.mappings.1_20_1.layered+hash.40359-v2-forge-1.20.1-47.4.0.jar
[Architectury Transformer DEBUG]  - C:\Users\Vladimir\.gradle\caches\modules-2\files-2.1\io.netty\netty-transport-native-epoll\4.1.82.Final\c7350a71920f3ae9142945e25fed4846cce53374\netty-transport-native-epoll-4.1.82.Final-linux-x86_64.jar
[Architectury Transformer DEBUG]  - C:\Users\Vladimir\.gradle\caches\modules-2\files-2.1\io.netty\netty-transport-native-epoll\4.1.82.Final\476409d6255001ca53a55f65b01c13822f8dc93a\netty-transport-native-epoll-4.1.82.Final-linux-aarch_64.jar
[Architectury Transformer DEBUG]  - D:\minecraftTools\DiamondStarCombat-1.20.1-dev\.gradle\loom-cache\remapped_mods\remapped\com\onewhohears\minigames\minigames-forge-1.20.1-0ddda88a\0.5.0\minigames-forge-1.20.1-0ddda88a-0.5.0.jar
[Architectury Transformer DEBUG]  - D:\minecraftTools\DiamondStarCombat-1.20.1-dev\.gradle\loom-cache\remapped_mods\remapped\com\onewhohears\onewholibs\onewholibs-forge-1.20.1-0ddda88a\2.2.1\onewholibs-forge-1.20.1-0ddda88a-2.2.1.jar
[Architectury Transformer DEBUG]  - D:\minecraftTools\DiamondStarCombat-1.20.1-dev\.gradle\loom-cache\remapped_mods\remapped\dev\architectury\architectury-forge-0ddda88a\9.2.14\architectury-forge-0ddda88a-9.2.14.jar
[Architectury Transformer DEBUG]  - D:\minecraftTools\DiamondStarCombat-1.20.1-dev\.gradle\loom-cache\remapped_mods\remapped\curse\maven\timeless-and-classics-zero-1028108-0ddda88a\6654541\timeless-and-classics-zero-1028108-0ddda88a-6654541.jar
[Architectury Transformer DEBUG]  - D:\minecraftTools\DiamondStarCombat-1.20.1-dev\.gradle\loom-cache\remapped_mods\remapped\mezz\jei\jei-1.20.1-forge-api-0ddda88a\15.20.0.112\jei-1.20.1-forge-api-0ddda88a-15.20.0.112.jar
[Architectury Transformer DEBUG]  - D:\minecraftTools\DiamondStarCombat-1.20.1-dev\.gradle\loom-cache\remapped_mods\remapped\mezz\jei\jei-1.20.1-common-api-0ddda88a\15.20.0.112\jei-1.20.1-common-api-0ddda88a-15.20.0.112.jar
[Architectury Transformer] Read classpath in 2.034 s
[Architectury Transformer DEBUG] Closed File Systems for D:\minecraftTools\DiamondStarCombat-1.20.1-dev\common\build\devlibs\dscombat-common-1.20.1-0.14.5-3-dev.jar
[Architectury Transformer DEBUG] Transforming 8 transformer(s) from D:\minecraftTools\DiamondStarCombat-1.20.1-dev\common\build\devlibs\dscombat-common-1.20.1-0.14.5-3-dev.jar to C:\Users\Vladimir\AppData\Local\Temp\4390449779442310257.jar: 
[Architectury Transformer DEBUG]  - dev.architectury.transformer.transformers.RuntimeMixinRefmapDetector@77114efe
[Architectury Transformer DEBUG]  - dev.architectury.transformer.transformers.TransformExpectPlatform@79a7bfbc
[Architectury Transformer DEBUG]  - dev.architectury.transformer.transformers.RemapInjectables@77f68df
[Architectury Transformer DEBUG]  - dev.architectury.transformer.transformers.TransformPlatformOnly@3e4e4c1
[Architectury Transformer DEBUG]  - dev.architectury.transformer.transformers.TransformForgeAnnotations@7e7f3cfd
[Architectury Transformer DEBUG]  - dev.architectury.transformer.transformers.TransformForgeEnvironment@3ae126d1
[Architectury Transformer DEBUG]  - dev.architectury.transformer.transformers.GenerateFakeForgeMod@46a488c2
[Architectury Transformer DEBUG]  - dev.architectury.transformer.transformers.FixForgeMixin@6242ae3b
[Architectury Transformer DEBUG] Transforming from D:\minecraftTools\DiamondStarCombat-1.20.1-dev\common\build\devlibs\dscombat-common-1.20.1-0.14.5-3-dev.jar to C:\Users\Vladimir\AppData\Local\Temp\4390449779442310257.jar with 8 transformer(s) on dev.architectury.transformer.handler.SimpleTransformerHandler
[Architectury Transformer DEBUG] Remapping with 1 mapping provider(s):
[Architectury Transformer DEBUG]  - dev.architectury.transformer.transformers.TransformForgeEnvironment$$Lambda/0x000001de0808e008@120d3fd
[Architectury Transformer DEBUG] Remapping Classes:
[Architectury Transformer DEBUG] net/fabricmc/api/EnvType -> net/minecraftforge/api/distmarker/Dist
[Architectury Transformer DEBUG] net/fabricmc/api/Environment -> net/minecraftforge/api/distmarker/OnlyIn
[Architectury Transformer DEBUG] Found class transformer
[Architectury Transformer DEBUG] Writing com/onewhohears/dscombat/Config with maxs=true frames=true
[Architectury Transformer DEBUG] Writing com/onewhohears/dscombat/Config$Client with maxs=true frames=true
[Architectury Transformer DEBUG] Writing com/onewhohears/dscombat/DependencySafety with maxs=true frames=true
[Architectury Transformer DEBUG] Writing com/onewhohears/dscombat/Config$Server with maxs=true frames=true
[Architectury Transformer DEBUG] Writing com/onewhohears/dscombat/DSCombatMod with maxs=true frames=true
[Architectury Transformer DEBUG] Writing com/onewhohears/dscombat/Config$Common with maxs=true frames=true
[Architectury Transformer DEBUG] Writing com/onewhohears/dscombat/block/custom/VehicleBlock$1 with maxs=true frames=true
[Architectury Transformer DEBUG] Writing com/onewhohears/dscombat/block/custom/MissileLaunchStationBlock$1 with maxs=true frames=true
[Architectury Transformer DEBUG] Writing com/onewhohears/dscombat/block/custom/WeaponPartsBlock with maxs=true frames=true
[Architectury Transformer DEBUG] Writing com/onewhohears/dscombat/block/custom/WeaponsBlock$1 with maxs=true frames=true
[Architectury Transformer DEBUG] Writing com/onewhohears/dscombat/block/custom/WeaponPartsBlock$1 with maxs=true frames=true
[Architectury Transformer DEBUG] Writing com/onewhohears/dscombat/block/custom/VehicleBlock with maxs=true frames=true
[Architectury Transformer DEBUG] Writing com/onewhohears/dscombat/block/custom/MissileLaunchStationBlock with maxs=true frames=true
[Architectury Transformer DEBUG] Writing com/onewhohears/dscombat/block/custom/WeaponsBlock with maxs=true frames=true
[Architectury Transformer DEBUG] Writing com/onewhohears/dscombat/block/entity/WeaponsBlockEntity with maxs=true frames=true
[Architectury Transformer DEBUG] Writing com/onewhohears/dscombat/block/entity/MissileLaunchStationBlockEntity with maxs=true frames=true
[Architectury Transformer DEBUG] Writing com/onewhohears/dscombat/block/entity/WeaponPartsBlockEntity with maxs=true frames=true
[Architectury Transformer DEBUG] Writing com/onewhohears/dscombat/block/entity/VehicleBlockEntity with maxs=true frames=true
[Architectury Transformer DEBUG] Writing com/onewhohears/dscombat/block/entity/MissileLaunchStationBlockEntity$1 with maxs=true frames=true
[Architectury Transformer DEBUG] Writing com/onewhohears/dscombat/client/command/GenerateTrackPathCommand with maxs=true frames=true
[Architectury Transformer DEBUG] Writing com/onewhohears/dscombat/client/command/TrackPointCommand with maxs=true frames=true
[Architectury Transformer DEBUG] Writing com/onewhohears/dscombat/client/entityscreen/EntityScreenTypes with maxs=true frames=true
[Architectury Transformer DEBUG] Writing com/onewhohears/dscombat/client/entityscreen/EntityScreenIds with maxs=true frames=true
[Architectury Transformer DEBUG] Writing com/onewhohears/dscombat/client/entityscreen/VehicleScreenMapReader$VehicleScreenUV with maxs=true frames=true
[Architectury Transformer DEBUG] Writing com/onewhohears/dscombat/client/entityscreen/VehicleScreenMapReader with maxs=true frames=true
[Architectury Transformer DEBUG] Writing com/onewhohears/dscombat/client/entityscreen/EntityScreenTypes$EntityScreenFactory with maxs=true frames=true
[Architectury Transformer DEBUG] Writing com/onewhohears/dscombat/client/entityscreen/instance/EntityDynamicScreenInstance with maxs=true frames=true
[Architectury Transformer DEBUG] Writing com/onewhohears/dscombat/client/entityscreen/instance/TurnCoordScreenInstance with maxs=true frames=true
[Architectury Transformer DEBUG] Writing com/onewhohears/dscombat/client/entityscreen/instance/EntityScreenInstance with maxs=true frames=true
[Architectury Transformer DEBUG] Writing com/onewhohears/dscombat/client/entityscreen/instance/HudScreenInstance with maxs=true frames=true
[Architectury Transformer DEBUG] Writing com/onewhohears/dscombat/client/entityscreen/instance/SpinMeterScreenInstance with maxs=true frames=true
[Architectury Transformer DEBUG] Writing com/onewhohears/dscombat/client/entityscreen/instance/SpeedScreenInstance with maxs=true frames=true
[Architectury Transformer DEBUG] Writing com/onewhohears/dscombat/client/entityscreen/instance/BigRadarScreenInstance with maxs=true frames=true
[Architectury Transformer DEBUG] Writing com/onewhohears/dscombat/client/entityscreen/instance/AttitudeScreenInstance with maxs=true frames=true
[Architectury Transformer DEBUG] Writing com/onewhohears/dscombat/client/entityscreen/instance/AirRadarScreenInstance with maxs=true frames=true
[Architectury Transformer DEBUG] Writing com/onewhohears/dscombat/client/entityscreen/instance/AltimeterScreenInstance with maxs=true frames=true
[Architectury Transformer DEBUG] Writing com/onewhohears/dscombat/client/entityscreen/instance/FuelScreenInstance with maxs=true frames=true
[Architectury Transformer DEBUG] Writing com/onewhohears/dscombat/client/entityscreen/instance/RadarScreenInstance with maxs=true frames=true
[Architectury Transformer DEBUG] Writing com/onewhohears/dscombat/client/entityscreen/instance/AOAScreenInstance with maxs=true frames=true
[Architectury Transformer DEBUG] Writing com/onewhohears/dscombat/client/entityscreen/instance/RWRScreenInstance with maxs=true frames=true
[Architectury Transformer DEBUG] Writing com/onewhohears/dscombat/client/entityscreen/instance/HeadingScreenInstance with maxs=true frames=true
[Architectury Transformer DEBUG] Writing com/onewhohears/dscombat/client/entityscreen/instance/GroundRadarScreenInstance with maxs=true frames=true
[Architectury Transformer DEBUG] Writing com/onewhohears/dscombat/client/event/CameraAngles with maxs=true frames=true
[Architectury Transformer DEBUG] Writing com/onewhohears/dscombat/client/event/ClientCameraEventHandlers with maxs=true frames=true
[Architectury Transformer DEBUG] Writing com/onewhohears/dscombat/client/event/ClientInputEventHandlers with maxs=true frames=true
[Architectury Transformer DEBUG] Writing com/onewhohears/dscombat/client/event/ClientEventHandlers with maxs=true frames=true
[Architectury Transformer DEBUG] Writing com/onewhohears/dscombat/client/event/ClientRenderEventHandlers with maxs=true frames=true
[Architectury Transformer DEBUG] Writing com/onewhohears/dscombat/client/event/DSCEntityRenderers with maxs=true frames=true
[Architectury Transformer DEBUG] Writing com/onewhohears/dscombat/client/input/ClientInputManager with maxs=true frames=true
[Architectury Transformer DEBUG] Writing com/onewhohears/dscombat/client/input/DSCClientInputs$MouseMode with maxs=true frames=true
[Architectury Transformer DEBUG] Writing com/onewhohears/dscombat/client/input/ActionInput$ControllerAxis with maxs=true frames=true
[Architectury Transformer DEBUG] Writing com/onewhohears/dscombat/client/input/ActionInputHolder$Axis with maxs=true frames=true
[Architectury Transformer DEBUG] Writing com/onewhohears/dscombat/client/input/DSCClientInputs$TargetMode with maxs=true frames=true
[Architectury Transformer DEBUG] Writing com/onewhohears/dscombat/client/input/ActionInput$UnboundButton with maxs=true frames=true
[Architectury Transformer DEBUG] Writing com/onewhohears/dscombat/client/input/ActionInput$Button with maxs=true frames=true
[Architectury Transformer DEBUG] Writing com/onewhohears/dscombat/client/input/ClientInputManager$1 with maxs=true frames=true
[Architectury Transformer DEBUG] Writing com/onewhohears/dscombat/client/input/ActionInput$UnboundAxis with maxs=true frames=true
[Architectury Transformer DEBUG] Writing com/onewhohears/dscombat/client/input/ActionInput$DSCKeyAxis with maxs=true frames=true
[Architectury Transformer DEBUG] Writing com/onewhohears/dscombat/client/input/ActionInput$ControllerButtonAxis with maxs=true frames=true
[Architectury Transformer DEBUG] Writing com/onewhohears/dscombat/client/input/ActionInput$ControllerButton with maxs=true frames=true
[Architectury Transformer DEBUG] Writing com/onewhohears/dscombat/client/input/ActionInput$ButtonType with maxs=true frames=true
[Architectury Transformer DEBUG] Writing com/onewhohears/dscombat/client/input/ActionInput$Axis with maxs=true frames=true
[Architectury Transformer DEBUG] Writing com/onewhohears/dscombat/client/input/ActionInputHolder$Button with maxs=true frames=true
[Architectury Transformer DEBUG] Writing com/onewhohears/dscombat/client/input/ActionInput with maxs=true frames=true
[Architectury Transformer DEBUG] Writing com/onewhohears/dscombat/client/input/DSCClientInputs with maxs=true frames=true
[Architectury Transformer DEBUG] Writing com/onewhohears/dscombat/client/input/ActionInputHolder with maxs=true frames=true
[Architectury Transformer DEBUG] Writing com/onewhohears/dscombat/client/input/ActionInput$AxisType with maxs=true frames=true
[Architectury Transformer DEBUG] Writing com/onewhohears/dscombat/client/input/DSCKeys with maxs=true frames=true
[Architectury Transformer DEBUG] Writing com/onewhohears/dscombat/client/input/ActionInput$DSCKeyButton with maxs=true frames=true
[Architectury Transformer DEBUG] Writing com/onewhohears/dscombat/client/input/ActionInput$ControllerAxisButton with maxs=true frames=true
[Architectury Transformer DEBUG] Writing com/onewhohears/dscombat/client/model/obj/ObjTurretModel with maxs=true frames=true
[Architectury Transformer DEBUG] Writing com/onewhohears/dscombat/client/model/obj/ObjVehicleModel with maxs=true frames=true
[Architectury Transformer DEBUG] Writing com/onewhohears/dscombat/client/model/obj/ObjPartModel with maxs=true frames=true
[Architectury Transformer DEBUG] Writing com/onewhohears/dscombat/client/model/obj/ObjWeaponModel with maxs=true frames=true
[Architectury Transformer DEBUG] Writing com/onewhohears/dscombat/client/model/obj/ObjRadarModel$MastType with maxs=true frames=true
[Architectury Transformer DEBUG] Writing com/onewhohears/dscombat/client/model/obj/ObjWeaponRackModel with maxs=true frames=true
[Architectury Transformer DEBUG] Writing com/onewhohears/dscombat/client/model/obj/ObjRadarModel with maxs=true frames=true
[Architectury Transformer DEBUG] Writing com/onewhohears/dscombat/client/model/obj/HardCodedModelAnims with maxs=true frames=true
[Architectury Transformer DEBUG] Writing com/onewhohears/dscombat/client/model/obj/custom/CorvetteModel with maxs=true frames=true
[Architectury Transformer DEBUG] Writing com/onewhohears/dscombat/client/model/obj/custom/Mark45GunModel with maxs=true frames=true
[Architectury Transformer DEBUG] Writing com/onewhohears/dscombat/client/model/obj/custom/VLSModel with maxs=true frames=true
[Architectury Transformer DEBUG] Writing com/onewhohears/dscombat/client/model/obj/custom/Mark7GunModel with maxs=true frames=true
[Architectury Transformer DEBUG] Writing com/onewhohears/dscombat/client/model/obj/custom/AutoloadingTurretModel with maxs=true frames=true
[Architectury Transformer DEBUG] Writing com/onewhohears/dscombat/client/model/obj/custom/GimbalCameraModel with maxs=true frames=true
[Architectury Transformer DEBUG] Writing com/onewhohears/dscombat/client/model/obj/custom/GoogleSubModel with maxs=true frames=true
[Architectury Transformer DEBUG] Writing com/onewhohears/dscombat/client/model/obj/custom/MLRSModel with maxs=true frames=true
[Architectury Transformer DEBUG] Writing com/onewhohears/dscombat/client/model/obj/custom/Radar2Model with maxs=true frames=true
[Architectury Transformer DEBUG] Writing com/onewhohears/dscombat/client/model/obj/custom/BallRadarModel with maxs=true frames=true
[Architectury Transformer DEBUG] Writing com/onewhohears/dscombat/client/model/obj/custom/BombRackModel with maxs=true frames=true
[Architectury Transformer DEBUG] Writing com/onewhohears/dscombat/client/model/obj/custom/Radar1Model with maxs=true frames=true
[Architectury Transformer DEBUG] Writing com/onewhohears/dscombat/client/model/obj/custom/AATurretModel with maxs=true frames=true
[Architectury Transformer DEBUG] Writing com/onewhohears/dscombat/client/model/obj/custom/ArtilleryCannonModel with maxs=true frames=true
[Architectury Transformer DEBUG] Writing com/onewhohears/dscombat/client/model/obj/custom/StickRadarModel with maxs=true frames=true
[Architectury Transformer DEBUG] Writing com/onewhohears/dscombat/client/model/obj/custom/BroncoPlaneModel with maxs=true frames=true
[Architectury Transformer DEBUG] Writing com/onewhohears/dscombat/client/model/obj/custom/MLSModel with maxs=true frames=true
[Architectury Transformer DEBUG] Writing com/onewhohears/dscombat/client/model/obj/custom/MinigunTurretModel with maxs=true frames=true
[Architectury Transformer DEBUG] Writing com/onewhohears/dscombat/client/model/obj/custom/SamLauncherModel with maxs=true frames=true
[Architectury Transformer DEBUG] Writing com/onewhohears/dscombat/client/model/obj/custom/CIWSModel with maxs=true frames=true
[Architectury Transformer DEBUG] Writing com/onewhohears/dscombat/client/model/obj/custom/ChainHookModel with maxs=true frames=true
[Architectury Transformer DEBUG] Writing com/onewhohears/dscombat/client/model/obj/custom/TorpedoTubesModel with maxs=true frames=true
[Architectury Transformer DEBUG] Writing com/onewhohears/dscombat/client/model/obj/custom/SteveUpSmashModel with maxs=true frames=true
[Architectury Transformer DEBUG] Writing com/onewhohears/dscombat/client/model/obj/custom/JasonPlaneModel with maxs=true frames=true
[Architectury Transformer DEBUG] Writing com/onewhohears/dscombat/client/model/obj/customanims/VehicleModelTransforms$WheelRotation with maxs=true frames=true
[Architectury Transformer DEBUG] Writing com/onewhohears/dscombat/client/model/obj/customanims/VehicleModelTransforms$TurretRotation with maxs=true frames=true
[Architectury Transformer DEBUG] Writing com/onewhohears/dscombat/client/model/obj/customanims/DSCAnimControl with maxs=true frames=true
[Architectury Transformer DEBUG] Writing com/onewhohears/dscombat/client/model/obj/customanims/VehicleModelTransforms$HitboxDestroyPart with maxs=true frames=true
[Architectury Transformer DEBUG] Writing com/onewhohears/dscombat/client/model/obj/customanims/VehicleModelTransforms$InputAxis with maxs=true frames=true
[Architectury Transformer DEBUG] Writing com/onewhohears/dscombat/client/model/obj/customanims/VehicleModelTransforms$PlaneFlapRotation with maxs=true frames=true
[Architectury Transformer DEBUG] Writing com/onewhohears/dscombat/client/model/obj/customanims/VehicleModelTransforms$MotorRotation with maxs=true frames=true
[Architectury Transformer DEBUG] Writing com/onewhohears/dscombat/client/model/obj/customanims/VehicleModelTransforms$LandingGear with maxs=true frames=true
[Architectury Transformer DEBUG] Writing com/onewhohears/dscombat/client/model/obj/customanims/VehicleModelTransforms$InputBoundRotation with maxs=true frames=true
[Architectury Transformer DEBUG] Writing com/onewhohears/dscombat/client/model/obj/customanims/VehicleModelTransforms$InputFactory with maxs=true frames=true
[Architectury Transformer DEBUG] Writing com/onewhohears/dscombat/client/model/obj/customanims/VehicleModelTransforms$InputBoundTranslation with maxs=true frames=true
[Architectury Transformer DEBUG] Writing com/onewhohears/dscombat/client/model/obj/customanims/VehicleAnimsBuilder with maxs=true frames=true
[Architectury Transformer DEBUG] Writing com/onewhohears/dscombat/client/model/obj/customanims/VehicleModelTransforms with maxs=true frames=true
[Architectury Transformer DEBUG] Writing com/onewhohears/dscombat/client/model/obj/customanims/VehicleModelTransforms$SpinningRadar with maxs=true frames=true
[Architectury Transformer DEBUG] Writing com/onewhohears/dscombat/client/overlay/VehicleOverlayComponent$ManagerTicker with maxs=true frames=true
[Architectury Transformer DEBUG] Writing com/onewhohears/dscombat/client/overlay/OverlayController with maxs=true frames=true
[Architectury Transformer DEBUG] Writing com/onewhohears/dscombat/client/overlay/HudLayoutManager$Rect with maxs=true frames=true
[Architectury Transformer DEBUG] Writing com/onewhohears/dscombat/client/overlay/VehicleOverlayComponent with maxs=true frames=true
[Architectury Transformer DEBUG] Writing com/onewhohears/dscombat/client/overlay/HudLayoutManager with maxs=true frames=true
[Architectury Transformer DEBUG] Writing com/onewhohears/dscombat/client/overlay/WindTunnelOverlay with maxs=true frames=true
[Architectury Transformer DEBUG] Writing com/onewhohears/dscombat/client/overlay/HudLayoutManager$1 with maxs=true frames=true
[Architectury Transformer DEBUG] Writing com/onewhohears/dscombat/client/overlay/components/VehicleCompassOverlay with maxs=true frames=true
[Architectury Transformer DEBUG] Writing com/onewhohears/dscombat/client/overlay/components/EcmStatusOverlay with maxs=true frames=true
[Architectury Transformer DEBUG] Writing com/onewhohears/dscombat/client/overlay/components/AimAssistOverlay with maxs=true frames=true
[Architectury Transformer DEBUG] Writing com/onewhohears/dscombat/client/overlay/components/RadarOverlay with maxs=true frames=true
[Architectury Transformer DEBUG] Writing com/onewhohears/dscombat/client/overlay/components/VehicleThrottleOverlay with maxs=true frames=true
[Architectury Transformer DEBUG] Writing com/onewhohears/dscombat/client/overlay/components/PosRangeOverlay with maxs=true frames=true
[Architectury Transformer DEBUG] Writing com/onewhohears/dscombat/client/overlay/components/PlaneDataOverlay with maxs=true frames=true
[Architectury Transformer DEBUG] Writing com/onewhohears/dscombat/client/overlay/components/VehicleStatsOverlay with maxs=true frames=true
[Architectury Transformer DEBUG] Writing com/onewhohears/dscombat/client/overlay/components/VehicleControlOverlay with maxs=true frames=true
[Architectury Transformer DEBUG] Writing com/onewhohears/dscombat/client/overlay/components/HeliStatusOverlay with maxs=true frames=true
[Architectury Transformer DEBUG] Writing com/onewhohears/dscombat/client/overlay/components/ModernHudOverlay with maxs=true frames=true
[Architectury Transformer DEBUG] Writing com/onewhohears/dscombat/client/overlay/components/VehicleWeaponsOverlay with maxs=true frames=true
[Architectury Transformer DEBUG] Writing com/onewhohears/dscombat/client/overlay/components/TurretCrosshairOverlay with maxs=true frames=true
[Architectury Transformer DEBUG] Writing com/onewhohears/dscombat/client/overlay/components/KeyBindsOverlay with maxs=true frames=true
[Architectury Transformer DEBUG] Writing com/onewhohears/dscombat/client/overlay/components/DebugOverlay with maxs=true frames=true
[Architectury Transformer DEBUG] Writing com/onewhohears/dscombat/client/overlay/components/HudOverlay with maxs=true frames=true
[Architectury Transformer DEBUG] Writing com/onewhohears/dscombat/client/particle/LargeSmokeCloudParticle with maxs=true frames=true
[Architectury Transformer DEBUG] Writing com/onewhohears/dscombat/client/particle/ShrapnelParticle$Provider with maxs=true frames=true
[Architectury Transformer DEBUG] Writing com/onewhohears/dscombat/client/particle/TracerParticle with maxs=true frames=true
[Architectury Transformer DEBUG] Writing com/onewhohears/dscombat/client/particle/HeatDistortionParticle with maxs=true frames=true
[Architectury Transformer DEBUG] Writing com/onewhohears/dscombat/client/particle/TrackMarkParticle$Provider with maxs=true frames=true
[Architectury Transformer DEBUG] Writing com/onewhohears/dscombat/client/particle/TrackMarkParticle with maxs=true frames=true
[Architectury Transformer DEBUG] Writing com/onewhohears/dscombat/client/particle/SmokeGrenadeParticle$Provider with maxs=true frames=true
[Architectury Transformer DEBUG] Writing com/onewhohears/dscombat/client/particle/ExplosionCoreParticle$Provider with maxs=true frames=true
[Architectury Transformer DEBUG] Writing com/onewhohears/dscombat/client/particle/ExplosionSmokeParticle$Provider with maxs=true frames=true
[Architectury Transformer DEBUG] Writing com/onewhohears/dscombat/client/particle/BigFlameParticle with maxs=true frames=true
[Architectury Transformer DEBUG] Writing com/onewhohears/dscombat/client/particle/AfterBurnerParticle with maxs=true frames=true
[Architectury Transformer DEBUG] Writing com/onewhohears/dscombat/client/particle/BigFlameParticle$Provider with maxs=true frames=true
[Architectury Transformer DEBUG] Writing com/onewhohears/dscombat/client/particle/HeatDistortionParticle$Provider with maxs=true frames=true
[Architectury Transformer DEBUG] Writing com/onewhohears/dscombat/client/particle/SmokeGrenadeParticle with maxs=true frames=true
[Architectury Transformer DEBUG] Writing com/onewhohears/dscombat/client/particle/ContrailParticle with maxs=true frames=true
[Architectury Transformer DEBUG] Writing com/onewhohears/dscombat/client/particle/TankDustParticle with maxs=true frames=true
[Architectury Transformer DEBUG] Writing com/onewhohears/dscombat/client/particle/LargeSmokeCloudParticle$Provider with maxs=true frames=true
[Architectury Transformer DEBUG] Writing com/onewhohears/dscombat/client/particle/TracerParticle$Provider with maxs=true frames=true
[Architectury Transformer DEBUG] Writing com/onewhohears/dscombat/client/particle/FlareParticle with maxs=true frames=true
[Architectury Transformer DEBUG] Writing com/onewhohears/dscombat/client/particle/FlareParticle$Provider with maxs=true frames=true
[Architectury Transformer DEBUG] Writing com/onewhohears/dscombat/client/particle/ExplosionSmokeParticle with maxs=true frames=true
[Architectury Transformer DEBUG] Writing com/onewhohears/dscombat/client/particle/ExplosionCoreParticle with maxs=true frames=true
[Architectury Transformer DEBUG] Writing com/onewhohears/dscombat/client/particle/AfterBurnerParticle$Provider with maxs=true frames=true
[Architectury Transformer DEBUG] Writing com/onewhohears/dscombat/client/particle/ContrailParticle$Provider with maxs=true frames=true
[Architectury Transformer DEBUG] Writing com/onewhohears/dscombat/client/particle/ShrapnelParticle with maxs=true frames=true
[Architectury Transformer DEBUG] Writing com/onewhohears/dscombat/client/particle/TankDustParticle$Provider with maxs=true frames=true
[Architectury Transformer DEBUG] Writing com/onewhohears/dscombat/client/renderer/RendererObjWeapon with maxs=true frames=true
[Architectury Transformer DEBUG] Writing com/onewhohears/dscombat/client/renderer/TrackTextureRenderer with maxs=true frames=true
[Architectury Transformer DEBUG] Writing com/onewhohears/dscombat/client/renderer/HeatHazeRenderer with maxs=true frames=true
[Architectury Transformer DEBUG] Writing com/onewhohears/dscombat/client/renderer/MissileLaunchStationRenderer with maxs=true frames=true
[Architectury Transformer DEBUG] Writing com/onewhohears/dscombat/client/renderer/RendererTurret with maxs=true frames=true
[Architectury Transformer DEBUG] Writing com/onewhohears/dscombat/client/renderer/CrawlerTrackRenderer with maxs=true frames=true
[Architectury Transformer DEBUG] Writing com/onewhohears/dscombat/client/renderer/RendererMine with maxs=true frames=true
[Architectury Transformer DEBUG] Writing com/onewhohears/dscombat/client/renderer/TrackMarkManager with maxs=true frames=true
[Architectury Transformer DEBUG] Writing com/onewhohears/dscombat/client/renderer/RendererEntityMuzzleFlash with maxs=true frames=true
[Architectury Transformer DEBUG] Writing com/onewhohears/dscombat/client/renderer/MuzzleFlashRenderer with maxs=true frames=true
[Architectury Transformer DEBUG] Writing com/onewhohears/dscombat/client/renderer/PartsDebugRenderer with maxs=true frames=true
[Architectury Transformer DEBUG] Writing com/onewhohears/dscombat/client/renderer/RendererEntityInvisible with maxs=true frames=true
[Architectury Transformer DEBUG] Writing com/onewhohears/dscombat/client/renderer/CrawlerTrackRenderer$TrackPoint with maxs=true frames=true
[Architectury Transformer DEBUG] Writing com/onewhohears/dscombat/client/renderer/RendererObjVehicle with maxs=true frames=true
[Architectury Transformer DEBUG] Writing com/onewhohears/dscombat/client/renderer/EntityScreenRenderer with maxs=true frames=true
[Architectury Transformer DEBUG] Writing com/onewhohears/dscombat/client/renderer/TrackMarkDecal$Point with maxs=true frames=true
[Architectury Transformer DEBUG] Writing com/onewhohears/dscombat/client/renderer/AfterburnerFlameRenderer with maxs=true frames=true
[Architectury Transformer DEBUG] Writing com/onewhohears/dscombat/client/renderer/RendererWindTunnel with maxs=true frames=true
[Architectury Transformer DEBUG] Writing com/onewhohears/dscombat/client/renderer/VehicleScreenRenderer with maxs=true frames=true
[Architectury Transformer DEBUG] Writing com/onewhohears/dscombat/client/renderer/RotableHitboxRenderer with maxs=true frames=true
[Architectury Transformer DEBUG] Writing com/onewhohears/dscombat/client/renderer/TrackMarkDecal with maxs=true frames=true
[Architectury Transformer DEBUG] Writing com/onewhohears/dscombat/client/screen/WeaponPartsBlockScreen with maxs=true frames=true
[Architectury Transformer DEBUG] Writing com/onewhohears/dscombat/client/screen/VehicleMainScreen with maxs=true frames=true
[Architectury Transformer DEBUG] Writing com/onewhohears/dscombat/client/screen/VehicleOtherScreen$1 with maxs=true frames=true
[Architectury Transformer DEBUG] Writing com/onewhohears/dscombat/client/screen/DecalScreen with maxs=true frames=true
[Architectury Transformer DEBUG] Writing com/onewhohears/dscombat/client/screen/HudLayoutEditScreen with maxs=true frames=true
[Architectury Transformer DEBUG] Writing com/onewhohears/dscombat/client/screen/VehicleJetesinScreen with maxs=true frames=true
[Architectury Transformer DEBUG] Writing com/onewhohears/dscombat/client/screen/VehicleStorageScreen with maxs=true frames=true
[Architectury Transformer DEBUG] Writing com/onewhohears/dscombat/client/screen/VehicleBlockScreen$AircraftPresetList with maxs=true frames=true
[Architectury Transformer DEBUG] Writing com/onewhohears/dscombat/client/screen/VehicleBlockScreen with maxs=true frames=true
[Architectury Transformer DEBUG] Writing com/onewhohears/dscombat/client/screen/VehicleSubScreen with maxs=true frames=true
[Architectury Transformer DEBUG] Writing com/onewhohears/dscombat/client/screen/VehicleOtherScreen with maxs=true frames=true
[Architectury Transformer DEBUG] Writing com/onewhohears/dscombat/client/screen/VehiclePartsScreen with maxs=true frames=true
[Architectury Transformer DEBUG] Writing com/onewhohears/dscombat/client/screen/VehicleBlockScreen$AircraftTab with maxs=true frames=true
[Architectury Transformer DEBUG] Writing com/onewhohears/dscombat/client/screen/VehiclePaintScreen with maxs=true frames=true
[Architectury Transformer DEBUG] Writing com/onewhohears/dscombat/client/screen/VehicleRadarScreen with maxs=true frames=true
[Architectury Transformer DEBUG] Writing com/onewhohears/dscombat/client/screen/VehicleReloadScreen with maxs=true frames=true
[Architectury Transformer DEBUG] Writing com/onewhohears/dscombat/client/screen/MissileLaunchStationScreen with maxs=true frames=true
[Architectury Transformer DEBUG] Writing com/onewhohears/dscombat/client/screen/VehicleWeaponScreen with maxs=true frames=true
[Architectury Transformer DEBUG] Writing com/onewhohears/dscombat/client/screen/VehicleHealthScreen with maxs=true frames=true
[Architectury Transformer DEBUG] Writing com/onewhohears/dscombat/client/screen/VehicleScreen with maxs=true frames=true
[Architectury Transformer DEBUG] Writing com/onewhohears/dscombat/client/screen/WeaponsBlockScreen with maxs=true frames=true
[Architectury Transformer DEBUG] Writing com/onewhohears/dscombat/client/screen/key_bind/SelectBindScreen$AxisScreen with maxs=true frames=true
[Architectury Transformer DEBUG] Writing com/onewhohears/dscombat/client/screen/key_bind/SelectBindScreen$ButtonScreen with maxs=true frames=true
[Architectury Transformer DEBUG] Writing com/onewhohears/dscombat/client/screen/key_bind/SelectBindScreen$DSCKeyButton with maxs=true frames=true
[Architectury Transformer DEBUG] Writing com/onewhohears/dscombat/client/screen/key_bind/VehicleEditButtonBindScreen$1 with maxs=true frames=true
[Architectury Transformer DEBUG] Writing com/onewhohears/dscombat/client/screen/key_bind/SelectBindScreen with maxs=true frames=true
[Architectury Transformer DEBUG] Writing com/onewhohears/dscombat/client/screen/key_bind/SelectBindScreen$DSCKeyAxis with maxs=true frames=true
[Architectury Transformer DEBUG] Writing com/onewhohears/dscombat/client/screen/key_bind/VehicleEditButtonBindScreen with maxs=true frames=true
[Architectury Transformer DEBUG] Writing com/onewhohears/dscombat/client/screen/key_bind/SelectBindScreen$ControllerButtonAxis with maxs=true frames=true
[Architectury Transformer DEBUG] Writing com/onewhohears/dscombat/client/screen/key_bind/SelectBindScreen$ControllerButton with maxs=true frames=true
[Architectury Transformer DEBUG] Writing com/onewhohears/dscombat/client/screen/key_bind/SelectBindScreen$ControllerAxisButton$1 with maxs=true frames=true
[Architectury Transformer DEBUG] Writing com/onewhohears/dscombat/client/screen/key_bind/VehicleEditAxisBindScreen with maxs=true frames=true
[Architectury Transformer DEBUG] Writing com/onewhohears/dscombat/client/screen/key_bind/SelectBindScreen$ControllerAxisButton with maxs=true frames=true
[Architectury Transformer DEBUG] Writing com/onewhohears/dscombat/client/screen/key_bind/SelectBindScreen$ControllerJoystickAxis$1 with maxs=true frames=true
[Architectury Transformer DEBUG] Writing com/onewhohears/dscombat/client/screen/key_bind/VehicleKeyBindsScreen with maxs=true frames=true
[Architectury Transformer DEBUG] Writing com/onewhohears/dscombat/client/screen/key_bind/SelectBindScreen$ControllerJoystickAxis with maxs=true frames=true
[Architectury Transformer DEBUG] Writing com/onewhohears/dscombat/client/screen/key_bind/VehicleEditAxisBindScreen$1 with maxs=true frames=true
[Architectury Transformer DEBUG] Writing com/onewhohears/dscombat/client/screen/widget/WeaponButton with maxs=true frames=true
[Architectury Transformer DEBUG] Writing com/onewhohears/dscombat/client/sounds/VehicleWindSoundInstance with maxs=true frames=true
[Architectury Transformer DEBUG] Writing com/onewhohears/dscombat/client/sounds/PlaneMusicSoundInstance with maxs=true frames=true
[Architectury Transformer DEBUG] Writing com/onewhohears/dscombat/client/sounds/DopplerSoundInstance with maxs=true frames=true
[Architectury Transformer DEBUG] Writing com/onewhohears/dscombat/client/sounds/AfterBurnerSoundInstance with maxs=true frames=true
[Architectury Transformer DEBUG] Writing com/onewhohears/dscombat/client/sounds/DistantGunfireSoundInstance with maxs=true frames=true
[Architectury Transformer DEBUG] Writing com/onewhohears/dscombat/client/sounds/VehicleIdleSoundInstance with maxs=true frames=true
[Architectury Transformer DEBUG] Writing com/onewhohears/dscombat/client/sounds/VehicleEngineSoundInstance with maxs=true frames=true
[Architectury Transformer DEBUG] Writing com/onewhohears/dscombat/client/sounds/MissileEngineSoundInstance with maxs=true frames=true
[Architectury Transformer DEBUG] Writing com/onewhohears/dscombat/client/texture/VehicleDynamicTextures$1 with maxs=true frames=true
[Architectury Transformer DEBUG] Writing com/onewhohears/dscombat/client/texture/VehicleDynamicTextures with maxs=true frames=true
[Architectury Transformer DEBUG] Writing com/onewhohears/dscombat/client/trackeditor/TrackEditSession with maxs=true frames=true
[Architectury Transformer DEBUG] Writing com/onewhohears/dscombat/client/trackeditor/TrackEditSession$Point with maxs=true frames=true
[Architectury Transformer DEBUG] Writing com/onewhohears/dscombat/client/trackeditor/TrackEditSession$TrackData with maxs=true frames=true
[Architectury Transformer DEBUG] Writing com/onewhohears/dscombat/client/util/UtilRender with maxs=true frames=true
[Architectury Transformer DEBUG] Writing com/onewhohears/dscombat/client/util/UtilClientPacket$1 with maxs=true frames=true
[Architectury Transformer DEBUG] Writing com/onewhohears/dscombat/client/util/UtilClientSafeSounds with maxs=true frames=true
[Architectury Transformer DEBUG] Writing com/onewhohears/dscombat/client/util/UtilClientPacket with maxs=true frames=true
[Architectury Transformer DEBUG] Writing com/onewhohears/dscombat/client/util/UtilClientSafeSounds$1 with maxs=true frames=true
[Architectury Transformer DEBUG] Writing com/onewhohears/dscombat/client/util/UtilClientPacket$ShootType with maxs=true frames=true
[Architectury Transformer DEBUG] Writing com/onewhohears/dscombat/client/util/UtilParticles with maxs=true frames=true
[Architectury Transformer DEBUG] Writing com/onewhohears/dscombat/command/MissileCommand with maxs=true frames=true
[Architectury Transformer DEBUG] Writing com/onewhohears/dscombat/command/EcmDebugCommand$SphereData with maxs=true frames=true
[Architectury Transformer DEBUG] Writing com/onewhohears/dscombat/command/DSCReloadCommand with maxs=true frames=true
[Architectury Transformer DEBUG] Writing com/onewhohears/dscombat/command/DSCGameRules with maxs=true frames=true
[Architectury Transformer DEBUG] Writing com/onewhohears/dscombat/command/DSCParticleDebugCommand with maxs=true frames=true
[Architectury Transformer DEBUG] Writing com/onewhohears/dscombat/command/WindTunnelCommand with maxs=true frames=true
[Architectury Transformer DEBUG] Writing com/onewhohears/dscombat/command/DebugSlotPosCommand with maxs=true frames=true
[Architectury Transformer DEBUG] Writing com/onewhohears/dscombat/command/DebugHitboxPosCommand with maxs=true frames=true
[Architectury Transformer DEBUG] Writing com/onewhohears/dscombat/command/DSCAdminCommands with maxs=true frames=true
[Architectury Transformer DEBUG] Writing com/onewhohears/dscombat/command/VehicleCommand with maxs=true frames=true
[Architectury Transformer DEBUG] Writing com/onewhohears/dscombat/command/TrackDebugCommand with maxs=true frames=true
[Architectury Transformer DEBUG] Writing com/onewhohears/dscombat/command/MissileCommand$GetOwnerCommand with maxs=true frames=true
[Architectury Transformer DEBUG] Writing com/onewhohears/dscombat/command/PartsDebugCommand with maxs=true frames=true
[Architectury Transformer DEBUG] Writing com/onewhohears/dscombat/command/EcmDebugCommand with maxs=true frames=true
[Architectury Transformer DEBUG] Writing com/onewhohears/dscombat/command/WindTunnelCommand$IWindTunnelCommand with maxs=true frames=true
[Architectury Transformer DEBUG] Writing com/onewhohears/dscombat/command/VehicleNbtCommand with maxs=true frames=true
[Architectury Transformer DEBUG] Writing com/onewhohears/dscombat/command/argument/VehiclePresetArgument with maxs=true frames=true
[Architectury Transformer DEBUG] Writing com/onewhohears/dscombat/command/argument/WeaponArgument with maxs=true frames=true
[Architectury Transformer DEBUG] Writing com/onewhohears/dscombat/common/container/StorageBoxContainer with maxs=true frames=true
[Architectury Transformer DEBUG] Writing com/onewhohears/dscombat/common/container/menu/StorageBoxContainerMenu with maxs=true frames=true
[Architectury Transformer DEBUG] Writing com/onewhohears/dscombat/common/container/menu/WeaponPartsBlockContainerMenu with maxs=true frames=true
[Architectury Transformer DEBUG] Writing com/onewhohears/dscombat/common/container/menu/MissileLaunchStationContainerMenu with maxs=true frames=true
[Architectury Transformer DEBUG] Writing com/onewhohears/dscombat/common/container/menu/VehicleBlockContainerMenu with maxs=true frames=true
[Architectury Transformer DEBUG] Writing com/onewhohears/dscombat/common/container/menu/WeaponsBlockContainerMenu with maxs=true frames=true
[Architectury Transformer DEBUG] Writing com/onewhohears/dscombat/common/container/menu/MissileLaunchStationContainerMenu$InventoryWrapper with maxs=true frames=true
[Architectury Transformer DEBUG] Writing com/onewhohears/dscombat/common/container/menu/VehiclePartsMenu with maxs=true frames=true
[Architectury Transformer DEBUG] Writing com/onewhohears/dscombat/common/container/slot/PartItemSlot with maxs=true frames=true
[Architectury Transformer DEBUG] Writing com/onewhohears/dscombat/common/container/slot/MissileSlot with maxs=true frames=true
[Architectury Transformer DEBUG] Writing com/onewhohears/dscombat/common/container/slot/DisplaySlot with maxs=true frames=true
[Architectury Transformer DEBUG] Writing com/onewhohears/dscombat/common/event/CommonEventHandlers with maxs=true frames=true
[Architectury Transformer DEBUG] Writing com/onewhohears/dscombat/common/network/VehicleSyncAction$JetesinAction with maxs=true frames=true
[Architectury Transformer DEBUG] Writing com/onewhohears/dscombat/common/network/VehicleSyncAction$DismountAction with maxs=true frames=true
[Architectury Transformer DEBUG] Writing com/onewhohears/dscombat/common/network/VehicleSyncAction$SetRadarModeAction with maxs=true frames=true
[Architectury Transformer DEBUG] Writing com/onewhohears/dscombat/common/network/VehicleSyncAction$LoadPartAction with maxs=true frames=true
[Architectury Transformer DEBUG] Writing com/onewhohears/dscombat/common/network/VehicleSyncAction$SmokeGrenadeAction with maxs=true frames=true
[Architectury Transformer DEBUG] Writing com/onewhohears/dscombat/common/network/PacketHandler with maxs=true frames=true
[Architectury Transformer DEBUG] Writing com/onewhohears/dscombat/common/network/VehicleSyncAction$ShootAction with maxs=true frames=true
[Architectury Transformer DEBUG] Writing com/onewhohears/dscombat/common/network/VehicleSyncAction$ToItemAction with maxs=true frames=true
[Architectury Transformer DEBUG] Writing com/onewhohears/dscombat/common/network/VehicleSyncAction$LandingGearAction with maxs=true frames=true
[Architectury Transformer DEBUG] Writing com/onewhohears/dscombat/common/network/VehicleSyncAction with maxs=true frames=true
[Architectury Transformer DEBUG] Writing com/onewhohears/dscombat/common/network/VehicleSyncAction$SetPermModeAction with maxs=true frames=true
[Architectury Transformer DEBUG] Writing com/onewhohears/dscombat/common/network/VehicleSyncAction$OpenStorageAction with maxs=true frames=true
[Architectury Transformer DEBUG] Writing com/onewhohears/dscombat/common/network/VehicleSyncAction$PingSelectAction with maxs=true frames=true
[Architectury Transformer DEBUG] Writing com/onewhohears/dscombat/common/network/VehicleSyncAction$OpenPartsAction with maxs=true frames=true
[Architectury Transformer DEBUG] Writing com/onewhohears/dscombat/common/network/VehicleSyncAction$SwitchSeatAction with maxs=true frames=true
[Architectury Transformer DEBUG] Writing com/onewhohears/dscombat/common/network/VehicleSyncAction$SetCustomNameAction with maxs=true frames=true
[Architectury Transformer DEBUG] Writing com/onewhohears/dscombat/common/network/toclient/ToClientDebugHitboxPos with maxs=true frames=true
[Architectury Transformer DEBUG] Writing com/onewhohears/dscombat/common/network/toclient/ToClientOnShoot with maxs=true frames=true
[Architectury Transformer DEBUG] Writing com/onewhohears/dscombat/common/network/toclient/ToClientDelayedSound with maxs=true frames=true
[Architectury Transformer DEBUG] Writing com/onewhohears/dscombat/common/network/toclient/ToClientRemoveFireColumn with maxs=true frames=true
[Architectury Transformer DEBUG] Writing com/onewhohears/dscombat/common/network/toclient/ToClientRWRWarning with maxs=true frames=true
[Architectury Transformer DEBUG] Writing com/onewhohears/dscombat/common/network/toclient/ToClientBallisticExplosion with maxs=true frames=true
[Architectury Transformer DEBUG] Writing com/onewhohears/dscombat/common/network/toclient/ToClientRemovePart with maxs=true frames=true
[Architectury Transformer DEBUG] Writing com/onewhohears/dscombat/common/network/toclient/ToClientVehicleControl with maxs=true frames=true
[Architectury Transformer DEBUG] Writing com/onewhohears/dscombat/common/network/toclient/ToClientRadarPings with maxs=true frames=true
[Architectury Transformer DEBUG] Writing com/onewhohears/dscombat/common/network/toclient/ToClientVehicleExplode with maxs=true frames=true
[Architectury Transformer DEBUG] Writing com/onewhohears/dscombat/common/network/toclient/ToClientSetTargetPos with maxs=true frames=true
[Architectury Transformer DEBUG] Writing com/onewhohears/dscombat/common/network/toclient/ToClientVehicleDecal with maxs=true frames=true
[Architectury Transformer DEBUG] Writing com/onewhohears/dscombat/common/network/toclient/ToClientVehicleChainUpdate with maxs=true frames=true
[Architectury Transformer DEBUG] Writing com/onewhohears/dscombat/common/network/toclient/ToClientAddForceMoment with maxs=true frames=true
[Architectury Transformer DEBUG] Writing com/onewhohears/dscombat/common/network/toclient/ToClientSyncPart with maxs=true frames=true
[Architectury Transformer DEBUG] Writing com/onewhohears/dscombat/common/network/toclient/ToClientDistantGunfire with maxs=true frames=true
[Architectury Transformer DEBUG] Writing com/onewhohears/dscombat/common/network/toclient/ToClientMineExplode with maxs=true frames=true
[Architectury Transformer DEBUG] Writing com/onewhohears/dscombat/common/network/toclient/ToClientAddPart with maxs=true frames=true
[Architectury Transformer DEBUG] Writing com/onewhohears/dscombat/common/network/toclient/ToClientEcmJam with maxs=true frames=true
[Architectury Transformer DEBUG] Writing com/onewhohears/dscombat/common/network/toclient/ToClientVehicleTexture with maxs=true frames=true
[Architectury Transformer DEBUG] Writing com/onewhohears/dscombat/common/network/toclient/ToClientWeaponAmmo with maxs=true frames=true
[Architectury Transformer DEBUG] Writing com/onewhohears/dscombat/common/network/toclient/ToClientWeaponImpact with maxs=true frames=true
[Architectury Transformer DEBUG] Writing com/onewhohears/dscombat/common/network/toserver/ToServerVehicleSyncAction with maxs=true frames=true
[Architectury Transformer DEBUG] Writing com/onewhohears/dscombat/common/network/toserver/ToServerCraftWeapon with maxs=true frames=true
[Architectury Transformer DEBUG] Writing com/onewhohears/dscombat/common/network/toserver/ToServerFixHitboxes with maxs=true frames=true
[Architectury Transformer DEBUG] Writing com/onewhohears/dscombat/common/network/toserver/ToServerSeatPos with maxs=true frames=true
[Architectury Transformer DEBUG] Writing com/onewhohears/dscombat/common/network/toserver/ToServerMissileStationSetTarget with maxs=true frames=true
[Architectury Transformer DEBUG] Writing com/onewhohears/dscombat/common/network/toserver/ToServerVehicleTexture with maxs=true frames=true
[Architectury Transformer DEBUG] Writing com/onewhohears/dscombat/common/network/toserver/ToServerVehicleMoveRot with maxs=true frames=true
[Architectury Transformer DEBUG] Writing com/onewhohears/dscombat/common/network/toserver/ToServerGetHookChains with maxs=true frames=true
[Architectury Transformer DEBUG] Writing com/onewhohears/dscombat/common/network/toserver/ToServerVehicleDecal with maxs=true frames=true
[Architectury Transformer DEBUG] Writing com/onewhohears/dscombat/common/network/toserver/ToServerMissileStationLaunch with maxs=true frames=true
[Architectury Transformer DEBUG] Writing com/onewhohears/dscombat/common/network/toserver/ToServerVehicleCollide with maxs=true frames=true
[Architectury Transformer DEBUG] Writing com/onewhohears/dscombat/common/network/toserver/ToServerMissileStationToggleArmed with maxs=true frames=true
[Architectury Transformer DEBUG] Writing com/onewhohears/dscombat/common/network/toserver/ToServerSyncRotBoxPassengerPos with maxs=true frames=true
[Architectury Transformer DEBUG] Writing com/onewhohears/dscombat/common/network/toserver/ToServerVehicleControl with maxs=true frames=true
[Architectury Transformer DEBUG] Writing com/onewhohears/dscombat/common/network/toserver/ToServerCraftWeaponPart with maxs=true frames=true
[Architectury Transformer DEBUG] Writing com/onewhohears/dscombat/common/network/toserver/ToServerCraftPlane with maxs=true frames=true
[Architectury Transformer DEBUG] Writing com/onewhohears/dscombat/crafting/VehicleRecipe$Serializer with maxs=true frames=true
[Architectury Transformer DEBUG] Writing com/onewhohears/dscombat/crafting/WeaponPartRecipe$Serializer with maxs=true frames=true
[Architectury Transformer DEBUG] Writing com/onewhohears/dscombat/crafting/PartItemLoadRecipe with maxs=true frames=true
[Architectury Transformer DEBUG] Writing com/onewhohears/dscombat/crafting/FuelTankLoadRecipe with maxs=true frames=true
[Architectury Transformer DEBUG] Writing com/onewhohears/dscombat/crafting/WeaponPartUnloadRecipe with maxs=true frames=true
[Architectury Transformer DEBUG] Writing com/onewhohears/dscombat/crafting/PartItemUnloadRecipe with maxs=true frames=true
[Architectury Transformer DEBUG] Writing com/onewhohears/dscombat/crafting/BucketConvertRecipe with maxs=true frames=true
[Architectury Transformer DEBUG] Writing com/onewhohears/dscombat/crafting/PartItemLoadRecipe$AmmoLoadType with maxs=true frames=true
[Architectury Transformer DEBUG] Writing com/onewhohears/dscombat/crafting/VehiclePartRepairRecipe with maxs=true frames=true
[Architectury Transformer DEBUG] Writing com/onewhohears/dscombat/crafting/BucketConvertRecipe$Serializer with maxs=true frames=true
[Architectury Transformer DEBUG] Writing com/onewhohears/dscombat/crafting/WeaponPartRecipe$Type with maxs=true frames=true
[Architectury Transformer DEBUG] Writing com/onewhohears/dscombat/crafting/WeaponPartRecipe with maxs=true frames=true
[Architectury Transformer DEBUG] Writing com/onewhohears/dscombat/crafting/TurretLoadRecipe with maxs=true frames=true
[Architectury Transformer DEBUG] Writing com/onewhohears/dscombat/crafting/TurretUnloadRecipe with maxs=true frames=true
[Architectury Transformer DEBUG] Writing com/onewhohears/dscombat/crafting/VehicleRecipe with maxs=true frames=true
[Architectury Transformer DEBUG] Writing com/onewhohears/dscombat/crafting/WeaponRecipe$Serializer with maxs=true frames=true
[Architectury Transformer DEBUG] Writing com/onewhohears/dscombat/crafting/WeaponPartLoadRecipe with maxs=true frames=true
[Architectury Transformer DEBUG] Writing com/onewhohears/dscombat/crafting/WeaponRecipe$Type with maxs=true frames=true
[Architectury Transformer DEBUG] Writing com/onewhohears/dscombat/crafting/FlareDispenserLoadRecipe with maxs=true frames=true
[Architectury Transformer DEBUG] Writing com/onewhohears/dscombat/crafting/VehicleRecipe$Type with maxs=true frames=true
[Architectury Transformer DEBUG] Writing com/onewhohears/dscombat/crafting/WeaponRecipe with maxs=true frames=true
[Architectury Transformer DEBUG] Writing com/onewhohears/dscombat/data/graph/MultiGraph with maxs=true frames=true
[Architectury Transformer DEBUG] Writing com/onewhohears/dscombat/data/graph/GraphType with maxs=true frames=true
[Architectury Transformer DEBUG] Writing com/onewhohears/dscombat/data/graph/Graph with maxs=true frames=true
[Architectury Transformer DEBUG] Writing com/onewhohears/dscombat/data/graph/GraphType$FloatFloat with maxs=true frames=true
[Architectury Transformer DEBUG] Writing com/onewhohears/dscombat/data/graph/GraphType$FloatFloatMulti with maxs=true frames=true
[Architectury Transformer DEBUG] Writing com/onewhohears/dscombat/data/graph/SeaLevelsGraph with maxs=true frames=true
[Architectury Transformer DEBUG] Writing com/onewhohears/dscombat/data/graph/GraphType$AoaLiftK with maxs=true frames=true
[Architectury Transformer DEBUG] Writing com/onewhohears/dscombat/data/graph/StatGraphs with maxs=true frames=true
[Architectury Transformer DEBUG] Writing com/onewhohears/dscombat/data/graph/FFMultiGraph with maxs=true frames=true
[Architectury Transformer DEBUG] Writing com/onewhohears/dscombat/data/graph/AoaLiftKGraph with maxs=true frames=true
[Architectury Transformer DEBUG] Writing com/onewhohears/dscombat/data/graph/FloatFloatGraph with maxs=true frames=true
[Architectury Transformer DEBUG] Writing com/onewhohears/dscombat/data/graph/GraphType$SeaLevels with maxs=true frames=true
[Architectury Transformer DEBUG] Writing com/onewhohears/dscombat/data/graph/TurnRatesBySpeedGraph with maxs=true frames=true
[Architectury Transformer DEBUG] Writing com/onewhohears/dscombat/data/graph/GraphType$TurnRatesBySpeed with maxs=true frames=true
[Architectury Transformer DEBUG] Writing com/onewhohears/dscombat/data/mine/MineStats with maxs=true frames=true
[Architectury Transformer DEBUG] Writing com/onewhohears/dscombat/data/mine/MineStats$MineType with maxs=true frames=true
[Architectury Transformer DEBUG] Writing com/onewhohears/dscombat/data/mine/MinePresets with maxs=true frames=true
[Architectury Transformer DEBUG] Writing com/onewhohears/dscombat/data/mine/MineBuilder with maxs=true frames=true
[Architectury Transformer DEBUG] Writing com/onewhohears/dscombat/data/mine/MinePresetGenerator with maxs=true frames=true
[Architectury Transformer DEBUG] Writing com/onewhohears/dscombat/data/parts/PartPresets with maxs=true frames=true
[Architectury Transformer DEBUG] Writing com/onewhohears/dscombat/data/parts/PartType$Gimbal with maxs=true frames=true
[Architectury Transformer DEBUG] Writing com/onewhohears/dscombat/data/parts/PartType$SmokeGrenadeDispenser with maxs=true frames=true
[Architectury Transformer DEBUG] Writing com/onewhohears/dscombat/data/parts/PartType$ExternalFuelTank with maxs=true frames=true
[Architectury Transformer DEBUG] Writing com/onewhohears/dscombat/data/parts/PartType$ExternalWeapon with maxs=true frames=true
[Architectury Transformer DEBUG] Writing com/onewhohears/dscombat/data/parts/SlotType with maxs=true frames=true
[Architectury Transformer DEBUG] Writing com/onewhohears/dscombat/data/parts/PartType with maxs=true frames=true
[Architectury Transformer DEBUG] Writing com/onewhohears/dscombat/data/parts/PartType$Storage with maxs=true frames=true
[Architectury Transformer DEBUG] Writing com/onewhohears/dscombat/data/parts/PartsManager with maxs=true frames=true
[Architectury Transformer DEBUG] Writing com/onewhohears/dscombat/data/parts/PartType$ExternalEngine with maxs=true frames=true
[Architectury Transformer DEBUG] Writing com/onewhohears/dscombat/data/parts/PartType$Weapon with maxs=true frames=true
[Architectury Transformer DEBUG] Writing com/onewhohears/dscombat/data/parts/PartType$Jammer with maxs=true frames=true
[Architectury Transformer DEBUG] Writing com/onewhohears/dscombat/data/parts/PartType$Seat with maxs=true frames=true
[Architectury Transformer DEBUG] Writing com/onewhohears/dscombat/data/parts/PartType$MineDispenser with maxs=true frames=true
[Architectury Transformer DEBUG] Writing com/onewhohears/dscombat/data/parts/PartBuilder with maxs=true frames=true
[Architectury Transformer DEBUG] Writing com/onewhohears/dscombat/data/parts/PartType$ChainHook with maxs=true frames=true
[Architectury Transformer DEBUG] Writing com/onewhohears/dscombat/data/parts/PartType$ChaffDispenser with maxs=true frames=true
[Architectury Transformer DEBUG] Writing com/onewhohears/dscombat/data/parts/PartType$Radar with maxs=true frames=true
[Architectury Transformer DEBUG] Writing com/onewhohears/dscombat/data/parts/PartType$FuelTank with maxs=true frames=true
[Architectury Transformer DEBUG] Writing com/onewhohears/dscombat/data/parts/PartSlot with maxs=true frames=true
[Architectury Transformer DEBUG] Writing com/onewhohears/dscombat/data/parts/PartPresetGenerator with maxs=true frames=true
[Architectury Transformer DEBUG] Writing com/onewhohears/dscombat/data/parts/PartType$Engine with maxs=true frames=true
[Architectury Transformer DEBUG] Writing com/onewhohears/dscombat/data/parts/PartType$Buff with maxs=true frames=true
[Architectury Transformer DEBUG] Writing com/onewhohears/dscombat/data/parts/PartType$FlareDispenser with maxs=true frames=true
[Architectury Transformer DEBUG] Writing com/onewhohears/dscombat/data/parts/PartType$Turret with maxs=true frames=true
[Architectury Transformer DEBUG] Writing com/onewhohears/dscombat/data/parts/PartType$ExternalRadar with maxs=true frames=true
[Architectury Transformer DEBUG] Writing com/onewhohears/dscombat/data/parts/PartType$ExternalStorage with maxs=true frames=true
[Architectury Transformer DEBUG] Writing com/onewhohears/dscombat/data/parts/PartsManager$1 with maxs=true frames=true
[Architectury Transformer DEBUG] Writing com/onewhohears/dscombat/data/parts/client/PartClientType$WeaponRack with maxs=true frames=true
[Architectury Transformer DEBUG] Writing com/onewhohears/dscombat/data/parts/client/RadarClientStats with maxs=true frames=true
[Architectury Transformer DEBUG] Writing com/onewhohears/dscombat/data/parts/client/PartClientType$Turret with maxs=true frames=true
[Architectury Transformer DEBUG] Writing com/onewhohears/dscombat/data/parts/client/PartClientType$Radar with maxs=true frames=true
[Architectury Transformer DEBUG] Writing com/onewhohears/dscombat/data/parts/client/TurretClientStats with maxs=true frames=true
[Architectury Transformer DEBUG] Writing com/onewhohears/dscombat/data/parts/client/PartClientStats with maxs=true frames=true
[Architectury Transformer DEBUG] Writing com/onewhohears/dscombat/data/parts/client/PartClientStats$Builder with maxs=true frames=true
[Architectury Transformer DEBUG] Writing com/onewhohears/dscombat/data/parts/client/PartAssets with maxs=true frames=true
[Architectury Transformer DEBUG] Writing com/onewhohears/dscombat/data/parts/client/PartClientType with maxs=true frames=true
[Architectury Transformer DEBUG] Writing com/onewhohears/dscombat/data/parts/client/WeaponRackClientStats with maxs=true frames=true
[Architectury Transformer DEBUG] Writing com/onewhohears/dscombat/data/parts/client/PartClientPresetGenerator with maxs=true frames=true
[Architectury Transformer DEBUG] Writing com/onewhohears/dscombat/data/parts/client/PartClientType$Standard with maxs=true frames=true
[Architectury Transformer DEBUG] Writing com/onewhohears/dscombat/data/parts/instance/SeatInstance with maxs=true frames=true
[Architectury Transformer DEBUG] Writing com/onewhohears/dscombat/data/parts/instance/EngineInstance with maxs=true frames=true
[Architectury Transformer DEBUG] Writing com/onewhohears/dscombat/data/parts/instance/ChaffDispenserInstance with maxs=true frames=true
[Architectury Transformer DEBUG] Writing com/onewhohears/dscombat/data/parts/instance/BuffInstance with maxs=true frames=true
[Architectury Transformer DEBUG] Writing com/onewhohears/dscombat/data/parts/instance/ReloadablePartInstance with maxs=true frames=true
[Architectury Transformer DEBUG] Writing com/onewhohears/dscombat/data/parts/instance/WeaponPartInstance with maxs=true frames=true
[Architectury Transformer DEBUG] Writing com/onewhohears/dscombat/data/parts/instance/StorageInstance with maxs=true frames=true
[Architectury Transformer DEBUG] Writing com/onewhohears/dscombat/data/parts/instance/EngineExternalInstance with maxs=true frames=true
[Architectury Transformer DEBUG] Writing com/onewhohears/dscombat/data/parts/instance/FuelTankExternalInstance with maxs=true frames=true
[Architectury Transformer DEBUG] Writing com/onewhohears/dscombat/data/parts/instance/GimbalInstance with maxs=true frames=true
[Architectury Transformer DEBUG] Writing com/onewhohears/dscombat/data/parts/instance/StorageExternalInstance with maxs=true frames=true
[Architectury Transformer DEBUG] Writing com/onewhohears/dscombat/data/parts/instance/TurretInstance with maxs=true frames=true
[Architectury Transformer DEBUG] Writing com/onewhohears/dscombat/data/parts/instance/FuelTankInstance with maxs=true frames=true
[Architectury Transformer DEBUG] Writing com/onewhohears/dscombat/data/parts/instance/RadarExternalInstance with maxs=true frames=true
[Architectury Transformer DEBUG] Writing com/onewhohears/dscombat/data/parts/instance/WeaponExternalInstance with maxs=true frames=true
[Architectury Transformer DEBUG] Writing com/onewhohears/dscombat/data/parts/instance/PartInstance with maxs=true frames=true
[Architectury Transformer DEBUG] Writing com/onewhohears/dscombat/data/parts/instance/ChainHookInstance with maxs=true frames=true
[Architectury Transformer DEBUG] Writing com/onewhohears/dscombat/data/parts/instance/BuffInstance$1 with maxs=true frames=true
[Architectury Transformer DEBUG] Writing com/onewhohears/dscombat/data/parts/instance/FlareDispenserInstance with maxs=true frames=true
[Architectury Transformer DEBUG] Writing com/onewhohears/dscombat/data/parts/instance/MineDispenserInstance with maxs=true frames=true
[Architectury Transformer DEBUG] Writing com/onewhohears/dscombat/data/parts/instance/JammerInstance with maxs=true frames=true
[Architectury Transformer DEBUG] Writing com/onewhohears/dscombat/data/parts/instance/RadarPartInstance with maxs=true frames=true
[Architectury Transformer DEBUG] Writing com/onewhohears/dscombat/data/parts/instance/SmokeGrenadeDispenserInstance with maxs=true frames=true
[Architectury Transformer DEBUG] Writing com/onewhohears/dscombat/data/parts/stats/BuffStats$BuffType with maxs=true frames=true
[Architectury Transformer DEBUG] Writing com/onewhohears/dscombat/data/parts/stats/FlareDispenserStats with maxs=true frames=true
[Architectury Transformer DEBUG] Writing com/onewhohears/dscombat/data/parts/stats/TurretStats with maxs=true frames=true
[Architectury Transformer DEBUG] Writing com/onewhohears/dscombat/data/parts/stats/StorageExternalStats with maxs=true frames=true
[Architectury Transformer DEBUG] Writing com/onewhohears/dscombat/data/parts/stats/TurretStats$SmokeGrenadeLauncherDef with maxs=true frames=true
[Architectury Transformer DEBUG] Writing com/onewhohears/dscombat/data/parts/stats/BuffStats with maxs=true frames=true
[Architectury Transformer DEBUG] Writing com/onewhohears/dscombat/data/parts/stats/SmokeGrenadeDispenserStats$LauncherDef with maxs=true frames=true
[Architectury Transformer DEBUG] Writing com/onewhohears/dscombat/data/parts/stats/WeaponPartStats with maxs=true frames=true
[Architectury Transformer DEBUG] Writing com/onewhohears/dscombat/data/parts/stats/ChainHookStats with maxs=true frames=true
[Architectury Transformer DEBUG] Writing com/onewhohears/dscombat/data/parts/stats/EngineStats$EngineType with maxs=true frames=true
[Architectury Transformer DEBUG] Writing com/onewhohears/dscombat/data/parts/stats/EngineExternalStats with maxs=true frames=true
[Architectury Transformer DEBUG] Writing com/onewhohears/dscombat/data/parts/stats/WeaponExternalStats with maxs=true frames=true
[Architectury Transformer DEBUG] Writing com/onewhohears/dscombat/data/parts/stats/MineDispenserStats with maxs=true frames=true
[Architectury Transformer DEBUG] Writing com/onewhohears/dscombat/data/parts/stats/PartStats with maxs=true frames=true
[Architectury Transformer DEBUG] Writing com/onewhohears/dscombat/data/parts/stats/SmokeGrenadeDispenserStats with maxs=true frames=true
[Architectury Transformer DEBUG] Writing com/onewhohears/dscombat/data/parts/stats/JammerStats with maxs=true frames=true
[Architectury Transformer DEBUG] Writing com/onewhohears/dscombat/data/parts/stats/FuelTankExternalStats with maxs=true frames=true
[Architectury Transformer DEBUG] Writing com/onewhohears/dscombat/data/parts/stats/RadarExternalStats with maxs=true frames=true
[Architectury Transformer DEBUG] Writing com/onewhohears/dscombat/data/parts/stats/GimbalStats with maxs=true frames=true
[Architectury Transformer DEBUG] Writing com/onewhohears/dscombat/data/parts/stats/ChaffDispenserStats with maxs=true frames=true
[Architectury Transformer DEBUG] Writing com/onewhohears/dscombat/data/parts/stats/SeatStats with maxs=true frames=true
[Architectury Transformer DEBUG] Writing com/onewhohears/dscombat/data/parts/stats/RadarPartStats with maxs=true frames=true
[Architectury Transformer DEBUG] Writing com/onewhohears/dscombat/data/parts/stats/EngineStats with maxs=true frames=true
[Architectury Transformer DEBUG] Writing com/onewhohears/dscombat/data/parts/stats/TurretStats$RotBounds with maxs=true frames=true
[Architectury Transformer DEBUG] Writing com/onewhohears/dscombat/data/parts/stats/FuelTankStats with maxs=true frames=true
[Architectury Transformer DEBUG] Writing com/onewhohears/dscombat/data/parts/stats/StorageStats with maxs=true frames=true
[Architectury Transformer DEBUG] Writing com/onewhohears/dscombat/data/radar/RadarStats with maxs=true frames=true
[Architectury Transformer DEBUG] Writing com/onewhohears/dscombat/data/radar/RadarSystem$RWRWarning with maxs=true frames=true
[Architectury Transformer DEBUG] Writing com/onewhohears/dscombat/data/radar/RadarInstance$TimedPing with maxs=true frames=true
[Architectury Transformer DEBUG] Writing com/onewhohears/dscombat/data/radar/RadarInstance with maxs=true frames=true
[Architectury Transformer DEBUG] Writing com/onewhohears/dscombat/data/radar/RadarStats$PingTerrainType with maxs=true frames=true
[Architectury Transformer DEBUG] Writing com/onewhohears/dscombat/data/radar/RadarStats$Builder with maxs=true frames=true
[Architectury Transformer DEBUG] Writing com/onewhohears/dscombat/data/radar/RadarPresetGenerator with maxs=true frames=true
[Architectury Transformer DEBUG] Writing com/onewhohears/dscombat/data/radar/RadarStats$RadarPing with maxs=true frames=true
[Architectury Transformer DEBUG] Writing com/onewhohears/dscombat/data/radar/TrackableEntitiesManager with maxs=true frames=true
[Architectury Transformer DEBUG] Writing com/onewhohears/dscombat/data/radar/RadarStats$PingEntityType with maxs=true frames=true
[Architectury Transformer DEBUG] Writing com/onewhohears/dscombat/data/radar/RadarSystem with maxs=true frames=true
[Architectury Transformer DEBUG] Writing com/onewhohears/dscombat/data/radar/RadarStats$RadarMode with maxs=true frames=true
[Architectury Transformer DEBUG] Writing com/onewhohears/dscombat/data/radar/RadarType$Standard with maxs=true frames=true
[Architectury Transformer DEBUG] Writing com/onewhohears/dscombat/data/radar/RadarType with maxs=true frames=true
[Architectury Transformer DEBUG] Writing com/onewhohears/dscombat/data/radar/RadarPresets with maxs=true frames=true
[Architectury Transformer DEBUG] Writing com/onewhohears/dscombat/data/sound/PassengerSoundPack$PassengerSound with maxs=true frames=true
[Architectury Transformer DEBUG] Writing com/onewhohears/dscombat/data/sound/VehiclePassengerSoundPacks with maxs=true frames=true
[Architectury Transformer DEBUG] Writing com/onewhohears/dscombat/data/sound/DSCSoundDefinitionGen with maxs=true frames=true
[Architectury Transformer DEBUG] Writing com/onewhohears/dscombat/data/sound/PassengerSoundPack with maxs=true frames=true
[Architectury Transformer DEBUG] Writing com/onewhohears/dscombat/data/sound/PassengerSoundPack$1 with maxs=true frames=true
[Architectury Transformer DEBUG] Writing com/onewhohears/dscombat/data/vehicle/CrawlerTrackPath with maxs=true frames=true
[Architectury Transformer DEBUG] Writing com/onewhohears/dscombat/data/vehicle/TrackTextureData with maxs=true frames=true
[Architectury Transformer DEBUG] Writing com/onewhohears/dscombat/data/vehicle/VehicleType$Boat with maxs=true frames=true
[Architectury Transformer DEBUG] Writing com/onewhohears/dscombat/data/vehicle/VehicleLoopingSounds$FighterJetLooper with maxs=true frames=true
[Architectury Transformer DEBUG] Writing com/onewhohears/dscombat/data/vehicle/EntityScreenData with maxs=true frames=true
[Architectury Transformer DEBUG] Writing com/onewhohears/dscombat/data/vehicle/VehicleTextureManager with maxs=true frames=true
[Architectury Transformer DEBUG] Writing com/onewhohears/dscombat/data/vehicle/VehicleTextureManager$TextureLayer with maxs=true frames=true
[Architectury Transformer DEBUG] Writing com/onewhohears/dscombat/data/vehicle/VehicleType$Helicopter with maxs=true frames=true
[Architectury Transformer DEBUG] Writing com/onewhohears/dscombat/data/vehicle/VehiclePresets with maxs=true frames=true
[Architectury Transformer DEBUG] Writing com/onewhohears/dscombat/data/vehicle/CrawlerTrackData$CrawlerTrackPoint with maxs=true frames=true
[Architectury Transformer DEBUG] Writing com/onewhohears/dscombat/data/vehicle/VehicleDecalManager with maxs=true frames=true
[Architectury Transformer DEBUG] Writing com/onewhohears/dscombat/data/vehicle/VehicleLoopingSounds$BasicLooper with maxs=true frames=true
[Architectury Transformer DEBUG] Writing com/onewhohears/dscombat/data/vehicle/VehicleInputManager with maxs=true frames=true
[Architectury Transformer DEBUG] Writing com/onewhohears/dscombat/data/vehicle/VehicleType$Stationary with maxs=true frames=true
[Architectury Transformer DEBUG] Writing com/onewhohears/dscombat/data/vehicle/VehicleDecalManager$DecalData with maxs=true frames=true
[Architectury Transformer DEBUG] Writing com/onewhohears/dscombat/data/vehicle/CrawlerTrackData with maxs=true frames=true
[Architectury Transformer DEBUG] Writing com/onewhohears/dscombat/data/vehicle/VehiclePresetGenerator with maxs=true frames=true
[Architectury Transformer DEBUG] Writing com/onewhohears/dscombat/data/vehicle/OutdatedVehicleEntityTypes with maxs=true frames=true
[Architectury Transformer DEBUG] Writing com/onewhohears/dscombat/data/vehicle/VehicleLoopingSounds$VehicleLoopingSoundsFactory with maxs=true frames=true
[Architectury Transformer DEBUG] Writing com/onewhohears/dscombat/data/vehicle/RotableHitboxData with maxs=true frames=true
[Architectury Transformer DEBUG] Writing com/onewhohears/dscombat/data/vehicle/VehicleType$Plane with maxs=true frames=true
[Architectury Transformer DEBUG] Writing com/onewhohears/dscombat/data/vehicle/VehicleLoopingSounds with maxs=true frames=true
[Architectury Transformer DEBUG] Writing com/onewhohears/dscombat/data/vehicle/VehicleTextureManager$BlendMode with maxs=true frames=true
[Architectury Transformer DEBUG] Writing com/onewhohears/dscombat/data/vehicle/VehicleSoundManager with maxs=true frames=true
[Architectury Transformer DEBUG] Writing com/onewhohears/dscombat/data/vehicle/VehicleType$Submarine with maxs=true frames=true
[Architectury Transformer DEBUG] Writing com/onewhohears/dscombat/data/vehicle/VehicleType with maxs=true frames=true
[Architectury Transformer DEBUG] Writing com/onewhohears/dscombat/data/vehicle/VehicleType$Car with maxs=true frames=true
[Architectury Transformer DEBUG] Writing com/onewhohears/dscombat/data/vehicle/client/VehicleClientType$Standard with maxs=true frames=true
[Architectury Transformer DEBUG] Writing com/onewhohears/dscombat/data/vehicle/client/VehicleClientStats$UIPos with maxs=true frames=true
[Architectury Transformer DEBUG] Writing com/onewhohears/dscombat/data/vehicle/client/VehicleClientStats with maxs=true frames=true
[Architectury Transformer DEBUG] Writing com/onewhohears/dscombat/data/vehicle/client/VehicleClientStats$Builder with maxs=true frames=true
[Architectury Transformer DEBUG] Writing com/onewhohears/dscombat/data/vehicle/client/VehicleClientPresetGenerator with maxs=true frames=true
[Architectury Transformer DEBUG] Writing com/onewhohears/dscombat/data/vehicle/client/VehicleClientPresets with maxs=true frames=true
[Architectury Transformer DEBUG] Writing com/onewhohears/dscombat/data/vehicle/client/VehicleClientType with maxs=true frames=true
[Architectury Transformer DEBUG] Writing com/onewhohears/dscombat/data/vehicle/physics/PhysicsComponentData with maxs=true frames=true
[Architectury Transformer DEBUG] Writing com/onewhohears/dscombat/data/vehicle/physics/SeaLevels with maxs=true frames=true
[Architectury Transformer DEBUG] Writing com/onewhohears/dscombat/data/vehicle/physics/PhysicsComponentInstance with maxs=true frames=true
[Architectury Transformer DEBUG] Writing com/onewhohears/dscombat/data/vehicle/physics/DSCPhyCons with maxs=true frames=true
[Architectury Transformer DEBUG] Writing com/onewhohears/dscombat/data/vehicle/physics/LiftSurfaceInstance with maxs=true frames=true
[Architectury Transformer DEBUG] Writing com/onewhohears/dscombat/data/vehicle/physics/LiftSurfaceData$InputType with maxs=true frames=true
[Architectury Transformer DEBUG] Writing com/onewhohears/dscombat/data/vehicle/physics/LiftSurfaceData with maxs=true frames=true
[Architectury Transformer DEBUG] Writing com/onewhohears/dscombat/data/vehicle/presets/boat/BoatPresets with maxs=true frames=true
[Architectury Transformer DEBUG] Writing com/onewhohears/dscombat/data/vehicle/presets/ground_vehicle/TankPresets with maxs=true frames=true
[Architectury Transformer DEBUG] Writing com/onewhohears/dscombat/data/vehicle/presets/ground_vehicle/StationaryPresets with maxs=true frames=true
[Architectury Transformer DEBUG] Writing com/onewhohears/dscombat/data/vehicle/presets/ground_vehicle/CarPresets with maxs=true frames=true
[Architectury Transformer DEBUG] Writing com/onewhohears/dscombat/data/vehicle/presets/helicopter/KraitChopperPresets with maxs=true frames=true
[Architectury Transformer DEBUG] Writing com/onewhohears/dscombat/data/vehicle/presets/helicopter/NoahChopperPresets with maxs=true frames=true
[Architectury Transformer DEBUG] Writing com/onewhohears/dscombat/data/vehicle/presets/helicopter/WerewolfPresets with maxs=true frames=true
[Architectury Transformer DEBUG] Writing com/onewhohears/dscombat/data/vehicle/presets/plane/JasonPresets with maxs=true frames=true
[Architectury Transformer DEBUG] Writing com/onewhohears/dscombat/data/vehicle/presets/plane/JaviPresets with maxs=true frames=true
[Architectury Transformer DEBUG] Writing com/onewhohears/dscombat/data/vehicle/presets/plane/EdenPresets with maxs=true frames=true
[Architectury Transformer DEBUG] Writing com/onewhohears/dscombat/data/vehicle/presets/plane/JamesPresets with maxs=true frames=true
[Architectury Transformer DEBUG] Writing com/onewhohears/dscombat/data/vehicle/presets/plane/PlanePresets with maxs=true frames=true
[Architectury Transformer DEBUG] Writing com/onewhohears/dscombat/data/vehicle/presets/plane/FelixPresets with maxs=true frames=true
[Architectury Transformer DEBUG] Writing com/onewhohears/dscombat/data/vehicle/presets/plane/AlexisPresets with maxs=true frames=true
[Architectury Transformer DEBUG] Writing com/onewhohears/dscombat/data/vehicle/presets/plane/BroncoPresets with maxs=true frames=true
[Architectury Transformer DEBUG] Writing com/onewhohears/dscombat/data/vehicle/presets/submarine/SubPresets with maxs=true frames=true
[Architectury Transformer DEBUG] Writing com/onewhohears/dscombat/data/vehicle/stats/VehicleStats$Builder with maxs=true frames=true
[Architectury Transformer DEBUG] Writing com/onewhohears/dscombat/data/vehicle/stats/BoatStats with maxs=true frames=true
[Architectury Transformer DEBUG] Writing com/onewhohears/dscombat/data/vehicle/stats/VehicleStats$ExhaustSmokeData with maxs=true frames=true
[Architectury Transformer DEBUG] Writing com/onewhohears/dscombat/data/vehicle/stats/SubmarineStats with maxs=true frames=true
[Architectury Transformer DEBUG] Writing com/onewhohears/dscombat/data/vehicle/stats/CarStats with maxs=true frames=true
[Architectury Transformer DEBUG] Writing com/onewhohears/dscombat/data/vehicle/stats/PlaneStats with maxs=true frames=true
[Architectury Transformer DEBUG] Writing com/onewhohears/dscombat/data/vehicle/stats/HeliStats with maxs=true frames=true
[Architectury Transformer DEBUG] Writing com/onewhohears/dscombat/data/vehicle/stats/VehicleStats with maxs=true frames=true
[Architectury Transformer DEBUG] Writing com/onewhohears/dscombat/data/vehicle/stats/StationaryStats with maxs=true frames=true
[Architectury Transformer DEBUG] Writing com/onewhohears/dscombat/data/villager/DSCVillagerTrades$ItemForEmerald with maxs=true frames=true
[Architectury Transformer DEBUG] Writing com/onewhohears/dscombat/data/villager/DSCVillagerTrades$EmeraldForAmmo with maxs=true frames=true
[Architectury Transformer DEBUG] Writing com/onewhohears/dscombat/data/villager/DSCVillagerTrades$EmeraldRangeForItem with maxs=true frames=true
[Architectury Transformer DEBUG] Writing com/onewhohears/dscombat/data/villager/DSCVillagerTrades$EmeraldForItem with maxs=true frames=true
[Architectury Transformer DEBUG] Writing com/onewhohears/dscombat/data/villager/DSCVillagerTrades with maxs=true frames=true
[Architectury Transformer DEBUG] Writing com/onewhohears/dscombat/data/villager/DSCVillagerTrades$EmeraldForAircraft with maxs=true frames=true
[Architectury Transformer DEBUG] Writing com/onewhohears/dscombat/data/weapon/WeaponType$SmokeGrenade with maxs=true frames=true
[Architectury Transformer DEBUG] Writing com/onewhohears/dscombat/data/weapon/WeaponPresets with maxs=true frames=true
[Architectury Transformer DEBUG] Writing com/onewhohears/dscombat/data/weapon/WeaponType$PosMissile with maxs=true frames=true
[Architectury Transformer DEBUG] Writing com/onewhohears/dscombat/data/weapon/WeaponType$Bullet with maxs=true frames=true
[Architectury Transformer DEBUG] Writing com/onewhohears/dscombat/data/weapon/RadarTargetTypes with maxs=true frames=true
[Architectury Transformer DEBUG] Writing com/onewhohears/dscombat/data/weapon/WeaponPresetGenerator with maxs=true frames=true
[Architectury Transformer DEBUG] Writing com/onewhohears/dscombat/data/weapon/MissileChunkLoadingManager$State with maxs=true frames=true
[Architectury Transformer DEBUG] Writing com/onewhohears/dscombat/data/weapon/WeaponType with maxs=true frames=true
[Architectury Transformer DEBUG] Writing com/onewhohears/dscombat/data/weapon/WeaponType$BunkerBuster with maxs=true frames=true
[Architectury Transformer DEBUG] Writing com/onewhohears/dscombat/data/weapon/WeaponType$None with maxs=true frames=true
[Architectury Transformer DEBUG] Writing com/onewhohears/dscombat/data/weapon/AbstractWeaponBuilders$BombBuilder with maxs=true frames=true
[Architectury Transformer DEBUG] Writing com/onewhohears/dscombat/data/weapon/WeaponType$Grenade with maxs=true frames=true
[Architectury Transformer DEBUG] Writing com/onewhohears/dscombat/data/weapon/AbstractWeaponBuilders with maxs=true frames=true
[Architectury Transformer DEBUG] Writing com/onewhohears/dscombat/data/weapon/MissileChunkLoadingManager$MissileState with maxs=true frames=true
[Architectury Transformer DEBUG] Writing com/onewhohears/dscombat/data/weapon/AbstractWeaponBuilders$BunkerBusterBuilder with maxs=true frames=true
[Architectury Transformer DEBUG] Writing com/onewhohears/dscombat/data/weapon/WeaponType$TrackMissile with maxs=true frames=true
[Architectury Transformer DEBUG] Writing com/onewhohears/dscombat/data/weapon/MuzzleSmokeData with maxs=true frames=true
[Architectury Transformer DEBUG] Writing com/onewhohears/dscombat/data/weapon/WeaponType$DumbTorpedo with maxs=true frames=true
[Architectury Transformer DEBUG] Writing com/onewhohears/dscombat/data/weapon/WeaponType$AntiRadarMissile with maxs=true frames=true
[Architectury Transformer DEBUG] Writing com/onewhohears/dscombat/data/weapon/MissileChunkLoadingManager with maxs=true frames=true
[Architectury Transformer DEBUG] Writing com/onewhohears/dscombat/data/weapon/WeaponSystem with maxs=true frames=true
[Architectury Transformer DEBUG] Writing com/onewhohears/dscombat/data/weapon/WeaponType$Torpedo with maxs=true frames=true
[Architectury Transformer DEBUG] Writing com/onewhohears/dscombat/data/weapon/WeaponType$IrMissile with maxs=true frames=true
[Architectury Transformer DEBUG] Writing com/onewhohears/dscombat/data/weapon/AbstractWeaponBuilders$WeaponBuilder with maxs=true frames=true
[Architectury Transformer DEBUG] Writing com/onewhohears/dscombat/data/weapon/WeaponShootParameters with maxs=true frames=true
[Architectury Transformer DEBUG] Writing com/onewhohears/dscombat/data/weapon/WeaponType$Bomb with maxs=true frames=true
[Architectury Transformer DEBUG] Writing com/onewhohears/dscombat/data/weapon/WeaponType$BallisticMissile with maxs=true frames=true
[Architectury Transformer DEBUG] Writing com/onewhohears/dscombat/data/weapon/AbstractWeaponBuilders$BulletBuilder with maxs=true frames=true
[Architectury Transformer DEBUG] Writing com/onewhohears/dscombat/data/weapon/AbstractWeaponBuilders$MissileBuilder with maxs=true frames=true
[Architectury Transformer DEBUG] Writing com/onewhohears/dscombat/data/weapon/ExtraWeaponData with maxs=true frames=true
[Architectury Transformer DEBUG] Writing com/onewhohears/dscombat/data/weapon/client/WeaponClientStats$Builder with maxs=true frames=true
[Architectury Transformer DEBUG] Writing com/onewhohears/dscombat/data/weapon/client/WeaponClientStats$1 with maxs=true frames=true
[Architectury Transformer DEBUG] Writing com/onewhohears/dscombat/data/weapon/client/WeaponClientPresetGenerator with maxs=true frames=true
[Architectury Transformer DEBUG] Writing com/onewhohears/dscombat/data/weapon/client/WeaponAssets with maxs=true frames=true
[Architectury Transformer DEBUG] Writing com/onewhohears/dscombat/data/weapon/client/WeaponClientStats with maxs=true frames=true
[Architectury Transformer DEBUG] Writing com/onewhohears/dscombat/data/weapon/instance/SmokeGrenadeInstance with maxs=true frames=true
[Architectury Transformer DEBUG] Writing com/onewhohears/dscombat/data/weapon/instance/WeaponInstance with maxs=true frames=true
[Architectury Transformer DEBUG] Writing com/onewhohears/dscombat/data/weapon/instance/AntiRadarMissileInstance with maxs=true frames=true
[Architectury Transformer DEBUG] Writing com/onewhohears/dscombat/data/weapon/instance/BallisticMissileInstance with maxs=true frames=true
[Architectury Transformer DEBUG] Writing com/onewhohears/dscombat/data/weapon/instance/BulletInstance with maxs=true frames=true
[Architectury Transformer DEBUG] Writing com/onewhohears/dscombat/data/weapon/instance/BombInstance with maxs=true frames=true
[Architectury Transformer DEBUG] Writing com/onewhohears/dscombat/data/weapon/instance/IRMissileInstance with maxs=true frames=true
[Architectury Transformer DEBUG] Writing com/onewhohears/dscombat/data/weapon/instance/PosMissileInstance with maxs=true frames=true
[Architectury Transformer DEBUG] Writing com/onewhohears/dscombat/data/weapon/instance/MissileInstance with maxs=true frames=true
[Architectury Transformer DEBUG] Writing com/onewhohears/dscombat/data/weapon/instance/GrenadeInstance with maxs=true frames=true
[Architectury Transformer DEBUG] Writing com/onewhohears/dscombat/data/weapon/instance/TrackMissileInstance with maxs=true frames=true
[Architectury Transformer DEBUG] Writing com/onewhohears/dscombat/data/weapon/instance/TorpedoInstance with maxs=true frames=true
[Architectury Transformer DEBUG] Writing com/onewhohears/dscombat/data/weapon/instance/DumbTorpedoInstance with maxs=true frames=true
[Architectury Transformer DEBUG] Writing com/onewhohears/dscombat/data/weapon/instance/NoWeaponInstance with maxs=true frames=true
[Architectury Transformer DEBUG] Writing com/onewhohears/dscombat/data/weapon/instance/BunkerBusterInstance with maxs=true frames=true
[Architectury Transformer DEBUG] Writing com/onewhohears/dscombat/data/weapon/stats/MissileStats with maxs=true frames=true
[Architectury Transformer DEBUG] Writing com/onewhohears/dscombat/data/weapon/stats/BombStats with maxs=true frames=true
[Architectury Transformer DEBUG] Writing com/onewhohears/dscombat/data/weapon/stats/BulletStats$Builder with maxs=true frames=true
[Architectury Transformer DEBUG] Writing com/onewhohears/dscombat/data/weapon/stats/TrackMissileStats$TargetType with maxs=true frames=true
[Architectury Transformer DEBUG] Writing com/onewhohears/dscombat/data/weapon/stats/SmokeGrenadeStats$LauncherDef with maxs=true frames=true
[Architectury Transformer DEBUG] Writing com/onewhohears/dscombat/data/weapon/stats/TorpedoStats with maxs=true frames=true
[Architectury Transformer DEBUG] Writing com/onewhohears/dscombat/data/weapon/stats/GrenadeStats$Builder with maxs=true frames=true
[Architectury Transformer DEBUG] Writing com/onewhohears/dscombat/data/weapon/stats/DumbTorpedoStats with maxs=true frames=true
[Architectury Transformer DEBUG] Writing com/onewhohears/dscombat/data/weapon/stats/WeaponStats with maxs=true frames=true
[Architectury Transformer DEBUG] Writing com/onewhohears/dscombat/data/weapon/stats/NoWeaponStats with maxs=true frames=true
[Architectury Transformer DEBUG] Writing com/onewhohears/dscombat/data/weapon/stats/BunkerBusterStats$Builder with maxs=true frames=true
[Architectury Transformer DEBUG] Writing com/onewhohears/dscombat/data/weapon/stats/MissileStats$Builder with maxs=true frames=true
[Architectury Transformer DEBUG] Writing com/onewhohears/dscombat/data/weapon/stats/PosMissileStats with maxs=true frames=true
[Architectury Transformer DEBUG] Writing com/onewhohears/dscombat/data/weapon/stats/GrenadeStats with maxs=true frames=true
[Architectury Transformer DEBUG] Writing com/onewhohears/dscombat/data/weapon/stats/IRMissileStats with maxs=true frames=true
[Architectury Transformer DEBUG] Writing com/onewhohears/dscombat/data/weapon/stats/TrackMissileStats with maxs=true frames=true
[Architectury Transformer DEBUG] Writing com/onewhohears/dscombat/data/weapon/stats/AntiRadarMissileStats with maxs=true frames=true
[Architectury Transformer DEBUG] Writing com/onewhohears/dscombat/data/weapon/stats/WeaponStats$WeaponClientImpactType with maxs=true frames=true
[Architectury Transformer DEBUG] Writing com/onewhohears/dscombat/data/weapon/stats/SmokeGrenadeStats with maxs=true frames=true
[Architectury Transformer DEBUG] Writing com/onewhohears/dscombat/data/weapon/stats/BombStats$Builder with maxs=true frames=true
[Architectury Transformer DEBUG] Writing com/onewhohears/dscombat/data/weapon/stats/BulletStats with maxs=true frames=true
[Architectury Transformer DEBUG] Writing com/onewhohears/dscombat/data/weapon/stats/BallisticMissileStats with maxs=true frames=true
[Architectury Transformer DEBUG] Writing com/onewhohears/dscombat/data/weapon/stats/BunkerBusterStats with maxs=true frames=true
[Architectury Transformer DEBUG] Writing com/onewhohears/dscombat/entity/DrivingBody with maxs=true frames=true
[Architectury Transformer DEBUG] Writing com/onewhohears/dscombat/entity/Revivable with maxs=true frames=true
[Architectury Transformer DEBUG] Writing com/onewhohears/dscombat/entity/TrampleHandler with maxs=true frames=true
[Architectury Transformer DEBUG] Writing com/onewhohears/dscombat/entity/PhysicsBody with maxs=true frames=true
[Architectury Transformer DEBUG] Writing com/onewhohears/dscombat/entity/CustomExplosion with maxs=true frames=true
[Architectury Transformer DEBUG] Writing com/onewhohears/dscombat/entity/EntityParachute with maxs=true frames=true
[Architectury Transformer DEBUG] Writing com/onewhohears/dscombat/entity/IREmitter with maxs=true frames=true
[Architectury Transformer DEBUG] Writing com/onewhohears/dscombat/entity/ai/goal/TurretTargetGoal with maxs=true frames=true
[Architectury Transformer DEBUG] Writing com/onewhohears/dscombat/entity/ai/goal/TurretShootGoal with maxs=true frames=true
[Architectury Transformer DEBUG] Writing com/onewhohears/dscombat/entity/ai/goal/TurretShootGoal$ShootFunction with maxs=true frames=true
[Architectury Transformer DEBUG] Writing com/onewhohears/dscombat/entity/ai/goal/MoveToPassengerSeatGoal with maxs=true frames=true
[Architectury Transformer DEBUG] Writing com/onewhohears/dscombat/entity/damagesource/WeaponDamageSource$WeaponDamageType with maxs=true frames=true
[Architectury Transformer DEBUG] Writing com/onewhohears/dscombat/entity/damagesource/WeaponDamageSource with maxs=true frames=true
[Architectury Transformer DEBUG] Writing com/onewhohears/dscombat/entity/damagesource/VehicleDamageSource with maxs=true frames=true
[Architectury Transformer DEBUG] Writing com/onewhohears/dscombat/entity/damagesource/WeaponDamageSource$RandomDeathMessageFactory with maxs=true frames=true
[Architectury Transformer DEBUG] Writing com/onewhohears/dscombat/entity/parts/EntitySeat with maxs=true frames=true
[Architectury Transformer DEBUG] Writing com/onewhohears/dscombat/entity/parts/EntityRidablePart with maxs=true frames=true
[Architectury Transformer DEBUG] Writing com/onewhohears/dscombat/entity/parts/EntityEngine with maxs=true frames=true
[Architectury Transformer DEBUG] Writing com/onewhohears/dscombat/entity/parts/EntityRadar with maxs=true frames=true
[Architectury Transformer DEBUG] Writing com/onewhohears/dscombat/entity/parts/EntityFuelTank with maxs=true frames=true
[Architectury Transformer DEBUG] Writing com/onewhohears/dscombat/entity/parts/EntityChainHook$ChainUpdateType with maxs=true frames=true
[Architectury Transformer DEBUG] Writing com/onewhohears/dscombat/entity/parts/EntityWeaponRack with maxs=true frames=true
[Architectury Transformer DEBUG] Writing com/onewhohears/dscombat/entity/parts/EntityGimbal with maxs=true frames=true
[Architectury Transformer DEBUG] Writing com/onewhohears/dscombat/entity/parts/EntityChainHook with maxs=true frames=true
[Architectury Transformer DEBUG] Writing com/onewhohears/dscombat/entity/parts/EntityChainHook$ChainConnection with maxs=true frames=true
[Architectury Transformer DEBUG] Writing com/onewhohears/dscombat/entity/parts/EntityTurret with maxs=true frames=true
[Architectury Transformer DEBUG] Writing com/onewhohears/dscombat/entity/parts/EntityTurret$ShootType with maxs=true frames=true
[Architectury Transformer DEBUG] Writing com/onewhohears/dscombat/entity/parts/EntityPart with maxs=true frames=true
[Architectury Transformer DEBUG] Writing com/onewhohears/dscombat/entity/parts/hitbox/TurretHitboxData with maxs=true frames=true
[Architectury Transformer DEBUG] Writing com/onewhohears/dscombat/entity/parts/hitbox/TurretHitbox with maxs=true frames=true
[Architectury Transformer DEBUG] Writing com/onewhohears/dscombat/entity/vehicle/EntityVehicle with maxs=true frames=true
[Architectury Transformer DEBUG] Writing com/onewhohears/dscombat/entity/vehicle/EntityStationaryVehicle with maxs=true frames=true
[Architectury Transformer DEBUG] Writing com/onewhohears/dscombat/entity/vehicle/EntityVehicle$2 with maxs=true frames=true
[Architectury Transformer DEBUG] Writing com/onewhohears/dscombat/entity/vehicle/EntityVehicle$1 with maxs=true frames=true
[Architectury Transformer DEBUG] Writing com/onewhohears/dscombat/entity/vehicle/EntityGroundVehicle with maxs=true frames=true
[Architectury Transformer DEBUG] Writing com/onewhohears/dscombat/entity/vehicle/EntityHelicopter with maxs=true frames=true
[Architectury Transformer DEBUG] Writing com/onewhohears/dscombat/entity/vehicle/EntityVehicle$PermMode with maxs=true frames=true
[Architectury Transformer DEBUG] Writing com/onewhohears/dscombat/entity/vehicle/EntitySubmarine with maxs=true frames=true
[Architectury Transformer DEBUG] Writing com/onewhohears/dscombat/entity/vehicle/EntityVehicle$CollideInfo with maxs=true frames=true
[Architectury Transformer DEBUG] Writing com/onewhohears/dscombat/entity/vehicle/EntityBoat with maxs=true frames=true
[Architectury Transformer DEBUG] Writing com/onewhohears/dscombat/entity/vehicle/EntityPlane with maxs=true frames=true
[Architectury Transformer DEBUG] Writing com/onewhohears/dscombat/entity/vehicle/EntityVehicle$EntityCollideInfo with maxs=true frames=true
[Architectury Transformer DEBUG] Writing com/onewhohears/dscombat/entity/vehicle/hitbox/RotableHitboxes with maxs=true frames=true
[Architectury Transformer DEBUG] Writing com/onewhohears/dscombat/entity/vehicle/hitbox/RotableHitbox with maxs=true frames=true
[Architectury Transformer DEBUG] Writing com/onewhohears/dscombat/entity/vehicle/hitbox/ClientSideHitboxStuckFixer with maxs=true frames=true
[Architectury Transformer DEBUG] Writing com/onewhohears/dscombat/entity/vehicle/wind_tunnel/WindTunnelJob$MultiLiftDragJob with maxs=true frames=true
[Architectury Transformer DEBUG] Writing com/onewhohears/dscombat/entity/vehicle/wind_tunnel/WindTunnelJob$JobGen with maxs=true frames=true
[Architectury Transformer DEBUG] Writing com/onewhohears/dscombat/entity/vehicle/wind_tunnel/WindTunnelJob$MultiLiftDragJob$1 with maxs=true frames=true
[Architectury Transformer DEBUG] Writing com/onewhohears/dscombat/entity/vehicle/wind_tunnel/EntityWindTunnel with maxs=true frames=true
[Architectury Transformer DEBUG] Writing com/onewhohears/dscombat/entity/vehicle/wind_tunnel/WindTunnelJob$FindOptimalDragC with maxs=true frames=true
[Architectury Transformer DEBUG] Writing com/onewhohears/dscombat/entity/vehicle/wind_tunnel/WindTunnelJob$FindOptimalPitchJob with maxs=true frames=true
[Architectury Transformer DEBUG] Writing com/onewhohears/dscombat/entity/vehicle/wind_tunnel/WindTunnelJob with maxs=true frames=true
[Architectury Transformer DEBUG] Writing com/onewhohears/dscombat/entity/vehicle/wind_tunnel/WindTunnelJob$JobArray with maxs=true frames=true
[Architectury Transformer DEBUG] Writing com/onewhohears/dscombat/entity/vehicle/wind_tunnel/WindTunnelJob$FindOptimalLiftC with maxs=true frames=true
[Architectury Transformer DEBUG] Writing com/onewhohears/dscombat/entity/vehicle/wind_tunnel/WindTunnelJob$FindLiftDragJob with maxs=true frames=true
[Architectury Transformer DEBUG] Writing com/onewhohears/dscombat/entity/weapon/EntityMissile with maxs=true frames=true
[Architectury Transformer DEBUG] Writing com/onewhohears/dscombat/entity/weapon/EntityFlare with maxs=true frames=true
[Architectury Transformer DEBUG] Writing com/onewhohears/dscombat/entity/weapon/EntityWeapon with maxs=true frames=true
[Architectury Transformer DEBUG] Writing com/onewhohears/dscombat/entity/weapon/AntiRadarMissile$ARTarget with maxs=true frames=true
[Architectury Transformer DEBUG] Writing com/onewhohears/dscombat/entity/weapon/IRMissile with maxs=true frames=true
[Architectury Transformer DEBUG] Writing com/onewhohears/dscombat/entity/weapon/EntityMine with maxs=true frames=true
[Architectury Transformer DEBUG] Writing com/onewhohears/dscombat/entity/weapon/TrackEntityMissile with maxs=true frames=true
[Architectury Transformer DEBUG] Writing com/onewhohears/dscombat/entity/weapon/EntityMine$1 with maxs=true frames=true
[Architectury Transformer DEBUG] Writing com/onewhohears/dscombat/entity/weapon/EntityBullet with maxs=true frames=true
[Architectury Transformer DEBUG] Writing com/onewhohears/dscombat/entity/weapon/EntityDumbTorpedo with maxs=true frames=true
[Architectury Transformer DEBUG] Writing com/onewhohears/dscombat/entity/weapon/EntitySmokeGrenade with maxs=true frames=true
[Architectury Transformer DEBUG] Writing com/onewhohears/dscombat/entity/weapon/TorpedoMissile with maxs=true frames=true
[Architectury Transformer DEBUG] Writing com/onewhohears/dscombat/entity/weapon/EntityMine$MineType with maxs=true frames=true
[Architectury Transformer DEBUG] Writing com/onewhohears/dscombat/entity/weapon/EntityBallisticMissile with maxs=true frames=true
[Architectury Transformer DEBUG] Writing com/onewhohears/dscombat/entity/weapon/AntiRadarMissile with maxs=true frames=true
[Architectury Transformer DEBUG] Writing com/onewhohears/dscombat/entity/weapon/EntityBunkerBuster with maxs=true frames=true
[Architectury Transformer DEBUG] Writing com/onewhohears/dscombat/entity/weapon/PositionMissile with maxs=true frames=true
[Architectury Transformer DEBUG] Writing com/onewhohears/dscombat/entity/weapon/EntityBomb with maxs=true frames=true
[Architectury Transformer DEBUG] Writing com/onewhohears/dscombat/entity/weapon/EntityMuzzleFlash with maxs=true frames=true
[Architectury Transformer DEBUG] Writing com/onewhohears/dscombat/entity/weapon/IRMissile$IrTarget with maxs=true frames=true
[Architectury Transformer DEBUG] Writing com/onewhohears/dscombat/fluid/CustomFluid$Source with maxs=true frames=true
[Architectury Transformer DEBUG] Writing com/onewhohears/dscombat/fluid/CustomFluid with maxs=true frames=true
[Architectury Transformer DEBUG] Writing com/onewhohears/dscombat/fluid/CustomFluid$Flowing with maxs=true frames=true
[Architectury Transformer DEBUG] Writing com/onewhohears/dscombat/init/ModParticles with maxs=true frames=true
[Architectury Transformer DEBUG] Writing com/onewhohears/dscombat/init/ModTags$Items with maxs=true frames=true
[Architectury Transformer DEBUG] Writing com/onewhohears/dscombat/init/ModTags$Fluids with maxs=true frames=true
[Architectury Transformer DEBUG] Writing com/onewhohears/dscombat/init/ModBlocks with maxs=true frames=true
[Architectury Transformer DEBUG] Writing com/onewhohears/dscombat/init/DataSerializers with maxs=true frames=true
[Architectury Transformer DEBUG] Writing com/onewhohears/dscombat/init/ModFluids with maxs=true frames=true
[Architectury Transformer DEBUG] Writing com/onewhohears/dscombat/init/ModSounds with maxs=true frames=true
[Architectury Transformer DEBUG] Writing com/onewhohears/dscombat/init/ModTags$EntityTypes with maxs=true frames=true
[Architectury Transformer DEBUG] Writing com/onewhohears/dscombat/init/ModTags with maxs=true frames=true
[Architectury Transformer DEBUG] Writing com/onewhohears/dscombat/init/ModRecipes with maxs=true frames=true
[Architectury Transformer DEBUG] Writing com/onewhohears/dscombat/init/ModBlockEntities with maxs=true frames=true
[Architectury Transformer DEBUG] Writing com/onewhohears/dscombat/init/ModItems with maxs=true frames=true
[Architectury Transformer DEBUG] Writing com/onewhohears/dscombat/init/DataSerializers$4 with maxs=true frames=true
[Architectury Transformer DEBUG] Writing com/onewhohears/dscombat/init/DataSerializers$2 with maxs=true frames=true
[Architectury Transformer DEBUG] Writing com/onewhohears/dscombat/init/DataSerializers$1 with maxs=true frames=true
[Architectury Transformer DEBUG] Writing com/onewhohears/dscombat/init/DataSerializers$3 with maxs=true frames=true
[Architectury Transformer DEBUG] Writing com/onewhohears/dscombat/init/ModRecipes$SimpleRecipeSerializer with maxs=true frames=true
[Architectury Transformer DEBUG] Writing com/onewhohears/dscombat/init/ModEntities with maxs=true frames=true
[Architectury Transformer DEBUG] Writing com/onewhohears/dscombat/init/ModContainers with maxs=true frames=true
[Architectury Transformer DEBUG] Writing com/onewhohears/dscombat/init/ModCMTabs with maxs=true frames=true
[Architectury Transformer DEBUG] Writing com/onewhohears/dscombat/init/ModDamageTypes with maxs=true frames=true
[Architectury Transformer DEBUG] Writing com/onewhohears/dscombat/init/ModVillagers with maxs=true frames=true
[Architectury Transformer DEBUG] Writing com/onewhohears/dscombat/init/ModTags$Blocks with maxs=true frames=true
[Architectury Transformer DEBUG] Writing com/onewhohears/dscombat/integration/jei/WeaponPartRecipeCategory with maxs=true frames=true
[Architectury Transformer DEBUG] Writing com/onewhohears/dscombat/integration/jei/VehicleRecipeCategory with maxs=true frames=true
[Architectury Transformer DEBUG] Writing com/onewhohears/dscombat/integration/jei/DSCSubTypes with maxs=true frames=true
[Architectury Transformer DEBUG] Writing com/onewhohears/dscombat/integration/jei/JEIPlugin with maxs=true frames=true
[Architectury Transformer DEBUG] Writing com/onewhohears/dscombat/integration/jei/WeaponRecipeCategory with maxs=true frames=true
[Architectury Transformer DEBUG] Writing com/onewhohears/dscombat/integration/minigame/DSCMiniGames with maxs=true frames=true
[Architectury Transformer DEBUG] Writing com/onewhohears/dscombat/integration/minigame/data/DogFightData with maxs=true frames=true
[Architectury Transformer DEBUG] Writing com/onewhohears/dscombat/integration/minigame/data/VillageDefenseData with maxs=true frames=true
[Architectury Transformer DEBUG] Writing com/onewhohears/dscombat/integration/minigame/data/DSCAreaControlData with maxs=true frames=true
[Architectury Transformer DEBUG] Writing com/onewhohears/dscombat/integration/minigame/gen/DSCShopGenerator with maxs=true frames=true
[Architectury Transformer DEBUG] Writing com/onewhohears/dscombat/integration/minigame/gen/DSCKitGenerator with maxs=true frames=true
[Architectury Transformer DEBUG] Writing com/onewhohears/dscombat/integration/minigame/gen/VillageDefenseVehiclePresetGen with maxs=true frames=true
[Architectury Transformer DEBUG] Writing com/onewhohears/dscombat/integration/minigame/phase/dog_fight/DogFightAttackPhase with maxs=true frames=true
[Architectury Transformer DEBUG] Writing com/onewhohears/dscombat/integration/minigame/phase/general_dsc/DSCBuyPhase with maxs=true frames=true
[Architectury Transformer DEBUG] Writing com/onewhohears/dscombat/integration/minigame/phase/village_defense/VillageDefenseAttackPhase with maxs=true frames=true
[Architectury Transformer DEBUG] Writing com/onewhohears/dscombat/integration/minigame/phase/village_defense/VillageDefenseBuyPhase with maxs=true frames=true
[Architectury Transformer DEBUG] Writing com/onewhohears/dscombat/item/ItemStorageBox with maxs=true frames=true
[Architectury Transformer DEBUG] Writing com/onewhohears/dscombat/item/ItemPart with maxs=true frames=true
[Architectury Transformer DEBUG] Writing com/onewhohears/dscombat/item/ItemGasCan with maxs=true frames=true
[Architectury Transformer DEBUG] Writing com/onewhohears/dscombat/item/ItemWeaponPart with maxs=true frames=true
[Architectury Transformer DEBUG] Writing com/onewhohears/dscombat/item/ItemGrenadeLauncher with maxs=true frames=true
[Architectury Transformer DEBUG] Writing com/onewhohears/dscombat/item/ItemMineDefuser with maxs=true frames=true
[Architectury Transformer DEBUG] Writing com/onewhohears/dscombat/item/VehicleInteractItem with maxs=true frames=true
[Architectury Transformer DEBUG] Writing com/onewhohears/dscombat/item/ItemTurret with maxs=true frames=true
[Architectury Transformer DEBUG] Writing com/onewhohears/dscombat/item/ItemRepairTool with maxs=true frames=true
[Architectury Transformer DEBUG] Writing com/onewhohears/dscombat/item/ItemVehicle with maxs=true frames=true
[Architectury Transformer DEBUG] Writing com/onewhohears/dscombat/item/ItemTicketBook with maxs=true frames=true
[Architectury Transformer DEBUG] Writing com/onewhohears/dscombat/item/ItemCreativeWand with maxs=true frames=true
[Architectury Transformer DEBUG] Writing com/onewhohears/dscombat/item/ItemAmmo with maxs=true frames=true
[Architectury Transformer DEBUG] Writing com/onewhohears/dscombat/item/FillableItemCategory with maxs=true frames=true
[Architectury Transformer DEBUG] Writing com/onewhohears/dscombat/item/ItemParachute with maxs=true frames=true
[Architectury Transformer DEBUG] Writing com/onewhohears/dscombat/item/ItemSeat with maxs=true frames=true
[Architectury Transformer DEBUG] Writing com/onewhohears/dscombat/item/ItemMine with maxs=true frames=true
[Architectury Transformer DEBUG] Writing com/onewhohears/dscombat/item/ItemDecal with maxs=true frames=true
[Architectury Transformer DEBUG] Writing com/onewhohears/dscombat/item/ItemExternalPart with maxs=true frames=true
[Architectury Transformer DEBUG] Writing com/onewhohears/dscombat/mixin/EntityMixin with maxs=true frames=true
[Architectury Transformer DEBUG] Writing com/onewhohears/dscombat/mixin/PlayerRendererMixin with maxs=true frames=true
[Architectury Transformer DEBUG] Writing com/onewhohears/dscombat/mixin/CameraAccess with maxs=true frames=true
[Architectury Transformer DEBUG] Writing com/onewhohears/dscombat/mixin/EntityTypeMixin with maxs=true frames=true
[Architectury Transformer DEBUG] Writing com/onewhohears/dscombat/mixin/LevelMixin with maxs=true frames=true
[Architectury Transformer DEBUG] Writing com/onewhohears/dscombat/util/UtilPresetParse with maxs=true frames=true
[Architectury Transformer DEBUG] Writing com/onewhohears/dscombat/util/DSCFakePlayer with maxs=true frames=true
[Architectury Transformer DEBUG] Writing com/onewhohears/dscombat/util/UtilMuzzleFlash with maxs=true frames=true
[Architectury Transformer DEBUG] Writing com/onewhohears/dscombat/util/UtilVehicleEntity with maxs=true frames=true
[Architectury Transformer DEBUG] Writing com/onewhohears/dscombat/util/UtilExplosion with maxs=true frames=true
[Architectury Transformer DEBUG] Writing com/onewhohears/dscombat/util/UtilPrint with maxs=true frames=true
[Architectury Transformer DEBUG] Writing com/onewhohears/dscombat/util/ExplosionFireColumn with maxs=true frames=true
[Architectury Transformer DEBUG] Writing com/onewhohears/dscombat/util/ExplosionFireColumn$FireColumn with maxs=true frames=true
[Architectury Transformer DEBUG] Writing com/onewhohears/dscombat/util/UtilSound with maxs=true frames=true
[Architectury Transformer DEBUG] Writing com/onewhohears/dscombat/util/UtilVehicleEntity$1 with maxs=true frames=true
[Architectury Transformer DEBUG] Writing com/onewhohears/dscombat/util/UtilServerPacket with maxs=true frames=true
[Architectury Transformer DEBUG] Writing com/onewhohears/dscombat/util/math/RotableAABB with maxs=true frames=true
[Architectury Transformer DEBUG] Writing com/onewhohears/dscombat/util/math/UtilEstimate with maxs=true frames=true
[Architectury Transformer DEBUG] Writing com/onewhohears/dscombat/util/math/UtilRandom with maxs=true frames=true
[Architectury Transformer DEBUG] Writing com/onewhohears/dscombat/util/math/DisguisedAABB with maxs=true frames=true
[Architectury Transformer DEBUG] Checking whether /dscombat.mixins.json is a mixin config.
[Architectury Transformer DEBUG] Checking whether /dscombat.mixins.json is a mixin config.
[Architectury Transformer DEBUG] Found mixin config(s): dscombat.mixins.json
[Architectury Transformer DEBUG] Appended Launch Argument: [--mixin.config, dscombat.mixins.json]
[Architectury Transformer DEBUG] Closed File Systems for C:\Users\Vladimir\AppData\Local\Temp\4390449779442310257.jar
[Architectury Transformer] Listening at D:\minecraftTools\DiamondStarCombat-1.20.1-dev\common\build\devlibs\dscombat-common-1.20.1-0.14.5-3-dev.jar
[Architectury Transformer DEBUG] Temporary jar [C:\Users\Vladimir\AppData\Local\Temp\4390449779442310257.jar] contains packages: com.onewhohears.dscombat, com.onewhohears.dscombat.client.model.obj.customanims, com.onewhohears.dscombat.entity.damagesource, com.onewhohears.dscombat.integration.minigame.phase.general_dsc, com.onewhohears.dscombat.integration.minigame.data, com.onewhohears.dscombat.entity.ai.goal, com.onewhohears.dscombat.client.input, com.onewhohears.dscombat.client.event, com.onewhohears.dscombat.data.vehicle.stats, com.onewhohears.dscombat.crafting, com.onewhohears.dscombat.client.model.obj.custom, com.onewhohears.dscombat.entity.vehicle.wind_tunnel, com.onewhohears.dscombat.integration.minigame.phase.village_defense, com.onewhohears.dscombat.data.parts.stats, com.onewhohears.dscombat.command.argument, com.onewhohears.dscombat.block.entity, com.onewhohears.dscombat.client.screen.widget, com.onewhohears.dscombat.entity.parts.hitbox, com.onewhohears.dscombat.data.vehicle.presets.boat, com.onewhohears.dscombat.client.sounds, com.onewhohears.dscombat.util.math, com.onewhohears.dscombat.client.entityscreen.instance, com.onewhohears.dscombat.block.custom, com.onewhohears.dscombat.common.network.toserver, com.onewhohears.dscombat.integration.minigame.phase.dog_fight, com.onewhohears.dscombat.client.overlay, com.onewhohears.dscombat.entity.parts, com.onewhohears.dscombat.fluid, com.onewhohears.dscombat.entity, com.onewhohears.dscombat.integration.minigame, com.onewhohears.dscombat.data.parts.instance, com.onewhohears.dscombat.data.weapon.stats, com.onewhohears.dscombat.client.screen.key_bind, com.onewhohears.dscombat.data.parts, com.onewhohears.dscombat.data.weapon.client, com.onewhohears.dscombat.data.vehicle.presets.submarine, com.onewhohears.dscombat.client.model.obj, com.onewhohears.dscombat.data.graph, com.onewhohears.dscombat.data.vehicle.presets.plane, com.onewhohears.dscombat.common.event, com.onewhohears.dscombat.data.vehicle.client, com.onewhohears.dscombat.common.network.toclient, com.onewhohears.dscombat.client.util, com.onewhohears.dscombat.common.container.slot, com.onewhohears.dscombat.entity.vehicle.hitbox, com.onewhohears.dscombat.data.vehicle, com.onewhohears.dscombat.common.network, com.onewhohears.dscombat.mixin, com.onewhohears.dscombat.data.sound, com.onewhohears.dscombat.client.trackeditor, com.onewhohears.dscombat.util, com.onewhohears.dscombat.client.renderer, com.onewhohears.dscombat.client.screen, com.onewhohears.dscombat.integration.jei, com.onewhohears.dscombat.data.parts.client, com.onewhohears.dscombat.entity.vehicle, com.onewhohears.dscombat.data.weapon, com.onewhohears.dscombat.data.mine, com.onewhohears.dscombat.common.container, com.onewhohears.dscombat.data.villager, com.onewhohears.dscombat.client.command, com.onewhohears.dscombat.client.overlay.components, com.onewhohears.dscombat.integration.minigame.gen, com.onewhohears.dscombat.init, com.onewhohears.dscombat.data.vehicle.presets.ground_vehicle, com.onewhohears.dscombat.client.texture, com.onewhohears.dscombat.data.vehicle.presets.helicopter, com.onewhohears.dscombat.data.vehicle.physics, com.onewhohears.dscombat.item, com.onewhohears.dscombat.data.weapon.instance, com.onewhohears.dscombat.entity.weapon, com.onewhohears.dscombat.data.radar, com.onewhohears.dscombat.client.particle, com.onewhohears.dscombat.command, com.onewhohears.dscombat.common.container.menu, com.onewhohears.dscombat.client.entityscreen
[Architectury Transformer DEBUG] Closed File Systems for D:\minecraftTools\DiamondStarCombat-1.20.1-dev\common\build\devlibs\dscombat-common-1.20.1-0.14.5-3-dev.jar
[Architectury Transformer DEBUG] Classpath entry [D:\minecraftTools\DiamondStarCombat-1.20.1-dev\forge\build\classes\java\main] contains packages: com.onewhohears.dscombat.data.sound.forge, com.onewhohears.dscombat.data.forge, com.onewhohears.dscombat.forge, com.onewhohears.dscombat.init.forge, com.onewhohears.dscombat.client.input.forge, com.onewhohears.dscombat.item.forge, com.onewhohears.dscombat.util.forge, com.onewhohears.dscombat.client.event.forge, com.onewhohears.dscombat.common.event.forge
[Architectury Transformer DEBUG] Classpath entry [D:\minecraftTools\DiamondStarCombat-1.20.1-dev\forge\build\resources\main] contains packages: 
[Architectury Transformer DEBUG] Transforming from com/onewhohears/dscombat/entity/vehicle/hitbox/RotableHitbox.class to com/onewhohears/dscombat/entity/vehicle/hitbox/RotableHitbox.class with 8 transformer(s) on dev.architectury.transformer.handler.TinyRemapperPreparedTransformerHandler
[Architectury Transformer DEBUG] Remapping with 1 mapping provider(s):
[Architectury Transformer DEBUG]  - dev.architectury.transformer.transformers.TransformForgeEnvironment$$Lambda/0x000001de0808e008@120d3fd
[Architectury Transformer DEBUG] Remapping with Dirty Mappings...
[Architectury Transformer DEBUG] Remapping Classes:
[Architectury Transformer DEBUG] net/fabricmc/api/EnvType -> net/minecraftforge/api/distmarker/Dist
[Architectury Transformer DEBUG] net/fabricmc/api/Environment -> net/minecraftforge/api/distmarker/OnlyIn
[Architectury Transformer DEBUG] Found class transformer
[Architectury Transformer DEBUG] Writing com/onewhohears/dscombat/entity/vehicle/hitbox/RotableHitbox with maxs=true frames=true
[Architectury Transformer DEBUG] Transformed com/onewhohears/dscombat/entity/vehicle/hitbox/RotableHitbox in 60.59 ms
[Architectury Transformer DEBUG] Transforming from com/onewhohears/dscombat/entity/CustomExplosion.class to com/onewhohears/dscombat/entity/CustomExplosion.class with 8 transformer(s) on dev.architectury.transformer.handler.TinyRemapperPreparedTransformerHandler
[Architectury Transformer DEBUG] Remapping with 1 mapping provider(s):
[Architectury Transformer DEBUG]  - dev.architectury.transformer.transformers.TransformForgeEnvironment$$Lambda/0x000001de0808e008@120d3fd
[Architectury Transformer DEBUG] Remapping Classes:
[Architectury Transformer DEBUG] net/fabricmc/api/EnvType -> net/minecraftforge/api/distmarker/Dist
[Architectury Transformer DEBUG] net/fabricmc/api/Environment -> net/minecraftforge/api/distmarker/OnlyIn
[Architectury Transformer DEBUG] Found class transformer
[Architectury Transformer DEBUG] Writing com/onewhohears/dscombat/entity/CustomExplosion with maxs=true frames=true
[Architectury Transformer DEBUG] Transformed com/onewhohears/dscombat/entity/CustomExplosion in 17.12 ms
[Architectury Transformer DEBUG] Transforming from com/onewhohears/dscombat/entity/Revivable.class to com/onewhohears/dscombat/entity/Revivable.class with 8 transformer(s) on dev.architectury.transformer.handler.TinyRemapperPreparedTransformerHandler
[Architectury Transformer DEBUG] Remapping with 1 mapping provider(s):
[Architectury Transformer DEBUG]  - dev.architectury.transformer.transformers.TransformForgeEnvironment$$Lambda/0x000001de0808e008@120d3fd
[Architectury Transformer DEBUG] Remapping Classes:
[Architectury Transformer DEBUG] net/fabricmc/api/EnvType -> net/minecraftforge/api/distmarker/Dist
[Architectury Transformer DEBUG] net/fabricmc/api/Environment -> net/minecraftforge/api/distmarker/OnlyIn
[Architectury Transformer DEBUG] Found class transformer
[Architectury Transformer DEBUG] Writing com/onewhohears/dscombat/entity/Revivable with maxs=true frames=true
[Architectury Transformer DEBUG] Transformed com/onewhohears/dscombat/entity/Revivable in 16.54 ms
[Architectury Transformer DEBUG] Transforming from com/onewhohears/dscombat/Config.class to com/onewhohears/dscombat/Config.class with 8 transformer(s) on dev.architectury.transformer.handler.TinyRemapperPreparedTransformerHandler
[Architectury Transformer DEBUG] Remapping with 1 mapping provider(s):
[Architectury Transformer DEBUG]  - dev.architectury.transformer.transformers.TransformForgeEnvironment$$Lambda/0x000001de0808e008@120d3fd
[Architectury Transformer DEBUG] Remapping Classes:
[Architectury Transformer DEBUG] net/fabricmc/api/EnvType -> net/minecraftforge/api/distmarker/Dist
[Architectury Transformer DEBUG] net/fabricmc/api/Environment -> net/minecraftforge/api/distmarker/OnlyIn
[Architectury Transformer DEBUG] Found class transformer
[Architectury Transformer DEBUG] Writing com/onewhohears/dscombat/Config with maxs=true frames=true
[Architectury Transformer DEBUG] Transformed com/onewhohears/dscombat/Config in 17.05 ms
[Architectury Transformer DEBUG] Transforming from com/onewhohears/dscombat/Config$Client.class to com/onewhohears/dscombat/Config$Client.class with 8 transformer(s) on dev.architectury.transformer.handler.TinyRemapperPreparedTransformerHandler
[Architectury Transformer DEBUG] Remapping with 1 mapping provider(s):
[Architectury Transformer DEBUG]  - dev.architectury.transformer.transformers.TransformForgeEnvironment$$Lambda/0x000001de0808e008@120d3fd
[Architectury Transformer DEBUG] Remapping Classes:
[Architectury Transformer DEBUG] net/fabricmc/api/EnvType -> net/minecraftforge/api/distmarker/Dist
[Architectury Transformer DEBUG] net/fabricmc/api/Environment -> net/minecraftforge/api/distmarker/OnlyIn
[Architectury Transformer DEBUG] Found class transformer
[Architectury Transformer DEBUG] Writing com/onewhohears/dscombat/Config$Client with maxs=true frames=true
[Architectury Transformer DEBUG] Transformed com/onewhohears/dscombat/Config$Client in 12.51 ms
[Architectury Transformer DEBUG] Transforming from com/onewhohears/dscombat/data/radar/RadarStats$RadarMode.class to com/onewhohears/dscombat/data/radar/RadarStats$RadarMode.class with 8 transformer(s) on dev.architectury.transformer.handler.TinyRemapperPreparedTransformerHandler
[Architectury Transformer DEBUG] Remapping with 1 mapping provider(s):
[Architectury Transformer DEBUG]  - dev.architectury.transformer.transformers.TransformForgeEnvironment$$Lambda/0x000001de0808e008@120d3fd
[Architectury Transformer DEBUG] Remapping Classes:
[Architectury Transformer DEBUG] net/fabricmc/api/EnvType -> net/minecraftforge/api/distmarker/Dist
[Architectury Transformer DEBUG] net/fabricmc/api/Environment -> net/minecraftforge/api/distmarker/OnlyIn
[Architectury Transformer DEBUG] Found class transformer
[Architectury Transformer DEBUG] Writing com/onewhohears/dscombat/data/radar/RadarStats$RadarMode with maxs=true frames=true
[Architectury Transformer DEBUG] Transformed com/onewhohears/dscombat/data/radar/RadarStats$RadarMode in 18.79 ms
[Architectury Transformer DEBUG] Transforming from com/onewhohears/dscombat/Config$Common.class to com/onewhohears/dscombat/Config$Common.class with 8 transformer(s) on dev.architectury.transformer.handler.TinyRemapperPreparedTransformerHandler
[Architectury Transformer DEBUG] Remapping with 1 mapping provider(s):
[Architectury Transformer DEBUG]  - dev.architectury.transformer.transformers.TransformForgeEnvironment$$Lambda/0x000001de0808e008@120d3fd
[Architectury Transformer DEBUG] Remapping Classes:
[Architectury Transformer DEBUG] net/fabricmc/api/EnvType -> net/minecraftforge/api/distmarker/Dist
[Architectury Transformer DEBUG] net/fabricmc/api/Environment -> net/minecraftforge/api/distmarker/OnlyIn
[Architectury Transformer DEBUG] Found class transformer
[Architectury Transformer DEBUG] Writing com/onewhohears/dscombat/Config$Common with maxs=true frames=true
[Architectury Transformer DEBUG] Transformed com/onewhohears/dscombat/Config$Common in 15.88 ms
[Architectury Transformer DEBUG] Transforming from com/onewhohears/dscombat/Config$Server.class to com/onewhohears/dscombat/Config$Server.class with 8 transformer(s) on dev.architectury.transformer.handler.TinyRemapperPreparedTransformerHandler
[Architectury Transformer DEBUG] Remapping with 1 mapping provider(s):
[Architectury Transformer DEBUG]  - dev.architectury.transformer.transformers.TransformForgeEnvironment$$Lambda/0x000001de0808e008@120d3fd
[Architectury Transformer DEBUG] Remapping Classes:
[Architectury Transformer DEBUG] net/fabricmc/api/EnvType -> net/minecraftforge/api/distmarker/Dist
[Architectury Transformer DEBUG] net/fabricmc/api/Environment -> net/minecraftforge/api/distmarker/OnlyIn
[Architectury Transformer DEBUG] Found class transformer
[Architectury Transformer DEBUG] Writing com/onewhohears/dscombat/Config$Server with maxs=true frames=true
[Architectury Transformer DEBUG] Transformed com/onewhohears/dscombat/Config$Server in 12.68 ms
[Architectury Transformer DEBUG] Transforming from com/onewhohears/dscombat/integration/jei/JEIPlugin.class to com/onewhohears/dscombat/integration/jei/JEIPlugin.class with 8 transformer(s) on dev.architectury.transformer.handler.TinyRemapperPreparedTransformerHandler
[Architectury Transformer DEBUG] Remapping with 1 mapping provider(s):
[Architectury Transformer DEBUG]  - dev.architectury.transformer.transformers.TransformForgeEnvironment$$Lambda/0x000001de0808e008@120d3fd
[Architectury Transformer DEBUG] Remapping Classes:
[Architectury Transformer DEBUG] net/fabricmc/api/EnvType -> net/minecraftforge/api/distmarker/Dist
[Architectury Transformer DEBUG] net/fabricmc/api/Environment -> net/minecraftforge/api/distmarker/OnlyIn
[Architectury Transformer DEBUG] Found class transformer
[Architectury Transformer DEBUG] Writing com/onewhohears/dscombat/integration/jei/JEIPlugin with maxs=true frames=true
[Architectury Transformer DEBUG] Transforming from com/onewhohears/dscombat/DSCombatMod.class to com/onewhohears/dscombat/DSCombatMod.class with 8 transformer(s) on dev.architectury.transformer.handler.TinyRemapperPreparedTransformerHandler
[Architectury Transformer DEBUG] Remapping with 1 mapping provider(s):
[Architectury Transformer DEBUG] Transformed com/onewhohears/dscombat/integration/jei/JEIPlugin in 31.65 ms
[Architectury Transformer DEBUG]  - dev.architectury.transformer.transformers.TransformForgeEnvironment$$Lambda/0x000001de0808e008@120d3fd
[Architectury Transformer DEBUG] Remapping Classes:
[Architectury Transformer DEBUG] net/fabricmc/api/EnvType -> net/minecraftforge/api/distmarker/Dist
[Architectury Transformer DEBUG] net/fabricmc/api/Environment -> net/minecraftforge/api/distmarker/OnlyIn
[Architectury Transformer DEBUG] Found class transformer
[Architectury Transformer DEBUG] Writing com/onewhohears/dscombat/DSCombatMod with maxs=true frames=true
[Architectury Transformer DEBUG] Transformed com/onewhohears/dscombat/DSCombatMod in 30.80 ms
[Architectury Transformer DEBUG] Transforming from com/onewhohears/dscombat/common/event/CommonEventHandlers.class to com/onewhohears/dscombat/common/event/CommonEventHandlers.class with 8 transformer(s) on dev.architectury.transformer.handler.TinyRemapperPreparedTransformerHandler
[Architectury Transformer DEBUG] Remapping with 1 mapping provider(s):
[Architectury Transformer DEBUG]  - dev.architectury.transformer.transformers.TransformForgeEnvironment$$Lambda/0x000001de0808e008@120d3fd
[Architectury Transformer DEBUG] Remapping Classes:
[Architectury Transformer DEBUG] net/fabricmc/api/EnvType -> net/minecraftforge/api/distmarker/Dist
[Architectury Transformer DEBUG] net/fabricmc/api/Environment -> net/minecraftforge/api/distmarker/OnlyIn
[Architectury Transformer DEBUG] Found class transformer
[Architectury Transformer DEBUG] Writing com/onewhohears/dscombat/common/event/CommonEventHandlers with maxs=true frames=true
[Architectury Transformer DEBUG] Transformed com/onewhohears/dscombat/common/event/CommonEventHandlers in 22.15 ms
[Architectury Transformer DEBUG] Transforming from com/onewhohears/dscombat/init/ModCMTabs.class to com/onewhohears/dscombat/init/ModCMTabs.class with 8 transformer(s) on dev.architectury.transformer.handler.TinyRemapperPreparedTransformerHandler
[Architectury Transformer DEBUG] Remapping with 1 mapping provider(s):
[Architectury Transformer DEBUG]  - dev.architectury.transformer.transformers.TransformForgeEnvironment$$Lambda/0x000001de0808e008@120d3fd
[Architectury Transformer DEBUG] Remapping Classes:
[Architectury Transformer DEBUG] net/fabricmc/api/EnvType -> net/minecraftforge/api/distmarker/Dist
[Architectury Transformer DEBUG] net/fabricmc/api/Environment -> net/minecraftforge/api/distmarker/OnlyIn
[Architectury Transformer DEBUG] Found class transformer
[Architectury Transformer DEBUG] Writing com/onewhohears/dscombat/init/ModCMTabs with maxs=true frames=true
[Architectury Transformer DEBUG] Transformed com/onewhohears/dscombat/init/ModCMTabs in 25.54 ms
[Architectury Transformer DEBUG] Transforming from com/onewhohears/dscombat/init/ModFluids.class to com/onewhohears/dscombat/init/ModFluids.class with 8 transformer(s) on dev.architectury.transformer.handler.TinyRemapperPreparedTransformerHandler
[Architectury Transformer DEBUG] Remapping with 1 mapping provider(s):
[Architectury Transformer DEBUG]  - dev.architectury.transformer.transformers.TransformForgeEnvironment$$Lambda/0x000001de0808e008@120d3fd
[Architectury Transformer DEBUG] Remapping Classes:
[Architectury Transformer DEBUG] net/fabricmc/api/EnvType -> net/minecraftforge/api/distmarker/Dist
[Architectury Transformer DEBUG] net/fabricmc/api/Environment -> net/minecraftforge/api/distmarker/OnlyIn
[Architectury Transformer DEBUG] Found class transformer
[Architectury Transformer DEBUG] Writing com/onewhohears/dscombat/init/ModFluids with maxs=true frames=true
[Architectury Transformer DEBUG] Transformed com/onewhohears/dscombat/init/ModFluids in 16.13 ms
[Architectury Transformer DEBUG] Transforming from com/onewhohears/dscombat/fluid/CustomFluid$Source.class to com/onewhohears/dscombat/fluid/CustomFluid$Source.class with 8 transformer(s) on dev.architectury.transformer.handler.TinyRemapperPreparedTransformerHandler
[Architectury Transformer DEBUG] Remapping with 1 mapping provider(s):
[Architectury Transformer DEBUG]  - dev.architectury.transformer.transformers.TransformForgeEnvironment$$Lambda/0x000001de0808e008@120d3fd
[Architectury Transformer DEBUG] Remapping Classes:
[Architectury Transformer DEBUG] net/fabricmc/api/EnvType -> net/minecraftforge/api/distmarker/Dist
[Architectury Transformer DEBUG] net/fabricmc/api/Environment -> net/minecraftforge/api/distmarker/OnlyIn
[Architectury Transformer DEBUG] Found class transformer
[Architectury Transformer DEBUG] Writing com/onewhohears/dscombat/fluid/CustomFluid$Source with maxs=true frames=true
[Architectury Transformer DEBUG] Transformed com/onewhohears/dscombat/fluid/CustomFluid$Source in 13.20 ms
[Architectury Transformer DEBUG] Transforming from com/onewhohears/dscombat/fluid/CustomFluid$Flowing.class to com/onewhohears/dscombat/fluid/CustomFluid$Flowing.class with 8 transformer(s) on dev.architectury.transformer.handler.TinyRemapperPreparedTransformerHandler
[Architectury Transformer DEBUG] Remapping with 1 mapping provider(s):
[Architectury Transformer DEBUG]  - dev.architectury.transformer.transformers.TransformForgeEnvironment$$Lambda/0x000001de0808e008@120d3fd
[Architectury Transformer DEBUG] Remapping Classes:
[Architectury Transformer DEBUG] net/fabricmc/api/EnvType -> net/minecraftforge/api/distmarker/Dist
[Architectury Transformer DEBUG] net/fabricmc/api/Environment -> net/minecraftforge/api/distmarker/OnlyIn
[Architectury Transformer DEBUG] Found class transformer
[Architectury Transformer DEBUG] Writing com/onewhohears/dscombat/fluid/CustomFluid$Flowing with maxs=true frames=true
[Architectury Transformer DEBUG] Transformed com/onewhohears/dscombat/fluid/CustomFluid$Flowing in 10.63 ms
[Architectury Transformer DEBUG] Transforming from com/onewhohears/dscombat/init/ModBlocks.class to com/onewhohears/dscombat/init/ModBlocks.class with 8 transformer(s) on dev.architectury.transformer.handler.TinyRemapperPreparedTransformerHandler
[Architectury Transformer DEBUG] Remapping with 1 mapping provider(s):
[Architectury Transformer DEBUG]  - dev.architectury.transformer.transformers.TransformForgeEnvironment$$Lambda/0x000001de0808e008@120d3fd
[Architectury Transformer DEBUG] Remapping Classes:
[Architectury Transformer DEBUG] net/fabricmc/api/EnvType -> net/minecraftforge/api/distmarker/Dist
[Architectury Transformer DEBUG] net/fabricmc/api/Environment -> net/minecraftforge/api/distmarker/OnlyIn
[Architectury Transformer DEBUG] Found class transformer
[Architectury Transformer DEBUG] Writing com/onewhohears/dscombat/init/ModBlocks with maxs=true frames=true
[Architectury Transformer DEBUG] Transformed com/onewhohears/dscombat/init/ModBlocks in 9.015 ms
[Architectury Transformer DEBUG] Transforming from com/onewhohears/dscombat/block/custom/WeaponsBlock.class to com/onewhohears/dscombat/block/custom/WeaponsBlock.class with 8 transformer(s) on dev.architectury.transformer.handler.TinyRemapperPreparedTransformerHandler
[Architectury Transformer DEBUG] Remapping with 1 mapping provider(s):
[Architectury Transformer DEBUG]  - dev.architectury.transformer.transformers.TransformForgeEnvironment$$Lambda/0x000001de0808e008@120d3fd
[Architectury Transformer DEBUG] Remapping Classes:
[Architectury Transformer DEBUG] net/fabricmc/api/EnvType -> net/minecraftforge/api/distmarker/Dist
[Architectury Transformer DEBUG] net/fabricmc/api/Environment -> net/minecraftforge/api/distmarker/OnlyIn
[Architectury Transformer DEBUG] Found class transformer
[Architectury Transformer DEBUG] Writing com/onewhohears/dscombat/block/custom/WeaponsBlock with maxs=true frames=true
[Architectury Transformer DEBUG] Transformed com/onewhohears/dscombat/block/custom/WeaponsBlock in 9.789 ms
[Architectury Transformer DEBUG] Transforming from com/onewhohears/dscombat/block/custom/VehicleBlock.class to com/onewhohears/dscombat/block/custom/VehicleBlock.class with 8 transformer(s) on dev.architectury.transformer.handler.TinyRemapperPreparedTransformerHandler
[Architectury Transformer DEBUG] Remapping with 1 mapping provider(s):
[Architectury Transformer DEBUG]  - dev.architectury.transformer.transformers.TransformForgeEnvironment$$Lambda/0x000001de0808e008@120d3fd
[Architectury Transformer DEBUG] Remapping Classes:
[Architectury Transformer DEBUG] net/fabricmc/api/EnvType -> net/minecraftforge/api/distmarker/Dist
[Architectury Transformer DEBUG] net/fabricmc/api/Environment -> net/minecraftforge/api/distmarker/OnlyIn
[Architectury Transformer DEBUG] Found class transformer
[Architectury Transformer DEBUG] Writing com/onewhohears/dscombat/block/custom/VehicleBlock with maxs=true frames=true
[Architectury Transformer DEBUG] Transformed com/onewhohears/dscombat/block/custom/VehicleBlock in 6.055 ms
[Architectury Transformer DEBUG] Transforming from com/onewhohears/dscombat/block/custom/MissileLaunchStationBlock.class to com/onewhohears/dscombat/block/custom/MissileLaunchStationBlock.class with 8 transformer(s) on dev.architectury.transformer.handler.TinyRemapperPreparedTransformerHandler
[Architectury Transformer DEBUG] Remapping with 1 mapping provider(s):
[Architectury Transformer DEBUG]  - dev.architectury.transformer.transformers.TransformForgeEnvironment$$Lambda/0x000001de0808e008@120d3fd
[Architectury Transformer DEBUG] Remapping Classes:
[Architectury Transformer DEBUG] net/fabricmc/api/EnvType -> net/minecraftforge/api/distmarker/Dist
[Architectury Transformer DEBUG] net/fabricmc/api/Environment -> net/minecraftforge/api/distmarker/OnlyIn
[Architectury Transformer DEBUG] Found class transformer
[Architectury Transformer DEBUG] Writing com/onewhohears/dscombat/block/custom/MissileLaunchStationBlock with maxs=true frames=true
[Architectury Transformer DEBUG] Transformed com/onewhohears/dscombat/block/custom/MissileLaunchStationBlock in 11.81 ms
[Architectury Transformer DEBUG] Transforming from com/onewhohears/dscombat/block/custom/WeaponPartsBlock.class to com/onewhohears/dscombat/block/custom/WeaponPartsBlock.class with 8 transformer(s) on dev.architectury.transformer.handler.TinyRemapperPreparedTransformerHandler
[Architectury Transformer DEBUG] Remapping with 1 mapping provider(s):
[Architectury Transformer DEBUG]  - dev.architectury.transformer.transformers.TransformForgeEnvironment$$Lambda/0x000001de0808e008@120d3fd
[Architectury Transformer DEBUG] Remapping Classes:
[Architectury Transformer DEBUG] net/fabricmc/api/EnvType -> net/minecraftforge/api/distmarker/Dist
[Architectury Transformer DEBUG] net/fabricmc/api/Environment -> net/minecraftforge/api/distmarker/OnlyIn
[Architectury Transformer DEBUG] Found class transformer
[Architectury Transformer DEBUG] Writing com/onewhohears/dscombat/block/custom/WeaponPartsBlock with maxs=true frames=true
[Architectury Transformer DEBUG] Transformed com/onewhohears/dscombat/block/custom/WeaponPartsBlock in 10.01 ms
[Architectury Transformer DEBUG] Transforming from com/onewhohears/dscombat/init/ModItems.class to com/onewhohears/dscombat/init/ModItems.class with 8 transformer(s) on dev.architectury.transformer.handler.TinyRemapperPreparedTransformerHandler
[Architectury Transformer DEBUG] Remapping with 1 mapping provider(s):
[Architectury Transformer DEBUG]  - dev.architectury.transformer.transformers.TransformForgeEnvironment$$Lambda/0x000001de0808e008@120d3fd
[Architectury Transformer DEBUG] Remapping Classes:
[Architectury Transformer DEBUG] net/fabricmc/api/EnvType -> net/minecraftforge/api/distmarker/Dist
[Architectury Transformer DEBUG] net/fabricmc/api/Environment -> net/minecraftforge/api/distmarker/OnlyIn
[Architectury Transformer DEBUG] Found class transformer
[Architectury Transformer DEBUG] Writing com/onewhohears/dscombat/init/ModItems with maxs=true frames=true
[Architectury Transformer DEBUG] Transformed com/onewhohears/dscombat/init/ModItems in 17.56 ms
[Architectury Transformer DEBUG] Transforming from com/onewhohears/dscombat/item/ItemRepairTool.class to com/onewhohears/dscombat/item/ItemRepairTool.class with 8 transformer(s) on dev.architectury.transformer.handler.TinyRemapperPreparedTransformerHandler
[Architectury Transformer DEBUG] Remapping with 1 mapping provider(s):
[Architectury Transformer DEBUG]  - dev.architectury.transformer.transformers.TransformForgeEnvironment$$Lambda/0x000001de0808e008@120d3fd
[Architectury Transformer DEBUG] Remapping Classes:
[Architectury Transformer DEBUG] net/fabricmc/api/EnvType -> net/minecraftforge/api/distmarker/Dist
[Architectury Transformer DEBUG] net/fabricmc/api/Environment -> net/minecraftforge/api/distmarker/OnlyIn
[Architectury Transformer DEBUG] Found class transformer
[Architectury Transformer DEBUG] Writing com/onewhohears/dscombat/item/ItemRepairTool with maxs=true frames=true
[Architectury Transformer DEBUG] Transformed com/onewhohears/dscombat/item/ItemRepairTool in 9.714 ms
[Architectury Transformer DEBUG] Transforming from com/onewhohears/dscombat/item/VehicleInteractItem.class to com/onewhohears/dscombat/item/VehicleInteractItem.class with 8 transformer(s) on dev.architectury.transformer.handler.TinyRemapperPreparedTransformerHandler
[Architectury Transformer DEBUG] Remapping with 1 mapping provider(s):
[Architectury Transformer DEBUG]  - dev.architectury.transformer.transformers.TransformForgeEnvironment$$Lambda/0x000001de0808e008@120d3fd
[Architectury Transformer DEBUG] Remapping Classes:
[Architectury Transformer DEBUG] net/fabricmc/api/EnvType -> net/minecraftforge/api/distmarker/Dist
[Architectury Transformer DEBUG] net/fabricmc/api/Environment -> net/minecraftforge/api/distmarker/OnlyIn
[Architectury Transformer DEBUG] Found class transformer
[Architectury Transformer DEBUG] Writing com/onewhohears/dscombat/item/VehicleInteractItem with maxs=true frames=true
[Architectury Transformer DEBUG] Transformed com/onewhohears/dscombat/item/VehicleInteractItem in 8.427 ms
[Architectury Transformer DEBUG] Transforming from com/onewhohears/dscombat/item/ItemGasCan.class to com/onewhohears/dscombat/item/ItemGasCan.class with 8 transformer(s) on dev.architectury.transformer.handler.TinyRemapperPreparedTransformerHandler
[Architectury Transformer DEBUG] Remapping with 1 mapping provider(s):
[Architectury Transformer DEBUG]  - dev.architectury.transformer.transformers.TransformForgeEnvironment$$Lambda/0x000001de0808e008@120d3fd
[Architectury Transformer DEBUG] Remapping Classes:
[Architectury Transformer DEBUG] net/fabricmc/api/EnvType -> net/minecraftforge/api/distmarker/Dist
[Architectury Transformer DEBUG] net/fabricmc/api/Environment -> net/minecraftforge/api/distmarker/OnlyIn
[Architectury Transformer DEBUG] Found class transformer
[Architectury Transformer DEBUG] Writing com/onewhohears/dscombat/item/ItemGasCan with maxs=true frames=true
[Architectury Transformer DEBUG] Transformed com/onewhohears/dscombat/item/ItemGasCan in 13.42 ms
[Architectury Transformer DEBUG] Transforming from com/onewhohears/dscombat/item/ItemCreativeWand.class to com/onewhohears/dscombat/item/ItemCreativeWand.class with 8 transformer(s) on dev.architectury.transformer.handler.TinyRemapperPreparedTransformerHandler
[Architectury Transformer DEBUG] Remapping with 1 mapping provider(s):
[Architectury Transformer DEBUG]  - dev.architectury.transformer.transformers.TransformForgeEnvironment$$Lambda/0x000001de0808e008@120d3fd
[Architectury Transformer DEBUG] Remapping Classes:
[Architectury Transformer DEBUG] net/fabricmc/api/EnvType -> net/minecraftforge/api/distmarker/Dist
[Architectury Transformer DEBUG] net/fabricmc/api/Environment -> net/minecraftforge/api/distmarker/OnlyIn
[Architectury Transformer DEBUG] Found class transformer
[Architectury Transformer DEBUG] Writing com/onewhohears/dscombat/item/ItemCreativeWand with maxs=true frames=true
[Architectury Transformer DEBUG] Transformed com/onewhohears/dscombat/item/ItemCreativeWand in 10.91 ms
[Architectury Transformer DEBUG] Transforming from com/onewhohears/dscombat/item/ItemPart.class to com/onewhohears/dscombat/item/ItemPart.class with 8 transformer(s) on dev.architectury.transformer.handler.TinyRemapperPreparedTransformerHandler
[Architectury Transformer DEBUG] Remapping with 1 mapping provider(s):
[Architectury Transformer DEBUG]  - dev.architectury.transformer.transformers.TransformForgeEnvironment$$Lambda/0x000001de0808e008@120d3fd
[Architectury Transformer DEBUG] Remapping Classes:
[Architectury Transformer DEBUG] net/fabricmc/api/EnvType -> net/minecraftforge/api/distmarker/Dist
[Architectury Transformer DEBUG] net/fabricmc/api/Environment -> net/minecraftforge/api/distmarker/OnlyIn
[Architectury Transformer DEBUG] Found class transformer
[Architectury Transformer DEBUG] Writing com/onewhohears/dscombat/item/ItemPart with maxs=true frames=true
[Architectury Transformer DEBUG] Transformed com/onewhohears/dscombat/item/ItemPart in 11.01 ms
[Architectury Transformer DEBUG] Transforming from com/onewhohears/dscombat/item/FillableItemCategory.class to com/onewhohears/dscombat/item/FillableItemCategory.class with 8 transformer(s) on dev.architectury.transformer.handler.TinyRemapperPreparedTransformerHandler
[Architectury Transformer DEBUG] Remapping with 1 mapping provider(s):
[Architectury Transformer DEBUG]  - dev.architectury.transformer.transformers.TransformForgeEnvironment$$Lambda/0x000001de0808e008@120d3fd
[Architectury Transformer DEBUG] Remapping Classes:
[Architectury Transformer DEBUG] net/fabricmc/api/EnvType -> net/minecraftforge/api/distmarker/Dist
[Architectury Transformer DEBUG] net/fabricmc/api/Environment -> net/minecraftforge/api/distmarker/OnlyIn
[Architectury Transformer DEBUG] Found class transformer
[Architectury Transformer DEBUG] Writing com/onewhohears/dscombat/item/FillableItemCategory with maxs=true frames=true
[Architectury Transformer DEBUG] Transformed com/onewhohears/dscombat/item/FillableItemCategory in 9.423 ms
[Architectury Transformer DEBUG] Transforming from com/onewhohears/dscombat/item/ItemStorageBox.class to com/onewhohears/dscombat/item/ItemStorageBox.class with 8 transformer(s) on dev.architectury.transformer.handler.TinyRemapperPreparedTransformerHandler
[Architectury Transformer DEBUG] Remapping with 1 mapping provider(s):
[Architectury Transformer DEBUG]  - dev.architectury.transformer.transformers.TransformForgeEnvironment$$Lambda/0x000001de0808e008@120d3fd
[Architectury Transformer DEBUG] Remapping Classes:
[Architectury Transformer DEBUG] net/fabricmc/api/EnvType -> net/minecraftforge/api/distmarker/Dist
[Architectury Transformer DEBUG] net/fabricmc/api/Environment -> net/minecraftforge/api/distmarker/OnlyIn
[Architectury Transformer DEBUG] Found class transformer
[Architectury Transformer DEBUG] Writing com/onewhohears/dscombat/item/ItemStorageBox with maxs=true frames=true
[Architectury Transformer DEBUG] Transformed com/onewhohears/dscombat/item/ItemStorageBox in 10.99 ms
[Architectury Transformer DEBUG] Transforming from com/onewhohears/dscombat/item/ItemVehicle.class to com/onewhohears/dscombat/item/ItemVehicle.class with 8 transformer(s) on dev.architectury.transformer.handler.TinyRemapperPreparedTransformerHandler
[Architectury Transformer DEBUG] Remapping with 1 mapping provider(s):
[Architectury Transformer DEBUG]  - dev.architectury.transformer.transformers.TransformForgeEnvironment$$Lambda/0x000001de0808e008@120d3fd
[Architectury Transformer DEBUG] Remapping Classes:
[Architectury Transformer DEBUG] net/fabricmc/api/EnvType -> net/minecraftforge/api/distmarker/Dist
[Architectury Transformer DEBUG] net/fabricmc/api/Environment -> net/minecraftforge/api/distmarker/OnlyIn
[Architectury Transformer DEBUG] Found class transformer
[Architectury Transformer DEBUG] Writing com/onewhohears/dscombat/item/ItemVehicle with maxs=true frames=true
[Architectury Transformer DEBUG] Transformed com/onewhohears/dscombat/item/ItemVehicle in 12.02 ms
[Architectury Transformer DEBUG] Transforming from com/onewhohears/dscombat/item/ItemAmmo.class to com/onewhohears/dscombat/item/ItemAmmo.class with 8 transformer(s) on dev.architectury.transformer.handler.TinyRemapperPreparedTransformerHandler
[Architectury Transformer DEBUG] Remapping with 1 mapping provider(s):
[Architectury Transformer DEBUG]  - dev.architectury.transformer.transformers.TransformForgeEnvironment$$Lambda/0x000001de0808e008@120d3fd
[Architectury Transformer DEBUG] Remapping Classes:
[Architectury Transformer DEBUG] net/fabricmc/api/EnvType -> net/minecraftforge/api/distmarker/Dist
[Architectury Transformer DEBUG] net/fabricmc/api/Environment -> net/minecraftforge/api/distmarker/OnlyIn
[Architectury Transformer DEBUG] Found class transformer
[Architectury Transformer DEBUG] Writing com/onewhohears/dscombat/item/ItemAmmo with maxs=true frames=true
[Architectury Transformer DEBUG] Transformed com/onewhohears/dscombat/item/ItemAmmo in 8.640 ms
[Architectury Transformer DEBUG] Transforming from com/onewhohears/dscombat/item/ItemTurret.class to com/onewhohears/dscombat/item/ItemTurret.class with 8 transformer(s) on dev.architectury.transformer.handler.TinyRemapperPreparedTransformerHandler
[Architectury Transformer DEBUG] Remapping with 1 mapping provider(s):
[Architectury Transformer DEBUG]  - dev.architectury.transformer.transformers.TransformForgeEnvironment$$Lambda/0x000001de0808e008@120d3fd
[Architectury Transformer DEBUG] Remapping Classes:
[Architectury Transformer DEBUG] net/fabricmc/api/EnvType -> net/minecraftforge/api/distmarker/Dist
[Architectury Transformer DEBUG] net/fabricmc/api/Environment -> net/minecraftforge/api/distmarker/OnlyIn
[Architectury Transformer DEBUG] Found class transformer
[Architectury Transformer DEBUG] Writing com/onewhohears/dscombat/item/ItemTurret with maxs=true frames=true
[Architectury Transformer DEBUG] Transformed com/onewhohears/dscombat/item/ItemTurret in 9.615 ms
[Architectury Transformer DEBUG] Transforming from com/onewhohears/dscombat/item/ItemGrenadeLauncher.class to com/onewhohears/dscombat/item/ItemGrenadeLauncher.class with 8 transformer(s) on dev.architectury.transformer.handler.TinyRemapperPreparedTransformerHandler
[Architectury Transformer DEBUG] Remapping with 1 mapping provider(s):
[Architectury Transformer DEBUG]  - dev.architectury.transformer.transformers.TransformForgeEnvironment$$Lambda/0x000001de0808e008@120d3fd
[Architectury Transformer DEBUG] Remapping Classes:
[Architectury Transformer DEBUG] net/fabricmc/api/EnvType -> net/minecraftforge/api/distmarker/Dist
[Architectury Transformer DEBUG] net/fabricmc/api/Environment -> net/minecraftforge/api/distmarker/OnlyIn
[Architectury Transformer DEBUG] Found class transformer
[Architectury Transformer DEBUG] Writing com/onewhohears/dscombat/item/ItemGrenadeLauncher with maxs=true frames=true
[Architectury Transformer DEBUG] Transformed com/onewhohears/dscombat/item/ItemGrenadeLauncher in 8.333 ms
[Architectury Transformer DEBUG] Transforming from com/onewhohears/dscombat/item/ItemMine.class to com/onewhohears/dscombat/item/ItemMine.class with 8 transformer(s) on dev.architectury.transformer.handler.TinyRemapperPreparedTransformerHandler
[Architectury Transformer DEBUG] Remapping with 1 mapping provider(s):
[Architectury Transformer DEBUG]  - dev.architectury.transformer.transformers.TransformForgeEnvironment$$Lambda/0x000001de0808e008@120d3fd
[Architectury Transformer DEBUG] Remapping Classes:
[Architectury Transformer DEBUG] net/fabricmc/api/EnvType -> net/minecraftforge/api/distmarker/Dist
[Architectury Transformer DEBUG] net/fabricmc/api/Environment -> net/minecraftforge/api/distmarker/OnlyIn
[Architectury Transformer DEBUG] Found class transformer
[Architectury Transformer DEBUG] Writing com/onewhohears/dscombat/item/ItemMine with maxs=true frames=true
[Architectury Transformer DEBUG] Transformed com/onewhohears/dscombat/item/ItemMine in 9.308 ms
[Architectury Transformer DEBUG] Transforming from com/onewhohears/dscombat/item/ItemWeaponPart.class to com/onewhohears/dscombat/item/ItemWeaponPart.class with 8 transformer(s) on dev.architectury.transformer.handler.TinyRemapperPreparedTransformerHandler
[Architectury Transformer DEBUG] Remapping with 1 mapping provider(s):
[Architectury Transformer DEBUG]  - dev.architectury.transformer.transformers.TransformForgeEnvironment$$Lambda/0x000001de0808e008@120d3fd
[Architectury Transformer DEBUG] Remapping Classes:
[Architectury Transformer DEBUG] net/fabricmc/api/EnvType -> net/minecraftforge/api/distmarker/Dist
[Architectury Transformer DEBUG] net/fabricmc/api/Environment -> net/minecraftforge/api/distmarker/OnlyIn
[Architectury Transformer DEBUG] Found class transformer
[Architectury Transformer DEBUG] Writing com/onewhohears/dscombat/item/ItemWeaponPart with maxs=true frames=true
[Architectury Transformer DEBUG] Transformed com/onewhohears/dscombat/item/ItemWeaponPart in 10.43 ms
[Architectury Transformer DEBUG] Transforming from com/onewhohears/dscombat/item/ItemExternalPart.class to com/onewhohears/dscombat/item/ItemExternalPart.class with 8 transformer(s) on dev.architectury.transformer.handler.TinyRemapperPreparedTransformerHandler
[Architectury Transformer DEBUG] Remapping with 1 mapping provider(s):
[Architectury Transformer DEBUG]  - dev.architectury.transformer.transformers.TransformForgeEnvironment$$Lambda/0x000001de0808e008@120d3fd
[Architectury Transformer DEBUG] Remapping Classes:
[Architectury Transformer DEBUG] net/fabricmc/api/EnvType -> net/minecraftforge/api/distmarker/Dist
[Architectury Transformer DEBUG] net/fabricmc/api/Environment -> net/minecraftforge/api/distmarker/OnlyIn
[Architectury Transformer DEBUG] Found class transformer
[Architectury Transformer DEBUG] Writing com/onewhohears/dscombat/item/ItemExternalPart with maxs=true frames=true
[Architectury Transformer DEBUG] Transformed com/onewhohears/dscombat/item/ItemExternalPart in 7.858 ms
[Architectury Transformer DEBUG] Transforming from com/onewhohears/dscombat/item/ItemSeat.class to com/onewhohears/dscombat/item/ItemSeat.class with 8 transformer(s) on dev.architectury.transformer.handler.TinyRemapperPreparedTransformerHandler
[Architectury Transformer DEBUG] Remapping with 1 mapping provider(s):
[Architectury Transformer DEBUG]  - dev.architectury.transformer.transformers.TransformForgeEnvironment$$Lambda/0x000001de0808e008@120d3fd
[Architectury Transformer DEBUG] Remapping Classes:
[Architectury Transformer DEBUG] net/fabricmc/api/EnvType -> net/minecraftforge/api/distmarker/Dist
[Architectury Transformer DEBUG] net/fabricmc/api/Environment -> net/minecraftforge/api/distmarker/OnlyIn
[Architectury Transformer DEBUG] Found class transformer
[Architectury Transformer DEBUG] Writing com/onewhohears/dscombat/item/ItemSeat with maxs=true frames=true
[Architectury Transformer DEBUG] Transformed com/onewhohears/dscombat/item/ItemSeat in 9.472 ms
[Architectury Transformer DEBUG] Transforming from com/onewhohears/dscombat/item/ItemParachute.class to com/onewhohears/dscombat/item/ItemParachute.class with 8 transformer(s) on dev.architectury.transformer.handler.TinyRemapperPreparedTransformerHandler
[Architectury Transformer DEBUG] Remapping with 1 mapping provider(s):
[Architectury Transformer DEBUG]  - dev.architectury.transformer.transformers.TransformForgeEnvironment$$Lambda/0x000001de0808e008@120d3fd
[Architectury Transformer DEBUG] Remapping Classes:
[Architectury Transformer DEBUG] net/fabricmc/api/EnvType -> net/minecraftforge/api/distmarker/Dist
[Architectury Transformer DEBUG] net/fabricmc/api/Environment -> net/minecraftforge/api/distmarker/OnlyIn
[Architectury Transformer DEBUG] Found class transformer
[Architectury Transformer DEBUG] Writing com/onewhohears/dscombat/item/ItemParachute with maxs=true frames=true
[Architectury Transformer DEBUG] Transformed com/onewhohears/dscombat/item/ItemParachute in 8.306 ms
[Architectury Transformer DEBUG] Transforming from com/onewhohears/dscombat/item/ItemDecal.class to com/onewhohears/dscombat/item/ItemDecal.class with 8 transformer(s) on dev.architectury.transformer.handler.TinyRemapperPreparedTransformerHandler
[Architectury Transformer DEBUG] Remapping with 1 mapping provider(s):
[Architectury Transformer DEBUG]  - dev.architectury.transformer.transformers.TransformForgeEnvironment$$Lambda/0x000001de0808e008@120d3fd
[Architectury Transformer DEBUG] Remapping Classes:
[Architectury Transformer DEBUG] net/fabricmc/api/EnvType -> net/minecraftforge/api/distmarker/Dist
[Architectury Transformer DEBUG] net/fabricmc/api/Environment -> net/minecraftforge/api/distmarker/OnlyIn
[Architectury Transformer DEBUG] Found class transformer
[Architectury Transformer DEBUG] Writing com/onewhohears/dscombat/item/ItemDecal with maxs=true frames=true
[Architectury Transformer DEBUG] Transformed com/onewhohears/dscombat/item/ItemDecal in 9.029 ms
[Architectury Transformer DEBUG] Transforming from com/onewhohears/dscombat/item/ItemTicketBook.class to com/onewhohears/dscombat/item/ItemTicketBook.class with 8 transformer(s) on dev.architectury.transformer.handler.TinyRemapperPreparedTransformerHandler
[Architectury Transformer DEBUG] Remapping with 1 mapping provider(s):
[Architectury Transformer DEBUG]  - dev.architectury.transformer.transformers.TransformForgeEnvironment$$Lambda/0x000001de0808e008@120d3fd
[Architectury Transformer DEBUG] Remapping Classes:
[Architectury Transformer DEBUG] net/fabricmc/api/EnvType -> net/minecraftforge/api/distmarker/Dist
[Architectury Transformer DEBUG] net/fabricmc/api/Environment -> net/minecraftforge/api/distmarker/OnlyIn
[Architectury Transformer DEBUG] Found class transformer
[Architectury Transformer DEBUG] Writing com/onewhohears/dscombat/item/ItemTicketBook with maxs=true frames=true
[Architectury Transformer DEBUG] Transformed com/onewhohears/dscombat/item/ItemTicketBook in 11.77 ms
[Architectury Transformer DEBUG] Transforming from com/onewhohears/dscombat/entity/ai/goal/MoveToPassengerSeatGoal.class to com/onewhohears/dscombat/entity/ai/goal/MoveToPassengerSeatGoal.class with 8 transformer(s) on dev.architectury.transformer.handler.TinyRemapperPreparedTransformerHandler
[Architectury Transformer DEBUG] Remapping with 1 mapping provider(s):
[Architectury Transformer DEBUG]  - dev.architectury.transformer.transformers.TransformForgeEnvironment$$Lambda/0x000001de0808e008@120d3fd
[Architectury Transformer DEBUG] Remapping Classes:
[Architectury Transformer DEBUG] net/fabricmc/api/EnvType -> net/minecraftforge/api/distmarker/Dist
[Architectury Transformer DEBUG] net/fabricmc/api/Environment -> net/minecraftforge/api/distmarker/OnlyIn
[Architectury Transformer DEBUG] Found class transformer
[Architectury Transformer DEBUG] Writing com/onewhohears/dscombat/entity/ai/goal/MoveToPassengerSeatGoal with maxs=true frames=true
[Architectury Transformer DEBUG] Transformed com/onewhohears/dscombat/entity/ai/goal/MoveToPassengerSeatGoal in 12.22 ms
[Architectury Transformer DEBUG] Transforming from com/onewhohears/dscombat/item/ItemMineDefuser.class to com/onewhohears/dscombat/item/ItemMineDefuser.class with 8 transformer(s) on dev.architectury.transformer.handler.TinyRemapperPreparedTransformerHandler
[Architectury Transformer DEBUG] Remapping with 1 mapping provider(s):
[Architectury Transformer DEBUG]  - dev.architectury.transformer.transformers.TransformForgeEnvironment$$Lambda/0x000001de0808e008@120d3fd
[Architectury Transformer DEBUG] Remapping Classes:
[Architectury Transformer DEBUG] net/fabricmc/api/EnvType -> net/minecraftforge/api/distmarker/Dist
[Architectury Transformer DEBUG] net/fabricmc/api/Environment -> net/minecraftforge/api/distmarker/OnlyIn
[Architectury Transformer DEBUG] Found class transformer
[Architectury Transformer DEBUG] Writing com/onewhohears/dscombat/item/ItemMineDefuser with maxs=true frames=true
[Architectury Transformer DEBUG] Transformed com/onewhohears/dscombat/item/ItemMineDefuser in 12.74 ms
[Architectury Transformer DEBUG] Transforming from com/onewhohears/dscombat/init/ModContainers.class to com/onewhohears/dscombat/init/ModContainers.class with 8 transformer(s) on dev.architectury.transformer.handler.TinyRemapperPreparedTransformerHandler
[Architectury Transformer DEBUG] Remapping with 1 mapping provider(s):
[Architectury Transformer DEBUG]  - dev.architectury.transformer.transformers.TransformForgeEnvironment$$Lambda/0x000001de0808e008@120d3fd
[Architectury Transformer DEBUG] Remapping Classes:
[Architectury Transformer DEBUG] net/fabricmc/api/EnvType -> net/minecraftforge/api/distmarker/Dist
[Architectury Transformer DEBUG] net/fabricmc/api/Environment -> net/minecraftforge/api/distmarker/OnlyIn
[Architectury Transformer DEBUG] Found class transformer
[Architectury Transformer DEBUG] Writing com/onewhohears/dscombat/init/ModContainers with maxs=true frames=true
[Architectury Transformer DEBUG] Transformed com/onewhohears/dscombat/init/ModContainers in 11.19 ms
[Architectury Transformer DEBUG] Transforming from com/onewhohears/dscombat/common/container/menu/StorageBoxContainerMenu.class to com/onewhohears/dscombat/common/container/menu/StorageBoxContainerMenu.class with 8 transformer(s) on dev.architectury.transformer.handler.TinyRemapperPreparedTransformerHandler
[Architectury Transformer DEBUG] Remapping with 1 mapping provider(s):
[Architectury Transformer DEBUG]  - dev.architectury.transformer.transformers.TransformForgeEnvironment$$Lambda/0x000001de0808e008@120d3fd
[Architectury Transformer DEBUG] Remapping Classes:
[Architectury Transformer DEBUG] net/fabricmc/api/EnvType -> net/minecraftforge/api/distmarker/Dist
[Architectury Transformer DEBUG] net/fabricmc/api/Environment -> net/minecraftforge/api/distmarker/OnlyIn
[Architectury Transformer DEBUG] Found class transformer
[Architectury Transformer DEBUG] Writing com/onewhohears/dscombat/common/container/menu/StorageBoxContainerMenu with maxs=true frames=true
[Architectury Transformer DEBUG] Transformed com/onewhohears/dscombat/common/container/menu/StorageBoxContainerMenu in 11.05 ms
[Architectury Transformer DEBUG] Transforming from com/onewhohears/dscombat/common/container/menu/VehiclePartsMenu.class to com/onewhohears/dscombat/common/container/menu/VehiclePartsMenu.class with 8 transformer(s) on dev.architectury.transformer.handler.TinyRemapperPreparedTransformerHandler
[Architectury Transformer DEBUG] Remapping with 1 mapping provider(s):
[Architectury Transformer DEBUG]  - dev.architectury.transformer.transformers.TransformForgeEnvironment$$Lambda/0x000001de0808e008@120d3fd
[Architectury Transformer DEBUG] Remapping Classes:
[Architectury Transformer DEBUG] net/fabricmc/api/EnvType -> net/minecraftforge/api/distmarker/Dist
[Architectury Transformer DEBUG] net/fabricmc/api/Environment -> net/minecraftforge/api/distmarker/OnlyIn
[Architectury Transformer DEBUG] Found class transformer
[Architectury Transformer DEBUG] Writing com/onewhohears/dscombat/common/container/menu/VehiclePartsMenu with maxs=true frames=true
[Architectury Transformer DEBUG] Transformed com/onewhohears/dscombat/common/container/menu/VehiclePartsMenu in 7.185 ms
[Architectury Transformer DEBUG] Transforming from com/onewhohears/dscombat/common/container/menu/WeaponsBlockContainerMenu.class to com/onewhohears/dscombat/common/container/menu/WeaponsBlockContainerMenu.class with 8 transformer(s) on dev.architectury.transformer.handler.TinyRemapperPreparedTransformerHandler
[Architectury Transformer DEBUG] Remapping with 1 mapping provider(s):
[Architectury Transformer DEBUG]  - dev.architectury.transformer.transformers.TransformForgeEnvironment$$Lambda/0x000001de0808e008@120d3fd
[Architectury Transformer DEBUG] Remapping Classes:
[Architectury Transformer DEBUG] net/fabricmc/api/EnvType -> net/minecraftforge/api/distmarker/Dist
[Architectury Transformer DEBUG] net/fabricmc/api/Environment -> net/minecraftforge/api/distmarker/OnlyIn
[Architectury Transformer DEBUG] Found class transformer
[Architectury Transformer DEBUG] Writing com/onewhohears/dscombat/common/container/menu/WeaponsBlockContainerMenu with maxs=true frames=true
[Architectury Transformer DEBUG] Transformed com/onewhohears/dscombat/common/container/menu/WeaponsBlockContainerMenu in 8.073 ms
[Architectury Transformer DEBUG] Transforming from com/onewhohears/dscombat/common/container/menu/VehicleBlockContainerMenu.class to com/onewhohears/dscombat/common/container/menu/VehicleBlockContainerMenu.class with 8 transformer(s) on dev.architectury.transformer.handler.TinyRemapperPreparedTransformerHandler
[Architectury Transformer DEBUG] Remapping with 1 mapping provider(s):
[Architectury Transformer DEBUG]  - dev.architectury.transformer.transformers.TransformForgeEnvironment$$Lambda/0x000001de0808e008@120d3fd
[Architectury Transformer DEBUG] Remapping Classes:
[Architectury Transformer DEBUG] net/fabricmc/api/EnvType -> net/minecraftforge/api/distmarker/Dist
[Architectury Transformer DEBUG] net/fabricmc/api/Environment -> net/minecraftforge/api/distmarker/OnlyIn
[Architectury Transformer DEBUG] Found class transformer
[Architectury Transformer DEBUG] Writing com/onewhohears/dscombat/common/container/menu/VehicleBlockContainerMenu with maxs=true frames=true
[Architectury Transformer DEBUG] Transformed com/onewhohears/dscombat/common/container/menu/VehicleBlockContainerMenu in 11.41 ms
[Architectury Transformer DEBUG] Transforming from com/onewhohears/dscombat/common/container/menu/WeaponPartsBlockContainerMenu.class to com/onewhohears/dscombat/common/container/menu/WeaponPartsBlockContainerMenu.class with 8 transformer(s) on dev.architectury.transformer.handler.TinyRemapperPreparedTransformerHandler
[Architectury Transformer DEBUG] Remapping with 1 mapping provider(s):
[Architectury Transformer DEBUG]  - dev.architectury.transformer.transformers.TransformForgeEnvironment$$Lambda/0x000001de0808e008@120d3fd
[Architectury Transformer DEBUG] Remapping Classes:
[Architectury Transformer DEBUG] net/fabricmc/api/EnvType -> net/minecraftforge/api/distmarker/Dist
[Architectury Transformer DEBUG] net/fabricmc/api/Environment -> net/minecraftforge/api/distmarker/OnlyIn
[Architectury Transformer DEBUG] Found class transformer
[Architectury Transformer DEBUG] Writing com/onewhohears/dscombat/common/container/menu/WeaponPartsBlockContainerMenu with maxs=true frames=true
[Architectury Transformer DEBUG] Transformed com/onewhohears/dscombat/common/container/menu/WeaponPartsBlockContainerMenu in 8.284 ms
[Architectury Transformer DEBUG] Transforming from com/onewhohears/dscombat/common/container/menu/MissileLaunchStationContainerMenu.class to com/onewhohears/dscombat/common/container/menu/MissileLaunchStationContainerMenu.class with 8 transformer(s) on dev.architectury.transformer.handler.TinyRemapperPreparedTransformerHandler
[Architectury Transformer DEBUG] Remapping with 1 mapping provider(s):
[Architectury Transformer DEBUG]  - dev.architectury.transformer.transformers.TransformForgeEnvironment$$Lambda/0x000001de0808e008@120d3fd
[Architectury Transformer DEBUG] Remapping Classes:
[Architectury Transformer DEBUG] net/fabricmc/api/EnvType -> net/minecraftforge/api/distmarker/Dist
[Architectury Transformer DEBUG] net/fabricmc/api/Environment -> net/minecraftforge/api/distmarker/OnlyIn
[Architectury Transformer DEBUG] Found class transformer
[Architectury Transformer DEBUG] Writing com/onewhohears/dscombat/common/container/menu/MissileLaunchStationContainerMenu with maxs=true frames=true
[Architectury Transformer DEBUG] Transformed com/onewhohears/dscombat/common/container/menu/MissileLaunchStationContainerMenu in 11.46 ms
[Architectury Transformer DEBUG] Transforming from com/onewhohears/dscombat/init/ModEntities.class to com/onewhohears/dscombat/init/ModEntities.class with 8 transformer(s) on dev.architectury.transformer.handler.TinyRemapperPreparedTransformerHandler
[Architectury Transformer DEBUG] Remapping with 1 mapping provider(s):
[Architectury Transformer DEBUG]  - dev.architectury.transformer.transformers.TransformForgeEnvironment$$Lambda/0x000001de0808e008@120d3fd
[Architectury Transformer DEBUG] Remapping Classes:
[Architectury Transformer DEBUG] net/fabricmc/api/EnvType -> net/minecraftforge/api/distmarker/Dist
[Architectury Transformer DEBUG] net/fabricmc/api/Environment -> net/minecraftforge/api/distmarker/OnlyIn
[Architectury Transformer DEBUG] Found class transformer
[Architectury Transformer DEBUG] Writing com/onewhohears/dscombat/init/ModEntities with maxs=true frames=true
[Architectury Transformer DEBUG] Transformed com/onewhohears/dscombat/init/ModEntities in 11.89 ms
[Architectury Transformer DEBUG] Transforming from com/onewhohears/dscombat/init/ModRecipes.class to com/onewhohears/dscombat/init/ModRecipes.class with 8 transformer(s) on dev.architectury.transformer.handler.TinyRemapperPreparedTransformerHandler
[Architectury Transformer DEBUG] Remapping with 1 mapping provider(s):
[Architectury Transformer DEBUG]  - dev.architectury.transformer.transformers.TransformForgeEnvironment$$Lambda/0x000001de0808e008@120d3fd
[Architectury Transformer DEBUG] Remapping Classes:
[Architectury Transformer DEBUG] net/fabricmc/api/EnvType -> net/minecraftforge/api/distmarker/Dist
[Architectury Transformer DEBUG] net/fabricmc/api/Environment -> net/minecraftforge/api/distmarker/OnlyIn
[Architectury Transformer DEBUG] Found class transformer
[Architectury Transformer DEBUG] Writing com/onewhohears/dscombat/init/ModRecipes with maxs=true frames=true
[Architectury Transformer DEBUG] Transformed com/onewhohears/dscombat/init/ModRecipes in 10.23 ms
[Architectury Transformer DEBUG] Transforming from com/onewhohears/dscombat/init/ModRecipes$SimpleRecipeSerializer.class to com/onewhohears/dscombat/init/ModRecipes$SimpleRecipeSerializer.class with 8 transformer(s) on dev.architectury.transformer.handler.TinyRemapperPreparedTransformerHandler
[Architectury Transformer DEBUG] Remapping with 1 mapping provider(s):
[Architectury Transformer DEBUG]  - dev.architectury.transformer.transformers.TransformForgeEnvironment$$Lambda/0x000001de0808e008@120d3fd
[Architectury Transformer DEBUG] Remapping Classes:
[Architectury Transformer DEBUG] net/fabricmc/api/EnvType -> net/minecraftforge/api/distmarker/Dist
[Architectury Transformer DEBUG] net/fabricmc/api/Environment -> net/minecraftforge/api/distmarker/OnlyIn
[Architectury Transformer DEBUG] Found class transformer
[Architectury Transformer DEBUG] Writing com/onewhohears/dscombat/init/ModRecipes$SimpleRecipeSerializer with maxs=true frames=true
[Architectury Transformer DEBUG] Transformed com/onewhohears/dscombat/init/ModRecipes$SimpleRecipeSerializer in 9.260 ms
[Architectury Transformer DEBUG] Transforming from com/onewhohears/dscombat/crafting/VehicleRecipe$Serializer.class to com/onewhohears/dscombat/crafting/VehicleRecipe$Serializer.class with 8 transformer(s) on dev.architectury.transformer.handler.TinyRemapperPreparedTransformerHandler
[Architectury Transformer DEBUG] Remapping with 1 mapping provider(s):
[Architectury Transformer DEBUG]  - dev.architectury.transformer.transformers.TransformForgeEnvironment$$Lambda/0x000001de0808e008@120d3fd
[Architectury Transformer DEBUG] Remapping Classes:
[Architectury Transformer DEBUG] net/fabricmc/api/EnvType -> net/minecraftforge/api/distmarker/Dist
[Architectury Transformer DEBUG] net/fabricmc/api/Environment -> net/minecraftforge/api/distmarker/OnlyIn
[Architectury Transformer DEBUG] Found class transformer
[Architectury Transformer DEBUG] Writing com/onewhohears/dscombat/crafting/VehicleRecipe$Serializer with maxs=true frames=true
[Architectury Transformer DEBUG] Transformed com/onewhohears/dscombat/crafting/VehicleRecipe$Serializer in 8.817 ms
[Architectury Transformer DEBUG] Transforming from com/onewhohears/dscombat/crafting/WeaponRecipe$Serializer.class to com/onewhohears/dscombat/crafting/WeaponRecipe$Serializer.class with 8 transformer(s) on dev.architectury.transformer.handler.TinyRemapperPreparedTransformerHandler
[Architectury Transformer DEBUG] Remapping with 1 mapping provider(s):
[Architectury Transformer DEBUG]  - dev.architectury.transformer.transformers.TransformForgeEnvironment$$Lambda/0x000001de0808e008@120d3fd
[Architectury Transformer DEBUG] Remapping Classes:
[Architectury Transformer DEBUG] net/fabricmc/api/EnvType -> net/minecraftforge/api/distmarker/Dist
[Architectury Transformer DEBUG] net/fabricmc/api/Environment -> net/minecraftforge/api/distmarker/OnlyIn
[Architectury Transformer DEBUG] Found class transformer
[Architectury Transformer DEBUG] Writing com/onewhohears/dscombat/crafting/WeaponRecipe$Serializer with maxs=true frames=true
[Architectury Transformer DEBUG] Transformed com/onewhohears/dscombat/crafting/WeaponRecipe$Serializer in 13.06 ms
[Architectury Transformer DEBUG] Transforming from com/onewhohears/dscombat/crafting/WeaponPartRecipe$Serializer.class to com/onewhohears/dscombat/crafting/WeaponPartRecipe$Serializer.class with 8 transformer(s) on dev.architectury.transformer.handler.TinyRemapperPreparedTransformerHandler
[Architectury Transformer DEBUG] Remapping with 1 mapping provider(s):
[Architectury Transformer DEBUG]  - dev.architectury.transformer.transformers.TransformForgeEnvironment$$Lambda/0x000001de0808e008@120d3fd
[Architectury Transformer DEBUG] Remapping Classes:
[Architectury Transformer DEBUG] net/fabricmc/api/EnvType -> net/minecraftforge/api/distmarker/Dist
[Architectury Transformer DEBUG] net/fabricmc/api/Environment -> net/minecraftforge/api/distmarker/OnlyIn
[Architectury Transformer DEBUG] Found class transformer
[Architectury Transformer DEBUG] Writing com/onewhohears/dscombat/crafting/WeaponPartRecipe$Serializer with maxs=true frames=true
[Architectury Transformer DEBUG] Transformed com/onewhohears/dscombat/crafting/WeaponPartRecipe$Serializer in 8.444 ms
[Architectury Transformer DEBUG] Transforming from com/onewhohears/dscombat/crafting/BucketConvertRecipe$Serializer.class to com/onewhohears/dscombat/crafting/BucketConvertRecipe$Serializer.class with 8 transformer(s) on dev.architectury.transformer.handler.TinyRemapperPreparedTransformerHandler
[Architectury Transformer DEBUG] Remapping with 1 mapping provider(s):
[Architectury Transformer DEBUG]  - dev.architectury.transformer.transformers.TransformForgeEnvironment$$Lambda/0x000001de0808e008@120d3fd
[Architectury Transformer DEBUG] Remapping Classes:
[Architectury Transformer DEBUG] net/fabricmc/api/EnvType -> net/minecraftforge/api/distmarker/Dist
[Architectury Transformer DEBUG] net/fabricmc/api/Environment -> net/minecraftforge/api/distmarker/OnlyIn
[Architectury Transformer DEBUG] Found class transformer
[Architectury Transformer DEBUG] Writing com/onewhohears/dscombat/crafting/BucketConvertRecipe$Serializer with maxs=true frames=true
[Architectury Transformer DEBUG] Transformed com/onewhohears/dscombat/crafting/BucketConvertRecipe$Serializer in 11.09 ms
[Architectury Transformer DEBUG] Transforming from com/onewhohears/dscombat/init/ModSounds.class to com/onewhohears/dscombat/init/ModSounds.class with 8 transformer(s) on dev.architectury.transformer.handler.TinyRemapperPreparedTransformerHandler
[Architectury Transformer DEBUG] Remapping with 1 mapping provider(s):
[Architectury Transformer DEBUG]  - dev.architectury.transformer.transformers.TransformForgeEnvironment$$Lambda/0x000001de0808e008@120d3fd
[Architectury Transformer DEBUG] Remapping Classes:
[Architectury Transformer DEBUG] net/fabricmc/api/EnvType -> net/minecraftforge/api/distmarker/Dist
[Architectury Transformer DEBUG] net/fabricmc/api/Environment -> net/minecraftforge/api/distmarker/OnlyIn
[Architectury Transformer DEBUG] Found class transformer
[Architectury Transformer DEBUG] Writing com/onewhohears/dscombat/init/ModSounds with maxs=true frames=true
[Architectury Transformer DEBUG] Transformed com/onewhohears/dscombat/init/ModSounds in 8.881 ms
[Architectury Transformer DEBUG] Transforming from com/onewhohears/dscombat/data/sound/DSCSoundDefinitionGen.class to com/onewhohears/dscombat/data/sound/DSCSoundDefinitionGen.class with 8 transformer(s) on dev.architectury.transformer.handler.TinyRemapperPreparedTransformerHandler
[Architectury Transformer DEBUG] Remapping with 1 mapping provider(s):
[Architectury Transformer DEBUG]  - dev.architectury.transformer.transformers.TransformForgeEnvironment$$Lambda/0x000001de0808e008@120d3fd
[Architectury Transformer DEBUG] Remapping Classes:
[Architectury Transformer DEBUG] net/fabricmc/api/EnvType -> net/minecraftforge/api/distmarker/Dist
[Architectury Transformer DEBUG] net/fabricmc/api/Environment -> net/minecraftforge/api/distmarker/OnlyIn
[Architectury Transformer DEBUG] Found class transformer
[Architectury Transformer DEBUG] Writing com/onewhohears/dscombat/data/sound/DSCSoundDefinitionGen with maxs=true frames=true
[Architectury Transformer DEBUG] Transformed com/onewhohears/dscombat/data/sound/DSCSoundDefinitionGen in 7.590 ms
[Architectury Transformer DEBUG] Transforming from com/onewhohears/dscombat/init/ModBlockEntities.class to com/onewhohears/dscombat/init/ModBlockEntities.class with 8 transformer(s) on dev.architectury.transformer.handler.TinyRemapperPreparedTransformerHandler
[Architectury Transformer DEBUG] Remapping with 1 mapping provider(s):
[Architectury Transformer DEBUG]  - dev.architectury.transformer.transformers.TransformForgeEnvironment$$Lambda/0x000001de0808e008@120d3fd
[Architectury Transformer DEBUG] Remapping Classes:
[Architectury Transformer DEBUG] net/fabricmc/api/EnvType -> net/minecraftforge/api/distmarker/Dist
[Architectury Transformer DEBUG] net/fabricmc/api/Environment -> net/minecraftforge/api/distmarker/OnlyIn
[Architectury Transformer DEBUG] Found class transformer
[Architectury Transformer DEBUG] Writing com/onewhohears/dscombat/init/ModBlockEntities with maxs=true frames=true
[Architectury Transformer DEBUG] Transformed com/onewhohears/dscombat/init/ModBlockEntities in 6.460 ms
[Architectury Transformer DEBUG] Transforming from com/onewhohears/dscombat/init/ModVillagers.class to com/onewhohears/dscombat/init/ModVillagers.class with 8 transformer(s) on dev.architectury.transformer.handler.TinyRemapperPreparedTransformerHandler
[Architectury Transformer DEBUG] Remapping with 1 mapping provider(s):
[Architectury Transformer DEBUG]  - dev.architectury.transformer.transformers.TransformForgeEnvironment$$Lambda/0x000001de0808e008@120d3fd
[Architectury Transformer DEBUG] Remapping Classes:
[Architectury Transformer DEBUG] net/fabricmc/api/EnvType -> net/minecraftforge/api/distmarker/Dist
[Architectury Transformer DEBUG] net/fabricmc/api/Environment -> net/minecraftforge/api/distmarker/OnlyIn
[Architectury Transformer DEBUG] Found class transformer
[Architectury Transformer DEBUG] Writing com/onewhohears/dscombat/init/ModVillagers with maxs=true frames=true
[Architectury Transformer DEBUG] Transformed com/onewhohears/dscombat/init/ModVillagers in 7.118 ms
[Architectury Transformer DEBUG] Transforming from com/onewhohears/dscombat/init/ModParticles.class to com/onewhohears/dscombat/init/ModParticles.class with 8 transformer(s) on dev.architectury.transformer.handler.TinyRemapperPreparedTransformerHandler
[Architectury Transformer DEBUG] Remapping with 1 mapping provider(s):
[Architectury Transformer DEBUG]  - dev.architectury.transformer.transformers.TransformForgeEnvironment$$Lambda/0x000001de0808e008@120d3fd
[Architectury Transformer DEBUG] Remapping Classes:
[Architectury Transformer DEBUG] net/fabricmc/api/EnvType -> net/minecraftforge/api/distmarker/Dist
[Architectury Transformer DEBUG] net/fabricmc/api/Environment -> net/minecraftforge/api/distmarker/OnlyIn
[Architectury Transformer DEBUG] Found class transformer
[Architectury Transformer DEBUG] Writing com/onewhohears/dscombat/init/ModParticles with maxs=true frames=true
[Architectury Transformer DEBUG] Transformed com/onewhohears/dscombat/init/ModParticles in 7.800 ms
[Architectury Transformer DEBUG] Transforming from com/onewhohears/dscombat/init/ModTags.class to com/onewhohears/dscombat/init/ModTags.class with 8 transformer(s) on dev.architectury.transformer.handler.TinyRemapperPreparedTransformerHandler
[Architectury Transformer DEBUG] Remapping with 1 mapping provider(s):
[Architectury Transformer DEBUG]  - dev.architectury.transformer.transformers.TransformForgeEnvironment$$Lambda/0x000001de0808e008@120d3fd
[Architectury Transformer DEBUG] Remapping Classes:
[Architectury Transformer DEBUG] net/fabricmc/api/EnvType -> net/minecraftforge/api/distmarker/Dist
[Architectury Transformer DEBUG] net/fabricmc/api/Environment -> net/minecraftforge/api/distmarker/OnlyIn
[Architectury Transformer DEBUG] Found class transformer
[Architectury Transformer DEBUG] Writing com/onewhohears/dscombat/init/ModTags with maxs=true frames=true
[Architectury Transformer DEBUG] Transformed com/onewhohears/dscombat/init/ModTags in 7.937 ms
[Architectury Transformer DEBUG] Transforming from com/onewhohears/dscombat/init/ModTags$Blocks.class to com/onewhohears/dscombat/init/ModTags$Blocks.class with 8 transformer(s) on dev.architectury.transformer.handler.TinyRemapperPreparedTransformerHandler
[Architectury Transformer DEBUG] Remapping with 1 mapping provider(s):
[Architectury Transformer DEBUG]  - dev.architectury.transformer.transformers.TransformForgeEnvironment$$Lambda/0x000001de0808e008@120d3fd
[Architectury Transformer DEBUG] Remapping Classes:
[Architectury Transformer DEBUG] net/fabricmc/api/EnvType -> net/minecraftforge/api/distmarker/Dist
[Architectury Transformer DEBUG] net/fabricmc/api/Environment -> net/minecraftforge/api/distmarker/OnlyIn
[Architectury Transformer DEBUG] Found class transformer
[Architectury Transformer DEBUG] Writing com/onewhohears/dscombat/init/ModTags$Blocks with maxs=true frames=true
[Architectury Transformer DEBUG] Transformed com/onewhohears/dscombat/init/ModTags$Blocks in 5.498 ms
[Architectury Transformer DEBUG] Transforming from com/onewhohears/dscombat/init/ModTags$EntityTypes.class to com/onewhohears/dscombat/init/ModTags$EntityTypes.class with 8 transformer(s) on dev.architectury.transformer.handler.TinyRemapperPreparedTransformerHandler
[Architectury Transformer DEBUG] Remapping with 1 mapping provider(s):
[Architectury Transformer DEBUG]  - dev.architectury.transformer.transformers.TransformForgeEnvironment$$Lambda/0x000001de0808e008@120d3fd
[Architectury Transformer DEBUG] Remapping Classes:
[Architectury Transformer DEBUG] net/fabricmc/api/EnvType -> net/minecraftforge/api/distmarker/Dist
[Architectury Transformer DEBUG] net/fabricmc/api/Environment -> net/minecraftforge/api/distmarker/OnlyIn
[Architectury Transformer DEBUG] Found class transformer
[Architectury Transformer DEBUG] Writing com/onewhohears/dscombat/init/ModTags$EntityTypes with maxs=true frames=true
[Architectury Transformer DEBUG] Transformed com/onewhohears/dscombat/init/ModTags$EntityTypes in 6.159 ms
[Architectury Transformer DEBUG] Transforming from com/onewhohears/dscombat/init/ModTags$Items.class to com/onewhohears/dscombat/init/ModTags$Items.class with 8 transformer(s) on dev.architectury.transformer.handler.TinyRemapperPreparedTransformerHandler
[Architectury Transformer DEBUG] Remapping with 1 mapping provider(s):
[Architectury Transformer DEBUG]  - dev.architectury.transformer.transformers.TransformForgeEnvironment$$Lambda/0x000001de0808e008@120d3fd
[Architectury Transformer DEBUG] Remapping Classes:
[Architectury Transformer DEBUG] net/fabricmc/api/EnvType -> net/minecraftforge/api/distmarker/Dist
[Architectury Transformer DEBUG] net/fabricmc/api/Environment -> net/minecraftforge/api/distmarker/OnlyIn
[Architectury Transformer DEBUG] Found class transformer
[Architectury Transformer DEBUG] Writing com/onewhohears/dscombat/init/ModTags$Items with maxs=true frames=true
[Architectury Transformer DEBUG] Transformed com/onewhohears/dscombat/init/ModTags$Items in 7.072 ms
[Architectury Transformer DEBUG] Transforming from com/onewhohears/dscombat/init/DataSerializers.class to com/onewhohears/dscombat/init/DataSerializers.class with 8 transformer(s) on dev.architectury.transformer.handler.TinyRemapperPreparedTransformerHandler
[Architectury Transformer DEBUG] Remapping with 1 mapping provider(s):
[Architectury Transformer DEBUG]  - dev.architectury.transformer.transformers.TransformForgeEnvironment$$Lambda/0x000001de0808e008@120d3fd
[Architectury Transformer DEBUG] Remapping Classes:
[Architectury Transformer DEBUG] net/fabricmc/api/EnvType -> net/minecraftforge/api/distmarker/Dist
[Architectury Transformer DEBUG] net/fabricmc/api/Environment -> net/minecraftforge/api/distmarker/OnlyIn
[Architectury Transformer DEBUG] Found class transformer
[Architectury Transformer DEBUG] Writing com/onewhohears/dscombat/init/DataSerializers with maxs=true frames=true
[Architectury Transformer DEBUG] Transformed com/onewhohears/dscombat/init/DataSerializers in 9.575 ms
[Architectury Transformer DEBUG] Transforming from com/onewhohears/dscombat/init/DataSerializers$1.class to com/onewhohears/dscombat/init/DataSerializers$1.class with 8 transformer(s) on dev.architectury.transformer.handler.TinyRemapperPreparedTransformerHandler
[Architectury Transformer DEBUG] Remapping with 1 mapping provider(s):
[Architectury Transformer DEBUG]  - dev.architectury.transformer.transformers.TransformForgeEnvironment$$Lambda/0x000001de0808e008@120d3fd
[Architectury Transformer DEBUG] Remapping Classes:
[Architectury Transformer DEBUG] net/fabricmc/api/EnvType -> net/minecraftforge/api/distmarker/Dist
[Architectury Transformer DEBUG] net/fabricmc/api/Environment -> net/minecraftforge/api/distmarker/OnlyIn
[Architectury Transformer DEBUG] Found class transformer
[Architectury Transformer DEBUG] Writing com/onewhohears/dscombat/init/DataSerializers$1 with maxs=true frames=true
[Architectury Transformer DEBUG] Transformed com/onewhohears/dscombat/init/DataSerializers$1 in 6.785 ms
[Architectury Transformer DEBUG] Transforming from com/onewhohears/dscombat/init/DataSerializers$2.class to com/onewhohears/dscombat/init/DataSerializers$2.class with 8 transformer(s) on dev.architectury.transformer.handler.TinyRemapperPreparedTransformerHandler
[Architectury Transformer DEBUG] Remapping with 1 mapping provider(s):
[Architectury Transformer DEBUG]  - dev.architectury.transformer.transformers.TransformForgeEnvironment$$Lambda/0x000001de0808e008@120d3fd
[Architectury Transformer DEBUG] Remapping Classes:
[Architectury Transformer DEBUG] net/fabricmc/api/EnvType -> net/minecraftforge/api/distmarker/Dist
[Architectury Transformer DEBUG] net/fabricmc/api/Environment -> net/minecraftforge/api/distmarker/OnlyIn
[Architectury Transformer DEBUG] Found class transformer
[Architectury Transformer DEBUG] Writing com/onewhohears/dscombat/init/DataSerializers$2 with maxs=true frames=true
[Architectury Transformer DEBUG] Transformed com/onewhohears/dscombat/init/DataSerializers$2 in 8.419 ms
[Architectury Transformer DEBUG] Transforming from com/onewhohears/dscombat/init/DataSerializers$3.class to com/onewhohears/dscombat/init/DataSerializers$3.class with 8 transformer(s) on dev.architectury.transformer.handler.TinyRemapperPreparedTransformerHandler
[Architectury Transformer DEBUG] Remapping with 1 mapping provider(s):
[Architectury Transformer DEBUG]  - dev.architectury.transformer.transformers.TransformForgeEnvironment$$Lambda/0x000001de0808e008@120d3fd
[Architectury Transformer DEBUG] Remapping Classes:
[Architectury Transformer DEBUG] net/fabricmc/api/EnvType -> net/minecraftforge/api/distmarker/Dist
[Architectury Transformer DEBUG] net/fabricmc/api/Environment -> net/minecraftforge/api/distmarker/OnlyIn
[Architectury Transformer DEBUG] Found class transformer
[Architectury Transformer DEBUG] Writing com/onewhohears/dscombat/init/DataSerializers$3 with maxs=true frames=true
[Architectury Transformer DEBUG] Transformed com/onewhohears/dscombat/init/DataSerializers$3 in 4.915 ms
[Architectury Transformer DEBUG] Transforming from com/onewhohears/dscombat/init/DataSerializers$4.class to com/onewhohears/dscombat/init/DataSerializers$4.class with 8 transformer(s) on dev.architectury.transformer.handler.TinyRemapperPreparedTransformerHandler
[Architectury Transformer DEBUG] Remapping with 1 mapping provider(s):
[Architectury Transformer DEBUG]  - dev.architectury.transformer.transformers.TransformForgeEnvironment$$Lambda/0x000001de0808e008@120d3fd
[Architectury Transformer DEBUG] Remapping Classes:
[Architectury Transformer DEBUG] net/fabricmc/api/EnvType -> net/minecraftforge/api/distmarker/Dist
[Architectury Transformer DEBUG] net/fabricmc/api/Environment -> net/minecraftforge/api/distmarker/OnlyIn
[Architectury Transformer DEBUG] Found class transformer
[Architectury Transformer DEBUG] Writing com/onewhohears/dscombat/init/DataSerializers$4 with maxs=true frames=true
[Architectury Transformer DEBUG] Transformed com/onewhohears/dscombat/init/DataSerializers$4 in 10.35 ms
[Architectury Transformer DEBUG] Transforming from com/onewhohears/dscombat/entity/vehicle/EntityVehicle$PermMode.class to com/onewhohears/dscombat/entity/vehicle/EntityVehicle$PermMode.class with 8 transformer(s) on dev.architectury.transformer.handler.TinyRemapperPreparedTransformerHandler
[Architectury Transformer DEBUG] Remapping with 1 mapping provider(s):
[Architectury Transformer DEBUG]  - dev.architectury.transformer.transformers.TransformForgeEnvironment$$Lambda/0x000001de0808e008@120d3fd
[Architectury Transformer DEBUG] Remapping Classes:
[Architectury Transformer DEBUG] net/fabricmc/api/EnvType -> net/minecraftforge/api/distmarker/Dist
[Architectury Transformer DEBUG] net/fabricmc/api/Environment -> net/minecraftforge/api/distmarker/OnlyIn
[Architectury Transformer DEBUG] Found class transformer
[Architectury Transformer DEBUG] Writing com/onewhohears/dscombat/entity/vehicle/EntityVehicle$PermMode with maxs=true frames=true
[Architectury Transformer DEBUG] Transformed com/onewhohears/dscombat/entity/vehicle/EntityVehicle$PermMode in 5.663 ms
[Architectury Transformer DEBUG] Transforming from com/onewhohears/dscombat/data/mine/MinePresets.class to com/onewhohears/dscombat/data/mine/MinePresets.class with 8 transformer(s) on dev.architectury.transformer.handler.TinyRemapperPreparedTransformerHandler
[Architectury Transformer DEBUG] Remapping with 1 mapping provider(s):
[Architectury Transformer DEBUG]  - dev.architectury.transformer.transformers.TransformForgeEnvironment$$Lambda/0x000001de0808e008@120d3fd
[Architectury Transformer DEBUG] Remapping Classes:
[Architectury Transformer DEBUG] net/fabricmc/api/EnvType -> net/minecraftforge/api/distmarker/Dist
[Architectury Transformer DEBUG] net/fabricmc/api/Environment -> net/minecraftforge/api/distmarker/OnlyIn
[Architectury Transformer DEBUG] Found class transformer
[Architectury Transformer DEBUG] Writing com/onewhohears/dscombat/data/mine/MinePresets with maxs=true frames=true
[Architectury Transformer DEBUG] Transformed com/onewhohears/dscombat/data/mine/MinePresets in 8.750 ms
[Architectury Transformer DEBUG] Transforming from com/onewhohears/dscombat/data/mine/MineStats.class to com/onewhohears/dscombat/data/mine/MineStats.class with 8 transformer(s) on dev.architectury.transformer.handler.TinyRemapperPreparedTransformerHandler
[Architectury Transformer DEBUG] Remapping with 1 mapping provider(s):
[Architectury Transformer DEBUG]  - dev.architectury.transformer.transformers.TransformForgeEnvironment$$Lambda/0x000001de0808e008@120d3fd
[Architectury Transformer DEBUG] Remapping Classes:
[Architectury Transformer DEBUG] net/fabricmc/api/EnvType -> net/minecraftforge/api/distmarker/Dist
[Architectury Transformer DEBUG] net/fabricmc/api/Environment -> net/minecraftforge/api/distmarker/OnlyIn
[Architectury Transformer DEBUG] Found class transformer
[Architectury Transformer DEBUG] Writing com/onewhohears/dscombat/data/mine/MineStats with maxs=true frames=true
[Architectury Transformer DEBUG] Transformed com/onewhohears/dscombat/data/mine/MineStats in 5.927 ms
[Architectury Transformer DEBUG] Transforming from com/onewhohears/dscombat/data/mine/MineStats$MineType.class to com/onewhohears/dscombat/data/mine/MineStats$MineType.class with 8 transformer(s) on dev.architectury.transformer.handler.TinyRemapperPreparedTransformerHandler
[Architectury Transformer DEBUG] Remapping with 1 mapping provider(s):
[Architectury Transformer DEBUG]  - dev.architectury.transformer.transformers.TransformForgeEnvironment$$Lambda/0x000001de0808e008@120d3fd
[Architectury Transformer DEBUG] Remapping Classes:
[Architectury Transformer DEBUG] net/fabricmc/api/EnvType -> net/minecraftforge/api/distmarker/Dist
[Architectury Transformer DEBUG] net/fabricmc/api/Environment -> net/minecraftforge/api/distmarker/OnlyIn
[Architectury Transformer DEBUG] Found class transformer
[Architectury Transformer DEBUG] Writing com/onewhohears/dscombat/data/mine/MineStats$MineType with maxs=true frames=true
[Architectury Transformer DEBUG] Transformed com/onewhohears/dscombat/data/mine/MineStats$MineType in 9.656 ms
[Architectury Transformer DEBUG] Transforming from com/onewhohears/dscombat/client/event/ClientEventHandlers.class to com/onewhohears/dscombat/client/event/ClientEventHandlers.class with 8 transformer(s) on dev.architectury.transformer.handler.TinyRemapperPreparedTransformerHandler
[Architectury Transformer DEBUG] Remapping with 1 mapping provider(s):
[Architectury Transformer DEBUG]  - dev.architectury.transformer.transformers.TransformForgeEnvironment$$Lambda/0x000001de0808e008@120d3fd
[Architectury Transformer DEBUG] Remapping Classes:
[Architectury Transformer DEBUG] net/fabricmc/api/EnvType -> net/minecraftforge/api/distmarker/Dist
[Architectury Transformer DEBUG] net/fabricmc/api/Environment -> net/minecraftforge/api/distmarker/OnlyIn
[Architectury Transformer DEBUG] Found class transformer
[Architectury Transformer DEBUG] Writing com/onewhohears/dscombat/client/event/ClientEventHandlers with maxs=true frames=true
[Architectury Transformer DEBUG] Transformed com/onewhohears/dscombat/client/event/ClientEventHandlers in 8.493 ms
[Architectury Transformer DEBUG] Transforming from com/onewhohears/dscombat/client/event/ClientInputEventHandlers.class to com/onewhohears/dscombat/client/event/ClientInputEventHandlers.class with 8 transformer(s) on dev.architectury.transformer.handler.TinyRemapperPreparedTransformerHandler
[Architectury Transformer DEBUG] Remapping with 1 mapping provider(s):
[Architectury Transformer DEBUG]  - dev.architectury.transformer.transformers.TransformForgeEnvironment$$Lambda/0x000001de0808e008@120d3fd
[Architectury Transformer DEBUG] Remapping Classes:
[Architectury Transformer DEBUG] net/fabricmc/api/EnvType -> net/minecraftforge/api/distmarker/Dist
[Architectury Transformer DEBUG] net/fabricmc/api/Environment -> net/minecraftforge/api/distmarker/OnlyIn
[Architectury Transformer DEBUG] Found class transformer
[Architectury Transformer DEBUG] Writing com/onewhohears/dscombat/client/event/ClientInputEventHandlers with maxs=true frames=true
[Architectury Transformer DEBUG] Transformed com/onewhohears/dscombat/client/event/ClientInputEventHandlers in 6.209 ms
[Architectury Transformer DEBUG] Transforming from com/onewhohears/dscombat/client/model/obj/HardCodedModelAnims.class to com/onewhohears/dscombat/client/model/obj/HardCodedModelAnims.class with 8 transformer(s) on dev.architectury.transformer.handler.TinyRemapperPreparedTransformerHandler
[Architectury Transformer DEBUG] Remapping with 1 mapping provider(s):
[Architectury Transformer DEBUG]  - dev.architectury.transformer.transformers.TransformForgeEnvironment$$Lambda/0x000001de0808e008@120d3fd
[Architectury Transformer DEBUG] Remapping Classes:
[Architectury Transformer DEBUG] net/fabricmc/api/EnvType -> net/minecraftforge/api/distmarker/Dist
[Architectury Transformer DEBUG] net/fabricmc/api/Environment -> net/minecraftforge/api/distmarker/OnlyIn
[Architectury Transformer DEBUG] Found class transformer
[Architectury Transformer DEBUG] Writing com/onewhohears/dscombat/client/model/obj/HardCodedModelAnims with maxs=true frames=true
[Architectury Transformer DEBUG] Transformed com/onewhohears/dscombat/client/model/obj/HardCodedModelAnims in 7.966 ms
[Architectury Transformer DEBUG] Transforming from com/onewhohears/dscombat/client/model/obj/ObjVehicleModel.class to com/onewhohears/dscombat/client/model/obj/ObjVehicleModel.class with 8 transformer(s) on dev.architectury.transformer.handler.TinyRemapperPreparedTransformerHandler
[Architectury Transformer DEBUG] Remapping with 1 mapping provider(s):
[Architectury Transformer DEBUG]  - dev.architectury.transformer.transformers.TransformForgeEnvironment$$Lambda/0x000001de0808e008@120d3fd
[Architectury Transformer DEBUG] Remapping Classes:
[Architectury Transformer DEBUG] net/fabricmc/api/EnvType -> net/minecraftforge/api/distmarker/Dist
[Architectury Transformer DEBUG] net/fabricmc/api/Environment -> net/minecraftforge/api/distmarker/OnlyIn
[Architectury Transformer DEBUG] Found class transformer
[Architectury Transformer DEBUG] Writing com/onewhohears/dscombat/client/model/obj/ObjVehicleModel with maxs=true frames=true
[Architectury Transformer DEBUG] Transformed com/onewhohears/dscombat/client/model/obj/ObjVehicleModel in 6.983 ms
[Architectury Transformer DEBUG] Transforming from com/onewhohears/dscombat/client/model/obj/custom/BroncoPlaneModel.class to com/onewhohears/dscombat/client/model/obj/custom/BroncoPlaneModel.class with 8 transformer(s) on dev.architectury.transformer.handler.TinyRemapperPreparedTransformerHandler
[Architectury Transformer DEBUG] Remapping with 1 mapping provider(s):
[Architectury Transformer DEBUG]  - dev.architectury.transformer.transformers.TransformForgeEnvironment$$Lambda/0x000001de0808e008@120d3fd
[Architectury Transformer DEBUG] Remapping Classes:
[Architectury Transformer DEBUG] net/fabricmc/api/EnvType -> net/minecraftforge/api/distmarker/Dist
[Architectury Transformer DEBUG] net/fabricmc/api/Environment -> net/minecraftforge/api/distmarker/OnlyIn
[Architectury Transformer DEBUG] Found class transformer
[Architectury Transformer DEBUG] Writing com/onewhohears/dscombat/client/model/obj/custom/BroncoPlaneModel with maxs=true frames=true
[Architectury Transformer DEBUG] Transformed com/onewhohears/dscombat/client/model/obj/custom/BroncoPlaneModel in 8.124 ms
[Architectury Transformer DEBUG] Transforming from com/onewhohears/dscombat/entity/vehicle/EntityVehicle.class to com/onewhohears/dscombat/entity/vehicle/EntityVehicle.class with 8 transformer(s) on dev.architectury.transformer.handler.TinyRemapperPreparedTransformerHandler
[Architectury Transformer DEBUG] Remapping with 1 mapping provider(s):
[Architectury Transformer DEBUG]  - dev.architectury.transformer.transformers.TransformForgeEnvironment$$Lambda/0x000001de0808e008@120d3fd
[Architectury Transformer DEBUG] Remapping Classes:
[Architectury Transformer DEBUG] net/fabricmc/api/EnvType -> net/minecraftforge/api/distmarker/Dist
[Architectury Transformer DEBUG] net/fabricmc/api/Environment -> net/minecraftforge/api/distmarker/OnlyIn
[Architectury Transformer DEBUG] Found class transformer
[Architectury Transformer DEBUG] Writing com/onewhohears/dscombat/entity/vehicle/EntityVehicle with maxs=true frames=true
[Architectury Transformer DEBUG] Transformed com/onewhohears/dscombat/entity/vehicle/EntityVehicle in 21.28 ms
[Architectury Transformer DEBUG] Transforming from com/onewhohears/dscombat/entity/IREmitter.class to com/onewhohears/dscombat/entity/IREmitter.class with 8 transformer(s) on dev.architectury.transformer.handler.TinyRemapperPreparedTransformerHandler
[Architectury Transformer DEBUG] Remapping with 1 mapping provider(s):
[Architectury Transformer DEBUG]  - dev.architectury.transformer.transformers.TransformForgeEnvironment$$Lambda/0x000001de0808e008@120d3fd
[Architectury Transformer DEBUG] Remapping Classes:
[Architectury Transformer DEBUG] net/fabricmc/api/EnvType -> net/minecraftforge/api/distmarker/Dist
[Architectury Transformer DEBUG] net/fabricmc/api/Environment -> net/minecraftforge/api/distmarker/OnlyIn
[Architectury Transformer DEBUG] Found class transformer
[Architectury Transformer DEBUG] Writing com/onewhohears/dscombat/entity/IREmitter with maxs=true frames=true
[Architectury Transformer DEBUG] Transformed com/onewhohears/dscombat/entity/IREmitter in 6.745 ms
[Architectury Transformer DEBUG] Transforming from com/onewhohears/dscombat/entity/DrivingBody.class to com/onewhohears/dscombat/entity/DrivingBody.class with 8 transformer(s) on dev.architectury.transformer.handler.TinyRemapperPreparedTransformerHandler
[Architectury Transformer DEBUG] Remapping with 1 mapping provider(s):
[Architectury Transformer DEBUG]  - dev.architectury.transformer.transformers.TransformForgeEnvironment$$Lambda/0x000001de0808e008@120d3fd
[Architectury Transformer DEBUG] Remapping Classes:
[Architectury Transformer DEBUG] net/fabricmc/api/EnvType -> net/minecraftforge/api/distmarker/Dist
[Architectury Transformer DEBUG] net/fabricmc/api/Environment -> net/minecraftforge/api/distmarker/OnlyIn
[Architectury Transformer DEBUG] Found class transformer
[Architectury Transformer DEBUG] Writing com/onewhohears/dscombat/entity/DrivingBody with maxs=true frames=true
[Architectury Transformer DEBUG] Transformed com/onewhohears/dscombat/entity/DrivingBody in 5.179 ms
[Architectury Transformer DEBUG] Transforming from com/onewhohears/dscombat/entity/PhysicsBody.class to com/onewhohears/dscombat/entity/PhysicsBody.class with 8 transformer(s) on dev.architectury.transformer.handler.TinyRemapperPreparedTransformerHandler
[Architectury Transformer DEBUG] Remapping with 1 mapping provider(s):
[Architectury Transformer DEBUG]  - dev.architectury.transformer.transformers.TransformForgeEnvironment$$Lambda/0x000001de0808e008@120d3fd
[Architectury Transformer DEBUG] Remapping Classes:
[Architectury Transformer DEBUG] net/fabricmc/api/EnvType -> net/minecraftforge/api/distmarker/Dist
[Architectury Transformer DEBUG] net/fabricmc/api/Environment -> net/minecraftforge/api/distmarker/OnlyIn
[Architectury Transformer DEBUG] Found class transformer
[Architectury Transformer DEBUG] Writing com/onewhohears/dscombat/entity/PhysicsBody with maxs=true frames=true
[Architectury Transformer DEBUG] Transformed com/onewhohears/dscombat/entity/PhysicsBody in 7.045 ms
[Architectury Transformer DEBUG] Transforming from com/onewhohears/dscombat/entity/TrampleHandler.class to com/onewhohears/dscombat/entity/TrampleHandler.class with 8 transformer(s) on dev.architectury.transformer.handler.TinyRemapperPreparedTransformerHandler
[Architectury Transformer DEBUG] Remapping with 1 mapping provider(s):
[Architectury Transformer DEBUG]  - dev.architectury.transformer.transformers.TransformForgeEnvironment$$Lambda/0x000001de0808e008@120d3fd
[Architectury Transformer DEBUG] Remapping Classes:
[Architectury Transformer DEBUG] net/fabricmc/api/EnvType -> net/minecraftforge/api/distmarker/Dist
[Architectury Transformer DEBUG] net/fabricmc/api/Environment -> net/minecraftforge/api/distmarker/OnlyIn
[Architectury Transformer DEBUG] Found class transformer
[Architectury Transformer DEBUG] Writing com/onewhohears/dscombat/entity/TrampleHandler with maxs=true frames=true
[Architectury Transformer DEBUG] Transformed com/onewhohears/dscombat/entity/TrampleHandler in 7.749 ms
[Architectury Transformer DEBUG] Transforming from com/onewhohears/dscombat/client/model/obj/custom/CorvetteModel.class to com/onewhohears/dscombat/client/model/obj/custom/CorvetteModel.class with 8 transformer(s) on dev.architectury.transformer.handler.TinyRemapperPreparedTransformerHandler
[Architectury Transformer DEBUG] Remapping with 1 mapping provider(s):
[Architectury Transformer DEBUG]  - dev.architectury.transformer.transformers.TransformForgeEnvironment$$Lambda/0x000001de0808e008@120d3fd
[Architectury Transformer DEBUG] Remapping Classes:
[Architectury Transformer DEBUG] net/fabricmc/api/EnvType -> net/minecraftforge/api/distmarker/Dist
[Architectury Transformer DEBUG] net/fabricmc/api/Environment -> net/minecraftforge/api/distmarker/OnlyIn
[Architectury Transformer DEBUG] Found class transformer
[Architectury Transformer DEBUG] Writing com/onewhohears/dscombat/client/model/obj/custom/CorvetteModel with maxs=true frames=true
[Architectury Transformer DEBUG] Transformed com/onewhohears/dscombat/client/model/obj/custom/CorvetteModel in 8.226 ms
[Architectury Transformer DEBUG] Transforming from com/onewhohears/dscombat/client/model/obj/custom/GoogleSubModel.class to com/onewhohears/dscombat/client/model/obj/custom/GoogleSubModel.class with 8 transformer(s) on dev.architectury.transformer.handler.TinyRemapperPreparedTransformerHandler
[Architectury Transformer DEBUG] Remapping with 1 mapping provider(s):
[Architectury Transformer DEBUG]  - dev.architectury.transformer.transformers.TransformForgeEnvironment$$Lambda/0x000001de0808e008@120d3fd
[Architectury Transformer DEBUG] Remapping Classes:
[Architectury Transformer DEBUG] net/fabricmc/api/EnvType -> net/minecraftforge/api/distmarker/Dist
[Architectury Transformer DEBUG] net/fabricmc/api/Environment -> net/minecraftforge/api/distmarker/OnlyIn
[Architectury Transformer DEBUG] Found class transformer
[Architectury Transformer DEBUG] Writing com/onewhohears/dscombat/client/model/obj/custom/GoogleSubModel with maxs=true frames=true
[Architectury Transformer DEBUG] Transformed com/onewhohears/dscombat/client/model/obj/custom/GoogleSubModel in 4.585 ms
[Architectury Transformer DEBUG] Transforming from com/onewhohears/dscombat/client/model/obj/custom/JasonPlaneModel.class to com/onewhohears/dscombat/client/model/obj/custom/JasonPlaneModel.class with 8 transformer(s) on dev.architectury.transformer.handler.TinyRemapperPreparedTransformerHandler
[Architectury Transformer DEBUG] Remapping with 1 mapping provider(s):
[Architectury Transformer DEBUG]  - dev.architectury.transformer.transformers.TransformForgeEnvironment$$Lambda/0x000001de0808e008@120d3fd
[Architectury Transformer DEBUG] Remapping Classes:
[Architectury Transformer DEBUG] net/fabricmc/api/EnvType -> net/minecraftforge/api/distmarker/Dist
[Architectury Transformer DEBUG] net/fabricmc/api/Environment -> net/minecraftforge/api/distmarker/OnlyIn
[Architectury Transformer DEBUG] Found class transformer
[Architectury Transformer DEBUG] Writing com/onewhohears/dscombat/client/model/obj/custom/JasonPlaneModel with maxs=true frames=true
[Architectury Transformer DEBUG] Transformed com/onewhohears/dscombat/client/model/obj/custom/JasonPlaneModel in 5.791 ms
[Architectury Transformer DEBUG] Transforming from com/onewhohears/dscombat/client/model/obj/ObjPartModel.class to com/onewhohears/dscombat/client/model/obj/ObjPartModel.class with 8 transformer(s) on dev.architectury.transformer.handler.TinyRemapperPreparedTransformerHandler
[Architectury Transformer DEBUG] Remapping with 1 mapping provider(s):
[Architectury Transformer DEBUG]  - dev.architectury.transformer.transformers.TransformForgeEnvironment$$Lambda/0x000001de0808e008@120d3fd
[Architectury Transformer DEBUG] Remapping Classes:
[Architectury Transformer DEBUG] net/fabricmc/api/EnvType -> net/minecraftforge/api/distmarker/Dist
[Architectury Transformer DEBUG] net/fabricmc/api/Environment -> net/minecraftforge/api/distmarker/OnlyIn
[Architectury Transformer DEBUG] Found class transformer
[Architectury Transformer DEBUG] Writing com/onewhohears/dscombat/client/model/obj/ObjPartModel with maxs=true frames=true
[Architectury Transformer DEBUG] Transformed com/onewhohears/dscombat/client/model/obj/ObjPartModel in 5.657 ms
[Architectury Transformer DEBUG] Transforming from com/onewhohears/dscombat/client/model/obj/ObjTurretModel.class to com/onewhohears/dscombat/client/model/obj/ObjTurretModel.class with 8 transformer(s) on dev.architectury.transformer.handler.TinyRemapperPreparedTransformerHandler
[Architectury Transformer DEBUG] Remapping with 1 mapping provider(s):
[Architectury Transformer DEBUG]  - dev.architectury.transformer.transformers.TransformForgeEnvironment$$Lambda/0x000001de0808e008@120d3fd
[Architectury Transformer DEBUG] Remapping Classes:
[Architectury Transformer DEBUG] net/fabricmc/api/EnvType -> net/minecraftforge/api/distmarker/Dist
[Architectury Transformer DEBUG] net/fabricmc/api/Environment -> net/minecraftforge/api/distmarker/OnlyIn
[Architectury Transformer DEBUG] Found class transformer
[Architectury Transformer DEBUG] Writing com/onewhohears/dscombat/client/model/obj/ObjTurretModel with maxs=true frames=true
[Architectury Transformer DEBUG] Transformed com/onewhohears/dscombat/client/model/obj/ObjTurretModel in 4.257 ms
[Architectury Transformer DEBUG] Transforming from com/onewhohears/dscombat/client/model/obj/custom/MinigunTurretModel.class to com/onewhohears/dscombat/client/model/obj/custom/MinigunTurretModel.class with 8 transformer(s) on dev.architectury.transformer.handler.TinyRemapperPreparedTransformerHandler
[Architectury Transformer DEBUG] Remapping with 1 mapping provider(s):
[Architectury Transformer DEBUG]  - dev.architectury.transformer.transformers.TransformForgeEnvironment$$Lambda/0x000001de0808e008@120d3fd
[Architectury Transformer DEBUG] Remapping Classes:
[Architectury Transformer DEBUG] net/fabricmc/api/EnvType -> net/minecraftforge/api/distmarker/Dist
[Architectury Transformer DEBUG] net/fabricmc/api/Environment -> net/minecraftforge/api/distmarker/OnlyIn
[Architectury Transformer DEBUG] Found class transformer
[Architectury Transformer DEBUG] Writing com/onewhohears/dscombat/client/model/obj/custom/MinigunTurretModel with maxs=true frames=true
[Architectury Transformer DEBUG] Transformed com/onewhohears/dscombat/client/model/obj/custom/MinigunTurretModel in 7.819 ms
[Architectury Transformer DEBUG] Transforming from com/onewhohears/dscombat/entity/parts/EntityPart.class to com/onewhohears/dscombat/entity/parts/EntityPart.class with 8 transformer(s) on dev.architectury.transformer.handler.TinyRemapperPreparedTransformerHandler
[Architectury Transformer DEBUG] Remapping with 1 mapping provider(s):
[Architectury Transformer DEBUG]  - dev.architectury.transformer.transformers.TransformForgeEnvironment$$Lambda/0x000001de0808e008@120d3fd
[Architectury Transformer DEBUG] Remapping Classes:
[Architectury Transformer DEBUG] net/fabricmc/api/EnvType -> net/minecraftforge/api/distmarker/Dist
[Architectury Transformer DEBUG] net/fabricmc/api/Environment -> net/minecraftforge/api/distmarker/OnlyIn
[Architectury Transformer DEBUG] Found class transformer
[Architectury Transformer DEBUG] Writing com/onewhohears/dscombat/entity/parts/EntityPart with maxs=true frames=true
[Architectury Transformer DEBUG] Transformed com/onewhohears/dscombat/entity/parts/EntityPart in 5.770 ms
[Architectury Transformer DEBUG] Transforming from com/onewhohears/dscombat/entity/parts/EntityRidablePart.class to com/onewhohears/dscombat/entity/parts/EntityRidablePart.class with 8 transformer(s) on dev.architectury.transformer.handler.TinyRemapperPreparedTransformerHandler
[Architectury Transformer DEBUG] Remapping with 1 mapping provider(s):
[Architectury Transformer DEBUG]  - dev.architectury.transformer.transformers.TransformForgeEnvironment$$Lambda/0x000001de0808e008@120d3fd
[Architectury Transformer DEBUG] Remapping Classes:
[Architectury Transformer DEBUG] net/fabricmc/api/EnvType -> net/minecraftforge/api/distmarker/Dist
[Architectury Transformer DEBUG] net/fabricmc/api/Environment -> net/minecraftforge/api/distmarker/OnlyIn
[Architectury Transformer DEBUG] Found class transformer
[Architectury Transformer DEBUG] Writing com/onewhohears/dscombat/entity/parts/EntityRidablePart with maxs=true frames=true
[Architectury Transformer DEBUG] Transformed com/onewhohears/dscombat/entity/parts/EntityRidablePart in 9.175 ms
[Architectury Transformer DEBUG] Transforming from com/onewhohears/dscombat/entity/parts/EntityTurret.class to com/onewhohears/dscombat/entity/parts/EntityTurret.class with 8 transformer(s) on dev.architectury.transformer.handler.TinyRemapperPreparedTransformerHandler
[Architectury Transformer DEBUG] Remapping with 1 mapping provider(s):
[Architectury Transformer DEBUG]  - dev.architectury.transformer.transformers.TransformForgeEnvironment$$Lambda/0x000001de0808e008@120d3fd
[Architectury Transformer DEBUG] Remapping Classes:
[Architectury Transformer DEBUG] net/fabricmc/api/EnvType -> net/minecraftforge/api/distmarker/Dist
[Architectury Transformer DEBUG] net/fabricmc/api/Environment -> net/minecraftforge/api/distmarker/OnlyIn
[Architectury Transformer DEBUG] Found class transformer
[Architectury Transformer DEBUG] Writing com/onewhohears/dscombat/entity/parts/EntityTurret with maxs=true frames=true
[Architectury Transformer DEBUG] Transformed com/onewhohears/dscombat/entity/parts/EntityTurret in 6.866 ms
[Architectury Transformer DEBUG] Transforming from com/onewhohears/dscombat/client/model/obj/custom/AutoloadingTurretModel.class to com/onewhohears/dscombat/client/model/obj/custom/AutoloadingTurretModel.class with 8 transformer(s) on dev.architectury.transformer.handler.TinyRemapperPreparedTransformerHandler
[Architectury Transformer DEBUG] Remapping with 1 mapping provider(s):
[Architectury Transformer DEBUG]  - dev.architectury.transformer.transformers.TransformForgeEnvironment$$Lambda/0x000001de0808e008@120d3fd
[Architectury Transformer DEBUG] Remapping Classes:
[Architectury Transformer DEBUG] net/fabricmc/api/EnvType -> net/minecraftforge/api/distmarker/Dist
[Architectury Transformer DEBUG] net/fabricmc/api/Environment -> net/minecraftforge/api/distmarker/OnlyIn
[Architectury Transformer DEBUG] Found class transformer
[Architectury Transformer DEBUG] Writing com/onewhohears/dscombat/client/model/obj/custom/AutoloadingTurretModel with maxs=true frames=true
[Architectury Transformer DEBUG] Transformed com/onewhohears/dscombat/client/model/obj/custom/AutoloadingTurretModel in 8.132 ms
[Architectury Transformer DEBUG] Transforming from com/onewhohears/dscombat/client/model/obj/custom/SteveUpSmashModel.class to com/onewhohears/dscombat/client/model/obj/custom/SteveUpSmashModel.class with 8 transformer(s) on dev.architectury.transformer.handler.TinyRemapperPreparedTransformerHandler
[Architectury Transformer DEBUG] Remapping with 1 mapping provider(s):
[Architectury Transformer DEBUG]  - dev.architectury.transformer.transformers.TransformForgeEnvironment$$Lambda/0x000001de0808e008@120d3fd
[Architectury Transformer DEBUG] Remapping Classes:
[Architectury Transformer DEBUG] net/fabricmc/api/EnvType -> net/minecraftforge/api/distmarker/Dist
[Architectury Transformer DEBUG] net/fabricmc/api/Environment -> net/minecraftforge/api/distmarker/OnlyIn
[Architectury Transformer DEBUG] Found class transformer
[Architectury Transformer DEBUG] Writing com/onewhohears/dscombat/client/model/obj/custom/SteveUpSmashModel with maxs=true frames=true
[Architectury Transformer DEBUG] Transformed com/onewhohears/dscombat/client/model/obj/custom/SteveUpSmashModel in 5.688 ms
[Architectury Transformer DEBUG] Transforming from com/onewhohears/dscombat/client/model/obj/custom/SamLauncherModel.class to com/onewhohears/dscombat/client/model/obj/custom/SamLauncherModel.class with 8 transformer(s) on dev.architectury.transformer.handler.TinyRemapperPreparedTransformerHandler
[Architectury Transformer DEBUG] Remapping with 1 mapping provider(s):
[Architectury Transformer DEBUG]  - dev.architectury.transformer.transformers.TransformForgeEnvironment$$Lambda/0x000001de0808e008@120d3fd
[Architectury Transformer DEBUG] Remapping Classes:
[Architectury Transformer DEBUG] net/fabricmc/api/EnvType -> net/minecraftforge/api/distmarker/Dist
[Architectury Transformer DEBUG] net/fabricmc/api/Environment -> net/minecraftforge/api/distmarker/OnlyIn
[Architectury Transformer DEBUG] Found class transformer
[Architectury Transformer DEBUG] Writing com/onewhohears/dscombat/client/model/obj/custom/SamLauncherModel with maxs=true frames=true
[Architectury Transformer DEBUG] Transformed com/onewhohears/dscombat/client/model/obj/custom/SamLauncherModel in 8.119 ms
[Architectury Transformer DEBUG] Transforming from com/onewhohears/dscombat/client/model/obj/custom/MLSModel.class to com/onewhohears/dscombat/client/model/obj/custom/MLSModel.class with 8 transformer(s) on dev.architectury.transformer.handler.TinyRemapperPreparedTransformerHandler
[Architectury Transformer DEBUG] Remapping with 1 mapping provider(s):
[Architectury Transformer DEBUG]  - dev.architectury.transformer.transformers.TransformForgeEnvironment$$Lambda/0x000001de0808e008@120d3fd
[Architectury Transformer DEBUG] Remapping Classes:
[Architectury Transformer DEBUG] net/fabricmc/api/EnvType -> net/minecraftforge/api/distmarker/Dist
[Architectury Transformer DEBUG] net/fabricmc/api/Environment -> net/minecraftforge/api/distmarker/OnlyIn
[Architectury Transformer DEBUG] Found class transformer
[Architectury Transformer DEBUG] Writing com/onewhohears/dscombat/client/model/obj/custom/MLSModel with maxs=true frames=true
[Architectury Transformer DEBUG] Transformed com/onewhohears/dscombat/client/model/obj/custom/MLSModel in 5.823 ms
[Architectury Transformer DEBUG] Transforming from com/onewhohears/dscombat/client/model/obj/custom/TorpedoTubesModel.class to com/onewhohears/dscombat/client/model/obj/custom/TorpedoTubesModel.class with 8 transformer(s) on dev.architectury.transformer.handler.TinyRemapperPreparedTransformerHandler
[Architectury Transformer DEBUG] Remapping with 1 mapping provider(s):
[Architectury Transformer DEBUG]  - dev.architectury.transformer.transformers.TransformForgeEnvironment$$Lambda/0x000001de0808e008@120d3fd
[Architectury Transformer DEBUG] Remapping Classes:
[Architectury Transformer DEBUG] net/fabricmc/api/EnvType -> net/minecraftforge/api/distmarker/Dist
[Architectury Transformer DEBUG] net/fabricmc/api/Environment -> net/minecraftforge/api/distmarker/OnlyIn
[Architectury Transformer DEBUG] Found class transformer
[Architectury Transformer DEBUG] Writing com/onewhohears/dscombat/client/model/obj/custom/TorpedoTubesModel with maxs=true frames=true
[Architectury Transformer DEBUG] Transformed com/onewhohears/dscombat/client/model/obj/custom/TorpedoTubesModel in 7.674 ms
[Architectury Transformer DEBUG] Transforming from com/onewhohears/dscombat/client/model/obj/custom/AATurretModel.class to com/onewhohears/dscombat/client/model/obj/custom/AATurretModel.class with 8 transformer(s) on dev.architectury.transformer.handler.TinyRemapperPreparedTransformerHandler
[Architectury Transformer DEBUG] Remapping with 1 mapping provider(s):
[Architectury Transformer DEBUG]  - dev.architectury.transformer.transformers.TransformForgeEnvironment$$Lambda/0x000001de0808e008@120d3fd
[Architectury Transformer DEBUG] Remapping Classes:
[Architectury Transformer DEBUG] net/fabricmc/api/EnvType -> net/minecraftforge/api/distmarker/Dist
[Architectury Transformer DEBUG] net/fabricmc/api/Environment -> net/minecraftforge/api/distmarker/OnlyIn
[Architectury Transformer DEBUG] Found class transformer
[Architectury Transformer DEBUG] Writing com/onewhohears/dscombat/client/model/obj/custom/AATurretModel with maxs=true frames=true
[Architectury Transformer DEBUG] Transformed com/onewhohears/dscombat/client/model/obj/custom/AATurretModel in 5.112 ms
[Architectury Transformer DEBUG] Transforming from com/onewhohears/dscombat/client/model/obj/custom/CIWSModel.class to com/onewhohears/dscombat/client/model/obj/custom/CIWSModel.class with 8 transformer(s) on dev.architectury.transformer.handler.TinyRemapperPreparedTransformerHandler
[Architectury Transformer DEBUG] Remapping with 1 mapping provider(s):
[Architectury Transformer DEBUG]  - dev.architectury.transformer.transformers.TransformForgeEnvironment$$Lambda/0x000001de0808e008@120d3fd
[Architectury Transformer DEBUG] Remapping Classes:
[Architectury Transformer DEBUG] net/fabricmc/api/EnvType -> net/minecraftforge/api/distmarker/Dist
[Architectury Transformer DEBUG] net/fabricmc/api/Environment -> net/minecraftforge/api/distmarker/OnlyIn
[Architectury Transformer DEBUG] Found class transformer
[Architectury Transformer DEBUG] Writing com/onewhohears/dscombat/client/model/obj/custom/CIWSModel with maxs=true frames=true
[Architectury Transformer DEBUG] Transformed com/onewhohears/dscombat/client/model/obj/custom/CIWSModel in 5.689 ms
[Architectury Transformer DEBUG] Transforming from com/onewhohears/dscombat/client/model/obj/custom/Mark7GunModel.class to com/onewhohears/dscombat/client/model/obj/custom/Mark7GunModel.class with 8 transformer(s) on dev.architectury.transformer.handler.TinyRemapperPreparedTransformerHandler
[Architectury Transformer DEBUG] Remapping with 1 mapping provider(s):
[Architectury Transformer DEBUG]  - dev.architectury.transformer.transformers.TransformForgeEnvironment$$Lambda/0x000001de0808e008@120d3fd
[Architectury Transformer DEBUG] Remapping Classes:
[Architectury Transformer DEBUG] net/fabricmc/api/EnvType -> net/minecraftforge/api/distmarker/Dist
[Architectury Transformer DEBUG] net/fabricmc/api/Environment -> net/minecraftforge/api/distmarker/OnlyIn
[Architectury Transformer DEBUG] Found class transformer
[Architectury Transformer DEBUG] Writing com/onewhohears/dscombat/client/model/obj/custom/Mark7GunModel with maxs=true frames=true
[Architectury Transformer DEBUG] Transformed com/onewhohears/dscombat/client/model/obj/custom/Mark7GunModel in 9.974 ms
[Architectury Transformer DEBUG] Transforming from com/onewhohears/dscombat/client/model/obj/custom/Mark45GunModel.class to com/onewhohears/dscombat/client/model/obj/custom/Mark45GunModel.class with 8 transformer(s) on dev.architectury.transformer.handler.TinyRemapperPreparedTransformerHandler
[Architectury Transformer DEBUG] Remapping with 1 mapping provider(s):
[Architectury Transformer DEBUG]  - dev.architectury.transformer.transformers.TransformForgeEnvironment$$Lambda/0x000001de0808e008@120d3fd
[Architectury Transformer DEBUG] Remapping Classes:
[Architectury Transformer DEBUG] net/fabricmc/api/EnvType -> net/minecraftforge/api/distmarker/Dist
[Architectury Transformer DEBUG] net/fabricmc/api/Environment -> net/minecraftforge/api/distmarker/OnlyIn
[Architectury Transformer DEBUG] Found class transformer
[Architectury Transformer DEBUG] Writing com/onewhohears/dscombat/client/model/obj/custom/Mark45GunModel with maxs=true frames=true
[Architectury Transformer DEBUG] Transformed com/onewhohears/dscombat/client/model/obj/custom/Mark45GunModel in 6.938 ms
[Architectury Transformer DEBUG] Transforming from com/onewhohears/dscombat/client/model/obj/custom/MLRSModel.class to com/onewhohears/dscombat/client/model/obj/custom/MLRSModel.class with 8 transformer(s) on dev.architectury.transformer.handler.TinyRemapperPreparedTransformerHandler
[Architectury Transformer DEBUG] Remapping with 1 mapping provider(s):
[Architectury Transformer DEBUG]  - dev.architectury.transformer.transformers.TransformForgeEnvironment$$Lambda/0x000001de0808e008@120d3fd
[Architectury Transformer DEBUG] Remapping Classes:
[Architectury Transformer DEBUG] net/fabricmc/api/EnvType -> net/minecraftforge/api/distmarker/Dist
[Architectury Transformer DEBUG] net/fabricmc/api/Environment -> net/minecraftforge/api/distmarker/OnlyIn
[Architectury Transformer DEBUG] Found class transformer
[Architectury Transformer DEBUG] Writing com/onewhohears/dscombat/client/model/obj/custom/MLRSModel with maxs=true frames=true
[Architectury Transformer DEBUG] Transformed com/onewhohears/dscombat/client/model/obj/custom/MLRSModel in 7.084 ms
[Architectury Transformer DEBUG] Transforming from com/onewhohears/dscombat/client/model/obj/custom/ArtilleryCannonModel.class to com/onewhohears/dscombat/client/model/obj/custom/ArtilleryCannonModel.class with 8 transformer(s) on dev.architectury.transformer.handler.TinyRemapperPreparedTransformerHandler
[Architectury Transformer DEBUG] Remapping with 1 mapping provider(s):
[Architectury Transformer DEBUG]  - dev.architectury.transformer.transformers.TransformForgeEnvironment$$Lambda/0x000001de0808e008@120d3fd
[Architectury Transformer DEBUG] Remapping Classes:
[Architectury Transformer DEBUG] net/fabricmc/api/EnvType -> net/minecraftforge/api/distmarker/Dist
[Architectury Transformer DEBUG] net/fabricmc/api/Environment -> net/minecraftforge/api/distmarker/OnlyIn
[Architectury Transformer DEBUG] Found class transformer
[Architectury Transformer DEBUG] Writing com/onewhohears/dscombat/client/model/obj/custom/ArtilleryCannonModel with maxs=true frames=true
[Architectury Transformer DEBUG] Transformed com/onewhohears/dscombat/client/model/obj/custom/ArtilleryCannonModel in 5.998 ms
[Architectury Transformer DEBUG] Transforming from com/onewhohears/dscombat/client/model/obj/ObjRadarModel.class to com/onewhohears/dscombat/client/model/obj/ObjRadarModel.class with 8 transformer(s) on dev.architectury.transformer.handler.TinyRemapperPreparedTransformerHandler
[Architectury Transformer DEBUG] Remapping with 1 mapping provider(s):
[Architectury Transformer DEBUG]  - dev.architectury.transformer.transformers.TransformForgeEnvironment$$Lambda/0x000001de0808e008@120d3fd
[Architectury Transformer DEBUG] Remapping Classes:
[Architectury Transformer DEBUG] net/fabricmc/api/EnvType -> net/minecraftforge/api/distmarker/Dist
[Architectury Transformer DEBUG] net/fabricmc/api/Environment -> net/minecraftforge/api/distmarker/OnlyIn
[Architectury Transformer DEBUG] Found class transformer
[Architectury Transformer DEBUG] Writing com/onewhohears/dscombat/client/model/obj/ObjRadarModel with maxs=true frames=true
[Architectury Transformer DEBUG] Transformed com/onewhohears/dscombat/client/model/obj/ObjRadarModel in 9.501 ms
[Architectury Transformer DEBUG] Transforming from com/onewhohears/dscombat/client/model/obj/custom/Radar1Model.class to com/onewhohears/dscombat/client/model/obj/custom/Radar1Model.class with 8 transformer(s) on dev.architectury.transformer.handler.TinyRemapperPreparedTransformerHandler
[Architectury Transformer DEBUG] Remapping with 1 mapping provider(s):
[Architectury Transformer DEBUG]  - dev.architectury.transformer.transformers.TransformForgeEnvironment$$Lambda/0x000001de0808e008@120d3fd
[Architectury Transformer DEBUG] Remapping Classes:
[Architectury Transformer DEBUG] net/fabricmc/api/EnvType -> net/minecraftforge/api/distmarker/Dist
[Architectury Transformer DEBUG] net/fabricmc/api/Environment -> net/minecraftforge/api/distmarker/OnlyIn
[Architectury Transformer DEBUG] Found class transformer
[Architectury Transformer DEBUG] Writing com/onewhohears/dscombat/client/model/obj/custom/Radar1Model with maxs=true frames=true
[Architectury Transformer DEBUG] Transformed com/onewhohears/dscombat/client/model/obj/custom/Radar1Model in 5.047 ms
[Architectury Transformer DEBUG] Transforming from com/onewhohears/dscombat/entity/parts/EntityRadar.class to com/onewhohears/dscombat/entity/parts/EntityRadar.class with 8 transformer(s) on dev.architectury.transformer.handler.TinyRemapperPreparedTransformerHandler
[Architectury Transformer DEBUG] Remapping with 1 mapping provider(s):
[Architectury Transformer DEBUG]  - dev.architectury.transformer.transformers.TransformForgeEnvironment$$Lambda/0x000001de0808e008@120d3fd
[Architectury Transformer DEBUG] Remapping Classes:
[Architectury Transformer DEBUG] net/fabricmc/api/EnvType -> net/minecraftforge/api/distmarker/Dist
[Architectury Transformer DEBUG] net/fabricmc/api/Environment -> net/minecraftforge/api/distmarker/OnlyIn
[Architectury Transformer DEBUG] Found class transformer
[Architectury Transformer DEBUG] Writing com/onewhohears/dscombat/entity/parts/EntityRadar with maxs=true frames=true
[Architectury Transformer DEBUG] Transformed com/onewhohears/dscombat/entity/parts/EntityRadar in 8.583 ms
[Architectury Transformer DEBUG] Transforming from com/onewhohears/dscombat/client/model/obj/ObjRadarModel$MastType.class to com/onewhohears/dscombat/client/model/obj/ObjRadarModel$MastType.class with 8 transformer(s) on dev.architectury.transformer.handler.TinyRemapperPreparedTransformerHandler
[Architectury Transformer DEBUG] Remapping with 1 mapping provider(s):
[Architectury Transformer DEBUG]  - dev.architectury.transformer.transformers.TransformForgeEnvironment$$Lambda/0x000001de0808e008@120d3fd
[Architectury Transformer DEBUG] Remapping Classes:
[Architectury Transformer DEBUG] net/fabricmc/api/EnvType -> net/minecraftforge/api/distmarker/Dist
[Architectury Transformer DEBUG] net/fabricmc/api/Environment -> net/minecraftforge/api/distmarker/OnlyIn
[Architectury Transformer DEBUG] Found class transformer
[Architectury Transformer DEBUG] Writing com/onewhohears/dscombat/client/model/obj/ObjRadarModel$MastType with maxs=true frames=true
[Architectury Transformer DEBUG] Transformed com/onewhohears/dscombat/client/model/obj/ObjRadarModel$MastType in 5.163 ms
[Architectury Transformer DEBUG] Transforming from com/onewhohears/dscombat/client/model/obj/custom/Radar2Model.class to com/onewhohears/dscombat/client/model/obj/custom/Radar2Model.class with 8 transformer(s) on dev.architectury.transformer.handler.TinyRemapperPreparedTransformerHandler
[Architectury Transformer DEBUG] Remapping with 1 mapping provider(s):
[Architectury Transformer DEBUG]  - dev.architectury.transformer.transformers.TransformForgeEnvironment$$Lambda/0x000001de0808e008@120d3fd
[Architectury Transformer DEBUG] Remapping Classes:
[Architectury Transformer DEBUG] net/fabricmc/api/EnvType -> net/minecraftforge/api/distmarker/Dist
[Architectury Transformer DEBUG] net/fabricmc/api/Environment -> net/minecraftforge/api/distmarker/OnlyIn
[Architectury Transformer DEBUG] Found class transformer
[Architectury Transformer DEBUG] Writing com/onewhohears/dscombat/client/model/obj/custom/Radar2Model with maxs=true frames=true
[Architectury Transformer DEBUG] Transformed com/onewhohears/dscombat/client/model/obj/custom/Radar2Model in 5.817 ms
[Architectury Transformer DEBUG] Transforming from com/onewhohears/dscombat/client/model/obj/custom/StickRadarModel.class to com/onewhohears/dscombat/client/model/obj/custom/StickRadarModel.class with 8 transformer(s) on dev.architectury.transformer.handler.TinyRemapperPreparedTransformerHandler
[Architectury Transformer DEBUG] Remapping with 1 mapping provider(s):
[Architectury Transformer DEBUG]  - dev.architectury.transformer.transformers.TransformForgeEnvironment$$Lambda/0x000001de0808e008@120d3fd
[Architectury Transformer DEBUG] Remapping Classes:
[Architectury Transformer DEBUG] net/fabricmc/api/EnvType -> net/minecraftforge/api/distmarker/Dist
[Architectury Transformer DEBUG] net/fabricmc/api/Environment -> net/minecraftforge/api/distmarker/OnlyIn
[Architectury Transformer DEBUG] Found class transformer
[Architectury Transformer DEBUG] Writing com/onewhohears/dscombat/client/model/obj/custom/StickRadarModel with maxs=true frames=true
[Architectury Transformer DEBUG] Transformed com/onewhohears/dscombat/client/model/obj/custom/StickRadarModel in 5.244 ms
[Architectury Transformer DEBUG] Transforming from com/onewhohears/dscombat/client/model/obj/custom/BallRadarModel.class to com/onewhohears/dscombat/client/model/obj/custom/BallRadarModel.class with 8 transformer(s) on dev.architectury.transformer.handler.TinyRemapperPreparedTransformerHandler
[Architectury Transformer DEBUG] Remapping with 1 mapping provider(s):
[Architectury Transformer DEBUG]  - dev.architectury.transformer.transformers.TransformForgeEnvironment$$Lambda/0x000001de0808e008@120d3fd
[Architectury Transformer DEBUG] Remapping Classes:
[Architectury Transformer DEBUG] net/fabricmc/api/EnvType -> net/minecraftforge/api/distmarker/Dist
[Architectury Transformer DEBUG] net/fabricmc/api/Environment -> net/minecraftforge/api/distmarker/OnlyIn
[Architectury Transformer DEBUG] Found class transformer
[Architectury Transformer DEBUG] Writing com/onewhohears/dscombat/client/model/obj/custom/BallRadarModel with maxs=true frames=true
[Architectury Transformer DEBUG] Transformed com/onewhohears/dscombat/client/model/obj/custom/BallRadarModel in 6.350 ms
[Architectury Transformer DEBUG] Transforming from com/onewhohears/dscombat/client/model/obj/custom/BombRackModel.class to com/onewhohears/dscombat/client/model/obj/custom/BombRackModel.class with 8 transformer(s) on dev.architectury.transformer.handler.TinyRemapperPreparedTransformerHandler
[Architectury Transformer DEBUG] Remapping with 1 mapping provider(s):
[Architectury Transformer DEBUG]  - dev.architectury.transformer.transformers.TransformForgeEnvironment$$Lambda/0x000001de0808e008@120d3fd
[Architectury Transformer DEBUG] Remapping Classes:
[Architectury Transformer DEBUG] net/fabricmc/api/EnvType -> net/minecraftforge/api/distmarker/Dist
[Architectury Transformer DEBUG] net/fabricmc/api/Environment -> net/minecraftforge/api/distmarker/OnlyIn
[Architectury Transformer DEBUG] Found class transformer
[Architectury Transformer DEBUG] Writing com/onewhohears/dscombat/client/model/obj/custom/BombRackModel with maxs=true frames=true
[Architectury Transformer DEBUG] Transformed com/onewhohears/dscombat/client/model/obj/custom/BombRackModel in 9.986 ms
[Architectury Transformer DEBUG] Transforming from com/onewhohears/dscombat/client/model/obj/custom/VLSModel.class to com/onewhohears/dscombat/client/model/obj/custom/VLSModel.class with 8 transformer(s) on dev.architectury.transformer.handler.TinyRemapperPreparedTransformerHandler
[Architectury Transformer DEBUG] Remapping with 1 mapping provider(s):
[Architectury Transformer DEBUG]  - dev.architectury.transformer.transformers.TransformForgeEnvironment$$Lambda/0x000001de0808e008@120d3fd
[Architectury Transformer DEBUG] Remapping Classes:
[Architectury Transformer DEBUG] net/fabricmc/api/EnvType -> net/minecraftforge/api/distmarker/Dist
[Architectury Transformer DEBUG] net/fabricmc/api/Environment -> net/minecraftforge/api/distmarker/OnlyIn
[Architectury Transformer DEBUG] Found class transformer
[Architectury Transformer DEBUG] Writing com/onewhohears/dscombat/client/model/obj/custom/VLSModel with maxs=true frames=true
[Architectury Transformer DEBUG] Transformed com/onewhohears/dscombat/client/model/obj/custom/VLSModel in 5.755 ms
[Architectury Transformer DEBUG] Transforming from com/onewhohears/dscombat/data/vehicle/client/VehicleClientPresets.class to com/onewhohears/dscombat/data/vehicle/client/VehicleClientPresets.class with 8 transformer(s) on dev.architectury.transformer.handler.TinyRemapperPreparedTransformerHandler
[Architectury Transformer DEBUG] Remapping with 1 mapping provider(s):
[Architectury Transformer DEBUG]  - dev.architectury.transformer.transformers.TransformForgeEnvironment$$Lambda/0x000001de0808e008@120d3fd
[Architectury Transformer DEBUG] Remapping Classes:
[Architectury Transformer DEBUG] net/fabricmc/api/EnvType -> net/minecraftforge/api/distmarker/Dist
[Architectury Transformer DEBUG] net/fabricmc/api/Environment -> net/minecraftforge/api/distmarker/OnlyIn
[Architectury Transformer DEBUG] Found class transformer
[Architectury Transformer DEBUG] Writing com/onewhohears/dscombat/data/vehicle/client/VehicleClientPresets with maxs=true frames=true
[Architectury Transformer DEBUG] Transformed com/onewhohears/dscombat/data/vehicle/client/VehicleClientPresets in 7.025 ms
[Architectury Transformer DEBUG] Transforming from com/onewhohears/dscombat/data/vehicle/client/VehicleClientStats.class to com/onewhohears/dscombat/data/vehicle/client/VehicleClientStats.class with 8 transformer(s) on dev.architectury.transformer.handler.TinyRemapperPreparedTransformerHandler
[Architectury Transformer DEBUG] Remapping with 1 mapping provider(s):
[Architectury Transformer DEBUG]  - dev.architectury.transformer.transformers.TransformForgeEnvironment$$Lambda/0x000001de0808e008@120d3fd
[Architectury Transformer DEBUG] Remapping Classes:
[Architectury Transformer DEBUG] net/fabricmc/api/EnvType -> net/minecraftforge/api/distmarker/Dist
[Architectury Transformer DEBUG] net/fabricmc/api/Environment -> net/minecraftforge/api/distmarker/OnlyIn
[Architectury Transformer DEBUG] Found class transformer
[Architectury Transformer DEBUG] Writing com/onewhohears/dscombat/data/vehicle/client/VehicleClientStats with maxs=true frames=true
[Architectury Transformer DEBUG] Transformed com/onewhohears/dscombat/data/vehicle/client/VehicleClientStats in 5.016 ms
[Architectury Transformer DEBUG] Transforming from com/onewhohears/dscombat/data/vehicle/client/VehicleClientType.class to com/onewhohears/dscombat/data/vehicle/client/VehicleClientType.class with 8 transformer(s) on dev.architectury.transformer.handler.TinyRemapperPreparedTransformerHandler
[Architectury Transformer DEBUG] Remapping with 1 mapping provider(s):
[Architectury Transformer DEBUG]  - dev.architectury.transformer.transformers.TransformForgeEnvironment$$Lambda/0x000001de0808e008@120d3fd
[Architectury Transformer DEBUG] Remapping Classes:
[Architectury Transformer DEBUG] net/fabricmc/api/EnvType -> net/minecraftforge/api/distmarker/Dist
[Architectury Transformer DEBUG] net/fabricmc/api/Environment -> net/minecraftforge/api/distmarker/OnlyIn
[Architectury Transformer DEBUG] Found class transformer
[Architectury Transformer DEBUG] Writing com/onewhohears/dscombat/data/vehicle/client/VehicleClientType with maxs=true frames=true
[Architectury Transformer DEBUG] Transformed com/onewhohears/dscombat/data/vehicle/client/VehicleClientType in 6.537 ms
[Architectury Transformer DEBUG] Transforming from com/onewhohears/dscombat/data/vehicle/client/VehicleClientType$Standard.class to com/onewhohears/dscombat/data/vehicle/client/VehicleClientType$Standard.class with 8 transformer(s) on dev.architectury.transformer.handler.TinyRemapperPreparedTransformerHandler
[Architectury Transformer DEBUG] Remapping with 1 mapping provider(s):
[Architectury Transformer DEBUG]  - dev.architectury.transformer.transformers.TransformForgeEnvironment$$Lambda/0x000001de0808e008@120d3fd
[Architectury Transformer DEBUG] Remapping Classes:
[Architectury Transformer DEBUG] net/fabricmc/api/EnvType -> net/minecraftforge/api/distmarker/Dist
[Architectury Transformer DEBUG] net/fabricmc/api/Environment -> net/minecraftforge/api/distmarker/OnlyIn
[Architectury Transformer DEBUG] Found class transformer
[Architectury Transformer DEBUG] Writing com/onewhohears/dscombat/data/vehicle/client/VehicleClientType$Standard with maxs=true frames=true
[Architectury Transformer DEBUG] Transformed com/onewhohears/dscombat/data/vehicle/client/VehicleClientType$Standard in 5.604 ms
[Architectury Transformer DEBUG] Transforming from com/onewhohears/dscombat/data/parts/client/PartAssets.class to com/onewhohears/dscombat/data/parts/client/PartAssets.class with 8 transformer(s) on dev.architectury.transformer.handler.TinyRemapperPreparedTransformerHandler
[Architectury Transformer DEBUG] Remapping with 1 mapping provider(s):
[Architectury Transformer DEBUG]  - dev.architectury.transformer.transformers.TransformForgeEnvironment$$Lambda/0x000001de0808e008@120d3fd
[Architectury Transformer DEBUG] Remapping Classes:
[Architectury Transformer DEBUG] net/fabricmc/api/EnvType -> net/minecraftforge/api/distmarker/Dist
[Architectury Transformer DEBUG] net/fabricmc/api/Environment -> net/minecraftforge/api/distmarker/OnlyIn
[Architectury Transformer DEBUG] Found class transformer
[Architectury Transformer DEBUG] Writing com/onewhohears/dscombat/data/parts/client/PartAssets with maxs=true frames=true
[Architectury Transformer DEBUG] Transformed com/onewhohears/dscombat/data/parts/client/PartAssets in 4.417 ms
[Architectury Transformer DEBUG] Transforming from com/onewhohears/dscombat/data/parts/client/PartClientStats.class to com/onewhohears/dscombat/data/parts/client/PartClientStats.class with 8 transformer(s) on dev.architectury.transformer.handler.TinyRemapperPreparedTransformerHandler
[Architectury Transformer DEBUG] Remapping with 1 mapping provider(s):
[Architectury Transformer DEBUG]  - dev.architectury.transformer.transformers.TransformForgeEnvironment$$Lambda/0x000001de0808e008@120d3fd
[Architectury Transformer DEBUG] Remapping Classes:
[Architectury Transformer DEBUG] net/fabricmc/api/EnvType -> net/minecraftforge/api/distmarker/Dist
[Architectury Transformer DEBUG] net/fabricmc/api/Environment -> net/minecraftforge/api/distmarker/OnlyIn
[Architectury Transformer DEBUG] Found class transformer
[Architectury Transformer DEBUG] Writing com/onewhohears/dscombat/data/parts/client/PartClientStats with maxs=true frames=true
[Architectury Transformer DEBUG] Transformed com/onewhohears/dscombat/data/parts/client/PartClientStats in 7.111 ms
[Architectury Transformer DEBUG] Transforming from com/onewhohears/dscombat/data/parts/client/PartClientType.class to com/onewhohears/dscombat/data/parts/client/PartClientType.class with 8 transformer(s) on dev.architectury.transformer.handler.TinyRemapperPreparedTransformerHandler
[Architectury Transformer DEBUG] Remapping with 1 mapping provider(s):
[Architectury Transformer DEBUG]  - dev.architectury.transformer.transformers.TransformForgeEnvironment$$Lambda/0x000001de0808e008@120d3fd
[Architectury Transformer DEBUG] Remapping Classes:
[Architectury Transformer DEBUG] net/fabricmc/api/EnvType -> net/minecraftforge/api/distmarker/Dist
[Architectury Transformer DEBUG] net/fabricmc/api/Environment -> net/minecraftforge/api/distmarker/OnlyIn
[Architectury Transformer DEBUG] Found class transformer
[Architectury Transformer DEBUG] Writing com/onewhohears/dscombat/data/parts/client/PartClientType with maxs=true frames=true
[Architectury Transformer DEBUG] Transformed com/onewhohears/dscombat/data/parts/client/PartClientType in 4.804 ms
[Architectury Transformer DEBUG] Transforming from com/onewhohears/dscombat/data/parts/client/PartClientType$Standard.class to com/onewhohears/dscombat/data/parts/client/PartClientType$Standard.class with 8 transformer(s) on dev.architectury.transformer.handler.TinyRemapperPreparedTransformerHandler
[Architectury Transformer DEBUG] Remapping with 1 mapping provider(s):
[Architectury Transformer DEBUG]  - dev.architectury.transformer.transformers.TransformForgeEnvironment$$Lambda/0x000001de0808e008@120d3fd
[Architectury Transformer DEBUG] Remapping Classes:
[Architectury Transformer DEBUG] net/fabricmc/api/EnvType -> net/minecraftforge/api/distmarker/Dist
[Architectury Transformer DEBUG] net/fabricmc/api/Environment -> net/minecraftforge/api/distmarker/OnlyIn
[Architectury Transformer DEBUG] Found class transformer
[Architectury Transformer DEBUG] Writing com/onewhohears/dscombat/data/parts/client/PartClientType$Standard with maxs=true frames=true
[Architectury Transformer DEBUG] Transformed com/onewhohears/dscombat/data/parts/client/PartClientType$Standard in 3.853 ms
[Architectury Transformer DEBUG] Transforming from com/onewhohears/dscombat/data/parts/client/PartClientType$Turret.class to com/onewhohears/dscombat/data/parts/client/PartClientType$Turret.class with 8 transformer(s) on dev.architectury.transformer.handler.TinyRemapperPreparedTransformerHandler
[Architectury Transformer DEBUG] Remapping with 1 mapping provider(s):
[Architectury Transformer DEBUG]  - dev.architectury.transformer.transformers.TransformForgeEnvironment$$Lambda/0x000001de0808e008@120d3fd
[Architectury Transformer DEBUG] Remapping Classes:
[Architectury Transformer DEBUG] net/fabricmc/api/EnvType -> net/minecraftforge/api/distmarker/Dist
[Architectury Transformer DEBUG] net/fabricmc/api/Environment -> net/minecraftforge/api/distmarker/OnlyIn
[Architectury Transformer DEBUG] Found class transformer
[Architectury Transformer DEBUG] Writing com/onewhohears/dscombat/data/parts/client/PartClientType$Turret with maxs=true frames=true
[Architectury Transformer DEBUG] Transformed com/onewhohears/dscombat/data/parts/client/PartClientType$Turret in 6.686 ms
[Architectury Transformer DEBUG] Transforming from com/onewhohears/dscombat/data/parts/client/PartClientType$Radar.class to com/onewhohears/dscombat/data/parts/client/PartClientType$Radar.class with 8 transformer(s) on dev.architectury.transformer.handler.TinyRemapperPreparedTransformerHandler
[Architectury Transformer DEBUG] Remapping with 1 mapping provider(s):
[Architectury Transformer DEBUG]  - dev.architectury.transformer.transformers.TransformForgeEnvironment$$Lambda/0x000001de0808e008@120d3fd
[Architectury Transformer DEBUG] Remapping Classes:
[Architectury Transformer DEBUG] net/fabricmc/api/EnvType -> net/minecraftforge/api/distmarker/Dist
[Architectury Transformer DEBUG] net/fabricmc/api/Environment -> net/minecraftforge/api/distmarker/OnlyIn
[Architectury Transformer DEBUG] Found class transformer
[Architectury Transformer DEBUG] Writing com/onewhohears/dscombat/data/parts/client/PartClientType$Radar with maxs=true frames=true
[Architectury Transformer DEBUG] Transformed com/onewhohears/dscombat/data/parts/client/PartClientType$Radar in 4.689 ms
[Architectury Transformer DEBUG] Transforming from com/onewhohears/dscombat/data/parts/client/PartClientType$WeaponRack.class to com/onewhohears/dscombat/data/parts/client/PartClientType$WeaponRack.class with 8 transformer(s) on dev.architectury.transformer.handler.TinyRemapperPreparedTransformerHandler
[Architectury Transformer DEBUG] Remapping with 1 mapping provider(s):
[Architectury Transformer DEBUG]  - dev.architectury.transformer.transformers.TransformForgeEnvironment$$Lambda/0x000001de0808e008@120d3fd
[Architectury Transformer DEBUG] Remapping Classes:
[Architectury Transformer DEBUG] net/fabricmc/api/EnvType -> net/minecraftforge/api/distmarker/Dist
[Architectury Transformer DEBUG] net/fabricmc/api/Environment -> net/minecraftforge/api/distmarker/OnlyIn
[Architectury Transformer DEBUG] Found class transformer
[Architectury Transformer DEBUG] Writing com/onewhohears/dscombat/data/parts/client/PartClientType$WeaponRack with maxs=true frames=true
[Architectury Transformer DEBUG] Transformed com/onewhohears/dscombat/data/parts/client/PartClientType$WeaponRack in 3.778 ms
[Architectury Transformer DEBUG] Transforming from com/onewhohears/dscombat/data/weapon/client/WeaponAssets.class to com/onewhohears/dscombat/data/weapon/client/WeaponAssets.class with 8 transformer(s) on dev.architectury.transformer.handler.TinyRemapperPreparedTransformerHandler
[Architectury Transformer DEBUG] Remapping with 1 mapping provider(s):
[Architectury Transformer DEBUG]  - dev.architectury.transformer.transformers.TransformForgeEnvironment$$Lambda/0x000001de0808e008@120d3fd
[Architectury Transformer DEBUG] Remapping Classes:
[Architectury Transformer DEBUG] net/fabricmc/api/EnvType -> net/minecraftforge/api/distmarker/Dist
[Architectury Transformer DEBUG] net/fabricmc/api/Environment -> net/minecraftforge/api/distmarker/OnlyIn
[Architectury Transformer DEBUG] Found class transformer
[Architectury Transformer DEBUG] Writing com/onewhohears/dscombat/data/weapon/client/WeaponAssets with maxs=true frames=true
[Architectury Transformer DEBUG] Transformed com/onewhohears/dscombat/data/weapon/client/WeaponAssets in 7.200 ms
[Architectury Transformer DEBUG] Transforming from com/onewhohears/dscombat/data/weapon/client/WeaponClientStats.class to com/onewhohears/dscombat/data/weapon/client/WeaponClientStats.class with 8 transformer(s) on dev.architectury.transformer.handler.TinyRemapperPreparedTransformerHandler
[Architectury Transformer DEBUG] Remapping with 1 mapping provider(s):
[Architectury Transformer DEBUG]  - dev.architectury.transformer.transformers.TransformForgeEnvironment$$Lambda/0x000001de0808e008@120d3fd
[Architectury Transformer DEBUG] Remapping Classes:
[Architectury Transformer DEBUG] net/fabricmc/api/EnvType -> net/minecraftforge/api/distmarker/Dist
[Architectury Transformer DEBUG] net/fabricmc/api/Environment -> net/minecraftforge/api/distmarker/OnlyIn
[Architectury Transformer DEBUG] Found class transformer
[Architectury Transformer DEBUG] Writing com/onewhohears/dscombat/data/weapon/client/WeaponClientStats with maxs=true frames=true
[Architectury Transformer DEBUG] Transformed com/onewhohears/dscombat/data/weapon/client/WeaponClientStats in 4.068 ms
[Architectury Transformer DEBUG] Transforming from com/onewhohears/dscombat/data/sound/VehiclePassengerSoundPacks.class to com/onewhohears/dscombat/data/sound/VehiclePassengerSoundPacks.class with 8 transformer(s) on dev.architectury.transformer.handler.TinyRemapperPreparedTransformerHandler
[Architectury Transformer DEBUG] Remapping with 1 mapping provider(s):
[Architectury Transformer DEBUG]  - dev.architectury.transformer.transformers.TransformForgeEnvironment$$Lambda/0x000001de0808e008@120d3fd
[Architectury Transformer DEBUG] Remapping Classes:
[Architectury Transformer DEBUG] net/fabricmc/api/EnvType -> net/minecraftforge/api/distmarker/Dist
[Architectury Transformer DEBUG] net/fabricmc/api/Environment -> net/minecraftforge/api/distmarker/OnlyIn
[Architectury Transformer DEBUG] Found class transformer
[Architectury Transformer DEBUG] Writing com/onewhohears/dscombat/data/sound/VehiclePassengerSoundPacks with maxs=true frames=true
[Architectury Transformer DEBUG] Transformed com/onewhohears/dscombat/data/sound/VehiclePassengerSoundPacks in 4.906 ms
[Architectury Transformer DEBUG] Transforming from com/onewhohears/dscombat/data/sound/PassengerSoundPack.class to com/onewhohears/dscombat/data/sound/PassengerSoundPack.class with 8 transformer(s) on dev.architectury.transformer.handler.TinyRemapperPreparedTransformerHandler
[Architectury Transformer DEBUG] Remapping with 1 mapping provider(s):
[Architectury Transformer DEBUG]  - dev.architectury.transformer.transformers.TransformForgeEnvironment$$Lambda/0x000001de0808e008@120d3fd
[Architectury Transformer DEBUG] Remapping Classes:
[Architectury Transformer DEBUG] net/fabricmc/api/EnvType -> net/minecraftforge/api/distmarker/Dist
[Architectury Transformer DEBUG] net/fabricmc/api/Environment -> net/minecraftforge/api/distmarker/OnlyIn
[Architectury Transformer DEBUG] Found class transformer
[Architectury Transformer DEBUG] Writing com/onewhohears/dscombat/data/sound/PassengerSoundPack with maxs=true frames=true
[Architectury Transformer DEBUG] Transformed com/onewhohears/dscombat/data/sound/PassengerSoundPack in 9.955 ms
[Architectury Transformer DEBUG] Transforming from com/onewhohears/dscombat/client/input/DSCKeys.class to com/onewhohears/dscombat/client/input/DSCKeys.class with 8 transformer(s) on dev.architectury.transformer.handler.TinyRemapperPreparedTransformerHandler
[Architectury Transformer DEBUG] Remapping with 1 mapping provider(s):
[Architectury Transformer DEBUG]  - dev.architectury.transformer.transformers.TransformForgeEnvironment$$Lambda/0x000001de0808e008@120d3fd
[Architectury Transformer DEBUG] Remapping Classes:
[Architectury Transformer DEBUG] net/fabricmc/api/EnvType -> net/minecraftforge/api/distmarker/Dist
[Architectury Transformer DEBUG] net/fabricmc/api/Environment -> net/minecraftforge/api/distmarker/OnlyIn
[Architectury Transformer DEBUG] Found class transformer
[Architectury Transformer DEBUG] Writing com/onewhohears/dscombat/client/input/DSCKeys with maxs=true frames=true
[Architectury Transformer DEBUG] Transformed com/onewhohears/dscombat/client/input/DSCKeys in 9.842 ms
[Architectury Transformer DEBUG] Transforming from com/onewhohears/dscombat/client/event/DSCEntityRenderers.class to com/onewhohears/dscombat/client/event/DSCEntityRenderers.class with 8 transformer(s) on dev.architectury.transformer.handler.TinyRemapperPreparedTransformerHandler
[Architectury Transformer DEBUG] Remapping with 1 mapping provider(s):
[Architectury Transformer DEBUG]  - dev.architectury.transformer.transformers.TransformForgeEnvironment$$Lambda/0x000001de0808e008@120d3fd
[Architectury Transformer DEBUG] Remapping Classes:
[Architectury Transformer DEBUG] net/fabricmc/api/EnvType -> net/minecraftforge/api/distmarker/Dist
[Architectury Transformer DEBUG] net/fabricmc/api/Environment -> net/minecraftforge/api/distmarker/OnlyIn
[Architectury Transformer DEBUG] Found class transformer
[Architectury Transformer DEBUG] Writing com/onewhohears/dscombat/client/event/DSCEntityRenderers with maxs=true frames=true
[Architectury Transformer DEBUG] Transformed com/onewhohears/dscombat/client/event/DSCEntityRenderers in 4.494 ms
[Architectury Transformer DEBUG] Transforming from com/onewhohears/dscombat/client/model/obj/custom/ChainHookModel.class to com/onewhohears/dscombat/client/model/obj/custom/ChainHookModel.class with 8 transformer(s) on dev.architectury.transformer.handler.TinyRemapperPreparedTransformerHandler
[Architectury Transformer DEBUG] Remapping with 1 mapping provider(s):
[Architectury Transformer DEBUG]  - dev.architectury.transformer.transformers.TransformForgeEnvironment$$Lambda/0x000001de0808e008@120d3fd
[Architectury Transformer DEBUG] Remapping Classes:
[Architectury Transformer DEBUG] net/fabricmc/api/EnvType -> net/minecraftforge/api/distmarker/Dist
[Architectury Transformer DEBUG] net/fabricmc/api/Environment -> net/minecraftforge/api/distmarker/OnlyIn
[Architectury Transformer DEBUG] Found class transformer
[Architectury Transformer DEBUG] Writing com/onewhohears/dscombat/client/model/obj/custom/ChainHookModel with maxs=true frames=true
[Architectury Transformer DEBUG] Transformed com/onewhohears/dscombat/client/model/obj/custom/ChainHookModel in 4.485 ms
[Architectury Transformer DEBUG] Transforming from com/onewhohears/dscombat/client/model/obj/custom/GimbalCameraModel.class to com/onewhohears/dscombat/client/model/obj/custom/GimbalCameraModel.class with 8 transformer(s) on dev.architectury.transformer.handler.TinyRemapperPreparedTransformerHandler
[Architectury Transformer DEBUG] Remapping with 1 mapping provider(s):
[Architectury Transformer DEBUG]  - dev.architectury.transformer.transformers.TransformForgeEnvironment$$Lambda/0x000001de0808e008@120d3fd
[Architectury Transformer DEBUG] Remapping Classes:
[Architectury Transformer DEBUG] net/fabricmc/api/EnvType -> net/minecraftforge/api/distmarker/Dist
[Architectury Transformer DEBUG] net/fabricmc/api/Environment -> net/minecraftforge/api/distmarker/OnlyIn
[Architectury Transformer DEBUG] Found class transformer
[Architectury Transformer DEBUG] Writing com/onewhohears/dscombat/client/model/obj/custom/GimbalCameraModel with maxs=true frames=true
[Architectury Transformer DEBUG] Transformed com/onewhohears/dscombat/client/model/obj/custom/GimbalCameraModel in 6.349 ms
[Architectury Transformer DEBUG] Transforming from com/onewhohears/dscombat/client/renderer/RendererObjVehicle.class to com/onewhohears/dscombat/client/renderer/RendererObjVehicle.class with 8 transformer(s) on dev.architectury.transformer.handler.TinyRemapperPreparedTransformerHandler
[Architectury Transformer DEBUG] Remapping with 1 mapping provider(s):
[Architectury Transformer DEBUG]  - dev.architectury.transformer.transformers.TransformForgeEnvironment$$Lambda/0x000001de0808e008@120d3fd
[Architectury Transformer DEBUG] Remapping Classes:
[Architectury Transformer DEBUG] net/fabricmc/api/EnvType -> net/minecraftforge/api/distmarker/Dist
[Architectury Transformer DEBUG] net/fabricmc/api/Environment -> net/minecraftforge/api/distmarker/OnlyIn
[Architectury Transformer DEBUG] Found class transformer
[Architectury Transformer DEBUG] Writing com/onewhohears/dscombat/client/renderer/RendererObjVehicle with maxs=true frames=true
[Architectury Transformer DEBUG] Transformed com/onewhohears/dscombat/client/renderer/RendererObjVehicle in 3.996 ms
[Architectury Transformer DEBUG] Transforming from com/onewhohears/dscombat/client/renderer/RotableHitboxRenderer.class to com/onewhohears/dscombat/client/renderer/RotableHitboxRenderer.class with 8 transformer(s) on dev.architectury.transformer.handler.TinyRemapperPreparedTransformerHandler
[Architectury Transformer DEBUG] Remapping with 1 mapping provider(s):
[Architectury Transformer DEBUG]  - dev.architectury.transformer.transformers.TransformForgeEnvironment$$Lambda/0x000001de0808e008@120d3fd
[Architectury Transformer DEBUG] Remapping Classes:
[Architectury Transformer DEBUG] net/fabricmc/api/EnvType -> net/minecraftforge/api/distmarker/Dist
[Architectury Transformer DEBUG] net/fabricmc/api/Environment -> net/minecraftforge/api/distmarker/OnlyIn
[Architectury Transformer DEBUG] Found class transformer
[Architectury Transformer DEBUG] Writing com/onewhohears/dscombat/client/renderer/RotableHitboxRenderer with maxs=true frames=true
[Architectury Transformer DEBUG] Transformed com/onewhohears/dscombat/client/renderer/RotableHitboxRenderer in 3.687 ms
[Architectury Transformer DEBUG] Transforming from com/onewhohears/dscombat/client/renderer/VehicleScreenRenderer.class to com/onewhohears/dscombat/client/renderer/VehicleScreenRenderer.class with 8 transformer(s) on dev.architectury.transformer.handler.TinyRemapperPreparedTransformerHandler
[Architectury Transformer DEBUG] Remapping with 1 mapping provider(s):
[Architectury Transformer DEBUG]  - dev.architectury.transformer.transformers.TransformForgeEnvironment$$Lambda/0x000001de0808e008@120d3fd
[Architectury Transformer DEBUG] Remapping Classes:
[Architectury Transformer DEBUG] net/fabricmc/api/EnvType -> net/minecraftforge/api/distmarker/Dist
[Architectury Transformer DEBUG] net/fabricmc/api/Environment -> net/minecraftforge/api/distmarker/OnlyIn
[Architectury Transformer DEBUG] Found class transformer
[Architectury Transformer DEBUG] Writing com/onewhohears/dscombat/client/renderer/VehicleScreenRenderer with maxs=true frames=true
[Architectury Transformer DEBUG] Transformed com/onewhohears/dscombat/client/renderer/VehicleScreenRenderer in 6.061 ms
[Architectury Transformer DEBUG] Transforming from com/onewhohears/dscombat/client/renderer/EntityScreenRenderer.class to com/onewhohears/dscombat/client/renderer/EntityScreenRenderer.class with 8 transformer(s) on dev.architectury.transformer.handler.TinyRemapperPreparedTransformerHandler
[Architectury Transformer DEBUG] Remapping with 1 mapping provider(s):
[Architectury Transformer DEBUG]  - dev.architectury.transformer.transformers.TransformForgeEnvironment$$Lambda/0x000001de0808e008@120d3fd
[Architectury Transformer DEBUG] Remapping Classes:
[Architectury Transformer DEBUG] net/fabricmc/api/EnvType -> net/minecraftforge/api/distmarker/Dist
[Architectury Transformer DEBUG] net/fabricmc/api/Environment -> net/minecraftforge/api/distmarker/OnlyIn
[Architectury Transformer DEBUG] Found class transformer
[Architectury Transformer DEBUG] Writing com/onewhohears/dscombat/client/renderer/EntityScreenRenderer with maxs=true frames=true
[Architectury Transformer DEBUG] Transformed com/onewhohears/dscombat/client/renderer/EntityScreenRenderer in 3.276 ms
[Architectury Transformer DEBUG] Transforming from com/onewhohears/dscombat/client/renderer/RendererObjWeapon.class to com/onewhohears/dscombat/client/renderer/RendererObjWeapon.class with 8 transformer(s) on dev.architectury.transformer.handler.TinyRemapperPreparedTransformerHandler
[Architectury Transformer DEBUG] Remapping with 1 mapping provider(s):
[Architectury Transformer DEBUG]  - dev.architectury.transformer.transformers.TransformForgeEnvironment$$Lambda/0x000001de0808e008@120d3fd
[Architectury Transformer DEBUG] Remapping Classes:
[Architectury Transformer DEBUG] net/fabricmc/api/EnvType -> net/minecraftforge/api/distmarker/Dist
[Architectury Transformer DEBUG] net/fabricmc/api/Environment -> net/minecraftforge/api/distmarker/OnlyIn
[Architectury Transformer DEBUG] Found class transformer
[Architectury Transformer DEBUG] Writing com/onewhohears/dscombat/client/renderer/RendererObjWeapon with maxs=true frames=true
[Architectury Transformer DEBUG] Transformed com/onewhohears/dscombat/client/renderer/RendererObjWeapon in 5.172 ms
[Architectury Transformer DEBUG] Transforming from com/onewhohears/dscombat/entity/weapon/EntityWeapon.class to com/onewhohears/dscombat/entity/weapon/EntityWeapon.class with 8 transformer(s) on dev.architectury.transformer.handler.TinyRemapperPreparedTransformerHandler
[Architectury Transformer DEBUG] Remapping with 1 mapping provider(s):
[Architectury Transformer DEBUG]  - dev.architectury.transformer.transformers.TransformForgeEnvironment$$Lambda/0x000001de0808e008@120d3fd
[Architectury Transformer DEBUG] Remapping Classes:
[Architectury Transformer DEBUG] net/fabricmc/api/EnvType -> net/minecraftforge/api/distmarker/Dist
[Architectury Transformer DEBUG] net/fabricmc/api/Environment -> net/minecraftforge/api/distmarker/OnlyIn
[Architectury Transformer DEBUG] Found class transformer
[Architectury Transformer DEBUG] Writing com/onewhohears/dscombat/entity/weapon/EntityWeapon with maxs=true frames=true
[Architectury Transformer DEBUG] Transformed com/onewhohears/dscombat/entity/weapon/EntityWeapon in 7.169 ms
[Architectury Transformer DEBUG] Transforming from com/onewhohears/dscombat/client/renderer/RendererTurret.class to com/onewhohears/dscombat/client/renderer/RendererTurret.class with 8 transformer(s) on dev.architectury.transformer.handler.TinyRemapperPreparedTransformerHandler
[Architectury Transformer DEBUG] Remapping with 1 mapping provider(s):
[Architectury Transformer DEBUG]  - dev.architectury.transformer.transformers.TransformForgeEnvironment$$Lambda/0x000001de0808e008@120d3fd
[Architectury Transformer DEBUG] Remapping Classes:
[Architectury Transformer DEBUG] net/fabricmc/api/EnvType -> net/minecraftforge/api/distmarker/Dist
[Architectury Transformer DEBUG] net/fabricmc/api/Environment -> net/minecraftforge/api/distmarker/OnlyIn
[Architectury Transformer DEBUG] Found class transformer
[Architectury Transformer DEBUG] Writing com/onewhohears/dscombat/client/renderer/RendererTurret with maxs=true frames=true
[Architectury Transformer DEBUG] Transformed com/onewhohears/dscombat/client/renderer/RendererTurret in 5.054 ms
[Architectury Transformer DEBUG] Transforming from com/onewhohears/dscombat/client/renderer/RendererEntityInvisible.class to com/onewhohears/dscombat/client/renderer/RendererEntityInvisible.class with 8 transformer(s) on dev.architectury.transformer.handler.TinyRemapperPreparedTransformerHandler
[Architectury Transformer DEBUG] Remapping with 1 mapping provider(s):
[Architectury Transformer DEBUG]  - dev.architectury.transformer.transformers.TransformForgeEnvironment$$Lambda/0x000001de0808e008@120d3fd
[Architectury Transformer DEBUG] Remapping Classes:
[Architectury Transformer DEBUG] net/fabricmc/api/EnvType -> net/minecraftforge/api/distmarker/Dist
[Architectury Transformer DEBUG] net/fabricmc/api/Environment -> net/minecraftforge/api/distmarker/OnlyIn
[Architectury Transformer DEBUG] Found class transformer
[Architectury Transformer DEBUG] Writing com/onewhohears/dscombat/client/renderer/RendererEntityInvisible with maxs=true frames=true
[Architectury Transformer DEBUG] Transformed com/onewhohears/dscombat/client/renderer/RendererEntityInvisible in 5.333 ms
[Architectury Transformer DEBUG] Transforming from com/onewhohears/dscombat/client/renderer/RendererMine.class to com/onewhohears/dscombat/client/renderer/RendererMine.class with 8 transformer(s) on dev.architectury.transformer.handler.TinyRemapperPreparedTransformerHandler
[Architectury Transformer DEBUG] Remapping with 1 mapping provider(s):
[Architectury Transformer DEBUG]  - dev.architectury.transformer.transformers.TransformForgeEnvironment$$Lambda/0x000001de0808e008@120d3fd
[Architectury Transformer DEBUG] Remapping Classes:
[Architectury Transformer DEBUG] net/fabricmc/api/EnvType -> net/minecraftforge/api/distmarker/Dist
[Architectury Transformer DEBUG] net/fabricmc/api/Environment -> net/minecraftforge/api/distmarker/OnlyIn
[Architectury Transformer DEBUG] Found class transformer
[Architectury Transformer DEBUG] Writing com/onewhohears/dscombat/client/renderer/RendererMine with maxs=true frames=true
[Architectury Transformer DEBUG] Transformed com/onewhohears/dscombat/client/renderer/RendererMine in 10.37 ms
[Architectury Transformer DEBUG] Transforming from com/onewhohears/dscombat/entity/weapon/EntityMine.class to com/onewhohears/dscombat/entity/weapon/EntityMine.class with 8 transformer(s) on dev.architectury.transformer.handler.TinyRemapperPreparedTransformerHandler
[Architectury Transformer DEBUG] Remapping with 1 mapping provider(s):
[Architectury Transformer DEBUG]  - dev.architectury.transformer.transformers.TransformForgeEnvironment$$Lambda/0x000001de0808e008@120d3fd
[Architectury Transformer DEBUG] Remapping Classes:
[Architectury Transformer DEBUG] net/fabricmc/api/EnvType -> net/minecraftforge/api/distmarker/Dist
[Architectury Transformer DEBUG] net/fabricmc/api/Environment -> net/minecraftforge/api/distmarker/OnlyIn
[Architectury Transformer DEBUG] Found class transformer
[Architectury Transformer DEBUG] Writing com/onewhohears/dscombat/entity/weapon/EntityMine with maxs=true frames=true
[Architectury Transformer DEBUG] Transformed com/onewhohears/dscombat/entity/weapon/EntityMine in 6.109 ms
[Architectury Transformer DEBUG] Transforming from com/onewhohears/dscombat/client/renderer/RendererWindTunnel.class to com/onewhohears/dscombat/client/renderer/RendererWindTunnel.class with 8 transformer(s) on dev.architectury.transformer.handler.TinyRemapperPreparedTransformerHandler
[Architectury Transformer DEBUG] Remapping with 1 mapping provider(s):
[Architectury Transformer DEBUG]  - dev.architectury.transformer.transformers.TransformForgeEnvironment$$Lambda/0x000001de0808e008@120d3fd
[Architectury Transformer DEBUG] Remapping Classes:
[Architectury Transformer DEBUG] net/fabricmc/api/EnvType -> net/minecraftforge/api/distmarker/Dist
[Architectury Transformer DEBUG] net/fabricmc/api/Environment -> net/minecraftforge/api/distmarker/OnlyIn
[Architectury Transformer DEBUG] Found class transformer
[Architectury Transformer DEBUG] Writing com/onewhohears/dscombat/client/renderer/RendererWindTunnel with maxs=true frames=true
[Architectury Transformer DEBUG] Transformed com/onewhohears/dscombat/client/renderer/RendererWindTunnel in 4.880 ms
[Architectury Transformer DEBUG] Transforming from com/onewhohears/dscombat/client/renderer/RendererEntityMuzzleFlash.class to com/onewhohears/dscombat/client/renderer/RendererEntityMuzzleFlash.class with 8 transformer(s) on dev.architectury.transformer.handler.TinyRemapperPreparedTransformerHandler
[Architectury Transformer DEBUG] Remapping with 1 mapping provider(s):
[Architectury Transformer DEBUG]  - dev.architectury.transformer.transformers.TransformForgeEnvironment$$Lambda/0x000001de0808e008@120d3fd
[Architectury Transformer DEBUG] Remapping Classes:
[Architectury Transformer DEBUG] net/fabricmc/api/EnvType -> net/minecraftforge/api/distmarker/Dist
[Architectury Transformer DEBUG] net/fabricmc/api/Environment -> net/minecraftforge/api/distmarker/OnlyIn
[Architectury Transformer DEBUG] Found class transformer
[Architectury Transformer DEBUG] Writing com/onewhohears/dscombat/client/renderer/RendererEntityMuzzleFlash with maxs=true frames=true
[Architectury Transformer DEBUG] Transformed com/onewhohears/dscombat/client/renderer/RendererEntityMuzzleFlash in 5.859 ms
[Architectury Transformer DEBUG] Transforming from com/onewhohears/dscombat/entity/weapon/EntityMuzzleFlash.class to com/onewhohears/dscombat/entity/weapon/EntityMuzzleFlash.class with 8 transformer(s) on dev.architectury.transformer.handler.TinyRemapperPreparedTransformerHandler
[Architectury Transformer DEBUG] Remapping with 1 mapping provider(s):
[Architectury Transformer DEBUG]  - dev.architectury.transformer.transformers.TransformForgeEnvironment$$Lambda/0x000001de0808e008@120d3fd
[Architectury Transformer DEBUG] Remapping Classes:
[Architectury Transformer DEBUG] net/fabricmc/api/EnvType -> net/minecraftforge/api/distmarker/Dist
[Architectury Transformer DEBUG] net/fabricmc/api/Environment -> net/minecraftforge/api/distmarker/OnlyIn
[Architectury Transformer DEBUG] Found class transformer
[Architectury Transformer DEBUG] Writing com/onewhohears/dscombat/entity/weapon/EntityMuzzleFlash with maxs=true frames=true
[Architectury Transformer DEBUG] Transformed com/onewhohears/dscombat/entity/weapon/EntityMuzzleFlash in 4.505 ms
[Architectury Transformer DEBUG] Transforming from com/onewhohears/dscombat/mixin/CameraAccess.class to com/onewhohears/dscombat/mixin/CameraAccess.class with 8 transformer(s) on dev.architectury.transformer.handler.TinyRemapperPreparedTransformerHandler
[Architectury Transformer DEBUG] Remapping with 1 mapping provider(s):
[Architectury Transformer DEBUG]  - dev.architectury.transformer.transformers.TransformForgeEnvironment$$Lambda/0x000001de0808e008@120d3fd
[Architectury Transformer DEBUG] Remapping Classes:
[Architectury Transformer DEBUG] net/fabricmc/api/EnvType -> net/minecraftforge/api/distmarker/Dist
[Architectury Transformer DEBUG] net/fabricmc/api/Environment -> net/minecraftforge/api/distmarker/OnlyIn
[Architectury Transformer DEBUG] Found class transformer
[Architectury Transformer DEBUG] Writing com/onewhohears/dscombat/mixin/CameraAccess with maxs=true frames=true
[Architectury Transformer DEBUG] Transformed com/onewhohears/dscombat/mixin/CameraAccess in 4.403 ms
[Architectury Transformer DEBUG] Transforming from com/onewhohears/dscombat/block/entity/WeaponsBlockEntity.class to com/onewhohears/dscombat/block/entity/WeaponsBlockEntity.class with 8 transformer(s) on dev.architectury.transformer.handler.TinyRemapperPreparedTransformerHandler
[Architectury Transformer DEBUG] Remapping with 1 mapping provider(s):
[Architectury Transformer DEBUG]  - dev.architectury.transformer.transformers.TransformForgeEnvironment$$Lambda/0x000001de0808e008@120d3fd
[Architectury Transformer DEBUG] Remapping Classes:
[Architectury Transformer DEBUG] net/fabricmc/api/EnvType -> net/minecraftforge/api/distmarker/Dist
[Architectury Transformer DEBUG] net/fabricmc/api/Environment -> net/minecraftforge/api/distmarker/OnlyIn
[Architectury Transformer DEBUG] Found class transformer
[Architectury Transformer DEBUG] Writing com/onewhohears/dscombat/block/entity/WeaponsBlockEntity with maxs=true frames=true
[Architectury Transformer DEBUG] Transformed com/onewhohears/dscombat/block/entity/WeaponsBlockEntity in 6.899 ms
[Architectury Transformer DEBUG] Transforming from com/onewhohears/dscombat/block/entity/VehicleBlockEntity.class to com/onewhohears/dscombat/block/entity/VehicleBlockEntity.class with 8 transformer(s) on dev.architectury.transformer.handler.TinyRemapperPreparedTransformerHandler
[Architectury Transformer DEBUG] Remapping with 1 mapping provider(s):
[Architectury Transformer DEBUG]  - dev.architectury.transformer.transformers.TransformForgeEnvironment$$Lambda/0x000001de0808e008@120d3fd
[Architectury Transformer DEBUG] Remapping Classes:
[Architectury Transformer DEBUG] net/fabricmc/api/EnvType -> net/minecraftforge/api/distmarker/Dist
[Architectury Transformer DEBUG] net/fabricmc/api/Environment -> net/minecraftforge/api/distmarker/OnlyIn
[Architectury Transformer DEBUG] Found class transformer
[Architectury Transformer DEBUG] Writing com/onewhohears/dscombat/block/entity/VehicleBlockEntity with maxs=true frames=true
[Architectury Transformer DEBUG] Transformed com/onewhohears/dscombat/block/entity/VehicleBlockEntity in 5.394 ms
[Architectury Transformer DEBUG] Transforming from com/onewhohears/dscombat/block/entity/WeaponPartsBlockEntity.class to com/onewhohears/dscombat/block/entity/WeaponPartsBlockEntity.class with 8 transformer(s) on dev.architectury.transformer.handler.TinyRemapperPreparedTransformerHandler
[Architectury Transformer DEBUG] Remapping with 1 mapping provider(s):
[Architectury Transformer DEBUG]  - dev.architectury.transformer.transformers.TransformForgeEnvironment$$Lambda/0x000001de0808e008@120d3fd
[Architectury Transformer DEBUG] Remapping Classes:
[Architectury Transformer DEBUG] net/fabricmc/api/EnvType -> net/minecraftforge/api/distmarker/Dist
[Architectury Transformer DEBUG] net/fabricmc/api/Environment -> net/minecraftforge/api/distmarker/OnlyIn
[Architectury Transformer DEBUG] Found class transformer
[Architectury Transformer DEBUG] Writing com/onewhohears/dscombat/block/entity/WeaponPartsBlockEntity with maxs=true frames=true
[Architectury Transformer DEBUG] Transformed com/onewhohears/dscombat/block/entity/WeaponPartsBlockEntity in 5.227 ms
[Architectury Transformer DEBUG] Transforming from com/onewhohears/dscombat/block/entity/MissileLaunchStationBlockEntity.class to com/onewhohears/dscombat/block/entity/MissileLaunchStationBlockEntity.class with 8 transformer(s) on dev.architectury.transformer.handler.TinyRemapperPreparedTransformerHandler
[Architectury Transformer DEBUG] Remapping with 1 mapping provider(s):
[Architectury Transformer DEBUG]  - dev.architectury.transformer.transformers.TransformForgeEnvironment$$Lambda/0x000001de0808e008@120d3fd
[Architectury Transformer DEBUG] Remapping Classes:
[Architectury Transformer DEBUG] net/fabricmc/api/EnvType -> net/minecraftforge/api/distmarker/Dist
[Architectury Transformer DEBUG] net/fabricmc/api/Environment -> net/minecraftforge/api/distmarker/OnlyIn
[Architectury Transformer DEBUG] Found class transformer
[Architectury Transformer DEBUG] Writing com/onewhohears/dscombat/block/entity/MissileLaunchStationBlockEntity with maxs=true frames=true
[Architectury Transformer DEBUG] Transformed com/onewhohears/dscombat/block/entity/MissileLaunchStationBlockEntity in 12.01 ms
[Architectury Transformer DEBUG] Transforming from com/onewhohears/dscombat/common/network/toclient/ToClientVehicleExplode.class to com/onewhohears/dscombat/common/network/toclient/ToClientVehicleExplode.class with 8 transformer(s) on dev.architectury.transformer.handler.TinyRemapperPreparedTransformerHandler
[Architectury Transformer DEBUG] Remapping with 1 mapping provider(s):
[Architectury Transformer DEBUG]  - dev.architectury.transformer.transformers.TransformForgeEnvironment$$Lambda/0x000001de0808e008@120d3fd
[Architectury Transformer DEBUG] Remapping Classes:
[Architectury Transformer DEBUG] net/fabricmc/api/EnvType -> net/minecraftforge/api/distmarker/Dist
[Architectury Transformer DEBUG] net/fabricmc/api/Environment -> net/minecraftforge/api/distmarker/OnlyIn
[Architectury Transformer DEBUG] Found class transformer
[Architectury Transformer DEBUG] Writing com/onewhohears/dscombat/common/network/toclient/ToClientVehicleExplode with maxs=true frames=true
[Architectury Transformer DEBUG] Transformed com/onewhohears/dscombat/common/network/toclient/ToClientVehicleExplode in 16.66 ms
[Architectury Transformer DEBUG] Transforming from com/onewhohears/dscombat/data/vehicle/VehiclePresets.class to com/onewhohears/dscombat/data/vehicle/VehiclePresets.class with 8 transformer(s) on dev.architectury.transformer.handler.TinyRemapperPreparedTransformerHandler
[Architectury Transformer DEBUG] Remapping with 1 mapping provider(s):
[Architectury Transformer DEBUG]  - dev.architectury.transformer.transformers.TransformForgeEnvironment$$Lambda/0x000001de0808e008@120d3fd
[Architectury Transformer DEBUG] Remapping Classes:
[Architectury Transformer DEBUG] net/fabricmc/api/EnvType -> net/minecraftforge/api/distmarker/Dist
[Architectury Transformer DEBUG] net/fabricmc/api/Environment -> net/minecraftforge/api/distmarker/OnlyIn
[Architectury Transformer DEBUG] Found class transformer
[Architectury Transformer DEBUG] Writing com/onewhohears/dscombat/data/vehicle/VehiclePresets with maxs=true frames=true
[Architectury Transformer DEBUG] Transformed com/onewhohears/dscombat/data/vehicle/VehiclePresets in 11.31 ms
[Architectury Transformer DEBUG] Transforming from com/onewhohears/dscombat/common/network/toclient/ToClientAddForceMoment.class to com/onewhohears/dscombat/common/network/toclient/ToClientAddForceMoment.class with 8 transformer(s) on dev.architectury.transformer.handler.TinyRemapperPreparedTransformerHandler
[Architectury Transformer DEBUG] Remapping with 1 mapping provider(s):
[Architectury Transformer DEBUG]  - dev.architectury.transformer.transformers.TransformForgeEnvironment$$Lambda/0x000001de0808e008@120d3fd
[Architectury Transformer DEBUG] Remapping Classes:
[Architectury Transformer DEBUG] net/fabricmc/api/EnvType -> net/minecraftforge/api/distmarker/Dist
[Architectury Transformer DEBUG] net/fabricmc/api/Environment -> net/minecraftforge/api/distmarker/OnlyIn
[Architectury Transformer DEBUG] Found class transformer
[Architectury Transformer DEBUG] Writing com/onewhohears/dscombat/common/network/toclient/ToClientAddForceMoment with maxs=true frames=true
[Architectury Transformer DEBUG] Transformed com/onewhohears/dscombat/common/network/toclient/ToClientAddForceMoment in 8.009 ms
[Architectury Transformer DEBUG] Transforming from com/onewhohears/dscombat/common/network/toclient/ToClientVehicleControl.class to com/onewhohears/dscombat/common/network/toclient/ToClientVehicleControl.class with 8 transformer(s) on dev.architectury.transformer.handler.TinyRemapperPreparedTransformerHandler
[Architectury Transformer DEBUG] Remapping with 1 mapping provider(s):
[Architectury Transformer DEBUG]  - dev.architectury.transformer.transformers.TransformForgeEnvironment$$Lambda/0x000001de0808e008@120d3fd
[Architectury Transformer DEBUG] Remapping Classes:
[Architectury Transformer DEBUG] net/fabricmc/api/EnvType -> net/minecraftforge/api/distmarker/Dist
[Architectury Transformer DEBUG] net/fabricmc/api/Environment -> net/minecraftforge/api/distmarker/OnlyIn
[Architectury Transformer DEBUG] Found class transformer
[Architectury Transformer DEBUG] Writing com/onewhohears/dscombat/common/network/toclient/ToClientVehicleControl with maxs=true frames=true
[Architectury Transformer DEBUG] Transformed com/onewhohears/dscombat/common/network/toclient/ToClientVehicleControl in 8.057 ms
[Architectury Transformer DEBUG] Transforming from com/onewhohears/dscombat/data/parts/PartPresets.class to com/onewhohears/dscombat/data/parts/PartPresets.class with 8 transformer(s) on dev.architectury.transformer.handler.TinyRemapperPreparedTransformerHandler
[Architectury Transformer DEBUG] Remapping with 1 mapping provider(s):
[Architectury Transformer DEBUG]  - dev.architectury.transformer.transformers.TransformForgeEnvironment$$Lambda/0x000001de0808e008@120d3fd
[Architectury Transformer DEBUG] Remapping Classes:
[Architectury Transformer DEBUG] net/fabricmc/api/EnvType -> net/minecraftforge/api/distmarker/Dist
[Architectury Transformer DEBUG] net/fabricmc/api/Environment -> net/minecraftforge/api/distmarker/OnlyIn
[Architectury Transformer DEBUG] Found class transformer
[Architectury Transformer DEBUG] Writing com/onewhohears/dscombat/data/parts/PartPresets with maxs=true frames=true
[Architectury Transformer DEBUG] Transformed com/onewhohears/dscombat/data/parts/PartPresets in 4.983 ms
[Architectury Transformer DEBUG] Transforming from com/onewhohears/dscombat/data/parts/stats/PartStats.class to com/onewhohears/dscombat/data/parts/stats/PartStats.class with 8 transformer(s) on dev.architectury.transformer.handler.TinyRemapperPreparedTransformerHandler
[Architectury Transformer DEBUG] Remapping with 1 mapping provider(s):
[Architectury Transformer DEBUG]  - dev.architectury.transformer.transformers.TransformForgeEnvironment$$Lambda/0x000001de0808e008@120d3fd
[Architectury Transformer DEBUG] Remapping Classes:
[Architectury Transformer DEBUG] net/fabricmc/api/EnvType -> net/minecraftforge/api/distmarker/Dist
[Architectury Transformer DEBUG] net/fabricmc/api/Environment -> net/minecraftforge/api/distmarker/OnlyIn
[Architectury Transformer DEBUG] Found class transformer
[Architectury Transformer DEBUG] Writing com/onewhohears/dscombat/data/parts/stats/PartStats with maxs=true frames=true
[Architectury Transformer DEBUG] Transformed com/onewhohears/dscombat/data/parts/stats/PartStats in 7.319 ms
[Architectury Transformer DEBUG] Transforming from com/onewhohears/dscombat/data/parts/PartType.class to com/onewhohears/dscombat/data/parts/PartType.class with 8 transformer(s) on dev.architectury.transformer.handler.TinyRemapperPreparedTransformerHandler
[Architectury Transformer DEBUG] Remapping with 1 mapping provider(s):
[Architectury Transformer DEBUG]  - dev.architectury.transformer.transformers.TransformForgeEnvironment$$Lambda/0x000001de0808e008@120d3fd
[Architectury Transformer DEBUG] Remapping Classes:
[Architectury Transformer DEBUG] net/fabricmc/api/EnvType -> net/minecraftforge/api/distmarker/Dist
[Architectury Transformer DEBUG] net/fabricmc/api/Environment -> net/minecraftforge/api/distmarker/OnlyIn
[Architectury Transformer DEBUG] Found class transformer
[Architectury Transformer DEBUG] Writing com/onewhohears/dscombat/data/parts/PartType with maxs=true frames=true
[Architectury Transformer DEBUG] Transformed com/onewhohears/dscombat/data/parts/PartType in 4.613 ms
[Architectury Transformer DEBUG] Transforming from com/onewhohears/dscombat/data/parts/PartType$Buff.class to com/onewhohears/dscombat/data/parts/PartType$Buff.class with 8 transformer(s) on dev.architectury.transformer.handler.TinyRemapperPreparedTransformerHandler
[Architectury Transformer DEBUG] Remapping with 1 mapping provider(s):
[Architectury Transformer DEBUG]  - dev.architectury.transformer.transformers.TransformForgeEnvironment$$Lambda/0x000001de0808e008@120d3fd
[Architectury Transformer DEBUG] Remapping Classes:
[Architectury Transformer DEBUG] net/fabricmc/api/EnvType -> net/minecraftforge/api/distmarker/Dist
[Architectury Transformer DEBUG] net/fabricmc/api/Environment -> net/minecraftforge/api/distmarker/OnlyIn
[Architectury Transformer DEBUG] Found class transformer
[Architectury Transformer DEBUG] Writing com/onewhohears/dscombat/data/parts/PartType$Buff with maxs=true frames=true
[Architectury Transformer DEBUG] Transformed com/onewhohears/dscombat/data/parts/PartType$Buff in 7.150 ms
[Architectury Transformer DEBUG] Transforming from com/onewhohears/dscombat/data/parts/PartType$ChaffDispenser.class to com/onewhohears/dscombat/data/parts/PartType$ChaffDispenser.class with 8 transformer(s) on dev.architectury.transformer.handler.TinyRemapperPreparedTransformerHandler
[Architectury Transformer DEBUG] Remapping with 1 mapping provider(s):
[Architectury Transformer DEBUG]  - dev.architectury.transformer.transformers.TransformForgeEnvironment$$Lambda/0x000001de0808e008@120d3fd
[Architectury Transformer DEBUG] Remapping Classes:
[Architectury Transformer DEBUG] net/fabricmc/api/EnvType -> net/minecraftforge/api/distmarker/Dist
[Architectury Transformer DEBUG] net/fabricmc/api/Environment -> net/minecraftforge/api/distmarker/OnlyIn
[Architectury Transformer DEBUG] Found class transformer
[Architectury Transformer DEBUG] Writing com/onewhohears/dscombat/data/parts/PartType$ChaffDispenser with maxs=true frames=true
[Architectury Transformer DEBUG] Transformed com/onewhohears/dscombat/data/parts/PartType$ChaffDispenser in 5.257 ms
[Architectury Transformer DEBUG] Transforming from com/onewhohears/dscombat/data/parts/PartType$ChainHook.class to com/onewhohears/dscombat/data/parts/PartType$ChainHook.class with 8 transformer(s) on dev.architectury.transformer.handler.TinyRemapperPreparedTransformerHandler
[Architectury Transformer DEBUG] Remapping with 1 mapping provider(s):
[Architectury Transformer DEBUG]  - dev.architectury.transformer.transformers.TransformForgeEnvironment$$Lambda/0x000001de0808e008@120d3fd
[Architectury Transformer DEBUG] Remapping Classes:
[Architectury Transformer DEBUG] net/fabricmc/api/EnvType -> net/minecraftforge/api/distmarker/Dist
[Architectury Transformer DEBUG] net/fabricmc/api/Environment -> net/minecraftforge/api/distmarker/OnlyIn
[Architectury Transformer DEBUG] Found class transformer
[Architectury Transformer DEBUG] Writing com/onewhohears/dscombat/data/parts/PartType$ChainHook with maxs=true frames=true
[Architectury Transformer DEBUG] Transformed com/onewhohears/dscombat/data/parts/PartType$ChainHook in 3.805 ms
[Architectury Transformer DEBUG] Transforming from com/onewhohears/dscombat/data/parts/PartType$Engine.class to com/onewhohears/dscombat/data/parts/PartType$Engine.class with 8 transformer(s) on dev.architectury.transformer.handler.TinyRemapperPreparedTransformerHandler
[Architectury Transformer DEBUG] Remapping with 1 mapping provider(s):
[Architectury Transformer DEBUG]  - dev.architectury.transformer.transformers.TransformForgeEnvironment$$Lambda/0x000001de0808e008@120d3fd
[Architectury Transformer DEBUG] Remapping Classes:
[Architectury Transformer DEBUG] net/fabricmc/api/EnvType -> net/minecraftforge/api/distmarker/Dist
[Architectury Transformer DEBUG] net/fabricmc/api/Environment -> net/minecraftforge/api/distmarker/OnlyIn
[Architectury Transformer DEBUG] Found class transformer
[Architectury Transformer DEBUG] Writing com/onewhohears/dscombat/data/parts/PartType$Engine with maxs=true frames=true
[Architectury Transformer DEBUG] Transformed com/onewhohears/dscombat/data/parts/PartType$Engine in 7.829 ms
[Architectury Transformer DEBUG] Transforming from com/onewhohears/dscombat/data/parts/PartType$ExternalEngine.class to com/onewhohears/dscombat/data/parts/PartType$ExternalEngine.class with 8 transformer(s) on dev.architectury.transformer.handler.TinyRemapperPreparedTransformerHandler
[Architectury Transformer DEBUG] Remapping with 1 mapping provider(s):
[Architectury Transformer DEBUG]  - dev.architectury.transformer.transformers.TransformForgeEnvironment$$Lambda/0x000001de0808e008@120d3fd
[Architectury Transformer DEBUG] Remapping Classes:
[Architectury Transformer DEBUG] net/fabricmc/api/EnvType -> net/minecraftforge/api/distmarker/Dist
[Architectury Transformer DEBUG] net/fabricmc/api/Environment -> net/minecraftforge/api/distmarker/OnlyIn
[Architectury Transformer DEBUG] Found class transformer
[Architectury Transformer DEBUG] Writing com/onewhohears/dscombat/data/parts/PartType$ExternalEngine with maxs=true frames=true
[Architectury Transformer DEBUG] Transformed com/onewhohears/dscombat/data/parts/PartType$ExternalEngine in 4.165 ms
[Architectury Transformer DEBUG] Transforming from com/onewhohears/dscombat/data/parts/PartType$FuelTank.class to com/onewhohears/dscombat/data/parts/PartType$FuelTank.class with 8 transformer(s) on dev.architectury.transformer.handler.TinyRemapperPreparedTransformerHandler
[Architectury Transformer DEBUG] Remapping with 1 mapping provider(s):
[Architectury Transformer DEBUG]  - dev.architectury.transformer.transformers.TransformForgeEnvironment$$Lambda/0x000001de0808e008@120d3fd
[Architectury Transformer DEBUG] Remapping Classes:
[Architectury Transformer DEBUG] net/fabricmc/api/EnvType -> net/minecraftforge/api/distmarker/Dist
[Architectury Transformer DEBUG] net/fabricmc/api/Environment -> net/minecraftforge/api/distmarker/OnlyIn
[Architectury Transformer DEBUG] Found class transformer
[Architectury Transformer DEBUG] Writing com/onewhohears/dscombat/data/parts/PartType$FuelTank with maxs=true frames=true
[Architectury Transformer DEBUG] Transformed com/onewhohears/dscombat/data/parts/PartType$FuelTank in 3.439 ms
[Architectury Transformer DEBUG] Transforming from com/onewhohears/dscombat/data/parts/PartType$ExternalFuelTank.class to com/onewhohears/dscombat/data/parts/PartType$ExternalFuelTank.class with 8 transformer(s) on dev.architectury.transformer.handler.TinyRemapperPreparedTransformerHandler
[Architectury Transformer DEBUG] Remapping with 1 mapping provider(s):
[Architectury Transformer DEBUG]  - dev.architectury.transformer.transformers.TransformForgeEnvironment$$Lambda/0x000001de0808e008@120d3fd
[Architectury Transformer DEBUG] Remapping Classes:
[Architectury Transformer DEBUG] net/fabricmc/api/EnvType -> net/minecraftforge/api/distmarker/Dist
[Architectury Transformer DEBUG] net/fabricmc/api/Environment -> net/minecraftforge/api/distmarker/OnlyIn
[Architectury Transformer DEBUG] Found class transformer
[Architectury Transformer DEBUG] Writing com/onewhohears/dscombat/data/parts/PartType$ExternalFuelTank with maxs=true frames=true
[Architectury Transformer DEBUG] Transformed com/onewhohears/dscombat/data/parts/PartType$ExternalFuelTank in 7.961 ms
[Architectury Transformer DEBUG] Transforming from com/onewhohears/dscombat/data/parts/PartType$Radar.class to com/onewhohears/dscombat/data/parts/PartType$Radar.class with 8 transformer(s) on dev.architectury.transformer.handler.TinyRemapperPreparedTransformerHandler
[Architectury Transformer DEBUG] Remapping with 1 mapping provider(s):
[Architectury Transformer DEBUG]  - dev.architectury.transformer.transformers.TransformForgeEnvironment$$Lambda/0x000001de0808e008@120d3fd
[Architectury Transformer DEBUG] Remapping Classes:
[Architectury Transformer DEBUG] net/fabricmc/api/EnvType -> net/minecraftforge/api/distmarker/Dist
[Architectury Transformer DEBUG] net/fabricmc/api/Environment -> net/minecraftforge/api/distmarker/OnlyIn
[Architectury Transformer DEBUG] Found class transformer
[Architectury Transformer DEBUG] Writing com/onewhohears/dscombat/data/parts/PartType$Radar with maxs=true frames=true
[Architectury Transformer DEBUG] Transformed com/onewhohears/dscombat/data/parts/PartType$Radar in 7.016 ms
[Architectury Transformer DEBUG] Transforming from com/onewhohears/dscombat/data/parts/PartType$ExternalRadar.class to com/onewhohears/dscombat/data/parts/PartType$ExternalRadar.class with 8 transformer(s) on dev.architectury.transformer.handler.TinyRemapperPreparedTransformerHandler
[Architectury Transformer DEBUG] Remapping with 1 mapping provider(s):
[Architectury Transformer DEBUG]  - dev.architectury.transformer.transformers.TransformForgeEnvironment$$Lambda/0x000001de0808e008@120d3fd
[Architectury Transformer DEBUG] Remapping Classes:
[Architectury Transformer DEBUG] net/fabricmc/api/EnvType -> net/minecraftforge/api/distmarker/Dist
[Architectury Transformer DEBUG] net/fabricmc/api/Environment -> net/minecraftforge/api/distmarker/OnlyIn
[Architectury Transformer DEBUG] Found class transformer
[Architectury Transformer DEBUG] Writing com/onewhohears/dscombat/data/parts/PartType$ExternalRadar with maxs=true frames=true
[Architectury Transformer DEBUG] Transformed com/onewhohears/dscombat/data/parts/PartType$ExternalRadar in 6.404 ms
[Architectury Transformer DEBUG] Transforming from com/onewhohears/dscombat/data/parts/PartType$ExternalStorage.class to com/onewhohears/dscombat/data/parts/PartType$ExternalStorage.class with 8 transformer(s) on dev.architectury.transformer.handler.TinyRemapperPreparedTransformerHandler
[Architectury Transformer DEBUG] Remapping with 1 mapping provider(s):
[Architectury Transformer DEBUG]  - dev.architectury.transformer.transformers.TransformForgeEnvironment$$Lambda/0x000001de0808e008@120d3fd
[Architectury Transformer DEBUG] Remapping Classes:
[Architectury Transformer DEBUG] net/fabricmc/api/EnvType -> net/minecraftforge/api/distmarker/Dist
[Architectury Transformer DEBUG] net/fabricmc/api/Environment -> net/minecraftforge/api/distmarker/OnlyIn
[Architectury Transformer DEBUG] Found class transformer
[Architectury Transformer DEBUG] Writing com/onewhohears/dscombat/data/parts/PartType$ExternalStorage with maxs=true frames=true
[Architectury Transformer DEBUG] Transformed com/onewhohears/dscombat/data/parts/PartType$ExternalStorage in 4.198 ms
[Architectury Transformer DEBUG] Transforming from com/onewhohears/dscombat/data/parts/PartType$Weapon.class to com/onewhohears/dscombat/data/parts/PartType$Weapon.class with 8 transformer(s) on dev.architectury.transformer.handler.TinyRemapperPreparedTransformerHandler
[Architectury Transformer DEBUG] Remapping with 1 mapping provider(s):
[Architectury Transformer DEBUG]  - dev.architectury.transformer.transformers.TransformForgeEnvironment$$Lambda/0x000001de0808e008@120d3fd
[Architectury Transformer DEBUG] Remapping Classes:
[Architectury Transformer DEBUG] net/fabricmc/api/EnvType -> net/minecraftforge/api/distmarker/Dist
[Architectury Transformer DEBUG] net/fabricmc/api/Environment -> net/minecraftforge/api/distmarker/OnlyIn
[Architectury Transformer DEBUG] Found class transformer
[Architectury Transformer DEBUG] Writing com/onewhohears/dscombat/data/parts/PartType$Weapon with maxs=true frames=true
[Architectury Transformer DEBUG] Transformed com/onewhohears/dscombat/data/parts/PartType$Weapon in 3.266 ms
[Architectury Transformer DEBUG] Transforming from com/onewhohears/dscombat/data/parts/PartType$ExternalWeapon.class to com/onewhohears/dscombat/data/parts/PartType$ExternalWeapon.class with 8 transformer(s) on dev.architectury.transformer.handler.TinyRemapperPreparedTransformerHandler
[Architectury Transformer DEBUG] Remapping with 1 mapping provider(s):
[Architectury Transformer DEBUG]  - dev.architectury.transformer.transformers.TransformForgeEnvironment$$Lambda/0x000001de0808e008@120d3fd
[Architectury Transformer DEBUG] Remapping Classes:
[Architectury Transformer DEBUG] net/fabricmc/api/EnvType -> net/minecraftforge/api/distmarker/Dist
[Architectury Transformer DEBUG] net/fabricmc/api/Environment -> net/minecraftforge/api/distmarker/OnlyIn
[Architectury Transformer DEBUG] Found class transformer
[Architectury Transformer DEBUG] Writing com/onewhohears/dscombat/data/parts/PartType$ExternalWeapon with maxs=true frames=true
[Architectury Transformer DEBUG] Transformed com/onewhohears/dscombat/data/parts/PartType$ExternalWeapon in 7.604 ms
[Architectury Transformer DEBUG] Transforming from com/onewhohears/dscombat/data/parts/PartType$FlareDispenser.class to com/onewhohears/dscombat/data/parts/PartType$FlareDispenser.class with 8 transformer(s) on dev.architectury.transformer.handler.TinyRemapperPreparedTransformerHandler
[Architectury Transformer DEBUG] Remapping with 1 mapping provider(s):
[Architectury Transformer DEBUG]  - dev.architectury.transformer.transformers.TransformForgeEnvironment$$Lambda/0x000001de0808e008@120d3fd
[Architectury Transformer DEBUG] Remapping Classes:
[Architectury Transformer DEBUG] net/fabricmc/api/EnvType -> net/minecraftforge/api/distmarker/Dist
[Architectury Transformer DEBUG] net/fabricmc/api/Environment -> net/minecraftforge/api/distmarker/OnlyIn
[Architectury Transformer DEBUG] Found class transformer
[Architectury Transformer DEBUG] Writing com/onewhohears/dscombat/data/parts/PartType$FlareDispenser with maxs=true frames=true
[Architectury Transformer DEBUG] Transformed com/onewhohears/dscombat/data/parts/PartType$FlareDispenser in 4.134 ms
[Architectury Transformer DEBUG] Transforming from com/onewhohears/dscombat/data/parts/PartType$Gimbal.class to com/onewhohears/dscombat/data/parts/PartType$Gimbal.class with 8 transformer(s) on dev.architectury.transformer.handler.TinyRemapperPreparedTransformerHandler
[Architectury Transformer DEBUG] Remapping with 1 mapping provider(s):
[Architectury Transformer DEBUG]  - dev.architectury.transformer.transformers.TransformForgeEnvironment$$Lambda/0x000001de0808e008@120d3fd
[Architectury Transformer DEBUG] Remapping Classes:
[Architectury Transformer DEBUG] net/fabricmc/api/EnvType -> net/minecraftforge/api/distmarker/Dist
[Architectury Transformer DEBUG] net/fabricmc/api/Environment -> net/minecraftforge/api/distmarker/OnlyIn
[Architectury Transformer DEBUG] Found class transformer
[Architectury Transformer DEBUG] Writing com/onewhohears/dscombat/data/parts/PartType$Gimbal with maxs=true frames=true
[Architectury Transformer DEBUG] Transformed com/onewhohears/dscombat/data/parts/PartType$Gimbal in 3.458 ms
[Architectury Transformer DEBUG] Transforming from com/onewhohears/dscombat/data/parts/PartType$Storage.class to com/onewhohears/dscombat/data/parts/PartType$Storage.class with 8 transformer(s) on dev.architectury.transformer.handler.TinyRemapperPreparedTransformerHandler
[Architectury Transformer DEBUG] Remapping with 1 mapping provider(s):
[Architectury Transformer DEBUG]  - dev.architectury.transformer.transformers.TransformForgeEnvironment$$Lambda/0x000001de0808e008@120d3fd
[Architectury Transformer DEBUG] Remapping Classes:
[Architectury Transformer DEBUG] net/fabricmc/api/EnvType -> net/minecraftforge/api/distmarker/Dist
[Architectury Transformer DEBUG] net/fabricmc/api/Environment -> net/minecraftforge/api/distmarker/OnlyIn
[Architectury Transformer DEBUG] Found class transformer
[Architectury Transformer DEBUG] Writing com/onewhohears/dscombat/data/parts/PartType$Storage with maxs=true frames=true
[Architectury Transformer DEBUG] Transformed com/onewhohears/dscombat/data/parts/PartType$Storage in 5.911 ms
[Architectury Transformer DEBUG] Transforming from com/onewhohears/dscombat/data/parts/PartType$Jammer.class to com/onewhohears/dscombat/data/parts/PartType$Jammer.class with 8 transformer(s) on dev.architectury.transformer.handler.TinyRemapperPreparedTransformerHandler
[Architectury Transformer DEBUG] Remapping with 1 mapping provider(s):
[Architectury Transformer DEBUG]  - dev.architectury.transformer.transformers.TransformForgeEnvironment$$Lambda/0x000001de0808e008@120d3fd
[Architectury Transformer DEBUG] Remapping Classes:
[Architectury Transformer DEBUG] net/fabricmc/api/EnvType -> net/minecraftforge/api/distmarker/Dist
[Architectury Transformer DEBUG] net/fabricmc/api/Environment -> net/minecraftforge/api/distmarker/OnlyIn
[Architectury Transformer DEBUG] Found class transformer
[Architectury Transformer DEBUG] Writing com/onewhohears/dscombat/data/parts/PartType$Jammer with maxs=true frames=true
[Architectury Transformer DEBUG] Transformed com/onewhohears/dscombat/data/parts/PartType$Jammer in 4.133 ms
[Architectury Transformer DEBUG] Transforming from com/onewhohears/dscombat/data/parts/PartType$SmokeGrenadeDispenser.class to com/onewhohears/dscombat/data/parts/PartType$SmokeGrenadeDispenser.class with 8 transformer(s) on dev.architectury.transformer.handler.TinyRemapperPreparedTransformerHandler
[Architectury Transformer DEBUG] Remapping with 1 mapping provider(s):
[Architectury Transformer DEBUG]  - dev.architectury.transformer.transformers.TransformForgeEnvironment$$Lambda/0x000001de0808e008@120d3fd
[Architectury Transformer DEBUG] Remapping Classes:
[Architectury Transformer DEBUG] net/fabricmc/api/EnvType -> net/minecraftforge/api/distmarker/Dist
[Architectury Transformer DEBUG] net/fabricmc/api/Environment -> net/minecraftforge/api/distmarker/OnlyIn
[Architectury Transformer DEBUG] Found class transformer
[Architectury Transformer DEBUG] Writing com/onewhohears/dscombat/data/parts/PartType$SmokeGrenadeDispenser with maxs=true frames=true
[Architectury Transformer DEBUG] Transformed com/onewhohears/dscombat/data/parts/PartType$SmokeGrenadeDispenser in 3.064 ms
[Architectury Transformer DEBUG] Transforming from com/onewhohears/dscombat/data/parts/PartType$Seat.class to com/onewhohears/dscombat/data/parts/PartType$Seat.class with 8 transformer(s) on dev.architectury.transformer.handler.TinyRemapperPreparedTransformerHandler
[Architectury Transformer DEBUG] Remapping with 1 mapping provider(s):
[Architectury Transformer DEBUG]  - dev.architectury.transformer.transformers.TransformForgeEnvironment$$Lambda/0x000001de0808e008@120d3fd
[Architectury Transformer DEBUG] Remapping Classes:
[Architectury Transformer DEBUG] net/fabricmc/api/EnvType -> net/minecraftforge/api/distmarker/Dist
[Architectury Transformer DEBUG] net/fabricmc/api/Environment -> net/minecraftforge/api/distmarker/OnlyIn
[Architectury Transformer DEBUG] Found class transformer
[Architectury Transformer DEBUG] Writing com/onewhohears/dscombat/data/parts/PartType$Seat with maxs=true frames=true
[Architectury Transformer DEBUG] Transformed com/onewhohears/dscombat/data/parts/PartType$Seat in 3.705 ms
[Architectury Transformer DEBUG] Transforming from com/onewhohears/dscombat/data/parts/PartType$Turret.class to com/onewhohears/dscombat/data/parts/PartType$Turret.class with 8 transformer(s) on dev.architectury.transformer.handler.TinyRemapperPreparedTransformerHandler
[Architectury Transformer DEBUG] Remapping with 1 mapping provider(s):
[Architectury Transformer DEBUG]  - dev.architectury.transformer.transformers.TransformForgeEnvironment$$Lambda/0x000001de0808e008@120d3fd
[Architectury Transformer DEBUG] Remapping Classes:
[Architectury Transformer DEBUG] net/fabricmc/api/EnvType -> net/minecraftforge/api/distmarker/Dist
[Architectury Transformer DEBUG] net/fabricmc/api/Environment -> net/minecraftforge/api/distmarker/OnlyIn
[Architectury Transformer DEBUG] Found class transformer
[Architectury Transformer DEBUG] Writing com/onewhohears/dscombat/data/parts/PartType$Turret with maxs=true frames=true
[Architectury Transformer DEBUG] Transformed com/onewhohears/dscombat/data/parts/PartType$Turret in 7.251 ms
[Architectury Transformer DEBUG] Transforming from com/onewhohears/dscombat/data/weapon/WeaponPresets.class to com/onewhohears/dscombat/data/weapon/WeaponPresets.class with 8 transformer(s) on dev.architectury.transformer.handler.TinyRemapperPreparedTransformerHandler
[Architectury Transformer DEBUG] Remapping with 1 mapping provider(s):
[Architectury Transformer DEBUG]  - dev.architectury.transformer.transformers.TransformForgeEnvironment$$Lambda/0x000001de0808e008@120d3fd
[Architectury Transformer DEBUG] Remapping Classes:
[Architectury Transformer DEBUG] net/fabricmc/api/EnvType -> net/minecraftforge/api/distmarker/Dist
[Architectury Transformer DEBUG] net/fabricmc/api/Environment -> net/minecraftforge/api/distmarker/OnlyIn
[Architectury Transformer DEBUG] Found class transformer
[Architectury Transformer DEBUG] Writing com/onewhohears/dscombat/data/weapon/WeaponPresets with maxs=true frames=true
[Architectury Transformer DEBUG] Transformed com/onewhohears/dscombat/data/weapon/WeaponPresets in 6.602 ms
[Architectury Transformer DEBUG] Transforming from com/onewhohears/dscombat/data/weapon/stats/WeaponStats.class to com/onewhohears/dscombat/data/weapon/stats/WeaponStats.class with 8 transformer(s) on dev.architectury.transformer.handler.TinyRemapperPreparedTransformerHandler
[Architectury Transformer DEBUG] Remapping with 1 mapping provider(s):
[Architectury Transformer DEBUG]  - dev.architectury.transformer.transformers.TransformForgeEnvironment$$Lambda/0x000001de0808e008@120d3fd
[Architectury Transformer DEBUG] Remapping Classes:
[Architectury Transformer DEBUG] net/fabricmc/api/EnvType -> net/minecraftforge/api/distmarker/Dist
[Architectury Transformer DEBUG] net/fabricmc/api/Environment -> net/minecraftforge/api/distmarker/OnlyIn
[Architectury Transformer DEBUG] Found class transformer
[Architectury Transformer DEBUG] Writing com/onewhohears/dscombat/data/weapon/stats/WeaponStats with maxs=true frames=true
[Architectury Transformer DEBUG] Transformed com/onewhohears/dscombat/data/weapon/stats/WeaponStats in 4.965 ms
[Architectury Transformer DEBUG] Transforming from com/onewhohears/dscombat/data/weapon/WeaponType.class to com/onewhohears/dscombat/data/weapon/WeaponType.class with 8 transformer(s) on dev.architectury.transformer.handler.TinyRemapperPreparedTransformerHandler
[Architectury Transformer DEBUG] Remapping with 1 mapping provider(s):
[Architectury Transformer DEBUG]  - dev.architectury.transformer.transformers.TransformForgeEnvironment$$Lambda/0x000001de0808e008@120d3fd
[Architectury Transformer DEBUG] Remapping Classes:
[Architectury Transformer DEBUG] net/fabricmc/api/EnvType -> net/minecraftforge/api/distmarker/Dist
[Architectury Transformer DEBUG] net/fabricmc/api/Environment -> net/minecraftforge/api/distmarker/OnlyIn
[Architectury Transformer DEBUG] Found class transformer
[Architectury Transformer DEBUG] Writing com/onewhohears/dscombat/data/weapon/WeaponType with maxs=true frames=true
[Architectury Transformer DEBUG] Transformed com/onewhohears/dscombat/data/weapon/WeaponType in 5.583 ms
[Architectury Transformer DEBUG] Transforming from com/onewhohears/dscombat/data/weapon/WeaponType$None.class to com/onewhohears/dscombat/data/weapon/WeaponType$None.class with 8 transformer(s) on dev.architectury.transformer.handler.TinyRemapperPreparedTransformerHandler
[Architectury Transformer DEBUG] Remapping with 1 mapping provider(s):
[Architectury Transformer DEBUG]  - dev.architectury.transformer.transformers.TransformForgeEnvironment$$Lambda/0x000001de0808e008@120d3fd
[Architectury Transformer DEBUG] Remapping Classes:
[Architectury Transformer DEBUG] net/fabricmc/api/EnvType -> net/minecraftforge/api/distmarker/Dist
[Architectury Transformer DEBUG] net/fabricmc/api/Environment -> net/minecraftforge/api/distmarker/OnlyIn
[Architectury Transformer DEBUG] Found class transformer
[Architectury Transformer DEBUG] Writing com/onewhohears/dscombat/data/weapon/WeaponType$None with maxs=true frames=true
[Architectury Transformer DEBUG] Transformed com/onewhohears/dscombat/data/weapon/WeaponType$None in 6.566 ms
[Architectury Transformer DEBUG] Transforming from com/onewhohears/dscombat/data/weapon/WeaponType$Bomb.class to com/onewhohears/dscombat/data/weapon/WeaponType$Bomb.class with 8 transformer(s) on dev.architectury.transformer.handler.TinyRemapperPreparedTransformerHandler
[Architectury Transformer DEBUG] Remapping with 1 mapping provider(s):
[Architectury Transformer DEBUG]  - dev.architectury.transformer.transformers.TransformForgeEnvironment$$Lambda/0x000001de0808e008@120d3fd
[Architectury Transformer DEBUG] Remapping Classes:
[Architectury Transformer DEBUG] net/fabricmc/api/EnvType -> net/minecraftforge/api/distmarker/Dist
[Architectury Transformer DEBUG] net/fabricmc/api/Environment -> net/minecraftforge/api/distmarker/OnlyIn
[Architectury Transformer DEBUG] Found class transformer
[Architectury Transformer DEBUG] Writing com/onewhohears/dscombat/data/weapon/WeaponType$Bomb with maxs=true frames=true
[Architectury Transformer DEBUG] Transformed com/onewhohears/dscombat/data/weapon/WeaponType$Bomb in 4.726 ms
[Architectury Transformer DEBUG] Transforming from com/onewhohears/dscombat/data/weapon/WeaponType$BunkerBuster.class to com/onewhohears/dscombat/data/weapon/WeaponType$BunkerBuster.class with 8 transformer(s) on dev.architectury.transformer.handler.TinyRemapperPreparedTransformerHandler
[Architectury Transformer DEBUG] Remapping with 1 mapping provider(s):
[Architectury Transformer DEBUG]  - dev.architectury.transformer.transformers.TransformForgeEnvironment$$Lambda/0x000001de0808e008@120d3fd
[Architectury Transformer DEBUG] Remapping Classes:
[Architectury Transformer DEBUG] net/fabricmc/api/EnvType -> net/minecraftforge/api/distmarker/Dist
[Architectury Transformer DEBUG] net/fabricmc/api/Environment -> net/minecraftforge/api/distmarker/OnlyIn
[Architectury Transformer DEBUG] Found class transformer
[Architectury Transformer DEBUG] Writing com/onewhohears/dscombat/data/weapon/WeaponType$BunkerBuster with maxs=true frames=true
[Architectury Transformer DEBUG] Transformed com/onewhohears/dscombat/data/weapon/WeaponType$BunkerBuster in 5.916 ms
[Architectury Transformer DEBUG] Transforming from com/onewhohears/dscombat/data/weapon/WeaponType$Bullet.class to com/onewhohears/dscombat/data/weapon/WeaponType$Bullet.class with 8 transformer(s) on dev.architectury.transformer.handler.TinyRemapperPreparedTransformerHandler
[Architectury Transformer DEBUG] Remapping with 1 mapping provider(s):
[Architectury Transformer DEBUG]  - dev.architectury.transformer.transformers.TransformForgeEnvironment$$Lambda/0x000001de0808e008@120d3fd
[Architectury Transformer DEBUG] Remapping Classes:
[Architectury Transformer DEBUG] net/fabricmc/api/EnvType -> net/minecraftforge/api/distmarker/Dist
[Architectury Transformer DEBUG] net/fabricmc/api/Environment -> net/minecraftforge/api/distmarker/OnlyIn
[Architectury Transformer DEBUG] Found class transformer
[Architectury Transformer DEBUG] Writing com/onewhohears/dscombat/data/weapon/WeaponType$Bullet with maxs=true frames=true
[Architectury Transformer DEBUG] Transformed com/onewhohears/dscombat/data/weapon/WeaponType$Bullet in 7.032 ms
[Architectury Transformer DEBUG] Transforming from com/onewhohears/dscombat/data/weapon/WeaponType$PosMissile.class to com/onewhohears/dscombat/data/weapon/WeaponType$PosMissile.class with 8 transformer(s) on dev.architectury.transformer.handler.TinyRemapperPreparedTransformerHandler
[Architectury Transformer DEBUG] Remapping with 1 mapping provider(s):
[Architectury Transformer DEBUG]  - dev.architectury.transformer.transformers.TransformForgeEnvironment$$Lambda/0x000001de0808e008@120d3fd
[Architectury Transformer DEBUG] Remapping Classes:
[Architectury Transformer DEBUG] net/fabricmc/api/EnvType -> net/minecraftforge/api/distmarker/Dist
[Architectury Transformer DEBUG] net/fabricmc/api/Environment -> net/minecraftforge/api/distmarker/OnlyIn
[Architectury Transformer DEBUG] Found class transformer
[Architectury Transformer DEBUG] Writing com/onewhohears/dscombat/data/weapon/WeaponType$PosMissile with maxs=true frames=true
[Architectury Transformer DEBUG] Transformed com/onewhohears/dscombat/data/weapon/WeaponType$PosMissile in 4.704 ms
[Architectury Transformer DEBUG] Transforming from com/onewhohears/dscombat/data/weapon/WeaponType$TrackMissile.class to com/onewhohears/dscombat/data/weapon/WeaponType$TrackMissile.class with 8 transformer(s) on dev.architectury.transformer.handler.TinyRemapperPreparedTransformerHandler
[Architectury Transformer DEBUG] Remapping with 1 mapping provider(s):
[Architectury Transformer DEBUG]  - dev.architectury.transformer.transformers.TransformForgeEnvironment$$Lambda/0x000001de0808e008@120d3fd
[Architectury Transformer DEBUG] Remapping Classes:
[Architectury Transformer DEBUG] net/fabricmc/api/EnvType -> net/minecraftforge/api/distmarker/Dist
[Architectury Transformer DEBUG] net/fabricmc/api/Environment -> net/minecraftforge/api/distmarker/OnlyIn
[Architectury Transformer DEBUG] Found class transformer
[Architectury Transformer DEBUG] Writing com/onewhohears/dscombat/data/weapon/WeaponType$TrackMissile with maxs=true frames=true
[Architectury Transformer DEBUG] Transformed com/onewhohears/dscombat/data/weapon/WeaponType$TrackMissile in 4.090 ms
[Architectury Transformer DEBUG] Transforming from com/onewhohears/dscombat/data/weapon/WeaponType$Torpedo.class to com/onewhohears/dscombat/data/weapon/WeaponType$Torpedo.class with 8 transformer(s) on dev.architectury.transformer.handler.TinyRemapperPreparedTransformerHandler
[Architectury Transformer DEBUG] Remapping with 1 mapping provider(s):
[Architectury Transformer DEBUG]  - dev.architectury.transformer.transformers.TransformForgeEnvironment$$Lambda/0x000001de0808e008@120d3fd
[Architectury Transformer DEBUG] Remapping Classes:
[Architectury Transformer DEBUG] net/fabricmc/api/EnvType -> net/minecraftforge/api/distmarker/Dist
[Architectury Transformer DEBUG] net/fabricmc/api/Environment -> net/minecraftforge/api/distmarker/OnlyIn
[Architectury Transformer DEBUG] Found class transformer
[Architectury Transformer DEBUG] Writing com/onewhohears/dscombat/data/weapon/WeaponType$Torpedo with maxs=true frames=true
[Architectury Transformer DEBUG] Transformed com/onewhohears/dscombat/data/weapon/WeaponType$Torpedo in 6.291 ms
[Architectury Transformer DEBUG] Transforming from com/onewhohears/dscombat/data/weapon/WeaponType$IrMissile.class to com/onewhohears/dscombat/data/weapon/WeaponType$IrMissile.class with 8 transformer(s) on dev.architectury.transformer.handler.TinyRemapperPreparedTransformerHandler
[Architectury Transformer DEBUG] Remapping with 1 mapping provider(s):
[Architectury Transformer DEBUG]  - dev.architectury.transformer.transformers.TransformForgeEnvironment$$Lambda/0x000001de0808e008@120d3fd
[Architectury Transformer DEBUG] Remapping Classes:
[Architectury Transformer DEBUG] net/fabricmc/api/EnvType -> net/minecraftforge/api/distmarker/Dist
[Architectury Transformer DEBUG] net/fabricmc/api/Environment -> net/minecraftforge/api/distmarker/OnlyIn
[Architectury Transformer DEBUG] Found class transformer
[Architectury Transformer DEBUG] Writing com/onewhohears/dscombat/data/weapon/WeaponType$IrMissile with maxs=true frames=true
[Architectury Transformer DEBUG] Transformed com/onewhohears/dscombat/data/weapon/WeaponType$IrMissile in 7.550 ms
[Architectury Transformer DEBUG] Transforming from com/onewhohears/dscombat/data/weapon/WeaponType$AntiRadarMissile.class to com/onewhohears/dscombat/data/weapon/WeaponType$AntiRadarMissile.class with 8 transformer(s) on dev.architectury.transformer.handler.TinyRemapperPreparedTransformerHandler
[Architectury Transformer DEBUG] Remapping with 1 mapping provider(s):
[Architectury Transformer DEBUG]  - dev.architectury.transformer.transformers.TransformForgeEnvironment$$Lambda/0x000001de0808e008@120d3fd
[Architectury Transformer DEBUG] Remapping Classes:
[Architectury Transformer DEBUG] net/fabricmc/api/EnvType -> net/minecraftforge/api/distmarker/Dist
[Architectury Transformer DEBUG] net/fabricmc/api/Environment -> net/minecraftforge/api/distmarker/OnlyIn
[Architectury Transformer DEBUG] Found class transformer
[Architectury Transformer DEBUG] Writing com/onewhohears/dscombat/data/weapon/WeaponType$AntiRadarMissile with maxs=true frames=true
[Architectury Transformer DEBUG] Transformed com/onewhohears/dscombat/data/weapon/WeaponType$AntiRadarMissile in 12.56 ms
[Architectury Transformer DEBUG] Transforming from com/onewhohears/dscombat/data/weapon/WeaponType$DumbTorpedo.class to com/onewhohears/dscombat/data/weapon/WeaponType$DumbTorpedo.class with 8 transformer(s) on dev.architectury.transformer.handler.TinyRemapperPreparedTransformerHandler
[Architectury Transformer DEBUG] Remapping with 1 mapping provider(s):
[Architectury Transformer DEBUG]  - dev.architectury.transformer.transformers.TransformForgeEnvironment$$Lambda/0x000001de0808e008@120d3fd
[Architectury Transformer DEBUG] Remapping Classes:
[Architectury Transformer DEBUG] net/fabricmc/api/EnvType -> net/minecraftforge/api/distmarker/Dist
[Architectury Transformer DEBUG] net/fabricmc/api/Environment -> net/minecraftforge/api/distmarker/OnlyIn
[Architectury Transformer DEBUG] Found class transformer
[Architectury Transformer DEBUG] Writing com/onewhohears/dscombat/data/weapon/WeaponType$DumbTorpedo with maxs=true frames=true
[Architectury Transformer DEBUG] Transformed com/onewhohears/dscombat/data/weapon/WeaponType$DumbTorpedo in 5.535 ms
[Architectury Transformer DEBUG] Transforming from com/onewhohears/dscombat/data/weapon/WeaponType$BallisticMissile.class to com/onewhohears/dscombat/data/weapon/WeaponType$BallisticMissile.class with 8 transformer(s) on dev.architectury.transformer.handler.TinyRemapperPreparedTransformerHandler
[Architectury Transformer DEBUG] Remapping with 1 mapping provider(s):
[Architectury Transformer DEBUG]  - dev.architectury.transformer.transformers.TransformForgeEnvironment$$Lambda/0x000001de0808e008@120d3fd
[Architectury Transformer DEBUG] Remapping Classes:
[Architectury Transformer DEBUG] net/fabricmc/api/EnvType -> net/minecraftforge/api/distmarker/Dist
[Architectury Transformer DEBUG] net/fabricmc/api/Environment -> net/minecraftforge/api/distmarker/OnlyIn
[Architectury Transformer DEBUG] Found class transformer
[Architectury Transformer DEBUG] Writing com/onewhohears/dscombat/data/weapon/WeaponType$BallisticMissile with maxs=true frames=true
[Architectury Transformer DEBUG] Transformed com/onewhohears/dscombat/data/weapon/WeaponType$BallisticMissile in 9.018 ms
[Architectury Transformer DEBUG] Transforming from com/onewhohears/dscombat/data/weapon/WeaponType$SmokeGrenade.class to com/onewhohears/dscombat/data/weapon/WeaponType$SmokeGrenade.class with 8 transformer(s) on dev.architectury.transformer.handler.TinyRemapperPreparedTransformerHandler
[Architectury Transformer DEBUG] Remapping with 1 mapping provider(s):
[Architectury Transformer DEBUG]  - dev.architectury.transformer.transformers.TransformForgeEnvironment$$Lambda/0x000001de0808e008@120d3fd
[Architectury Transformer DEBUG] Remapping Classes:
[Architectury Transformer DEBUG] net/fabricmc/api/EnvType -> net/minecraftforge/api/distmarker/Dist
[Architectury Transformer DEBUG] net/fabricmc/api/Environment -> net/minecraftforge/api/distmarker/OnlyIn
[Architectury Transformer DEBUG] Found class transformer
[Architectury Transformer DEBUG] Writing com/onewhohears/dscombat/data/weapon/WeaponType$SmokeGrenade with maxs=true frames=true
[Architectury Transformer DEBUG] Transformed com/onewhohears/dscombat/data/weapon/WeaponType$SmokeGrenade in 4.872 ms
[Architectury Transformer DEBUG] Transforming from com/onewhohears/dscombat/data/weapon/WeaponType$Grenade.class to com/onewhohears/dscombat/data/weapon/WeaponType$Grenade.class with 8 transformer(s) on dev.architectury.transformer.handler.TinyRemapperPreparedTransformerHandler
[Architectury Transformer DEBUG] Remapping with 1 mapping provider(s):
[Architectury Transformer DEBUG]  - dev.architectury.transformer.transformers.TransformForgeEnvironment$$Lambda/0x000001de0808e008@120d3fd
[Architectury Transformer DEBUG] Remapping Classes:
[Architectury Transformer DEBUG] net/fabricmc/api/EnvType -> net/minecraftforge/api/distmarker/Dist
[Architectury Transformer DEBUG] net/fabricmc/api/Environment -> net/minecraftforge/api/distmarker/OnlyIn
[Architectury Transformer DEBUG] Found class transformer
[Architectury Transformer DEBUG] Writing com/onewhohears/dscombat/data/weapon/WeaponType$Grenade with maxs=true frames=true
[Architectury Transformer DEBUG] Transformed com/onewhohears/dscombat/data/weapon/WeaponType$Grenade in 7.208 ms
[Architectury Transformer DEBUG] Transforming from com/onewhohears/dscombat/entity/weapon/EntityMine$MineType.class to com/onewhohears/dscombat/entity/weapon/EntityMine$MineType.class with 8 transformer(s) on dev.architectury.transformer.handler.TinyRemapperPreparedTransformerHandler
[Architectury Transformer DEBUG] Remapping with 1 mapping provider(s):
[Architectury Transformer DEBUG]  - dev.architectury.transformer.transformers.TransformForgeEnvironment$$Lambda/0x000001de0808e008@120d3fd
[Architectury Transformer DEBUG] Remapping Classes:
[Architectury Transformer DEBUG] net/fabricmc/api/EnvType -> net/minecraftforge/api/distmarker/Dist
[Architectury Transformer DEBUG] net/fabricmc/api/Environment -> net/minecraftforge/api/distmarker/OnlyIn
[Architectury Transformer DEBUG] Found class transformer
[Architectury Transformer DEBUG] Writing com/onewhohears/dscombat/entity/weapon/EntityMine$MineType with maxs=true frames=true
[Architectury Transformer DEBUG] Transformed com/onewhohears/dscombat/entity/weapon/EntityMine$MineType in 6.154 ms
[Architectury Transformer DEBUG] Transforming from com/onewhohears/dscombat/data/vehicle/presets/ground_vehicle/TankPresets.class to com/onewhohears/dscombat/data/vehicle/presets/ground_vehicle/TankPresets.class with 8 transformer(s) on dev.architectury.transformer.handler.TinyRemapperPreparedTransformerHandler
[Architectury Transformer DEBUG] Remapping with 1 mapping provider(s):
[Architectury Transformer DEBUG]  - dev.architectury.transformer.transformers.TransformForgeEnvironment$$Lambda/0x000001de0808e008@120d3fd
[Architectury Transformer DEBUG] Remapping Classes:
[Architectury Transformer DEBUG] net/fabricmc/api/EnvType -> net/minecraftforge/api/distmarker/Dist
[Architectury Transformer DEBUG] net/fabricmc/api/Environment -> net/minecraftforge/api/distmarker/OnlyIn
[Architectury Transformer DEBUG] Found class transformer
[Architectury Transformer DEBUG] Writing com/onewhohears/dscombat/data/vehicle/presets/ground_vehicle/TankPresets with maxs=true frames=true
[Architectury Transformer DEBUG] Transformed com/onewhohears/dscombat/data/vehicle/presets/ground_vehicle/TankPresets in 3.922 ms
[Architectury Transformer DEBUG] Transforming from com/onewhohears/dscombat/data/vehicle/stats/VehicleStats$Builder.class to com/onewhohears/dscombat/data/vehicle/stats/VehicleStats$Builder.class with 8 transformer(s) on dev.architectury.transformer.handler.TinyRemapperPreparedTransformerHandler
[Architectury Transformer DEBUG] Remapping with 1 mapping provider(s):
[Architectury Transformer DEBUG]  - dev.architectury.transformer.transformers.TransformForgeEnvironment$$Lambda/0x000001de0808e008@120d3fd
[Architectury Transformer DEBUG] Remapping Classes:
[Architectury Transformer DEBUG] net/fabricmc/api/EnvType -> net/minecraftforge/api/distmarker/Dist
[Architectury Transformer DEBUG] net/fabricmc/api/Environment -> net/minecraftforge/api/distmarker/OnlyIn
[Architectury Transformer DEBUG] Found class transformer
[Architectury Transformer DEBUG] Writing com/onewhohears/dscombat/data/vehicle/stats/VehicleStats$Builder with maxs=true frames=true
[Architectury Transformer DEBUG] Transformed com/onewhohears/dscombat/data/vehicle/stats/VehicleStats$Builder in 8.867 ms
[Architectury Transformer DEBUG] Transforming from com/onewhohears/dscombat/data/vehicle/VehicleType.class to com/onewhohears/dscombat/data/vehicle/VehicleType.class with 8 transformer(s) on dev.architectury.transformer.handler.TinyRemapperPreparedTransformerHandler
[Architectury Transformer DEBUG] Remapping with 1 mapping provider(s):
[Architectury Transformer DEBUG]  - dev.architectury.transformer.transformers.TransformForgeEnvironment$$Lambda/0x000001de0808e008@120d3fd
[Architectury Transformer DEBUG] Remapping Classes:
[Architectury Transformer DEBUG] net/fabricmc/api/EnvType -> net/minecraftforge/api/distmarker/Dist
[Architectury Transformer DEBUG] net/fabricmc/api/Environment -> net/minecraftforge/api/distmarker/OnlyIn
[Architectury Transformer DEBUG] Found class transformer
[Architectury Transformer DEBUG] Writing com/onewhohears/dscombat/data/vehicle/VehicleType with maxs=true frames=true
[Architectury Transformer DEBUG] Transformed com/onewhohears/dscombat/data/vehicle/VehicleType in 7.161 ms
[Architectury Transformer DEBUG] Transforming from com/onewhohears/dscombat/data/vehicle/VehicleType$Car.class to com/onewhohears/dscombat/data/vehicle/VehicleType$Car.class with 8 transformer(s) on dev.architectury.transformer.handler.TinyRemapperPreparedTransformerHandler
[Architectury Transformer DEBUG] Remapping with 1 mapping provider(s):
[Architectury Transformer DEBUG]  - dev.architectury.transformer.transformers.TransformForgeEnvironment$$Lambda/0x000001de0808e008@120d3fd
[Architectury Transformer DEBUG] Remapping Classes:
[Architectury Transformer DEBUG] net/fabricmc/api/EnvType -> net/minecraftforge/api/distmarker/Dist
[Architectury Transformer DEBUG] net/fabricmc/api/Environment -> net/minecraftforge/api/distmarker/OnlyIn
[Architectury Transformer DEBUG] Found class transformer
[Architectury Transformer DEBUG] Writing com/onewhohears/dscombat/data/vehicle/VehicleType$Car with maxs=true frames=true
[Architectury Transformer DEBUG] Transformed com/onewhohears/dscombat/data/vehicle/VehicleType$Car in 4.189 ms
[Architectury Transformer DEBUG] Transforming from com/onewhohears/dscombat/data/vehicle/VehicleType$Boat.class to com/onewhohears/dscombat/data/vehicle/VehicleType$Boat.class with 8 transformer(s) on dev.architectury.transformer.handler.TinyRemapperPreparedTransformerHandler
[Architectury Transformer DEBUG] Remapping with 1 mapping provider(s):
[Architectury Transformer DEBUG]  - dev.architectury.transformer.transformers.TransformForgeEnvironment$$Lambda/0x000001de0808e008@120d3fd
[Architectury Transformer DEBUG] Remapping Classes:
[Architectury Transformer DEBUG] net/fabricmc/api/EnvType -> net/minecraftforge/api/distmarker/Dist
[Architectury Transformer DEBUG] net/fabricmc/api/Environment -> net/minecraftforge/api/distmarker/OnlyIn
[Architectury Transformer DEBUG] Found class transformer
[Architectury Transformer DEBUG] Writing com/onewhohears/dscombat/data/vehicle/VehicleType$Boat with maxs=true frames=true
[Architectury Transformer DEBUG] Transformed com/onewhohears/dscombat/data/vehicle/VehicleType$Boat in 5.291 ms
[Architectury Transformer DEBUG] Transforming from com/onewhohears/dscombat/data/vehicle/VehicleType$Plane.class to com/onewhohears/dscombat/data/vehicle/VehicleType$Plane.class with 8 transformer(s) on dev.architectury.transformer.handler.TinyRemapperPreparedTransformerHandler
[Architectury Transformer DEBUG] Remapping with 1 mapping provider(s):
[Architectury Transformer DEBUG]  - dev.architectury.transformer.transformers.TransformForgeEnvironment$$Lambda/0x000001de0808e008@120d3fd
[Architectury Transformer DEBUG] Remapping Classes:
[Architectury Transformer DEBUG] net/fabricmc/api/EnvType -> net/minecraftforge/api/distmarker/Dist
[Architectury Transformer DEBUG] net/fabricmc/api/Environment -> net/minecraftforge/api/distmarker/OnlyIn
[Architectury Transformer DEBUG] Found class transformer
[Architectury Transformer DEBUG] Writing com/onewhohears/dscombat/data/vehicle/VehicleType$Plane with maxs=true frames=true
[Architectury Transformer DEBUG] Transformed com/onewhohears/dscombat/data/vehicle/VehicleType$Plane in 4.352 ms
[Architectury Transformer DEBUG] Transforming from com/onewhohears/dscombat/data/vehicle/VehicleType$Helicopter.class to com/onewhohears/dscombat/data/vehicle/VehicleType$Helicopter.class with 8 transformer(s) on dev.architectury.transformer.handler.TinyRemapperPreparedTransformerHandler
[Architectury Transformer DEBUG] Remapping with 1 mapping provider(s):
[Architectury Transformer DEBUG]  - dev.architectury.transformer.transformers.TransformForgeEnvironment$$Lambda/0x000001de0808e008@120d3fd
[Architectury Transformer DEBUG] Remapping Classes:
[Architectury Transformer DEBUG] net/fabricmc/api/EnvType -> net/minecraftforge/api/distmarker/Dist
[Architectury Transformer DEBUG] net/fabricmc/api/Environment -> net/minecraftforge/api/distmarker/OnlyIn
[Architectury Transformer DEBUG] Found class transformer
[Architectury Transformer DEBUG] Writing com/onewhohears/dscombat/data/vehicle/VehicleType$Helicopter with maxs=true frames=true
[Architectury Transformer DEBUG] Transformed com/onewhohears/dscombat/data/vehicle/VehicleType$Helicopter in 3.186 ms
[Architectury Transformer DEBUG] Transforming from com/onewhohears/dscombat/data/vehicle/VehicleType$Submarine.class to com/onewhohears/dscombat/data/vehicle/VehicleType$Submarine.class with 8 transformer(s) on dev.architectury.transformer.handler.TinyRemapperPreparedTransformerHandler
[Architectury Transformer DEBUG] Remapping with 1 mapping provider(s):
[Architectury Transformer DEBUG]  - dev.architectury.transformer.transformers.TransformForgeEnvironment$$Lambda/0x000001de0808e008@120d3fd
[Architectury Transformer DEBUG] Remapping Classes:
[Architectury Transformer DEBUG] net/fabricmc/api/EnvType -> net/minecraftforge/api/distmarker/Dist
[Architectury Transformer DEBUG] net/fabricmc/api/Environment -> net/minecraftforge/api/distmarker/OnlyIn
[Architectury Transformer DEBUG] Found class transformer
[Architectury Transformer DEBUG] Writing com/onewhohears/dscombat/data/vehicle/VehicleType$Submarine with maxs=true frames=true
[Architectury Transformer DEBUG] Transformed com/onewhohears/dscombat/data/vehicle/VehicleType$Submarine in 3.406 ms
[Architectury Transformer DEBUG] Transforming from com/onewhohears/dscombat/data/vehicle/VehicleType$Stationary.class to com/onewhohears/dscombat/data/vehicle/VehicleType$Stationary.class with 8 transformer(s) on dev.architectury.transformer.handler.TinyRemapperPreparedTransformerHandler
[Architectury Transformer DEBUG] Remapping with 1 mapping provider(s):
[Architectury Transformer DEBUG]  - dev.architectury.transformer.transformers.TransformForgeEnvironment$$Lambda/0x000001de0808e008@120d3fd
[Architectury Transformer DEBUG] Remapping Classes:
[Architectury Transformer DEBUG] net/fabricmc/api/EnvType -> net/minecraftforge/api/distmarker/Dist
[Architectury Transformer DEBUG] net/fabricmc/api/Environment -> net/minecraftforge/api/distmarker/OnlyIn
[Architectury Transformer DEBUG] Found class transformer
[Architectury Transformer DEBUG] Writing com/onewhohears/dscombat/data/vehicle/VehicleType$Stationary with maxs=true frames=true
[Architectury Transformer DEBUG] Transformed com/onewhohears/dscombat/data/vehicle/VehicleType$Stationary in 4.449 ms
[Architectury Transformer DEBUG] Transforming from com/onewhohears/dscombat/data/vehicle/stats/VehicleStats.class to com/onewhohears/dscombat/data/vehicle/stats/VehicleStats.class with 8 transformer(s) on dev.architectury.transformer.handler.TinyRemapperPreparedTransformerHandler
[Architectury Transformer DEBUG] Remapping with 1 mapping provider(s):
[Architectury Transformer DEBUG]  - dev.architectury.transformer.transformers.TransformForgeEnvironment$$Lambda/0x000001de0808e008@120d3fd
[Architectury Transformer DEBUG] Remapping Classes:
[Architectury Transformer DEBUG] net/fabricmc/api/EnvType -> net/minecraftforge/api/distmarker/Dist
[Architectury Transformer DEBUG] net/fabricmc/api/Environment -> net/minecraftforge/api/distmarker/OnlyIn
[Architectury Transformer DEBUG] Found class transformer
[Architectury Transformer DEBUG] Writing com/onewhohears/dscombat/data/vehicle/stats/VehicleStats with maxs=true frames=true
[Architectury Transformer DEBUG] Transformed com/onewhohears/dscombat/data/vehicle/stats/VehicleStats in 6.790 ms
[Architectury Transformer DEBUG] Transforming from com/onewhohears/dscombat/data/vehicle/stats/PlaneStats.class to com/onewhohears/dscombat/data/vehicle/stats/PlaneStats.class with 8 transformer(s) on dev.architectury.transformer.handler.TinyRemapperPreparedTransformerHandler
[Architectury Transformer DEBUG] Remapping with 1 mapping provider(s):
[Architectury Transformer DEBUG]  - dev.architectury.transformer.transformers.TransformForgeEnvironment$$Lambda/0x000001de0808e008@120d3fd
[Architectury Transformer DEBUG] Remapping Classes:
[Architectury Transformer DEBUG] net/fabricmc/api/EnvType -> net/minecraftforge/api/distmarker/Dist
[Architectury Transformer DEBUG] net/fabricmc/api/Environment -> net/minecraftforge/api/distmarker/OnlyIn
[Architectury Transformer DEBUG] Found class transformer
[Architectury Transformer DEBUG] Writing com/onewhohears/dscombat/data/vehicle/stats/PlaneStats with maxs=true frames=true
[Architectury Transformer DEBUG] Transformed com/onewhohears/dscombat/data/vehicle/stats/PlaneStats in 11.02 ms
[Architectury Transformer DEBUG] Transforming from com/onewhohears/dscombat/data/vehicle/stats/HeliStats.class to com/onewhohears/dscombat/data/vehicle/stats/HeliStats.class with 8 transformer(s) on dev.architectury.transformer.handler.TinyRemapperPreparedTransformerHandler
[Architectury Transformer DEBUG] Remapping with 1 mapping provider(s):
[Architectury Transformer DEBUG]  - dev.architectury.transformer.transformers.TransformForgeEnvironment$$Lambda/0x000001de0808e008@120d3fd
[Architectury Transformer DEBUG] Remapping Classes:
[Architectury Transformer DEBUG] net/fabricmc/api/EnvType -> net/minecraftforge/api/distmarker/Dist
[Architectury Transformer DEBUG] net/fabricmc/api/Environment -> net/minecraftforge/api/distmarker/OnlyIn
[Architectury Transformer DEBUG] Found class transformer
[Architectury Transformer DEBUG] Writing com/onewhohears/dscombat/data/vehicle/stats/HeliStats with maxs=true frames=true
[Architectury Transformer DEBUG] Transformed com/onewhohears/dscombat/data/vehicle/stats/HeliStats in 6.562 ms
[Architectury Transformer DEBUG] Transforming from com/onewhohears/dscombat/data/vehicle/stats/CarStats.class to com/onewhohears/dscombat/data/vehicle/stats/CarStats.class with 8 transformer(s) on dev.architectury.transformer.handler.TinyRemapperPreparedTransformerHandler
[Architectury Transformer DEBUG] Remapping with 1 mapping provider(s):
[Architectury Transformer DEBUG]  - dev.architectury.transformer.transformers.TransformForgeEnvironment$$Lambda/0x000001de0808e008@120d3fd
[Architectury Transformer DEBUG] Remapping Classes:
[Architectury Transformer DEBUG] net/fabricmc/api/EnvType -> net/minecraftforge/api/distmarker/Dist
[Architectury Transformer DEBUG] net/fabricmc/api/Environment -> net/minecraftforge/api/distmarker/OnlyIn
[Architectury Transformer DEBUG] Found class transformer
[Architectury Transformer DEBUG] Writing com/onewhohears/dscombat/data/vehicle/stats/CarStats with maxs=true frames=true
[Architectury Transformer DEBUG] Transformed com/onewhohears/dscombat/data/vehicle/stats/CarStats in 5.956 ms
[Architectury Transformer DEBUG] Transforming from com/onewhohears/dscombat/data/vehicle/stats/BoatStats.class to com/onewhohears/dscombat/data/vehicle/stats/BoatStats.class with 8 transformer(s) on dev.architectury.transformer.handler.TinyRemapperPreparedTransformerHandler
[Architectury Transformer DEBUG] Remapping with 1 mapping provider(s):
[Architectury Transformer DEBUG]  - dev.architectury.transformer.transformers.TransformForgeEnvironment$$Lambda/0x000001de0808e008@120d3fd
[Architectury Transformer DEBUG] Remapping Classes:
[Architectury Transformer DEBUG] net/fabricmc/api/EnvType -> net/minecraftforge/api/distmarker/Dist
[Architectury Transformer DEBUG] net/fabricmc/api/Environment -> net/minecraftforge/api/distmarker/OnlyIn
[Architectury Transformer DEBUG] Found class transformer
[Architectury Transformer DEBUG] Writing com/onewhohears/dscombat/data/vehicle/stats/BoatStats with maxs=true frames=true
[Architectury Transformer DEBUG] Transformed com/onewhohears/dscombat/data/vehicle/stats/BoatStats in 3.761 ms
[Architectury Transformer DEBUG] Transforming from com/onewhohears/dscombat/data/vehicle/stats/SubmarineStats.class to com/onewhohears/dscombat/data/vehicle/stats/SubmarineStats.class with 8 transformer(s) on dev.architectury.transformer.handler.TinyRemapperPreparedTransformerHandler
[Architectury Transformer DEBUG] Remapping with 1 mapping provider(s):
[Architectury Transformer DEBUG]  - dev.architectury.transformer.transformers.TransformForgeEnvironment$$Lambda/0x000001de0808e008@120d3fd
[Architectury Transformer DEBUG] Remapping Classes:
[Architectury Transformer DEBUG] net/fabricmc/api/EnvType -> net/minecraftforge/api/distmarker/Dist
[Architectury Transformer DEBUG] net/fabricmc/api/Environment -> net/minecraftforge/api/distmarker/OnlyIn
[Architectury Transformer DEBUG] Found class transformer
[Architectury Transformer DEBUG] Writing com/onewhohears/dscombat/data/vehicle/stats/SubmarineStats with maxs=true frames=true
[Architectury Transformer DEBUG] Transformed com/onewhohears/dscombat/data/vehicle/stats/SubmarineStats in 5.920 ms
[Architectury Transformer DEBUG] Transforming from com/onewhohears/dscombat/data/vehicle/stats/StationaryStats.class to com/onewhohears/dscombat/data/vehicle/stats/StationaryStats.class with 8 transformer(s) on dev.architectury.transformer.handler.TinyRemapperPreparedTransformerHandler
[Architectury Transformer DEBUG] Remapping with 1 mapping provider(s):
[Architectury Transformer DEBUG]  - dev.architectury.transformer.transformers.TransformForgeEnvironment$$Lambda/0x000001de0808e008@120d3fd
[Architectury Transformer DEBUG] Remapping Classes:
[Architectury Transformer DEBUG] net/fabricmc/api/EnvType -> net/minecraftforge/api/distmarker/Dist
[Architectury Transformer DEBUG] net/fabricmc/api/Environment -> net/minecraftforge/api/distmarker/OnlyIn
[Architectury Transformer DEBUG] Found class transformer
[Architectury Transformer DEBUG] Writing com/onewhohears/dscombat/data/vehicle/stats/StationaryStats with maxs=true frames=true
[Architectury Transformer DEBUG] Transformed com/onewhohears/dscombat/data/vehicle/stats/StationaryStats in 4.809 ms
[Architectury Transformer DEBUG] Transforming from com/onewhohears/dscombat/data/parts/SlotType.class to com/onewhohears/dscombat/data/parts/SlotType.class with 8 transformer(s) on dev.architectury.transformer.handler.TinyRemapperPreparedTransformerHandler
[Architectury Transformer DEBUG] Remapping with 1 mapping provider(s):
[Architectury Transformer DEBUG]  - dev.architectury.transformer.transformers.TransformForgeEnvironment$$Lambda/0x000001de0808e008@120d3fd
[Architectury Transformer DEBUG] Remapping Classes:
[Architectury Transformer DEBUG] net/fabricmc/api/EnvType -> net/minecraftforge/api/distmarker/Dist
[Architectury Transformer DEBUG] net/fabricmc/api/Environment -> net/minecraftforge/api/distmarker/OnlyIn
[Architectury Transformer DEBUG] Found class transformer
[Architectury Transformer DEBUG] Writing com/onewhohears/dscombat/data/parts/SlotType with maxs=true frames=true
[Architectury Transformer DEBUG] Transformed com/onewhohears/dscombat/data/parts/SlotType in 6.101 ms
[Architectury Transformer DEBUG] Transforming from com/onewhohears/dscombat/data/vehicle/stats/VehicleStats$ExhaustSmokeData.class to com/onewhohears/dscombat/data/vehicle/stats/VehicleStats$ExhaustSmokeData.class with 8 transformer(s) on dev.architectury.transformer.handler.TinyRemapperPreparedTransformerHandler
[Architectury Transformer DEBUG] Remapping with 1 mapping provider(s):
[Architectury Transformer DEBUG]  - dev.architectury.transformer.transformers.TransformForgeEnvironment$$Lambda/0x000001de0808e008@120d3fd
[Architectury Transformer DEBUG] Remapping Classes:
[Architectury Transformer DEBUG] net/fabricmc/api/EnvType -> net/minecraftforge/api/distmarker/Dist
[Architectury Transformer DEBUG] net/fabricmc/api/Environment -> net/minecraftforge/api/distmarker/OnlyIn
[Architectury Transformer DEBUG] Found class transformer
[Architectury Transformer DEBUG] Writing com/onewhohears/dscombat/data/vehicle/stats/VehicleStats$ExhaustSmokeData with maxs=true frames=true
[Architectury Transformer DEBUG] Transformed com/onewhohears/dscombat/data/vehicle/stats/VehicleStats$ExhaustSmokeData in 7.379 ms
[Architectury Transformer DEBUG] Transforming from com/onewhohears/dscombat/data/vehicle/TrackTextureData.class to com/onewhohears/dscombat/data/vehicle/TrackTextureData.class with 8 transformer(s) on dev.architectury.transformer.handler.TinyRemapperPreparedTransformerHandler
[Architectury Transformer DEBUG] Remapping with 1 mapping provider(s):
[Architectury Transformer DEBUG]  - dev.architectury.transformer.transformers.TransformForgeEnvironment$$Lambda/0x000001de0808e008@120d3fd
[Architectury Transformer DEBUG] Remapping Classes:
[Architectury Transformer DEBUG] net/fabricmc/api/EnvType -> net/minecraftforge/api/distmarker/Dist
[Architectury Transformer DEBUG] net/fabricmc/api/Environment -> net/minecraftforge/api/distmarker/OnlyIn
[Architectury Transformer DEBUG] Found class transformer
[Architectury Transformer DEBUG] Writing com/onewhohears/dscombat/data/vehicle/TrackTextureData with maxs=true frames=true
[Architectury Transformer DEBUG] Transformed com/onewhohears/dscombat/data/vehicle/TrackTextureData in 5.384 ms
[Architectury Transformer DEBUG] Transforming from com/onewhohears/dscombat/data/weapon/ExtraWeaponData.class to com/onewhohears/dscombat/data/weapon/ExtraWeaponData.class with 8 transformer(s) on dev.architectury.transformer.handler.TinyRemapperPreparedTransformerHandler
[Architectury Transformer DEBUG] Remapping with 1 mapping provider(s):
[Architectury Transformer DEBUG]  - dev.architectury.transformer.transformers.TransformForgeEnvironment$$Lambda/0x000001de0808e008@120d3fd
[Architectury Transformer DEBUG] Remapping Classes:
[Architectury Transformer DEBUG] net/fabricmc/api/EnvType -> net/minecraftforge/api/distmarker/Dist
[Architectury Transformer DEBUG] net/fabricmc/api/Environment -> net/minecraftforge/api/distmarker/OnlyIn
[Architectury Transformer DEBUG] Found class transformer
[Architectury Transformer DEBUG] Writing com/onewhohears/dscombat/data/weapon/ExtraWeaponData with maxs=true frames=true
[Architectury Transformer DEBUG] Transformed com/onewhohears/dscombat/data/weapon/ExtraWeaponData in 4.710 ms
[Architectury Transformer DEBUG] Transforming from com/onewhohears/dscombat/data/vehicle/physics/PhysicsComponentData.class to com/onewhohears/dscombat/data/vehicle/physics/PhysicsComponentData.class with 8 transformer(s) on dev.architectury.transformer.handler.TinyRemapperPreparedTransformerHandler
[Architectury Transformer DEBUG] Remapping with 1 mapping provider(s):
[Architectury Transformer DEBUG]  - dev.architectury.transformer.transformers.TransformForgeEnvironment$$Lambda/0x000001de0808e008@120d3fd
[Architectury Transformer DEBUG] Remapping Classes:
[Architectury Transformer DEBUG] net/fabricmc/api/EnvType -> net/minecraftforge/api/distmarker/Dist
[Architectury Transformer DEBUG] net/fabricmc/api/Environment -> net/minecraftforge/api/distmarker/OnlyIn
[Architectury Transformer DEBUG] Found class transformer
[Architectury Transformer DEBUG] Writing com/onewhohears/dscombat/data/vehicle/physics/PhysicsComponentData with maxs=true frames=true
[Architectury Transformer DEBUG] Transformed com/onewhohears/dscombat/data/vehicle/physics/PhysicsComponentData in 5.906 ms
[Architectury Transformer DEBUG] Transforming from com/onewhohears/dscombat/data/vehicle/presets/plane/JaviPresets.class to com/onewhohears/dscombat/data/vehicle/presets/plane/JaviPresets.class with 8 transformer(s) on dev.architectury.transformer.handler.TinyRemapperPreparedTransformerHandler
[Architectury Transformer DEBUG] Remapping with 1 mapping provider(s):
[Architectury Transformer DEBUG]  - dev.architectury.transformer.transformers.TransformForgeEnvironment$$Lambda/0x000001de0808e008@120d3fd
[Architectury Transformer DEBUG] Remapping Classes:
[Architectury Transformer DEBUG] net/fabricmc/api/EnvType -> net/minecraftforge/api/distmarker/Dist
[Architectury Transformer DEBUG] net/fabricmc/api/Environment -> net/minecraftforge/api/distmarker/OnlyIn
[Architectury Transformer DEBUG] Found class transformer
[Architectury Transformer DEBUG] Writing com/onewhohears/dscombat/data/vehicle/presets/plane/JaviPresets with maxs=true frames=true
[Architectury Transformer DEBUG] Transformed com/onewhohears/dscombat/data/vehicle/presets/plane/JaviPresets in 7.552 ms
[Architectury Transformer DEBUG] Transforming from com/onewhohears/dscombat/data/vehicle/physics/LiftSurfaceData$InputType.class to com/onewhohears/dscombat/data/vehicle/physics/LiftSurfaceData$InputType.class with 8 transformer(s) on dev.architectury.transformer.handler.TinyRemapperPreparedTransformerHandler
[Architectury Transformer DEBUG] Remapping with 1 mapping provider(s):
[Architectury Transformer DEBUG]  - dev.architectury.transformer.transformers.TransformForgeEnvironment$$Lambda/0x000001de0808e008@120d3fd
[Architectury Transformer DEBUG] Remapping Classes:
[Architectury Transformer DEBUG] net/fabricmc/api/EnvType -> net/minecraftforge/api/distmarker/Dist
[Architectury Transformer DEBUG] net/fabricmc/api/Environment -> net/minecraftforge/api/distmarker/OnlyIn
[Architectury Transformer DEBUG] Found class transformer
[Architectury Transformer DEBUG] Writing com/onewhohears/dscombat/data/vehicle/physics/LiftSurfaceData$InputType with maxs=true frames=true
[Architectury Transformer DEBUG] Transformed com/onewhohears/dscombat/data/vehicle/physics/LiftSurfaceData$InputType in 5.028 ms
[Architectury Transformer DEBUG] Transforming from com/onewhohears/dscombat/data/vehicle/physics/LiftSurfaceData.class to com/onewhohears/dscombat/data/vehicle/physics/LiftSurfaceData.class with 8 transformer(s) on dev.architectury.transformer.handler.TinyRemapperPreparedTransformerHandler
[Architectury Transformer DEBUG] Remapping with 1 mapping provider(s):
[Architectury Transformer DEBUG]  - dev.architectury.transformer.transformers.TransformForgeEnvironment$$Lambda/0x000001de0808e008@120d3fd
[Architectury Transformer DEBUG] Remapping Classes:
[Architectury Transformer DEBUG] net/fabricmc/api/EnvType -> net/minecraftforge/api/distmarker/Dist
[Architectury Transformer DEBUG] net/fabricmc/api/Environment -> net/minecraftforge/api/distmarker/OnlyIn
[Architectury Transformer DEBUG] Found class transformer
[Architectury Transformer DEBUG] Writing com/onewhohears/dscombat/data/vehicle/physics/LiftSurfaceData with maxs=true frames=true
[Architectury Transformer DEBUG] Transformed com/onewhohears/dscombat/data/vehicle/physics/LiftSurfaceData in 9.741 ms
[Architectury Transformer DEBUG] Transforming from com/onewhohears/dscombat/data/vehicle/physics/PhysicsComponentInstance.class to com/onewhohears/dscombat/data/vehicle/physics/PhysicsComponentInstance.class with 8 transformer(s) on dev.architectury.transformer.handler.TinyRemapperPreparedTransformerHandler
[Architectury Transformer DEBUG] Remapping with 1 mapping provider(s):
[Architectury Transformer DEBUG]  - dev.architectury.transformer.transformers.TransformForgeEnvironment$$Lambda/0x000001de0808e008@120d3fd
[Architectury Transformer DEBUG] Remapping Classes:
[Architectury Transformer DEBUG] net/fabricmc/api/EnvType -> net/minecraftforge/api/distmarker/Dist
[Architectury Transformer DEBUG] net/fabricmc/api/Environment -> net/minecraftforge/api/distmarker/OnlyIn
[Architectury Transformer DEBUG] Found class transformer
[Architectury Transformer DEBUG] Writing com/onewhohears/dscombat/data/vehicle/physics/PhysicsComponentInstance with maxs=true frames=true
[Architectury Transformer DEBUG] Transformed com/onewhohears/dscombat/data/vehicle/physics/PhysicsComponentInstance in 6.502 ms
[Architectury Transformer DEBUG] Transforming from com/onewhohears/dscombat/data/vehicle/physics/LiftSurfaceInstance.class to com/onewhohears/dscombat/data/vehicle/physics/LiftSurfaceInstance.class with 8 transformer(s) on dev.architectury.transformer.handler.TinyRemapperPreparedTransformerHandler
[Architectury Transformer DEBUG] Remapping with 1 mapping provider(s):
[Architectury Transformer DEBUG]  - dev.architectury.transformer.transformers.TransformForgeEnvironment$$Lambda/0x000001de0808e008@120d3fd
[Architectury Transformer DEBUG] Remapping Classes:
[Architectury Transformer DEBUG] net/fabricmc/api/EnvType -> net/minecraftforge/api/distmarker/Dist
[Architectury Transformer DEBUG] net/fabricmc/api/Environment -> net/minecraftforge/api/distmarker/OnlyIn
[Architectury Transformer DEBUG] Found class transformer
[Architectury Transformer DEBUG] Writing com/onewhohears/dscombat/data/vehicle/physics/LiftSurfaceInstance with maxs=true frames=true
[Architectury Transformer DEBUG] Transformed com/onewhohears/dscombat/data/vehicle/physics/LiftSurfaceInstance in 25.53 ms
[Architectury Transformer DEBUG] Transforming from com/onewhohears/dscombat/data/vehicle/RotableHitboxData.class to com/onewhohears/dscombat/data/vehicle/RotableHitboxData.class with 8 transformer(s) on dev.architectury.transformer.handler.TinyRemapperPreparedTransformerHandler
[Architectury Transformer DEBUG] Remapping with 1 mapping provider(s):
[Architectury Transformer DEBUG]  - dev.architectury.transformer.transformers.TransformForgeEnvironment$$Lambda/0x000001de0808e008@120d3fd
[Architectury Transformer DEBUG] Remapping Classes:
[Architectury Transformer DEBUG] net/fabricmc/api/EnvType -> net/minecraftforge/api/distmarker/Dist
[Architectury Transformer DEBUG] net/fabricmc/api/Environment -> net/minecraftforge/api/distmarker/OnlyIn
[Architectury Transformer DEBUG] Found class transformer
[Architectury Transformer DEBUG] Writing com/onewhohears/dscombat/data/vehicle/RotableHitboxData with maxs=true frames=true
[Architectury Transformer DEBUG] Transformed com/onewhohears/dscombat/data/vehicle/RotableHitboxData in 4.281 ms
[Architectury Transformer DEBUG] Transforming from com/onewhohears/dscombat/data/vehicle/presets/plane/AlexisPresets.class to com/onewhohears/dscombat/data/vehicle/presets/plane/AlexisPresets.class with 8 transformer(s) on dev.architectury.transformer.handler.TinyRemapperPreparedTransformerHandler
[Architectury Transformer DEBUG] Remapping with 1 mapping provider(s):
[Architectury Transformer DEBUG]  - dev.architectury.transformer.transformers.TransformForgeEnvironment$$Lambda/0x000001de0808e008@120d3fd
[Architectury Transformer DEBUG] Remapping Classes:
[Architectury Transformer DEBUG] net/fabricmc/api/EnvType -> net/minecraftforge/api/distmarker/Dist
[Architectury Transformer DEBUG] net/fabricmc/api/Environment -> net/minecraftforge/api/distmarker/OnlyIn
[Architectury Transformer DEBUG] Found class transformer
[Architectury Transformer DEBUG] Writing com/onewhohears/dscombat/data/vehicle/presets/plane/AlexisPresets with maxs=true frames=true
[Architectury Transformer DEBUG] Transformed com/onewhohears/dscombat/data/vehicle/presets/plane/AlexisPresets in 6.249 ms
[Architectury Transformer DEBUG] Transforming from com/onewhohears/dscombat/data/vehicle/presets/plane/PlanePresets.class to com/onewhohears/dscombat/data/vehicle/presets/plane/PlanePresets.class with 8 transformer(s) on dev.architectury.transformer.handler.TinyRemapperPreparedTransformerHandler
[Architectury Transformer DEBUG] Remapping with 1 mapping provider(s):
[Architectury Transformer DEBUG]  - dev.architectury.transformer.transformers.TransformForgeEnvironment$$Lambda/0x000001de0808e008@120d3fd
[Architectury Transformer DEBUG] Remapping Classes:
[Architectury Transformer DEBUG] net/fabricmc/api/EnvType -> net/minecraftforge/api/distmarker/Dist
[Architectury Transformer DEBUG] net/fabricmc/api/Environment -> net/minecraftforge/api/distmarker/OnlyIn
[Architectury Transformer DEBUG] Found class transformer
[Architectury Transformer DEBUG] Writing com/onewhohears/dscombat/data/vehicle/presets/plane/PlanePresets with maxs=true frames=true
[Architectury Transformer DEBUG] Transformed com/onewhohears/dscombat/data/vehicle/presets/plane/PlanePresets in 4.752 ms
[Architectury Transformer DEBUG] Transforming from com/onewhohears/dscombat/data/vehicle/presets/plane/BroncoPresets.class to com/onewhohears/dscombat/data/vehicle/presets/plane/BroncoPresets.class with 8 transformer(s) on dev.architectury.transformer.handler.TinyRemapperPreparedTransformerHandler
[Architectury Transformer DEBUG] Remapping with 1 mapping provider(s):
[Architectury Transformer DEBUG]  - dev.architectury.transformer.transformers.TransformForgeEnvironment$$Lambda/0x000001de0808e008@120d3fd
[Architectury Transformer DEBUG] Remapping Classes:
[Architectury Transformer DEBUG] net/fabricmc/api/EnvType -> net/minecraftforge/api/distmarker/Dist
[Architectury Transformer DEBUG] net/fabricmc/api/Environment -> net/minecraftforge/api/distmarker/OnlyIn
[Architectury Transformer DEBUG] Found class transformer
[Architectury Transformer DEBUG] Writing com/onewhohears/dscombat/data/vehicle/presets/plane/BroncoPresets with maxs=true frames=true
[Architectury Transformer DEBUG] Transformed com/onewhohears/dscombat/data/vehicle/presets/plane/BroncoPresets in 6.470 ms
[Architectury Transformer DEBUG] Transforming from com/onewhohears/dscombat/data/vehicle/presets/plane/FelixPresets.class to com/onewhohears/dscombat/data/vehicle/presets/plane/FelixPresets.class with 8 transformer(s) on dev.architectury.transformer.handler.TinyRemapperPreparedTransformerHandler
[Architectury Transformer DEBUG] Remapping with 1 mapping provider(s):
[Architectury Transformer DEBUG]  - dev.architectury.transformer.transformers.TransformForgeEnvironment$$Lambda/0x000001de0808e008@120d3fd
[Architectury Transformer DEBUG] Remapping Classes:
[Architectury Transformer DEBUG] net/fabricmc/api/EnvType -> net/minecraftforge/api/distmarker/Dist
[Architectury Transformer DEBUG] net/fabricmc/api/Environment -> net/minecraftforge/api/distmarker/OnlyIn
[Architectury Transformer DEBUG] Found class transformer
[Architectury Transformer DEBUG] Writing com/onewhohears/dscombat/data/vehicle/presets/plane/FelixPresets with maxs=true frames=true
[Architectury Transformer DEBUG] Transformed com/onewhohears/dscombat/data/vehicle/presets/plane/FelixPresets in 3.693 ms
[Architectury Transformer DEBUG] Transforming from com/onewhohears/dscombat/data/vehicle/presets/plane/JasonPresets.class to com/onewhohears/dscombat/data/vehicle/presets/plane/JasonPresets.class with 8 transformer(s) on dev.architectury.transformer.handler.TinyRemapperPreparedTransformerHandler
[Architectury Transformer DEBUG] Remapping with 1 mapping provider(s):
[Architectury Transformer DEBUG]  - dev.architectury.transformer.transformers.TransformForgeEnvironment$$Lambda/0x000001de0808e008@120d3fd
[Architectury Transformer DEBUG] Remapping Classes:
[Architectury Transformer DEBUG] net/fabricmc/api/EnvType -> net/minecraftforge/api/distmarker/Dist
[Architectury Transformer DEBUG] net/fabricmc/api/Environment -> net/minecraftforge/api/distmarker/OnlyIn
[Architectury Transformer DEBUG] Found class transformer
[Architectury Transformer DEBUG] Writing com/onewhohears/dscombat/data/vehicle/presets/plane/JasonPresets with maxs=true frames=true
[Architectury Transformer DEBUG] Transformed com/onewhohears/dscombat/data/vehicle/presets/plane/JasonPresets in 4.078 ms
[Architectury Transformer DEBUG] Transforming from com/onewhohears/dscombat/data/vehicle/presets/plane/EdenPresets.class to com/onewhohears/dscombat/data/vehicle/presets/plane/EdenPresets.class with 8 transformer(s) on dev.architectury.transformer.handler.TinyRemapperPreparedTransformerHandler
[Architectury Transformer DEBUG] Remapping with 1 mapping provider(s):
[Architectury Transformer DEBUG]  - dev.architectury.transformer.transformers.TransformForgeEnvironment$$Lambda/0x000001de0808e008@120d3fd
[Architectury Transformer DEBUG] Remapping Classes:
[Architectury Transformer DEBUG] net/fabricmc/api/EnvType -> net/minecraftforge/api/distmarker/Dist
[Architectury Transformer DEBUG] net/fabricmc/api/Environment -> net/minecraftforge/api/distmarker/OnlyIn
[Architectury Transformer DEBUG] Found class transformer
[Architectury Transformer DEBUG] Writing com/onewhohears/dscombat/data/vehicle/presets/plane/EdenPresets with maxs=true frames=true
[Architectury Transformer DEBUG] Transformed com/onewhohears/dscombat/data/vehicle/presets/plane/EdenPresets in 6.818 ms
[Architectury Transformer DEBUG] Transforming from com/onewhohears/dscombat/data/vehicle/presets/plane/JamesPresets.class to com/onewhohears/dscombat/data/vehicle/presets/plane/JamesPresets.class with 8 transformer(s) on dev.architectury.transformer.handler.TinyRemapperPreparedTransformerHandler
[Architectury Transformer DEBUG] Remapping with 1 mapping provider(s):
[Architectury Transformer DEBUG]  - dev.architectury.transformer.transformers.TransformForgeEnvironment$$Lambda/0x000001de0808e008@120d3fd
[Architectury Transformer DEBUG] Remapping Classes:
[Architectury Transformer DEBUG] net/fabricmc/api/EnvType -> net/minecraftforge/api/distmarker/Dist
[Architectury Transformer DEBUG] net/fabricmc/api/Environment -> net/minecraftforge/api/distmarker/OnlyIn
[Architectury Transformer DEBUG] Found class transformer
[Architectury Transformer DEBUG] Writing com/onewhohears/dscombat/data/vehicle/presets/plane/JamesPresets with maxs=true frames=true
[Architectury Transformer DEBUG] Transformed com/onewhohears/dscombat/data/vehicle/presets/plane/JamesPresets in 3.928 ms
[Architectury Transformer DEBUG] Transforming from com/onewhohears/dscombat/data/vehicle/presets/helicopter/NoahChopperPresets.class to com/onewhohears/dscombat/data/vehicle/presets/helicopter/NoahChopperPresets.class with 8 transformer(s) on dev.architectury.transformer.handler.TinyRemapperPreparedTransformerHandler
[Architectury Transformer DEBUG] Remapping with 1 mapping provider(s):
[Architectury Transformer DEBUG]  - dev.architectury.transformer.transformers.TransformForgeEnvironment$$Lambda/0x000001de0808e008@120d3fd
[Architectury Transformer DEBUG] Remapping Classes:
[Architectury Transformer DEBUG] net/fabricmc/api/EnvType -> net/minecraftforge/api/distmarker/Dist
[Architectury Transformer DEBUG] net/fabricmc/api/Environment -> net/minecraftforge/api/distmarker/OnlyIn
[Architectury Transformer DEBUG] Found class transformer
[Architectury Transformer DEBUG] Writing com/onewhohears/dscombat/data/vehicle/presets/helicopter/NoahChopperPresets with maxs=true frames=true
[Architectury Transformer DEBUG] Transformed com/onewhohears/dscombat/data/vehicle/presets/helicopter/NoahChopperPresets in 5.816 ms
[Architectury Transformer DEBUG] Transforming from com/onewhohears/dscombat/data/vehicle/presets/helicopter/KraitChopperPresets.class to com/onewhohears/dscombat/data/vehicle/presets/helicopter/KraitChopperPresets.class with 8 transformer(s) on dev.architectury.transformer.handler.TinyRemapperPreparedTransformerHandler
[Architectury Transformer DEBUG] Remapping with 1 mapping provider(s):
[Architectury Transformer DEBUG]  - dev.architectury.transformer.transformers.TransformForgeEnvironment$$Lambda/0x000001de0808e008@120d3fd
[Architectury Transformer DEBUG] Remapping Classes:
[Architectury Transformer DEBUG] net/fabricmc/api/EnvType -> net/minecraftforge/api/distmarker/Dist
[Architectury Transformer DEBUG] net/fabricmc/api/Environment -> net/minecraftforge/api/distmarker/OnlyIn
[Architectury Transformer DEBUG] Found class transformer
[Architectury Transformer DEBUG] Writing com/onewhohears/dscombat/data/vehicle/presets/helicopter/KraitChopperPresets with maxs=true frames=true
[Architectury Transformer DEBUG] Transformed com/onewhohears/dscombat/data/vehicle/presets/helicopter/KraitChopperPresets in 4.442 ms
[Architectury Transformer DEBUG] Transforming from com/onewhohears/dscombat/data/vehicle/presets/ground_vehicle/CarPresets.class to com/onewhohears/dscombat/data/vehicle/presets/ground_vehicle/CarPresets.class with 8 transformer(s) on dev.architectury.transformer.handler.TinyRemapperPreparedTransformerHandler
[Architectury Transformer DEBUG] Remapping with 1 mapping provider(s):
[Architectury Transformer DEBUG]  - dev.architectury.transformer.transformers.TransformForgeEnvironment$$Lambda/0x000001de0808e008@120d3fd
[Architectury Transformer DEBUG] Remapping Classes:
[Architectury Transformer DEBUG] net/fabricmc/api/EnvType -> net/minecraftforge/api/distmarker/Dist
[Architectury Transformer DEBUG] net/fabricmc/api/Environment -> net/minecraftforge/api/distmarker/OnlyIn
[Architectury Transformer DEBUG] Found class transformer
[Architectury Transformer DEBUG] Writing com/onewhohears/dscombat/data/vehicle/presets/ground_vehicle/CarPresets with maxs=true frames=true
[Architectury Transformer DEBUG] Transformed com/onewhohears/dscombat/data/vehicle/presets/ground_vehicle/CarPresets in 3.976 ms
[Architectury Transformer DEBUG] Transforming from com/onewhohears/dscombat/data/vehicle/presets/boat/BoatPresets.class to com/onewhohears/dscombat/data/vehicle/presets/boat/BoatPresets.class with 8 transformer(s) on dev.architectury.transformer.handler.TinyRemapperPreparedTransformerHandler
[Architectury Transformer DEBUG] Remapping with 1 mapping provider(s):
[Architectury Transformer DEBUG]  - dev.architectury.transformer.transformers.TransformForgeEnvironment$$Lambda/0x000001de0808e008@120d3fd
[Architectury Transformer DEBUG] Remapping Classes:
[Architectury Transformer DEBUG] net/fabricmc/api/EnvType -> net/minecraftforge/api/distmarker/Dist
[Architectury Transformer DEBUG] net/fabricmc/api/Environment -> net/minecraftforge/api/distmarker/OnlyIn
[Architectury Transformer DEBUG] Found class transformer
[Architectury Transformer DEBUG] Writing com/onewhohears/dscombat/data/vehicle/presets/boat/BoatPresets with maxs=true frames=true
[Architectury Transformer DEBUG] Transformed com/onewhohears/dscombat/data/vehicle/presets/boat/BoatPresets in 6.928 ms
[Architectury Transformer DEBUG] Transforming from com/onewhohears/dscombat/data/vehicle/presets/submarine/SubPresets.class to com/onewhohears/dscombat/data/vehicle/presets/submarine/SubPresets.class with 8 transformer(s) on dev.architectury.transformer.handler.TinyRemapperPreparedTransformerHandler
[Architectury Transformer DEBUG] Remapping with 1 mapping provider(s):
[Architectury Transformer DEBUG]  - dev.architectury.transformer.transformers.TransformForgeEnvironment$$Lambda/0x000001de0808e008@120d3fd
[Architectury Transformer DEBUG] Remapping Classes:
[Architectury Transformer DEBUG] net/fabricmc/api/EnvType -> net/minecraftforge/api/distmarker/Dist
[Architectury Transformer DEBUG] net/fabricmc/api/Environment -> net/minecraftforge/api/distmarker/OnlyIn
[Architectury Transformer DEBUG] Found class transformer
[Architectury Transformer DEBUG] Writing com/onewhohears/dscombat/data/vehicle/presets/submarine/SubPresets with maxs=true frames=true
[Architectury Transformer DEBUG] Transformed com/onewhohears/dscombat/data/vehicle/presets/submarine/SubPresets in 3.952 ms
[Architectury Transformer DEBUG] Transforming from com/onewhohears/dscombat/data/vehicle/presets/ground_vehicle/StationaryPresets.class to com/onewhohears/dscombat/data/vehicle/presets/ground_vehicle/StationaryPresets.class with 8 transformer(s) on dev.architectury.transformer.handler.TinyRemapperPreparedTransformerHandler
[Architectury Transformer DEBUG] Remapping with 1 mapping provider(s):
[Architectury Transformer DEBUG]  - dev.architectury.transformer.transformers.TransformForgeEnvironment$$Lambda/0x000001de0808e008@120d3fd
[Architectury Transformer DEBUG] Remapping Classes:
[Architectury Transformer DEBUG] net/fabricmc/api/EnvType -> net/minecraftforge/api/distmarker/Dist
[Architectury Transformer DEBUG] net/fabricmc/api/Environment -> net/minecraftforge/api/distmarker/OnlyIn
[Architectury Transformer DEBUG] Found class transformer
[Architectury Transformer DEBUG] Writing com/onewhohears/dscombat/data/vehicle/presets/ground_vehicle/StationaryPresets with maxs=true frames=true
[Architectury Transformer DEBUG] Transformed com/onewhohears/dscombat/data/vehicle/presets/ground_vehicle/StationaryPresets in 5.848 ms
[Architectury Transformer DEBUG] Transforming from com/onewhohears/dscombat/entity/vehicle/wind_tunnel/EntityWindTunnel.class to com/onewhohears/dscombat/entity/vehicle/wind_tunnel/EntityWindTunnel.class with 8 transformer(s) on dev.architectury.transformer.handler.TinyRemapperPreparedTransformerHandler
[Architectury Transformer DEBUG] Remapping with 1 mapping provider(s):
[Architectury Transformer DEBUG]  - dev.architectury.transformer.transformers.TransformForgeEnvironment$$Lambda/0x000001de0808e008@120d3fd
[Architectury Transformer DEBUG] Remapping Classes:
[Architectury Transformer DEBUG] net/fabricmc/api/EnvType -> net/minecraftforge/api/distmarker/Dist
[Architectury Transformer DEBUG] net/fabricmc/api/Environment -> net/minecraftforge/api/distmarker/OnlyIn
[Architectury Transformer DEBUG] Found class transformer
[Architectury Transformer DEBUG] Writing com/onewhohears/dscombat/entity/vehicle/wind_tunnel/EntityWindTunnel with maxs=true frames=true
[Architectury Transformer DEBUG] Transformed com/onewhohears/dscombat/entity/vehicle/wind_tunnel/EntityWindTunnel in 7.183 ms
[Architectury Transformer DEBUG] Transforming from com/onewhohears/dscombat/entity/vehicle/wind_tunnel/WindTunnelJob.class to com/onewhohears/dscombat/entity/vehicle/wind_tunnel/WindTunnelJob.class with 8 transformer(s) on dev.architectury.transformer.handler.TinyRemapperPreparedTransformerHandler
[Architectury Transformer DEBUG] Remapping with 1 mapping provider(s):
[Architectury Transformer DEBUG]  - dev.architectury.transformer.transformers.TransformForgeEnvironment$$Lambda/0x000001de0808e008@120d3fd
[Architectury Transformer DEBUG] Remapping Classes:
[Architectury Transformer DEBUG] net/fabricmc/api/EnvType -> net/minecraftforge/api/distmarker/Dist
[Architectury Transformer DEBUG] net/fabricmc/api/Environment -> net/minecraftforge/api/distmarker/OnlyIn
[Architectury Transformer DEBUG] Found class transformer
[Architectury Transformer DEBUG] Writing com/onewhohears/dscombat/entity/vehicle/wind_tunnel/WindTunnelJob with maxs=true frames=true
[Architectury Transformer DEBUG] Transformed com/onewhohears/dscombat/entity/vehicle/wind_tunnel/WindTunnelJob in 4.740 ms
[Architectury Transformer DEBUG] Transforming from com/onewhohears/dscombat/entity/vehicle/wind_tunnel/WindTunnelJob$JobArray.class to com/onewhohears/dscombat/entity/vehicle/wind_tunnel/WindTunnelJob$JobArray.class with 8 transformer(s) on dev.architectury.transformer.handler.TinyRemapperPreparedTransformerHandler
[Architectury Transformer DEBUG] Remapping with 1 mapping provider(s):
[Architectury Transformer DEBUG]  - dev.architectury.transformer.transformers.TransformForgeEnvironment$$Lambda/0x000001de0808e008@120d3fd
[Architectury Transformer DEBUG] Remapping Classes:
[Architectury Transformer DEBUG] net/fabricmc/api/EnvType -> net/minecraftforge/api/distmarker/Dist
[Architectury Transformer DEBUG] net/fabricmc/api/Environment -> net/minecraftforge/api/distmarker/OnlyIn
[Architectury Transformer DEBUG] Found class transformer
[Architectury Transformer DEBUG] Writing com/onewhohears/dscombat/entity/vehicle/wind_tunnel/WindTunnelJob$JobArray with maxs=true frames=true
[Architectury Transformer DEBUG] Transformed com/onewhohears/dscombat/entity/vehicle/wind_tunnel/WindTunnelJob$JobArray in 3.388 ms
[Architectury Transformer DEBUG] Transforming from com/onewhohears/dscombat/entity/vehicle/wind_tunnel/WindTunnelJob$MultiLiftDragJob.class to com/onewhohears/dscombat/entity/vehicle/wind_tunnel/WindTunnelJob$MultiLiftDragJob.class with 8 transformer(s) on dev.architectury.transformer.handler.TinyRemapperPreparedTransformerHandler
[Architectury Transformer DEBUG] Remapping with 1 mapping provider(s):
[Architectury Transformer DEBUG]  - dev.architectury.transformer.transformers.TransformForgeEnvironment$$Lambda/0x000001de0808e008@120d3fd
[Architectury Transformer DEBUG] Remapping Classes:
[Architectury Transformer DEBUG] net/fabricmc/api/EnvType -> net/minecraftforge/api/distmarker/Dist
[Architectury Transformer DEBUG] net/fabricmc/api/Environment -> net/minecraftforge/api/distmarker/OnlyIn
[Architectury Transformer DEBUG] Found class transformer
[Architectury Transformer DEBUG] Writing com/onewhohears/dscombat/entity/vehicle/wind_tunnel/WindTunnelJob$MultiLiftDragJob with maxs=true frames=true
[Architectury Transformer DEBUG] Transformed com/onewhohears/dscombat/entity/vehicle/wind_tunnel/WindTunnelJob$MultiLiftDragJob in 4.717 ms
[Architectury Transformer DEBUG] Transforming from com/onewhohears/dscombat/entity/vehicle/wind_tunnel/WindTunnelJob$FindLiftDragJob.class to com/onewhohears/dscombat/entity/vehicle/wind_tunnel/WindTunnelJob$FindLiftDragJob.class with 8 transformer(s) on dev.architectury.transformer.handler.TinyRemapperPreparedTransformerHandler
[Architectury Transformer DEBUG] Remapping with 1 mapping provider(s):
[Architectury Transformer DEBUG]  - dev.architectury.transformer.transformers.TransformForgeEnvironment$$Lambda/0x000001de0808e008@120d3fd
[Architectury Transformer DEBUG] Remapping Classes:
[Architectury Transformer DEBUG] net/fabricmc/api/EnvType -> net/minecraftforge/api/distmarker/Dist
[Architectury Transformer DEBUG] net/fabricmc/api/Environment -> net/minecraftforge/api/distmarker/OnlyIn
[Architectury Transformer DEBUG] Found class transformer
[Architectury Transformer DEBUG] Writing com/onewhohears/dscombat/entity/vehicle/wind_tunnel/WindTunnelJob$FindLiftDragJob with maxs=true frames=true
[Architectury Transformer DEBUG] Transformed com/onewhohears/dscombat/entity/vehicle/wind_tunnel/WindTunnelJob$FindLiftDragJob in 2.741 ms
[Architectury Transformer DEBUG] Transforming from com/onewhohears/dscombat/entity/vehicle/EntityPlane.class to com/onewhohears/dscombat/entity/vehicle/EntityPlane.class with 8 transformer(s) on dev.architectury.transformer.handler.TinyRemapperPreparedTransformerHandler
[Architectury Transformer DEBUG] Remapping with 1 mapping provider(s):
[Architectury Transformer DEBUG]  - dev.architectury.transformer.transformers.TransformForgeEnvironment$$Lambda/0x000001de0808e008@120d3fd
[Architectury Transformer DEBUG] Remapping Classes:
[Architectury Transformer DEBUG] net/fabricmc/api/EnvType -> net/minecraftforge/api/distmarker/Dist
[Architectury Transformer DEBUG] net/fabricmc/api/Environment -> net/minecraftforge/api/distmarker/OnlyIn
[Architectury Transformer DEBUG] Found class transformer
[Architectury Transformer DEBUG] Writing com/onewhohears/dscombat/entity/vehicle/EntityPlane with maxs=true frames=true
[Architectury Transformer DEBUG] Transformed com/onewhohears/dscombat/entity/vehicle/EntityPlane in 3.450 ms
[Architectury Transformer DEBUG] Transforming from com/onewhohears/dscombat/entity/vehicle/EntityHelicopter.class to com/onewhohears/dscombat/entity/vehicle/EntityHelicopter.class with 8 transformer(s) on dev.architectury.transformer.handler.TinyRemapperPreparedTransformerHandler
[Architectury Transformer DEBUG] Remapping with 1 mapping provider(s):
[Architectury Transformer DEBUG]  - dev.architectury.transformer.transformers.TransformForgeEnvironment$$Lambda/0x000001de0808e008@120d3fd
[Architectury Transformer DEBUG] Remapping Classes:
[Architectury Transformer DEBUG] net/fabricmc/api/EnvType -> net/minecraftforge/api/distmarker/Dist
[Architectury Transformer DEBUG] net/fabricmc/api/Environment -> net/minecraftforge/api/distmarker/OnlyIn
[Architectury Transformer DEBUG] Found class transformer
[Architectury Transformer DEBUG] Writing com/onewhohears/dscombat/entity/vehicle/EntityHelicopter with maxs=true frames=true
[Architectury Transformer DEBUG] Transformed com/onewhohears/dscombat/entity/vehicle/EntityHelicopter in 4.239 ms
[Architectury Transformer DEBUG] Transforming from com/onewhohears/dscombat/entity/vehicle/EntityGroundVehicle.class to com/onewhohears/dscombat/entity/vehicle/EntityGroundVehicle.class with 8 transformer(s) on dev.architectury.transformer.handler.TinyRemapperPreparedTransformerHandler
[Architectury Transformer DEBUG] Remapping with 1 mapping provider(s):
[Architectury Transformer DEBUG]  - dev.architectury.transformer.transformers.TransformForgeEnvironment$$Lambda/0x000001de0808e008@120d3fd
[Architectury Transformer DEBUG] Remapping Classes:
[Architectury Transformer DEBUG] net/fabricmc/api/EnvType -> net/minecraftforge/api/distmarker/Dist
[Architectury Transformer DEBUG] net/fabricmc/api/Environment -> net/minecraftforge/api/distmarker/OnlyIn
[Architectury Transformer DEBUG] Found class transformer
[Architectury Transformer DEBUG] Writing com/onewhohears/dscombat/entity/vehicle/EntityGroundVehicle with maxs=true frames=true
[Architectury Transformer DEBUG] Transformed com/onewhohears/dscombat/entity/vehicle/EntityGroundVehicle in 3.418 ms
[Architectury Transformer DEBUG] Transforming from com/onewhohears/dscombat/entity/vehicle/EntityBoat.class to com/onewhohears/dscombat/entity/vehicle/EntityBoat.class with 8 transformer(s) on dev.architectury.transformer.handler.TinyRemapperPreparedTransformerHandler
[Architectury Transformer DEBUG] Remapping with 1 mapping provider(s):
[Architectury Transformer DEBUG]  - dev.architectury.transformer.transformers.TransformForgeEnvironment$$Lambda/0x000001de0808e008@120d3fd
[Architectury Transformer DEBUG] Remapping Classes:
[Architectury Transformer DEBUG] net/fabricmc/api/EnvType -> net/minecraftforge/api/distmarker/Dist
[Architectury Transformer DEBUG] net/fabricmc/api/Environment -> net/minecraftforge/api/distmarker/OnlyIn
[Architectury Transformer DEBUG] Found class transformer
[Architectury Transformer DEBUG] Writing com/onewhohears/dscombat/entity/vehicle/EntityBoat with maxs=true frames=true
[Architectury Transformer DEBUG] Transformed com/onewhohears/dscombat/entity/vehicle/EntityBoat in 3.022 ms
[Architectury Transformer DEBUG] Transforming from com/onewhohears/dscombat/entity/vehicle/EntitySubmarine.class to com/onewhohears/dscombat/entity/vehicle/EntitySubmarine.class with 8 transformer(s) on dev.architectury.transformer.handler.TinyRemapperPreparedTransformerHandler
[Architectury Transformer DEBUG] Remapping with 1 mapping provider(s):
[Architectury Transformer DEBUG]  - dev.architectury.transformer.transformers.TransformForgeEnvironment$$Lambda/0x000001de0808e008@120d3fd
[Architectury Transformer DEBUG] Remapping Classes:
[Architectury Transformer DEBUG] net/fabricmc/api/EnvType -> net/minecraftforge/api/distmarker/Dist
[Architectury Transformer DEBUG] net/fabricmc/api/Environment -> net/minecraftforge/api/distmarker/OnlyIn
[Architectury Transformer DEBUG] Found class transformer
[Architectury Transformer DEBUG] Writing com/onewhohears/dscombat/entity/vehicle/EntitySubmarine with maxs=true frames=true
[Architectury Transformer DEBUG] Transformed com/onewhohears/dscombat/entity/vehicle/EntitySubmarine in 2.760 ms
[Architectury Transformer DEBUG] Transforming from com/onewhohears/dscombat/entity/vehicle/EntityStationaryVehicle.class to com/onewhohears/dscombat/entity/vehicle/EntityStationaryVehicle.class with 8 transformer(s) on dev.architectury.transformer.handler.TinyRemapperPreparedTransformerHandler
[Architectury Transformer DEBUG] Remapping with 1 mapping provider(s):
[Architectury Transformer DEBUG]  - dev.architectury.transformer.transformers.TransformForgeEnvironment$$Lambda/0x000001de0808e008@120d3fd
[Architectury Transformer DEBUG] Remapping Classes:
[Architectury Transformer DEBUG] net/fabricmc/api/EnvType -> net/minecraftforge/api/distmarker/Dist
[Architectury Transformer DEBUG] net/fabricmc/api/Environment -> net/minecraftforge/api/distmarker/OnlyIn
[Architectury Transformer DEBUG] Found class transformer
[Architectury Transformer DEBUG] Writing com/onewhohears/dscombat/entity/vehicle/EntityStationaryVehicle with maxs=true frames=true
[Architectury Transformer DEBUG] Transformed com/onewhohears/dscombat/entity/vehicle/EntityStationaryVehicle in 4.272 ms
[Architectury Transformer DEBUG] Transforming from com/onewhohears/dscombat/util/math/DisguisedAABB.class to com/onewhohears/dscombat/util/math/DisguisedAABB.class with 8 transformer(s) on dev.architectury.transformer.handler.TinyRemapperPreparedTransformerHandler
[Architectury Transformer DEBUG] Remapping with 1 mapping provider(s):
[Architectury Transformer DEBUG]  - dev.architectury.transformer.transformers.TransformForgeEnvironment$$Lambda/0x000001de0808e008@120d3fd
[Architectury Transformer DEBUG] Remapping Classes:
[Architectury Transformer DEBUG] net/fabricmc/api/EnvType -> net/minecraftforge/api/distmarker/Dist
[Architectury Transformer DEBUG] net/fabricmc/api/Environment -> net/minecraftforge/api/distmarker/OnlyIn
[Architectury Transformer DEBUG] Found class transformer
[Architectury Transformer DEBUG] Writing com/onewhohears/dscombat/util/math/DisguisedAABB with maxs=true frames=true
[Architectury Transformer DEBUG] Transformed com/onewhohears/dscombat/util/math/DisguisedAABB in 3.908 ms
[Architectury Transformer DEBUG] Transforming from com/onewhohears/dscombat/entity/parts/hitbox/TurretHitbox.class to com/onewhohears/dscombat/entity/parts/hitbox/TurretHitbox.class with 8 transformer(s) on dev.architectury.transformer.handler.TinyRemapperPreparedTransformerHandler
[Architectury Transformer DEBUG] Remapping with 1 mapping provider(s):
[Architectury Transformer DEBUG]  - dev.architectury.transformer.transformers.TransformForgeEnvironment$$Lambda/0x000001de0808e008@120d3fd
[Architectury Transformer DEBUG] Remapping Classes:
[Architectury Transformer DEBUG] net/fabricmc/api/EnvType -> net/minecraftforge/api/distmarker/Dist
[Architectury Transformer DEBUG] net/fabricmc/api/Environment -> net/minecraftforge/api/distmarker/OnlyIn
[Architectury Transformer DEBUG] Found class transformer
[Architectury Transformer DEBUG] Writing com/onewhohears/dscombat/entity/parts/hitbox/TurretHitbox with maxs=true frames=true
[Architectury Transformer DEBUG] Transformed com/onewhohears/dscombat/entity/parts/hitbox/TurretHitbox in 3.544 ms
[Architectury Transformer DEBUG] Transforming from com/onewhohears/dscombat/entity/parts/EntitySeat.class to com/onewhohears/dscombat/entity/parts/EntitySeat.class with 8 transformer(s) on dev.architectury.transformer.handler.TinyRemapperPreparedTransformerHandler
[Architectury Transformer DEBUG] Remapping with 1 mapping provider(s):
[Architectury Transformer DEBUG]  - dev.architectury.transformer.transformers.TransformForgeEnvironment$$Lambda/0x000001de0808e008@120d3fd
[Architectury Transformer DEBUG] Remapping Classes:
[Architectury Transformer DEBUG] net/fabricmc/api/EnvType -> net/minecraftforge/api/distmarker/Dist
[Architectury Transformer DEBUG] net/fabricmc/api/Environment -> net/minecraftforge/api/distmarker/OnlyIn
[Architectury Transformer DEBUG] Found class transformer
[Architectury Transformer DEBUG] Writing com/onewhohears/dscombat/entity/parts/EntitySeat with maxs=true frames=true
[Architectury Transformer DEBUG] Transformed com/onewhohears/dscombat/entity/parts/EntitySeat in 3.464 ms
[Architectury Transformer DEBUG] Transforming from com/onewhohears/dscombat/entity/parts/EntityChainHook.class to com/onewhohears/dscombat/entity/parts/EntityChainHook.class with 8 transformer(s) on dev.architectury.transformer.handler.TinyRemapperPreparedTransformerHandler
[Architectury Transformer DEBUG] Remapping with 1 mapping provider(s):
[Architectury Transformer DEBUG]  - dev.architectury.transformer.transformers.TransformForgeEnvironment$$Lambda/0x000001de0808e008@120d3fd
[Architectury Transformer DEBUG] Remapping Classes:
[Architectury Transformer DEBUG] net/fabricmc/api/EnvType -> net/minecraftforge/api/distmarker/Dist
[Architectury Transformer DEBUG] net/fabricmc/api/Environment -> net/minecraftforge/api/distmarker/OnlyIn
[Architectury Transformer DEBUG] Found class transformer
[Architectury Transformer DEBUG] Writing com/onewhohears/dscombat/entity/parts/EntityChainHook with maxs=true frames=true
[Architectury Transformer DEBUG] Transformed com/onewhohears/dscombat/entity/parts/EntityChainHook in 4.918 ms
[Architectury Transformer DEBUG] Transforming from com/onewhohears/dscombat/entity/parts/EntityGimbal.class to com/onewhohears/dscombat/entity/parts/EntityGimbal.class with 8 transformer(s) on dev.architectury.transformer.handler.TinyRemapperPreparedTransformerHandler
[Architectury Transformer DEBUG] Remapping with 1 mapping provider(s):
[Architectury Transformer DEBUG]  - dev.architectury.transformer.transformers.TransformForgeEnvironment$$Lambda/0x000001de0808e008@120d3fd
[Architectury Transformer DEBUG] Remapping Classes:
[Architectury Transformer DEBUG] net/fabricmc/api/EnvType -> net/minecraftforge/api/distmarker/Dist
[Architectury Transformer DEBUG] net/fabricmc/api/Environment -> net/minecraftforge/api/distmarker/OnlyIn
[Architectury Transformer DEBUG] Found class transformer
[Architectury Transformer DEBUG] Writing com/onewhohears/dscombat/entity/parts/EntityGimbal with maxs=true frames=true
[Architectury Transformer DEBUG] Transformed com/onewhohears/dscombat/entity/parts/EntityGimbal in 4.327 ms
[Architectury Transformer DEBUG] Transforming from com/onewhohears/dscombat/entity/parts/EntityWeaponRack.class to com/onewhohears/dscombat/entity/parts/EntityWeaponRack.class with 8 transformer(s) on dev.architectury.transformer.handler.TinyRemapperPreparedTransformerHandler
[Architectury Transformer DEBUG] Remapping with 1 mapping provider(s):
[Architectury Transformer DEBUG]  - dev.architectury.transformer.transformers.TransformForgeEnvironment$$Lambda/0x000001de0808e008@120d3fd
[Architectury Transformer DEBUG] Remapping Classes:
[Architectury Transformer DEBUG] net/fabricmc/api/EnvType -> net/minecraftforge/api/distmarker/Dist
[Architectury Transformer DEBUG] net/fabricmc/api/Environment -> net/minecraftforge/api/distmarker/OnlyIn
[Architectury Transformer DEBUG] Found class transformer
[Architectury Transformer DEBUG] Writing com/onewhohears/dscombat/entity/parts/EntityWeaponRack with maxs=true frames=true
[Architectury Transformer DEBUG] Transformed com/onewhohears/dscombat/entity/parts/EntityWeaponRack in 5.369 ms
[Architectury Transformer DEBUG] Transforming from com/onewhohears/dscombat/entity/parts/EntityEngine.class to com/onewhohears/dscombat/entity/parts/EntityEngine.class with 8 transformer(s) on dev.architectury.transformer.handler.TinyRemapperPreparedTransformerHandler
[Architectury Transformer DEBUG] Remapping with 1 mapping provider(s):
[Architectury Transformer DEBUG]  - dev.architectury.transformer.transformers.TransformForgeEnvironment$$Lambda/0x000001de0808e008@120d3fd
[Architectury Transformer DEBUG] Remapping Classes:
[Architectury Transformer DEBUG] net/fabricmc/api/EnvType -> net/minecraftforge/api/distmarker/Dist
[Architectury Transformer DEBUG] net/fabricmc/api/Environment -> net/minecraftforge/api/distmarker/OnlyIn
[Architectury Transformer DEBUG] Found class transformer
[Architectury Transformer DEBUG] Writing com/onewhohears/dscombat/entity/parts/EntityEngine with maxs=true frames=true
[Architectury Transformer DEBUG] Transformed com/onewhohears/dscombat/entity/parts/EntityEngine in 3.936 ms
[Architectury Transformer DEBUG] Transforming from com/onewhohears/dscombat/entity/parts/EntityFuelTank.class to com/onewhohears/dscombat/entity/parts/EntityFuelTank.class with 8 transformer(s) on dev.architectury.transformer.handler.TinyRemapperPreparedTransformerHandler
[Architectury Transformer DEBUG] Remapping with 1 mapping provider(s):
[Architectury Transformer DEBUG]  - dev.architectury.transformer.transformers.TransformForgeEnvironment$$Lambda/0x000001de0808e008@120d3fd
[Architectury Transformer DEBUG] Remapping Classes:
[Architectury Transformer DEBUG] net/fabricmc/api/EnvType -> net/minecraftforge/api/distmarker/Dist
[Architectury Transformer DEBUG] net/fabricmc/api/Environment -> net/minecraftforge/api/distmarker/OnlyIn
[Architectury Transformer DEBUG] Found class transformer
[Architectury Transformer DEBUG] Writing com/onewhohears/dscombat/entity/parts/EntityFuelTank with maxs=true frames=true
[Architectury Transformer DEBUG] Transformed com/onewhohears/dscombat/entity/parts/EntityFuelTank in 2.929 ms
[Architectury Transformer DEBUG] Transforming from com/onewhohears/dscombat/entity/weapon/EntityBullet.class to com/onewhohears/dscombat/entity/weapon/EntityBullet.class with 8 transformer(s) on dev.architectury.transformer.handler.TinyRemapperPreparedTransformerHandler
[Architectury Transformer DEBUG] Remapping with 1 mapping provider(s):
[Architectury Transformer DEBUG]  - dev.architectury.transformer.transformers.TransformForgeEnvironment$$Lambda/0x000001de0808e008@120d3fd
[Architectury Transformer DEBUG] Remapping Classes:
[Architectury Transformer DEBUG] net/fabricmc/api/EnvType -> net/minecraftforge/api/distmarker/Dist
[Architectury Transformer DEBUG] net/fabricmc/api/Environment -> net/minecraftforge/api/distmarker/OnlyIn
[Architectury Transformer DEBUG] Found class transformer
[Architectury Transformer DEBUG] Writing com/onewhohears/dscombat/entity/weapon/EntityBullet with maxs=true frames=true
[Architectury Transformer DEBUG] Transformed com/onewhohears/dscombat/entity/weapon/EntityBullet in 3.159 ms
[Architectury Transformer DEBUG] Transforming from com/onewhohears/dscombat/entity/weapon/EntityBomb.class to com/onewhohears/dscombat/entity/weapon/EntityBomb.class with 8 transformer(s) on dev.architectury.transformer.handler.TinyRemapperPreparedTransformerHandler
[Architectury Transformer DEBUG] Remapping with 1 mapping provider(s):
[Architectury Transformer DEBUG]  - dev.architectury.transformer.transformers.TransformForgeEnvironment$$Lambda/0x000001de0808e008@120d3fd
[Architectury Transformer DEBUG] Remapping Classes:
[Architectury Transformer DEBUG] net/fabricmc/api/EnvType -> net/minecraftforge/api/distmarker/Dist
[Architectury Transformer DEBUG] net/fabricmc/api/Environment -> net/minecraftforge/api/distmarker/OnlyIn
[Architectury Transformer DEBUG] Found class transformer
[Architectury Transformer DEBUG] Writing com/onewhohears/dscombat/entity/weapon/EntityBomb with maxs=true frames=true
[Architectury Transformer DEBUG] Transformed com/onewhohears/dscombat/entity/weapon/EntityBomb in 5.122 ms
[Architectury Transformer DEBUG] Transforming from com/onewhohears/dscombat/entity/weapon/EntityBunkerBuster.class to com/onewhohears/dscombat/entity/weapon/EntityBunkerBuster.class with 8 transformer(s) on dev.architectury.transformer.handler.TinyRemapperPreparedTransformerHandler
[Architectury Transformer DEBUG] Remapping with 1 mapping provider(s):
[Architectury Transformer DEBUG]  - dev.architectury.transformer.transformers.TransformForgeEnvironment$$Lambda/0x000001de0808e008@120d3fd
[Architectury Transformer DEBUG] Remapping Classes:
[Architectury Transformer DEBUG] net/fabricmc/api/EnvType -> net/minecraftforge/api/distmarker/Dist
[Architectury Transformer DEBUG] net/fabricmc/api/Environment -> net/minecraftforge/api/distmarker/OnlyIn
[Architectury Transformer DEBUG] Found class transformer
[Architectury Transformer DEBUG] Writing com/onewhohears/dscombat/entity/weapon/EntityBunkerBuster with maxs=true frames=true
[Architectury Transformer DEBUG] Transformed com/onewhohears/dscombat/entity/weapon/EntityBunkerBuster in 3.725 ms
[Architectury Transformer DEBUG] Transforming from com/onewhohears/dscombat/entity/weapon/EntityMissile.class to com/onewhohears/dscombat/entity/weapon/EntityMissile.class with 8 transformer(s) on dev.architectury.transformer.handler.TinyRemapperPreparedTransformerHandler
[Architectury Transformer DEBUG] Remapping with 1 mapping provider(s):
[Architectury Transformer DEBUG]  - dev.architectury.transformer.transformers.TransformForgeEnvironment$$Lambda/0x000001de0808e008@120d3fd
[Architectury Transformer DEBUG] Remapping Classes:
[Architectury Transformer DEBUG] net/fabricmc/api/EnvType -> net/minecraftforge/api/distmarker/Dist
[Architectury Transformer DEBUG] net/fabricmc/api/Environment -> net/minecraftforge/api/distmarker/OnlyIn
[Architectury Transformer DEBUG] Found class transformer
[Architectury Transformer DEBUG] Writing com/onewhohears/dscombat/entity/weapon/EntityMissile with maxs=true frames=true
[Architectury Transformer DEBUG] Transformed com/onewhohears/dscombat/entity/weapon/EntityMissile in 5.337 ms
[Architectury Transformer DEBUG] Transforming from com/onewhohears/dscombat/entity/weapon/PositionMissile.class to com/onewhohears/dscombat/entity/weapon/PositionMissile.class with 8 transformer(s) on dev.architectury.transformer.handler.TinyRemapperPreparedTransformerHandler
[Architectury Transformer DEBUG] Remapping with 1 mapping provider(s):
[Architectury Transformer DEBUG]  - dev.architectury.transformer.transformers.TransformForgeEnvironment$$Lambda/0x000001de0808e008@120d3fd
[Architectury Transformer DEBUG] Remapping Classes:
[Architectury Transformer DEBUG] net/fabricmc/api/EnvType -> net/minecraftforge/api/distmarker/Dist
[Architectury Transformer DEBUG] net/fabricmc/api/Environment -> net/minecraftforge/api/distmarker/OnlyIn
[Architectury Transformer DEBUG] Found class transformer
[Architectury Transformer DEBUG] Writing com/onewhohears/dscombat/entity/weapon/PositionMissile with maxs=true frames=true
[Architectury Transformer DEBUG] Transformed com/onewhohears/dscombat/entity/weapon/PositionMissile in 6.523 ms
[Architectury Transformer DEBUG] Transforming from com/onewhohears/dscombat/entity/weapon/IRMissile.class to com/onewhohears/dscombat/entity/weapon/IRMissile.class with 8 transformer(s) on dev.architectury.transformer.handler.TinyRemapperPreparedTransformerHandler
[Architectury Transformer DEBUG] Remapping with 1 mapping provider(s):
[Architectury Transformer DEBUG]  - dev.architectury.transformer.transformers.TransformForgeEnvironment$$Lambda/0x000001de0808e008@120d3fd
[Architectury Transformer DEBUG] Remapping Classes:
[Architectury Transformer DEBUG] net/fabricmc/api/EnvType -> net/minecraftforge/api/distmarker/Dist
[Architectury Transformer DEBUG] net/fabricmc/api/Environment -> net/minecraftforge/api/distmarker/OnlyIn
[Architectury Transformer DEBUG] Found class transformer
[Architectury Transformer DEBUG] Writing com/onewhohears/dscombat/entity/weapon/IRMissile with maxs=true frames=true
[Architectury Transformer DEBUG] Transformed com/onewhohears/dscombat/entity/weapon/IRMissile in 4.993 ms
[Architectury Transformer DEBUG] Transforming from com/onewhohears/dscombat/entity/weapon/TrackEntityMissile.class to com/onewhohears/dscombat/entity/weapon/TrackEntityMissile.class with 8 transformer(s) on dev.architectury.transformer.handler.TinyRemapperPreparedTransformerHandler
[Architectury Transformer DEBUG] Remapping with 1 mapping provider(s):
[Architectury Transformer DEBUG]  - dev.architectury.transformer.transformers.TransformForgeEnvironment$$Lambda/0x000001de0808e008@120d3fd
[Architectury Transformer DEBUG] Remapping Classes:
[Architectury Transformer DEBUG] net/fabricmc/api/EnvType -> net/minecraftforge/api/distmarker/Dist
[Architectury Transformer DEBUG] net/fabricmc/api/Environment -> net/minecraftforge/api/distmarker/OnlyIn
[Architectury Transformer DEBUG] Found class transformer
[Architectury Transformer DEBUG] Writing com/onewhohears/dscombat/entity/weapon/TrackEntityMissile with maxs=true frames=true
[Architectury Transformer DEBUG] Transformed com/onewhohears/dscombat/entity/weapon/TrackEntityMissile in 5.314 ms
[Architectury Transformer DEBUG] Transforming from com/onewhohears/dscombat/entity/weapon/AntiRadarMissile.class to com/onewhohears/dscombat/entity/weapon/AntiRadarMissile.class with 8 transformer(s) on dev.architectury.transformer.handler.TinyRemapperPreparedTransformerHandler
[Architectury Transformer DEBUG] Remapping with 1 mapping provider(s):
[Architectury Transformer DEBUG]  - dev.architectury.transformer.transformers.TransformForgeEnvironment$$Lambda/0x000001de0808e008@120d3fd
[Architectury Transformer DEBUG] Remapping Classes:
[Architectury Transformer DEBUG] net/fabricmc/api/EnvType -> net/minecraftforge/api/distmarker/Dist
[Architectury Transformer DEBUG] net/fabricmc/api/Environment -> net/minecraftforge/api/distmarker/OnlyIn
[Architectury Transformer DEBUG] Found class transformer
[Architectury Transformer DEBUG] Writing com/onewhohears/dscombat/entity/weapon/AntiRadarMissile with maxs=true frames=true
[Architectury Transformer DEBUG] Transformed com/onewhohears/dscombat/entity/weapon/AntiRadarMissile in 4.691 ms
[Architectury Transformer DEBUG] Transforming from com/onewhohears/dscombat/entity/weapon/EntityBallisticMissile.class to com/onewhohears/dscombat/entity/weapon/EntityBallisticMissile.class with 8 transformer(s) on dev.architectury.transformer.handler.TinyRemapperPreparedTransformerHandler
[Architectury Transformer DEBUG] Remapping with 1 mapping provider(s):
[Architectury Transformer DEBUG]  - dev.architectury.transformer.transformers.TransformForgeEnvironment$$Lambda/0x000001de0808e008@120d3fd
[Architectury Transformer DEBUG] Remapping Classes:
[Architectury Transformer DEBUG] net/fabricmc/api/EnvType -> net/minecraftforge/api/distmarker/Dist
[Architectury Transformer DEBUG] net/fabricmc/api/Environment -> net/minecraftforge/api/distmarker/OnlyIn
[Architectury Transformer DEBUG] Found class transformer
[Architectury Transformer DEBUG] Writing com/onewhohears/dscombat/entity/weapon/EntityBallisticMissile with maxs=true frames=true
[Architectury Transformer DEBUG] Transformed com/onewhohears/dscombat/entity/weapon/EntityBallisticMissile in 3.921 ms
[Architectury Transformer DEBUG] Transforming from com/onewhohears/dscombat/entity/weapon/TorpedoMissile.class to com/onewhohears/dscombat/entity/weapon/TorpedoMissile.class with 8 transformer(s) on dev.architectury.transformer.handler.TinyRemapperPreparedTransformerHandler
[Architectury Transformer DEBUG] Remapping with 1 mapping provider(s):
[Architectury Transformer DEBUG]  - dev.architectury.transformer.transformers.TransformForgeEnvironment$$Lambda/0x000001de0808e008@120d3fd
[Architectury Transformer DEBUG] Remapping Classes:
[Architectury Transformer DEBUG] net/fabricmc/api/EnvType -> net/minecraftforge/api/distmarker/Dist
[Architectury Transformer DEBUG] net/fabricmc/api/Environment -> net/minecraftforge/api/distmarker/OnlyIn
[Architectury Transformer DEBUG] Found class transformer
[Architectury Transformer DEBUG] Writing com/onewhohears/dscombat/entity/weapon/TorpedoMissile with maxs=true frames=true
[Architectury Transformer DEBUG] Transformed com/onewhohears/dscombat/entity/weapon/TorpedoMissile in 4.891 ms
[Architectury Transformer DEBUG] Transforming from com/onewhohears/dscombat/entity/weapon/EntityDumbTorpedo.class to com/onewhohears/dscombat/entity/weapon/EntityDumbTorpedo.class with 8 transformer(s) on dev.architectury.transformer.handler.TinyRemapperPreparedTransformerHandler
[Architectury Transformer DEBUG] Remapping with 1 mapping provider(s):
[Architectury Transformer DEBUG]  - dev.architectury.transformer.transformers.TransformForgeEnvironment$$Lambda/0x000001de0808e008@120d3fd
[Architectury Transformer DEBUG] Remapping Classes:
[Architectury Transformer DEBUG] net/fabricmc/api/EnvType -> net/minecraftforge/api/distmarker/Dist
[Architectury Transformer DEBUG] net/fabricmc/api/Environment -> net/minecraftforge/api/distmarker/OnlyIn
[Architectury Transformer DEBUG] Found class transformer
[Architectury Transformer DEBUG] Writing com/onewhohears/dscombat/entity/weapon/EntityDumbTorpedo with maxs=true frames=true
[Architectury Transformer DEBUG] Transformed com/onewhohears/dscombat/entity/weapon/EntityDumbTorpedo in 3.133 ms
[Architectury Transformer DEBUG] Transforming from com/onewhohears/dscombat/entity/weapon/EntityFlare.class to com/onewhohears/dscombat/entity/weapon/EntityFlare.class with 8 transformer(s) on dev.architectury.transformer.handler.TinyRemapperPreparedTransformerHandler
[Architectury Transformer DEBUG] Remapping with 1 mapping provider(s):
[Architectury Transformer DEBUG]  - dev.architectury.transformer.transformers.TransformForgeEnvironment$$Lambda/0x000001de0808e008@120d3fd
[Architectury Transformer DEBUG] Remapping Classes:
[Architectury Transformer DEBUG] net/fabricmc/api/EnvType -> net/minecraftforge/api/distmarker/Dist
[Architectury Transformer DEBUG] net/fabricmc/api/Environment -> net/minecraftforge/api/distmarker/OnlyIn
[Architectury Transformer DEBUG] Found class transformer
[Architectury Transformer DEBUG] Writing com/onewhohears/dscombat/entity/weapon/EntityFlare with maxs=true frames=true
[Architectury Transformer DEBUG] Transformed com/onewhohears/dscombat/entity/weapon/EntityFlare in 3.198 ms
[Architectury Transformer DEBUG] Transforming from com/onewhohears/dscombat/entity/weapon/EntitySmokeGrenade.class to com/onewhohears/dscombat/entity/weapon/EntitySmokeGrenade.class with 8 transformer(s) on dev.architectury.transformer.handler.TinyRemapperPreparedTransformerHandler
[Architectury Transformer DEBUG] Remapping with 1 mapping provider(s):
[Architectury Transformer DEBUG]  - dev.architectury.transformer.transformers.TransformForgeEnvironment$$Lambda/0x000001de0808e008@120d3fd
[Architectury Transformer DEBUG] Remapping Classes:
[Architectury Transformer DEBUG] net/fabricmc/api/EnvType -> net/minecraftforge/api/distmarker/Dist
[Architectury Transformer DEBUG] net/fabricmc/api/Environment -> net/minecraftforge/api/distmarker/OnlyIn
[Architectury Transformer DEBUG] Found class transformer
[Architectury Transformer DEBUG] Writing com/onewhohears/dscombat/entity/weapon/EntitySmokeGrenade with maxs=true frames=true
[Architectury Transformer DEBUG] Transformed com/onewhohears/dscombat/entity/weapon/EntitySmokeGrenade in 5.518 ms
[Architectury Transformer DEBUG] Transforming from com/onewhohears/dscombat/common/network/toclient/ToClientMineExplode.class to com/onewhohears/dscombat/common/network/toclient/ToClientMineExplode.class with 8 transformer(s) on dev.architectury.transformer.handler.TinyRemapperPreparedTransformerHandler
[Architectury Transformer DEBUG] Remapping with 1 mapping provider(s):
[Architectury Transformer DEBUG]  - dev.architectury.transformer.transformers.TransformForgeEnvironment$$Lambda/0x000001de0808e008@120d3fd
[Architectury Transformer DEBUG] Remapping Classes:
[Architectury Transformer DEBUG] net/fabricmc/api/EnvType -> net/minecraftforge/api/distmarker/Dist
[Architectury Transformer DEBUG] net/fabricmc/api/Environment -> net/minecraftforge/api/distmarker/OnlyIn
[Architectury Transformer DEBUG] Found class transformer
[Architectury Transformer DEBUG] Writing com/onewhohears/dscombat/common/network/toclient/ToClientMineExplode with maxs=true frames=true
[Architectury Transformer DEBUG] Transformed com/onewhohears/dscombat/common/network/toclient/ToClientMineExplode in 8.274 ms
[Architectury Transformer DEBUG] Transforming from com/onewhohears/dscombat/entity/weapon/EntityMine$1.class to com/onewhohears/dscombat/entity/weapon/EntityMine$1.class with 8 transformer(s) on dev.architectury.transformer.handler.TinyRemapperPreparedTransformerHandler
[Architectury Transformer DEBUG] Remapping with 1 mapping provider(s):
[Architectury Transformer DEBUG]  - dev.architectury.transformer.transformers.TransformForgeEnvironment$$Lambda/0x000001de0808e008@120d3fd
[Architectury Transformer DEBUG] Remapping Classes:
[Architectury Transformer DEBUG] net/fabricmc/api/EnvType -> net/minecraftforge/api/distmarker/Dist
[Architectury Transformer DEBUG] net/fabricmc/api/Environment -> net/minecraftforge/api/distmarker/OnlyIn
[Architectury Transformer DEBUG] Found class transformer
[Architectury Transformer DEBUG] Writing com/onewhohears/dscombat/entity/weapon/EntityMine$1 with maxs=true frames=true
[Architectury Transformer DEBUG] Transformed com/onewhohears/dscombat/entity/weapon/EntityMine$1 in 10.81 ms
[Architectury Transformer DEBUG] Transforming from com/onewhohears/dscombat/entity/EntityParachute.class to com/onewhohears/dscombat/entity/EntityParachute.class with 8 transformer(s) on dev.architectury.transformer.handler.TinyRemapperPreparedTransformerHandler
[Architectury Transformer DEBUG] Remapping with 1 mapping provider(s):
[Architectury Transformer DEBUG]  - dev.architectury.transformer.transformers.TransformForgeEnvironment$$Lambda/0x000001de0808e008@120d3fd
[Architectury Transformer DEBUG] Remapping Classes:
[Architectury Transformer DEBUG] net/fabricmc/api/EnvType -> net/minecraftforge/api/distmarker/Dist
[Architectury Transformer DEBUG] net/fabricmc/api/Environment -> net/minecraftforge/api/distmarker/OnlyIn
[Architectury Transformer DEBUG] Found class transformer
[Architectury Transformer DEBUG] Writing com/onewhohears/dscombat/entity/EntityParachute with maxs=true frames=true
[Architectury Transformer DEBUG] Transformed com/onewhohears/dscombat/entity/EntityParachute in 5.508 ms
[Architectury Transformer DEBUG] Transforming from com/onewhohears/dscombat/crafting/PartItemLoadRecipe.class to com/onewhohears/dscombat/crafting/PartItemLoadRecipe.class with 8 transformer(s) on dev.architectury.transformer.handler.TinyRemapperPreparedTransformerHandler
[Architectury Transformer DEBUG] Remapping with 1 mapping provider(s):
[Architectury Transformer DEBUG]  - dev.architectury.transformer.transformers.TransformForgeEnvironment$$Lambda/0x000001de0808e008@120d3fd
[Architectury Transformer DEBUG] Remapping Classes:
[Architectury Transformer DEBUG] net/fabricmc/api/EnvType -> net/minecraftforge/api/distmarker/Dist
[Architectury Transformer DEBUG] net/fabricmc/api/Environment -> net/minecraftforge/api/distmarker/OnlyIn
[Architectury Transformer DEBUG] Found class transformer
[Architectury Transformer DEBUG] Writing com/onewhohears/dscombat/crafting/PartItemLoadRecipe with maxs=true frames=true
[Architectury Transformer DEBUG] Transformed com/onewhohears/dscombat/crafting/PartItemLoadRecipe in 7.455 ms
[Architectury Transformer DEBUG] Transforming from com/onewhohears/dscombat/crafting/WeaponPartLoadRecipe.class to com/onewhohears/dscombat/crafting/WeaponPartLoadRecipe.class with 8 transformer(s) on dev.architectury.transformer.handler.TinyRemapperPreparedTransformerHandler
[Architectury Transformer DEBUG] Remapping with 1 mapping provider(s):
[Architectury Transformer DEBUG]  - dev.architectury.transformer.transformers.TransformForgeEnvironment$$Lambda/0x000001de0808e008@120d3fd
[Architectury Transformer DEBUG] Remapping Classes:
[Architectury Transformer DEBUG] net/fabricmc/api/EnvType -> net/minecraftforge/api/distmarker/Dist
[Architectury Transformer DEBUG] net/fabricmc/api/Environment -> net/minecraftforge/api/distmarker/OnlyIn
[Architectury Transformer DEBUG] Found class transformer
[Architectury Transformer DEBUG] Writing com/onewhohears/dscombat/crafting/WeaponPartLoadRecipe with maxs=true frames=true
[Architectury Transformer DEBUG] Transformed com/onewhohears/dscombat/crafting/WeaponPartLoadRecipe in 6.447 ms
[Architectury Transformer DEBUG] Transforming from com/onewhohears/dscombat/crafting/PartItemUnloadRecipe.class to com/onewhohears/dscombat/crafting/PartItemUnloadRecipe.class with 8 transformer(s) on dev.architectury.transformer.handler.TinyRemapperPreparedTransformerHandler
[Architectury Transformer DEBUG] Remapping with 1 mapping provider(s):
[Architectury Transformer DEBUG]  - dev.architectury.transformer.transformers.TransformForgeEnvironment$$Lambda/0x000001de0808e008@120d3fd
[Architectury Transformer DEBUG] Remapping Classes:
[Architectury Transformer DEBUG] net/fabricmc/api/EnvType -> net/minecraftforge/api/distmarker/Dist
[Architectury Transformer DEBUG] net/fabricmc/api/Environment -> net/minecraftforge/api/distmarker/OnlyIn
[Architectury Transformer DEBUG] Found class transformer
[Architectury Transformer DEBUG] Writing com/onewhohears/dscombat/crafting/PartItemUnloadRecipe with maxs=true frames=true
[Architectury Transformer DEBUG] Transformed com/onewhohears/dscombat/crafting/PartItemUnloadRecipe in 4.295 ms
[Architectury Transformer DEBUG] Transforming from com/onewhohears/dscombat/crafting/WeaponPartUnloadRecipe.class to com/onewhohears/dscombat/crafting/WeaponPartUnloadRecipe.class with 8 transformer(s) on dev.architectury.transformer.handler.TinyRemapperPreparedTransformerHandler
[Architectury Transformer DEBUG] Remapping with 1 mapping provider(s):
[Architectury Transformer DEBUG]  - dev.architectury.transformer.transformers.TransformForgeEnvironment$$Lambda/0x000001de0808e008@120d3fd
[Architectury Transformer DEBUG] Remapping Classes:
[Architectury Transformer DEBUG] net/fabricmc/api/EnvType -> net/minecraftforge/api/distmarker/Dist
[Architectury Transformer DEBUG] net/fabricmc/api/Environment -> net/minecraftforge/api/distmarker/OnlyIn
[Architectury Transformer DEBUG] Found class transformer
[Architectury Transformer DEBUG] Writing com/onewhohears/dscombat/crafting/WeaponPartUnloadRecipe with maxs=true frames=true
[Architectury Transformer DEBUG] Transformed com/onewhohears/dscombat/crafting/WeaponPartUnloadRecipe in 3.163 ms
[Architectury Transformer DEBUG] Transforming from com/onewhohears/dscombat/crafting/FuelTankLoadRecipe.class to com/onewhohears/dscombat/crafting/FuelTankLoadRecipe.class with 8 transformer(s) on dev.architectury.transformer.handler.TinyRemapperPreparedTransformerHandler
[Architectury Transformer DEBUG] Remapping with 1 mapping provider(s):
[Architectury Transformer DEBUG]  - dev.architectury.transformer.transformers.TransformForgeEnvironment$$Lambda/0x000001de0808e008@120d3fd
[Architectury Transformer DEBUG] Remapping Classes:
[Architectury Transformer DEBUG] net/fabricmc/api/EnvType -> net/minecraftforge/api/distmarker/Dist
[Architectury Transformer DEBUG] net/fabricmc/api/Environment -> net/minecraftforge/api/distmarker/OnlyIn
[Architectury Transformer DEBUG] Found class transformer
[Architectury Transformer DEBUG] Writing com/onewhohears/dscombat/crafting/FuelTankLoadRecipe with maxs=true frames=true
[Architectury Transformer DEBUG] Transformed com/onewhohears/dscombat/crafting/FuelTankLoadRecipe in 2.555 ms
[Architectury Transformer DEBUG] Transforming from com/onewhohears/dscombat/crafting/FlareDispenserLoadRecipe.class to com/onewhohears/dscombat/crafting/FlareDispenserLoadRecipe.class with 8 transformer(s) on dev.architectury.transformer.handler.TinyRemapperPreparedTransformerHandler
[Architectury Transformer DEBUG] Remapping with 1 mapping provider(s):
[Architectury Transformer DEBUG]  - dev.architectury.transformer.transformers.TransformForgeEnvironment$$Lambda/0x000001de0808e008@120d3fd
[Architectury Transformer DEBUG] Remapping Classes:
[Architectury Transformer DEBUG] net/fabricmc/api/EnvType -> net/minecraftforge/api/distmarker/Dist
[Architectury Transformer DEBUG] net/fabricmc/api/Environment -> net/minecraftforge/api/distmarker/OnlyIn
[Architectury Transformer DEBUG] Found class transformer
[Architectury Transformer DEBUG] Writing com/onewhohears/dscombat/crafting/FlareDispenserLoadRecipe with maxs=true frames=true
[Architectury Transformer DEBUG] Transformed com/onewhohears/dscombat/crafting/FlareDispenserLoadRecipe in 4.706 ms
[Architectury Transformer DEBUG] Transforming from com/onewhohears/dscombat/crafting/TurretLoadRecipe.class to com/onewhohears/dscombat/crafting/TurretLoadRecipe.class with 8 transformer(s) on dev.architectury.transformer.handler.TinyRemapperPreparedTransformerHandler
[Architectury Transformer DEBUG] Remapping with 1 mapping provider(s):
[Architectury Transformer DEBUG]  - dev.architectury.transformer.transformers.TransformForgeEnvironment$$Lambda/0x000001de0808e008@120d3fd
[Architectury Transformer DEBUG] Remapping Classes:
[Architectury Transformer DEBUG] net/fabricmc/api/EnvType -> net/minecraftforge/api/distmarker/Dist
[Architectury Transformer DEBUG] net/fabricmc/api/Environment -> net/minecraftforge/api/distmarker/OnlyIn
[Architectury Transformer DEBUG] Found class transformer
[Architectury Transformer DEBUG] Writing com/onewhohears/dscombat/crafting/TurretLoadRecipe with maxs=true frames=true
[Architectury Transformer DEBUG] Transformed com/onewhohears/dscombat/crafting/TurretLoadRecipe in 4.078 ms
[Architectury Transformer DEBUG] Transforming from com/onewhohears/dscombat/crafting/TurretUnloadRecipe.class to com/onewhohears/dscombat/crafting/TurretUnloadRecipe.class with 8 transformer(s) on dev.architectury.transformer.handler.TinyRemapperPreparedTransformerHandler
[Architectury Transformer DEBUG] Remapping with 1 mapping provider(s):
[Architectury Transformer DEBUG]  - dev.architectury.transformer.transformers.TransformForgeEnvironment$$Lambda/0x000001de0808e008@120d3fd
[Architectury Transformer DEBUG] Remapping Classes:
[Architectury Transformer DEBUG] net/fabricmc/api/EnvType -> net/minecraftforge/api/distmarker/Dist
[Architectury Transformer DEBUG] net/fabricmc/api/Environment -> net/minecraftforge/api/distmarker/OnlyIn
[Architectury Transformer DEBUG] Found class transformer
[Architectury Transformer DEBUG] Writing com/onewhohears/dscombat/crafting/TurretUnloadRecipe with maxs=true frames=true
[Architectury Transformer DEBUG] Transformed com/onewhohears/dscombat/crafting/TurretUnloadRecipe in 3.031 ms
[Architectury Transformer DEBUG] Transforming from com/onewhohears/dscombat/crafting/VehiclePartRepairRecipe.class to com/onewhohears/dscombat/crafting/VehiclePartRepairRecipe.class with 8 transformer(s) on dev.architectury.transformer.handler.TinyRemapperPreparedTransformerHandler
[Architectury Transformer DEBUG] Remapping with 1 mapping provider(s):
[Architectury Transformer DEBUG]  - dev.architectury.transformer.transformers.TransformForgeEnvironment$$Lambda/0x000001de0808e008@120d3fd
[Architectury Transformer DEBUG] Remapping Classes:
[Architectury Transformer DEBUG] net/fabricmc/api/EnvType -> net/minecraftforge/api/distmarker/Dist
[Architectury Transformer DEBUG] net/fabricmc/api/Environment -> net/minecraftforge/api/distmarker/OnlyIn
[Architectury Transformer DEBUG] Found class transformer
[Architectury Transformer DEBUG] Writing com/onewhohears/dscombat/crafting/VehiclePartRepairRecipe with maxs=true frames=true
[Architectury Transformer DEBUG] Transformed com/onewhohears/dscombat/crafting/VehiclePartRepairRecipe in 3.839 ms
[Architectury Transformer DEBUG] Transforming from com/onewhohears/dscombat/command/argument/WeaponArgument.class to com/onewhohears/dscombat/command/argument/WeaponArgument.class with 8 transformer(s) on dev.architectury.transformer.handler.TinyRemapperPreparedTransformerHandler
[Architectury Transformer DEBUG] Remapping with 1 mapping provider(s):
[Architectury Transformer DEBUG]  - dev.architectury.transformer.transformers.TransformForgeEnvironment$$Lambda/0x000001de0808e008@120d3fd
[Architectury Transformer DEBUG] Remapping Classes:
[Architectury Transformer DEBUG] net/fabricmc/api/EnvType -> net/minecraftforge/api/distmarker/Dist
[Architectury Transformer DEBUG] net/fabricmc/api/Environment -> net/minecraftforge/api/distmarker/OnlyIn
[Architectury Transformer DEBUG] Found class transformer
[Architectury Transformer DEBUG] Writing com/onewhohears/dscombat/command/argument/WeaponArgument with maxs=true frames=true
[Architectury Transformer DEBUG] Transformed com/onewhohears/dscombat/command/argument/WeaponArgument in 5.980 ms
[Architectury Transformer DEBUG] Transforming from com/onewhohears/dscombat/command/argument/VehiclePresetArgument.class to com/onewhohears/dscombat/command/argument/VehiclePresetArgument.class with 8 transformer(s) on dev.architectury.transformer.handler.TinyRemapperPreparedTransformerHandler
[Architectury Transformer DEBUG] Remapping with 1 mapping provider(s):
[Architectury Transformer DEBUG]  - dev.architectury.transformer.transformers.TransformForgeEnvironment$$Lambda/0x000001de0808e008@120d3fd
[Architectury Transformer DEBUG] Remapping Classes:
[Architectury Transformer DEBUG] net/fabricmc/api/EnvType -> net/minecraftforge/api/distmarker/Dist
[Architectury Transformer DEBUG] net/fabricmc/api/Environment -> net/minecraftforge/api/distmarker/OnlyIn
[Architectury Transformer DEBUG] Found class transformer
[Architectury Transformer DEBUG] Writing com/onewhohears/dscombat/command/argument/VehiclePresetArgument with maxs=true frames=true
[Architectury Transformer DEBUG] Transformed com/onewhohears/dscombat/command/argument/VehiclePresetArgument in 4.280 ms
[Architectury Transformer DEBUG] Transforming from com/onewhohears/dscombat/client/particle/LargeSmokeCloudParticle$Provider.class to com/onewhohears/dscombat/client/particle/LargeSmokeCloudParticle$Provider.class with 8 transformer(s) on dev.architectury.transformer.handler.TinyRemapperPreparedTransformerHandler
[Architectury Transformer DEBUG] Remapping with 1 mapping provider(s):
[Architectury Transformer DEBUG]  - dev.architectury.transformer.transformers.TransformForgeEnvironment$$Lambda/0x000001de0808e008@120d3fd
[Architectury Transformer DEBUG] Remapping Classes:
[Architectury Transformer DEBUG] net/fabricmc/api/EnvType -> net/minecraftforge/api/distmarker/Dist
[Architectury Transformer DEBUG] net/fabricmc/api/Environment -> net/minecraftforge/api/distmarker/OnlyIn
[Architectury Transformer DEBUG] Found class transformer
[Architectury Transformer DEBUG] Writing com/onewhohears/dscombat/client/particle/LargeSmokeCloudParticle$Provider with maxs=true frames=true
[Architectury Transformer DEBUG] Transformed com/onewhohears/dscombat/client/particle/LargeSmokeCloudParticle$Provider in 3.378 ms
[Architectury Transformer DEBUG] Transforming from com/onewhohears/dscombat/client/particle/LargeSmokeCloudParticle.class to com/onewhohears/dscombat/client/particle/LargeSmokeCloudParticle.class with 8 transformer(s) on dev.architectury.transformer.handler.TinyRemapperPreparedTransformerHandler
[Architectury Transformer DEBUG] Remapping with 1 mapping provider(s):
[Architectury Transformer DEBUG]  - dev.architectury.transformer.transformers.TransformForgeEnvironment$$Lambda/0x000001de0808e008@120d3fd
[Architectury Transformer DEBUG] Remapping Classes:
[Architectury Transformer DEBUG] net/fabricmc/api/EnvType -> net/minecraftforge/api/distmarker/Dist
[Architectury Transformer DEBUG] net/fabricmc/api/Environment -> net/minecraftforge/api/distmarker/OnlyIn
[Architectury Transformer DEBUG] Found class transformer
[Architectury Transformer DEBUG] Writing com/onewhohears/dscombat/client/particle/LargeSmokeCloudParticle with maxs=true frames=true
[Architectury Transformer DEBUG] Transformed com/onewhohears/dscombat/client/particle/LargeSmokeCloudParticle in 3.364 ms
[Architectury Transformer DEBUG] Transforming from com/onewhohears/dscombat/client/particle/ShrapnelParticle$Provider.class to com/onewhohears/dscombat/client/particle/ShrapnelParticle$Provider.class with 8 transformer(s) on dev.architectury.transformer.handler.TinyRemapperPreparedTransformerHandler
[Architectury Transformer DEBUG] Remapping with 1 mapping provider(s):
[Architectury Transformer DEBUG]  - dev.architectury.transformer.transformers.TransformForgeEnvironment$$Lambda/0x000001de0808e008@120d3fd
[Architectury Transformer DEBUG] Remapping Classes:
[Architectury Transformer DEBUG] net/fabricmc/api/EnvType -> net/minecraftforge/api/distmarker/Dist
[Architectury Transformer DEBUG] net/fabricmc/api/Environment -> net/minecraftforge/api/distmarker/OnlyIn
[Architectury Transformer DEBUG] Found class transformer
[Architectury Transformer DEBUG] Writing com/onewhohears/dscombat/client/particle/ShrapnelParticle$Provider with maxs=true frames=true
[Architectury Transformer DEBUG] Transformed com/onewhohears/dscombat/client/particle/ShrapnelParticle$Provider in 5.971 ms
[Architectury Transformer DEBUG] Transforming from com/onewhohears/dscombat/client/particle/ShrapnelParticle.class to com/onewhohears/dscombat/client/particle/ShrapnelParticle.class with 8 transformer(s) on dev.architectury.transformer.handler.TinyRemapperPreparedTransformerHandler
[Architectury Transformer DEBUG] Remapping with 1 mapping provider(s):
[Architectury Transformer DEBUG]  - dev.architectury.transformer.transformers.TransformForgeEnvironment$$Lambda/0x000001de0808e008@120d3fd
[Architectury Transformer DEBUG] Remapping Classes:
[Architectury Transformer DEBUG] net/fabricmc/api/EnvType -> net/minecraftforge/api/distmarker/Dist
[Architectury Transformer DEBUG] net/fabricmc/api/Environment -> net/minecraftforge/api/distmarker/OnlyIn
[Architectury Transformer DEBUG] Found class transformer
[Architectury Transformer DEBUG] Writing com/onewhohears/dscombat/client/particle/ShrapnelParticle with maxs=true frames=true
[Architectury Transformer DEBUG] Transformed com/onewhohears/dscombat/client/particle/ShrapnelParticle in 3.039 ms
[Architectury Transformer DEBUG] Transforming from com/onewhohears/dscombat/client/particle/BigFlameParticle$Provider.class to com/onewhohears/dscombat/client/particle/BigFlameParticle$Provider.class with 8 transformer(s) on dev.architectury.transformer.handler.TinyRemapperPreparedTransformerHandler
[Architectury Transformer DEBUG] Remapping with 1 mapping provider(s):
[Architectury Transformer DEBUG]  - dev.architectury.transformer.transformers.TransformForgeEnvironment$$Lambda/0x000001de0808e008@120d3fd
[Architectury Transformer DEBUG] Remapping Classes:
[Architectury Transformer DEBUG] net/fabricmc/api/EnvType -> net/minecraftforge/api/distmarker/Dist
[Architectury Transformer DEBUG] net/fabricmc/api/Environment -> net/minecraftforge/api/distmarker/OnlyIn
[Architectury Transformer DEBUG] Found class transformer
[Architectury Transformer DEBUG] Writing com/onewhohears/dscombat/client/particle/BigFlameParticle$Provider with maxs=true frames=true
[Architectury Transformer DEBUG] Transformed com/onewhohears/dscombat/client/particle/BigFlameParticle$Provider in 2.960 ms
[Architectury Transformer DEBUG] Transforming from com/onewhohears/dscombat/client/particle/BigFlameParticle.class to com/onewhohears/dscombat/client/particle/BigFlameParticle.class with 8 transformer(s) on dev.architectury.transformer.handler.TinyRemapperPreparedTransformerHandler
[Architectury Transformer DEBUG] Remapping with 1 mapping provider(s):
[Architectury Transformer DEBUG]  - dev.architectury.transformer.transformers.TransformForgeEnvironment$$Lambda/0x000001de0808e008@120d3fd
[Architectury Transformer DEBUG] Remapping Classes:
[Architectury Transformer DEBUG] net/fabricmc/api/EnvType -> net/minecraftforge/api/distmarker/Dist
[Architectury Transformer DEBUG] net/fabricmc/api/Environment -> net/minecraftforge/api/distmarker/OnlyIn
[Architectury Transformer DEBUG] Found class transformer
[Architectury Transformer DEBUG] Writing com/onewhohears/dscombat/client/particle/BigFlameParticle with maxs=true frames=true
[Architectury Transformer DEBUG] Transformed com/onewhohears/dscombat/client/particle/BigFlameParticle in 3.189 ms
[Architectury Transformer DEBUG] Transforming from com/onewhohears/dscombat/client/particle/ContrailParticle$Provider.class to com/onewhohears/dscombat/client/particle/ContrailParticle$Provider.class with 8 transformer(s) on dev.architectury.transformer.handler.TinyRemapperPreparedTransformerHandler
[Architectury Transformer DEBUG] Remapping with 1 mapping provider(s):
[Architectury Transformer DEBUG]  - dev.architectury.transformer.transformers.TransformForgeEnvironment$$Lambda/0x000001de0808e008@120d3fd
[Architectury Transformer DEBUG] Remapping Classes:
[Architectury Transformer DEBUG] net/fabricmc/api/EnvType -> net/minecraftforge/api/distmarker/Dist
[Architectury Transformer DEBUG] net/fabricmc/api/Environment -> net/minecraftforge/api/distmarker/OnlyIn
[Architectury Transformer DEBUG] Found class transformer
[Architectury Transformer DEBUG] Writing com/onewhohears/dscombat/client/particle/ContrailParticle$Provider with maxs=true frames=true
[Architectury Transformer DEBUG] Transformed com/onewhohears/dscombat/client/particle/ContrailParticle$Provider in 4.285 ms
[Architectury Transformer DEBUG] Transforming from com/onewhohears/dscombat/client/particle/ContrailParticle.class to com/onewhohears/dscombat/client/particle/ContrailParticle.class with 8 transformer(s) on dev.architectury.transformer.handler.TinyRemapperPreparedTransformerHandler
[Architectury Transformer DEBUG] Remapping with 1 mapping provider(s):
[Architectury Transformer DEBUG]  - dev.architectury.transformer.transformers.TransformForgeEnvironment$$Lambda/0x000001de0808e008@120d3fd
[Architectury Transformer DEBUG] Remapping Classes:
[Architectury Transformer DEBUG] net/fabricmc/api/EnvType -> net/minecraftforge/api/distmarker/Dist
[Architectury Transformer DEBUG] net/fabricmc/api/Environment -> net/minecraftforge/api/distmarker/OnlyIn
[Architectury Transformer DEBUG] Found class transformer
[Architectury Transformer DEBUG] Writing com/onewhohears/dscombat/client/particle/ContrailParticle with maxs=true frames=true
[Architectury Transformer DEBUG] Transformed com/onewhohears/dscombat/client/particle/ContrailParticle in 3.246 ms
[Architectury Transformer DEBUG] Transforming from com/onewhohears/dscombat/client/particle/AfterBurnerParticle$Provider.class to com/onewhohears/dscombat/client/particle/AfterBurnerParticle$Provider.class with 8 transformer(s) on dev.architectury.transformer.handler.TinyRemapperPreparedTransformerHandler
[Architectury Transformer DEBUG] Remapping with 1 mapping provider(s):
[Architectury Transformer DEBUG]  - dev.architectury.transformer.transformers.TransformForgeEnvironment$$Lambda/0x000001de0808e008@120d3fd
[Architectury Transformer DEBUG] Remapping Classes:
[Architectury Transformer DEBUG] net/fabricmc/api/EnvType -> net/minecraftforge/api/distmarker/Dist
[Architectury Transformer DEBUG] net/fabricmc/api/Environment -> net/minecraftforge/api/distmarker/OnlyIn
[Architectury Transformer DEBUG] Found class transformer
[Architectury Transformer DEBUG] Writing com/onewhohears/dscombat/client/particle/AfterBurnerParticle$Provider with maxs=true frames=true
[Architectury Transformer DEBUG] Transformed com/onewhohears/dscombat/client/particle/AfterBurnerParticle$Provider in 2.980 ms
[Architectury Transformer DEBUG] Transforming from com/onewhohears/dscombat/client/particle/AfterBurnerParticle.class to com/onewhohears/dscombat/client/particle/AfterBurnerParticle.class with 8 transformer(s) on dev.architectury.transformer.handler.TinyRemapperPreparedTransformerHandler
[Architectury Transformer DEBUG] Remapping with 1 mapping provider(s):
[Architectury Transformer DEBUG]  - dev.architectury.transformer.transformers.TransformForgeEnvironment$$Lambda/0x000001de0808e008@120d3fd
[Architectury Transformer DEBUG] Remapping Classes:
[Architectury Transformer DEBUG] net/fabricmc/api/EnvType -> net/minecraftforge/api/distmarker/Dist
[Architectury Transformer DEBUG] net/fabricmc/api/Environment -> net/minecraftforge/api/distmarker/OnlyIn
[Architectury Transformer DEBUG] Found class transformer
[Architectury Transformer DEBUG] Writing com/onewhohears/dscombat/client/particle/AfterBurnerParticle with maxs=true frames=true
[Architectury Transformer DEBUG] Transformed com/onewhohears/dscombat/client/particle/AfterBurnerParticle in 2.620 ms
[Architectury Transformer DEBUG] Transforming from com/onewhohears/dscombat/client/particle/FlareParticle$Provider.class to com/onewhohears/dscombat/client/particle/FlareParticle$Provider.class with 8 transformer(s) on dev.architectury.transformer.handler.TinyRemapperPreparedTransformerHandler
[Architectury Transformer DEBUG] Remapping with 1 mapping provider(s):
[Architectury Transformer DEBUG]  - dev.architectury.transformer.transformers.TransformForgeEnvironment$$Lambda/0x000001de0808e008@120d3fd
[Architectury Transformer DEBUG] Remapping Classes:
[Architectury Transformer DEBUG] net/fabricmc/api/EnvType -> net/minecraftforge/api/distmarker/Dist
[Architectury Transformer DEBUG] net/fabricmc/api/Environment -> net/minecraftforge/api/distmarker/OnlyIn
[Architectury Transformer DEBUG] Found class transformer
[Architectury Transformer DEBUG] Writing com/onewhohears/dscombat/client/particle/FlareParticle$Provider with maxs=true frames=true
[Architectury Transformer DEBUG] Transformed com/onewhohears/dscombat/client/particle/FlareParticle$Provider in 2.822 ms
[Architectury Transformer DEBUG] Transforming from com/onewhohears/dscombat/client/particle/FlareParticle.class to com/onewhohears/dscombat/client/particle/FlareParticle.class with 8 transformer(s) on dev.architectury.transformer.handler.TinyRemapperPreparedTransformerHandler
[Architectury Transformer DEBUG] Remapping with 1 mapping provider(s):
[Architectury Transformer DEBUG]  - dev.architectury.transformer.transformers.TransformForgeEnvironment$$Lambda/0x000001de0808e008@120d3fd
[Architectury Transformer DEBUG] Remapping Classes:
[Architectury Transformer DEBUG] net/fabricmc/api/EnvType -> net/minecraftforge/api/distmarker/Dist
[Architectury Transformer DEBUG] net/fabricmc/api/Environment -> net/minecraftforge/api/distmarker/OnlyIn
[Architectury Transformer DEBUG] Found class transformer
[Architectury Transformer DEBUG] Writing com/onewhohears/dscombat/client/particle/FlareParticle with maxs=true frames=true
[Architectury Transformer DEBUG] Transformed com/onewhohears/dscombat/client/particle/FlareParticle in 3.327 ms
[Architectury Transformer DEBUG] Transforming from com/onewhohears/dscombat/client/particle/TracerParticle$Provider.class to com/onewhohears/dscombat/client/particle/TracerParticle$Provider.class with 8 transformer(s) on dev.architectury.transformer.handler.TinyRemapperPreparedTransformerHandler
[Architectury Transformer DEBUG] Remapping with 1 mapping provider(s):
[Architectury Transformer DEBUG]  - dev.architectury.transformer.transformers.TransformForgeEnvironment$$Lambda/0x000001de0808e008@120d3fd
[Architectury Transformer DEBUG] Remapping Classes:
[Architectury Transformer DEBUG] net/fabricmc/api/EnvType -> net/minecraftforge/api/distmarker/Dist
[Architectury Transformer DEBUG] net/fabricmc/api/Environment -> net/minecraftforge/api/distmarker/OnlyIn
[Architectury Transformer DEBUG] Found class transformer
[Architectury Transformer DEBUG] Writing com/onewhohears/dscombat/client/particle/TracerParticle$Provider with maxs=true frames=true
[Architectury Transformer DEBUG] Transformed com/onewhohears/dscombat/client/particle/TracerParticle$Provider in 2.879 ms
[Architectury Transformer DEBUG] Transforming from com/onewhohears/dscombat/client/particle/TracerParticle.class to com/onewhohears/dscombat/client/particle/TracerParticle.class with 8 transformer(s) on dev.architectury.transformer.handler.TinyRemapperPreparedTransformerHandler
[Architectury Transformer DEBUG] Remapping with 1 mapping provider(s):
[Architectury Transformer DEBUG]  - dev.architectury.transformer.transformers.TransformForgeEnvironment$$Lambda/0x000001de0808e008@120d3fd
[Architectury Transformer DEBUG] Remapping Classes:
[Architectury Transformer DEBUG] net/fabricmc/api/EnvType -> net/minecraftforge/api/distmarker/Dist
[Architectury Transformer DEBUG] net/fabricmc/api/Environment -> net/minecraftforge/api/distmarker/OnlyIn
[Architectury Transformer DEBUG] Found class transformer
[Architectury Transformer DEBUG] Writing com/onewhohears/dscombat/client/particle/TracerParticle with maxs=true frames=true
[Architectury Transformer DEBUG] Transformed com/onewhohears/dscombat/client/particle/TracerParticle in 3.318 ms
[Architectury Transformer DEBUG] Transforming from com/onewhohears/dscombat/client/particle/TankDustParticle$Provider.class to com/onewhohears/dscombat/client/particle/TankDustParticle$Provider.class with 8 transformer(s) on dev.architectury.transformer.handler.TinyRemapperPreparedTransformerHandler
[Architectury Transformer DEBUG] Remapping with 1 mapping provider(s):
[Architectury Transformer DEBUG]  - dev.architectury.transformer.transformers.TransformForgeEnvironment$$Lambda/0x000001de0808e008@120d3fd
[Architectury Transformer DEBUG] Remapping Classes:
[Architectury Transformer DEBUG] net/fabricmc/api/EnvType -> net/minecraftforge/api/distmarker/Dist
[Architectury Transformer DEBUG] net/fabricmc/api/Environment -> net/minecraftforge/api/distmarker/OnlyIn
[Architectury Transformer DEBUG] Found class transformer
[Architectury Transformer DEBUG] Writing com/onewhohears/dscombat/client/particle/TankDustParticle$Provider with maxs=true frames=true
[Architectury Transformer DEBUG] Transformed com/onewhohears/dscombat/client/particle/TankDustParticle$Provider in 3.060 ms
[Architectury Transformer DEBUG] Transforming from com/onewhohears/dscombat/client/particle/TankDustParticle.class to com/onewhohears/dscombat/client/particle/TankDustParticle.class with 8 transformer(s) on dev.architectury.transformer.handler.TinyRemapperPreparedTransformerHandler
[Architectury Transformer DEBUG] Remapping with 1 mapping provider(s):
[Architectury Transformer DEBUG]  - dev.architectury.transformer.transformers.TransformForgeEnvironment$$Lambda/0x000001de0808e008@120d3fd
[Architectury Transformer DEBUG] Remapping Classes:
[Architectury Transformer DEBUG] net/fabricmc/api/EnvType -> net/minecraftforge/api/distmarker/Dist
[Architectury Transformer DEBUG] net/fabricmc/api/Environment -> net/minecraftforge/api/distmarker/OnlyIn
[Architectury Transformer DEBUG] Found class transformer
[Architectury Transformer DEBUG] Writing com/onewhohears/dscombat/client/particle/TankDustParticle with maxs=true frames=true
[Architectury Transformer DEBUG] Transformed com/onewhohears/dscombat/client/particle/TankDustParticle in 3.883 ms
[Architectury Transformer DEBUG] Transforming from com/onewhohears/dscombat/client/particle/SmokeGrenadeParticle$Provider.class to com/onewhohears/dscombat/client/particle/SmokeGrenadeParticle$Provider.class with 8 transformer(s) on dev.architectury.transformer.handler.TinyRemapperPreparedTransformerHandler
[Architectury Transformer DEBUG] Remapping with 1 mapping provider(s):
[Architectury Transformer DEBUG]  - dev.architectury.transformer.transformers.TransformForgeEnvironment$$Lambda/0x000001de0808e008@120d3fd
[Architectury Transformer DEBUG] Remapping Classes:
[Architectury Transformer DEBUG] net/fabricmc/api/EnvType -> net/minecraftforge/api/distmarker/Dist
[Architectury Transformer DEBUG] net/fabricmc/api/Environment -> net/minecraftforge/api/distmarker/OnlyIn
[Architectury Transformer DEBUG] Found class transformer
[Architectury Transformer DEBUG] Writing com/onewhohears/dscombat/client/particle/SmokeGrenadeParticle$Provider with maxs=true frames=true
[Architectury Transformer DEBUG] Transformed com/onewhohears/dscombat/client/particle/SmokeGrenadeParticle$Provider in 2.951 ms
[Architectury Transformer DEBUG] Transforming from com/onewhohears/dscombat/client/particle/SmokeGrenadeParticle.class to com/onewhohears/dscombat/client/particle/SmokeGrenadeParticle.class with 8 transformer(s) on dev.architectury.transformer.handler.TinyRemapperPreparedTransformerHandler
[Architectury Transformer DEBUG] Remapping with 1 mapping provider(s):
[Architectury Transformer DEBUG]  - dev.architectury.transformer.transformers.TransformForgeEnvironment$$Lambda/0x000001de0808e008@120d3fd
[Architectury Transformer DEBUG] Remapping Classes:
[Architectury Transformer DEBUG] net/fabricmc/api/EnvType -> net/minecraftforge/api/distmarker/Dist
[Architectury Transformer DEBUG] net/fabricmc/api/Environment -> net/minecraftforge/api/distmarker/OnlyIn
[Architectury Transformer DEBUG] Found class transformer
[Architectury Transformer DEBUG] Writing com/onewhohears/dscombat/client/particle/SmokeGrenadeParticle with maxs=true frames=true
[Architectury Transformer DEBUG] Transformed com/onewhohears/dscombat/client/particle/SmokeGrenadeParticle in 2.383 ms
[Architectury Transformer DEBUG] Transforming from com/onewhohears/dscombat/client/particle/HeatDistortionParticle$Provider.class to com/onewhohears/dscombat/client/particle/HeatDistortionParticle$Provider.class with 8 transformer(s) on dev.architectury.transformer.handler.TinyRemapperPreparedTransformerHandler
[Architectury Transformer DEBUG] Remapping with 1 mapping provider(s):
[Architectury Transformer DEBUG]  - dev.architectury.transformer.transformers.TransformForgeEnvironment$$Lambda/0x000001de0808e008@120d3fd
[Architectury Transformer DEBUG] Remapping Classes:
[Architectury Transformer DEBUG] net/fabricmc/api/EnvType -> net/minecraftforge/api/distmarker/Dist
[Architectury Transformer DEBUG] net/fabricmc/api/Environment -> net/minecraftforge/api/distmarker/OnlyIn
[Architectury Transformer DEBUG] Found class transformer
[Architectury Transformer DEBUG] Writing com/onewhohears/dscombat/client/particle/HeatDistortionParticle$Provider with maxs=true frames=true
[Architectury Transformer DEBUG] Transformed com/onewhohears/dscombat/client/particle/HeatDistortionParticle$Provider in 3.831 ms
[Architectury Transformer DEBUG] Transforming from com/onewhohears/dscombat/client/particle/HeatDistortionParticle.class to com/onewhohears/dscombat/client/particle/HeatDistortionParticle.class with 8 transformer(s) on dev.architectury.transformer.handler.TinyRemapperPreparedTransformerHandler
[Architectury Transformer DEBUG] Remapping with 1 mapping provider(s):
[Architectury Transformer DEBUG]  - dev.architectury.transformer.transformers.TransformForgeEnvironment$$Lambda/0x000001de0808e008@120d3fd
[Architectury Transformer DEBUG] Remapping Classes:
[Architectury Transformer DEBUG] net/fabricmc/api/EnvType -> net/minecraftforge/api/distmarker/Dist
[Architectury Transformer DEBUG] net/fabricmc/api/Environment -> net/minecraftforge/api/distmarker/OnlyIn
[Architectury Transformer DEBUG] Found class transformer
[Architectury Transformer DEBUG] Writing com/onewhohears/dscombat/client/particle/HeatDistortionParticle with maxs=true frames=true
[Architectury Transformer DEBUG] Transformed com/onewhohears/dscombat/client/particle/HeatDistortionParticle in 3.508 ms
[Architectury Transformer DEBUG] Transforming from com/onewhohears/dscombat/client/particle/ExplosionCoreParticle$Provider.class to com/onewhohears/dscombat/client/particle/ExplosionCoreParticle$Provider.class with 8 transformer(s) on dev.architectury.transformer.handler.TinyRemapperPreparedTransformerHandler
[Architectury Transformer DEBUG] Remapping with 1 mapping provider(s):
[Architectury Transformer DEBUG]  - dev.architectury.transformer.transformers.TransformForgeEnvironment$$Lambda/0x000001de0808e008@120d3fd
[Architectury Transformer DEBUG] Remapping Classes:
[Architectury Transformer DEBUG] net/fabricmc/api/EnvType -> net/minecraftforge/api/distmarker/Dist
[Architectury Transformer DEBUG] net/fabricmc/api/Environment -> net/minecraftforge/api/distmarker/OnlyIn
[Architectury Transformer DEBUG] Found class transformer
[Architectury Transformer DEBUG] Writing com/onewhohears/dscombat/client/particle/ExplosionCoreParticle$Provider with maxs=true frames=true
[Architectury Transformer DEBUG] Transformed com/onewhohears/dscombat/client/particle/ExplosionCoreParticle$Provider in 4.016 ms
[Architectury Transformer DEBUG] Transforming from com/onewhohears/dscombat/client/particle/ExplosionCoreParticle.class to com/onewhohears/dscombat/client/particle/ExplosionCoreParticle.class with 8 transformer(s) on dev.architectury.transformer.handler.TinyRemapperPreparedTransformerHandler
[Architectury Transformer DEBUG] Remapping with 1 mapping provider(s):
[Architectury Transformer DEBUG]  - dev.architectury.transformer.transformers.TransformForgeEnvironment$$Lambda/0x000001de0808e008@120d3fd
[Architectury Transformer DEBUG] Remapping Classes:
[Architectury Transformer DEBUG] net/fabricmc/api/EnvType -> net/minecraftforge/api/distmarker/Dist
[Architectury Transformer DEBUG] net/fabricmc/api/Environment -> net/minecraftforge/api/distmarker/OnlyIn
[Architectury Transformer DEBUG] Found class transformer
[Architectury Transformer DEBUG] Writing com/onewhohears/dscombat/client/particle/ExplosionCoreParticle with maxs=true frames=true
[Architectury Transformer DEBUG] Transformed com/onewhohears/dscombat/client/particle/ExplosionCoreParticle in 2.627 ms
[Architectury Transformer DEBUG] Transforming from com/onewhohears/dscombat/client/particle/ExplosionSmokeParticle$Provider.class to com/onewhohears/dscombat/client/particle/ExplosionSmokeParticle$Provider.class with 8 transformer(s) on dev.architectury.transformer.handler.TinyRemapperPreparedTransformerHandler
[Architectury Transformer DEBUG] Remapping with 1 mapping provider(s):
[Architectury Transformer DEBUG]  - dev.architectury.transformer.transformers.TransformForgeEnvironment$$Lambda/0x000001de0808e008@120d3fd
[Architectury Transformer DEBUG] Remapping Classes:
[Architectury Transformer DEBUG] net/fabricmc/api/EnvType -> net/minecraftforge/api/distmarker/Dist
[Architectury Transformer DEBUG] net/fabricmc/api/Environment -> net/minecraftforge/api/distmarker/OnlyIn
[Architectury Transformer DEBUG] Found class transformer
[Architectury Transformer DEBUG] Writing com/onewhohears/dscombat/client/particle/ExplosionSmokeParticle$Provider with maxs=true frames=true
[Architectury Transformer DEBUG] Transformed com/onewhohears/dscombat/client/particle/ExplosionSmokeParticle$Provider in 3.602 ms
[Architectury Transformer DEBUG] Transforming from com/onewhohears/dscombat/client/particle/ExplosionSmokeParticle.class to com/onewhohears/dscombat/client/particle/ExplosionSmokeParticle.class with 8 transformer(s) on dev.architectury.transformer.handler.TinyRemapperPreparedTransformerHandler
[Architectury Transformer DEBUG] Remapping with 1 mapping provider(s):
[Architectury Transformer DEBUG]  - dev.architectury.transformer.transformers.TransformForgeEnvironment$$Lambda/0x000001de0808e008@120d3fd
[Architectury Transformer DEBUG] Remapping Classes:
[Architectury Transformer DEBUG] net/fabricmc/api/EnvType -> net/minecraftforge/api/distmarker/Dist
[Architectury Transformer DEBUG] net/fabricmc/api/Environment -> net/minecraftforge/api/distmarker/OnlyIn
[Architectury Transformer DEBUG] Found class transformer
[Architectury Transformer DEBUG] Writing com/onewhohears/dscombat/client/particle/ExplosionSmokeParticle with maxs=true frames=true
[Architectury Transformer DEBUG] Transformed com/onewhohears/dscombat/client/particle/ExplosionSmokeParticle in 3.204 ms
[Architectury Transformer DEBUG] Transforming from com/onewhohears/dscombat/data/weapon/RadarTargetTypes.class to com/onewhohears/dscombat/data/weapon/RadarTargetTypes.class with 8 transformer(s) on dev.architectury.transformer.handler.TinyRemapperPreparedTransformerHandler
[Architectury Transformer DEBUG] Remapping with 1 mapping provider(s):
[Architectury Transformer DEBUG]  - dev.architectury.transformer.transformers.TransformForgeEnvironment$$Lambda/0x000001de0808e008@120d3fd
[Architectury Transformer DEBUG] Remapping Classes:
[Architectury Transformer DEBUG] net/fabricmc/api/EnvType -> net/minecraftforge/api/distmarker/Dist
[Architectury Transformer DEBUG] net/fabricmc/api/Environment -> net/minecraftforge/api/distmarker/OnlyIn
[Architectury Transformer DEBUG] Found class transformer
[Architectury Transformer DEBUG] Writing com/onewhohears/dscombat/data/weapon/RadarTargetTypes with maxs=true frames=true
[Architectury Transformer DEBUG] Transformed com/onewhohears/dscombat/data/weapon/RadarTargetTypes in 6.525 ms
[Architectury Transformer DEBUG] Transforming from com/onewhohears/dscombat/data/graph/StatGraphs.class to com/onewhohears/dscombat/data/graph/StatGraphs.class with 8 transformer(s) on dev.architectury.transformer.handler.TinyRemapperPreparedTransformerHandler
[Architectury Transformer DEBUG] Remapping with 1 mapping provider(s):
[Architectury Transformer DEBUG]  - dev.architectury.transformer.transformers.TransformForgeEnvironment$$Lambda/0x000001de0808e008@120d3fd
[Architectury Transformer DEBUG] Remapping Classes:
[Architectury Transformer DEBUG] net/fabricmc/api/EnvType -> net/minecraftforge/api/distmarker/Dist
[Architectury Transformer DEBUG] net/fabricmc/api/Environment -> net/minecraftforge/api/distmarker/OnlyIn
[Architectury Transformer DEBUG] Found class transformer
[Architectury Transformer DEBUG] Writing com/onewhohears/dscombat/data/graph/StatGraphs with maxs=true frames=true
[Architectury Transformer DEBUG] Transformed com/onewhohears/dscombat/data/graph/StatGraphs in 27.56 ms
[Architectury Transformer DEBUG] Transforming from com/onewhohears/dscombat/data/graph/Graph.class to com/onewhohears/dscombat/data/graph/Graph.class with 8 transformer(s) on dev.architectury.transformer.handler.TinyRemapperPreparedTransformerHandler
[Architectury Transformer DEBUG] Remapping with 1 mapping provider(s):
[Architectury Transformer DEBUG]  - dev.architectury.transformer.transformers.TransformForgeEnvironment$$Lambda/0x000001de0808e008@120d3fd
[Architectury Transformer DEBUG] Remapping Classes:
[Architectury Transformer DEBUG] net/fabricmc/api/EnvType -> net/minecraftforge/api/distmarker/Dist
[Architectury Transformer DEBUG] net/fabricmc/api/Environment -> net/minecraftforge/api/distmarker/OnlyIn
[Architectury Transformer DEBUG] Found class transformer
[Architectury Transformer DEBUG] Writing com/onewhohears/dscombat/data/graph/Graph with maxs=true frames=true
[Architectury Transformer DEBUG] Transformed com/onewhohears/dscombat/data/graph/Graph in 33.33 ms
[Architectury Transformer DEBUG] Transforming from com/onewhohears/dscombat/data/graph/GraphType.class to com/onewhohears/dscombat/data/graph/GraphType.class with 8 transformer(s) on dev.architectury.transformer.handler.TinyRemapperPreparedTransformerHandler
[Architectury Transformer DEBUG] Remapping with 1 mapping provider(s):
[Architectury Transformer DEBUG]  - dev.architectury.transformer.transformers.TransformForgeEnvironment$$Lambda/0x000001de0808e008@120d3fd
[Architectury Transformer DEBUG] Remapping Classes:
[Architectury Transformer DEBUG] net/fabricmc/api/EnvType -> net/minecraftforge/api/distmarker/Dist
[Architectury Transformer DEBUG] net/fabricmc/api/Environment -> net/minecraftforge/api/distmarker/OnlyIn
[Architectury Transformer DEBUG] Found class transformer
[Architectury Transformer DEBUG] Writing com/onewhohears/dscombat/data/graph/GraphType with maxs=true frames=true
[Architectury Transformer DEBUG] Transformed com/onewhohears/dscombat/data/graph/GraphType in 45.40 ms
[Architectury Transformer DEBUG] Transforming from com/onewhohears/dscombat/data/graph/GraphType$FloatFloat.class to com/onewhohears/dscombat/data/graph/GraphType$FloatFloat.class with 8 transformer(s) on dev.architectury.transformer.handler.TinyRemapperPreparedTransformerHandler
[Architectury Transformer DEBUG] Remapping with 1 mapping provider(s):
[Architectury Transformer DEBUG]  - dev.architectury.transformer.transformers.TransformForgeEnvironment$$Lambda/0x000001de0808e008@120d3fd
[Architectury Transformer DEBUG] Remapping Classes:
[Architectury Transformer DEBUG] net/fabricmc/api/EnvType -> net/minecraftforge/api/distmarker/Dist
[Architectury Transformer DEBUG] net/fabricmc/api/Environment -> net/minecraftforge/api/distmarker/OnlyIn
[Architectury Transformer DEBUG] Found class transformer
[Architectury Transformer DEBUG] Writing com/onewhohears/dscombat/data/graph/GraphType$FloatFloat with maxs=true frames=true
[Architectury Transformer DEBUG] Transformed com/onewhohears/dscombat/data/graph/GraphType$FloatFloat in 19.77 ms
[Architectury Transformer DEBUG] Transforming from com/onewhohears/dscombat/data/graph/GraphType$AoaLiftK.class to com/onewhohears/dscombat/data/graph/GraphType$AoaLiftK.class with 8 transformer(s) on dev.architectury.transformer.handler.TinyRemapperPreparedTransformerHandler
[Architectury Transformer DEBUG] Remapping with 1 mapping provider(s):
[Architectury Transformer DEBUG]  - dev.architectury.transformer.transformers.TransformForgeEnvironment$$Lambda/0x000001de0808e008@120d3fd
[Architectury Transformer DEBUG] Remapping Classes:
[Architectury Transformer DEBUG] net/fabricmc/api/EnvType -> net/minecraftforge/api/distmarker/Dist
[Architectury Transformer DEBUG] net/fabricmc/api/Environment -> net/minecraftforge/api/distmarker/OnlyIn
[Architectury Transformer DEBUG] Found class transformer
[Architectury Transformer DEBUG] Writing com/onewhohears/dscombat/data/graph/GraphType$AoaLiftK with maxs=true frames=true
[Architectury Transformer DEBUG] Transformed com/onewhohears/dscombat/data/graph/GraphType$AoaLiftK in 8.862 ms
[Architectury Transformer DEBUG] Transforming from com/onewhohears/dscombat/data/graph/GraphType$FloatFloatMulti.class to com/onewhohears/dscombat/data/graph/GraphType$FloatFloatMulti.class with 8 transformer(s) on dev.architectury.transformer.handler.TinyRemapperPreparedTransformerHandler
[Architectury Transformer DEBUG] Remapping with 1 mapping provider(s):
[Architectury Transformer DEBUG]  - dev.architectury.transformer.transformers.TransformForgeEnvironment$$Lambda/0x000001de0808e008@120d3fd
[Architectury Transformer DEBUG] Remapping Classes:
[Architectury Transformer DEBUG] net/fabricmc/api/EnvType -> net/minecraftforge/api/distmarker/Dist
[Architectury Transformer DEBUG] net/fabricmc/api/Environment -> net/minecraftforge/api/distmarker/OnlyIn
[Architectury Transformer DEBUG] Found class transformer
[Architectury Transformer DEBUG] Writing com/onewhohears/dscombat/data/graph/GraphType$FloatFloatMulti with maxs=true frames=true
[Architectury Transformer DEBUG] Transformed com/onewhohears/dscombat/data/graph/GraphType$FloatFloatMulti in 27.47 ms
[Architectury Transformer DEBUG] Transforming from com/onewhohears/dscombat/data/graph/GraphType$TurnRatesBySpeed.class to com/onewhohears/dscombat/data/graph/GraphType$TurnRatesBySpeed.class with 8 transformer(s) on dev.architectury.transformer.handler.TinyRemapperPreparedTransformerHandler
[Architectury Transformer DEBUG] Remapping with 1 mapping provider(s):
[Architectury Transformer DEBUG]  - dev.architectury.transformer.transformers.TransformForgeEnvironment$$Lambda/0x000001de0808e008@120d3fd
[Architectury Transformer DEBUG] Remapping Classes:
[Architectury Transformer DEBUG] net/fabricmc/api/EnvType -> net/minecraftforge/api/distmarker/Dist
[Architectury Transformer DEBUG] net/fabricmc/api/Environment -> net/minecraftforge/api/distmarker/OnlyIn
[Architectury Transformer DEBUG] Found class transformer
[Architectury Transformer DEBUG] Writing com/onewhohears/dscombat/data/graph/GraphType$TurnRatesBySpeed with maxs=true frames=true
[Architectury Transformer DEBUG] Transformed com/onewhohears/dscombat/data/graph/GraphType$TurnRatesBySpeed in 13.53 ms
[Architectury Transformer DEBUG] Transforming from com/onewhohears/dscombat/data/graph/GraphType$SeaLevels.class to com/onewhohears/dscombat/data/graph/GraphType$SeaLevels.class with 8 transformer(s) on dev.architectury.transformer.handler.TinyRemapperPreparedTransformerHandler
[Architectury Transformer DEBUG] Remapping with 1 mapping provider(s):
[Architectury Transformer DEBUG]  - dev.architectury.transformer.transformers.TransformForgeEnvironment$$Lambda/0x000001de0808e008@120d3fd
[Architectury Transformer DEBUG] Remapping Classes:
[Architectury Transformer DEBUG] net/fabricmc/api/EnvType -> net/minecraftforge/api/distmarker/Dist
[Architectury Transformer DEBUG] net/fabricmc/api/Environment -> net/minecraftforge/api/distmarker/OnlyIn
[Architectury Transformer DEBUG] Found class transformer
[Architectury Transformer DEBUG] Writing com/onewhohears/dscombat/data/graph/GraphType$SeaLevels with maxs=true frames=true
[Architectury Transformer DEBUG] Transformed com/onewhohears/dscombat/data/graph/GraphType$SeaLevels in 18.16 ms
[Architectury Transformer DEBUG] Transforming from com/onewhohears/dscombat/data/radar/RadarPresets.class to com/onewhohears/dscombat/data/radar/RadarPresets.class with 8 transformer(s) on dev.architectury.transformer.handler.TinyRemapperPreparedTransformerHandler
[Architectury Transformer DEBUG] Remapping with 1 mapping provider(s):
[Architectury Transformer DEBUG]  - dev.architectury.transformer.transformers.TransformForgeEnvironment$$Lambda/0x000001de0808e008@120d3fd
[Architectury Transformer DEBUG] Remapping Classes:
[Architectury Transformer DEBUG] net/fabricmc/api/EnvType -> net/minecraftforge/api/distmarker/Dist
[Architectury Transformer DEBUG] net/fabricmc/api/Environment -> net/minecraftforge/api/distmarker/OnlyIn
[Architectury Transformer DEBUG] Found class transformer
[Architectury Transformer DEBUG] Writing com/onewhohears/dscombat/data/radar/RadarPresets with maxs=true frames=true
[Architectury Transformer DEBUG] Transformed com/onewhohears/dscombat/data/radar/RadarPresets in 13.32 ms
[Architectury Transformer DEBUG] Transforming from com/onewhohears/dscombat/data/radar/RadarStats.class to com/onewhohears/dscombat/data/radar/RadarStats.class with 8 transformer(s) on dev.architectury.transformer.handler.TinyRemapperPreparedTransformerHandler
[Architectury Transformer DEBUG] Remapping with 1 mapping provider(s):
[Architectury Transformer DEBUG]  - dev.architectury.transformer.transformers.TransformForgeEnvironment$$Lambda/0x000001de0808e008@120d3fd
[Architectury Transformer DEBUG] Remapping Classes:
[Architectury Transformer DEBUG] net/fabricmc/api/EnvType -> net/minecraftforge/api/distmarker/Dist
[Architectury Transformer DEBUG] net/fabricmc/api/Environment -> net/minecraftforge/api/distmarker/OnlyIn
[Architectury Transformer DEBUG] Found class transformer
[Architectury Transformer DEBUG] Writing com/onewhohears/dscombat/data/radar/RadarStats with maxs=true frames=true
[Architectury Transformer DEBUG] Transformed com/onewhohears/dscombat/data/radar/RadarStats in 17.99 ms
[Architectury Transformer DEBUG] Transforming from com/onewhohears/dscombat/data/radar/RadarType.class to com/onewhohears/dscombat/data/radar/RadarType.class with 8 transformer(s) on dev.architectury.transformer.handler.TinyRemapperPreparedTransformerHandler
[Architectury Transformer DEBUG] Remapping with 1 mapping provider(s):
[Architectury Transformer DEBUG]  - dev.architectury.transformer.transformers.TransformForgeEnvironment$$Lambda/0x000001de0808e008@120d3fd
[Architectury Transformer DEBUG] Remapping Classes:
[Architectury Transformer DEBUG] net/fabricmc/api/EnvType -> net/minecraftforge/api/distmarker/Dist
[Architectury Transformer DEBUG] net/fabricmc/api/Environment -> net/minecraftforge/api/distmarker/OnlyIn
[Architectury Transformer DEBUG] Found class transformer
[Architectury Transformer DEBUG] Writing com/onewhohears/dscombat/data/radar/RadarType with maxs=true frames=true
[Architectury Transformer DEBUG] Transformed com/onewhohears/dscombat/data/radar/RadarType in 16.45 ms
[Architectury Transformer DEBUG] Transforming from com/onewhohears/dscombat/data/radar/RadarType$Standard.class to com/onewhohears/dscombat/data/radar/RadarType$Standard.class with 8 transformer(s) on dev.architectury.transformer.handler.TinyRemapperPreparedTransformerHandler
[Architectury Transformer DEBUG] Remapping with 1 mapping provider(s):
[Architectury Transformer DEBUG]  - dev.architectury.transformer.transformers.TransformForgeEnvironment$$Lambda/0x000001de0808e008@120d3fd
[Architectury Transformer DEBUG] Remapping Classes:
[Architectury Transformer DEBUG] net/fabricmc/api/EnvType -> net/minecraftforge/api/distmarker/Dist
[Architectury Transformer DEBUG] net/fabricmc/api/Environment -> net/minecraftforge/api/distmarker/OnlyIn
[Architectury Transformer DEBUG] Found class transformer
[Architectury Transformer DEBUG] Writing com/onewhohears/dscombat/data/radar/RadarType$Standard with maxs=true frames=true
[Architectury Transformer DEBUG] Transformed com/onewhohears/dscombat/data/radar/RadarType$Standard in 12.38 ms
[Architectury Transformer DEBUG] Transforming from com/onewhohears/dscombat/data/graph/FloatFloatGraph.class to com/onewhohears/dscombat/data/graph/FloatFloatGraph.class with 8 transformer(s) on dev.architectury.transformer.handler.TinyRemapperPreparedTransformerHandler
[Architectury Transformer DEBUG] Remapping with 1 mapping provider(s):
[Architectury Transformer DEBUG]  - dev.architectury.transformer.transformers.TransformForgeEnvironment$$Lambda/0x000001de0808e008@120d3fd
[Architectury Transformer DEBUG] Remapping Classes:
[Architectury Transformer DEBUG] net/fabricmc/api/EnvType -> net/minecraftforge/api/distmarker/Dist
[Architectury Transformer DEBUG] net/fabricmc/api/Environment -> net/minecraftforge/api/distmarker/OnlyIn
[Architectury Transformer DEBUG] Found class transformer
[Architectury Transformer DEBUG] Writing com/onewhohears/dscombat/data/graph/FloatFloatGraph with maxs=true frames=true
[Architectury Transformer DEBUG] Transformed com/onewhohears/dscombat/data/graph/FloatFloatGraph in 11.64 ms
[Architectury Transformer DEBUG] Transforming from com/onewhohears/dscombat/data/graph/AoaLiftKGraph.class to com/onewhohears/dscombat/data/graph/AoaLiftKGraph.class with 8 transformer(s) on dev.architectury.transformer.handler.TinyRemapperPreparedTransformerHandler
[Architectury Transformer DEBUG] Remapping with 1 mapping provider(s):
[Architectury Transformer DEBUG]  - dev.architectury.transformer.transformers.TransformForgeEnvironment$$Lambda/0x000001de0808e008@120d3fd
[Architectury Transformer DEBUG] Remapping Classes:
[Architectury Transformer DEBUG] net/fabricmc/api/EnvType -> net/minecraftforge/api/distmarker/Dist
[Architectury Transformer DEBUG] net/fabricmc/api/Environment -> net/minecraftforge/api/distmarker/OnlyIn
[Architectury Transformer DEBUG] Found class transformer
[Architectury Transformer DEBUG] Writing com/onewhohears/dscombat/data/graph/AoaLiftKGraph with maxs=true frames=true
[Architectury Transformer DEBUG] Transformed com/onewhohears/dscombat/data/graph/AoaLiftKGraph in 7.445 ms
[Architectury Transformer DEBUG] Transforming from com/onewhohears/dscombat/data/graph/MultiGraph.class to com/onewhohears/dscombat/data/graph/MultiGraph.class with 8 transformer(s) on dev.architectury.transformer.handler.TinyRemapperPreparedTransformerHandler
[Architectury Transformer DEBUG] Remapping with 1 mapping provider(s):
[Architectury Transformer DEBUG]  - dev.architectury.transformer.transformers.TransformForgeEnvironment$$Lambda/0x000001de0808e008@120d3fd
[Architectury Transformer DEBUG] Remapping Classes:
[Architectury Transformer DEBUG] net/fabricmc/api/EnvType -> net/minecraftforge/api/distmarker/Dist
[Architectury Transformer DEBUG] net/fabricmc/api/Environment -> net/minecraftforge/api/distmarker/OnlyIn
[Architectury Transformer DEBUG] Found class transformer
[Architectury Transformer DEBUG] Writing com/onewhohears/dscombat/data/graph/MultiGraph with maxs=true frames=true
[Architectury Transformer DEBUG] Transformed com/onewhohears/dscombat/data/graph/MultiGraph in 10.45 ms
[Architectury Transformer DEBUG] Transforming from com/onewhohears/dscombat/data/graph/FFMultiGraph.class to com/onewhohears/dscombat/data/graph/FFMultiGraph.class with 8 transformer(s) on dev.architectury.transformer.handler.TinyRemapperPreparedTransformerHandler
[Architectury Transformer DEBUG] Remapping with 1 mapping provider(s):
[Architectury Transformer DEBUG]  - dev.architectury.transformer.transformers.TransformForgeEnvironment$$Lambda/0x000001de0808e008@120d3fd
[Architectury Transformer DEBUG] Remapping Classes:
[Architectury Transformer DEBUG] net/fabricmc/api/EnvType -> net/minecraftforge/api/distmarker/Dist
[Architectury Transformer DEBUG] net/fabricmc/api/Environment -> net/minecraftforge/api/distmarker/OnlyIn
[Architectury Transformer DEBUG] Found class transformer
[Architectury Transformer DEBUG] Writing com/onewhohears/dscombat/data/graph/FFMultiGraph with maxs=true frames=true
[Architectury Transformer DEBUG] Transformed com/onewhohears/dscombat/data/graph/FFMultiGraph in 11.18 ms
[Architectury Transformer DEBUG] Transforming from com/onewhohears/dscombat/data/graph/TurnRatesBySpeedGraph.class to com/onewhohears/dscombat/data/graph/TurnRatesBySpeedGraph.class with 8 transformer(s) on dev.architectury.transformer.handler.TinyRemapperPreparedTransformerHandler
[Architectury Transformer DEBUG] Remapping with 1 mapping provider(s):
[Architectury Transformer DEBUG]  - dev.architectury.transformer.transformers.TransformForgeEnvironment$$Lambda/0x000001de0808e008@120d3fd
[Architectury Transformer DEBUG] Remapping Classes:
[Architectury Transformer DEBUG] net/fabricmc/api/EnvType -> net/minecraftforge/api/distmarker/Dist
[Architectury Transformer DEBUG] net/fabricmc/api/Environment -> net/minecraftforge/api/distmarker/OnlyIn
[Architectury Transformer DEBUG] Found class transformer
[Architectury Transformer DEBUG] Writing com/onewhohears/dscombat/data/graph/TurnRatesBySpeedGraph with maxs=true frames=true
[Architectury Transformer DEBUG] Transformed com/onewhohears/dscombat/data/graph/TurnRatesBySpeedGraph in 10.60 ms
[Architectury Transformer DEBUG] Transforming from com/onewhohears/dscombat/data/graph/SeaLevelsGraph.class to com/onewhohears/dscombat/data/graph/SeaLevelsGraph.class with 8 transformer(s) on dev.architectury.transformer.handler.TinyRemapperPreparedTransformerHandler
[Architectury Transformer DEBUG] Remapping with 1 mapping provider(s):
[Architectury Transformer DEBUG]  - dev.architectury.transformer.transformers.TransformForgeEnvironment$$Lambda/0x000001de0808e008@120d3fd
[Architectury Transformer DEBUG] Remapping Classes:
[Architectury Transformer DEBUG] net/fabricmc/api/EnvType -> net/minecraftforge/api/distmarker/Dist
[Architectury Transformer DEBUG] net/fabricmc/api/Environment -> net/minecraftforge/api/distmarker/OnlyIn
[Architectury Transformer DEBUG] Found class transformer
[Architectury Transformer DEBUG] Writing com/onewhohears/dscombat/data/graph/SeaLevelsGraph with maxs=true frames=true
[Architectury Transformer DEBUG] Transformed com/onewhohears/dscombat/data/graph/SeaLevelsGraph in 8.338 ms
[Architectury Transformer DEBUG] Transforming from com/onewhohears/dscombat/data/weapon/stats/NoWeaponStats.class to com/onewhohears/dscombat/data/weapon/stats/NoWeaponStats.class with 8 transformer(s) on dev.architectury.transformer.handler.TinyRemapperPreparedTransformerHandler
[Architectury Transformer DEBUG] Remapping with 1 mapping provider(s):
[Architectury Transformer DEBUG]  - dev.architectury.transformer.transformers.TransformForgeEnvironment$$Lambda/0x000001de0808e008@120d3fd
[Architectury Transformer DEBUG] Remapping Classes:
[Architectury Transformer DEBUG] net/fabricmc/api/EnvType -> net/minecraftforge/api/distmarker/Dist
[Architectury Transformer DEBUG] net/fabricmc/api/Environment -> net/minecraftforge/api/distmarker/OnlyIn
[Architectury Transformer DEBUG] Found class transformer
[Architectury Transformer DEBUG] Writing com/onewhohears/dscombat/data/weapon/stats/NoWeaponStats with maxs=true frames=true
[Architectury Transformer DEBUG] Transformed com/onewhohears/dscombat/data/weapon/stats/NoWeaponStats in 12.01 ms
[Architectury Transformer DEBUG] Transforming from com/onewhohears/dscombat/data/weapon/stats/BulletStats.class to com/onewhohears/dscombat/data/weapon/stats/BulletStats.class with 8 transformer(s) on dev.architectury.transformer.handler.TinyRemapperPreparedTransformerHandler
[Architectury Transformer DEBUG] Remapping with 1 mapping provider(s):
[Architectury Transformer DEBUG]  - dev.architectury.transformer.transformers.TransformForgeEnvironment$$Lambda/0x000001de0808e008@120d3fd
[Architectury Transformer DEBUG] Remapping Classes:
[Architectury Transformer DEBUG] net/fabricmc/api/EnvType -> net/minecraftforge/api/distmarker/Dist
[Architectury Transformer DEBUG] net/fabricmc/api/Environment -> net/minecraftforge/api/distmarker/OnlyIn
[Architectury Transformer DEBUG] Found class transformer
[Architectury Transformer DEBUG] Writing com/onewhohears/dscombat/data/weapon/stats/BulletStats with maxs=true frames=true
[Architectury Transformer DEBUG] Transformed com/onewhohears/dscombat/data/weapon/stats/BulletStats in 11.81 ms
[Architectury Transformer DEBUG] Transforming from com/onewhohears/dscombat/data/weapon/stats/BombStats.class to com/onewhohears/dscombat/data/weapon/stats/BombStats.class with 8 transformer(s) on dev.architectury.transformer.handler.TinyRemapperPreparedTransformerHandler
[Architectury Transformer DEBUG] Remapping with 1 mapping provider(s):
[Architectury Transformer DEBUG]  - dev.architectury.transformer.transformers.TransformForgeEnvironment$$Lambda/0x000001de0808e008@120d3fd
[Architectury Transformer DEBUG] Remapping Classes:
[Architectury Transformer DEBUG] net/fabricmc/api/EnvType -> net/minecraftforge/api/distmarker/Dist
[Architectury Transformer DEBUG] net/fabricmc/api/Environment -> net/minecraftforge/api/distmarker/OnlyIn
[Architectury Transformer DEBUG] Found class transformer
[Architectury Transformer DEBUG] Writing com/onewhohears/dscombat/data/weapon/stats/BombStats with maxs=true frames=true
[Architectury Transformer DEBUG] Transformed com/onewhohears/dscombat/data/weapon/stats/BombStats in 13.09 ms
[Architectury Transformer DEBUG] Transforming from com/onewhohears/dscombat/data/weapon/stats/BunkerBusterStats.class to com/onewhohears/dscombat/data/weapon/stats/BunkerBusterStats.class with 8 transformer(s) on dev.architectury.transformer.handler.TinyRemapperPreparedTransformerHandler
[Architectury Transformer DEBUG] Remapping with 1 mapping provider(s):
[Architectury Transformer DEBUG]  - dev.architectury.transformer.transformers.TransformForgeEnvironment$$Lambda/0x000001de0808e008@120d3fd
[Architectury Transformer DEBUG] Remapping Classes:
[Architectury Transformer DEBUG] net/fabricmc/api/EnvType -> net/minecraftforge/api/distmarker/Dist
[Architectury Transformer DEBUG] net/fabricmc/api/Environment -> net/minecraftforge/api/distmarker/OnlyIn
[Architectury Transformer DEBUG] Found class transformer
[Architectury Transformer DEBUG] Writing com/onewhohears/dscombat/data/weapon/stats/BunkerBusterStats with maxs=true frames=true
[Architectury Transformer DEBUG] Transformed com/onewhohears/dscombat/data/weapon/stats/BunkerBusterStats in 13.33 ms
[Architectury Transformer DEBUG] Transforming from com/onewhohears/dscombat/data/weapon/stats/MissileStats.class to com/onewhohears/dscombat/data/weapon/stats/MissileStats.class with 8 transformer(s) on dev.architectury.transformer.handler.TinyRemapperPreparedTransformerHandler
[Architectury Transformer DEBUG] Remapping with 1 mapping provider(s):
[Architectury Transformer DEBUG]  - dev.architectury.transformer.transformers.TransformForgeEnvironment$$Lambda/0x000001de0808e008@120d3fd
[Architectury Transformer DEBUG] Remapping Classes:
[Architectury Transformer DEBUG] net/fabricmc/api/EnvType -> net/minecraftforge/api/distmarker/Dist
[Architectury Transformer DEBUG] net/fabricmc/api/Environment -> net/minecraftforge/api/distmarker/OnlyIn
[Architectury Transformer DEBUG] Found class transformer
[Architectury Transformer DEBUG] Writing com/onewhohears/dscombat/data/weapon/stats/MissileStats with maxs=true frames=true
[Architectury Transformer DEBUG] Transformed com/onewhohears/dscombat/data/weapon/stats/MissileStats in 31.33 ms
[Architectury Transformer DEBUG] Transforming from com/onewhohears/dscombat/data/weapon/stats/IRMissileStats.class to com/onewhohears/dscombat/data/weapon/stats/IRMissileStats.class with 8 transformer(s) on dev.architectury.transformer.handler.TinyRemapperPreparedTransformerHandler
[Architectury Transformer DEBUG] Remapping with 1 mapping provider(s):
[Architectury Transformer DEBUG]  - dev.architectury.transformer.transformers.TransformForgeEnvironment$$Lambda/0x000001de0808e008@120d3fd
[Architectury Transformer DEBUG] Remapping Classes:
[Architectury Transformer DEBUG] net/fabricmc/api/EnvType -> net/minecraftforge/api/distmarker/Dist
[Architectury Transformer DEBUG] net/fabricmc/api/Environment -> net/minecraftforge/api/distmarker/OnlyIn
[Architectury Transformer DEBUG] Found class transformer
[Architectury Transformer DEBUG] Writing com/onewhohears/dscombat/data/weapon/stats/IRMissileStats with maxs=true frames=true
[Architectury Transformer DEBUG] Transformed com/onewhohears/dscombat/data/weapon/stats/IRMissileStats in 20.17 ms
[Architectury Transformer DEBUG] Transforming from com/onewhohears/dscombat/data/weapon/stats/DumbTorpedoStats.class to com/onewhohears/dscombat/data/weapon/stats/DumbTorpedoStats.class with 8 transformer(s) on dev.architectury.transformer.handler.TinyRemapperPreparedTransformerHandler
[Architectury Transformer DEBUG] Remapping with 1 mapping provider(s):
[Architectury Transformer DEBUG]  - dev.architectury.transformer.transformers.TransformForgeEnvironment$$Lambda/0x000001de0808e008@120d3fd
[Architectury Transformer DEBUG] Remapping Classes:
[Architectury Transformer DEBUG] net/fabricmc/api/EnvType -> net/minecraftforge/api/distmarker/Dist
[Architectury Transformer DEBUG] net/fabricmc/api/Environment -> net/minecraftforge/api/distmarker/OnlyIn
[Architectury Transformer DEBUG] Found class transformer
[Architectury Transformer DEBUG] Writing com/onewhohears/dscombat/data/weapon/stats/DumbTorpedoStats with maxs=true frames=true
[Architectury Transformer DEBUG] Transformed com/onewhohears/dscombat/data/weapon/stats/DumbTorpedoStats in 10.47 ms
[Architectury Transformer DEBUG] Transforming from com/onewhohears/dscombat/data/weapon/stats/PosMissileStats.class to com/onewhohears/dscombat/data/weapon/stats/PosMissileStats.class with 8 transformer(s) on dev.architectury.transformer.handler.TinyRemapperPreparedTransformerHandler
[Architectury Transformer DEBUG] Remapping with 1 mapping provider(s):
[Architectury Transformer DEBUG]  - dev.architectury.transformer.transformers.TransformForgeEnvironment$$Lambda/0x000001de0808e008@120d3fd
[Architectury Transformer DEBUG] Remapping Classes:
[Architectury Transformer DEBUG] net/fabricmc/api/EnvType -> net/minecraftforge/api/distmarker/Dist
[Architectury Transformer DEBUG] net/fabricmc/api/Environment -> net/minecraftforge/api/distmarker/OnlyIn
[Architectury Transformer DEBUG] Found class transformer
[Architectury Transformer DEBUG] Writing com/onewhohears/dscombat/data/weapon/stats/PosMissileStats with maxs=true frames=true
[Architectury Transformer DEBUG] Transformed com/onewhohears/dscombat/data/weapon/stats/PosMissileStats in 14.20 ms
[Architectury Transformer DEBUG] Transforming from com/onewhohears/dscombat/data/weapon/stats/TrackMissileStats.class to com/onewhohears/dscombat/data/weapon/stats/TrackMissileStats.class with 8 transformer(s) on dev.architectury.transformer.handler.TinyRemapperPreparedTransformerHandler
[Architectury Transformer DEBUG] Remapping with 1 mapping provider(s):
[Architectury Transformer DEBUG]  - dev.architectury.transformer.transformers.TransformForgeEnvironment$$Lambda/0x000001de0808e008@120d3fd
[Architectury Transformer DEBUG] Remapping Classes:
[Architectury Transformer DEBUG] net/fabricmc/api/EnvType -> net/minecraftforge/api/distmarker/Dist
[Architectury Transformer DEBUG] net/fabricmc/api/Environment -> net/minecraftforge/api/distmarker/OnlyIn
[Architectury Transformer DEBUG] Found class transformer
[Architectury Transformer DEBUG] Writing com/onewhohears/dscombat/data/weapon/stats/TrackMissileStats with maxs=true frames=true
[Architectury Transformer DEBUG] Transformed com/onewhohears/dscombat/data/weapon/stats/TrackMissileStats in 12.43 ms
[Architectury Transformer DEBUG] Transforming from com/onewhohears/dscombat/data/weapon/stats/TorpedoStats.class to com/onewhohears/dscombat/data/weapon/stats/TorpedoStats.class with 8 transformer(s) on dev.architectury.transformer.handler.TinyRemapperPreparedTransformerHandler
[Architectury Transformer DEBUG] Remapping with 1 mapping provider(s):
[Architectury Transformer DEBUG]  - dev.architectury.transformer.transformers.TransformForgeEnvironment$$Lambda/0x000001de0808e008@120d3fd
[Architectury Transformer DEBUG] Remapping Classes:
[Architectury Transformer DEBUG] net/fabricmc/api/EnvType -> net/minecraftforge/api/distmarker/Dist
[Architectury Transformer DEBUG] net/fabricmc/api/Environment -> net/minecraftforge/api/distmarker/OnlyIn
[Architectury Transformer DEBUG] Found class transformer
[Architectury Transformer DEBUG] Writing com/onewhohears/dscombat/data/weapon/stats/TorpedoStats with maxs=true frames=true
[Architectury Transformer DEBUG] Transformed com/onewhohears/dscombat/data/weapon/stats/TorpedoStats in 13.80 ms
[Architectury Transformer DEBUG] Transforming from com/onewhohears/dscombat/data/weapon/stats/AntiRadarMissileStats.class to com/onewhohears/dscombat/data/weapon/stats/AntiRadarMissileStats.class with 8 transformer(s) on dev.architectury.transformer.handler.TinyRemapperPreparedTransformerHandler
[Architectury Transformer DEBUG] Remapping with 1 mapping provider(s):
[Architectury Transformer DEBUG]  - dev.architectury.transformer.transformers.TransformForgeEnvironment$$Lambda/0x000001de0808e008@120d3fd
[Architectury Transformer DEBUG] Remapping Classes:
[Architectury Transformer DEBUG] net/fabricmc/api/EnvType -> net/minecraftforge/api/distmarker/Dist
[Architectury Transformer DEBUG] net/fabricmc/api/Environment -> net/minecraftforge/api/distmarker/OnlyIn
[Architectury Transformer DEBUG] Found class transformer
[Architectury Transformer DEBUG] Writing com/onewhohears/dscombat/data/weapon/stats/AntiRadarMissileStats with maxs=true frames=true
[Architectury Transformer DEBUG] Transformed com/onewhohears/dscombat/data/weapon/stats/AntiRadarMissileStats in 15.16 ms
[Architectury Transformer DEBUG] Transforming from com/onewhohears/dscombat/data/weapon/stats/BallisticMissileStats.class to com/onewhohears/dscombat/data/weapon/stats/BallisticMissileStats.class with 8 transformer(s) on dev.architectury.transformer.handler.TinyRemapperPreparedTransformerHandler
[Architectury Transformer DEBUG] Remapping with 1 mapping provider(s):
[Architectury Transformer DEBUG]  - dev.architectury.transformer.transformers.TransformForgeEnvironment$$Lambda/0x000001de0808e008@120d3fd
[Architectury Transformer DEBUG] Remapping Classes:
[Architectury Transformer DEBUG] net/fabricmc/api/EnvType -> net/minecraftforge/api/distmarker/Dist
[Architectury Transformer DEBUG] net/fabricmc/api/Environment -> net/minecraftforge/api/distmarker/OnlyIn
[Architectury Transformer DEBUG] Found class transformer
[Architectury Transformer DEBUG] Writing com/onewhohears/dscombat/data/weapon/stats/BallisticMissileStats with maxs=true frames=true
[Architectury Transformer DEBUG] Transformed com/onewhohears/dscombat/data/weapon/stats/BallisticMissileStats in 11.95 ms
[Architectury Transformer DEBUG] Transforming from com/onewhohears/dscombat/data/weapon/stats/SmokeGrenadeStats.class to com/onewhohears/dscombat/data/weapon/stats/SmokeGrenadeStats.class with 8 transformer(s) on dev.architectury.transformer.handler.TinyRemapperPreparedTransformerHandler
[Architectury Transformer DEBUG] Remapping with 1 mapping provider(s):
[Architectury Transformer DEBUG]  - dev.architectury.transformer.transformers.TransformForgeEnvironment$$Lambda/0x000001de0808e008@120d3fd
[Architectury Transformer DEBUG] Remapping Classes:
[Architectury Transformer DEBUG] net/fabricmc/api/EnvType -> net/minecraftforge/api/distmarker/Dist
[Architectury Transformer DEBUG] net/fabricmc/api/Environment -> net/minecraftforge/api/distmarker/OnlyIn
[Architectury Transformer DEBUG] Found class transformer
[Architectury Transformer DEBUG] Writing com/onewhohears/dscombat/data/weapon/stats/SmokeGrenadeStats with maxs=true frames=true
[Architectury Transformer DEBUG] Transformed com/onewhohears/dscombat/data/weapon/stats/SmokeGrenadeStats in 9.496 ms
[Architectury Transformer DEBUG] Transforming from com/onewhohears/dscombat/data/weapon/stats/GrenadeStats.class to com/onewhohears/dscombat/data/weapon/stats/GrenadeStats.class with 8 transformer(s) on dev.architectury.transformer.handler.TinyRemapperPreparedTransformerHandler
[Architectury Transformer DEBUG] Remapping with 1 mapping provider(s):
[Architectury Transformer DEBUG]  - dev.architectury.transformer.transformers.TransformForgeEnvironment$$Lambda/0x000001de0808e008@120d3fd
[Architectury Transformer DEBUG] Remapping Classes:
[Architectury Transformer DEBUG] net/fabricmc/api/EnvType -> net/minecraftforge/api/distmarker/Dist
[Architectury Transformer DEBUG] net/fabricmc/api/Environment -> net/minecraftforge/api/distmarker/OnlyIn
[Architectury Transformer DEBUG] Found class transformer
[Architectury Transformer DEBUG] Writing com/onewhohears/dscombat/data/weapon/stats/GrenadeStats with maxs=true frames=true
[Architectury Transformer DEBUG] Transformed com/onewhohears/dscombat/data/weapon/stats/GrenadeStats in 8.962 ms
[Architectury Transformer DEBUG] Transforming from com/onewhohears/dscombat/data/parts/stats/WeaponPartStats.class to com/onewhohears/dscombat/data/parts/stats/WeaponPartStats.class with 8 transformer(s) on dev.architectury.transformer.handler.TinyRemapperPreparedTransformerHandler
[Architectury Transformer DEBUG] Remapping with 1 mapping provider(s):
[Architectury Transformer DEBUG]  - dev.architectury.transformer.transformers.TransformForgeEnvironment$$Lambda/0x000001de0808e008@120d3fd
[Architectury Transformer DEBUG] Remapping Classes:
[Architectury Transformer DEBUG] net/fabricmc/api/EnvType -> net/minecraftforge/api/distmarker/Dist
[Architectury Transformer DEBUG] net/fabricmc/api/Environment -> net/minecraftforge/api/distmarker/OnlyIn
[Architectury Transformer DEBUG] Found class transformer
[Architectury Transformer DEBUG] Writing com/onewhohears/dscombat/data/parts/stats/WeaponPartStats with maxs=true frames=true
[Architectury Transformer DEBUG] Transformed com/onewhohears/dscombat/data/parts/stats/WeaponPartStats in 5.942 ms
[Architectury Transformer DEBUG] Transforming from com/onewhohears/dscombat/data/parts/instance/PartInstance.class to com/onewhohears/dscombat/data/parts/instance/PartInstance.class with 8 transformer(s) on dev.architectury.transformer.handler.TinyRemapperPreparedTransformerHandler
[Architectury Transformer DEBUG] Remapping with 1 mapping provider(s):
[Architectury Transformer DEBUG]  - dev.architectury.transformer.transformers.TransformForgeEnvironment$$Lambda/0x000001de0808e008@120d3fd
[Architectury Transformer DEBUG] Remapping Classes:
[Architectury Transformer DEBUG] net/fabricmc/api/EnvType -> net/minecraftforge/api/distmarker/Dist
[Architectury Transformer DEBUG] net/fabricmc/api/Environment -> net/minecraftforge/api/distmarker/OnlyIn
[Architectury Transformer DEBUG] Found class transformer
[Architectury Transformer DEBUG] Writing com/onewhohears/dscombat/data/parts/instance/PartInstance with maxs=true frames=true
[Architectury Transformer DEBUG] Transformed com/onewhohears/dscombat/data/parts/instance/PartInstance in 5.249 ms
[Architectury Transformer DEBUG] Transforming from com/onewhohears/dscombat/data/parts/instance/WeaponPartInstance.class to com/onewhohears/dscombat/data/parts/instance/WeaponPartInstance.class with 8 transformer(s) on dev.architectury.transformer.handler.TinyRemapperPreparedTransformerHandler
[Architectury Transformer DEBUG] Remapping with 1 mapping provider(s):
[Architectury Transformer DEBUG]  - dev.architectury.transformer.transformers.TransformForgeEnvironment$$Lambda/0x000001de0808e008@120d3fd
[Architectury Transformer DEBUG] Remapping Classes:
[Architectury Transformer DEBUG] net/fabricmc/api/EnvType -> net/minecraftforge/api/distmarker/Dist
[Architectury Transformer DEBUG] net/fabricmc/api/Environment -> net/minecraftforge/api/distmarker/OnlyIn
[Architectury Transformer DEBUG] Found class transformer
[Architectury Transformer DEBUG] Writing com/onewhohears/dscombat/data/parts/instance/WeaponPartInstance with maxs=true frames=true
[Architectury Transformer DEBUG] Transformed com/onewhohears/dscombat/data/parts/instance/WeaponPartInstance in 6.058 ms
[Architectury Transformer DEBUG] Transforming from com/onewhohears/dscombat/data/parts/instance/ReloadablePartInstance.class to com/onewhohears/dscombat/data/parts/instance/ReloadablePartInstance.class with 8 transformer(s) on dev.architectury.transformer.handler.TinyRemapperPreparedTransformerHandler
[Architectury Transformer DEBUG] Remapping with 1 mapping provider(s):
[Architectury Transformer DEBUG]  - dev.architectury.transformer.transformers.TransformForgeEnvironment$$Lambda/0x000001de0808e008@120d3fd
[Architectury Transformer DEBUG] Remapping Classes:
[Architectury Transformer DEBUG] net/fabricmc/api/EnvType -> net/minecraftforge/api/distmarker/Dist
[Architectury Transformer DEBUG] net/fabricmc/api/Environment -> net/minecraftforge/api/distmarker/OnlyIn
[Architectury Transformer DEBUG] Found class transformer
[Architectury Transformer DEBUG] Writing com/onewhohears/dscombat/data/parts/instance/ReloadablePartInstance with maxs=true frames=true
[Architectury Transformer DEBUG] Transformed com/onewhohears/dscombat/data/parts/instance/ReloadablePartInstance in 5.235 ms
[Architectury Transformer DEBUG] Transforming from com/onewhohears/dscombat/data/parts/stats/WeaponExternalStats.class to com/onewhohears/dscombat/data/parts/stats/WeaponExternalStats.class with 8 transformer(s) on dev.architectury.transformer.handler.TinyRemapperPreparedTransformerHandler
[Architectury Transformer DEBUG] Remapping with 1 mapping provider(s):
[Architectury Transformer DEBUG]  - dev.architectury.transformer.transformers.TransformForgeEnvironment$$Lambda/0x000001de0808e008@120d3fd
[Architectury Transformer DEBUG] Remapping Classes:
[Architectury Transformer DEBUG] net/fabricmc/api/EnvType -> net/minecraftforge/api/distmarker/Dist
[Architectury Transformer DEBUG] net/fabricmc/api/Environment -> net/minecraftforge/api/distmarker/OnlyIn
[Architectury Transformer DEBUG] Found class transformer
[Architectury Transformer DEBUG] Writing com/onewhohears/dscombat/data/parts/stats/WeaponExternalStats with maxs=true frames=true
[Architectury Transformer DEBUG] Transformed com/onewhohears/dscombat/data/parts/stats/WeaponExternalStats in 6.457 ms
[Architectury Transformer DEBUG] Transforming from com/onewhohears/dscombat/data/parts/instance/WeaponExternalInstance.class to com/onewhohears/dscombat/data/parts/instance/WeaponExternalInstance.class with 8 transformer(s) on dev.architectury.transformer.handler.TinyRemapperPreparedTransformerHandler
[Architectury Transformer DEBUG] Remapping with 1 mapping provider(s):
[Architectury Transformer DEBUG]  - dev.architectury.transformer.transformers.TransformForgeEnvironment$$Lambda/0x000001de0808e008@120d3fd
[Architectury Transformer DEBUG] Remapping Classes:
[Architectury Transformer DEBUG] net/fabricmc/api/EnvType -> net/minecraftforge/api/distmarker/Dist
[Architectury Transformer DEBUG] net/fabricmc/api/Environment -> net/minecraftforge/api/distmarker/OnlyIn
[Architectury Transformer DEBUG] Found class transformer
[Architectury Transformer DEBUG] Writing com/onewhohears/dscombat/data/parts/instance/WeaponExternalInstance with maxs=true frames=true
[Architectury Transformer DEBUG] Transformed com/onewhohears/dscombat/data/parts/instance/WeaponExternalInstance in 4.962 ms
[Architectury Transformer DEBUG] Transforming from com/onewhohears/dscombat/data/parts/stats/SeatStats.class to com/onewhohears/dscombat/data/parts/stats/SeatStats.class with 8 transformer(s) on dev.architectury.transformer.handler.TinyRemapperPreparedTransformerHandler
[Architectury Transformer DEBUG] Remapping with 1 mapping provider(s):
[Architectury Transformer DEBUG]  - dev.architectury.transformer.transformers.TransformForgeEnvironment$$Lambda/0x000001de0808e008@120d3fd
[Architectury Transformer DEBUG] Remapping Classes:
[Architectury Transformer DEBUG] net/fabricmc/api/EnvType -> net/minecraftforge/api/distmarker/Dist
[Architectury Transformer DEBUG] net/fabricmc/api/Environment -> net/minecraftforge/api/distmarker/OnlyIn
[Architectury Transformer DEBUG] Found class transformer
[Architectury Transformer DEBUG] Writing com/onewhohears/dscombat/data/parts/stats/SeatStats with maxs=true frames=true
[Architectury Transformer DEBUG] Transformed com/onewhohears/dscombat/data/parts/stats/SeatStats in 6.222 ms
[Architectury Transformer DEBUG] Transforming from com/onewhohears/dscombat/data/parts/instance/SeatInstance.class to com/onewhohears/dscombat/data/parts/instance/SeatInstance.class with 8 transformer(s) on dev.architectury.transformer.handler.TinyRemapperPreparedTransformerHandler
[Architectury Transformer DEBUG] Remapping with 1 mapping provider(s):
[Architectury Transformer DEBUG]  - dev.architectury.transformer.transformers.TransformForgeEnvironment$$Lambda/0x000001de0808e008@120d3fd
[Architectury Transformer DEBUG] Remapping Classes:
[Architectury Transformer DEBUG] net/fabricmc/api/EnvType -> net/minecraftforge/api/distmarker/Dist
[Architectury Transformer DEBUG] net/fabricmc/api/Environment -> net/minecraftforge/api/distmarker/OnlyIn
[Architectury Transformer DEBUG] Found class transformer
[Architectury Transformer DEBUG] Writing com/onewhohears/dscombat/data/parts/instance/SeatInstance with maxs=true frames=true
[Architectury Transformer DEBUG] Transformed com/onewhohears/dscombat/data/parts/instance/SeatInstance in 8.337 ms
[Architectury Transformer DEBUG] Transforming from com/onewhohears/dscombat/data/parts/stats/TurretStats.class to com/onewhohears/dscombat/data/parts/stats/TurretStats.class with 8 transformer(s) on dev.architectury.transformer.handler.TinyRemapperPreparedTransformerHandler
[Architectury Transformer DEBUG] Remapping with 1 mapping provider(s):
[Architectury Transformer DEBUG]  - dev.architectury.transformer.transformers.TransformForgeEnvironment$$Lambda/0x000001de0808e008@120d3fd
[Architectury Transformer DEBUG] Remapping Classes:
[Architectury Transformer DEBUG] net/fabricmc/api/EnvType -> net/minecraftforge/api/distmarker/Dist
[Architectury Transformer DEBUG] net/fabricmc/api/Environment -> net/minecraftforge/api/distmarker/OnlyIn
[Architectury Transformer DEBUG] Found class transformer
[Architectury Transformer DEBUG] Writing com/onewhohears/dscombat/data/parts/stats/TurretStats with maxs=true frames=true
[Architectury Transformer DEBUG] Transformed com/onewhohears/dscombat/data/parts/stats/TurretStats in 12.46 ms
[Architectury Transformer DEBUG] Transforming from com/onewhohears/dscombat/data/parts/instance/TurretInstance.class to com/onewhohears/dscombat/data/parts/instance/TurretInstance.class with 8 transformer(s) on dev.architectury.transformer.handler.TinyRemapperPreparedTransformerHandler
[Architectury Transformer DEBUG] Remapping with 1 mapping provider(s):
[Architectury Transformer DEBUG]  - dev.architectury.transformer.transformers.TransformForgeEnvironment$$Lambda/0x000001de0808e008@120d3fd
[Architectury Transformer DEBUG] Remapping Classes:
[Architectury Transformer DEBUG] net/fabricmc/api/EnvType -> net/minecraftforge/api/distmarker/Dist
[Architectury Transformer DEBUG] net/fabricmc/api/Environment -> net/minecraftforge/api/distmarker/OnlyIn
[Architectury Transformer DEBUG] Found class transformer
[Architectury Transformer DEBUG] Writing com/onewhohears/dscombat/data/parts/instance/TurretInstance with maxs=true frames=true
[Architectury Transformer DEBUG] Transformed com/onewhohears/dscombat/data/parts/instance/TurretInstance in 11.74 ms
[Architectury Transformer DEBUG] Transforming from com/onewhohears/dscombat/data/parts/stats/EngineStats.class to com/onewhohears/dscombat/data/parts/stats/EngineStats.class with 8 transformer(s) on dev.architectury.transformer.handler.TinyRemapperPreparedTransformerHandler
[Architectury Transformer DEBUG] Remapping with 1 mapping provider(s):
[Architectury Transformer DEBUG]  - dev.architectury.transformer.transformers.TransformForgeEnvironment$$Lambda/0x000001de0808e008@120d3fd
[Architectury Transformer DEBUG] Remapping Classes:
[Architectury Transformer DEBUG] net/fabricmc/api/EnvType -> net/minecraftforge/api/distmarker/Dist
[Architectury Transformer DEBUG] net/fabricmc/api/Environment -> net/minecraftforge/api/distmarker/OnlyIn
[Architectury Transformer DEBUG] Found class transformer
[Architectury Transformer DEBUG] Writing com/onewhohears/dscombat/data/parts/stats/EngineStats with maxs=true frames=true
[Architectury Transformer DEBUG] Transformed com/onewhohears/dscombat/data/parts/stats/EngineStats in 9.979 ms
[Architectury Transformer DEBUG] Transforming from com/onewhohears/dscombat/data/parts/instance/EngineInstance.class to com/onewhohears/dscombat/data/parts/instance/EngineInstance.class with 8 transformer(s) on dev.architectury.transformer.handler.TinyRemapperPreparedTransformerHandler
[Architectury Transformer DEBUG] Remapping with 1 mapping provider(s):
[Architectury Transformer DEBUG]  - dev.architectury.transformer.transformers.TransformForgeEnvironment$$Lambda/0x000001de0808e008@120d3fd
[Architectury Transformer DEBUG] Remapping Classes:
[Architectury Transformer DEBUG] net/fabricmc/api/EnvType -> net/minecraftforge/api/distmarker/Dist
[Architectury Transformer DEBUG] net/fabricmc/api/Environment -> net/minecraftforge/api/distmarker/OnlyIn
[Architectury Transformer DEBUG] Found class transformer
[Architectury Transformer DEBUG] Writing com/onewhohears/dscombat/data/parts/instance/EngineInstance with maxs=true frames=true
[Architectury Transformer DEBUG] Transformed com/onewhohears/dscombat/data/parts/instance/EngineInstance in 7.023 ms
[Architectury Transformer DEBUG] Transforming from com/onewhohears/dscombat/data/parts/stats/EngineExternalStats.class to com/onewhohears/dscombat/data/parts/stats/EngineExternalStats.class with 8 transformer(s) on dev.architectury.transformer.handler.TinyRemapperPreparedTransformerHandler
[Architectury Transformer DEBUG] Remapping with 1 mapping provider(s):
[Architectury Transformer DEBUG]  - dev.architectury.transformer.transformers.TransformForgeEnvironment$$Lambda/0x000001de0808e008@120d3fd
[Architectury Transformer DEBUG] Remapping Classes:
[Architectury Transformer DEBUG] net/fabricmc/api/EnvType -> net/minecraftforge/api/distmarker/Dist
[Architectury Transformer DEBUG] net/fabricmc/api/Environment -> net/minecraftforge/api/distmarker/OnlyIn
[Architectury Transformer DEBUG] Found class transformer
[Architectury Transformer DEBUG] Writing com/onewhohears/dscombat/data/parts/stats/EngineExternalStats with maxs=true frames=true
[Architectury Transformer DEBUG] Transformed com/onewhohears/dscombat/data/parts/stats/EngineExternalStats in 7.551 ms
[Architectury Transformer DEBUG] Transforming from com/onewhohears/dscombat/data/parts/instance/EngineExternalInstance.class to com/onewhohears/dscombat/data/parts/instance/EngineExternalInstance.class with 8 transformer(s) on dev.architectury.transformer.handler.TinyRemapperPreparedTransformerHandler
[Architectury Transformer DEBUG] Remapping with 1 mapping provider(s):
[Architectury Transformer DEBUG]  - dev.architectury.transformer.transformers.TransformForgeEnvironment$$Lambda/0x000001de0808e008@120d3fd
[Architectury Transformer DEBUG] Remapping Classes:
[Architectury Transformer DEBUG] net/fabricmc/api/EnvType -> net/minecraftforge/api/distmarker/Dist
[Architectury Transformer DEBUG] net/fabricmc/api/Environment -> net/minecraftforge/api/distmarker/OnlyIn
[Architectury Transformer DEBUG] Found class transformer
[Architectury Transformer DEBUG] Writing com/onewhohears/dscombat/data/parts/instance/EngineExternalInstance with maxs=true frames=true
[Architectury Transformer DEBUG] Transformed com/onewhohears/dscombat/data/parts/instance/EngineExternalInstance in 7.236 ms
[Architectury Transformer DEBUG] Transforming from com/onewhohears/dscombat/data/parts/stats/FuelTankStats.class to com/onewhohears/dscombat/data/parts/stats/FuelTankStats.class with 8 transformer(s) on dev.architectury.transformer.handler.TinyRemapperPreparedTransformerHandler
[Architectury Transformer DEBUG] Remapping with 1 mapping provider(s):
[Architectury Transformer DEBUG]  - dev.architectury.transformer.transformers.TransformForgeEnvironment$$Lambda/0x000001de0808e008@120d3fd
[Architectury Transformer DEBUG] Remapping Classes:
[Architectury Transformer DEBUG] net/fabricmc/api/EnvType -> net/minecraftforge/api/distmarker/Dist
[Architectury Transformer DEBUG] net/fabricmc/api/Environment -> net/minecraftforge/api/distmarker/OnlyIn
[Architectury Transformer DEBUG] Found class transformer
[Architectury Transformer DEBUG] Writing com/onewhohears/dscombat/data/parts/stats/FuelTankStats with maxs=true frames=true
[Architectury Transformer DEBUG] Transformed com/onewhohears/dscombat/data/parts/stats/FuelTankStats in 5.649 ms
[Architectury Transformer DEBUG] Transforming from com/onewhohears/dscombat/data/parts/instance/FuelTankInstance.class to com/onewhohears/dscombat/data/parts/instance/FuelTankInstance.class with 8 transformer(s) on dev.architectury.transformer.handler.TinyRemapperPreparedTransformerHandler
[Architectury Transformer DEBUG] Remapping with 1 mapping provider(s):
[Architectury Transformer DEBUG]  - dev.architectury.transformer.transformers.TransformForgeEnvironment$$Lambda/0x000001de0808e008@120d3fd
[Architectury Transformer DEBUG] Remapping Classes:
[Architectury Transformer DEBUG] net/fabricmc/api/EnvType -> net/minecraftforge/api/distmarker/Dist
[Architectury Transformer DEBUG] net/fabricmc/api/Environment -> net/minecraftforge/api/distmarker/OnlyIn
[Architectury Transformer DEBUG] Found class transformer
[Architectury Transformer DEBUG] Writing com/onewhohears/dscombat/data/parts/instance/FuelTankInstance with maxs=true frames=true
[Architectury Transformer DEBUG] Transformed com/onewhohears/dscombat/data/parts/instance/FuelTankInstance in 7.261 ms
[Architectury Transformer DEBUG] Transforming from com/onewhohears/dscombat/data/parts/stats/FuelTankExternalStats.class to com/onewhohears/dscombat/data/parts/stats/FuelTankExternalStats.class with 8 transformer(s) on dev.architectury.transformer.handler.TinyRemapperPreparedTransformerHandler
[Architectury Transformer DEBUG] Remapping with 1 mapping provider(s):
[Architectury Transformer DEBUG]  - dev.architectury.transformer.transformers.TransformForgeEnvironment$$Lambda/0x000001de0808e008@120d3fd
[Architectury Transformer DEBUG] Remapping Classes:
[Architectury Transformer DEBUG] net/fabricmc/api/EnvType -> net/minecraftforge/api/distmarker/Dist
[Architectury Transformer DEBUG] net/fabricmc/api/Environment -> net/minecraftforge/api/distmarker/OnlyIn
[Architectury Transformer DEBUG] Found class transformer
[Architectury Transformer DEBUG] Writing com/onewhohears/dscombat/data/parts/stats/FuelTankExternalStats with maxs=true frames=true
[Architectury Transformer DEBUG] Transformed com/onewhohears/dscombat/data/parts/stats/FuelTankExternalStats in 6.205 ms
[Architectury Transformer DEBUG] Transforming from com/onewhohears/dscombat/data/parts/instance/FuelTankExternalInstance.class to com/onewhohears/dscombat/data/parts/instance/FuelTankExternalInstance.class with 8 transformer(s) on dev.architectury.transformer.handler.TinyRemapperPreparedTransformerHandler
[Architectury Transformer DEBUG] Remapping with 1 mapping provider(s):
[Architectury Transformer DEBUG]  - dev.architectury.transformer.transformers.TransformForgeEnvironment$$Lambda/0x000001de0808e008@120d3fd
[Architectury Transformer DEBUG] Remapping Classes:
[Architectury Transformer DEBUG] net/fabricmc/api/EnvType -> net/minecraftforge/api/distmarker/Dist
[Architectury Transformer DEBUG] net/fabricmc/api/Environment -> net/minecraftforge/api/distmarker/OnlyIn
[Architectury Transformer DEBUG] Found class transformer
[Architectury Transformer DEBUG] Writing com/onewhohears/dscombat/data/parts/instance/FuelTankExternalInstance with maxs=true frames=true
[Architectury Transformer DEBUG] Transformed com/onewhohears/dscombat/data/parts/instance/FuelTankExternalInstance in 7.194 ms
[Architectury Transformer DEBUG] Transforming from com/onewhohears/dscombat/data/parts/stats/RadarPartStats.class to com/onewhohears/dscombat/data/parts/stats/RadarPartStats.class with 8 transformer(s) on dev.architectury.transformer.handler.TinyRemapperPreparedTransformerHandler
[Architectury Transformer DEBUG] Remapping with 1 mapping provider(s):
[Architectury Transformer DEBUG]  - dev.architectury.transformer.transformers.TransformForgeEnvironment$$Lambda/0x000001de0808e008@120d3fd
[Architectury Transformer DEBUG] Remapping Classes:
[Architectury Transformer DEBUG] net/fabricmc/api/EnvType -> net/minecraftforge/api/distmarker/Dist
[Architectury Transformer DEBUG] net/fabricmc/api/Environment -> net/minecraftforge/api/distmarker/OnlyIn
[Architectury Transformer DEBUG] Found class transformer
[Architectury Transformer DEBUG] Writing com/onewhohears/dscombat/data/parts/stats/RadarPartStats with maxs=true frames=true
[Architectury Transformer DEBUG] Transformed com/onewhohears/dscombat/data/parts/stats/RadarPartStats in 8.410 ms
[Architectury Transformer DEBUG] Transforming from com/onewhohears/dscombat/data/parts/instance/RadarPartInstance.class to com/onewhohears/dscombat/data/parts/instance/RadarPartInstance.class with 8 transformer(s) on dev.architectury.transformer.handler.TinyRemapperPreparedTransformerHandler
[Architectury Transformer DEBUG] Remapping with 1 mapping provider(s):
[Architectury Transformer DEBUG]  - dev.architectury.transformer.transformers.TransformForgeEnvironment$$Lambda/0x000001de0808e008@120d3fd
[Architectury Transformer DEBUG] Remapping Classes:
[Architectury Transformer DEBUG] net/fabricmc/api/EnvType -> net/minecraftforge/api/distmarker/Dist
[Architectury Transformer DEBUG] net/fabricmc/api/Environment -> net/minecraftforge/api/distmarker/OnlyIn
[Architectury Transformer DEBUG] Found class transformer
[Architectury Transformer DEBUG] Writing com/onewhohears/dscombat/data/parts/instance/RadarPartInstance with maxs=true frames=true
[Architectury Transformer DEBUG] Transformed com/onewhohears/dscombat/data/parts/instance/RadarPartInstance in 7.224 ms
[Architectury Transformer DEBUG] Transforming from com/onewhohears/dscombat/data/parts/stats/RadarExternalStats.class to com/onewhohears/dscombat/data/parts/stats/RadarExternalStats.class with 8 transformer(s) on dev.architectury.transformer.handler.TinyRemapperPreparedTransformerHandler
[Architectury Transformer DEBUG] Remapping with 1 mapping provider(s):
[Architectury Transformer DEBUG]  - dev.architectury.transformer.transformers.TransformForgeEnvironment$$Lambda/0x000001de0808e008@120d3fd
[Architectury Transformer DEBUG] Remapping Classes:
[Architectury Transformer DEBUG] net/fabricmc/api/EnvType -> net/minecraftforge/api/distmarker/Dist
[Architectury Transformer DEBUG] net/fabricmc/api/Environment -> net/minecraftforge/api/distmarker/OnlyIn
[Architectury Transformer DEBUG] Found class transformer
[Architectury Transformer DEBUG] Writing com/onewhohears/dscombat/data/parts/stats/RadarExternalStats with maxs=true frames=true
[Architectury Transformer DEBUG] Transformed com/onewhohears/dscombat/data/parts/stats/RadarExternalStats in 6.569 ms
[Architectury Transformer DEBUG] Transforming from com/onewhohears/dscombat/data/parts/instance/RadarExternalInstance.class to com/onewhohears/dscombat/data/parts/instance/RadarExternalInstance.class with 8 transformer(s) on dev.architectury.transformer.handler.TinyRemapperPreparedTransformerHandler
[Architectury Transformer DEBUG] Remapping with 1 mapping provider(s):
[Architectury Transformer DEBUG]  - dev.architectury.transformer.transformers.TransformForgeEnvironment$$Lambda/0x000001de0808e008@120d3fd
[Architectury Transformer DEBUG] Remapping Classes:
[Architectury Transformer DEBUG] net/fabricmc/api/EnvType -> net/minecraftforge/api/distmarker/Dist
[Architectury Transformer DEBUG] net/fabricmc/api/Environment -> net/minecraftforge/api/distmarker/OnlyIn
[Architectury Transformer DEBUG] Found class transformer
[Architectury Transformer DEBUG] Writing com/onewhohears/dscombat/data/parts/instance/RadarExternalInstance with maxs=true frames=true
[Architectury Transformer DEBUG] Transformed com/onewhohears/dscombat/data/parts/instance/RadarExternalInstance in 9.474 ms
[Architectury Transformer DEBUG] Transforming from com/onewhohears/dscombat/data/parts/stats/FlareDispenserStats.class to com/onewhohears/dscombat/data/parts/stats/FlareDispenserStats.class with 8 transformer(s) on dev.architectury.transformer.handler.TinyRemapperPreparedTransformerHandler
[Architectury Transformer DEBUG] Remapping with 1 mapping provider(s):
[Architectury Transformer DEBUG]  - dev.architectury.transformer.transformers.TransformForgeEnvironment$$Lambda/0x000001de0808e008@120d3fd
[Architectury Transformer DEBUG] Remapping Classes:
[Architectury Transformer DEBUG] net/fabricmc/api/EnvType -> net/minecraftforge/api/distmarker/Dist
[Architectury Transformer DEBUG] net/fabricmc/api/Environment -> net/minecraftforge/api/distmarker/OnlyIn
[Architectury Transformer DEBUG] Found class transformer
[Architectury Transformer DEBUG] Writing com/onewhohears/dscombat/data/parts/stats/FlareDispenserStats with maxs=true frames=true
[Architectury Transformer DEBUG] Transformed com/onewhohears/dscombat/data/parts/stats/FlareDispenserStats in 9.355 ms
[Architectury Transformer DEBUG] Transforming from com/onewhohears/dscombat/data/parts/instance/FlareDispenserInstance.class to com/onewhohears/dscombat/data/parts/instance/FlareDispenserInstance.class with 8 transformer(s) on dev.architectury.transformer.handler.TinyRemapperPreparedTransformerHandler
[Architectury Transformer DEBUG] Remapping with 1 mapping provider(s):
[Architectury Transformer DEBUG]  - dev.architectury.transformer.transformers.TransformForgeEnvironment$$Lambda/0x000001de0808e008@120d3fd
[Architectury Transformer DEBUG] Remapping Classes:
[Architectury Transformer DEBUG] net/fabricmc/api/EnvType -> net/minecraftforge/api/distmarker/Dist
[Architectury Transformer DEBUG] net/fabricmc/api/Environment -> net/minecraftforge/api/distmarker/OnlyIn
[Architectury Transformer DEBUG] Found class transformer
[Architectury Transformer DEBUG] Writing com/onewhohears/dscombat/data/parts/instance/FlareDispenserInstance with maxs=true frames=true
[Architectury Transformer DEBUG] Transformed com/onewhohears/dscombat/data/parts/instance/FlareDispenserInstance in 12.59 ms
[Architectury Transformer DEBUG] Transforming from com/onewhohears/dscombat/data/parts/stats/ChaffDispenserStats.class to com/onewhohears/dscombat/data/parts/stats/ChaffDispenserStats.class with 8 transformer(s) on dev.architectury.transformer.handler.TinyRemapperPreparedTransformerHandler
[Architectury Transformer DEBUG] Remapping with 1 mapping provider(s):
[Architectury Transformer DEBUG]  - dev.architectury.transformer.transformers.TransformForgeEnvironment$$Lambda/0x000001de0808e008@120d3fd
[Architectury Transformer DEBUG] Remapping Classes:
[Architectury Transformer DEBUG] net/fabricmc/api/EnvType -> net/minecraftforge/api/distmarker/Dist
[Architectury Transformer DEBUG] net/fabricmc/api/Environment -> net/minecraftforge/api/distmarker/OnlyIn
[Architectury Transformer DEBUG] Found class transformer
[Architectury Transformer DEBUG] Writing com/onewhohears/dscombat/data/parts/stats/ChaffDispenserStats with maxs=true frames=true
[Architectury Transformer DEBUG] Transformed com/onewhohears/dscombat/data/parts/stats/ChaffDispenserStats in 9.512 ms
[Architectury Transformer DEBUG] Transforming from com/onewhohears/dscombat/data/parts/instance/ChaffDispenserInstance.class to com/onewhohears/dscombat/data/parts/instance/ChaffDispenserInstance.class with 8 transformer(s) on dev.architectury.transformer.handler.TinyRemapperPreparedTransformerHandler
[Architectury Transformer DEBUG] Remapping with 1 mapping provider(s):
[Architectury Transformer DEBUG]  - dev.architectury.transformer.transformers.TransformForgeEnvironment$$Lambda/0x000001de0808e008@120d3fd
[Architectury Transformer DEBUG] Remapping Classes:
[Architectury Transformer DEBUG] net/fabricmc/api/EnvType -> net/minecraftforge/api/distmarker/Dist
[Architectury Transformer DEBUG] net/fabricmc/api/Environment -> net/minecraftforge/api/distmarker/OnlyIn
[Architectury Transformer DEBUG] Found class transformer
[Architectury Transformer DEBUG] Writing com/onewhohears/dscombat/data/parts/instance/ChaffDispenserInstance with maxs=true frames=true
[Architectury Transformer DEBUG] Transformed com/onewhohears/dscombat/data/parts/instance/ChaffDispenserInstance in 7.711 ms
[Architectury Transformer DEBUG] Transforming from com/onewhohears/dscombat/data/parts/PartType$MineDispenser.class to com/onewhohears/dscombat/data/parts/PartType$MineDispenser.class with 8 transformer(s) on dev.architectury.transformer.handler.TinyRemapperPreparedTransformerHandler
[Architectury Transformer DEBUG] Remapping with 1 mapping provider(s):
[Architectury Transformer DEBUG]  - dev.architectury.transformer.transformers.TransformForgeEnvironment$$Lambda/0x000001de0808e008@120d3fd
[Architectury Transformer DEBUG] Remapping Classes:
[Architectury Transformer DEBUG] net/fabricmc/api/EnvType -> net/minecraftforge/api/distmarker/Dist
[Architectury Transformer DEBUG] net/fabricmc/api/Environment -> net/minecraftforge/api/distmarker/OnlyIn
[Architectury Transformer DEBUG] Found class transformer
[Architectury Transformer DEBUG] Writing com/onewhohears/dscombat/data/parts/PartType$MineDispenser with maxs=true frames=true
[Architectury Transformer DEBUG] Transformed com/onewhohears/dscombat/data/parts/PartType$MineDispenser in 11.01 ms
[Architectury Transformer DEBUG] Transforming from com/onewhohears/dscombat/data/parts/stats/MineDispenserStats.class to com/onewhohears/dscombat/data/parts/stats/MineDispenserStats.class with 8 transformer(s) on dev.architectury.transformer.handler.TinyRemapperPreparedTransformerHandler
[Architectury Transformer DEBUG] Remapping with 1 mapping provider(s):
[Architectury Transformer DEBUG]  - dev.architectury.transformer.transformers.TransformForgeEnvironment$$Lambda/0x000001de0808e008@120d3fd
[Architectury Transformer DEBUG] Remapping Classes:
[Architectury Transformer DEBUG] net/fabricmc/api/EnvType -> net/minecraftforge/api/distmarker/Dist
[Architectury Transformer DEBUG] net/fabricmc/api/Environment -> net/minecraftforge/api/distmarker/OnlyIn
[Architectury Transformer DEBUG] Found class transformer
[Architectury Transformer DEBUG] Writing com/onewhohears/dscombat/data/parts/stats/MineDispenserStats with maxs=true frames=true
[Architectury Transformer DEBUG] Transformed com/onewhohears/dscombat/data/parts/stats/MineDispenserStats in 11.20 ms
[Architectury Transformer DEBUG] Transforming from com/onewhohears/dscombat/data/parts/instance/MineDispenserInstance.class to com/onewhohears/dscombat/data/parts/instance/MineDispenserInstance.class with 8 transformer(s) on dev.architectury.transformer.handler.TinyRemapperPreparedTransformerHandler
[Architectury Transformer DEBUG] Remapping with 1 mapping provider(s):
[Architectury Transformer DEBUG]  - dev.architectury.transformer.transformers.TransformForgeEnvironment$$Lambda/0x000001de0808e008@120d3fd
[Architectury Transformer DEBUG] Remapping Classes:
[Architectury Transformer DEBUG] net/fabricmc/api/EnvType -> net/minecraftforge/api/distmarker/Dist
[Architectury Transformer DEBUG] net/fabricmc/api/Environment -> net/minecraftforge/api/distmarker/OnlyIn
[Architectury Transformer DEBUG] Found class transformer
[Architectury Transformer DEBUG] Writing com/onewhohears/dscombat/data/parts/instance/MineDispenserInstance with maxs=true frames=true
[Architectury Transformer DEBUG] Transformed com/onewhohears/dscombat/data/parts/instance/MineDispenserInstance in 9.030 ms
[Architectury Transformer DEBUG] Transforming from com/onewhohears/dscombat/data/parts/stats/BuffStats.class to com/onewhohears/dscombat/data/parts/stats/BuffStats.class with 8 transformer(s) on dev.architectury.transformer.handler.TinyRemapperPreparedTransformerHandler
[Architectury Transformer DEBUG] Remapping with 1 mapping provider(s):
[Architectury Transformer DEBUG]  - dev.architectury.transformer.transformers.TransformForgeEnvironment$$Lambda/0x000001de0808e008@120d3fd
[Architectury Transformer DEBUG] Remapping Classes:
[Architectury Transformer DEBUG] net/fabricmc/api/EnvType -> net/minecraftforge/api/distmarker/Dist
[Architectury Transformer DEBUG] net/fabricmc/api/Environment -> net/minecraftforge/api/distmarker/OnlyIn
[Architectury Transformer DEBUG] Found class transformer
[Architectury Transformer DEBUG] Writing com/onewhohears/dscombat/data/parts/stats/BuffStats with maxs=true frames=true
[Architectury Transformer DEBUG] Transformed com/onewhohears/dscombat/data/parts/stats/BuffStats in 10.96 ms
[Architectury Transformer DEBUG] Transforming from com/onewhohears/dscombat/data/parts/instance/BuffInstance.class to com/onewhohears/dscombat/data/parts/instance/BuffInstance.class with 8 transformer(s) on dev.architectury.transformer.handler.TinyRemapperPreparedTransformerHandler
[Architectury Transformer DEBUG] Remapping with 1 mapping provider(s):
[Architectury Transformer DEBUG]  - dev.architectury.transformer.transformers.TransformForgeEnvironment$$Lambda/0x000001de0808e008@120d3fd
[Architectury Transformer DEBUG] Remapping Classes:
[Architectury Transformer DEBUG] net/fabricmc/api/EnvType -> net/minecraftforge/api/distmarker/Dist
[Architectury Transformer DEBUG] net/fabricmc/api/Environment -> net/minecraftforge/api/distmarker/OnlyIn
[Architectury Transformer DEBUG] Found class transformer
[Architectury Transformer DEBUG] Writing com/onewhohears/dscombat/data/parts/instance/BuffInstance with maxs=true frames=true
[Architectury Transformer DEBUG] Transformed com/onewhohears/dscombat/data/parts/instance/BuffInstance in 8.171 ms
[Architectury Transformer DEBUG] Transforming from com/onewhohears/dscombat/data/parts/stats/GimbalStats.class to com/onewhohears/dscombat/data/parts/stats/GimbalStats.class with 8 transformer(s) on dev.architectury.transformer.handler.TinyRemapperPreparedTransformerHandler
[Architectury Transformer DEBUG] Remapping with 1 mapping provider(s):
[Architectury Transformer DEBUG]  - dev.architectury.transformer.transformers.TransformForgeEnvironment$$Lambda/0x000001de0808e008@120d3fd
[Architectury Transformer DEBUG] Remapping Classes:
[Architectury Transformer DEBUG] net/fabricmc/api/EnvType -> net/minecraftforge/api/distmarker/Dist
[Architectury Transformer DEBUG] net/fabricmc/api/Environment -> net/minecraftforge/api/distmarker/OnlyIn
[Architectury Transformer DEBUG] Found class transformer
[Architectury Transformer DEBUG] Writing com/onewhohears/dscombat/data/parts/stats/GimbalStats with maxs=true frames=true
[Architectury Transformer DEBUG] Transformed com/onewhohears/dscombat/data/parts/stats/GimbalStats in 10.76 ms
[Architectury Transformer DEBUG] Transforming from com/onewhohears/dscombat/data/parts/instance/GimbalInstance.class to com/onewhohears/dscombat/data/parts/instance/GimbalInstance.class with 8 transformer(s) on dev.architectury.transformer.handler.TinyRemapperPreparedTransformerHandler
[Architectury Transformer DEBUG] Remapping with 1 mapping provider(s):
[Architectury Transformer DEBUG]  - dev.architectury.transformer.transformers.TransformForgeEnvironment$$Lambda/0x000001de0808e008@120d3fd
[Architectury Transformer DEBUG] Remapping Classes:
[Architectury Transformer DEBUG] net/fabricmc/api/EnvType -> net/minecraftforge/api/distmarker/Dist
[Architectury Transformer DEBUG] net/fabricmc/api/Environment -> net/minecraftforge/api/distmarker/OnlyIn
[Architectury Transformer DEBUG] Found class transformer
[Architectury Transformer DEBUG] Writing com/onewhohears/dscombat/data/parts/instance/GimbalInstance with maxs=true frames=true
[Architectury Transformer DEBUG] Transformed com/onewhohears/dscombat/data/parts/instance/GimbalInstance in 10.85 ms
[Architectury Transformer DEBUG] Transforming from com/onewhohears/dscombat/data/parts/stats/ChainHookStats.class to com/onewhohears/dscombat/data/parts/stats/ChainHookStats.class with 8 transformer(s) on dev.architectury.transformer.handler.TinyRemapperPreparedTransformerHandler
[Architectury Transformer DEBUG] Remapping with 1 mapping provider(s):
[Architectury Transformer DEBUG]  - dev.architectury.transformer.transformers.TransformForgeEnvironment$$Lambda/0x000001de0808e008@120d3fd
[Architectury Transformer DEBUG] Remapping Classes:
[Architectury Transformer DEBUG] net/fabricmc/api/EnvType -> net/minecraftforge/api/distmarker/Dist
[Architectury Transformer DEBUG] net/fabricmc/api/Environment -> net/minecraftforge/api/distmarker/OnlyIn
[Architectury Transformer DEBUG] Found class transformer
[Architectury Transformer DEBUG] Writing com/onewhohears/dscombat/data/parts/stats/ChainHookStats with maxs=true frames=true
[Architectury Transformer DEBUG] Transformed com/onewhohears/dscombat/data/parts/stats/ChainHookStats in 6.661 ms
[Architectury Transformer DEBUG] Transforming from com/onewhohears/dscombat/data/parts/instance/ChainHookInstance.class to com/onewhohears/dscombat/data/parts/instance/ChainHookInstance.class with 8 transformer(s) on dev.architectury.transformer.handler.TinyRemapperPreparedTransformerHandler
[Architectury Transformer DEBUG] Remapping with 1 mapping provider(s):
[Architectury Transformer DEBUG]  - dev.architectury.transformer.transformers.TransformForgeEnvironment$$Lambda/0x000001de0808e008@120d3fd
[Architectury Transformer DEBUG] Remapping Classes:
[Architectury Transformer DEBUG] net/fabricmc/api/EnvType -> net/minecraftforge/api/distmarker/Dist
[Architectury Transformer DEBUG] net/fabricmc/api/Environment -> net/minecraftforge/api/distmarker/OnlyIn
[Architectury Transformer DEBUG] Found class transformer
[Architectury Transformer DEBUG] Writing com/onewhohears/dscombat/data/parts/instance/ChainHookInstance with maxs=true frames=true
[Architectury Transformer DEBUG] Transformed com/onewhohears/dscombat/data/parts/instance/ChainHookInstance in 10.80 ms
[Architectury Transformer DEBUG] Transforming from com/onewhohears/dscombat/data/parts/stats/StorageStats.class to com/onewhohears/dscombat/data/parts/stats/StorageStats.class with 8 transformer(s) on dev.architectury.transformer.handler.TinyRemapperPreparedTransformerHandler
[Architectury Transformer DEBUG] Remapping with 1 mapping provider(s):
[Architectury Transformer DEBUG]  - dev.architectury.transformer.transformers.TransformForgeEnvironment$$Lambda/0x000001de0808e008@120d3fd
[Architectury Transformer DEBUG] Remapping Classes:
[Architectury Transformer DEBUG] net/fabricmc/api/EnvType -> net/minecraftforge/api/distmarker/Dist
[Architectury Transformer DEBUG] net/fabricmc/api/Environment -> net/minecraftforge/api/distmarker/OnlyIn
[Architectury Transformer DEBUG] Found class transformer
[Architectury Transformer DEBUG] Writing com/onewhohears/dscombat/data/parts/stats/StorageStats with maxs=true frames=true
[Architectury Transformer DEBUG] Transformed com/onewhohears/dscombat/data/parts/stats/StorageStats in 6.112 ms
[Architectury Transformer DEBUG] Transforming from com/onewhohears/dscombat/data/parts/instance/StorageInstance.class to com/onewhohears/dscombat/data/parts/instance/StorageInstance.class with 8 transformer(s) on dev.architectury.transformer.handler.TinyRemapperPreparedTransformerHandler
[Architectury Transformer DEBUG] Remapping with 1 mapping provider(s):
[Architectury Transformer DEBUG]  - dev.architectury.transformer.transformers.TransformForgeEnvironment$$Lambda/0x000001de0808e008@120d3fd
[Architectury Transformer DEBUG] Remapping Classes:
[Architectury Transformer DEBUG] net/fabricmc/api/EnvType -> net/minecraftforge/api/distmarker/Dist
[Architectury Transformer DEBUG] net/fabricmc/api/Environment -> net/minecraftforge/api/distmarker/OnlyIn
[Architectury Transformer DEBUG] Found class transformer
[Architectury Transformer DEBUG] Writing com/onewhohears/dscombat/data/parts/instance/StorageInstance with maxs=true frames=true
[Architectury Transformer DEBUG] Transformed com/onewhohears/dscombat/data/parts/instance/StorageInstance in 8.246 ms
[Architectury Transformer DEBUG] Transforming from com/onewhohears/dscombat/data/parts/stats/StorageExternalStats.class to com/onewhohears/dscombat/data/parts/stats/StorageExternalStats.class with 8 transformer(s) on dev.architectury.transformer.handler.TinyRemapperPreparedTransformerHandler
[Architectury Transformer DEBUG] Remapping with 1 mapping provider(s):
[Architectury Transformer DEBUG]  - dev.architectury.transformer.transformers.TransformForgeEnvironment$$Lambda/0x000001de0808e008@120d3fd
[Architectury Transformer DEBUG] Remapping Classes:
[Architectury Transformer DEBUG] net/fabricmc/api/EnvType -> net/minecraftforge/api/distmarker/Dist
[Architectury Transformer DEBUG] net/fabricmc/api/Environment -> net/minecraftforge/api/distmarker/OnlyIn
[Architectury Transformer DEBUG] Found class transformer
[Architectury Transformer DEBUG] Writing com/onewhohears/dscombat/data/parts/stats/StorageExternalStats with maxs=true frames=true
[Architectury Transformer DEBUG] Transformed com/onewhohears/dscombat/data/parts/stats/StorageExternalStats in 9.641 ms
[Architectury Transformer DEBUG] Transforming from com/onewhohears/dscombat/data/parts/instance/StorageExternalInstance.class to com/onewhohears/dscombat/data/parts/instance/StorageExternalInstance.class with 8 transformer(s) on dev.architectury.transformer.handler.TinyRemapperPreparedTransformerHandler
[Architectury Transformer DEBUG] Remapping with 1 mapping provider(s):
[Architectury Transformer DEBUG]  - dev.architectury.transformer.transformers.TransformForgeEnvironment$$Lambda/0x000001de0808e008@120d3fd
[Architectury Transformer DEBUG] Remapping Classes:
[Architectury Transformer DEBUG] net/fabricmc/api/EnvType -> net/minecraftforge/api/distmarker/Dist
[Architectury Transformer DEBUG] net/fabricmc/api/Environment -> net/minecraftforge/api/distmarker/OnlyIn
[Architectury Transformer DEBUG] Found class transformer
[Architectury Transformer DEBUG] Writing com/onewhohears/dscombat/data/parts/instance/StorageExternalInstance with maxs=true frames=true
[Architectury Transformer DEBUG] Transformed com/onewhohears/dscombat/data/parts/instance/StorageExternalInstance in 5.254 ms
[Architectury Transformer DEBUG] Transforming from com/onewhohears/dscombat/data/parts/stats/JammerStats.class to com/onewhohears/dscombat/data/parts/stats/JammerStats.class with 8 transformer(s) on dev.architectury.transformer.handler.TinyRemapperPreparedTransformerHandler
[Architectury Transformer DEBUG] Remapping with 1 mapping provider(s):
[Architectury Transformer DEBUG]  - dev.architectury.transformer.transformers.TransformForgeEnvironment$$Lambda/0x000001de0808e008@120d3fd
[Architectury Transformer DEBUG] Remapping Classes:
[Architectury Transformer DEBUG] net/fabricmc/api/EnvType -> net/minecraftforge/api/distmarker/Dist
[Architectury Transformer DEBUG] net/fabricmc/api/Environment -> net/minecraftforge/api/distmarker/OnlyIn
[Architectury Transformer DEBUG] Found class transformer
[Architectury Transformer DEBUG] Writing com/onewhohears/dscombat/data/parts/stats/JammerStats with maxs=true frames=true
[Architectury Transformer DEBUG] Transformed com/onewhohears/dscombat/data/parts/stats/JammerStats in 4.950 ms
[Architectury Transformer DEBUG] Transforming from com/onewhohears/dscombat/data/parts/instance/JammerInstance.class to com/onewhohears/dscombat/data/parts/instance/JammerInstance.class with 8 transformer(s) on dev.architectury.transformer.handler.TinyRemapperPreparedTransformerHandler
[Architectury Transformer DEBUG] Remapping with 1 mapping provider(s):
[Architectury Transformer DEBUG]  - dev.architectury.transformer.transformers.TransformForgeEnvironment$$Lambda/0x000001de0808e008@120d3fd
[Architectury Transformer DEBUG] Remapping Classes:
[Architectury Transformer DEBUG] net/fabricmc/api/EnvType -> net/minecraftforge/api/distmarker/Dist
[Architectury Transformer DEBUG] net/fabricmc/api/Environment -> net/minecraftforge/api/distmarker/OnlyIn
[Architectury Transformer DEBUG] Found class transformer
[Architectury Transformer DEBUG] Writing com/onewhohears/dscombat/data/parts/instance/JammerInstance with maxs=true frames=true
[Architectury Transformer DEBUG] Transformed com/onewhohears/dscombat/data/parts/instance/JammerInstance in 7.016 ms
[Architectury Transformer DEBUG] Transforming from com/onewhohears/dscombat/data/parts/stats/SmokeGrenadeDispenserStats.class to com/onewhohears/dscombat/data/parts/stats/SmokeGrenadeDispenserStats.class with 8 transformer(s) on dev.architectury.transformer.handler.TinyRemapperPreparedTransformerHandler
[Architectury Transformer DEBUG] Remapping with 1 mapping provider(s):
[Architectury Transformer DEBUG]  - dev.architectury.transformer.transformers.TransformForgeEnvironment$$Lambda/0x000001de0808e008@120d3fd
[Architectury Transformer DEBUG] Remapping Classes:
[Architectury Transformer DEBUG] net/fabricmc/api/EnvType -> net/minecraftforge/api/distmarker/Dist
[Architectury Transformer DEBUG] net/fabricmc/api/Environment -> net/minecraftforge/api/distmarker/OnlyIn
[Architectury Transformer DEBUG] Found class transformer
[Architectury Transformer DEBUG] Writing com/onewhohears/dscombat/data/parts/stats/SmokeGrenadeDispenserStats with maxs=true frames=true
[Architectury Transformer DEBUG] Transformed com/onewhohears/dscombat/data/parts/stats/SmokeGrenadeDispenserStats in 4.906 ms
[Architectury Transformer DEBUG] Transforming from com/onewhohears/dscombat/data/parts/instance/SmokeGrenadeDispenserInstance.class to com/onewhohears/dscombat/data/parts/instance/SmokeGrenadeDispenserInstance.class with 8 transformer(s) on dev.architectury.transformer.handler.TinyRemapperPreparedTransformerHandler
[Architectury Transformer DEBUG] Remapping with 1 mapping provider(s):
[Architectury Transformer DEBUG]  - dev.architectury.transformer.transformers.TransformForgeEnvironment$$Lambda/0x000001de0808e008@120d3fd
[Architectury Transformer DEBUG] Remapping Classes:
[Architectury Transformer DEBUG] net/fabricmc/api/EnvType -> net/minecraftforge/api/distmarker/Dist
[Architectury Transformer DEBUG] net/fabricmc/api/Environment -> net/minecraftforge/api/distmarker/OnlyIn
[Architectury Transformer DEBUG] Found class transformer
[Architectury Transformer DEBUG] Writing com/onewhohears/dscombat/data/parts/instance/SmokeGrenadeDispenserInstance with maxs=true frames=true
[Architectury Transformer DEBUG] Transformed com/onewhohears/dscombat/data/parts/instance/SmokeGrenadeDispenserInstance in 7.366 ms
[Architectury Transformer DEBUG] Transforming from com/onewhohears/dscombat/common/network/VehicleSyncAction.class to com/onewhohears/dscombat/common/network/VehicleSyncAction.class with 8 transformer(s) on dev.architectury.transformer.handler.TinyRemapperPreparedTransformerHandler
[Architectury Transformer DEBUG] Remapping with 1 mapping provider(s):
[Architectury Transformer DEBUG]  - dev.architectury.transformer.transformers.TransformForgeEnvironment$$Lambda/0x000001de0808e008@120d3fd
[Architectury Transformer DEBUG] Remapping Classes:
[Architectury Transformer DEBUG] net/fabricmc/api/EnvType -> net/minecraftforge/api/distmarker/Dist
[Architectury Transformer DEBUG] net/fabricmc/api/Environment -> net/minecraftforge/api/distmarker/OnlyIn
[Architectury Transformer DEBUG] Found class transformer
[Architectury Transformer DEBUG] Writing com/onewhohears/dscombat/common/network/VehicleSyncAction with maxs=true frames=true
[Architectury Transformer DEBUG] Transformed com/onewhohears/dscombat/common/network/VehicleSyncAction in 5.778 ms
[Architectury Transformer DEBUG] Transforming from com/onewhohears/dscombat/common/network/VehicleSyncAction$LandingGearAction.class to com/onewhohears/dscombat/common/network/VehicleSyncAction$LandingGearAction.class with 8 transformer(s) on dev.architectury.transformer.handler.TinyRemapperPreparedTransformerHandler
[Architectury Transformer DEBUG] Remapping with 1 mapping provider(s):
[Architectury Transformer DEBUG]  - dev.architectury.transformer.transformers.TransformForgeEnvironment$$Lambda/0x000001de0808e008@120d3fd
[Architectury Transformer DEBUG] Remapping Classes:
[Architectury Transformer DEBUG] net/fabricmc/api/EnvType -> net/minecraftforge/api/distmarker/Dist
[Architectury Transformer DEBUG] net/fabricmc/api/Environment -> net/minecraftforge/api/distmarker/OnlyIn
[Architectury Transformer DEBUG] Found class transformer
[Architectury Transformer DEBUG] Writing com/onewhohears/dscombat/common/network/VehicleSyncAction$LandingGearAction with maxs=true frames=true
[Architectury Transformer DEBUG] Transformed com/onewhohears/dscombat/common/network/VehicleSyncAction$LandingGearAction in 9.102 ms
[Architectury Transformer DEBUG] Transforming from com/onewhohears/dscombat/common/network/VehicleSyncAction$OpenStorageAction.class to com/onewhohears/dscombat/common/network/VehicleSyncAction$OpenStorageAction.class with 8 transformer(s) on dev.architectury.transformer.handler.TinyRemapperPreparedTransformerHandler
[Architectury Transformer DEBUG] Remapping with 1 mapping provider(s):
[Architectury Transformer DEBUG]  - dev.architectury.transformer.transformers.TransformForgeEnvironment$$Lambda/0x000001de0808e008@120d3fd
[Architectury Transformer DEBUG] Remapping Classes:
[Architectury Transformer DEBUG] net/fabricmc/api/EnvType -> net/minecraftforge/api/distmarker/Dist
[Architectury Transformer DEBUG] net/fabricmc/api/Environment -> net/minecraftforge/api/distmarker/OnlyIn
[Architectury Transformer DEBUG] Found class transformer
[Architectury Transformer DEBUG] Writing com/onewhohears/dscombat/common/network/VehicleSyncAction$OpenStorageAction with maxs=true frames=true
[Architectury Transformer DEBUG] Transformed com/onewhohears/dscombat/common/network/VehicleSyncAction$OpenStorageAction in 5.545 ms
[Architectury Transformer DEBUG] Transforming from com/onewhohears/dscombat/common/network/VehicleSyncAction$OpenPartsAction.class to com/onewhohears/dscombat/common/network/VehicleSyncAction$OpenPartsAction.class with 8 transformer(s) on dev.architectury.transformer.handler.TinyRemapperPreparedTransformerHandler
[Architectury Transformer DEBUG] Remapping with 1 mapping provider(s):
[Architectury Transformer DEBUG]  - dev.architectury.transformer.transformers.TransformForgeEnvironment$$Lambda/0x000001de0808e008@120d3fd
[Architectury Transformer DEBUG] Remapping Classes:
[Architectury Transformer DEBUG] net/fabricmc/api/EnvType -> net/minecraftforge/api/distmarker/Dist
[Architectury Transformer DEBUG] net/fabricmc/api/Environment -> net/minecraftforge/api/distmarker/OnlyIn
[Architectury Transformer DEBUG] Found class transformer
[Architectury Transformer DEBUG] Writing com/onewhohears/dscombat/common/network/VehicleSyncAction$OpenPartsAction with maxs=true frames=true
[Architectury Transformer DEBUG] Transformed com/onewhohears/dscombat/common/network/VehicleSyncAction$OpenPartsAction in 8.876 ms
[Architectury Transformer DEBUG] Transforming from com/onewhohears/dscombat/common/network/VehicleSyncAction$SetRadarModeAction.class to com/onewhohears/dscombat/common/network/VehicleSyncAction$SetRadarModeAction.class with 8 transformer(s) on dev.architectury.transformer.handler.TinyRemapperPreparedTransformerHandler
[Architectury Transformer DEBUG] Remapping with 1 mapping provider(s):
[Architectury Transformer DEBUG]  - dev.architectury.transformer.transformers.TransformForgeEnvironment$$Lambda/0x000001de0808e008@120d3fd
[Architectury Transformer DEBUG] Remapping Classes:
[Architectury Transformer DEBUG] net/fabricmc/api/EnvType -> net/minecraftforge/api/distmarker/Dist
[Architectury Transformer DEBUG] net/fabricmc/api/Environment -> net/minecraftforge/api/distmarker/OnlyIn
[Architectury Transformer DEBUG] Found class transformer
[Architectury Transformer DEBUG] Writing com/onewhohears/dscombat/common/network/VehicleSyncAction$SetRadarModeAction with maxs=true frames=true
[Architectury Transformer DEBUG] Transformed com/onewhohears/dscombat/common/network/VehicleSyncAction$SetRadarModeAction in 6.913 ms
[Architectury Transformer DEBUG] Transforming from com/onewhohears/dscombat/common/network/VehicleSyncAction$PingSelectAction.class to com/onewhohears/dscombat/common/network/VehicleSyncAction$PingSelectAction.class with 8 transformer(s) on dev.architectury.transformer.handler.TinyRemapperPreparedTransformerHandler
[Architectury Transformer DEBUG] Remapping with 1 mapping provider(s):
[Architectury Transformer DEBUG]  - dev.architectury.transformer.transformers.TransformForgeEnvironment$$Lambda/0x000001de0808e008@120d3fd
[Architectury Transformer DEBUG] Remapping Classes:
[Architectury Transformer DEBUG] net/fabricmc/api/EnvType -> net/minecraftforge/api/distmarker/Dist
[Architectury Transformer DEBUG] net/fabricmc/api/Environment -> net/minecraftforge/api/distmarker/OnlyIn
[Architectury Transformer DEBUG] Found class transformer
[Architectury Transformer DEBUG] Writing com/onewhohears/dscombat/common/network/VehicleSyncAction$PingSelectAction with maxs=true frames=true
[Architectury Transformer DEBUG] Transformed com/onewhohears/dscombat/common/network/VehicleSyncAction$PingSelectAction in 6.644 ms
[Architectury Transformer DEBUG] Transforming from com/onewhohears/dscombat/common/network/VehicleSyncAction$ShootAction.class to com/onewhohears/dscombat/common/network/VehicleSyncAction$ShootAction.class with 8 transformer(s) on dev.architectury.transformer.handler.TinyRemapperPreparedTransformerHandler
[Architectury Transformer DEBUG] Remapping with 1 mapping provider(s):
[Architectury Transformer DEBUG]  - dev.architectury.transformer.transformers.TransformForgeEnvironment$$Lambda/0x000001de0808e008@120d3fd
[Architectury Transformer DEBUG] Remapping Classes:
[Architectury Transformer DEBUG] net/fabricmc/api/EnvType -> net/minecraftforge/api/distmarker/Dist
[Architectury Transformer DEBUG] net/fabricmc/api/Environment -> net/minecraftforge/api/distmarker/OnlyIn
[Architectury Transformer DEBUG] Found class transformer
[Architectury Transformer DEBUG] Writing com/onewhohears/dscombat/common/network/VehicleSyncAction$ShootAction with maxs=true frames=true
[Architectury Transformer DEBUG] Transformed com/onewhohears/dscombat/common/network/VehicleSyncAction$ShootAction in 6.269 ms
[Architectury Transformer DEBUG] Transforming from com/onewhohears/dscombat/common/network/VehicleSyncAction$ToItemAction.class to com/onewhohears/dscombat/common/network/VehicleSyncAction$ToItemAction.class with 8 transformer(s) on dev.architectury.transformer.handler.TinyRemapperPreparedTransformerHandler
[Architectury Transformer DEBUG] Remapping with 1 mapping provider(s):
[Architectury Transformer DEBUG]  - dev.architectury.transformer.transformers.TransformForgeEnvironment$$Lambda/0x000001de0808e008@120d3fd
[Architectury Transformer DEBUG] Remapping Classes:
[Architectury Transformer DEBUG] net/fabricmc/api/EnvType -> net/minecraftforge/api/distmarker/Dist
[Architectury Transformer DEBUG] net/fabricmc/api/Environment -> net/minecraftforge/api/distmarker/OnlyIn
[Architectury Transformer DEBUG] Found class transformer
[Architectury Transformer DEBUG] Writing com/onewhohears/dscombat/common/network/VehicleSyncAction$ToItemAction with maxs=true frames=true
[Architectury Transformer DEBUG] Transformed com/onewhohears/dscombat/common/network/VehicleSyncAction$ToItemAction in 9.037 ms
[Architectury Transformer DEBUG] Transforming from com/onewhohears/dscombat/common/network/VehicleSyncAction$DismountAction.class to com/onewhohears/dscombat/common/network/VehicleSyncAction$DismountAction.class with 8 transformer(s) on dev.architectury.transformer.handler.TinyRemapperPreparedTransformerHandler
[Architectury Transformer DEBUG] Remapping with 1 mapping provider(s):
[Architectury Transformer DEBUG]  - dev.architectury.transformer.transformers.TransformForgeEnvironment$$Lambda/0x000001de0808e008@120d3fd
[Architectury Transformer DEBUG] Remapping Classes:
[Architectury Transformer DEBUG] net/fabricmc/api/EnvType -> net/minecraftforge/api/distmarker/Dist
[Architectury Transformer DEBUG] net/fabricmc/api/Environment -> net/minecraftforge/api/distmarker/OnlyIn
[Architectury Transformer DEBUG] Found class transformer
[Architectury Transformer DEBUG] Writing com/onewhohears/dscombat/common/network/VehicleSyncAction$DismountAction with maxs=true frames=true
[Architectury Transformer DEBUG] Transformed com/onewhohears/dscombat/common/network/VehicleSyncAction$DismountAction in 6.248 ms
[Architectury Transformer DEBUG] Transforming from com/onewhohears/dscombat/common/network/VehicleSyncAction$SwitchSeatAction.class to com/onewhohears/dscombat/common/network/VehicleSyncAction$SwitchSeatAction.class with 8 transformer(s) on dev.architectury.transformer.handler.TinyRemapperPreparedTransformerHandler
[Architectury Transformer DEBUG] Remapping with 1 mapping provider(s):
[Architectury Transformer DEBUG]  - dev.architectury.transformer.transformers.TransformForgeEnvironment$$Lambda/0x000001de0808e008@120d3fd
[Architectury Transformer DEBUG] Remapping Classes:
[Architectury Transformer DEBUG] net/fabricmc/api/EnvType -> net/minecraftforge/api/distmarker/Dist
[Architectury Transformer DEBUG] net/fabricmc/api/Environment -> net/minecraftforge/api/distmarker/OnlyIn
[Architectury Transformer DEBUG] Found class transformer
[Architectury Transformer DEBUG] Writing com/onewhohears/dscombat/common/network/VehicleSyncAction$SwitchSeatAction with maxs=true frames=true
[Architectury Transformer DEBUG] Transformed com/onewhohears/dscombat/common/network/VehicleSyncAction$SwitchSeatAction in 5.904 ms
[Architectury Transformer DEBUG] Transforming from com/onewhohears/dscombat/common/network/VehicleSyncAction$LoadPartAction.class to com/onewhohears/dscombat/common/network/VehicleSyncAction$LoadPartAction.class with 8 transformer(s) on dev.architectury.transformer.handler.TinyRemapperPreparedTransformerHandler
[Architectury Transformer DEBUG] Remapping with 1 mapping provider(s):
[Architectury Transformer DEBUG]  - dev.architectury.transformer.transformers.TransformForgeEnvironment$$Lambda/0x000001de0808e008@120d3fd
[Architectury Transformer DEBUG] Remapping Classes:
[Architectury Transformer DEBUG] net/fabricmc/api/EnvType -> net/minecraftforge/api/distmarker/Dist
[Architectury Transformer DEBUG] net/fabricmc/api/Environment -> net/minecraftforge/api/distmarker/OnlyIn
[Architectury Transformer DEBUG] Found class transformer
[Architectury Transformer DEBUG] Writing com/onewhohears/dscombat/common/network/VehicleSyncAction$LoadPartAction with maxs=true frames=true
[Architectury Transformer DEBUG] Transformed com/onewhohears/dscombat/common/network/VehicleSyncAction$LoadPartAction in 5.660 ms
[Architectury Transformer DEBUG] Transforming from com/onewhohears/dscombat/common/network/VehicleSyncAction$JetesinAction.class to com/onewhohears/dscombat/common/network/VehicleSyncAction$JetesinAction.class with 8 transformer(s) on dev.architectury.transformer.handler.TinyRemapperPreparedTransformerHandler
[Architectury Transformer DEBUG] Remapping with 1 mapping provider(s):
[Architectury Transformer DEBUG]  - dev.architectury.transformer.transformers.TransformForgeEnvironment$$Lambda/0x000001de0808e008@120d3fd
[Architectury Transformer DEBUG] Remapping Classes:
[Architectury Transformer DEBUG] net/fabricmc/api/EnvType -> net/minecraftforge/api/distmarker/Dist
[Architectury Transformer DEBUG] net/fabricmc/api/Environment -> net/minecraftforge/api/distmarker/OnlyIn
[Architectury Transformer DEBUG] Found class transformer
[Architectury Transformer DEBUG] Writing com/onewhohears/dscombat/common/network/VehicleSyncAction$JetesinAction with maxs=true frames=true
[Architectury Transformer DEBUG] Transformed com/onewhohears/dscombat/common/network/VehicleSyncAction$JetesinAction in 4.483 ms
[Architectury Transformer DEBUG] Transforming from com/onewhohears/dscombat/common/network/VehicleSyncAction$SetPermModeAction.class to com/onewhohears/dscombat/common/network/VehicleSyncAction$SetPermModeAction.class with 8 transformer(s) on dev.architectury.transformer.handler.TinyRemapperPreparedTransformerHandler
[Architectury Transformer DEBUG] Remapping with 1 mapping provider(s):
[Architectury Transformer DEBUG]  - dev.architectury.transformer.transformers.TransformForgeEnvironment$$Lambda/0x000001de0808e008@120d3fd
[Architectury Transformer DEBUG] Remapping Classes:
[Architectury Transformer DEBUG] net/fabricmc/api/EnvType -> net/minecraftforge/api/distmarker/Dist
[Architectury Transformer DEBUG] net/fabricmc/api/Environment -> net/minecraftforge/api/distmarker/OnlyIn
[Architectury Transformer DEBUG] Found class transformer
[Architectury Transformer DEBUG] Writing com/onewhohears/dscombat/common/network/VehicleSyncAction$SetPermModeAction with maxs=true frames=true
[Architectury Transformer DEBUG] Transformed com/onewhohears/dscombat/common/network/VehicleSyncAction$SetPermModeAction in 4.399 ms
[Architectury Transformer DEBUG] Transforming from com/onewhohears/dscombat/common/network/VehicleSyncAction$SetCustomNameAction.class to com/onewhohears/dscombat/common/network/VehicleSyncAction$SetCustomNameAction.class with 8 transformer(s) on dev.architectury.transformer.handler.TinyRemapperPreparedTransformerHandler
[Architectury Transformer DEBUG] Remapping with 1 mapping provider(s):
[Architectury Transformer DEBUG]  - dev.architectury.transformer.transformers.TransformForgeEnvironment$$Lambda/0x000001de0808e008@120d3fd
[Architectury Transformer DEBUG] Remapping Classes:
[Architectury Transformer DEBUG] net/fabricmc/api/EnvType -> net/minecraftforge/api/distmarker/Dist
[Architectury Transformer DEBUG] net/fabricmc/api/Environment -> net/minecraftforge/api/distmarker/OnlyIn
[Architectury Transformer DEBUG] Found class transformer
[Architectury Transformer DEBUG] Writing com/onewhohears/dscombat/common/network/VehicleSyncAction$SetCustomNameAction with maxs=true frames=true
[Architectury Transformer DEBUG] Transformed com/onewhohears/dscombat/common/network/VehicleSyncAction$SetCustomNameAction in 6.664 ms
[Architectury Transformer DEBUG] Transforming from com/onewhohears/dscombat/common/network/VehicleSyncAction$SmokeGrenadeAction.class to com/onewhohears/dscombat/common/network/VehicleSyncAction$SmokeGrenadeAction.class with 8 transformer(s) on dev.architectury.transformer.handler.TinyRemapperPreparedTransformerHandler
[Architectury Transformer DEBUG] Remapping with 1 mapping provider(s):
[Architectury Transformer DEBUG]  - dev.architectury.transformer.transformers.TransformForgeEnvironment$$Lambda/0x000001de0808e008@120d3fd
[Architectury Transformer DEBUG] Remapping Classes:
[Architectury Transformer DEBUG] net/fabricmc/api/EnvType -> net/minecraftforge/api/distmarker/Dist
[Architectury Transformer DEBUG] net/fabricmc/api/Environment -> net/minecraftforge/api/distmarker/OnlyIn
[Architectury Transformer DEBUG] Found class transformer
[Architectury Transformer DEBUG] Writing com/onewhohears/dscombat/common/network/VehicleSyncAction$SmokeGrenadeAction with maxs=true frames=true
[Architectury Transformer DEBUG] Transformed com/onewhohears/dscombat/common/network/VehicleSyncAction$SmokeGrenadeAction in 9.418 ms
[Architectury Transformer DEBUG] Transforming from com/onewhohears/dscombat/common/network/PacketHandler.class to com/onewhohears/dscombat/common/network/PacketHandler.class with 8 transformer(s) on dev.architectury.transformer.handler.TinyRemapperPreparedTransformerHandler
[Architectury Transformer DEBUG] Remapping with 1 mapping provider(s):
[Architectury Transformer DEBUG]  - dev.architectury.transformer.transformers.TransformForgeEnvironment$$Lambda/0x000001de0808e008@120d3fd
[Architectury Transformer DEBUG] Remapping Classes:
[Architectury Transformer DEBUG] net/fabricmc/api/EnvType -> net/minecraftforge/api/distmarker/Dist
[Architectury Transformer DEBUG] net/fabricmc/api/Environment -> net/minecraftforge/api/distmarker/OnlyIn
[Architectury Transformer DEBUG] Found class transformer
[Architectury Transformer DEBUG] Writing com/onewhohears/dscombat/common/network/PacketHandler with maxs=true frames=true
[Architectury Transformer DEBUG] Transformed com/onewhohears/dscombat/common/network/PacketHandler in 6.613 ms
[Architectury Transformer DEBUG] Transforming from com/onewhohears/dscombat/common/network/toserver/ToServerVehicleControl.class to com/onewhohears/dscombat/common/network/toserver/ToServerVehicleControl.class with 8 transformer(s) on dev.architectury.transformer.handler.TinyRemapperPreparedTransformerHandler
[Architectury Transformer DEBUG] Remapping with 1 mapping provider(s):
[Architectury Transformer DEBUG]  - dev.architectury.transformer.transformers.TransformForgeEnvironment$$Lambda/0x000001de0808e008@120d3fd
[Architectury Transformer DEBUG] Remapping Classes:
[Architectury Transformer DEBUG] net/fabricmc/api/EnvType -> net/minecraftforge/api/distmarker/Dist
[Architectury Transformer DEBUG] net/fabricmc/api/Environment -> net/minecraftforge/api/distmarker/OnlyIn
[Architectury Transformer DEBUG] Found class transformer
[Architectury Transformer DEBUG] Writing com/onewhohears/dscombat/common/network/toserver/ToServerVehicleControl with maxs=true frames=true
[Architectury Transformer DEBUG] Transformed com/onewhohears/dscombat/common/network/toserver/ToServerVehicleControl in 10.32 ms
[Architectury Transformer DEBUG] Transforming from com/onewhohears/dscombat/common/network/toserver/ToServerCraftWeapon.class to com/onewhohears/dscombat/common/network/toserver/ToServerCraftWeapon.class with 8 transformer(s) on dev.architectury.transformer.handler.TinyRemapperPreparedTransformerHandler
[Architectury Transformer DEBUG] Remapping with 1 mapping provider(s):
[Architectury Transformer DEBUG]  - dev.architectury.transformer.transformers.TransformForgeEnvironment$$Lambda/0x000001de0808e008@120d3fd
[Architectury Transformer DEBUG] Remapping Classes:
[Architectury Transformer DEBUG] net/fabricmc/api/EnvType -> net/minecraftforge/api/distmarker/Dist
[Architectury Transformer DEBUG] net/fabricmc/api/Environment -> net/minecraftforge/api/distmarker/OnlyIn
[Architectury Transformer DEBUG] Found class transformer
[Architectury Transformer DEBUG] Writing com/onewhohears/dscombat/common/network/toserver/ToServerCraftWeapon with maxs=true frames=true
[Architectury Transformer DEBUG] Transformed com/onewhohears/dscombat/common/network/toserver/ToServerCraftWeapon in 7.139 ms
[Architectury Transformer DEBUG] Transforming from com/onewhohears/dscombat/common/network/toserver/ToServerCraftPlane.class to com/onewhohears/dscombat/common/network/toserver/ToServerCraftPlane.class with 8 transformer(s) on dev.architectury.transformer.handler.TinyRemapperPreparedTransformerHandler
[Architectury Transformer DEBUG] Remapping with 1 mapping provider(s):
[Architectury Transformer DEBUG]  - dev.architectury.transformer.transformers.TransformForgeEnvironment$$Lambda/0x000001de0808e008@120d3fd
[Architectury Transformer DEBUG] Remapping Classes:
[Architectury Transformer DEBUG] net/fabricmc/api/EnvType -> net/minecraftforge/api/distmarker/Dist
[Architectury Transformer DEBUG] net/fabricmc/api/Environment -> net/minecraftforge/api/distmarker/OnlyIn
[Architectury Transformer DEBUG] Found class transformer
[Architectury Transformer DEBUG] Writing com/onewhohears/dscombat/common/network/toserver/ToServerCraftPlane with maxs=true frames=true
[Architectury Transformer DEBUG] Transformed com/onewhohears/dscombat/common/network/toserver/ToServerCraftPlane in 10.42 ms
[Architectury Transformer DEBUG] Transforming from com/onewhohears/dscombat/common/network/toserver/ToServerSeatPos.class to com/onewhohears/dscombat/common/network/toserver/ToServerSeatPos.class with 8 transformer(s) on dev.architectury.transformer.handler.TinyRemapperPreparedTransformerHandler
[Architectury Transformer DEBUG] Remapping with 1 mapping provider(s):
[Architectury Transformer DEBUG]  - dev.architectury.transformer.transformers.TransformForgeEnvironment$$Lambda/0x000001de0808e008@120d3fd
[Architectury Transformer DEBUG] Remapping Classes:
[Architectury Transformer DEBUG] net/fabricmc/api/EnvType -> net/minecraftforge/api/distmarker/Dist
[Architectury Transformer DEBUG] net/fabricmc/api/Environment -> net/minecraftforge/api/distmarker/OnlyIn
[Architectury Transformer DEBUG] Found class transformer
[Architectury Transformer DEBUG] Writing com/onewhohears/dscombat/common/network/toserver/ToServerSeatPos with maxs=true frames=true
[Architectury Transformer DEBUG] Transformed com/onewhohears/dscombat/common/network/toserver/ToServerSeatPos in 10.79 ms
[Architectury Transformer DEBUG] Transforming from com/onewhohears/dscombat/common/network/toserver/ToServerVehicleCollide.class to com/onewhohears/dscombat/common/network/toserver/ToServerVehicleCollide.class with 8 transformer(s) on dev.architectury.transformer.handler.TinyRemapperPreparedTransformerHandler
[Architectury Transformer DEBUG] Remapping with 1 mapping provider(s):
[Architectury Transformer DEBUG]  - dev.architectury.transformer.transformers.TransformForgeEnvironment$$Lambda/0x000001de0808e008@120d3fd
[Architectury Transformer DEBUG] Remapping Classes:
[Architectury Transformer DEBUG] net/fabricmc/api/EnvType -> net/minecraftforge/api/distmarker/Dist
[Architectury Transformer DEBUG] net/fabricmc/api/Environment -> net/minecraftforge/api/distmarker/OnlyIn
[Architectury Transformer DEBUG] Found class transformer
[Architectury Transformer DEBUG] Writing com/onewhohears/dscombat/common/network/toserver/ToServerVehicleCollide with maxs=true frames=true
[Architectury Transformer DEBUG] Transformed com/onewhohears/dscombat/common/network/toserver/ToServerVehicleCollide in 6.800 ms
[Architectury Transformer DEBUG] Transforming from com/onewhohears/dscombat/common/network/toserver/ToServerVehicleMoveRot.class to com/onewhohears/dscombat/common/network/toserver/ToServerVehicleMoveRot.class with 8 transformer(s) on dev.architectury.transformer.handler.TinyRemapperPreparedTransformerHandler
[Architectury Transformer DEBUG] Remapping with 1 mapping provider(s):
[Architectury Transformer DEBUG]  - dev.architectury.transformer.transformers.TransformForgeEnvironment$$Lambda/0x000001de0808e008@120d3fd
[Architectury Transformer DEBUG] Remapping Classes:
[Architectury Transformer DEBUG] net/fabricmc/api/EnvType -> net/minecraftforge/api/distmarker/Dist
[Architectury Transformer DEBUG] net/fabricmc/api/Environment -> net/minecraftforge/api/distmarker/OnlyIn
[Architectury Transformer DEBUG] Found class transformer
[Architectury Transformer DEBUG] Writing com/onewhohears/dscombat/common/network/toserver/ToServerVehicleMoveRot with maxs=true frames=true
[Architectury Transformer DEBUG] Transformed com/onewhohears/dscombat/common/network/toserver/ToServerVehicleMoveRot in 8.150 ms
[Architectury Transformer DEBUG] Transforming from com/onewhohears/dscombat/common/network/toserver/ToServerVehicleTexture.class to com/onewhohears/dscombat/common/network/toserver/ToServerVehicleTexture.class with 8 transformer(s) on dev.architectury.transformer.handler.TinyRemapperPreparedTransformerHandler
[Architectury Transformer DEBUG] Remapping with 1 mapping provider(s):
[Architectury Transformer DEBUG]  - dev.architectury.transformer.transformers.TransformForgeEnvironment$$Lambda/0x000001de0808e008@120d3fd
[Architectury Transformer DEBUG] Remapping Classes:
[Architectury Transformer DEBUG] net/fabricmc/api/EnvType -> net/minecraftforge/api/distmarker/Dist
[Architectury Transformer DEBUG] net/fabricmc/api/Environment -> net/minecraftforge/api/distmarker/OnlyIn
[Architectury Transformer DEBUG] Found class transformer
[Architectury Transformer DEBUG] Writing com/onewhohears/dscombat/common/network/toserver/ToServerVehicleTexture with maxs=true frames=true
[Architectury Transformer DEBUG] Transformed com/onewhohears/dscombat/common/network/toserver/ToServerVehicleTexture in 5.490 ms
[Architectury Transformer DEBUG] Transforming from com/onewhohears/dscombat/common/network/toclient/ToClientVehicleTexture.class to com/onewhohears/dscombat/common/network/toclient/ToClientVehicleTexture.class with 8 transformer(s) on dev.architectury.transformer.handler.TinyRemapperPreparedTransformerHandler
[Architectury Transformer DEBUG] Remapping with 1 mapping provider(s):
[Architectury Transformer DEBUG]  - dev.architectury.transformer.transformers.TransformForgeEnvironment$$Lambda/0x000001de0808e008@120d3fd
[Architectury Transformer DEBUG] Remapping Classes:
[Architectury Transformer DEBUG] net/fabricmc/api/EnvType -> net/minecraftforge/api/distmarker/Dist
[Architectury Transformer DEBUG] net/fabricmc/api/Environment -> net/minecraftforge/api/distmarker/OnlyIn
[Architectury Transformer DEBUG] Found class transformer
[Architectury Transformer DEBUG] Writing com/onewhohears/dscombat/common/network/toclient/ToClientVehicleTexture with maxs=true frames=true
[Architectury Transformer DEBUG] Transformed com/onewhohears/dscombat/common/network/toclient/ToClientVehicleTexture in 6.015 ms
[Architectury Transformer DEBUG] Transforming from com/onewhohears/dscombat/common/network/toserver/ToServerGetHookChains.class to com/onewhohears/dscombat/common/network/toserver/ToServerGetHookChains.class with 8 transformer(s) on dev.architectury.transformer.handler.TinyRemapperPreparedTransformerHandler
[Architectury Transformer DEBUG] Remapping with 1 mapping provider(s):
[Architectury Transformer DEBUG]  - dev.architectury.transformer.transformers.TransformForgeEnvironment$$Lambda/0x000001de0808e008@120d3fd
[Architectury Transformer DEBUG] Remapping Classes:
[Architectury Transformer DEBUG] net/fabricmc/api/EnvType -> net/minecraftforge/api/distmarker/Dist
[Architectury Transformer DEBUG] net/fabricmc/api/Environment -> net/minecraftforge/api/distmarker/OnlyIn
[Architectury Transformer DEBUG] Found class transformer
[Architectury Transformer DEBUG] Writing com/onewhohears/dscombat/common/network/toserver/ToServerGetHookChains with maxs=true frames=true
[Architectury Transformer DEBUG] Transformed com/onewhohears/dscombat/common/network/toserver/ToServerGetHookChains in 5.524 ms
[Architectury Transformer DEBUG] Transforming from com/onewhohears/dscombat/common/network/toserver/ToServerSyncRotBoxPassengerPos.class to com/onewhohears/dscombat/common/network/toserver/ToServerSyncRotBoxPassengerPos.class with 8 transformer(s) on dev.architectury.transformer.handler.TinyRemapperPreparedTransformerHandler
[Architectury Transformer DEBUG] Remapping with 1 mapping provider(s):
[Architectury Transformer DEBUG]  - dev.architectury.transformer.transformers.TransformForgeEnvironment$$Lambda/0x000001de0808e008@120d3fd
[Architectury Transformer DEBUG] Remapping Classes:
[Architectury Transformer DEBUG] net/fabricmc/api/EnvType -> net/minecraftforge/api/distmarker/Dist
[Architectury Transformer DEBUG] net/fabricmc/api/Environment -> net/minecraftforge/api/distmarker/OnlyIn
[Architectury Transformer DEBUG] Found class transformer
[Architectury Transformer DEBUG] Writing com/onewhohears/dscombat/common/network/toserver/ToServerSyncRotBoxPassengerPos with maxs=true frames=true
[Architectury Transformer DEBUG] Transformed com/onewhohears/dscombat/common/network/toserver/ToServerSyncRotBoxPassengerPos in 6.069 ms
[Architectury Transformer DEBUG] Transforming from com/onewhohears/dscombat/common/network/toserver/ToServerFixHitboxes.class to com/onewhohears/dscombat/common/network/toserver/ToServerFixHitboxes.class with 8 transformer(s) on dev.architectury.transformer.handler.TinyRemapperPreparedTransformerHandler
[Architectury Transformer DEBUG] Remapping with 1 mapping provider(s):
[Architectury Transformer DEBUG]  - dev.architectury.transformer.transformers.TransformForgeEnvironment$$Lambda/0x000001de0808e008@120d3fd
[Architectury Transformer DEBUG] Remapping Classes:
[Architectury Transformer DEBUG] net/fabricmc/api/EnvType -> net/minecraftforge/api/distmarker/Dist
[Architectury Transformer DEBUG] net/fabricmc/api/Environment -> net/minecraftforge/api/distmarker/OnlyIn
[Architectury Transformer DEBUG] Found class transformer
[Architectury Transformer DEBUG] Writing com/onewhohears/dscombat/common/network/toserver/ToServerFixHitboxes with maxs=true frames=true
[Architectury Transformer DEBUG] Transformed com/onewhohears/dscombat/common/network/toserver/ToServerFixHitboxes in 5.129 ms
[Architectury Transformer DEBUG] Transforming from com/onewhohears/dscombat/common/network/toserver/ToServerVehicleSyncAction.class to com/onewhohears/dscombat/common/network/toserver/ToServerVehicleSyncAction.class with 8 transformer(s) on dev.architectury.transformer.handler.TinyRemapperPreparedTransformerHandler
[Architectury Transformer DEBUG] Remapping with 1 mapping provider(s):
[Architectury Transformer DEBUG]  - dev.architectury.transformer.transformers.TransformForgeEnvironment$$Lambda/0x000001de0808e008@120d3fd
[Architectury Transformer DEBUG] Remapping Classes:
[Architectury Transformer DEBUG] net/fabricmc/api/EnvType -> net/minecraftforge/api/distmarker/Dist
[Architectury Transformer DEBUG] net/fabricmc/api/Environment -> net/minecraftforge/api/distmarker/OnlyIn
[Architectury Transformer DEBUG] Found class transformer
[Architectury Transformer DEBUG] Writing com/onewhohears/dscombat/common/network/toserver/ToServerVehicleSyncAction with maxs=true frames=true
[Architectury Transformer DEBUG] Transformed com/onewhohears/dscombat/common/network/toserver/ToServerVehicleSyncAction in 11.12 ms
[Architectury Transformer DEBUG] Transforming from com/onewhohears/dscombat/common/network/toserver/ToServerCraftWeaponPart.class to com/onewhohears/dscombat/common/network/toserver/ToServerCraftWeaponPart.class with 8 transformer(s) on dev.architectury.transformer.handler.TinyRemapperPreparedTransformerHandler
[Architectury Transformer DEBUG] Remapping with 1 mapping provider(s):
[Architectury Transformer DEBUG]  - dev.architectury.transformer.transformers.TransformForgeEnvironment$$Lambda/0x000001de0808e008@120d3fd
[Architectury Transformer DEBUG] Remapping Classes:
[Architectury Transformer DEBUG] net/fabricmc/api/EnvType -> net/minecraftforge/api/distmarker/Dist
[Architectury Transformer DEBUG] net/fabricmc/api/Environment -> net/minecraftforge/api/distmarker/OnlyIn
[Architectury Transformer DEBUG] Found class transformer
[Architectury Transformer DEBUG] Writing com/onewhohears/dscombat/common/network/toserver/ToServerCraftWeaponPart with maxs=true frames=true
[Architectury Transformer DEBUG] Transformed com/onewhohears/dscombat/common/network/toserver/ToServerCraftWeaponPart in 7.494 ms
[Architectury Transformer DEBUG] Transforming from com/onewhohears/dscombat/common/network/toserver/ToServerMissileStationLaunch.class to com/onewhohears/dscombat/common/network/toserver/ToServerMissileStationLaunch.class with 8 transformer(s) on dev.architectury.transformer.handler.TinyRemapperPreparedTransformerHandler
[Architectury Transformer DEBUG] Remapping with 1 mapping provider(s):
[Architectury Transformer DEBUG]  - dev.architectury.transformer.transformers.TransformForgeEnvironment$$Lambda/0x000001de0808e008@120d3fd
[Architectury Transformer DEBUG] Remapping Classes:
[Architectury Transformer DEBUG] net/fabricmc/api/EnvType -> net/minecraftforge/api/distmarker/Dist
[Architectury Transformer DEBUG] net/fabricmc/api/Environment -> net/minecraftforge/api/distmarker/OnlyIn
[Architectury Transformer DEBUG] Found class transformer
[Architectury Transformer DEBUG] Writing com/onewhohears/dscombat/common/network/toserver/ToServerMissileStationLaunch with maxs=true frames=true
[Architectury Transformer DEBUG] Transformed com/onewhohears/dscombat/common/network/toserver/ToServerMissileStationLaunch in 10.10 ms
[Architectury Transformer DEBUG] Transforming from com/onewhohears/dscombat/common/network/toserver/ToServerMissileStationToggleArmed.class to com/onewhohears/dscombat/common/network/toserver/ToServerMissileStationToggleArmed.class with 8 transformer(s) on dev.architectury.transformer.handler.TinyRemapperPreparedTransformerHandler
[Architectury Transformer DEBUG] Remapping with 1 mapping provider(s):
[Architectury Transformer DEBUG]  - dev.architectury.transformer.transformers.TransformForgeEnvironment$$Lambda/0x000001de0808e008@120d3fd
[Architectury Transformer DEBUG] Remapping Classes:
[Architectury Transformer DEBUG] net/fabricmc/api/EnvType -> net/minecraftforge/api/distmarker/Dist
[Architectury Transformer DEBUG] net/fabricmc/api/Environment -> net/minecraftforge/api/distmarker/OnlyIn
[Architectury Transformer DEBUG] Found class transformer
[Architectury Transformer DEBUG] Writing com/onewhohears/dscombat/common/network/toserver/ToServerMissileStationToggleArmed with maxs=true frames=true
[Architectury Transformer DEBUG] Transformed com/onewhohears/dscombat/common/network/toserver/ToServerMissileStationToggleArmed in 8.887 ms
[Architectury Transformer DEBUG] Transforming from com/onewhohears/dscombat/common/network/toserver/ToServerMissileStationSetTarget.class to com/onewhohears/dscombat/common/network/toserver/ToServerMissileStationSetTarget.class with 8 transformer(s) on dev.architectury.transformer.handler.TinyRemapperPreparedTransformerHandler
[Architectury Transformer DEBUG] Remapping with 1 mapping provider(s):
[Architectury Transformer DEBUG]  - dev.architectury.transformer.transformers.TransformForgeEnvironment$$Lambda/0x000001de0808e008@120d3fd
[Architectury Transformer DEBUG] Remapping Classes:
[Architectury Transformer DEBUG] net/fabricmc/api/EnvType -> net/minecraftforge/api/distmarker/Dist
[Architectury Transformer DEBUG] net/fabricmc/api/Environment -> net/minecraftforge/api/distmarker/OnlyIn
[Architectury Transformer DEBUG] Found class transformer
[Architectury Transformer DEBUG] Writing com/onewhohears/dscombat/common/network/toserver/ToServerMissileStationSetTarget with maxs=true frames=true
[Architectury Transformer DEBUG] Transformed com/onewhohears/dscombat/common/network/toserver/ToServerMissileStationSetTarget in 9.693 ms
[Architectury Transformer DEBUG] Transforming from com/onewhohears/dscombat/common/network/toserver/ToServerVehicleDecal.class to com/onewhohears/dscombat/common/network/toserver/ToServerVehicleDecal.class with 8 transformer(s) on dev.architectury.transformer.handler.TinyRemapperPreparedTransformerHandler
[Architectury Transformer DEBUG] Remapping with 1 mapping provider(s):
[Architectury Transformer DEBUG]  - dev.architectury.transformer.transformers.TransformForgeEnvironment$$Lambda/0x000001de0808e008@120d3fd
[Architectury Transformer DEBUG] Remapping Classes:
[Architectury Transformer DEBUG] net/fabricmc/api/EnvType -> net/minecraftforge/api/distmarker/Dist
[Architectury Transformer DEBUG] net/fabricmc/api/Environment -> net/minecraftforge/api/distmarker/OnlyIn
[Architectury Transformer DEBUG] Found class transformer
[Architectury Transformer DEBUG] Writing com/onewhohears/dscombat/common/network/toserver/ToServerVehicleDecal with maxs=true frames=true
[Architectury Transformer DEBUG] Transformed com/onewhohears/dscombat/common/network/toserver/ToServerVehicleDecal in 8.024 ms
[Architectury Transformer DEBUG] Transforming from com/onewhohears/dscombat/common/network/toclient/ToClientVehicleDecal.class to com/onewhohears/dscombat/common/network/toclient/ToClientVehicleDecal.class with 8 transformer(s) on dev.architectury.transformer.handler.TinyRemapperPreparedTransformerHandler
[Architectury Transformer DEBUG] Remapping with 1 mapping provider(s):
[Architectury Transformer DEBUG]  - dev.architectury.transformer.transformers.TransformForgeEnvironment$$Lambda/0x000001de0808e008@120d3fd
[Architectury Transformer DEBUG] Remapping Classes:
[Architectury Transformer DEBUG] net/fabricmc/api/EnvType -> net/minecraftforge/api/distmarker/Dist
[Architectury Transformer DEBUG] net/fabricmc/api/Environment -> net/minecraftforge/api/distmarker/OnlyIn
[Architectury Transformer DEBUG] Found class transformer
[Architectury Transformer DEBUG] Writing com/onewhohears/dscombat/common/network/toclient/ToClientVehicleDecal with maxs=true frames=true
[Architectury Transformer DEBUG] Transformed com/onewhohears/dscombat/common/network/toclient/ToClientVehicleDecal in 6.948 ms
[Architectury Transformer DEBUG] Transforming from com/onewhohears/dscombat/common/network/toclient/ToClientRadarPings.class to com/onewhohears/dscombat/common/network/toclient/ToClientRadarPings.class with 8 transformer(s) on dev.architectury.transformer.handler.TinyRemapperPreparedTransformerHandler
[Architectury Transformer DEBUG] Remapping with 1 mapping provider(s):
[Architectury Transformer DEBUG]  - dev.architectury.transformer.transformers.TransformForgeEnvironment$$Lambda/0x000001de0808e008@120d3fd
[Architectury Transformer DEBUG] Remapping Classes:
[Architectury Transformer DEBUG] net/fabricmc/api/EnvType -> net/minecraftforge/api/distmarker/Dist
[Architectury Transformer DEBUG] net/fabricmc/api/Environment -> net/minecraftforge/api/distmarker/OnlyIn
[Architectury Transformer DEBUG] Found class transformer
[Architectury Transformer DEBUG] Writing com/onewhohears/dscombat/common/network/toclient/ToClientRadarPings with maxs=true frames=true
[Architectury Transformer DEBUG] Transformed com/onewhohears/dscombat/common/network/toclient/ToClientRadarPings in 6.697 ms
[Architectury Transformer DEBUG] Transforming from com/onewhohears/dscombat/common/network/toclient/ToClientWeaponAmmo.class to com/onewhohears/dscombat/common/network/toclient/ToClientWeaponAmmo.class with 8 transformer(s) on dev.architectury.transformer.handler.TinyRemapperPreparedTransformerHandler
[Architectury Transformer DEBUG] Remapping with 1 mapping provider(s):
[Architectury Transformer DEBUG]  - dev.architectury.transformer.transformers.TransformForgeEnvironment$$Lambda/0x000001de0808e008@120d3fd
[Architectury Transformer DEBUG] Remapping Classes:
[Architectury Transformer DEBUG] net/fabricmc/api/EnvType -> net/minecraftforge/api/distmarker/Dist
[Architectury Transformer DEBUG] net/fabricmc/api/Environment -> net/minecraftforge/api/distmarker/OnlyIn
[Architectury Transformer DEBUG] Found class transformer
[Architectury Transformer DEBUG] Writing com/onewhohears/dscombat/common/network/toclient/ToClientWeaponAmmo with maxs=true frames=true
[Architectury Transformer DEBUG] Transformed com/onewhohears/dscombat/common/network/toclient/ToClientWeaponAmmo in 7.139 ms
[Architectury Transformer DEBUG] Transforming from com/onewhohears/dscombat/common/network/toclient/ToClientRemovePart.class to com/onewhohears/dscombat/common/network/toclient/ToClientRemovePart.class with 8 transformer(s) on dev.architectury.transformer.handler.TinyRemapperPreparedTransformerHandler
[Architectury Transformer DEBUG] Remapping with 1 mapping provider(s):
[Architectury Transformer DEBUG]  - dev.architectury.transformer.transformers.TransformForgeEnvironment$$Lambda/0x000001de0808e008@120d3fd
[Architectury Transformer DEBUG] Remapping Classes:
[Architectury Transformer DEBUG] net/fabricmc/api/EnvType -> net/minecraftforge/api/distmarker/Dist
[Architectury Transformer DEBUG] net/fabricmc/api/Environment -> net/minecraftforge/api/distmarker/OnlyIn
[Architectury Transformer DEBUG] Found class transformer
[Architectury Transformer DEBUG] Writing com/onewhohears/dscombat/common/network/toclient/ToClientRemovePart with maxs=true frames=true
[Architectury Transformer DEBUG] Transformed com/onewhohears/dscombat/common/network/toclient/ToClientRemovePart in 6.606 ms
[Architectury Transformer DEBUG] Transforming from com/onewhohears/dscombat/common/network/toclient/ToClientAddPart.class to com/onewhohears/dscombat/common/network/toclient/ToClientAddPart.class with 8 transformer(s) on dev.architectury.transformer.handler.TinyRemapperPreparedTransformerHandler
[Architectury Transformer DEBUG] Remapping with 1 mapping provider(s):
[Architectury Transformer DEBUG]  - dev.architectury.transformer.transformers.TransformForgeEnvironment$$Lambda/0x000001de0808e008@120d3fd
[Architectury Transformer DEBUG] Remapping Classes:
[Architectury Transformer DEBUG] net/fabricmc/api/EnvType -> net/minecraftforge/api/distmarker/Dist
[Architectury Transformer DEBUG] net/fabricmc/api/Environment -> net/minecraftforge/api/distmarker/OnlyIn
[Architectury Transformer DEBUG] Found class transformer
[Architectury Transformer DEBUG] Writing com/onewhohears/dscombat/common/network/toclient/ToClientAddPart with maxs=true frames=true
[Architectury Transformer DEBUG] Transformed com/onewhohears/dscombat/common/network/toclient/ToClientAddPart in 7.097 ms
[Architectury Transformer DEBUG] Transforming from com/onewhohears/dscombat/common/network/toclient/ToClientRWRWarning.class to com/onewhohears/dscombat/common/network/toclient/ToClientRWRWarning.class with 8 transformer(s) on dev.architectury.transformer.handler.TinyRemapperPreparedTransformerHandler
[Architectury Transformer DEBUG] Remapping with 1 mapping provider(s):
[Architectury Transformer DEBUG]  - dev.architectury.transformer.transformers.TransformForgeEnvironment$$Lambda/0x000001de0808e008@120d3fd
[Architectury Transformer DEBUG] Remapping Classes:
[Architectury Transformer DEBUG] net/fabricmc/api/EnvType -> net/minecraftforge/api/distmarker/Dist
[Architectury Transformer DEBUG] net/fabricmc/api/Environment -> net/minecraftforge/api/distmarker/OnlyIn
[Architectury Transformer DEBUG] Found class transformer
[Architectury Transformer DEBUG] Writing com/onewhohears/dscombat/common/network/toclient/ToClientRWRWarning with maxs=true frames=true
[Architectury Transformer DEBUG] Transformed com/onewhohears/dscombat/common/network/toclient/ToClientRWRWarning in 8.819 ms
[Architectury Transformer DEBUG] Transforming from com/onewhohears/dscombat/common/network/toclient/ToClientRemoveFireColumn.class to com/onewhohears/dscombat/common/network/toclient/ToClientRemoveFireColumn.class with 8 transformer(s) on dev.architectury.transformer.handler.TinyRemapperPreparedTransformerHandler
[Architectury Transformer DEBUG] Remapping with 1 mapping provider(s):
[Architectury Transformer DEBUG]  - dev.architectury.transformer.transformers.TransformForgeEnvironment$$Lambda/0x000001de0808e008@120d3fd
[Architectury Transformer DEBUG] Remapping Classes:
[Architectury Transformer DEBUG] net/fabricmc/api/EnvType -> net/minecraftforge/api/distmarker/Dist
[Architectury Transformer DEBUG] net/fabricmc/api/Environment -> net/minecraftforge/api/distmarker/OnlyIn
[Architectury Transformer DEBUG] Found class transformer
[Architectury Transformer DEBUG] Writing com/onewhohears/dscombat/common/network/toclient/ToClientRemoveFireColumn with maxs=true frames=true
[Architectury Transformer DEBUG] Transformed com/onewhohears/dscombat/common/network/toclient/ToClientRemoveFireColumn in 5.450 ms
[Architectury Transformer DEBUG] Transforming from com/onewhohears/dscombat/common/network/toclient/ToClientWeaponImpact.class to com/onewhohears/dscombat/common/network/toclient/ToClientWeaponImpact.class with 8 transformer(s) on dev.architectury.transformer.handler.TinyRemapperPreparedTransformerHandler
[Architectury Transformer DEBUG] Remapping with 1 mapping provider(s):
[Architectury Transformer DEBUG]  - dev.architectury.transformer.transformers.TransformForgeEnvironment$$Lambda/0x000001de0808e008@120d3fd
[Architectury Transformer DEBUG] Remapping Classes:
[Architectury Transformer DEBUG] net/fabricmc/api/EnvType -> net/minecraftforge/api/distmarker/Dist
[Architectury Transformer DEBUG] net/fabricmc/api/Environment -> net/minecraftforge/api/distmarker/OnlyIn
[Architectury Transformer DEBUG] Found class transformer
[Architectury Transformer DEBUG] Writing com/onewhohears/dscombat/common/network/toclient/ToClientWeaponImpact with maxs=true frames=true
[Architectury Transformer DEBUG] Transformed com/onewhohears/dscombat/common/network/toclient/ToClientWeaponImpact in 10.82 ms
[Architectury Transformer DEBUG] Transforming from com/onewhohears/dscombat/common/network/toclient/ToClientDelayedSound.class to com/onewhohears/dscombat/common/network/toclient/ToClientDelayedSound.class with 8 transformer(s) on dev.architectury.transformer.handler.TinyRemapperPreparedTransformerHandler
[Architectury Transformer DEBUG] Remapping with 1 mapping provider(s):
[Architectury Transformer DEBUG]  - dev.architectury.transformer.transformers.TransformForgeEnvironment$$Lambda/0x000001de0808e008@120d3fd
[Architectury Transformer DEBUG] Remapping Classes:
[Architectury Transformer DEBUG] net/fabricmc/api/EnvType -> net/minecraftforge/api/distmarker/Dist
[Architectury Transformer DEBUG] net/fabricmc/api/Environment -> net/minecraftforge/api/distmarker/OnlyIn
[Architectury Transformer DEBUG] Found class transformer
[Architectury Transformer DEBUG] Writing com/onewhohears/dscombat/common/network/toclient/ToClientDelayedSound with maxs=true frames=true
[Architectury Transformer DEBUG] Transformed com/onewhohears/dscombat/common/network/toclient/ToClientDelayedSound in 6.202 ms
[Architectury Transformer DEBUG] Transforming from com/onewhohears/dscombat/common/network/toclient/ToClientDistantGunfire.class to com/onewhohears/dscombat/common/network/toclient/ToClientDistantGunfire.class with 8 transformer(s) on dev.architectury.transformer.handler.TinyRemapperPreparedTransformerHandler
[Architectury Transformer DEBUG] Remapping with 1 mapping provider(s):
[Architectury Transformer DEBUG]  - dev.architectury.transformer.transformers.TransformForgeEnvironment$$Lambda/0x000001de0808e008@120d3fd
[Architectury Transformer DEBUG] Remapping Classes:
[Architectury Transformer DEBUG] net/fabricmc/api/EnvType -> net/minecraftforge/api/distmarker/Dist
[Architectury Transformer DEBUG] net/fabricmc/api/Environment -> net/minecraftforge/api/distmarker/OnlyIn
[Architectury Transformer DEBUG] Found class transformer
[Architectury Transformer DEBUG] Writing com/onewhohears/dscombat/common/network/toclient/ToClientDistantGunfire with maxs=true frames=true
[Architectury Transformer DEBUG] Transformed com/onewhohears/dscombat/common/network/toclient/ToClientDistantGunfire in 8.074 ms
[Architectury Transformer DEBUG] Transforming from com/onewhohears/dscombat/common/network/toclient/ToClientVehicleChainUpdate.class to com/onewhohears/dscombat/common/network/toclient/ToClientVehicleChainUpdate.class with 8 transformer(s) on dev.architectury.transformer.handler.TinyRemapperPreparedTransformerHandler
[Architectury Transformer DEBUG] Remapping with 1 mapping provider(s):
[Architectury Transformer DEBUG]  - dev.architectury.transformer.transformers.TransformForgeEnvironment$$Lambda/0x000001de0808e008@120d3fd
[Architectury Transformer DEBUG] Remapping Classes:
[Architectury Transformer DEBUG] net/fabricmc/api/EnvType -> net/minecraftforge/api/distmarker/Dist
[Architectury Transformer DEBUG] net/fabricmc/api/Environment -> net/minecraftforge/api/distmarker/OnlyIn
[Architectury Transformer DEBUG] Found class transformer
[Architectury Transformer DEBUG] Writing com/onewhohears/dscombat/common/network/toclient/ToClientVehicleChainUpdate with maxs=true frames=true
[Architectury Transformer DEBUG] Transformed com/onewhohears/dscombat/common/network/toclient/ToClientVehicleChainUpdate in 4.980 ms
[Architectury Transformer DEBUG] Transforming from com/onewhohears/dscombat/common/network/toclient/ToClientSyncPart.class to com/onewhohears/dscombat/common/network/toclient/ToClientSyncPart.class with 8 transformer(s) on dev.architectury.transformer.handler.TinyRemapperPreparedTransformerHandler
[Architectury Transformer DEBUG] Remapping with 1 mapping provider(s):
[Architectury Transformer DEBUG]  - dev.architectury.transformer.transformers.TransformForgeEnvironment$$Lambda/0x000001de0808e008@120d3fd
[Architectury Transformer DEBUG] Remapping Classes:
[Architectury Transformer DEBUG] net/fabricmc/api/EnvType -> net/minecraftforge/api/distmarker/Dist
[Architectury Transformer DEBUG] net/fabricmc/api/Environment -> net/minecraftforge/api/distmarker/OnlyIn
[Architectury Transformer DEBUG] Found class transformer
[Architectury Transformer DEBUG] Writing com/onewhohears/dscombat/common/network/toclient/ToClientSyncPart with maxs=true frames=true
[Architectury Transformer DEBUG] Transformed com/onewhohears/dscombat/common/network/toclient/ToClientSyncPart in 7.008 ms
[Architectury Transformer DEBUG] Transforming from com/onewhohears/dscombat/common/network/toclient/ToClientDebugHitboxPos.class to com/onewhohears/dscombat/common/network/toclient/ToClientDebugHitboxPos.class with 8 transformer(s) on dev.architectury.transformer.handler.TinyRemapperPreparedTransformerHandler
[Architectury Transformer DEBUG] Remapping with 1 mapping provider(s):
[Architectury Transformer DEBUG]  - dev.architectury.transformer.transformers.TransformForgeEnvironment$$Lambda/0x000001de0808e008@120d3fd
[Architectury Transformer DEBUG] Remapping Classes:
[Architectury Transformer DEBUG] net/fabricmc/api/EnvType -> net/minecraftforge/api/distmarker/Dist
[Architectury Transformer DEBUG] net/fabricmc/api/Environment -> net/minecraftforge/api/distmarker/OnlyIn
[Architectury Transformer DEBUG] Found class transformer
[Architectury Transformer DEBUG] Writing com/onewhohears/dscombat/common/network/toclient/ToClientDebugHitboxPos with maxs=true frames=true
[Architectury Transformer DEBUG] Transformed com/onewhohears/dscombat/common/network/toclient/ToClientDebugHitboxPos in 6.194 ms
[Architectury Transformer DEBUG] Transforming from com/onewhohears/dscombat/common/network/toclient/ToClientOnShoot.class to com/onewhohears/dscombat/common/network/toclient/ToClientOnShoot.class with 8 transformer(s) on dev.architectury.transformer.handler.TinyRemapperPreparedTransformerHandler
[Architectury Transformer DEBUG] Remapping with 1 mapping provider(s):
[Architectury Transformer DEBUG]  - dev.architectury.transformer.transformers.TransformForgeEnvironment$$Lambda/0x000001de0808e008@120d3fd
[Architectury Transformer DEBUG] Remapping Classes:
[Architectury Transformer DEBUG] net/fabricmc/api/EnvType -> net/minecraftforge/api/distmarker/Dist
[Architectury Transformer DEBUG] net/fabricmc/api/Environment -> net/minecraftforge/api/distmarker/OnlyIn
[Architectury Transformer DEBUG] Found class transformer
[Architectury Transformer DEBUG] Writing com/onewhohears/dscombat/common/network/toclient/ToClientOnShoot with maxs=true frames=true
[Architectury Transformer DEBUG] Transformed com/onewhohears/dscombat/common/network/toclient/ToClientOnShoot in 11.20 ms
[Architectury Transformer DEBUG] Transforming from com/onewhohears/dscombat/common/network/toclient/ToClientSetTargetPos.class to com/onewhohears/dscombat/common/network/toclient/ToClientSetTargetPos.class with 8 transformer(s) on dev.architectury.transformer.handler.TinyRemapperPreparedTransformerHandler
[Architectury Transformer DEBUG] Remapping with 1 mapping provider(s):
[Architectury Transformer DEBUG]  - dev.architectury.transformer.transformers.TransformForgeEnvironment$$Lambda/0x000001de0808e008@120d3fd
[Architectury Transformer DEBUG] Remapping Classes:
[Architectury Transformer DEBUG] net/fabricmc/api/EnvType -> net/minecraftforge/api/distmarker/Dist
[Architectury Transformer DEBUG] net/fabricmc/api/Environment -> net/minecraftforge/api/distmarker/OnlyIn
[Architectury Transformer DEBUG] Found class transformer
[Architectury Transformer DEBUG] Writing com/onewhohears/dscombat/common/network/toclient/ToClientSetTargetPos with maxs=true frames=true
[Architectury Transformer DEBUG] Transformed com/onewhohears/dscombat/common/network/toclient/ToClientSetTargetPos in 7.982 ms
[Architectury Transformer DEBUG] Transforming from com/onewhohears/dscombat/common/network/toclient/ToClientBallisticExplosion.class to com/onewhohears/dscombat/common/network/toclient/ToClientBallisticExplosion.class with 8 transformer(s) on dev.architectury.transformer.handler.TinyRemapperPreparedTransformerHandler
[Architectury Transformer DEBUG] Remapping with 1 mapping provider(s):
[Architectury Transformer DEBUG]  - dev.architectury.transformer.transformers.TransformForgeEnvironment$$Lambda/0x000001de0808e008@120d3fd
[Architectury Transformer DEBUG] Remapping Classes:
[Architectury Transformer DEBUG] net/fabricmc/api/EnvType -> net/minecraftforge/api/distmarker/Dist
[Architectury Transformer DEBUG] net/fabricmc/api/Environment -> net/minecraftforge/api/distmarker/OnlyIn
[Architectury Transformer DEBUG] Found class transformer
[Architectury Transformer DEBUG] Writing com/onewhohears/dscombat/common/network/toclient/ToClientBallisticExplosion with maxs=true frames=true
[Architectury Transformer DEBUG] Transformed com/onewhohears/dscombat/common/network/toclient/ToClientBallisticExplosion in 7.260 ms
[Architectury Transformer DEBUG] Transforming from com/onewhohears/dscombat/common/network/toclient/ToClientEcmJam.class to com/onewhohears/dscombat/common/network/toclient/ToClientEcmJam.class with 8 transformer(s) on dev.architectury.transformer.handler.TinyRemapperPreparedTransformerHandler
[Architectury Transformer DEBUG] Remapping with 1 mapping provider(s):
[Architectury Transformer DEBUG]  - dev.architectury.transformer.transformers.TransformForgeEnvironment$$Lambda/0x000001de0808e008@120d3fd
[Architectury Transformer DEBUG] Remapping Classes:
[Architectury Transformer DEBUG] net/fabricmc/api/EnvType -> net/minecraftforge/api/distmarker/Dist
[Architectury Transformer DEBUG] net/fabricmc/api/Environment -> net/minecraftforge/api/distmarker/OnlyIn
[Architectury Transformer DEBUG] Found class transformer
[Architectury Transformer DEBUG] Writing com/onewhohears/dscombat/common/network/toclient/ToClientEcmJam with maxs=true frames=true
[Architectury Transformer DEBUG] Transformed com/onewhohears/dscombat/common/network/toclient/ToClientEcmJam in 10.53 ms
[Architectury Transformer DEBUG] Transforming from com/onewhohears/dscombat/command/DSCGameRules.class to com/onewhohears/dscombat/command/DSCGameRules.class with 8 transformer(s) on dev.architectury.transformer.handler.TinyRemapperPreparedTransformerHandler
[Architectury Transformer DEBUG] Remapping with 1 mapping provider(s):
[Architectury Transformer DEBUG]  - dev.architectury.transformer.transformers.TransformForgeEnvironment$$Lambda/0x000001de0808e008@120d3fd
[Architectury Transformer DEBUG] Remapping Classes:
[Architectury Transformer DEBUG] net/fabricmc/api/EnvType -> net/minecraftforge/api/distmarker/Dist
[Architectury Transformer DEBUG] net/fabricmc/api/Environment -> net/minecraftforge/api/distmarker/OnlyIn
[Architectury Transformer DEBUG] Found class transformer
[Architectury Transformer DEBUG] Writing com/onewhohears/dscombat/command/DSCGameRules with maxs=true frames=true
[Architectury Transformer DEBUG] Transformed com/onewhohears/dscombat/command/DSCGameRules in 9.184 ms
[Architectury Transformer DEBUG] Transforming from com/onewhohears/dscombat/DependencySafety.class to com/onewhohears/dscombat/DependencySafety.class with 8 transformer(s) on dev.architectury.transformer.handler.TinyRemapperPreparedTransformerHandler
[Architectury Transformer DEBUG] Remapping with 1 mapping provider(s):
[Architectury Transformer DEBUG]  - dev.architectury.transformer.transformers.TransformForgeEnvironment$$Lambda/0x000001de0808e008@120d3fd
[Architectury Transformer DEBUG] Remapping Classes:
[Architectury Transformer DEBUG] net/fabricmc/api/EnvType -> net/minecraftforge/api/distmarker/Dist
[Architectury Transformer DEBUG] net/fabricmc/api/Environment -> net/minecraftforge/api/distmarker/OnlyIn
[Architectury Transformer DEBUG] Found class transformer
[Architectury Transformer DEBUG] Writing com/onewhohears/dscombat/DependencySafety with maxs=true frames=true
[Architectury Transformer DEBUG] Transformed com/onewhohears/dscombat/DependencySafety in 5.585 ms
[Architectury Transformer DEBUG] Transforming from com/onewhohears/dscombat/integration/minigame/DSCMiniGames.class to com/onewhohears/dscombat/integration/minigame/DSCMiniGames.class with 8 transformer(s) on dev.architectury.transformer.handler.TinyRemapperPreparedTransformerHandler
[Architectury Transformer DEBUG] Remapping with 1 mapping provider(s):
[Architectury Transformer DEBUG]  - dev.architectury.transformer.transformers.TransformForgeEnvironment$$Lambda/0x000001de0808e008@120d3fd
[Architectury Transformer DEBUG] Remapping Classes:
[Architectury Transformer DEBUG] net/fabricmc/api/EnvType -> net/minecraftforge/api/distmarker/Dist
[Architectury Transformer DEBUG] net/fabricmc/api/Environment -> net/minecraftforge/api/distmarker/OnlyIn
[Architectury Transformer DEBUG] Found class transformer
[Architectury Transformer DEBUG] Writing com/onewhohears/dscombat/integration/minigame/DSCMiniGames with maxs=true frames=true
[Architectury Transformer DEBUG] Transformed com/onewhohears/dscombat/integration/minigame/DSCMiniGames in 5.300 ms
[Architectury Transformer DEBUG] Transforming from com/onewhohears/dscombat/integration/minigame/data/DogFightData.class to com/onewhohears/dscombat/integration/minigame/data/DogFightData.class with 8 transformer(s) on dev.architectury.transformer.handler.TinyRemapperPreparedTransformerHandler
[Architectury Transformer DEBUG] Remapping with 1 mapping provider(s):
[Architectury Transformer DEBUG]  - dev.architectury.transformer.transformers.TransformForgeEnvironment$$Lambda/0x000001de0808e008@120d3fd
[Architectury Transformer DEBUG] Remapping Classes:
[Architectury Transformer DEBUG] net/fabricmc/api/EnvType -> net/minecraftforge/api/distmarker/Dist
[Architectury Transformer DEBUG] net/fabricmc/api/Environment -> net/minecraftforge/api/distmarker/OnlyIn
[Architectury Transformer DEBUG] Found class transformer
[Architectury Transformer DEBUG] Writing com/onewhohears/dscombat/integration/minigame/data/DogFightData with maxs=true frames=true
[Architectury Transformer DEBUG] Transformed com/onewhohears/dscombat/integration/minigame/data/DogFightData in 6.753 ms
[Architectury Transformer DEBUG] Transforming from com/onewhohears/dscombat/integration/minigame/data/VillageDefenseData.class to com/onewhohears/dscombat/integration/minigame/data/VillageDefenseData.class with 8 transformer(s) on dev.architectury.transformer.handler.TinyRemapperPreparedTransformerHandler
[Architectury Transformer DEBUG] Remapping with 1 mapping provider(s):
[Architectury Transformer DEBUG]  - dev.architectury.transformer.transformers.TransformForgeEnvironment$$Lambda/0x000001de0808e008@120d3fd
[Architectury Transformer DEBUG] Remapping Classes:
[Architectury Transformer DEBUG] net/fabricmc/api/EnvType -> net/minecraftforge/api/distmarker/Dist
[Architectury Transformer DEBUG] net/fabricmc/api/Environment -> net/minecraftforge/api/distmarker/OnlyIn
[Architectury Transformer DEBUG] Found class transformer
[Architectury Transformer DEBUG] Writing com/onewhohears/dscombat/integration/minigame/data/VillageDefenseData with maxs=true frames=true
[Architectury Transformer DEBUG] Transformed com/onewhohears/dscombat/integration/minigame/data/VillageDefenseData in 5.995 ms
[Architectury Transformer DEBUG] Transforming from com/onewhohears/dscombat/integration/minigame/phase/village_defense/VillageDefenseBuyPhase.class to com/onewhohears/dscombat/integration/minigame/phase/village_defense/VillageDefenseBuyPhase.class with 8 transformer(s) on dev.architectury.transformer.handler.TinyRemapperPreparedTransformerHandler
[Architectury Transformer DEBUG] Remapping with 1 mapping provider(s):
[Architectury Transformer DEBUG]  - dev.architectury.transformer.transformers.TransformForgeEnvironment$$Lambda/0x000001de0808e008@120d3fd
[Architectury Transformer DEBUG] Remapping Classes:
[Architectury Transformer DEBUG] net/fabricmc/api/EnvType -> net/minecraftforge/api/distmarker/Dist
[Architectury Transformer DEBUG] net/fabricmc/api/Environment -> net/minecraftforge/api/distmarker/OnlyIn
[Architectury Transformer DEBUG] Found class transformer
[Architectury Transformer DEBUG] Writing com/onewhohears/dscombat/integration/minigame/phase/village_defense/VillageDefenseBuyPhase with maxs=true frames=true
[Architectury Transformer DEBUG] Transformed com/onewhohears/dscombat/integration/minigame/phase/village_defense/VillageDefenseBuyPhase in 6.604 ms
[Architectury Transformer DEBUG] Transforming from com/onewhohears/dscombat/integration/minigame/data/DSCAreaControlData.class to com/onewhohears/dscombat/integration/minigame/data/DSCAreaControlData.class with 8 transformer(s) on dev.architectury.transformer.handler.TinyRemapperPreparedTransformerHandler
[Architectury Transformer DEBUG] Remapping with 1 mapping provider(s):
[Architectury Transformer DEBUG]  - dev.architectury.transformer.transformers.TransformForgeEnvironment$$Lambda/0x000001de0808e008@120d3fd
[Architectury Transformer DEBUG] Remapping Classes:
[Architectury Transformer DEBUG] net/fabricmc/api/EnvType -> net/minecraftforge/api/distmarker/Dist
[Architectury Transformer DEBUG] net/fabricmc/api/Environment -> net/minecraftforge/api/distmarker/OnlyIn
[Architectury Transformer DEBUG] Found class transformer
[Architectury Transformer DEBUG] Writing com/onewhohears/dscombat/integration/minigame/data/DSCAreaControlData with maxs=true frames=true
[Architectury Transformer DEBUG] Transformed com/onewhohears/dscombat/integration/minigame/data/DSCAreaControlData in 5.678 ms
[Architectury Transformer DEBUG] Transforming from com/onewhohears/dscombat/integration/minigame/phase/general_dsc/DSCBuyPhase.class to com/onewhohears/dscombat/integration/minigame/phase/general_dsc/DSCBuyPhase.class with 8 transformer(s) on dev.architectury.transformer.handler.TinyRemapperPreparedTransformerHandler
[Architectury Transformer DEBUG] Remapping with 1 mapping provider(s):
[Architectury Transformer DEBUG]  - dev.architectury.transformer.transformers.TransformForgeEnvironment$$Lambda/0x000001de0808e008@120d3fd
[Architectury Transformer DEBUG] Remapping Classes:
[Architectury Transformer DEBUG] net/fabricmc/api/EnvType -> net/minecraftforge/api/distmarker/Dist
[Architectury Transformer DEBUG] net/fabricmc/api/Environment -> net/minecraftforge/api/distmarker/OnlyIn
[Architectury Transformer DEBUG] Found class transformer
[Architectury Transformer DEBUG] Writing com/onewhohears/dscombat/integration/minigame/phase/general_dsc/DSCBuyPhase with maxs=true frames=true
[Architectury Transformer DEBUG] Transformed com/onewhohears/dscombat/integration/minigame/phase/general_dsc/DSCBuyPhase in 8.409 ms
[Architectury Transformer DEBUG] Transforming from com/onewhohears/dscombat/data/villager/DSCVillagerTrades.class to com/onewhohears/dscombat/data/villager/DSCVillagerTrades.class with 8 transformer(s) on dev.architectury.transformer.handler.TinyRemapperPreparedTransformerHandler
[Architectury Transformer DEBUG] Remapping with 1 mapping provider(s):
[Architectury Transformer DEBUG]  - dev.architectury.transformer.transformers.TransformForgeEnvironment$$Lambda/0x000001de0808e008@120d3fd
[Architectury Transformer DEBUG] Remapping Classes:
[Architectury Transformer DEBUG] net/fabricmc/api/EnvType -> net/minecraftforge/api/distmarker/Dist
[Architectury Transformer DEBUG] net/fabricmc/api/Environment -> net/minecraftforge/api/distmarker/OnlyIn
[Architectury Transformer DEBUG] Found class transformer
[Architectury Transformer DEBUG] Writing com/onewhohears/dscombat/data/villager/DSCVillagerTrades with maxs=true frames=true
[Architectury Transformer DEBUG] Transformed com/onewhohears/dscombat/data/villager/DSCVillagerTrades in 8.227 ms
[Architectury Transformer DEBUG] Transforming from com/onewhohears/dscombat/data/villager/DSCVillagerTrades$ItemForEmerald.class to com/onewhohears/dscombat/data/villager/DSCVillagerTrades$ItemForEmerald.class with 8 transformer(s) on dev.architectury.transformer.handler.TinyRemapperPreparedTransformerHandler
[Architectury Transformer DEBUG] Remapping with 1 mapping provider(s):
[Architectury Transformer DEBUG]  - dev.architectury.transformer.transformers.TransformForgeEnvironment$$Lambda/0x000001de0808e008@120d3fd
[Architectury Transformer DEBUG] Remapping Classes:
[Architectury Transformer DEBUG] net/fabricmc/api/EnvType -> net/minecraftforge/api/distmarker/Dist
[Architectury Transformer DEBUG] net/fabricmc/api/Environment -> net/minecraftforge/api/distmarker/OnlyIn
[Architectury Transformer DEBUG] Found class transformer
[Architectury Transformer DEBUG] Writing com/onewhohears/dscombat/data/villager/DSCVillagerTrades$ItemForEmerald with maxs=true frames=true
[Architectury Transformer DEBUG] Transformed com/onewhohears/dscombat/data/villager/DSCVillagerTrades$ItemForEmerald in 8.467 ms
[Architectury Transformer DEBUG] Transforming from com/onewhohears/dscombat/data/villager/DSCVillagerTrades$EmeraldForItem.class to com/onewhohears/dscombat/data/villager/DSCVillagerTrades$EmeraldForItem.class with 8 transformer(s) on dev.architectury.transformer.handler.TinyRemapperPreparedTransformerHandler
[Architectury Transformer DEBUG] Remapping with 1 mapping provider(s):
[Architectury Transformer DEBUG]  - dev.architectury.transformer.transformers.TransformForgeEnvironment$$Lambda/0x000001de0808e008@120d3fd
[Architectury Transformer DEBUG] Remapping Classes:
[Architectury Transformer DEBUG] net/fabricmc/api/EnvType -> net/minecraftforge/api/distmarker/Dist
[Architectury Transformer DEBUG] net/fabricmc/api/Environment -> net/minecraftforge/api/distmarker/OnlyIn
[Architectury Transformer DEBUG] Found class transformer
[Architectury Transformer DEBUG] Writing com/onewhohears/dscombat/data/villager/DSCVillagerTrades$EmeraldForItem with maxs=true frames=true
[Architectury Transformer DEBUG] Transformed com/onewhohears/dscombat/data/villager/DSCVillagerTrades$EmeraldForItem in 5.964 ms
[Architectury Transformer DEBUG] Transforming from com/onewhohears/dscombat/data/villager/DSCVillagerTrades$EmeraldForAmmo.class to com/onewhohears/dscombat/data/villager/DSCVillagerTrades$EmeraldForAmmo.class with 8 transformer(s) on dev.architectury.transformer.handler.TinyRemapperPreparedTransformerHandler
[Architectury Transformer DEBUG] Remapping with 1 mapping provider(s):
[Architectury Transformer DEBUG]  - dev.architectury.transformer.transformers.TransformForgeEnvironment$$Lambda/0x000001de0808e008@120d3fd
[Architectury Transformer DEBUG] Remapping Classes:
[Architectury Transformer DEBUG] net/fabricmc/api/EnvType -> net/minecraftforge/api/distmarker/Dist
[Architectury Transformer DEBUG] net/fabricmc/api/Environment -> net/minecraftforge/api/distmarker/OnlyIn
[Architectury Transformer DEBUG] Found class transformer
[Architectury Transformer DEBUG] Writing com/onewhohears/dscombat/data/villager/DSCVillagerTrades$EmeraldForAmmo with maxs=true frames=true
[Architectury Transformer DEBUG] Transformed com/onewhohears/dscombat/data/villager/DSCVillagerTrades$EmeraldForAmmo in 7.671 ms
[Architectury Transformer DEBUG] Transforming from com/onewhohears/dscombat/data/villager/DSCVillagerTrades$EmeraldRangeForItem.class to com/onewhohears/dscombat/data/villager/DSCVillagerTrades$EmeraldRangeForItem.class with 8 transformer(s) on dev.architectury.transformer.handler.TinyRemapperPreparedTransformerHandler
[Architectury Transformer DEBUG] Remapping with 1 mapping provider(s):
[Architectury Transformer DEBUG]  - dev.architectury.transformer.transformers.TransformForgeEnvironment$$Lambda/0x000001de0808e008@120d3fd
[Architectury Transformer DEBUG] Remapping Classes:
[Architectury Transformer DEBUG] net/fabricmc/api/EnvType -> net/minecraftforge/api/distmarker/Dist
[Architectury Transformer DEBUG] net/fabricmc/api/Environment -> net/minecraftforge/api/distmarker/OnlyIn
[Architectury Transformer DEBUG] Found class transformer
[Architectury Transformer DEBUG] Writing com/onewhohears/dscombat/data/villager/DSCVillagerTrades$EmeraldRangeForItem with maxs=true frames=true
[Architectury Transformer DEBUG] Transformed com/onewhohears/dscombat/data/villager/DSCVillagerTrades$EmeraldRangeForItem in 5.994 ms
[Architectury Transformer DEBUG] Transforming from com/onewhohears/dscombat/data/villager/DSCVillagerTrades$EmeraldForAircraft.class to com/onewhohears/dscombat/data/villager/DSCVillagerTrades$EmeraldForAircraft.class with 8 transformer(s) on dev.architectury.transformer.handler.TinyRemapperPreparedTransformerHandler
[Architectury Transformer DEBUG] Remapping with 1 mapping provider(s):
[Architectury Transformer DEBUG]  - dev.architectury.transformer.transformers.TransformForgeEnvironment$$Lambda/0x000001de0808e008@120d3fd
[Architectury Transformer DEBUG] Remapping Classes:
[Architectury Transformer DEBUG] net/fabricmc/api/EnvType -> net/minecraftforge/api/distmarker/Dist
[Architectury Transformer DEBUG] net/fabricmc/api/Environment -> net/minecraftforge/api/distmarker/OnlyIn
[Architectury Transformer DEBUG] Found class transformer
[Architectury Transformer DEBUG] Writing com/onewhohears/dscombat/data/villager/DSCVillagerTrades$EmeraldForAircraft with maxs=true frames=true
[Architectury Transformer DEBUG] Transformed com/onewhohears/dscombat/data/villager/DSCVillagerTrades$EmeraldForAircraft in 7.070 ms
[Architectury Transformer DEBUG] Transforming from com/onewhohears/dscombat/client/screen/VehiclePartsScreen.class to com/onewhohears/dscombat/client/screen/VehiclePartsScreen.class with 8 transformer(s) on dev.architectury.transformer.handler.TinyRemapperPreparedTransformerHandler
[Architectury Transformer DEBUG] Remapping with 1 mapping provider(s):
[Architectury Transformer DEBUG]  - dev.architectury.transformer.transformers.TransformForgeEnvironment$$Lambda/0x000001de0808e008@120d3fd
[Architectury Transformer DEBUG] Remapping Classes:
[Architectury Transformer DEBUG] net/fabricmc/api/EnvType -> net/minecraftforge/api/distmarker/Dist
[Architectury Transformer DEBUG] net/fabricmc/api/Environment -> net/minecraftforge/api/distmarker/OnlyIn
[Architectury Transformer DEBUG] Found class transformer
[Architectury Transformer DEBUG] Writing com/onewhohears/dscombat/client/screen/VehiclePartsScreen with maxs=true frames=true
[Architectury Transformer DEBUG] Transformed com/onewhohears/dscombat/client/screen/VehiclePartsScreen in 7.110 ms
[Architectury Transformer DEBUG] Transforming from com/onewhohears/dscombat/client/screen/VehicleScreen.class to com/onewhohears/dscombat/client/screen/VehicleScreen.class with 8 transformer(s) on dev.architectury.transformer.handler.TinyRemapperPreparedTransformerHandler
[Architectury Transformer DEBUG] Remapping with 1 mapping provider(s):
[Architectury Transformer DEBUG]  - dev.architectury.transformer.transformers.TransformForgeEnvironment$$Lambda/0x000001de0808e008@120d3fd
[Architectury Transformer DEBUG] Remapping Classes:
[Architectury Transformer DEBUG] net/fabricmc/api/EnvType -> net/minecraftforge/api/distmarker/Dist
[Architectury Transformer DEBUG] net/fabricmc/api/Environment -> net/minecraftforge/api/distmarker/OnlyIn
[Architectury Transformer DEBUG] Found class transformer
[Architectury Transformer DEBUG] Writing com/onewhohears/dscombat/client/screen/VehicleScreen with maxs=true frames=true
[Architectury Transformer DEBUG] Transformed com/onewhohears/dscombat/client/screen/VehicleScreen in 6.381 ms
[Architectury Transformer DEBUG] Transforming from com/onewhohears/dscombat/client/screen/VehicleMainScreen.class to com/onewhohears/dscombat/client/screen/VehicleMainScreen.class with 8 transformer(s) on dev.architectury.transformer.handler.TinyRemapperPreparedTransformerHandler
[Architectury Transformer DEBUG] Remapping with 1 mapping provider(s):
[Architectury Transformer DEBUG]  - dev.architectury.transformer.transformers.TransformForgeEnvironment$$Lambda/0x000001de0808e008@120d3fd
[Architectury Transformer DEBUG] Remapping Classes:
[Architectury Transformer DEBUG] net/fabricmc/api/EnvType -> net/minecraftforge/api/distmarker/Dist
[Architectury Transformer DEBUG] net/fabricmc/api/Environment -> net/minecraftforge/api/distmarker/OnlyIn
[Architectury Transformer DEBUG] Found class transformer
[Architectury Transformer DEBUG] Writing com/onewhohears/dscombat/client/screen/VehicleMainScreen with maxs=true frames=true
[Architectury Transformer DEBUG] Transformed com/onewhohears/dscombat/client/screen/VehicleMainScreen in 4.532 ms
[Architectury Transformer DEBUG] Transforming from com/onewhohears/dscombat/client/screen/WeaponsBlockScreen.class to com/onewhohears/dscombat/client/screen/WeaponsBlockScreen.class with 8 transformer(s) on dev.architectury.transformer.handler.TinyRemapperPreparedTransformerHandler
[Architectury Transformer DEBUG] Remapping with 1 mapping provider(s):
[Architectury Transformer DEBUG]  - dev.architectury.transformer.transformers.TransformForgeEnvironment$$Lambda/0x000001de0808e008@120d3fd
[Architectury Transformer DEBUG] Remapping Classes:
[Architectury Transformer DEBUG] net/fabricmc/api/EnvType -> net/minecraftforge/api/distmarker/Dist
[Architectury Transformer DEBUG] net/fabricmc/api/Environment -> net/minecraftforge/api/distmarker/OnlyIn
[Architectury Transformer DEBUG] Found class transformer
[Architectury Transformer DEBUG] Writing com/onewhohears/dscombat/client/screen/WeaponsBlockScreen with maxs=true frames=true
[Architectury Transformer DEBUG] Transformed com/onewhohears/dscombat/client/screen/WeaponsBlockScreen in 4.847 ms
[Architectury Transformer DEBUG] Transforming from com/onewhohears/dscombat/client/screen/WeaponPartsBlockScreen.class to com/onewhohears/dscombat/client/screen/WeaponPartsBlockScreen.class with 8 transformer(s) on dev.architectury.transformer.handler.TinyRemapperPreparedTransformerHandler
[Architectury Transformer DEBUG] Remapping with 1 mapping provider(s):
[Architectury Transformer DEBUG]  - dev.architectury.transformer.transformers.TransformForgeEnvironment$$Lambda/0x000001de0808e008@120d3fd
[Architectury Transformer DEBUG] Remapping Classes:
[Architectury Transformer DEBUG] net/fabricmc/api/EnvType -> net/minecraftforge/api/distmarker/Dist
[Architectury Transformer DEBUG] net/fabricmc/api/Environment -> net/minecraftforge/api/distmarker/OnlyIn
[Architectury Transformer DEBUG] Found class transformer
[Architectury Transformer DEBUG] Writing com/onewhohears/dscombat/client/screen/WeaponPartsBlockScreen with maxs=true frames=true
[Architectury Transformer DEBUG] Transformed com/onewhohears/dscombat/client/screen/WeaponPartsBlockScreen in 6.421 ms
[Architectury Transformer DEBUG] Transforming from com/onewhohears/dscombat/client/screen/VehicleBlockScreen.class to com/onewhohears/dscombat/client/screen/VehicleBlockScreen.class with 8 transformer(s) on dev.architectury.transformer.handler.TinyRemapperPreparedTransformerHandler
[Architectury Transformer DEBUG] Remapping with 1 mapping provider(s):
[Architectury Transformer DEBUG]  - dev.architectury.transformer.transformers.TransformForgeEnvironment$$Lambda/0x000001de0808e008@120d3fd
[Architectury Transformer DEBUG] Remapping Classes:
[Architectury Transformer DEBUG] net/fabricmc/api/EnvType -> net/minecraftforge/api/distmarker/Dist
[Architectury Transformer DEBUG] net/fabricmc/api/Environment -> net/minecraftforge/api/distmarker/OnlyIn
[Architectury Transformer DEBUG] Found class transformer
[Architectury Transformer DEBUG] Writing com/onewhohears/dscombat/client/screen/VehicleBlockScreen with maxs=true frames=true
[Architectury Transformer DEBUG] Transformed com/onewhohears/dscombat/client/screen/VehicleBlockScreen in 5.936 ms
[Architectury Transformer DEBUG] Transforming from com/onewhohears/dscombat/client/screen/MissileLaunchStationScreen.class to com/onewhohears/dscombat/client/screen/MissileLaunchStationScreen.class with 8 transformer(s) on dev.architectury.transformer.handler.TinyRemapperPreparedTransformerHandler
[Architectury Transformer DEBUG] Remapping with 1 mapping provider(s):
[Architectury Transformer DEBUG]  - dev.architectury.transformer.transformers.TransformForgeEnvironment$$Lambda/0x000001de0808e008@120d3fd
[Architectury Transformer DEBUG] Remapping Classes:
[Architectury Transformer DEBUG] net/fabricmc/api/EnvType -> net/minecraftforge/api/distmarker/Dist
[Architectury Transformer DEBUG] net/fabricmc/api/Environment -> net/minecraftforge/api/distmarker/OnlyIn
[Architectury Transformer DEBUG] Found class transformer
[Architectury Transformer DEBUG] Writing com/onewhohears/dscombat/client/screen/MissileLaunchStationScreen with maxs=true frames=true
[Architectury Transformer DEBUG] Transformed com/onewhohears/dscombat/client/screen/MissileLaunchStationScreen in 5.397 ms
[Architectury Transformer DEBUG] Transforming from com/onewhohears/dscombat/client/screen/VehicleStorageScreen.class to com/onewhohears/dscombat/client/screen/VehicleStorageScreen.class with 8 transformer(s) on dev.architectury.transformer.handler.TinyRemapperPreparedTransformerHandler
[Architectury Transformer DEBUG] Remapping with 1 mapping provider(s):
[Architectury Transformer DEBUG]  - dev.architectury.transformer.transformers.TransformForgeEnvironment$$Lambda/0x000001de0808e008@120d3fd
[Architectury Transformer DEBUG] Remapping Classes:
[Architectury Transformer DEBUG] net/fabricmc/api/EnvType -> net/minecraftforge/api/distmarker/Dist
[Architectury Transformer DEBUG] net/fabricmc/api/Environment -> net/minecraftforge/api/distmarker/OnlyIn
[Architectury Transformer DEBUG] Found class transformer
[Architectury Transformer DEBUG] Writing com/onewhohears/dscombat/client/screen/VehicleStorageScreen with maxs=true frames=true
[Architectury Transformer DEBUG] Transformed com/onewhohears/dscombat/client/screen/VehicleStorageScreen in 4.543 ms
[Architectury Transformer DEBUG] Transforming from com/onewhohears/dscombat/client/model/obj/customanims/VehicleModelTransforms$InputBoundTranslation.class to com/onewhohears/dscombat/client/model/obj/customanims/VehicleModelTransforms$InputBoundTranslation.class with 8 transformer(s) on dev.architectury.transformer.handler.TinyRemapperPreparedTransformerHandler
[Architectury Transformer DEBUG] Remapping with 1 mapping provider(s):
[Architectury Transformer DEBUG]  - dev.architectury.transformer.transformers.TransformForgeEnvironment$$Lambda/0x000001de0808e008@120d3fd
[Architectury Transformer DEBUG] Remapping Classes:
[Architectury Transformer DEBUG] net/fabricmc/api/EnvType -> net/minecraftforge/api/distmarker/Dist
[Architectury Transformer DEBUG] net/fabricmc/api/Environment -> net/minecraftforge/api/distmarker/OnlyIn
[Architectury Transformer DEBUG] Found class transformer
[Architectury Transformer DEBUG] Writing com/onewhohears/dscombat/client/model/obj/customanims/VehicleModelTransforms$InputBoundTranslation with maxs=true frames=true
[Architectury Transformer DEBUG] Transformed com/onewhohears/dscombat/client/model/obj/customanims/VehicleModelTransforms$InputBoundTranslation in 4.427 ms
[Architectury Transformer DEBUG] Transforming from com/onewhohears/dscombat/client/model/obj/customanims/VehicleModelTransforms$MotorRotation.class to com/onewhohears/dscombat/client/model/obj/customanims/VehicleModelTransforms$MotorRotation.class with 8 transformer(s) on dev.architectury.transformer.handler.TinyRemapperPreparedTransformerHandler
[Architectury Transformer DEBUG] Remapping with 1 mapping provider(s):
[Architectury Transformer DEBUG]  - dev.architectury.transformer.transformers.TransformForgeEnvironment$$Lambda/0x000001de0808e008@120d3fd
[Architectury Transformer DEBUG] Remapping Classes:
[Architectury Transformer DEBUG] net/fabricmc/api/EnvType -> net/minecraftforge/api/distmarker/Dist
[Architectury Transformer DEBUG] net/fabricmc/api/Environment -> net/minecraftforge/api/distmarker/OnlyIn
[Architectury Transformer DEBUG] Found class transformer
[Architectury Transformer DEBUG] Writing com/onewhohears/dscombat/client/model/obj/customanims/VehicleModelTransforms$MotorRotation with maxs=true frames=true
[Architectury Transformer DEBUG] Transformed com/onewhohears/dscombat/client/model/obj/customanims/VehicleModelTransforms$MotorRotation in 5.092 ms
[Architectury Transformer DEBUG] Transforming from com/onewhohears/dscombat/client/model/obj/customanims/VehicleModelTransforms$WheelRotation.class to com/onewhohears/dscombat/client/model/obj/customanims/VehicleModelTransforms$WheelRotation.class with 8 transformer(s) on dev.architectury.transformer.handler.TinyRemapperPreparedTransformerHandler
[Architectury Transformer DEBUG] Remapping with 1 mapping provider(s):
[Architectury Transformer DEBUG]  - dev.architectury.transformer.transformers.TransformForgeEnvironment$$Lambda/0x000001de0808e008@120d3fd
[Architectury Transformer DEBUG] Remapping Classes:
[Architectury Transformer DEBUG] net/fabricmc/api/EnvType -> net/minecraftforge/api/distmarker/Dist
[Architectury Transformer DEBUG] net/fabricmc/api/Environment -> net/minecraftforge/api/distmarker/OnlyIn
[Architectury Transformer DEBUG] Found class transformer
[Architectury Transformer DEBUG] Writing com/onewhohears/dscombat/client/model/obj/customanims/VehicleModelTransforms$WheelRotation with maxs=true frames=true
[Architectury Transformer DEBUG] Transformed com/onewhohears/dscombat/client/model/obj/customanims/VehicleModelTransforms$WheelRotation in 5.251 ms
[Architectury Transformer DEBUG] Transforming from com/onewhohears/dscombat/client/model/obj/customanims/VehicleModelTransforms$InputBoundRotation.class to com/onewhohears/dscombat/client/model/obj/customanims/VehicleModelTransforms$InputBoundRotation.class with 8 transformer(s) on dev.architectury.transformer.handler.TinyRemapperPreparedTransformerHandler
[Architectury Transformer DEBUG] Remapping with 1 mapping provider(s):
[Architectury Transformer DEBUG]  - dev.architectury.transformer.transformers.TransformForgeEnvironment$$Lambda/0x000001de0808e008@120d3fd
[Architectury Transformer DEBUG] Remapping Classes:
[Architectury Transformer DEBUG] net/fabricmc/api/EnvType -> net/minecraftforge/api/distmarker/Dist
[Architectury Transformer DEBUG] net/fabricmc/api/Environment -> net/minecraftforge/api/distmarker/OnlyIn
[Architectury Transformer DEBUG] Found class transformer
[Architectury Transformer DEBUG] Writing com/onewhohears/dscombat/client/model/obj/customanims/VehicleModelTransforms$InputBoundRotation with maxs=true frames=true
[Architectury Transformer DEBUG] Transformed com/onewhohears/dscombat/client/model/obj/customanims/VehicleModelTransforms$InputBoundRotation in 5.543 ms
[Architectury Transformer DEBUG] Transforming from com/onewhohears/dscombat/client/model/obj/customanims/VehicleModelTransforms$SpinningRadar.class to com/onewhohears/dscombat/client/model/obj/customanims/VehicleModelTransforms$SpinningRadar.class with 8 transformer(s) on dev.architectury.transformer.handler.TinyRemapperPreparedTransformerHandler
[Architectury Transformer DEBUG] Remapping with 1 mapping provider(s):
[Architectury Transformer DEBUG]  - dev.architectury.transformer.transformers.TransformForgeEnvironment$$Lambda/0x000001de0808e008@120d3fd
[Architectury Transformer DEBUG] Remapping Classes:
[Architectury Transformer DEBUG] net/fabricmc/api/EnvType -> net/minecraftforge/api/distmarker/Dist
[Architectury Transformer DEBUG] net/fabricmc/api/Environment -> net/minecraftforge/api/distmarker/OnlyIn
[Architectury Transformer DEBUG] Found class transformer
[Architectury Transformer DEBUG] Writing com/onewhohears/dscombat/client/model/obj/customanims/VehicleModelTransforms$SpinningRadar with maxs=true frames=true
[Architectury Transformer DEBUG] Transformed com/onewhohears/dscombat/client/model/obj/customanims/VehicleModelTransforms$SpinningRadar in 6.670 ms
[Architectury Transformer DEBUG] Transforming from com/onewhohears/dscombat/client/model/obj/customanims/VehicleModelTransforms$LandingGear.class to com/onewhohears/dscombat/client/model/obj/customanims/VehicleModelTransforms$LandingGear.class with 8 transformer(s) on dev.architectury.transformer.handler.TinyRemapperPreparedTransformerHandler
[Architectury Transformer DEBUG] Remapping with 1 mapping provider(s):
[Architectury Transformer DEBUG]  - dev.architectury.transformer.transformers.TransformForgeEnvironment$$Lambda/0x000001de0808e008@120d3fd
[Architectury Transformer DEBUG] Remapping Classes:
[Architectury Transformer DEBUG] net/fabricmc/api/EnvType -> net/minecraftforge/api/distmarker/Dist
[Architectury Transformer DEBUG] net/fabricmc/api/Environment -> net/minecraftforge/api/distmarker/OnlyIn
[Architectury Transformer DEBUG] Found class transformer
[Architectury Transformer DEBUG] Writing com/onewhohears/dscombat/client/model/obj/customanims/VehicleModelTransforms$LandingGear with maxs=true frames=true
[Architectury Transformer DEBUG] Transformed com/onewhohears/dscombat/client/model/obj/customanims/VehicleModelTransforms$LandingGear in 4.635 ms
[Architectury Transformer DEBUG] Transforming from com/onewhohears/dscombat/client/model/obj/customanims/VehicleModelTransforms$HitboxDestroyPart.class to com/onewhohears/dscombat/client/model/obj/customanims/VehicleModelTransforms$HitboxDestroyPart.class with 8 transformer(s) on dev.architectury.transformer.handler.TinyRemapperPreparedTransformerHandler
[Architectury Transformer DEBUG] Remapping with 1 mapping provider(s):
[Architectury Transformer DEBUG]  - dev.architectury.transformer.transformers.TransformForgeEnvironment$$Lambda/0x000001de0808e008@120d3fd
[Architectury Transformer DEBUG] Remapping Classes:
[Architectury Transformer DEBUG] net/fabricmc/api/EnvType -> net/minecraftforge/api/distmarker/Dist
[Architectury Transformer DEBUG] net/fabricmc/api/Environment -> net/minecraftforge/api/distmarker/OnlyIn
[Architectury Transformer DEBUG] Found class transformer
[Architectury Transformer DEBUG] Writing com/onewhohears/dscombat/client/model/obj/customanims/VehicleModelTransforms$HitboxDestroyPart with maxs=true frames=true
[Architectury Transformer DEBUG] Transformed com/onewhohears/dscombat/client/model/obj/customanims/VehicleModelTransforms$HitboxDestroyPart in 6.861 ms
[Architectury Transformer DEBUG] Transforming from com/onewhohears/dscombat/client/model/obj/customanims/VehicleModelTransforms$PlaneFlapRotation.class to com/onewhohears/dscombat/client/model/obj/customanims/VehicleModelTransforms$PlaneFlapRotation.class with 8 transformer(s) on dev.architectury.transformer.handler.TinyRemapperPreparedTransformerHandler
[Architectury Transformer DEBUG] Remapping with 1 mapping provider(s):
[Architectury Transformer DEBUG]  - dev.architectury.transformer.transformers.TransformForgeEnvironment$$Lambda/0x000001de0808e008@120d3fd
[Architectury Transformer DEBUG] Remapping Classes:
[Architectury Transformer DEBUG] net/fabricmc/api/EnvType -> net/minecraftforge/api/distmarker/Dist
[Architectury Transformer DEBUG] net/fabricmc/api/Environment -> net/minecraftforge/api/distmarker/OnlyIn
[Architectury Transformer DEBUG] Found class transformer
[Architectury Transformer DEBUG] Writing com/onewhohears/dscombat/client/model/obj/customanims/VehicleModelTransforms$PlaneFlapRotation with maxs=true frames=true
[Architectury Transformer DEBUG] Transformed com/onewhohears/dscombat/client/model/obj/customanims/VehicleModelTransforms$PlaneFlapRotation in 5.380 ms
[Architectury Transformer DEBUG] Transforming from com/onewhohears/dscombat/client/model/obj/customanims/VehicleModelTransforms$TurretRotation.class to com/onewhohears/dscombat/client/model/obj/customanims/VehicleModelTransforms$TurretRotation.class with 8 transformer(s) on dev.architectury.transformer.handler.TinyRemapperPreparedTransformerHandler
[Architectury Transformer DEBUG] Remapping with 1 mapping provider(s):
[Architectury Transformer DEBUG]  - dev.architectury.transformer.transformers.TransformForgeEnvironment$$Lambda/0x000001de0808e008@120d3fd
[Architectury Transformer DEBUG] Remapping Classes:
[Architectury Transformer DEBUG] net/fabricmc/api/EnvType -> net/minecraftforge/api/distmarker/Dist
[Architectury Transformer DEBUG] net/fabricmc/api/Environment -> net/minecraftforge/api/distmarker/OnlyIn
[Architectury Transformer DEBUG] Found class transformer
[Architectury Transformer DEBUG] Writing com/onewhohears/dscombat/client/model/obj/customanims/VehicleModelTransforms$TurretRotation with maxs=true frames=true
[Architectury Transformer DEBUG] Transformed com/onewhohears/dscombat/client/model/obj/customanims/VehicleModelTransforms$TurretRotation in 5.294 ms
[Architectury Transformer DEBUG] Transforming from com/onewhohears/dscombat/client/entityscreen/EntityScreenTypes$EntityScreenFactory.class to com/onewhohears/dscombat/client/entityscreen/EntityScreenTypes$EntityScreenFactory.class with 8 transformer(s) on dev.architectury.transformer.handler.TinyRemapperPreparedTransformerHandler
[Architectury Transformer DEBUG] Remapping with 1 mapping provider(s):
[Architectury Transformer DEBUG]  - dev.architectury.transformer.transformers.TransformForgeEnvironment$$Lambda/0x000001de0808e008@120d3fd
[Architectury Transformer DEBUG] Remapping Classes:
[Architectury Transformer DEBUG] net/fabricmc/api/EnvType -> net/minecraftforge/api/distmarker/Dist
[Architectury Transformer DEBUG] net/fabricmc/api/Environment -> net/minecraftforge/api/distmarker/OnlyIn
[Architectury Transformer DEBUG] Found class transformer
[Architectury Transformer DEBUG] Writing com/onewhohears/dscombat/client/entityscreen/EntityScreenTypes$EntityScreenFactory with maxs=true frames=true
[Architectury Transformer DEBUG] Transformed com/onewhohears/dscombat/client/entityscreen/EntityScreenTypes$EntityScreenFactory in 5.155 ms
[Architectury Transformer DEBUG] Transforming from com/onewhohears/dscombat/client/entityscreen/instance/EntityScreenInstance.class to com/onewhohears/dscombat/client/entityscreen/instance/EntityScreenInstance.class with 8 transformer(s) on dev.architectury.transformer.handler.TinyRemapperPreparedTransformerHandler
[Architectury Transformer DEBUG] Remapping with 1 mapping provider(s):
[Architectury Transformer DEBUG]  - dev.architectury.transformer.transformers.TransformForgeEnvironment$$Lambda/0x000001de0808e008@120d3fd
[Architectury Transformer DEBUG] Remapping Classes:
[Architectury Transformer DEBUG] net/fabricmc/api/EnvType -> net/minecraftforge/api/distmarker/Dist
[Architectury Transformer DEBUG] net/fabricmc/api/Environment -> net/minecraftforge/api/distmarker/OnlyIn
[Architectury Transformer DEBUG] Found class transformer
[Architectury Transformer DEBUG] Writing com/onewhohears/dscombat/client/entityscreen/instance/EntityScreenInstance with maxs=true frames=true
[Architectury Transformer DEBUG] Transformed com/onewhohears/dscombat/client/entityscreen/instance/EntityScreenInstance in 5.947 ms
[Architectury Transformer DEBUG] Transforming from com/onewhohears/dscombat/client/entityscreen/instance/EntityDynamicScreenInstance.class to com/onewhohears/dscombat/client/entityscreen/instance/EntityDynamicScreenInstance.class with 8 transformer(s) on dev.architectury.transformer.handler.TinyRemapperPreparedTransformerHandler
[Architectury Transformer DEBUG] Remapping with 1 mapping provider(s):
[Architectury Transformer DEBUG]  - dev.architectury.transformer.transformers.TransformForgeEnvironment$$Lambda/0x000001de0808e008@120d3fd
[Architectury Transformer DEBUG] Remapping Classes:
[Architectury Transformer DEBUG] net/fabricmc/api/EnvType -> net/minecraftforge/api/distmarker/Dist
[Architectury Transformer DEBUG] net/fabricmc/api/Environment -> net/minecraftforge/api/distmarker/OnlyIn
[Architectury Transformer DEBUG] Found class transformer
[Architectury Transformer DEBUG] Writing com/onewhohears/dscombat/client/entityscreen/instance/EntityDynamicScreenInstance with maxs=true frames=true
[Architectury Transformer DEBUG] Transformed com/onewhohears/dscombat/client/entityscreen/instance/EntityDynamicScreenInstance in 4.827 ms
[Architectury Transformer DEBUG] Transforming from com/onewhohears/dscombat/client/entityscreen/instance/RadarScreenInstance.class to com/onewhohears/dscombat/client/entityscreen/instance/RadarScreenInstance.class with 8 transformer(s) on dev.architectury.transformer.handler.TinyRemapperPreparedTransformerHandler
[Architectury Transformer DEBUG] Remapping with 1 mapping provider(s):
[Architectury Transformer DEBUG]  - dev.architectury.transformer.transformers.TransformForgeEnvironment$$Lambda/0x000001de0808e008@120d3fd
[Architectury Transformer DEBUG] Remapping Classes:
[Architectury Transformer DEBUG] net/fabricmc/api/EnvType -> net/minecraftforge/api/distmarker/Dist
[Architectury Transformer DEBUG] net/fabricmc/api/Environment -> net/minecraftforge/api/distmarker/OnlyIn
[Architectury Transformer DEBUG] Found class transformer
[Architectury Transformer DEBUG] Writing com/onewhohears/dscombat/client/entityscreen/instance/RadarScreenInstance with maxs=true frames=true
[Architectury Transformer DEBUG] Transformed com/onewhohears/dscombat/client/entityscreen/instance/RadarScreenInstance in 5.693 ms
[Architectury Transformer DEBUG] Transforming from com/onewhohears/dscombat/client/entityscreen/instance/BigRadarScreenInstance.class to com/onewhohears/dscombat/client/entityscreen/instance/BigRadarScreenInstance.class with 8 transformer(s) on dev.architectury.transformer.handler.TinyRemapperPreparedTransformerHandler
[Architectury Transformer DEBUG] Remapping with 1 mapping provider(s):
[Architectury Transformer DEBUG]  - dev.architectury.transformer.transformers.TransformForgeEnvironment$$Lambda/0x000001de0808e008@120d3fd
[Architectury Transformer DEBUG] Remapping Classes:
[Architectury Transformer DEBUG] net/fabricmc/api/EnvType -> net/minecraftforge/api/distmarker/Dist
[Architectury Transformer DEBUG] net/fabricmc/api/Environment -> net/minecraftforge/api/distmarker/OnlyIn
[Architectury Transformer DEBUG] Found class transformer
[Architectury Transformer DEBUG] Writing com/onewhohears/dscombat/client/entityscreen/instance/BigRadarScreenInstance with maxs=true frames=true
[Architectury Transformer DEBUG] Transformed com/onewhohears/dscombat/client/entityscreen/instance/BigRadarScreenInstance in 6.250 ms
[Architectury Transformer DEBUG] Transforming from com/onewhohears/dscombat/client/entityscreen/EntityScreenTypes.class to com/onewhohears/dscombat/client/entityscreen/EntityScreenTypes.class with 8 transformer(s) on dev.architectury.transformer.handler.TinyRemapperPreparedTransformerHandler
[Architectury Transformer DEBUG] Remapping with 1 mapping provider(s):
[Architectury Transformer DEBUG]  - dev.architectury.transformer.transformers.TransformForgeEnvironment$$Lambda/0x000001de0808e008@120d3fd
[Architectury Transformer DEBUG] Remapping Classes:
[Architectury Transformer DEBUG] net/fabricmc/api/EnvType -> net/minecraftforge/api/distmarker/Dist
[Architectury Transformer DEBUG] net/fabricmc/api/Environment -> net/minecraftforge/api/distmarker/OnlyIn
[Architectury Transformer DEBUG] Found class transformer
[Architectury Transformer DEBUG] Writing com/onewhohears/dscombat/client/entityscreen/EntityScreenTypes with maxs=true frames=true
[Architectury Transformer DEBUG] Transformed com/onewhohears/dscombat/client/entityscreen/EntityScreenTypes in 3.892 ms
[Architectury Transformer DEBUG] Transforming from com/onewhohears/dscombat/client/entityscreen/instance/AirRadarScreenInstance.class to com/onewhohears/dscombat/client/entityscreen/instance/AirRadarScreenInstance.class with 8 transformer(s) on dev.architectury.transformer.handler.TinyRemapperPreparedTransformerHandler
[Architectury Transformer DEBUG] Remapping with 1 mapping provider(s):
[Architectury Transformer DEBUG]  - dev.architectury.transformer.transformers.TransformForgeEnvironment$$Lambda/0x000001de0808e008@120d3fd
[Architectury Transformer DEBUG] Remapping Classes:
[Architectury Transformer DEBUG] net/fabricmc/api/EnvType -> net/minecraftforge/api/distmarker/Dist
[Architectury Transformer DEBUG] net/fabricmc/api/Environment -> net/minecraftforge/api/distmarker/OnlyIn
[Architectury Transformer DEBUG] Found class transformer
[Architectury Transformer DEBUG] Writing com/onewhohears/dscombat/client/entityscreen/instance/AirRadarScreenInstance with maxs=true frames=true
[Architectury Transformer DEBUG] Transformed com/onewhohears/dscombat/client/entityscreen/instance/AirRadarScreenInstance in 4.884 ms
[Architectury Transformer DEBUG] Transforming from com/onewhohears/dscombat/client/entityscreen/instance/GroundRadarScreenInstance.class to com/onewhohears/dscombat/client/entityscreen/instance/GroundRadarScreenInstance.class with 8 transformer(s) on dev.architectury.transformer.handler.TinyRemapperPreparedTransformerHandler
[Architectury Transformer DEBUG] Remapping with 1 mapping provider(s):
[Architectury Transformer DEBUG]  - dev.architectury.transformer.transformers.TransformForgeEnvironment$$Lambda/0x000001de0808e008@120d3fd
[Architectury Transformer DEBUG] Remapping Classes:
[Architectury Transformer DEBUG] net/fabricmc/api/EnvType -> net/minecraftforge/api/distmarker/Dist
[Architectury Transformer DEBUG] net/fabricmc/api/Environment -> net/minecraftforge/api/distmarker/OnlyIn
[Architectury Transformer DEBUG] Found class transformer
[Architectury Transformer DEBUG] Writing com/onewhohears/dscombat/client/entityscreen/instance/GroundRadarScreenInstance with maxs=true frames=true
[Architectury Transformer DEBUG] Transformed com/onewhohears/dscombat/client/entityscreen/instance/GroundRadarScreenInstance in 5.602 ms
[Architectury Transformer DEBUG] Transforming from com/onewhohears/dscombat/client/entityscreen/instance/SpinMeterScreenInstance.class to com/onewhohears/dscombat/client/entityscreen/instance/SpinMeterScreenInstance.class with 8 transformer(s) on dev.architectury.transformer.handler.TinyRemapperPreparedTransformerHandler
[Architectury Transformer DEBUG] Remapping with 1 mapping provider(s):
[Architectury Transformer DEBUG]  - dev.architectury.transformer.transformers.TransformForgeEnvironment$$Lambda/0x000001de0808e008@120d3fd
[Architectury Transformer DEBUG] Remapping Classes:
[Architectury Transformer DEBUG] net/fabricmc/api/EnvType -> net/minecraftforge/api/distmarker/Dist
[Architectury Transformer DEBUG] net/fabricmc/api/Environment -> net/minecraftforge/api/distmarker/OnlyIn
[Architectury Transformer DEBUG] Found class transformer
[Architectury Transformer DEBUG] Writing com/onewhohears/dscombat/client/entityscreen/instance/SpinMeterScreenInstance with maxs=true frames=true
[Architectury Transformer DEBUG] Transformed com/onewhohears/dscombat/client/entityscreen/instance/SpinMeterScreenInstance in 4.713 ms
[Architectury Transformer DEBUG] Transforming from com/onewhohears/dscombat/client/entityscreen/instance/FuelScreenInstance.class to com/onewhohears/dscombat/client/entityscreen/instance/FuelScreenInstance.class with 8 transformer(s) on dev.architectury.transformer.handler.TinyRemapperPreparedTransformerHandler
[Architectury Transformer DEBUG] Remapping with 1 mapping provider(s):
[Architectury Transformer DEBUG]  - dev.architectury.transformer.transformers.TransformForgeEnvironment$$Lambda/0x000001de0808e008@120d3fd
[Architectury Transformer DEBUG] Remapping Classes:
[Architectury Transformer DEBUG] net/fabricmc/api/EnvType -> net/minecraftforge/api/distmarker/Dist
[Architectury Transformer DEBUG] net/fabricmc/api/Environment -> net/minecraftforge/api/distmarker/OnlyIn
[Architectury Transformer DEBUG] Found class transformer
[Architectury Transformer DEBUG] Writing com/onewhohears/dscombat/client/entityscreen/instance/FuelScreenInstance with maxs=true frames=true
[Architectury Transformer DEBUG] Transformed com/onewhohears/dscombat/client/entityscreen/instance/FuelScreenInstance in 5.257 ms
[Architectury Transformer DEBUG] Transforming from com/onewhohears/dscombat/client/entityscreen/instance/HudScreenInstance.class to com/onewhohears/dscombat/client/entityscreen/instance/HudScreenInstance.class with 8 transformer(s) on dev.architectury.transformer.handler.TinyRemapperPreparedTransformerHandler
[Architectury Transformer DEBUG] Remapping with 1 mapping provider(s):
[Architectury Transformer DEBUG]  - dev.architectury.transformer.transformers.TransformForgeEnvironment$$Lambda/0x000001de0808e008@120d3fd
[Architectury Transformer DEBUG] Remapping Classes:
[Architectury Transformer DEBUG] net/fabricmc/api/EnvType -> net/minecraftforge/api/distmarker/Dist
[Architectury Transformer DEBUG] net/fabricmc/api/Environment -> net/minecraftforge/api/distmarker/OnlyIn
[Architectury Transformer DEBUG] Found class transformer
[Architectury Transformer DEBUG] Writing com/onewhohears/dscombat/client/entityscreen/instance/HudScreenInstance with maxs=true frames=true
[Architectury Transformer DEBUG] Transformed com/onewhohears/dscombat/client/entityscreen/instance/HudScreenInstance in 4.207 ms
[Architectury Transformer DEBUG] Transforming from com/onewhohears/dscombat/client/entityscreen/instance/RWRScreenInstance.class to com/onewhohears/dscombat/client/entityscreen/instance/RWRScreenInstance.class with 8 transformer(s) on dev.architectury.transformer.handler.TinyRemapperPreparedTransformerHandler
[Architectury Transformer DEBUG] Remapping with 1 mapping provider(s):
[Architectury Transformer DEBUG]  - dev.architectury.transformer.transformers.TransformForgeEnvironment$$Lambda/0x000001de0808e008@120d3fd
[Architectury Transformer DEBUG] Remapping Classes:
[Architectury Transformer DEBUG] net/fabricmc/api/EnvType -> net/minecraftforge/api/distmarker/Dist
[Architectury Transformer DEBUG] net/fabricmc/api/Environment -> net/minecraftforge/api/distmarker/OnlyIn
[Architectury Transformer DEBUG] Found class transformer
[Architectury Transformer DEBUG] Writing com/onewhohears/dscombat/client/entityscreen/instance/RWRScreenInstance with maxs=true frames=true
[Architectury Transformer DEBUG] Transformed com/onewhohears/dscombat/client/entityscreen/instance/RWRScreenInstance in 5.154 ms
[Architectury Transformer DEBUG] Transforming from com/onewhohears/dscombat/client/entityscreen/instance/HeadingScreenInstance.class to com/onewhohears/dscombat/client/entityscreen/instance/HeadingScreenInstance.class with 8 transformer(s) on dev.architectury.transformer.handler.TinyRemapperPreparedTransformerHandler
[Architectury Transformer DEBUG] Remapping with 1 mapping provider(s):
[Architectury Transformer DEBUG]  - dev.architectury.transformer.transformers.TransformForgeEnvironment$$Lambda/0x000001de0808e008@120d3fd
[Architectury Transformer DEBUG] Remapping Classes:
[Architectury Transformer DEBUG] net/fabricmc/api/EnvType -> net/minecraftforge/api/distmarker/Dist
[Architectury Transformer DEBUG] net/fabricmc/api/Environment -> net/minecraftforge/api/distmarker/OnlyIn
[Architectury Transformer DEBUG] Found class transformer
[Architectury Transformer DEBUG] Writing com/onewhohears/dscombat/client/entityscreen/instance/HeadingScreenInstance with maxs=true frames=true
[Architectury Transformer DEBUG] Transformed com/onewhohears/dscombat/client/entityscreen/instance/HeadingScreenInstance in 6.763 ms
[Architectury Transformer DEBUG] Transforming from com/onewhohears/dscombat/client/entityscreen/instance/TurnCoordScreenInstance.class to com/onewhohears/dscombat/client/entityscreen/instance/TurnCoordScreenInstance.class with 8 transformer(s) on dev.architectury.transformer.handler.TinyRemapperPreparedTransformerHandler
[Architectury Transformer DEBUG] Remapping with 1 mapping provider(s):
[Architectury Transformer DEBUG]  - dev.architectury.transformer.transformers.TransformForgeEnvironment$$Lambda/0x000001de0808e008@120d3fd
[Architectury Transformer DEBUG] Remapping Classes:
[Architectury Transformer DEBUG] net/fabricmc/api/EnvType -> net/minecraftforge/api/distmarker/Dist
[Architectury Transformer DEBUG] net/fabricmc/api/Environment -> net/minecraftforge/api/distmarker/OnlyIn
[Architectury Transformer DEBUG] Found class transformer
[Architectury Transformer DEBUG] Writing com/onewhohears/dscombat/client/entityscreen/instance/TurnCoordScreenInstance with maxs=true frames=true
[Architectury Transformer DEBUG] Transformed com/onewhohears/dscombat/client/entityscreen/instance/TurnCoordScreenInstance in 3.734 ms
[Architectury Transformer DEBUG] Transforming from com/onewhohears/dscombat/client/entityscreen/instance/AttitudeScreenInstance.class to com/onewhohears/dscombat/client/entityscreen/instance/AttitudeScreenInstance.class with 8 transformer(s) on dev.architectury.transformer.handler.TinyRemapperPreparedTransformerHandler
[Architectury Transformer DEBUG] Remapping with 1 mapping provider(s):
[Architectury Transformer DEBUG]  - dev.architectury.transformer.transformers.TransformForgeEnvironment$$Lambda/0x000001de0808e008@120d3fd
[Architectury Transformer DEBUG] Remapping Classes:
[Architectury Transformer DEBUG] net/fabricmc/api/EnvType -> net/minecraftforge/api/distmarker/Dist
[Architectury Transformer DEBUG] net/fabricmc/api/Environment -> net/minecraftforge/api/distmarker/OnlyIn
[Architectury Transformer DEBUG] Found class transformer
[Architectury Transformer DEBUG] Writing com/onewhohears/dscombat/client/entityscreen/instance/AttitudeScreenInstance with maxs=true frames=true
[Architectury Transformer DEBUG] Transformed com/onewhohears/dscombat/client/entityscreen/instance/AttitudeScreenInstance in 6.437 ms
[Architectury Transformer DEBUG] Transforming from com/onewhohears/dscombat/client/entityscreen/instance/AOAScreenInstance.class to com/onewhohears/dscombat/client/entityscreen/instance/AOAScreenInstance.class with 8 transformer(s) on dev.architectury.transformer.handler.TinyRemapperPreparedTransformerHandler
[Architectury Transformer DEBUG] Remapping with 1 mapping provider(s):
[Architectury Transformer DEBUG]  - dev.architectury.transformer.transformers.TransformForgeEnvironment$$Lambda/0x000001de0808e008@120d3fd
[Architectury Transformer DEBUG] Remapping Classes:
[Architectury Transformer DEBUG] net/fabricmc/api/EnvType -> net/minecraftforge/api/distmarker/Dist
[Architectury Transformer DEBUG] net/fabricmc/api/Environment -> net/minecraftforge/api/distmarker/OnlyIn
[Architectury Transformer DEBUG] Found class transformer
[Architectury Transformer DEBUG] Writing com/onewhohears/dscombat/client/entityscreen/instance/AOAScreenInstance with maxs=true frames=true
[Architectury Transformer DEBUG] Transformed com/onewhohears/dscombat/client/entityscreen/instance/AOAScreenInstance in 4.895 ms
[Architectury Transformer DEBUG] Transforming from com/onewhohears/dscombat/client/entityscreen/instance/AltimeterScreenInstance.class to com/onewhohears/dscombat/client/entityscreen/instance/AltimeterScreenInstance.class with 8 transformer(s) on dev.architectury.transformer.handler.TinyRemapperPreparedTransformerHandler
[Architectury Transformer DEBUG] Remapping with 1 mapping provider(s):
[Architectury Transformer DEBUG]  - dev.architectury.transformer.transformers.TransformForgeEnvironment$$Lambda/0x000001de0808e008@120d3fd
[Architectury Transformer DEBUG] Remapping Classes:
[Architectury Transformer DEBUG] net/fabricmc/api/EnvType -> net/minecraftforge/api/distmarker/Dist
[Architectury Transformer DEBUG] net/fabricmc/api/Environment -> net/minecraftforge/api/distmarker/OnlyIn
[Architectury Transformer DEBUG] Found class transformer
[Architectury Transformer DEBUG] Writing com/onewhohears/dscombat/client/entityscreen/instance/AltimeterScreenInstance with maxs=true frames=true
[Architectury Transformer DEBUG] Transformed com/onewhohears/dscombat/client/entityscreen/instance/AltimeterScreenInstance in 3.665 ms
[Architectury Transformer DEBUG] Transforming from com/onewhohears/dscombat/client/entityscreen/instance/SpeedScreenInstance.class to com/onewhohears/dscombat/client/entityscreen/instance/SpeedScreenInstance.class with 8 transformer(s) on dev.architectury.transformer.handler.TinyRemapperPreparedTransformerHandler
[Architectury Transformer DEBUG] Remapping with 1 mapping provider(s):
[Architectury Transformer DEBUG]  - dev.architectury.transformer.transformers.TransformForgeEnvironment$$Lambda/0x000001de0808e008@120d3fd
[Architectury Transformer DEBUG] Remapping Classes:
[Architectury Transformer DEBUG] net/fabricmc/api/EnvType -> net/minecraftforge/api/distmarker/Dist
[Architectury Transformer DEBUG] net/fabricmc/api/Environment -> net/minecraftforge/api/distmarker/OnlyIn
[Architectury Transformer DEBUG] Found class transformer
[Architectury Transformer DEBUG] Writing com/onewhohears/dscombat/client/entityscreen/instance/SpeedScreenInstance with maxs=true frames=true
[Architectury Transformer DEBUG] Transformed com/onewhohears/dscombat/client/entityscreen/instance/SpeedScreenInstance in 4.623 ms
[Architectury Transformer DEBUG] Transforming from com/onewhohears/dscombat/client/renderer/MissileLaunchStationRenderer.class to com/onewhohears/dscombat/client/renderer/MissileLaunchStationRenderer.class with 8 transformer(s) on dev.architectury.transformer.handler.TinyRemapperPreparedTransformerHandler
[Architectury Transformer DEBUG] Remapping with 1 mapping provider(s):
[Architectury Transformer DEBUG]  - dev.architectury.transformer.transformers.TransformForgeEnvironment$$Lambda/0x000001de0808e008@120d3fd
[Architectury Transformer DEBUG] Remapping Classes:
[Architectury Transformer DEBUG] net/fabricmc/api/EnvType -> net/minecraftforge/api/distmarker/Dist
[Architectury Transformer DEBUG] net/fabricmc/api/Environment -> net/minecraftforge/api/distmarker/OnlyIn
[Architectury Transformer DEBUG] Found class transformer
[Architectury Transformer DEBUG] Writing com/onewhohears/dscombat/client/renderer/MissileLaunchStationRenderer with maxs=true frames=true
[Architectury Transformer DEBUG] Transformed com/onewhohears/dscombat/client/renderer/MissileLaunchStationRenderer in 5.815 ms
[Architectury Transformer DEBUG] Transforming from com/onewhohears/dscombat/data/sound/PassengerSoundPack$1.class to com/onewhohears/dscombat/data/sound/PassengerSoundPack$1.class with 8 transformer(s) on dev.architectury.transformer.handler.TinyRemapperPreparedTransformerHandler
[Architectury Transformer DEBUG] Remapping with 1 mapping provider(s):
[Architectury Transformer DEBUG]  - dev.architectury.transformer.transformers.TransformForgeEnvironment$$Lambda/0x000001de0808e008@120d3fd
[Architectury Transformer DEBUG] Remapping Classes:
[Architectury Transformer DEBUG] net/fabricmc/api/EnvType -> net/minecraftforge/api/distmarker/Dist
[Architectury Transformer DEBUG] net/fabricmc/api/Environment -> net/minecraftforge/api/distmarker/OnlyIn
[Architectury Transformer DEBUG] Found class transformer
[Architectury Transformer DEBUG] Writing com/onewhohears/dscombat/data/sound/PassengerSoundPack$1 with maxs=true frames=true
[Architectury Transformer DEBUG] Transformed com/onewhohears/dscombat/data/sound/PassengerSoundPack$1 in 5.370 ms
[Architectury Transformer DEBUG] Transforming from com/onewhohears/dscombat/data/sound/PassengerSoundPack$PassengerSound.class to com/onewhohears/dscombat/data/sound/PassengerSoundPack$PassengerSound.class with 8 transformer(s) on dev.architectury.transformer.handler.TinyRemapperPreparedTransformerHandler
[Architectury Transformer DEBUG] Remapping with 1 mapping provider(s):
[Architectury Transformer DEBUG]  - dev.architectury.transformer.transformers.TransformForgeEnvironment$$Lambda/0x000001de0808e008@120d3fd
[Architectury Transformer DEBUG] Remapping Classes:
[Architectury Transformer DEBUG] net/fabricmc/api/EnvType -> net/minecraftforge/api/distmarker/Dist
[Architectury Transformer DEBUG] net/fabricmc/api/Environment -> net/minecraftforge/api/distmarker/OnlyIn
[Architectury Transformer DEBUG] Found class transformer
[Architectury Transformer DEBUG] Writing com/onewhohears/dscombat/data/sound/PassengerSoundPack$PassengerSound with maxs=true frames=true
[Architectury Transformer DEBUG] Transformed com/onewhohears/dscombat/data/sound/PassengerSoundPack$PassengerSound in 4.075 ms
[Architectury Transformer DEBUG] Transforming from com/onewhohears/dscombat/data/parts/client/TurretClientStats.class to com/onewhohears/dscombat/data/parts/client/TurretClientStats.class with 8 transformer(s) on dev.architectury.transformer.handler.TinyRemapperPreparedTransformerHandler
[Architectury Transformer DEBUG] Remapping with 1 mapping provider(s):
[Architectury Transformer DEBUG]  - dev.architectury.transformer.transformers.TransformForgeEnvironment$$Lambda/0x000001de0808e008@120d3fd
[Architectury Transformer DEBUG] Remapping Classes:
[Architectury Transformer DEBUG] net/fabricmc/api/EnvType -> net/minecraftforge/api/distmarker/Dist
[Architectury Transformer DEBUG] net/fabricmc/api/Environment -> net/minecraftforge/api/distmarker/OnlyIn
[Architectury Transformer DEBUG] Found class transformer
[Architectury Transformer DEBUG] Writing com/onewhohears/dscombat/data/parts/client/TurretClientStats with maxs=true frames=true
[Architectury Transformer DEBUG] Transformed com/onewhohears/dscombat/data/parts/client/TurretClientStats in 3.609 ms
[Architectury Transformer DEBUG] Transforming from com/onewhohears/dscombat/data/parts/client/RadarClientStats.class to com/onewhohears/dscombat/data/parts/client/RadarClientStats.class with 8 transformer(s) on dev.architectury.transformer.handler.TinyRemapperPreparedTransformerHandler
[Architectury Transformer DEBUG] Remapping with 1 mapping provider(s):
[Architectury Transformer DEBUG]  - dev.architectury.transformer.transformers.TransformForgeEnvironment$$Lambda/0x000001de0808e008@120d3fd
[Architectury Transformer DEBUG] Remapping Classes:
[Architectury Transformer DEBUG] net/fabricmc/api/EnvType -> net/minecraftforge/api/distmarker/Dist
[Architectury Transformer DEBUG] net/fabricmc/api/Environment -> net/minecraftforge/api/distmarker/OnlyIn
[Architectury Transformer DEBUG] Found class transformer
[Architectury Transformer DEBUG] Writing com/onewhohears/dscombat/data/parts/client/RadarClientStats with maxs=true frames=true
[Architectury Transformer DEBUG] Transformed com/onewhohears/dscombat/data/parts/client/RadarClientStats in 5.036 ms
[Architectury Transformer DEBUG] Transforming from com/onewhohears/dscombat/data/parts/client/WeaponRackClientStats.class to com/onewhohears/dscombat/data/parts/client/WeaponRackClientStats.class with 8 transformer(s) on dev.architectury.transformer.handler.TinyRemapperPreparedTransformerHandler
[Architectury Transformer DEBUG] Remapping with 1 mapping provider(s):
[Architectury Transformer DEBUG]  - dev.architectury.transformer.transformers.TransformForgeEnvironment$$Lambda/0x000001de0808e008@120d3fd
[Architectury Transformer DEBUG] Remapping Classes:
[Architectury Transformer DEBUG] net/fabricmc/api/EnvType -> net/minecraftforge/api/distmarker/Dist
[Architectury Transformer DEBUG] net/fabricmc/api/Environment -> net/minecraftforge/api/distmarker/OnlyIn
[Architectury Transformer DEBUG] Found class transformer
[Architectury Transformer DEBUG] Writing com/onewhohears/dscombat/data/parts/client/WeaponRackClientStats with maxs=true frames=true
[Architectury Transformer DEBUG] Transformed com/onewhohears/dscombat/data/parts/client/WeaponRackClientStats in 3.508 ms
[Architectury Transformer DEBUG] Transforming from com/onewhohears/dscombat/client/model/obj/ObjWeaponRackModel.class to com/onewhohears/dscombat/client/model/obj/ObjWeaponRackModel.class with 8 transformer(s) on dev.architectury.transformer.handler.TinyRemapperPreparedTransformerHandler
[Architectury Transformer DEBUG] Remapping with 1 mapping provider(s):
[Architectury Transformer DEBUG]  - dev.architectury.transformer.transformers.TransformForgeEnvironment$$Lambda/0x000001de0808e008@120d3fd
[Architectury Transformer DEBUG] Remapping Classes:
[Architectury Transformer DEBUG] net/fabricmc/api/EnvType -> net/minecraftforge/api/distmarker/Dist
[Architectury Transformer DEBUG] net/fabricmc/api/Environment -> net/minecraftforge/api/distmarker/OnlyIn
[Architectury Transformer DEBUG] Found class transformer
[Architectury Transformer DEBUG] Writing com/onewhohears/dscombat/client/model/obj/ObjWeaponRackModel with maxs=true frames=true
[Architectury Transformer DEBUG] Transformed com/onewhohears/dscombat/client/model/obj/ObjWeaponRackModel in 3.129 ms
[Architectury Transformer DEBUG] Transforming from com/onewhohears/dscombat/data/weapon/client/WeaponClientStats$1.class to com/onewhohears/dscombat/data/weapon/client/WeaponClientStats$1.class with 8 transformer(s) on dev.architectury.transformer.handler.TinyRemapperPreparedTransformerHandler
[Architectury Transformer DEBUG] Remapping with 1 mapping provider(s):
[Architectury Transformer DEBUG]  - dev.architectury.transformer.transformers.TransformForgeEnvironment$$Lambda/0x000001de0808e008@120d3fd
[Architectury Transformer DEBUG] Remapping Classes:
[Architectury Transformer DEBUG] net/fabricmc/api/EnvType -> net/minecraftforge/api/distmarker/Dist
[Architectury Transformer DEBUG] net/fabricmc/api/Environment -> net/minecraftforge/api/distmarker/OnlyIn
[Architectury Transformer DEBUG] Found class transformer
[Architectury Transformer DEBUG] Writing com/onewhohears/dscombat/data/weapon/client/WeaponClientStats$1 with maxs=true frames=true
[Architectury Transformer DEBUG] Transformed com/onewhohears/dscombat/data/weapon/client/WeaponClientStats$1 in 4.264 ms
[Architectury Transformer DEBUG] Transforming from com/onewhohears/dscombat/client/model/obj/ObjWeaponModel.class to com/onewhohears/dscombat/client/model/obj/ObjWeaponModel.class with 8 transformer(s) on dev.architectury.transformer.handler.TinyRemapperPreparedTransformerHandler
[Architectury Transformer DEBUG] Remapping with 1 mapping provider(s):
[Architectury Transformer DEBUG]  - dev.architectury.transformer.transformers.TransformForgeEnvironment$$Lambda/0x000001de0808e008@120d3fd
[Architectury Transformer DEBUG] Remapping Classes:
[Architectury Transformer DEBUG] net/fabricmc/api/EnvType -> net/minecraftforge/api/distmarker/Dist
[Architectury Transformer DEBUG] net/fabricmc/api/Environment -> net/minecraftforge/api/distmarker/OnlyIn
[Architectury Transformer DEBUG] Found class transformer
[Architectury Transformer DEBUG] Writing com/onewhohears/dscombat/client/model/obj/ObjWeaponModel with maxs=true frames=true
[Architectury Transformer DEBUG] Transformed com/onewhohears/dscombat/client/model/obj/ObjWeaponModel in 5.570 ms
[Architectury Transformer DEBUG] Transforming from com/onewhohears/dscombat/client/input/ClientInputManager.class to com/onewhohears/dscombat/client/input/ClientInputManager.class with 8 transformer(s) on dev.architectury.transformer.handler.TinyRemapperPreparedTransformerHandler
[Architectury Transformer DEBUG] Remapping with 1 mapping provider(s):
[Architectury Transformer DEBUG]  - dev.architectury.transformer.transformers.TransformForgeEnvironment$$Lambda/0x000001de0808e008@120d3fd
[Architectury Transformer DEBUG] Remapping Classes:
[Architectury Transformer DEBUG] net/fabricmc/api/EnvType -> net/minecraftforge/api/distmarker/Dist
[Architectury Transformer DEBUG] net/fabricmc/api/Environment -> net/minecraftforge/api/distmarker/OnlyIn
[Architectury Transformer DEBUG] Found class transformer
[Architectury Transformer DEBUG] Writing com/onewhohears/dscombat/client/input/ClientInputManager with maxs=true frames=true
[Architectury Transformer DEBUG] Transformed com/onewhohears/dscombat/client/input/ClientInputManager in 8.686 ms
[Architectury Transformer DEBUG] Transforming from com/onewhohears/dscombat/client/input/ActionInput$Button.class to com/onewhohears/dscombat/client/input/ActionInput$Button.class with 8 transformer(s) on dev.architectury.transformer.handler.TinyRemapperPreparedTransformerHandler
[Architectury Transformer DEBUG] Remapping with 1 mapping provider(s):
[Architectury Transformer DEBUG]  - dev.architectury.transformer.transformers.TransformForgeEnvironment$$Lambda/0x000001de0808e008@120d3fd
[Architectury Transformer DEBUG] Remapping Classes:
[Architectury Transformer DEBUG] net/fabricmc/api/EnvType -> net/minecraftforge/api/distmarker/Dist
[Architectury Transformer DEBUG] net/fabricmc/api/Environment -> net/minecraftforge/api/distmarker/OnlyIn
[Architectury Transformer DEBUG] Found class transformer
[Architectury Transformer DEBUG] Writing com/onewhohears/dscombat/client/input/ActionInput$Button with maxs=true frames=true
[Architectury Transformer DEBUG] Transformed com/onewhohears/dscombat/client/input/ActionInput$Button in 4.218 ms
[Architectury Transformer DEBUG] Transforming from com/onewhohears/dscombat/client/input/ActionInput.class to com/onewhohears/dscombat/client/input/ActionInput.class with 8 transformer(s) on dev.architectury.transformer.handler.TinyRemapperPreparedTransformerHandler
[Architectury Transformer DEBUG] Remapping with 1 mapping provider(s):
[Architectury Transformer DEBUG]  - dev.architectury.transformer.transformers.TransformForgeEnvironment$$Lambda/0x000001de0808e008@120d3fd
[Architectury Transformer DEBUG] Remapping Classes:
[Architectury Transformer DEBUG] net/fabricmc/api/EnvType -> net/minecraftforge/api/distmarker/Dist
[Architectury Transformer DEBUG] net/fabricmc/api/Environment -> net/minecraftforge/api/distmarker/OnlyIn
[Architectury Transformer DEBUG] Found class transformer
[Architectury Transformer DEBUG] Writing com/onewhohears/dscombat/client/input/ActionInput with maxs=true frames=true
[Architectury Transformer DEBUG] Transformed com/onewhohears/dscombat/client/input/ActionInput in 7.780 ms
[Architectury Transformer DEBUG] Transforming from com/onewhohears/dscombat/client/input/ActionInput$DSCKeyButton.class to com/onewhohears/dscombat/client/input/ActionInput$DSCKeyButton.class with 8 transformer(s) on dev.architectury.transformer.handler.TinyRemapperPreparedTransformerHandler
[Architectury Transformer DEBUG] Remapping with 1 mapping provider(s):
[Architectury Transformer DEBUG]  - dev.architectury.transformer.transformers.TransformForgeEnvironment$$Lambda/0x000001de0808e008@120d3fd
[Architectury Transformer DEBUG] Remapping Classes:
[Architectury Transformer DEBUG] net/fabricmc/api/EnvType -> net/minecraftforge/api/distmarker/Dist
[Architectury Transformer DEBUG] net/fabricmc/api/Environment -> net/minecraftforge/api/distmarker/OnlyIn
[Architectury Transformer DEBUG] Found class transformer
[Architectury Transformer DEBUG] Writing com/onewhohears/dscombat/client/input/ActionInput$DSCKeyButton with maxs=true frames=true
[Architectury Transformer DEBUG] Transformed com/onewhohears/dscombat/client/input/ActionInput$DSCKeyButton in 6.257 ms
[Architectury Transformer DEBUG] Transforming from com/onewhohears/dscombat/client/input/ActionInput$Axis.class to com/onewhohears/dscombat/client/input/ActionInput$Axis.class with 8 transformer(s) on dev.architectury.transformer.handler.TinyRemapperPreparedTransformerHandler
[Architectury Transformer DEBUG] Remapping with 1 mapping provider(s):
[Architectury Transformer DEBUG]  - dev.architectury.transformer.transformers.TransformForgeEnvironment$$Lambda/0x000001de0808e008@120d3fd
[Architectury Transformer DEBUG] Remapping Classes:
[Architectury Transformer DEBUG] net/fabricmc/api/EnvType -> net/minecraftforge/api/distmarker/Dist
[Architectury Transformer DEBUG] net/fabricmc/api/Environment -> net/minecraftforge/api/distmarker/OnlyIn
[Architectury Transformer DEBUG] Found class transformer
[Architectury Transformer DEBUG] Writing com/onewhohears/dscombat/client/input/ActionInput$Axis with maxs=true frames=true
[Architectury Transformer DEBUG] Transformed com/onewhohears/dscombat/client/input/ActionInput$Axis in 7.732 ms
[Architectury Transformer DEBUG] Transforming from com/onewhohears/dscombat/client/input/ActionInputHolder.class to com/onewhohears/dscombat/client/input/ActionInputHolder.class with 8 transformer(s) on dev.architectury.transformer.handler.TinyRemapperPreparedTransformerHandler
[Architectury Transformer DEBUG] Remapping with 1 mapping provider(s):
[Architectury Transformer DEBUG]  - dev.architectury.transformer.transformers.TransformForgeEnvironment$$Lambda/0x000001de0808e008@120d3fd
[Architectury Transformer DEBUG] Remapping Classes:
[Architectury Transformer DEBUG] net/fabricmc/api/EnvType -> net/minecraftforge/api/distmarker/Dist
[Architectury Transformer DEBUG] net/fabricmc/api/Environment -> net/minecraftforge/api/distmarker/OnlyIn
[Architectury Transformer DEBUG] Found class transformer
[Architectury Transformer DEBUG] Writing com/onewhohears/dscombat/client/input/ActionInputHolder with maxs=true frames=true
[Architectury Transformer DEBUG] Transformed com/onewhohears/dscombat/client/input/ActionInputHolder in 4.274 ms
[Architectury Transformer DEBUG] Transforming from com/onewhohears/dscombat/client/input/ActionInputHolder$Axis.class to com/onewhohears/dscombat/client/input/ActionInputHolder$Axis.class with 8 transformer(s) on dev.architectury.transformer.handler.TinyRemapperPreparedTransformerHandler
[Architectury Transformer DEBUG] Remapping with 1 mapping provider(s):
[Architectury Transformer DEBUG]  - dev.architectury.transformer.transformers.TransformForgeEnvironment$$Lambda/0x000001de0808e008@120d3fd
[Architectury Transformer DEBUG] Remapping Classes:
[Architectury Transformer DEBUG] net/fabricmc/api/EnvType -> net/minecraftforge/api/distmarker/Dist
[Architectury Transformer DEBUG] net/fabricmc/api/Environment -> net/minecraftforge/api/distmarker/OnlyIn
[Architectury Transformer DEBUG] Found class transformer
[Architectury Transformer DEBUG] Writing com/onewhohears/dscombat/client/input/ActionInputHolder$Axis with maxs=true frames=true
[Architectury Transformer DEBUG] Transformed com/onewhohears/dscombat/client/input/ActionInputHolder$Axis in 4.545 ms
[Architectury Transformer DEBUG] Transforming from com/onewhohears/dscombat/client/input/ActionInput$DSCKeyAxis.class to com/onewhohears/dscombat/client/input/ActionInput$DSCKeyAxis.class with 8 transformer(s) on dev.architectury.transformer.handler.TinyRemapperPreparedTransformerHandler
[Architectury Transformer DEBUG] Remapping with 1 mapping provider(s):
[Architectury Transformer DEBUG]  - dev.architectury.transformer.transformers.TransformForgeEnvironment$$Lambda/0x000001de0808e008@120d3fd
[Architectury Transformer DEBUG] Remapping Classes:
[Architectury Transformer DEBUG] net/fabricmc/api/EnvType -> net/minecraftforge/api/distmarker/Dist
[Architectury Transformer DEBUG] net/fabricmc/api/Environment -> net/minecraftforge/api/distmarker/OnlyIn
[Architectury Transformer DEBUG] Found class transformer
[Architectury Transformer DEBUG] Writing com/onewhohears/dscombat/client/input/ActionInput$DSCKeyAxis with maxs=true frames=true
[Architectury Transformer DEBUG] Transformed com/onewhohears/dscombat/client/input/ActionInput$DSCKeyAxis in 5.643 ms
[Architectury Transformer DEBUG] Transforming from com/onewhohears/dscombat/client/input/ActionInput$AxisType.class to com/onewhohears/dscombat/client/input/ActionInput$AxisType.class with 8 transformer(s) on dev.architectury.transformer.handler.TinyRemapperPreparedTransformerHandler
[Architectury Transformer DEBUG] Remapping with 1 mapping provider(s):
[Architectury Transformer DEBUG]  - dev.architectury.transformer.transformers.TransformForgeEnvironment$$Lambda/0x000001de0808e008@120d3fd
[Architectury Transformer DEBUG] Remapping Classes:
[Architectury Transformer DEBUG] net/fabricmc/api/EnvType -> net/minecraftforge/api/distmarker/Dist
[Architectury Transformer DEBUG] net/fabricmc/api/Environment -> net/minecraftforge/api/distmarker/OnlyIn
[Architectury Transformer DEBUG] Found class transformer
[Architectury Transformer DEBUG] Writing com/onewhohears/dscombat/client/input/ActionInput$AxisType with maxs=true frames=true
[Architectury Transformer DEBUG] Transformed com/onewhohears/dscombat/client/input/ActionInput$AxisType in 3.806 ms
[Architectury Transformer DEBUG] Transforming from com/onewhohears/dscombat/client/input/ActionInput$UnboundAxis.class to com/onewhohears/dscombat/client/input/ActionInput$UnboundAxis.class with 8 transformer(s) on dev.architectury.transformer.handler.TinyRemapperPreparedTransformerHandler
[Architectury Transformer DEBUG] Remapping with 1 mapping provider(s):
[Architectury Transformer DEBUG]  - dev.architectury.transformer.transformers.TransformForgeEnvironment$$Lambda/0x000001de0808e008@120d3fd
[Architectury Transformer DEBUG] Remapping Classes:
[Architectury Transformer DEBUG] net/fabricmc/api/EnvType -> net/minecraftforge/api/distmarker/Dist
[Architectury Transformer DEBUG] net/fabricmc/api/Environment -> net/minecraftforge/api/distmarker/OnlyIn
[Architectury Transformer DEBUG] Found class transformer
[Architectury Transformer DEBUG] Writing com/onewhohears/dscombat/client/input/ActionInput$UnboundAxis with maxs=true frames=true
[Architectury Transformer DEBUG] Transformed com/onewhohears/dscombat/client/input/ActionInput$UnboundAxis in 3.329 ms
[Architectury Transformer DEBUG] Transforming from com/onewhohears/dscombat/client/input/ActionInputHolder$Button.class to com/onewhohears/dscombat/client/input/ActionInputHolder$Button.class with 8 transformer(s) on dev.architectury.transformer.handler.TinyRemapperPreparedTransformerHandler
[Architectury Transformer DEBUG] Remapping with 1 mapping provider(s):
[Architectury Transformer DEBUG]  - dev.architectury.transformer.transformers.TransformForgeEnvironment$$Lambda/0x000001de0808e008@120d3fd
[Architectury Transformer DEBUG] Remapping Classes:
[Architectury Transformer DEBUG] net/fabricmc/api/EnvType -> net/minecraftforge/api/distmarker/Dist
[Architectury Transformer DEBUG] net/fabricmc/api/Environment -> net/minecraftforge/api/distmarker/OnlyIn
[Architectury Transformer DEBUG] Found class transformer
[Architectury Transformer DEBUG] Writing com/onewhohears/dscombat/client/input/ActionInputHolder$Button with maxs=true frames=true
[Architectury Transformer DEBUG] Transformed com/onewhohears/dscombat/client/input/ActionInputHolder$Button in 3.649 ms
[Architectury Transformer DEBUG] Transforming from com/onewhohears/dscombat/client/input/ActionInput$ButtonType.class to com/onewhohears/dscombat/client/input/ActionInput$ButtonType.class with 8 transformer(s) on dev.architectury.transformer.handler.TinyRemapperPreparedTransformerHandler
[Architectury Transformer DEBUG] Remapping with 1 mapping provider(s):
[Architectury Transformer DEBUG]  - dev.architectury.transformer.transformers.TransformForgeEnvironment$$Lambda/0x000001de0808e008@120d3fd
[Architectury Transformer DEBUG] Remapping Classes:
[Architectury Transformer DEBUG] net/fabricmc/api/EnvType -> net/minecraftforge/api/distmarker/Dist
[Architectury Transformer DEBUG] net/fabricmc/api/Environment -> net/minecraftforge/api/distmarker/OnlyIn
[Architectury Transformer DEBUG] Found class transformer
[Architectury Transformer DEBUG] Writing com/onewhohears/dscombat/client/input/ActionInput$ButtonType with maxs=true frames=true
[Architectury Transformer DEBUG] Transformed com/onewhohears/dscombat/client/input/ActionInput$ButtonType in 5.120 ms
[Architectury Transformer DEBUG] Transforming from com/onewhohears/dscombat/client/input/ActionInput$UnboundButton.class to com/onewhohears/dscombat/client/input/ActionInput$UnboundButton.class with 8 transformer(s) on dev.architectury.transformer.handler.TinyRemapperPreparedTransformerHandler
[Architectury Transformer DEBUG] Remapping with 1 mapping provider(s):
[Architectury Transformer DEBUG]  - dev.architectury.transformer.transformers.TransformForgeEnvironment$$Lambda/0x000001de0808e008@120d3fd
[Architectury Transformer DEBUG] Remapping Classes:
[Architectury Transformer DEBUG] net/fabricmc/api/EnvType -> net/minecraftforge/api/distmarker/Dist
[Architectury Transformer DEBUG] net/fabricmc/api/Environment -> net/minecraftforge/api/distmarker/OnlyIn
[Architectury Transformer DEBUG] Found class transformer
[Architectury Transformer DEBUG] Writing com/onewhohears/dscombat/client/input/ActionInput$UnboundButton with maxs=true frames=true
[Architectury Transformer DEBUG] Transformed com/onewhohears/dscombat/client/input/ActionInput$UnboundButton in 4.022 ms
[Architectury Transformer DEBUG] Transforming from com/onewhohears/dscombat/client/input/DSCClientInputs.class to com/onewhohears/dscombat/client/input/DSCClientInputs.class with 8 transformer(s) on dev.architectury.transformer.handler.TinyRemapperPreparedTransformerHandler
[Architectury Transformer DEBUG] Remapping with 1 mapping provider(s):
[Architectury Transformer DEBUG]  - dev.architectury.transformer.transformers.TransformForgeEnvironment$$Lambda/0x000001de0808e008@120d3fd
[Architectury Transformer DEBUG] Remapping Classes:
[Architectury Transformer DEBUG] net/fabricmc/api/EnvType -> net/minecraftforge/api/distmarker/Dist
[Architectury Transformer DEBUG] net/fabricmc/api/Environment -> net/minecraftforge/api/distmarker/OnlyIn
[Architectury Transformer DEBUG] Found class transformer
[Architectury Transformer DEBUG] Writing com/onewhohears/dscombat/client/input/DSCClientInputs with maxs=true frames=true
[Architectury Transformer DEBUG] Transformed com/onewhohears/dscombat/client/input/DSCClientInputs in 4.807 ms
[Architectury Transformer DEBUG] Transforming from com/onewhohears/dscombat/client/input/DSCClientInputs$MouseMode.class to com/onewhohears/dscombat/client/input/DSCClientInputs$MouseMode.class with 8 transformer(s) on dev.architectury.transformer.handler.TinyRemapperPreparedTransformerHandler
[Architectury Transformer DEBUG] Remapping with 1 mapping provider(s):
[Architectury Transformer DEBUG]  - dev.architectury.transformer.transformers.TransformForgeEnvironment$$Lambda/0x000001de0808e008@120d3fd
[Architectury Transformer DEBUG] Remapping Classes:
[Architectury Transformer DEBUG] net/fabricmc/api/EnvType -> net/minecraftforge/api/distmarker/Dist
[Architectury Transformer DEBUG] net/fabricmc/api/Environment -> net/minecraftforge/api/distmarker/OnlyIn
[Architectury Transformer DEBUG] Found class transformer
[Architectury Transformer DEBUG] Writing com/onewhohears/dscombat/client/input/DSCClientInputs$MouseMode with maxs=true frames=true
[Architectury Transformer DEBUG] Transformed com/onewhohears/dscombat/client/input/DSCClientInputs$MouseMode in 4.384 ms
[Architectury Transformer DEBUG] Transforming from com/onewhohears/dscombat/client/input/DSCClientInputs$TargetMode.class to com/onewhohears/dscombat/client/input/DSCClientInputs$TargetMode.class with 8 transformer(s) on dev.architectury.transformer.handler.TinyRemapperPreparedTransformerHandler
[Architectury Transformer DEBUG] Remapping with 1 mapping provider(s):
[Architectury Transformer DEBUG]  - dev.architectury.transformer.transformers.TransformForgeEnvironment$$Lambda/0x000001de0808e008@120d3fd
[Architectury Transformer DEBUG] Remapping Classes:
[Architectury Transformer DEBUG] net/fabricmc/api/EnvType -> net/minecraftforge/api/distmarker/Dist
[Architectury Transformer DEBUG] net/fabricmc/api/Environment -> net/minecraftforge/api/distmarker/OnlyIn
[Architectury Transformer DEBUG] Found class transformer
[Architectury Transformer DEBUG] Writing com/onewhohears/dscombat/client/input/DSCClientInputs$TargetMode with maxs=true frames=true
[Architectury Transformer DEBUG] Transformed com/onewhohears/dscombat/client/input/DSCClientInputs$TargetMode in 3.201 ms
[Architectury Transformer DEBUG] Transforming from com/onewhohears/dscombat/client/event/ClientCameraEventHandlers.class to com/onewhohears/dscombat/client/event/ClientCameraEventHandlers.class with 8 transformer(s) on dev.architectury.transformer.handler.TinyRemapperPreparedTransformerHandler
[Architectury Transformer DEBUG] Remapping with 1 mapping provider(s):
[Architectury Transformer DEBUG]  - dev.architectury.transformer.transformers.TransformForgeEnvironment$$Lambda/0x000001de0808e008@120d3fd
[Architectury Transformer DEBUG] Remapping Classes:
[Architectury Transformer DEBUG] net/fabricmc/api/EnvType -> net/minecraftforge/api/distmarker/Dist
[Architectury Transformer DEBUG] net/fabricmc/api/Environment -> net/minecraftforge/api/distmarker/OnlyIn
[Architectury Transformer DEBUG] Found class transformer
[Architectury Transformer DEBUG] Writing com/onewhohears/dscombat/client/event/ClientCameraEventHandlers with maxs=true frames=true
[Architectury Transformer DEBUG] Transformed com/onewhohears/dscombat/client/event/ClientCameraEventHandlers in 5.467 ms
[Architectury Transformer DEBUG] Transforming from com/onewhohears/dscombat/client/event/CameraAngles.class to com/onewhohears/dscombat/client/event/CameraAngles.class with 8 transformer(s) on dev.architectury.transformer.handler.TinyRemapperPreparedTransformerHandler
[Architectury Transformer DEBUG] Remapping with 1 mapping provider(s):
[Architectury Transformer DEBUG]  - dev.architectury.transformer.transformers.TransformForgeEnvironment$$Lambda/0x000001de0808e008@120d3fd
[Architectury Transformer DEBUG] Remapping Classes:
[Architectury Transformer DEBUG] net/fabricmc/api/EnvType -> net/minecraftforge/api/distmarker/Dist
[Architectury Transformer DEBUG] net/fabricmc/api/Environment -> net/minecraftforge/api/distmarker/OnlyIn
[Architectury Transformer DEBUG] Found class transformer
[Architectury Transformer DEBUG] Writing com/onewhohears/dscombat/client/event/CameraAngles with maxs=true frames=true
[Architectury Transformer DEBUG] Transformed com/onewhohears/dscombat/client/event/CameraAngles in 5.159 ms
[Architectury Transformer DEBUG] Transforming from com/onewhohears/dscombat/client/overlay/VehicleOverlayComponent.class to com/onewhohears/dscombat/client/overlay/VehicleOverlayComponent.class with 8 transformer(s) on dev.architectury.transformer.handler.TinyRemapperPreparedTransformerHandler
[Architectury Transformer DEBUG] Remapping with 1 mapping provider(s):
[Architectury Transformer DEBUG]  - dev.architectury.transformer.transformers.TransformForgeEnvironment$$Lambda/0x000001de0808e008@120d3fd
[Architectury Transformer DEBUG] Remapping Classes:
[Architectury Transformer DEBUG] net/fabricmc/api/EnvType -> net/minecraftforge/api/distmarker/Dist
[Architectury Transformer DEBUG] net/fabricmc/api/Environment -> net/minecraftforge/api/distmarker/OnlyIn
[Architectury Transformer DEBUG] Found class transformer
[Architectury Transformer DEBUG] Writing com/onewhohears/dscombat/client/overlay/VehicleOverlayComponent with maxs=true frames=true
[Architectury Transformer DEBUG] Transformed com/onewhohears/dscombat/client/overlay/VehicleOverlayComponent in 3.851 ms
[Architectury Transformer DEBUG] Transforming from com/onewhohears/dscombat/client/overlay/components/EcmStatusOverlay.class to com/onewhohears/dscombat/client/overlay/components/EcmStatusOverlay.class with 8 transformer(s) on dev.architectury.transformer.handler.TinyRemapperPreparedTransformerHandler
[Architectury Transformer DEBUG] Remapping with 1 mapping provider(s):
[Architectury Transformer DEBUG]  - dev.architectury.transformer.transformers.TransformForgeEnvironment$$Lambda/0x000001de0808e008@120d3fd
[Architectury Transformer DEBUG] Remapping Classes:
[Architectury Transformer DEBUG] net/fabricmc/api/EnvType -> net/minecraftforge/api/distmarker/Dist
[Architectury Transformer DEBUG] net/fabricmc/api/Environment -> net/minecraftforge/api/distmarker/OnlyIn
[Architectury Transformer DEBUG] Found class transformer
[Architectury Transformer DEBUG] Writing com/onewhohears/dscombat/client/overlay/components/EcmStatusOverlay with maxs=true frames=true
[Architectury Transformer DEBUG] Transformed com/onewhohears/dscombat/client/overlay/components/EcmStatusOverlay in 3.396 ms
[Architectury Transformer DEBUG] Transforming from com/onewhohears/dscombat/client/overlay/VehicleOverlayComponent$ManagerTicker.class to com/onewhohears/dscombat/client/overlay/VehicleOverlayComponent$ManagerTicker.class with 8 transformer(s) on dev.architectury.transformer.handler.TinyRemapperPreparedTransformerHandler
[Architectury Transformer DEBUG] Remapping with 1 mapping provider(s):
[Architectury Transformer DEBUG]  - dev.architectury.transformer.transformers.TransformForgeEnvironment$$Lambda/0x000001de0808e008@120d3fd
[Architectury Transformer DEBUG] Remapping Classes:
[Architectury Transformer DEBUG] net/fabricmc/api/EnvType -> net/minecraftforge/api/distmarker/Dist
[Architectury Transformer DEBUG] net/fabricmc/api/Environment -> net/minecraftforge/api/distmarker/OnlyIn
[Architectury Transformer DEBUG] Found class transformer
[Architectury Transformer DEBUG] Writing com/onewhohears/dscombat/client/overlay/VehicleOverlayComponent$ManagerTicker with maxs=true frames=true
[Architectury Transformer DEBUG] Transformed com/onewhohears/dscombat/client/overlay/VehicleOverlayComponent$ManagerTicker in 3.304 ms
[Architectury Transformer DEBUG] Transforming from com/onewhohears/dscombat/client/overlay/components/AimAssistOverlay.class to com/onewhohears/dscombat/client/overlay/components/AimAssistOverlay.class with 8 transformer(s) on dev.architectury.transformer.handler.TinyRemapperPreparedTransformerHandler
[Architectury Transformer DEBUG] Remapping with 1 mapping provider(s):
[Architectury Transformer DEBUG]  - dev.architectury.transformer.transformers.TransformForgeEnvironment$$Lambda/0x000001de0808e008@120d3fd
[Architectury Transformer DEBUG] Remapping Classes:
[Architectury Transformer DEBUG] net/fabricmc/api/EnvType -> net/minecraftforge/api/distmarker/Dist
[Architectury Transformer DEBUG] net/fabricmc/api/Environment -> net/minecraftforge/api/distmarker/OnlyIn
[Architectury Transformer DEBUG] Found class transformer
[Architectury Transformer DEBUG] Writing com/onewhohears/dscombat/client/overlay/components/AimAssistOverlay with maxs=true frames=true
[Architectury Transformer DEBUG] Transformed com/onewhohears/dscombat/client/overlay/components/AimAssistOverlay in 4.289 ms
[Architectury Transformer DEBUG] Transforming from com/onewhohears/dscombat/client/overlay/components/DebugOverlay.class to com/onewhohears/dscombat/client/overlay/components/DebugOverlay.class with 8 transformer(s) on dev.architectury.transformer.handler.TinyRemapperPreparedTransformerHandler
[Architectury Transformer DEBUG] Remapping with 1 mapping provider(s):
[Architectury Transformer DEBUG]  - dev.architectury.transformer.transformers.TransformForgeEnvironment$$Lambda/0x000001de0808e008@120d3fd
[Architectury Transformer DEBUG] Remapping Classes:
[Architectury Transformer DEBUG] net/fabricmc/api/EnvType -> net/minecraftforge/api/distmarker/Dist
[Architectury Transformer DEBUG] net/fabricmc/api/Environment -> net/minecraftforge/api/distmarker/OnlyIn
[Architectury Transformer DEBUG] Found class transformer
[Architectury Transformer DEBUG] Writing com/onewhohears/dscombat/client/overlay/components/DebugOverlay with maxs=true frames=true
[Architectury Transformer DEBUG] Transformed com/onewhohears/dscombat/client/overlay/components/DebugOverlay in 3.489 ms
[Architectury Transformer DEBUG] Transforming from com/onewhohears/dscombat/client/overlay/components/HudOverlay.class to com/onewhohears/dscombat/client/overlay/components/HudOverlay.class with 8 transformer(s) on dev.architectury.transformer.handler.TinyRemapperPreparedTransformerHandler
[Architectury Transformer DEBUG] Remapping with 1 mapping provider(s):
[Architectury Transformer DEBUG]  - dev.architectury.transformer.transformers.TransformForgeEnvironment$$Lambda/0x000001de0808e008@120d3fd
[Architectury Transformer DEBUG] Remapping Classes:
[Architectury Transformer DEBUG] net/fabricmc/api/EnvType -> net/minecraftforge/api/distmarker/Dist
[Architectury Transformer DEBUG] net/fabricmc/api/Environment -> net/minecraftforge/api/distmarker/OnlyIn
[Architectury Transformer DEBUG] Found class transformer
[Architectury Transformer DEBUG] Writing com/onewhohears/dscombat/client/overlay/components/HudOverlay with maxs=true frames=true
[Architectury Transformer DEBUG] Transformed com/onewhohears/dscombat/client/overlay/components/HudOverlay in 3.535 ms
[Architectury Transformer DEBUG] Transforming from com/onewhohears/dscombat/client/overlay/components/KeyBindsOverlay.class to com/onewhohears/dscombat/client/overlay/components/KeyBindsOverlay.class with 8 transformer(s) on dev.architectury.transformer.handler.TinyRemapperPreparedTransformerHandler
[Architectury Transformer DEBUG] Remapping with 1 mapping provider(s):
[Architectury Transformer DEBUG]  - dev.architectury.transformer.transformers.TransformForgeEnvironment$$Lambda/0x000001de0808e008@120d3fd
[Architectury Transformer DEBUG] Remapping Classes:
[Architectury Transformer DEBUG] net/fabricmc/api/EnvType -> net/minecraftforge/api/distmarker/Dist
[Architectury Transformer DEBUG] net/fabricmc/api/Environment -> net/minecraftforge/api/distmarker/OnlyIn
[Architectury Transformer DEBUG] Found class transformer
[Architectury Transformer DEBUG] Writing com/onewhohears/dscombat/client/overlay/components/KeyBindsOverlay with maxs=true frames=true
[Architectury Transformer DEBUG] Transformed com/onewhohears/dscombat/client/overlay/components/KeyBindsOverlay in 4.180 ms
[Architectury Transformer DEBUG] Transforming from com/onewhohears/dscombat/client/overlay/components/PlaneDataOverlay.class to com/onewhohears/dscombat/client/overlay/components/PlaneDataOverlay.class with 8 transformer(s) on dev.architectury.transformer.handler.TinyRemapperPreparedTransformerHandler
[Architectury Transformer DEBUG] Remapping with 1 mapping provider(s):
[Architectury Transformer DEBUG]  - dev.architectury.transformer.transformers.TransformForgeEnvironment$$Lambda/0x000001de0808e008@120d3fd
[Architectury Transformer DEBUG] Remapping Classes:
[Architectury Transformer DEBUG] net/fabricmc/api/EnvType -> net/minecraftforge/api/distmarker/Dist
[Architectury Transformer DEBUG] net/fabricmc/api/Environment -> net/minecraftforge/api/distmarker/OnlyIn
[Architectury Transformer DEBUG] Found class transformer
[Architectury Transformer DEBUG] Writing com/onewhohears/dscombat/client/overlay/components/PlaneDataOverlay with maxs=true frames=true
[Architectury Transformer DEBUG] Transformed com/onewhohears/dscombat/client/overlay/components/PlaneDataOverlay in 4.537 ms
[Architectury Transformer DEBUG] Transforming from com/onewhohears/dscombat/client/overlay/components/RadarOverlay.class to com/onewhohears/dscombat/client/overlay/components/RadarOverlay.class with 8 transformer(s) on dev.architectury.transformer.handler.TinyRemapperPreparedTransformerHandler
[Architectury Transformer DEBUG] Remapping with 1 mapping provider(s):
[Architectury Transformer DEBUG]  - dev.architectury.transformer.transformers.TransformForgeEnvironment$$Lambda/0x000001de0808e008@120d3fd
[Architectury Transformer DEBUG] Remapping Classes:
[Architectury Transformer DEBUG] net/fabricmc/api/EnvType -> net/minecraftforge/api/distmarker/Dist
[Architectury Transformer DEBUG] net/fabricmc/api/Environment -> net/minecraftforge/api/distmarker/OnlyIn
[Architectury Transformer DEBUG] Found class transformer
[Architectury Transformer DEBUG] Writing com/onewhohears/dscombat/client/overlay/components/RadarOverlay with maxs=true frames=true
[Architectury Transformer DEBUG] Transformed com/onewhohears/dscombat/client/overlay/components/RadarOverlay in 6.218 ms
[Architectury Transformer DEBUG] Transforming from com/onewhohears/dscombat/client/overlay/components/VehicleCompassOverlay.class to com/onewhohears/dscombat/client/overlay/components/VehicleCompassOverlay.class with 8 transformer(s) on dev.architectury.transformer.handler.TinyRemapperPreparedTransformerHandler
[Architectury Transformer DEBUG] Remapping with 1 mapping provider(s):
[Architectury Transformer DEBUG]  - dev.architectury.transformer.transformers.TransformForgeEnvironment$$Lambda/0x000001de0808e008@120d3fd
[Architectury Transformer DEBUG] Remapping Classes:
[Architectury Transformer DEBUG] net/fabricmc/api/EnvType -> net/minecraftforge/api/distmarker/Dist
[Architectury Transformer DEBUG] net/fabricmc/api/Environment -> net/minecraftforge/api/distmarker/OnlyIn
[Architectury Transformer DEBUG] Found class transformer
[Architectury Transformer DEBUG] Writing com/onewhohears/dscombat/client/overlay/components/VehicleCompassOverlay with maxs=true frames=true
[Architectury Transformer DEBUG] Transformed com/onewhohears/dscombat/client/overlay/components/VehicleCompassOverlay in 7.102 ms
[Architectury Transformer DEBUG] Transforming from com/onewhohears/dscombat/client/overlay/components/VehicleControlOverlay.class to com/onewhohears/dscombat/client/overlay/components/VehicleControlOverlay.class with 8 transformer(s) on dev.architectury.transformer.handler.TinyRemapperPreparedTransformerHandler
[Architectury Transformer DEBUG] Remapping with 1 mapping provider(s):
[Architectury Transformer DEBUG]  - dev.architectury.transformer.transformers.TransformForgeEnvironment$$Lambda/0x000001de0808e008@120d3fd
[Architectury Transformer DEBUG] Remapping Classes:
[Architectury Transformer DEBUG] net/fabricmc/api/EnvType -> net/minecraftforge/api/distmarker/Dist
[Architectury Transformer DEBUG] net/fabricmc/api/Environment -> net/minecraftforge/api/distmarker/OnlyIn
[Architectury Transformer DEBUG] Found class transformer
[Architectury Transformer DEBUG] Writing com/onewhohears/dscombat/client/overlay/components/VehicleControlOverlay with maxs=true frames=true
[Architectury Transformer DEBUG] Transformed com/onewhohears/dscombat/client/overlay/components/VehicleControlOverlay in 5.006 ms
[Architectury Transformer DEBUG] Transforming from com/onewhohears/dscombat/client/overlay/components/VehicleStatsOverlay.class to com/onewhohears/dscombat/client/overlay/components/VehicleStatsOverlay.class with 8 transformer(s) on dev.architectury.transformer.handler.TinyRemapperPreparedTransformerHandler
[Architectury Transformer DEBUG] Remapping with 1 mapping provider(s):
[Architectury Transformer DEBUG]  - dev.architectury.transformer.transformers.TransformForgeEnvironment$$Lambda/0x000001de0808e008@120d3fd
[Architectury Transformer DEBUG] Remapping Classes:
[Architectury Transformer DEBUG] net/fabricmc/api/EnvType -> net/minecraftforge/api/distmarker/Dist
[Architectury Transformer DEBUG] net/fabricmc/api/Environment -> net/minecraftforge/api/distmarker/OnlyIn
[Architectury Transformer DEBUG] Found class transformer
[Architectury Transformer DEBUG] Writing com/onewhohears/dscombat/client/overlay/components/VehicleStatsOverlay with maxs=true frames=true
[Architectury Transformer DEBUG] Transformed com/onewhohears/dscombat/client/overlay/components/VehicleStatsOverlay in 3.290 ms
[Architectury Transformer DEBUG] Transforming from com/onewhohears/dscombat/client/overlay/components/VehicleThrottleOverlay.class to com/onewhohears/dscombat/client/overlay/components/VehicleThrottleOverlay.class with 8 transformer(s) on dev.architectury.transformer.handler.TinyRemapperPreparedTransformerHandler
[Architectury Transformer DEBUG] Remapping with 1 mapping provider(s):
[Architectury Transformer DEBUG]  - dev.architectury.transformer.transformers.TransformForgeEnvironment$$Lambda/0x000001de0808e008@120d3fd
[Architectury Transformer DEBUG] Remapping Classes:
[Architectury Transformer DEBUG] net/fabricmc/api/EnvType -> net/minecraftforge/api/distmarker/Dist
[Architectury Transformer DEBUG] net/fabricmc/api/Environment -> net/minecraftforge/api/distmarker/OnlyIn
[Architectury Transformer DEBUG] Found class transformer
[Architectury Transformer DEBUG] Writing com/onewhohears/dscombat/client/overlay/components/VehicleThrottleOverlay with maxs=true frames=true
[Architectury Transformer DEBUG] Transformed com/onewhohears/dscombat/client/overlay/components/VehicleThrottleOverlay in 2.709 ms
[Architectury Transformer DEBUG] Transforming from com/onewhohears/dscombat/client/overlay/components/HeliStatusOverlay.class to com/onewhohears/dscombat/client/overlay/components/HeliStatusOverlay.class with 8 transformer(s) on dev.architectury.transformer.handler.TinyRemapperPreparedTransformerHandler
[Architectury Transformer DEBUG] Remapping with 1 mapping provider(s):
[Architectury Transformer DEBUG]  - dev.architectury.transformer.transformers.TransformForgeEnvironment$$Lambda/0x000001de0808e008@120d3fd
[Architectury Transformer DEBUG] Remapping Classes:
[Architectury Transformer DEBUG] net/fabricmc/api/EnvType -> net/minecraftforge/api/distmarker/Dist
[Architectury Transformer DEBUG] net/fabricmc/api/Environment -> net/minecraftforge/api/distmarker/OnlyIn
[Architectury Transformer DEBUG] Found class transformer
[Architectury Transformer DEBUG] Writing com/onewhohears/dscombat/client/overlay/components/HeliStatusOverlay with maxs=true frames=true
[Architectury Transformer DEBUG] Transformed com/onewhohears/dscombat/client/overlay/components/HeliStatusOverlay in 3.907 ms
[Architectury Transformer DEBUG] Transforming from com/onewhohears/dscombat/client/overlay/components/ModernHudOverlay.class to com/onewhohears/dscombat/client/overlay/components/ModernHudOverlay.class with 8 transformer(s) on dev.architectury.transformer.handler.TinyRemapperPreparedTransformerHandler
[Architectury Transformer DEBUG] Remapping with 1 mapping provider(s):
[Architectury Transformer DEBUG]  - dev.architectury.transformer.transformers.TransformForgeEnvironment$$Lambda/0x000001de0808e008@120d3fd
[Architectury Transformer DEBUG] Remapping Classes:
[Architectury Transformer DEBUG] net/fabricmc/api/EnvType -> net/minecraftforge/api/distmarker/Dist
[Architectury Transformer DEBUG] net/fabricmc/api/Environment -> net/minecraftforge/api/distmarker/OnlyIn
[Architectury Transformer DEBUG] Found class transformer
[Architectury Transformer DEBUG] Writing com/onewhohears/dscombat/client/overlay/components/ModernHudOverlay with maxs=true frames=true
[Architectury Transformer DEBUG] Transformed com/onewhohears/dscombat/client/overlay/components/ModernHudOverlay in 6.728 ms
[Architectury Transformer DEBUG] Transforming from com/onewhohears/dscombat/client/screen/HudLayoutEditScreen.class to com/onewhohears/dscombat/client/screen/HudLayoutEditScreen.class with 8 transformer(s) on dev.architectury.transformer.handler.TinyRemapperPreparedTransformerHandler
[Architectury Transformer DEBUG] Remapping with 1 mapping provider(s):
[Architectury Transformer DEBUG]  - dev.architectury.transformer.transformers.TransformForgeEnvironment$$Lambda/0x000001de0808e008@120d3fd
[Architectury Transformer DEBUG] Remapping Classes:
[Architectury Transformer DEBUG] net/fabricmc/api/EnvType -> net/minecraftforge/api/distmarker/Dist
[Architectury Transformer DEBUG] net/fabricmc/api/Environment -> net/minecraftforge/api/distmarker/OnlyIn
[Architectury Transformer DEBUG] Found class transformer
[Architectury Transformer DEBUG] Writing com/onewhohears/dscombat/client/screen/HudLayoutEditScreen with maxs=true frames=true
[Architectury Transformer DEBUG] Transformed com/onewhohears/dscombat/client/screen/HudLayoutEditScreen in 4.359 ms
[Architectury Transformer DEBUG] Transforming from com/onewhohears/dscombat/client/overlay/components/VehicleWeaponsOverlay.class to com/onewhohears/dscombat/client/overlay/components/VehicleWeaponsOverlay.class with 8 transformer(s) on dev.architectury.transformer.handler.TinyRemapperPreparedTransformerHandler
[Architectury Transformer DEBUG] Remapping with 1 mapping provider(s):
[Architectury Transformer DEBUG]  - dev.architectury.transformer.transformers.TransformForgeEnvironment$$Lambda/0x000001de0808e008@120d3fd
[Architectury Transformer DEBUG] Remapping Classes:
[Architectury Transformer DEBUG] net/fabricmc/api/EnvType -> net/minecraftforge/api/distmarker/Dist
[Architectury Transformer DEBUG] net/fabricmc/api/Environment -> net/minecraftforge/api/distmarker/OnlyIn
[Architectury Transformer DEBUG] Found class transformer
[Architectury Transformer DEBUG] Writing com/onewhohears/dscombat/client/overlay/components/VehicleWeaponsOverlay with maxs=true frames=true
[Architectury Transformer DEBUG] Transformed com/onewhohears/dscombat/client/overlay/components/VehicleWeaponsOverlay in 5.298 ms
[Architectury Transformer DEBUG] Transforming from com/onewhohears/dscombat/client/overlay/components/PosRangeOverlay.class to com/onewhohears/dscombat/client/overlay/components/PosRangeOverlay.class with 8 transformer(s) on dev.architectury.transformer.handler.TinyRemapperPreparedTransformerHandler
[Architectury Transformer DEBUG] Remapping with 1 mapping provider(s):
[Architectury Transformer DEBUG]  - dev.architectury.transformer.transformers.TransformForgeEnvironment$$Lambda/0x000001de0808e008@120d3fd
[Architectury Transformer DEBUG] Remapping Classes:
[Architectury Transformer DEBUG] net/fabricmc/api/EnvType -> net/minecraftforge/api/distmarker/Dist
[Architectury Transformer DEBUG] net/fabricmc/api/Environment -> net/minecraftforge/api/distmarker/OnlyIn
[Architectury Transformer DEBUG] Found class transformer
[Architectury Transformer DEBUG] Writing com/onewhohears/dscombat/client/overlay/components/PosRangeOverlay with maxs=true frames=true
[Architectury Transformer DEBUG] Transformed com/onewhohears/dscombat/client/overlay/components/PosRangeOverlay in 4.547 ms
[Architectury Transformer DEBUG] Transforming from com/onewhohears/dscombat/client/overlay/components/TurretCrosshairOverlay.class to com/onewhohears/dscombat/client/overlay/components/TurretCrosshairOverlay.class with 8 transformer(s) on dev.architectury.transformer.handler.TinyRemapperPreparedTransformerHandler
[Architectury Transformer DEBUG] Remapping with 1 mapping provider(s):
[Architectury Transformer DEBUG]  - dev.architectury.transformer.transformers.TransformForgeEnvironment$$Lambda/0x000001de0808e008@120d3fd
[Architectury Transformer DEBUG] Remapping Classes:
[Architectury Transformer DEBUG] net/fabricmc/api/EnvType -> net/minecraftforge/api/distmarker/Dist
[Architectury Transformer DEBUG] net/fabricmc/api/Environment -> net/minecraftforge/api/distmarker/OnlyIn
[Architectury Transformer DEBUG] Found class transformer
[Architectury Transformer DEBUG] Writing com/onewhohears/dscombat/client/overlay/components/TurretCrosshairOverlay with maxs=true frames=true
[Architectury Transformer DEBUG] Transformed com/onewhohears/dscombat/client/overlay/components/TurretCrosshairOverlay in 3.364 ms
[Architectury Transformer DEBUG] Transforming from com/onewhohears/dscombat/client/renderer/TrackMarkManager.class to com/onewhohears/dscombat/client/renderer/TrackMarkManager.class with 8 transformer(s) on dev.architectury.transformer.handler.TinyRemapperPreparedTransformerHandler
[Architectury Transformer DEBUG] Remapping with 1 mapping provider(s):
[Architectury Transformer DEBUG]  - dev.architectury.transformer.transformers.TransformForgeEnvironment$$Lambda/0x000001de0808e008@120d3fd
[Architectury Transformer DEBUG] Remapping Classes:
[Architectury Transformer DEBUG] net/fabricmc/api/EnvType -> net/minecraftforge/api/distmarker/Dist
[Architectury Transformer DEBUG] net/fabricmc/api/Environment -> net/minecraftforge/api/distmarker/OnlyIn
[Architectury Transformer DEBUG] Found class transformer
[Architectury Transformer DEBUG] Writing com/onewhohears/dscombat/client/renderer/TrackMarkManager with maxs=true frames=true
[Architectury Transformer DEBUG] Transformed com/onewhohears/dscombat/client/renderer/TrackMarkManager in 5.020 ms
[Architectury Transformer DEBUG] Transforming from com/onewhohears/dscombat/client/renderer/TrackMarkDecal.class to com/onewhohears/dscombat/client/renderer/TrackMarkDecal.class with 8 transformer(s) on dev.architectury.transformer.handler.TinyRemapperPreparedTransformerHandler
[Architectury Transformer DEBUG] Remapping with 1 mapping provider(s):
[Architectury Transformer DEBUG]  - dev.architectury.transformer.transformers.TransformForgeEnvironment$$Lambda/0x000001de0808e008@120d3fd
[Architectury Transformer DEBUG] Remapping Classes:
[Architectury Transformer DEBUG] net/fabricmc/api/EnvType -> net/minecraftforge/api/distmarker/Dist
[Architectury Transformer DEBUG] net/fabricmc/api/Environment -> net/minecraftforge/api/distmarker/OnlyIn
[Architectury Transformer DEBUG] Found class transformer
[Architectury Transformer DEBUG] Writing com/onewhohears/dscombat/client/renderer/TrackMarkDecal with maxs=true frames=true
[Architectury Transformer DEBUG] Transformed com/onewhohears/dscombat/client/renderer/TrackMarkDecal in 3.266 ms
[Architectury Transformer DEBUG] Transforming from com/onewhohears/dscombat/command/MissileCommand.class to com/onewhohears/dscombat/command/MissileCommand.class with 8 transformer(s) on dev.architectury.transformer.handler.TinyRemapperPreparedTransformerHandler
[Architectury Transformer DEBUG] Remapping with 1 mapping provider(s):
[Architectury Transformer DEBUG]  - dev.architectury.transformer.transformers.TransformForgeEnvironment$$Lambda/0x000001de0808e008@120d3fd
[Architectury Transformer DEBUG] Remapping Classes:
[Architectury Transformer DEBUG] net/fabricmc/api/EnvType -> net/minecraftforge/api/distmarker/Dist
[Architectury Transformer DEBUG] net/fabricmc/api/Environment -> net/minecraftforge/api/distmarker/OnlyIn
[Architectury Transformer DEBUG] Found class transformer
[Architectury Transformer DEBUG] Writing com/onewhohears/dscombat/command/MissileCommand with maxs=true frames=true
[Architectury Transformer DEBUG] Transformed com/onewhohears/dscombat/command/MissileCommand in 4.061 ms
[Architectury Transformer DEBUG] Transforming from com/onewhohears/dscombat/command/MissileCommand$GetOwnerCommand.class to com/onewhohears/dscombat/command/MissileCommand$GetOwnerCommand.class with 8 transformer(s) on dev.architectury.transformer.handler.TinyRemapperPreparedTransformerHandler
[Architectury Transformer DEBUG] Remapping with 1 mapping provider(s):
[Architectury Transformer DEBUG]  - dev.architectury.transformer.transformers.TransformForgeEnvironment$$Lambda/0x000001de0808e008@120d3fd
[Architectury Transformer DEBUG] Remapping Classes:
[Architectury Transformer DEBUG] net/fabricmc/api/EnvType -> net/minecraftforge/api/distmarker/Dist
[Architectury Transformer DEBUG] net/fabricmc/api/Environment -> net/minecraftforge/api/distmarker/OnlyIn
[Architectury Transformer DEBUG] Found class transformer
[Architectury Transformer DEBUG] Writing com/onewhohears/dscombat/command/MissileCommand$GetOwnerCommand with maxs=true frames=true
[Architectury Transformer DEBUG] Transformed com/onewhohears/dscombat/command/MissileCommand$GetOwnerCommand in 3.584 ms
[Architectury Transformer DEBUG] Transforming from com/onewhohears/dscombat/command/VehicleCommand.class to com/onewhohears/dscombat/command/VehicleCommand.class with 8 transformer(s) on dev.architectury.transformer.handler.TinyRemapperPreparedTransformerHandler
[Architectury Transformer DEBUG] Remapping with 1 mapping provider(s):
[Architectury Transformer DEBUG]  - dev.architectury.transformer.transformers.TransformForgeEnvironment$$Lambda/0x000001de0808e008@120d3fd
[Architectury Transformer DEBUG] Remapping Classes:
[Architectury Transformer DEBUG] net/fabricmc/api/EnvType -> net/minecraftforge/api/distmarker/Dist
[Architectury Transformer DEBUG] net/fabricmc/api/Environment -> net/minecraftforge/api/distmarker/OnlyIn
[Architectury Transformer DEBUG] Found class transformer
[Architectury Transformer DEBUG] Writing com/onewhohears/dscombat/command/VehicleCommand with maxs=true frames=true
[Architectury Transformer DEBUG] Transformed com/onewhohears/dscombat/command/VehicleCommand in 4.136 ms
[Architectury Transformer DEBUG] Transforming from com/onewhohears/dscombat/command/VehicleNbtCommand.class to com/onewhohears/dscombat/command/VehicleNbtCommand.class with 8 transformer(s) on dev.architectury.transformer.handler.TinyRemapperPreparedTransformerHandler
[Architectury Transformer DEBUG] Remapping with 1 mapping provider(s):
[Architectury Transformer DEBUG]  - dev.architectury.transformer.transformers.TransformForgeEnvironment$$Lambda/0x000001de0808e008@120d3fd
[Architectury Transformer DEBUG] Remapping Classes:
[Architectury Transformer DEBUG] net/fabricmc/api/EnvType -> net/minecraftforge/api/distmarker/Dist
[Architectury Transformer DEBUG] net/fabricmc/api/Environment -> net/minecraftforge/api/distmarker/OnlyIn
[Architectury Transformer DEBUG] Found class transformer
[Architectury Transformer DEBUG] Writing com/onewhohears/dscombat/command/VehicleNbtCommand with maxs=true frames=true
[Architectury Transformer DEBUG] Transformed com/onewhohears/dscombat/command/VehicleNbtCommand in 3.506 ms
[Architectury Transformer DEBUG] Transforming from com/onewhohears/dscombat/command/DSCParticleDebugCommand.class to com/onewhohears/dscombat/command/DSCParticleDebugCommand.class with 8 transformer(s) on dev.architectury.transformer.handler.TinyRemapperPreparedTransformerHandler
[Architectury Transformer DEBUG] Remapping with 1 mapping provider(s):
[Architectury Transformer DEBUG]  - dev.architectury.transformer.transformers.TransformForgeEnvironment$$Lambda/0x000001de0808e008@120d3fd
[Architectury Transformer DEBUG] Remapping Classes:
[Architectury Transformer DEBUG] net/fabricmc/api/EnvType -> net/minecraftforge/api/distmarker/Dist
[Architectury Transformer DEBUG] net/fabricmc/api/Environment -> net/minecraftforge/api/distmarker/OnlyIn
[Architectury Transformer DEBUG] Found class transformer
[Architectury Transformer DEBUG] Writing com/onewhohears/dscombat/command/DSCParticleDebugCommand with maxs=true frames=true
[Architectury Transformer DEBUG] Transformed com/onewhohears/dscombat/command/DSCParticleDebugCommand in 3.989 ms
[Architectury Transformer DEBUG] Transforming from com/onewhohears/dscombat/command/DebugSlotPosCommand.class to com/onewhohears/dscombat/command/DebugSlotPosCommand.class with 8 transformer(s) on dev.architectury.transformer.handler.TinyRemapperPreparedTransformerHandler
[Architectury Transformer DEBUG] Remapping with 1 mapping provider(s):
[Architectury Transformer DEBUG]  - dev.architectury.transformer.transformers.TransformForgeEnvironment$$Lambda/0x000001de0808e008@120d3fd
[Architectury Transformer DEBUG] Remapping Classes:
[Architectury Transformer DEBUG] net/fabricmc/api/EnvType -> net/minecraftforge/api/distmarker/Dist
[Architectury Transformer DEBUG] net/fabricmc/api/Environment -> net/minecraftforge/api/distmarker/OnlyIn
[Architectury Transformer DEBUG] Found class transformer
[Architectury Transformer DEBUG] Writing com/onewhohears/dscombat/command/DebugSlotPosCommand with maxs=true frames=true
[Architectury Transformer DEBUG] Transformed com/onewhohears/dscombat/command/DebugSlotPosCommand in 4.936 ms
[Architectury Transformer DEBUG] Transforming from com/onewhohears/dscombat/command/DebugHitboxPosCommand.class to com/onewhohears/dscombat/command/DebugHitboxPosCommand.class with 8 transformer(s) on dev.architectury.transformer.handler.TinyRemapperPreparedTransformerHandler
[Architectury Transformer DEBUG] Remapping with 1 mapping provider(s):
[Architectury Transformer DEBUG]  - dev.architectury.transformer.transformers.TransformForgeEnvironment$$Lambda/0x000001de0808e008@120d3fd
[Architectury Transformer DEBUG] Remapping Classes:
[Architectury Transformer DEBUG] net/fabricmc/api/EnvType -> net/minecraftforge/api/distmarker/Dist
[Architectury Transformer DEBUG] net/fabricmc/api/Environment -> net/minecraftforge/api/distmarker/OnlyIn
[Architectury Transformer DEBUG] Found class transformer
[Architectury Transformer DEBUG] Writing com/onewhohears/dscombat/command/DebugHitboxPosCommand with maxs=true frames=true
[Architectury Transformer DEBUG] Transformed com/onewhohears/dscombat/command/DebugHitboxPosCommand in 4.560 ms
[Architectury Transformer DEBUG] Transforming from com/onewhohears/dscombat/command/DSCAdminCommands.class to com/onewhohears/dscombat/command/DSCAdminCommands.class with 8 transformer(s) on dev.architectury.transformer.handler.TinyRemapperPreparedTransformerHandler
[Architectury Transformer DEBUG] Remapping with 1 mapping provider(s):
[Architectury Transformer DEBUG]  - dev.architectury.transformer.transformers.TransformForgeEnvironment$$Lambda/0x000001de0808e008@120d3fd
[Architectury Transformer DEBUG] Remapping Classes:
[Architectury Transformer DEBUG] net/fabricmc/api/EnvType -> net/minecraftforge/api/distmarker/Dist
[Architectury Transformer DEBUG] net/fabricmc/api/Environment -> net/minecraftforge/api/distmarker/OnlyIn
[Architectury Transformer DEBUG] Found class transformer
[Architectury Transformer DEBUG] Writing com/onewhohears/dscombat/command/DSCAdminCommands with maxs=true frames=true
[Architectury Transformer DEBUG] Transformed com/onewhohears/dscombat/command/DSCAdminCommands in 4.643 ms
[Architectury Transformer DEBUG] Transforming from com/onewhohears/dscombat/command/WindTunnelCommand.class to com/onewhohears/dscombat/command/WindTunnelCommand.class with 8 transformer(s) on dev.architectury.transformer.handler.TinyRemapperPreparedTransformerHandler
[Architectury Transformer DEBUG] Remapping with 1 mapping provider(s):
[Architectury Transformer DEBUG]  - dev.architectury.transformer.transformers.TransformForgeEnvironment$$Lambda/0x000001de0808e008@120d3fd
[Architectury Transformer DEBUG] Remapping Classes:
[Architectury Transformer DEBUG] net/fabricmc/api/EnvType -> net/minecraftforge/api/distmarker/Dist
[Architectury Transformer DEBUG] net/fabricmc/api/Environment -> net/minecraftforge/api/distmarker/OnlyIn
[Architectury Transformer DEBUG] Found class transformer
[Architectury Transformer DEBUG] Writing com/onewhohears/dscombat/command/WindTunnelCommand with maxs=true frames=true
[Architectury Transformer DEBUG] Transformed com/onewhohears/dscombat/command/WindTunnelCommand in 4.334 ms
[Architectury Transformer DEBUG] Transforming from com/onewhohears/dscombat/command/WindTunnelCommand$IWindTunnelCommand.class to com/onewhohears/dscombat/command/WindTunnelCommand$IWindTunnelCommand.class with 8 transformer(s) on dev.architectury.transformer.handler.TinyRemapperPreparedTransformerHandler
[Architectury Transformer DEBUG] Remapping with 1 mapping provider(s):
[Architectury Transformer DEBUG]  - dev.architectury.transformer.transformers.TransformForgeEnvironment$$Lambda/0x000001de0808e008@120d3fd
[Architectury Transformer DEBUG] Remapping Classes:
[Architectury Transformer DEBUG] net/fabricmc/api/EnvType -> net/minecraftforge/api/distmarker/Dist
[Architectury Transformer DEBUG] net/fabricmc/api/Environment -> net/minecraftforge/api/distmarker/OnlyIn
[Architectury Transformer DEBUG] Found class transformer
[Architectury Transformer DEBUG] Writing com/onewhohears/dscombat/command/WindTunnelCommand$IWindTunnelCommand with maxs=true frames=true
[Architectury Transformer DEBUG] Transformed com/onewhohears/dscombat/command/WindTunnelCommand$IWindTunnelCommand in 3.048 ms
[Architectury Transformer DEBUG] Transforming from com/onewhohears/dscombat/command/DSCReloadCommand.class to com/onewhohears/dscombat/command/DSCReloadCommand.class with 8 transformer(s) on dev.architectury.transformer.handler.TinyRemapperPreparedTransformerHandler
[Architectury Transformer DEBUG] Remapping with 1 mapping provider(s):
[Architectury Transformer DEBUG]  - dev.architectury.transformer.transformers.TransformForgeEnvironment$$Lambda/0x000001de0808e008@120d3fd
[Architectury Transformer DEBUG] Remapping Classes:
[Architectury Transformer DEBUG] net/fabricmc/api/EnvType -> net/minecraftforge/api/distmarker/Dist
[Architectury Transformer DEBUG] net/fabricmc/api/Environment -> net/minecraftforge/api/distmarker/OnlyIn
[Architectury Transformer DEBUG] Found class transformer
[Architectury Transformer DEBUG] Writing com/onewhohears/dscombat/command/DSCReloadCommand with maxs=true frames=true
[Architectury Transformer DEBUG] Transformed com/onewhohears/dscombat/command/DSCReloadCommand in 3.253 ms
[Architectury Transformer DEBUG] Transforming from com/onewhohears/dscombat/command/TrackDebugCommand.class to com/onewhohears/dscombat/command/TrackDebugCommand.class with 8 transformer(s) on dev.architectury.transformer.handler.TinyRemapperPreparedTransformerHandler
[Architectury Transformer DEBUG] Remapping with 1 mapping provider(s):
[Architectury Transformer DEBUG]  - dev.architectury.transformer.transformers.TransformForgeEnvironment$$Lambda/0x000001de0808e008@120d3fd
[Architectury Transformer DEBUG] Remapping Classes:
[Architectury Transformer DEBUG] net/fabricmc/api/EnvType -> net/minecraftforge/api/distmarker/Dist
[Architectury Transformer DEBUG] net/fabricmc/api/Environment -> net/minecraftforge/api/distmarker/OnlyIn
[Architectury Transformer DEBUG] Found class transformer
[Architectury Transformer DEBUG] Writing com/onewhohears/dscombat/command/TrackDebugCommand with maxs=true frames=true
[Architectury Transformer DEBUG] Transformed com/onewhohears/dscombat/command/TrackDebugCommand in 4.896 ms
[Architectury Transformer DEBUG] Transforming from com/onewhohears/dscombat/command/EcmDebugCommand.class to com/onewhohears/dscombat/command/EcmDebugCommand.class with 8 transformer(s) on dev.architectury.transformer.handler.TinyRemapperPreparedTransformerHandler
[Architectury Transformer DEBUG] Remapping with 1 mapping provider(s):
[Architectury Transformer DEBUG]  - dev.architectury.transformer.transformers.TransformForgeEnvironment$$Lambda/0x000001de0808e008@120d3fd
[Architectury Transformer DEBUG] Remapping Classes:
[Architectury Transformer DEBUG] net/fabricmc/api/EnvType -> net/minecraftforge/api/distmarker/Dist
[Architectury Transformer DEBUG] net/fabricmc/api/Environment -> net/minecraftforge/api/distmarker/OnlyIn
[Architectury Transformer DEBUG] Found class transformer
[Architectury Transformer DEBUG] Writing com/onewhohears/dscombat/command/EcmDebugCommand with maxs=true frames=true
[Architectury Transformer DEBUG] Transformed com/onewhohears/dscombat/command/EcmDebugCommand in 4.072 ms
[Architectury Transformer DEBUG] Transforming from com/onewhohears/dscombat/command/PartsDebugCommand.class to com/onewhohears/dscombat/command/PartsDebugCommand.class with 8 transformer(s) on dev.architectury.transformer.handler.TinyRemapperPreparedTransformerHandler
[Architectury Transformer DEBUG] Remapping with 1 mapping provider(s):
[Architectury Transformer DEBUG]  - dev.architectury.transformer.transformers.TransformForgeEnvironment$$Lambda/0x000001de0808e008@120d3fd
[Architectury Transformer DEBUG] Remapping Classes:
[Architectury Transformer DEBUG] net/fabricmc/api/EnvType -> net/minecraftforge/api/distmarker/Dist
[Architectury Transformer DEBUG] net/fabricmc/api/Environment -> net/minecraftforge/api/distmarker/OnlyIn
[Architectury Transformer DEBUG] Found class transformer
[Architectury Transformer DEBUG] Writing com/onewhohears/dscombat/command/PartsDebugCommand with maxs=true frames=true
[Architectury Transformer DEBUG] Transformed com/onewhohears/dscombat/command/PartsDebugCommand in 3.351 ms
[Architectury Transformer DEBUG] Transforming from com/onewhohears/dscombat/crafting/WeaponRecipe.class to com/onewhohears/dscombat/crafting/WeaponRecipe.class with 8 transformer(s) on dev.architectury.transformer.handler.TinyRemapperPreparedTransformerHandler
[Architectury Transformer DEBUG] Remapping with 1 mapping provider(s):
[Architectury Transformer DEBUG]  - dev.architectury.transformer.transformers.TransformForgeEnvironment$$Lambda/0x000001de0808e008@120d3fd
[Architectury Transformer DEBUG] Remapping Classes:
[Architectury Transformer DEBUG] net/fabricmc/api/EnvType -> net/minecraftforge/api/distmarker/Dist
[Architectury Transformer DEBUG] net/fabricmc/api/Environment -> net/minecraftforge/api/distmarker/OnlyIn
[Architectury Transformer DEBUG] Found class transformer
[Architectury Transformer DEBUG] Writing com/onewhohears/dscombat/crafting/WeaponRecipe with maxs=true frames=true
[Architectury Transformer DEBUG] Transformed com/onewhohears/dscombat/crafting/WeaponRecipe in 5.619 ms
[Architectury Transformer DEBUG] Transforming from com/onewhohears/dscombat/crafting/WeaponRecipe$Type.class to com/onewhohears/dscombat/crafting/WeaponRecipe$Type.class with 8 transformer(s) on dev.architectury.transformer.handler.TinyRemapperPreparedTransformerHandler
[Architectury Transformer DEBUG] Remapping with 1 mapping provider(s):
[Architectury Transformer DEBUG]  - dev.architectury.transformer.transformers.TransformForgeEnvironment$$Lambda/0x000001de0808e008@120d3fd
[Architectury Transformer DEBUG] Remapping Classes:
[Architectury Transformer DEBUG] net/fabricmc/api/EnvType -> net/minecraftforge/api/distmarker/Dist
[Architectury Transformer DEBUG] net/fabricmc/api/Environment -> net/minecraftforge/api/distmarker/OnlyIn
[Architectury Transformer DEBUG] Found class transformer
[Architectury Transformer DEBUG] Writing com/onewhohears/dscombat/crafting/WeaponRecipe$Type with maxs=true frames=true
[Architectury Transformer DEBUG] Transformed com/onewhohears/dscombat/crafting/WeaponRecipe$Type in 4.392 ms
[Architectury Transformer DEBUG] Transforming from com/onewhohears/dscombat/crafting/VehicleRecipe.class to com/onewhohears/dscombat/crafting/VehicleRecipe.class with 8 transformer(s) on dev.architectury.transformer.handler.TinyRemapperPreparedTransformerHandler
[Architectury Transformer DEBUG] Remapping with 1 mapping provider(s):
[Architectury Transformer DEBUG]  - dev.architectury.transformer.transformers.TransformForgeEnvironment$$Lambda/0x000001de0808e008@120d3fd
[Architectury Transformer DEBUG] Remapping Classes:
[Architectury Transformer DEBUG] net/fabricmc/api/EnvType -> net/minecraftforge/api/distmarker/Dist
[Architectury Transformer DEBUG] net/fabricmc/api/Environment -> net/minecraftforge/api/distmarker/OnlyIn
[Architectury Transformer DEBUG] Found class transformer
[Architectury Transformer DEBUG] Writing com/onewhohears/dscombat/crafting/VehicleRecipe with maxs=true frames=true
[Architectury Transformer DEBUG] Transformed com/onewhohears/dscombat/crafting/VehicleRecipe in 8.087 ms
[Architectury Transformer DEBUG] Transforming from com/onewhohears/dscombat/crafting/VehicleRecipe$Type.class to com/onewhohears/dscombat/crafting/VehicleRecipe$Type.class with 8 transformer(s) on dev.architectury.transformer.handler.TinyRemapperPreparedTransformerHandler
[Architectury Transformer DEBUG] Remapping with 1 mapping provider(s):
[Architectury Transformer DEBUG]  - dev.architectury.transformer.transformers.TransformForgeEnvironment$$Lambda/0x000001de0808e008@120d3fd
[Architectury Transformer DEBUG] Remapping Classes:
[Architectury Transformer DEBUG] net/fabricmc/api/EnvType -> net/minecraftforge/api/distmarker/Dist
[Architectury Transformer DEBUG] net/fabricmc/api/Environment -> net/minecraftforge/api/distmarker/OnlyIn
[Architectury Transformer DEBUG] Found class transformer
[Architectury Transformer DEBUG] Writing com/onewhohears/dscombat/crafting/VehicleRecipe$Type with maxs=true frames=true
[Architectury Transformer DEBUG] Transformed com/onewhohears/dscombat/crafting/VehicleRecipe$Type in 4.604 ms
[Architectury Transformer DEBUG] Transforming from com/onewhohears/dscombat/crafting/WeaponPartRecipe.class to com/onewhohears/dscombat/crafting/WeaponPartRecipe.class with 8 transformer(s) on dev.architectury.transformer.handler.TinyRemapperPreparedTransformerHandler
[Architectury Transformer DEBUG] Remapping with 1 mapping provider(s):
[Architectury Transformer DEBUG]  - dev.architectury.transformer.transformers.TransformForgeEnvironment$$Lambda/0x000001de0808e008@120d3fd
[Architectury Transformer DEBUG] Remapping Classes:
[Architectury Transformer DEBUG] net/fabricmc/api/EnvType -> net/minecraftforge/api/distmarker/Dist
[Architectury Transformer DEBUG] net/fabricmc/api/Environment -> net/minecraftforge/api/distmarker/OnlyIn
[Architectury Transformer DEBUG] Found class transformer
[Architectury Transformer DEBUG] Writing com/onewhohears/dscombat/crafting/WeaponPartRecipe with maxs=true frames=true
[Architectury Transformer DEBUG] Transformed com/onewhohears/dscombat/crafting/WeaponPartRecipe in 5.395 ms
[Architectury Transformer DEBUG] Transforming from com/onewhohears/dscombat/crafting/WeaponPartRecipe$Type.class to com/onewhohears/dscombat/crafting/WeaponPartRecipe$Type.class with 8 transformer(s) on dev.architectury.transformer.handler.TinyRemapperPreparedTransformerHandler
[Architectury Transformer DEBUG] Remapping with 1 mapping provider(s):
[Architectury Transformer DEBUG]  - dev.architectury.transformer.transformers.TransformForgeEnvironment$$Lambda/0x000001de0808e008@120d3fd
[Architectury Transformer DEBUG] Remapping Classes:
[Architectury Transformer DEBUG] net/fabricmc/api/EnvType -> net/minecraftforge/api/distmarker/Dist
[Architectury Transformer DEBUG] net/fabricmc/api/Environment -> net/minecraftforge/api/distmarker/OnlyIn
[Architectury Transformer DEBUG] Found class transformer
[Architectury Transformer DEBUG] Writing com/onewhohears/dscombat/crafting/WeaponPartRecipe$Type with maxs=true frames=true
[Architectury Transformer DEBUG] Transformed com/onewhohears/dscombat/crafting/WeaponPartRecipe$Type in 4.720 ms
[Architectury Transformer DEBUG] Transforming from com/onewhohears/dscombat/crafting/BucketConvertRecipe.class to com/onewhohears/dscombat/crafting/BucketConvertRecipe.class with 8 transformer(s) on dev.architectury.transformer.handler.TinyRemapperPreparedTransformerHandler
[Architectury Transformer DEBUG] Remapping with 1 mapping provider(s):
[Architectury Transformer DEBUG]  - dev.architectury.transformer.transformers.TransformForgeEnvironment$$Lambda/0x000001de0808e008@120d3fd
[Architectury Transformer DEBUG] Remapping Classes:
[Architectury Transformer DEBUG] net/fabricmc/api/EnvType -> net/minecraftforge/api/distmarker/Dist
[Architectury Transformer DEBUG] net/fabricmc/api/Environment -> net/minecraftforge/api/distmarker/OnlyIn
[Architectury Transformer DEBUG] Found class transformer
[Architectury Transformer DEBUG] Writing com/onewhohears/dscombat/crafting/BucketConvertRecipe with maxs=true frames=true
[Architectury Transformer DEBUG] Transformed com/onewhohears/dscombat/crafting/BucketConvertRecipe in 5.085 ms
[Architectury Transformer DEBUG] Transforming from com/onewhohears/dscombat/data/weapon/instance/WeaponInstance.class to com/onewhohears/dscombat/data/weapon/instance/WeaponInstance.class with 8 transformer(s) on dev.architectury.transformer.handler.TinyRemapperPreparedTransformerHandler
[Architectury Transformer DEBUG] Remapping with 1 mapping provider(s):
[Architectury Transformer DEBUG]  - dev.architectury.transformer.transformers.TransformForgeEnvironment$$Lambda/0x000001de0808e008@120d3fd
[Architectury Transformer DEBUG] Remapping Classes:
[Architectury Transformer DEBUG] net/fabricmc/api/EnvType -> net/minecraftforge/api/distmarker/Dist
[Architectury Transformer DEBUG] net/fabricmc/api/Environment -> net/minecraftforge/api/distmarker/OnlyIn
[Architectury Transformer DEBUG] Found class transformer
[Architectury Transformer DEBUG] Writing com/onewhohears/dscombat/data/weapon/instance/WeaponInstance with maxs=true frames=true
[Architectury Transformer DEBUG] Transformed com/onewhohears/dscombat/data/weapon/instance/WeaponInstance in 6.326 ms
[Architectury Transformer DEBUG] Transforming from com/onewhohears/dscombat/data/weapon/instance/BulletInstance.class to com/onewhohears/dscombat/data/weapon/instance/BulletInstance.class with 8 transformer(s) on dev.architectury.transformer.handler.TinyRemapperPreparedTransformerHandler
[Architectury Transformer DEBUG] Remapping with 1 mapping provider(s):
[Architectury Transformer DEBUG]  - dev.architectury.transformer.transformers.TransformForgeEnvironment$$Lambda/0x000001de0808e008@120d3fd
[Architectury Transformer DEBUG] Remapping Classes:
[Architectury Transformer DEBUG] net/fabricmc/api/EnvType -> net/minecraftforge/api/distmarker/Dist
[Architectury Transformer DEBUG] net/fabricmc/api/Environment -> net/minecraftforge/api/distmarker/OnlyIn
[Architectury Transformer DEBUG] Found class transformer
[Architectury Transformer DEBUG] Writing com/onewhohears/dscombat/data/weapon/instance/BulletInstance with maxs=true frames=true
[Architectury Transformer DEBUG] Transformed com/onewhohears/dscombat/data/weapon/instance/BulletInstance in 5.185 ms
[Architectury Transformer DEBUG] Transforming from com/onewhohears/dscombat/data/weapon/instance/MissileInstance.class to com/onewhohears/dscombat/data/weapon/instance/MissileInstance.class with 8 transformer(s) on dev.architectury.transformer.handler.TinyRemapperPreparedTransformerHandler
[Architectury Transformer DEBUG] Remapping with 1 mapping provider(s):
[Architectury Transformer DEBUG]  - dev.architectury.transformer.transformers.TransformForgeEnvironment$$Lambda/0x000001de0808e008@120d3fd
[Architectury Transformer DEBUG] Remapping Classes:
[Architectury Transformer DEBUG] net/fabricmc/api/EnvType -> net/minecraftforge/api/distmarker/Dist
[Architectury Transformer DEBUG] net/fabricmc/api/Environment -> net/minecraftforge/api/distmarker/OnlyIn
[Architectury Transformer DEBUG] Found class transformer
[Architectury Transformer DEBUG] Writing com/onewhohears/dscombat/data/weapon/instance/MissileInstance with maxs=true frames=true
[Architectury Transformer DEBUG] Transformed com/onewhohears/dscombat/data/weapon/instance/MissileInstance in 4.022 ms
[Architectury Transformer DEBUG] Transforming from com/onewhohears/dscombat/data/weapon/instance/TrackMissileInstance.class to com/onewhohears/dscombat/data/weapon/instance/TrackMissileInstance.class with 8 transformer(s) on dev.architectury.transformer.handler.TinyRemapperPreparedTransformerHandler
[Architectury Transformer DEBUG] Remapping with 1 mapping provider(s):
[Architectury Transformer DEBUG]  - dev.architectury.transformer.transformers.TransformForgeEnvironment$$Lambda/0x000001de0808e008@120d3fd
[Architectury Transformer DEBUG] Remapping Classes:
[Architectury Transformer DEBUG] net/fabricmc/api/EnvType -> net/minecraftforge/api/distmarker/Dist
[Architectury Transformer DEBUG] net/fabricmc/api/Environment -> net/minecraftforge/api/distmarker/OnlyIn
[Architectury Transformer DEBUG] Found class transformer
[Architectury Transformer DEBUG] Writing com/onewhohears/dscombat/data/weapon/instance/TrackMissileInstance with maxs=true frames=true
[Architectury Transformer DEBUG] Transformed com/onewhohears/dscombat/data/weapon/instance/TrackMissileInstance in 3.748 ms
[Architectury Transformer DEBUG] Transforming from com/onewhohears/dscombat/data/weapon/MuzzleSmokeData.class to com/onewhohears/dscombat/data/weapon/MuzzleSmokeData.class with 8 transformer(s) on dev.architectury.transformer.handler.TinyRemapperPreparedTransformerHandler
[Architectury Transformer DEBUG] Remapping with 1 mapping provider(s):
[Architectury Transformer DEBUG]  - dev.architectury.transformer.transformers.TransformForgeEnvironment$$Lambda/0x000001de0808e008@120d3fd
[Architectury Transformer DEBUG] Remapping Classes:
[Architectury Transformer DEBUG] net/fabricmc/api/EnvType -> net/minecraftforge/api/distmarker/Dist
[Architectury Transformer DEBUG] net/fabricmc/api/Environment -> net/minecraftforge/api/distmarker/OnlyIn
[Architectury Transformer DEBUG] Found class transformer
[Architectury Transformer DEBUG] Writing com/onewhohears/dscombat/data/weapon/MuzzleSmokeData with maxs=true frames=true
[Architectury Transformer DEBUG] Transformed com/onewhohears/dscombat/data/weapon/MuzzleSmokeData in 7.045 ms
[Architectury Transformer DEBUG] Transforming from com/onewhohears/dscombat/data/weapon/stats/TrackMissileStats$TargetType.class to com/onewhohears/dscombat/data/weapon/stats/TrackMissileStats$TargetType.class with 8 transformer(s) on dev.architectury.transformer.handler.TinyRemapperPreparedTransformerHandler
[Architectury Transformer DEBUG] Remapping with 1 mapping provider(s):
[Architectury Transformer DEBUG]  - dev.architectury.transformer.transformers.TransformForgeEnvironment$$Lambda/0x000001de0808e008@120d3fd
[Architectury Transformer DEBUG] Remapping Classes:
[Architectury Transformer DEBUG] net/fabricmc/api/EnvType -> net/minecraftforge/api/distmarker/Dist
[Architectury Transformer DEBUG] net/fabricmc/api/Environment -> net/minecraftforge/api/distmarker/OnlyIn
[Architectury Transformer DEBUG] Found class transformer
[Architectury Transformer DEBUG] Writing com/onewhohears/dscombat/data/weapon/stats/TrackMissileStats$TargetType with maxs=true frames=true
[Architectury Transformer DEBUG] Transformed com/onewhohears/dscombat/data/weapon/stats/TrackMissileStats$TargetType in 5.400 ms
[Architectury Transformer DEBUG] Transforming from com/onewhohears/dscombat/data/weapon/instance/SmokeGrenadeInstance.class to com/onewhohears/dscombat/data/weapon/instance/SmokeGrenadeInstance.class with 8 transformer(s) on dev.architectury.transformer.handler.TinyRemapperPreparedTransformerHandler
[Architectury Transformer DEBUG] Remapping with 1 mapping provider(s):
[Architectury Transformer DEBUG]  - dev.architectury.transformer.transformers.TransformForgeEnvironment$$Lambda/0x000001de0808e008@120d3fd
[Architectury Transformer DEBUG] Remapping Classes:
[Architectury Transformer DEBUG] net/fabricmc/api/EnvType -> net/minecraftforge/api/distmarker/Dist
[Architectury Transformer DEBUG] net/fabricmc/api/Environment -> net/minecraftforge/api/distmarker/OnlyIn
[Architectury Transformer DEBUG] Found class transformer
[Architectury Transformer DEBUG] Writing com/onewhohears/dscombat/data/weapon/instance/SmokeGrenadeInstance with maxs=true frames=true
[Architectury Transformer DEBUG] Transformed com/onewhohears/dscombat/data/weapon/instance/SmokeGrenadeInstance in 4.924 ms
[Architectury Transformer DEBUG] Transforming from com/onewhohears/dscombat/data/weapon/stats/SmokeGrenadeStats$LauncherDef.class to com/onewhohears/dscombat/data/weapon/stats/SmokeGrenadeStats$LauncherDef.class with 8 transformer(s) on dev.architectury.transformer.handler.TinyRemapperPreparedTransformerHandler
[Architectury Transformer DEBUG] Remapping with 1 mapping provider(s):
[Architectury Transformer DEBUG]  - dev.architectury.transformer.transformers.TransformForgeEnvironment$$Lambda/0x000001de0808e008@120d3fd
[Architectury Transformer DEBUG] Remapping Classes:
[Architectury Transformer DEBUG] net/fabricmc/api/EnvType -> net/minecraftforge/api/distmarker/Dist
[Architectury Transformer DEBUG] net/fabricmc/api/Environment -> net/minecraftforge/api/distmarker/OnlyIn
[Architectury Transformer DEBUG] Found class transformer
[Architectury Transformer DEBUG] Writing com/onewhohears/dscombat/data/weapon/stats/SmokeGrenadeStats$LauncherDef with maxs=true frames=true
[Architectury Transformer DEBUG] Transformed com/onewhohears/dscombat/data/weapon/stats/SmokeGrenadeStats$LauncherDef in 5.595 ms
[Architectury Transformer DEBUG] Transforming from com/onewhohears/dscombat/data/weapon/instance/BombInstance.class to com/onewhohears/dscombat/data/weapon/instance/BombInstance.class with 8 transformer(s) on dev.architectury.transformer.handler.TinyRemapperPreparedTransformerHandler
[Architectury Transformer DEBUG] Remapping with 1 mapping provider(s):
[Architectury Transformer DEBUG]  - dev.architectury.transformer.transformers.TransformForgeEnvironment$$Lambda/0x000001de0808e008@120d3fd
[Architectury Transformer DEBUG] Remapping Classes:
[Architectury Transformer DEBUG] net/fabricmc/api/EnvType -> net/minecraftforge/api/distmarker/Dist
[Architectury Transformer DEBUG] net/fabricmc/api/Environment -> net/minecraftforge/api/distmarker/OnlyIn
[Architectury Transformer DEBUG] Found class transformer
[Architectury Transformer DEBUG] Writing com/onewhohears/dscombat/data/weapon/instance/BombInstance with maxs=true frames=true
[Architectury Transformer DEBUG] Transformed com/onewhohears/dscombat/data/weapon/instance/BombInstance in 3.920 ms
[Architectury Transformer DEBUG] Transforming from com/onewhohears/dscombat/data/weapon/instance/IRMissileInstance.class to com/onewhohears/dscombat/data/weapon/instance/IRMissileInstance.class with 8 transformer(s) on dev.architectury.transformer.handler.TinyRemapperPreparedTransformerHandler
[Architectury Transformer DEBUG] Remapping with 1 mapping provider(s):
[Architectury Transformer DEBUG]  - dev.architectury.transformer.transformers.TransformForgeEnvironment$$Lambda/0x000001de0808e008@120d3fd
[Architectury Transformer DEBUG] Remapping Classes:
[Architectury Transformer DEBUG] net/fabricmc/api/EnvType -> net/minecraftforge/api/distmarker/Dist
[Architectury Transformer DEBUG] net/fabricmc/api/Environment -> net/minecraftforge/api/distmarker/OnlyIn
[Architectury Transformer DEBUG] Found class transformer
[Architectury Transformer DEBUG] Writing com/onewhohears/dscombat/data/weapon/instance/IRMissileInstance with maxs=true frames=true
[Architectury Transformer DEBUG] Transformed com/onewhohears/dscombat/data/weapon/instance/IRMissileInstance in 3.492 ms
[Architectury Transformer DEBUG] Transforming from com/onewhohears/dscombat/data/weapon/instance/BunkerBusterInstance.class to com/onewhohears/dscombat/data/weapon/instance/BunkerBusterInstance.class with 8 transformer(s) on dev.architectury.transformer.handler.TinyRemapperPreparedTransformerHandler
[Architectury Transformer DEBUG] Remapping with 1 mapping provider(s):
[Architectury Transformer DEBUG]  - dev.architectury.transformer.transformers.TransformForgeEnvironment$$Lambda/0x000001de0808e008@120d3fd
[Architectury Transformer DEBUG] Remapping Classes:
[Architectury Transformer DEBUG] net/fabricmc/api/EnvType -> net/minecraftforge/api/distmarker/Dist
[Architectury Transformer DEBUG] net/fabricmc/api/Environment -> net/minecraftforge/api/distmarker/OnlyIn
[Architectury Transformer DEBUG] Found class transformer
[Architectury Transformer DEBUG] Writing com/onewhohears/dscombat/data/weapon/instance/BunkerBusterInstance with maxs=true frames=true
[Architectury Transformer DEBUG] Transformed com/onewhohears/dscombat/data/weapon/instance/BunkerBusterInstance in 3.223 ms
[Architectury Transformer DEBUG] Transforming from com/onewhohears/dscombat/data/weapon/instance/PosMissileInstance.class to com/onewhohears/dscombat/data/weapon/instance/PosMissileInstance.class with 8 transformer(s) on dev.architectury.transformer.handler.TinyRemapperPreparedTransformerHandler
[Architectury Transformer DEBUG] Remapping with 1 mapping provider(s):
[Architectury Transformer DEBUG]  - dev.architectury.transformer.transformers.TransformForgeEnvironment$$Lambda/0x000001de0808e008@120d3fd
[Architectury Transformer DEBUG] Remapping Classes:
[Architectury Transformer DEBUG] net/fabricmc/api/EnvType -> net/minecraftforge/api/distmarker/Dist
[Architectury Transformer DEBUG] net/fabricmc/api/Environment -> net/minecraftforge/api/distmarker/OnlyIn
[Architectury Transformer DEBUG] Found class transformer
[Architectury Transformer DEBUG] Writing com/onewhohears/dscombat/data/weapon/instance/PosMissileInstance with maxs=true frames=true
[Architectury Transformer DEBUG] Transformed com/onewhohears/dscombat/data/weapon/instance/PosMissileInstance in 4.165 ms
[Architectury Transformer DEBUG] Transforming from com/onewhohears/dscombat/data/weapon/instance/GrenadeInstance.class to com/onewhohears/dscombat/data/weapon/instance/GrenadeInstance.class with 8 transformer(s) on dev.architectury.transformer.handler.TinyRemapperPreparedTransformerHandler
[Architectury Transformer DEBUG] Remapping with 1 mapping provider(s):
[Architectury Transformer DEBUG]  - dev.architectury.transformer.transformers.TransformForgeEnvironment$$Lambda/0x000001de0808e008@120d3fd
[Architectury Transformer DEBUG] Remapping Classes:
[Architectury Transformer DEBUG] net/fabricmc/api/EnvType -> net/minecraftforge/api/distmarker/Dist
[Architectury Transformer DEBUG] net/fabricmc/api/Environment -> net/minecraftforge/api/distmarker/OnlyIn
[Architectury Transformer DEBUG] Found class transformer
[Architectury Transformer DEBUG] Writing com/onewhohears/dscombat/data/weapon/instance/GrenadeInstance with maxs=true frames=true
[Architectury Transformer DEBUG] Transformed com/onewhohears/dscombat/data/weapon/instance/GrenadeInstance in 2.939 ms
[Architectury Transformer DEBUG] Transforming from com/onewhohears/dscombat/data/weapon/instance/TorpedoInstance.class to com/onewhohears/dscombat/data/weapon/instance/TorpedoInstance.class with 8 transformer(s) on dev.architectury.transformer.handler.TinyRemapperPreparedTransformerHandler
[Architectury Transformer DEBUG] Remapping with 1 mapping provider(s):
[Architectury Transformer DEBUG]  - dev.architectury.transformer.transformers.TransformForgeEnvironment$$Lambda/0x000001de0808e008@120d3fd
[Architectury Transformer DEBUG] Remapping Classes:
[Architectury Transformer DEBUG] net/fabricmc/api/EnvType -> net/minecraftforge/api/distmarker/Dist
[Architectury Transformer DEBUG] net/fabricmc/api/Environment -> net/minecraftforge/api/distmarker/OnlyIn
[Architectury Transformer DEBUG] Found class transformer
[Architectury Transformer DEBUG] Writing com/onewhohears/dscombat/data/weapon/instance/TorpedoInstance with maxs=true frames=true
[Architectury Transformer DEBUG] Transformed com/onewhohears/dscombat/data/weapon/instance/TorpedoInstance in 3.292 ms
[Architectury Transformer DEBUG] Transforming from com/onewhohears/dscombat/data/weapon/instance/BallisticMissileInstance.class to com/onewhohears/dscombat/data/weapon/instance/BallisticMissileInstance.class with 8 transformer(s) on dev.architectury.transformer.handler.TinyRemapperPreparedTransformerHandler
[Architectury Transformer DEBUG] Remapping with 1 mapping provider(s):
[Architectury Transformer DEBUG]  - dev.architectury.transformer.transformers.TransformForgeEnvironment$$Lambda/0x000001de0808e008@120d3fd
[Architectury Transformer DEBUG] Remapping Classes:
[Architectury Transformer DEBUG] net/fabricmc/api/EnvType -> net/minecraftforge/api/distmarker/Dist
[Architectury Transformer DEBUG] net/fabricmc/api/Environment -> net/minecraftforge/api/distmarker/OnlyIn
[Architectury Transformer DEBUG] Found class transformer
[Architectury Transformer DEBUG] Writing com/onewhohears/dscombat/data/weapon/instance/BallisticMissileInstance with maxs=true frames=true
[Architectury Transformer DEBUG] Transformed com/onewhohears/dscombat/data/weapon/instance/BallisticMissileInstance in 3.585 ms
[Architectury Transformer DEBUG] Transforming from com/onewhohears/dscombat/data/weapon/instance/AntiRadarMissileInstance.class to com/onewhohears/dscombat/data/weapon/instance/AntiRadarMissileInstance.class with 8 transformer(s) on dev.architectury.transformer.handler.TinyRemapperPreparedTransformerHandler
[Architectury Transformer DEBUG] Remapping with 1 mapping provider(s):
[Architectury Transformer DEBUG]  - dev.architectury.transformer.transformers.TransformForgeEnvironment$$Lambda/0x000001de0808e008@120d3fd
[Architectury Transformer DEBUG] Remapping Classes:
[Architectury Transformer DEBUG] net/fabricmc/api/EnvType -> net/minecraftforge/api/distmarker/Dist
[Architectury Transformer DEBUG] net/fabricmc/api/Environment -> net/minecraftforge/api/distmarker/OnlyIn
[Architectury Transformer DEBUG] Found class transformer
[Architectury Transformer DEBUG] Writing com/onewhohears/dscombat/data/weapon/instance/AntiRadarMissileInstance with maxs=true frames=true
[Architectury Transformer DEBUG] Transformed com/onewhohears/dscombat/data/weapon/instance/AntiRadarMissileInstance in 3.899 ms
[Architectury Transformer DEBUG] Transforming from com/onewhohears/dscombat/data/weapon/instance/DumbTorpedoInstance.class to com/onewhohears/dscombat/data/weapon/instance/DumbTorpedoInstance.class with 8 transformer(s) on dev.architectury.transformer.handler.TinyRemapperPreparedTransformerHandler
[Architectury Transformer DEBUG] Remapping with 1 mapping provider(s):
[Architectury Transformer DEBUG]  - dev.architectury.transformer.transformers.TransformForgeEnvironment$$Lambda/0x000001de0808e008@120d3fd
[Architectury Transformer DEBUG] Remapping Classes:
[Architectury Transformer DEBUG] net/fabricmc/api/EnvType -> net/minecraftforge/api/distmarker/Dist
[Architectury Transformer DEBUG] net/fabricmc/api/Environment -> net/minecraftforge/api/distmarker/OnlyIn
[Architectury Transformer DEBUG] Found class transformer
[Architectury Transformer DEBUG] Writing com/onewhohears/dscombat/data/weapon/instance/DumbTorpedoInstance with maxs=true frames=true
[Architectury Transformer DEBUG] Transformed com/onewhohears/dscombat/data/weapon/instance/DumbTorpedoInstance in 2.959 ms
[Architectury Transformer DEBUG] Transforming from com/onewhohears/dscombat/data/radar/RadarInstance.class to com/onewhohears/dscombat/data/radar/RadarInstance.class with 8 transformer(s) on dev.architectury.transformer.handler.TinyRemapperPreparedTransformerHandler
[Architectury Transformer DEBUG] Remapping with 1 mapping provider(s):
[Architectury Transformer DEBUG]  - dev.architectury.transformer.transformers.TransformForgeEnvironment$$Lambda/0x000001de0808e008@120d3fd
[Architectury Transformer DEBUG] Remapping Classes:
[Architectury Transformer DEBUG] net/fabricmc/api/EnvType -> net/minecraftforge/api/distmarker/Dist
[Architectury Transformer DEBUG] net/fabricmc/api/Environment -> net/minecraftforge/api/distmarker/OnlyIn
[Architectury Transformer DEBUG] Found class transformer
[Architectury Transformer DEBUG] Writing com/onewhohears/dscombat/data/radar/RadarInstance with maxs=true frames=true
[Architectury Transformer DEBUG] Transformed com/onewhohears/dscombat/data/radar/RadarInstance in 7.106 ms
[Architectury Transformer DEBUG] Transforming from com/onewhohears/dscombat/entity/parts/EntityTurret$ShootType.class to com/onewhohears/dscombat/entity/parts/EntityTurret$ShootType.class with 8 transformer(s) on dev.architectury.transformer.handler.TinyRemapperPreparedTransformerHandler
[Architectury Transformer DEBUG] Remapping with 1 mapping provider(s):
[Architectury Transformer DEBUG]  - dev.architectury.transformer.transformers.TransformForgeEnvironment$$Lambda/0x000001de0808e008@120d3fd
[Architectury Transformer DEBUG] Remapping Classes:
[Architectury Transformer DEBUG] net/fabricmc/api/EnvType -> net/minecraftforge/api/distmarker/Dist
[Architectury Transformer DEBUG] net/fabricmc/api/Environment -> net/minecraftforge/api/distmarker/OnlyIn
[Architectury Transformer DEBUG] Found class transformer
[Architectury Transformer DEBUG] Writing com/onewhohears/dscombat/entity/parts/EntityTurret$ShootType with maxs=true frames=true
[Architectury Transformer DEBUG] Transformed com/onewhohears/dscombat/entity/parts/EntityTurret$ShootType in 7.720 ms
[Architectury Transformer DEBUG] Transforming from com/onewhohears/dscombat/data/parts/stats/TurretStats$RotBounds.class to com/onewhohears/dscombat/data/parts/stats/TurretStats$RotBounds.class with 8 transformer(s) on dev.architectury.transformer.handler.TinyRemapperPreparedTransformerHandler
[Architectury Transformer DEBUG] Remapping with 1 mapping provider(s):
[Architectury Transformer DEBUG]  - dev.architectury.transformer.transformers.TransformForgeEnvironment$$Lambda/0x000001de0808e008@120d3fd
[Architectury Transformer DEBUG] Remapping Classes:
[Architectury Transformer DEBUG] net/fabricmc/api/EnvType -> net/minecraftforge/api/distmarker/Dist
[Architectury Transformer DEBUG] net/fabricmc/api/Environment -> net/minecraftforge/api/distmarker/OnlyIn
[Architectury Transformer DEBUG] Found class transformer
[Architectury Transformer DEBUG] Writing com/onewhohears/dscombat/data/parts/stats/TurretStats$RotBounds with maxs=true frames=true
[Architectury Transformer DEBUG] Transformed com/onewhohears/dscombat/data/parts/stats/TurretStats$RotBounds in 3.800 ms
[Architectury Transformer DEBUG] Transforming from com/onewhohears/dscombat/data/parts/stats/TurretStats$SmokeGrenadeLauncherDef.class to com/onewhohears/dscombat/data/parts/stats/TurretStats$SmokeGrenadeLauncherDef.class with 8 transformer(s) on dev.architectury.transformer.handler.TinyRemapperPreparedTransformerHandler
[Architectury Transformer DEBUG] Remapping with 1 mapping provider(s):
[Architectury Transformer DEBUG]  - dev.architectury.transformer.transformers.TransformForgeEnvironment$$Lambda/0x000001de0808e008@120d3fd
[Architectury Transformer DEBUG] Remapping Classes:
[Architectury Transformer DEBUG] net/fabricmc/api/EnvType -> net/minecraftforge/api/distmarker/Dist
[Architectury Transformer DEBUG] net/fabricmc/api/Environment -> net/minecraftforge/api/distmarker/OnlyIn
[Architectury Transformer DEBUG] Found class transformer
[Architectury Transformer DEBUG] Writing com/onewhohears/dscombat/data/parts/stats/TurretStats$SmokeGrenadeLauncherDef with maxs=true frames=true
[Architectury Transformer DEBUG] Transformed com/onewhohears/dscombat/data/parts/stats/TurretStats$SmokeGrenadeLauncherDef in 4.101 ms
[Architectury Transformer DEBUG] Transforming from com/onewhohears/dscombat/data/parts/stats/EngineStats$EngineType.class to com/onewhohears/dscombat/data/parts/stats/EngineStats$EngineType.class with 8 transformer(s) on dev.architectury.transformer.handler.TinyRemapperPreparedTransformerHandler
[Architectury Transformer DEBUG] Remapping with 1 mapping provider(s):
[Architectury Transformer DEBUG]  - dev.architectury.transformer.transformers.TransformForgeEnvironment$$Lambda/0x000001de0808e008@120d3fd
[Architectury Transformer DEBUG] Remapping Classes:
[Architectury Transformer DEBUG] net/fabricmc/api/EnvType -> net/minecraftforge/api/distmarker/Dist
[Architectury Transformer DEBUG] net/fabricmc/api/Environment -> net/minecraftforge/api/distmarker/OnlyIn
[Architectury Transformer DEBUG] Found class transformer
[Architectury Transformer DEBUG] Writing com/onewhohears/dscombat/data/parts/stats/EngineStats$EngineType with maxs=true frames=true
[Architectury Transformer DEBUG] Transformed com/onewhohears/dscombat/data/parts/stats/EngineStats$EngineType in 4.508 ms
[Architectury Transformer DEBUG] Transforming from com/onewhohears/dscombat/data/parts/stats/BuffStats$BuffType.class to com/onewhohears/dscombat/data/parts/stats/BuffStats$BuffType.class with 8 transformer(s) on dev.architectury.transformer.handler.TinyRemapperPreparedTransformerHandler
[Architectury Transformer DEBUG] Remapping with 1 mapping provider(s):
[Architectury Transformer DEBUG]  - dev.architectury.transformer.transformers.TransformForgeEnvironment$$Lambda/0x000001de0808e008@120d3fd
[Architectury Transformer DEBUG] Remapping Classes:
[Architectury Transformer DEBUG] net/fabricmc/api/EnvType -> net/minecraftforge/api/distmarker/Dist
[Architectury Transformer DEBUG] net/fabricmc/api/Environment -> net/minecraftforge/api/distmarker/OnlyIn
[Architectury Transformer DEBUG] Found class transformer
[Architectury Transformer DEBUG] Writing com/onewhohears/dscombat/data/parts/stats/BuffStats$BuffType with maxs=true frames=true
[Architectury Transformer DEBUG] Transformed com/onewhohears/dscombat/data/parts/stats/BuffStats$BuffType in 4.824 ms
[Architectury Transformer DEBUG] Transforming from com/onewhohears/dscombat/data/parts/stats/SmokeGrenadeDispenserStats$LauncherDef.class to com/onewhohears/dscombat/data/parts/stats/SmokeGrenadeDispenserStats$LauncherDef.class with 8 transformer(s) on dev.architectury.transformer.handler.TinyRemapperPreparedTransformerHandler
[Architectury Transformer DEBUG] Remapping with 1 mapping provider(s):
[Architectury Transformer DEBUG]  - dev.architectury.transformer.transformers.TransformForgeEnvironment$$Lambda/0x000001de0808e008@120d3fd
[Architectury Transformer DEBUG] Remapping Classes:
[Architectury Transformer DEBUG] net/fabricmc/api/EnvType -> net/minecraftforge/api/distmarker/Dist
[Architectury Transformer DEBUG] net/fabricmc/api/Environment -> net/minecraftforge/api/distmarker/OnlyIn
[Architectury Transformer DEBUG] Found class transformer
[Architectury Transformer DEBUG] Writing com/onewhohears/dscombat/data/parts/stats/SmokeGrenadeDispenserStats$LauncherDef with maxs=true frames=true
[Architectury Transformer DEBUG] Transformed com/onewhohears/dscombat/data/parts/stats/SmokeGrenadeDispenserStats$LauncherDef in 5.497 ms
[Architectury Transformer DEBUG] Transforming from com/onewhohears/dscombat/entity/vehicle/hitbox/ClientSideHitboxStuckFixer.class to com/onewhohears/dscombat/entity/vehicle/hitbox/ClientSideHitboxStuckFixer.class with 8 transformer(s) on dev.architectury.transformer.handler.TinyRemapperPreparedTransformerHandler
[Architectury Transformer DEBUG] Remapping with 1 mapping provider(s):
[Architectury Transformer DEBUG]  - dev.architectury.transformer.transformers.TransformForgeEnvironment$$Lambda/0x000001de0808e008@120d3fd
[Architectury Transformer DEBUG] Remapping Classes:
[Architectury Transformer DEBUG] net/fabricmc/api/EnvType -> net/minecraftforge/api/distmarker/Dist
[Architectury Transformer DEBUG] net/fabricmc/api/Environment -> net/minecraftforge/api/distmarker/OnlyIn
[Architectury Transformer DEBUG] Found class transformer
[Architectury Transformer DEBUG] Writing com/onewhohears/dscombat/entity/vehicle/hitbox/ClientSideHitboxStuckFixer with maxs=true frames=true
[Architectury Transformer DEBUG] Transformed com/onewhohears/dscombat/entity/vehicle/hitbox/ClientSideHitboxStuckFixer in 3.957 ms
[Architectury Transformer DEBUG] Transforming from com/onewhohears/dscombat/data/vehicle/CrawlerTrackPath.class to com/onewhohears/dscombat/data/vehicle/CrawlerTrackPath.class with 8 transformer(s) on dev.architectury.transformer.handler.TinyRemapperPreparedTransformerHandler
[Architectury Transformer DEBUG] Remapping with 1 mapping provider(s):
[Architectury Transformer DEBUG]  - dev.architectury.transformer.transformers.TransformForgeEnvironment$$Lambda/0x000001de0808e008@120d3fd
[Architectury Transformer DEBUG] Remapping Classes:
[Architectury Transformer DEBUG] net/fabricmc/api/EnvType -> net/minecraftforge/api/distmarker/Dist
[Architectury Transformer DEBUG] net/fabricmc/api/Environment -> net/minecraftforge/api/distmarker/OnlyIn
[Architectury Transformer DEBUG] Found class transformer
[Architectury Transformer DEBUG] Writing com/onewhohears/dscombat/data/vehicle/CrawlerTrackPath with maxs=true frames=true
[Architectury Transformer DEBUG] Transformed com/onewhohears/dscombat/data/vehicle/CrawlerTrackPath in 7.218 ms
[Architectury Transformer DEBUG] Transforming from com/onewhohears/dscombat/entity/vehicle/hitbox/RotableHitboxes.class to com/onewhohears/dscombat/entity/vehicle/hitbox/RotableHitboxes.class with 8 transformer(s) on dev.architectury.transformer.handler.TinyRemapperPreparedTransformerHandler
[Architectury Transformer DEBUG] Remapping with 1 mapping provider(s):
[Architectury Transformer DEBUG]  - dev.architectury.transformer.transformers.TransformForgeEnvironment$$Lambda/0x000001de0808e008@120d3fd
[Architectury Transformer DEBUG] Remapping Classes:
[Architectury Transformer DEBUG] net/fabricmc/api/EnvType -> net/minecraftforge/api/distmarker/Dist
[Architectury Transformer DEBUG] net/fabricmc/api/Environment -> net/minecraftforge/api/distmarker/OnlyIn
[Architectury Transformer DEBUG] Found class transformer
[Architectury Transformer DEBUG] Writing com/onewhohears/dscombat/entity/vehicle/hitbox/RotableHitboxes with maxs=true frames=true
[Architectury Transformer DEBUG] Transformed com/onewhohears/dscombat/entity/vehicle/hitbox/RotableHitboxes in 8.481 ms
[Architectury Transformer DEBUG] Transforming from com/onewhohears/dscombat/util/UtilPrint.class to com/onewhohears/dscombat/util/UtilPrint.class with 8 transformer(s) on dev.architectury.transformer.handler.TinyRemapperPreparedTransformerHandler
[Architectury Transformer DEBUG] Remapping with 1 mapping provider(s):
[Architectury Transformer DEBUG]  - dev.architectury.transformer.transformers.TransformForgeEnvironment$$Lambda/0x000001de0808e008@120d3fd
[Architectury Transformer DEBUG] Remapping Classes:
[Architectury Transformer DEBUG] net/fabricmc/api/EnvType -> net/minecraftforge/api/distmarker/Dist
[Architectury Transformer DEBUG] net/fabricmc/api/Environment -> net/minecraftforge/api/distmarker/OnlyIn
[Architectury Transformer DEBUG] Found class transformer
[Architectury Transformer DEBUG] Writing com/onewhohears/dscombat/util/UtilPrint with maxs=true frames=true
[Architectury Transformer DEBUG] Transformed com/onewhohears/dscombat/util/UtilPrint in 8.555 ms
[Architectury Transformer DEBUG] Transforming from com/onewhohears/dscombat/client/command/GenerateTrackPathCommand.class to com/onewhohears/dscombat/client/command/GenerateTrackPathCommand.class with 8 transformer(s) on dev.architectury.transformer.handler.TinyRemapperPreparedTransformerHandler
[Architectury Transformer DEBUG] Remapping with 1 mapping provider(s):
[Architectury Transformer DEBUG]  - dev.architectury.transformer.transformers.TransformForgeEnvironment$$Lambda/0x000001de0808e008@120d3fd
[Architectury Transformer DEBUG] Remapping Classes:
[Architectury Transformer DEBUG] net/fabricmc/api/EnvType -> net/minecraftforge/api/distmarker/Dist
[Architectury Transformer DEBUG] net/fabricmc/api/Environment -> net/minecraftforge/api/distmarker/OnlyIn
[Architectury Transformer DEBUG] Found class transformer
[Architectury Transformer DEBUG] Writing com/onewhohears/dscombat/client/command/GenerateTrackPathCommand with maxs=true frames=true
[Architectury Transformer DEBUG] Transformed com/onewhohears/dscombat/client/command/GenerateTrackPathCommand in 13.36 ms
[Architectury Transformer DEBUG] Transforming from com/onewhohears/dscombat/client/command/TrackPointCommand.class to com/onewhohears/dscombat/client/command/TrackPointCommand.class with 8 transformer(s) on dev.architectury.transformer.handler.TinyRemapperPreparedTransformerHandler
[Architectury Transformer DEBUG] Remapping with 1 mapping provider(s):
[Architectury Transformer DEBUG]  - dev.architectury.transformer.transformers.TransformForgeEnvironment$$Lambda/0x000001de0808e008@120d3fd
[Architectury Transformer DEBUG] Remapping Classes:
[Architectury Transformer DEBUG] net/fabricmc/api/EnvType -> net/minecraftforge/api/distmarker/Dist
[Architectury Transformer DEBUG] net/fabricmc/api/Environment -> net/minecraftforge/api/distmarker/OnlyIn
[Architectury Transformer DEBUG] Found class transformer
[Architectury Transformer DEBUG] Writing com/onewhohears/dscombat/client/command/TrackPointCommand with maxs=true frames=true
[Architectury Transformer DEBUG] Transformed com/onewhohears/dscombat/client/command/TrackPointCommand in 11.40 ms
[Architectury Transformer DEBUG] Transforming from com/onewhohears/dscombat/util/UtilPresetParse.class to com/onewhohears/dscombat/util/UtilPresetParse.class with 8 transformer(s) on dev.architectury.transformer.handler.TinyRemapperPreparedTransformerHandler
[Architectury Transformer DEBUG] Remapping with 1 mapping provider(s):
[Architectury Transformer DEBUG]  - dev.architectury.transformer.transformers.TransformForgeEnvironment$$Lambda/0x000001de0808e008@120d3fd
[Architectury Transformer DEBUG] Remapping Classes:
[Architectury Transformer DEBUG] net/fabricmc/api/EnvType -> net/minecraftforge/api/distmarker/Dist
[Architectury Transformer DEBUG] net/fabricmc/api/Environment -> net/minecraftforge/api/distmarker/OnlyIn
[Architectury Transformer DEBUG] Found class transformer
[Architectury Transformer DEBUG] Writing com/onewhohears/dscombat/util/UtilPresetParse with maxs=true frames=true
[Architectury Transformer DEBUG] Transformed com/onewhohears/dscombat/util/UtilPresetParse in 19.63 ms
[Architectury Transformer DEBUG] Transforming from com/onewhohears/dscombat/common/container/StorageBoxContainer.class to com/onewhohears/dscombat/common/container/StorageBoxContainer.class with 8 transformer(s) on dev.architectury.transformer.handler.TinyRemapperPreparedTransformerHandler
[Architectury Transformer DEBUG] Remapping with 1 mapping provider(s):
[Architectury Transformer DEBUG]  - dev.architectury.transformer.transformers.TransformForgeEnvironment$$Lambda/0x000001de0808e008@120d3fd
[Architectury Transformer DEBUG] Remapping Classes:
[Architectury Transformer DEBUG] net/fabricmc/api/EnvType -> net/minecraftforge/api/distmarker/Dist
[Architectury Transformer DEBUG] net/fabricmc/api/Environment -> net/minecraftforge/api/distmarker/OnlyIn
[Architectury Transformer DEBUG] Found class transformer
[Architectury Transformer DEBUG] Writing com/onewhohears/dscombat/common/container/StorageBoxContainer with maxs=true frames=true
[Architectury Transformer DEBUG] Transformed com/onewhohears/dscombat/common/container/StorageBoxContainer in 17.98 ms
[Architectury Transformer DEBUG] Transforming from com/onewhohears/dscombat/integration/jei/DSCSubTypes.class to com/onewhohears/dscombat/integration/jei/DSCSubTypes.class with 8 transformer(s) on dev.architectury.transformer.handler.TinyRemapperPreparedTransformerHandler
[Architectury Transformer DEBUG] Remapping with 1 mapping provider(s):
[Architectury Transformer DEBUG]  - dev.architectury.transformer.transformers.TransformForgeEnvironment$$Lambda/0x000001de0808e008@120d3fd
[Architectury Transformer DEBUG] Remapping Classes:
[Architectury Transformer DEBUG] net/fabricmc/api/EnvType -> net/minecraftforge/api/distmarker/Dist
[Architectury Transformer DEBUG] net/fabricmc/api/Environment -> net/minecraftforge/api/distmarker/OnlyIn
[Architectury Transformer DEBUG] Found class transformer
[Architectury Transformer DEBUG] Writing com/onewhohears/dscombat/integration/jei/DSCSubTypes with maxs=true frames=true
[Architectury Transformer DEBUG] Transformed com/onewhohears/dscombat/integration/jei/DSCSubTypes in 5.730 ms
[Architectury Transformer DEBUG] Transforming from com/onewhohears/dscombat/integration/jei/VehicleRecipeCategory.class to com/onewhohears/dscombat/integration/jei/VehicleRecipeCategory.class with 8 transformer(s) on dev.architectury.transformer.handler.TinyRemapperPreparedTransformerHandler
[Architectury Transformer DEBUG] Remapping with 1 mapping provider(s):
[Architectury Transformer DEBUG]  - dev.architectury.transformer.transformers.TransformForgeEnvironment$$Lambda/0x000001de0808e008@120d3fd
[Architectury Transformer DEBUG] Remapping Classes:
[Architectury Transformer DEBUG] net/fabricmc/api/EnvType -> net/minecraftforge/api/distmarker/Dist
[Architectury Transformer DEBUG] net/fabricmc/api/Environment -> net/minecraftforge/api/distmarker/OnlyIn
[Architectury Transformer DEBUG] Found class transformer
[Architectury Transformer DEBUG] Writing com/onewhohears/dscombat/integration/jei/VehicleRecipeCategory with maxs=true frames=true
[Architectury Transformer DEBUG] Transformed com/onewhohears/dscombat/integration/jei/VehicleRecipeCategory in 8.540 ms
[Architectury Transformer DEBUG] Transforming from com/onewhohears/dscombat/integration/jei/WeaponRecipeCategory.class to com/onewhohears/dscombat/integration/jei/WeaponRecipeCategory.class with 8 transformer(s) on dev.architectury.transformer.handler.TinyRemapperPreparedTransformerHandler
[Architectury Transformer DEBUG] Remapping with 1 mapping provider(s):
[Architectury Transformer DEBUG]  - dev.architectury.transformer.transformers.TransformForgeEnvironment$$Lambda/0x000001de0808e008@120d3fd
[Architectury Transformer DEBUG] Remapping Classes:
[Architectury Transformer DEBUG] net/fabricmc/api/EnvType -> net/minecraftforge/api/distmarker/Dist
[Architectury Transformer DEBUG] net/fabricmc/api/Environment -> net/minecraftforge/api/distmarker/OnlyIn
[Architectury Transformer DEBUG] Found class transformer
[Architectury Transformer DEBUG] Writing com/onewhohears/dscombat/integration/jei/WeaponRecipeCategory with maxs=true frames=true
[Architectury Transformer DEBUG] Transformed com/onewhohears/dscombat/integration/jei/WeaponRecipeCategory in 5.797 ms
[Architectury Transformer DEBUG] Transforming from com/onewhohears/dscombat/integration/jei/WeaponPartRecipeCategory.class to com/onewhohears/dscombat/integration/jei/WeaponPartRecipeCategory.class with 8 transformer(s) on dev.architectury.transformer.handler.TinyRemapperPreparedTransformerHandler
[Architectury Transformer DEBUG] Remapping with 1 mapping provider(s):
[Architectury Transformer DEBUG]  - dev.architectury.transformer.transformers.TransformForgeEnvironment$$Lambda/0x000001de0808e008@120d3fd
[Architectury Transformer DEBUG] Remapping Classes:
[Architectury Transformer DEBUG] net/fabricmc/api/EnvType -> net/minecraftforge/api/distmarker/Dist
[Architectury Transformer DEBUG] net/fabricmc/api/Environment -> net/minecraftforge/api/distmarker/OnlyIn
[Architectury Transformer DEBUG] Found class transformer
[Architectury Transformer DEBUG] Writing com/onewhohears/dscombat/integration/jei/WeaponPartRecipeCategory with maxs=true frames=true
[Architectury Transformer DEBUG] Transformed com/onewhohears/dscombat/integration/jei/WeaponPartRecipeCategory in 5.499 ms
[Architectury Transformer DEBUG] Transforming from com/onewhohears/dscombat/data/vehicle/physics/DSCPhyCons.class to com/onewhohears/dscombat/data/vehicle/physics/DSCPhyCons.class with 8 transformer(s) on dev.architectury.transformer.handler.TinyRemapperPreparedTransformerHandler
[Architectury Transformer DEBUG] Remapping with 1 mapping provider(s):
[Architectury Transformer DEBUG]  - dev.architectury.transformer.transformers.TransformForgeEnvironment$$Lambda/0x000001de0808e008@120d3fd
[Architectury Transformer DEBUG] Remapping Classes:
[Architectury Transformer DEBUG] net/fabricmc/api/EnvType -> net/minecraftforge/api/distmarker/Dist
[Architectury Transformer DEBUG] net/fabricmc/api/Environment -> net/minecraftforge/api/distmarker/OnlyIn
[Architectury Transformer DEBUG] Found class transformer
[Architectury Transformer DEBUG] Writing com/onewhohears/dscombat/data/vehicle/physics/DSCPhyCons with maxs=true frames=true
[Architectury Transformer DEBUG] Transformed com/onewhohears/dscombat/data/vehicle/physics/DSCPhyCons in 4.115 ms
[Architectury Transformer DEBUG] Transforming from com/onewhohears/dscombat/block/entity/MissileLaunchStationBlockEntity$1.class to com/onewhohears/dscombat/block/entity/MissileLaunchStationBlockEntity$1.class with 8 transformer(s) on dev.architectury.transformer.handler.TinyRemapperPreparedTransformerHandler
[Architectury Transformer DEBUG] Remapping with 1 mapping provider(s):
[Architectury Transformer DEBUG]  - dev.architectury.transformer.transformers.TransformForgeEnvironment$$Lambda/0x000001de0808e008@120d3fd
[Architectury Transformer DEBUG] Remapping Classes:
[Architectury Transformer DEBUG] net/fabricmc/api/EnvType -> net/minecraftforge/api/distmarker/Dist
[Architectury Transformer DEBUG] net/fabricmc/api/Environment -> net/minecraftforge/api/distmarker/OnlyIn
[Architectury Transformer DEBUG] Found class transformer
[Architectury Transformer DEBUG] Writing com/onewhohears/dscombat/block/entity/MissileLaunchStationBlockEntity$1 with maxs=true frames=true
[Architectury Transformer DEBUG] Transformed com/onewhohears/dscombat/block/entity/MissileLaunchStationBlockEntity$1 in 9.027 ms
[Architectury Transformer DEBUG] Transforming from com/onewhohears/dscombat/data/vehicle/VehicleInputManager.class to com/onewhohears/dscombat/data/vehicle/VehicleInputManager.class with 8 transformer(s) on dev.architectury.transformer.handler.TinyRemapperPreparedTransformerHandler
[Architectury Transformer DEBUG] Remapping with 1 mapping provider(s):
[Architectury Transformer DEBUG]  - dev.architectury.transformer.transformers.TransformForgeEnvironment$$Lambda/0x000001de0808e008@120d3fd
[Architectury Transformer DEBUG] Remapping Classes:
[Architectury Transformer DEBUG] net/fabricmc/api/EnvType -> net/minecraftforge/api/distmarker/Dist
[Architectury Transformer DEBUG] net/fabricmc/api/Environment -> net/minecraftforge/api/distmarker/OnlyIn
[Architectury Transformer DEBUG] Found class transformer
[Architectury Transformer DEBUG] Writing com/onewhohears/dscombat/data/vehicle/VehicleInputManager with maxs=true frames=true
[Architectury Transformer DEBUG] Transformed com/onewhohears/dscombat/data/vehicle/VehicleInputManager in 5.476 ms
[Architectury Transformer DEBUG] Transforming from com/onewhohears/dscombat/data/vehicle/VehicleSoundManager.class to com/onewhohears/dscombat/data/vehicle/VehicleSoundManager.class with 8 transformer(s) on dev.architectury.transformer.handler.TinyRemapperPreparedTransformerHandler
[Architectury Transformer DEBUG] Remapping with 1 mapping provider(s):
[Architectury Transformer DEBUG]  - dev.architectury.transformer.transformers.TransformForgeEnvironment$$Lambda/0x000001de0808e008@120d3fd
[Architectury Transformer DEBUG] Remapping Classes:
[Architectury Transformer DEBUG] net/fabricmc/api/EnvType -> net/minecraftforge/api/distmarker/Dist
[Architectury Transformer DEBUG] net/fabricmc/api/Environment -> net/minecraftforge/api/distmarker/OnlyIn
[Architectury Transformer DEBUG] Found class transformer
[Architectury Transformer DEBUG] Writing com/onewhohears/dscombat/data/vehicle/VehicleSoundManager with maxs=true frames=true
[Architectury Transformer DEBUG] Transformed com/onewhohears/dscombat/data/vehicle/VehicleSoundManager in 5.706 ms
[Architectury Transformer DEBUG] Transforming from com/onewhohears/dscombat/data/vehicle/VehicleTextureManager.class to com/onewhohears/dscombat/data/vehicle/VehicleTextureManager.class with 8 transformer(s) on dev.architectury.transformer.handler.TinyRemapperPreparedTransformerHandler
[Architectury Transformer DEBUG] Remapping with 1 mapping provider(s):
[Architectury Transformer DEBUG]  - dev.architectury.transformer.transformers.TransformForgeEnvironment$$Lambda/0x000001de0808e008@120d3fd
[Architectury Transformer DEBUG] Remapping Classes:
[Architectury Transformer DEBUG] net/fabricmc/api/EnvType -> net/minecraftforge/api/distmarker/Dist
[Architectury Transformer DEBUG] net/fabricmc/api/Environment -> net/minecraftforge/api/distmarker/OnlyIn
[Architectury Transformer DEBUG] Found class transformer
[Architectury Transformer DEBUG] Writing com/onewhohears/dscombat/data/vehicle/VehicleTextureManager with maxs=true frames=true
[Architectury Transformer DEBUG] Transformed com/onewhohears/dscombat/data/vehicle/VehicleTextureManager in 4.563 ms
[Architectury Transformer DEBUG] Transforming from com/onewhohears/dscombat/data/vehicle/VehicleTextureManager$TextureLayer.class to com/onewhohears/dscombat/data/vehicle/VehicleTextureManager$TextureLayer.class with 8 transformer(s) on dev.architectury.transformer.handler.TinyRemapperPreparedTransformerHandler
[Architectury Transformer DEBUG] Remapping with 1 mapping provider(s):
[Architectury Transformer DEBUG]  - dev.architectury.transformer.transformers.TransformForgeEnvironment$$Lambda/0x000001de0808e008@120d3fd
[Architectury Transformer DEBUG] Remapping Classes:
[Architectury Transformer DEBUG] net/fabricmc/api/EnvType -> net/minecraftforge/api/distmarker/Dist
[Architectury Transformer DEBUG] net/fabricmc/api/Environment -> net/minecraftforge/api/distmarker/OnlyIn
[Architectury Transformer DEBUG] Found class transformer
[Architectury Transformer DEBUG] Writing com/onewhohears/dscombat/data/vehicle/VehicleTextureManager$TextureLayer with maxs=true frames=true
[Architectury Transformer DEBUG] Transformed com/onewhohears/dscombat/data/vehicle/VehicleTextureManager$TextureLayer in 4.422 ms
[Architectury Transformer DEBUG] Transforming from com/onewhohears/dscombat/data/vehicle/VehicleDecalManager.class to com/onewhohears/dscombat/data/vehicle/VehicleDecalManager.class with 8 transformer(s) on dev.architectury.transformer.handler.TinyRemapperPreparedTransformerHandler
[Architectury Transformer DEBUG] Remapping with 1 mapping provider(s):
[Architectury Transformer DEBUG]  - dev.architectury.transformer.transformers.TransformForgeEnvironment$$Lambda/0x000001de0808e008@120d3fd
[Architectury Transformer DEBUG] Remapping Classes:
[Architectury Transformer DEBUG] net/fabricmc/api/EnvType -> net/minecraftforge/api/distmarker/Dist
[Architectury Transformer DEBUG] net/fabricmc/api/Environment -> net/minecraftforge/api/distmarker/OnlyIn
[Architectury Transformer DEBUG] Found class transformer
[Architectury Transformer DEBUG] Writing com/onewhohears/dscombat/data/vehicle/VehicleDecalManager with maxs=true frames=true
[Architectury Transformer DEBUG] Transformed com/onewhohears/dscombat/data/vehicle/VehicleDecalManager in 4.848 ms
[Architectury Transformer DEBUG] Transforming from com/onewhohears/dscombat/data/parts/PartsManager.class to com/onewhohears/dscombat/data/parts/PartsManager.class with 8 transformer(s) on dev.architectury.transformer.handler.TinyRemapperPreparedTransformerHandler
[Architectury Transformer DEBUG] Remapping with 1 mapping provider(s):
[Architectury Transformer DEBUG]  - dev.architectury.transformer.transformers.TransformForgeEnvironment$$Lambda/0x000001de0808e008@120d3fd
[Architectury Transformer DEBUG] Remapping Classes:
[Architectury Transformer DEBUG] net/fabricmc/api/EnvType -> net/minecraftforge/api/distmarker/Dist
[Architectury Transformer DEBUG] net/fabricmc/api/Environment -> net/minecraftforge/api/distmarker/OnlyIn
[Architectury Transformer DEBUG] Found class transformer
[Architectury Transformer DEBUG] Writing com/onewhohears/dscombat/data/parts/PartsManager with maxs=true frames=true
[Architectury Transformer DEBUG] Transformed com/onewhohears/dscombat/data/parts/PartsManager in 4.562 ms
[Architectury Transformer DEBUG] Transforming from com/onewhohears/dscombat/data/weapon/WeaponSystem.class to com/onewhohears/dscombat/data/weapon/WeaponSystem.class with 8 transformer(s) on dev.architectury.transformer.handler.TinyRemapperPreparedTransformerHandler
[Architectury Transformer DEBUG] Remapping with 1 mapping provider(s):
[Architectury Transformer DEBUG]  - dev.architectury.transformer.transformers.TransformForgeEnvironment$$Lambda/0x000001de0808e008@120d3fd
[Architectury Transformer DEBUG] Remapping Classes:
[Architectury Transformer DEBUG] net/fabricmc/api/EnvType -> net/minecraftforge/api/distmarker/Dist
[Architectury Transformer DEBUG] net/fabricmc/api/Environment -> net/minecraftforge/api/distmarker/OnlyIn
[Architectury Transformer DEBUG] Found class transformer
[Architectury Transformer DEBUG] Writing com/onewhohears/dscombat/data/weapon/WeaponSystem with maxs=true frames=true
[Architectury Transformer DEBUG] Transformed com/onewhohears/dscombat/data/weapon/WeaponSystem in 5.380 ms
[Architectury Transformer DEBUG] Transforming from com/onewhohears/dscombat/data/weapon/instance/NoWeaponInstance.class to com/onewhohears/dscombat/data/weapon/instance/NoWeaponInstance.class with 8 transformer(s) on dev.architectury.transformer.handler.TinyRemapperPreparedTransformerHandler
[Architectury Transformer DEBUG] Remapping with 1 mapping provider(s):
[Architectury Transformer DEBUG]  - dev.architectury.transformer.transformers.TransformForgeEnvironment$$Lambda/0x000001de0808e008@120d3fd
[Architectury Transformer DEBUG] Remapping Classes:
[Architectury Transformer DEBUG] net/fabricmc/api/EnvType -> net/minecraftforge/api/distmarker/Dist
[Architectury Transformer DEBUG] net/fabricmc/api/Environment -> net/minecraftforge/api/distmarker/OnlyIn
[Architectury Transformer DEBUG] Found class transformer
[Architectury Transformer DEBUG] Writing com/onewhohears/dscombat/data/weapon/instance/NoWeaponInstance with maxs=true frames=true
[Architectury Transformer DEBUG] Transformed com/onewhohears/dscombat/data/weapon/instance/NoWeaponInstance in 6.019 ms
[Architectury Transformer DEBUG] Transforming from com/onewhohears/dscombat/data/radar/RadarSystem.class to com/onewhohears/dscombat/data/radar/RadarSystem.class with 8 transformer(s) on dev.architectury.transformer.handler.TinyRemapperPreparedTransformerHandler
[Architectury Transformer DEBUG] Remapping with 1 mapping provider(s):
[Architectury Transformer DEBUG]  - dev.architectury.transformer.transformers.TransformForgeEnvironment$$Lambda/0x000001de0808e008@120d3fd
[Architectury Transformer DEBUG] Remapping Classes:
[Architectury Transformer DEBUG] net/fabricmc/api/EnvType -> net/minecraftforge/api/distmarker/Dist
[Architectury Transformer DEBUG] net/fabricmc/api/Environment -> net/minecraftforge/api/distmarker/OnlyIn
[Architectury Transformer DEBUG] Found class transformer
[Architectury Transformer DEBUG] Writing com/onewhohears/dscombat/data/radar/RadarSystem with maxs=true frames=true
[Architectury Transformer DEBUG] Transformed com/onewhohears/dscombat/data/radar/RadarSystem in 5.362 ms
[Architectury Transformer DEBUG] Transforming from com/onewhohears/dscombat/data/parts/PartSlot.class to com/onewhohears/dscombat/data/parts/PartSlot.class with 8 transformer(s) on dev.architectury.transformer.handler.TinyRemapperPreparedTransformerHandler
[Architectury Transformer DEBUG] Remapping with 1 mapping provider(s):
[Architectury Transformer DEBUG]  - dev.architectury.transformer.transformers.TransformForgeEnvironment$$Lambda/0x000001de0808e008@120d3fd
[Architectury Transformer DEBUG] Remapping Classes:
[Architectury Transformer DEBUG] net/fabricmc/api/EnvType -> net/minecraftforge/api/distmarker/Dist
[Architectury Transformer DEBUG] net/fabricmc/api/Environment -> net/minecraftforge/api/distmarker/OnlyIn
[Architectury Transformer DEBUG] Found class transformer
[Architectury Transformer DEBUG] Writing com/onewhohears/dscombat/data/parts/PartSlot with maxs=true frames=true
[Architectury Transformer DEBUG] Transformed com/onewhohears/dscombat/data/parts/PartSlot in 6.988 ms
[Architectury Transformer DEBUG] Transforming from com/onewhohears/dscombat/client/texture/VehicleDynamicTextures.class to com/onewhohears/dscombat/client/texture/VehicleDynamicTextures.class with 8 transformer(s) on dev.architectury.transformer.handler.TinyRemapperPreparedTransformerHandler
[Architectury Transformer DEBUG] Remapping with 1 mapping provider(s):
[Architectury Transformer DEBUG]  - dev.architectury.transformer.transformers.TransformForgeEnvironment$$Lambda/0x000001de0808e008@120d3fd
[Architectury Transformer DEBUG] Remapping Classes:
[Architectury Transformer DEBUG] net/fabricmc/api/EnvType -> net/minecraftforge/api/distmarker/Dist
[Architectury Transformer DEBUG] net/fabricmc/api/Environment -> net/minecraftforge/api/distmarker/OnlyIn
[Architectury Transformer DEBUG] Found class transformer
[Architectury Transformer DEBUG] Writing com/onewhohears/dscombat/client/texture/VehicleDynamicTextures with maxs=true frames=true
[Architectury Transformer DEBUG] Transformed com/onewhohears/dscombat/client/texture/VehicleDynamicTextures in 4.934 ms
[Architectury Transformer DEBUG] Transforming from com/onewhohears/dscombat/data/parts/client/PartClientStats$Builder.class to com/onewhohears/dscombat/data/parts/client/PartClientStats$Builder.class with 8 transformer(s) on dev.architectury.transformer.handler.TinyRemapperPreparedTransformerHandler
[Architectury Transformer DEBUG] Remapping with 1 mapping provider(s):
[Architectury Transformer DEBUG]  - dev.architectury.transformer.transformers.TransformForgeEnvironment$$Lambda/0x000001de0808e008@120d3fd
[Architectury Transformer DEBUG] Remapping Classes:
[Architectury Transformer DEBUG] net/fabricmc/api/EnvType -> net/minecraftforge/api/distmarker/Dist
[Architectury Transformer DEBUG] net/fabricmc/api/Environment -> net/minecraftforge/api/distmarker/OnlyIn
[Architectury Transformer DEBUG] Found class transformer
[Architectury Transformer DEBUG] Writing com/onewhohears/dscombat/data/parts/client/PartClientStats$Builder with maxs=true frames=true
[Architectury Transformer DEBUG] Transformed com/onewhohears/dscombat/data/parts/client/PartClientStats$Builder in 9.690 ms
[Architectury Transformer DEBUG] Transforming from com/onewhohears/dscombat/entity/ai/goal/TurretShootGoal.class to com/onewhohears/dscombat/entity/ai/goal/TurretShootGoal.class with 8 transformer(s) on dev.architectury.transformer.handler.TinyRemapperPreparedTransformerHandler
[Architectury Transformer DEBUG] Remapping with 1 mapping provider(s):
[Architectury Transformer DEBUG]  - dev.architectury.transformer.transformers.TransformForgeEnvironment$$Lambda/0x000001de0808e008@120d3fd
[Architectury Transformer DEBUG] Remapping Classes:
[Architectury Transformer DEBUG] net/fabricmc/api/EnvType -> net/minecraftforge/api/distmarker/Dist
[Architectury Transformer DEBUG] net/fabricmc/api/Environment -> net/minecraftforge/api/distmarker/OnlyIn
[Architectury Transformer DEBUG] Found class transformer
[Architectury Transformer DEBUG] Writing com/onewhohears/dscombat/entity/ai/goal/TurretShootGoal with maxs=true frames=true
[Architectury Transformer DEBUG] Transformed com/onewhohears/dscombat/entity/ai/goal/TurretShootGoal in 7.591 ms
[Architectury Transformer DEBUG] Transforming from com/onewhohears/dscombat/entity/ai/goal/TurretTargetGoal.class to com/onewhohears/dscombat/entity/ai/goal/TurretTargetGoal.class with 8 transformer(s) on dev.architectury.transformer.handler.TinyRemapperPreparedTransformerHandler
[Architectury Transformer DEBUG] Remapping with 1 mapping provider(s):
[Architectury Transformer DEBUG]  - dev.architectury.transformer.transformers.TransformForgeEnvironment$$Lambda/0x000001de0808e008@120d3fd
[Architectury Transformer DEBUG] Remapping Classes:
[Architectury Transformer DEBUG] net/fabricmc/api/EnvType -> net/minecraftforge/api/distmarker/Dist
[Architectury Transformer DEBUG] net/fabricmc/api/Environment -> net/minecraftforge/api/distmarker/OnlyIn
[Architectury Transformer DEBUG] Found class transformer
[Architectury Transformer DEBUG] Writing com/onewhohears/dscombat/entity/ai/goal/TurretTargetGoal with maxs=true frames=true
[Architectury Transformer DEBUG] Transformed com/onewhohears/dscombat/entity/ai/goal/TurretTargetGoal in 5.143 ms
[Architectury Transformer DEBUG] Transforming from com/onewhohears/dscombat/util/ExplosionFireColumn.class to com/onewhohears/dscombat/util/ExplosionFireColumn.class with 8 transformer(s) on dev.architectury.transformer.handler.TinyRemapperPreparedTransformerHandler
[Architectury Transformer DEBUG] Remapping with 1 mapping provider(s):
[Architectury Transformer DEBUG]  - dev.architectury.transformer.transformers.TransformForgeEnvironment$$Lambda/0x000001de0808e008@120d3fd
[Architectury Transformer DEBUG] Remapping Classes:
[Architectury Transformer DEBUG] net/fabricmc/api/EnvType -> net/minecraftforge/api/distmarker/Dist
[Architectury Transformer DEBUG] net/fabricmc/api/Environment -> net/minecraftforge/api/distmarker/OnlyIn
[Architectury Transformer DEBUG] Found class transformer
[Architectury Transformer DEBUG] Writing com/onewhohears/dscombat/util/ExplosionFireColumn with maxs=true frames=true
[Architectury Transformer DEBUG] Transformed com/onewhohears/dscombat/util/ExplosionFireColumn in 6.038 ms
[Architectury Transformer DEBUG] Transforming from com/onewhohears/dscombat/data/vehicle/VehicleLoopingSounds.class to com/onewhohears/dscombat/data/vehicle/VehicleLoopingSounds.class with 8 transformer(s) on dev.architectury.transformer.handler.TinyRemapperPreparedTransformerHandler
[Architectury Transformer DEBUG] Remapping with 1 mapping provider(s):
[Architectury Transformer DEBUG]  - dev.architectury.transformer.transformers.TransformForgeEnvironment$$Lambda/0x000001de0808e008@120d3fd
[Architectury Transformer DEBUG] Remapping Classes:
[Architectury Transformer DEBUG] net/fabricmc/api/EnvType -> net/minecraftforge/api/distmarker/Dist
[Architectury Transformer DEBUG] net/fabricmc/api/Environment -> net/minecraftforge/api/distmarker/OnlyIn
[Architectury Transformer DEBUG] Found class transformer
[Architectury Transformer DEBUG] Writing com/onewhohears/dscombat/data/vehicle/VehicleLoopingSounds with maxs=true frames=true
[Architectury Transformer DEBUG] Transformed com/onewhohears/dscombat/data/vehicle/VehicleLoopingSounds in 6.097 ms
[Architectury Transformer DEBUG] Transforming from com/onewhohears/dscombat/data/vehicle/VehicleLoopingSounds$BasicLooper.class to com/onewhohears/dscombat/data/vehicle/VehicleLoopingSounds$BasicLooper.class with 8 transformer(s) on dev.architectury.transformer.handler.TinyRemapperPreparedTransformerHandler
[Architectury Transformer DEBUG] Remapping with 1 mapping provider(s):
[Architectury Transformer DEBUG]  - dev.architectury.transformer.transformers.TransformForgeEnvironment$$Lambda/0x000001de0808e008@120d3fd
[Architectury Transformer DEBUG] Remapping Classes:
[Architectury Transformer DEBUG] net/fabricmc/api/EnvType -> net/minecraftforge/api/distmarker/Dist
[Architectury Transformer DEBUG] net/fabricmc/api/Environment -> net/minecraftforge/api/distmarker/OnlyIn
[Architectury Transformer DEBUG] Found class transformer
[Architectury Transformer DEBUG] Writing com/onewhohears/dscombat/data/vehicle/VehicleLoopingSounds$BasicLooper with maxs=true frames=true
[Architectury Transformer DEBUG] Transformed com/onewhohears/dscombat/data/vehicle/VehicleLoopingSounds$BasicLooper in 5.571 ms
[Architectury Transformer DEBUG] Transforming from com/onewhohears/dscombat/data/vehicle/VehicleLoopingSounds$FighterJetLooper.class to com/onewhohears/dscombat/data/vehicle/VehicleLoopingSounds$FighterJetLooper.class with 8 transformer(s) on dev.architectury.transformer.handler.TinyRemapperPreparedTransformerHandler
[Architectury Transformer DEBUG] Remapping with 1 mapping provider(s):
[Architectury Transformer DEBUG]  - dev.architectury.transformer.transformers.TransformForgeEnvironment$$Lambda/0x000001de0808e008@120d3fd
[Architectury Transformer DEBUG] Remapping Classes:
[Architectury Transformer DEBUG] net/fabricmc/api/EnvType -> net/minecraftforge/api/distmarker/Dist
[Architectury Transformer DEBUG] net/fabricmc/api/Environment -> net/minecraftforge/api/distmarker/OnlyIn
[Architectury Transformer DEBUG] Found class transformer
[Architectury Transformer DEBUG] Writing com/onewhohears/dscombat/data/vehicle/VehicleLoopingSounds$FighterJetLooper with maxs=true frames=true
[Architectury Transformer DEBUG] Transformed com/onewhohears/dscombat/data/vehicle/VehicleLoopingSounds$FighterJetLooper in 4.940 ms
[Architectury Transformer DEBUG] Transforming from com/onewhohears/dscombat/data/vehicle/VehicleLoopingSounds$VehicleLoopingSoundsFactory.class to com/onewhohears/dscombat/data/vehicle/VehicleLoopingSounds$VehicleLoopingSoundsFactory.class with 8 transformer(s) on dev.architectury.transformer.handler.TinyRemapperPreparedTransformerHandler
[Architectury Transformer DEBUG] Remapping with 1 mapping provider(s):
[Architectury Transformer DEBUG]  - dev.architectury.transformer.transformers.TransformForgeEnvironment$$Lambda/0x000001de0808e008@120d3fd
[Architectury Transformer DEBUG] Remapping Classes:
[Architectury Transformer DEBUG] net/fabricmc/api/EnvType -> net/minecraftforge/api/distmarker/Dist
[Architectury Transformer DEBUG] net/fabricmc/api/Environment -> net/minecraftforge/api/distmarker/OnlyIn
[Architectury Transformer DEBUG] Found class transformer
[Architectury Transformer DEBUG] Writing com/onewhohears/dscombat/data/vehicle/VehicleLoopingSounds$VehicleLoopingSoundsFactory with maxs=true frames=true
[Architectury Transformer DEBUG] Transformed com/onewhohears/dscombat/data/vehicle/VehicleLoopingSounds$VehicleLoopingSoundsFactory in 5.262 ms
[Architectury Transformer DEBUG] Transforming from com/onewhohears/dscombat/util/UtilSound.class to com/onewhohears/dscombat/util/UtilSound.class with 8 transformer(s) on dev.architectury.transformer.handler.TinyRemapperPreparedTransformerHandler
[Architectury Transformer DEBUG] Remapping with 1 mapping provider(s):
[Architectury Transformer DEBUG]  - dev.architectury.transformer.transformers.TransformForgeEnvironment$$Lambda/0x000001de0808e008@120d3fd
[Architectury Transformer DEBUG] Remapping Classes:
[Architectury Transformer DEBUG] net/fabricmc/api/EnvType -> net/minecraftforge/api/distmarker/Dist
[Architectury Transformer DEBUG] net/fabricmc/api/Environment -> net/minecraftforge/api/distmarker/OnlyIn
[Architectury Transformer DEBUG] Found class transformer
[Architectury Transformer DEBUG] Writing com/onewhohears/dscombat/util/UtilSound with maxs=true frames=true
[Architectury Transformer DEBUG] Transformed com/onewhohears/dscombat/util/UtilSound in 4.545 ms
[Architectury Transformer DEBUG] Transforming from com/onewhohears/dscombat/util/UtilVehicleEntity.class to com/onewhohears/dscombat/util/UtilVehicleEntity.class with 8 transformer(s) on dev.architectury.transformer.handler.TinyRemapperPreparedTransformerHandler
[Architectury Transformer DEBUG] Remapping with 1 mapping provider(s):
[Architectury Transformer DEBUG]  - dev.architectury.transformer.transformers.TransformForgeEnvironment$$Lambda/0x000001de0808e008@120d3fd
[Architectury Transformer DEBUG] Remapping Classes:
[Architectury Transformer DEBUG] net/fabricmc/api/EnvType -> net/minecraftforge/api/distmarker/Dist
[Architectury Transformer DEBUG] net/fabricmc/api/Environment -> net/minecraftforge/api/distmarker/OnlyIn
[Architectury Transformer DEBUG] Found class transformer
[Architectury Transformer DEBUG] Writing com/onewhohears/dscombat/util/UtilVehicleEntity with maxs=true frames=true
[Architectury Transformer DEBUG] Transformed com/onewhohears/dscombat/util/UtilVehicleEntity in 4.154 ms
[Architectury Transformer DEBUG] Transforming from com/onewhohears/dscombat/util/UtilVehicleEntity$1.class to com/onewhohears/dscombat/util/UtilVehicleEntity$1.class with 8 transformer(s) on dev.architectury.transformer.handler.TinyRemapperPreparedTransformerHandler
[Architectury Transformer DEBUG] Remapping with 1 mapping provider(s):
[Architectury Transformer DEBUG]  - dev.architectury.transformer.transformers.TransformForgeEnvironment$$Lambda/0x000001de0808e008@120d3fd
[Architectury Transformer DEBUG] Remapping Classes:
[Architectury Transformer DEBUG] net/fabricmc/api/EnvType -> net/minecraftforge/api/distmarker/Dist
[Architectury Transformer DEBUG] net/fabricmc/api/Environment -> net/minecraftforge/api/distmarker/OnlyIn
[Architectury Transformer DEBUG] Found class transformer
[Architectury Transformer DEBUG] Writing com/onewhohears/dscombat/util/UtilVehicleEntity$1 with maxs=true frames=true
[Architectury Transformer DEBUG] Transformed com/onewhohears/dscombat/util/UtilVehicleEntity$1 in 4.164 ms
[Architectury Transformer DEBUG] Transforming from com/onewhohears/dscombat/data/vehicle/physics/SeaLevels.class to com/onewhohears/dscombat/data/vehicle/physics/SeaLevels.class with 8 transformer(s) on dev.architectury.transformer.handler.TinyRemapperPreparedTransformerHandler
[Architectury Transformer DEBUG] Remapping with 1 mapping provider(s):
[Architectury Transformer DEBUG]  - dev.architectury.transformer.transformers.TransformForgeEnvironment$$Lambda/0x000001de0808e008@120d3fd
[Architectury Transformer DEBUG] Remapping Classes:
[Architectury Transformer DEBUG] net/fabricmc/api/EnvType -> net/minecraftforge/api/distmarker/Dist
[Architectury Transformer DEBUG] net/fabricmc/api/Environment -> net/minecraftforge/api/distmarker/OnlyIn
[Architectury Transformer DEBUG] Found class transformer
[Architectury Transformer DEBUG] Writing com/onewhohears/dscombat/data/vehicle/physics/SeaLevels with maxs=true frames=true
[Architectury Transformer DEBUG] Transformed com/onewhohears/dscombat/data/vehicle/physics/SeaLevels in 3.376 ms
[Architectury Transformer DEBUG] Transforming from com/onewhohears/dscombat/client/util/UtilClientSafeSounds.class to com/onewhohears/dscombat/client/util/UtilClientSafeSounds.class with 8 transformer(s) on dev.architectury.transformer.handler.TinyRemapperPreparedTransformerHandler
[Architectury Transformer DEBUG] Remapping with 1 mapping provider(s):
[Architectury Transformer DEBUG]  - dev.architectury.transformer.transformers.TransformForgeEnvironment$$Lambda/0x000001de0808e008@120d3fd
[Architectury Transformer DEBUG] Remapping Classes:
[Architectury Transformer DEBUG] net/fabricmc/api/EnvType -> net/minecraftforge/api/distmarker/Dist
[Architectury Transformer DEBUG] net/fabricmc/api/Environment -> net/minecraftforge/api/distmarker/OnlyIn
[Architectury Transformer DEBUG] Found class transformer
[Architectury Transformer DEBUG] Writing com/onewhohears/dscombat/client/util/UtilClientSafeSounds with maxs=true frames=true
[Architectury Transformer DEBUG] Transformed com/onewhohears/dscombat/client/util/UtilClientSafeSounds in 3.478 ms
[Architectury Transformer DEBUG] Transforming from com/onewhohears/dscombat/client/util/UtilClientSafeSounds$1.class to com/onewhohears/dscombat/client/util/UtilClientSafeSounds$1.class with 8 transformer(s) on dev.architectury.transformer.handler.TinyRemapperPreparedTransformerHandler
[Architectury Transformer DEBUG] Remapping with 1 mapping provider(s):
[Architectury Transformer DEBUG]  - dev.architectury.transformer.transformers.TransformForgeEnvironment$$Lambda/0x000001de0808e008@120d3fd
[Architectury Transformer DEBUG] Remapping Classes:
[Architectury Transformer DEBUG] net/fabricmc/api/EnvType -> net/minecraftforge/api/distmarker/Dist
[Architectury Transformer DEBUG] net/fabricmc/api/Environment -> net/minecraftforge/api/distmarker/OnlyIn
[Architectury Transformer DEBUG] Found class transformer
[Architectury Transformer DEBUG] Writing com/onewhohears/dscombat/client/util/UtilClientSafeSounds$1 with maxs=true frames=true
[Architectury Transformer DEBUG] Transformed com/onewhohears/dscombat/client/util/UtilClientSafeSounds$1 in 4.924 ms
[Architectury Transformer DEBUG] Transforming from com/onewhohears/dscombat/client/util/UtilParticles.class to com/onewhohears/dscombat/client/util/UtilParticles.class with 8 transformer(s) on dev.architectury.transformer.handler.TinyRemapperPreparedTransformerHandler
[Architectury Transformer DEBUG] Remapping with 1 mapping provider(s):
[Architectury Transformer DEBUG]  - dev.architectury.transformer.transformers.TransformForgeEnvironment$$Lambda/0x000001de0808e008@120d3fd
[Architectury Transformer DEBUG] Remapping Classes:
[Architectury Transformer DEBUG] net/fabricmc/api/EnvType -> net/minecraftforge/api/distmarker/Dist
[Architectury Transformer DEBUG] net/fabricmc/api/Environment -> net/minecraftforge/api/distmarker/OnlyIn
[Architectury Transformer DEBUG] Found class transformer
[Architectury Transformer DEBUG] Writing com/onewhohears/dscombat/client/util/UtilParticles with maxs=true frames=true
[Architectury Transformer DEBUG] Transformed com/onewhohears/dscombat/client/util/UtilParticles in 5.928 ms
[Architectury Transformer DEBUG] Transforming from com/onewhohears/dscombat/client/overlay/OverlayController.class to com/onewhohears/dscombat/client/overlay/OverlayController.class with 8 transformer(s) on dev.architectury.transformer.handler.TinyRemapperPreparedTransformerHandler
[Architectury Transformer DEBUG] Remapping with 1 mapping provider(s):
[Architectury Transformer DEBUG]  - dev.architectury.transformer.transformers.TransformForgeEnvironment$$Lambda/0x000001de0808e008@120d3fd
[Architectury Transformer DEBUG] Remapping Classes:
[Architectury Transformer DEBUG] net/fabricmc/api/EnvType -> net/minecraftforge/api/distmarker/Dist
[Architectury Transformer DEBUG] net/fabricmc/api/Environment -> net/minecraftforge/api/distmarker/OnlyIn
[Architectury Transformer DEBUG] Found class transformer
[Architectury Transformer DEBUG] Writing com/onewhohears/dscombat/client/overlay/OverlayController with maxs=true frames=true
[Architectury Transformer DEBUG] Transformed com/onewhohears/dscombat/client/overlay/OverlayController in 4.840 ms
[Architectury Transformer DEBUG] Transforming from com/onewhohears/dscombat/client/event/ClientRenderEventHandlers.class to com/onewhohears/dscombat/client/event/ClientRenderEventHandlers.class with 8 transformer(s) on dev.architectury.transformer.handler.TinyRemapperPreparedTransformerHandler
[Architectury Transformer DEBUG] Remapping with 1 mapping provider(s):
[Architectury Transformer DEBUG]  - dev.architectury.transformer.transformers.TransformForgeEnvironment$$Lambda/0x000001de0808e008@120d3fd
[Architectury Transformer DEBUG] Remapping Classes:
[Architectury Transformer DEBUG] net/fabricmc/api/EnvType -> net/minecraftforge/api/distmarker/Dist
[Architectury Transformer DEBUG] net/fabricmc/api/Environment -> net/minecraftforge/api/distmarker/OnlyIn
[Architectury Transformer DEBUG] Found class transformer
[Architectury Transformer DEBUG] Writing com/onewhohears/dscombat/client/event/ClientRenderEventHandlers with maxs=true frames=true
[Architectury Transformer DEBUG] Transformed com/onewhohears/dscombat/client/event/ClientRenderEventHandlers in 6.568 ms
[Architectury Transformer DEBUG] Transforming from com/onewhohears/dscombat/client/overlay/WindTunnelOverlay.class to com/onewhohears/dscombat/client/overlay/WindTunnelOverlay.class with 8 transformer(s) on dev.architectury.transformer.handler.TinyRemapperPreparedTransformerHandler
[Architectury Transformer DEBUG] Remapping with 1 mapping provider(s):
[Architectury Transformer DEBUG]  - dev.architectury.transformer.transformers.TransformForgeEnvironment$$Lambda/0x000001de0808e008@120d3fd
[Architectury Transformer DEBUG] Remapping Classes:
[Architectury Transformer DEBUG] net/fabricmc/api/EnvType -> net/minecraftforge/api/distmarker/Dist
[Architectury Transformer DEBUG] net/fabricmc/api/Environment -> net/minecraftforge/api/distmarker/OnlyIn
[Architectury Transformer DEBUG] Found class transformer
[Architectury Transformer DEBUG] Writing com/onewhohears/dscombat/client/overlay/WindTunnelOverlay with maxs=true frames=true
[Architectury Transformer DEBUG] Transformed com/onewhohears/dscombat/client/overlay/WindTunnelOverlay in 5.702 ms
[Architectury Transformer DEBUG] Transforming from com/onewhohears/dscombat/client/entityscreen/VehicleScreenMapReader.class to com/onewhohears/dscombat/client/entityscreen/VehicleScreenMapReader.class with 8 transformer(s) on dev.architectury.transformer.handler.TinyRemapperPreparedTransformerHandler
[Architectury Transformer DEBUG] Remapping with 1 mapping provider(s):
[Architectury Transformer DEBUG]  - dev.architectury.transformer.transformers.TransformForgeEnvironment$$Lambda/0x000001de0808e008@120d3fd
[Architectury Transformer DEBUG] Remapping Classes:
[Architectury Transformer DEBUG] net/fabricmc/api/EnvType -> net/minecraftforge/api/distmarker/Dist
[Architectury Transformer DEBUG] net/fabricmc/api/Environment -> net/minecraftforge/api/distmarker/OnlyIn
[Architectury Transformer DEBUG] Found class transformer
[Architectury Transformer DEBUG] Writing com/onewhohears/dscombat/client/entityscreen/VehicleScreenMapReader with maxs=true frames=true
[Architectury Transformer DEBUG] Transformed com/onewhohears/dscombat/client/entityscreen/VehicleScreenMapReader in 10.47 ms
[Architectury Transformer DEBUG] Transforming from com/onewhohears/dscombat/client/entityscreen/VehicleScreenMapReader$VehicleScreenUV.class to com/onewhohears/dscombat/client/entityscreen/VehicleScreenMapReader$VehicleScreenUV.class with 8 transformer(s) on dev.architectury.transformer.handler.TinyRemapperPreparedTransformerHandler
[Architectury Transformer DEBUG] Remapping with 1 mapping provider(s):
[Architectury Transformer DEBUG]  - dev.architectury.transformer.transformers.TransformForgeEnvironment$$Lambda/0x000001de0808e008@120d3fd
[Architectury Transformer DEBUG] Remapping Classes:
[Architectury Transformer DEBUG] net/fabricmc/api/EnvType -> net/minecraftforge/api/distmarker/Dist
[Architectury Transformer DEBUG] net/fabricmc/api/Environment -> net/minecraftforge/api/distmarker/OnlyIn
[Architectury Transformer DEBUG] Found class transformer
[Architectury Transformer DEBUG] Writing com/onewhohears/dscombat/client/entityscreen/VehicleScreenMapReader$VehicleScreenUV with maxs=true frames=true
[Architectury Transformer DEBUG] Transformed com/onewhohears/dscombat/client/entityscreen/VehicleScreenMapReader$VehicleScreenUV in 11.16 ms
[Architectury Transformer DEBUG] Transforming from com/onewhohears/dscombat/data/vehicle/EntityScreenData.class to com/onewhohears/dscombat/data/vehicle/EntityScreenData.class with 8 transformer(s) on dev.architectury.transformer.handler.TinyRemapperPreparedTransformerHandler
[Architectury Transformer DEBUG] Remapping with 1 mapping provider(s):
[Architectury Transformer DEBUG]  - dev.architectury.transformer.transformers.TransformForgeEnvironment$$Lambda/0x000001de0808e008@120d3fd
[Architectury Transformer DEBUG] Remapping Classes:
[Architectury Transformer DEBUG] net/fabricmc/api/EnvType -> net/minecraftforge/api/distmarker/Dist
[Architectury Transformer DEBUG] net/fabricmc/api/Environment -> net/minecraftforge/api/distmarker/OnlyIn
[Architectury Transformer DEBUG] Found class transformer
[Architectury Transformer DEBUG] Writing com/onewhohears/dscombat/data/vehicle/EntityScreenData with maxs=true frames=true
[Architectury Transformer DEBUG] Transformed com/onewhohears/dscombat/data/vehicle/EntityScreenData in 6.013 ms
[Architectury Transformer DEBUG] Transforming from com/onewhohears/dscombat/client/renderer/PartsDebugRenderer.class to com/onewhohears/dscombat/client/renderer/PartsDebugRenderer.class with 8 transformer(s) on dev.architectury.transformer.handler.TinyRemapperPreparedTransformerHandler
[Architectury Transformer DEBUG] Remapping with 1 mapping provider(s):
[Architectury Transformer DEBUG]  - dev.architectury.transformer.transformers.TransformForgeEnvironment$$Lambda/0x000001de0808e008@120d3fd
[Architectury Transformer DEBUG] Remapping Classes:
[Architectury Transformer DEBUG] net/fabricmc/api/EnvType -> net/minecraftforge/api/distmarker/Dist
[Architectury Transformer DEBUG] net/fabricmc/api/Environment -> net/minecraftforge/api/distmarker/OnlyIn
[Architectury Transformer DEBUG] Found class transformer
[Architectury Transformer DEBUG] Writing com/onewhohears/dscombat/client/renderer/PartsDebugRenderer with maxs=true frames=true
[Architectury Transformer DEBUG] Transformed com/onewhohears/dscombat/client/renderer/PartsDebugRenderer in 5.529 ms
[Architectury Transformer DEBUG] Transforming from com/onewhohears/dscombat/client/model/obj/customanims/VehicleModelTransforms$InputAxis.class to com/onewhohears/dscombat/client/model/obj/customanims/VehicleModelTransforms$InputAxis.class with 8 transformer(s) on dev.architectury.transformer.handler.TinyRemapperPreparedTransformerHandler
[Architectury Transformer DEBUG] Remapping with 1 mapping provider(s):
[Architectury Transformer DEBUG]  - dev.architectury.transformer.transformers.TransformForgeEnvironment$$Lambda/0x000001de0808e008@120d3fd
[Architectury Transformer DEBUG] Remapping Classes:
[Architectury Transformer DEBUG] net/fabricmc/api/EnvType -> net/minecraftforge/api/distmarker/Dist
[Architectury Transformer DEBUG] net/fabricmc/api/Environment -> net/minecraftforge/api/distmarker/OnlyIn
[Architectury Transformer DEBUG] Found class transformer
[Architectury Transformer DEBUG] Writing com/onewhohears/dscombat/client/model/obj/customanims/VehicleModelTransforms$InputAxis with maxs=true frames=true
[Architectury Transformer DEBUG] Transformed com/onewhohears/dscombat/client/model/obj/customanims/VehicleModelTransforms$InputAxis in 11.04 ms
[Architectury Transformer DEBUG] Transforming from com/onewhohears/dscombat/client/model/obj/customanims/VehicleModelTransforms$InputFactory.class to com/onewhohears/dscombat/client/model/obj/customanims/VehicleModelTransforms$InputFactory.class with 8 transformer(s) on dev.architectury.transformer.handler.TinyRemapperPreparedTransformerHandler
[Architectury Transformer DEBUG] Remapping with 1 mapping provider(s):
[Architectury Transformer DEBUG]  - dev.architectury.transformer.transformers.TransformForgeEnvironment$$Lambda/0x000001de0808e008@120d3fd
[Architectury Transformer DEBUG] Remapping Classes:
[Architectury Transformer DEBUG] net/fabricmc/api/EnvType -> net/minecraftforge/api/distmarker/Dist
[Architectury Transformer DEBUG] net/fabricmc/api/Environment -> net/minecraftforge/api/distmarker/OnlyIn
[Architectury Transformer DEBUG] Found class transformer
[Architectury Transformer DEBUG] Writing com/onewhohears/dscombat/client/model/obj/customanims/VehicleModelTransforms$InputFactory with maxs=true frames=true
[Architectury Transformer DEBUG] Transformed com/onewhohears/dscombat/client/model/obj/customanims/VehicleModelTransforms$InputFactory in 9.690 ms
[Architectury Transformer DEBUG] Transforming from com/onewhohears/dscombat/client/model/obj/customanims/VehicleModelTransforms.class to com/onewhohears/dscombat/client/model/obj/customanims/VehicleModelTransforms.class with 8 transformer(s) on dev.architectury.transformer.handler.TinyRemapperPreparedTransformerHandler
[Architectury Transformer DEBUG] Remapping with 1 mapping provider(s):
[Architectury Transformer DEBUG]  - dev.architectury.transformer.transformers.TransformForgeEnvironment$$Lambda/0x000001de0808e008@120d3fd
[Architectury Transformer DEBUG] Remapping Classes:
[Architectury Transformer DEBUG] net/fabricmc/api/EnvType -> net/minecraftforge/api/distmarker/Dist
[Architectury Transformer DEBUG] net/fabricmc/api/Environment -> net/minecraftforge/api/distmarker/OnlyIn
[Architectury Transformer DEBUG] Found class transformer
[Architectury Transformer DEBUG] Writing com/onewhohears/dscombat/client/model/obj/customanims/VehicleModelTransforms with maxs=true frames=true
[Architectury Transformer DEBUG] Transformed com/onewhohears/dscombat/client/model/obj/customanims/VehicleModelTransforms in 7.743 ms
[Architectury Transformer DEBUG] Transforming from com/onewhohears/dscombat/util/math/RotableAABB.class to com/onewhohears/dscombat/util/math/RotableAABB.class with 8 transformer(s) on dev.architectury.transformer.handler.TinyRemapperPreparedTransformerHandler
[Architectury Transformer DEBUG] Remapping with 1 mapping provider(s):
[Architectury Transformer DEBUG]  - dev.architectury.transformer.transformers.TransformForgeEnvironment$$Lambda/0x000001de0808e008@120d3fd
[Architectury Transformer DEBUG] Remapping Classes:
[Architectury Transformer DEBUG] net/fabricmc/api/EnvType -> net/minecraftforge/api/distmarker/Dist
[Architectury Transformer DEBUG] net/fabricmc/api/Environment -> net/minecraftforge/api/distmarker/OnlyIn
[Architectury Transformer DEBUG] Found class transformer
[Architectury Transformer DEBUG] Writing com/onewhohears/dscombat/util/math/RotableAABB with maxs=true frames=true
[Architectury Transformer DEBUG] Transformed com/onewhohears/dscombat/util/math/RotableAABB in 7.502 ms
[Architectury Transformer DEBUG] Transforming from com/onewhohears/dscombat/common/container/slot/MissileSlot.class to com/onewhohears/dscombat/common/container/slot/MissileSlot.class with 8 transformer(s) on dev.architectury.transformer.handler.TinyRemapperPreparedTransformerHandler
[Architectury Transformer DEBUG] Remapping with 1 mapping provider(s):
[Architectury Transformer DEBUG]  - dev.architectury.transformer.transformers.TransformForgeEnvironment$$Lambda/0x000001de0808e008@120d3fd
[Architectury Transformer DEBUG] Remapping Classes:
[Architectury Transformer DEBUG] net/fabricmc/api/EnvType -> net/minecraftforge/api/distmarker/Dist
[Architectury Transformer DEBUG] net/fabricmc/api/Environment -> net/minecraftforge/api/distmarker/OnlyIn
[Architectury Transformer DEBUG] Found class transformer
[Architectury Transformer DEBUG] Writing com/onewhohears/dscombat/common/container/slot/MissileSlot with maxs=true frames=true
[Architectury Transformer DEBUG] Transformed com/onewhohears/dscombat/common/container/slot/MissileSlot in 5.340 ms
[Architectury Transformer DEBUG] Transforming from com/onewhohears/dscombat/common/container/menu/MissileLaunchStationContainerMenu$InventoryWrapper.class to com/onewhohears/dscombat/common/container/menu/MissileLaunchStationContainerMenu$InventoryWrapper.class with 8 transformer(s) on dev.architectury.transformer.handler.TinyRemapperPreparedTransformerHandler
[Architectury Transformer DEBUG] Remapping with 1 mapping provider(s):
[Architectury Transformer DEBUG]  - dev.architectury.transformer.transformers.TransformForgeEnvironment$$Lambda/0x000001de0808e008@120d3fd
[Architectury Transformer DEBUG] Remapping Classes:
[Architectury Transformer DEBUG] net/fabricmc/api/EnvType -> net/minecraftforge/api/distmarker/Dist
[Architectury Transformer DEBUG] net/fabricmc/api/Environment -> net/minecraftforge/api/distmarker/OnlyIn
[Architectury Transformer DEBUG] Found class transformer
[Architectury Transformer DEBUG] Writing com/onewhohears/dscombat/common/container/menu/MissileLaunchStationContainerMenu$InventoryWrapper with maxs=true frames=true
[Architectury Transformer DEBUG] Transformed com/onewhohears/dscombat/common/container/menu/MissileLaunchStationContainerMenu$InventoryWrapper in 3.419 ms
[Architectury Transformer DEBUG] Transforming from com/onewhohears/dscombat/data/weapon/client/WeaponClientStats$Builder.class to com/onewhohears/dscombat/data/weapon/client/WeaponClientStats$Builder.class with 8 transformer(s) on dev.architectury.transformer.handler.TinyRemapperPreparedTransformerHandler
[Architectury Transformer DEBUG] Remapping with 1 mapping provider(s):
[Architectury Transformer DEBUG]  - dev.architectury.transformer.transformers.TransformForgeEnvironment$$Lambda/0x000001de0808e008@120d3fd
[Architectury Transformer DEBUG] Remapping Classes:
[Architectury Transformer DEBUG] net/fabricmc/api/EnvType -> net/minecraftforge/api/distmarker/Dist
[Architectury Transformer DEBUG] net/fabricmc/api/Environment -> net/minecraftforge/api/distmarker/OnlyIn
[Architectury Transformer DEBUG] Found class transformer
[Architectury Transformer DEBUG] Writing com/onewhohears/dscombat/data/weapon/client/WeaponClientStats$Builder with maxs=true frames=true
[Architectury Transformer DEBUG] Transformed com/onewhohears/dscombat/data/weapon/client/WeaponClientStats$Builder in 3.456 ms
[Architectury Transformer DEBUG] Transforming from com/onewhohears/dscombat/entity/damagesource/WeaponDamageSource.class to com/onewhohears/dscombat/entity/damagesource/WeaponDamageSource.class with 8 transformer(s) on dev.architectury.transformer.handler.TinyRemapperPreparedTransformerHandler
[Architectury Transformer DEBUG] Remapping with 1 mapping provider(s):
[Architectury Transformer DEBUG]  - dev.architectury.transformer.transformers.TransformForgeEnvironment$$Lambda/0x000001de0808e008@120d3fd
[Architectury Transformer DEBUG] Remapping Classes:
[Architectury Transformer DEBUG] net/fabricmc/api/EnvType -> net/minecraftforge/api/distmarker/Dist
[Architectury Transformer DEBUG] net/fabricmc/api/Environment -> net/minecraftforge/api/distmarker/OnlyIn
[Architectury Transformer DEBUG] Found class transformer
[Architectury Transformer DEBUG] Writing com/onewhohears/dscombat/entity/damagesource/WeaponDamageSource with maxs=true frames=true
[Architectury Transformer DEBUG] Transformed com/onewhohears/dscombat/entity/damagesource/WeaponDamageSource in 4.697 ms
[Architectury Transformer DEBUG] Transforming from com/onewhohears/dscombat/client/sounds/DopplerSoundInstance.class to com/onewhohears/dscombat/client/sounds/DopplerSoundInstance.class with 8 transformer(s) on dev.architectury.transformer.handler.TinyRemapperPreparedTransformerHandler
[Architectury Transformer DEBUG] Remapping with 1 mapping provider(s):
[Architectury Transformer DEBUG]  - dev.architectury.transformer.transformers.TransformForgeEnvironment$$Lambda/0x000001de0808e008@120d3fd
[Architectury Transformer DEBUG] Remapping Classes:
[Architectury Transformer DEBUG] net/fabricmc/api/EnvType -> net/minecraftforge/api/distmarker/Dist
[Architectury Transformer DEBUG] net/fabricmc/api/Environment -> net/minecraftforge/api/distmarker/OnlyIn
[Architectury Transformer DEBUG] Found class transformer
[Architectury Transformer DEBUG] Writing com/onewhohears/dscombat/client/sounds/DopplerSoundInstance with maxs=true frames=true
[Architectury Transformer DEBUG] Transformed com/onewhohears/dscombat/client/sounds/DopplerSoundInstance in 3.808 ms
[Architectury Transformer DEBUG] Transforming from com/onewhohears/dscombat/data/vehicle/VehicleTextureManager$BlendMode.class to com/onewhohears/dscombat/data/vehicle/VehicleTextureManager$BlendMode.class with 8 transformer(s) on dev.architectury.transformer.handler.TinyRemapperPreparedTransformerHandler
[Architectury Transformer DEBUG] Remapping with 1 mapping provider(s):
[Architectury Transformer DEBUG]  - dev.architectury.transformer.transformers.TransformForgeEnvironment$$Lambda/0x000001de0808e008@120d3fd
[Architectury Transformer DEBUG] Remapping Classes:
[Architectury Transformer DEBUG] net/fabricmc/api/EnvType -> net/minecraftforge/api/distmarker/Dist
[Architectury Transformer DEBUG] net/fabricmc/api/Environment -> net/minecraftforge/api/distmarker/OnlyIn
[Architectury Transformer DEBUG] Found class transformer
[Architectury Transformer DEBUG] Writing com/onewhohears/dscombat/data/vehicle/VehicleTextureManager$BlendMode with maxs=true frames=true
[Architectury Transformer DEBUG] Transformed com/onewhohears/dscombat/data/vehicle/VehicleTextureManager$BlendMode in 34.30 ms
[Architectury Transformer DEBUG] Transforming from com/onewhohears/dscombat/data/radar/RadarStats$RadarPing.class to com/onewhohears/dscombat/data/radar/RadarStats$RadarPing.class with 8 transformer(s) on dev.architectury.transformer.handler.TinyRemapperPreparedTransformerHandler
[Architectury Transformer DEBUG] Remapping with 1 mapping provider(s):
[Architectury Transformer DEBUG]  - dev.architectury.transformer.transformers.TransformForgeEnvironment$$Lambda/0x000001de0808e008@120d3fd
[Architectury Transformer DEBUG] Remapping Classes:
[Architectury Transformer DEBUG] net/fabricmc/api/EnvType -> net/minecraftforge/api/distmarker/Dist
[Architectury Transformer DEBUG] net/fabricmc/api/Environment -> net/minecraftforge/api/distmarker/OnlyIn
[Architectury Transformer DEBUG] Found class transformer
[Architectury Transformer DEBUG] Writing com/onewhohears/dscombat/data/radar/RadarStats$RadarPing with maxs=true frames=true
[Architectury Transformer DEBUG] Transformed com/onewhohears/dscombat/data/radar/RadarStats$RadarPing in 25.41 ms
[Architectury Transformer DEBUG] Transforming from com/onewhohears/dscombat/data/radar/RadarStats$PingTerrainType.class to com/onewhohears/dscombat/data/radar/RadarStats$PingTerrainType.class with 8 transformer(s) on dev.architectury.transformer.handler.TinyRemapperPreparedTransformerHandler
[Architectury Transformer DEBUG] Remapping with 1 mapping provider(s):
[Architectury Transformer DEBUG]  - dev.architectury.transformer.transformers.TransformForgeEnvironment$$Lambda/0x000001de0808e008@120d3fd
[Architectury Transformer DEBUG] Remapping Classes:
[Architectury Transformer DEBUG] net/fabricmc/api/EnvType -> net/minecraftforge/api/distmarker/Dist
[Architectury Transformer DEBUG] net/fabricmc/api/Environment -> net/minecraftforge/api/distmarker/OnlyIn
[Architectury Transformer DEBUG] Found class transformer
[Architectury Transformer DEBUG] Writing com/onewhohears/dscombat/data/radar/RadarStats$PingTerrainType with maxs=true frames=true
[Architectury Transformer DEBUG] Transformed com/onewhohears/dscombat/data/radar/RadarStats$PingTerrainType in 25.01 ms
[Architectury Transformer DEBUG] Transforming from com/onewhohears/dscombat/data/radar/RadarStats$PingEntityType.class to com/onewhohears/dscombat/data/radar/RadarStats$PingEntityType.class with 8 transformer(s) on dev.architectury.transformer.handler.TinyRemapperPreparedTransformerHandler
[Architectury Transformer DEBUG] Remapping with 1 mapping provider(s):
[Architectury Transformer DEBUG]  - dev.architectury.transformer.transformers.TransformForgeEnvironment$$Lambda/0x000001de0808e008@120d3fd
[Architectury Transformer DEBUG] Remapping Classes:
[Architectury Transformer DEBUG] net/fabricmc/api/EnvType -> net/minecraftforge/api/distmarker/Dist
[Architectury Transformer DEBUG] net/fabricmc/api/Environment -> net/minecraftforge/api/distmarker/OnlyIn
[Architectury Transformer DEBUG] Found class transformer
[Architectury Transformer DEBUG] Writing com/onewhohears/dscombat/data/radar/RadarStats$PingEntityType with maxs=true frames=true
[Architectury Transformer DEBUG] Transformed com/onewhohears/dscombat/data/radar/RadarStats$PingEntityType in 24.16 ms
[Architectury Transformer DEBUG] Transforming from com/onewhohears/dscombat/client/util/UtilClientPacket.class to com/onewhohears/dscombat/client/util/UtilClientPacket.class with 8 transformer(s) on dev.architectury.transformer.handler.TinyRemapperPreparedTransformerHandler
[Architectury Transformer DEBUG] Remapping with 1 mapping provider(s):
[Architectury Transformer DEBUG]  - dev.architectury.transformer.transformers.TransformForgeEnvironment$$Lambda/0x000001de0808e008@120d3fd
[Architectury Transformer DEBUG] Remapping Classes:
[Architectury Transformer DEBUG] net/fabricmc/api/EnvType -> net/minecraftforge/api/distmarker/Dist
[Architectury Transformer DEBUG] net/fabricmc/api/Environment -> net/minecraftforge/api/distmarker/OnlyIn
[Architectury Transformer DEBUG] Found class transformer
[Architectury Transformer DEBUG] Writing com/onewhohears/dscombat/client/util/UtilClientPacket with maxs=true frames=true
[Architectury Transformer DEBUG] Transformed com/onewhohears/dscombat/client/util/UtilClientPacket in 26.46 ms
[Architectury Transformer DEBUG] Transforming from com/onewhohears/dscombat/client/screen/VehiclePaintScreen.class to com/onewhohears/dscombat/client/screen/VehiclePaintScreen.class with 8 transformer(s) on dev.architectury.transformer.handler.TinyRemapperPreparedTransformerHandler
[Architectury Transformer DEBUG] Remapping with 1 mapping provider(s):
[Architectury Transformer DEBUG]  - dev.architectury.transformer.transformers.TransformForgeEnvironment$$Lambda/0x000001de0808e008@120d3fd
[Architectury Transformer DEBUG] Remapping Classes:
[Architectury Transformer DEBUG] net/fabricmc/api/EnvType -> net/minecraftforge/api/distmarker/Dist
[Architectury Transformer DEBUG] net/fabricmc/api/Environment -> net/minecraftforge/api/distmarker/OnlyIn
[Architectury Transformer DEBUG] Found class transformer
[Architectury Transformer DEBUG] Writing com/onewhohears/dscombat/client/screen/VehiclePaintScreen with maxs=true frames=true
[Architectury Transformer DEBUG] Transformed com/onewhohears/dscombat/client/screen/VehiclePaintScreen in 21.86 ms
[Architectury Transformer DEBUG] Transforming from com/onewhohears/dscombat/client/screen/DecalScreen.class to com/onewhohears/dscombat/client/screen/DecalScreen.class with 8 transformer(s) on dev.architectury.transformer.handler.TinyRemapperPreparedTransformerHandler
[Architectury Transformer DEBUG] Remapping with 1 mapping provider(s):
[Architectury Transformer DEBUG]  - dev.architectury.transformer.transformers.TransformForgeEnvironment$$Lambda/0x000001de0808e008@120d3fd
[Architectury Transformer DEBUG] Remapping Classes:
[Architectury Transformer DEBUG] net/fabricmc/api/EnvType -> net/minecraftforge/api/distmarker/Dist
[Architectury Transformer DEBUG] net/fabricmc/api/Environment -> net/minecraftforge/api/distmarker/OnlyIn
[Architectury Transformer DEBUG] Found class transformer
[Architectury Transformer DEBUG] Writing com/onewhohears/dscombat/client/screen/DecalScreen with maxs=true frames=true
[Architectury Transformer DEBUG] Transformed com/onewhohears/dscombat/client/screen/DecalScreen in 25.33 ms
[Architectury Transformer DEBUG] Transforming from com/onewhohears/dscombat/entity/vehicle/EntityVehicle$EntityCollideInfo.class to com/onewhohears/dscombat/entity/vehicle/EntityVehicle$EntityCollideInfo.class with 8 transformer(s) on dev.architectury.transformer.handler.TinyRemapperPreparedTransformerHandler
[Architectury Transformer DEBUG] Remapping with 1 mapping provider(s):
[Architectury Transformer DEBUG]  - dev.architectury.transformer.transformers.TransformForgeEnvironment$$Lambda/0x000001de0808e008@120d3fd
[Architectury Transformer DEBUG] Remapping Classes:
[Architectury Transformer DEBUG] net/fabricmc/api/EnvType -> net/minecraftforge/api/distmarker/Dist
[Architectury Transformer DEBUG] net/fabricmc/api/Environment -> net/minecraftforge/api/distmarker/OnlyIn
[Architectury Transformer DEBUG] Found class transformer
[Architectury Transformer DEBUG] Writing com/onewhohears/dscombat/entity/vehicle/EntityVehicle$EntityCollideInfo with maxs=true frames=true
[Architectury Transformer DEBUG] Transformed com/onewhohears/dscombat/entity/vehicle/EntityVehicle$EntityCollideInfo in 21.20 ms
[Architectury Transformer DEBUG] Transforming from com/onewhohears/dscombat/entity/vehicle/EntityVehicle$CollideInfo.class to com/onewhohears/dscombat/entity/vehicle/EntityVehicle$CollideInfo.class with 8 transformer(s) on dev.architectury.transformer.handler.TinyRemapperPreparedTransformerHandler
[Architectury Transformer DEBUG] Remapping with 1 mapping provider(s):
[Architectury Transformer DEBUG]  - dev.architectury.transformer.transformers.TransformForgeEnvironment$$Lambda/0x000001de0808e008@120d3fd
[Architectury Transformer DEBUG] Remapping Classes:
[Architectury Transformer DEBUG] net/fabricmc/api/EnvType -> net/minecraftforge/api/distmarker/Dist
[Architectury Transformer DEBUG] net/fabricmc/api/Environment -> net/minecraftforge/api/distmarker/OnlyIn
[Architectury Transformer DEBUG] Found class transformer
[Architectury Transformer DEBUG] Writing com/onewhohears/dscombat/entity/vehicle/EntityVehicle$CollideInfo with maxs=true frames=true
[Architectury Transformer DEBUG] Transformed com/onewhohears/dscombat/entity/vehicle/EntityVehicle$CollideInfo in 20.43 ms
[Architectury Transformer DEBUG] Transforming from com/onewhohears/dscombat/data/weapon/stats/WeaponStats$WeaponClientImpactType.class to com/onewhohears/dscombat/data/weapon/stats/WeaponStats$WeaponClientImpactType.class with 8 transformer(s) on dev.architectury.transformer.handler.TinyRemapperPreparedTransformerHandler
[Architectury Transformer DEBUG] Remapping with 1 mapping provider(s):
[Architectury Transformer DEBUG]  - dev.architectury.transformer.transformers.TransformForgeEnvironment$$Lambda/0x000001de0808e008@120d3fd
[Architectury Transformer DEBUG] Remapping Classes:
[Architectury Transformer DEBUG] net/fabricmc/api/EnvType -> net/minecraftforge/api/distmarker/Dist
[Architectury Transformer DEBUG] net/fabricmc/api/Environment -> net/minecraftforge/api/distmarker/OnlyIn
[Architectury Transformer DEBUG] Found class transformer
[Architectury Transformer DEBUG] Writing com/onewhohears/dscombat/data/weapon/stats/WeaponStats$WeaponClientImpactType with maxs=true frames=true
[Architectury Transformer DEBUG] Transformed com/onewhohears/dscombat/data/weapon/stats/WeaponStats$WeaponClientImpactType in 17.84 ms
[Architectury Transformer DEBUG] Transforming from com/onewhohears/dscombat/data/vehicle/client/VehicleClientStats$Builder.class to com/onewhohears/dscombat/data/vehicle/client/VehicleClientStats$Builder.class with 8 transformer(s) on dev.architectury.transformer.handler.TinyRemapperPreparedTransformerHandler
[Architectury Transformer DEBUG] Remapping with 1 mapping provider(s):
[Architectury Transformer DEBUG]  - dev.architectury.transformer.transformers.TransformForgeEnvironment$$Lambda/0x000001de0808e008@120d3fd
[Architectury Transformer DEBUG] Remapping Classes:
[Architectury Transformer DEBUG] net/fabricmc/api/EnvType -> net/minecraftforge/api/distmarker/Dist
[Architectury Transformer DEBUG] net/fabricmc/api/Environment -> net/minecraftforge/api/distmarker/OnlyIn
[Architectury Transformer DEBUG] Found class transformer
[Architectury Transformer DEBUG] Writing com/onewhohears/dscombat/data/vehicle/client/VehicleClientStats$Builder with maxs=true frames=true
[Architectury Transformer DEBUG] Transformed com/onewhohears/dscombat/data/vehicle/client/VehicleClientStats$Builder in 5.540 ms
[Architectury Transformer DEBUG] Transforming from com/onewhohears/dscombat/client/sounds/VehicleEngineSoundInstance.class to com/onewhohears/dscombat/client/sounds/VehicleEngineSoundInstance.class with 8 transformer(s) on dev.architectury.transformer.handler.TinyRemapperPreparedTransformerHandler
[Architectury Transformer DEBUG] Remapping with 1 mapping provider(s):
[Architectury Transformer DEBUG]  - dev.architectury.transformer.transformers.TransformForgeEnvironment$$Lambda/0x000001de0808e008@120d3fd
[Architectury Transformer DEBUG] Remapping Classes:
[Architectury Transformer DEBUG] net/fabricmc/api/EnvType -> net/minecraftforge/api/distmarker/Dist
[Architectury Transformer DEBUG] net/fabricmc/api/Environment -> net/minecraftforge/api/distmarker/OnlyIn
[Architectury Transformer DEBUG] Found class transformer
[Architectury Transformer DEBUG] Writing com/onewhohears/dscombat/client/sounds/VehicleEngineSoundInstance with maxs=true frames=true
[Architectury Transformer DEBUG] Transformed com/onewhohears/dscombat/client/sounds/VehicleEngineSoundInstance in 4.812 ms
[Architectury Transformer DEBUG] Transforming from com/onewhohears/dscombat/client/sounds/AfterBurnerSoundInstance.class to com/onewhohears/dscombat/client/sounds/AfterBurnerSoundInstance.class with 8 transformer(s) on dev.architectury.transformer.handler.TinyRemapperPreparedTransformerHandler
[Architectury Transformer DEBUG] Remapping with 1 mapping provider(s):
[Architectury Transformer DEBUG]  - dev.architectury.transformer.transformers.TransformForgeEnvironment$$Lambda/0x000001de0808e008@120d3fd
[Architectury Transformer DEBUG] Remapping Classes:
[Architectury Transformer DEBUG] net/fabricmc/api/EnvType -> net/minecraftforge/api/distmarker/Dist
[Architectury Transformer DEBUG] net/fabricmc/api/Environment -> net/minecraftforge/api/distmarker/OnlyIn
[Architectury Transformer DEBUG] Found class transformer
[Architectury Transformer DEBUG] Writing com/onewhohears/dscombat/client/sounds/AfterBurnerSoundInstance with maxs=true frames=true
[Architectury Transformer DEBUG] Transformed com/onewhohears/dscombat/client/sounds/AfterBurnerSoundInstance in 3.987 ms
[Architectury Transformer DEBUG] Transforming from com/onewhohears/dscombat/client/sounds/VehicleWindSoundInstance.class to com/onewhohears/dscombat/client/sounds/VehicleWindSoundInstance.class with 8 transformer(s) on dev.architectury.transformer.handler.TinyRemapperPreparedTransformerHandler
[Architectury Transformer DEBUG] Remapping with 1 mapping provider(s):
[Architectury Transformer DEBUG]  - dev.architectury.transformer.transformers.TransformForgeEnvironment$$Lambda/0x000001de0808e008@120d3fd
[Architectury Transformer DEBUG] Remapping Classes:
[Architectury Transformer DEBUG] net/fabricmc/api/EnvType -> net/minecraftforge/api/distmarker/Dist
[Architectury Transformer DEBUG] net/fabricmc/api/Environment -> net/minecraftforge/api/distmarker/OnlyIn
[Architectury Transformer DEBUG] Found class transformer
[Architectury Transformer DEBUG] Writing com/onewhohears/dscombat/client/sounds/VehicleWindSoundInstance with maxs=true frames=true
[Architectury Transformer DEBUG] Transformed com/onewhohears/dscombat/client/sounds/VehicleWindSoundInstance in 9.802 ms
[Architectury Transformer DEBUG] Transforming from com/onewhohears/dscombat/client/input/ClientInputManager$1.class to com/onewhohears/dscombat/client/input/ClientInputManager$1.class with 8 transformer(s) on dev.architectury.transformer.handler.TinyRemapperPreparedTransformerHandler
[Architectury Transformer DEBUG] Remapping with 1 mapping provider(s):
[Architectury Transformer DEBUG]  - dev.architectury.transformer.transformers.TransformForgeEnvironment$$Lambda/0x000001de0808e008@120d3fd
[Architectury Transformer DEBUG] Remapping Classes:
[Architectury Transformer DEBUG] net/fabricmc/api/EnvType -> net/minecraftforge/api/distmarker/Dist
[Architectury Transformer DEBUG] net/fabricmc/api/Environment -> net/minecraftforge/api/distmarker/OnlyIn
[Architectury Transformer DEBUG] Found class transformer
[Architectury Transformer DEBUG] Writing com/onewhohears/dscombat/client/input/ClientInputManager$1 with maxs=true frames=true
[Architectury Transformer DEBUG] Transformed com/onewhohears/dscombat/client/input/ClientInputManager$1 in 5.167 ms
[Architectury Transformer DEBUG] Transforming from com/onewhohears/dscombat/data/radar/RadarSystem$RWRWarning.class to com/onewhohears/dscombat/data/radar/RadarSystem$RWRWarning.class with 8 transformer(s) on dev.architectury.transformer.handler.TinyRemapperPreparedTransformerHandler
[Architectury Transformer DEBUG] Remapping with 1 mapping provider(s):
[Architectury Transformer DEBUG]  - dev.architectury.transformer.transformers.TransformForgeEnvironment$$Lambda/0x000001de0808e008@120d3fd
[Architectury Transformer DEBUG] Remapping Classes:
[Architectury Transformer DEBUG] net/fabricmc/api/EnvType -> net/minecraftforge/api/distmarker/Dist
[Architectury Transformer DEBUG] net/fabricmc/api/Environment -> net/minecraftforge/api/distmarker/OnlyIn
[Architectury Transformer DEBUG] Found class transformer
[Architectury Transformer DEBUG] Writing com/onewhohears/dscombat/data/radar/RadarSystem$RWRWarning with maxs=true frames=true
[Architectury Transformer DEBUG] Transformed com/onewhohears/dscombat/data/radar/RadarSystem$RWRWarning in 7.392 ms
[Architectury Transformer DEBUG] Transforming from com/onewhohears/dscombat/client/renderer/AfterburnerFlameRenderer.class to com/onewhohears/dscombat/client/renderer/AfterburnerFlameRenderer.class with 8 transformer(s) on dev.architectury.transformer.handler.TinyRemapperPreparedTransformerHandler
[Architectury Transformer DEBUG] Remapping with 1 mapping provider(s):
[Architectury Transformer DEBUG]  - dev.architectury.transformer.transformers.TransformForgeEnvironment$$Lambda/0x000001de0808e008@120d3fd
[Architectury Transformer DEBUG] Remapping Classes:
[Architectury Transformer DEBUG] net/fabricmc/api/EnvType -> net/minecraftforge/api/distmarker/Dist
[Architectury Transformer DEBUG] net/fabricmc/api/Environment -> net/minecraftforge/api/distmarker/OnlyIn
[Architectury Transformer DEBUG] Found class transformer
[Architectury Transformer DEBUG] Writing com/onewhohears/dscombat/client/renderer/AfterburnerFlameRenderer with maxs=true frames=true
[Architectury Transformer DEBUG] Transformed com/onewhohears/dscombat/client/renderer/AfterburnerFlameRenderer in 3.867 ms
[Architectury Transformer DEBUG] Transforming from com/onewhohears/dscombat/client/screen/VehicleSubScreen.class to com/onewhohears/dscombat/client/screen/VehicleSubScreen.class with 8 transformer(s) on dev.architectury.transformer.handler.TinyRemapperPreparedTransformerHandler
[Architectury Transformer DEBUG] Remapping with 1 mapping provider(s):
[Architectury Transformer DEBUG]  - dev.architectury.transformer.transformers.TransformForgeEnvironment$$Lambda/0x000001de0808e008@120d3fd
[Architectury Transformer DEBUG] Remapping Classes:
[Architectury Transformer DEBUG] net/fabricmc/api/EnvType -> net/minecraftforge/api/distmarker/Dist
[Architectury Transformer DEBUG] net/fabricmc/api/Environment -> net/minecraftforge/api/distmarker/OnlyIn
[Architectury Transformer DEBUG] Found class transformer
[Architectury Transformer DEBUG] Writing com/onewhohears/dscombat/client/screen/VehicleSubScreen with maxs=true frames=true
[Architectury Transformer DEBUG] Transformed com/onewhohears/dscombat/client/screen/VehicleSubScreen in 4.997 ms
[Architectury Transformer DEBUG] Transforming from com/onewhohears/dscombat/client/screen/VehicleJetesinScreen.class to com/onewhohears/dscombat/client/screen/VehicleJetesinScreen.class with 8 transformer(s) on dev.architectury.transformer.handler.TinyRemapperPreparedTransformerHandler
[Architectury Transformer DEBUG] Remapping with 1 mapping provider(s):
[Architectury Transformer DEBUG]  - dev.architectury.transformer.transformers.TransformForgeEnvironment$$Lambda/0x000001de0808e008@120d3fd
[Architectury Transformer DEBUG] Remapping Classes:
[Architectury Transformer DEBUG] net/fabricmc/api/EnvType -> net/minecraftforge/api/distmarker/Dist
[Architectury Transformer DEBUG] net/fabricmc/api/Environment -> net/minecraftforge/api/distmarker/OnlyIn
[Architectury Transformer DEBUG] Found class transformer
[Architectury Transformer DEBUG] Writing com/onewhohears/dscombat/client/screen/VehicleJetesinScreen with maxs=true frames=true
[Architectury Transformer DEBUG] Transformed com/onewhohears/dscombat/client/screen/VehicleJetesinScreen in 3.811 ms
[Architectury Transformer DEBUG] Transforming from com/onewhohears/dscombat/client/screen/VehicleWeaponScreen.class to com/onewhohears/dscombat/client/screen/VehicleWeaponScreen.class with 8 transformer(s) on dev.architectury.transformer.handler.TinyRemapperPreparedTransformerHandler
[Architectury Transformer DEBUG] Remapping with 1 mapping provider(s):
[Architectury Transformer DEBUG]  - dev.architectury.transformer.transformers.TransformForgeEnvironment$$Lambda/0x000001de0808e008@120d3fd
[Architectury Transformer DEBUG] Remapping Classes:
[Architectury Transformer DEBUG] net/fabricmc/api/EnvType -> net/minecraftforge/api/distmarker/Dist
[Architectury Transformer DEBUG] net/fabricmc/api/Environment -> net/minecraftforge/api/distmarker/OnlyIn
[Architectury Transformer DEBUG] Found class transformer
[Architectury Transformer DEBUG] Writing com/onewhohears/dscombat/client/screen/VehicleWeaponScreen with maxs=true frames=true
[Architectury Transformer DEBUG] Transformed com/onewhohears/dscombat/client/screen/VehicleWeaponScreen in 4.981 ms
[Architectury Transformer DEBUG] Transforming from com/onewhohears/dscombat/client/screen/VehicleHealthScreen.class to com/onewhohears/dscombat/client/screen/VehicleHealthScreen.class with 8 transformer(s) on dev.architectury.transformer.handler.TinyRemapperPreparedTransformerHandler
[Architectury Transformer DEBUG] Remapping with 1 mapping provider(s):
[Architectury Transformer DEBUG]  - dev.architectury.transformer.transformers.TransformForgeEnvironment$$Lambda/0x000001de0808e008@120d3fd
[Architectury Transformer DEBUG] Remapping Classes:
[Architectury Transformer DEBUG] net/fabricmc/api/EnvType -> net/minecraftforge/api/distmarker/Dist
[Architectury Transformer DEBUG] net/fabricmc/api/Environment -> net/minecraftforge/api/distmarker/OnlyIn
[Architectury Transformer DEBUG] Found class transformer
[Architectury Transformer DEBUG] Writing com/onewhohears/dscombat/client/screen/VehicleHealthScreen with maxs=true frames=true
[Architectury Transformer DEBUG] Transformed com/onewhohears/dscombat/client/screen/VehicleHealthScreen in 4.164 ms
[Architectury Transformer DEBUG] Transforming from com/onewhohears/dscombat/client/screen/VehicleOtherScreen.class to com/onewhohears/dscombat/client/screen/VehicleOtherScreen.class with 8 transformer(s) on dev.architectury.transformer.handler.TinyRemapperPreparedTransformerHandler
[Architectury Transformer DEBUG] Remapping with 1 mapping provider(s):
[Architectury Transformer DEBUG]  - dev.architectury.transformer.transformers.TransformForgeEnvironment$$Lambda/0x000001de0808e008@120d3fd
[Architectury Transformer DEBUG] Remapping Classes:
[Architectury Transformer DEBUG] net/fabricmc/api/EnvType -> net/minecraftforge/api/distmarker/Dist
[Architectury Transformer DEBUG] net/fabricmc/api/Environment -> net/minecraftforge/api/distmarker/OnlyIn
[Architectury Transformer DEBUG] Found class transformer
[Architectury Transformer DEBUG] Writing com/onewhohears/dscombat/client/screen/VehicleOtherScreen with maxs=true frames=true
[Architectury Transformer DEBUG] Transformed com/onewhohears/dscombat/client/screen/VehicleOtherScreen in 3.621 ms
[Architectury Transformer DEBUG] Transforming from com/onewhohears/dscombat/client/screen/VehicleRadarScreen.class to com/onewhohears/dscombat/client/screen/VehicleRadarScreen.class with 8 transformer(s) on dev.architectury.transformer.handler.TinyRemapperPreparedTransformerHandler
[Architectury Transformer DEBUG] Remapping with 1 mapping provider(s):
[Architectury Transformer DEBUG]  - dev.architectury.transformer.transformers.TransformForgeEnvironment$$Lambda/0x000001de0808e008@120d3fd
[Architectury Transformer DEBUG] Remapping Classes:
[Architectury Transformer DEBUG] net/fabricmc/api/EnvType -> net/minecraftforge/api/distmarker/Dist
[Architectury Transformer DEBUG] net/fabricmc/api/Environment -> net/minecraftforge/api/distmarker/OnlyIn
[Architectury Transformer DEBUG] Found class transformer
[Architectury Transformer DEBUG] Writing com/onewhohears/dscombat/client/screen/VehicleRadarScreen with maxs=true frames=true
[Architectury Transformer DEBUG] Transformed com/onewhohears/dscombat/client/screen/VehicleRadarScreen in 4.223 ms
[Architectury Transformer DEBUG] Transforming from com/onewhohears/dscombat/client/screen/VehicleReloadScreen.class to com/onewhohears/dscombat/client/screen/VehicleReloadScreen.class with 8 transformer(s) on dev.architectury.transformer.handler.TinyRemapperPreparedTransformerHandler
[Architectury Transformer DEBUG] Remapping with 1 mapping provider(s):
[Architectury Transformer DEBUG]  - dev.architectury.transformer.transformers.TransformForgeEnvironment$$Lambda/0x000001de0808e008@120d3fd
[Architectury Transformer DEBUG] Remapping Classes:
[Architectury Transformer DEBUG] net/fabricmc/api/EnvType -> net/minecraftforge/api/distmarker/Dist
[Architectury Transformer DEBUG] net/fabricmc/api/Environment -> net/minecraftforge/api/distmarker/OnlyIn
[Architectury Transformer DEBUG] Found class transformer
[Architectury Transformer DEBUG] Writing com/onewhohears/dscombat/client/screen/VehicleReloadScreen with maxs=true frames=true
[Architectury Transformer DEBUG] Transformed com/onewhohears/dscombat/client/screen/VehicleReloadScreen in 4.496 ms
[Architectury Transformer DEBUG] Transforming from com/onewhohears/dscombat/client/util/UtilClientPacket$ShootType.class to com/onewhohears/dscombat/client/util/UtilClientPacket$ShootType.class with 8 transformer(s) on dev.architectury.transformer.handler.TinyRemapperPreparedTransformerHandler
[Architectury Transformer DEBUG] Remapping with 1 mapping provider(s):
[Architectury Transformer DEBUG]  - dev.architectury.transformer.transformers.TransformForgeEnvironment$$Lambda/0x000001de0808e008@120d3fd
[Architectury Transformer DEBUG] Remapping Classes:
[Architectury Transformer DEBUG] net/fabricmc/api/EnvType -> net/minecraftforge/api/distmarker/Dist
[Architectury Transformer DEBUG] net/fabricmc/api/Environment -> net/minecraftforge/api/distmarker/OnlyIn
[Architectury Transformer DEBUG] Found class transformer
[Architectury Transformer DEBUG] Writing com/onewhohears/dscombat/client/util/UtilClientPacket$ShootType with maxs=true frames=true
[Architectury Transformer DEBUG] Transformed com/onewhohears/dscombat/client/util/UtilClientPacket$ShootType in 4.349 ms
[Architectury Transformer DEBUG] Transforming from com/onewhohears/dscombat/client/renderer/MuzzleFlashRenderer.class to com/onewhohears/dscombat/client/renderer/MuzzleFlashRenderer.class with 8 transformer(s) on dev.architectury.transformer.handler.TinyRemapperPreparedTransformerHandler
[Architectury Transformer DEBUG] Remapping with 1 mapping provider(s):
[Architectury Transformer DEBUG]  - dev.architectury.transformer.transformers.TransformForgeEnvironment$$Lambda/0x000001de0808e008@120d3fd
[Architectury Transformer DEBUG] Remapping Classes:
[Architectury Transformer DEBUG] net/fabricmc/api/EnvType -> net/minecraftforge/api/distmarker/Dist
[Architectury Transformer DEBUG] net/fabricmc/api/Environment -> net/minecraftforge/api/distmarker/OnlyIn
[Architectury Transformer DEBUG] Found class transformer
[Architectury Transformer DEBUG] Writing com/onewhohears/dscombat/client/renderer/MuzzleFlashRenderer with maxs=true frames=true
[Architectury Transformer DEBUG] Transformed com/onewhohears/dscombat/client/renderer/MuzzleFlashRenderer in 6.200 ms
[Architectury Transformer DEBUG] Transforming from com/onewhohears/dscombat/entity/damagesource/WeaponDamageSource$WeaponDamageType.class to com/onewhohears/dscombat/entity/damagesource/WeaponDamageSource$WeaponDamageType.class with 8 transformer(s) on dev.architectury.transformer.handler.TinyRemapperPreparedTransformerHandler
[Architectury Transformer DEBUG] Remapping with 1 mapping provider(s):
[Architectury Transformer DEBUG]  - dev.architectury.transformer.transformers.TransformForgeEnvironment$$Lambda/0x000001de0808e008@120d3fd
[Architectury Transformer DEBUG] Remapping Classes:
[Architectury Transformer DEBUG] net/fabricmc/api/EnvType -> net/minecraftforge/api/distmarker/Dist
[Architectury Transformer DEBUG] net/fabricmc/api/Environment -> net/minecraftforge/api/distmarker/OnlyIn
[Architectury Transformer DEBUG] Found class transformer
[Architectury Transformer DEBUG] Writing com/onewhohears/dscombat/entity/damagesource/WeaponDamageSource$WeaponDamageType with maxs=true frames=true
[Architectury Transformer DEBUG] Transformed com/onewhohears/dscombat/entity/damagesource/WeaponDamageSource$WeaponDamageType in 6.647 ms
[Architectury Transformer DEBUG] Transforming from com/onewhohears/dscombat/entity/damagesource/WeaponDamageSource$RandomDeathMessageFactory.class to com/onewhohears/dscombat/entity/damagesource/WeaponDamageSource$RandomDeathMessageFactory.class with 8 transformer(s) on dev.architectury.transformer.handler.TinyRemapperPreparedTransformerHandler
[Architectury Transformer DEBUG] Remapping with 1 mapping provider(s):
[Architectury Transformer DEBUG]  - dev.architectury.transformer.transformers.TransformForgeEnvironment$$Lambda/0x000001de0808e008@120d3fd
[Architectury Transformer DEBUG] Remapping Classes:
[Architectury Transformer DEBUG] net/fabricmc/api/EnvType -> net/minecraftforge/api/distmarker/Dist
[Architectury Transformer DEBUG] net/fabricmc/api/Environment -> net/minecraftforge/api/distmarker/OnlyIn
[Architectury Transformer DEBUG] Found class transformer
[Architectury Transformer DEBUG] Writing com/onewhohears/dscombat/entity/damagesource/WeaponDamageSource$RandomDeathMessageFactory with maxs=true frames=true
[Architectury Transformer DEBUG] Transformed com/onewhohears/dscombat/entity/damagesource/WeaponDamageSource$RandomDeathMessageFactory in 5.740 ms
[Architectury Transformer DEBUG] Transforming from com/onewhohears/dscombat/init/ModDamageTypes.class to com/onewhohears/dscombat/init/ModDamageTypes.class with 8 transformer(s) on dev.architectury.transformer.handler.TinyRemapperPreparedTransformerHandler
[Architectury Transformer DEBUG] Remapping with 1 mapping provider(s):
[Architectury Transformer DEBUG]  - dev.architectury.transformer.transformers.TransformForgeEnvironment$$Lambda/0x000001de0808e008@120d3fd
[Architectury Transformer DEBUG] Remapping Classes:
[Architectury Transformer DEBUG] net/fabricmc/api/EnvType -> net/minecraftforge/api/distmarker/Dist
[Architectury Transformer DEBUG] net/fabricmc/api/Environment -> net/minecraftforge/api/distmarker/OnlyIn
[Architectury Transformer DEBUG] Found class transformer
[Architectury Transformer DEBUG] Writing com/onewhohears/dscombat/init/ModDamageTypes with maxs=true frames=true
[Architectury Transformer DEBUG] Transformed com/onewhohears/dscombat/init/ModDamageTypes in 5.789 ms
