# Blender 3.3.21
# www.blender.org
mtllib amx10_turret.mtl
o turret
v 0.215504 1.046264 -0.029212
v 0.215504 1.069066 0.055887
v 0.215504 0.120736 0.218782
v 0.215504 0.143538 0.303881
v 1.028276 1.069066 0.055887
v 1.028276 1.046264 -0.029212
v 1.028277 0.143538 0.303881
v 1.028276 0.120736 0.218782
v 0.215504 0.237116 0.212280
v 0.215504 0.237116 0.832101
v 0.215504 0.062491 0.212280
v 0.215504 0.062491 0.832101
v 1.035129 0.237116 0.832101
v 1.035129 0.237116 0.212280
v 1.035129 0.062491 0.832101
v 1.035129 0.062491 0.212280
v 0.345711 1.306772 -0.046233
v 0.345710 1.306772 0.072668
v 0.345711 1.042365 -0.046233
v 0.345710 1.042365 0.072668
v 0.877511 1.306772 0.072668
v 0.877510 1.306772 -0.046233
v 0.877511 1.042365 0.072668
v 0.877510 1.042365 -0.046233
v -1.096995 0.237116 -0.200220
v -1.096995 0.237116 0.419601
v -1.096995 0.062491 -0.200220
v -1.096995 0.062491 0.419601
v -0.277369 0.237116 0.419601
v -0.277369 0.237116 -0.200220
v -0.277369 0.062491 0.419601
v -0.277369 0.062491 -0.200220
v -0.966788 1.306772 -0.458732
v -0.966788 1.306772 -0.339831
v -0.966788 1.042366 -0.458732
v -0.966788 1.042365 -0.339832
v -0.434988 1.306772 -0.339831
v -0.434988 1.306772 -0.458733
v -0.434988 1.042365 -0.339832
v -0.434988 1.042366 -0.458733
v -1.096995 1.046264 -0.441711
v -1.096995 1.069066 -0.356612
v -1.096995 0.120736 -0.193717
v -1.096995 0.143538 -0.108619
v -0.284222 1.069066 -0.356613
v -0.284222 1.046264 -0.441712
v -0.284222 0.143538 -0.108619
v -0.284222 0.120736 -0.193718
v 0.263786 1.754673 -1.660183
v 0.623160 1.867984 0.476836
v 1.043466 1.464332 -1.775904
v 1.402840 1.577642 0.361114
v 0.623160 1.867984 0.476836
v 0.263786 1.754673 -1.660183
v 1.402840 1.577642 0.361114
v 1.043466 1.464332 -1.775904
v 1.006330 1.721291 0.340067
v 1.006330 1.721291 0.900064
v 1.400999 1.577642 0.340067
v 1.400998 1.577642 0.900064
v 1.006330 1.721291 0.900064
v 1.006330 1.721291 0.340067
v 1.400998 1.577642 0.900064
v 1.400999 1.577642 0.340067
v 0.897613 1.762273 0.854056
v 0.485399 1.857870 1.579681
v 1.264176 1.540183 1.091553
v 0.851962 1.635780 1.817178
v 0.485399 1.857870 1.579681
v 0.897613 1.762273 0.854056
v 0.851962 1.635780 1.817178
v 1.264176 1.540183 1.091553
v 1.073979 1.693956 0.720149
v 0.970926 1.717855 0.901556
v 1.367229 1.516283 0.910147
v 1.264176 1.540183 1.091553
v 0.970926 1.717855 0.901556
v 1.073979 1.693956 0.720149
v 1.264176 1.540183 1.091553
v 1.367229 1.516283 0.910147
v -0.787358 1.851496 0.248312
v -0.787358 1.851496 0.248312
v -0.787358 1.790123 1.653963
v -0.787358 1.790123 1.653963
v 0.598633 1.851496 0.248313
v 0.598633 1.851496 0.248313
v 0.598633 1.790123 1.653964
v 0.598633 1.790123 1.653964
v -0.752358 1.846838 -0.310460
v -0.752358 1.846838 -0.310460
v -0.752358 1.846838 0.249536
v -0.752358 1.846838 0.249536
v 0.584633 1.846838 -0.310459
v 0.584633 1.846838 -0.310459
v 0.584633 1.846838 0.249536
v 0.584633 1.846838 0.249536
v -0.668359 1.846838 -0.940455
v -0.668359 1.846838 -0.940455
v -0.668359 1.846838 -0.310459
v -0.668359 1.846838 -0.310459
v 0.493633 1.846838 -0.940456
v 0.493633 1.846838 -0.940456
v 0.493633 1.846838 -0.310459
v 0.493633 1.846838 -0.310459
v -0.919353 1.636088 -1.665283
v -1.582325 1.896246 -0.459978
v -1.064787 1.398552 -1.694008
v -1.727758 1.658710 -0.488702
v -1.582325 1.896246 -0.459978
v -0.919353 1.636088 -1.665283
v -1.727758 1.658710 -0.488702
v -1.064787 1.398552 -1.694008
v -0.936089 1.644280 -1.660290
v -1.572711 1.887388 -0.437350
v -0.936089 1.644280 -1.660290
v -1.572711 1.887388 -0.437350
v -1.367813 1.887388 -0.330687
v -0.731190 1.644280 -1.553628
v -1.367813 1.887388 -0.330687
v -0.731190 1.644280 -1.553628
v -0.731190 1.644280 -1.553628
v -1.240488 1.838766 -0.575275
v -0.731190 1.644280 -1.553628
v -1.240488 1.838766 -0.575275
v -0.681676 1.838766 -0.284375
v -0.172378 1.644280 -1.262727
v -0.681676 1.838766 -0.284375
v -0.172378 1.644280 -1.262727
v -0.787358 1.790123 1.653963
v -0.787358 1.790123 1.653963
v -0.787358 1.682206 1.914496
v -0.787358 1.682206 1.914496
v 0.598633 1.790123 1.653964
v 0.598633 1.790123 1.653964
v 0.598633 1.682206 1.914496
v 0.598633 1.682206 1.914496
v 0.577716 1.825750 0.399453
v 0.598743 1.892454 0.402342
v 0.581829 1.800223 0.958851
v 0.602856 1.866928 0.961740
v 1.066096 1.745569 0.392202
v 1.045070 1.678865 0.389314
v 1.070209 1.720043 0.951601
v 1.049182 1.653338 0.948712
v 0.735560 1.906461 0.489058
v 0.735560 1.906461 0.489058
v 0.716766 1.846853 0.489058
v 0.716766 1.846853 0.489058
v 0.973988 1.831284 0.489059
v 0.973988 1.831284 0.489059
v 0.955193 1.771677 0.489058
v 0.955193 1.771677 0.489058
v -0.675978 2.358981 0.317982
v -0.408939 2.358981 0.402179
v -0.675978 2.008981 0.317982
v -0.408939 2.008981 0.402179
v -0.324742 2.358981 0.135140
v -0.591780 2.358981 0.050943
v -0.324742 2.008981 0.135140
v -0.591780 2.008981 0.050943
v 0.590540 4.192135 -0.534670
v 0.590540 4.192135 -0.534670
v 0.484081 1.753781 -0.321141
v 0.484081 1.753781 -0.321141
v 0.660473 4.189082 -0.534670
v 0.660473 4.189082 -0.534670
v 0.554013 1.750728 -0.321140
v 0.554013 1.750728 -0.321140
v -0.835198 4.189082 -0.534670
v -0.835198 4.189082 -0.534670
v -0.728738 1.750728 -0.321141
v -0.728738 1.750728 -0.321141
v -0.765266 4.192135 -0.534671
v -0.765266 4.192135 -0.534671
v -0.658805 1.753781 -0.321140
v -0.658805 1.753781 -0.321140
v -1.410353 1.842703 -0.576222
v -1.410354 1.911992 0.215748
v -1.410353 1.772970 -0.570121
v -1.410354 1.842258 0.221849
v -0.780358 1.911992 0.215748
v -0.780358 1.842703 -0.576222
v -0.780358 1.842258 0.221848
v -0.780359 1.772970 -0.570121
v -1.283049 1.904812 -0.488874
v -1.283049 1.904812 -0.488874
v -1.283049 1.842550 -0.483427
v -1.283049 1.842550 -0.483427
v -0.908052 1.904812 -0.488875
v -0.908052 1.904812 -0.488875
v -0.908052 1.842550 -0.483427
v -0.908052 1.842550 -0.483427
v -1.199959 1.552643 -1.775904
v -1.199958 1.552642 -0.725911
v -1.199959 0.992643 -1.775904
v -1.199958 0.992643 -0.725911
v 0.213532 1.552642 -0.725911
v 0.213532 1.552643 -1.775904
v 0.213532 0.992643 -0.725911
v 0.213532 0.992643 -1.775904
v 0.891422 1.522341 -1.752169
v 1.268236 1.522341 0.384848
v 1.010787 0.975616 -1.773217
v 1.387600 0.975615 0.363802
v 1.402840 1.552642 0.361114
v 1.026026 1.552643 -1.775904
v 1.522204 1.005917 0.340068
v 1.145391 1.005917 -1.796950
v 1.162649 1.409645 0.723651
v 0.647381 1.529141 1.630682
v 1.248921 0.940211 0.834506
v 0.733653 1.059707 1.741536
v 0.886313 1.602813 1.756709
v 1.401582 1.483317 0.849678
v 0.972585 1.133380 1.867563
v 1.487852 1.013883 0.960532
v 0.217138 1.598506 -1.645383
v 0.576512 1.711816 0.491635
v 0.996819 1.308164 -1.761104
v 1.356193 1.421475 0.375913
v 0.623160 1.842984 0.476836
v 0.263786 1.729673 -1.660183
v 1.402840 1.552642 0.361114
v 1.043466 1.439332 -1.775904
v 1.172629 1.049981 -0.410435
v 1.172628 1.049981 0.891555
v 1.172629 0.839981 -0.410435
v 1.172628 0.839981 0.891555
v 1.312628 1.049981 0.891556
v 1.312628 1.049981 -0.410435
v 1.312628 0.839981 0.891556
v 1.312628 0.839981 -0.410435
v 1.197948 1.049981 0.811255
v 0.716147 1.049980 1.499339
v 1.197948 0.839981 0.811255
v 0.716147 0.839980 1.499339
v 0.830827 1.049980 1.579639
v 1.312628 1.049981 0.891556
v 0.830827 0.839980 1.579639
v 1.312628 0.839981 0.891556
v 0.823937 1.049981 -0.844348
v 1.185287 1.049981 -0.328285
v 0.823937 0.839981 -0.844348
v 1.185287 0.839981 -0.328286
v 1.299968 1.049981 -0.408586
v 0.938618 1.049981 -0.924648
v 1.299968 0.839981 -0.408586
v 0.938618 0.839981 -0.924648
v 1.264318 1.522341 0.340067
v 1.264319 1.522341 0.900063
v 1.385523 0.975615 0.340067
v 1.385523 0.975615 0.900063
v 1.400999 1.552642 0.900064
v 1.400999 1.552642 0.340067
v 1.522204 1.005917 0.900063
v 1.522204 1.005917 0.340068
v 0.958448 1.564734 0.340067
v 0.958448 1.564734 0.900064
v 1.353116 1.421085 0.340067
v 1.353116 1.421085 0.900063
v 1.006330 1.696291 0.900064
v 1.006330 1.696291 0.340067
v 1.400998 1.552642 0.900064
v 1.400999 1.552642 0.340067
v 0.934126 1.510544 -2.410153
v 0.934128 1.510544 -1.500160
v 1.039373 1.176743 -2.410152
v 1.039374 1.176743 -1.500160
v 1.067647 1.552643 -1.500159
v 1.067648 1.552643 -2.410152
v 1.172894 1.218842 -1.500159
v 1.172892 1.218842 -2.410152
v 0.997894 1.218842 -2.410154
v 0.997895 1.218842 -1.500160
v 0.997894 0.994842 -2.410154
v 0.997895 0.994842 -1.500160
v 1.172894 1.218842 -1.500159
v 1.172892 1.218842 -2.410152
v 1.172894 0.994842 -1.500159
v 1.172892 0.994842 -2.410152
v 0.772540 1.489728 0.815616
v 0.360325 1.585325 1.541241
v 1.139102 1.267637 1.053113
v 0.726888 1.363235 1.778737
v 0.485399 1.832870 1.579681
v 0.897613 1.737273 0.854056
v 0.851962 1.610780 1.817178
v 1.264176 1.515183 1.091553
v 0.948906 1.421410 0.681710
v 0.845852 1.445310 0.863116
v 1.242156 1.243738 0.871707
v 1.139102 1.267637 1.053113
v 0.970926 1.692855 0.901556
v 1.073979 1.668956 0.720149
v 1.264176 1.515183 1.091553
v 1.367229 1.491283 0.910147
v 0.991180 1.476981 -2.288421
v 1.157783 1.476981 -2.160581
v 0.991180 1.406981 -2.288421
v 1.157783 1.406981 -2.160581
v 1.243009 1.476981 -2.271649
v 1.076405 1.476981 -2.399490
v 1.243009 1.406981 -2.271649
v 1.076405 1.406981 -2.399490
v 1.141331 1.461363 -2.208498
v 1.273507 1.589203 -2.107077
v 1.175138 1.405828 -2.182557
v 1.307314 1.533668 -2.081134
v 1.316120 1.589203 -2.162611
v 1.183943 1.461363 -2.264032
v 1.349926 1.533668 -2.136670
v 1.217751 1.405829 -2.238092
v 1.250579 1.605863 -2.098199
v 1.272609 1.627170 -2.081295
v 1.304671 1.517008 -2.056693
v 1.326700 1.538314 -2.039788
v 1.340790 1.627170 -2.170150
v 1.318761 1.605863 -2.187054
v 1.394881 1.538314 -2.128645
v 1.372853 1.517008 -2.145546
v 1.250580 1.605863 -1.818202
v 1.272609 1.627170 -1.801297
v 1.304672 1.517008 -1.776695
v 1.326700 1.538314 -1.759791
v 1.340789 1.627170 -1.890152
v 1.318761 1.605863 -1.907055
v 1.394882 1.538314 -1.848646
v 1.372852 1.517008 -1.865550
v 1.141331 1.461363 -1.928499
v 1.273506 1.589203 -1.827079
v 1.175138 1.405828 -1.902558
v 1.307314 1.533668 -1.801137
v 1.316118 1.589203 -1.882613
v 1.183944 1.461363 -1.984034
v 1.349927 1.533668 -1.856671
v 1.217751 1.405828 -1.958092
v 0.991180 1.476981 -2.008422
v 1.157782 1.476981 -1.880583
v 0.991180 1.406981 -2.008422
v 1.157782 1.406981 -1.880583
v 1.243008 1.476981 -1.991651
v 1.076405 1.476981 -2.119491
v 1.243008 1.406981 -1.991651
v 1.076405 1.406981 -2.119491
v 0.457946 1.957605 -0.416149
v 0.458478 1.969795 -0.276683
v 0.448821 1.748603 -0.397846
v 0.449353 1.760794 -0.258381
v 0.598344 1.963688 -0.276683
v 0.597812 1.951499 -0.416149
v 0.589219 1.754687 -0.258381
v 0.588687 1.742497 -0.397847
v 1.190573 1.119980 1.109328
v 1.281160 1.119980 1.447401
v 1.190573 0.979980 1.109328
v 1.281160 0.979980 1.447401
v 1.416389 1.119980 1.411166
v 1.325802 1.119980 1.073095
v 1.416389 0.979980 1.411166
v 1.325802 0.979981 1.073095
v 1.023965 1.119980 1.298909
v 1.114551 1.119980 1.636981
v 1.023965 0.979980 1.298909
v 1.114551 0.979980 1.636981
v 1.249780 1.119980 1.600747
v 1.159194 1.119980 1.262675
v 1.249780 0.979980 1.600747
v 1.159194 0.979980 1.262675
v 0.875474 1.119980 1.556104
v 0.966060 1.119980 1.894176
v 0.875474 0.979980 1.556104
v 0.966060 0.979980 1.894176
v 1.101289 1.119980 1.857942
v 1.010702 1.119980 1.519869
v 1.101289 0.979980 1.857942
v 1.010702 0.979980 1.519869
v 1.321370 1.294416 0.741567
v 1.249545 1.294416 0.938901
v 1.287027 1.016812 0.729066
v 1.215204 1.016812 0.926401
v 1.510408 1.257869 1.033846
v 1.582231 1.257869 0.836512
v 1.476064 0.980265 1.021346
v 1.547888 0.980265 0.824012
v 0.897342 1.791087 1.038938
v 0.912492 1.791087 1.107279
v 0.879501 1.652285 1.042894
v 0.894651 1.652285 1.111235
v 1.115759 1.763677 1.062216
v 1.100608 1.763677 0.993876
v 1.097918 1.624874 1.066171
v 1.082768 1.624874 0.997830
v 1.114702 1.742980 0.846043
v 1.173739 1.742980 0.883653
v 1.114702 1.602980 0.846043
v 1.173739 1.602980 0.883653
v 1.286570 1.742981 0.706542
v 1.227534 1.742981 0.668932
v 1.286570 1.602980 0.706542
v 1.227534 1.602980 0.668932
v 0.487827 1.743895 1.001986
v 0.529880 1.877305 1.007764
v 0.576709 1.701330 1.337823
v 0.618764 1.834740 1.343601
v 0.825922 1.787868 0.918077
v 0.783868 1.654459 0.912301
v 0.914804 1.745303 1.253915
v 0.872751 1.611894 1.248137
v 0.576256 1.765761 1.020758
v 0.654944 1.940868 1.105878
v 0.601386 1.665586 1.203605
v 0.680074 1.840693 1.288725
v 0.822271 1.890318 1.055186
v 0.743584 1.715210 0.970066
v 0.847401 1.790142 1.238032
v 0.768714 1.615034 1.152913
v 1.309100 1.469981 0.101555
v 1.333041 1.469981 0.167334
v 1.309100 1.399981 0.101555
v 1.333041 1.399981 0.167334
v 1.661932 1.469981 0.047627
v 1.637990 1.469981 -0.018151
v 1.661932 1.399981 0.047626
v 1.637990 1.399981 -0.018151
v 0.943935 1.469981 -1.106391
v 0.967878 1.469981 -1.040613
v 0.943935 1.399981 -1.106391
v 0.967878 1.399981 -1.040613
v 1.230989 1.469981 -1.136378
v 1.207048 1.469981 -1.202156
v 1.230989 1.399981 -1.136378
v 1.207048 1.399981 -1.202156
v 1.207048 1.469981 -1.202156
v 1.661932 1.469981 0.047627
v 1.207048 1.399981 -1.202156
v 1.661932 1.399981 0.047626
v 1.727710 1.469981 0.023685
v 1.272826 1.469981 -1.226097
v 1.727710 1.399981 0.023685
v 1.272826 1.399981 -1.226097
v -1.200751 1.552643 -1.775903
v -1.577565 1.552642 0.361115
v -1.320115 1.005917 -1.796950
v -1.696929 1.005917 0.340067
v -1.442961 1.522341 0.384849
v -1.066147 1.522341 -1.752170
v -1.562325 0.975615 0.363801
v -1.185511 0.975616 -1.773215
v -1.576306 1.483317 0.849678
v -1.061039 1.602813 1.756709
v -1.662578 1.013883 0.960532
v -1.147310 1.133380 1.867563
v -0.822107 1.529141 1.630681
v -1.337374 1.409645 0.723651
v -0.908378 1.059707 1.741536
v -1.423646 0.940211 0.834505
v -0.438511 1.729673 -1.660181
v -0.612402 1.784501 -0.626141
v -1.218191 1.439332 -1.775904
v -1.392081 1.494160 -0.741863
v -0.565754 1.653333 -0.611343
v -0.391863 1.598506 -1.645383
v -1.345435 1.362992 -0.727064
v -1.171544 1.308164 -1.761104
v -1.487353 1.049981 -0.410435
v -1.487353 1.049981 0.891556
v -1.487353 0.839981 -0.410435
v -1.487353 0.839981 0.891556
v -1.347354 1.049981 0.891556
v -1.347354 1.049981 -0.410436
v -1.347354 0.839981 0.891556
v -1.347354 0.839981 -0.410436
v -1.487353 1.049981 0.891556
v -1.005552 1.049980 1.579639
v -1.487353 0.839981 0.891556
v -1.005552 0.839980 1.579639
v -0.890872 1.049980 1.499338
v -1.372673 1.049981 0.811255
v -0.890872 0.839980 1.499338
v -1.372673 0.839981 0.811255
v -1.113344 1.049981 -0.924647
v -1.474694 1.049981 -0.408585
v -1.113344 0.839981 -0.924647
v -1.474694 0.839981 -0.408585
v -1.360013 1.049981 -0.328286
v -0.998662 1.049981 -0.844348
v -1.360013 0.839981 -0.328286
v -0.998662 0.839981 -0.844348
v -1.575724 1.552642 0.340067
v -1.575724 1.552642 0.900063
v -1.696929 1.005917 0.340067
v -1.696929 1.005917 0.900063
v -1.439043 1.522341 0.900063
v -1.439043 1.522341 0.340067
v -1.560249 0.975615 0.900063
v -1.560249 0.975615 0.340067
v -0.786388 1.839939 0.340067
v -0.786388 1.839939 0.900063
v -1.575724 1.552642 0.340067
v -1.575724 1.552642 0.900064
v -0.738505 1.708382 0.900063
v -0.738505 1.708382 0.340067
v -1.527841 1.421085 0.900064
v -1.527842 1.421085 0.340067
v -0.668359 1.821838 -0.940455
v -0.668358 1.688318 -0.898357
v -0.668359 1.558721 -1.774952
v -0.668358 1.425200 -1.732852
v 0.493634 1.688318 -0.898357
v 0.493633 1.821838 -0.940456
v 0.493633 1.425200 -1.732852
v 0.493633 1.558721 -1.774952
v -0.787358 1.658656 0.240984
v -0.787358 1.826496 0.248312
v -0.787358 1.600009 1.584195
v -0.787357 1.767849 1.591523
v 0.598633 1.826496 0.248313
v 0.598633 1.658656 0.240984
v 0.598633 1.767849 1.591523
v 0.598633 1.600009 1.584196
v -0.752358 1.660838 -0.310460
v -0.752358 1.821838 -0.310460
v -0.752358 1.660838 0.249536
v -0.752358 1.821838 0.249536
v 0.584633 1.821838 -0.310459
v 0.584633 1.660838 -0.310459
v 0.584633 1.821838 0.249536
v 0.584633 1.660838 0.249536
v -0.668359 1.660838 -0.940455
v -0.668359 1.821838 -0.940455
v -0.668359 1.660838 -0.310459
v -0.668359 1.821838 -0.310459
v 0.493633 1.821838 -0.940456
v 0.493633 1.660838 -0.940456
v 0.493633 1.821838 -0.310459
v 0.493633 1.660838 -0.310459
v -1.242373 1.552643 -2.410152
v -1.242373 1.552643 -1.500159
v -1.347619 1.218842 -2.410153
v -1.347619 1.218842 -1.500160
v -1.108853 1.510544 -1.500160
v -1.108853 1.510544 -2.410152
v -1.214100 1.176743 -1.500160
v -1.214099 1.176743 -2.410152
v -1.347619 1.218842 -2.410153
v -1.347619 1.218842 -1.500160
v -1.347619 0.994842 -2.410153
v -1.347619 0.994842 -1.500160
v -1.172620 1.218842 -1.500159
v -1.172620 1.218842 -2.410152
v -1.172620 0.994842 -1.500159
v -1.172620 0.994842 -2.410152
v -1.113344 1.049981 -0.924647
v -1.113343 1.049981 -0.722149
v -1.113344 0.839981 -0.924647
v -1.113343 0.839981 -0.722149
v 0.937643 1.049981 -0.722148
v 0.937643 1.049981 -0.924648
v 0.937643 0.839981 -0.722148
v 0.937643 0.839981 -0.924648
v -1.005552 1.119980 1.159642
v -1.005552 1.119980 1.579639
v -1.005552 0.839980 1.159642
v -1.005552 0.839980 1.579639
v 0.814435 1.119980 1.579639
v 0.814436 1.119980 1.159642
v 0.814435 0.839980 1.579639
v 0.814436 0.839980 1.159642
v -1.172373 1.062643 -2.410152
v -1.172374 1.062643 -1.780157
v -1.172373 0.992643 -2.410152
v -1.172374 0.992643 -1.780157
v 0.997612 1.062643 -1.780158
v 0.997612 1.062643 -2.410154
v 0.997612 0.992643 -1.780158
v 0.997612 0.992643 -2.410154
v -1.072338 1.737273 0.854056
v -0.660124 1.832870 1.579681
v -1.438902 1.515183 1.091552
v -1.026687 1.610780 1.817178
v -0.535051 1.585325 1.541241
v -0.947265 1.489728 0.815616
v -0.901614 1.363235 1.778738
v -1.313828 1.267637 1.053113
v -1.248705 1.668956 0.720150
v -1.145651 1.692855 0.901555
v -1.541955 1.491283 0.910147
v -1.438902 1.515183 1.091552
v -1.020578 1.445310 0.863117
v -1.123631 1.421410 0.681710
v -1.313828 1.267637 1.053113
v -1.416881 1.243738 0.871707
v -1.242373 1.342643 -2.410152
v -1.242373 1.342643 -2.410152
v -1.242373 1.062643 -2.410152
v -1.242373 1.062643 -2.410152
v 1.067611 1.342643 -2.410153
v 1.067611 1.342643 -2.410153
v 1.067611 1.062643 -2.410154
v 1.067611 1.062643 -2.410154
v -1.251132 1.476981 -2.399489
v -1.417734 1.476981 -2.271649
v -1.251132 1.406981 -2.399489
v -1.417734 1.406981 -2.271649
v -1.332509 1.476981 -2.160582
v -1.165905 1.476981 -2.288421
v -1.332509 1.406981 -2.160582
v -1.165905 1.406981 -2.288421
v -1.358669 1.461363 -2.264033
v -1.490844 1.589203 -2.162610
v -1.392475 1.405829 -2.238091
v -1.524652 1.533668 -2.136670
v -1.448231 1.589203 -2.107077
v -1.316057 1.461363 -2.208499
v -1.482038 1.533668 -2.081135
v -1.349863 1.405828 -2.182557
v -1.493486 1.605863 -2.187052
v -1.515515 1.627170 -2.170150
v -1.547578 1.517008 -2.145548
v -1.569607 1.538314 -2.128644
v -1.447334 1.627170 -2.081295
v -1.425306 1.605863 -2.098198
v -1.501427 1.538314 -2.039789
v -1.479397 1.517008 -2.056691
v -1.493486 1.605863 -1.907055
v -1.515516 1.627170 -1.890152
v -1.547578 1.517008 -1.865550
v -1.569607 1.538314 -1.848646
v -1.447335 1.627170 -1.801297
v -1.425307 1.605863 -1.818202
v -1.501427 1.538314 -1.759792
v -1.479397 1.517008 -1.776694
v -1.358670 1.461363 -1.984035
v -1.490845 1.589203 -1.882614
v -1.392477 1.405828 -1.958093
v -1.524651 1.533668 -1.856671
v -1.448232 1.589203 -1.827078
v -1.316056 1.461363 -1.928499
v -1.482038 1.533668 -1.801136
v -1.349864 1.405828 -1.902559
v -1.251131 1.476981 -2.119491
v -1.417733 1.476981 -1.991650
v -1.251131 1.406981 -2.119491
v -1.417733 1.406981 -1.991650
v -1.332508 1.476981 -1.880584
v -1.165905 1.476981 -2.008422
v -1.332508 1.406981 -1.880584
v -1.165905 1.406981 -2.008422
v -0.772537 1.951499 -0.416150
v -0.773069 1.963688 -0.276683
v -0.763412 1.742497 -0.397846
v -0.763944 1.754687 -0.258380
v -0.633204 1.969795 -0.276683
v -0.632671 1.957605 -0.416150
v -0.624078 1.760794 -0.258381
v -0.623546 1.748603 -0.397847
v -1.500528 1.119980 1.073094
v -1.591114 1.119980 1.411166
v -1.500528 0.979981 1.073094
v -1.591114 0.979980 1.411166
v -1.455885 1.119980 1.447401
v -1.365299 1.119980 1.109329
v -1.455885 0.979980 1.447401
v -1.365299 0.979980 1.109329
v -1.333919 1.119980 1.262675
v -1.424505 1.119980 1.600747
v -1.333919 0.979980 1.262675
v -1.424505 0.979980 1.600747
v -1.289276 1.119980 1.636981
v -1.198690 1.119980 1.298910
v -1.289276 0.979980 1.636981
v -1.198690 0.979980 1.298910
v -1.185428 1.119980 1.519869
v -1.276014 1.119980 1.857941
v -1.185428 0.979980 1.519869
v -1.276014 0.979980 1.857941
v -1.140785 1.119980 1.894176
v -1.050199 1.119980 1.556104
v -1.140785 0.979980 1.894176
v -1.050199 0.979980 1.556104
v -1.763478 1.256956 0.838886
v -1.691654 1.256956 1.036220
v -1.729135 0.979351 0.826385
v -1.657311 0.979351 1.023720
v -1.430793 1.293503 0.941274
v -1.502617 1.293503 0.743940
v -1.396450 1.015898 0.928774
v -1.468273 1.015898 0.731440
v -1.275333 1.763677 0.993876
v -1.290484 1.763677 1.062217
v -1.257493 1.624874 0.997831
v -1.272644 1.624874 1.066171
v -1.087217 1.791087 1.107279
v -1.072066 1.791087 1.038939
v -1.069377 1.652285 1.111234
v -1.054226 1.652285 1.042894
v -1.402259 1.742981 0.668931
v -1.461296 1.742981 0.706542
v -1.402259 1.602980 0.668931
v -1.461296 1.602980 0.706542
v -1.348463 1.742980 0.883653
v -1.289427 1.742980 0.846043
v -1.348463 1.602980 0.883653
v -1.289427 1.602980 0.846043
v -0.995054 1.637099 0.824892
v -1.037108 1.770509 0.830671
v -1.083937 1.594534 1.160729
v -1.125991 1.727944 1.166508
v -0.683606 1.877305 0.937765
v -0.641552 1.743895 0.931986
v -0.772489 1.834740 1.273602
v -0.730435 1.701330 1.267823
v -0.931786 1.704794 0.889622
v -1.010473 1.879902 0.974741
v -0.956916 1.604619 1.072468
v -1.035604 1.779727 1.157588
v -0.843147 1.930453 1.025433
v -0.764458 1.755345 0.940314
v -0.868276 1.830278 1.208280
v -0.789589 1.655170 1.123161
v -1.736525 1.636137 -0.438434
v -1.736525 1.636137 0.051562
v -1.510270 1.201502 -0.438435
v -1.510269 1.201502 0.051562
v -1.674435 1.668460 0.051562
v -1.674435 1.668460 -0.438435
v -1.448179 1.233824 0.051562
v -1.448180 1.233824 -0.438436
v -1.586082 1.872287 -0.438435
v -1.586082 1.872287 0.051562
v -1.736525 1.636137 -0.438434
v -1.736525 1.636137 0.051562
v -1.527045 1.834676 0.051562
v -1.527046 1.834676 -0.438434
v -1.677488 1.598526 0.051562
v -1.677488 1.598526 -0.438435
v -1.570966 1.872287 0.107978
v -1.255968 1.872287 0.653570
v -1.701253 1.636137 0.183199
v -1.386255 1.636137 0.728791
v -1.204841 1.834676 0.624051
v -1.519838 1.834676 0.078459
v -1.335127 1.598526 0.699273
v -1.650125 1.598526 0.153681
v -1.701253 1.636137 0.183199
v -1.386255 1.636137 0.728791
v -1.505309 1.201502 0.070072
v -1.190312 1.201502 0.615663
v -1.332483 1.668460 0.697746
v -1.647481 1.668460 0.152154
v -1.136541 1.233824 0.584618
v -1.451538 1.233824 0.039027
v -0.919353 1.611088 -1.665283
v -1.582325 1.871246 -0.459978
v -1.064787 1.373551 -1.694008
v -1.727758 1.633710 -0.488702
v -1.532534 1.836543 -0.425101
v -0.869562 1.576385 -1.630406
v -1.677967 1.599007 -0.453824
v -1.014996 1.338848 -1.659130
v -1.118684 1.440033 -1.734292
v -1.727758 1.633710 -0.488702
v -0.927862 1.017648 -1.575307
v -1.536937 1.211324 -0.329719
v -1.670931 1.667845 -0.466222
v -1.061856 1.474168 -1.711812
v -1.480109 1.245458 -0.307237
v -0.871034 1.051782 -1.552826
v -1.576472 1.861324 -0.438435
v -1.576471 1.861324 0.051562
v -1.576472 1.791324 -0.438435
v -1.576471 1.791324 0.051562
v -1.408473 1.861324 0.051562
v -1.408473 1.861324 -0.438435
v -1.408473 1.791324 0.051561
v -1.408473 1.791324 -0.438435
v -0.936089 1.619280 -1.660290
v -1.572711 1.862388 -0.437350
v -0.941701 1.550344 -1.649509
v -1.578324 1.793451 -0.426568
v -1.367813 1.862388 -0.330687
v -0.731190 1.619280 -1.553628
v -1.373426 1.793451 -0.319905
v -0.736803 1.550344 -1.542845
v -1.428470 1.861324 0.346939
v -1.299181 1.861324 0.595299
v -1.428470 1.791324 0.346939
v -1.299181 1.791324 0.595299
v -0.566072 1.861324 0.213667
v -0.695361 1.861324 -0.034694
v -0.566072 1.791324 0.213667
v -0.695361 1.791324 -0.034694
v -1.274345 1.861324 0.582371
v -1.242023 1.861324 0.644461
v -1.274345 1.643824 0.582371
v -1.242023 1.643824 0.644461
v -0.478312 1.861324 0.246898
v -0.510634 1.861324 0.184808
v -0.478312 1.643824 0.246898
v -0.510634 1.643824 0.184808
v -1.239840 1.834676 0.563430
v -1.204841 1.834676 0.624051
v -1.370127 1.598526 0.638652
v -1.335127 1.598526 0.699273
v -1.153712 1.797065 0.594533
v -1.188712 1.797065 0.533912
v -1.284000 1.560915 0.669754
v -1.319000 1.560915 0.609133
v -1.721835 1.612447 0.056120
v -1.686460 1.620289 0.191348
v -1.576440 1.294680 0.036513
v -1.541064 1.302523 0.171742
v -1.625291 1.649369 0.173661
v -1.660667 1.641526 0.038432
v -1.479897 1.331602 0.154054
v -1.515272 1.323760 0.018826
v -1.598534 1.859483 0.009537
v -1.563158 1.867325 0.144766
v -1.721835 1.612447 0.056120
v -1.686460 1.620289 0.191348
v -1.502851 1.834607 0.130888
v -1.538227 1.826765 -0.004341
v -1.626153 1.587572 0.177469
v -1.661529 1.579729 0.042241
v -1.200355 1.938981 0.296560
v -1.200355 1.938981 0.366560
v -1.200355 1.868981 0.296560
v -1.200355 1.868981 0.366560
v -0.990356 1.938981 0.366560
v -0.990357 1.938981 0.296560
v -0.990356 1.868981 0.366560
v -0.990357 1.868981 0.296560
v -1.537707 1.938981 -0.019682
v -1.598329 1.938981 0.015319
v -1.537707 1.868981 -0.019682
v -1.598329 1.868981 0.015319
v -1.493329 1.938981 0.197182
v -1.432708 1.938981 0.162183
v -1.493329 1.868981 0.197182
v -1.432708 1.868981 0.162183
v -1.284355 1.924981 -0.689933
v -1.284355 1.924981 -0.619934
v -1.284355 1.784981 -0.689933
v -1.284355 1.784981 -0.619934
v -1.074356 1.924981 -0.619933
v -1.074356 1.924981 -0.689934
v -1.074356 1.784981 -0.619933
v -1.074356 1.784981 -0.689934
v -1.558976 1.917981 -0.400353
v -1.498355 1.917981 -0.365353
v -1.558976 1.777980 -0.400353
v -1.498355 1.777980 -0.365353
v -1.393355 1.917981 -0.547217
v -1.453977 1.917981 -0.582217
v -1.393355 1.777980 -0.547217
v -1.453977 1.777980 -0.582217
v -0.710359 2.008981 0.016562
v -0.710358 2.008981 0.436560
v -0.710359 1.728981 0.016562
v -0.710358 1.728981 0.436560
v -0.290361 2.008981 0.436559
v -0.290361 2.008981 0.016562
v -0.290361 1.728981 0.436559
v -0.290361 1.728981 0.016562
v 0.911246 1.539981 0.610505
v 0.429445 1.539981 1.298588
v 0.911246 0.839981 0.610505
v 0.429445 0.839980 1.298588
v 0.658806 1.539981 1.459189
v 1.140607 1.539981 0.771106
v 0.658806 0.839980 1.459188
v 1.140607 0.839981 0.771106
v 0.213885 1.042230 -0.026335
v 0.213886 1.065032 0.058763
v 1.026653 1.065032 0.058763
v 1.026654 1.042230 -0.026336
v 0.344092 1.302738 -0.043357
v 0.344092 1.302738 0.075544
v 0.344092 1.038332 -0.043357
v 0.344092 1.038332 0.075544
v 0.875889 1.302738 0.075543
v 0.875888 1.302738 -0.043356
v 0.875889 1.038332 0.075543
v 0.875888 1.038332 -0.043356
v -0.668358 1.872379 -1.222453
v -0.668358 1.672098 -1.159305
v -0.668359 1.714508 -1.723151
v -0.668359 1.514228 -1.660002
v 0.493633 1.672098 -1.159305
v 0.493634 1.872379 -1.222453
v 0.493633 1.514228 -1.660002
v 0.493634 1.714508 -1.723151
v -1.277355 0.839981 -0.410436
v -1.277354 0.839981 0.891556
v -1.277354 0.839981 0.891556
v -1.277355 0.839981 -0.410436
v -1.005552 0.839980 1.202891
v -1.005552 0.839980 1.202891
v 0.814435 0.839980 1.202891
v 0.814435 0.839980 1.202891
v -0.445556 1.539981 0.949643
v -0.445556 1.539981 1.509639
v -0.445556 0.769981 0.949643
v -0.445556 0.769980 1.509639
v 0.184440 1.539981 1.509639
v 0.184440 1.539981 0.949643
v 0.184440 0.769980 1.509639
v 0.184440 0.769981 0.949643
v -0.375556 0.909981 0.109649
v -0.375556 0.909981 0.949643
v -0.375556 0.769981 0.109649
v -0.375556 0.769981 0.949643
v 0.114440 0.909981 0.949643
v 0.114440 0.909981 0.109649
v 0.114440 0.769981 0.949643
v 0.114440 0.769981 0.109649
v -0.025559 1.119981 0.109649
v -0.025559 1.119980 0.949643
v -0.025559 0.909981 0.109649
v -0.025559 0.909981 0.949643
v 0.114440 1.119980 0.949643
v 0.114440 1.119981 0.109649
v 0.114440 0.909981 0.949643
v 0.114440 0.909981 0.109649
v -0.375556 1.119981 0.109649
v -0.375556 1.119980 0.949643
v -0.375556 0.909981 0.109649
v -0.375556 0.909981 0.949643
v -0.235557 1.119980 0.949643
v -0.235558 1.119981 0.109649
v -0.235557 0.909981 0.949643
v -0.235558 0.909981 0.109649
v 0.324439 1.749980 0.879644
v 0.324438 1.749980 0.949643
v 0.324439 1.189980 0.879644
v 0.324438 1.189980 0.949643
v 0.464438 1.749980 0.949644
v 0.464438 1.749980 0.879644
v 0.464438 1.189980 0.949644
v 0.464438 1.189980 0.879644
v 0.254439 1.488558 0.780010
v 0.254439 1.443106 0.985031
v 0.254439 1.146855 0.704257
v 0.254439 1.101402 0.909277
v 0.604437 1.443106 0.985031
v 0.604437 1.488558 0.780010
v 0.604437 1.101402 0.909277
v 0.604437 1.146855 0.704257
v 0.254439 1.478082 0.705988
v 0.254439 1.462931 0.774329
v 0.254439 1.409741 0.690837
v 0.254439 1.394590 0.759178
v 0.604437 1.462931 0.774328
v 0.604437 1.478082 0.705989
v 0.604437 1.394590 0.759178
v 0.604436 1.409741 0.690838
v 1.071053 1.441922 -0.100349
v 1.071053 1.441922 0.389647
v 0.980467 1.103847 -0.100350
v 0.980467 1.103847 0.389647
v 1.341510 1.369452 0.389647
v 1.341511 1.369452 -0.100350
v 1.250925 1.031378 0.389647
v 1.250926 1.031378 -0.100350
v -0.731190 1.619280 -1.553628
v -1.240488 1.813766 -0.575275
v -0.736803 1.550344 -1.542845
v -1.246101 1.744830 -0.564492
v -0.681676 1.813766 -0.284375
v -0.172378 1.619280 -1.262728
v -0.687288 1.744830 -0.273593
v -0.177990 1.550344 -1.251946
v -1.557759 1.861324 0.098577
v -1.428470 1.861324 0.346939
v -1.557759 1.791324 0.098577
v -1.428470 1.791324 0.346939
v -1.198736 1.861324 0.227346
v -1.328024 1.861324 -0.021015
v -1.198736 1.791324 0.227346
v -1.328024 1.791324 -0.021015
v -0.826477 1.861324 -0.438435
v -0.826476 1.861324 0.051562
v -0.826477 1.791324 -0.438435
v -0.826476 1.791324 0.051562
v -0.658478 1.861324 0.051562
v -0.658478 1.861324 -0.438435
v -0.658478 1.791324 0.051562
v -0.658478 1.791324 -0.438435
v -1.250550 1.619980 0.859644
v -1.250551 1.619980 0.949643
v -1.250550 0.909981 0.859644
v -1.250551 0.909981 0.949643
v -0.423056 1.619980 0.949644
v -0.423056 1.619980 0.859644
v -0.423056 0.909981 0.949644
v -0.423056 0.909981 0.859644
v -1.477026 1.619981 -0.123623
v -1.554968 1.619981 -0.078623
v -1.477026 1.003731 -0.123623
v -1.554968 1.003731 -0.078624
v -0.859973 1.619980 1.125143
v -0.782031 1.619980 1.080144
v -0.859973 1.003730 1.125143
v -0.782031 1.003731 1.080144
v -0.938052 1.459146 0.798416
v -0.938053 1.385612 1.000448
v -0.938052 1.144349 0.683840
v -0.938053 1.070815 0.885872
v -0.485556 1.385612 1.000448
v -0.485556 1.459146 0.798416
v -0.485556 1.070815 0.885872
v -0.485556 1.144349 0.683840
v -1.266651 1.494981 0.115759
v -1.398719 1.494981 0.192008
v -1.266651 1.191231 0.115759
v -1.398719 1.191231 0.192008
v -1.172471 1.494981 0.583881
v -1.040403 1.494981 0.507631
v -1.172471 1.191231 0.583881
v -1.040403 1.191231 0.507631
v 0.212531 1.552643 -1.775903
v 0.212532 1.552643 -0.788411
v 0.212531 0.992643 -1.775903
v 0.212532 0.992643 -0.788411
v 0.938528 1.552643 -0.788411
v 0.938527 1.552643 -1.775903
v 0.938528 0.992643 -0.788411
v 0.938527 0.992643 -1.775903
v 1.309100 1.282481 0.101555
v 1.333041 1.282481 0.167333
v 1.309100 1.212481 0.101555
v 1.333041 1.212481 0.167333
v 1.661932 1.282481 0.047626
v 1.637990 1.282481 -0.018151
v 1.661932 1.212481 0.047626
v 1.637990 1.212481 -0.018151
v 0.943935 1.282481 -1.106391
v 0.967878 1.282481 -1.040613
v 0.943935 1.212481 -1.106391
v 0.967878 1.212481 -1.040613
v 1.230989 1.282481 -1.136378
v 1.207048 1.282481 -1.202156
v 1.230989 1.212481 -1.136378
v 1.207048 1.212481 -1.202156
v 1.207048 1.282481 -1.202156
v 1.661932 1.282481 0.047626
v 1.207048 1.212481 -1.202156
v 1.661932 1.212481 0.047626
v 1.727710 1.282481 0.023685
v 1.272826 1.282481 -1.226097
v 1.727710 1.212481 0.023685
v 1.272826 1.212481 -1.226097
v -1.005552 0.839981 -0.690846
v -1.005552 0.839981 -0.690846
v 0.814436 0.839981 -0.690846
v 0.814436 0.839981 -0.690846
v 1.072630 0.839981 -0.410435
v 1.072630 0.839981 0.891556
v 1.072630 0.839981 0.891556
v 1.072630 0.839981 -0.410435
v -1.224114 1.612757 -0.471817
v -1.376033 1.626048 -0.471817
v -1.250588 1.310163 -0.471817
v -1.402506 1.323454 -0.471817
v -1.376033 1.626048 -0.019320
v -1.224114 1.612757 -0.019320
v -1.402506 1.323454 -0.019319
v -1.250588 1.310163 -0.019320
v -0.968399 1.302738 -0.455854
v -0.968399 1.302738 -0.336954
v -0.968399 1.038332 -0.455854
v -0.968399 1.038332 -0.336954
v -0.436602 1.302738 -0.336954
v -0.436602 1.302738 -0.455853
v -0.436602 1.038332 -0.336954
v -0.436602 1.038332 -0.455853
v -1.098605 1.042230 -0.438833
v -1.098605 1.065032 -0.353734
v -0.285837 1.065032 -0.353735
v -0.285837 1.042230 -0.438832
vn -0.0000 0.2588 0.9659
vn -1.0000 -0.0000 -0.0000
vn -0.0000 -0.2588 -0.9659
vn 1.0000 -0.0000 -0.0000
vn -0.0000 0.9659 -0.2588
vn -0.0000 -0.9659 0.2588
vn -0.0000 -0.0000 1.0000
vn -0.0000 -0.0000 -1.0000
vn -0.0000 1.0000 -0.0000
vn -0.0000 -1.0000 -0.0000
vn -0.1431 -0.4023 0.9042
vn 0.1557 0.4379 0.8854
vn -0.1431 -0.4024 0.9042
vn -0.3332 -0.9369 0.1057
vn 0.1558 0.4379 0.8854
vn 0.3332 0.9369 -0.1057
vn -0.0000 -0.0000 -0.0000
vn -0.3420 -0.9397 -0.0000
vn 0.3420 0.9397 -0.0000
vn -0.2117 -0.4191 0.8829
vn 0.1896 0.3753 0.9073
vn -0.2118 -0.4190 0.8829
vn -0.4467 -0.8841 -0.1373
vn 0.1897 0.3753 0.9073
vn 0.4467 0.8841 0.1373
vn -0.0000 0.9990 0.0436
vn -0.0000 -0.4548 0.8906
vn -0.0000 0.4392 0.8984
vn -0.0000 -0.9990 -0.0436
vn -0.4102 0.2859 0.8660
vn 0.2690 -0.1875 0.9447
vn -0.7113 0.4958 -0.4983
vn 0.7113 -0.4958 0.4983
vn -0.0338 -0.4155 0.9089
vn -0.0338 -0.4156 0.9089
vn 0.0383 0.4704 0.8816
vn 0.0802 0.9848 -0.1540
vn -0.0802 -0.9848 0.1540
vn 0.0383 0.4703 0.8816
vn -0.0000 0.9239 0.3827
vn -0.0000 -0.4960 0.8683
vn -0.0000 0.3615 0.9324
vn -0.0000 -0.9239 -0.3827
vn 0.0002 -0.4960 0.8683
vn 0.3004 0.9529 0.0413
vn -0.9538 0.2998 0.0207
vn -0.3004 -0.9529 -0.0413
vn 0.9538 -0.2998 -0.0207
vn -0.0073 0.0456 -0.9989
vn 0.0073 -0.0456 0.9989
vn 0.9537 -0.0000 0.3007
vn -0.3007 -0.0000 0.9537
vn -0.9537 -0.0000 -0.3007
vn 0.3007 -0.0000 -0.9537
vn 0.0038 0.0871 0.9962
vn -0.0038 -0.0864 0.9963
vn 0.0013 0.0291 0.9996
vn 0.0013 0.0290 0.9996
vn -0.0038 -0.0871 -0.9962
vn -0.0038 0.0871 0.9962
vn 0.0038 -0.0864 0.9963
vn -0.0013 0.0291 0.9996
vn -0.0013 0.0290 0.9996
vn 0.0038 -0.0871 -0.9962
vn 0.0037 -0.0864 0.9963
vn -0.0000 0.0872 0.9962
vn -0.0000 -0.0872 -0.9962
vn -0.0000 0.9962 -0.0872
vn -0.0000 -0.9962 0.0872
vn -0.0000 -0.0865 0.9963
vn -0.0000 0.0291 0.9996
vn 0.1736 -0.0000 0.9848
vn -0.9615 -0.2164 0.1695
vn -0.1736 -0.0000 -0.9848
vn 0.9615 0.2164 -0.1695
vn -0.2132 0.9763 0.0376
vn 0.2132 -0.9763 -0.0376
vn -0.4907 0.1138 0.8638
vn -0.8533 -0.2631 -0.4501
vn 0.4907 -0.1138 -0.8638
vn 0.8533 0.2631 0.4501
vn -0.1761 0.9580 -0.2262
vn 0.1761 -0.9580 0.2262
vn 0.1656 0.0522 0.9848
vn -0.1656 -0.0522 -0.9848
vn -0.9282 0.3456 0.1378
vn 0.9282 -0.3456 -0.1378
vn -0.5736 -0.0000 0.8192
vn -0.8192 -0.0000 -0.5736
vn 0.5736 -0.0000 -0.8192
vn 0.8192 -0.0000 0.5736
vn 0.5736 -0.0000 0.8192
vn -0.8192 -0.0000 0.5736
vn -0.5736 -0.0000 -0.8192
vn 0.8192 -0.0000 -0.5736
vn -0.9763 -0.2164 -0.0000
vn 0.9763 0.2164 -0.0000
vn -0.2164 0.9763 -0.0000
vn 0.2164 -0.9763 -0.0000
vn -0.9397 0.3420 -0.0000
vn 0.9397 -0.3420 -0.0000
vn -0.9537 -0.3007 -0.0000
vn 0.9537 0.3007 -0.0000
vn -0.3007 0.9537 -0.0000
vn 0.3007 -0.9537 -0.0000
vn -0.7481 0.4532 -0.4847
vn 0.7481 -0.4532 0.4847
vn 0.7934 -0.0000 0.6088
vn -0.6088 -0.0000 0.7933
vn -0.7934 -0.0000 -0.6088
vn 0.6088 -0.0000 -0.7934
vn 0.6294 0.6088 0.4830
vn -0.6294 -0.6088 -0.4830
vn -0.4830 0.7934 -0.3706
vn 0.4830 -0.7934 0.3706
vn 0.4830 -0.7933 0.3706
vn 0.6087 -0.0000 -0.7934
vn -0.4830 0.7933 -0.3706
vn -0.6088 -0.0000 0.7934
vn 0.6088 -0.0000 -0.7933
vn -0.9990 0.0436 -0.0000
vn 0.9990 -0.0436 -0.0000
vn 0.0435 0.9952 -0.0872
vn -0.0435 -0.9952 0.0872
vn 0.2588 -0.0000 0.9659
vn -0.9659 -0.0000 0.2588
vn -0.2588 -0.0000 -0.9659
vn 0.9659 -0.0000 -0.2588
vn -0.3420 -0.0000 0.9397
vn -0.9317 0.1305 -0.3391
vn 0.3420 -0.0000 -0.9397
vn 0.9317 -0.1305 0.3391
vn 0.1227 0.9914 0.0446
vn -0.1227 -0.9914 -0.0446
vn 0.2164 -0.0000 0.9763
vn -0.9679 0.1305 0.2146
vn -0.2164 -0.0000 -0.9763
vn 0.9679 -0.1305 -0.2146
vn 0.1274 0.9914 -0.0283
vn -0.1274 -0.9914 0.0283
vn 0.8434 -0.0000 0.5373
vn -0.5373 -0.0000 0.8434
vn -0.8434 -0.0000 -0.5373
vn 0.5373 -0.0000 -0.8434
vn -0.9194 0.2778 0.2785
vn 0.9194 -0.2778 -0.2785
vn -0.2540 0.1216 -0.9595
vn 0.2540 -0.1216 0.9595
vn 0.3747 0.8338 0.4053
vn -0.3747 -0.8338 -0.4053
vn -0.1197 0.4770 -0.8707
vn 0.1197 -0.4770 0.8707
vn 0.3420 -0.0000 0.9397
vn -0.9397 -0.0000 0.3420
vn -0.3420 -0.0000 -0.9397
vn 0.9397 -0.0000 -0.3420
vn -0.1736 -0.0000 0.9848
vn -0.9615 0.2164 -0.1695
vn 0.1736 -0.0000 -0.9848
vn 0.9615 -0.2164 0.1695
vn 0.2132 0.9763 0.0376
vn -0.2132 -0.9763 -0.0376
vn 0.4907 0.1138 0.8638
vn -0.8533 0.2631 0.4501
vn -0.4907 -0.1138 -0.8638
vn 0.8533 -0.2631 -0.4501
vn 0.1761 0.9580 -0.2262
vn -0.1761 -0.9580 0.2262
vn -0.1656 0.0522 0.9848
vn -0.3332 0.9369 -0.1057
vn 0.1656 -0.0522 -0.9848
vn 0.3332 -0.9369 0.1057
vn 0.9282 0.3456 0.1378
vn -0.9282 -0.3456 -0.1378
vn 0.5736 -0.0000 0.8191
vn -0.9763 0.2164 -0.0000
vn 0.9763 -0.2164 -0.0000
vn 0.2164 0.9763 -0.0000
vn -0.2164 -0.9763 -0.0000
vn -0.3420 0.9397 -0.0000
vn 0.3420 -0.9397 -0.0000
vn 0.9397 0.3420 -0.0000
vn -0.9397 -0.3420 -0.0000
vn -0.0000 -0.9537 0.3007
vn -0.0000 0.9537 -0.3007
vn -0.0000 0.3007 0.9537
vn -0.0000 -0.3007 -0.9537
vn -0.0000 0.0436 -0.9990
vn -0.0000 -0.0436 0.9990
vn -0.9537 0.3007 -0.0000
vn 0.9537 -0.3007 -0.0000
vn 0.3007 0.9537 -0.0000
vn -0.3007 -0.9537 -0.0000
vn -0.4467 0.8841 0.1373
vn 0.4467 -0.8841 -0.1373
vn 0.7481 0.4532 -0.4847
vn -0.7481 -0.4532 0.4847
vn -0.7934 -0.0000 0.6088
vn -0.6088 -0.0000 -0.7933
vn 0.7933 -0.0000 -0.6088
vn 0.6088 -0.0000 0.7934
vn -0.6294 0.6088 0.4830
vn -0.6088 -0.0000 -0.7934
vn 0.6294 -0.6088 -0.4830
vn 0.6088 -0.0000 0.7933
vn 0.4830 0.7934 -0.3706
vn -0.4830 -0.7934 0.3706
vn 0.6087 -0.0000 0.7934
vn 0.4830 0.7933 -0.3706
vn -0.7933 -0.0000 0.6088
vn 0.7934 -0.0000 -0.6088
vn -0.9990 -0.0436 -0.0000
vn 0.9990 0.0436 -0.0000
vn -0.0435 0.9952 -0.0872
vn 0.0435 -0.9952 0.0872
vn -0.2588 -0.0000 0.9659
vn -0.9659 -0.0000 -0.2588
vn 0.2588 -0.0000 -0.9659
vn 0.9659 -0.0000 0.2588
vn -0.9317 -0.1305 0.3391
vn 0.9317 0.1305 -0.3391
vn -0.1227 0.9914 0.0446
vn 0.1227 -0.9914 -0.0446
vn -0.2164 -0.0000 0.9763
vn -0.9679 -0.1305 -0.2146
vn 0.2164 -0.0000 -0.9763
vn 0.9679 0.1305 0.2146
vn -0.1274 0.9914 -0.0283
vn 0.1274 -0.9914 0.0283
vn -0.8434 -0.0000 0.5373
vn -0.5373 -0.0000 -0.8434
vn 0.8434 -0.0000 -0.5373
vn 0.5373 -0.0000 0.8434
vn -0.3004 0.9529 0.0413
vn -0.9194 -0.2778 -0.2785
vn 0.3004 -0.9529 -0.0413
vn 0.9194 0.2777 0.2785
vn 0.2540 0.1216 -0.9595
vn -0.2540 -0.1216 0.9595
vn -0.3747 0.8338 0.4053
vn -0.9194 -0.2777 -0.2785
vn 0.3747 -0.8338 -0.4053
vn 0.9194 0.2778 0.2785
vn 0.1197 0.4770 -0.8707
vn -0.1197 -0.4770 0.8707
vn -0.8870 -0.4617 -0.0000
vn 0.8870 0.4617 -0.0000
vn -0.4618 0.8870 -0.0000
vn 0.4618 -0.8870 -0.0000
vn -0.8434 0.5373 -0.0000
vn 0.8434 -0.5373 -0.0000
vn 0.5373 0.8434 -0.0000
vn -0.5373 -0.8434 -0.0000
vn 0.5000 -0.0000 0.8660
vn -0.7304 0.5373 0.4217
vn -0.5000 -0.0000 -0.8660
vn 0.7304 -0.5373 -0.4217
vn 0.4653 0.8434 -0.2686
vn -0.4653 -0.8434 0.2686
vn -0.7682 -0.4617 0.4435
vn 0.7682 0.4617 -0.4435
vn -0.3999 0.8870 0.2309
vn 0.3999 -0.8870 -0.2309
vn -0.4736 0.1858 0.8609
vn 0.4736 -0.1858 -0.8609
vn 0.5194 0.8483 0.1026
vn -0.5194 -0.8483 -0.1026
vn -0.4351 0.1383 0.8897
vn -0.8118 -0.4876 -0.3212
vn 0.4351 -0.1383 -0.8897
vn 0.8118 0.4876 0.3211
vn -0.3894 0.8620 -0.3245
vn 0.3894 -0.8620 0.3245
vn -0.4547 0.1736 0.8735
vn -0.8870 -0.0000 -0.4618
vn 0.4547 -0.1736 -0.8735
vn 0.8870 -0.0000 0.4618
vn 0.4617 -0.0000 0.8870
vn -0.8870 -0.0000 0.4617
vn -0.4617 -0.0000 -0.8870
vn 0.8870 -0.0000 -0.4617
vn -0.4653 -0.8434 0.2687
vn 0.2527 0.0560 0.9659
vn -0.8738 -0.4154 0.2527
vn -0.2527 -0.0560 -0.9659
vn 0.8738 0.4154 -0.2527
vn -0.4154 0.9079 0.0560
vn 0.4154 -0.9079 -0.0560
vn -0.8615 0.4674 0.1983
vn 0.8615 -0.4674 -0.1983
vn 0.4404 0.8823 -0.1664
vn -0.4404 -0.8823 0.1664
vn -0.8660 -0.0000 0.5000
vn 0.8660 -0.0000 -0.5000
vn 0.8660 -0.0000 0.5000
vn -0.5000 -0.0000 0.8660
vn -0.8660 -0.0000 -0.5000
vn 0.5000 -0.0000 -0.8660
vn -0.0000 -0.2164 0.9763
vn -0.0000 0.2164 -0.9763
vn -0.0000 0.9763 0.2164
vn -0.0000 -0.9763 -0.2164
vn -0.9659 0.2588 -0.0000
vn 0.9659 -0.2588 -0.0000
vn 0.2588 0.9659 -0.0000
vn -0.2588 -0.9659 -0.0000
vn -0.4547 0.1737 0.8735
vn -0.8870 -0.0000 -0.4617
vn 0.8870 -0.0000 0.4617
vn 0.4618 -0.0000 0.8870
vn -0.8870 -0.0000 0.4618
vn -0.0000 -0.3420 0.9397
vn -0.0000 0.3420 -0.9397
vn -0.0000 0.9397 0.3420
vn -0.0000 -0.9397 -0.3420
vn -0.9962 0.0872 -0.0000
vn 0.9962 -0.0872 -0.0000
vn 0.0872 0.9962 -0.0000
vn -0.0872 -0.9962 -0.0000
vt 0.255859 0.494141
vt 0.548828 0.691406
vt 0.724609 0.779297
vt 0.230469 0.490234
vt 0.257812 0.494141
vt 0.724609 0.777344
vt 0.255859 0.464844
vt 0.548828 0.662109
vt 0.724609 0.777344
vt 0.230469 0.460938
vt 0.257812 0.464844
vt 0.724609 0.775391
vt 0.255859 0.490234
vt 0.308594 0.279297
vt 0.750000 0.777344
vt 0.523438 0.691406
vt 0.310547 0.279297
vt 0.750000 0.779297
vt 0.255859 0.460938
vt 0.308594 0.250000
vt 0.750000 0.775391
vt 0.523438 0.662109
vt 0.310547 0.250000
vt 0.750000 0.777344
vt 0.701172 0.441406
vt 0.714844 0.492188
vt 0.574219 0.869141
vt 0.689453 0.498047
vt 0.720703 0.441406
vt 0.574219 0.849609
vt 0.701172 0.435547
vt 0.714844 0.486328
vt 0.574219 0.751953
vt 0.689453 0.492188
vt 0.720703 0.435547
vt 0.574219 0.732422
vt 0.714844 0.498047
vt 0.701172 0.339844
vt 0.599609 0.849609
vt 0.689453 0.492188
vt 0.720703 0.339844
vt 0.599609 0.869141
vt 0.714844 0.492188
vt 0.701172 0.333984
vt 0.599609 0.732422
vt 0.689453 0.486328
vt 0.720703 0.333984
vt 0.599609 0.751953
vt 0.212891 0.316406
vt 0.712891 0.730469
vt 0.470703 0.628906
vt 0.695312 0.814453
vt 0.216797 0.316406
vt 0.470703 0.625000
vt 0.212891 0.308594
vt 0.712891 0.722656
vt 0.535156 0.591797
vt 0.695312 0.806641
vt 0.216797 0.308594
vt 0.535156 0.587891
vt 0.712891 0.814453
vt 0.722656 0.769531
vt 0.488281 0.625000
vt 0.695312 0.730469
vt 0.726562 0.769531
vt 0.488281 0.628906
vt 0.712891 0.806641
vt 0.722656 0.761719
vt 0.552734 0.587891
vt 0.695312 0.722656
vt 0.726562 0.761719
vt 0.552734 0.591797
vt 0.701172 0.300781
vt 0.718750 0.960938
vt 0.576172 0.660156
vt 0.691406 0.626953
vt 0.720703 0.300781
vt 0.576172 0.640625
vt 0.701172 0.294922
vt 0.718750 0.955078
vt 0.000000 0.421875
vt 0.691406 0.621094
vt 0.720703 0.294922
vt 0.000000 0.402344
vt 0.716797 0.626953
vt 0.703125 0.910156
vt 0.601562 0.640625
vt 0.693359 0.960938
vt 0.722656 0.910156
vt 0.601562 0.660156
vt 0.716797 0.621094
vt 0.703125 0.904297
vt 0.025391 0.402344
vt 0.693359 0.955078
vt 0.722656 0.904297
vt 0.025391 0.421875
vt 0.732422 0.841797
vt 0.716797 0.978516
vt 0.552734 0.904297
vt 0.697266 0.675781
vt 0.736328 0.841797
vt 0.552734 0.900391
vt 0.732422 0.833984
vt 0.716797 0.970703
vt 0.593750 0.777344
vt 0.697266 0.667969
vt 0.736328 0.833984
vt 0.593750 0.773438
vt 0.714844 0.675781
vt 0.166016 0.267578
vt 0.570312 0.900391
vt 0.699219 0.978516
vt 0.169922 0.267578
vt 0.570312 0.904297
vt 0.714844 0.667969
vt 0.166016 0.259766
vt 0.611328 0.773438
vt 0.699219 0.970703
vt 0.169922 0.259766
vt 0.611328 0.777344
vt 0.589844 0.279297
vt 0.548828 0.492188
vt 0.724609 0.582031
vt 0.523438 0.535156
vt 0.591797 0.279297
vt 0.724609 0.580078
vt 0.589844 0.250000
vt 0.548828 0.462891
vt 0.724609 0.580078
vt 0.523438 0.505859
vt 0.591797 0.250000
vt 0.724609 0.578125
vt 0.548828 0.535156
vt 0.025391 0.277344
vt 0.750000 0.580078
vt 0.523438 0.492188
vt 0.027344 0.277344
vt 0.750000 0.582031
vt 0.548828 0.505859
vt 0.025391 0.248047
vt 0.750000 0.578125
vt 0.523438 0.462891
vt 0.027344 0.248047
vt 0.750000 0.580078
vt 0.365234 0.767578
vt 0.000000 1.000000
vt 0.000000 1.000000
vt 0.433594 0.767578
vt 0.000000 0.931641
vt 0.365234 0.742188
vt 0.000000 0.974609
vt 0.000000 1.000000
vt 0.000000 0.974609
vt 0.433594 0.742188
vt 0.000000 0.931641
vt 0.000000 1.000000
vt 0.365234 0.742188
vt 0.000000 0.931641
vt 0.433594 0.742188
vt 0.000000 1.000000
vt 0.000000 0.974609
vt 0.365234 0.716797
vt 0.000000 0.931641
vt 0.000000 0.974609
vt 0.433594 0.716797
vt 0.000000 1.000000
vt 0.664062 0.906250
vt 0.000000 1.000000
vt 0.000000 1.000000
vt 0.681641 0.906250
vt 0.000000 0.982422
vt 0.664062 0.892578
vt 0.000000 0.986328
vt 0.000000 1.000000
vt 0.000000 0.986328
vt 0.681641 0.892578
vt 0.000000 0.982422
vt 0.000000 1.000000
vt 0.664062 0.427734
vt 0.000000 0.982422
vt 0.681641 0.427734
vt 0.000000 1.000000
vt 0.000000 0.986328
vt 0.664062 0.414062
vt 0.000000 0.982422
vt 0.000000 0.986328
vt 0.681641 0.414062
vt 0.000000 1.000000
vt 0.599609 0.751953
vt 0.000000 1.000000
vt 0.000000 1.000000
vt 0.625000 0.751953
vt 0.000000 0.974609
vt 0.599609 0.736328
vt 0.000000 0.984375
vt 0.000000 1.000000
vt 0.000000 0.984375
vt 0.625000 0.736328
vt 0.000000 0.974609
vt 0.000000 1.000000
vt 0.347656 0.400391
vt 0.000000 0.974609
vt 0.373047 0.400391
vt 0.000000 1.000000
vt 0.000000 0.984375
vt 0.347656 0.384766
vt 0.000000 0.974609
vt 0.000000 0.984375
vt 0.373047 0.384766
vt 0.000000 1.000000
vt 0.720703 0.480469
vt 0.000000 1.000000
vt 0.000000 1.000000
vt 0.726562 0.480469
vt 0.000000 0.994141
vt 0.720703 0.468750
vt 0.000000 0.988281
vt 0.000000 1.000000
vt 0.000000 0.988281
vt 0.726562 0.468750
vt 0.000000 0.994141
vt 0.000000 1.000000
vt 0.720703 0.468750
vt 0.000000 0.994141
vt 0.726562 0.468750
vt 0.000000 1.000000
vt 0.000000 0.988281
vt 0.720703 0.457031
vt 0.000000 0.994141
vt 0.000000 0.988281
vt 0.726562 0.457031
vt 0.000000 1.000000
vt 0.365234 0.767578
vt 0.000000 1.000000
vt 0.082031 0.687500
vt 0.000000 1.000000
vt 0.000000 0.955078
vt 0.365234 0.722656
vt 0.000000 1.000000
vt 0.082031 0.642578
vt 0.000000 0.955078
vt 0.000000 1.000000
vt 0.125000 0.687500
vt 0.000000 1.000000
vt 0.042969 1.000000
vt 0.322266 0.767578
vt 0.000000 1.000000
vt 0.042969 1.000000
vt 0.125000 0.642578
vt 0.000000 0.955078
vt 0.042969 1.000000
vt 0.322266 0.722656
vt 0.000000 0.955078
vt 0.042969 1.000000
vt 0.574219 0.746094
vt 0.000000 1.000000
vt 0.138672 0.466797
vt 0.000000 1.000000
vt 0.000000 0.982422
vt 0.574219 0.728516
vt 0.000000 1.000000
vt 0.138672 0.449219
vt 0.000000 0.982422
vt 0.000000 1.000000
vt 0.179688 0.466797
vt 0.000000 1.000000
vt 0.041016 1.000000
vt 0.533203 0.746094
vt 0.000000 1.000000
vt 0.041016 1.000000
vt 0.179688 0.449219
vt 0.000000 0.982422
vt 0.041016 1.000000
vt 0.533203 0.728516
vt 0.000000 0.982422
vt 0.041016 1.000000
vt 0.570312 0.900391
vt 0.000000 1.000000
vt 0.439453 0.470703
vt 0.000000 1.000000
vt 0.000000 0.980469
vt 0.570312 0.880859
vt 0.000000 1.000000
vt 0.439453 0.451172
vt 0.000000 0.980469
vt 0.000000 1.000000
vt 0.476562 0.470703
vt 0.000000 1.000000
vt 0.037109 1.000000
vt 0.533203 0.900391
vt 0.000000 1.000000
vt 0.037109 1.000000
vt 0.476562 0.451172
vt 0.000000 0.980469
vt 0.037109 1.000000
vt 0.533203 0.880859
vt 0.000000 0.980469
vt 0.037109 1.000000
vt 0.609375 0.724609
vt 0.000000 1.000000
vt 0.000000 1.000000
vt 0.652344 0.724609
vt 0.000000 0.957031
vt 0.609375 0.716797
vt 0.000000 0.992188
vt 0.000000 1.000000
vt 0.000000 0.992188
vt 0.652344 0.716797
vt 0.000000 0.957031
vt 0.000000 1.000000
vt 0.611328 0.837891
vt 0.000000 0.957031
vt 0.654297 0.837891
vt 0.000000 1.000000
vt 0.000000 0.992188
vt 0.611328 0.830078
vt 0.000000 0.957031
vt 0.000000 0.992188
vt 0.654297 0.830078
vt 0.000000 1.000000
vt 0.000000 1.000000
vt 0.007812 1.000000
vt 0.488281 0.394531
vt 0.000000 1.000000
vt 0.042969 1.000000
vt 0.488281 0.351562
vt 0.000000 1.000000
vt 0.007812 1.000000
vt 0.033203 0.392578
vt 0.000000 1.000000
vt 0.042969 1.000000
vt 0.033203 0.349609
vt 0.007812 1.000000
vt 0.000000 1.000000
vt 0.496094 0.351562
vt 0.000000 1.000000
vt 0.042969 1.000000
vt 0.496094 0.394531
vt 0.007812 1.000000
vt 0.000000 1.000000
vt 0.041016 0.349609
vt 0.000000 1.000000
vt 0.042969 1.000000
vt 0.041016 0.392578
vt 0.000000 1.000000
vt 0.019531 1.000000
vt 0.201172 0.457031
vt 0.000000 1.000000
vt 0.035156 1.000000
vt 0.201172 0.421875
vt 0.000000 1.000000
vt 0.019531 1.000000
vt 0.072266 0.453125
vt 0.000000 1.000000
vt 0.035156 1.000000
vt 0.072266 0.417969
vt 0.019531 1.000000
vt 0.000000 1.000000
vt 0.220703 0.421875
vt 0.000000 1.000000
vt 0.035156 1.000000
vt 0.220703 0.457031
vt 0.019531 1.000000
vt 0.000000 1.000000
vt 0.091797 0.417969
vt 0.000000 1.000000
vt 0.035156 1.000000
vt 0.091797 0.453125
vt 0.634766 0.972656
vt 0.000000 1.000000
vt 0.441406 0.853516
vt 0.000000 1.000000
vt 0.000000 0.990234
vt 0.634766 0.962891
vt 0.000000 1.000000
vt 0.441406 0.843750
vt 0.000000 0.990234
vt 0.000000 1.000000
vt 0.484375 0.853516
vt 0.000000 1.000000
vt 0.042969 1.000000
vt 0.591797 0.972656
vt 0.000000 1.000000
vt 0.042969 1.000000
vt 0.484375 0.843750
vt 0.000000 0.990234
vt 0.042969 1.000000
vt 0.591797 0.962891
vt 0.000000 0.990234
vt 0.042969 1.000000
vt 0.537109 1.000000
vt 0.671875 1.000000
vt 0.185547 0.423828
vt 0.525391 0.345703
vt 0.539062 1.000000
vt 0.185547 0.421875
vt 0.537109 0.982422
vt 0.671875 0.982422
vt 0.677734 0.960938
vt 0.525391 0.328125
vt 0.539062 0.982422
vt 0.677734 0.958984
vt 0.541016 0.345703
vt 0.371094 0.312500
vt 0.201172 0.421875
vt 0.656250 1.000000
vt 0.373047 0.312500
vt 0.201172 0.423828
vt 0.541016 0.328125
vt 0.371094 0.294922
vt 0.693359 0.958984
vt 0.656250 0.982422
vt 0.373047 0.294922
vt 0.693359 0.960938
vt 0.742188 0.306641
vt 0.000000 1.000000
vt 0.734375 0.328125
vt 0.000000 1.000000
vt 0.000000 0.998047
vt 0.742188 0.304688
vt 0.000000 1.000000
vt 0.734375 0.326172
vt 0.000000 0.998047
vt 0.000000 1.000000
vt 0.742188 0.328125
vt 0.000000 1.000000
vt 0.007812 1.000000
vt 0.734375 0.306641
vt 0.000000 1.000000
vt 0.007812 1.000000
vt 0.742188 0.326172
vt 0.000000 0.998047
vt 0.007812 1.000000
vt 0.734375 0.304688
vt 0.000000 0.998047
vt 0.007812 1.000000
vt 0.269531 0.283203
vt 0.285156 0.283203
vt 0.720703 0.742188
vt 0.261719 0.283203
vt 0.277344 0.283203
vt 0.720703 0.734375
vt 0.269531 0.271484
vt 0.285156 0.271484
vt 0.720703 0.591797
vt 0.261719 0.271484
vt 0.277344 0.271484
vt 0.720703 0.583984
vt 0.269531 0.283203
vt 0.716797 0.722656
vt 0.728516 0.734375
vt 0.277344 0.283203
vt 0.724609 0.722656
vt 0.728516 0.742188
vt 0.269531 0.271484
vt 0.716797 0.710938
vt 0.728516 0.583984
vt 0.277344 0.271484
vt 0.724609 0.710938
vt 0.728516 0.591797
vt 0.085938 0.320312
vt 0.000000 1.000000
vt 0.011719 0.330078
vt 0.000000 1.000000
vt 0.000000 0.923828
vt 0.085938 0.244141
vt 0.000000 1.000000
vt 0.011719 0.253906
vt 0.000000 0.923828
vt 0.000000 1.000000
vt 0.013672 0.330078
vt 0.000000 1.000000
vt 0.001953 1.000000
vt 0.083984 0.320312
vt 0.000000 1.000000
vt 0.001953 1.000000
vt 0.013672 0.253906
vt 0.000000 0.923828
vt 0.001953 1.000000
vt 0.083984 0.244141
vt 0.000000 0.923828
vt 0.001953 1.000000
vt 0.212891 0.316406
vt 0.000000 1.000000
vt 0.140625 0.316406
vt 0.000000 1.000000
vt 0.000000 0.923828
vt 0.212891 0.240234
vt 0.000000 1.000000
vt 0.140625 0.240234
vt 0.000000 0.923828
vt 0.000000 1.000000
vt 0.142578 0.316406
vt 0.000000 1.000000
vt 0.001953 1.000000
vt 0.210938 0.316406
vt 0.000000 1.000000
vt 0.001953 1.000000
vt 0.142578 0.240234
vt 0.000000 0.923828
vt 0.001953 1.000000
vt 0.210938 0.240234
vt 0.000000 0.923828
vt 0.001953 1.000000
vt 0.724609 0.783203
vt 0.746094 0.373047
vt 0.572266 0.492188
vt 0.726562 0.458984
vt 0.750000 0.783203
vt 0.572266 0.466797
vt 0.724609 0.781250
vt 0.746094 0.371094
vt 0.572266 0.466797
vt 0.726562 0.457031
vt 0.750000 0.781250
vt 0.572266 0.441406
vt 0.746094 0.458984
vt 0.724609 0.781250
vt 0.591797 0.466797
vt 0.726562 0.373047
vt 0.750000 0.781250
vt 0.591797 0.492188
vt 0.746094 0.457031
vt 0.724609 0.779297
vt 0.591797 0.441406
vt 0.726562 0.371094
vt 0.750000 0.779297
vt 0.591797 0.466797
vt 0.746094 0.873047
vt 0.000000 1.000000
vt 0.734375 0.921875
vt 0.000000 1.000000
vt 0.000000 0.998047
vt 0.746094 0.871094
vt 0.000000 1.000000
vt 0.734375 0.919922
vt 0.000000 0.998047
vt 0.000000 1.000000
vt 0.746094 0.921875
vt 0.000000 1.000000
vt 0.011719 1.000000
vt 0.734375 0.873047
vt 0.000000 1.000000
vt 0.011719 1.000000
vt 0.746094 0.919922
vt 0.000000 0.998047
vt 0.011719 1.000000
vt 0.734375 0.871094
vt 0.000000 0.998047
vt 0.011719 1.000000
vt 0.552734 0.929688
vt 0.537109 0.726562
vt 0.328125 0.595703
vt 0.488281 0.628906
vt 0.585938 0.929688
vt 0.328125 0.562500
vt 0.552734 0.912109
vt 0.537109 0.708984
vt 0.373047 0.595703
vt 0.488281 0.611328
vt 0.585938 0.912109
vt 0.373047 0.562500
vt 0.533203 0.628906
vt 0.000000 0.439453
vt 0.373047 0.562500
vt 0.492188 0.726562
vt 0.033203 0.439453
vt 0.373047 0.595703
vt 0.533203 0.611328
vt 0.000000 0.421875
vt 0.417969 0.562500
vt 0.492188 0.708984
vt 0.033203 0.421875
vt 0.417969 0.595703
vt 0.427734 0.945312
vt 0.179688 0.281250
vt 0.179688 0.787109
vt 0.171875 0.281250
vt 0.496094 0.945312
vt 0.179688 0.718750
vt 0.427734 0.927734
vt 0.179688 0.263672
vt 0.068359 0.355469
vt 0.171875 0.263672
vt 0.496094 0.927734
vt 0.068359 0.287109
vt 0.175781 0.281250
vt 0.427734 0.927734
vt 0.183594 0.718750
vt 0.175781 0.281250
vt 0.496094 0.927734
vt 0.183594 0.787109
vt 0.175781 0.263672
vt 0.427734 0.910156
vt 0.072266 0.287109
vt 0.175781 0.263672
vt 0.496094 0.910156
vt 0.072266 0.355469
vt 0.566406 0.507812
vt 0.173828 0.417969
vt 0.451172 0.345703
vt 0.072266 0.470703
vt 0.599609 0.507812
vt 0.451172 0.312500
vt 0.566406 0.492188
vt 0.173828 0.402344
vt 0.142578 0.341797
vt 0.072266 0.455078
vt 0.599609 0.492188
vt 0.142578 0.308594
vt 0.080078 0.470703
vt 0.570312 0.904297
vt 0.458984 0.312500
vt 0.166016 0.417969
vt 0.603516 0.904297
vt 0.458984 0.345703
vt 0.080078 0.455078
vt 0.570312 0.888672
vt 0.150391 0.308594
vt 0.166016 0.402344
vt 0.603516 0.888672
vt 0.150391 0.341797
vt 0.359375 0.949219
vt 0.431641 0.292969
vt 0.171875 0.349609
vt 0.060547 0.292969
vt 0.427734 0.949219
vt 0.171875 0.281250
vt 0.359375 0.923828
vt 0.431641 0.267578
vt 0.175781 0.349609
vt 0.060547 0.267578
vt 0.427734 0.923828
vt 0.175781 0.281250
vt 0.064453 0.292969
vt 0.359375 0.923828
vt 0.175781 0.281250
vt 0.427734 0.292969
vt 0.427734 0.923828
vt 0.175781 0.349609
vt 0.064453 0.267578
vt 0.359375 0.898438
vt 0.179688 0.281250
vt 0.427734 0.267578
vt 0.427734 0.898438
vt 0.179688 0.349609
vt 0.640625 0.804688
vt 0.535156 0.611328
vt 0.185547 0.466797
vt 0.082031 0.513672
vt 0.681641 0.804688
vt 0.185547 0.425781
vt 0.640625 0.798828
vt 0.535156 0.605469
vt 0.064453 0.322266
vt 0.082031 0.507812
vt 0.681641 0.798828
vt 0.064453 0.281250
vt 0.085938 0.513672
vt 0.640625 0.771484
vt 0.189453 0.425781
vt 0.531250 0.611328
vt 0.681641 0.771484
vt 0.189453 0.466797
vt 0.085938 0.507812
vt 0.640625 0.765625
vt 0.068359 0.281250
vt 0.531250 0.605469
vt 0.681641 0.765625
vt 0.068359 0.322266
vt 0.687500 0.759766
vt 0.486328 0.328125
vt 0.027344 0.291016
vt 0.054688 0.361328
vt 0.712891 0.759766
vt 0.027344 0.265625
vt 0.687500 0.753906
vt 0.486328 0.322266
vt 0.031250 0.291016
vt 0.054688 0.355469
vt 0.712891 0.753906
vt 0.031250 0.265625
vt 0.058594 0.361328
vt 0.689453 0.748047
vt 0.031250 0.265625
vt 0.482422 0.328125
vt 0.714844 0.748047
vt 0.031250 0.291016
vt 0.058594 0.355469
vt 0.689453 0.742188
vt 0.035156 0.265625
vt 0.482422 0.322266
vt 0.714844 0.742188
vt 0.035156 0.291016
vt 0.476562 0.535156
vt 0.298828 0.267578
vt 0.324219 0.582031
vt 0.732422 0.716797
vt 0.496094 0.535156
vt 0.324219 0.562500
vt 0.476562 0.529297
vt 0.298828 0.261719
vt 0.519531 0.458984
vt 0.732422 0.710938
vt 0.496094 0.529297
vt 0.519531 0.439453
vt 0.736328 0.716797
vt 0.697266 0.753906
vt 0.328125 0.562500
vt 0.294922 0.267578
vt 0.716797 0.753906
vt 0.328125 0.582031
vt 0.736328 0.710938
vt 0.697266 0.748047
vt 0.523438 0.439453
vt 0.294922 0.261719
vt 0.716797 0.748047
vt 0.523438 0.458984
vt 0.619141 0.962891
vt 0.195312 0.281250
vt 0.187500 0.281250
vt 0.636719 0.962891
vt 0.195312 0.263672
vt 0.619141 0.945312
vt 0.195312 0.263672
vt 0.232422 0.281250
vt 0.187500 0.263672
vt 0.636719 0.945312
vt 0.232422 0.263672
vt 0.191406 0.281250
vt 0.619141 0.421875
vt 0.199219 0.263672
vt 0.191406 0.281250
vt 0.636719 0.421875
vt 0.199219 0.281250
vt 0.191406 0.263672
vt 0.619141 0.404297
vt 0.236328 0.263672
vt 0.191406 0.263672
vt 0.636719 0.404297
vt 0.236328 0.281250
vt 0.125000 0.656250
vt 0.728516 0.367188
vt 0.236328 0.281250
vt 0.593750 0.275391
vt 0.142578 0.656250
vt 0.236328 0.263672
vt 0.125000 0.642578
vt 0.728516 0.353516
vt 0.240234 0.281250
vt 0.593750 0.261719
vt 0.142578 0.642578
vt 0.240234 0.263672
vt 0.597656 0.275391
vt 0.662109 0.441406
vt 0.240234 0.263672
vt 0.724609 0.367188
vt 0.679688 0.441406
vt 0.240234 0.281250
vt 0.597656 0.261719
vt 0.662109 0.427734
vt 0.244141 0.263672
vt 0.724609 0.353516
vt 0.679688 0.427734
vt 0.244141 0.281250
vt 0.605469 0.433594
vt 0.451172 0.408203
vt 0.212891 0.611328
vt 0.298828 0.416016
vt 0.634766 0.433594
vt 0.212891 0.582031
vt 0.605469 0.421875
vt 0.451172 0.396484
vt 0.548828 0.492188
vt 0.298828 0.404297
vt 0.634766 0.421875
vt 0.548828 0.462891
vt 0.302734 0.416016
vt 0.609375 0.736328
vt 0.216797 0.582031
vt 0.447266 0.408203
vt 0.638672 0.736328
vt 0.216797 0.611328
vt 0.302734 0.404297
vt 0.609375 0.724609
vt 0.552734 0.462891
vt 0.447266 0.396484
vt 0.638672 0.724609
vt 0.552734 0.492188
vt 0.664062 0.958984
vt 0.644531 0.583984
vt 0.166016 0.328125
vt 0.220703 0.371094
vt 0.693359 0.958984
vt 0.166016 0.298828
vt 0.664062 0.951172
vt 0.644531 0.576172
vt 0.291016 0.328125
vt 0.220703 0.363281
vt 0.693359 0.951172
vt 0.291016 0.298828
vt 0.226562 0.371094
vt 0.664062 0.414062
vt 0.171875 0.298828
vt 0.638672 0.583984
vt 0.693359 0.414062
vt 0.171875 0.328125
vt 0.226562 0.363281
vt 0.664062 0.406250
vt 0.296875 0.298828
vt 0.638672 0.576172
vt 0.693359 0.406250
vt 0.296875 0.328125
vt 0.597656 1.000000
vt 0.638672 0.494141
vt 0.085938 0.330078
vt 0.480469 0.386719
vt 0.623047 1.000000
vt 0.085938 0.304688
vt 0.597656 0.984375
vt 0.638672 0.478516
vt 0.025391 0.328125
vt 0.480469 0.371094
vt 0.623047 0.984375
vt 0.025391 0.302734
vt 0.488281 0.386719
vt 0.166016 0.402344
vt 0.093750 0.304688
vt 0.630859 0.494141
vt 0.191406 0.402344
vt 0.093750 0.330078
vt 0.488281 0.371094
vt 0.166016 0.386719
vt 0.033203 0.302734
vt 0.630859 0.478516
vt 0.191406 0.386719
vt 0.033203 0.328125
vt 0.542969 0.546875
vt 0.609375 0.285156
vt 0.173828 0.660156
vt 0.523438 0.285156
vt 0.548828 0.546875
vt 0.173828 0.654297
vt 0.542969 0.535156
vt 0.609375 0.273438
vt 0.144531 0.369141
vt 0.523438 0.273438
vt 0.548828 0.535156
vt 0.144531 0.363281
vt 0.531250 0.285156
vt 0.593750 0.880859
vt 0.181641 0.654297
vt 0.601562 0.285156
vt 0.599609 0.880859
vt 0.181641 0.660156
vt 0.531250 0.273438
vt 0.593750 0.869141
vt 0.152344 0.363281
vt 0.601562 0.273438
vt 0.599609 0.869141
vt 0.152344 0.369141
vt 0.703125 0.865234
vt 0.191406 0.378906
vt 0.324219 0.267578
vt 0.185547 0.425781
vt 0.708984 0.865234
vt 0.324219 0.261719
vt 0.703125 0.863281
vt 0.191406 0.376953
vt 0.732422 0.667969
vt 0.185547 0.423828
vt 0.708984 0.863281
vt 0.732422 0.662109
vt 0.189453 0.425781
vt 0.548828 0.296875
vt 0.328125 0.261719
vt 0.187500 0.378906
vt 0.554688 0.296875
vt 0.328125 0.267578
vt 0.189453 0.423828
vt 0.548828 0.294922
vt 0.736328 0.662109
vt 0.187500 0.376953
vt 0.554688 0.294922
vt 0.736328 0.667969
vt 0.451172 0.292969
vt 0.312500 0.347656
vt 0.232422 0.287109
vt 0.218750 0.369141
vt 0.457031 0.292969
vt 0.232422 0.281250
vt 0.451172 0.291016
vt 0.312500 0.345703
vt 0.535156 0.285156
vt 0.218750 0.367188
vt 0.457031 0.291016
vt 0.535156 0.279297
vt 0.220703 0.369141
vt 0.720703 0.296875
vt 0.234375 0.281250
vt 0.310547 0.347656
vt 0.726562 0.296875
vt 0.234375 0.287109
vt 0.220703 0.367188
vt 0.720703 0.294922
vt 0.537109 0.279297
vt 0.310547 0.345703
vt 0.726562 0.294922
vt 0.537109 0.285156
vt 0.634766 0.425781
vt 0.138672 0.453125
vt 0.140625 0.369141
vt 0.466797 0.654297
vt 0.636719 0.425781
vt 0.140625 0.367188
vt 0.634766 0.421875
vt 0.138672 0.449219
vt 0.207031 0.369141
vt 0.466797 0.650391
vt 0.636719 0.421875
vt 0.207031 0.367188
vt 0.470703 0.654297
vt 0.640625 0.617188
vt 0.144531 0.367188
vt 0.134766 0.453125
vt 0.642578 0.617188
vt 0.144531 0.369141
vt 0.470703 0.650391
vt 0.640625 0.613281
vt 0.210938 0.367188
vt 0.134766 0.449219
vt 0.642578 0.613281
vt 0.210938 0.369141
vt 0.642578 0.595703
vt 0.562500 0.365234
vt 0.640625 0.849609
vt 0.605469 0.736328
vt 0.644531 0.595703
vt 0.640625 0.847656
vt 0.642578 0.591797
vt 0.562500 0.361328
vt 0.099609 0.351562
vt 0.605469 0.732422
vt 0.644531 0.591797
vt 0.099609 0.349609
vt 0.609375 0.736328
vt 0.142578 0.345703
vt 0.644531 0.847656
vt 0.558594 0.365234
vt 0.144531 0.345703
vt 0.644531 0.849609
vt 0.609375 0.732422
vt 0.142578 0.341797
vt 0.103516 0.349609
vt 0.558594 0.361328
vt 0.144531 0.341797
vt 0.103516 0.351562
vt 0.736328 0.960938
vt 0.664062 0.427734
vt 0.259766 0.277344
vt 0.660156 0.640625
vt 0.742188 0.960938
vt 0.259766 0.271484
vt 0.736328 0.958984
vt 0.664062 0.425781
vt 0.009766 0.263672
vt 0.660156 0.638672
vt 0.742188 0.958984
vt 0.009766 0.257812
vt 0.662109 0.640625
vt 0.736328 0.958984
vt 0.261719 0.271484
vt 0.662109 0.427734
vt 0.742188 0.958984
vt 0.261719 0.277344
vt 0.662109 0.638672
vt 0.736328 0.957031
vt 0.011719 0.257812
vt 0.662109 0.425781
vt 0.742188 0.957031
vt 0.011719 0.263672
vt 0.736328 0.957031
vt 0.617188 0.349609
vt 0.339844 0.267578
vt 0.292969 0.351562
vt 0.742188 0.957031
vt 0.339844 0.261719
vt 0.736328 0.955078
vt 0.617188 0.347656
vt 0.343750 0.267578
vt 0.292969 0.349609
vt 0.742188 0.955078
vt 0.343750 0.261719
vt 0.296875 0.351562
vt 0.736328 0.951172
vt 0.343750 0.261719
vt 0.613281 0.349609
vt 0.742188 0.951172
vt 0.343750 0.267578
vt 0.296875 0.349609
vt 0.736328 0.949219
vt 0.347656 0.261719
vt 0.613281 0.347656
vt 0.742188 0.949219
vt 0.347656 0.267578
vt 0.351562 0.267578
vt 0.359375 0.267578
vt 0.113281 0.349609
vt 0.347656 0.267578
vt 0.355469 0.267578
vt 0.113281 0.345703
vt 0.351562 0.261719
vt 0.359375 0.261719
vt 0.216797 0.345703
vt 0.347656 0.261719
vt 0.355469 0.261719
vt 0.216797 0.341797
vt 0.351562 0.267578
vt 0.359375 0.267578
vt 0.117188 0.345703
vt 0.355469 0.267578
vt 0.363281 0.267578
vt 0.117188 0.349609
vt 0.351562 0.261719
vt 0.359375 0.261719
vt 0.220703 0.341797
vt 0.355469 0.261719
vt 0.363281 0.261719
vt 0.220703 0.345703
vt 0.306641 0.503906
vt 0.669922 0.468750
vt 0.423828 0.398438
vt 0.662109 0.748047
vt 0.318359 0.503906
vt 0.423828 0.386719
vt 0.306641 0.500000
vt 0.669922 0.464844
vt 0.496094 0.394531
vt 0.662109 0.744141
vt 0.318359 0.500000
vt 0.496094 0.382812
vt 0.666016 0.748047
vt 0.599609 0.496094
vt 0.427734 0.386719
vt 0.666016 0.468750
vt 0.611328 0.496094
vt 0.427734 0.398438
vt 0.666016 0.744141
vt 0.599609 0.492188
vt 0.500000 0.382812
vt 0.666016 0.464844
vt 0.611328 0.492188
vt 0.500000 0.394531
vt 0.642578 0.929688
vt 0.679688 0.667969
vt 0.572266 0.361328
vt 0.339844 0.332031
vt 0.654297 0.929688
vt 0.572266 0.349609
vt 0.642578 0.925781
vt 0.679688 0.664062
vt 0.085938 0.271484
vt 0.339844 0.328125
vt 0.654297 0.925781
vt 0.085938 0.259766
vt 0.343750 0.332031
vt 0.681641 0.417969
vt 0.576172 0.349609
vt 0.675781 0.667969
vt 0.693359 0.417969
vt 0.576172 0.361328
vt 0.343750 0.328125
vt 0.681641 0.414062
vt 0.089844 0.259766
vt 0.675781 0.664062
vt 0.693359 0.414062
vt 0.089844 0.271484
vt 0.687500 0.318359
vt 0.449219 0.316406
vt 0.089844 0.271484
vt 0.250000 0.318359
vt 0.699219 0.318359
vt 0.089844 0.259766
vt 0.687500 0.314453
vt 0.449219 0.312500
vt 0.728516 0.841797
vt 0.250000 0.314453
vt 0.699219 0.314453
vt 0.728516 0.830078
vt 0.253906 0.318359
vt 0.726562 0.734375
vt 0.093750 0.259766
vt 0.445312 0.316406
vt 0.738281 0.734375
vt 0.093750 0.271484
vt 0.253906 0.314453
vt 0.726562 0.730469
vt 0.732422 0.830078
vt 0.445312 0.312500
vt 0.738281 0.730469
vt 0.732422 0.841797
vt 0.726562 0.667969
vt 0.187500 0.371094
vt 0.537109 0.351562
vt 0.441406 0.873047
vt 0.732422 0.667969
vt 0.537109 0.345703
vt 0.726562 0.660156
vt 0.187500 0.363281
vt 0.652344 0.722656
vt 0.441406 0.865234
vt 0.732422 0.660156
vt 0.652344 0.716797
vt 0.449219 0.873047
vt 0.726562 0.632812
vt 0.544922 0.345703
vt 0.179688 0.371094
vt 0.732422 0.632812
vt 0.544922 0.351562
vt 0.449219 0.865234
vt 0.726562 0.625000
vt 0.660156 0.716797
vt 0.179688 0.363281
vt 0.732422 0.625000
vt 0.660156 0.722656
vt 0.656250 0.599609
vt 0.419922 0.625000
vt 0.736328 0.949219
vt 0.136719 0.691406
vt 0.658203 0.599609
vt 0.736328 0.947266
vt 0.656250 0.595703
vt 0.419922 0.621094
vt 0.736328 0.947266
vt 0.136719 0.687500
vt 0.658203 0.595703
vt 0.736328 0.945312
vt 0.142578 0.691406
vt 0.556641 0.343750
vt 0.742188 0.947266
vt 0.414062 0.625000
vt 0.558594 0.343750
vt 0.742188 0.949219
vt 0.142578 0.687500
vt 0.556641 0.339844
vt 0.742188 0.945312
vt 0.414062 0.621094
vt 0.558594 0.339844
vt 0.742188 0.947266
vt 0.658203 0.664062
vt 0.255859 0.494141
vt 0.736328 0.945312
vt 0.400391 0.533203
vt 0.660156 0.664062
vt 0.736328 0.943359
vt 0.658203 0.660156
vt 0.255859 0.490234
vt 0.736328 0.943359
vt 0.400391 0.529297
vt 0.660156 0.660156
vt 0.736328 0.941406
vt 0.406250 0.533203
vt 0.656250 0.339844
vt 0.742188 0.943359
vt 0.250000 0.494141
vt 0.658203 0.339844
vt 0.742188 0.945312
vt 0.406250 0.529297
vt 0.656250 0.335938
vt 0.742188 0.941406
vt 0.250000 0.490234
vt 0.658203 0.335938
vt 0.742188 0.943359
vt 0.728516 0.806641
vt 0.279297 0.363281
vt 0.390625 0.486328
vt 0.572266 0.441406
vt 0.732422 0.806641
vt 0.390625 0.482422
vt 0.728516 0.794922
vt 0.279297 0.351562
vt 0.564453 0.869141
vt 0.572266 0.429688
vt 0.732422 0.794922
vt 0.564453 0.865234
vt 0.582031 0.441406
vt 0.224609 0.271484
vt 0.400391 0.482422
vt 0.269531 0.363281
vt 0.228516 0.271484
vt 0.400391 0.486328
vt 0.582031 0.429688
vt 0.224609 0.259766
vt 0.574219 0.865234
vt 0.269531 0.351562
vt 0.228516 0.259766
vt 0.574219 0.869141
vt 0.730469 0.951172
vt 0.736328 0.916016
vt 0.730469 0.859375
vt 0.730469 0.960938
vt 0.736328 0.951172
vt 0.730469 0.853516
vt 0.730469 0.945312
vt 0.736328 0.910156
vt 0.142578 0.269531
vt 0.730469 0.955078
vt 0.736328 0.945312
vt 0.142578 0.263672
vt 0.736328 0.960938
vt 0.730469 0.865234
vt 0.736328 0.853516
vt 0.730469 0.916016
vt 0.736328 0.865234
vt 0.736328 0.859375
vt 0.736328 0.955078
vt 0.730469 0.859375
vt 0.148438 0.263672
vt 0.730469 0.910156
vt 0.736328 0.859375
vt 0.148438 0.269531
vt 0.669922 0.839844
vt 0.681641 0.806641
vt 0.732422 0.662109
vt 0.632812 0.675781
vt 0.671875 0.839844
vt 0.732422 0.660156
vt 0.669922 0.837891
vt 0.681641 0.804688
vt 0.367188 0.267578
vt 0.632812 0.673828
vt 0.671875 0.837891
vt 0.367188 0.265625
vt 0.644531 0.675781
vt 0.554688 0.326172
vt 0.744141 0.660156
vt 0.669922 0.806641
vt 0.556641 0.326172
vt 0.744141 0.662109
vt 0.644531 0.673828
vt 0.554688 0.324219
vt 0.378906 0.265625
vt 0.669922 0.804688
vt 0.556641 0.324219
vt 0.378906 0.267578
vt 0.265625 0.314453
vt 0.519531 0.369141
vt 0.179688 0.363281
vt 0.072266 0.455078
vt 0.267578 0.314453
vt 0.179688 0.361328
vt 0.265625 0.312500
vt 0.519531 0.367188
vt 0.644531 0.667969
vt 0.072266 0.453125
vt 0.267578 0.312500
vt 0.644531 0.666016
vt 0.080078 0.455078
vt 0.697266 0.978516
vt 0.187500 0.361328
vt 0.511719 0.369141
vt 0.699219 0.978516
vt 0.187500 0.363281
vt 0.080078 0.453125
vt 0.697266 0.976562
vt 0.652344 0.666016
vt 0.511719 0.367188
vt 0.699219 0.976562
vt 0.652344 0.667969
vt 0.611328 0.830078
vt 0.703125 0.435547
vt 0.023438 0.402344
vt 0.654297 0.302734
vt 0.652344 0.830078
vt 0.023438 0.361328
vt 0.611328 0.828125
vt 0.703125 0.433594
vt 0.310547 0.294922
vt 0.654297 0.300781
vt 0.652344 0.828125
vt 0.310547 0.253906
vt 0.656250 0.302734
vt 0.707031 0.894531
vt 0.025391 0.361328
vt 0.701172 0.435547
vt 0.748047 0.894531
vt 0.025391 0.402344
vt 0.656250 0.300781
vt 0.707031 0.892578
vt 0.312500 0.253906
vt 0.701172 0.433594
vt 0.748047 0.892578
vt 0.312500 0.294922
vt 0.429688 0.689453
vt 0.722656 0.417969
vt 0.312500 0.347656
vt 0.505859 0.281250
vt 0.498047 0.689453
vt 0.312500 0.279297
vt 0.429688 0.671875
vt 0.722656 0.400391
vt 0.636719 0.347656
vt 0.505859 0.263672
vt 0.498047 0.671875
vt 0.636719 0.279297
vt 0.509766 0.281250
vt 0.429688 0.671875
vt 0.316406 0.279297
vt 0.718750 0.417969
vt 0.498047 0.671875
vt 0.316406 0.347656
vt 0.509766 0.263672
vt 0.429688 0.654297
vt 0.640625 0.279297
vt 0.718750 0.400391
vt 0.498047 0.654297
vt 0.640625 0.347656
vt 0.548828 0.429688
vt 0.166016 0.302734
vt 0.150391 0.341797
vt 0.000000 0.304688
vt 0.582031 0.429688
vt 0.150391 0.308594
vt 0.548828 0.414062
vt 0.166016 0.287109
vt 0.216797 0.341797
vt 0.000000 0.289062
vt 0.582031 0.414062
vt 0.216797 0.308594
vt 0.007812 0.304688
vt 0.572266 0.712891
vt 0.158203 0.308594
vt 0.158203 0.302734
vt 0.605469 0.712891
vt 0.158203 0.341797
vt 0.007812 0.289062
vt 0.572266 0.697266
vt 0.224609 0.308594
vt 0.158203 0.287109
vt 0.605469 0.697266
vt 0.224609 0.341797
vt 0.140625 0.507812
vt 0.007812 0.289062
vt 0.404297 0.308594
vt 0.000000 0.289062
vt 0.173828 0.507812
vt 0.404297 0.275391
vt 0.140625 0.482422
vt 0.007812 0.263672
vt 0.593750 0.308594
vt 0.000000 0.263672
vt 0.173828 0.482422
vt 0.593750 0.275391
vt 0.003906 0.289062
vt 0.173828 0.507812
vt 0.408203 0.275391
vt 0.003906 0.289062
vt 0.207031 0.507812
vt 0.408203 0.308594
vt 0.003906 0.263672
vt 0.173828 0.482422
vt 0.597656 0.275391
vt 0.003906 0.263672
vt 0.207031 0.482422
vt 0.597656 0.308594
vt 0.654297 0.912109
vt 0.382812 0.267578
vt 0.505859 0.322266
vt 0.732422 0.632812
vt 0.695312 0.912109
vt 0.505859 0.281250
vt 0.654297 0.906250
vt 0.382812 0.261719
vt 0.080078 0.320312
vt 0.732422 0.626953
vt 0.695312 0.906250
vt 0.080078 0.279297
vt 0.736328 0.632812
vt 0.656250 0.982422
vt 0.509766 0.281250
vt 0.378906 0.267578
vt 0.697266 0.982422
vt 0.509766 0.322266
vt 0.736328 0.626953
vt 0.656250 0.976562
vt 0.083984 0.279297
vt 0.378906 0.261719
vt 0.697266 0.976562
vt 0.083984 0.320312
vt 0.689453 0.652344
vt 0.390625 0.267578
vt 0.628906 0.289062
vt 0.382812 0.267578
vt 0.714844 0.652344
vt 0.628906 0.263672
vt 0.689453 0.646484
vt 0.390625 0.261719
vt 0.068359 0.287109
vt 0.382812 0.261719
vt 0.714844 0.646484
vt 0.068359 0.261719
vt 0.386719 0.267578
vt 0.689453 0.503906
vt 0.632812 0.263672
vt 0.386719 0.267578
vt 0.714844 0.503906
vt 0.632812 0.289062
vt 0.386719 0.261719
vt 0.689453 0.498047
vt 0.072266 0.261719
vt 0.386719 0.261719
vt 0.714844 0.498047
vt 0.072266 0.287109
vt 0.699219 0.658203
vt 0.455078 0.267578
vt 0.363281 0.283203
vt 0.427734 0.267578
vt 0.718750 0.658203
vt 0.363281 0.263672
vt 0.699219 0.652344
vt 0.455078 0.261719
vt 0.515625 0.283203
vt 0.427734 0.261719
vt 0.718750 0.652344
vt 0.515625 0.263672
vt 0.431641 0.267578
vt 0.701172 0.685547
vt 0.367188 0.263672
vt 0.451172 0.267578
vt 0.720703 0.685547
vt 0.367188 0.283203
vt 0.431641 0.261719
vt 0.701172 0.679688
vt 0.519531 0.263672
vt 0.451172 0.261719
vt 0.720703 0.679688
vt 0.519531 0.283203
vt 0.619141 0.404297
vt 0.617188 0.281250
vt 0.718750 0.400391
vt 0.636719 0.404297
vt 0.617188 0.263672
vt 0.619141 0.386719
vt 0.617188 0.263672
vt 0.621094 0.281250
vt 0.718750 0.382812
vt 0.636719 0.386719
vt 0.621094 0.263672
vt 0.722656 0.400391
vt 0.619141 0.386719
vt 0.621094 0.263672
vt 0.613281 0.281250
vt 0.636719 0.386719
vt 0.621094 0.281250
vt 0.722656 0.382812
vt 0.619141 0.369141
vt 0.625000 0.263672
vt 0.613281 0.263672
vt 0.636719 0.369141
vt 0.625000 0.281250
vt 0.281250 0.416016
vt 0.166016 0.287109
vt 0.625000 0.281250
vt 0.158203 0.287109
vt 0.298828 0.416016
vt 0.625000 0.263672
vt 0.281250 0.390625
vt 0.166016 0.261719
vt 0.720703 0.945312
vt 0.158203 0.261719
vt 0.298828 0.390625
vt 0.720703 0.927734
vt 0.162109 0.287109
vt 0.583984 0.640625
vt 0.628906 0.263672
vt 0.162109 0.287109
vt 0.601562 0.640625
vt 0.628906 0.281250
vt 0.162109 0.261719
vt 0.583984 0.615234
vt 0.724609 0.927734
vt 0.162109 0.261719
vt 0.601562 0.615234
vt 0.724609 0.945312
vt 0.302734 0.447266
vt 0.498047 0.529297
vt 0.429688 0.654297
vt 0.423828 0.529297
vt 0.306641 0.447266
vt 0.429688 0.650391
vt 0.302734 0.419922
vt 0.498047 0.501953
vt 0.353516 0.486328
vt 0.423828 0.501953
vt 0.306641 0.419922
vt 0.353516 0.482422
vt 0.460938 0.529297
vt 0.224609 0.298828
vt 0.466797 0.650391
vt 0.460938 0.529297
vt 0.228516 0.298828
vt 0.466797 0.654297
vt 0.460938 0.501953
vt 0.224609 0.271484
vt 0.390625 0.482422
vt 0.460938 0.501953
vt 0.228516 0.271484
vt 0.390625 0.486328
vt 0.136719 0.734375
vt 0.353516 0.650391
vt 0.322266 0.722656
vt 0.173828 0.654297
vt 0.142578 0.734375
vt 0.322266 0.716797
vt 0.136719 0.691406
vt 0.353516 0.607422
vt 0.488281 0.611328
vt 0.173828 0.611328
vt 0.142578 0.691406
vt 0.488281 0.605469
vt 0.216797 0.654297
vt 0.224609 0.341797
vt 0.365234 0.716797
vt 0.310547 0.650391
vt 0.230469 0.341797
vt 0.365234 0.722656
vt 0.216797 0.611328
vt 0.224609 0.298828
vt 0.531250 0.605469
vt 0.310547 0.607422
vt 0.230469 0.298828
vt 0.531250 0.611328
vt 0.179688 0.466797
vt 0.574219 0.865234
vt 0.656250 0.753906
vt 0.531250 0.708984
vt 0.185547 0.466797
vt 0.656250 0.748047
vt 0.179688 0.449219
vt 0.574219 0.847656
vt 0.660156 0.685547
vt 0.531250 0.691406
vt 0.185547 0.449219
vt 0.660156 0.679688
vt 0.572266 0.708984
vt 0.027344 0.367188
vt 0.697266 0.748047
vt 0.533203 0.865234
vt 0.033203 0.367188
vt 0.697266 0.753906
vt 0.572266 0.691406
vt 0.027344 0.349609
vt 0.701172 0.679688
vt 0.533203 0.847656
vt 0.033203 0.349609
vt 0.701172 0.685547
vt 0.318359 0.552734
vt 0.439453 0.470703
vt 0.492188 0.708984
vt 0.523438 0.966797
vt 0.324219 0.552734
vt 0.492188 0.703125
vt 0.318359 0.533203
vt 0.439453 0.451172
vt 0.669922 0.933594
vt 0.523438 0.947266
vt 0.324219 0.533203
vt 0.669922 0.927734
vt 0.560547 0.966797
vt 0.166016 0.298828
vt 0.529297 0.703125
vt 0.402344 0.470703
vt 0.171875 0.298828
vt 0.529297 0.708984
vt 0.560547 0.947266
vt 0.166016 0.279297
vt 0.707031 0.927734
vt 0.402344 0.451172
vt 0.171875 0.279297
vt 0.707031 0.933594
vt 0.611328 0.849609
vt 0.267578 0.271484
vt 0.044922 0.439453
vt 0.259766 0.271484
vt 0.640625 0.849609
vt 0.044922 0.410156
vt 0.611328 0.837891
vt 0.267578 0.259766
vt 0.037109 0.302734
vt 0.259766 0.259766
vt 0.640625 0.837891
vt 0.037109 0.273438
vt 0.263672 0.271484
vt 0.611328 0.777344
vt 0.048828 0.410156
vt 0.263672 0.271484
vt 0.640625 0.777344
vt 0.048828 0.439453
vt 0.263672 0.259766
vt 0.611328 0.765625
vt 0.041016 0.273438
vt 0.263672 0.259766
vt 0.640625 0.765625
vt 0.041016 0.302734
vt 0.666016 0.738281
vt 0.734375 0.873047
vt 0.554688 0.324219
vt 0.728516 0.927734
vt 0.695312 0.738281
vt 0.554688 0.294922
vt 0.666016 0.730469
vt 0.734375 0.865234
vt 0.560547 0.324219
vt 0.728516 0.919922
vt 0.695312 0.730469
vt 0.560547 0.294922
vt 0.734375 0.927734
vt 0.666016 0.730469
vt 0.560547 0.294922
vt 0.728516 0.873047
vt 0.695312 0.730469
vt 0.560547 0.324219
vt 0.734375 0.919922
vt 0.666016 0.722656
vt 0.566406 0.294922
vt 0.728516 0.865234
vt 0.695312 0.722656
vt 0.566406 0.324219
vt 0.730469 0.769531
vt 0.656250 0.828125
vt 0.591797 0.822266
vt 0.587891 0.666016
vt 0.736328 0.769531
vt 0.591797 0.816406
vt 0.730469 0.763672
vt 0.656250 0.822266
vt 0.591797 0.453125
vt 0.587891 0.660156
vt 0.736328 0.763672
vt 0.591797 0.447266
vt 0.652344 0.666016
vt 0.730469 0.763672
vt 0.656250 0.816406
vt 0.591797 0.828125
vt 0.736328 0.763672
vt 0.656250 0.822266
vt 0.652344 0.660156
vt 0.730469 0.757812
vt 0.656250 0.447266
vt 0.591797 0.822266
vt 0.736328 0.757812
vt 0.656250 0.453125
vt 0.625000 0.744141
vt 0.642578 0.933594
vt 0.513672 0.576172
vt 0.570312 0.576172
vt 0.638672 0.744141
vt 0.513672 0.562500
vt 0.625000 0.736328
vt 0.642578 0.925781
vt 0.023438 0.484375
vt 0.570312 0.568359
vt 0.638672 0.736328
vt 0.023438 0.470703
vt 0.626953 0.576172
vt 0.638672 0.472656
vt 0.570312 0.562500
vt 0.585938 0.933594
vt 0.652344 0.472656
vt 0.570312 0.576172
vt 0.626953 0.568359
vt 0.638672 0.464844
vt 0.080078 0.470703
vt 0.585938 0.925781
vt 0.652344 0.464844
vt 0.080078 0.484375
vt 0.726562 0.851562
vt 0.740234 0.822266
vt 0.417969 0.595703
vt 0.384766 0.830078
vt 0.746094 0.851562
vt 0.417969 0.576172
vt 0.726562 0.849609
vt 0.740234 0.820312
vt 0.419922 0.625000
vt 0.384766 0.828125
vt 0.746094 0.849609
vt 0.419922 0.605469
vt 0.453125 0.830078
vt 0.726562 0.755859
vt 0.486328 0.576172
vt 0.671875 0.822266
vt 0.746094 0.755859
vt 0.486328 0.595703
vt 0.453125 0.828125
vt 0.726562 0.753906
vt 0.488281 0.605469
vt 0.671875 0.820312
vt 0.746094 0.753906
vt 0.488281 0.625000
vt 0.599609 0.880859
vt 0.505859 0.300781
vt 0.101562 0.328125
vt 0.179688 0.302734
vt 0.625000 0.880859
vt 0.101562 0.302734
vt 0.599609 0.865234
vt 0.505859 0.285156
vt 0.671875 0.847656
vt 0.179688 0.287109
vt 0.625000 0.865234
vt 0.671875 0.822266
vt 0.187500 0.302734
vt 0.599609 0.865234
vt 0.109375 0.302734
vt 0.498047 0.300781
vt 0.625000 0.865234
vt 0.109375 0.328125
vt 0.187500 0.287109
vt 0.599609 0.849609
vt 0.679688 0.822266
vt 0.498047 0.285156
vt 0.625000 0.849609
vt 0.679688 0.847656
vt 0.716797 0.382812
vt 0.093750 0.283203
vt 0.671875 0.605469
vt 0.072266 0.283203
vt 0.722656 0.382812
vt 0.671875 0.599609
vt 0.716797 0.371094
vt 0.093750 0.271484
vt 0.671875 0.541016
vt 0.072266 0.271484
vt 0.722656 0.371094
vt 0.671875 0.535156
vt 0.080078 0.283203
vt 0.718750 0.785156
vt 0.679688 0.599609
vt 0.085938 0.283203
vt 0.724609 0.785156
vt 0.679688 0.605469
vt 0.080078 0.271484
vt 0.718750 0.773438
vt 0.679688 0.535156
vt 0.085938 0.271484
vt 0.724609 0.773438
vt 0.679688 0.541016
vt 0.625000 0.912109
vt 0.000000 1.000000
vt 0.548828 0.515625
vt 0.000000 1.000000
vt 0.000000 0.992188
vt 0.625000 0.904297
vt 0.000000 1.000000
vt 0.548828 0.507812
vt 0.000000 0.992188
vt 0.000000 1.000000
vt 0.621094 0.515625
vt 0.000000 1.000000
vt 0.072266 1.000000
vt 0.552734 0.912109
vt 0.000000 1.000000
vt 0.072266 1.000000
vt 0.621094 0.507812
vt 0.000000 0.992188
vt 0.072266 1.000000
vt 0.552734 0.904297
vt 0.000000 0.992188
vt 0.072266 1.000000
vt 0.736328 0.859375
vt 0.708984 0.769531
vt 0.462891 0.267578
vt 0.701172 0.785156
vt 0.742188 0.859375
vt 0.462891 0.261719
vt 0.736328 0.857422
vt 0.708984 0.767578
vt 0.466797 0.267578
vt 0.701172 0.783203
vt 0.742188 0.857422
vt 0.466797 0.261719
vt 0.705078 0.785156
vt 0.142578 0.263672
vt 0.466797 0.261719
vt 0.705078 0.769531
vt 0.148438 0.263672
vt 0.466797 0.267578
vt 0.705078 0.783203
vt 0.142578 0.261719
vt 0.470703 0.261719
vt 0.705078 0.767578
vt 0.148438 0.261719
vt 0.470703 0.267578
vt 0.736328 0.857422
vt 0.720703 0.935547
vt 0.148438 0.263672
vt 0.718750 0.937500
vt 0.742188 0.857422
vt 0.148438 0.257812
vt 0.736328 0.855469
vt 0.720703 0.933594
vt 0.150391 0.263672
vt 0.718750 0.935547
vt 0.742188 0.855469
vt 0.150391 0.257812
vt 0.720703 0.937500
vt 0.736328 0.855469
vt 0.150391 0.257812
vt 0.718750 0.935547
vt 0.742188 0.855469
vt 0.150391 0.263672
vt 0.720703 0.935547
vt 0.736328 0.853516
vt 0.152344 0.257812
vt 0.718750 0.933594
vt 0.742188 0.853516
vt 0.152344 0.263672
vt 0.025391 0.332031
vt 0.691406 0.343750
vt 0.261719 0.292969
vt 0.685547 0.503906
vt 0.027344 0.332031
vt 0.261719 0.291016
vt 0.025391 0.328125
vt 0.691406 0.339844
vt 0.708984 0.761719
vt 0.685547 0.500000
vt 0.027344 0.328125
vt 0.708984 0.759766
vt 0.689453 0.503906
vt 0.343750 0.332031
vt 0.265625 0.291016
vt 0.687500 0.343750
vt 0.345703 0.332031
vt 0.265625 0.292969
vt 0.689453 0.500000
vt 0.343750 0.328125
vt 0.712891 0.759766
vt 0.687500 0.339844
vt 0.345703 0.328125
vt 0.712891 0.761719
vt 0.669922 0.798828
vt 0.695312 0.945312
vt 0.718750 0.574219
vt 0.689453 0.742188
vt 0.671875 0.798828
vt 0.718750 0.572266
vt 0.669922 0.794922
vt 0.695312 0.941406
vt 0.720703 0.980469
vt 0.689453 0.738281
vt 0.671875 0.794922
vt 0.720703 0.978516
vt 0.693359 0.742188
vt 0.679688 0.667969
vt 0.722656 0.572266
vt 0.691406 0.945312
vt 0.681641 0.667969
vt 0.722656 0.574219
vt 0.693359 0.738281
vt 0.679688 0.664062
vt 0.724609 0.978516
vt 0.691406 0.941406
vt 0.681641 0.664062
vt 0.724609 0.980469
vt 0.736328 0.849609
vt 0.201172 0.281250
vt 0.152344 0.263672
vt 0.111328 0.281250
vt 0.742188 0.849609
vt 0.152344 0.257812
vt 0.736328 0.847656
vt 0.201172 0.279297
vt 0.736328 0.845703
vt 0.111328 0.279297
vt 0.742188 0.847656
vt 0.736328 0.839844
vt 0.113281 0.281250
vt 0.736328 0.847656
vt 0.154297 0.257812
vt 0.199219 0.281250
vt 0.742188 0.847656
vt 0.154297 0.263672
vt 0.113281 0.279297
vt 0.736328 0.845703
vt 0.738281 0.839844
vt 0.199219 0.279297
vt 0.742188 0.845703
vt 0.738281 0.845703
vt 0.736328 0.839844
vt 0.740234 0.646484
vt 0.470703 0.267578
vt 0.736328 0.654297
vt 0.742188 0.839844
vt 0.470703 0.261719
vt 0.736328 0.837891
vt 0.740234 0.644531
vt 0.474609 0.267578
vt 0.736328 0.652344
vt 0.742188 0.837891
vt 0.474609 0.261719
vt 0.740234 0.654297
vt 0.736328 0.837891
vt 0.474609 0.261719
vt 0.736328 0.646484
vt 0.742188 0.837891
vt 0.474609 0.267578
vt 0.740234 0.652344
vt 0.736328 0.835938
vt 0.478516 0.261719
vt 0.736328 0.644531
vt 0.742188 0.835938
vt 0.478516 0.267578
vt 0.732422 0.507812
vt 0.736328 0.501953
vt 0.691406 0.792969
vt 0.732422 0.513672
vt 0.736328 0.507812
vt 0.691406 0.789062
vt 0.732422 0.501953
vt 0.736328 0.496094
vt 0.691406 0.343750
vt 0.732422 0.507812
vt 0.736328 0.501953
vt 0.691406 0.339844
vt 0.736328 0.513672
vt 0.732422 0.496094
vt 0.695312 0.789062
vt 0.732422 0.501953
vt 0.736328 0.496094
vt 0.695312 0.792969
vt 0.736328 0.507812
vt 0.732422 0.490234
vt 0.695312 0.339844
vt 0.732422 0.496094
vt 0.736328 0.490234
vt 0.695312 0.343750
vt 0.726562 0.730469
vt 0.699219 0.792969
vt 0.267578 0.271484
vt 0.695312 0.910156
vt 0.738281 0.730469
vt 0.267578 0.259766
vt 0.726562 0.726562
vt 0.699219 0.789062
vt 0.271484 0.271484
vt 0.695312 0.906250
vt 0.738281 0.726562
vt 0.271484 0.259766
vt 0.699219 0.910156
vt 0.726562 0.533203
vt 0.271484 0.259766
vt 0.695312 0.792969
vt 0.738281 0.533203
vt 0.271484 0.271484
vt 0.699219 0.906250
vt 0.726562 0.529297
vt 0.275391 0.259766
vt 0.695312 0.789062
vt 0.738281 0.529297
vt 0.275391 0.271484
vt 0.726562 0.376953
vt 0.460938 0.304688
vt 0.275391 0.271484
vt 0.695312 0.572266
vt 0.738281 0.376953
vt 0.275391 0.259766
vt 0.726562 0.373047
vt 0.460938 0.300781
vt 0.728516 0.722656
vt 0.695312 0.568359
vt 0.738281 0.373047
vt 0.728516 0.710938
vt 0.699219 0.572266
vt 0.728516 0.830078
vt 0.279297 0.259766
vt 0.457031 0.304688
vt 0.740234 0.830078
vt 0.279297 0.271484
vt 0.699219 0.568359
vt 0.728516 0.826172
vt 0.732422 0.710938
vt 0.457031 0.300781
vt 0.740234 0.826172
vt 0.732422 0.722656
vt 0.728516 0.794922
vt 0.703125 0.910156
vt 0.279297 0.271484
vt 0.460938 0.304688
vt 0.740234 0.794922
vt 0.279297 0.259766
vt 0.728516 0.791016
vt 0.703125 0.906250
vt 0.316406 0.271484
vt 0.460938 0.300781
vt 0.740234 0.791016
vt 0.316406 0.259766
vt 0.464844 0.304688
vt 0.728516 0.742188
vt 0.283203 0.259766
vt 0.699219 0.910156
vt 0.740234 0.742188
vt 0.283203 0.271484
vt 0.464844 0.300781
vt 0.728516 0.738281
vt 0.320312 0.259766
vt 0.699219 0.906250
vt 0.740234 0.738281
vt 0.320312 0.271484
vt 0.728516 0.675781
vt 0.728516 0.927734
vt 0.673828 0.878906
vt 0.718750 0.455078
vt 0.734375 0.675781
vt 0.673828 0.873047
vt 0.728516 0.667969
vt 0.728516 0.919922
vt 0.728516 0.521484
vt 0.718750 0.447266
vt 0.734375 0.667969
vt 0.728516 0.515625
vt 0.726562 0.455078
vt 0.728516 0.593750
vt 0.681641 0.873047
vt 0.720703 0.927734
vt 0.734375 0.593750
vt 0.681641 0.878906
vt 0.726562 0.447266
vt 0.728516 0.585938
vt 0.736328 0.515625
vt 0.720703 0.919922
vt 0.734375 0.585938
vt 0.736328 0.521484
vt 0.373047 0.320312
vt 0.580078 0.732422
vt 0.736328 0.835938
vt 0.566406 0.712891
vt 0.375000 0.320312
vt 0.736328 0.833984
vt 0.373047 0.316406
vt 0.580078 0.728516
vt 0.171875 0.263672
vt 0.566406 0.708984
vt 0.375000 0.316406
vt 0.171875 0.261719
vt 0.572266 0.712891
vt 0.681641 0.771484
vt 0.742188 0.833984
vt 0.574219 0.732422
vt 0.683594 0.771484
vt 0.742188 0.835938
vt 0.572266 0.708984
vt 0.681641 0.767578
vt 0.177734 0.261719
vt 0.574219 0.728516
vt 0.683594 0.767578
vt 0.177734 0.263672
vt 0.681641 0.714844
vt 0.605469 0.736328
vt 0.736328 0.814453
vt 0.128906 0.421875
vt 0.683594 0.714844
vt 0.736328 0.812500
vt 0.681641 0.710938
vt 0.605469 0.732422
vt 0.187500 0.263672
vt 0.128906 0.417969
vt 0.683594 0.710938
vt 0.187500 0.261719
vt 0.134766 0.421875
vt 0.681641 0.697266
vt 0.742188 0.812500
vt 0.599609 0.736328
vt 0.683594 0.697266
vt 0.742188 0.814453
vt 0.134766 0.417969
vt 0.681641 0.693359
vt 0.193359 0.261719
vt 0.599609 0.732422
vt 0.683594 0.693359
vt 0.193359 0.263672
vt 0.320312 0.271484
vt 0.707031 0.363281
vt 0.728516 0.738281
vt 0.445312 0.304688
vt 0.324219 0.271484
vt 0.728516 0.734375
vt 0.320312 0.259766
vt 0.707031 0.351562
vt 0.728516 0.710938
vt 0.445312 0.292969
vt 0.324219 0.259766
vt 0.728516 0.707031
vt 0.457031 0.304688
vt 0.728516 0.513672
vt 0.740234 0.734375
vt 0.695312 0.363281
vt 0.732422 0.513672
vt 0.740234 0.738281
vt 0.457031 0.292969
vt 0.728516 0.501953
vt 0.740234 0.707031
vt 0.695312 0.351562
vt 0.732422 0.501953
vt 0.740234 0.710938
vt 0.730469 0.607422
vt 0.736328 0.601562
vt 0.730469 0.568359
vt 0.730469 0.640625
vt 0.736328 0.607422
vt 0.730469 0.562500
vt 0.730469 0.601562
vt 0.736328 0.595703
vt 0.730469 0.562500
vt 0.730469 0.634766
vt 0.736328 0.601562
vt 0.730469 0.556641
vt 0.736328 0.640625
vt 0.730469 0.574219
vt 0.736328 0.562500
vt 0.730469 0.601562
vt 0.736328 0.574219
vt 0.736328 0.568359
vt 0.736328 0.634766
vt 0.730469 0.568359
vt 0.736328 0.556641
vt 0.730469 0.595703
vt 0.736328 0.568359
vt 0.736328 0.562500
vt 0.556641 0.339844
vt 0.410156 0.308594
vt 0.601562 0.308594
vt 0.509766 0.382812
vt 0.572266 0.339844
vt 0.601562 0.292969
vt 0.556641 0.324219
vt 0.410156 0.292969
vt 0.132812 0.269531
vt 0.509766 0.367188
vt 0.572266 0.324219
vt 0.132812 0.253906
vt 0.511719 0.382812
vt 0.640625 0.339844
vt 0.603516 0.292969
vt 0.408203 0.308594
vt 0.656250 0.339844
vt 0.603516 0.308594
vt 0.511719 0.367188
vt 0.640625 0.324219
vt 0.134766 0.253906
vt 0.408203 0.292969
vt 0.656250 0.324219
vt 0.134766 0.269531
vt 0.701172 0.564453
vt 0.308594 0.267578
vt 0.134766 0.269531
vt 0.718750 0.945312
vt 0.716797 0.564453
vt 0.134766 0.253906
vt 0.701172 0.556641
vt 0.308594 0.259766
vt 0.207031 0.269531
vt 0.718750 0.937500
vt 0.716797 0.556641
vt 0.207031 0.253906
vt 0.720703 0.945312
vt 0.701172 0.521484
vt 0.136719 0.253906
vt 0.306641 0.267578
vt 0.716797 0.521484
vt 0.136719 0.269531
vt 0.720703 0.937500
vt 0.701172 0.513672
vt 0.208984 0.253906
vt 0.306641 0.259766
vt 0.716797 0.513672
vt 0.208984 0.269531
vt 0.687500 0.326172
vt 0.480469 0.267578
vt 0.445312 0.386719
vt 0.328125 0.267578
vt 0.707031 0.326172
vt 0.445312 0.367188
vt 0.687500 0.318359
vt 0.480469 0.259766
vt 0.486328 0.371094
vt 0.328125 0.259766
vt 0.707031 0.318359
vt 0.486328 0.351562
vt 0.330078 0.267578
vt 0.689453 0.890625
vt 0.447266 0.367188
vt 0.478516 0.267578
vt 0.708984 0.890625
vt 0.447266 0.386719
vt 0.330078 0.259766
vt 0.689453 0.882812
vt 0.488281 0.351562
vt 0.478516 0.259766
vt 0.708984 0.882812
vt 0.488281 0.371094
vt 0.625000 0.880859
vt 0.214844 0.269531
vt 0.531250 0.312500
vt 0.208984 0.269531
vt 0.644531 0.880859
vt 0.531250 0.292969
vt 0.625000 0.865234
vt 0.214844 0.253906
vt 0.283203 0.271484
vt 0.208984 0.253906
vt 0.644531 0.865234
vt 0.283203 0.251953
vt 0.210938 0.269531
vt 0.625000 0.865234
vt 0.533203 0.292969
vt 0.212891 0.269531
vt 0.644531 0.865234
vt 0.533203 0.312500
vt 0.210938 0.253906
vt 0.625000 0.849609
vt 0.285156 0.251953
vt 0.212891 0.253906
vt 0.644531 0.849609
vt 0.285156 0.271484
vt 0.599609 0.544922
vt 0.378906 0.265625
vt 0.218750 0.421875
vt 0.375000 0.265625
vt 0.642578 0.544922
vt 0.218750 0.378906
vt 0.599609 0.537109
vt 0.378906 0.257812
vt 0.222656 0.296875
vt 0.375000 0.257812
vt 0.642578 0.537109
vt 0.222656 0.253906
vt 0.376953 0.265625
vt 0.601562 0.673828
vt 0.220703 0.378906
vt 0.376953 0.265625
vt 0.644531 0.673828
vt 0.220703 0.421875
vt 0.376953 0.257812
vt 0.601562 0.666016
vt 0.224609 0.253906
vt 0.376953 0.257812
vt 0.644531 0.666016
vt 0.224609 0.296875
vt 0.537109 0.728516
vt 0.482422 0.269531
vt 0.398438 0.296875
vt 0.214844 0.269531
vt 0.580078 0.728516
vt 0.398438 0.253906
vt 0.537109 0.712891
vt 0.482422 0.253906
vt 0.591797 0.296875
vt 0.214844 0.253906
vt 0.580078 0.712891
vt 0.591797 0.253906
vt 0.216797 0.269531
vt 0.542969 0.562500
vt 0.400391 0.253906
vt 0.480469 0.269531
vt 0.585938 0.562500
vt 0.400391 0.296875
vt 0.216797 0.253906
vt 0.542969 0.546875
vt 0.593750 0.253906
vt 0.480469 0.253906
vt 0.585938 0.546875
vt 0.593750 0.296875
vt 0.730469 0.634766
vt 0.742188 0.810547
vt 0.521484 0.929688
vt 0.736328 0.812500
vt 0.746094 0.634766
vt 0.521484 0.914062
vt 0.730469 0.632812
vt 0.742188 0.808594
vt 0.396484 0.466797
vt 0.736328 0.810547
vt 0.746094 0.632812
vt 0.396484 0.451172
vt 0.742188 0.812500
vt 0.730469 0.595703
vt 0.527344 0.914062
vt 0.736328 0.810547
vt 0.746094 0.595703
vt 0.527344 0.929688
vt 0.742188 0.810547
vt 0.730469 0.593750
vt 0.402344 0.451172
vt 0.736328 0.808594
vt 0.746094 0.593750
vt 0.402344 0.466797
vt 0.267578 0.609375
vt 0.541016 0.328125
vt 0.250000 0.537109
vt 0.427734 0.349609
vt 0.310547 0.609375
vt 0.250000 0.494141
vt 0.267578 0.607422
vt 0.541016 0.326172
vt 0.058594 0.410156
vt 0.427734 0.347656
vt 0.310547 0.607422
vt 0.058594 0.367188
vt 0.435547 0.349609
vt 0.000000 0.585938
vt 0.257812 0.494141
vt 0.533203 0.328125
vt 0.042969 0.585938
vt 0.257812 0.537109
vt 0.435547 0.347656
vt 0.000000 0.583984
vt 0.066406 0.367188
vt 0.533203 0.326172
vt 0.042969 0.583984
vt 0.066406 0.410156
vt 0.085938 0.304688
vt 0.750000 0.785156
vt 0.630859 0.552734
vt 0.724609 0.929688
vt 0.093750 0.304688
vt 0.630859 0.544922
vt 0.085938 0.302734
vt 0.750000 0.783203
vt 0.669922 0.814453
vt 0.724609 0.927734
vt 0.093750 0.302734
vt 0.669922 0.806641
vt 0.750000 0.929688
vt 0.701172 0.556641
vt 0.656250 0.544922
vt 0.724609 0.785156
vt 0.708984 0.556641
vt 0.656250 0.552734
vt 0.750000 0.927734
vt 0.701172 0.554688
vt 0.695312 0.806641
vt 0.724609 0.783203
vt 0.708984 0.554688
vt 0.695312 0.814453
vt 0.177734 0.263672
vt 0.707031 0.332031
vt 0.720703 0.919922
vt 0.617188 0.529297
vt 0.179688 0.263672
vt 0.720703 0.917969
vt 0.177734 0.257812
vt 0.707031 0.326172
vt 0.720703 0.681641
vt 0.617188 0.523438
vt 0.179688 0.257812
vt 0.720703 0.679688
vt 0.644531 0.529297
vt 0.736328 0.808594
vt 0.748047 0.917969
vt 0.679688 0.332031
vt 0.738281 0.808594
vt 0.748047 0.919922
vt 0.644531 0.523438
vt 0.736328 0.802734
vt 0.748047 0.679688
vt 0.679688 0.326172
vt 0.738281 0.802734
vt 0.748047 0.681641
vt 0.734375 0.361328
vt 0.736328 0.339844
vt 0.199219 0.279297
vt 0.734375 0.593750
vt 0.736328 0.361328
vt 0.199219 0.277344
vt 0.734375 0.353516
vt 0.736328 0.332031
vt 0.720703 0.437500
vt 0.734375 0.585938
vt 0.736328 0.353516
vt 0.720703 0.435547
vt 0.736328 0.593750
vt 0.730469 0.265625
vt 0.201172 0.277344
vt 0.734375 0.339844
vt 0.732422 0.265625
vt 0.201172 0.279297
vt 0.736328 0.585938
vt 0.730469 0.257812
vt 0.722656 0.435547
vt 0.734375 0.332031
vt 0.732422 0.257812
vt 0.722656 0.437500
vt 0.728516 0.501953
vt 0.140625 0.478516
vt 0.449219 0.316406
vt 0.351562 0.607422
vt 0.732422 0.501953
vt 0.449219 0.312500
vt 0.728516 0.490234
vt 0.140625 0.466797
vt 0.693359 0.742188
vt 0.351562 0.595703
vt 0.732422 0.490234
vt 0.693359 0.738281
vt 0.353516 0.607422
vt 0.558594 0.271484
vt 0.451172 0.312500
vt 0.138672 0.478516
vt 0.562500 0.271484
vt 0.451172 0.316406
vt 0.353516 0.595703
vt 0.558594 0.259766
vt 0.695312 0.738281
vt 0.138672 0.466797
vt 0.562500 0.259766
vt 0.695312 0.742188
vt 0.640625 0.347656
vt 0.738281 1.000000
vt 0.464844 0.304688
vt 0.000000 0.263672
vt 0.644531 0.347656
vt 0.464844 0.300781
vt 0.640625 0.339844
vt 0.738281 0.992188
vt 0.480469 0.304688
vt 0.000000 0.255859
vt 0.644531 0.339844
vt 0.480469 0.300781
vt 0.001953 0.263672
vt 0.437500 0.326172
vt 0.466797 0.300781
vt 0.736328 1.000000
vt 0.441406 0.326172
vt 0.466797 0.304688
vt 0.001953 0.255859
vt 0.437500 0.318359
vt 0.482422 0.300781
vt 0.736328 0.992188
vt 0.441406 0.318359
vt 0.482422 0.304688
vt 0.419922 0.277344
vt 0.742188 0.802734
vt 0.736328 0.800781
vt 0.193359 0.263672
vt 0.421875 0.277344
vt 0.736328 0.798828
vt 0.419922 0.275391
vt 0.742188 0.800781
vt 0.736328 0.791016
vt 0.193359 0.261719
vt 0.421875 0.275391
vt 0.736328 0.789062
vt 0.199219 0.263672
vt 0.726562 0.593750
vt 0.742188 0.798828
vt 0.736328 0.802734
vt 0.728516 0.593750
vt 0.742188 0.800781
vt 0.199219 0.261719
vt 0.726562 0.591797
vt 0.742188 0.789062
vt 0.736328 0.800781
vt 0.728516 0.591797
vt 0.742188 0.791016
vt 0.574219 0.263672
vt 0.742188 0.787109
vt 0.736328 0.769531
vt 0.736328 0.789062
vt 0.576172 0.263672
vt 0.736328 0.767578
vt 0.574219 0.261719
vt 0.742188 0.785156
vt 0.232422 0.263672
vt 0.736328 0.787109
vt 0.576172 0.261719
vt 0.232422 0.261719
vt 0.742188 0.789062
vt 0.576172 0.263672
vt 0.742188 0.767578
vt 0.736328 0.787109
vt 0.578125 0.263672
vt 0.742188 0.769531
vt 0.742188 0.787109
vt 0.576172 0.261719
vt 0.238281 0.261719
vt 0.736328 0.785156
vt 0.578125 0.261719
vt 0.238281 0.263672
vt 0.699219 0.792969
vt 0.640625 0.617188
vt 0.736328 0.767578
vt 0.250000 0.375000
vt 0.701172 0.792969
vt 0.736328 0.765625
vt 0.699219 0.789062
vt 0.640625 0.613281
vt 0.736328 0.765625
vt 0.250000 0.371094
vt 0.701172 0.789062
vt 0.736328 0.763672
vt 0.255859 0.375000
vt 0.699219 0.572266
vt 0.742188 0.765625
vt 0.634766 0.617188
vt 0.701172 0.572266
vt 0.742188 0.767578
vt 0.255859 0.371094
vt 0.699219 0.568359
vt 0.742188 0.763672
vt 0.634766 0.613281
vt 0.701172 0.568359
vt 0.742188 0.765625
vt 0.248047 0.296875
vt 0.662109 0.976562
vt 0.736328 0.763672
vt 0.652344 0.664062
vt 0.250000 0.296875
vt 0.736328 0.761719
vt 0.248047 0.292969
vt 0.662109 0.972656
vt 0.238281 0.263672
vt 0.652344 0.660156
vt 0.250000 0.292969
vt 0.238281 0.261719
vt 0.658203 0.664062
vt 0.228516 0.291016
vt 0.742188 0.761719
vt 0.656250 0.976562
vt 0.230469 0.291016
vt 0.742188 0.763672
vt 0.658203 0.660156
vt 0.228516 0.287109
vt 0.244141 0.261719
vt 0.656250 0.972656
vt 0.230469 0.287109
vt 0.244141 0.263672
vt 0.703125 0.873047
vt 0.201172 0.296875
vt 0.642578 1.000000
vt 0.642578 0.544922
vt 0.716797 0.873047
vt 0.642578 0.986328
vt 0.703125 0.865234
vt 0.201172 0.289062
vt 0.253906 0.328125
vt 0.642578 0.537109
vt 0.716797 0.865234
vt 0.253906 0.314453
vt 0.656250 0.544922
vt 0.703125 0.806641
vt 0.656250 0.986328
vt 0.187500 0.296875
vt 0.716797 0.806641
vt 0.656250 1.000000
vt 0.656250 0.537109
vt 0.703125 0.798828
vt 0.267578 0.314453
vt 0.187500 0.289062
vt 0.716797 0.798828
vt 0.267578 0.328125
vt 0.564453 0.615234
vt 0.648438 0.324219
vt 0.158203 0.328125
vt 0.427734 0.371094
vt 0.589844 0.615234
vt 0.158203 0.302734
vt 0.564453 0.593750
vt 0.648438 0.302734
vt 0.179688 0.328125
vt 0.427734 0.349609
vt 0.589844 0.593750
vt 0.179688 0.302734
vt 0.435547 0.371094
vt 0.566406 0.835938
vt 0.166016 0.302734
vt 0.640625 0.324219
vt 0.591797 0.835938
vt 0.166016 0.328125
vt 0.435547 0.349609
vt 0.566406 0.814453
vt 0.187500 0.302734
vt 0.640625 0.302734
vt 0.591797 0.814453
vt 0.187500 0.328125
vt 0.724609 0.779297
vt 0.724609 0.777344
vt 0.750000 0.777344
vt 0.750000 0.779297
vt 0.212891 0.316406
vt 0.712891 0.730469
vt 0.470703 0.628906
vt 0.695312 0.814453
vt 0.216797 0.316406
vt 0.470703 0.625000
vt 0.212891 0.308594
vt 0.712891 0.722656
vt 0.535156 0.591797
vt 0.695312 0.806641
vt 0.216797 0.308594
vt 0.535156 0.587891
vt 0.712891 0.814453
vt 0.722656 0.769531
vt 0.488281 0.625000
vt 0.695312 0.730469
vt 0.726562 0.769531
vt 0.488281 0.628906
vt 0.712891 0.806641
vt 0.722656 0.761719
vt 0.552734 0.587891
vt 0.695312 0.722656
vt 0.726562 0.761719
vt 0.552734 0.591797
vt 0.093750 0.283203
vt 0.597656 1.000000
vt 0.669922 0.927734
vt 0.552734 0.591797
vt 0.099609 0.283203
vt 0.669922 0.921875
vt 0.093750 0.267578
vt 0.597656 0.984375
vt 0.669922 0.921875
vt 0.552734 0.576172
vt 0.099609 0.267578
vt 0.669922 0.916016
vt 0.589844 0.591797
vt 0.285156 0.283203
vt 0.707031 0.921875
vt 0.560547 1.000000
vt 0.291016 0.283203
vt 0.707031 0.927734
vt 0.589844 0.576172
vt 0.285156 0.267578
vt 0.707031 0.916016
vt 0.560547 0.984375
vt 0.291016 0.267578
vt 0.707031 0.921875
vt 0.000000 1.000000
vt 0.000000 0.958984
vt 0.000000 0.958984
vt 0.000000 1.000000
vt 0.000000 1.000000
vt 0.000000 1.000000
vt 0.056641 1.000000
vt 0.056641 1.000000
vt 0.470703 0.410156
vt 0.091797 0.417969
vt 0.072266 0.394531
vt 0.451172 0.419922
vt 0.488281 0.410156
vt 0.072266 0.376953
vt 0.470703 0.386719
vt 0.091797 0.394531
vt 0.611328 0.496094
vt 0.451172 0.396484
vt 0.488281 0.386719
vt 0.611328 0.478516
vt 0.470703 0.419922
vt 0.519531 0.408203
vt 0.091797 0.376953
vt 0.072266 0.417969
vt 0.537109 0.408203
vt 0.091797 0.394531
vt 0.470703 0.396484
vt 0.519531 0.384766
vt 0.630859 0.478516
vt 0.072266 0.394531
vt 0.537109 0.384766
vt 0.630859 0.496094
vt 0.580078 0.716797
vt 0.736328 0.984375
vt 0.191406 0.402344
vt 0.718750 0.578125
vt 0.605469 0.716797
vt 0.191406 0.376953
vt 0.580078 0.712891
vt 0.736328 0.980469
vt 0.332031 0.400391
vt 0.718750 0.574219
vt 0.605469 0.712891
vt 0.332031 0.375000
vt 0.734375 0.578125
vt 0.669922 0.916016
vt 0.207031 0.376953
vt 0.720703 0.984375
vt 0.695312 0.916016
vt 0.207031 0.402344
vt 0.734375 0.574219
vt 0.669922 0.912109
vt 0.347656 0.375000
vt 0.720703 0.980469
vt 0.695312 0.912109
vt 0.347656 0.400391
vt 0.691406 0.798828
vt 0.736328 0.417969
vt 0.179688 0.287109
vt 0.732422 0.464844
vt 0.716797 0.798828
vt 0.179688 0.261719
vt 0.691406 0.792969
vt 0.736328 0.412109
vt 0.183594 0.287109
vt 0.732422 0.458984
vt 0.716797 0.792969
vt 0.183594 0.261719
vt 0.736328 0.464844
vt 0.691406 0.714844
vt 0.183594 0.261719
vt 0.732422 0.417969
vt 0.716797 0.714844
vt 0.183594 0.287109
vt 0.736328 0.458984
vt 0.691406 0.708984
vt 0.187500 0.261719
vt 0.732422 0.412109
vt 0.716797 0.708984
vt 0.187500 0.287109
vt 0.691406 0.708984
vt 0.736328 0.406250
vt 0.228516 0.287109
vt 0.732422 0.412109
vt 0.716797 0.708984
vt 0.228516 0.261719
vt 0.691406 0.703125
vt 0.736328 0.400391
vt 0.394531 0.287109
vt 0.732422 0.406250
vt 0.716797 0.703125
vt 0.394531 0.261719
vt 0.736328 0.412109
vt 0.691406 0.703125
vt 0.232422 0.261719
vt 0.732422 0.406250
vt 0.716797 0.703125
vt 0.232422 0.287109
vt 0.736328 0.406250
vt 0.691406 0.697266
vt 0.398438 0.261719
vt 0.732422 0.400391
vt 0.716797 0.697266
vt 0.398438 0.287109
vt 0.722656 0.271484
vt 0.126953 0.279297
vt 0.736328 0.640625
vt 0.080078 0.279297
vt 0.724609 0.271484
vt 0.736328 0.638672
vt 0.722656 0.253906
vt 0.126953 0.261719
vt 0.736328 0.638672
vt 0.080078 0.261719
vt 0.724609 0.253906
vt 0.736328 0.636719
vt 0.083984 0.279297
vt 0.724609 0.271484
vt 0.740234 0.638672
vt 0.123047 0.279297
vt 0.726562 0.271484
vt 0.740234 0.640625
vt 0.083984 0.261719
vt 0.724609 0.253906
vt 0.740234 0.636719
vt 0.123047 0.261719
vt 0.726562 0.253906
vt 0.740234 0.638672
vt 0.378906 0.279297
vt 0.109375 0.302734
vt 0.718750 0.916016
vt 0.085938 0.302734
vt 0.384766 0.279297
vt 0.718750 0.910156
vt 0.378906 0.267578
vt 0.109375 0.291016
vt 0.718750 0.658203
vt 0.085938 0.291016
vt 0.384766 0.267578
vt 0.718750 0.652344
vt 0.097656 0.302734
vt 0.384766 0.279297
vt 0.730469 0.910156
vt 0.097656 0.302734
vt 0.390625 0.279297
vt 0.730469 0.916016
vt 0.097656 0.291016
vt 0.384766 0.267578
vt 0.730469 0.652344
vt 0.097656 0.291016
vt 0.390625 0.267578
vt 0.730469 0.658203
vt 0.578125 0.263672
vt 0.744141 0.398438
vt 0.732422 0.396484
vt 0.732422 0.400391
vt 0.580078 0.263672
vt 0.732422 0.394531
vt 0.578125 0.261719
vt 0.744141 0.396484
vt 0.732422 0.394531
vt 0.732422 0.398438
vt 0.580078 0.261719
vt 0.732422 0.392578
vt 0.744141 0.400391
vt 0.580078 0.263672
vt 0.744141 0.394531
vt 0.732422 0.398438
vt 0.582031 0.263672
vt 0.744141 0.396484
vt 0.744141 0.398438
vt 0.580078 0.261719
vt 0.744141 0.392578
vt 0.732422 0.396484
vt 0.582031 0.261719
vt 0.744141 0.394531
vt 0.656250 0.326172
vt 0.324219 0.283203
vt 0.072266 0.298828
vt 0.716797 0.710938
vt 0.671875 0.326172
vt 0.072266 0.283203
vt 0.656250 0.314453
vt 0.324219 0.271484
vt 0.289062 0.298828
vt 0.716797 0.699219
vt 0.671875 0.314453
vt 0.289062 0.283203
vt 0.724609 0.710938
vt 0.671875 0.326172
vt 0.080078 0.283203
vt 0.316406 0.283203
vt 0.687500 0.326172
vt 0.080078 0.298828
vt 0.724609 0.699219
vt 0.671875 0.314453
vt 0.296875 0.283203
vt 0.316406 0.271484
vt 0.687500 0.314453
vt 0.296875 0.298828
vt 0.716797 0.687500
vt 0.748047 0.585938
vt 0.230469 0.460938
vt 0.728516 0.931641
vt 0.751953 0.687500
vt 0.230469 0.425781
vt 0.716797 0.685547
vt 0.748047 0.583984
vt 0.500000 0.458984
vt 0.728516 0.929688
vt 0.751953 0.685547
vt 0.500000 0.423828
vt 0.748047 0.931641
vt 0.716797 0.623047
vt 0.250000 0.425781
vt 0.728516 0.585938
vt 0.751953 0.623047
vt 0.250000 0.460938
vt 0.748047 0.929688
vt 0.716797 0.621094
vt 0.519531 0.423828
vt 0.728516 0.583984
vt 0.751953 0.621094
vt 0.519531 0.458984
vt 0.410156 0.294922
vt 0.445312 0.294922
vt 0.720703 0.513672
vt 0.582031 0.296875
vt 0.417969 0.294922
vt 0.720703 0.505859
vt 0.410156 0.292969
vt 0.445312 0.292969
vt 0.558594 0.279297
vt 0.582031 0.294922
vt 0.417969 0.292969
vt 0.558594 0.271484
vt 0.589844 0.296875
vt 0.707031 0.505859
vt 0.728516 0.505859
vt 0.437500 0.294922
vt 0.714844 0.505859
vt 0.728516 0.513672
vt 0.589844 0.294922
vt 0.707031 0.503906
vt 0.566406 0.271484
vt 0.437500 0.292969
vt 0.714844 0.503906
vt 0.566406 0.279297
vt 0.730469 0.472656
vt 0.742188 0.751953
vt 0.291016 0.283203
vt 0.736328 0.753906
vt 0.746094 0.472656
vt 0.291016 0.267578
vt 0.730469 0.470703
vt 0.742188 0.750000
vt 0.324219 0.283203
vt 0.736328 0.751953
vt 0.746094 0.470703
vt 0.324219 0.267578
vt 0.742188 0.753906
vt 0.730469 0.470703
vt 0.296875 0.267578
vt 0.736328 0.751953
vt 0.746094 0.470703
vt 0.296875 0.283203
vt 0.742188 0.751953
vt 0.730469 0.468750
vt 0.330078 0.267578
vt 0.736328 0.750000
vt 0.746094 0.468750
vt 0.330078 0.283203
vt 0.382812 0.873047
vt 0.595703 0.955078
vt 0.724609 0.701172
vt 0.568359 0.794922
vt 0.384766 0.873047
vt 0.724609 0.699219
vt 0.382812 0.851562
vt 0.595703 0.933594
vt 0.724609 0.583984
vt 0.568359 0.773438
vt 0.384766 0.851562
vt 0.724609 0.582031
vt 0.593750 0.794922
vt 0.265625 0.406250
vt 0.750000 0.699219
vt 0.570312 0.955078
vt 0.267578 0.406250
vt 0.750000 0.701172
vt 0.593750 0.773438
vt 0.265625 0.384766
vt 0.750000 0.582031
vt 0.570312 0.933594
vt 0.267578 0.384766
vt 0.750000 0.583984
vt 0.562500 0.271484
vt 0.042969 0.605469
vt 0.523438 0.947266
vt 0.267578 0.628906
vt 0.564453 0.271484
vt 0.523438 0.945312
vt 0.562500 0.251953
vt 0.042969 0.585938
vt 0.523438 0.505859
vt 0.267578 0.609375
vt 0.564453 0.251953
vt 0.523438 0.503906
vt 0.310547 0.628906
vt 0.564453 0.271484
vt 0.566406 0.945312
vt 0.000000 0.605469
vt 0.566406 0.271484
vt 0.566406 0.947266
vt 0.310547 0.609375
vt 0.564453 0.251953
vt 0.566406 0.503906
vt 0.000000 0.585938
vt 0.566406 0.251953
vt 0.566406 0.505859
vt 0.210938 0.533203
vt 0.712891 0.667969
vt 0.716797 0.753906
vt 0.640625 0.302734
vt 0.216797 0.533203
vt 0.716797 0.748047
vt 0.210938 0.523438
vt 0.712891 0.658203
vt 0.716797 0.693359
vt 0.640625 0.292969
vt 0.216797 0.523438
vt 0.716797 0.687500
vt 0.654297 0.302734
vt 0.470703 0.451172
vt 0.730469 0.748047
vt 0.699219 0.667969
vt 0.476562 0.451172
vt 0.730469 0.753906
vt 0.654297 0.292969
vt 0.470703 0.441406
vt 0.730469 0.687500
vt 0.699219 0.658203
vt 0.476562 0.441406
vt 0.730469 0.693359
vt 0.318359 0.792969
vt 0.484375 0.300781
vt 0.722656 0.849609
vt 0.457031 0.300781
vt 0.322266 0.792969
vt 0.722656 0.845703
vt 0.318359 0.783203
vt 0.484375 0.291016
vt 0.722656 0.845703
vt 0.457031 0.291016
vt 0.322266 0.783203
vt 0.722656 0.841797
vt 0.470703 0.300781
vt 0.423828 0.958984
vt 0.736328 0.845703
vt 0.470703 0.300781
vt 0.427734 0.958984
vt 0.736328 0.849609
vt 0.470703 0.291016
vt 0.423828 0.949219
vt 0.736328 0.841797
vt 0.470703 0.291016
vt 0.427734 0.949219
vt 0.736328 0.845703
vt 0.560547 0.972656
vt 0.619141 0.404297
vt 0.283203 0.478516
vt 0.595703 0.421875
vt 0.591797 0.972656
vt 0.283203 0.447266
vt 0.560547 0.955078
vt 0.619141 0.386719
vt 0.025391 0.470703
vt 0.595703 0.404297
vt 0.591797 0.955078
vt 0.025391 0.439453
vt 0.619141 0.421875
vt 0.560547 0.769531
vt 0.306641 0.447266
vt 0.595703 0.404297
vt 0.591797 0.769531
vt 0.306641 0.478516
vt 0.619141 0.404297
vt 0.560547 0.751953
vt 0.048828 0.439453
vt 0.595703 0.386719
vt 0.591797 0.751953
vt 0.048828 0.470703
vt 0.582031 0.263672
vt 0.744141 0.296875
vt 0.732422 0.294922
vt 0.732422 0.312500
vt 0.583984 0.263672
vt 0.732422 0.292969
vt 0.582031 0.261719
vt 0.744141 0.294922
vt 0.732422 0.292969
vt 0.732422 0.310547
vt 0.583984 0.261719
vt 0.732422 0.291016
vt 0.744141 0.312500
vt 0.736328 0.417969
vt 0.744141 0.292969
vt 0.732422 0.296875
vt 0.738281 0.417969
vt 0.744141 0.294922
vt 0.744141 0.310547
vt 0.736328 0.416016
vt 0.744141 0.291016
vt 0.732422 0.294922
vt 0.738281 0.416016
vt 0.744141 0.292969
vt 0.583984 0.263672
vt 0.742188 0.669922
vt 0.734375 0.578125
vt 0.708984 0.841797
vt 0.585938 0.263672
vt 0.734375 0.576172
vt 0.583984 0.261719
vt 0.742188 0.667969
vt 0.734375 0.576172
vt 0.708984 0.839844
vt 0.585938 0.261719
vt 0.734375 0.574219
vt 0.716797 0.841797
vt 0.736328 0.416016
vt 0.742188 0.576172
vt 0.734375 0.669922
vt 0.738281 0.416016
vt 0.742188 0.578125
vt 0.716797 0.839844
vt 0.736328 0.414062
vt 0.742188 0.574219
vt 0.734375 0.667969
vt 0.738281 0.414062
vt 0.742188 0.576172
vt 0.716797 0.966797
vt 0.738281 0.414062
vt 0.431641 0.292969
vt 0.585938 0.263672
vt 0.757812 0.966797
vt 0.431641 0.251953
vt 0.716797 0.964844
vt 0.738281 0.412109
vt 0.035156 0.291016
vt 0.585938 0.261719
vt 0.757812 0.964844
vt 0.035156 0.250000
vt 0.587891 0.263672
vt 0.716797 0.964844
vt 0.433594 0.251953
vt 0.736328 0.414062
vt 0.757812 0.964844
vt 0.433594 0.292969
vt 0.587891 0.261719
vt 0.716797 0.962891
vt 0.037109 0.250000
vt 0.736328 0.412109
vt 0.757812 0.962891
vt 0.037109 0.291016
vt 0.000000 1.000000
vt 0.000000 1.000000
vt 0.056641 1.000000
vt 0.056641 1.000000
vt 0.000000 1.000000
vt 0.000000 0.958984
vt 0.000000 0.958984
vt 0.000000 1.000000
vt 0.548828 0.439453
vt 0.523438 0.300781
vt 0.722656 0.617188
vt 0.484375 0.300781
vt 0.552734 0.439453
vt 0.722656 0.613281
vt 0.548828 0.429688
vt 0.523438 0.291016
vt 0.722656 0.613281
vt 0.484375 0.291016
vt 0.552734 0.429688
vt 0.722656 0.609375
vt 0.498047 0.300781
vt 0.544922 0.392578
vt 0.736328 0.613281
vt 0.509766 0.300781
vt 0.548828 0.392578
vt 0.736328 0.617188
vt 0.498047 0.291016
vt 0.544922 0.382812
vt 0.736328 0.609375
vt 0.509766 0.291016
vt 0.548828 0.382812
vt 0.736328 0.613281
vt 0.732422 0.841797
vt 0.716797 0.978516
vt 0.552734 0.904297
vt 0.697266 0.675781
vt 0.736328 0.841797
vt 0.552734 0.900391
vt 0.732422 0.833984
vt 0.716797 0.970703
vt 0.593750 0.777344
vt 0.697266 0.667969
vt 0.736328 0.833984
vt 0.593750 0.773438
vt 0.714844 0.675781
vt 0.166016 0.267578
vt 0.570312 0.900391
vt 0.699219 0.978516
vt 0.169922 0.267578
vt 0.570312 0.904297
vt 0.714844 0.667969
vt 0.166016 0.259766
vt 0.611328 0.773438
vt 0.699219 0.970703
vt 0.169922 0.259766
vt 0.611328 0.777344
vt 0.724609 0.582031
vt 0.724609 0.580078
vt 0.750000 0.580078
vt 0.750000 0.582031
s 1
usemtl texture
f 4/10/1 7/19/1 5/13/1 2/4/1
f 3/7/2 4/11/2 2/5/2 1/1/2
f 8/22/3 3/8/3 1/2/3 6/16/3
f 7/20/4 8/23/4 6/17/4 5/14/4
f 6/18/5 1/3/5 2/6/5 5/15/5
f 7/21/6 4/12/6 3/9/6 8/24/6
f 12/34/7 15/43/7 13/37/7 10/28/7
f 11/31/2 12/35/2 10/29/2 9/25/2
f 16/46/8 11/32/8 9/26/8 14/40/8
f 15/44/4 16/47/4 14/41/4 13/38/4
f 14/42/9 9/27/9 10/30/9 13/39/9
f 15/45/10 12/36/10 11/33/10 16/48/10
f 20/58/7 23/67/7 21/61/7 18/52/7
f 19/55/2 20/59/2 18/53/2 17/49/2
f 24/70/8 19/56/8 17/50/8 22/64/8
f 23/68/4 24/71/4 22/65/4 21/62/4
f 22/66/9 17/51/9 18/54/9 21/63/9
f 23/69/10 20/60/10 19/57/10 24/72/10
f 28/82/7 31/91/7 29/85/7 26/76/7
f 27/79/2 28/83/2 26/77/2 25/73/2
f 32/94/8 27/80/8 25/74/8 30/88/8
f 31/92/4 32/95/4 30/89/4 29/86/4
f 30/90/9 25/75/9 26/78/9 29/87/9
f 31/93/10 28/84/10 27/81/10 32/96/10
f 36/106/7 39/115/7 37/109/7 34/100/7
f 35/103/2 36/107/2 34/101/2 33/97/2
f 40/118/8 35/104/8 33/98/8 38/112/8
f 39/116/4 40/119/4 38/113/4 37/110/4
f 38/114/9 33/99/9 34/102/9 37/111/9
f 39/117/10 36/108/10 35/105/10 40/120/10
f 44/130/1 47/139/1 45/133/1 42/124/1
f 43/127/2 44/131/2 42/125/2 41/121/2
f 48/142/3 43/128/3 41/122/3 46/136/3
f 47/140/4 48/143/4 46/137/4 45/134/4
f 46/138/5 41/123/5 42/126/5 45/135/5
f 47/141/6 44/132/6 43/129/6 48/144/6
f 52/153/11 55/161/12 53/156/12 50/147/13
f 51/150/14 52/154/14 50/148/14 49/145/14
f 56/164/12 51/151/11 49/146/11 54/160/15
f 55/162/16 56/165/16 54/159/16 53/157/16
f 54/160/15 49/146/11 50/149/13 53/158/12
f 55/163/12 52/155/11 51/152/11 56/166/12
f 60/175/17 63/183/17 61/178/17 58/169/17
f 59/172/18 60/176/18 58/170/18 57/167/18
f 64/186/17 59/173/17 57/168/17 62/182/17
f 63/184/19 64/187/19 62/181/19 61/179/19
f 62/182/17 57/168/17 58/171/17 61/180/17
f 63/185/17 60/177/17 59/174/17 64/188/17
f 68/197/20 71/205/21 69/200/21 66/191/22
f 67/194/23 68/198/23 66/192/23 65/189/23
f 72/208/24 67/195/20 65/190/20 70/204/21
f 71/206/25 72/209/25 70/203/25 69/201/25
f 70/204/21 65/190/20 66/193/22 69/202/21
f 71/207/21 68/199/20 67/196/20 72/210/24
f 76/219/20 79/227/21 77/222/21 74/213/22
f 75/216/23 76/220/23 74/214/23 73/211/23
f 80/230/24 75/217/20 73/212/20 78/226/21
f 79/228/25 80/231/25 78/225/25 77/223/25
f 78/226/21 73/212/20 74/215/22 77/224/21
f 79/229/21 76/221/20 75/218/20 80/232/24
f 84/240/26 87/249/26 85/243/26 82/235/26
f 83/237/27 84/241/28 82/236/28 81/234/27
f 88/252/29 83/238/29 81/233/29 86/246/29
f 87/250/28 88/253/27 86/247/27 85/244/28
f 86/248/27 81/234/27 82/236/28 85/245/28
f 87/251/28 84/242/28 83/239/27 88/254/27
f 92/262/9 95/271/9 93/265/9 90/257/9
f 91/259/17 92/263/17 90/258/17 89/256/17
f 96/274/10 91/260/10 89/255/10 94/268/10
f 95/272/17 96/275/17 94/269/17 93/266/17
f 94/270/17 89/256/17 90/258/17 93/267/17
f 95/273/17 92/264/17 91/261/17 96/276/17
f 100/284/9 103/293/9 101/287/9 98/279/9
f 99/281/17 100/285/17 98/280/17 97/278/17
f 104/296/10 99/282/10 97/277/10 102/290/10
f 103/294/17 104/297/17 102/291/17 101/288/17
f 102/292/17 97/278/17 98/280/17 101/289/17
f 103/295/17 100/286/17 99/283/17 104/298/17
f 108/307/30 111/315/31 109/310/31 106/301/30
f 107/304/32 108/308/32 106/302/32 105/299/32
f 112/318/31 107/305/30 105/300/30 110/314/31
f 111/316/33 112/319/33 110/313/33 109/311/33
f 110/314/31 105/300/30 106/303/30 109/312/31
f 111/317/31 108/309/30 107/306/30 112/320/31
f 116/330/34 119/339/35 117/333/36 114/324/36
f 115/327/35 116/331/34 114/325/36 113/321/36
f 120/342/35 115/328/35 113/322/36 118/336/36
f 119/340/35 120/343/35 118/337/36 117/334/36
f 118/338/37 113/323/37 114/326/37 117/335/37
f 119/341/38 116/332/38 115/329/38 120/344/38
f 124/354/34 127/363/35 125/357/36 122/348/39
f 123/351/34 124/355/34 122/349/39 121/345/36
f 128/366/35 123/352/34 121/346/36 126/360/36
f 127/364/35 128/367/35 126/361/36 125/358/36
f 126/362/37 121/347/37 122/350/37 125/359/37
f 127/365/38 124/356/38 123/353/38 128/368/38
f 132/376/40 135/385/40 133/379/40 130/371/40
f 131/373/41 132/377/42 130/372/42 129/370/41
f 136/388/43 131/374/43 129/369/43 134/382/43
f 135/386/42 136/389/44 134/383/41 133/380/42
f 134/384/41 129/370/41 130/372/42 133/381/42
f 135/387/42 132/378/42 131/375/41 136/390/44
f 140/400/45 143/409/45 141/403/45 138/394/45
f 139/397/46 140/401/46 138/395/46 137/391/46
f 144/412/47 139/398/47 137/392/47 142/406/47
f 143/410/48 144/413/48 142/407/48 141/404/48
f 142/408/49 137/393/49 138/396/49 141/405/49
f 143/411/50 140/402/50 139/399/50 144/414/50
f 148/422/7 151/431/7 149/425/7 146/417/7
f 147/419/7 148/423/7 146/418/7 145/416/7
f 152/434/8 147/420/8 145/415/8 150/428/8
f 151/432/7 152/435/7 150/429/7 149/426/7
f 150/430/7 145/416/7 146/418/7 149/427/7
f 151/433/7 148/424/7 147/421/7 152/436/7
f 156/446/51 159/455/51 157/449/51 154/440/51
f 155/443/52 156/447/52 154/441/52 153/437/52
f 160/458/53 155/444/53 153/438/53 158/452/53
f 159/456/54 160/459/54 158/453/54 157/450/54
f 158/454/9 153/439/9 154/442/9 157/451/9
f 159/457/10 156/448/10 155/445/10 160/460/10
f 164/468/55 167/477/55 165/471/55 162/463/55
f 163/465/56 164/469/57 162/464/58 161/462/56
f 168/480/59 163/466/59 161/461/59 166/474/59
f 167/478/57 168/481/56 166/475/56 165/472/58
f 166/476/56 161/462/56 162/464/58 165/473/58
f 167/479/57 164/470/57 163/467/56 168/482/56
f 172/490/60 175/499/60 173/493/60 170/485/60
f 171/487/61 172/491/62 170/486/63 169/484/61
f 176/502/64 171/488/64 169/483/64 174/496/64
f 175/500/62 176/503/65 174/497/61 173/494/63
f 174/498/61 169/484/61 170/486/63 173/495/63
f 175/501/62 172/492/62 171/489/61 176/504/65
f 180/514/66 183/523/66 181/517/66 178/508/66
f 179/511/2 180/515/2 178/509/2 177/505/2
f 184/526/67 179/512/67 177/506/67 182/520/67
f 183/524/4 184/527/4 182/521/4 181/518/4
f 182/522/68 177/507/68 178/510/68 181/519/68
f 183/525/69 180/516/69 179/513/69 184/528/69
f 188/536/66 191/545/66 189/539/66 186/531/66
f 187/533/70 188/537/71 186/532/71 185/530/70
f 192/548/67 187/534/67 185/529/67 190/542/67
f 191/546/71 192/549/70 190/543/70 189/540/71
f 190/544/70 185/530/70 186/532/71 189/541/71
f 191/547/71 188/538/71 187/535/70 192/550/70
f 196/560/7 199/569/7 197/563/7 194/554/7
f 195/557/2 196/561/2 194/555/2 193/551/2
f 200/572/8 195/558/8 193/552/8 198/566/8
f 199/570/4 200/573/4 198/567/4 197/564/4
f 198/568/9 193/553/9 194/556/9 197/565/9
f 199/571/10 196/562/10 195/559/10 200/574/10
f 204/584/72 207/593/72 205/587/72 202/578/72
f 203/581/73 204/585/73 202/579/73 201/575/73
f 208/596/74 203/582/74 201/576/74 206/590/74
f 207/594/75 208/597/75 206/591/75 205/588/75
f 206/592/76 201/577/76 202/580/76 205/589/76
f 207/595/77 204/586/77 203/583/77 208/598/77
f 212/608/78 215/617/78 213/611/78 210/602/78
f 211/605/79 212/609/79 210/603/79 209/599/79
f 216/620/80 211/606/80 209/600/80 214/614/80
f 215/618/81 216/621/81 214/615/81 213/612/81
f 214/616/82 209/601/82 210/604/82 213/613/82
f 215/619/83 212/610/83 211/607/83 216/622/83
f 220/632/84 223/641/84 221/635/84 218/626/84
f 219/629/14 220/633/14 218/627/14 217/623/14
f 224/644/85 219/630/85 217/624/85 222/638/85
f 223/642/16 224/645/16 222/639/16 221/636/16
f 222/640/86 217/625/86 218/628/86 221/637/86
f 223/643/87 220/634/87 219/631/87 224/646/87
f 228/656/7 231/665/7 229/659/7 226/650/7
f 227/653/2 228/657/2 226/651/2 225/647/2
f 232/668/8 227/654/8 225/648/8 230/662/8
f 231/666/4 232/669/4 230/663/4 229/660/4
f 230/664/9 225/649/9 226/652/9 229/661/9
f 231/667/10 228/658/10 227/655/10 232/670/10
f 236/680/88 239/689/88 237/683/88 234/674/88
f 235/677/89 236/681/89 234/675/89 233/671/89
f 240/692/90 235/678/90 233/672/90 238/686/90
f 239/690/91 240/693/91 238/687/91 237/684/91
f 238/688/9 233/673/9 234/676/9 237/685/9
f 239/691/10 236/682/10 235/679/10 240/694/10
f 244/704/92 247/713/92 245/707/92 242/698/92
f 243/701/93 244/705/93 242/699/93 241/695/93
f 248/716/94 243/702/94 241/696/94 246/710/94
f 247/714/95 248/717/95 246/711/95 245/708/95
f 246/712/9 241/697/9 242/700/9 245/709/9
f 247/715/10 244/706/10 243/703/10 248/718/10
f 252/727/7 255/736/7 253/730/7 250/721/7
f 251/724/96 252/728/96 250/722/96 249/719/96
f 256/739/8 251/725/8 249/720/8 254/733/8
f 255/737/97 256/740/97 254/734/97 253/731/97
f 254/735/98 249/720/98 250/723/98 253/732/98
f 255/738/99 252/729/99 251/726/99 256/741/99
f 260/751/7 263/760/7 261/754/7 258/745/7
f 259/748/18 260/752/18 258/746/18 257/742/18
f 264/763/8 259/749/8 257/743/8 262/757/8
f 263/761/19 264/764/19 262/758/19 261/755/19
f 262/759/100 257/744/100 258/747/100 261/756/100
f 263/762/101 260/753/101 259/750/101 264/765/101
f 268/775/7 271/784/7 269/778/7 266/769/7
f 267/772/102 268/776/102 266/770/102 265/766/102
f 272/787/8 267/773/8 265/767/8 270/781/8
f 271/785/103 272/788/103 270/782/103 269/779/103
f 270/783/104 265/768/104 266/771/104 269/780/104
f 271/786/105 268/777/105 267/774/105 272/789/105
f 276/799/7 279/808/7 277/802/7 274/793/7
f 275/796/2 276/800/2 274/794/2 273/790/2
f 280/811/8 275/797/8 273/791/8 278/805/8
f 279/809/4 280/812/4 278/806/4 277/803/4
f 278/807/9 273/792/9 274/795/9 277/804/9
f 279/810/10 276/801/10 275/798/10 280/813/10
f 284/823/78 287/832/78 285/826/78 282/817/78
f 283/820/23 284/824/23 282/818/23 281/814/23
f 288/835/80 283/821/80 281/815/80 286/829/80
f 287/833/25 288/836/25 286/830/25 285/827/25
f 286/831/106 281/816/106 282/819/106 285/828/106
f 287/834/107 284/825/107 283/822/107 288/837/107
f 292/847/78 295/856/78 293/850/78 290/841/78
f 291/844/23 292/848/23 290/842/23 289/838/23
f 296/859/80 291/845/80 289/839/80 294/853/80
f 295/857/25 296/860/25 294/854/25 293/851/25
f 294/855/106 289/840/106 290/843/106 293/852/106
f 295/858/107 292/849/107 291/846/107 296/861/107
f 300/871/108 303/880/108 301/874/108 298/865/108
f 299/868/109 300/872/109 298/866/109 297/862/109
f 304/883/110 299/869/110 297/863/110 302/877/110
f 303/881/111 304/884/111 302/878/111 301/875/111
f 302/879/9 297/864/9 298/867/9 301/876/9
f 303/882/10 300/873/10 299/870/10 304/885/10
f 308/895/112 311/904/112 309/898/112 306/889/112
f 307/892/109 308/896/109 306/890/109 305/886/109
f 312/907/113 307/893/113 305/887/113 310/901/113
f 311/905/111 312/908/111 310/902/111 309/899/111
f 310/903/114 305/888/114 306/891/114 309/900/114
f 311/906/115 308/897/115 307/894/115 312/909/115
f 316/919/112 319/928/112 317/922/112 314/913/112
f 315/916/109 316/920/109 314/914/109 313/910/109
f 320/931/113 315/917/113 313/911/113 318/925/113
f 319/929/111 320/932/111 318/926/111 317/923/111
f 318/927/114 313/912/114 314/915/114 317/924/114
f 319/930/116 316/921/116 315/918/116 320/933/116
f 324/943/112 327/952/112 325/946/112 322/937/112
f 323/940/109 324/944/109 322/938/109 321/934/109
f 328/955/113 323/941/113 321/935/113 326/949/113
f 327/953/117 328/956/117 326/950/117 325/947/117
f 326/951/118 321/936/118 322/939/118 325/948/118
f 327/954/115 324/945/115 323/942/115 328/957/115
f 332/967/112 335/976/112 333/970/112 330/961/112
f 331/964/119 332/968/119 330/962/119 329/958/119
f 336/979/113 331/965/113 329/959/113 334/973/113
f 335/977/120 336/980/120 334/974/120 333/971/120
f 334/975/118 329/960/118 330/963/118 333/972/118
f 335/978/115 332/969/115 331/966/115 336/981/115
f 340/991/108 343/1000/108 341/994/108 338/985/108
f 339/988/119 340/992/119 338/986/119 337/982/119
f 344/1003/110 339/989/110 337/983/110 342/997/110
f 343/1001/111 344/1004/111 342/998/111 341/995/111
f 342/999/9 337/984/9 338/987/9 341/996/9
f 343/1002/10 340/993/10 339/990/10 344/1005/10
f 348/1015/55 351/1024/55 349/1018/55 346/1009/55
f 347/1012/121 348/1016/121 346/1010/121 345/1006/121
f 352/1027/59 347/1013/59 345/1007/59 350/1021/59
f 351/1025/122 352/1028/122 350/1022/122 349/1019/122
f 350/1023/123 345/1008/123 346/1011/123 349/1020/123
f 351/1026/124 348/1017/124 347/1014/124 352/1029/124
f 356/1039/125 359/1048/125 357/1042/125 354/1033/125
f 355/1036/126 356/1040/126 354/1034/126 353/1030/126
f 360/1051/127 355/1037/127 353/1031/127 358/1045/127
f 359/1049/128 360/1052/128 358/1046/128 357/1043/128
f 358/1047/9 353/1032/9 354/1035/9 357/1044/9
f 359/1050/10 356/1041/10 355/1038/10 360/1053/10
f 364/1063/125 367/1072/125 365/1066/125 362/1057/125
f 363/1060/126 364/1064/126 362/1058/126 361/1054/126
f 368/1075/127 363/1061/127 361/1055/127 366/1069/127
f 367/1073/128 368/1076/128 366/1070/128 365/1067/128
f 366/1071/9 361/1056/9 362/1059/9 365/1068/9
f 367/1074/10 364/1065/10 363/1062/10 368/1077/10
f 372/1087/125 375/1096/125 373/1090/125 370/1081/125
f 371/1084/126 372/1088/126 370/1082/126 369/1078/126
f 376/1099/127 371/1085/127 369/1079/127 374/1093/127
f 375/1097/128 376/1100/128 374/1094/128 373/1091/128
f 374/1095/9 369/1080/9 370/1083/9 373/1092/9
f 375/1098/10 372/1089/10 371/1086/10 376/1101/10
f 380/1111/129 383/1120/129 381/1114/129 378/1105/129
f 379/1108/130 380/1112/130 378/1106/130 377/1102/130
f 384/1123/131 379/1109/131 377/1103/131 382/1117/131
f 383/1121/132 384/1124/132 382/1118/132 381/1115/132
f 382/1119/133 377/1104/133 378/1107/133 381/1116/133
f 383/1122/134 380/1113/134 379/1110/134 384/1125/134
f 388/1135/135 391/1144/135 389/1138/135 386/1129/135
f 387/1132/136 388/1136/136 386/1130/136 385/1126/136
f 392/1147/137 387/1133/137 385/1127/137 390/1141/137
f 391/1145/138 392/1148/138 390/1142/138 389/1139/138
f 390/1143/139 385/1128/139 386/1131/139 389/1140/139
f 391/1146/140 388/1137/140 387/1134/140 392/1149/140
f 396/1159/141 399/1168/141 397/1162/141 394/1153/141
f 395/1156/142 396/1160/142 394/1154/142 393/1150/142
f 400/1171/143 395/1157/143 393/1151/143 398/1165/143
f 399/1169/144 400/1172/144 398/1166/144 397/1163/144
f 398/1167/9 393/1152/9 394/1155/9 397/1164/9
f 399/1170/10 396/1161/10 395/1158/10 400/1173/10
f 404/1183/45 407/1192/45 405/1186/45 402/1177/45
f 403/1180/145 404/1184/145 402/1178/145 401/1174/145
f 408/1195/47 403/1181/47 401/1175/47 406/1189/47
f 407/1193/146 408/1196/146 406/1190/146 405/1187/146
f 406/1191/147 401/1176/147 402/1179/147 405/1188/147
f 407/1194/148 404/1185/148 403/1182/148 408/1197/148
f 412/1207/149 415/1216/149 413/1210/149 410/1201/149
f 411/1204/145 412/1208/145 410/1202/145 409/1198/145
f 416/1219/150 411/1205/150 409/1199/150 414/1213/150
f 415/1217/146 416/1220/146 414/1214/146 413/1211/146
f 414/1215/151 409/1200/151 410/1203/151 413/1212/151
f 415/1218/152 412/1209/152 411/1206/152 416/1221/152
f 420/1231/153 423/1240/153 421/1234/153 418/1225/153
f 419/1228/154 420/1232/154 418/1226/154 417/1222/154
f 424/1243/155 419/1229/155 417/1223/155 422/1237/155
f 423/1241/156 424/1244/156 422/1238/156 421/1235/156
f 422/1239/9 417/1224/9 418/1227/9 421/1236/9
f 423/1242/10 420/1233/10 419/1230/10 424/1245/10
f 428/1255/153 431/1264/153 429/1258/153 426/1249/153
f 427/1252/154 428/1256/154 426/1250/154 425/1246/154
f 432/1267/155 427/1253/155 425/1247/155 430/1261/155
f 431/1265/156 432/1268/156 430/1262/156 429/1259/156
f 430/1263/9 425/1248/9 426/1251/9 429/1260/9
f 431/1266/10 428/1257/10 427/1254/10 432/1269/10
f 436/1279/153 439/1288/153 437/1282/153 434/1273/153
f 435/1276/154 436/1280/154 434/1274/154 433/1270/154
f 440/1291/155 435/1277/155 433/1271/155 438/1285/155
f 439/1289/156 440/1292/156 438/1286/156 437/1283/156
f 438/1287/9 433/1272/9 434/1275/9 437/1284/9
f 439/1290/10 436/1281/10 435/1278/10 440/1293/10
f 444/1303/157 447/1312/157 445/1306/157 442/1297/157
f 443/1300/158 444/1304/158 442/1298/158 441/1294/158
f 448/1315/159 443/1301/159 441/1295/159 446/1309/159
f 447/1313/160 448/1316/160 446/1310/160 445/1307/160
f 446/1311/161 441/1296/161 442/1299/161 445/1308/161
f 447/1314/162 444/1305/162 443/1302/162 448/1317/162
f 452/1327/163 455/1336/163 453/1330/163 450/1321/163
f 451/1324/164 452/1328/164 450/1322/164 449/1318/164
f 456/1339/165 451/1325/165 449/1319/165 454/1333/165
f 455/1337/166 456/1340/166 454/1334/166 453/1331/166
f 454/1335/167 449/1320/167 450/1323/167 453/1332/167
f 455/1338/168 452/1329/168 451/1326/168 456/1341/168
f 460/1351/169 463/1360/169 461/1354/169 458/1345/169
f 459/1348/170 460/1352/170 458/1346/170 457/1342/170
f 464/1363/171 459/1349/171 457/1343/171 462/1357/171
f 463/1361/172 464/1364/172 462/1358/172 461/1355/172
f 462/1359/173 457/1344/173 458/1347/173 461/1356/173
f 463/1362/174 460/1353/174 459/1350/174 464/1365/174
f 468/1375/7 471/1384/7 469/1378/7 466/1369/7
f 467/1372/2 468/1376/2 466/1370/2 465/1366/2
f 472/1387/8 467/1373/8 465/1367/8 470/1381/8
f 471/1385/4 472/1388/4 470/1382/4 469/1379/4
f 470/1383/9 465/1368/9 466/1371/9 469/1380/9
f 471/1386/10 468/1377/10 467/1374/10 472/1389/10
f 476/1399/175 479/1408/175 477/1402/175 474/1393/175
f 475/1396/93 476/1400/93 474/1394/93 473/1390/93
f 480/1411/94 475/1397/94 473/1391/94 478/1405/94
f 479/1409/95 480/1412/95 478/1406/95 477/1403/95
f 478/1407/9 473/1392/9 474/1395/9 477/1404/9
f 479/1410/10 476/1401/10 475/1398/10 480/1413/10
f 484/1423/88 487/1432/88 485/1426/88 482/1417/88
f 483/1420/89 484/1424/89 482/1418/89 481/1414/89
f 488/1435/90 483/1421/90 481/1415/90 486/1429/90
f 487/1433/91 488/1436/91 486/1430/91 485/1427/91
f 486/1431/9 481/1416/9 482/1419/9 485/1428/9
f 487/1434/10 484/1425/10 483/1422/10 488/1437/10
f 492/1446/7 495/1455/7 493/1449/7 490/1440/7
f 491/1443/176 492/1447/176 490/1441/176 489/1438/176
f 496/1458/8 491/1444/8 489/1439/8 494/1452/8
f 495/1456/177 496/1459/177 494/1453/177 493/1450/177
f 494/1454/178 489/1439/178 490/1442/178 493/1451/178
f 495/1457/179 492/1448/179 491/1445/179 496/1460/179
f 500/1470/7 503/1479/7 501/1473/7 498/1464/7
f 499/1467/180 500/1471/180 498/1465/180 497/1461/180
f 504/1482/8 499/1468/8 497/1462/8 502/1476/8
f 503/1480/181 504/1483/181 502/1477/181 501/1474/181
f 502/1478/182 497/1463/182 498/1466/182 501/1475/182
f 503/1481/183 500/1472/183 499/1469/183 504/1484/183
f 508/1494/184 511/1503/184 509/1497/184 506/1488/184
f 507/1491/2 508/1495/2 506/1489/2 505/1485/2
f 512/1506/185 507/1492/185 505/1486/185 510/1500/185
f 511/1504/4 512/1507/4 510/1501/4 509/1498/4
f 510/1502/186 505/1487/186 506/1490/186 509/1499/186
f 511/1505/187 508/1496/187 507/1493/187 512/1508/187
f 516/1518/26 519/1527/26 517/1521/26 514/1512/26
f 515/1515/2 516/1519/2 514/1513/2 513/1509/2
f 520/1530/29 515/1516/29 513/1510/29 518/1524/29
f 519/1528/4 520/1531/4 518/1525/4 517/1522/4
f 518/1526/188 513/1511/188 514/1514/188 517/1523/188
f 519/1529/189 516/1520/189 515/1517/189 520/1532/189
f 524/1542/9 527/1551/9 525/1545/9 522/1536/9
f 523/1539/2 524/1543/2 522/1537/2 521/1533/2
f 528/1554/10 523/1540/10 521/1534/10 526/1548/10
f 527/1552/4 528/1555/4 526/1549/4 525/1546/4
f 526/1550/8 521/1535/8 522/1538/8 525/1547/8
f 527/1553/7 524/1544/7 523/1541/7 528/1556/7
f 532/1566/9 535/1575/9 533/1569/9 530/1560/9
f 531/1563/2 532/1567/2 530/1561/2 529/1557/2
f 536/1578/10 531/1564/10 529/1558/10 534/1572/10
f 535/1576/4 536/1579/4 534/1573/4 533/1570/4
f 534/1574/8 529/1559/8 530/1562/8 533/1571/8
f 535/1577/7 532/1568/7 531/1565/7 536/1580/7
f 540/1590/7 543/1599/7 541/1593/7 538/1584/7
f 539/1587/190 540/1591/190 538/1585/190 537/1581/190
f 544/1602/8 539/1588/8 537/1582/8 542/1596/8
f 543/1600/191 544/1603/191 542/1597/191 541/1594/191
f 542/1598/192 537/1583/192 538/1586/192 541/1595/192
f 543/1601/193 540/1592/193 539/1589/193 544/1604/193
f 548/1614/7 551/1623/7 549/1617/7 546/1608/7
f 547/1611/2 548/1615/2 546/1609/2 545/1605/2
f 552/1626/8 547/1612/8 545/1606/8 550/1620/8
f 551/1624/4 552/1627/4 550/1621/4 549/1618/4
f 550/1622/9 545/1607/9 546/1610/9 549/1619/9
f 551/1625/10 548/1616/10 547/1613/10 552/1628/10
f 556/1638/7 559/1647/7 557/1641/7 554/1632/7
f 555/1635/2 556/1639/2 554/1633/2 553/1629/2
f 560/1650/8 555/1636/8 553/1630/8 558/1644/8
f 559/1648/4 560/1651/4 558/1645/4 557/1642/4
f 558/1646/9 553/1631/9 554/1634/9 557/1643/9
f 559/1649/10 556/1640/10 555/1637/10 560/1652/10
f 564/1662/7 567/1671/7 565/1665/7 562/1656/7
f 563/1659/2 564/1663/2 562/1657/2 561/1653/2
f 568/1674/8 563/1660/8 561/1654/8 566/1668/8
f 567/1672/4 568/1675/4 566/1669/4 565/1666/4
f 566/1670/9 561/1655/9 562/1658/9 565/1667/9
f 567/1673/10 564/1664/10 563/1661/10 568/1676/10
f 572/1686/7 575/1695/7 573/1689/7 570/1680/7
f 571/1683/2 572/1687/2 570/1681/2 569/1677/2
f 576/1698/8 571/1684/8 569/1678/8 574/1692/8
f 575/1696/4 576/1699/4 574/1693/4 573/1690/4
f 574/1694/9 569/1679/9 570/1682/9 573/1691/9
f 575/1697/10 572/1688/10 571/1685/10 576/1700/10
f 580/1710/163 583/1719/163 581/1713/163 578/1704/163
f 579/1707/194 580/1711/194 578/1705/194 577/1701/194
f 584/1722/165 579/1708/165 577/1702/165 582/1716/165
f 583/1720/195 584/1723/195 582/1717/195 581/1714/195
f 582/1718/196 577/1703/196 578/1706/196 581/1715/196
f 583/1721/197 580/1712/197 579/1709/197 584/1724/197
f 588/1734/163 591/1743/163 589/1737/163 586/1728/163
f 587/1731/194 588/1735/194 586/1729/194 585/1725/194
f 592/1746/165 587/1732/165 585/1726/165 590/1740/165
f 591/1744/195 592/1747/195 590/1741/195 589/1738/195
f 590/1742/196 585/1727/196 586/1730/196 589/1739/196
f 591/1745/197 588/1736/197 587/1733/197 592/1748/197
f 596/1756/7 599/1765/7 597/1759/7 594/1751/7
f 595/1753/7 596/1757/7 594/1752/7 593/1750/7
f 600/1768/8 595/1754/8 593/1749/8 598/1762/8
f 599/1766/7 600/1769/7 598/1763/7 597/1760/7
f 598/1764/7 593/1750/7 594/1752/7 597/1761/7
f 599/1767/7 596/1758/7 595/1755/7 600/1770/7
f 604/1780/198 607/1789/198 605/1783/198 602/1774/198
f 603/1777/199 604/1781/199 602/1775/199 601/1771/199
f 608/1792/200 603/1778/200 601/1772/200 606/1786/200
f 607/1790/201 608/1793/201 606/1787/201 605/1784/201
f 606/1788/9 601/1773/9 602/1776/9 605/1785/9
f 607/1791/10 604/1782/10 603/1779/10 608/1794/10
f 612/1804/202 615/1813/202 613/1807/202 610/1798/202
f 611/1801/203 612/1805/203 610/1799/203 609/1795/203
f 616/1816/204 611/1802/204 609/1796/204 614/1810/204
f 615/1814/205 616/1817/205 614/1811/205 613/1808/205
f 614/1812/206 609/1797/206 610/1800/206 613/1809/206
f 615/1815/207 612/1806/207 611/1803/207 616/1818/207
f 620/1828/202 623/1837/202 621/1831/202 618/1822/202
f 619/1825/203 620/1829/203 618/1823/203 617/1819/203
f 624/1840/204 619/1826/204 617/1820/204 622/1834/204
f 623/1838/208 624/1841/208 622/1835/208 621/1832/208
f 622/1836/209 617/1821/209 618/1824/209 621/1833/209
f 623/1839/207 620/1830/207 619/1827/207 624/1842/207
f 628/1852/202 631/1861/202 629/1855/202 626/1846/202
f 627/1849/203 628/1853/203 626/1847/203 625/1843/203
f 632/1864/204 627/1850/204 625/1844/204 630/1858/204
f 631/1862/201 632/1865/201 630/1859/201 629/1856/201
f 630/1860/206 625/1845/206 626/1848/206 629/1857/206
f 631/1863/207 628/1854/207 627/1851/207 632/1866/207
f 636/1876/202 639/1885/202 637/1879/202 634/1870/202
f 635/1873/199 636/1877/199 634/1871/199 633/1867/199
f 640/1888/204 635/1874/204 633/1868/204 638/1882/204
f 639/1886/201 640/1889/201 638/1883/201 637/1880/201
f 638/1884/206 633/1869/206 634/1872/206 637/1881/206
f 639/1887/207 636/1878/207 635/1875/207 640/1890/207
f 644/1900/210 647/1909/210 645/1903/210 642/1894/210
f 643/1897/199 644/1901/199 642/1895/199 641/1891/199
f 648/1912/211 643/1898/211 641/1892/211 646/1906/211
f 647/1910/201 648/1913/201 646/1907/201 645/1904/201
f 646/1908/9 641/1893/9 642/1896/9 645/1905/9
f 647/1911/10 644/1902/10 643/1899/10 648/1914/10
f 652/1924/60 655/1933/60 653/1927/60 650/1918/60
f 651/1921/212 652/1925/212 650/1919/212 649/1915/212
f 656/1936/64 651/1922/64 649/1916/64 654/1930/64
f 655/1934/213 656/1937/213 654/1931/213 653/1928/213
f 654/1932/214 649/1917/214 650/1920/214 653/1929/214
f 655/1935/215 652/1926/215 651/1923/215 656/1938/215
f 660/1948/216 663/1957/216 661/1951/216 658/1942/216
f 659/1945/217 660/1949/217 658/1943/217 657/1939/217
f 664/1960/218 659/1946/218 657/1940/218 662/1954/218
f 663/1958/219 664/1961/219 662/1955/219 661/1952/219
f 662/1956/9 657/1941/9 658/1944/9 661/1953/9
f 663/1959/10 660/1950/10 659/1947/10 664/1962/10
f 668/1972/216 671/1981/216 669/1975/216 666/1966/216
f 667/1969/217 668/1973/217 666/1967/217 665/1963/217
f 672/1984/218 667/1970/218 665/1964/218 670/1978/218
f 671/1982/219 672/1985/219 670/1979/219 669/1976/219
f 670/1980/9 665/1965/9 666/1968/9 669/1977/9
f 671/1983/10 668/1974/10 667/1971/10 672/1986/10
f 676/1996/216 679/2005/216 677/1999/216 674/1990/216
f 675/1993/217 676/1997/217 674/1991/217 673/1987/217
f 680/2008/218 675/1994/218 673/1988/218 678/2002/218
f 679/2006/219 680/2009/219 678/2003/219 677/2000/219
f 678/2004/9 673/1989/9 674/1992/9 677/2001/9
f 679/2007/10 676/1998/10 675/1995/10 680/2010/10
f 684/2020/153 687/2029/153 685/2023/153 682/2014/153
f 683/2017/220 684/2021/220 682/2015/220 681/2011/220
f 688/2032/155 683/2018/155 681/2012/155 686/2026/155
f 687/2030/221 688/2033/221 686/2027/221 685/2024/221
f 686/2028/222 681/2013/222 682/2016/222 685/2025/222
f 687/2031/223 684/2022/223 683/2019/223 688/2034/223
f 692/2044/224 695/2053/224 693/2047/224 690/2038/224
f 691/2041/225 692/2045/225 690/2039/225 689/2035/225
f 696/2056/226 691/2042/226 689/2036/226 694/2050/226
f 695/2054/227 696/2057/227 694/2051/227 693/2048/227
f 694/2052/228 689/2037/228 690/2040/228 693/2049/228
f 695/2055/229 692/2046/229 691/2043/229 696/2058/229
f 700/2068/230 703/2077/230 701/2071/230 698/2062/230
f 699/2065/231 700/2069/231 698/2063/231 697/2059/231
f 704/2080/232 699/2066/232 697/2060/232 702/2074/232
f 703/2078/233 704/2081/233 702/2075/233 701/2072/233
f 702/2076/9 697/2061/9 698/2064/9 701/2073/9
f 703/2079/10 700/2070/10 699/2067/10 704/2082/10
f 708/2092/234 711/2101/234 709/2095/234 706/2086/234
f 707/2089/235 708/2093/235 706/2087/235 705/2083/235
f 712/2104/236 707/2090/236 705/2084/236 710/2098/236
f 711/2102/237 712/2105/237 710/2099/237 709/2096/237
f 710/2100/238 705/2085/238 706/2088/238 709/2097/238
f 711/2103/239 708/2094/239 707/2091/239 712/2106/239
f 716/2116/240 719/2125/240 717/2119/240 714/2110/240
f 715/2113/241 716/2117/241 714/2111/241 713/2107/241
f 720/2128/242 715/2114/242 713/2108/242 718/2122/242
f 719/2126/243 720/2129/243 718/2123/243 717/2120/243
f 718/2124/244 713/2109/244 714/2112/244 717/2121/244
f 719/2127/245 716/2118/245 715/2115/245 720/2130/245
f 724/2140/7 727/2149/7 725/2143/7 722/2134/7
f 723/2137/246 724/2141/246 722/2135/246 721/2131/246
f 728/2152/8 723/2138/8 721/2132/8 726/2146/8
f 727/2150/247 728/2153/247 726/2147/247 725/2144/247
f 726/2148/248 721/2133/248 722/2136/248 725/2145/248
f 727/2151/249 724/2142/249 723/2139/249 728/2154/249
f 732/2164/7 735/2173/7 733/2167/7 730/2158/7
f 731/2161/250 732/2165/250 730/2159/250 729/2155/250
f 736/2176/8 731/2162/8 729/2156/8 734/2170/8
f 735/2174/251 736/2177/251 734/2171/251 733/2168/251
f 734/2172/252 729/2157/252 730/2160/252 733/2169/252
f 735/2175/253 732/2166/253 731/2163/253 736/2178/253
f 740/2188/254 743/2197/254 741/2191/254 738/2182/254
f 739/2185/255 740/2189/255 738/2183/255 737/2179/255
f 744/2200/256 739/2186/256 737/2180/256 742/2194/256
f 743/2198/257 744/2201/257 742/2195/257 741/2192/257
f 742/2196/258 737/2181/258 738/2184/258 741/2193/258
f 743/2199/259 740/2190/259 739/2187/259 744/2202/259
f 748/2212/254 751/2221/254 749/2215/254 746/2206/254
f 747/2209/260 748/2213/260 746/2207/260 745/2203/260
f 752/2224/256 747/2210/256 745/2204/256 750/2218/256
f 751/2222/261 752/2225/261 750/2219/261 749/2216/261
f 750/2220/262 745/2205/262 746/2208/262 749/2217/262
f 751/2223/263 748/2214/263 747/2211/263 752/2226/263
f 756/2236/264 759/2245/264 757/2239/264 754/2230/264
f 755/2233/32 756/2237/32 754/2231/32 753/2227/32
f 760/2248/265 755/2234/265 753/2228/265 758/2242/265
f 759/2246/33 760/2249/33 758/2243/33 757/2240/33
f 758/2244/266 753/2229/266 754/2232/266 757/2241/266
f 759/2247/267 756/2238/267 755/2235/267 760/2250/267
f 764/2260/268 767/2269/268 765/2263/268 762/2254/268
f 763/2257/269 764/2261/269 762/2255/269 761/2251/269
f 768/2272/270 763/2258/270 761/2252/270 766/2266/270
f 767/2270/271 768/2273/271 766/2267/271 765/2264/271
f 766/2268/272 761/2253/272 762/2256/272 765/2265/272
f 767/2271/273 764/2262/273 763/2259/273 768/2274/273
f 772/2284/7 775/2293/7 773/2287/7 770/2278/7
f 771/2281/2 772/2285/2 770/2279/2 769/2275/2
f 776/2296/8 771/2282/8 769/2276/8 774/2290/8
f 775/2294/4 776/2297/4 774/2291/4 773/2288/4
f 774/2292/9 769/2277/9 770/2280/9 773/2289/9
f 775/2295/10 772/2286/10 771/2283/10 776/2298/10
f 780/2308/274 783/2317/274 781/2311/274 778/2302/274
f 779/2305/275 780/2309/275 778/2303/275 777/2299/275
f 784/2320/276 779/2306/276 777/2300/276 782/2314/276
f 783/2318/277 784/2321/277 782/2315/277 781/2312/277
f 782/2316/37 777/2301/37 778/2304/37 781/2313/37
f 783/2319/38 780/2310/38 779/2307/38 784/2322/38
f 788/2332/278 791/2341/278 789/2335/278 786/2326/278
f 787/2329/279 788/2333/279 786/2327/279 785/2323/279
f 792/2344/280 787/2330/280 785/2324/280 790/2338/280
f 791/2342/281 792/2345/281 790/2339/281 789/2336/281
f 790/2340/9 785/2325/9 786/2328/9 789/2337/9
f 791/2343/10 788/2334/10 787/2331/10 792/2346/10
f 796/2356/278 799/2365/278 797/2359/278 794/2350/278
f 795/2353/279 796/2357/279 794/2351/279 793/2347/279
f 800/2368/280 795/2354/280 793/2348/280 798/2362/280
f 799/2366/281 800/2369/281 798/2363/281 797/2360/281
f 798/2364/9 793/2349/9 794/2352/9 797/2361/9
f 799/2367/10 796/2358/10 795/2355/10 800/2370/10
f 804/2380/254 807/2389/254 805/2383/254 802/2374/254
f 803/2377/255 804/2381/255 802/2375/255 801/2371/255
f 808/2392/256 803/2378/256 801/2372/256 806/2386/256
f 807/2390/257 808/2393/257 806/2387/257 805/2384/257
f 806/2388/258 801/2373/258 802/2376/258 805/2385/258
f 807/2391/282 804/2382/282 803/2379/282 808/2394/282
f 812/2404/283 815/2413/283 813/2407/283 810/2398/283
f 811/2401/284 812/2405/284 810/2399/284 809/2395/284
f 816/2416/285 811/2402/285 809/2396/285 814/2410/285
f 815/2414/286 816/2417/286 814/2411/286 813/2408/286
f 814/2412/287 809/2397/287 810/2400/287 813/2409/287
f 815/2415/288 812/2406/288 811/2403/288 816/2418/288
f 820/2428/283 823/2437/283 821/2431/283 818/2422/283
f 819/2425/289 820/2429/289 818/2423/289 817/2419/289
f 824/2440/285 819/2426/285 817/2420/285 822/2434/285
f 823/2438/290 824/2441/290 822/2435/290 821/2432/290
f 822/2436/291 817/2421/291 818/2424/291 821/2433/291
f 823/2439/292 820/2430/292 819/2427/292 824/2442/292
f 828/2452/7 831/2461/7 829/2455/7 826/2446/7
f 827/2449/2 828/2453/2 826/2447/2 825/2443/2
f 832/2464/8 827/2450/8 825/2444/8 830/2458/8
f 831/2462/4 832/2465/4 830/2459/4 829/2456/4
f 830/2460/9 825/2445/9 826/2448/9 829/2457/9
f 831/2463/10 828/2454/10 827/2451/10 832/2466/10
f 836/2476/293 839/2485/293 837/2479/293 834/2470/293
f 835/2473/256 836/2477/256 834/2471/256 833/2467/256
f 840/2488/294 835/2474/294 833/2468/294 838/2482/294
f 839/2486/254 840/2489/254 838/2483/254 837/2480/254
f 838/2484/9 833/2469/9 834/2472/9 837/2481/9
f 839/2487/10 836/2478/10 835/2475/10 840/2490/10
f 844/2500/7 847/2509/7 845/2503/7 842/2494/7
f 843/2497/2 844/2501/2 842/2495/2 841/2491/2
f 848/2512/8 843/2498/8 841/2492/8 846/2506/8
f 847/2510/4 848/2513/4 846/2507/4 845/2504/4
f 846/2508/9 841/2493/9 842/2496/9 845/2505/9
f 847/2511/10 844/2502/10 843/2499/10 848/2514/10
f 852/2524/295 855/2533/295 853/2527/295 850/2518/295
f 851/2521/296 852/2525/296 850/2519/296 849/2515/296
f 856/2536/297 851/2522/297 849/2516/297 854/2530/297
f 855/2534/298 856/2537/298 854/2531/298 853/2528/298
f 854/2532/9 849/2517/9 850/2520/9 853/2529/9
f 855/2535/10 852/2526/10 851/2523/10 856/2538/10
f 860/2548/7 863/2557/7 861/2551/7 858/2542/7
f 859/2545/2 860/2549/2 858/2543/2 857/2539/2
f 864/2560/8 859/2546/8 857/2540/8 862/2554/8
f 863/2558/4 864/2561/4 862/2555/4 861/2552/4
f 862/2556/9 857/2541/9 858/2544/9 861/2553/9
f 863/2559/10 860/2550/10 859/2547/10 864/2562/10
f 868/2572/88 871/2581/88 869/2575/88 866/2566/88
f 867/2569/89 868/2573/89 866/2567/89 865/2563/89
f 872/2584/90 867/2570/90 865/2564/90 870/2578/90
f 871/2582/91 872/2585/91 870/2579/91 869/2576/91
f 870/2580/9 865/2565/9 866/2568/9 869/2577/9
f 871/2583/10 868/2574/10 867/2571/10 872/2586/10
f 876/2590/5 873/2587/5 874/2588/5 875/2589/5
f 880/2600/7 883/2609/7 881/2603/7 878/2594/7
f 879/2597/2 880/2601/2 878/2595/2 877/2591/2
f 884/2612/8 879/2598/8 877/2592/8 882/2606/8
f 883/2610/4 884/2613/4 882/2607/4 881/2604/4
f 882/2608/9 877/2593/9 878/2596/9 881/2605/9
f 883/2611/10 880/2602/10 879/2599/10 884/2614/10
f 888/2624/184 891/2633/184 889/2627/184 886/2618/184
f 887/2621/2 888/2625/2 886/2619/2 885/2615/2
f 892/2636/185 887/2622/185 885/2616/185 890/2630/185
f 891/2634/4 892/2637/4 890/2631/4 889/2628/4
f 890/2632/186 885/2617/186 886/2620/186 889/2629/186
f 891/2635/187 888/2626/187 887/2623/187 892/2638/187
f 896/2642/17 893/2639/17 894/2640/17 895/2641/17
f 900/2646/7 897/2643/7 898/2644/7 899/2645/7
f 904/2656/7 907/2665/7 905/2659/7 902/2650/7
f 903/2653/2 904/2657/2 902/2651/2 901/2647/2
f 908/2668/8 903/2654/8 901/2648/8 906/2662/8
f 907/2666/4 908/2669/4 906/2663/4 905/2660/4
f 906/2664/9 901/2649/9 902/2652/9 905/2661/9
f 907/2667/10 904/2658/10 903/2655/10 908/2670/10
f 912/2680/7 915/2689/7 913/2683/7 910/2674/7
f 911/2677/2 912/2681/2 910/2675/2 909/2671/2
f 916/2692/8 911/2678/8 909/2672/8 914/2686/8
f 915/2690/4 916/2693/4 914/2687/4 913/2684/4
f 914/2688/9 909/2673/9 910/2676/9 913/2685/9
f 915/2691/10 912/2682/10 911/2679/10 916/2694/10
f 920/2704/7 923/2713/7 921/2707/7 918/2698/7
f 919/2701/2 920/2705/2 918/2699/2 917/2695/2
f 924/2716/8 919/2702/8 917/2696/8 922/2710/8
f 923/2714/4 924/2717/4 922/2711/4 921/2708/4
f 922/2712/9 917/2697/9 918/2700/9 921/2709/9
f 923/2715/10 920/2706/10 919/2703/10 924/2718/10
f 928/2728/7 931/2737/7 929/2731/7 926/2722/7
f 927/2725/2 928/2729/2 926/2723/2 925/2719/2
f 932/2740/8 927/2726/8 925/2720/8 930/2734/8
f 931/2738/4 932/2741/4 930/2735/4 929/2732/4
f 930/2736/9 925/2721/9 926/2724/9 929/2733/9
f 931/2739/10 928/2730/10 927/2727/10 932/2742/10
f 936/2752/7 939/2761/7 937/2755/7 934/2746/7
f 935/2749/2 936/2753/2 934/2747/2 933/2743/2
f 940/2764/8 935/2750/8 933/2744/8 938/2758/8
f 939/2762/4 940/2765/4 938/2759/4 937/2756/4
f 938/2760/9 933/2745/9 934/2748/9 937/2757/9
f 939/2763/10 936/2754/10 935/2751/10 940/2766/10
f 944/2776/299 947/2785/299 945/2779/299 942/2770/299
f 943/2773/2 944/2777/2 942/2771/2 941/2767/2
f 948/2788/300 943/2774/300 941/2768/300 946/2782/300
f 947/2786/4 948/2789/4 946/2783/4 945/2780/4
f 946/2784/301 941/2769/301 942/2772/301 945/2781/301
f 947/2787/302 944/2778/302 943/2775/302 948/2790/302
f 952/2800/299 955/2809/299 953/2803/299 950/2794/299
f 951/2797/2 952/2801/2 950/2795/2 949/2791/2
f 956/2812/300 951/2798/300 949/2792/300 954/2806/300
f 955/2810/4 956/2813/4 954/2807/4 953/2804/4
f 954/2808/301 949/2793/301 950/2796/301 953/2805/301
f 955/2811/302 952/2802/302 951/2799/302 956/2814/302
f 960/2824/7 963/2833/7 961/2827/7 958/2818/7
f 959/2821/303 960/2825/303 958/2819/303 957/2815/303
f 964/2836/8 959/2822/8 957/2816/8 962/2830/8
f 963/2834/304 964/2837/304 962/2831/304 961/2828/304
f 962/2832/305 957/2817/305 958/2820/305 961/2829/305
f 963/2835/306 960/2826/306 959/2823/306 964/2838/306
f 968/2848/307 971/2857/307 969/2851/307 966/2842/307
f 967/2845/308 968/2849/308 966/2843/308 965/2839/308
f 972/2860/276 967/2846/276 965/2840/276 970/2854/276
f 971/2858/309 972/2861/309 970/2855/309 969/2852/309
f 970/2856/37 965/2841/37 966/2844/37 969/2853/37
f 971/2859/38 968/2850/38 967/2847/38 972/2862/38
f 976/2872/310 979/2881/310 977/2875/310 974/2866/310
f 975/2869/311 976/2873/311 974/2867/311 973/2863/311
f 980/2884/280 975/2870/280 973/2864/280 978/2878/280
f 979/2882/281 980/2885/281 978/2879/281 977/2876/281
f 978/2880/9 973/2865/9 974/2868/9 977/2877/9
f 979/2883/10 976/2874/10 975/2871/10 980/2886/10
f 984/2896/7 987/2905/7 985/2899/7 982/2890/7
f 983/2893/2 984/2897/2 982/2891/2 981/2887/2
f 988/2908/8 983/2894/8 981/2888/8 986/2902/8
f 987/2906/4 988/2909/4 986/2903/4 985/2900/4
f 986/2904/9 981/2889/9 982/2892/9 985/2901/9
f 987/2907/10 984/2898/10 983/2895/10 988/2910/10
f 992/2920/7 995/2929/7 993/2923/7 990/2914/7
f 991/2917/2 992/2921/2 990/2915/2 989/2911/2
f 996/2932/8 991/2918/8 989/2912/8 994/2926/8
f 995/2930/4 996/2933/4 994/2927/4 993/2924/4
f 994/2928/9 989/2913/9 990/2916/9 993/2925/9
f 995/2931/10 992/2922/10 991/2919/10 996/2934/10
f 1000/2944/293 1003/2953/293 1001/2947/293 998/2938/293
f 999/2941/256 1000/2945/256 998/2939/256 997/2935/256
f 1004/2956/294 999/2942/294 997/2936/294 1002/2950/294
f 1003/2954/254 1004/2957/254 1002/2951/254 1001/2948/254
f 1002/2952/9 997/2937/9 998/2940/9 1001/2949/9
f 1003/2955/10 1000/2946/10 999/2943/10 1004/2958/10
f 1008/2968/312 1011/2977/312 1009/2971/312 1006/2962/312
f 1007/2965/2 1008/2969/2 1006/2963/2 1005/2959/2
f 1012/2980/313 1007/2966/313 1005/2960/313 1010/2974/313
f 1011/2978/4 1012/2981/4 1010/2975/4 1009/2972/4
f 1010/2976/314 1005/2961/314 1006/2964/314 1009/2973/314
f 1011/2979/315 1008/2970/315 1007/2967/315 1012/2982/315
f 1016/2992/293 1019/3001/293 1017/2995/293 1014/2986/293
f 1015/2989/256 1016/2993/256 1014/2987/256 1013/2983/256
f 1020/3004/294 1015/2990/294 1013/2984/294 1018/2998/294
f 1019/3002/254 1020/3005/254 1018/2999/254 1017/2996/254
f 1018/3000/9 1013/2985/9 1014/2988/9 1017/2997/9
f 1019/3003/10 1016/2994/10 1015/2991/10 1020/3006/10
f 1024/3016/7 1027/3025/7 1025/3019/7 1022/3010/7
f 1023/3013/2 1024/3017/2 1022/3011/2 1021/3007/2
f 1028/3028/8 1023/3014/8 1021/3008/8 1026/3022/8
f 1027/3026/4 1028/3029/4 1026/3023/4 1025/3020/4
f 1026/3024/9 1021/3009/9 1022/3012/9 1025/3021/9
f 1027/3027/10 1024/3018/10 1023/3015/10 1028/3030/10
f 1032/3040/153 1035/3049/153 1033/3043/153 1030/3034/153
f 1031/3037/154 1032/3041/154 1030/3035/154 1029/3031/154
f 1036/3052/155 1031/3038/155 1029/3032/155 1034/3046/155
f 1035/3050/156 1036/3053/156 1034/3047/156 1033/3044/156
f 1034/3048/9 1029/3033/9 1030/3036/9 1033/3045/9
f 1035/3051/10 1032/3042/10 1031/3039/10 1036/3054/10
f 1040/3064/153 1043/3073/153 1041/3067/153 1038/3058/153
f 1039/3061/154 1040/3065/154 1038/3059/154 1037/3055/154
f 1044/3076/155 1039/3062/155 1037/3056/155 1042/3070/155
f 1043/3074/156 1044/3077/156 1042/3071/156 1041/3068/156
f 1042/3072/9 1037/3057/9 1038/3060/9 1041/3069/9
f 1043/3075/10 1040/3066/10 1039/3063/10 1044/3078/10
f 1048/3088/153 1051/3097/153 1049/3091/153 1046/3082/153
f 1047/3085/154 1048/3089/154 1046/3083/154 1045/3079/154
f 1052/3100/155 1047/3086/155 1045/3080/155 1050/3094/155
f 1051/3098/156 1052/3101/156 1050/3095/156 1049/3092/156
f 1050/3096/9 1045/3081/9 1046/3084/9 1049/3093/9
f 1051/3099/10 1048/3090/10 1047/3087/10 1052/3102/10
f 1056/3106/7 1053/3103/7 1054/3104/7 1055/3105/7
f 1060/3110/17 1057/3107/17 1058/3108/17 1059/3109/17
f 1064/3120/316 1067/3129/316 1065/3123/316 1062/3114/316
f 1063/3117/8 1064/3121/8 1062/3115/8 1061/3111/8
f 1068/3132/317 1063/3118/317 1061/3112/317 1066/3126/317
f 1067/3130/7 1068/3133/7 1066/3127/7 1065/3124/7
f 1066/3128/318 1061/3113/318 1062/3116/318 1065/3125/318
f 1067/3131/319 1064/3122/319 1063/3119/319 1068/3134/319
f 1072/3144/7 1075/3153/7 1073/3147/7 1070/3138/7
f 1071/3141/2 1072/3145/2 1070/3139/2 1069/3135/2
f 1076/3156/8 1071/3142/8 1069/3136/8 1074/3150/8
f 1075/3154/4 1076/3157/4 1074/3151/4 1073/3148/4
f 1074/3152/9 1069/3137/9 1070/3140/9 1073/3149/9
f 1075/3155/10 1072/3146/10 1071/3143/10 1076/3158/10
f 1080/3162/5 1077/3159/5 1078/3160/5 1079/3161/5
o gun
v 0.114404 1.140669 4.033726
v 0.114405 1.140669 5.783716
v 0.114404 1.140669 4.033726
v 0.114405 1.140669 5.783716
v 0.115060 1.331780 5.783715
v 0.115060 1.331780 4.033727
v 0.115060 1.331780 5.783715
v 0.115060 1.331780 4.033727
v 0.114449 1.140713 5.783716
v 0.114448 1.140714 4.033726
v 0.114449 1.140713 5.783716
v 0.114448 1.140714 4.033726
v 0.114998 1.331788 4.033727
v 0.114998 1.331788 5.783716
v -0.031814 1.521119 4.033727
v -0.037777 1.521119 5.783716
v 0.114998 1.331788 5.783716
v 0.114998 1.331788 4.033727
v -0.041688 1.521119 5.783716
v -0.041688 1.521119 4.033727
v -0.317811 1.140669 5.783711
v -0.317811 1.140669 4.033730
v -0.317811 1.140669 5.783711
v -0.317811 1.140669 4.033730
v -0.318466 1.331780 4.033732
v -0.318465 1.331780 5.783710
v -0.318466 1.331780 4.033732
v -0.318465 1.331780 5.783710
v -0.317855 1.140713 4.033731
v -0.317855 1.140713 5.783711
v -0.317855 1.140713 4.033731
v -0.317855 1.140713 5.783711
v -0.318404 1.331788 5.783710
v -0.318405 1.331788 4.033730
v -0.171593 1.521119 5.783711
v -0.165630 1.521119 4.033730
v -0.318405 1.331788 4.033730
v -0.318404 1.331788 5.783710
v -0.161719 1.521119 4.033731
v -0.161719 1.521119 5.783711
v -0.040606 1.523794 4.033726
v -0.040607 1.523794 5.783716
v -0.040606 1.523794 4.033726
v -0.040607 1.523794 5.783716
v 0.111583 1.325456 5.783715
v 0.111583 1.325456 4.033727
v 0.111583 1.325456 5.783715
v 0.111583 1.325456 4.033727
v -0.317745 1.325418 4.033727
v -0.317746 1.325417 5.783714
v -0.317745 1.325418 4.033727
v -0.317746 1.325417 5.783714
v -0.165556 1.523756 5.783715
v -0.165556 1.523756 4.033726
v -0.165556 1.523756 5.783715
v -0.165556 1.523756 4.033726
v -0.165605 1.523732 4.033726
v -0.165606 1.523731 5.783715
v -0.165605 1.523732 4.033726
v -0.165606 1.523731 5.783715
v -0.040607 1.523731 5.783716
v -0.040606 1.523732 4.033726
v -0.040607 1.523731 5.783716
v -0.040606 1.523732 4.033726
v 0.111632 1.325494 4.033727
v 0.111632 1.325493 5.783716
v 0.111632 1.137994 4.033727
v 0.111632 1.137993 5.783716
v 0.111632 1.325493 5.783716
v 0.111632 1.325494 4.033727
v 0.111632 1.137993 5.783716
v 0.111632 1.137994 4.033727
v -0.317733 1.325456 4.033726
v -0.317733 1.325456 5.783715
v -0.317733 1.137956 4.033726
v -0.317733 1.137955 5.783715
v -0.317733 1.325456 5.783715
v -0.317733 1.325456 4.033726
v -0.317733 1.137955 5.783715
v -0.317733 1.137956 4.033726
v -1.137355 1.507325 1.727976
v -1.137355 1.346724 1.957337
v -1.137355 1.163281 1.487076
v -1.137355 1.002680 1.716436
v 0.962630 1.346724 1.957337
v 0.962630 1.507325 1.727975
v 0.962630 1.002680 1.716436
v 0.962630 1.163281 1.487075
v -1.137355 1.587880 1.478613
v -1.137356 1.721819 1.801969
v -1.137356 1.212785 1.633981
v -1.137355 1.346724 1.957337
v 0.962630 1.721819 1.801969
v 0.962630 1.587880 1.478613
v 0.962630 1.346724 1.957337
v 0.962631 1.212785 1.633981
v -0.997357 1.537022 1.504734
v -0.997356 1.746223 1.523036
v -0.997356 1.512618 1.783666
v -0.997356 1.721819 1.801968
v 0.822632 1.746223 1.523036
v 0.822631 1.537022 1.504734
v 0.822631 1.721819 1.801969
v 0.822632 1.512618 1.783666
v 0.262635 1.572354 1.768768
v 0.262635 1.581514 1.978567
v 0.262635 1.222687 1.784034
v 0.262635 1.231847 1.993833
v 0.612633 1.581514 1.978566
v 0.612633 1.572354 1.768768
v 0.612632 1.231847 1.993833
v 0.612633 1.222687 1.784035
v -0.072907 1.537530 3.328247
v -0.072908 1.537530 2.072847
v 0.107233 1.322844 3.328247
v 0.107234 1.322845 2.072848
v -0.270415 1.371801 2.072847
v -0.270415 1.371800 3.328247
v -0.090274 1.157115 2.072847
v -0.090274 1.157115 3.328247
v -0.079619 1.506305 6.263896
v -0.079618 1.506305 4.698317
v 0.071716 1.325951 6.263895
v 0.071716 1.325952 4.698317
v -0.238499 1.372987 4.698317
v -0.238500 1.372986 6.263896
v -0.087166 1.192633 4.698317
v -0.087166 1.192633 6.263896
v -0.059452 1.589048 6.905176
v -0.059453 1.589048 5.952229
v 0.161201 1.326080 6.905174
v 0.161202 1.326080 5.952229
v -0.323486 1.367495 5.952229
v -0.323487 1.367495 6.905176
v -0.102831 1.104528 5.952229
v -0.102832 1.104527 6.905176
v -0.074633 1.517806 4.798236
v -0.074633 1.517806 2.807842
v 0.087511 1.324570 4.798236
v 0.087510 1.324570 2.807843
v -0.250692 1.370074 2.807843
v -0.250691 1.370074 4.798236
v -0.088548 1.176839 2.807842
v -0.088548 1.176838 4.798236
v -0.064279 1.636148 2.348253
v -0.064280 1.636148 1.337852
v 0.205851 1.314216 2.348253
v 0.205851 1.314216 1.337852
v -0.369033 1.380428 1.337852
v -0.369032 1.380428 2.348253
v -0.098902 1.058497 1.337852
v -0.098902 1.058497 2.348253
v -0.787358 1.583971 1.776152
v -0.787358 1.583971 1.986150
v -0.787358 1.233971 1.776152
v -0.787358 1.233971 1.986150
v -0.437360 1.583971 1.986150
v -0.437360 1.583971 1.776151
v -0.437360 1.233971 1.986150
v -0.437360 1.233971 1.776151
v -0.717358 1.513970 1.986150
v -0.717358 1.513970 2.406147
v -0.717358 1.303971 1.986150
v -0.717358 1.303970 2.406147
v -0.437360 1.513970 2.406147
v -0.437360 1.513970 1.986150
v -0.437360 1.303970 2.406147
v -0.437360 1.303971 1.986150
vn -0.0000 -0.0000 -0.0000
vn -1.0000 0.0034 -0.0000
vn 1.0000 -0.0034 -0.0000
vn -0.0000 -0.0000 1.0000
vn 0.4364 0.8998 0.0007
vn 0.4349 0.9005 0.0007
vn 0.7842 0.6205 0.0013
vn -0.0000 -0.0000 -1.0000
vn -0.7704 -0.6376 -0.0000
vn -0.0000 1.0000 -0.0000
vn 1.0000 0.0034 -0.0000
vn -1.0000 -0.0034 -0.0000
vn 0.0003 -0.0002 -1.0000
vn 0.7704 -0.6375 -0.0000
vn -0.7842 0.6205 -0.0013
vn -0.4364 0.8998 -0.0007
vn -0.4349 0.9005 -0.0007
vn 0.7704 -0.6376 -0.0000
vn 0.7934 0.6088 -0.0000
vn -0.7934 -0.6088 -0.0000
vn -0.7934 0.6088 -0.0000
vn 0.7934 -0.6088 -0.0000
vn -0.0000 -1.0000 -0.0000
vn -1.0000 -0.0000 -0.0000
vn 1.0000 -0.0000 -0.0000
vn -0.0000 -0.5736 0.8192
vn -0.0000 0.5736 -0.8192
vn -0.0000 0.8191 0.5736
vn -0.0000 -0.8192 -0.5736
vn -0.0000 0.3827 0.9239
vn -0.0000 -0.3827 -0.9239
vn -0.0000 0.9239 -0.3827
vn -0.0000 -0.9239 0.3827
vn -0.0000 0.9962 0.0872
vn -0.0000 -0.9962 -0.0872
vn -0.0000 0.0872 -0.9962
vn -0.0000 -0.0872 0.9962
vn -0.0000 0.0436 0.9990
vn -0.0000 -0.0436 -0.9990
vn -0.0000 0.9990 -0.0436
vn -0.0000 -0.9990 0.0436
vn 0.7660 0.6428 -0.0000
vn -0.7660 -0.6428 -0.0000
vn -0.6428 0.7660 -0.0000
vn 0.6428 -0.7660 -0.0000
vt 0.000000 1.000000
vt 0.007812 1.000000
vt 0.242188 0.425781
vt 0.000000 1.000000
vt 0.054688 1.000000
vt 0.242188 0.371094
vt 0.000000 1.000000
vt 0.007812 1.000000
vt 0.511719 0.423828
vt 0.000000 1.000000
vt 0.054688 1.000000
vt 0.511719 0.369141
vt 0.007812 1.000000
vt 0.000000 1.000000
vt 0.250000 0.371094
vt 0.000000 1.000000
vt 0.054688 1.000000
vt 0.250000 0.425781
vt 0.007812 1.000000
vt 0.000000 1.000000
vt 0.519531 0.369141
vt 0.000000 1.000000
vt 0.054688 1.000000
vt 0.519531 0.423828
vt 0.000000 1.000000
vt 0.054688 1.000000
vt 0.000000 1.000000
vt 0.054688 1.000000
vt 0.615234 0.464844
vt 0.000000 1.000000
vt 0.000000 1.000000
vt 0.669922 0.464844
vt 0.000000 0.945312
vt 0.615234 0.458984
vt 0.000000 0.994141
vt 0.000000 1.000000
vt 0.000000 0.994141
vt 0.669922 0.458984
vt 0.000000 0.945312
vt 0.000000 1.000000
vt 0.615234 0.458984
vt 0.000000 0.945312
vt 0.669922 0.458984
vt 0.000000 1.000000
vt 0.000000 0.994141
vt 0.615234 0.453125
vt 0.000000 0.945312
vt 0.000000 0.994141
vt 0.669922 0.453125
vt 0.000000 1.000000
vt 0.000000 1.000000
vt 0.007812 1.000000
vt 0.242188 0.425781
vt 0.000000 1.000000
vt 0.054688 1.000000
vt 0.242188 0.371094
vt 0.000000 1.000000
vt 0.007812 1.000000
vt 0.511719 0.423828
vt 0.000000 1.000000
vt 0.054688 1.000000
vt 0.511719 0.369141
vt 0.007812 1.000000
vt 0.000000 1.000000
vt 0.250000 0.371094
vt 0.000000 1.000000
vt 0.054688 1.000000
vt 0.250000 0.425781
vt 0.007812 1.000000
vt 0.000000 1.000000
vt 0.519531 0.369141
vt 0.000000 1.000000
vt 0.054688 1.000000
vt 0.519531 0.423828
vt 0.000000 1.000000
vt 0.054688 1.000000
vt 0.000000 1.000000
vt 0.054688 1.000000
vt 0.615234 0.464844
vt 0.000000 1.000000
vt 0.000000 1.000000
vt 0.669922 0.464844
vt 0.000000 0.945312
vt 0.615234 0.458984
vt 0.000000 0.994141
vt 0.000000 1.000000
vt 0.000000 0.994141
vt 0.669922 0.458984
vt 0.000000 0.945312
vt 0.000000 1.000000
vt 0.615234 0.458984
vt 0.000000 0.945312
vt 0.669922 0.458984
vt 0.000000 1.000000
vt 0.000000 0.994141
vt 0.615234 0.453125
vt 0.000000 0.945312
vt 0.000000 0.994141
vt 0.669922 0.453125
vt 0.000000 1.000000
vt 0.000000 1.000000
vt 0.007812 1.000000
vt 0.242188 0.425781
vt 0.000000 1.000000
vt 0.054688 1.000000
vt 0.242188 0.371094
vt 0.000000 1.000000
vt 0.007812 1.000000
vt 0.511719 0.423828
vt 0.000000 1.000000
vt 0.054688 1.000000
vt 0.511719 0.369141
vt 0.007812 1.000000
vt 0.000000 1.000000
vt 0.250000 0.371094
vt 0.000000 1.000000
vt 0.054688 1.000000
vt 0.250000 0.425781
vt 0.007812 1.000000
vt 0.000000 1.000000
vt 0.519531 0.369141
vt 0.000000 1.000000
vt 0.054688 1.000000
vt 0.519531 0.423828
vt 0.000000 1.000000
vt 0.007812 1.000000
vt 0.025391 0.421875
vt 0.000000 1.000000
vt 0.054688 1.000000
vt 0.025391 0.367188
vt 0.000000 1.000000
vt 0.007812 1.000000
vt 0.210938 0.421875
vt 0.000000 1.000000
vt 0.054688 1.000000
vt 0.210938 0.367188
vt 0.007812 1.000000
vt 0.000000 1.000000
vt 0.033203 0.367188
vt 0.000000 1.000000
vt 0.054688 1.000000
vt 0.033203 0.421875
vt 0.007812 1.000000
vt 0.000000 1.000000
vt 0.218750 0.367188
vt 0.000000 1.000000
vt 0.054688 1.000000
vt 0.218750 0.421875
vt 0.000000 1.000000
vt 0.003906 1.000000
vt 0.230469 0.341797
vt 0.000000 1.000000
vt 0.054688 1.000000
vt 0.230469 0.287109
vt 0.000000 1.000000
vt 0.003906 1.000000
vt 0.021484 0.339844
vt 0.000000 1.000000
vt 0.054688 1.000000
vt 0.021484 0.285156
vt 0.003906 1.000000
vt 0.000000 1.000000
vt 0.234375 0.287109
vt 0.000000 1.000000
vt 0.054688 1.000000
vt 0.234375 0.341797
vt 0.003906 1.000000
vt 0.000000 1.000000
vt 0.025391 0.285156
vt 0.000000 1.000000
vt 0.054688 1.000000
vt 0.025391 0.339844
vt 0.615234 0.464844
vt 0.000000 1.000000
vt 0.000000 1.000000
vt 0.669922 0.464844
vt 0.000000 0.945312
vt 0.615234 0.458984
vt 0.000000 0.994141
vt 0.000000 1.000000
vt 0.000000 0.994141
vt 0.669922 0.458984
vt 0.000000 0.945312
vt 0.000000 1.000000
vt 0.615234 0.458984
vt 0.000000 0.945312
vt 0.669922 0.458984
vt 0.000000 1.000000
vt 0.000000 0.994141
vt 0.615234 0.453125
vt 0.000000 0.945312
vt 0.000000 0.994141
vt 0.669922 0.453125
vt 0.000000 1.000000
vt 0.617188 0.794922
vt 0.000000 1.000000
vt 0.000000 1.000000
vt 0.671875 0.794922
vt 0.000000 0.945312
vt 0.617188 0.789062
vt 0.000000 0.994141
vt 0.000000 1.000000
vt 0.000000 0.994141
vt 0.671875 0.789062
vt 0.000000 0.945312
vt 0.000000 1.000000
vt 0.617188 0.789062
vt 0.000000 0.945312
vt 0.671875 0.789062
vt 0.000000 1.000000
vt 0.000000 0.994141
vt 0.617188 0.783203
vt 0.000000 0.945312
vt 0.000000 0.994141
vt 0.671875 0.783203
vt 0.000000 1.000000
vt 0.158203 0.363281
vt 0.542969 0.548828
vt 0.419922 0.605469
vt 0.476562 0.562500
vt 0.166016 0.363281
vt 0.419922 0.597656
vt 0.158203 0.349609
vt 0.542969 0.535156
vt 0.453125 0.966797
vt 0.476562 0.548828
vt 0.166016 0.349609
vt 0.453125 0.958984
vt 0.542969 0.562500
vt 0.234375 0.363281
vt 0.486328 0.597656
vt 0.476562 0.548828
vt 0.242188 0.363281
vt 0.486328 0.605469
vt 0.542969 0.548828
vt 0.234375 0.349609
vt 0.519531 0.958984
vt 0.476562 0.535156
vt 0.242188 0.349609
vt 0.519531 0.966797
vt 0.142578 0.308594
vt 0.566406 0.503906
vt 0.501953 0.792969
vt 0.486328 0.587891
vt 0.154297 0.308594
vt 0.501953 0.781250
vt 0.142578 0.296875
vt 0.566406 0.492188
vt 0.501953 0.781250
vt 0.486328 0.576172
vt 0.154297 0.296875
vt 0.501953 0.769531
vt 0.552734 0.587891
vt 0.212891 0.308594
vt 0.568359 0.781250
vt 0.500000 0.503906
vt 0.224609 0.308594
vt 0.568359 0.792969
vt 0.552734 0.576172
vt 0.212891 0.296875
vt 0.568359 0.769531
vt 0.500000 0.492188
vt 0.224609 0.296875
vt 0.568359 0.781250
vt 0.566406 0.324219
vt 0.531250 0.746094
vt 0.498047 0.660156
vt 0.433594 0.726562
vt 0.572266 0.324219
vt 0.498047 0.654297
vt 0.566406 0.316406
vt 0.531250 0.738281
vt 0.605469 0.703125
vt 0.433594 0.718750
vt 0.572266 0.316406
vt 0.605469 0.697266
vt 0.490234 0.726562
vt 0.726562 0.814453
vt 0.554688 0.654297
vt 0.474609 0.746094
vt 0.732422 0.814453
vt 0.554688 0.660156
vt 0.490234 0.718750
vt 0.726562 0.806641
vt 0.662109 0.697266
vt 0.474609 0.738281
vt 0.732422 0.806641
vt 0.662109 0.703125
vt 0.201172 0.339844
vt 0.593750 0.308594
vt 0.537109 0.292969
vt 0.388672 0.308594
vt 0.207031 0.339844
vt 0.537109 0.287109
vt 0.201172 0.328125
vt 0.593750 0.296875
vt 0.716797 0.521484
vt 0.388672 0.296875
vt 0.207031 0.328125
vt 0.716797 0.515625
vt 0.400391 0.308594
vt 0.716797 0.435547
vt 0.548828 0.287109
vt 0.582031 0.308594
vt 0.722656 0.435547
vt 0.548828 0.292969
vt 0.400391 0.296875
vt 0.716797 0.423828
vt 0.728516 0.515625
vt 0.582031 0.296875
vt 0.722656 0.423828
vt 0.728516 0.521484
vt 0.042969 0.621094
vt 0.652344 0.675781
vt 0.310547 0.386719
vt 0.634766 0.523438
vt 0.082031 0.621094
vt 0.310547 0.347656
vt 0.042969 0.613281
vt 0.652344 0.667969
vt 0.437500 0.386719
vt 0.634766 0.515625
vt 0.082031 0.613281
vt 0.437500 0.347656
vt 0.642578 0.523438
vt 0.617188 0.537109
vt 0.318359 0.347656
vt 0.644531 0.675781
vt 0.656250 0.537109
vt 0.318359 0.386719
vt 0.642578 0.515625
vt 0.617188 0.529297
vt 0.445312 0.347656
vt 0.644531 0.667969
vt 0.656250 0.529297
vt 0.445312 0.386719
vt 0.585938 0.523438
vt 0.732422 0.318359
vt 0.210938 0.582031
vt 0.726562 0.466797
vt 0.634766 0.523438
vt 0.210938 0.533203
vt 0.585938 0.515625
vt 0.732422 0.310547
vt 0.296875 0.371094
vt 0.726562 0.458984
vt 0.634766 0.515625
vt 0.296875 0.322266
vt 0.732422 0.466797
vt 0.589844 0.583984
vt 0.216797 0.533203
vt 0.726562 0.318359
vt 0.638672 0.583984
vt 0.216797 0.582031
vt 0.732422 0.458984
vt 0.589844 0.576172
vt 0.302734 0.322266
vt 0.726562 0.310547
vt 0.638672 0.576172
vt 0.302734 0.371094
vt 0.640625 0.847656
vt 0.644531 0.890625
vt 0.140625 0.398438
vt 0.458984 0.396484
vt 0.669922 0.847656
vt 0.140625 0.369141
vt 0.640625 0.837891
vt 0.644531 0.880859
vt 0.447266 0.396484
vt 0.458984 0.386719
vt 0.669922 0.837891
vt 0.447266 0.367188
vt 0.470703 0.396484
vt 0.640625 0.814453
vt 0.152344 0.369141
vt 0.632812 0.890625
vt 0.669922 0.814453
vt 0.152344 0.398438
vt 0.470703 0.386719
vt 0.640625 0.804688
vt 0.458984 0.367188
vt 0.632812 0.880859
vt 0.669922 0.804688
vt 0.458984 0.396484
vt 0.566406 0.814453
vt 0.726562 0.646484
vt 0.226562 0.425781
vt 0.248047 0.349609
vt 0.628906 0.814453
vt 0.226562 0.363281
vt 0.566406 0.806641
vt 0.726562 0.638672
vt 0.234375 0.425781
vt 0.248047 0.341797
vt 0.628906 0.806641
vt 0.234375 0.363281
vt 0.255859 0.349609
vt 0.570312 0.888672
vt 0.234375 0.363281
vt 0.718750 0.646484
vt 0.632812 0.888672
vt 0.234375 0.425781
vt 0.255859 0.341797
vt 0.570312 0.880859
vt 0.242188 0.363281
vt 0.718750 0.638672
vt 0.632812 0.880859
vt 0.242188 0.425781
vt 0.585938 0.925781
vt 0.128906 0.380859
vt 0.105469 0.402344
vt 0.544922 0.654297
vt 0.617188 0.925781
vt 0.105469 0.371094
vt 0.585938 0.912109
vt 0.128906 0.367188
vt 0.128906 0.398438
vt 0.544922 0.640625
vt 0.617188 0.912109
vt 0.128906 0.367188
vt 0.556641 0.654297
vt 0.585938 0.537109
vt 0.117188 0.371094
vt 0.117188 0.380859
vt 0.617188 0.537109
vt 0.117188 0.402344
vt 0.556641 0.640625
vt 0.585938 0.523438
vt 0.140625 0.367188
vt 0.117188 0.367188
vt 0.617188 0.523438
vt 0.140625 0.398438
vt 0.296875 0.279297
vt 0.037109 0.302734
vt 0.716797 0.310547
vt 0.695312 0.351562
vt 0.302734 0.279297
vt 0.716797 0.304688
vt 0.296875 0.267578
vt 0.037109 0.291016
vt 0.718750 0.960938
vt 0.695312 0.339844
vt 0.302734 0.267578
vt 0.718750 0.955078
vt 0.707031 0.351562
vt 0.302734 0.279297
vt 0.728516 0.304688
vt 0.025391 0.302734
vt 0.308594 0.279297
vt 0.728516 0.310547
vt 0.707031 0.339844
vt 0.302734 0.267578
vt 0.730469 0.955078
vt 0.025391 0.291016
vt 0.308594 0.267578
vt 0.730469 0.960938
vt 0.716797 0.951172
vt 0.736328 0.367188
vt 0.636719 0.382812
vt 0.728516 0.490234
vt 0.730469 0.951172
vt 0.636719 0.369141
vt 0.716797 0.945312
vt 0.736328 0.361328
vt 0.644531 0.507812
vt 0.728516 0.484375
vt 0.730469 0.945312
vt 0.644531 0.494141
vt 0.736328 0.490234
vt 0.716797 0.791016
vt 0.644531 0.369141
vt 0.728516 0.367188
vt 0.730469 0.791016
vt 0.644531 0.382812
vt 0.736328 0.484375
vt 0.716797 0.785156
vt 0.652344 0.494141
vt 0.728516 0.361328
vt 0.730469 0.785156
vt 0.652344 0.507812
s 1
usemtl texture
f 1084/3172/320 1087/3181/320 1085/3175/320 1082/3166/320
f 1083/3169/320 1084/3173/320 1082/3167/320 1081/3163/320
f 1088/3184/320 1083/3170/320 1081/3164/320 1086/3178/320
f 1087/3182/320 1088/3185/320 1086/3179/320 1085/3176/320
f 1086/3180/321 1081/3165/321 1082/3168/321 1085/3177/321
f 1087/3183/322 1084/3174/322 1083/3171/322 1088/3186/322
f 1091/3189/320 1092/3190/320 1090/3188/320 1089/3187/320
f 1096/3199/323 1099/3207/323 1097/3202/320 1094/3193/320
f 1095/3196/324 1096/3200/325 1094/3194/326 1093/3191/326
f 1100/3210/327 1095/3197/327 1093/3192/320 1098/3206/320
f 1099/3208/328 1100/3211/328 1098/3205/328 1097/3203/328
f 1098/3206/320 1093/3192/320 1094/3195/320 1097/3204/320
f 1099/3209/329 1096/3201/325 1095/3198/324 1100/3212/329
f 1104/3222/320 1107/3231/320 1105/3225/320 1102/3216/320
f 1103/3219/320 1104/3223/320 1102/3217/320 1101/3213/320
f 1108/3234/320 1103/3220/320 1101/3214/320 1106/3228/320
f 1107/3232/320 1108/3235/320 1106/3229/320 1105/3226/320
f 1106/3230/330 1101/3215/330 1102/3218/330 1105/3227/330
f 1107/3233/331 1104/3224/331 1103/3221/331 1108/3236/331
f 1111/3239/320 1112/3240/320 1110/3238/320 1109/3237/320
f 1116/3249/332 1119/3257/332 1117/3252/333 1114/3243/334
f 1115/3246/335 1116/3250/336 1114/3244/334 1113/3241/334
f 1120/3260/323 1115/3247/323 1113/3242/320 1118/3256/320
f 1119/3258/337 1120/3261/337 1118/3255/337 1117/3253/337
f 1118/3256/320 1113/3242/320 1114/3245/334 1117/3254/333
f 1119/3259/329 1116/3251/336 1115/3248/335 1120/3262/329
f 1124/3272/320 1127/3281/320 1125/3275/320 1122/3266/320
f 1123/3269/320 1124/3273/320 1122/3267/320 1121/3263/320
f 1128/3284/320 1123/3270/320 1121/3264/320 1126/3278/320
f 1127/3282/320 1128/3285/320 1126/3279/320 1125/3276/320
f 1126/3280/338 1121/3265/338 1122/3268/338 1125/3277/338
f 1127/3283/339 1124/3274/339 1123/3271/339 1128/3286/339
f 1132/3296/320 1135/3305/320 1133/3299/320 1130/3290/320
f 1131/3293/320 1132/3297/320 1130/3291/320 1129/3287/320
f 1136/3308/320 1131/3294/320 1129/3288/320 1134/3302/320
f 1135/3306/320 1136/3309/320 1134/3303/320 1133/3300/320
f 1134/3304/340 1129/3289/340 1130/3292/340 1133/3301/340
f 1135/3307/341 1132/3298/341 1131/3295/341 1136/3310/341
f 1140/3320/320 1143/3329/320 1141/3323/320 1138/3314/320
f 1139/3317/320 1140/3321/320 1138/3315/320 1137/3311/320
f 1144/3332/320 1139/3318/320 1137/3312/320 1142/3326/320
f 1143/3330/320 1144/3333/320 1142/3327/320 1141/3324/320
f 1142/3328/329 1137/3313/329 1138/3316/329 1141/3325/329
f 1143/3331/342 1140/3322/342 1139/3319/342 1144/3334/342
f 1148/3343/320 1151/3351/320 1149/3346/320 1146/3337/320
f 1147/3340/343 1148/3344/343 1146/3338/343 1145/3335/343
f 1152/3354/320 1147/3341/320 1145/3336/320 1150/3350/320
f 1151/3352/344 1152/3355/344 1150/3349/344 1149/3347/344
f 1150/3350/320 1145/3336/320 1146/3339/320 1149/3348/320
f 1151/3353/320 1148/3345/320 1147/3342/320 1152/3356/320
f 1156/3365/320 1159/3373/320 1157/3368/320 1154/3359/320
f 1155/3362/343 1156/3366/343 1154/3360/343 1153/3357/343
f 1160/3376/320 1155/3363/320 1153/3358/320 1158/3372/320
f 1159/3374/344 1160/3377/344 1158/3371/344 1157/3369/344
f 1158/3372/320 1153/3358/320 1154/3361/320 1157/3370/320
f 1159/3375/320 1156/3367/320 1155/3364/320 1160/3378/320
f 1164/3388/345 1167/3397/345 1165/3391/345 1162/3382/345
f 1163/3385/343 1164/3389/343 1162/3383/343 1161/3379/343
f 1168/3400/346 1163/3386/346 1161/3380/346 1166/3394/346
f 1167/3398/344 1168/3401/344 1166/3395/344 1165/3392/344
f 1166/3396/347 1161/3381/347 1162/3384/347 1165/3393/347
f 1167/3399/348 1164/3390/348 1163/3387/348 1168/3402/348
f 1172/3412/349 1175/3421/349 1173/3415/349 1170/3406/349
f 1171/3409/343 1172/3413/343 1170/3407/343 1169/3403/343
f 1176/3424/350 1171/3410/350 1169/3404/350 1174/3418/350
f 1175/3422/344 1176/3425/344 1174/3419/344 1173/3416/344
f 1174/3420/351 1169/3405/351 1170/3408/351 1173/3417/351
f 1175/3423/352 1172/3414/352 1171/3411/352 1176/3426/352
f 1180/3436/353 1183/3445/353 1181/3439/353 1178/3430/353
f 1179/3433/343 1180/3437/343 1178/3431/343 1177/3427/343
f 1184/3448/354 1179/3434/354 1177/3428/354 1182/3442/354
f 1183/3446/344 1184/3449/344 1182/3443/344 1181/3440/344
f 1182/3444/355 1177/3429/355 1178/3432/355 1181/3441/355
f 1183/3447/356 1180/3438/356 1179/3435/356 1184/3450/356
f 1188/3460/357 1191/3469/357 1189/3463/357 1186/3454/357
f 1187/3457/343 1188/3461/343 1186/3455/343 1185/3451/343
f 1192/3472/358 1187/3458/358 1185/3452/358 1190/3466/358
f 1191/3470/344 1192/3473/344 1190/3467/344 1189/3464/344
f 1190/3468/359 1185/3453/359 1186/3456/359 1189/3465/359
f 1191/3471/360 1188/3462/360 1187/3459/360 1192/3474/360
f 1196/3484/327 1199/3493/327 1197/3487/327 1194/3478/327
f 1195/3481/361 1196/3485/361 1194/3479/361 1193/3475/361
f 1200/3496/323 1195/3482/323 1193/3476/323 1198/3490/323
f 1199/3494/362 1200/3497/362 1198/3491/362 1197/3488/362
f 1198/3492/363 1193/3477/363 1194/3480/363 1197/3489/363
f 1199/3495/364 1196/3486/364 1195/3483/364 1200/3498/364
f 1204/3508/327 1207/3517/327 1205/3511/327 1202/3502/327
f 1203/3505/361 1204/3509/361 1202/3503/361 1201/3499/361
f 1208/3520/323 1203/3506/323 1201/3500/323 1206/3514/323
f 1207/3518/362 1208/3521/362 1206/3515/362 1205/3512/362
f 1206/3516/363 1201/3501/363 1202/3504/363 1205/3513/363
f 1207/3519/364 1204/3510/364 1203/3507/364 1208/3522/364
f 1212/3532/327 1215/3541/327 1213/3535/327 1210/3526/327
f 1211/3529/361 1212/3533/361 1210/3527/361 1209/3523/361
f 1216/3544/323 1211/3530/323 1209/3524/323 1214/3538/323
f 1215/3542/362 1216/3545/362 1214/3539/362 1213/3536/362
f 1214/3540/363 1209/3525/363 1210/3528/363 1213/3537/363
f 1215/3543/364 1212/3534/364 1211/3531/364 1216/3546/364
f 1220/3556/327 1223/3565/327 1221/3559/327 1218/3550/327
f 1219/3553/361 1220/3557/361 1218/3551/361 1217/3547/361
f 1224/3568/323 1219/3554/323 1217/3548/323 1222/3562/323
f 1223/3566/362 1224/3569/362 1222/3563/362 1221/3560/362
f 1222/3564/363 1217/3549/363 1218/3552/363 1221/3561/363
f 1223/3567/364 1220/3558/364 1219/3555/364 1224/3570/364
f 1228/3580/327 1231/3589/327 1229/3583/327 1226/3574/327
f 1227/3577/361 1228/3581/361 1226/3575/361 1225/3571/361
f 1232/3592/323 1227/3578/323 1225/3572/323 1230/3586/323
f 1231/3590/362 1232/3593/362 1230/3587/362 1229/3584/362
f 1230/3588/363 1225/3573/363 1226/3576/363 1229/3585/363
f 1231/3591/364 1228/3582/364 1227/3579/364 1232/3594/364
f 1236/3604/323 1239/3613/323 1237/3607/323 1234/3598/323
f 1235/3601/343 1236/3605/343 1234/3599/343 1233/3595/343
f 1240/3616/327 1235/3602/327 1233/3596/327 1238/3610/327
f 1239/3614/344 1240/3617/344 1238/3611/344 1237/3608/344
f 1238/3612/329 1233/3597/329 1234/3600/329 1237/3609/329
f 1239/3615/342 1236/3606/342 1235/3603/342 1240/3618/342
f 1244/3628/323 1247/3637/323 1245/3631/323 1242/3622/323
f 1243/3625/343 1244/3629/343 1242/3623/343 1241/3619/343
f 1248/3640/327 1243/3626/327 1241/3620/327 1246/3634/327
f 1247/3638/344 1248/3641/344 1246/3635/344 1245/3632/344
f 1246/3636/329 1241/3621/329 1242/3624/329 1245/3633/329
f 1247/3639/342 1244/3630/342 1243/3627/342 1248/3642/342
