# Blender 4.5.3 LTS
# www.blender.org
mtllib asrad.mtl
o body
v 1.207495 1.510178 0.985138
v 1.207496 1.510178 1.120138
v 1.207495 1.357678 0.985138
v 1.207496 1.357678 1.120138
v 1.297495 1.510178 1.120138
v 1.297495 1.510178 0.985139
v 1.297495 1.357678 1.120138
v 1.297495 1.357678 0.985139
v 1.161561 2.101300 0.309516
v 1.161561 2.101300 0.940763
v 1.169515 2.010397 0.309516
v 1.169515 2.010397 0.940764
v 1.233785 2.107618 0.940764
v 1.233786 2.107618 0.309516
v 1.241738 2.016716 0.940764
v 1.241738 2.016716 0.309516
v 1.232496 1.960178 0.940139
v 1.232496 1.960178 0.985138
v 1.232496 1.915178 0.940139
v 1.232496 1.915178 0.985138
v 1.592494 1.960178 0.985139
v 1.592494 1.960178 0.940138
v 1.592494 1.915178 0.985139
v 1.592494 1.915178 0.940138
v 1.257181 2.067642 0.265141
v 1.257181 2.067642 0.935139
v 1.296401 1.619355 0.265141
v 1.296400 1.619355 0.935138
v 1.319443 2.073090 0.935139
v 1.319443 2.073090 0.265141
v 1.358662 1.624802 0.935139
v 1.358662 1.624802 0.265141
v 1.163415 2.087283 0.895139
v 1.163415 2.087283 0.940139
v 1.210479 1.549338 0.895139
v 1.210479 1.549338 0.940138
v 1.234394 2.093493 0.940139
v 1.234393 2.093493 0.895139
v 1.281458 1.555547 0.940139
v 1.281458 1.555547 0.895139
v 1.156012 2.100187 0.085142
v 1.156012 2.100187 0.310141
v 1.204253 1.548793 0.085142
v 1.204253 1.548793 0.310141
v 1.233217 2.106941 0.310141
v 1.233217 2.106941 0.085142
v 1.281458 1.555547 0.310141
v 1.281458 1.555547 0.085142
v 1.242915 2.003267 0.833264
v 1.242915 2.003267 0.939514
v 1.282026 1.556225 0.833264
v 1.282026 1.556225 0.939514
v 1.331327 2.011002 0.939514
v 1.331327 2.011002 0.833264
v 1.370438 1.563960 0.939514
v 1.370438 1.563960 0.833264
v 1.238316 2.048664 0.265141
v 1.238316 2.048664 0.940138
v 1.247685 1.941573 0.265141
v 1.247685 1.941573 0.940139
v 1.327973 2.056508 0.940138
v 1.327973 2.056508 0.265141
v 1.337342 1.949417 0.940138
v 1.337342 1.949417 0.265141
v 1.163768 2.090419 0.871274
v 1.162247 2.107810 1.003879
v 1.215376 1.500531 0.949230
v 1.213855 1.517923 1.081835
v 1.231980 2.113911 1.003879
v 1.233502 2.096519 0.871274
v 1.283588 1.524024 1.081835
v 1.285110 1.506632 0.949230
v 1.276011 1.617810 0.265141
v 1.276011 1.617810 0.940139
v 1.285380 1.510719 0.265141
v 1.285380 1.510719 0.940139
v 1.365668 1.625654 0.940139
v 1.365668 1.625654 0.265141
v 1.375037 1.518563 0.940139
v 1.375037 1.518563 0.265141
v 1.232496 1.690178 0.940139
v 1.232496 1.690178 0.985138
v 1.232496 1.645178 0.940139
v 1.232496 1.645178 0.985138
v 1.592494 1.690178 0.985139
v 1.592494 1.690178 0.940138
v 1.592494 1.645178 0.985139
v 1.592494 1.645178 0.940138
v 1.242915 2.003267 0.265766
v 1.242915 2.003267 0.372016
v 1.282026 1.556224 0.265766
v 1.282026 1.556224 0.372016
v 1.331327 2.011002 0.372016
v 1.331327 2.011002 0.265766
v 1.370438 1.563959 0.372016
v 1.370438 1.563959 0.265766
v 1.412495 2.005178 0.917638
v 1.412495 2.005178 0.962639
v 1.412495 1.600178 0.917638
v 1.412495 1.600178 0.962639
v 1.637494 2.005178 0.962638
v 1.637494 2.005178 0.917639
v 1.637494 1.600178 0.962638
v 1.637494 1.600178 0.917639
v 1.199996 1.555178 0.085142
v 1.199996 1.555178 1.075138
v 1.199996 0.790178 0.085142
v 1.199996 0.790178 1.075138
v 1.277496 1.555178 1.075138
v 1.277496 1.555178 0.085141
v 1.277496 0.790178 1.075138
v 1.277496 0.790178 0.085142
v 1.207495 1.032678 0.985138
v 1.207496 1.032678 1.120138
v 1.207495 0.880178 0.985138
v 1.207496 0.880178 1.120138
v 1.297495 1.032678 1.120138
v 1.297495 1.032678 0.985139
v 1.297495 0.880178 1.120138
v 1.297495 0.880178 0.985139
v 1.263745 1.422678 0.191141
v 1.263746 1.422678 0.388640
v 1.263745 1.360178 0.191141
v 1.263746 1.360178 0.388640
v 1.353745 1.422678 0.388641
v 1.353745 1.422678 0.191141
v 1.353745 1.360178 0.388641
v 1.353745 1.360178 0.191141
v 1.200031 1.163091 -0.693540
v 1.200031 1.086587 -0.483313
v 1.200031 0.868290 -0.800822
v 1.200031 0.791786 -0.590596
v 1.276246 1.086587 -0.483314
v 1.276246 1.163091 -0.693540
v 1.276246 0.791786 -0.590595
v 1.276245 0.868290 -0.800821
v 1.242915 2.003267 -0.201732
v 1.242915 2.003267 -0.095483
v 1.282026 1.556224 -0.201732
v 1.282026 1.556224 -0.095483
v 1.331327 2.011002 -0.095483
v 1.331327 2.011002 -0.201732
v 1.370438 1.563959 -0.095483
v 1.370438 1.563959 -0.201732
v 1.276010 1.617810 -0.769855
v 1.276011 1.617810 -0.094858
v 1.285380 1.510719 -0.769855
v 1.285380 1.510719 -0.094858
v 1.365668 1.625654 -0.094858
v 1.365668 1.625654 -0.769855
v 1.375037 1.518563 -0.094858
v 1.375037 1.518563 -0.769855
v 1.170475 1.862131 -0.912445
v 1.170475 1.862131 -0.702266
v 1.199579 1.529472 -0.912445
v 1.199579 1.529472 -0.702266
v 1.241633 1.868357 -0.702265
v 1.241633 1.868357 -0.912445
v 1.270737 1.535697 -0.702266
v 1.270737 1.535697 -0.912445
v 1.257181 2.067642 -0.784855
v 1.257181 2.067642 -0.114858
v 1.296400 1.619355 -0.784855
v 1.296401 1.619355 -0.114858
v 1.319442 2.073090 -0.114858
v 1.319443 2.073090 -0.784855
v 1.358662 1.624802 -0.114858
v 1.358662 1.624802 -0.784855
v 1.147138 2.099575 -0.919148
v 1.148865 2.079833 -0.812219
v 1.200291 1.492032 -1.032179
v 1.202018 1.472289 -0.925250
v 1.226070 2.086587 -0.812219
v 1.224343 2.106330 -0.919148
v 1.279223 1.479044 -0.925250
v 1.277495 1.498787 -1.032179
v 1.152997 2.101341 -0.919148
v 1.152997 2.101341 -0.703879
v 1.172792 1.818262 -0.919148
v 1.172792 1.818262 -0.703879
v 1.224343 2.106330 -0.703879
v 1.224343 2.106330 -0.919148
v 1.244138 1.823251 -0.703879
v 1.244137 1.823251 -0.919148
v 1.156286 2.101192 -0.766378
v 1.156287 2.101192 -0.136381
v 1.164913 2.011606 -0.766379
v 1.164913 2.011606 -0.136381
v 1.220987 2.107422 -0.136381
v 1.220987 2.107422 -0.766379
v 1.229613 2.017837 -0.136381
v 1.229613 2.017837 -0.766378
v 1.238316 2.048664 -0.769855
v 1.238316 2.048664 -0.094858
v 1.247685 1.941573 -0.769855
v 1.247685 1.941573 -0.094858
v 1.327973 2.056508 -0.094858
v 1.327973 2.056508 -0.769855
v 1.337342 1.949417 -0.094858
v 1.337342 1.949417 -0.769855
v 1.242915 2.003267 -0.769231
v 1.242915 2.003267 -0.662981
v 1.282026 1.556224 -0.769230
v 1.282026 1.556224 -0.662981
v 1.331327 2.011002 -0.662981
v 1.331327 2.011002 -0.769230
v 1.370438 1.563959 -0.662981
v 1.370438 1.563959 -0.769230
v 1.153364 2.100120 -0.136381
v 1.153364 2.100120 0.043619
v 1.201605 1.548726 -0.136381
v 1.201605 1.548726 0.043619
v 1.224343 2.106330 0.043619
v 1.224343 2.106330 -0.136381
v 1.272583 1.554936 0.043619
v 1.272583 1.554936 -0.136381
v 1.207496 1.510178 -0.058858
v 1.207496 1.510178 0.076142
v 1.207496 1.357678 -0.058858
v 1.207496 1.357678 0.076142
v 1.297495 1.510178 0.076142
v 1.297496 1.510178 -0.058858
v 1.297495 1.357678 0.076142
v 1.297496 1.357678 -0.058858
v 1.207496 1.032678 -0.058858
v 1.207496 1.032678 0.076142
v 1.207496 0.880178 -0.058858
v 1.207496 0.880178 0.076142
v 1.297495 1.032678 0.076142
v 1.297496 1.032678 -0.058858
v 1.297495 0.880178 0.076142
v 1.297496 0.880178 -0.058858
v 1.263746 1.422678 -0.808855
v 1.263746 1.422678 -0.611356
v 1.263746 1.360178 -0.808855
v 1.263746 1.360178 -0.611356
v 1.353745 1.422678 -0.611356
v 1.353745 1.422678 -0.808855
v 1.353745 1.360178 -0.611356
v 1.353745 1.360178 -0.808855
v 1.199996 1.555178 -0.589856
v 1.199996 1.555178 0.040142
v 1.199996 0.790178 -0.589856
v 1.199996 0.790178 0.040142
v 1.277496 1.555178 0.040142
v 1.277496 1.555178 -0.589856
v 1.277496 0.790178 0.040142
v 1.277496 0.790178 -0.589856
v 1.199371 1.542020 -0.911567
v 1.199370 0.911957 -0.682244
v 1.199371 1.498413 -1.031378
v 1.199371 0.868349 -0.802054
v 1.276871 0.911957 -0.682244
v 1.276870 1.542020 -0.911567
v 1.276870 0.868349 -0.802054
v 1.276871 1.498413 -1.031378
v 1.199996 1.541219 -0.911941
v 1.199996 1.555251 -0.805362
v 1.199996 1.140924 -0.859242
v 1.199996 1.154955 -0.752662
v 1.276245 1.555251 -0.805361
v 1.276245 1.541219 -0.911941
v 1.276246 1.154955 -0.752662
v 1.276245 1.140924 -0.859242
v 1.199371 1.555803 -0.815480
v 1.199371 1.555803 -0.589231
v 1.199371 0.975803 -0.815480
v 1.199371 0.975803 -0.589231
v 1.278121 1.555803 -0.589231
v 1.278121 1.555803 -0.815480
v 1.278121 0.975803 -0.589231
v 1.278121 0.975803 -0.815480
v -1.297496 1.510178 0.985138
v -1.297496 1.510178 1.120138
v -1.297496 1.357678 0.985138
v -1.297496 1.357678 1.120138
v -1.207496 1.510178 1.120137
v -1.207496 1.510178 0.985138
v -1.207496 1.357678 1.120137
v -1.207496 1.357678 0.985138
v -1.592494 1.960178 0.940139
v -1.592494 1.960178 0.985138
v -1.592494 1.915178 0.940139
v -1.592494 1.915178 0.985138
v -1.232496 1.960178 0.985139
v -1.232496 1.960178 0.940139
v -1.232496 1.915178 0.985139
v -1.232496 1.915178 0.940139
v -1.319442 2.073090 0.265141
v -1.319443 2.073090 0.935138
v -1.358662 1.624802 0.265141
v -1.358662 1.624802 0.935139
v -1.257181 2.067642 0.935139
v -1.257181 2.067642 0.265141
v -1.296401 1.619355 0.935139
v -1.296401 1.619355 0.265141
v -1.234394 2.093493 0.895139
v -1.234394 2.093493 0.940139
v -1.281458 1.555547 0.895139
v -1.281458 1.555547 0.940139
v -1.163415 2.087283 0.940139
v -1.163415 2.087283 0.895139
v -1.210479 1.549338 0.940139
v -1.210479 1.549338 0.895139
v -1.233217 2.106941 0.085141
v -1.233217 2.106941 0.310141
v -1.281458 1.555547 0.085141
v -1.281458 1.555547 0.310141
v -1.156012 2.100187 0.310141
v -1.156012 2.100187 0.085141
v -1.204253 1.548793 0.310141
v -1.204253 1.548793 0.085142
v -1.331327 2.011002 0.833264
v -1.331327 2.011002 0.939514
v -1.370438 1.563960 0.833264
v -1.370438 1.563960 0.939513
v -1.242915 2.003267 0.939514
v -1.242915 2.003267 0.833264
v -1.282026 1.556225 0.939514
v -1.282026 1.556225 0.833264
v -1.327973 2.056508 0.265141
v -1.327973 2.056508 0.940138
v -1.337342 1.949417 0.265141
v -1.337342 1.949417 0.940139
v -1.238316 2.048664 0.940138
v -1.238316 2.048664 0.265141
v -1.247685 1.941573 0.940139
v -1.247685 1.941573 0.265141
v -1.233501 2.096519 0.871273
v -1.231980 2.113911 1.003879
v -1.285110 1.506632 0.949230
v -1.283588 1.524024 1.081835
v -1.162246 2.107810 1.003879
v -1.163768 2.090419 0.871274
v -1.213855 1.517923 1.081835
v -1.215376 1.500531 0.949230
v -1.365668 1.625654 0.265141
v -1.365668 1.625654 0.940138
v -1.375037 1.518563 0.265141
v -1.375037 1.518563 0.940139
v -1.276010 1.617810 0.940138
v -1.276010 1.617810 0.265141
v -1.285380 1.510719 0.940139
v -1.285380 1.510719 0.265141
v -1.592494 1.690178 0.940139
v -1.592494 1.690178 0.985138
v -1.592494 1.645178 0.940139
v -1.592494 1.645178 0.985138
v -1.232496 1.690178 0.985139
v -1.232496 1.690178 0.940139
v -1.232496 1.645178 0.985139
v -1.232496 1.645178 0.940139
v -1.331327 2.011002 0.265766
v -1.331327 2.011002 0.372016
v -1.370438 1.563959 0.265766
v -1.370438 1.563959 0.372016
v -1.242915 2.003267 0.372016
v -1.242915 2.003267 0.265766
v -1.282026 1.556224 0.372016
v -1.282026 1.556224 0.265766
v -1.637495 2.005178 0.917639
v -1.637494 2.005178 0.962639
v -1.637495 1.600178 0.917639
v -1.637494 1.600178 0.962639
v -1.412495 2.005178 0.962638
v -1.412495 2.005178 0.917639
v -1.412495 1.600178 0.962638
v -1.412495 1.600178 0.917639
v -1.233785 2.107618 0.309516
v -1.233786 2.107618 0.940764
v -1.241738 2.016716 0.309516
v -1.241738 2.016716 0.940763
v -1.161561 2.101300 0.940764
v -1.161562 2.101300 0.309516
v -1.169514 2.010397 0.940764
v -1.169515 2.010397 0.309516
v -1.277496 1.555178 0.085142
v -1.277496 1.555178 1.075138
v -1.277496 0.790178 0.085142
v -1.277496 0.790178 1.075138
v -1.199996 1.555178 1.075138
v -1.199996 1.555178 0.085142
v -1.199996 0.790178 1.075138
v -1.199996 0.790178 0.085142
v -1.297496 1.032678 0.985138
v -1.297496 1.032678 1.120138
v -1.297496 0.880178 0.985138
v -1.297496 0.880178 1.120138
v -1.207496 1.032678 1.120138
v -1.207496 1.032678 0.985138
v -1.207496 0.880178 1.120138
v -1.207496 0.880178 0.985138
v -1.353745 1.422678 0.191141
v -1.353745 1.422678 0.388641
v -1.353745 1.360178 0.191141
v -1.353745 1.360178 0.388641
v -1.263746 1.422678 0.388641
v -1.263745 1.422678 0.191141
v -1.263746 1.360178 0.388641
v -1.263745 1.360178 0.191141
v -1.276245 1.163091 -0.693540
v -1.276245 1.086587 -0.483313
v -1.276245 0.868290 -0.800822
v -1.276245 0.791786 -0.590595
v -1.200031 1.086587 -0.483313
v -1.200030 1.163091 -0.693540
v -1.200031 0.791786 -0.590595
v -1.200031 0.868290 -0.800822
v -1.331327 2.011002 -0.201732
v -1.331327 2.011002 -0.095483
v -1.370438 1.563959 -0.201732
v -1.370438 1.563959 -0.095483
v -1.242915 2.003267 -0.095483
v -1.242915 2.003267 -0.201732
v -1.282026 1.556224 -0.095483
v -1.282026 1.556224 -0.201732
v -1.365668 1.625654 -0.769855
v -1.365668 1.625654 -0.094858
v -1.375037 1.518563 -0.769855
v -1.375037 1.518563 -0.094858
v -1.276011 1.617810 -0.094858
v -1.276010 1.617810 -0.769855
v -1.285380 1.510719 -0.094858
v -1.285379 1.510719 -0.769855
v -1.241633 1.868357 -0.912445
v -1.241633 1.868357 -0.702266
v -1.270737 1.535697 -0.912445
v -1.270737 1.535697 -0.702266
v -1.170475 1.862131 -0.702266
v -1.170475 1.862131 -0.912445
v -1.199579 1.529472 -0.702266
v -1.199579 1.529472 -0.912445
v -1.319442 2.073090 -0.784855
v -1.319443 2.073090 -0.114858
v -1.358662 1.624802 -0.784855
v -1.358662 1.624802 -0.114858
v -1.257181 2.067642 -0.114858
v -1.257181 2.067642 -0.784855
v -1.296401 1.619355 -0.114858
v -1.296400 1.619355 -0.784855
v -1.224343 2.106330 -0.919148
v -1.226070 2.086587 -0.812219
v -1.277495 1.498787 -1.032179
v -1.279222 1.479044 -0.925250
v -1.148865 2.079833 -0.812219
v -1.147138 2.099575 -0.919148
v -1.202018 1.472289 -0.925250
v -1.200291 1.492032 -1.032179
v -1.224343 2.106330 -0.919148
v -1.224343 2.106330 -0.703879
v -1.244138 1.823251 -0.919148
v -1.244138 1.823251 -0.703879
v -1.152997 2.101341 -0.703879
v -1.152997 2.101341 -0.919148
v -1.172792 1.818262 -0.703879
v -1.172792 1.818262 -0.919148
v -1.220987 2.107422 -0.766379
v -1.220987 2.107422 -0.136381
v -1.229613 2.017837 -0.766379
v -1.229613 2.017837 -0.136381
v -1.156286 2.101192 -0.136381
v -1.156286 2.101192 -0.766379
v -1.164913 2.011606 -0.136381
v -1.164912 2.011606 -0.766378
v -1.327973 2.056508 -0.769856
v -1.327973 2.056508 -0.094858
v -1.337342 1.949417 -0.769855
v -1.337342 1.949417 -0.094858
v -1.238316 2.048664 -0.094858
v -1.238315 2.048664 -0.769855
v -1.247685 1.941573 -0.094858
v -1.247685 1.941573 -0.769855
v -1.331327 2.011002 -0.769230
v -1.331327 2.011002 -0.662981
v -1.370437 1.563959 -0.769230
v -1.370438 1.563959 -0.662981
v -1.242915 2.003267 -0.662981
v -1.242915 2.003267 -0.769230
v -1.282026 1.556224 -0.662981
v -1.282026 1.556224 -0.769231
v -1.224343 2.106330 -0.136381
v -1.224343 2.106330 0.043619
v -1.272583 1.554936 -0.136381
v -1.272583 1.554936 0.043619
v -1.153364 2.100120 0.043619
v -1.153364 2.100120 -0.136381
v -1.201605 1.548726 0.043619
v -1.201605 1.548726 -0.136381
v -1.297496 1.510178 -0.058858
v -1.297495 1.510178 0.076142
v -1.297496 1.357678 -0.058858
v -1.297495 1.357678 0.076142
v -1.207496 1.510178 0.076142
v -1.207496 1.510178 -0.058858
v -1.207496 1.357678 0.076142
v -1.207496 1.357678 -0.058858
v -1.297496 1.032678 -0.058858
v -1.297495 1.032678 0.076142
v -1.297496 0.880178 -0.058858
v -1.297495 0.880178 0.076142
v -1.207496 1.032678 0.076142
v -1.207496 1.032678 -0.058858
v -1.207496 0.880178 0.076142
v -1.207496 0.880178 -0.058858
v -1.353745 1.422678 -0.808855
v -1.353745 1.422678 -0.611356
v -1.353745 1.360178 -0.808855
v -1.353745 1.360178 -0.611356
v -1.263746 1.422678 -0.611356
v -1.263746 1.422678 -0.808855
v -1.263746 1.360178 -0.611356
v -1.263746 1.360178 -0.808855
v -1.277496 1.555178 -0.589856
v -1.277496 1.555178 0.040142
v -1.277496 0.790178 -0.589856
v -1.277496 0.790178 0.040142
v -1.199996 1.555178 0.040142
v -1.199996 1.555178 -0.589856
v -1.199996 0.790178 0.040142
v -1.199996 0.790178 -0.589856
v -1.276870 1.542020 -0.911567
v -1.276870 0.911957 -0.682244
v -1.276870 1.498413 -1.031378
v -1.276871 0.868349 -0.802054
v -1.199371 0.911957 -0.682244
v -1.199371 1.542020 -0.911568
v -1.199371 0.868349 -0.802054
v -1.199371 1.498413 -1.031378
v -1.276245 1.541219 -0.911941
v -1.276246 1.555251 -0.805361
v -1.276245 1.140924 -0.859242
v -1.276245 1.154955 -0.752662
v -1.199996 1.555251 -0.805362
v -1.199996 1.541219 -0.911941
v -1.199996 1.154955 -0.752662
v -1.199996 1.140924 -0.859242
v -1.278121 1.555803 -0.815481
v -1.278121 1.555803 -0.589231
v -1.278121 0.975803 -0.815480
v -1.278121 0.975803 -0.589231
v -1.199371 1.555803 -0.589231
v -1.199371 1.555803 -0.815480
v -1.199371 0.975803 -0.589231
v -1.199371 0.975803 -0.815480
v -0.374749 2.316566 -0.369857
v -0.374749 2.316709 -0.367013
v -0.374749 2.305678 -0.369857
v -0.374749 2.305678 0.286391
v 0.349749 2.308174 0.286122
v 0.349749 2.309097 0.285750
v 0.349749 2.305678 0.286391
v 0.349749 2.305678 -0.369857
v -0.382249 2.248678 -0.214488
v -0.382249 2.248678 0.116761
v -0.382249 2.198678 0.033392
v -0.382249 2.198678 0.364641
v 0.380249 2.248678 0.116761
v 0.380249 2.248678 -0.214488
v 0.380249 2.198678 0.364641
v 0.380249 2.198678 0.033392
v -1.211246 1.150178 2.591633
v -1.211246 1.150178 2.726633
v -1.211246 1.105178 2.591633
v -1.211246 1.105178 2.726633
v 0.003750 1.150178 2.726633
v 0.003750 1.150178 2.591633
v 0.003750 1.105178 2.726633
v 0.003750 1.105178 2.591633
v 0.768747 1.195178 2.920132
v 0.768747 1.195178 2.965131
v 0.768747 1.150178 2.920132
v 0.768747 1.150178 2.965131
v 1.218745 1.195178 2.965131
v 1.218746 1.195178 2.920131
v 1.218745 1.150178 2.965131
v 1.218746 1.150178 2.920131
v 0.396249 0.835178 -0.914855
v 0.396249 0.835178 -0.284857
v 0.396249 0.655178 -0.914855
v 0.396249 0.655178 -0.284857
v 1.161246 0.835178 -0.284857
v 1.161246 0.835178 -0.914855
v 1.161246 0.655178 -0.284857
v 1.161246 0.655178 -0.914855
v -1.166246 1.491539 -1.037895
v -1.166246 1.507167 -0.949262
v -1.166246 0.826794 -0.920683
v -1.166246 0.842422 -0.832051
v -0.401249 1.507167 -0.949263
v -0.401249 1.491539 -1.037895
v -0.401249 0.842422 -0.832051
v -0.401249 0.826794 -0.920683
v -1.166246 0.835178 -0.914855
v -1.166246 0.835178 -0.284857
v -1.166246 0.655178 -0.914855
v -1.166246 0.655178 -0.284857
v -0.401249 0.835178 -0.284857
v -0.401249 0.835178 -0.914855
v -0.401249 0.655178 -0.284857
v -0.401249 0.655178 -0.914855
v 0.396248 1.491539 -1.037895
v 0.396249 1.507167 -0.949263
v 0.396249 0.826794 -0.920683
v 0.396249 0.842422 -0.832050
v 1.161246 1.507167 -0.949263
v 1.161246 1.491539 -1.037895
v 1.161246 0.842422 -0.832051
v 1.161246 0.826794 -0.920683
v -1.256246 1.330178 2.920133
v -1.256245 1.330178 2.965131
v -1.256246 1.060178 2.920133
v -1.256245 1.060178 2.965131
v -1.211246 1.330178 2.965132
v -1.211246 1.330178 2.920132
v -1.211246 1.060178 2.965132
v -1.211246 1.060178 2.920132
v -1.211246 1.060178 2.920132
v -1.211246 1.060178 2.965132
v -1.211246 1.015178 2.920132
v -1.211246 1.015178 2.965132
v -0.761248 1.060178 2.965131
v -0.761248 1.060178 2.920132
v -0.761248 1.015178 2.965131
v -0.761248 1.015178 2.920132
v -0.761248 1.330178 2.920132
v -0.761248 1.330178 2.965131
v -0.761248 1.015178 2.920132
v -0.761248 1.015178 2.965131
v -0.716248 1.330178 2.965132
v -0.716248 1.330178 2.920132
v -0.716248 1.015178 2.965132
v -0.716248 1.015178 2.920132
v -0.356249 1.330178 2.875132
v -0.356249 1.330178 2.965131
v -0.356249 0.833928 2.875132
v -0.356249 0.833928 2.965131
v -0.311249 1.330178 2.965131
v -0.311249 1.330178 2.875132
v -0.311249 0.833928 2.965131
v -0.311249 0.833928 2.875132
v -0.356249 0.835178 2.785133
v -0.356249 0.835178 2.963882
v -0.356249 0.745178 2.785133
v -0.356249 0.745178 2.963882
v -0.311249 0.835178 2.963881
v -0.311249 0.835178 2.785132
v -0.311249 0.745178 2.963881
v -0.311249 0.745178 2.785132
v -1.211246 1.195178 2.920132
v -1.211246 1.195178 2.965132
v -1.211246 1.150178 2.920132
v -1.211246 1.150178 2.965132
v -0.761248 1.195178 2.965131
v -0.761248 1.195178 2.920132
v -0.761248 1.150178 2.965131
v -0.761248 1.150178 2.920132
v -1.211246 1.375178 2.920132
v -1.211246 1.375178 2.965132
v -1.211246 1.330178 2.920132
v -1.211246 1.330178 2.965132
v 1.218745 1.375178 2.965131
v 1.218746 1.375178 2.920131
v 1.218745 1.330178 2.965131
v 1.218746 1.330178 2.920131
v 1.218746 1.330178 2.920131
v 1.218745 1.330178 2.965131
v 1.218746 1.060178 2.920131
v 1.218745 1.060178 2.965131
v 1.263745 1.330178 2.965131
v 1.263745 1.330178 2.920131
v 1.263745 1.060178 2.965131
v 1.263745 1.060178 2.920131
v 0.768747 1.060178 2.920132
v 0.768747 1.060178 2.965131
v 0.768747 1.015178 2.920132
v 0.768747 1.015178 2.965131
v 1.218745 1.060178 2.965131
v 1.218746 1.060178 2.920131
v 1.218745 1.015178 2.965131
v 1.218746 1.015178 2.920131
v -0.716248 1.015178 2.920132
v -0.716248 1.015178 2.965132
v -0.716248 0.970178 2.920132
v -0.716248 0.970178 2.965132
v 0.723747 1.015178 2.965131
v 0.723747 1.015178 2.920132
v 0.723747 0.970178 2.965131
v 0.723747 0.970178 2.920132
v 0.723747 1.330178 2.920132
v 0.723747 1.330178 2.965131
v 0.723747 1.015178 2.920132
v 0.723747 1.015178 2.965131
v 0.768747 1.330178 2.965131
v 0.768747 1.330178 2.920132
v 0.768747 1.015178 2.965131
v 0.768747 1.015178 2.920132
v 0.318748 1.330178 2.875132
v 0.318748 1.330178 2.965132
v 0.318748 0.833928 2.875132
v 0.318748 0.833928 2.965132
v 0.363748 1.330178 2.965131
v 0.363749 1.330178 2.875132
v 0.363748 0.833928 2.965131
v 0.363749 0.833928 2.875132
v 0.318749 0.835178 2.785132
v 0.318749 0.835178 2.963881
v 0.318749 0.745178 2.785132
v 0.318749 0.745178 2.963881
v 0.363749 0.835178 2.963882
v 0.363749 0.835178 2.785132
v 0.363749 0.745178 2.963882
v 0.363749 0.745178 2.785132
v -0.716247 1.249178 2.798633
v -0.716248 1.249178 2.875133
v -0.716247 1.060178 2.798633
v -0.716248 1.060178 2.875133
v -0.491249 1.249178 2.875131
v -0.491248 1.249178 2.798633
v -0.491249 1.060178 2.875131
v -0.491248 1.060178 2.798633
v 0.498748 1.249178 2.798632
v 0.498748 1.249178 2.875132
v 0.498748 1.060178 2.798632
v 0.498748 1.060178 2.875132
v 0.723747 1.249178 2.875131
v 0.723747 1.249178 2.798632
v 0.723747 1.060178 2.875131
v 0.723747 1.060178 2.798632
v 1.214246 1.303506 2.434416
v 1.214245 1.273225 2.547429
v 1.214246 1.260040 2.422769
v 1.214245 1.229758 2.535782
v 1.232246 1.273225 2.547429
v 1.232246 1.303506 2.434416
v 1.232245 1.229758 2.535782
v 1.232245 1.260040 2.422769
v -1.133246 1.271678 2.636633
v -1.133247 1.271678 2.726634
v -1.133246 1.208678 2.636633
v -1.133247 1.208678 2.726634
v -1.025247 1.271678 2.726633
v -1.025247 1.271678 2.636633
v -1.025247 1.208678 2.726633
v -1.025247 1.208678 2.636633
v -1.232246 1.226678 2.591633
v -1.232246 1.226678 2.681633
v -1.232246 1.163678 2.591633
v -1.232246 1.163678 2.681633
v -1.214246 1.226678 2.681633
v -1.214246 1.226678 2.591633
v -1.214246 1.163678 2.681633
v -1.214246 1.163678 2.591633
v -1.232246 1.303506 2.434416
v -1.232246 1.273225 2.547429
v -1.232246 1.260040 2.422770
v -1.232246 1.229758 2.535782
v -1.214246 1.273225 2.547430
v -1.214246 1.303506 2.434417
v -1.214246 1.229758 2.535782
v -1.214246 1.260040 2.422770
v 1.214245 1.226678 2.591632
v 1.214245 1.226678 2.681632
v 1.214245 1.163678 2.591632
v 1.214245 1.163678 2.681632
v 1.232245 1.226678 2.681632
v 1.232246 1.226678 2.591633
v 1.232245 1.163678 2.681632
v 1.232246 1.163678 2.591633
v 1.025247 1.271678 2.636633
v 1.025246 1.271678 2.726632
v 1.025247 1.208678 2.636633
v 1.025246 1.208678 2.726632
v 1.133245 1.271678 2.726631
v 1.133246 1.271678 2.636633
v 1.133245 1.208678 2.726631
v 1.133246 1.208678 2.636633
v 0.586068 1.301298 1.276217
v 0.586068 1.457495 1.366397
v 0.586068 1.130494 1.572059
v 0.586068 1.286690 1.662239
v 1.270175 1.457495 1.366397
v 1.270176 1.301298 1.276217
v 1.270176 1.286690 1.662239
v 1.270176 1.130494 1.572059
v -1.263880 1.132043 1.783521
v -1.263880 1.300217 1.756884
v -1.263881 1.200916 2.218369
v -1.263880 1.369090 2.191733
v -0.588613 1.300217 1.756884
v -0.588613 1.132043 1.783520
v -0.588613 1.369090 2.191732
v -0.588613 1.200916 2.218369
v -1.206469 1.439028 1.889030
v -1.206246 1.517450 1.909304
v -0.764171 1.225290 2.710911
v -0.763948 1.303712 2.731185
v -0.849266 1.563036 1.729049
v -0.849488 1.484615 1.708775
v -0.406967 1.349298 2.550931
v -0.407190 1.270877 2.530655
v -1.263746 1.300020 1.857528
v -1.263745 1.478822 1.905438
v -1.263745 1.171876 2.335766
v -1.263746 1.350678 2.383676
v -0.588638 1.478822 1.905437
v -0.588638 1.300020 1.857528
v -0.588638 1.350678 2.383676
v -0.588638 1.171876 2.335766
v -1.206246 1.538595 1.367847
v -1.206246 1.583260 1.373331
v -1.206246 1.472786 1.903820
v -1.206246 1.517450 1.909304
v -0.756247 1.583260 1.373331
v -0.756247 1.538595 1.367847
v -0.756247 1.517450 1.909304
v -0.756247 1.472786 1.903820
v -1.263746 1.278224 1.272909
v -1.263746 1.546211 1.305813
v -1.263745 1.204797 1.870916
v -1.263746 1.472785 1.903820
v -0.587498 1.546211 1.305813
v -0.587498 1.278224 1.272909
v -0.587498 1.472785 1.903820
v -0.587498 1.204797 1.870916
v -1.263818 1.298501 1.572064
v -1.263818 1.298501 1.783458
v -1.263818 1.132105 1.572064
v -1.263818 1.132105 1.783458
v -0.586175 1.298501 1.783458
v -0.586175 1.298501 1.572064
v -0.586175 1.132105 1.783458
v -0.586175 1.132105 1.572064
v -1.263926 1.338799 1.211265
v -1.263926 1.494995 1.301445
v -1.263926 1.130494 1.572059
v -1.263925 1.286690 1.662238
v -0.586068 1.494995 1.301445
v -0.586068 1.338799 1.211265
v -0.586068 1.286690 1.662239
v -0.586068 1.130494 1.572059
v 0.586175 1.298501 1.572063
v 0.586175 1.298501 1.783458
v 0.586175 1.132105 1.572064
v 0.586175 1.132105 1.783458
v 1.270068 1.298501 1.783458
v 1.270068 1.298501 1.572064
v 1.270068 1.132105 1.783458
v 1.270068 1.132105 1.572064
v 0.587498 1.270607 1.334943
v 0.587498 1.538594 1.367847
v 0.587498 1.204797 1.870916
v 0.587498 1.472785 1.903821
v 1.269996 1.538594 1.367848
v 1.269995 1.270607 1.334943
v 1.269995 1.472785 1.903821
v 1.269995 1.204797 1.870916
v 0.858848 1.483630 1.711477
v 0.858625 1.562051 1.731752
v 0.416549 1.269892 2.533359
v 0.416326 1.348313 2.553633
v 1.215605 1.516465 1.912007
v 1.215828 1.438043 1.891733
v 0.773307 1.302727 2.733888
v 0.773529 1.224305 2.713613
v 0.768747 1.538595 1.367847
v 0.768747 1.583260 1.373331
v 0.768747 1.472786 1.903820
v 0.768747 1.517450 1.909304
v 1.218746 1.583260 1.373331
v 1.218745 1.538595 1.367847
v 1.218746 1.517450 1.909304
v 1.218746 1.472786 1.903820
v 0.587638 1.298730 1.858476
v 0.587638 1.471254 1.904704
v 0.587638 1.170651 2.336473
v 0.587638 1.343175 2.382701
v 1.268745 1.471254 1.904704
v 1.268745 1.298730 1.858476
v 1.268745 1.343175 2.382700
v 1.268745 1.170651 2.336473
v 0.588748 1.242211 2.068365
v 0.588748 1.329144 2.091658
v 0.588748 1.137389 2.459563
v 0.588748 1.224322 2.482857
v 1.269995 1.329144 2.091658
v 1.269996 1.242211 2.068365
v 1.269996 1.224322 2.482857
v 1.269996 1.137389 2.459563
v 1.128746 1.318308 1.202187
v 1.128746 1.543171 1.210039
v 1.128746 1.312026 1.382076
v 1.128746 1.536889 1.389929
v 1.173746 1.543171 1.210039
v 1.173746 1.318308 1.202187
v 1.173746 1.536889 1.389928
v 1.173746 1.312026 1.382076
v 0.587550 1.130827 1.782637
v 0.587550 1.301100 1.755669
v 0.587550 1.200033 2.219584
v 0.587550 1.370306 2.192616
v 1.271193 1.301100 1.755669
v 1.271193 1.130827 1.782637
v 1.271193 1.370306 2.192615
v 1.271193 1.200033 2.219584
v -0.761248 1.316678 2.695132
v -0.761247 1.316678 2.830132
v -0.761248 0.992678 2.695132
v -0.761247 0.992678 2.830132
v 0.768747 1.316678 2.830132
v 0.768747 1.316678 2.695132
v 0.768747 0.992678 2.830132
v 0.768747 0.992678 2.695132
v -0.761247 1.437026 1.352614
v -0.761247 1.605759 1.373332
v -0.761248 1.371217 1.888587
v -0.761247 1.539949 1.909304
v 0.768747 1.605759 1.373331
v 0.768747 1.437026 1.352614
v 0.768747 1.539949 1.909304
v 0.768747 1.371217 1.888587
v -1.048746 1.543171 1.210039
v -1.048746 1.588143 1.211609
v -1.048746 1.537543 1.371190
v -1.048746 1.582516 1.372760
v 1.174996 1.588143 1.211609
v 1.174996 1.543171 1.210039
v 1.174996 1.582516 1.372760
v 1.174996 1.537543 1.371190
v -0.761247 1.376071 1.865267
v -0.761247 1.540278 1.909266
v -0.761247 1.154781 2.691130
v -0.761248 1.318988 2.735130
v 0.768747 1.540278 1.909265
v 0.768747 1.376071 1.865267
v 0.768748 1.318988 2.735129
v 0.768748 1.154781 2.691132
v 0.723747 1.285178 2.591633
v 0.723747 1.285178 2.726632
v 0.723747 1.150178 2.591633
v 0.723747 1.150178 2.726632
v 0.858747 1.285178 2.726632
v 0.858747 1.285178 2.591633
v 0.858747 1.150178 2.726632
v 0.858747 1.150178 2.591633
v 1.173746 1.285178 2.591633
v 1.173746 1.285178 2.726632
v 1.173746 1.150178 2.591633
v 1.173746 1.150178 2.726632
v 1.218746 1.285178 2.726633
v 1.218745 1.285178 2.591633
v 1.218746 1.150178 2.726633
v 1.218745 1.150178 2.591633
v 0.588568 1.227779 2.343690
v 0.588568 1.346453 2.375488
v 0.588567 1.146769 2.646023
v 0.588568 1.265442 2.677823
v 1.220176 1.346453 2.375488
v 1.220176 1.227779 2.343690
v 1.220176 1.265442 2.677822
v 1.220175 1.146769 2.646024
v 1.011746 1.285178 2.582632
v 1.011746 1.285178 2.717632
v 1.011746 1.150178 2.582632
v 1.011746 1.150178 2.717632
v 1.146746 1.285178 2.717632
v 1.146746 1.285178 2.582632
v 1.146746 1.150178 2.717632
v 1.146746 1.150178 2.582632
v 0.588748 1.154771 2.425507
v 0.588748 1.223715 2.483359
v 0.588748 1.010144 2.597867
v 0.588748 1.079088 2.655717
v 1.269995 1.223715 2.483358
v 1.269995 1.154771 2.425507
v 1.269995 1.079088 2.655718
v 1.269995 1.010144 2.597867
v 0.762497 1.100678 2.596133
v 0.762497 1.100678 2.776132
v 0.762497 1.010678 2.596133
v 0.762497 1.010678 2.776132
v 1.269996 1.100678 2.776132
v 1.269995 1.100678 2.596133
v 1.269996 1.010678 2.776132
v 1.269995 1.010678 2.596133
v 0.003750 1.150178 2.591633
v 0.003750 1.150178 2.726633
v 0.003750 1.105178 2.591633
v 0.003750 1.105178 2.726633
v 1.218746 1.150178 2.726633
v 1.218745 1.150178 2.591633
v 1.218746 1.105178 2.726633
v 1.218745 1.105178 2.591633
v 0.876747 1.262678 2.537633
v 0.876746 1.262678 2.717632
v 0.876747 1.127678 2.537633
v 0.876746 1.127678 2.717632
v 0.966747 1.262678 2.717632
v 0.966747 1.262678 2.537633
v 0.966747 1.127678 2.717632
v 0.966747 1.127678 2.537633
v -1.262630 1.199575 2.236547
v -1.262631 1.284129 2.268160
v -1.262631 1.104925 2.489701
v -1.262631 1.189478 2.521313
v -0.587363 1.284129 2.268160
v -0.587363 1.199575 2.236546
v -0.587363 1.189478 2.521313
v -0.587363 1.104925 2.489700
v -1.256291 1.227824 2.077511
v -1.256291 1.272871 2.079477
v -1.256291 1.216043 2.347343
v -1.256291 1.261090 2.349309
v -0.587453 1.272871 2.079477
v -0.587453 1.227824 2.077510
v -0.587453 1.261090 2.349309
v -0.587453 1.216043 2.347342
v -1.211336 1.292228 1.881348
v -1.211336 1.466269 1.927982
v -1.211336 1.105832 2.576986
v -1.211336 1.279873 2.623621
v -0.587408 1.466269 1.927982
v -0.587408 1.292228 1.881348
v -0.587408 1.279873 2.623620
v -0.587408 1.105832 2.576987
v -0.941247 1.285178 2.591633
v -0.941247 1.285178 2.726633
v -0.941247 1.150178 2.591633
v -0.941247 1.150178 2.726633
v -0.716248 1.285178 2.726633
v -0.716248 1.285178 2.591633
v -0.716248 1.150178 2.726633
v -0.716248 1.150178 2.591633
v -1.211246 1.285178 2.591633
v -1.211246 1.285178 2.726633
v -1.211246 1.150178 2.591633
v -1.211246 1.150178 2.726633
v -1.166246 1.285178 2.726633
v -1.166246 1.285178 2.591633
v -1.166246 1.150178 2.726633
v -1.166246 1.150178 2.591633
v -1.262495 1.242211 2.068365
v -1.262496 1.329144 2.091658
v -1.262496 1.137389 2.459564
v -1.262496 1.224322 2.482857
v -0.587498 1.329144 2.091658
v -0.587498 1.242211 2.068365
v -0.587498 1.224322 2.482857
v -0.587498 1.137389 2.459563
v -1.139246 1.285178 2.582632
v -1.139246 1.285178 2.717633
v -1.139246 1.150178 2.582632
v -1.139246 1.150178 2.717633
v -1.004247 1.285178 2.717632
v -1.004247 1.285178 2.582633
v -1.004247 1.150178 2.717632
v -1.004247 1.150178 2.582633
v -1.262496 1.154771 2.425508
v -1.262496 1.223715 2.483359
v -1.262496 1.010144 2.597867
v -1.262496 1.079088 2.655718
v -0.587498 1.223715 2.483358
v -0.587498 1.154771 2.425508
v -0.587498 1.079088 2.655718
v -0.587498 1.010144 2.597867
v -1.262496 1.100678 2.596133
v -1.262496 1.100678 2.776133
v -1.262496 1.010678 2.596133
v -1.262496 1.010678 2.776133
v -0.754997 1.100678 2.776133
v -0.754997 1.100678 2.596133
v -0.754997 1.010678 2.776133
v -0.754997 1.010678 2.596133
v 1.116418 2.218798 0.026892
v 1.116418 2.218799 1.152138
v 1.173820 2.080217 0.026892
v 1.173820 2.080217 1.152138
v 1.178780 2.244630 1.152138
v 1.178780 2.244630 0.026892
v 1.236182 2.106048 1.152138
v 1.236182 2.106048 0.026892
v -1.204269 2.137232 0.040142
v -1.204269 2.137232 0.085142
v -1.255255 1.554458 0.040142
v -1.255255 1.554458 0.085141
v -1.133291 2.131022 0.085142
v -1.133291 2.131022 0.040142
v -1.184277 1.548248 0.085142
v -1.184277 1.548248 0.040142
v -1.178780 2.244630 0.026892
v -1.178779 2.244630 1.152138
v -1.236182 2.106048 0.026892
v -1.236182 2.106048 1.152138
v -1.116418 2.218799 1.152138
v -1.116418 2.218798 0.026892
v -1.173820 2.080217 1.152138
v -1.173820 2.080217 0.026892
v 1.145743 2.132112 0.040142
v 1.145743 2.132112 0.085141
v 1.196729 1.549338 0.040142
v 1.196729 1.549338 0.085142
v 1.204270 2.137232 0.085141
v 1.204270 2.137232 0.040142
v 1.255255 1.554458 0.085142
v 1.255255 1.554458 0.040142
v -1.172871 2.244303 0.035017
v -1.172871 2.244303 1.152763
v -1.172871 2.198053 0.035017
v -1.172871 2.198053 1.152763
v 1.174621 2.244303 1.152763
v 1.174621 2.244303 0.035017
v 1.174621 2.198053 1.152763
v 1.174621 2.198053 0.035017
v 1.142246 2.408117 -2.924989
v 1.142245 2.413230 -2.907731
v 1.142246 1.674620 -2.707720
v 1.142246 1.679732 -2.690459
v 1.160246 2.413230 -2.907731
v 1.160246 2.408117 -2.924989
v 1.160246 1.679732 -2.690459
v 1.160246 1.674620 -2.707719
v 1.083746 1.510178 -2.592349
v 1.083746 1.510178 -2.479849
v 1.083746 1.285178 -2.592349
v 1.083746 1.285178 -2.479849
v 1.218746 1.510178 -2.479849
v 1.218745 1.510178 -2.592349
v 1.218746 1.285178 -2.479849
v 1.218745 1.285178 -2.592349
v 1.084370 1.426696 -2.705201
v 1.084371 1.494421 -2.616941
v 1.084371 1.284884 -2.596386
v 1.084371 1.352609 -2.508125
v 1.218121 1.494421 -2.616941
v 1.218120 1.426696 -2.705201
v 1.218121 1.352609 -2.508125
v 1.218121 1.284884 -2.596386
v 1.082496 1.479864 -2.728641
v 1.082497 1.529331 -2.571755
v 1.082496 1.391646 -2.700826
v 1.082496 1.441112 -2.543940
v 1.219996 1.529331 -2.571755
v 1.219996 1.479864 -2.728641
v 1.219995 1.441112 -2.543940
v 1.219995 1.391646 -2.700824
v 1.115246 1.665602 -2.733990
v 1.115246 1.687253 -2.665323
v 1.115246 1.493933 -2.679864
v 1.115246 1.515584 -2.611196
v 1.187246 1.687253 -2.665323
v 1.187245 1.665602 -2.733991
v 1.187245 1.515584 -2.611196
v 1.187246 1.493933 -2.679864
v 0.663045 2.209763 1.033888
v 0.663045 2.209763 1.096388
v 0.358666 1.813086 1.033888
v 0.358666 1.813086 1.096388
v 0.762214 2.133667 1.096388
v 0.762214 2.133667 1.033888
v 0.457834 1.736991 1.096388
v 0.457834 1.736991 1.033888
v 0.453748 0.826178 2.758133
v 0.453749 0.826178 2.821132
v 0.453748 0.664178 2.758133
v 0.453749 0.664178 2.821132
v 0.543748 0.826178 2.821131
v 0.543748 0.826178 2.758132
v 0.543748 0.664178 2.821131
v 0.543748 0.664178 2.758132
v -0.449659 2.196998 1.033888
v -0.449658 2.196998 1.096388
v -0.754038 1.800321 1.033888
v -0.754038 1.800321 1.096388
v -0.350490 2.120903 1.096388
v -0.350490 2.120903 1.033888
v -0.654869 1.724226 1.096388
v -0.654869 1.724226 1.033888
v 0.067062 1.172773 0.453840
v 0.067062 1.199601 0.605993
v 0.067062 1.098297 0.466973
v 0.067062 1.125125 0.619125
v 0.148937 1.199601 0.605993
v 0.148937 1.172773 0.453840
v 0.148937 1.125125 0.619125
v 0.148937 1.098297 0.466973
v 0.073312 1.115608 0.165639
v 0.073312 1.194532 0.613233
v 0.073312 1.053442 0.176601
v 0.073312 1.132366 0.624195
v 0.142687 1.194532 0.613233
v 0.142687 1.115608 0.165639
v 0.142687 1.132366 0.624195
v 0.142687 1.053442 0.176601
v 0.267402 1.287251 0.567417
v 0.267402 1.287251 0.635011
v 0.269703 1.023588 0.567417
v 0.269703 1.023588 0.635011
v 0.340928 1.287892 0.635011
v 0.340928 1.287892 0.567417
v 0.343229 1.024229 0.635011
v 0.343229 1.024229 0.567417
v 0.261098 1.293446 0.554917
v 0.261098 1.293446 0.666261
v 0.261817 1.211026 0.554917
v 0.261817 1.211026 0.666261
v 0.347124 1.294197 0.666261
v 0.347124 1.294197 0.554917
v 0.347843 1.211777 0.666261
v 0.347843 1.211777 0.554917
v 1.129726 2.170105 -1.042025
v 1.131951 2.144681 -0.910733
v 1.188010 1.503916 -1.172013
v 1.190234 1.478493 -1.040721
v 1.202431 2.150848 -0.910733
v 1.200207 2.176271 -1.042025
v 1.260715 1.484659 -1.040721
v 1.258490 1.510082 -1.172013
v -1.172246 2.243678 -1.095604
v -1.172246 2.243678 0.035642
v -1.172246 2.198678 -1.095604
v -1.172246 2.198678 0.035642
v 1.173996 2.243678 0.035642
v 1.173996 2.243678 -1.095604
v 1.173996 2.198678 0.035642
v 1.173996 2.198678 -1.095604
v -1.200207 2.176271 -1.042025
v -1.202431 2.150848 -0.910733
v -1.258491 1.510082 -1.172013
v -1.260714 1.484659 -1.040721
v -1.131951 2.144681 -0.910733
v -1.129726 2.170105 -1.042025
v -1.190234 1.478493 -1.040721
v -1.188010 1.503916 -1.172013
v 1.117573 2.219277 -1.086854
v 1.117573 2.219277 0.026892
v 1.174497 2.081850 -1.086854
v 1.174497 2.081850 0.026892
v 1.178780 2.244630 0.026892
v 1.178780 2.244630 -1.086854
v 1.235704 2.107203 0.026892
v 1.235704 2.107203 -1.086854
v -0.382249 2.248678 -0.404107
v -0.382249 2.248678 0.033392
v -0.382249 2.198678 -0.404107
v -0.382249 2.198678 0.033392
v 0.380249 2.248678 0.033392
v 0.380249 2.248678 -0.404107
v 0.380249 2.198678 0.033392
v 0.380249 2.198678 -0.404107
v -1.178780 2.244630 -1.086854
v -1.178780 2.244630 0.026892
v -1.235704 2.107203 -1.086854
v -1.235704 2.107203 0.026892
v -1.117573 2.219277 0.026892
v -1.117573 2.219277 -1.086854
v -1.174497 2.081850 0.026892
v -1.174497 2.081850 -1.086854
v -0.732997 2.177513 -1.318043
v -0.732997 2.091678 -1.290980
v 0.730747 2.177513 -1.318043
v 0.730748 2.091678 -1.290980
v -1.180246 2.243678 -1.095605
v -1.180246 2.156651 -1.068165
v -0.733247 2.243678 -1.095604
v -0.733247 2.156651 -1.068165
v -1.236479 1.779443 -1.174229
v -1.260120 1.509225 -1.174229
v -1.163757 1.773081 -1.174229
v -1.187398 1.502863 -1.174229
v -1.202739 2.133540 -1.230584
v -1.210249 2.099986 -0.971713
v -1.262950 1.497610 -1.051320
v -1.138155 2.093513 -0.970460
v -1.130645 2.127067 -1.229331
v -1.190856 1.491137 -1.050068
v -1.201590 2.177158 -1.093249
v -1.230198 1.853430 -0.993938
v -1.132030 2.171076 -1.093037
v -1.160639 1.847348 -0.993726
v 1.132031 2.171076 -1.093037
v 1.160639 1.847348 -0.993726
v 1.201590 2.177158 -1.093249
v 1.230198 1.853430 -0.993938
v 1.130645 2.127067 -1.229331
v 1.138155 2.093513 -0.970461
v 1.183346 1.524691 -1.308938
v 1.190856 1.491137 -1.050067
v 1.210249 2.099986 -0.971713
v 1.202739 2.133540 -1.230584
v 1.262950 1.497610 -1.051320
v 1.255440 1.531164 -1.310191
v 1.163757 1.773081 -1.174229
v 1.187398 1.502863 -2.502974
v 1.187398 1.502863 -1.174229
v 1.236479 1.779443 -1.174229
v 1.260120 1.509225 -1.174229
v 1.260121 1.509225 -2.502974
v 0.733247 2.243678 -1.095604
v 0.733247 2.156651 -1.068165
v 1.180246 2.243678 -1.095605
v 1.180246 2.156651 -1.068165
v -0.735747 2.175939 -1.320425
v -0.735747 2.246229 -1.097494
v -0.735747 2.090105 -1.293361
v -0.735747 2.160395 -1.070431
v 0.734997 2.246229 -1.097494
v 0.734997 2.175939 -1.320424
v 0.734997 2.160395 -1.070431
v 0.734997 2.090105 -1.293361
v -1.263746 0.790178 -0.679856
v -1.263745 0.790178 1.480137
v -1.263746 0.565178 -0.679855
v -1.263745 0.565178 1.480137
v -1.198746 0.790178 1.480137
v -1.198745 0.790178 -0.679856
v -1.198746 0.565178 1.480137
v -1.198745 0.565178 -0.679856
v -1.264995 1.511428 -1.032354
v -1.264995 1.193928 -1.032354
v -1.197496 1.511428 -1.032355
v -1.197496 1.193928 -1.032355
v -1.263746 1.338771 -1.213423
v -1.263746 0.787375 -0.790323
v -1.263745 1.215333 -1.374291
v -1.263746 0.663936 -0.951191
v -1.198476 0.787375 -0.790324
v -1.198476 1.338771 -1.213423
v -1.198476 0.663936 -0.951191
v -1.198476 1.215333 -1.374291
v -1.263120 1.509341 -1.035137
v -1.263121 0.846858 -0.794014
v -1.263121 1.476849 -1.124408
v -1.263121 0.814366 -0.883285
v -1.199371 0.846858 -0.794014
v -1.199371 1.509341 -1.035137
v -1.199371 0.814366 -0.883284
v -1.199371 1.476849 -1.124408
v -1.264353 1.393388 -1.137220
v -1.264353 1.060406 -0.881714
v -1.264353 1.296768 -1.263136
v -1.264353 0.963786 -1.007631
v -1.198138 1.060406 -0.881714
v -1.198138 1.393388 -1.137220
v -1.198138 0.963786 -1.007630
v -1.198138 1.296768 -1.263136
v -1.263121 0.565979 -0.680229
v -1.263120 0.664310 -0.950390
v -1.263121 0.793619 -0.597375
v -1.263121 0.891950 -0.867536
v -1.200621 0.664310 -0.950390
v -1.200621 0.565979 -0.680229
v -1.200621 0.891950 -0.867536
v -1.200621 0.793619 -0.597375
v -1.166246 0.835178 0.085142
v -1.166246 0.835178 0.715139
v -1.166246 0.655178 0.085142
v -1.166246 0.655178 0.715139
v -0.401249 0.835178 0.715139
v -0.401249 0.835178 0.085142
v -0.401249 0.655178 0.715139
v -0.401249 0.655178 0.085142
v -1.166246 1.510178 0.085141
v -1.166246 1.510178 0.175141
v -1.166246 0.835178 0.085142
v -1.166246 0.835178 0.175141
v -0.401249 1.510178 0.175141
v -0.401249 1.510178 0.085142
v -0.401249 0.835178 0.175141
v -0.401249 0.835178 0.085142
v 0.001062 1.097740 0.082142
v 0.001063 1.097740 0.347266
v 0.001062 1.034615 0.082142
v 0.001063 1.034615 0.347266
v 0.221687 1.097740 0.347266
v 0.221687 1.097740 0.082142
v 0.221687 1.034615 0.347266
v 0.221687 1.034615 0.082142
v 0.234482 1.088112 0.476511
v 0.234482 1.088112 0.694667
v 0.235048 1.023285 0.476511
v 0.235048 1.023285 0.694667
v 0.371069 1.089304 0.694667
v 0.371068 1.089304 0.476511
v 0.371634 1.024477 0.694667
v 0.371634 1.024477 0.476511
v 0.864934 0.728805 1.187587
v 0.864935 0.664109 1.246870
v 0.864934 0.669099 1.122430
v 0.864934 0.604403 1.181713
v 0.978559 0.664109 1.246869
v 0.978559 0.728805 1.187587
v 0.978559 0.604403 1.181713
v 0.978559 0.669099 1.122430
v 0.677435 0.728805 1.187587
v 0.677435 0.664109 1.246870
v 0.677435 0.669099 1.122430
v 0.677435 0.604403 1.181713
v 0.791060 0.664109 1.246869
v 0.791060 0.728805 1.187587
v 0.791060 0.604403 1.181713
v 0.791060 0.669099 1.122430
v 1.199371 1.509341 -1.035138
v 1.199370 0.846858 -0.794014
v 1.199371 1.476849 -1.124408
v 1.199371 0.814366 -0.883285
v 1.263121 0.846858 -0.794014
v 1.263121 1.509341 -1.035137
v 1.263121 0.814366 -0.883285
v 1.263121 1.476849 -1.124408
v 1.198138 1.393388 -1.137219
v 1.198139 1.060406 -0.881714
v 1.198138 1.296768 -1.263136
v 1.198138 0.963786 -1.007630
v 1.264353 1.060406 -0.881714
v 1.264353 1.393388 -1.137219
v 1.264353 0.963786 -1.007631
v 1.264353 1.296768 -1.263136
v 1.198476 1.338771 -1.213423
v 1.198476 0.787375 -0.790324
v 1.198476 1.215333 -1.374291
v 1.198476 0.663936 -0.951191
v 1.263746 0.787375 -0.790324
v 1.263746 1.338771 -1.213424
v 1.263746 0.663936 -0.951191
v 1.263746 1.215333 -1.374291
v 1.197496 1.511428 -1.032354
v 1.197496 1.193928 -1.032354
v 1.264995 1.511428 -1.032354
v 1.264995 1.193928 -1.032354
v 1.198746 0.790178 -0.679856
v 1.198746 0.790178 1.480137
v 1.198746 0.565178 -0.679856
v 1.198746 0.565178 1.480137
v 1.263746 0.790178 1.480137
v 1.263746 0.790178 -0.679856
v 1.263746 0.565178 1.480137
v 1.263746 0.565178 -0.679856
v 1.182496 0.790178 1.480137
v 1.182496 0.790178 1.012708
v 1.182496 1.142608 1.480137
v 1.182496 1.142608 1.012708
v 1.263746 0.790178 1.012709
v 1.263746 0.790178 1.480137
v 1.263746 1.142608 1.012709
v 1.263746 1.142608 1.480137
v 1.200621 0.565979 -0.680229
v 1.200621 0.664310 -0.950390
v 1.200621 0.793619 -0.597375
v 1.200621 0.891950 -0.867536
v 1.263121 0.664310 -0.950390
v 1.263120 0.565979 -0.680229
v 1.263121 0.891950 -0.867536
v 1.263120 0.793619 -0.597375
v -1.263745 0.790178 1.480137
v -1.263746 0.790178 1.012708
v -1.263745 1.142608 1.480137
v -1.263746 1.142608 1.012708
v -1.169996 0.790178 1.012708
v -1.169996 0.790178 1.480137
v -1.169996 1.142608 1.012708
v -1.169996 1.142608 1.480137
v -1.198746 0.655178 -0.667356
v -1.198746 0.655178 1.480137
v -1.198746 0.565178 -0.667356
v -1.198746 0.565178 1.480137
v 1.198746 0.655178 1.480137
v 1.198746 0.655178 -0.667356
v 1.198746 0.565178 1.480137
v 1.198746 0.565178 -0.667356
v 0.724682 1.195493 -1.112039
v 0.724682 1.059863 -1.112039
v 0.770312 1.195493 -1.112039
v 0.770312 1.059863 -1.112039
v 0.723523 1.510403 -1.085879
v 0.723523 1.194953 -1.085879
v 1.205221 1.510403 -1.085880
v 1.205221 1.194953 -1.085880
v 0.723478 1.510448 -1.184124
v 0.723478 1.510448 -1.084584
v 0.723478 0.969908 -1.184124
v 0.723478 0.969908 -1.084584
v 1.199016 1.510448 -1.084584
v 1.199016 1.510448 -1.184124
v 1.199016 0.969908 -1.084584
v 1.199016 0.969908 -1.184124
v 0.526248 0.898762 1.893516
v 0.526248 1.562836 2.071454
v 0.526248 0.866410 2.014257
v 0.526248 1.530484 2.192194
v 0.588748 1.562836 2.071454
v 0.588748 0.898762 1.893517
v 0.588748 1.530484 2.192194
v 0.588748 0.866410 2.014257
v -0.588748 0.898762 1.893516
v -0.588748 1.562836 2.071453
v -0.588748 0.866410 2.014257
v -0.588748 1.530484 2.192194
v -0.526248 1.562836 2.071454
v -0.526248 0.898762 1.893516
v -0.526248 1.530484 2.192194
v -0.526248 0.866410 2.014256
v -0.770312 1.195493 -1.112039
v -0.770312 1.059863 -1.112039
v -0.724682 1.195493 -1.112039
v -0.724682 1.059863 -1.112039
v -0.626248 1.217678 1.520636
v -0.626248 1.217678 2.663634
v -0.626248 0.740678 1.520637
v -0.626248 0.740678 2.663634
v 0.633748 1.217678 2.663633
v 0.633748 1.217678 1.520637
v 0.633748 0.740678 2.663633
v 0.633748 0.740678 1.520637
v -0.399998 0.821678 2.716132
v -0.399998 0.614678 2.716132
v 0.403749 0.821678 2.716132
v 0.403749 0.614678 2.716132
v 1.127039 2.116752 0.951583
v 1.125447 2.134956 1.090385
v 1.177589 1.538964 1.027941
v 1.175997 1.557168 1.166743
v 1.202651 2.141711 1.090385
v 1.204244 2.123507 0.951583
v 1.253201 1.563922 1.166743
v 1.254794 1.545718 1.027941
v -1.204244 2.123507 0.951583
v -1.202652 2.141711 1.090384
v -1.254794 1.545718 1.027941
v -1.253202 1.563922 1.166742
v -1.125447 2.134956 1.090385
v -1.127039 2.116752 0.951583
v -1.175997 1.557168 1.166742
v -1.177590 1.538964 1.027941
v -1.262496 1.148592 1.524643
v -1.262496 0.994656 1.435769
v -1.262495 1.344842 1.184729
v -1.262496 1.190906 1.095855
v 1.262496 0.994656 1.435769
v 1.262496 1.148592 1.524643
v 1.262496 1.190906 1.095855
v 1.262496 1.344842 1.184729
v -1.262496 0.745952 1.264643
v -1.262496 1.137708 1.514218
v -1.262496 0.621030 1.460731
v -1.262496 1.012786 1.710306
v 1.262496 1.137708 1.514218
v 1.262496 0.745952 1.264644
v 1.262496 1.012786 1.710306
v 1.262496 0.621030 1.460731
v 0.363749 1.195178 1.012638
v 0.363749 1.195178 0.953889
v 0.363749 1.600178 1.012638
v 0.363749 1.600178 0.953889
v 1.178746 1.195178 0.953888
v 1.178746 1.195178 1.012638
v 1.178746 1.600178 0.953888
v 1.178746 1.600178 1.012638
v -1.223746 1.035964 -1.094882
v -1.223746 0.737308 -0.861547
v -1.223746 0.966702 -1.183532
v -1.223746 0.668046 -0.950198
v 1.198746 0.737308 -0.861547
v 1.198746 1.035964 -1.094882
v 1.198746 0.668046 -0.950198
v 1.198745 0.966702 -1.183532
v -0.356249 1.060178 1.120138
v -0.356249 1.060178 0.967639
v -0.356249 1.555178 1.120138
v -0.356249 1.555178 0.967639
v 0.363749 1.060178 0.967638
v 0.363749 1.060178 1.120138
v 0.363749 1.555178 0.967638
v 0.363749 1.555178 1.120138
v -0.248897 1.060178 0.970571
v -0.129309 1.060178 0.681860
v -0.248897 1.305178 0.970571
v -0.129309 1.305178 0.681860
v 0.304913 1.060178 0.861720
v 0.185324 1.060178 1.150432
v 0.304913 1.305178 0.861720
v 0.185324 1.305178 1.150432
v -1.199016 1.510448 -1.184124
v -1.199016 1.510448 -1.084584
v -1.199016 0.969908 -1.184124
v -1.199016 0.969908 -1.084584
v -0.710977 1.510448 -1.084584
v -0.710977 1.510448 -1.184124
v -0.710977 0.969908 -1.084584
v -0.710977 0.969908 -1.184124
v -1.205221 1.510403 -1.085880
v -1.205221 1.194953 -1.085880
v -0.723522 1.510403 -1.085879
v -0.723522 1.194953 -1.085879
v -1.266246 1.070178 1.210138
v -1.266245 1.070178 1.012638
v -1.266246 1.662678 1.210138
v -1.266245 1.662678 1.012638
v 1.261246 1.070178 1.012638
v 1.261245 1.070178 1.210138
v 1.261246 1.662678 1.012638
v 1.261245 1.662678 1.210138
v -1.204996 0.566355 -0.668431
v -1.204996 0.669816 -0.952687
v -1.204996 0.663613 -0.633032
v -1.204995 0.767074 -0.917288
v 1.198746 0.669816 -0.952687
v 1.198746 0.566355 -0.668431
v 1.198746 0.767074 -0.917288
v 1.198746 0.663613 -0.633032
v -1.166246 0.655178 1.345138
v -1.166246 0.655178 1.210138
v -1.166246 1.195178 1.345137
v -1.166246 1.195178 1.210138
v 1.173746 0.655178 1.210138
v 1.173746 0.655178 1.345137
v 1.173746 1.195178 1.210138
v 1.173746 1.195178 1.345137
v -0.761247 1.060178 -1.084854
v -0.761247 0.880178 -1.084854
v 0.768747 1.060178 -1.084854
v 0.768747 0.880178 -1.084854
v -1.263620 1.011660 1.711431
v -1.263621 1.011660 1.124003
v -1.263620 1.149091 1.711431
v -1.263621 1.149091 1.124003
v 1.263870 1.011660 1.124003
v 1.263870 1.011660 1.711431
v 1.263870 1.149091 1.124003
v 1.263870 1.149091 1.711431
v -0.401249 1.060178 -1.084854
v -0.401249 1.060178 1.525137
v -0.401249 0.655178 -1.084854
v -0.401249 0.655178 1.525137
v 0.408749 1.060178 1.525137
v 0.408749 1.060178 -1.084854
v 0.408749 0.655178 1.525137
v 0.408749 0.655178 -1.084854
v -0.039878 2.174852 1.026307
v -0.040390 2.180703 1.070922
v -0.040367 1.522934 1.111801
v -0.040878 1.528786 1.156416
v 0.049604 2.180770 1.071946
v 0.050116 2.174919 1.027331
v 0.049115 1.528852 1.157439
v 0.049627 1.523001 1.112825
v -1.141086 2.198768 0.950548
v -1.141086 2.198768 1.095978
v -1.141086 2.108588 0.950548
v -1.141086 2.108588 1.095978
v 1.142836 2.198768 1.095978
v 1.142836 2.198768 0.950548
v 1.142836 2.108588 1.095978
v 1.142836 2.108588 0.950548
v 0.588748 1.217678 1.745636
v 0.588748 1.217678 2.663633
v 0.588748 0.785678 1.745636
v 0.588748 0.785678 2.663633
v 0.588748 1.217678 2.663633
v 0.588748 1.217678 1.745636
v 0.588748 0.785678 2.663633
v 0.588748 0.785678 1.745636
v -1.222496 1.919295 1.184400
v -1.222496 2.044219 1.188762
v -1.222496 1.910570 1.434247
v -1.222496 2.035494 1.438609
v -0.972497 2.044219 1.188762
v -0.972497 1.919295 1.184400
v -0.972497 2.035494 1.438609
v -0.972497 1.910570 1.434247
v 0.396249 1.510178 0.085142
v 0.396249 1.510178 0.175141
v 0.396249 0.835178 0.085142
v 0.396249 0.835178 0.175141
v 1.161246 1.510178 0.175141
v 1.161246 1.510178 0.085142
v 1.161246 0.835178 0.175141
v 1.161246 0.835178 0.085142
v 0.396249 0.835178 0.085142
v 0.396249 0.835178 0.715139
v 0.396249 0.655178 0.085142
v 0.396249 0.655178 0.715139
v 1.161246 0.835178 0.715139
v 1.161246 0.835178 0.085142
v 1.161246 0.655178 0.715139
v 1.161246 0.655178 0.085142
v -1.191246 1.168661 1.189456
v -1.191246 1.980666 1.217812
v -1.191246 1.162117 1.376841
v -1.191246 1.974122 1.405197
v -1.003746 1.980666 1.217812
v -1.003747 1.168661 1.189456
v -1.003746 1.974122 1.405197
v -1.003747 1.162117 1.376841
v -1.183746 2.149227 1.056353
v 1.236246 2.149227 1.056353
v -1.183746 1.579147 1.131405
v 1.236245 1.579147 1.131405
v 1.236246 2.149227 1.056353
v -1.183746 2.149227 1.056353
v 1.236245 1.579147 1.131405
v -1.183746 1.579147 1.131405
v 0.717280 1.387959 0.832437
v 0.717280 1.534119 0.892978
v 0.717280 0.967311 1.847966
v 0.717280 1.113471 1.908508
v 0.869383 1.534119 0.892978
v 0.869382 1.387959 0.832436
v 0.869382 1.113471 1.908508
v 0.869383 0.967311 1.847967
v 0.871795 1.417482 0.986118
v 0.861961 1.444637 0.991893
v 0.880010 1.412645 1.022857
v 0.870176 1.439800 1.028631
v 1.001502 1.500252 0.968012
v 1.011337 1.473097 0.962238
v 1.009717 1.495415 1.004750
v 1.019552 1.468260 0.998977
v -1.251246 1.555178 0.040142
v -1.251245 1.555178 0.085142
v -1.251246 0.790178 0.040142
v -1.251245 0.790178 0.085142
v -1.186246 1.555178 0.085141
v -1.186246 1.555178 0.040142
v -1.186246 0.790178 0.085142
v -1.186246 0.790178 0.040142
v 1.198746 1.555178 0.040142
v 1.198746 1.555178 0.085142
v 1.198746 0.790178 0.040142
v 1.198746 0.790178 0.085142
v 1.251246 1.555178 0.085142
v 1.251245 1.555178 0.040142
v 1.251246 0.790178 0.085142
v 1.251245 0.790178 0.040142
v -0.626248 0.961178 2.668133
v -0.626248 0.961178 2.776133
v -0.626248 0.574178 2.668133
v -0.626248 0.574178 2.776133
v 0.633748 0.961178 2.776132
v 0.633747 0.961178 2.668132
v 0.633748 0.574178 2.776132
v 0.633747 0.574178 2.668132
v -0.558748 0.741860 2.786593
v -0.558748 0.755131 2.798752
v -0.558748 0.693218 2.839676
v -0.558748 0.706489 2.851836
v -0.419248 0.755131 2.798752
v -0.419249 0.741860 2.786592
v -0.419249 0.706489 2.851836
v -0.419249 0.693218 2.839677
v -0.536248 0.826178 2.758132
v -0.536248 0.826178 2.821133
v -0.536248 0.664178 2.758132
v -0.536248 0.664178 2.821133
v -0.446249 0.826178 2.821132
v -0.446249 0.826178 2.758132
v -0.446249 0.664178 2.821132
v -0.446249 0.664178 2.758132
v 0.431248 0.741860 2.786591
v 0.431248 0.755131 2.798752
v 0.431248 0.693218 2.839675
v 0.431248 0.706489 2.851836
v 0.570748 0.755131 2.798752
v 0.570748 0.741860 2.786592
v 0.570748 0.706489 2.851836
v 0.570748 0.693218 2.839676
v -0.647748 2.315178 0.024642
v -0.647748 2.315178 0.559390
v -0.647748 2.241678 0.024642
v -0.647748 2.241678 0.559390
v -0.374749 2.315178 0.559390
v -0.374749 2.315178 0.024642
v -0.374749 2.241678 0.559390
v -0.374749 2.241678 0.024642
v 0.349749 2.315178 -0.537856
v 0.349749 2.315178 0.028142
v 0.349749 2.241678 -0.537856
v 0.349749 2.241678 0.028142
v 0.622748 2.315178 0.028142
v 0.622748 2.315178 -0.537856
v 0.622748 2.241678 0.028142
v 0.622748 2.241678 -0.537856
v -0.532248 2.316178 -0.606106
v -0.532248 2.316178 -0.369857
v -0.532248 2.242678 -0.606106
v -0.532248 2.242678 -0.369857
v 0.507248 2.316178 -0.369857
v 0.507248 2.316178 -0.606106
v 0.507248 2.242678 -0.369857
v 0.507248 2.242678 -0.606106
v -0.647748 2.315178 -0.537856
v -0.647748 2.315178 0.028142
v -0.647748 2.241678 -0.537856
v -0.647748 2.241678 0.028142
v -0.374749 2.315178 0.028142
v -0.374749 2.315178 -0.537856
v -0.374749 2.241678 0.028142
v -0.374749 2.241678 -0.537856
v -0.532248 2.316178 0.286391
v -0.532248 2.316178 0.627639
v -0.532248 2.242678 0.286391
v -0.532248 2.242678 0.627639
v 0.507248 2.316178 0.627640
v 0.507248 2.316178 0.286391
v 0.507248 2.242678 0.627640
v 0.507248 2.242678 0.286391
v 0.349749 2.315178 0.024642
v 0.349749 2.315178 0.559390
v 0.349749 2.241678 0.024642
v 0.349749 2.241678 0.559390
v 0.622748 2.315178 0.559390
v 0.622748 2.315178 0.024642
v 0.622748 2.241678 0.559390
v 0.622748 2.241678 0.024642
v -1.079751 0.661239 1.903135
v -1.079751 0.661239 2.301134
v -0.953752 0.443000 1.903136
v -0.953752 0.443000 2.301134
v -0.417244 1.043739 2.301134
v -0.417244 1.043739 1.903136
v -0.291244 0.825500 2.301134
v -0.291244 0.825500 1.903136
v 0.417244 1.043739 1.903136
v 0.417244 1.043739 2.301134
v 0.291244 0.825500 1.903135
v 0.291244 0.825500 2.301134
v 1.079751 0.661239 2.301134
v 1.079751 0.661239 1.903135
v 0.953751 0.443000 2.301134
v 0.953751 0.443000 1.903135
v 0.342054 2.335828 0.283488
v 0.342054 2.335828 -0.372762
v 0.342054 2.304328 0.283488
v 0.342054 2.304328 -0.372762
v -0.382446 2.335828 -0.372762
v -0.382446 2.335828 0.283488
v -0.382446 2.304328 -0.372762
v -0.382446 2.304328 0.283488
v -1.264995 1.513431 -2.220367
v -1.264995 1.513431 -1.032622
v -1.264995 1.195931 -2.220367
v -1.264995 1.195931 -1.032622
v -1.197496 1.513431 -1.032621
v -1.197495 1.513431 -2.220368
v -1.197496 1.195931 -1.032621
v -1.197495 1.195931 -2.220368
v -1.263746 1.340774 -1.213690
v -1.263746 1.217336 -1.374558
v -1.198476 1.340774 -1.213690
v -1.198476 1.217336 -1.374558
v -1.263120 1.511344 -1.035405
v -1.263121 1.478852 -1.124675
v -1.199371 1.511344 -1.035405
v -1.199371 1.478852 -1.124675
v -1.264353 1.395391 -1.137487
v -1.264352 1.298772 -1.263403
v -1.198138 1.395391 -1.137487
v -1.198138 1.298772 -1.263403
v 1.199371 1.511344 -1.035405
v 1.199371 1.478852 -1.124675
v 1.263120 1.511344 -1.035405
v 1.263121 1.478852 -1.124675
v 1.198138 1.395391 -1.137488
v 1.198138 1.298772 -1.263403
v 1.264353 1.395391 -1.137487
v 1.264353 1.298772 -1.263403
v 1.198476 1.340774 -1.213690
v 1.198476 1.217336 -1.374558
v 1.263745 1.340774 -1.213690
v 1.263745 1.217336 -1.374558
v 0.723123 1.512806 -2.503241
v 0.723122 1.512806 -2.209492
v 0.723123 0.926556 -2.503241
v 0.723122 0.926556 -2.209492
v 1.264371 1.512806 -2.209492
v 1.264370 1.512806 -2.503241
v 1.264371 0.926556 -2.209492
v 1.264370 0.926556 -2.503241
v 1.197496 1.513431 -2.220367
v 1.197496 1.513431 -1.032622
v 1.197496 1.195931 -2.220367
v 1.264995 1.513431 -1.032622
v 1.264996 1.513431 -2.220368
v 1.264996 1.195931 -2.220368
v -1.264371 1.512806 -2.503241
v -1.264370 1.512806 -2.209493
v -1.264371 0.926556 -2.503241
v -1.264370 0.926556 -2.209493
v -0.723123 1.512806 -2.209493
v -0.723122 1.512806 -2.503241
v -0.723123 0.926556 -2.209493
v -0.723122 0.926556 -2.503241
v 0.723748 1.512181 -2.502616
v 0.723747 1.512181 -2.435117
v 0.723748 0.927181 -2.502616
v 0.723747 0.927181 -2.435117
v 1.173746 1.512181 -2.435116
v 1.173746 1.512181 -2.502616
v 1.173746 0.927181 -2.435116
v 1.173746 0.927181 -2.502616
v 0.876747 1.291681 -2.547615
v 0.876747 1.291681 -2.435116
v 0.876747 1.066681 -2.547615
v 0.876747 1.066681 -2.435116
v 1.056746 1.291681 -2.435116
v 1.056746 1.291681 -2.547616
v 1.056746 1.066681 -2.435116
v 1.056746 1.066681 -2.547616
v -1.056746 1.291681 -2.547616
v -1.056746 1.291681 -2.435116
v -1.056746 1.066681 -2.547616
v -1.056746 1.066681 -2.435116
v -0.876747 1.291681 -2.435117
v -0.876747 1.291681 -2.547616
v -0.876747 1.066681 -2.435117
v -0.876747 1.066681 -2.547616
v 0.724683 1.197496 -2.236933
v 0.724682 1.197496 -1.112307
v 0.724683 1.061866 -2.236933
v 0.724682 1.061866 -1.112306
v 0.770312 1.197496 -1.112307
v 0.770312 1.197496 -2.236933
v 0.770312 1.061866 -1.112306
v 0.770312 1.061866 -2.236933
v 0.723522 1.512406 -2.213092
v 0.723522 1.512406 -1.086146
v 0.723522 1.196956 -2.213092
v 0.723522 1.196956 -1.086146
v 1.205221 1.512406 -1.086146
v 1.205221 1.512406 -2.213092
v 1.205221 1.196956 -1.086146
v 1.205221 1.196956 -2.213092
v 0.723477 1.512451 -1.184391
v 0.723477 1.512451 -1.084852
v 0.723477 0.971911 -1.184391
v 0.723477 0.971911 -1.084852
v 1.199016 1.512451 -1.084852
v 1.199016 1.512451 -1.184391
v 1.199016 0.971911 -1.084852
v 1.199016 0.971911 -1.184391
v -0.770312 1.197496 -2.236933
v -0.770312 1.197496 -1.112307
v -0.770312 1.061866 -2.236933
v -0.770312 1.061866 -1.112306
v -0.724682 1.197496 -1.112307
v -0.724682 1.197496 -2.236933
v -0.724682 1.061866 -1.112306
v -0.724682 1.061866 -2.236933
v -0.399999 0.823681 -2.529617
v -0.399999 0.616681 -2.529617
v 0.403749 0.823681 -2.529617
v 0.403749 0.616681 -2.529617
v -1.223746 1.037967 -1.095149
v -1.223746 0.968706 -1.183799
v 1.198745 1.037967 -1.095149
v 1.198746 0.968706 -1.183800
v -1.199016 1.512451 -1.184391
v -1.199016 1.512451 -1.084852
v -1.199016 0.971911 -1.184391
v -1.199016 0.971911 -1.084852
v -0.710978 1.512451 -1.084852
v -0.710977 1.512451 -1.184391
v -0.710978 0.971911 -1.084852
v -0.710977 0.971911 -1.184391
v -1.205221 1.512406 -2.213093
v -1.205221 1.512406 -1.086146
v -1.205221 1.196956 -2.213093
v -1.205221 1.196956 -1.086146
v -0.723523 1.512406 -1.086147
v -0.723522 1.512406 -2.213093
v -0.723523 1.196956 -1.086147
v -0.723522 1.196956 -2.213093
v -1.173746 1.512181 -2.502616
v -1.173745 1.512181 -2.435117
v -1.173746 0.927181 -2.502616
v -1.173745 0.927181 -2.435117
v -0.723748 1.512181 -2.435117
v -0.723748 1.512181 -2.502617
v -0.723748 0.927181 -2.435117
v -0.723748 0.927181 -2.502617
v -0.761247 1.062181 -2.435117
v -0.761247 1.062181 -1.085122
v -0.761247 0.882181 -2.435117
v -0.761247 0.882181 -1.085122
v 0.768747 1.062181 -1.085121
v 0.768747 1.062181 -2.435116
v 0.768747 0.882181 -1.085121
v 0.768747 0.882181 -2.435116
v -0.716248 1.017181 -2.502616
v -0.716247 1.017181 -2.412617
v -0.716248 0.927181 -2.502616
v -0.716247 0.927181 -2.412617
v 0.723747 1.017181 -2.412616
v 0.723748 1.017181 -2.502616
v 0.723747 0.927181 -2.412616
v 0.723748 0.927181 -2.502616
v -0.722498 1.512181 -2.516117
v -0.722498 1.512181 -2.448617
v -0.722498 1.017181 -2.516117
v -0.722498 1.017181 -2.448617
v 0.723748 1.512181 -2.448617
v 0.723748 1.512181 -2.516117
v 0.723748 1.017181 -2.448617
v 0.723748 1.017181 -2.516117
v 0.888747 0.781681 -2.537804
v 0.888747 0.781681 -2.475304
v 1.263746 0.781681 -2.475304
v 1.263745 0.781681 -2.537803
v -1.263745 0.781681 -2.537803
v -1.263746 0.781681 -2.475304
v -0.888747 0.781681 -2.475304
v -0.888747 0.781681 -2.537804
v -0.223749 0.953181 -2.651119
v -0.223749 0.953181 -2.606867
v -0.223749 0.791181 -2.651119
v -0.223749 0.791181 -2.606867
v 0.183749 0.953181 -2.606867
v 0.183749 0.953181 -2.651119
v 0.183749 0.791181 -2.606867
v 0.183749 0.791181 -2.651119
v -1.256245 0.971681 -2.556615
v -1.256246 0.971681 -2.489116
v -1.256245 0.781681 -2.556615
v -1.256246 0.781681 -2.489116
v 1.263746 0.971681 -2.489116
v 1.263745 0.971681 -2.556615
v 1.263746 0.781681 -2.489116
v 1.263745 0.781681 -2.556615
v 0.498748 0.953181 -2.606117
v 0.498749 0.953181 -2.543116
v 0.498748 0.791181 -2.606117
v 0.498749 0.791181 -2.543116
v 0.588748 0.953181 -2.543116
v 0.588748 0.953181 -2.606117
v 0.588748 0.791181 -2.543116
v 0.588748 0.791181 -2.606117
v -0.648748 0.882134 -2.583737
v -0.648748 0.868863 -2.571575
v -0.648748 0.833492 -2.636823
v -0.648748 0.820221 -2.624662
v -0.509248 0.868863 -2.571575
v -0.509248 0.882134 -2.583736
v -0.509248 0.820221 -2.624662
v -0.509249 0.833492 -2.636824
v -0.626248 0.953181 -2.606117
v -0.626248 0.953181 -2.543116
v -0.626248 0.791181 -2.606117
v -0.626248 0.791181 -2.543116
v -0.536249 0.953181 -2.543116
v -0.536248 0.953181 -2.606117
v -0.536249 0.791181 -2.543116
v -0.536248 0.791181 -2.606117
v 0.476248 0.882134 -2.583736
v 0.476248 0.868863 -2.571576
v 0.476248 0.833492 -2.636823
v 0.476248 0.820221 -2.624661
v 0.615748 0.868863 -2.571575
v 0.615748 0.882134 -2.583736
v 0.615748 0.820221 -2.624662
v 0.615748 0.833492 -2.636823
v -0.221250 0.953181 -2.606117
v -0.221249 0.953181 -2.543116
v -0.221250 0.791181 -2.606117
v -0.221249 0.791181 -2.543116
v 0.183750 0.953181 -2.543116
v 0.183750 0.953181 -2.606117
v 0.183750 0.791181 -2.543116
v 0.183750 0.791181 -2.606117
v 0.543748 1.467181 -2.538616
v 0.543748 1.467181 -2.516116
v 0.543748 1.017181 -2.538616
v 0.543748 1.017181 -2.516116
v 0.723748 1.467181 -2.516117
v 0.723748 1.467181 -2.538616
v 0.723748 1.017181 -2.516117
v 0.723748 1.017181 -2.538616
v -0.723747 1.467181 -2.538616
v -0.723747 1.467181 -2.516117
v -0.723747 1.017181 -2.538616
v -0.723747 1.017181 -2.516117
v -0.543748 1.467181 -2.516117
v -0.543748 1.467181 -2.538616
v -0.543748 1.017181 -2.516117
v -0.543748 1.017181 -2.538616
v -1.038747 1.273681 -2.565615
v -1.038746 1.273681 -2.498117
v -1.038747 1.174681 -2.565615
v -1.038746 1.174681 -2.498117
v -0.894747 1.273681 -2.498116
v -0.894747 1.273681 -2.565615
v -0.894747 1.174681 -2.498116
v -0.894747 1.174681 -2.565615
v 1.119746 1.183681 -2.520616
v 1.119745 1.183681 -2.498117
v 1.119746 1.084681 -2.520616
v 1.119745 1.084681 -2.498117
v 1.218745 1.183681 -2.498116
v 1.218746 1.183681 -2.520616
v 1.218745 1.084681 -2.498116
v 1.218746 1.084681 -2.520616
v 1.227746 1.075681 -2.448617
v 1.227747 1.075681 -2.300118
v 1.227746 1.030681 -2.448617
v 1.227747 1.030681 -2.300118
v 1.281746 1.075681 -2.300117
v 1.281746 1.075681 -2.448617
v 1.281746 1.030681 -2.300117
v 1.281746 1.030681 -2.448617
v 1.227746 1.210681 -2.448617
v 1.227745 1.210681 -2.345116
v 1.227746 1.120681 -2.448617
v 1.227745 1.120681 -2.345116
v 1.281745 1.210681 -2.345117
v 1.281746 1.210681 -2.448617
v 1.281745 1.120681 -2.345117
v 1.281746 1.120681 -2.448617
v 0.894747 1.273681 -2.565614
v 0.894747 1.273681 -2.498117
v 0.894747 1.174681 -2.565614
v 0.894747 1.174681 -2.498117
v 1.038746 1.273681 -2.498117
v 1.038746 1.273681 -2.565614
v 1.038746 1.174681 -2.498117
v 1.038746 1.174681 -2.565614
v -1.281746 1.075681 -2.448617
v -1.281746 1.075681 -2.300117
v -1.281746 1.030681 -2.448617
v -1.281746 1.030681 -2.300117
v -1.227746 1.075681 -2.300117
v -1.227746 1.075681 -2.448616
v -1.227746 1.030681 -2.300117
v -1.227746 1.030681 -2.448616
v -1.281746 1.210681 -2.448617
v -1.281746 1.210681 -2.345117
v -1.281746 1.120681 -2.448617
v -1.281746 1.120681 -2.345117
v -1.227746 1.210681 -2.345117
v -1.227746 1.210681 -2.448616
v -1.227746 1.120681 -2.345117
v -1.227746 1.120681 -2.448616
v -1.218746 1.183681 -2.520616
v -1.218746 1.183681 -2.498116
v -1.218746 1.084681 -2.520616
v -1.218746 1.084681 -2.498116
v -1.119745 1.183681 -2.498117
v -1.119746 1.183681 -2.520616
v -1.119745 1.084681 -2.498117
v -1.119746 1.084681 -2.520616
v 0.661248 2.234988 -2.523264
v 0.661248 2.234988 -2.448264
v 0.661248 1.519988 -2.523263
v 0.661248 1.519988 -2.448263
v 1.186247 2.234988 -2.448264
v 1.186246 2.234988 -2.523264
v 1.186247 1.519988 -2.448264
v 1.186246 1.519988 -2.523263
v -1.186246 2.234988 -2.523264
v -1.186246 2.234988 -2.448264
v -1.186246 1.519988 -2.523263
v -1.186246 1.519988 -2.448263
v -0.661247 2.234988 -2.448264
v -0.661248 2.234988 -2.523264
v -0.661247 1.519988 -2.448263
v -0.661248 1.519988 -2.523263
v -0.403748 2.063677 -2.540504
v -0.403748 2.063677 -2.446755
v -0.403748 1.642426 -2.540504
v -0.403748 1.642426 -2.446755
v 0.416248 2.063677 -2.446755
v 0.416249 2.063677 -2.540504
v 0.416248 1.642426 -2.446754
v 0.416249 1.642426 -2.540504
v -0.716248 2.201176 -2.528005
v -0.716247 2.201176 -2.453005
v -0.716248 1.517426 -2.528005
v -0.716247 1.517426 -2.453005
v 0.728747 2.201176 -2.453005
v 0.728747 2.201176 -2.528006
v 0.728747 1.517426 -2.453005
v 0.728747 1.517426 -2.528006
v -1.178496 2.244431 -2.527118
v -1.178496 2.244431 -1.089622
v -1.178496 2.200681 -2.527118
v -1.178496 2.200681 -1.089622
v 1.173996 2.244431 -1.089621
v 1.173996 2.244431 -2.527118
v 1.173996 2.200681 -1.089621
v 1.173996 2.200681 -2.527118
v -1.178780 2.246633 -2.524617
v -1.178780 2.246633 -1.085871
v -1.235703 2.109205 -2.524617
v -1.235703 2.109206 -1.085872
v -1.117573 2.221280 -1.085872
v -1.117573 2.221280 -2.524617
v -1.174497 2.083853 -1.085872
v -1.174497 2.083853 -2.524617
v -1.235703 2.109205 -2.524617
v -1.235703 2.109205 -1.023372
v -1.263456 1.473561 -2.524616
v -1.263456 1.473561 -1.023372
v -1.144541 2.105225 -1.023372
v -1.144541 2.105225 -2.524617
v -1.172294 1.469581 -1.023372
v -1.172293 1.469580 -2.524617
v 1.117573 2.221280 -2.524617
v 1.117573 2.221280 -1.085871
v 1.174497 2.083853 -2.524617
v 1.174497 2.083853 -1.085871
v 1.178780 2.246633 -1.085872
v 1.178780 2.246633 -2.524617
v 1.235704 2.109206 -1.085872
v 1.235704 2.109205 -2.524617
v 1.144541 2.105225 -2.524617
v 1.144540 2.105225 -1.023372
v 1.172293 1.469580 -2.524617
v 1.172293 1.469581 -1.023372
v 1.235703 2.109205 -1.023372
v 1.235704 2.109205 -2.524617
v 1.263456 1.473561 -1.023372
v 1.263457 1.473561 -2.524617
v 0.592280 1.277410 0.772686
v 0.592281 1.654540 0.928897
v 0.592280 1.277410 0.772686
v 0.592281 1.654540 0.928897
v 0.994382 1.654540 0.928897
v 0.994382 1.277410 0.772686
v 0.994382 1.654540 0.928897
v 0.994382 1.277410 0.772686
v 0.547397 1.313126 0.768377
v 0.547397 1.656444 0.910584
v 0.547397 1.289732 0.824854
v 0.547397 1.633051 0.967061
v 0.593667 1.656444 0.910584
v 0.593667 1.313126 0.768377
v 0.593667 1.633051 0.967061
v 0.593667 1.289732 0.824854
v 0.593668 1.265627 0.748703
v 0.593668 1.314456 0.768928
v 0.593668 1.242234 0.805180
v 0.593668 1.291062 0.825405
v 0.999821 1.314456 0.768928
v 0.999821 1.265627 0.748703
v 0.999821 1.291062 0.825405
v 0.999821 1.242234 0.805180
v 0.999821 1.313126 0.768377
v 0.999821 1.656444 0.910584
v 0.999821 1.289732 0.824854
v 0.999821 1.633051 0.967061
v 1.046091 1.656444 0.910584
v 1.046091 1.313126 0.768377
v 1.046091 1.633051 0.967061
v 1.046091 1.289732 0.824854
v 0.593668 1.656444 0.910584
v 0.593668 1.703943 0.930259
v 0.593668 1.633051 0.967061
v 0.593668 1.680549 0.986736
v 0.999821 1.703943 0.930258
v 0.999821 1.656444 0.910584
v 0.999821 1.680549 0.986736
v 0.999821 1.633051 0.967061
vn -0.0000 -0.0000 1.0000
vn -1.0000 -0.0000 -0.0000
vn -0.0000 -0.0000 -1.0000
vn 1.0000 -0.0000 -0.0000
vn -0.0000 1.0000 -0.0000
vn -0.0000 -1.0000 -0.0000
vn -0.9962 -0.0872 -0.0000
vn 0.9962 0.0872 -0.0000
vn -0.0871 0.9962 -0.0000
vn 0.0872 -0.9962 -0.0000
vn -0.0872 0.9962 -0.0000
vn 0.0871 -0.9962 -0.0000
vn -0.0114 0.1300 0.9914
vn 0.0114 -0.1300 -0.9914
vn -0.0864 0.9877 -0.1305
vn 0.0864 -0.9877 0.1305
vn -0.0000 -0.3420 0.9397
vn -0.0000 0.3420 -0.9397
vn -0.0000 0.9397 0.3420
vn -0.0000 -0.9397 -0.3420
vn 0.0159 -0.1815 0.9833
vn -0.0159 0.1815 -0.9833
vn -0.0857 0.9795 0.1822
vn 0.0857 -0.9795 -0.1822
vn -0.9976 -0.0698 -0.0000
vn 0.9976 0.0698 -0.0000
vn -0.0698 0.9976 -0.0000
vn 0.0698 -0.9976 -0.0000
vn -0.9954 -0.0958 -0.0000
vn 0.9954 0.0958 -0.0000
vn -0.0958 0.9954 -0.0000
vn 0.0959 -0.9954 -0.0000
vn -0.0000 -0.9397 0.3420
vn -0.0000 0.9397 -0.3420
vn -0.0000 0.3420 0.9397
vn -0.0000 -0.3420 -0.9397
vn -0.0000 0.1305 0.9914
vn -0.0000 -0.1305 -0.9914
vn -0.0000 0.9914 -0.1305
vn -0.0000 -0.9914 0.1305
vn -0.9962 0.0872 -0.0000
vn 0.9962 -0.0872 -0.0000
vn 0.0872 0.9962 -0.0000
vn -0.0872 -0.9962 -0.0000
vn -0.0871 -0.9962 -0.0000
vn 0.0871 0.9962 -0.0000
vn 0.0114 0.1300 0.9914
vn -0.0114 -0.1300 -0.9914
vn 0.0864 0.9877 -0.1305
vn -0.0864 -0.9877 0.1305
vn -0.0159 -0.1815 0.9833
vn 0.0159 0.1815 -0.9833
vn 0.0857 0.9795 0.1822
vn -0.0857 -0.9795 -0.1822
vn -0.9976 0.0698 -0.0000
vn 0.9976 -0.0698 -0.0000
vn 0.0698 0.9976 -0.0000
vn -0.0698 -0.9976 -0.0000
vn -0.9954 0.0958 -0.0000
vn 0.9954 -0.0959 -0.0000
vn 0.0958 0.9954 -0.0000
vn -0.0959 -0.9954 -0.0000
vn -0.0023 0.7382 0.6746
vn -0.0024 0.7382 0.6745
vn -0.0026 0.7382 0.6746
vn 0.0106 0.7051 -0.7091
vn 0.0105 0.7051 -0.7091
vn 0.0107 0.7051 -0.7090
vn -0.0000 0.9803 0.1977
vn -0.0000 0.9951 0.0994
vn -0.0000 -0.9951 -0.0994
vn -0.0000 -0.9803 -0.1977
vn -0.0000 0.1736 0.9848
vn -0.0000 -0.1736 -0.9848
vn -0.0000 0.9848 -0.1736
vn -0.0000 -0.9848 0.1736
vn -0.0000 -0.2588 0.9659
vn -0.0000 0.2588 -0.9659
vn -0.0000 0.9659 0.2588
vn -0.0000 -0.9659 -0.2588
vn 0.0001 -0.0000 -1.0000
vn -0.0000 0.8660 0.5000
vn -0.0000 -0.8660 -0.5000
vn -0.0000 0.5000 -0.8660
vn -0.0000 -0.5000 0.8660
vn -0.0000 0.9877 -0.1564
vn -0.0000 -0.9877 0.1564
vn -0.0000 -0.1564 -0.9877
vn -0.0000 0.1564 0.9877
vn 0.0028 0.9682 0.2503
vn -0.8869 -0.1133 0.4478
vn -0.0028 -0.9682 -0.2503
vn 0.8869 0.1133 -0.4478
vn -0.4619 0.2232 -0.8584
vn 0.4619 -0.2232 0.8584
vn -0.0000 0.9925 0.1219
vn -0.0000 -0.9925 -0.1219
vn -0.0000 0.1219 -0.9925
vn -0.0000 -0.1219 0.9925
vn -0.0028 0.9682 0.2503
vn -0.8869 0.1133 -0.4478
vn 0.0028 -0.9682 -0.2503
vn 0.8869 -0.1133 0.4478
vn 0.4619 0.2232 -0.8584
vn -0.4619 -0.2232 0.8584
vn -0.0000 0.9994 0.0349
vn -0.0000 -0.9994 -0.0349
vn -0.0000 0.0349 -0.9994
vn -0.0000 -0.0349 0.9994
vn -0.0000 0.7660 0.6428
vn -0.0000 -0.7660 -0.6428
vn -0.0000 0.6428 -0.7660
vn -0.0000 -0.6428 0.7660
vn -0.0000 0.9367 0.3502
vn -0.0000 -0.9367 -0.3502
vn -0.0000 0.3502 -0.9367
vn -0.0000 -0.3502 0.9367
vn -0.0000 0.9990 0.0436
vn -0.0000 -0.9990 -0.0436
vn -0.0000 0.0436 -0.9990
vn -0.0000 -0.0436 0.9990
vn -0.9239 -0.3827 -0.0000
vn 0.9239 0.3827 -0.0000
vn -0.3827 0.9239 -0.0000
vn 0.3827 -0.9239 -0.0000
vn -0.9239 0.3827 -0.0000
vn 0.9239 -0.3827 -0.0000
vn 0.3827 0.9239 -0.0000
vn -0.3827 -0.9239 -0.0000
vn -0.0000 0.2840 0.9588
vn -0.0000 -0.2840 -0.9588
vn -0.0000 0.9588 -0.2841
vn -0.0000 -0.9588 0.2840
vn -0.0000 0.6088 0.7934
vn -0.0000 -0.6088 -0.7934
vn -0.0000 0.7934 -0.6088
vn -0.0000 -0.7934 0.6088
vn -0.0000 0.3007 0.9537
vn -0.0000 -0.3007 -0.9537
vn -0.0000 0.9537 -0.3007
vn -0.0000 -0.9537 0.3007
vn -0.7934 0.6088 -0.0000
vn 0.7934 -0.6088 -0.0000
vn 0.6088 0.7933 -0.0000
vn -0.6088 -0.7934 -0.0000
vn 0.6088 0.7934 -0.0000
vn -0.0000 -0.1737 -0.9848
vn -0.0000 0.1737 0.9848
vn -0.0000 0.9848 -0.1737
vn -0.0000 -0.9848 0.1737
vn -1.0000 -0.0087 -0.0000
vn 1.0000 0.0087 -0.0000
vn -0.0087 1.0000 -0.0000
vn 0.0087 -1.0000 -0.0000
vn 0.0166 -0.1901 0.9816
vn -0.0166 0.1901 -0.9816
vn -0.0856 0.9779 0.1908
vn 0.0856 -0.9779 -0.1908
vn -0.0166 -0.1901 0.9816
vn 0.0166 0.1901 -0.9816
vn 0.0856 0.9779 0.1908
vn -0.0856 -0.9779 -0.1908
vn -0.0288 -0.1285 0.9913
vn 0.0864 0.9877 0.1305
vn 0.0226 0.2914 0.9563
vn -0.0226 0.2914 0.9563
vn 0.0288 -0.1285 0.9913
vn -0.9958 -0.0894 0.0173
vn -0.0288 0.1285 -0.9913
vn 0.9958 0.0894 -0.0173
vn -0.0864 0.9877 0.1305
vn 0.0864 -0.9877 -0.1305
vn -0.0000 0.7933 -0.6088
vn -0.0000 -0.7373 0.6756
vn -0.0000 0.7373 -0.6756
vn -0.0000 0.6756 0.7373
vn -0.0000 -0.6756 -0.7373
vn -0.0000 0.8434 0.5373
vn -0.0000 -0.8434 -0.5373
vn -0.0000 0.5373 -0.8434
vn -0.0000 -0.5373 0.8434
vn -0.0000 -0.7880 0.6157
vn -0.0000 0.7880 -0.6157
vn -0.0000 0.6157 0.7880
vn -0.0000 -0.6157 -0.7880
vn 0.3827 -0.0000 -0.9239
vn -0.9239 -0.0000 -0.3827
vn -0.3827 -0.0000 0.9239
vn 0.9239 -0.0000 0.3827
vn -0.9999 -0.0007 -0.0114
vn 0.9999 0.0007 0.0114
vn 0.0007 0.9915 -0.1300
vn -0.0007 -0.9915 0.1300
vn -0.0000 -0.0000 -0.0000
vn -0.0000 -0.1283 0.9917
vn -0.0000 0.0436 0.9990
vn -0.0000 0.0436 0.9991
vn -0.0000 0.9239 0.3827
vn -0.0000 -0.9239 -0.3827
vn -0.0000 0.3827 -0.9239
vn -0.0000 -0.3827 0.9239
vn -0.3339 0.9220 0.1961
vn -0.9174 -0.3656 0.1570
vn 0.3339 -0.9220 -0.1960
vn 0.9174 0.3657 -0.1570
vn -0.2164 0.1274 -0.9679
vn 0.2164 -0.1274 0.9679
vn -0.0000 0.7373 0.6756
vn -0.0000 -0.7373 -0.6756
vn -0.0000 0.6756 -0.7373
vn -0.0000 -0.6756 0.7373
vn -0.8660 -0.5000 -0.0000
vn 0.8660 0.5000 -0.0000
vn -0.5000 0.8660 -0.0000
vn 0.5000 -0.8660 -0.0000
vn -0.8660 0.5000 -0.0000
vn 0.8660 -0.5000 -0.0000
vn 0.5000 0.8660 -0.0000
vn -0.5000 -0.8660 -0.0000
vn -0.9990 0.0436 -0.0000
vn 0.9990 -0.0436 -0.0000
vn 0.0436 0.9990 -0.0000
vn -0.0436 -0.9990 -0.0000
vn -0.9990 -0.0436 -0.0000
vn 0.9990 0.0436 -0.0000
vn -0.0436 0.9990 -0.0000
vn 0.0436 -0.9990 -0.0000
vn -0.0000 -0.1297 0.9916
vn -0.0000 0.3350 0.9422
vn -0.0000 0.3349 0.9422
vt 0.703125 0.582031
vt 0.705078 0.582031
vt 0.705078 0.585938
vt 0.703125 0.585938
vt 0.611328 0.464844
vt 0.615234 0.464844
vt 0.615234 0.468750
vt 0.611328 0.468750
vt 0.464844 0.292969
vt 0.466797 0.292969
vt 0.466797 0.296875
vt 0.464844 0.296875
vt 0.455078 0.375000
vt 0.458984 0.375000
vt 0.458984 0.378906
vt 0.455078 0.378906
vt 0.468750 0.296875
vt 0.468750 0.292969
vt 0.705078 0.503906
vt 0.703125 0.503906
vt 0.703125 0.507812
vt 0.705078 0.507812
vt 0.144531 0.400391
vt 0.146484 0.400391
vt 0.146484 0.402344
vt 0.144531 0.402344
vt 0.501953 0.832031
vt 0.521484 0.832031
vt 0.521484 0.833984
vt 0.501953 0.833984
vt 0.623047 0.373047
vt 0.625000 0.373047
vt 0.625000 0.375000
vt 0.623047 0.375000
vt 0.255859 0.437500
vt 0.275391 0.437500
vt 0.275391 0.439453
vt 0.255859 0.439453
vt 0.552734 0.986328
vt 0.550781 0.986328
vt 0.550781 0.966797
vt 0.552734 0.966797
vt 0.058594 0.292969
vt 0.056641 0.292969
vt 0.056641 0.312500
vt 0.058594 0.312500
vt 0.490234 0.851562
vt 0.501953 0.851562
vt 0.501953 0.853516
vt 0.490234 0.853516
vt 0.552734 0.552734
vt 0.554688 0.552734
vt 0.554688 0.554688
vt 0.552734 0.554688
vt 0.205078 0.416016
vt 0.216797 0.416016
vt 0.216797 0.417969
vt 0.205078 0.417969
vt 0.103516 0.427734
vt 0.105469 0.427734
vt 0.105469 0.429688
vt 0.103516 0.429688
vt 0.609375 0.519531
vt 0.597656 0.519531
vt 0.597656 0.517578
vt 0.609375 0.517578
vt 0.205078 0.386719
vt 0.193359 0.386719
vt 0.193359 0.388672
vt 0.205078 0.388672
vt 0.078125 0.371094
vt 0.080078 0.371094
vt 0.080078 0.384766
vt 0.078125 0.384766
vt 0.597656 0.763672
vt 0.619141 0.763672
vt 0.619141 0.777344
vt 0.597656 0.777344
vt 0.009766 0.337891
vt 0.011719 0.337891
vt 0.011719 0.351562
vt 0.009766 0.351562
vt 0.242188 0.388672
vt 0.263672 0.388672
vt 0.263672 0.402344
vt 0.242188 0.402344
vt 0.294922 0.470703
vt 0.292969 0.470703
vt 0.292969 0.449219
vt 0.294922 0.449219
vt 0.640625 0.294922
vt 0.638672 0.294922
vt 0.638672 0.316406
vt 0.640625 0.316406
vt 0.400391 0.468750
vt 0.402344 0.468750
vt 0.402344 0.486328
vt 0.400391 0.486328
vt 0.021484 0.429688
vt 0.023438 0.429688
vt 0.023438 0.447266
vt 0.021484 0.447266
vt 0.121094 0.294922
vt 0.123047 0.294922
vt 0.123047 0.312500
vt 0.121094 0.312500
vt 0.125000 0.294922
vt 0.125000 0.312500
vt 0.576172 0.912109
vt 0.574219 0.912109
vt 0.574219 0.910156
vt 0.576172 0.910156
vt 0.582031 0.701172
vt 0.580078 0.701172
vt 0.580078 0.703125
vt 0.582031 0.703125
vt 0.126953 0.294922
vt 0.126953 0.312500
vt 0.255859 0.558594
vt 0.263672 0.558594
vt 0.263672 0.576172
vt 0.255859 0.576172
vt 0.148438 0.294922
vt 0.150391 0.294922
vt 0.150391 0.312500
vt 0.148438 0.312500
vt 0.078125 0.339844
vt 0.085938 0.339844
vt 0.085938 0.357422
vt 0.078125 0.357422
vt 0.308594 0.486328
vt 0.306641 0.486328
vt 0.306641 0.478516
vt 0.308594 0.478516
vt 0.136719 0.433594
vt 0.134766 0.433594
vt 0.134766 0.441406
vt 0.136719 0.441406
vt 0.689453 0.693359
vt 0.691406 0.693359
vt 0.691406 0.707031
vt 0.689453 0.707031
vt 0.429688 0.906250
vt 0.433594 0.906250
vt 0.433594 0.919922
vt 0.429688 0.919922
vt 0.498047 0.296875
vt 0.500000 0.296875
vt 0.500000 0.310547
vt 0.498047 0.310547
vt 0.476562 0.394531
vt 0.480469 0.394531
vt 0.480469 0.408203
vt 0.476562 0.408203
vt 0.599609 0.941406
vt 0.597656 0.941406
vt 0.597656 0.937500
vt 0.599609 0.937500
vt 0.193359 0.369141
vt 0.191406 0.369141
vt 0.191406 0.373047
vt 0.193359 0.373047
vt 0.189453 0.355469
vt 0.191406 0.355469
vt 0.191406 0.359375
vt 0.189453 0.359375
vt 0.484375 0.605469
vt 0.505859 0.605469
vt 0.505859 0.609375
vt 0.484375 0.609375
vt 0.484375 0.355469
vt 0.486328 0.355469
vt 0.486328 0.359375
vt 0.484375 0.359375
vt 0.673828 0.988281
vt 0.695312 0.988281
vt 0.695312 0.992188
vt 0.673828 0.992188
vt 0.642578 0.316406
vt 0.642578 0.294922
vt 0.685547 0.302734
vt 0.683594 0.302734
vt 0.683594 0.324219
vt 0.685547 0.324219
vt 0.548828 0.833984
vt 0.550781 0.833984
vt 0.550781 0.853516
vt 0.548828 0.853516
vt 0.011719 0.302734
vt 0.015625 0.302734
vt 0.015625 0.322266
vt 0.011719 0.322266
vt 0.548828 0.611328
vt 0.550781 0.611328
vt 0.550781 0.630859
vt 0.548828 0.630859
vt 0.357422 0.302734
vt 0.361328 0.302734
vt 0.361328 0.322266
vt 0.357422 0.322266
vt 0.648438 0.953125
vt 0.646484 0.953125
vt 0.646484 0.949219
vt 0.648438 0.949219
vt 0.658203 0.867188
vt 0.656250 0.867188
vt 0.656250 0.871094
vt 0.658203 0.871094
vt 0.664062 0.734375
vt 0.666016 0.734375
vt 0.666016 0.738281
vt 0.664062 0.738281
vt 0.673828 0.941406
vt 0.695312 0.941406
vt 0.695312 0.945312
vt 0.673828 0.945312
vt 0.601562 0.332031
vt 0.603516 0.332031
vt 0.603516 0.335938
vt 0.601562 0.335938
vt 0.673828 0.427734
vt 0.695312 0.427734
vt 0.695312 0.431641
vt 0.673828 0.431641
vt 0.222656 0.314453
vt 0.220703 0.314453
vt 0.220703 0.292969
vt 0.222656 0.292969
vt 0.224609 0.292969
vt 0.224609 0.314453
vt 0.646484 0.871094
vt 0.658203 0.873047
vt 0.646484 0.873047
vt 0.277344 0.416016
vt 0.279297 0.416016
vt 0.279297 0.417969
vt 0.277344 0.417969
vt 0.656250 0.537109
vt 0.667969 0.537109
vt 0.667969 0.539062
vt 0.656250 0.539062
vt 0.595703 0.531250
vt 0.597656 0.531250
vt 0.597656 0.533203
vt 0.595703 0.533203
vt 0.701172 0.587891
vt 0.689453 0.587891
vt 0.689453 0.585938
vt 0.701172 0.585938
vt 0.701172 0.576172
vt 0.689453 0.576172
vt 0.689453 0.578125
vt 0.701172 0.578125
vt 0.501953 0.296875
vt 0.501953 0.310547
vt 0.681641 0.361328
vt 0.685547 0.361328
vt 0.685547 0.375000
vt 0.681641 0.375000
vt 0.503906 0.296875
vt 0.503906 0.310547
vt 0.683594 0.949219
vt 0.687500 0.949219
vt 0.687500 0.962891
vt 0.683594 0.962891
vt 0.669922 0.796875
vt 0.667969 0.796875
vt 0.667969 0.792969
vt 0.669922 0.792969
vt 0.671875 0.703125
vt 0.669922 0.703125
vt 0.669922 0.707031
vt 0.671875 0.707031
vt 0.279297 0.542969
vt 0.287109 0.542969
vt 0.287109 0.554688
vt 0.279297 0.554688
vt 0.166016 0.615234
vt 0.167969 0.615234
vt 0.167969 0.626953
vt 0.166016 0.626953
vt 0.287109 0.318359
vt 0.294922 0.318359
vt 0.294922 0.330078
vt 0.287109 0.330078
vt 0.289062 0.542969
vt 0.289062 0.554688
vt 0.193359 0.464844
vt 0.185547 0.464844
vt 0.185547 0.462891
vt 0.193359 0.462891
vt 0.103516 0.453125
vt 0.095703 0.453125
vt 0.095703 0.455078
vt 0.103516 0.455078
vt 0.525391 0.292969
vt 0.527344 0.292969
vt 0.527344 0.316406
vt 0.525391 0.316406
vt 0.162109 0.464844
vt 0.193359 0.488281
vt 0.162109 0.488281
vt 0.529297 0.292969
vt 0.529297 0.316406
vt 0.224609 0.462891
vt 0.224609 0.486328
vt 0.193359 0.486328
vt 0.587891 0.320312
vt 0.585938 0.320312
vt 0.585938 0.289062
vt 0.587891 0.289062
vt 0.589844 0.289062
vt 0.589844 0.320312
vt 0.703125 0.896484
vt 0.705078 0.896484
vt 0.705078 0.900391
vt 0.703125 0.900391
vt 0.275391 0.470703
vt 0.279297 0.470703
vt 0.279297 0.474609
vt 0.275391 0.474609
vt 0.703125 0.826172
vt 0.705078 0.826172
vt 0.705078 0.830078
vt 0.703125 0.830078
vt 0.015625 0.384766
vt 0.019531 0.384766
vt 0.019531 0.388672
vt 0.015625 0.388672
vt 0.705078 0.789062
vt 0.703125 0.789062
vt 0.703125 0.785156
vt 0.705078 0.785156
vt 0.705078 0.718750
vt 0.703125 0.718750
vt 0.703125 0.722656
vt 0.705078 0.722656
vt 0.566406 0.335938
vt 0.568359 0.335938
vt 0.568359 0.337891
vt 0.566406 0.337891
vt 0.466797 0.441406
vt 0.472656 0.441406
vt 0.472656 0.443359
vt 0.466797 0.443359
vt 0.037109 0.333984
vt 0.039062 0.333984
vt 0.039062 0.335938
vt 0.037109 0.335938
vt 0.599609 0.650391
vt 0.605469 0.650391
vt 0.605469 0.652344
vt 0.599609 0.652344
vt 0.148438 0.761719
vt 0.146484 0.761719
vt 0.146484 0.755859
vt 0.148438 0.755859
vt 0.322266 0.728516
vt 0.320312 0.728516
vt 0.320312 0.734375
vt 0.322266 0.734375
vt 0.636719 0.693359
vt 0.638672 0.693359
vt 0.638672 0.703125
vt 0.636719 0.703125
vt 0.339844 0.541016
vt 0.347656 0.541016
vt 0.347656 0.550781
vt 0.339844 0.550781
vt 0.568359 0.345703
vt 0.570312 0.345703
vt 0.570312 0.355469
vt 0.568359 0.355469
vt 0.332031 0.468750
vt 0.339844 0.468750
vt 0.339844 0.478516
vt 0.332031 0.478516
vt 0.404297 0.341797
vt 0.402344 0.341797
vt 0.402344 0.333984
vt 0.404297 0.333984
vt 0.462891 0.333984
vt 0.460938 0.333984
vt 0.460938 0.341797
vt 0.462891 0.341797
vt 0.505859 0.296875
vt 0.505859 0.310547
vt 0.683594 0.927734
vt 0.687500 0.927734
vt 0.687500 0.941406
vt 0.683594 0.941406
vt 0.558594 0.296875
vt 0.560547 0.296875
vt 0.560547 0.310547
vt 0.558594 0.310547
vt 0.089844 0.302734
vt 0.093750 0.302734
vt 0.093750 0.316406
vt 0.089844 0.316406
vt 0.498047 0.292969
vt 0.500000 0.292969
vt 0.501953 0.292969
vt 0.503906 0.292969
vt 0.677734 0.890625
vt 0.699219 0.890625
vt 0.699219 0.894531
vt 0.677734 0.894531
vt 0.703125 0.494141
vt 0.705078 0.494141
vt 0.705078 0.498047
vt 0.703125 0.498047
vt 0.677734 0.716797
vt 0.699219 0.716797
vt 0.699219 0.720703
vt 0.677734 0.720703
vt 0.226562 0.314453
vt 0.226562 0.292969
vt 0.251953 0.292969
vt 0.250000 0.292969
vt 0.250000 0.314453
vt 0.251953 0.314453
vt 0.392578 0.769531
vt 0.394531 0.769531
vt 0.394531 0.779297
vt 0.392578 0.779297
vt 0.220703 0.376953
vt 0.226562 0.376953
vt 0.226562 0.386719
vt 0.220703 0.386719
vt 0.080078 0.412109
vt 0.082031 0.412109
vt 0.082031 0.421875
vt 0.080078 0.421875
vt 0.505859 0.308594
vt 0.511719 0.308594
vt 0.511719 0.318359
vt 0.505859 0.318359
vt 0.396484 0.740234
vt 0.394531 0.740234
vt 0.394531 0.734375
vt 0.396484 0.734375
vt 0.433594 0.462891
vt 0.431641 0.462891
vt 0.431641 0.468750
vt 0.433594 0.468750
vt 0.562500 0.296875
vt 0.562500 0.310547
vt 0.619141 0.519531
vt 0.619141 0.533203
vt 0.564453 0.296875
vt 0.564453 0.310547
vt 0.599609 0.927734
vt 0.621094 0.927734
vt 0.621094 0.941406
vt 0.253906 0.314453
vt 0.253906 0.292969
vt 0.255859 0.292969
vt 0.255859 0.314453
vt 0.060547 0.292969
vt 0.060547 0.312500
vt 0.468750 0.302734
vt 0.472656 0.302734
vt 0.472656 0.322266
vt 0.468750 0.322266
vt 0.062500 0.292969
vt 0.062500 0.312500
vt 0.015625 0.300781
vt 0.019531 0.300781
vt 0.019531 0.320312
vt 0.015625 0.320312
vt 0.505859 0.292969
vt 0.507812 0.292969
vt 0.507812 0.296875
vt 0.341797 0.378906
vt 0.343750 0.378906
vt 0.343750 0.388672
vt 0.341797 0.388672
vt 0.517578 0.308594
vt 0.517578 0.318359
vt 0.613281 0.587891
vt 0.615234 0.587891
vt 0.615234 0.597656
vt 0.613281 0.597656
vt 0.681641 0.439453
vt 0.687500 0.439453
vt 0.687500 0.449219
vt 0.681641 0.449219
vt 0.550781 0.593750
vt 0.548828 0.593750
vt 0.548828 0.587891
vt 0.550781 0.587891
vt 0.378906 0.416016
vt 0.376953 0.416016
vt 0.376953 0.421875
vt 0.378906 0.421875
vt 0.666016 0.824219
vt 0.667969 0.824219
vt 0.667969 0.826172
vt 0.666016 0.826172
vt 0.685547 0.777344
vt 0.705078 0.777344
vt 0.705078 0.779297
vt 0.685547 0.779297
vt 0.289062 0.330078
vt 0.289062 0.332031
vt 0.287109 0.332031
vt 0.685547 0.775391
vt 0.705078 0.775391
vt 0.064453 0.312500
vt 0.064453 0.292969
vt 0.066406 0.292969
vt 0.066406 0.312500
vt 0.515625 0.292969
vt 0.517578 0.292969
vt 0.517578 0.296875
vt 0.515625 0.296875
vt 0.677734 0.687500
vt 0.699219 0.687500
vt 0.699219 0.691406
vt 0.677734 0.691406
vt 0.703125 0.480469
vt 0.705078 0.480469
vt 0.705078 0.484375
vt 0.703125 0.484375
vt 0.677734 0.683594
vt 0.699219 0.683594
vt 0.257812 0.314453
vt 0.257812 0.292969
vt 0.259766 0.292969
vt 0.259766 0.314453
vt 0.689453 0.371094
vt 0.691406 0.371094
vt 0.691406 0.384766
vt 0.689453 0.384766
vt 0.097656 0.302734
vt 0.097656 0.316406
vt 0.689453 0.310547
vt 0.691406 0.310547
vt 0.691406 0.324219
vt 0.689453 0.324219
vt 0.683594 0.873047
vt 0.687500 0.873047
vt 0.687500 0.886719
vt 0.683594 0.886719
vt 0.703125 0.476562
vt 0.705078 0.476562
vt 0.705078 0.462891
vt 0.703125 0.462891
vt 0.703125 0.466797
vt 0.705078 0.466797
vt 0.152344 0.294922
vt 0.152344 0.312500
vt 0.062500 0.572266
vt 0.068359 0.572266
vt 0.068359 0.589844
vt 0.062500 0.589844
vt 0.154297 0.294922
vt 0.154297 0.312500
vt 0.490234 0.423828
vt 0.496094 0.423828
vt 0.496094 0.441406
vt 0.490234 0.441406
vt 0.599609 0.900391
vt 0.597656 0.900391
vt 0.597656 0.894531
vt 0.599609 0.894531
vt 0.527344 0.388672
vt 0.525391 0.388672
vt 0.525391 0.394531
vt 0.527344 0.394531
vt 0.703125 0.458984
vt 0.705078 0.458984
vt 0.630859 0.666016
vt 0.634766 0.666016
vt 0.634766 0.669922
vt 0.630859 0.669922
vt 0.703125 0.455078
vt 0.705078 0.455078
vt 0.634766 0.652344
vt 0.638672 0.652344
vt 0.638672 0.656250
vt 0.634766 0.656250
vt 0.546875 0.296875
vt 0.544922 0.296875
vt 0.544922 0.292969
vt 0.546875 0.292969
vt 0.705078 0.451172
vt 0.703125 0.451172
vt 0.548828 0.292969
vt 0.548828 0.296875
vt 0.253906 0.347656
vt 0.257812 0.347656
vt 0.257812 0.351562
vt 0.253906 0.351562
vt 0.550781 0.292969
vt 0.550781 0.296875
vt 0.289062 0.337891
vt 0.292969 0.337891
vt 0.292969 0.341797
vt 0.289062 0.341797
vt 0.552734 0.296875
vt 0.552734 0.292969
vt 0.705078 0.445312
vt 0.703125 0.445312
vt 0.703125 0.449219
vt 0.705078 0.449219
vt 0.667969 0.359375
vt 0.669922 0.359375
vt 0.669922 0.361328
vt 0.667969 0.361328
vt 0.601562 0.859375
vt 0.607422 0.859375
vt 0.607422 0.861328
vt 0.601562 0.861328
vt 0.669922 0.953125
vt 0.671875 0.953125
vt 0.671875 0.955078
vt 0.669922 0.955078
vt 0.556641 0.386719
vt 0.562500 0.386719
vt 0.562500 0.388672
vt 0.556641 0.388672
vt 0.640625 0.763672
vt 0.638672 0.763672
vt 0.638672 0.757812
vt 0.640625 0.757812
vt 0.546875 0.355469
vt 0.544922 0.355469
vt 0.544922 0.361328
vt 0.546875 0.361328
vt 0.531250 0.292969
vt 0.531250 0.316406
vt 0.554688 0.531250
vt 0.574219 0.531250
vt 0.574219 0.554688
vt 0.533203 0.292969
vt 0.533203 0.316406
vt 0.556641 0.484375
vt 0.576172 0.484375
vt 0.576172 0.507812
vt 0.556641 0.507812
vt 0.068359 0.312500
vt 0.068359 0.292969
vt 0.070312 0.292969
vt 0.070312 0.312500
vt 0.554688 0.292969
vt 0.554688 0.296875
vt 0.677734 0.642578
vt 0.699219 0.642578
vt 0.699219 0.646484
vt 0.677734 0.646484
vt 0.556641 0.292969
vt 0.556641 0.296875
vt 0.677734 0.638672
vt 0.699219 0.638672
vt 0.261719 0.314453
vt 0.261719 0.292969
vt 0.263672 0.292969
vt 0.263672 0.314453
vt 0.429688 0.421875
vt 0.431641 0.421875
vt 0.431641 0.433594
vt 0.429688 0.433594
vt 0.455078 0.654297
vt 0.458984 0.654297
vt 0.458984 0.666016
vt 0.455078 0.666016
vt 0.117188 0.416016
vt 0.119141 0.416016
vt 0.119141 0.427734
vt 0.117188 0.427734
vt 0.173828 0.507812
vt 0.177734 0.507812
vt 0.177734 0.519531
vt 0.173828 0.519531
vt 0.703125 0.441406
vt 0.705078 0.441406
vt 0.560547 0.292969
vt 0.558594 0.292969
vt 0.156250 0.294922
vt 0.156250 0.312500
vt 0.093750 0.339844
vt 0.093750 0.357422
vt 0.158203 0.294922
vt 0.158203 0.312500
vt 0.101562 0.339844
vt 0.101562 0.357422
vt 0.576172 0.972656
vt 0.574219 0.972656
vt 0.574219 0.964844
vt 0.576172 0.964844
vt 0.257812 0.365234
vt 0.255859 0.365234
vt 0.255859 0.373047
vt 0.257812 0.373047
vt 0.683594 0.759766
vt 0.707031 0.759766
vt 0.707031 0.761719
vt 0.683594 0.761719
vt 0.685547 0.773438
vt 0.705078 0.773438
vt 0.683594 0.757812
vt 0.707031 0.757812
vt 0.685547 0.603516
vt 0.705078 0.603516
vt 0.705078 0.605469
vt 0.685547 0.605469
vt 0.683594 0.947266
vt 0.707031 0.947266
vt 0.707031 0.949219
vt 0.554688 0.529297
vt 0.564453 0.529297
vt 0.564453 0.531250
vt 0.683594 0.925781
vt 0.707031 0.925781
vt 0.707031 0.927734
vt 0.527344 0.406250
vt 0.537109 0.406250
vt 0.537109 0.408203
vt 0.527344 0.408203
vt 0.632812 0.787109
vt 0.609375 0.787109
vt 0.609375 0.777344
vt 0.632812 0.777344
vt 0.638672 0.914062
vt 0.615234 0.914062
vt 0.615234 0.923828
vt 0.638672 0.923828
vt 0.679688 0.771484
vt 0.716797 0.771484
vt 0.716797 0.773438
vt 0.679688 0.773438
vt 0.703125 0.837891
vt 0.707031 0.837891
vt 0.707031 0.839844
vt 0.703125 0.839844
vt 0.679688 0.769531
vt 0.716797 0.769531
vt 0.703125 0.802734
vt 0.707031 0.802734
vt 0.707031 0.804688
vt 0.703125 0.804688
vt 0.640625 0.642578
vt 0.640625 0.638672
vt 0.677734 0.582031
vt 0.640625 0.582031
vt 0.640625 0.585938
vt 0.677734 0.585938
vt 0.687500 0.781250
vt 0.701172 0.781250
vt 0.701172 0.783203
vt 0.687500 0.783203
vt 0.396484 0.292969
vt 0.398438 0.292969
vt 0.398438 0.294922
vt 0.396484 0.294922
vt 0.687500 0.779297
vt 0.701172 0.779297
vt 0.705078 0.601562
vt 0.707031 0.601562
vt 0.707031 0.603516
vt 0.701172 0.654297
vt 0.687500 0.654297
vt 0.687500 0.652344
vt 0.701172 0.652344
vt 0.701172 0.650391
vt 0.687500 0.650391
vt 0.416016 0.351562
vt 0.439453 0.351562
vt 0.439453 0.357422
vt 0.416016 0.357422
vt 0.253906 0.341797
vt 0.273438 0.341797
vt 0.273438 0.347656
vt 0.462891 0.351562
vt 0.462891 0.357422
vt 0.652344 0.728516
vt 0.671875 0.728516
vt 0.671875 0.734375
vt 0.652344 0.734375
vt 0.519531 0.443359
vt 0.496094 0.443359
vt 0.519531 0.423828
vt 0.542969 0.423828
vt 0.542969 0.443359
vt 0.367188 0.441406
vt 0.390625 0.441406
vt 0.390625 0.462891
vt 0.367188 0.462891
vt 0.265625 0.292969
vt 0.265625 0.314453
vt 0.431641 0.441406
vt 0.455078 0.441406
vt 0.455078 0.462891
vt 0.279297 0.292969
vt 0.281250 0.292969
vt 0.281250 0.314453
vt 0.279297 0.314453
vt 0.587891 0.757812
vt 0.564453 0.757812
vt 0.564453 0.755859
vt 0.587891 0.755859
vt 0.603516 0.576172
vt 0.580078 0.576172
vt 0.580078 0.578125
vt 0.603516 0.578125
vt 0.642578 0.621094
vt 0.666016 0.621094
vt 0.666016 0.626953
vt 0.642578 0.626953
vt 0.652344 0.757812
vt 0.671875 0.757812
vt 0.671875 0.763672
vt 0.652344 0.763672
vt 0.642578 0.615234
vt 0.666016 0.615234
vt 0.652344 0.751953
vt 0.671875 0.751953
vt 0.574219 0.484375
vt 0.550781 0.484375
vt 0.550781 0.464844
vt 0.574219 0.464844
vt 0.576172 0.945312
vt 0.552734 0.945312
vt 0.552734 0.964844
vt 0.541016 0.755859
vt 0.564453 0.777344
vt 0.541016 0.777344
vt 0.283203 0.292969
vt 0.283203 0.314453
vt 0.541016 0.507812
vt 0.564453 0.507812
vt 0.541016 0.529297
vt 0.285156 0.292969
vt 0.285156 0.314453
vt 0.705078 0.341797
vt 0.681641 0.341797
vt 0.681641 0.339844
vt 0.705078 0.339844
vt 0.705078 0.337891
vt 0.681641 0.337891
vt 0.687500 0.955078
vt 0.689453 0.955078
vt 0.689453 0.962891
vt 0.265625 0.294922
vt 0.267578 0.294922
vt 0.267578 0.302734
vt 0.265625 0.302734
vt 0.269531 0.294922
vt 0.269531 0.302734
vt 0.271484 0.294922
vt 0.271484 0.302734
vt 0.707031 0.662109
vt 0.705078 0.662109
vt 0.705078 0.660156
vt 0.707031 0.660156
vt 0.707031 0.658203
vt 0.705078 0.658203
vt 0.103516 0.400391
vt 0.117188 0.400391
vt 0.117188 0.402344
vt 0.103516 0.402344
vt 0.705078 0.656250
vt 0.707031 0.656250
vt 0.601562 0.597656
vt 0.615234 0.599609
vt 0.601562 0.599609
vt 0.705078 0.652344
vt 0.707031 0.652344
vt 0.707031 0.654297
vt 0.705078 0.654297
vt 0.617188 0.974609
vt 0.603516 0.974609
vt 0.603516 0.972656
vt 0.617188 0.972656
vt 0.664062 0.689453
vt 0.650391 0.689453
vt 0.650391 0.691406
vt 0.664062 0.691406
vt 0.626953 0.335938
vt 0.628906 0.335938
vt 0.628906 0.345703
vt 0.626953 0.345703
vt 0.537109 0.328125
vt 0.539062 0.328125
vt 0.539062 0.337891
vt 0.537109 0.337891
vt 0.177734 0.326172
vt 0.179688 0.326172
vt 0.179688 0.335938
vt 0.177734 0.335938
vt 0.687500 0.298828
vt 0.689453 0.298828
vt 0.689453 0.308594
vt 0.687500 0.308594
vt 0.705078 0.650391
vt 0.707031 0.650391
vt 0.707031 0.646484
vt 0.705078 0.646484
vt 0.705078 0.648438
vt 0.707031 0.648438
vt 0.431641 0.964844
vt 0.433594 0.964844
vt 0.433594 0.980469
vt 0.431641 0.980469
vt 0.433594 0.480469
vt 0.435547 0.480469
vt 0.435547 0.496094
vt 0.433594 0.496094
vt 0.064453 0.396484
vt 0.066406 0.396484
vt 0.066406 0.412109
vt 0.064453 0.412109
vt 0.466797 0.312500
vt 0.464844 0.312500
vt 0.705078 0.644531
vt 0.707031 0.644531
vt 0.707031 0.642578
vt 0.705078 0.642578
vt 0.705078 0.640625
vt 0.707031 0.640625
vt 0.626953 0.974609
vt 0.632812 0.974609
vt 0.632812 0.976562
vt 0.626953 0.976562
vt 0.705078 0.634766
vt 0.707031 0.634766
vt 0.707031 0.636719
vt 0.705078 0.636719
vt 0.644531 0.414062
vt 0.650391 0.414062
vt 0.650391 0.416016
vt 0.644531 0.416016
vt 0.648438 0.792969
vt 0.646484 0.792969
vt 0.646484 0.787109
vt 0.648438 0.787109
vt 0.169922 0.345703
vt 0.167969 0.345703
vt 0.167969 0.351562
vt 0.169922 0.351562
vt 0.652344 0.750000
vt 0.666016 0.750000
vt 0.666016 0.751953
vt 0.705078 0.632812
vt 0.707031 0.632812
vt 0.658203 0.861328
vt 0.671875 0.861328
vt 0.671875 0.863281
vt 0.658203 0.863281
vt 0.705078 0.625000
vt 0.707031 0.625000
vt 0.707031 0.626953
vt 0.705078 0.626953
vt 0.671875 0.660156
vt 0.658203 0.660156
vt 0.658203 0.658203
vt 0.671875 0.658203
vt 0.701172 0.873047
vt 0.687500 0.875000
vt 0.701172 0.875000
vt 0.626953 0.833984
vt 0.703125 0.833984
vt 0.703125 0.835938
vt 0.626953 0.835938
vt 0.705078 0.623047
vt 0.707031 0.623047
vt 0.626953 0.490234
vt 0.703125 0.490234
vt 0.703125 0.492188
vt 0.626953 0.492188
vt 0.705078 0.621094
vt 0.707031 0.621094
vt 0.705078 0.744141
vt 0.628906 0.744141
vt 0.628906 0.742188
vt 0.705078 0.742188
vt 0.707031 0.609375
vt 0.630859 0.609375
vt 0.630859 0.611328
vt 0.707031 0.611328
vt 0.273438 0.294922
vt 0.273438 0.302734
vt 0.275391 0.294922
vt 0.275391 0.302734
vt 0.277344 0.294922
vt 0.277344 0.302734
vt 0.697266 0.707031
vt 0.699219 0.707031
vt 0.699219 0.714844
vt 0.697266 0.714844
vt 0.705078 0.619141
vt 0.707031 0.619141
vt 0.382812 0.292969
vt 0.380859 0.292969
vt 0.380859 0.294922
vt 0.382812 0.294922
vt 0.687500 0.869141
vt 0.701172 0.869141
vt 0.701172 0.871094
vt 0.687500 0.871094
vt 0.705078 0.617188
vt 0.707031 0.617188
vt 0.687500 0.867188
vt 0.701172 0.867188
vt 0.384766 0.292969
vt 0.384766 0.294922
vt 0.687500 0.865234
vt 0.701172 0.865234
vt 0.687500 0.785156
vt 0.701172 0.785156
vt 0.666016 0.835938
vt 0.710938 0.835938
vt 0.710938 0.837891
vt 0.666016 0.837891
vt 0.705078 0.615234
vt 0.707031 0.615234
vt 0.667969 0.816406
vt 0.712891 0.816406
vt 0.712891 0.818359
vt 0.667969 0.818359
vt 0.386719 0.292969
vt 0.386719 0.294922
vt 0.714844 0.908203
vt 0.669922 0.908203
vt 0.669922 0.906250
vt 0.714844 0.906250
vt 0.714844 0.904297
vt 0.669922 0.904297
vt 0.693359 0.800781
vt 0.695312 0.800781
vt 0.695312 0.810547
vt 0.693359 0.810547
vt 0.693359 0.705078
vt 0.695312 0.705078
vt 0.695312 0.714844
vt 0.693359 0.714844
vt 0.361328 0.296875
vt 0.363281 0.296875
vt 0.363281 0.306641
vt 0.361328 0.306641
vt 0.365234 0.296875
vt 0.365234 0.306641
vt 0.388672 0.294922
vt 0.388672 0.292969
vt 0.390625 0.292969
vt 0.390625 0.294922
vt 0.468750 0.312500
vt 0.687500 0.369141
vt 0.689453 0.369141
vt 0.687500 0.384766
vt 0.687500 0.324219
vt 0.691406 0.955078
vt 0.691406 0.970703
vt 0.689453 0.970703
vt 0.392578 0.294922
vt 0.392578 0.292969
vt 0.394531 0.292969
vt 0.394531 0.294922
vt 0.646484 0.656250
vt 0.652344 0.656250
vt 0.652344 0.658203
vt 0.646484 0.658203
vt 0.707031 0.605469
vt 0.410156 0.332031
vt 0.416016 0.332031
vt 0.416016 0.333984
vt 0.410156 0.333984
vt 0.332031 0.351562
vt 0.330078 0.351562
vt 0.330078 0.345703
vt 0.332031 0.345703
vt 0.617188 0.345703
vt 0.615234 0.345703
vt 0.615234 0.351562
vt 0.617188 0.351562
vt 0.498047 0.980469
vt 0.505859 0.980469
vt 0.505859 0.986328
vt 0.498047 0.986328
vt 0.210938 0.343750
vt 0.212891 0.343750
vt 0.212891 0.349609
vt 0.210938 0.349609
vt 0.226562 0.337891
vt 0.234375 0.337891
vt 0.234375 0.343750
vt 0.226562 0.343750
vt 0.179688 0.339844
vt 0.181641 0.339844
vt 0.181641 0.345703
vt 0.179688 0.345703
vt 0.044922 0.433594
vt 0.037109 0.433594
vt 0.037109 0.431641
vt 0.044922 0.431641
vt 0.056641 0.396484
vt 0.056641 0.398438
vt 0.064453 0.398438
vt 0.658203 0.839844
vt 0.666016 0.839844
vt 0.666016 0.845703
vt 0.658203 0.845703
vt 0.427734 0.335938
vt 0.429688 0.335938
vt 0.429688 0.341797
vt 0.427734 0.341797
vt 0.658203 0.378906
vt 0.666016 0.378906
vt 0.666016 0.384766
vt 0.658203 0.384766
vt 0.187500 0.333984
vt 0.189453 0.333984
vt 0.189453 0.339844
vt 0.187500 0.339844
vt 0.351562 0.392578
vt 0.343750 0.392578
vt 0.343750 0.390625
vt 0.351562 0.390625
vt 0.623047 0.912109
vt 0.615234 0.912109
vt 0.623047 0.914062
vt 0.705078 0.599609
vt 0.707031 0.599609
vt 0.498047 0.628906
vt 0.501953 0.628906
vt 0.501953 0.630859
vt 0.498047 0.630859
vt 0.705078 0.597656
vt 0.707031 0.597656
vt 0.501953 0.609375
vt 0.505859 0.611328
vt 0.501953 0.611328
vt 0.562500 0.292969
vt 0.564453 0.292969
vt 0.582031 0.691406
vt 0.585938 0.691406
vt 0.585938 0.693359
vt 0.582031 0.693359
vt 0.402344 0.292969
vt 0.404297 0.292969
vt 0.404297 0.294922
vt 0.402344 0.294922
vt 0.615234 0.533203
vt 0.619141 0.535156
vt 0.615234 0.535156
vt 0.705078 0.595703
vt 0.707031 0.595703
vt 0.652344 0.478516
vt 0.648438 0.478516
vt 0.648438 0.476562
vt 0.652344 0.476562
vt 0.167969 0.335938
vt 0.164062 0.335938
vt 0.164062 0.337891
vt 0.167969 0.337891
vt 0.406250 0.292969
vt 0.406250 0.294922
vt 0.705078 0.593750
vt 0.707031 0.593750
vt 0.705078 0.591797
vt 0.707031 0.591797
vt 0.705078 0.589844
vt 0.707031 0.589844
vt 0.412109 0.294922
vt 0.410156 0.294922
vt 0.410156 0.292969
vt 0.412109 0.292969
vt 0.707031 0.587891
vt 0.705078 0.587891
vt 0.414062 0.292969
vt 0.414062 0.294922
vt 0.666016 0.914062
vt 0.669922 0.914062
vt 0.669922 0.916016
vt 0.666016 0.916016
vt 0.416016 0.292969
vt 0.416016 0.294922
vt 0.097656 0.328125
vt 0.101562 0.328125
vt 0.101562 0.330078
vt 0.097656 0.330078
vt 0.705078 0.427734
vt 0.703125 0.427734
vt 0.703125 0.423828
vt 0.705078 0.423828
vt 0.705078 0.414062
vt 0.703125 0.414062
vt 0.703125 0.417969
vt 0.705078 0.417969
vt 0.705078 0.583984
vt 0.707031 0.583984
vt 0.707031 0.585938
vt 0.417969 0.292969
vt 0.417969 0.294922
vt 0.707031 0.582031
vt 0.419922 0.292969
vt 0.419922 0.294922
vt 0.421875 0.294922
vt 0.421875 0.292969
vt 0.707031 0.576172
vt 0.705078 0.576172
vt 0.705078 0.578125
vt 0.707031 0.578125
vt 0.148438 0.328125
vt 0.152344 0.328125
vt 0.152344 0.330078
vt 0.148438 0.330078
vt 0.423828 0.292969
vt 0.425781 0.292969
vt 0.425781 0.294922
vt 0.423828 0.294922
vt 0.533203 0.328125
vt 0.537109 0.330078
vt 0.533203 0.330078
vt 0.705078 0.574219
vt 0.707031 0.574219
vt 0.646484 0.330078
vt 0.642578 0.330078
vt 0.642578 0.328125
vt 0.646484 0.328125
vt 0.673828 0.335938
vt 0.669922 0.335938
vt 0.669922 0.337891
vt 0.673828 0.337891
vt 0.615234 0.693359
vt 0.615234 0.703125
vt 0.601562 0.308594
vt 0.607422 0.308594
vt 0.607422 0.318359
vt 0.601562 0.318359
vt 0.617188 0.990234
vt 0.638672 0.990234
vt 0.638672 1.000000
vt 0.617188 1.000000
vt 0.687500 0.375000
vt 0.681641 0.384766
vt 0.667969 0.878906
vt 0.646484 0.878906
vt 0.667969 0.873047
vt 0.667969 0.804688
vt 0.646484 0.804688
vt 0.646484 0.810547
vt 0.667969 0.810547
vt 0.599609 0.886719
vt 0.621094 0.886719
vt 0.621094 0.900391
vt 0.140625 0.373047
vt 0.146484 0.373047
vt 0.146484 0.386719
vt 0.140625 0.386719
vt 0.103516 0.386719
vt 0.125000 0.386719
vt 0.125000 0.400391
vt 0.519531 0.373047
vt 0.525391 0.373047
vt 0.525391 0.386719
vt 0.519531 0.386719
vt 0.669922 0.779297
vt 0.648438 0.779297
vt 0.648438 0.773438
vt 0.669922 0.773438
vt 0.669922 0.599609
vt 0.648438 0.599609
vt 0.648438 0.605469
vt 0.669922 0.605469
vt 0.158203 0.388672
vt 0.169922 0.388672
vt 0.169922 0.417969
vt 0.158203 0.417969
vt 0.308594 0.585938
vt 0.310547 0.585938
vt 0.310547 0.615234
vt 0.308594 0.615234
vt 0.181641 0.388672
vt 0.181641 0.417969
vt 0.042969 0.447266
vt 0.044922 0.447266
vt 0.044922 0.476562
vt 0.042969 0.476562
vt 0.701172 0.337891
vt 0.689453 0.337891
vt 0.689453 0.335938
vt 0.701172 0.335938
vt 0.701172 0.333984
vt 0.689453 0.333984
vt 0.177734 0.576172
vt 0.199219 0.576172
vt 0.199219 0.591797
vt 0.177734 0.591797
vt 0.138672 0.400391
vt 0.144531 0.416016
vt 0.138672 0.416016
vt 0.255859 0.402344
vt 0.277344 0.402344
vt 0.255859 0.417969
vt 0.226562 0.330078
vt 0.220703 0.330078
vt 0.669922 0.578125
vt 0.648438 0.578125
vt 0.648438 0.572266
vt 0.669922 0.572266
vt 0.669922 0.566406
vt 0.648438 0.566406
vt 0.111328 0.369141
vt 0.125000 0.369141
vt 0.111328 0.386719
vt 0.160156 0.294922
vt 0.160156 0.312500
vt 0.138672 0.369141
vt 0.138672 0.386719
vt 0.162109 0.294922
vt 0.162109 0.312500
vt 0.687500 0.648438
vt 0.701172 0.648438
vt 0.701172 0.634766
vt 0.687500 0.634766
vt 0.687500 0.636719
vt 0.701172 0.636719
vt 0.103516 0.412109
vt 0.103516 0.431641
vt 0.082031 0.431641
vt 0.339844 0.345703
vt 0.339844 0.365234
vt 0.332031 0.365234
vt 0.314453 0.412109
vt 0.335938 0.412109
vt 0.335938 0.431641
vt 0.314453 0.431641
vt 0.234375 0.363281
vt 0.226562 0.363281
vt 0.400391 0.441406
vt 0.378906 0.441406
vt 0.378906 0.433594
vt 0.400391 0.433594
vt 0.648438 0.847656
vt 0.626953 0.847656
vt 0.626953 0.855469
vt 0.648438 0.855469
vt 0.429688 0.345703
vt 0.451172 0.345703
vt 0.451172 0.351562
vt 0.429688 0.351562
vt 0.035156 0.398438
vt 0.041016 0.398438
vt 0.041016 0.404297
vt 0.035156 0.404297
vt 0.648438 0.560547
vt 0.669922 0.560547
vt 0.257812 0.382812
vt 0.263672 0.382812
vt 0.257812 0.388672
vt 0.648438 0.554688
vt 0.669922 0.554688
vt 0.669922 0.501953
vt 0.648438 0.501953
vt 0.648438 0.507812
vt 0.669922 0.507812
vt 0.130859 0.337891
vt 0.136719 0.337891
vt 0.136719 0.351562
vt 0.130859 0.351562
vt 0.226562 0.400391
vt 0.205078 0.400391
vt 0.384766 0.310547
vt 0.390625 0.310547
vt 0.390625 0.324219
vt 0.384766 0.324219
vt 0.648438 0.496094
vt 0.669922 0.496094
vt 0.669922 0.478516
vt 0.648438 0.484375
vt 0.669922 0.484375
vt 0.648438 0.443359
vt 0.669922 0.443359
vt 0.669922 0.449219
vt 0.648438 0.449219
vt 0.214844 0.363281
vt 0.220703 0.363281
vt 0.220703 0.369141
vt 0.214844 0.369141
vt 0.648438 0.437500
vt 0.669922 0.437500
vt 0.617188 0.359375
vt 0.623047 0.359375
vt 0.623047 0.365234
vt 0.617188 0.365234
vt 0.648438 0.431641
vt 0.669922 0.431641
vt 0.603516 0.345703
vt 0.582031 0.345703
vt 0.582031 0.351562
vt 0.603516 0.351562
vt 0.125000 0.755859
vt 0.146484 0.773438
vt 0.125000 0.773438
vt 0.341797 0.339844
vt 0.349609 0.339844
vt 0.349609 0.357422
vt 0.341797 0.357422
vt 0.595703 0.548828
vt 0.574219 0.548828
vt 0.357422 0.339844
vt 0.357422 0.357422
vt 0.626953 0.839844
vt 0.648438 0.839844
vt 0.179688 0.365234
vt 0.158203 0.365234
vt 0.158203 0.373047
vt 0.179688 0.373047
vt 0.193359 0.417969
vt 0.445312 0.289062
vt 0.447266 0.289062
vt 0.447266 0.318359
vt 0.445312 0.318359
vt 0.449219 0.289062
vt 0.449219 0.318359
vt 0.689453 0.332031
vt 0.701172 0.332031
vt 0.701172 0.330078
vt 0.689453 0.330078
vt 0.207031 0.369141
vt 0.207031 0.386719
vt 0.164062 0.294922
vt 0.164062 0.312500
vt 0.166016 0.294922
vt 0.166016 0.312500
vt 0.687500 0.632812
vt 0.701172 0.632812
vt 0.701172 0.474609
vt 0.687500 0.474609
vt 0.687500 0.476562
vt 0.701172 0.476562
vt 0.294922 0.314453
vt 0.300781 0.314453
vt 0.300781 0.330078
vt 0.226562 0.416016
vt 0.492188 0.314453
vt 0.498047 0.314453
vt 0.498047 0.330078
vt 0.492188 0.330078
vt 0.667969 0.351562
vt 0.646484 0.351562
vt 0.646484 0.345703
vt 0.667969 0.345703
vt 0.671875 0.935547
vt 0.650391 0.935547
vt 0.650391 0.941406
vt 0.671875 0.941406
vt 0.365234 0.378906
vt 0.365234 0.390625
vt 0.343750 0.296875
vt 0.345703 0.296875
vt 0.345703 0.308594
vt 0.343750 0.308594
vt 0.416016 0.378906
vt 0.437500 0.378906
vt 0.437500 0.390625
vt 0.416016 0.390625
vt 0.347656 0.296875
vt 0.347656 0.308594
vt 0.595703 0.466797
vt 0.574219 0.466797
vt 0.595703 0.464844
vt 0.667969 0.802734
vt 0.646484 0.802734
vt 0.376953 0.332031
vt 0.378906 0.332031
vt 0.378906 0.337891
vt 0.376953 0.337891
vt 0.683594 0.910156
vt 0.691406 0.910156
vt 0.691406 0.916016
vt 0.683594 0.916016
vt 0.667969 0.378906
vt 0.667969 0.384766
vt 0.683594 0.859375
vt 0.691406 0.859375
vt 0.691406 0.865234
vt 0.683594 0.865234
vt 0.335938 0.302734
vt 0.333984 0.302734
vt 0.333984 0.294922
vt 0.335938 0.294922
vt 0.337891 0.294922
vt 0.337891 0.302734
vt 0.621094 0.652344
vt 0.621094 0.666016
vt 0.599609 0.666016
vt 0.410156 0.310547
vt 0.416016 0.310547
vt 0.416016 0.324219
vt 0.410156 0.324219
vt 0.035156 0.384766
vt 0.056641 0.384766
vt 0.421875 0.310547
vt 0.421875 0.324219
vt 0.650391 0.929688
vt 0.671875 0.929688
vt 0.671875 0.855469
vt 0.650391 0.855469
vt 0.650391 0.861328
vt 0.119141 0.617188
vt 0.166016 0.617188
vt 0.119141 0.626953
vt 0.351562 0.421875
vt 0.355469 0.421875
vt 0.355469 0.431641
vt 0.351562 0.431641
vt 0.541016 0.746094
vt 0.587891 0.746094
vt 0.162109 0.417969
vt 0.162109 0.427734
vt 0.158203 0.427734
vt 0.437500 0.609375
vt 0.437500 0.605469
vt 0.505859 0.945312
vt 0.505859 0.949219
vt 0.552734 0.949219
vt 0.505859 0.966797
vt 0.617188 0.957031
vt 0.623047 0.957031
vt 0.623047 0.974609
vt 0.505859 0.666016
vt 0.552734 0.666016
vt 0.552734 0.683594
vt 0.505859 0.683594
vt 0.609375 0.314453
vt 0.615234 0.314453
vt 0.615234 0.332031
vt 0.609375 0.332031
vt 0.457031 0.785156
vt 0.410156 0.785156
vt 0.410156 0.779297
vt 0.457031 0.779297
vt 0.599609 0.787109
vt 0.599609 0.792969
vt 0.572266 0.810547
vt 0.642578 0.810547
vt 0.642578 0.816406
vt 0.572266 0.816406
vt 0.669922 0.873047
vt 0.669922 0.878906
vt 0.572266 0.625000
vt 0.642578 0.625000
vt 0.642578 0.630859
vt 0.572266 0.630859
vt 0.671875 0.478516
vt 0.671875 0.484375
vt 0.712891 0.615234
vt 0.642578 0.613281
vt 0.712891 0.613281
vt 0.712891 0.611328
vt 0.642578 0.611328
vt 0.394531 0.541016
vt 0.394531 0.568359
vt 0.347656 0.568359
vt 0.199219 0.679688
vt 0.205078 0.679688
vt 0.205078 0.707031
vt 0.199219 0.707031
vt 0.441406 0.541016
vt 0.441406 0.568359
vt 0.125000 0.626953
vt 0.125000 0.654297
vt 0.119141 0.654297
vt 0.601562 0.605469
vt 0.648438 0.427734
vt 0.601562 0.427734
vt 0.601562 0.433594
vt 0.648438 0.433594
vt 0.666016 0.779297
vt 0.669922 0.783203
vt 0.666016 0.783203
vt 0.496094 0.330078
vt 0.496094 0.333984
vt 0.492188 0.333984
vt 0.423828 0.328125
vt 0.427734 0.328125
vt 0.427734 0.332031
vt 0.423828 0.332031
vt 0.449219 0.328125
vt 0.453125 0.328125
vt 0.453125 0.332031
vt 0.449219 0.332031
vt 0.701172 0.960938
vt 0.697266 0.960938
vt 0.697266 0.957031
vt 0.701172 0.957031
vt 0.701172 0.664062
vt 0.697266 0.664062
vt 0.697266 0.667969
vt 0.701172 0.667969
vt 0.703125 0.404297
vt 0.705078 0.404297
vt 0.705078 0.408203
vt 0.703125 0.408203
vt 0.357422 0.298828
vt 0.361328 0.298828
vt 0.703125 0.400391
vt 0.705078 0.400391
vt 0.369141 0.298828
vt 0.373047 0.298828
vt 0.373047 0.302734
vt 0.369141 0.302734
vt 0.599609 0.296875
vt 0.597656 0.296875
vt 0.597656 0.292969
vt 0.599609 0.292969
vt 0.607422 0.292969
vt 0.605469 0.292969
vt 0.605469 0.296875
vt 0.607422 0.296875
vt 0.619141 0.683594
vt 0.638672 0.683594
vt 0.619141 0.693359
vt 0.039062 0.357422
vt 0.042969 0.357422
vt 0.042969 0.367188
vt 0.039062 0.367188
vt 0.621094 0.890625
vt 0.640625 0.890625
vt 0.640625 0.900391
vt 0.636719 0.777344
vt 0.636719 0.787109
vt 0.697266 0.400391
vt 0.677734 0.400391
vt 0.677734 0.396484
vt 0.697266 0.396484
vt 0.699219 0.984375
vt 0.679688 0.984375
vt 0.679688 0.988281
vt 0.699219 0.988281
vt 0.380859 0.298828
vt 0.384766 0.298828
vt 0.384766 0.302734
vt 0.380859 0.302734
vt 0.402344 0.298828
vt 0.406250 0.298828
vt 0.406250 0.302734
vt 0.402344 0.302734
vt 0.410156 0.298828
vt 0.410156 0.302734
vt 0.441406 0.298828
vt 0.445312 0.298828
vt 0.445312 0.302734
vt 0.441406 0.302734
vt 0.468750 0.298828
vt 0.472656 0.298828
vt 0.701172 0.519531
vt 0.697266 0.519531
vt 0.697266 0.523438
vt 0.701172 0.523438
vt 0.234375 0.365234
vt 0.234375 0.373047
vt 0.484375 0.294922
vt 0.486328 0.294922
vt 0.486328 0.302734
vt 0.484375 0.302734
vt 0.320312 0.365234
vt 0.341797 0.365234
vt 0.341797 0.373047
vt 0.320312 0.373047
vt 0.488281 0.294922
vt 0.488281 0.302734
vt 0.650391 0.927734
vt 0.671875 0.927734
vt 0.705078 0.726562
vt 0.683594 0.726562
vt 0.683594 0.728516
vt 0.705078 0.728516
vt 0.205078 0.728516
vt 0.220703 0.728516
vt 0.220703 0.730469
vt 0.205078 0.730469
vt 0.171875 0.326172
vt 0.177734 0.328125
vt 0.171875 0.328125
vt 0.570312 0.443359
vt 0.585938 0.443359
vt 0.585938 0.445312
vt 0.570312 0.445312
vt 0.671875 0.464844
vt 0.677734 0.464844
vt 0.677734 0.466797
vt 0.671875 0.466797
vt 0.541016 0.501953
vt 0.556641 0.501953
vt 0.242188 0.648438
vt 0.279297 0.648438
vt 0.279297 0.650391
vt 0.242188 0.650391
vt 0.673828 0.328125
vt 0.677734 0.328125
vt 0.677734 0.330078
vt 0.673828 0.330078
vt 0.679688 0.982422
vt 0.716797 0.982422
vt 0.716797 0.984375
vt 0.703125 0.875000
vt 0.707031 0.875000
vt 0.707031 0.876953
vt 0.703125 0.876953
vt 0.640625 0.894531
vt 0.640625 0.716797
vt 0.640625 0.720703
vt 0.703125 0.380859
vt 0.705078 0.380859
vt 0.705078 0.384766
vt 0.703125 0.384766
vt 0.068359 0.654297
vt 0.074219 0.654297
vt 0.074219 0.658203
vt 0.068359 0.658203
vt 0.703125 0.376953
vt 0.705078 0.376953
vt 0.537109 0.419922
vt 0.542969 0.419922
vt 0.537109 0.423828
vt 0.685547 0.369141
vt 0.689453 0.701172
vt 0.687500 0.701172
vt 0.687500 0.707031
vt 0.626953 0.570312
vt 0.648438 0.570312
vt 0.626953 0.578125
vt 0.490234 0.294922
vt 0.490234 0.302734
vt 0.626953 0.562500
vt 0.648438 0.562500
vt 0.492188 0.294922
vt 0.492188 0.302734
vt 0.705078 0.693359
vt 0.683594 0.693359
vt 0.683594 0.691406
vt 0.705078 0.691406
vt 0.683594 0.646484
vt 0.683594 0.648438
vt 0.626953 0.554688
vt 0.697266 0.500000
vt 0.699219 0.500000
vt 0.699219 0.507812
vt 0.697266 0.507812
vt 0.626953 0.500000
vt 0.648438 0.500000
vt 0.626953 0.507812
vt 0.507812 0.294922
vt 0.509766 0.294922
vt 0.509766 0.302734
vt 0.507812 0.302734
vt 0.705078 0.472656
vt 0.683594 0.472656
vt 0.683594 0.470703
vt 0.705078 0.470703
vt 0.705078 0.468750
vt 0.683594 0.468750
vt 0.562500 0.419922
vt 0.562500 0.443359
vt 0.634766 0.335938
vt 0.634766 0.359375
vt 0.628906 0.359375
vt 0.181641 0.441406
vt 0.162109 0.441406
vt 0.468750 0.333984
vt 0.468750 0.357422
vt 0.652344 0.722656
vt 0.671875 0.722656
vt 0.292969 0.347656
vt 0.029297 0.421875
vt 0.037109 0.421875
vt 0.037109 0.425781
vt 0.029297 0.425781
vt 0.697266 0.515625
vt 0.701172 0.515625
vt 0.423828 0.390625
vt 0.423828 0.394531
vt 0.416016 0.394531
vt 0.509766 0.298828
vt 0.513672 0.298828
vt 0.513672 0.302734
vt 0.242188 0.376953
vt 0.234375 0.376953
vt 0.242188 0.373047
vt 0.666016 0.900391
vt 0.658203 0.900391
vt 0.658203 0.904297
vt 0.666016 0.904297
vt 0.703125 0.373047
vt 0.705078 0.373047
vt 0.533203 0.298828
vt 0.537109 0.298828
vt 0.537109 0.302734
vt 0.533203 0.302734
vt 0.632812 0.292969
vt 0.634766 0.292969
vt 0.634766 0.296875
vt 0.632812 0.296875
vt 0.593750 0.298828
vt 0.597656 0.298828
vt 0.597656 0.302734
vt 0.593750 0.302734
vt 0.705078 0.367188
vt 0.703125 0.367188
vt 0.703125 0.363281
vt 0.705078 0.363281
vt 0.636719 0.292969
vt 0.636719 0.296875
vt 0.458984 0.390625
vt 0.349609 0.296875
vt 0.349609 0.308594
vt 0.609375 0.507812
vt 0.630859 0.507812
vt 0.630859 0.519531
vt 0.351562 0.296875
vt 0.351562 0.308594
vt 0.707031 1.000000
vt 0.685547 1.000000
vt 0.685547 0.998047
vt 0.707031 0.998047
vt 0.707031 0.996094
vt 0.685547 0.996094
vt 0.701172 0.396484
vt 0.701172 0.400391
vt 0.601562 0.298828
vt 0.605469 0.298828
vt 0.605469 0.302734
vt 0.601562 0.302734
vt 0.683594 0.298828
vt 0.687500 0.302734
vt 0.697266 0.302734
vt 0.701172 0.302734
vt 0.701172 0.306641
vt 0.697266 0.306641
vt 0.697266 0.298828
vt 0.701172 0.298828
vt 0.703125 0.984375
vt 0.703125 0.988281
vt 0.648438 0.492188
vt 0.513672 0.294922
vt 0.515625 0.294922
vt 0.515625 0.302734
vt 0.626953 0.476562
vt 0.626953 0.484375
vt 0.015625 0.292969
vt 0.017578 0.292969
vt 0.017578 0.300781
vt 0.685547 0.994141
vt 0.707031 0.994141
vt 0.707031 0.992188
vt 0.685547 0.992188
vt 0.599609 0.921875
vt 0.615234 0.921875
vt 0.599609 0.923828
vt 0.673828 0.986328
vt 0.679688 0.986328
vt 0.685547 0.367188
vt 0.701172 0.367188
vt 0.701172 0.369141
vt 0.707031 0.519531
vt 0.707031 0.521484
vt 0.701172 0.521484
vt 0.685547 0.599609
vt 0.685547 0.501953
vt 0.685547 0.507812
vt 0.638672 0.292969
vt 0.638672 0.296875
vt 0.642578 0.404297
vt 0.677734 0.404297
vt 0.677734 0.408203
vt 0.642578 0.408203
vt 0.703125 0.347656
vt 0.705078 0.347656
vt 0.705078 0.351562
vt 0.703125 0.351562
vt 0.642578 0.400391
vt 0.023438 0.320312
vt 0.021484 0.320312
vt 0.021484 0.285156
vt 0.023438 0.285156
vt 0.025391 0.285156
vt 0.025391 0.320312
vt 0.167969 0.294922
vt 0.167969 0.312500
vt 0.171875 0.294922
vt 0.173828 0.294922
vt 0.173828 0.312500
vt 0.171875 0.312500
vt 0.175781 0.294922
vt 0.175781 0.312500
vt 0.177734 0.294922
vt 0.177734 0.312500
vt 0.427734 0.294922
vt 0.427734 0.292969
vt 0.707031 0.572266
vt 0.705078 0.572266
vt 0.703125 0.333984
vt 0.705078 0.333984
vt 0.703125 0.337891
vt 0.642578 0.396484
vt 0.703125 0.326172
vt 0.705078 0.326172
vt 0.705078 0.330078
vt 0.703125 0.330078
vt 0.644531 0.982422
vt 0.644531 0.986328
vt 0.027344 0.320312
vt 0.027344 0.285156
vt 0.128906 0.285156
vt 0.126953 0.285156
vt 0.126953 0.320312
vt 0.128906 0.320312
vt 0.179688 0.294922
vt 0.179688 0.312500
vt 0.181641 0.294922
vt 0.181641 0.312500
vt 0.183594 0.294922
vt 0.183594 0.312500
vt 0.687500 0.792969
vt 0.689453 0.792969
vt 0.689453 0.810547
vt 0.687500 0.810547
vt 0.429688 0.294922
vt 0.429688 0.292969
vt 0.707031 0.570312
vt 0.705078 0.570312
vt 0.429688 0.585938
vt 0.503906 0.585938
vt 0.503906 0.587891
vt 0.429688 0.587891
vt 0.679688 0.419922
vt 0.714844 0.419922
vt 0.714844 0.421875
vt 0.679688 0.421875
vt 0.705078 0.509766
vt 0.630859 0.509766
vt 0.679688 0.417969
vt 0.714844 0.417969
vt 0.242188 0.679688
vt 0.167969 0.679688
vt 0.167969 0.644531
vt 0.242188 0.644531
vt 0.320312 0.769531
vt 0.582031 0.292969
vt 0.583984 0.292969
vt 0.583984 0.316406
vt 0.582031 0.316406
vt 0.623047 0.292969
vt 0.625000 0.292969
vt 0.625000 0.316406
vt 0.623047 0.316406
vt 0.626953 0.292969
vt 0.626953 0.316406
vt 0.628906 0.292969
vt 0.628906 0.316406
vt 0.707031 0.539062
vt 0.705078 0.539062
vt 0.705078 0.537109
vt 0.707031 0.537109
vt 0.462891 0.292969
vt 0.462891 0.294922
vt 0.464844 0.294922
vt 0.691406 0.714844
vt 0.687500 0.714844
vt 0.691406 0.654297
vt 0.691406 0.662109
vt 0.687500 0.662109
vt 0.691406 0.476562
vt 0.691406 0.484375
vt 0.687500 0.484375
vt 0.687500 0.441406
vt 0.691406 0.441406
vt 0.691406 0.449219
vt 0.699219 0.900391
vt 0.699219 0.896484
vt 0.699219 0.718750
vt 0.699219 0.722656
vt 0.630859 0.330078
vt 0.634766 0.330078
vt 0.630859 0.335938
vt 0.058594 0.328125
vt 0.062500 0.328125
vt 0.062500 0.333984
vt 0.058594 0.333984
vt 0.673828 0.496094
vt 0.673828 0.501953
vt 0.691406 0.935547
vt 0.695312 0.935547
vt 0.691406 0.941406
vt 0.699219 0.585938
vt 0.699219 0.582031
vt 0.699219 0.462891
vt 0.699219 0.466797
vt 0.705078 0.970703
vt 0.708984 0.970703
vt 0.708984 0.972656
vt 0.705078 0.972656
vt 0.701172 0.500000
vt 0.707031 0.500000
vt 0.707031 0.501953
vt 0.701172 0.501953
vt 0.029297 0.292969
vt 0.033203 0.292969
vt 0.033203 0.294922
vt 0.029297 0.294922
vt 0.707031 0.474609
vt 0.707031 0.476562
vt 0.695312 0.916016
vt 0.695312 0.910156
vt 0.695312 0.859375
vt 0.695312 0.865234
vt 0.699219 0.292969
vt 0.701172 0.292969
vt 0.699219 0.298828
vt 0.701172 0.294922
vt 0.703125 0.294922
vt 0.703125 0.300781
vt 0.701172 0.300781
vt 0.703125 0.951172
vt 0.705078 0.951172
vt 0.705078 0.957031
vt 0.703125 0.957031
vt 0.703125 0.929688
vt 0.705078 0.929688
vt 0.705078 0.935547
vt 0.703125 0.935547
vt 0.705078 0.535156
vt 0.707031 0.535156
vt 0.707031 0.533203
vt 0.705078 0.533203
vt 0.203125 0.302734
vt 0.207031 0.302734
vt 0.207031 0.318359
vt 0.203125 0.318359
vt 0.388672 0.310547
vt 0.386719 0.310547
vt 0.337891 0.318359
vt 0.333984 0.318359
vt 0.160156 0.292969
vt 0.164062 0.292969
vt 0.167969 0.292969
vt 0.685547 0.292969
vt 0.687500 0.292969
vt 0.685547 0.298828
vt 0.689453 0.292969
vt 0.703125 0.306641
vt 0.697266 0.292969
vt 0.707031 0.541016
vt 0.705078 0.541016
vt 0.460938 0.292969
vt 0.460938 0.294922
vt 0.681641 0.554688
vt 0.685547 0.554688
vt 0.685547 0.570312
vt 0.681641 0.570312
vt 0.392578 0.310547
vt 0.441406 0.318359
vt 0.394531 0.310547
vt 0.708984 0.835938
vt 0.705078 0.835938
vt 0.705078 0.833984
vt 0.708984 0.833984
vt 0.708984 0.832031
vt 0.705078 0.832031
vt 0.509766 0.292969
vt 0.708984 0.830078
vt 0.705078 0.488281
vt 0.707031 0.488281
vt 0.707031 0.490234
vt 0.705078 0.490234
vt 0.705078 0.828125
vt 0.708984 0.828125
vt 0.171875 0.291016
vt 0.173828 0.291016
vt 0.175781 0.291016
vt 0.513672 0.292969
vt 0.689453 0.832031
vt 0.703125 0.832031
vt 0.689453 0.833984
vt 0.705078 0.482422
vt 0.707031 0.482422
vt 0.707031 0.484375
vt 0.689453 0.830078
vt 0.308594 0.308594
vt 0.306641 0.308594
vt 0.306641 0.294922
vt 0.308594 0.294922
vt 0.310547 0.294922
vt 0.310547 0.308594
vt 0.701172 0.886719
vt 0.703125 0.886719
vt 0.703125 0.894531
vt 0.701172 0.894531
vt 0.701172 0.802734
vt 0.703125 0.810547
vt 0.701172 0.810547
vt 0.701172 0.707031
vt 0.703125 0.707031
vt 0.703125 0.714844
vt 0.701172 0.714844
vt 0.701172 0.683594
vt 0.703125 0.683594
vt 0.703125 0.691406
vt 0.701172 0.691406
vt 0.707031 0.480469
vt 0.707031 0.478516
vt 0.705078 0.478516
vt 0.708984 0.826172
vt 0.707031 0.470703
vt 0.707031 0.472656
vt 0.175781 0.292969
vt 0.179688 0.292969
vt 0.179688 0.291016
vt 0.181641 0.291016
vt 0.183594 0.291016
vt 0.669922 0.292969
vt 0.671875 0.292969
vt 0.671875 0.314453
vt 0.669922 0.314453
vt 0.183594 0.304688
vt 0.187500 0.304688
vt 0.187500 0.326172
vt 0.183594 0.326172
vt 0.673828 0.292969
vt 0.673828 0.314453
vt 0.476562 0.304688
vt 0.480469 0.304688
vt 0.480469 0.326172
vt 0.476562 0.326172
vt 0.707031 0.699219
vt 0.705078 0.699219
vt 0.705078 0.695312
vt 0.707031 0.695312
vt 0.707031 0.691406
vt 0.640625 0.714844
vt 0.714844 0.714844
vt 0.714844 0.716797
vt 0.681641 0.974609
vt 0.716797 0.974609
vt 0.716797 0.976562
vt 0.681641 0.976562
vt 0.640625 0.636719
vt 0.714844 0.636719
vt 0.714844 0.638672
vt 0.681641 0.847656
vt 0.716797 0.847656
vt 0.716797 0.849609
vt 0.681641 0.849609
vt 0.396484 1.000000
vt 0.322266 1.000000
vt 0.322266 0.964844
vt 0.396484 0.964844
vt 0.396484 0.699219
vt 0.322266 0.699219
vt 0.675781 0.292969
vt 0.675781 0.314453
vt 0.484375 0.304688
vt 0.484375 0.326172
vt 0.677734 0.292969
vt 0.677734 0.314453
vt 0.380859 0.324219
vt 0.306641 0.291016
vt 0.308594 0.291016
vt 0.310547 0.291016
vt 0.705078 0.687500
vt 0.707031 0.687500
vt 0.644531 0.589844
vt 0.679688 0.589844
vt 0.679688 0.593750
vt 0.644531 0.593750
vt 0.312500 0.291016
vt 0.312500 0.294922
vt 0.644531 0.585938
vt 0.679688 0.585938
vt 0.435547 0.320312
vt 0.433594 0.320312
vt 0.433594 0.285156
vt 0.435547 0.285156
vt 0.539062 0.285156
vt 0.537109 0.285156
vt 0.537109 0.320312
vt 0.539062 0.320312
vt 0.683594 0.730469
vt 0.707031 0.730469
vt 0.707031 0.732422
vt 0.683594 0.732422
vt 0.689453 0.589844
vt 0.703125 0.589844
vt 0.703125 0.591797
vt 0.689453 0.591797
vt 0.707031 0.728516
vt 0.703125 0.587891
vt 0.041016 0.412109
vt 0.103516 0.398438
vt 0.080078 0.398438
vt 0.314453 0.291016
vt 0.314453 0.294922
vt 0.644531 0.419922
vt 0.679688 0.423828
vt 0.644531 0.423828
vt 0.316406 0.291016
vt 0.316406 0.294922
vt 0.679688 0.416016
vt 0.541016 0.320312
vt 0.541016 0.285156
vt 0.542969 0.285156
vt 0.542969 0.320312
vt 0.716797 0.751953
vt 0.716797 0.753906
vt 0.671875 0.753906
vt 0.689453 0.738281
vt 0.703125 0.738281
vt 0.703125 0.740234
vt 0.689453 0.740234
vt 0.371094 0.291016
vt 0.373047 0.291016
vt 0.371094 0.298828
vt 0.101562 0.292969
vt 0.103516 0.292969
vt 0.103516 0.312500
vt 0.101562 0.312500
vt 0.408203 0.298828
vt 0.408203 0.291016
vt 0.410156 0.291016
vt 0.195312 0.292969
vt 0.197266 0.292969
vt 0.197266 0.302734
vt 0.195312 0.302734
vt 0.203125 0.292969
vt 0.205078 0.292969
vt 0.205078 0.302734
vt 0.105469 0.292969
vt 0.107422 0.292969
vt 0.107422 0.312500
vt 0.105469 0.312500
vt 0.062500 0.337891
vt 0.070312 0.337891
vt 0.070312 0.357422
vt 0.062500 0.357422
vt 0.109375 0.292969
vt 0.109375 0.312500
vt 0.078125 0.337891
vt 0.443359 0.298828
vt 0.441406 0.291016
vt 0.443359 0.291016
vt 0.445312 0.291016
vt 0.701172 0.541016
vt 0.703125 0.541016
vt 0.703125 0.548828
vt 0.701172 0.548828
vt 0.423828 0.283203
vt 0.421875 0.283203
vt 0.423828 0.324219
vt 0.689453 0.623047
vt 0.703125 0.623047
vt 0.703125 0.625000
vt 0.689453 0.625000
vt 0.652344 0.720703
vt 0.708984 0.648438
vt 0.708984 0.650391
vt 0.666016 0.894531
vt 0.712891 0.894531
vt 0.712891 0.896484
vt 0.666016 0.896484
vt 0.701172 0.630859
vt 0.708984 0.630859
vt 0.708984 0.632812
vt 0.623047 0.878906
vt 0.576172 0.878906
vt 0.576172 0.871094
vt 0.623047 0.871094
vt 0.537109 0.416016
vt 0.490234 0.416016
vt 0.019531 0.292969
vt 0.531250 0.658203
vt 0.599609 0.658203
vt 0.531250 0.666016
vt 0.699219 0.937500
vt 0.701172 0.937500
vt 0.701172 0.945312
vt 0.699219 0.945312
vt 0.531250 0.650391
vt 0.320312 0.363281
vt 0.318359 0.363281
vt 0.318359 0.294922
vt 0.320312 0.294922
vt 0.306641 0.292969
vt 0.304688 0.292969
vt 0.304688 0.361328
vt 0.306641 0.361328
vt 0.693359 0.513672
vt 0.695312 0.513672
vt 0.695312 0.523438
vt 0.693359 0.523438
vt 0.703125 0.501953
vt 0.701172 0.507812
vt 0.189453 0.343750
vt 0.189453 0.349609
vt 0.511719 0.292969
vt 0.511719 0.298828
vt 0.650391 0.697266
vt 0.671875 0.697266
vt 0.650391 0.703125
vt 0.287109 0.314453
vt 0.287109 0.292969
vt 0.289062 0.292969
vt 0.289062 0.314453
vt 0.703125 0.322266
vt 0.705078 0.322266
vt 0.679688 0.292969
vt 0.679688 0.296875
vt 0.677734 0.296875
vt 0.498047 0.318359
vt 0.519531 0.318359
vt 0.519531 0.322266
vt 0.498047 0.322266
vt 0.291016 0.314453
vt 0.291016 0.292969
vt 0.292969 0.292969
vt 0.292969 0.314453
vt 0.105469 0.519531
vt 0.119141 0.519531
vt 0.119141 0.525391
vt 0.105469 0.525391
vt 0.535156 0.292969
vt 0.535156 0.298828
vt 0.255859 0.408203
vt 0.242188 0.408203
vt 0.679688 0.310547
vt 0.677734 0.310547
vt 0.681641 0.296875
vt 0.681641 0.310547
vt 0.699219 0.886719
vt 0.503906 0.568359
vt 0.513672 0.568359
vt 0.513672 0.576172
vt 0.503906 0.576172
vt 0.699219 0.802734
vt 0.699219 0.810547
vt 0.527344 0.416016
vt 0.546875 0.306641
vt 0.544922 0.306641
vt 0.548828 0.306641
vt 0.644531 0.976562
vt 0.667969 0.976562
vt 0.667969 0.982422
vt 0.652344 0.652344
vt 0.671875 0.652344
vt 0.644531 0.970703
vt 0.667969 0.970703
vt 0.652344 0.646484
vt 0.671875 0.646484
vt 0.582031 0.734375
vt 0.558594 0.734375
vt 0.558594 0.714844
vt 0.582031 0.714844
vt 0.355469 0.441406
vt 0.056641 0.431641
vt 0.080078 0.431641
vt 0.080078 0.453125
vt 0.056641 0.453125
vt 0.294922 0.292969
vt 0.296875 0.292969
vt 0.296875 0.314453
vt 0.707031 0.910156
vt 0.683594 0.908203
vt 0.707031 0.908203
vt 0.707031 0.871094
vt 0.683594 0.871094
vt 0.707031 0.873047
vt 0.644531 0.535156
vt 0.652344 0.535156
vt 0.652344 0.537109
vt 0.644531 0.537109
vt 0.695312 0.353516
vt 0.703125 0.353516
vt 0.703125 0.355469
vt 0.695312 0.355469
vt 0.697266 0.705078
vt 0.705078 0.705078
vt 0.705078 0.707031
vt 0.697266 0.513672
vt 0.705078 0.513672
vt 0.705078 0.515625
vt 0.263672 0.447266
vt 0.255859 0.447266
vt 0.263672 0.439453
vt 0.224609 0.433594
vt 0.216797 0.433594
vt 0.216797 0.441406
vt 0.224609 0.441406
vt 0.703125 0.763672
vt 0.707031 0.763672
vt 0.707031 0.765625
vt 0.703125 0.765625
vt 0.701172 0.517578
vt 0.707031 0.517578
vt 0.703125 0.744141
vt 0.707031 0.744141
vt 0.707031 0.746094
vt 0.703125 0.746094
vt 0.707031 0.515625
vt 0.371094 0.468750
vt 0.367188 0.468750
vt 0.371094 0.462891
vt 0.148438 0.427734
vt 0.144531 0.427734
vt 0.144531 0.433594
vt 0.148438 0.433594
vt 0.703125 0.734375
vt 0.707031 0.734375
vt 0.707031 0.736328
vt 0.703125 0.736328
vt 0.431641 0.292969
vt 0.431641 0.294922
vt 0.707031 0.707031
vt 0.707031 0.708984
vt 0.703125 0.708984
vt 0.705078 0.568359
vt 0.707031 0.568359
vt 0.707031 0.685547
vt 0.703125 0.685547
vt 0.707031 0.683594
vt 0.703125 0.654297
vt 0.703125 0.656250
vt 0.703125 0.638672
vt 0.707031 0.638672
vt 0.703125 0.640625
vt 0.433594 0.292969
vt 0.433594 0.294922
vt 0.703125 0.529297
vt 0.707031 0.529297
vt 0.707031 0.531250
vt 0.703125 0.531250
vt 0.705078 0.566406
vt 0.707031 0.566406
vt 0.707031 0.513672
vt 0.703125 0.513672
vt 0.703125 0.511719
vt 0.707031 0.511719
vt 0.707031 0.503906
vt 0.703125 0.318359
vt 0.705078 0.318359
vt 0.677734 0.462891
vt 0.681641 0.292969
vt 0.677734 0.458984
vt 0.699219 0.458984
vt 0.298828 0.314453
vt 0.298828 0.292969
vt 0.300781 0.292969
vt 0.537109 0.292969
vt 0.519531 0.316406
vt 0.533203 0.322266
vt 0.593750 0.292969
vt 0.595703 0.292969
vt 0.595703 0.298828
vt 0.615234 0.316406
vt 0.628906 0.322266
vt 0.615234 0.322266
vt 0.683594 0.310547
vt 0.683594 0.296875
vt 0.691406 0.296875
vt 0.689453 0.296875
vt 0.671875 0.691406
vt 0.601562 0.292969
vt 0.603516 0.292969
vt 0.603516 0.298828
vt 0.650391 0.548828
vt 0.671875 0.548828
vt 0.671875 0.554688
vt 0.650391 0.554688
vt 0.494141 0.314453
vt 0.492188 0.292969
vt 0.494141 0.292969
vt 0.496094 0.292969
vt 0.496094 0.314453
vt 0.550781 0.306641
vt 0.537109 0.642578
vt 0.605469 0.642578
vt 0.537109 0.650391
vt 0.609375 0.785156
vt 0.541016 0.785156
vt 0.474609 0.357422
vt 0.472656 0.357422
vt 0.472656 0.289062
vt 0.474609 0.289062
vt 0.214844 0.287109
vt 0.212891 0.287109
vt 0.212891 0.355469
vt 0.214844 0.355469
vt 0.353516 0.296875
vt 0.353516 0.308594
vt 0.519531 0.361328
vt 0.533203 0.361328
vt 0.533203 0.373047
vt 0.691406 0.511719
vt 0.693359 0.511719
vt 0.691406 0.523438
vt 0.626953 0.464844
vt 0.640625 0.464844
vt 0.640625 0.476562
vt 0.693359 0.974609
vt 0.691406 0.974609
vt 0.691406 0.960938
vt 0.693359 0.960938
vt 0.031250 0.294922
vt 0.029297 0.308594
vt 0.031250 0.308594
vt 0.701172 0.638672
vt 0.701172 0.646484
vt 0.509766 0.361328
vt 0.519531 0.369141
vt 0.509766 0.369141
vt 0.679688 0.962891
vt 0.679688 0.970703
vt 0.554688 0.306641
vt 0.552734 0.306641
vt 0.556641 0.306641
vt 0.181641 0.429688
vt 0.185547 0.429688
vt 0.185547 0.441406
vt 0.546875 0.373047
vt 0.687500 0.472656
vt 0.683594 0.484375
vt 0.626953 0.453125
vt 0.640625 0.453125
vt 0.144531 0.316406
vt 0.140625 0.316406
vt 0.140625 0.302734
vt 0.144531 0.302734
vt 0.148438 0.302734
vt 0.148438 0.316406
vt 0.636719 0.765625
vt 0.710938 0.765625
vt 0.710938 0.767578
vt 0.636719 0.767578
vt 0.513672 0.701172
vt 0.513672 0.703125
vt 0.636719 0.523438
vt 0.710938 0.523438
vt 0.710938 0.525391
vt 0.636719 0.525391
vt 0.642578 0.394531
vt 0.708984 0.394531
vt 0.708984 0.396484
vt 0.222656 0.822266
vt 0.148438 0.822266
vt 0.222656 0.755859
vt 0.074219 0.751953
vt 0.000000 0.751953
vt 0.000000 0.818359
vt 0.074219 0.818359
vt 0.683594 0.292969
vt 0.628906 0.414062
vt 0.628906 0.423828
vt 0.242188 0.394531
vt 0.226562 0.394531
vt 0.039062 0.496094
vt 0.042969 0.496094
vt 0.042969 0.513672
vt 0.039062 0.513672
vt 0.310547 0.376953
vt 0.326172 0.376953
vt 0.326172 0.394531
vt 0.310547 0.394531
vt 0.318359 0.431641
vt 0.318359 0.449219
vt 0.314453 0.449219
vt 0.037109 0.429688
vt 0.021484 0.425781
vt 0.250000 0.318359
vt 0.265625 0.318359
vt 0.703125 0.310547
vt 0.705078 0.310547
vt 0.705078 0.314453
vt 0.703125 0.314453
vt 0.677734 0.455078
vt 0.699219 0.455078
vt 0.691406 0.292969
vt 0.677734 0.451172
vt 0.699219 0.451172
vt 0.611328 0.292969
vt 0.609375 0.292969
vt 0.611328 0.314453
vt 0.705078 0.306641
vt 0.699219 0.404297
vt 0.699219 0.408203
vt 0.693359 0.292969
vt 0.693359 0.296875
vt 0.699219 0.400391
vt 0.613281 0.314453
vt 0.613281 0.292969
vt 0.615234 0.292969
vt 0.695312 0.292969
vt 0.695312 0.296875
vt 0.515625 0.859375
vt 0.554688 0.859375
vt 0.554688 0.875000
vt 0.515625 0.875000
vt 0.396484 0.980469
vt 0.095703 0.468750
vt 0.056641 0.468750
vt 0.332031 0.453125
vt 0.367188 0.453125
vt 0.449219 0.822266
vt 0.410156 0.822266
vt 0.410156 0.787109
vt 0.449219 0.787109
vt 0.308594 0.550781
vt 0.347656 0.585938
vt 0.632812 0.861328
vt 0.632812 0.867188
vt 0.218750 0.294922
vt 0.220703 0.294922
vt 0.220703 0.312500
vt 0.218750 0.312500
vt 0.187500 0.302734
vt 0.191406 0.302734
vt 0.191406 0.320312
vt 0.187500 0.320312
vt 0.226562 0.294922
vt 0.228516 0.294922
vt 0.228516 0.312500
vt 0.226562 0.312500
vt 0.195312 0.320312
vt 0.697266 0.296875
vt 0.705078 0.298828
vt 0.703125 0.298828
vt 0.703125 0.302734
vt 0.705078 0.302734
vt 0.230469 0.294922
vt 0.230469 0.312500
vt 0.246094 0.302734
vt 0.250000 0.302734
vt 0.250000 0.320312
vt 0.246094 0.320312
vt 0.232422 0.294922
vt 0.232422 0.312500
vt 0.406250 0.320312
vt 0.402344 0.320312
vt 0.705078 0.294922
vt 0.001953 0.291016
vt 0.000000 0.291016
vt 0.000000 0.294922
vt 0.001953 0.294922
vt 0.498047 0.933594
vt 0.576172 0.933594
vt 0.498047 0.945312
vt 0.587891 0.375000
vt 0.593750 0.375000
vt 0.593750 0.386719
vt 0.587891 0.386719
vt 0.498047 0.921875
vt 0.576172 0.921875
vt 0.634766 0.722656
vt 0.640625 0.722656
vt 0.640625 0.734375
vt 0.634766 0.734375
vt 0.615234 0.642578
vt 0.537109 0.636719
vt 0.615234 0.636719
vt 0.630859 0.677734
vt 0.552734 0.677734
vt 0.630859 0.683594
vt 0.507812 0.683594
vt 0.585938 0.683594
vt 0.507812 0.691406
vt 0.263672 0.394531
vt 0.277344 0.394531
vt 0.521484 0.785156
vt 0.599609 0.785156
vt 0.521484 0.792969
vt 0.654297 0.816406
vt 0.654297 0.824219
vt 0.458984 0.650391
vt 0.458984 0.636719
vt 0.546875 0.986328
vt 0.468750 0.986328
vt 0.468750 1.000000
vt 0.546875 1.000000
vt 0.429688 0.654297
vt 0.429688 0.666016
vt 0.691406 0.496094
vt 0.693359 0.496094
vt 0.693359 0.507812
vt 0.691406 0.507812
vt 0.597656 0.945312
vt 0.623047 0.945312
vt 0.597656 0.957031
vt 0.507812 0.308594
vt 0.707031 0.345703
vt 0.681641 0.345703
vt 0.681641 0.343750
vt 0.707031 0.343750
vt 0.707031 0.341797
vt 0.587891 0.734375
vt 0.587891 0.738281
vt 0.173828 0.488281
vt 0.173828 0.492188
vt 0.162109 0.492188
vt 0.646484 0.945312
vt 0.658203 0.945312
vt 0.658203 0.949219
vt 0.574219 0.921875
vt 0.498047 0.910156
vt 0.580078 0.587891
vt 0.576172 0.937500
vt 0.199219 0.302734
vt 0.199219 0.318359
vt 0.195312 0.318359
vt 0.599609 0.878906
vt 0.576172 0.894531
vt 0.667969 0.974609
vt 0.691406 0.537109
vt 0.667969 0.541016
vt 0.691406 0.541016
vt 0.119141 0.433594
vt 0.119141 0.441406
vt 0.050781 0.312500
vt 0.060547 0.320312
vt 0.050781 0.320312
vt 0.650391 0.408203
vt 0.666016 0.408203
vt 0.666016 0.416016
vt 0.070312 0.320312
vt 0.648438 0.962891
vt 0.632812 0.962891
vt 0.632812 0.953125
vt 0.652344 0.525391
vt 0.636719 0.535156
vt 0.369141 0.376953
vt 0.384766 0.376953
vt 0.384766 0.394531
vt 0.369141 0.394531
vt 0.410156 0.320312
vt 0.400391 0.376953
vt 0.400391 0.394531
vt 0.488281 0.320312
vt 0.484375 0.320312
vt 0.279297 0.318359
vt 0.681641 0.664062
vt 0.681641 0.667969
vt 0.654297 0.990234
vt 0.654297 1.000000
vt 0.425781 0.568359
vt 0.425781 0.585938
vt 0.675781 0.779297
vt 0.675781 0.796875
vt 0.177734 0.558594
vt 0.214844 0.312500
vt 0.214844 0.330078
vt 0.552734 0.671875
vt 0.630859 0.671875
vt 0.597656 0.710938
vt 0.671875 0.710938
vt 0.671875 0.714844
vt 0.597656 0.714844
vt 0.310547 0.925781
vt 0.320312 0.925781
vt 0.320312 0.929688
vt 0.310547 0.929688
vt 0.597656 0.707031
vt 0.615234 0.445312
vt 0.625000 0.445312
vt 0.625000 0.449219
vt 0.615234 0.449219
vt 0.507812 0.701172
vt 0.513672 0.734375
vt 0.513672 0.744141
vt 0.587891 0.744141
vt 0.433594 0.962891
vt 0.505859 0.962891
vt 0.492188 0.320312
vt 0.433594 0.945312
vt 0.533203 0.320312
vt 0.597656 0.703125
vt 0.671875 0.923828
vt 0.603516 0.548828
vt 0.603516 0.554688
vt 0.582031 0.986328
vt 0.660156 0.986328
vt 0.660156 0.990234
vt 0.582031 0.990234
vt 0.498047 0.906250
vt 0.515625 0.906250
vt 0.515625 0.910156
vt 0.666016 0.742188
vt 0.587891 0.742188
vt 0.566406 0.316406
vt 0.583984 0.320312
vt 0.566406 0.320312
vt 0.429688 0.683594
vt 0.429688 0.701172
vt 0.623047 0.900391
vt 0.597656 0.912109
vt 0.472656 0.541016
vt 0.554688 0.541016
vt 0.472656 0.552734
vt 0.597656 0.798828
vt 0.623047 0.798828
vt 0.623047 0.810547
vt 0.597656 0.810547
vt 0.472656 0.529297
vt 0.093750 0.654297
vt 0.093750 0.572266
vt 0.119141 0.572266
vt 0.642578 0.292969
vt 0.644531 0.292969
vt 0.644531 0.314453
vt 0.642578 0.314453
vt 0.646484 0.292969
vt 0.646484 0.314453
vt 0.648438 0.292969
vt 0.648438 0.314453
vt 0.650391 0.292969
vt 0.650391 0.314453
vt 0.705078 0.564453
vt 0.707031 0.564453
vt 0.707031 0.562500
vt 0.705078 0.562500
vt 0.714844 0.810547
vt 0.714844 0.812500
vt 0.642578 0.812500
vt 0.707031 0.492188
vt 0.642578 0.681641
vt 0.714844 0.681641
vt 0.714844 0.683594
vt 0.642578 0.683594
vt 0.703125 0.412109
vt 0.707031 0.412109
vt 0.707031 0.414062
vt 0.671875 0.886719
vt 0.599609 0.882812
vt 0.671875 0.882812
vt 0.671875 0.878906
vt 0.000000 0.986328
vt 0.000000 1.000000
vt 0.572266 0.611328
vt 0.601562 0.611328
vt 0.601562 0.625000
vt 0.572266 0.597656
vt 0.000000 0.970703
vt 0.398438 0.310547
vt 0.398438 0.318359
vt 0.390625 0.318359
vt 0.687500 0.878906
vt 0.691406 0.878906
vt 0.691406 0.886719
vt 0.689453 0.570312
vt 0.681641 0.578125
vt 0.691406 0.785156
vt 0.691406 0.792969
vt 0.658203 0.783203
vt 0.658203 0.779297
vt 0.693359 0.363281
vt 0.685547 0.363281
vt 0.693359 0.367188
vt 0.332031 0.431641
vt 0.355469 0.453125
vt 0.652344 0.292969
vt 0.652344 0.314453
vt 0.546875 0.443359
vt 0.570312 0.464844
vt 0.546875 0.464844
vt 0.654297 0.292969
vt 0.654297 0.314453
vt 0.707031 0.859375
vt 0.683594 0.857422
vt 0.707031 0.857422
vt 0.683594 0.763672
vt 0.652344 0.531250
vt 0.671875 0.531250
vt 0.671875 0.537109
vt 0.667969 0.593750
vt 0.667969 0.599609
vt 0.644531 0.599609
vt 0.671875 0.525391
vt 0.455078 0.421875
vt 0.490234 0.421875
vt 0.466797 0.421875
vt 0.662109 0.792969
vt 0.667969 0.798828
vt 0.662109 0.798828
vt 0.662109 0.767578
vt 0.662109 0.773438
vt 0.636719 0.773438
vt 0.685547 0.593750
vt 0.691406 0.593750
vt 0.691406 0.599609
vt 0.664062 0.683594
vt 0.638672 0.689453
vt 0.441406 0.505859
vt 0.435547 0.505859
vt 0.441406 0.480469
vt 0.158203 0.337891
vt 0.152344 0.337891
vt 0.152344 0.363281
vt 0.158203 0.363281
vt 0.000000 0.982422
vt 0.505859 0.587891
vt 0.429688 0.605469
vt 0.000000 0.923828
vt 0.361328 0.357422
vt 0.068359 0.625000
vt 0.062500 0.625000
vt 0.435547 0.541016
vt 0.310547 0.382812
vt 0.306641 0.382812
vt 0.306641 0.376953
vt 0.253906 0.332031
vt 0.250000 0.332031
vt 0.250000 0.337891
vt 0.253906 0.337891
vt 0.703125 0.371094
vt 0.707031 0.371094
vt 0.707031 0.373047
vt 0.705078 0.556641
vt 0.707031 0.556641
vt 0.707031 0.558594
vt 0.705078 0.558594
vt 0.707031 0.353516
vt 0.707031 0.355469
vt 0.705078 0.554688
vt 0.707031 0.554688
vt 0.707031 0.347656
vt 0.703125 0.345703
vt 0.707031 0.332031
vt 0.703125 0.332031
vt 0.707031 0.333984
vt 0.566406 0.292969
vt 0.568359 0.292969
vt 0.568359 0.316406
vt 0.570312 0.292969
vt 0.570312 0.316406
vt 0.572266 0.292969
vt 0.572266 0.316406
vt 0.574219 0.292969
vt 0.574219 0.316406
vt 0.451172 0.294922
vt 0.449219 0.294922
vt 0.449219 0.292969
vt 0.451172 0.292969
vt 0.453125 0.292969
vt 0.453125 0.294922
vt 0.576172 0.292969
vt 0.576172 0.316406
vt 0.578125 0.292969
vt 0.578125 0.316406
vt 0.580078 0.292969
vt 0.580078 0.316406
vt 0.707031 0.548828
vt 0.705078 0.548828
vt 0.705078 0.546875
vt 0.707031 0.546875
vt 0.455078 0.292969
vt 0.455078 0.294922
vt 0.558594 0.798828
vt 0.558594 0.810547
vt 0.615234 0.304688
vt 0.619141 0.304688
vt 0.619141 0.316406
vt 0.558594 0.703125
vt 0.623047 0.304688
vt 0.662109 0.636719
vt 0.623047 0.636719
vt 0.623047 0.632812
vt 0.662109 0.632812
vt 0.001953 0.292969
vt 0.005859 0.292969
vt 0.005859 0.294922
vt 0.705078 0.544922
vt 0.707031 0.544922
vt 0.009766 0.292969
vt 0.009766 0.294922
vt 0.457031 0.292969
vt 0.457031 0.294922
vt 0.708984 0.992188
vt 0.705078 0.992188
vt 0.705078 0.990234
vt 0.708984 0.990234
vt 0.708984 0.988281
vt 0.705078 0.988281
vt 0.701172 0.345703
vt 0.701172 0.351562
vt 0.705078 0.542969
vt 0.707031 0.542969
vt 0.458984 0.292969
vt 0.458984 0.294922
vt 0.705078 0.980469
vt 0.708984 0.980469
vt 0.708984 0.982422
vt 0.705078 0.982422
vt 0.705078 0.978516
vt 0.708984 0.978516
vt 0.705078 0.976562
vt 0.708984 0.976562
vt 0.705078 0.974609
vt 0.708984 0.974609
vt 0.708984 0.865234
vt 0.708984 0.867188
vt 0.685547 0.558594
vt 0.703125 0.558594
vt 0.703125 0.560547
vt 0.685547 0.560547
vt 0.708984 0.783203
vt 0.708984 0.785156
vt 0.685547 0.556641
vt 0.703125 0.556641
vt 0.039062 0.353516
vt 0.031250 0.353516
vt 0.031250 0.335938
vt 0.646484 0.816406
vt 0.646484 0.833984
vt 0.654297 0.833984
vt 0.697266 0.498047
vt 0.705078 0.500000
vt 0.638672 0.927734
vt 0.638672 0.929688
vt 0.621094 0.929688
vt 0.697266 0.488281
vt 0.697266 0.490234
vt 0.685547 0.568359
vt 0.703125 0.568359
vt 0.703125 0.570312
vt 0.503906 0.355469
vt 0.496094 0.355469
vt 0.496094 0.337891
vt 0.503906 0.337891
vt 0.552734 0.337891
vt 0.544922 0.337891
vt 0.552734 0.355469
vt 0.429688 0.699219
vt 0.396484 0.701172
vt 0.699219 0.935547
vt 0.707031 0.935547
vt 0.707031 0.937500
vt 0.681641 0.824219
vt 0.714844 0.824219
vt 0.714844 0.826172
vt 0.681641 0.826172
vt 0.699219 0.800781
vt 0.707031 0.800781
vt 0.605469 0.644531
vt 0.638672 0.644531
vt 0.492188 0.386719
vt 0.492188 0.394531
vt 0.707031 0.716797
vt 0.707031 0.718750
vt 0.685547 0.566406
vt 0.703125 0.566406
vt 0.708984 0.873047
vt 0.708984 0.875000
vt 0.685547 0.564453
vt 0.703125 0.564453
vt 0.560547 0.355469
vt 0.560547 0.337891
vt 0.681641 0.822266
vt 0.714844 0.822266
vt 0.695312 0.388672
vt 0.705078 0.388672
vt 0.705078 0.390625
vt 0.695312 0.390625
vt 0.681641 0.820312
vt 0.714844 0.820312
vt 0.695312 0.359375
vt 0.705078 0.359375
vt 0.705078 0.361328
vt 0.695312 0.361328
vt 0.708984 0.869141
vt 0.708984 0.871094
vt 0.685547 0.562500
vt 0.703125 0.562500
vt 0.023438 0.353516
vt 0.015625 0.353516
vt 0.015625 0.335938
vt 0.023438 0.335938
vt 0.625000 0.441406
vt 0.648438 0.441406
vt 0.669922 0.562500
vt 0.681641 0.562500
vt 0.669922 0.570312
vt 0.625000 0.433594
vt 0.287109 0.394531
vt 0.287109 0.382812
vt 0.617188 0.714844
vt 0.617188 0.722656
vt 0.669922 0.847656
vt 0.681641 0.855469
vt 0.669922 0.855469
vt 0.623047 0.953125
vt 0.306641 0.322266
vt 0.318359 0.322266
vt 0.318359 0.330078
vt 0.306641 0.330078
vt 0.080078 0.386719
vt 0.601562 0.445312
vt 0.279297 0.437500
vt 0.585938 0.423828
vt 0.562500 0.423828
vt 0.576172 0.498047
vt 0.613281 0.498047
vt 0.613281 0.507812
vt 0.693359 0.498047
vt 0.695312 0.498047
vt 0.695312 0.507812
vt 0.576172 0.488281
vt 0.613281 0.488281
vt 0.566406 0.324219
vt 0.564453 0.324219
vt 0.564453 0.287109
vt 0.566406 0.287109
vt 0.037109 0.285156
vt 0.035156 0.285156
vt 0.035156 0.322266
vt 0.037109 0.322266
vt 0.308594 0.394531
vt 0.326172 0.412109
vt 0.308594 0.412109
vt 0.476562 0.359375
vt 0.486328 0.376953
vt 0.476562 0.376953
vt 0.369141 0.390625
vt 0.369141 0.408203
vt 0.351562 0.408203
vt 0.455078 0.357422
vt 0.464844 0.357422
vt 0.464844 0.375000
vt 0.605469 0.375000
vt 0.587891 0.365234
vt 0.605469 0.365234
vt 0.601562 0.322266
vt 0.599609 0.322266
vt 0.599609 0.285156
vt 0.601562 0.285156
vt 0.441406 0.390625
vt 0.441406 0.408203
vt 0.423828 0.408203
vt 0.474609 0.375000
vt 0.458984 0.408203
vt 0.634766 0.373047
vt 0.634766 0.390625
vt 0.625000 0.390625
vt 0.626953 0.986328
vt 0.140625 0.363281
vt 0.492188 0.369141
vt 0.505859 0.369141
vt 0.505859 0.386719
vt 0.214844 0.294922
vt 0.216797 0.294922
vt 0.216797 0.312500
vt 0.613281 0.490234
vt 0.701172 0.472656
vt 0.701172 0.439453
vt 0.701172 0.441406
vt 0.429688 0.408203
vt 0.429688 0.416016
vt 0.423828 0.416016
vt 0.330078 0.337891
vt 0.333984 0.337891
vt 0.333984 0.345703
vt 0.486328 0.369141
vt 0.492188 0.376953
vt 0.074219 0.330078
vt 0.078125 0.330078
vt 0.074219 0.337891
vt 0.314453 0.416016
vt 0.308594 0.416016
vt 0.326172 0.373047
vt 0.320312 0.376953
vt 0.582031 0.365234
vt 0.587891 0.373047
vt 0.582031 0.373047
vt 0.685547 0.330078
vt 0.685547 0.337891
vt 0.503906 0.347656
vt 0.509766 0.347656
vt 0.509766 0.355469
vt 0.687500 0.933594
vt 0.691406 0.933594
vt 0.666016 0.990234
vt 0.666016 0.986328
vt 0.691406 0.957031
vt 0.644531 0.966797
vt 0.679688 0.966797
vt 0.644531 0.962891
vt 0.130859 0.320312
vt 0.130859 0.285156
vt 0.132812 0.285156
vt 0.132812 0.320312
vt 0.615234 0.578125
vt 0.646484 0.509766
vt 0.646484 0.519531
vt 0.582031 1.000000
vt 0.240234 0.468750
vt 0.224609 0.468750
vt 0.240234 0.433594
vt 0.255859 0.433594
vt 0.255859 0.468750
vt 0.101562 0.351562
vt 0.136719 0.355469
vt 0.101562 0.355469
vt 0.369141 0.351562
vt 0.404297 0.351562
vt 0.404297 0.355469
vt 0.369141 0.355469
vt 0.169922 0.320312
vt 0.167969 0.320312
vt 0.167969 0.285156
vt 0.169922 0.285156
vt 0.171875 0.285156
vt 0.171875 0.320312
vt 0.636719 0.792969
vt 0.636719 0.798828
vt 0.582031 0.724609
vt 0.617188 0.724609
vt 0.617188 0.734375
vt 0.654297 0.914062
vt 0.654297 0.923828
vt 0.416016 0.468750
vt 0.416016 0.433594
vt 0.234375 0.294922
vt 0.234375 0.312500
vt 0.556641 0.369141
vt 0.570312 0.369141
vt 0.570312 0.386719
vt 0.236328 0.294922
vt 0.236328 0.312500
vt 0.703125 0.845703
vt 0.689453 0.845703
vt 0.689453 0.843750
vt 0.703125 0.843750
vt 0.703125 0.841797
vt 0.689453 0.841797
vt 0.505859 0.593750
vt 0.603516 0.408203
vt 0.603516 0.414062
vt 0.607422 0.855469
vt 0.363281 0.822266
vt 0.363281 0.779297
vt 0.357422 0.585938
vt 0.310547 0.628906
vt 0.357422 0.628906
vt 0.669922 0.845703
vt 0.714844 0.845703
vt 0.714844 0.847656
vt 0.705078 0.560547
vt 0.707031 0.560547
vt 0.714844 0.431641
vt 0.714844 0.433594
vt 0.669922 0.433594
vt 0.714844 0.386719
vt 0.669922 0.386719
vt 0.669922 0.384766
vt 0.714844 0.384766
vt 0.714844 0.351562
vt 0.669922 0.351562
vt 0.669922 0.353516
vt 0.714844 0.353516
vt 0.513672 0.718750
vt 0.558594 0.718750
vt 0.689453 0.794922
vt 0.691406 0.794922
vt 0.691406 0.810547
vt 0.716797 0.947266
vt 0.671875 0.947266
vt 0.671875 0.945312
vt 0.716797 0.945312
vt 0.716797 0.923828
vt 0.671875 0.925781
vt 0.716797 0.925781
vt 1.000000 0.000000
vt 0.988281 0.000000
vt 0.642578 0.322266
vt 0.703125 0.888672
vt 0.705078 0.888672
vt 0.705078 0.894531
vt 0.677734 0.324219
vt 0.691406 0.330078
vt 0.703125 0.882812
vt 0.705078 0.882812
vt 0.689453 0.839844
vt 0.689453 0.837891
vt 0.554688 0.861328
vt 0.554688 0.867188
vt 0.705078 0.876953
vt 0.558594 0.792969
vt 0.136719 0.291016
vt 0.138672 0.291016
vt 0.138672 0.296875
vt 0.136719 0.296875
vt 0.242188 0.925781
vt 0.242188 0.923828
vt 0.320312 0.923828
vt 0.623047 0.630859
vt 0.703125 0.849609
vt 0.705078 0.849609
vt 0.705078 0.855469
vt 0.703125 0.855469
vt 0.705078 0.839844
vt 0.705078 0.845703
vt 0.705078 0.804688
vt 0.705078 0.810547
vt 0.488281 0.292969
vt 0.490234 0.292969
vt 0.705078 0.851562
vt 0.708984 0.851562
vt 0.708984 0.853516
vt 0.705078 0.853516
vt 0.707031 0.507812
vt 0.707031 0.509766
vt 0.148438 0.292969
vt 0.152344 0.292969
vt 0.705078 0.505859
vt 0.707031 0.505859
vt 0.708984 0.849609
vt 0.156250 0.292969
vt 0.703125 0.794922
vt 0.705078 0.794922
vt 0.705078 0.800781
vt 0.703125 0.800781
vt 0.705078 0.746094
vt 0.705078 0.751953
vt 0.703125 0.751953
vt 0.705078 0.736328
vt 0.703125 0.742188
vt 0.707031 0.498047
vt 0.705078 0.843750
vt 0.708984 0.843750
vt 0.708984 0.845703
vt 0.705078 0.496094
vt 0.707031 0.496094
vt 0.707031 0.494141
vt 0.705078 0.841797
vt 0.708984 0.841797
vt 0.708984 0.839844
vt 0.210938 0.898438
vt 0.222656 0.898438
vt 0.222656 0.904297
vt 0.210938 0.904297
vt 0.705078 0.708984
vt 0.705078 0.714844
vt 0.468750 0.779297
vt 0.468750 0.785156
vt 0.703125 0.699219
vt 0.703125 0.705078
vt 0.703125 0.955078
vt 0.703125 0.933594
vt 0.558594 0.324219
vt 0.033203 0.308594
vt 0.035156 0.308594
vt 0.029297 0.322266
vt 0.035156 0.294922
vt 0.707031 0.439453
vt 0.707031 0.441406
vt 0.312500 0.308594
vt 0.312500 0.322266
vt 0.691406 0.796875
vt 0.693359 0.796875
vt 0.318359 0.308594
vt 0.691406 0.701172
vt 0.693359 0.701172
vt 0.707031 0.400391
vt 0.701172 0.398438
vt 0.707031 0.398438
vt 0.707031 0.396484
vt 0.701172 0.941406
vt 0.705078 0.941406
vt 0.705078 0.945312
vt 0.125000 0.291016
vt 0.126953 0.291016
vt 0.705078 0.937500
vt 0.705078 0.861328
vt 0.707031 0.861328
vt 0.707031 0.865234
vt 0.705078 0.865234
vt 0.708984 0.861328
vt 0.705078 0.859375
vt 0.708984 0.859375
vt 0.708984 0.855469
vt 0.009766 0.291016
vt 0.011719 0.291016
vt 0.011719 0.294922
vt 0.705078 0.966797
vt 0.707031 0.966797
vt 0.707031 0.970703
vt 0.708984 0.966797
vt 0.705078 0.964844
vt 0.708984 0.964844
vt 0.708984 0.962891
vt 0.705078 0.962891
vt 0.705078 0.531250
vt 0.705078 0.960938
vt 0.708984 0.960938
vt 0.476562 0.292969
vt 0.478516 0.292969
vt 0.478516 0.294922
vt 0.476562 0.294922
vt 0.705078 0.958984
vt 0.708984 0.958984
vt 0.033203 0.291016
vt 0.035156 0.291016
vt 0.707031 0.955078
vt 0.705078 0.955078
vt 0.707031 0.958984
vt 0.480469 0.292969
vt 0.480469 0.294922
vt 0.705078 0.953125
vt 0.708984 0.953125
vt 0.708984 0.955078
vt 0.482422 0.292969
vt 0.482422 0.294922
vt 0.708984 0.951172
vt 0.707031 0.945312
vt 0.707031 0.941406
vt 0.705078 0.931641
vt 0.707031 0.931641
vt 0.705078 0.919922
vt 0.707031 0.919922
vt 0.707031 0.923828
vt 0.705078 0.923828
vt 0.708984 0.931641
vt 0.708984 0.929688
vt 0.708984 0.917969
vt 0.705078 0.917969
vt 0.708984 0.919922
vt 0.484375 0.292969
vt 0.705078 0.916016
vt 0.708984 0.916016
vt 0.486328 0.292969
vt 0.705078 0.914062
vt 0.708984 0.914062
vt 0.707031 0.914062
vt 0.705078 0.910156
vt 0.707031 0.900391
vt 0.705078 0.904297
vt 0.707031 0.904297
vt 0.705078 0.898438
vt 0.708984 0.898438
vt 0.708984 0.900391
vt 0.708984 0.896484
vt 0.707031 0.894531
vt 0.705078 0.890625
vt 0.707031 0.890625
vt 0.707031 0.886719
vt 0.705078 0.886719
vt 0.707031 0.882812
vt 0.705078 0.878906
vt 0.707031 0.878906
vt 0.121094 0.292969
vt 0.125000 0.292969
vt 0.708984 0.876953
vt 0.708984 0.878906
vt 0.496094 0.394531
vt 0.496094 0.416016
vt 0.480469 0.416016
vt 0.042969 0.291016
vt 0.044922 0.291016
vt 0.044922 0.312500
vt 0.042969 0.312500
vt 0.511719 0.394531
vt 0.511719 0.416016
vt 0.046875 0.291016
vt 0.046875 0.312500
vt 0.687500 0.953125
vt 0.703125 0.953125
vt 0.687500 0.951172
vt 0.048828 0.291016
vt 0.048828 0.312500
vt 0.601562 0.423828
vt 0.050781 0.291016
vt 0.052734 0.291016
vt 0.052734 0.312500
vt 0.703125 0.949219
vt 0.703125 0.931641
vt 0.687500 0.931641
vt 0.455078 0.408203
vt 0.480469 0.421875
vt 0.683594 0.662109
vt 0.562500 0.406250
vt 0.373047 0.316406
vt 0.369141 0.316406
vt 0.691406 0.890625
vt 0.666016 0.890625
vt 0.666016 0.886719
vt 0.691406 0.615234
vt 0.666016 0.619141
vt 0.691406 0.619141
vt 0.468750 0.722656
vt 0.513672 0.722656
vt 0.468750 0.744141
vt 0.054688 0.291016
vt 0.054688 0.312500
vt 0.468750 0.701172
vt 0.056641 0.291016
vt 0.716797 0.529297
vt 0.671875 0.529297
vt 0.671875 0.527344
vt 0.716797 0.527344
vt 0.716797 0.525391
vt 0.642578 0.814453
vt 0.716797 0.814453
vt 0.716797 0.816406
vt 0.671875 0.509766
vt 0.716797 0.509766
vt 0.716797 0.511719
vt 0.671875 0.511719
vt 0.716797 0.812500
vt 0.716797 0.466797
vt 0.716797 0.468750
vt 0.671875 0.468750
vt 0.074219 0.703125
vt 0.000000 0.703125
vt 0.000000 0.658203
vt 0.394531 0.906250
vt 0.320312 0.906250
vt 0.320312 0.951172
vt 0.394531 0.951172
vt 0.320312 0.291016
vt 0.322266 0.291016
vt 0.322266 0.294922
vt 0.613281 0.390625
vt 0.658203 0.390625
vt 0.658203 0.394531
vt 0.613281 0.394531
vt 0.324219 0.291016
vt 0.324219 0.294922
vt 0.664062 0.519531
vt 0.664062 0.523438
vt 0.619141 0.523438
vt 0.439453 0.328125
vt 0.437500 0.328125
vt 0.437500 0.283203
vt 0.439453 0.283203
vt 0.441406 0.283203
vt 0.441406 0.328125
vt 0.113281 0.292969
vt 0.115234 0.292969
vt 0.115234 0.312500
vt 0.113281 0.312500
vt 0.220703 0.488281
vt 0.220703 0.507812
vt 0.117188 0.292969
vt 0.117188 0.312500
vt 0.472656 0.482422
vt 0.519531 0.482422
vt 0.519531 0.501953
vt 0.472656 0.501953
vt 0.150391 0.474609
vt 0.148438 0.474609
vt 0.150391 0.427734
vt 0.210938 0.287109
vt 0.208984 0.287109
vt 0.208984 0.333984
vt 0.210938 0.333984
vt 0.326172 0.291016
vt 0.326172 0.294922
vt 0.328125 0.291016
vt 0.328125 0.294922
vt 0.623047 0.802734
vt 0.591797 0.328125
vt 0.589844 0.328125
vt 0.589844 0.283203
vt 0.591797 0.283203
vt 0.593750 0.283203
vt 0.593750 0.328125
vt 0.119141 0.292969
vt 0.119141 0.312500
vt 0.212891 0.333984
vt 0.400391 0.285156
vt 0.398438 0.285156
vt 0.398438 0.332031
vt 0.400391 0.332031
vt 0.011719 1.000000
vt 0.013672 1.000000
vt 0.158203 0.402344
vt 0.146484 0.388672
vt 0.179688 0.359375
vt 0.669922 0.863281
vt 0.671875 0.865234
vt 0.669922 0.865234
vt 0.689453 0.574219
vt 0.701172 0.574219
vt 0.669922 0.660156
vt 0.671875 0.662109
vt 0.669922 0.662109
vt 0.689453 0.572266
vt 0.701172 0.572266
vt 0.640625 0.656250
vt 0.640625 0.644531
vt 0.689453 0.511719
vt 0.689453 0.523438
vt 0.701172 0.570312
vt 0.707031 0.710938
vt 0.705078 0.710938
vt 0.689453 0.546875
vt 0.701172 0.546875
vt 0.689453 0.548828
vt 0.705078 0.685547
vt 0.689453 0.544922
vt 0.701172 0.544922
vt 0.701172 0.542969
vt 0.689453 0.542969
vt 0.328125 0.292969
vt 0.330078 0.292969
vt 0.330078 0.294922
vt 0.689453 0.541016
vt 0.332031 0.292969
vt 0.332031 0.294922
vt 0.689453 0.535156
vt 0.701172 0.535156
vt 0.701172 0.537109
vt 0.689453 0.537109
vt 0.693359 0.890625
vt 0.693359 0.878906
vt 0.341797 0.296875
vt 0.341797 0.308594
vt 0.689453 0.533203
vt 0.701172 0.533203
vt 0.333984 0.292969
vt 0.335938 0.292969
vt 0.689453 0.531250
vt 0.701172 0.531250
vt 0.337891 0.292969
vt 0.689453 0.529297
vt 0.701172 0.529297
vt 0.701172 0.371094
s 1
usemtl мая.png.001
f 4/1/1 7/2/1 5/3/1 2/4/1
f 3/5/2 4/6/2 2/7/2 1/8/2
f 8/9/3 3/10/3 1/11/3 6/12/3
f 7/13/4 8/14/4 6/15/4 5/16/4
f 6/17/5 1/11/5 2/10/5 5/18/5
f 7/19/6 4/20/6 3/21/6 8/22/6
f 12/23/1 15/24/1 13/25/1 10/26/1
f 11/27/7 12/28/7 10/29/7 9/30/7
f 16/31/3 11/32/3 9/33/3 14/34/3
f 15/35/8 16/36/8 14/37/8 13/38/8
f 14/39/9 9/40/9 10/41/9 13/42/9
f 15/43/10 12/44/10 11/45/10 16/46/10
f 20/47/1 23/48/1 21/49/1 18/50/1
f 19/51/2 20/52/2 18/53/2 17/54/2
f 24/55/3 19/56/3 17/57/3 22/58/3
f 23/59/4 24/60/4 22/61/4 21/62/4
f 22/63/5 17/64/5 18/65/5 21/66/5
f 23/67/6 20/68/6 19/69/6 24/70/6
f 28/71/1 31/72/1 29/73/1 26/74/1
f 27/75/7 28/76/7 26/77/7 25/78/7
f 32/79/3 27/80/3 25/81/3 30/82/3
f 31/83/8 32/84/8 30/85/8 29/86/8
f 30/87/11 25/88/11 26/89/11 29/90/11
f 31/91/10 28/92/10 27/93/10 32/94/10
f 36/95/1 39/96/1 37/97/1 34/98/1
f 35/99/7 36/100/7 34/101/7 33/102/7
f 40/103/3 35/104/3 33/105/3 38/106/3
f 39/104/8 40/107/8 38/108/8 37/105/8
f 38/109/11 33/110/11 34/111/11 37/112/11
f 39/113/12 36/114/12 35/115/12 40/116/12
f 44/107/1 47/117/1 45/118/1 42/108/1
f 43/119/7 44/120/7 42/121/7 41/122/7
f 48/123/3 43/124/3 41/125/3 46/126/3
f 47/127/8 48/128/8 46/129/8 45/130/8
f 46/131/9 41/132/9 42/133/9 45/134/9
f 47/135/12 44/136/12 43/137/12 48/138/12
f 52/139/1 55/140/1 53/141/1 50/142/1
f 51/143/7 52/144/7 50/145/7 49/146/7
f 56/147/3 51/148/3 49/149/3 54/150/3
f 55/151/8 56/152/8 54/153/8 53/154/8
f 54/155/11 49/156/11 50/157/11 53/158/11
f 55/159/10 52/160/10 51/161/10 56/162/10
f 60/163/1 63/164/1 61/165/1 58/166/1
f 59/167/7 60/168/7 58/169/7 57/170/7
f 64/171/3 59/172/3 57/173/3 62/174/3
f 63/175/8 64/176/8 62/177/8 61/178/8
f 62/179/11 57/94/11 58/91/11 61/180/11
f 63/181/10 60/182/10 59/183/10 64/184/10
f 68/185/13 71/186/13 69/187/13 66/188/13
f 67/189/7 68/190/7 66/191/7 65/192/7
f 72/193/14 67/194/14 65/195/14 70/196/14
f 71/197/8 72/198/8 70/199/8 69/200/8
f 70/201/15 65/202/15 66/203/15 69/204/15
f 71/205/16 68/206/16 67/207/16 72/208/16
f 76/209/1 79/210/1 77/211/1 74/212/1
f 75/213/7 76/214/7 74/215/7 73/216/7
f 80/217/3 75/218/3 73/219/3 78/220/3
f 79/221/8 80/222/8 78/223/8 77/224/8
f 78/225/11 73/226/11 74/227/11 77/228/11
f 79/229/10 76/228/10 75/225/10 80/230/10
f 84/231/1 87/208/1 85/232/1 82/233/1
f 83/234/2 84/235/2 82/236/2 81/237/2
f 88/238/3 83/239/3 81/240/3 86/241/3
f 87/242/4 88/243/4 86/244/4 85/245/4
f 86/246/5 81/247/5 82/248/5 85/249/5
f 87/250/6 84/251/6 83/252/6 88/253/6
f 92/148/1 95/254/1 93/255/1 90/149/1
f 91/256/7 92/257/7 90/258/7 89/259/7
f 96/254/3 91/260/3 89/261/3 94/255/3
f 95/262/8 96/263/8 94/264/8 93/265/8
f 94/266/11 89/267/11 90/268/11 93/269/11
f 95/270/10 92/271/10 91/272/10 96/273/10
f 100/274/1 103/275/1 101/276/1 98/277/1
f 99/278/2 100/279/2 98/280/2 97/281/2
f 104/282/3 99/283/3 97/284/3 102/285/3
f 103/275/4 104/286/4 102/287/4 101/276/4
f 102/288/5 97/289/5 98/290/5 101/291/5
f 103/292/6 100/293/6 99/294/6 104/295/6
f 108/296/1 111/297/1 109/298/1 106/299/1
f 107/300/2 108/288/2 106/301/2 105/302/2
f 112/297/3 107/303/3 105/304/3 110/298/3
f 111/291/4 112/305/4 110/306/4 109/307/4
f 110/308/5 105/309/5 106/310/5 109/311/5
f 111/312/6 108/311/6 107/308/6 112/313/6
f 116/314/1 119/315/1 117/316/1 114/317/1
f 115/318/2 116/319/2 114/320/2 113/321/2
f 120/322/3 115/323/3 113/324/3 118/325/3
f 119/326/4 120/327/4 118/328/4 117/329/4
f 118/330/5 113/331/5 114/332/5 117/333/5
f 119/334/6 116/335/6 115/336/6 120/337/6
f 124/338/1 127/339/1 125/340/1 122/341/1
f 123/342/2 124/343/2 122/344/2 121/345/2
f 128/346/3 123/347/3 121/348/3 126/349/3
f 127/350/4 128/351/4 126/352/4 125/353/4
f 126/354/5 121/355/5 122/356/5 125/357/5
f 127/358/6 124/359/6 123/360/6 128/361/6
f 132/362/17 135/363/17 133/364/17 130/365/17
f 131/366/2 132/367/2 130/368/2 129/369/2
f 136/370/18 131/371/18 129/372/18 134/373/18
f 135/374/4 136/375/4 134/376/4 133/377/4
f 134/378/19 129/379/19 130/380/19 133/381/19
f 135/382/20 132/383/20 131/384/20 136/385/20
f 140/260/1 143/386/1 141/387/1 138/261/1
f 139/388/7 140/389/7 138/390/7 137/391/7
f 144/392/3 139/393/3 137/394/3 142/395/3
f 143/396/8 144/397/8 142/398/8 141/399/8
f 142/148/11 137/147/11 138/400/11 141/401/11
f 143/402/10 140/401/10 139/148/10 144/254/10
f 148/402/1 151/403/1 149/260/1 146/254/1
f 147/404/7 148/405/7 146/406/7 145/407/7
f 152/408/3 147/409/3 145/410/3 150/411/3
f 151/412/8 152/413/8 150/414/8 149/415/8
f 150/416/11 145/230/11 146/229/11 149/417/11
f 151/418/10 148/419/10 147/420/10 152/421/10
f 156/422/1 159/423/1 157/424/1 154/425/1
f 155/426/7 156/427/7 154/428/7 153/429/7
f 160/430/3 155/431/3 153/432/3 158/433/3
f 159/434/8 160/435/8 158/436/8 157/437/8
f 158/438/11 153/439/11 154/440/11 157/441/11
f 159/442/12 156/443/12 155/444/12 160/445/12
f 164/393/1 167/446/1 165/447/1 162/394/1
f 163/64/7 164/448/7 162/449/7 161/244/7
f 168/446/3 163/450/3 161/451/3 166/447/3
f 167/452/8 168/453/8 166/454/8 165/155/8
f 166/455/11 161/421/11 162/418/11 165/456/11
f 167/457/10 164/456/10 163/455/10 168/458/10
f 172/43/21 175/459/21 173/460/21 170/46/21
f 171/461/7 172/462/7 170/463/7 169/464/7
f 176/459/22 171/465/22 169/466/22 174/460/22
f 175/467/8 176/468/8 174/469/8 173/470/8
f 174/386/23 169/260/23 170/403/23 173/471/23
f 175/472/24 172/471/24 171/386/24 176/473/24
f 180/474/1 183/475/1 181/476/1 178/477/1
f 179/435/25 180/478/25 178/479/25 177/436/25
f 184/480/3 179/481/3 177/482/3 182/483/3
f 183/484/26 184/485/26 182/486/26 181/487/26
f 182/488/27 177/489/27 178/490/27 181/491/27
f 183/492/28 180/493/28 179/494/28 184/495/28
f 188/496/1 191/497/1 189/498/1 186/499/1
f 187/500/29 188/501/29 186/502/29 185/503/29
f 192/285/3 187/504/3 185/505/3 190/506/3
f 191/507/30 192/508/30 190/501/30 189/500/30
f 190/509/31 185/466/31 186/465/31 189/510/31
f 191/511/32 188/510/32 187/509/32 192/512/32
f 196/513/1 199/514/1 197/515/1 194/516/1
f 195/517/7 196/518/7 194/519/7 193/520/7
f 200/521/3 195/522/3 193/523/3 198/524/3
f 199/525/8 200/526/8 198/518/8 197/517/8
f 198/527/11 193/458/11 194/457/11 197/528/11
f 199/529/10 196/528/10 195/527/10 200/530/10
f 204/531/1 207/532/1 205/533/1 202/534/1
f 203/397/7 204/535/7 202/536/7 201/398/7
f 208/537/3 203/538/3 201/539/3 206/540/3
f 207/541/8 208/542/8 206/543/8 205/544/8
f 206/522/11 201/521/11 202/545/11 205/546/11
f 207/547/10 204/548/10 203/549/10 208/550/10
f 212/124/1 215/551/1 213/552/1 210/125/1
f 211/553/7 212/554/7 210/555/7 209/556/7
f 216/551/3 211/557/3 209/558/3 214/552/3
f 215/559/8 216/560/8 214/561/8 213/562/8
f 214/563/11 209/564/11 210/565/11 213/566/11
f 215/567/10 212/568/10 211/569/10 216/570/10
f 220/571/1 223/572/1 221/547/1 218/548/1
f 219/573/2 220/574/2 218/575/2 217/576/2
f 224/577/3 219/578/3 217/572/3 222/571/3
f 223/579/4 224/580/4 222/581/4 221/582/4
f 222/583/5 217/584/5 218/585/5 221/586/5
f 223/587/6 220/588/6 219/577/6 224/578/6
f 228/586/1 231/589/1 229/590/1 226/583/1
f 227/591/2 228/592/2 226/593/2 225/594/2
f 232/589/3 227/595/3 225/596/3 230/590/3
f 231/597/4 232/598/4 230/599/4 229/600/4
f 230/601/5 225/596/5 226/595/5 229/602/5
f 231/603/6 228/604/6 227/605/6 232/606/6
f 236/607/1 239/608/1 237/609/1 234/610/1
f 235/611/2 236/612/2 234/613/2 233/614/2
f 240/615/3 235/616/3 233/617/3 238/618/3
f 239/619/4 240/620/4 238/621/4 237/622/4
f 238/623/5 233/624/5 234/625/5 237/626/5
f 239/627/6 236/628/6 235/629/6 240/630/6
f 244/303/1 247/631/1 245/632/1 242/304/1
f 243/633/2 244/634/2 242/635/2 241/53/2
f 248/631/3 243/636/3 241/637/3 246/632/3
f 247/638/4 248/639/4 246/640/4 245/641/4
f 246/642/5 241/512/5 242/511/5 245/643/5
f 247/644/6 244/643/6 243/642/6 248/645/6
f 252/602/33 255/646/33 253/647/33 250/601/33
f 251/648/2 252/649/2 250/650/2 249/651/2
f 256/646/34 251/652/34 249/653/34 254/647/34
f 255/654/4 256/655/4 254/649/4 253/648/4
f 254/656/35 249/530/35 250/529/35 253/657/35
f 255/658/36 252/657/36 251/656/36 256/659/36
f 260/660/37 263/661/37 261/662/37 258/663/37
f 259/664/2 260/665/2 258/666/2 257/667/2
f 264/668/38 259/669/38 257/670/38 262/671/38
f 263/672/4 264/673/4 262/674/4 261/675/4
f 262/603/39 257/604/39 258/676/39 261/677/39
f 263/678/40 260/679/40 259/392/40 264/393/40
f 268/557/1 271/680/1 269/681/1 266/558/1
f 267/128/2 268/682/2 266/683/2 265/129/2
f 272/680/3 267/684/3 265/685/3 270/681/3
f 271/682/4 272/686/4 270/687/4 269/683/4
f 270/688/5 265/689/5 266/690/5 269/691/5
f 271/692/6 268/693/6 267/694/6 272/695/6
f 276/2/1 279/1/1 277/4/1 274/3/1
f 275/14/2 276/13/2 274/16/2 273/15/2
f 280/10/3 275/9/3 273/12/3 278/11/3
f 279/6/4 280/5/4 278/8/4 277/7/4
f 278/11/5 273/17/5 274/18/5 277/10/5
f 279/20/6 276/19/6 275/22/6 280/21/6
f 284/48/1 287/47/1 285/50/1 282/49/1
f 283/60/2 284/59/2 282/62/2 281/61/2
f 288/56/3 283/55/3 281/58/3 286/57/3
f 287/52/4 288/51/4 286/54/4 285/53/4
f 286/64/5 281/63/5 282/66/5 285/65/5
f 287/68/6 284/67/6 283/70/6 288/69/6
f 292/72/1 295/71/1 293/74/1 290/73/1
f 291/84/41 292/83/41 290/86/41 289/85/41
f 296/80/3 291/79/3 289/82/3 294/81/3
f 295/76/42 296/75/42 294/78/42 293/77/42
f 294/88/43 289/87/43 290/90/43 293/89/43
f 295/92/44 292/91/44 291/94/44 296/93/44
f 300/96/1 303/95/1 301/98/1 298/97/1
f 299/107/41 300/104/41 298/105/41 297/108/41
f 304/104/3 299/103/3 297/106/3 302/105/3
f 303/100/42 304/99/42 302/102/42 301/101/42
f 302/110/43 297/109/43 298/112/43 301/111/43
f 303/114/45 300/113/45 299/116/45 304/115/45
f 308/117/1 311/107/1 309/108/1 306/118/1
f 307/128/41 308/127/41 306/130/41 305/129/41
f 312/124/3 307/123/3 305/126/3 310/125/3
f 311/120/42 312/119/42 310/122/42 309/121/42
f 310/132/46 305/131/46 306/134/46 309/133/46
f 311/136/45 308/135/45 307/138/45 312/137/45
f 316/140/1 319/139/1 317/142/1 314/141/1
f 315/152/41 316/151/41 314/154/41 313/153/41
f 320/148/3 315/147/3 313/150/3 318/149/3
f 319/144/42 320/143/42 318/146/42 317/145/42
f 318/156/43 313/155/43 314/158/43 317/157/43
f 319/160/44 316/159/44 315/162/44 320/161/44
f 324/164/1 327/163/1 325/166/1 322/165/1
f 323/176/41 324/175/41 322/178/41 321/177/41
f 328/172/3 323/171/3 321/174/3 326/173/3
f 327/168/42 328/167/42 326/170/42 325/169/42
f 326/94/43 321/179/43 322/180/43 325/91/43
f 327/182/44 324/181/44 323/184/44 328/183/44
f 332/186/47 335/185/47 333/188/47 330/187/47
f 331/198/41 332/197/41 330/200/41 329/199/41
f 336/194/48 331/193/48 329/196/48 334/195/48
f 335/190/42 336/189/42 334/192/42 333/191/42
f 334/202/49 329/201/49 330/204/49 333/203/49
f 335/206/50 332/205/50 331/208/50 336/207/50
f 340/210/1 343/209/1 341/212/1 338/211/1
f 339/222/41 340/221/41 338/224/41 337/223/41
f 344/218/3 339/217/3 337/220/3 342/219/3
f 343/214/42 344/213/42 342/216/42 341/215/42
f 342/226/43 337/225/43 338/228/43 341/227/43
f 343/228/44 340/229/44 339/230/44 344/225/44
f 348/208/1 351/231/1 349/233/1 346/232/1
f 347/243/2 348/242/2 346/245/2 345/244/2
f 352/239/3 347/238/3 345/241/3 350/240/3
f 351/235/4 352/234/4 350/237/4 349/236/4
f 350/247/5 345/246/5 346/249/5 349/248/5
f 351/251/6 348/250/6 347/253/6 352/252/6
f 356/254/1 359/148/1 357/149/1 354/255/1
f 355/263/41 356/262/41 354/265/41 353/264/41
f 360/260/3 355/254/3 353/255/3 358/261/3
f 359/257/42 360/256/42 358/259/42 357/258/42
f 358/267/43 353/266/43 354/269/43 357/268/43
f 359/271/44 356/270/44 355/273/44 360/272/44
f 364/275/1 367/274/1 365/277/1 362/276/1
f 363/286/2 364/275/2 362/276/2 361/287/2
f 368/283/3 363/282/3 361/285/3 366/284/3
f 367/279/4 368/278/4 366/281/4 365/280/4
f 366/289/5 361/288/5 362/291/5 365/290/5
f 367/293/6 364/292/6 363/295/6 368/294/6
f 372/24/1 375/23/1 373/26/1 370/25/1
f 371/36/41 372/35/41 370/38/41 369/37/41
f 376/32/3 371/31/3 369/34/3 374/33/3
f 375/28/42 376/27/42 374/30/42 373/29/42
f 374/40/46 369/39/46 370/42/46 373/41/46
f 375/44/44 372/43/44 371/46/44 376/45/44
f 380/297/1 383/296/1 381/299/1 378/298/1
f 379/305/2 380/291/2 378/307/2 377/306/2
f 384/303/3 379/297/3 377/298/3 382/304/3
f 383/288/4 384/300/4 382/302/4 381/301/4
f 382/309/5 377/308/5 378/311/5 381/310/5
f 383/311/6 380/312/6 379/313/6 384/308/6
f 388/315/1 391/314/1 389/317/1 386/316/1
f 387/327/2 388/326/2 386/329/2 385/328/2
f 392/323/3 387/322/3 385/325/3 390/324/3
f 391/319/4 392/318/4 390/321/4 389/320/4
f 390/331/5 385/330/5 386/333/5 389/332/5
f 391/335/6 388/334/6 387/337/6 392/336/6
f 396/339/1 399/338/1 397/341/1 394/340/1
f 395/351/2 396/350/2 394/353/2 393/352/2
f 400/347/3 395/346/3 393/349/3 398/348/3
f 399/343/4 400/342/4 398/345/4 397/344/4
f 398/355/5 393/354/5 394/357/5 397/356/5
f 399/359/6 396/358/6 395/361/6 400/360/6
f 404/363/17 407/362/17 405/365/17 402/364/17
f 403/375/2 404/374/2 402/377/2 401/376/2
f 408/371/18 403/370/18 401/373/18 406/372/18
f 407/367/4 408/366/4 406/369/4 405/368/4
f 406/379/19 401/378/19 402/381/19 405/380/19
f 407/383/20 404/382/20 403/385/20 408/384/20
f 412/386/1 415/260/1 413/261/1 410/387/1
f 411/397/41 412/396/41 410/399/41 409/398/41
f 416/393/3 411/392/3 409/395/3 414/394/3
f 415/389/42 416/388/42 414/391/42 413/390/42
f 414/147/43 409/148/43 410/401/43 413/400/43
f 415/401/44 412/402/44 411/254/44 416/148/44
f 420/403/1 423/402/1 421/254/1 418/260/1
f 419/413/41 420/412/41 418/415/41 417/414/41
f 424/409/3 419/408/3 417/411/3 422/410/3
f 423/405/42 424/404/42 422/407/42 421/406/42
f 422/230/43 417/416/43 418/417/43 421/229/43
f 423/419/44 420/418/44 419/421/44 424/420/44
f 428/423/1 431/422/1 429/425/1 426/424/1
f 427/435/41 428/434/41 426/437/41 425/436/41
f 432/431/3 427/430/3 425/433/3 430/432/3
f 431/427/42 432/426/42 430/429/42 429/428/42
f 430/439/43 425/438/43 426/441/43 429/440/43
f 431/443/45 428/442/45 427/445/45 432/444/45
f 436/446/1 439/393/1 437/394/1 434/447/1
f 435/453/41 436/452/41 434/155/41 433/454/41
f 440/450/3 435/446/3 433/447/3 438/451/3
f 439/448/42 440/64/42 438/244/42 437/449/42
f 438/421/43 433/455/43 434/456/43 437/418/43
f 439/456/44 436/457/44 435/458/44 440/455/44
f 444/459/51 447/43/51 445/46/51 442/460/51
f 443/468/41 444/467/41 442/470/41 441/469/41
f 448/465/52 443/459/52 441/460/52 446/466/52
f 447/462/42 448/461/42 446/464/42 445/463/42
f 446/260/53 441/386/53 442/471/53 445/403/53
f 447/471/54 444/472/54 443/473/54 448/386/54
f 452/475/1 455/474/1 453/477/1 450/476/1
f 451/485/55 452/484/55 450/487/55 449/486/55
f 456/481/3 451/480/3 449/483/3 454/482/3
f 455/478/56 456/435/56 454/436/56 453/479/56
f 454/489/57 449/488/57 450/491/57 453/490/57
f 455/493/58 452/492/58 451/495/58 456/494/58
f 460/497/1 463/496/1 461/499/1 458/498/1
f 459/508/59 460/507/59 458/500/59 457/501/59
f 464/504/3 459/285/3 457/506/3 462/505/3
f 463/501/60 464/500/60 462/503/60 461/502/60
f 462/466/61 457/509/61 458/510/61 461/465/61
f 463/510/62 460/511/62 459/512/62 464/509/62
f 468/514/1 471/513/1 469/516/1 466/515/1
f 467/526/41 468/525/41 466/517/41 465/518/41
f 472/522/3 467/521/3 465/524/3 470/523/3
f 471/518/42 472/517/42 470/520/42 469/519/42
f 470/458/43 465/527/43 466/528/43 469/457/43
f 471/528/44 468/529/44 467/530/44 472/527/44
f 476/532/1 479/531/1 477/534/1 474/533/1
f 475/542/41 476/541/41 474/544/41 473/543/41
f 480/538/3 475/537/3 473/540/3 478/539/3
f 479/535/42 480/397/42 478/398/42 477/536/42
f 478/521/43 473/522/43 474/546/43 477/545/43
f 479/548/44 476/547/44 475/550/44 480/549/44
f 484/551/1 487/124/1 485/125/1 482/552/1
f 483/560/41 484/559/41 482/562/41 481/561/41
f 488/557/3 483/551/3 481/552/3 486/558/3
f 487/554/42 488/553/42 486/556/42 485/555/42
f 486/564/43 481/563/43 482/566/43 485/565/43
f 487/568/44 484/567/44 483/570/44 488/569/44
f 492/572/1 495/571/1 493/548/1 490/547/1
f 491/580/2 492/579/2 490/582/2 489/581/2
f 496/578/3 491/577/3 489/571/3 494/572/3
f 495/574/4 496/573/4 494/576/4 493/575/4
f 494/584/5 489/583/5 490/586/5 493/585/5
f 495/588/6 492/587/6 491/578/6 496/577/6
f 500/589/1 503/586/1 501/583/1 498/590/1
f 499/598/2 500/597/2 498/600/2 497/599/2
f 504/595/3 499/589/3 497/590/3 502/596/3
f 503/592/4 504/591/4 502/594/4 501/593/4
f 502/596/5 497/601/5 498/602/5 501/595/5
f 503/604/6 500/603/6 499/606/6 504/605/6
f 508/608/1 511/607/1 509/610/1 506/609/1
f 507/620/2 508/619/2 506/622/2 505/621/2
f 512/616/3 507/615/3 505/618/3 510/617/3
f 511/612/4 512/611/4 510/614/4 509/613/4
f 510/624/5 505/623/5 506/626/5 509/625/5
f 511/628/6 508/627/6 507/630/6 512/629/6
f 516/631/1 519/303/1 517/304/1 514/632/1
f 515/639/2 516/638/2 514/641/2 513/640/2
f 520/636/3 515/631/3 513/632/3 518/637/3
f 519/634/4 520/633/4 518/53/4 517/635/4
f 518/512/5 513/642/5 514/643/5 517/511/5
f 519/643/6 516/644/6 515/645/6 520/642/6
f 524/646/33 527/602/33 525/601/33 522/647/33
f 523/655/2 524/654/2 522/648/2 521/649/2
f 528/652/34 523/646/34 521/647/34 526/653/34
f 527/649/4 528/648/4 526/651/4 525/650/4
f 526/530/35 521/656/35 522/657/35 525/529/35
f 527/657/36 524/658/36 523/659/36 528/656/36
f 532/661/37 535/660/37 533/663/37 530/662/37
f 531/673/2 532/672/2 530/675/2 529/674/2
f 536/669/38 531/668/38 529/671/38 534/670/38
f 535/665/4 536/664/4 534/667/4 533/666/4
f 534/604/39 529/603/39 530/677/39 533/676/39
f 535/679/40 532/678/40 531/393/40 536/392/40
f 540/680/1 543/557/1 541/558/1 538/681/1
f 539/686/2 540/682/2 538/683/2 537/687/2
f 544/684/3 539/680/3 537/681/3 542/685/3
f 543/682/4 544/128/4 542/129/4 541/683/4
f 542/689/5 537/688/5 538/691/5 541/690/5
f 543/693/6 540/692/6 539/695/6 544/694/6
f 548/696/63 551/697/63 549/698/64 546/699/65
f 547/700/2 548/701/2 546/508/2 545/507/2
f 552/702/66 547/703/67 545/697/68 550/696/68
f 551/704/4 552/705/4 550/706/4 549/707/4
f 556/708/69 559/709/69 557/710/70 554/262/70
f 555/711/2 556/712/2 554/713/2 553/633/2
f 560/714/71 555/715/71 553/716/72 558/388/72
f 559/717/4 560/718/4 558/719/4 557/720/4
f 558/721/5 553/722/5 554/723/70 557/724/70
f 559/725/6 556/726/6 555/727/71 560/728/71
f 564/729/1 567/730/1 565/731/1 562/732/1
f 563/733/2 564/734/2 562/735/2 561/736/2
f 568/737/3 563/738/3 561/730/3 566/729/3
f 567/739/4 568/740/4 566/741/4 565/742/4
f 566/648/5 561/743/5 562/744/5 565/654/5
f 567/745/6 564/746/6 563/747/6 568/748/6
f 572/749/1 575/750/1 573/751/1 570/752/1
f 571/753/2 572/754/2 570/755/2 569/756/2
f 576/757/3 571/758/3 569/750/3 574/749/3
f 575/759/4 576/760/4 574/761/4 573/705/4
f 574/762/5 569/763/5 570/764/5 573/765/5
f 575/766/6 572/767/6 571/764/6 576/765/6
f 580/768/1 583/769/1 581/770/1 578/771/1
f 579/772/2 580/773/2 578/774/2 577/591/2
f 584/769/3 579/775/3 577/776/3 582/770/3
f 583/777/4 584/778/4 582/779/4 581/780/4
f 582/781/5 577/782/5 578/560/5 581/783/5
f 583/784/6 580/783/6 579/781/6 584/785/6
f 588/786/73 591/787/73 589/788/73 586/789/73
f 587/658/2 588/790/2 586/791/2 585/659/2
f 592/792/74 587/793/74 585/794/74 590/443/74
f 591/795/4 592/796/4 590/797/4 589/798/4
f 590/799/75 585/800/75 586/801/75 589/802/75
f 591/803/76 588/804/76 587/805/76 592/806/76
f 596/807/1 599/808/1 597/809/1 594/810/1
f 595/811/2 596/812/2 594/813/2 593/814/2
f 600/815/3 595/816/3 593/808/3 598/807/3
f 599/817/4 600/818/4 598/812/4 597/811/4
f 598/819/5 593/820/5 594/821/5 597/822/5
f 599/823/6 596/824/6 595/825/6 600/691/6
f 604/826/73 607/801/73 605/827/73 602/828/73
f 603/796/2 604/829/2 602/830/2 601/797/2
f 608/831/74 603/832/74 601/712/74 606/833/74
f 607/829/4 608/834/4 606/835/4 605/830/4
f 606/836/75 601/837/75 602/838/75 605/839/75
f 607/840/76 604/841/76 603/838/76 608/839/76
f 612/842/1 615/843/1 613/844/1 610/264/1
f 611/845/2 612/846/2 610/847/2 609/848/2
f 616/846/3 611/849/3 609/850/3 614/847/3
f 615/849/4 616/851/4 614/852/4 613/850/4
f 614/853/5 609/854/5 610/855/5 613/856/5
f 615/857/6 612/858/6 611/855/6 616/856/6
f 620/859/1 623/860/1 621/861/1 618/862/1
f 619/863/2 620/864/2 618/857/2 617/858/2
f 624/865/3 619/482/3 617/866/3 622/867/3
f 623/868/4 624/869/4 622/870/4 621/871/4
f 622/872/5 617/873/5 618/874/5 621/875/5
f 623/876/6 620/877/6 619/878/6 624/879/6
f 628/880/1 631/881/1 629/882/1 626/883/1
f 627/884/2 628/885/2 626/886/2 625/887/2
f 632/888/3 627/889/3 625/890/3 630/891/3
f 631/892/4 632/893/4 630/894/4 629/895/4
f 630/869/5 625/868/5 626/896/5 629/897/5
f 631/898/6 628/899/6 627/900/6 632/901/6
f 636/902/1 639/903/1 637/904/1 634/905/1
f 635/906/2 636/907/2 634/908/2 633/909/2
f 640/910/3 635/911/3 633/912/3 638/913/3
f 639/12/4 640/11/4 638/914/4 637/915/4
f 638/898/5 633/899/5 634/916/5 637/917/5
f 639/918/6 636/919/6 635/916/6 640/917/6
f 644/920/1 647/921/1 645/918/1 642/919/1
f 643/922/2 644/923/2 642/924/2 641/925/2
f 648/926/3 643/927/3 641/928/3 646/929/3
f 647/930/4 648/931/4 646/932/4 645/933/4
f 646/934/5 641/935/5 642/936/5 645/937/5
f 647/938/6 644/939/6 643/940/6 648/941/6
f 652/942/1 655/943/1 653/944/1 650/817/1
f 651/945/2 652/946/2 650/927/2 649/926/2
f 656/947/3 651/948/3 649/949/3 654/950/3
f 655/951/4 656/952/4 654/953/4 653/954/4
f 654/955/5 649/956/5 650/957/5 653/958/5
f 655/959/6 652/542/6 651/960/6 656/961/6
f 660/962/1 663/963/1 661/964/1 658/965/1
f 659/966/2 660/967/2 658/952/2 657/951/2
f 664/968/3 659/969/3 657/970/3 662/971/3
f 663/972/4 664/973/4 662/967/4 661/966/4
f 662/974/5 657/975/5 658/976/5 661/977/5
f 663/978/6 660/979/6 659/980/6 664/981/6
f 668/851/1 671/982/1 669/983/1 666/852/1
f 667/982/2 668/984/2 666/985/2 665/983/2
f 672/984/3 667/986/3 665/987/3 670/985/3
f 671/988/4 672/989/4 670/990/4 669/991/4
f 670/973/5 665/972/5 666/992/5 669/993/5
f 671/994/6 668/995/6 667/996/6 672/997/6
f 676/998/1 679/999/1 677/1000/1 674/1001/1
f 675/1002/2 676/1003/2 674/993/2 673/992/2
f 680/1004/3 675/1005/3 673/999/3 678/998/3
f 679/994/4 680/1006/4 678/1007/4 677/997/4
f 678/1005/5 673/1004/5 674/1008/5 677/1009/5
f 679/751/6 676/752/6 675/1010/6 680/1011/6
f 684/1012/1 687/1013/1 685/1014/1 682/1015/1
f 683/1016/2 684/1017/2 682/1003/2 681/1002/2
f 688/1018/3 683/1019/3 681/1020/3 686/1021/3
f 687/1006/4 688/1022/4 686/1023/4 685/1007/4
f 686/1024/5 681/1025/5 682/1026/5 685/1027/5
f 687/1028/6 684/1029/6 683/1026/6 688/1027/6
f 692/1030/1 695/1031/1 693/1032/1 690/1033/1
f 691/1034/2 692/1035/2 690/1036/2 689/1037/2
f 696/1038/3 691/1039/3 689/1040/3 694/1041/3
f 695/1039/4 696/1042/4 694/1043/4 693/1040/4
f 694/1044/5 689/1023/5 690/1022/5 693/1045/5
f 695/1046/6 692/1045/6 691/1044/6 696/1047/6
f 700/11/1 703/17/1 701/1048/1 698/914/1
f 699/1049/2 700/1050/2 698/534/2 697/1051/2
f 704/895/3 699/894/3 697/540/3 702/1052/3
f 703/843/4 704/1053/4 702/1054/4 701/1055/4
f 702/1056/5 697/1047/5 698/1046/5 701/1057/5
f 703/1058/6 700/1057/6 699/1056/6 704/1059/6
f 708/1058/1 711/753/1 709/756/1 706/1059/1
f 707/1060/2 708/1061/2 706/1062/2 705/1063/2
f 712/705/3 707/761/3 705/1064/3 710/706/3
f 711/1065/4 712/1066/4 710/1067/4 709/1068/4
f 710/1069/5 705/1070/5 706/1071/5 709/1072/5
f 711/1073/6 708/1074/6 707/1075/6 712/1076/6
f 716/1077/1 719/1078/1 717/1079/1 714/1080/1
f 715/1081/2 716/1082/2 714/1083/2 713/1084/2
f 720/1085/3 715/1086/3 713/1087/3 718/1088/3
f 719/1089/4 720/1090/4 718/1091/4 717/1092/4
f 718/1093/5 713/1094/5 714/1095/5 717/1096/5
f 719/910/6 716/1097/6 715/1098/6 720/1099/6
f 724/1100/1 727/1101/1 725/1102/1 722/1103/1
f 723/1104/2 724/1105/2 722/1106/2 721/1107/2
f 728/1108/3 723/1109/3 721/1110/3 726/1111/3
f 727/1112/4 728/1113/4 726/1114/4 725/1115/4
f 726/1116/5 721/1117/5 722/1118/5 725/1119/5
f 727/1120/6 724/1121/6 723/726/6 728/1122/6
f 732/1123/77 735/1124/77 733/760/77 730/759/77
f 731/1125/2 732/1126/2 730/1127/2 729/1128/2
f 736/1129/78 731/1130/78 729/1124/78 734/1123/78
f 735/1131/4 736/169/4 734/1132/4 733/1133/4
f 734/446/79 729/393/79 730/678/79 733/1134/79
f 735/1135/80 732/1134/80 731/446/80 736/450/80
f 740/1136/1 743/1137/1 741/1138/1 738/1139/1
f 739/1140/2 740/1141/2 738/1142/2 737/1143/2
f 744/1144/3 739/449/3 737/1145/3 742/1146/3
f 743/1147/4 744/1148/4 742/1130/4 741/1129/4
f 742/1149/5 737/1150/5 738/1151/5 741/1152/5
f 743/1153/6 740/1154/6 739/1155/6 744/1156/6
f 748/1141/1 751/1157/1 749/1158/1 746/1142/1
f 747/1159/2 748/1160/2 746/1148/2 745/1147/2
f 752/1161/3 747/1162/3 745/1160/3 750/1159/3
f 751/1163/4 752/1164/4 750/1162/4 749/1161/4
f 750/1165/5 745/1166/5 746/1167/5 749/1168/5
f 751/1169/6 748/1170/6 747/1163/6 752/1164/6
f 756/1168/77 759/1171/77 757/1172/77 754/1165/77
f 755/1173/2 756/1174/2 754/1175/2 753/1176/2
f 760/1171/78 755/1177/78 753/1178/78 758/1172/78
f 759/1179/4 760/1180/4 758/1181/4 757/1182/4
f 758/1183/79 753/1184/79 754/1185/79 757/1186/79
f 759/1187/80 756/1188/80 755/1189/80 760/1190/80
f 764/1191/1 767/1192/1 765/1193/1 762/3/1
f 763/1177/2 764/1194/2 762/1195/2 761/1178/2
f 768/2/81 763/1196/81 761/1192/81 766/1191/81
f 767/1194/4 768/1197/4 766/1198/4 765/1195/4
f 766/1199/5 761/1198/5 762/1197/5 765/1200/5
f 767/1201/6 764/1202/6 763/1203/6 768/1204/6
f 772/1205/1 775/1206/1 773/1207/1 770/1208/1
f 771/1209/2 772/1210/2 770/1211/2 769/1212/2
f 776/1213/3 771/884/3 769/1214/3 774/1215/3
f 775/1216/4 776/1217/4 774/1201/4 773/1202/4
f 774/1218/5 769/1219/5 770/1220/5 773/1221/5
f 775/1222/6 772/1223/6 771/1224/6 776/1225/6
f 780/1226/82 783/362/82 781/365/82 778/1227/82
f 779/1228/2 780/1229/2 778/1230/2 777/1231/2
f 784/1232/83 779/1233/83 777/1234/83 782/1235/83
f 783/259/4 784/1236/4 782/1051/4 781/1237/4
f 782/1238/84 777/1239/84 778/233/84 781/1240/84
f 783/1241/85 780/1242/85 779/1243/85 784/1244/85
f 788/1245/86 791/1246/86 789/1247/86 786/563/86
f 787/1248/2 788/1249/2 786/1250/2 785/1251/2
f 792/1252/87 787/1253/87 785/1254/87 790/859/87
f 791/1255/4 792/1256/4 790/1257/4 789/1258/4
f 790/1259/88 785/1260/88 786/1261/88 789/1262/88
f 791/1263/89 788/1264/89 787/1265/89 792/1266/89
f 796/1267/90 799/1268/90 797/1269/90 794/1270/90
f 795/1271/91 796/1272/91 794/1273/91 793/1274/91
f 800/1268/92 795/1275/92 793/1276/92 798/1269/92
f 799/1277/93 800/1278/93 798/1279/93 797/1280/93
f 798/1281/94 793/1282/94 794/1283/94 797/1284/94
f 799/1285/95 796/1286/95 795/1283/95 800/1284/95
f 804/1287/79 807/1288/79 805/1289/79 802/1290/79
f 803/1291/2 804/23/2 802/1292/2 801/1293/2
f 808/1294/80 803/1295/80 801/237/80 806/1296/80
f 807/226/4 808/416/4 806/1297/4 805/1298/4
f 806/1299/78 801/1300/78 802/1301/78 805/1302/78
f 807/1303/77 804/1304/77 803/1301/77 808/1302/77
f 812/1305/96 815/1306/96 813/1253/96 810/1307/96
f 811/684/2 812/1308/2 810/1309/2 809/685/2
f 816/1306/97 811/1310/97 809/1311/97 814/1253/97
f 815/1308/4 816/1312/4 814/1313/4 813/1309/4
f 814/766/98 809/767/98 810/1314/98 813/1315/98
f 815/1316/99 812/1317/99 811/1318/99 816/1319/99
f 820/431/96 823/1320/96 821/1321/96 818/1322/96
f 819/1072/2 820/1323/2 818/1324/2 817/1325/2
f 824/1326/97 819/1327/97 817/1328/97 822/1329/97
f 823/1088/4 824/1087/4 822/1330/4 821/1331/4
f 822/1332/98 817/1333/98 818/1334/98 821/1335/98
f 823/1336/99 820/1337/99 819/1338/99 824/1339/99
f 828/1340/1 831/1341/1 829/1342/1 826/1343/1
f 827/1344/2 828/1345/2 826/1346/2 825/1347/2
f 832/1348/3 827/1349/3 825/1303/3 830/1304/3
f 831/1350/4 832/1351/4 830/84/4 829/1352/4
f 830/1349/5 825/1348/5 826/1353/5 829/1354/5
f 831/1355/6 828/1356/6 827/1357/6 832/1358/6
f 836/1253/82 839/1250/82 837/24/82 834/1254/82
f 835/1359/2 836/1360/2 834/1361/2 833/1362/2
f 840/67/83 835/428/83 833/1363/83 838/1364/83
f 839/1365/4 840/1366/4 838/1367/4 837/1368/4
f 838/1355/84 833/1356/84 834/1369/84 837/1370/84
f 839/1371/85 836/1150/85 835/1372/85 840/1373/85
f 844/1374/1 847/1375/1 845/1376/1 842/1377/1
f 843/1378/2 844/1379/2 842/1380/2 841/1381/2
f 848/1382/3 843/1383/3 841/1375/3 846/1374/3
f 847/1384/4 848/1385/4 846/1386/4 845/1387/4
f 846/1383/5 841/1382/5 842/1388/5 845/1389/5
f 847/1390/6 844/1391/6 843/1392/6 848/1393/6
f 852/1394/96 855/356/96 853/1395/96 850/1396/96
f 851/1397/2 852/1398/2 850/1399/2 849/1400/2
f 856/634/97 851/242/97 849/1401/97 854/1402/97
f 855/1398/4 856/1403/4 854/1404/4 853/1399/4
f 854/1336/98 849/1337/98 850/1405/98 853/1406/98
f 855/1407/99 852/1408/99 851/1409/99 856/1410/99
f 860/1275/100 863/69/100 861/1411/100 858/1276/100
f 859/1412/101 860/1413/101 858/1414/101 857/1415/101
f 864/69/102 859/70/102 857/58/102 862/1411/102
f 863/1413/103 864/1416/103 862/1417/103 861/1414/103
f 862/1285/104 857/1286/104 858/1418/104 861/1419/104
f 863/1420/105 860/1421/105 859/1418/105 864/1419/105
f 868/159/96 871/1422/96 869/1423/96 866/68/96
f 867/1312/2 868/1424/2 866/1425/2 865/1313/2
f 872/1422/97 867/1380/97 865/429/97 870/1423/97
f 871/1424/4 872/1426/4 870/1427/4 869/1425/4
f 870/1316/98 865/1317/98 866/1428/98 869/1429/98
f 871/1430/99 868/1431/99 867/1432/99 872/1433/99
f 876/860/79 879/1291/79 877/1293/79 874/668/79
f 875/1434/2 876/1435/2 874/1436/2 873/284/2
f 880/1364/80 875/1363/80 873/1437/80 878/55/80
f 879/1438/4 880/1439/4 878/1440/4 877/1441/4
f 878/1442/78 873/1443/78 874/1444/78 877/1445/78
f 879/1446/77 876/1447/77 875/1448/77 880/1449/77
f 884/475/79 887/1450/79 885/1451/79 882/1118/79
f 883/1452/2 884/1453/2 882/1454/2 881/1455/2
f 888/1456/80 883/1457/80 881/1458/80 886/1459/80
f 887/1453/4 888/1460/4 886/1461/4 885/1454/4
f 886/1462/78 881/1463/78 882/822/78 885/1464/78
f 887/1465/77 884/1466/77 883/1242/77 888/1241/77
f 892/1467/106 895/1468/106 893/1469/106 890/1470/106
f 891/1471/2 892/1472/2 890/1473/2 889/1474/2
f 896/1109/107 891/1475/107 889/1476/107 894/1110/107
f 895/1477/4 896/1478/4 894/1479/4 893/1480/4
f 894/1481/108 889/1482/108 890/1483/108 893/1484/108
f 895/1485/109 892/1484/109 891/1481/109 896/1486/109
f 900/353/86 903/1487/86 901/1488/86 898/1489/86
f 899/1490/2 900/1491/2 898/1492/2 897/1493/2
f 904/1494/87 899/1495/87 897/1098/87 902/1344/87
f 903/1491/4 904/1496/4 902/1497/4 901/1492/4
f 902/1446/88 897/1447/88 898/1498/88 901/1499/88
f 903/1500/89 900/1501/89 899/1502/89 904/948/89
f 908/1503/1 911/1504/1 909/281/1 906/1505/1
f 907/1506/2 908/1507/2 906/1508/2 905/1509/2
f 912/1510/3 907/1511/3 905/802/3 910/826/3
f 911/1270/4 912/1512/4 910/1513/4 909/1514/4
f 910/170/5 905/1515/5 906/1516/5 909/167/5
f 911/824/6 908/1517/6 907/1518/6 912/1519/6
f 916/1518/96 919/1519/96 917/42/96 914/1520/96
f 915/1521/2 916/1522/2 914/1523/2 913/872/2
f 920/1524/97 915/1525/97 913/1526/97 918/1527/97
f 919/1528/4 920/1529/4 918/1530/4 917/1531/4
f 918/1532/98 913/1533/98 914/1534/98 917/1535/98
f 919/936/99 916/1536/99 915/1537/99 920/935/99
f 924/1538/106 927/1539/106 925/1540/106 922/1541/106
f 923/1240/2 924/1542/2 922/1543/2 921/1238/2
f 928/1544/107 923/1545/107 921/1546/107 926/1547/107
f 927/1371/4 928/1548/4 926/1549/4 925/1373/4
f 926/1550/108 921/815/108 922/1551/108 925/1552/108
f 927/1553/109 924/1554/109 923/1551/109 928/1552/109
f 932/367/79 935/1555/79 933/1556/79 930/1557/79
f 931/1558/2 932/1559/2 930/1560/2 929/1561/2
f 936/1555/80 931/1562/80 929/1563/80 934/1556/80
f 935/1505/4 936/1564/4 934/1565/4 933/1566/4
f 934/1265/78 929/1567/78 930/867/78 933/1264/78
f 935/1568/77 932/1569/77 931/1570/77 936/1571/77
f 940/1572/1 943/1259/1 941/1573/1 938/1574/1
f 939/1441/2 940/1575/2 938/1576/2 937/1577/2
f 944/1578/3 939/1579/3 937/1580/3 942/1581/3
f 943/1582/4 944/1583/4 942/1584/4 941/1585/4
f 942/1586/5 937/1587/5 938/1588/5 941/1589/5
f 943/1590/6 940/1591/6 939/1592/6 944/1593/6
f 948/1594/1 951/1595/1 949/1596/1 946/1597/1
f 947/1598/2 948/1599/2 946/198/2 945/197/2
f 952/1600/3 947/1601/3 945/1595/3 950/1594/3
f 951/1602/4 952/1603/4 950/1604/4 949/1605/4
f 950/1606/5 945/1607/5 946/1608/5 949/1609/5
f 951/1610/6 948/1611/6 947/1612/6 952/1613/6
f 956/1614/79 959/1615/79 957/363/79 954/1616/79
f 955/1617/2 956/1618/2 954/1619/2 953/1620/2
f 960/1621/80 955/1622/80 953/1623/80 958/1247/80
f 959/724/4 960/1624/4 958/1625/4 957/721/4
f 958/1626/78 953/1627/78 954/1628/78 957/1629/78
f 959/1630/77 956/1631/77 955/1632/77 960/1633/77
f 964/1634/1 967/1635/1 965/1636/1 962/1637/1
f 963/1638/2 964/1639/2 962/1640/2 961/1641/2
f 968/1639/3 963/1642/3 961/1643/3 966/1640/3
f 967/1644/4 968/1645/4 966/1646/4 965/1647/4
f 966/462/5 961/461/5 962/1648/5 965/1649/5
f 967/1650/6 964/1651/6 963/1652/6 968/1653/6
f 972/1654/110 975/693/110 973/694/110 970/1655/110
f 971/1656/2 972/1657/2 970/1658/2 969/1659/2
f 976/1660/111 971/1661/111 969/1662/111 974/1663/111
f 975/1657/4 976/1664/4 974/1665/4 973/1658/4
f 974/1499/112 969/1498/112 970/1666/112 973/1667/112
f 975/1668/113 972/1669/113 971/1670/113 976/1671/113
f 980/1672/1 983/1673/1 981/1674/1 978/1675/1
f 979/1676/2 980/888/2 978/1677/2 977/1678/2
f 984/1679/3 979/1680/3 977/1681/3 982/1682/3
f 983/1683/4 984/1684/4 982/1685/4 981/1686/4
f 982/641/5 977/831/5 978/1687/5 981/1688/5
f 983/700/6 980/1262/6 979/1259/6 984/503/6
f 988/1689/1 991/1690/1 989/1691/1 986/1692/1
f 987/1693/2 988/1694/2 986/1695/2 985/1696/2
f 992/1697/3 987/1698/3 985/1699/3 990/1631/3
f 991/1700/4 992/1701/4 990/1702/4 989/1703/4
f 990/407/5 985/1704/5 986/1622/5 989/404/5
f 991/412/6 988/1705/6 987/1706/6 992/415/6
f 996/1707/1 999/1708/1 997/1709/1 994/1710/1
f 995/1711/2 996/1712/2 994/1713/2 993/1714/2
f 1000/1715/3 995/1716/3 993/1708/3 998/1707/3
f 999/1717/4 1000/1718/4 998/784/4 997/1719/4
f 998/1236/5 993/258/5 994/1720/5 997/1049/5
f 999/1721/6 996/1722/6 995/1723/6 1000/142/6
f 1004/1724/114 1007/1725/114 1005/1300/114 1002/1726/114
f 1003/1664/2 1004/1727/2 1002/1728/2 1001/1665/2
f 1008/1729/115 1003/1730/115 1001/1725/115 1006/1724/115
f 1007/1727/4 1008/1731/4 1006/1732/4 1005/1728/4
f 1006/1733/116 1001/1734/116 1002/1735/116 1005/1736/116
f 1007/899/117 1004/1737/117 1003/1738/117 1008/900/117
f 1012/1739/118 1015/1353/118 1013/1730/118 1010/1729/118
f 1011/1740/2 1012/1741/2 1010/1742/2 1009/1743/2
f 1016/1744/119 1011/1745/119 1009/1357/119 1014/1746/119
f 1015/1747/4 1016/1748/4 1014/1749/4 1013/1750/4
f 1014/1751/120 1009/1752/120 1010/1753/120 1013/1754/120
f 1015/1755/121 1012/1756/121 1011/1753/121 1016/1754/121
f 1020/1718/79 1023/1757/79 1021/1758/79 1018/785/79
f 1019/881/2 1020/1759/2 1018/1760/2 1017/1761/2
f 1024/1512/80 1019/1276/80 1017/1762/80 1022/1763/80
f 1023/382/4 1024/1764/4 1022/1765/4 1021/776/4
f 1022/778/78 1017/777/78 1018/1766/78 1021/1767/78
f 1023/599/77 1020/773/77 1019/774/77 1024/1768/77
f 1028/1769/1 1031/1770/1 1029/1771/1 1026/1772/1
f 1027/1773/2 1028/1774/2 1026/1650/2 1025/1651/2
f 1032/1459/3 1027/1775/3 1025/1776/3 1030/1777/3
f 1031/1778/4 1032/1779/4 1030/1780/4 1029/1749/4
f 1030/1781/5 1025/1782/5 1026/1655/5 1029/1783/5
f 1031/1784/6 1028/1785/6 1027/1786/6 1032/1787/6
f 1036/1788/1 1039/1789/1 1037/1716/1 1034/1715/1
f 1035/1790/2 1036/1791/2 1034/1792/2 1033/1793/2
f 1040/1794/3 1035/1795/3 1033/1796/3 1038/1797/3
f 1039/1798/4 1040/1799/4 1038/1800/4 1037/1801/4
f 1038/1802/5 1033/1803/5 1034/1804/5 1037/1805/5
f 1039/1806/6 1036/1795/6 1035/1796/6 1040/1807/6
f 1044/1457/79 1047/15/79 1045/1808/79 1042/1458/79
f 1043/1460/2 1044/1809/2 1042/1810/2 1041/1461/2
f 1048/1811/80 1043/1812/80 1041/1813/80 1046/63/80
f 1047/1809/4 1048/1814/4 1046/1815/4 1045/1810/4
f 1046/1816/78 1041/1817/78 1042/1818/78 1045/1819/78
f 1047/1820/77 1044/1821/77 1043/1818/77 1048/1819/77
f 1052/1629/1 1055/1822/1 1053/1823/1 1050/1626/1
f 1051/1824/2 1052/1825/2 1050/1826/2 1049/1827/2
f 1056/1828/3 1051/892/3 1049/1829/3 1054/182/3
f 1055/1830/4 1056/1831/4 1054/1832/4 1053/1833/4
f 1054/1831/5 1049/1830/5 1050/1834/5 1053/1835/5
f 1055/1836/6 1052/1630/6 1051/1633/6 1056/1837/6
f 1060/971/110 1063/1838/110 1061/1745/110 1058/1744/110
f 1059/1839/2 1060/1840/2 1058/1841/2 1057/1780/2
f 1064/1842/111 1059/1151/111 1057/1372/111 1062/1843/111
f 1063/1844/4 1064/1845/4 1062/1846/4 1061/467/4
f 1062/1820/112 1057/1821/112 1058/1847/112 1061/1848/112
f 1063/1849/113 1060/1850/113 1059/1847/113 1064/1848/113
f 1068/1851/1 1071/1852/1 1069/727/1 1066/1853/1
f 1067/1854/2 1068/1855/2 1066/1632/2 1065/175/2
f 1072/1856/3 1067/1857/3 1065/1858/3 1070/1720/3
f 1071/1650/4 1072/1859/4 1070/1860/4 1069/1861/4
f 1070/707/5 1065/1266/5 1066/1263/5 1069/1862/5
f 1071/1863/6 1068/1355/6 1067/1358/6 1072/1864/6
f 1076/1806/1 1079/1865/1 1077/1866/1 1074/1807/1
f 1075/1867/122 1076/1868/122 1074/1869/122 1073/1870/122
f 1080/1871/3 1075/1872/3 1073/1873/3 1078/1874/3
f 1079/1875/123 1080/1627/123 1078/1868/123 1077/1867/123
f 1078/1876/124 1073/1877/124 1074/1878/124 1077/1879/124
f 1079/1880/125 1076/1879/125 1075/1876/125 1080/1881/125
f 1084/1426/1 1087/1882/1 1085/1883/1 1082/1427/1
f 1083/1884/41 1084/1885/41 1082/1886/41 1081/1887/41
f 1088/1885/3 1083/1888/3 1081/1889/3 1086/1886/3
f 1087/1888/42 1088/1890/42 1086/1891/42 1085/1889/42
f 1086/1892/43 1081/1211/43 1082/1210/43 1085/1893/43
f 1087/1894/44 1084/1895/44 1083/1216/44 1088/1217/44
f 1092/1896/1 1095/1897/1 1093/840/1 1090/1898/1
f 1091/1899/126 1092/1628/126 1090/1627/126 1089/1875/126
f 1096/1900/3 1091/1901/3 1089/1902/3 1094/1903/3
f 1095/1904/127 1096/1697/127 1094/1855/127 1093/1905/127
f 1094/1906/128 1089/1881/128 1090/1880/128 1093/1907/128
f 1095/1908/129 1092/1909/129 1091/1910/129 1096/1911/129
f 1100/1890/1 1103/1912/1 1101/1913/1 1098/1891/1
f 1099/1912/7 1100/1914/7 1098/1915/7 1097/1913/7
f 1104/1914/3 1099/1916/3 1097/1917/3 1102/1915/3
f 1103/1918/8 1104/1919/8 1102/1920/8 1101/1921/8
f 1102/1922/9 1097/1892/9 1098/1893/9 1101/1923/9
f 1103/1924/10 1100/1925/10 1099/1895/10 1104/1894/10
f 1108/1926/1 1111/1927/1 1109/1928/1 1106/1929/1
f 1107/1930/2 1108/1931/2 1106/1932/2 1105/1933/2
f 1112/1812/3 1107/22/3 1105/1934/3 1110/1935/3
f 1111/1936/4 1112/1937/4 1110/1931/4 1109/1930/4
f 1110/1938/5 1105/1939/5 1106/1940/5 1109/1941/5
f 1111/440/6 1108/360/6 1107/1942/6 1112/423/6
f 1116/1943/130 1119/1944/130 1117/1945/130 1114/1946/130
f 1115/1947/2 1116/1948/2 1114/1949/2 1113/1950/2
f 1120/1948/131 1115/1951/131 1113/1952/131 1118/1949/131
f 1119/1951/4 1120/1953/4 1118/1954/4 1117/1952/4
f 1118/1955/132 1113/1956/132 1114/1957/132 1117/1958/132
f 1119/9/133 1116/1959/133 1115/1960/133 1120/1961/133
f 1124/1723/1 1127/141/1 1125/1962/1 1122/1963/1
f 1123/763/2 1124/1964/2 1122/1965/2 1121/1966/2
f 1128/1432/3 1123/1967/3 1121/1968/3 1126/1969/3
f 1127/1970/4 1128/1971/4 1126/1972/4 1125/486/4
f 1126/317/5 1121/1973/5 1122/1974/5 1125/314/5
f 1127/335/6 1124/1975/6 1123/1976/6 1128/336/6
f 1132/1977/134 1135/1978/134 1133/1759/134 1130/1979/134
f 1131/1980/2 1132/1981/2 1130/1982/2 1129/1983/2
f 1136/1370/135 1131/1984/135 1129/1985/135 1134/1355/135
f 1135/1986/4 1136/1987/4 1134/214/4 1133/1988/4
f 1134/4/136 1129/1989/136 1130/1990/136 1133/1/136
f 1135/548/137 1132/1991/137 1131/1992/137 1136/549/137
f 1140/1993/138 1143/1994/138 1141/1995/138 1138/1996/138
f 1139/1997/2 1140/1998/2 1138/1999/2 1137/2000/2
f 1144/2001/139 1139/2002/139 1137/2003/139 1142/2004/139
f 1143/1430/4 1144/2005/4 1142/2006/4 1141/1433/4
f 1142/2007/140 1137/1473/140 1138/1472/140 1141/2008/140
f 1143/2009/141 1140/1478/141 1139/1479/141 1144/2010/141
f 1148/2011/138 1151/2012/138 1149/1835/138 1146/2013/138
f 1147/2014/2 1148/2015/2 1146/2016/2 1145/2017/2
f 1152/2018/139 1147/2019/139 1145/2020/139 1150/2021/139
f 1151/2022/4 1152/2023/4 1150/2024/4 1149/2025/4
f 1150/1958/140 1145/1957/140 1146/2026/140 1149/2027/140
f 1151/2028/141 1148/2029/141 1147/2026/141 1152/2027/141
f 1156/2030/1 1159/2031/1 1157/2032/1 1154/2033/1
f 1155/1023/142 1156/1044/142 1154/2034/142 1153/2035/142
f 1160/1482/3 1155/1486/3 1153/2036/3 1158/2037/3
f 1159/1044/143 1160/1047/143 1158/1366/143 1157/2034/143
f 1158/1424/144 1153/1308/144 1154/2038/144 1157/2039/144
f 1159/2040/145 1156/2039/145 1155/1424/145 1160/1882/145
f 1164/2041/1 1167/2042/1 1165/892/1 1162/2043/1
f 1163/2042/2 1164/2044/2 1162/893/2 1161/892/2
f 1168/2017/3 1163/2016/3 1161/2045/3 1166/1832/3
f 1167/2046/4 1168/2011/4 1166/2013/4 1165/1834/4
f 1166/2047/5 1161/2048/5 1162/1956/5 1165/1955/5
f 1167/1959/6 1164/2049/6 1163/2050/6 1168/1960/6
f 1172/2051/1 1175/2052/1 1173/2053/1 1170/2054/1
f 1171/1047/142 1172/1056/142 1170/2055/142 1169/1366/142
f 1176/1647/3 1171/1646/3 1169/1415/3 1174/2056/3
f 1175/1056/143 1176/1059/143 1174/2057/143 1173/2055/143
f 1174/2058/146 1169/2059/146 1170/2060/146 1173/2061/146
f 1175/2062/145 1172/2063/145 1171/2060/145 1176/2061/145
f 1180/472/73 1183/2064/73 1181/1748/73 1178/1747/73
f 1179/324/2 1180/2065/2 1178/2062/2 1177/2063/2
f 1184/2066/147 1179/2067/147 1177/2068/147 1182/2069/147
f 1183/2070/4 1184/2071/4 1182/2065/4 1181/324/4
f 1182/1885/75 1177/1884/75 1178/2072/75 1181/2073/75
f 1183/2074/76 1180/2073/76 1179/1885/76 1184/1888/76
f 1188/2075/148 1191/513/148 1189/1840/148 1186/1839/148
f 1187/2076/2 1188/2077/2 1186/963/2 1185/2078/2
f 1192/2079/147 1187/2080/147 1185/2081/147 1190/523/147
f 1191/2082/4 1192/325/4 1190/2077/4 1189/2076/4
f 1190/2083/149 1185/2084/149 1186/2085/149 1189/2086/149
f 1191/2087/150 1188/2086/150 1187/2083/150 1192/2088/150
f 1196/2089/1 1199/2090/1 1197/2091/1 1194/2092/1
f 1195/2093/151 1196/739/151 1194/2094/151 1193/2095/151
f 1200/2096/3 1195/2097/3 1193/2098/3 1198/2099/3
f 1199/2100/152 1200/2101/152 1198/2102/152 1197/2103/152
f 1198/2080/153 1193/2079/153 1194/522/153 1197/2104/153
f 1199/2105/154 1196/2106/154 1195/522/154 1200/2104/154
f 1204/546/1 1207/2006/1 1205/2105/1 1202/2106/1
f 1203/323/151 1204/2107/151 1202/2071/151 1201/2070/151
f 1208/1754/3 1203/2108/3 1201/2109/3 1206/1751/3
f 1207/2110/152 1208/2111/152 1206/1912/152 1205/1888/152
f 1206/1914/153 1201/1912/153 1202/2112/153 1205/2113/153
f 1207/2114/154 1204/2113/154 1203/1914/154 1208/1916/154
f 1212/2115/155 1215/2116/155 1213/2117/155 1210/2118/155
f 1211/2119/7 1212/2120/7 1210/2121/7 1209/2122/7
f 1216/2116/156 1211/2123/156 1209/2124/156 1214/2117/156
f 1215/2125/8 1216/2126/8 1214/2127/8 1213/2128/8
f 1214/2129/157 1209/2130/157 1210/2131/157 1213/2132/157
f 1215/2133/158 1212/1736/158 1211/2131/158 1216/2132/158
f 1220/2134/1 1223/2135/1 1221/2136/1 1218/1705/1
f 1219/2137/2 1220/2138/2 1218/2139/2 1217/2140/2
f 1224/2141/3 1219/2142/3 1217/2143/3 1222/744/3
f 1223/2144/4 1224/2145/4 1222/2146/4 1221/2147/4
f 1222/2148/5 1217/2149/5 1218/2150/5 1221/2151/5
f 1223/2152/6 1220/2153/6 1219/361/6 1224/441/6
f 1228/2123/159 1231/2154/159 1229/2155/159 1226/2124/159
f 1227/2126/41 1228/2156/41 1226/2157/41 1225/2127/41
f 1232/2154/160 1227/2158/160 1225/2159/160 1230/2155/160
f 1231/1637/42 1232/1636/42 1230/1368/42 1229/2160/42
f 1230/2086/161 1225/2085/161 1226/2161/161 1229/2162/161
f 1231/2163/162 1228/2162/162 1227/2086/162 1232/2087/162
f 1236/2164/1 1239/2165/1 1237/2133/1 1234/1736/1
f 1235/2166/122 1236/2167/122 1234/2168/122 1233/2169/122
f 1240/2163/3 1235/2170/3 1233/2171/3 1238/2087/3
f 1239/2172/123 1240/2173/123 1238/2167/123 1237/2166/123
f 1238/2174/124 1233/2175/124 1234/2176/124 1237/2177/124
f 1239/2178/125 1236/2179/125 1235/2180/125 1240/2181/125
f 1244/2182/1 1247/2183/1 1245/2184/1 1242/2185/1
f 1243/2186/2 1244/2187/2 1242/2188/2 1241/2189/2
f 1248/1670/3 1243/2190/3 1241/2183/3 1246/2182/3
f 1247/247/4 1248/2191/4 1246/2187/4 1245/2186/4
f 1246/913/5 1241/2192/5 1242/1345/5 1245/1099/5
f 1247/2193/6 1244/2194/6 1243/430/6 1248/1320/6
f 1252/2170/1 1255/2195/1 1253/2196/1 1250/2171/1
f 1251/2197/126 1252/1930/126 1250/2198/126 1249/2199/126
f 1256/2195/3 1251/2200/3 1249/2201/3 1254/2196/3
f 1255/933/127 1256/2202/127 1254/1930/127 1253/2197/127
f 1254/2203/128 1249/2181/128 1250/2178/128 1253/2204/128
f 1255/2205/129 1252/2204/129 1251/2203/129 1256/2206/129
f 1258/818/138 1260/2207/138 1259/2208/138 1257/2209/138
f 1262/2210/138 1264/2211/138 1263/2212/138 1261/2213/138
f 1266/2214/1 1268/2215/1 1267/1603/1 1265/2216/1
f 1271/2217/163 1274/2218/163 1272/2219/163 1270/2220/163
f 1273/1642/164 1269/2221/164 1270/2222/164 1272/2223/164
f 1276/2224/165 1278/2225/165 1277/2226/165 1275/2227/165
f 1280/2228/166 1282/2229/166 1281/2230/166 1279/2030/166
f 1286/2231/167 1289/2232/167 1287/2233/167 1284/2234/167
f 1285/2235/168 1286/2236/168 1284/2237/168 1283/2238/168
f 1290/2232/169 1285/2239/169 1283/2240/169 1288/2233/169
f 1289/2236/170 1290/2241/170 1288/130/170 1287/2237/170
f 1288/2242/171 1283/1644/171 1284/2243/171 1287/2244/171
f 1289/2245/172 1286/2244/172 1285/2242/172 1290/1645/172
f 1293/2246/1 1295/2247/1 1294/2248/1 1291/2249/1
f 1295/2250/12 1293/2251/12 1292/1497/12 1296/2252/12
f 1298/2253/138 1300/2254/138 1299/2255/138 1297/2256/138
f 1304/2257/138 1307/414/138 1305/1976/138 1302/1766/138
f 1303/1315/2 1304/2258/2 1302/2259/2 1301/766/2
f 1308/2260/139 1303/2261/139 1301/2262/139 1306/2263/139
f 1307/2264/4 1308/2265/4 1306/2266/4 1305/1429/4
f 1306/2267/140 1301/2268/140 1302/2269/140 1305/2270/140
f 1307/2271/141 1304/2272/141 1303/559/141 1308/1719/141
f 1312/1845/1 1315/2273/1 1313/468/1 1310/1846/1
f 1311/2274/2 1312/2275/2 1310/1489/2 1309/2276/2
f 1316/2277/3 1311/2278/3 1309/2279/3 1314/2280/3
f 1315/2281/4 1316/350/4 1314/2275/4 1313/2274/4
f 1314/2282/5 1309/2283/5 1310/2284/5 1313/2285/5
f 1315/2286/6 1312/2287/6 1311/2288/6 1316/2289/6
f 1318/2290/1 1320/2291/1 1319/2292/1 1317/2293/1
f 1324/2000/137 1327/2294/137 1325/21/137 1322/2295/137
f 1323/2296/2 1324/1081/2 1322/1084/2 1321/2297/2
f 1328/2064/136 1323/2298/136 1321/2299/136 1326/1778/136
f 1327/2300/4 1328/2301/4 1326/270/4 1325/2302/4
f 1326/2303/134 1321/835/134 1322/834/134 1325/2304/134
f 1327/2305/135 1324/2304/135 1323/2303/135 1328/2306/135
f 1332/2307/33 1335/2308/33 1333/1901/33 1330/1900/33
f 1331/745/2 1332/1990/2 1330/1989/2 1329/748/2
f 1336/2158/34 1331/2309/34 1329/2310/34 1334/2311/34
f 1335/2312/4 1336/2313/4 1334/2314/4 1333/2315/4
f 1334/2316/35 1329/2306/35 1330/2305/35 1333/2317/35
f 1335/2318/36 1332/2317/36 1331/2316/36 1336/2319/36
f 1340/2298/137 1343/2075/137 1341/1779/137 1338/2299/137
f 1339/2320/2 1340/2321/2 1338/2322/2 1337/2323/2
f 1344/636/173 1339/2324/173 1337/2325/173 1342/1790/173
f 1343/86/4 1344/1294/4 1342/2326/4 1341/2327/4
f 1342/2328/134 1337/2329/134 1338/2311/134 1341/2310/134
f 1343/2330/135 1340/2310/135 1339/2328/135 1344/2331/135
f 1348/2332/18 1351/2089/18 1349/2092/18 1346/406/18
f 1347/2333/2 1348/2334/2 1346/2335/2 1345/2336/2
f 1352/2337/17 1347/2093/17 1345/2095/17 1350/2338/17
f 1351/720/4 1352/719/4 1350/2271/4 1349/2339/4
f 1350/2340/20 1345/2341/20 1346/584/20 1349/583/20
f 1351/590/19 1348/583/19 1347/2340/19 1352/2342/19
f 1356/2343/1 1359/2344/1 1357/2345/1 1354/1904/1
f 1355/2346/2 1356/2347/2 1354/958/2 1353/1062/2
f 1360/2348/3 1355/2349/3 1353/2344/3 1358/2343/3
f 1359/2350/4 1360/2351/4 1358/2347/4 1357/2346/4
f 1358/2352/5 1353/2353/5 1354/2354/5 1357/2355/5
f 1359/495/6 1356/1507/6 1355/2356/6 1360/1333/6
f 1364/2357/1 1367/2358/1 1365/2359/1 1362/2360/1
f 1363/2318/2 1364/2361/2 1362/1434/2 1361/2319/2
f 1368/2358/3 1363/1321/3 1361/292/3 1366/2359/3
f 1367/2361/4 1368/2362/4 1366/2363/4 1365/1434/4
f 1366/2364/5 1361/1471/5 1362/2365/5 1365/2366/5
f 1367/2367/6 1364/2368/6 1363/541/6 1368/2369/6
f 1372/2370/1 1375/2371/1 1373/2372/1 1370/2373/1
f 1371/2374/2 1372/2375/2 1370/2376/2 1369/2377/2
f 1376/2378/3 1371/2379/3 1369/2380/3 1374/988/3
f 1375/2381/4 1376/2382/4 1374/2383/4 1373/1773/4
f 1374/2384/5 1369/2385/5 1370/38/5 1373/2386/5
f 1375/2387/6 1372/2388/6 1371/2389/6 1376/2390/6
f 1380/2391/1 1383/2392/1 1381/2393/1 1378/2394/1
f 1379/2395/151 1380/2396/151 1378/1859/151 1377/1650/151
f 1384/2397/3 1379/2398/3 1377/2399/3 1382/2400/3
f 1383/1774/152 1384/2401/152 1382/2396/152 1381/2395/152
f 1382/2402/153 1377/2403/153 1378/789/153 1381/2404/153
f 1383/2405/154 1380/2406/154 1379/2407/154 1384/2408/154
f 1388/2409/174 1391/2410/174 1389/2411/174 1386/2412/174
f 1387/1923/2 1388/2413/2 1386/2414/2 1385/1922/2
f 1392/2097/175 1387/2415/175 1385/2416/175 1390/2417/175
f 1391/2418/4 1392/2419/4 1390/1924/4 1389/1925/4
f 1390/2420/176 1385/2421/176 1386/2101/176 1389/2422/176
f 1391/870/177 1388/2423/177 1387/2424/177 1392/864/177
f 1396/2425/174 1399/2426/174 1397/921/174 1394/2427/174
f 1395/2413/2 1396/2428/2 1394/2429/2 1393/2414/2
f 1400/2430/175 1395/2431/175 1393/2432/175 1398/2433/175
f 1399/2434/4 1400/2435/4 1398/2419/4 1397/2418/4
f 1398/2436/176 1393/2437/176 1394/2438/176 1397/2439/176
f 1399/1999/177 1396/2294/177 1395/20/177 1400/2440/177
f 1404/2441/33 1407/2442/33 1405/2308/33 1402/2307/33
f 1403/2443/2 1404/1991/2 1402/1992/2 1401/1685/2
f 1408/2309/34 1403/2444/34 1401/2330/34 1406/2310/34
f 1407/2445/4 1408/2446/4 1406/1991/4 1405/2443/4
f 1406/2447/35 1401/2363/35 1402/2362/35 1405/2448/35
f 1407/2449/36 1404/2448/36 1403/2447/36 1408/1435/36
f 1412/2324/137 1415/2450/137 1413/1791/137 1410/2325/137
f 1411/2451/2 1412/637/2 1410/2452/2 1409/2314/2
f 1416/2453/136 1411/2454/136 1409/2455/136 1414/1798/136
f 1415/2456/4 1416/1954/4 1414/2457/4 1413/2458/4
f 1414/2459/134 1409/2331/134 1410/2330/134 1413/2460/134
f 1415/2461/135 1412/2462/135 1411/537/135 1416/538/135
f 1420/2454/137 1423/1608/137 1421/1799/137 1418/2455/137
f 1419/878/2 1420/2463/2 1418/2301/2 1417/2300/2
f 1424/2464/136 1419/2465/136 1417/2466/136 1422/1824/136
f 1423/2467/4 1424/2468/4 1422/2469/4 1421/2470/4
f 1422/2471/134 1417/1438/134 1418/2472/134 1421/2473/134
f 1423/2474/135 1420/2473/135 1419/2471/135 1424/2475/135
f 1426/590/1 1428/596/1 1427/2476/1 1425/2342/1
f 1432/989/1 1435/2096/1 1433/2099/1 1430/990/1
f 1431/2477/2 1432/2478/2 1430/351/2 1429/2479/2
f 1436/526/3 1431/2100/3 1429/2103/3 1434/519/3
f 1435/828/4 1436/723/4 1434/2480/4 1433/2481/4
f 1434/2482/5 1429/2483/5 1430/2484/5 1433/2485/5
f 1435/2486/6 1432/2487/6 1431/2488/6 1436/2489/6
f 1440/1814/3 1443/2490/3 1441/2491/3 1438/1815/3
f 1439/2492/2 1440/2493/2 1438/2494/2 1437/1255/2
f 1444/2495/1 1439/2496/1 1437/2293/1 1442/2497/1
f 1443/2498/4 1444/2499/4 1442/2500/4 1441/1842/4
f 1442/2501/6 1437/2502/6 1438/2503/6 1441/2504/6
f 1443/2505/5 1440/2004/5 1439/2506/5 1444/2507/5
f 1448/655/18 1451/2508/18 1449/2509/18 1446/650/18
f 1447/2510/2 1448/2492/2 1446/2511/2 1445/2512/2
f 1452/1741/17 1447/1997/17 1445/2295/17 1450/1742/17
f 1451/2513/4 1452/844/4 1450/1055/4 1449/2514/4
f 1450/2515/20 1445/2516/20 1446/601/20 1449/647/20
f 1451/653/19 1448/647/19 1447/2515/19 1452/2517/19
f 1456/2518/3 1459/2519/3 1457/2520/3 1454/1762/3
f 1455/2493/2 1456/630/2 1454/2521/2 1453/2494/2
f 1460/1752/1 1455/2522/1 1453/1969/1 1458/2523/1
f 1459/2524/4 1460/2525/4 1458/2499/4 1457/2498/4
f 1458/2526/6 1453/2527/6 1454/2528/6 1457/2529/6
f 1459/2530/5 1456/2529/5 1455/2526/5 1460/2531/5
f 1464/2532/1 1467/2533/1 1465/2534/1 1462/2535/1
f 1463/2536/2 1464/114/2 1462/115/2 1461/2537/2
f 1468/2538/3 1463/2539/3 1461/2540/3 1466/2541/3
f 1467/2542/4 1468/2543/4 1466/2544/4 1465/1899/4
f 1466/2545/5 1461/2546/5 1462/357/5 1465/2547/5
f 1467/2548/6 1464/2549/6 1463/2550/6 1468/2551/6
f 1470/2444/1 1472/2552/1 1471/2460/1 1469/2330/1
f 1474/2553/1 1476/930/1 1475/2199/1 1473/2554/1
f 1480/427/1 1483/1781/1 1481/2555/1 1478/2556/1
f 1479/2557/2 1480/2558/2 1478/2559/2 1477/2560/2
f 1484/2561/3 1479/2562/3 1477/2563/3 1482/2564/3
f 1483/1329/4 1484/2565/4 1482/2566/4 1481/2567/4
f 1482/2568/5 1477/99/5 1478/2569/5 1481/1771/5
f 1483/791/6 1480/420/6 1479/2570/6 1484/2571/6
f 1488/2572/79 1491/2573/79 1489/2574/79 1486/2575/79
f 1487/2576/2 1488/2577/2 1486/2446/2 1485/2445/2
f 1492/2044/80 1487/2578/80 1485/2461/80 1490/2462/80
f 1491/2579/4 1492/2580/4 1490/2577/4 1489/2576/4
f 1490/1439/78 1485/2475/78 1486/2474/78 1489/400/78
f 1491/2581/77 1488/2582/77 1487/1528/77 1492/2583/77
f 1496/2045/79 1499/2584/79 1497/2573/79 1494/2572/79
f 1495/1868/2 1496/2585/2 1494/2586/2 1493/1869/2
f 1500/2578/80 1495/2587/80 1493/2588/80 1498/2461/80
f 1499/1627/4 1500/2589/4 1498/2585/4 1497/1868/4
f 1498/2590/78 1493/2583/78 1494/2581/78 1497/2591/78
f 1499/2592/77 1496/2591/77 1495/2590/77 1500/1529/77
f 1502/2587/1 1504/2593/1 1503/2594/1 1501/2588/1
f 1508/2595/1 1511/2596/1 1509/2597/1 1506/2598/1
f 1507/2151/2 1508/902/2 1506/905/2 1505/2599/2
f 1512/2360/3 1507/293/3 1505/2600/3 1510/2601/3
f 1511/2602/4 1512/2603/4 1510/2403/4 1509/374/4
f 1510/2604/5 1505/2605/5 1506/2606/5 1509/2607/5
f 1511/368/6 1508/2608/6 1507/1271/6 1512/2609/6
f 1514/2610/1 1516/947/1 1515/205/1 1513/2611/1
f 1520/2612/13 1523/2613/13 1521/2614/13 1518/2615/13
f 1519/2616/7 1520/2617/7 1518/2618/7 1517/2619/7
f 1524/2620/14 1519/2621/14 1517/2622/14 1522/2623/14
f 1523/2617/8 1524/2227/8 1522/2624/8 1521/2618/8
f 1522/2625/15 1517/2594/15 1518/2593/15 1521/2046/15
f 1523/2626/16 1520/2627/16 1519/2628/16 1524/2629/16
f 1528/2621/47 1531/2630/47 1529/2631/47 1526/2622/47
f 1527/2632/41 1528/2633/41 1526/2634/41 1525/2635/41
f 1532/2630/48 1527/2636/48 1525/2637/48 1530/2631/48
f 1531/1641/42 1532/1640/42 1530/2638/42 1529/2639/42
f 1530/2626/49 1525/2627/49 1526/2015/49 1529/2640/49
f 1531/2641/50 1528/2642/50 1527/2643/50 1532/2644/50
f 1536/2645/83 1539/2646/83 1537/823/83 1534/2647/83
f 1535/2648/2 1536/2649/2 1534/2650/2 1533/2651/2
f 1540/2652/82 1535/2653/82 1533/2646/82 1538/2645/82
f 1539/2654/4 1540/2655/4 1538/2656/4 1537/2657/4
f 1538/2658/85 1533/2477/85 1534/2659/85 1537/2660/85
f 1539/2661/84 1536/2662/84 1535/1526/84 1540/2663/84
f 1544/2664/178 1547/2665/178 1545/1137/178 1542/2666/178
f 1543/2667/2 1544/2668/2 1542/1295/2 1541/85/2
f 1548/2669/179 1543/2670/179 1541/1537/179 1546/2671/179
f 1547/2672/4 1548/1018/4 1546/497/4 1545/2673/4
f 1546/2479/180 1541/2674/180 1542/2675/180 1545/2659/180
f 1547/2676/181 1544/2677/181 1543/2678/181 1548/2679/181
f 1552/2680/3 1555/664/3 1553/667/3 1550/2681/3
f 1551/2682/2 1552/2683/2 1550/2684/2 1549/2685/2
f 1556/2686/1 1551/2687/1 1549/1522/1 1554/2688/1
f 1555/386/4 1556/473/4 1554/2689/4 1553/434/4
f 1554/2690/6 1549/2691/6 1550/2692/6 1553/2693/6
f 1555/2694/5 1552/837/5 1551/2692/5 1556/2693/5
f 1560/2695/182 1563/209/182 1561/212/182 1558/2696/182
f 1559/302/2 1560/2697/2 1558/2698/2 1557/2699/2
f 1564/156/183 1559/213/183 1557/216/183 1562/2686/183
f 1563/2700/4 1564/2701/4 1562/2702/4 1561/203/4
f 1562/2703/184 1557/2652/184 1558/2704/184 1561/111/184
f 1563/804/185 1560/2336/185 1559/1928/185 1564/2705/185
f 1568/2653/3 1571/1851/3 1569/158/3 1566/2706/3
f 1567/2227/2 1568/2707/2 1566/2708/2 1565/2709/2
f 1572/2268/1 1567/2710/1 1565/566/1 1570/2711/1
f 1571/2707/4 1572/2030/4 1570/2033/4 1569/2708/4
f 1570/2502/6 1565/2712/6 1566/2349/6 1569/1054/6
f 1571/2713/5 1568/239/5 1567/2714/5 1572/2715/5
f 1576/2716/186 1579/136/186 1577/137/186 1574/2717/186
f 1575/2718/187 1576/460/187 1574/2719/187 1573/2720/187
f 1580/2721/188 1575/2722/188 1573/2723/188 1578/932/188
f 1579/460/189 1580/645/189 1578/2724/189 1577/2719/189
f 1578/2725/6 1573/2726/6 1574/2727/6 1577/201/6
f 1579/2728/5 1576/2541/5 1575/2729/5 1580/2371/5
f 1584/2730/1 1587/2731/1 1585/2732/1 1582/2733/1
f 1583/1640/2 1584/1643/2 1582/2734/2 1581/2638/2
f 1588/2731/3 1583/2735/3 1581/2736/3 1586/2732/3
f 1587/1659/4 1588/1665/4 1586/2737/4 1585/2738/4
f 1586/283/5 1581/2739/5 1582/798/5 1585/1434/5
f 1587/1591/6 1584/2740/6 1583/2741/6 1588/1592/6
f 1590/1233/1 1592/2742/1 1591/2743/1 1589/1234/1
f 1596/1557/3 1599/2744/3 1597/2745/3 1594/2609/3
f 1595/1259/2 1596/2746/2 1594/2747/2 1593/266/2
f 1600/2748/1 1595/119/1 1593/122/1 1598/1287/1
f 1599/2749/4 1600/2614/4 1598/1298/4 1597/2750/4
f 1598/2661/6 1593/2662/6 1594/2751/6 1597/2752/6
f 1599/573/5 1596/1525/5 1595/2751/5 1600/2752/5
f 1604/2753/18 1607/2754/18 1605/2755/18 1602/2756/18
f 1603/2757/2 1604/2758/2 1602/2759/2 1601/2760/2
f 1608/2761/17 1603/273/17 1601/2754/17 1606/2753/17
f 1607/2762/4 1608/2763/4 1606/2764/4 1605/2765/4
f 1606/113/20 1601/2766/20 1602/2666/20 1605/1136/20
f 1607/2695/19 1604/2767/19 1603/2768/19 1608/2769/19
f 1612/2770/3 1615/2771/3 1613/1078/3 1610/904/3
f 1611/1665/2 1612/1732/2 1610/2772/2 1609/2737/2
f 1616/2773/1 1611/1517/1 1609/2771/1 1614/2770/1
f 1615/1793/4 1616/1792/4 1614/2180/4 1613/2774/4
f 1614/272/6 1609/2761/6 1610/2775/6 1613/271/6
f 1615/2776/5 1612/1853/5 1611/452/5 1616/1667/5
f 1618/2777/1 1620/2467/1 1619/2470/1 1617/2778/1
f 1624/2779/3 1627/2780/3 1625/2781/3 1622/2782/3
f 1623/2783/2 1624/2784/2 1622/2785/2 1621/2704/2
f 1628/2696/1 1623/211/1 1621/2786/1 1626/2787/1
f 1627/2788/4 1628/1945/4 1626/2789/4 1625/2790/4
f 1626/1927/6 1621/2745/6 1622/2744/6 1625/2333/6
f 1627/2664/5 1624/2791/5 1623/2792/5 1628/2766/5
f 1632/564/1 1635/2793/1 1633/1120/1 1630/2794/1
f 1631/2795/2 1632/2796/2 1630/52/2 1629/2797/2
f 1636/2798/3 1631/2799/3 1629/2800/3 1634/2801/3
f 1635/2802/4 1636/711/4 1634/2796/4 1633/2795/4
f 1634/2803/5 1629/1711/5 1630/554/5 1633/2804/5
f 1635/2805/6 1632/2804/6 1631/2803/6 1636/1566/6
f 1640/2806/13 1643/2807/13 1641/2808/13 1638/2809/13
f 1639/2807/190 1640/2810/190 1638/2811/190 1637/2808/190
f 1644/2810/14 1639/2812/14 1637/2813/14 1642/2811/14
f 1643/2812/191 1644/2814/191 1642/2815/191 1641/2813/191
f 1642/2435/192 1637/2434/192 1638/2816/192 1641/2817/192
f 1643/2818/193 1640/2819/193 1639/2816/193 1644/2817/193
f 1648/1539/1 1651/2820/1 1649/2821/1 1646/2822/1
f 1647/969/2 1648/2068/2 1646/2823/2 1645/970/2
f 1652/2824/3 1647/2825/3 1645/2826/3 1650/2827/3
f 1651/2828/4 1652/2829/4 1650/2830/4 1649/1188/4
f 1650/2831/5 1645/1245/5 1646/2832/5 1649/2833/5
f 1651/2834/6 1648/2710/6 1647/2832/6 1652/2833/6
s 0
f 1656/2835/1 1659/2835/1 1657/2836/1 1654/2836/1
s 1
f 1655/2837/2 1656/2838/2 1654/2839/2 1653/1544/2
s 0
f 1660/2835/1 1655/2835/1 1653/2836/1 1658/2836/1
s 1
f 1659/2840/4 1660/865/4 1658/2838/4 1657/2837/4
s 0
f 1658/2836/194 1653/2836/194 1654/2841/194 1657/2841/194
f 1659/2841/194 1656/2841/194 1655/2836/194 1660/2836/194
s 1
f 1664/1366/106 1667/2842/106 1665/2843/106 1662/2844/106
f 1663/2845/2 1664/2846/2 1662/2847/2 1661/543/2
f 1668/2054/107 1663/2848/107 1661/252/107 1666/2849/107
f 1667/1010/4 1668/2850/4 1666/2851/4 1665/1918/4
f 1666/1574/108 1661/2852/108 1662/2853/108 1665/1572/108
f 1667/2854/109 1664/2855/109 1663/1856/109 1668/2856/109
f 1672/2857/1 1675/1508/1 1673/2858/1 1670/2602/1
f 1671/2814/2 1672/2859/2 1670/2860/2 1669/2815/2
f 1676/2861/3 1671/1679/3 1669/2862/3 1674/2863/3
f 1675/2859/4 1676/2864/4 1674/2865/4 1673/2860/4
f 1674/2866/5 1669/1477/5 1670/2867/5 1673/2868/5
f 1675/698/6 1672/699/6 1671/2869/6 1676/2392/6
f 1680/2297/1 1683/1083/1 1681/2488/1 1678/163/1
f 1679/2870/2 1680/2871/2 1678/2872/2 1677/2372/2
f 1684/2169/3 1679/2873/3 1677/2874/3 1682/2875/3
f 1683/2728/4 1684/2876/4 1682/2871/4 1681/2870/4
f 1682/793/5 1677/792/5 1678/661/5 1681/2877/5
f 1683/2878/6 1680/2879/6 1679/342/6 1684/562/6
f 1688/2880/106 1691/268/106 1689/2881/106 1686/2882/106
f 1687/2535/2 1688/2883/2 1686/2884/2 1685/2885/2
f 1692/2886/107 1687/2887/107 1685/2888/107 1690/1862/107
f 1691/1615/4 1692/2889/4 1690/876/4 1689/2890/4
f 1690/2891/108 1685/2892/108 1686/907/108 1689/2893/108
f 1691/2894/109 1688/2895/109 1687/2896/109 1692/2897/109
s 0
f 1696/2898/1 1699/2898/195 1697/2836/1 1694/2836/196
s 1
f 1695/2681/37 1696/1524/37 1694/1527/37 1693/2791/37
s 0
f 1700/2898/1 1695/2898/196 1693/2836/1 1698/2836/195
s 1
f 1699/1929/38 1700/2899/38 1698/168/38 1697/2900/38
s 0
f 1698/2836/1 1693/2836/197 1694/2901/1 1697/2901/195
f 1699/2901/1 1696/2901/196 1695/2836/1 1700/2836/195
s 1
f 1704/200/198 1707/199/198 1705/2902/198 1702/1404/198
f 1703/556/2 1704/555/2 1702/2903/2 1701/2904/2
f 1708/464/199 1703/463/199 1701/2483/199 1706/1765/199
f 1707/2892/4 1708/2891/4 1706/1562/4 1705/2905/4
f 1706/2906/200 1701/2907/200 1702/2908/200 1705/2561/200
f 1707/2909/201 1704/2910/201 1703/2911/201 1708/2912/201
f 1712/2913/202 1715/2914/202 1713/2915/202 1710/1788/202
f 1711/2916/203 1712/2917/203 1710/2918/203 1709/2919/203
f 1716/2375/204 1711/2920/204 1709/2921/204 1714/2376/204
f 1715/2922/205 1716/2923/205 1714/2917/205 1713/2916/205
f 1714/2924/206 1709/1871/206 1710/2925/206 1713/2690/206
f 1715/2926/207 1712/2927/207 1711/1896/207 1716/2928/207
f 1720/2929/1 1723/2930/1 1721/2931/1 1718/2788/1
f 1719/2930/2 1720/2932/2 1718/2933/2 1717/2931/2
f 1724/2932/3 1719/2934/3 1717/2935/3 1722/2933/3
f 1723/2934/4 1724/2936/4 1722/2937/4 1721/2935/4
f 1722/2938/5 1717/2939/5 1718/2940/5 1721/2941/5
f 1723/2942/6 1720/2941/6 1719/2938/6 1724/2943/6
f 1728/2936/1 1731/2944/1 1729/2945/1 1726/2937/1
f 1727/2944/2 1728/2946/2 1726/2947/2 1725/2945/2
f 1732/2946/3 1727/2948/3 1725/2949/3 1730/2947/3
f 1731/2948/4 1732/1943/4 1730/1946/4 1729/2949/4
f 1730/2950/5 1725/2951/5 1726/2952/5 1729/2953/5
f 1731/2954/6 1728/2942/6 1727/2943/6 1732/2955/6
f 1736/2956/1 1739/2798/1 1737/2801/1 1734/2957/1
f 1735/2958/2 1736/2959/2 1734/2960/2 1733/2456/2
f 1740/2961/3 1735/2775/3 1733/2756/3 1738/2354/3
f 1739/2959/4 1740/2962/4 1738/1950/4 1737/2960/4
f 1738/2963/5 1733/2964/5 1734/2965/5 1737/2966/5
f 1739/1012/6 1736/965/6 1735/1405/6 1740/1101/6
f 1744/2967/208 1747/2968/208 1745/2969/208 1742/2644/208
f 1743/2970/2 1744/2971/2 1742/2953/2 1741/2952/2
f 1748/2968/209 1743/2972/209 1741/2973/209 1746/2969/209
f 1747/2954/4 1748/2974/4 1746/2975/4 1745/2955/4
f 1746/2976/210 1741/2977/210 1742/2978/210 1745/2979/210
f 1747/2980/211 1744/2981/211 1743/2978/211 1748/2979/211
f 1752/2465/1 1755/1611/1 1753/1825/1 1750/2466/1
f 1751/2982/2 1752/2925/2 1750/1874/2 1749/2983/2
f 1756/1419/3 1751/2927/3 1749/1898/3 1754/1281/3
f 1755/2552/4 1756/2041/4 1754/2043/4 1753/1828/4
f 1754/2971/5 1749/2970/5 1750/2984/5 1753/2985/5
f 1755/2986/6 1752/2974/6 1751/2975/6 1756/2987/6
f 1760/2988/208 1763/2989/208 1761/2990/208 1758/2991/208
f 1759/2048/2 1760/2047/2 1758/2985/2 1757/2984/2
f 1764/2992/209 1759/2993/209 1757/2989/209 1762/2988/209
f 1763/2986/4 1764/2049/4 1762/2050/4 1761/2987/4
f 1762/2993/210 1757/2992/210 1758/2994/210 1761/2995/210
f 1763/1995/211 1760/1996/211 1759/2996/211 1764/2997/211
f 1768/1009/1 1771/2998/1 1769/2999/1 1766/1005/1
f 1767/3000/2 1768/3001/2 1766/3002/2 1765/3003/2
f 1772/751/3 1767/3004/3 1765/3005/3 1770/1011/3
f 1771/3006/4 1772/3007/4 1770/3001/4 1769/3000/4
f 1770/3008/5 1765/3009/5 1766/3010/5 1769/348/5
f 1771/2672/6 1768/3011/6 1767/3012/6 1772/3013/6
f 1776/3014/1 1779/410/1 1777/3015/1 1774/1740/1
f 1775/453/2 1776/3016/2 1774/3017/2 1773/3018/2
f 1780/3019/3 1775/2066/3 1773/2069/3 1778/3020/3
f 1779/3021/4 1780/3022/4 1778/3023/4 1777/2053/4
f 1778/3024/5 1773/3025/5 1774/3026/5 1777/3027/5
f 1779/3028/6 1776/3029/6 1775/628/6 1780/3030/6
f 1784/2152/1 1787/3031/1 1785/2792/1 1782/3032/1
f 1783/3033/2 1784/3034/2 1782/3035/2 1781/2277/2
f 1788/3036/3 1783/3037/3 1781/3038/3 1786/3039/3
f 1787/3040/4 1788/3041/4 1786/740/4 1785/2337/4
f 1786/580/5 1781/352/5 1782/3042/5 1785/3043/5
f 1787/1257/6 1784/3044/6 1783/3045/6 1788/569/6
f 1792/413/1 1795/3046/1 1793/3047/1 1790/1975/1
f 1791/3048/2 1792/3049/2 1790/3022/2 1789/3021/2
f 1796/959/3 1791/3050/3 1789/3051/3 1794/961/3
f 1795/3052/4 1796/3053/4 1794/3049/4 1793/3048/4
f 1794/3054/5 1789/3030/5 1790/3028/5 1793/3055/5
f 1795/340/6 1792/3055/6 1791/3054/6 1796/373/6
f 1800/3056/1 1803/3057/1 1801/3037/1 1798/3036/1
f 1799/3058/2 1800/3059/2 1798/3060/2 1797/3061/2
f 1804/3062/3 1799/3063/3 1797/3057/3 1802/3056/3
f 1803/3064/4 1804/3065/4 1802/3066/4 1801/3067/4
f 1802/1227/5 1797/116/5 1798/1139/5 1801/1226/5
f 1803/1614/6 1800/2665/6 1799/1138/6 1804/1616/6
f 1808/999/1 1811/3068/1 1809/3069/1 1806/1000/1
f 1807/3070/2 1808/3071/2 1806/3053/2 1805/3052/2
f 1812/1005/3 1807/2999/3 1805/3068/3 1810/999/3
f 1811/3003/4 1812/3002/4 1810/3071/4 1809/3070/4
f 1810/3072/5 1805/3073/5 1806/3074/5 1809/3075/5
f 1811/3010/6 1808/3075/6 1807/3072/6 1812/3009/6
f 1816/3076/1 1819/3077/1 1817/1377/1 1814/2764/1
f 1815/3078/212 1816/3079/212 1814/2054/212 1813/3080/212
f 1820/3081/3 1815/1571/3 1813/3077/3 1818/3076/3
f 1819/1354/213 1820/2051/213 1818/3079/213 1817/3078/213
f 1818/3082/214 1813/2667/214 1814/1351/214 1817/3083/214
f 1819/2906/215 1816/3083/215 1815/3082/215 1820/2564/215
f 1824/3084/1 1827/2134/1 1825/2655/1 1822/3085/1
f 1823/3086/216 1824/2144/216 1822/3087/216 1821/3088/216
f 1828/2687/3 1823/2700/3 1821/202/3 1826/3089/3
f 1827/3090/217 1828/3091/217 1826/3092/217 1825/3093/217
f 1826/2193/218 1821/2194/218 1822/3094/218 1825/1252/218
f 1827/3081/219 1824/1570/219 1823/3095/219 1828/2763/219
f 1832/696/3 1835/697/3 1833/698/3 1830/699/3
f 1831/700/4 1832/701/4 1830/508/4 1829/507/4
f 1836/702/1 1831/703/1 1829/697/1 1834/696/1
f 1835/704/2 1836/705/2 1834/706/2 1833/707/2
f 1834/3096/5 1829/35/5 1830/1296/5 1833/236/5
f 1835/3097/6 1832/3098/6 1831/1758/6 1836/1680/6
f 1840/2290/1 1843/2291/1 1841/2292/1 1838/2293/1
f 1839/3099/2 1840/3100/2 1838/3101/2 1837/640/2
f 1844/3102/3 1839/3103/3 1837/3104/3 1842/2684/3
f 1843/3105/4 1844/3106/4 1842/3100/4 1841/3099/4
f 1842/3107/5 1837/3108/5 1838/3109/5 1841/3110/5
f 1843/3111/6 1840/3112/6 1839/3113/6 1844/3114/6
f 1848/2064/136 1846/2298/136 1845/2299/136 1847/1778/136
f 1852/2158/34 1850/2309/34 1849/2310/34 1851/2311/34
f 1856/636/136 1854/2324/136 1853/2325/136 1855/1790/136
f 1860/2309/34 1858/2444/34 1857/2330/34 1859/2310/34
f 1864/2453/136 1862/2454/136 1861/2455/136 1863/1798/136
f 1868/2464/136 1866/2465/136 1865/2466/136 1867/1824/136
f 1872/3115/1 1875/2563/1 1873/3116/1 1870/3117/1
f 1871/3118/2 1872/173/2 1870/3119/2 1869/3120/2
f 1876/1119/3 1871/3121/3 1869/3122/3 1874/3123/3
f 1875/3124/4 1876/3125/4 1874/3126/4 1873/13/4
f 1874/3127/5 1869/2648/5 1870/3128/5 1873/3129/5
f 1875/1386/6 1872/3129/6 1871/3127/6 1876/34/6
f 1882/596/3 1879/601/3 1877/2516/3 1881/2476/3
f 1881/3130/5 1877/3131/5 1878/3132/5 1880/3133/5
f 1886/1775/1 1889/3134/1 1887/3135/1 1884/3136/1
f 1885/3125/2 1886/2482/2 1884/3137/2 1883/3126/2
f 1890/3134/3 1885/1808/3 1883/3138/3 1888/3135/3
f 1889/32/4 1890/3139/4 1888/3140/4 1887/3141/4
f 1888/1905/5 1883/3142/5 1884/925/5 1887/2343/5
f 1889/2897/6 1886/3143/6 1885/1248/6 1890/1409/6
f 1894/3144/1 1897/3145/1 1895/3146/1 1892/3044/1
f 1893/3147/2 1894/3148/2 1892/3149/2 1891/2749/2
f 1898/3150/3 1893/968/3 1891/1746/3 1896/3101/3
f 1897/3148/4 1898/2612/4 1896/2615/4 1895/3149/4
f 1896/1430/5 1891/1431/5 1892/2522/5 1895/3151/5
f 1897/3152/6 1894/485/6 1893/1970/6 1898/3153/6
f 1902/3136/1 1905/3154/1 1903/3155/1 1900/3156/1
f 1901/3157/2 1902/3158/2 1900/3159/2 1899/1071/2
f 1906/3160/3 1901/3144/3 1899/3161/3 1904/3119/3
f 1905/3162/4 1906/3163/4 1904/2241/4 1903/3164/4
f 1904/3165/5 1899/3166/5 1900/3117/5 1903/1326/5
f 1905/3167/6 1902/1663/6 1901/3168/6 1906/2562/6
f 1910/3169/1 1913/3128/1 1911/3170/1 1908/3171/1
f 1909/3172/2 1910/1421/2 1908/1282/2 1907/3173/2
f 1914/3174/3 1909/3175/3 1907/3176/3 1912/3024/3
f 1913/3177/4 1914/3178/4 1912/1988/4 1911/390/4
f 1912/3179/5 1907/2781/5 1908/2780/5 1911/3180/5
f 1913/1588/6 1910/3181/6 1909/2503/6 1914/1587/6
f 1918/2444/1 1921/2552/1 1919/2460/1 1916/2330/1
f 1917/3182/2 1918/3183/2 1916/2514/2 1915/2348/2
f 1922/2575/3 1917/2574/3 1915/2442/3 1920/2441/3
f 1921/3184/4 1922/2513/4 1920/3183/4 1919/3182/4
f 1920/3185/5 1915/1911/5 1916/1908/5 1919/3186/5
f 1921/3187/6 1918/3186/6 1917/3185/6 1922/3188/6
f 1926/2553/1 1929/930/1 1927/2199/1 1924/2554/1
f 1925/805/2 1926/3189/2 1924/481/2 1923/2705/2
f 1930/1935/3 1925/3190/3 1923/3191/3 1928/1813/3
f 1929/2782/4 1930/1232/4 1928/1235/4 1927/3192/4
f 1928/3193/5 1923/3194/5 1924/2387/5 1927/3195/5
f 1929/3196/6 1926/3195/6 1925/3193/6 1930/3197/6
f 1934/427/1 1937/1781/1 1935/2555/1 1932/2556/1
f 1933/2557/2 1934/2558/2 1932/2559/2 1931/2560/2
f 1938/2561/3 1933/2562/3 1931/2563/3 1936/2564/3
f 1937/1329/4 1938/2565/4 1936/2566/4 1935/2567/4
f 1936/2568/5 1931/99/5 1932/2569/5 1935/1771/5
f 1937/791/6 1934/420/6 1933/2570/6 1938/2571/6
f 1942/2587/1 1945/2593/1 1943/2594/1 1940/2588/1
f 1941/3198/2 1942/1361/2 1940/3199/2 1939/3200/2
f 1946/2628/3 1941/2629/3 1939/2584/3 1944/2045/3
f 1945/3201/4 1946/3202/4 1944/3203/4 1943/3204/4
f 1944/3205/5 1939/3206/5 1940/3207/5 1943/3208/5
f 1945/3209/6 1942/3208/6 1941/3205/6 1946/3210/6
f 1950/3211/3 1948/2880/3 1947/2882/3 1949/3212/3
f 1954/156/183 1952/213/183 1951/216/183 1953/2686/183
f 1958/2730/1 1961/2731/1 1959/2732/1 1956/2733/1
f 1957/1640/2 1958/1643/2 1956/2734/2 1955/2638/2
f 1962/2731/3 1957/2735/3 1955/2736/3 1960/2732/3
f 1961/1659/4 1962/1665/4 1960/2737/4 1959/2738/4
f 1960/283/5 1955/2739/5 1956/798/5 1959/1434/5
f 1961/1591/6 1958/2740/6 1957/2741/6 1962/1592/6
f 1966/1233/1 1969/2742/1 1967/2743/1 1964/1234/1
f 1965/3213/2 1966/3214/2 1964/3215/2 1963/2352/2
f 1970/725/3 1965/3216/3 1963/3217/3 1968/728/3
f 1969/2355/4 1970/3084/4 1968/3214/4 1967/3213/4
f 1968/3218/5 1963/95/5 1964/1335/5 1967/3219/5
f 1969/662/6 1966/3219/6 1965/3218/6 1970/444/6
f 1974/3145/1 1977/2511/1 1975/1258/1 1972/3146/1
f 1973/2636/2 1974/3220/2 1972/3221/2 1971/2637/2
f 1978/3222/3 1973/3223/3 1971/3224/3 1976/619/3
f 1977/3220/4 1978/3225/4 1976/3226/4 1975/3221/4
f 1976/3227/5 1971/3228/5 1972/3229/5 1975/3230/5
f 1977/3231/6 1974/3232/6 1973/3229/6 1978/3230/6
f 1982/2777/1 1985/2467/1 1983/2470/1 1980/2778/1
f 1981/2899/2 1982/490/2 1980/489/2 1979/3233/2
f 1986/3234/3 1981/2721/3 1979/931/3 1984/3235/3
f 1985/3236/4 1986/1501/4 1984/1502/4 1983/613/4
f 1984/2605/5 1979/3237/5 1980/3238/5 1983/1534/5
f 1985/3239/6 1982/1272/6 1981/3240/6 1986/3241/6
f 1990/3242/1 1993/3243/1 1991/3244/1 1988/3086/1
f 1989/3245/2 1990/3246/2 1988/2818/2 1987/2819/2
f 1994/1389/3 1989/3247/3 1987/3248/3 1992/3249/3
f 1993/2919/4 1994/2918/4 1992/3246/4 1991/3245/4
f 1992/3250/5 1987/3251/5 1988/3252/5 1991/3253/5
f 1993/3254/6 1990/3255/6 1989/3256/6 1994/3257/6
f 1998/3258/1 2001/3259/1 1999/2353/1 1996/2767/1
f 1997/3260/2 1998/3261/2 1996/3262/2 1995/1920/2
f 2002/2537/3 1997/2961/3 1995/3259/3 2000/3258/3
f 2001/1007/4 2002/1023/4 2000/2035/4 1999/1365/4
f 2000/3263/5 1995/3264/5 1996/3265/5 1999/3266/5
f 2001/3267/6 1998/2776/6 1997/3268/6 2002/3269/6
f 2006/3270/5 2003/3271/5 2004/3271/5 2005/3270/5
f 2010/3271/5 2007/3270/5 2008/3270/5 2009/3271/5
f 2014/1954/1 2017/179/1 2015/3272/1 2012/2457/1
f 2013/3273/2 2014/3274/2 2012/3275/2 2011/2091/2
f 2018/3276/3 2013/539/3 2011/3277/3 2016/1695/3
f 2017/3278/4 2018/3279/4 2016/3274/4 2015/3273/4
f 2016/3231/5 2011/3232/5 2012/3280/5 2015/736/5
f 2017/733/6 2014/3281/6 2013/3280/6 2018/736/6
f 2022/3282/1 2025/2610/1 2023/2611/1 2020/3283/1
f 2021/1703/2 2022/3284/2 2020/3279/2 2019/3278/2
f 2026/3285/3 2021/3211/3 2019/3212/3 2024/2956/3
f 2025/3286/4 2026/3287/4 2024/3288/4 2023/3289/4
f 2024/2758/5 2019/3290/5 2020/3291/5 2023/3292/5
f 2025/2264/6 2022/3293/6 2021/2965/6 2026/1429/6
f 2030/3294/1 2033/3295/1 2031/3296/1 2028/3297/1
f 2029/736/2 2030/3298/2 2028/3299/2 2027/3227/2
f 2034/325/3 2029/324/3 2027/2059/3 2032/964/3
f 2033/742/4 2034/3300/4 2032/3301/4 2031/2094/4
f 2032/1727/5 2027/1664/5 2028/3302/5 2031/3303/5
f 2033/2472/6 2030/3303/6 2029/1727/6 2034/1731/6
f 2038/3304/174 2041/3305/174 2039/3306/174 2036/3307/174
f 2037/22/2 2038/3308/2 2036/3309/2 2035/1934/2
f 2042/3310/175 2037/3311/175 2035/551/175 2040/123/175
f 2041/3312/4 2042/3313/4 2040/3308/4 2039/22/4
f 2040/3305/176 2035/3304/176 2036/3295/176 2039/3314/176
f 2041/3315/177 2038/3311/177 2037/551/177 2042/680/177
f 2046/3316/1 2049/3317/1 2047/3318/1 2044/3319/1
f 2045/331/2 2046/330/2 2044/3317/2 2043/3316/2
f 2050/2400/3 2045/3320/3 2043/3321/3 2048/3322/3
f 2049/2412/4 2050/3323/4 2048/977/4 2047/3324/4
f 2048/3313/5 2043/3312/5 2044/19/5 2047/2440/5
f 2049/3325/6 2046/410/6 2045/3015/6 2050/1998/6
f 2054/3326/174 2057/3327/174 2055/3328/174 2052/3299/174
f 2053/3329/2 2054/3330/2 2052/3325/2 2051/410/2
f 2058/3315/175 2053/2038/175 2051/1308/175 2056/680/175
f 2057/409/4 2058/3331/4 2056/3330/4 2055/3329/4
f 2056/3327/176 2051/3326/176 2052/3332/176 2055/3333/176
f 2057/3334/177 2054/3298/177 2053/3332/177 2058/3333/177
f 2062/3335/1 2065/3336/1 2063/3337/1 2060/3338/1
f 2061/2417/2 2062/3339/2 2060/3340/2 2059/2098/2
f 2066/1535/3 2061/3341/3 2059/3342/3 2064/1532/3
f 2065/3343/4 2066/2130/4 2064/2379/4 2063/3344/4
f 2064/2021/5 2059/3181/5 2060/1053/5 2063/3345/5
f 2065/3346/6 2062/3178/6 2061/1986/6 2066/2025/6
f 2070/395/1 2073/451/1 2071/3108/1 2068/3347/1
f 2069/2505/2 2070/2003/2 2068/3348/2 2067/2507/2
f 2074/2506/3 2069/3349/3 2067/3113/3 2072/3350/3
f 2073/2003/4 2074/3351/4 2072/3349/4 2071/3348/4
f 2072/2005/5 2067/1430/5 2068/3151/5 2071/2109/5
f 2073/3352/6 2070/3152/6 2069/3153/6 2074/3353/6
f 2078/2084/1 2081/3354/1 2079/3355/1 2076/3090/1
f 2077/3356/2 2078/3357/2 2076/1033/2 2075/3262/2
f 2082/3354/3 2077/3358/3 2075/3091/3 2080/3355/3
f 2081/3359/4 2082/3360/4 2080/1037/4 2079/1962/4
f 2080/3361/5 2075/1823/5 2076/3362/5 2079/3363/5
f 2081/3364/6 2078/1822/6 2077/3362/6 2082/3363/6
f 2086/3365/1 2089/3366/1 2087/3367/1 2084/2279/1
f 2085/3368/2 2086/3369/2 2084/117/2 2083/107/2
f 2090/2278/3 2085/3370/3 2083/3366/3 2088/3365/3
f 2089/3371/4 2090/3372/4 2088/3373/4 2087/3374/4
f 2088/3375/5 2083/3371/5 2084/3376/5 2087/3377/5
f 2089/3306/6 2086/3307/6 2085/3296/6 2090/3378/6
f 2094/2446/1 2097/571/1 2095/548/1 2092/1991/1
f 2093/3379/2 2094/3380/2 2092/3381/2 2091/2973/2
f 2098/2577/3 2093/577/3 2091/571/3 2096/2446/3
f 2097/3382/4 2098/3383/4 2096/3384/4 2095/1993/4
f 2096/3385/5 2091/3382/5 2092/3386/5 2095/3387/5
f 2097/3388/6 2094/3389/6 2093/3386/6 2098/3387/6
f 2102/3390/1 2105/2432/1 2103/2028/1 2100/2029/1
f 2101/3391/2 2102/3392/2 2100/3388/2 2099/3389/2
f 2106/3393/3 2101/3394/3 2099/3395/3 2104/3396/3
f 2105/3397/4 2106/3398/4 2104/3392/4 2103/3391/4
f 2104/3351/5 2099/2003/5 2100/3399/5 2103/3400/5
f 2105/3401/6 2102/3402/6 2101/3397/6 2106/3403/6
f 2110/3394/1 2113/3404/1 2111/3405/1 2108/3395/1
f 2109/3406/2 2110/3407/2 2108/3408/2 2107/3402/2
f 2114/3404/3 2109/3409/3 2107/3410/3 2112/3405/3
f 2113/2019/4 2114/3411/4 2112/3407/4 2111/3406/4
f 2112/3412/5 2107/3367/5 2108/3366/5 2111/3413/5
f 2113/3035/6 2110/3370/6 2109/3366/6 2114/3413/6
f 2118/2580/1 2121/588/1 2119/577/1 2116/2577/1
f 2117/3414/2 2118/3415/2 2116/3034/2 2115/2024/2
f 2122/2585/3 2117/1594/3 2115/1597/3 2120/2586/3
f 2121/3416/4 2122/3417/4 2120/3418/4 2119/3419/4
f 2120/3420/5 2115/3414/5 2116/2023/5 2119/3421/5
f 2121/3422/6 2118/3423/6 2117/3416/6 2122/3424/6
f 2126/3409/1 2129/3425/1 2127/1656/1 2124/3410/1
f 2125/3426/2 2126/3427/2 2124/3422/2 2123/3423/2
f 2130/3425/3 2125/3428/3 2123/1657/3 2128/1656/3
f 2129/3429/4 2130/3430/4 2128/3427/4 2127/3426/4
f 2128/3431/5 2123/3429/5 2124/3432/5 2127/2364/5
f 2129/3433/6 2126/316/6 2125/3434/6 2130/3435/6
f 2134/2382/1 2137/2436/1 2135/2401/1 2132/2383/1
f 2133/3436/2 2134/3437/2 2132/3438/2 2131/316/2
f 2138/3428/3 2133/3302/3 2131/1664/3 2136/1657/3
f 2137/315/4 2138/3439/4 2136/3437/4 2135/3436/4
f 2136/3440/5 2131/3275/5 2132/3441/5 2135/3442/5
f 2137/3443/6 2134/3444/6 2133/3441/6 2138/3442/6
f 2142/2589/1 2145/1600/1 2143/1594/1 2140/2585/1
f 2141/3279/2 2142/3445/2 2140/3443/2 2139/3444/2
f 2146/1589/3 2141/2020/3 2139/3391/3 2144/1586/3
f 2145/3446/4 2146/3447/4 2144/3445/4 2143/3279/4
f 2144/107/5 2139/103/5 2140/3448/5 2143/3449/5
f 2145/3450/6 2142/3284/6 2141/3446/6 2146/3451/6
f 2150/152/1 2153/3452/1 2151/3453/1 2148/3454/1
f 2149/3455/2 2150/3456/2 2148/3457/2 2147/3458/2
f 2154/3452/3 2149/3459/3 2147/3460/3 2152/3453/3
f 2153/3456/4 2154/3461/4 2152/3462/4 2151/3457/4
f 2152/3345/5 2147/842/5 2148/3463/5 2151/3464/5
f 2153/2018/6 2150/3465/6 2149/3463/6 2154/3464/6
f 2158/3459/1 2161/570/1 2159/2339/1 2156/3460/1
f 2157/3461/2 2158/3466/2 2156/3467/2 2155/3462/2
f 2162/3097/3 2157/3468/3 2155/3095/3 2160/1681/3
f 2161/3469/4 2162/3470/4 2160/3471/4 2159/2718/4
f 2160/2018/5 2155/3465/5 2156/263/5 2159/3472/5
f 2161/3473/6 2158/3474/6 2157/3177/6 2162/3346/6
f 2166/3475/1 2169/153/1 2167/3476/1 2164/2877/1
f 2165/1738/2 2166/1314/2 2164/1966/2 2163/3477/2
f 2170/718/3 2165/3478/3 2163/1757/3 2168/1717/3
f 2169/1605/4 2170/1604/4 2168/3479/4 2167/3480/4
f 2168/3481/5 2163/3482/5 2164/3483/5 2167/2847/5
f 2169/3484/6 2166/816/6 2165/3485/6 2170/3486/6
f 2174/3487/1 2177/3488/1 2175/2768/1 2172/3489/1
f 2173/3470/2 2174/3490/2 2172/3491/2 2171/3471/2
f 2178/3492/3 2173/2536/3 2171/3488/3 2176/3487/3
f 2177/3490/4 2178/3493/4 2176/45/4 2175/3491/4
f 2176/3494/5 2171/3495/5 2172/3496/5 2175/3497/5
f 2177/3498/6 2174/2876/6 2173/3496/6 2178/3497/6
f 2182/3499/1 2185/3500/1 2183/3501/1 2180/1540/1
f 2181/3502/2 2182/3503/2 2180/3504/2 2179/3505/2
f 2186/2822/3 2181/3506/3 2179/3500/3 2184/3499/3
f 2185/1686/4 2186/3507/4 2184/3508/4 2183/3509/4
f 2184/3510/5 2179/3511/5 2180/3512/5 2183/1713/5
f 2185/3513/6 2182/3514/6 2181/3515/6 2186/3516/6
f 2190/3517/1 2193/3518/1 2191/3519/1 2188/2285/1
f 2189/3520/126 2190/3521/126 2188/3522/126 2187/3523/126
f 2194/3518/3 2189/3524/3 2187/3525/3 2192/3519/3
f 2193/448/127 2194/3526/127 2192/3527/127 2191/3528/127
f 2192/3529/128 2187/3530/128 2188/3531/128 2191/3532/128
f 2193/3533/129 2190/3532/129 2189/3529/129 2194/3534/129
f 2198/3535/1 2201/3536/1 2199/3537/1 2196/3538/1
f 2197/2697/220 2198/3539/220 2196/3540/220 2195/672/220
f 2202/3536/3 2197/3541/3 2195/3542/3 2200/3537/3
f 2201/3543/221 2202/3544/221 2200/3545/221 2199/3546/221
f 2200/3547/222 2195/3548/222 2196/2405/222 2199/3549/222
f 2201/3550/223 2198/3551/223 2197/3552/223 2202/3553/223
f 2206/3524/1 2209/3554/1 2207/3555/1 2204/3525/1
f 2205/1246/122 2206/3483/122 2204/3482/122 2203/1621/122
f 2210/3554/3 2205/3556/3 2203/3557/3 2208/3555/3
f 2209/2799/123 2210/2881/123 2208/1465/123 2207/3558/123
f 2208/3559/124 2203/3560/124 2204/3561/124 2207/3562/124
f 2209/3563/125 2206/3562/125 2205/3559/125 2210/3564/125
f 2214/3541/1 2217/3565/1 2215/3566/1 2212/3542/1
f 2213/30/224 2214/185/224 2212/188/224 2211/49/224
f 2218/3565/3 2213/3448/3 2211/106/3 2216/3566/3
f 2217/1133/225 2218/193/225 2216/196/225 2215/1127/225
f 2216/3567/226 2211/3553/226 2212/3550/226 2215/2487/226
f 2217/3568/227 2214/3569/227 2213/3570/227 2218/3571/227
s 0
f 2222/2836/228 2225/3572/1 2223/3572/229 2220/2836/1
f 2221/2836/228 2222/3573/1 2220/3573/230 2219/2836/1
f 2226/2836/228 2221/3572/1 2219/3572/229 2224/2836/1
f 2225/2836/228 2226/3573/1 2224/3573/229 2223/2836/1
s 1
f 2224/3574/200 2219/25/200 2220/3575/200 2223/1267/200
f 2225/165/201 2222/3576/201 2221/1410/201 2226/161/201
f 2230/3577/198 2233/949/198 2231/3578/198 2228/3579/198
f 2229/3580/2 2230/3581/2 2228/250/2 2227/251/2
f 2234/3582/199 2229/955/199 2227/3583/199 2232/3584/199
f 2233/3585/4 2234/3586/4 2232/3581/4 2231/3580/4
f 2232/3587/200 2227/581/200 2228/3043/200 2231/3588/200
f 2233/2495/201 2230/3589/201 2229/3590/201 2234/2497/201
f 2238/2848/198 2241/3591/198 2239/3586/198 2236/3585/198
f 2237/3339/2 2238/2416/2 2236/3592/2 2235/3593/2
f 2242/3594/199 2237/3595/199 2235/2249/199 2240/3596/199
f 2241/3597/4 2242/2420/4 2240/2165/4 2239/2164/4
f 2240/3595/200 2235/3594/200 2236/3598/200 2239/3599/200
f 2241/3600/201 2238/3601/201 2237/3598/201 2242/3599/201
f 2246/3602/198 2249/3603/198 2247/3604/198 2244/3557/198
f 2245/3605/2 2246/2246/2 2244/3600/2 2243/3601/2
f 2250/3603/199 2245/3606/199 2243/3607/199 2248/3604/199
f 2249/3608/4 2250/3609/4 2248/3610/4 2247/3611/4
f 2248/3612/200 2243/3481/200 2244/2846/200 2247/3613/200
f 2249/1452/201 2246/3614/201 2245/3615/201 2250/1455/201
f 2254/3616/198 2257/3617/198 2255/3609/198 2252/3608/198
f 2253/3618/2 2254/3619/2 2252/1484/2 2251/1483/2
f 2258/3620/199 2253/3621/199 2251/3617/199 2256/3616/199
f 2257/3619/4 2258/3622/4 2256/1485/4 2255/1484/4
f 2256/3621/200 2251/3620/200 2252/3623/200 2255/3624/200
f 2257/1858/201 2254/1050/201 2253/531/201 2258/3625/201
o obj5
v 0.592280 1.277410 0.772686
v 0.592281 1.654540 0.928897
v 0.592280 1.277410 0.772686
v 0.592281 1.654540 0.928897
v 0.994382 1.654540 0.928897
v 0.994382 1.277410 0.772686
v 0.994382 1.654540 0.928897
v 0.994382 1.277410 0.772686
v 0.547397 1.313126 0.768377
v 0.547397 1.656444 0.910584
v 0.547397 1.289732 0.824854
v 0.547397 1.633051 0.967061
v 0.593667 1.656444 0.910584
v 0.593667 1.313126 0.768377
v 0.593667 1.633051 0.967061
v 0.593667 1.289732 0.824854
v 0.593668 1.265627 0.748703
v 0.593668 1.314456 0.768928
v 0.593668 1.242234 0.805180
v 0.593668 1.291062 0.825405
v 0.999821 1.314456 0.768928
v 0.999821 1.265627 0.748703
v 0.999821 1.291062 0.825405
v 0.999821 1.242234 0.805180
v 0.999821 1.313126 0.768377
v 0.999821 1.656444 0.910584
v 0.999821 1.289732 0.824854
v 0.999821 1.633051 0.967061
v 1.046091 1.656444 0.910584
v 1.046091 1.313126 0.768377
v 1.046091 1.633051 0.967061
v 1.046091 1.289732 0.824854
v 0.593668 1.656444 0.910584
v 0.593668 1.703943 0.930259
v 0.593668 1.633051 0.967061
v 0.593668 1.680549 0.986736
v 0.999821 1.703943 0.930258
v 0.999821 1.656444 0.910584
v 0.999821 1.680549 0.986736
v 0.999821 1.633051 0.967061
vn -0.0000 -0.1297 0.9916
vn -0.0000 -0.0000 1.0000
vn -0.0000 0.3350 0.9422
vn -0.0000 0.3349 0.9422
vn -0.0000 0.3827 -0.9239
vn -0.0000 -0.3827 0.9239
vn -0.0000 0.9239 0.3827
vn -1.0000 -0.0000 -0.0000
vn -0.0000 -0.9239 -0.3827
vn 1.0000 -0.0000 -0.0000
vt 0.000000 1.000000
vt 0.011719 1.000000
vt 0.013672 1.000000
vt 0.158203 0.402344
vt 0.146484 0.402344
vt 0.146484 0.388672
vt 0.158203 0.388672
vt 0.191406 0.359375
vt 0.179688 0.359375
vt 0.179688 0.373047
vt 0.191406 0.373047
vt 0.669922 0.863281
vt 0.671875 0.863281
vt 0.671875 0.865234
vt 0.669922 0.865234
vt 0.689453 0.574219
vt 0.701172 0.574219
vt 0.701172 0.576172
vt 0.689453 0.576172
vt 0.669922 0.660156
vt 0.671875 0.660156
vt 0.671875 0.662109
vt 0.669922 0.662109
vt 0.689453 0.572266
vt 0.701172 0.572266
vt 0.640625 0.656250
vt 0.638672 0.656250
vt 0.638672 0.644531
vt 0.640625 0.644531
vt 0.691406 0.511719
vt 0.689453 0.511719
vt 0.689453 0.523438
vt 0.691406 0.523438
vt 0.689453 0.570312
vt 0.701172 0.570312
vt 0.705078 0.708984
vt 0.707031 0.708984
vt 0.707031 0.710938
vt 0.705078 0.710938
vt 0.689453 0.546875
vt 0.701172 0.546875
vt 0.701172 0.548828
vt 0.689453 0.548828
vt 0.705078 0.685547
vt 0.707031 0.685547
vt 0.707031 0.687500
vt 0.705078 0.687500
vt 0.689453 0.544922
vt 0.701172 0.544922
vt 0.701172 0.542969
vt 0.689453 0.542969
vt 0.328125 0.292969
vt 0.330078 0.292969
vt 0.330078 0.294922
vt 0.328125 0.294922
vt 0.689453 0.541016
vt 0.701172 0.541016
vt 0.332031 0.292969
vt 0.332031 0.294922
vt 0.689453 0.535156
vt 0.701172 0.535156
vt 0.701172 0.537109
vt 0.689453 0.537109
vt 0.693359 0.890625
vt 0.691406 0.890625
vt 0.691406 0.878906
vt 0.693359 0.878906
vt 0.343750 0.296875
vt 0.341797 0.296875
vt 0.341797 0.308594
vt 0.343750 0.308594
vt 0.689453 0.533203
vt 0.701172 0.533203
vt 0.333984 0.292969
vt 0.335938 0.292969
vt 0.335938 0.294922
vt 0.333984 0.294922
vt 0.689453 0.531250
vt 0.701172 0.531250
vt 0.337891 0.292969
vt 0.337891 0.294922
vt 0.689453 0.529297
vt 0.701172 0.529297
vt 0.701172 0.369141
vt 0.689453 0.369141
vt 0.689453 0.371094
vt 0.701172 0.371094
s 0
usemtl мая.png.001
f 2262/3626/231 2265/3627/232 2263/3627/233 2260/3626/232
f 2261/3626/231 2262/3628/232 2260/3628/234 2259/3626/232
f 2266/3626/231 2261/3627/232 2259/3627/233 2264/3626/232
f 2265/3626/231 2266/3628/232 2264/3628/233 2263/3626/232
s 1
f 2264/3629/235 2259/3630/235 2260/3631/235 2263/3632/235
f 2265/3633/236 2262/3634/236 2261/3635/236 2266/3636/236
f 2270/3637/237 2273/3638/237 2271/3639/237 2268/3640/237
f 2269/3641/238 2270/3642/238 2268/3643/238 2267/3644/238
f 2274/3645/239 2269/3646/239 2267/3647/239 2272/3648/239
f 2273/3649/240 2274/3650/240 2272/3642/240 2271/3641/240
f 2272/3651/235 2267/3652/235 2268/3653/235 2271/3654/235
f 2273/3655/236 2270/3656/236 2269/3657/236 2274/3658/236
f 2278/3659/237 2281/3660/237 2279/3650/237 2276/3649/237
f 2277/3661/238 2278/3662/238 2276/3663/238 2275/3664/238
f 2282/3665/239 2277/3666/239 2275/3667/239 2280/3668/239
f 2281/3669/240 2282/3670/240 2280/3671/240 2279/3672/240
f 2280/3666/235 2275/3665/235 2276/3673/235 2279/3674/235
f 2281/3675/236 2278/3676/236 2277/3673/236 2282/3674/236
f 2286/3677/237 2289/3678/237 2287/3679/237 2284/3680/237
f 2285/3681/238 2286/3682/238 2284/3675/238 2283/3676/238
f 2290/3678/239 2285/3683/239 2283/3684/239 2288/3679/239
f 2289/3685/240 2290/3686/240 2288/3687/240 2287/3688/240
f 2288/3689/235 2283/3690/235 2284/3691/235 2287/3692/235
f 2289/3693/236 2286/3694/236 2285/3695/236 2290/3696/236
f 2294/3697/237 2297/3698/237 2295/3686/237 2292/3685/237
f 2293/3699/238 2294/3700/238 2292/3701/238 2291/3702/238
f 2298/3703/239 2293/3704/239 2291/3698/239 2296/3697/239
f 2297/3700/240 2298/3705/240 2296/3706/240 2295/3701/240
f 2296/3704/235 2291/3703/235 2292/3707/235 2295/3708/235
f 2297/3709/236 2294/3710/236 2293/3711/236 2298/3712/236
o w1
v -1.268589 0.295297 1.973439
v -1.268589 0.295297 2.243012
v -1.268589 0.236433 1.973439
v -1.268589 0.236433 2.243012
v -0.904820 0.295297 2.243012
v -0.904820 0.295297 1.973438
v -0.904820 0.236433 2.243012
v -0.904820 0.236433 1.973438
v -1.279168 0.243419 1.891832
v -1.279168 0.243419 2.324683
v -1.279168 0.012222 1.891832
v -1.279168 0.012222 2.324683
v -0.878271 0.243419 2.324683
v -0.878271 0.243419 1.891832
v -0.878271 0.012222 2.324683
v -0.878271 0.012222 1.891832
v -1.279168 0.749315 2.399163
v -1.279168 0.749315 2.628922
v -1.279168 0.316462 2.399163
v -1.279168 0.316462 2.628922
v -0.878271 0.749315 2.628922
v -0.878271 0.749315 2.399162
v -0.878271 0.316462 2.628922
v -0.878271 0.316462 2.399162
v -1.279197 0.168388 2.166644
v -1.279197 0.474502 2.472757
v -1.279197 0.011644 2.323387
v -1.279197 0.317759 2.629499
v -0.878241 0.474502 2.472757
v -0.878241 0.168388 2.166644
v -0.878241 0.317759 2.629499
v -0.878241 0.011644 2.323387
v -1.278535 0.893548 2.163739
v -1.278535 1.053196 2.323386
v -1.278534 0.588371 2.468915
v -1.278534 0.748019 2.628563
v -0.878904 1.053196 2.323386
v -0.878904 0.893548 2.163739
v -0.878904 0.748019 2.628562
v -0.878904 0.588371 2.468915
v -1.279168 1.053555 1.891832
v -1.279168 1.053555 2.324683
v -1.279168 0.810981 1.891832
v -1.279168 0.810981 2.324683
v -0.878271 1.053555 2.324683
v -0.878271 1.053555 1.891832
v -0.878271 0.810981 2.324683
v -0.878271 0.810981 1.891832
v -1.279197 0.748019 1.587015
v -1.279197 1.054133 1.893128
v -1.279197 0.591275 1.743758
v -1.279197 0.897389 2.049871
v -0.878242 1.054133 1.893128
v -0.878241 0.748019 1.587015
v -0.878241 0.897389 2.049871
v -0.878241 0.591275 1.743758
v -1.279168 0.749315 1.587592
v -1.279168 0.749315 1.818212
v -1.279168 0.316462 1.587592
v -1.279168 0.316462 1.818212
v -0.878271 0.749315 1.818212
v -0.878271 0.749315 1.587592
v -0.878271 0.316462 1.818212
v -0.878271 0.316462 1.587592
v -1.279197 0.317758 1.587015
v -1.279197 0.469817 1.739073
v -1.279197 0.011644 1.893128
v -1.279197 0.163703 2.045186
v -0.878241 0.469817 1.739073
v -0.878241 0.317758 1.587015
v -0.878241 0.163703 2.045186
v -0.878242 0.011644 1.893128
v -1.268589 0.792688 2.188650
v -1.268589 0.831416 2.227378
v -1.268589 0.617032 2.364305
v -1.268589 0.655760 2.403033
v -0.904762 0.831416 2.227377
v -0.904762 0.792688 2.188649
v -0.904762 0.655760 2.403033
v -0.904762 0.617032 2.364305
v -1.268589 0.275813 2.203633
v -1.268589 0.437136 2.364956
v -1.268589 0.236433 2.243012
v -1.268589 0.397756 2.404335
v -0.904762 0.437136 2.364955
v -0.904762 0.275813 2.203633
v -0.904762 0.397756 2.404335
v -0.904762 0.236433 2.243013
v -1.268560 0.655361 2.346122
v -1.268560 0.655361 2.403549
v -1.268560 0.399807 2.346122
v -1.268560 0.399807 2.403549
v -0.904791 0.655361 2.403549
v -0.904791 0.655361 2.346122
v -0.904791 0.399807 2.403549
v -0.904791 0.399807 2.346122
v -1.268589 0.831416 1.972770
v -1.268589 0.831416 2.227378
v -1.268589 0.762121 1.972770
v -1.268589 0.762121 2.227378
v -0.904820 0.831416 2.227377
v -0.904820 0.831416 1.972770
v -0.904820 0.762121 2.227377
v -0.904820 0.762121 1.972770
v -1.268589 0.677188 1.818542
v -1.268589 0.831416 1.972770
v -1.268589 0.634800 1.860929
v -1.268589 0.789029 2.015157
v -0.904762 0.831416 1.972770
v -0.904762 0.677188 1.818542
v -0.904762 0.789029 2.015157
v -0.904762 0.634800 1.860929
v -1.268589 0.677188 1.818542
v -1.268589 0.677188 1.872868
v -1.268589 0.391330 1.818542
v -1.268589 0.391330 1.872868
v -0.904820 0.677188 1.872868
v -0.904820 0.677188 1.818542
v -0.904820 0.391330 1.872868
v -0.904820 0.391330 1.818542
v -1.227660 0.898102 1.797693
v -1.227660 0.898102 2.496635
v -1.227660 0.227402 1.797693
v -1.227660 0.227402 2.496635
v -0.924410 0.898102 2.496635
v -0.924410 0.898102 1.797693
v -0.924410 0.227402 2.496635
v -0.924410 0.227402 1.797693
v -1.268589 0.391329 1.818542
v -1.268589 0.433717 1.860930
v -1.268589 0.236432 1.973439
v -1.268589 0.278820 2.015826
v -0.904762 0.433717 1.860929
v -0.904762 0.391329 1.818542
v -0.904762 0.278820 2.015826
v -0.904762 0.236432 1.973439
vn -0.0000 -0.0000 1.0000
vn -1.0000 -0.0000 -0.0000
vn -0.0000 -0.0000 -1.0000
vn 1.0000 -0.0000 -0.0000
vn -0.0000 1.0000 -0.0000
vn -0.0000 -1.0000 -0.0000
vn -0.0000 0.7071 0.7071
vn -0.0000 -0.7071 -0.7071
vn -0.0000 0.7071 -0.7071
vn -0.0000 -0.7071 0.7071
vt 0.703125 0.314453
vt 0.691406 0.314453
vt 0.691406 0.316406
vt 0.703125 0.316406
vt 0.705078 0.914062
vt 0.695312 0.914062
vt 0.695312 0.916016
vt 0.705078 0.916016
vt 0.703125 0.312500
vt 0.691406 0.312500
vt 0.705078 0.988281
vt 0.695312 0.988281
vt 0.695312 0.990234
vt 0.705078 0.990234
vt 0.441406 0.341797
vt 0.453125 0.341797
vt 0.453125 0.332031
vt 0.441406 0.332031
vt 0.603516 0.332031
vt 0.615234 0.332031
vt 0.615234 0.341797
vt 0.603516 0.341797
vt 0.683594 0.699219
vt 0.671875 0.699219
vt 0.671875 0.707031
vt 0.683594 0.707031
vt 0.673828 0.328125
vt 0.660156 0.328125
vt 0.660156 0.335938
vt 0.673828 0.335938
vt 0.683594 0.691406
vt 0.671875 0.691406
vt 0.646484 0.328125
vt 0.646484 0.335938
vt 0.320312 0.365234
vt 0.332031 0.365234
vt 0.332031 0.351562
vt 0.320312 0.351562
vt 0.634766 0.656250
vt 0.646484 0.656250
vt 0.646484 0.669922
vt 0.634766 0.669922
vt 0.593750 0.351562
vt 0.582031 0.351562
vt 0.582031 0.365234
vt 0.593750 0.365234
vt 0.673828 0.986328
vt 0.666016 0.986328
vt 0.666016 1.000000
vt 0.673828 1.000000
vt 0.605469 0.351562
vt 0.605469 0.365234
vt 0.630859 0.322266
vt 0.623047 0.322266
vt 0.623047 0.335938
vt 0.630859 0.335938
vt 0.671875 0.662109
vt 0.683594 0.662109
vt 0.683594 0.654297
vt 0.671875 0.654297
vt 0.671875 0.646484
vt 0.683594 0.646484
vt 0.435547 0.320312
vt 0.423828 0.320312
vt 0.423828 0.328125
vt 0.435547 0.328125
vt 0.679688 0.916016
vt 0.666016 0.916016
vt 0.666016 0.923828
vt 0.679688 0.923828
vt 0.460938 0.320312
vt 0.449219 0.320312
vt 0.449219 0.328125
vt 0.460938 0.328125
vt 0.050781 0.326172
vt 0.037109 0.326172
vt 0.037109 0.333984
vt 0.050781 0.333984
vt 0.617188 0.365234
vt 0.617188 0.351562
vt 0.634766 0.376953
vt 0.646484 0.376953
vt 0.646484 0.390625
vt 0.634766 0.390625
vt 0.646484 0.363281
vt 0.634766 0.363281
vt 0.195312 0.320312
vt 0.187500 0.320312
vt 0.187500 0.333984
vt 0.195312 0.333984
vt 0.648438 0.900391
vt 0.636719 0.900391
vt 0.636719 0.914062
vt 0.648438 0.914062
vt 0.058594 0.320312
vt 0.050781 0.320312
vt 0.058594 0.333984
vt 0.671875 0.537109
vt 0.683594 0.537109
vt 0.683594 0.529297
vt 0.671875 0.529297
vt 0.671875 0.511719
vt 0.683594 0.511719
vt 0.683594 0.519531
vt 0.671875 0.519531
vt 0.683594 0.476562
vt 0.671875 0.476562
vt 0.671875 0.484375
vt 0.683594 0.484375
vt 0.679688 0.837891
vt 0.666016 0.837891
vt 0.666016 0.845703
vt 0.679688 0.845703
vt 0.683594 0.468750
vt 0.671875 0.468750
vt 0.679688 0.896484
vt 0.666016 0.896484
vt 0.666016 0.904297
vt 0.679688 0.904297
vt 0.140625 0.363281
vt 0.152344 0.363281
vt 0.152344 0.349609
vt 0.140625 0.349609
vt 0.636719 0.773438
vt 0.648438 0.773438
vt 0.648438 0.787109
vt 0.636719 0.787109
vt 0.544922 0.320312
vt 0.533203 0.320312
vt 0.533203 0.328125
vt 0.544922 0.328125
vt 0.208984 0.326172
vt 0.195312 0.326172
vt 0.208984 0.333984
vt 0.578125 0.320312
vt 0.566406 0.320312
vt 0.566406 0.328125
vt 0.578125 0.328125
vt 0.679688 0.826172
vt 0.666016 0.826172
vt 0.666016 0.833984
vt 0.679688 0.833984
vt 0.214844 0.363281
vt 0.226562 0.363281
vt 0.226562 0.349609
vt 0.214844 0.349609
vt 0.306641 0.349609
vt 0.318359 0.349609
vt 0.318359 0.363281
vt 0.306641 0.363281
vt 0.646484 0.349609
vt 0.634766 0.349609
vt 0.468750 0.320312
vt 0.460938 0.333984
vt 0.468750 0.333984
vt 0.650391 0.927734
vt 0.638672 0.927734
vt 0.638672 0.941406
vt 0.650391 0.941406
vt 0.410156 0.320312
vt 0.402344 0.320312
vt 0.402344 0.333984
vt 0.410156 0.333984
vt 0.589844 0.328125
vt 0.589844 0.320312
vt 0.642578 0.320312
vt 0.654297 0.320312
vt 0.654297 0.328125
vt 0.642578 0.328125
vt 0.269531 0.347656
vt 0.257812 0.347656
vt 0.257812 0.361328
vt 0.269531 0.361328
vt 0.556641 0.308594
vt 0.550781 0.308594
vt 0.550781 0.322266
vt 0.556641 0.322266
vt 0.281250 0.347656
vt 0.281250 0.361328
vt 0.544922 0.308594
vt 0.544922 0.322266
vt 0.681641 0.982422
vt 0.693359 0.982422
vt 0.693359 0.976562
vt 0.681641 0.976562
vt 0.037109 0.312500
vt 0.048828 0.312500
vt 0.048828 0.318359
vt 0.037109 0.318359
vt 0.667969 0.369141
vt 0.656250 0.369141
vt 0.656250 0.378906
vt 0.667969 0.378906
vt 0.484375 0.294922
vt 0.482422 0.294922
vt 0.482422 0.304688
vt 0.484375 0.304688
vt 0.667969 0.359375
vt 0.656250 0.359375
vt 0.480469 0.294922
vt 0.480469 0.304688
vt 0.691406 0.384766
vt 0.703125 0.384766
vt 0.703125 0.382812
vt 0.691406 0.382812
vt 0.691406 0.380859
vt 0.703125 0.380859
vt 0.703125 0.378906
vt 0.691406 0.378906
vt 0.703125 0.511719
vt 0.693359 0.511719
vt 0.693359 0.513672
vt 0.703125 0.513672
vt 0.703125 0.376953
vt 0.691406 0.376953
vt 0.703125 0.701172
vt 0.693359 0.701172
vt 0.693359 0.703125
vt 0.703125 0.703125
vt 0.658203 0.962891
vt 0.669922 0.962891
vt 0.669922 0.953125
vt 0.658203 0.953125
vt 0.658203 0.904297
vt 0.669922 0.904297
vt 0.669922 0.914062
vt 0.658203 0.914062
vt 0.669922 0.863281
vt 0.658203 0.863281
vt 0.658203 0.873047
vt 0.669922 0.873047
vt 0.617188 0.294922
vt 0.615234 0.294922
vt 0.615234 0.304688
vt 0.617188 0.304688
vt 0.669922 0.845703
vt 0.658203 0.845703
vt 0.658203 0.855469
vt 0.669922 0.855469
vt 0.697266 0.498047
vt 0.695312 0.498047
vt 0.695312 0.507812
vt 0.697266 0.507812
vt 0.703125 0.375000
vt 0.691406 0.375000
vt 0.691406 0.373047
vt 0.703125 0.373047
vt 0.703125 0.371094
vt 0.691406 0.371094
vt 0.703125 0.365234
vt 0.693359 0.365234
vt 0.693359 0.367188
vt 0.703125 0.367188
vt 0.703125 0.328125
vt 0.691406 0.328125
vt 0.691406 0.330078
vt 0.703125 0.330078
vt 0.703125 0.496094
vt 0.693359 0.496094
vt 0.693359 0.498047
vt 0.703125 0.498047
vt 0.658203 0.792969
vt 0.669922 0.792969
vt 0.669922 0.783203
vt 0.658203 0.783203
vt 0.253906 0.332031
vt 0.265625 0.332031
vt 0.265625 0.341797
vt 0.253906 0.341797
vt 0.703125 0.326172
vt 0.691406 0.326172
vt 0.695312 0.992188
vt 0.705078 0.992188
vt 0.703125 0.324219
vt 0.691406 0.324219
vt 0.703125 0.363281
vt 0.693359 0.363281
vt 0.277344 0.341797
vt 0.277344 0.332031
vt 0.289062 0.332031
vt 0.289062 0.341797
vt 0.669922 0.660156
vt 0.658203 0.660156
vt 0.658203 0.669922
vt 0.669922 0.669922
vt 0.621094 0.294922
vt 0.619141 0.294922
vt 0.619141 0.304688
vt 0.621094 0.304688
vt 0.390625 0.332031
vt 0.378906 0.332031
vt 0.378906 0.341797
vt 0.390625 0.341797
vt 0.703125 0.322266
vt 0.691406 0.322266
vt 0.691406 0.320312
vt 0.703125 0.320312
vt 0.306641 0.361328
vt 0.296875 0.361328
vt 0.296875 0.382812
vt 0.306641 0.382812
vt 0.021484 0.425781
vt 0.000000 0.425781
vt 0.000000 0.447266
vt 0.021484 0.447266
vt 0.351562 0.357422
vt 0.341797 0.357422
vt 0.341797 0.378906
vt 0.351562 0.378906
vt 0.361328 0.378906
vt 0.361328 0.357422
vt 0.416016 0.357422
vt 0.425781 0.357422
vt 0.425781 0.378906
vt 0.416016 0.378906
vt 0.402344 0.332031
vt 0.402344 0.341797
vt 0.697266 0.296875
vt 0.695312 0.296875
vt 0.695312 0.306641
vt 0.697266 0.306641
vt 0.427734 0.332031
vt 0.416016 0.332031
vt 0.416016 0.341797
vt 0.427734 0.341797
vt 0.623047 0.294922
vt 0.623047 0.304688
vt 0.703125 0.318359
vt 0.691406 0.318359
s 1
usemtl мая.png.001
f 2302/3713/241 2305/3714/241 2303/3715/241 2300/3716/241
f 2301/3717/242 2302/3718/242 2300/3719/242 2299/3720/242
f 2306/3721/243 2301/3722/243 2299/3714/243 2304/3713/243
f 2305/3723/244 2306/3724/244 2304/3725/244 2303/3726/244
f 2304/3727/245 2299/3728/245 2300/3729/245 2303/3730/245
f 2305/3731/246 2302/3732/246 2301/3733/246 2306/3734/246
f 2310/3735/241 2313/3736/241 2311/3737/241 2308/3738/241
f 2309/3739/242 2310/3740/242 2308/3741/242 2307/3742/242
f 2314/3743/243 2309/3744/243 2307/3736/243 2312/3735/243
f 2313/3740/244 2314/3745/244 2312/3746/244 2311/3741/244
f 2312/3747/245 2307/3748/245 2308/3749/245 2311/3750/245
f 2313/3751/246 2310/3752/246 2309/3753/246 2314/3754/246
f 2318/3755/241 2321/3756/241 2319/3757/241 2316/3758/241
f 2317/3759/242 2318/3760/242 2316/3761/242 2315/3762/242
f 2322/3763/243 2317/3755/243 2315/3758/243 2320/3764/243
f 2321/3765/244 2322/3766/244 2320/3767/244 2319/3768/244
f 2320/3769/245 2315/3770/245 2316/3771/245 2319/3772/245
f 2321/3773/246 2318/3774/246 2317/3771/246 2322/3772/246
f 2326/3775/247 2329/3776/247 2327/3777/247 2324/3778/247
f 2325/3779/242 2326/3780/242 2324/3781/242 2323/3782/242
f 2330/3783/248 2325/3784/248 2323/3785/248 2328/3786/248
f 2329/3787/244 2330/3788/244 2328/3789/244 2327/3790/244
f 2328/3764/249 2323/3791/249 2324/3792/249 2327/3763/249
f 2329/3793/250 2326/3794/250 2325/3795/250 2330/3796/250
f 2334/3797/247 2337/3798/247 2335/3793/247 2332/3794/247
f 2333/3799/242 2334/3800/242 2332/3801/242 2331/3802/242
f 2338/3803/248 2333/3804/248 2331/3805/248 2336/3806/248
f 2337/3807/244 2338/3808/244 2336/3790/244 2335/3809/244
f 2336/3810/249 2331/3811/249 2332/3812/249 2335/3813/249
f 2337/3814/250 2334/3815/250 2333/3816/250 2338/3817/250
f 2342/3818/241 2345/3819/241 2343/3820/241 2340/3821/241
f 2341/3822/242 2342/3823/242 2340/3824/242 2339/3825/242
f 2346/3826/243 2341/3827/243 2339/3819/243 2344/3818/243
f 2345/3828/244 2346/3829/244 2344/3830/244 2343/3831/244
f 2344/3832/245 2339/3833/245 2340/3834/245 2343/3835/245
f 2345/3836/246 2342/3837/246 2341/3838/246 2346/3839/246
f 2350/3840/247 2353/3841/247 2351/3842/247 2348/3843/247
f 2349/3844/242 2350/3845/242 2348/3802/242 2347/3846/242
f 2354/3847/248 2349/3848/248 2347/3849/248 2352/3850/248
f 2353/3851/244 2354/3852/244 2352/3853/244 2351/3854/244
f 2352/3855/249 2347/3856/249 2348/3857/249 2351/3858/249
f 2353/3859/250 2350/3860/250 2349/3861/250 2354/3862/250
f 2358/3863/241 2361/3864/241 2359/3798/241 2356/3797/241
f 2357/3865/242 2358/3783/242 2356/3866/242 2355/3867/242
f 2362/3868/243 2357/3869/243 2355/3870/243 2360/3871/243
f 2361/3872/244 2362/3873/244 2360/3874/244 2359/3875/244
f 2360/3850/245 2355/3876/245 2356/3877/245 2359/3847/245
f 2361/3878/246 2358/3879/246 2357/3880/246 2362/3881/246
f 2366/3882/247 2369/3883/247 2367/3884/247 2364/3885/247
f 2365/3886/242 2366/3887/242 2364/3888/242 2363/3889/242
f 2370/3890/248 2365/3882/248 2363/3885/248 2368/3891/248
f 2369/3887/244 2370/3892/244 2368/3893/244 2367/3888/244
f 2368/3894/249 2363/3895/249 2364/3896/249 2367/3897/249
f 2369/3898/250 2366/3899/250 2365/3900/250 2370/3901/250
f 2374/3902/247 2377/3903/247 2375/3904/247 2372/3905/247
f 2373/3906/242 2374/3907/242 2372/3908/242 2371/3909/242
f 2378/3910/248 2373/3911/248 2371/3903/248 2376/3902/248
f 2377/3907/244 2378/3912/244 2376/3913/244 2375/3908/244
f 2376/3914/249 2371/3915/249 2372/3916/249 2375/3917/249
f 2377/3918/250 2374/3919/250 2373/3916/250 2378/3917/250
f 2382/3920/247 2385/3921/247 2383/3918/247 2380/3919/247
f 2381/3922/242 2382/3923/242 2380/3924/242 2379/3925/242
f 2386/3926/248 2381/3927/248 2379/3921/248 2384/3920/248
f 2385/3928/244 2386/3929/244 2384/3930/244 2383/3931/244
f 2384/3932/249 2379/3933/249 2380/3934/249 2383/3935/249
f 2385/3936/250 2382/3937/250 2381/3938/250 2386/3939/250
f 2390/3940/241 2393/3941/241 2391/3942/241 2388/3943/241
f 2389/3944/242 2390/3945/242 2388/3946/242 2387/3947/242
f 2394/3948/243 2389/3949/243 2387/3950/243 2392/3951/243
f 2393/3952/244 2394/3953/244 2392/3954/244 2391/3955/244
f 2392/3927/245 2387/3926/245 2388/3956/245 2391/3957/245
f 2393/3958/246 2390/3959/246 2389/3956/246 2394/3957/246
f 2398/3960/241 2401/3961/241 2399/3958/241 2396/3959/241
f 2397/3962/242 2398/3963/242 2396/3964/242 2395/3965/242
f 2402/3966/243 2397/3967/243 2395/3968/243 2400/3969/243
f 2401/3970/244 2402/3971/244 2400/3972/244 2399/3973/244
f 2400/3974/245 2395/3975/245 2396/3976/245 2399/3977/245
f 2401/3978/246 2398/3979/246 2397/3980/246 2402/3981/246
f 2406/3982/247 2409/3983/247 2407/3967/247 2404/3966/247
f 2405/3726/242 2406/3725/242 2404/3984/242 2403/3985/242
f 2410/3986/248 2405/3987/248 2403/3983/248 2408/3982/248
f 2409/3988/244 2410/3989/244 2408/3963/244 2407/3962/244
f 2408/3980/249 2403/3990/249 2404/3991/249 2407/3979/249
f 2409/3991/250 2406/3992/250 2405/3993/250 2410/3990/250
f 2414/3994/241 2417/3995/241 2415/3996/241 2412/3997/241
f 2413/3998/242 2414/3999/242 2412/4000/242 2411/4001/242
f 2418/4002/243 2413/4003/243 2411/4004/243 2416/4005/243
f 2417/3999/244 2418/3944/244 2416/3947/244 2415/4000/244
f 2416/3987/245 2411/3986/245 2412/4006/245 2415/4007/245
f 2417/4008/246 2414/4009/246 2413/4006/246 2418/4007/246
f 2422/4010/241 2425/4011/241 2423/4012/241 2420/4013/241
f 2421/4014/242 2422/4015/242 2420/4016/242 2419/4017/242
f 2426/4018/243 2421/4019/243 2419/4020/243 2424/4021/243
f 2425/4015/244 2426/4014/244 2424/4017/244 2423/4016/244
f 2424/4021/245 2419/4022/245 2420/4023/245 2423/4018/245
f 2425/4024/246 2422/4025/246 2421/4026/246 2426/4027/246
f 2430/4028/247 2433/4002/247 2431/4005/247 2428/4029/247
f 2429/4030/242 2430/4031/242 2428/4032/242 2427/4033/242
f 2434/4034/248 2429/4035/248 2427/4036/248 2432/4037/248
f 2433/4038/244 2434/3998/244 2432/4001/244 2431/4039/244
f 2432/4008/249 2427/4009/249 2428/4040/249 2431/4041/249
f 2433/3715/250 2430/3716/250 2429/4040/250 2434/4041/250
o w2
v -1.268589 0.295296 -1.839048
v -1.268589 0.295297 -1.569475
v -1.268589 0.236433 -1.839048
v -1.268589 0.236433 -1.569475
v -0.904820 0.295297 -1.569475
v -0.904820 0.295296 -1.839048
v -0.904820 0.236433 -1.569475
v -0.904820 0.236433 -1.839048
v -1.279168 0.243418 -1.920655
v -1.279168 0.243418 -1.487804
v -1.279168 0.012222 -1.920655
v -1.279168 0.012222 -1.487804
v -0.878271 0.243418 -1.487804
v -0.878271 0.243418 -1.920655
v -0.878271 0.012222 -1.487804
v -0.878271 0.012222 -1.920655
v -1.279168 0.749315 -1.413324
v -1.279168 0.749315 -1.183565
v -1.279168 0.316462 -1.413324
v -1.279168 0.316462 -1.183565
v -0.878271 0.749315 -1.183565
v -0.878271 0.749315 -1.413324
v -0.878271 0.316462 -1.183565
v -0.878271 0.316462 -1.413324
v -1.279197 0.168388 -1.645843
v -1.279197 0.474502 -1.339730
v -1.279197 0.011644 -1.489100
v -1.279197 0.317758 -1.182987
v -0.878241 0.474502 -1.339730
v -0.878241 0.168388 -1.645843
v -0.878241 0.317758 -1.182987
v -0.878241 0.011644 -1.489100
v -1.278534 0.893548 -1.648748
v -1.278534 1.053196 -1.489100
v -1.278534 0.588371 -1.343571
v -1.278534 0.748019 -1.183924
v -0.878904 1.053196 -1.489100
v -0.878904 0.893548 -1.648748
v -0.878904 0.748019 -1.183924
v -0.878904 0.588371 -1.343571
v -1.279168 1.053555 -1.920655
v -1.279168 1.053555 -1.487804
v -1.279168 0.810981 -1.920655
v -1.279168 0.810981 -1.487804
v -0.878271 1.053555 -1.487804
v -0.878271 1.053555 -1.920655
v -0.878271 0.810981 -1.487804
v -0.878271 0.810981 -1.920655
v -1.279197 0.748019 -2.225471
v -1.279197 1.054133 -1.919359
v -1.279197 0.591275 -2.068729
v -1.279197 0.897389 -1.762616
v -0.878241 1.054133 -1.919359
v -0.878241 0.748019 -2.225471
v -0.878241 0.897389 -1.762616
v -0.878241 0.591275 -2.068729
v -1.279168 0.749315 -2.224895
v -1.279168 0.749315 -1.994275
v -1.279168 0.316462 -2.224895
v -1.279168 0.316462 -1.994275
v -0.878271 0.749315 -1.994275
v -0.878271 0.749315 -2.224895
v -0.878271 0.316462 -1.994275
v -0.878271 0.316462 -2.224895
v -1.279197 0.317758 -2.225471
v -1.279197 0.469817 -2.073413
v -1.279197 0.011644 -1.919359
v -1.279197 0.163703 -1.767300
v -0.878241 0.469817 -2.073413
v -0.878241 0.317758 -2.225471
v -0.878241 0.163703 -1.767300
v -0.878241 0.011644 -1.919359
v -1.268589 0.792688 -1.623837
v -1.268588 0.831416 -1.585109
v -1.268589 0.617031 -1.448181
v -1.268588 0.655759 -1.409453
v -0.904762 0.831416 -1.585109
v -0.904762 0.792688 -1.623837
v -0.904762 0.655759 -1.409453
v -0.904761 0.617031 -1.448181
v -1.268589 0.275813 -1.608854
v -1.268588 0.437136 -1.447531
v -1.268588 0.236433 -1.569474
v -1.268589 0.397756 -1.408152
v -0.904762 0.437136 -1.447531
v -0.904762 0.275813 -1.608853
v -0.904762 0.397756 -1.408152
v -0.904762 0.236433 -1.569474
v -1.268560 0.655361 -1.466365
v -1.268560 0.655361 -1.408937
v -1.268560 0.399807 -1.466365
v -1.268560 0.399807 -1.408937
v -0.904791 0.655361 -1.408937
v -0.904791 0.655361 -1.466365
v -0.904791 0.399807 -1.408937
v -0.904791 0.399807 -1.466365
v -1.268589 0.831416 -1.839716
v -1.268588 0.831416 -1.585109
v -1.268589 0.762120 -1.839716
v -1.268588 0.762120 -1.585109
v -0.904820 0.831416 -1.585109
v -0.904820 0.831416 -1.839716
v -0.904820 0.762120 -1.585109
v -0.904820 0.762120 -1.839716
v -1.268589 0.677187 -1.993945
v -1.268589 0.831416 -1.839717
v -1.268589 0.634800 -1.951557
v -1.268589 0.789028 -1.797329
v -0.904761 0.831416 -1.839717
v -0.904762 0.677187 -1.993945
v -0.904762 0.789028 -1.797329
v -0.904762 0.634800 -1.951557
v -1.268588 0.677188 -1.993944
v -1.268589 0.677188 -1.939619
v -1.268588 0.391330 -1.993944
v -1.268589 0.391330 -1.939619
v -0.904820 0.677188 -1.939619
v -0.904820 0.677188 -1.993945
v -0.904820 0.391330 -1.939619
v -0.904820 0.391330 -1.993945
v -1.227660 0.898102 -2.014793
v -1.227660 0.898102 -1.315852
v -1.227660 0.227402 -2.014793
v -1.227660 0.227402 -1.315852
v -0.924410 0.898102 -1.315851
v -0.924410 0.898102 -2.014793
v -0.924410 0.227402 -1.315851
v -0.924410 0.227402 -2.014793
v -1.268588 0.391329 -1.993945
v -1.268588 0.433716 -1.951557
v -1.268589 0.236432 -1.839048
v -1.268588 0.278819 -1.796660
v -0.904762 0.433716 -1.951557
v -0.904762 0.391329 -1.993944
v -0.904762 0.278819 -1.796660
v -0.904762 0.236432 -1.839048
vn -0.0000 -0.0000 1.0000
vn -1.0000 -0.0000 -0.0000
vn -0.0000 -0.0000 -1.0000
vn 1.0000 -0.0000 -0.0000
vn -0.0000 1.0000 -0.0000
vn -0.0000 -1.0000 -0.0000
vn -0.0000 0.7071 0.7071
vn -0.0000 -0.7071 -0.7071
vn -0.0000 0.7071 -0.7071
vn -0.0000 -0.7071 0.7071
vt 0.703125 0.314453
vt 0.691406 0.314453
vt 0.691406 0.316406
vt 0.703125 0.316406
vt 0.705078 0.914062
vt 0.695312 0.914062
vt 0.695312 0.916016
vt 0.705078 0.916016
vt 0.703125 0.312500
vt 0.691406 0.312500
vt 0.705078 0.988281
vt 0.695312 0.988281
vt 0.695312 0.990234
vt 0.705078 0.990234
vt 0.441406 0.341797
vt 0.453125 0.341797
vt 0.453125 0.332031
vt 0.441406 0.332031
vt 0.603516 0.332031
vt 0.615234 0.332031
vt 0.615234 0.341797
vt 0.603516 0.341797
vt 0.683594 0.699219
vt 0.671875 0.699219
vt 0.671875 0.707031
vt 0.683594 0.707031
vt 0.673828 0.328125
vt 0.660156 0.328125
vt 0.660156 0.335938
vt 0.673828 0.335938
vt 0.683594 0.691406
vt 0.671875 0.691406
vt 0.646484 0.328125
vt 0.646484 0.335938
vt 0.320312 0.365234
vt 0.332031 0.365234
vt 0.332031 0.351562
vt 0.320312 0.351562
vt 0.634766 0.656250
vt 0.646484 0.656250
vt 0.646484 0.669922
vt 0.634766 0.669922
vt 0.593750 0.351562
vt 0.582031 0.351562
vt 0.582031 0.365234
vt 0.593750 0.365234
vt 0.673828 0.986328
vt 0.666016 0.986328
vt 0.666016 1.000000
vt 0.673828 1.000000
vt 0.605469 0.351562
vt 0.605469 0.365234
vt 0.630859 0.322266
vt 0.623047 0.322266
vt 0.623047 0.335938
vt 0.630859 0.335938
vt 0.671875 0.662109
vt 0.683594 0.662109
vt 0.683594 0.654297
vt 0.671875 0.654297
vt 0.671875 0.646484
vt 0.683594 0.646484
vt 0.435547 0.320312
vt 0.423828 0.320312
vt 0.423828 0.328125
vt 0.435547 0.328125
vt 0.679688 0.916016
vt 0.666016 0.916016
vt 0.666016 0.923828
vt 0.679688 0.923828
vt 0.460938 0.320312
vt 0.449219 0.320312
vt 0.449219 0.328125
vt 0.460938 0.328125
vt 0.050781 0.326172
vt 0.037109 0.326172
vt 0.037109 0.333984
vt 0.050781 0.333984
vt 0.617188 0.365234
vt 0.617188 0.351562
vt 0.634766 0.376953
vt 0.646484 0.376953
vt 0.646484 0.390625
vt 0.634766 0.390625
vt 0.646484 0.363281
vt 0.634766 0.363281
vt 0.195312 0.320312
vt 0.187500 0.320312
vt 0.187500 0.333984
vt 0.195312 0.333984
vt 0.648438 0.900391
vt 0.636719 0.900391
vt 0.636719 0.914062
vt 0.648438 0.914062
vt 0.058594 0.320312
vt 0.050781 0.320312
vt 0.058594 0.333984
vt 0.671875 0.537109
vt 0.683594 0.537109
vt 0.683594 0.529297
vt 0.671875 0.529297
vt 0.671875 0.511719
vt 0.683594 0.511719
vt 0.683594 0.519531
vt 0.671875 0.519531
vt 0.683594 0.476562
vt 0.671875 0.476562
vt 0.671875 0.484375
vt 0.683594 0.484375
vt 0.679688 0.837891
vt 0.666016 0.837891
vt 0.666016 0.845703
vt 0.679688 0.845703
vt 0.683594 0.468750
vt 0.671875 0.468750
vt 0.679688 0.896484
vt 0.666016 0.896484
vt 0.666016 0.904297
vt 0.679688 0.904297
vt 0.140625 0.363281
vt 0.152344 0.363281
vt 0.152344 0.349609
vt 0.140625 0.349609
vt 0.636719 0.773438
vt 0.648438 0.773438
vt 0.648438 0.787109
vt 0.636719 0.787109
vt 0.544922 0.320312
vt 0.533203 0.320312
vt 0.533203 0.328125
vt 0.544922 0.328125
vt 0.208984 0.326172
vt 0.195312 0.326172
vt 0.208984 0.333984
vt 0.578125 0.320312
vt 0.566406 0.320312
vt 0.566406 0.328125
vt 0.578125 0.328125
vt 0.679688 0.826172
vt 0.666016 0.826172
vt 0.666016 0.833984
vt 0.679688 0.833984
vt 0.214844 0.363281
vt 0.226562 0.363281
vt 0.226562 0.349609
vt 0.214844 0.349609
vt 0.306641 0.349609
vt 0.318359 0.349609
vt 0.318359 0.363281
vt 0.306641 0.363281
vt 0.646484 0.349609
vt 0.634766 0.349609
vt 0.468750 0.320312
vt 0.460938 0.333984
vt 0.468750 0.333984
vt 0.650391 0.927734
vt 0.638672 0.927734
vt 0.638672 0.941406
vt 0.650391 0.941406
vt 0.410156 0.320312
vt 0.402344 0.320312
vt 0.402344 0.333984
vt 0.410156 0.333984
vt 0.589844 0.328125
vt 0.589844 0.320312
vt 0.642578 0.320312
vt 0.654297 0.320312
vt 0.654297 0.328125
vt 0.642578 0.328125
vt 0.269531 0.347656
vt 0.257812 0.347656
vt 0.257812 0.361328
vt 0.269531 0.361328
vt 0.556641 0.308594
vt 0.550781 0.308594
vt 0.550781 0.322266
vt 0.556641 0.322266
vt 0.281250 0.347656
vt 0.281250 0.361328
vt 0.544922 0.308594
vt 0.544922 0.322266
vt 0.681641 0.982422
vt 0.693359 0.982422
vt 0.693359 0.976562
vt 0.681641 0.976562
vt 0.037109 0.312500
vt 0.048828 0.312500
vt 0.048828 0.318359
vt 0.037109 0.318359
vt 0.667969 0.369141
vt 0.656250 0.369141
vt 0.656250 0.378906
vt 0.667969 0.378906
vt 0.484375 0.294922
vt 0.482422 0.294922
vt 0.482422 0.304688
vt 0.484375 0.304688
vt 0.667969 0.359375
vt 0.656250 0.359375
vt 0.480469 0.294922
vt 0.480469 0.304688
vt 0.691406 0.384766
vt 0.703125 0.384766
vt 0.703125 0.382812
vt 0.691406 0.382812
vt 0.691406 0.380859
vt 0.703125 0.380859
vt 0.703125 0.378906
vt 0.691406 0.378906
vt 0.703125 0.511719
vt 0.693359 0.511719
vt 0.693359 0.513672
vt 0.703125 0.513672
vt 0.703125 0.376953
vt 0.691406 0.376953
vt 0.703125 0.701172
vt 0.693359 0.701172
vt 0.693359 0.703125
vt 0.703125 0.703125
vt 0.658203 0.962891
vt 0.669922 0.962891
vt 0.669922 0.953125
vt 0.658203 0.953125
vt 0.658203 0.904297
vt 0.669922 0.904297
vt 0.669922 0.914062
vt 0.658203 0.914062
vt 0.669922 0.863281
vt 0.658203 0.863281
vt 0.658203 0.873047
vt 0.669922 0.873047
vt 0.617188 0.294922
vt 0.615234 0.294922
vt 0.615234 0.304688
vt 0.617188 0.304688
vt 0.669922 0.845703
vt 0.658203 0.845703
vt 0.658203 0.855469
vt 0.669922 0.855469
vt 0.697266 0.498047
vt 0.695312 0.498047
vt 0.695312 0.507812
vt 0.697266 0.507812
vt 0.703125 0.375000
vt 0.691406 0.375000
vt 0.691406 0.373047
vt 0.703125 0.373047
vt 0.703125 0.371094
vt 0.691406 0.371094
vt 0.703125 0.365234
vt 0.693359 0.365234
vt 0.693359 0.367188
vt 0.703125 0.367188
vt 0.703125 0.328125
vt 0.691406 0.328125
vt 0.691406 0.330078
vt 0.703125 0.330078
vt 0.703125 0.496094
vt 0.693359 0.496094
vt 0.693359 0.498047
vt 0.703125 0.498047
vt 0.658203 0.792969
vt 0.669922 0.792969
vt 0.669922 0.783203
vt 0.658203 0.783203
vt 0.253906 0.332031
vt 0.265625 0.332031
vt 0.265625 0.341797
vt 0.253906 0.341797
vt 0.703125 0.326172
vt 0.691406 0.326172
vt 0.695312 0.992188
vt 0.705078 0.992188
vt 0.703125 0.324219
vt 0.691406 0.324219
vt 0.703125 0.363281
vt 0.693359 0.363281
vt 0.277344 0.341797
vt 0.277344 0.332031
vt 0.289062 0.332031
vt 0.289062 0.341797
vt 0.669922 0.660156
vt 0.658203 0.660156
vt 0.658203 0.669922
vt 0.669922 0.669922
vt 0.621094 0.294922
vt 0.619141 0.294922
vt 0.619141 0.304688
vt 0.621094 0.304688
vt 0.390625 0.332031
vt 0.378906 0.332031
vt 0.378906 0.341797
vt 0.390625 0.341797
vt 0.703125 0.322266
vt 0.691406 0.322266
vt 0.691406 0.320312
vt 0.703125 0.320312
vt 0.306641 0.361328
vt 0.296875 0.361328
vt 0.296875 0.382812
vt 0.306641 0.382812
vt 0.021484 0.425781
vt 0.000000 0.425781
vt 0.000000 0.447266
vt 0.021484 0.447266
vt 0.351562 0.357422
vt 0.341797 0.357422
vt 0.341797 0.378906
vt 0.351562 0.378906
vt 0.361328 0.378906
vt 0.361328 0.357422
vt 0.416016 0.357422
vt 0.425781 0.357422
vt 0.425781 0.378906
vt 0.416016 0.378906
vt 0.402344 0.332031
vt 0.402344 0.341797
vt 0.697266 0.296875
vt 0.695312 0.296875
vt 0.695312 0.306641
vt 0.697266 0.306641
vt 0.427734 0.332031
vt 0.416016 0.332031
vt 0.416016 0.341797
vt 0.427734 0.341797
vt 0.623047 0.294922
vt 0.623047 0.304688
vt 0.703125 0.318359
vt 0.691406 0.318359
s 1
usemtl мая.png.001
f 2438/4042/251 2441/4043/251 2439/4044/251 2436/4045/251
f 2437/4046/252 2438/4047/252 2436/4048/252 2435/4049/252
f 2442/4050/253 2437/4051/253 2435/4043/253 2440/4042/253
f 2441/4052/254 2442/4053/254 2440/4054/254 2439/4055/254
f 2440/4056/255 2435/4057/255 2436/4058/255 2439/4059/255
f 2441/4060/256 2438/4061/256 2437/4062/256 2442/4063/256
f 2446/4064/251 2449/4065/251 2447/4066/251 2444/4067/251
f 2445/4068/252 2446/4069/252 2444/4070/252 2443/4071/252
f 2450/4072/253 2445/4073/253 2443/4065/253 2448/4064/253
f 2449/4069/254 2450/4074/254 2448/4075/254 2447/4070/254
f 2448/4076/255 2443/4077/255 2444/4078/255 2447/4079/255
f 2449/4080/256 2446/4081/256 2445/4082/256 2450/4083/256
f 2454/4084/251 2457/4085/251 2455/4086/251 2452/4087/251
f 2453/4088/252 2454/4089/252 2452/4090/252 2451/4091/252
f 2458/4092/253 2453/4084/253 2451/4087/253 2456/4093/253
f 2457/4094/254 2458/4095/254 2456/4096/254 2455/4097/254
f 2456/4098/255 2451/4099/255 2452/4100/255 2455/4101/255
f 2457/4102/256 2454/4103/256 2453/4100/256 2458/4101/256
f 2462/4104/257 2465/4105/257 2463/4106/257 2460/4107/257
f 2461/4108/252 2462/4109/252 2460/4110/252 2459/4111/252
f 2466/4112/258 2461/4113/258 2459/4114/258 2464/4115/258
f 2465/4116/254 2466/4117/254 2464/4118/254 2463/4119/254
f 2464/4093/259 2459/4120/259 2460/4121/259 2463/4092/259
f 2465/4122/260 2462/4123/260 2461/4124/260 2466/4125/260
f 2470/4126/257 2473/4127/257 2471/4122/257 2468/4123/257
f 2469/4128/252 2470/4129/252 2468/4130/252 2467/4131/252
f 2474/4132/258 2469/4133/258 2467/4134/258 2472/4135/258
f 2473/4136/254 2474/4137/254 2472/4119/254 2471/4138/254
f 2472/4139/259 2467/4140/259 2468/4141/259 2471/4142/259
f 2473/4143/260 2470/4144/260 2469/4145/260 2474/4146/260
f 2478/4147/251 2481/4148/251 2479/4149/251 2476/4150/251
f 2477/4151/252 2478/4152/252 2476/4153/252 2475/4154/252
f 2482/4155/253 2477/4156/253 2475/4148/253 2480/4147/253
f 2481/4157/254 2482/4158/254 2480/4159/254 2479/4160/254
f 2480/4161/255 2475/4162/255 2476/4163/255 2479/4164/255
f 2481/4165/256 2478/4166/256 2477/4167/256 2482/4168/256
f 2486/4169/257 2489/4170/257 2487/4171/257 2484/4172/257
f 2485/4173/252 2486/4174/252 2484/4131/252 2483/4175/252
f 2490/4176/258 2485/4177/258 2483/4178/258 2488/4179/258
f 2489/4180/254 2490/4181/254 2488/4182/254 2487/4183/254
f 2488/4184/259 2483/4185/259 2484/4186/259 2487/4187/259
f 2489/4188/260 2486/4189/260 2485/4190/260 2490/4191/260
f 2494/4192/251 2497/4193/251 2495/4127/251 2492/4126/251
f 2493/4194/252 2494/4112/252 2492/4195/252 2491/4196/252
f 2498/4197/253 2493/4198/253 2491/4199/253 2496/4200/253
f 2497/4201/254 2498/4202/254 2496/4203/254 2495/4204/254
f 2496/4179/255 2491/4205/255 2492/4206/255 2495/4176/255
f 2497/4207/256 2494/4208/256 2493/4209/256 2498/4210/256
f 2502/4211/257 2505/4212/257 2503/4213/257 2500/4214/257
f 2501/4215/252 2502/4216/252 2500/4217/252 2499/4218/252
f 2506/4219/258 2501/4211/258 2499/4214/258 2504/4220/258
f 2505/4216/254 2506/4221/254 2504/4222/254 2503/4217/254
f 2504/4223/259 2499/4224/259 2500/4225/259 2503/4226/259
f 2505/4227/260 2502/4228/260 2501/4229/260 2506/4230/260
f 2510/4231/257 2513/4232/257 2511/4233/257 2508/4234/257
f 2509/4235/252 2510/4236/252 2508/4237/252 2507/4238/252
f 2514/4239/258 2509/4240/258 2507/4232/258 2512/4231/258
f 2513/4236/254 2514/4241/254 2512/4242/254 2511/4237/254
f 2512/4243/259 2507/4244/259 2508/4245/259 2511/4246/259
f 2513/4247/260 2510/4248/260 2509/4245/260 2514/4246/260
f 2518/4249/257 2521/4250/257 2519/4247/257 2516/4248/257
f 2517/4251/252 2518/4252/252 2516/4253/252 2515/4254/252
f 2522/4255/258 2517/4256/258 2515/4250/258 2520/4249/258
f 2521/4257/254 2522/4258/254 2520/4259/254 2519/4260/254
f 2520/4261/259 2515/4262/259 2516/4263/259 2519/4264/259
f 2521/4265/260 2518/4266/260 2517/4267/260 2522/4268/260
f 2526/4269/251 2529/4270/251 2527/4271/251 2524/4272/251
f 2525/4273/252 2526/4274/252 2524/4275/252 2523/4276/252
f 2530/4277/253 2525/4278/253 2523/4279/253 2528/4280/253
f 2529/4281/254 2530/4282/254 2528/4283/254 2527/4284/254
f 2528/4256/255 2523/4255/255 2524/4285/255 2527/4286/255
f 2529/4287/256 2526/4288/256 2525/4285/256 2530/4286/256
f 2534/4289/251 2537/4290/251 2535/4287/251 2532/4288/251
f 2533/4291/252 2534/4292/252 2532/4293/252 2531/4294/252
f 2538/4295/253 2533/4296/253 2531/4297/253 2536/4298/253
f 2537/4299/254 2538/4300/254 2536/4301/254 2535/4302/254
f 2536/4303/255 2531/4304/255 2532/4305/255 2535/4306/255
f 2537/4307/256 2534/4308/256 2533/4309/256 2538/4310/256
f 2542/4311/257 2545/4312/257 2543/4296/257 2540/4295/257
f 2541/4055/252 2542/4054/252 2540/4313/252 2539/4314/252
f 2546/4315/258 2541/4316/258 2539/4312/258 2544/4311/258
f 2545/4317/254 2546/4318/254 2544/4292/254 2543/4291/254
f 2544/4309/259 2539/4319/259 2540/4320/259 2543/4308/259
f 2545/4320/260 2542/4321/260 2541/4322/260 2546/4319/260
f 2550/4323/251 2553/4324/251 2551/4325/251 2548/4326/251
f 2549/4327/252 2550/4328/252 2548/4329/252 2547/4330/252
f 2554/4331/253 2549/4332/253 2547/4333/253 2552/4334/253
f 2553/4328/254 2554/4273/254 2552/4276/254 2551/4329/254
f 2552/4316/255 2547/4315/255 2548/4335/255 2551/4336/255
f 2553/4337/256 2550/4338/256 2549/4335/256 2554/4336/256
f 2558/4339/251 2561/4340/251 2559/4341/251 2556/4342/251
f 2557/4343/252 2558/4344/252 2556/4345/252 2555/4346/252
f 2562/4347/253 2557/4348/253 2555/4349/253 2560/4350/253
f 2561/4344/254 2562/4343/254 2560/4346/254 2559/4345/254
f 2560/4350/255 2555/4351/255 2556/4352/255 2559/4347/255
f 2561/4353/256 2558/4354/256 2557/4355/256 2562/4356/256
f 2566/4357/257 2569/4331/257 2567/4334/257 2564/4358/257
f 2565/4359/252 2566/4360/252 2564/4361/252 2563/4362/252
f 2570/4363/258 2565/4364/258 2563/4365/258 2568/4366/258
f 2569/4367/254 2570/4327/254 2568/4330/254 2567/4368/254
f 2568/4337/259 2563/4338/259 2564/4369/259 2567/4370/259
f 2569/4044/260 2566/4045/260 2565/4369/260 2570/4370/260
o w3
v 0.904820 0.295297 1.973439
v 0.904820 0.295297 2.243012
v 0.904820 0.236433 1.973439
v 0.904820 0.236433 2.243012
v 1.268588 0.295297 2.243012
v 1.268589 0.295297 1.973439
v 1.268588 0.236433 2.243012
v 1.268589 0.236433 1.973439
v 0.878241 0.317758 1.587015
v 0.878242 0.469817 1.739073
v 0.878242 0.011644 1.893128
v 0.878242 0.163703 2.045186
v 1.279197 0.469817 1.739074
v 1.279197 0.317758 1.587015
v 1.279197 0.163703 2.045186
v 1.279197 0.011644 1.893128
v 0.878271 0.243419 1.891832
v 0.878271 0.243419 2.324682
v 0.878271 0.012222 1.891832
v 0.878271 0.012222 2.324682
v 1.279168 0.243419 2.324682
v 1.279168 0.243419 1.891832
v 1.279168 0.012222 2.324682
v 1.279168 0.012222 1.891832
v 0.878271 0.749315 2.399163
v 0.878270 0.749315 2.628922
v 0.878271 0.316462 2.399163
v 0.878270 0.316462 2.628922
v 1.279168 0.749315 2.628922
v 1.279168 0.749315 2.399163
v 1.279168 0.316462 2.628922
v 1.279168 0.316462 2.399163
v 0.878241 0.168388 2.166643
v 0.878241 0.474502 2.472757
v 0.878241 0.011644 2.323387
v 0.878241 0.317759 2.629499
v 1.279196 0.474502 2.472756
v 1.279197 0.168388 2.166644
v 1.279197 0.317759 2.629499
v 1.279197 0.011644 2.323387
v 0.878904 0.893548 2.163740
v 0.878903 1.053196 2.323386
v 0.878904 0.588371 2.468915
v 0.878903 0.748019 2.628562
v 1.278534 1.053196 2.323386
v 1.278534 0.893548 2.163739
v 1.278534 0.748019 2.628563
v 1.278534 0.588371 2.468915
v 0.878271 1.053555 1.891832
v 0.878271 1.053555 2.324682
v 0.878271 0.810981 1.891832
v 0.878271 0.810981 2.324682
v 1.279168 1.053555 2.324682
v 1.279168 1.053555 1.891832
v 1.279168 0.810981 2.324682
v 1.279168 0.810981 1.891832
v 0.878241 0.748019 1.587015
v 0.878242 1.054133 1.893128
v 0.878241 0.591275 1.743758
v 0.878241 0.897389 2.049871
v 1.279197 1.054133 1.893128
v 1.279197 0.748019 1.587015
v 1.279197 0.897389 2.049871
v 1.279197 0.591275 1.743758
v 0.878271 0.749315 1.587592
v 0.878271 0.749315 1.818213
v 0.878271 0.316462 1.587592
v 0.878271 0.316462 1.818213
v 1.279168 0.749315 1.818212
v 1.279168 0.749315 1.587592
v 1.279168 0.316462 1.818212
v 1.279168 0.316462 1.587592
v 0.904762 0.793126 2.187064
v 0.904762 0.831854 2.225791
v 0.904762 0.614582 2.365608
v 0.904762 0.653309 2.404335
v 1.268589 0.831854 2.225791
v 1.268589 0.793126 2.187064
v 1.268588 0.653309 2.404335
v 1.268589 0.614582 2.365608
v 0.904762 0.275813 2.203634
v 0.904762 0.437136 2.364955
v 0.904762 0.236433 2.243012
v 0.904762 0.397756 2.404335
v 1.268589 0.437136 2.364956
v 1.268589 0.275813 2.203633
v 1.268589 0.397756 2.404335
v 1.268588 0.236433 2.243013
v 0.904820 0.653310 2.346907
v 0.904820 0.653310 2.404335
v 0.904820 0.397756 2.346907
v 0.904820 0.397756 2.404335
v 1.268588 0.653310 2.404335
v 1.268589 0.653310 2.346908
v 1.268588 0.397756 2.404335
v 1.268589 0.397756 2.346908
v 0.904820 0.831416 1.972770
v 0.904820 0.831416 2.227378
v 0.904820 0.762121 1.972770
v 0.904820 0.762121 2.227378
v 1.268589 0.831416 2.227378
v 1.268589 0.831416 1.972770
v 1.268589 0.762121 2.227378
v 1.268589 0.762121 1.972770
v 0.904762 0.677188 1.818542
v 0.904762 0.831416 1.972770
v 0.904762 0.634800 1.860929
v 0.904761 0.789029 2.015157
v 1.268589 0.831416 1.972770
v 1.268589 0.677188 1.818542
v 1.268588 0.789029 2.015157
v 1.268589 0.634800 1.860929
v 0.904820 0.677188 1.818542
v 0.904820 0.677188 1.872868
v 0.904820 0.391330 1.818542
v 0.904820 0.391330 1.872868
v 1.268588 0.677188 1.872868
v 1.268589 0.677188 1.818542
v 1.268588 0.391330 1.872868
v 1.268589 0.391330 1.818542
v 0.924409 0.898102 1.797693
v 0.924409 0.898102 2.496634
v 0.924409 0.227402 1.797693
v 0.924409 0.227402 2.496634
v 1.227659 0.898102 2.496634
v 1.227659 0.898102 1.797693
v 1.227659 0.227402 2.496634
v 1.227659 0.227402 1.797693
v 0.904762 0.391329 1.818542
v 0.904762 0.433717 1.860929
v 0.904762 0.236432 1.973439
v 0.904762 0.278820 2.015826
v 1.268588 0.433717 1.860930
v 1.268588 0.391329 1.818542
v 1.268588 0.278820 2.015826
v 1.268589 0.236432 1.973439
vn -0.0000 -0.0000 1.0000
vn -1.0000 -0.0000 -0.0000
vn -0.0000 -0.0000 -1.0000
vn 1.0000 -0.0000 -0.0000
vn -0.0000 1.0000 -0.0000
vn -0.0000 -1.0000 -0.0000
vn -0.0000 0.7071 0.7071
vn -0.0000 -0.7071 -0.7071
vn -0.0000 0.7071 -0.7071
vn -0.0000 -0.7071 0.7071
vt 0.691406 0.314453
vt 0.703125 0.314453
vt 0.703125 0.316406
vt 0.691406 0.316406
vt 0.695312 0.988281
vt 0.705078 0.988281
vt 0.705078 0.990234
vt 0.695312 0.990234
vt 0.691406 0.312500
vt 0.703125 0.312500
vt 0.695312 0.914062
vt 0.705078 0.914062
vt 0.705078 0.916016
vt 0.695312 0.916016
vt 0.453125 0.341797
vt 0.441406 0.341797
vt 0.441406 0.332031
vt 0.453125 0.332031
vt 0.615234 0.332031
vt 0.603516 0.332031
vt 0.603516 0.341797
vt 0.615234 0.341797
vt 0.257812 0.347656
vt 0.269531 0.347656
vt 0.269531 0.361328
vt 0.257812 0.361328
vt 0.544922 0.308594
vt 0.550781 0.308594
vt 0.550781 0.322266
vt 0.544922 0.322266
vt 0.281250 0.347656
vt 0.281250 0.361328
vt 0.556641 0.308594
vt 0.556641 0.322266
vt 0.693359 0.982422
vt 0.681641 0.982422
vt 0.681641 0.976562
vt 0.693359 0.976562
vt 0.048828 0.312500
vt 0.037109 0.312500
vt 0.037109 0.318359
vt 0.048828 0.318359
vt 0.671875 0.699219
vt 0.683594 0.699219
vt 0.683594 0.707031
vt 0.671875 0.707031
vt 0.646484 0.328125
vt 0.660156 0.328125
vt 0.660156 0.335938
vt 0.646484 0.335938
vt 0.671875 0.691406
vt 0.683594 0.691406
vt 0.673828 0.328125
vt 0.673828 0.335938
vt 0.332031 0.365234
vt 0.320312 0.365234
vt 0.320312 0.351562
vt 0.332031 0.351562
vt 0.646484 0.656250
vt 0.634766 0.656250
vt 0.634766 0.669922
vt 0.646484 0.669922
vt 0.582031 0.351562
vt 0.593750 0.351562
vt 0.593750 0.365234
vt 0.582031 0.365234
vt 0.623047 0.322266
vt 0.630859 0.322266
vt 0.630859 0.335938
vt 0.623047 0.335938
vt 0.605469 0.351562
vt 0.605469 0.365234
vt 0.666016 0.986328
vt 0.673828 0.986328
vt 0.673828 1.000000
vt 0.666016 1.000000
vt 0.683594 0.662109
vt 0.671875 0.662109
vt 0.671875 0.654297
vt 0.683594 0.654297
vt 0.683594 0.646484
vt 0.671875 0.646484
vt 0.423828 0.320312
vt 0.435547 0.320312
vt 0.435547 0.328125
vt 0.423828 0.328125
vt 0.037109 0.326172
vt 0.050781 0.326172
vt 0.050781 0.333984
vt 0.037109 0.333984
vt 0.449219 0.320312
vt 0.460938 0.320312
vt 0.460938 0.328125
vt 0.449219 0.328125
vt 0.666016 0.916016
vt 0.679688 0.916016
vt 0.679688 0.923828
vt 0.666016 0.923828
vt 0.617188 0.365234
vt 0.617188 0.351562
vt 0.646484 0.376953
vt 0.634766 0.376953
vt 0.634766 0.390625
vt 0.646484 0.390625
vt 0.634766 0.363281
vt 0.646484 0.363281
vt 0.050781 0.320312
vt 0.058594 0.320312
vt 0.058594 0.333984
vt 0.636719 0.900391
vt 0.648438 0.900391
vt 0.648438 0.914062
vt 0.636719 0.914062
vt 0.187500 0.320312
vt 0.195312 0.320312
vt 0.195312 0.333984
vt 0.187500 0.333984
vt 0.683594 0.537109
vt 0.671875 0.537109
vt 0.671875 0.529297
vt 0.683594 0.529297
vt 0.683594 0.511719
vt 0.671875 0.511719
vt 0.671875 0.519531
vt 0.683594 0.519531
vt 0.671875 0.476562
vt 0.683594 0.476562
vt 0.683594 0.484375
vt 0.671875 0.484375
vt 0.666016 0.896484
vt 0.679688 0.896484
vt 0.679688 0.904297
vt 0.666016 0.904297
vt 0.671875 0.468750
vt 0.683594 0.468750
vt 0.666016 0.837891
vt 0.679688 0.837891
vt 0.679688 0.845703
vt 0.666016 0.845703
vt 0.152344 0.363281
vt 0.140625 0.363281
vt 0.140625 0.349609
vt 0.152344 0.349609
vt 0.648438 0.773438
vt 0.636719 0.773438
vt 0.636719 0.787109
vt 0.648438 0.787109
vt 0.533203 0.320312
vt 0.544922 0.320312
vt 0.544922 0.328125
vt 0.533203 0.328125
vt 0.666016 0.826172
vt 0.679688 0.826172
vt 0.679688 0.833984
vt 0.666016 0.833984
vt 0.566406 0.320312
vt 0.578125 0.320312
vt 0.578125 0.328125
vt 0.566406 0.328125
vt 0.195312 0.326172
vt 0.208984 0.326172
vt 0.208984 0.333984
vt 0.226562 0.363281
vt 0.214844 0.363281
vt 0.214844 0.349609
vt 0.226562 0.349609
vt 0.318359 0.349609
vt 0.306641 0.349609
vt 0.306641 0.363281
vt 0.318359 0.363281
vt 0.634766 0.349609
vt 0.646484 0.349609
vt 0.402344 0.320312
vt 0.410156 0.320312
vt 0.410156 0.333984
vt 0.402344 0.333984
vt 0.638672 0.927734
vt 0.650391 0.927734
vt 0.650391 0.941406
vt 0.638672 0.941406
vt 0.468750 0.320312
vt 0.468750 0.333984
vt 0.460938 0.333984
vt 0.589844 0.328125
vt 0.589844 0.320312
vt 0.654297 0.320312
vt 0.642578 0.320312
vt 0.642578 0.328125
vt 0.654297 0.328125
vt 0.656250 0.369141
vt 0.667969 0.369141
vt 0.667969 0.378906
vt 0.656250 0.378906
vt 0.480469 0.294922
vt 0.482422 0.294922
vt 0.482422 0.304688
vt 0.480469 0.304688
vt 0.656250 0.359375
vt 0.667969 0.359375
vt 0.484375 0.294922
vt 0.484375 0.304688
vt 0.703125 0.384766
vt 0.691406 0.384766
vt 0.691406 0.382812
vt 0.703125 0.382812
vt 0.703125 0.380859
vt 0.691406 0.380859
vt 0.691406 0.378906
vt 0.703125 0.378906
vt 0.693359 0.701172
vt 0.703125 0.701172
vt 0.703125 0.703125
vt 0.693359 0.703125
vt 0.691406 0.376953
vt 0.703125 0.376953
vt 0.693359 0.511719
vt 0.703125 0.511719
vt 0.703125 0.513672
vt 0.693359 0.513672
vt 0.669922 0.962891
vt 0.658203 0.962891
vt 0.658203 0.953125
vt 0.669922 0.953125
vt 0.669922 0.904297
vt 0.658203 0.904297
vt 0.658203 0.914062
vt 0.669922 0.914062
vt 0.658203 0.863281
vt 0.669922 0.863281
vt 0.669922 0.873047
vt 0.658203 0.873047
vt 0.695312 0.498047
vt 0.697266 0.498047
vt 0.697266 0.507812
vt 0.695312 0.507812
vt 0.658203 0.845703
vt 0.669922 0.845703
vt 0.669922 0.855469
vt 0.658203 0.855469
vt 0.615234 0.294922
vt 0.617188 0.294922
vt 0.617188 0.304688
vt 0.615234 0.304688
vt 0.691406 0.375000
vt 0.703125 0.375000
vt 0.703125 0.373047
vt 0.691406 0.373047
vt 0.691406 0.371094
vt 0.703125 0.371094
vt 0.693359 0.496094
vt 0.703125 0.496094
vt 0.703125 0.498047
vt 0.693359 0.498047
vt 0.691406 0.328125
vt 0.703125 0.328125
vt 0.703125 0.330078
vt 0.691406 0.330078
vt 0.693359 0.365234
vt 0.703125 0.365234
vt 0.703125 0.367188
vt 0.693359 0.367188
vt 0.669922 0.792969
vt 0.658203 0.792969
vt 0.658203 0.783203
vt 0.669922 0.783203
vt 0.265625 0.332031
vt 0.253906 0.332031
vt 0.253906 0.341797
vt 0.265625 0.341797
vt 0.691406 0.326172
vt 0.703125 0.326172
vt 0.693359 0.363281
vt 0.703125 0.363281
vt 0.691406 0.324219
vt 0.703125 0.324219
vt 0.705078 0.992188
vt 0.695312 0.992188
vt 0.277344 0.341797
vt 0.277344 0.332031
vt 0.289062 0.332031
vt 0.289062 0.341797
vt 0.658203 0.660156
vt 0.669922 0.660156
vt 0.669922 0.669922
vt 0.658203 0.669922
vt 0.619141 0.294922
vt 0.619141 0.304688
vt 0.378906 0.332031
vt 0.390625 0.332031
vt 0.390625 0.341797
vt 0.378906 0.341797
vt 0.621094 0.294922
vt 0.621094 0.304688
vt 0.691406 0.322266
vt 0.703125 0.322266
vt 0.703125 0.320312
vt 0.691406 0.320312
vt 0.296875 0.361328
vt 0.306641 0.361328
vt 0.306641 0.382812
vt 0.296875 0.382812
vt 0.021484 0.425781
vt 0.000000 0.425781
vt 0.000000 0.447266
vt 0.021484 0.447266
vt 0.341797 0.357422
vt 0.351562 0.357422
vt 0.351562 0.378906
vt 0.341797 0.378906
vt 0.361328 0.378906
vt 0.361328 0.357422
vt 0.425781 0.357422
vt 0.416016 0.357422
vt 0.416016 0.378906
vt 0.425781 0.378906
vt 0.402344 0.332031
vt 0.402344 0.341797
vt 0.623047 0.294922
vt 0.623047 0.304688
vt 0.416016 0.332031
vt 0.427734 0.332031
vt 0.427734 0.341797
vt 0.416016 0.341797
vt 0.695312 0.296875
vt 0.697266 0.296875
vt 0.697266 0.306641
vt 0.695312 0.306641
vt 0.691406 0.318359
vt 0.703125 0.318359
s 1
usemtl мая.png.001
f 2574/4371/261 2577/4372/261 2575/4373/261 2572/4374/261
f 2573/4375/262 2574/4376/262 2572/4377/262 2571/4378/262
f 2578/4379/263 2573/4380/263 2571/4372/263 2576/4371/263
f 2577/4381/264 2578/4382/264 2576/4383/264 2575/4384/264
f 2576/4385/265 2571/4386/265 2572/4387/265 2575/4388/265
f 2577/4389/266 2574/4390/266 2573/4391/266 2578/4392/266
f 2582/4393/267 2585/4394/267 2583/4395/267 2580/4396/267
f 2581/4397/262 2582/4398/262 2580/4399/262 2579/4400/262
f 2586/4394/268 2581/4401/268 2579/4402/268 2584/4395/268
f 2585/4398/264 2586/4403/264 2584/4404/264 2583/4399/264
f 2584/4405/269 2579/4406/269 2580/4407/269 2583/4408/269
f 2585/4409/270 2582/4410/270 2581/4411/270 2586/4412/270
f 2590/4413/261 2593/4414/261 2591/4415/261 2588/4416/261
f 2589/4417/262 2590/4418/262 2588/4419/262 2587/4420/262
f 2594/4421/263 2589/4422/263 2587/4414/263 2592/4413/263
f 2593/4418/264 2594/4423/264 2592/4424/264 2591/4419/264
f 2592/4425/265 2587/4426/265 2588/4427/265 2591/4428/265
f 2593/4429/266 2590/4430/266 2589/4431/266 2594/4432/266
f 2598/4433/261 2601/4434/261 2599/4435/261 2596/4436/261
f 2597/4437/262 2598/4438/262 2596/4439/262 2595/4440/262
f 2602/4434/263 2597/4441/263 2595/4442/263 2600/4435/263
f 2601/4443/264 2602/4444/264 2600/4445/264 2599/4446/264
f 2600/4447/265 2595/4448/265 2596/4449/265 2599/4450/265
f 2601/4451/266 2598/4452/266 2597/4449/266 2602/4450/266
f 2606/4453/267 2609/4454/267 2607/4455/267 2604/4456/267
f 2605/4457/262 2606/4458/262 2604/4459/262 2603/4460/262
f 2610/4461/268 2605/4462/268 2603/4463/268 2608/4464/268
f 2609/4465/264 2610/4466/264 2608/4467/264 2607/4468/264
f 2608/4469/269 2603/4442/269 2604/4441/269 2607/4470/269
f 2609/4471/270 2606/4472/270 2605/4473/270 2610/4474/270
f 2614/4475/267 2617/4476/267 2615/4471/267 2612/4472/267
f 2613/4477/262 2614/4478/262 2612/4479/262 2611/4459/262
f 2618/4480/268 2613/4481/268 2611/4482/268 2616/4483/268
f 2617/4484/264 2618/4485/264 2616/4486/264 2615/4487/264
f 2616/4488/269 2611/4489/269 2612/4490/269 2615/4491/269
f 2617/4492/270 2614/4493/270 2613/4494/270 2618/4495/270
f 2622/4496/261 2625/4497/261 2623/4498/261 2620/4499/261
f 2621/4500/262 2622/4501/262 2620/4502/262 2619/4503/262
f 2626/4504/263 2621/4505/263 2619/4497/263 2624/4496/263
f 2625/4506/264 2626/4507/264 2624/4508/264 2623/4509/264
f 2624/4510/265 2619/4511/265 2620/4512/265 2623/4513/265
f 2625/4514/266 2622/4515/266 2621/4516/266 2626/4517/266
f 2630/4518/267 2633/4519/267 2631/4520/267 2628/4521/267
f 2629/4522/262 2630/4523/262 2628/4524/262 2627/4525/262
f 2634/4526/268 2629/4527/268 2627/4528/268 2632/4529/268
f 2633/4530/264 2634/4531/264 2632/4532/264 2631/4486/264
f 2632/4533/269 2627/4534/269 2628/4535/269 2631/4536/269
f 2633/4537/270 2630/4538/270 2629/4539/270 2634/4540/270
f 2638/4541/261 2641/4542/261 2639/4476/261 2636/4475/261
f 2637/4543/262 2638/4544/262 2636/4545/262 2635/4546/262
f 2642/4547/263 2637/4548/263 2635/4549/263 2640/4550/263
f 2641/4462/264 2642/4551/264 2640/4552/264 2639/4553/264
f 2640/4554/265 2635/4528/265 2636/4527/265 2639/4555/265
f 2641/4556/266 2638/4557/266 2637/4558/266 2642/4559/266
f 2646/4560/267 2649/4561/267 2647/4562/267 2644/4563/267
f 2645/4564/262 2646/4565/262 2644/4566/262 2643/4567/262
f 2650/4568/268 2645/4569/268 2643/4561/268 2648/4560/268
f 2649/4565/264 2650/4570/264 2648/4571/264 2647/4566/264
f 2648/4572/269 2643/4573/269 2644/4574/269 2647/4575/269
f 2649/4576/270 2646/4577/270 2645/4574/270 2650/4575/270
f 2654/4578/267 2657/4579/267 2655/4576/267 2652/4577/267
f 2653/4580/262 2654/4581/262 2652/4582/262 2651/4583/262
f 2658/4584/268 2653/4585/268 2651/4579/268 2656/4578/268
f 2657/4586/264 2658/4587/264 2656/4588/264 2655/4589/264
f 2656/4590/269 2651/4591/269 2652/4592/269 2655/4593/269
f 2657/4594/270 2654/4595/270 2653/4596/270 2658/4597/270
f 2662/4598/261 2665/4599/261 2663/4600/261 2660/4601/261
f 2661/4602/262 2662/4603/262 2660/4604/262 2659/4605/262
f 2666/4606/263 2661/4607/263 2659/4608/263 2664/4609/263
f 2665/4610/264 2666/4611/264 2664/4612/264 2663/4613/264
f 2664/4585/265 2659/4584/265 2660/4614/265 2663/4615/265
f 2665/4616/266 2662/4617/266 2661/4614/266 2666/4615/266
f 2670/4618/261 2673/4619/261 2671/4616/261 2668/4617/261
f 2669/4620/262 2670/4621/262 2668/4622/262 2667/4623/262
f 2674/4624/263 2669/4625/263 2667/4626/263 2672/4627/263
f 2673/4628/264 2674/4629/264 2672/4630/264 2671/4631/264
f 2672/4632/265 2667/4633/265 2668/4634/265 2671/4635/265
f 2673/4636/266 2670/4637/266 2669/4638/266 2674/4639/266
f 2678/4640/267 2681/4641/267 2679/4625/267 2676/4624/267
f 2677/4642/262 2678/4643/262 2676/4629/262 2675/4628/262
f 2682/4644/268 2677/4645/268 2675/4641/268 2680/4640/268
f 2681/4378/264 2682/4377/264 2680/4646/264 2679/4647/264
f 2680/4648/269 2675/4639/269 2676/4636/269 2679/4649/269
f 2681/4650/270 2678/4649/270 2677/4648/270 2682/4651/270
f 2686/4652/261 2689/4653/261 2687/4654/261 2684/4655/261
f 2685/4611/262 2686/4656/262 2684/4657/262 2683/4612/262
f 2690/4658/263 2685/4659/263 2683/4660/263 2688/4661/263
f 2689/4656/264 2690/4662/264 2688/4663/264 2687/4657/264
f 2688/4645/265 2683/4644/265 2684/4664/265 2687/4665/265
f 2689/4666/266 2686/4667/266 2685/4664/266 2690/4665/266
f 2694/4668/261 2697/4669/261 2695/4670/261 2692/4671/261
f 2693/4672/262 2694/4673/262 2692/4674/262 2691/4675/262
f 2698/4676/263 2693/4677/263 2691/4678/263 2696/4679/263
f 2697/4673/264 2698/4672/264 2696/4675/264 2695/4674/264
f 2696/4680/265 2691/4678/265 2692/4677/265 2695/4681/265
f 2697/4682/266 2694/4683/266 2693/4684/266 2698/4685/266
f 2702/4659/267 2705/4686/267 2703/4687/267 2700/4660/267
f 2701/4662/262 2702/4688/262 2700/4689/262 2699/4663/262
f 2706/4690/268 2701/4691/268 2699/4692/268 2704/4693/268
f 2705/4694/264 2706/4695/264 2704/4696/264 2703/4697/264
f 2704/4666/269 2699/4667/269 2700/4698/269 2703/4699/269
f 2705/4373/270 2702/4374/270 2701/4698/270 2706/4699/270
o w4
v 0.904820 0.295296 -1.839048
v 0.904820 0.295297 -1.569474
v 0.904820 0.236433 -1.839048
v 0.904820 0.236433 -1.569474
v 1.268589 0.295297 -1.569474
v 1.268589 0.295296 -1.839048
v 1.268589 0.236433 -1.569474
v 1.268589 0.236433 -1.839048
v 0.878271 0.243418 -1.920655
v 0.878271 0.243418 -1.487804
v 0.878271 0.012222 -1.920655
v 0.878271 0.012222 -1.487804
v 1.279168 0.243418 -1.487804
v 1.279168 0.243418 -1.920655
v 1.279168 0.012222 -1.487804
v 1.279168 0.012222 -1.920655
v 0.878271 0.749315 -1.413324
v 0.878271 0.749315 -1.183565
v 0.878271 0.316462 -1.413324
v 0.878271 0.316462 -1.183565
v 1.279168 0.749315 -1.183565
v 1.279168 0.749315 -1.413324
v 1.279168 0.316462 -1.183565
v 1.279168 0.316462 -1.413324
v 0.878241 0.168388 -1.645843
v 0.878241 0.474502 -1.339730
v 0.878241 0.011644 -1.489100
v 0.878241 0.317758 -1.182987
v 1.279197 0.474502 -1.339730
v 1.279197 0.168388 -1.645843
v 1.279197 0.317758 -1.182987
v 1.279197 0.011644 -1.489100
v 0.878904 0.893548 -1.648747
v 0.878904 1.053196 -1.489100
v 0.878904 0.588371 -1.343571
v 0.878904 0.748019 -1.183924
v 1.278534 1.053196 -1.489100
v 1.278534 0.893548 -1.648747
v 1.278534 0.748019 -1.183924
v 1.278534 0.588371 -1.343571
v 0.878271 1.053555 -1.920655
v 0.878271 1.053555 -1.487804
v 0.878271 0.810981 -1.920655
v 0.878271 0.810981 -1.487804
v 1.279168 1.053555 -1.487804
v 1.279168 1.053555 -1.920655
v 1.279168 0.810981 -1.487804
v 1.279168 0.810981 -1.920655
v 0.878241 0.748019 -2.225471
v 0.878241 1.054133 -1.919359
v 0.878241 0.591275 -2.068729
v 0.878242 0.897389 -1.762616
v 1.279197 1.054133 -1.919359
v 1.279197 0.748019 -2.225472
v 1.279197 0.897389 -1.762616
v 1.279197 0.591275 -2.068729
v 0.878271 0.749315 -2.224895
v 0.878271 0.749315 -1.994275
v 0.878271 0.316462 -2.224895
v 0.878271 0.316462 -1.994275
v 1.279168 0.749315 -1.994275
v 1.279168 0.749315 -2.224894
v 1.279168 0.316462 -1.994275
v 1.279168 0.316462 -2.224894
v 0.878241 0.317758 -2.225471
v 0.878241 0.469817 -2.073413
v 0.878241 0.011644 -1.919359
v 0.878242 0.163703 -1.767301
v 1.279197 0.469817 -2.073413
v 1.279197 0.317758 -2.225472
v 1.279197 0.163703 -1.767300
v 1.279197 0.011644 -1.919359
v 0.904762 0.792688 -1.623837
v 0.904762 0.831416 -1.585109
v 0.904762 0.617031 -1.448181
v 0.904762 0.655759 -1.409454
v 1.268589 0.831416 -1.585109
v 1.268589 0.792688 -1.623837
v 1.268589 0.655759 -1.409454
v 1.268589 0.617031 -1.448182
v 0.904762 0.275813 -1.608853
v 0.904762 0.437136 -1.447531
v 0.904762 0.236433 -1.569474
v 0.904762 0.397756 -1.408151
v 1.268589 0.437136 -1.447531
v 1.268589 0.275813 -1.608853
v 1.268589 0.397756 -1.408152
v 1.268589 0.236433 -1.569474
v 0.904791 0.655361 -1.466365
v 0.904791 0.655361 -1.408937
v 0.904791 0.399807 -1.466365
v 0.904791 0.399807 -1.408937
v 1.268560 0.655361 -1.408937
v 1.268560 0.655361 -1.466365
v 1.268560 0.399807 -1.408937
v 1.268560 0.399807 -1.466365
v 0.904820 0.831416 -1.839716
v 0.904820 0.831416 -1.585109
v 0.904820 0.762120 -1.839716
v 0.904820 0.762120 -1.585109
v 1.268589 0.831416 -1.585109
v 1.268589 0.831416 -1.839716
v 1.268589 0.762120 -1.585109
v 1.268589 0.762120 -1.839716
v 0.904762 0.677187 -1.993945
v 0.904762 0.831416 -1.839717
v 0.904762 0.634800 -1.951557
v 0.904762 0.789028 -1.797330
v 1.268588 0.831416 -1.839717
v 1.268589 0.677187 -1.993945
v 1.268589 0.789028 -1.797330
v 1.268589 0.634800 -1.951557
v 0.904820 0.677188 -1.993944
v 0.904820 0.677188 -1.939619
v 0.904820 0.391330 -1.993944
v 0.904820 0.391330 -1.939619
v 1.268589 0.677188 -1.939619
v 1.268589 0.677188 -1.993944
v 1.268589 0.391330 -1.939619
v 1.268589 0.391330 -1.993944
v 0.924409 0.898102 -2.014793
v 0.924409 0.898102 -1.315851
v 0.924409 0.227402 -2.014793
v 0.924409 0.227402 -1.315851
v 1.227660 0.898102 -1.315851
v 1.227659 0.898102 -2.014793
v 1.227660 0.227402 -1.315851
v 1.227659 0.227402 -2.014793
v 0.904762 0.391329 -1.993944
v 0.904762 0.433716 -1.951557
v 0.904762 0.236432 -1.839048
v 0.904762 0.278819 -1.796661
v 1.268589 0.433716 -1.951557
v 1.268589 0.391329 -1.993944
v 1.268589 0.278819 -1.796660
v 1.268589 0.236432 -1.839048
vn -0.0000 -0.0000 1.0000
vn -1.0000 -0.0000 -0.0000
vn -0.0000 -0.0000 -1.0000
vn 1.0000 -0.0000 -0.0000
vn -0.0000 1.0000 -0.0000
vn -0.0000 -1.0000 -0.0000
vn -0.0000 0.7071 0.7071
vn -0.0000 -0.7071 -0.7071
vn -0.0000 0.7071 -0.7071
vn -0.0000 -0.7071 0.7071
vt 0.691406 0.314453
vt 0.703125 0.314453
vt 0.703125 0.316406
vt 0.691406 0.316406
vt 0.695312 0.988281
vt 0.705078 0.988281
vt 0.705078 0.990234
vt 0.695312 0.990234
vt 0.691406 0.312500
vt 0.703125 0.312500
vt 0.695312 0.914062
vt 0.705078 0.914062
vt 0.705078 0.916016
vt 0.695312 0.916016
vt 0.453125 0.341797
vt 0.441406 0.341797
vt 0.441406 0.332031
vt 0.453125 0.332031
vt 0.615234 0.332031
vt 0.603516 0.332031
vt 0.603516 0.341797
vt 0.615234 0.341797
vt 0.671875 0.699219
vt 0.683594 0.699219
vt 0.683594 0.707031
vt 0.671875 0.707031
vt 0.646484 0.328125
vt 0.660156 0.328125
vt 0.660156 0.335938
vt 0.646484 0.335938
vt 0.671875 0.691406
vt 0.683594 0.691406
vt 0.673828 0.328125
vt 0.673828 0.335938
vt 0.332031 0.365234
vt 0.320312 0.365234
vt 0.320312 0.351562
vt 0.332031 0.351562
vt 0.646484 0.656250
vt 0.634766 0.656250
vt 0.634766 0.669922
vt 0.646484 0.669922
vt 0.582031 0.351562
vt 0.593750 0.351562
vt 0.593750 0.365234
vt 0.582031 0.365234
vt 0.623047 0.322266
vt 0.630859 0.322266
vt 0.630859 0.335938
vt 0.623047 0.335938
vt 0.605469 0.351562
vt 0.605469 0.365234
vt 0.666016 0.986328
vt 0.673828 0.986328
vt 0.673828 1.000000
vt 0.666016 1.000000
vt 0.683594 0.662109
vt 0.671875 0.662109
vt 0.671875 0.654297
vt 0.683594 0.654297
vt 0.683594 0.646484
vt 0.671875 0.646484
vt 0.423828 0.320312
vt 0.435547 0.320312
vt 0.435547 0.328125
vt 0.423828 0.328125
vt 0.037109 0.326172
vt 0.050781 0.326172
vt 0.050781 0.333984
vt 0.037109 0.333984
vt 0.449219 0.320312
vt 0.460938 0.320312
vt 0.460938 0.328125
vt 0.449219 0.328125
vt 0.666016 0.916016
vt 0.679688 0.916016
vt 0.679688 0.923828
vt 0.666016 0.923828
vt 0.617188 0.365234
vt 0.617188 0.351562
vt 0.646484 0.376953
vt 0.634766 0.376953
vt 0.634766 0.390625
vt 0.646484 0.390625
vt 0.634766 0.363281
vt 0.646484 0.363281
vt 0.050781 0.320312
vt 0.058594 0.320312
vt 0.058594 0.333984
vt 0.636719 0.900391
vt 0.648438 0.900391
vt 0.648438 0.914062
vt 0.636719 0.914062
vt 0.187500 0.320312
vt 0.195312 0.320312
vt 0.195312 0.333984
vt 0.187500 0.333984
vt 0.683594 0.537109
vt 0.671875 0.537109
vt 0.671875 0.529297
vt 0.683594 0.529297
vt 0.683594 0.511719
vt 0.671875 0.511719
vt 0.671875 0.519531
vt 0.683594 0.519531
vt 0.671875 0.476562
vt 0.683594 0.476562
vt 0.683594 0.484375
vt 0.671875 0.484375
vt 0.666016 0.896484
vt 0.679688 0.896484
vt 0.679688 0.904297
vt 0.666016 0.904297
vt 0.671875 0.468750
vt 0.683594 0.468750
vt 0.666016 0.837891
vt 0.679688 0.837891
vt 0.679688 0.845703
vt 0.666016 0.845703
vt 0.152344 0.363281
vt 0.140625 0.363281
vt 0.140625 0.349609
vt 0.152344 0.349609
vt 0.648438 0.773438
vt 0.636719 0.773438
vt 0.636719 0.787109
vt 0.648438 0.787109
vt 0.533203 0.320312
vt 0.544922 0.320312
vt 0.544922 0.328125
vt 0.533203 0.328125
vt 0.666016 0.826172
vt 0.679688 0.826172
vt 0.679688 0.833984
vt 0.666016 0.833984
vt 0.566406 0.320312
vt 0.578125 0.320312
vt 0.578125 0.328125
vt 0.566406 0.328125
vt 0.195312 0.326172
vt 0.208984 0.326172
vt 0.208984 0.333984
vt 0.226562 0.363281
vt 0.214844 0.363281
vt 0.214844 0.349609
vt 0.226562 0.349609
vt 0.318359 0.349609
vt 0.306641 0.349609
vt 0.306641 0.363281
vt 0.318359 0.363281
vt 0.634766 0.349609
vt 0.646484 0.349609
vt 0.402344 0.320312
vt 0.410156 0.320312
vt 0.410156 0.333984
vt 0.402344 0.333984
vt 0.638672 0.927734
vt 0.650391 0.927734
vt 0.650391 0.941406
vt 0.638672 0.941406
vt 0.468750 0.320312
vt 0.468750 0.333984
vt 0.460938 0.333984
vt 0.589844 0.328125
vt 0.589844 0.320312
vt 0.654297 0.320312
vt 0.642578 0.320312
vt 0.642578 0.328125
vt 0.654297 0.328125
vt 0.257812 0.347656
vt 0.269531 0.347656
vt 0.269531 0.361328
vt 0.257812 0.361328
vt 0.544922 0.308594
vt 0.550781 0.308594
vt 0.550781 0.322266
vt 0.544922 0.322266
vt 0.281250 0.347656
vt 0.281250 0.361328
vt 0.556641 0.308594
vt 0.556641 0.322266
vt 0.693359 0.982422
vt 0.681641 0.982422
vt 0.681641 0.976562
vt 0.693359 0.976562
vt 0.048828 0.312500
vt 0.037109 0.312500
vt 0.037109 0.318359
vt 0.048828 0.318359
vt 0.656250 0.369141
vt 0.667969 0.369141
vt 0.667969 0.378906
vt 0.656250 0.378906
vt 0.480469 0.294922
vt 0.482422 0.294922
vt 0.482422 0.304688
vt 0.480469 0.304688
vt 0.656250 0.359375
vt 0.667969 0.359375
vt 0.484375 0.294922
vt 0.484375 0.304688
vt 0.703125 0.384766
vt 0.691406 0.384766
vt 0.691406 0.382812
vt 0.703125 0.382812
vt 0.703125 0.380859
vt 0.691406 0.380859
vt 0.691406 0.378906
vt 0.703125 0.378906
vt 0.693359 0.701172
vt 0.703125 0.701172
vt 0.703125 0.703125
vt 0.693359 0.703125
vt 0.691406 0.376953
vt 0.703125 0.376953
vt 0.693359 0.511719
vt 0.703125 0.511719
vt 0.703125 0.513672
vt 0.693359 0.513672
vt 0.669922 0.962891
vt 0.658203 0.962891
vt 0.658203 0.953125
vt 0.669922 0.953125
vt 0.669922 0.904297
vt 0.658203 0.904297
vt 0.658203 0.914062
vt 0.669922 0.914062
vt 0.658203 0.863281
vt 0.669922 0.863281
vt 0.669922 0.873047
vt 0.658203 0.873047
vt 0.695312 0.498047
vt 0.697266 0.498047
vt 0.697266 0.507812
vt 0.695312 0.507812
vt 0.658203 0.845703
vt 0.669922 0.845703
vt 0.669922 0.855469
vt 0.658203 0.855469
vt 0.615234 0.294922
vt 0.617188 0.294922
vt 0.617188 0.304688
vt 0.615234 0.304688
vt 0.691406 0.375000
vt 0.703125 0.375000
vt 0.703125 0.373047
vt 0.691406 0.373047
vt 0.691406 0.371094
vt 0.703125 0.371094
vt 0.693359 0.496094
vt 0.703125 0.496094
vt 0.703125 0.498047
vt 0.693359 0.498047
vt 0.691406 0.328125
vt 0.703125 0.328125
vt 0.703125 0.330078
vt 0.691406 0.330078
vt 0.693359 0.365234
vt 0.703125 0.365234
vt 0.703125 0.367188
vt 0.693359 0.367188
vt 0.669922 0.792969
vt 0.658203 0.792969
vt 0.658203 0.783203
vt 0.669922 0.783203
vt 0.265625 0.332031
vt 0.253906 0.332031
vt 0.253906 0.341797
vt 0.265625 0.341797
vt 0.691406 0.326172
vt 0.703125 0.326172
vt 0.693359 0.363281
vt 0.703125 0.363281
vt 0.691406 0.324219
vt 0.703125 0.324219
vt 0.705078 0.992188
vt 0.695312 0.992188
vt 0.277344 0.341797
vt 0.277344 0.332031
vt 0.289062 0.332031
vt 0.289062 0.341797
vt 0.658203 0.660156
vt 0.669922 0.660156
vt 0.669922 0.669922
vt 0.658203 0.669922
vt 0.619141 0.294922
vt 0.619141 0.304688
vt 0.378906 0.332031
vt 0.390625 0.332031
vt 0.390625 0.341797
vt 0.378906 0.341797
vt 0.621094 0.294922
vt 0.621094 0.304688
vt 0.691406 0.322266
vt 0.703125 0.322266
vt 0.703125 0.320312
vt 0.691406 0.320312
vt 0.296875 0.361328
vt 0.306641 0.361328
vt 0.306641 0.382812
vt 0.296875 0.382812
vt 0.021484 0.425781
vt 0.000000 0.425781
vt 0.000000 0.447266
vt 0.021484 0.447266
vt 0.341797 0.357422
vt 0.351562 0.357422
vt 0.351562 0.378906
vt 0.341797 0.378906
vt 0.361328 0.378906
vt 0.361328 0.357422
vt 0.425781 0.357422
vt 0.416016 0.357422
vt 0.416016 0.378906
vt 0.425781 0.378906
vt 0.402344 0.332031
vt 0.402344 0.341797
vt 0.623047 0.294922
vt 0.623047 0.304688
vt 0.416016 0.332031
vt 0.427734 0.332031
vt 0.427734 0.341797
vt 0.416016 0.341797
vt 0.695312 0.296875
vt 0.697266 0.296875
vt 0.697266 0.306641
vt 0.695312 0.306641
vt 0.691406 0.318359
vt 0.703125 0.318359
s 1
usemtl мая.png.001
f 2710/4700/271 2713/4701/271 2711/4702/271 2708/4703/271
f 2709/4704/272 2710/4705/272 2708/4706/272 2707/4707/272
f 2714/4708/273 2709/4709/273 2707/4701/273 2712/4700/273
f 2713/4710/274 2714/4711/274 2712/4712/274 2711/4713/274
f 2712/4714/275 2707/4715/275 2708/4716/275 2711/4717/275
f 2713/4718/276 2710/4719/276 2709/4720/276 2714/4721/276
f 2718/4722/271 2721/4723/271 2719/4724/271 2716/4725/271
f 2717/4726/272 2718/4727/272 2716/4728/272 2715/4729/272
f 2722/4730/273 2717/4731/273 2715/4723/273 2720/4722/273
f 2721/4727/274 2722/4732/274 2720/4733/274 2719/4728/274
f 2720/4734/275 2715/4735/275 2716/4736/275 2719/4737/275
f 2721/4738/276 2718/4739/276 2717/4740/276 2722/4741/276
f 2726/4742/271 2729/4743/271 2727/4744/271 2724/4745/271
f 2725/4746/272 2726/4747/272 2724/4748/272 2723/4749/272
f 2730/4743/273 2725/4750/273 2723/4751/273 2728/4744/273
f 2729/4752/274 2730/4753/274 2728/4754/274 2727/4755/274
f 2728/4756/275 2723/4757/275 2724/4758/275 2727/4759/275
f 2729/4760/276 2726/4761/276 2725/4758/276 2730/4759/276
f 2734/4762/277 2737/4763/277 2735/4764/277 2732/4765/277
f 2733/4766/272 2734/4767/272 2732/4768/272 2731/4769/272
f 2738/4770/278 2733/4771/278 2731/4772/278 2736/4773/278
f 2737/4774/274 2738/4775/274 2736/4776/274 2735/4777/274
f 2736/4778/279 2731/4751/279 2732/4750/279 2735/4779/279
f 2737/4780/280 2734/4781/280 2733/4782/280 2738/4783/280
f 2742/4784/277 2745/4785/277 2743/4780/277 2740/4781/277
f 2741/4786/272 2742/4787/272 2740/4788/272 2739/4768/272
f 2746/4789/278 2741/4790/278 2739/4791/278 2744/4792/278
f 2745/4793/274 2746/4794/274 2744/4795/274 2743/4796/274
f 2744/4797/279 2739/4798/279 2740/4799/279 2743/4800/279
f 2745/4801/280 2742/4802/280 2741/4803/280 2746/4804/280
f 2750/4805/271 2753/4806/271 2751/4807/271 2748/4808/271
f 2749/4809/272 2750/4810/272 2748/4811/272 2747/4812/272
f 2754/4813/273 2749/4814/273 2747/4806/273 2752/4805/273
f 2753/4815/274 2754/4816/274 2752/4817/274 2751/4818/274
f 2752/4819/275 2747/4820/275 2748/4821/275 2751/4822/275
f 2753/4823/276 2750/4824/276 2749/4825/276 2754/4826/276
f 2758/4827/277 2761/4828/277 2759/4829/277 2756/4830/277
f 2757/4831/272 2758/4832/272 2756/4833/272 2755/4834/272
f 2762/4835/278 2757/4836/278 2755/4837/278 2760/4838/278
f 2761/4839/274 2762/4840/274 2760/4841/274 2759/4795/274
f 2760/4842/279 2755/4843/279 2756/4844/279 2759/4845/279
f 2761/4846/280 2758/4847/280 2757/4848/280 2762/4849/280
f 2766/4850/271 2769/4851/271 2767/4785/271 2764/4784/271
f 2765/4852/272 2766/4853/272 2764/4854/272 2763/4855/272
f 2770/4856/273 2765/4857/273 2763/4858/273 2768/4859/273
f 2769/4771/274 2770/4860/274 2768/4861/274 2767/4862/274
f 2768/4863/275 2763/4837/275 2764/4836/275 2767/4864/275
f 2769/4865/276 2766/4866/276 2765/4867/276 2770/4868/276
f 2774/4869/277 2777/4870/277 2775/4871/277 2772/4872/277
f 2773/4873/272 2774/4874/272 2772/4875/272 2771/4876/272
f 2778/4870/278 2773/4877/278 2771/4878/278 2776/4871/278
f 2777/4874/274 2778/4879/274 2776/4880/274 2775/4875/274
f 2776/4881/279 2771/4882/279 2772/4883/279 2775/4884/279
f 2777/4885/280 2774/4886/280 2773/4887/280 2778/4888/280
f 2782/4889/277 2785/4890/277 2783/4891/277 2780/4892/277
f 2781/4893/272 2782/4894/272 2780/4895/272 2779/4896/272
f 2786/4897/278 2781/4898/278 2779/4890/278 2784/4889/278
f 2785/4894/274 2786/4899/274 2784/4900/274 2783/4895/274
f 2784/4901/279 2779/4902/279 2780/4903/279 2783/4904/279
f 2785/4905/280 2782/4906/280 2781/4903/280 2786/4904/280
f 2790/4907/277 2793/4908/277 2791/4905/277 2788/4906/277
f 2789/4909/272 2790/4910/272 2788/4911/272 2787/4912/272
f 2794/4913/278 2789/4914/278 2787/4908/278 2792/4907/278
f 2793/4915/274 2794/4916/274 2792/4917/274 2791/4918/274
f 2792/4919/279 2787/4920/279 2788/4921/279 2791/4922/279
f 2793/4923/280 2790/4924/280 2789/4925/280 2794/4926/280
f 2798/4927/271 2801/4928/271 2799/4929/271 2796/4930/271
f 2797/4931/272 2798/4932/272 2796/4933/272 2795/4934/272
f 2802/4935/273 2797/4936/273 2795/4937/273 2800/4938/273
f 2801/4939/274 2802/4940/274 2800/4941/274 2799/4942/274
f 2800/4914/275 2795/4913/275 2796/4943/275 2799/4944/275
f 2801/4945/276 2798/4946/276 2797/4943/276 2802/4944/276
f 2806/4947/271 2809/4948/271 2807/4945/271 2804/4946/271
f 2805/4949/272 2806/4950/272 2804/4951/272 2803/4952/272
f 2810/4953/273 2805/4954/273 2803/4955/273 2808/4956/273
f 2809/4957/274 2810/4958/274 2808/4959/274 2807/4960/274
f 2808/4961/275 2803/4962/275 2804/4963/275 2807/4964/275
f 2809/4965/276 2806/4966/276 2805/4967/276 2810/4968/276
f 2814/4969/277 2817/4970/277 2815/4954/277 2812/4953/277
f 2813/4971/272 2814/4972/272 2812/4958/272 2811/4957/272
f 2818/4973/278 2813/4974/278 2811/4970/278 2816/4969/278
f 2817/4707/274 2818/4706/274 2816/4975/274 2815/4976/274
f 2816/4977/279 2811/4968/279 2812/4965/279 2815/4978/279
f 2817/4979/280 2814/4978/280 2813/4977/280 2818/4980/280
f 2822/4981/271 2825/4982/271 2823/4983/271 2820/4984/271
f 2821/4940/272 2822/4985/272 2820/4986/272 2819/4941/272
f 2826/4987/273 2821/4988/273 2819/4989/273 2824/4990/273
f 2825/4985/274 2826/4991/274 2824/4992/274 2823/4986/274
f 2824/4974/275 2819/4973/275 2820/4993/275 2823/4994/275
f 2825/4995/276 2822/4996/276 2821/4993/276 2826/4994/276
f 2830/4997/271 2833/4998/271 2831/4999/271 2828/5000/271
f 2829/5001/272 2830/5002/272 2828/5003/272 2827/5004/272
f 2834/5005/273 2829/5006/273 2827/5007/273 2832/5008/273
f 2833/5002/274 2834/5001/274 2832/5004/274 2831/5003/274
f 2832/5009/275 2827/5007/275 2828/5006/275 2831/5010/275
f 2833/5011/276 2830/5012/276 2829/5013/276 2834/5014/276
f 2838/4988/277 2841/5015/277 2839/5016/277 2836/4989/277
f 2837/4991/272 2838/5017/272 2836/5018/272 2835/4992/272
f 2842/5019/278 2837/5020/278 2835/5021/278 2840/5022/278
f 2841/5023/274 2842/5024/274 2840/5025/274 2839/5026/274
f 2840/4995/279 2835/4996/279 2836/5027/279 2839/5028/279
f 2841/4702/280 2838/4703/280 2837/5027/280 2842/5028/280
