# Blender 3.6.23
# www.blender.org
mtllib bmp2m_turret.mtl
o gun
v 0.143610 1.692693 0.459072
v 0.143610 1.692693 1.087849
v 0.126611 1.675693 0.459072
v 0.126611 1.675693 1.087849
v 0.160610 1.675693 1.087849
v 0.160610 1.675693 0.459072
v 0.143610 1.658693 1.087849
v 0.143610 1.658693 0.459072
v 0.003772 1.729269 1.603584
v 0.003772 1.729269 0.838584
v 0.003772 1.624269 1.603584
v 0.003772 1.624269 0.838584
v -0.086228 1.729269 0.838584
v -0.086228 1.729269 1.603584
v -0.086228 1.624269 0.838584
v -0.086228 1.624269 1.603584
v -0.110925 1.724499 1.603584
v -0.110925 1.724499 0.838584
v -0.057892 1.671466 1.603584
v -0.057892 1.671466 0.838584
v -0.158654 1.676769 0.838584
v -0.158654 1.676769 1.603584
v -0.105621 1.623736 0.838584
v -0.105621 1.623736 1.603584
v -0.086228 1.729269 0.951084
v -0.086228 1.729269 0.838584
v -0.086228 1.624269 0.951084
v -0.086228 1.624269 0.838584
v -0.206228 1.729269 0.838584
v -0.206228 1.729269 0.951084
v -0.206228 1.624269 0.838584
v -0.206228 1.624269 0.951084
v 0.143610 1.697924 1.087849
v 0.143610 1.697924 1.161823
v 0.121380 1.675693 1.087849
v 0.121380 1.675693 1.161823
v 0.165841 1.675693 1.161823
v 0.165841 1.675693 1.087849
v 0.143610 1.653462 1.161823
v 0.143610 1.653462 1.087849
v 0.102143 1.721769 0.828699
v 0.102143 1.721769 1.001199
v 0.102143 1.631769 0.828699
v 0.102143 1.631769 1.001199
v 0.192143 1.721769 1.001199
v 0.192143 1.721769 0.828699
v 0.192143 1.631769 1.001199
v 0.192143 1.631769 0.828699
v -0.048728 1.714269 3.531084
v -0.048728 1.714269 3.418584
v -0.048728 1.646769 3.531084
v -0.048728 1.646769 3.418584
v -0.161228 1.714269 3.418584
v -0.161228 1.714269 3.531084
v -0.161228 1.646769 3.418584
v -0.161228 1.646769 3.531084
v -0.073158 1.678323 3.426084
v -0.073158 1.678323 0.883584
v -0.110281 1.641199 3.426084
v -0.110281 1.641199 0.883584
v -0.110281 1.715446 0.883584
v -0.110281 1.715446 3.426084
v -0.147404 1.678323 0.883584
v -0.147404 1.678323 3.426084
v -0.071228 1.714269 3.381084
v -0.071228 1.714269 3.336084
v -0.071228 1.639269 3.381084
v -0.071228 1.639269 3.336084
v -0.153728 1.714269 3.336084
v -0.153728 1.714269 3.381084
v -0.153728 1.639269 3.336084
v -0.153728 1.639269 3.381084
v 0.398360 1.812469 0.783557
v 0.398360 1.833971 0.630561
v 0.398360 1.733742 0.772493
v 0.398360 1.755244 0.619496
v -0.453640 1.833971 0.630561
v -0.453640 1.812469 0.783557
v -0.453640 1.755244 0.619497
v -0.453640 1.733742 0.772493
v 0.398360 1.499712 0.998508
v 0.398360 1.812469 0.783557
v 0.398360 1.433443 0.902086
v 0.398360 1.746199 0.687134
v -0.453640 1.812469 0.783557
v -0.453640 1.499712 0.998508
v -0.453640 1.746199 0.687135
v -0.453640 1.433443 0.902086
vn -0.0000 -0.0000 1.0000
vn -0.7071 0.7071 -0.0000
vn -0.0000 -0.0000 -1.0000
vn 0.7071 -0.7071 -0.0000
vn 0.7071 0.7071 -0.0000
vn -0.7071 -0.7071 -0.0000
vn 1.0000 -0.0000 -0.0000
vn -1.0000 -0.0000 -0.0000
vn -0.0000 1.0000 -0.0000
vn -0.0000 -1.0000 -0.0000
vn -0.0000 0.1392 -0.9903
vn -0.0000 -0.1392 0.9903
vn -0.0000 0.9903 0.1392
vn -0.0000 -0.9903 -0.1392
vn -0.0000 0.8241 -0.5664
vn -0.0000 -0.8241 0.5664
vn -0.0000 0.5664 0.8241
vn -0.0000 -0.5664 -0.8241
vt 0.406250 0.496094
vt 0.407227 0.496094
vt 0.407227 0.497070
vt 0.406250 0.497070
vt 0.485352 0.591797
vt 0.495117 0.591797
vt 0.495117 0.592773
vt 0.485352 0.592773
vt 0.502930 0.592773
vt 0.503906 0.592773
vt 0.503906 0.593750
vt 0.502930 0.593750
vt 0.485352 0.590820
vt 0.495117 0.590820
vt 0.064453 0.513672
vt 0.063477 0.513672
vt 0.063477 0.503906
vt 0.064453 0.503906
vt 0.065430 0.503906
vt 0.065430 0.513672
vt 0.464844 0.562500
vt 0.465820 0.562500
vt 0.465820 0.564453
vt 0.464844 0.564453
vt 0.458008 0.649414
vt 0.469727 0.649414
vt 0.469727 0.651367
vt 0.458008 0.651367
vt 0.408203 0.532227
vt 0.409180 0.532227
vt 0.409180 0.534180
vt 0.408203 0.534180
vt 0.458984 0.541992
vt 0.470703 0.541992
vt 0.470703 0.543945
vt 0.458984 0.543945
vt 0.346680 0.519531
vt 0.345703 0.519531
vt 0.345703 0.507812
vt 0.346680 0.507812
vt 0.355469 0.507812
vt 0.354492 0.507812
vt 0.354492 0.519531
vt 0.355469 0.519531
vt 0.313477 0.522461
vt 0.314453 0.522461
vt 0.314453 0.523438
vt 0.313477 0.523438
vt 0.480469 0.738281
vt 0.492188 0.738281
vt 0.492188 0.739258
vt 0.480469 0.739258
vt 0.476562 0.606445
vt 0.477539 0.606445
vt 0.477539 0.607422
vt 0.476562 0.607422
vt 0.480469 0.696289
vt 0.492188 0.696289
vt 0.492188 0.697266
vt 0.480469 0.697266
vt 0.108398 0.518555
vt 0.107422 0.518555
vt 0.107422 0.506836
vt 0.108398 0.506836
vt 0.119141 0.506836
vt 0.118164 0.506836
vt 0.118164 0.518555
vt 0.119141 0.518555
vt 0.460938 0.663086
vt 0.462891 0.663086
vt 0.462891 0.665039
vt 0.460938 0.665039
vt 0.102539 0.525391
vt 0.104492 0.525391
vt 0.104492 0.527344
vt 0.102539 0.527344
vt 0.059570 0.524414
vt 0.061523 0.524414
vt 0.061523 0.526367
vt 0.059570 0.526367
vt 0.369141 0.524414
vt 0.371094 0.524414
vt 0.371094 0.526367
vt 0.369141 0.526367
vt 0.476562 0.634766
vt 0.474609 0.634766
vt 0.474609 0.632812
vt 0.476562 0.632812
vt 0.443359 0.521484
vt 0.441406 0.521484
vt 0.441406 0.523438
vt 0.443359 0.523438
vt 0.418945 0.496094
vt 0.419922 0.496094
vt 0.419922 0.497070
vt 0.418945 0.497070
vt 0.420898 0.496094
vt 0.420898 0.497070
vt 0.502930 0.579102
vt 0.503906 0.579102
vt 0.503906 0.580078
vt 0.502930 0.580078
vt 0.421875 0.496094
vt 0.421875 0.497070
vt 0.422852 0.497070
vt 0.422852 0.496094
vt 0.423828 0.496094
vt 0.423828 0.497070
vt 0.482422 0.670898
vt 0.483398 0.670898
vt 0.483398 0.671875
vt 0.482422 0.671875
vt 0.501953 0.905273
vt 0.504883 0.905273
vt 0.504883 0.906250
vt 0.501953 0.906250
vt 0.482422 0.518555
vt 0.483398 0.518555
vt 0.483398 0.519531
vt 0.482422 0.519531
vt 0.501953 0.904297
vt 0.504883 0.904297
vt 0.473633 0.759766
vt 0.472656 0.759766
vt 0.472656 0.756836
vt 0.473633 0.756836
vt 0.473633 0.558594
vt 0.472656 0.558594
vt 0.472656 0.561523
vt 0.473633 0.561523
vt 0.467773 0.624023
vt 0.469727 0.624023
vt 0.469727 0.625000
vt 0.467773 0.625000
vt 0.467773 0.538086
vt 0.469727 0.538086
vt 0.469727 0.539062
vt 0.467773 0.539062
vt 0.471680 0.701172
vt 0.473633 0.701172
vt 0.473633 0.702148
vt 0.471680 0.702148
vt 0.472656 0.954102
vt 0.474609 0.954102
vt 0.474609 0.955078
vt 0.472656 0.955078
vt 0.458984 0.996094
vt 0.457031 0.996094
vt 0.457031 0.994141
vt 0.458984 0.994141
vt 0.462891 0.731445
vt 0.460938 0.731445
vt 0.460938 0.733398
vt 0.462891 0.733398
vt 0.052734 0.524414
vt 0.053711 0.524414
vt 0.053711 0.525391
vt 0.052734 0.525391
vt 0.436523 0.866211
vt 0.476562 0.866211
vt 0.476562 0.867188
vt 0.436523 0.867188
vt 0.475586 0.986328
vt 0.476562 0.986328
vt 0.476562 0.987305
vt 0.475586 0.987305
vt 0.437500 0.919922
vt 0.477539 0.919922
vt 0.477539 0.920898
vt 0.437500 0.920898
vt 0.356445 0.567383
vt 0.355469 0.567383
vt 0.355469 0.527344
vt 0.356445 0.527344
vt 0.045898 0.525391
vt 0.044922 0.525391
vt 0.044922 0.565430
vt 0.045898 0.565430
vt 0.475586 0.726562
vt 0.476562 0.726562
vt 0.476562 0.727539
vt 0.475586 0.727539
vt 0.475586 0.589844
vt 0.476562 0.589844
vt 0.476562 0.590820
vt 0.475586 0.590820
vt 0.473633 0.523438
vt 0.474609 0.523438
vt 0.474609 0.524414
vt 0.473633 0.524414
vt 0.476562 0.874023
vt 0.477539 0.874023
vt 0.477539 0.875000
vt 0.476562 0.875000
vt 0.477539 0.815430
vt 0.476562 0.815430
vt 0.476562 0.814453
vt 0.477539 0.814453
vt 0.211914 0.522461
vt 0.210938 0.522461
vt 0.210938 0.523438
vt 0.211914 0.523438
vt 0.377930 0.875977
vt 0.391602 0.875977
vt 0.391602 0.876953
vt 0.377930 0.876953
vt 0.472656 0.930664
vt 0.474609 0.930664
vt 0.474609 0.931641
vt 0.472656 0.931641
vt 0.395508 0.845703
vt 0.409180 0.845703
vt 0.409180 0.846680
vt 0.395508 0.846680
vt 0.211914 0.526367
vt 0.213867 0.526367
vt 0.213867 0.527344
vt 0.211914 0.527344
vt 0.461914 0.764648
vt 0.448242 0.764648
vt 0.448242 0.762695
vt 0.461914 0.762695
vt 0.465820 0.970703
vt 0.452148 0.970703
vt 0.452148 0.972656
vt 0.465820 0.972656
vt 0.160156 0.908203
vt 0.173828 0.908203
vt 0.173828 0.910156
vt 0.160156 0.910156
vt 0.473633 0.591797
vt 0.479492 0.591797
vt 0.479492 0.593750
vt 0.473633 0.593750
vt 0.406250 0.649414
vt 0.419922 0.649414
vt 0.419922 0.651367
vt 0.406250 0.651367
vt 0.481445 0.702148
vt 0.487305 0.702148
vt 0.487305 0.704102
vt 0.481445 0.704102
vt 0.419922 0.783203
vt 0.406250 0.783203
vt 0.406250 0.777344
vt 0.419922 0.777344
vt 0.419922 0.657227
vt 0.406250 0.657227
vt 0.406250 0.663086
vt 0.419922 0.663086
s 0
usemtl m_9cc2e02d-2f29-5678-33ad-800cf0044a15
f 4/1/1 7/2/1 5/3/1 2/4/1
f 3/5/2 4/6/2 2/7/2 1/8/2
f 8/9/3 3/10/3 1/11/3 6/12/3
f 7/13/4 8/14/4 6/6/4 5/5/4
f 6/15/5 1/16/5 2/17/5 5/18/5
f 7/19/6 4/18/6 3/15/6 8/20/6
f 12/21/3 15/22/3 13/23/3 10/24/3
f 11/25/7 12/26/7 10/27/7 9/28/7
f 16/29/1 11/30/1 9/31/1 14/32/1
f 15/33/8 16/34/8 14/35/8 13/36/8
f 14/37/9 9/38/9 10/39/9 13/40/9
f 15/41/10 12/42/10 11/43/10 16/44/10
f 20/45/3 23/46/3 21/47/3 18/48/3
f 19/49/5 20/50/5 18/51/5 17/52/5
f 24/53/1 19/54/1 17/55/1 22/56/1
f 23/57/6 24/58/6 22/59/6 21/60/6
f 22/61/2 17/62/2 18/63/2 21/64/2
f 23/65/4 20/66/4 19/67/4 24/68/4
f 28/69/3 31/70/3 29/71/3 26/72/3
f 27/73/7 28/74/7 26/75/7 25/76/7
f 32/77/1 27/78/1 25/79/1 30/80/1
f 31/81/8 32/82/8 30/83/8 29/84/8
f 30/85/9 25/86/9 26/87/9 29/88/9
f 31/89/10 28/90/10 27/91/10 32/92/10
f 36/93/1 39/94/1 37/95/1 34/96/1
f 35/94/2 36/97/2 34/98/2 33/95/2
f 40/99/3 35/100/3 33/101/3 38/102/3
f 39/97/4 40/103/4 38/104/4 37/98/4
f 38/105/5 33/104/5 34/103/5 37/106/5
f 39/107/6 36/106/6 35/105/6 40/108/6
f 44/109/1 47/110/1 45/111/1 42/112/1
f 43/113/8 44/114/8 42/115/8 41/116/8
f 48/117/3 43/118/3 41/119/3 46/120/3
f 47/121/7 48/122/7 46/114/7 45/113/7
f 46/123/9 41/124/9 42/125/9 45/126/9
f 47/127/10 44/128/10 43/129/10 48/130/10
f 52/131/3 55/132/3 53/133/3 50/134/3
f 51/135/7 52/136/7 50/137/7 49/138/7
f 56/139/1 51/140/1 49/141/1 54/142/1
f 55/143/8 56/144/8 54/145/8 53/146/8
f 54/147/9 49/148/9 50/149/9 53/150/9
f 55/151/10 52/152/10 51/153/10 56/154/10
f 60/155/3 63/156/3 61/157/3 58/158/3
f 59/159/4 60/160/4 58/161/4 57/162/4
f 64/163/1 59/164/1 57/165/1 62/166/1
f 63/167/2 64/168/2 62/169/2 61/170/2
f 62/171/5 57/172/5 58/173/5 61/174/5
f 63/175/6 60/176/6 59/177/6 64/178/6
f 68/179/3 71/180/3 69/181/3 66/182/3
f 67/183/7 68/184/7 66/185/7 65/186/7
f 72/187/1 67/188/1 65/189/1 70/190/1
f 71/191/8 72/192/8 70/193/8 69/194/8
f 70/195/9 65/196/9 66/197/9 69/198/9
f 71/199/10 68/200/10 67/201/10 72/202/10
f 76/203/11 79/204/11 77/205/11 74/206/11
f 75/207/7 76/208/7 74/209/7 73/210/7
f 80/211/12 75/212/12 73/213/12 78/214/12
f 79/215/8 80/216/8 78/217/8 77/218/8
f 78/219/13 73/220/13 74/221/13 77/222/13
f 79/223/14 76/224/14 75/225/14 80/226/14
f 84/227/15 87/228/15 85/229/15 82/230/15
f 83/231/7 84/232/7 82/233/7 81/234/7
f 88/235/16 83/236/16 81/237/16 86/238/16
f 87/239/8 88/240/8 86/241/8 85/242/8
f 86/243/17 81/244/17 82/245/17 85/246/17
f 87/247/18 84/248/18 83/249/18 88/250/18
o turret
v -0.945263 1.717710 -0.203466
v -0.901026 1.717710 -0.244001
v -0.945263 1.962710 -0.203466
v -0.901026 1.962710 -0.244001
v -0.754085 1.717710 -0.083644
v -0.798322 1.717710 -0.043108
v -0.754085 1.962710 -0.083644
v -0.798322 1.962710 -0.043108
v -0.476578 1.471071 0.972551
v -1.078372 1.471071 0.381169
v -0.426112 1.471071 0.921197
v -1.027907 1.471071 0.329815
v -1.078372 1.134071 0.381169
v -0.476578 1.134071 0.972551
v -1.027907 1.134071 0.329815
v -0.426112 1.134071 0.921197
v 0.315772 1.471071 0.914723
v 0.907153 1.471071 0.312928
v 0.367126 1.471071 0.965188
v 0.958508 1.471071 0.363394
v 0.907153 1.134071 0.312928
v 0.315772 1.134071 0.914723
v 0.958508 1.134071 0.363394
v 0.367126 1.134071 0.965188
v 0.886510 1.471071 0.364022
v 0.879147 1.471071 -0.479681
v 0.958507 1.471071 0.363393
v 0.951145 1.471071 -0.480310
v 0.879147 1.134071 -0.479681
v 0.886510 1.134071 0.364022
v 0.951145 1.134071 -0.480310
v 0.958507 1.134071 0.363393
v 0.900679 1.471071 -0.428956
v 0.298884 1.471071 -1.020337
v 0.951144 1.471071 -0.480310
v 0.349350 1.471071 -1.071691
v 0.298884 1.134071 -1.020337
v 0.900679 1.134071 -0.428956
v 0.349350 1.134071 -1.071692
v 0.951144 1.134071 -0.480310
v -0.494353 1.471071 -1.064328
v 0.349350 1.471071 -1.071691
v -0.493725 1.471071 -0.992331
v 0.349978 1.471071 -0.999694
v 0.349350 1.134071 -1.071692
v -0.494353 1.134071 -1.064328
v 0.349978 1.134071 -0.999694
v -0.493725 1.134071 -0.992331
v -1.085735 1.471071 -0.462534
v -0.494353 1.471071 -1.064328
v -1.034381 1.471071 -0.412068
v -0.442999 1.471071 -1.013863
v -0.494353 1.134071 -1.064328
v -1.085735 1.134071 -0.462534
v -0.442999 1.134071 -1.013863
v -1.034381 1.134071 -0.412068
v -1.078372 1.471071 0.381169
v -1.085735 1.471071 -0.462534
v -1.006375 1.471071 0.380541
v -1.013738 1.471071 -0.463162
v -1.085735 1.134071 -0.462534
v -1.078372 1.134071 0.381169
v -1.013738 1.134071 -0.463162
v -1.006375 1.134071 0.380541
v -0.578363 1.391909 0.966330
v 0.463908 1.391909 0.957234
v -0.576175 1.391909 1.217071
v 0.466096 1.391909 1.207975
v 0.463908 1.326117 0.957234
v -0.578363 1.326117 0.966330
v 0.466096 1.326117 1.207975
v -0.576175 1.326117 1.217071
v -0.568355 1.392534 1.221111
v -1.312675 1.392534 0.489669
v -0.391726 1.392534 1.041372
v -1.136046 1.392534 0.309930
v -1.312675 1.325492 0.489669
v -0.568355 1.325492 1.221111
v -1.136046 1.325492 0.309930
v -0.391726 1.325492 1.041372
v -1.309417 1.391909 0.496516
v -1.319298 1.391909 -0.635752
v -1.043677 1.391909 0.494197
v -1.053558 1.391909 -0.638071
v -1.319298 1.326117 -0.635752
v -1.309417 1.326117 0.496516
v -1.053558 1.326117 -0.638071
v -1.043677 1.326117 0.494197
v -1.317223 1.392534 -0.639125
v -0.606809 1.392534 -1.362048
v -1.101641 1.392534 -0.427274
v -0.391227 1.392534 -1.150197
v -0.606809 1.325492 -1.362048
v -1.317223 1.325492 -0.639125
v -0.391227 1.325492 -1.150197
v -1.101641 1.325492 -0.427274
v -0.606178 1.391909 -1.361428
v 0.473592 1.391909 -1.370852
v -0.603466 1.391909 -1.050690
v 0.476304 1.391909 -1.060113
v 0.473592 1.326117 -1.370852
v -0.606178 1.326117 -1.361428
v 0.476304 1.326117 -1.060113
v -0.603466 1.326117 -1.050690
v 0.992194 1.392534 -0.382967
v 0.234500 1.392534 -1.127550
v 1.231905 1.392534 -0.626899
v 0.474211 1.392534 -1.371482
v 0.234500 1.325492 -1.127550
v 0.992194 1.325492 -0.382967
v 0.474211 1.325492 -1.371482
v 1.231905 1.325492 -0.626899
v 0.922700 1.391909 0.424534
v 0.913561 1.391909 -0.622737
v 1.238691 1.391909 0.421776
v 1.229551 1.391909 -0.625495
v 0.913561 1.326117 -0.622737
v 0.922700 1.326117 0.424534
v 1.229551 1.326117 -0.625495
v 1.238691 1.326117 0.421776
v 0.260009 1.392534 1.005452
v 1.033505 1.392534 0.218337
v 0.464891 1.392534 1.206790
v 1.238387 1.392534 0.419675
v 1.033505 1.325492 0.218337
v 0.260009 1.325492 1.005452
v 1.238387 1.325492 0.419675
v 0.464891 1.325492 1.206790
v -0.477206 1.471071 0.900554
v 0.366497 1.471071 0.893191
v -0.476577 1.471071 0.972551
v 0.367126 1.471071 0.965188
v 0.366497 1.134071 0.893191
v -0.477206 1.134071 0.900554
v 0.367126 1.134071 0.965188
v -0.476577 1.134071 0.972551
v -0.418265 0.119053 0.861390
v 0.284358 0.119053 0.867521
v -0.412175 0.119053 0.163590
v 0.290447 0.119053 0.169722
v 0.284358 0.870253 0.867521
v -0.418265 0.870253 0.861390
v 0.290447 0.870253 0.169722
v -0.412175 0.870253 0.163590
v 0.187791 0.119053 0.170026
v 0.290437 0.119053 0.170922
v 0.193627 0.119053 -0.498648
v 0.296272 0.119053 -0.497753
v 0.290437 0.660253 0.170922
v 0.187791 0.660253 0.170026
v 0.296272 0.660253 -0.497753
v 0.193627 0.660253 -0.498648
v -0.804830 0.119760 -0.111823
v -0.110690 0.119760 -0.788023
v -1.056034 0.119760 -0.369691
v -0.361895 0.119761 -1.045892
v -0.110690 0.569760 -0.788023
v -0.804830 0.569760 -0.111823
v -0.361895 0.569760 -1.045892
v -1.056034 0.569760 -0.369691
v -0.366042 0.119053 -0.682339
v 0.230335 0.119053 -0.677135
v -0.362890 0.119054 -1.043525
v 0.233487 0.119054 -1.038321
v 0.230335 0.622754 -0.677135
v -0.366042 0.622754 -0.682339
v 0.233487 0.622754 -1.038321
v -0.362890 0.622754 -1.043525
v 0.913837 0.120821 -0.356792
v 0.234073 0.120821 -1.036555
v 0.660551 0.120821 -0.103506
v -0.019213 0.120821 -0.783270
v 0.234073 0.569021 -1.036555
v 0.913837 0.569021 -0.356792
v -0.019213 0.569021 -0.783270
v 0.660551 0.569021 -0.103506
v 0.284205 0.209053 0.747515
v 0.465398 0.209053 0.749097
v 0.287153 0.209053 0.409702
v 0.468346 0.209053 0.411284
v 0.465398 0.750253 0.749097
v 0.284205 0.750253 0.747515
v 0.468346 0.750253 0.411284
v 0.287153 0.750253 0.409702
v -0.242246 0.509054 -1.033772
v -0.001055 0.509054 -1.031667
v -0.240337 0.509054 -1.252464
v 0.000854 0.509054 -1.250359
v -0.001055 0.982753 -1.031667
v -0.242246 0.982753 -1.033772
v 0.000854 0.982753 -1.250359
v -0.240337 0.982753 -1.252464
v -0.253596 0.141553 -0.366346
v -0.072402 0.141553 -0.364765
v -0.252014 0.141553 -0.547539
v -0.070821 0.141553 -0.545958
v -0.072402 1.552753 -0.364765
v -0.253596 1.552753 -0.366346
v -0.070821 1.552753 -0.545958
v -0.252014 1.552753 -0.547539
v 0.100518 2.276769 -0.338916
v 0.026272 2.276769 -0.413162
v 0.100518 1.939269 -0.338916
v 0.026272 1.939269 -0.413162
v -0.047974 2.276769 -0.338916
v 0.026272 2.276769 -0.264670
v -0.047974 1.939269 -0.338916
v 0.026272 1.939269 -0.264670
v 0.764904 2.193669 0.364956
v 0.753265 2.193669 0.372371
v 0.764904 1.902369 0.364956
v 0.753265 1.902369 0.372371
v 0.861424 2.193669 0.542146
v 0.873062 2.193669 0.534731
v 0.861424 1.902369 0.542146
v 0.873062 1.902369 0.534731
v 0.268251 2.193669 0.518142
v 0.279200 2.193669 0.526543
v 0.268251 1.902369 0.518142
v 0.279200 1.902369 0.526543
v 0.402694 2.193669 0.365601
v 0.391746 2.193669 0.357200
v 0.402694 1.902369 0.365601
v 0.391746 1.902369 0.357200
v 1.412485 1.901548 0.576084
v 1.412485 1.901548 -0.998916
v 1.149985 1.901548 0.576084
v 1.149985 1.901548 -0.998916
v 1.412485 1.916549 -0.998916
v 1.412485 1.916548 0.576084
v 1.149985 1.916549 -0.998916
v 1.149985 1.916548 0.576084
v 1.160592 1.905942 0.576084
v 1.160592 1.905942 -0.998916
v 1.028009 1.773359 0.576084
v 1.028009 1.773359 -0.998916
v 1.149985 1.916549 -0.998916
v 1.149985 1.916548 0.576084
v 1.017403 1.783966 -0.998916
v 1.017403 1.783966 0.576084
v 1.412485 1.916548 0.576084
v 1.412485 1.916549 -0.998916
v 1.550371 1.778662 0.576084
v 1.550371 1.778663 -0.998916
v 1.401878 1.905942 -0.998916
v 1.401879 1.905942 0.576084
v 1.539764 1.768056 -0.998916
v 1.539764 1.768056 0.576084
v 1.550371 1.778662 0.576084
v 1.550371 1.778663 -0.998916
v 1.481542 1.680364 0.576084
v 1.481542 1.680365 -0.998916
v 1.538084 1.787266 -0.998916
v 1.538084 1.787266 0.576084
v 1.469254 1.688968 -0.998916
v 1.469255 1.688968 0.576084
v 1.434169 1.572045 0.051084
v 1.434169 1.572045 -0.548916
v 1.149169 1.572045 0.051084
v 1.149169 1.572045 -0.548916
v 1.434169 1.692045 -0.548916
v 1.434169 1.692045 0.051084
v 1.149169 1.692045 -0.548916
v 1.149169 1.692045 0.051084
v 1.403772 1.895335 0.576084
v 1.403772 1.895335 -0.961416
v 1.520445 1.778662 0.576084
v 1.520444 1.778663 -0.961416
v 1.287099 1.778663 -0.961416
v 1.287099 1.778662 0.576084
v 1.403772 1.661990 -0.961416
v 1.403772 1.661990 0.576084
v 1.403772 1.852909 0.591084
v 1.403772 1.852909 -0.968916
v 1.478018 1.778662 0.591084
v 1.478018 1.778663 -0.968916
v 1.329526 1.778663 -0.968916
v 1.329526 1.778662 0.591084
v 1.403772 1.704417 -0.968916
v 1.403772 1.704417 0.591084
v 1.166272 1.852909 0.591084
v 1.166272 1.852909 -0.968916
v 1.240518 1.778662 0.591084
v 1.240518 1.778663 -0.968916
v 1.092026 1.778663 -0.968916
v 1.092026 1.778662 0.591084
v 1.166272 1.704417 -0.968916
v 1.166272 1.704417 0.591084
v 1.166272 1.895335 0.576084
v 1.166272 1.895335 -0.961416
v 1.282945 1.778662 0.576084
v 1.282944 1.778663 -0.961416
v 1.049599 1.778663 -0.961416
v 1.049599 1.778662 0.576084
v 1.166272 1.661990 -0.961416
v 1.166272 1.661990 0.576084
v -1.569941 1.916548 0.576084
v -1.569941 1.916549 -0.998916
v -1.307441 1.916548 0.576084
v -1.307441 1.916549 -0.998916
v -1.569941 1.901548 -0.998916
v -1.569941 1.901548 0.576084
v -1.307441 1.901548 -0.998916
v -1.307441 1.901548 0.576084
v -1.307441 1.916548 0.576084
v -1.307441 1.916549 -0.998916
v -1.174859 1.783966 0.576084
v -1.174859 1.783966 -0.998916
v -1.318048 1.905942 -0.998916
v -1.318048 1.905942 0.576084
v -1.185465 1.773359 -0.998916
v -1.185465 1.773359 0.576084
v -1.559335 1.905942 0.576084
v -1.559335 1.905942 -0.998916
v -1.697220 1.768056 0.576084
v -1.697221 1.768056 -0.998916
v -1.569941 1.916549 -0.998916
v -1.569941 1.916548 0.576084
v -1.707827 1.778663 -0.998916
v -1.707827 1.778662 0.576084
v -1.695540 1.787266 0.576084
v -1.695540 1.787266 -0.998916
v -1.626711 1.688968 0.576084
v -1.626711 1.688968 -0.998916
v -1.707827 1.778663 -0.998916
v -1.707827 1.778662 0.576084
v -1.638998 1.680365 -0.998916
v -1.638998 1.680364 0.576084
v -1.591625 1.692045 0.051084
v -1.591625 1.692045 -0.548916
v -1.306625 1.692045 0.051084
v -1.306625 1.692045 -0.548916
v -1.591625 1.572045 -0.548916
v -1.591625 1.572045 0.051084
v -1.306625 1.572045 -0.548916
v -1.306625 1.572045 0.051084
v -1.486982 1.778662 0.591084
v -1.486982 1.778663 -0.968916
v -1.561228 1.704417 0.591084
v -1.561228 1.704417 -0.968916
v -1.561228 1.852909 -0.968916
v -1.561228 1.852909 0.591084
v -1.635474 1.778663 -0.968916
v -1.635474 1.778662 0.591084
v -1.444555 1.778662 0.576084
v -1.444556 1.778663 -0.961416
v -1.561228 1.661990 0.576084
v -1.561228 1.661990 -0.961416
v -1.561228 1.895335 -0.961416
v -1.561228 1.895335 0.576084
v -1.677901 1.778663 -0.961416
v -1.677901 1.778662 0.576084
v -1.249482 1.778662 0.591084
v -1.249482 1.778663 -0.968916
v -1.323728 1.704417 0.591084
v -1.323728 1.704417 -0.968916
v -1.323728 1.852909 -0.968916
v -1.323728 1.852909 0.591084
v -1.397974 1.778663 -0.968916
v -1.397974 1.778662 0.591084
v -1.207055 1.778662 0.576084
v -1.207056 1.778663 -0.961416
v -1.323728 1.661990 0.576084
v -1.323728 1.661990 -0.961416
v -1.323728 1.895335 -0.961416
v -1.323728 1.895335 0.576084
v -1.440401 1.778663 -0.961416
v -1.440401 1.778662 0.576084
v 0.236272 2.347744 -1.165221
v 0.236272 2.077953 -1.816556
v 0.236272 2.146801 -1.081987
v 0.236272 1.877009 -1.733323
v 0.063772 2.077953 -1.816556
v 0.063772 2.347744 -1.165221
v 0.063772 1.877009 -1.733323
v 0.063772 2.146801 -1.081987
v 0.258772 2.218362 -1.401865
v 0.258772 2.095490 -1.487901
v 0.258772 2.020478 -1.119257
v 0.258772 1.897605 -1.205294
v 0.041272 2.095490 -1.487901
v 0.041272 2.218362 -1.401865
v 0.041272 1.897605 -1.205294
v 0.041272 2.020478 -1.119257
v -0.296228 2.235305 -1.391955
v -0.296228 2.134543 -1.492717
v -0.296228 2.123936 -1.280585
v -0.296228 2.023173 -1.381348
v -0.423728 2.134543 -1.492717
v -0.423728 2.235305 -1.391955
v -0.423728 2.023173 -1.381348
v -0.423728 2.123936 -1.280585
v -0.532212 2.119269 -1.201793
v -0.776164 2.119269 -1.445745
v -0.532212 2.051769 -1.201793
v -0.776164 2.051769 -1.445745
v -1.014812 2.119269 -1.207096
v -0.770860 2.119269 -0.963144
v -1.014812 2.051769 -1.207096
v -0.770860 2.051769 -0.963144
v -0.671853 2.381769 -1.126416
v -0.671853 2.370074 -1.181437
v -0.671853 2.088325 -1.064042
v -0.671853 2.076630 -1.119063
v -0.874353 2.370074 -1.181437
v -0.874353 2.381769 -1.126416
v -0.874353 2.076630 -1.119063
v -0.874353 2.088325 -1.064042
v -0.619353 2.381769 -1.126416
v -0.619353 2.381769 -1.246416
v -0.619353 2.081769 -1.126416
v -0.619353 2.081769 -1.246416
v -0.919353 2.381769 -1.246416
v -0.919353 2.381769 -1.126416
v -0.919353 2.081769 -1.246416
v -0.919353 2.081769 -1.126416
v -0.623252 2.381145 -1.246416
v -0.770860 2.381145 -1.394024
v -0.623252 2.082395 -1.246416
v -0.770860 2.082395 -1.394024
v -0.918469 2.381145 -1.246416
v -0.770860 2.381145 -1.098807
v -0.918469 2.082395 -1.246416
v -0.770860 2.082395 -1.098807
v -0.423728 2.261650 -1.374074
v -0.423728 2.158406 -1.521521
v -0.423728 1.966755 -1.167587
v -0.423728 1.863511 -1.315034
v -0.566228 2.158406 -1.521521
v -0.566228 2.261650 -1.374074
v -0.566228 1.863511 -1.315034
v -0.566228 1.966755 -1.167587
v -0.564096 2.066770 -1.088916
v -0.776228 2.066770 -1.301048
v -0.564096 1.631769 -1.088916
v -0.776228 1.631769 -1.301048
v -0.988360 2.066770 -1.088916
v -0.776228 2.066770 -0.876784
v -0.988360 1.631769 -1.088916
v -0.776228 1.631769 -0.876784
v -0.538360 2.059269 -1.051416
v -0.538360 2.059269 -1.283916
v -0.538360 2.014269 -1.051416
v -0.538360 2.014269 -1.283916
v -1.018360 2.059269 -1.283916
v -1.018360 2.059269 -1.051416
v -1.018360 2.014269 -1.283916
v -1.018360 2.014269 -1.051416
v -0.774409 2.059269 -1.039964
v -0.525153 2.059269 -1.289219
v -0.774409 2.014269 -1.039964
v -0.525153 2.014269 -1.289219
v -0.769105 2.059269 -1.533171
v -1.018360 2.059269 -1.283916
v -0.769105 2.014269 -1.533171
v -1.018360 2.014269 -1.283916
v -0.777640 1.816253 -0.937123
v -0.516557 1.809020 -1.057289
v -0.830600 1.401728 -1.027240
v -0.569518 1.394495 -1.147406
v -0.639550 1.883807 -1.329016
v -0.900633 1.891040 -1.208851
v -0.692511 1.469283 -1.419133
v -0.953593 1.476515 -1.298968
v -0.560860 2.066770 -1.088916
v -0.560860 2.066770 -1.276416
v -0.560860 1.631769 -1.088916
v -0.560860 1.631769 -1.276416
v -0.988360 2.066770 -1.276416
v -0.988360 2.066770 -1.088916
v -0.988360 1.631769 -1.276416
v -0.988360 1.631769 -1.088916
v -0.776228 2.066770 -1.064284
v -0.564096 2.066770 -1.276416
v -0.776228 1.631769 -1.064284
v -0.564096 1.631769 -1.276416
v -0.776228 2.066770 -1.488548
v -0.988360 2.066770 -1.276416
v -0.776228 1.631769 -1.488548
v -0.988360 1.631769 -1.276416
v 0.079444 2.036769 -1.164294
v 0.070284 2.036769 -1.374094
v 0.079444 1.856770 -1.164294
v 0.070284 1.856770 -1.374094
v -0.566609 2.036769 -1.346286
v -0.557449 2.036769 -1.136486
v -0.566609 1.856770 -1.346286
v -0.557449 1.856770 -1.136486
v 0.769720 2.036144 -0.816922
v 0.857941 2.036144 -1.006114
v 0.769720 1.857395 -0.816922
v 0.857941 1.857395 -1.006114
v 0.070586 2.036144 -1.373263
v -0.017635 2.036144 -1.184072
v 0.070586 1.857395 -1.373263
v -0.017635 1.857395 -1.184072
v -0.228103 2.037395 -0.750791
v -0.228103 2.037395 -1.337041
v -0.228103 1.856144 -0.750791
v -0.228103 1.856144 -1.337041
v -0.566853 2.037395 -1.337041
v -0.566853 2.037395 -0.750791
v -0.566853 1.856144 -1.337041
v -0.566853 1.856144 -0.750791
v 0.858772 2.036769 -0.563916
v 0.858772 2.036769 -1.006416
v 0.858772 1.856769 -0.563916
v 0.858772 1.856770 -1.006416
v -0.228728 2.036769 -1.006416
v -0.228728 2.036769 -0.563916
v -0.228728 1.856770 -1.006416
v -0.228728 1.856769 -0.563916
v 0.993772 2.231770 -0.196416
v 0.993772 2.231770 -0.241416
v 0.993772 1.841769 -0.196416
v 0.993772 1.841769 -0.241416
v 0.941272 2.231770 -0.241416
v 0.941272 2.231770 -0.196416
v 0.941272 1.841769 -0.241416
v 0.941272 1.841769 -0.196416
v 0.185371 1.939269 -0.338916
v 0.026272 1.939269 -0.498015
v 0.185371 1.811769 -0.338916
v 0.026272 1.811769 -0.498015
v -0.132827 1.939269 -0.338916
v 0.026272 1.939269 -0.179817
v -0.132827 1.811769 -0.338916
v 0.026272 1.811769 -0.179817
v 0.764119 2.246144 0.126084
v 0.579387 2.246144 -0.058648
v 0.764119 1.812394 0.126084
v 0.579387 1.812394 -0.058648
v 0.394656 2.246144 0.126084
v 0.579387 2.246144 0.310816
v 0.394656 1.812394 0.126084
v 0.579387 1.812394 0.310816
v 0.580533 2.223669 0.427794
v 0.614515 2.223669 0.345753
v 0.580533 1.812369 0.427794
v 0.614515 1.812369 0.345753
v 0.428538 2.223669 0.268719
v 0.394556 2.223669 0.350759
v 0.428538 1.812369 0.268719
v 0.394556 1.812369 0.350759
v 0.768151 2.223794 0.350827
v 0.734073 2.223794 0.268556
v 0.768151 1.812244 0.350827
v 0.734073 1.812244 0.268555
v 0.547865 2.223794 0.345685
v 0.581943 2.223794 0.427957
v 0.547865 1.812244 0.345685
v 0.581943 1.812244 0.427957
v 0.768772 2.246769 0.351084
v 0.768772 2.246769 0.126084
v 0.768772 1.811769 0.351084
v 0.768772 1.811769 0.126084
v 0.393772 2.246769 0.126084
v 0.393772 2.246769 0.351084
v 0.393772 1.811769 0.126084
v 0.393772 1.811769 0.351084
v 0.671272 1.724655 1.193970
v 0.671272 1.788295 1.130330
v 0.671272 1.501916 0.971231
v 0.671272 1.565556 0.907592
v 0.581272 1.788295 1.130330
v 0.581272 1.724655 1.193970
v 0.581272 1.565556 0.907592
v 0.581272 1.501916 0.971231
v -0.866228 1.666319 1.241700
v -0.866228 1.729958 1.178060
v -0.866228 1.443580 1.018961
v -0.866228 1.507220 0.955322
v -0.956228 1.729958 1.178060
v -0.956228 1.666319 1.241700
v -0.956228 1.507220 0.955322
v -0.956228 1.443580 1.018961
v -0.738728 1.724655 1.193970
v -0.738728 1.788295 1.130330
v -0.738728 1.501916 0.971231
v -0.738728 1.565556 0.907592
v -0.828728 1.788295 1.130330
v -0.828728 1.724655 1.193970
v -0.828728 1.565556 0.907592
v -0.828728 1.501916 0.971231
v -0.482185 0.120821 0.487687
v -0.699678 0.120821 0.270195
v -0.592282 0.120821 0.597783
v -0.809774 0.120821 0.380291
v -0.699678 1.769021 0.270195
v -0.482185 1.769021 0.487687
v -0.809774 1.769021 0.380291
v -0.592282 1.769021 0.597784
v -0.738728 1.618589 1.300036
v -0.738728 1.682228 1.236396
v -0.738728 1.395850 1.077297
v -0.738728 1.459490 1.013658
v -0.828728 1.682228 1.236396
v -0.828728 1.618589 1.300036
v -0.828728 1.459490 1.013658
v -0.828728 1.395850 1.077297
v 0.671272 1.618589 1.300036
v 0.671272 1.682228 1.236396
v 0.671272 1.395850 1.077297
v 0.671272 1.459490 1.013658
v 0.581272 1.682228 1.236396
v 0.581272 1.618589 1.300036
v 0.581272 1.459490 1.013658
v 0.581272 1.395850 1.077297
v 0.798772 1.666319 1.241700
v 0.798772 1.729958 1.178060
v 0.798772 1.443580 1.018961
v 0.798772 1.507220 0.955321
v 0.708772 1.729958 1.178060
v 0.708772 1.666319 1.241700
v 0.708772 1.507220 0.955321
v 0.708772 1.443580 1.018961
v 0.663772 1.453019 0.043584
v 0.663772 1.453019 -0.018916
v 0.663772 1.388019 0.043584
v 0.663772 1.388019 -0.018916
v 0.476272 1.453019 -0.018916
v 0.476272 1.453019 0.043584
v 0.476272 1.388019 -0.018916
v 0.476272 1.388019 0.043584
v 0.671272 1.534269 0.088584
v 0.671272 1.534269 0.043584
v 0.671272 1.369269 0.088584
v 0.671272 1.369269 0.043584
v 0.468772 1.534269 0.043584
v 0.468772 1.534269 0.088584
v 0.468772 1.369269 0.043584
v 0.468772 1.369269 0.088584
v 0.641272 1.807082 0.088584
v 0.641272 1.807082 0.006084
v 0.641272 1.526769 0.088584
v 0.641272 1.526769 0.006084
v 0.506272 1.807082 0.006084
v 0.506272 1.807082 0.088584
v 0.506272 1.526769 0.006084
v 0.506272 1.526769 0.088584
v 0.540562 0.120821 0.620983
v 0.602929 0.120821 0.558616
v -0.737515 0.120821 -0.657093
v -0.675148 0.120821 -0.719460
v 0.602929 1.807946 0.558617
v 0.540562 1.807946 0.620983
v -0.675148 1.807946 -0.719460
v -0.737515 1.807946 -0.657093
v 0.650658 0.120821 -0.609364
v 0.588291 0.120821 -0.671730
v -0.632721 0.120821 0.674016
v -0.695088 0.120821 0.611650
v 0.588291 1.807946 -0.671730
v 0.650658 1.807946 -0.609363
v -0.695088 1.807946 0.611650
v -0.632721 1.807946 0.674017
v 0.236272 1.920061 -1.629386
v 0.236272 1.877009 -1.733323
v 0.236272 1.885416 -1.615036
v 0.236272 1.842363 -1.718972
v 0.063772 1.877009 -1.733323
v 0.063772 1.920061 -1.629386
v 0.063772 1.842363 -1.718972
v 0.063772 1.885416 -1.615036
v 0.258772 2.229577 -1.489700
v 0.258772 2.209486 -1.538203
v 0.258772 2.070208 -1.423687
v 0.258772 2.050117 -1.472191
v 0.041272 2.209486 -1.538203
v 0.041272 2.229577 -1.489700
v 0.041272 2.050117 -1.472191
v 0.041272 2.070208 -1.423687
v 0.236272 2.439589 -0.943490
v 0.236272 2.347744 -1.165221
v 0.236272 2.321794 -0.894698
v 0.236272 2.229950 -1.116429
v 0.063772 2.347744 -1.165221
v 0.063772 2.439589 -0.943490
v 0.063772 2.229950 -1.116429
v 0.063772 2.321794 -0.894698
v 0.206272 2.453316 -0.786589
v 0.206272 2.439589 -0.943490
v 0.206272 2.408487 -0.782667
v 0.206272 2.394760 -0.939568
v 0.093772 2.439589 -0.943490
v 0.093772 2.453316 -0.786589
v 0.093772 2.394760 -0.939568
v 0.093772 2.408487 -0.782667
v 0.190628 2.675584 -0.118434
v 0.190628 2.296728 -1.033075
v 0.151921 2.642816 -0.104861
v 0.151921 2.263959 -1.019502
v 0.155160 2.332489 -1.047888
v 0.155160 2.711345 -0.133247
v 0.116453 2.299720 -1.034315
v 0.116453 2.678576 -0.119674
v -0.626228 0.979269 0.163584
v -0.626228 0.979269 0.081084
v -0.626228 0.736769 0.163584
v -0.626228 0.736769 0.081084
v -0.836228 0.979269 0.081084
v -0.836228 0.979269 0.163584
v -0.836228 0.736769 0.081084
v -0.836228 0.736769 0.163584
v -0.566228 0.964269 0.162334
v -0.566228 0.964269 0.111084
v -0.566228 0.761769 0.162334
v -0.566228 0.761769 0.111084
v -0.896228 0.964269 0.111084
v -0.896228 0.964269 0.162334
v -0.896228 0.761769 0.111084
v -0.896228 0.761769 0.162334
v -0.656228 1.791306 0.425791
v -0.656228 1.805385 0.336899
v -0.656228 0.732011 0.258015
v -0.656228 0.746090 0.169123
v -0.723728 1.805385 0.336899
v -0.723728 1.791306 0.425791
v -0.723728 0.746090 0.169123
v -0.723728 0.732011 0.258015
v 0.678772 0.979269 0.163584
v 0.678772 0.979269 0.081084
v 0.678772 0.736769 0.163584
v 0.678772 0.736769 0.081084
v 0.468772 0.979269 0.081084
v 0.468772 0.979269 0.163584
v 0.468772 0.736769 0.081084
v 0.468772 0.736769 0.163584
v 0.738772 0.964269 0.162334
v 0.738772 0.964269 0.111084
v 0.738772 0.761769 0.162334
v 0.738772 0.761769 0.111084
v 0.408772 0.964269 0.111084
v 0.408772 0.964269 0.162334
v 0.408772 0.761769 0.111084
v 0.408772 0.761769 0.162334
v 0.566272 1.791306 0.425791
v 0.566272 1.805385 0.336899
v 0.566272 0.732011 0.258015
v 0.566272 0.746090 0.169123
v 0.498772 1.805385 0.336899
v 0.498772 1.791306 0.425791
v 0.498772 0.746090 0.169123
v 0.498772 0.732011 0.258015
v -0.380105 0.007823 0.929225
v 0.216271 0.007823 0.934430
v -0.362890 0.007823 -1.043525
v 0.233487 0.007823 -1.038321
v 0.216271 0.120253 0.934430
v -0.380105 0.120253 0.929225
v 0.233487 0.120254 -1.038321
v -0.362890 0.120254 -1.043525
v 0.914310 0.007331 0.258438
v 0.914310 0.007331 -0.367522
v -1.059502 0.007331 0.258438
v -1.059502 0.007331 -0.367521
v 0.914310 0.120746 -0.367522
v 0.914310 0.120746 0.258438
v -1.059502 0.120746 -0.367521
v -1.059502 0.120746 0.258438
v 0.216702 0.008316 0.936809
v 0.910841 0.008316 0.260608
v -1.056034 0.008316 -0.369691
v -0.361895 0.008317 -1.045892
v 0.910841 0.119760 0.260608
v 0.216702 0.119760 0.936809
v -0.361895 0.119761 -1.045892
v -1.056034 0.119760 -0.369691
v 0.913837 0.009056 -0.356792
v 0.229654 0.009056 -1.040975
v -0.374846 0.009056 0.931891
v -1.059029 0.009056 0.247709
v 0.229654 0.119021 -1.040975
v 0.913837 0.119021 -0.356792
v -1.059029 0.119021 0.247709
v -0.374846 0.119021 0.931891
v 0.078277 2.342917 -1.149433
v 0.159421 2.298438 -1.303825
v 0.086393 2.309093 -1.135422
v 0.167538 2.264613 -1.289815
v -0.301716 2.109893 -1.491867
v -0.382861 2.154373 -1.337475
v -0.293599 2.076069 -1.477857
v -0.374744 2.120549 -1.323464
v 0.041272 1.789269 0.673584
v 0.041272 1.789269 0.028584
v 0.041272 1.556769 0.673584
v 0.041272 1.556769 0.028584
v -0.326228 1.789269 0.028584
v -0.326228 1.789269 0.673584
v -0.326228 1.556769 0.028584
v -0.326228 1.556769 0.673584
v 0.273772 1.801286 0.694342
v 0.273772 1.674007 0.567063
v 0.273772 1.674007 0.821622
v 0.273772 1.546728 0.694342
v -0.341228 1.674007 0.567063
v -0.341228 1.801286 0.694342
v -0.341228 1.546728 0.694342
v -0.341228 1.674007 0.821622
v 0.093772 1.819269 0.546084
v 0.093772 1.819269 0.328584
v 0.093772 1.549269 0.546084
v 0.093772 1.549269 0.328584
v -0.153728 1.819269 0.328584
v -0.153728 1.819269 0.546084
v -0.153728 1.549269 0.328584
v -0.153728 1.549269 0.546084
v 0.109893 1.695541 -0.003264
v 0.109893 1.695541 0.459072
v 0.109893 1.621567 -0.003264
v 0.109893 1.621567 0.459072
v 0.183867 1.695541 0.459072
v 0.183866 1.695541 -0.003264
v 0.183867 1.621567 0.459072
v 0.183866 1.621567 -0.003264
v 0.128386 1.654855 0.459072
v 0.128386 1.654855 0.784557
v 0.128386 1.627115 0.459072
v 0.128386 1.627115 0.784557
v 0.165373 1.654855 0.784557
v 0.165373 1.654855 0.459072
v 0.165373 1.627115 0.784557
v 0.165373 1.627115 0.459072
v 0.128386 1.695541 0.747570
v 0.128386 1.695541 0.779009
v 0.128386 1.621567 0.747570
v 0.128386 1.621567 0.779009
v 0.165373 1.695541 0.779009
v 0.165373 1.695541 0.747570
v 0.165373 1.621567 0.779009
v 0.165373 1.621567 0.747570
v 0.109893 1.734377 0.089204
v 0.109893 1.734377 0.385099
v 0.109893 1.695541 0.089204
v 0.109893 1.695541 0.385099
v 0.183867 1.734377 0.385099
v 0.183866 1.734377 0.089204
v 0.183867 1.695541 0.385099
v 0.183866 1.695541 0.089204
v 1.531645 1.689857 -0.218916
v 1.531645 1.689857 -0.323916
v 1.434169 1.422045 -0.218916
v 1.434169 1.422045 -0.323916
v 1.461168 1.715509 -0.323916
v 1.461168 1.715509 -0.218916
v 1.363692 1.447696 -0.323916
v 1.363692 1.447696 -0.218916
v 1.434169 1.422045 -0.218916
v 1.434169 1.422045 -0.323916
v 1.149169 1.422045 -0.218916
v 1.149169 1.422045 -0.323916
v 1.434169 1.542045 -0.323916
v 1.434169 1.542045 -0.218916
v 1.149169 1.542045 -0.323916
v 1.149169 1.542045 -0.218916
v -1.591625 1.549545 0.126084
v -1.591625 1.549545 -0.218916
v -1.404125 1.549545 0.126084
v -1.404125 1.549545 -0.218916
v -1.591625 1.429545 -0.218916
v -1.591625 1.429545 0.126084
v -1.404125 1.429545 -0.218916
v -1.404125 1.429545 0.126084
v -1.618624 1.715509 -0.218916
v -1.618624 1.715509 -0.323916
v -1.521148 1.447696 -0.218916
v -1.521148 1.447696 -0.323916
v -1.689101 1.689857 -0.323916
v -1.689101 1.689857 -0.218916
v -1.591625 1.422045 -0.323916
v -1.591625 1.422045 -0.218916
v -1.591625 1.542045 -0.218916
v -1.591625 1.542045 -0.323916
v -1.306625 1.542045 -0.218916
v -1.306625 1.542045 -0.323916
v -1.591625 1.422045 -0.323916
v -1.591625 1.422045 -0.218916
v -1.306625 1.422045 -0.323916
v -1.306625 1.422045 -0.218916
v 1.434169 1.429545 0.126084
v 1.434169 1.429545 -0.218916
v 1.246669 1.429545 0.126084
v 1.246669 1.429545 -0.218916
v 1.434169 1.549545 -0.218916
v 1.434169 1.549545 0.126084
v 1.246669 1.549545 -0.218916
v 1.246669 1.549545 0.126084
v -0.432993 0.632018 -0.445455
v -0.432993 0.984403 -0.573712
v -0.432993 0.610642 -0.504185
v -0.432993 0.963027 -0.632443
v -0.795493 0.984403 -0.573712
v -0.795493 0.632018 -0.445455
v -0.795493 0.963027 -0.632443
v -0.795493 0.610642 -0.504185
v -0.370493 0.820181 -0.476694
v -0.370493 1.055105 -0.562199
v -0.370493 0.798805 -0.535425
v -0.370493 1.033729 -0.620930
v -0.857993 1.055105 -0.562199
v -0.857993 0.820181 -0.476694
v -0.857993 1.033729 -0.620930
v -0.857993 0.798805 -0.535425
v 0.778037 0.667754 -0.040878
v 0.778037 0.667754 -0.505878
v 0.778037 0.510253 -0.040878
v 0.778037 0.510253 -0.505878
v 0.260537 0.667754 -0.505878
v 0.260537 0.667754 -0.040878
v 0.260537 0.510253 -0.505878
v 0.260537 0.510253 -0.040878
v -0.355493 0.667754 -0.040877
v -0.355493 0.667754 -0.505877
v -0.355493 0.510253 -0.040877
v -0.355493 0.510253 -0.505877
v -0.872993 0.667754 -0.505877
v -0.872993 0.667754 -0.040877
v -0.872993 0.510253 -0.505877
v -0.872993 0.510253 -0.040877
v 0.700537 0.632018 -0.445455
v 0.700537 0.984403 -0.573712
v 0.700537 0.610642 -0.504186
v 0.700537 0.963027 -0.632443
v 0.338037 0.984403 -0.573712
v 0.338037 0.632018 -0.445455
v 0.338037 0.963027 -0.632443
v 0.338037 0.610642 -0.504185
v 0.763037 0.820181 -0.476694
v 0.763037 1.055105 -0.562199
v 0.763037 0.798805 -0.535425
v 0.763037 1.033729 -0.620930
v 0.275537 1.055105 -0.562199
v 0.275537 0.820181 -0.476694
v 0.275537 1.033729 -0.620930
v 0.275537 0.798805 -0.535425
v 0.428718 1.855861 0.760673
v 0.904450 1.855861 0.276565
v 0.447909 1.877455 0.779532
v 0.923640 1.877456 0.295424
v 1.160930 1.407818 0.528607
v 0.685198 1.407818 1.012715
v 1.180120 1.429412 0.547466
v 0.704389 1.429412 1.031574
v 0.429234 1.853344 0.760286
v 0.644063 1.759896 0.648679
v 0.448425 1.874939 0.779145
v 0.663254 1.781490 0.667538
v 0.680746 1.409170 1.012952
v 0.465917 1.502619 1.124559
v 0.699937 1.430764 1.031811
v 0.485108 1.524214 1.143418
v 0.867414 1.846109 0.305068
v 0.903089 1.849398 0.264999
v 0.893140 1.875058 0.330349
v 0.928815 1.878347 0.290280
v 1.188746 1.405262 0.482875
v 1.153071 1.401973 0.522944
v 1.214473 1.434211 0.508156
v 1.178798 1.430922 0.548225
v 1.154141 1.450491 0.494127
v 1.189046 1.431810 0.296147
v 1.184289 1.471506 0.497460
v 1.219193 1.452825 0.299479
v 1.213470 1.395546 0.303875
v 1.178565 1.414227 0.501855
v 1.243618 1.416561 0.307207
v 1.208713 1.435242 0.505188
v -1.248027 1.401973 0.522944
v -1.283702 1.405262 0.482875
v -1.273754 1.430922 0.548226
v -1.309429 1.434211 0.508156
v -0.998045 1.849398 0.264999
v -0.962370 1.846109 0.305068
v -1.023772 1.878347 0.290280
v -0.988097 1.875058 0.330350
v 0.884000 1.848798 0.290017
v 0.928521 1.855445 -0.154710
v 0.924442 1.876989 0.294487
v 0.968963 1.883636 -0.150240
v 1.246293 1.395620 -0.129772
v 1.201772 1.388973 0.314956
v 1.286735 1.423811 -0.125302
v 1.242214 1.417163 0.319426
v 0.697713 1.697395 0.709557
v 0.721358 1.697395 0.685495
v 0.764185 1.772193 0.774879
v 0.787831 1.772193 0.750817
v 0.778280 1.597960 0.741431
v 0.754634 1.597960 0.765493
v 0.844752 1.672757 0.806754
v 0.821107 1.672757 0.830815
v -0.754623 1.912187 0.318197
v -0.754623 1.912187 0.133697
v -0.754623 1.803437 0.318197
v -0.754623 1.803437 0.133697
v -0.961623 1.912187 0.133697
v -0.961623 1.912187 0.318197
v -0.961623 1.803437 0.133697
v -0.961623 1.803437 0.318197
v -0.560873 1.502619 1.124560
v -0.775702 1.409170 1.012952
v -0.580064 1.524214 1.143418
v -0.794893 1.430764 1.031811
v -0.739019 1.759896 0.648679
v -0.524190 1.853344 0.760286
v -0.758210 1.781490 0.667538
v -0.543381 1.874939 0.779145
v -0.780154 1.407818 1.012716
v -1.255886 1.407818 0.528607
v -0.799345 1.429412 1.031574
v -1.275076 1.429412 0.547466
v -0.999406 1.855861 0.276565
v -0.523674 1.855861 0.760673
v -1.018597 1.877456 0.295424
v -0.542865 1.877455 0.779532
v -0.849590 1.597960 0.765493
v -0.873236 1.597960 0.741432
v -0.916063 1.672757 0.830815
v -0.939708 1.672757 0.806754
v -0.816315 1.697395 0.685495
v -0.792669 1.697395 0.709557
v -0.882787 1.772193 0.750817
v -0.859141 1.772193 0.774879
v -1.296728 1.388973 0.314956
v -1.341249 1.395620 -0.129772
v -1.337170 1.417163 0.319426
v -1.381691 1.423811 -0.125302
v -1.023477 1.855445 -0.154710
v -0.978957 1.848798 0.290018
v -1.063919 1.883636 -0.150240
v -1.019399 1.876989 0.294488
v -1.250511 1.449760 0.489274
v -1.308454 1.395989 0.304144
v -1.280168 1.470433 0.492552
v -1.338112 1.416663 0.307422
v -1.046743 1.803177 0.103966
v -0.988800 1.856948 0.289095
v -1.076401 1.823851 0.107244
v -1.018457 1.877621 0.292373
v -1.273521 1.414227 0.501856
v -1.308426 1.395546 0.303875
v -1.303669 1.435242 0.505188
v -1.338574 1.416561 0.307207
v -1.284002 1.431810 0.296147
v -1.249097 1.450491 0.494128
v -1.314149 1.452825 0.299479
v -1.279245 1.471506 0.497460
v -0.609492 1.352733 -1.268752
v -0.445441 1.299654 -1.263623
v -0.596705 1.385022 -1.343586
v -0.432655 1.331943 -1.338458
v -0.303010 1.761469 -1.040025
v -0.467060 1.814548 -1.045154
v -0.290223 1.793758 -1.114859
v -0.454273 1.846838 -1.119988
v 0.360423 1.819880 -1.075469
v 0.203505 1.769109 -1.070563
v 0.347636 1.852170 -1.150303
v 0.190718 1.801398 -1.145397
v 0.343931 1.313798 -1.291013
v 0.500848 1.364570 -1.295918
v 0.331144 1.346087 -1.365847
v 0.488062 1.396859 -1.370752
v 0.350714 1.819409 -1.074649
v -0.451195 1.814076 -1.044334
v 0.347636 1.852170 -1.150303
v -0.454273 1.846838 -1.119988
v -0.456139 1.304725 -1.264701
v 0.345770 1.310057 -1.295016
v -0.459217 1.337486 -1.340355
v 0.342692 1.342818 -1.370670
v 0.435860 1.361449 1.143448
v 0.435860 1.535545 1.031466
v 0.435860 1.221067 0.925198
v 0.435860 1.395162 0.813216
v -0.551140 1.535545 1.031466
v -0.551140 1.361449 1.143448
v -0.551140 1.395162 0.813216
v -0.551140 1.221067 0.925198
v 0.286346 1.784352 -1.026847
v 0.180871 1.759202 -1.051949
v 0.295411 1.813429 -1.094069
v 0.189935 1.788280 -1.119171
v 0.330804 1.305912 -1.227805
v 0.436279 1.331062 -1.202704
v 0.339868 1.334990 -1.295027
v 0.445344 1.360139 -1.269925
v 1.000377 1.897187 -0.145553
v 1.000377 1.897187 -0.382553
v 1.000377 1.519687 -0.145553
v 1.000377 1.519687 -0.382553
v 0.905877 1.897187 -0.382553
v 0.905877 1.897187 -0.145553
v 0.905877 1.519687 -0.382553
v 0.905877 1.519687 -0.145553
v -0.899109 1.792071 -0.642105
v -0.359389 1.792015 -1.056137
v -0.930833 1.818631 -0.683463
v -0.391113 1.818574 -1.097494
v -0.341147 1.850820 -1.032364
v -0.880867 1.850876 -0.618333
v -0.372870 1.877380 -1.073722
v -0.912590 1.877436 -0.659690
v -0.387041 1.775362 -1.026347
v -0.039037 1.778279 -1.072012
v -0.396990 1.807277 -1.100127
v -0.048985 1.810194 -1.145792
v -0.035825 1.845831 -1.043225
v -0.383830 1.842915 -0.997560
v -0.045774 1.877745 -1.117005
v -0.393779 1.874828 -1.071340
v 0.785483 1.844194 -0.621035
v 0.245763 1.844138 -1.035066
v 0.817207 1.870754 -0.662392
v 0.277487 1.870697 -1.076423
v 0.266079 1.778649 -1.061540
v 0.805799 1.778705 -0.647508
v 0.297802 1.805210 -1.102897
v 0.837522 1.805266 -0.688866
v 0.286373 1.842915 -0.997560
v -0.069067 1.845893 -1.044201
v 0.296322 1.874828 -1.071340
v -0.059118 1.877808 -1.117981
v -0.065856 1.778342 -1.072988
v 0.289585 1.775362 -1.026347
v -0.055907 1.810256 -1.146768
v 0.299533 1.807277 -1.100127
v -0.328578 1.805210 -0.499242
v -0.328578 1.805210 -0.649242
v -0.328578 1.850211 -0.499242
v -0.328578 1.850211 -0.649242
v 0.218922 1.805210 -0.649242
v 0.218922 1.805210 -0.499242
v 0.218922 1.850211 -0.649242
v 0.218922 1.850211 -0.499242
v 0.251796 1.652710 0.022574
v 0.269839 1.652710 -0.034649
v 0.251796 1.965210 0.022574
v 0.269839 1.965210 -0.034649
v 0.477272 1.652710 0.030755
v 0.459230 1.652710 0.087978
v 0.477272 1.965210 0.030755
v 0.459230 1.965210 0.087978
v 0.711482 1.590210 0.122585
v 0.681482 1.590210 0.070623
v 0.711482 1.902710 0.122585
v 0.681482 1.902710 0.070623
v 0.869843 1.590210 -0.038127
v 0.899843 1.590210 0.013835
v 0.869843 1.902710 -0.038127
v 0.899843 1.902710 0.013835
v 0.178320 1.834668 0.631133
v 0.178320 1.899961 0.194250
v 0.178320 1.804998 0.626699
v 0.178320 1.870291 0.189816
v -0.354180 1.899961 0.194250
v -0.354180 1.834668 0.631133
v -0.354180 1.870291 0.189816
v -0.354180 1.804998 0.626699
v 0.568320 1.816382 0.751085
v 0.568320 1.881723 0.072488
v 0.568320 1.749192 0.744615
v 0.568320 1.814534 0.066018
v -0.699180 1.881723 0.072488
v -0.699180 1.816382 0.751085
v -0.699180 1.814534 0.066018
v -0.699180 1.749192 0.744615
v -0.928578 1.805210 -0.649242
v -0.928578 1.805211 -1.069242
v -0.928578 1.842710 -0.649242
v -0.928578 1.842710 -1.069242
v 0.818922 1.805211 -1.069242
v 0.818922 1.805210 -0.649242
v 0.818922 1.842710 -1.069242
v 0.818922 1.842710 -0.649242
v 0.898320 1.810071 0.780644
v 0.898319 1.810071 -1.131091
v 0.898320 1.802571 0.780644
v 0.898319 1.802571 -1.131091
v -1.014181 1.810071 -1.131091
v -1.014180 1.810071 0.780644
v -1.014181 1.802571 -1.131091
v -1.014180 1.802571 0.780644
v 0.893844 1.856948 0.289095
v 0.951787 1.803177 0.103965
v 0.923501 1.877621 0.292373
v 0.981444 1.823851 0.107243
v 1.213498 1.395989 0.304144
v 1.155555 1.449760 0.489274
v 1.243156 1.416663 0.307422
v 1.185212 1.470433 0.492552
v 0.830461 1.799134 0.287063
v 0.888404 1.745364 0.101934
v 0.878501 1.832621 0.292373
v 0.936444 1.778850 0.107243
v 1.161357 1.320684 0.310711
v 1.103414 1.374455 0.495841
v 1.209398 1.354172 0.316021
v 1.151454 1.407942 0.501150
v -0.990129 1.800210 -0.011742
v -0.990129 1.800210 -0.581742
v -0.990129 1.887710 -0.011742
v -0.990129 1.887710 -0.581742
v -0.246379 1.800210 -0.581742
v -0.246378 1.800210 -0.011742
v -0.246379 1.887710 -0.581742
v -0.246378 1.887710 -0.011742
v -0.930753 1.800835 0.077633
v -0.930754 1.800835 -0.671117
v -0.930753 1.887085 0.077633
v -0.930754 1.887085 -0.671117
v -0.324504 1.800835 -0.671117
v -0.324503 1.800835 0.077633
v -0.324504 1.887085 -0.671117
v -0.324503 1.887085 0.077633
v 0.287114 1.798777 -1.019846
v -0.061628 1.790398 -1.070496
v 0.296326 1.828327 -1.088161
v -0.052416 1.819948 -1.138811
v -0.020539 1.308027 -1.273608
v 0.328203 1.316406 -1.222958
v -0.011327 1.337577 -1.341923
v 0.337415 1.345956 -1.291273
v -0.454680 1.498635 0.992343
v -0.454680 1.817571 0.773144
v -0.454680 1.479093 0.963911
v -0.454680 1.798030 0.744712
v -0.519180 1.817571 0.773144
v -0.519180 1.498635 0.992343
v -0.519180 1.798030 0.744712
v -0.519180 1.479093 0.963911
v 0.808924 1.811757 -0.628978
v 0.694831 1.744228 -0.759861
v 0.836743 1.835048 -0.665245
v 0.722650 1.767519 -0.796128
v 1.000446 1.311787 -0.803153
v 1.114539 1.379316 -0.672270
v 1.028265 1.335078 -0.839420
v 1.142358 1.402607 -0.708537
v 0.817198 1.800126 -0.629252
v 0.269617 1.783818 -1.059750
v 0.882272 1.854608 -0.714087
v 0.334691 1.838300 -1.144585
v 0.423353 1.322888 -1.237837
v 0.970934 1.339196 -0.807339
v 0.488426 1.377370 -1.322673
v 1.036008 1.393678 -0.892175
v 0.866161 1.797632 -0.080878
v 0.782992 1.788977 -0.656840
v 0.924647 1.838636 -0.089940
v 0.841478 1.829981 -0.665901
v 1.099374 1.329151 -0.695616
v 1.182543 1.337806 -0.119654
v 1.157859 1.370156 -0.704677
v 1.241028 1.378811 -0.128715
v 0.389852 1.505673 1.019963
v 0.635726 1.398720 0.892228
v 0.436971 1.532952 1.087820
v 0.682845 1.425999 0.960085
v 0.610975 1.249790 0.969284
v 0.365101 1.356744 1.097019
v 0.658094 1.277069 1.037142
v 0.412220 1.384022 1.164877
v 0.357757 1.777211 0.730128
v 0.603134 1.670475 0.602650
v 0.405818 1.831291 0.777356
v 0.651194 1.724554 0.649879
v 0.634347 1.372047 0.912606
v 0.388971 1.478783 1.040083
v 0.682408 1.426127 0.959835
v 0.437031 1.532863 1.087312
v 0.806801 1.782275 0.288783
v 0.841646 1.785488 0.249646
v 0.848520 1.829219 0.329780
v 0.883365 1.832432 0.290643
v 1.115428 1.359817 0.458463
v 1.080582 1.356604 0.497601
v 1.157147 1.406761 0.499460
v 1.122301 1.403548 0.538598
v 0.354515 1.778000 0.731975
v 0.830246 1.778000 0.247867
v 0.402909 1.832455 0.779532
v 0.878640 1.832456 0.295424
v 1.077240 1.346529 0.490586
v 0.601508 1.346529 0.974695
v 1.125634 1.400984 0.538143
v 0.649902 1.400984 1.022251
v 0.820618 1.790984 0.287986
v 0.865138 1.797632 -0.156742
v 0.879442 1.831989 0.294487
v 0.923963 1.838636 -0.150240
v 1.182910 1.337806 -0.131804
v 1.138389 1.331159 0.312924
v 1.241735 1.378811 -0.125302
v 1.197214 1.372163 0.319426
v 0.241422 1.772711 -0.019242
v 0.241422 1.772711 -0.529242
v 0.241422 1.835211 -0.019242
v 0.241422 1.835211 -0.529242
v 0.848922 1.772711 -0.529242
v 0.848922 1.772711 -0.019242
v 0.848922 1.835211 -0.529242
v 0.848922 1.835211 -0.019242
v 0.421422 1.912350 -0.129269
v 0.421422 1.735238 -0.242102
v 0.421422 1.992945 -0.255778
v 0.421422 1.815833 -0.368611
v 0.668922 1.735238 -0.242102
v 0.668922 1.912350 -0.129270
v 0.668922 1.815833 -0.368611
v 0.668922 1.992945 -0.255778
v -1.069167 1.340351 -0.803858
v -0.545164 1.324745 -1.215820
v -1.134241 1.394833 -0.888694
v -0.610238 1.379227 -1.300656
v -0.389200 1.792356 -1.035152
v -0.913203 1.807961 -0.623190
v -0.454273 1.846838 -1.119988
v -0.978277 1.862443 -0.708026
v -1.211995 1.379316 -0.672269
v -1.097902 1.311787 -0.803152
v -1.239814 1.402607 -0.708537
v -1.125721 1.335078 -0.839420
v -0.796601 1.738123 -0.760472
v -0.910694 1.805652 -0.629589
v -0.824421 1.761414 -0.796739
v -0.938513 1.828944 -0.665856
v -0.486427 1.478783 1.040083
v -0.731804 1.372047 0.912606
v -0.534487 1.532863 1.087312
v -0.779864 1.426127 0.959835
v -0.700590 1.670475 0.602651
v -0.455213 1.777211 0.730128
v -0.748651 1.724554 0.649879
v -0.503274 1.831291 0.777356
v -0.462557 1.356744 1.097019
v -0.708431 1.249790 0.969284
v -0.509676 1.384022 1.164877
v -0.755550 1.277069 1.037142
v -0.733182 1.398720 0.892228
v -0.487308 1.505673 1.019963
v -0.780301 1.425999 0.960086
v -0.534427 1.532952 1.087821
v -0.718496 1.312409 0.993889
v -1.194227 1.312409 0.509781
v -0.766890 1.366864 1.041445
v -1.242621 1.366864 0.557337
v -0.927703 1.778000 0.247867
v -0.451971 1.778000 0.731975
v -0.976097 1.832456 0.295424
v -0.500365 1.832455 0.779532
v -1.196790 1.327449 0.511904
v -1.231636 1.330661 0.472766
v -1.238509 1.374393 0.552901
v -1.273355 1.377606 0.513763
v -0.939103 1.785488 0.249646
v -0.904257 1.782275 0.288783
v -0.980822 1.832432 0.290643
v -0.945976 1.829219 0.329780
v -1.219607 1.345303 0.510172
v -1.277550 1.291533 0.325043
v -1.267647 1.378790 0.515482
v -1.325590 1.325020 0.330352
v -0.985860 1.745364 0.101934
v -0.927917 1.799134 0.287064
v -1.033900 1.778850 0.107244
v -0.975957 1.832621 0.292373
v -1.235845 1.331159 0.312924
v -1.280366 1.337806 -0.131803
v -1.294670 1.372163 0.319426
v -1.339191 1.378811 -0.125302
v -0.962595 1.797632 -0.156742
v -0.918074 1.790984 0.287986
v -1.021420 1.838636 -0.150240
v -0.976899 1.831989 0.294488
v -1.279999 1.337806 -0.119654
v -1.196830 1.329151 -0.695615
v -1.338484 1.378811 -0.128715
v -1.255315 1.370156 -0.704677
v -0.880449 1.788977 -0.656840
v -0.963618 1.797632 -0.080878
v -0.938934 1.829981 -0.665901
v -1.022103 1.838636 -0.089939
v -0.533736 1.331062 -1.202703
v -0.428260 1.305912 -1.227805
v -0.542800 1.360139 -1.269925
v -0.437325 1.334990 -1.295027
v -0.276117 1.765884 -1.049357
v -0.381593 1.791034 -1.024255
v -0.285182 1.794961 -1.116578
v -0.390657 1.820111 -1.091477
v -0.425659 1.316406 -1.222958
v -0.076918 1.308027 -1.273608
v -0.434871 1.345956 -1.291273
v -0.086130 1.337577 -1.341923
v -0.036416 1.783507 -1.073398
v -0.385157 1.791886 -1.022747
v -0.045628 1.813057 -1.141713
v -0.394369 1.821436 -1.091062
v -0.953879 1.835211 -0.041742
v -0.953879 1.835211 -0.281742
v -0.953879 1.910210 -0.041742
v -0.953879 1.910210 -0.281742
v -0.301378 1.835211 -0.281742
v -0.301378 1.835211 -0.041742
v -0.301378 1.910210 -0.281742
v -0.301378 1.910210 -0.041742
v -0.456969 1.717710 -0.015460
v -0.501206 1.717710 -0.055996
v -0.456969 1.962710 -0.015460
v -0.501206 1.962710 -0.055996
v -0.354265 1.717710 -0.216354
v -0.310028 1.717710 -0.175818
v -0.354265 1.962710 -0.216354
v -0.310028 1.962710 -0.175818
v -0.736378 1.854347 0.072603
v -0.736379 1.854347 -0.137397
v -0.736378 1.989347 0.072603
v -0.736379 1.989347 -0.137397
v -0.488878 1.854347 -0.137397
v -0.488878 1.854347 0.072603
v -0.488878 1.989347 -0.137397
v -0.488878 1.989347 0.072603
v -0.900778 1.834861 0.047658
v -0.900779 1.834861 -0.041142
v -0.900778 1.909611 0.047658
v -0.900779 1.909611 -0.041142
v -0.354478 1.834861 -0.041142
v -0.354478 1.834861 0.047658
v -0.354478 1.909611 -0.041142
v -0.354478 1.909611 0.047658
v -0.900779 1.834861 -0.544842
v -0.900779 1.834861 -0.611142
v -0.900779 1.909611 -0.544842
v -0.900779 1.909611 -0.611142
v -0.354479 1.834861 -0.611142
v -0.354479 1.834861 -0.544842
v -0.354479 1.909611 -0.611142
v -0.354479 1.909611 -0.544842
v -0.953879 1.835211 -0.281742
v -0.953879 1.835211 -0.551742
v -0.953879 1.910210 -0.281742
v -0.953879 1.910210 -0.551742
v -0.301379 1.835211 -0.551742
v -0.301378 1.835211 -0.281742
v -0.301379 1.910210 -0.551742
v -0.301378 1.910210 -0.281742
v -0.818878 1.926158 -0.209952
v -0.818878 1.865176 -0.241697
v -0.818878 1.967716 -0.289783
v -0.818878 1.906733 -0.321528
v -0.436378 1.865176 -0.241697
v -0.436378 1.926158 -0.209952
v -0.436378 1.906733 -0.321528
v -0.436378 1.967716 -0.289783
vn 0.7373 -0.0000 -0.6756
vn -0.6756 -0.0000 -0.7373
vn -0.7373 -0.0000 0.6756
vn 0.6756 -0.0000 0.7373
vn -0.0000 -1.0000 -0.0000
vn -0.0000 1.0000 -0.0000
vn -0.7133 -0.0000 -0.7009
vn 0.7133 -0.0000 0.7009
vn -0.7009 -0.0000 0.7133
vn 0.7009 -0.0000 -0.7133
vn -0.0087 -0.0000 -1.0000
vn 0.0087 -0.0000 1.0000
vn -1.0000 -0.0000 0.0087
vn 1.0000 -0.0000 -0.0087
vn -0.7132 -0.0000 -0.7009
vn 0.7132 -0.0000 0.7009
vn -0.7009 -0.0000 0.7132
vn 1.0000 -0.0000 0.0087
vn -1.0000 -0.0000 -0.0087
vn -0.0087 -0.0000 1.0000
vn 0.0087 -0.0000 -1.0000
vn 0.7163 -0.0000 -0.6978
vn -0.7163 -0.0000 0.6978
vn 0.6978 -0.0000 0.7163
vn -0.6978 -0.0000 -0.7163
vn -0.7071 -0.0000 -0.7071
vn 0.7071 -0.0000 0.7071
vn 0.7071 -0.0000 -0.7071
vn -0.7071 -0.0000 0.7071
vn -0.8434 -0.0000 0.5373
vn -0.5373 -0.0000 -0.8434
vn 0.8434 -0.0000 -0.5373
vn 0.5373 -0.0000 0.8434
vn 0.7934 -0.0000 0.6088
vn -0.6088 -0.0000 0.7934
vn -0.7934 -0.0000 -0.6088
vn 0.6088 -0.0000 -0.7934
vn -0.0000 -0.0000 -1.0000
vn -0.0000 -0.0000 1.0000
vn 1.0000 -0.0000 -0.0000
vn -1.0000 -0.0000 -0.0000
vn 0.7071 -0.7071 -0.0000
vn -0.7071 0.7071 -0.0000
vn 0.7071 0.7071 -0.0000
vn -0.7071 -0.7071 -0.0000
vn 0.8192 -0.5736 -0.0000
vn -0.8192 0.5736 -0.0000
vn 0.5736 0.8192 -0.0000
vn -0.5736 -0.8192 -0.0000
vn 0.8192 0.5736 -0.0000
vn -0.8192 -0.5736 -0.0000
vn -0.5736 0.8192 -0.0000
vn 0.5736 -0.8192 -0.0000
vn -0.0000 -0.3827 -0.9239
vn -0.0000 0.3827 0.9239
vn -0.0000 0.9239 -0.3827
vn -0.0000 -0.9239 0.3827
vn -0.0000 -0.8192 -0.5736
vn -0.0000 0.8192 0.5736
vn -0.0000 0.5736 -0.8192
vn -0.0000 -0.5736 0.8192
vn -0.0000 -0.7071 -0.7071
vn -0.0000 0.7071 0.7071
vn -0.0000 0.7071 -0.7071
vn -0.0000 -0.7071 0.7071
vn -0.0000 -0.2079 -0.9781
vn -0.0000 0.2079 0.9781
vn -0.0000 0.9781 -0.2079
vn -0.0000 -0.9781 0.2079
vn -0.0000 -0.5736 -0.8192
vn -0.0000 0.5736 0.8192
vn -0.0000 0.8192 -0.5736
vn -0.0000 -0.8192 0.5736
vn 0.9081 -0.0252 -0.4180
vn 0.4000 -0.2432 0.8837
vn -0.9081 0.0252 0.4180
vn -0.4000 0.2432 -0.8837
vn 0.1239 0.9696 0.2108
vn -0.1239 -0.9696 -0.2108
vn -0.0436 -0.0000 -0.9990
vn 0.9990 -0.0000 -0.0436
vn 0.0436 -0.0000 0.9990
vn -0.9990 -0.0000 0.0436
vn 0.4226 -0.0000 -0.9063
vn 0.9063 -0.0000 0.4226
vn -0.4226 -0.0000 0.9063
vn -0.9063 -0.0000 -0.4226
vn 0.3827 -0.0000 -0.9239
vn 0.9239 -0.0000 0.3827
vn -0.3827 -0.0000 0.9239
vn -0.9239 -0.0000 -0.3827
vn -0.3827 -0.0000 -0.9239
vn 0.9239 -0.0000 -0.3827
vn 0.3827 -0.0000 0.9239
vn -0.9239 -0.0000 0.3827
vn -0.0000 -0.0872 -0.9962
vn -0.0000 0.0872 0.9962
vn -0.0000 0.9962 -0.0872
vn -0.0000 -0.9962 0.0872
vn 0.6756 -0.6812 0.2821
vn -0.6756 0.6812 -0.2821
vn 0.7373 0.6242 -0.2585
vn -0.7373 -0.6242 0.2585
vn -0.0000 0.1564 -0.9877
vn -0.0000 -0.1564 0.9877
vn -0.0000 0.9877 0.1564
vn -0.0000 -0.9877 -0.1564
vn 0.4508 -0.2471 -0.8577
vn 0.8660 0.3541 0.3531
vn -0.4508 0.2471 0.8577
vn -0.8660 -0.3541 -0.3531
vn -0.2164 0.9020 -0.3736
vn 0.2164 -0.9020 0.3736
vn 0.9397 -0.3420 -0.0000
vn -0.9397 0.3420 -0.0000
vn 0.3420 0.9397 -0.0000
vn -0.3420 -0.9397 -0.0000
vn 0.9397 0.3420 -0.0000
vn -0.9397 -0.3420 -0.0000
vn -0.3420 0.9397 -0.0000
vn 0.3420 -0.9397 -0.0000
vn -0.0000 0.9397 -0.3420
vn -0.0000 -0.9397 0.3420
vn -0.0000 0.3420 0.9397
vn -0.0000 -0.3420 -0.9397
vn -0.4464 0.7799 -0.4387
vn 0.4464 -0.7799 0.4387
vn -0.5563 -0.6259 -0.5466
vn 0.5563 0.6259 0.5466
vn 0.8279 -0.3601 -0.4301
vn -0.0724 0.6918 -0.7185
vn -0.8279 0.3601 0.4301
vn 0.0724 -0.6918 0.7185
vn 0.6637 0.0612 -0.7455
vn -0.5001 0.7775 -0.3814
vn -0.6637 -0.0612 0.7455
vn 0.5001 -0.7775 0.3814
vn 0.1729 -0.0925 -0.9806
vn -0.5501 0.8168 -0.1741
vn -0.1729 0.0925 0.9806
vn 0.5501 -0.8168 0.1741
vn -0.8170 -0.5695 -0.0903
vn 0.8170 0.5695 0.0903
vn -0.6637 0.0612 -0.7455
vn -0.5001 -0.7775 0.3814
vn 0.6637 -0.0612 0.7455
vn 0.5001 0.7775 -0.3814
vn 0.5563 -0.6259 -0.5466
vn -0.5563 0.6259 0.5466
vn 0.0996 0.0149 -0.9949
vn -0.5680 0.8218 -0.0446
vn -0.0996 -0.0149 0.9949
vn 0.5680 -0.8218 0.0446
vn -0.8279 -0.3601 -0.4301
vn -0.0724 -0.6918 0.7185
vn 0.8279 0.3601 0.4301
vn 0.0724 0.6918 -0.7185
vn -0.7009 -0.0000 -0.7133
vn -0.4464 -0.7799 0.4387
vn 0.7009 -0.0000 0.7133
vn 0.4464 0.7799 -0.4387
vn -0.0996 0.0149 -0.9949
vn -0.5680 -0.8218 0.0446
vn 0.0996 -0.0149 0.9949
vn 0.5680 0.8218 -0.0446
vn 0.8170 -0.5695 -0.0903
vn -0.8170 0.5695 0.0903
vn -0.2878 -0.2671 -0.9197
vn -0.4996 -0.7774 0.3822
vn 0.2878 0.2671 0.9197
vn 0.4996 0.7774 -0.3822
vn -0.1729 -0.0925 -0.9806
vn -0.5501 -0.8168 0.1741
vn 0.1729 0.0925 0.9806
vn 0.5501 0.8168 -0.1741
vn 0.9510 -0.3077 0.0297
vn -0.2675 -0.8673 -0.4199
vn -0.9510 0.3077 -0.0297
vn 0.2675 0.8673 0.4199
vn -0.1550 -0.3914 0.9071
vn 0.1550 0.3914 -0.9071
vn -0.9510 -0.3077 0.0297
vn -0.2675 0.8673 0.4199
vn 0.9510 0.3077 -0.0297
vn 0.2675 -0.8673 -0.4199
vn 0.1550 -0.3914 0.9071
vn -0.1550 0.3914 -0.9071
vn -0.9993 -0.0066 0.0378
vn 0.0089 0.9178 0.3971
vn 0.9993 0.0066 -0.0378
vn -0.0089 -0.9178 -0.3971
vn 0.0373 -0.3971 0.9170
vn -0.0373 0.3971 -0.9170
vn -0.0000 0.8410 -0.5410
vn -0.0000 -0.8410 0.5410
vn -0.0000 0.5410 0.8410
vn -0.0000 -0.5410 -0.8410
vn -0.9477 -0.2260 -0.2255
vn -0.2947 0.8909 0.3456
vn 0.9477 0.2260 0.2255
vn 0.2947 -0.8909 -0.3456
vn -0.1228 -0.3940 0.9109
vn 0.1228 0.3940 -0.9109
vn 0.7934 -0.0001 -0.6087
vn -0.2764 -0.8910 -0.3602
vn -0.7934 0.0001 0.6087
vn 0.2764 0.8910 0.3602
vn 0.5423 -0.4540 0.7070
vn -0.5423 0.4540 -0.7070
vn 0.9915 0.0083 -0.1301
vn -0.0437 -0.9191 -0.3917
vn -0.9915 -0.0083 0.1301
vn 0.0437 0.9191 0.3917
vn 0.1228 -0.3940 0.9109
vn -0.1228 0.3940 -0.9109
vn -0.7934 -0.0001 -0.6087
vn -0.2764 0.8910 0.3602
vn 0.7934 0.0001 0.6087
vn 0.2764 -0.8910 -0.3602
vn -0.5423 -0.4540 0.7070
vn 0.5423 0.4540 -0.7070
vn -0.9915 0.0083 -0.1301
vn -0.0437 0.9191 0.3917
vn 0.9915 -0.0083 0.1301
vn 0.0437 -0.9191 -0.3917
vn 0.3007 -0.0000 -0.9537
vn -0.9537 -0.0000 -0.3007
vn -0.3007 -0.0000 0.9537
vn 0.9537 -0.0000 0.3007
vn -0.5000 -0.0000 -0.8660
vn -0.8660 -0.0000 0.5000
vn 0.5000 -0.0000 0.8660
vn 0.8660 -0.0000 -0.5000
vn -0.0000 0.1478 -0.9890
vn -0.0000 -0.1478 0.9890
vn -0.0000 0.9890 0.1478
vn -0.0000 -0.9890 -0.1478
vn -0.0000 0.0958 -0.9954
vn -0.0000 -0.0958 0.9954
vn -0.0000 0.9954 0.0958
vn -0.0000 -0.9954 -0.0958
vn 0.2878 -0.2671 -0.9197
vn -0.4996 0.7774 -0.3822
vn -0.2878 0.2671 0.9197
vn 0.4996 -0.7774 0.3822
vn -0.9893 -0.0238 -0.1437
vn -0.0783 0.9188 0.3869
vn 0.9893 0.0238 0.1437
vn 0.0783 -0.9188 -0.3869
vn -0.0000 0.8241 -0.5664
vn -0.0000 -0.8241 0.5664
vn -0.0000 0.5664 0.8241
vn -0.0000 -0.5664 -0.8241
vn -0.6124 -0.3625 -0.7025
vn -0.5752 0.8139 0.0815
vn 0.6124 0.3625 0.7025
vn 0.5752 -0.8139 -0.0815
vn -0.7859 -0.0234 -0.6179
vn -0.2971 0.8907 0.3441
vn 0.7859 0.0234 0.6179
vn 0.2971 -0.8907 -0.3441
vn -0.1429 -0.0149 -0.9896
vn -0.5655 0.8219 0.0693
vn 0.1429 0.0149 0.9896
vn 0.5655 -0.8219 -0.0693
vn -0.8123 -0.5695 0.1259
vn 0.8123 0.5695 -0.1259
vn 0.1460 0.8786 -0.4546
vn -0.1460 -0.8786 0.4546
vn -0.5416 -0.3136 -0.7800
vn 0.5416 0.3135 0.7800
vn -0.5680 0.8219 -0.0446
vn 0.5680 -0.8219 0.0446
vn -0.0000 -0.8434 -0.5373
vn -0.0000 0.8434 0.5373
vn -0.0000 -0.5373 0.8434
vn -0.0000 0.5373 -0.8434
vn 0.7859 -0.0234 -0.6179
vn -0.2971 -0.8907 -0.3441
vn -0.7859 0.0234 0.6179
vn 0.2971 0.8907 0.3441
vn 0.6124 -0.3625 -0.7025
vn -0.5752 -0.8139 -0.0815
vn -0.6124 0.3625 0.7025
vn 0.5752 0.8139 0.0815
vn 0.1460 -0.8786 0.4546
vn -0.1460 0.8786 -0.4546
vn 0.5416 -0.3136 -0.7800
vn -0.5416 0.3135 0.7800
vn -0.5680 -0.8219 0.0446
vn 0.5680 0.8219 -0.0446
vn 0.1429 -0.0149 -0.9896
vn -0.5655 -0.8219 -0.0693
vn -0.1429 0.0149 0.9896
vn 0.5655 0.8219 0.0693
vn 0.8123 -0.5695 0.1259
vn -0.8123 0.5695 -0.1259
vn 0.9477 -0.2260 -0.2255
vn -0.2947 -0.8909 -0.3456
vn -0.9477 0.2260 0.2255
vn 0.2947 0.8909 0.3456
vn 0.9893 -0.0238 -0.1437
vn -0.0783 -0.9188 -0.3869
vn -0.9893 0.0238 0.1437
vn 0.0783 0.9188 0.3869
vn -0.7373 -0.0000 -0.6756
vn -0.6756 -0.0000 0.7373
vn 0.7373 -0.0000 0.6756
vn 0.6756 -0.0000 -0.7373
vn -0.0000 -0.8870 -0.4617
vn -0.0000 0.8870 0.4617
vn -0.0000 -0.4617 0.8870
vn -0.0000 0.4617 -0.8870
vt 0.216797 0.510742
vt 0.219727 0.510742
vt 0.219727 0.514648
vt 0.216797 0.514648
vt 0.133789 0.495117
vt 0.134766 0.495117
vt 0.134766 0.499023
vt 0.133789 0.499023
vt 0.239258 0.510742
vt 0.242188 0.510742
vt 0.242188 0.514648
vt 0.239258 0.514648
vt 0.135742 0.495117
vt 0.135742 0.499023
vt 0.505859 0.940430
vt 0.502930 0.940430
vt 0.502930 0.939453
vt 0.505859 0.939453
vt 0.505859 0.938477
vt 0.502930 0.938477
vt 0.496094 0.659180
vt 0.500977 0.659180
vt 0.500977 0.660156
vt 0.496094 0.660156
vt 0.472656 0.921875
vt 0.485352 0.921875
vt 0.485352 0.922852
vt 0.472656 0.922852
vt 0.496094 0.648438
vt 0.500977 0.648438
vt 0.500977 0.649414
vt 0.496094 0.649414
vt 0.473633 0.925781
vt 0.486328 0.925781
vt 0.486328 0.926758
vt 0.473633 0.926758
vt 0.320312 0.582031
vt 0.315430 0.582031
vt 0.315430 0.569336
vt 0.320312 0.569336
vt 0.372070 0.569336
vt 0.367188 0.569336
vt 0.367188 0.582031
vt 0.372070 0.582031
vt 0.496094 0.597656
vt 0.500977 0.597656
vt 0.500977 0.598633
vt 0.496094 0.598633
vt 0.480469 0.979492
vt 0.493164 0.979492
vt 0.493164 0.980469
vt 0.480469 0.980469
vt 0.496094 0.596680
vt 0.500977 0.596680
vt 0.480469 0.967773
vt 0.493164 0.967773
vt 0.493164 0.968750
vt 0.480469 0.968750
vt 0.075195 0.579102
vt 0.070312 0.579102
vt 0.070312 0.566406
vt 0.075195 0.566406
vt 0.080078 0.566406
vt 0.080078 0.579102
vt 0.394531 0.502930
vt 0.399414 0.502930
vt 0.399414 0.503906
vt 0.394531 0.503906
vt 0.479492 0.601562
vt 0.492188 0.601562
vt 0.492188 0.602539
vt 0.479492 0.602539
vt 0.496094 0.604492
vt 0.500977 0.604492
vt 0.500977 0.605469
vt 0.496094 0.605469
vt 0.480469 0.987305
vt 0.493164 0.987305
vt 0.493164 0.988281
vt 0.480469 0.988281
vt 0.356445 0.580078
vt 0.351562 0.580078
vt 0.351562 0.567383
vt 0.356445 0.567383
vt 0.004883 0.566406
vt 0.000000 0.566406
vt 0.000000 0.579102
vt 0.004883 0.579102
vt 0.496094 0.606445
vt 0.500977 0.606445
vt 0.500977 0.607422
vt 0.496094 0.607422
vt 0.477539 0.890625
vt 0.490234 0.890625
vt 0.490234 0.891602
vt 0.477539 0.891602
vt 0.479492 0.642578
vt 0.492188 0.642578
vt 0.492188 0.643555
vt 0.479492 0.643555
vt 0.299805 0.580078
vt 0.294922 0.580078
vt 0.294922 0.567383
vt 0.299805 0.567383
vt 0.424805 0.650391
vt 0.419922 0.650391
vt 0.419922 0.663086
vt 0.424805 0.663086
vt 0.375000 0.502930
vt 0.379883 0.502930
vt 0.379883 0.503906
vt 0.375000 0.503906
vt 0.477539 0.919922
vt 0.490234 0.919922
vt 0.490234 0.920898
vt 0.477539 0.920898
vt 0.500977 0.608398
vt 0.496094 0.608398
vt 0.477539 0.897461
vt 0.490234 0.897461
vt 0.490234 0.898438
vt 0.477539 0.898438
vt 0.424805 0.771484
vt 0.419922 0.771484
vt 0.419922 0.758789
vt 0.424805 0.758789
vt 0.242188 0.567383
vt 0.237305 0.567383
vt 0.237305 0.580078
vt 0.242188 0.580078
vt 0.496094 0.626953
vt 0.500977 0.626953
vt 0.500977 0.627930
vt 0.496094 0.627930
vt 0.476562 0.959961
vt 0.489258 0.959961
vt 0.489258 0.960938
vt 0.476562 0.960938
vt 0.496094 0.625977
vt 0.500977 0.625977
vt 0.477539 0.934570
vt 0.490234 0.934570
vt 0.490234 0.935547
vt 0.477539 0.935547
vt 0.041992 0.581055
vt 0.037109 0.581055
vt 0.037109 0.568359
vt 0.041992 0.568359
vt 0.119141 0.568359
vt 0.114258 0.568359
vt 0.114258 0.581055
vt 0.119141 0.581055
vt 0.496094 0.647461
vt 0.500977 0.647461
vt 0.473633 0.799805
vt 0.486328 0.799805
vt 0.486328 0.800781
vt 0.473633 0.800781
vt 0.363281 0.502930
vt 0.368164 0.502930
vt 0.368164 0.503906
vt 0.363281 0.503906
vt 0.474609 0.704102
vt 0.487305 0.704102
vt 0.487305 0.705078
vt 0.474609 0.705078
vt 0.376953 0.582031
vt 0.376953 0.569336
vt 0.032227 0.568359
vt 0.032227 0.581055
vt 0.140625 0.497070
vt 0.141602 0.497070
vt 0.141602 0.500977
vt 0.140625 0.500977
vt 0.416016 0.985352
vt 0.432617 0.985352
vt 0.432617 0.989258
vt 0.416016 0.989258
vt 0.142578 0.497070
vt 0.142578 0.500977
vt 0.416992 0.608398
vt 0.433594 0.608398
vt 0.433594 0.612305
vt 0.416992 0.612305
vt 0.133789 0.531250
vt 0.132812 0.531250
vt 0.132812 0.514648
vt 0.133789 0.514648
vt 0.139648 0.514648
vt 0.138672 0.514648
vt 0.138672 0.531250
vt 0.139648 0.531250
vt 0.143555 0.497070
vt 0.143555 0.500977
vt 0.416992 0.604492
vt 0.433594 0.604492
vt 0.144531 0.497070
vt 0.144531 0.500977
vt 0.417969 0.949219
vt 0.434570 0.949219
vt 0.434570 0.953125
vt 0.417969 0.953125
vt 0.151367 0.531250
vt 0.150391 0.531250
vt 0.150391 0.514648
vt 0.151367 0.514648
vt 0.166992 0.514648
vt 0.166016 0.514648
vt 0.166016 0.531250
vt 0.166992 0.531250
vt 0.499023 0.850586
vt 0.500000 0.850586
vt 0.500000 0.854492
vt 0.499023 0.854492
vt 0.413086 0.918945
vt 0.430664 0.918945
vt 0.430664 0.922852
vt 0.413086 0.922852
vt 0.499023 0.841797
vt 0.500000 0.841797
vt 0.500000 0.845703
vt 0.499023 0.845703
vt 0.413086 0.915039
vt 0.430664 0.915039
vt 0.416016 0.532227
vt 0.415039 0.532227
vt 0.415039 0.514648
vt 0.416016 0.514648
vt 0.068359 0.513672
vt 0.067383 0.513672
vt 0.067383 0.531250
vt 0.068359 0.531250
vt 0.036133 0.498047
vt 0.037109 0.498047
vt 0.037109 0.502930
vt 0.036133 0.502930
vt 0.408203 0.814453
vt 0.423828 0.814453
vt 0.423828 0.819336
vt 0.408203 0.819336
vt 0.038086 0.498047
vt 0.038086 0.502930
vt 0.408203 0.744141
vt 0.423828 0.744141
vt 0.423828 0.749023
vt 0.408203 0.749023
vt 0.234375 0.591797
vt 0.233398 0.591797
vt 0.233398 0.576172
vt 0.234375 0.576172
vt 0.264648 0.512695
vt 0.263672 0.512695
vt 0.263672 0.528320
vt 0.264648 0.528320
vt 0.039062 0.498047
vt 0.039062 0.502930
vt 0.405273 0.979492
vt 0.421875 0.979492
vt 0.421875 0.984375
vt 0.405273 0.984375
vt 0.040039 0.498047
vt 0.040039 0.502930
vt 0.405273 0.751953
vt 0.421875 0.751953
vt 0.421875 0.756836
vt 0.405273 0.756836
vt 0.230469 0.531250
vt 0.229492 0.531250
vt 0.229492 0.514648
vt 0.230469 0.514648
vt 0.404297 0.514648
vt 0.403320 0.514648
vt 0.403320 0.531250
vt 0.404297 0.531250
vt 0.041016 0.498047
vt 0.041016 0.502930
vt 0.294922 0.589844
vt 0.311523 0.589844
vt 0.311523 0.594727
vt 0.294922 0.594727
vt 0.041992 0.498047
vt 0.041992 0.502930
vt 0.405273 0.617188
vt 0.421875 0.617188
vt 0.421875 0.622070
vt 0.405273 0.622070
vt 0.049805 0.530273
vt 0.048828 0.530273
vt 0.048828 0.513672
vt 0.049805 0.513672
vt 0.120117 0.513672
vt 0.119141 0.513672
vt 0.119141 0.530273
vt 0.120117 0.530273
vt 0.050781 0.498047
vt 0.051758 0.498047
vt 0.051758 0.502930
vt 0.050781 0.502930
vt 0.405273 0.612305
vt 0.421875 0.612305
vt 0.052734 0.498047
vt 0.052734 0.502930
vt 0.151367 0.588867
vt 0.167969 0.588867
vt 0.167969 0.593750
vt 0.151367 0.593750
vt 0.042969 0.529297
vt 0.041992 0.529297
vt 0.041992 0.512695
vt 0.042969 0.512695
vt 0.130859 0.512695
vt 0.129883 0.512695
vt 0.129883 0.529297
vt 0.130859 0.529297
vt 0.053711 0.498047
vt 0.053711 0.502930
vt 0.391602 0.961914
vt 0.409180 0.961914
vt 0.409180 0.966797
vt 0.391602 0.966797
vt 0.054688 0.498047
vt 0.054688 0.502930
vt 0.392578 0.800781
vt 0.410156 0.800781
vt 0.410156 0.805664
vt 0.392578 0.805664
vt 0.069336 0.531250
vt 0.069336 0.513672
vt 0.070312 0.513672
vt 0.070312 0.531250
vt 0.496094 0.668945
vt 0.500977 0.668945
vt 0.500977 0.669922
vt 0.496094 0.669922
vt 0.382812 0.967773
vt 0.395508 0.967773
vt 0.395508 0.968750
vt 0.382812 0.968750
vt 0.335938 0.502930
vt 0.340820 0.502930
vt 0.340820 0.503906
vt 0.335938 0.503906
vt 0.164062 0.593750
vt 0.164062 0.594727
vt 0.151367 0.594727
vt 0.031250 0.746094
vt 0.026367 0.746094
vt 0.026367 0.733398
vt 0.031250 0.733398
vt 0.313477 0.569336
vt 0.308594 0.569336
vt 0.308594 0.582031
vt 0.313477 0.582031
vt 0.364258 0.701172
vt 0.375977 0.701172
vt 0.375977 0.711914
vt 0.364258 0.711914
vt 0.015625 0.707031
vt 0.026367 0.707031
vt 0.026367 0.717773
vt 0.015625 0.717773
vt 0.366211 0.782227
vt 0.377930 0.782227
vt 0.377930 0.792969
vt 0.366211 0.792969
vt 0.278320 0.618164
vt 0.289062 0.618164
vt 0.289062 0.628906
vt 0.278320 0.628906
vt 0.330078 0.633789
vt 0.318359 0.633789
vt 0.318359 0.623047
vt 0.330078 0.623047
vt 0.378906 0.668945
vt 0.367188 0.668945
vt 0.367188 0.679688
vt 0.378906 0.679688
vt 0.318359 0.590820
vt 0.327148 0.590820
vt 0.327148 0.601562
vt 0.318359 0.601562
vt 0.266602 0.525391
vt 0.268555 0.525391
vt 0.268555 0.536133
vt 0.266602 0.536133
vt 0.370117 0.590820
vt 0.378906 0.590820
vt 0.378906 0.601562
vt 0.370117 0.601562
vt 0.382812 0.525391
vt 0.384766 0.525391
vt 0.384766 0.536133
vt 0.382812 0.536133
vt 0.476562 0.823242
vt 0.467773 0.823242
vt 0.467773 0.821289
vt 0.476562 0.821289
vt 0.476562 0.802734
vt 0.467773 0.802734
vt 0.467773 0.804688
vt 0.476562 0.804688
vt 0.437500 0.595703
vt 0.444336 0.595703
vt 0.444336 0.601562
vt 0.437500 0.601562
vt 0.249023 0.839844
vt 0.264648 0.839844
vt 0.264648 0.845703
vt 0.249023 0.845703
vt 0.437500 0.589844
vt 0.444336 0.589844
vt 0.390625 0.777344
vt 0.406250 0.777344
vt 0.406250 0.783203
vt 0.390625 0.783203
vt 0.382812 0.626953
vt 0.375977 0.626953
vt 0.375977 0.611328
vt 0.382812 0.611328
vt 0.325195 0.607422
vt 0.318359 0.607422
vt 0.325195 0.623047
vt 0.435547 0.663086
vt 0.443359 0.663086
vt 0.443359 0.668945
vt 0.435547 0.668945
vt 0.424805 0.879883
vt 0.434570 0.879883
vt 0.434570 0.885742
vt 0.424805 0.885742
vt 0.435547 0.567383
vt 0.443359 0.567383
vt 0.443359 0.573242
vt 0.435547 0.573242
vt 0.424805 0.583008
vt 0.434570 0.583008
vt 0.434570 0.588867
vt 0.424805 0.588867
vt 0.245117 0.589844
vt 0.237305 0.589844
vt 0.245117 0.580078
vt 0.302734 0.580078
vt 0.302734 0.589844
vt 0.091797 0.555664
vt 0.098633 0.555664
vt 0.098633 0.561523
vt 0.091797 0.561523
vt 0.398438 0.716797
vt 0.413086 0.716797
vt 0.413086 0.722656
vt 0.398438 0.722656
vt 0.136719 0.555664
vt 0.143555 0.555664
vt 0.143555 0.561523
vt 0.136719 0.561523
vt 0.401367 0.905273
vt 0.416016 0.905273
vt 0.416016 0.911133
vt 0.401367 0.911133
vt 0.177734 0.618164
vt 0.170898 0.618164
vt 0.170898 0.603516
vt 0.177734 0.603516
vt 0.209961 0.603516
vt 0.203125 0.603516
vt 0.203125 0.618164
vt 0.209961 0.618164
vt 0.436523 0.928711
vt 0.445312 0.928711
vt 0.445312 0.933594
vt 0.436523 0.933594
vt 0.233398 0.516602
vt 0.236328 0.516602
vt 0.236328 0.521484
vt 0.233398 0.521484
vt 0.436523 0.895508
vt 0.445312 0.895508
vt 0.445312 0.900391
vt 0.436523 0.900391
vt 0.245117 0.516602
vt 0.248047 0.516602
vt 0.248047 0.521484
vt 0.245117 0.521484
vt 0.466797 0.853516
vt 0.458008 0.853516
vt 0.458008 0.850586
vt 0.466797 0.850586
vt 0.466797 0.746094
vt 0.458008 0.746094
vt 0.458008 0.749023
vt 0.466797 0.749023
vt 0.461914 0.816406
vt 0.469727 0.816406
vt 0.469727 0.819336
vt 0.461914 0.819336
vt 0.482422 0.746094
vt 0.486328 0.746094
vt 0.486328 0.749023
vt 0.482422 0.749023
vt 0.409180 0.535156
vt 0.416992 0.535156
vt 0.416992 0.538086
vt 0.409180 0.538086
vt 0.482422 0.735352
vt 0.486328 0.735352
vt 0.486328 0.738281
vt 0.482422 0.738281
vt 0.458984 0.689453
vt 0.451172 0.689453
vt 0.451172 0.685547
vt 0.458984 0.685547
vt 0.458984 0.681641
vt 0.451172 0.681641
vt 0.381836 0.808594
vt 0.404297 0.808594
vt 0.404297 0.811523
vt 0.381836 0.811523
vt 0.055664 0.508789
vt 0.058594 0.508789
vt 0.058594 0.511719
vt 0.055664 0.511719
vt 0.413086 0.824219
vt 0.435547 0.824219
vt 0.435547 0.827148
vt 0.413086 0.827148
vt 0.070312 0.508789
vt 0.073242 0.508789
vt 0.073242 0.511719
vt 0.070312 0.511719
vt 0.435547 0.719727
vt 0.413086 0.719727
vt 0.435547 0.716797
vt 0.435547 0.593750
vt 0.413086 0.593750
vt 0.413086 0.596680
vt 0.435547 0.596680
vt 0.033203 0.519531
vt 0.035156 0.519531
vt 0.035156 0.524414
vt 0.033203 0.524414
vt 0.341797 0.519531
vt 0.343750 0.519531
vt 0.343750 0.524414
vt 0.341797 0.524414
vt 0.485352 0.575195
vt 0.487305 0.575195
vt 0.487305 0.580078
vt 0.485352 0.580078
vt 0.485352 0.564453
vt 0.487305 0.564453
vt 0.487305 0.569336
vt 0.485352 0.569336
vt 0.500977 0.740234
vt 0.499023 0.740234
vt 0.499023 0.738281
vt 0.500977 0.738281
vt 0.500977 0.731445
vt 0.499023 0.731445
vt 0.499023 0.733398
vt 0.500977 0.733398
vt 0.478516 0.666016
vt 0.481445 0.666016
vt 0.481445 0.670898
vt 0.478516 0.670898
vt 0.187500 0.498047
vt 0.188477 0.498047
vt 0.188477 0.502930
vt 0.187500 0.502930
vt 0.478516 0.661133
vt 0.481445 0.661133
vt 0.189453 0.498047
vt 0.189453 0.502930
vt 0.504883 0.859375
vt 0.501953 0.859375
vt 0.501953 0.858398
vt 0.504883 0.858398
vt 0.504883 0.853516
vt 0.501953 0.853516
vt 0.501953 0.854492
vt 0.504883 0.854492
vt 0.478516 0.656250
vt 0.481445 0.656250
vt 0.190430 0.498047
vt 0.190430 0.502930
vt 0.478516 0.624023
vt 0.481445 0.624023
vt 0.481445 0.628906
vt 0.478516 0.628906
vt 0.191406 0.498047
vt 0.191406 0.502930
vt 0.501953 0.852539
vt 0.504883 0.852539
vt 0.504883 0.851562
vt 0.501953 0.851562
vt 0.268555 0.497070
vt 0.269531 0.497070
vt 0.269531 0.500977
vt 0.268555 0.500977
vt 0.380859 0.751953
vt 0.405273 0.755859
vt 0.380859 0.755859
vt 0.270508 0.497070
vt 0.270508 0.500977
vt 0.406250 0.811523
vt 0.406250 0.815430
vt 0.381836 0.815430
vt 0.096680 0.549805
vt 0.095703 0.549805
vt 0.095703 0.525391
vt 0.096680 0.525391
vt 0.115234 0.525391
vt 0.114258 0.525391
vt 0.114258 0.549805
vt 0.115234 0.549805
vt 0.458008 0.496094
vt 0.458984 0.496094
vt 0.458984 0.499023
vt 0.458008 0.499023
vt 0.411133 0.820312
vt 0.435547 0.820312
vt 0.435547 0.823242
vt 0.411133 0.823242
vt 0.459961 0.496094
vt 0.459961 0.499023
vt 0.411133 0.666016
vt 0.435547 0.666016
vt 0.411133 0.668945
vt 0.389648 0.548828
vt 0.388672 0.548828
vt 0.388672 0.524414
vt 0.389648 0.524414
vt 0.003906 0.522461
vt 0.002930 0.522461
vt 0.002930 0.546875
vt 0.003906 0.546875
vt 0.399414 0.496094
vt 0.400391 0.496094
vt 0.400391 0.499023
vt 0.399414 0.499023
vt 0.407227 0.723633
vt 0.431641 0.723633
vt 0.431641 0.726562
vt 0.407227 0.726562
vt 0.414062 0.496094
vt 0.415039 0.496094
vt 0.415039 0.499023
vt 0.414062 0.499023
vt 0.410156 0.863281
vt 0.434570 0.863281
vt 0.434570 0.866211
vt 0.410156 0.866211
vt 0.314453 0.594727
vt 0.313477 0.594727
vt 0.313477 0.570312
vt 0.314453 0.570312
vt 0.345703 0.528320
vt 0.344727 0.528320
vt 0.344727 0.552734
vt 0.345703 0.552734
vt 0.474609 0.926758
vt 0.474609 0.928711
vt 0.473633 0.928711
vt 0.431641 0.848633
vt 0.456055 0.848633
vt 0.456055 0.850586
vt 0.431641 0.850586
vt 0.419922 0.524414
vt 0.420898 0.524414
vt 0.420898 0.526367
vt 0.419922 0.526367
vt 0.431641 0.833984
vt 0.456055 0.833984
vt 0.456055 0.835938
vt 0.431641 0.835938
vt 0.162109 0.551758
vt 0.161133 0.551758
vt 0.161133 0.527344
vt 0.162109 0.527344
vt 0.246094 0.527344
vt 0.245117 0.527344
vt 0.245117 0.551758
vt 0.246094 0.551758
vt 0.086914 0.508789
vt 0.088867 0.508789
vt 0.088867 0.513672
vt 0.086914 0.513672
vt 0.391602 0.875977
vt 0.401367 0.875977
vt 0.401367 0.880859
vt 0.391602 0.880859
vt 0.090820 0.508789
vt 0.090820 0.513672
vt 0.146484 0.561523
vt 0.146484 0.566406
vt 0.136719 0.566406
vt 0.156250 0.533203
vt 0.154297 0.533203
vt 0.154297 0.523438
vt 0.156250 0.523438
vt 0.244141 0.523438
vt 0.242188 0.523438
vt 0.242188 0.533203
vt 0.244141 0.533203
vt 0.488281 0.876953
vt 0.491211 0.876953
vt 0.491211 0.879883
vt 0.488281 0.879883
vt 0.192383 0.724609
vt 0.216797 0.724609
vt 0.216797 0.727539
vt 0.192383 0.727539
vt 0.133789 0.508789
vt 0.136719 0.508789
vt 0.136719 0.511719
vt 0.133789 0.511719
vt 0.430664 0.811523
vt 0.430664 0.814453
vt 0.406250 0.814453
vt 0.002930 0.603516
vt 0.000000 0.603516
vt 0.002930 0.579102
vt 0.271484 0.574219
vt 0.268555 0.574219
vt 0.268555 0.598633
vt 0.271484 0.598633
vt 0.500977 0.998047
vt 0.502930 0.998047
vt 0.502930 1.000000
vt 0.500977 1.000000
vt 0.433594 0.659180
vt 0.458008 0.659180
vt 0.458008 0.661133
vt 0.433594 0.661133
vt 0.500977 0.985352
vt 0.502930 0.985352
vt 0.502930 0.987305
vt 0.500977 0.987305
vt 0.433594 0.657227
vt 0.458008 0.657227
vt 0.004883 0.603516
vt 0.297852 0.542969
vt 0.295898 0.542969
vt 0.295898 0.567383
vt 0.297852 0.567383
vt 0.500977 0.980469
vt 0.502930 0.980469
vt 0.502930 0.982422
vt 0.500977 0.982422
vt 0.433594 0.655273
vt 0.458008 0.655273
vt 0.500977 0.975586
vt 0.502930 0.975586
vt 0.502930 0.977539
vt 0.500977 0.977539
vt 0.433594 0.653320
vt 0.458008 0.653320
vt 0.299805 0.542969
vt 0.353516 0.542969
vt 0.351562 0.542969
vt 0.353516 0.567383
vt 0.488281 0.598633
vt 0.491211 0.598633
vt 0.491211 0.601562
vt 0.488281 0.601562
vt 0.412109 0.943359
vt 0.436523 0.943359
vt 0.436523 0.946289
vt 0.412109 0.946289
vt 0.400391 0.508789
vt 0.403320 0.508789
vt 0.403320 0.511719
vt 0.400391 0.511719
vt 0.412109 0.940430
vt 0.436523 0.940430
vt 0.114258 0.595703
vt 0.111328 0.595703
vt 0.111328 0.571289
vt 0.114258 0.571289
vt 0.017578 0.570312
vt 0.014648 0.570312
vt 0.014648 0.594727
vt 0.017578 0.594727
vt 0.500977 0.929688
vt 0.501953 0.929688
vt 0.501953 0.933594
vt 0.500977 0.933594
vt 0.382812 0.856445
vt 0.407227 0.856445
vt 0.407227 0.860352
vt 0.382812 0.860352
vt 0.073242 0.495117
vt 0.074219 0.495117
vt 0.074219 0.499023
vt 0.073242 0.499023
vt 0.386719 0.819336
vt 0.411133 0.819336
vt 0.386719 0.823242
vt 0.101562 0.543945
vt 0.100586 0.543945
vt 0.100586 0.519531
vt 0.101562 0.519531
vt 0.173828 0.519531
vt 0.172852 0.519531
vt 0.172852 0.543945
vt 0.173828 0.543945
vt 0.427734 0.495117
vt 0.428711 0.495117
vt 0.428711 0.498047
vt 0.427734 0.498047
vt 0.412109 0.994141
vt 0.436523 0.994141
vt 0.436523 0.997070
vt 0.412109 0.997070
vt 0.464844 0.495117
vt 0.465820 0.495117
vt 0.465820 0.498047
vt 0.464844 0.498047
vt 0.436523 0.949219
vt 0.412109 0.949219
vt 0.063477 0.544922
vt 0.062500 0.544922
vt 0.062500 0.520508
vt 0.063477 0.520508
vt 0.099609 0.519531
vt 0.099609 0.543945
vt 0.412109 0.495117
vt 0.413086 0.495117
vt 0.413086 0.498047
vt 0.412109 0.498047
vt 0.411133 0.663086
vt 0.414062 0.495117
vt 0.414062 0.498047
vt 0.436523 1.000000
vt 0.412109 1.000000
vt 0.043945 0.544922
vt 0.042969 0.544922
vt 0.042969 0.520508
vt 0.043945 0.520508
vt 0.044922 0.520508
vt 0.044922 0.544922
vt 0.300781 0.495117
vt 0.301758 0.495117
vt 0.301758 0.497070
vt 0.300781 0.497070
vt 0.433594 0.702148
vt 0.458008 0.702148
vt 0.458008 0.704102
vt 0.433594 0.704102
vt 0.302734 0.495117
vt 0.303711 0.495117
vt 0.303711 0.497070
vt 0.302734 0.497070
vt 0.458008 0.663086
vt 0.433594 0.663086
vt 0.011719 0.545898
vt 0.010742 0.545898
vt 0.010742 0.521484
vt 0.011719 0.521484
vt 0.012695 0.521484
vt 0.012695 0.545898
vt 0.487305 0.943359
vt 0.489258 0.943359
vt 0.489258 0.948242
vt 0.487305 0.948242
vt 0.202148 0.561523
vt 0.211914 0.561523
vt 0.211914 0.566406
vt 0.202148 0.566406
vt 0.487305 0.938477
vt 0.489258 0.938477
vt 0.443359 0.704102
vt 0.443359 0.708984
vt 0.433594 0.708984
vt 0.308594 0.532227
vt 0.306641 0.532227
vt 0.306641 0.522461
vt 0.308594 0.522461
vt 0.310547 0.522461
vt 0.310547 0.532227
vt 0.500977 0.960938
vt 0.502930 0.960938
vt 0.502930 0.962891
vt 0.500977 0.962891
vt 0.433594 0.651367
vt 0.458008 0.651367
vt 0.500977 0.958008
vt 0.502930 0.958008
vt 0.502930 0.959961
vt 0.500977 0.959961
vt 0.433594 0.649414
vt 0.458008 0.649414
vt 0.355469 0.567383
vt 0.355469 0.542969
vt 0.362305 0.542969
vt 0.360352 0.542969
vt 0.360352 0.567383
vt 0.362305 0.567383
vt 0.488281 0.581055
vt 0.491211 0.581055
vt 0.491211 0.583984
vt 0.488281 0.583984
vt 0.412109 0.937500
vt 0.436523 0.937500
vt 0.422852 0.508789
vt 0.425781 0.508789
vt 0.425781 0.511719
vt 0.422852 0.511719
vt 0.412109 0.934570
vt 0.436523 0.934570
vt 0.194336 0.592773
vt 0.191406 0.592773
vt 0.191406 0.568359
vt 0.194336 0.568359
vt 0.233398 0.567383
vt 0.230469 0.567383
vt 0.230469 0.591797
vt 0.500977 0.949219
vt 0.502930 0.949219
vt 0.502930 0.951172
vt 0.500977 0.951172
vt 0.433594 0.638672
vt 0.458008 0.638672
vt 0.458008 0.640625
vt 0.433594 0.640625
vt 0.500977 0.912109
vt 0.502930 0.912109
vt 0.502930 0.914062
vt 0.500977 0.914062
vt 0.433594 0.636719
vt 0.458008 0.636719
vt 0.364258 0.567383
vt 0.364258 0.542969
vt 0.366211 0.542969
vt 0.366211 0.567383
vt 0.488281 0.529297
vt 0.491211 0.529297
vt 0.491211 0.532227
vt 0.488281 0.532227
vt 0.412109 0.930664
vt 0.436523 0.930664
vt 0.412109 0.933594
vt 0.013672 0.507812
vt 0.016602 0.507812
vt 0.016602 0.510742
vt 0.013672 0.510742
vt 0.412109 0.927734
vt 0.436523 0.927734
vt 0.324219 0.590820
vt 0.324219 0.566406
vt 0.327148 0.566406
vt 0.045898 0.565430
vt 0.042969 0.565430
vt 0.042969 0.589844
vt 0.045898 0.589844
vt 0.488281 0.820312
vt 0.491211 0.820312
vt 0.491211 0.823242
vt 0.488281 0.823242
vt 0.418945 0.845703
vt 0.429688 0.845703
vt 0.429688 0.848633
vt 0.418945 0.848633
vt 0.179688 0.508789
vt 0.182617 0.508789
vt 0.182617 0.511719
vt 0.179688 0.511719
vt 0.447266 0.935547
vt 0.458008 0.935547
vt 0.458008 0.938477
vt 0.447266 0.938477
vt 0.158203 0.551758
vt 0.158203 0.541016
vt 0.161133 0.541016
vt 0.210938 0.541016
vt 0.208008 0.541016
vt 0.208008 0.551758
vt 0.210938 0.551758
vt 0.320312 0.525391
vt 0.323242 0.525391
vt 0.323242 0.531250
vt 0.320312 0.531250
vt 0.453125 0.512695
vt 0.455078 0.512695
vt 0.455078 0.518555
vt 0.453125 0.518555
vt 0.326172 0.525391
vt 0.326172 0.531250
vt 0.158203 0.511719
vt 0.160156 0.511719
vt 0.160156 0.517578
vt 0.158203 0.517578
vt 0.104492 0.506836
vt 0.101562 0.506836
vt 0.101562 0.504883
vt 0.104492 0.504883
vt 0.228516 0.504883
vt 0.225586 0.504883
vt 0.225586 0.506836
vt 0.228516 0.506836
vt 0.156250 0.541016
vt 0.158203 0.543945
vt 0.156250 0.543945
vt 0.284180 0.541016
vt 0.286133 0.541016
vt 0.286133 0.543945
vt 0.284180 0.543945
vt 0.371094 0.541016
vt 0.373047 0.541016
vt 0.373047 0.543945
vt 0.371094 0.543945
vt 0.472656 0.827148
vt 0.474609 0.827148
vt 0.474609 0.830078
vt 0.472656 0.830078
vt 0.500977 0.722656
vt 0.499023 0.722656
vt 0.499023 0.720703
vt 0.500977 0.720703
vt 0.500977 0.718750
vt 0.499023 0.718750
vt 0.497070 0.862305
vt 0.501953 0.862305
vt 0.501953 0.863281
vt 0.497070 0.863281
vt 0.495117 0.889648
vt 0.500977 0.889648
vt 0.500977 0.890625
vt 0.495117 0.890625
vt 0.497070 0.861328
vt 0.501953 0.861328
vt 0.113281 0.503906
vt 0.119141 0.503906
vt 0.119141 0.504883
vt 0.113281 0.504883
vt 0.027344 0.546875
vt 0.022461 0.546875
vt 0.022461 0.541016
vt 0.027344 0.541016
vt 0.185547 0.541016
vt 0.180664 0.541016
vt 0.180664 0.546875
vt 0.185547 0.546875
vt 0.478516 0.545898
vt 0.481445 0.545898
vt 0.481445 0.550781
vt 0.478516 0.550781
vt 0.199219 0.498047
vt 0.200195 0.498047
vt 0.200195 0.502930
vt 0.199219 0.502930
vt 0.478516 0.537109
vt 0.481445 0.537109
vt 0.481445 0.541992
vt 0.478516 0.541992
vt 0.201172 0.498047
vt 0.201172 0.502930
vt 0.501953 0.850586
vt 0.504883 0.850586
vt 0.153320 0.497070
vt 0.150391 0.497070
vt 0.150391 0.498047
vt 0.153320 0.498047
vt 0.194336 0.535156
vt 0.199219 0.535156
vt 0.199219 0.540039
vt 0.194336 0.540039
vt 0.104492 0.508789
vt 0.106445 0.508789
vt 0.106445 0.513672
vt 0.104492 0.513672
vt 0.203125 0.535156
vt 0.208008 0.535156
vt 0.208008 0.540039
vt 0.203125 0.540039
vt 0.109375 0.508789
vt 0.111328 0.508789
vt 0.111328 0.513672
vt 0.109375 0.513672
vt 0.458008 0.767578
vt 0.453125 0.767578
vt 0.453125 0.765625
vt 0.458008 0.765625
vt 0.490234 0.588867
vt 0.485352 0.588867
vt 0.485352 0.590820
vt 0.490234 0.590820
vt 0.416992 0.516602
vt 0.419922 0.516602
vt 0.419922 0.521484
vt 0.416992 0.521484
vt 0.441406 0.516602
vt 0.444336 0.516602
vt 0.444336 0.521484
vt 0.441406 0.521484
vt 0.447266 0.516602
vt 0.447266 0.521484
vt 0.481445 0.555664
vt 0.478516 0.555664
vt 0.491211 0.834961
vt 0.488281 0.834961
vt 0.488281 0.832031
vt 0.491211 0.832031
vt 0.176758 0.508789
vt 0.176758 0.511719
vt 0.382812 0.512695
vt 0.384766 0.512695
vt 0.384766 0.518555
vt 0.382812 0.518555
vt 0.147461 0.525391
vt 0.150391 0.525391
vt 0.147461 0.531250
vt 0.439453 0.512695
vt 0.441406 0.512695
vt 0.441406 0.518555
vt 0.439453 0.518555
vt 0.163086 0.525391
vt 0.166016 0.525391
vt 0.163086 0.531250
vt 0.444336 0.547852
vt 0.442383 0.547852
vt 0.442383 0.544922
vt 0.444336 0.544922
vt 0.454102 0.541992
vt 0.452148 0.541992
vt 0.452148 0.544922
vt 0.454102 0.544922
vt 0.168945 0.543945
vt 0.173828 0.550781
vt 0.168945 0.550781
vt 0.308594 0.543945
vt 0.313477 0.543945
vt 0.313477 0.550781
vt 0.308594 0.550781
vt 0.391602 0.543945
vt 0.396484 0.543945
vt 0.396484 0.550781
vt 0.391602 0.550781
vt 0.405273 0.543945
vt 0.410156 0.543945
vt 0.410156 0.550781
vt 0.405273 0.550781
vt 0.463867 0.548828
vt 0.458984 0.548828
vt 0.458984 0.543945
vt 0.463867 0.543945
vt 0.464844 0.910156
vt 0.459961 0.910156
vt 0.459961 0.915039
vt 0.464844 0.915039
vt 0.498047 0.934570
vt 0.498047 0.935547
vt 0.499023 0.876953
vt 0.502930 0.876953
vt 0.502930 0.877930
vt 0.499023 0.877930
vt 0.498047 0.919922
vt 0.498047 0.920898
vt 0.499023 0.863281
vt 0.502930 0.863281
vt 0.502930 0.864258
vt 0.499023 0.864258
vt 0.458984 0.625000
vt 0.451172 0.625000
vt 0.451172 0.621094
vt 0.458984 0.621094
vt 0.458984 0.617188
vt 0.451172 0.617188
vt 0.081055 0.503906
vt 0.086914 0.503906
vt 0.086914 0.504883
vt 0.081055 0.504883
vt 0.092773 0.503906
vt 0.092773 0.504883
vt 0.495117 0.901367
vt 0.500977 0.901367
vt 0.500977 0.902344
vt 0.495117 0.902344
vt 0.495117 0.891602
vt 0.500977 0.891602
vt 0.500977 0.892578
vt 0.495117 0.892578
vt 0.411133 0.556641
vt 0.405273 0.556641
vt 0.411133 0.550781
vt 0.416992 0.550781
vt 0.416992 0.556641
vt 0.448242 0.789062
vt 0.453125 0.789062
vt 0.453125 0.795898
vt 0.448242 0.795898
vt 0.448242 0.764648
vt 0.453125 0.764648
vt 0.453125 0.771484
vt 0.448242 0.771484
vt 0.449219 0.544922
vt 0.449219 0.551758
vt 0.444336 0.551758
vt 0.449219 0.987305
vt 0.454102 0.987305
vt 0.454102 0.994141
vt 0.449219 0.994141
vt 0.463867 0.584961
vt 0.458984 0.584961
vt 0.458984 0.580078
vt 0.463867 0.580078
vt 0.458984 0.553711
vt 0.463867 0.553711
vt 0.433594 0.605469
vt 0.440430 0.605469
vt 0.440430 0.612305
vt 0.428711 0.528320
vt 0.431641 0.528320
vt 0.431641 0.535156
vt 0.428711 0.535156
vt 0.434570 0.677734
vt 0.441406 0.677734
vt 0.441406 0.684570
vt 0.434570 0.684570
vt 0.449219 0.528320
vt 0.452148 0.528320
vt 0.452148 0.535156
vt 0.449219 0.535156
vt 0.473633 0.743164
vt 0.466797 0.743164
vt 0.466797 0.740234
vt 0.473633 0.740234
vt 0.473633 0.734375
vt 0.466797 0.734375
vt 0.466797 0.737305
vt 0.473633 0.737305
vt 0.265625 0.546875
vt 0.270508 0.546875
vt 0.270508 0.553711
vt 0.265625 0.553711
vt 0.203125 0.545898
vt 0.208008 0.545898
vt 0.208008 0.552734
vt 0.203125 0.552734
vt 0.447266 0.716797
vt 0.452148 0.716797
vt 0.452148 0.723633
vt 0.447266 0.723633
vt 0.448242 0.921875
vt 0.453125 0.921875
vt 0.453125 0.928711
vt 0.448242 0.928711
vt 0.385742 0.541016
vt 0.380859 0.541016
vt 0.380859 0.536133
vt 0.385742 0.536133
vt 0.463867 0.608398
vt 0.458984 0.608398
vt 0.458984 0.613281
vt 0.463867 0.613281
vt 0.449219 0.820312
vt 0.458984 0.820312
vt 0.458984 0.823242
vt 0.449219 0.823242
vt 0.488281 0.844727
vt 0.491211 0.844727
vt 0.491211 0.847656
vt 0.488281 0.847656
vt 0.449219 0.633789
vt 0.458984 0.633789
vt 0.458984 0.636719
vt 0.449219 0.636719
vt 0.161133 0.508789
vt 0.164062 0.508789
vt 0.164062 0.511719
vt 0.161133 0.511719
vt 0.459961 0.953125
vt 0.450195 0.953125
vt 0.450195 0.950195
vt 0.459961 0.950195
vt 0.459961 0.831055
vt 0.450195 0.831055
vt 0.450195 0.833984
vt 0.459961 0.833984
vt 0.239258 0.708008
vt 0.252930 0.708008
vt 0.252930 0.710938
vt 0.239258 0.710938
vt 0.488281 0.863281
vt 0.491211 0.863281
vt 0.491211 0.866211
vt 0.488281 0.866211
vt 0.389648 0.758789
vt 0.403320 0.758789
vt 0.403320 0.761719
vt 0.389648 0.761719
vt 0.147461 0.508789
vt 0.150391 0.508789
vt 0.150391 0.511719
vt 0.147461 0.511719
vt 0.449219 0.827148
vt 0.449219 0.824219
vt 0.472656 0.706055
vt 0.477539 0.706055
vt 0.477539 0.708984
vt 0.472656 0.708984
vt 0.458984 0.916992
vt 0.467773 0.916992
vt 0.467773 0.919922
vt 0.458984 0.919922
vt 0.473633 0.811523
vt 0.478516 0.811523
vt 0.478516 0.814453
vt 0.473633 0.814453
vt 0.458984 0.857422
vt 0.467773 0.857422
vt 0.467773 0.860352
vt 0.458984 0.860352
vt 0.292969 0.563477
vt 0.288086 0.563477
vt 0.288086 0.554688
vt 0.292969 0.554688
vt 0.330078 0.554688
vt 0.325195 0.554688
vt 0.325195 0.563477
vt 0.330078 0.563477
vt 0.432617 0.986328
vt 0.449219 0.986328
vt 0.449219 0.989258
vt 0.466797 0.769531
vt 0.473633 0.769531
vt 0.473633 0.772461
vt 0.466797 0.772461
vt 0.070312 0.563477
vt 0.086914 0.563477
vt 0.086914 0.566406
vt 0.473633 0.746094
vt 0.473633 0.749023
vt 0.074219 0.744141
vt 0.057617 0.744141
vt 0.057617 0.737305
vt 0.074219 0.737305
vt 0.389648 0.726562
vt 0.373047 0.726562
vt 0.373047 0.733398
vt 0.389648 0.733398
vt 0.246094 0.501953
vt 0.247070 0.501953
vt 0.247070 0.507812
vt 0.246094 0.507812
vt 0.334961 0.501953
vt 0.335938 0.501953
vt 0.335938 0.507812
vt 0.334961 0.507812
vt 0.345703 0.501953
vt 0.346680 0.501953
vt 0.346680 0.507812
vt 0.345703 0.507812
vt 0.354492 0.501953
vt 0.355469 0.501953
vt 0.355469 0.507812
vt 0.354492 0.507812
vt 0.445312 0.497070
vt 0.444336 0.497070
vt 0.444336 0.496094
vt 0.445312 0.496094
vt 0.446289 0.496094
vt 0.446289 0.497070
vt 0.317383 0.507812
vt 0.321289 0.507812
vt 0.321289 0.509766
vt 0.317383 0.509766
vt 0.324219 0.507812
vt 0.328125 0.507812
vt 0.328125 0.509766
vt 0.324219 0.509766
vt 0.490234 0.666992
vt 0.494141 0.666992
vt 0.494141 0.668945
vt 0.490234 0.668945
vt 0.490234 0.665039
vt 0.494141 0.665039
vt 0.476562 0.996094
vt 0.472656 0.996094
vt 0.472656 0.992188
vt 0.476562 0.992188
vt 0.476562 0.988281
vt 0.472656 0.988281
vt 0.084961 0.540039
vt 0.088867 0.540039
vt 0.088867 0.546875
vt 0.084961 0.546875
vt 0.128906 0.540039
vt 0.132812 0.540039
vt 0.132812 0.546875
vt 0.128906 0.546875
vt 0.258789 0.540039
vt 0.262695 0.540039
vt 0.262695 0.546875
vt 0.258789 0.546875
vt 0.320312 0.540039
vt 0.324219 0.540039
vt 0.324219 0.546875
vt 0.320312 0.546875
vt 0.474609 0.528320
vt 0.470703 0.528320
vt 0.470703 0.524414
vt 0.474609 0.524414
vt 0.472656 1.000000
vt 0.476562 1.000000
vt 0.420898 0.528320
vt 0.423828 0.528320
vt 0.423828 0.535156
vt 0.420898 0.535156
vt 0.078125 0.501953
vt 0.079102 0.501953
vt 0.079102 0.508789
vt 0.078125 0.508789
vt 0.426758 0.528320
vt 0.426758 0.535156
vt 0.092773 0.501953
vt 0.093750 0.501953
vt 0.093750 0.508789
vt 0.092773 0.508789
vt 0.504883 0.863281
vt 0.504883 0.862305
vt 0.504883 0.861328
vt 0.302734 0.528320
vt 0.305664 0.528320
vt 0.305664 0.535156
vt 0.302734 0.535156
vt 0.467773 0.502930
vt 0.468750 0.502930
vt 0.468750 0.509766
vt 0.467773 0.509766
vt 0.351562 0.528320
vt 0.354492 0.528320
vt 0.354492 0.535156
vt 0.351562 0.535156
vt 0.057617 0.501953
vt 0.058594 0.501953
vt 0.057617 0.508789
vt 0.504883 0.868164
vt 0.501953 0.868164
vt 0.501953 0.867188
vt 0.504883 0.867188
vt 0.504883 0.866211
vt 0.501953 0.866211
vt 0.324219 0.633789
vt 0.324219 0.640625
vt 0.318359 0.640625
vt 0.385742 0.569336
vt 0.389648 0.569336
vt 0.389648 0.576172
vt 0.385742 0.576172
vt 0.143555 0.554688
vt 0.149414 0.554688
vt 0.149414 0.561523
vt 0.005859 0.540039
vt 0.009766 0.540039
vt 0.009766 0.546875
vt 0.005859 0.546875
vt 0.468750 0.883789
vt 0.462891 0.883789
vt 0.462891 0.879883
vt 0.468750 0.879883
vt 0.468750 0.870117
vt 0.462891 0.870117
vt 0.462891 0.874023
vt 0.468750 0.874023
vt 0.137695 0.497070
vt 0.138672 0.497070
vt 0.138672 0.501953
vt 0.137695 0.501953
vt 0.145508 0.497070
vt 0.145508 0.501953
vt 0.144531 0.501953
vt 0.146484 0.497070
vt 0.146484 0.501953
vt 0.147461 0.497070
vt 0.147461 0.501953
vt 0.069336 0.496094
vt 0.068359 0.496094
vt 0.068359 0.495117
vt 0.069336 0.495117
vt 0.070312 0.495117
vt 0.070312 0.496094
vt 0.163086 0.497070
vt 0.164062 0.497070
vt 0.164062 0.501953
vt 0.163086 0.501953
vt 0.172852 0.497070
vt 0.173828 0.497070
vt 0.173828 0.501953
vt 0.172852 0.501953
vt 0.174805 0.497070
vt 0.174805 0.501953
vt 0.175781 0.497070
vt 0.175781 0.501953
vt 0.077148 0.496094
vt 0.076172 0.496094
vt 0.076172 0.495117
vt 0.077148 0.495117
vt 0.078125 0.495117
vt 0.078125 0.496094
vt 0.176758 0.497070
vt 0.176758 0.501953
vt 0.177734 0.497070
vt 0.177734 0.501953
vt 0.178711 0.497070
vt 0.178711 0.501953
vt 0.179688 0.497070
vt 0.179688 0.501953
vt 0.079102 0.496094
vt 0.079102 0.495117
vt 0.080078 0.495117
vt 0.080078 0.496094
vt 0.425781 0.771484
vt 0.451172 0.771484
vt 0.451172 0.773438
vt 0.425781 0.773438
vt 0.400391 0.990234
vt 0.405273 0.990234
vt 0.405273 0.992188
vt 0.400391 0.992188
vt 0.426758 0.712891
vt 0.452148 0.712891
vt 0.452148 0.714844
vt 0.426758 0.714844
vt 0.400391 0.923828
vt 0.405273 0.923828
vt 0.405273 0.925781
vt 0.400391 0.925781
vt 0.387695 0.650391
vt 0.362305 0.650391
vt 0.362305 0.645508
vt 0.387695 0.645508
vt 0.365234 0.777344
vt 0.365234 0.782227
vt 0.390625 0.782227
vt 0.180664 0.497070
vt 0.180664 0.501953
vt 0.181641 0.497070
vt 0.181641 0.501953
vt 0.184570 0.497070
vt 0.185547 0.497070
vt 0.185547 0.501953
vt 0.184570 0.501953
vt 0.186523 0.497070
vt 0.186523 0.501953
vt 0.081055 0.496094
vt 0.081055 0.495117
vt 0.082031 0.495117
vt 0.082031 0.496094
vt 0.149414 0.497070
vt 0.150391 0.501953
vt 0.149414 0.501953
vt 0.156250 0.497070
vt 0.157227 0.497070
vt 0.157227 0.501953
vt 0.156250 0.501953
vt 0.158203 0.497070
vt 0.158203 0.501953
vt 0.159180 0.497070
vt 0.159180 0.501953
vt 0.071289 0.496094
vt 0.071289 0.495117
vt 0.075195 0.495117
vt 0.075195 0.496094
vt 0.151367 0.498047
vt 0.152344 0.498047
vt 0.152344 0.502930
vt 0.151367 0.502930
vt 0.153320 0.502930
vt 0.154297 0.498047
vt 0.154297 0.502930
vt 0.155273 0.498047
vt 0.155273 0.502930
vt 0.437500 0.497070
vt 0.436523 0.497070
vt 0.436523 0.496094
vt 0.437500 0.496094
vt 0.503906 0.562500
vt 0.502930 0.562500
vt 0.502930 0.563477
vt 0.503906 0.563477
vt 0.502930 0.816406
vt 0.505859 0.816406
vt 0.505859 0.817383
vt 0.502930 0.817383
vt 0.269531 0.495117
vt 0.270508 0.495117
vt 0.270508 0.496094
vt 0.269531 0.496094
vt 0.502930 0.814453
vt 0.505859 0.814453
vt 0.505859 0.815430
vt 0.502930 0.815430
vt 0.271484 0.495117
vt 0.271484 0.496094
vt 0.502930 0.813477
vt 0.505859 0.813477
vt 0.505859 0.812500
vt 0.502930 0.812500
vt 0.488281 0.794922
vt 0.491211 0.794922
vt 0.491211 0.797852
vt 0.488281 0.797852
vt 0.164062 0.495117
vt 0.165039 0.495117
vt 0.165039 0.498047
vt 0.164062 0.498047
vt 0.206055 0.508789
vt 0.208984 0.508789
vt 0.208984 0.511719
vt 0.206055 0.511719
vt 0.166016 0.495117
vt 0.166016 0.498047
vt 0.504883 0.835938
vt 0.501953 0.835938
vt 0.501953 0.834961
vt 0.504883 0.834961
vt 0.504883 0.833984
vt 0.501953 0.833984
vt 0.025391 0.520508
vt 0.027344 0.520508
vt 0.027344 0.524414
vt 0.025391 0.524414
vt 0.499023 0.680664
vt 0.500000 0.680664
vt 0.500000 0.684570
vt 0.499023 0.684570
vt 0.422852 0.520508
vt 0.424805 0.520508
vt 0.424805 0.524414
vt 0.422852 0.524414
vt 0.324219 0.497070
vt 0.325195 0.497070
vt 0.325195 0.500977
vt 0.324219 0.500977
vt 0.449219 0.508789
vt 0.447266 0.508789
vt 0.447266 0.507812
vt 0.449219 0.507812
vt 0.020508 0.506836
vt 0.018555 0.506836
vt 0.018555 0.507812
vt 0.020508 0.507812
vt 0.105469 0.712891
vt 0.131836 0.712891
vt 0.131836 0.741211
vt 0.105469 0.741211
vt 0.291992 0.526367
vt 0.292969 0.526367
vt 0.291992 0.554688
vt 0.158203 0.712891
vt 0.158203 0.741211
vt 0.251953 0.524414
vt 0.252930 0.524414
vt 0.252930 0.552734
vt 0.251953 0.552734
vt 0.478516 0.718750
vt 0.452148 0.718750
vt 0.452148 0.717773
vt 0.478516 0.717773
vt 0.478516 0.716797
vt 0.000000 0.717773
vt 0.000000 0.746094
vt 0.025391 0.634766
vt 0.026367 0.634766
vt 0.026367 0.663086
vt 0.025391 0.663086
vt 0.166016 0.713867
vt 0.192383 0.713867
vt 0.192383 0.742188
vt 0.166016 0.742188
vt 0.265625 0.571289
vt 0.266602 0.571289
vt 0.266602 0.599609
vt 0.265625 0.599609
vt 0.369141 0.967773
vt 0.369141 0.966797
vt 0.395508 0.966797
vt 0.475586 0.986328
vt 0.475586 0.987305
vt 0.156250 0.498047
vt 0.471680 0.518555
vt 0.473633 0.518555
vt 0.473633 0.519531
vt 0.471680 0.519531
vt 0.501953 0.844727
vt 0.504883 0.844727
vt 0.504883 0.845703
vt 0.501953 0.845703
vt 0.482422 0.646484
vt 0.484375 0.646484
vt 0.484375 0.647461
vt 0.482422 0.647461
vt 0.044922 0.506836
vt 0.041992 0.506836
vt 0.041992 0.504883
vt 0.044922 0.504883
vt 0.090820 0.504883
vt 0.087891 0.504883
vt 0.087891 0.506836
vt 0.090820 0.506836
vt 0.488281 0.808594
vt 0.491211 0.808594
vt 0.491211 0.811523
vt 0.488281 0.811523
vt 0.041016 0.495117
vt 0.041992 0.495117
vt 0.190430 0.508789
vt 0.193359 0.508789
vt 0.193359 0.511719
vt 0.190430 0.511719
vt 0.060547 0.495117
vt 0.061523 0.495117
vt 0.061523 0.498047
vt 0.060547 0.498047
vt 0.501953 0.843750
vt 0.504883 0.843750
vt 0.504883 0.842773
vt 0.501953 0.842773
vt 0.289062 0.504883
vt 0.291992 0.504883
vt 0.291992 0.506836
vt 0.289062 0.506836
vt 0.490234 0.663086
vt 0.494141 0.663086
vt 0.377930 0.504883
vt 0.380859 0.504883
vt 0.380859 0.506836
vt 0.377930 0.506836
vt 0.490234 0.661133
vt 0.494141 0.661133
vt 0.485352 0.729492
vt 0.482422 0.729492
vt 0.482422 0.725586
vt 0.485352 0.725586
vt 0.485352 0.721680
vt 0.482422 0.721680
vt 0.015625 0.510742
vt 0.015625 0.511719
vt 0.013672 0.511719
vt 0.501953 0.841797
vt 0.504883 0.841797
vt 0.271484 0.507812
vt 0.273438 0.507812
vt 0.273438 0.508789
vt 0.271484 0.508789
vt 0.501953 0.839844
vt 0.504883 0.839844
vt 0.504883 0.840820
vt 0.501953 0.840820
vt 0.191406 0.527344
vt 0.189453 0.527344
vt 0.189453 0.524414
vt 0.191406 0.524414
vt 0.254883 0.524414
vt 0.252930 0.527344
vt 0.254883 0.527344
vt 0.447266 0.496094
vt 0.447266 0.497070
vt 0.465820 0.569336
vt 0.481445 0.569336
vt 0.481445 0.570312
vt 0.465820 0.570312
vt 0.502930 0.552734
vt 0.503906 0.552734
vt 0.503906 0.553711
vt 0.502930 0.553711
vt 0.466797 0.924805
vt 0.482422 0.924805
vt 0.482422 0.925781
vt 0.466797 0.925781
vt 0.304688 0.528320
vt 0.304688 0.512695
vt 0.305664 0.512695
vt 0.336914 0.512695
vt 0.335938 0.512695
vt 0.335938 0.528320
vt 0.336914 0.528320
vt 0.485352 0.633789
vt 0.488281 0.633789
vt 0.488281 0.637695
vt 0.485352 0.637695
vt 0.323242 0.495117
vt 0.324219 0.495117
vt 0.324219 0.499023
vt 0.323242 0.499023
vt 0.369141 0.510742
vt 0.372070 0.510742
vt 0.372070 0.514648
vt 0.369141 0.514648
vt 0.342773 0.495117
vt 0.343750 0.495117
vt 0.343750 0.499023
vt 0.342773 0.499023
vt 0.181641 0.496094
vt 0.184570 0.496094
vt 0.502930 0.818359
vt 0.505859 0.818359
vt 0.479492 0.628906
vt 0.484375 0.628906
vt 0.484375 0.631836
vt 0.479492 0.631836
vt 0.157227 0.494141
vt 0.158203 0.494141
vt 0.479492 0.581055
vt 0.484375 0.581055
vt 0.484375 0.583984
vt 0.479492 0.583984
vt 0.159180 0.494141
vt 0.502930 0.522461
vt 0.498047 0.522461
vt 0.498047 0.521484
vt 0.502930 0.521484
vt 0.502930 0.520508
vt 0.498047 0.520508
vt 0.108398 0.511719
vt 0.109375 0.511719
vt 0.109375 0.528320
vt 0.108398 0.528320
vt 0.225586 0.511719
vt 0.226562 0.511719
vt 0.226562 0.528320
vt 0.225586 0.528320
vt 0.227539 0.511719
vt 0.227539 0.528320
vt 0.228516 0.511719
vt 0.228516 0.528320
vt 0.504883 0.732422
vt 0.503906 0.732422
vt 0.503906 0.731445
vt 0.504883 0.731445
vt 0.268555 0.495117
vt 0.268555 0.496094
vt 0.482422 0.717773
vt 0.485352 0.717773
vt 0.291992 0.497070
vt 0.292969 0.497070
vt 0.292969 0.500977
vt 0.291992 0.500977
vt 0.482422 0.713867
vt 0.485352 0.713867
vt 0.294922 0.497070
vt 0.295898 0.497070
vt 0.295898 0.500977
vt 0.294922 0.500977
vt 0.504883 0.837891
vt 0.501953 0.837891
vt 0.501953 0.836914
vt 0.504883 0.836914
vt 0.474609 0.577148
vt 0.479492 0.577148
vt 0.479492 0.580078
vt 0.474609 0.580078
vt 0.072266 0.495117
vt 0.073242 0.498047
vt 0.072266 0.498047
vt 0.475586 0.979492
vt 0.480469 0.982422
vt 0.475586 0.982422
vt 0.103516 0.495117
vt 0.104492 0.495117
vt 0.104492 0.498047
vt 0.103516 0.498047
vt 0.501953 0.832031
vt 0.497070 0.832031
vt 0.497070 0.831055
vt 0.501953 0.831055
vt 0.501953 0.830078
vt 0.497070 0.830078
vt 0.268555 0.512695
vt 0.269531 0.512695
vt 0.269531 0.529297
vt 0.268555 0.529297
vt 0.270508 0.512695
vt 0.270508 0.529297
vt 0.285156 0.512695
vt 0.286133 0.512695
vt 0.286133 0.529297
vt 0.285156 0.529297
vt 0.356445 0.512695
vt 0.357422 0.512695
vt 0.357422 0.529297
vt 0.356445 0.529297
vt 0.448242 0.497070
vt 0.448242 0.496094
vt 0.449219 0.496094
vt 0.449219 0.497070
vt 0.105469 0.766602
vt 0.107422 0.766602
vt 0.107422 0.797852
vt 0.105469 0.797852
vt 0.289062 0.659180
vt 0.298828 0.659180
vt 0.298828 0.690430
vt 0.289062 0.690430
vt 0.021484 0.583008
vt 0.023438 0.583008
vt 0.023438 0.614258
vt 0.021484 0.614258
vt 0.308594 0.659180
vt 0.308594 0.690430
vt 0.408203 0.534180
vt 0.406250 0.534180
vt 0.406250 0.524414
vt 0.408203 0.524414
vt 0.122070 0.523438
vt 0.120117 0.523438
vt 0.120117 0.533203
vt 0.122070 0.533203
vt 0.286133 0.555664
vt 0.288086 0.555664
vt 0.288086 0.586914
vt 0.286133 0.586914
vt 0.318359 0.659180
vt 0.318359 0.690430
vt 0.189453 0.554688
vt 0.191406 0.554688
vt 0.191406 0.585938
vt 0.189453 0.585938
vt 0.000000 0.658203
vt 0.009766 0.658203
vt 0.009766 0.689453
vt 0.000000 0.689453
vt 0.124023 0.533203
vt 0.124023 0.523438
vt 0.152344 0.523438
vt 0.152344 0.533203
vt 0.012695 0.556641
vt 0.014648 0.556641
vt 0.014648 0.584961
vt 0.012695 0.584961
vt 0.083984 0.708984
vt 0.099609 0.708984
vt 0.099609 0.737305
vt 0.083984 0.737305
vt 0.021484 0.554688
vt 0.023438 0.554688
vt 0.015625 0.689453
vt 0.239258 0.687500
vt 0.237305 0.687500
vt 0.237305 0.671875
vt 0.239258 0.671875
vt 0.104492 0.539062
vt 0.102539 0.539062
vt 0.102539 0.554688
vt 0.104492 0.554688
vt 0.104492 0.583008
vt 0.102539 0.583008
vt 0.158203 0.685547
vt 0.172852 0.685547
vt 0.172852 0.713867
vt 0.158203 0.713867
vt 0.126953 0.553711
vt 0.128906 0.553711
vt 0.128906 0.582031
vt 0.126953 0.582031
vt 0.187500 0.685547
vt 0.187500 0.713867
vt 0.126953 0.539062
vt 0.128906 0.539062
vt 0.291992 0.534180
vt 0.290039 0.534180
vt 0.290039 0.548828
vt 0.291992 0.548828
vt 0.487305 0.550781
vt 0.496094 0.550781
vt 0.496094 0.551758
vt 0.487305 0.551758
vt 0.501953 0.838867
vt 0.504883 0.838867
vt 0.487305 0.538086
vt 0.496094 0.538086
vt 0.496094 0.539062
vt 0.487305 0.539062
vt 0.467773 0.827148
vt 0.458984 0.827148
vt 0.458984 0.824219
vt 0.467773 0.824219
vt 0.467773 0.820312
vt 0.461914 0.584961
vt 0.467773 0.584961
vt 0.467773 0.588867
vt 0.461914 0.588867
vt 0.373047 0.913086
vt 0.382812 0.913086
vt 0.382812 0.916992
vt 0.373047 0.916992
vt 0.461914 0.538086
vt 0.467773 0.538086
vt 0.467773 0.541992
vt 0.461914 0.541992
vt 0.439453 0.903320
vt 0.449219 0.903320
vt 0.449219 0.907227
vt 0.439453 0.907227
vt 0.142578 0.576172
vt 0.136719 0.576172
vt 0.142578 0.566406
vt 0.202148 0.565430
vt 0.196289 0.565430
vt 0.196289 0.575195
vt 0.202148 0.575195
vt 0.377930 0.650391
vt 0.387695 0.653320
vt 0.377930 0.653320
vt 0.076172 0.508789
vt 0.076172 0.511719
vt 0.448242 0.850586
vt 0.448242 0.853516
vt 0.079102 0.511719
vt 0.458008 0.838867
vt 0.448242 0.838867
vt 0.448242 0.835938
vt 0.458008 0.835938
vt 0.412109 0.524414
vt 0.412109 0.528320
vt 0.408203 0.528320
vt 0.199219 0.513672
vt 0.202148 0.513672
vt 0.202148 0.517578
vt 0.199219 0.517578
vt 0.424805 0.528320
vt 0.230469 0.513672
vt 0.233398 0.513672
vt 0.233398 0.517578
vt 0.230469 0.517578
vt 0.482422 0.732422
vt 0.486328 0.732422
vt 0.486328 0.729492
vt 0.407227 0.496094
vt 0.408203 0.496094
vt 0.408203 0.497070
vt 0.407227 0.497070
vt 0.492188 0.717773
vt 0.499023 0.717773
vt 0.492188 0.718750
vt 0.502930 0.591797
vt 0.503906 0.591797
vt 0.503906 0.592773
vt 0.502930 0.592773
vt 0.492188 0.716797
vt 0.499023 0.716797
vt 0.263672 0.509766
vt 0.262695 0.509766
vt 0.262695 0.502930
vt 0.263672 0.502930
vt 0.310547 0.502930
vt 0.309570 0.502930
vt 0.309570 0.509766
vt 0.310547 0.509766
vt 0.409180 0.496094
vt 0.409180 0.497070
vt 0.497070 0.974609
vt 0.501953 0.974609
vt 0.501953 0.975586
vt 0.497070 0.975586
vt 0.410156 0.496094
vt 0.410156 0.497070
vt 0.497070 0.973633
vt 0.501953 0.973633
vt 0.083984 0.502930
vt 0.083008 0.502930
vt 0.083008 0.498047
vt 0.083984 0.498047
vt 0.084961 0.498047
vt 0.084961 0.502930
vt 0.411133 0.496094
vt 0.411133 0.497070
vt 0.412109 0.496094
vt 0.412109 0.497070
vt 0.502930 0.587891
vt 0.503906 0.587891
vt 0.503906 0.588867
vt 0.502930 0.588867
vt 0.502930 0.586914
vt 0.503906 0.586914
vt 0.416016 0.497070
vt 0.415039 0.497070
vt 0.416016 0.496094
vt 0.416992 0.496094
vt 0.416992 0.497070
vt 0.417969 0.496094
vt 0.417969 0.497070
vt 0.121094 0.501953
vt 0.125977 0.501953
vt 0.125977 0.502930
vt 0.121094 0.502930
vt 0.502930 0.581055
vt 0.503906 0.581055
vt 0.503906 0.582031
vt 0.502930 0.582031
vt 0.130859 0.501953
vt 0.130859 0.502930
vt 0.101562 0.502930
vt 0.100586 0.502930
vt 0.100586 0.498047
vt 0.101562 0.498047
vt 0.102539 0.498047
vt 0.102539 0.502930
vt 0.192383 0.498047
vt 0.192383 0.502930
vt 0.485352 0.550781
vt 0.487305 0.555664
vt 0.485352 0.555664
vt 0.198242 0.498047
vt 0.198242 0.502930
vt 0.485352 0.537109
vt 0.487305 0.537109
vt 0.487305 0.541992
vt 0.485352 0.541992
vt 0.476562 0.848633
vt 0.475586 0.848633
vt 0.475586 0.846680
vt 0.476562 0.846680
vt 0.477539 0.862305
vt 0.476562 0.862305
vt 0.476562 0.864258
vt 0.477539 0.864258
vt 0.486328 0.995117
vt 0.488281 0.995117
vt 0.488281 1.000000
vt 0.486328 1.000000
vt 0.068359 0.508789
vt 0.081055 0.508789
vt 0.083008 0.508789
vt 0.083008 0.513672
vt 0.081055 0.513672
vt 0.084961 0.508789
vt 0.084961 0.513672
vt 0.272461 0.500977
vt 0.270508 0.499023
vt 0.272461 0.499023
vt 0.500977 0.727539
vt 0.499023 0.727539
vt 0.499023 0.729492
vt 0.500977 0.729492
vt 0.098633 0.501953
vt 0.100586 0.501953
vt 0.100586 0.504883
vt 0.098633 0.504883
vt 0.469727 0.904297
vt 0.475586 0.904297
vt 0.475586 0.907227
vt 0.469727 0.907227
vt 0.109375 0.501953
vt 0.111328 0.501953
vt 0.111328 0.504883
vt 0.109375 0.504883
vt 0.469727 0.886719
vt 0.475586 0.886719
vt 0.475586 0.889648
vt 0.469727 0.889648
vt 0.387695 0.516602
vt 0.385742 0.516602
vt 0.385742 0.510742
vt 0.387695 0.510742
vt 0.458984 0.510742
vt 0.457031 0.510742
vt 0.457031 0.516602
vt 0.458984 0.516602
vt 0.135742 0.497070
vt 0.136719 0.497070
vt 0.136719 0.501953
vt 0.135742 0.501953
vt 0.487305 0.911133
vt 0.489258 0.911133
vt 0.489258 0.916016
vt 0.487305 0.916016
vt 0.487305 0.906250
vt 0.489258 0.906250
vt 0.299805 0.497070
vt 0.298828 0.497070
vt 0.298828 0.495117
vt 0.299805 0.495117
vt 0.095703 0.507812
vt 0.097656 0.507812
vt 0.097656 0.512695
vt 0.095703 0.512695
vt 0.111328 0.507812
vt 0.113281 0.507812
vt 0.113281 0.512695
vt 0.111328 0.512695
vt 0.487305 0.851562
vt 0.489258 0.851562
vt 0.489258 0.856445
vt 0.487305 0.856445
vt 0.219727 0.507812
vt 0.221680 0.507812
vt 0.221680 0.512695
vt 0.219727 0.512695
vt 0.501953 0.507812
vt 0.500000 0.507812
vt 0.500000 0.505859
vt 0.501953 0.505859
vt 0.501953 0.502930
vt 0.500000 0.502930
vt 0.500000 0.504883
vt 0.501953 0.504883
vt 0.415039 0.547852
vt 0.416992 0.547852
vt 0.415039 0.550781
vt 0.467773 0.539062
vt 0.473633 0.539062
vt 0.473633 0.541992
vt 0.422852 0.544922
vt 0.424805 0.544922
vt 0.424805 0.547852
vt 0.422852 0.547852
vt 0.468750 0.962891
vt 0.474609 0.962891
vt 0.474609 0.965820
vt 0.468750 0.965820
vt 0.384766 0.546875
vt 0.382812 0.546875
vt 0.382812 0.541016
vt 0.384766 0.541016
vt 0.266602 0.512695
vt 0.266602 0.518555
vt 0.268555 0.518555
vt 0.496094 0.702148
vt 0.501953 0.702148
vt 0.501953 0.703125
vt 0.496094 0.703125
vt 0.496094 0.694336
vt 0.501953 0.694336
vt 0.501953 0.695312
vt 0.496094 0.695312
vt 0.496094 0.693359
vt 0.501953 0.693359
vt 0.496094 0.692383
vt 0.501953 0.692383
vt 0.452148 0.893555
vt 0.446289 0.893555
vt 0.446289 0.887695
vt 0.452148 0.887695
vt 0.438477 0.547852
vt 0.438477 0.553711
vt 0.444336 0.553711
vt 0.492188 0.917969
vt 0.500000 0.917969
vt 0.500000 0.918945
vt 0.492188 0.918945
vt 0.500977 0.633789
vt 0.504883 0.633789
vt 0.504883 0.634766
vt 0.500977 0.634766
vt 0.492188 0.916992
vt 0.500000 0.916992
vt 0.500977 0.632812
vt 0.504883 0.632812
vt 0.057617 0.546875
vt 0.049805 0.546875
vt 0.049805 0.542969
vt 0.057617 0.542969
vt 0.075195 0.542969
vt 0.067383 0.542969
vt 0.067383 0.546875
vt 0.075195 0.546875
vt 0.464844 0.912109
vt 0.472656 0.912109
vt 0.472656 0.915039
vt 0.466797 0.711914
vt 0.473633 0.711914
vt 0.473633 0.714844
vt 0.466797 0.714844
vt 0.464844 0.841797
vt 0.472656 0.841797
vt 0.472656 0.844727
vt 0.464844 0.844727
vt 0.466797 0.708984
vt 0.473633 0.708984
vt 0.381836 0.569336
vt 0.374023 0.569336
vt 0.374023 0.562500
vt 0.381836 0.562500
vt 0.438477 0.619141
vt 0.430664 0.619141
vt 0.430664 0.625977
vt 0.438477 0.625977
vt 0.464844 0.835938
vt 0.472656 0.835938
vt 0.472656 0.838867
vt 0.464844 0.838867
vt 0.466797 0.698242
vt 0.473633 0.698242
vt 0.473633 0.701172
vt 0.466797 0.701172
vt 0.464844 0.780273
vt 0.472656 0.780273
vt 0.472656 0.783203
vt 0.464844 0.783203
vt 0.466797 0.695312
vt 0.473633 0.695312
vt 0.430664 0.612305
vt 0.438477 0.612305
vt 0.389648 0.562500
vt 0.269531 0.502930
vt 0.269531 0.503906
vt 0.263672 0.503906
vt 0.279297 0.502930
vt 0.285156 0.502930
vt 0.285156 0.503906
vt 0.279297 0.503906
vt 0.496094 0.704102
vt 0.501953 0.704102
vt 0.501953 0.705078
vt 0.496094 0.705078
vt 0.451172 0.583008
vt 0.445312 0.583008
vt 0.445312 0.577148
vt 0.451172 0.577148
vt 0.452148 0.970703
vt 0.446289 0.970703
vt 0.446289 0.976562
vt 0.452148 0.976562
vt 0.492188 0.940430
vt 0.500000 0.940430
vt 0.500000 0.941406
vt 0.492188 0.941406
vt 0.500977 0.643555
vt 0.504883 0.643555
vt 0.504883 0.644531
vt 0.500977 0.644531
vt 0.500000 0.919922
vt 0.492188 0.919922
vt 0.359375 0.498047
vt 0.363281 0.498047
vt 0.363281 0.499023
vt 0.359375 0.499023
vt 0.415039 0.543945
vt 0.422852 0.543945
vt 0.459961 0.569336
vt 0.452148 0.569336
vt 0.452148 0.573242
vt 0.459961 0.573242
vt 0.487305 0.703125
vt 0.484375 0.840820
vt 0.495117 0.840820
vt 0.495117 0.841797
vt 0.484375 0.841797
vt 0.487305 0.702148
vt 0.484375 0.834961
vt 0.495117 0.834961
vt 0.495117 0.835938
vt 0.484375 0.835938
vt 0.406250 0.644531
vt 0.397461 0.644531
vt 0.397461 0.633789
vt 0.406250 0.633789
vt 0.407227 0.722656
vt 0.398438 0.733398
vt 0.407227 0.733398
vt 0.489258 0.627930
vt 0.497070 0.627930
vt 0.497070 0.628906
vt 0.489258 0.628906
vt 0.473633 0.935547
vt 0.477539 0.936523
vt 0.473633 0.936523
vt 0.489258 0.623047
vt 0.497070 0.623047
vt 0.497070 0.624023
vt 0.489258 0.624023
vt 0.473633 0.604492
vt 0.477539 0.604492
vt 0.477539 0.605469
vt 0.473633 0.605469
vt 0.280273 0.548828
vt 0.272461 0.548828
vt 0.272461 0.544922
vt 0.280273 0.544922
vt 0.451172 0.693359
vt 0.458984 0.693359
vt 0.487305 0.693359
vt 0.487305 0.694336
vt 0.009766 0.521484
vt 0.010742 0.522461
vt 0.009766 0.522461
vt 0.487305 0.692383
vt 0.477539 0.668945
vt 0.478516 0.668945
vt 0.478516 0.669922
vt 0.477539 0.669922
vt 0.487305 0.691406
vt 0.496094 0.691406
vt 0.496094 0.690430
vt 0.487305 0.690430
vt 0.478516 0.676758
vt 0.479492 0.676758
vt 0.479492 0.677734
vt 0.478516 0.677734
vt 0.501953 0.909180
vt 0.504883 0.909180
vt 0.504883 0.910156
vt 0.501953 0.910156
vt 0.029297 0.519531
vt 0.030273 0.519531
vt 0.030273 0.520508
vt 0.029297 0.520508
vt 0.501953 0.908203
vt 0.504883 0.908203
vt 0.460938 0.953125
vt 0.460938 0.950195
vt 0.473633 0.854492
vt 0.472656 0.854492
vt 0.472656 0.857422
vt 0.473633 0.857422
vt 0.488281 0.861328
vt 0.488281 0.862305
vt 0.029297 0.495117
vt 0.030273 0.495117
vt 0.030273 0.496094
vt 0.029297 0.496094
vt 0.488281 0.831055
vt 0.031250 0.495117
vt 0.031250 0.496094
vt 0.488281 0.830078
vt 0.497070 0.819336
vt 0.488281 0.819336
vt 0.497070 0.820312
vt 0.487305 0.689453
vt 0.496094 0.689453
vt 0.492188 0.727539
vt 0.499023 0.728516
vt 0.492188 0.728516
vt 0.487305 0.688477
vt 0.496094 0.688477
vt 0.492188 0.726562
vt 0.499023 0.726562
vt 0.431641 0.915039
vt 0.422852 0.915039
vt 0.422852 0.908203
vt 0.431641 0.908203
vt 0.341797 0.570312
vt 0.333008 0.570312
vt 0.333008 0.577148
vt 0.341797 0.577148
vt 0.482422 0.631836
vt 0.484375 0.633789
vt 0.482422 0.633789
vt 0.045898 0.525391
vt 0.046875 0.525391
vt 0.046875 0.527344
vt 0.045898 0.527344
vt 0.483398 0.813477
vt 0.485352 0.813477
vt 0.485352 0.815430
vt 0.483398 0.815430
vt 0.161133 0.525391
vt 0.162109 0.525391
vt 0.480469 0.814453
vt 0.478516 0.813477
vt 0.480469 0.813477
vt 0.480469 0.623047
vt 0.478516 0.623047
vt 0.480469 0.624023
vt 0.172852 0.505859
vt 0.175781 0.505859
vt 0.175781 0.507812
vt 0.172852 0.507812
vt 0.239258 0.505859
vt 0.242188 0.505859
vt 0.242188 0.507812
vt 0.239258 0.507812
vt 0.281250 0.505859
vt 0.284180 0.505859
vt 0.284180 0.507812
vt 0.281250 0.507812
vt 0.317383 0.505859
vt 0.320312 0.505859
vt 0.320312 0.507812
vt 0.267578 0.512695
vt 0.267578 0.509766
vt 0.270508 0.509766
vt 0.490234 0.685547
vt 0.487305 0.685547
vt 0.490234 0.688477
vt 0.490234 0.539062
vt 0.498047 0.539062
vt 0.498047 0.540039
vt 0.490234 0.540039
vt 0.499023 0.598633
vt 0.502930 0.598633
vt 0.502930 0.599609
vt 0.499023 0.599609
vt 0.490234 0.512695
vt 0.498047 0.512695
vt 0.498047 0.513672
vt 0.490234 0.513672
vt 0.499023 0.581055
vt 0.499023 0.582031
vt 0.459961 0.722656
vt 0.452148 0.722656
vt 0.459961 0.718750
vt 0.459961 0.705078
vt 0.452148 0.705078
vt 0.452148 0.708984
vt 0.459961 0.708984
vt 0.488281 0.982422
vt 0.497070 0.982422
vt 0.497070 0.983398
vt 0.488281 0.983398
vt 0.485352 0.648438
vt 0.485352 0.649414
vt 0.488281 0.974609
vt 0.488281 0.975586
vt 0.485352 0.647461
vt 0.044922 0.600586
vt 0.036133 0.600586
vt 0.036133 0.589844
vt 0.044922 0.589844
vt 0.246094 0.589844
vt 0.237305 0.600586
vt 0.246094 0.600586
vt 0.368164 0.497070
vt 0.370117 0.497070
vt 0.370117 0.499023
vt 0.368164 0.499023
vt 0.402344 0.495117
vt 0.403320 0.495117
vt 0.403320 0.497070
vt 0.402344 0.497070
vt 0.372070 0.497070
vt 0.372070 0.499023
vt 0.404297 0.495117
vt 0.404297 0.497070
vt 0.504883 0.611328
vt 0.502930 0.611328
vt 0.502930 0.610352
vt 0.504883 0.610352
vt 0.406250 0.496094
vt 0.404297 0.496094
vt 0.406250 0.497070
vt 0.488281 0.973633
vt 0.187500 0.505859
vt 0.194336 0.505859
vt 0.194336 0.506836
vt 0.187500 0.506836
vt 0.202148 0.505859
vt 0.208984 0.505859
vt 0.208984 0.506836
vt 0.202148 0.506836
vt 0.228516 0.576172
vt 0.219727 0.576172
vt 0.219727 0.569336
vt 0.228516 0.569336
vt 0.376953 0.576172
vt 0.491211 0.997070
vt 0.499023 0.997070
vt 0.499023 0.998047
vt 0.491211 0.998047
vt 0.501953 0.512695
vt 0.504883 0.512695
vt 0.504883 0.513672
vt 0.501953 0.513672
vt 0.491211 0.883789
vt 0.499023 0.883789
vt 0.499023 0.884766
vt 0.491211 0.884766
vt 0.501953 0.511719
vt 0.504883 0.511719
vt 0.470703 0.790039
vt 0.462891 0.790039
vt 0.462891 0.787109
vt 0.470703 0.787109
vt 0.470703 0.775391
vt 0.462891 0.775391
vt 0.462891 0.778320
vt 0.470703 0.778320
vt 0.503906 0.967773
vt 0.504883 0.967773
vt 0.504883 0.968750
vt 0.503906 0.968750
vt 0.489258 0.497070
vt 0.492188 0.497070
vt 0.492188 0.498047
vt 0.489258 0.498047
vt 0.035156 0.495117
vt 0.036133 0.495117
vt 0.036133 0.496094
vt 0.035156 0.496094
vt 0.495117 0.497070
vt 0.495117 0.498047
vt 0.249023 0.498047
vt 0.248047 0.498047
vt 0.248047 0.495117
vt 0.249023 0.495117
vt 0.257812 0.495117
vt 0.256836 0.495117
vt 0.256836 0.498047
vt 0.257812 0.498047
vt 0.496094 0.564453
vt 0.496094 0.565430
vt 0.487305 0.565430
vt 0.130859 0.497070
vt 0.133789 0.497070
vt 0.133789 0.498047
vt 0.130859 0.498047
vt 0.496094 0.552734
vt 0.487305 0.552734
vt 0.504883 0.869141
vt 0.501953 0.869141
vt 0.466797 0.576172
vt 0.458008 0.576172
vt 0.458008 0.573242
vt 0.466797 0.573242
vt 0.467773 0.981445
vt 0.458984 0.981445
vt 0.458984 0.984375
vt 0.467773 0.984375
vt 0.489258 0.524414
vt 0.497070 0.524414
vt 0.497070 0.525391
vt 0.489258 0.525391
vt 0.501953 0.870117
vt 0.504883 0.870117
vt 0.504883 0.871094
vt 0.501953 0.871094
vt 0.489258 0.511719
vt 0.497070 0.511719
vt 0.497070 0.512695
vt 0.489258 0.512695
vt 0.075195 0.537109
vt 0.067383 0.537109
vt 0.067383 0.534180
vt 0.075195 0.534180
vt 0.083008 0.534180
vt 0.083008 0.537109
vt 0.487305 0.887695
vt 0.496094 0.887695
vt 0.496094 0.888672
vt 0.487305 0.888672
vt 0.480469 0.886719
vt 0.493164 0.886719
vt 0.493164 0.887695
vt 0.480469 0.887695
vt 0.480469 0.824219
vt 0.493164 0.824219
vt 0.493164 0.825195
vt 0.480469 0.825195
vt 0.367188 0.626953
vt 0.367188 0.614258
vt 0.375977 0.614258
vt 0.164062 0.612305
vt 0.155273 0.612305
vt 0.155273 0.625000
vt 0.164062 0.625000
vt 0.418945 0.830078
vt 0.434570 0.830078
vt 0.434570 0.833984
vt 0.418945 0.833984
vt 0.242188 0.518555
vt 0.239258 0.518555
vt 0.418945 0.807617
vt 0.434570 0.807617
vt 0.434570 0.811523
vt 0.418945 0.811523
vt 0.255859 0.514648
vt 0.258789 0.514648
vt 0.258789 0.518555
vt 0.255859 0.518555
vt 0.433594 0.633789
vt 0.434570 0.950195
vt 0.489258 0.699219
vt 0.497070 0.699219
vt 0.497070 0.700195
vt 0.489258 0.700195
vt 0.196289 0.540039
vt 0.196289 0.541016
vt 0.194336 0.541016
vt 0.489258 0.698242
vt 0.497070 0.698242
vt 0.458984 0.801758
vt 0.460938 0.801758
vt 0.460938 0.802734
vt 0.458984 0.802734
vt 0.479492 0.751953
vt 0.471680 0.751953
vt 0.471680 0.750000
vt 0.479492 0.750000
vt 0.479492 0.674805
vt 0.471680 0.674805
vt 0.471680 0.676758
vt 0.137695 0.507812
vt 0.136719 0.507812
vt 0.199219 0.532227
vt 0.203125 0.532227
vt 0.203125 0.538086
vt 0.199219 0.538086
vt 0.138672 0.507812
vt 0.286133 0.532227
vt 0.290039 0.532227
vt 0.290039 0.538086
vt 0.286133 0.538086
vt 0.184570 0.500977
vt 0.183594 0.500977
vt 0.183594 0.497070
vt 0.197266 0.497070
vt 0.196289 0.497070
vt 0.196289 0.500977
vt 0.197266 0.500977
vt 0.426758 0.515625
vt 0.427734 0.515625
vt 0.427734 0.516602
vt 0.426758 0.516602
vt 0.484375 0.643555
vt 0.495117 0.643555
vt 0.495117 0.644531
vt 0.484375 0.644531
vt 0.486328 0.851562
vt 0.487305 0.852539
vt 0.486328 0.852539
vt 0.484375 0.608398
vt 0.495117 0.608398
vt 0.495117 0.609375
vt 0.484375 0.609375
vt 0.333984 0.587891
vt 0.333008 0.587891
vt 0.333984 0.577148
vt 0.259766 0.575195
vt 0.258789 0.575195
vt 0.258789 0.585938
vt 0.259766 0.585938
vt 0.010742 0.511719
vt 0.011719 0.511719
vt 0.011719 0.512695
vt 0.010742 0.512695
vt 0.049805 0.503906
vt 0.055664 0.503906
vt 0.055664 0.504883
vt 0.049805 0.504883
vt 0.041992 0.511719
vt 0.042969 0.511719
vt 0.495117 0.932617
vt 0.500977 0.932617
vt 0.495117 0.933594
vt 0.195312 0.507812
vt 0.194336 0.507812
vt 0.194336 0.501953
vt 0.195312 0.501953
vt 0.196289 0.501953
vt 0.196289 0.507812
vt 0.483398 0.909180
vt 0.484375 0.909180
vt 0.484375 0.910156
vt 0.483398 0.910156
vt 0.484375 0.797852
vt 0.495117 0.797852
vt 0.495117 0.798828
vt 0.484375 0.798828
vt 0.483398 0.885742
vt 0.484375 0.885742
vt 0.484375 0.886719
vt 0.483398 0.886719
vt 0.484375 0.779297
vt 0.495117 0.779297
vt 0.495117 0.780273
vt 0.484375 0.780273
vt 0.169922 0.818359
vt 0.168945 0.818359
vt 0.168945 0.807617
vt 0.169922 0.807617
vt 0.045898 0.600586
vt 0.483398 0.878906
vt 0.484375 0.878906
vt 0.484375 0.879883
vt 0.483398 0.879883
vt 0.495117 0.965820
vt 0.500977 0.965820
vt 0.500977 0.966797
vt 0.495117 0.966797
vt 0.215820 0.515625
vt 0.216797 0.515625
vt 0.216797 0.516602
vt 0.215820 0.516602
vt 0.041992 0.503906
vt 0.047852 0.503906
vt 0.047852 0.504883
vt 0.140625 0.507812
vt 0.139648 0.507812
vt 0.139648 0.501953
vt 0.140625 0.501953
vt 0.141602 0.501953
vt 0.141602 0.507812
vt 0.487305 0.684570
vt 0.496094 0.684570
vt 0.496094 0.685547
vt 0.476562 0.895508
vt 0.478516 0.895508
vt 0.478516 0.896484
vt 0.476562 0.896484
vt 0.487305 0.672852
vt 0.496094 0.672852
vt 0.496094 0.673828
vt 0.487305 0.673828
vt 0.477539 0.576172
vt 0.479492 0.576172
vt 0.477539 0.577148
vt 0.476562 0.833984
vt 0.467773 0.833984
vt 0.467773 0.832031
vt 0.476562 0.832031
vt 0.476562 0.825195
vt 0.467773 0.825195
vt 0.476562 0.827148
vt 0.478516 0.891602
vt 0.481445 0.891602
vt 0.481445 0.896484
vt 0.069336 0.498047
vt 0.070312 0.498047
vt 0.070312 0.502930
vt 0.069336 0.502930
vt 0.219727 0.516602
vt 0.222656 0.516602
vt 0.222656 0.521484
vt 0.219727 0.521484
vt 0.071289 0.498047
vt 0.071289 0.502930
vt 0.504883 0.901367
vt 0.501953 0.901367
vt 0.501953 0.900391
vt 0.504883 0.900391
vt 0.504883 0.899414
vt 0.501953 0.899414
vt 0.478516 0.904297
vt 0.481445 0.904297
vt 0.481445 0.909180
vt 0.478516 0.909180
vt 0.067383 0.498047
vt 0.068359 0.498047
vt 0.068359 0.502930
vt 0.067383 0.502930
vt 0.095703 0.516602
vt 0.098633 0.516602
vt 0.098633 0.521484
vt 0.095703 0.521484
vt 0.504883 0.904297
vt 0.501953 0.904297
vt 0.501953 0.903320
vt 0.504883 0.903320
vt 0.504883 0.902344
vt 0.501953 0.902344
vt 0.487305 0.669922
vt 0.496094 0.670898
vt 0.487305 0.670898
vt 0.492188 0.719727
vt 0.499023 0.719727
vt 0.492188 0.720703
vt 0.487305 0.668945
vt 0.101562 0.576172
vt 0.092773 0.576172
vt 0.092773 0.569336
vt 0.101562 0.569336
vt 0.158203 0.569336
vt 0.149414 0.569336
vt 0.149414 0.576172
vt 0.158203 0.576172
vt 0.483398 0.543945
vt 0.483398 0.544922
vt 0.463867 0.544922
vt 0.484375 0.580078
vt 0.495117 0.580078
vt 0.495117 0.581055
vt 0.464844 0.911133
vt 0.484375 0.911133
vt 0.484375 0.912109
vt 0.484375 0.544922
vt 0.495117 0.544922
vt 0.495117 0.545898
vt 0.484375 0.545898
vt 0.346680 0.792969
vt 0.346680 0.782227
vt 0.367188 0.667969
vt 0.347656 0.667969
vt 0.347656 0.678711
vt 0.367188 0.678711
vt 0.337891 0.748047
vt 0.365234 0.748047
vt 0.365234 0.749023
vt 0.337891 0.749023
vt 0.492188 0.721680
vt 0.499023 0.721680
vt 0.492188 0.722656
vt 0.448242 0.980469
vt 0.475586 0.980469
vt 0.475586 0.981445
vt 0.448242 0.981445
vt 0.375977 0.690430
vt 0.348633 0.690430
vt 0.348633 0.683594
vt 0.375977 0.683594
vt 0.362305 0.644531
vt 0.334961 0.644531
vt 0.334961 0.651367
vt 0.362305 0.651367
vt 0.445312 0.875000
vt 0.475586 0.875000
vt 0.475586 0.875977
vt 0.445312 0.875977
vt 0.447266 0.957031
vt 0.477539 0.957031
vt 0.477539 0.958008
vt 0.447266 0.958008
vt 0.447266 0.956055
vt 0.477539 0.956055
vt 0.447266 0.934570
vt 0.075195 0.797852
vt 0.075195 0.767578
vt 0.105469 0.767578
vt 0.105469 0.737305
vt 0.075195 0.737305
vt 0.489258 0.622070
vt 0.497070 0.622070
vt 0.501953 0.911133
vt 0.504883 0.911133
vt 0.504883 0.912109
vt 0.501953 0.912109
vt 0.489258 0.621094
vt 0.497070 0.621094
vt 0.468750 0.941406
vt 0.460938 0.941406
vt 0.460938 0.938477
vt 0.468750 0.938477
vt 0.468750 0.577148
vt 0.460938 0.577148
vt 0.460938 0.580078
vt 0.468750 0.580078
vt 0.486328 0.517578
vt 0.495117 0.517578
vt 0.495117 0.518555
vt 0.486328 0.518555
vt 0.501953 0.922852
vt 0.504883 0.922852
vt 0.504883 0.923828
vt 0.501953 0.923828
vt 0.486328 0.516602
vt 0.495117 0.516602
vt 0.501953 0.921875
vt 0.504883 0.921875
vt 0.462891 0.962891
vt 0.454102 0.962891
vt 0.454102 0.959961
vt 0.462891 0.959961
vt 0.463867 0.750000
vt 0.455078 0.750000
vt 0.455078 0.752930
vt 0.463867 0.752930
vt 0.480469 0.695312
vt 0.492188 0.695312
vt 0.492188 0.696289
vt 0.480469 0.696289
vt 0.487305 0.671875
vt 0.496094 0.671875
vt 0.481445 0.641602
vt 0.493164 0.641602
vt 0.493164 0.642578
vt 0.481445 0.642578
vt 0.232422 0.957031
vt 0.220703 0.957031
vt 0.220703 0.948242
vt 0.232422 0.948242
vt 0.336914 0.611328
vt 0.325195 0.611328
vt 0.325195 0.620117
vt 0.336914 0.620117
vt 0.485352 0.593750
vt 0.495117 0.593750
vt 0.495117 0.594727
vt 0.485352 0.594727
vt 0.481445 0.625000
vt 0.493164 0.625000
vt 0.493164 0.625977
vt 0.481445 0.625977
vt 0.485352 0.592773
vt 0.495117 0.592773
vt 0.493164 0.624023
vt 0.382812 0.928711
vt 0.373047 0.928711
vt 0.234375 0.615234
vt 0.224609 0.615234
vt 0.224609 0.626953
vt 0.234375 0.626953
vt 0.489258 0.741211
vt 0.497070 0.741211
vt 0.497070 0.742188
vt 0.489258 0.742188
vt 0.495117 0.976562
vt 0.500977 0.976562
vt 0.495117 0.977539
vt 0.489258 0.740234
vt 0.497070 0.740234
vt 0.495117 0.975586
vt 0.292969 0.730469
vt 0.285156 0.730469
vt 0.285156 0.724609
vt 0.292969 0.724609
vt 0.381836 0.765625
vt 0.374023 0.765625
vt 0.374023 0.771484
vt 0.381836 0.771484
vt 0.479492 0.764648
vt 0.480469 0.764648
vt 0.480469 0.765625
vt 0.479492 0.765625
vt 0.495117 0.971680
vt 0.500977 0.971680
vt 0.500977 0.972656
vt 0.495117 0.972656
vt 0.479492 0.619141
vt 0.480469 0.619141
vt 0.480469 0.620117
vt 0.479492 0.620117
vt 0.495117 0.968750
vt 0.500977 0.968750
vt 0.500977 0.969727
vt 0.495117 0.969727
vt 0.112305 0.507812
vt 0.112305 0.501953
vt 0.113281 0.501953
vt 0.486328 0.541992
vt 0.495117 0.541992
vt 0.495117 0.542969
vt 0.486328 0.542969
vt 0.501953 0.927734
vt 0.504883 0.927734
vt 0.504883 0.928711
vt 0.501953 0.928711
vt 0.495117 0.519531
vt 0.486328 0.519531
vt 0.501953 0.926758
vt 0.504883 0.926758
vt 0.099609 0.695312
vt 0.090820 0.695312
vt 0.090820 0.692383
vt 0.099609 0.692383
vt 0.421875 0.615234
vt 0.430664 0.615234
vt 0.471680 0.838867
vt 0.479492 0.838867
vt 0.479492 0.840820
vt 0.471680 0.840820
vt 0.278320 0.648438
vt 0.289062 0.648438
vt 0.289062 0.650391
vt 0.278320 0.650391
vt 0.471680 0.819336
vt 0.479492 0.819336
vt 0.479492 0.821289
vt 0.471680 0.821289
vt 0.088867 0.646484
vt 0.099609 0.646484
vt 0.099609 0.648438
vt 0.088867 0.648438
vt 0.060547 0.594727
vt 0.052734 0.594727
vt 0.052734 0.583984
vt 0.060547 0.583984
vt 0.405273 0.915039
vt 0.413086 0.925781
vt 0.486328 0.682617
vt 0.495117 0.682617
vt 0.495117 0.683594
vt 0.486328 0.683594
vt 0.486328 0.620117
vt 0.495117 0.620117
vt 0.495117 0.621094
vt 0.486328 0.621094
vt 0.486328 0.555664
vt 0.495117 0.555664
vt 0.495117 0.556641
vt 0.486328 0.556641
vt 0.495117 0.543945
vt 0.486328 0.543945
vt 0.369141 0.594727
vt 0.360352 0.594727
vt 0.360352 0.585938
vt 0.369141 0.585938
vt 0.034180 0.583008
vt 0.025391 0.583008
vt 0.025391 0.591797
vt 0.034180 0.591797
vt 0.501953 0.925781
vt 0.504883 0.925781
vt 0.496094 0.576172
vt 0.500977 0.576172
vt 0.500977 0.577148
vt 0.496094 0.577148
vt 0.504883 0.924805
vt 0.501953 0.924805
vt 0.496094 0.575195
vt 0.500977 0.575195
vt 0.314453 0.522461
vt 0.311523 0.522461
vt 0.311523 0.517578
vt 0.314453 0.517578
vt 0.317383 0.517578
vt 0.317383 0.522461
vt 0.492188 0.738281
vt 0.499023 0.739258
vt 0.492188 0.739258
vt 0.496094 0.595703
vt 0.500977 0.595703
vt 0.492188 0.732422
vt 0.499023 0.732422
vt 0.492188 0.733398
vt 0.496094 0.594727
vt 0.500977 0.594727
vt 0.454102 0.860352
vt 0.447266 0.860352
vt 0.447266 0.855469
vt 0.454102 0.855469
vt 0.454102 0.843750
vt 0.447266 0.843750
vt 0.447266 0.848633
vt 0.454102 0.848633
vt 0.486328 0.515625
vt 0.495117 0.515625
vt 0.245117 0.526367
vt 0.246094 0.526367
vt 0.487305 0.981445
vt 0.496094 0.981445
vt 0.496094 0.982422
vt 0.487305 0.982422
vt 0.473633 0.869141
vt 0.474609 0.869141
vt 0.474609 0.870117
vt 0.473633 0.870117
vt 0.487305 0.980469
vt 0.496094 0.980469
vt 0.496094 0.927734
vt 0.487305 0.927734
vt 0.487305 0.928711
vt 0.496094 0.928711
vt 0.486328 0.757812
vt 0.495117 0.757812
vt 0.495117 0.758789
vt 0.486328 0.758789
vt 0.394531 0.979492
vt 0.405273 0.980469
vt 0.394531 0.980469
vt 0.486328 0.744141
vt 0.495117 0.744141
vt 0.495117 0.745117
vt 0.486328 0.745117
vt 0.448242 0.996094
vt 0.458984 0.996094
vt 0.458984 0.997070
vt 0.448242 0.997070
vt 0.234375 0.602539
vt 0.225586 0.602539
vt 0.225586 0.591797
vt 0.406250 0.649414
vt 0.397461 0.649414
vt 0.397461 0.660156
vt 0.406250 0.660156
vt 0.495117 0.729492
vt 0.495117 0.730469
vt 0.486328 0.730469
vt 0.251953 0.506836
vt 0.258789 0.506836
vt 0.258789 0.507812
vt 0.251953 0.507812
vt 0.495117 0.684570
vt 0.486328 0.684570
vt 0.492188 0.740234
vt 0.398438 0.726562
vt 0.427734 0.726562
vt 0.418945 0.726562
vt 0.418945 0.733398
vt 0.427734 0.733398
vt 0.466797 0.727539
vt 0.476562 0.727539
vt 0.476562 0.728516
vt 0.466797 0.728516
vt 0.489258 0.585938
vt 0.497070 0.585938
vt 0.497070 0.586914
vt 0.489258 0.586914
vt 0.477539 0.824219
vt 0.477539 0.825195
vt 0.489258 0.584961
vt 0.497070 0.584961
vt 0.417969 0.629883
vt 0.408203 0.629883
vt 0.408203 0.622070
vt 0.417969 0.622070
vt 0.409180 0.845703
vt 0.409180 0.853516
vt 0.418945 0.853516
vt 0.412109 0.992188
vt 0.416016 0.992188
vt 0.416016 0.994141
vt 0.448242 0.505859
vt 0.451172 0.505859
vt 0.451172 0.507812
vt 0.448242 0.507812
vt 0.413086 0.681641
vt 0.416992 0.681641
vt 0.416992 0.683594
vt 0.413086 0.683594
vt 0.029297 0.504883
vt 0.032227 0.504883
vt 0.032227 0.506836
vt 0.029297 0.506836
vt 0.486328 0.775391
vt 0.482422 0.775391
vt 0.482422 0.772461
vt 0.486328 0.772461
vt 0.486328 0.769531
vt 0.482422 0.769531
vt 0.471680 0.638672
vt 0.479492 0.638672
vt 0.479492 0.640625
vt 0.471680 0.640625
vt 0.405273 0.913086
vt 0.416016 0.913086
vt 0.416016 0.915039
vt 0.471680 0.618164
vt 0.479492 0.618164
vt 0.471680 0.620117
vt 0.462891 0.591797
vt 0.473633 0.591797
vt 0.473633 0.593750
vt 0.462891 0.593750
vt 0.413086 0.878906
vt 0.405273 0.878906
vt 0.405273 0.868164
vt 0.413086 0.868164
vt 0.151367 0.583984
vt 0.143555 0.583984
vt 0.143555 0.594727
vt 0.489258 0.697266
vt 0.497070 0.697266
vt 0.501953 0.915039
vt 0.504883 0.915039
vt 0.504883 0.916016
vt 0.501953 0.916016
vt 0.489258 0.658203
vt 0.497070 0.658203
vt 0.497070 0.659180
vt 0.489258 0.659180
vt 0.501953 0.914062
vt 0.504883 0.914062
vt 0.467773 0.558594
vt 0.459961 0.558594
vt 0.459961 0.555664
vt 0.467773 0.555664
vt 0.460938 0.962891
vt 0.460938 0.965820
vt 0.492188 0.731445
vt 0.500977 0.565430
vt 0.500977 0.566406
vt 0.496094 0.566406
vt 0.492188 0.730469
vt 0.499023 0.730469
vt 0.500977 0.564453
vt 0.454102 0.806641
vt 0.447266 0.806641
vt 0.447266 0.801758
vt 0.454102 0.801758
vt 0.203125 0.547852
vt 0.196289 0.547852
vt 0.196289 0.552734
vt 0.079102 0.497070
vt 0.082031 0.497070
vt 0.082031 0.498047
vt 0.079102 0.498047
vt 0.500977 0.551758
vt 0.500977 0.552734
vt 0.501953 0.918945
vt 0.504883 0.918945
vt 0.504883 0.919922
vt 0.501953 0.919922
vt 0.500977 0.550781
vt 0.480469 0.528320
vt 0.477539 0.528320
vt 0.477539 0.523438
vt 0.480469 0.523438
vt 0.012695 0.516602
vt 0.009766 0.516602
vt 0.401367 0.703125
vt 0.411133 0.703125
vt 0.411133 0.704102
vt 0.401367 0.704102
vt 0.484375 0.901367
vt 0.484375 0.902344
vt 0.410156 0.762695
vt 0.419922 0.762695
vt 0.419922 0.763672
vt 0.410156 0.763672
vt 0.484375 0.891602
vt 0.484375 0.892578
vt 0.387695 0.792969
vt 0.387695 0.782227
vt 0.387695 0.627930
vt 0.377930 0.627930
vt 0.377930 0.638672
vt 0.387695 0.638672
vt 0.487305 0.926758
vt 0.496094 0.926758
vt 0.134766 0.525391
vt 0.135742 0.525391
vt 0.135742 0.526367
vt 0.134766 0.526367
vt 0.487305 0.923828
vt 0.496094 0.923828
vt 0.496094 0.924805
vt 0.487305 0.924805
vt 0.030273 0.524414
vt 0.031250 0.524414
vt 0.031250 0.525391
vt 0.030273 0.525391
vt 0.487305 0.922852
vt 0.496094 0.922852
vt 0.496094 0.905273
vt 0.487305 0.905273
vt 0.496094 0.906250
vt 0.487305 0.904297
vt 0.496094 0.904297
vt 0.501953 0.917969
vt 0.504883 0.917969
vt 0.487305 0.903320
vt 0.496094 0.903320
vt 0.084961 0.497070
vt 0.465820 0.933594
vt 0.457031 0.933594
vt 0.457031 0.930664
vt 0.465820 0.930664
vt 0.466797 0.935547
vt 0.466797 0.938477
vt 0.487305 0.902344
vt 0.496094 0.902344
vt 0.492188 0.729492
vt 0.487305 0.895508
vt 0.496094 0.895508
vt 0.496094 0.896484
vt 0.487305 0.896484
vt 0.271484 0.506836
vt 0.278320 0.506836
vt 0.278320 0.507812
vt 0.428711 0.900391
vt 0.419922 0.900391
vt 0.419922 0.893555
vt 0.428711 0.893555
vt 0.430664 0.622070
vt 0.487305 0.894531
vt 0.496094 0.894531
vt 0.487305 0.893555
vt 0.496094 0.893555
vt 0.487305 0.892578
vt 0.496094 0.892578
vt 0.496094 0.889648
vt 0.487305 0.889648
vt 0.221680 0.591797
vt 0.221680 0.583008
vt 0.230469 0.583008
vt 0.416992 0.629883
vt 0.408203 0.638672
vt 0.416992 0.638672
vt 0.489258 0.629883
vt 0.497070 0.629883
vt 0.497070 0.630859
vt 0.489258 0.630859
vt 0.440430 0.539062
vt 0.442383 0.539062
vt 0.442383 0.540039
vt 0.440430 0.540039
vt 0.389648 0.538086
vt 0.391602 0.538086
vt 0.391602 0.539062
vt 0.389648 0.539062
vt 0.479492 0.615234
vt 0.471680 0.615234
vt 0.471680 0.613281
vt 0.479492 0.613281
vt 0.471680 0.601562
vt 0.471680 0.603516
vt 0.479492 0.603516
vt 0.489258 0.657227
vt 0.497070 0.657227
vt 0.026367 0.503906
vt 0.032227 0.503906
vt 0.026367 0.504883
vt 0.489258 0.656250
vt 0.497070 0.656250
vt 0.500977 0.973633
vt 0.495117 0.973633
vt 0.442383 0.588867
vt 0.442383 0.583008
vt 0.443359 0.727539
vt 0.435547 0.727539
vt 0.435547 0.733398
vt 0.443359 0.733398
vt 0.486328 0.966797
vt 0.496094 0.966797
vt 0.496094 0.967773
vt 0.486328 0.967773
vt 0.500977 0.920898
vt 0.504883 0.920898
vt 0.500977 0.921875
vt 0.486328 0.964844
vt 0.496094 0.964844
vt 0.496094 0.965820
vt 0.486328 0.965820
vt 0.500977 0.916016
vt 0.504883 0.916992
vt 0.500977 0.916992
vt 0.450195 0.712891
vt 0.440430 0.712891
vt 0.440430 0.708984
vt 0.450195 0.708984
vt 0.451172 0.916016
vt 0.441406 0.916016
vt 0.441406 0.919922
vt 0.451172 0.919922
vt 0.194336 0.510742
vt 0.197266 0.510742
vt 0.197266 0.514648
vt 0.194336 0.514648
vt 0.120117 0.495117
vt 0.121094 0.495117
vt 0.121094 0.499023
vt 0.120117 0.499023
vt 0.202148 0.510742
vt 0.205078 0.510742
vt 0.205078 0.514648
vt 0.202148 0.514648
vt 0.500977 0.866211
vt 0.500977 0.870117
vt 0.055664 0.497070
vt 0.052734 0.497070
vt 0.052734 0.496094
vt 0.055664 0.496094
vt 0.058594 0.496094
vt 0.058594 0.497070
vt 0.381836 0.506836
vt 0.381836 0.508789
vt 0.377930 0.508789
vt 0.116211 0.501953
vt 0.119141 0.501953
vt 0.116211 0.503906
vt 0.491211 0.617188
vt 0.495117 0.617188
vt 0.495117 0.619141
vt 0.491211 0.619141
vt 0.496094 0.881836
vt 0.499023 0.881836
vt 0.496094 0.883789
vt 0.190430 0.514648
vt 0.194336 0.511719
vt 0.210938 0.511719
vt 0.207031 0.511719
vt 0.207031 0.514648
vt 0.210938 0.514648
vt 0.488281 0.773438
vt 0.497070 0.773438
vt 0.497070 0.774414
vt 0.488281 0.774414
vt 0.093750 0.495117
vt 0.094727 0.495117
vt 0.094727 0.496094
vt 0.093750 0.496094
vt 0.488281 0.761719
vt 0.497070 0.761719
vt 0.497070 0.762695
vt 0.488281 0.762695
vt 0.095703 0.495117
vt 0.095703 0.496094
vt 0.488281 0.760742
vt 0.497070 0.760742
vt 0.497070 0.734375
vt 0.488281 0.734375
vt 0.488281 0.735352
vt 0.497070 0.735352
vt 0.488281 0.733398
vt 0.497070 0.733398
vt 0.098633 0.495117
vt 0.099609 0.495117
vt 0.099609 0.496094
vt 0.098633 0.496094
vt 0.488281 0.722656
vt 0.497070 0.722656
vt 0.497070 0.723633
vt 0.488281 0.723633
vt 0.100586 0.495117
vt 0.100586 0.496094
vt 0.497070 0.713867
vt 0.488281 0.713867
vt 0.488281 0.712891
vt 0.497070 0.712891
vt 0.497070 0.706055
vt 0.488281 0.706055
vt 0.488281 0.707031
vt 0.497070 0.707031
vt 0.486328 0.963867
vt 0.496094 0.963867
vt 0.486328 0.962891
vt 0.496094 0.962891
vt 0.500977 0.896484
vt 0.504883 0.896484
vt 0.504883 0.897461
vt 0.500977 0.897461
vt 0.451172 0.783203
vt 0.441406 0.783203
vt 0.441406 0.779297
vt 0.451172 0.779297
vt 0.451172 0.775391
vt 0.441406 0.775391
vt 0.501953 0.892578
vt 0.501953 0.893555
vt 0.101562 0.495117
vt 0.101562 0.496094
vt 0.496094 0.880859
vt 0.501953 0.880859
vt 0.501953 0.881836
vt 0.109375 0.495117
vt 0.110352 0.495117
vt 0.110352 0.496094
vt 0.109375 0.496094
vt 0.496094 0.879883
vt 0.501953 0.879883
vt 0.126953 0.502930
vt 0.121094 0.503906
vt 0.126953 0.503906
s 0
usemtl m_9cc2e02d-2f29-5678-33ad-800cf0044a15
f 92/251/19 95/252/19 93/253/19 90/254/19
f 91/255/20 92/256/20 90/257/20 89/258/20
f 96/259/21 91/260/21 89/261/21 94/262/21
f 95/256/22 96/263/22 94/264/22 93/257/22
f 94/265/23 89/266/23 90/267/23 93/268/23
f 95/269/24 92/270/24 91/267/24 96/268/24
f 100/271/25 103/272/25 101/273/25 98/274/25
f 99/275/24 100/276/24 98/277/24 97/278/24
f 104/279/26 99/280/26 97/281/26 102/282/26
f 103/283/23 104/284/23 102/285/23 101/286/23
f 102/287/27 97/288/27 98/289/27 101/290/27
f 103/291/28 100/292/28 99/293/28 104/294/28
f 108/295/28 111/296/28 109/297/28 106/298/28
f 107/299/24 108/300/24 106/301/24 105/302/24
f 112/303/27 107/304/27 105/296/27 110/295/27
f 111/305/23 112/306/23 110/307/23 109/308/23
f 110/309/25 105/310/25 106/311/25 109/312/25
f 111/313/26 108/312/26 107/309/26 112/314/26
f 116/315/29 119/316/29 117/317/29 114/318/29
f 115/319/24 116/320/24 114/321/24 113/322/24
f 120/323/30 115/324/30 113/325/30 118/326/30
f 119/327/23 120/328/23 118/329/23 117/330/23
f 118/331/31 113/332/31 114/333/31 117/334/31
f 119/335/32 116/336/32 115/337/32 120/338/32
f 124/339/33 127/340/33 125/341/33 122/342/33
f 123/343/24 124/344/24 122/345/24 121/346/24
f 128/326/34 123/325/34 121/340/34 126/339/34
f 127/347/23 128/348/23 126/349/23 125/350/23
f 126/351/27 121/352/27 122/353/27 125/354/27
f 127/355/28 124/356/28 123/357/28 128/358/28
f 132/359/32 135/360/32 133/361/32 130/362/32
f 131/363/24 132/364/24 130/365/24 129/366/24
f 136/342/31 131/341/31 129/367/31 134/368/31
f 135/369/23 136/370/23 134/371/23 133/372/23
f 134/373/29 129/374/29 130/375/29 133/376/29
f 135/377/30 132/378/30 131/379/30 136/380/30
f 140/381/28 143/382/28 141/383/28 138/384/28
f 139/385/24 140/386/24 138/387/24 137/388/24
f 144/389/35 139/390/35 137/382/35 142/381/35
f 143/391/23 144/392/23 142/393/23 141/394/23
f 142/395/25 137/396/25 138/397/25 141/398/25
f 143/399/26 140/400/26 139/401/26 144/402/26
f 148/403/29 151/404/29 149/280/29 146/279/29
f 147/405/24 148/406/24 146/407/24 145/408/24
f 152/409/30 147/410/30 145/411/30 150/412/30
f 151/413/23 152/414/23 150/415/23 149/416/23
f 150/417/31 145/294/31 146/291/31 149/418/31
f 151/397/32 148/419/32 147/420/32 152/396/32
f 156/421/32 159/422/32 157/423/32 154/424/32
f 155/425/24 156/426/24 154/427/24 153/428/24
f 160/422/31 155/429/31 153/430/31 158/423/31
f 159/431/23 160/432/23 158/433/23 157/434/23
f 158/435/29 153/436/29 154/437/29 157/438/29
f 159/439/30 156/440/30 155/441/30 160/442/30
f 164/429/25 167/443/25 165/444/25 162/430/25
f 163/445/24 164/446/24 162/432/24 161/431/24
f 168/443/26 163/447/26 161/448/26 166/444/26
f 167/449/23 168/450/23 166/451/23 165/452/23
f 166/453/27 161/454/27 162/455/27 165/456/27
f 167/457/28 164/458/28 163/459/28 168/460/28
f 172/461/29 175/462/29 173/463/29 170/464/29
f 171/465/24 172/466/24 170/467/24 169/468/24
f 176/469/30 171/470/30 169/471/30 174/472/30
f 175/473/23 176/474/23 174/466/23 173/465/23
f 174/475/31 169/476/31 170/477/31 173/478/31
f 175/479/32 172/480/32 171/481/32 176/482/32
f 180/483/28 183/484/28 181/485/28 178/486/28
f 179/487/24 180/488/24 178/489/24 177/490/24
f 184/484/27 179/491/27 177/492/27 182/485/27
f 183/493/23 184/494/23 182/495/23 181/496/23
f 182/497/25 177/498/25 178/499/25 181/500/25
f 183/501/26 180/502/26 179/503/26 184/504/26
f 188/491/32 191/505/32 189/506/32 186/492/32
f 187/507/24 188/508/24 186/509/24 185/510/24
f 192/505/31 187/511/31 185/512/31 190/506/31
f 191/513/23 192/514/23 190/515/23 189/516/23
f 190/517/29 185/518/29 186/519/29 189/520/29
f 191/521/30 188/522/30 187/523/30 192/524/30
f 196/511/25 199/525/25 197/526/25 194/512/25
f 195/527/24 196/528/24 194/529/24 193/530/24
f 200/525/26 195/531/26 193/532/26 198/526/26
f 199/533/23 200/534/23 198/535/23 197/536/23
f 198/537/27 193/538/27 194/539/27 197/540/27
f 199/541/28 196/542/28 195/543/28 200/544/28
f 204/545/29 207/546/29 205/547/29 202/548/29
f 203/549/24 204/550/24 202/534/24 201/533/24
f 208/546/30 203/551/30 201/552/30 206/547/30
f 207/553/23 208/554/23 206/555/23 205/556/23
f 206/557/31 201/558/31 202/559/31 205/560/31
f 207/561/32 204/562/32 203/563/32 208/564/32
f 212/551/28 215/565/28 213/566/28 210/552/28
f 211/567/24 212/568/24 210/569/24 209/570/24
f 216/565/27 211/571/27 209/572/27 214/566/27
f 215/573/23 216/574/23 214/575/23 213/576/23
f 214/577/25 209/482/25 210/479/25 213/578/25
f 215/579/26 212/578/26 211/577/26 216/580/26
f 220/581/32 223/582/32 221/583/32 218/584/32
f 219/585/24 220/586/24 218/587/24 217/588/24
f 224/589/31 219/590/31 217/591/31 222/592/31
f 223/556/23 224/593/23 222/594/23 221/595/23
f 222/596/29 217/597/29 218/598/29 221/599/29
f 223/600/30 220/601/30 219/602/30 224/603/30
f 228/604/36 231/605/36 229/606/36 226/607/36
f 227/608/23 228/609/23 226/610/23 225/611/23
f 232/612/37 227/613/37 225/614/37 230/615/37
f 231/616/24 232/617/24 230/618/24 229/619/24
f 230/620/38 225/621/38 226/622/38 229/623/38
f 231/624/39 228/625/39 227/626/39 232/627/39
f 236/628/36 239/629/36 237/630/36 234/631/36
f 235/632/23 236/633/23 234/634/23 233/635/23
f 240/636/37 235/637/37 233/638/37 238/639/37
f 239/640/24 240/641/24 238/642/24 237/643/24
f 238/644/38 233/645/38 234/646/38 237/647/38
f 239/648/39 236/649/39 235/650/39 240/651/39
f 244/652/40 247/653/40 245/654/40 242/655/40
f 243/656/23 244/657/23 242/658/23 241/659/23
f 248/660/41 243/661/41 241/653/41 246/652/41
f 247/662/24 248/663/24 246/664/24 245/665/24
f 246/666/42 241/667/42 242/668/42 245/669/42
f 247/670/43 244/671/43 243/622/43 248/672/43
f 252/673/36 255/674/36 253/675/36 250/676/36
f 251/677/23 252/678/23 250/679/23 249/680/23
f 256/681/37 251/682/37 249/683/37 254/684/37
f 255/685/24 256/686/24 254/687/24 253/688/24
f 254/689/38 249/690/38 250/379/38 253/691/38
f 255/692/39 252/352/39 251/527/39 256/693/39
f 260/694/44 263/695/44 261/696/44 258/697/44
f 259/698/23 260/699/23 258/700/23 257/701/23
f 264/702/45 259/703/45 257/704/45 262/705/45
f 263/706/24 264/707/24 262/708/24 261/709/24
f 262/710/46 257/711/46 258/712/46 261/713/46
f 263/714/47 260/715/47 259/716/47 264/717/47
f 268/718/36 271/719/36 269/720/36 266/721/36
f 267/722/23 268/723/23 266/724/23 265/725/23
f 272/726/37 267/727/37 265/728/37 270/729/37
f 271/730/24 272/731/24 270/732/24 269/733/24
f 270/734/38 265/735/38 266/736/38 269/737/38
f 271/738/39 268/739/39 267/740/39 272/741/39
f 276/742/36 279/743/36 277/744/36 274/745/36
f 275/746/23 276/747/23 274/748/23 273/749/23
f 280/750/37 275/751/37 273/752/37 278/753/37
f 279/754/24 280/755/24 278/756/24 277/757/24
f 278/758/38 273/759/38 274/760/38 277/761/38
f 279/762/39 276/763/39 275/760/39 280/761/39
f 284/764/36 287/765/36 285/766/36 282/767/36
f 283/768/23 284/769/23 282/770/23 281/771/23
f 288/772/37 283/773/37 281/774/37 286/775/37
f 287/776/24 288/777/24 286/778/24 285/779/24
f 286/780/38 281/781/38 282/699/38 285/782/38
f 287/783/39 284/784/39 283/785/39 288/786/39
f 292/787/44 295/788/44 293/789/44 290/790/44
f 291/791/46 292/792/46 290/793/46 289/794/46
f 296/795/45 291/796/45 289/797/45 294/798/45
f 295/799/47 296/800/47 294/801/47 293/802/47
f 294/803/24 289/804/24 290/805/24 293/806/24
f 295/807/23 292/808/23 291/809/23 296/810/23
f 300/811/48 303/812/48 301/813/48 298/814/48
f 299/815/49 300/816/49 298/817/49 297/818/49
f 304/819/50 299/820/50 297/812/50 302/811/50
f 303/816/51 304/821/51 302/822/51 301/817/51
f 302/823/24 297/824/24 298/825/24 301/826/24
f 303/827/23 300/828/23 299/829/23 304/830/23
f 308/831/52 311/832/52 309/820/52 306/819/52
f 307/821/53 308/833/53 306/834/53 305/822/53
f 312/835/54 307/836/54 305/837/54 310/838/54
f 311/833/55 312/839/55 310/840/55 309/834/55
f 310/827/24 305/828/24 306/841/24 309/842/24
f 311/843/23 308/844/23 307/841/23 312/842/23
f 316/845/56 319/846/56 317/847/56 314/848/56
f 315/849/23 316/513/23 314/850/23 313/851/23
f 320/846/57 315/852/57 313/853/57 318/847/57
f 319/767/24 320/854/24 318/855/24 317/856/24
f 318/857/58 313/858/58 314/859/58 317/860/58
f 319/861/59 316/862/59 315/863/59 320/864/59
f 324/865/56 327/866/56 325/867/56 322/868/56
f 323/869/60 324/870/60 322/871/60 321/872/60
f 328/866/57 323/873/57 321/874/57 326/867/57
f 327/875/61 328/876/61 326/676/61 325/877/61
f 326/878/62 321/879/62 322/880/62 325/881/62
f 327/882/63 324/883/63 323/884/63 328/885/63
f 332/886/56 335/887/56 333/888/56 330/889/56
f 331/890/62 332/891/62 330/892/62 329/893/62
f 336/894/57 331/895/57 329/896/57 334/897/57
f 335/898/63 336/899/63 334/900/63 333/901/63
f 334/902/61 329/903/61 330/904/61 333/905/61
f 335/906/60 332/907/60 331/908/60 336/909/60
f 340/286/56 343/910/56 341/911/56 338/912/56
f 339/913/64 340/914/64 338/915/64 337/916/64
f 344/917/57 339/918/57 337/919/57 342/920/57
f 343/921/65 344/922/65 342/923/65 341/924/65
f 342/925/66 337/926/66 338/927/66 341/928/66
f 343/929/67 340/930/67 339/931/67 344/932/67
f 348/933/56 351/934/56 349/935/56 346/936/56
f 347/937/23 348/938/23 346/939/23 345/940/23
f 352/934/57 347/941/57 345/942/57 350/935/57
f 351/705/24 352/943/24 350/944/24 349/945/24
f 350/946/58 345/947/58 346/948/58 349/949/58
f 351/950/59 348/951/59 347/952/59 352/953/59
f 356/954/56 359/955/56 357/956/56 354/957/56
f 355/958/62 356/959/62 354/960/62 353/961/62
f 360/962/57 355/963/57 353/964/57 358/965/57
f 359/854/63 360/966/63 358/967/63 357/968/63
f 358/969/61 353/970/61 354/337/61 357/971/61
f 359/972/60 356/973/60 355/974/60 360/975/60
f 364/976/56 367/977/56 365/978/56 362/979/56
f 363/980/62 364/981/62 362/982/62 361/983/62
f 368/984/57 363/985/57 361/986/57 366/987/57
f 367/988/63 368/989/63 366/981/63 365/980/63
f 366/990/61 361/969/61 362/971/61 365/338/61
f 367/991/60 364/992/60 363/993/60 368/994/60
f 372/995/56 375/996/56 373/997/56 370/998/56
f 371/999/62 372/1000/62 370/989/62 369/988/62
f 376/1001/57 371/1002/57 369/1003/57 374/1004/57
f 375/1005/63 376/1006/63 374/1000/63 373/999/63
f 374/354/61 369/994/61 370/991/61 373/1007/61
f 375/1008/60 372/1009/60 371/333/60 376/1010/60
f 380/1011/56 383/1012/56 381/1013/56 378/1014/56
f 379/1015/62 380/1016/62 378/1017/62 377/1018/62
f 384/1019/57 379/1020/57 377/1021/57 382/1022/57
f 383/1023/63 384/1024/63 382/1016/63 381/1015/63
f 382/1025/61 377/1026/61 378/1027/61 381/1028/61
f 383/1029/60 380/1030/60 379/1031/60 384/1032/60
f 388/1033/56 391/1034/56 389/1035/56 386/1036/56
f 387/1037/24 388/1038/24 386/1039/24 385/1040/24
f 392/1041/57 387/1042/57 385/1043/57 390/1044/57
f 391/1045/23 392/1046/23 390/872/23 389/1047/23
f 390/1048/59 385/1049/59 386/1050/59 389/1051/59
f 391/1052/58 388/1053/58 387/1054/58 392/1055/58
f 396/1056/56 399/1057/56 397/1058/56 394/1059/56
f 395/1060/62 396/1061/62 394/1062/62 393/1063/62
f 400/1064/57 395/1065/57 393/1066/57 398/1067/57
f 399/1018/63 400/1017/63 398/1068/63 397/1069/63
f 398/1070/61 393/1071/61 394/1072/61 397/1073/61
f 399/1050/60 396/1074/60 395/1075/60 400/1049/60
f 404/1076/56 407/1077/56 405/1078/56 402/1079/56
f 403/1080/60 404/673/60 402/876/60 401/875/60
f 408/1077/57 403/1081/57 401/1082/57 406/1078/57
f 407/1063/61 408/1062/61 406/1083/61 405/1084/61
f 406/1085/62 401/1086/62 402/1087/62 405/1088/62
f 407/1089/63 404/1088/63 403/1085/63 408/1090/63
f 412/1091/56 415/1092/56 413/1093/56 410/1094/56
f 411/1095/68 412/1096/68 410/1097/68 409/1098/68
f 416/1099/57 411/1100/57 409/1101/57 414/1102/57
f 415/983/69 416/982/69 414/1103/69 413/1104/69
f 414/1105/70 409/1106/70 410/1107/70 413/1108/70
f 415/1109/71 412/1108/71 411/1105/71 416/1110/71
f 420/1111/56 423/1112/56 421/1113/56 418/1114/56
f 419/1115/24 420/1116/24 418/1117/24 417/1118/24
f 424/1119/57 419/1120/57 417/1112/57 422/1111/57
f 423/1098/23 424/1121/23 422/1122/23 421/1123/23
f 422/1124/59 417/1125/59 418/1126/59 421/1127/59
f 423/1128/58 420/1127/58 419/1124/58 424/1129/58
f 428/1130/56 431/1131/56 429/1132/56 426/1133/56
f 427/1134/60 428/1135/60 426/1006/60 425/1005/60
f 432/1136/57 427/1137/57 425/1138/57 430/1139/57
f 431/1140/61 432/1141/61 430/1135/61 429/1134/61
f 430/1142/62 425/1010/62 426/1008/62 429/1143/62
f 431/1144/63 428/1145/63 427/1146/63 432/1147/63
f 436/1148/56 439/1149/56 437/1150/56 434/1151/56
f 435/1152/60 436/1153/60 434/1024/60 433/1023/60
f 440/1154/57 435/1155/57 433/1156/57 438/1157/57
f 439/1158/61 440/1159/61 438/1153/61 437/1152/61
f 438/1160/62 433/1161/62 434/1162/62 437/1163/62
f 439/1164/63 436/1165/63 435/1166/63 440/498/63
f 444/1167/56 447/1168/56 445/1169/56 442/1170/56
f 443/1171/60 444/1172/60 442/1173/60 441/1174/60
f 448/1175/57 443/1176/57 441/1177/57 446/1178/57
f 447/1179/61 448/1180/61 446/1172/61 445/1171/61
f 446/1181/62 441/1147/62 442/1144/62 445/1182/62
f 447/1183/63 444/1182/63 443/1181/63 448/1184/63
f 452/1185/56 455/1186/56 453/1187/56 450/1188/56
f 451/1189/60 452/1190/60 450/721/60 449/1191/60
f 456/1192/57 451/1193/57 449/1194/57 454/1195/57
f 455/1196/61 456/1197/61 454/1190/61 453/1189/61
f 454/629/62 449/1198/62 450/1199/62 453/1200/62
f 455/1201/63 452/1202/63 451/1203/63 456/1204/63
f 460/1205/72 463/1206/72 461/1207/72 458/1208/72
f 459/1209/58 460/1210/58 458/1211/58 457/1212/58
f 464/1213/73 459/1214/73 457/1215/73 462/1216/73
f 463/1217/59 464/1218/59 462/1219/59 461/1220/59
f 462/926/74 457/1221/74 458/1222/74 461/1223/74
f 463/1224/75 460/1225/75 459/1226/75 464/1227/75
f 468/1228/76 471/1229/76 469/1230/76 466/1231/76
f 467/1232/58 468/1233/58 466/1234/58 465/1235/58
f 472/1229/77 467/1236/77 465/1237/77 470/1230/77
f 471/1238/59 472/1239/59 470/1240/59 469/1241/59
f 470/1242/78 465/1243/78 466/1244/78 469/1245/78
f 471/1246/79 468/1247/79 467/1248/79 472/1249/79
f 476/1250/80 479/1222/80 477/1251/80 474/1252/80
f 475/1253/58 476/1254/58 474/1255/58 473/1256/58
f 480/1257/81 475/1258/81 473/1259/81 478/1260/81
f 479/1261/59 480/1262/59 478/1263/59 477/1264/59
f 478/1265/82 473/1266/82 474/1267/82 477/1268/82
f 479/1269/83 476/1270/83 475/1267/83 480/1268/83
f 484/1271/44 487/1272/44 485/1273/44 482/1274/44
f 483/1275/46 484/1276/46 482/1277/46 481/1278/46
f 488/1279/45 483/1280/45 481/1272/45 486/1271/45
f 487/1281/47 488/1282/47 486/1283/47 485/1284/47
f 486/1285/24 481/1286/24 482/1287/24 485/1288/24
f 487/1289/23 484/1290/23 483/1291/23 488/1292/23
f 492/1293/84 495/1294/84 493/1295/84 490/1296/84
f 491/1297/58 492/1298/58 490/1299/58 489/1300/58
f 496/1301/85 491/1302/85 489/1303/85 494/1304/85
f 495/1298/59 496/1305/59 494/1306/59 493/1299/59
f 494/843/86 489/844/86 490/1307/86 493/1308/86
f 495/1309/87 492/1310/87 491/1311/87 496/1312/87
f 500/1313/56 503/1314/56 501/1315/56 498/1316/56
f 499/1317/58 500/1318/58 498/1319/58 497/1320/58
f 504/1321/57 499/1322/57 497/1323/57 502/1324/57
f 503/1325/59 504/1326/59 502/1327/59 501/1328/59
f 502/1329/24 497/1330/24 498/1331/24 501/1332/24
f 503/1333/23 500/1334/23 499/1335/23 504/1336/23
f 508/1337/44 511/1338/44 509/1339/44 506/1340/44
f 507/1341/46 508/1342/46 506/1343/46 505/1344/46
f 512/1342/45 507/1345/45 505/1346/45 510/1343/45
f 511/1296/47 512/1295/47 510/1347/47 509/1348/47
f 510/1349/24 505/1350/24 506/1351/24 509/1352/24
f 511/1213/23 508/1353/23 507/1354/23 512/1216/23
f 516/1355/88 519/1356/88 517/1357/88 514/1358/88
f 515/1359/58 516/1360/58 514/454/58 513/1361/58
f 520/1362/89 515/1363/89 513/1364/89 518/1365/89
f 519/1366/59 520/1367/59 518/459/59 517/1368/59
f 518/1369/90 513/1370/90 514/1371/90 517/1372/90
f 519/1373/91 516/1374/91 515/1375/91 520/1376/91
f 524/1377/44 527/1055/44 525/1378/44 522/1379/44
f 523/1380/46 524/1381/46 522/1382/46 521/1383/46
f 528/1384/45 523/1385/45 521/1386/45 526/1387/45
f 527/1388/47 528/1389/47 526/1390/47 525/1391/47
f 526/1392/24 521/1393/24 522/1394/24 525/1395/24
f 527/1396/23 524/1397/23 523/1398/23 528/1399/23
f 532/392/56 535/1400/56 533/1401/56 530/393/56
f 531/1402/58 532/1403/58 530/1404/58 529/1405/58
f 536/364/57 531/1406/57 529/1407/57 534/365/57
f 535/1408/59 536/1409/59 534/1410/59 533/1411/59
f 534/1412/24 529/1413/24 530/1414/24 533/1415/24
f 535/1416/23 532/1417/23 531/1414/23 536/1415/23
f 540/1418/46 543/1419/46 541/1420/46 538/1421/46
f 539/1419/45 540/1422/45 538/1423/45 537/1420/45
f 544/1424/47 539/1425/47 537/1426/47 542/1427/47
f 543/1428/44 544/1429/44 542/1430/44 541/1431/44
f 542/1432/24 537/1433/24 538/1391/24 541/1434/24
f 543/1435/23 540/1434/23 539/1432/23 544/1436/23
f 548/1437/92 551/1438/92 549/1439/92 546/1440/92
f 547/1441/93 548/1442/93 546/1443/93 545/1444/93
f 552/1372/94 547/1445/94 545/1446/94 550/1447/94
f 551/1448/95 552/1449/95 550/1450/95 549/1451/95
f 550/1452/96 545/1453/96 546/1454/96 549/1455/96
f 551/1392/97 548/1393/97 547/1456/97 552/1457/97
f 556/1458/56 559/1459/56 557/1460/56 554/433/56
f 555/1461/58 556/1462/58 554/1463/58 553/1464/58
f 560/1465/57 555/1466/57 553/1467/57 558/1468/57
f 559/1469/59 560/1470/59 558/1471/59 557/1472/59
f 558/1473/24 553/1474/24 554/1475/24 557/1476/24
f 559/1477/23 556/1478/23 555/1479/23 560/1480/23
f 564/1481/46 567/1482/46 565/1483/46 562/1484/46
f 563/1485/45 564/1486/45 562/1487/45 561/1488/45
f 568/1489/47 563/1490/47 561/1491/47 566/1492/47
f 567/1493/44 568/1494/44 566/1495/44 565/1496/44
f 566/1497/24 561/1498/24 562/1499/24 565/1500/24
f 567/1501/23 564/1502/23 563/1503/23 568/1504/23
f 572/1505/98 575/1506/98 573/1507/98 570/1508/98
f 571/1509/99 572/1510/99 570/1511/99 569/1512/99
f 576/1513/100 571/1514/100 569/1515/100 574/1516/100
f 575/1517/101 576/1518/101 574/1519/101 573/1520/101
f 574/1521/24 569/1522/24 570/1523/24 573/1524/24
f 575/1525/23 572/1526/23 571/1527/23 576/1528/23
f 580/1529/102 583/1530/102 581/1531/102 578/1532/102
f 579/1533/103 580/1534/103 578/1535/103 577/1536/103
f 584/1537/104 579/1538/104 577/1539/104 582/1540/104
f 583/1541/105 584/1542/105 582/1543/105 581/1544/105
f 582/1545/24 577/774/24 578/773/24 581/1546/24
f 583/1505/23 580/870/23 579/871/23 584/1508/23
f 588/1547/56 591/1548/56 589/1549/56 586/1550/56
f 587/1551/58 588/1552/58 586/1553/58 585/1554/58
f 592/1555/57 587/1556/57 585/1557/57 590/1558/57
f 591/1559/59 592/1560/59 590/1561/59 589/1562/59
f 590/1563/24 585/1564/24 586/1565/24 589/1566/24
f 591/1567/23 588/1568/23 587/1569/23 592/1570/23
f 596/1571/56 599/1572/56 597/1573/56 594/427/56
f 595/1574/58 596/1575/58 594/1576/58 593/1577/58
f 600/1578/57 595/1579/57 593/1580/57 598/311/57
f 599/738/59 600/1581/59 598/1582/59 597/741/59
f 598/1583/24 593/1584/24 594/1585/24 597/1586/24
f 599/1587/23 596/1588/23 595/1589/23 600/1590/23
f 604/1591/56 607/1592/56 605/1593/56 602/1594/56
f 603/1595/58 604/1596/58 602/1597/58 601/1598/58
f 608/1599/57 603/1600/57 601/1601/57 606/1602/57
f 607/1603/59 608/1604/59 606/1605/59 605/1606/59
f 606/1607/24 601/1608/24 602/1609/24 605/1610/24
f 607/1611/23 604/1610/23 603/1607/23 608/1612/23
f 612/1613/44 615/1614/44 613/1615/44 610/1616/44
f 611/1617/46 612/1618/46 610/1619/46 609/1620/46
f 616/1621/45 611/1622/45 609/1623/45 614/1624/45
f 615/1625/47 616/1626/47 614/1622/47 613/1621/47
f 614/1627/24 609/1628/24 610/1629/24 613/1630/24
f 615/1631/23 612/1632/23 611/1629/23 616/1630/23
f 620/1633/44 623/1634/44 621/1635/44 618/1636/44
f 619/1637/46 620/1638/46 618/1639/46 617/1640/46
f 624/1641/45 619/1642/45 617/1643/45 622/1644/45
f 623/1645/47 624/1646/47 622/1647/47 621/1648/47
f 622/1649/24 617/1650/24 618/1651/24 621/1652/24
f 623/1627/23 620/1628/23 619/1653/23 624/1654/23
f 628/1655/106 631/1656/106 629/1657/106 626/1658/106
f 627/1659/107 628/1660/107 626/1661/107 625/1662/107
f 632/1656/108 627/1663/108 625/1664/108 630/1657/108
f 631/1665/109 632/1666/109 630/1667/109 629/1668/109
f 630/1669/24 625/1273/24 626/1272/24 629/1670/24
f 631/1671/23 628/1280/23 627/1272/23 632/1670/23
f 636/1672/110 639/1673/110 637/1674/110 634/1675/110
f 635/1676/111 636/1677/111 634/1678/111 633/1679/111
f 640/1680/112 635/1681/112 633/1682/112 638/1683/112
f 639/1684/113 640/1685/113 638/769/113 637/1686/113
f 638/1687/24 633/1688/24 634/1689/24 637/1690/24
f 639/1691/23 636/1692/23 635/1689/23 640/1690/23
f 644/621/56 647/1693/56 645/1694/56 642/1695/56
f 643/1696/58 644/1697/58 642/1698/58 641/1699/58
f 648/1700/57 643/1701/57 641/1702/57 646/704/57
f 647/1703/59 648/1704/59 646/1705/59 645/1706/59
f 646/1707/24 641/1708/24 642/1709/24 645/1710/24
f 647/1711/23 644/1712/23 643/1713/23 648/1714/23
f 652/1715/82 655/1716/82 653/1717/82 650/1718/82
f 651/447/58 652/1719/58 650/1720/58 649/1721/58
f 656/1719/83 651/1722/83 649/1723/83 654/1720/83
f 655/1722/59 656/1724/59 654/1725/59 653/1723/59
f 654/1726/81 649/1727/81 650/1728/81 653/1729/81
f 655/1730/80 652/1729/80 651/1726/80 656/1731/80
f 660/1732/82 663/1733/82 661/1734/82 658/1735/82
f 659/1736/58 660/1737/58 658/1738/58 657/1739/58
f 664/1737/83 659/1740/83 657/1741/83 662/1738/83
f 663/1740/59 664/1742/59 662/1743/59 661/1741/59
f 662/1744/81 657/1745/81 658/1746/81 661/1747/81
f 663/1748/80 660/1747/80 659/1744/80 664/1749/80
f 668/1742/82 671/1750/82 669/1751/82 666/1743/82
f 667/1750/58 668/1752/58 666/1753/58 665/1751/58
f 672/1752/83 667/1754/83 665/1755/83 670/1753/83
f 671/1754/59 672/1756/59 670/1757/59 669/1755/59
f 670/1758/81 665/1749/81 666/1748/81 669/1759/81
f 671/1760/80 668/1759/80 667/1758/80 672/1761/80
f 676/1762/44 679/1763/44 677/1764/44 674/1765/44
f 675/1766/23 676/1767/23 674/1768/23 673/1769/23
f 680/1770/45 675/1771/45 673/1772/45 678/1773/45
f 679/1774/24 680/1775/24 678/1776/24 677/1777/24
f 678/1778/46 673/1779/46 674/1780/46 677/1781/46
f 679/662/47 676/1782/47 675/1783/47 680/1784/47
f 684/1756/82 687/1785/82 685/1786/82 682/1757/82
f 683/1785/58 684/1787/58 682/1788/58 681/1786/58
f 688/1789/83 683/1790/83 681/1791/83 686/1792/83
f 687/1790/59 688/1793/59 686/1794/59 685/1791/59
f 686/1795/81 681/1761/81 682/1760/81 685/1796/81
f 687/1797/80 684/1796/80 683/1795/80 688/1798/80
f 692/1799/82 695/1310/82 693/1800/82 690/1801/82
f 691/1802/58 692/1803/58 690/1804/58 689/1805/58
f 696/1803/83 691/1806/83 689/1807/83 694/1804/83
f 695/1806/59 696/1808/59 694/1809/59 693/1807/59
f 694/1810/81 689/1731/81 690/1730/81 693/1811/81
f 695/1746/80 692/1812/80 691/1813/80 696/1745/80
f 700/1814/82 703/1815/82 701/1816/82 698/1817/82
f 699/1815/58 700/1312/58 698/1818/58 697/1816/58
f 704/1312/83 699/1819/83 697/1820/83 702/1818/83
f 703/1819/59 704/1821/59 702/1822/59 701/1820/59
f 702/1823/81 697/1824/81 698/1825/81 701/1826/81
f 703/1827/80 700/1828/80 699/1829/80 704/1830/80
f 708/1831/56 711/1832/56 709/1833/56 706/1834/56
f 707/1835/58 708/1836/58 706/1837/58 705/1838/58
f 712/1839/57 707/1840/57 705/1841/57 710/1842/57
f 711/1836/59 712/1843/59 710/1844/59 709/1837/59
f 710/1840/24 705/1839/24 706/1845/24 709/1846/24
f 711/1847/23 708/1848/23 707/1845/23 712/1846/23
f 716/1849/56 719/1850/56 717/1851/56 714/1852/56
f 715/1853/58 716/1854/58 714/1855/58 713/1856/58
f 720/1857/57 715/1858/57 713/1859/57 718/1860/57
f 719/1854/59 720/1861/59 718/1862/59 717/1855/59
f 718/1863/24 713/1864/24 714/1865/24 717/1866/24
f 719/1867/23 716/1868/23 715/1865/23 720/1866/23
f 724/1869/56 727/1870/56 725/1871/56 722/1872/56
f 723/1873/58 724/1874/58 722/1875/58 721/1876/58
f 728/1877/57 723/1878/57 721/1879/57 726/1880/57
f 727/1881/59 728/1882/59 726/1883/59 725/1884/59
f 726/1885/24 721/1886/24 722/1887/24 725/1888/24
f 727/1889/23 724/1890/23 723/1891/23 728/1892/23
f 732/1893/46 735/1894/46 733/1895/46 730/1896/46
f 731/1897/23 732/1898/23 730/1566/23 729/1899/23
f 736/1894/47 731/1900/47 729/1901/47 734/1895/47
f 735/1902/24 736/1903/24 734/1904/24 733/1905/24
f 734/1906/45 729/1907/45 730/1908/45 733/1909/45
f 735/1910/44 732/1490/44 731/1908/44 736/1909/44
f 740/1911/44 743/610/44 741/597/44 738/1912/44
f 739/1913/23 740/1914/23 738/1915/23 737/1916/23
f 744/1917/45 739/1918/45 737/1919/45 742/1920/45
f 743/1921/24 744/1922/24 742/1923/24 741/1924/24
f 742/586/46 737/1925/46 738/1926/46 741/1927/46
f 743/1928/47 740/1572/47 739/1448/47 744/1929/47
f 748/1309/72 751/1802/72 749/1930/72 746/1312/72
f 747/1931/58 748/1932/58 746/1933/58 745/1934/58
f 752/1935/73 747/1936/73 745/1937/73 750/1938/73
f 751/1939/59 752/1940/59 750/1941/59 749/1942/59
f 750/1943/74 745/1944/74 746/1945/74 749/1946/74
f 751/1947/75 748/1948/75 747/1949/75 752/1950/75
f 756/1951/72 759/1952/72 757/1953/72 754/1954/72
f 755/1955/58 756/1956/58 754/531/58 753/525/58
f 760/1957/73 755/1958/73 753/1959/73 758/1960/73
f 759/1961/59 760/1962/59 758/1963/59 757/1964/59
f 758/1936/74 753/1935/74 754/1965/74 757/1966/74
f 759/1967/75 756/1968/75 755/1965/75 760/1966/75
f 764/1969/72 767/1970/72 765/1971/72 762/1972/72
f 763/1973/58 764/1974/58 762/1626/58 761/1625/58
f 768/1975/73 763/1976/73 761/1977/73 766/1978/73
f 767/1979/59 768/1980/59 766/1974/59 765/1973/59
f 766/1981/74 761/1982/74 762/1983/74 765/1984/74
f 767/1985/75 764/1986/75 763/1983/75 768/1984/75
f 772/1195/114 775/1987/114 773/1988/114 770/1989/114
f 771/1990/58 772/1991/58 770/1967/58 769/1968/58
f 776/1992/115 771/1993/115 769/1994/115 774/1995/115
f 775/1996/59 776/1997/59 774/1998/59 773/1999/59
f 774/2000/116 769/2001/116 770/2002/116 773/2003/116
f 775/2004/117 772/1903/117 771/2005/117 776/2006/117
f 780/1611/72 783/2007/72 781/2008/72 778/1612/72
f 779/2009/118 780/2010/118 778/2011/118 777/2012/118
f 784/2013/73 779/2014/73 777/2015/73 782/2016/73
f 783/2017/119 784/2018/119 782/2019/119 781/2020/119
f 782/1673/120 777/2021/120 778/2022/120 781/2023/120
f 783/2024/121 780/2025/121 779/2026/121 784/2027/121
f 788/2028/56 791/2029/56 789/2030/56 786/2031/56
f 787/2032/58 788/2033/58 786/2034/58 785/2035/58
f 792/2036/57 787/2037/57 785/2038/57 790/2039/57
f 791/2040/59 792/2041/59 790/2042/59 789/2043/59
f 790/1789/24 785/1787/24 786/2044/24 789/2045/24
f 791/1833/23 788/1834/23 787/2046/23 792/2047/23
f 796/2048/56 799/2049/56 797/2050/56 794/2051/56
f 795/2052/58 796/2053/58 794/1806/58 793/1803/58
f 800/2054/57 795/2055/57 793/2056/57 798/2057/57
f 799/2053/59 800/2058/59 798/1808/59 797/1806/59
f 798/2059/24 793/2060/24 794/2061/24 797/2062/24
f 799/2063/23 796/2064/23 795/2061/23 800/2062/23
f 804/2065/122 807/2066/122 805/2067/122 802/2068/122
f 803/2069/58 804/2070/58 802/2071/58 801/2072/58
f 808/2070/123 803/2073/123 801/2074/123 806/2071/123
f 807/2073/59 808/2075/59 806/2076/59 805/2074/59
f 806/2077/124 801/2078/124 802/2079/124 805/2080/124
f 807/1835/125 804/2081/125 803/2082/125 808/1838/125
f 812/2083/56 815/2084/56 813/1985/56 810/1986/56
f 811/2085/58 812/2086/58 810/2087/58 809/2088/58
f 816/2089/57 811/2090/57 809/2084/57 814/2083/57
f 815/2091/59 816/2092/59 814/2093/59 813/2094/59
f 814/2095/24 809/2096/24 810/2097/24 813/2098/24
f 815/1863/23 812/1864/23 811/2097/23 816/2098/23
f 820/2099/56 823/2100/56 821/2101/56 818/2102/56
f 819/2103/58 820/1041/58 818/2104/58 817/2105/58
f 824/2106/57 819/299/57 817/2107/57 822/2108/57
f 823/2109/59 824/2110/59 822/2111/59 821/2112/59
f 822/2113/24 817/2114/24 818/2115/24 821/2116/24
f 823/2117/23 820/2118/23 819/2115/23 824/2116/23
f 828/2119/122 831/2120/122 829/2121/122 826/2122/122
f 827/2120/58 828/2123/58 826/2124/58 825/2121/58
f 832/2125/123 827/2126/123 825/2127/123 830/2128/123
f 831/2129/59 832/2130/59 830/2131/59 829/2132/59
f 830/2133/124 825/2008/124 826/2007/124 829/2134/124
f 831/2135/125 828/2134/125 827/2133/125 832/2136/125
f 836/2137/36 839/2138/36 837/2139/36 834/2140/36
f 835/2141/23 836/2142/23 834/2143/23 833/2144/23
f 840/2145/37 835/2146/37 833/2147/37 838/2148/37
f 839/2142/24 840/2149/24 838/2150/24 837/2143/24
f 838/2151/38 833/2152/38 834/2153/38 837/2154/38
f 839/2155/39 836/2156/39 835/2157/39 840/2158/39
f 844/2159/56 847/2160/56 845/2161/56 842/2162/56
f 843/2149/23 844/2163/23 842/2164/23 841/2150/23
f 848/2165/57 843/2166/57 841/2167/57 846/2168/57
f 847/2169/24 848/2170/24 846/2171/24 845/2172/24
f 846/2173/58 841/2158/58 842/2155/58 845/2174/58
f 847/948/59 844/2175/59 843/2176/59 848/947/59
f 852/2177/40 855/2178/40 853/2179/40 850/2180/40
f 851/2181/23 852/2182/23 850/2183/23 849/2184/23
f 856/2185/41 851/2186/41 849/2146/41 854/2145/41
f 855/2172/24 856/2187/24 854/611/24 853/1911/24
f 854/2188/42 849/2189/42 850/2190/42 853/2191/42
f 855/2192/43 852/2193/43 851/2194/43 856/2195/43
f 860/2194/44 863/2195/44 861/2196/44 858/2197/44
f 859/2198/23 860/2199/23 858/2200/23 857/2201/23
f 864/2202/45 859/2203/45 857/2204/45 862/2205/45
f 863/2199/24 864/2206/24 862/2207/24 861/2200/24
f 862/2203/46 857/2202/46 858/2208/46 861/2209/46
f 863/2210/47 860/2211/47 859/2212/47 864/2213/47
f 868/2214/126 871/2215/126 869/2216/126 866/2217/126
f 867/2218/127 868/2219/127 866/1997/127 865/1996/127
f 872/2220/128 867/2221/128 865/2222/128 870/2223/128
f 871/2096/129 872/2095/129 870/2219/129 869/2218/129
f 870/2224/130 865/2225/130 866/2226/130 869/2227/130
f 871/2228/131 868/1506/131 867/1507/131 872/645/131
f 876/2229/56 879/2230/56 877/2231/56 874/2232/56
f 875/2233/58 876/2234/58 874/2235/58 873/2236/58
f 880/2237/57 875/2238/57 873/2239/57 878/2240/57
f 879/2241/59 880/2242/59 878/2243/59 877/2244/59
f 878/2245/24 873/2246/24 874/945/24 877/2247/24
f 879/2248/23 876/2249/23 875/2250/23 880/2251/23
f 884/2252/80 887/1778/80 885/2253/80 882/2254/80
f 883/777/58 884/2255/58 882/2256/58 881/778/58
f 888/2257/81 883/736/81 881/735/81 886/2258/81
f 887/2255/59 888/1661/59 886/2259/59 885/2256/59
f 886/2260/82 881/2261/82 882/2262/82 885/2263/82
f 887/2226/83 884/1546/83 883/1545/83 888/2225/83
f 892/2154/56 895/2264/56 893/2265/56 890/2266/56
f 891/2267/58 892/2268/58 890/2269/58 889/2270/58
f 896/918/57 891/1879/57 889/2271/57 894/1655/57
f 895/2272/59 896/2273/59 894/2274/59 893/2275/59
f 894/755/24 889/754/24 890/2276/24 893/2277/24
f 895/2278/23 892/1982/23 891/2276/23 896/2277/23
f 900/2279/57 903/2280/57 901/2281/57 898/2282/57
f 899/2283/59 900/2284/59 898/1270/59 897/2285/59
f 904/2286/56 899/2287/56 897/2288/56 902/2289/56
f 903/2290/58 904/2291/58 902/2284/58 901/2283/58
f 902/2292/24 897/2293/24 898/2294/24 901/2295/24
f 903/2296/23 900/2297/23 899/2298/23 904/2299/23
f 908/2280/57 911/2300/57 909/2301/57 906/2281/57
f 907/2302/59 908/2303/59 906/2304/59 905/2305/59
f 912/2300/56 907/2306/56 905/2307/56 910/2301/56
f 911/2308/58 912/2309/58 910/2303/58 909/2302/58
f 910/2310/24 905/2311/24 906/2312/24 909/2313/24
f 911/2314/23 908/2313/23 907/2310/23 912/2315/23
f 916/2306/57 919/2316/57 917/2317/57 914/2307/57
f 915/2316/59 916/2318/59 914/2319/59 913/2317/59
f 920/2320/56 915/2321/56 913/2322/56 918/2323/56
f 919/2324/58 920/2325/58 918/2321/58 917/2320/58
f 918/2326/24 913/2327/24 914/895/24 917/2328/24
f 919/2329/23 916/2328/23 915/2326/23 920/2330/23
f 924/2329/57 927/2331/57 925/2332/57 922/2330/57
f 923/2333/59 924/2334/59 922/2335/59 921/2336/59
f 928/2337/56 923/2338/56 921/2339/56 926/2340/56
f 927/2334/58 928/2341/58 926/2342/58 925/2335/58
f 926/2343/24 921/2344/24 922/2345/24 925/2346/24
f 927/2347/23 924/2346/23 923/2343/23 928/2348/23
f 932/839/56 935/2349/56 933/2350/56 930/840/56
f 931/2351/132 932/2214/132 930/2352/132 929/2353/132
f 936/2354/57 931/1297/57 929/1300/57 934/2355/57
f 935/2356/133 936/2357/133 934/2358/133 933/2359/133
f 934/2360/134 929/2361/134 930/2362/134 933/2363/134
f 935/2364/135 932/2365/135 931/2366/135 936/2367/135
f 940/2368/56 943/2369/56 941/2370/56 938/2371/56
f 939/2372/23 940/776/23 938/579/23 937/479/23
f 944/2373/57 939/2374/57 937/2375/57 942/2376/57
f 943/2377/24 944/933/24 942/936/24 941/2378/24
f 942/2379/58 937/853/58 938/2380/58 941/2381/58
f 943/2382/59 940/2383/59 939/2384/59 944/2385/59
f 948/2386/56 951/2387/56 949/2388/56 946/2389/56
f 947/2390/24 948/2391/24 946/2392/24 945/2393/24
f 952/2394/57 947/2395/57 945/2396/57 950/2397/57
f 951/2398/23 952/2399/23 950/2400/23 949/2401/23
f 950/2402/59 945/2403/59 946/2404/59 949/2405/59
f 951/2406/58 948/2407/58 947/2408/58 952/2409/58
f 956/2410/56 959/2411/56 957/2412/56 954/2413/56
f 955/2414/136 956/2415/136 954/2416/136 953/2417/136
f 960/2411/57 955/1715/57 953/1718/57 958/2412/57
f 959/2418/137 960/2419/137 958/2415/137 957/2414/137
f 958/2420/138 953/2421/138 954/2422/138 957/2423/138
f 959/1091/139 956/2423/139 955/2420/139 960/1094/139
f 964/2424/56 967/2425/56 965/2426/56 962/2427/56
f 963/2428/24 964/2429/24 962/2430/24 961/2431/24
f 968/2432/57 963/2433/57 961/2434/57 966/2435/57
f 967/2436/23 968/2437/23 966/2438/23 965/2439/23
f 966/2440/59 961/2441/59 962/2442/59 965/2443/59
f 967/2444/58 964/2445/58 963/2446/58 968/2447/58
f 972/2448/56 975/2449/56 973/1435/56 970/2450/56
f 971/2451/23 972/2452/23 970/2453/23 969/2239/23
f 976/2454/57 971/2455/57 969/2456/57 974/2457/57
f 975/2458/24 976/2459/24 974/2460/24 973/2461/24
f 974/2462/58 969/2463/58 970/2464/58 973/2465/58
f 975/2119/59 972/2466/59 971/2467/59 976/2468/59
f 980/2469/140 983/2470/140 981/2471/140 978/2472/140
f 979/2473/58 980/2474/58 978/2475/58 977/2476/58
f 984/2477/141 979/2478/141 977/2474/141 982/2473/141
f 983/2479/59 984/2480/59 982/2478/59 981/2477/59
f 982/2481/142 977/2482/142 978/2483/142 981/2484/142
f 983/1369/143 980/2485/143 979/2486/143 984/2487/143
f 988/2488/140 991/2489/140 989/2490/140 986/2491/140
f 987/2492/58 988/2493/58 986/2494/58 985/2495/58
f 992/2496/141 987/2497/141 985/2489/141 990/2488/141
f 991/2498/59 992/2499/59 990/2493/59 989/2492/59
f 990/2500/142 985/2501/142 986/2502/142 989/2503/142
f 991/2504/143 988/2505/143 987/2506/143 992/2507/143
f 996/2508/56 999/2509/56 997/2510/56 994/1399/56
f 995/2511/58 996/2512/58 994/2513/58 993/2514/58
f 1000/2515/57 995/2516/57 993/2517/57 998/2518/57
f 999/2519/59 1000/2520/59 998/2512/59 997/2511/59
f 998/2521/24 993/2522/24 994/2523/24 997/2524/24
f 999/2525/23 996/2526/23 995/2527/23 1000/2528/23
f 1004/2529/56 1007/2530/56 1005/2531/56 1002/2532/56
f 1003/2533/58 1004/2534/58 1002/2535/58 1001/2536/58
f 1008/2537/57 1003/2538/57 1001/2539/57 1006/2540/57
f 1007/2541/59 1008/2542/59 1006/2534/59 1005/2533/59
f 1006/2525/24 1001/2526/24 1002/2543/24 1005/2544/24
f 1007/2545/23 1004/2524/23 1003/2521/23 1008/1697/23
f 1012/2295/140 1015/2546/140 1013/2547/140 1010/2548/140
f 1011/2549/58 1012/2550/58 1010/2551/58 1009/2552/58
f 1016/2553/141 1011/2554/141 1009/2555/141 1014/2556/141
f 1015/2472/59 1016/2471/59 1014/2554/59 1013/2553/59
f 1014/2557/142 1009/2558/142 1010/2559/142 1013/2560/142
f 1015/2561/143 1012/2562/143 1011/2563/143 1016/2564/143
f 1020/2565/140 1023/2566/140 1021/2567/140 1018/2568/140
f 1019/2569/58 1020/2570/58 1018/2571/58 1017/2572/58
f 1024/2491/141 1019/2490/141 1017/2573/141 1022/2574/141
f 1023/2575/59 1024/2576/59 1022/2577/59 1021/2578/59
f 1022/2457/142 1017/2448/142 1018/2579/142 1021/2580/142
f 1023/2581/143 1020/2582/143 1019/2583/143 1024/2584/143
f 1028/2585/28 1031/2472/28 1029/2553/28 1026/414/28
f 1027/2586/144 1028/2587/144 1026/2588/144 1025/2589/144
f 1032/2590/35 1027/2469/35 1025/2472/35 1030/2585/35
f 1031/2591/145 1032/2592/145 1030/2593/145 1029/2594/145
f 1030/2595/146 1025/2596/146 1026/2597/146 1029/2598/146
f 1031/2599/147 1028/701/147 1027/2600/147 1032/2601/147
f 1036/2602/148 1039/2603/148 1037/2604/148 1034/2605/148
f 1035/2606/149 1036/394/149 1034/2607/149 1033/2608/149
f 1040/2609/150 1035/2610/150 1033/2611/150 1038/2612/150
f 1039/2613/151 1040/2614/151 1038/2615/151 1037/2616/151
f 1038/2617/146 1033/2618/146 1034/2619/146 1037/2620/146
f 1039/758/147 1036/759/147 1035/2621/147 1040/2622/147
f 1044/2623/152 1047/2477/152 1045/2473/152 1042/2624/152
f 1043/2625/153 1044/1107/153 1042/2626/153 1041/2627/153
f 1048/2628/154 1043/2479/154 1041/2477/154 1046/2623/154
f 1047/2629/155 1048/2630/155 1046/2631/155 1045/2632/155
f 1046/2479/146 1041/2628/146 1042/2633/146 1045/2634/146
f 1047/2635/147 1044/2636/147 1043/2633/147 1048/2634/147
f 1052/2637/156 1055/2638/156 1053/2639/156 1050/2640/156
f 1051/2641/157 1052/2642/157 1050/2643/157 1049/2644/157
f 1056/2645/158 1051/2646/158 1049/2647/158 1054/2648/158
f 1055/2649/159 1056/2650/159 1054/2642/159 1053/2641/159
f 1054/2651/160 1049/1521/160 1050/1524/160 1053/2652/160
f 1055/2653/161 1052/2654/161 1051/2655/161 1056/2656/161
f 1060/2657/162 1063/1279/162 1061/1271/162 1058/2658/162
f 1059/2659/163 1060/2660/163 1058/2661/163 1057/2662/163
f 1064/2663/164 1059/2115/164 1057/2114/164 1062/1351/164
f 1063/2660/165 1064/2664/165 1062/2665/165 1061/2661/165
f 1062/2115/166 1057/2663/166 1058/2666/166 1061/2118/166
f 1063/2667/167 1060/2668/167 1059/1205/167 1064/2669/167
f 1068/2670/168 1071/2671/168 1069/2635/168 1066/2636/168
f 1067/2672/169 1068/2383/169 1066/2673/169 1065/2674/169
f 1072/2675/170 1067/2676/170 1065/2671/170 1070/2670/170
f 1071/2677/171 1072/2678/171 1070/2383/171 1069/2672/171
f 1070/2679/160 1065/2680/160 1066/2681/160 1069/2682/160
f 1071/2683/161 1068/2684/161 1067/2685/161 1072/2686/161
f 1076/2687/28 1079/2050/28 1077/2688/28 1074/2689/28
f 1075/2690/144 1076/2691/144 1074/2692/144 1073/2693/144
f 1080/2694/27 1075/2695/27 1073/2696/27 1078/2697/27
f 1079/2698/145 1080/2699/145 1078/928/145 1077/927/145
f 1078/2700/146 1073/1557/146 1074/2701/146 1077/2702/146
f 1079/2703/147 1076/2704/147 1075/835/147 1080/2705/147
f 1084/2706/56 1087/2707/56 1085/2708/56 1082/2709/56
f 1083/2710/58 1084/2711/58 1082/2712/58 1081/2713/58
f 1088/2714/57 1083/2715/57 1081/2716/57 1086/2717/57
f 1087/2718/59 1088/2719/59 1086/2720/59 1085/1613/59
f 1086/2123/24 1081/2721/24 1082/2722/24 1085/2723/24
f 1087/2724/23 1084/2725/23 1083/2675/23 1088/2726/23
f 1092/2727/172 1095/2728/172 1093/2729/172 1090/2730/172
f 1091/2731/173 1092/2732/173 1090/2733/173 1089/2734/173
f 1096/2735/174 1091/2736/174 1089/2737/174 1094/2738/174
f 1095/2739/175 1096/2337/175 1094/2340/175 1093/2740/175
f 1094/2741/166 1089/2742/166 1090/1907/166 1093/2743/166
f 1095/2744/167 1092/2745/167 1091/2746/167 1096/2747/167
f 1100/2748/176 1103/2749/176 1101/2750/176 1098/2751/176
f 1099/2752/177 1100/279/177 1098/282/177 1097/2753/177
f 1104/2754/178 1099/2302/178 1097/2305/178 1102/2755/178
f 1103/2756/179 1104/403/179 1102/279/179 1101/2752/179
f 1102/2757/166 1097/2758/166 1098/2759/166 1101/2760/166
f 1103/2761/167 1100/690/167 1099/2762/167 1104/2763/167
f 1108/2764/176 1111/2765/176 1109/2766/176 1106/2767/176
f 1107/2768/177 1108/2769/177 1106/2770/177 1105/2771/177
f 1112/2765/178 1107/2772/178 1105/2773/178 1110/2766/178
f 1111/2769/179 1112/2774/179 1110/2775/179 1109/2770/179
f 1110/2776/166 1105/2777/166 1106/2778/166 1109/2779/166
f 1111/2780/167 1108/2781/167 1107/2775/167 1112/2782/167
f 1116/2783/180 1119/2308/180 1117/2302/180 1114/2754/180
f 1115/2784/181 1116/2785/181 1114/2786/181 1113/2787/181
f 1120/2658/182 1115/1271/182 1113/1274/182 1118/1533/182
f 1119/2788/183 1120/2789/183 1118/2790/183 1117/2791/183
f 1118/2792/184 1113/2793/184 1114/2794/184 1117/2795/184
f 1119/1696/185 1116/418/185 1115/2796/185 1120/1699/185
f 1124/2797/186 1127/2798/186 1125/2799/186 1122/2800/186
f 1123/2801/187 1124/2802/187 1122/2803/187 1121/2804/187
f 1128/2805/188 1123/2806/188 1121/2807/188 1126/2808/188
f 1127/2809/189 1128/2810/189 1126/2802/189 1125/2801/189
f 1126/2811/184 1121/2812/184 1122/2813/184 1125/2814/184
f 1127/2815/185 1124/2816/185 1123/2817/185 1128/2818/185
f 1132/2819/190 1135/2820/190 1133/2821/190 1130/2822/190
f 1131/2823/191 1132/2824/191 1130/2825/191 1129/2826/191
f 1136/2827/192 1131/2828/192 1129/2829/192 1134/2830/192
f 1135/2824/193 1136/2831/193 1134/2832/193 1133/2825/193
f 1134/2833/184 1129/2834/184 1130/2835/184 1133/2836/184
f 1135/2837/185 1132/2838/185 1131/2839/185 1136/2840/185
f 1140/800/194 1143/2841/194 1141/2842/194 1138/2843/194
f 1139/2844/195 1140/2845/195 1138/2846/195 1137/2847/195
f 1144/2217/196 1139/2216/196 1137/2848/196 1142/2849/196
f 1143/1688/197 1144/1687/197 1142/2850/197 1141/2851/197
f 1142/2852/198 1137/2853/198 1138/2854/198 1141/2855/198
f 1143/2856/199 1140/2857/199 1139/2858/199 1144/2859/199
f 1148/2860/200 1151/2861/200 1149/2862/200 1146/2863/200
f 1147/2864/201 1148/2865/201 1146/2866/201 1145/2867/201
f 1152/2868/202 1147/2869/202 1145/2870/202 1150/2871/202
f 1151/2851/203 1152/2850/203 1150/2865/203 1149/2864/203
f 1150/2872/204 1145/2873/204 1146/2874/204 1149/2875/204
f 1151/2876/205 1148/2875/205 1147/2872/205 1152/2877/205
f 1156/2878/206 1159/2879/206 1157/2880/206 1154/2881/206
f 1155/2882/207 1156/2883/207 1154/2884/207 1153/2885/207
f 1160/414/208 1155/2553/208 1153/2556/208 1158/415/208
f 1159/2886/209 1160/2887/209 1158/2888/209 1157/2889/209
f 1158/667/210 1153/2890/210 1154/2891/210 1157/2892/210
f 1159/2893/211 1156/2894/211 1155/2895/211 1160/2896/211
f 1164/2897/212 1167/2898/212 1165/2899/212 1162/2900/212
f 1163/262/58 1164/261/58 1162/2901/58 1161/2902/58
f 1168/2903/213 1163/2904/213 1161/2905/213 1166/2906/213
f 1167/2907/59 1168/2908/59 1166/2909/59 1165/2910/59
f 1166/1516/214 1161/1179/214 1162/2911/214 1165/1513/214
f 1167/1523/215 1164/2912/215 1163/451/215 1168/1522/215
f 1172/2913/216 1175/2914/216 1173/2915/216 1170/2916/216
f 1171/1316/217 1172/2917/217 1170/2918/217 1169/2919/217
f 1176/2920/218 1171/2921/218 1169/2914/218 1174/2913/218
f 1175/2922/219 1176/2923/219 1174/2924/219 1173/2925/219
f 1174/2926/220 1169/2927/220 1170/2928/220 1173/2929/220
f 1175/2930/221 1172/2931/221 1171/2932/221 1176/2638/221
f 1180/2412/56 1183/1718/56 1181/2933/56 1178/2934/56
f 1179/2935/58 1180/2936/58 1178/2937/58 1177/2938/58
f 1184/1718/57 1179/1717/57 1177/2939/57 1182/2933/57
f 1183/2940/59 1184/2941/59 1182/2942/59 1181/2943/59
f 1182/2944/24 1177/2945/24 1178/2946/24 1181/1789/24
f 1183/2947/23 1180/2948/23 1179/2949/23 1184/2950/23
f 1188/2951/222 1191/2952/222 1189/2953/222 1186/2954/222
f 1187/2955/223 1188/2956/223 1186/2957/223 1185/2958/223
f 1192/2959/224 1187/2432/224 1185/2960/224 1190/2961/224
f 1191/2962/225 1192/2963/225 1190/2964/225 1189/2965/225
f 1190/2966/226 1185/2967/226 1186/2685/226 1189/2968/226
f 1191/2969/227 1188/2970/227 1187/2971/227 1192/2972/227
f 1196/2973/228 1199/2974/228 1197/2975/228 1194/2976/228
f 1195/2977/229 1196/2978/229 1194/2979/229 1193/2980/229
f 1200/2981/230 1195/2982/230 1193/560/230 1198/559/230
f 1199/2983/231 1200/2984/231 1198/1036/231 1197/2985/231
f 1198/2986/232 1193/2987/232 1194/2988/232 1197/2989/232
f 1199/2990/233 1196/2989/233 1195/2986/233 1200/2991/233
f 1204/2992/234 1207/2993/234 1205/2994/234 1202/2995/234
f 1203/2996/235 1204/2997/235 1202/2998/235 1201/2999/235
f 1208/3000/236 1203/3001/236 1201/3002/236 1206/3003/236
f 1207/3004/237 1208/3005/237 1206/3006/237 1205/3007/237
f 1206/3008/238 1201/3009/238 1202/3010/238 1205/3011/238
f 1207/1204/239 1204/2760/239 1203/2757/239 1208/3012/239
f 1212/3013/240 1215/3014/240 1213/3015/240 1210/3016/240
f 1211/3017/241 1212/3018/241 1210/3019/241 1209/3020/241
f 1216/3021/242 1211/3022/242 1209/3023/242 1214/3024/242
f 1215/3025/243 1216/3026/243 1214/3027/243 1213/1945/243
f 1214/3028/220 1209/3029/220 1210/3030/220 1213/3031/220
f 1215/3032/221 1212/3031/221 1211/3028/221 1216/3033/221
f 1220/3034/56 1223/3035/56 1221/3036/56 1218/2725/56
f 1219/3037/59 1220/3038/59 1218/3039/59 1217/3040/59
f 1224/3041/57 1219/3042/57 1217/3043/57 1222/3044/57
f 1223/3045/58 1224/3046/58 1222/2100/58 1221/3047/58
f 1222/3048/23 1217/3049/23 1218/3050/23 1221/3051/23
f 1223/3052/24 1220/3053/24 1219/2224/24 1224/3054/24
f 1228/3055/244 1231/3056/244 1229/3057/244 1226/3039/244
f 1227/3058/245 1228/3059/245 1226/3060/245 1225/3061/245
f 1232/3062/246 1227/3063/246 1225/3064/246 1230/3065/246
f 1231/3059/247 1232/3066/247 1230/3067/247 1229/3060/247
f 1230/3068/23 1225/3069/23 1226/3070/23 1229/3071/23
f 1231/3072/24 1228/3073/24 1227/3070/24 1232/3071/24
f 1236/3074/248 1239/3075/248 1237/3076/248 1234/3077/248
f 1235/3078/249 1236/3079/249 1234/3080/249 1233/3081/249
f 1240/3082/250 1235/3083/250 1233/3084/250 1238/3085/250
f 1239/3079/251 1240/3058/251 1238/3061/251 1237/3080/251
f 1238/3086/23 1233/3087/23 1234/3088/23 1237/3089/23
f 1239/3090/24 1236/3091/24 1235/3088/24 1240/3089/24
f 1244/3092/252 1247/584/252 1245/3093/252 1242/3094/252
f 1243/3095/58 1244/3096/58 1242/1267/58 1241/3097/58
f 1248/3098/253 1243/581/253 1241/584/253 1246/3092/253
f 1247/2285/59 1248/1270/59 1246/3096/59 1245/3095/59
f 1246/3099/254 1241/3100/254 1242/3101/254 1245/3102/254
f 1247/3103/255 1244/3104/255 1243/3105/255 1248/3106/255
f 1252/1395/256 1255/3107/256 1253/3108/256 1250/3109/256
f 1251/3110/58 1252/3111/58 1250/3112/58 1249/2055/58
f 1256/3113/257 1251/3114/257 1249/3115/257 1254/2508/257
f 1255/3116/59 1256/3117/59 1254/3118/59 1253/3119/59
f 1254/615/258 1249/3120/258 1250/3121/258 1253/612/258
f 1255/3122/259 1252/3123/259 1251/3124/259 1256/3125/259
f 1260/3126/56 1263/3127/56 1261/3128/56 1258/3129/56
f 1259/3130/59 1260/3131/59 1258/1266/59 1257/3132/59
f 1264/3133/57 1259/3134/57 1257/3135/57 1262/3136/57
f 1263/3097/58 1264/1267/58 1262/3131/58 1261/3130/58
f 1262/3137/23 1257/3138/23 1258/3139/23 1261/3140/23
f 1263/3141/24 1260/3142/24 1259/3143/24 1264/3144/24
f 1268/3145/56 1271/3146/56 1269/3147/56 1266/3148/56
f 1267/3149/58 1268/3150/58 1266/3151/58 1265/3152/58
f 1272/3153/57 1267/3154/57 1265/3150/57 1270/3149/57
f 1271/3155/59 1272/391/59 1270/394/59 1269/1217/59
f 1270/2140/24 1265/3156/24 1266/3157/24 1269/3158/24
f 1271/3159/23 1268/3160/23 1267/3157/23 1272/3158/23
f 1276/3161/260 1279/3162/260 1277/2610/260 1274/2609/260
f 1275/3163/261 1276/3164/261 1274/3165/261 1273/3166/261
f 1280/3167/262 1275/3168/262 1273/3162/262 1278/3161/262
f 1279/2644/263 1280/2643/263 1278/3164/263 1277/3163/263
f 1278/3169/160 1273/3170/160 1274/3171/160 1277/3172/160
f 1279/3173/161 1276/3174/161 1275/3175/161 1280/3176/161
f 1284/3177/260 1287/3178/260 1285/3179/260 1282/3180/260
f 1283/3181/261 1284/3182/261 1282/3183/261 1281/3184/261
f 1288/3185/262 1283/3186/262 1281/3178/262 1286/3177/262
f 1287/3187/263 1288/3188/263 1286/3182/263 1285/3181/263
f 1286/3189/160 1281/3190/160 1282/3191/160 1285/3192/160
f 1287/3193/161 1284/3194/161 1283/3195/161 1288/3196/161
f 1292/3197/56 1295/3198/56 1293/3199/56 1290/3200/56
f 1291/3201/59 1292/3202/59 1290/3042/59 1289/3041/59
f 1296/3203/57 1291/3204/57 1289/3205/57 1294/3206/57
f 1295/3094/58 1296/3093/58 1294/3202/58 1293/3201/58
f 1294/3207/23 1289/3208/23 1290/3209/23 1293/3210/23
f 1295/3211/24 1292/3212/24 1291/3213/24 1296/3214/24
f 1300/3215/56 1303/3216/56 1301/3217/56 1298/3218/56
f 1299/3219/59 1300/3220/59 1298/3221/59 1297/3222/59
f 1304/3223/57 1299/3224/57 1297/3216/57 1302/3215/57
f 1303/836/58 1304/3225/58 1302/3220/58 1301/3219/58
f 1302/3226/23 1297/3227/23 1298/2236/23 1301/2235/23
f 1303/3228/24 1300/3229/24 1299/3230/24 1304/3231/24
f 1308/3232/264 1311/3233/264 1309/3234/264 1306/3235/264
f 1307/3236/265 1308/3237/265 1306/1004/265 1305/3238/265
f 1312/3239/266 1307/3240/266 1305/3233/266 1310/3232/266
f 1311/3241/267 1312/1001/267 1310/3237/267 1309/3236/267
f 1310/3242/220 1305/3243/220 1306/3244/220 1309/3245/220
f 1311/3246/221 1308/3247/221 1307/3248/221 1312/3249/221
f 1316/3250/268 1319/3251/268 1317/3252/268 1314/3253/268
f 1315/3254/58 1316/3255/58 1314/3256/58 1313/3257/58
f 1320/3258/269 1315/3259/269 1313/3260/269 1318/3261/269
f 1319/3262/59 1320/3263/59 1318/3264/59 1317/3265/59
f 1318/3266/270 1313/2428/270 1314/2395/270 1317/3267/270
f 1319/3268/271 1316/3267/271 1315/3266/271 1320/2429/271
f 1324/3269/272 1327/3270/272 1325/3271/272 1322/3272/272
f 1323/3273/273 1324/3274/273 1322/3275/273 1321/3276/273
f 1328/3180/274 1323/3179/274 1321/3277/274 1326/3278/274
f 1327/3279/275 1328/3280/275 1326/3274/275 1325/3273/275
f 1326/3281/238 1321/3282/238 1322/3283/238 1325/3284/238
f 1327/2543/239 1324/550/239 1323/3285/239 1328/3286/239
f 1332/3287/276 1335/3288/276 1333/3289/276 1330/3290/276
f 1331/3291/277 1332/3292/277 1330/3293/277 1329/3294/277
f 1336/3295/278 1331/3296/278 1329/3297/278 1334/3298/278
f 1335/3299/279 1336/3300/279 1334/3301/279 1333/3302/279
f 1334/3303/238 1329/3304/238 1330/3305/238 1333/3306/238
f 1335/473/239 1332/3307/239 1331/1776/239 1336/3308/239
f 1340/3309/280 1343/3310/280 1341/3311/280 1338/3312/280
f 1339/3313/281 1340/3314/281 1338/3315/281 1337/3316/281
f 1344/3317/282 1339/3318/282 1337/3319/282 1342/3320/282
f 1343/3272/283 1344/3271/283 1342/3321/283 1341/3322/283
f 1342/3323/284 1337/3324/284 1338/3325/284 1341/3326/284
f 1343/3327/285 1340/3328/285 1339/3329/285 1344/3330/285
f 1348/3331/148 1351/3332/148 1349/3280/148 1346/3279/148
f 1347/3333/286 1348/3334/286 1346/3335/286 1345/3336/286
f 1352/3184/150 1347/3183/150 1345/3337/150 1350/3338/150
f 1351/3339/287 1352/3340/287 1350/3334/287 1349/3333/287
f 1350/3341/288 1345/3342/288 1346/3343/288 1349/3344/288
f 1351/3345/289 1348/3344/289 1347/3341/289 1352/3346/289
f 1356/3347/148 1359/805/148 1357/3348/148 1354/3349/148
f 1355/3350/149 1356/3351/149 1354/304/149 1353/303/149
f 1360/3352/150 1355/3353/150 1353/809/150 1358/3354/150
f 1359/3355/151 1360/3356/151 1358/3351/151 1357/3350/151
f 1358/3357/146 1353/3358/146 1354/3359/146 1357/3360/146
f 1359/3361/147 1356/3362/147 1355/3363/147 1360/3364/147
f 1364/3365/152 1367/3366/152 1365/3186/152 1362/3185/152
f 1363/3367/153 1364/3368/153 1362/929/153 1361/930/153
f 1368/3369/154 1363/3370/154 1361/3371/154 1366/3372/154
f 1367/3373/155 1368/3374/155 1366/3375/155 1365/3376/155
f 1366/3370/146 1361/3369/146 1362/3377/146 1365/3378/146
f 1367/3379/147 1364/3380/147 1363/3381/147 1368/3382/147
f 1372/3383/28 1375/3384/28 1373/3385/28 1370/3386/28
f 1371/3387/144 1372/507/144 1370/3388/144 1369/3389/144
f 1376/3390/27 1371/3391/27 1369/3392/27 1374/3393/27
f 1375/3394/145 1376/3395/145 1374/3396/145 1373/3397/145
f 1374/3398/146 1369/3399/146 1370/3400/146 1373/497/146
f 1375/3401/147 1372/3402/147 1371/3403/147 1376/3404/147
f 1380/2278/168 1383/3405/168 1381/3406/168 1378/3407/168
f 1379/3408/290 1380/3409/290 1378/3410/290 1377/3411/290
f 1384/3312/170 1379/3311/170 1377/3412/170 1382/3413/170
f 1383/3349/291 1384/3348/291 1382/804/291 1381/3414/291
f 1382/2600/160 1377/1590/160 1378/1587/160 1381/3415/160
f 1383/3416/161 1380/3417/161 1379/3418/161 1384/3419/161
f 1388/3420/56 1391/3421/56 1389/3422/56 1386/3423/56
f 1387/3424/59 1388/3425/59 1386/3426/59 1385/3427/59
f 1392/2227/57 1387/3428/57 1385/3429/57 1390/3053/57
f 1391/3430/58 1392/3431/58 1390/3425/58 1389/3424/58
f 1390/3432/23 1385/3433/23 1386/3434/23 1389/3435/23
f 1391/1209/24 1388/3436/24 1387/3437/24 1392/3438/24
f 1396/3439/292 1399/3440/292 1397/3441/292 1394/1060/292
f 1395/3442/59 1396/3443/59 1394/3444/59 1393/3445/59
f 1400/3446/293 1395/3447/293 1393/3448/293 1398/3449/293
f 1399/3450/58 1400/3451/58 1398/3452/58 1397/3453/58
f 1398/3454/294 1393/3455/294 1394/3456/294 1397/3457/294
f 1399/3458/295 1396/3459/295 1395/3456/295 1400/3457/295
f 1404/3460/296 1407/3461/296 1405/3462/296 1402/3463/296
f 1403/3464/297 1404/3465/297 1402/3466/297 1401/3307/297
f 1408/3467/298 1403/3468/298 1401/3261/298 1406/3469/298
f 1407/3470/299 1408/3471/299 1406/3472/299 1405/3473/299
f 1406/3474/226 1401/3475/226 1402/3476/226 1405/3477/226
f 1407/3478/227 1404/3479/227 1403/3480/227 1408/595/227
f 1412/3481/300 1415/3482/300 1413/2921/300 1410/2920/300
f 1411/3483/301 1412/3484/301 1410/3485/301 1409/3486/301
f 1416/3487/302 1411/3488/302 1409/3489/302 1414/3490/302
f 1415/3491/303 1416/3492/303 1414/3484/303 1413/3483/303
f 1414/3493/226 1409/3494/226 1410/3495/226 1413/3496/226
f 1415/2458/227 1412/3497/227 1411/3498/227 1416/2461/227
f 1420/3499/172 1423/808/172 1421/3353/172 1418/3352/172
f 1419/2842/173 1420/3500/173 1418/3501/173 1417/3502/173
f 1424/3503/174 1419/3504/174 1417/808/174 1422/3499/174
f 1423/2841/175 1424/3505/175 1422/3500/175 1421/2842/175
f 1422/3506/166 1417/3507/166 1418/3508/166 1421/3509/166
f 1423/3510/167 1420/3511/167 1419/3512/167 1424/1488/167
f 1428/3513/172 1431/3514/172 1429/3515/172 1426/3516/172
f 1427/2216/304 1428/3517/304 1426/3518/304 1425/2848/304
f 1432/3519/174 1427/3520/174 1425/3521/174 1430/3522/174
f 1431/2215/305 1432/3523/305 1430/3517/305 1429/2216/305
f 1430/3524/306 1425/3525/306 1426/3526/306 1429/3527/306
f 1431/3528/307 1428/3529/307 1427/2625/307 1432/1109/307
f 1436/3530/176 1439/3531/176 1437/3532/176 1434/3533/176
f 1435/3534/177 1436/1424/177 1434/1427/177 1433/3535/177
f 1440/3536/178 1435/3537/178 1433/3538/178 1438/3539/178
f 1439/3540/179 1440/1428/179 1438/1431/179 1437/3541/179
f 1438/3542/166 1433/614/166 1434/613/166 1437/3543/166
f 1439/3544/167 1436/3545/167 1435/3546/167 1440/3547/167
f 1444/3548/162 1447/3549/162 1445/3379/162 1442/3380/162
f 1443/3550/163 1444/3551/163 1442/3552/163 1441/3553/163
f 1448/3554/164 1443/3555/164 1441/3556/164 1446/3557/164
f 1447/3558/165 1448/3559/165 1446/3560/165 1445/3561/165
f 1446/3555/166 1441/3554/166 1442/3562/166 1445/3563/166
f 1447/3564/167 1444/3565/167 1443/2418/167 1448/3566/167
f 1452/3567/186 1455/3568/186 1453/3564/186 1450/3565/186
f 1451/3569/187 1452/3570/187 1450/3520/187 1449/3519/187
f 1456/3571/188 1451/3572/188 1449/3568/188 1454/3567/188
f 1455/3514/189 1456/3573/189 1454/2314/189 1453/3515/189
f 1454/3574/184 1449/3575/184 1450/3576/184 1453/3577/184
f 1455/3578/185 1452/1218/185 1451/1219/185 1456/3579/185
f 1460/3580/180 1463/3581/180 1461/3572/180 1458/3571/180
f 1459/2674/308 1460/2673/308 1458/2384/308 1457/3582/308
f 1464/3583/182 1459/3584/182 1457/3585/182 1462/3586/182
f 1463/3587/309 1464/3588/309 1462/3589/309 1461/1992/309
f 1462/3590/184 1457/3591/184 1458/3592/184 1461/3593/184
f 1463/3286/185 1460/3285/185 1459/535/185 1464/3594/185
f 1468/3595/310 1471/3596/310 1469/3584/310 1466/3583/310
f 1467/3597/311 1468/3598/311 1466/3596/311 1465/3595/311
f 1472/3599/312 1467/3600/312 1465/3598/312 1470/3597/312
f 1471/2881/313 1472/2880/313 1470/3601/313 1469/3602/313
f 1470/1166/314 1465/3603/314 1466/3604/314 1469/3605/314
f 1471/3606/315 1468/3433/315 1467/3607/315 1472/3608/315
f 1476/3609/316 1479/3610/316 1477/3611/316 1474/3612/316
f 1475/3613/317 1476/3614/317 1474/3615/317 1473/3616/317
f 1480/2605/318 1475/2604/318 1473/3610/318 1478/3609/318
f 1479/3617/319 1480/3618/319 1478/3619/319 1477/3620/319
f 1478/3621/232 1473/3622/232 1474/3623/232 1477/3624/232
f 1479/319/233 1476/3625/233 1475/3626/233 1480/3627/233
f 1484/3628/320 1487/3629/320 1485/3488/320 1482/3487/320
f 1483/3630/321 1484/3631/321 1482/3451/321 1481/3632/321
f 1488/3633/322 1483/3634/322 1481/3629/322 1486/3628/322
f 1487/3257/323 1488/3256/323 1486/3635/323 1485/3636/323
f 1486/3637/232 1481/687/232 1482/686/232 1485/3638/232
f 1487/3639/233 1484/3640/233 1483/3641/233 1488/3642/233
f 1492/3643/56 1495/3644/56 1493/3645/56 1490/3646/56
f 1491/3647/59 1492/3648/59 1490/3188/59 1489/3649/59
f 1496/3650/57 1491/3651/57 1489/3652/57 1494/3653/57
f 1495/3654/58 1496/3485/58 1494/3655/58 1493/3656/58
f 1494/3657/23 1489/3658/23 1490/3659/23 1493/3660/23
f 1495/3661/24 1492/3662/24 1491/3663/24 1496/3664/24
f 1500/3665/324 1503/3666/324 1501/3667/324 1498/3668/324
f 1499/3669/325 1500/3670/325 1498/3671/325 1497/3672/325
f 1504/3673/326 1499/3674/326 1497/3675/326 1502/3676/326
f 1503/3677/327 1504/1692/327 1502/2864/327 1501/3678/327
f 1502/3679/23 1497/3680/23 1498/3681/23 1501/3682/23
f 1503/3683/24 1500/3682/24 1499/3679/24 1504/3684/24
f 1508/1978/56 1511/3685/56 1509/3686/56 1506/3687/56
f 1507/3688/59 1508/3689/59 1506/1282/59 1505/3690/59
f 1512/3691/57 1507/3692/57 1505/3693/57 1510/3694/57
f 1511/3695/58 1512/3696/58 1510/2806/58 1509/3697/58
f 1510/3668/23 1505/3698/23 1506/1960/23 1509/3699/23
f 1511/3700/24 1508/3701/24 1507/3702/24 1512/3703/24
f 1516/3704/56 1519/3705/56 1517/3706/56 1514/3707/56
f 1515/3708/59 1516/3709/59 1514/3710/59 1513/3711/59
f 1520/3712/57 1515/3713/57 1513/3714/57 1518/3715/57
f 1519/3709/58 1520/3716/58 1518/3717/58 1517/3710/58
f 1518/3713/23 1513/3712/23 1514/3718/23 1517/3719/23
f 1519/3720/24 1516/3721/24 1515/3722/24 1520/3723/24
f 1524/3724/56 1527/3725/56 1525/3720/56 1522/3721/56
f 1523/3726/59 1524/3727/59 1522/3728/59 1521/3729/59
f 1528/3730/57 1523/3731/57 1521/3732/57 1526/3733/57
f 1527/3727/58 1528/3734/58 1526/3735/58 1525/3728/58
f 1526/3736/23 1521/3737/23 1522/3738/23 1525/3739/23
f 1527/3740/24 1524/3741/24 1523/3742/24 1528/3743/24
f 1532/3744/56 1535/3745/56 1533/3651/56 1530/3650/56
f 1531/1425/59 1532/3068/59 1530/3090/59 1529/1426/59
f 1536/3746/57 1531/3747/57 1529/3745/57 1534/3744/57
f 1535/3748/58 1536/3749/58 1534/3750/58 1533/3751/58
f 1534/3752/23 1529/3753/23 1530/3754/23 1533/3755/23
f 1535/3756/24 1532/3757/24 1531/3754/24 1536/3755/24
f 1540/3600/328 1543/3758/328 1541/3759/328 1538/3598/328
f 1539/3734/59 1540/3760/59 1538/3761/59 1537/3735/59
f 1544/3762/329 1539/3763/329 1537/3764/329 1542/3695/329
f 1543/3765/58 1544/3766/58 1542/3767/58 1541/3768/58
f 1542/3763/330 1537/3762/330 1538/3769/330 1541/3770/330
f 1543/3771/331 1540/2336/331 1539/3772/331 1544/3773/331
