# Blender 3.3.21
# www.blender.org
mtllib btr4e.mtl
o w5
v 1.674537 1.088575 4.486331
v 1.674537 1.088575 3.618718
v 1.674537 0.203824 4.486331
v 1.674537 0.203824 3.618718
v 1.367335 1.088575 3.618717
v 1.367335 1.088575 4.486332
v 1.367335 0.203824 3.618717
v 1.367335 0.203824 4.486332
v 1.703649 1.350281 4.336719
v 1.703649 1.350281 3.771417
v 1.703649 1.082688 4.336719
v 1.703649 1.082688 3.771417
v 1.300057 1.350281 3.771417
v 1.300057 1.350281 4.336719
v 1.300057 1.082688 3.771417
v 1.300057 1.082688 4.336719
v 1.704456 0.950410 4.738203
v 1.704457 1.351088 4.337526
v 1.704456 0.760243 4.548035
v 1.704456 1.160920 4.147358
v 1.299519 1.351088 4.337526
v 1.299519 0.950410 4.738202
v 1.299519 1.160920 4.147359
v 1.299519 0.760243 4.548035
v 1.704456 1.351088 3.770611
v 1.704456 0.950410 3.369933
v 1.704456 1.160920 3.960777
v 1.704456 0.760243 3.560101
v 1.299519 0.950410 3.369934
v 1.299519 1.351088 3.770610
v 1.299518 0.760243 3.560101
v 1.299519 1.160920 3.960778
v 1.704456 0.598918 4.548035
v 1.704456 0.198240 4.147358
v 1.704456 0.408751 4.738203
v 1.704457 0.008073 4.337526
v 1.299519 0.198240 4.147359
v 1.299519 0.598918 4.548035
v 1.299519 0.008073 4.337526
v 1.299519 0.408751 4.738202
v 1.703649 0.276473 4.336719
v 1.703649 0.276473 3.771417
v 1.703649 0.008880 4.336719
v 1.703649 0.008880 3.771417
v 1.300057 0.276473 3.771417
v 1.300057 0.276473 4.336719
v 1.300057 0.008880 3.771417
v 1.300057 0.008880 4.336719
v 1.704456 0.198241 3.960777
v 1.704456 0.598918 3.560101
v 1.704456 0.008073 3.770610
v 1.704456 0.408751 3.369933
v 1.299518 0.598918 3.560101
v 1.299519 0.198241 3.960778
v 1.299519 0.408751 3.369934
v 1.299519 0.008073 3.770610
v 1.703650 0.949603 3.370740
v 1.703650 0.384301 3.370740
v 1.703650 0.949603 3.638333
v 1.703650 0.384301 3.638333
v 1.300056 0.384301 3.370740
v 1.300056 0.949603 3.370740
v 1.300057 0.384301 3.638333
v 1.300057 0.949603 3.638333
v 1.703649 0.384300 4.737395
v 1.703649 0.949603 4.737395
v 1.703650 0.384300 4.469804
v 1.703650 0.949603 4.469804
v 1.300056 0.949603 4.737395
v 1.300056 0.384300 4.737395
v 1.300056 0.949603 4.469804
v 1.300056 0.384300 4.469804
v 1.737037 0.960324 4.337716
v 1.737037 0.960324 3.762467
v 1.737037 0.397574 4.337716
v 1.737037 0.397574 3.762467
v 1.674287 0.960324 3.762468
v 1.674287 0.960324 4.337716
v 1.674287 0.397574 3.762468
v 1.674287 0.397574 4.337716
vn -0.0000 -0.0000 -1.0000
vn 1.0000 -0.0000 -0.0000
vn -0.0000 -0.0000 1.0000
vn -1.0000 -0.0000 -0.0000
vn -0.0000 1.0000 -0.0000
vn -0.0000 -1.0000 -0.0000
vn -0.0000 0.7071 -0.7071
vn -0.0000 -0.7071 0.7071
vn -0.0000 0.7071 0.7071
vn -0.0000 -0.7071 -0.7071
vt 0.195312 0.457031
vt 0.658203 0.371094
vt 0.632812 0.351562
vt 0.474609 0.367188
vt 0.222656 0.457031
vt 0.632812 0.324219
vt 0.195312 0.429688
vt 0.658203 0.343750
vt 0.000000 0.349609
vt 0.474609 0.339844
vt 0.222656 0.429688
vt 0.000000 0.322266
vt 0.484375 0.367188
vt 0.314453 0.457031
vt 0.642578 0.324219
vt 0.648438 0.371094
vt 0.341797 0.457031
vt 0.642578 0.351562
vt 0.484375 0.339844
vt 0.314453 0.429688
vt 0.009766 0.322266
vt 0.648438 0.343750
vt 0.341797 0.429688
vt 0.009766 0.349609
vt 0.703125 0.628906
vt 0.699219 0.275391
vt 0.371094 0.333984
vt 0.724609 0.318359
vt 0.720703 0.628906
vt 0.371094 0.316406
vt 0.703125 0.621094
vt 0.699219 0.267578
vt 0.560547 0.333984
vt 0.724609 0.310547
vt 0.720703 0.621094
vt 0.560547 0.316406
vt 0.736328 0.318359
vt 0.703125 0.621094
vt 0.382812 0.316406
vt 0.687500 0.275391
vt 0.720703 0.621094
vt 0.382812 0.333984
vt 0.736328 0.310547
vt 0.703125 0.613281
vt 0.572266 0.316406
vt 0.687500 0.267578
vt 0.720703 0.613281
vt 0.572266 0.333984
vt 0.703125 0.613281
vt 0.710938 0.275391
vt 0.572266 0.333984
vt 0.724609 0.310547
vt 0.720703 0.613281
vt 0.572266 0.316406
vt 0.703125 0.605469
vt 0.710938 0.267578
vt 0.667969 0.722656
vt 0.724609 0.302734
vt 0.720703 0.605469
vt 0.667969 0.705078
vt 0.736328 0.310547
vt 0.703125 0.605469
vt 0.583984 0.316406
vt 0.699219 0.275391
vt 0.720703 0.605469
vt 0.583984 0.333984
vt 0.736328 0.302734
vt 0.703125 0.597656
vt 0.679688 0.705078
vt 0.699219 0.267578
vt 0.720703 0.597656
vt 0.679688 0.722656
vt 0.703125 0.546875
vt 0.738281 0.978516
vt 0.318359 0.332031
vt 0.710938 0.275391
vt 0.720703 0.546875
vt 0.318359 0.314453
vt 0.703125 0.539062
vt 0.738281 0.970703
vt 0.330078 0.332031
vt 0.710938 0.267578
vt 0.720703 0.539062
vt 0.330078 0.314453
vt 0.722656 0.275391
vt 0.703125 0.539062
vt 0.330078 0.314453
vt 0.726562 0.978516
vt 0.720703 0.539062
vt 0.330078 0.332031
vt 0.722656 0.267578
vt 0.703125 0.531250
vt 0.341797 0.314453
vt 0.726562 0.970703
vt 0.720703 0.531250
vt 0.341797 0.332031
vt 0.703125 0.832031
vt 0.736328 0.365234
vt 0.660156 0.335938
vt 0.724609 0.373047
vt 0.720703 0.832031
vt 0.660156 0.318359
vt 0.703125 0.824219
vt 0.736328 0.357422
vt 0.099609 0.333984
vt 0.724609 0.365234
vt 0.720703 0.824219
vt 0.099609 0.316406
vt 0.736328 0.373047
vt 0.703125 0.824219
vt 0.671875 0.318359
vt 0.724609 0.365234
vt 0.720703 0.824219
vt 0.671875 0.335938
vt 0.736328 0.365234
vt 0.703125 0.816406
vt 0.111328 0.316406
vt 0.724609 0.357422
vt 0.720703 0.816406
vt 0.111328 0.333984
vt 0.703125 0.847656
vt 0.736328 0.380859
vt 0.417969 0.335938
vt 0.724609 0.437500
vt 0.720703 0.847656
vt 0.417969 0.318359
vt 0.703125 0.839844
vt 0.736328 0.373047
vt 0.664062 0.433594
vt 0.724609 0.429688
vt 0.720703 0.839844
vt 0.664062 0.416016
vt 0.736328 0.437500
vt 0.703125 0.839844
vt 0.429688 0.318359
vt 0.724609 0.380859
vt 0.720703 0.839844
vt 0.429688 0.335938
vt 0.736328 0.429688
vt 0.703125 0.832031
vt 0.675781 0.416016
vt 0.724609 0.373047
vt 0.720703 0.832031
vt 0.675781 0.433594
vt 0.685547 0.298828
vt 0.736328 0.445312
vt 0.082031 0.335938
vt 0.476562 0.275391
vt 0.703125 0.298828
vt 0.082031 0.318359
vt 0.685547 0.291016
vt 0.736328 0.437500
vt 0.664062 0.771484
vt 0.476562 0.267578
vt 0.703125 0.291016
vt 0.664062 0.753906
vt 0.488281 0.275391
vt 0.703125 0.855469
vt 0.093750 0.318359
vt 0.724609 0.445312
vt 0.720703 0.855469
vt 0.093750 0.335938
vt 0.488281 0.267578
vt 0.703125 0.847656
vt 0.675781 0.753906
vt 0.724609 0.437500
vt 0.720703 0.847656
vt 0.675781 0.771484
vt 0.703125 0.722656
vt 0.675781 0.275391
vt 0.128906 0.333984
vt 0.652344 0.275391
vt 0.720703 0.722656
vt 0.128906 0.316406
vt 0.703125 0.714844
vt 0.675781 0.267578
vt 0.166016 0.333984
vt 0.652344 0.267578
vt 0.720703 0.714844
vt 0.166016 0.316406
vt 0.664062 0.275391
vt 0.703125 0.714844
vt 0.140625 0.316406
vt 0.664062 0.275391
vt 0.720703 0.714844
vt 0.140625 0.333984
vt 0.664062 0.267578
vt 0.703125 0.707031
vt 0.177734 0.316406
vt 0.664062 0.267578
vt 0.720703 0.707031
vt 0.177734 0.333984
vt 0.310547 0.296875
vt 0.687500 0.275391
vt 0.306641 0.333984
vt 0.724609 0.326172
vt 0.328125 0.296875
vt 0.306641 0.316406
vt 0.310547 0.289062
vt 0.687500 0.267578
vt 0.359375 0.333984
vt 0.724609 0.318359
vt 0.328125 0.289062
vt 0.359375 0.316406
vt 0.736328 0.326172
vt 0.328125 0.296875
vt 0.318359 0.316406
vt 0.675781 0.275391
vt 0.345703 0.296875
vt 0.318359 0.333984
vt 0.736328 0.318359
vt 0.328125 0.289062
vt 0.371094 0.316406
vt 0.675781 0.267578
vt 0.345703 0.289062
vt 0.371094 0.333984
vt 0.634766 0.669922
vt 0.392578 0.251953
vt 0.291016 0.251953
vt 0.652344 0.669922
vt 0.392578 0.234375
vt 0.634766 0.652344
vt 0.392578 0.234375
vt 0.472656 0.251953
vt 0.291016 0.234375
vt 0.652344 0.652344
vt 0.472656 0.234375
vt 0.292969 0.251953
vt 0.341797 0.365234
vt 0.394531 0.234375
vt 0.390625 0.251953
vt 0.359375 0.365234
vt 0.394531 0.251953
vt 0.292969 0.234375
vt 0.341797 0.347656
vt 0.474609 0.234375
vt 0.390625 0.234375
vt 0.359375 0.347656
vt 0.474609 0.251953
s 1
usemtl btr4_tex_4.png
f 4/10/1 7/19/1 5/13/1 2/4/1
f 3/7/2 4/11/2 2/5/2 1/1/2
f 8/22/3 3/8/3 1/2/3 6/16/3
f 7/20/4 8/23/4 6/17/4 5/14/4
f 6/18/5 1/3/5 2/6/5 5/15/5
f 7/21/6 4/12/6 3/9/6 8/24/6
f 12/34/1 15/43/1 13/37/1 10/28/1
f 11/31/2 12/35/2 10/29/2 9/25/2
f 16/46/3 11/32/3 9/26/3 14/40/3
f 15/44/4 16/47/4 14/41/4 13/38/4
f 14/42/5 9/27/5 10/30/5 13/39/5
f 15/45/6 12/36/6 11/33/6 16/48/6
f 20/58/7 23/67/7 21/61/7 18/52/7
f 19/55/2 20/59/2 18/53/2 17/49/2
f 24/70/8 19/56/8 17/50/8 22/64/8
f 23/68/4 24/71/4 22/65/4 21/62/4
f 22/66/9 17/51/9 18/54/9 21/63/9
f 23/69/10 20/60/10 19/57/10 24/72/10
f 28/82/10 31/91/10 29/85/10 26/76/10
f 27/79/2 28/83/2 26/77/2 25/73/2
f 32/94/9 27/80/9 25/74/9 30/88/9
f 31/92/4 32/95/4 30/89/4 29/86/4
f 30/90/7 25/75/7 26/78/7 29/87/7
f 31/93/8 28/84/8 27/81/8 32/96/8
f 36/106/10 39/115/10 37/109/10 34/100/10
f 35/103/2 36/107/2 34/101/2 33/97/2
f 40/118/9 35/104/9 33/98/9 38/112/9
f 39/116/4 40/119/4 38/113/4 37/110/4
f 38/114/7 33/99/7 34/102/7 37/111/7
f 39/117/8 36/108/8 35/105/8 40/120/8
f 44/130/1 47/139/1 45/133/1 42/124/1
f 43/127/2 44/131/2 42/125/2 41/121/2
f 48/142/3 43/128/3 41/122/3 46/136/3
f 47/140/4 48/143/4 46/137/4 45/134/4
f 46/138/5 41/123/5 42/126/5 45/135/5
f 47/141/6 44/132/6 43/129/6 48/144/6
f 52/154/7 55/163/7 53/157/7 50/148/7
f 51/151/2 52/155/2 50/149/2 49/145/2
f 56/166/8 51/152/8 49/146/8 54/160/8
f 55/164/4 56/167/4 54/161/4 53/158/4
f 54/162/9 49/147/9 50/150/9 53/159/9
f 55/165/10 52/156/10 51/153/10 56/168/10
f 60/178/6 63/187/6 61/181/6 58/172/6
f 59/175/2 60/179/2 58/173/2 57/169/2
f 64/190/5 59/176/5 57/170/5 62/184/5
f 63/188/4 64/191/4 62/185/4 61/182/4
f 62/186/1 57/171/1 58/174/1 61/183/1
f 63/189/3 60/180/3 59/177/3 64/192/3
f 68/202/5 71/211/5 69/205/5 66/196/5
f 67/199/2 68/203/2 66/197/2 65/193/2
f 72/214/6 67/200/6 65/194/6 70/208/6
f 71/212/4 72/215/4 70/209/4 69/206/4
f 70/210/3 65/195/3 66/198/3 69/207/3
f 71/213/1 68/204/1 67/201/1 72/216/1
f 76/225/1 79/234/1 77/228/1 74/219/1
f 75/222/2 76/226/2 74/220/2 73/217/2
f 80/237/3 75/223/3 73/218/3 78/231/3
f 79/235/4 80/238/4 78/232/4 77/229/4
f 78/233/5 73/218/5 74/221/5 77/230/5
f 79/236/6 76/227/6 75/224/6 80/239/6
o w6
v 1.704456 0.198241 2.335782
v 1.704456 0.598919 1.935106
v 1.704456 0.008073 2.145616
v 1.704456 0.408751 1.744939
v 1.299519 0.598919 1.935106
v 1.299519 0.198241 2.335782
v 1.299519 0.408751 1.744939
v 1.299519 0.008073 2.145616
v 1.703650 0.276473 2.711723
v 1.703650 0.276473 2.146422
v 1.703650 0.008880 2.711723
v 1.703650 0.008880 2.146422
v 1.300057 0.276473 2.146422
v 1.300056 0.276473 2.711723
v 1.300057 0.008880 2.146422
v 1.300056 0.008880 2.711723
v 1.704456 0.598918 2.923039
v 1.704457 0.198241 2.522363
v 1.704456 0.408751 3.113206
v 1.704456 0.008073 2.712530
v 1.299519 0.198241 2.522363
v 1.299519 0.598918 2.923039
v 1.299519 0.008073 2.712530
v 1.299519 0.408751 3.113206
v 1.703650 0.949604 1.745746
v 1.703650 0.384301 1.745746
v 1.703650 0.949604 2.013338
v 1.703650 0.384301 2.013338
v 1.300057 0.384301 1.745746
v 1.300057 0.949604 1.745746
v 1.300057 0.384301 2.013338
v 1.300057 0.949604 2.013338
v 1.703650 0.384301 3.112400
v 1.703650 0.949603 3.112400
v 1.703650 0.384301 2.844808
v 1.703650 0.949604 2.844808
v 1.300056 0.949603 3.112400
v 1.300056 0.384301 3.112400
v 1.300056 0.949604 2.844807
v 1.300056 0.384301 2.844807
v 1.703650 1.350281 2.711723
v 1.703650 1.350281 2.146423
v 1.703650 1.082688 2.711723
v 1.703650 1.082688 2.146423
v 1.300057 1.350281 2.146422
v 1.300056 1.350281 2.711723
v 1.300057 1.082688 2.146422
v 1.300056 1.082688 2.711723
v 1.704456 0.950410 3.113206
v 1.704456 1.351088 2.712530
v 1.704456 0.760243 2.923039
v 1.704457 1.160921 2.522363
v 1.299519 1.351088 2.712530
v 1.299519 0.950410 3.113206
v 1.299519 1.160921 2.522363
v 1.299519 0.760243 2.923039
v 1.737036 0.960325 2.712720
v 1.737037 0.960325 2.137472
v 1.737036 0.397575 2.712720
v 1.737037 0.397575 2.137472
v 1.674287 0.960325 2.137471
v 1.674287 0.960325 2.712720
v 1.674287 0.397575 2.137471
v 1.674287 0.397575 2.712720
v 1.704456 1.351088 2.145616
v 1.704456 0.950411 1.744939
v 1.704456 1.160921 2.335782
v 1.704456 0.760243 1.935106
v 1.299519 0.950411 1.744939
v 1.299519 1.351088 2.145616
v 1.299519 0.760243 1.935106
v 1.299519 1.160921 2.335782
v 1.674536 1.088575 2.861336
v 1.674537 1.088575 1.993722
v 1.674536 0.203824 2.861336
v 1.674537 0.203825 1.993722
v 1.367335 1.088575 1.993722
v 1.367335 1.088575 2.861336
v 1.367335 0.203825 1.993722
v 1.367335 0.203824 2.861336
vn -0.0000 0.7071 -0.7071
vn 1.0000 -0.0000 -0.0000
vn -0.0000 -0.7071 0.7071
vn -1.0000 -0.0000 -0.0000
vn -0.0000 0.7071 0.7071
vn -0.0000 -0.7071 -0.7071
vn -0.0000 -0.0000 -1.0000
vn -0.0000 -0.0000 1.0000
vn -0.0000 1.0000 -0.0000
vn -0.0000 -1.0000 -0.0000
vt 0.703125 0.531250
vt 0.738281 0.962891
vt 0.667969 0.609375
vt 0.726562 0.970703
vt 0.720703 0.531250
vt 0.667969 0.591797
vt 0.703125 0.523438
vt 0.738281 0.955078
vt 0.667969 0.591797
vt 0.726562 0.962891
vt 0.720703 0.523438
vt 0.667969 0.574219
vt 0.738281 0.970703
vt 0.703125 0.523438
vt 0.679688 0.591797
vt 0.726562 0.962891
vt 0.720703 0.523438
vt 0.679688 0.609375
vt 0.738281 0.962891
vt 0.703125 0.515625
vt 0.679688 0.574219
vt 0.726562 0.955078
vt 0.720703 0.515625
vt 0.679688 0.591797
vt 0.703125 0.515625
vt 0.738281 0.947266
vt 0.667969 0.546875
vt 0.726562 0.955078
vt 0.720703 0.515625
vt 0.667969 0.529297
vt 0.703125 0.507812
vt 0.738281 0.939453
vt 0.667969 0.529297
vt 0.726562 0.947266
vt 0.720703 0.507812
vt 0.667969 0.511719
vt 0.738281 0.955078
vt 0.703125 0.507812
vt 0.679688 0.529297
vt 0.726562 0.947266
vt 0.720703 0.507812
vt 0.679688 0.546875
vt 0.738281 0.947266
vt 0.703125 0.500000
vt 0.679688 0.511719
vt 0.726562 0.939453
vt 0.720703 0.500000
vt 0.679688 0.529297
vt 0.703125 0.500000
vt 0.738281 0.900391
vt 0.667969 0.503906
vt 0.726562 0.908203
vt 0.720703 0.500000
vt 0.667969 0.486328
vt 0.703125 0.492188
vt 0.738281 0.892578
vt 0.583984 0.332031
vt 0.726562 0.900391
vt 0.720703 0.492188
vt 0.583984 0.314453
vt 0.738281 0.908203
vt 0.703125 0.492188
vt 0.679688 0.486328
vt 0.726562 0.900391
vt 0.720703 0.492188
vt 0.679688 0.503906
vt 0.738281 0.900391
vt 0.703125 0.484375
vt 0.595703 0.314453
vt 0.726562 0.892578
vt 0.720703 0.484375
vt 0.595703 0.332031
vt 0.703125 0.484375
vt 0.310547 0.273438
vt 0.595703 0.332031
vt 0.726562 0.892578
vt 0.720703 0.484375
vt 0.595703 0.314453
vt 0.703125 0.476562
vt 0.310547 0.265625
vt 0.607422 0.332031
vt 0.726562 0.884766
vt 0.720703 0.476562
vt 0.607422 0.314453
vt 0.738281 0.892578
vt 0.703125 0.472656
vt 0.607422 0.314453
vt 0.298828 0.273438
vt 0.720703 0.472656
vt 0.607422 0.332031
vt 0.738281 0.884766
vt 0.703125 0.464844
vt 0.619141 0.314453
vt 0.298828 0.265625
vt 0.720703 0.464844
vt 0.619141 0.332031
vt 0.703125 0.464844
vt 0.333984 0.273438
vt 0.619141 0.332031
vt 0.310547 0.273438
vt 0.720703 0.464844
vt 0.619141 0.314453
vt 0.703125 0.457031
vt 0.333984 0.265625
vt 0.265625 0.328125
vt 0.310547 0.265625
vt 0.720703 0.457031
vt 0.265625 0.310547
vt 0.322266 0.273438
vt 0.564453 0.296875
vt 0.630859 0.314453
vt 0.322266 0.273438
vt 0.582031 0.296875
vt 0.630859 0.332031
vt 0.322266 0.265625
vt 0.564453 0.289062
vt 0.277344 0.310547
vt 0.322266 0.265625
vt 0.582031 0.289062
vt 0.277344 0.328125
vt 0.582031 0.296875
vt 0.519531 0.273438
vt 0.671875 0.396484
vt 0.726562 0.570312
vt 0.599609 0.296875
vt 0.671875 0.378906
vt 0.582031 0.289062
vt 0.519531 0.265625
vt 0.671875 0.335938
vt 0.726562 0.562500
vt 0.599609 0.289062
vt 0.671875 0.318359
vt 0.738281 0.570312
vt 0.599609 0.296875
vt 0.683594 0.378906
vt 0.507812 0.273438
vt 0.617188 0.296875
vt 0.683594 0.396484
vt 0.738281 0.562500
vt 0.599609 0.289062
vt 0.683594 0.318359
vt 0.507812 0.265625
vt 0.617188 0.289062
vt 0.683594 0.335938
vt 0.703125 0.298828
vt 0.576172 0.273438
vt 0.054688 0.326172
vt 0.552734 0.273438
vt 0.720703 0.298828
vt 0.054688 0.308594
vt 0.703125 0.291016
vt 0.576172 0.265625
vt 0.673828 0.806641
vt 0.552734 0.265625
vt 0.720703 0.291016
vt 0.673828 0.789062
vt 0.564453 0.273438
vt 0.705078 0.923828
vt 0.066406 0.308594
vt 0.564453 0.273438
vt 0.722656 0.923828
vt 0.066406 0.326172
vt 0.564453 0.265625
vt 0.705078 0.916016
vt 0.685547 0.789062
vt 0.564453 0.265625
vt 0.722656 0.916016
vt 0.685547 0.806641
vt 0.634766 0.652344
vt 0.650391 0.251953
vt 0.474609 0.251953
vt 0.652344 0.652344
vt 0.650391 0.234375
vt 0.634766 0.634766
vt 0.650391 0.234375
vt 0.693359 0.251953
vt 0.474609 0.234375
vt 0.652344 0.634766
vt 0.693359 0.234375
vt 0.476562 0.251953
vt 0.500000 0.365234
vt 0.652344 0.234375
vt 0.648438 0.251953
vt 0.517578 0.365234
vt 0.652344 0.251953
vt 0.476562 0.234375
vt 0.500000 0.347656
vt 0.695312 0.234375
vt 0.648438 0.234375
vt 0.517578 0.347656
vt 0.695312 0.251953
vt 0.705078 0.916016
vt 0.599609 0.273438
vt 0.673828 0.705078
vt 0.576172 0.273438
vt 0.722656 0.916016
vt 0.673828 0.687500
vt 0.705078 0.908203
vt 0.599609 0.265625
vt 0.673828 0.669922
vt 0.576172 0.265625
vt 0.722656 0.908203
vt 0.673828 0.652344
vt 0.587891 0.273438
vt 0.457031 0.294922
vt 0.685547 0.687500
vt 0.587891 0.273438
vt 0.474609 0.294922
vt 0.685547 0.705078
vt 0.587891 0.265625
vt 0.457031 0.287109
vt 0.685547 0.652344
vt 0.587891 0.265625
vt 0.474609 0.287109
vt 0.685547 0.669922
vt 0.341797 0.457031
vt 0.660156 0.947266
vt 0.650391 0.919922
vt 0.009766 0.349609
vt 0.369141 0.457031
vt 0.650391 0.892578
vt 0.341797 0.429688
vt 0.660156 0.919922
vt 0.234375 0.349609
vt 0.009766 0.322266
vt 0.369141 0.429688
vt 0.234375 0.322266
vt 0.019531 0.349609
vt 0.107422 0.455078
vt 0.660156 0.892578
vt 0.650391 0.947266
vt 0.134766 0.455078
vt 0.660156 0.919922
vt 0.019531 0.322266
vt 0.107422 0.427734
vt 0.244141 0.322266
vt 0.650391 0.919922
vt 0.134766 0.427734
vt 0.244141 0.349609
s 1
usemtl btr4_tex_4.png
f 84/249/11 87/258/11 85/252/11 82/243/11
f 83/246/12 84/250/12 82/244/12 81/240/12
f 88/261/13 83/247/13 81/241/13 86/255/13
f 87/259/14 88/262/14 86/256/14 85/253/14
f 86/257/15 81/242/15 82/245/15 85/254/15
f 87/260/16 84/251/16 83/248/16 88/263/16
f 92/273/17 95/282/17 93/276/17 90/267/17
f 91/270/12 92/274/12 90/268/12 89/264/12
f 96/285/18 91/271/18 89/265/18 94/279/18
f 95/283/14 96/286/14 94/280/14 93/277/14
f 94/281/19 89/266/19 90/269/19 93/278/19
f 95/284/20 92/275/20 91/272/20 96/287/20
f 100/297/16 103/306/16 101/300/16 98/291/16
f 99/294/12 100/298/12 98/292/12 97/288/12
f 104/309/15 99/295/15 97/289/15 102/303/15
f 103/307/14 104/310/14 102/304/14 101/301/14
f 102/305/11 97/290/11 98/293/11 101/302/11
f 103/308/13 100/299/13 99/296/13 104/311/13
f 108/321/20 111/330/20 109/324/20 106/315/20
f 107/318/12 108/322/12 106/316/12 105/312/12
f 112/333/19 107/319/19 105/313/19 110/327/19
f 111/331/14 112/334/14 110/328/14 109/325/14
f 110/329/17 105/314/17 106/317/17 109/326/17
f 111/332/18 108/323/18 107/320/18 112/335/18
f 116/345/19 119/354/19 117/348/19 114/339/19
f 115/342/12 116/346/12 114/340/12 113/336/12
f 120/357/20 115/343/20 113/337/20 118/351/20
f 119/355/14 120/358/14 118/352/14 117/349/14
f 118/353/18 113/338/18 114/341/18 117/350/18
f 119/356/17 116/347/17 115/344/17 120/359/17
f 124/369/17 127/378/17 125/372/17 122/363/17
f 123/366/12 124/370/12 122/364/12 121/360/12
f 128/381/18 123/367/18 121/361/18 126/375/18
f 127/379/14 128/382/14 126/376/14 125/373/14
f 126/377/19 121/362/19 122/365/19 125/374/19
f 127/380/20 124/371/20 123/368/20 128/383/20
f 132/393/11 135/402/11 133/396/11 130/387/11
f 131/390/12 132/394/12 130/388/12 129/384/12
f 136/405/13 131/391/13 129/385/13 134/399/13
f 135/403/14 136/406/14 134/400/14 133/397/14
f 134/401/15 129/386/15 130/389/15 133/398/15
f 135/404/16 132/395/16 131/392/16 136/407/16
f 140/416/17 143/425/17 141/419/17 138/410/17
f 139/413/12 140/417/12 138/411/12 137/408/12
f 144/428/18 139/414/18 137/409/18 142/422/18
f 143/426/14 144/429/14 142/423/14 141/420/14
f 142/424/19 137/409/19 138/412/19 141/421/19
f 143/427/20 140/418/20 139/415/20 144/430/20
f 148/440/16 151/449/16 149/443/16 146/434/16
f 147/437/12 148/441/12 146/435/12 145/431/12
f 152/452/15 147/438/15 145/432/15 150/446/15
f 151/450/14 152/453/14 150/447/14 149/444/14
f 150/448/11 145/433/11 146/436/11 149/445/11
f 151/451/13 148/442/13 147/439/13 152/454/13
f 156/464/17 159/473/17 157/467/17 154/458/17
f 155/461/12 156/465/12 154/459/12 153/455/12
f 160/476/18 155/462/18 153/456/18 158/470/18
f 159/474/14 160/477/14 158/471/14 157/468/14
f 158/472/19 153/457/19 154/460/19 157/469/19
f 159/475/20 156/466/20 155/463/20 160/478/20
o w7
v 1.704457 0.198241 0.273290
v 1.704457 0.598919 -0.127385
v 1.704456 0.008074 0.083124
v 1.704457 0.408751 -0.317553
v 1.299519 0.598919 -0.127386
v 1.299520 0.198241 0.273291
v 1.299519 0.408751 -0.317553
v 1.299519 0.008074 0.083124
v 1.703650 0.276473 0.649231
v 1.703650 0.276473 0.083931
v 1.703650 0.008880 0.649231
v 1.703650 0.008881 0.083931
v 1.300057 0.276473 0.083931
v 1.300057 0.276473 0.649231
v 1.300057 0.008881 0.083931
v 1.300057 0.008880 0.649231
v 1.704456 0.598919 0.860548
v 1.704457 0.198241 0.459871
v 1.704457 0.408751 1.050714
v 1.704457 0.008074 0.650038
v 1.299519 0.198241 0.459871
v 1.299519 0.598919 0.860548
v 1.299519 0.008074 0.650038
v 1.299519 0.408751 1.050714
v 1.703650 0.949604 -0.316745
v 1.703650 0.384301 -0.316745
v 1.703650 0.949604 -0.049154
v 1.703650 0.384301 -0.049154
v 1.300056 0.384301 -0.316745
v 1.300056 0.949604 -0.316745
v 1.300057 0.384301 -0.049154
v 1.300057 0.949604 -0.049154
v 1.703650 0.384301 1.049907
v 1.703650 0.949604 1.049907
v 1.703650 0.384301 0.782316
v 1.703650 0.949604 0.782316
v 1.300057 0.949604 1.049908
v 1.300057 0.384301 1.049907
v 1.300057 0.949604 0.782316
v 1.300057 0.384301 0.782316
v 1.703650 1.350281 0.649231
v 1.703650 1.350282 0.083931
v 1.703650 1.082689 0.649231
v 1.703650 1.082689 0.083931
v 1.300057 1.350282 0.083931
v 1.300057 1.350281 0.649232
v 1.300057 1.082689 0.083931
v 1.300057 1.082689 0.649232
v 1.704457 0.950411 1.050714
v 1.704457 1.351088 0.650039
v 1.704456 0.760243 0.860548
v 1.704457 1.160921 0.459871
v 1.299519 1.351088 0.650038
v 1.299519 0.950411 1.050714
v 1.299519 1.160921 0.459871
v 1.299519 0.760243 0.860548
v 1.737037 0.960325 0.650228
v 1.737037 0.960325 0.074981
v 1.737037 0.397575 0.650228
v 1.737037 0.397575 0.074981
v 1.674287 0.960325 0.074980
v 1.674287 0.960325 0.650228
v 1.674287 0.397575 0.074980
v 1.674287 0.397575 0.650228
v 1.704456 1.351089 0.083124
v 1.704457 0.950411 -0.317553
v 1.704457 1.160921 0.273290
v 1.704457 0.760243 -0.127385
v 1.299519 0.950411 -0.317553
v 1.299519 1.351089 0.083124
v 1.299519 0.760243 -0.127385
v 1.299520 1.160921 0.273291
v 1.674537 1.088575 0.798845
v 1.674537 1.088576 -0.068769
v 1.674537 0.203825 0.798844
v 1.674537 0.203825 -0.068769
v 1.367335 1.088576 -0.068769
v 1.367335 1.088575 0.798845
v 1.367335 0.203825 -0.068770
v 1.367335 0.203825 0.798844
vn -0.0000 0.7071 -0.7071
vn 1.0000 -0.0000 -0.0000
vn -0.0000 -0.7071 0.7071
vn -1.0000 -0.0000 -0.0000
vn -0.0000 0.7071 0.7071
vn -0.0000 -0.7071 -0.7071
vn -0.0000 -0.0000 -1.0000
vn -0.0000 -0.0000 1.0000
vn -0.0000 1.0000 -0.0000
vn -0.0000 -1.0000 -0.0000
vt 0.501953 0.294922
vt 0.011719 0.271484
vt 0.673828 0.634766
vt 0.726562 0.412109
vt 0.519531 0.294922
vt 0.673828 0.617188
vt 0.501953 0.287109
vt 0.011719 0.263672
vt 0.400391 0.326172
vt 0.726562 0.404297
vt 0.519531 0.287109
vt 0.400391 0.308594
vt 0.738281 0.412109
vt 0.023438 0.292969
vt 0.685547 0.617188
vt 0.000000 0.271484
vt 0.041016 0.292969
vt 0.685547 0.634766
vt 0.738281 0.404297
vt 0.023438 0.285156
vt 0.412109 0.308594
vt 0.000000 0.263672
vt 0.041016 0.285156
vt 0.412109 0.326172
vt 0.193359 0.292969
vt 0.740234 0.669922
vt 0.673828 0.574219
vt 0.728516 0.707031
vt 0.210938 0.292969
vt 0.673828 0.556641
vt 0.193359 0.285156
vt 0.740234 0.662109
vt 0.646484 0.326172
vt 0.728516 0.699219
vt 0.210938 0.285156
vt 0.646484 0.308594
vt 0.740234 0.707031
vt 0.251953 0.292969
vt 0.685547 0.556641
vt 0.728516 0.669922
vt 0.269531 0.292969
vt 0.685547 0.574219
vt 0.740234 0.699219
vt 0.251953 0.285156
vt 0.658203 0.308594
vt 0.728516 0.662109
vt 0.269531 0.285156
vt 0.658203 0.326172
vt 0.269531 0.292969
vt 0.740234 0.654297
vt 0.675781 0.783203
vt 0.728516 0.662109
vt 0.287109 0.292969
vt 0.675781 0.765625
vt 0.269531 0.285156
vt 0.740234 0.646484
vt 0.675781 0.765625
vt 0.728516 0.654297
vt 0.287109 0.285156
vt 0.675781 0.748047
vt 0.740234 0.662109
vt 0.707031 0.445312
vt 0.687500 0.765625
vt 0.728516 0.654297
vt 0.724609 0.445312
vt 0.687500 0.783203
vt 0.740234 0.654297
vt 0.707031 0.437500
vt 0.687500 0.748047
vt 0.728516 0.646484
vt 0.724609 0.437500
vt 0.687500 0.765625
vt 0.707031 0.437500
vt 0.740234 0.646484
vt 0.533203 0.324219
vt 0.349609 0.271484
vt 0.724609 0.437500
vt 0.533203 0.306641
vt 0.707031 0.429688
vt 0.740234 0.638672
vt 0.544922 0.324219
vt 0.349609 0.263672
vt 0.724609 0.429688
vt 0.544922 0.306641
vt 0.361328 0.271484
vt 0.617188 0.292969
vt 0.544922 0.306641
vt 0.728516 0.646484
vt 0.634766 0.292969
vt 0.544922 0.324219
vt 0.361328 0.263672
vt 0.617188 0.285156
vt 0.556641 0.306641
vt 0.728516 0.638672
vt 0.634766 0.285156
vt 0.556641 0.324219
vt 0.707031 0.380859
vt 0.740234 0.582031
vt 0.675781 0.445312
vt 0.394531 0.271484
vt 0.724609 0.380859
vt 0.675781 0.427734
vt 0.707031 0.373047
vt 0.740234 0.574219
vt 0.630859 0.324219
vt 0.394531 0.263672
vt 0.724609 0.373047
vt 0.630859 0.306641
vt 0.406250 0.271484
vt 0.707031 0.373047
vt 0.687500 0.427734
vt 0.728516 0.582031
vt 0.724609 0.373047
vt 0.687500 0.445312
vt 0.406250 0.263672
vt 0.707031 0.365234
vt 0.642578 0.306641
vt 0.728516 0.574219
vt 0.724609 0.365234
vt 0.642578 0.324219
vt 0.707031 0.365234
vt 0.740234 0.523438
vt 0.000000 0.322266
vt 0.728516 0.531250
vt 0.724609 0.365234
vt 0.000000 0.304688
vt 0.707031 0.357422
vt 0.740234 0.515625
vt 0.677734 0.994141
vt 0.728516 0.523438
vt 0.724609 0.357422
vt 0.677734 0.976562
vt 0.740234 0.531250
vt 0.707031 0.326172
vt 0.011719 0.304688
vt 0.728516 0.523438
vt 0.724609 0.326172
vt 0.011719 0.322266
vt 0.740234 0.523438
vt 0.707031 0.318359
vt 0.689453 0.976562
vt 0.728516 0.515625
vt 0.724609 0.318359
vt 0.689453 0.994141
vt 0.707031 0.318359
vt 0.734375 0.271484
vt 0.011719 0.322266
vt 0.634766 0.271484
vt 0.724609 0.318359
vt 0.011719 0.304688
vt 0.707031 0.310547
vt 0.734375 0.263672
vt 0.677734 0.867188
vt 0.634766 0.263672
vt 0.724609 0.310547
vt 0.677734 0.849609
vt 0.646484 0.271484
vt 0.707031 0.310547
vt 0.023438 0.304688
vt 0.722656 0.271484
vt 0.724609 0.310547
vt 0.023438 0.322266
vt 0.646484 0.263672
vt 0.707031 0.302734
vt 0.689453 0.849609
vt 0.722656 0.263672
vt 0.724609 0.302734
vt 0.689453 0.867188
vt 0.517578 0.365234
vt 0.019531 0.250000
vt 0.695312 0.251953
vt 0.535156 0.365234
vt 0.019531 0.232422
vt 0.517578 0.347656
vt 0.019531 0.232422
vt 0.048828 0.250000
vt 0.695312 0.234375
vt 0.535156 0.347656
vt 0.048828 0.232422
vt 0.697266 0.251953
vt 0.187500 0.363281
vt 0.021484 0.232422
vt 0.017578 0.250000
vt 0.205078 0.363281
vt 0.021484 0.250000
vt 0.697266 0.234375
vt 0.187500 0.345703
vt 0.050781 0.232422
vt 0.017578 0.232422
vt 0.205078 0.345703
vt 0.050781 0.250000
vt 0.708984 0.978516
vt 0.742188 0.867188
vt 0.232422 0.322266
vt 0.730469 0.990234
vt 0.726562 0.978516
vt 0.232422 0.304688
vt 0.708984 0.970703
vt 0.742188 0.859375
vt 0.287109 0.322266
vt 0.730469 0.982422
vt 0.726562 0.970703
vt 0.287109 0.304688
vt 0.742188 0.990234
vt 0.708984 0.970703
vt 0.244141 0.304688
vt 0.730469 0.867188
vt 0.726562 0.970703
vt 0.244141 0.322266
vt 0.742188 0.982422
vt 0.708984 0.962891
vt 0.298828 0.304688
vt 0.730469 0.859375
vt 0.726562 0.962891
vt 0.298828 0.322266
vt 0.552734 0.785156
vt 0.306641 0.349609
vt 0.453125 0.349609
vt 0.650391 0.707031
vt 0.580078 0.785156
vt 0.453125 0.322266
vt 0.552734 0.757812
vt 0.306641 0.322266
vt 0.462891 0.349609
vt 0.650391 0.679688
vt 0.580078 0.757812
vt 0.462891 0.322266
vt 0.660156 0.707031
vt 0.431641 0.447266
vt 0.462891 0.322266
vt 0.296875 0.349609
vt 0.458984 0.447266
vt 0.462891 0.349609
vt 0.660156 0.679688
vt 0.431641 0.419922
vt 0.472656 0.322266
vt 0.296875 0.322266
vt 0.458984 0.419922
vt 0.472656 0.349609
s 1
usemtl btr4_tex_4.png
f 164/488/21 167/497/21 165/491/21 162/482/21
f 163/485/22 164/489/22 162/483/22 161/479/22
f 168/500/23 163/486/23 161/480/23 166/494/23
f 167/498/24 168/501/24 166/495/24 165/492/24
f 166/496/25 161/481/25 162/484/25 165/493/25
f 167/499/26 164/490/26 163/487/26 168/502/26
f 172/512/27 175/521/27 173/515/27 170/506/27
f 171/509/22 172/513/22 170/507/22 169/503/22
f 176/524/28 171/510/28 169/504/28 174/518/28
f 175/522/24 176/525/24 174/519/24 173/516/24
f 174/520/29 169/505/29 170/508/29 173/517/29
f 175/523/30 172/514/30 171/511/30 176/526/30
f 180/536/26 183/545/26 181/539/26 178/530/26
f 179/533/22 180/537/22 178/531/22 177/527/22
f 184/548/25 179/534/25 177/528/25 182/542/25
f 183/546/24 184/549/24 182/543/24 181/540/24
f 182/544/21 177/529/21 178/532/21 181/541/21
f 183/547/23 180/538/23 179/535/23 184/550/23
f 188/560/30 191/569/30 189/563/30 186/554/30
f 187/557/22 188/561/22 186/555/22 185/551/22
f 192/572/29 187/558/29 185/552/29 190/566/29
f 191/570/24 192/573/24 190/567/24 189/564/24
f 190/568/27 185/553/27 186/556/27 189/565/27
f 191/571/28 188/562/28 187/559/28 192/574/28
f 196/584/29 199/593/29 197/587/29 194/578/29
f 195/581/22 196/585/22 194/579/22 193/575/22
f 200/596/30 195/582/30 193/576/30 198/590/30
f 199/594/24 200/597/24 198/591/24 197/588/24
f 198/592/28 193/577/28 194/580/28 197/589/28
f 199/595/27 196/586/27 195/583/27 200/598/27
f 204/608/27 207/617/27 205/611/27 202/602/27
f 203/605/22 204/609/22 202/603/22 201/599/22
f 208/620/28 203/606/28 201/600/28 206/614/28
f 207/618/24 208/621/24 206/615/24 205/612/24
f 206/616/29 201/601/29 202/604/29 205/613/29
f 207/619/30 204/610/30 203/607/30 208/622/30
f 212/632/21 215/641/21 213/635/21 210/626/21
f 211/629/22 212/633/22 210/627/22 209/623/22
f 216/644/23 211/630/23 209/624/23 214/638/23
f 215/642/24 216/645/24 214/639/24 213/636/24
f 214/640/25 209/625/25 210/628/25 213/637/25
f 215/643/26 212/634/26 211/631/26 216/646/26
f 220/655/27 223/664/27 221/658/27 218/649/27
f 219/652/22 220/656/22 218/650/22 217/647/22
f 224/667/28 219/653/28 217/648/28 222/661/28
f 223/665/24 224/668/24 222/662/24 221/659/24
f 222/663/29 217/648/29 218/651/29 221/660/29
f 223/666/30 220/657/30 219/654/30 224/669/30
f 228/679/26 231/688/26 229/682/26 226/673/26
f 227/676/22 228/680/22 226/674/22 225/670/22
f 232/691/25 227/677/25 225/671/25 230/685/25
f 231/689/24 232/692/24 230/686/24 229/683/24
f 230/687/21 225/672/21 226/675/21 229/684/21
f 231/690/23 228/681/23 227/678/23 232/693/23
f 236/703/27 239/712/27 237/706/27 234/697/27
f 235/700/22 236/704/22 234/698/22 233/694/22
f 240/715/28 235/701/28 233/695/28 238/709/28
f 239/713/24 240/716/24 238/710/24 237/707/24
f 238/711/29 233/696/29 234/699/29 237/708/29
f 239/714/30 236/705/30 235/702/30 240/717/30
o w8
v 1.704456 0.198241 -1.351703
v 1.704456 0.598919 -1.752379
v 1.704456 0.008074 -1.541871
v 1.704457 0.408752 -1.942546
v 1.299519 0.598919 -1.752380
v 1.299519 0.198241 -1.351703
v 1.299519 0.408752 -1.942546
v 1.299518 0.008074 -1.541870
v 1.703650 0.276473 -0.975763
v 1.703650 0.276474 -1.541063
v 1.703650 0.008881 -0.975764
v 1.703650 0.008881 -1.541063
v 1.300057 0.276474 -1.541064
v 1.300057 0.276473 -0.975762
v 1.300057 0.008881 -1.541064
v 1.300057 0.008881 -0.975762
v 1.704457 0.598919 -0.764447
v 1.704456 0.198241 -1.165123
v 1.704456 0.408751 -0.574279
v 1.704457 0.008074 -0.974956
v 1.299519 0.198241 -1.165122
v 1.299519 0.598919 -0.764447
v 1.299519 0.008074 -0.974956
v 1.299519 0.408751 -0.574280
v 1.703650 0.949604 -1.941739
v 1.703650 0.384301 -1.941739
v 1.703650 0.949604 -1.674148
v 1.703650 0.384301 -1.674149
v 1.300057 0.384301 -1.941739
v 1.300057 0.949604 -1.941739
v 1.300057 0.384301 -1.674148
v 1.300057 0.949604 -1.674148
v 1.703649 0.384301 -0.575086
v 1.703649 0.949604 -0.575086
v 1.703649 0.384301 -0.842678
v 1.703649 0.949604 -0.842678
v 1.300057 0.949604 -0.575086
v 1.300057 0.384301 -0.575086
v 1.300057 0.949604 -0.842678
v 1.300057 0.384301 -0.842678
v 1.703650 1.350282 -0.975763
v 1.703650 1.350282 -1.541063
v 1.703650 1.082689 -0.975763
v 1.703650 1.082689 -1.541063
v 1.300057 1.350282 -1.541064
v 1.300057 1.350282 -0.975762
v 1.300057 1.082689 -1.541064
v 1.300057 1.082689 -0.975762
v 1.704456 0.950411 -0.574279
v 1.704457 1.351089 -0.974956
v 1.704457 0.760244 -0.764447
v 1.704456 1.160921 -1.165123
v 1.299519 1.351089 -0.974956
v 1.299519 0.950411 -0.574280
v 1.299519 1.160921 -1.165122
v 1.299519 0.760244 -0.764447
v 1.737036 0.960325 -0.974767
v 1.737037 0.960325 -1.550014
v 1.737036 0.397575 -0.974767
v 1.737037 0.397575 -1.550014
v 1.674287 0.960325 -1.550014
v 1.674288 0.960325 -0.974766
v 1.674287 0.397575 -1.550014
v 1.674288 0.397575 -0.974766
v 1.704456 1.351089 -1.541871
v 1.704457 0.950411 -1.942546
v 1.704456 1.160921 -1.351703
v 1.704456 0.760244 -1.752379
v 1.299519 0.950411 -1.942546
v 1.299518 1.351089 -1.541870
v 1.299519 0.760244 -1.752380
v 1.299519 1.160921 -1.351703
v 1.674537 1.088576 -0.826149
v 1.674537 1.088576 -1.693763
v 1.674537 0.203825 -0.826149
v 1.674537 0.203825 -1.693763
v 1.367335 1.088576 -1.693763
v 1.367335 1.088576 -0.826149
v 1.367335 0.203825 -1.693763
v 1.367335 0.203825 -0.826150
vn -0.0000 0.7071 -0.7071
vn 1.0000 -0.0000 -0.0000
vn -0.0000 -0.7071 0.7071
vn -1.0000 -0.0000 -0.0000
vn -0.0000 0.7071 0.7071
vn -0.0000 -0.7071 -0.7071
vn -0.0000 -0.0000 -1.0000
vn -0.0000 -0.0000 1.0000
vn -0.0000 1.0000 -0.0000
vn -0.0000 -1.0000 -0.0000
vt 0.708984 0.962891
vt 0.214844 0.269531
vt 0.451172 0.322266
vt 0.171875 0.269531
vt 0.726562 0.962891
vt 0.451172 0.304688
vt 0.708984 0.955078
vt 0.214844 0.261719
vt 0.480469 0.322266
vt 0.171875 0.261719
vt 0.726562 0.955078
vt 0.480469 0.304688
vt 0.183594 0.269531
vt 0.708984 0.955078
vt 0.462891 0.304688
vt 0.203125 0.269531
vt 0.726562 0.955078
vt 0.462891 0.322266
vt 0.183594 0.261719
vt 0.708984 0.947266
vt 0.492188 0.304688
vt 0.203125 0.261719
vt 0.726562 0.947266
vt 0.492188 0.322266
vt 0.708984 0.947266
vt 0.296875 0.269531
vt 0.679688 0.849609
vt 0.261719 0.269531
vt 0.726562 0.947266
vt 0.679688 0.832031
vt 0.708984 0.939453
vt 0.296875 0.261719
vt 0.679688 0.722656
vt 0.261719 0.261719
vt 0.726562 0.939453
vt 0.679688 0.705078
vt 0.273438 0.269531
vt 0.054688 0.291016
vt 0.691406 0.832031
vt 0.285156 0.269531
vt 0.072266 0.291016
vt 0.691406 0.849609
vt 0.273438 0.261719
vt 0.054688 0.283203
vt 0.691406 0.705078
vt 0.285156 0.261719
vt 0.072266 0.283203
vt 0.691406 0.722656
vt 0.708984 0.908203
vt 0.742188 0.507812
vt 0.679688 0.617188
vt 0.730469 0.515625
vt 0.726562 0.908203
vt 0.679688 0.599609
vt 0.708984 0.900391
vt 0.742188 0.500000
vt 0.679688 0.599609
vt 0.730469 0.507812
vt 0.726562 0.900391
vt 0.679688 0.582031
vt 0.742188 0.515625
vt 0.708984 0.900391
vt 0.691406 0.599609
vt 0.730469 0.507812
vt 0.726562 0.900391
vt 0.691406 0.617188
vt 0.742188 0.507812
vt 0.708984 0.892578
vt 0.691406 0.582031
vt 0.730469 0.500000
vt 0.726562 0.892578
vt 0.691406 0.599609
vt 0.708984 0.892578
vt 0.742188 0.492188
vt 0.429688 0.320312
vt 0.730469 0.500000
vt 0.726562 0.892578
vt 0.429688 0.302734
vt 0.708984 0.884766
vt 0.742188 0.484375
vt 0.679688 0.546875
vt 0.730469 0.492188
vt 0.726562 0.884766
vt 0.679688 0.529297
vt 0.742188 0.500000
vt 0.167969 0.291016
vt 0.441406 0.302734
vt 0.730469 0.492188
vt 0.185547 0.291016
vt 0.441406 0.320312
vt 0.742188 0.492188
vt 0.167969 0.283203
vt 0.691406 0.529297
vt 0.730469 0.484375
vt 0.185547 0.283203
vt 0.691406 0.546875
vt 0.382812 0.291016
vt 0.742188 0.337891
vt 0.679688 0.529297
vt 0.730469 0.345703
vt 0.400391 0.291016
vt 0.679688 0.511719
vt 0.382812 0.283203
vt 0.742188 0.330078
vt 0.492188 0.320312
vt 0.730469 0.337891
vt 0.400391 0.283203
vt 0.492188 0.302734
vt 0.742188 0.345703
vt 0.708984 0.564453
vt 0.691406 0.511719
vt 0.730469 0.337891
vt 0.726562 0.564453
vt 0.691406 0.529297
vt 0.742188 0.337891
vt 0.708984 0.556641
vt 0.503906 0.302734
vt 0.730469 0.330078
vt 0.726562 0.556641
vt 0.503906 0.320312
vt 0.474609 0.291016
vt 0.126953 0.267578
vt 0.679688 0.503906
vt 0.099609 0.267578
vt 0.492188 0.291016
vt 0.679688 0.486328
vt 0.474609 0.283203
vt 0.126953 0.259766
vt 0.503906 0.320312
vt 0.099609 0.259766
vt 0.492188 0.283203
vt 0.503906 0.302734
vt 0.111328 0.267578
vt 0.708984 0.412109
vt 0.691406 0.486328
vt 0.115234 0.267578
vt 0.726562 0.412109
vt 0.691406 0.503906
vt 0.111328 0.259766
vt 0.708984 0.404297
vt 0.515625 0.302734
vt 0.115234 0.259766
vt 0.726562 0.404297
vt 0.515625 0.320312
vt 0.685547 0.291016
vt 0.138672 0.267578
vt 0.515625 0.320312
vt 0.732422 0.884766
vt 0.703125 0.291016
vt 0.515625 0.302734
vt 0.685547 0.283203
vt 0.138672 0.259766
vt 0.066406 0.318359
vt 0.732422 0.876953
vt 0.703125 0.283203
vt 0.066406 0.300781
vt 0.744141 0.884766
vt 0.703125 0.291016
vt 0.527344 0.302734
vt 0.126953 0.267578
vt 0.720703 0.291016
vt 0.527344 0.320312
vt 0.744141 0.876953
vt 0.703125 0.283203
vt 0.078125 0.300781
vt 0.126953 0.259766
vt 0.720703 0.283203
vt 0.078125 0.318359
vt 0.636719 0.546875
vt 0.751953 0.923828
vt 0.750000 0.906250
vt 0.050781 0.250000
vt 0.654297 0.546875
vt 0.750000 0.888672
vt 0.636719 0.529297
vt 0.751953 0.906250
vt 0.138672 0.250000
vt 0.050781 0.232422
vt 0.654297 0.529297
vt 0.138672 0.232422
vt 0.052734 0.250000
vt 0.636719 0.529297
vt 0.751953 0.888672
vt 0.750000 0.923828
vt 0.654297 0.529297
vt 0.751953 0.906250
vt 0.052734 0.232422
vt 0.636719 0.511719
vt 0.140625 0.232422
vt 0.750000 0.906250
vt 0.654297 0.511719
vt 0.140625 0.250000
vt 0.710938 0.707031
vt 0.744141 0.804688
vt 0.078125 0.318359
vt 0.732422 0.812500
vt 0.728516 0.707031
vt 0.078125 0.300781
vt 0.710938 0.699219
vt 0.744141 0.796875
vt 0.681641 0.917969
vt 0.732422 0.804688
vt 0.728516 0.699219
vt 0.681641 0.900391
vt 0.744141 0.812500
vt 0.310547 0.289062
vt 0.089844 0.300781
vt 0.732422 0.804688
vt 0.328125 0.289062
vt 0.089844 0.318359
vt 0.744141 0.804688
vt 0.310547 0.281250
vt 0.693359 0.900391
vt 0.732422 0.796875
vt 0.328125 0.281250
vt 0.693359 0.917969
vt 0.458984 0.447266
vt 0.662109 0.892578
vt 0.156250 0.347656
vt 0.484375 0.349609
vt 0.486328 0.447266
vt 0.156250 0.320312
vt 0.458984 0.419922
vt 0.662109 0.865234
vt 0.652344 0.669922
vt 0.484375 0.322266
vt 0.486328 0.419922
vt 0.652344 0.642578
vt 0.494141 0.349609
vt 0.074219 0.445312
vt 0.166016 0.320312
vt 0.652344 0.892578
vt 0.101562 0.445312
vt 0.166016 0.347656
vt 0.494141 0.322266
vt 0.074219 0.417969
vt 0.662109 0.642578
vt 0.652344 0.865234
vt 0.101562 0.417969
vt 0.662109 0.669922
s 1
usemtl btr4_tex_4.png
f 244/727/31 247/736/31 245/730/31 242/721/31
f 243/724/32 244/728/32 242/722/32 241/718/32
f 248/739/33 243/725/33 241/719/33 246/733/33
f 247/737/34 248/740/34 246/734/34 245/731/34
f 246/735/35 241/720/35 242/723/35 245/732/35
f 247/738/36 244/729/36 243/726/36 248/741/36
f 252/751/37 255/760/37 253/754/37 250/745/37
f 251/748/32 252/752/32 250/746/32 249/742/32
f 256/763/38 251/749/38 249/743/38 254/757/38
f 255/761/34 256/764/34 254/758/34 253/755/34
f 254/759/39 249/744/39 250/747/39 253/756/39
f 255/762/40 252/753/40 251/750/40 256/765/40
f 260/775/36 263/784/36 261/778/36 258/769/36
f 259/772/32 260/776/32 258/770/32 257/766/32
f 264/787/35 259/773/35 257/767/35 262/781/35
f 263/785/34 264/788/34 262/782/34 261/779/34
f 262/783/31 257/768/31 258/771/31 261/780/31
f 263/786/33 260/777/33 259/774/33 264/789/33
f 268/799/40 271/808/40 269/802/40 266/793/40
f 267/796/32 268/800/32 266/794/32 265/790/32
f 272/811/39 267/797/39 265/791/39 270/805/39
f 271/809/34 272/812/34 270/806/34 269/803/34
f 270/807/37 265/792/37 266/795/37 269/804/37
f 271/810/38 268/801/38 267/798/38 272/813/38
f 276/823/39 279/832/39 277/826/39 274/817/39
f 275/820/32 276/824/32 274/818/32 273/814/32
f 280/835/40 275/821/40 273/815/40 278/829/40
f 279/833/34 280/836/34 278/830/34 277/827/34
f 278/831/38 273/816/38 274/819/38 277/828/38
f 279/834/37 276/825/37 275/822/37 280/837/37
f 284/847/37 287/856/37 285/850/37 282/841/37
f 283/844/32 284/848/32 282/842/32 281/838/32
f 288/859/38 283/845/38 281/839/38 286/853/38
f 287/857/34 288/860/34 286/854/34 285/851/34
f 286/855/39 281/840/39 282/843/39 285/852/39
f 287/858/40 284/849/40 283/846/40 288/861/40
f 292/871/31 295/880/31 293/874/31 290/865/31
f 291/868/32 292/872/32 290/866/32 289/862/32
f 296/883/33 291/869/33 289/863/33 294/877/33
f 295/881/34 296/884/34 294/878/34 293/875/34
f 294/879/35 289/864/35 290/867/35 293/876/35
f 295/882/36 292/873/36 291/870/36 296/885/36
f 300/895/37 303/904/37 301/898/37 298/889/37
f 299/892/32 300/896/32 298/890/32 297/886/32
f 304/907/38 299/893/38 297/887/38 302/901/38
f 303/905/34 304/908/34 302/902/34 301/899/34
f 302/903/39 297/888/39 298/891/39 301/900/39
f 303/906/40 300/897/40 299/894/40 304/909/40
f 308/919/36 311/928/36 309/922/36 306/913/36
f 307/916/32 308/920/32 306/914/32 305/910/32
f 312/931/35 307/917/35 305/911/35 310/925/35
f 311/929/34 312/932/34 310/926/34 309/923/34
f 310/927/31 305/912/31 306/915/31 309/924/31
f 311/930/33 308/921/33 307/918/33 312/933/33
f 316/943/37 319/952/37 317/946/37 314/937/37
f 315/940/32 316/944/32 314/938/32 313/934/32
f 320/955/38 315/941/38 313/935/38 318/949/38
f 319/953/34 320/956/34 318/950/34 317/947/34
f 318/951/39 313/936/39 314/939/39 317/948/39
f 319/954/40 316/945/40 315/942/40 320/957/40
o w2
v -1.390694 0.198241 2.335782
v -1.390694 0.598919 1.935106
v -1.390694 0.008073 2.145616
v -1.390694 0.408751 1.744939
v -1.795632 0.598919 1.935106
v -1.795632 0.198241 2.335782
v -1.795632 0.408751 1.744939
v -1.795632 0.008073 2.145615
v -1.391232 0.276473 2.711723
v -1.391232 0.276473 2.146422
v -1.391232 0.008880 2.711723
v -1.391232 0.008880 2.146422
v -1.794825 0.276473 2.146422
v -1.794825 0.276473 2.711723
v -1.794825 0.008880 2.146422
v -1.794825 0.008880 2.711723
v -1.390694 0.598918 2.923039
v -1.390694 0.198241 2.522363
v -1.390694 0.408751 3.113206
v -1.390694 0.008073 2.712529
v -1.795632 0.198241 2.522363
v -1.795632 0.598918 2.923039
v -1.795632 0.008073 2.712529
v -1.795632 0.408751 3.113205
v -1.391232 0.949604 1.745746
v -1.391232 0.384301 1.745746
v -1.391232 0.949604 2.013338
v -1.391232 0.384301 2.013338
v -1.794825 0.384301 1.745746
v -1.794825 0.949604 1.745746
v -1.794825 0.384301 2.013338
v -1.794825 0.949604 2.013338
v -1.391232 0.384301 3.112399
v -1.391232 0.949603 3.112399
v -1.391232 0.384301 2.844807
v -1.391232 0.949604 2.844807
v -1.794825 0.949603 3.112399
v -1.794825 0.384301 3.112399
v -1.794825 0.949604 2.844807
v -1.794825 0.384301 2.844807
v -1.391232 1.350281 2.711723
v -1.391232 1.350281 2.146422
v -1.391232 1.082688 2.711723
v -1.391232 1.082688 2.146422
v -1.794825 1.350281 2.146422
v -1.794825 1.350281 2.711723
v -1.794825 1.082688 2.146422
v -1.794825 1.082688 2.711723
v -1.390694 0.950410 3.113206
v -1.390694 1.351088 2.712529
v -1.390694 0.760243 2.923039
v -1.390694 1.160921 2.522363
v -1.795632 1.351088 2.712529
v -1.795632 0.950410 3.113205
v -1.795632 1.160921 2.522363
v -1.795632 0.760243 2.923039
v -1.765463 0.960325 2.712719
v -1.765463 0.960325 2.137472
v -1.765463 0.397575 2.712719
v -1.765463 0.397575 2.137472
v -1.828212 0.960325 2.137472
v -1.828212 0.960325 2.712719
v -1.828212 0.397575 2.137472
v -1.828212 0.397575 2.712719
v -1.390694 1.351088 2.145616
v -1.390694 0.950411 1.744939
v -1.390694 1.160921 2.335782
v -1.390694 0.760243 1.935106
v -1.795632 0.950411 1.744939
v -1.795632 1.351088 2.145615
v -1.795632 0.760243 1.935106
v -1.795632 1.160921 2.335782
v -1.458510 1.088575 2.861335
v -1.458510 1.088575 1.993722
v -1.458510 0.203824 2.861335
v -1.458510 0.203825 1.993722
v -1.765712 1.088575 1.993722
v -1.765712 1.088575 2.861336
v -1.765712 0.203825 1.993722
v -1.765712 0.203824 2.861336
vn -0.0000 0.7071 -0.7071
vn 1.0000 -0.0000 -0.0000
vn -0.0000 -0.7071 0.7071
vn -1.0000 -0.0000 -0.0000
vn -0.0000 0.7071 0.7071
vn -0.0000 -0.7071 -0.7071
vn -0.0000 -0.0000 -1.0000
vn -0.0000 -0.0000 1.0000
vn -0.0000 1.0000 -0.0000
vn -0.0000 -1.0000 -0.0000
vt 0.328125 0.289062
vt 0.744141 0.597656
vt 0.111328 0.318359
vt 0.333984 0.267578
vt 0.345703 0.289062
vt 0.111328 0.300781
vt 0.328125 0.281250
vt 0.744141 0.589844
vt 0.177734 0.318359
vt 0.333984 0.259766
vt 0.345703 0.281250
vt 0.177734 0.300781
vt 0.345703 0.267578
vt 0.710938 0.669922
vt 0.123047 0.300781
vt 0.732422 0.597656
vt 0.728516 0.669922
vt 0.123047 0.318359
vt 0.345703 0.259766
vt 0.710938 0.662109
vt 0.189453 0.300781
vt 0.732422 0.589844
vt 0.728516 0.662109
vt 0.189453 0.318359
vt 0.710938 0.662109
vt 0.500000 0.267578
vt 0.189453 0.318359
vt 0.476562 0.267578
vt 0.728516 0.662109
vt 0.189453 0.300781
vt 0.710938 0.654297
vt 0.500000 0.259766
vt 0.201172 0.318359
vt 0.476562 0.259766
vt 0.728516 0.654297
vt 0.201172 0.300781
vt 0.488281 0.267578
vt 0.710938 0.654297
vt 0.201172 0.300781
vt 0.488281 0.267578
vt 0.728516 0.654297
vt 0.201172 0.318359
vt 0.488281 0.259766
vt 0.710938 0.646484
vt 0.212891 0.300781
vt 0.488281 0.259766
vt 0.728516 0.646484
vt 0.212891 0.318359
vt 0.710938 0.646484
vt 0.675781 0.267578
vt 0.212891 0.318359
vt 0.652344 0.267578
vt 0.728516 0.646484
vt 0.212891 0.300781
vt 0.710938 0.638672
vt 0.675781 0.259766
vt 0.412109 0.318359
vt 0.652344 0.259766
vt 0.728516 0.638672
vt 0.412109 0.300781
vt 0.664062 0.267578
vt 0.710938 0.582031
vt 0.224609 0.300781
vt 0.664062 0.267578
vt 0.728516 0.582031
vt 0.224609 0.318359
vt 0.664062 0.259766
vt 0.710938 0.574219
vt 0.423828 0.300781
vt 0.664062 0.259766
vt 0.728516 0.574219
vt 0.423828 0.318359
vt 0.519531 0.289062
vt 0.699219 0.267578
vt 0.681641 0.378906
vt 0.675781 0.267578
vt 0.537109 0.289062
vt 0.681641 0.361328
vt 0.519531 0.281250
vt 0.699219 0.259766
vt 0.681641 0.361328
vt 0.675781 0.259766
vt 0.537109 0.281250
vt 0.681641 0.343750
vt 0.687500 0.267578
vt 0.564453 0.289062
vt 0.693359 0.361328
vt 0.687500 0.267578
vt 0.582031 0.289062
vt 0.693359 0.378906
vt 0.687500 0.259766
vt 0.564453 0.281250
vt 0.693359 0.343750
vt 0.687500 0.259766
vt 0.582031 0.281250
vt 0.693359 0.361328
vt 0.582031 0.289062
vt 0.722656 0.267578
vt 0.658203 0.318359
vt 0.699219 0.267578
vt 0.599609 0.289062
vt 0.658203 0.300781
vt 0.582031 0.281250
vt 0.722656 0.259766
vt 0.669922 0.318359
vt 0.699219 0.259766
vt 0.599609 0.281250
vt 0.669922 0.300781
vt 0.710938 0.267578
vt 0.599609 0.289062
vt 0.669922 0.300781
vt 0.710938 0.267578
vt 0.617188 0.289062
vt 0.669922 0.318359
vt 0.710938 0.259766
vt 0.599609 0.281250
vt 0.681641 0.300781
vt 0.710938 0.259766
vt 0.617188 0.281250
vt 0.681641 0.318359
vt 0.000000 0.287109
vt 0.064453 0.265625
vt 0.681641 0.318359
vt 0.732422 0.281250
vt 0.017578 0.287109
vt 0.681641 0.300781
vt 0.000000 0.279297
vt 0.064453 0.257812
vt 0.683594 0.976562
vt 0.732422 0.273438
vt 0.017578 0.279297
vt 0.683594 0.958984
vt 0.744141 0.281250
vt 0.712891 0.990234
vt 0.693359 0.300781
vt 0.052734 0.265625
vt 0.730469 0.990234
vt 0.693359 0.318359
vt 0.744141 0.273438
vt 0.712891 0.982422
vt 0.695312 0.958984
vt 0.052734 0.257812
vt 0.730469 0.982422
vt 0.695312 0.976562
vt 0.712891 0.867188
vt 0.308594 0.265625
vt 0.683594 0.958984
vt 0.064453 0.265625
vt 0.730469 0.867188
vt 0.683594 0.941406
vt 0.712891 0.859375
vt 0.308594 0.257812
vt 0.683594 0.941406
vt 0.064453 0.257812
vt 0.730469 0.859375
vt 0.683594 0.923828
vt 0.076172 0.265625
vt 0.359375 0.287109
vt 0.695312 0.941406
vt 0.296875 0.265625
vt 0.376953 0.287109
vt 0.695312 0.958984
vt 0.076172 0.257812
vt 0.359375 0.279297
vt 0.695312 0.923828
vt 0.296875 0.257812
vt 0.376953 0.279297
vt 0.695312 0.941406
vt 0.404297 0.361328
vt 0.144531 0.250000
vt 0.156250 0.250000
vt 0.140625 0.250000
vt 0.421875 0.361328
vt 0.156250 0.232422
vt 0.404297 0.343750
vt 0.144531 0.232422
vt 0.158203 0.250000
vt 0.140625 0.232422
vt 0.421875 0.343750
vt 0.158203 0.232422
vt 0.142578 0.250000
vt 0.056641 0.359375
vt 0.158203 0.232422
vt 0.142578 0.250000
vt 0.074219 0.359375
vt 0.158203 0.250000
vt 0.142578 0.232422
vt 0.056641 0.341797
vt 0.160156 0.232422
vt 0.142578 0.232422
vt 0.074219 0.341797
vt 0.160156 0.250000
vt 0.457031 0.287109
vt 0.332031 0.265625
vt 0.099609 0.316406
vt 0.308594 0.265625
vt 0.474609 0.287109
vt 0.099609 0.298828
vt 0.457031 0.279297
vt 0.332031 0.257812
vt 0.683594 0.900391
vt 0.308594 0.257812
vt 0.474609 0.279297
vt 0.683594 0.882812
vt 0.320312 0.265625
vt 0.492188 0.287109
vt 0.111328 0.298828
vt 0.320312 0.265625
vt 0.509766 0.287109
vt 0.111328 0.316406
vt 0.320312 0.257812
vt 0.492188 0.279297
vt 0.695312 0.882812
vt 0.320312 0.257812
vt 0.509766 0.279297
vt 0.695312 0.900391
vt 0.486328 0.445312
vt 0.662109 0.609375
vt 0.652344 0.582031
vt 0.341797 0.347656
vt 0.513672 0.445312
vt 0.652344 0.554688
vt 0.486328 0.417969
vt 0.662109 0.582031
vt 0.437500 0.347656
vt 0.341797 0.320312
vt 0.513672 0.417969
vt 0.437500 0.320312
vt 0.351562 0.347656
vt 0.513672 0.445312
vt 0.662109 0.554688
vt 0.652344 0.609375
vt 0.541016 0.445312
vt 0.662109 0.582031
vt 0.351562 0.320312
vt 0.513672 0.417969
vt 0.447266 0.320312
vt 0.652344 0.582031
vt 0.541016 0.417969
vt 0.447266 0.347656
s 1
usemtl btr4_tex_4.png
f 324/967/41 327/976/41 325/970/41 322/961/41
f 323/964/42 324/968/42 322/962/42 321/958/42
f 328/979/43 323/965/43 321/959/43 326/973/43
f 327/977/44 328/980/44 326/974/44 325/971/44
f 326/975/45 321/960/45 322/963/45 325/972/45
f 327/978/46 324/969/46 323/966/46 328/981/46
f 332/991/47 335/1000/47 333/994/47 330/985/47
f 331/988/42 332/992/42 330/986/42 329/982/42
f 336/1003/48 331/989/48 329/983/48 334/997/48
f 335/1001/44 336/1004/44 334/998/44 333/995/44
f 334/999/49 329/984/49 330/987/49 333/996/49
f 335/1002/50 332/993/50 331/990/50 336/1005/50
f 340/1015/46 343/1024/46 341/1018/46 338/1009/46
f 339/1012/42 340/1016/42 338/1010/42 337/1006/42
f 344/1027/45 339/1013/45 337/1007/45 342/1021/45
f 343/1025/44 344/1028/44 342/1022/44 341/1019/44
f 342/1023/41 337/1008/41 338/1011/41 341/1020/41
f 343/1026/43 340/1017/43 339/1014/43 344/1029/43
f 348/1039/50 351/1048/50 349/1042/50 346/1033/50
f 347/1036/42 348/1040/42 346/1034/42 345/1030/42
f 352/1051/49 347/1037/49 345/1031/49 350/1045/49
f 351/1049/44 352/1052/44 350/1046/44 349/1043/44
f 350/1047/47 345/1032/47 346/1035/47 349/1044/47
f 351/1050/48 348/1041/48 347/1038/48 352/1053/48
f 356/1063/49 359/1072/49 357/1066/49 354/1057/49
f 355/1060/42 356/1064/42 354/1058/42 353/1054/42
f 360/1075/50 355/1061/50 353/1055/50 358/1069/50
f 359/1073/44 360/1076/44 358/1070/44 357/1067/44
f 358/1071/48 353/1056/48 354/1059/48 357/1068/48
f 359/1074/47 356/1065/47 355/1062/47 360/1077/47
f 364/1087/47 367/1096/47 365/1090/47 362/1081/47
f 363/1084/42 364/1088/42 362/1082/42 361/1078/42
f 368/1099/48 363/1085/48 361/1079/48 366/1093/48
f 367/1097/44 368/1100/44 366/1094/44 365/1091/44
f 366/1095/49 361/1080/49 362/1083/49 365/1092/49
f 367/1098/50 364/1089/50 363/1086/50 368/1101/50
f 372/1111/41 375/1120/41 373/1114/41 370/1105/41
f 371/1108/42 372/1112/42 370/1106/42 369/1102/42
f 376/1123/43 371/1109/43 369/1103/43 374/1117/43
f 375/1121/44 376/1124/44 374/1118/44 373/1115/44
f 374/1119/45 369/1104/45 370/1107/45 373/1116/45
f 375/1122/46 372/1113/46 371/1110/46 376/1125/46
f 380/1135/47 383/1144/47 381/1138/47 378/1129/47
f 379/1132/42 380/1136/42 378/1130/42 377/1126/42
f 384/1147/48 379/1133/48 377/1127/48 382/1141/48
f 383/1145/44 384/1148/44 382/1142/44 381/1139/44
f 382/1143/49 377/1128/49 378/1131/49 381/1140/49
f 383/1146/50 380/1137/50 379/1134/50 384/1149/50
f 388/1159/46 391/1168/46 389/1162/46 386/1153/46
f 387/1156/42 388/1160/42 386/1154/42 385/1150/42
f 392/1171/45 387/1157/45 385/1151/45 390/1165/45
f 391/1169/44 392/1172/44 390/1166/44 389/1163/44
f 390/1167/41 385/1152/41 386/1155/41 389/1164/41
f 391/1170/43 388/1161/43 387/1158/43 392/1173/43
f 396/1183/47 399/1192/47 397/1186/47 394/1177/47
f 395/1180/42 396/1184/42 394/1178/42 393/1174/42
f 400/1195/48 395/1181/48 393/1175/48 398/1189/48
f 399/1193/44 400/1196/44 398/1190/44 397/1187/44
f 398/1191/49 393/1176/49 394/1179/49 397/1188/49
f 399/1194/50 396/1185/50 395/1182/50 400/1197/50
o w3
v -1.390694 0.198241 0.273290
v -1.390694 0.598919 -0.127386
v -1.390694 0.008074 0.083124
v -1.390694 0.408751 -0.317553
v -1.795632 0.598919 -0.127386
v -1.795632 0.198241 0.273291
v -1.795632 0.408751 -0.317552
v -1.795632 0.008074 0.083125
v -1.391232 0.276473 0.649231
v -1.391233 0.276473 0.083931
v -1.391232 0.008880 0.649231
v -1.391233 0.008881 0.083931
v -1.794826 0.276473 0.083931
v -1.794825 0.276473 0.649231
v -1.794826 0.008881 0.083931
v -1.794825 0.008880 0.649231
v -1.390695 0.598919 0.860547
v -1.390694 0.198241 0.459871
v -1.390695 0.408751 1.050714
v -1.390694 0.008074 0.650038
v -1.795632 0.198241 0.459871
v -1.795632 0.598919 0.860548
v -1.795632 0.008074 0.650038
v -1.795632 0.408751 1.050714
v -1.391232 0.949604 -0.316745
v -1.391232 0.384301 -0.316745
v -1.391232 0.949604 -0.049154
v -1.391232 0.384301 -0.049154
v -1.794825 0.384301 -0.316745
v -1.794825 0.949604 -0.316745
v -1.794825 0.384301 -0.049154
v -1.794825 0.949604 -0.049154
v -1.391233 0.384301 1.049907
v -1.391233 0.949604 1.049907
v -1.391232 0.384301 0.782316
v -1.391232 0.949604 0.782316
v -1.794825 0.949604 1.049908
v -1.794825 0.384301 1.049907
v -1.794825 0.949604 0.782316
v -1.794825 0.384301 0.782316
v -1.391232 1.350281 0.649232
v -1.391233 1.350282 0.083931
v -1.391232 1.082689 0.649232
v -1.391233 1.082689 0.083931
v -1.794826 1.350282 0.083931
v -1.794825 1.350281 0.649231
v -1.794826 1.082689 0.083931
v -1.794825 1.082689 0.649231
v -1.390695 0.950411 1.050714
v -1.390694 1.351088 0.650039
v -1.390695 0.760243 0.860547
v -1.390694 1.160921 0.459871
v -1.795632 1.351088 0.650038
v -1.795632 0.950411 1.050714
v -1.795632 1.160921 0.459871
v -1.795632 0.760243 0.860548
v -1.765463 0.960325 0.650228
v -1.765463 0.960325 0.074980
v -1.765463 0.397575 0.650228
v -1.765463 0.397575 0.074980
v -1.828212 0.960325 0.074980
v -1.828212 0.960325 0.650228
v -1.828212 0.397575 0.074980
v -1.828212 0.397575 0.650228
v -1.390694 1.351089 0.083124
v -1.390694 0.950411 -0.317553
v -1.390694 1.160921 0.273290
v -1.390694 0.760243 -0.127385
v -1.795632 0.950411 -0.317552
v -1.795632 1.351089 0.083125
v -1.795632 0.760243 -0.127386
v -1.795632 1.160921 0.273291
v -1.458511 1.088575 0.798844
v -1.458511 1.088576 -0.068769
v -1.458511 0.203825 0.798844
v -1.458511 0.203825 -0.068769
v -1.765712 1.088576 -0.068769
v -1.765712 1.088575 0.798844
v -1.765712 0.203825 -0.068770
v -1.765712 0.203825 0.798844
vn -0.0000 0.7071 -0.7071
vn 1.0000 -0.0000 -0.0000
vn -0.0000 -0.7071 0.7071
vn -1.0000 -0.0000 -0.0000
vn -0.0000 0.7071 0.7071
vn -0.0000 -0.7071 -0.7071
vn -0.0000 -0.0000 -1.0000
vn -0.0000 -0.0000 1.0000
vn -0.0000 1.0000 -0.0000
vn -0.0000 -1.0000 -0.0000
vt 0.537109 0.287109
vt 0.519531 0.265625
vt 0.128906 0.316406
vt 0.734375 0.550781
vt 0.554688 0.287109
vt 0.128906 0.298828
vt 0.537109 0.279297
vt 0.519531 0.257812
vt 0.156250 0.316406
vt 0.734375 0.542969
vt 0.554688 0.279297
vt 0.156250 0.298828
vt 0.746094 0.550781
vt 0.634766 0.287109
vt 0.140625 0.298828
vt 0.507812 0.265625
vt 0.652344 0.287109
vt 0.140625 0.316406
vt 0.746094 0.542969
vt 0.634766 0.279297
vt 0.167969 0.298828
vt 0.507812 0.257812
vt 0.652344 0.279297
vt 0.167969 0.316406
vt 0.712891 0.345703
vt 0.556641 0.265625
vt 0.298828 0.316406
vt 0.519531 0.265625
vt 0.730469 0.345703
vt 0.298828 0.298828
vt 0.712891 0.337891
vt 0.556641 0.257812
vt 0.359375 0.316406
vt 0.519531 0.257812
vt 0.730469 0.337891
vt 0.359375 0.298828
vt 0.531250 0.265625
vt 0.712891 0.337891
vt 0.310547 0.298828
vt 0.544922 0.265625
vt 0.730469 0.337891
vt 0.310547 0.316406
vt 0.531250 0.257812
vt 0.712891 0.330078
vt 0.371094 0.298828
vt 0.544922 0.257812
vt 0.730469 0.330078
vt 0.371094 0.316406
vt 0.017578 0.285156
vt 0.580078 0.265625
vt 0.371094 0.316406
vt 0.556641 0.265625
vt 0.035156 0.285156
vt 0.371094 0.298828
vt 0.017578 0.277344
vt 0.580078 0.257812
vt 0.556641 0.316406
vt 0.556641 0.257812
vt 0.035156 0.277344
vt 0.556641 0.298828
vt 0.568359 0.265625
vt 0.035156 0.285156
vt 0.382812 0.298828
vt 0.568359 0.265625
vt 0.052734 0.285156
vt 0.382812 0.316406
vt 0.568359 0.257812
vt 0.035156 0.277344
vt 0.568359 0.298828
vt 0.568359 0.257812
vt 0.052734 0.277344
vt 0.568359 0.316406
vt 0.714844 0.884766
vt 0.591797 0.265625
vt 0.568359 0.316406
vt 0.734375 0.427734
vt 0.732422 0.884766
vt 0.568359 0.298828
vt 0.714844 0.876953
vt 0.591797 0.257812
vt 0.683594 0.412109
vt 0.734375 0.419922
vt 0.732422 0.876953
vt 0.683594 0.394531
vt 0.746094 0.427734
vt 0.185547 0.285156
vt 0.580078 0.298828
vt 0.580078 0.265625
vt 0.203125 0.285156
vt 0.580078 0.316406
vt 0.746094 0.419922
vt 0.185547 0.277344
vt 0.695312 0.394531
vt 0.580078 0.257812
vt 0.203125 0.277344
vt 0.695312 0.412109
vt 0.714844 0.812500
vt 0.615234 0.265625
vt 0.683594 0.343750
vt 0.591797 0.265625
vt 0.732422 0.812500
vt 0.683594 0.326172
vt 0.714844 0.804688
vt 0.615234 0.257812
vt 0.685547 0.806641
vt 0.591797 0.257812
vt 0.732422 0.804688
vt 0.685547 0.789062
vt 0.603516 0.265625
vt 0.714844 0.804688
vt 0.695312 0.326172
vt 0.603516 0.265625
vt 0.732422 0.804688
vt 0.695312 0.343750
vt 0.603516 0.257812
vt 0.714844 0.796875
vt 0.697266 0.789062
vt 0.603516 0.257812
vt 0.732422 0.796875
vt 0.697266 0.806641
vt 0.244141 0.285156
vt 0.746094 0.357422
vt 0.685547 0.748047
vt 0.734375 0.394531
vt 0.261719 0.285156
vt 0.685547 0.730469
vt 0.244141 0.277344
vt 0.746094 0.349609
vt 0.685547 0.705078
vt 0.734375 0.386719
vt 0.261719 0.277344
vt 0.685547 0.687500
vt 0.746094 0.394531
vt 0.261719 0.285156
vt 0.697266 0.730469
vt 0.734375 0.357422
vt 0.279297 0.285156
vt 0.697266 0.748047
vt 0.746094 0.386719
vt 0.261719 0.277344
vt 0.697266 0.687500
vt 0.734375 0.349609
vt 0.279297 0.277344
vt 0.697266 0.705078
vt 0.714844 0.597656
vt 0.746094 0.273438
vt 0.310547 0.314453
vt 0.734375 0.298828
vt 0.732422 0.597656
vt 0.310547 0.296875
vt 0.714844 0.589844
vt 0.746094 0.265625
vt 0.322266 0.314453
vt 0.734375 0.291016
vt 0.732422 0.589844
vt 0.322266 0.296875
vt 0.746094 0.298828
vt 0.419922 0.285156
vt 0.322266 0.296875
vt 0.734375 0.273438
vt 0.437500 0.285156
vt 0.322266 0.314453
vt 0.746094 0.291016
vt 0.419922 0.277344
vt 0.333984 0.296875
vt 0.734375 0.265625
vt 0.437500 0.277344
vt 0.333984 0.314453
vt 0.644531 0.800781
vt 0.179688 0.250000
vt 0.160156 0.250000
vt 0.662109 0.800781
vt 0.179688 0.232422
vt 0.644531 0.783203
vt 0.179688 0.232422
vt 0.181641 0.250000
vt 0.160156 0.232422
vt 0.662109 0.783203
vt 0.181641 0.232422
vt 0.162109 0.250000
vt 0.074219 0.353516
vt 0.181641 0.232422
vt 0.177734 0.250000
vt 0.091797 0.353516
vt 0.181641 0.250000
vt 0.162109 0.232422
vt 0.074219 0.335938
vt 0.183594 0.232422
vt 0.177734 0.232422
vt 0.091797 0.335938
vt 0.183594 0.250000
vt 0.617188 0.285156
vt 0.011719 0.263672
vt 0.685547 0.669922
vt 0.734375 0.265625
vt 0.634766 0.285156
vt 0.685547 0.652344
vt 0.617188 0.277344
vt 0.011719 0.255859
vt 0.333984 0.314453
vt 0.734375 0.257812
vt 0.634766 0.277344
vt 0.333984 0.296875
vt 0.746094 0.265625
vt 0.052734 0.283203
vt 0.697266 0.652344
vt 0.000000 0.263672
vt 0.070312 0.283203
vt 0.697266 0.669922
vt 0.746094 0.257812
vt 0.052734 0.275391
vt 0.345703 0.296875
vt 0.000000 0.255859
vt 0.070312 0.275391
vt 0.345703 0.314453
vt 0.554688 0.472656
vt 0.513672 0.347656
vt 0.494141 0.347656
vt 0.582031 0.472656
vt 0.513672 0.320312
vt 0.554688 0.445312
vt 0.513672 0.320312
vt 0.523438 0.347656
vt 0.494141 0.320312
vt 0.582031 0.445312
vt 0.523438 0.320312
vt 0.503906 0.347656
vt 0.541016 0.445312
vt 0.523438 0.320312
vt 0.503906 0.347656
vt 0.568359 0.445312
vt 0.523438 0.347656
vt 0.503906 0.320312
vt 0.541016 0.417969
vt 0.533203 0.320312
vt 0.503906 0.320312
vt 0.568359 0.417969
vt 0.533203 0.347656
s 1
usemtl btr4_tex_4.png
f 404/1207/51 407/1216/51 405/1210/51 402/1201/51
f 403/1204/52 404/1208/52 402/1202/52 401/1198/52
f 408/1219/53 403/1205/53 401/1199/53 406/1213/53
f 407/1217/54 408/1220/54 406/1214/54 405/1211/54
f 406/1215/55 401/1200/55 402/1203/55 405/1212/55
f 407/1218/56 404/1209/56 403/1206/56 408/1221/56
f 412/1231/57 415/1240/57 413/1234/57 410/1225/57
f 411/1228/52 412/1232/52 410/1226/52 409/1222/52
f 416/1243/58 411/1229/58 409/1223/58 414/1237/58
f 415/1241/54 416/1244/54 414/1238/54 413/1235/54
f 414/1239/59 409/1224/59 410/1227/59 413/1236/59
f 415/1242/60 412/1233/60 411/1230/60 416/1245/60
f 420/1255/56 423/1264/56 421/1258/56 418/1249/56
f 419/1252/52 420/1256/52 418/1250/52 417/1246/52
f 424/1267/55 419/1253/55 417/1247/55 422/1261/55
f 423/1265/54 424/1268/54 422/1262/54 421/1259/54
f 422/1263/51 417/1248/51 418/1251/51 421/1260/51
f 423/1266/53 420/1257/53 419/1254/53 424/1269/53
f 428/1279/60 431/1288/60 429/1282/60 426/1273/60
f 427/1276/52 428/1280/52 426/1274/52 425/1270/52
f 432/1291/59 427/1277/59 425/1271/59 430/1285/59
f 431/1289/54 432/1292/54 430/1286/54 429/1283/54
f 430/1287/57 425/1272/57 426/1275/57 429/1284/57
f 431/1290/58 428/1281/58 427/1278/58 432/1293/58
f 436/1303/59 439/1312/59 437/1306/59 434/1297/59
f 435/1300/52 436/1304/52 434/1298/52 433/1294/52
f 440/1315/60 435/1301/60 433/1295/60 438/1309/60
f 439/1313/54 440/1316/54 438/1310/54 437/1307/54
f 438/1311/58 433/1296/58 434/1299/58 437/1308/58
f 439/1314/57 436/1305/57 435/1302/57 440/1317/57
f 444/1327/57 447/1336/57 445/1330/57 442/1321/57
f 443/1324/52 444/1328/52 442/1322/52 441/1318/52
f 448/1339/58 443/1325/58 441/1319/58 446/1333/58
f 447/1337/54 448/1340/54 446/1334/54 445/1331/54
f 446/1335/59 441/1320/59 442/1323/59 445/1332/59
f 447/1338/60 444/1329/60 443/1326/60 448/1341/60
f 452/1351/51 455/1360/51 453/1354/51 450/1345/51
f 451/1348/52 452/1352/52 450/1346/52 449/1342/52
f 456/1363/53 451/1349/53 449/1343/53 454/1357/53
f 455/1361/54 456/1364/54 454/1358/54 453/1355/54
f 454/1359/55 449/1344/55 450/1347/55 453/1356/55
f 455/1362/56 452/1353/56 451/1350/56 456/1365/56
f 460/1374/57 463/1383/57 461/1377/57 458/1368/57
f 459/1371/52 460/1375/52 458/1369/52 457/1366/52
f 464/1386/58 459/1372/58 457/1367/58 462/1380/58
f 463/1384/54 464/1387/54 462/1381/54 461/1378/54
f 462/1382/59 457/1367/59 458/1370/59 461/1379/59
f 463/1385/60 460/1376/60 459/1373/60 464/1388/60
f 468/1398/56 471/1407/56 469/1401/56 466/1392/56
f 467/1395/52 468/1399/52 466/1393/52 465/1389/52
f 472/1410/55 467/1396/55 465/1390/55 470/1404/55
f 471/1408/54 472/1411/54 470/1405/54 469/1402/54
f 470/1406/51 465/1391/51 466/1394/51 469/1403/51
f 471/1409/53 468/1400/53 467/1397/53 472/1412/53
f 476/1421/57 479/1430/57 477/1424/57 474/1415/57
f 475/1418/52 476/1422/52 474/1416/52 473/1413/52
f 480/1433/58 475/1419/58 473/1414/58 478/1427/58
f 479/1431/54 480/1434/54 478/1428/54 477/1425/54
f 478/1429/59 473/1414/59 474/1417/59 477/1426/59
f 479/1432/60 476/1423/60 475/1420/60 480/1435/60
o w4
v -1.390694 0.198241 -1.351704
v -1.390694 0.598919 -1.752380
v -1.390694 0.008074 -1.541871
v -1.390694 0.408752 -1.942547
v -1.795632 0.598919 -1.752380
v -1.795632 0.198241 -1.351703
v -1.795631 0.408752 -1.942546
v -1.795632 0.008074 -1.541871
v -1.391233 0.276473 -0.975763
v -1.391232 0.276474 -1.541064
v -1.391233 0.008881 -0.975763
v -1.391232 0.008881 -1.541064
v -1.794825 0.276474 -1.541064
v -1.794826 0.276473 -0.975763
v -1.794825 0.008881 -1.541064
v -1.794826 0.008881 -0.975763
v -1.390694 0.598919 -0.764447
v -1.390694 0.198241 -1.165123
v -1.390694 0.408751 -0.574280
v -1.390694 0.008074 -0.974956
v -1.795632 0.198241 -1.165123
v -1.795632 0.598919 -0.764447
v -1.795632 0.008074 -0.974956
v -1.795632 0.408751 -0.574280
v -1.391232 0.949604 -1.941739
v -1.391232 0.384301 -1.941739
v -1.391232 0.949604 -1.674148
v -1.391232 0.384301 -1.674149
v -1.794824 0.384301 -1.941739
v -1.794824 0.949604 -1.941739
v -1.794825 0.384301 -1.674149
v -1.794825 0.949604 -1.674148
v -1.391233 0.384301 -0.575086
v -1.391233 0.949604 -0.575086
v -1.391232 0.384301 -0.842678
v -1.391232 0.949604 -0.842678
v -1.794826 0.949604 -0.575086
v -1.794826 0.384301 -0.575086
v -1.794825 0.949604 -0.842678
v -1.794825 0.384301 -0.842678
v -1.391233 1.350282 -0.975763
v -1.391232 1.350282 -1.541064
v -1.391233 1.082689 -0.975763
v -1.391232 1.082689 -1.541064
v -1.794825 1.350282 -1.541064
v -1.794826 1.350282 -0.975763
v -1.794825 1.082689 -1.541064
v -1.794826 1.082689 -0.975763
v -1.390694 0.950411 -0.574280
v -1.390694 1.351089 -0.974956
v -1.390694 0.760244 -0.764447
v -1.390694 1.160921 -1.165123
v -1.795632 1.351089 -0.974956
v -1.795632 0.950411 -0.574280
v -1.795632 1.160921 -1.165123
v -1.795632 0.760244 -0.764447
v -1.765463 0.960325 -0.974766
v -1.765463 0.960325 -1.550014
v -1.765463 0.397575 -0.974766
v -1.765463 0.397575 -1.550014
v -1.828212 0.960325 -1.550014
v -1.828212 0.960325 -0.974766
v -1.828212 0.397575 -1.550015
v -1.828212 0.397575 -0.974766
v -1.390694 1.351089 -1.541871
v -1.390694 0.950411 -1.942547
v -1.390694 1.160921 -1.351704
v -1.390694 0.760244 -1.752380
v -1.795631 0.950411 -1.942546
v -1.795632 1.351089 -1.541871
v -1.795632 0.760244 -1.752380
v -1.795632 1.160921 -1.351703
v -1.458510 1.088576 -0.826150
v -1.458510 1.088576 -1.693763
v -1.458510 0.203825 -0.826150
v -1.458510 0.203825 -1.693763
v -1.765713 1.088576 -1.693764
v -1.765712 1.088576 -0.826149
v -1.765713 0.203825 -1.693764
v -1.765712 0.203825 -0.826150
vn -0.0000 0.7071 -0.7071
vn 1.0000 -0.0000 -0.0000
vn -0.0000 -0.7071 0.7071
vn -1.0000 -0.0000 -0.0000
vn -0.0000 0.7071 0.7071
vn -0.0000 -0.7071 -0.7071
vn -0.0000 -0.0000 -1.0000
vn -0.0000 -0.0000 1.0000
vn -0.0000 1.0000 -0.0000
vn -0.0000 -1.0000 -0.0000
vt 0.070312 0.283203
vt 0.226562 0.263672
vt 0.685547 0.646484
vt 0.011719 0.263672
vt 0.087891 0.283203
vt 0.685547 0.628906
vt 0.070312 0.275391
vt 0.226562 0.255859
vt 0.685547 0.582031
vt 0.011719 0.255859
vt 0.087891 0.275391
vt 0.685547 0.564453
vt 0.023438 0.263672
vt 0.099609 0.283203
vt 0.697266 0.628906
vt 0.214844 0.263672
vt 0.117188 0.283203
vt 0.697266 0.646484
vt 0.023438 0.255859
vt 0.099609 0.275391
vt 0.697266 0.564453
vt 0.214844 0.255859
vt 0.117188 0.275391
vt 0.697266 0.582031
vt 0.128906 0.283203
vt 0.259766 0.263672
vt 0.580078 0.314453
vt 0.236328 0.263672
vt 0.146484 0.283203
vt 0.580078 0.296875
vt 0.128906 0.275391
vt 0.259766 0.255859
vt 0.591797 0.314453
vt 0.236328 0.255859
vt 0.146484 0.275391
vt 0.591797 0.296875
vt 0.248047 0.263672
vt 0.156250 0.283203
vt 0.591797 0.296875
vt 0.248047 0.263672
vt 0.173828 0.283203
vt 0.591797 0.314453
vt 0.248047 0.255859
vt 0.156250 0.275391
vt 0.603516 0.296875
vt 0.248047 0.255859
vt 0.173828 0.275391
vt 0.603516 0.314453
vt 0.203125 0.283203
vt 0.748047 0.693359
vt 0.603516 0.314453
vt 0.736328 0.742188
vt 0.220703 0.283203
vt 0.603516 0.296875
vt 0.203125 0.275391
vt 0.748047 0.685547
vt 0.615234 0.314453
vt 0.736328 0.734375
vt 0.220703 0.275391
vt 0.615234 0.296875
vt 0.748047 0.742188
vt 0.376953 0.283203
vt 0.615234 0.296875
vt 0.736328 0.693359
vt 0.394531 0.283203
vt 0.615234 0.314453
vt 0.748047 0.734375
vt 0.376953 0.275391
vt 0.626953 0.296875
vt 0.736328 0.685547
vt 0.394531 0.275391
vt 0.626953 0.314453
vt 0.474609 0.283203
vt 0.369141 0.263672
vt 0.687500 0.783203
vt 0.345703 0.263672
vt 0.492188 0.283203
vt 0.687500 0.765625
vt 0.474609 0.275391
vt 0.369141 0.255859
vt 0.687500 0.765625
vt 0.345703 0.255859
vt 0.492188 0.275391
vt 0.687500 0.748047
vt 0.357422 0.263672
vt 0.716797 0.388672
vt 0.699219 0.765625
vt 0.357422 0.263672
vt 0.734375 0.388672
vt 0.699219 0.783203
vt 0.357422 0.255859
vt 0.716797 0.380859
vt 0.699219 0.748047
vt 0.357422 0.255859
vt 0.734375 0.380859
vt 0.699219 0.765625
vt 0.716797 0.357422
vt 0.406250 0.263672
vt 0.382812 0.312500
vt 0.369141 0.263672
vt 0.734375 0.357422
vt 0.382812 0.294922
vt 0.716797 0.349609
vt 0.406250 0.255859
vt 0.462891 0.312500
vt 0.369141 0.255859
vt 0.734375 0.349609
vt 0.462891 0.294922
vt 0.380859 0.263672
vt 0.652344 0.283203
vt 0.394531 0.294922
vt 0.394531 0.263672
vt 0.669922 0.283203
vt 0.394531 0.312500
vt 0.380859 0.255859
vt 0.652344 0.275391
vt 0.474609 0.294922
vt 0.394531 0.255859
vt 0.669922 0.275391
vt 0.474609 0.312500
vt 0.669922 0.283203
vt 0.468750 0.263672
vt 0.687500 0.445312
vt 0.417969 0.263672
vt 0.687500 0.283203
vt 0.687500 0.427734
vt 0.669922 0.275391
vt 0.468750 0.255859
vt 0.689453 0.994141
vt 0.417969 0.255859
vt 0.687500 0.275391
vt 0.689453 0.976562
vt 0.429688 0.263672
vt 0.687500 0.283203
vt 0.699219 0.427734
vt 0.457031 0.263672
vt 0.705078 0.283203
vt 0.699219 0.445312
vt 0.429688 0.255859
vt 0.687500 0.275391
vt 0.701172 0.976562
vt 0.457031 0.255859
vt 0.705078 0.275391
vt 0.701172 0.994141
vt 0.705078 0.283203
vt 0.748047 0.437500
vt 0.023438 0.310547
vt 0.736328 0.445312
vt 0.722656 0.283203
vt 0.023438 0.292969
vt 0.705078 0.275391
vt 0.748047 0.429688
vt 0.035156 0.310547
vt 0.736328 0.437500
vt 0.722656 0.275391
vt 0.035156 0.292969
vt 0.748047 0.445312
vt 0.298828 0.281250
vt 0.035156 0.292969
vt 0.736328 0.437500
vt 0.316406 0.281250
vt 0.035156 0.310547
vt 0.748047 0.437500
vt 0.298828 0.273438
vt 0.046875 0.292969
vt 0.736328 0.429688
vt 0.316406 0.273438
vt 0.046875 0.310547
vt 0.128906 0.351562
vt 0.187500 0.250000
vt 0.183594 0.250000
vt 0.146484 0.351562
vt 0.187500 0.232422
vt 0.128906 0.333984
vt 0.187500 0.232422
vt 0.189453 0.250000
vt 0.183594 0.232422
vt 0.146484 0.333984
vt 0.189453 0.232422
vt 0.185547 0.250000
vt 0.166016 0.351562
vt 0.189453 0.232422
vt 0.185547 0.250000
vt 0.183594 0.351562
vt 0.189453 0.250000
vt 0.185547 0.232422
vt 0.166016 0.333984
vt 0.191406 0.232422
vt 0.185547 0.232422
vt 0.183594 0.333984
vt 0.191406 0.250000
vt 0.316406 0.281250
vt 0.626953 0.263672
vt 0.689453 0.867188
vt 0.736328 0.386719
vt 0.333984 0.281250
vt 0.689453 0.849609
vt 0.316406 0.273438
vt 0.626953 0.255859
vt 0.255859 0.310547
vt 0.736328 0.378906
vt 0.333984 0.273438
vt 0.255859 0.292969
vt 0.748047 0.386719
vt 0.509766 0.281250
vt 0.701172 0.849609
vt 0.615234 0.263672
vt 0.527344 0.281250
vt 0.701172 0.867188
vt 0.748047 0.378906
vt 0.509766 0.273438
vt 0.267578 0.292969
vt 0.615234 0.255859
vt 0.527344 0.273438
vt 0.267578 0.310547
vt 0.000000 0.443359
vt 0.193359 0.345703
vt 0.113281 0.345703
vt 0.027344 0.443359
vt 0.193359 0.318359
vt 0.000000 0.416016
vt 0.193359 0.318359
vt 0.203125 0.345703
vt 0.113281 0.318359
vt 0.027344 0.416016
vt 0.203125 0.318359
vt 0.123047 0.345703
vt 0.027344 0.443359
vt 0.203125 0.318359
vt 0.183594 0.345703
vt 0.054688 0.443359
vt 0.203125 0.345703
vt 0.123047 0.318359
vt 0.027344 0.416016
vt 0.212891 0.318359
vt 0.183594 0.318359
vt 0.054688 0.416016
vt 0.212891 0.345703
s 1
usemtl btr4_tex_4.png
f 484/1445/61 487/1454/61 485/1448/61 482/1439/61
f 483/1442/62 484/1446/62 482/1440/62 481/1436/62
f 488/1457/63 483/1443/63 481/1437/63 486/1451/63
f 487/1455/64 488/1458/64 486/1452/64 485/1449/64
f 486/1453/65 481/1438/65 482/1441/65 485/1450/65
f 487/1456/66 484/1447/66 483/1444/66 488/1459/66
f 492/1469/67 495/1478/67 493/1472/67 490/1463/67
f 491/1466/62 492/1470/62 490/1464/62 489/1460/62
f 496/1481/68 491/1467/68 489/1461/68 494/1475/68
f 495/1479/64 496/1482/64 494/1476/64 493/1473/64
f 494/1477/69 489/1462/69 490/1465/69 493/1474/69
f 495/1480/70 492/1471/70 491/1468/70 496/1483/70
f 500/1493/66 503/1502/66 501/1496/66 498/1487/66
f 499/1490/62 500/1494/62 498/1488/62 497/1484/62
f 504/1505/65 499/1491/65 497/1485/65 502/1499/65
f 503/1503/64 504/1506/64 502/1500/64 501/1497/64
f 502/1501/61 497/1486/61 498/1489/61 501/1498/61
f 503/1504/63 500/1495/63 499/1492/63 504/1507/63
f 508/1517/70 511/1526/70 509/1520/70 506/1511/70
f 507/1514/62 508/1518/62 506/1512/62 505/1508/62
f 512/1529/69 507/1515/69 505/1509/69 510/1523/69
f 511/1527/64 512/1530/64 510/1524/64 509/1521/64
f 510/1525/67 505/1510/67 506/1513/67 509/1522/67
f 511/1528/68 508/1519/68 507/1516/68 512/1531/68
f 516/1541/69 519/1550/69 517/1544/69 514/1535/69
f 515/1538/62 516/1542/62 514/1536/62 513/1532/62
f 520/1553/70 515/1539/70 513/1533/70 518/1547/70
f 519/1551/64 520/1554/64 518/1548/64 517/1545/64
f 518/1549/68 513/1534/68 514/1537/68 517/1546/68
f 519/1552/67 516/1543/67 515/1540/67 520/1555/67
f 524/1565/67 527/1574/67 525/1568/67 522/1559/67
f 523/1562/62 524/1566/62 522/1560/62 521/1556/62
f 528/1577/68 523/1563/68 521/1557/68 526/1571/68
f 527/1575/64 528/1578/64 526/1572/64 525/1569/64
f 526/1573/69 521/1558/69 522/1561/69 525/1570/69
f 527/1576/70 524/1567/70 523/1564/70 528/1579/70
f 532/1589/61 535/1598/61 533/1592/61 530/1583/61
f 531/1586/62 532/1590/62 530/1584/62 529/1580/62
f 536/1601/63 531/1587/63 529/1581/63 534/1595/63
f 535/1599/64 536/1602/64 534/1596/64 533/1593/64
f 534/1597/65 529/1582/65 530/1585/65 533/1594/65
f 535/1600/66 532/1591/66 531/1588/66 536/1603/66
f 540/1612/67 543/1621/67 541/1615/67 538/1606/67
f 539/1609/62 540/1613/62 538/1607/62 537/1604/62
f 544/1624/68 539/1610/68 537/1605/68 542/1618/68
f 543/1622/64 544/1625/64 542/1619/64 541/1616/64
f 542/1620/69 537/1605/69 538/1608/69 541/1617/69
f 543/1623/70 540/1614/70 539/1611/70 544/1626/70
f 548/1636/66 551/1645/66 549/1639/66 546/1630/66
f 547/1633/62 548/1637/62 546/1631/62 545/1627/62
f 552/1648/65 547/1634/65 545/1628/65 550/1642/65
f 551/1646/64 552/1649/64 550/1643/64 549/1640/64
f 550/1644/61 545/1629/61 546/1632/61 549/1641/61
f 551/1647/63 548/1638/63 547/1635/63 552/1650/63
f 556/1659/67 559/1668/67 557/1662/67 554/1653/67
f 555/1656/62 556/1660/62 554/1654/62 553/1651/62
f 560/1671/68 555/1657/68 553/1652/68 558/1665/68
f 559/1669/64 560/1672/64 558/1666/64 557/1663/64
f 558/1667/69 553/1652/69 554/1655/69 557/1664/69
f 559/1670/70 556/1661/70 555/1658/70 560/1673/70
o w1
v -1.390695 0.198241 3.960778
v -1.390694 0.598918 3.560101
v -1.390694 0.008073 3.770610
v -1.390694 0.408751 3.369933
v -1.795632 0.598918 3.560101
v -1.795632 0.198241 3.960778
v -1.795632 0.408751 3.369933
v -1.795632 0.008073 3.770610
v -1.391233 0.276473 4.336719
v -1.391232 0.276473 3.771417
v -1.391233 0.008880 4.336719
v -1.391232 0.008880 3.771417
v -1.794825 0.276473 3.771417
v -1.794825 0.276473 4.336719
v -1.794825 0.008880 3.771417
v -1.794825 0.008880 4.336719
v -1.390694 0.598918 4.548035
v -1.390694 0.198240 4.147359
v -1.390694 0.408751 4.738202
v -1.390694 0.008073 4.337525
v -1.795632 0.198240 4.147359
v -1.795632 0.598918 4.548035
v -1.795632 0.008073 4.337525
v -1.795632 0.408751 4.738202
v -1.391232 0.949603 3.370740
v -1.391232 0.384301 3.370740
v -1.391232 0.949603 3.638333
v -1.391232 0.384301 3.638333
v -1.794825 0.384301 3.370740
v -1.794825 0.949603 3.370740
v -1.794825 0.384301 3.638332
v -1.794825 0.949603 3.638332
v -1.391232 0.384300 4.737395
v -1.391232 0.949603 4.737395
v -1.391232 0.384300 4.469803
v -1.391232 0.949603 4.469803
v -1.794826 0.949603 4.737396
v -1.794826 0.384300 4.737396
v -1.794825 0.949603 4.469804
v -1.794825 0.384300 4.469804
v -1.391233 1.350281 4.336719
v -1.391232 1.350281 3.771417
v -1.391233 1.082688 4.336719
v -1.391232 1.082688 3.771417
v -1.794825 1.350281 3.771417
v -1.794825 1.350281 4.336719
v -1.794825 1.082688 3.771417
v -1.794825 1.082688 4.336719
v -1.390694 0.950410 4.738202
v -1.390694 1.351088 4.337525
v -1.390694 0.760243 4.548035
v -1.390694 1.160920 4.147359
v -1.795632 1.351088 4.337525
v -1.795632 0.950410 4.738202
v -1.795632 1.160920 4.147359
v -1.795632 0.760243 4.548035
v -1.765462 0.960324 4.337716
v -1.765463 0.960324 3.762466
v -1.765462 0.397574 4.337716
v -1.765463 0.397574 3.762466
v -1.828212 0.960324 3.762467
v -1.828212 0.960324 4.337716
v -1.828212 0.397574 3.762467
v -1.828212 0.397574 4.337716
v -1.390694 1.351088 3.770611
v -1.390694 0.950410 3.369933
v -1.390695 1.160920 3.960778
v -1.390694 0.760243 3.560101
v -1.795632 0.950410 3.369933
v -1.795632 1.351088 3.770611
v -1.795632 0.760243 3.560101
v -1.795632 1.160920 3.960778
v -1.458510 1.088575 4.486331
v -1.458510 1.088575 3.618717
v -1.458510 0.203824 4.486331
v -1.458510 0.203824 3.618717
v -1.765712 1.088575 3.618718
v -1.765713 1.088575 4.486332
v -1.765712 0.203824 3.618718
v -1.765713 0.203824 4.486332
vn -0.0000 0.7071 -0.7071
vn 1.0000 -0.0000 -0.0000
vn -0.0000 -0.7071 0.7071
vn -1.0000 -0.0000 -0.0000
vn -0.0000 0.7071 0.7071
vn -0.0000 -0.7071 -0.7071
vn -0.0000 -0.0000 -1.0000
vn -0.0000 -0.0000 1.0000
vn -0.0000 1.0000 -0.0000
vn -0.0000 -1.0000 -0.0000
vt 0.554688 0.281250
vt 0.748047 0.371094
vt 0.267578 0.310547
vt 0.736328 0.378906
vt 0.572266 0.281250
vt 0.267578 0.292969
vt 0.554688 0.273438
vt 0.748047 0.363281
vt 0.054688 0.308594
vt 0.736328 0.371094
vt 0.572266 0.273438
vt 0.054688 0.291016
vt 0.748047 0.378906
vt 0.572266 0.281250
vt 0.279297 0.292969
vt 0.736328 0.371094
vt 0.589844 0.281250
vt 0.279297 0.310547
vt 0.748047 0.371094
vt 0.572266 0.273438
vt 0.066406 0.291016
vt 0.736328 0.363281
vt 0.589844 0.273438
vt 0.066406 0.308594
vt 0.589844 0.281250
vt 0.748047 0.326172
vt 0.691406 0.849609
vt 0.634766 0.263672
vt 0.607422 0.281250
vt 0.691406 0.832031
vt 0.589844 0.273438
vt 0.748047 0.318359
vt 0.691406 0.832031
vt 0.634766 0.255859
vt 0.607422 0.273438
vt 0.691406 0.814453
vt 0.646484 0.263672
vt 0.000000 0.279297
vt 0.703125 0.832031
vt 0.736328 0.326172
vt 0.017578 0.279297
vt 0.703125 0.849609
vt 0.646484 0.255859
vt 0.000000 0.271484
vt 0.703125 0.814453
vt 0.736328 0.318359
vt 0.017578 0.271484
vt 0.703125 0.832031
vt 0.720703 0.859375
vt 0.748047 0.310547
vt 0.691406 0.722656
vt 0.736328 0.318359
vt 0.738281 0.859375
vt 0.691406 0.705078
vt 0.720703 0.851562
vt 0.748047 0.302734
vt 0.691406 0.628906
vt 0.736328 0.310547
vt 0.738281 0.851562
vt 0.691406 0.611328
vt 0.748047 0.318359
vt 0.720703 0.851562
vt 0.703125 0.705078
vt 0.736328 0.310547
vt 0.738281 0.851562
vt 0.703125 0.722656
vt 0.748047 0.310547
vt 0.720703 0.843750
vt 0.703125 0.611328
vt 0.736328 0.302734
vt 0.738281 0.843750
vt 0.703125 0.628906
vt 0.720703 0.843750
vt 0.750000 0.978516
vt 0.691406 0.611328
vt 0.722656 0.263672
vt 0.738281 0.843750
vt 0.691406 0.593750
vt 0.720703 0.835938
vt 0.750000 0.970703
vt 0.394531 0.308594
vt 0.722656 0.255859
vt 0.738281 0.835938
vt 0.394531 0.291016
vt 0.734375 0.263672
vt 0.720703 0.835938
vt 0.703125 0.593750
vt 0.738281 0.978516
vt 0.738281 0.835938
vt 0.703125 0.611328
vt 0.734375 0.255859
vt 0.720703 0.828125
vt 0.406250 0.291016
vt 0.738281 0.970703
vt 0.738281 0.828125
vt 0.406250 0.308594
vt 0.720703 0.828125
vt 0.750000 0.962891
vt 0.691406 0.546875
vt 0.738281 0.970703
vt 0.738281 0.828125
vt 0.691406 0.529297
vt 0.720703 0.820312
vt 0.750000 0.955078
vt 0.691406 0.529297
vt 0.738281 0.962891
vt 0.738281 0.820312
vt 0.691406 0.511719
vt 0.750000 0.970703
vt 0.720703 0.722656
vt 0.703125 0.529297
vt 0.738281 0.962891
vt 0.738281 0.722656
vt 0.703125 0.546875
vt 0.750000 0.962891
vt 0.720703 0.714844
vt 0.703125 0.511719
vt 0.738281 0.955078
vt 0.738281 0.714844
vt 0.703125 0.529297
vt 0.720703 0.714844
vt 0.750000 0.947266
vt 0.691406 0.511719
vt 0.738281 0.955078
vt 0.738281 0.714844
vt 0.691406 0.494141
vt 0.720703 0.707031
vt 0.750000 0.939453
vt 0.691406 0.494141
vt 0.738281 0.947266
vt 0.738281 0.707031
vt 0.691406 0.476562
vt 0.750000 0.955078
vt 0.349609 0.279297
vt 0.703125 0.494141
vt 0.738281 0.947266
vt 0.367188 0.279297
vt 0.703125 0.511719
vt 0.750000 0.947266
vt 0.349609 0.271484
vt 0.703125 0.476562
vt 0.738281 0.939453
vt 0.367188 0.271484
vt 0.703125 0.494141
vt 0.720703 0.628906
vt 0.750000 0.900391
vt 0.691406 0.472656
vt 0.738281 0.908203
vt 0.738281 0.628906
vt 0.691406 0.455078
vt 0.720703 0.621094
vt 0.750000 0.892578
vt 0.646484 0.308594
vt 0.738281 0.900391
vt 0.738281 0.621094
vt 0.646484 0.291016
vt 0.750000 0.908203
vt 0.720703 0.621094
vt 0.703125 0.455078
vt 0.738281 0.900391
vt 0.738281 0.621094
vt 0.703125 0.472656
vt 0.750000 0.900391
vt 0.720703 0.613281
vt 0.658203 0.291016
vt 0.738281 0.892578
vt 0.738281 0.613281
vt 0.658203 0.308594
vt 0.308594 0.351562
vt 0.195312 0.250000
vt 0.191406 0.250000
vt 0.326172 0.351562
vt 0.195312 0.232422
vt 0.308594 0.333984
vt 0.195312 0.232422
vt 0.228516 0.250000
vt 0.191406 0.232422
vt 0.326172 0.333984
vt 0.228516 0.232422
vt 0.193359 0.250000
vt 0.359375 0.351562
vt 0.197266 0.232422
vt 0.193359 0.250000
vt 0.376953 0.351562
vt 0.197266 0.250000
vt 0.193359 0.232422
vt 0.359375 0.333984
vt 0.230469 0.232422
vt 0.193359 0.232422
vt 0.376953 0.333984
vt 0.230469 0.250000
vt 0.720703 0.613281
vt 0.750000 0.859375
vt 0.693359 0.923828
vt 0.738281 0.892578
vt 0.738281 0.613281
vt 0.693359 0.906250
vt 0.720703 0.605469
vt 0.750000 0.851562
vt 0.527344 0.306641
vt 0.738281 0.884766
vt 0.738281 0.605469
vt 0.527344 0.289062
vt 0.750000 0.892578
vt 0.394531 0.279297
vt 0.705078 0.906250
vt 0.738281 0.859375
vt 0.412109 0.279297
vt 0.705078 0.923828
vt 0.750000 0.884766
vt 0.394531 0.271484
vt 0.539062 0.289062
vt 0.738281 0.851562
vt 0.412109 0.271484
vt 0.539062 0.306641
vt 0.134766 0.443359
vt 0.232422 0.345703
vt 0.654297 0.771484
vt 0.212891 0.345703
vt 0.162109 0.443359
vt 0.654297 0.744141
vt 0.134766 0.416016
vt 0.232422 0.318359
vt 0.255859 0.345703
vt 0.212891 0.318359
vt 0.162109 0.416016
vt 0.255859 0.318359
vt 0.222656 0.345703
vt 0.162109 0.443359
vt 0.664062 0.744141
vt 0.222656 0.345703
vt 0.189453 0.443359
vt 0.664062 0.771484
vt 0.222656 0.318359
vt 0.162109 0.416016
vt 0.265625 0.318359
vt 0.222656 0.318359
vt 0.189453 0.416016
vt 0.265625 0.345703
s 1
usemtl btr4_tex_4.png
f 564/1683/71 567/1692/71 565/1686/71 562/1677/71
f 563/1680/72 564/1684/72 562/1678/72 561/1674/72
f 568/1695/73 563/1681/73 561/1675/73 566/1689/73
f 567/1693/74 568/1696/74 566/1690/74 565/1687/74
f 566/1691/75 561/1676/75 562/1679/75 565/1688/75
f 567/1694/76 564/1685/76 563/1682/76 568/1697/76
f 572/1707/77 575/1716/77 573/1710/77 570/1701/77
f 571/1704/72 572/1708/72 570/1702/72 569/1698/72
f 576/1719/78 571/1705/78 569/1699/78 574/1713/78
f 575/1717/74 576/1720/74 574/1714/74 573/1711/74
f 574/1715/79 569/1700/79 570/1703/79 573/1712/79
f 575/1718/80 572/1709/80 571/1706/80 576/1721/80
f 580/1731/76 583/1740/76 581/1734/76 578/1725/76
f 579/1728/72 580/1732/72 578/1726/72 577/1722/72
f 584/1743/75 579/1729/75 577/1723/75 582/1737/75
f 583/1741/74 584/1744/74 582/1738/74 581/1735/74
f 582/1739/71 577/1724/71 578/1727/71 581/1736/71
f 583/1742/73 580/1733/73 579/1730/73 584/1745/73
f 588/1755/80 591/1764/80 589/1758/80 586/1749/80
f 587/1752/72 588/1756/72 586/1750/72 585/1746/72
f 592/1767/79 587/1753/79 585/1747/79 590/1761/79
f 591/1765/74 592/1768/74 590/1762/74 589/1759/74
f 590/1763/77 585/1748/77 586/1751/77 589/1760/77
f 591/1766/78 588/1757/78 587/1754/78 592/1769/78
f 596/1779/79 599/1788/79 597/1782/79 594/1773/79
f 595/1776/72 596/1780/72 594/1774/72 593/1770/72
f 600/1791/80 595/1777/80 593/1771/80 598/1785/80
f 599/1789/74 600/1792/74 598/1786/74 597/1783/74
f 598/1787/78 593/1772/78 594/1775/78 597/1784/78
f 599/1790/77 596/1781/77 595/1778/77 600/1793/77
f 604/1803/77 607/1812/77 605/1806/77 602/1797/77
f 603/1800/72 604/1804/72 602/1798/72 601/1794/72
f 608/1815/78 603/1801/78 601/1795/78 606/1809/78
f 607/1813/74 608/1816/74 606/1810/74 605/1807/74
f 606/1811/79 601/1796/79 602/1799/79 605/1808/79
f 607/1814/80 604/1805/80 603/1802/80 608/1817/80
f 612/1827/71 615/1836/71 613/1830/71 610/1821/71
f 611/1824/72 612/1828/72 610/1822/72 609/1818/72
f 616/1839/73 611/1825/73 609/1819/73 614/1833/73
f 615/1837/74 616/1840/74 614/1834/74 613/1831/74
f 614/1835/75 609/1820/75 610/1823/75 613/1832/75
f 615/1838/76 612/1829/76 611/1826/76 616/1841/76
f 620/1850/77 623/1859/77 621/1853/77 618/1844/77
f 619/1847/72 620/1851/72 618/1845/72 617/1842/72
f 624/1862/78 619/1848/78 617/1843/78 622/1856/78
f 623/1860/74 624/1863/74 622/1857/74 621/1854/74
f 622/1858/79 617/1843/79 618/1846/79 621/1855/79
f 623/1861/80 620/1852/80 619/1849/80 624/1864/80
f 628/1874/76 631/1883/76 629/1877/76 626/1868/76
f 627/1871/72 628/1875/72 626/1869/72 625/1865/72
f 632/1886/75 627/1872/75 625/1866/75 630/1880/75
f 631/1884/74 632/1887/74 630/1881/74 629/1878/74
f 630/1882/71 625/1867/71 626/1870/71 629/1879/71
f 631/1885/73 628/1876/73 627/1873/73 632/1888/73
f 636/1898/77 639/1907/77 637/1901/77 634/1892/77
f 635/1895/72 636/1899/72 634/1893/72 633/1889/72
f 640/1910/78 635/1896/78 633/1890/78 638/1904/78
f 639/1908/74 640/1911/74 638/1905/74 637/1902/74
f 638/1906/79 633/1891/79 634/1894/79 637/1903/79
f 639/1909/80 636/1900/80 635/1897/80 640/1912/80
o body
v -1.179522 2.521835 -2.949286
v -1.179522 2.557477 1.134921
v -1.179523 2.446838 -2.948631
v -1.179523 2.482480 1.135576
v 1.117344 2.557477 1.134921
v 1.117344 2.521835 -2.949286
v 1.117344 2.482480 1.135576
v 1.117344 2.446838 -2.948632
v -1.236398 2.489349 1.134891
v -1.236397 2.509540 3.448544
v -1.236398 2.395915 1.135706
v -1.236397 2.416106 3.449359
v 1.161719 2.509540 3.448544
v 1.161719 2.489349 1.134891
v 1.161719 2.416106 3.449360
v 1.161720 2.395915 1.135706
v -0.892649 2.509537 3.447302
v -0.892649 2.503859 4.748538
v -0.892649 2.478600 3.447168
v -0.892649 2.472922 4.748403
v 0.830470 2.503859 4.748538
v 0.830470 2.509537 3.447302
v 0.830470 2.472922 4.748402
v 0.830470 2.478600 3.447168
v 0.880634 2.509332 3.350971
v 0.527995 2.503589 4.667029
v 0.880634 2.479645 3.350841
v 0.527995 2.473902 4.666901
v 0.829845 2.503237 4.747909
v 1.182485 2.508979 3.431851
v 0.829845 2.473549 4.747779
v 1.182485 2.479292 3.431721
v -0.566400 2.825979 1.176955
v -0.566400 2.845876 3.456860
v -0.566400 2.395995 1.180707
v -0.566400 2.415891 3.460612
v 0.910470 2.845876 3.456860
v 0.910470 2.825979 1.176955
v 0.910470 2.415891 3.460612
v 0.910470 2.395995 1.180707
v 1.162779 2.490093 1.132384
v 1.162778 2.511336 3.566658
v 1.136871 2.472619 1.132537
v 1.136871 2.493862 3.566810
v 1.735949 1.661605 3.574073
v 1.735950 1.640361 1.139799
v 1.710042 1.644131 3.574226
v 1.710042 1.622887 1.139952
v 1.117344 2.523035 -2.811791
v 1.117344 2.557477 1.134921
v 1.091437 2.505561 -2.811639
v 1.091437 2.540003 1.135074
v 1.735950 1.640389 1.142924
v 1.735949 1.605947 -2.803788
v 1.710042 1.622915 1.143077
v 1.710043 1.588473 -2.803636
v 1.129419 2.505087 -2.945139
v 1.119292 2.521301 -2.807712
v 1.102475 2.486914 -2.944981
v 1.092349 2.503128 -2.807553
v 1.726367 1.622553 -2.656935
v 1.736494 1.606339 -2.794363
v 1.699423 1.604380 -2.656776
v 1.709551 1.588166 -2.794204
v 1.200064 2.454388 3.247693
v 1.166574 2.505601 3.426248
v 1.173121 2.436215 3.247852
v 1.139630 2.487427 3.426408
v 1.710788 1.701639 3.758910
v 1.744279 1.650427 3.580356
v 1.683845 1.683466 3.759069
v 1.717335 1.632254 3.580513
v 1.191147 2.503033 3.423402
v 1.149920 2.515804 3.540715
v 1.166572 2.484915 3.416739
v 1.125345 2.497686 3.534050
v 1.685311 1.687252 3.819069
v 1.726537 1.674481 3.701756
v 1.660736 1.669134 3.812404
v 1.701963 1.656363 3.695093
v 1.659759 1.716785 1.201010
v 1.659759 1.720587 1.636616
v 1.127261 1.716785 1.201010
v 1.127260 1.720587 1.636616
v 1.659760 0.763123 1.644971
v 1.659759 0.759321 1.209365
v 1.127261 0.763123 1.644972
v 1.127261 0.759321 1.209365
v 1.659133 1.813082 1.599813
v 1.659134 1.650362 2.002558
v 1.127886 1.813082 1.599813
v 1.127886 1.650362 2.002558
v 1.659134 0.763742 1.644341
v 1.659134 0.926462 1.241597
v 1.127886 0.763742 1.644341
v 1.127885 0.926462 1.241598
v 1.657884 1.622459 0.799977
v 1.657884 1.808386 1.189779
v 1.129136 1.622459 0.799977
v 1.129135 1.808386 1.189779
v 1.657884 0.947545 1.600377
v 1.657884 0.761618 1.210574
v 1.129135 0.947545 1.600377
v 1.129135 0.761618 1.210575
v 1.659134 1.907474 -0.195721
v 1.659135 1.687992 0.123627
v 1.127886 1.907474 -0.195721
v 1.127886 1.687992 0.123627
v 1.659134 1.018390 -0.336576
v 1.659134 1.237872 -0.655925
v 1.127886 1.018390 -0.336577
v 1.127886 1.237872 -0.655925
v 1.659760 1.717331 -0.548986
v 1.659759 1.719332 -0.319621
v 1.127261 1.717331 -0.548986
v 1.127261 1.719332 -0.319620
v 1.659760 0.749369 -0.311156
v 1.659759 0.747368 -0.540522
v 1.127261 0.749369 -0.311156
v 1.127261 0.747368 -0.540522
v 1.659134 1.612626 -0.941188
v 1.659134 1.795910 -0.684232
v 1.127885 1.612626 -0.941188
v 1.127886 1.795910 -0.684233
v 1.659134 1.190412 -0.252337
v 1.659134 1.007128 -0.509291
v 1.127886 1.190412 -0.252337
v 1.127885 1.007128 -0.509291
v -1.222521 1.045175 -2.241915
v -1.218792 1.088464 5.204807
v -1.222539 0.663931 -2.239700
v -1.218810 0.707221 5.207023
v 1.157762 1.088344 5.203617
v 1.154033 1.045054 -2.243105
v 1.157744 0.707100 5.205833
v 1.154015 0.663811 -2.240889
v -1.219571 0.906840 -2.579377
v -1.219386 0.788777 -2.197200
v -1.219599 0.769494 -2.621806
v -1.219414 0.651431 -2.239628
v 1.161855 0.788656 -2.198392
v 1.161670 0.906719 -2.580570
v 1.161827 0.651310 -2.240820
v 1.161642 0.769373 -2.623000
v -0.892649 2.503859 4.748538
v -0.892649 1.977304 5.479966
v -0.892649 2.483823 4.734113
v -0.892649 1.957268 5.465541
v 0.830470 1.977304 5.479966
v 0.830470 2.503859 4.748538
v 0.830470 1.957268 5.465544
v 0.830470 2.483823 4.734114
v 0.646586 2.480142 4.780411
v 0.833706 1.965808 5.494865
v 0.646587 2.461121 4.766718
v 0.833707 1.946787 5.481171
v 1.017109 1.988584 5.463227
v 0.829989 2.502918 4.748773
v 1.017109 1.969563 5.449534
v 0.829988 2.483897 4.735080
v -0.955148 2.027140 5.334882
v -0.955149 1.860095 6.258648
v -0.955149 2.002846 5.330490
v -0.955149 1.835802 6.254254
v 0.886721 1.860095 6.258648
v 0.886720 2.027140 5.334883
v 0.886720 1.835802 6.254254
v 0.886720 2.002846 5.330490
v 0.884620 2.027904 5.327147
v 0.762252 1.862508 6.241791
v 0.884619 2.004840 5.322978
v 0.762252 1.839445 6.237621
v 0.897026 1.859351 6.259251
v 1.019393 2.024746 5.344611
v 0.897025 1.836288 6.255082
v 1.019394 2.001683 5.340438
v -0.955173 1.850969 6.267355
v -0.954446 1.294824 5.762303
v -0.955128 1.868616 6.247924
v -0.954401 1.312472 5.742871
v 0.887419 1.294036 5.765821
v 0.886692 1.850181 6.270875
v 0.887463 1.311684 5.746388
v 0.886737 1.867828 6.251441
v -1.523200 1.300620 5.766258
v -1.522431 0.712087 5.231794
v -1.523092 1.343478 5.719066
v -1.522323 0.754946 5.184602
v 1.463177 0.710810 5.237497
v 1.462409 1.299343 5.771962
v 1.463286 0.753669 5.190303
v 1.462517 1.342201 5.724768
v 0.535130 1.657455 6.094200
v 1.086057 1.106762 5.595362
v 0.535172 1.674262 6.075692
v 1.086100 1.123569 5.576855
v 1.437491 1.299261 5.770986
v 0.886564 1.849954 6.269824
v 1.437534 1.316068 5.752479
v 0.886605 1.866761 6.251316
v -0.953523 1.851304 6.265132
v -1.504450 1.300612 5.766295
v -0.953565 1.868111 6.246625
v -1.504492 1.317419 5.747788
v -1.153017 1.108112 5.590672
v -0.602089 1.658805 6.089508
v -1.153059 1.124919 5.572164
v -0.602132 1.675612 6.071002
v -1.528681 0.712090 5.231783
v -1.527969 0.641760 4.843097
v -1.528671 0.725620 5.229335
v -1.527959 0.655290 4.840648
v 1.463890 0.640480 4.848811
v 1.463177 0.710810 5.237497
v 1.463901 0.654010 4.846362
v 1.463188 0.724341 5.235049
v -0.954768 1.650133 6.213665
v -0.954768 1.316869 5.900229
v -0.954768 1.689527 6.171778
v -0.954768 1.356263 5.858345
v 0.887100 1.316869 5.900229
v 0.887101 1.650133 6.213663
v 0.887100 1.356263 5.858345
v 0.887100 1.689527 6.171777
v -1.392266 1.317780 5.901087
v -1.392267 0.920777 5.527706
v -1.392266 1.352892 5.863753
v -1.392266 0.955888 5.490375
v 1.324599 0.920777 5.527706
v 1.324599 1.317780 5.901086
v 1.324598 0.955888 5.490375
v 1.324599 1.352892 5.863753
v 0.753785 1.550708 6.119297
v 0.930775 1.239448 5.826556
v 0.753785 1.589245 6.078322
v 0.930776 1.277984 5.785582
v 1.161745 1.309139 5.892101
v 0.984755 1.620399 6.184841
v 1.161745 1.347676 5.851125
v 0.984754 1.658937 6.143866
v 0.856316 1.596012 6.161046
v 0.953323 1.566741 6.133518
v 0.856316 1.633693 6.120983
v 0.953323 1.604422 6.093453
v 0.983938 1.620581 6.184155
v 0.886930 1.649851 6.211682
v 0.983937 1.658262 6.144091
v 0.886930 1.687532 6.171618
v -1.052592 1.621752 6.185685
v -1.229582 1.310491 5.892943
v -1.052592 1.661359 6.143572
v -1.229582 1.350099 5.850830
v -0.998613 1.240800 5.827401
v -0.821623 1.552061 6.120140
v -0.998613 1.280408 5.785287
v -0.821623 1.591668 6.078027
v -0.954768 1.651204 6.212525
v -1.051775 1.621934 6.184998
v -0.954768 1.689955 6.171323
v -1.051775 1.660685 6.143795
v -1.021160 1.568094 6.134360
v -0.924153 1.597364 6.161890
v -1.021160 1.606845 6.093158
v -0.924154 1.636115 6.120688
v 1.051355 2.734880 1.327130
v 1.051355 2.738152 1.702114
v 0.749726 2.481790 1.329339
v 0.749726 2.485063 1.704322
v 1.316504 2.422169 1.704871
v 1.316504 2.418897 1.329887
v 1.014875 2.169081 1.707080
v 1.014875 2.165809 1.332096
v 0.482346 1.847151 6.231741
v 0.482347 1.847151 6.264242
v 0.482346 1.697463 6.231740
v 0.482347 1.697463 6.264242
v 0.886720 1.847151 6.264242
v 0.886719 1.847151 6.231741
v 0.886720 1.697463 6.264242
v 0.886719 1.697463 6.231740
v 0.791931 1.847571 6.263616
v 0.791931 1.847571 6.332366
v 0.719010 1.774651 6.263617
v 0.719011 1.774651 6.332366
v 0.864852 1.774651 6.332367
v 0.864851 1.774651 6.263617
v 0.791931 1.701731 6.332366
v 0.791931 1.701731 6.263616
v -0.117652 2.131966 5.251849
v -0.117651 2.130869 5.503097
v -0.117652 2.005717 5.251298
v -0.117652 2.004621 5.502544
v 0.049222 2.130869 5.503096
v 0.049223 2.131966 5.251849
v 0.049223 2.004621 5.502544
v 0.049223 2.005717 5.251298
v -0.117026 2.058750 5.400234
v -0.117027 2.130000 5.502939
v -0.117027 1.904691 5.507107
v -0.117026 1.975941 5.609812
v 0.048598 2.130000 5.502939
v 0.048598 2.058750 5.400234
v 0.048597 1.975941 5.609812
v 0.048598 1.904691 5.507107
v -1.827592 2.522486 -0.064716
v -1.827592 2.522486 0.763406
v -1.792423 1.717003 -0.064716
v -1.792424 1.717003 0.763406
v -1.134505 2.552746 0.763406
v -1.134504 2.552747 -0.064716
v -1.099336 1.747264 0.763406
v -1.099336 1.747264 -0.064717
v -1.073273 2.626869 2.640617
v -1.073273 2.631451 3.165595
v -1.073273 2.501873 2.641707
v -1.073273 2.506455 3.166685
v -0.801399 2.631451 3.165596
v -0.801399 2.626869 2.640618
v -0.801399 2.506455 3.166685
v -0.801399 2.501873 2.641708
v -1.073273 2.623706 2.278132
v -1.073273 2.626869 2.640617
v -1.073273 2.498710 2.279223
v -1.073273 2.501873 2.641707
v -0.926399 2.626869 2.640617
v -0.926399 2.623706 2.278132
v -0.926399 2.501873 2.641708
v -0.926399 2.498710 2.279223
v -0.769417 0.651408 -2.239853
v -0.766032 0.690702 4.519382
v -0.769423 0.501411 -2.238982
v -0.766039 0.540704 4.520255
v 0.708963 0.690627 4.518644
v 0.705578 0.651333 -2.240591
v 0.708956 0.540629 4.519517
v 0.705572 0.501336 -2.239720
v -0.765966 0.819334 4.636939
v -0.765928 0.727667 4.721922
v -0.766077 0.632371 4.435272
v -0.766039 0.540704 4.520255
v 0.709066 0.727592 4.721183
v 0.709028 0.819259 4.636202
v 0.708956 0.540629 4.519517
v 0.708918 0.632297 4.434535
v -1.068862 2.651721 1.907286
v -1.125112 2.652571 2.004710
v -1.068862 2.495476 1.908649
v -1.125112 2.496326 2.006073
v -1.027684 2.653062 2.060958
v -0.971435 2.652212 1.963534
v -1.027684 2.496817 2.062321
v -0.971434 2.495967 1.964897
v -1.057424 2.833337 1.948391
v -1.082424 2.833715 1.991690
v -1.057424 2.652094 1.949973
v -1.082424 2.652472 1.993272
v -1.039123 2.833933 2.016690
v -1.014123 2.833555 1.973390
v -1.039122 2.652689 2.018271
v -1.014123 2.652312 1.974972
v -0.785774 2.723550 1.472305
v -0.785774 2.723550 1.903554
v -0.900678 2.608644 1.472305
v -0.900678 2.608644 1.903554
v -0.670870 2.608644 1.903554
v -0.670869 2.608644 1.472305
v -0.785774 2.493739 1.903554
v -0.785774 2.493739 1.472305
v -1.035773 2.721145 1.372306
v -1.035773 2.721145 1.478555
v -1.035773 2.458644 1.372306
v -1.035773 2.458644 1.478555
v -0.629525 2.721145 1.478555
v -0.629525 2.721145 1.372306
v -0.629525 2.458644 1.478555
v -0.629525 2.458644 1.372306
v 1.431954 1.590605 -2.630650
v 1.428947 1.592633 -2.215041
v 1.140270 1.298927 -2.631337
v 1.137264 1.300956 -2.215728
v 1.720609 1.300956 -2.211509
v 1.723617 1.298927 -2.627116
v 1.428926 1.009277 -2.212196
v 1.431933 1.007249 -2.627802
v 1.404165 1.396198 -2.207285
v 1.404165 1.396198 -1.782287
v 1.353421 1.235259 -2.207285
v 1.353421 1.235259 -1.782287
v 1.559144 1.347334 -1.782287
v 1.559144 1.347334 -2.207285
v 1.508400 1.186394 -1.782287
v 1.508400 1.186394 -2.207285
v 1.306269 1.459831 -1.994785
v 1.306269 1.459831 -1.757286
v 1.246128 1.269088 -1.994786
v 1.246128 1.269088 -1.757287
v 1.485090 1.403449 -1.757287
v 1.485090 1.403449 -1.994785
v 1.424949 1.212706 -1.757287
v 1.424950 1.212706 -1.994785
v 1.056564 1.499243 -1.757286
v 1.056565 1.499243 -1.719787
v 1.013338 1.362147 -1.757287
v 1.013339 1.362147 -1.719787
v 1.438050 1.378961 -1.719787
v 1.438050 1.378961 -1.757287
v 1.394824 1.241864 -1.719787
v 1.394824 1.241864 -1.757287
v 1.663361 1.627951 -2.379160
v 1.663361 1.627951 -2.269785
v 1.663361 1.277951 -2.379160
v 1.663361 1.277951 -2.269785
v 1.694611 1.627951 -2.269785
v 1.694611 1.627951 -2.379159
v 1.694611 1.277951 -2.269785
v 1.694611 1.277951 -2.379159
v -1.741466 2.523124 -2.927533
v -1.741515 1.567198 -2.770427
v -1.741465 2.520083 -2.946035
v -1.741515 1.564157 -2.788930
v 1.680349 1.567025 -2.770427
v 1.680397 2.522950 -2.927535
v 1.680349 1.563984 -2.788929
v 1.680397 2.519910 -2.946035
v -1.176652 1.576433 -2.770219
v -1.176692 0.783448 -2.593211
v -1.176652 1.572008 -2.790043
v -1.176692 0.779023 -2.613035
v 1.115488 0.783332 -2.593211
v 1.115528 1.576316 -2.770219
v 1.115487 0.778907 -2.613035
v 1.115528 1.571891 -2.790043
v 0.961625 2.412879 -2.924462
v 0.961624 2.280103 -2.921371
v 0.961624 2.410662 -3.019749
v 0.961624 2.277885 -3.016658
v 1.186624 2.280103 -2.921371
v 1.186623 2.412879 -2.924461
v 1.186624 2.277885 -3.016659
v 1.186623 2.410662 -3.019749
v -0.695441 0.839657 -2.628177
v -0.695442 0.809157 -2.621368
v -0.695442 0.802894 -2.792874
v -0.695444 0.772394 -2.786066
v 0.651428 0.809089 -2.621368
v 0.651430 0.839589 -2.628175
v 0.651426 0.772326 -2.786066
v 0.651428 0.802826 -2.792874
v -0.183526 1.036015 -2.942190
v -0.183525 1.036014 -2.659689
v -0.183526 0.822265 -2.942190
v -0.183525 0.822264 -2.659689
v 0.139599 1.036014 -2.659689
v 0.139598 1.036015 -2.942190
v 0.139599 0.822264 -2.659689
v 0.139598 0.822265 -2.942190
v 0.023488 1.035389 -2.893730
v 0.155036 1.035389 -2.576145
v 0.023488 0.822890 -2.893730
v 0.155036 0.822889 -2.576145
v 0.270520 1.035389 -2.623980
v 0.138973 1.035389 -2.941566
v 0.270520 0.822889 -2.623980
v 0.138973 0.822890 -2.941566
v -0.182900 1.035389 -2.941566
v -0.314447 1.035389 -2.623980
v -0.182900 0.822890 -2.941566
v -0.314447 0.822889 -2.623980
v -0.198963 1.035389 -2.576144
v -0.067416 1.035389 -2.893730
v -0.198963 0.822889 -2.576144
v -0.067416 0.822890 -2.893730
v 0.132348 2.444228 4.832028
v 0.132347 2.100251 5.309841
v 0.132348 2.387418 4.791131
v 0.132348 2.043441 5.268943
v 0.805470 2.100251 5.309841
v 0.805470 2.444228 4.832028
v 0.805471 2.043441 5.268943
v 0.805470 2.387418 4.791130
v -1.048898 2.129337 5.352343
v -1.048899 2.114001 5.373647
v -1.048898 2.092816 5.326051
v -1.048898 2.077480 5.347355
v 0.986720 2.114001 5.373647
v 0.986719 2.129337 5.352343
v 0.986720 2.077480 5.347356
v 0.986720 2.092816 5.326051
v -1.076815 2.024780 5.344424
v -0.954611 1.859605 6.257847
v -1.076815 2.002946 5.340475
v -0.954611 1.837772 6.253898
v -0.821076 1.862733 6.240546
v -0.943281 2.027908 5.327123
v -0.821076 1.840900 6.236599
v -0.943280 2.006074 5.323177
v -1.992616 2.377741 5.445069
v -2.020777 2.377665 5.458616
v -1.985526 1.690363 5.455926
v -2.013686 1.690287 5.469474
v -2.004525 2.378366 5.492403
v -1.976365 2.378442 5.478855
v -1.997434 1.690988 5.503262
v -1.969275 1.691065 5.489716
v -1.165017 1.738537 5.595412
v -1.997593 1.727794 5.458989
v -1.164566 1.694795 5.596105
v -1.997142 1.684052 5.459679
v -2.003663 1.728316 5.495990
v -1.171087 1.739059 5.632413
v -2.003211 1.684574 5.496681
v -1.170635 1.695317 5.633105
v -1.357425 1.278825 5.570333
v -1.939404 1.720257 5.468640
v -1.383347 1.243783 5.566576
v -1.965327 1.685215 5.464881
v -1.945474 1.720779 5.505641
v -1.363494 1.279347 5.607337
v -1.971397 1.685737 5.501882
v -1.389417 1.244305 5.603578
v 1.001720 2.632599 -1.000183
v 1.001720 2.634426 -0.790816
v 1.001720 2.270112 -0.997019
v 1.001720 2.271939 -0.787653
v 1.079844 2.634426 -0.790815
v 1.079844 2.632599 -1.000183
v 1.079844 2.271939 -0.787653
v 1.079844 2.270112 -0.997019
v 0.054848 2.571833 -2.949722
v 0.054848 2.588386 -1.052923
v 0.054848 2.521835 -2.949285
v 0.054848 2.538388 -1.052487
v 0.117348 2.588386 -1.052924
v 0.117348 2.571833 -2.949722
v 0.117348 2.538388 -1.052487
v 0.117348 2.521835 -2.949286
v 0.382972 2.579468 -2.074755
v 0.382972 2.588386 -1.052924
v 0.382972 2.485722 -2.073937
v 0.382972 2.494639 -1.052106
v 0.429846 2.588386 -1.052924
v 0.429847 2.579468 -2.074755
v 0.429847 2.494639 -1.052106
v 0.429846 2.485722 -2.073937
v 0.382972 2.587677 -1.134171
v 0.382972 2.588114 -1.084173
v 0.382972 2.537679 -1.133734
v 0.382972 2.538115 -1.083736
v 1.111094 2.588114 -1.084172
v 1.111094 2.587677 -1.134170
v 1.111095 2.538115 -1.083736
v 1.111095 2.537679 -1.133734
v -0.179365 2.571833 -2.949721
v -0.179365 2.588386 -1.052923
v -0.179365 2.521835 -2.949286
v -0.179366 2.538388 -1.052487
v -0.116866 2.588386 -1.052924
v -0.116866 2.571833 -2.949722
v -0.116866 2.538388 -1.052487
v -0.116866 2.521835 -2.949286
v 1.737107 1.651004 2.888248
v 1.741391 1.654352 3.511348
v 1.370789 2.119871 2.888248
v 1.375074 2.123219 3.511348
v 0.963509 1.046602 3.519962
v 0.959225 1.043254 2.896863
v 0.597192 1.515468 3.519963
v 0.592907 1.512121 2.896863
v -0.182837 2.478518 3.836323
v -0.932835 2.478518 3.836323
v -0.182837 2.478518 4.586322
v -0.932835 2.478518 4.586322
v -0.932835 2.539518 3.836323
v -0.182837 2.539518 3.836323
v -0.932835 2.539518 4.586322
v -0.182837 2.539518 4.586322
v -0.017749 2.480081 4.405440
v -0.203365 2.480081 4.591055
v 0.167866 2.480081 4.591054
v -0.017749 2.480081 4.776670
v -0.203365 2.558268 4.591055
v -0.017749 2.558268 4.405440
v -0.017749 2.558268 4.776670
v 0.167866 2.558268 4.591054
v 1.151823 2.509385 3.546887
v 1.024032 2.507303 4.023808
v 1.127250 2.491266 3.540223
v 0.999458 2.489185 4.017143
v 1.539372 1.758739 4.158627
v 1.667163 1.760821 3.681706
v 1.514798 1.740621 4.151963
v 1.642589 1.742702 3.675043
v 1.558449 1.714205 5.600460
v 1.284604 0.986508 5.897985
v 1.729946 1.269449 4.670515
v 1.456100 0.541753 4.968039
v 1.309016 0.980364 5.905426
v 1.582862 1.708061 5.607902
v 1.480512 0.535608 4.975480
v 1.754357 1.263305 4.677955
v 1.037051 2.068074 5.160435
v 0.946633 1.943781 5.831814
v 1.013952 2.051044 5.154171
v 0.923533 1.926750 5.825550
v 1.426523 1.312123 5.779503
v 1.516942 1.436417 5.108125
v 1.403424 1.295092 5.773241
v 1.493842 1.419386 5.101862
v 1.646929 1.426672 4.652331
v 1.330279 1.461721 5.724757
v 1.624813 1.410366 4.646335
v 1.308162 1.445415 5.718760
v 1.436666 1.303975 5.761324
v 1.753316 1.268926 4.688900
v 1.414550 1.287669 5.755327
v 1.731199 1.252620 4.682901
v 0.912854 2.416768 4.664526
v 0.828175 2.500964 4.747875
v 0.891720 2.401186 4.658794
v 0.807041 2.485383 4.742143
v 1.015608 1.985009 5.459497
v 1.100286 1.900812 5.376148
v 0.994474 1.969427 5.453767
v 1.079151 1.885230 5.370418
v 1.515642 1.736468 4.297116
v 1.649418 1.373803 4.789829
v 1.492543 1.719437 4.290853
v 1.626318 1.356772 4.783565
v 1.747956 1.276368 4.691357
v 1.614181 1.639033 4.198646
v 1.724856 1.259338 4.685092
v 1.591081 1.622002 4.192381
v 1.573277 1.854225 3.761475
v 1.478841 1.780189 4.311026
v 1.551160 1.837919 3.755478
v 1.456724 1.763882 4.305028
v 1.616319 1.594247 4.309599
v 1.710754 1.668283 3.760048
v 1.594201 1.577940 4.303602
v 1.688638 1.651977 3.754052
v 1.617559 1.112390 4.897642
v 1.487880 1.112390 5.336378
v 1.599322 1.071607 4.892252
v 1.469642 1.071606 5.330985
v 1.651930 1.032621 5.384867
v 1.781608 1.032621 4.946130
v 1.633691 0.991837 5.379474
v 1.763371 0.991837 4.940741
v 1.275051 1.976841 5.843871
v 1.275049 1.976841 5.943870
v 1.260356 1.956616 5.843870
v 1.260356 1.956616 5.943871
v 1.457078 1.844589 5.943871
v 1.457078 1.844589 5.843871
v 1.442383 1.824364 5.943870
v 1.442383 1.824364 5.843870
v 0.930263 1.893176 5.843871
v 0.930262 1.893176 5.943871
v 0.936310 1.868919 5.843870
v 0.936311 1.868919 5.943870
v 1.269864 1.977849 5.943870
v 1.269864 1.977849 5.843871
v 1.275912 1.953592 5.943871
v 1.275912 1.953592 5.843871
v 1.457078 1.844589 5.781371
v 1.457078 1.844589 5.943871
v 1.432082 1.845026 5.781371
v 1.432082 1.845026 5.943870
v 1.453043 1.613375 5.943870
v 1.453042 1.613375 5.781370
v 1.428046 1.613811 5.943871
v 1.428047 1.613811 5.781370
v 1.453042 1.613375 5.781370
v 1.453043 1.613375 5.943870
v 1.434908 1.630584 5.781370
v 1.434908 1.630584 5.943870
v 1.354092 1.509102 5.943871
v 1.354092 1.509102 5.781371
v 1.335958 1.526311 5.943870
v 1.335957 1.526311 5.781371
v 1.355401 1.509361 5.781371
v 1.355401 1.509361 5.943870
v 1.353657 1.534300 5.781370
v 1.353657 1.534300 5.943870
v 1.212001 1.499334 5.943870
v 1.212001 1.499334 5.781370
v 1.210257 1.524273 5.943870
v 1.210258 1.524273 5.781371
v 1.293270 1.776317 5.806371
v 1.293270 1.776317 5.943870
v 1.158395 1.646068 5.806371
v 1.158395 1.646068 5.943870
v 1.423518 1.641441 5.943871
v 1.423518 1.641441 5.806369
v 1.288642 1.511192 5.943870
v 1.288643 1.511192 5.806371
v 1.225656 1.954301 5.731371
v 1.225656 1.954301 5.893870
v 1.117755 1.850102 5.731372
v 1.117755 1.850102 5.893870
v 1.329854 1.846400 5.893870
v 1.329854 1.846400 5.731371
v 1.221953 1.742201 5.893869
v 1.221954 1.742201 5.731371
v 1.383342 1.871986 5.818870
v 1.383342 1.871986 5.937621
v 1.311408 1.802521 5.818870
v 1.311407 1.802521 5.937620
v 1.452808 1.800053 5.937620
v 1.452807 1.800053 5.818870
v 1.380873 1.730587 5.937620
v 1.380873 1.730587 5.818870
v 1.132977 2.444417 3.790098
v 1.055588 2.489300 3.953455
v 1.109386 2.427023 3.783701
v 1.031997 2.471906 3.947058
v 1.560711 1.629255 4.429055
v 1.638100 1.584372 4.265699
v 1.537119 1.611862 4.422658
v 1.614509 1.566978 4.259302
v 1.734794 1.667199 4.267799
v 1.737518 1.309740 4.788078
v 1.103552 1.665657 4.270044
v 1.106275 1.308197 4.790323
v 1.737517 1.273680 4.763303
v 1.734794 1.631139 4.243025
v 1.106275 1.272138 4.765549
v 1.103552 1.629597 4.245270
v 1.196372 1.428251 4.567805
v 0.922527 0.700553 4.865330
v 1.206834 1.401118 4.511074
v 0.932989 0.673421 4.808599
v 1.446800 0.568592 5.025124
v 1.720646 1.296289 4.727600
v 1.457262 0.541460 4.968393
v 1.731108 1.269157 4.670868
v 1.611031 1.329840 4.775295
v 1.365141 1.357057 5.608072
v 1.072017 1.300857 4.617090
v 0.826127 1.328074 5.449869
v 1.375286 1.107512 5.619224
v 1.621175 1.080295 4.786447
v 0.836272 1.078529 5.461020
v 1.082162 1.051312 4.628242
v 1.734794 1.605947 -2.803787
v 1.734794 1.667199 4.267799
v 1.103547 1.605947 -2.803787
v 1.103546 1.667199 4.267799
v 1.734795 1.635950 4.268070
v 1.734794 1.574698 -2.803517
v 1.103546 1.635950 4.268070
v 1.103547 1.574698 -2.803516
v 1.417316 2.229494 4.095118
v 1.401586 2.238786 4.127867
v 1.284616 2.131657 4.059134
v 1.268885 2.140948 4.091883
v 1.625492 1.855543 4.344151
v 1.641222 1.846251 4.311402
v 1.492791 1.757705 4.308167
v 1.508523 1.748414 4.275418
v 1.164415 1.651121 -2.625071
v 1.156560 1.715090 4.760245
v 1.113165 1.651120 -2.625127
v 1.105310 1.715089 4.760191
v 1.156560 0.838873 4.767836
v 1.164415 0.774904 -2.617482
v 1.105310 0.838872 4.767781
v 1.113166 0.774903 -2.617537
v 0.819782 2.071732 5.948793
v 0.890330 1.864149 6.253025
v 0.797666 2.055426 5.942796
v 0.868212 1.847843 6.247028
v 1.416216 1.329813 5.766493
v 1.345668 1.537395 5.462261
v 1.394099 1.313506 5.760494
v 1.323552 1.521089 5.456264
v 1.161687 1.609692 -2.813188
v 1.161475 1.653263 -2.624400
v 1.111688 1.609679 -2.813241
v 1.111476 1.653251 -2.624452
v 1.161476 0.818946 -2.431841
v 1.161687 0.775375 -2.620627
v 1.111477 0.818934 -2.431894
v 1.111688 0.775362 -2.620681
v -1.661145 0.866907 3.864310
v -1.661146 0.866907 4.240553
v -1.661145 0.490665 3.864310
v -1.661146 0.490665 4.240553
v 1.631077 0.866907 4.240552
v 1.631076 0.866907 3.864310
v 1.631077 0.490665 4.240552
v 1.631076 0.490665 3.864310
v 1.024032 2.507303 4.023808
v 0.829919 2.504142 4.748242
v 0.999458 2.489185 4.017143
v 0.805345 2.486024 4.741579
v 0.889516 2.417574 4.763834
v 1.083630 2.420735 4.039399
v 0.864942 2.399456 4.757171
v 1.059055 2.402617 4.032735
v -0.629524 2.394983 1.136339
v -0.629525 2.417999 3.773730
v -0.629525 1.070033 1.147902
v -0.629525 1.093049 3.785293
v 1.661093 2.417999 3.773730
v 1.661093 2.394983 1.136339
v 1.661093 1.093049 3.785293
v 1.661093 1.070033 1.147902
v -1.207102 1.042776 -2.654415
v -1.206896 1.045174 -2.241923
v -1.207105 0.980277 -2.654053
v -1.206898 0.982675 -2.241560
v 1.149345 1.045054 -2.243102
v 1.149139 1.042656 -2.655595
v 1.149342 0.982555 -2.242738
v 1.149136 0.980157 -2.655231
v -1.082681 1.811606 4.955836
v -1.082682 2.015064 5.346674
v -1.082681 1.492837 5.121775
v -1.082682 1.696295 5.512612
v 1.018249 2.015064 5.346674
v 1.018249 1.811606 4.955836
v 1.018249 1.696295 5.512613
v 1.018249 1.492837 5.121775
v 0.354814 1.730032 4.835273
v 0.354814 1.844937 4.950179
v 0.354813 1.067120 5.498182
v 0.354814 1.182024 5.613088
v 0.517313 1.844937 4.950178
v 0.517313 1.730032 4.835273
v 0.517313 1.182024 5.613088
v 0.517313 1.067120 5.498183
v -1.661146 0.866908 2.239316
v -1.661146 0.866908 2.615556
v -1.661146 0.490665 2.239316
v -1.661146 0.490665 2.615556
v 1.631077 0.866908 2.615556
v 1.631077 0.866908 2.239316
v 1.631077 0.490665 2.615556
v 1.631077 0.490665 2.239316
v -1.661146 0.866908 0.176823
v -1.661146 0.866908 0.553065
v -1.661146 0.490666 0.176823
v -1.661146 0.490666 0.553065
v 1.631077 0.866908 0.553064
v 1.631077 0.866908 0.176824
v 1.631077 0.490666 0.553064
v 1.631077 0.490666 0.176824
v -1.661146 0.866908 -1.448170
v -1.661146 0.866908 -1.071929
v -1.661146 0.490666 -1.448170
v -1.661146 0.490666 -1.071929
v 1.631078 0.866908 -1.071929
v 1.631077 0.866908 -1.448170
v 1.631078 0.490666 -1.071929
v 1.631077 0.490666 -1.448170
v -0.867488 2.444228 4.832028
v -0.867488 2.100251 5.309841
v -0.867489 2.387418 4.791131
v -0.867489 2.043441 5.268943
v -0.194366 2.100251 5.309841
v -0.194365 2.444228 4.832028
v -0.194366 2.043441 5.268943
v -0.194366 2.387418 4.791131
v 1.001720 2.626599 -1.687653
v 1.001719 2.628427 -1.478288
v 1.001720 2.264112 -1.684490
v 1.001720 2.265939 -1.475124
v 1.079844 2.628427 -1.478287
v 1.079845 2.626599 -1.687653
v 1.079845 2.265939 -1.475124
v 1.079844 2.264112 -1.684490
v 1.001720 2.620054 -2.437623
v 1.001720 2.621881 -2.228256
v 1.001719 2.257567 -2.434459
v 1.001720 2.259395 -2.225093
v 1.079845 2.621881 -2.228256
v 1.079845 2.620054 -2.437622
v 1.079844 2.259395 -2.225092
v 1.079845 2.257567 -2.434458
v -1.141862 2.626599 -1.687653
v -1.141862 2.628427 -1.478288
v -1.141862 2.264112 -1.684490
v -1.141863 2.265939 -1.475124
v -1.063737 2.628427 -1.478287
v -1.063738 2.626599 -1.687653
v -1.063738 2.265939 -1.475125
v -1.063738 2.264112 -1.684490
v -1.141862 2.632599 -1.000183
v -1.141863 2.634426 -0.790816
v -1.141862 2.270112 -0.997020
v -1.141862 2.271939 -0.787653
v -1.063737 2.634426 -0.790815
v -1.063738 2.632599 -1.000182
v -1.063738 2.271939 -0.787653
v -1.063738 2.270112 -0.997019
v -1.173112 2.587677 -1.134171
v -1.173113 2.588114 -1.084173
v -1.173112 2.537679 -1.133734
v -1.173113 2.538115 -1.083736
v -0.444990 2.588114 -1.084173
v -0.444990 2.587677 -1.134170
v -0.444990 2.538115 -1.083736
v -0.444990 2.537679 -1.133734
v -0.491865 2.579468 -2.074755
v -0.491865 2.588386 -1.052923
v -0.491865 2.485722 -2.073937
v -0.491865 2.494639 -1.052106
v -0.444990 2.588386 -1.052923
v -0.444989 2.579468 -2.074755
v -0.444990 2.494639 -1.052105
v -0.444990 2.485722 -2.073937
v -1.141862 2.620054 -2.437622
v -1.141862 2.621881 -2.228256
v -1.141862 2.257567 -2.434458
v -1.141862 2.259395 -2.225093
v -1.063738 2.621881 -2.228256
v -1.063738 2.620054 -2.437623
v -1.063738 2.259395 -2.225093
v -1.063738 2.257567 -2.434459
v -1.248642 2.412879 -2.924461
v -1.248642 2.280103 -2.921372
v -1.248642 2.410662 -3.019749
v -1.248641 2.277885 -3.016658
v -1.023642 2.280103 -2.921371
v -1.023641 2.412879 -2.924461
v -1.023642 2.277885 -3.016658
v -1.023642 2.410662 -3.019748
v -1.721152 1.237872 -0.655925
v -1.721152 1.018390 -0.336577
v -1.189904 1.237872 -0.655925
v -1.189904 1.018390 -0.336577
v -1.721152 1.687992 0.123627
v -1.721152 1.907474 -0.195721
v -1.189904 1.687992 0.123627
v -1.189904 1.907474 -0.195721
v -1.721778 0.747368 -0.540522
v -1.721777 0.749369 -0.311156
v -1.189279 0.747368 -0.540522
v -1.189279 0.749369 -0.311156
v -1.721777 1.719332 -0.319620
v -1.721777 1.717331 -0.548986
v -1.189279 1.719332 -0.319621
v -1.189279 1.717331 -0.548986
v -1.721152 1.007128 -0.509291
v -1.721152 1.190412 -0.252337
v -1.189904 1.007128 -0.509292
v -1.189904 1.190412 -0.252337
v -1.721152 1.795910 -0.684233
v -1.721152 1.612626 -0.941188
v -1.189904 1.795910 -0.684233
v -1.189903 1.612626 -0.941188
v -1.721152 0.759952 1.209984
v -1.721152 0.946955 1.602043
v -1.221154 0.759952 1.209985
v -1.221153 0.946955 1.602043
v -1.721152 1.810052 1.190369
v -1.721152 1.623049 0.798311
v -1.221153 1.810052 1.190369
v -1.221153 1.623049 0.798311
v -1.721777 0.759321 1.209365
v -1.721777 0.763123 1.644971
v -1.220529 0.759321 1.209365
v -1.220529 0.763123 1.644971
v -1.721777 1.720587 1.636616
v -1.721777 1.716785 1.201010
v -1.220529 1.720587 1.636616
v -1.220528 1.716785 1.201010
v -1.719902 0.927153 1.243225
v -1.719902 0.765370 1.643650
v -1.222404 0.927153 1.243225
v -1.222404 0.765370 1.643650
v -1.719902 1.649671 2.000930
v -1.719902 1.811454 1.600504
v -1.222404 1.649671 2.000930
v -1.222404 1.811454 1.600504
v -1.787094 1.822058 -2.810177
v -1.796840 1.882425 3.720765
v -1.787088 1.598630 -2.808111
v -1.796834 1.658998 3.722830
v -1.167156 1.882452 3.721704
v -1.157409 1.822085 -2.809237
v -1.167149 1.659024 3.723770
v -1.157403 1.598657 -2.807172
v -1.772772 1.668283 3.760049
v -1.678337 1.594247 4.309599
v -1.750656 1.651977 3.754052
v -1.656220 1.577940 4.303602
v -1.540859 1.780189 4.311025
v -1.635294 1.854225 3.761474
v -1.518743 1.763882 4.305028
v -1.613178 1.837919 3.755477
v -1.729182 1.760821 3.681706
v -1.601390 1.758739 4.158627
v -1.704608 1.742702 3.675043
v -1.576816 1.740621 4.151963
v -1.086050 2.507303 4.023807
v -1.213842 2.509385 3.546887
v -1.061476 2.489185 4.017143
v -1.189268 2.491266 3.540222
v -1.700118 1.584372 4.265699
v -1.622729 1.629255 4.429056
v -1.676527 1.566978 4.259302
v -1.599138 1.611862 4.422659
v -1.117606 2.489300 3.953455
v -1.194995 2.444417 3.790099
v -1.094015 2.471906 3.947058
v -1.171404 2.427023 3.783702
v -1.703241 1.846251 4.311402
v -1.687510 1.855543 4.344150
v -1.570540 1.748414 4.275418
v -1.554810 1.757705 4.308167
v -1.463604 2.238786 4.127867
v -1.479334 2.229494 4.095118
v -1.330903 2.140948 4.091882
v -1.346634 2.131657 4.059134
v -1.675478 1.638667 4.199365
v -1.808987 1.276726 4.691094
v -1.653362 1.622361 4.193368
v -1.786871 1.260420 4.685097
v -1.711174 1.373444 4.788842
v -1.577665 1.735385 4.297113
v -1.689056 1.357138 4.782844
v -1.555548 1.719079 4.291114
v -1.796812 1.631139 4.243025
v -1.799536 1.273680 4.763303
v -1.164008 1.629593 4.245274
v -1.166731 1.272134 4.765554
v -1.799536 1.309740 4.788078
v -1.796812 1.667199 4.267799
v -1.166731 1.308194 4.790328
v -1.164008 1.665653 4.270050
v -1.226433 0.774904 -2.617482
v -1.218579 0.838873 4.767836
v -1.175183 0.774903 -2.617537
v -1.167328 0.838872 4.767781
v -1.218578 1.711965 4.760273
v -1.226433 1.647996 -2.625046
v -1.167329 1.711965 4.760218
v -1.175183 1.647995 -2.625099
v -1.644879 1.708061 5.607902
v -1.371033 0.980364 5.905425
v -1.816375 1.263305 4.677955
v -1.542530 0.535608 4.975479
v -1.346623 0.986508 5.897986
v -1.620467 1.714205 5.600460
v -1.518118 0.541753 4.968039
v -1.791963 1.269449 4.670513
v -1.407686 1.537395 5.462261
v -1.478234 1.329813 5.766491
v -1.385570 1.521089 5.456264
v -1.456118 1.313506 5.760494
v -0.952348 1.864149 6.253025
v -0.881800 2.071732 5.948793
v -0.930230 1.847843 6.247027
v -0.859683 2.055426 5.942796
v -0.948582 1.849954 6.269825
v -1.499510 1.299261 5.770986
v -0.948624 1.866761 6.251316
v -1.499552 1.316068 5.752479
v -1.148076 1.106762 5.595364
v -0.597148 1.657455 6.094200
v -1.148118 1.123569 5.576855
v -0.597190 1.674262 6.075692
v -1.515061 1.613375 5.781371
v -1.515060 1.613375 5.943870
v -1.490065 1.613811 5.781371
v -1.490065 1.613811 5.943871
v -1.519097 1.844589 5.943871
v -1.519096 1.844589 5.781370
v -1.494101 1.845026 5.943870
v -1.494101 1.845026 5.781371
v -1.485536 1.641441 5.806371
v -1.485536 1.641441 5.943870
v -1.350661 1.511192 5.806369
v -1.350661 1.511192 5.943871
v -1.355289 1.776317 5.943871
v -1.355288 1.776317 5.806371
v -1.220412 1.646068 5.943871
v -1.220413 1.646068 5.806369
v -1.416109 1.509102 5.781370
v -1.416110 1.509102 5.943870
v -1.397975 1.526311 5.781370
v -1.397975 1.526311 5.943871
v -1.515060 1.613375 5.943870
v -1.515061 1.613375 5.781371
v -1.496926 1.630584 5.943871
v -1.496926 1.630584 5.781371
v -1.274020 1.499334 5.781371
v -1.274019 1.499334 5.943871
v -1.272276 1.524273 5.781370
v -1.272276 1.524273 5.943870
v -1.417418 1.509361 5.943870
v -1.417419 1.509361 5.781370
v -1.415675 1.534300 5.943871
v -1.415676 1.534300 5.781371
v -1.514825 1.800053 5.818870
v -1.514826 1.800053 5.937620
v -1.442891 1.730587 5.818870
v -1.442892 1.730587 5.937620
v -1.445360 1.871986 5.937620
v -1.445360 1.871986 5.818870
v -1.373426 1.802521 5.937621
v -1.373426 1.802521 5.818870
v -1.391873 1.846400 5.731371
v -1.391873 1.846400 5.893871
v -1.283972 1.742201 5.731369
v -1.283972 1.742201 5.893869
v -1.287674 1.954301 5.893871
v -1.287673 1.954301 5.731371
v -1.179774 1.850102 5.893870
v -1.179773 1.850102 5.731371
v -1.519096 1.844589 5.843870
v -1.519097 1.844589 5.943871
v -1.504402 1.824364 5.843871
v -1.504402 1.824364 5.943871
v -1.337069 1.976841 5.943871
v -1.337068 1.976841 5.843870
v -1.322373 1.956616 5.943871
v -1.322374 1.956616 5.843871
v -1.578961 1.436417 5.108127
v -1.488542 1.312123 5.779503
v -1.555861 1.419386 5.101862
v -1.465442 1.295092 5.773240
v -1.008651 1.943781 5.831813
v -1.099070 2.068074 5.160435
v -0.985551 1.926750 5.825550
v -1.075969 2.051044 5.154171
v -1.331882 1.977849 5.843870
v -1.331883 1.977849 5.943871
v -1.337931 1.953592 5.843870
v -1.337931 1.953592 5.943870
v -0.992280 1.893176 5.943870
v -0.992280 1.893176 5.843871
v -0.998329 1.868919 5.943870
v -0.998328 1.868919 5.843871
v -1.162304 1.900812 5.376148
v -1.077626 1.985009 5.459497
v -1.141170 1.885230 5.370418
v -1.056493 1.969427 5.453766
v -0.890193 2.500964 4.747875
v -0.974872 2.416768 4.664526
v -0.869060 2.485383 4.742144
v -0.953738 2.401186 4.658795
v -0.892007 2.502918 4.748774
v -1.079127 1.988584 5.463227
v -0.892007 2.483897 4.735080
v -1.079126 1.969563 5.449533
v -0.895725 1.965808 5.494865
v -0.708605 2.480142 4.780411
v -0.895725 1.946787 5.481171
v -0.708605 2.461121 4.766718
v -1.145648 2.420735 4.039399
v -0.951534 2.417574 4.763834
v -1.121073 2.402617 4.032735
v -0.926961 2.399456 4.757170
v -0.891937 2.504142 4.748243
v -1.086050 2.507303 4.023807
v -0.867362 2.486024 4.741579
v -1.061476 2.489185 4.017143
v -1.244503 2.508979 3.431850
v -0.891863 2.503237 4.747909
v -1.244503 2.479292 3.431721
v -0.891863 2.473549 4.747779
v -0.565864 2.503618 4.660559
v -0.918504 2.509360 3.344500
v -0.565864 2.473930 4.660429
v -0.918504 2.479673 3.344370
v -1.797967 1.605947 -2.803787
v -1.797967 1.640389 1.142924
v -1.772061 1.588473 -2.803634
v -1.772060 1.622915 1.143077
v -1.179362 2.557477 1.134921
v -1.179362 2.523035 -2.811790
v -1.153455 2.540003 1.135074
v -1.153455 2.505561 -2.811639
v -1.797967 1.640361 1.139800
v -1.797967 1.661605 3.574074
v -1.772060 1.622887 1.139952
v -1.772060 1.644131 3.574226
v -1.224796 2.511336 3.566658
v -1.224796 2.490093 1.132384
v -1.198889 2.493862 3.566810
v -1.198889 2.472619 1.132537
v -1.796812 1.574698 -2.803516
v -1.796812 1.635950 4.268070
v -1.164002 1.574698 -2.803516
v -1.164002 1.635950 4.268069
v -1.796812 1.667199 4.267799
v -1.796812 1.605947 -2.803787
v -1.164002 1.667199 4.267799
v -1.164002 1.605947 -2.803787
v -1.500068 1.378961 -1.757287
v -1.500068 1.378961 -1.719787
v -1.456842 1.241864 -1.757287
v -1.456842 1.241864 -1.719788
v -1.118583 1.499243 -1.719788
v -1.118583 1.499243 -1.757288
v -1.075356 1.362147 -1.719788
v -1.075355 1.362147 -1.757286
v -1.547108 1.403449 -1.994785
v -1.547108 1.403449 -1.757287
v -1.486968 1.212706 -1.994786
v -1.486968 1.212706 -1.757287
v -1.368287 1.459831 -1.757287
v -1.368287 1.459831 -1.994786
v -1.308146 1.269088 -1.757287
v -1.308146 1.269088 -1.994786
v -1.621161 1.347334 -2.207285
v -1.621161 1.347334 -1.782288
v -1.570417 1.186394 -2.207285
v -1.570418 1.186394 -1.782287
v -1.466183 1.396198 -1.782286
v -1.466182 1.396198 -2.207284
v -1.415439 1.235259 -1.782287
v -1.415439 1.235259 -2.207284
v -1.785634 1.298927 -2.627115
v -1.782582 1.300986 -2.205259
v -1.493950 1.007249 -2.627802
v -1.490900 1.009308 -2.205945
v -1.490919 1.592664 -2.208791
v -1.493972 1.590605 -2.630650
v -1.199237 1.300986 -2.209478
v -1.202288 1.298927 -2.631337
v -1.756629 1.627951 -2.379160
v -1.756628 1.627951 -2.269785
v -1.756629 1.277951 -2.379160
v -1.756628 1.277951 -2.269785
v -1.725379 1.627951 -2.269784
v -1.725378 1.627951 -2.379160
v -1.725379 1.277951 -2.269784
v -1.725378 1.277951 -2.379160
v -1.843627 1.032621 4.946130
v -1.713948 1.032621 5.384867
v -1.825388 0.991837 4.940740
v -1.695710 0.991837 5.379475
v -1.549899 1.112390 5.336377
v -1.679578 1.112390 4.897643
v -1.531661 1.071606 5.330986
v -1.661340 1.071607 4.892252
v -1.815333 1.268926 4.688899
v -1.498684 1.303975 5.761325
v -1.793217 1.252620 4.682901
v -1.476568 1.287669 5.755328
v -1.392297 1.461721 5.724757
v -1.708947 1.426672 4.652331
v -1.370181 1.445415 5.718760
v -1.686831 1.410366 4.646335
v -1.683194 1.080295 4.786447
v -1.437304 1.107512 5.619224
v -1.144180 1.051312 4.628242
v -0.898291 1.078529 5.461020
v -1.427159 1.357057 5.608072
v -1.673049 1.329840 4.775294
v -0.888146 1.328074 5.449869
v -1.134035 1.300857 4.617090
v -1.788556 1.674481 3.701756
v -1.747329 1.687252 3.819069
v -1.763982 1.656363 3.695092
v -1.722754 1.669134 3.812404
v -1.211937 2.515804 3.540714
v -1.253165 2.503033 3.423402
v -1.187363 2.497686 3.534051
v -1.228591 2.484915 3.416739
v -1.806297 1.650427 3.580355
v -1.772807 1.701639 3.758910
v -1.779353 1.632254 3.580513
v -1.745863 1.683466 3.759069
v -1.228592 2.505601 3.426248
v -1.262083 2.454388 3.247693
v -1.201648 2.487427 3.426406
v -1.235139 2.436215 3.247852
v -1.782664 1.296289 4.727600
v -1.508819 0.568592 5.025125
v -1.793126 1.269157 4.670868
v -1.519280 0.541460 4.968393
v -0.984544 0.700553 4.865329
v -1.258390 1.428251 4.567804
v -0.995006 0.673421 4.808599
v -1.268852 1.401118 4.511074
v -1.021243 1.043254 2.896864
v -1.025527 1.046602 3.519963
v -0.654926 1.512121 2.896864
v -0.659210 1.515468 3.519963
v -1.788635 1.642809 3.511512
v -1.784351 1.639461 2.888412
v -1.422318 2.111675 3.511511
v -1.418033 2.108327 2.888412
v -1.798512 1.606339 -2.794363
v -1.788384 1.622553 -2.656936
v -1.771569 1.588166 -2.794204
v -1.761441 1.604380 -2.656778
v -1.181310 2.521301 -2.807712
v -1.191437 2.505087 -2.945138
v -1.154365 2.503128 -2.807553
v -1.164493 2.486914 -2.944981
v -1.223705 0.775375 -2.620627
v -1.223497 0.818244 -2.434886
v -1.173706 0.775362 -2.620681
v -1.173498 0.818231 -2.434938
v -1.223497 1.652561 -2.627444
v -1.223705 1.609692 -2.813188
v -1.173498 1.652548 -2.627498
v -1.173705 1.609679 -2.813241
v 0.553283 1.847571 6.263616
v 0.553284 1.847571 6.332366
v 0.480363 1.774651 6.263617
v 0.480363 1.774651 6.332366
v 0.626204 1.774651 6.332367
v 0.626204 1.774651 6.263617
v 0.553284 1.701731 6.332366
v 0.553283 1.701731 6.263616
v -0.948738 1.847151 6.231742
v -0.948738 1.847151 6.264242
v -0.948738 1.697463 6.231742
v -0.948738 1.697463 6.264242
v -0.544365 1.847151 6.264241
v -0.544365 1.847151 6.231741
v -0.544365 1.697463 6.264241
v -0.544365 1.697463 6.231740
v -0.688222 1.774651 6.263616
v -0.688222 1.774651 6.332366
v -0.615302 1.701731 6.263616
v -0.615302 1.701731 6.332367
v -0.615302 1.847571 6.332367
v -0.615302 1.847571 6.263616
v -0.542382 1.774651 6.332367
v -0.542381 1.774651 6.263616
v -0.926870 1.774651 6.263616
v -0.926870 1.774651 6.332366
v -0.853950 1.701731 6.263616
v -0.853950 1.701731 6.332366
v -0.853950 1.847571 6.332366
v -0.853950 1.847571 6.263616
v -0.781029 1.774651 6.332366
v -0.781029 1.774651 6.263616
v -1.879817 2.334955 5.432954
v -2.129799 2.332356 5.431619
v -1.874725 1.841293 5.440753
v -2.124706 1.838694 5.439417
v -2.129971 2.332848 5.462864
v -1.879989 2.335447 5.464201
v -2.124879 1.839185 5.470663
v -1.874897 1.841785 5.471999
v 1.431871 1.502272 -2.619281
v 1.430967 1.502881 -2.494287
v 1.228577 1.298981 -2.619760
v 1.227673 1.299591 -2.494766
v 1.634247 1.299591 -2.491823
v 1.635152 1.298981 -2.616818
v 1.430953 1.096300 -2.492303
v 1.431857 1.095690 -2.617296
v -1.697169 1.298981 -2.616819
v -1.696265 1.299591 -2.491824
v -1.493874 1.095690 -2.617296
v -1.492971 1.096300 -2.492303
v -1.492985 1.502881 -2.494286
v -1.493889 1.502272 -2.619281
v -1.289690 1.299591 -2.494765
v -1.290594 1.298981 -2.619760
v 1.106329 1.822085 -2.809254
v 1.116075 1.882452 3.721688
v 1.106323 1.609594 -2.807290
v 1.116068 1.669961 3.723653
v 1.734822 1.882425 3.720765
v 1.725077 1.822058 -2.810177
v 1.734816 1.669935 3.722729
v 1.725070 1.609568 -2.808212
v 0.116630 1.315307 0.303884
v 0.116630 1.315307 0.869165
v 0.116630 1.031048 0.303884
v 0.116630 1.031048 0.869165
v 0.864134 1.315307 0.869165
v 0.864134 1.315307 0.303884
v 0.864134 1.031048 0.869165
v 0.864134 1.031048 0.303884
v 0.116630 1.991850 -0.098695
v 0.116630 2.028952 -0.027425
v 0.116630 1.279012 0.272383
v 0.116630 1.316113 0.343654
v 0.851634 2.028952 -0.027425
v 0.851635 1.991850 -0.098695
v 0.851634 1.316113 0.343654
v 0.851634 1.279012 0.272384
v 0.116630 1.315307 4.303870
v 0.116630 1.315307 4.869150
v 0.116630 1.031047 4.303870
v 0.116630 1.031047 4.869150
v 0.801634 1.315307 4.869152
v 0.801634 1.315307 4.303871
v 0.801634 1.031047 4.869152
v 0.801634 1.031047 4.303871
v 0.116630 1.930975 3.810123
v 0.116630 1.977061 3.875941
v 0.116629 1.272671 4.271072
v 0.116630 1.318757 4.336890
v 0.789134 1.977061 3.875941
v 0.789135 1.930975 3.810123
v 0.789134 1.318757 4.336890
v 0.789134 1.272671 4.271072
v -0.913653 1.930975 3.810123
v -0.913653 1.977061 3.875941
v -0.913653 1.272671 4.271072
v -0.913652 1.318757 4.336890
v -0.241148 1.977061 3.875940
v -0.241148 1.930975 3.810123
v -0.241148 1.318757 4.336890
v -0.241148 1.272671 4.271072
v -0.926152 1.315307 4.303870
v -0.926153 1.315307 4.869151
v -0.926152 1.031047 4.303870
v -0.926153 1.031047 4.869151
v -0.241148 1.315307 4.869152
v -0.241148 1.315307 4.303870
v -0.241148 1.031047 4.869152
v -0.241148 1.031047 4.303870
v 0.182973 2.331940 1.074387
v 0.182973 2.332485 1.136885
v 0.182973 1.863208 1.078478
v 0.182973 1.863753 1.140975
v 0.848595 2.332485 1.136885
v 0.848595 2.331940 1.074387
v 0.848595 1.863753 1.140975
v 0.848595 1.863208 1.078478
v -0.942024 2.018261 5.327960
v -0.942024 1.963077 5.357303
v -0.942024 1.798196 4.914078
v -0.942023 1.743012 4.943420
v -0.276401 1.963077 5.357303
v -0.276401 2.018261 5.327960
v -0.276401 1.743012 4.943421
v -0.276401 1.798196 4.914080
v -1.094422 2.673155 -2.798792
v -1.150672 2.674005 -2.701367
v -1.094422 2.516910 -2.797428
v -1.150672 2.517760 -2.700004
v -1.053245 2.674496 -2.645118
v -0.996995 2.673646 -2.742543
v -1.053244 2.518251 -2.643755
v -0.996995 2.517401 -2.741181
v -1.684466 2.478246 0.872780
v -1.684466 2.478246 2.513399
v -1.684466 2.040746 0.872780
v -1.684466 2.040746 2.513399
v -1.246968 2.478246 2.513399
v -1.246968 2.478246 0.872781
v -1.246968 2.040746 2.513399
v -1.246968 2.040746 0.872781
v -1.621392 2.314550 2.575898
v -1.621392 2.314550 2.763398
v -1.571468 2.031418 2.575899
v -1.571468 2.031418 2.763397
v -1.338260 2.364474 2.763398
v -1.338260 2.364474 2.575898
v -1.288337 2.081341 2.763398
v -1.288337 2.081341 2.575898
v -1.556229 2.268922 2.763398
v -1.556229 2.268922 3.075897
v -1.525840 2.096581 2.763397
v -1.525840 2.096581 3.075896
v -1.383888 2.299310 3.075896
v -1.383888 2.299310 2.763397
v -1.353500 2.126969 3.075896
v -1.353499 2.126969 2.763397
v -1.850114 2.465199 -0.002216
v -1.850114 2.465199 0.700906
v -1.823125 1.847038 -0.002216
v -1.823125 1.847038 0.700907
v -1.787674 2.467925 0.700907
v -1.787674 2.467925 -0.002216
v -1.760684 1.849764 0.700906
v -1.760684 1.849764 -0.002216
v -0.565775 2.845005 3.456714
v -0.565774 2.489845 3.710044
v -0.565775 2.700554 3.254203
v -0.565775 2.345395 3.507534
v 0.911095 2.489845 3.710045
v 0.911095 2.845005 3.456714
v 0.911095 2.345395 3.507534
v 0.911095 2.700554 3.254203
v -0.691399 2.959702 2.175822
v -0.691399 2.966508 2.955789
v -0.691400 2.592215 2.179029
v -0.691399 2.599021 2.958996
v -0.442650 2.966508 2.955789
v -0.442650 2.959702 2.175822
v -0.442650 2.599021 2.958996
v -0.442650 2.592215 2.179029
v 1.368486 2.657609 -0.530306
v 1.368486 2.657609 1.107188
v 1.153459 2.507045 -0.530306
v 1.153459 2.507045 1.107188
v 1.519049 2.442581 1.107188
v 1.519049 2.442581 -0.530306
v 1.304022 2.292017 1.107188
v 1.304022 2.292017 -0.530306
v 1.193550 2.459877 2.247775
v 1.193550 2.459877 3.200896
v 1.170377 1.929133 2.247775
v 1.170377 1.929133 3.200896
v 1.680584 2.438613 3.200897
v 1.680584 2.438613 2.247774
v 1.657411 1.907868 3.200896
v 1.657411 1.907869 2.247774
v 0.910470 2.834161 2.114415
v 0.910470 2.844785 3.331864
v 0.735530 2.584328 2.116596
v 0.735530 2.594953 3.334044
v 1.267823 2.594571 3.334048
v 1.267824 2.583947 2.116599
v 1.092883 2.344739 3.336229
v 1.092884 2.334115 2.118779
v 1.759112 1.309754 4.698495
v 1.456614 1.343237 5.722992
v 1.738456 1.313380 4.692278
v 1.435959 1.346862 5.716774
v 1.441934 1.256990 5.721476
v 1.744432 1.223508 4.696979
v 1.421277 1.260616 5.715258
v 1.723775 1.227134 4.690761
v 1.400926 0.699668 5.227314
v 1.466146 0.617663 4.918348
v 1.398504 0.779244 5.205681
v 1.463724 0.697239 4.896716
v 1.528581 0.622777 4.930170
v 1.463362 0.704782 5.239137
v 1.526159 0.702354 4.908539
v 1.460938 0.784358 5.217504
v -1.525380 0.704782 5.239137
v -1.590600 0.622777 4.930170
v -1.522957 0.784358 5.217504
v -1.588177 0.702354 4.908538
v -1.528165 0.617663 4.918348
v -1.462945 0.699668 5.227314
v -1.525742 0.697239 4.896716
v -1.460522 0.779244 5.205681
v -1.806450 1.223508 4.696979
v -1.503952 1.256990 5.721475
v -1.785793 1.227134 4.690762
v -1.483296 1.260616 5.715258
v -1.518633 1.343237 5.722992
v -1.821131 1.309754 4.698495
v -1.497976 1.346862 5.716774
v -1.800474 1.313380 4.692278
v 1.006601 1.315308 -2.366139
v 0.441320 1.315308 -2.366139
v 1.006601 1.031048 -2.366139
v 0.441320 1.031048 -2.366139
v 0.441320 1.315308 -1.618635
v 1.006601 1.315308 -1.618635
v 0.441320 1.031048 -1.618635
v 1.006601 1.031048 -1.618635
v 1.171512 2.084189 -2.366139
v 1.092384 2.098142 -2.366139
v 1.031963 1.292757 -2.366139
v 0.952834 1.306710 -2.366138
v 1.092385 2.098142 -1.631135
v 1.171513 2.084189 -1.631136
v 0.952834 1.306710 -1.631135
v 1.031962 1.292757 -1.631135
v 1.006601 1.315308 -1.553643
v 0.441320 1.315308 -1.553643
v 1.006601 1.031048 -1.553643
v 0.441320 1.031048 -1.553643
v 0.441320 1.315307 -0.806138
v 1.006601 1.315307 -0.806138
v 0.441320 1.031048 -0.806138
v 1.006601 1.031048 -0.806138
v 1.171512 2.084189 -1.553642
v 1.092385 2.098142 -1.553642
v 1.031962 1.292757 -1.553642
v 0.952834 1.306710 -1.553642
v 1.092385 2.098142 -0.818638
v 1.171513 2.084189 -0.818637
v 0.952835 1.306710 -0.818638
v 1.031963 1.292757 -0.818638
v 1.006601 1.315307 -0.741145
v 0.441320 1.315307 -0.741145
v 1.006601 1.031048 -0.741145
v 0.441320 1.031048 -0.741145
v 0.441320 1.315307 0.006360
v 1.006601 1.315307 0.006359
v 0.441320 1.031048 0.006360
v 1.006601 1.031048 0.006359
v 1.171513 2.084189 -0.741145
v 1.092385 2.098142 -0.741145
v 1.031962 1.292757 -0.741146
v 0.952835 1.306710 -0.741145
v 1.092385 2.098142 -0.006141
v 1.171513 2.084189 -0.006141
v 0.952834 1.306709 -0.006141
v 1.031962 1.292757 -0.006140
v -1.068619 1.315307 0.006359
v -0.503338 1.315307 0.006359
v -1.068619 1.031048 0.006359
v -0.503338 1.031048 0.006359
v -0.503338 1.315307 -0.741145
v -1.068619 1.315307 -0.741145
v -0.503338 1.031048 -0.741145
v -1.068619 1.031048 -0.741145
v -1.233531 2.084189 -0.006141
v -1.154403 2.098142 -0.006141
v -1.093980 1.292757 -0.006141
v -1.014852 1.306709 -0.006141
v -1.154402 2.098142 -0.741145
v -1.233530 2.084189 -0.741145
v -1.014853 1.306710 -0.741145
v -1.093980 1.292757 -0.741145
v -1.068619 1.315307 -0.806138
v -0.503338 1.315307 -0.806138
v -1.068619 1.031048 -0.806138
v -0.503338 1.031048 -0.806138
v -0.503338 1.315308 -1.553643
v -1.068619 1.315308 -1.553643
v -0.503338 1.031048 -1.553643
v -1.068619 1.031048 -1.553643
v -1.233530 2.084189 -0.818637
v -1.154403 2.098142 -0.818638
v -1.093980 1.292757 -0.818638
v -1.014852 1.306710 -0.818637
v -1.154403 2.098142 -1.553642
v -1.233531 2.084189 -1.553643
v -1.014852 1.306710 -1.553642
v -1.093980 1.292757 -1.553642
v -1.068619 1.315308 -1.618635
v -0.503338 1.315308 -1.618635
v -1.068619 1.031048 -1.618635
v -0.503338 1.031048 -1.618635
v -0.503338 1.315308 -2.366139
v -1.068619 1.315308 -2.366139
v -0.503338 1.031048 -2.366139
v -1.068619 1.031048 -2.366139
v -1.233531 2.084189 -1.631134
v -1.154403 2.098142 -1.631136
v -1.093980 1.292757 -1.631135
v -1.014853 1.306710 -1.631136
v -1.154403 2.098142 -2.366139
v -1.233530 2.084189 -2.366139
v -1.014853 1.306710 -2.366139
v -1.093980 1.292757 -2.366139
v 1.292962 1.758642 5.943870
v 1.292962 1.758642 5.956369
v 1.176070 1.645760 5.943870
v 1.176069 1.645760 5.956369
v 1.405843 1.641749 5.956369
v 1.405843 1.641749 5.943870
v 1.288951 1.528867 5.956369
v 1.288951 1.528867 5.943870
v -1.467862 1.641749 5.943870
v -1.467862 1.641749 5.956371
v -1.350969 1.528867 5.943870
v -1.350970 1.528867 5.956371
v -1.354980 1.758642 5.956371
v -1.354980 1.758642 5.943870
v -1.238088 1.645760 5.956371
v -1.238088 1.645760 5.943870
v 0.967874 2.404705 -3.007106
v 0.967875 2.284425 -3.004306
v 0.967874 2.404269 -3.025851
v 0.967875 2.283988 -3.023052
v 1.180374 2.284425 -3.004306
v 1.180374 2.404705 -3.007106
v 1.180374 2.283988 -3.023052
v 1.180374 2.404269 -3.025851
v -1.242392 2.404705 -3.007106
v -1.242392 2.284425 -3.004307
v -1.242391 2.404269 -3.025850
v -1.242392 2.283988 -3.023052
v -1.029892 2.284425 -3.004306
v -1.029892 2.404705 -3.007106
v -1.029893 2.283988 -3.023052
v -1.029891 2.404269 -3.025851
v -0.817024 1.799373 4.848917
v -0.817024 1.801009 5.036409
v -0.817024 1.674377 4.850008
v -0.817024 1.676014 5.037500
v -0.401400 1.801009 5.036409
v -0.401400 1.799373 4.848917
v -0.401400 1.676014 5.037500
v -0.401401 1.674377 4.850008
v -0.754524 1.736330 4.786966
v -0.754524 1.737966 4.974458
v -0.754524 1.548837 4.788601
v -0.754524 1.550473 4.976094
v -0.463900 1.737966 4.974457
v -0.463900 1.736330 4.786964
v -0.463900 1.550473 4.976094
v -0.463900 1.548837 4.788601
v -0.942024 1.674377 4.850007
v -0.942024 1.674923 4.912505
v -0.942023 1.611880 4.850552
v -0.942023 1.612425 4.913051
v -0.276401 1.674923 4.912506
v -0.276401 1.674377 4.850008
v -0.276401 1.612425 4.913051
v -0.276401 1.611880 4.850554
v 0.663596 2.043580 5.535320
v 0.663596 2.108387 5.305535
v 0.663595 2.068845 5.542444
v 0.663595 2.133651 5.312662
v 0.742970 2.108387 5.305535
v 0.742971 2.043580 5.535320
v 0.742970 2.133651 5.312662
v 0.742970 2.068845 5.542446
v 0.226097 2.043580 5.535320
v 0.226097 2.108387 5.305535
v 0.226097 2.068845 5.542444
v 0.226097 2.133651 5.312660
v 0.305472 2.108387 5.305535
v 0.305473 2.043580 5.535320
v 0.305472 2.133651 5.312660
v 0.305472 2.068845 5.542444
v -0.367490 2.043580 5.535320
v -0.367490 2.108387 5.305535
v -0.367490 2.068845 5.542446
v -0.367490 2.133651 5.312660
v -0.288115 2.108387 5.305535
v -0.288115 2.043580 5.535320
v -0.288116 2.133651 5.312660
v -0.288116 2.068845 5.542444
v -0.804988 2.043580 5.535320
v -0.804989 2.108387 5.305535
v -0.804988 2.068845 5.542444
v -0.804989 2.133651 5.312660
v -0.725614 2.108387 5.305535
v -0.725614 2.043580 5.535320
v -0.725614 2.133651 5.312660
v -0.725614 2.068845 5.542444
v 0.817687 1.957528 5.941948
v 0.110911 1.957528 5.941948
v 0.817687 2.133656 5.383344
v 0.110911 2.133656 5.383344
v 0.110912 1.927724 5.932551
v 0.817687 1.927724 5.932551
v 0.110911 2.103852 5.373946
v 0.817688 2.103853 5.373946
v -0.879706 1.927724 5.932551
v -0.172930 1.927724 5.932551
v -0.879706 2.103853 5.373946
v -0.172929 2.103852 5.373947
v -0.172929 1.957528 5.941948
v -0.879706 1.957528 5.941948
v -0.172930 2.133656 5.383344
v -0.879706 2.133656 5.383344
v 0.307972 1.932577 0.986350
v 0.307972 1.854822 1.156967
v 0.307972 1.705087 0.882677
v 0.307972 1.627332 1.053294
v 0.723596 1.854822 1.156967
v 0.723596 1.932577 0.986350
v 0.723596 1.627332 1.053294
v 0.723595 1.705087 0.882677
v 0.370472 1.787878 0.851723
v 0.370472 1.710123 1.022339
v 0.370472 1.617260 0.773968
v 0.370472 1.539505 0.944585
v 0.661096 1.710123 1.022339
v 0.661096 1.787878 0.851723
v 0.661096 1.539505 0.944585
v 0.661096 1.617260 0.773968
v 0.182973 1.705087 0.882677
v 0.182973 1.679168 0.939549
v 0.182973 1.648214 0.856759
v 0.182973 1.622296 0.913631
v 0.848595 1.679168 0.939549
v 0.848595 1.705087 0.882677
v 0.848595 1.622296 0.913631
v 0.848595 1.648214 0.856758
v 1.383187 1.863149 5.937620
v 1.383187 1.863149 5.943870
v 1.320246 1.802366 5.937621
v 1.320245 1.802366 5.943870
v 1.443970 1.800207 5.943871
v 1.443970 1.800207 5.937621
v 1.381027 1.739424 5.943871
v 1.381028 1.739424 5.937621
v -1.505988 1.800207 5.937620
v -1.505988 1.800207 5.943871
v -1.443046 1.739424 5.937621
v -1.443046 1.739424 5.943870
v -1.445205 1.863149 5.943870
v -1.445205 1.863149 5.937620
v -1.382264 1.802366 5.943871
v -1.382263 1.802366 5.937621
v -0.804364 2.535425 -2.824400
v -0.804364 2.542161 -2.052554
v -0.804363 2.504176 -2.824126
v -0.804364 2.510912 -2.052281
v -0.257491 2.542161 -2.052554
v -0.257490 2.535425 -2.824400
v -0.257490 2.510912 -2.052281
v -0.257490 2.504176 -2.824126
v 0.195472 2.535425 -2.824400
v 0.195473 2.542161 -2.052554
v 0.195473 2.504176 -2.824126
v 0.195473 2.510912 -2.052281
v 0.742346 2.542161 -2.052554
v 0.742346 2.535425 -2.824399
v 0.742346 2.510912 -2.052281
v 0.742346 2.504176 -2.824126
v 0.792687 2.467581 3.900606
v 0.135912 2.467581 3.900607
v 0.792688 2.467581 4.298822
v 0.135911 2.467581 4.298822
v 0.135912 2.527018 3.900607
v 0.792687 2.527018 3.900606
v 0.135911 2.527018 4.298822
v 0.792688 2.527018 4.298822
v 0.673313 2.468206 3.782482
v 0.255286 2.468206 3.782482
v 0.673313 2.468206 4.400044
v 0.255286 2.468206 4.400045
v 0.255286 2.526393 3.782482
v 0.673313 2.526393 3.782482
v 0.255286 2.526393 4.400045
v 0.673313 2.526393 4.400044
v -0.326683 2.530706 3.894981
v -0.744710 2.530706 3.894982
v -0.326683 2.530706 4.512544
v -0.744710 2.530706 4.512544
v -0.744710 2.588894 3.894982
v -0.326683 2.588894 3.894981
v -0.744710 2.588894 4.512544
v -0.326683 2.588894 4.512544
v -0.207309 2.530081 4.013108
v -0.864085 2.530081 4.013108
v -0.207309 2.530081 4.411322
v -0.864085 2.530081 4.411322
v -0.864085 2.589519 4.013108
v -0.207309 2.589519 4.013108
v -0.864085 2.589519 4.411322
v -0.207309 2.589519 4.411322
v 0.362104 1.767233 4.792975
v 0.362104 1.888423 4.894666
v 0.362104 1.727059 4.840853
v 0.362104 1.848249 4.942544
v 0.514206 1.888423 4.894666
v 0.514206 1.767233 4.792975
v 0.514207 1.848249 4.942544
v 0.514207 1.727059 4.840853
v 0.498038 1.709481 4.721965
v 0.381488 1.708832 4.723142
v 0.498602 1.666047 4.753841
v 0.382051 1.665398 4.755020
v 0.382509 1.833260 4.892664
v 0.499060 1.833909 4.891486
v 0.383073 1.789826 4.924541
v 0.499624 1.790475 4.923362
v 0.231666 1.667708 4.685907
v 0.231666 1.708194 4.719878
v 0.231666 1.628414 4.732736
v 0.231666 1.668900 4.766708
v 0.637819 1.708194 4.719879
v 0.637819 1.667708 4.685907
v 0.637819 1.668900 4.766708
v 0.637819 1.628414 4.732736
v 0.428366 1.763495 4.822958
v 0.403112 1.844044 4.903507
v 0.438425 1.727590 4.862017
v 0.413171 1.808139 4.942566
v 0.642329 1.915222 4.907330
v 0.667583 1.834673 4.826781
v 0.652388 1.879317 4.946388
v 0.677642 1.798768 4.865839
v 0.213560 1.832736 4.825149
v 0.238787 1.913203 4.905614
v 0.202623 1.797185 4.864128
v 0.227852 1.877651 4.944596
v 0.466345 1.842498 4.904975
v 0.441117 1.762032 4.824508
v 0.455409 1.806946 4.943955
v 0.430181 1.726480 4.863489
v 0.185396 1.707091 4.718954
v 0.185395 1.991758 4.957817
v 0.185395 1.667797 4.765782
v 0.185395 1.952464 5.004646
v 0.231665 1.991758 4.957817
v 0.231666 1.707091 4.718953
v 0.231666 1.952464 5.004645
v 0.231665 1.667797 4.765782
v 0.231665 1.991758 4.957817
v 0.231666 2.031142 4.990864
v 0.231666 1.952464 5.004645
v 0.231666 1.991848 5.037693
v 0.637819 2.031142 4.990864
v 0.637819 1.991758 4.957817
v 0.637818 1.991848 5.037693
v 0.637819 1.952464 5.004646
v 0.637819 1.707091 4.718954
v 0.637819 1.991758 4.957817
v 0.637820 1.667797 4.765782
v 0.637819 1.952464 5.004646
v 0.684089 1.991758 4.957817
v 0.684090 1.707091 4.718955
v 0.684089 1.952464 5.004646
v 0.684090 1.667797 4.765782
v 1.279986 2.085257 4.322531
v 1.062902 2.081722 5.132691
v 1.229855 2.048296 4.308937
v 1.012771 2.044761 5.119097
v 1.351071 1.663137 5.208078
v 1.568156 1.666672 4.397921
v 1.300941 1.626176 5.194485
v 1.518024 1.629711 4.384326
v 1.489506 1.665552 4.688073
v 1.381126 1.663787 5.092549
v 1.440359 1.629316 4.674746
v 1.331979 1.627551 5.079223
v 1.566930 1.393897 5.141157
v 1.675309 1.395662 4.736681
v 1.517781 1.357661 5.127830
v 1.626161 1.359426 4.723354
v 1.416277 1.809505 4.563803
v 1.521899 1.542432 4.900435
v 1.368111 1.773993 4.550742
v 1.473734 1.506920 4.887374
v 1.674313 1.396019 4.736455
v 1.568690 1.663091 4.399822
v 1.626148 1.360507 4.723395
v 1.520525 1.627580 4.386763
v 1.356674 1.697598 5.087865
v 1.350317 1.662623 5.206399
v 1.308508 1.662087 5.074804
v 1.302151 1.627112 5.193337
v 1.565010 1.396113 5.139275
v 1.571367 1.431088 5.020741
v 1.516845 1.360602 5.126215
v 1.523202 1.395577 5.007680
v 1.164686 2.355684 4.009534
v 1.099143 2.394397 4.145987
v 1.115539 2.319448 3.996207
v 1.049994 2.358161 4.132659
v 1.504442 1.700679 4.537488
v 1.569986 1.661965 4.401036
v 1.455294 1.664443 4.524161
v 1.520837 1.625729 4.387709
v 1.094039 2.458368 3.993810
v 0.918326 2.439978 4.691795
v 1.043908 2.421407 3.980216
v 0.868194 2.403017 4.678202
v 0.989972 2.337163 4.707123
v 1.165685 2.355553 4.009138
v 0.939841 2.300203 4.693530
v 1.115554 2.318593 3.995544
v 0.918341 2.439123 4.691132
v 1.074152 2.034522 5.216603
v 0.869193 2.402887 4.677804
v 1.025005 1.998286 5.203276
v 1.145883 1.964798 5.141648
v 0.990072 2.369399 4.616177
v 1.096736 1.928562 5.128322
v 0.940924 2.333163 4.602849
v 1.094719 2.052502 5.088943
v 1.074049 2.033388 5.217136
v 1.045571 2.016266 5.075616
v 1.024901 1.997152 5.203809
v 1.350317 1.662623 5.206399
v 1.370987 1.681738 5.078205
v 1.301169 1.626387 5.193071
v 1.321839 1.645501 5.064877
v 0.892385 2.425053 4.603445
v 1.973757 2.422116 5.123653
v 0.892063 2.393808 4.603939
v 1.973435 2.390872 5.124148
v 1.990009 2.421415 5.089868
v 0.908638 2.424351 4.569657
v 1.989687 2.390170 5.090360
v 0.908315 2.393107 4.570150
v 1.945274 2.390948 5.110601
v 1.973435 2.390872 5.124148
v 1.937861 1.672326 5.121952
v 1.966022 1.672249 5.135499
v 1.989687 2.390170 5.090360
v 1.961526 2.390247 5.076815
v 1.982274 1.671548 5.101712
v 1.954114 1.671625 5.088166
v 1.312083 1.723057 5.154759
v 1.967966 1.715965 5.134078
v 1.311631 1.679315 5.155450
v 1.967515 1.672223 5.134770
v 1.966778 1.715385 5.096603
v 1.310894 1.722477 5.117283
v 1.966327 1.671643 5.097294
v 1.310443 1.678735 5.117974
v 1.848979 2.378509 5.051707
v 2.098963 2.375909 5.050372
v 1.843887 1.884847 5.059506
v 2.093870 1.882247 5.058171
v 2.098789 2.375417 5.019127
v 1.848808 2.378017 5.020462
v 2.093697 1.881755 5.026926
v 1.843715 1.884355 5.028260
v 1.310847 1.803547 4.429700
v 1.209201 1.886801 4.554554
v 1.406870 1.878426 4.457946
v 1.305223 1.961679 4.582799
v 1.197619 1.911396 4.528725
v 1.299265 1.828143 4.403871
v 1.293642 1.986275 4.556969
v 1.395288 1.903021 4.432116
v 1.346970 1.795537 4.383449
v 1.329049 1.786397 4.468605
v 1.442993 1.870416 4.411694
v 1.425071 1.861276 4.496849
v 1.275972 1.855862 4.464891
v 1.293894 1.865002 4.379735
v 1.371996 1.930741 4.493136
v 1.389917 1.939880 4.407979
v 1.131724 2.350679 4.130046
v 0.925809 2.329129 4.947997
v 1.121894 2.343432 4.127379
v 0.915980 2.321882 4.945332
v 1.138621 2.023739 4.993525
v 1.344535 2.045289 4.175574
v 1.128791 2.016491 4.990860
v 1.334705 2.038042 4.172909
v -1.630174 1.666672 4.397921
v -1.413090 1.663137 5.208078
v -1.580042 1.629711 4.384326
v -1.362959 1.626176 5.194485
v -1.124920 2.081722 5.132691
v -1.342004 2.085257 4.322531
v -1.074789 2.044761 5.119096
v -1.291873 2.048296 4.308937
v -1.433990 1.682648 5.072099
v -1.412336 1.662623 5.206398
v -1.384841 1.646412 5.058772
v -1.363187 1.626387 5.193071
v -1.136068 2.033388 5.217136
v -1.157721 2.053412 5.082838
v -1.086919 1.997152 5.203808
v -1.108573 2.017177 5.069510
v -1.406553 2.045289 4.175573
v -1.200639 2.023739 4.993526
v -1.396724 2.038042 4.172909
v -1.190809 2.016491 4.990860
v -0.987827 2.329129 4.947998
v -1.193742 2.350679 4.130047
v -0.977997 2.321882 4.945332
v -1.183912 2.343432 4.127380
v -1.052091 2.369399 4.616177
v -1.207902 1.964798 5.141648
v -1.002942 2.333163 4.602851
v -1.158754 1.928562 5.128321
v -1.136171 2.034522 5.216603
v -0.980360 2.439123 4.691132
v -1.087022 1.998286 5.203276
v -0.931211 2.402887 4.677804
v -1.227704 2.355553 4.009138
v -1.051990 2.337163 4.707123
v -1.177572 2.318593 3.995544
v -1.001859 2.300203 4.693529
v -0.980344 2.439978 4.691795
v -1.156057 2.458368 3.993809
v -0.930213 2.403017 4.678202
v -1.105926 2.421407 3.980216
v -1.632004 1.661965 4.401036
v -1.566460 1.700679 4.537488
v -1.582856 1.625729 4.387709
v -1.517311 1.664443 4.524161
v -1.161161 2.394397 4.145987
v -1.226705 2.355684 4.009535
v -1.112012 2.358161 4.132659
v -1.177557 2.319448 3.996207
v -1.630708 1.663091 4.399823
v -1.736331 1.396019 4.736455
v -1.582543 1.627580 4.386762
v -1.688165 1.360507 4.723395
v -1.583917 1.542432 4.900435
v -1.478295 1.809505 4.563803
v -1.535752 1.506920 4.887373
v -1.430130 1.773993 4.550742
v -1.737328 1.395662 4.736681
v -1.628947 1.393897 5.141157
v -1.688179 1.359426 4.723352
v -1.579799 1.357661 5.127830
v -1.443145 1.663787 5.092549
v -1.551524 1.665552 4.688073
v -1.393996 1.627551 5.079223
v -1.502376 1.629316 4.674746
v -1.633385 1.431088 5.020741
v -1.627028 1.396113 5.139275
v -1.585220 1.395577 5.007681
v -1.578863 1.360602 5.126215
v -1.412336 1.662623 5.206398
v -1.418691 1.697598 5.087865
v -1.364170 1.627112 5.193338
v -1.370526 1.662087 5.074804
v -1.380488 1.843118 4.409520
v -1.278842 1.926372 4.534373
v -1.486112 1.925485 4.440589
v -1.384466 2.008739 4.565442
v -1.290424 1.901776 4.560203
v -1.392069 1.818523 4.435350
v -1.396048 1.984143 4.591272
v -1.497694 1.900889 4.466418
v -1.370316 1.876234 4.383972
v -1.352394 1.867094 4.469126
v -1.442332 1.932393 4.405155
v -1.424411 1.923253 4.490311
v -1.405470 1.797629 4.472841
v -1.423392 1.806769 4.387686
v -1.477487 1.853788 4.494024
v -1.495409 1.862928 4.408869
v -0.003974 2.492257 -2.908637
v -0.004047 1.038126 -2.652233
v -0.003974 2.482218 -2.965572
v -0.004047 1.028087 -2.709167
v 0.961575 1.038078 -2.652235
v 0.961648 2.492208 -2.908639
v 0.961574 1.028039 -2.709171
v 0.961648 2.482169 -2.965573
v 0.867887 2.269820 -2.901158
v 0.867882 2.159029 -2.881620
v 0.867886 2.262495 -2.942703
v 0.867881 2.151704 -2.923168
v 1.049131 2.159020 -2.881621
v 1.049137 2.269811 -2.901158
v 1.049131 2.151695 -2.923169
v 1.049136 2.262486 -2.942704
v 0.867839 1.315788 -2.732934
v 0.867833 1.204997 -2.713399
v 0.867839 1.308462 -2.774480
v 0.867833 1.197671 -2.754945
v 1.049083 1.204988 -2.713398
v 1.049088 1.315779 -2.732935
v 1.049083 1.197662 -2.754945
v 1.049088 1.308453 -2.774482
v 0.099115 1.775185 -2.755225
v 0.099111 1.689014 -2.740031
v 0.099114 1.757820 -2.853706
v 0.099110 1.671649 -2.838512
v 0.186611 1.689009 -2.740031
v 0.186614 1.775180 -2.755225
v 0.186610 1.671645 -2.838512
v 0.186614 1.757815 -2.853705
v 0.124386 1.727058 -2.725967
v 0.255260 1.586361 -2.701159
v 0.126033 1.700329 -2.886247
v 0.256907 1.559632 -2.861437
v 0.282908 1.611394 -2.705049
v 0.152034 1.752091 -2.729857
v 0.284556 1.584665 -2.865329
v 0.153683 1.725362 -2.890137
v -1.023666 2.492208 -2.908638
v -1.023593 1.038078 -2.652235
v -1.023665 2.482169 -2.965573
v -1.023592 1.028039 -2.709171
v -0.057971 1.038126 -2.652233
v -0.058044 2.492257 -2.908636
v -0.057970 1.028087 -2.709167
v -0.058044 2.482218 -2.965570
v -1.111154 2.269811 -2.901158
v -1.111149 2.159020 -2.881621
v -1.111154 2.262486 -2.942705
v -1.111148 2.151695 -2.923169
v -0.929899 2.159029 -2.881621
v -0.929905 2.269820 -2.901156
v -0.929899 2.151704 -2.923169
v -0.929905 2.262495 -2.942705
v -1.111106 1.315779 -2.732935
v -1.111101 1.204988 -2.713399
v -1.111106 1.308453 -2.774483
v -1.111101 1.197662 -2.754945
v -0.929851 1.204997 -2.713399
v -0.929857 1.315788 -2.732932
v -0.929851 1.197671 -2.754945
v -0.929856 1.308462 -2.774482
v -0.214053 1.752091 -2.729859
v -0.344926 1.611394 -2.705049
v -0.215701 1.725362 -2.890137
v -0.346573 1.584665 -2.865327
v -0.317277 1.586361 -2.701159
v -0.186404 1.727058 -2.725967
v -0.318925 1.559632 -2.861437
v -0.188051 1.700329 -2.886245
v -0.248633 1.775180 -2.755225
v -0.248628 1.689009 -2.740031
v -0.248631 1.757815 -2.853706
v -0.248627 1.671645 -2.838513
v -0.161128 1.689014 -2.740031
v -0.161132 1.775185 -2.755225
v -0.161127 1.671649 -2.838512
v -0.161131 1.757820 -2.853706
vn -0.0000 0.0087 1.0000
vn -1.0000 -0.0000 -0.0000
vn -0.0000 -0.0087 -1.0000
vn 1.0000 -0.0000 -0.0000
vn -0.0000 1.0000 -0.0087
vn -0.0000 -1.0000 0.0087
vn -0.0000 -0.0044 1.0000
vn -0.0000 0.0044 -1.0000
vn -0.0000 1.0000 0.0044
vn -0.0000 -1.0000 -0.0044
vn -0.2588 -0.0042 0.9659
vn -0.9659 0.0011 -0.2588
vn 0.2588 0.0042 -0.9659
vn 0.9659 -0.0011 0.2588
vn -0.5592 0.8290 -0.0072
vn 0.5592 -0.8290 0.0072
vn 0.8290 0.5592 -0.0049
vn -0.8290 -0.5592 0.0049
vn -0.0730 0.1169 0.9905
vn -0.5544 0.8208 -0.1377
vn 0.0730 -0.1169 -0.9905
vn 0.5544 -0.8208 0.1377
vn -0.1774 0.2713 0.9460
vn -0.5303 0.7834 -0.3242
vn 0.1774 -0.2713 -0.9460
vn 0.5303 -0.7834 0.3242
vn -0.3298 0.1022 0.9385
vn -0.5223 0.8083 -0.2716
vn 0.3298 -0.1022 -0.9385
vn 0.5223 -0.8083 0.2716
vn 0.7864 0.5798 0.2132
vn -0.7864 -0.5798 -0.2132
vn -0.0000 -0.3746 0.9272
vn -0.0000 0.9272 0.3746
vn -0.0000 0.3746 -0.9272
vn -0.0000 -0.9272 -0.3746
vn -0.0000 0.4305 0.9026
vn -0.0000 0.9026 -0.4305
vn -0.0000 -0.4305 -0.9026
vn -0.0000 -0.9026 0.4305
vn -0.0000 -0.5664 0.8241
vn -0.0000 0.8241 0.5664
vn -0.0000 0.5664 -0.8241
vn -0.0000 -0.8241 -0.5664
vn -0.0000 0.5807 0.8141
vn -0.0000 0.8141 -0.5807
vn -0.0000 -0.5807 -0.8141
vn -0.0000 -0.8141 0.5807
vn 0.0005 0.0058 1.0000
vn -1.0000 0.0001 0.0005
vn -0.0005 -0.0058 -1.0000
vn 1.0000 -0.0001 -0.0005
vn -0.0000 1.0000 -0.0058
vn -0.0000 -1.0000 0.0058
vn 0.0005 -0.2952 0.9554
vn -1.0000 -0.0000 0.0005
vn -0.0005 0.2952 -0.9554
vn 0.0002 0.9554 0.2952
vn -0.0002 -0.9554 -0.2952
vn -0.0000 -0.5843 0.8116
vn -0.0000 0.5843 -0.8116
vn -0.0000 0.8116 0.5843
vn -0.0000 -0.8116 -0.5843
vn 0.2079 -0.5715 0.7938
vn -0.9781 -0.1215 0.1687
vn -0.2079 0.5715 -0.7938
vn 0.9781 0.1215 -0.1687
vn -0.0000 -0.1780 0.9840
vn -0.0000 0.1779 -0.9840
vn -0.0000 0.9840 0.1779
vn -0.0000 -0.9840 -0.1779
vn -0.1305 -0.1764 0.9756
vn -0.9914 0.0232 -0.1284
vn 0.1305 0.1764 -0.9756
vn 0.9914 -0.0232 0.1284
vn 0.0010 -0.7403 -0.6723
vn -1.0000 0.0004 -0.0019
vn -0.0010 0.7403 0.6723
vn 1.0000 -0.0004 0.0019
vn -0.0017 -0.6723 0.7403
vn 0.0017 0.6723 -0.7403
vn 0.5956 -0.5953 -0.5393
vn -0.8033 -0.4400 -0.4014
vn -0.5956 0.5953 0.5393
vn 0.8033 0.4400 0.4014
vn -0.5956 -0.5954 -0.5393
vn -0.8033 0.4400 0.4014
vn 0.5956 0.5953 0.5393
vn 0.8033 -0.4400 -0.4014
vn 0.0017 -0.6723 0.7403
vn -0.0017 0.6723 -0.7403
vn 0.0018 -0.1781 -0.9840
vn -0.0018 0.1781 0.9840
vn 1.0000 -0.0005 0.0019
vn -0.0008 -0.9840 0.1781
vn 0.0008 0.9840 -0.1781
vn -0.0000 -0.7284 -0.6851
vn -0.0000 0.7284 0.6851
vn -0.0000 -0.6851 0.7284
vn -0.0000 0.6851 -0.7284
vn -0.0000 0.7285 0.6851
vn 0.3827 -0.6730 -0.6330
vn -0.9239 -0.2788 -0.2622
vn -0.3827 0.6730 0.6330
vn 0.9239 0.2788 0.2622
vn 0.9239 -0.2788 -0.2622
vn -0.3827 -0.6730 -0.6330
vn -0.9239 0.2788 0.2622
vn 0.3827 0.6730 0.6330
vn -0.6428 0.7660 -0.0067
vn 0.6428 -0.7660 0.0067
vn 0.7660 0.6428 -0.0056
vn -0.7660 -0.6428 0.0056
vn -0.0000 -0.0000 1.0000
vn -0.0000 -0.0000 -1.0000
vn -0.0000 1.0000 -0.0000
vn -0.0000 -1.0000 -0.0000
vn -0.7071 0.7071 -0.0000
vn 0.7071 -0.7071 -0.0000
vn 0.7071 0.7071 -0.0000
vn -0.7071 -0.7071 -0.0000
vn -0.0000 0.5700 0.8216
vn -0.0000 -0.5700 -0.8216
vn -0.0000 0.8216 -0.5700
vn -0.0000 -0.8216 0.5700
vn -0.9990 -0.0436 -0.0000
vn 0.9990 0.0436 -0.0000
vn -0.0436 0.9990 -0.0000
vn 0.0436 -0.9990 -0.0000
vn 1.0000 -0.0000 -0.0005
vn 0.0003 -0.7333 0.6799
vn -0.0003 0.7333 -0.6799
vn 0.0004 0.6799 0.7333
vn -0.0004 -0.6799 -0.7333
vn -0.5000 0.0076 0.8660
vn -0.8660 -0.0044 -0.5000
vn 0.5000 -0.0076 -0.8660
vn 0.8660 0.0044 0.5000
vn -0.0072 0.0049 1.0000
vn -0.7071 0.7071 -0.0086
vn 0.0072 -0.0049 -1.0000
vn 0.7071 -0.7071 0.0086
vn 0.7071 0.7071 0.0017
vn -0.7071 -0.7071 -0.0017
vn -0.9537 0.3007 -0.0000
vn 0.9537 -0.3007 -0.0000
vn 0.3007 0.9537 -0.0000
vn -0.3007 -0.9537 -0.0000
vn -0.0001 -0.9868 0.1622
vn -1.0000 0.0001 -0.0000
vn 0.0001 0.9868 -0.1622
vn 1.0000 -0.0001 -0.0000
vn -0.0000 0.1622 0.9868
vn -0.0000 -0.1622 -0.9868
vn -0.0000 -0.9760 0.2179
vn -0.0000 0.9760 -0.2179
vn -0.0000 0.2179 0.9760
vn -0.0000 -0.2179 -0.9760
vn -0.0000 -0.9997 0.0233
vn -0.0000 0.9997 -0.0233
vn -0.0000 0.0233 0.9997
vn -0.0000 -0.0233 -0.9997
vn 0.3827 -0.0000 0.9239
vn -0.9239 -0.0000 0.3827
vn -0.3827 -0.0000 -0.9239
vn 0.9239 -0.0000 -0.3827
vn -0.3827 -0.0000 0.9239
vn -0.9239 -0.0000 -0.3827
vn 0.3827 -0.0000 -0.9239
vn 0.9239 -0.0000 0.3827
vn -0.0000 -0.5842 0.8116
vn -0.0000 0.5842 -0.8116
vn -0.0000 0.8116 0.5842
vn -0.0000 -0.8116 -0.5842
vn 0.1305 -0.1764 0.9756
vn -0.9914 -0.0232 0.1284
vn -0.1305 0.1764 -0.9756
vn 0.9914 0.0232 -0.1284
vn -0.9011 -0.0024 0.4335
vn -0.4334 -0.0187 -0.9010
vn 0.9012 0.0024 -0.4335
vn 0.4334 0.0187 0.9010
vn -0.0103 0.9998 -0.0158
vn 0.0103 -0.9998 0.0158
vn -0.9868 -0.0127 -0.1617
vn 0.1619 -0.0139 -0.9867
vn 0.9868 0.0127 0.1617
vn -0.1619 0.0139 0.9867
vn -0.7891 0.5986 -0.1379
vn 0.7891 -0.5985 0.1379
vn 0.5925 0.8010 0.0859
vn -0.5925 -0.8010 -0.0859
vn 0.0069 0.0054 1.0000
vn 0.7880 0.6156 -0.0087
vn -0.0069 -0.0054 -1.0000
vn -0.7880 -0.6156 0.0087
vn 0.6157 -0.7880 -0.0000
vn -0.6157 0.7880 -0.0000
vn -0.7071 -0.0000 0.7071
vn 0.7071 -0.0000 -0.7071
vn -0.7071 -0.0000 -0.7071
vn 0.7071 -0.0000 0.7071
vn -0.5609 0.8148 -0.1467
vn 0.5609 -0.8148 0.1467
vn -0.3290 -0.8741 0.3574
vn -0.9300 0.2341 -0.2835
vn 0.3290 0.8741 -0.3574
vn 0.9300 -0.2341 0.2835
vn -0.1641 0.4256 0.8899
vn 0.1641 -0.4256 -0.8899
vn -0.1313 -0.1805 0.9748
vn -0.6036 0.7945 0.0658
vn 0.1313 0.1804 -0.9748
vn 0.6036 -0.7945 -0.0658
vn -0.2830 0.0313 0.9586
vn -0.5491 0.8142 -0.1887
vn 0.2830 -0.0313 -0.9586
vn 0.5491 -0.8142 0.1887
vn -0.5815 0.5782 0.5724
vn -0.2085 0.5741 -0.7918
vn 0.5815 -0.5782 -0.5724
vn 0.2085 -0.5741 0.7918
vn 0.2136 -0.5791 0.7868
vn -0.5796 0.5731 0.5792
vn -0.2136 0.5791 -0.7868
vn 0.5797 -0.5731 -0.5792
vn -0.1679 -0.1316 0.9770
vn -0.5945 0.8041 0.0062
vn 0.1679 0.1316 -0.9770
vn 0.5945 -0.8041 -0.0062
vn -0.2835 -0.0000 0.9590
vn -0.8691 0.4226 -0.2569
vn 0.2834 -0.0000 -0.9590
vn 0.8691 -0.4226 0.2569
vn 0.4053 0.9063 0.1198
vn -0.4053 -0.9063 -0.1198
vn -0.8090 0.5878 -0.0000
vn 0.8090 -0.5878 -0.0000
vn 0.5878 0.8090 -0.0000
vn -0.5878 -0.8090 -0.0000
vn -0.9703 -0.2419 -0.0000
vn 0.9703 0.2419 -0.0000
vn -0.2419 0.9703 -0.0000
vn 0.2419 -0.9703 -0.0000
vn 0.0174 0.9998 -0.0000
vn -0.0175 -0.9998 -0.0000
vn 0.9998 -0.0175 -0.0000
vn -0.9998 0.0175 -0.0000
vn 0.6884 0.7254 -0.0000
vn -0.6884 -0.7254 -0.0000
vn 0.7254 -0.6884 -0.0000
vn -0.7254 0.6884 -0.0000
vn 0.9976 0.0698 -0.0000
vn -0.9976 -0.0698 -0.0000
vn 0.0698 -0.9976 -0.0000
vn -0.0698 0.9976 -0.0000
vn -0.6947 0.7193 -0.0000
vn 0.6947 -0.7193 -0.0000
vn 0.7193 0.6947 -0.0000
vn -0.7193 -0.6947 -0.0000
vn -0.4155 0.2410 0.8771
vn -0.4571 0.7783 -0.4304
vn 0.4155 -0.2410 -0.8771
vn 0.4571 -0.7783 0.4304
vn 0.0043 -0.5663 0.8242
vn -0.0000 0.8242 0.5663
vn -0.0043 0.5663 -0.8242
vn -0.0000 -0.8242 -0.5663
vn 1.0000 0.0024 -0.0036
vn -1.0000 -0.0024 0.0036
vn -0.3289 -0.8741 0.3574
vn -0.9300 0.2341 -0.2834
vn 0.3289 0.8741 -0.3574
vn -0.0406 0.9982 -0.0446
vn 0.0406 -0.9982 0.0446
vn 0.9582 0.0515 0.2813
vn -0.9582 -0.0515 -0.2813
vn -0.4195 0.2478 0.8733
vn -0.4535 0.7762 -0.4380
vn 0.4195 -0.2478 -0.8733
vn 0.4535 -0.7762 0.4381
vn -0.0011 0.0087 1.0000
vn 0.0011 -0.0087 -1.0000
vn 1.0000 -0.0000 0.0011
vn -1.0000 -0.0000 -0.0011
vn 0.1881 -0.5536 0.8113
vn -0.5884 0.5979 0.5444
vn -0.1881 0.5535 -0.8113
vn 0.5884 -0.5979 -0.5444
vn -0.0011 0.2249 0.9744
vn -0.0000 0.9744 -0.2249
vn 0.0011 -0.2249 -0.9744
vn -0.0000 -0.9744 0.2249
vn 1.0000 0.0002 0.0011
vn -1.0000 -0.0002 -0.0011
vn -0.0000 0.4617 0.8870
vn -0.0000 -0.4617 -0.8870
vn -0.0000 0.8870 -0.4617
vn -0.0000 -0.8870 0.4617
vn -0.0000 0.7071 0.7071
vn -0.0000 -0.7071 -0.7071
vn -0.0000 0.7071 -0.7071
vn -0.0000 -0.7071 0.7071
vn -0.0015 0.0092 1.0000
vn -1.0000 -0.0000 -0.0015
vn 0.0015 -0.0092 -1.0000
vn 1.0000 -0.0000 0.0015
vn -0.0000 1.0000 -0.0092
vn -0.0000 -1.0000 0.0092
vn 0.1679 -0.1316 0.9770
vn -0.5945 -0.8041 -0.0062
vn -0.1679 0.1316 -0.9770
vn 0.5945 0.8041 0.0062
vn -0.7864 0.5798 0.2132
vn 0.7864 -0.5798 -0.2132
vn 0.2588 -0.0042 0.9659
vn -0.5609 -0.8148 0.1467
vn -0.2588 0.0042 -0.9659
vn 0.5609 0.8148 -0.1467
vn 0.4155 0.2410 0.8771
vn -0.4571 -0.7783 0.4304
vn -0.4155 -0.2410 -0.8771
vn 0.4571 0.7783 -0.4304
vn 0.4195 0.2478 0.8733
vn -0.4535 -0.7762 0.4380
vn -0.4195 -0.2478 -0.8733
vn 0.4535 0.7762 -0.4380
vn -0.2136 -0.5791 0.7868
vn -0.5796 -0.5731 -0.5792
vn 0.2136 0.5791 -0.7868
vn 0.5796 0.5731 0.5792
vn -0.0043 -0.5663 0.8242
vn 0.0043 0.5663 -0.8242
vn -1.0000 0.0024 -0.0036
vn 1.0000 -0.0024 0.0036
vn 0.0011 0.0087 1.0000
vn -0.0011 -0.0087 -1.0000
vn -1.0000 -0.0000 0.0011
vn 1.0000 -0.0000 -0.0011
vn 0.3289 -0.8741 0.3574
vn -0.9300 -0.2341 0.2835
vn -0.3290 0.8741 -0.3574
vn 0.9300 0.2341 -0.2835
vn 0.1641 0.4256 0.8899
vn -0.1641 -0.4256 -0.8899
vn -0.1881 -0.5536 0.8113
vn -0.5884 -0.5979 -0.5444
vn 0.1881 0.5535 -0.8113
vn 0.5884 0.5979 0.5444
vn -0.5956 -0.5953 -0.5393
vn 0.0175 -0.9998 -0.0000
vn -0.0175 0.9998 -0.0000
vn -0.9998 -0.0175 -0.0000
vn 0.9998 0.0175 -0.0000
vn -0.6947 -0.7193 -0.0000
vn 0.6947 0.7193 -0.0000
vn -0.7193 0.6947 -0.0000
vn 0.7193 -0.6947 -0.0000
vn 0.6884 -0.7254 -0.0000
vn -0.6884 0.7254 -0.0000
vn -0.7254 -0.6884 -0.0000
vn 0.7254 0.6884 -0.0000
vn 0.9976 -0.0698 -0.0000
vn -0.9976 0.0697 -0.0000
vn -0.0698 -0.9976 -0.0000
vn 0.0698 0.9976 -0.0000
vn -0.8090 -0.5878 -0.0000
vn 0.8090 0.5878 -0.0000
vn -0.5878 0.8090 -0.0000
vn 0.5878 -0.8090 -0.0000
vn 0.1313 -0.1805 0.9748
vn -0.6036 -0.7945 -0.0658
vn -0.1313 0.1805 -0.9748
vn 0.6036 0.7945 0.0658
vn -0.9703 0.2419 -0.0000
vn 0.9703 -0.2419 -0.0000
vn 0.2419 0.9703 -0.0000
vn -0.2419 -0.9703 -0.0000
vn 0.5815 0.5782 0.5724
vn -0.2085 -0.5741 0.7918
vn -0.5815 -0.5782 -0.5724
vn 0.2085 0.5741 -0.7918
vn -0.2079 -0.5715 0.7938
vn -0.9781 0.1215 -0.1687
vn 0.2079 0.5715 -0.7938
vn 0.9781 -0.1215 0.1687
vn -0.9659 -0.0011 0.2588
vn 0.9659 0.0011 -0.2588
vn -0.5592 -0.8290 0.0072
vn 0.5592 0.8290 -0.0072
vn -0.8290 0.5592 -0.0049
vn 0.8290 -0.5592 0.0049
vn -0.9537 -0.3007 -0.0000
vn 0.9537 0.3007 -0.0000
vn -0.3007 0.9537 -0.0000
vn 0.3007 -0.9537 -0.0000
vn 0.0072 0.0049 1.0000
vn -0.7071 -0.7071 0.0086
vn -0.0072 -0.0049 -1.0000
vn 0.7071 0.7071 -0.0086
vn -0.7071 0.7071 0.0017
vn 0.7071 -0.7071 -0.0017
vn 0.2835 -0.0000 0.9590
vn -0.8691 -0.4226 0.2569
vn -0.2834 -0.0000 -0.9590
vn 0.8691 0.4226 -0.2569
vn -0.4053 0.9063 0.1198
vn 0.4053 -0.9063 -0.1198
vn 0.2830 0.0313 0.9586
vn -0.5491 -0.8142 0.1887
vn -0.2830 -0.0313 -0.9586
vn 0.5491 0.8142 -0.1887
vn -0.0406 -0.9982 0.0446
vn 0.0406 0.9982 -0.0446
vn -0.9582 0.0515 0.2813
vn 0.9582 -0.0515 -0.2813
vn 0.3298 0.1022 0.9385
vn -0.5223 -0.8083 0.2716
vn -0.3298 -0.1022 -0.9385
vn 0.5223 0.8083 -0.2716
vn 0.1774 0.2713 0.9460
vn -0.5303 -0.7834 0.3242
vn -0.1774 -0.2713 -0.9460
vn 0.5303 0.7834 -0.3242
vn -0.9300 -0.2341 0.2834
vn -0.3289 0.8741 -0.3574
vn -0.0069 0.0054 1.0000
vn 0.7880 -0.6156 0.0087
vn 0.0069 -0.0054 -1.0000
vn -0.7880 0.6156 -0.0087
vn -0.6157 -0.7880 -0.0000
vn 0.6157 0.7880 -0.0000
vn 0.0730 0.1169 0.9905
vn -0.5544 -0.8208 0.1377
vn -0.0730 -0.1168 -0.9905
vn 0.5544 0.8208 -0.1377
vn 0.0011 0.2249 0.9744
vn -0.0011 -0.2249 -0.9744
vn -1.0000 0.0002 0.0011
vn 1.0000 -0.0002 -0.0011
vn -0.9999 -0.0104 -0.0053
vn 0.0055 -0.0157 -0.9999
vn 0.9999 0.0104 0.0053
vn -0.0055 0.0157 0.9999
vn 0.0015 0.0092 1.0000
vn -1.0000 -0.0000 0.0015
vn -0.0015 -0.0092 -1.0000
vn 1.0000 -0.0000 -0.0015
vn -0.0000 0.8870 -0.4618
vn -0.0000 0.5736 0.8192
vn -0.0000 -0.5736 -0.8192
vn -0.0000 0.8192 -0.5736
vn -0.0000 -0.8192 0.5736
vn -0.0000 0.8191 -0.5736
vn -0.0000 -0.8829 0.4695
vn -0.0000 0.8829 -0.4695
vn -0.0000 0.4695 0.8829
vn -0.0000 -0.4695 -0.8830
vn -0.9848 -0.1736 -0.0000
vn 0.9848 0.1736 -0.0000
vn -0.1736 0.9848 -0.0000
vn 0.1736 -0.9848 -0.0000
vn -0.5736 0.8192 -0.0000
vn 0.5736 -0.8192 -0.0000
vn 0.8192 0.5736 -0.0000
vn -0.8192 -0.5736 -0.0000
vn -0.9990 0.0436 -0.0000
vn 0.9990 -0.0436 -0.0000
vn 0.0436 0.9990 -0.0000
vn -0.0436 -0.9990 -0.0000
vn -0.8192 0.5736 -0.0050
vn 0.8192 -0.5736 0.0050
vn 0.5736 0.8191 -0.0071
vn -0.5736 -0.8191 0.0071
vn -0.2831 0.0313 0.9586
vn 0.1678 0.9857 0.0173
vn 0.2831 -0.0313 -0.9586
vn -0.1678 -0.9857 -0.0173
vn 0.9443 -0.1657 0.2842
vn -0.9443 0.1657 -0.2842
vn 0.1999 -0.2513 -0.9470
vn -0.9794 -0.0802 -0.1854
vn -0.1999 0.2514 0.9470
vn 0.9794 0.0802 0.1854
vn 0.0294 -0.9646 0.2622
vn -0.0294 0.9646 -0.2622
vn -0.1999 -0.2514 -0.9470
vn -0.9794 0.0802 0.1854
vn 0.1999 0.2514 0.9470
vn 0.9794 -0.0802 -0.1854
vn -0.0294 -0.9646 0.2622
vn 0.0294 0.9646 -0.2622
vn 0.1678 -0.9857 -0.0173
vn -0.1678 0.9857 0.0173
vn -0.9443 -0.1657 0.2842
vn 0.9443 0.1657 -0.2842
vn -0.9848 0.1736 -0.0000
vn 0.9848 -0.1736 -0.0000
vn 0.1736 0.9848 -0.0000
vn -0.1736 -0.9848 -0.0000
vn -0.1737 0.9848 -0.0000
vn -0.0000 0.2715 -0.9624
vn -0.0000 -0.2714 0.9625
vn -0.0000 -0.9625 -0.2714
vn -0.0000 0.9625 0.2714
vn -0.0000 0.2714 -0.9625
vn -0.0000 0.9537 0.3007
vn -0.0000 -0.9537 -0.3007
vn -0.0000 -0.3007 0.9537
vn -0.0000 0.3007 -0.9537
vn -0.0000 -0.4147 0.9100
vn -0.0000 0.4147 -0.9100
vn -0.0000 0.9100 0.4147
vn -0.0000 -0.9100 -0.4147
vn 0.6947 0.7193 0.0001
vn -0.7193 0.6947 -0.0001
vn -0.0000 0.7660 0.6428
vn -0.0000 -0.7660 -0.6428
vn -0.0000 0.6428 -0.7660
vn -0.0000 -0.6428 0.7660
vn -0.9999 -0.0056 0.0101
vn -0.0049 -0.5917 -0.8061
vn 0.9999 0.0056 -0.0101
vn 0.0049 0.5917 0.8061
vn -0.0105 0.8061 -0.5916
vn 0.0105 -0.8061 0.5916
vn -0.0000 0.6428 -0.7661
vn -0.2164 0.6903 0.6903
vn -0.9584 -0.2852 -0.0153
vn 0.2164 -0.6903 -0.6903
vn 0.9584 0.2851 0.0153
vn -0.1863 0.6649 -0.7233
vn 0.1863 -0.6649 0.7233
vn 0.2164 0.6904 0.6903
vn -0.9550 0.2967 0.0027
vn -0.2164 -0.6903 -0.6903
vn 0.9550 -0.2967 -0.0027
vn 0.2030 0.6598 -0.7235
vn -0.2030 -0.6598 0.7235
vn 0.2387 -0.6035 0.7608
vn -0.5698 0.5473 0.6130
vn -0.2387 0.6035 -0.7608
vn 0.5698 -0.5473 -0.6130
vn -0.0514 -0.2826 0.9579
vn -0.6156 0.7642 0.1925
vn 0.0514 0.2826 -0.9579
vn 0.6156 -0.7642 -0.1925
vn 0.4535 -0.7762 0.4380
vn -0.2440 -0.0255 0.9694
vn -0.5675 0.8144 -0.1214
vn 0.2441 0.0255 -0.9694
vn 0.5675 -0.8144 0.1214
vn 0.2287 -0.5939 0.7713
vn -0.5739 0.5578 0.5996
vn -0.2287 0.5939 -0.7713
vn 0.5739 -0.5578 -0.5996
vn -0.1575 -0.1456 0.9767
vn -0.5973 0.8017 0.0232
vn 0.1575 0.1456 -0.9767
vn 0.5973 -0.8017 -0.0232
vn 0.9011 -0.0024 0.4335
vn -0.4334 0.0187 0.9010
vn -0.9011 0.0025 -0.4335
vn 0.4334 -0.0187 -0.9010
vn 0.0103 0.9998 -0.0158
vn -0.0103 -0.9998 0.0158
vn -0.9011 0.0024 -0.4335
vn 0.9994 -0.0108 -0.0315
vn 0.0317 0.0155 0.9994
vn -0.9994 0.0108 0.0315
vn -0.0317 -0.0155 -0.9994
vn 0.9999 -0.0104 -0.0054
vn 0.0055 0.0157 0.9999
vn -0.9999 0.0104 0.0053
vn -0.0055 -0.0157 -0.9999
vn -0.5608 0.4593 0.6888
vn 0.3088 -0.6559 0.6888
vn 0.5608 -0.4593 -0.6888
vn -0.3089 0.6559 -0.6888
vn -0.7682 -0.5990 -0.2260
vn 0.7682 0.5990 0.2260
vn -0.2048 -0.1045 0.9732
vn 0.6066 -0.7939 0.0425
vn 0.2048 0.1045 -0.9732
vn -0.6066 0.7939 -0.0425
vn 0.1575 -0.1456 0.9767
vn -0.5973 -0.8017 -0.0232
vn -0.1575 0.1456 -0.9767
vn 0.5973 0.8017 0.0232
vn 0.2441 -0.0255 0.9694
vn -0.5675 -0.8144 0.1214
vn -0.2441 0.0256 -0.9694
vn 0.5675 0.8144 -0.1214
vn -0.2287 -0.5939 0.7713
vn -0.5738 -0.5578 -0.5996
vn 0.2287 0.5939 -0.7713
vn 0.5738 0.5578 0.5996
vn 0.2440 -0.0255 0.9694
vn -0.2441 0.0255 -0.9694
vn -0.2387 -0.6036 0.7608
vn -0.5698 -0.5473 -0.6130
vn 0.2387 0.6036 -0.7608
vn 0.5698 0.5473 0.6130
vn 0.0513 -0.2826 0.9579
vn -0.6156 -0.7642 -0.1925
vn -0.0514 0.2826 -0.9579
vn 0.6156 0.7642 0.1925
vn 0.5608 0.4593 0.6888
vn 0.3089 0.6559 -0.6888
vn -0.5608 -0.4593 -0.6888
vn -0.3089 -0.6559 0.6888
vn 0.7682 -0.5990 -0.2260
vn -0.7682 0.5990 0.2260
vn 0.2048 -0.1045 0.9732
vn 0.6066 0.7939 -0.0425
vn -0.2048 0.1044 -0.9732
vn -0.6066 -0.7939 0.0425
vn -0.0000 -0.9848 0.1736
vn -0.0000 0.9848 -0.1736
vn -0.0000 0.1736 0.9848
vn -0.0000 -0.1736 -0.9848
vn -0.0000 0.1737 0.9848
vn -0.0001 -0.9848 0.1736
vn 0.0001 0.9848 -0.1736
vn 0.6755 -0.7262 0.1280
vn -0.7373 -0.6675 0.1037
vn -0.6755 0.7262 -0.1280
vn 0.7373 0.6675 -0.1037
vn -0.0101 0.1645 0.9863
vn 0.0101 -0.1645 -0.9863
vn -1.0000 -0.0001 -0.0000
vn 1.0000 0.0001 -0.0000
vn -0.0000 -0.1737 -0.9848
vn -0.6755 -0.7262 0.1280
vn -0.7373 0.6675 -0.1037
vn 0.6755 0.7262 -0.1280
vn 0.7373 -0.6675 0.1037
vn 0.0101 0.1645 0.9863
vn -0.0101 -0.1645 -0.9863
vt 0.607422 0.453125
vt 0.771484 0.759766
vt 0.148438 0.789062
vt 0.367188 0.697266
vt 0.734375 0.453125
vt 0.148438 0.662109
vt 0.607422 0.451172
vt 0.771484 0.757812
vt 0.220703 0.789062
vt 0.367188 0.695312
vt 0.734375 0.451172
vt 0.220703 0.662109
vt 0.439453 0.697266
vt 0.613281 0.554688
vt 0.220703 0.662109
vt 0.699219 0.759766
vt 0.740234 0.554688
vt 0.220703 0.789062
vt 0.439453 0.695312
vt 0.613281 0.552734
vt 0.292969 0.662109
vt 0.699219 0.757812
vt 0.740234 0.552734
vt 0.292969 0.789062
vt 0.699219 0.753906
vt 0.773438 0.765625
vt 0.292969 0.835938
vt 0.699219 0.767578
vt 0.771484 0.753906
vt 0.292969 0.763672
vt 0.699219 0.751953
vt 0.773438 0.763672
vt 0.292969 0.763672
vt 0.699219 0.765625
vt 0.771484 0.751953
vt 0.292969 0.691406
vt 0.773438 0.767578
vt 0.699219 0.751953
vt 0.367188 0.763672
vt 0.699219 0.765625
vt 0.771484 0.751953
vt 0.367188 0.835938
vt 0.773438 0.765625
vt 0.699219 0.750000
vt 0.367188 0.691406
vt 0.699219 0.763672
vt 0.771484 0.750000
vt 0.367188 0.763672
vt 0.736328 0.359375
vt 0.777344 0.283203
vt 0.253906 0.568359
vt 0.722656 0.671875
vt 0.777344 0.359375
vt 0.253906 0.527344
vt 0.736328 0.357422
vt 0.777344 0.281250
vt 0.308594 0.568359
vt 0.722656 0.669922
vt 0.777344 0.357422
vt 0.308594 0.527344
vt 0.777344 0.671875
vt 0.738281 0.822266
vt 0.308594 0.527344
vt 0.722656 0.283203
vt 0.779297 0.822266
vt 0.308594 0.568359
vt 0.777344 0.669922
vt 0.738281 0.820312
vt 0.363281 0.527344
vt 0.722656 0.281250
vt 0.779297 0.820312
vt 0.363281 0.568359
vt 0.724609 0.681641
vt 0.763672 0.310547
vt 0.298828 0.392578
vt 0.753906 0.312500
vt 0.767578 0.681641
vt 0.298828 0.349609
vt 0.724609 0.679688
vt 0.763672 0.308594
vt 0.156250 0.390625
vt 0.753906 0.310547
vt 0.767578 0.679688
vt 0.156250 0.347656
vt 0.763672 0.312500
vt 0.724609 0.634766
vt 0.308594 0.349609
vt 0.753906 0.310547
vt 0.767578 0.634766
vt 0.308594 0.392578
vt 0.763672 0.310547
vt 0.724609 0.632812
vt 0.166016 0.347656
vt 0.753906 0.308594
vt 0.767578 0.632812
vt 0.166016 0.390625
vt 0.529297 0.929688
vt 0.605469 0.644531
vt 0.222656 0.662109
vt 0.558594 0.802734
vt 0.601562 0.929688
vt 0.222656 0.589844
vt 0.529297 0.916016
vt 0.605469 0.630859
vt 0.349609 0.960938
vt 0.558594 0.789062
vt 0.601562 0.916016
vt 0.349609 0.888672
vt 0.605469 0.802734
vt 0.529297 0.830078
vt 0.269531 0.589844
vt 0.558594 0.644531
vt 0.601562 0.830078
vt 0.269531 0.662109
vt 0.605469 0.789062
vt 0.529297 0.816406
vt 0.396484 0.888672
vt 0.558594 0.630859
vt 0.601562 0.816406
vt 0.396484 0.960938
vt 0.699219 0.771484
vt 0.771484 0.654297
vt 0.394531 0.597656
vt 0.740234 0.656250
vt 0.775391 0.771484
vt 0.394531 0.521484
vt 0.699219 0.769531
vt 0.771484 0.652344
vt 0.222656 0.589844
vt 0.740234 0.654297
vt 0.775391 0.769531
vt 0.222656 0.513672
vt 0.771484 0.656250
vt 0.699219 0.769531
vt 0.425781 0.521484
vt 0.740234 0.654297
vt 0.775391 0.769531
vt 0.425781 0.597656
vt 0.771484 0.654297
vt 0.699219 0.767578
vt 0.253906 0.513672
vt 0.740234 0.652344
vt 0.775391 0.767578
vt 0.253906 0.589844
vt 0.648438 0.455078
vt 0.775391 0.779297
vt 0.314453 1.000000
vt 0.740234 0.781250
vt 0.771484 0.455078
vt 0.314453 0.876953
vt 0.648438 0.453125
vt 0.775391 0.777344
vt 0.328125 0.691406
vt 0.740234 0.779297
vt 0.771484 0.453125
vt 0.328125 0.568359
vt 0.775391 0.781250
vt 0.648438 0.416016
vt 0.349609 0.876953
vt 0.740234 0.779297
vt 0.771484 0.416016
vt 0.349609 1.000000
vt 0.775391 0.779297
vt 0.648438 0.414062
vt 0.363281 0.568359
vt 0.740234 0.777344
vt 0.771484 0.414062
vt 0.363281 0.691406
vt 0.402344 0.240234
vt 0.775391 0.707031
vt 0.699219 0.419922
vt 0.740234 0.744141
vt 0.406250 0.240234
vt 0.699219 0.416016
vt 0.402344 0.238281
vt 0.775391 0.705078
vt 0.701172 0.994141
vt 0.740234 0.742188
vt 0.406250 0.238281
vt 0.701172 0.990234
vt 0.775391 0.744141
vt 0.759766 0.597656
vt 0.734375 0.416016
vt 0.740234 0.707031
vt 0.763672 0.597656
vt 0.734375 0.419922
vt 0.775391 0.742188
vt 0.759766 0.595703
vt 0.736328 0.990234
vt 0.740234 0.705078
vt 0.763672 0.595703
vt 0.736328 0.994141
vt 0.757812 0.242188
vt 0.771484 0.650391
vt 0.693359 1.000000
vt 0.740234 0.652344
vt 0.763672 0.242188
vt 0.693359 0.994141
vt 0.757812 0.240234
vt 0.771484 0.648438
vt 0.695312 0.935547
vt 0.740234 0.650391
vt 0.763672 0.240234
vt 0.695312 0.929688
vt 0.771484 0.652344
vt 0.759766 0.972656
vt 0.724609 0.994141
vt 0.740234 0.650391
vt 0.765625 0.972656
vt 0.724609 1.000000
vt 0.771484 0.650391
vt 0.759766 0.970703
vt 0.726562 0.929688
vt 0.740234 0.648438
vt 0.765625 0.970703
vt 0.726562 0.935547
vt 0.365234 0.240234
vt 0.771484 0.646484
vt 0.712891 0.982422
vt 0.740234 0.648438
vt 0.369141 0.240234
vt 0.712891 0.978516
vt 0.365234 0.238281
vt 0.771484 0.644531
vt 0.712891 0.330078
vt 0.740234 0.646484
vt 0.369141 0.238281
vt 0.712891 0.326172
vt 0.771484 0.648438
vt 0.369141 0.240234
vt 0.744141 0.978516
vt 0.740234 0.646484
vt 0.373047 0.240234
vt 0.744141 0.982422
vt 0.771484 0.646484
vt 0.369141 0.238281
vt 0.744141 0.326172
vt 0.740234 0.644531
vt 0.373047 0.238281
vt 0.744141 0.330078
vt 0.265625 0.345703
vt 0.437500 0.402344
vt 0.341797 0.378906
vt 0.179688 0.404297
vt 0.279297 0.345703
vt 0.341797 0.365234
vt 0.265625 0.328125
vt 0.437500 0.384766
vt 0.621094 0.396484
vt 0.179688 0.386719
vt 0.279297 0.328125
vt 0.621094 0.382812
vt 0.208984 0.404297
vt 0.654297 0.546875
vt 0.371094 0.365234
vt 0.408203 0.402344
vt 0.667969 0.546875
vt 0.371094 0.378906
vt 0.208984 0.386719
vt 0.654297 0.529297
vt 0.650391 0.382812
vt 0.408203 0.384766
vt 0.667969 0.529297
vt 0.650391 0.396484
vt 0.654297 0.529297
vt 0.628906 0.431641
vt 0.623047 0.609375
vt 0.068359 0.400391
vt 0.667969 0.529297
vt 0.623047 0.595703
vt 0.654297 0.511719
vt 0.628906 0.414062
vt 0.623047 0.595703
vt 0.068359 0.382812
vt 0.667969 0.511719
vt 0.623047 0.582031
vt 0.097656 0.400391
vt 0.654297 0.503906
vt 0.652344 0.595703
vt 0.599609 0.431641
vt 0.667969 0.503906
vt 0.652344 0.609375
vt 0.097656 0.382812
vt 0.654297 0.486328
vt 0.652344 0.582031
vt 0.599609 0.414062
vt 0.667969 0.486328
vt 0.652344 0.595703
vt 0.404297 0.343750
vt 0.630859 0.982422
vt 0.623047 0.582031
vt 0.601562 1.000000
vt 0.417969 0.343750
vt 0.623047 0.568359
vt 0.404297 0.326172
vt 0.630859 0.964844
vt 0.623047 0.568359
vt 0.601562 0.982422
vt 0.417969 0.326172
vt 0.623047 0.554688
vt 0.630859 1.000000
vt 0.646484 0.343750
vt 0.652344 0.568359
vt 0.601562 0.982422
vt 0.660156 0.343750
vt 0.652344 0.582031
vt 0.630859 0.982422
vt 0.646484 0.326172
vt 0.652344 0.554688
vt 0.601562 0.964844
vt 0.660156 0.326172
vt 0.652344 0.568359
vt 0.662109 0.574219
vt 0.509766 0.392578
vt 0.644531 0.445312
vt 0.273438 0.392578
vt 0.673828 0.574219
vt 0.644531 0.433594
vt 0.662109 0.556641
vt 0.509766 0.375000
vt 0.646484 0.382812
vt 0.273438 0.375000
vt 0.673828 0.556641
vt 0.646484 0.371094
vt 0.298828 0.392578
vt 0.070312 0.335938
vt 0.669922 0.433594
vt 0.484375 0.392578
vt 0.082031 0.335938
vt 0.669922 0.445312
vt 0.298828 0.375000
vt 0.070312 0.318359
vt 0.671875 0.371094
vt 0.484375 0.375000
vt 0.082031 0.318359
vt 0.671875 0.382812
vt 0.658203 0.300781
vt 0.099609 0.417969
vt 0.654297 0.744141
vt 0.429688 0.419922
vt 0.666016 0.300781
vt 0.654297 0.736328
vt 0.658203 0.283203
vt 0.099609 0.400391
vt 0.654297 0.736328
vt 0.429688 0.402344
vt 0.666016 0.283203
vt 0.654297 0.728516
vt 0.460938 0.419922
vt 0.666016 0.300781
vt 0.685547 0.736328
vt 0.068359 0.417969
vt 0.673828 0.300781
vt 0.685547 0.744141
vt 0.460938 0.402344
vt 0.666016 0.283203
vt 0.685547 0.728516
vt 0.068359 0.400391
vt 0.673828 0.283203
vt 0.685547 0.736328
vt 0.167969 0.316406
vt 0.636719 0.529297
vt 0.658203 0.361328
vt 0.613281 0.546875
vt 0.177734 0.316406
vt 0.658203 0.351562
vt 0.167969 0.298828
vt 0.636719 0.511719
vt 0.660156 0.947266
vt 0.613281 0.529297
vt 0.177734 0.298828
vt 0.660156 0.937500
vt 0.636719 0.546875
vt 0.013672 0.304688
vt 0.681641 0.351562
vt 0.613281 0.529297
vt 0.023438 0.304688
vt 0.681641 0.361328
vt 0.636719 0.529297
vt 0.013672 0.287109
vt 0.683594 0.937500
vt 0.613281 0.511719
vt 0.023438 0.287109
vt 0.683594 0.947266
vt 0.349609 0.888672
vt 0.603516 0.488281
vt 0.000000 1.000000
vt 0.529297 0.500000
vt 0.582031 0.888672
vt 0.000000 0.767578
vt 0.349609 0.876953
vt 0.603516 0.476562
vt 0.074219 1.000000
vt 0.529297 0.488281
vt 0.582031 0.876953
vt 0.074219 0.767578
vt 0.603516 0.500000
vt 0.363281 0.609375
vt 0.074219 0.767578
vt 0.529297 0.488281
vt 0.595703 0.609375
vt 0.074219 1.000000
vt 0.603516 0.488281
vt 0.363281 0.597656
vt 0.148438 0.767578
vt 0.529297 0.476562
vt 0.595703 0.597656
vt 0.148438 1.000000
vt 0.746094 0.589844
vt 0.679688 0.615234
vt 0.535156 0.876953
vt 0.367188 0.695312
vt 0.757812 0.589844
vt 0.535156 0.865234
vt 0.746094 0.585938
vt 0.679688 0.611328
vt 0.535156 0.865234
vt 0.367188 0.691406
vt 0.757812 0.585938
vt 0.535156 0.853516
vt 0.441406 0.695312
vt 0.746094 0.550781
vt 0.609375 0.865234
vt 0.605469 0.615234
vt 0.757812 0.550781
vt 0.609375 0.876953
vt 0.441406 0.691406
vt 0.746094 0.546875
vt 0.609375 0.853516
vt 0.605469 0.611328
vt 0.757812 0.546875
vt 0.609375 0.865234
vt 0.742188 0.501953
vt 0.777344 0.673828
vt 0.474609 0.830078
vt 0.722656 0.675781
vt 0.769531 0.501953
vt 0.474609 0.802734
vt 0.742188 0.500000
vt 0.777344 0.671875
vt 0.330078 0.521484
vt 0.722656 0.673828
vt 0.769531 0.500000
vt 0.330078 0.494141
vt 0.777344 0.675781
vt 0.742188 0.500000
vt 0.529297 0.802734
vt 0.722656 0.673828
vt 0.769531 0.500000
vt 0.529297 0.830078
vt 0.777344 0.673828
vt 0.742188 0.498047
vt 0.384766 0.494141
vt 0.722656 0.671875
vt 0.769531 0.498047
vt 0.384766 0.521484
vt 0.742188 0.505859
vt 0.765625 0.962891
vt 0.292969 0.304688
vt 0.759766 0.970703
vt 0.769531 0.505859
vt 0.292969 0.277344
vt 0.742188 0.503906
vt 0.765625 0.960938
vt 0.451172 0.304688
vt 0.759766 0.968750
vt 0.769531 0.503906
vt 0.451172 0.277344
vt 0.765625 0.970703
vt 0.742188 0.503906
vt 0.298828 0.277344
vt 0.759766 0.962891
vt 0.769531 0.503906
vt 0.298828 0.304688
vt 0.765625 0.968750
vt 0.742188 0.501953
vt 0.457031 0.277344
vt 0.759766 0.960938
vt 0.769531 0.501953
vt 0.457031 0.304688
vt 0.742188 0.990234
vt 0.777344 0.466797
vt 0.445312 0.669922
vt 0.720703 0.478516
vt 0.771484 0.990234
vt 0.445312 0.640625
vt 0.742188 0.988281
vt 0.777344 0.464844
vt 0.445312 0.640625
vt 0.720703 0.476562
vt 0.771484 0.988281
vt 0.445312 0.611328
vt 0.777344 0.478516
vt 0.742188 0.988281
vt 0.501953 0.640625
vt 0.720703 0.466797
vt 0.771484 0.988281
vt 0.501953 0.669922
vt 0.777344 0.476562
vt 0.742188 0.986328
vt 0.501953 0.611328
vt 0.720703 0.464844
vt 0.771484 0.986328
vt 0.501953 0.640625
vt 0.742188 0.939453
vt 0.548828 0.240234
vt 0.144531 0.701172
vt 0.541016 0.240234
vt 0.771484 0.939453
vt 0.144531 0.671875
vt 0.742188 0.937500
vt 0.548828 0.238281
vt 0.146484 0.287109
vt 0.541016 0.238281
vt 0.771484 0.937500
vt 0.146484 0.257812
vt 0.544922 0.240234
vt 0.742188 0.937500
vt 0.148438 0.671875
vt 0.544922 0.240234
vt 0.771484 0.937500
vt 0.148438 0.701172
vt 0.544922 0.238281
vt 0.742188 0.935547
vt 0.150391 0.257812
vt 0.544922 0.238281
vt 0.771484 0.935547
vt 0.150391 0.287109
vt 0.746094 0.613281
vt 0.777344 0.462891
vt 0.501953 0.669922
vt 0.720703 0.464844
vt 0.769531 0.613281
vt 0.501953 0.646484
vt 0.746094 0.611328
vt 0.777344 0.460938
vt 0.501953 0.646484
vt 0.720703 0.462891
vt 0.769531 0.611328
vt 0.501953 0.623047
vt 0.777344 0.464844
vt 0.746094 0.611328
vt 0.558594 0.646484
vt 0.720703 0.462891
vt 0.769531 0.611328
vt 0.558594 0.669922
vt 0.777344 0.462891
vt 0.746094 0.609375
vt 0.558594 0.623047
vt 0.720703 0.460938
vt 0.769531 0.609375
vt 0.558594 0.646484
vt 0.744141 0.884766
vt 0.755859 0.556641
vt 0.425781 0.597656
vt 0.650391 0.679688
vt 0.769531 0.884766
vt 0.425781 0.572266
vt 0.744141 0.882812
vt 0.755859 0.554688
vt 0.425781 0.572266
vt 0.650391 0.677734
vt 0.769531 0.882812
vt 0.425781 0.546875
vt 0.744141 0.679688
vt 0.744141 0.882812
vt 0.519531 0.572266
vt 0.662109 0.556641
vt 0.769531 0.882812
vt 0.519531 0.597656
vt 0.744141 0.677734
vt 0.744141 0.880859
vt 0.519531 0.546875
vt 0.662109 0.554688
vt 0.769531 0.880859
vt 0.519531 0.572266
vt 0.740234 0.468750
vt 0.765625 0.916016
vt 0.207031 0.375000
vt 0.751953 0.917969
vt 0.769531 0.468750
vt 0.207031 0.345703
vt 0.740234 0.466797
vt 0.765625 0.914062
vt 0.220703 0.375000
vt 0.751953 0.916016
vt 0.769531 0.466797
vt 0.220703 0.345703
vt 0.765625 0.917969
vt 0.681641 0.259766
vt 0.220703 0.345703
vt 0.751953 0.916016
vt 0.710938 0.259766
vt 0.220703 0.375000
vt 0.765625 0.916016
vt 0.681641 0.257812
vt 0.234375 0.345703
vt 0.751953 0.914062
vt 0.710938 0.257812
vt 0.234375 0.375000
vt 0.742188 0.986328
vt 0.765625 0.912109
vt 0.261719 0.375000
vt 0.751953 0.914062
vt 0.771484 0.986328
vt 0.261719 0.345703
vt 0.742188 0.984375
vt 0.765625 0.910156
vt 0.275391 0.375000
vt 0.751953 0.912109
vt 0.771484 0.984375
vt 0.275391 0.345703
vt 0.765625 0.914062
vt 0.742188 0.984375
vt 0.275391 0.345703
vt 0.751953 0.912109
vt 0.771484 0.984375
vt 0.275391 0.375000
vt 0.765625 0.912109
vt 0.742188 0.982422
vt 0.289062 0.345703
vt 0.751953 0.910156
vt 0.771484 0.982422
vt 0.289062 0.375000
vt 0.753906 0.539062
vt 0.785156 0.814453
vt 0.519531 0.562500
vt 0.685547 0.730469
vt 0.765625 0.539062
vt 0.519531 0.550781
vt 0.753906 0.537109
vt 0.785156 0.812500
vt 0.384766 0.474609
vt 0.685547 0.728516
vt 0.765625 0.537109
vt 0.384766 0.462891
vt 0.779297 0.730469
vt 0.544922 0.246094
vt 0.613281 0.550781
vt 0.691406 0.814453
vt 0.556641 0.246094
vt 0.613281 0.562500
vt 0.779297 0.728516
vt 0.544922 0.244141
vt 0.478516 0.462891
vt 0.691406 0.812500
vt 0.556641 0.244141
vt 0.478516 0.474609
vt 0.751953 0.910156
vt 0.777344 0.458984
vt 0.498047 0.458984
vt 0.720703 0.460938
vt 0.765625 0.910156
vt 0.498047 0.445312
vt 0.751953 0.908203
vt 0.777344 0.457031
vt 0.138672 0.457031
vt 0.720703 0.458984
vt 0.765625 0.908203
vt 0.138672 0.443359
vt 0.777344 0.460938
vt 0.751953 0.908203
vt 0.554688 0.445312
vt 0.720703 0.458984
vt 0.765625 0.908203
vt 0.554688 0.458984
vt 0.777344 0.458984
vt 0.751953 0.906250
vt 0.195312 0.443359
vt 0.720703 0.457031
vt 0.765625 0.906250
vt 0.195312 0.457031
vt 0.750000 0.978516
vt 0.779297 0.396484
vt 0.474609 0.802734
vt 0.695312 0.398438
vt 0.767578 0.978516
vt 0.474609 0.785156
vt 0.750000 0.976562
vt 0.779297 0.394531
vt 0.480469 0.960938
vt 0.695312 0.396484
vt 0.767578 0.976562
vt 0.480469 0.943359
vt 0.779297 0.398438
vt 0.750000 0.976562
vt 0.558594 0.785156
vt 0.695312 0.396484
vt 0.767578 0.976562
vt 0.558594 0.802734
vt 0.779297 0.396484
vt 0.750000 0.974609
vt 0.564453 0.943359
vt 0.695312 0.394531
vt 0.767578 0.974609
vt 0.564453 0.960938
vt 0.751953 0.906250
vt 0.107422 0.242188
vt 0.191406 0.277344
vt 0.755859 0.248047
vt 0.765625 0.906250
vt 0.191406 0.263672
vt 0.751953 0.904297
vt 0.107422 0.240234
vt 0.238281 0.277344
vt 0.755859 0.246094
vt 0.765625 0.904297
vt 0.238281 0.263672
vt 0.763672 0.248047
vt 0.751953 0.904297
vt 0.199219 0.263672
vt 0.099609 0.242188
vt 0.765625 0.904297
vt 0.199219 0.277344
vt 0.763672 0.246094
vt 0.751953 0.902344
vt 0.246094 0.263672
vt 0.099609 0.240234
vt 0.765625 0.902344
vt 0.246094 0.277344
vt 0.564453 0.240234
vt 0.306641 0.238281
vt 0.572266 0.240234
vt 0.302734 0.238281
vt 0.568359 0.240234
vt 0.572266 0.236328
vt 0.564453 0.238281
vt 0.306641 0.236328
vt 0.574219 0.240234
vt 0.302734 0.236328
vt 0.568359 0.238281
vt 0.574219 0.236328
vt 0.304688 0.238281
vt 0.568359 0.240234
vt 0.574219 0.236328
vt 0.304688 0.238281
vt 0.572266 0.240234
vt 0.574219 0.240234
vt 0.304688 0.236328
vt 0.568359 0.238281
vt 0.576172 0.236328
vt 0.304688 0.236328
vt 0.572266 0.238281
vt 0.576172 0.240234
vt 0.751953 0.902344
vt 0.765625 0.886719
vt 0.246094 0.277344
vt 0.757812 0.888672
vt 0.765625 0.902344
vt 0.246094 0.263672
vt 0.751953 0.900391
vt 0.765625 0.884766
vt 0.253906 0.277344
vt 0.757812 0.886719
vt 0.765625 0.900391
vt 0.253906 0.263672
vt 0.765625 0.888672
vt 0.751953 0.900391
vt 0.253906 0.263672
vt 0.757812 0.886719
vt 0.765625 0.900391
vt 0.253906 0.277344
vt 0.765625 0.886719
vt 0.751953 0.898438
vt 0.261719 0.263672
vt 0.757812 0.884766
vt 0.765625 0.898438
vt 0.261719 0.277344
vt 0.556641 0.240234
vt 0.302734 0.238281
vt 0.525391 0.240234
vt 0.298828 0.238281
vt 0.560547 0.240234
vt 0.525391 0.236328
vt 0.556641 0.238281
vt 0.302734 0.236328
vt 0.759766 0.439453
vt 0.298828 0.236328
vt 0.560547 0.238281
vt 0.759766 0.435547
vt 0.300781 0.238281
vt 0.560547 0.240234
vt 0.527344 0.236328
vt 0.300781 0.238281
vt 0.564453 0.240234
vt 0.527344 0.240234
vt 0.300781 0.236328
vt 0.560547 0.238281
vt 0.761719 0.435547
vt 0.300781 0.236328
vt 0.564453 0.238281
vt 0.761719 0.439453
vt 0.673828 0.300781
vt 0.710938 0.669922
vt 0.697266 0.658203
vt 0.697266 0.705078
vt 0.685547 0.300781
vt 0.697266 0.646484
vt 0.673828 0.289062
vt 0.710938 0.658203
vt 0.697266 0.646484
vt 0.697266 0.693359
vt 0.685547 0.289062
vt 0.697266 0.634766
vt 0.710938 0.705078
vt 0.701172 0.990234
vt 0.710938 0.646484
vt 0.697266 0.669922
vt 0.712891 0.990234
vt 0.710938 0.658203
vt 0.710938 0.693359
vt 0.701172 0.978516
vt 0.710938 0.634766
vt 0.697266 0.658203
vt 0.712891 0.978516
vt 0.710938 0.646484
vt 0.464844 0.240234
vt 0.757812 0.617188
vt 0.753906 0.542969
vt 0.746094 0.621094
vt 0.466797 0.240234
vt 0.753906 0.541016
vt 0.464844 0.236328
vt 0.757812 0.613281
vt 0.753906 0.541016
vt 0.746094 0.617188
vt 0.466797 0.236328
vt 0.753906 0.539062
vt 0.757812 0.621094
vt 0.466797 0.240234
vt 0.765625 0.541016
vt 0.746094 0.617188
vt 0.468750 0.240234
vt 0.765625 0.542969
vt 0.757812 0.617188
vt 0.466797 0.236328
vt 0.765625 0.539062
vt 0.746094 0.613281
vt 0.468750 0.236328
vt 0.765625 0.541016
vt 0.486328 0.240234
vt 0.068359 0.242188
vt 0.507812 0.240234
vt 0.060547 0.242188
vt 0.488281 0.240234
vt 0.507812 0.238281
vt 0.486328 0.236328
vt 0.068359 0.238281
vt 0.521484 0.240234
vt 0.060547 0.238281
vt 0.488281 0.236328
vt 0.521484 0.238281
vt 0.064453 0.242188
vt 0.488281 0.240234
vt 0.511719 0.238281
vt 0.064453 0.242188
vt 0.490234 0.240234
vt 0.511719 0.240234
vt 0.064453 0.238281
vt 0.488281 0.236328
vt 0.525391 0.238281
vt 0.064453 0.238281
vt 0.490234 0.236328
vt 0.525391 0.240234
vt 0.750000 0.531250
vt 0.363281 0.246094
vt 0.335938 0.253906
vt 0.757812 0.531250
vt 0.335938 0.246094
vt 0.750000 0.527344
vt 0.363281 0.242188
vt 0.746094 0.628906
vt 0.335938 0.242188
vt 0.757812 0.527344
vt 0.746094 0.621094
vt 0.750000 0.527344
vt 0.341797 0.246094
vt 0.357422 0.246094
vt 0.757812 0.527344
vt 0.341797 0.253906
vt 0.341797 0.242188
vt 0.750000 0.523438
vt 0.751953 0.621094
vt 0.357422 0.242188
vt 0.757812 0.523438
vt 0.751953 0.628906
vt 0.394531 0.246094
vt 0.017578 0.250000
vt 0.412109 0.246094
vt 0.005859 0.250000
vt 0.398438 0.246094
vt 0.412109 0.242188
vt 0.394531 0.240234
vt 0.017578 0.244141
vt 0.421875 0.246094
vt 0.005859 0.244141
vt 0.398438 0.240234
vt 0.421875 0.242188
vt 0.011719 0.250000
vt 0.398438 0.246094
vt 0.417969 0.242188
vt 0.011719 0.250000
vt 0.402344 0.246094
vt 0.417969 0.246094
vt 0.011719 0.244141
vt 0.398438 0.240234
vt 0.427734 0.242188
vt 0.011719 0.244141
vt 0.402344 0.240234
vt 0.427734 0.246094
vt 0.287109 0.443359
vt 0.505859 0.417969
vt 0.287109 0.417969
vt 0.312500 0.443359
vt 0.505859 0.392578
vt 0.287109 0.417969
vt 0.505859 0.392578
vt 0.527344 0.417969
vt 0.287109 0.392578
vt 0.312500 0.417969
vt 0.527344 0.392578
vt 0.308594 0.417969
vt 0.558594 0.669922
vt 0.527344 0.392578
vt 0.484375 0.417969
vt 0.583984 0.669922
vt 0.527344 0.417969
vt 0.308594 0.392578
vt 0.558594 0.644531
vt 0.548828 0.392578
vt 0.484375 0.392578
vt 0.583984 0.644531
vt 0.548828 0.417969
vt 0.558594 0.789062
vt 0.464844 0.250000
vt 0.367188 0.279297
vt 0.750000 0.560547
vt 0.574219 0.789062
vt 0.367188 0.263672
vt 0.558594 0.785156
vt 0.464844 0.246094
vt 0.457031 0.279297
vt 0.750000 0.556641
vt 0.574219 0.785156
vt 0.457031 0.263672
vt 0.757812 0.560547
vt 0.585938 0.841797
vt 0.375000 0.263672
vt 0.457031 0.250000
vt 0.601562 0.841797
vt 0.375000 0.279297
vt 0.757812 0.556641
vt 0.585938 0.837891
vt 0.464844 0.263672
vt 0.457031 0.246094
vt 0.601562 0.837891
vt 0.464844 0.279297
vt 0.259766 0.253906
vt 0.048828 0.242188
vt 0.464844 0.255859
vt 0.011719 0.242188
vt 0.271484 0.253906
vt 0.464844 0.244141
vt 0.259766 0.250000
vt 0.048828 0.238281
vt 0.591797 0.255859
vt 0.011719 0.238281
vt 0.271484 0.250000
vt 0.591797 0.244141
vt 0.015625 0.242188
vt 0.316406 0.253906
vt 0.468750 0.244141
vt 0.044922 0.242188
vt 0.328125 0.253906
vt 0.468750 0.255859
vt 0.015625 0.238281
vt 0.316406 0.250000
vt 0.595703 0.244141
vt 0.044922 0.238281
vt 0.328125 0.250000
vt 0.595703 0.255859
vt 0.519531 0.550781
vt 0.738281 0.585938
vt 0.148438 1.000000
vt 0.431641 0.462891
vt 0.730469 0.550781
vt 0.148438 0.789062
vt 0.519531 0.546875
vt 0.738281 0.582031
vt 0.195312 1.000000
vt 0.431641 0.458984
vt 0.730469 0.546875
vt 0.195312 0.789062
vt 0.478516 0.462891
vt 0.529297 0.476562
vt 0.195312 0.789062
vt 0.691406 0.585938
vt 0.740234 0.476562
vt 0.195312 1.000000
vt 0.478516 0.458984
vt 0.529297 0.472656
vt 0.242188 0.789062
vt 0.691406 0.582031
vt 0.740234 0.472656
vt 0.242188 1.000000
vt 0.552734 0.306641
vt 0.677734 0.851562
vt 0.695312 0.929688
vt 0.630859 0.972656
vt 0.556641 0.306641
vt 0.695312 0.925781
vt 0.552734 0.298828
vt 0.677734 0.843750
vt 0.695312 0.728516
vt 0.630859 0.964844
vt 0.556641 0.298828
vt 0.695312 0.724609
vt 0.677734 0.972656
vt 0.220703 0.300781
vt 0.742188 0.925781
vt 0.630859 0.851562
vt 0.224609 0.300781
vt 0.742188 0.929688
vt 0.677734 0.964844
vt 0.220703 0.292969
vt 0.742188 0.724609
vt 0.630859 0.843750
vt 0.224609 0.292969
vt 0.742188 0.728516
vt 0.265625 0.246094
vt 0.300781 0.246094
vt 0.742188 0.244141
vt 0.261719 0.246094
vt 0.269531 0.246094
vt 0.742188 0.240234
vt 0.265625 0.240234
vt 0.300781 0.240234
vt 0.746094 0.244141
vt 0.261719 0.240234
vt 0.269531 0.240234
vt 0.746094 0.240234
vt 0.265625 0.246094
vt 0.300781 0.246094
vt 0.746094 0.240234
vt 0.296875 0.246094
vt 0.304688 0.246094
vt 0.746094 0.244141
vt 0.265625 0.240234
vt 0.300781 0.240234
vt 0.750000 0.240234
vt 0.296875 0.240234
vt 0.304688 0.240234
vt 0.750000 0.244141
vt 0.503906 0.242188
vt 0.585938 0.242188
vt 0.267578 0.238281
vt 0.501953 0.242188
vt 0.505859 0.242188
vt 0.267578 0.236328
vt 0.503906 0.236328
vt 0.585938 0.236328
vt 0.296875 0.238281
vt 0.501953 0.236328
vt 0.505859 0.236328
vt 0.296875 0.236328
vt 0.503906 0.242188
vt 0.585938 0.242188
vt 0.269531 0.236328
vt 0.583984 0.242188
vt 0.587891 0.242188
vt 0.269531 0.238281
vt 0.503906 0.236328
vt 0.585938 0.236328
vt 0.298828 0.236328
vt 0.583984 0.236328
vt 0.587891 0.236328
vt 0.298828 0.238281
vt 0.738281 0.722656
vt 0.005859 0.250000
vt 0.445312 0.263672
vt 0.746094 0.251953
vt 0.751953 0.722656
vt 0.445312 0.250000
vt 0.738281 0.716797
vt 0.005859 0.244141
vt 0.171875 0.261719
vt 0.746094 0.246094
vt 0.751953 0.716797
vt 0.171875 0.248047
vt 0.751953 0.251953
vt 0.738281 0.716797
vt 0.451172 0.250000
vt 0.000000 0.250000
vt 0.751953 0.716797
vt 0.451172 0.263672
vt 0.751953 0.246094
vt 0.738281 0.710938
vt 0.177734 0.248047
vt 0.000000 0.244141
vt 0.751953 0.710938
vt 0.177734 0.261719
vt 0.556641 0.324219
vt 0.736328 0.693359
vt 0.615234 0.255859
vt 0.724609 0.742188
vt 0.560547 0.324219
vt 0.615234 0.251953
vt 0.556641 0.316406
vt 0.736328 0.685547
vt 0.634766 0.255859
vt 0.724609 0.734375
vt 0.560547 0.316406
vt 0.634766 0.251953
vt 0.736328 0.742188
vt 0.626953 0.314453
vt 0.626953 0.251953
vt 0.724609 0.693359
vt 0.630859 0.314453
vt 0.626953 0.255859
vt 0.736328 0.734375
vt 0.626953 0.306641
vt 0.646484 0.251953
vt 0.724609 0.685547
vt 0.630859 0.306641
vt 0.646484 0.255859
vt 0.693359 0.367188
vt 0.707031 0.326172
vt 0.000000 0.304688
vt 0.626953 0.306641
vt 0.707031 0.367188
vt 0.000000 0.291016
vt 0.693359 0.353516
vt 0.707031 0.312500
vt 0.695312 0.976562
vt 0.626953 0.292969
vt 0.707031 0.353516
vt 0.695312 0.962891
vt 0.640625 0.306641
vt 0.693359 0.312500
vt 0.013672 0.291016
vt 0.693359 0.326172
vt 0.707031 0.312500
vt 0.013672 0.304688
vt 0.640625 0.292969
vt 0.693359 0.298828
vt 0.708984 0.962891
vt 0.693359 0.312500
vt 0.707031 0.298828
vt 0.708984 0.976562
vt 0.738281 0.828125
vt 0.753906 0.312500
vt 0.279297 0.263672
vt 0.687500 0.251953
vt 0.751953 0.828125
vt 0.279297 0.250000
vt 0.738281 0.822266
vt 0.753906 0.306641
vt 0.380859 0.263672
vt 0.687500 0.246094
vt 0.751953 0.822266
vt 0.380859 0.250000
vt 0.693359 0.251953
vt 0.259766 0.261719
vt 0.285156 0.250000
vt 0.748047 0.312500
vt 0.273438 0.261719
vt 0.285156 0.263672
vt 0.693359 0.246094
vt 0.259766 0.255859
vt 0.386719 0.250000
vt 0.748047 0.306641
vt 0.273438 0.255859
vt 0.386719 0.263672
vt 0.421875 0.255859
vt 0.728516 0.251953
vt 0.011719 0.271484
vt 0.748047 0.291016
vt 0.429688 0.255859
vt 0.011719 0.263672
vt 0.421875 0.250000
vt 0.728516 0.246094
vt 0.361328 0.271484
vt 0.748047 0.285156
vt 0.429688 0.250000
vt 0.361328 0.263672
vt 0.753906 0.291016
vt 0.457031 0.255859
vt 0.017578 0.263672
vt 0.722656 0.251953
vt 0.464844 0.255859
vt 0.017578 0.271484
vt 0.753906 0.285156
vt 0.457031 0.250000
vt 0.367188 0.263672
vt 0.722656 0.246094
vt 0.464844 0.250000
vt 0.367188 0.271484
vt 0.339844 0.240234
vt 0.568359 0.255859
vt 0.115234 0.246094
vt 0.544922 0.255859
vt 0.341797 0.240234
vt 0.115234 0.244141
vt 0.339844 0.236328
vt 0.568359 0.251953
vt 0.248047 0.246094
vt 0.544922 0.251953
vt 0.341797 0.236328
vt 0.248047 0.244141
vt 0.556641 0.255859
vt 0.353516 0.240234
vt 0.126953 0.244141
vt 0.556641 0.255859
vt 0.355469 0.240234
vt 0.126953 0.246094
vt 0.556641 0.251953
vt 0.353516 0.236328
vt 0.259766 0.244141
vt 0.556641 0.251953
vt 0.355469 0.236328
vt 0.259766 0.246094
vt 0.402344 0.255859
vt 0.675781 0.250000
vt 0.296875 0.269531
vt 0.384766 0.250000
vt 0.406250 0.255859
vt 0.296875 0.265625
vt 0.402344 0.244141
vt 0.675781 0.238281
vt 0.132812 0.240234
vt 0.384766 0.238281
vt 0.406250 0.244141
vt 0.132812 0.236328
vt 0.386719 0.250000
vt 0.417969 0.255859
vt 0.298828 0.265625
vt 0.673828 0.250000
vt 0.421875 0.255859
vt 0.298828 0.269531
vt 0.386719 0.238281
vt 0.417969 0.244141
vt 0.134766 0.236328
vt 0.673828 0.238281
vt 0.421875 0.244141
vt 0.134766 0.240234
vt 0.740234 0.302734
vt 0.755859 0.414062
vt 0.367188 0.837891
vt 0.480469 0.904297
vt 0.769531 0.302734
vt 0.367188 0.808594
vt 0.740234 0.300781
vt 0.755859 0.412109
vt 0.367188 0.808594
vt 0.480469 0.902344
vt 0.769531 0.300781
vt 0.367188 0.779297
vt 0.587891 0.904297
vt 0.740234 0.300781
vt 0.474609 0.808594
vt 0.648438 0.414062
vt 0.769531 0.300781
vt 0.474609 0.837891
vt 0.587891 0.902344
vt 0.740234 0.298828
vt 0.474609 0.779297
vt 0.648438 0.412109
vt 0.769531 0.298828
vt 0.474609 0.808594
vt 0.744141 0.982422
vt 0.771484 0.755859
vt 0.439453 0.720703
vt 0.699219 0.757812
vt 0.769531 0.982422
vt 0.439453 0.695312
vt 0.744141 0.980469
vt 0.771484 0.753906
vt 0.445312 0.695312
vt 0.699219 0.755859
vt 0.769531 0.980469
vt 0.445312 0.669922
vt 0.771484 0.757812
vt 0.744141 0.980469
vt 0.511719 0.695312
vt 0.699219 0.755859
vt 0.769531 0.980469
vt 0.511719 0.720703
vt 0.771484 0.755859
vt 0.744141 0.978516
vt 0.517578 0.669922
vt 0.699219 0.753906
vt 0.769531 0.978516
vt 0.517578 0.695312
vt 0.353516 0.244141
vt 0.312500 0.250000
vt 0.296875 0.250000
vt 0.357422 0.244141
vt 0.312500 0.246094
vt 0.353516 0.240234
vt 0.312500 0.246094
vt 0.320312 0.250000
vt 0.296875 0.246094
vt 0.357422 0.240234
vt 0.320312 0.246094
vt 0.304688 0.250000
vt 0.365234 0.244141
vt 0.320312 0.246094
vt 0.304688 0.250000
vt 0.369141 0.244141
vt 0.320312 0.250000
vt 0.304688 0.246094
vt 0.365234 0.240234
vt 0.328125 0.246094
vt 0.304688 0.246094
vt 0.369141 0.240234
vt 0.328125 0.250000
vt 0.623047 0.242188
vt 0.693359 1.000000
vt 0.724609 0.632812
vt 0.648438 0.460938
vt 0.625000 0.242188
vt 0.724609 0.630859
vt 0.623047 0.236328
vt 0.693359 0.994141
vt 0.724609 0.630859
vt 0.648438 0.455078
vt 0.625000 0.236328
vt 0.724609 0.628906
vt 0.691406 0.460938
vt 0.625000 0.242188
vt 0.767578 0.630859
vt 0.650391 1.000000
vt 0.626953 0.242188
vt 0.767578 0.632812
vt 0.691406 0.455078
vt 0.625000 0.236328
vt 0.767578 0.628906
vt 0.650391 0.994141
vt 0.626953 0.236328
vt 0.767578 0.630859
vt 0.486328 0.253906
vt 0.062500 0.257812
vt 0.613281 0.562500
vt 0.710938 0.259766
vt 0.494141 0.253906
vt 0.613281 0.554688
vt 0.486328 0.248047
vt 0.062500 0.251953
vt 0.671875 0.378906
vt 0.710938 0.253906
vt 0.494141 0.248047
vt 0.671875 0.371094
vt 0.720703 0.259766
vt 0.507812 0.253906
vt 0.623047 0.554688
vt 0.052734 0.257812
vt 0.515625 0.253906
vt 0.623047 0.562500
vt 0.720703 0.253906
vt 0.507812 0.248047
vt 0.681641 0.371094
vt 0.052734 0.251953
vt 0.515625 0.248047
vt 0.681641 0.378906
vt 0.062500 0.257812
vt 0.449219 0.246094
vt 0.207031 0.251953
vt 0.427734 0.246094
vt 0.072266 0.257812
vt 0.207031 0.242188
vt 0.062500 0.251953
vt 0.449219 0.240234
vt 0.232422 0.251953
vt 0.427734 0.240234
vt 0.072266 0.251953
vt 0.232422 0.242188
vt 0.431641 0.246094
vt 0.742188 0.867188
vt 0.210938 0.242188
vt 0.445312 0.246094
vt 0.751953 0.867188
vt 0.210938 0.251953
vt 0.431641 0.240234
vt 0.742188 0.861328
vt 0.236328 0.242188
vt 0.445312 0.240234
vt 0.751953 0.861328
vt 0.236328 0.251953
vt 0.296875 0.257812
vt 0.464844 0.246094
vt 0.236328 0.251953
vt 0.457031 0.246094
vt 0.306641 0.257812
vt 0.236328 0.242188
vt 0.296875 0.251953
vt 0.464844 0.240234
vt 0.240234 0.251953
vt 0.457031 0.240234
vt 0.306641 0.251953
vt 0.240234 0.242188
vt 0.460938 0.246094
vt 0.306641 0.257812
vt 0.240234 0.242188
vt 0.460938 0.246094
vt 0.316406 0.257812
vt 0.240234 0.251953
vt 0.460938 0.240234
vt 0.306641 0.251953
vt 0.244141 0.242188
vt 0.460938 0.240234
vt 0.316406 0.251953
vt 0.244141 0.251953
vt 0.748047 0.306641
vt 0.767578 0.269531
vt 0.371094 0.369141
vt 0.746094 0.271484
vt 0.765625 0.306641
vt 0.371094 0.351562
vt 0.748047 0.304688
vt 0.767578 0.267578
vt 0.541016 0.369141
vt 0.746094 0.269531
vt 0.765625 0.304688
vt 0.541016 0.351562
vt 0.767578 0.271484
vt 0.748047 0.304688
vt 0.392578 0.351562
vt 0.746094 0.269531
vt 0.765625 0.304688
vt 0.392578 0.369141
vt 0.767578 0.269531
vt 0.748047 0.302734
vt 0.562500 0.351562
vt 0.746094 0.267578
vt 0.765625 0.302734
vt 0.562500 0.369141
vt 0.306641 0.238281
vt 0.771484 0.429688
vt 0.708984 0.400391
vt 0.703125 0.457031
vt 0.308594 0.238281
vt 0.708984 0.398438
vt 0.306641 0.236328
vt 0.771484 0.427734
vt 0.710938 0.695312
vt 0.703125 0.455078
vt 0.308594 0.236328
vt 0.710938 0.693359
vt 0.767578 0.457031
vt 0.308594 0.238281
vt 0.773438 0.398438
vt 0.707031 0.429688
vt 0.310547 0.238281
vt 0.773438 0.400391
vt 0.767578 0.455078
vt 0.308594 0.236328
vt 0.775391 0.693359
vt 0.707031 0.427734
vt 0.310547 0.236328
vt 0.775391 0.695312
vt 0.742188 0.929688
vt 0.556641 0.240234
vt 0.228516 0.279297
vt 0.548828 0.240234
vt 0.771484 0.929688
vt 0.228516 0.250000
vt 0.742188 0.927734
vt 0.556641 0.238281
vt 0.541016 0.279297
vt 0.548828 0.238281
vt 0.771484 0.927734
vt 0.541016 0.250000
vt 0.552734 0.240234
vt 0.742188 0.927734
vt 0.232422 0.250000
vt 0.552734 0.240234
vt 0.771484 0.927734
vt 0.232422 0.279297
vt 0.552734 0.238281
vt 0.742188 0.925781
vt 0.544922 0.250000
vt 0.552734 0.238281
vt 0.771484 0.925781
vt 0.544922 0.279297
vt 0.515625 0.253906
vt 0.519531 0.253906
vt 0.263672 0.238281
vt 0.494141 0.253906
vt 0.517578 0.253906
vt 0.263672 0.236328
vt 0.515625 0.232422
vt 0.519531 0.232422
vt 0.265625 0.238281
vt 0.494141 0.232422
vt 0.517578 0.232422
vt 0.265625 0.236328
vt 0.496094 0.253906
vt 0.519531 0.253906
vt 0.265625 0.236328
vt 0.517578 0.253906
vt 0.521484 0.253906
vt 0.265625 0.238281
vt 0.496094 0.232422
vt 0.519531 0.232422
vt 0.267578 0.236328
vt 0.517578 0.232422
vt 0.521484 0.232422
vt 0.267578 0.238281
vt 0.742188 0.494141
vt 0.257812 0.238281
vt 0.505859 0.259766
vt 0.253906 0.238281
vt 0.769531 0.494141
vt 0.505859 0.232422
vt 0.742188 0.492188
vt 0.257812 0.236328
vt 0.535156 0.259766
vt 0.253906 0.236328
vt 0.769531 0.492188
vt 0.535156 0.232422
vt 0.255859 0.238281
vt 0.742188 0.492188
vt 0.507812 0.232422
vt 0.255859 0.238281
vt 0.769531 0.492188
vt 0.507812 0.259766
vt 0.255859 0.236328
vt 0.742188 0.490234
vt 0.537109 0.232422
vt 0.255859 0.236328
vt 0.769531 0.490234
vt 0.537109 0.259766
vt 0.746094 0.876953
vt 0.263672 0.238281
vt 0.287109 0.345703
vt 0.257812 0.238281
vt 0.769531 0.876953
vt 0.287109 0.322266
vt 0.746094 0.875000
vt 0.263672 0.236328
vt 0.529297 0.257812
vt 0.257812 0.236328
vt 0.769531 0.875000
vt 0.529297 0.234375
vt 0.259766 0.238281
vt 0.746094 0.875000
vt 0.289062 0.322266
vt 0.261719 0.238281
vt 0.769531 0.875000
vt 0.289062 0.345703
vt 0.259766 0.236328
vt 0.746094 0.873047
vt 0.531250 0.234375
vt 0.261719 0.236328
vt 0.769531 0.873047
vt 0.531250 0.257812
vt 0.115234 0.259766
vt 0.261719 0.246094
vt 0.496094 0.242188
vt 0.091797 0.246094
vt 0.121094 0.259766
vt 0.496094 0.236328
vt 0.115234 0.248047
vt 0.261719 0.234375
vt 0.498047 0.242188
vt 0.091797 0.234375
vt 0.121094 0.248047
vt 0.498047 0.236328
vt 0.093750 0.246094
vt 0.121094 0.259766
vt 0.498047 0.236328
vt 0.259766 0.246094
vt 0.126953 0.259766
vt 0.498047 0.242188
vt 0.093750 0.234375
vt 0.121094 0.248047
vt 0.500000 0.236328
vt 0.259766 0.234375
vt 0.126953 0.248047
vt 0.500000 0.242188
vt 0.720703 0.820312
vt 0.242188 0.238281
vt 0.291016 0.662109
vt 0.238281 0.238281
vt 0.779297 0.820312
vt 0.291016 0.603516
vt 0.720703 0.818359
vt 0.242188 0.236328
vt 0.093750 0.318359
vt 0.238281 0.236328
vt 0.779297 0.818359
vt 0.093750 0.259766
vt 0.240234 0.238281
vt 0.720703 0.818359
vt 0.292969 0.603516
vt 0.240234 0.238281
vt 0.779297 0.818359
vt 0.292969 0.662109
vt 0.240234 0.236328
vt 0.720703 0.816406
vt 0.095703 0.259766
vt 0.240234 0.236328
vt 0.779297 0.816406
vt 0.095703 0.318359
vt 0.714844 0.589844
vt 0.380859 0.240234
vt 0.136719 0.259766
vt 0.376953 0.240234
vt 0.746094 0.589844
vt 0.136719 0.228516
vt 0.714844 0.585938
vt 0.380859 0.236328
vt 0.333984 0.259766
vt 0.376953 0.236328
vt 0.746094 0.585938
vt 0.333984 0.228516
vt 0.378906 0.240234
vt 0.716797 0.349609
vt 0.138672 0.228516
vt 0.378906 0.240234
vt 0.748047 0.349609
vt 0.138672 0.259766
vt 0.378906 0.236328
vt 0.716797 0.345703
vt 0.335938 0.228516
vt 0.378906 0.236328
vt 0.748047 0.345703
vt 0.335938 0.259766
vt 0.250000 0.238281
vt 0.746094 0.255859
vt 0.744141 0.277344
vt 0.744141 0.279297
vt 0.251953 0.238281
vt 0.744141 0.275391
vt 0.250000 0.236328
vt 0.746094 0.253906
vt 0.744141 0.275391
vt 0.744141 0.277344
vt 0.251953 0.236328
vt 0.744141 0.273438
vt 0.767578 0.279297
vt 0.251953 0.238281
vt 0.767578 0.275391
vt 0.722656 0.255859
vt 0.253906 0.238281
vt 0.767578 0.277344
vt 0.767578 0.277344
vt 0.251953 0.236328
vt 0.767578 0.273438
vt 0.722656 0.253906
vt 0.253906 0.236328
vt 0.767578 0.275391
vt 0.720703 0.599609
vt 0.250000 0.238281
vt 0.095703 0.318359
vt 0.242188 0.238281
vt 0.779297 0.599609
vt 0.095703 0.259766
vt 0.720703 0.597656
vt 0.250000 0.236328
vt 0.437500 0.302734
vt 0.242188 0.236328
vt 0.779297 0.597656
vt 0.437500 0.244141
vt 0.244141 0.238281
vt 0.720703 0.480469
vt 0.097656 0.259766
vt 0.248047 0.238281
vt 0.779297 0.480469
vt 0.097656 0.318359
vt 0.244141 0.236328
vt 0.720703 0.478516
vt 0.439453 0.244141
vt 0.248047 0.236328
vt 0.779297 0.478516
vt 0.439453 0.302734
vt 0.630859 0.908203
vt 0.599609 0.431641
vt 0.570312 1.000000
vt 0.253906 0.589844
vt 0.650391 0.908203
vt 0.570312 0.980469
vt 0.630859 0.888672
vt 0.599609 0.412109
vt 0.570312 0.980469
vt 0.253906 0.570312
vt 0.650391 0.888672
vt 0.570312 0.960938
vt 0.285156 0.589844
vt 0.630859 0.888672
vt 0.601562 0.980469
vt 0.568359 0.431641
vt 0.650391 0.888672
vt 0.601562 1.000000
vt 0.285156 0.570312
vt 0.630859 0.869141
vt 0.601562 0.960938
vt 0.568359 0.412109
vt 0.650391 0.869141
vt 0.601562 0.980469
vt 0.246094 0.429688
vt 0.441406 0.255859
vt 0.595703 0.255859
vt 0.271484 0.255859
vt 0.269531 0.429688
vt 0.595703 0.232422
vt 0.246094 0.406250
vt 0.441406 0.232422
vt 0.597656 0.255859
vt 0.271484 0.232422
vt 0.269531 0.406250
vt 0.597656 0.232422
vt 0.273438 0.255859
vt 0.460938 0.419922
vt 0.597656 0.232422
vt 0.439453 0.255859
vt 0.484375 0.419922
vt 0.597656 0.255859
vt 0.273438 0.232422
vt 0.460938 0.396484
vt 0.599609 0.232422
vt 0.439453 0.232422
vt 0.484375 0.396484
vt 0.599609 0.255859
vt 0.167969 0.298828
vt 0.492188 0.244141
vt 0.511719 0.244141
vt 0.437500 0.244141
vt 0.175781 0.298828
vt 0.511719 0.236328
vt 0.167969 0.291016
vt 0.492188 0.236328
vt 0.671875 0.244141
vt 0.437500 0.236328
vt 0.175781 0.291016
vt 0.671875 0.236328
vt 0.439453 0.244141
vt 0.072266 0.291016
vt 0.513672 0.236328
vt 0.490234 0.244141
vt 0.080078 0.291016
vt 0.513672 0.244141
vt 0.439453 0.236328
vt 0.072266 0.283203
vt 0.673828 0.236328
vt 0.490234 0.236328
vt 0.080078 0.283203
vt 0.673828 0.244141
vt 0.750000 0.578125
vt 0.769531 0.470703
vt 0.605469 0.654297
vt 0.740234 0.517578
vt 0.765625 0.578125
vt 0.605469 0.638672
vt 0.750000 0.576172
vt 0.769531 0.468750
vt 0.605469 0.638672
vt 0.740234 0.515625
vt 0.765625 0.576172
vt 0.605469 0.623047
vt 0.769531 0.517578
vt 0.750000 0.562500
vt 0.634766 0.638672
vt 0.740234 0.470703
vt 0.765625 0.562500
vt 0.634766 0.654297
vt 0.769531 0.515625
vt 0.750000 0.560547
vt 0.634766 0.623047
vt 0.740234 0.468750
vt 0.765625 0.560547
vt 0.634766 0.638672
vt 0.380859 0.462891
vt 0.095703 0.259766
vt 0.537109 0.259766
vt 0.294922 0.261719
vt 0.406250 0.462891
vt 0.537109 0.234375
vt 0.380859 0.429688
vt 0.095703 0.226562
vt 0.539062 0.259766
vt 0.294922 0.228516
vt 0.406250 0.429688
vt 0.539062 0.234375
vt 0.296875 0.261719
vt 0.406250 0.462891
vt 0.539062 0.234375
vt 0.093750 0.259766
vt 0.431641 0.462891
vt 0.539062 0.259766
vt 0.296875 0.228516
vt 0.406250 0.429688
vt 0.541016 0.234375
vt 0.093750 0.226562
vt 0.431641 0.429688
vt 0.541016 0.259766
vt 0.722656 0.253906
vt 0.759766 0.257812
vt 0.025391 0.416016
vt 0.681641 0.257812
vt 0.744141 0.253906
vt 0.025391 0.394531
vt 0.722656 0.251953
vt 0.759766 0.255859
vt 0.132812 0.416016
vt 0.681641 0.255859
vt 0.744141 0.251953
vt 0.132812 0.394531
vt 0.707031 0.257812
vt 0.746094 0.273438
vt 0.050781 0.394531
vt 0.734375 0.257812
vt 0.767578 0.273438
vt 0.050781 0.416016
vt 0.707031 0.255859
vt 0.746094 0.271484
vt 0.158203 0.394531
vt 0.734375 0.255859
vt 0.767578 0.271484
vt 0.158203 0.416016
vt 0.740234 0.785156
vt 0.763672 0.244141
vt 0.250000 0.337891
vt 0.734375 0.242188
vt 0.775391 0.785156
vt 0.250000 0.302734
vt 0.740234 0.783203
vt 0.763672 0.242188
vt 0.662109 0.609375
vt 0.734375 0.240234
vt 0.775391 0.783203
vt 0.662109 0.574219
vt 0.740234 0.242188
vt 0.740234 0.783203
vt 0.255859 0.302734
vt 0.757812 0.244141
vt 0.775391 0.783203
vt 0.255859 0.337891
vt 0.740234 0.240234
vt 0.740234 0.781250
vt 0.667969 0.574219
vt 0.757812 0.242188
vt 0.775391 0.781250
vt 0.667969 0.609375
vt 0.345703 0.240234
vt 0.769531 0.507812
vt 0.722656 0.916016
vt 0.742188 0.509766
vt 0.349609 0.240234
vt 0.722656 0.912109
vt 0.345703 0.238281
vt 0.769531 0.505859
vt 0.722656 0.912109
vt 0.742188 0.507812
vt 0.349609 0.238281
vt 0.722656 0.908203
vt 0.769531 0.509766
vt 0.349609 0.240234
vt 0.750000 0.912109
vt 0.742188 0.507812
vt 0.353516 0.240234
vt 0.750000 0.916016
vt 0.769531 0.507812
vt 0.349609 0.238281
vt 0.750000 0.908203
vt 0.742188 0.505859
vt 0.353516 0.238281
vt 0.750000 0.912109
vt 0.296875 0.251953
vt 0.763672 0.357422
vt 0.501953 0.279297
vt 0.640625 0.242188
vt 0.316406 0.251953
vt 0.501953 0.259766
vt 0.296875 0.250000
vt 0.763672 0.355469
vt 0.535156 0.279297
vt 0.640625 0.240234
vt 0.316406 0.250000
vt 0.535156 0.259766
vt 0.646484 0.242188
vt 0.748047 0.693359
vt 0.507812 0.259766
vt 0.757812 0.357422
vt 0.767578 0.693359
vt 0.507812 0.279297
vt 0.646484 0.240234
vt 0.748047 0.691406
vt 0.541016 0.259766
vt 0.757812 0.355469
vt 0.767578 0.691406
vt 0.541016 0.279297
vt 0.748047 0.347656
vt 0.587891 0.244141
vt 0.412109 0.300781
vt 0.572266 0.244141
vt 0.765625 0.347656
vt 0.412109 0.283203
vt 0.748047 0.345703
vt 0.587891 0.242188
vt 0.699219 0.445312
vt 0.572266 0.242188
vt 0.765625 0.345703
vt 0.699219 0.427734
vt 0.580078 0.244141
vt 0.748047 0.320312
vt 0.419922 0.283203
vt 0.580078 0.244141
vt 0.765625 0.320312
vt 0.419922 0.300781
vt 0.580078 0.242188
vt 0.748047 0.318359
vt 0.707031 0.427734
vt 0.580078 0.242188
vt 0.765625 0.318359
vt 0.707031 0.445312
vt 0.751953 0.921875
vt 0.640625 0.242188
vt 0.156250 0.263672
vt 0.617188 0.242188
vt 0.765625 0.921875
vt 0.156250 0.250000
vt 0.751953 0.919922
vt 0.640625 0.240234
vt 0.191406 0.263672
vt 0.617188 0.240234
vt 0.765625 0.919922
vt 0.191406 0.250000
vt 0.623047 0.242188
vt 0.751953 0.919922
vt 0.162109 0.250000
vt 0.634766 0.242188
vt 0.765625 0.919922
vt 0.162109 0.263672
vt 0.623047 0.240234
vt 0.751953 0.917969
vt 0.197266 0.250000
vt 0.634766 0.240234
vt 0.765625 0.917969
vt 0.197266 0.263672
vt 0.324219 0.240234
vt 0.734375 0.244141
vt 0.394531 0.250000
vt 0.683594 0.244141
vt 0.328125 0.240234
vt 0.394531 0.246094
vt 0.324219 0.238281
vt 0.734375 0.242188
vt 0.421875 0.250000
vt 0.683594 0.242188
vt 0.328125 0.238281
vt 0.421875 0.246094
vt 0.691406 0.244141
vt 0.335938 0.240234
vt 0.402344 0.246094
vt 0.726562 0.244141
vt 0.339844 0.240234
vt 0.402344 0.250000
vt 0.691406 0.242188
vt 0.335938 0.238281
vt 0.429688 0.246094
vt 0.726562 0.242188
vt 0.339844 0.238281
vt 0.429688 0.250000
vt 0.759766 0.679688
vt 0.111328 0.246094
vt 0.744141 0.597656
vt 0.751953 0.623047
vt 0.763672 0.679688
vt 0.744141 0.593750
vt 0.759766 0.677734
vt 0.111328 0.244141
vt 0.744141 0.593750
vt 0.751953 0.621094
vt 0.763672 0.677734
vt 0.744141 0.589844
vt 0.763672 0.623047
vt 0.759766 0.677734
vt 0.755859 0.593750
vt 0.099609 0.246094
vt 0.763672 0.677734
vt 0.755859 0.597656
vt 0.763672 0.621094
vt 0.759766 0.675781
vt 0.755859 0.589844
vt 0.099609 0.244141
vt 0.763672 0.675781
vt 0.755859 0.593750
vt 0.722656 0.242188
vt 0.683594 0.244141
vt 0.373047 0.255859
vt 0.755859 0.414062
vt 0.728516 0.242188
vt 0.373047 0.250000
vt 0.722656 0.240234
vt 0.683594 0.242188
vt 0.394531 0.255859
vt 0.755859 0.412109
vt 0.728516 0.240234
vt 0.394531 0.250000
vt 0.763672 0.414062
vt 0.728516 0.242188
vt 0.380859 0.250000
vt 0.675781 0.244141
vt 0.734375 0.242188
vt 0.380859 0.255859
vt 0.763672 0.412109
vt 0.728516 0.240234
vt 0.402344 0.250000
vt 0.675781 0.242188
vt 0.734375 0.240234
vt 0.402344 0.255859
vt 0.675781 0.242188
vt 0.324219 0.240234
vt 0.751953 0.251953
vt 0.316406 0.240234
vt 0.681641 0.242188
vt 0.751953 0.246094
vt 0.675781 0.240234
vt 0.324219 0.238281
vt 0.031250 0.246094
vt 0.316406 0.238281
vt 0.681641 0.240234
vt 0.031250 0.240234
vt 0.320312 0.240234
vt 0.681641 0.242188
vt 0.755859 0.246094
vt 0.320312 0.240234
vt 0.687500 0.242188
vt 0.755859 0.251953
vt 0.320312 0.238281
vt 0.681641 0.240234
vt 0.035156 0.240234
vt 0.320312 0.238281
vt 0.687500 0.240234
vt 0.035156 0.246094
vt 0.757812 0.355469
vt 0.316406 0.240234
vt 0.734375 0.248047
vt 0.308594 0.240234
vt 0.763672 0.355469
vt 0.734375 0.242188
vt 0.757812 0.353516
vt 0.316406 0.238281
vt 0.738281 0.248047
vt 0.308594 0.238281
vt 0.763672 0.353516
vt 0.738281 0.242188
vt 0.312500 0.240234
vt 0.652344 0.242188
vt 0.738281 0.242188
vt 0.312500 0.240234
vt 0.658203 0.242188
vt 0.738281 0.248047
vt 0.312500 0.238281
vt 0.652344 0.240234
vt 0.742188 0.242188
vt 0.312500 0.238281
vt 0.658203 0.240234
vt 0.742188 0.248047
vt 0.652344 0.248047
vt 0.753906 0.318359
vt 0.660156 0.248047
vt 0.681641 0.251953
vt 0.656250 0.248047
vt 0.660156 0.244141
vt 0.652344 0.242188
vt 0.753906 0.312500
vt 0.728516 0.248047
vt 0.681641 0.246094
vt 0.656250 0.242188
vt 0.728516 0.244141
vt 0.687500 0.251953
vt 0.656250 0.248047
vt 0.666016 0.244141
vt 0.748047 0.318359
vt 0.660156 0.248047
vt 0.666016 0.248047
vt 0.687500 0.246094
vt 0.656250 0.242188
vt 0.734375 0.244141
vt 0.748047 0.312500
vt 0.660156 0.242188
vt 0.734375 0.248047
vt 0.486328 0.248047
vt 0.671875 0.244141
vt 0.376953 0.248047
vt 0.664062 0.244141
vt 0.492188 0.248047
vt 0.376953 0.242188
vt 0.486328 0.244141
vt 0.671875 0.240234
vt 0.441406 0.248047
vt 0.664062 0.240234
vt 0.492188 0.244141
vt 0.441406 0.242188
vt 0.667969 0.244141
vt 0.507812 0.248047
vt 0.380859 0.242188
vt 0.667969 0.244141
vt 0.513672 0.248047
vt 0.380859 0.248047
vt 0.667969 0.240234
vt 0.507812 0.244141
vt 0.445312 0.242188
vt 0.667969 0.240234
vt 0.513672 0.244141
vt 0.445312 0.248047
vt 0.591797 0.244141
vt 0.603516 0.244141
vt 0.607422 0.244141
vt 0.587891 0.244141
vt 0.595703 0.244141
vt 0.607422 0.240234
vt 0.591797 0.240234
vt 0.603516 0.240234
vt 0.660156 0.244141
vt 0.587891 0.240234
vt 0.595703 0.240234
vt 0.660156 0.240234
vt 0.591797 0.244141
vt 0.603516 0.244141
vt 0.611328 0.240234
vt 0.599609 0.244141
vt 0.607422 0.244141
vt 0.611328 0.244141
vt 0.591797 0.240234
vt 0.603516 0.240234
vt 0.664062 0.240234
vt 0.599609 0.240234
vt 0.607422 0.240234
vt 0.664062 0.244141
vt 0.757812 0.390625
vt 0.775391 0.787109
vt 0.662109 0.789062
vt 0.740234 0.789062
vt 0.763672 0.390625
vt 0.662109 0.783203
vt 0.757812 0.388672
vt 0.775391 0.785156
vt 0.662109 0.652344
vt 0.740234 0.787109
vt 0.763672 0.388672
vt 0.662109 0.646484
vt 0.775391 0.789062
vt 0.611328 0.242188
vt 0.697266 0.783203
vt 0.740234 0.787109
vt 0.617188 0.242188
vt 0.697266 0.789062
vt 0.775391 0.787109
vt 0.611328 0.240234
vt 0.697266 0.646484
vt 0.740234 0.785156
vt 0.617188 0.240234
vt 0.697266 0.652344
vt 0.630859 0.947266
vt 0.171875 0.251953
vt 0.203125 0.251953
vt 0.167969 0.251953
vt 0.650391 0.947266
vt 0.203125 0.232422
vt 0.630859 0.927734
vt 0.171875 0.232422
vt 0.205078 0.251953
vt 0.167969 0.232422
vt 0.650391 0.927734
vt 0.205078 0.232422
vt 0.169922 0.251953
vt 0.630859 0.927734
vt 0.205078 0.232422
vt 0.169922 0.251953
vt 0.650391 0.927734
vt 0.205078 0.251953
vt 0.169922 0.232422
vt 0.630859 0.908203
vt 0.207031 0.232422
vt 0.169922 0.232422
vt 0.650391 0.908203
vt 0.207031 0.251953
vt 0.742188 0.333984
vt 0.765625 0.349609
vt 0.388672 0.394531
vt 0.748047 0.431641
vt 0.767578 0.333984
vt 0.388672 0.369141
vt 0.742188 0.332031
vt 0.765625 0.347656
vt 0.044922 0.392578
vt 0.748047 0.429688
vt 0.767578 0.332031
vt 0.044922 0.367188
vt 0.765625 0.431641
vt 0.742188 0.332031
vt 0.406250 0.369141
vt 0.748047 0.349609
vt 0.767578 0.332031
vt 0.406250 0.394531
vt 0.765625 0.429688
vt 0.742188 0.330078
vt 0.062500 0.367188
vt 0.748047 0.347656
vt 0.767578 0.330078
vt 0.062500 0.392578
vt 0.601562 0.830078
vt 0.220703 0.300781
vt 0.033203 0.337891
vt 0.111328 0.300781
vt 0.628906 0.830078
vt 0.033203 0.310547
vt 0.601562 0.812500
vt 0.220703 0.283203
vt 0.041016 0.337891
vt 0.111328 0.283203
vt 0.628906 0.812500
vt 0.041016 0.310547
vt 0.119141 0.300781
vt 0.603516 0.947266
vt 0.041016 0.310547
vt 0.212891 0.300781
vt 0.630859 0.947266
vt 0.041016 0.337891
vt 0.119141 0.283203
vt 0.603516 0.929688
vt 0.048828 0.310547
vt 0.212891 0.283203
vt 0.630859 0.929688
vt 0.048828 0.337891
vt 0.349609 1.000000
vt 0.167969 0.251953
vt 0.152344 0.394531
vt 0.164062 0.251953
vt 0.570312 1.000000
vt 0.152344 0.173828
vt 0.349609 0.980469
vt 0.167969 0.232422
vt 0.154297 0.394531
vt 0.164062 0.232422
vt 0.570312 0.980469
vt 0.154297 0.173828
vt 0.166016 0.251953
vt 0.349609 0.980469
vt 0.154297 0.173828
vt 0.166016 0.251953
vt 0.570312 0.980469
vt 0.154297 0.394531
vt 0.166016 0.232422
vt 0.349609 0.960938
vt 0.156250 0.173828
vt 0.166016 0.232422
vt 0.570312 0.960938
vt 0.156250 0.394531
vt 0.724609 0.570312
vt 0.740234 0.748047
vt 0.750000 0.582031
vt 0.724609 0.783203
vt 0.726562 0.570312
vt 0.750000 0.580078
vt 0.724609 0.564453
vt 0.740234 0.742188
vt 0.750000 0.580078
vt 0.724609 0.777344
vt 0.726562 0.564453
vt 0.750000 0.578125
vt 0.740234 0.783203
vt 0.734375 0.386719
vt 0.765625 0.580078
vt 0.724609 0.748047
vt 0.736328 0.386719
vt 0.765625 0.582031
vt 0.740234 0.777344
vt 0.734375 0.380859
vt 0.765625 0.578125
vt 0.724609 0.742188
vt 0.736328 0.380859
vt 0.765625 0.580078
vt 0.582031 0.449219
vt 0.769531 0.511719
vt 0.054688 0.767578
vt 0.742188 0.513672
vt 0.812500 0.449219
vt 0.054688 0.537109
vt 0.582031 0.447266
vt 0.769531 0.509766
vt 0.082031 0.767578
vt 0.742188 0.511719
vt 0.812500 0.447266
vt 0.082031 0.537109
vt 0.769531 0.513672
vt 0.582031 0.447266
vt 0.082031 0.537109
vt 0.742188 0.511719
vt 0.812500 0.447266
vt 0.082031 0.767578
vt 0.769531 0.511719
vt 0.582031 0.445312
vt 0.109375 0.537109
vt 0.742188 0.509766
vt 0.812500 0.445312
vt 0.109375 0.767578
vt 0.751953 0.626953
vt 0.769531 0.515625
vt 0.634766 0.964844
vt 0.742188 0.533203
vt 0.763672 0.626953
vt 0.634766 0.953125
vt 0.751953 0.625000
vt 0.769531 0.513672
vt 0.634766 0.812500
vt 0.742188 0.531250
vt 0.763672 0.625000
vt 0.634766 0.800781
vt 0.769531 0.533203
vt 0.751953 0.625000
vt 0.662109 0.953125
vt 0.742188 0.515625
vt 0.763672 0.625000
vt 0.662109 0.964844
vt 0.769531 0.531250
vt 0.751953 0.623047
vt 0.662109 0.800781
vt 0.742188 0.513672
vt 0.763672 0.623047
vt 0.662109 0.812500
vt 0.759766 0.957031
vt 0.769531 0.488281
vt 0.697266 0.742188
vt 0.742188 0.490234
vt 0.765625 0.957031
vt 0.697266 0.736328
vt 0.759766 0.955078
vt 0.769531 0.486328
vt 0.697266 0.736328
vt 0.742188 0.488281
vt 0.765625 0.955078
vt 0.697266 0.730469
vt 0.769531 0.490234
vt 0.759766 0.955078
vt 0.724609 0.736328
vt 0.742188 0.488281
vt 0.765625 0.955078
vt 0.724609 0.742188
vt 0.769531 0.488281
vt 0.759766 0.953125
vt 0.724609 0.730469
vt 0.742188 0.486328
vt 0.765625 0.953125
vt 0.724609 0.736328
vt 0.099609 0.298828
vt 0.605469 0.623047
vt 0.503906 0.734375
vt 0.480469 0.916016
vt 0.111328 0.298828
vt 0.503906 0.722656
vt 0.099609 0.287109
vt 0.605469 0.611328
vt 0.281250 0.494141
vt 0.480469 0.904297
vt 0.111328 0.287109
vt 0.281250 0.482422
vt 0.583984 0.916016
vt 0.128906 0.298828
vt 0.607422 0.722656
vt 0.501953 0.623047
vt 0.140625 0.298828
vt 0.607422 0.734375
vt 0.583984 0.904297
vt 0.128906 0.287109
vt 0.384766 0.482422
vt 0.501953 0.611328
vt 0.140625 0.287109
vt 0.384766 0.494141
vt 0.744141 0.697266
vt 0.363281 0.240234
vt 0.111328 0.275391
vt 0.355469 0.240234
vt 0.767578 0.697266
vt 0.111328 0.251953
vt 0.744141 0.695312
vt 0.363281 0.238281
vt 0.164062 0.275391
vt 0.355469 0.238281
vt 0.767578 0.695312
vt 0.164062 0.251953
vt 0.359375 0.240234
vt 0.568359 0.255859
vt 0.115234 0.251953
vt 0.359375 0.240234
vt 0.591797 0.255859
vt 0.115234 0.275391
vt 0.359375 0.238281
vt 0.568359 0.253906
vt 0.167969 0.251953
vt 0.359375 0.238281
vt 0.591797 0.253906
vt 0.167969 0.275391
vt 0.363281 0.691406
vt 0.439453 0.738281
vt 0.242188 1.000000
vt 0.367188 0.779297
vt 0.445312 0.691406
vt 0.242188 0.917969
vt 0.363281 0.650391
vt 0.439453 0.697266
vt 0.242188 0.917969
vt 0.367188 0.738281
vt 0.445312 0.650391
vt 0.242188 0.835938
vt 0.439453 0.779297
vt 0.363281 0.650391
vt 0.314453 0.917969
vt 0.367188 0.738281
vt 0.445312 0.650391
vt 0.314453 1.000000
vt 0.439453 0.738281
vt 0.363281 0.609375
vt 0.314453 0.835938
vt 0.367188 0.697266
vt 0.445312 0.609375
vt 0.314453 0.917969
vt 0.751953 0.898438
vt 0.773438 0.761719
vt 0.478516 0.472656
vt 0.699219 0.763672
vt 0.765625 0.898438
vt 0.478516 0.458984
vt 0.751953 0.896484
vt 0.773438 0.759766
vt 0.529297 0.943359
vt 0.699219 0.761719
vt 0.765625 0.896484
vt 0.529297 0.929688
vt 0.773438 0.763672
vt 0.751953 0.896484
vt 0.552734 0.458984
vt 0.699219 0.761719
vt 0.765625 0.896484
vt 0.552734 0.472656
vt 0.773438 0.761719
vt 0.751953 0.894531
vt 0.603516 0.929688
vt 0.699219 0.759766
vt 0.765625 0.894531
vt 0.603516 0.943359
vt 0.697266 0.582031
vt 0.498047 0.458984
vt 0.529297 0.816406
vt 0.535156 0.853516
vt 0.710938 0.582031
vt 0.529297 0.802734
vt 0.697266 0.570312
vt 0.498047 0.447266
vt 0.314453 0.470703
vt 0.535156 0.841797
vt 0.710938 0.570312
vt 0.314453 0.457031
vt 0.601562 0.853516
vt 0.488281 0.302734
vt 0.595703 0.802734
vt 0.431641 0.458984
vt 0.501953 0.302734
vt 0.595703 0.816406
vt 0.601562 0.841797
vt 0.488281 0.291016
vt 0.380859 0.457031
vt 0.431641 0.447266
vt 0.501953 0.291016
vt 0.380859 0.470703
vt 0.123047 0.310547
vt 0.412109 0.308594
vt 0.025391 0.250000
vt 0.423828 0.318359
vt 0.128906 0.310547
vt 0.025391 0.244141
vt 0.123047 0.281250
vt 0.412109 0.279297
vt 0.750000 0.974609
vt 0.423828 0.289062
vt 0.128906 0.281250
vt 0.750000 0.968750
vt 0.429688 0.318359
vt 0.232422 0.304688
vt 0.031250 0.244141
vt 0.406250 0.308594
vt 0.238281 0.304688
vt 0.031250 0.250000
vt 0.429688 0.289062
vt 0.232422 0.275391
vt 0.755859 0.968750
vt 0.406250 0.279297
vt 0.238281 0.275391
vt 0.755859 0.974609
vt 0.701172 0.867188
vt 0.613281 0.535156
vt 0.509766 0.523438
vt 0.509766 0.546875
vt 0.712891 0.867188
vt 0.509766 0.511719
vt 0.701172 0.855469
vt 0.613281 0.523438
vt 0.509766 0.511719
vt 0.509766 0.535156
vt 0.712891 0.855469
vt 0.509766 0.500000
vt 0.613281 0.546875
vt 0.156250 0.298828
vt 0.613281 0.511719
vt 0.509766 0.535156
vt 0.167969 0.298828
vt 0.613281 0.523438
vt 0.613281 0.535156
vt 0.156250 0.287109
vt 0.613281 0.500000
vt 0.509766 0.523438
vt 0.167969 0.287109
vt 0.613281 0.511719
vt 0.298828 0.298828
vt 0.615234 0.710938
vt 0.281250 0.482422
vt 0.511719 0.722656
vt 0.310547 0.298828
vt 0.281250 0.470703
vt 0.298828 0.287109
vt 0.615234 0.699219
vt 0.517578 0.699219
vt 0.511719 0.710938
vt 0.310547 0.287109
vt 0.517578 0.687500
vt 0.615234 0.722656
vt 0.359375 0.298828
vt 0.384766 0.470703
vt 0.511719 0.710938
vt 0.371094 0.298828
vt 0.384766 0.482422
vt 0.615234 0.710938
vt 0.359375 0.287109
vt 0.621094 0.687500
vt 0.511719 0.699219
vt 0.371094 0.287109
vt 0.621094 0.699219
vt 0.371094 0.298828
vt 0.623047 0.597656
vt 0.519531 0.585938
vt 0.517578 0.687500
vt 0.382812 0.298828
vt 0.519531 0.574219
vt 0.371094 0.287109
vt 0.623047 0.585938
vt 0.519531 0.574219
vt 0.517578 0.675781
vt 0.382812 0.287109
vt 0.519531 0.562500
vt 0.621094 0.687500
vt 0.552734 0.298828
vt 0.623047 0.574219
vt 0.519531 0.597656
vt 0.564453 0.298828
vt 0.623047 0.585938
vt 0.621094 0.675781
vt 0.552734 0.287109
vt 0.623047 0.562500
vt 0.519531 0.585938
vt 0.564453 0.287109
vt 0.623047 0.574219
vt 0.748047 0.285156
vt 0.767578 0.265625
vt 0.562500 0.369141
vt 0.746094 0.267578
vt 0.765625 0.285156
vt 0.562500 0.351562
vt 0.748047 0.283203
vt 0.767578 0.263672
vt 0.632812 0.771484
vt 0.746094 0.265625
vt 0.765625 0.283203
vt 0.632812 0.753906
vt 0.767578 0.267578
vt 0.728516 0.251953
vt 0.583984 0.351562
vt 0.746094 0.265625
vt 0.746094 0.251953
vt 0.583984 0.369141
vt 0.767578 0.265625
vt 0.728516 0.250000
vt 0.654297 0.753906
vt 0.746094 0.263672
vt 0.746094 0.250000
vt 0.654297 0.771484
vt 0.412109 0.261719
vt 0.042969 0.246094
vt 0.441406 0.242188
vt 0.039062 0.246094
vt 0.417969 0.261719
vt 0.441406 0.236328
vt 0.412109 0.250000
vt 0.042969 0.234375
vt 0.443359 0.242188
vt 0.039062 0.234375
vt 0.417969 0.250000
vt 0.443359 0.236328
vt 0.041016 0.246094
vt 0.082031 0.259766
vt 0.443359 0.236328
vt 0.041016 0.246094
vt 0.087891 0.259766
vt 0.443359 0.242188
vt 0.041016 0.234375
vt 0.082031 0.248047
vt 0.445312 0.236328
vt 0.041016 0.234375
vt 0.087891 0.248047
vt 0.445312 0.242188
vt 0.099609 0.259766
vt 0.091797 0.246094
vt 0.468750 0.242188
vt 0.042969 0.246094
vt 0.105469 0.259766
vt 0.468750 0.236328
vt 0.099609 0.248047
vt 0.091797 0.234375
vt 0.470703 0.242188
vt 0.042969 0.234375
vt 0.105469 0.248047
vt 0.470703 0.236328
vt 0.044922 0.246094
vt 0.105469 0.259766
vt 0.470703 0.236328
vt 0.089844 0.246094
vt 0.111328 0.259766
vt 0.470703 0.242188
vt 0.044922 0.234375
vt 0.105469 0.248047
vt 0.472656 0.236328
vt 0.089844 0.234375
vt 0.111328 0.248047
vt 0.472656 0.242188
vt 0.400391 0.291016
vt 0.039062 0.246094
vt 0.208984 0.242188
vt 0.035156 0.246094
vt 0.406250 0.291016
vt 0.208984 0.236328
vt 0.400391 0.279297
vt 0.039062 0.234375
vt 0.408203 0.242188
vt 0.035156 0.234375
vt 0.406250 0.279297
vt 0.408203 0.236328
vt 0.037109 0.246094
vt 0.177734 0.261719
vt 0.210938 0.236328
vt 0.037109 0.246094
vt 0.183594 0.261719
vt 0.210938 0.242188
vt 0.037109 0.234375
vt 0.177734 0.250000
vt 0.410156 0.236328
vt 0.037109 0.234375
vt 0.183594 0.250000
vt 0.410156 0.242188
vt 0.677734 0.976562
vt 0.515625 0.248047
vt 0.173828 0.242188
vt 0.492188 0.248047
vt 0.683594 0.976562
vt 0.173828 0.236328
vt 0.677734 0.964844
vt 0.515625 0.236328
vt 0.207031 0.242188
vt 0.492188 0.236328
vt 0.683594 0.964844
vt 0.207031 0.236328
vt 0.494141 0.248047
vt 0.685547 0.628906
vt 0.175781 0.236328
vt 0.513672 0.248047
vt 0.691406 0.628906
vt 0.175781 0.242188
vt 0.494141 0.236328
vt 0.685547 0.617188
vt 0.208984 0.236328
vt 0.513672 0.236328
vt 0.691406 0.617188
vt 0.208984 0.242188
vt 0.234375 0.238281
vt 0.767578 0.328125
vt 0.681641 0.255859
vt 0.744141 0.330078
vt 0.236328 0.238281
vt 0.681641 0.253906
vt 0.234375 0.236328
vt 0.767578 0.326172
vt 0.744141 0.281250
vt 0.744141 0.328125
vt 0.236328 0.236328
vt 0.744141 0.279297
vt 0.767578 0.330078
vt 0.236328 0.238281
vt 0.705078 0.253906
vt 0.744141 0.328125
vt 0.238281 0.238281
vt 0.705078 0.255859
vt 0.767578 0.328125
vt 0.236328 0.236328
vt 0.767578 0.279297
vt 0.744141 0.326172
vt 0.238281 0.236328
vt 0.767578 0.281250
vt 0.714844 0.876953
vt 0.376953 0.240234
vt 0.095703 0.259766
vt 0.373047 0.240234
vt 0.746094 0.876953
vt 0.095703 0.228516
vt 0.714844 0.873047
vt 0.376953 0.236328
vt 0.134766 0.259766
vt 0.373047 0.236328
vt 0.746094 0.873047
vt 0.134766 0.228516
vt 0.375000 0.240234
vt 0.714844 0.796875
vt 0.097656 0.228516
vt 0.375000 0.240234
vt 0.746094 0.796875
vt 0.097656 0.259766
vt 0.375000 0.236328
vt 0.714844 0.792969
vt 0.136719 0.228516
vt 0.375000 0.236328
vt 0.746094 0.792969
vt 0.136719 0.259766
vt 0.669922 0.783203
vt 0.177734 0.248047
vt 0.083984 0.242188
vt 0.085938 0.248047
vt 0.675781 0.783203
vt 0.083984 0.236328
vt 0.669922 0.771484
vt 0.177734 0.236328
vt 0.171875 0.242188
vt 0.085938 0.236328
vt 0.675781 0.771484
vt 0.171875 0.236328
vt 0.087891 0.248047
vt 0.669922 0.445312
vt 0.085938 0.236328
vt 0.175781 0.248047
vt 0.675781 0.445312
vt 0.085938 0.242188
vt 0.087891 0.236328
vt 0.669922 0.433594
vt 0.173828 0.236328
vt 0.175781 0.236328
vt 0.675781 0.433594
vt 0.173828 0.242188
vt 0.345703 0.244141
vt 0.255859 0.250000
vt 0.750000 0.855469
vt 0.349609 0.244141
vt 0.255859 0.246094
vt 0.345703 0.240234
vt 0.255859 0.246094
vt 0.263672 0.250000
vt 0.750000 0.851562
vt 0.349609 0.240234
vt 0.263672 0.246094
vt 0.757812 0.855469
vt 0.349609 0.244141
vt 0.263672 0.246094
vt 0.248047 0.250000
vt 0.353516 0.244141
vt 0.263672 0.250000
vt 0.757812 0.851562
vt 0.349609 0.240234
vt 0.271484 0.246094
vt 0.248047 0.246094
vt 0.353516 0.240234
vt 0.271484 0.250000
vt 0.662109 0.806641
vt 0.632812 0.746094
vt 0.634766 0.634766
vt 0.208984 0.392578
vt 0.673828 0.806641
vt 0.634766 0.623047
vt 0.662109 0.789062
vt 0.632812 0.728516
vt 0.644531 0.783203
vt 0.208984 0.375000
vt 0.673828 0.789062
vt 0.644531 0.771484
vt 0.234375 0.392578
vt 0.662109 0.669922
vt 0.660156 0.623047
vt 0.607422 0.746094
vt 0.673828 0.669922
vt 0.660156 0.634766
vt 0.234375 0.375000
vt 0.662109 0.652344
vt 0.669922 0.771484
vt 0.607422 0.728516
vt 0.673828 0.652344
vt 0.669922 0.783203
vt 0.429688 0.302734
vt 0.611328 0.789062
vt 0.652344 0.642578
vt 0.101562 0.427734
vt 0.437500 0.302734
vt 0.652344 0.634766
vt 0.429688 0.285156
vt 0.611328 0.771484
vt 0.652344 0.511719
vt 0.101562 0.410156
vt 0.437500 0.285156
vt 0.652344 0.503906
vt 0.132812 0.427734
vt 0.082031 0.300781
vt 0.683594 0.634766
vt 0.580078 0.789062
vt 0.089844 0.300781
vt 0.683594 0.642578
vt 0.132812 0.410156
vt 0.082031 0.283203
vt 0.683594 0.503906
vt 0.580078 0.771484
vt 0.089844 0.283203
vt 0.683594 0.511719
vt 0.212891 0.429688
vt 0.189453 0.386719
vt 0.654297 0.486328
vt 0.611328 0.964844
vt 0.222656 0.429688
vt 0.654297 0.476562
vt 0.212891 0.412109
vt 0.189453 0.369141
vt 0.658203 0.371094
vt 0.611328 0.947266
vt 0.222656 0.412109
vt 0.658203 0.361328
vt 0.634766 0.964844
vt 0.382812 0.333984
vt 0.677734 0.476562
vt 0.166016 0.386719
vt 0.392578 0.333984
vt 0.677734 0.486328
vt 0.634766 0.947266
vt 0.382812 0.316406
vt 0.681641 0.361328
vt 0.166016 0.369141
vt 0.392578 0.316406
vt 0.681641 0.371094
vt 0.660156 0.351562
vt 0.371094 0.394531
vt 0.621094 0.705078
vt 0.605469 0.669922
vt 0.673828 0.351562
vt 0.621094 0.691406
vt 0.660156 0.335938
vt 0.371094 0.378906
vt 0.621094 0.691406
vt 0.605469 0.654297
vt 0.673828 0.335938
vt 0.621094 0.677734
vt 0.634766 0.669922
vt 0.019531 0.337891
vt 0.650391 0.691406
vt 0.341797 0.394531
vt 0.033203 0.337891
vt 0.650391 0.705078
vt 0.634766 0.654297
vt 0.019531 0.322266
vt 0.650391 0.677734
vt 0.341797 0.378906
vt 0.033203 0.322266
vt 0.650391 0.691406
vt 0.533203 0.339844
vt 0.634766 0.812500
vt 0.617188 0.380859
vt 0.000000 0.394531
vt 0.546875 0.339844
vt 0.617188 0.367188
vt 0.533203 0.324219
vt 0.634766 0.796875
vt 0.000000 0.378906
vt 0.000000 0.378906
vt 0.546875 0.324219
vt 0.000000 0.365234
vt 0.029297 0.394531
vt 0.546875 0.339844
vt 0.646484 0.367188
vt 0.605469 0.812500
vt 0.560547 0.339844
vt 0.646484 0.380859
vt 0.029297 0.378906
vt 0.546875 0.324219
vt 0.029297 0.365234
vt 0.605469 0.796875
vt 0.560547 0.324219
vt 0.029297 0.378906
vt 0.660156 0.695312
vt 0.621094 0.396484
vt 0.615234 0.445312
vt 0.603516 0.500000
vt 0.673828 0.695312
vt 0.615234 0.431641
vt 0.660156 0.679688
vt 0.621094 0.380859
vt 0.587891 0.380859
vt 0.603516 0.484375
vt 0.673828 0.679688
vt 0.587891 0.367188
vt 0.632812 0.500000
vt 0.660156 0.634766
vt 0.644531 0.431641
vt 0.591797 0.396484
vt 0.673828 0.634766
vt 0.644531 0.445312
vt 0.632812 0.484375
vt 0.660156 0.619141
vt 0.617188 0.367188
vt 0.591797 0.380859
vt 0.673828 0.619141
vt 0.617188 0.380859
vt 0.396484 0.902344
vt 0.212891 0.300781
vt 0.144531 0.662109
vt 0.697266 0.388672
vt 0.601562 0.902344
vt 0.144531 0.457031
vt 0.396484 0.894531
vt 0.212891 0.292969
vt 0.164062 0.662109
vt 0.697266 0.380859
vt 0.601562 0.894531
vt 0.164062 0.457031
vt 0.716797 0.388672
vt 0.474609 0.837891
vt 0.164062 0.457031
vt 0.193359 0.300781
vt 0.679688 0.837891
vt 0.164062 0.662109
vt 0.716797 0.380859
vt 0.474609 0.830078
vt 0.183594 0.457031
vt 0.193359 0.292969
vt 0.679688 0.830078
vt 0.183594 0.662109
vt 0.673828 0.462891
vt 0.572266 0.244141
vt 0.046875 0.302734
vt 0.556641 0.244141
vt 0.691406 0.462891
vt 0.046875 0.285156
vt 0.673828 0.460938
vt 0.572266 0.242188
vt 0.244141 0.302734
vt 0.556641 0.242188
vt 0.691406 0.460938
vt 0.244141 0.285156
vt 0.564453 0.244141
vt 0.748047 0.433594
vt 0.054688 0.285156
vt 0.564453 0.244141
vt 0.765625 0.433594
vt 0.054688 0.302734
vt 0.564453 0.242188
vt 0.748047 0.431641
vt 0.251953 0.285156
vt 0.564453 0.242188
vt 0.765625 0.431641
vt 0.251953 0.302734
vt 0.750000 0.640625
vt 0.769531 0.519531
vt 0.601562 0.853516
vt 0.740234 0.554688
vt 0.765625 0.640625
vt 0.601562 0.837891
vt 0.750000 0.638672
vt 0.769531 0.517578
vt 0.603516 0.761719
vt 0.740234 0.552734
vt 0.765625 0.638672
vt 0.603516 0.746094
vt 0.769531 0.554688
vt 0.365234 0.250000
vt 0.630859 0.837891
vt 0.740234 0.519531
vt 0.380859 0.250000
vt 0.630859 0.853516
vt 0.769531 0.552734
vt 0.365234 0.248047
vt 0.632812 0.746094
vt 0.740234 0.517578
vt 0.380859 0.248047
vt 0.632812 0.761719
vt 0.578125 0.242188
vt 0.775391 0.931641
vt 0.662109 0.873047
vt 0.740234 0.933594
vt 0.583984 0.242188
vt 0.662109 0.867188
vt 0.578125 0.240234
vt 0.775391 0.929688
vt 0.662109 0.812500
vt 0.740234 0.931641
vt 0.583984 0.240234
vt 0.662109 0.806641
vt 0.775391 0.933594
vt 0.757812 0.392578
vt 0.697266 0.867188
vt 0.740234 0.931641
vt 0.763672 0.392578
vt 0.697266 0.873047
vt 0.775391 0.931641
vt 0.757812 0.390625
vt 0.697266 0.806641
vt 0.740234 0.929688
vt 0.763672 0.390625
vt 0.697266 0.812500
vt 0.171875 0.275391
vt 0.740234 0.789062
vt 0.269531 0.591797
vt 0.203125 0.275391
vt 0.173828 0.275391
vt 0.269531 0.589844
vt 0.171875 0.269531
vt 0.740234 0.783203
vt 0.564453 0.298828
vt 0.203125 0.269531
vt 0.173828 0.269531
vt 0.564453 0.296875
vt 0.218750 0.275391
vt 0.285156 0.589844
vt 0.724609 0.789062
vt 0.220703 0.275391
vt 0.285156 0.591797
vt 0.218750 0.269531
vt 0.580078 0.296875
vt 0.724609 0.783203
vt 0.220703 0.269531
vt 0.580078 0.298828
vt 0.453125 0.482422
vt 0.578125 0.242188
vt 0.255859 0.365234
vt 0.566406 0.242188
vt 0.472656 0.482422
vt 0.255859 0.345703
vt 0.453125 0.480469
vt 0.578125 0.240234
vt 0.445312 0.283203
vt 0.566406 0.240234
vt 0.472656 0.480469
vt 0.445312 0.263672
vt 0.572266 0.242188
vt 0.613281 0.501953
vt 0.261719 0.345703
vt 0.572266 0.242188
vt 0.632812 0.501953
vt 0.261719 0.365234
vt 0.572266 0.240234
vt 0.613281 0.500000
vt 0.451172 0.263672
vt 0.572266 0.240234
vt 0.632812 0.500000
vt 0.451172 0.283203
vt 0.628906 0.431641
vt 0.072266 0.251953
vt 0.111328 0.251953
vt 0.068359 0.251953
vt 0.648438 0.431641
vt 0.111328 0.232422
vt 0.628906 0.412109
vt 0.072266 0.232422
vt 0.113281 0.251953
vt 0.068359 0.232422
vt 0.648438 0.412109
vt 0.113281 0.232422
vt 0.070312 0.251953
vt 0.630859 1.000000
vt 0.113281 0.232422
vt 0.070312 0.251953
vt 0.650391 1.000000
vt 0.113281 0.251953
vt 0.070312 0.232422
vt 0.630859 0.980469
vt 0.115234 0.232422
vt 0.070312 0.232422
vt 0.650391 0.980469
vt 0.115234 0.251953
vt 0.445312 0.611328
vt 0.769531 0.605469
vt 0.000000 0.767578
vt 0.742188 0.636719
vt 0.675781 0.611328
vt 0.000000 0.537109
vt 0.445312 0.609375
vt 0.769531 0.603516
vt 0.027344 0.767578
vt 0.742188 0.634766
vt 0.675781 0.609375
vt 0.027344 0.537109
vt 0.769531 0.636719
vt 0.582031 0.451172
vt 0.027344 0.537109
vt 0.742188 0.605469
vt 0.812500 0.451172
vt 0.027344 0.767578
vt 0.769531 0.634766
vt 0.582031 0.449219
vt 0.054688 0.537109
vt 0.742188 0.603516
vt 0.812500 0.449219
vt 0.054688 0.767578
vt 0.222656 0.466797
vt 0.212891 0.261719
vt 0.296875 0.375000
vt 0.628906 0.263672
vt 0.248047 0.466797
vt 0.296875 0.349609
vt 0.222656 0.433594
vt 0.212891 0.228516
vt 0.451172 0.347656
vt 0.628906 0.230469
vt 0.248047 0.433594
vt 0.451172 0.322266
vt 0.630859 0.263672
vt 0.248047 0.462891
vt 0.298828 0.349609
vt 0.210938 0.261719
vt 0.273438 0.462891
vt 0.298828 0.375000
vt 0.630859 0.230469
vt 0.248047 0.429688
vt 0.453125 0.322266
vt 0.210938 0.228516
vt 0.273438 0.429688
vt 0.453125 0.347656
vt 0.751953 0.712891
vt 0.769531 0.535156
vt 0.595703 0.609375
vt 0.742188 0.537109
vt 0.763672 0.712891
vt 0.595703 0.597656
vt 0.751953 0.710938
vt 0.769531 0.533203
vt 0.632812 0.718750
vt 0.742188 0.535156
vt 0.763672 0.710938
vt 0.632812 0.707031
vt 0.769531 0.537109
vt 0.751953 0.628906
vt 0.623047 0.597656
vt 0.742188 0.535156
vt 0.763672 0.628906
vt 0.623047 0.609375
vt 0.769531 0.535156
vt 0.751953 0.626953
vt 0.660156 0.707031
vt 0.742188 0.533203
vt 0.763672 0.626953
vt 0.660156 0.718750
vt 0.599609 0.414062
vt 0.765625 0.923828
vt 0.099609 0.382812
vt 0.031250 0.248047
vt 0.628906 0.414062
vt 0.099609 0.353516
vt 0.599609 0.412109
vt 0.765625 0.921875
vt 0.308594 0.382812
vt 0.031250 0.246094
vt 0.628906 0.412109
vt 0.308594 0.353516
vt 0.044922 0.248047
vt 0.740234 0.576172
vt 0.113281 0.353516
vt 0.751953 0.923828
vt 0.769531 0.576172
vt 0.113281 0.382812
vt 0.044922 0.246094
vt 0.740234 0.574219
vt 0.322266 0.353516
vt 0.751953 0.921875
vt 0.769531 0.574219
vt 0.322266 0.382812
vt 0.554688 0.242188
vt 0.556641 0.244141
vt 0.357422 0.255859
vt 0.755859 0.556641
vt 0.560547 0.242188
vt 0.357422 0.250000
vt 0.554688 0.240234
vt 0.556641 0.242188
vt 0.365234 0.255859
vt 0.755859 0.554688
vt 0.560547 0.240234
vt 0.365234 0.250000
vt 0.763672 0.556641
vt 0.560547 0.242188
vt 0.365234 0.250000
vt 0.548828 0.244141
vt 0.566406 0.242188
vt 0.365234 0.255859
vt 0.763672 0.554688
vt 0.560547 0.240234
vt 0.373047 0.250000
vt 0.548828 0.242188
vt 0.566406 0.240234
vt 0.373047 0.255859
vt 0.082031 0.248047
vt 0.681641 0.251953
vt 0.365234 0.248047
vt 0.748047 0.326172
vt 0.085938 0.248047
vt 0.365234 0.244141
vt 0.082031 0.242188
vt 0.681641 0.246094
vt 0.371094 0.248047
vt 0.748047 0.320312
vt 0.085938 0.242188
vt 0.371094 0.244141
vt 0.753906 0.326172
vt 0.171875 0.248047
vt 0.371094 0.244141
vt 0.675781 0.251953
vt 0.175781 0.248047
vt 0.371094 0.248047
vt 0.753906 0.320312
vt 0.171875 0.242188
vt 0.376953 0.244141
vt 0.675781 0.246094
vt 0.175781 0.242188
vt 0.376953 0.248047
vt 0.521484 0.242188
vt 0.308594 0.240234
vt 0.742188 0.250000
vt 0.300781 0.240234
vt 0.527344 0.242188
vt 0.742188 0.244141
vt 0.521484 0.240234
vt 0.308594 0.238281
vt 0.044922 0.248047
vt 0.300781 0.238281
vt 0.527344 0.240234
vt 0.044922 0.242188
vt 0.304688 0.240234
vt 0.548828 0.242188
vt 0.746094 0.244141
vt 0.304688 0.240234
vt 0.554688 0.242188
vt 0.746094 0.250000
vt 0.304688 0.238281
vt 0.548828 0.240234
vt 0.048828 0.242188
vt 0.304688 0.238281
vt 0.554688 0.240234
vt 0.048828 0.248047
vt 0.757812 0.527344
vt 0.300781 0.240234
vt 0.666016 0.250000
vt 0.265625 0.240234
vt 0.763672 0.527344
vt 0.666016 0.244141
vt 0.757812 0.525391
vt 0.300781 0.238281
vt 0.669922 0.250000
vt 0.265625 0.238281
vt 0.763672 0.525391
vt 0.669922 0.244141
vt 0.269531 0.240234
vt 0.757812 0.525391
vt 0.669922 0.244141
vt 0.296875 0.240234
vt 0.763672 0.525391
vt 0.669922 0.250000
vt 0.269531 0.238281
vt 0.757812 0.523438
vt 0.673828 0.244141
vt 0.296875 0.238281
vt 0.763672 0.523438
vt 0.673828 0.250000
vt 0.464844 0.244141
vt 0.490234 0.244141
vt 0.541016 0.244141
vt 0.417969 0.244141
vt 0.468750 0.244141
vt 0.541016 0.240234
vt 0.464844 0.240234
vt 0.490234 0.240234
vt 0.544922 0.244141
vt 0.417969 0.240234
vt 0.468750 0.240234
vt 0.544922 0.240234
vt 0.421875 0.244141
vt 0.507812 0.244141
vt 0.544922 0.240234
vt 0.486328 0.244141
vt 0.511719 0.244141
vt 0.544922 0.244141
vt 0.421875 0.240234
vt 0.507812 0.240234
vt 0.548828 0.240234
vt 0.486328 0.240234
vt 0.511719 0.240234
vt 0.548828 0.244141
vt 0.412109 0.250000
vt 0.759766 0.593750
vt 0.406250 0.250000
vt 0.755859 0.597656
vt 0.417969 0.250000
vt 0.406250 0.244141
vt 0.412109 0.246094
vt 0.759766 0.589844
vt 0.541016 0.250000
vt 0.755859 0.593750
vt 0.417969 0.246094
vt 0.541016 0.244141
vt 0.759766 0.597656
vt 0.445312 0.250000
vt 0.410156 0.244141
vt 0.755859 0.593750
vt 0.451172 0.250000
vt 0.410156 0.250000
vt 0.759766 0.593750
vt 0.445312 0.246094
vt 0.544922 0.244141
vt 0.755859 0.589844
vt 0.451172 0.246094
vt 0.544922 0.250000
vt 0.255859 0.240234
vt 0.410156 0.244141
vt 0.750000 0.644531
vt 0.369141 0.244141
vt 0.259766 0.240234
vt 0.750000 0.640625
vt 0.255859 0.238281
vt 0.410156 0.242188
vt 0.357422 0.250000
vt 0.369141 0.242188
vt 0.259766 0.238281
vt 0.357422 0.246094
vt 0.376953 0.244141
vt 0.261719 0.240234
vt 0.757812 0.640625
vt 0.402344 0.244141
vt 0.265625 0.240234
vt 0.757812 0.644531
vt 0.376953 0.242188
vt 0.261719 0.238281
vt 0.365234 0.246094
vt 0.402344 0.242188
vt 0.265625 0.238281
vt 0.365234 0.250000
vt 0.746094 0.294922
vt 0.767578 0.335938
vt 0.582031 0.472656
vt 0.742188 0.337891
vt 0.767578 0.294922
vt 0.582031 0.451172
vt 0.746094 0.292969
vt 0.767578 0.333984
vt 0.000000 0.416016
vt 0.742188 0.335938
vt 0.767578 0.292969
vt 0.000000 0.394531
vt 0.767578 0.337891
vt 0.746094 0.292969
vt 0.607422 0.451172
vt 0.742188 0.335938
vt 0.767578 0.292969
vt 0.607422 0.472656
vt 0.767578 0.335938
vt 0.746094 0.291016
vt 0.025391 0.394531
vt 0.742188 0.333984
vt 0.767578 0.291016
vt 0.025391 0.416016
vt 0.248047 0.240234
vt 0.763672 0.714844
vt 0.744141 0.679688
vt 0.751953 0.716797
vt 0.251953 0.240234
vt 0.744141 0.675781
vt 0.248047 0.238281
vt 0.763672 0.712891
vt 0.345703 0.255859
vt 0.751953 0.714844
vt 0.251953 0.238281
vt 0.345703 0.251953
vt 0.763672 0.716797
vt 0.251953 0.240234
vt 0.755859 0.675781
vt 0.751953 0.714844
vt 0.255859 0.240234
vt 0.755859 0.679688
vt 0.763672 0.714844
vt 0.251953 0.238281
vt 0.357422 0.251953
vt 0.751953 0.712891
vt 0.255859 0.238281
vt 0.357422 0.255859
vt 0.236328 0.240234
vt 0.769531 0.572266
vt 0.722656 0.923828
vt 0.742188 0.574219
vt 0.240234 0.240234
vt 0.722656 0.919922
vt 0.236328 0.238281
vt 0.769531 0.570312
vt 0.722656 0.919922
vt 0.742188 0.572266
vt 0.240234 0.238281
vt 0.722656 0.916016
vt 0.769531 0.574219
vt 0.240234 0.240234
vt 0.750000 0.919922
vt 0.742188 0.572266
vt 0.244141 0.240234
vt 0.750000 0.923828
vt 0.769531 0.572266
vt 0.240234 0.238281
vt 0.750000 0.916016
vt 0.742188 0.570312
vt 0.244141 0.238281
vt 0.750000 0.919922
vt 0.742188 0.603516
vt 0.763672 0.529297
vt 0.238281 0.304688
vt 0.757812 0.531250
vt 0.769531 0.603516
vt 0.238281 0.277344
vt 0.742188 0.601562
vt 0.763672 0.527344
vt 0.287109 0.304688
vt 0.757812 0.529297
vt 0.769531 0.601562
vt 0.287109 0.277344
vt 0.763672 0.531250
vt 0.742188 0.601562
vt 0.244141 0.277344
vt 0.757812 0.529297
vt 0.769531 0.601562
vt 0.244141 0.304688
vt 0.763672 0.529297
vt 0.742188 0.599609
vt 0.292969 0.277344
vt 0.757812 0.527344
vt 0.769531 0.599609
vt 0.292969 0.304688
vt 0.248047 0.255859
vt 0.236328 0.240234
vt 0.433594 0.277344
vt 0.222656 0.240234
vt 0.271484 0.255859
vt 0.433594 0.253906
vt 0.248047 0.253906
vt 0.236328 0.238281
vt 0.630859 0.277344
vt 0.222656 0.238281
vt 0.271484 0.253906
vt 0.630859 0.253906
vt 0.226562 0.240234
vt 0.744141 0.699219
vt 0.437500 0.253906
vt 0.232422 0.240234
vt 0.767578 0.699219
vt 0.437500 0.277344
vt 0.226562 0.238281
vt 0.744141 0.697266
vt 0.634766 0.253906
vt 0.232422 0.238281
vt 0.767578 0.697266
vt 0.634766 0.277344
vt 0.724609 0.685547
vt 0.763672 0.314453
vt 0.414062 0.521484
vt 0.753906 0.316406
vt 0.767578 0.685547
vt 0.414062 0.478516
vt 0.724609 0.683594
vt 0.763672 0.312500
vt 0.234375 0.392578
vt 0.753906 0.314453
vt 0.767578 0.683594
vt 0.234375 0.349609
vt 0.763672 0.316406
vt 0.724609 0.683594
vt 0.423828 0.478516
vt 0.753906 0.314453
vt 0.767578 0.683594
vt 0.423828 0.521484
vt 0.763672 0.314453
vt 0.724609 0.681641
vt 0.244141 0.349609
vt 0.753906 0.312500
vt 0.767578 0.681641
vt 0.244141 0.392578
vt 0.613281 0.552734
vt 0.775391 0.935547
vt 0.109375 0.767578
vt 0.738281 0.406250
vt 0.736328 0.552734
vt 0.109375 0.644531
vt 0.613281 0.550781
vt 0.775391 0.933594
vt 0.292969 0.691406
vt 0.738281 0.404297
vt 0.736328 0.550781
vt 0.292969 0.568359
vt 0.773438 0.406250
vt 0.621094 0.677734
vt 0.144531 0.644531
vt 0.740234 0.935547
vt 0.744141 0.677734
vt 0.144531 0.767578
vt 0.773438 0.404297
vt 0.621094 0.675781
vt 0.328125 0.568359
vt 0.740234 0.933594
vt 0.744141 0.675781
vt 0.328125 0.691406
vt 0.699219 0.775391
vt 0.771484 0.666016
vt 0.109375 0.644531
vt 0.740234 0.667969
vt 0.775391 0.775391
vt 0.109375 0.568359
vt 0.699219 0.773438
vt 0.771484 0.664062
vt 0.363281 0.597656
vt 0.740234 0.666016
vt 0.775391 0.773438
vt 0.363281 0.521484
vt 0.771484 0.667969
vt 0.699219 0.773438
vt 0.140625 0.568359
vt 0.740234 0.666016
vt 0.775391 0.773438
vt 0.140625 0.644531
vt 0.771484 0.666016
vt 0.699219 0.771484
vt 0.394531 0.521484
vt 0.740234 0.664062
vt 0.775391 0.771484
vt 0.394531 0.597656
vt 0.314453 0.876953
vt 0.023438 0.251953
vt 0.097656 0.400391
vt 0.718750 0.253906
vt 0.535156 0.876953
vt 0.097656 0.179688
vt 0.314453 0.857422
vt 0.023438 0.232422
vt 0.150391 0.394531
vt 0.718750 0.234375
vt 0.535156 0.857422
vt 0.150391 0.173828
vt 0.720703 0.253906
vt 0.314453 0.857422
vt 0.099609 0.179688
vt 0.021484 0.251953
vt 0.535156 0.857422
vt 0.099609 0.400391
vt 0.720703 0.234375
vt 0.314453 0.837891
vt 0.152344 0.173828
vt 0.021484 0.232422
vt 0.535156 0.837891
vt 0.152344 0.394531
vt 0.375000 0.279297
vt 0.248047 0.255859
vt 0.751953 0.720703
vt 0.744141 0.800781
vt 0.376953 0.279297
vt 0.751953 0.718750
vt 0.375000 0.275391
vt 0.248047 0.251953
vt 0.751953 0.718750
vt 0.744141 0.796875
vt 0.376953 0.275391
vt 0.751953 0.716797
vt 0.755859 0.800781
vt 0.472656 0.279297
vt 0.763672 0.718750
vt 0.236328 0.255859
vt 0.474609 0.279297
vt 0.763672 0.720703
vt 0.755859 0.796875
vt 0.472656 0.275391
vt 0.763672 0.716797
vt 0.236328 0.251953
vt 0.474609 0.275391
vt 0.763672 0.718750
vt 0.634766 0.292969
vt 0.646484 0.251953
vt 0.474609 0.312500
vt 0.634766 0.251953
vt 0.642578 0.292969
vt 0.474609 0.304688
vt 0.634766 0.287109
vt 0.646484 0.246094
vt 0.041016 0.292969
vt 0.634766 0.246094
vt 0.642578 0.287109
vt 0.041016 0.285156
vt 0.640625 0.251953
vt 0.185547 0.291016
vt 0.480469 0.304688
vt 0.640625 0.251953
vt 0.193359 0.291016
vt 0.480469 0.312500
vt 0.640625 0.246094
vt 0.185547 0.285156
vt 0.046875 0.285156
vt 0.640625 0.246094
vt 0.193359 0.285156
vt 0.046875 0.292969
vt 0.738281 0.839844
vt 0.753906 0.369141
vt 0.521484 0.302734
vt 0.748047 0.375000
vt 0.751953 0.839844
vt 0.521484 0.289062
vt 0.738281 0.833984
vt 0.753906 0.363281
vt 0.138672 0.263672
vt 0.748047 0.369141
vt 0.751953 0.833984
vt 0.138672 0.250000
vt 0.753906 0.375000
vt 0.738281 0.833984
vt 0.527344 0.289062
vt 0.748047 0.369141
vt 0.751953 0.833984
vt 0.527344 0.302734
vt 0.753906 0.369141
vt 0.738281 0.828125
vt 0.144531 0.250000
vt 0.748047 0.363281
vt 0.751953 0.828125
vt 0.144531 0.263672
vt 0.695312 0.949219
vt 0.708984 0.906250
vt 0.474609 0.304688
vt 0.695312 0.962891
vt 0.708984 0.949219
vt 0.474609 0.291016
vt 0.695312 0.935547
vt 0.708984 0.892578
vt 0.695312 0.412109
vt 0.695312 0.949219
vt 0.708984 0.935547
vt 0.695312 0.398438
vt 0.708984 0.962891
vt 0.695312 0.892578
vt 0.488281 0.291016
vt 0.695312 0.906250
vt 0.708984 0.892578
vt 0.488281 0.304688
vt 0.708984 0.949219
vt 0.695312 0.878906
vt 0.708984 0.398438
vt 0.695312 0.892578
vt 0.708984 0.878906
vt 0.708984 0.412109
vt 0.218750 0.255859
vt 0.384766 0.250000
vt 0.714844 0.357422
vt 0.236328 0.275391
vt 0.222656 0.255859
vt 0.714844 0.353516
vt 0.218750 0.244141
vt 0.384766 0.238281
vt 0.615234 0.281250
vt 0.236328 0.263672
vt 0.222656 0.244141
vt 0.615234 0.277344
vt 0.238281 0.275391
vt 0.222656 0.255859
vt 0.716797 0.353516
vt 0.382812 0.250000
vt 0.226562 0.255859
vt 0.716797 0.357422
vt 0.238281 0.263672
vt 0.222656 0.244141
vt 0.617188 0.277344
vt 0.382812 0.238281
vt 0.226562 0.244141
vt 0.617188 0.281250
vt 0.652344 0.250000
vt 0.763672 0.548828
vt 0.671875 0.994141
vt 0.757812 0.550781
vt 0.666016 0.250000
vt 0.671875 0.980469
vt 0.652344 0.248047
vt 0.763672 0.546875
vt 0.527344 0.320312
vt 0.757812 0.548828
vt 0.666016 0.248047
vt 0.527344 0.306641
vt 0.763672 0.550781
vt 0.728516 0.250000
vt 0.677734 0.980469
vt 0.757812 0.548828
vt 0.742188 0.250000
vt 0.677734 0.994141
vt 0.763672 0.548828
vt 0.728516 0.248047
vt 0.533203 0.306641
vt 0.757812 0.546875
vt 0.742188 0.248047
vt 0.533203 0.320312
vt 0.738281 0.410156
vt 0.763672 0.558594
vt 0.048828 0.337891
vt 0.757812 0.560547
vt 0.773438 0.410156
vt 0.048828 0.302734
vt 0.738281 0.408203
vt 0.763672 0.556641
vt 0.244141 0.337891
vt 0.757812 0.558594
vt 0.773438 0.408203
vt 0.244141 0.302734
vt 0.763672 0.560547
vt 0.738281 0.408203
vt 0.054688 0.302734
vt 0.757812 0.558594
vt 0.773438 0.408203
vt 0.054688 0.337891
vt 0.763672 0.558594
vt 0.738281 0.406250
vt 0.250000 0.302734
vt 0.757812 0.556641
vt 0.773438 0.406250
vt 0.250000 0.337891
vt 0.246094 0.406250
vt 0.281250 0.462891
vt 0.392578 0.339844
vt 0.285156 0.591797
vt 0.273438 0.406250
vt 0.392578 0.312500
vt 0.246094 0.388672
vt 0.281250 0.445312
vt 0.472656 0.339844
vt 0.285156 0.574219
vt 0.273438 0.388672
vt 0.472656 0.312500
vt 0.292969 0.591797
vt 0.601562 0.894531
vt 0.400391 0.312500
vt 0.273438 0.462891
vt 0.628906 0.894531
vt 0.400391 0.339844
vt 0.292969 0.574219
vt 0.601562 0.876953
vt 0.480469 0.312500
vt 0.273438 0.445312
vt 0.628906 0.876953
vt 0.480469 0.339844
vt 0.214844 0.240234
vt 0.771484 0.658203
vt 0.710938 0.638672
vt 0.740234 0.660156
vt 0.218750 0.240234
vt 0.710938 0.634766
vt 0.214844 0.238281
vt 0.771484 0.656250
vt 0.710938 0.574219
vt 0.740234 0.658203
vt 0.218750 0.238281
vt 0.710938 0.570312
vt 0.771484 0.660156
vt 0.218750 0.240234
vt 0.742188 0.634766
vt 0.740234 0.658203
vt 0.222656 0.240234
vt 0.742188 0.638672
vt 0.771484 0.658203
vt 0.218750 0.238281
vt 0.742188 0.570312
vt 0.740234 0.656250
vt 0.222656 0.238281
vt 0.742188 0.574219
vt 0.757812 0.587891
vt 0.771484 0.662109
vt 0.330078 0.527344
vt 0.740234 0.664062
vt 0.763672 0.587891
vt 0.330078 0.521484
vt 0.757812 0.585938
vt 0.771484 0.660156
vt 0.683594 0.878906
vt 0.740234 0.662109
vt 0.763672 0.585938
vt 0.683594 0.873047
vt 0.771484 0.664062
vt 0.421875 0.242188
vt 0.361328 0.521484
vt 0.740234 0.662109
vt 0.427734 0.242188
vt 0.361328 0.527344
vt 0.771484 0.662109
vt 0.421875 0.240234
vt 0.714844 0.873047
vt 0.740234 0.660156
vt 0.427734 0.240234
vt 0.714844 0.878906
vt 0.621094 0.382812
vt 0.650391 0.707031
vt 0.132812 0.394531
vt 0.611328 0.773438
vt 0.646484 0.382812
vt 0.132812 0.369141
vt 0.621094 0.380859
vt 0.650391 0.705078
vt 0.371094 0.394531
vt 0.611328 0.771484
vt 0.646484 0.380859
vt 0.371094 0.369141
vt 0.628906 0.773438
vt 0.742188 0.339844
vt 0.150391 0.369141
vt 0.632812 0.707031
vt 0.767578 0.339844
vt 0.150391 0.394531
vt 0.628906 0.771484
vt 0.742188 0.337891
vt 0.388672 0.369141
vt 0.632812 0.705078
vt 0.767578 0.337891
vt 0.388672 0.394531
vt 0.322266 0.371094
vt 0.371094 0.429688
vt 0.312500 0.429688
vt 0.341797 0.371094
vt 0.371094 0.410156
vt 0.322266 0.351562
vt 0.371094 0.410156
vt 0.400391 0.429688
vt 0.312500 0.410156
vt 0.341797 0.351562
vt 0.400391 0.410156
vt 0.341797 0.429688
vt 0.628906 0.472656
vt 0.400391 0.410156
vt 0.341797 0.429688
vt 0.648438 0.472656
vt 0.400391 0.429688
vt 0.341797 0.410156
vt 0.628906 0.453125
vt 0.429688 0.410156
vt 0.341797 0.410156
vt 0.648438 0.453125
vt 0.429688 0.429688
vt 0.394531 0.240234
vt 0.775391 0.746094
vt 0.564453 0.947266
vt 0.740234 0.748047
vt 0.398438 0.240234
vt 0.564453 0.943359
vt 0.394531 0.238281
vt 0.775391 0.744141
vt 0.699219 0.423828
vt 0.740234 0.746094
vt 0.398438 0.238281
vt 0.699219 0.419922
vt 0.775391 0.748047
vt 0.398438 0.240234
vt 0.599609 0.943359
vt 0.740234 0.746094
vt 0.402344 0.240234
vt 0.599609 0.947266
vt 0.775391 0.746094
vt 0.398438 0.238281
vt 0.734375 0.419922
vt 0.740234 0.744141
vt 0.402344 0.238281
vt 0.734375 0.423828
vt 0.759766 0.960938
vt 0.769531 0.496094
vt 0.697266 0.792969
vt 0.742188 0.498047
vt 0.765625 0.960938
vt 0.697266 0.787109
vt 0.759766 0.958984
vt 0.769531 0.494141
vt 0.697266 0.748047
vt 0.742188 0.496094
vt 0.765625 0.958984
vt 0.697266 0.742188
vt 0.769531 0.498047
vt 0.759766 0.958984
vt 0.724609 0.787109
vt 0.742188 0.496094
vt 0.765625 0.958984
vt 0.724609 0.792969
vt 0.769531 0.496094
vt 0.759766 0.957031
vt 0.724609 0.742188
vt 0.742188 0.494141
vt 0.765625 0.957031
vt 0.724609 0.748047
vt 0.445312 0.240234
vt 0.060547 0.242188
vt 0.457031 0.240234
vt 0.052734 0.242188
vt 0.447266 0.240234
vt 0.457031 0.238281
vt 0.445312 0.236328
vt 0.060547 0.238281
vt 0.460938 0.240234
vt 0.052734 0.238281
vt 0.447266 0.236328
vt 0.460938 0.238281
vt 0.056641 0.242188
vt 0.447266 0.240234
vt 0.460938 0.238281
vt 0.056641 0.242188
vt 0.449219 0.240234
vt 0.460938 0.240234
vt 0.056641 0.238281
vt 0.447266 0.236328
vt 0.464844 0.238281
vt 0.056641 0.238281
vt 0.449219 0.236328
vt 0.464844 0.240234
vt 0.427734 0.240234
vt 0.259766 0.253906
vt 0.316406 0.246094
vt 0.746094 0.796875
vt 0.429688 0.240234
vt 0.316406 0.244141
vt 0.427734 0.236328
vt 0.259766 0.250000
vt 0.345703 0.246094
vt 0.746094 0.792969
vt 0.429688 0.236328
vt 0.345703 0.244141
vt 0.757812 0.796875
vt 0.429688 0.240234
vt 0.328125 0.244141
vt 0.248047 0.253906
vt 0.431641 0.240234
vt 0.328125 0.246094
vt 0.757812 0.792969
vt 0.429688 0.236328
vt 0.357422 0.244141
vt 0.248047 0.250000
vt 0.431641 0.236328
vt 0.357422 0.246094
vt 0.416016 0.240234
vt 0.011719 0.242188
vt 0.419922 0.240234
vt 0.003906 0.242188
vt 0.417969 0.240234
vt 0.419922 0.238281
vt 0.416016 0.236328
vt 0.011719 0.238281
vt 0.423828 0.240234
vt 0.003906 0.238281
vt 0.417969 0.236328
vt 0.423828 0.238281
vt 0.007812 0.242188
vt 0.417969 0.240234
vt 0.423828 0.238281
vt 0.007812 0.242188
vt 0.419922 0.240234
vt 0.423828 0.240234
vt 0.007812 0.238281
vt 0.417969 0.236328
vt 0.427734 0.238281
vt 0.007812 0.238281
vt 0.419922 0.236328
vt 0.427734 0.240234
vt 0.759766 0.595703
vt 0.003906 0.242188
vt 0.759766 0.591797
vt 0.753906 0.244141
vt 0.761719 0.595703
vt 0.759766 0.589844
vt 0.759766 0.591797
vt 0.003906 0.238281
vt 0.412109 0.240234
vt 0.753906 0.240234
vt 0.761719 0.591797
vt 0.412109 0.238281
vt 0.757812 0.244141
vt 0.406250 0.240234
vt 0.763672 0.589844
vt 0.000000 0.242188
vt 0.408203 0.240234
vt 0.763672 0.591797
vt 0.757812 0.240234
vt 0.406250 0.236328
vt 0.416016 0.238281
vt 0.000000 0.238281
vt 0.408203 0.236328
vt 0.416016 0.240234
vt 0.607422 0.281250
vt 0.308594 0.349609
vt 0.015625 0.244141
vt 0.136719 0.517578
vt 0.615234 0.281250
vt 0.015625 0.236328
vt 0.607422 0.265625
vt 0.308594 0.333984
vt 0.029297 0.244141
vt 0.136719 0.501953
vt 0.615234 0.265625
vt 0.029297 0.236328
vt 0.138672 0.517578
vt 0.220703 0.279297
vt 0.017578 0.236328
vt 0.306641 0.349609
vt 0.228516 0.279297
vt 0.017578 0.244141
vt 0.138672 0.501953
vt 0.220703 0.263672
vt 0.031250 0.236328
vt 0.306641 0.333984
vt 0.228516 0.263672
vt 0.031250 0.244141
vt 0.052734 0.251953
vt 0.062500 0.275391
vt 0.601562 0.964844
vt 0.722656 0.281250
vt 0.056641 0.251953
vt 0.601562 0.960938
vt 0.052734 0.242188
vt 0.062500 0.265625
vt 0.634766 0.800781
vt 0.722656 0.271484
vt 0.056641 0.242188
vt 0.634766 0.796875
vt 0.732422 0.281250
vt 0.056641 0.251953
vt 0.611328 0.960938
vt 0.052734 0.275391
vt 0.060547 0.251953
vt 0.611328 0.964844
vt 0.732422 0.271484
vt 0.056641 0.242188
vt 0.644531 0.796875
vt 0.052734 0.265625
vt 0.060547 0.242188
vt 0.644531 0.800781
vt 0.060547 0.251953
vt 0.082031 0.275391
vt 0.156250 0.320312
vt 0.062500 0.275391
vt 0.064453 0.251953
vt 0.156250 0.316406
vt 0.060547 0.242188
vt 0.082031 0.265625
vt 0.382812 0.316406
vt 0.062500 0.265625
vt 0.064453 0.242188
vt 0.382812 0.312500
vt 0.072266 0.275391
vt 0.064453 0.251953
vt 0.166016 0.316406
vt 0.072266 0.275391
vt 0.068359 0.251953
vt 0.166016 0.320312
vt 0.072266 0.265625
vt 0.064453 0.242188
vt 0.392578 0.312500
vt 0.072266 0.265625
vt 0.068359 0.242188
vt 0.392578 0.316406
vt 0.396484 0.894531
vt 0.740234 0.472656
vt 0.183594 0.662109
vt 0.548828 0.417969
vt 0.601562 0.894531
vt 0.183594 0.457031
vt 0.396484 0.888672
vt 0.740234 0.466797
vt 0.203125 0.662109
vt 0.548828 0.412109
vt 0.601562 0.888672
vt 0.203125 0.457031
vt 0.568359 0.417969
vt 0.517578 0.675781
vt 0.203125 0.457031
vt 0.720703 0.472656
vt 0.722656 0.675781
vt 0.203125 0.662109
vt 0.568359 0.412109
vt 0.517578 0.669922
vt 0.222656 0.457031
vt 0.720703 0.466797
vt 0.722656 0.669922
vt 0.222656 0.662109
vt 0.664062 0.412109
vt 0.683594 0.927734
vt 0.541016 0.386719
vt 0.660156 0.937500
vt 0.681641 0.412109
vt 0.541016 0.369141
vt 0.664062 0.402344
vt 0.683594 0.917969
vt 0.564453 0.386719
vt 0.660156 0.927734
vt 0.681641 0.402344
vt 0.564453 0.369141
vt 0.683594 0.937500
vt 0.673828 0.472656
vt 0.564453 0.369141
vt 0.660156 0.927734
vt 0.691406 0.472656
vt 0.564453 0.386719
vt 0.683594 0.927734
vt 0.673828 0.462891
vt 0.587891 0.369141
vt 0.660156 0.917969
vt 0.691406 0.462891
vt 0.587891 0.386719
vt 0.720703 0.259766
vt 0.212891 0.429688
vt 0.746094 0.546875
vt 0.222656 0.433594
vt 0.722656 0.259766
vt 0.746094 0.544922
vt 0.720703 0.234375
vt 0.212891 0.404297
vt 0.746094 0.544922
vt 0.222656 0.408203
vt 0.722656 0.234375
vt 0.746094 0.542969
vt 0.246094 0.433594
vt 0.072266 0.257812
vt 0.769531 0.544922
vt 0.189453 0.429688
vt 0.074219 0.257812
vt 0.769531 0.546875
vt 0.246094 0.408203
vt 0.072266 0.232422
vt 0.769531 0.542969
vt 0.189453 0.404297
vt 0.074219 0.232422
vt 0.769531 0.544922
vt 0.695312 0.345703
vt 0.683594 0.964844
vt 0.632812 0.753906
vt 0.660156 0.902344
vt 0.712891 0.345703
vt 0.632812 0.736328
vt 0.695312 0.335938
vt 0.683594 0.955078
vt 0.632812 0.736328
vt 0.660156 0.892578
vt 0.712891 0.335938
vt 0.632812 0.718750
vt 0.681641 0.902344
vt 0.695312 0.335938
vt 0.654297 0.736328
vt 0.662109 0.964844
vt 0.712891 0.335938
vt 0.654297 0.753906
vt 0.681641 0.892578
vt 0.695312 0.326172
vt 0.654297 0.718750
vt 0.662109 0.955078
vt 0.712891 0.326172
vt 0.654297 0.736328
vt 0.074219 0.257812
vt 0.605469 0.669922
vt 0.746094 0.263672
vt 0.158203 0.416016
vt 0.076172 0.257812
vt 0.746094 0.261719
vt 0.074219 0.232422
vt 0.605469 0.644531
vt 0.746094 0.261719
vt 0.158203 0.390625
vt 0.076172 0.232422
vt 0.746094 0.259766
vt 0.179688 0.416016
vt 0.146484 0.257812
vt 0.767578 0.261719
vt 0.583984 0.669922
vt 0.148438 0.257812
vt 0.767578 0.263672
vt 0.179688 0.390625
vt 0.146484 0.232422
vt 0.767578 0.259766
vt 0.583984 0.644531
vt 0.148438 0.232422
vt 0.767578 0.261719
vt 0.148438 0.257812
vt 0.591797 0.412109
vt 0.746094 0.259766
vt 0.548828 0.412109
vt 0.150391 0.257812
vt 0.746094 0.257812
vt 0.148438 0.232422
vt 0.591797 0.386719
vt 0.744141 0.253906
vt 0.548828 0.386719
vt 0.150391 0.232422
vt 0.744141 0.251953
vt 0.570312 0.412109
vt 0.330078 0.257812
vt 0.767578 0.257812
vt 0.570312 0.412109
vt 0.332031 0.257812
vt 0.767578 0.259766
vt 0.570312 0.386719
vt 0.330078 0.232422
vt 0.765625 0.251953
vt 0.570312 0.386719
vt 0.332031 0.232422
vt 0.765625 0.253906
vt 0.697266 0.812500
vt 0.683594 0.882812
vt 0.453125 0.367188
vt 0.662109 0.892578
vt 0.714844 0.812500
vt 0.453125 0.349609
vt 0.697266 0.802734
vt 0.683594 0.873047
vt 0.632812 0.501953
vt 0.662109 0.882812
vt 0.714844 0.802734
vt 0.632812 0.484375
vt 0.683594 0.892578
vt 0.697266 0.802734
vt 0.474609 0.349609
vt 0.662109 0.882812
vt 0.714844 0.802734
vt 0.474609 0.367188
vt 0.683594 0.882812
vt 0.697266 0.792969
vt 0.654297 0.484375
vt 0.662109 0.873047
vt 0.714844 0.792969
vt 0.654297 0.501953
vt 0.111328 0.333984
vt 0.626953 0.367188
vt 0.746094 0.255859
vt 0.583984 0.367188
vt 0.113281 0.333984
vt 0.746094 0.253906
vt 0.111328 0.318359
vt 0.626953 0.351562
vt 0.000000 0.251953
vt 0.583984 0.351562
vt 0.113281 0.318359
vt 0.000000 0.250000
vt 0.605469 0.367188
vt 0.230469 0.250000
vt 0.767578 0.253906
vt 0.605469 0.367188
vt 0.232422 0.250000
vt 0.767578 0.255859
vt 0.605469 0.351562
vt 0.230469 0.234375
vt 0.021484 0.250000
vt 0.605469 0.351562
vt 0.232422 0.234375
vt 0.021484 0.251953
vt 0.279297 0.250000
vt 0.021484 0.365234
vt 0.748047 0.873047
vt 0.626953 0.367188
vt 0.281250 0.250000
vt 0.748047 0.871094
vt 0.279297 0.234375
vt 0.021484 0.349609
vt 0.748047 0.871094
vt 0.626953 0.351562
vt 0.281250 0.234375
vt 0.748047 0.869141
vt 0.648438 0.367188
vt 0.281250 0.250000
vt 0.769531 0.871094
vt 0.000000 0.365234
vt 0.283203 0.250000
vt 0.769531 0.873047
vt 0.648438 0.351562
vt 0.281250 0.234375
vt 0.769531 0.869141
vt 0.000000 0.349609
vt 0.283203 0.234375
vt 0.769531 0.871094
vt 0.308594 0.246094
vt 0.757812 0.691406
vt 0.755859 0.251953
vt 0.304688 0.246094
vt 0.312500 0.246094
vt 0.755859 0.248047
vt 0.308594 0.240234
vt 0.757812 0.685547
vt 0.750000 0.244141
vt 0.304688 0.240234
vt 0.312500 0.240234
vt 0.750000 0.240234
vt 0.308594 0.246094
vt 0.312500 0.246094
vt 0.759766 0.248047
vt 0.753906 0.691406
vt 0.316406 0.246094
vt 0.759766 0.251953
vt 0.308594 0.240234
vt 0.312500 0.240234
vt 0.753906 0.240234
vt 0.753906 0.685547
vt 0.316406 0.240234
vt 0.753906 0.244141
vt 0.242188 0.802734
vt 0.707031 0.380859
vt 0.054688 0.443359
vt 0.539062 0.306641
vt 0.292969 0.802734
vt 0.054688 0.392578
vt 0.242188 0.789062
vt 0.707031 0.367188
vt 0.273438 0.443359
vt 0.539062 0.292969
vt 0.292969 0.789062
vt 0.273438 0.392578
vt 0.552734 0.306641
vt 0.552734 0.757812
vt 0.068359 0.392578
vt 0.693359 0.380859
vt 0.603516 0.757812
vt 0.068359 0.443359
vt 0.552734 0.292969
vt 0.552734 0.744141
vt 0.287109 0.392578
vt 0.693359 0.367188
vt 0.603516 0.744141
vt 0.287109 0.443359
vt 0.601562 0.744141
vt 0.472656 0.322266
vt 0.740234 0.476562
vt 0.664062 0.753906
vt 0.607422 0.744141
vt 0.740234 0.470703
vt 0.601562 0.734375
vt 0.472656 0.312500
vt 0.652344 0.259766
vt 0.664062 0.744141
vt 0.607422 0.734375
vt 0.652344 0.253906
vt 0.673828 0.753906
vt 0.062500 0.392578
vt 0.750000 0.470703
vt 0.462891 0.322266
vt 0.068359 0.392578
vt 0.750000 0.476562
vt 0.673828 0.744141
vt 0.062500 0.382812
vt 0.662109 0.253906
vt 0.462891 0.312500
vt 0.068359 0.382812
vt 0.662109 0.259766
vt 0.662109 0.259766
vt 0.626953 0.251953
vt 0.667969 0.705078
vt 0.748047 0.380859
vt 0.671875 0.259766
vt 0.667969 0.695312
vt 0.662109 0.253906
vt 0.626953 0.246094
vt 0.457031 0.304688
vt 0.748047 0.375000
vt 0.671875 0.253906
vt 0.457031 0.294922
vt 0.753906 0.380859
vt 0.671875 0.259766
vt 0.673828 0.695312
vt 0.621094 0.251953
vt 0.681641 0.259766
vt 0.673828 0.705078
vt 0.753906 0.375000
vt 0.671875 0.253906
vt 0.462891 0.294922
vt 0.621094 0.246094
vt 0.681641 0.253906
vt 0.462891 0.304688
vt 0.607422 0.472656
vt 0.718750 0.253906
vt 0.433594 0.253906
vt 0.714844 0.253906
vt 0.628906 0.472656
vt 0.433594 0.232422
vt 0.607422 0.453125
vt 0.718750 0.234375
vt 0.435547 0.253906
vt 0.714844 0.234375
vt 0.628906 0.453125
vt 0.435547 0.232422
vt 0.716797 0.253906
vt 0.609375 0.876953
vt 0.435547 0.232422
vt 0.716797 0.253906
vt 0.630859 0.876953
vt 0.435547 0.253906
vt 0.716797 0.234375
vt 0.609375 0.857422
vt 0.437500 0.232422
vt 0.716797 0.234375
vt 0.630859 0.857422
vt 0.437500 0.253906
vt 0.261719 0.277344
vt 0.677734 0.980469
vt 0.564453 0.960938
vt 0.558594 0.630859
vt 0.275391 0.277344
vt 0.564453 0.947266
vt 0.261719 0.269531
vt 0.677734 0.972656
vt 0.568359 0.445312
vt 0.558594 0.623047
vt 0.275391 0.269531
vt 0.568359 0.431641
vt 0.605469 0.630859
vt 0.285156 0.277344
vt 0.611328 0.947266
vt 0.630859 0.980469
vt 0.298828 0.277344
vt 0.611328 0.960938
vt 0.605469 0.623047
vt 0.285156 0.269531
vt 0.615234 0.431641
vt 0.630859 0.972656
vt 0.298828 0.269531
vt 0.615234 0.445312
vt 0.648438 0.472656
vt 0.390625 0.275391
vt 0.224609 0.318359
vt 0.375000 0.275391
vt 0.673828 0.472656
vt 0.224609 0.292969
vt 0.648438 0.460938
vt 0.390625 0.263672
vt 0.279297 0.318359
vt 0.375000 0.263672
vt 0.673828 0.460938
vt 0.279297 0.292969
vt 0.382812 0.275391
vt 0.535156 0.351562
vt 0.232422 0.292969
vt 0.382812 0.275391
vt 0.560547 0.351562
vt 0.232422 0.318359
vt 0.382812 0.263672
vt 0.535156 0.339844
vt 0.287109 0.292969
vt 0.382812 0.263672
vt 0.560547 0.339844
vt 0.287109 0.318359
vt 0.603516 0.484375
vt 0.607422 0.273438
vt 0.136719 0.568359
vt 0.519531 0.273438
vt 0.654297 0.484375
vt 0.136719 0.517578
vt 0.603516 0.476562
vt 0.607422 0.265625
vt 0.289062 0.375000
vt 0.519531 0.265625
vt 0.654297 0.476562
vt 0.289062 0.324219
vt 0.527344 0.273438
vt 0.605469 0.623047
vt 0.144531 0.517578
vt 0.599609 0.273438
vt 0.656250 0.623047
vt 0.144531 0.568359
vt 0.527344 0.265625
vt 0.605469 0.615234
vt 0.296875 0.324219
vt 0.599609 0.265625
vt 0.656250 0.615234
vt 0.296875 0.375000
vt 0.601562 0.929688
vt 0.591797 0.351562
vt 0.468750 0.396484
vt 0.648438 0.433594
vt 0.630859 0.929688
vt 0.468750 0.367188
vt 0.601562 0.912109
vt 0.591797 0.333984
vt 0.029297 0.394531
vt 0.648438 0.416016
vt 0.630859 0.912109
vt 0.029297 0.365234
vt 0.664062 0.433594
vt 0.601562 0.912109
vt 0.484375 0.367188
vt 0.576172 0.351562
vt 0.630859 0.912109
vt 0.484375 0.396484
vt 0.664062 0.416016
vt 0.601562 0.894531
vt 0.044922 0.365234
vt 0.576172 0.333984
vt 0.630859 0.894531
vt 0.044922 0.394531
vt 0.613281 0.511719
vt 0.734375 0.546875
vt 0.119141 0.410156
vt 0.677734 0.486328
vt 0.652344 0.511719
vt 0.119141 0.371094
vt 0.613281 0.501953
vt 0.734375 0.537109
vt 0.328125 0.410156
vt 0.677734 0.476562
vt 0.652344 0.501953
vt 0.328125 0.371094
vt 0.691406 0.486328
vt 0.625000 0.412109
vt 0.132812 0.371094
vt 0.720703 0.546875
vt 0.664062 0.412109
vt 0.132812 0.410156
vt 0.691406 0.476562
vt 0.625000 0.402344
vt 0.341797 0.371094
vt 0.720703 0.537109
vt 0.664062 0.402344
vt 0.341797 0.410156
vt 0.740234 0.701172
vt 0.234375 0.238281
vt 0.212891 0.261719
vt 0.224609 0.238281
vt 0.773438 0.701172
vt 0.212891 0.228516
vt 0.740234 0.699219
vt 0.234375 0.236328
vt 0.292969 0.261719
vt 0.224609 0.236328
vt 0.773438 0.699219
vt 0.292969 0.228516
vt 0.226562 0.238281
vt 0.740234 0.669922
vt 0.214844 0.228516
vt 0.232422 0.238281
vt 0.773438 0.669922
vt 0.214844 0.261719
vt 0.226562 0.236328
vt 0.740234 0.667969
vt 0.294922 0.228516
vt 0.232422 0.236328
vt 0.773438 0.667969
vt 0.294922 0.261719
vt 0.675781 0.246094
vt 0.216797 0.238281
vt 0.429688 0.429688
vt 0.130859 0.238281
vt 0.685547 0.246094
vt 0.429688 0.419922
vt 0.675781 0.244141
vt 0.216797 0.236328
vt 0.406250 0.394531
vt 0.130859 0.236328
vt 0.685547 0.244141
vt 0.406250 0.384766
vt 0.132812 0.238281
vt 0.753906 0.324219
vt 0.431641 0.419922
vt 0.214844 0.238281
vt 0.763672 0.324219
vt 0.431641 0.429688
vt 0.132812 0.236328
vt 0.753906 0.322266
vt 0.408203 0.384766
vt 0.214844 0.236328
vt 0.763672 0.322266
vt 0.408203 0.394531
vt 0.753906 0.322266
vt 0.224609 0.238281
vt 0.472656 0.349609
vt 0.220703 0.238281
vt 0.763672 0.322266
vt 0.472656 0.339844
vt 0.753906 0.320312
vt 0.224609 0.236328
vt 0.681641 0.412109
vt 0.220703 0.236328
vt 0.763672 0.320312
vt 0.681641 0.402344
vt 0.222656 0.238281
vt 0.753906 0.318359
vt 0.474609 0.339844
vt 0.222656 0.238281
vt 0.763672 0.318359
vt 0.474609 0.349609
vt 0.222656 0.236328
vt 0.753906 0.316406
vt 0.683594 0.402344
vt 0.222656 0.236328
vt 0.763672 0.316406
vt 0.683594 0.412109
vt 0.740234 0.705078
vt 0.220703 0.238281
vt 0.291016 0.835938
vt 0.216797 0.238281
vt 0.773438 0.705078
vt 0.291016 0.802734
vt 0.740234 0.703125
vt 0.220703 0.236328
vt 0.626953 0.263672
vt 0.216797 0.236328
vt 0.773438 0.703125
vt 0.626953 0.230469
vt 0.218750 0.238281
vt 0.740234 0.703125
vt 0.292969 0.802734
vt 0.218750 0.238281
vt 0.773438 0.703125
vt 0.292969 0.835938
vt 0.218750 0.236328
vt 0.740234 0.701172
vt 0.628906 0.230469
vt 0.218750 0.236328
vt 0.773438 0.701172
vt 0.628906 0.263672
vt 0.664062 0.412109
vt 0.683594 0.927734
vt 0.541016 0.386719
vt 0.660156 0.937500
vt 0.681641 0.412109
vt 0.541016 0.369141
vt 0.664062 0.402344
vt 0.683594 0.917969
vt 0.564453 0.386719
vt 0.660156 0.927734
vt 0.681641 0.402344
vt 0.564453 0.369141
vt 0.683594 0.937500
vt 0.673828 0.472656
vt 0.564453 0.369141
vt 0.660156 0.927734
vt 0.691406 0.472656
vt 0.564453 0.386719
vt 0.683594 0.927734
vt 0.673828 0.462891
vt 0.587891 0.369141
vt 0.660156 0.917969
vt 0.691406 0.462891
vt 0.587891 0.386719
vt 0.720703 0.259766
vt 0.212891 0.429688
vt 0.746094 0.546875
vt 0.222656 0.433594
vt 0.722656 0.259766
vt 0.746094 0.544922
vt 0.720703 0.234375
vt 0.212891 0.404297
vt 0.746094 0.544922
vt 0.222656 0.408203
vt 0.722656 0.234375
vt 0.746094 0.542969
vt 0.246094 0.433594
vt 0.072266 0.257812
vt 0.769531 0.544922
vt 0.189453 0.429688
vt 0.074219 0.257812
vt 0.769531 0.546875
vt 0.246094 0.408203
vt 0.072266 0.232422
vt 0.769531 0.542969
vt 0.189453 0.404297
vt 0.074219 0.232422
vt 0.769531 0.544922
vt 0.664062 0.412109
vt 0.683594 0.927734
vt 0.541016 0.386719
vt 0.660156 0.937500
vt 0.681641 0.412109
vt 0.541016 0.369141
vt 0.664062 0.402344
vt 0.683594 0.917969
vt 0.564453 0.386719
vt 0.660156 0.927734
vt 0.681641 0.402344
vt 0.564453 0.369141
vt 0.683594 0.937500
vt 0.673828 0.472656
vt 0.564453 0.369141
vt 0.660156 0.927734
vt 0.691406 0.472656
vt 0.564453 0.386719
vt 0.683594 0.927734
vt 0.673828 0.462891
vt 0.587891 0.369141
vt 0.660156 0.917969
vt 0.691406 0.462891
vt 0.587891 0.386719
vt 0.720703 0.259766
vt 0.212891 0.429688
vt 0.746094 0.546875
vt 0.222656 0.433594
vt 0.722656 0.259766
vt 0.746094 0.544922
vt 0.720703 0.234375
vt 0.212891 0.404297
vt 0.746094 0.544922
vt 0.222656 0.408203
vt 0.722656 0.234375
vt 0.746094 0.542969
vt 0.246094 0.433594
vt 0.072266 0.257812
vt 0.769531 0.544922
vt 0.189453 0.429688
vt 0.074219 0.257812
vt 0.769531 0.546875
vt 0.246094 0.408203
vt 0.072266 0.232422
vt 0.769531 0.542969
vt 0.189453 0.404297
vt 0.074219 0.232422
vt 0.769531 0.544922
vt 0.664062 0.412109
vt 0.683594 0.927734
vt 0.541016 0.386719
vt 0.660156 0.937500
vt 0.681641 0.412109
vt 0.541016 0.369141
vt 0.664062 0.402344
vt 0.683594 0.917969
vt 0.564453 0.386719
vt 0.660156 0.927734
vt 0.681641 0.402344
vt 0.564453 0.369141
vt 0.683594 0.937500
vt 0.673828 0.472656
vt 0.564453 0.369141
vt 0.660156 0.927734
vt 0.691406 0.472656
vt 0.564453 0.386719
vt 0.683594 0.927734
vt 0.673828 0.462891
vt 0.587891 0.369141
vt 0.660156 0.917969
vt 0.691406 0.462891
vt 0.587891 0.386719
vt 0.720703 0.259766
vt 0.212891 0.429688
vt 0.746094 0.546875
vt 0.222656 0.433594
vt 0.722656 0.259766
vt 0.746094 0.544922
vt 0.720703 0.234375
vt 0.212891 0.404297
vt 0.746094 0.544922
vt 0.222656 0.408203
vt 0.722656 0.234375
vt 0.746094 0.542969
vt 0.246094 0.433594
vt 0.072266 0.257812
vt 0.769531 0.544922
vt 0.189453 0.429688
vt 0.074219 0.257812
vt 0.769531 0.546875
vt 0.246094 0.408203
vt 0.072266 0.232422
vt 0.769531 0.542969
vt 0.189453 0.404297
vt 0.074219 0.232422
vt 0.769531 0.544922
vt 0.691406 0.472656
vt 0.660156 0.927734
vt 0.564453 0.386719
vt 0.683594 0.937500
vt 0.673828 0.472656
vt 0.564453 0.369141
vt 0.691406 0.462891
vt 0.660156 0.917969
vt 0.587891 0.386719
vt 0.683594 0.927734
vt 0.673828 0.462891
vt 0.587891 0.369141
vt 0.660156 0.937500
vt 0.681641 0.412109
vt 0.541016 0.369141
vt 0.683594 0.927734
vt 0.664062 0.412109
vt 0.541016 0.386719
vt 0.660156 0.927734
vt 0.681641 0.402344
vt 0.564453 0.369141
vt 0.683594 0.917969
vt 0.664062 0.402344
vt 0.564453 0.386719
vt 0.074219 0.257812
vt 0.189453 0.429688
vt 0.769531 0.546875
vt 0.246094 0.433594
vt 0.072266 0.257812
vt 0.769531 0.544922
vt 0.074219 0.232422
vt 0.189453 0.404297
vt 0.769531 0.544922
vt 0.246094 0.408203
vt 0.072266 0.232422
vt 0.769531 0.542969
vt 0.222656 0.433594
vt 0.722656 0.259766
vt 0.746094 0.544922
vt 0.212891 0.429688
vt 0.720703 0.259766
vt 0.746094 0.546875
vt 0.222656 0.408203
vt 0.722656 0.234375
vt 0.746094 0.542969
vt 0.212891 0.404297
vt 0.720703 0.234375
vt 0.746094 0.544922
vt 0.691406 0.472656
vt 0.660156 0.927734
vt 0.564453 0.386719
vt 0.683594 0.937500
vt 0.673828 0.472656
vt 0.564453 0.369141
vt 0.691406 0.462891
vt 0.660156 0.917969
vt 0.587891 0.386719
vt 0.683594 0.927734
vt 0.673828 0.462891
vt 0.587891 0.369141
vt 0.660156 0.937500
vt 0.681641 0.412109
vt 0.541016 0.369141
vt 0.683594 0.927734
vt 0.664062 0.412109
vt 0.541016 0.386719
vt 0.660156 0.927734
vt 0.681641 0.402344
vt 0.564453 0.369141
vt 0.683594 0.917969
vt 0.664062 0.402344
vt 0.564453 0.386719
vt 0.074219 0.257812
vt 0.189453 0.429688
vt 0.769531 0.546875
vt 0.246094 0.433594
vt 0.072266 0.257812
vt 0.769531 0.544922
vt 0.074219 0.232422
vt 0.189453 0.404297
vt 0.769531 0.544922
vt 0.246094 0.408203
vt 0.072266 0.232422
vt 0.769531 0.542969
vt 0.222656 0.433594
vt 0.722656 0.259766
vt 0.746094 0.544922
vt 0.212891 0.429688
vt 0.720703 0.259766
vt 0.746094 0.546875
vt 0.222656 0.408203
vt 0.722656 0.234375
vt 0.746094 0.542969
vt 0.212891 0.404297
vt 0.720703 0.234375
vt 0.746094 0.544922
vt 0.691406 0.472656
vt 0.660156 0.927734
vt 0.564453 0.386719
vt 0.683594 0.937500
vt 0.673828 0.472656
vt 0.564453 0.369141
vt 0.691406 0.462891
vt 0.660156 0.917969
vt 0.587891 0.386719
vt 0.683594 0.927734
vt 0.673828 0.462891
vt 0.587891 0.369141
vt 0.660156 0.937500
vt 0.681641 0.412109
vt 0.541016 0.369141
vt 0.683594 0.927734
vt 0.664062 0.412109
vt 0.541016 0.386719
vt 0.660156 0.927734
vt 0.681641 0.402344
vt 0.564453 0.369141
vt 0.683594 0.917969
vt 0.664062 0.402344
vt 0.564453 0.386719
vt 0.074219 0.257812
vt 0.189453 0.429688
vt 0.769531 0.546875
vt 0.246094 0.433594
vt 0.072266 0.257812
vt 0.769531 0.544922
vt 0.074219 0.232422
vt 0.189453 0.404297
vt 0.769531 0.544922
vt 0.246094 0.408203
vt 0.072266 0.232422
vt 0.769531 0.542969
vt 0.222656 0.433594
vt 0.722656 0.259766
vt 0.746094 0.544922
vt 0.212891 0.429688
vt 0.720703 0.259766
vt 0.746094 0.546875
vt 0.222656 0.408203
vt 0.722656 0.234375
vt 0.746094 0.542969
vt 0.212891 0.404297
vt 0.720703 0.234375
vt 0.746094 0.544922
vt 0.361328 0.527344
vt 0.351562 0.251953
vt 0.232422 0.242188
vt 0.748047 0.691406
vt 0.363281 0.527344
vt 0.232422 0.240234
vt 0.361328 0.521484
vt 0.351562 0.246094
vt 0.238281 0.242188
vt 0.748047 0.685547
vt 0.363281 0.521484
vt 0.238281 0.240234
vt 0.753906 0.691406
vt 0.501953 0.785156
vt 0.238281 0.240234
vt 0.345703 0.251953
vt 0.503906 0.785156
vt 0.238281 0.242188
vt 0.753906 0.685547
vt 0.501953 0.779297
vt 0.244141 0.240234
vt 0.345703 0.246094
vt 0.503906 0.779297
vt 0.244141 0.242188
vt 0.187500 0.369141
vt 0.753906 0.542969
vt 0.757812 0.691406
vt 0.351562 0.251953
vt 0.189453 0.369141
vt 0.757812 0.689453
vt 0.187500 0.363281
vt 0.753906 0.537109
vt 0.757812 0.689453
vt 0.351562 0.246094
vt 0.189453 0.363281
vt 0.757812 0.687500
vt 0.357422 0.251953
vt 0.421875 0.361328
vt 0.763672 0.689453
vt 0.748047 0.542969
vt 0.423828 0.361328
vt 0.763672 0.691406
vt 0.357422 0.246094
vt 0.421875 0.355469
vt 0.763672 0.687500
vt 0.748047 0.537109
vt 0.423828 0.355469
vt 0.763672 0.689453
vt 0.705078 0.908203
vt 0.763672 0.853516
vt 0.068359 0.421875
vt 0.117188 0.283203
vt 0.708984 0.908203
vt 0.068359 0.417969
vt 0.705078 0.906250
vt 0.763672 0.851562
vt 0.595703 0.816406
vt 0.117188 0.281250
vt 0.708984 0.906250
vt 0.595703 0.812500
vt 0.123047 0.283203
vt 0.488281 0.269531
vt 0.074219 0.417969
vt 0.757812 0.853516
vt 0.492188 0.269531
vt 0.074219 0.421875
vt 0.123047 0.281250
vt 0.488281 0.267578
vt 0.601562 0.812500
vt 0.757812 0.851562
vt 0.492188 0.267578
vt 0.601562 0.816406
vt 0.759766 0.808594
vt 0.763672 0.794922
vt 0.654297 0.722656
vt 0.757812 0.796875
vt 0.763672 0.808594
vt 0.654297 0.718750
vt 0.759766 0.806641
vt 0.763672 0.792969
vt 0.394531 0.312500
vt 0.757812 0.794922
vt 0.763672 0.806641
vt 0.394531 0.308594
vt 0.763672 0.796875
vt 0.759766 0.806641
vt 0.660156 0.718750
vt 0.757812 0.794922
vt 0.763672 0.806641
vt 0.660156 0.722656
vt 0.763672 0.794922
vt 0.759766 0.804688
vt 0.400391 0.308594
vt 0.757812 0.792969
vt 0.763672 0.804688
vt 0.400391 0.312500
vt 0.511719 0.699219
vt 0.179688 0.390625
vt 0.726562 0.562500
vt 0.609375 0.857422
vt 0.517578 0.699219
vt 0.726562 0.556641
vt 0.511719 0.695312
vt 0.179688 0.386719
vt 0.734375 0.542969
vt 0.609375 0.853516
vt 0.517578 0.695312
vt 0.734375 0.537109
vt 0.623047 0.857422
vt 0.248047 0.466797
vt 0.740234 0.556641
vt 0.166016 0.390625
vt 0.253906 0.466797
vt 0.740234 0.562500
vt 0.623047 0.853516
vt 0.248047 0.462891
vt 0.748047 0.537109
vt 0.166016 0.386719
vt 0.253906 0.462891
vt 0.748047 0.542969
vt 0.708984 0.884766
vt 0.345703 0.259766
vt 0.740234 0.644531
vt 0.724609 0.394531
vt 0.714844 0.884766
vt 0.740234 0.638672
vt 0.708984 0.878906
vt 0.345703 0.253906
vt 0.740234 0.582031
vt 0.724609 0.388672
vt 0.714844 0.878906
vt 0.740234 0.576172
vt 0.734375 0.394531
vt 0.214844 0.269531
vt 0.750000 0.638672
vt 0.335938 0.259766
vt 0.220703 0.269531
vt 0.750000 0.644531
vt 0.734375 0.388672
vt 0.214844 0.263672
vt 0.750000 0.576172
vt 0.335938 0.253906
vt 0.220703 0.263672
vt 0.750000 0.582031
vt 0.732422 0.273438
vt 0.697266 0.253906
vt 0.746094 0.298828
vt 0.746094 0.351562
vt 0.734375 0.273438
vt 0.746094 0.296875
vt 0.732422 0.271484
vt 0.697266 0.251953
vt 0.746094 0.296875
vt 0.746094 0.349609
vt 0.734375 0.271484
vt 0.746094 0.294922
vt 0.767578 0.351562
vt 0.259766 0.263672
vt 0.767578 0.296875
vt 0.675781 0.253906
vt 0.261719 0.263672
vt 0.767578 0.298828
vt 0.767578 0.349609
vt 0.259766 0.261719
vt 0.767578 0.294922
vt 0.675781 0.251953
vt 0.261719 0.261719
vt 0.767578 0.296875
vt 0.310547 0.316406
vt 0.054688 0.285156
vt 0.630859 0.332031
vt 0.537109 0.289062
vt 0.318359 0.316406
vt 0.630859 0.324219
vt 0.310547 0.314453
vt 0.054688 0.283203
vt 0.658203 0.326172
vt 0.537109 0.287109
vt 0.318359 0.314453
vt 0.658203 0.318359
vt 0.539062 0.289062
vt 0.685547 0.300781
vt 0.632812 0.324219
vt 0.052734 0.285156
vt 0.693359 0.300781
vt 0.632812 0.332031
vt 0.539062 0.287109
vt 0.685547 0.298828
vt 0.660156 0.318359
vt 0.052734 0.283203
vt 0.693359 0.298828
vt 0.660156 0.326172
vt 0.289062 0.324219
vt 0.695312 0.345703
vt 0.533203 0.347656
vt 0.492188 0.322266
vt 0.296875 0.324219
vt 0.533203 0.339844
vt 0.289062 0.322266
vt 0.695312 0.343750
vt 0.658203 0.351562
vt 0.492188 0.320312
vt 0.296875 0.322266
vt 0.658203 0.343750
vt 0.494141 0.322266
vt 0.679688 0.832031
vt 0.535156 0.339844
vt 0.693359 0.345703
vt 0.687500 0.832031
vt 0.535156 0.347656
vt 0.494141 0.320312
vt 0.679688 0.830078
vt 0.660156 0.343750
vt 0.693359 0.343750
vt 0.687500 0.830078
vt 0.660156 0.351562
vt 0.318359 0.333984
vt 0.654297 0.503906
vt 0.404297 0.369141
vt 0.484375 0.419922
vt 0.326172 0.333984
vt 0.404297 0.361328
vt 0.318359 0.332031
vt 0.654297 0.501953
vt 0.646484 0.351562
vt 0.484375 0.417969
vt 0.326172 0.332031
vt 0.646484 0.343750
vt 0.486328 0.419922
vt 0.583984 0.333984
vt 0.406250 0.361328
vt 0.652344 0.503906
vt 0.591797 0.333984
vt 0.406250 0.369141
vt 0.486328 0.417969
vt 0.583984 0.332031
vt 0.648438 0.343750
vt 0.652344 0.501953
vt 0.591797 0.332031
vt 0.648438 0.351562
vt 0.503906 0.722656
vt 0.480469 0.474609
vt 0.099609 0.417969
vt 0.291016 0.570312
vt 0.511719 0.722656
vt 0.099609 0.410156
vt 0.503906 0.720703
vt 0.480469 0.472656
vt 0.427734 0.410156
vt 0.291016 0.568359
vt 0.511719 0.720703
vt 0.427734 0.402344
vt 0.292969 0.570312
vt 0.273438 0.445312
vt 0.101562 0.410156
vt 0.478516 0.474609
vt 0.281250 0.445312
vt 0.101562 0.417969
vt 0.292969 0.568359
vt 0.273438 0.443359
vt 0.429688 0.402344
vt 0.478516 0.472656
vt 0.281250 0.443359
vt 0.429688 0.410156
vt 0.630859 0.869141
vt 0.093750 0.353516
vt 0.341797 0.253906
vt 0.205078 0.363281
vt 0.652344 0.869141
vt 0.341797 0.232422
vt 0.630859 0.851562
vt 0.093750 0.335938
vt 0.343750 0.253906
vt 0.205078 0.345703
vt 0.652344 0.851562
vt 0.343750 0.232422
vt 0.207031 0.363281
vt 0.166016 0.369141
vt 0.343750 0.232422
vt 0.091797 0.353516
vt 0.187500 0.369141
vt 0.343750 0.253906
vt 0.207031 0.345703
vt 0.166016 0.351562
vt 0.345703 0.232422
vt 0.091797 0.335938
vt 0.187500 0.351562
vt 0.345703 0.253906
vt 0.628906 0.830078
vt 0.630859 0.894531
vt 0.277344 0.253906
vt 0.107422 0.472656
vt 0.650391 0.830078
vt 0.277344 0.232422
vt 0.628906 0.812500
vt 0.630859 0.876953
vt 0.328125 0.253906
vt 0.107422 0.455078
vt 0.650391 0.812500
vt 0.328125 0.232422
vt 0.109375 0.472656
vt 0.128906 0.369141
vt 0.279297 0.232422
vt 0.628906 0.894531
vt 0.150391 0.369141
vt 0.279297 0.253906
vt 0.109375 0.455078
vt 0.128906 0.351562
vt 0.330078 0.232422
vt 0.628906 0.876953
vt 0.150391 0.351562
vt 0.330078 0.253906
vt 0.605469 0.796875
vt 0.734375 0.298828
vt 0.539062 0.292969
vt 0.634766 0.279297
vt 0.611328 0.796875
vt 0.539062 0.287109
vt 0.605469 0.789062
vt 0.734375 0.291016
vt 0.726562 0.935547
vt 0.634766 0.271484
vt 0.611328 0.789062
vt 0.726562 0.929688
vt 0.648438 0.279297
vt 0.056641 0.367188
vt 0.552734 0.287109
vt 0.720703 0.298828
vt 0.062500 0.367188
vt 0.552734 0.292969
vt 0.648438 0.271484
vt 0.056641 0.359375
vt 0.740234 0.929688
vt 0.720703 0.291016
vt 0.062500 0.359375
vt 0.740234 0.935547
vt 0.615234 0.705078
vt 0.693359 0.923828
vt 0.509766 0.287109
vt 0.673828 0.402344
vt 0.621094 0.705078
vt 0.509766 0.281250
vt 0.615234 0.699219
vt 0.693359 0.917969
vt 0.554688 0.287109
vt 0.673828 0.396484
vt 0.621094 0.699219
vt 0.554688 0.281250
vt 0.683594 0.402344
vt 0.074219 0.359375
vt 0.519531 0.281250
vt 0.683594 0.923828
vt 0.080078 0.359375
vt 0.519531 0.287109
vt 0.683594 0.396484
vt 0.074219 0.353516
vt 0.564453 0.281250
vt 0.683594 0.917969
vt 0.080078 0.353516
vt 0.564453 0.287109
vt 0.535156 0.281250
vt 0.671875 0.384766
vt 0.652344 0.853516
vt 0.650391 0.982422
vt 0.537109 0.281250
vt 0.652344 0.851562
vt 0.535156 0.279297
vt 0.671875 0.382812
vt 0.662109 0.955078
vt 0.650391 0.980469
vt 0.537109 0.279297
vt 0.662109 0.953125
vt 0.671875 0.982422
vt 0.343750 0.269531
vt 0.673828 0.851562
vt 0.650391 0.384766
vt 0.345703 0.269531
vt 0.673828 0.853516
vt 0.671875 0.980469
vt 0.343750 0.267578
vt 0.683594 0.953125
vt 0.650391 0.382812
vt 0.345703 0.267578
vt 0.683594 0.955078
vt 0.121094 0.238281
vt 0.125000 0.238281
vt 0.126953 0.238281
vt 0.119141 0.238281
vt 0.123047 0.238281
vt 0.126953 0.236328
vt 0.121094 0.236328
vt 0.125000 0.236328
vt 0.128906 0.238281
vt 0.119141 0.236328
vt 0.123047 0.236328
vt 0.128906 0.236328
vt 0.121094 0.238281
vt 0.125000 0.238281
vt 0.128906 0.236328
vt 0.123047 0.238281
vt 0.126953 0.238281
vt 0.128906 0.238281
vt 0.121094 0.236328
vt 0.125000 0.236328
vt 0.130859 0.236328
vt 0.123047 0.236328
vt 0.126953 0.236328
vt 0.130859 0.238281
vt 0.105469 0.238281
vt 0.109375 0.238281
vt 0.115234 0.238281
vt 0.103516 0.238281
vt 0.107422 0.238281
vt 0.115234 0.236328
vt 0.105469 0.236328
vt 0.109375 0.236328
vt 0.117188 0.238281
vt 0.103516 0.236328
vt 0.107422 0.236328
vt 0.117188 0.236328
vt 0.105469 0.238281
vt 0.109375 0.238281
vt 0.117188 0.236328
vt 0.107422 0.238281
vt 0.111328 0.238281
vt 0.117188 0.238281
vt 0.105469 0.236328
vt 0.109375 0.236328
vt 0.119141 0.236328
vt 0.107422 0.236328
vt 0.111328 0.236328
vt 0.119141 0.238281
vt 0.746094 0.425781
vt 0.767578 0.964844
vt 0.406250 0.384766
vt 0.750000 0.966797
vt 0.769531 0.425781
vt 0.406250 0.361328
vt 0.746094 0.423828
vt 0.767578 0.962891
vt 0.062500 0.382812
vt 0.750000 0.964844
vt 0.769531 0.423828
vt 0.062500 0.359375
vt 0.767578 0.966797
vt 0.746094 0.423828
vt 0.423828 0.361328
vt 0.750000 0.964844
vt 0.769531 0.423828
vt 0.423828 0.384766
vt 0.767578 0.964844
vt 0.746094 0.421875
vt 0.080078 0.359375
vt 0.750000 0.962891
vt 0.769531 0.421875
vt 0.080078 0.382812
vt 0.568359 0.253906
vt 0.767578 0.968750
vt 0.189453 0.386719
vt 0.031250 0.250000
vt 0.591797 0.253906
vt 0.189453 0.363281
vt 0.568359 0.251953
vt 0.767578 0.966797
vt 0.615234 0.728516
vt 0.031250 0.248047
vt 0.591797 0.251953
vt 0.615234 0.705078
vt 0.048828 0.250000
vt 0.746094 0.427734
vt 0.207031 0.363281
vt 0.750000 0.968750
vt 0.769531 0.427734
vt 0.207031 0.386719
vt 0.048828 0.248047
vt 0.746094 0.425781
vt 0.632812 0.705078
vt 0.750000 0.966797
vt 0.769531 0.425781
vt 0.632812 0.728516
vt 0.650391 0.994141
vt 0.365234 0.246094
vt 0.630859 0.253906
vt 0.269531 0.246094
vt 0.671875 0.994141
vt 0.630859 0.232422
vt 0.650391 0.982422
vt 0.365234 0.234375
vt 0.632812 0.253906
vt 0.269531 0.234375
vt 0.671875 0.982422
vt 0.632812 0.232422
vt 0.271484 0.246094
vt 0.650391 0.830078
vt 0.632812 0.232422
vt 0.363281 0.246094
vt 0.671875 0.830078
vt 0.632812 0.253906
vt 0.271484 0.234375
vt 0.650391 0.818359
vt 0.634766 0.232422
vt 0.363281 0.234375
vt 0.671875 0.818359
vt 0.634766 0.253906
vt 0.099609 0.353516
vt 0.248047 0.251953
vt 0.552734 0.472656
vt 0.244141 0.251953
vt 0.113281 0.353516
vt 0.552734 0.458984
vt 0.099609 0.333984
vt 0.248047 0.232422
vt 0.312500 0.443359
vt 0.244141 0.232422
vt 0.113281 0.333984
vt 0.312500 0.429688
vt 0.246094 0.251953
vt 0.591797 0.351562
vt 0.554688 0.458984
vt 0.246094 0.251953
vt 0.605469 0.351562
vt 0.554688 0.472656
vt 0.246094 0.232422
vt 0.591797 0.332031
vt 0.314453 0.429688
vt 0.246094 0.232422
vt 0.605469 0.332031
vt 0.314453 0.443359
vt 0.605469 0.351562
vt 0.289062 0.251953
vt 0.640625 0.306641
vt 0.285156 0.251953
vt 0.619141 0.351562
vt 0.640625 0.292969
vt 0.605469 0.332031
vt 0.289062 0.232422
vt 0.230469 0.292969
vt 0.285156 0.232422
vt 0.619141 0.332031
vt 0.230469 0.279297
vt 0.287109 0.251953
vt 0.619141 0.351562
vt 0.642578 0.292969
vt 0.287109 0.251953
vt 0.632812 0.351562
vt 0.642578 0.306641
vt 0.287109 0.232422
vt 0.619141 0.332031
vt 0.232422 0.279297
vt 0.287109 0.232422
vt 0.632812 0.332031
vt 0.232422 0.292969
vt 0.650391 0.396484
vt 0.451172 0.246094
vt 0.697266 0.253906
vt 0.431641 0.246094
vt 0.671875 0.396484
vt 0.697266 0.232422
vt 0.650391 0.384766
vt 0.451172 0.234375
vt 0.699219 0.253906
vt 0.431641 0.234375
vt 0.671875 0.384766
vt 0.699219 0.232422
vt 0.433594 0.246094
vt 0.652344 0.865234
vt 0.699219 0.232422
vt 0.449219 0.246094
vt 0.673828 0.865234
vt 0.699219 0.253906
vt 0.433594 0.234375
vt 0.652344 0.853516
vt 0.701172 0.232422
vt 0.449219 0.234375
vt 0.673828 0.853516
vt 0.701172 0.253906
vt 0.361328 0.837891
vt 0.648438 0.433594
vt 0.587891 0.386719
vt 0.583984 0.369141
vt 0.367188 0.837891
vt 0.587891 0.380859
vt 0.361328 0.835938
vt 0.648438 0.431641
vt 0.183594 0.351562
vt 0.583984 0.367188
vt 0.367188 0.835938
vt 0.183594 0.345703
vt 0.587891 0.369141
vt 0.044922 0.394531
vt 0.591797 0.380859
vt 0.644531 0.433594
vt 0.050781 0.394531
vt 0.591797 0.386719
vt 0.587891 0.367188
vt 0.044922 0.392578
vt 0.187500 0.345703
vt 0.644531 0.431641
vt 0.050781 0.392578
vt 0.187500 0.351562
vt 0.580078 0.316406
vt 0.023438 0.287109
vt 0.138672 0.460938
vt 0.494141 0.349609
vt 0.583984 0.316406
vt 0.138672 0.457031
vt 0.580078 0.314453
vt 0.023438 0.285156
vt 0.574219 0.789062
vt 0.494141 0.347656
vt 0.583984 0.314453
vt 0.574219 0.785156
vt 0.500000 0.349609
vt 0.488281 0.304688
vt 0.144531 0.457031
vt 0.017578 0.287109
vt 0.492188 0.304688
vt 0.144531 0.460938
vt 0.500000 0.347656
vt 0.488281 0.302734
vt 0.580078 0.785156
vt 0.017578 0.285156
vt 0.492188 0.302734
vt 0.580078 0.789062
vt 0.759766 0.257812
vt 0.673828 0.867188
vt 0.099609 0.248047
vt 0.359375 0.353516
vt 0.761719 0.257812
vt 0.099609 0.246094
vt 0.759766 0.255859
vt 0.673828 0.865234
vt 0.115234 0.248047
vt 0.359375 0.351562
vt 0.761719 0.255859
vt 0.115234 0.246094
vt 0.371094 0.353516
vt 0.744141 0.240234
vt 0.111328 0.246094
vt 0.662109 0.867188
vt 0.746094 0.240234
vt 0.111328 0.248047
vt 0.371094 0.351562
vt 0.744141 0.238281
vt 0.126953 0.246094
vt 0.662109 0.865234
vt 0.746094 0.238281
vt 0.126953 0.248047
vt 0.603516 0.746094
vt 0.710938 0.707031
vt 0.285156 0.574219
vt 0.701172 0.978516
vt 0.607422 0.746094
vt 0.285156 0.570312
vt 0.603516 0.744141
vt 0.710938 0.705078
vt 0.623047 0.857422
vt 0.701172 0.976562
vt 0.607422 0.744141
vt 0.623047 0.853516
vt 0.708984 0.978516
vt 0.128906 0.371094
vt 0.292969 0.570312
vt 0.703125 0.707031
vt 0.132812 0.371094
vt 0.292969 0.574219
vt 0.708984 0.976562
vt 0.128906 0.369141
vt 0.630859 0.853516
vt 0.703125 0.705078
vt 0.132812 0.369141
vt 0.630859 0.857422
vt 0.669922 0.619141
vt 0.753906 0.246094
vt 0.617188 0.296875
vt 0.685547 0.246094
vt 0.673828 0.619141
vt 0.617188 0.292969
vt 0.669922 0.617188
vt 0.753906 0.244141
vt 0.707031 0.357422
vt 0.685547 0.244141
vt 0.673828 0.617188
vt 0.707031 0.353516
vt 0.693359 0.246094
vt 0.675781 0.611328
vt 0.625000 0.292969
vt 0.746094 0.246094
vt 0.679688 0.611328
vt 0.625000 0.296875
vt 0.693359 0.244141
vt 0.675781 0.609375
vt 0.714844 0.353516
vt 0.746094 0.244141
vt 0.679688 0.609375
vt 0.714844 0.357422
vt 0.751953 0.839844
vt 0.750000 0.240234
vt 0.207031 0.386719
vt 0.746094 0.240234
vt 0.763672 0.839844
vt 0.207031 0.375000
vt 0.751953 0.837891
vt 0.750000 0.238281
vt 0.019531 0.349609
vt 0.746094 0.238281
vt 0.763672 0.837891
vt 0.019531 0.337891
vt 0.748047 0.240234
vt 0.751953 0.837891
vt 0.208984 0.375000
vt 0.748047 0.240234
vt 0.763672 0.837891
vt 0.208984 0.386719
vt 0.748047 0.238281
vt 0.751953 0.835938
vt 0.021484 0.337891
vt 0.748047 0.238281
vt 0.763672 0.835938
vt 0.021484 0.349609
vt 0.759766 0.251953
vt 0.763672 0.833984
vt 0.751953 0.832031
vt 0.751953 0.835938
vt 0.761719 0.251953
vt 0.751953 0.830078
vt 0.759766 0.250000
vt 0.763672 0.832031
vt 0.751953 0.830078
vt 0.751953 0.833984
vt 0.761719 0.250000
vt 0.751953 0.828125
vt 0.763672 0.835938
vt 0.750000 0.240234
vt 0.763672 0.830078
vt 0.751953 0.833984
vt 0.751953 0.240234
vt 0.763672 0.832031
vt 0.763672 0.833984
vt 0.750000 0.238281
vt 0.763672 0.828125
vt 0.751953 0.832031
vt 0.751953 0.238281
vt 0.763672 0.830078
vt 0.486328 0.447266
vt 0.744141 0.240234
vt 0.291016 0.603516
vt 0.726562 0.246094
vt 0.498047 0.447266
vt 0.291016 0.591797
vt 0.486328 0.445312
vt 0.744141 0.238281
vt 0.132812 0.427734
vt 0.726562 0.244141
vt 0.498047 0.445312
vt 0.132812 0.416016
vt 0.728516 0.246094
vt 0.261719 0.376953
vt 0.292969 0.591797
vt 0.742188 0.240234
vt 0.273438 0.376953
vt 0.292969 0.603516
vt 0.728516 0.244141
vt 0.261719 0.375000
vt 0.134766 0.416016
vt 0.742188 0.238281
vt 0.273438 0.375000
vt 0.134766 0.427734
vt 0.744141 0.880859
vt 0.765625 0.521484
vt 0.484375 0.375000
vt 0.750000 0.523438
vt 0.769531 0.880859
vt 0.484375 0.349609
vt 0.744141 0.878906
vt 0.765625 0.519531
vt 0.437500 0.373047
vt 0.750000 0.521484
vt 0.769531 0.878906
vt 0.437500 0.347656
vt 0.765625 0.523438
vt 0.744141 0.878906
vt 0.500000 0.349609
vt 0.750000 0.521484
vt 0.769531 0.878906
vt 0.500000 0.375000
vt 0.765625 0.521484
vt 0.744141 0.876953
vt 0.453125 0.347656
vt 0.750000 0.519531
vt 0.769531 0.876953
vt 0.453125 0.373047
vt 0.751953 0.865234
vt 0.763672 0.291016
vt 0.220703 0.292969
vt 0.753906 0.308594
vt 0.765625 0.865234
vt 0.220703 0.279297
vt 0.751953 0.863281
vt 0.763672 0.289062
vt 0.173828 0.283203
vt 0.753906 0.306641
vt 0.765625 0.863281
vt 0.173828 0.269531
vt 0.763672 0.308594
vt 0.751953 0.863281
vt 0.230469 0.279297
vt 0.753906 0.291016
vt 0.765625 0.863281
vt 0.230469 0.292969
vt 0.763672 0.306641
vt 0.751953 0.861328
vt 0.183594 0.269531
vt 0.753906 0.289062
vt 0.765625 0.861328
vt 0.183594 0.283203
vt 0.751953 0.890625
vt 0.765625 0.859375
vt 0.417969 0.277344
vt 0.115234 0.242188
vt 0.765625 0.890625
vt 0.417969 0.263672
vt 0.751953 0.888672
vt 0.765625 0.857422
vt 0.425781 0.277344
vt 0.115234 0.240234
vt 0.765625 0.888672
vt 0.425781 0.263672
vt 0.123047 0.242188
vt 0.751953 0.867188
vt 0.425781 0.263672
vt 0.757812 0.859375
vt 0.765625 0.867188
vt 0.425781 0.277344
vt 0.123047 0.240234
vt 0.751953 0.865234
vt 0.433594 0.263672
vt 0.757812 0.857422
vt 0.765625 0.865234
vt 0.433594 0.277344
vt 0.607422 0.240234
vt 0.765625 0.441406
vt 0.746094 0.392578
vt 0.753906 0.443359
vt 0.611328 0.240234
vt 0.746094 0.388672
vt 0.607422 0.238281
vt 0.765625 0.439453
vt 0.746094 0.357422
vt 0.753906 0.441406
vt 0.611328 0.238281
vt 0.746094 0.353516
vt 0.765625 0.443359
vt 0.611328 0.240234
vt 0.757812 0.388672
vt 0.753906 0.441406
vt 0.615234 0.240234
vt 0.757812 0.392578
vt 0.765625 0.441406
vt 0.611328 0.238281
vt 0.757812 0.353516
vt 0.753906 0.439453
vt 0.615234 0.238281
vt 0.757812 0.357422
vt 0.759766 0.953125
vt 0.769531 0.404297
vt 0.697266 0.693359
vt 0.572266 0.257812
vt 0.765625 0.953125
vt 0.697266 0.687500
vt 0.759766 0.951172
vt 0.769531 0.402344
vt 0.697266 0.634766
vt 0.572266 0.255859
vt 0.765625 0.951172
vt 0.697266 0.628906
vt 0.599609 0.257812
vt 0.759766 0.951172
vt 0.724609 0.687500
vt 0.742188 0.404297
vt 0.765625 0.951172
vt 0.724609 0.693359
vt 0.599609 0.255859
vt 0.759766 0.949219
vt 0.724609 0.628906
vt 0.742188 0.402344
vt 0.765625 0.949219
vt 0.724609 0.634766
vt 0.746094 0.421875
vt 0.607422 0.240234
vt 0.167969 0.275391
vt 0.599609 0.240234
vt 0.769531 0.421875
vt 0.167969 0.251953
vt 0.746094 0.419922
vt 0.607422 0.238281
vt 0.232422 0.275391
vt 0.599609 0.238281
vt 0.769531 0.419922
vt 0.232422 0.251953
vt 0.603516 0.240234
vt 0.746094 0.394531
vt 0.171875 0.251953
vt 0.603516 0.240234
vt 0.769531 0.394531
vt 0.171875 0.275391
vt 0.603516 0.238281
vt 0.746094 0.392578
vt 0.236328 0.251953
vt 0.603516 0.238281
vt 0.769531 0.392578
vt 0.236328 0.275391
vt 0.748047 0.742188
vt 0.595703 0.240234
vt 0.406250 0.271484
vt 0.587891 0.240234
vt 0.769531 0.742188
vt 0.406250 0.250000
vt 0.748047 0.740234
vt 0.595703 0.238281
vt 0.441406 0.269531
vt 0.587891 0.238281
vt 0.769531 0.740234
vt 0.441406 0.248047
vt 0.591797 0.240234
vt 0.748047 0.740234
vt 0.410156 0.250000
vt 0.591797 0.240234
vt 0.769531 0.740234
vt 0.410156 0.271484
vt 0.591797 0.238281
vt 0.748047 0.738281
vt 0.445312 0.248047
vt 0.591797 0.238281
vt 0.769531 0.738281
vt 0.445312 0.269531
vt 0.576172 0.240234
vt 0.765625 0.892578
vt 0.656250 0.619141
vt 0.751953 0.894531
vt 0.580078 0.240234
vt 0.656250 0.615234
vt 0.576172 0.238281
vt 0.765625 0.890625
vt 0.000000 0.291016
vt 0.751953 0.892578
vt 0.580078 0.238281
vt 0.000000 0.287109
vt 0.765625 0.894531
vt 0.580078 0.240234
vt 0.669922 0.615234
vt 0.751953 0.892578
vt 0.583984 0.240234
vt 0.669922 0.619141
vt 0.765625 0.892578
vt 0.580078 0.238281
vt 0.013672 0.287109
vt 0.751953 0.890625
vt 0.583984 0.238281
vt 0.013672 0.291016
vt 0.738281 0.564453
vt 0.322266 0.238281
vt 0.386719 0.263672
vt 0.318359 0.238281
vt 0.775391 0.564453
vt 0.386719 0.226562
vt 0.738281 0.562500
vt 0.322266 0.236328
vt 0.388672 0.263672
vt 0.318359 0.236328
vt 0.775391 0.562500
vt 0.388672 0.226562
vt 0.320312 0.238281
vt 0.738281 0.412109
vt 0.388672 0.226562
vt 0.320312 0.238281
vt 0.775391 0.412109
vt 0.388672 0.263672
vt 0.320312 0.236328
vt 0.738281 0.410156
vt 0.390625 0.226562
vt 0.320312 0.236328
vt 0.775391 0.410156
vt 0.390625 0.263672
vt 0.199219 0.253906
vt 0.203125 0.253906
vt 0.314453 0.238281
vt 0.705078 0.255859
vt 0.201172 0.253906
vt 0.314453 0.236328
vt 0.199219 0.230469
vt 0.203125 0.230469
vt 0.316406 0.238281
vt 0.705078 0.232422
vt 0.201172 0.230469
vt 0.316406 0.236328
vt 0.707031 0.255859
vt 0.275391 0.253906
vt 0.316406 0.236328
vt 0.201172 0.253906
vt 0.277344 0.253906
vt 0.316406 0.238281
vt 0.707031 0.232422
vt 0.275391 0.230469
vt 0.318359 0.236328
vt 0.201172 0.230469
vt 0.277344 0.230469
vt 0.318359 0.238281
vt 0.748047 0.792969
vt 0.314453 0.238281
vt 0.701172 0.253906
vt 0.310547 0.238281
vt 0.769531 0.792969
vt 0.701172 0.232422
vt 0.748047 0.791016
vt 0.314453 0.236328
vt 0.703125 0.253906
vt 0.310547 0.236328
vt 0.769531 0.791016
vt 0.703125 0.232422
vt 0.312500 0.238281
vt 0.748047 0.791016
vt 0.703125 0.232422
vt 0.312500 0.238281
vt 0.769531 0.791016
vt 0.703125 0.253906
vt 0.312500 0.236328
vt 0.748047 0.789062
vt 0.705078 0.232422
vt 0.312500 0.236328
vt 0.769531 0.789062
vt 0.705078 0.253906
vt 0.464844 0.279297
vt 0.382812 0.250000
vt 0.691406 0.244141
vt 0.283203 0.250000
vt 0.472656 0.279297
vt 0.691406 0.236328
vt 0.464844 0.263672
vt 0.382812 0.234375
vt 0.082031 0.242188
vt 0.283203 0.234375
vt 0.472656 0.263672
vt 0.082031 0.234375
vt 0.285156 0.250000
vt 0.720703 0.531250
vt 0.693359 0.236328
vt 0.380859 0.250000
vt 0.728516 0.531250
vt 0.693359 0.244141
vt 0.285156 0.234375
vt 0.720703 0.515625
vt 0.083984 0.234375
vt 0.380859 0.234375
vt 0.728516 0.515625
vt 0.083984 0.242188
vt 0.521484 0.246094
vt 0.617188 0.240234
vt 0.658203 0.242188
vt 0.759766 0.386719
vt 0.527344 0.246094
vt 0.658203 0.236328
vt 0.521484 0.242188
vt 0.617188 0.236328
vt 0.687500 0.242188
vt 0.759766 0.382812
vt 0.527344 0.242188
vt 0.687500 0.236328
vt 0.761719 0.386719
vt 0.753906 0.439453
vt 0.660156 0.236328
vt 0.615234 0.240234
vt 0.759766 0.439453
vt 0.660156 0.242188
vt 0.761719 0.382812
vt 0.753906 0.435547
vt 0.689453 0.236328
vt 0.615234 0.236328
vt 0.759766 0.435547
vt 0.689453 0.242188
vt 0.759766 0.382812
vt 0.621094 0.240234
vt 0.322266 0.238281
vt 0.617188 0.240234
vt 0.761719 0.382812
vt 0.322266 0.236328
vt 0.759766 0.378906
vt 0.621094 0.236328
vt 0.324219 0.238281
vt 0.617188 0.236328
vt 0.761719 0.378906
vt 0.324219 0.236328
vt 0.619141 0.240234
vt 0.621094 0.240234
vt 0.324219 0.236328
vt 0.619141 0.240234
vt 0.623047 0.240234
vt 0.324219 0.238281
vt 0.619141 0.236328
vt 0.621094 0.236328
vt 0.326172 0.236328
vt 0.619141 0.236328
vt 0.623047 0.236328
vt 0.326172 0.238281
vt 0.742188 0.486328
vt 0.568359 0.246094
vt 0.369141 0.457031
vt 0.753906 0.445312
vt 0.769531 0.486328
vt 0.369141 0.429688
vt 0.742188 0.484375
vt 0.568359 0.244141
vt 0.021484 0.365234
vt 0.753906 0.443359
vt 0.769531 0.484375
vt 0.021484 0.337891
vt 0.765625 0.445312
vt 0.544922 0.257812
vt 0.380859 0.429688
vt 0.556641 0.246094
vt 0.572266 0.257812
vt 0.380859 0.457031
vt 0.765625 0.443359
vt 0.544922 0.255859
vt 0.033203 0.337891
vt 0.556641 0.244141
vt 0.572266 0.255859
vt 0.033203 0.365234
vt 0.744141 0.812500
vt 0.765625 0.474609
vt 0.113281 0.371094
vt 0.750000 0.476562
vt 0.769531 0.812500
vt 0.113281 0.345703
vt 0.744141 0.810547
vt 0.765625 0.472656
vt 0.628906 0.796875
vt 0.750000 0.474609
vt 0.769531 0.810547
vt 0.628906 0.771484
vt 0.765625 0.476562
vt 0.744141 0.810547
vt 0.128906 0.345703
vt 0.750000 0.474609
vt 0.769531 0.810547
vt 0.128906 0.371094
vt 0.765625 0.474609
vt 0.744141 0.808594
vt 0.644531 0.771484
vt 0.750000 0.472656
vt 0.769531 0.808594
vt 0.644531 0.796875
vt 0.759766 0.378906
vt 0.765625 0.849609
vt 0.316406 0.257812
vt 0.751953 0.851562
vt 0.763672 0.378906
vt 0.316406 0.253906
vt 0.759766 0.376953
vt 0.765625 0.847656
vt 0.507812 0.257812
vt 0.751953 0.849609
vt 0.763672 0.376953
vt 0.507812 0.253906
vt 0.765625 0.851562
vt 0.759766 0.376953
vt 0.330078 0.253906
vt 0.751953 0.849609
vt 0.763672 0.376953
vt 0.330078 0.257812
vt 0.765625 0.849609
vt 0.759766 0.375000
vt 0.521484 0.253906
vt 0.751953 0.847656
vt 0.763672 0.375000
vt 0.521484 0.257812
vt 0.742188 0.402344
vt 0.580078 0.246094
vt 0.033203 0.365234
vt 0.753906 0.435547
vt 0.769531 0.402344
vt 0.033203 0.337891
vt 0.742188 0.400391
vt 0.580078 0.244141
vt 0.244141 0.365234
vt 0.753906 0.433594
vt 0.769531 0.400391
vt 0.244141 0.337891
vt 0.765625 0.435547
vt 0.742188 0.345703
vt 0.044922 0.337891
vt 0.568359 0.246094
vt 0.769531 0.345703
vt 0.044922 0.365234
vt 0.765625 0.433594
vt 0.742188 0.343750
vt 0.255859 0.337891
vt 0.568359 0.244141
vt 0.769531 0.343750
vt 0.255859 0.365234
vt 0.748047 0.738281
vt 0.763672 0.373047
vt 0.089844 0.267578
vt 0.759766 0.375000
vt 0.769531 0.738281
vt 0.089844 0.246094
vt 0.748047 0.736328
vt 0.763672 0.371094
vt 0.076172 0.265625
vt 0.759766 0.373047
vt 0.769531 0.736328
vt 0.076172 0.244141
vt 0.763672 0.375000
vt 0.748047 0.736328
vt 0.093750 0.246094
vt 0.759766 0.373047
vt 0.769531 0.736328
vt 0.093750 0.267578
vt 0.763672 0.373047
vt 0.748047 0.734375
vt 0.080078 0.244141
vt 0.759766 0.371094
vt 0.769531 0.734375
vt 0.080078 0.265625
vt 0.746094 0.388672
vt 0.763672 0.369141
vt 0.390625 0.275391
vt 0.759766 0.371094
vt 0.769531 0.388672
vt 0.390625 0.251953
vt 0.746094 0.386719
vt 0.763672 0.367188
vt 0.472656 0.275391
vt 0.759766 0.369141
vt 0.769531 0.386719
vt 0.472656 0.251953
vt 0.763672 0.371094
vt 0.746094 0.353516
vt 0.394531 0.251953
vt 0.759766 0.369141
vt 0.769531 0.353516
vt 0.394531 0.275391
vt 0.763672 0.369141
vt 0.746094 0.351562
vt 0.476562 0.251953
vt 0.759766 0.367188
vt 0.769531 0.351562
vt 0.476562 0.275391
vt 0.759766 0.949219
vt 0.769531 0.341797
vt 0.697266 0.570312
vt 0.742188 0.343750
vt 0.765625 0.949219
vt 0.697266 0.564453
vt 0.759766 0.947266
vt 0.769531 0.339844
vt 0.697266 0.394531
vt 0.742188 0.341797
vt 0.765625 0.947266
vt 0.697266 0.388672
vt 0.769531 0.343750
vt 0.759766 0.947266
vt 0.724609 0.564453
vt 0.742188 0.341797
vt 0.765625 0.947266
vt 0.724609 0.570312
vt 0.769531 0.341797
vt 0.759766 0.945312
vt 0.724609 0.388672
vt 0.742188 0.339844
vt 0.765625 0.945312
vt 0.724609 0.394531
vt 0.751953 0.847656
vt 0.765625 0.855469
vt 0.615234 0.277344
vt 0.757812 0.857422
vt 0.765625 0.847656
vt 0.615234 0.263672
vt 0.751953 0.845703
vt 0.765625 0.853516
vt 0.623047 0.277344
vt 0.757812 0.855469
vt 0.765625 0.845703
vt 0.623047 0.263672
vt 0.765625 0.857422
vt 0.751953 0.845703
vt 0.623047 0.263672
vt 0.757812 0.855469
vt 0.765625 0.845703
vt 0.623047 0.277344
vt 0.765625 0.855469
vt 0.751953 0.843750
vt 0.630859 0.263672
vt 0.757812 0.853516
vt 0.765625 0.843750
vt 0.630859 0.277344
vt 0.751953 0.843750
vt 0.763672 0.287109
vt 0.117188 0.281250
vt 0.753906 0.289062
vt 0.765625 0.843750
vt 0.117188 0.267578
vt 0.751953 0.841797
vt 0.763672 0.285156
vt 0.333984 0.281250
vt 0.753906 0.287109
vt 0.765625 0.841797
vt 0.333984 0.267578
vt 0.763672 0.289062
vt 0.751953 0.841797
vt 0.126953 0.267578
vt 0.753906 0.287109
vt 0.765625 0.841797
vt 0.126953 0.281250
vt 0.763672 0.287109
vt 0.751953 0.839844
vt 0.343750 0.267578
vt 0.753906 0.285156
vt 0.765625 0.839844
vt 0.343750 0.281250
vt 0.759766 0.367188
vt 0.611328 0.246094
vt 0.652344 0.253906
vt 0.580078 0.246094
vt 0.763672 0.367188
vt 0.652344 0.250000
vt 0.759766 0.365234
vt 0.611328 0.244141
vt 0.664062 0.253906
vt 0.580078 0.244141
vt 0.763672 0.365234
vt 0.664062 0.250000
vt 0.591797 0.246094
vt 0.634766 0.240234
vt 0.664062 0.250000
vt 0.599609 0.246094
vt 0.638672 0.240234
vt 0.664062 0.253906
vt 0.591797 0.244141
vt 0.634766 0.238281
vt 0.675781 0.250000
vt 0.599609 0.244141
vt 0.638672 0.238281
vt 0.675781 0.253906
vt 0.611328 0.246094
vt 0.642578 0.240234
vt 0.689453 0.242188
vt 0.638672 0.240234
vt 0.617188 0.246094
vt 0.689453 0.236328
vt 0.611328 0.242188
vt 0.642578 0.236328
vt 0.707031 0.242188
vt 0.638672 0.236328
vt 0.617188 0.242188
vt 0.707031 0.236328
vt 0.640625 0.240234
vt 0.753906 0.386719
vt 0.691406 0.236328
vt 0.640625 0.240234
vt 0.759766 0.386719
vt 0.691406 0.242188
vt 0.640625 0.236328
vt 0.753906 0.382812
vt 0.708984 0.236328
vt 0.640625 0.236328
vt 0.759766 0.382812
vt 0.708984 0.242188
vt 0.644531 0.240234
vt 0.654297 0.240234
vt 0.326172 0.238281
vt 0.642578 0.240234
vt 0.646484 0.240234
vt 0.326172 0.236328
vt 0.644531 0.236328
vt 0.654297 0.236328
vt 0.335938 0.238281
vt 0.642578 0.236328
vt 0.646484 0.236328
vt 0.335938 0.236328
vt 0.644531 0.240234
vt 0.654297 0.240234
vt 0.328125 0.236328
vt 0.652344 0.240234
vt 0.656250 0.240234
vt 0.328125 0.238281
vt 0.644531 0.236328
vt 0.654297 0.236328
vt 0.337891 0.236328
vt 0.652344 0.236328
vt 0.656250 0.236328
vt 0.337891 0.238281
vt 0.724609 0.869141
vt 0.771484 0.728516
vt 0.384766 0.521484
vt 0.742188 0.861328
vt 0.771484 0.869141
vt 0.384766 0.474609
vt 0.724609 0.867188
vt 0.771484 0.726562
vt 0.480469 0.546875
vt 0.742188 0.859375
vt 0.771484 0.867188
vt 0.480469 0.500000
vt 0.771484 0.861328
vt 0.724609 0.777344
vt 0.414062 0.474609
vt 0.742188 0.728516
vt 0.771484 0.777344
vt 0.414062 0.521484
vt 0.771484 0.859375
vt 0.724609 0.775391
vt 0.509766 0.500000
vt 0.742188 0.726562
vt 0.771484 0.775391
vt 0.509766 0.546875
vt 0.759766 0.365234
vt 0.765625 0.943359
vt 0.617188 0.246094
vt 0.759766 0.945312
vt 0.763672 0.365234
vt 0.617188 0.242188
vt 0.759766 0.363281
vt 0.765625 0.941406
vt 0.753906 0.382812
vt 0.759766 0.943359
vt 0.763672 0.363281
vt 0.753906 0.378906
vt 0.765625 0.945312
vt 0.660156 0.240234
vt 0.623047 0.242188
vt 0.759766 0.943359
vt 0.664062 0.240234
vt 0.623047 0.246094
vt 0.765625 0.943359
vt 0.660156 0.238281
vt 0.759766 0.378906
vt 0.759766 0.941406
vt 0.664062 0.238281
vt 0.759766 0.382812
vt 0.664062 0.240234
vt 0.105469 0.240234
vt 0.753906 0.378906
vt 0.759766 0.941406
vt 0.667969 0.240234
vt 0.753906 0.375000
vt 0.664062 0.238281
vt 0.105469 0.238281
vt 0.753906 0.375000
vt 0.759766 0.939453
vt 0.667969 0.238281
vt 0.753906 0.371094
vt 0.765625 0.941406
vt 0.667969 0.240234
vt 0.759766 0.375000
vt 0.099609 0.240234
vt 0.671875 0.240234
vt 0.759766 0.378906
vt 0.765625 0.939453
vt 0.667969 0.238281
vt 0.759766 0.371094
vt 0.099609 0.238281
vt 0.671875 0.238281
vt 0.759766 0.375000
vt 0.675781 0.240234
vt 0.679688 0.240234
vt 0.337891 0.238281
vt 0.656250 0.240234
vt 0.677734 0.240234
vt 0.337891 0.236328
vt 0.675781 0.236328
vt 0.679688 0.236328
vt 0.345703 0.238281
vt 0.656250 0.236328
vt 0.677734 0.236328
vt 0.345703 0.236328
vt 0.658203 0.240234
vt 0.679688 0.240234
vt 0.339844 0.236328
vt 0.677734 0.240234
vt 0.681641 0.240234
vt 0.339844 0.238281
vt 0.658203 0.236328
vt 0.679688 0.236328
vt 0.347656 0.236328
vt 0.677734 0.236328
vt 0.681641 0.236328
vt 0.347656 0.238281
vt 0.750000 0.962891
vt 0.742188 0.242188
vt 0.025391 0.240234
vt 0.708984 0.242188
vt 0.755859 0.962891
vt 0.025391 0.234375
vt 0.750000 0.957031
vt 0.742188 0.236328
vt 0.027344 0.240234
vt 0.708984 0.236328
vt 0.755859 0.957031
vt 0.027344 0.234375
vt 0.710938 0.242188
vt 0.750000 0.957031
vt 0.027344 0.234375
vt 0.740234 0.242188
vt 0.755859 0.957031
vt 0.027344 0.240234
vt 0.710938 0.236328
vt 0.750000 0.951172
vt 0.029297 0.234375
vt 0.740234 0.236328
vt 0.755859 0.951172
vt 0.029297 0.240234
vt 0.724609 0.734375
vt 0.771484 0.638672
vt 0.222656 0.513672
vt 0.742188 0.726562
vt 0.771484 0.734375
vt 0.222656 0.466797
vt 0.724609 0.732422
vt 0.771484 0.636719
vt 0.109375 0.501953
vt 0.742188 0.724609
vt 0.771484 0.732422
vt 0.109375 0.455078
vt 0.771484 0.726562
vt 0.724609 0.732422
vt 0.251953 0.466797
vt 0.742188 0.638672
vt 0.771484 0.732422
vt 0.251953 0.513672
vt 0.771484 0.724609
vt 0.724609 0.730469
vt 0.138672 0.455078
vt 0.742188 0.636719
vt 0.771484 0.730469
vt 0.138672 0.501953
vt 0.681641 0.240234
vt 0.121094 0.240234
vt 0.753906 0.371094
vt 0.105469 0.240234
vt 0.685547 0.240234
vt 0.753906 0.367188
vt 0.681641 0.238281
vt 0.121094 0.238281
vt 0.753906 0.367188
vt 0.105469 0.238281
vt 0.685547 0.238281
vt 0.753906 0.363281
vt 0.111328 0.240234
vt 0.722656 0.240234
vt 0.759766 0.367188
vt 0.115234 0.240234
vt 0.726562 0.240234
vt 0.759766 0.371094
vt 0.111328 0.238281
vt 0.722656 0.238281
vt 0.759766 0.363281
vt 0.115234 0.238281
vt 0.726562 0.238281
vt 0.759766 0.367188
vt 0.726562 0.240234
vt 0.132812 0.240234
vt 0.634766 0.246094
vt 0.121094 0.240234
vt 0.730469 0.240234
vt 0.634766 0.242188
vt 0.726562 0.238281
vt 0.132812 0.238281
vt 0.640625 0.246094
vt 0.121094 0.238281
vt 0.730469 0.238281
vt 0.640625 0.242188
vt 0.126953 0.240234
vt 0.730469 0.240234
vt 0.640625 0.242188
vt 0.126953 0.240234
vt 0.734375 0.240234
vt 0.640625 0.246094
vt 0.126953 0.238281
vt 0.730469 0.238281
vt 0.646484 0.242188
vt 0.126953 0.238281
vt 0.734375 0.238281
vt 0.646484 0.246094
vt 0.750000 0.951172
vt 0.035156 0.240234
vt 0.076172 0.240234
vt 0.031250 0.240234
vt 0.755859 0.951172
vt 0.076172 0.234375
vt 0.750000 0.945312
vt 0.035156 0.234375
vt 0.078125 0.240234
vt 0.031250 0.234375
vt 0.755859 0.945312
vt 0.078125 0.234375
vt 0.033203 0.240234
vt 0.750000 0.945312
vt 0.078125 0.234375
vt 0.033203 0.240234
vt 0.755859 0.945312
vt 0.078125 0.240234
vt 0.033203 0.234375
vt 0.750000 0.939453
vt 0.080078 0.234375
vt 0.033203 0.234375
vt 0.755859 0.939453
vt 0.080078 0.240234
vt 0.734375 0.240234
vt 0.738281 0.240234
vt 0.347656 0.238281
vt 0.685547 0.240234
vt 0.736328 0.240234
vt 0.347656 0.236328
vt 0.734375 0.236328
vt 0.738281 0.236328
vt 0.349609 0.238281
vt 0.685547 0.236328
vt 0.736328 0.236328
vt 0.349609 0.236328
vt 0.687500 0.240234
vt 0.738281 0.240234
vt 0.349609 0.236328
vt 0.736328 0.240234
vt 0.740234 0.240234
vt 0.349609 0.238281
vt 0.687500 0.236328
vt 0.738281 0.236328
vt 0.351562 0.236328
vt 0.736328 0.236328
vt 0.740234 0.236328
vt 0.351562 0.238281
s 1
usemtl btr4_tex_4.png
f 644/1922/81 647/1931/81 645/1925/81 642/1916/81
f 643/1919/82 644/1923/82 642/1917/82 641/1913/82
f 648/1934/83 643/1920/83 641/1914/83 646/1928/83
f 647/1932/84 648/1935/84 646/1929/84 645/1926/84
f 646/1930/85 641/1915/85 642/1918/85 645/1927/85
f 647/1933/86 644/1924/86 643/1921/86 648/1936/86
f 652/1946/81 655/1955/81 653/1949/81 650/1940/81
f 651/1943/82 652/1947/82 650/1941/82 649/1937/82
f 656/1958/83 651/1944/83 649/1938/83 654/1952/83
f 655/1956/84 656/1959/84 654/1953/84 653/1950/84
f 654/1954/85 649/1939/85 650/1942/85 653/1951/85
f 655/1957/86 652/1948/86 651/1945/86 656/1960/86
f 660/1970/87 663/1979/87 661/1973/87 658/1964/87
f 659/1967/82 660/1971/82 658/1965/82 657/1961/82
f 664/1982/88 659/1968/88 657/1962/88 662/1976/88
f 663/1980/84 664/1983/84 662/1977/84 661/1974/84
f 662/1978/89 657/1963/89 658/1966/89 661/1975/89
f 663/1981/90 660/1972/90 659/1969/90 664/1984/90
f 668/1994/91 671/2003/91 669/1997/91 666/1988/91
f 667/1991/92 668/1995/92 666/1989/92 665/1985/92
f 672/2006/93 667/1992/93 665/1986/93 670/2000/93
f 671/2004/94 672/2007/94 670/2001/94 669/1998/94
f 670/2002/89 665/1987/89 666/1990/89 669/1999/89
f 671/2005/90 668/1996/90 667/1993/90 672/2008/90
f 676/2018/81 679/2027/81 677/2021/81 674/2012/81
f 675/2015/82 676/2019/82 674/2013/82 673/2009/82
f 680/2030/83 675/2016/83 673/2010/83 678/2024/83
f 679/2028/84 680/2031/84 678/2025/84 677/2022/84
f 678/2026/85 673/2011/85 674/2014/85 677/2023/85
f 679/2029/86 676/2020/86 675/2017/86 680/2032/86
f 684/2042/81 687/2051/81 685/2045/81 682/2036/81
f 683/2039/95 684/2043/95 682/2037/95 681/2033/95
f 688/2054/83 683/2040/83 681/2034/83 686/2048/83
f 687/2052/96 688/2055/96 686/2049/96 685/2046/96
f 686/2050/97 681/2035/97 682/2038/97 685/2047/97
f 687/2053/98 684/2044/98 683/2041/98 688/2056/98
f 692/2066/81 695/2075/81 693/2069/81 690/2060/81
f 691/2063/95 692/2067/95 690/2061/95 689/2057/95
f 696/2078/83 691/2064/83 689/2058/83 694/2072/83
f 695/2076/96 696/2079/96 694/2073/96 693/2070/96
f 694/2074/97 689/2059/97 690/2062/97 693/2071/97
f 695/2077/98 692/2068/98 691/2065/98 696/2080/98
f 700/2090/99 703/2099/99 701/2093/99 698/2084/99
f 699/2087/100 700/2091/100 698/2085/100 697/2081/100
f 704/2102/101 699/2088/101 697/2082/101 702/2096/101
f 703/2100/102 704/2103/102 702/2097/102 701/2094/102
f 702/2098/97 697/2083/97 698/2086/97 701/2095/97
f 703/2101/98 700/2092/98 699/2089/98 704/2104/98
f 708/2114/103 711/2123/103 709/2117/103 706/2108/103
f 707/2111/104 708/2115/104 706/2109/104 705/2105/104
f 712/2126/105 707/2112/105 705/2106/105 710/2120/105
f 711/2124/106 712/2127/106 710/2121/106 709/2118/106
f 710/2122/97 705/2107/97 706/2110/97 709/2119/97
f 711/2125/98 708/2116/98 707/2113/98 712/2128/98
f 716/2138/107 719/2147/107 717/2141/107 714/2132/107
f 715/2135/108 716/2139/108 714/2133/108 713/2129/108
f 720/2150/109 715/2136/109 713/2130/109 718/2144/109
f 719/2148/110 720/2151/110 718/2145/110 717/2142/110
f 718/2146/111 713/2131/111 714/2134/111 717/2143/111
f 719/2149/112 716/2140/112 715/2137/112 720/2152/112
f 724/2162/81 727/2171/81 725/2165/81 722/2156/81
f 723/2159/85 724/2163/85 722/2157/85 721/2153/85
f 728/2174/83 723/2160/83 721/2154/83 726/2168/83
f 727/2172/86 728/2175/86 726/2169/86 725/2166/86
f 726/2170/84 721/2155/84 722/2158/84 725/2167/84
f 727/2173/82 724/2164/82 723/2161/82 728/2176/82
f 732/2186/113 735/2195/113 733/2189/113 730/2180/113
f 731/2183/114 732/2187/114 730/2181/114 729/2177/114
f 736/2198/115 731/2184/115 729/2178/115 734/2192/115
f 735/2196/116 736/2199/116 734/2193/116 733/2190/116
f 734/2194/84 729/2179/84 730/2182/84 733/2191/84
f 735/2197/82 732/2188/82 731/2185/82 736/2200/82
f 740/2210/117 743/2219/117 741/2213/117 738/2204/117
f 739/2207/118 740/2211/118 738/2205/118 737/2201/118
f 744/2222/119 739/2208/119 737/2202/119 742/2216/119
f 743/2220/120 744/2223/120 742/2217/120 741/2214/120
f 742/2218/84 737/2203/84 738/2206/84 741/2215/84
f 743/2221/82 740/2212/82 739/2209/82 744/2224/82
f 748/2234/121 751/2243/121 749/2237/121 746/2228/121
f 747/2231/122 748/2235/122 746/2229/122 745/2225/122
f 752/2246/123 747/2232/123 745/2226/123 750/2240/123
f 751/2244/124 752/2247/124 750/2241/124 749/2238/124
f 750/2242/84 745/2227/84 746/2230/84 749/2239/84
f 751/2245/82 748/2236/82 747/2233/82 752/2248/82
f 756/2258/81 759/2267/81 757/2261/81 754/2252/81
f 755/2255/85 756/2259/85 754/2253/85 753/2249/85
f 760/2270/83 755/2256/83 753/2250/83 758/2264/83
f 759/2268/86 760/2271/86 758/2265/86 757/2262/86
f 758/2266/84 753/2251/84 754/2254/84 757/2263/84
f 759/2269/82 756/2260/82 755/2257/82 760/2272/82
f 764/2282/125 767/2291/125 765/2285/125 762/2276/125
f 763/2279/126 764/2283/126 762/2277/126 761/2273/126
f 768/2294/127 763/2280/127 761/2274/127 766/2288/127
f 767/2292/128 768/2295/128 766/2289/128 765/2286/128
f 766/2290/84 761/2275/84 762/2278/84 765/2287/84
f 767/2293/82 764/2284/82 763/2281/82 768/2296/82
f 772/2306/129 775/2315/129 773/2309/129 770/2300/129
f 771/2303/130 772/2307/130 770/2301/130 769/2297/130
f 776/2318/131 771/2304/131 769/2298/131 774/2312/131
f 775/2316/132 776/2319/132 774/2313/132 773/2310/132
f 774/2314/133 769/2299/133 770/2302/133 773/2311/133
f 775/2317/134 772/2308/134 771/2305/134 776/2320/134
f 780/2330/135 783/2339/135 781/2333/135 778/2324/135
f 779/2327/136 780/2331/136 778/2325/136 777/2321/136
f 784/2342/137 779/2328/137 777/2322/137 782/2336/137
f 783/2340/132 784/2343/132 782/2337/132 781/2334/132
f 782/2338/138 777/2323/138 778/2326/138 781/2335/138
f 783/2341/139 780/2332/139 779/2329/139 784/2344/139
f 788/2354/140 791/2363/140 789/2357/140 786/2348/140
f 787/2351/82 788/2355/82 786/2349/82 785/2345/82
f 792/2366/141 787/2352/141 785/2346/141 790/2360/141
f 791/2364/84 792/2367/84 790/2361/84 789/2358/84
f 790/2362/142 785/2347/142 786/2350/142 789/2359/142
f 791/2365/143 788/2356/143 787/2353/143 792/2368/143
f 796/2378/144 799/2387/144 797/2381/144 794/2372/144
f 795/2375/145 796/2379/145 794/2373/145 793/2369/145
f 800/2390/146 795/2376/146 793/2370/146 798/2384/146
f 799/2388/147 800/2391/147 798/2385/147 797/2382/147
f 798/2386/142 793/2371/142 794/2374/142 797/2383/142
f 799/2389/143 796/2380/143 795/2377/143 800/2392/143
f 804/2402/148 807/2411/148 805/2405/148 802/2396/148
f 803/2399/82 804/2403/82 802/2397/82 801/2393/82
f 808/2414/149 803/2400/149 801/2394/149 806/2408/149
f 807/2412/84 808/2415/84 806/2409/84 805/2406/84
f 806/2410/150 801/2395/150 802/2398/150 805/2407/150
f 807/2413/151 804/2404/151 803/2401/151 808/2416/151
f 812/2426/152 815/2435/152 813/2429/152 810/2420/152
f 811/2423/153 812/2427/153 810/2421/153 809/2417/153
f 816/2438/154 811/2424/154 809/2418/154 814/2432/154
f 815/2436/155 816/2439/155 814/2433/155 813/2430/155
f 814/2434/150 809/2419/150 810/2422/150 813/2431/150
f 815/2437/151 812/2428/151 811/2425/151 816/2440/151
f 820/2450/156 823/2459/156 821/2453/156 818/2444/156
f 819/2447/157 820/2451/157 818/2445/157 817/2441/157
f 824/2462/158 819/2448/158 817/2442/158 822/2456/158
f 823/2460/159 824/2463/159 822/2457/159 821/2454/159
f 822/2458/160 817/2443/160 818/2446/160 821/2455/160
f 823/2461/161 820/2452/161 819/2449/161 824/2464/161
f 828/2474/156 831/2483/156 829/2477/156 826/2468/156
f 827/2471/157 828/2475/157 826/2469/157 825/2465/157
f 832/2486/158 827/2472/158 825/2466/158 830/2480/158
f 831/2484/159 832/2487/159 830/2481/159 829/2478/159
f 830/2482/160 825/2467/160 826/2470/160 829/2479/160
f 831/2485/161 828/2476/161 827/2473/161 832/2488/161
f 836/2498/162 839/2507/162 837/2501/162 834/2492/162
f 835/2495/163 836/2499/163 834/2493/163 833/2489/163
f 840/2510/164 835/2496/164 833/2490/164 838/2504/164
f 839/2508/165 840/2511/165 838/2505/165 837/2502/165
f 838/2506/160 833/2491/160 834/2494/160 837/2503/160
f 839/2509/161 836/2500/161 835/2497/161 840/2512/161
f 844/2522/166 847/2531/166 845/2525/166 842/2516/166
f 843/2519/167 844/2523/167 842/2517/167 841/2513/167
f 848/2534/168 843/2520/168 841/2514/168 846/2528/168
f 847/2532/169 848/2535/169 846/2529/169 845/2526/169
f 846/2530/170 841/2515/170 842/2518/170 845/2527/170
f 847/2533/171 844/2524/171 843/2521/171 848/2536/171
f 852/2546/172 855/2555/172 853/2549/172 850/2540/172
f 851/2543/157 852/2547/157 850/2541/157 849/2537/157
f 856/2558/173 851/2544/173 849/2538/173 854/2552/173
f 855/2556/174 856/2559/174 854/2553/174 853/2550/174
f 854/2554/175 849/2539/175 850/2542/175 853/2551/175
f 855/2557/176 852/2548/176 851/2545/176 856/2560/176
f 860/2570/177 863/2579/177 861/2573/177 858/2564/177
f 859/2567/82 860/2571/82 858/2565/82 857/2561/82
f 864/2582/178 859/2568/178 857/2562/178 862/2576/178
f 863/2580/84 864/2583/84 862/2577/84 861/2574/84
f 862/2578/179 857/2563/179 858/2566/179 861/2575/179
f 863/2581/180 860/2572/180 859/2569/180 864/2584/180
f 868/2594/177 871/2603/177 869/2597/177 866/2588/177
f 867/2591/82 868/2595/82 866/2589/82 865/2585/82
f 872/2606/181 867/2592/181 865/2586/181 870/2600/181
f 871/2604/84 872/2607/84 870/2601/84 869/2598/84
f 870/2602/179 865/2587/179 866/2590/179 869/2599/179
f 871/2605/180 868/2596/180 867/2593/180 872/2608/180
f 876/2618/182 879/2627/182 877/2621/182 874/2612/182
f 875/2615/183 876/2619/183 874/2613/183 873/2609/183
f 880/2630/184 875/2616/184 873/2610/184 878/2624/184
f 879/2628/185 880/2631/185 878/2625/185 877/2622/185
f 878/2626/179 873/2611/179 874/2614/179 877/2623/179
f 879/2629/180 876/2620/180 875/2617/180 880/2632/180
f 884/2642/186 887/2651/186 885/2645/186 882/2636/186
f 883/2639/187 884/2643/187 882/2637/187 881/2633/187
f 888/2654/188 883/2640/188 881/2634/188 886/2648/188
f 887/2652/189 888/2655/189 886/2649/189 885/2646/189
f 886/2650/179 881/2635/179 882/2638/179 885/2647/179
f 887/2653/180 884/2644/180 883/2641/180 888/2656/180
f 892/2666/187 895/2675/187 893/2669/187 890/2660/187
f 891/2663/188 892/2667/188 890/2661/188 889/2657/188
f 896/2678/189 891/2664/189 889/2658/189 894/2672/189
f 895/2676/186 896/2679/186 894/2673/186 893/2670/186
f 894/2674/179 889/2659/179 890/2662/179 893/2671/179
f 895/2677/180 892/2668/180 891/2665/180 896/2680/180
f 900/2690/183 903/2699/183 901/2693/183 898/2684/183
f 899/2687/184 900/2691/184 898/2685/184 897/2681/184
f 904/2702/185 899/2688/185 897/2682/185 902/2696/185
f 903/2700/182 904/2703/182 902/2697/182 901/2694/182
f 902/2698/179 897/2683/179 898/2686/179 901/2695/179
f 903/2701/180 900/2692/180 899/2689/180 904/2704/180
f 908/2714/81 911/2723/81 909/2717/81 906/2708/81
f 907/2711/190 908/2715/190 906/2709/190 905/2705/190
f 912/2726/83 907/2712/83 905/2706/83 910/2720/83
f 911/2724/191 912/2727/191 910/2721/191 909/2718/191
f 910/2722/192 905/2707/192 906/2710/192 909/2719/192
f 911/2725/193 908/2716/193 907/2713/193 912/2728/193
f 916/2738/194 919/2747/194 917/2741/194 914/2732/194
f 915/2735/82 916/2739/82 914/2733/82 913/2729/82
f 920/2750/195 915/2736/195 913/2730/195 918/2744/195
f 919/2748/84 920/2751/84 918/2745/84 917/2742/84
f 918/2746/196 913/2731/196 914/2734/196 917/2743/196
f 919/2749/197 916/2740/197 915/2737/197 920/2752/197
f 924/2762/194 927/2771/194 925/2765/194 922/2756/194
f 923/2759/198 924/2763/198 922/2757/198 921/2753/198
f 928/2774/195 923/2760/195 921/2754/195 926/2768/195
f 927/2772/199 928/2775/199 926/2769/199 925/2766/199
f 926/2770/200 921/2755/200 922/2758/200 925/2767/200
f 927/2773/201 924/2764/201 923/2761/201 928/2776/201
f 932/2785/87 935/2793/87 933/2789/87 930/2781/87
f 931/2782/82 932/2786/82 930/2780/82 929/2777/82
f 936/2796/88 931/2783/88 929/2778/88 934/2790/88
f 935/2794/84 936/2797/84 934/2791/84 933/2788/84
f 934/2792/89 929/2779/89 930/2781/89 933/2789/89
f 935/2795/90 932/2787/90 931/2784/90 936/2798/90
f 940/2808/202 943/2817/202 941/2811/202 938/2802/202
f 939/2805/82 940/2809/82 938/2803/82 937/2799/82
f 944/2820/203 939/2806/203 937/2800/203 942/2814/203
f 943/2818/84 944/2821/84 942/2815/84 941/2812/84
f 942/2816/204 937/2801/204 938/2804/204 941/2813/204
f 943/2819/205 940/2810/205 939/2807/205 944/2822/205
f 948/2831/194 951/2840/194 949/2834/194 946/2825/194
f 947/2828/206 948/2832/206 946/2826/206 945/2823/206
f 952/2843/195 947/2829/195 945/2824/195 950/2837/195
f 951/2841/207 952/2844/207 950/2838/207 949/2835/207
f 950/2839/208 945/2824/208 946/2827/208 949/2836/208
f 951/2842/209 948/2833/209 947/2830/209 952/2845/209
f 956/2855/81 959/2864/81 957/2858/81 954/2849/81
f 955/2852/82 956/2856/82 954/2850/82 953/2846/82
f 960/2867/83 955/2853/83 953/2847/83 958/2861/83
f 959/2865/84 960/2868/84 958/2862/84 957/2859/84
f 958/2863/85 953/2848/85 954/2851/85 957/2860/85
f 959/2866/86 956/2857/86 955/2854/86 960/2869/86
f 964/2879/81 967/2888/81 965/2882/81 962/2873/81
f 963/2876/82 964/2880/82 962/2874/82 961/2870/82
f 968/2891/83 963/2877/83 961/2871/83 966/2885/83
f 967/2889/84 968/2892/84 966/2886/84 965/2883/84
f 966/2887/85 961/2872/85 962/2875/85 965/2884/85
f 967/2890/86 964/2881/86 963/2878/86 968/2893/86
f 972/2903/129 975/2912/129 973/2906/129 970/2897/129
f 971/2900/136 972/2904/136 970/2898/136 969/2894/136
f 976/2915/131 971/2901/131 969/2895/131 974/2909/131
f 975/2913/210 976/2916/210 974/2910/210 973/2907/210
f 974/2911/133 969/2896/133 970/2899/133 973/2908/133
f 975/2914/134 972/2905/134 971/2902/134 976/2917/134
f 980/2927/211 983/2936/211 981/2930/211 978/2921/211
f 979/2924/136 980/2928/136 978/2922/136 977/2918/136
f 984/2939/212 979/2925/212 977/2919/212 982/2933/212
f 983/2937/132 984/2940/132 982/2934/132 981/2931/132
f 982/2935/213 977/2920/213 978/2923/213 981/2932/213
f 983/2938/214 980/2929/214 979/2926/214 984/2941/214
f 988/2951/215 991/2960/215 989/2954/215 986/2945/215
f 987/2948/216 988/2952/216 986/2946/216 985/2942/216
f 992/2963/217 987/2949/217 985/2943/217 990/2957/217
f 991/2961/218 992/2964/218 990/2958/218 989/2955/218
f 990/2959/85 985/2944/85 986/2947/85 989/2956/85
f 991/2962/86 988/2953/86 987/2950/86 992/2965/86
f 996/2975/215 999/2984/215 997/2978/215 994/2969/215
f 995/2972/216 996/2976/216 994/2970/216 993/2966/216
f 1000/2987/217 995/2973/217 993/2967/217 998/2981/217
f 999/2985/218 1000/2988/218 998/2982/218 997/2979/218
f 998/2983/85 993/2968/85 994/2971/85 997/2980/85
f 999/2986/86 996/2977/86 995/2974/86 1000/2989/86
f 1004/2999/194 1007/3008/194 1005/3002/194 1002/2993/194
f 1003/2996/198 1004/3000/198 1002/2994/198 1001/2990/198
f 1008/3011/195 1003/2997/195 1001/2991/195 1006/3005/195
f 1007/3009/199 1008/3012/199 1006/3006/199 1005/3003/199
f 1006/3007/200 1001/2992/200 1002/2995/200 1005/3004/200
f 1007/3010/201 1004/3001/201 1003/2998/201 1008/3013/201
f 1012/3023/194 1015/3032/194 1013/3026/194 1010/3017/194
f 1011/3020/82 1012/3024/82 1010/3018/82 1009/3014/82
f 1016/3035/195 1011/3021/195 1009/3015/195 1014/3029/195
f 1015/3033/84 1016/3036/84 1014/3030/84 1013/3027/84
f 1014/3031/196 1009/3016/196 1010/3019/196 1013/3028/196
f 1015/3034/197 1012/3025/197 1011/3022/197 1016/3037/197
f 1020/3047/219 1023/3056/219 1021/3050/219 1018/3041/219
f 1019/3044/220 1020/3048/220 1018/3042/220 1017/3038/220
f 1024/3059/221 1019/3045/221 1017/3039/221 1022/3053/221
f 1023/3057/222 1024/3060/222 1022/3054/222 1021/3051/222
f 1022/3055/223 1017/3040/223 1018/3043/223 1021/3052/223
f 1023/3058/224 1020/3049/224 1019/3046/224 1024/3061/224
f 1028/3071/194 1031/3080/194 1029/3074/194 1026/3065/194
f 1027/3068/225 1028/3072/225 1026/3066/225 1025/3062/225
f 1032/3083/195 1027/3069/195 1025/3063/195 1030/3077/195
f 1031/3081/226 1032/3084/226 1030/3078/226 1029/3075/226
f 1030/3079/227 1025/3064/227 1026/3067/227 1029/3076/227
f 1031/3082/228 1028/3073/228 1027/3070/228 1032/3085/228
f 1036/3095/194 1039/3104/194 1037/3098/194 1034/3089/194
f 1035/3092/225 1036/3096/225 1034/3090/225 1033/3086/225
f 1040/3107/195 1035/3093/195 1033/3087/195 1038/3101/195
f 1039/3105/226 1040/3108/226 1038/3102/226 1037/3099/226
f 1038/3103/227 1033/3088/227 1034/3091/227 1037/3100/227
f 1039/3106/228 1036/3097/228 1035/3094/228 1040/3109/228
f 1044/3119/194 1047/3128/194 1045/3122/194 1042/3113/194
f 1043/3116/225 1044/3120/225 1042/3114/225 1041/3110/225
f 1048/3131/195 1043/3117/195 1041/3111/195 1046/3125/195
f 1047/3129/226 1048/3132/226 1046/3126/226 1045/3123/226
f 1046/3127/227 1041/3112/227 1042/3115/227 1045/3124/227
f 1047/3130/228 1044/3121/228 1043/3118/228 1048/3133/228
f 1052/3143/194 1055/3152/194 1053/3146/194 1050/3137/194
f 1051/3140/82 1052/3144/82 1050/3138/82 1049/3134/82
f 1056/3155/195 1051/3141/195 1049/3135/195 1054/3149/195
f 1055/3153/84 1056/3156/84 1054/3150/84 1053/3147/84
f 1054/3151/196 1049/3136/196 1050/3139/196 1053/3148/196
f 1055/3154/197 1052/3145/197 1051/3142/197 1056/3157/197
f 1060/3167/229 1063/3176/229 1061/3170/229 1058/3161/229
f 1059/3164/230 1060/3168/230 1058/3162/230 1057/3158/230
f 1064/3179/231 1059/3165/231 1057/3159/231 1062/3173/231
f 1063/3177/232 1064/3180/232 1062/3174/232 1061/3171/232
f 1062/3175/233 1057/3160/233 1058/3163/233 1061/3172/233
f 1063/3178/234 1060/3169/234 1059/3166/234 1064/3181/234
f 1068/3191/235 1071/3200/235 1069/3194/235 1066/3185/235
f 1067/3188/82 1068/3192/82 1066/3186/82 1065/3182/82
f 1072/3203/236 1067/3189/236 1065/3183/236 1070/3197/236
f 1071/3201/232 1072/3204/232 1070/3198/232 1069/3195/232
f 1070/3199/237 1065/3184/237 1066/3187/237 1069/3196/237
f 1071/3202/238 1068/3193/238 1067/3190/238 1072/3205/238
f 1076/3214/239 1079/3223/239 1077/3217/239 1074/3208/239
f 1075/3211/82 1076/3215/82 1074/3209/82 1073/3206/82
f 1080/3226/240 1075/3212/240 1073/3207/240 1078/3220/240
f 1079/3224/84 1080/3227/84 1078/3221/84 1077/3218/84
f 1078/3222/241 1073/3207/241 1074/3210/241 1077/3219/241
f 1079/3225/242 1076/3216/242 1075/3213/242 1080/3228/242
f 1084/3238/235 1087/3247/235 1085/3241/235 1082/3232/235
f 1083/3235/230 1084/3239/230 1082/3233/230 1081/3229/230
f 1088/3250/236 1083/3236/236 1081/3230/236 1086/3244/236
f 1087/3248/232 1088/3251/232 1086/3245/232 1085/3242/232
f 1086/3246/237 1081/3231/237 1082/3234/237 1085/3243/237
f 1087/3249/238 1084/3240/238 1083/3237/238 1088/3252/238
f 1092/3262/194 1095/3271/194 1093/3265/194 1090/3256/194
f 1091/3259/82 1092/3263/82 1090/3257/82 1089/3253/82
f 1096/3274/195 1091/3260/195 1089/3254/195 1094/3268/195
f 1095/3272/84 1096/3275/84 1094/3269/84 1093/3266/84
f 1094/3270/196 1089/3255/196 1090/3258/196 1093/3267/196
f 1095/3273/197 1092/3264/197 1091/3261/197 1096/3276/197
f 1100/3286/243 1103/3295/243 1101/3289/243 1098/3280/243
f 1099/3283/244 1100/3287/244 1098/3281/244 1097/3277/244
f 1104/3298/245 1099/3284/245 1097/3278/245 1102/3292/245
f 1103/3296/246 1104/3299/246 1102/3293/246 1101/3290/246
f 1102/3294/196 1097/3279/196 1098/3282/196 1101/3291/196
f 1103/3297/197 1100/3288/197 1099/3285/197 1104/3300/197
f 1108/3310/247 1111/3319/247 1109/3313/247 1106/3304/247
f 1107/3307/248 1108/3311/248 1106/3305/248 1105/3301/248
f 1112/3322/249 1107/3308/249 1105/3302/249 1110/3316/249
f 1111/3320/250 1112/3323/250 1110/3317/250 1109/3314/250
f 1110/3318/196 1105/3303/196 1106/3306/196 1109/3315/196
f 1111/3321/197 1108/3312/197 1107/3309/197 1112/3324/197
f 1116/3334/251 1119/3343/251 1117/3337/251 1114/3328/251
f 1115/3331/82 1116/3335/82 1114/3329/82 1113/3325/82
f 1120/3346/252 1115/3332/252 1113/3326/252 1118/3340/252
f 1119/3344/84 1120/3347/84 1118/3341/84 1117/3338/84
f 1118/3342/142 1113/3327/142 1114/3330/142 1117/3339/142
f 1119/3345/143 1116/3336/143 1115/3333/143 1120/3348/143
f 1124/3358/251 1127/3367/251 1125/3361/251 1122/3352/251
f 1123/3355/82 1124/3359/82 1122/3353/82 1121/3349/82
f 1128/3370/141 1123/3356/141 1121/3350/141 1126/3364/141
f 1127/3368/84 1128/3371/84 1126/3365/84 1125/3362/84
f 1126/3366/253 1121/3351/253 1122/3354/253 1125/3363/253
f 1127/3369/254 1124/3360/254 1123/3357/254 1128/3372/254
f 1132/3382/255 1135/3391/255 1133/3385/255 1130/3376/255
f 1131/3379/256 1132/3383/256 1130/3377/256 1129/3373/256
f 1136/3394/257 1131/3380/257 1129/3374/257 1134/3388/257
f 1135/3392/258 1136/3395/258 1134/3389/258 1133/3386/258
f 1134/3390/150 1129/3375/150 1130/3378/150 1133/3387/150
f 1135/3393/151 1132/3384/151 1131/3381/151 1136/3396/151
f 1140/3406/259 1143/3415/259 1141/3409/259 1138/3400/259
f 1139/3403/260 1140/3407/260 1138/3401/260 1137/3397/260
f 1144/3418/261 1139/3404/261 1137/3398/261 1142/3412/261
f 1143/3416/262 1144/3419/262 1142/3413/262 1141/3410/262
f 1142/3414/263 1137/3399/263 1138/3402/263 1141/3411/263
f 1143/3417/264 1140/3408/264 1139/3405/264 1144/3420/264
f 1148/3430/265 1151/3439/265 1149/3433/265 1146/3424/265
f 1147/3427/266 1148/3431/266 1146/3425/266 1145/3421/266
f 1152/3442/267 1147/3428/267 1145/3422/267 1150/3436/267
f 1151/3440/268 1152/3443/268 1150/3437/268 1149/3434/268
f 1150/3438/263 1145/3423/263 1146/3426/263 1149/3435/263
f 1151/3441/264 1148/3432/264 1147/3429/264 1152/3444/264
f 1156/3454/269 1159/3463/269 1157/3457/269 1154/3448/269
f 1155/3451/266 1156/3455/266 1154/3449/266 1153/3445/266
f 1160/3466/270 1155/3452/270 1153/3446/270 1158/3460/270
f 1159/3464/268 1160/3467/268 1158/3461/268 1157/3458/268
f 1158/3462/271 1153/3447/271 1154/3450/271 1157/3459/271
f 1159/3465/272 1156/3456/272 1155/3453/272 1160/3468/272
f 1164/3478/81 1167/3487/81 1165/3481/81 1162/3472/81
f 1163/3475/82 1164/3479/82 1162/3473/82 1161/3469/82
f 1168/3490/83 1163/3476/83 1161/3470/83 1166/3484/83
f 1167/3488/84 1168/3491/84 1166/3485/84 1165/3482/84
f 1166/3486/85 1161/3471/85 1162/3474/85 1165/3483/85
f 1167/3489/86 1164/3480/86 1163/3477/86 1168/3492/86
f 1172/3502/81 1175/3511/81 1173/3505/81 1170/3496/81
f 1171/3499/82 1172/3503/82 1170/3497/82 1169/3493/82
f 1176/3514/83 1171/3500/83 1169/3494/83 1174/3508/83
f 1175/3512/84 1176/3515/84 1174/3509/84 1173/3506/84
f 1174/3510/85 1169/3495/85 1170/3498/85 1173/3507/85
f 1175/3513/86 1172/3504/86 1171/3501/86 1176/3516/86
f 1180/3526/81 1183/3535/81 1181/3529/81 1178/3520/81
f 1179/3523/82 1180/3527/82 1178/3521/82 1177/3517/82
f 1184/3538/83 1179/3524/83 1177/3518/83 1182/3532/83
f 1183/3536/84 1184/3539/84 1182/3533/84 1181/3530/84
f 1182/3534/85 1177/3519/85 1178/3522/85 1181/3531/85
f 1183/3537/86 1180/3528/86 1179/3525/86 1184/3540/86
f 1188/3550/81 1191/3559/81 1189/3553/81 1186/3544/81
f 1187/3547/82 1188/3551/82 1186/3545/82 1185/3541/82
f 1192/3562/83 1187/3548/83 1185/3542/83 1190/3556/83
f 1191/3560/84 1192/3563/84 1190/3557/84 1189/3554/84
f 1190/3558/85 1185/3543/85 1186/3546/85 1189/3555/85
f 1191/3561/86 1188/3552/86 1187/3549/86 1192/3564/86
f 1196/3574/81 1199/3583/81 1197/3577/81 1194/3568/81
f 1195/3571/82 1196/3575/82 1194/3569/82 1193/3565/82
f 1200/3586/83 1195/3572/83 1193/3566/83 1198/3580/83
f 1199/3584/84 1200/3587/84 1198/3581/84 1197/3578/84
f 1198/3582/85 1193/3567/85 1194/3570/85 1197/3579/85
f 1199/3585/86 1196/3576/86 1195/3573/86 1200/3588/86
f 1204/3598/273 1207/3607/273 1205/3601/273 1202/3592/273
f 1203/3595/274 1204/3599/274 1202/3593/274 1201/3589/274
f 1208/3610/275 1203/3596/275 1201/3590/275 1206/3604/275
f 1207/3608/276 1208/3611/276 1206/3605/276 1205/3602/276
f 1206/3606/277 1201/3591/277 1202/3594/277 1205/3603/277
f 1207/3609/278 1204/3600/278 1203/3597/278 1208/3612/278
f 1212/3622/82 1215/3631/82 1213/3625/82 1210/3616/82
f 1211/3619/197 1212/3623/197 1210/3617/197 1209/3613/197
f 1216/3634/84 1211/3620/84 1209/3614/84 1214/3628/84
f 1215/3632/196 1216/3635/196 1214/3629/196 1213/3626/196
f 1214/3630/195 1209/3615/195 1210/3618/195 1213/3627/195
f 1215/3633/194 1212/3624/194 1211/3621/194 1216/3636/194
f 1220/3646/279 1223/3655/279 1221/3649/279 1218/3640/279
f 1219/3643/197 1220/3647/197 1218/3641/197 1217/3637/197
f 1224/3658/280 1219/3644/280 1217/3638/280 1222/3652/280
f 1223/3656/196 1224/3659/196 1222/3653/196 1221/3650/196
f 1222/3654/281 1217/3639/281 1218/3642/281 1221/3651/281
f 1223/3657/282 1220/3648/282 1219/3645/282 1224/3660/282
f 1228/3670/91 1231/3679/91 1229/3673/91 1226/3664/91
f 1227/3667/283 1228/3671/283 1226/3665/283 1225/3661/283
f 1232/3682/93 1227/3668/93 1225/3662/93 1230/3676/93
f 1231/3680/284 1232/3683/284 1230/3677/284 1229/3674/284
f 1230/3678/111 1225/3663/111 1226/3666/111 1229/3675/111
f 1231/3681/112 1228/3672/112 1227/3669/112 1232/3684/112
f 1236/3694/285 1239/3703/285 1237/3697/285 1234/3688/285
f 1235/3691/286 1236/3695/286 1234/3689/286 1233/3685/286
f 1240/3706/287 1235/3692/287 1233/3686/287 1238/3700/287
f 1239/3704/288 1240/3707/288 1238/3701/288 1237/3698/288
f 1238/3702/289 1233/3687/289 1234/3690/289 1237/3699/289
f 1239/3705/290 1236/3696/290 1235/3693/290 1240/3708/290
f 1244/3718/291 1247/3727/291 1245/3721/291 1242/3712/291
f 1243/3715/292 1244/3719/292 1242/3713/292 1241/3709/292
f 1248/3730/293 1243/3716/293 1241/3710/293 1246/3724/293
f 1247/3728/294 1248/3731/294 1246/3725/294 1245/3722/294
f 1246/3726/111 1241/3711/111 1242/3714/111 1245/3723/111
f 1247/3729/112 1244/3720/112 1243/3717/112 1248/3732/112
f 1252/3742/295 1255/3751/295 1253/3745/295 1250/3736/295
f 1251/3739/296 1252/3743/296 1250/3737/296 1249/3733/296
f 1256/3754/297 1251/3740/297 1249/3734/297 1254/3748/297
f 1255/3752/298 1256/3755/298 1254/3749/298 1253/3746/298
f 1254/3750/111 1249/3735/111 1250/3738/111 1253/3747/111
f 1255/3753/112 1252/3744/112 1251/3741/112 1256/3756/112
f 1260/3766/299 1263/3775/299 1261/3769/299 1258/3760/299
f 1259/3763/300 1260/3767/300 1258/3761/300 1257/3757/300
f 1264/3778/301 1259/3764/301 1257/3758/301 1262/3772/301
f 1263/3776/302 1264/3779/302 1262/3773/302 1261/3770/302
f 1262/3774/111 1257/3759/111 1258/3762/111 1261/3771/111
f 1263/3777/112 1260/3768/112 1259/3765/112 1264/3780/112
f 1268/3790/303 1271/3799/303 1269/3793/303 1266/3784/303
f 1267/3787/304 1268/3791/304 1266/3785/304 1265/3781/304
f 1272/3802/305 1267/3788/305 1265/3782/305 1270/3796/305
f 1271/3800/306 1272/3803/306 1270/3797/306 1269/3794/306
f 1270/3798/111 1265/3783/111 1266/3786/111 1269/3795/111
f 1271/3801/112 1268/3792/112 1267/3789/112 1272/3804/112
f 1276/3814/307 1279/3823/307 1277/3817/307 1274/3808/307
f 1275/3811/308 1276/3815/308 1274/3809/308 1273/3805/308
f 1280/3826/309 1275/3812/309 1273/3806/309 1278/3820/309
f 1279/3824/310 1280/3827/310 1278/3821/310 1277/3818/310
f 1278/3822/111 1273/3807/111 1274/3810/111 1277/3819/111
f 1279/3825/112 1276/3816/112 1275/3813/112 1280/3828/112
f 1284/3838/311 1287/3847/311 1285/3841/311 1282/3832/311
f 1283/3835/312 1284/3839/312 1282/3833/312 1281/3829/312
f 1288/3850/313 1283/3836/313 1281/3830/313 1286/3844/313
f 1287/3848/314 1288/3851/314 1286/3845/314 1285/3842/314
f 1286/3846/315 1281/3831/315 1282/3834/315 1285/3843/315
f 1287/3849/316 1284/3840/316 1283/3837/316 1288/3852/316
f 1292/3862/194 1295/3871/194 1293/3865/194 1290/3856/194
f 1291/3859/317 1292/3863/317 1290/3857/317 1289/3853/317
f 1296/3874/195 1291/3860/195 1289/3854/195 1294/3868/195
f 1295/3872/318 1296/3875/318 1294/3869/318 1293/3866/318
f 1294/3870/319 1289/3855/319 1290/3858/319 1293/3867/319
f 1295/3873/320 1292/3864/320 1291/3861/320 1296/3876/320
f 1300/3886/194 1303/3895/194 1301/3889/194 1298/3880/194
f 1299/3883/321 1300/3887/321 1298/3881/321 1297/3877/321
f 1304/3898/195 1299/3884/195 1297/3878/195 1302/3892/195
f 1303/3896/322 1304/3899/322 1302/3893/322 1301/3890/322
f 1302/3894/323 1297/3879/323 1298/3882/323 1301/3891/323
f 1303/3897/324 1300/3888/324 1299/3885/324 1304/3900/324
f 1308/3910/194 1311/3919/194 1309/3913/194 1306/3904/194
f 1307/3907/325 1308/3911/325 1306/3905/325 1305/3901/325
f 1312/3922/195 1307/3908/195 1305/3902/195 1310/3916/195
f 1311/3920/326 1312/3923/326 1310/3917/326 1309/3914/326
f 1310/3918/327 1305/3903/327 1306/3906/327 1309/3915/327
f 1311/3921/328 1308/3912/328 1307/3909/328 1312/3924/328
f 1316/3934/194 1319/3943/194 1317/3937/194 1314/3928/194
f 1315/3931/329 1316/3935/329 1314/3929/329 1313/3925/329
f 1320/3946/195 1315/3932/195 1313/3926/195 1318/3940/195
f 1319/3944/330 1320/3947/330 1318/3941/330 1317/3938/330
f 1318/3942/331 1313/3927/331 1314/3930/331 1317/3939/331
f 1319/3945/332 1316/3936/332 1315/3933/332 1320/3948/332
f 1324/3958/194 1327/3967/194 1325/3961/194 1322/3952/194
f 1323/3955/333 1324/3959/333 1322/3953/333 1321/3949/333
f 1328/3970/195 1323/3956/195 1321/3950/195 1326/3964/195
f 1327/3968/334 1328/3971/334 1326/3965/334 1325/3962/334
f 1326/3966/335 1321/3951/335 1322/3954/335 1325/3963/335
f 1327/3969/336 1324/3960/336 1323/3957/336 1328/3972/336
f 1332/3982/194 1335/3991/194 1333/3985/194 1330/3976/194
f 1331/3979/337 1332/3983/337 1330/3977/337 1329/3973/337
f 1336/3994/195 1331/3980/195 1329/3974/195 1334/3988/195
f 1335/3992/338 1336/3995/338 1334/3989/338 1333/3986/338
f 1334/3990/339 1329/3975/339 1330/3978/339 1333/3987/339
f 1335/3993/340 1332/3984/340 1331/3981/340 1336/3996/340
f 1340/4006/194 1343/4015/194 1341/4009/194 1338/4000/194
f 1339/4003/337 1340/4007/337 1338/4001/337 1337/3997/337
f 1344/4018/195 1339/4004/195 1337/3998/195 1342/4012/195
f 1343/4016/338 1344/4019/338 1342/4013/338 1341/4010/338
f 1342/4014/339 1337/3999/339 1338/4002/339 1341/4011/339
f 1343/4017/340 1340/4008/340 1339/4005/340 1344/4020/340
f 1348/4030/194 1351/4039/194 1349/4033/194 1346/4024/194
f 1347/4027/337 1348/4031/337 1346/4025/337 1345/4021/337
f 1352/4042/195 1347/4028/195 1345/4022/195 1350/4036/195
f 1351/4040/338 1352/4043/338 1350/4037/338 1349/4034/338
f 1350/4038/339 1345/4023/339 1346/4026/339 1349/4035/339
f 1351/4041/340 1348/4032/340 1347/4029/340 1352/4044/340
f 1356/4054/341 1359/4063/341 1357/4057/341 1354/4048/341
f 1355/4051/342 1356/4055/342 1354/4049/342 1353/4045/342
f 1360/4066/343 1355/4052/343 1353/4046/343 1358/4060/343
f 1359/4064/344 1360/4067/344 1358/4061/344 1357/4058/344
f 1358/4062/111 1353/4047/111 1354/4050/111 1357/4059/111
f 1359/4065/112 1356/4056/112 1355/4053/112 1360/4068/112
f 1364/4078/345 1367/4087/345 1365/4081/345 1362/4072/345
f 1363/4075/346 1364/4079/346 1362/4073/346 1361/4069/346
f 1368/4090/347 1363/4076/347 1361/4070/347 1366/4084/347
f 1367/4088/348 1368/4091/348 1366/4085/348 1365/4082/348
f 1366/4086/349 1361/4071/349 1362/4074/349 1365/4083/349
f 1367/4089/350 1364/4080/350 1363/4077/350 1368/4092/350
f 1372/4102/351 1375/4111/351 1373/4105/351 1370/4096/351
f 1371/4099/352 1372/4103/352 1370/4097/352 1369/4093/352
f 1376/4114/353 1371/4100/353 1369/4094/353 1374/4108/353
f 1375/4112/288 1376/4115/288 1374/4109/288 1373/4106/288
f 1374/4110/289 1369/4095/289 1370/4098/289 1373/4107/289
f 1375/4113/290 1372/4104/290 1371/4101/290 1376/4116/290
f 1380/4126/295 1383/4135/295 1381/4129/295 1378/4120/295
f 1379/4123/354 1380/4127/354 1378/4121/354 1377/4117/354
f 1384/4138/297 1379/4124/297 1377/4118/297 1382/4132/297
f 1383/4136/355 1384/4139/355 1382/4133/355 1381/4130/355
f 1382/4134/356 1377/4119/356 1378/4122/356 1381/4131/356
f 1383/4137/357 1380/4128/357 1379/4125/357 1384/4140/357
f 1388/4150/81 1391/4159/81 1389/4153/81 1386/4144/81
f 1387/4147/85 1388/4151/85 1386/4145/85 1385/4141/85
f 1392/4162/83 1387/4148/83 1385/4142/83 1390/4156/83
f 1391/4160/86 1392/4163/86 1390/4157/86 1389/4154/86
f 1390/4158/84 1385/4143/84 1386/4146/84 1389/4155/84
f 1391/4161/82 1388/4152/82 1387/4149/82 1392/4164/82
f 1396/4174/358 1399/4183/358 1397/4177/358 1394/4168/358
f 1395/4171/359 1396/4175/359 1394/4169/359 1393/4165/359
f 1400/4186/360 1395/4172/360 1393/4166/360 1398/4180/360
f 1399/4184/361 1400/4187/361 1398/4181/361 1397/4178/361
f 1398/4182/111 1393/4167/111 1394/4170/111 1397/4179/111
f 1399/4185/112 1396/4176/112 1395/4173/112 1400/4188/112
f 1404/4198/362 1407/4207/362 1405/4201/362 1402/4192/362
f 1403/4195/85 1404/4199/85 1402/4193/85 1401/4189/85
f 1408/4210/363 1403/4196/363 1401/4190/363 1406/4204/363
f 1407/4208/86 1408/4211/86 1406/4205/86 1405/4202/86
f 1406/4206/364 1401/4191/364 1402/4194/364 1405/4203/364
f 1407/4209/365 1404/4200/365 1403/4197/365 1408/4212/365
f 1412/4222/366 1415/4231/366 1413/4225/366 1410/4216/366
f 1411/4219/367 1412/4223/367 1410/4217/367 1409/4213/367
f 1416/4234/368 1411/4220/368 1409/4214/368 1414/4228/368
f 1415/4232/369 1416/4235/369 1414/4229/369 1413/4226/369
f 1414/4230/111 1409/4215/111 1410/4218/111 1413/4227/111
f 1415/4233/112 1412/4224/112 1411/4221/112 1416/4236/112
f 1420/4246/370 1423/4255/370 1421/4249/370 1418/4240/370
f 1419/4243/371 1420/4247/371 1418/4241/371 1417/4237/371
f 1424/4258/372 1419/4244/372 1417/4238/372 1422/4252/372
f 1423/4256/373 1424/4259/373 1422/4253/373 1421/4250/373
f 1422/4254/374 1417/4239/374 1418/4242/374 1421/4251/374
f 1423/4257/375 1420/4248/375 1419/4245/375 1424/4260/375
f 1428/4270/194 1431/4279/194 1429/4273/194 1426/4264/194
f 1427/4267/82 1428/4271/82 1426/4265/82 1425/4261/82
f 1432/4282/195 1427/4268/195 1425/4262/195 1430/4276/195
f 1431/4280/84 1432/4283/84 1430/4277/84 1429/4274/84
f 1430/4278/196 1425/4263/196 1426/4266/196 1429/4275/196
f 1431/4281/197 1428/4272/197 1427/4269/197 1432/4284/197
f 1436/4294/91 1439/4303/91 1437/4297/91 1434/4288/91
f 1435/4291/283 1436/4295/283 1434/4289/283 1433/4285/283
f 1440/4306/93 1435/4292/93 1433/4286/93 1438/4300/93
f 1439/4304/284 1440/4307/284 1438/4301/284 1437/4298/284
f 1438/4302/111 1433/4287/111 1434/4290/111 1437/4299/111
f 1439/4305/112 1436/4296/112 1435/4293/112 1440/4308/112
f 1444/4318/81 1447/4327/81 1445/4321/81 1442/4312/81
f 1443/4315/82 1444/4319/82 1442/4313/82 1441/4309/82
f 1448/4330/83 1443/4316/83 1441/4310/83 1446/4324/83
f 1447/4328/84 1448/4331/84 1446/4325/84 1445/4322/84
f 1446/4326/85 1441/4311/85 1442/4314/85 1445/4323/85
f 1447/4329/86 1444/4320/86 1443/4317/86 1448/4332/86
f 1452/4342/129 1455/4351/129 1453/4345/129 1450/4336/129
f 1451/4339/130 1452/4343/130 1450/4337/130 1449/4333/130
f 1456/4354/131 1451/4340/131 1449/4334/131 1454/4348/131
f 1455/4352/132 1456/4355/132 1454/4349/132 1453/4346/132
f 1454/4350/133 1449/4335/133 1450/4338/133 1453/4347/133
f 1455/4353/134 1452/4344/134 1451/4341/134 1456/4356/134
f 1460/4366/376 1463/4375/376 1461/4369/376 1458/4360/376
f 1459/4363/82 1460/4367/82 1458/4361/82 1457/4357/82
f 1464/4378/377 1459/4364/377 1457/4358/377 1462/4372/377
f 1463/4376/84 1464/4379/84 1462/4373/84 1461/4370/84
f 1462/4374/378 1457/4359/378 1458/4362/378 1461/4371/378
f 1463/4377/379 1460/4368/379 1459/4365/379 1464/4380/379
f 1468/4390/380 1471/4399/380 1469/4393/380 1466/4384/380
f 1467/4387/82 1468/4391/82 1466/4385/82 1465/4381/82
f 1472/4402/381 1467/4388/381 1465/4382/381 1470/4396/381
f 1471/4400/84 1472/4403/84 1470/4397/84 1469/4394/84
f 1470/4398/382 1465/4383/382 1466/4386/382 1469/4395/382
f 1471/4401/383 1468/4392/383 1467/4389/383 1472/4404/383
f 1476/4414/194 1479/4423/194 1477/4417/194 1474/4408/194
f 1475/4411/82 1476/4415/82 1474/4409/82 1473/4405/82
f 1480/4426/195 1475/4412/195 1473/4406/195 1478/4420/195
f 1479/4424/84 1480/4427/84 1478/4421/84 1477/4418/84
f 1478/4422/196 1473/4407/196 1474/4410/196 1477/4419/196
f 1479/4425/197 1476/4416/197 1475/4413/197 1480/4428/197
f 1484/4438/194 1487/4447/194 1485/4441/194 1482/4432/194
f 1483/4435/82 1484/4439/82 1482/4433/82 1481/4429/82
f 1488/4450/195 1483/4436/195 1481/4430/195 1486/4444/195
f 1487/4448/84 1488/4451/84 1486/4445/84 1485/4442/84
f 1486/4446/196 1481/4431/196 1482/4434/196 1485/4443/196
f 1487/4449/197 1484/4440/197 1483/4437/197 1488/4452/197
f 1492/4462/194 1495/4471/194 1493/4465/194 1490/4456/194
f 1491/4459/82 1492/4463/82 1490/4457/82 1489/4453/82
f 1496/4474/195 1491/4460/195 1489/4454/195 1494/4468/195
f 1495/4472/84 1496/4475/84 1494/4469/84 1493/4466/84
f 1494/4470/196 1489/4455/196 1490/4458/196 1493/4467/196
f 1495/4473/197 1492/4464/197 1491/4461/197 1496/4476/197
f 1500/4486/251 1503/4495/251 1501/4489/251 1498/4480/251
f 1499/4483/82 1500/4487/82 1498/4481/82 1497/4477/82
f 1504/4498/141 1499/4484/141 1497/4478/141 1502/4492/141
f 1503/4496/84 1504/4499/84 1502/4493/84 1501/4490/84
f 1502/4494/142 1497/4479/142 1498/4482/142 1501/4491/142
f 1503/4497/143 1500/4488/143 1499/4485/143 1504/4500/143
f 1508/4510/81 1511/4519/81 1509/4513/81 1506/4504/81
f 1507/4507/82 1508/4511/82 1506/4505/82 1505/4501/82
f 1512/4522/83 1507/4508/83 1505/4502/83 1510/4516/83
f 1511/4520/84 1512/4523/84 1510/4517/84 1509/4514/84
f 1510/4518/85 1505/4503/85 1506/4506/85 1509/4515/85
f 1511/4521/86 1508/4512/86 1507/4509/86 1512/4524/86
f 1516/4534/81 1519/4543/81 1517/4537/81 1514/4528/81
f 1515/4531/82 1516/4535/82 1514/4529/82 1513/4525/82
f 1520/4546/83 1515/4532/83 1513/4526/83 1518/4540/83
f 1519/4544/84 1520/4547/84 1518/4541/84 1517/4538/84
f 1518/4542/85 1513/4527/85 1514/4530/85 1517/4539/85
f 1519/4545/86 1516/4536/86 1515/4533/86 1520/4548/86
f 1524/4558/81 1527/4567/81 1525/4561/81 1522/4552/81
f 1523/4555/82 1524/4559/82 1522/4553/82 1521/4549/82
f 1528/4570/83 1523/4556/83 1521/4550/83 1526/4564/83
f 1527/4568/84 1528/4571/84 1526/4565/84 1525/4562/84
f 1526/4566/85 1521/4551/85 1522/4554/85 1525/4563/85
f 1527/4569/86 1524/4560/86 1523/4557/86 1528/4572/86
f 1532/4582/81 1535/4591/81 1533/4585/81 1530/4576/81
f 1531/4579/82 1532/4583/82 1530/4577/82 1529/4573/82
f 1536/4594/83 1531/4580/83 1529/4574/83 1534/4588/83
f 1535/4592/84 1536/4595/84 1534/4589/84 1533/4586/84
f 1534/4590/85 1529/4575/85 1530/4578/85 1533/4587/85
f 1535/4593/86 1532/4584/86 1531/4581/86 1536/4596/86
f 1540/4606/81 1543/4615/81 1541/4609/81 1538/4600/81
f 1539/4603/82 1540/4607/82 1538/4601/82 1537/4597/82
f 1544/4618/83 1539/4604/83 1537/4598/83 1542/4612/83
f 1543/4616/84 1544/4619/84 1542/4613/84 1541/4610/84
f 1542/4614/85 1537/4599/85 1538/4602/85 1541/4611/85
f 1543/4617/86 1540/4608/86 1539/4605/86 1544/4620/86
f 1548/4630/81 1551/4639/81 1549/4633/81 1546/4624/81
f 1547/4627/82 1548/4631/82 1546/4625/82 1545/4621/82
f 1552/4642/83 1547/4628/83 1545/4622/83 1550/4636/83
f 1551/4640/84 1552/4643/84 1550/4637/84 1549/4634/84
f 1550/4638/85 1545/4623/85 1546/4626/85 1549/4635/85
f 1551/4641/86 1548/4632/86 1547/4629/86 1552/4644/86
f 1556/4654/81 1559/4663/81 1557/4657/81 1554/4648/81
f 1555/4651/82 1556/4655/82 1554/4649/82 1553/4645/82
f 1560/4666/83 1555/4652/83 1553/4646/83 1558/4660/83
f 1559/4664/84 1560/4667/84 1558/4661/84 1557/4658/84
f 1558/4662/85 1553/4647/85 1554/4650/85 1557/4659/85
f 1559/4665/86 1556/4656/86 1555/4653/86 1560/4668/86
f 1564/4677/239 1567/4686/239 1565/4680/239 1562/4671/239
f 1563/4674/82 1564/4678/82 1562/4672/82 1561/4669/82
f 1568/4689/240 1563/4675/240 1561/4670/240 1566/4683/240
f 1567/4687/84 1568/4690/84 1566/4684/84 1565/4681/84
f 1566/4685/241 1561/4670/241 1562/4673/241 1565/4682/241
f 1567/4688/242 1564/4679/242 1563/4676/242 1568/4691/242
f 1572/4701/121 1575/4710/121 1573/4704/121 1570/4695/121
f 1571/4698/124 1572/4702/124 1570/4696/124 1569/4692/124
f 1576/4713/123 1571/4699/123 1569/4693/123 1574/4707/123
f 1575/4711/122 1576/4714/122 1574/4708/122 1573/4705/122
f 1574/4709/82 1569/4694/82 1570/4697/82 1573/4706/82
f 1575/4712/84 1572/4703/84 1571/4700/84 1576/4715/84
f 1580/4725/81 1583/4734/81 1581/4728/81 1578/4719/81
f 1579/4722/86 1580/4726/86 1578/4720/86 1577/4716/86
f 1584/4737/83 1579/4723/83 1577/4717/83 1582/4731/83
f 1583/4735/85 1584/4738/85 1582/4732/85 1581/4729/85
f 1582/4733/82 1577/4718/82 1578/4721/82 1581/4730/82
f 1583/4736/84 1580/4727/84 1579/4724/84 1584/4739/84
f 1588/4749/125 1591/4758/125 1589/4752/125 1586/4743/125
f 1587/4746/128 1588/4750/128 1586/4744/128 1585/4740/128
f 1592/4761/127 1587/4747/127 1585/4741/127 1590/4755/127
f 1591/4759/126 1592/4762/126 1590/4756/126 1589/4753/126
f 1590/4757/82 1585/4742/82 1586/4745/82 1589/4754/82
f 1591/4760/84 1588/4751/84 1587/4748/84 1592/4763/84
f 1596/4773/117 1599/4782/117 1597/4776/117 1594/4767/117
f 1595/4770/120 1596/4774/120 1594/4768/120 1593/4764/120
f 1600/4785/119 1595/4771/119 1593/4765/119 1598/4779/119
f 1599/4783/118 1600/4786/118 1598/4780/118 1597/4777/118
f 1598/4781/82 1593/4766/82 1594/4769/82 1597/4778/82
f 1599/4784/84 1596/4775/84 1595/4772/84 1600/4787/84
f 1604/4797/81 1607/4806/81 1605/4800/81 1602/4791/81
f 1603/4794/86 1604/4798/86 1602/4792/86 1601/4788/86
f 1608/4809/83 1603/4795/83 1601/4789/83 1606/4803/83
f 1607/4807/85 1608/4810/85 1606/4804/85 1605/4801/85
f 1606/4805/82 1601/4790/82 1602/4793/82 1605/4802/82
f 1607/4808/84 1604/4799/84 1603/4796/84 1608/4811/84
f 1612/4821/113 1615/4830/113 1613/4824/113 1610/4815/113
f 1611/4818/116 1612/4822/116 1610/4816/116 1609/4812/116
f 1616/4833/115 1611/4819/115 1609/4813/115 1614/4827/115
f 1615/4831/114 1616/4834/114 1614/4828/114 1613/4825/114
f 1614/4829/82 1609/4814/82 1610/4817/82 1613/4826/82
f 1615/4832/84 1612/4823/84 1611/4820/84 1616/4835/84
f 1620/4845/384 1623/4854/384 1621/4848/384 1618/4839/384
f 1619/4842/385 1620/4846/385 1618/4840/385 1617/4836/385
f 1624/4857/386 1619/4843/386 1617/4837/386 1622/4851/386
f 1623/4855/387 1624/4858/387 1622/4852/387 1621/4849/387
f 1622/4853/388 1617/4838/388 1618/4841/388 1621/4850/388
f 1623/4856/389 1620/4847/389 1619/4844/389 1624/4859/389
f 1628/4869/390 1631/4878/390 1629/4872/390 1626/4863/390
f 1627/4866/391 1628/4870/391 1626/4864/391 1625/4860/391
f 1632/4881/392 1627/4867/392 1625/4861/392 1630/4875/392
f 1631/4879/393 1632/4882/393 1630/4876/393 1629/4873/393
f 1630/4877/394 1625/4862/394 1626/4865/394 1629/4874/394
f 1631/4880/395 1628/4871/395 1627/4868/395 1632/4883/395
f 1636/4893/396 1639/4902/396 1637/4896/396 1634/4887/396
f 1635/4890/397 1636/4894/397 1634/4888/397 1633/4884/397
f 1640/4905/398 1635/4891/398 1633/4885/398 1638/4899/398
f 1639/4903/399 1640/4906/399 1638/4900/399 1637/4897/399
f 1638/4901/394 1633/4886/394 1634/4889/394 1637/4898/394
f 1639/4904/395 1636/4895/395 1635/4892/395 1640/4907/395
f 1644/4917/400 1647/4926/400 1645/4920/400 1642/4911/400
f 1643/4914/401 1644/4918/401 1642/4912/401 1641/4908/401
f 1648/4929/402 1643/4915/402 1641/4909/402 1646/4923/402
f 1647/4927/403 1648/4930/403 1646/4924/403 1645/4921/403
f 1646/4925/394 1641/4910/394 1642/4913/394 1645/4922/394
f 1647/4928/395 1644/4919/395 1643/4916/395 1648/4931/395
f 1652/4941/404 1655/4949/404 1653/4944/404 1650/4935/404
f 1651/4938/405 1652/4942/405 1650/4936/405 1649/4932/405
f 1656/4951/406 1651/4939/406 1649/4933/406 1654/4946/406
f 1655/4949/407 1656/4952/407 1654/4947/407 1653/4944/407
f 1654/4948/394 1649/4934/394 1650/4937/394 1653/4945/394
f 1655/4950/395 1652/4943/395 1651/4940/395 1656/4953/395
f 1660/4963/408 1663/4972/408 1661/4966/408 1658/4957/408
f 1659/4960/409 1660/4964/409 1658/4958/409 1657/4954/409
f 1664/4975/410 1659/4961/410 1657/4955/410 1662/4969/410
f 1663/4973/411 1664/4976/411 1662/4970/411 1661/4967/411
f 1662/4971/394 1657/4956/394 1658/4959/394 1661/4968/394
f 1663/4974/395 1660/4965/395 1659/4962/395 1664/4977/395
f 1668/4987/412 1671/4996/412 1669/4990/412 1666/4981/412
f 1667/4984/348 1668/4988/348 1666/4982/348 1665/4978/348
f 1672/4999/413 1667/4985/413 1665/4979/413 1670/4993/413
f 1671/4997/346 1672/5000/346 1670/4994/346 1669/4991/346
f 1670/4995/414 1665/4980/414 1666/4983/414 1669/4992/414
f 1671/4998/415 1668/4989/415 1667/4986/415 1672/5001/415
f 1676/5011/416 1679/5020/416 1677/5014/416 1674/5005/416
f 1675/5008/86 1676/5012/86 1674/5006/86 1673/5002/86
f 1680/5023/417 1675/5009/417 1673/5003/417 1678/5017/417
f 1679/5021/85 1680/5024/85 1678/5018/85 1677/5015/85
f 1678/5019/418 1673/5004/418 1674/5007/418 1677/5016/418
f 1679/5022/419 1676/5013/419 1675/5010/419 1680/5025/419
f 1684/5035/420 1687/5044/420 1685/5038/420 1682/5029/420
f 1683/5032/421 1684/5036/421 1682/5030/421 1681/5026/421
f 1688/5047/422 1683/5033/422 1681/5027/422 1686/5041/422
f 1687/5045/423 1688/5048/423 1686/5042/423 1685/5039/423
f 1686/5043/424 1681/5028/424 1682/5031/424 1685/5040/424
f 1687/5046/425 1684/5037/425 1683/5034/425 1688/5049/425
f 1692/5059/426 1695/5068/426 1693/5062/426 1690/5053/426
f 1691/5056/427 1692/5060/427 1690/5054/427 1689/5050/427
f 1696/5071/428 1691/5057/428 1689/5051/428 1694/5065/428
f 1695/5069/429 1696/5072/429 1694/5066/429 1693/5063/429
f 1694/5067/394 1689/5052/394 1690/5055/394 1693/5064/394
f 1695/5070/395 1692/5061/395 1691/5058/395 1696/5073/395
f 1700/5083/430 1703/5092/430 1701/5086/430 1698/5077/430
f 1699/5080/167 1700/5084/167 1698/5078/167 1697/5074/167
f 1704/5095/168 1699/5081/168 1697/5075/168 1702/5089/168
f 1703/5093/169 1704/5096/169 1702/5090/169 1701/5087/169
f 1702/5091/170 1697/5076/170 1698/5079/170 1701/5088/170
f 1703/5094/171 1700/5085/171 1699/5082/171 1704/5097/171
f 1708/5107/194 1711/5116/194 1709/5110/194 1706/5101/194
f 1707/5104/431 1708/5108/431 1706/5102/431 1705/5098/431
f 1712/5119/195 1707/5105/195 1705/5099/195 1710/5113/195
f 1711/5117/432 1712/5120/432 1710/5114/432 1709/5111/432
f 1710/5115/433 1705/5100/433 1706/5103/433 1709/5112/433
f 1711/5118/434 1708/5109/434 1707/5106/434 1712/5121/434
f 1716/5131/194 1719/5140/194 1717/5134/194 1714/5125/194
f 1715/5128/435 1716/5132/435 1714/5126/435 1713/5122/435
f 1720/5143/195 1715/5129/195 1713/5123/195 1718/5137/195
f 1719/5141/436 1720/5144/436 1718/5138/436 1717/5135/436
f 1718/5139/437 1713/5124/437 1714/5127/437 1717/5136/437
f 1719/5142/438 1716/5133/438 1715/5130/438 1720/5145/438
f 1724/5155/194 1727/5164/194 1725/5158/194 1722/5149/194
f 1723/5152/439 1724/5156/439 1722/5150/439 1721/5146/439
f 1728/5167/195 1723/5153/195 1721/5147/195 1726/5161/195
f 1727/5165/440 1728/5168/440 1726/5162/440 1725/5159/440
f 1726/5163/441 1721/5148/441 1722/5151/441 1725/5160/441
f 1727/5166/442 1724/5157/442 1723/5154/442 1728/5169/442
f 1732/5179/194 1735/5188/194 1733/5182/194 1730/5173/194
f 1731/5176/443 1732/5180/443 1730/5174/443 1729/5170/443
f 1736/5191/195 1731/5177/195 1729/5171/195 1734/5185/195
f 1735/5189/444 1736/5192/444 1734/5186/444 1733/5183/444
f 1734/5187/445 1729/5172/445 1730/5175/445 1733/5184/445
f 1735/5190/446 1732/5181/446 1731/5178/446 1736/5193/446
f 1740/5203/194 1743/5212/194 1741/5206/194 1738/5197/194
f 1739/5200/435 1740/5204/435 1738/5198/435 1737/5194/435
f 1744/5215/195 1739/5201/195 1737/5195/195 1742/5209/195
f 1743/5213/436 1744/5216/436 1742/5210/436 1741/5207/436
f 1742/5211/437 1737/5196/437 1738/5199/437 1741/5208/437
f 1743/5214/438 1740/5205/438 1739/5202/438 1744/5217/438
f 1748/5227/194 1751/5236/194 1749/5230/194 1746/5221/194
f 1747/5224/435 1748/5228/435 1746/5222/435 1745/5218/435
f 1752/5239/195 1747/5225/195 1745/5219/195 1750/5233/195
f 1751/5237/436 1752/5240/436 1750/5234/436 1749/5231/436
f 1750/5235/437 1745/5220/437 1746/5223/437 1749/5232/437
f 1751/5238/438 1748/5229/438 1747/5226/438 1752/5241/438
f 1756/5251/194 1759/5260/194 1757/5254/194 1754/5245/194
f 1755/5248/447 1756/5252/447 1754/5246/447 1753/5242/447
f 1760/5263/195 1755/5249/195 1753/5243/195 1758/5257/195
f 1759/5261/448 1760/5264/448 1758/5258/448 1757/5255/448
f 1758/5259/449 1753/5244/449 1754/5247/449 1757/5256/449
f 1759/5262/450 1756/5253/450 1755/5250/450 1760/5265/450
f 1764/5275/451 1767/5284/451 1765/5278/451 1762/5269/451
f 1763/5272/452 1764/5276/452 1762/5270/452 1761/5266/452
f 1768/5287/453 1763/5273/453 1761/5267/453 1766/5281/453
f 1767/5285/454 1768/5288/454 1766/5282/454 1765/5279/454
f 1766/5283/394 1761/5268/394 1762/5271/394 1765/5280/394
f 1767/5286/395 1764/5277/395 1763/5274/395 1768/5289/395
f 1772/5299/194 1775/5308/194 1773/5302/194 1770/5293/194
f 1771/5296/455 1772/5300/455 1770/5294/455 1769/5290/455
f 1776/5311/195 1771/5297/195 1769/5291/195 1774/5305/195
f 1775/5309/456 1776/5312/456 1774/5306/456 1773/5303/456
f 1774/5307/457 1769/5292/457 1770/5295/457 1773/5304/457
f 1775/5310/458 1772/5301/458 1771/5298/458 1776/5313/458
f 1780/5323/459 1783/5332/459 1781/5326/459 1778/5317/459
f 1779/5320/460 1780/5324/460 1778/5318/460 1777/5314/460
f 1784/5335/461 1779/5321/461 1777/5315/461 1782/5329/461
f 1783/5333/462 1784/5336/462 1782/5330/462 1781/5327/462
f 1782/5331/394 1777/5316/394 1778/5319/394 1781/5328/394
f 1783/5334/395 1780/5325/395 1779/5322/395 1784/5337/395
f 1788/5347/463 1791/5356/463 1789/5350/463 1786/5341/463
f 1787/5344/464 1788/5348/464 1786/5342/464 1785/5338/464
f 1792/5359/465 1787/5345/465 1785/5339/465 1790/5353/465
f 1791/5357/466 1792/5360/466 1790/5354/466 1789/5351/466
f 1790/5355/142 1785/5340/142 1786/5343/142 1789/5352/142
f 1791/5358/143 1788/5349/143 1787/5346/143 1792/5361/143
f 1796/5371/396 1799/5380/396 1797/5374/396 1794/5365/396
f 1795/5368/397 1796/5372/397 1794/5366/397 1793/5362/397
f 1800/5383/398 1795/5369/398 1793/5363/398 1798/5377/398
f 1799/5381/399 1800/5384/399 1798/5378/399 1797/5375/399
f 1798/5379/394 1793/5364/394 1794/5367/394 1797/5376/394
f 1799/5382/395 1796/5373/395 1795/5370/395 1800/5385/395
f 1804/5395/396 1807/5404/396 1805/5398/396 1802/5389/396
f 1803/5392/467 1804/5396/467 1802/5390/467 1801/5386/467
f 1808/5407/398 1803/5393/398 1801/5387/398 1806/5401/398
f 1807/5405/468 1808/5408/468 1806/5402/468 1805/5399/468
f 1806/5403/89 1801/5388/89 1802/5391/89 1805/5400/89
f 1807/5406/90 1804/5397/90 1803/5394/90 1808/5409/90
f 1812/5419/81 1815/5428/81 1813/5422/81 1810/5413/81
f 1811/5416/469 1812/5420/469 1810/5414/469 1809/5410/469
f 1816/5431/83 1811/5417/83 1809/5411/83 1814/5425/83
f 1815/5429/470 1816/5432/470 1814/5426/470 1813/5423/470
f 1814/5427/471 1809/5412/471 1810/5415/471 1813/5424/471
f 1815/5430/472 1812/5421/472 1811/5418/472 1816/5433/472
f 1820/5443/81 1823/5452/81 1821/5446/81 1818/5437/81
f 1819/5440/469 1820/5444/469 1818/5438/469 1817/5434/469
f 1824/5455/83 1819/5441/83 1817/5435/83 1822/5449/83
f 1823/5453/470 1824/5456/470 1822/5450/470 1821/5447/470
f 1822/5451/471 1817/5436/471 1818/5439/471 1821/5448/471
f 1823/5454/472 1820/5445/472 1819/5442/472 1824/5457/472
f 1828/5467/81 1831/5476/81 1829/5470/81 1826/5461/81
f 1827/5464/86 1828/5468/86 1826/5462/86 1825/5458/86
f 1832/5479/83 1827/5465/83 1825/5459/83 1830/5473/83
f 1831/5477/85 1832/5480/85 1830/5474/85 1829/5471/85
f 1830/5475/82 1825/5460/82 1826/5463/82 1829/5472/82
f 1831/5478/84 1828/5469/84 1827/5466/84 1832/5481/84
f 1836/5491/194 1839/5500/194 1837/5494/194 1834/5485/194
f 1835/5488/473 1836/5492/473 1834/5486/473 1833/5482/473
f 1840/5503/195 1835/5489/195 1833/5483/195 1838/5497/195
f 1839/5501/474 1840/5504/474 1838/5498/474 1837/5495/474
f 1838/5499/475 1833/5484/475 1834/5487/475 1837/5496/475
f 1839/5502/476 1836/5493/476 1835/5490/476 1840/5505/476
f 1844/5515/194 1847/5524/194 1845/5518/194 1842/5509/194
f 1843/5512/473 1844/5516/473 1842/5510/473 1841/5506/473
f 1848/5527/195 1843/5513/195 1841/5507/195 1846/5521/195
f 1847/5525/474 1848/5528/474 1846/5522/474 1845/5519/474
f 1846/5523/475 1841/5508/475 1842/5511/475 1845/5520/475
f 1847/5526/476 1844/5517/476 1843/5514/476 1848/5529/476
f 1852/5539/194 1855/5548/194 1853/5542/194 1850/5533/194
f 1851/5536/473 1852/5540/473 1850/5534/473 1849/5530/473
f 1856/5551/195 1851/5537/195 1849/5531/195 1854/5545/195
f 1855/5549/474 1856/5552/474 1854/5546/474 1853/5543/474
f 1854/5547/475 1849/5532/475 1850/5535/475 1853/5544/475
f 1855/5550/476 1852/5541/476 1851/5538/476 1856/5553/476
f 1860/5563/477 1863/5572/477 1861/5566/477 1858/5557/477
f 1859/5560/478 1860/5564/478 1858/5558/478 1857/5554/478
f 1864/5575/479 1859/5561/479 1857/5555/479 1862/5569/479
f 1863/5573/480 1864/5576/480 1862/5570/480 1861/5567/480
f 1862/5571/481 1857/5556/481 1858/5559/481 1861/5568/481
f 1863/5574/482 1860/5565/482 1859/5562/482 1864/5577/482
f 1868/5587/194 1871/5596/194 1869/5590/194 1866/5581/194
f 1867/5584/82 1868/5588/82 1866/5582/82 1865/5578/82
f 1872/5599/195 1867/5585/195 1865/5579/195 1870/5593/195
f 1871/5597/84 1872/5600/84 1870/5594/84 1869/5591/84
f 1870/5595/196 1865/5580/196 1866/5583/196 1869/5592/196
f 1871/5598/197 1868/5589/197 1867/5586/197 1872/5601/197
f 1876/5611/483 1879/5620/483 1877/5614/483 1874/5605/483
f 1875/5608/484 1876/5612/484 1874/5606/484 1873/5602/484
f 1880/5623/485 1875/5609/485 1873/5603/485 1878/5617/485
f 1879/5621/486 1880/5624/486 1878/5618/486 1877/5615/486
f 1878/5619/487 1873/5604/487 1874/5607/487 1877/5616/487
f 1879/5622/488 1876/5613/488 1875/5610/488 1880/5625/488
f 1884/5635/489 1887/5644/489 1885/5638/489 1882/5629/489
f 1883/5632/490 1884/5636/490 1882/5630/490 1881/5626/490
f 1888/5647/491 1883/5633/491 1881/5627/491 1886/5641/491
f 1887/5645/492 1888/5648/492 1886/5642/492 1885/5639/492
f 1886/5643/394 1881/5628/394 1882/5631/394 1885/5640/394
f 1887/5646/395 1884/5637/395 1883/5634/395 1888/5649/395
f 1892/5659/489 1895/5668/489 1893/5662/489 1890/5653/489
f 1891/5656/493 1892/5660/493 1890/5654/493 1889/5650/493
f 1896/5671/491 1891/5657/491 1889/5651/491 1894/5665/491
f 1895/5669/494 1896/5672/494 1894/5666/494 1893/5663/494
f 1894/5667/495 1889/5652/495 1890/5655/495 1893/5664/495
f 1895/5670/496 1892/5661/496 1891/5658/496 1896/5673/496
f 1900/5683/497 1903/5692/497 1901/5686/497 1898/5677/497
f 1899/5680/498 1900/5684/498 1898/5678/498 1897/5674/498
f 1904/5695/499 1899/5681/499 1897/5675/499 1902/5689/499
f 1903/5693/500 1904/5696/500 1902/5690/500 1901/5687/500
f 1902/5691/394 1897/5676/394 1898/5679/394 1901/5688/394
f 1903/5694/395 1900/5685/395 1899/5682/395 1904/5697/395
f 1908/5707/501 1911/5716/501 1909/5710/501 1906/5701/501
f 1907/5704/502 1908/5708/502 1906/5702/502 1905/5698/502
f 1912/5719/503 1907/5705/503 1905/5699/503 1910/5713/503
f 1911/5717/504 1912/5720/504 1910/5714/504 1909/5711/504
f 1910/5715/471 1905/5700/471 1906/5703/471 1909/5712/471
f 1911/5718/472 1908/5709/472 1907/5706/472 1912/5721/472
f 1916/5731/420 1919/5740/420 1917/5734/420 1914/5725/420
f 1915/5728/505 1916/5732/505 1914/5726/505 1913/5722/505
f 1920/5743/506 1915/5729/506 1913/5723/506 1918/5737/506
f 1919/5741/423 1920/5744/423 1918/5738/423 1917/5735/423
f 1918/5739/424 1913/5724/424 1914/5727/424 1917/5736/424
f 1919/5742/425 1916/5733/425 1915/5730/425 1920/5745/425
f 1924/5754/507 1927/5763/507 1925/5757/507 1922/5748/507
f 1923/5751/508 1924/5755/508 1922/5749/508 1921/5746/508
f 1928/5766/509 1923/5752/509 1921/5747/509 1926/5760/509
f 1927/5764/510 1928/5767/510 1926/5761/510 1925/5758/510
f 1926/5762/511 1921/5747/511 1922/5750/511 1925/5759/511
f 1927/5765/512 1924/5756/512 1923/5753/512 1928/5768/512
f 1932/5778/513 1935/5787/513 1933/5781/513 1930/5772/513
f 1931/5775/514 1932/5779/514 1930/5773/514 1929/5769/514
f 1936/5790/515 1931/5776/515 1929/5770/515 1934/5784/515
f 1935/5788/516 1936/5791/516 1934/5785/516 1933/5782/516
f 1934/5786/471 1929/5771/471 1930/5774/471 1933/5783/471
f 1935/5789/472 1932/5780/472 1931/5777/472 1936/5792/472
f 1940/5802/517 1943/5811/517 1941/5805/517 1938/5796/517
f 1939/5799/373 1940/5803/373 1938/5797/373 1937/5793/373
f 1944/5814/518 1939/5800/518 1937/5794/518 1942/5808/518
f 1943/5812/371 1944/5815/371 1942/5809/371 1941/5806/371
f 1942/5810/519 1937/5795/519 1938/5798/519 1941/5807/519
f 1943/5813/520 1940/5804/520 1939/5801/520 1944/5816/520
f 1948/5826/194 1951/5835/194 1949/5829/194 1946/5820/194
f 1947/5823/198 1948/5827/198 1946/5821/198 1945/5817/198
f 1952/5838/195 1947/5824/195 1945/5818/195 1950/5832/195
f 1951/5836/199 1952/5839/199 1950/5833/199 1949/5830/199
f 1950/5834/200 1945/5819/200 1946/5822/200 1949/5831/200
f 1951/5837/201 1948/5828/201 1947/5825/201 1952/5840/201
f 1956/5850/194 1959/5859/194 1957/5853/194 1954/5844/194
f 1955/5847/82 1956/5851/82 1954/5845/82 1953/5841/82
f 1960/5862/195 1955/5848/195 1953/5842/195 1958/5856/195
f 1959/5860/84 1960/5863/84 1958/5857/84 1957/5854/84
f 1958/5858/196 1953/5843/196 1954/5846/196 1957/5855/196
f 1959/5861/197 1956/5852/197 1955/5849/197 1960/5864/197
f 1964/5874/194 1967/5883/194 1965/5877/194 1962/5868/194
f 1963/5871/201 1964/5875/201 1962/5869/201 1961/5865/201
f 1968/5886/195 1963/5872/195 1961/5866/195 1966/5880/195
f 1967/5884/200 1968/5887/200 1966/5881/200 1965/5878/200
f 1966/5882/198 1961/5867/198 1962/5870/198 1965/5879/198
f 1967/5885/199 1964/5876/199 1963/5873/199 1968/5888/199
f 1972/5898/194 1975/5907/194 1973/5901/194 1970/5892/194
f 1971/5895/201 1972/5899/201 1970/5893/201 1969/5889/201
f 1976/5910/195 1971/5896/195 1969/5890/195 1974/5904/195
f 1975/5908/200 1976/5911/200 1974/5905/200 1973/5902/200
f 1974/5906/198 1969/5891/198 1970/5894/198 1973/5903/198
f 1975/5909/199 1972/5900/199 1971/5897/199 1976/5912/199
f 1980/5922/521 1983/5931/521 1981/5925/521 1978/5916/521
f 1979/5919/522 1980/5923/522 1978/5917/522 1977/5913/522
f 1984/5934/523 1979/5920/523 1977/5914/523 1982/5928/523
f 1983/5932/524 1984/5935/524 1982/5929/524 1981/5926/524
f 1982/5930/263 1977/5915/263 1978/5918/263 1981/5927/263
f 1983/5933/264 1980/5924/264 1979/5921/264 1984/5936/264
f 1988/5946/219 1991/5955/219 1989/5949/219 1986/5940/219
f 1987/5943/220 1988/5947/220 1986/5941/220 1985/5937/220
f 1992/5958/221 1987/5944/221 1985/5938/221 1990/5952/221
f 1991/5956/222 1992/5959/222 1990/5953/222 1989/5950/222
f 1990/5954/223 1985/5939/223 1986/5942/223 1989/5951/223
f 1991/5957/224 1988/5948/224 1987/5945/224 1992/5960/224
f 1996/5970/477 1999/5979/477 1997/5973/477 1994/5964/477
f 1995/5967/478 1996/5971/478 1994/5965/478 1993/5961/478
f 2000/5982/479 1995/5968/479 1993/5962/479 1998/5976/479
f 1999/5980/480 2000/5983/480 1998/5977/480 1997/5974/480
f 1998/5978/481 1993/5963/481 1994/5966/481 1997/5975/481
f 1999/5981/482 1996/5972/482 1995/5969/482 2000/5984/482
f 2004/5994/525 2007/6003/525 2005/5997/525 2002/5988/525
f 2003/5991/526 2004/5995/526 2002/5989/526 2001/5985/526
f 2008/6006/527 2003/5992/527 2001/5986/527 2006/6000/527
f 2007/6004/528 2008/6007/528 2006/6001/528 2005/5998/528
f 2006/6002/388 2001/5987/388 2002/5990/388 2005/5999/388
f 2007/6005/389 2004/5996/389 2003/5993/389 2008/6008/389
f 2012/6018/194 2015/6027/194 2013/6021/194 2010/6012/194
f 2011/6015/82 2012/6019/82 2010/6013/82 2009/6009/82
f 2016/6030/195 2011/6016/195 2009/6010/195 2014/6024/195
f 2015/6028/84 2016/6031/84 2014/6025/84 2013/6022/84
f 2014/6026/196 2009/6011/196 2010/6014/196 2013/6023/196
f 2015/6029/197 2012/6020/197 2011/6017/197 2016/6032/197
f 2020/6042/376 2023/6051/376 2021/6045/376 2018/6036/376
f 2019/6039/82 2020/6043/82 2018/6037/82 2017/6033/82
f 2024/6054/377 2019/6040/377 2017/6034/377 2022/6048/377
f 2023/6052/84 2024/6055/84 2022/6049/84 2021/6046/84
f 2022/6050/529 2017/6035/529 2018/6038/529 2021/6047/529
f 2023/6053/379 2020/6044/379 2019/6041/379 2024/6056/379
f 2028/6066/194 2031/6075/194 2029/6069/194 2026/6060/194
f 2027/6063/82 2028/6067/82 2026/6061/82 2025/6057/82
f 2032/6078/195 2027/6064/195 2025/6058/195 2030/6072/195
f 2031/6076/84 2032/6079/84 2030/6073/84 2029/6070/84
f 2030/6074/196 2025/6059/196 2026/6062/196 2029/6071/196
f 2031/6077/197 2028/6068/197 2027/6065/197 2032/6080/197
f 2036/6090/530 2039/6099/530 2037/6093/530 2034/6084/530
f 2035/6087/82 2036/6091/82 2034/6085/82 2033/6081/82
f 2040/6102/531 2035/6088/531 2033/6082/531 2038/6096/531
f 2039/6100/84 2040/6103/84 2038/6097/84 2037/6094/84
f 2038/6098/532 2033/6083/532 2034/6086/532 2037/6095/532
f 2039/6101/533 2036/6092/533 2035/6089/533 2040/6104/533
f 2044/6114/530 2047/6123/530 2045/6117/530 2042/6108/530
f 2043/6111/82 2044/6115/82 2042/6109/82 2041/6105/82
f 2048/6126/531 2043/6112/531 2041/6106/531 2046/6120/531
f 2047/6124/84 2048/6127/84 2046/6121/84 2045/6118/84
f 2046/6122/534 2041/6107/534 2042/6110/534 2045/6119/534
f 2047/6125/533 2044/6116/533 2043/6113/533 2048/6128/533
f 2052/6138/194 2055/6147/194 2053/6141/194 2050/6132/194
f 2051/6135/82 2052/6139/82 2050/6133/82 2049/6129/82
f 2056/6150/195 2051/6136/195 2049/6130/195 2054/6144/195
f 2055/6148/84 2056/6151/84 2054/6145/84 2053/6142/84
f 2054/6146/196 2049/6131/196 2050/6134/196 2053/6143/196
f 2055/6149/197 2052/6140/197 2051/6137/197 2056/6152/197
f 2060/6162/81 2063/6171/81 2061/6165/81 2058/6156/81
f 2059/6159/82 2060/6163/82 2058/6157/82 2057/6153/82
f 2064/6174/83 2059/6160/83 2057/6154/83 2062/6168/83
f 2063/6172/84 2064/6175/84 2062/6169/84 2061/6166/84
f 2062/6170/85 2057/6155/85 2058/6158/85 2061/6167/85
f 2063/6173/86 2060/6164/86 2059/6161/86 2064/6176/86
f 2068/6186/535 2071/6195/535 2069/6189/535 2066/6180/535
f 2067/6183/82 2068/6187/82 2066/6181/82 2065/6177/82
f 2072/6198/536 2067/6184/536 2065/6178/536 2070/6192/536
f 2071/6196/84 2072/6199/84 2070/6193/84 2069/6190/84
f 2070/6194/537 2065/6179/537 2066/6182/537 2069/6191/537
f 2071/6197/538 2068/6188/538 2067/6185/538 2072/6200/538
f 2076/6210/215 2079/6219/215 2077/6213/215 2074/6204/215
f 2075/6207/216 2076/6211/216 2074/6205/216 2073/6201/216
f 2080/6222/217 2075/6208/217 2073/6202/217 2078/6216/217
f 2079/6220/218 2080/6223/218 2078/6217/218 2077/6214/218
f 2078/6218/85 2073/6203/85 2074/6206/85 2077/6215/85
f 2079/6221/86 2076/6212/86 2075/6209/86 2080/6224/86
f 2084/6234/194 2087/6243/194 2085/6237/194 2082/6228/194
f 2083/6231/82 2084/6235/82 2082/6229/82 2081/6225/82
f 2088/6246/195 2083/6232/195 2081/6226/195 2086/6240/195
f 2087/6244/84 2088/6247/84 2086/6241/84 2085/6238/84
f 2086/6242/196 2081/6227/196 2082/6230/196 2085/6239/196
f 2087/6245/197 2084/6236/197 2083/6233/197 2088/6248/197
f 2092/6258/194 2095/6267/194 2093/6261/194 2090/6252/194
f 2091/6255/539 2092/6259/539 2090/6253/539 2089/6249/539
f 2096/6270/195 2091/6256/195 2089/6250/195 2094/6264/195
f 2095/6268/540 2096/6271/540 2094/6265/540 2093/6262/540
f 2094/6266/541 2089/6251/541 2090/6254/541 2093/6263/541
f 2095/6269/542 2092/6260/542 2091/6257/542 2096/6272/542
f 2100/6282/194 2103/6291/194 2101/6285/194 2098/6276/194
f 2099/6279/539 2100/6283/539 2098/6277/539 2097/6273/539
f 2104/6294/195 2099/6280/195 2097/6274/195 2102/6288/195
f 2103/6292/540 2104/6295/540 2102/6289/540 2101/6286/540
f 2102/6290/541 2097/6275/541 2098/6278/541 2101/6287/541
f 2103/6293/542 2100/6284/542 2099/6281/542 2104/6296/542
f 2108/6306/194 2111/6315/194 2109/6309/194 2106/6300/194
f 2107/6303/206 2108/6307/206 2106/6301/206 2105/6297/206
f 2112/6318/195 2107/6304/195 2105/6298/195 2110/6312/195
f 2111/6316/207 2112/6319/207 2110/6313/207 2109/6310/207
f 2110/6314/208 2105/6299/208 2106/6302/208 2109/6311/208
f 2111/6317/209 2108/6308/209 2107/6305/209 2112/6320/209
f 2116/6330/128 2119/6339/128 2117/6333/128 2114/6324/128
f 2115/6327/82 2116/6331/82 2114/6325/82 2113/6321/82
f 2120/6342/126 2115/6328/126 2113/6322/126 2118/6336/126
f 2119/6340/84 2120/6343/84 2118/6337/84 2117/6334/84
f 2118/6338/125 2113/6323/125 2114/6326/125 2117/6335/125
f 2119/6341/127 2116/6332/127 2115/6329/127 2120/6344/127
f 2124/6354/81 2127/6363/81 2125/6357/81 2122/6348/81
f 2123/6351/82 2124/6355/82 2122/6349/82 2121/6345/82
f 2128/6366/83 2123/6352/83 2121/6346/83 2126/6360/83
f 2127/6364/84 2128/6367/84 2126/6361/84 2125/6358/84
f 2126/6362/85 2121/6347/85 2122/6350/85 2125/6359/85
f 2127/6365/86 2124/6356/86 2123/6353/86 2128/6368/86
f 2132/6378/194 2135/6387/194 2133/6381/194 2130/6372/194
f 2131/6375/543 2132/6379/543 2130/6373/543 2129/6369/543
f 2136/6390/195 2131/6376/195 2129/6370/195 2134/6384/195
f 2135/6388/544 2136/6391/544 2134/6385/544 2133/6382/544
f 2134/6386/545 2129/6371/545 2130/6374/545 2133/6383/545
f 2135/6389/546 2132/6380/546 2131/6377/546 2136/6392/546
f 2140/6402/194 2143/6411/194 2141/6405/194 2138/6396/194
f 2139/6399/547 2140/6403/547 2138/6397/547 2137/6393/547
f 2144/6414/195 2139/6400/195 2137/6394/195 2142/6408/195
f 2143/6412/548 2144/6415/548 2142/6409/548 2141/6406/548
f 2142/6410/549 2137/6395/549 2138/6398/549 2141/6407/549
f 2143/6413/550 2140/6404/550 2139/6401/550 2144/6416/550
f 2148/6426/81 2151/6435/81 2149/6429/81 2146/6420/81
f 2147/6423/551 2148/6427/551 2146/6421/551 2145/6417/551
f 2152/6438/83 2147/6424/83 2145/6418/83 2150/6432/83
f 2151/6436/552 2152/6439/552 2150/6433/552 2149/6430/552
f 2150/6434/553 2145/6419/553 2146/6422/553 2149/6431/553
f 2151/6437/554 2148/6428/554 2147/6425/554 2152/6440/554
f 2156/6450/555 2159/6459/555 2157/6453/555 2154/6444/555
f 2155/6447/556 2156/6451/556 2154/6445/556 2153/6441/556
f 2160/6462/557 2155/6448/557 2153/6442/557 2158/6456/557
f 2159/6460/558 2160/6463/558 2158/6457/558 2157/6454/558
f 2158/6458/559 2153/6443/559 2154/6446/559 2157/6455/559
f 2159/6461/560 2156/6452/560 2155/6449/560 2160/6464/560
f 2164/6474/561 2167/6483/561 2165/6477/561 2162/6468/561
f 2163/6471/562 2164/6475/562 2162/6469/562 2161/6465/562
f 2168/6486/563 2163/6472/563 2161/6466/563 2166/6480/563
f 2167/6484/564 2168/6487/564 2166/6481/564 2165/6478/564
f 2166/6482/565 2161/6467/565 2162/6470/565 2165/6479/565
f 2167/6485/566 2164/6476/566 2163/6473/566 2168/6488/566
f 2172/6498/567 2175/6507/567 2173/6501/567 2170/6492/567
f 2171/6495/568 2172/6499/568 2170/6493/568 2169/6489/568
f 2176/6510/569 2171/6496/569 2169/6490/569 2174/6504/569
f 2175/6508/570 2176/6511/570 2174/6505/570 2173/6502/570
f 2174/6506/571 2169/6491/571 2170/6494/571 2173/6503/571
f 2175/6509/572 2172/6500/572 2171/6497/572 2176/6512/572
f 2180/6522/489 2183/6531/489 2181/6525/489 2178/6516/489
f 2179/6519/573 2180/6523/573 2178/6517/573 2177/6513/573
f 2184/6534/491 2179/6520/491 2177/6514/491 2182/6528/491
f 2183/6532/574 2184/6535/574 2182/6529/574 2181/6526/574
f 2182/6530/575 2177/6515/575 2178/6518/575 2181/6527/575
f 2183/6533/576 2180/6524/576 2179/6521/576 2184/6536/576
f 2188/6546/82 2191/6555/82 2189/6549/82 2186/6540/82
f 2187/6543/195 2188/6547/195 2186/6541/195 2185/6537/195
f 2192/6558/84 2187/6544/84 2185/6538/84 2190/6552/84
f 2191/6556/194 2192/6559/194 2190/6553/194 2189/6550/194
f 2190/6554/196 2185/6539/196 2186/6542/196 2189/6551/196
f 2191/6557/197 2188/6548/197 2187/6545/197 2192/6560/197
f 2196/6570/577 2199/6579/577 2197/6573/577 2194/6564/577
f 2195/6567/195 2196/6571/195 2194/6565/195 2193/6561/195
f 2200/6582/578 2195/6568/578 2193/6562/578 2198/6576/578
f 2199/6580/194 2200/6583/194 2198/6577/194 2197/6574/194
f 2198/6578/579 2193/6563/579 2194/6566/579 2197/6575/579
f 2199/6581/580 2196/6572/580 2195/6569/580 2200/6584/580
f 2204/6594/82 2207/6603/82 2205/6597/82 2202/6588/82
f 2203/6591/195 2204/6595/195 2202/6589/195 2201/6585/195
f 2208/6606/84 2203/6592/84 2201/6586/84 2206/6600/84
f 2207/6604/194 2208/6607/194 2206/6601/194 2205/6598/194
f 2206/6602/196 2201/6587/196 2202/6590/196 2205/6599/196
f 2207/6605/197 2204/6596/197 2203/6593/197 2208/6608/197
f 2212/6618/577 2215/6627/577 2213/6621/577 2210/6612/577
f 2211/6615/195 2212/6619/195 2210/6613/195 2209/6609/195
f 2216/6630/578 2211/6616/578 2209/6610/578 2214/6624/578
f 2215/6628/194 2216/6631/194 2214/6625/194 2213/6622/194
f 2214/6626/579 2209/6611/579 2210/6614/579 2213/6623/579
f 2215/6629/580 2212/6620/580 2211/6617/580 2216/6632/580
f 2220/6642/82 2223/6651/82 2221/6645/82 2218/6636/82
f 2219/6639/195 2220/6643/195 2218/6637/195 2217/6633/195
f 2224/6654/84 2219/6640/84 2217/6634/84 2222/6648/84
f 2223/6652/194 2224/6655/194 2222/6649/194 2221/6646/194
f 2222/6650/196 2217/6635/196 2218/6638/196 2221/6647/196
f 2223/6653/197 2220/6644/197 2219/6641/197 2224/6656/197
f 2228/6666/577 2231/6675/577 2229/6669/577 2226/6660/577
f 2227/6663/195 2228/6667/195 2226/6661/195 2225/6657/195
f 2232/6678/578 2227/6664/578 2225/6658/578 2230/6672/578
f 2231/6676/194 2232/6679/194 2230/6673/194 2229/6670/194
f 2230/6674/579 2225/6659/579 2226/6662/579 2229/6671/579
f 2231/6677/580 2228/6668/580 2227/6665/580 2232/6680/580
f 2236/6690/84 2239/6699/84 2237/6693/84 2234/6684/84
f 2235/6687/194 2236/6691/194 2234/6685/194 2233/6681/194
f 2240/6702/82 2235/6688/82 2233/6682/82 2238/6696/82
f 2239/6700/195 2240/6703/195 2238/6697/195 2237/6694/195
f 2238/6698/196 2233/6683/196 2234/6686/196 2237/6695/196
f 2239/6701/197 2236/6692/197 2235/6689/197 2240/6704/197
f 2244/6714/540 2247/6723/540 2245/6717/540 2242/6708/540
f 2243/6711/194 2244/6715/194 2242/6709/194 2241/6705/194
f 2248/6726/539 2243/6712/539 2241/6706/539 2246/6720/539
f 2247/6724/195 2248/6727/195 2246/6721/195 2245/6718/195
f 2246/6722/541 2241/6707/541 2242/6710/541 2245/6719/541
f 2247/6725/542 2244/6716/542 2243/6713/542 2248/6728/542
f 2252/6738/84 2255/6747/84 2253/6741/84 2250/6732/84
f 2251/6735/194 2252/6739/194 2250/6733/194 2249/6729/194
f 2256/6750/82 2251/6736/82 2249/6730/82 2254/6744/82
f 2255/6748/195 2256/6751/195 2254/6745/195 2253/6742/195
f 2254/6746/196 2249/6731/196 2250/6734/196 2253/6743/196
f 2255/6749/197 2252/6740/197 2251/6737/197 2256/6752/197
f 2260/6762/540 2263/6771/540 2261/6765/540 2258/6756/540
f 2259/6759/194 2260/6763/194 2258/6757/194 2257/6753/194
f 2264/6774/539 2259/6760/539 2257/6754/539 2262/6768/539
f 2263/6772/195 2264/6775/195 2262/6769/195 2261/6766/195
f 2262/6770/541 2257/6755/541 2258/6758/541 2261/6767/541
f 2263/6773/542 2260/6764/542 2259/6761/542 2264/6776/542
f 2268/6786/84 2271/6795/84 2269/6789/84 2266/6780/84
f 2267/6783/194 2268/6787/194 2266/6781/194 2265/6777/194
f 2272/6798/82 2267/6784/82 2265/6778/82 2270/6792/82
f 2271/6796/195 2272/6799/195 2270/6793/195 2269/6790/195
f 2270/6794/196 2265/6779/196 2266/6782/196 2269/6791/196
f 2271/6797/197 2268/6788/197 2267/6785/197 2272/6800/197
f 2276/6810/540 2279/6819/540 2277/6813/540 2274/6804/540
f 2275/6807/194 2276/6811/194 2274/6805/194 2273/6801/194
f 2280/6822/539 2275/6808/539 2273/6802/539 2278/6816/539
f 2279/6820/195 2280/6823/195 2278/6817/195 2277/6814/195
f 2278/6818/581 2273/6803/581 2274/6806/581 2277/6815/581
f 2279/6821/542 2276/6812/542 2275/6809/542 2280/6824/542
f 2284/6834/194 2287/6843/194 2285/6837/194 2282/6828/194
f 2283/6831/337 2284/6835/337 2282/6829/337 2281/6825/337
f 2288/6846/195 2283/6832/195 2281/6826/195 2286/6840/195
f 2287/6844/338 2288/6847/338 2286/6841/338 2285/6838/338
f 2286/6842/339 2281/6827/339 2282/6830/339 2285/6839/339
f 2287/6845/340 2284/6836/340 2283/6833/340 2288/6848/340
f 2292/6858/194 2295/6867/194 2293/6861/194 2290/6852/194
f 2291/6855/435 2292/6859/435 2290/6853/435 2289/6849/435
f 2296/6870/195 2291/6856/195 2289/6850/195 2294/6864/195
f 2295/6868/436 2296/6871/436 2294/6865/436 2293/6862/436
f 2294/6866/437 2289/6851/437 2290/6854/437 2293/6863/437
f 2295/6869/438 2292/6860/438 2291/6857/438 2296/6872/438
f 2300/6882/239 2303/6891/239 2301/6885/239 2298/6876/239
f 2299/6879/82 2300/6883/82 2298/6877/82 2297/6873/82
f 2304/6894/240 2299/6880/240 2297/6874/240 2302/6888/240
f 2303/6892/84 2304/6895/84 2302/6889/84 2301/6886/84
f 2302/6890/241 2297/6875/241 2298/6878/241 2301/6887/241
f 2303/6893/242 2300/6884/242 2299/6881/242 2304/6896/242
f 2308/6906/239 2311/6915/239 2309/6909/239 2306/6900/239
f 2307/6903/82 2308/6907/82 2306/6901/82 2305/6897/82
f 2312/6918/240 2307/6904/240 2305/6898/240 2310/6912/240
f 2311/6916/84 2312/6919/84 2310/6913/84 2309/6910/84
f 2310/6914/241 2305/6899/241 2306/6902/241 2309/6911/241
f 2311/6917/242 2308/6908/242 2307/6905/242 2312/6920/242
f 2316/6930/81 2319/6939/81 2317/6933/81 2314/6924/81
f 2315/6927/82 2316/6931/82 2314/6925/82 2313/6921/82
f 2320/6942/83 2315/6928/83 2313/6922/83 2318/6936/83
f 2319/6940/84 2320/6943/84 2318/6937/84 2317/6934/84
f 2318/6938/85 2313/6923/85 2314/6926/85 2317/6935/85
f 2319/6941/86 2316/6932/86 2315/6929/86 2320/6944/86
f 2324/6954/81 2327/6963/81 2325/6957/81 2322/6948/81
f 2323/6951/82 2324/6955/82 2322/6949/82 2321/6945/82
f 2328/6966/83 2323/6952/83 2321/6946/83 2326/6960/83
f 2327/6964/84 2328/6967/84 2326/6961/84 2325/6958/84
f 2326/6962/85 2321/6947/85 2322/6950/85 2325/6959/85
f 2327/6965/86 2324/6956/86 2323/6953/86 2328/6968/86
f 2332/6978/81 2335/6987/81 2333/6981/81 2330/6972/81
f 2331/6975/82 2332/6979/82 2330/6973/82 2329/6969/82
f 2336/6990/83 2331/6976/83 2329/6970/83 2334/6984/83
f 2335/6988/84 2336/6991/84 2334/6985/84 2333/6982/84
f 2334/6986/85 2329/6971/85 2330/6974/85 2333/6983/85
f 2335/6989/86 2332/6980/86 2331/6977/86 2336/6992/86
f 2340/7002/582 2343/7011/582 2341/7005/582 2338/6996/582
f 2339/6999/82 2340/7003/82 2338/6997/82 2337/6993/82
f 2344/7014/583 2339/7000/583 2337/6994/583 2342/7008/583
f 2343/7012/84 2344/7015/84 2342/7009/84 2341/7006/84
f 2342/7010/584 2337/6995/584 2338/6998/584 2341/7007/584
f 2343/7013/585 2340/7004/585 2339/7001/585 2344/7016/585
f 2348/7026/586 2351/7035/586 2349/7029/586 2346/7020/586
f 2347/7023/82 2348/7027/82 2346/7021/82 2345/7017/82
f 2352/7038/583 2347/7024/583 2345/7018/583 2350/7032/583
f 2351/7036/84 2352/7039/84 2350/7033/84 2349/7030/84
f 2350/7034/584 2345/7019/584 2346/7022/584 2349/7031/584
f 2351/7037/585 2348/7028/585 2347/7025/585 2352/7040/585
f 2356/7050/586 2359/7059/586 2357/7053/586 2354/7044/586
f 2355/7047/82 2356/7051/82 2354/7045/82 2353/7041/82
f 2360/7062/583 2355/7048/583 2353/7042/583 2358/7056/583
f 2359/7060/84 2360/7063/84 2358/7057/84 2357/7054/84
f 2358/7058/584 2353/7043/584 2354/7046/584 2357/7055/584
f 2359/7061/585 2356/7052/585 2355/7049/585 2360/7064/585
f 2364/7074/586 2367/7083/586 2365/7077/586 2362/7068/586
f 2363/7071/82 2364/7075/82 2362/7069/82 2361/7065/82
f 2368/7086/583 2363/7072/583 2361/7066/583 2366/7080/583
f 2367/7084/84 2368/7087/84 2366/7081/84 2365/7078/84
f 2366/7082/584 2361/7067/584 2362/7070/584 2365/7079/584
f 2367/7085/585 2364/7076/585 2363/7073/585 2368/7088/585
f 2372/7098/82 2375/7107/82 2373/7101/82 2370/7092/82
f 2371/7095/587 2372/7099/587 2370/7093/587 2369/7089/587
f 2376/7110/84 2371/7096/84 2369/7090/84 2374/7104/84
f 2375/7108/588 2376/7111/588 2374/7105/588 2373/7102/588
f 2374/7106/589 2369/7091/589 2370/7094/589 2373/7103/589
f 2375/7109/590 2372/7100/590 2371/7097/590 2376/7112/590
f 2380/7122/84 2383/7131/84 2381/7125/84 2378/7116/84
f 2379/7119/588 2380/7123/588 2378/7117/588 2377/7113/588
f 2384/7134/82 2379/7120/82 2377/7114/82 2382/7128/82
f 2383/7132/587 2384/7135/587 2382/7129/587 2381/7126/587
f 2382/7130/589 2377/7115/589 2378/7118/589 2381/7127/589
f 2383/7133/590 2380/7124/590 2379/7121/590 2384/7136/590
f 2388/7146/591 2391/7155/591 2389/7149/591 2386/7140/591
f 2387/7143/82 2388/7147/82 2386/7141/82 2385/7137/82
f 2392/7158/592 2387/7144/592 2385/7138/592 2390/7152/592
f 2391/7156/84 2392/7159/84 2390/7153/84 2389/7150/84
f 2390/7154/593 2385/7139/593 2386/7142/593 2389/7151/593
f 2391/7157/594 2388/7148/594 2387/7145/594 2392/7160/594
f 2396/7170/591 2399/7179/591 2397/7173/591 2394/7164/591
f 2395/7167/82 2396/7171/82 2394/7165/82 2393/7161/82
f 2400/7182/592 2395/7168/592 2393/7162/592 2398/7176/592
f 2399/7180/84 2400/7183/84 2398/7177/84 2397/7174/84
f 2398/7178/593 2393/7163/593 2394/7166/593 2397/7175/593
f 2399/7181/594 2396/7172/594 2395/7169/594 2400/7184/594
f 2404/7194/591 2407/7203/591 2405/7197/591 2402/7188/591
f 2403/7191/82 2404/7195/82 2402/7189/82 2401/7185/82
f 2408/7206/592 2403/7192/592 2401/7186/592 2406/7200/592
f 2407/7204/84 2408/7207/84 2406/7201/84 2405/7198/84
f 2406/7202/593 2401/7187/593 2402/7190/593 2405/7199/593
f 2407/7205/594 2404/7196/594 2403/7193/594 2408/7208/594
f 2412/7218/194 2415/7227/194 2413/7221/194 2410/7212/194
f 2411/7215/337 2412/7219/337 2410/7213/337 2409/7209/337
f 2416/7230/195 2411/7216/195 2409/7210/195 2414/7224/195
f 2415/7228/338 2416/7231/338 2414/7225/338 2413/7222/338
f 2414/7226/339 2409/7211/339 2410/7214/339 2413/7223/339
f 2415/7229/340 2412/7220/340 2411/7217/340 2416/7232/340
f 2420/7242/194 2423/7251/194 2421/7245/194 2418/7236/194
f 2419/7239/435 2420/7243/435 2418/7237/435 2417/7233/435
f 2424/7254/195 2419/7240/195 2417/7234/195 2422/7248/195
f 2423/7252/595 2424/7255/595 2422/7249/595 2421/7246/595
f 2422/7250/596 2417/7235/596 2418/7238/596 2421/7247/596
f 2423/7253/438 2420/7244/438 2419/7241/438 2424/7256/438
f 2428/7266/81 2431/7275/81 2429/7269/81 2426/7260/81
f 2427/7263/82 2428/7267/82 2426/7261/82 2425/7257/82
f 2432/7278/83 2427/7264/83 2425/7258/83 2430/7272/83
f 2431/7276/84 2432/7279/84 2430/7273/84 2429/7270/84
f 2430/7274/85 2425/7259/85 2426/7262/85 2429/7271/85
f 2431/7277/86 2428/7268/86 2427/7265/86 2432/7280/86
f 2436/7290/81 2439/7299/81 2437/7293/81 2434/7284/81
f 2435/7287/82 2436/7291/82 2434/7285/82 2433/7281/82
f 2440/7302/83 2435/7288/83 2433/7282/83 2438/7296/83
f 2439/7300/84 2440/7303/84 2438/7297/84 2437/7294/84
f 2438/7298/85 2433/7283/85 2434/7286/85 2437/7295/85
f 2439/7301/86 2436/7292/86 2435/7289/86 2440/7304/86
f 2444/7314/82 2447/7323/82 2445/7317/82 2442/7308/82
f 2443/7311/197 2444/7315/197 2442/7309/197 2441/7305/197
f 2448/7326/84 2443/7312/84 2441/7306/84 2446/7320/84
f 2447/7324/196 2448/7327/196 2446/7321/196 2445/7318/196
f 2446/7322/195 2441/7307/195 2442/7310/195 2445/7319/195
f 2447/7325/194 2444/7316/194 2443/7313/194 2448/7328/194
f 2452/7338/82 2455/7347/82 2453/7341/82 2450/7332/82
f 2451/7335/197 2452/7339/197 2450/7333/197 2449/7329/197
f 2456/7350/84 2451/7336/84 2449/7330/84 2454/7344/84
f 2455/7348/196 2456/7351/196 2454/7345/196 2453/7342/196
f 2454/7346/195 2449/7331/195 2450/7334/195 2453/7343/195
f 2455/7349/194 2452/7340/194 2451/7337/194 2456/7352/194
f 2460/7362/82 2463/7371/82 2461/7365/82 2458/7356/82
f 2459/7359/197 2460/7363/197 2458/7357/197 2457/7353/197
f 2464/7374/84 2459/7360/84 2457/7354/84 2462/7368/84
f 2463/7372/196 2464/7375/196 2462/7369/196 2461/7366/196
f 2462/7370/195 2457/7355/195 2458/7358/195 2461/7367/195
f 2463/7373/194 2460/7364/194 2459/7361/194 2464/7376/194
f 2468/7386/82 2471/7395/82 2469/7389/82 2466/7380/82
f 2467/7383/197 2468/7387/197 2466/7381/197 2465/7377/197
f 2472/7398/84 2467/7384/84 2465/7378/84 2470/7392/84
f 2471/7396/196 2472/7399/196 2470/7393/196 2469/7390/196
f 2470/7394/195 2465/7379/195 2466/7382/195 2469/7391/195
f 2471/7397/194 2468/7388/194 2467/7385/194 2472/7400/194
f 2476/7410/597 2479/7419/597 2477/7413/597 2474/7404/597
f 2475/7407/82 2476/7411/82 2474/7405/82 2473/7401/82
f 2480/7422/598 2475/7408/598 2473/7402/598 2478/7416/598
f 2479/7420/84 2480/7423/84 2478/7417/84 2477/7414/84
f 2478/7418/599 2473/7403/599 2474/7406/599 2477/7415/599
f 2479/7421/600 2476/7412/600 2475/7409/600 2480/7424/600
f 2484/7434/601 2487/7443/601 2485/7437/601 2482/7428/601
f 2483/7431/602 2484/7435/602 2482/7429/602 2481/7425/602
f 2488/7446/603 2483/7432/603 2481/7426/603 2486/7440/603
f 2487/7444/604 2488/7447/604 2486/7441/604 2485/7438/604
f 2486/7442/605 2481/7427/605 2482/7430/605 2485/7439/605
f 2487/7445/606 2484/7436/606 2483/7433/606 2488/7448/606
f 2492/7458/597 2495/7467/597 2493/7461/597 2490/7452/597
f 2491/7455/82 2492/7459/82 2490/7453/82 2489/7449/82
f 2496/7470/598 2491/7456/598 2489/7450/598 2494/7464/598
f 2495/7468/84 2496/7471/84 2494/7465/84 2493/7462/84
f 2494/7466/607 2489/7451/607 2490/7454/607 2493/7463/607
f 2495/7469/600 2492/7460/600 2491/7457/600 2496/7472/600
f 2500/7482/608 2503/7491/608 2501/7485/608 2498/7476/608
f 2499/7479/609 2500/7483/609 2498/7477/609 2497/7473/609
f 2504/7494/610 2499/7480/610 2497/7474/610 2502/7488/610
f 2503/7492/611 2504/7495/611 2502/7489/611 2501/7486/611
f 2502/7490/612 2497/7475/612 2498/7478/612 2501/7487/612
f 2503/7493/613 2500/7484/613 2499/7481/613 2504/7496/613
f 2508/7506/614 2511/7515/614 2509/7509/614 2506/7500/614
f 2507/7503/615 2508/7507/615 2506/7501/615 2505/7497/615
f 2512/7518/616 2507/7504/616 2505/7498/616 2510/7512/616
f 2511/7516/617 2512/7519/617 2510/7513/617 2509/7510/617
f 2510/7514/618 2505/7499/618 2506/7502/618 2509/7511/618
f 2511/7517/619 2508/7508/619 2507/7505/619 2512/7520/619
f 2516/7530/597 2519/7539/597 2517/7533/597 2514/7524/597
f 2515/7527/82 2516/7531/82 2514/7525/82 2513/7521/82
f 2520/7542/598 2515/7528/598 2513/7522/598 2518/7536/598
f 2519/7540/84 2520/7543/84 2518/7537/84 2517/7534/84
f 2518/7538/599 2513/7523/599 2514/7526/599 2517/7535/599
f 2519/7541/600 2516/7532/600 2515/7529/600 2520/7544/600
f 2524/7554/597 2527/7563/597 2525/7557/597 2522/7548/597
f 2523/7551/82 2524/7555/82 2522/7549/82 2521/7545/82
f 2528/7566/598 2523/7552/598 2521/7546/598 2526/7560/598
f 2527/7564/84 2528/7567/84 2526/7561/84 2525/7558/84
f 2526/7562/599 2521/7547/599 2522/7550/599 2525/7559/599
f 2527/7565/600 2524/7556/600 2523/7553/600 2528/7568/600
f 2532/7578/597 2535/7587/597 2533/7581/597 2530/7572/597
f 2531/7575/82 2532/7579/82 2530/7573/82 2529/7569/82
f 2536/7590/598 2531/7576/598 2529/7570/598 2534/7584/598
f 2535/7588/84 2536/7591/84 2534/7585/84 2533/7582/84
f 2534/7586/599 2529/7571/599 2530/7574/599 2533/7583/599
f 2535/7589/600 2532/7580/600 2531/7577/600 2536/7592/600
f 2540/7602/91 2543/7611/91 2541/7605/91 2538/7596/91
f 2539/7599/283 2540/7603/283 2538/7597/283 2537/7593/283
f 2544/7614/93 2539/7600/93 2537/7594/93 2542/7608/93
f 2543/7612/284 2544/7615/284 2542/7609/284 2541/7606/284
f 2542/7610/111 2537/7595/111 2538/7598/111 2541/7607/111
f 2543/7613/112 2540/7604/112 2539/7601/112 2544/7616/112
f 2548/7626/91 2551/7635/91 2549/7629/91 2546/7620/91
f 2547/7623/283 2548/7627/283 2546/7621/283 2545/7617/283
f 2552/7638/93 2547/7624/93 2545/7618/93 2550/7632/93
f 2551/7636/284 2552/7639/284 2550/7633/284 2549/7630/284
f 2550/7634/111 2545/7619/111 2546/7622/111 2549/7631/111
f 2551/7637/112 2548/7628/112 2547/7625/112 2552/7640/112
f 2556/7650/620 2559/7659/620 2557/7653/620 2554/7644/620
f 2555/7647/621 2556/7651/621 2554/7645/621 2553/7641/621
f 2560/7662/622 2555/7648/622 2553/7642/622 2558/7656/622
f 2559/7660/623 2560/7663/623 2558/7657/623 2557/7654/623
f 2558/7658/111 2553/7643/111 2554/7646/111 2557/7655/111
f 2559/7661/112 2556/7652/112 2555/7649/112 2560/7664/112
f 2564/7674/624 2567/7683/624 2565/7677/624 2562/7668/624
f 2563/7671/625 2564/7675/625 2562/7669/625 2561/7665/625
f 2568/7686/626 2563/7672/626 2561/7666/626 2566/7680/626
f 2567/7684/627 2568/7687/627 2566/7681/627 2565/7678/627
f 2566/7682/111 2561/7667/111 2562/7670/111 2565/7679/111
f 2567/7685/112 2564/7676/112 2563/7673/112 2568/7688/112
f 2572/7698/358 2575/7707/358 2573/7701/358 2570/7692/358
f 2571/7695/359 2572/7699/359 2570/7693/359 2569/7689/359
f 2576/7710/360 2571/7696/360 2569/7690/360 2574/7704/360
f 2575/7708/628 2576/7711/628 2574/7705/628 2573/7702/628
f 2574/7706/111 2569/7691/111 2570/7694/111 2573/7703/111
f 2575/7709/112 2572/7700/112 2571/7697/112 2576/7712/112
f 2580/7722/629 2583/7731/629 2581/7725/629 2578/7716/629
f 2579/7719/630 2580/7723/630 2578/7717/630 2577/7713/630
f 2584/7734/631 2579/7720/631 2577/7714/631 2582/7728/631
f 2583/7732/632 2584/7735/632 2582/7729/632 2581/7726/632
f 2582/7730/111 2577/7715/111 2578/7718/111 2581/7727/111
f 2583/7733/112 2580/7724/112 2579/7721/112 2584/7736/112
f 2588/7746/633 2591/7755/633 2589/7749/633 2586/7740/633
f 2587/7743/634 2588/7747/634 2586/7741/634 2585/7737/634
f 2592/7758/635 2587/7744/635 2585/7738/635 2590/7752/635
f 2591/7756/636 2592/7759/636 2590/7753/636 2589/7750/636
f 2590/7754/111 2585/7739/111 2586/7742/111 2589/7751/111
f 2591/7757/112 2588/7748/112 2587/7745/112 2592/7760/112
f 2596/7770/637 2599/7779/637 2597/7773/637 2594/7764/637
f 2595/7767/638 2596/7771/638 2594/7765/638 2593/7761/638
f 2600/7782/639 2595/7768/639 2593/7762/639 2598/7776/639
f 2599/7780/640 2600/7783/640 2598/7777/640 2597/7774/640
f 2598/7778/111 2593/7763/111 2594/7766/111 2597/7775/111
f 2599/7781/112 2596/7772/112 2595/7769/112 2600/7784/112
f 2604/7794/641 2607/7803/641 2605/7797/641 2602/7788/641
f 2603/7791/642 2604/7795/642 2602/7789/642 2601/7785/642
f 2608/7806/643 2603/7792/643 2601/7786/643 2606/7800/643
f 2607/7804/644 2608/7807/644 2606/7801/644 2605/7798/644
f 2606/7802/645 2601/7787/645 2602/7790/645 2605/7799/645
f 2607/7805/646 2604/7796/646 2603/7793/646 2608/7808/646
f 2612/7818/641 2615/7827/641 2613/7821/641 2610/7812/641
f 2611/7815/642 2612/7819/642 2610/7813/642 2609/7809/642
f 2616/7830/647 2611/7816/647 2609/7810/647 2614/7824/647
f 2615/7828/644 2616/7831/644 2614/7825/644 2613/7822/644
f 2614/7826/645 2609/7811/645 2610/7814/645 2613/7823/645
f 2615/7829/646 2612/7820/646 2611/7817/646 2616/7832/646
f 2620/7842/648 2623/7851/648 2621/7845/648 2618/7836/648
f 2619/7839/649 2620/7843/649 2618/7837/649 2617/7833/649
f 2624/7854/650 2619/7840/650 2617/7834/650 2622/7848/650
f 2623/7852/651 2624/7855/651 2622/7849/651 2621/7846/651
f 2622/7850/645 2617/7835/645 2618/7838/645 2621/7847/645
f 2623/7853/646 2620/7844/646 2619/7841/646 2624/7856/646
f 2628/7866/652 2631/7875/652 2629/7869/652 2626/7860/652
f 2627/7863/653 2628/7867/653 2626/7861/653 2625/7857/653
f 2632/7878/654 2627/7864/654 2625/7858/654 2630/7872/654
f 2631/7876/655 2632/7879/655 2630/7873/655 2629/7870/655
f 2630/7874/645 2625/7859/645 2626/7862/645 2629/7871/645
f 2631/7877/646 2628/7868/646 2627/7865/646 2632/7880/646
f 2636/7890/656 2639/7899/656 2637/7893/656 2634/7884/656
f 2635/7887/657 2636/7891/657 2634/7885/657 2633/7881/657
f 2640/7902/658 2635/7888/658 2633/7882/658 2638/7896/658
f 2639/7900/659 2640/7903/659 2638/7897/659 2637/7894/659
f 2638/7898/660 2633/7883/660 2634/7886/660 2637/7895/660
f 2639/7901/661 2636/7892/661 2635/7889/661 2640/7904/661
f 2644/7914/662 2647/7923/662 2645/7917/662 2642/7908/662
f 2643/7911/663 2644/7915/663 2642/7909/663 2641/7905/663
f 2648/7926/664 2643/7912/664 2641/7906/664 2646/7920/664
f 2647/7924/665 2648/7927/665 2646/7921/665 2645/7918/665
f 2646/7922/660 2641/7907/660 2642/7910/660 2645/7919/660
f 2647/7925/661 2644/7916/661 2643/7913/661 2648/7928/661
f 2652/7938/629 2655/7947/629 2653/7941/629 2650/7932/629
f 2651/7935/630 2652/7939/630 2650/7933/630 2649/7929/630
f 2656/7950/631 2651/7936/631 2649/7930/631 2654/7944/631
f 2655/7948/632 2656/7951/632 2654/7945/632 2653/7942/632
f 2654/7946/111 2649/7931/111 2650/7934/111 2653/7943/111
f 2655/7949/112 2652/7940/112 2651/7937/112 2656/7952/112
f 2660/7962/396 2663/7971/396 2661/7965/396 2658/7956/396
f 2659/7959/397 2660/7963/397 2658/7957/397 2657/7953/397
f 2664/7974/398 2659/7960/398 2657/7954/398 2662/7968/398
f 2663/7972/399 2664/7975/399 2662/7969/399 2661/7966/399
f 2662/7970/394 2657/7955/394 2658/7958/394 2661/7967/394
f 2663/7973/395 2660/7964/395 2659/7961/395 2664/7976/395
f 2668/7986/666 2671/7995/666 2669/7989/666 2666/7980/666
f 2667/7983/667 2668/7987/667 2666/7981/667 2665/7977/667
f 2672/7998/668 2667/7984/668 2665/7978/668 2670/7992/668
f 2671/7996/669 2672/7999/669 2670/7993/669 2669/7990/669
f 2670/7994/394 2665/7979/394 2666/7982/394 2669/7991/394
f 2671/7997/395 2668/7988/395 2667/7985/395 2672/8000/395
f 2676/8010/670 2679/8019/670 2677/8013/670 2674/8004/670
f 2675/8007/671 2676/8011/671 2674/8005/671 2673/8001/671
f 2680/8022/672 2675/8008/672 2673/8002/672 2678/8016/672
f 2679/8020/673 2680/8023/673 2678/8017/673 2677/8014/673
f 2678/8018/394 2673/8003/394 2674/8006/394 2677/8015/394
f 2679/8021/395 2676/8012/395 2675/8009/395 2680/8024/395
f 2684/8034/674 2687/8043/674 2685/8037/674 2682/8028/674
f 2683/8031/675 2684/8035/675 2682/8029/675 2681/8025/675
f 2688/8046/676 2683/8032/676 2681/8026/676 2686/8040/676
f 2687/8044/677 2688/8047/677 2686/8041/677 2685/8038/677
f 2686/8042/394 2681/8027/394 2682/8030/394 2685/8039/394
f 2687/8045/395 2684/8036/395 2683/8033/395 2688/8048/395
f 2692/8058/678 2695/8067/678 2693/8061/678 2690/8052/678
f 2691/8055/671 2692/8059/671 2690/8053/671 2689/8049/671
f 2696/8070/679 2691/8056/679 2689/8050/679 2694/8064/679
f 2695/8068/673 2696/8071/673 2694/8065/673 2693/8062/673
f 2694/8066/394 2689/8051/394 2690/8054/394 2693/8063/394
f 2695/8069/395 2692/8060/395 2691/8057/395 2696/8072/395
f 2700/8082/404 2703/8091/404 2701/8085/404 2698/8076/404
f 2699/8079/405 2700/8083/405 2698/8077/405 2697/8073/405
f 2704/8094/406 2699/8080/406 2697/8074/406 2702/8088/406
f 2703/8092/407 2704/8095/407 2702/8089/407 2701/8086/407
f 2702/8090/394 2697/8075/394 2698/8078/394 2701/8087/394
f 2703/8093/395 2700/8084/395 2699/8081/395 2704/8096/395
f 2708/8106/680 2711/8115/680 2709/8109/680 2706/8100/680
f 2707/8103/681 2708/8107/681 2706/8101/681 2705/8097/681
f 2712/8118/682 2707/8104/682 2705/8098/682 2710/8112/682
f 2711/8116/683 2712/8119/683 2710/8113/683 2709/8110/683
f 2710/8114/394 2705/8099/394 2706/8102/394 2709/8111/394
f 2711/8117/395 2708/8108/395 2707/8105/395 2712/8120/395
f 2716/8130/396 2719/8139/396 2717/8133/396 2714/8124/396
f 2715/8127/397 2716/8131/397 2714/8125/397 2713/8121/397
f 2720/8142/398 2715/8128/398 2713/8122/398 2718/8136/398
f 2719/8140/399 2720/8143/399 2718/8137/399 2717/8134/399
f 2718/8138/394 2713/8123/394 2714/8126/394 2717/8135/394
f 2719/8141/395 2716/8132/395 2715/8129/395 2720/8144/395
f 2724/8154/684 2727/8163/684 2725/8157/684 2722/8148/684
f 2723/8151/685 2724/8155/685 2722/8149/685 2721/8145/685
f 2728/8166/686 2723/8152/686 2721/8146/686 2726/8160/686
f 2727/8164/687 2728/8167/687 2726/8161/687 2725/8158/687
f 2726/8162/394 2721/8147/394 2722/8150/394 2725/8159/394
f 2727/8165/395 2724/8156/395 2723/8153/395 2728/8168/395
f 2732/8178/688 2735/8187/688 2733/8181/688 2730/8172/688
f 2731/8175/689 2732/8179/689 2730/8173/689 2729/8169/689
f 2736/8190/690 2731/8176/690 2729/8170/690 2734/8184/690
f 2735/8188/691 2736/8191/691 2734/8185/691 2733/8182/691
f 2734/8186/692 2729/8171/692 2730/8174/692 2733/8183/692
f 2735/8189/693 2732/8180/693 2731/8177/693 2736/8192/693
f 2740/8202/694 2743/8211/694 2741/8205/694 2738/8196/694
f 2739/8199/695 2740/8203/695 2738/8197/695 2737/8193/695
f 2744/8214/696 2739/8200/696 2737/8194/696 2742/8208/696
f 2743/8212/697 2744/8215/697 2742/8209/697 2741/8206/697
f 2742/8210/692 2737/8195/692 2738/8198/692 2741/8207/692
f 2743/8213/693 2740/8204/693 2739/8201/693 2744/8216/693
f 2748/8226/698 2751/8235/698 2749/8229/698 2746/8220/698
f 2747/8223/82 2748/8227/82 2746/8221/82 2745/8217/82
f 2752/8238/699 2747/8224/699 2745/8218/699 2750/8232/699
f 2751/8236/232 2752/8239/232 2750/8233/232 2749/8230/232
f 2750/8234/700 2745/8219/700 2746/8222/700 2749/8231/700
f 2751/8237/701 2748/8228/701 2747/8225/701 2752/8240/701
f 2756/8250/698 2759/8259/698 2757/8253/698 2754/8244/698
f 2755/8247/82 2756/8251/82 2754/8245/82 2753/8241/82
f 2760/8262/699 2755/8248/699 2753/8242/699 2758/8256/699
f 2759/8260/84 2760/8263/84 2758/8257/84 2757/8254/84
f 2758/8258/702 2753/8243/702 2754/8246/702 2757/8255/702
f 2759/8261/701 2756/8252/701 2755/8249/701 2760/8264/701
f 2764/8274/703 2767/8283/703 2765/8277/703 2762/8268/703
f 2763/8271/230 2764/8275/230 2762/8269/230 2761/8265/230
f 2768/8286/699 2763/8272/699 2761/8266/699 2766/8280/699
f 2767/8284/232 2768/8287/232 2766/8281/232 2765/8278/232
f 2766/8282/702 2761/8267/702 2762/8270/702 2765/8279/702
f 2767/8285/701 2764/8276/701 2763/8273/701 2768/8288/701
f 2772/8298/698 2775/8307/698 2773/8301/698 2770/8292/698
f 2771/8295/230 2772/8299/230 2770/8293/230 2769/8289/230
f 2776/8310/704 2771/8296/704 2769/8290/704 2774/8304/704
f 2775/8308/84 2776/8311/84 2774/8305/84 2773/8302/84
f 2774/8306/700 2769/8291/700 2770/8294/700 2773/8303/700
f 2775/8309/701 2772/8300/701 2771/8297/701 2776/8312/701
f 2780/8322/705 2783/8331/705 2781/8325/705 2778/8316/705
f 2779/8319/706 2780/8323/706 2778/8317/706 2777/8313/706
f 2784/8334/707 2779/8320/707 2777/8314/707 2782/8328/707
f 2783/8332/708 2784/8335/708 2782/8329/708 2781/8326/708
f 2782/8330/709 2777/8315/709 2778/8318/709 2781/8327/709
f 2783/8333/710 2780/8324/710 2779/8321/710 2784/8336/710
f 2788/8346/698 2791/8355/698 2789/8349/698 2786/8340/698
f 2787/8343/711 2788/8347/711 2786/8341/711 2785/8337/711
f 2792/8358/699 2787/8344/699 2785/8338/699 2790/8352/699
f 2791/8356/712 2792/8359/712 2790/8353/712 2789/8350/712
f 2790/8354/700 2785/8339/700 2786/8342/700 2789/8351/700
f 2791/8357/701 2788/8348/701 2787/8345/701 2792/8360/701
f 2796/8370/698 2799/8379/698 2797/8373/698 2794/8364/698
f 2795/8367/82 2796/8371/82 2794/8365/82 2793/8361/82
f 2800/8382/699 2795/8368/699 2793/8362/699 2798/8376/699
f 2799/8380/84 2800/8383/84 2798/8377/84 2797/8374/84
f 2798/8378/700 2793/8363/700 2794/8366/700 2797/8375/700
f 2799/8381/713 2796/8372/713 2795/8369/713 2800/8384/713
f 2804/8394/698 2807/8403/698 2805/8397/698 2802/8388/698
f 2803/8391/82 2804/8395/82 2802/8389/82 2801/8385/82
f 2808/8406/699 2803/8392/699 2801/8386/699 2806/8400/699
f 2807/8404/712 2808/8407/712 2806/8401/712 2805/8398/712
f 2806/8402/700 2801/8387/700 2802/8390/700 2805/8399/700
f 2807/8405/713 2804/8396/713 2803/8393/713 2808/8408/713
f 2812/8418/714 2815/8427/714 2813/8421/714 2810/8412/714
f 2811/8415/715 2812/8419/715 2810/8413/715 2809/8409/715
f 2816/8430/716 2811/8416/716 2809/8410/716 2814/8424/716
f 2815/8428/717 2816/8431/717 2814/8425/717 2813/8422/717
f 2814/8426/718 2809/8411/718 2810/8414/718 2813/8423/718
f 2815/8429/719 2812/8420/719 2811/8417/719 2816/8432/719
f 2820/8442/698 2823/8451/698 2821/8445/698 2818/8436/698
f 2819/8439/711 2820/8443/711 2818/8437/711 2817/8433/711
f 2824/8454/699 2819/8440/699 2817/8434/699 2822/8448/699
f 2823/8452/84 2824/8455/84 2822/8449/84 2821/8446/84
f 2822/8450/700 2817/8435/700 2818/8438/700 2821/8447/700
f 2823/8453/701 2820/8444/701 2819/8441/701 2824/8456/701
