# Blender 3.3.21
# www.blender.org
mtllib fmtv.mtl
o w4
v 0.868525 0.252210 2.060714
v 0.868525 0.252210 2.603182
v 0.868525 -0.004575 2.060714
v 0.868525 -0.004575 2.603182
v 1.323720 0.252210 2.603182
v 1.323720 0.252210 2.060714
v 1.323720 -0.004575 2.603182
v 1.323720 -0.004575 2.060714
v 0.868525 0.894779 2.720243
v 0.868525 0.894779 2.987676
v 0.868525 0.379919 2.720243
v 0.868525 0.379919 2.987676
v 1.323720 0.894779 2.987675
v 1.323720 0.894779 2.720244
v 1.323720 0.379919 2.987675
v 1.323720 0.379919 2.720244
v 0.868009 0.177138 2.421471
v 0.868008 0.561632 2.805963
v 0.868009 -0.005349 2.603957
v 0.868008 0.379145 2.988449
v 1.324494 0.561632 2.805964
v 1.324495 0.177138 2.421470
v 1.324494 0.379145 2.988449
v 1.324494 -0.005349 2.603956
v 0.868009 1.280047 2.603957
v 0.868008 0.895553 2.988449
v 0.868009 1.097561 2.421471
v 0.868008 0.713066 2.805963
v 1.324494 0.895553 2.988449
v 1.324494 1.280047 2.603956
v 1.324494 0.713066 2.805964
v 1.324495 1.097561 2.421470
v 0.868525 1.279273 2.060714
v 0.868525 1.279273 2.603183
v 0.868525 1.022488 2.060714
v 0.868525 1.022488 2.603182
v 1.323720 1.279273 2.603183
v 1.323720 1.279273 2.060715
v 1.323720 1.022488 2.603182
v 1.323720 1.022488 2.060714
v 0.868525 0.894779 1.676222
v 0.868525 0.894779 1.943653
v 0.868525 0.379919 1.676222
v 0.868525 0.379919 1.943653
v 1.323720 0.894779 1.943653
v 1.323720 0.894779 1.676222
v 1.323720 0.379919 1.943653
v 1.323720 0.379919 1.676222
v 0.868009 0.561632 1.857933
v 0.868009 0.177138 2.242426
v 0.868009 0.379145 1.675447
v 0.868009 -0.005349 2.059940
v 1.324494 0.177138 2.242426
v 1.324494 0.561632 1.857933
v 1.324494 -0.005349 2.059940
v 1.324495 0.379145 1.675447
v 0.868009 0.895553 1.675447
v 0.868009 1.280047 2.059940
v 0.868009 0.713067 1.857933
v 0.868009 1.097561 2.242426
v 1.324494 1.280047 2.059940
v 1.324495 0.895553 1.675447
v 1.324494 1.097561 2.242426
v 1.324494 0.713067 1.857933
v 0.859492 0.382497 2.158339
v 0.859492 0.382497 2.500081
v 0.859492 0.253202 2.158339
v 0.859492 0.253202 2.500081
v 1.251717 0.382497 2.500082
v 1.251717 0.382497 2.158339
v 1.251717 0.253202 2.500082
v 1.251717 0.253202 2.158339
v 1.060806 0.920181 2.000100
v 1.060805 0.920181 2.604764
v 1.060806 0.368045 2.000100
v 1.060805 0.368045 2.604764
v 1.191070 0.920181 2.604764
v 1.191071 0.920181 2.000100
v 1.191070 0.368045 2.604764
v 1.191071 0.368045 2.000100
v 0.859620 0.342522 2.406496
v 0.859620 0.564460 2.628434
v 0.859620 0.251279 2.497739
v 0.859620 0.473217 2.719676
v 1.251587 0.564460 2.628434
v 1.251587 0.342522 2.406497
v 1.251586 0.473217 2.719677
v 1.251587 0.251279 2.497739
v 0.859493 0.799934 2.598173
v 0.859493 0.799934 2.719711
v 0.859493 0.470428 2.598173
v 0.859493 0.470428 2.719711
v 1.251717 0.799934 2.719712
v 1.251717 0.799934 2.598174
v 1.251717 0.470428 2.719712
v 1.251717 0.470428 2.598174
v 1.117696 0.730770 2.241233
v 1.117696 0.730770 2.421885
v 1.117696 0.550117 2.241233
v 1.117696 0.550117 2.421885
v 1.251589 0.730770 2.421885
v 1.251589 0.730770 2.241234
v 1.251589 0.550117 2.421885
v 1.251589 0.550117 2.241234
v 0.859620 1.021678 2.498651
v 0.859620 0.799597 2.720732
v 0.859619 0.930435 2.407408
v 0.859620 0.708354 2.629490
v 1.251587 0.799597 2.720733
v 1.251587 1.021678 2.498652
v 1.251587 0.708354 2.629489
v 1.251587 0.930435 2.407408
v 0.859493 1.021714 2.164589
v 0.859493 1.021714 2.493630
v 0.859493 0.892419 2.164589
v 0.859493 0.892419 2.493630
v 1.251717 1.021714 2.493629
v 1.251717 1.021714 2.164589
v 1.251717 0.892419 2.493629
v 1.251717 0.892419 2.164589
v 0.859620 0.564460 2.032240
v 0.859620 0.342379 2.254319
v 0.859620 0.473217 1.940996
v 0.859620 0.251136 2.163077
v 1.251587 0.342379 2.254319
v 1.251587 0.564460 2.032239
v 1.251587 0.251136 2.163077
v 1.251587 0.473217 1.940996
v 0.859493 0.799934 1.940962
v 0.859493 0.799934 2.062499
v 0.859493 0.470428 1.940962
v 0.859493 0.470428 2.062499
v 1.251718 0.799934 2.062499
v 1.251718 0.799934 1.940962
v 1.251718 0.470428 2.062499
v 1.251718 0.470428 1.940962
v 0.859619 0.799597 1.939942
v 0.859620 1.021678 2.162021
v 0.859620 0.708354 2.031184
v 0.859619 0.930435 2.253264
v 1.251587 1.021678 2.162021
v 1.251587 0.799597 1.939941
v 1.251587 0.930435 2.253265
v 1.251587 0.708354 2.031184
vn -0.0000 -0.0000 1.0000
vn -1.0000 -0.0000 -0.0000
vn -0.0000 -0.0000 -1.0000
vn 1.0000 -0.0000 -0.0000
vn -0.0000 1.0000 -0.0000
vn -0.0000 -1.0000 -0.0000
vn -0.0000 0.7071 0.7071
vn -0.0000 -0.7071 -0.7071
vn -0.0000 0.7071 -0.7071
vn -0.0000 -0.7071 0.7071
vt 0.394531 0.390625
vt 0.130859 0.359375
vt 0.025391 0.427734
vt 0.638672 0.367188
vt 0.412109 0.390625
vt 0.025391 0.410156
vt 0.394531 0.382812
vt 0.130859 0.351562
vt 0.039062 0.427734
vt 0.638672 0.359375
vt 0.412109 0.382812
vt 0.039062 0.410156
vt 0.652344 0.367188
vt 0.609375 0.560547
vt 0.039062 0.410156
vt 0.117188 0.359375
vt 0.626953 0.560547
vt 0.039062 0.427734
vt 0.652344 0.359375
vt 0.609375 0.552734
vt 0.052734 0.410156
vt 0.117188 0.351562
vt 0.626953 0.552734
vt 0.052734 0.427734
vt 0.505859 0.378906
vt 0.474609 0.410156
vt 0.193359 0.359375
vt 0.589844 0.763672
vt 0.513672 0.378906
vt 0.193359 0.351562
vt 0.505859 0.363281
vt 0.474609 0.394531
vt 0.341797 0.359375
vt 0.589844 0.748047
vt 0.513672 0.363281
vt 0.341797 0.351562
vt 0.603516 0.763672
vt 0.513672 0.378906
vt 0.207031 0.351562
vt 0.460938 0.410156
vt 0.521484 0.378906
vt 0.207031 0.359375
vt 0.603516 0.748047
vt 0.513672 0.363281
vt 0.355469 0.351562
vt 0.460938 0.394531
vt 0.521484 0.363281
vt 0.355469 0.359375
vt 0.607422 0.742188
vt 0.652344 0.824219
vt 0.560547 0.593750
vt 0.638672 0.832031
vt 0.625000 0.742188
vt 0.560547 0.576172
vt 0.607422 0.734375
vt 0.652344 0.816406
vt 0.562500 0.763672
vt 0.638672 0.824219
vt 0.625000 0.734375
vt 0.562500 0.746094
vt 0.652344 0.832031
vt 0.601562 0.392578
vt 0.574219 0.576172
vt 0.638672 0.824219
vt 0.619141 0.392578
vt 0.574219 0.593750
vt 0.652344 0.824219
vt 0.601562 0.384766
vt 0.576172 0.746094
vt 0.638672 0.816406
vt 0.619141 0.384766
vt 0.576172 0.763672
vt 0.359375 0.390625
vt 0.652344 0.375000
vt 0.117188 0.429688
vt 0.638672 0.382812
vt 0.376953 0.390625
vt 0.117188 0.412109
vt 0.359375 0.382812
vt 0.652344 0.367188
vt 0.347656 0.429688
vt 0.638672 0.375000
vt 0.376953 0.382812
vt 0.347656 0.412109
vt 0.652344 0.382812
vt 0.376953 0.390625
vt 0.130859 0.412109
vt 0.638672 0.375000
vt 0.394531 0.390625
vt 0.130859 0.429688
vt 0.652344 0.375000
vt 0.376953 0.382812
vt 0.361328 0.412109
vt 0.638672 0.367188
vt 0.394531 0.382812
vt 0.361328 0.429688
vt 0.609375 0.945312
vt 0.652344 0.763672
vt 0.562500 0.517578
vt 0.638672 0.781250
vt 0.626953 0.945312
vt 0.562500 0.500000
vt 0.609375 0.937500
vt 0.652344 0.755859
vt 0.562500 0.500000
vt 0.638672 0.773438
vt 0.626953 0.937500
vt 0.562500 0.482422
vt 0.652344 0.781250
vt 0.609375 0.937500
vt 0.576172 0.500000
vt 0.638672 0.763672
vt 0.626953 0.937500
vt 0.576172 0.517578
vt 0.652344 0.773438
vt 0.609375 0.929688
vt 0.576172 0.482422
vt 0.638672 0.755859
vt 0.626953 0.929688
vt 0.576172 0.500000
vt 0.541016 0.382812
vt 0.054688 0.410156
vt 0.511719 0.361328
vt 0.027344 0.410156
vt 0.548828 0.382812
vt 0.511719 0.353516
vt 0.541016 0.367188
vt 0.054688 0.394531
vt 0.601562 0.361328
vt 0.027344 0.394531
vt 0.548828 0.367188
vt 0.601562 0.353516
vt 0.041016 0.410156
vt 0.320312 0.380859
vt 0.525391 0.353516
vt 0.041016 0.410156
vt 0.328125 0.380859
vt 0.525391 0.361328
vt 0.041016 0.394531
vt 0.320312 0.365234
vt 0.615234 0.353516
vt 0.041016 0.394531
vt 0.328125 0.365234
vt 0.615234 0.361328
vt 0.609375 0.833984
vt 0.652344 0.527344
vt 0.568359 0.730469
vt 0.638672 0.535156
vt 0.626953 0.833984
vt 0.568359 0.712891
vt 0.609375 0.826172
vt 0.652344 0.519531
vt 0.568359 0.712891
vt 0.638672 0.527344
vt 0.626953 0.826172
vt 0.568359 0.695312
vt 0.652344 0.535156
vt 0.609375 0.826172
vt 0.582031 0.712891
vt 0.638672 0.527344
vt 0.626953 0.826172
vt 0.582031 0.730469
vt 0.652344 0.527344
vt 0.609375 0.818359
vt 0.582031 0.695312
vt 0.638672 0.519531
vt 0.626953 0.818359
vt 0.582031 0.712891
vt 0.609375 0.880859
vt 0.652344 0.570312
vt 0.564453 0.482422
vt 0.638672 0.755859
vt 0.626953 0.880859
vt 0.564453 0.464844
vt 0.609375 0.873047
vt 0.652344 0.562500
vt 0.558594 0.433594
vt 0.638672 0.748047
vt 0.626953 0.873047
vt 0.558594 0.416016
vt 0.652344 0.755859
vt 0.609375 0.873047
vt 0.578125 0.464844
vt 0.638672 0.570312
vt 0.626953 0.873047
vt 0.578125 0.482422
vt 0.652344 0.748047
vt 0.609375 0.865234
vt 0.572266 0.416016
vt 0.638672 0.562500
vt 0.626953 0.865234
vt 0.572266 0.433594
vt 0.660156 0.494141
vt 0.626953 0.345703
vt 0.458984 0.763672
vt 0.636719 0.644531
vt 0.669922 0.494141
vt 0.458984 0.753906
vt 0.660156 0.490234
vt 0.626953 0.341797
vt 0.447266 0.531250
vt 0.636719 0.640625
vt 0.669922 0.490234
vt 0.447266 0.521484
vt 0.648438 0.644531
vt 0.660156 0.490234
vt 0.470703 0.753906
vt 0.615234 0.345703
vt 0.669922 0.490234
vt 0.470703 0.763672
vt 0.648438 0.640625
vt 0.660156 0.486328
vt 0.458984 0.521484
vt 0.615234 0.341797
vt 0.669922 0.486328
vt 0.458984 0.531250
vt 0.537109 0.988281
vt 0.076172 0.345703
vt 0.326172 0.347656
vt 0.068359 0.345703
vt 0.556641 0.988281
vt 0.326172 0.328125
vt 0.537109 0.970703
vt 0.076172 0.328125
vt 0.468750 0.347656
vt 0.068359 0.328125
vt 0.556641 0.970703
vt 0.468750 0.328125
vt 0.072266 0.345703
vt 0.537109 0.880859
vt 0.330078 0.328125
vt 0.072266 0.345703
vt 0.556641 0.880859
vt 0.330078 0.347656
vt 0.072266 0.328125
vt 0.537109 0.863281
vt 0.472656 0.328125
vt 0.072266 0.328125
vt 0.556641 0.863281
vt 0.472656 0.347656
vt 0.662109 0.791016
vt 0.667969 0.865234
vt 0.060547 0.373047
vt 0.656250 0.869141
vt 0.671875 0.791016
vt 0.060547 0.363281
vt 0.662109 0.787109
vt 0.667969 0.861328
vt 0.626953 0.939453
vt 0.656250 0.865234
vt 0.671875 0.787109
vt 0.626953 0.929688
vt 0.667969 0.869141
vt 0.662109 0.787109
vt 0.072266 0.363281
vt 0.656250 0.865234
vt 0.671875 0.787109
vt 0.072266 0.373047
vt 0.667969 0.865234
vt 0.662109 0.783203
vt 0.638672 0.929688
vt 0.656250 0.861328
vt 0.671875 0.783203
vt 0.638672 0.939453
vt 0.148438 0.337891
vt 0.095703 0.373047
vt 0.656250 0.849609
vt 0.072266 0.373047
vt 0.152344 0.337891
vt 0.656250 0.845703
vt 0.148438 0.328125
vt 0.095703 0.363281
vt 0.656250 0.845703
vt 0.072266 0.363281
vt 0.152344 0.328125
vt 0.656250 0.841797
vt 0.083984 0.373047
vt 0.248047 0.337891
vt 0.667969 0.845703
vt 0.083984 0.373047
vt 0.251953 0.337891
vt 0.667969 0.849609
vt 0.083984 0.363281
vt 0.248047 0.328125
vt 0.667969 0.841797
vt 0.083984 0.363281
vt 0.251953 0.328125
vt 0.667969 0.845703
vt 0.400391 0.332031
vt 0.673828 0.451172
vt 0.669922 0.445312
vt 0.539062 0.330078
vt 0.406250 0.332031
vt 0.669922 0.439453
vt 0.400391 0.326172
vt 0.673828 0.445312
vt 0.669922 0.439453
vt 0.539062 0.324219
vt 0.406250 0.326172
vt 0.669922 0.433594
vt 0.542969 0.330078
vt 0.667969 0.552734
vt 0.673828 0.439453
vt 0.669922 0.451172
vt 0.673828 0.552734
vt 0.673828 0.445312
vt 0.542969 0.324219
vt 0.667969 0.546875
vt 0.673828 0.433594
vt 0.669922 0.445312
vt 0.673828 0.546875
vt 0.673828 0.439453
vt 0.601562 0.339844
vt 0.048828 0.343750
vt 0.623047 0.972656
vt 0.025391 0.343750
vt 0.611328 0.339844
vt 0.623047 0.962891
vt 0.601562 0.335938
vt 0.048828 0.339844
vt 0.625000 0.746094
vt 0.025391 0.339844
vt 0.611328 0.335938
vt 0.625000 0.736328
vt 0.037109 0.343750
vt 0.660156 0.351562
vt 0.634766 0.962891
vt 0.037109 0.343750
vt 0.669922 0.351562
vt 0.634766 0.972656
vt 0.037109 0.339844
vt 0.660156 0.347656
vt 0.636719 0.736328
vt 0.037109 0.339844
vt 0.669922 0.347656
vt 0.636719 0.746094
vt 0.660156 0.476562
vt 0.025391 0.343750
vt 0.562500 0.576172
vt 0.656250 0.998047
vt 0.669922 0.476562
vt 0.562500 0.566406
vt 0.660156 0.472656
vt 0.025391 0.339844
vt 0.167969 0.390625
vt 0.656250 0.994141
vt 0.669922 0.472656
vt 0.167969 0.380859
vt 0.667969 0.998047
vt 0.591797 0.339844
vt 0.574219 0.566406
vt 0.013672 0.343750
vt 0.601562 0.339844
vt 0.574219 0.576172
vt 0.667969 0.994141
vt 0.591797 0.335938
vt 0.179688 0.380859
vt 0.013672 0.339844
vt 0.601562 0.335938
vt 0.179688 0.390625
vt 0.662109 0.988281
vt 0.667969 0.873047
vt 0.589844 0.375000
vt 0.656250 0.876953
vt 0.671875 0.988281
vt 0.589844 0.365234
vt 0.662109 0.984375
vt 0.667969 0.869141
vt 0.626953 0.949219
vt 0.656250 0.873047
vt 0.671875 0.984375
vt 0.626953 0.939453
vt 0.667969 0.876953
vt 0.662109 0.910156
vt 0.601562 0.365234
vt 0.656250 0.873047
vt 0.671875 0.910156
vt 0.601562 0.375000
vt 0.667969 0.873047
vt 0.662109 0.906250
vt 0.638672 0.939453
vt 0.656250 0.869141
vt 0.671875 0.906250
vt 0.638672 0.949219
vt 0.611328 0.339844
vt 0.589844 0.375000
vt 0.117188 0.343750
vt 0.554688 0.375000
vt 0.615234 0.339844
vt 0.117188 0.339844
vt 0.611328 0.330078
vt 0.589844 0.365234
vt 0.656250 0.880859
vt 0.554688 0.365234
vt 0.615234 0.330078
vt 0.656250 0.876953
vt 0.566406 0.375000
vt 0.662109 0.919922
vt 0.128906 0.339844
vt 0.578125 0.375000
vt 0.666016 0.919922
vt 0.128906 0.343750
vt 0.566406 0.365234
vt 0.662109 0.910156
vt 0.667969 0.876953
vt 0.578125 0.365234
vt 0.666016 0.910156
vt 0.667969 0.880859
vt 0.656250 0.339844
vt 0.667969 0.894531
vt 0.476562 0.375000
vt 0.656250 0.898438
vt 0.666016 0.339844
vt 0.476562 0.365234
vt 0.656250 0.335938
vt 0.667969 0.890625
vt 0.488281 0.375000
vt 0.656250 0.894531
vt 0.666016 0.335938
vt 0.488281 0.365234
vt 0.667969 0.898438
vt 0.662109 0.992188
vt 0.488281 0.365234
vt 0.656250 0.894531
vt 0.671875 0.992188
vt 0.488281 0.375000
vt 0.667969 0.894531
vt 0.662109 0.988281
vt 0.500000 0.365234
vt 0.656250 0.890625
vt 0.671875 0.988281
vt 0.500000 0.375000
s 1
usemtl fmtv_tex_1.png.001
f 4/10/1 7/19/1 5/13/1 2/4/1
f 3/7/2 4/11/2 2/5/2 1/1/2
f 8/22/3 3/8/3 1/2/3 6/16/3
f 7/20/4 8/23/4 6/17/4 5/14/4
f 6/18/5 1/3/5 2/6/5 5/15/5
f 7/21/6 4/12/6 3/9/6 8/24/6
f 12/34/1 15/43/1 13/37/1 10/28/1
f 11/31/2 12/35/2 10/29/2 9/25/2
f 16/46/3 11/32/3 9/26/3 14/40/3
f 15/44/4 16/47/4 14/41/4 13/38/4
f 14/42/5 9/27/5 10/30/5 13/39/5
f 15/45/6 12/36/6 11/33/6 16/48/6
f 20/58/7 23/67/7 21/61/7 18/52/7
f 19/55/2 20/59/2 18/53/2 17/49/2
f 24/70/8 19/56/8 17/50/8 22/64/8
f 23/68/4 24/71/4 22/65/4 21/62/4
f 22/66/9 17/51/9 18/54/9 21/63/9
f 23/69/10 20/60/10 19/57/10 24/72/10
f 28/82/10 31/91/10 29/85/10 26/76/10
f 27/79/2 28/83/2 26/77/2 25/73/2
f 32/94/9 27/80/9 25/74/9 30/88/9
f 31/92/4 32/95/4 30/89/4 29/86/4
f 30/90/7 25/75/7 26/78/7 29/87/7
f 31/93/8 28/84/8 27/81/8 32/96/8
f 36/106/1 39/115/1 37/109/1 34/100/1
f 35/103/2 36/107/2 34/101/2 33/97/2
f 40/118/3 35/104/3 33/98/3 38/112/3
f 39/116/4 40/119/4 38/113/4 37/110/4
f 38/114/5 33/99/5 34/102/5 37/111/5
f 39/117/6 36/108/6 35/105/6 40/120/6
f 44/130/1 47/139/1 45/133/1 42/124/1
f 43/127/2 44/131/2 42/125/2 41/121/2
f 48/142/3 43/128/3 41/122/3 46/136/3
f 47/140/4 48/143/4 46/137/4 45/134/4
f 46/138/5 41/123/5 42/126/5 45/135/5
f 47/141/6 44/132/6 43/129/6 48/144/6
f 52/154/10 55/163/10 53/157/10 50/148/10
f 51/151/2 52/155/2 50/149/2 49/145/2
f 56/166/9 51/152/9 49/146/9 54/160/9
f 55/164/4 56/167/4 54/161/4 53/158/4
f 54/162/7 49/147/7 50/150/7 53/159/7
f 55/165/8 52/156/8 51/153/8 56/168/8
f 60/178/7 63/187/7 61/181/7 58/172/7
f 59/175/2 60/179/2 58/173/2 57/169/2
f 64/190/8 59/176/8 57/170/8 62/184/8
f 63/188/4 64/191/4 62/185/4 61/182/4
f 62/186/9 57/171/9 58/174/9 61/183/9
f 63/189/10 60/180/10 59/177/10 64/192/10
f 68/202/1 71/211/1 69/205/1 66/196/1
f 67/199/2 68/203/2 66/197/2 65/193/2
f 72/214/3 67/200/3 65/194/3 70/208/3
f 71/212/4 72/215/4 70/209/4 69/206/4
f 70/210/5 65/195/5 66/198/5 69/207/5
f 71/213/6 68/204/6 67/201/6 72/216/6
f 76/226/1 79/235/1 77/229/1 74/220/1
f 75/223/2 76/227/2 74/221/2 73/217/2
f 80/238/3 75/224/3 73/218/3 78/232/3
f 79/236/4 80/239/4 78/233/4 77/230/4
f 78/234/5 73/219/5 74/222/5 77/231/5
f 79/237/6 76/228/6 75/225/6 80/240/6
f 84/250/7 87/259/7 85/253/7 82/244/7
f 83/247/2 84/251/2 82/245/2 81/241/2
f 88/262/8 83/248/8 81/242/8 86/256/8
f 87/260/4 88/263/4 86/257/4 85/254/4
f 86/258/9 81/243/9 82/246/9 85/255/9
f 87/261/10 84/252/10 83/249/10 88/264/10
f 92/274/1 95/283/1 93/277/1 90/268/1
f 91/271/2 92/275/2 90/269/2 89/265/2
f 96/286/3 91/272/3 89/266/3 94/280/3
f 95/284/4 96/287/4 94/281/4 93/278/4
f 94/282/5 89/267/5 90/270/5 93/279/5
f 95/285/6 92/276/6 91/273/6 96/288/6
f 100/298/1 103/307/1 101/301/1 98/292/1
f 99/295/2 100/299/2 98/293/2 97/289/2
f 104/310/3 99/296/3 97/290/3 102/304/3
f 103/308/4 104/311/4 102/305/4 101/302/4
f 102/306/5 97/291/5 98/294/5 101/303/5
f 103/309/6 100/300/6 99/297/6 104/312/6
f 108/322/10 111/331/10 109/325/10 106/316/10
f 107/319/2 108/323/2 106/317/2 105/313/2
f 112/334/9 107/320/9 105/314/9 110/328/9
f 111/332/4 112/335/4 110/329/4 109/326/4
f 110/330/7 105/315/7 106/318/7 109/327/7
f 111/333/8 108/324/8 107/321/8 112/336/8
f 116/346/1 119/355/1 117/349/1 114/340/1
f 115/343/2 116/347/2 114/341/2 113/337/2
f 120/358/3 115/344/3 113/338/3 118/352/3
f 119/356/4 120/359/4 118/353/4 117/350/4
f 118/354/5 113/339/5 114/342/5 117/351/5
f 119/357/6 116/348/6 115/345/6 120/360/6
f 124/370/10 127/379/10 125/373/10 122/364/10
f 123/367/2 124/371/2 122/365/2 121/361/2
f 128/382/9 123/368/9 121/362/9 126/376/9
f 127/380/4 128/383/4 126/377/4 125/374/4
f 126/378/7 121/363/7 122/366/7 125/375/7
f 127/381/8 124/372/8 123/369/8 128/384/8
f 132/394/1 135/403/1 133/397/1 130/388/1
f 131/391/2 132/395/2 130/389/2 129/385/2
f 136/406/3 131/392/3 129/386/3 134/400/3
f 135/404/4 136/407/4 134/401/4 133/398/4
f 134/402/5 129/387/5 130/390/5 133/399/5
f 135/405/6 132/396/6 131/393/6 136/408/6
f 140/418/7 143/427/7 141/421/7 138/412/7
f 139/415/2 140/419/2 138/413/2 137/409/2
f 144/430/8 139/416/8 137/410/8 142/424/8
f 143/428/4 144/431/4 142/425/4 141/422/4
f 142/426/9 137/411/9 138/414/9 141/423/9
f 143/429/10 140/420/10 139/417/10 144/432/10
o w2
v -1.305744 0.177138 -1.141015
v -1.305745 0.561632 -0.756523
v -1.305745 -0.005349 -0.958530
v -1.305745 0.379146 -0.574037
v -0.849259 0.561632 -0.756523
v -0.849259 0.177138 -1.141015
v -0.849260 0.379146 -0.574037
v -0.849259 -0.005349 -0.958529
v -1.304971 1.279274 -1.501771
v -1.304971 1.279274 -0.959304
v -1.304971 1.022489 -1.501771
v -1.304971 1.022489 -0.959304
v -0.849775 1.279274 -0.959304
v -0.849776 1.279274 -1.501771
v -0.849775 1.022489 -0.959304
v -0.849776 1.022489 -1.501771
v -1.305744 0.895554 -1.887038
v -1.305745 1.280048 -1.502545
v -1.305745 0.713067 -1.704552
v -1.305744 1.097561 -1.320060
v -0.849259 1.280048 -1.502545
v -0.849259 0.895554 -1.887037
v -0.849259 1.097561 -1.320060
v -0.849259 0.713067 -1.704552
v -1.305745 0.561632 -1.704552
v -1.305744 0.177138 -1.320060
v -1.305744 0.379146 -1.887038
v -1.305745 -0.005348 -1.502545
v -0.849259 0.177138 -1.320060
v -0.849259 0.561632 -1.704552
v -0.849259 -0.005348 -1.502545
v -0.849259 0.379146 -1.887037
v -1.304971 0.894780 -1.886263
v -1.304970 0.894779 -1.618831
v -1.304971 0.379920 -1.886263
v -1.304970 0.379920 -1.618831
v -0.849776 0.894779 -1.618832
v -0.849775 0.894780 -1.886263
v -0.849776 0.379920 -1.618832
v -0.849775 0.379920 -1.886263
v -1.305745 1.280048 -0.958530
v -1.305745 0.895554 -0.574037
v -1.305744 1.097561 -1.141015
v -1.305745 0.713067 -0.756523
v -0.849260 0.895554 -0.574037
v -0.849259 1.280048 -0.958529
v -0.849259 0.713067 -0.756523
v -0.849259 1.097561 -1.141015
v -1.304971 0.252210 -1.501771
v -1.304971 0.252210 -0.959304
v -1.304971 -0.004574 -1.501771
v -1.304971 -0.004574 -0.959304
v -0.849775 0.252210 -0.959304
v -0.849776 0.252210 -1.501771
v -0.849775 -0.004574 -0.959304
v -0.849776 -0.004574 -1.501771
v -1.304971 0.894779 -0.842243
v -1.304971 0.894779 -0.574811
v -1.304971 0.379920 -0.842243
v -1.304971 0.379920 -0.574811
v -0.849775 0.894779 -0.574811
v -0.849775 0.894779 -0.842243
v -0.849775 0.379920 -0.574811
v -0.849775 0.379920 -0.842243
v -1.232968 0.382498 -1.404147
v -1.232968 0.382498 -1.062404
v -1.232968 0.253202 -1.404147
v -1.232968 0.253202 -1.062404
v -0.840743 0.382498 -1.062404
v -0.840743 0.382498 -1.404147
v -0.840743 0.253202 -1.062404
v -0.840743 0.253202 -1.404147
v -1.172320 0.920182 -1.556135
v -1.172320 0.920182 -0.951472
v -1.172320 0.368046 -1.556135
v -1.172320 0.368046 -0.951472
v -1.042056 0.920182 -0.951472
v -1.042056 0.920182 -1.556135
v -1.042056 0.368046 -0.951472
v -1.042056 0.368046 -1.556135
v -1.232968 1.021715 -1.397897
v -1.232968 1.021715 -1.068856
v -1.232968 0.892419 -1.397897
v -1.232968 0.892419 -1.068856
v -0.840743 1.021715 -1.068856
v -0.840743 1.021715 -1.397897
v -0.840743 0.892419 -1.068856
v -0.840743 0.892419 -1.397897
v -1.232837 1.021679 -1.063834
v -1.232837 0.799598 -0.841754
v -1.232837 0.930436 -1.155077
v -1.232837 0.708355 -0.932997
v -0.840870 0.799598 -0.841754
v -0.840870 1.021679 -1.063834
v -0.840870 0.708355 -0.932997
v -0.840870 0.930436 -1.155077
v -1.232837 0.799598 -1.622544
v -1.232837 1.021679 -1.400464
v -1.232837 0.708355 -1.531301
v -1.232837 0.930436 -1.309221
v -0.840870 1.021679 -1.400464
v -0.840870 0.799598 -1.622544
v -0.840870 0.930436 -1.309221
v -0.840870 0.708355 -1.531301
v -1.232968 0.799935 -1.621523
v -1.232968 0.799935 -1.499986
v -1.232968 0.470429 -1.621523
v -1.232968 0.470429 -1.499986
v -0.840743 0.799935 -1.499986
v -0.840743 0.799935 -1.621523
v -0.840743 0.470429 -1.499986
v -0.840743 0.470429 -1.621523
v -1.232837 0.564461 -1.530246
v -1.232837 0.342380 -1.308166
v -1.232837 0.473218 -1.621489
v -1.232837 0.251137 -1.399409
v -0.840870 0.342380 -1.308166
v -0.840870 0.564461 -1.530246
v -0.840870 0.251137 -1.399409
v -0.840870 0.473218 -1.621489
v -1.232838 0.730770 -1.321252
v -1.232839 0.730770 -1.140601
v -1.232838 0.550118 -1.321252
v -1.232839 0.550118 -1.140601
v -1.098946 0.730770 -1.140601
v -1.098945 0.730770 -1.321252
v -1.098946 0.550118 -1.140601
v -1.098945 0.550118 -1.321252
v -1.232837 0.342522 -1.155990
v -1.232837 0.564461 -0.934052
v -1.232837 0.251279 -1.064747
v -1.232837 0.473218 -0.842809
v -0.840870 0.564461 -0.934052
v -0.840870 0.342522 -1.155990
v -0.840870 0.473218 -0.842809
v -0.840870 0.251279 -1.064746
v -1.232968 0.799934 -0.964312
v -1.232968 0.799934 -0.842775
v -1.232968 0.470429 -0.964312
v -1.232968 0.470429 -0.842775
v -0.840743 0.799934 -0.842774
v -0.840743 0.799934 -0.964312
v -0.840743 0.470429 -0.842774
v -0.840743 0.470429 -0.964312
vn -0.0000 0.7071 0.7071
vn -1.0000 -0.0000 -0.0000
vn -0.0000 -0.7071 -0.7071
vn 1.0000 -0.0000 -0.0000
vn -0.0000 0.7071 -0.7071
vn -0.0000 -0.7071 0.7071
vn -0.0000 -0.0000 1.0000
vn -0.0000 -0.0000 -1.0000
vn -0.0000 1.0000 -0.0000
vn -0.0000 -1.0000 -0.0000
vt 0.488281 0.390625
vt 0.382812 0.359375
vt 0.572266 0.683594
vt 0.355469 0.359375
vt 0.505859 0.390625
vt 0.572266 0.666016
vt 0.488281 0.382812
vt 0.382812 0.351562
vt 0.572266 0.636719
vt 0.355469 0.351562
vt 0.505859 0.382812
vt 0.572266 0.619141
vt 0.369141 0.359375
vt 0.019531 0.386719
vt 0.585938 0.666016
vt 0.369141 0.359375
vt 0.037109 0.386719
vt 0.585938 0.683594
vt 0.369141 0.351562
vt 0.019531 0.378906
vt 0.585938 0.619141
vt 0.369141 0.351562
vt 0.037109 0.378906
vt 0.585938 0.636719
vt 0.037109 0.386719
vt 0.654297 0.560547
vt 0.572266 0.548828
vt 0.382812 0.359375
vt 0.054688 0.386719
vt 0.572266 0.531250
vt 0.037109 0.378906
vt 0.654297 0.552734
vt 0.464844 0.427734
vt 0.382812 0.351562
vt 0.054688 0.378906
vt 0.464844 0.410156
vt 0.396484 0.359375
vt 0.613281 0.845703
vt 0.585938 0.531250
vt 0.640625 0.560547
vt 0.630859 0.845703
vt 0.585938 0.548828
vt 0.396484 0.351562
vt 0.613281 0.837891
vt 0.478516 0.410156
vt 0.640625 0.552734
vt 0.630859 0.837891
vt 0.478516 0.427734
vt 0.613281 0.734375
vt 0.654297 0.417969
vt 0.572266 0.464844
vt 0.447266 0.359375
vt 0.630859 0.734375
vt 0.572266 0.447266
vt 0.613281 0.726562
vt 0.654297 0.410156
vt 0.541016 0.427734
vt 0.447266 0.351562
vt 0.630859 0.726562
vt 0.541016 0.410156
vt 0.460938 0.359375
vt 0.613281 0.726562
vt 0.585938 0.447266
vt 0.640625 0.417969
vt 0.630859 0.726562
vt 0.585938 0.464844
vt 0.460938 0.351562
vt 0.613281 0.718750
vt 0.554688 0.410156
vt 0.640625 0.410156
vt 0.630859 0.718750
vt 0.554688 0.427734
vt 0.613281 0.718750
vt 0.628906 0.359375
vt 0.572266 0.447266
vt 0.640625 0.410156
vt 0.630859 0.718750
vt 0.572266 0.429688
vt 0.613281 0.710938
vt 0.628906 0.351562
vt 0.572266 0.429688
vt 0.640625 0.402344
vt 0.630859 0.710938
vt 0.572266 0.412109
vt 0.654297 0.410156
vt 0.613281 0.710938
vt 0.585938 0.429688
vt 0.615234 0.359375
vt 0.630859 0.710938
vt 0.585938 0.447266
vt 0.654297 0.402344
vt 0.613281 0.703125
vt 0.585938 0.412109
vt 0.615234 0.351562
vt 0.630859 0.703125
vt 0.585938 0.429688
vt 0.619141 0.378906
vt 0.603516 0.519531
vt 0.628906 0.359375
vt 0.589844 0.535156
vt 0.626953 0.378906
vt 0.628906 0.351562
vt 0.619141 0.363281
vt 0.603516 0.503906
vt 0.642578 1.000000
vt 0.589844 0.519531
vt 0.626953 0.363281
vt 0.642578 0.992188
vt 0.603516 0.535156
vt 0.623047 1.000000
vt 0.642578 0.351562
vt 0.589844 0.519531
vt 0.630859 1.000000
vt 0.642578 0.359375
vt 0.603516 0.519531
vt 0.623047 0.984375
vt 0.656250 0.992188
vt 0.589844 0.503906
vt 0.630859 0.984375
vt 0.656250 1.000000
vt 0.613281 0.664062
vt 0.656250 0.849609
vt 0.574219 0.937500
vt 0.642578 0.898438
vt 0.630859 0.664062
vt 0.574219 0.919922
vt 0.613281 0.656250
vt 0.656250 0.841797
vt 0.072266 0.425781
vt 0.642578 0.890625
vt 0.630859 0.656250
vt 0.072266 0.408203
vt 0.656250 0.898438
vt 0.505859 0.386719
vt 0.587891 0.919922
vt 0.642578 0.849609
vt 0.523438 0.386719
vt 0.587891 0.937500
vt 0.656250 0.890625
vt 0.505859 0.378906
vt 0.085938 0.408203
vt 0.642578 0.841797
vt 0.523438 0.378906
vt 0.085938 0.425781
vt 0.613281 0.480469
vt 0.656250 0.736328
vt 0.085938 0.425781
vt 0.642578 0.808594
vt 0.630859 0.480469
vt 0.085938 0.408203
vt 0.613281 0.472656
vt 0.656250 0.728516
vt 0.574219 0.880859
vt 0.642578 0.800781
vt 0.630859 0.472656
vt 0.574219 0.863281
vt 0.656250 0.808594
vt 0.615234 0.695312
vt 0.099609 0.408203
vt 0.642578 0.736328
vt 0.632812 0.695312
vt 0.099609 0.425781
vt 0.656250 0.800781
vt 0.615234 0.687500
vt 0.587891 0.863281
vt 0.642578 0.728516
vt 0.632812 0.687500
vt 0.587891 0.880859
vt 0.623047 0.898438
vt 0.605469 1.000000
vt 0.642578 0.728516
vt 0.541016 0.410156
vt 0.630859 0.898438
vt 0.642578 0.720703
vt 0.623047 0.882812
vt 0.605469 0.984375
vt 0.642578 0.720703
vt 0.541016 0.394531
vt 0.630859 0.882812
vt 0.642578 0.712891
vt 0.554688 0.410156
vt 0.623047 0.683594
vt 0.656250 0.720703
vt 0.591797 1.000000
vt 0.630859 0.683594
vt 0.656250 0.728516
vt 0.554688 0.394531
vt 0.623047 0.667969
vt 0.656250 0.712891
vt 0.591797 0.984375
vt 0.630859 0.667969
vt 0.656250 0.720703
vt 0.662109 0.767578
vt 0.667969 0.835938
vt 0.095703 0.373047
vt 0.656250 0.839844
vt 0.671875 0.767578
vt 0.095703 0.363281
vt 0.662109 0.763672
vt 0.667969 0.832031
vt 0.626953 0.880859
vt 0.656250 0.835938
vt 0.671875 0.763672
vt 0.626953 0.871094
vt 0.667969 0.839844
vt 0.662109 0.746094
vt 0.107422 0.363281
vt 0.656250 0.835938
vt 0.671875 0.746094
vt 0.107422 0.373047
vt 0.667969 0.835938
vt 0.662109 0.742188
vt 0.638672 0.871094
vt 0.656250 0.832031
vt 0.671875 0.742188
vt 0.638672 0.880859
vt 0.425781 0.460938
vt 0.083984 0.345703
vt 0.472656 0.347656
vt 0.076172 0.345703
vt 0.445312 0.460938
vt 0.472656 0.328125
vt 0.425781 0.443359
vt 0.083984 0.328125
vt 0.476562 0.347656
vt 0.076172 0.328125
vt 0.445312 0.443359
vt 0.476562 0.328125
vt 0.080078 0.345703
vt 0.060547 0.458984
vt 0.476562 0.328125
vt 0.080078 0.345703
vt 0.080078 0.458984
vt 0.476562 0.347656
vt 0.080078 0.328125
vt 0.060547 0.441406
vt 0.480469 0.328125
vt 0.080078 0.328125
vt 0.080078 0.441406
vt 0.480469 0.347656
vt 0.662109 0.742188
vt 0.667969 0.828125
vt 0.132812 0.373047
vt 0.656250 0.832031
vt 0.671875 0.742188
vt 0.132812 0.363281
vt 0.662109 0.738281
vt 0.667969 0.824219
vt 0.144531 0.373047
vt 0.656250 0.828125
vt 0.671875 0.738281
vt 0.144531 0.363281
vt 0.667969 0.832031
vt 0.662109 0.669922
vt 0.144531 0.363281
vt 0.656250 0.828125
vt 0.671875 0.669922
vt 0.144531 0.373047
vt 0.667969 0.828125
vt 0.662109 0.666016
vt 0.156250 0.363281
vt 0.656250 0.824219
vt 0.671875 0.666016
vt 0.156250 0.373047
vt 0.662109 0.666016
vt 0.667969 0.808594
vt 0.626953 0.837891
vt 0.656250 0.824219
vt 0.671875 0.666016
vt 0.626953 0.828125
vt 0.662109 0.662109
vt 0.667969 0.804688
vt 0.626953 0.828125
vt 0.656250 0.820312
vt 0.671875 0.662109
vt 0.626953 0.818359
vt 0.667969 0.824219
vt 0.662109 0.662109
vt 0.638672 0.828125
vt 0.656250 0.808594
vt 0.671875 0.662109
vt 0.638672 0.837891
vt 0.667969 0.820312
vt 0.662109 0.658203
vt 0.638672 0.818359
vt 0.656250 0.804688
vt 0.671875 0.658203
vt 0.638672 0.828125
vt 0.662109 0.658203
vt 0.667969 0.804688
vt 0.218750 0.373047
vt 0.193359 0.343750
vt 0.671875 0.658203
vt 0.218750 0.363281
vt 0.662109 0.654297
vt 0.667969 0.800781
vt 0.230469 0.373047
vt 0.193359 0.339844
vt 0.671875 0.654297
vt 0.230469 0.363281
vt 0.205078 0.343750
vt 0.662109 0.654297
vt 0.230469 0.363281
vt 0.656250 0.804688
vt 0.671875 0.654297
vt 0.230469 0.373047
vt 0.205078 0.339844
vt 0.662109 0.650391
vt 0.242188 0.363281
vt 0.656250 0.800781
vt 0.671875 0.650391
vt 0.242188 0.373047
vt 0.296875 0.337891
vt 0.281250 0.373047
vt 0.656250 0.736328
vt 0.242188 0.373047
vt 0.300781 0.337891
vt 0.656250 0.732422
vt 0.296875 0.328125
vt 0.281250 0.363281
vt 0.656250 0.732422
vt 0.242188 0.363281
vt 0.300781 0.328125
vt 0.656250 0.728516
vt 0.253906 0.373047
vt 0.662109 0.599609
vt 0.667969 0.732422
vt 0.269531 0.373047
vt 0.666016 0.599609
vt 0.667969 0.736328
vt 0.253906 0.363281
vt 0.662109 0.589844
vt 0.667969 0.728516
vt 0.269531 0.363281
vt 0.666016 0.589844
vt 0.667969 0.732422
vt 0.662109 0.650391
vt 0.667969 0.724609
vt 0.302734 0.373047
vt 0.656250 0.728516
vt 0.671875 0.650391
vt 0.302734 0.363281
vt 0.662109 0.646484
vt 0.667969 0.720703
vt 0.419922 0.373047
vt 0.656250 0.724609
vt 0.671875 0.646484
vt 0.419922 0.363281
vt 0.667969 0.728516
vt 0.662109 0.589844
vt 0.314453 0.363281
vt 0.656250 0.724609
vt 0.671875 0.589844
vt 0.314453 0.373047
vt 0.667969 0.724609
vt 0.662109 0.585938
vt 0.431641 0.363281
vt 0.656250 0.720703
vt 0.671875 0.585938
vt 0.431641 0.373047
vt 0.667969 0.509766
vt 0.673828 0.427734
vt 0.611328 0.330078
vt 0.669922 0.433594
vt 0.673828 0.509766
vt 0.611328 0.324219
vt 0.667969 0.503906
vt 0.673828 0.421875
vt 0.615234 0.330078
vt 0.669922 0.427734
vt 0.673828 0.503906
vt 0.615234 0.324219
vt 0.673828 0.433594
vt 0.667969 0.503906
vt 0.615234 0.324219
vt 0.669922 0.427734
vt 0.673828 0.503906
vt 0.615234 0.330078
vt 0.673828 0.427734
vt 0.667969 0.498047
vt 0.619141 0.324219
vt 0.669922 0.421875
vt 0.673828 0.498047
vt 0.619141 0.330078
vt 0.662109 0.585938
vt 0.667969 0.716797
vt 0.431641 0.373047
vt 0.656250 0.720703
vt 0.671875 0.585938
vt 0.431641 0.363281
vt 0.662109 0.582031
vt 0.667969 0.712891
vt 0.566406 0.373047
vt 0.656250 0.716797
vt 0.671875 0.582031
vt 0.566406 0.363281
vt 0.667969 0.720703
vt 0.662109 0.582031
vt 0.443359 0.363281
vt 0.656250 0.716797
vt 0.671875 0.582031
vt 0.443359 0.373047
vt 0.667969 0.716797
vt 0.662109 0.578125
vt 0.578125 0.363281
vt 0.656250 0.712891
vt 0.671875 0.578125
vt 0.578125 0.373047
vt 0.427734 0.337891
vt 0.025391 0.371094
vt 0.656250 0.683594
vt 0.626953 0.378906
vt 0.431641 0.337891
vt 0.656250 0.679688
vt 0.427734 0.328125
vt 0.025391 0.361328
vt 0.656250 0.679688
vt 0.626953 0.369141
vt 0.431641 0.328125
vt 0.656250 0.675781
vt 0.638672 0.378906
vt 0.431641 0.337891
vt 0.667969 0.679688
vt 0.013672 0.371094
vt 0.435547 0.337891
vt 0.667969 0.683594
vt 0.638672 0.369141
vt 0.431641 0.328125
vt 0.667969 0.675781
vt 0.013672 0.361328
vt 0.435547 0.328125
vt 0.667969 0.679688
s 1
usemtl fmtv_tex_1.png.001
f 148/442/11 151/451/11 149/445/11 146/436/11
f 147/439/12 148/443/12 146/437/12 145/433/12
f 152/454/13 147/440/13 145/434/13 150/448/13
f 151/452/14 152/455/14 150/449/14 149/446/14
f 150/450/15 145/435/15 146/438/15 149/447/15
f 151/453/16 148/444/16 147/441/16 152/456/16
f 156/466/17 159/475/17 157/469/17 154/460/17
f 155/463/12 156/467/12 154/461/12 153/457/12
f 160/478/18 155/464/18 153/458/18 158/472/18
f 159/476/14 160/479/14 158/473/14 157/470/14
f 158/474/19 153/459/19 154/462/19 157/471/19
f 159/477/20 156/468/20 155/465/20 160/480/20
f 164/490/11 167/499/11 165/493/11 162/484/11
f 163/487/12 164/491/12 162/485/12 161/481/12
f 168/502/13 163/488/13 161/482/13 166/496/13
f 167/500/14 168/503/14 166/497/14 165/494/14
f 166/498/15 161/483/15 162/486/15 165/495/15
f 167/501/16 164/492/16 163/489/16 168/504/16
f 172/514/16 175/523/16 173/517/16 170/508/16
f 171/511/12 172/515/12 170/509/12 169/505/12
f 176/526/15 171/512/15 169/506/15 174/520/15
f 175/524/14 176/527/14 174/521/14 173/518/14
f 174/522/11 169/507/11 170/510/11 173/519/11
f 175/525/13 172/516/13 171/513/13 176/528/13
f 180/538/17 183/547/17 181/541/17 178/532/17
f 179/535/12 180/539/12 178/533/12 177/529/12
f 184/550/18 179/536/18 177/530/18 182/544/18
f 183/548/14 184/551/14 182/545/14 181/542/14
f 182/546/19 177/531/19 178/534/19 181/543/19
f 183/549/20 180/540/20 179/537/20 184/552/20
f 188/562/16 191/571/16 189/565/16 186/556/16
f 187/559/12 188/563/12 186/557/12 185/553/12
f 192/574/15 187/560/15 185/554/15 190/568/15
f 191/572/14 192/575/14 190/569/14 189/566/14
f 190/570/11 185/555/11 186/558/11 189/567/11
f 191/573/13 188/564/13 187/561/13 192/576/13
f 196/586/17 199/595/17 197/589/17 194/580/17
f 195/583/12 196/587/12 194/581/12 193/577/12
f 200/598/18 195/584/18 193/578/18 198/592/18
f 199/596/14 200/599/14 198/593/14 197/590/14
f 198/594/19 193/579/19 194/582/19 197/591/19
f 199/597/20 196/588/20 195/585/20 200/600/20
f 204/610/17 207/619/17 205/613/17 202/604/17
f 203/607/12 204/611/12 202/605/12 201/601/12
f 208/622/18 203/608/18 201/602/18 206/616/18
f 207/620/14 208/623/14 206/617/14 205/614/14
f 206/618/19 201/603/19 202/606/19 205/615/19
f 207/621/20 204/612/20 203/609/20 208/624/20
f 212/634/17 215/643/17 213/637/17 210/628/17
f 211/631/12 212/635/12 210/629/12 209/625/12
f 216/646/18 211/632/18 209/626/18 214/640/18
f 215/644/14 216/647/14 214/641/14 213/638/14
f 214/642/19 209/627/19 210/630/19 213/639/19
f 215/645/20 212/636/20 211/633/20 216/648/20
f 220/658/17 223/667/17 221/661/17 218/652/17
f 219/655/12 220/659/12 218/653/12 217/649/12
f 224/670/18 219/656/18 217/650/18 222/664/18
f 223/668/14 224/671/14 222/665/14 221/662/14
f 222/666/19 217/651/19 218/654/19 221/663/19
f 223/669/20 220/660/20 219/657/20 224/672/20
f 228/682/17 231/691/17 229/685/17 226/676/17
f 227/679/12 228/683/12 226/677/12 225/673/12
f 232/694/18 227/680/18 225/674/18 230/688/18
f 231/692/14 232/695/14 230/689/14 229/686/14
f 230/690/19 225/675/19 226/678/19 229/687/19
f 231/693/20 228/684/20 227/681/20 232/696/20
f 236/706/16 239/715/16 237/709/16 234/700/16
f 235/703/12 236/707/12 234/701/12 233/697/12
f 240/718/15 235/704/15 233/698/15 238/712/15
f 239/716/14 240/719/14 238/713/14 237/710/14
f 238/714/11 233/699/11 234/702/11 237/711/11
f 239/717/13 236/708/13 235/705/13 240/720/13
f 244/730/11 247/739/11 245/733/11 242/724/11
f 243/727/12 244/731/12 242/725/12 241/721/12
f 248/742/13 243/728/13 241/722/13 246/736/13
f 247/740/14 248/743/14 246/737/14 245/734/14
f 246/738/15 241/723/15 242/726/15 245/735/15
f 247/741/16 244/732/16 243/729/16 248/744/16
f 252/754/17 255/763/17 253/757/17 250/748/17
f 251/751/12 252/755/12 250/749/12 249/745/12
f 256/766/18 251/752/18 249/746/18 254/760/18
f 255/764/14 256/767/14 254/761/14 253/758/14
f 254/762/19 249/747/19 250/750/19 253/759/19
f 255/765/20 252/756/20 251/753/20 256/768/20
f 260/778/16 263/787/16 261/781/16 258/772/16
f 259/775/12 260/779/12 258/773/12 257/769/12
f 264/790/15 259/776/15 257/770/15 262/784/15
f 263/788/14 264/791/14 262/785/14 261/782/14
f 262/786/11 257/771/11 258/774/11 261/783/11
f 263/789/13 260/780/13 259/777/13 264/792/13
f 268/802/17 271/811/17 269/805/17 266/796/17
f 267/799/12 268/803/12 266/797/12 265/793/12
f 272/814/18 267/800/18 265/794/18 270/808/18
f 271/812/14 272/815/14 270/809/14 269/806/14
f 270/810/19 265/795/19 266/798/19 269/807/19
f 271/813/20 268/804/20 267/801/20 272/816/20
f 276/826/11 279/835/11 277/829/11 274/820/11
f 275/823/12 276/827/12 274/821/12 273/817/12
f 280/838/13 275/824/13 273/818/13 278/832/13
f 279/836/14 280/839/14 278/833/14 277/830/14
f 278/834/15 273/819/15 274/822/15 277/831/15
f 279/837/16 276/828/16 275/825/16 280/840/16
f 284/850/17 287/859/17 285/853/17 282/844/17
f 283/847/12 284/851/12 282/845/12 281/841/12
f 288/862/18 283/848/18 281/842/18 286/856/18
f 287/860/14 288/863/14 286/857/14 285/854/14
f 286/858/19 281/843/19 282/846/19 285/855/19
f 287/861/20 284/852/20 283/849/20 288/864/20
o w6
v 0.868010 0.177138 -2.603508
v 0.868010 0.561632 -2.219015
v 0.868010 -0.005348 -2.421022
v 0.868010 0.379146 -2.036530
v 1.324495 0.561632 -2.219015
v 1.324495 0.177138 -2.603508
v 1.324496 0.379146 -2.036530
v 1.324496 -0.005348 -2.421022
v 0.868526 1.279274 -2.964263
v 0.868526 1.279274 -2.421796
v 0.868526 1.022489 -2.964263
v 0.868526 1.022489 -2.421796
v 1.323721 1.279274 -2.421796
v 1.323721 1.279274 -2.964262
v 1.323721 1.022489 -2.421796
v 1.323721 1.022489 -2.964263
v 0.868010 0.895554 -3.349530
v 0.868010 1.280048 -2.965038
v 0.868011 0.713067 -3.167045
v 0.868010 1.097562 -2.782551
v 1.324496 1.280048 -2.965037
v 1.324495 0.895554 -3.349530
v 1.324495 1.097562 -2.782552
v 1.324495 0.713067 -3.167043
v 0.868011 0.561633 -3.167045
v 0.868010 0.177138 -2.782551
v 0.868010 0.379146 -3.349530
v 0.868010 -0.005348 -2.965038
v 1.324495 0.177138 -2.782552
v 1.324495 0.561633 -3.167043
v 1.324496 -0.005348 -2.965037
v 1.324495 0.379146 -3.349530
v 0.868526 0.894780 -3.348757
v 0.868526 0.894780 -3.081325
v 0.868526 0.379920 -3.348757
v 0.868526 0.379920 -3.081325
v 1.323721 0.894780 -3.081323
v 1.323721 0.894780 -3.348756
v 1.323721 0.379920 -3.081323
v 1.323721 0.379920 -3.348756
v 0.868010 1.280048 -2.421022
v 0.868010 0.895554 -2.036530
v 0.868010 1.097561 -2.603507
v 0.868010 0.713067 -2.219015
v 1.324496 0.895554 -2.036530
v 1.324496 1.280048 -2.421022
v 1.324495 0.713067 -2.219015
v 1.324495 1.097561 -2.603507
v 0.868526 0.252211 -2.964263
v 0.868526 0.252211 -2.421796
v 0.868526 -0.004574 -2.964263
v 0.868526 -0.004574 -2.421796
v 1.323721 0.252211 -2.421796
v 1.323721 0.252211 -2.964263
v 1.323721 -0.004574 -2.421796
v 1.323721 -0.004574 -2.964263
v 0.868526 0.894780 -2.304735
v 0.868526 0.894780 -2.037304
v 0.868526 0.379920 -2.304735
v 0.868526 0.379920 -2.037304
v 1.323721 0.894780 -2.037304
v 1.323721 0.894780 -2.304735
v 1.323721 0.379920 -2.037304
v 1.323721 0.379920 -2.304735
v 0.859494 0.382498 -2.866639
v 0.859494 0.382498 -2.524897
v 0.859494 0.253203 -2.866639
v 0.859494 0.253203 -2.524897
v 1.251719 0.382498 -2.524896
v 1.251719 0.382498 -2.866638
v 1.251719 0.253203 -2.524896
v 1.251719 0.253203 -2.866638
v 1.060807 0.920182 -3.024877
v 1.060807 0.920182 -2.420215
v 1.060807 0.368046 -3.024877
v 1.060807 0.368046 -2.420215
v 1.191071 0.920182 -2.420215
v 1.191071 0.920182 -3.024878
v 1.191071 0.368046 -2.420215
v 1.191071 0.368046 -3.024878
v 0.859494 1.021715 -2.860390
v 0.859494 1.021715 -2.531349
v 0.859494 0.892419 -2.860390
v 0.859494 0.892419 -2.531349
v 1.251719 1.021715 -2.531349
v 1.251719 1.021715 -2.860388
v 1.251719 0.892419 -2.531349
v 1.251719 0.892419 -2.860388
v 0.859621 1.021679 -2.526327
v 0.859620 0.799598 -2.304247
v 0.859621 0.930436 -2.617570
v 0.859621 0.708355 -2.395490
v 1.251588 0.799598 -2.304246
v 1.251588 1.021679 -2.526327
v 1.251588 0.708355 -2.395490
v 1.251588 0.930436 -2.617569
v 0.859621 0.799598 -3.085036
v 0.859621 1.021679 -2.862957
v 0.859621 0.708355 -2.993793
v 0.859621 0.930436 -2.771714
v 1.251588 1.021679 -2.862957
v 1.251588 0.799598 -3.085036
v 1.251588 0.930436 -2.771713
v 1.251588 0.708355 -2.993793
v 0.859494 0.799935 -3.084017
v 0.859493 0.799935 -2.962479
v 0.859494 0.470429 -3.084017
v 0.859493 0.470429 -2.962479
v 1.251719 0.799935 -2.962478
v 1.251719 0.799935 -3.084016
v 1.251719 0.470429 -2.962478
v 1.251719 0.470429 -3.084016
v 0.859621 0.564461 -2.992739
v 0.859621 0.342380 -2.770658
v 0.859620 0.473218 -3.083981
v 0.859621 0.251137 -2.861901
v 1.251588 0.342380 -2.770658
v 1.251588 0.564461 -2.992738
v 1.251587 0.251137 -2.861900
v 1.251588 0.473218 -3.083981
v 1.117697 0.730770 -2.783743
v 1.117697 0.730770 -2.603093
v 1.117697 0.550118 -2.783743
v 1.117697 0.550118 -2.603093
v 1.251590 0.730770 -2.603093
v 1.251590 0.730770 -2.783744
v 1.251590 0.550118 -2.603093
v 1.251590 0.550118 -2.783744
v 0.859621 0.342523 -2.618482
v 0.859621 0.564461 -2.396544
v 0.859621 0.251279 -2.527240
v 0.859621 0.473218 -2.305302
v 1.251588 0.564461 -2.396544
v 1.251588 0.342523 -2.618482
v 1.251588 0.473218 -2.305302
v 1.251588 0.251279 -2.527239
v 0.859494 0.799935 -2.426805
v 0.859493 0.799935 -2.305267
v 0.859494 0.470429 -2.426805
v 0.859493 0.470429 -2.305267
v 1.251719 0.799935 -2.305267
v 1.251719 0.799935 -2.426805
v 1.251719 0.470429 -2.305267
v 1.251719 0.470429 -2.426805
vn -0.0000 0.7071 0.7071
vn -1.0000 -0.0000 -0.0000
vn -0.0000 -0.7071 -0.7071
vn 1.0000 -0.0000 -0.0000
vn -0.0000 0.7071 -0.7071
vn -0.0000 -0.7071 0.7071
vn -0.0000 -0.0000 1.0000
vn -0.0000 -0.0000 -1.0000
vn -0.0000 1.0000 -0.0000
vn -0.0000 -1.0000 -0.0000
vt 0.615234 0.636719
vt 0.656250 0.552734
vt 0.574219 0.863281
vt 0.642578 0.683594
vt 0.632812 0.636719
vt 0.574219 0.845703
vt 0.615234 0.628906
vt 0.656250 0.544922
vt 0.148438 0.425781
vt 0.642578 0.675781
vt 0.632812 0.628906
vt 0.148438 0.408203
vt 0.656250 0.683594
vt 0.615234 0.466797
vt 0.587891 0.845703
vt 0.642578 0.552734
vt 0.632812 0.466797
vt 0.587891 0.863281
vt 0.656250 0.675781
vt 0.615234 0.458984
vt 0.162109 0.408203
vt 0.642578 0.544922
vt 0.632812 0.458984
vt 0.162109 0.425781
vt 0.615234 0.458984
vt 0.656250 0.501953
vt 0.574219 0.826172
vt 0.642578 0.509766
vt 0.632812 0.458984
vt 0.574219 0.808594
vt 0.615234 0.451172
vt 0.656250 0.494141
vt 0.218750 0.425781
vt 0.642578 0.501953
vt 0.632812 0.451172
vt 0.218750 0.408203
vt 0.656250 0.509766
vt 0.615234 0.451172
vt 0.587891 0.808594
vt 0.642578 0.501953
vt 0.632812 0.451172
vt 0.587891 0.826172
vt 0.656250 0.501953
vt 0.615234 0.443359
vt 0.232422 0.408203
vt 0.642578 0.494141
vt 0.632812 0.443359
vt 0.232422 0.425781
vt 0.615234 0.443359
vt 0.548828 0.357422
vt 0.232422 0.425781
vt 0.642578 0.484375
vt 0.632812 0.443359
vt 0.232422 0.408203
vt 0.615234 0.435547
vt 0.548828 0.349609
vt 0.246094 0.425781
vt 0.642578 0.476562
vt 0.632812 0.435547
vt 0.246094 0.408203
vt 0.656250 0.484375
vt 0.615234 0.435547
vt 0.246094 0.408203
vt 0.535156 0.357422
vt 0.632812 0.435547
vt 0.246094 0.425781
vt 0.656250 0.476562
vt 0.615234 0.427734
vt 0.259766 0.408203
vt 0.535156 0.349609
vt 0.632812 0.427734
vt 0.259766 0.425781
vt 0.615234 0.427734
vt 0.318359 0.355469
vt 0.574219 0.601562
vt 0.642578 0.359375
vt 0.632812 0.427734
vt 0.574219 0.583984
vt 0.615234 0.419922
vt 0.318359 0.347656
vt 0.574219 0.583984
vt 0.642578 0.351562
vt 0.632812 0.419922
vt 0.574219 0.566406
vt 0.656250 0.359375
vt 0.615234 0.419922
vt 0.587891 0.583984
vt 0.304688 0.355469
vt 0.632812 0.419922
vt 0.587891 0.601562
vt 0.656250 0.351562
vt 0.615234 0.412109
vt 0.587891 0.566406
vt 0.304688 0.347656
vt 0.632812 0.412109
vt 0.587891 0.583984
vt 0.623047 0.503906
vt 0.087891 0.408203
vt 0.318359 0.355469
vt 0.060547 0.408203
vt 0.630859 0.503906
vt 0.318359 0.347656
vt 0.623047 0.488281
vt 0.087891 0.392578
vt 0.644531 0.636719
vt 0.060547 0.392578
vt 0.630859 0.488281
vt 0.644531 0.628906
vt 0.074219 0.408203
vt 0.601562 0.376953
vt 0.332031 0.347656
vt 0.074219 0.408203
vt 0.609375 0.376953
vt 0.332031 0.355469
vt 0.074219 0.392578
vt 0.601562 0.361328
vt 0.658203 0.628906
vt 0.074219 0.392578
vt 0.609375 0.361328
vt 0.658203 0.636719
vt 0.615234 0.402344
vt 0.496094 0.355469
vt 0.478516 0.425781
vt 0.468750 0.355469
vt 0.632812 0.402344
vt 0.478516 0.408203
vt 0.615234 0.394531
vt 0.496094 0.347656
vt 0.130859 0.423828
vt 0.468750 0.347656
vt 0.632812 0.394531
vt 0.130859 0.406250
vt 0.482422 0.355469
vt 0.601562 0.384766
vt 0.492188 0.408203
vt 0.482422 0.355469
vt 0.619141 0.384766
vt 0.492188 0.425781
vt 0.482422 0.347656
vt 0.601562 0.376953
vt 0.144531 0.406250
vt 0.482422 0.347656
vt 0.619141 0.376953
vt 0.144531 0.423828
vt 0.117188 0.382812
vt 0.658203 0.458984
vt 0.173828 0.423828
vt 0.644531 0.466797
vt 0.134766 0.382812
vt 0.173828 0.406250
vt 0.117188 0.375000
vt 0.658203 0.451172
vt 0.576172 0.763672
vt 0.644531 0.458984
vt 0.134766 0.375000
vt 0.576172 0.746094
vt 0.658203 0.466797
vt 0.617188 0.787109
vt 0.187500 0.406250
vt 0.644531 0.458984
vt 0.634766 0.787109
vt 0.187500 0.423828
vt 0.658203 0.458984
vt 0.617188 0.779297
vt 0.589844 0.746094
vt 0.644531 0.451172
vt 0.634766 0.779297
vt 0.589844 0.763672
vt 0.609375 0.376953
vt 0.605469 0.898438
vt 0.644531 0.451172
vt 0.087891 0.408203
vt 0.617188 0.376953
vt 0.644531 0.443359
vt 0.609375 0.361328
vt 0.605469 0.882812
vt 0.644531 0.443359
vt 0.087891 0.392578
vt 0.617188 0.361328
vt 0.644531 0.435547
vt 0.101562 0.408203
vt 0.117188 0.375000
vt 0.658203 0.443359
vt 0.591797 0.898438
vt 0.125000 0.375000
vt 0.658203 0.451172
vt 0.101562 0.392578
vt 0.117188 0.359375
vt 0.658203 0.435547
vt 0.591797 0.882812
vt 0.125000 0.359375
vt 0.658203 0.443359
vt 0.662109 0.519531
vt 0.355469 0.343750
vt 0.025391 0.371094
vt 0.332031 0.343750
vt 0.671875 0.519531
vt 0.025391 0.361328
vt 0.662109 0.515625
vt 0.355469 0.339844
vt 0.037109 0.371094
vt 0.332031 0.339844
vt 0.671875 0.515625
vt 0.037109 0.361328
vt 0.343750 0.343750
vt 0.662109 0.515625
vt 0.037109 0.361328
vt 0.343750 0.343750
vt 0.671875 0.515625
vt 0.037109 0.371094
vt 0.343750 0.339844
vt 0.662109 0.511719
vt 0.048828 0.361328
vt 0.343750 0.339844
vt 0.671875 0.511719
vt 0.048828 0.371094
vt 0.080078 0.458984
vt 0.091797 0.345703
vt 0.480469 0.347656
vt 0.083984 0.345703
vt 0.099609 0.458984
vt 0.480469 0.328125
vt 0.080078 0.441406
vt 0.091797 0.328125
vt 0.484375 0.347656
vt 0.083984 0.328125
vt 0.099609 0.441406
vt 0.484375 0.328125
vt 0.087891 0.345703
vt 0.541016 0.863281
vt 0.484375 0.328125
vt 0.087891 0.345703
vt 0.560547 0.863281
vt 0.484375 0.347656
vt 0.087891 0.328125
vt 0.541016 0.845703
vt 0.488281 0.328125
vt 0.087891 0.328125
vt 0.560547 0.845703
vt 0.488281 0.347656
vt 0.535156 0.337891
vt 0.378906 0.343750
vt 0.167969 0.371094
vt 0.355469 0.343750
vt 0.544922 0.337891
vt 0.167969 0.361328
vt 0.535156 0.333984
vt 0.378906 0.339844
vt 0.281250 0.371094
vt 0.355469 0.339844
vt 0.544922 0.333984
vt 0.281250 0.361328
vt 0.367188 0.343750
vt 0.615234 0.337891
vt 0.179688 0.361328
vt 0.367188 0.343750
vt 0.625000 0.337891
vt 0.179688 0.371094
vt 0.367188 0.339844
vt 0.615234 0.333984
vt 0.292969 0.361328
vt 0.367188 0.339844
vt 0.625000 0.333984
vt 0.292969 0.371094
vt 0.013672 0.335938
vt 0.458984 0.343750
vt 0.521484 0.371094
vt 0.378906 0.343750
vt 0.023438 0.335938
vt 0.521484 0.361328
vt 0.013672 0.332031
vt 0.458984 0.339844
vt 0.628906 0.412109
vt 0.378906 0.339844
vt 0.023438 0.332031
vt 0.628906 0.402344
vt 0.390625 0.343750
vt 0.023438 0.335938
vt 0.533203 0.361328
vt 0.447266 0.343750
vt 0.033203 0.335938
vt 0.533203 0.371094
vt 0.390625 0.339844
vt 0.023438 0.332031
vt 0.640625 0.402344
vt 0.447266 0.339844
vt 0.033203 0.332031
vt 0.640625 0.412109
vt 0.033203 0.335938
vt 0.667969 0.548828
vt 0.630859 1.000000
vt 0.656250 0.552734
vt 0.042969 0.335938
vt 0.630859 0.990234
vt 0.033203 0.332031
vt 0.667969 0.544922
vt 0.630859 0.898438
vt 0.656250 0.548828
vt 0.042969 0.332031
vt 0.630859 0.888672
vt 0.667969 0.552734
vt 0.117188 0.335938
vt 0.642578 0.990234
vt 0.656250 0.548828
vt 0.126953 0.335938
vt 0.642578 1.000000
vt 0.667969 0.548828
vt 0.117188 0.332031
vt 0.642578 0.888672
vt 0.656250 0.544922
vt 0.126953 0.332031
vt 0.642578 0.898438
vt 0.435547 0.337891
vt 0.642578 0.808594
vt 0.656250 0.509766
vt 0.630859 0.849609
vt 0.439453 0.337891
vt 0.656250 0.505859
vt 0.435547 0.328125
vt 0.642578 0.798828
vt 0.656250 0.505859
vt 0.630859 0.839844
vt 0.439453 0.328125
vt 0.656250 0.501953
vt 0.642578 0.849609
vt 0.554688 0.337891
vt 0.667969 0.505859
vt 0.630859 0.808594
vt 0.558594 0.337891
vt 0.667969 0.509766
vt 0.642578 0.839844
vt 0.554688 0.328125
vt 0.667969 0.501953
vt 0.630859 0.798828
vt 0.558594 0.328125
vt 0.667969 0.505859
vt 0.193359 0.335938
vt 0.667969 0.501953
vt 0.630859 0.736328
vt 0.496094 0.343750
vt 0.203125 0.335938
vt 0.630859 0.726562
vt 0.193359 0.332031
vt 0.667969 0.498047
vt 0.630859 0.726562
vt 0.496094 0.339844
vt 0.203125 0.332031
vt 0.630859 0.716797
vt 0.507812 0.343750
vt 0.212891 0.335938
vt 0.642578 0.726562
vt 0.656250 0.501953
vt 0.222656 0.335938
vt 0.642578 0.736328
vt 0.507812 0.339844
vt 0.212891 0.332031
vt 0.642578 0.716797
vt 0.656250 0.498047
vt 0.222656 0.332031
vt 0.642578 0.726562
vt 0.667969 0.484375
vt 0.640625 0.330078
vt 0.619141 0.330078
vt 0.673828 0.484375
vt 0.640625 0.324219
vt 0.667969 0.478516
vt 0.640625 0.324219
vt 0.644531 0.330078
vt 0.619141 0.324219
vt 0.673828 0.478516
vt 0.644531 0.324219
vt 0.623047 0.330078
vt 0.591797 0.332031
vt 0.644531 0.324219
vt 0.636719 0.330078
vt 0.597656 0.332031
vt 0.644531 0.330078
vt 0.623047 0.324219
vt 0.591797 0.326172
vt 0.648438 0.324219
vt 0.636719 0.324219
vt 0.597656 0.326172
vt 0.648438 0.330078
vt 0.664062 0.708984
vt 0.519531 0.343750
vt 0.630859 0.716797
vt 0.656250 0.498047
vt 0.673828 0.708984
vt 0.630859 0.707031
vt 0.664062 0.705078
vt 0.519531 0.339844
vt 0.630859 0.683594
vt 0.656250 0.494141
vt 0.673828 0.705078
vt 0.630859 0.673828
vt 0.667969 0.498047
vt 0.664062 0.705078
vt 0.642578 0.707031
vt 0.507812 0.343750
vt 0.673828 0.705078
vt 0.642578 0.716797
vt 0.667969 0.494141
vt 0.664062 0.701172
vt 0.642578 0.673828
vt 0.507812 0.339844
vt 0.673828 0.701172
vt 0.642578 0.683594
vt 0.568359 0.337891
vt 0.642578 0.480469
vt 0.656250 0.484375
vt 0.630859 0.503906
vt 0.572266 0.337891
vt 0.656250 0.480469
vt 0.568359 0.328125
vt 0.642578 0.470703
vt 0.656250 0.480469
vt 0.630859 0.494141
vt 0.572266 0.328125
vt 0.656250 0.476562
vt 0.642578 0.503906
vt 0.042969 0.335938
vt 0.667969 0.480469
vt 0.630859 0.480469
vt 0.046875 0.335938
vt 0.667969 0.484375
vt 0.642578 0.494141
vt 0.042969 0.326172
vt 0.667969 0.476562
vt 0.630859 0.470703
vt 0.046875 0.326172
vt 0.667969 0.480469
s 1
usemtl fmtv_tex_1.png.001
f 292/874/21 295/883/21 293/877/21 290/868/21
f 291/871/22 292/875/22 290/869/22 289/865/22
f 296/886/23 291/872/23 289/866/23 294/880/23
f 295/884/24 296/887/24 294/881/24 293/878/24
f 294/882/25 289/867/25 290/870/25 293/879/25
f 295/885/26 292/876/26 291/873/26 296/888/26
f 300/898/27 303/907/27 301/901/27 298/892/27
f 299/895/22 300/899/22 298/893/22 297/889/22
f 304/910/28 299/896/28 297/890/28 302/904/28
f 303/908/24 304/911/24 302/905/24 301/902/24
f 302/906/29 297/891/29 298/894/29 301/903/29
f 303/909/30 300/900/30 299/897/30 304/912/30
f 308/922/21 311/931/21 309/925/21 306/916/21
f 307/919/22 308/923/22 306/917/22 305/913/22
f 312/934/23 307/920/23 305/914/23 310/928/23
f 311/932/24 312/935/24 310/929/24 309/926/24
f 310/930/25 305/915/25 306/918/25 309/927/25
f 311/933/26 308/924/26 307/921/26 312/936/26
f 316/946/26 319/955/26 317/949/26 314/940/26
f 315/943/22 316/947/22 314/941/22 313/937/22
f 320/958/25 315/944/25 313/938/25 318/952/25
f 319/956/24 320/959/24 318/953/24 317/950/24
f 318/954/21 313/939/21 314/942/21 317/951/21
f 319/957/23 316/948/23 315/945/23 320/960/23
f 324/970/27 327/979/27 325/973/27 322/964/27
f 323/967/22 324/971/22 322/965/22 321/961/22
f 328/982/28 323/968/28 321/962/28 326/976/28
f 327/980/24 328/983/24 326/977/24 325/974/24
f 326/978/29 321/963/29 322/966/29 325/975/29
f 327/981/30 324/972/30 323/969/30 328/984/30
f 332/994/26 335/1003/26 333/997/26 330/988/26
f 331/991/22 332/995/22 330/989/22 329/985/22
f 336/1006/25 331/992/25 329/986/25 334/1000/25
f 335/1004/24 336/1007/24 334/1001/24 333/998/24
f 334/1002/21 329/987/21 330/990/21 333/999/21
f 335/1005/23 332/996/23 331/993/23 336/1008/23
f 340/1018/27 343/1027/27 341/1021/27 338/1012/27
f 339/1015/22 340/1019/22 338/1013/22 337/1009/22
f 344/1030/28 339/1016/28 337/1010/28 342/1024/28
f 343/1028/24 344/1031/24 342/1025/24 341/1022/24
f 342/1026/29 337/1011/29 338/1014/29 341/1023/29
f 343/1029/30 340/1020/30 339/1017/30 344/1032/30
f 348/1042/27 351/1051/27 349/1045/27 346/1036/27
f 347/1039/22 348/1043/22 346/1037/22 345/1033/22
f 352/1054/28 347/1040/28 345/1034/28 350/1048/28
f 351/1052/24 352/1055/24 350/1049/24 349/1046/24
f 350/1050/29 345/1035/29 346/1038/29 349/1047/29
f 351/1053/30 348/1044/30 347/1041/30 352/1056/30
f 356/1066/27 359/1075/27 357/1069/27 354/1060/27
f 355/1063/22 356/1067/22 354/1061/22 353/1057/22
f 360/1078/28 355/1064/28 353/1058/28 358/1072/28
f 359/1076/24 360/1079/24 358/1073/24 357/1070/24
f 358/1074/29 353/1059/29 354/1062/29 357/1071/29
f 359/1077/30 356/1068/30 355/1065/30 360/1080/30
f 364/1090/27 367/1099/27 365/1093/27 362/1084/27
f 363/1087/22 364/1091/22 362/1085/22 361/1081/22
f 368/1102/28 363/1088/28 361/1082/28 366/1096/28
f 367/1100/24 368/1103/24 366/1097/24 365/1094/24
f 366/1098/29 361/1083/29 362/1086/29 365/1095/29
f 367/1101/30 364/1092/30 363/1089/30 368/1104/30
f 372/1114/27 375/1123/27 373/1117/27 370/1108/27
f 371/1111/22 372/1115/22 370/1109/22 369/1105/22
f 376/1126/28 371/1112/28 369/1106/28 374/1120/28
f 375/1124/24 376/1127/24 374/1121/24 373/1118/24
f 374/1122/29 369/1107/29 370/1110/29 373/1119/29
f 375/1125/30 372/1116/30 371/1113/30 376/1128/30
f 380/1138/26 383/1147/26 381/1141/26 378/1132/26
f 379/1135/22 380/1139/22 378/1133/22 377/1129/22
f 384/1150/25 379/1136/25 377/1130/25 382/1144/25
f 383/1148/24 384/1151/24 382/1145/24 381/1142/24
f 382/1146/21 377/1131/21 378/1134/21 381/1143/21
f 383/1149/23 380/1140/23 379/1137/23 384/1152/23
f 388/1162/21 391/1171/21 389/1165/21 386/1156/21
f 387/1159/22 388/1163/22 386/1157/22 385/1153/22
f 392/1174/23 387/1160/23 385/1154/23 390/1168/23
f 391/1172/24 392/1175/24 390/1169/24 389/1166/24
f 390/1170/25 385/1155/25 386/1158/25 389/1167/25
f 391/1173/26 388/1164/26 387/1161/26 392/1176/26
f 396/1186/27 399/1195/27 397/1189/27 394/1180/27
f 395/1183/22 396/1187/22 394/1181/22 393/1177/22
f 400/1198/28 395/1184/28 393/1178/28 398/1192/28
f 399/1196/24 400/1199/24 398/1193/24 397/1190/24
f 398/1194/29 393/1179/29 394/1182/29 397/1191/29
f 399/1197/30 396/1188/30 395/1185/30 400/1200/30
f 404/1210/26 407/1219/26 405/1213/26 402/1204/26
f 403/1207/22 404/1211/22 402/1205/22 401/1201/22
f 408/1222/25 403/1208/25 401/1202/25 406/1216/25
f 407/1220/24 408/1223/24 406/1217/24 405/1214/24
f 406/1218/21 401/1203/21 402/1206/21 405/1215/21
f 407/1221/23 404/1212/23 403/1209/23 408/1224/23
f 412/1233/27 415/1242/27 413/1236/27 410/1227/27
f 411/1230/22 412/1234/22 410/1228/22 409/1225/22
f 416/1245/28 411/1231/28 409/1226/28 414/1239/28
f 415/1243/24 416/1246/24 414/1240/24 413/1237/24
f 414/1241/29 409/1226/29 410/1229/29 413/1238/29
f 415/1244/30 412/1235/30 411/1232/30 416/1247/30
f 420/1257/21 423/1266/21 421/1260/21 418/1251/21
f 419/1254/22 420/1258/22 418/1252/22 417/1248/22
f 424/1269/23 419/1255/23 417/1249/23 422/1263/23
f 423/1267/24 424/1270/24 422/1264/24 421/1261/24
f 422/1265/25 417/1250/25 418/1253/25 421/1262/25
f 423/1268/26 420/1259/26 419/1256/26 424/1271/26
f 428/1281/27 431/1290/27 429/1284/27 426/1275/27
f 427/1278/22 428/1282/22 426/1276/22 425/1272/22
f 432/1293/28 427/1279/28 425/1273/28 430/1287/28
f 431/1291/24 432/1294/24 430/1288/24 429/1285/24
f 430/1289/29 425/1274/29 426/1277/29 429/1286/29
f 431/1292/30 428/1283/30 427/1280/30 432/1295/30
o w5
v 0.868010 0.177138 -1.141015
v 0.868010 0.561632 -0.756522
v 0.868010 -0.005349 -0.958529
v 0.868010 0.379146 -0.574037
v 1.324495 0.561632 -0.756522
v 1.324495 0.177138 -1.141015
v 1.324495 0.379146 -0.574036
v 1.324495 -0.005349 -0.958529
v 0.868526 1.279274 -1.501770
v 0.868526 1.279274 -0.959303
v 0.868526 1.022489 -1.501770
v 0.868526 1.022489 -0.959303
v 1.323721 1.279274 -0.959303
v 1.323721 1.279274 -1.501770
v 1.323721 1.022489 -0.959303
v 1.323721 1.022489 -1.501770
v 0.868010 0.895554 -1.887037
v 0.868010 1.280048 -1.502544
v 0.868010 0.713067 -1.704551
v 0.868010 1.097561 -1.320059
v 1.324495 1.280048 -1.502544
v 1.324495 0.895554 -1.887037
v 1.324495 1.097561 -1.320059
v 1.324495 0.713067 -1.704551
v 0.868010 0.561632 -1.704551
v 0.868010 0.177138 -1.320060
v 0.868010 0.379146 -1.887037
v 0.868010 -0.005348 -1.502544
v 1.324495 0.177138 -1.320060
v 1.324495 0.561632 -1.704551
v 1.324495 -0.005348 -1.502545
v 1.324495 0.379146 -1.887037
v 0.868526 0.894780 -1.886263
v 0.868526 0.894779 -1.618831
v 0.868526 0.379920 -1.886263
v 0.868526 0.379920 -1.618831
v 1.323721 0.894779 -1.618831
v 1.323721 0.894780 -1.886263
v 1.323721 0.379920 -1.618831
v 1.323721 0.379920 -1.886263
v 0.868010 1.280048 -0.958529
v 0.868010 0.895554 -0.574037
v 0.868010 1.097561 -1.141015
v 0.868010 0.713067 -0.756522
v 1.324495 0.895554 -0.574036
v 1.324495 1.280048 -0.958529
v 1.324495 0.713067 -0.756522
v 1.324495 1.097561 -1.141014
v 0.868526 0.252210 -1.501771
v 0.868526 0.252210 -0.959303
v 0.868526 -0.004574 -1.501771
v 0.868526 -0.004574 -0.959303
v 1.323721 0.252210 -0.959303
v 1.323721 0.252210 -1.501770
v 1.323721 -0.004574 -0.959303
v 1.323721 -0.004574 -1.501770
v 0.868526 0.894779 -0.842242
v 0.868526 0.894779 -0.574811
v 0.868526 0.379920 -0.842242
v 0.868526 0.379920 -0.574811
v 1.323721 0.894779 -0.574811
v 1.323721 0.894779 -0.842242
v 1.323721 0.379920 -0.574811
v 1.323721 0.379920 -0.842242
v 0.859493 0.382498 -1.404146
v 0.859493 0.382498 -1.062404
v 0.859493 0.253202 -1.404146
v 0.859493 0.253202 -1.062404
v 1.251718 0.382498 -1.062404
v 1.251719 0.382498 -1.404146
v 1.251718 0.253202 -1.062404
v 1.251719 0.253202 -1.404146
v 1.060807 0.920182 -1.562384
v 1.060807 0.920182 -0.957721
v 1.060807 0.368046 -1.562385
v 1.060807 0.368046 -0.957722
v 1.191071 0.920182 -0.957721
v 1.191071 0.920182 -1.562384
v 1.191071 0.368046 -0.957722
v 1.191071 0.368046 -1.562385
v 0.859493 1.021715 -1.397896
v 0.859493 1.021715 -1.068856
v 0.859493 0.892419 -1.397896
v 0.859493 0.892419 -1.068856
v 1.251719 1.021715 -1.068856
v 1.251718 1.021715 -1.397896
v 1.251719 0.892419 -1.068856
v 1.251718 0.892419 -1.397896
v 0.859620 1.021679 -1.063834
v 0.859621 0.799598 -0.841754
v 0.859621 0.930436 -1.155077
v 0.859621 0.708355 -0.932997
v 1.251587 0.799598 -0.841754
v 1.251588 1.021679 -1.063834
v 1.251588 0.708355 -0.932997
v 1.251587 0.930436 -1.155077
v 0.859621 0.799598 -1.622543
v 0.859621 1.021679 -1.400463
v 0.859621 0.708355 -1.531301
v 0.859621 0.930436 -1.309220
v 1.251588 1.021679 -1.400463
v 1.251588 0.799598 -1.622543
v 1.251588 0.930436 -1.309221
v 1.251588 0.708355 -1.531300
v 0.859493 0.799935 -1.621523
v 0.859493 0.799935 -1.499985
v 0.859493 0.470429 -1.621523
v 0.859493 0.470429 -1.499986
v 1.251718 0.799935 -1.499985
v 1.251718 0.799935 -1.621523
v 1.251718 0.470429 -1.499985
v 1.251718 0.470429 -1.621523
v 0.859621 0.564461 -1.530245
v 0.859620 0.342380 -1.308166
v 0.859621 0.473218 -1.621489
v 0.859620 0.251137 -1.399409
v 1.251587 0.342380 -1.308166
v 1.251588 0.564461 -1.530246
v 1.251588 0.251137 -1.399409
v 1.251587 0.473218 -1.621488
v 1.117696 0.730770 -1.321252
v 1.117696 0.730770 -1.140600
v 1.117696 0.550118 -1.321252
v 1.117696 0.550118 -1.140600
v 1.251589 0.730770 -1.140600
v 1.251589 0.730770 -1.321251
v 1.251589 0.550118 -1.140600
v 1.251589 0.550118 -1.321252
v 0.859621 0.342522 -1.155989
v 0.859620 0.564461 -0.934052
v 0.859621 0.251279 -1.064746
v 0.859621 0.473218 -0.842809
v 1.251588 0.564461 -0.934052
v 1.251587 0.342522 -1.155989
v 1.251588 0.473218 -0.842809
v 1.251588 0.251279 -1.064746
v 0.859493 0.799934 -0.964311
v 0.859493 0.799934 -0.842774
v 0.859493 0.470429 -0.964311
v 0.859493 0.470429 -0.842774
v 1.251718 0.799934 -0.842774
v 1.251719 0.799934 -0.964311
v 1.251718 0.470429 -0.842774
v 1.251719 0.470429 -0.964311
vn -0.0000 0.7071 0.7071
vn -1.0000 -0.0000 -0.0000
vn -0.0000 -0.7071 -0.7071
vn 1.0000 -0.0000 -0.0000
vn -0.0000 0.7071 -0.7071
vn -0.0000 -0.7071 0.7071
vn -0.0000 -0.0000 1.0000
vn -0.0000 -0.0000 -1.0000
vn -0.0000 1.0000 -0.0000
vn -0.0000 -1.0000 -0.0000
vt 0.347656 0.382812
vt 0.658203 0.427734
vt 0.447266 0.423828
vt 0.644531 0.435547
vt 0.365234 0.382812
vt 0.447266 0.406250
vt 0.347656 0.375000
vt 0.658203 0.419922
vt 0.576172 0.531250
vt 0.644531 0.427734
vt 0.365234 0.375000
vt 0.576172 0.513672
vt 0.658203 0.435547
vt 0.365234 0.382812
vt 0.460938 0.406250
vt 0.644531 0.427734
vt 0.382812 0.382812
vt 0.460938 0.423828
vt 0.658203 0.427734
vt 0.365234 0.375000
vt 0.589844 0.513672
vt 0.644531 0.419922
vt 0.382812 0.375000
vt 0.589844 0.531250
vt 0.382812 0.382812
vt 0.660156 0.972656
vt 0.576172 0.513672
vt 0.578125 0.355469
vt 0.400391 0.382812
vt 0.576172 0.496094
vt 0.382812 0.375000
vt 0.660156 0.964844
vt 0.492188 0.423828
vt 0.578125 0.347656
vt 0.400391 0.375000
vt 0.492188 0.406250
vt 0.591797 0.355469
vt 0.447266 0.382812
vt 0.589844 0.496094
vt 0.646484 0.972656
vt 0.464844 0.382812
vt 0.589844 0.513672
vt 0.591797 0.347656
vt 0.447266 0.375000
vt 0.505859 0.406250
vt 0.646484 0.964844
vt 0.464844 0.375000
vt 0.505859 0.423828
vt 0.488281 0.382812
vt 0.087891 0.353516
vt 0.505859 0.423828
vt 0.060547 0.353516
vt 0.505859 0.382812
vt 0.505859 0.406250
vt 0.488281 0.375000
vt 0.087891 0.345703
vt 0.527344 0.423828
vt 0.060547 0.345703
vt 0.505859 0.375000
vt 0.527344 0.406250
vt 0.074219 0.353516
vt 0.617188 0.488281
vt 0.519531 0.406250
vt 0.074219 0.353516
vt 0.634766 0.488281
vt 0.519531 0.423828
vt 0.074219 0.345703
vt 0.617188 0.480469
vt 0.541016 0.406250
vt 0.074219 0.345703
vt 0.634766 0.480469
vt 0.541016 0.423828
vt 0.060547 0.380859
vt 0.144531 0.353516
vt 0.000000 0.421875
vt 0.087891 0.353516
vt 0.078125 0.380859
vt 0.000000 0.404297
vt 0.060547 0.373047
vt 0.144531 0.345703
vt 0.269531 0.421875
vt 0.087891 0.345703
vt 0.078125 0.373047
vt 0.269531 0.404297
vt 0.101562 0.353516
vt 0.078125 0.380859
vt 0.013672 0.404297
vt 0.130859 0.353516
vt 0.095703 0.380859
vt 0.013672 0.421875
vt 0.101562 0.345703
vt 0.078125 0.373047
vt 0.283203 0.404297
vt 0.130859 0.345703
vt 0.095703 0.373047
vt 0.283203 0.421875
vt 0.125000 0.375000
vt 0.232422 0.408203
vt 0.167969 0.353516
vt 0.144531 0.408203
vt 0.132812 0.375000
vt 0.167969 0.345703
vt 0.125000 0.359375
vt 0.232422 0.392578
vt 0.646484 0.800781
vt 0.144531 0.392578
vt 0.132812 0.359375
vt 0.646484 0.792969
vt 0.158203 0.408203
vt 0.341797 0.375000
vt 0.181641 0.345703
vt 0.218750 0.408203
vt 0.349609 0.375000
vt 0.181641 0.353516
vt 0.158203 0.392578
vt 0.341797 0.359375
vt 0.660156 0.792969
vt 0.218750 0.392578
vt 0.349609 0.359375
vt 0.660156 0.800781
vt 0.619141 0.919922
vt 0.234375 0.353516
vt 0.300781 0.421875
vt 0.207031 0.353516
vt 0.636719 0.919922
vt 0.300781 0.404297
vt 0.619141 0.912109
vt 0.234375 0.345703
vt 0.314453 0.421875
vt 0.207031 0.345703
vt 0.636719 0.912109
vt 0.314453 0.404297
vt 0.220703 0.353516
vt 0.619141 0.912109
vt 0.314453 0.404297
vt 0.220703 0.353516
vt 0.636719 0.912109
vt 0.314453 0.421875
vt 0.220703 0.345703
vt 0.619141 0.904297
vt 0.328125 0.404297
vt 0.220703 0.345703
vt 0.636719 0.904297
vt 0.328125 0.421875
vt 0.095703 0.380859
vt 0.283203 0.353516
vt 0.328125 0.421875
vt 0.234375 0.353516
vt 0.113281 0.380859
vt 0.328125 0.404297
vt 0.095703 0.373047
vt 0.283203 0.345703
vt 0.378906 0.421875
vt 0.234375 0.345703
vt 0.113281 0.373047
vt 0.378906 0.404297
vt 0.248047 0.353516
vt 0.134766 0.380859
vt 0.341797 0.404297
vt 0.269531 0.353516
vt 0.152344 0.380859
vt 0.341797 0.421875
vt 0.248047 0.345703
vt 0.134766 0.373047
vt 0.392578 0.404297
vt 0.269531 0.345703
vt 0.152344 0.373047
vt 0.392578 0.421875
vt 0.349609 0.375000
vt 0.259766 0.408203
vt 0.283203 0.353516
vt 0.232422 0.408203
vt 0.357422 0.375000
vt 0.283203 0.345703
vt 0.349609 0.359375
vt 0.259766 0.392578
vt 0.646484 0.712891
vt 0.232422 0.392578
vt 0.357422 0.359375
vt 0.646484 0.705078
vt 0.246094 0.408203
vt 0.357422 0.375000
vt 0.296875 0.345703
vt 0.246094 0.408203
vt 0.365234 0.375000
vt 0.296875 0.353516
vt 0.246094 0.392578
vt 0.357422 0.359375
vt 0.660156 0.705078
vt 0.246094 0.392578
vt 0.365234 0.359375
vt 0.660156 0.712891
vt 0.357422 0.335938
vt 0.615234 0.343750
vt 0.626953 0.369141
vt 0.591797 0.343750
vt 0.367188 0.335938
vt 0.626953 0.359375
vt 0.357422 0.332031
vt 0.615234 0.339844
vt 0.632812 0.636719
vt 0.591797 0.339844
vt 0.367188 0.332031
vt 0.632812 0.626953
vt 0.603516 0.343750
vt 0.367188 0.335938
vt 0.638672 0.359375
vt 0.603516 0.343750
vt 0.376953 0.335938
vt 0.638672 0.369141
vt 0.603516 0.339844
vt 0.367188 0.332031
vt 0.644531 0.626953
vt 0.603516 0.339844
vt 0.376953 0.332031
vt 0.644531 0.636719
vt 0.541016 0.826172
vt 0.099609 0.345703
vt 0.488281 0.347656
vt 0.091797 0.345703
vt 0.560547 0.826172
vt 0.488281 0.328125
vt 0.541016 0.808594
vt 0.099609 0.328125
vt 0.492188 0.347656
vt 0.091797 0.328125
vt 0.560547 0.808594
vt 0.492188 0.328125
vt 0.095703 0.345703
vt 0.236328 0.458984
vt 0.492188 0.328125
vt 0.095703 0.345703
vt 0.255859 0.458984
vt 0.492188 0.347656
vt 0.095703 0.328125
vt 0.236328 0.441406
vt 0.496094 0.328125
vt 0.095703 0.328125
vt 0.255859 0.441406
vt 0.496094 0.347656
vt 0.400391 0.335938
vt 0.667969 0.378906
vt 0.632812 0.466797
vt 0.656250 0.382812
vt 0.410156 0.335938
vt 0.632812 0.457031
vt 0.400391 0.332031
vt 0.667969 0.375000
vt 0.535156 0.367188
vt 0.656250 0.378906
vt 0.410156 0.332031
vt 0.535156 0.357422
vt 0.667969 0.382812
vt 0.591797 0.335938
vt 0.644531 0.457031
vt 0.656250 0.378906
vt 0.601562 0.335938
vt 0.644531 0.466797
vt 0.667969 0.378906
vt 0.591797 0.332031
vt 0.546875 0.357422
vt 0.656250 0.375000
vt 0.601562 0.332031
vt 0.546875 0.367188
vt 0.601562 0.335938
vt 0.667969 0.371094
vt 0.632812 0.457031
vt 0.656250 0.375000
vt 0.611328 0.335938
vt 0.632812 0.447266
vt 0.601562 0.332031
vt 0.667969 0.367188
vt 0.632812 0.447266
vt 0.656250 0.371094
vt 0.611328 0.332031
vt 0.632812 0.437500
vt 0.667969 0.375000
vt 0.664062 0.398438
vt 0.644531 0.447266
vt 0.656250 0.371094
vt 0.673828 0.398438
vt 0.644531 0.457031
vt 0.667969 0.371094
vt 0.664062 0.394531
vt 0.644531 0.437500
vt 0.656250 0.367188
vt 0.673828 0.394531
vt 0.644531 0.447266
vt 0.664062 0.394531
vt 0.667969 0.359375
vt 0.632812 0.437500
vt 0.656250 0.367188
vt 0.673828 0.394531
vt 0.632812 0.427734
vt 0.664062 0.390625
vt 0.667969 0.355469
vt 0.632812 0.427734
vt 0.656250 0.363281
vt 0.673828 0.390625
vt 0.632812 0.417969
vt 0.667969 0.367188
vt 0.664062 0.390625
vt 0.644531 0.427734
vt 0.656250 0.359375
vt 0.673828 0.390625
vt 0.644531 0.437500
vt 0.667969 0.363281
vt 0.664062 0.386719
vt 0.644531 0.417969
vt 0.656250 0.355469
vt 0.673828 0.386719
vt 0.644531 0.427734
vt 0.460938 0.335938
vt 0.646484 0.707031
vt 0.656250 0.355469
vt 0.634766 0.972656
vt 0.464844 0.335938
vt 0.656250 0.351562
vt 0.460938 0.326172
vt 0.646484 0.697266
vt 0.656250 0.347656
vt 0.634766 0.962891
vt 0.464844 0.326172
vt 0.656250 0.343750
vt 0.646484 0.972656
vt 0.525391 0.335938
vt 0.667969 0.351562
vt 0.634766 0.707031
vt 0.529297 0.335938
vt 0.667969 0.355469
vt 0.646484 0.962891
vt 0.525391 0.326172
vt 0.667969 0.343750
vt 0.634766 0.697266
vt 0.529297 0.326172
vt 0.667969 0.347656
vt 0.656250 0.335938
vt 0.669922 0.888672
vt 0.314453 0.365234
vt 0.656250 0.343750
vt 0.666016 0.335938
vt 0.314453 0.355469
vt 0.656250 0.332031
vt 0.669922 0.884766
vt 0.476562 0.365234
vt 0.656250 0.339844
vt 0.666016 0.332031
vt 0.476562 0.355469
vt 0.667969 0.343750
vt 0.666016 0.960938
vt 0.326172 0.355469
vt 0.658203 0.888672
vt 0.675781 0.960938
vt 0.326172 0.365234
vt 0.667969 0.339844
vt 0.666016 0.957031
vt 0.488281 0.355469
vt 0.658203 0.884766
vt 0.675781 0.957031
vt 0.488281 0.365234
vt 0.597656 0.332031
vt 0.656250 0.330078
vt 0.671875 0.992188
vt 0.648438 0.330078
vt 0.603516 0.332031
vt 0.671875 0.986328
vt 0.597656 0.326172
vt 0.656250 0.324219
vt 0.013672 0.328125
vt 0.648438 0.324219
vt 0.603516 0.326172
vt 0.013672 0.322266
vt 0.652344 0.330078
vt 0.603516 0.332031
vt 0.675781 0.986328
vt 0.652344 0.330078
vt 0.609375 0.332031
vt 0.675781 0.992188
vt 0.652344 0.324219
vt 0.603516 0.326172
vt 0.017578 0.322266
vt 0.652344 0.324219
vt 0.609375 0.326172
vt 0.017578 0.328125
vt 0.666016 0.953125
vt 0.669922 0.636719
vt 0.488281 0.365234
vt 0.658203 0.673828
vt 0.675781 0.953125
vt 0.488281 0.355469
vt 0.666016 0.949219
vt 0.669922 0.632812
vt 0.634766 0.494141
vt 0.658203 0.669922
vt 0.675781 0.949219
vt 0.634766 0.484375
vt 0.669922 0.673828
vt 0.666016 0.949219
vt 0.500000 0.355469
vt 0.658203 0.636719
vt 0.675781 0.949219
vt 0.500000 0.365234
vt 0.669922 0.669922
vt 0.666016 0.945312
vt 0.646484 0.484375
vt 0.658203 0.632812
vt 0.675781 0.945312
vt 0.646484 0.494141
vt 0.529297 0.335938
vt 0.589844 0.365234
vt 0.658203 0.632812
vt 0.554688 0.365234
vt 0.533203 0.335938
vt 0.658203 0.628906
vt 0.529297 0.326172
vt 0.589844 0.355469
vt 0.658203 0.466797
vt 0.554688 0.355469
vt 0.533203 0.326172
vt 0.658203 0.462891
vt 0.566406 0.365234
vt 0.666016 0.919922
vt 0.669922 0.628906
vt 0.578125 0.365234
vt 0.669922 0.919922
vt 0.669922 0.632812
vt 0.566406 0.355469
vt 0.666016 0.910156
vt 0.669922 0.462891
vt 0.578125 0.355469
vt 0.669922 0.910156
vt 0.669922 0.466797
s 1
usemtl fmtv_tex_1.png.001
f 436/1305/31 439/1314/31 437/1308/31 434/1299/31
f 435/1302/32 436/1306/32 434/1300/32 433/1296/32
f 440/1317/33 435/1303/33 433/1297/33 438/1311/33
f 439/1315/34 440/1318/34 438/1312/34 437/1309/34
f 438/1313/35 433/1298/35 434/1301/35 437/1310/35
f 439/1316/36 436/1307/36 435/1304/36 440/1319/36
f 444/1329/37 447/1338/37 445/1332/37 442/1323/37
f 443/1326/32 444/1330/32 442/1324/32 441/1320/32
f 448/1341/38 443/1327/38 441/1321/38 446/1335/38
f 447/1339/34 448/1342/34 446/1336/34 445/1333/34
f 446/1337/39 441/1322/39 442/1325/39 445/1334/39
f 447/1340/40 444/1331/40 443/1328/40 448/1343/40
f 452/1353/31 455/1362/31 453/1356/31 450/1347/31
f 451/1350/32 452/1354/32 450/1348/32 449/1344/32
f 456/1365/33 451/1351/33 449/1345/33 454/1359/33
f 455/1363/34 456/1366/34 454/1360/34 453/1357/34
f 454/1361/35 449/1346/35 450/1349/35 453/1358/35
f 455/1364/36 452/1355/36 451/1352/36 456/1367/36
f 460/1377/36 463/1386/36 461/1380/36 458/1371/36
f 459/1374/32 460/1378/32 458/1372/32 457/1368/32
f 464/1389/35 459/1375/35 457/1369/35 462/1383/35
f 463/1387/34 464/1390/34 462/1384/34 461/1381/34
f 462/1385/31 457/1370/31 458/1373/31 461/1382/31
f 463/1388/33 460/1379/33 459/1376/33 464/1391/33
f 468/1401/37 471/1410/37 469/1404/37 466/1395/37
f 467/1398/32 468/1402/32 466/1396/32 465/1392/32
f 472/1413/38 467/1399/38 465/1393/38 470/1407/38
f 471/1411/34 472/1414/34 470/1408/34 469/1405/34
f 470/1409/39 465/1394/39 466/1397/39 469/1406/39
f 471/1412/40 468/1403/40 467/1400/40 472/1415/40
f 476/1425/36 479/1434/36 477/1428/36 474/1419/36
f 475/1422/32 476/1426/32 474/1420/32 473/1416/32
f 480/1437/35 475/1423/35 473/1417/35 478/1431/35
f 479/1435/34 480/1438/34 478/1432/34 477/1429/34
f 478/1433/31 473/1418/31 474/1421/31 477/1430/31
f 479/1436/33 476/1427/33 475/1424/33 480/1439/33
f 484/1449/37 487/1458/37 485/1452/37 482/1443/37
f 483/1446/32 484/1450/32 482/1444/32 481/1440/32
f 488/1461/38 483/1447/38 481/1441/38 486/1455/38
f 487/1459/34 488/1462/34 486/1456/34 485/1453/34
f 486/1457/39 481/1442/39 482/1445/39 485/1454/39
f 487/1460/40 484/1451/40 483/1448/40 488/1463/40
f 492/1473/37 495/1482/37 493/1476/37 490/1467/37
f 491/1470/32 492/1474/32 490/1468/32 489/1464/32
f 496/1485/38 491/1471/38 489/1465/38 494/1479/38
f 495/1483/34 496/1486/34 494/1480/34 493/1477/34
f 494/1481/39 489/1466/39 490/1469/39 493/1478/39
f 495/1484/40 492/1475/40 491/1472/40 496/1487/40
f 500/1497/37 503/1506/37 501/1500/37 498/1491/37
f 499/1494/32 500/1498/32 498/1492/32 497/1488/32
f 504/1509/38 499/1495/38 497/1489/38 502/1503/38
f 503/1507/34 504/1510/34 502/1504/34 501/1501/34
f 502/1505/39 497/1490/39 498/1493/39 501/1502/39
f 503/1508/40 500/1499/40 499/1496/40 504/1511/40
f 508/1521/37 511/1530/37 509/1524/37 506/1515/37
f 507/1518/32 508/1522/32 506/1516/32 505/1512/32
f 512/1533/38 507/1519/38 505/1513/38 510/1527/38
f 511/1531/34 512/1534/34 510/1528/34 509/1525/34
f 510/1529/39 505/1514/39 506/1517/39 509/1526/39
f 511/1532/40 508/1523/40 507/1520/40 512/1535/40
f 516/1545/37 519/1554/37 517/1548/37 514/1539/37
f 515/1542/32 516/1546/32 514/1540/32 513/1536/32
f 520/1557/38 515/1543/38 513/1537/38 518/1551/38
f 519/1555/34 520/1558/34 518/1552/34 517/1549/34
f 518/1553/39 513/1538/39 514/1541/39 517/1550/39
f 519/1556/40 516/1547/40 515/1544/40 520/1559/40
f 524/1569/36 527/1578/36 525/1572/36 522/1563/36
f 523/1566/32 524/1570/32 522/1564/32 521/1560/32
f 528/1581/35 523/1567/35 521/1561/35 526/1575/35
f 527/1579/34 528/1582/34 526/1576/34 525/1573/34
f 526/1577/31 521/1562/31 522/1565/31 525/1574/31
f 527/1580/33 524/1571/33 523/1568/33 528/1583/33
f 532/1593/31 535/1602/31 533/1596/31 530/1587/31
f 531/1590/32 532/1594/32 530/1588/32 529/1584/32
f 536/1605/33 531/1591/33 529/1585/33 534/1599/33
f 535/1603/34 536/1606/34 534/1600/34 533/1597/34
f 534/1601/35 529/1586/35 530/1589/35 533/1598/35
f 535/1604/36 532/1595/36 531/1592/36 536/1607/36
f 540/1617/37 543/1626/37 541/1620/37 538/1611/37
f 539/1614/32 540/1618/32 538/1612/32 537/1608/32
f 544/1629/38 539/1615/38 537/1609/38 542/1623/38
f 543/1627/34 544/1630/34 542/1624/34 541/1621/34
f 542/1625/39 537/1610/39 538/1613/39 541/1622/39
f 543/1628/40 540/1619/40 539/1616/40 544/1631/40
f 548/1641/36 551/1650/36 549/1644/36 546/1635/36
f 547/1638/32 548/1642/32 546/1636/32 545/1632/32
f 552/1653/35 547/1639/35 545/1633/35 550/1647/35
f 551/1651/34 552/1654/34 550/1648/34 549/1645/34
f 550/1649/31 545/1634/31 546/1637/31 549/1646/31
f 551/1652/33 548/1643/33 547/1640/33 552/1655/33
f 556/1665/37 559/1674/37 557/1668/37 554/1659/37
f 555/1662/32 556/1666/32 554/1660/32 553/1656/32
f 560/1677/38 555/1663/38 553/1657/38 558/1671/38
f 559/1675/34 560/1678/34 558/1672/34 557/1669/34
f 558/1673/39 553/1658/39 554/1661/39 557/1670/39
f 559/1676/40 556/1667/40 555/1664/40 560/1679/40
f 564/1689/31 567/1698/31 565/1692/31 562/1683/31
f 563/1686/32 564/1690/32 562/1684/32 561/1680/32
f 568/1701/33 563/1687/33 561/1681/33 566/1695/33
f 567/1699/34 568/1702/34 566/1696/34 565/1693/34
f 566/1697/35 561/1682/35 562/1685/35 565/1694/35
f 567/1700/36 564/1691/36 563/1688/36 568/1703/36
f 572/1713/37 575/1722/37 573/1716/37 570/1707/37
f 571/1710/32 572/1714/32 570/1708/32 569/1704/32
f 576/1725/38 571/1711/38 569/1705/38 574/1719/38
f 575/1723/34 576/1726/34 574/1720/34 573/1717/34
f 574/1721/39 569/1706/39 570/1709/39 573/1718/39
f 575/1724/40 572/1715/40 571/1712/40 576/1727/40
o w3
v -1.305745 0.177138 -2.603508
v -1.305745 0.561632 -2.219017
v -1.305744 -0.005348 -2.421023
v -1.305744 0.379146 -2.036530
v -0.849259 0.561632 -2.219015
v -0.849259 0.177138 -2.603509
v -0.849259 0.379146 -2.036530
v -0.849259 -0.005348 -2.421023
v -1.304971 1.279274 -2.964264
v -1.304970 1.279274 -2.421797
v -1.304971 1.022489 -2.964264
v -1.304970 1.022489 -2.421797
v -0.849775 1.279274 -2.421796
v -0.849775 1.279274 -2.964264
v -0.849775 1.022489 -2.421797
v -0.849775 1.022489 -2.964264
v -1.305744 0.895554 -3.349531
v -1.305745 1.280048 -2.965039
v -1.305745 0.713067 -3.167045
v -1.305744 1.097562 -2.782553
v -0.849259 1.280048 -2.965039
v -0.849258 0.895554 -3.349532
v -0.849260 1.097562 -2.782553
v -0.849259 0.713067 -3.167045
v -1.305745 0.561633 -3.167045
v -1.305744 0.177138 -2.782553
v -1.305744 0.379146 -3.349531
v -1.305745 -0.005348 -2.965039
v -0.849260 0.177138 -2.782553
v -0.849259 0.561633 -3.167045
v -0.849259 -0.005348 -2.965039
v -0.849258 0.379146 -3.349532
v -1.304970 0.894780 -3.348757
v -1.304970 0.894780 -3.081325
v -1.304970 0.379920 -3.348757
v -1.304970 0.379920 -3.081325
v -0.849774 0.894780 -3.081325
v -0.849775 0.894780 -3.348757
v -0.849774 0.379920 -3.081325
v -0.849775 0.379920 -3.348757
v -1.305744 1.280048 -2.421023
v -1.305744 0.895554 -2.036530
v -1.305745 1.097561 -2.603508
v -1.305745 0.713067 -2.219017
v -0.849259 0.895554 -2.036530
v -0.849259 1.280048 -2.421023
v -0.849259 0.713067 -2.219015
v -0.849259 1.097561 -2.603509
v -1.304971 0.252211 -2.964264
v -1.304970 0.252211 -2.421797
v -1.304971 -0.004574 -2.964264
v -1.304970 -0.004574 -2.421797
v -0.849775 0.252211 -2.421797
v -0.849775 0.252211 -2.964264
v -0.849775 -0.004574 -2.421797
v -0.849775 -0.004574 -2.964264
v -1.304971 0.894780 -2.304737
v -1.304971 0.894780 -2.037304
v -1.304971 0.379920 -2.304737
v -1.304971 0.379920 -2.037304
v -0.849775 0.894780 -2.037305
v -0.849775 0.894780 -2.304735
v -0.849775 0.379920 -2.037305
v -0.849775 0.379920 -2.304735
v -1.232968 0.382498 -2.866639
v -1.232968 0.382498 -2.524898
v -1.232968 0.253203 -2.866639
v -1.232968 0.253203 -2.524898
v -0.840743 0.382498 -2.524896
v -0.840743 0.382498 -2.866640
v -0.840743 0.253203 -2.524896
v -0.840743 0.253203 -2.866640
v -1.172321 0.920182 -3.018630
v -1.172320 0.920182 -2.413966
v -1.172321 0.368046 -3.018630
v -1.172320 0.368046 -2.413966
v -1.042056 0.920182 -2.413965
v -1.042055 0.920182 -3.018628
v -1.042056 0.368046 -2.413965
v -1.042055 0.368046 -3.018628
v -1.232968 1.021715 -2.860390
v -1.232968 1.021715 -2.531350
v -1.232968 0.892419 -2.860390
v -1.232968 0.892419 -2.531350
v -0.840743 1.021715 -2.531350
v -0.840743 1.021715 -2.860390
v -0.840743 0.892419 -2.531350
v -0.840743 0.892419 -2.860390
v -1.232837 1.021679 -2.526327
v -1.232837 0.799598 -2.304248
v -1.232837 0.930436 -2.617570
v -1.232837 0.708355 -2.395491
v -0.840870 0.799598 -2.304248
v -0.840870 1.021679 -2.526327
v -0.840870 0.708355 -2.395491
v -0.840870 0.930436 -2.617570
v -1.232837 0.799598 -3.085037
v -1.232837 1.021679 -2.862958
v -1.232837 0.708355 -2.993793
v -1.232836 0.930436 -2.771714
v -0.840869 1.021679 -2.862957
v -0.840870 0.799598 -3.085036
v -0.840870 0.930436 -2.771714
v -0.840869 0.708355 -2.993794
v -1.232968 0.799935 -3.084018
v -1.232967 0.799935 -2.962479
v -1.232968 0.470429 -3.084018
v -1.232967 0.470429 -2.962479
v -0.840743 0.799935 -2.962480
v -0.840742 0.799935 -3.084017
v -0.840743 0.470429 -2.962480
v -0.840742 0.470429 -3.084017
v -1.232837 0.564461 -2.992739
v -1.232837 0.342380 -2.770659
v -1.232837 0.473218 -3.083982
v -1.232837 0.251137 -2.861901
v -0.840870 0.342380 -2.770658
v -0.840870 0.564461 -2.992739
v -0.840870 0.251137 -2.861902
v -0.840870 0.473218 -3.083983
v -1.232839 0.730770 -2.783744
v -1.232839 0.730770 -2.603093
v -1.232839 0.550118 -2.783744
v -1.232839 0.550118 -2.603093
v -1.098945 0.730770 -2.603094
v -1.098945 0.730770 -2.783744
v -1.098945 0.550118 -2.603094
v -1.098945 0.550118 -2.783744
v -1.232837 0.342523 -2.618484
v -1.232837 0.564461 -2.396545
v -1.232837 0.251279 -2.527240
v -1.232837 0.473218 -2.305302
v -0.840870 0.564461 -2.396545
v -0.840870 0.342523 -2.618483
v -0.840870 0.473218 -2.305302
v -0.840870 0.251279 -2.527240
v -1.232968 0.799935 -2.426806
v -1.232968 0.799935 -2.305268
v -1.232968 0.470429 -2.426806
v -1.232968 0.470429 -2.305268
v -0.840743 0.799935 -2.305268
v -0.840742 0.799935 -2.426805
v -0.840743 0.470429 -2.305268
v -0.840742 0.470429 -2.426805
vn -0.0000 0.7071 0.7071
vn -1.0000 -0.0000 -0.0000
vn -0.0000 -0.7071 -0.7071
vn 1.0000 -0.0000 -0.0000
vn -0.0000 0.7071 -0.7071
vn -0.0000 -0.7071 0.7071
vn -0.0000 -0.0000 1.0000
vn -0.0000 -0.0000 -1.0000
vn -0.0000 1.0000 -0.0000
vn -0.0000 -1.0000 -0.0000
vt 0.218750 0.380859
vt 0.660156 0.695312
vt 0.392578 0.421875
vt 0.646484 0.705078
vt 0.236328 0.380859
vt 0.392578 0.404297
vt 0.218750 0.373047
vt 0.660156 0.687500
vt 0.406250 0.421875
vt 0.646484 0.697266
vt 0.236328 0.373047
vt 0.406250 0.404297
vt 0.660156 0.705078
vt 0.236328 0.380859
vt 0.406250 0.404297
vt 0.646484 0.695312
vt 0.253906 0.380859
vt 0.406250 0.421875
vt 0.660156 0.697266
vt 0.236328 0.373047
vt 0.419922 0.404297
vt 0.646484 0.687500
vt 0.253906 0.373047
vt 0.419922 0.421875
vt 0.269531 0.380859
vt 0.439453 0.353516
vt 0.419922 0.421875
vt 0.412109 0.353516
vt 0.287109 0.380859
vt 0.419922 0.404297
vt 0.269531 0.373047
vt 0.439453 0.345703
vt 0.578125 0.496094
vt 0.412109 0.345703
vt 0.287109 0.373047
vt 0.578125 0.478516
vt 0.425781 0.353516
vt 0.302734 0.380859
vt 0.433594 0.404297
vt 0.425781 0.353516
vt 0.320312 0.380859
vt 0.433594 0.421875
vt 0.425781 0.345703
vt 0.302734 0.373047
vt 0.591797 0.478516
vt 0.425781 0.345703
vt 0.320312 0.373047
vt 0.591797 0.496094
vt 0.619141 0.656250
vt 0.660156 0.494141
vt 0.582031 0.730469
vt 0.496094 0.353516
vt 0.636719 0.656250
vt 0.582031 0.712891
vt 0.619141 0.648438
vt 0.660156 0.486328
vt 0.582031 0.712891
vt 0.496094 0.345703
vt 0.636719 0.648438
vt 0.582031 0.695312
vt 0.509766 0.353516
vt 0.619141 0.648438
vt 0.595703 0.712891
vt 0.646484 0.494141
vt 0.636719 0.648438
vt 0.595703 0.730469
vt 0.509766 0.345703
vt 0.619141 0.640625
vt 0.595703 0.695312
vt 0.646484 0.486328
vt 0.636719 0.640625
vt 0.595703 0.712891
vt 0.619141 0.599609
vt 0.568359 0.353516
vt 0.554688 0.416016
vt 0.509766 0.353516
vt 0.636719 0.599609
vt 0.554688 0.398438
vt 0.619141 0.591797
vt 0.568359 0.345703
vt 0.585938 0.919922
vt 0.509766 0.345703
vt 0.636719 0.591797
vt 0.585938 0.902344
vt 0.523438 0.353516
vt 0.619141 0.591797
vt 0.568359 0.398438
vt 0.554688 0.353516
vt 0.636719 0.591797
vt 0.568359 0.416016
vt 0.523438 0.345703
vt 0.619141 0.583984
vt 0.599609 0.902344
vt 0.554688 0.345703
vt 0.636719 0.583984
vt 0.599609 0.919922
vt 0.365234 0.375000
vt 0.605469 0.503906
vt 0.591797 0.353516
vt 0.474609 0.408203
vt 0.373047 0.375000
vt 0.591797 0.345703
vt 0.365234 0.359375
vt 0.605469 0.488281
vt 0.648438 0.992188
vt 0.474609 0.392578
vt 0.373047 0.359375
vt 0.648438 0.984375
vt 0.488281 0.408203
vt 0.373047 0.375000
vt 0.605469 0.345703
vt 0.591797 0.503906
vt 0.380859 0.375000
vt 0.605469 0.353516
vt 0.488281 0.392578
vt 0.373047 0.359375
vt 0.662109 0.984375
vt 0.591797 0.488281
vt 0.380859 0.359375
vt 0.662109 0.992188
vt 0.619141 0.583984
vt 0.041016 0.351562
vt 0.585938 0.808594
vt 0.013672 0.351562
vt 0.636719 0.583984
vt 0.585938 0.791016
vt 0.619141 0.576172
vt 0.041016 0.343750
vt 0.585938 0.683594
vt 0.013672 0.343750
vt 0.636719 0.576172
vt 0.585938 0.666016
vt 0.027344 0.351562
vt 0.619141 0.576172
vt 0.599609 0.791016
vt 0.027344 0.351562
vt 0.636719 0.576172
vt 0.599609 0.808594
vt 0.027344 0.343750
vt 0.619141 0.568359
vt 0.599609 0.666016
vt 0.027344 0.343750
vt 0.636719 0.568359
vt 0.599609 0.683594
vt 0.425781 0.380859
vt 0.662109 0.919922
vt 0.585938 0.636719
vt 0.041016 0.351562
vt 0.443359 0.380859
vt 0.585938 0.619141
vt 0.425781 0.373047
vt 0.662109 0.912109
vt 0.585938 0.552734
vt 0.041016 0.343750
vt 0.443359 0.373047
vt 0.585938 0.535156
vt 0.054688 0.351562
vt 0.619141 0.394531
vt 0.599609 0.619141
vt 0.648438 0.919922
vt 0.636719 0.394531
vt 0.599609 0.636719
vt 0.054688 0.343750
vt 0.619141 0.386719
vt 0.599609 0.535156
vt 0.648438 0.912109
vt 0.636719 0.386719
vt 0.599609 0.552734
vt 0.380859 0.375000
vt 0.144531 0.406250
vt 0.648438 0.912109
vt 0.582031 0.408203
vt 0.388672 0.375000
vt 0.648438 0.904297
vt 0.380859 0.359375
vt 0.144531 0.390625
vt 0.117188 0.351562
vt 0.582031 0.392578
vt 0.388672 0.359375
vt 0.117188 0.343750
vt 0.595703 0.408203
vt 0.388672 0.375000
vt 0.662109 0.904297
vt 0.130859 0.406250
vt 0.396484 0.375000
vt 0.662109 0.912109
vt 0.595703 0.392578
vt 0.388672 0.359375
vt 0.130859 0.343750
vt 0.130859 0.390625
vt 0.396484 0.359375
vt 0.130859 0.351562
vt 0.666016 0.945312
vt 0.669922 0.462891
vt 0.589844 0.365234
vt 0.535156 0.341797
vt 0.675781 0.945312
vt 0.589844 0.355469
vt 0.666016 0.941406
vt 0.669922 0.458984
vt 0.636719 0.990234
vt 0.535156 0.337891
vt 0.675781 0.941406
vt 0.636719 0.980469
vt 0.546875 0.341797
vt 0.666016 0.646484
vt 0.601562 0.355469
vt 0.658203 0.462891
vt 0.675781 0.646484
vt 0.601562 0.365234
vt 0.546875 0.337891
vt 0.666016 0.642578
vt 0.648438 0.980469
vt 0.658203 0.458984
vt 0.675781 0.642578
vt 0.648438 0.990234
vt 0.541016 0.593750
vt 0.138672 0.345703
vt 0.578125 0.347656
vt 0.130859 0.345703
vt 0.560547 0.593750
vt 0.578125 0.328125
vt 0.541016 0.576172
vt 0.138672 0.328125
vt 0.582031 0.347656
vt 0.130859 0.328125
vt 0.560547 0.576172
vt 0.582031 0.328125
vt 0.134766 0.345703
vt 0.015625 0.457031
vt 0.582031 0.328125
vt 0.134766 0.345703
vt 0.035156 0.457031
vt 0.582031 0.347656
vt 0.134766 0.328125
vt 0.015625 0.439453
vt 0.585938 0.328125
vt 0.134766 0.328125
vt 0.035156 0.439453
vt 0.585938 0.347656
vt 0.666016 0.642578
vt 0.669922 0.455078
vt 0.060547 0.363281
vt 0.658203 0.458984
vt 0.675781 0.642578
vt 0.060547 0.353516
vt 0.666016 0.638672
vt 0.669922 0.451172
vt 0.072266 0.363281
vt 0.658203 0.455078
vt 0.675781 0.638672
vt 0.072266 0.353516
vt 0.669922 0.458984
vt 0.666016 0.611328
vt 0.072266 0.353516
vt 0.658203 0.455078
vt 0.675781 0.611328
vt 0.072266 0.363281
vt 0.669922 0.455078
vt 0.666016 0.607422
vt 0.083984 0.353516
vt 0.658203 0.451172
vt 0.675781 0.607422
vt 0.083984 0.363281
vt 0.666016 0.599609
vt 0.669922 0.447266
vt 0.636719 0.919922
vt 0.658203 0.451172
vt 0.675781 0.599609
vt 0.636719 0.910156
vt 0.666016 0.595703
vt 0.669922 0.443359
vt 0.083984 0.363281
vt 0.658203 0.447266
vt 0.675781 0.595703
vt 0.083984 0.353516
vt 0.669922 0.451172
vt 0.666016 0.595703
vt 0.648438 0.910156
vt 0.658203 0.447266
vt 0.675781 0.595703
vt 0.648438 0.919922
vt 0.669922 0.447266
vt 0.666016 0.591797
vt 0.095703 0.353516
vt 0.658203 0.443359
vt 0.675781 0.591797
vt 0.095703 0.363281
vt 0.666016 0.527344
vt 0.669922 0.439453
vt 0.636719 0.910156
vt 0.658203 0.443359
vt 0.675781 0.527344
vt 0.636719 0.900391
vt 0.666016 0.523438
vt 0.669922 0.435547
vt 0.095703 0.363281
vt 0.658203 0.439453
vt 0.675781 0.523438
vt 0.095703 0.353516
vt 0.669922 0.443359
vt 0.535156 0.333984
vt 0.648438 0.900391
vt 0.658203 0.439453
vt 0.544922 0.333984
vt 0.648438 0.910156
vt 0.669922 0.439453
vt 0.535156 0.330078
vt 0.107422 0.353516
vt 0.658203 0.435547
vt 0.544922 0.330078
vt 0.107422 0.363281
vt 0.158203 0.333984
vt 0.156250 0.363281
vt 0.658203 0.435547
vt 0.132812 0.363281
vt 0.162109 0.333984
vt 0.658203 0.431641
vt 0.158203 0.324219
vt 0.156250 0.353516
vt 0.658203 0.431641
vt 0.132812 0.353516
vt 0.162109 0.324219
vt 0.658203 0.427734
vt 0.144531 0.363281
vt 0.439453 0.333984
vt 0.669922 0.431641
vt 0.144531 0.363281
vt 0.443359 0.333984
vt 0.669922 0.435547
vt 0.144531 0.353516
vt 0.439453 0.324219
vt 0.669922 0.427734
vt 0.144531 0.353516
vt 0.443359 0.324219
vt 0.669922 0.431641
vt 0.615234 0.333984
vt 0.669922 0.423828
vt 0.636719 0.791016
vt 0.658203 0.427734
vt 0.625000 0.333984
vt 0.636719 0.781250
vt 0.615234 0.330078
vt 0.669922 0.419922
vt 0.218750 0.363281
vt 0.658203 0.423828
vt 0.625000 0.330078
vt 0.218750 0.353516
vt 0.669922 0.427734
vt 0.666016 0.339844
vt 0.648438 0.781250
vt 0.658203 0.423828
vt 0.675781 0.339844
vt 0.648438 0.791016
vt 0.669922 0.423828
vt 0.666016 0.335938
vt 0.230469 0.353516
vt 0.658203 0.419922
vt 0.675781 0.335938
vt 0.230469 0.363281
vt 0.667969 0.382812
vt 0.025391 0.328125
vt 0.017578 0.328125
vt 0.673828 0.382812
vt 0.025391 0.322266
vt 0.667969 0.376953
vt 0.025391 0.322266
vt 0.671875 0.972656
vt 0.017578 0.322266
vt 0.673828 0.376953
vt 0.671875 0.966797
vt 0.021484 0.328125
vt 0.667969 0.376953
vt 0.029297 0.322266
vt 0.021484 0.328125
vt 0.673828 0.376953
vt 0.029297 0.328125
vt 0.021484 0.322266
vt 0.667969 0.371094
vt 0.675781 0.966797
vt 0.021484 0.322266
vt 0.673828 0.371094
vt 0.675781 0.972656
vt 0.666016 0.335938
vt 0.025391 0.339844
vt 0.230469 0.363281
vt 0.615234 0.341797
vt 0.675781 0.335938
vt 0.230469 0.353516
vt 0.666016 0.332031
vt 0.025391 0.335938
vt 0.242188 0.363281
vt 0.615234 0.337891
vt 0.675781 0.332031
vt 0.242188 0.353516
vt 0.626953 0.341797
vt 0.667969 0.998047
vt 0.242188 0.353516
vt 0.013672 0.339844
vt 0.677734 0.998047
vt 0.242188 0.363281
vt 0.626953 0.337891
vt 0.667969 0.994141
vt 0.253906 0.353516
vt 0.013672 0.335938
vt 0.677734 0.994141
vt 0.253906 0.363281
vt 0.548828 0.333984
vt 0.281250 0.363281
vt 0.025391 0.339844
vt 0.636719 0.746094
vt 0.552734 0.333984
vt 0.025391 0.335938
vt 0.548828 0.324219
vt 0.281250 0.353516
vt 0.660156 0.972656
vt 0.636719 0.736328
vt 0.552734 0.324219
vt 0.660156 0.968750
vt 0.648438 0.746094
vt 0.572266 0.333984
vt 0.037109 0.335938
vt 0.269531 0.363281
vt 0.576172 0.333984
vt 0.037109 0.339844
vt 0.648438 0.736328
vt 0.572266 0.324219
vt 0.671875 0.968750
vt 0.269531 0.353516
vt 0.576172 0.324219
vt 0.671875 0.972656
s 1
usemtl fmtv_tex_1.png.001
f 580/1737/41 583/1746/41 581/1740/41 578/1731/41
f 579/1734/42 580/1738/42 578/1732/42 577/1728/42
f 584/1749/43 579/1735/43 577/1729/43 582/1743/43
f 583/1747/44 584/1750/44 582/1744/44 581/1741/44
f 582/1745/45 577/1730/45 578/1733/45 581/1742/45
f 583/1748/46 580/1739/46 579/1736/46 584/1751/46
f 588/1761/47 591/1770/47 589/1764/47 586/1755/47
f 587/1758/42 588/1762/42 586/1756/42 585/1752/42
f 592/1773/48 587/1759/48 585/1753/48 590/1767/48
f 591/1771/44 592/1774/44 590/1768/44 589/1765/44
f 590/1769/49 585/1754/49 586/1757/49 589/1766/49
f 591/1772/50 588/1763/50 587/1760/50 592/1775/50
f 596/1785/41 599/1794/41 597/1788/41 594/1779/41
f 595/1782/42 596/1786/42 594/1780/42 593/1776/42
f 600/1797/43 595/1783/43 593/1777/43 598/1791/43
f 599/1795/44 600/1798/44 598/1792/44 597/1789/44
f 598/1793/45 593/1778/45 594/1781/45 597/1790/45
f 599/1796/46 596/1787/46 595/1784/46 600/1799/46
f 604/1809/46 607/1818/46 605/1812/46 602/1803/46
f 603/1806/42 604/1810/42 602/1804/42 601/1800/42
f 608/1821/45 603/1807/45 601/1801/45 606/1815/45
f 607/1819/44 608/1822/44 606/1816/44 605/1813/44
f 606/1817/41 601/1802/41 602/1805/41 605/1814/41
f 607/1820/43 604/1811/43 603/1808/43 608/1823/43
f 612/1833/47 615/1842/47 613/1836/47 610/1827/47
f 611/1830/42 612/1834/42 610/1828/42 609/1824/42
f 616/1845/48 611/1831/48 609/1825/48 614/1839/48
f 615/1843/44 616/1846/44 614/1840/44 613/1837/44
f 614/1841/49 609/1826/49 610/1829/49 613/1838/49
f 615/1844/50 612/1835/50 611/1832/50 616/1847/50
f 620/1857/46 623/1866/46 621/1860/46 618/1851/46
f 619/1854/42 620/1858/42 618/1852/42 617/1848/42
f 624/1869/45 619/1855/45 617/1849/45 622/1863/45
f 623/1867/44 624/1870/44 622/1864/44 621/1861/44
f 622/1865/41 617/1850/41 618/1853/41 621/1862/41
f 623/1868/43 620/1859/43 619/1856/43 624/1871/43
f 628/1881/47 631/1890/47 629/1884/47 626/1875/47
f 627/1878/42 628/1882/42 626/1876/42 625/1872/42
f 632/1893/48 627/1879/48 625/1873/48 630/1887/48
f 631/1891/44 632/1894/44 630/1888/44 629/1885/44
f 630/1889/49 625/1874/49 626/1877/49 629/1886/49
f 631/1892/50 628/1883/50 627/1880/50 632/1895/50
f 636/1905/47 639/1914/47 637/1908/47 634/1899/47
f 635/1902/42 636/1906/42 634/1900/42 633/1896/42
f 640/1917/48 635/1903/48 633/1897/48 638/1911/48
f 639/1915/44 640/1918/44 638/1912/44 637/1909/44
f 638/1913/49 633/1898/49 634/1901/49 637/1910/49
f 639/1916/50 636/1907/50 635/1904/50 640/1919/50
f 644/1929/47 647/1938/47 645/1932/47 642/1923/47
f 643/1926/42 644/1930/42 642/1924/42 641/1920/42
f 648/1941/48 643/1927/48 641/1921/48 646/1935/48
f 647/1939/44 648/1942/44 646/1936/44 645/1933/44
f 646/1937/49 641/1922/49 642/1925/49 645/1934/49
f 647/1940/50 644/1931/50 643/1928/50 648/1943/50
f 652/1953/47 655/1962/47 653/1956/47 650/1947/47
f 651/1950/42 652/1954/42 650/1948/42 649/1944/42
f 656/1965/48 651/1951/48 649/1945/48 654/1959/48
f 655/1963/44 656/1966/44 654/1960/44 653/1957/44
f 654/1961/49 649/1946/49 650/1949/49 653/1958/49
f 655/1964/50 652/1955/50 651/1952/50 656/1967/50
f 660/1977/47 663/1986/47 661/1980/47 658/1971/47
f 659/1974/42 660/1978/42 658/1972/42 657/1968/42
f 664/1989/48 659/1975/48 657/1969/48 662/1983/48
f 663/1987/44 664/1990/44 662/1984/44 661/1981/44
f 662/1985/49 657/1970/49 658/1973/49 661/1982/49
f 663/1988/50 660/1979/50 659/1976/50 664/1991/50
f 668/2001/46 671/2010/46 669/2004/46 666/1995/46
f 667/1998/42 668/2002/42 666/1996/42 665/1992/42
f 672/2013/45 667/1999/45 665/1993/45 670/2007/45
f 671/2011/44 672/2014/44 670/2008/44 669/2005/44
f 670/2009/41 665/1994/41 666/1997/41 669/2006/41
f 671/2012/43 668/2003/43 667/2000/43 672/2015/43
f 676/2025/41 679/2034/41 677/2028/41 674/2019/41
f 675/2022/42 676/2026/42 674/2020/42 673/2016/42
f 680/2037/43 675/2023/43 673/2017/43 678/2031/43
f 679/2035/44 680/2038/44 678/2032/44 677/2029/44
f 678/2033/45 673/2018/45 674/2021/45 677/2030/45
f 679/2036/46 676/2027/46 675/2024/46 680/2039/46
f 684/2049/47 687/2058/47 685/2052/47 682/2043/47
f 683/2046/42 684/2050/42 682/2044/42 681/2040/42
f 688/2061/48 683/2047/48 681/2041/48 686/2055/48
f 687/2059/44 688/2062/44 686/2056/44 685/2053/44
f 686/2057/49 681/2042/49 682/2045/49 685/2054/49
f 687/2060/50 684/2051/50 683/2048/50 688/2063/50
f 692/2073/46 695/2082/46 693/2076/46 690/2067/46
f 691/2070/42 692/2074/42 690/2068/42 689/2064/42
f 696/2085/45 691/2071/45 689/2065/45 694/2079/45
f 695/2083/44 696/2086/44 694/2080/44 693/2077/44
f 694/2081/41 689/2066/41 690/2069/41 693/2078/41
f 695/2084/43 692/2075/43 691/2072/43 696/2087/43
f 700/2096/47 703/2105/47 701/2099/47 698/2090/47
f 699/2093/42 700/2097/42 698/2091/42 697/2088/42
f 704/2108/48 699/2094/48 697/2089/48 702/2102/48
f 703/2106/44 704/2109/44 702/2103/44 701/2100/44
f 702/2104/49 697/2089/49 698/2092/49 701/2101/49
f 703/2107/50 700/2098/50 699/2095/50 704/2110/50
f 708/2120/41 711/2129/41 709/2123/41 706/2114/41
f 707/2117/42 708/2121/42 706/2115/42 705/2111/42
f 712/2132/43 707/2118/43 705/2112/43 710/2126/43
f 711/2130/44 712/2133/44 710/2127/44 709/2124/44
f 710/2128/45 705/2113/45 706/2116/45 709/2125/45
f 711/2131/46 708/2122/46 707/2119/46 712/2134/46
f 716/2144/47 719/2153/47 717/2147/47 714/2138/47
f 715/2141/42 716/2145/42 714/2139/42 713/2135/42
f 720/2156/48 715/2142/48 713/2136/48 718/2150/48
f 719/2154/44 720/2157/44 718/2151/44 717/2148/44
f 718/2152/49 713/2137/49 714/2140/49 717/2149/49
f 719/2155/50 716/2146/50 715/2143/50 720/2158/50
o w1
v -1.305746 0.177138 2.421470
v -1.305746 0.561632 2.805964
v -1.305745 -0.005349 2.603956
v -1.305745 0.379145 2.988449
v -0.849260 0.561632 2.805963
v -0.849260 0.177138 2.421470
v -0.849260 0.379145 2.988449
v -0.849260 -0.005349 2.603956
v -1.304971 1.279273 2.060714
v -1.304972 1.279273 2.603181
v -1.304971 1.022488 2.060714
v -1.304972 1.022488 2.603181
v -0.849776 1.279273 2.603182
v -0.849776 1.279273 2.060714
v -0.849776 1.022488 2.603182
v -0.849776 1.022488 2.060714
v -1.305745 0.895553 1.675447
v -1.305745 1.280047 2.059940
v -1.305745 0.713067 1.857933
v -1.305745 1.097561 2.242425
v -0.849260 1.280047 2.059940
v -0.849260 0.895553 1.675447
v -0.849260 1.097561 2.242425
v -0.849260 0.713067 1.857933
v -1.305745 0.561632 1.857933
v -1.305745 0.177138 2.242425
v -1.305745 0.379145 1.675447
v -1.305745 -0.005349 2.059940
v -0.849260 0.177138 2.242425
v -0.849260 0.561632 1.857933
v -0.849260 -0.005349 2.059940
v -0.849260 0.379145 1.675447
v -1.304971 0.894779 1.676222
v -1.304971 0.894779 1.943653
v -1.304971 0.379919 1.676222
v -1.304971 0.379919 1.943653
v -0.849776 0.894779 1.943653
v -0.849776 0.894779 1.676221
v -0.849776 0.379919 1.943653
v -0.849776 0.379919 1.676221
v -1.305745 1.280047 2.603956
v -1.305745 0.895553 2.988449
v -1.305746 1.097561 2.421470
v -1.305746 0.713066 2.805964
v -0.849260 0.895553 2.988449
v -0.849260 1.280047 2.603956
v -0.849260 0.713066 2.805963
v -0.849260 1.097561 2.421470
v -1.304971 0.252210 2.060714
v -1.304972 0.252210 2.603181
v -1.304971 -0.004575 2.060714
v -1.304972 -0.004575 2.603181
v -0.849776 0.252210 2.603182
v -0.849776 0.252210 2.060714
v -0.849776 -0.004575 2.603182
v -0.849776 -0.004575 2.060714
v -1.304972 0.894779 2.720243
v -1.304972 0.894779 2.987675
v -1.304972 0.379919 2.720243
v -1.304972 0.379919 2.987675
v -0.849776 0.894779 2.987674
v -0.849776 0.894779 2.720243
v -0.849776 0.379919 2.987674
v -0.849776 0.379919 2.720243
v -1.232968 0.382497 2.158339
v -1.232969 0.382497 2.500082
v -1.232968 0.253202 2.158339
v -1.232969 0.253202 2.500082
v -0.840744 0.382497 2.500081
v -0.840743 0.382497 2.158339
v -0.840744 0.253202 2.500081
v -0.840743 0.253202 2.158339
v -1.172321 0.920181 2.006350
v -1.172322 0.920181 2.611014
v -1.172321 0.368045 2.006350
v -1.172322 0.368045 2.611014
v -1.042057 0.920181 2.611012
v -1.042057 0.920181 2.006350
v -1.042057 0.368045 2.611012
v -1.042057 0.368045 2.006350
v -1.232969 1.021714 2.164589
v -1.232969 1.021714 2.493629
v -1.232969 0.892419 2.164589
v -1.232969 0.892419 2.493629
v -0.840744 1.021714 2.493629
v -0.840744 1.021714 2.164589
v -0.840744 0.892419 2.493629
v -0.840744 0.892419 2.164589
v -1.232838 1.021678 2.498652
v -1.232838 0.799597 2.720733
v -1.232838 0.930435 2.407409
v -1.232838 0.708354 2.629489
v -0.840871 0.799597 2.720732
v -0.840871 1.021678 2.498651
v -0.840871 0.708354 2.629488
v -0.840870 0.930435 2.407408
v -1.232838 0.799597 1.939941
v -1.232838 1.021678 2.162021
v -1.232838 0.708354 2.031184
v -1.232838 0.930435 2.253264
v -0.840871 1.021678 2.162021
v -0.840871 0.799597 1.939941
v -0.840870 0.930435 2.253264
v -0.840870 0.708354 2.031183
v -1.232968 0.799934 1.940961
v -1.232968 0.799934 2.062498
v -1.232968 0.470428 1.940961
v -1.232968 0.470428 2.062498
v -0.840744 0.799934 2.062499
v -0.840743 0.799934 1.940961
v -0.840744 0.470428 2.062499
v -0.840743 0.470428 1.940961
v -1.232838 0.564460 2.032239
v -1.232838 0.342379 2.254319
v -1.232837 0.473217 1.940996
v -1.232838 0.251136 2.163076
v -0.840870 0.342379 2.254319
v -0.840871 0.564460 2.032239
v -0.840871 0.251136 2.163076
v -0.840871 0.473217 1.940996
v -1.232840 0.730770 2.241233
v -1.232840 0.730770 2.421885
v -1.232840 0.550117 2.241233
v -1.232840 0.550117 2.421885
v -1.098947 0.730770 2.421885
v -1.098946 0.730770 2.241233
v -1.098947 0.550117 2.421885
v -1.098946 0.550117 2.241233
v -1.232838 0.342522 2.406496
v -1.232838 0.564460 2.628434
v -1.232838 0.251279 2.497739
v -1.232838 0.473217 2.719676
v -0.840871 0.564460 2.628434
v -0.840871 0.342522 2.406496
v -0.840870 0.473217 2.719677
v -0.840870 0.251279 2.497738
v -1.232969 0.799934 2.598174
v -1.232970 0.799934 2.719712
v -1.232969 0.470428 2.598174
v -1.232970 0.470428 2.719712
v -0.840744 0.799934 2.719712
v -0.840743 0.799934 2.598173
v -0.840744 0.470428 2.719712
v -0.840743 0.470428 2.598173
vn -0.0000 0.7071 0.7071
vn -1.0000 -0.0000 -0.0000
vn -0.0000 -0.7071 -0.7071
vn 1.0000 -0.0000 -0.0000
vn -0.0000 0.7071 -0.7071
vn -0.0000 -0.7071 0.7071
vn -0.0000 -0.0000 1.0000
vn -0.0000 -0.0000 -1.0000
vn -0.0000 1.0000 -0.0000
vn -0.0000 -1.0000 -0.0000
vt 0.619141 0.386719
vt 0.662109 0.791016
vt 0.585938 0.478516
vt 0.193359 0.351562
vt 0.636719 0.386719
vt 0.585938 0.460938
vt 0.619141 0.378906
vt 0.662109 0.783203
vt 0.585938 0.460938
vt 0.193359 0.343750
vt 0.636719 0.378906
vt 0.585938 0.443359
vt 0.207031 0.351562
vt 0.019531 0.378906
vt 0.599609 0.460938
vt 0.648438 0.791016
vt 0.037109 0.378906
vt 0.599609 0.478516
vt 0.207031 0.343750
vt 0.019531 0.371094
vt 0.599609 0.443359
vt 0.648438 0.783203
vt 0.037109 0.371094
vt 0.599609 0.460938
vt 0.621094 0.980469
vt 0.662109 0.669922
vt 0.585938 0.443359
vt 0.648438 0.746094
vt 0.638672 0.980469
vt 0.585938 0.425781
vt 0.621094 0.972656
vt 0.662109 0.662109
vt 0.585938 0.425781
vt 0.648438 0.738281
vt 0.638672 0.972656
vt 0.585938 0.408203
vt 0.662109 0.746094
vt 0.037109 0.378906
vt 0.599609 0.425781
vt 0.648438 0.669922
vt 0.054688 0.378906
vt 0.599609 0.443359
vt 0.662109 0.738281
vt 0.037109 0.371094
vt 0.599609 0.408203
vt 0.648438 0.662109
vt 0.054688 0.371094
vt 0.599609 0.425781
vt 0.621094 0.957031
vt 0.662109 0.662109
vt 0.587891 0.953125
vt 0.332031 0.351562
vt 0.638672 0.957031
vt 0.587891 0.935547
vt 0.621094 0.949219
vt 0.662109 0.654297
vt 0.117188 0.412109
vt 0.332031 0.343750
vt 0.638672 0.949219
vt 0.117188 0.394531
vt 0.345703 0.351562
vt 0.621094 0.865234
vt 0.601562 0.935547
vt 0.648438 0.662109
vt 0.638672 0.865234
vt 0.601562 0.953125
vt 0.345703 0.343750
vt 0.621094 0.857422
vt 0.130859 0.394531
vt 0.648438 0.654297
vt 0.638672 0.857422
vt 0.130859 0.412109
vt 0.621094 0.857422
vt 0.662109 0.654297
vt 0.587891 0.880859
vt 0.345703 0.351562
vt 0.638672 0.857422
vt 0.587891 0.863281
vt 0.621094 0.849609
vt 0.662109 0.646484
vt 0.587891 0.863281
vt 0.345703 0.343750
vt 0.638672 0.849609
vt 0.587891 0.845703
vt 0.359375 0.351562
vt 0.167969 0.378906
vt 0.601562 0.863281
vt 0.648438 0.654297
vt 0.185547 0.378906
vt 0.601562 0.880859
vt 0.359375 0.343750
vt 0.167969 0.371094
vt 0.601562 0.845703
vt 0.648438 0.646484
vt 0.185547 0.371094
vt 0.601562 0.863281
vt 0.412109 0.375000
vt 0.460938 0.406250
vt 0.359375 0.351562
vt 0.167969 0.406250
vt 0.419922 0.375000
vt 0.359375 0.343750
vt 0.412109 0.359375
vt 0.460938 0.390625
vt 0.373047 0.351562
vt 0.167969 0.390625
vt 0.419922 0.359375
vt 0.373047 0.343750
vt 0.181641 0.406250
vt 0.447266 0.375000
vt 0.373047 0.343750
vt 0.447266 0.406250
vt 0.455078 0.375000
vt 0.373047 0.351562
vt 0.181641 0.390625
vt 0.447266 0.359375
vt 0.386719 0.343750
vt 0.447266 0.390625
vt 0.455078 0.359375
vt 0.386719 0.351562
vt 0.621094 0.763672
vt 0.662109 0.599609
vt 0.587891 0.826172
vt 0.386719 0.351562
vt 0.638672 0.763672
vt 0.587891 0.808594
vt 0.621094 0.755859
vt 0.662109 0.591797
vt 0.347656 0.412109
vt 0.386719 0.343750
vt 0.638672 0.755859
vt 0.347656 0.394531
vt 0.400391 0.351562
vt 0.621094 0.755859
vt 0.601562 0.808594
vt 0.648438 0.599609
vt 0.638672 0.755859
vt 0.601562 0.826172
vt 0.400391 0.343750
vt 0.621094 0.748047
vt 0.361328 0.394531
vt 0.648438 0.591797
vt 0.638672 0.748047
vt 0.361328 0.412109
vt 0.621094 0.535156
vt 0.662109 0.583984
vt 0.587891 0.601562
vt 0.648438 0.591797
vt 0.638672 0.535156
vt 0.587891 0.583984
vt 0.621094 0.527344
vt 0.662109 0.576172
vt 0.587891 0.583984
vt 0.648438 0.583984
vt 0.638672 0.527344
vt 0.587891 0.566406
vt 0.662109 0.591797
vt 0.621094 0.527344
vt 0.601562 0.583984
vt 0.648438 0.583984
vt 0.638672 0.527344
vt 0.601562 0.601562
vt 0.662109 0.583984
vt 0.621094 0.519531
vt 0.601562 0.566406
vt 0.648438 0.576172
vt 0.638672 0.519531
vt 0.601562 0.583984
vt 0.455078 0.375000
vt 0.515625 0.406250
vt 0.447266 0.351562
vt 0.488281 0.406250
vt 0.462891 0.375000
vt 0.447266 0.343750
vt 0.455078 0.359375
vt 0.515625 0.390625
vt 0.648438 0.519531
vt 0.488281 0.390625
vt 0.462891 0.359375
vt 0.648438 0.511719
vt 0.501953 0.406250
vt 0.468750 0.375000
vt 0.460938 0.343750
vt 0.501953 0.406250
vt 0.476562 0.375000
vt 0.460938 0.351562
vt 0.501953 0.390625
vt 0.468750 0.359375
vt 0.662109 0.511719
vt 0.501953 0.390625
vt 0.476562 0.359375
vt 0.662109 0.519531
vt 0.013672 0.332031
vt 0.048828 0.339844
vt 0.292969 0.363281
vt 0.660156 0.968750
vt 0.023438 0.332031
vt 0.292969 0.353516
vt 0.013672 0.328125
vt 0.048828 0.335938
vt 0.636719 0.664062
vt 0.660156 0.964844
vt 0.023438 0.328125
vt 0.636719 0.654297
vt 0.671875 0.968750
vt 0.023438 0.332031
vt 0.304688 0.353516
vt 0.037109 0.339844
vt 0.033203 0.332031
vt 0.304688 0.363281
vt 0.671875 0.964844
vt 0.023438 0.328125
vt 0.648438 0.654297
vt 0.037109 0.335938
vt 0.033203 0.328125
vt 0.648438 0.664062
vt 0.542969 0.763672
vt 0.171875 0.345703
vt 0.585938 0.347656
vt 0.138672 0.345703
vt 0.562500 0.763672
vt 0.585938 0.328125
vt 0.542969 0.746094
vt 0.171875 0.328125
vt 0.652344 0.382812
vt 0.138672 0.328125
vt 0.562500 0.746094
vt 0.652344 0.363281
vt 0.142578 0.345703
vt 0.316406 0.457031
vt 0.589844 0.328125
vt 0.167969 0.345703
vt 0.335938 0.457031
vt 0.589844 0.347656
vt 0.142578 0.328125
vt 0.316406 0.439453
vt 0.656250 0.363281
vt 0.167969 0.328125
vt 0.335938 0.439453
vt 0.656250 0.382812
vt 0.033203 0.332031
vt 0.671875 0.937500
vt 0.636719 0.654297
vt 0.660156 0.941406
vt 0.042969 0.332031
vt 0.636719 0.644531
vt 0.033203 0.328125
vt 0.671875 0.933594
vt 0.636719 0.599609
vt 0.660156 0.937500
vt 0.042969 0.328125
vt 0.636719 0.589844
vt 0.671875 0.941406
vt 0.667969 0.900391
vt 0.648438 0.644531
vt 0.660156 0.937500
vt 0.677734 0.900391
vt 0.648438 0.654297
vt 0.671875 0.937500
vt 0.667969 0.896484
vt 0.648438 0.589844
vt 0.660156 0.933594
vt 0.677734 0.896484
vt 0.648438 0.599609
vt 0.667969 0.896484
vt 0.671875 0.929688
vt 0.636719 0.589844
vt 0.660156 0.933594
vt 0.677734 0.896484
vt 0.636719 0.580078
vt 0.667969 0.892578
vt 0.671875 0.925781
vt 0.419922 0.363281
vt 0.660156 0.929688
vt 0.677734 0.892578
vt 0.419922 0.353516
vt 0.671875 0.933594
vt 0.117188 0.332031
vt 0.648438 0.580078
vt 0.660156 0.929688
vt 0.126953 0.332031
vt 0.648438 0.589844
vt 0.671875 0.929688
vt 0.117188 0.328125
vt 0.431641 0.353516
vt 0.660156 0.925781
vt 0.126953 0.328125
vt 0.431641 0.363281
vt 0.667969 0.880859
vt 0.671875 0.861328
vt 0.636719 0.580078
vt 0.117188 0.339844
vt 0.677734 0.880859
vt 0.636719 0.570312
vt 0.667969 0.876953
vt 0.671875 0.857422
vt 0.431641 0.363281
vt 0.117188 0.335938
vt 0.677734 0.876953
vt 0.431641 0.353516
vt 0.128906 0.339844
vt 0.667969 0.876953
vt 0.648438 0.570312
vt 0.660156 0.861328
vt 0.677734 0.876953
vt 0.648438 0.580078
vt 0.128906 0.335938
vt 0.667969 0.873047
vt 0.443359 0.353516
vt 0.660156 0.857422
vt 0.677734 0.873047
vt 0.443359 0.363281
vt 0.000000 0.332031
vt 0.511719 0.363281
vt 0.660156 0.857422
vt 0.636719 0.519531
vt 0.003906 0.332031
vt 0.660156 0.853516
vt 0.000000 0.322266
vt 0.511719 0.353516
vt 0.193359 0.339844
vt 0.636719 0.509766
vt 0.003906 0.322266
vt 0.193359 0.335938
vt 0.648438 0.519531
vt 0.003906 0.332031
vt 0.671875 0.853516
vt 0.500000 0.363281
vt 0.007812 0.332031
vt 0.671875 0.857422
vt 0.648438 0.509766
vt 0.003906 0.322266
vt 0.205078 0.335938
vt 0.500000 0.353516
vt 0.007812 0.322266
vt 0.205078 0.339844
vt 0.667969 0.873047
vt 0.671875 0.796875
vt 0.566406 0.363281
vt 0.660156 0.800781
vt 0.677734 0.873047
vt 0.566406 0.353516
vt 0.667969 0.869141
vt 0.671875 0.792969
vt 0.636719 0.402344
vt 0.660156 0.796875
vt 0.677734 0.869141
vt 0.636719 0.392578
vt 0.671875 0.800781
vt 0.667969 0.869141
vt 0.578125 0.353516
vt 0.660156 0.796875
vt 0.677734 0.869141
vt 0.578125 0.363281
vt 0.671875 0.796875
vt 0.667969 0.865234
vt 0.648438 0.392578
vt 0.660156 0.792969
vt 0.677734 0.865234
vt 0.648438 0.402344
vt 0.667969 0.371094
vt 0.037109 0.328125
vt 0.029297 0.328125
vt 0.673828 0.371094
vt 0.037109 0.322266
vt 0.667969 0.365234
vt 0.037109 0.322266
vt 0.671875 0.941406
vt 0.029297 0.322266
vt 0.673828 0.365234
vt 0.671875 0.935547
vt 0.033203 0.328125
vt 0.667969 0.359375
vt 0.041016 0.322266
vt 0.033203 0.328125
vt 0.673828 0.359375
vt 0.041016 0.328125
vt 0.033203 0.322266
vt 0.667969 0.353516
vt 0.675781 0.935547
vt 0.033203 0.322266
vt 0.673828 0.353516
vt 0.675781 0.941406
vt 0.667969 0.865234
vt 0.671875 0.777344
vt 0.636719 0.392578
vt 0.660156 0.781250
vt 0.677734 0.865234
vt 0.636719 0.382812
vt 0.667969 0.861328
vt 0.671875 0.773438
vt 0.013672 0.361328
vt 0.660156 0.777344
vt 0.677734 0.861328
vt 0.013672 0.351562
vt 0.671875 0.781250
vt 0.667969 0.849609
vt 0.648438 0.382812
vt 0.660156 0.777344
vt 0.677734 0.849609
vt 0.648438 0.392578
vt 0.671875 0.777344
vt 0.667969 0.845703
vt 0.025391 0.351562
vt 0.660156 0.773438
vt 0.677734 0.845703
vt 0.025391 0.361328
vt 0.667969 0.839844
vt 0.048828 0.361328
vt 0.660156 0.763672
vt 0.025391 0.361328
vt 0.671875 0.839844
vt 0.660156 0.759766
vt 0.667969 0.830078
vt 0.048828 0.351562
vt 0.660156 0.759766
vt 0.025391 0.351562
vt 0.671875 0.830078
vt 0.660156 0.755859
vt 0.037109 0.361328
vt 0.667969 0.830078
vt 0.671875 0.759766
vt 0.037109 0.361328
vt 0.671875 0.830078
vt 0.671875 0.763672
vt 0.037109 0.351562
vt 0.667969 0.820312
vt 0.671875 0.755859
vt 0.037109 0.351562
vt 0.671875 0.820312
vt 0.671875 0.759766
s 1
usemtl fmtv_tex_1.png.001
f 724/2168/51 727/2177/51 725/2171/51 722/2162/51
f 723/2165/52 724/2169/52 722/2163/52 721/2159/52
f 728/2180/53 723/2166/53 721/2160/53 726/2174/53
f 727/2178/54 728/2181/54 726/2175/54 725/2172/54
f 726/2176/55 721/2161/55 722/2164/55 725/2173/55
f 727/2179/56 724/2170/56 723/2167/56 728/2182/56
f 732/2192/57 735/2201/57 733/2195/57 730/2186/57
f 731/2189/52 732/2193/52 730/2187/52 729/2183/52
f 736/2204/58 731/2190/58 729/2184/58 734/2198/58
f 735/2202/54 736/2205/54 734/2199/54 733/2196/54
f 734/2200/59 729/2185/59 730/2188/59 733/2197/59
f 735/2203/60 732/2194/60 731/2191/60 736/2206/60
f 740/2216/51 743/2225/51 741/2219/51 738/2210/51
f 739/2213/52 740/2217/52 738/2211/52 737/2207/52
f 744/2228/53 739/2214/53 737/2208/53 742/2222/53
f 743/2226/54 744/2229/54 742/2223/54 741/2220/54
f 742/2224/55 737/2209/55 738/2212/55 741/2221/55
f 743/2227/56 740/2218/56 739/2215/56 744/2230/56
f 748/2240/56 751/2249/56 749/2243/56 746/2234/56
f 747/2237/52 748/2241/52 746/2235/52 745/2231/52
f 752/2252/55 747/2238/55 745/2232/55 750/2246/55
f 751/2250/54 752/2253/54 750/2247/54 749/2244/54
f 750/2248/51 745/2233/51 746/2236/51 749/2245/51
f 751/2251/53 748/2242/53 747/2239/53 752/2254/53
f 756/2264/57 759/2273/57 757/2267/57 754/2258/57
f 755/2261/52 756/2265/52 754/2259/52 753/2255/52
f 760/2276/58 755/2262/58 753/2256/58 758/2270/58
f 759/2274/54 760/2277/54 758/2271/54 757/2268/54
f 758/2272/59 753/2257/59 754/2260/59 757/2269/59
f 759/2275/60 756/2266/60 755/2263/60 760/2278/60
f 764/2288/56 767/2297/56 765/2291/56 762/2282/56
f 763/2285/52 764/2289/52 762/2283/52 761/2279/52
f 768/2300/55 763/2286/55 761/2280/55 766/2294/55
f 767/2298/54 768/2301/54 766/2295/54 765/2292/54
f 766/2296/51 761/2281/51 762/2284/51 765/2293/51
f 767/2299/53 764/2290/53 763/2287/53 768/2302/53
f 772/2312/57 775/2321/57 773/2315/57 770/2306/57
f 771/2309/52 772/2313/52 770/2307/52 769/2303/52
f 776/2324/58 771/2310/58 769/2304/58 774/2318/58
f 775/2322/54 776/2325/54 774/2319/54 773/2316/54
f 774/2320/59 769/2305/59 770/2308/59 773/2317/59
f 775/2323/60 772/2314/60 771/2311/60 776/2326/60
f 780/2336/57 783/2345/57 781/2339/57 778/2330/57
f 779/2333/52 780/2337/52 778/2331/52 777/2327/52
f 784/2348/58 779/2334/58 777/2328/58 782/2342/58
f 783/2346/54 784/2349/54 782/2343/54 781/2340/54
f 782/2344/59 777/2329/59 778/2332/59 781/2341/59
f 783/2347/60 780/2338/60 779/2335/60 784/2350/60
f 788/2360/57 791/2369/57 789/2363/57 786/2354/57
f 787/2357/52 788/2361/52 786/2355/52 785/2351/52
f 792/2372/58 787/2358/58 785/2352/58 790/2366/58
f 791/2370/54 792/2373/54 790/2367/54 789/2364/54
f 790/2368/59 785/2353/59 786/2356/59 789/2365/59
f 791/2371/60 788/2362/60 787/2359/60 792/2374/60
f 796/2384/57 799/2393/57 797/2387/57 794/2378/57
f 795/2381/52 796/2385/52 794/2379/52 793/2375/52
f 800/2396/58 795/2382/58 793/2376/58 798/2390/58
f 799/2394/54 800/2397/54 798/2391/54 797/2388/54
f 798/2392/59 793/2377/59 794/2380/59 797/2389/59
f 799/2395/60 796/2386/60 795/2383/60 800/2398/60
f 804/2408/57 807/2417/57 805/2411/57 802/2402/57
f 803/2405/52 804/2409/52 802/2403/52 801/2399/52
f 808/2420/58 803/2406/58 801/2400/58 806/2414/58
f 807/2418/54 808/2421/54 806/2415/54 805/2412/54
f 806/2416/59 801/2401/59 802/2404/59 805/2413/59
f 807/2419/60 804/2410/60 803/2407/60 808/2422/60
f 812/2432/56 815/2441/56 813/2435/56 810/2426/56
f 811/2429/52 812/2433/52 810/2427/52 809/2423/52
f 816/2444/55 811/2430/55 809/2424/55 814/2438/55
f 815/2442/54 816/2445/54 814/2439/54 813/2436/54
f 814/2440/51 809/2425/51 810/2428/51 813/2437/51
f 815/2443/53 812/2434/53 811/2431/53 816/2446/53
f 820/2456/51 823/2465/51 821/2459/51 818/2450/51
f 819/2453/52 820/2457/52 818/2451/52 817/2447/52
f 824/2468/53 819/2454/53 817/2448/53 822/2462/53
f 823/2466/54 824/2469/54 822/2463/54 821/2460/54
f 822/2464/55 817/2449/55 818/2452/55 821/2461/55
f 823/2467/56 820/2458/56 819/2455/56 824/2470/56
f 828/2480/57 831/2489/57 829/2483/57 826/2474/57
f 827/2477/52 828/2481/52 826/2475/52 825/2471/52
f 832/2492/58 827/2478/58 825/2472/58 830/2486/58
f 831/2490/54 832/2493/54 830/2487/54 829/2484/54
f 830/2488/59 825/2473/59 826/2476/59 829/2485/59
f 831/2491/60 828/2482/60 827/2479/60 832/2494/60
f 836/2504/56 839/2513/56 837/2507/56 834/2498/56
f 835/2501/52 836/2505/52 834/2499/52 833/2495/52
f 840/2516/55 835/2502/55 833/2496/55 838/2510/55
f 839/2514/54 840/2517/54 838/2511/54 837/2508/54
f 838/2512/51 833/2497/51 834/2500/51 837/2509/51
f 839/2515/53 836/2506/53 835/2503/53 840/2518/53
f 844/2527/57 847/2536/57 845/2530/57 842/2521/57
f 843/2524/52 844/2528/52 842/2522/52 841/2519/52
f 848/2539/58 843/2525/58 841/2520/58 846/2533/58
f 847/2537/54 848/2540/54 846/2534/54 845/2531/54
f 846/2535/59 841/2520/59 842/2523/59 845/2532/59
f 847/2538/60 844/2529/60 843/2526/60 848/2541/60
f 852/2551/51 855/2560/51 853/2554/51 850/2545/51
f 851/2548/52 852/2552/52 850/2546/52 849/2542/52
f 856/2563/53 851/2549/53 849/2543/53 854/2557/53
f 855/2561/54 856/2564/54 854/2558/54 853/2555/54
f 854/2559/55 849/2544/55 850/2547/55 853/2556/55
f 855/2562/56 852/2553/56 851/2550/56 856/2565/56
f 860/2575/57 863/2584/57 861/2578/57 858/2569/57
f 859/2572/52 860/2576/52 858/2570/52 857/2566/52
f 864/2587/58 859/2573/58 857/2567/58 862/2581/58
f 863/2585/54 864/2588/54 862/2582/54 861/2579/54
f 862/2583/59 857/2568/59 858/2571/59 861/2580/59
f 863/2586/60 860/2577/60 859/2574/60 864/2589/60
o body
v 0.873416 3.014215 2.510983
v 0.873416 3.014215 3.170043
v 0.921979 2.930102 2.510983
v 0.921977 2.930102 3.170043
v 0.931710 3.047871 3.170044
v 0.931710 3.047871 2.510984
v 0.980272 2.963758 3.170043
v 0.980272 2.963758 2.510983
v 0.890092 2.985224 3.094416
v 0.872939 3.016867 3.169481
v 1.239557 2.307421 3.459983
v 1.222405 2.339065 3.535051
v 0.933866 3.048579 3.170036
v 0.951017 3.016936 3.094969
v 1.283332 2.370776 3.535604
v 1.300483 2.339133 3.460537
v 1.265889 2.320915 2.698295
v 1.265890 2.320915 2.961919
v 1.019514 1.726110 2.698295
v 1.019514 1.726110 2.961919
v 1.329983 2.294366 2.961919
v 1.329983 2.294366 2.698295
v 1.083608 1.699561 2.961919
v 1.083608 1.699561 2.698295
v 1.042485 1.778299 2.831817
v 1.067837 1.839506 2.959079
v 0.946451 1.546455 2.962450
v 0.971805 1.607662 3.089714
v 1.130522 1.813541 2.959080
v 1.105170 1.752334 2.831817
v 1.034489 1.581697 3.089713
v 1.009137 1.520490 2.962451
v 1.265890 2.320915 2.510983
v 1.265890 2.320915 2.700358
v 1.157040 2.058129 2.510983
v 1.157040 2.058129 2.700358
v 1.329983 2.294366 2.700358
v 1.329983 2.294367 2.510983
v 1.221134 2.031580 2.700357
v 1.221135 2.031581 2.510983
v 1.155869 2.053668 2.514301
v 1.193283 2.143995 2.702114
v 1.020414 1.726650 2.698560
v 1.057829 1.816977 2.886373
v 1.254941 2.118455 2.702114
v 1.217526 2.028128 2.514301
v 1.119486 1.791437 2.886374
v 1.082071 1.701110 2.698561
v 1.265890 2.320915 2.961919
v 1.265889 2.320915 3.551603
v 0.944652 1.545376 2.961920
v 0.944651 1.545376 3.551604
v 1.329982 2.294366 3.551604
v 1.329983 2.294366 2.961919
v 1.008746 1.518827 3.551605
v 1.008746 1.518827 2.961920
v 0.935417 2.966467 3.045169
v 0.935416 2.966467 3.114543
v 1.497288 2.966467 3.045168
v 1.497288 2.966467 3.114543
v 0.935416 3.035842 3.114543
v 0.935417 3.035842 3.045169
v 1.497288 3.035842 3.114543
v 1.497288 3.035842 3.045168
v 1.412866 2.411468 3.074461
v 1.444900 2.411468 3.135998
v 1.597475 2.411468 2.978361
v 1.629508 2.411468 3.039896
v 1.444900 2.897092 3.135998
v 1.412866 2.897092 3.074461
v 1.629508 2.897092 3.039897
v 1.597475 2.897092 2.978361
v 1.289165 2.272718 3.045169
v 1.289165 2.272718 3.114543
v 1.497288 2.272718 3.045168
v 1.497288 2.272718 3.114543
v 1.289165 2.342093 3.114543
v 1.289165 2.342093 3.045169
v 1.497288 2.342093 3.114543
v 1.497288 2.342093 3.045168
v 1.497288 2.286468 3.045168
v 1.497288 2.286468 3.114543
v 1.566664 2.286468 3.045168
v 1.566664 2.286468 3.114543
v 1.497288 3.035842 3.114543
v 1.497288 3.035842 3.045168
v 1.566664 3.035842 3.114543
v 1.566664 3.035842 3.045168
v 1.189292 2.399944 2.510983
v 1.189291 2.399944 3.551603
v 1.262969 2.258411 2.510983
v 1.262969 2.258410 3.551604
v 1.255762 2.434547 3.551603
v 1.255762 2.434547 2.510983
v 1.329438 2.293013 3.551603
v 1.329440 2.293013 2.510983
v 0.919346 2.932042 2.510983
v 0.919346 2.932042 2.615045
v 1.194835 2.402830 2.510983
v 1.194835 2.402830 2.615045
v 0.980272 2.963758 2.615046
v 0.980272 2.963758 2.510983
v 1.255762 2.434547 2.615044
v 1.255762 2.434547 2.510983
v 1.155722 2.046568 2.241678
v 1.155722 2.046568 2.559664
v 1.155722 1.910018 2.241678
v 1.155722 1.910018 2.559664
v 1.269834 2.046568 2.559664
v 1.269834 2.046568 2.241678
v 1.269834 1.910018 2.559664
v 1.269834 1.910018 2.241678
v 1.030723 2.921567 2.241678
v 1.030722 2.921567 2.559664
v 1.030723 2.785017 2.241678
v 1.030722 2.785017 2.559664
v 1.144835 2.921567 2.559665
v 1.144835 2.921567 2.241678
v 1.144835 2.785017 2.559665
v 1.144835 2.785017 2.241678
v 1.155722 1.984068 2.929176
v 1.155722 1.984068 3.309661
v 1.155722 1.847518 2.929176
v 1.155722 1.847518 3.309661
v 1.269833 1.984068 3.309661
v 1.269834 1.984068 2.929175
v 1.269833 1.847518 3.309661
v 1.269834 1.847518 2.929175
v 1.269834 1.984068 2.929175
v 1.269833 1.984068 3.309661
v 1.269834 1.922818 2.929175
v 1.269833 1.922818 3.309661
v 1.331083 1.984068 3.309661
v 1.331084 1.984068 2.929176
v 1.331083 1.922818 3.309661
v 1.331084 1.922818 2.929176
v 0.913747 2.929127 2.510983
v 0.913746 2.929127 3.427542
v 1.189237 2.399915 2.510983
v 1.189237 2.399915 3.427542
v 0.969184 2.957986 3.427542
v 0.969185 2.957986 2.510983
v 1.244674 2.428775 3.427541
v 1.244674 2.428775 2.510983
v -1.105171 1.752334 2.831817
v -1.130524 1.813541 2.959080
v -1.009139 1.520490 2.962450
v -1.034491 1.581697 3.089714
v -1.067839 1.839506 2.959080
v -1.042485 1.778299 2.831817
v -0.971806 1.607662 3.089715
v -0.946453 1.546455 2.962450
v -1.329985 2.294366 2.961919
v -1.329985 2.294366 3.551602
v -1.008748 1.518827 2.961919
v -1.008748 1.518827 3.551604
v -1.265891 2.320915 3.551602
v -1.265891 2.320915 2.961919
v -0.944653 1.545376 3.551603
v -0.944653 1.545376 2.961919
v -1.329985 2.294366 2.698294
v -1.329985 2.294366 2.961919
v -1.083610 1.699561 2.698294
v -1.083609 1.699561 2.961919
v -1.265891 2.320915 2.961919
v -1.265890 2.320915 2.698294
v -1.019515 1.726110 2.961919
v -1.019515 1.726110 2.698294
v -1.329985 2.294367 2.510983
v -1.329985 2.294366 2.700357
v -1.221135 2.031581 2.510982
v -1.221135 2.031580 2.700357
v -1.265890 2.320915 2.700357
v -1.265891 2.320915 2.510983
v -1.157042 2.058129 2.700358
v -1.157042 2.058129 2.510982
v -1.217528 2.028128 2.514299
v -1.254942 2.118455 2.702113
v -1.082072 1.701110 2.698560
v -1.119488 1.791437 2.886373
v -1.193284 2.143995 2.702114
v -1.155870 2.053668 2.514299
v -1.057830 1.816977 2.886373
v -1.020415 1.726650 2.698561
v -1.255763 2.434547 2.510983
v -1.255763 2.434547 3.551603
v -1.329440 2.293013 2.510982
v -1.329441 2.293013 3.551604
v -1.189293 2.399944 3.551603
v -1.189292 2.399944 2.510982
v -1.262972 2.258410 3.551603
v -1.262970 2.258411 2.510982
v -1.269835 2.046568 2.241677
v -1.269835 2.046568 2.559664
v -1.269835 1.910018 2.241677
v -1.269835 1.910018 2.559664
v -1.155723 2.046568 2.559663
v -1.155723 2.046568 2.241677
v -1.155723 1.910018 2.559663
v -1.155723 1.910018 2.241677
v -1.269835 1.984068 2.929175
v -1.269835 1.984068 3.309661
v -1.269835 1.847518 2.929175
v -1.269835 1.847518 3.309661
v -1.155724 1.984068 3.309662
v -1.155723 1.984068 2.929175
v -1.155724 1.847518 3.309662
v -1.155723 1.847518 2.929175
v -1.331085 1.984068 2.929175
v -1.331085 1.984068 3.309661
v -1.331085 1.922818 2.929175
v -1.331085 1.922818 3.309661
v -1.269835 1.984068 3.309661
v -1.269835 1.984068 2.929175
v -1.269835 1.922818 3.309661
v -1.269835 1.922818 2.929175
v -1.289166 2.342093 3.045169
v -1.289166 2.342093 3.114543
v -1.497290 2.342093 3.045168
v -1.497290 2.342093 3.114543
v -1.289166 2.272718 3.114543
v -1.289166 2.272718 3.045169
v -1.497290 2.272718 3.114543
v -1.497290 2.272718 3.045168
v -1.144835 2.921567 2.241677
v -1.144836 2.921567 2.559664
v -1.144835 2.785017 2.241677
v -1.144836 2.785017 2.559664
v -1.030723 2.921567 2.559664
v -1.030724 2.921567 2.241677
v -1.030723 2.785017 2.559664
v -1.030724 2.785017 2.241677
v -1.497290 3.035842 3.045168
v -1.497290 3.035842 3.114543
v -1.566666 3.035842 3.045169
v -1.566665 3.035842 3.114543
v -1.497290 2.286468 3.114543
v -1.497290 2.286468 3.045168
v -1.566665 2.286468 3.114543
v -1.566666 2.286468 3.045169
v -1.412867 2.897092 3.074461
v -1.444902 2.897092 3.135998
v -1.597477 2.897092 2.978361
v -1.629510 2.897092 3.039897
v -1.444902 2.411468 3.135998
v -1.412867 2.411468 3.074461
v -1.629510 2.411468 3.039896
v -1.597477 2.411468 2.978361
v -0.951020 3.016936 3.094969
v -0.933867 3.048579 3.170035
v -1.300485 2.339133 3.460537
v -1.283334 2.370776 3.535604
v -0.872941 3.016867 3.169483
v -0.890094 2.985224 3.094414
v -1.222407 2.339065 3.535050
v -1.239560 2.307421 3.459984
v -0.969186 2.957986 2.510983
v -0.969186 2.957986 3.427542
v -1.244676 2.428775 2.510983
v -1.244676 2.428775 3.427541
v -0.913748 2.929127 3.427542
v -0.913748 2.929127 2.510983
v -1.189238 2.399915 3.427542
v -1.189237 2.399915 2.510983
v -0.931711 3.047871 2.510983
v -0.931711 3.047871 3.170044
v -0.980273 2.963758 2.510983
v -0.980273 2.963758 3.170043
v -0.873417 3.014215 3.170043
v -0.873417 3.014215 2.510983
v -0.921979 2.930102 3.170043
v -0.921979 2.930102 2.510983
v -0.980273 2.963758 2.510983
v -0.980274 2.963758 2.615045
v -1.255763 2.434547 2.510983
v -1.255764 2.434547 2.615045
v -0.919347 2.932042 2.615045
v -0.919347 2.932042 2.510983
v -1.194837 2.402830 2.615045
v -1.194837 2.402830 2.510982
v -0.935418 3.035842 3.045170
v -0.935418 3.035842 3.114544
v -1.497290 3.035842 3.045168
v -1.497290 3.035842 3.114543
v -0.935418 2.966467 3.114544
v -0.935418 2.966467 3.045170
v -1.497290 2.966467 3.114543
v -1.497290 2.966467 3.045168
v -1.403577 1.710243 -1.288252
v -1.403577 1.710243 0.820489
v -1.327863 1.611570 -1.288252
v -1.327863 1.611569 0.820489
v -1.348539 1.752475 0.820489
v -1.348539 1.752476 -1.288252
v -1.272824 1.653802 0.820489
v -1.272824 1.653802 -1.288252
v -1.385456 2.312822 -1.429501
v -1.385456 2.312822 0.929239
v -1.385456 1.688447 -1.429501
v -1.385456 1.688447 0.929239
v -1.316082 2.312822 0.929239
v -1.316081 2.312822 -1.429501
v -1.316082 1.688447 0.929239
v -1.316081 1.688447 -1.429501
v -1.385455 2.312823 -3.788240
v -1.385456 2.312822 -1.429501
v -1.385455 1.688448 -3.788240
v -1.385456 1.688447 -1.429501
v -1.316081 2.312822 -1.429501
v -1.316081 2.312823 -3.788241
v -1.316081 1.688447 -1.429501
v -1.316081 1.688448 -3.788241
v -1.403576 1.710243 -3.663241
v -1.403577 1.710243 -1.554500
v -1.327863 1.611570 -3.663241
v -1.327863 1.611570 -1.554500
v -1.348538 1.752476 -1.554500
v -1.348538 1.752476 -3.663240
v -1.272824 1.653802 -1.554500
v -1.272824 1.653803 -3.663241
v -1.331964 3.560877 0.929933
v -1.331963 3.560877 0.997920
v -1.331964 2.313516 0.929932
v -1.331963 2.313516 0.997919
v 1.327887 3.560877 0.997920
v 1.327888 3.560877 0.929933
v 1.327887 2.313516 0.997920
v 1.327888 2.313516 0.929933
v 1.323020 3.284071 -3.857614
v 1.323019 3.284070 0.998614
v 1.323020 2.312823 -3.857615
v 1.323019 2.312822 0.998614
v 1.392393 3.284070 0.998614
v 1.392394 3.284071 -3.857614
v 1.392393 2.312822 0.998614
v 1.392394 2.312823 -3.857615
v 1.096815 3.585252 -3.857614
v 1.096815 3.585251 0.998614
v 1.335566 3.244280 -3.857614
v 1.335565 3.244279 0.998614
v 1.153643 3.625043 0.998614
v 1.153644 3.625044 -3.857615
v 1.392393 3.284070 0.998614
v 1.392394 3.284071 -3.857614
v -1.149596 3.625044 -3.857614
v -1.149597 3.625043 0.998614
v -1.149596 3.555669 -3.857614
v -1.149597 3.555668 0.998614
v 1.153643 3.625043 0.998614
v 1.153644 3.625044 -3.857615
v 1.153643 3.555668 0.998614
v 1.153644 3.555669 -3.857615
v -1.396338 2.438379 -3.719422
v -1.396339 2.438378 0.860420
v -1.396338 2.159766 -3.719422
v -1.396339 2.159766 0.860420
v 1.392949 2.438378 0.860421
v 1.392950 2.438379 -3.719421
v 1.392949 2.159766 0.860421
v 1.392950 2.159766 -3.719421
v -1.153643 3.625044 -3.857614
v -1.153643 3.625043 0.998613
v -1.392393 3.284071 -3.857615
v -1.392394 3.284070 0.998614
v -1.096815 3.585251 0.998614
v -1.096815 3.585252 -3.857615
v -1.335565 3.244279 0.998614
v -1.335565 3.244280 -3.857615
v -1.392393 3.284071 -3.857615
v -1.392394 3.284070 0.998614
v -1.392393 2.312823 -3.857615
v -1.392394 2.312822 0.998613
v -1.323019 3.284070 0.998613
v -1.323018 3.284071 -3.857616
v -1.323019 2.312822 0.998613
v -1.323018 2.312823 -3.857616
v -1.320157 2.312823 -3.794490
v -1.320157 2.312823 -3.718865
v -1.320157 1.688448 -3.794490
v -1.320157 1.688448 -3.718865
v 1.316082 2.312823 -3.718864
v 1.316082 2.312823 -3.794489
v 1.316082 1.688448 -3.718864
v 1.316082 1.688448 -3.794489
v -0.820159 1.693599 -3.831423
v -0.820159 1.706731 -3.756948
v -0.820160 1.570498 -3.809718
v -0.820158 1.583630 -3.735242
v 0.816084 1.706731 -3.756948
v 0.816084 1.693599 -3.831422
v 0.816084 1.583630 -3.735242
v 0.816084 1.570498 -3.809718
v 1.348539 1.752476 -1.288251
v 1.348538 1.752475 0.820489
v 1.272824 1.653802 -1.288252
v 1.272824 1.653802 0.820489
v 1.403577 1.710243 0.820489
v 1.403578 1.710243 -1.288252
v 1.327863 1.611569 0.820489
v 1.327863 1.611570 -1.288252
v 1.316082 2.312822 -1.429500
v 1.316082 2.312822 0.929239
v 1.316082 1.688447 -1.429500
v 1.316082 1.688447 0.929239
v 1.385456 2.312822 0.929239
v 1.385456 2.312822 -1.429500
v 1.385456 1.688447 0.929239
v 1.385456 1.688447 -1.429500
v 1.316082 2.312823 -3.788239
v 1.316082 2.312822 -1.429500
v 1.316082 1.688448 -3.788239
v 1.316082 1.688447 -1.429500
v 1.385456 2.312822 -1.429500
v 1.385457 2.312823 -3.788239
v 1.385456 1.688447 -1.429500
v 1.385457 1.688448 -3.788239
v 1.348539 1.752476 -3.663240
v 1.348539 1.752476 -1.554500
v 1.272824 1.653803 -3.663241
v 1.272825 1.653802 -1.554500
v 1.403578 1.710243 -1.554500
v 1.403578 1.710243 -3.663239
v 1.327863 1.611570 -1.554500
v 1.327863 1.611570 -3.663240
v -1.320157 2.312822 0.859864
v -1.320158 2.312822 0.929239
v -1.320157 1.688447 0.859864
v -1.320158 1.688447 0.929239
v 1.316082 2.312822 0.929239
v 1.316082 2.312822 0.859864
v 1.316082 1.688447 0.929239
v 1.316082 1.688447 0.859864
v -1.320157 1.688448 -3.788240
v -1.320158 1.688447 0.929239
v -1.320157 1.619073 -3.788240
v -1.320158 1.619072 0.929239
v 1.316082 1.688447 0.929239
v 1.316082 1.688448 -3.788239
v 1.316082 1.619072 0.929239
v 1.316082 1.619073 -3.788239
v -1.313220 1.619072 -2.470122
v -1.313219 1.619072 -1.637625
v -1.313220 1.410947 -2.470122
v -1.313219 1.410947 -1.637625
v 1.316082 1.619072 -1.637624
v 1.316082 1.619072 -2.470121
v 1.316082 1.410947 -1.637624
v 1.316082 1.410947 -2.470121
v -1.313220 1.619072 -1.360126
v -1.313220 1.619072 -1.082628
v -1.313220 1.410947 -1.360126
v -1.313220 1.410947 -1.082628
v 1.316082 1.619072 -1.082627
v 1.316082 1.619072 -1.360126
v 1.316082 1.410947 -1.082627
v 1.316082 1.410947 -1.360126
v -1.313220 1.619072 -1.013253
v -1.313220 1.619072 -0.597005
v -1.313220 1.410947 -1.013253
v -1.313220 1.410947 -0.597005
v 1.316081 1.619072 -0.597004
v 1.316082 1.619072 -1.013252
v 1.316081 1.410947 -0.597004
v 1.316082 1.410947 -1.013253
v -1.313220 1.619072 0.512990
v -1.313220 1.619072 0.859864
v -1.313220 1.410947 0.512990
v -1.313220 1.410947 0.859864
v 1.316082 1.619072 0.859864
v 1.316081 1.619072 0.512991
v 1.316082 1.410947 0.859864
v 1.316081 1.410947 0.512991
v -1.243845 1.619072 -0.527630
v -1.243845 1.619072 0.443616
v -1.243845 1.410947 -0.527630
v -1.243845 1.410947 0.443615
v 1.246706 1.619072 0.443616
v 1.246707 1.619072 -0.527630
v 1.246706 1.410947 0.443616
v 1.246707 1.410947 -0.527630
v 0.705453 2.184767 -3.702058
v 0.705453 2.184766 0.859171
v 0.705453 1.686016 -3.702058
v 0.705453 1.686016 0.859171
v 1.329200 2.184766 0.859171
v 1.329200 2.184767 -3.702058
v 1.329200 1.686016 0.859171
v 1.329200 1.686016 -3.702058
v 0.805510 0.585526 -0.459217
v 0.805510 1.404276 -0.459217
v 0.805510 0.585526 -0.389843
v 0.805510 1.404276 -0.389843
v 1.317620 1.404276 -0.459217
v 1.317620 0.585526 -0.459217
v 1.317620 1.404276 -0.389843
v 1.317620 0.585526 -0.389843
v -1.317620 0.585526 -0.459218
v -1.317620 1.404276 -0.459218
v -1.317620 0.585526 -0.389843
v -1.317620 1.404276 -0.389843
v -0.805510 1.404276 -0.459218
v -0.805510 0.585526 -0.459218
v -0.805510 1.404276 -0.389843
v -0.805510 0.585526 -0.389843
v -1.329200 2.184767 -3.702060
v -1.329200 2.184766 0.859170
v -1.329200 1.686016 -3.702060
v -1.329200 1.686016 0.859170
v -0.705453 2.184766 0.859170
v -0.705452 2.184767 -3.702059
v -0.705453 1.686016 0.859170
v -0.705452 1.686016 -3.702059
v -0.695193 1.980888 1.530848
v -0.310700 2.365382 1.530848
v -0.512707 1.798401 1.530848
v -0.128214 2.182895 1.530848
v -0.310700 2.365382 1.074362
v -0.695193 1.980888 1.074362
v -0.128214 2.182895 1.074362
v -0.512707 1.798401 1.074362
v -1.055949 3.083022 1.530074
v -0.513481 3.083022 1.530074
v -1.055949 2.826238 1.530074
v -0.513481 2.826238 1.530074
v -0.513481 3.083022 1.074878
v -1.055949 3.083022 1.074878
v -0.513481 2.826238 1.074878
v -1.055949 2.826238 1.074878
v -1.441216 2.699303 1.530848
v -1.056723 3.083797 1.530848
v -1.258730 2.516817 1.530848
v -0.874237 2.901310 1.530849
v -1.056723 3.083797 1.074362
v -1.441216 2.699303 1.074362
v -0.874237 2.901310 1.074362
v -1.258730 2.516817 1.074362
v -1.258730 2.365382 1.530848
v -0.874237 1.980888 1.530848
v -1.441216 2.182895 1.530848
v -1.056723 1.798401 1.530848
v -0.874237 1.980888 1.074362
v -1.258730 2.365382 1.074362
v -1.056723 1.798401 1.074362
v -1.441216 2.182895 1.074362
v -1.440442 2.698529 1.530074
v -1.173010 2.698529 1.530074
v -1.440442 2.183670 1.530074
v -1.173010 2.183670 1.530074
v -1.173010 2.698529 1.074878
v -1.440441 2.698529 1.074878
v -1.173010 2.183670 1.074878
v -1.440441 2.183670 1.074878
v -0.512707 3.083797 1.530848
v -0.128214 2.699303 1.530848
v -0.695193 2.901310 1.530848
v -0.310700 2.516817 1.530848
v -0.128214 2.699303 1.074362
v -0.512707 3.083797 1.074362
v -0.310700 2.516817 1.074362
v -0.695193 2.901310 1.074362
v -1.055949 2.055960 1.530073
v -0.513481 2.055960 1.530074
v -1.055949 1.799175 1.530073
v -0.513481 1.799175 1.530074
v -0.513481 2.055960 1.074878
v -1.055949 2.055960 1.074878
v -0.513481 1.799175 1.074878
v -1.055949 1.799175 1.074878
v -0.396420 2.698529 1.530074
v -0.128989 2.698529 1.530074
v -0.396420 2.183670 1.530074
v -0.128989 2.183670 1.530074
v -0.128989 2.698529 1.074878
v -0.396420 2.698529 1.074878
v -0.128989 2.183670 1.074878
v -0.396420 2.183670 1.074878
v -0.442161 3.115306 3.246889
v -0.442161 3.143935 3.299618
v -0.813399 2.649370 3.499870
v -0.813400 2.678000 3.552600
v -0.360409 3.093630 3.326931
v -0.360409 3.065000 3.274203
v -0.731648 2.627694 3.579912
v -0.731648 2.599065 3.527185
v 0.495336 3.115306 3.246888
v 0.495335 3.143935 3.299618
v 0.124097 2.649370 3.499870
v 0.124096 2.678000 3.552600
v 0.577087 3.093630 3.326932
v 0.577087 3.065000 3.274203
v 0.205848 2.627694 3.579914
v 0.205848 2.599065 3.527185
v 0.783417 1.079468 3.919290
v 0.783416 1.079468 3.988664
v 0.991541 1.079468 3.919290
v 0.991540 1.079468 3.988665
v 0.783416 1.287593 3.988664
v 0.783417 1.287593 3.919290
v 0.991540 1.287593 3.988665
v 0.991541 1.287593 3.919290
v -0.783419 1.287593 3.919291
v -0.783419 1.287593 3.988665
v -0.991543 1.287593 3.919290
v -0.991543 1.287593 3.988666
v -0.783419 1.079468 3.988665
v -0.783419 1.079468 3.919291
v -0.991543 1.079468 3.988666
v -0.991543 1.079468 3.919290
v 1.026228 1.079468 3.919290
v 1.026228 1.079468 3.988664
v 1.199665 1.079468 3.919290
v 1.199664 1.079468 3.988665
v 1.026228 1.252905 3.988664
v 1.026228 1.252905 3.919290
v 1.199664 1.252905 3.988665
v 1.199665 1.252905 3.919290
v -1.026230 1.252905 3.919290
v -1.026231 1.252905 3.988664
v -1.199667 1.252905 3.919290
v -1.199667 1.252905 3.988665
v -1.026231 1.079468 3.988664
v -1.026230 1.079468 3.919290
v -1.199667 1.079468 3.988665
v -1.199667 1.079468 3.919290
v -0.789214 3.128796 3.254087
v -0.789214 3.155272 3.302850
v -0.789214 3.081241 3.279907
v -0.789214 3.107717 3.328669
v 0.791142 3.155272 3.302850
v 0.791142 3.128796 3.254087
v 0.791142 3.107717 3.328671
v 0.791142 3.081241 3.279907
v 1.336200 1.515704 -3.754246
v 1.336201 1.515704 -3.683483
v 1.336200 1.444941 -3.754246
v 1.336201 1.444941 -3.683483
v 1.406963 1.515704 -3.683483
v 1.406963 1.515704 -3.754246
v 1.406963 1.444941 -3.683483
v 1.406963 1.444941 -3.754246
v 1.259888 1.633641 -3.802809
v 1.259888 1.633641 -3.662670
v 1.259888 1.562879 -3.802809
v 1.259888 1.562879 -3.662670
v 1.400025 1.633641 -3.662670
v 1.400025 1.633641 -3.802809
v 1.400025 1.562879 -3.662670
v 1.400025 1.562879 -3.802809
v -1.406514 1.515704 -3.754246
v -1.406513 1.515704 -3.683484
v -1.406514 1.444941 -3.754246
v -1.406513 1.444941 -3.683484
v -1.335751 1.515704 -3.683484
v -1.335751 1.515704 -3.754246
v -1.335751 1.444941 -3.683484
v -1.335751 1.444941 -3.754246
v -1.399576 1.633641 -3.802809
v -1.399576 1.633641 -3.662673
v -1.399576 1.562879 -3.802809
v -1.399576 1.562879 -3.662673
v -1.259439 1.633641 -3.662673
v -1.259439 1.633641 -3.802809
v -1.259439 1.562879 -3.662673
v -1.259439 1.562879 -3.802809
v 0.871390 1.647516 -3.816684
v 0.871390 1.647516 -3.745921
v 0.871390 1.597629 -3.816684
v 0.871390 1.597629 -3.745921
v 1.025402 1.647516 -3.745921
v 1.025402 1.647516 -3.816683
v 1.025402 1.597629 -3.745921
v 1.025402 1.597629 -3.816683
v -1.024952 1.647516 -3.816683
v -1.024953 1.647516 -3.745922
v -1.024952 1.597629 -3.816683
v -1.024953 1.597629 -3.745922
v -0.870941 1.647516 -3.745921
v -0.870940 1.647516 -3.816682
v -0.870941 1.597629 -3.745921
v -0.870940 1.597629 -3.816682
v -1.301267 1.251384 3.920074
v -1.233578 1.251384 3.955309
v -1.301267 1.202821 3.920074
v -1.233578 1.202821 3.955309
v -1.201544 1.251384 3.893775
v -1.269234 1.251384 3.858536
v -1.201544 1.202821 3.893775
v -1.269234 1.202821 3.858536
v 1.269231 1.251384 3.858537
v 1.201542 1.251384 3.893775
v 1.269231 1.202821 3.858537
v 1.201542 1.202821 3.893775
v 1.233575 1.251384 3.955309
v 1.301266 1.251384 3.920075
v 1.233575 1.202821 3.955309
v 1.301266 1.202821 3.920075
v -0.374749 3.231071 2.094234
v -0.374749 3.231070 2.750483
v -0.374749 3.199570 2.094234
v -0.374749 3.199570 2.750483
v 0.349748 3.231070 2.750483
v 0.349748 3.231071 2.094235
v 0.349748 3.199570 2.750483
v 0.349748 3.199570 2.094235
v -0.532249 3.210071 2.750483
v -0.532248 3.210071 3.091731
v -0.532249 3.136570 2.750483
v -0.532248 3.136570 3.091731
v 0.507247 3.210071 3.091731
v 0.507247 3.210071 2.750483
v 0.507247 3.136570 3.091731
v 0.507247 3.136570 2.750483
v 0.349748 3.209070 2.488733
v 0.349748 3.209070 3.023481
v 0.349748 3.135571 2.488733
v 0.349748 3.135571 3.023481
v 0.622746 3.209070 3.023481
v 0.622747 3.209070 2.488733
v 0.622746 3.135571 3.023481
v 0.622747 3.135571 2.488733
v -0.532248 3.210071 1.857985
v -0.532248 3.210071 2.094234
v -0.532248 3.136570 1.857985
v -0.532248 3.136570 2.094234
v 0.507248 3.210071 2.094235
v 0.507247 3.210071 1.857986
v 0.507248 3.136570 2.094235
v 0.507247 3.136570 1.857986
v -0.647747 3.209070 2.488733
v -0.647747 3.209070 3.023481
v -0.647747 3.135571 2.488733
v -0.647747 3.135571 3.023481
v -0.374749 3.209070 3.023482
v -0.374748 3.209070 2.488733
v -0.374749 3.135571 3.023482
v -0.374748 3.135571 2.488733
v 0.349748 3.209070 1.926236
v 0.349748 3.209070 2.492233
v 0.349748 3.135571 1.926236
v 0.349748 3.135571 2.492233
v 0.622747 3.209070 2.492233
v 0.622747 3.209070 1.926235
v 0.622747 3.135571 2.492233
v 0.622747 3.135571 1.926235
v -0.647748 3.209070 1.926235
v -0.647748 3.209070 2.492233
v -0.647748 3.135571 1.926235
v -0.647748 3.135571 2.492233
v -0.374749 3.209070 2.492233
v -0.374749 3.209070 1.926235
v -0.374749 3.135571 2.492233
v -0.374749 3.135571 1.926235
v 0.761084 1.202822 0.006743
v 0.761083 1.202822 0.998613
v 0.761084 0.578447 0.006743
v 0.761083 0.578447 0.998613
v 1.316081 1.202822 0.998614
v 1.316082 1.202822 0.006743
v 1.316081 0.578447 0.998614
v 1.316082 0.578447 0.006743
v 0.553654 1.549004 -3.718171
v 0.553653 1.549003 2.843287
v 0.553654 1.064766 -3.718171
v 0.553653 1.064765 2.843287
v 0.760389 1.549003 2.843288
v 0.760390 1.549004 -3.718171
v 0.760389 1.064765 2.843288
v 0.760390 1.064766 -3.718171
v 0.738832 3.115068 1.678487
v 0.738832 3.115068 2.510983
v 1.200117 2.228945 1.678486
v 1.200117 2.228945 2.510983
v 0.861904 3.179136 2.510983
v 0.861904 3.179136 1.678486
v 1.323189 2.293013 2.510983
v 1.323190 2.293013 1.678487
v 1.256647 2.315322 2.232859
v 1.256647 2.315322 2.511608
v 0.990683 1.673226 2.232859
v 0.990682 1.673226 2.511608
v 1.321895 2.288295 2.511608
v 1.321895 2.288295 2.232859
v 1.055932 1.646199 2.511608
v 1.055932 1.646199 2.232859
v 1.216578 2.215141 1.977180
v 1.261233 2.322948 2.227421
v 1.000508 1.693501 2.240464
v 1.045163 1.801309 2.490706
v 1.324044 2.296931 2.227421
v 1.279390 2.189123 1.977180
v 1.107975 1.775291 2.490706
v 1.063320 1.667484 2.240464
v 1.259639 2.320915 1.678486
v 1.259640 2.320915 2.510983
v 1.203888 2.186318 1.678487
v 1.203887 2.186317 2.510982
v 1.323733 2.294367 2.510983
v 1.323733 2.294367 1.678486
v 1.267981 2.159769 2.510983
v 1.267981 2.159769 1.678487
v -0.036726 0.792996 3.161760
v -0.036726 0.792996 3.598819
v -0.036726 0.723621 3.161760
v -0.036726 0.723621 3.598819
v 0.795770 0.792996 3.598819
v 0.795771 0.792996 3.161760
v 0.795770 0.723621 3.598819
v 0.795771 0.723621 3.161760
v 0.738832 3.115068 2.510983
v 0.738832 3.115068 3.274104
v 0.806103 2.985842 2.510983
v 0.806103 2.985842 3.274105
v 0.861904 3.179136 3.274106
v 0.861904 3.179136 2.510983
v 0.929175 3.049909 3.274106
v 0.929175 3.049909 2.510983
v 0.837127 3.084142 3.132865
v 0.804253 3.144792 3.276744
v 1.249947 2.283462 3.564706
v 1.217072 2.344112 3.708584
v 0.865789 3.176821 3.277302
v 0.898664 3.116171 3.133425
v 1.278608 2.376141 3.709144
v 1.311483 2.315490 3.565266
v 1.120052 2.330965 3.550733
v 1.123139 2.354415 3.730394
v 0.836201 1.649843 3.644514
v 0.839289 1.673293 3.824177
v 1.316255 2.274908 3.737453
v 1.313168 2.251457 3.557792
v 1.032404 1.593786 3.831234
v 1.029318 1.570335 3.651574
v 1.017253 1.733927 2.698379
v 1.041525 1.792526 2.820220
v 0.899980 1.450803 2.857907
v 0.924252 1.509402 2.979748
v 1.104338 1.766508 2.820220
v 1.080065 1.707909 2.698379
v 0.987063 1.483384 2.979748
v 0.962792 1.424785 2.857906
v 0.726396 1.612822 1.033301
v 0.726396 1.612822 1.588300
v 0.726396 0.717197 1.033301
v 0.726396 0.717197 1.588299
v 1.212019 1.612822 1.588300
v 1.212019 1.612822 1.033301
v 1.212019 0.717197 1.588299
v 1.212019 0.717197 1.033301
v 0.990020 1.763634 1.982508
v 0.990020 1.619072 2.802357
v 0.990020 1.695313 1.970461
v 0.990020 1.550750 2.790311
v 1.385455 1.619072 2.802357
v 1.385456 1.763634 1.982508
v 1.385455 1.550750 2.790310
v 1.385456 1.695313 1.970461
v -1.382595 1.587038 2.740821
v -1.382595 1.619072 2.802357
v -1.382595 0.928599 3.083581
v -1.382596 0.960632 3.145117
v 1.385455 1.619072 2.802357
v 1.385455 1.587038 2.740820
v 1.385456 0.960632 3.145117
v 1.385455 0.928599 3.083581
v -0.799848 1.088667 3.901443
v -0.799848 1.041798 3.952591
v -0.799848 0.715282 3.559299
v -0.799848 0.668413 3.610447
v 0.795770 1.041798 3.952591
v 0.795771 1.088667 3.901443
v 0.795770 0.668413 3.610448
v 0.795770 0.715282 3.559300
v 1.224303 1.320759 3.744262
v -1.224624 1.320759 3.744261
v 1.224303 1.043259 3.744262
v -1.224624 1.043259 3.744261
v -1.224624 1.320759 3.952385
v 1.224303 1.320759 3.952387
v -1.224624 1.043259 3.952385
v 1.224303 1.043259 3.952387
v 1.057804 0.738009 2.224956
v -1.162187 0.738009 2.224955
v 1.057804 0.529884 2.224956
v -1.162187 0.529884 2.224955
v -1.162186 0.738009 2.433080
v 1.057804 0.738009 2.433080
v -1.162186 0.529884 2.433080
v 1.057804 0.529884 2.433080
v 0.225308 0.807384 2.155581
v -0.121566 0.807384 2.155581
v 0.225308 0.460509 2.155581
v -0.121566 0.460509 2.155581
v -0.121566 0.807384 2.502454
v 0.225308 0.807384 2.502455
v -0.121566 0.460509 2.502454
v 0.225308 0.460509 2.502455
v -1.158981 2.216144 1.719958
v -1.158981 1.694190 2.438361
v -1.158980 2.160018 1.679179
v -1.158980 1.638065 2.397584
v 1.123447 1.694190 2.438361
v 1.123447 2.216144 1.719958
v 1.123447 1.638065 2.397584
v 1.123447 2.160018 1.679180
v -0.857894 3.178442 1.679180
v -0.857895 3.178442 3.273412
v -0.857894 3.110455 1.679180
v -0.857895 3.110455 3.273412
v 0.861210 3.178442 3.273412
v 0.861211 3.178442 1.679180
v 0.861210 3.110455 3.273412
v 0.861211 3.110455 1.679180
v 1.113278 1.970653 2.328649
v 1.150472 2.060447 2.515354
v 0.945280 1.565066 2.557180
v 0.982473 1.654860 2.743884
v 1.216748 2.032994 2.515353
v 1.179554 1.943200 2.328649
v 1.048749 1.627407 2.743883
v 1.011556 1.537613 2.557179
v 0.765576 3.097136 3.231983
v 0.767729 3.134673 3.298390
v 1.183981 2.281751 3.679307
v 1.186134 2.319288 3.745714
v 0.862585 3.170537 3.275043
v 0.860431 3.133002 3.208634
v 1.280989 2.355153 3.722366
v 1.278836 2.317616 3.655958
v -0.865526 3.153315 3.226549
v -0.865526 3.179136 3.274105
v -0.865526 3.044792 3.285473
v -0.865526 3.070613 3.333029
v 0.860517 3.179136 3.274105
v 0.860516 3.153315 3.226550
v 0.860516 3.070613 3.333029
v 0.860517 3.044792 3.285473
v 0.938402 1.545376 2.857857
v 0.938401 1.545376 3.745853
v 0.885305 1.417188 2.857858
v 0.885304 1.417187 3.745853
v 1.002496 1.518827 3.745852
v 1.002496 1.518827 2.857857
v 0.949398 1.390639 3.745853
v 0.949399 1.390639 2.857857
v -0.074654 3.048103 3.291570
v -0.074654 3.070613 3.333028
v -0.074654 2.317708 3.688141
v -0.074655 2.340218 3.729599
v 0.076582 3.070613 3.333028
v 0.076583 3.048103 3.291571
v 0.076582 2.340218 3.729599
v 0.076582 2.317708 3.688141
v -1.100707 1.774396 3.736653
v -1.100707 1.783451 3.805436
v 1.098472 1.774396 3.736653
v 1.098472 1.783451 3.805434
v -1.100706 2.361215 3.729370
v -1.100706 2.352160 3.660590
v 1.098472 2.361215 3.729372
v 1.098472 2.352160 3.660589
v 0.013296 1.509538 3.511812
v 0.013295 1.452710 3.551602
v 0.977604 1.509538 3.511812
v 0.977603 1.452710 3.551604
v 0.013295 1.643711 3.824381
v 0.013296 1.700539 3.784589
v 0.977604 1.643711 3.824379
v 0.977604 1.700539 3.784588
v -1.263018 3.109067 1.679180
v -1.263018 3.109067 1.747167
v -1.263018 2.160018 1.679180
v -1.263018 2.160018 1.747167
v 1.263584 3.109067 1.747168
v 1.263584 3.109067 1.679180
v 1.263584 2.160018 1.747168
v 1.263584 2.160018 1.679180
v -0.972591 1.549003 2.843289
v -0.972592 1.549003 3.675784
v -0.972591 0.785878 2.843288
v -0.972592 0.785878 3.675784
v 0.969900 1.549003 3.675785
v 0.969901 1.549003 2.843288
v 0.969900 0.785878 3.675785
v 0.969901 0.785878 2.843288
v 0.656124 1.390828 3.743570
v 0.085864 1.390828 3.743568
v 0.656124 1.042565 3.743570
v 0.085864 1.042565 3.743567
v 0.085864 1.390828 3.953080
v 0.656124 1.390828 3.953081
v 0.085864 1.042565 3.953080
v 0.656124 1.042565 3.953080
v 1.237977 1.322146 3.751665
v 1.129542 1.322146 3.851027
v 1.237977 1.043259 3.751664
v 1.129542 1.043259 3.851027
v 1.224218 1.322146 3.954348
v 1.332651 1.322146 3.854986
v 1.224218 1.043259 3.954347
v 1.332651 1.043259 3.854986
v 1.224303 1.092314 3.903332
v -1.217686 1.092314 3.903332
v 1.224303 0.896092 3.707110
v -1.217686 0.896092 3.707110
v -1.217687 1.043259 3.952386
v 1.224303 1.043259 3.952387
v -1.217686 0.847037 3.756166
v 1.224303 0.847037 3.756166
v 1.284846 1.147565 3.845164
v 1.177433 1.077968 3.914762
v 1.284846 0.952801 3.650401
v 1.177434 0.883204 3.719999
v 1.224303 1.041800 3.950928
v 1.331714 1.111398 3.881331
v 1.224303 0.847037 3.756166
v 1.331715 0.916634 3.686569
v 1.333277 1.322771 3.746137
v 1.175241 1.322771 3.746137
v 1.333277 1.046796 3.746136
v 1.175241 1.046796 3.746136
v 1.175240 1.322771 3.855611
v 1.333277 1.322771 3.855612
v 1.175240 1.046796 3.855610
v 1.333277 1.046796 3.855612
v 1.057805 0.738010 -1.833464
v -1.162186 0.738010 -1.833465
v 1.057805 0.529885 -1.833464
v -1.162186 0.529885 -1.833465
v -1.162186 0.738010 -1.625340
v 1.057805 0.738010 -1.625340
v -1.162186 0.529885 -1.625341
v 1.057805 0.529885 -1.625340
v 0.225308 0.807385 -1.902839
v -0.121565 0.807385 -1.902839
v 0.225308 0.460510 -1.902839
v -0.121565 0.460510 -1.902839
v -0.121565 0.807385 -1.555965
v 0.225309 0.807385 -1.555965
v -0.121565 0.460510 -1.555966
v 0.225309 0.460510 -1.555965
v 1.057806 0.738010 -3.290332
v -1.162185 0.738010 -3.290333
v 1.057806 0.529885 -3.290332
v -1.162185 0.529885 -3.290333
v -1.162186 0.738010 -3.082209
v 1.057805 0.738010 -3.082208
v -1.162186 0.529885 -3.082209
v 1.057805 0.529885 -3.082208
v 0.225309 0.807385 -3.359708
v -0.121565 0.807385 -3.359708
v 0.225309 0.460510 -3.359708
v -0.121565 0.460510 -3.359708
v -0.121565 0.807385 -3.012834
v 0.225309 0.807385 -3.012833
v -0.121565 0.460510 -3.012834
v 0.225309 0.460510 -3.012833
v 0.780306 1.154260 -3.498456
v 0.641557 1.154260 -3.498456
v 0.780306 0.599260 -3.498456
v 0.641557 0.599260 -3.498456
v 0.641557 1.154260 -1.417216
v 0.780306 1.154260 -1.417216
v 0.641557 0.599260 -1.417216
v 0.780306 0.599260 -1.417216
v 0.780306 1.154259 1.565897
v 0.641556 1.154259 1.565896
v 0.780306 0.599259 1.565897
v 0.641556 0.599259 1.565896
v 0.641556 1.154259 3.092141
v 0.780305 1.154259 3.092142
v 0.641556 0.599259 3.092140
v 0.780305 0.599259 3.092142
v -1.386149 1.689141 -3.788934
v -1.386149 1.689141 -3.510049
v -1.386149 1.410254 -3.788934
v -1.386149 1.410254 -3.510049
v 1.383289 1.689141 -3.510046
v 1.383289 1.689141 -3.788933
v 1.383289 1.410254 -3.510046
v 1.383289 1.410254 -3.788933
v 0.729260 1.091776 -3.521703
v 0.729261 1.574381 -3.039099
v 0.729261 1.042721 -3.472647
v 0.729260 1.525326 -2.990044
v 1.324496 1.574381 -3.039100
v 1.324495 1.091776 -3.521703
v 1.324496 1.525326 -2.990044
v 1.324496 1.042721 -3.472648
v 0.868010 0.398026 -3.521703
v 0.868010 1.091776 -3.521703
v 0.868010 0.398026 -3.452328
v 0.868010 1.091776 -3.452327
v 1.255121 1.091776 -3.521703
v 1.255121 0.398026 -3.521703
v 1.255121 1.091776 -3.452327
v 1.255121 0.398026 -3.452327
v 0.032649 2.098098 1.355801
v 0.032649 1.851571 1.581701
v 0.032649 1.872198 1.109275
v 0.032649 1.625670 1.335175
v 1.281394 1.851571 1.581700
v 1.281394 2.098098 1.355802
v 1.281394 1.625670 1.335175
v 1.281394 1.872198 1.109275
v 0.485334 2.803952 1.102676
v 0.485334 2.803952 1.588299
v 0.671709 2.511402 1.102676
v 0.671709 2.511402 1.588299
v 0.953414 3.102153 1.588299
v 0.953414 3.102153 1.102676
v 1.139789 2.809602 1.588300
v 1.139789 2.809602 1.102676
v 0.657022 2.729071 1.172051
v 0.657021 2.729071 1.518925
v 0.657022 1.965947 1.172051
v 0.657021 1.965947 1.518925
v 1.003895 2.729071 1.518925
v 1.003895 2.729071 1.172051
v 1.003895 1.965947 1.518925
v 1.003895 1.965947 1.172051
v -1.024394 1.432608 3.597843
v -1.024394 1.432608 3.840656
v 1.029097 1.432608 3.597843
v 1.029097 1.432608 3.840656
v -1.024394 1.911358 3.840656
v -1.024394 1.911358 3.597843
v 1.029097 1.911358 3.840656
v 1.029097 1.911358 3.597843
v -0.474397 1.283586 3.804482
v -0.474396 1.283586 3.839170
v 0.485350 1.283586 3.804482
v 0.485349 1.283586 3.839169
v -0.474396 2.116086 3.839170
v -0.474397 2.116086 3.804482
v 0.485349 2.116086 3.839169
v 0.485350 2.116086 3.804482
v 0.419945 2.100133 3.806976
v 0.419356 2.100003 3.839021
v 0.462608 1.906220 3.806974
v 0.462019 1.906090 3.839016
v 0.484523 2.114340 3.840276
v 0.485112 2.114470 3.808231
v 0.527185 1.920428 3.840272
v 0.527774 1.920558 3.808227
v 0.333774 1.875999 3.806661
v 0.333774 1.875999 3.839962
v 1.025473 1.845799 3.806662
v 1.025474 1.845799 3.839961
v 0.336739 1.943922 3.839962
v 0.336739 1.943922 3.806662
v 1.028439 1.913721 3.839961
v 1.028440 1.913721 3.806662
v -1.399018 0.870733 3.120533
v -1.399018 0.870733 3.675530
v 1.375971 0.870733 3.120533
v 1.375970 0.870733 3.675530
v -1.399018 1.148233 3.675530
v -1.399018 1.148233 3.120533
v 1.375970 1.148233 3.675530
v 1.375971 1.148233 3.120533
v 1.271909 0.662608 3.120532
v 1.271909 0.662608 3.675530
v 1.341284 0.662608 3.120533
v 1.341284 0.662608 3.675531
v 1.271909 0.870733 3.675530
v 1.271909 0.870733 3.120532
v 1.341284 0.870733 3.675531
v 1.341284 0.870733 3.120533
v 1.306595 0.599483 3.120533
v 1.306596 0.599483 3.675531
v 1.375971 0.599483 3.120533
v 1.375970 0.599483 3.675530
v 1.306596 0.668858 3.675531
v 1.306595 0.668858 3.120533
v 1.375970 0.668858 3.675530
v 1.375971 0.668858 3.120533
v 1.231919 2.334392 3.553565
v 1.231610 2.354641 3.725816
v 1.266435 2.274631 3.560652
v 1.266126 2.294881 3.732902
v 1.285771 2.385505 3.722283
v 1.286079 2.365255 3.550033
v 1.320286 2.325745 3.729370
v 1.320596 2.305495 3.557120
v 1.185200 2.333846 1.811692
v 1.051044 2.001797 2.323147
v 1.114949 2.159967 1.680380
v 0.980793 1.827917 2.191835
v 1.179690 1.949820 2.323148
v 1.313846 2.281869 1.811692
v 1.109439 1.775941 2.191835
v 1.243595 2.107990 1.680380
v 0.192396 1.787654 2.478867
v 0.192396 1.787654 3.093153
v 0.192396 1.475839 2.478867
v 0.192396 1.475839 3.093153
v 0.865951 1.787654 3.093152
v 0.865952 1.787654 2.478866
v 0.865951 1.475839 3.093152
v 0.865952 1.475839 2.478866
v 0.193090 2.561107 2.289561
v 0.193090 2.594721 2.441180
v 0.193090 1.696369 2.481267
v 0.193090 1.729982 2.632887
v 0.865404 2.594721 2.441180
v 0.865404 2.561107 2.289561
v 0.865404 1.729982 2.632888
v 0.865404 1.696369 2.481267
v -0.278844 1.757128 2.288289
v -0.278844 1.757128 3.745159
v -0.278844 1.549003 2.288289
v -0.278844 1.549003 3.745159
v 0.276153 1.757128 3.745159
v 0.276154 1.757128 2.288290
v 0.276153 1.549003 3.745159
v 0.276154 1.549003 2.288290
v -1.079894 2.046646 3.352796
v -1.079894 1.969459 3.597602
v 1.098472 2.046646 3.352797
v 1.098472 1.969459 3.597602
v -1.079894 2.300280 3.701910
v -1.079894 2.377467 3.457103
v 1.098472 2.300280 3.701910
v 1.098472 2.377467 3.457104
v -0.268209 1.736687 3.182326
v -0.268209 1.659500 3.427133
v 0.265975 1.736687 3.182326
v 0.265975 1.659500 3.427132
v -0.268210 2.387305 3.656608
v -0.268210 2.464493 3.411800
v 0.265975 2.387305 3.656607
v 0.265975 2.464493 3.411801
v 0.726396 1.487197 1.172051
v 0.726396 1.487197 1.518924
v 0.726396 0.786572 1.172051
v 0.726396 0.786572 1.518924
v 1.281393 1.487197 1.518924
v 1.281394 1.487197 1.172051
v 1.281393 0.786572 1.518924
v 1.281394 0.786572 1.172051
v 0.726396 2.104697 1.102676
v 0.726396 2.104697 1.588300
v 0.726396 1.619072 1.102676
v 0.726396 1.619072 1.588300
v 1.212019 2.104697 1.588300
v 1.212019 2.104697 1.102676
v 1.212019 1.619072 1.588300
v 1.212019 1.619072 1.102676
v 0.018774 1.702873 2.330135
v 0.018773 1.546263 3.218305
v 0.018774 1.634552 2.318087
v 0.018774 1.477943 3.206260
v 0.969207 1.546263 3.218305
v 0.969207 1.702873 2.330134
v 0.969207 1.477943 3.206258
v 0.969207 1.634552 2.318088
v 1.252223 2.267668 3.546945
v 1.246857 2.269891 3.657793
v 0.952225 1.543404 3.546945
v 0.946858 1.545627 3.657793
v 1.304463 2.246030 3.661061
v 1.309829 2.243807 3.550212
v 1.004464 1.521766 3.661060
v 1.009831 1.519543 3.550213
v 1.094198 2.330484 3.540910
v 1.097436 2.355083 3.729370
v 1.086656 2.273202 3.548517
v 1.089895 2.297801 3.736977
v 1.320286 2.325745 3.729370
v 1.317049 2.301146 3.540910
v 1.312745 2.268462 3.736976
v 1.309507 2.243863 3.548517
v -1.325619 1.574381 -3.039102
v -1.325619 1.574381 -2.900351
v -1.325619 1.505006 -3.039102
v -1.325619 1.505006 -2.900351
v 1.324495 1.574381 -2.900350
v 1.324496 1.574381 -3.039100
v 1.324495 1.505006 -2.900350
v 1.324496 1.505006 -3.039100
v -0.687996 1.165007 -3.594098
v -0.687996 1.165006 -3.455349
v -0.687996 0.741881 -3.594098
v -0.687996 0.741881 -3.455350
v 0.700124 1.165006 -3.455348
v 0.700123 1.165007 -3.594098
v 0.700124 0.741881 -3.455348
v 0.700123 0.741881 -3.594098
v 1.287638 1.515704 -3.802809
v 1.287639 1.515704 -3.732046
v 1.287638 1.444941 -3.802809
v 1.287639 1.444941 -3.732046
v 1.358400 1.515704 -3.732045
v 1.358401 1.515704 -3.802808
v 1.358400 1.444941 -3.732045
v 1.358401 1.444941 -3.802808
v 0.843640 1.682204 -3.809746
v 0.843640 1.682204 -3.738983
v 0.843640 1.479691 -3.809746
v 0.843640 1.479691 -3.738983
v 1.053152 1.682204 -3.738984
v 1.053152 1.682204 -3.809745
v 1.053152 1.479691 -3.738984
v 1.053152 1.479691 -3.809745
v -0.440167 1.099391 -3.608560
v -0.440166 1.099391 -3.537797
v -0.440167 0.987004 -3.608560
v -0.440166 0.987004 -3.537797
v 0.435717 1.099391 -3.537797
v 0.435718 1.099391 -3.608559
v 0.435717 0.987004 -3.537798
v 0.435718 0.987004 -3.608560
v -0.655678 1.390828 3.953081
v -0.085417 1.390828 3.953081
v -0.655678 1.042565 3.953080
v -0.085417 1.042565 3.953080
v -0.085418 1.390828 3.743569
v -0.655678 1.390828 3.743569
v -0.085418 1.042565 3.743569
v -0.655678 1.042565 3.743569
v -1.332205 1.322146 3.854986
v -1.223771 1.322146 3.954346
v -1.332205 1.043259 3.854986
v -1.223771 1.043259 3.954346
v -1.129096 1.322146 3.851027
v -1.237531 1.322146 3.751665
v -1.129096 1.043259 3.851027
v -1.237531 1.043259 3.751665
v -1.325098 1.111398 3.881331
v -1.217686 1.041800 3.950928
v -1.325098 0.916634 3.686568
v -1.217686 0.847037 3.756166
v -1.170818 1.077968 3.914761
v -1.278230 1.147565 3.845164
v -1.170818 0.883204 3.719997
v -1.278229 0.952801 3.650401
v -1.332831 1.322771 3.855609
v -1.174794 1.322771 3.855611
v -1.332831 1.046796 3.855609
v -1.174794 1.046796 3.855610
v -1.174794 1.322771 3.746136
v -1.332830 1.322771 3.746136
v -1.174794 1.046796 3.746136
v -1.332830 1.046796 3.746136
v -0.398298 1.313821 3.889951
v 0.399511 1.313821 3.889950
v -0.398298 1.313821 4.167449
v 0.399511 1.313821 4.167449
v 0.399511 1.036322 3.889949
v -0.398298 1.036321 3.889951
v 0.399511 1.036322 4.167449
v -0.398298 1.036321 4.167449
v -1.315632 1.202822 -0.388881
v -1.315633 1.202822 0.998613
v -1.315632 0.647822 -0.388881
v -1.315633 0.647822 0.998613
v -0.760636 1.202822 0.998613
v -0.760635 1.202822 -0.388881
v -0.760636 0.647822 0.998613
v -0.760635 0.647822 -0.388881
v -0.759941 1.549004 -3.718172
v -0.759942 1.549003 2.843288
v -0.759941 1.064766 -3.718172
v -0.759942 1.064765 2.843288
v -0.553206 1.549003 2.843288
v -0.553205 1.549004 -3.718172
v -0.553206 1.064765 2.843288
v -0.553205 1.064766 -3.718172
v -1.357951 1.515704 -3.802809
v -1.357951 1.515704 -3.732048
v -1.357951 1.444941 -3.802809
v -1.357951 1.444941 -3.732048
v -1.287189 1.515704 -3.732047
v -1.287189 1.515704 -3.802809
v -1.287189 1.444941 -3.732047
v -1.287189 1.444941 -3.802809
v -1.324670 0.881256 -3.594723
v -1.324671 0.881256 -3.454724
v -1.324670 0.810632 -3.594723
v -1.324671 0.810632 -3.454724
v 1.332193 0.881256 -3.454723
v 1.332193 0.881256 -3.594722
v 1.332193 0.810632 -3.454723
v 1.332193 0.810632 -3.594722
v -0.012849 1.700539 3.784589
v -0.012849 1.643711 3.824379
v -0.977157 1.700539 3.784589
v -0.977158 1.643711 3.824379
v -0.012849 1.452710 3.551604
v -0.012849 1.509538 3.511813
v -0.977157 1.452710 3.551604
v -0.977157 1.509538 3.511812
v -0.478415 2.114470 3.808230
v -0.477827 2.114340 3.840274
v -0.521078 1.920558 3.808228
v -0.520489 1.920428 3.840272
v -0.412660 2.100003 3.839019
v -0.413248 2.100133 3.806976
v -0.455322 1.906090 3.839017
v -0.455910 1.906220 3.806973
v -0.336293 1.943922 3.806661
v -0.336293 1.943922 3.839959
v -1.027993 1.913721 3.806661
v -1.027993 1.913721 3.839960
v -0.333327 1.875999 3.839961
v -0.333328 1.875999 3.806660
v -1.025029 1.845799 3.839961
v -1.025028 1.845799 3.806662
v -1.350321 1.827197 0.963926
v -1.350321 1.827197 1.588299
v -1.350321 1.202822 0.963926
v -1.350321 1.202822 1.588299
v 0.730920 1.827197 1.588299
v 0.730921 1.827197 0.963926
v 0.730920 1.202822 1.588299
v 0.730921 1.202822 0.963926
v -1.382595 1.763634 1.982507
v -1.382595 1.619072 2.802357
v -1.382595 1.695313 1.970461
v -1.382596 1.550750 2.790310
v -0.987160 1.619072 2.802357
v -0.987159 1.763634 1.982507
v -0.987159 1.550750 2.790310
v -0.987159 1.695313 1.970460
v -1.324046 1.091776 -3.521703
v -1.324046 1.574381 -3.039100
v -1.324046 1.042721 -3.472648
v -1.324046 1.525326 -2.990045
v -0.728811 1.574381 -3.039101
v -0.728811 1.091776 -3.521703
v -0.728811 1.525326 -2.990044
v -0.728811 1.042721 -3.472649
v -0.779857 1.154260 -1.417216
v -0.641108 1.154260 -1.417216
v -0.779857 0.599260 -1.417216
v -0.641108 0.599260 -1.417216
v -0.641108 1.154260 -3.498456
v -0.779857 1.154260 -3.498457
v -0.641108 0.599260 -3.498456
v -0.779857 0.599260 -3.498457
v -1.052702 1.682204 -3.809748
v -1.052702 1.682204 -3.738984
v -1.052702 1.479691 -3.809748
v -1.052702 1.479691 -3.738984
v -0.843191 1.682204 -3.738983
v -0.843190 1.682204 -3.809746
v -0.843191 1.479691 -3.738983
v -0.843190 1.479691 -3.809746
v -0.779858 1.154259 3.092141
v -0.641109 1.154259 3.092141
v -0.779858 0.599259 3.092141
v -0.641109 0.599259 3.092140
v -0.641108 1.154259 1.565896
v -0.779858 1.154259 1.565896
v -0.641108 0.599259 1.565896
v -0.779858 0.599259 1.565896
v -1.437085 1.128613 0.235491
v -1.437084 1.128613 0.374241
v -1.296478 0.975168 0.235491
v -1.296478 0.975168 0.374241
v -1.334788 1.222352 0.374241
v -1.334787 1.222352 0.235491
v -1.194182 1.068906 0.374241
v -1.194181 1.068906 0.235492
v 0.605911 1.518282 3.654172
v 0.605911 1.587657 3.774333
v 0.744661 1.518282 3.654173
v 0.744661 1.587657 3.774332
v 0.605911 2.314577 3.354647
v 0.605912 2.245202 3.234486
v 0.744661 2.314577 3.354647
v 0.744661 2.245202 3.234486
v -0.740602 3.148613 1.033301
v -0.740602 3.148613 1.588299
v -1.298121 1.802637 1.033300
v -1.298121 1.802637 1.588299
v -0.676508 3.122064 1.588299
v -0.676508 3.122064 1.033301
v -1.234028 1.776088 1.588299
v -1.234028 1.776088 1.033301
v 0.816083 0.890947 0.061118
v 0.816083 0.890947 0.311116
v 0.816083 0.640947 0.061118
v 0.816083 0.640947 0.311116
v 1.378581 0.890947 0.311117
v 1.378581 0.890947 0.061118
v 1.378581 0.640947 0.311117
v 1.378581 0.640947 0.061118
v 0.816083 0.890947 0.373616
v 0.816083 0.890947 0.623615
v 0.816083 0.640947 0.373616
v 0.816083 0.640947 0.623615
v 1.378581 0.890947 0.623615
v 1.378581 0.890947 0.373616
v 1.378581 0.640947 0.623615
v 1.378581 0.640947 0.373616
v 0.816083 0.890947 0.686115
v 0.816083 0.890947 0.936114
v 0.816083 0.640947 0.686115
v 0.816083 0.640947 0.936114
v 1.378581 0.890947 0.936114
v 1.378581 0.890947 0.686115
v 1.378581 0.640947 0.936114
v 1.378581 0.640947 0.686115
v 0.113578 1.293600 -0.305756
v 0.113578 1.293600 -0.055757
v 0.038402 1.055171 -0.305756
v 0.038402 1.055171 -0.055757
v 1.126898 0.974100 -0.055757
v 1.126898 0.974100 -0.305756
v 1.051722 0.735671 -0.055757
v 1.051722 0.735671 -0.305756
v 1.003583 0.922197 -0.243256
v 1.003583 0.922197 -0.118257
v 1.003583 0.797197 -0.243256
v 1.003583 0.797197 -0.118257
v 1.441081 0.922197 -0.118256
v 1.441081 0.922197 -0.243256
v 1.441081 0.797197 -0.118257
v 1.441081 0.797197 -0.243256
v -0.571341 1.438516 -3.655671
v -0.571342 1.438515 2.843288
v -0.571341 1.314767 -3.655671
v -0.571342 1.314765 2.843288
v 0.572890 1.438515 2.843289
v 0.572891 1.438516 -3.655670
v 0.572890 1.314765 2.843289
v 0.572891 1.314767 -3.655670
v 0.404099 1.576762 3.410150
v 0.404100 1.528884 3.450324
v 0.497849 1.576762 3.410151
v 0.497850 1.528884 3.450325
v 0.404100 1.649407 3.593957
v 0.404100 1.697284 3.553783
v 0.497849 1.649407 3.593958
v 0.497849 1.697284 3.553784
v 0.285351 1.576762 3.410151
v 0.285350 1.528884 3.450325
v 0.379100 1.576762 3.410150
v 0.379100 1.528884 3.450325
v 0.285350 1.649407 3.593958
v 0.285350 1.697284 3.553783
v 0.379100 1.649407 3.593956
v 0.379100 1.697284 3.553784
v 0.446969 3.154779 3.281640
v 0.446968 3.169094 3.308005
v 0.446968 3.079212 3.322670
v 0.446969 3.093527 3.349035
v 0.610518 3.169094 3.308003
v 0.610518 3.154779 3.281641
v 0.610518 3.093527 3.349034
v 0.610518 3.079212 3.322670
v -0.490528 3.154779 3.281641
v -0.490527 3.169094 3.308005
v -0.490527 3.079212 3.322670
v -0.490528 3.093527 3.349033
v -0.326978 3.169094 3.308005
v -0.326979 3.154779 3.281641
v -0.326978 3.093527 3.349034
v -0.326978 3.079212 3.322670
v -1.255120 0.398026 -3.521704
v -1.255120 1.091776 -3.521704
v -1.255120 0.398026 -3.452329
v -1.255120 1.091776 -3.452329
v -0.868009 1.091776 -3.521704
v -0.868009 0.398026 -3.521704
v -0.868009 1.091776 -3.452328
v -0.868009 0.398026 -3.452328
v -0.861905 3.179136 1.678486
v -0.861906 3.179136 2.510983
v -1.323190 2.293013 1.678486
v -1.323190 2.293013 2.510983
v -0.738833 3.115068 2.510983
v -0.738833 3.115068 1.678486
v -1.200119 2.228945 2.510983
v -1.200118 2.228945 1.678486
v -1.321896 2.288295 2.232859
v -1.321897 2.288295 2.511608
v -1.055932 1.646199 2.232859
v -1.055933 1.646199 2.511607
v -1.256648 2.315322 2.511607
v -1.256647 2.315322 2.232858
v -0.990683 1.673226 2.511607
v -0.990683 1.673226 2.232859
v -1.279390 2.189123 1.977179
v -1.324046 2.296931 2.227421
v -1.063321 1.667484 2.240463
v -1.107977 1.775291 2.490705
v -1.261233 2.322948 2.227421
v -1.216578 2.215141 1.977179
v -1.045164 1.801309 2.490705
v -1.000510 1.693501 2.240464
v -1.323734 2.294367 1.678486
v -1.323735 2.294367 2.510982
v -1.267982 2.159769 1.678486
v -1.267982 2.159769 2.510982
v -1.259641 2.320915 2.510983
v -1.259640 2.320915 1.678486
v -1.203889 2.186317 2.510983
v -1.203888 2.186318 1.678486
v -1.313848 2.281869 1.811691
v -1.179691 1.949820 2.323147
v -1.243596 2.107990 1.680379
v -1.109440 1.775941 2.191834
v -1.051045 2.001797 2.323147
v -1.185201 2.333846 1.811692
v -0.980793 1.827917 2.191835
v -1.114950 2.159967 1.680379
v -1.179556 1.943200 2.328649
v -1.216749 2.032994 2.515353
v -1.011557 1.537613 2.557178
v -1.048751 1.627407 2.743885
v -1.150473 2.060447 2.515353
v -1.113279 1.970653 2.328649
v -0.982475 1.654860 2.743884
v -0.945281 1.565066 2.557178
v -1.080066 1.707909 2.698379
v -1.104339 1.766508 2.820220
v -0.962793 1.424785 2.857906
v -0.987065 1.483384 2.979748
v -1.041527 1.792526 2.820220
v -1.017254 1.733927 2.698379
v -0.924253 1.509402 2.979748
v -0.899981 1.450803 2.857906
v -1.002496 1.518827 2.857857
v -1.002498 1.518827 3.745853
v -0.949400 1.390639 2.857858
v -0.949400 1.390639 3.745853
v -0.938404 1.545376 3.745853
v -0.938403 1.545376 2.857857
v -0.885307 1.417187 3.745853
v -0.885306 1.417188 2.857858
v -1.313170 2.251457 3.557792
v -1.316257 2.274908 3.737454
v -1.029320 1.570335 3.651574
v -1.032407 1.593786 3.831235
v -1.123142 2.354415 3.730394
v -1.120054 2.330965 3.550733
v -0.839291 1.673293 3.824176
v -0.836204 1.649843 3.644514
v -1.309831 2.243807 3.550214
v -1.304464 2.246030 3.661060
v -1.009833 1.519543 3.550213
v -1.004465 1.521766 3.661062
v -1.246859 2.269891 3.657793
v -1.252224 2.267668 3.546945
v -0.946860 1.545627 3.657793
v -0.952227 1.543404 3.546945
v -1.317051 2.301146 3.540911
v -1.320289 2.325745 3.729370
v -1.309509 2.243863 3.548517
v -1.312748 2.268462 3.736976
v -1.097438 2.355083 3.729370
v -1.094199 2.330484 3.540910
v -1.089897 2.297801 3.736976
v -1.086658 2.273202 3.548517
v -0.860433 3.133002 3.208635
v -0.862586 3.170537 3.275043
v -1.278838 2.317616 3.655959
v -1.280991 2.355153 3.722367
v -0.767731 3.134673 3.298390
v -0.765578 3.097136 3.231984
v -1.186135 2.319288 3.745714
v -1.183982 2.281751 3.679306
v -1.286081 2.365255 3.550033
v -1.285773 2.385505 3.722283
v -1.320598 2.305495 3.557121
v -1.320289 2.325745 3.729370
v -1.231612 2.354641 3.725814
v -1.231920 2.334392 3.553565
v -1.266128 2.294881 3.732901
v -1.266436 2.274631 3.560653
v -0.898665 3.116171 3.133424
v -0.865790 3.176821 3.277302
v -1.311485 2.315490 3.565266
v -1.278611 2.376141 3.709144
v -0.804255 3.144792 3.276744
v -0.837129 3.084142 3.132865
v -1.217074 2.344112 3.708585
v -1.249949 2.283462 3.564708
v -0.861906 3.179136 2.510983
v -0.861906 3.179136 3.274106
v -0.929176 3.049909 2.510984
v -0.929177 3.049909 3.274106
v -0.738834 3.115068 3.274105
v -0.738833 3.115068 2.510983
v -0.806104 2.985842 3.274105
v -0.806104 2.985842 2.510983
v -1.378133 1.265322 0.736114
v -1.378133 1.265322 0.811114
v -1.378133 0.585322 0.736114
v -1.378133 0.585322 0.811114
v -0.760635 1.265322 0.811114
v -0.760635 1.265322 0.736115
v -0.760635 0.585322 0.811114
v -0.760635 0.585322 0.736114
v -1.378133 1.265322 -0.201382
v -1.378132 1.265322 -0.126382
v -1.378133 0.585322 -0.201382
v -1.378132 0.585322 -0.126382
v -0.760635 1.265322 -0.126382
v -0.760635 1.265322 -0.201381
v -0.760635 0.585322 -0.126382
v -0.760635 0.585322 -0.201382
v -1.271910 0.870733 3.120532
v -1.271910 0.870733 3.675531
v -1.341286 0.870733 3.120533
v -1.341285 0.870733 3.675530
v -1.271910 0.662608 3.675531
v -1.271910 0.662608 3.120532
v -1.341285 0.662608 3.675530
v -1.341286 0.662608 3.120533
v -1.306598 0.668858 3.120533
v -1.306598 0.668858 3.675531
v -1.375972 0.668858 3.120533
v -1.375972 0.668858 3.675530
v -1.306598 0.599483 3.675531
v -1.306598 0.599483 3.120533
v -1.375972 0.599483 3.675530
v -1.375972 0.599483 3.120533
v -1.262150 3.052276 3.259962
v -1.262149 3.081502 3.313788
v -1.262150 2.321881 3.656533
v -1.262149 2.351107 3.710360
v 1.264078 3.081502 3.313788
v 1.264078 3.052276 3.259962
v 1.264077 2.351107 3.710360
v 1.264077 2.321881 3.656533
v -0.865953 1.787654 2.478866
v -0.865953 1.787654 3.093153
v -0.865953 1.475839 2.478866
v -0.865953 1.475839 3.093153
v -0.192398 1.787654 3.093153
v -0.192397 1.787654 2.478866
v -0.192398 1.475839 3.093153
v -0.192397 1.475839 2.478866
v -0.865405 2.561107 2.289560
v -0.865405 2.594721 2.441180
v -0.865405 1.696369 2.481267
v -0.865405 1.729982 2.632887
v -0.193091 2.594721 2.441180
v -0.193091 2.561107 2.289560
v -0.193091 1.729982 2.632887
v -0.193091 1.696369 2.481267
v -0.243749 1.754071 3.412979
v -0.243750 1.754072 3.100481
v -0.243749 1.999071 3.412979
v -0.243750 1.999072 3.100481
v 0.226248 1.754072 3.100480
v 0.226248 1.754071 3.412980
v 0.226248 1.999072 3.100480
v 0.226248 1.999071 3.412980
vn -0.0000 -0.0000 1.0000
vn -0.8660 -0.5000 -0.0000
vn -0.0000 -0.0000 -1.0000
vn 0.8660 0.5000 -0.0000
vn -0.5000 0.8660 -0.0000
vn 0.5000 -0.8660 -0.0000
vn -0.2060 0.3801 0.9017
vn -0.8870 -0.4617 -0.0081
vn 0.2060 -0.3801 -0.9017
vn 0.8870 0.4617 0.0081
vn -0.4132 0.8015 -0.4323
vn 0.4132 -0.8015 0.4323
vn -0.9239 0.3827 -0.0000
vn 0.9239 -0.3827 -0.0000
vn 0.3827 0.9239 -0.0000
vn -0.3827 -0.9239 -0.0000
vn 0.1767 0.4266 0.8870
vn -0.1767 -0.4266 -0.8870
vn 0.3394 0.8195 -0.4618
vn -0.3394 -0.8195 0.4618
vn 0.3394 0.8195 -0.4617
vn -0.3394 -0.8195 0.4617
vn -0.0000 -1.0000 -0.0000
vn -0.0000 1.0000 -0.0000
vn -1.0000 -0.0000 -0.0000
vn 1.0000 -0.0000 -0.0000
vn 0.4617 -0.0000 0.8870
vn -0.4617 -0.0000 -0.8870
vn -0.8870 -0.0000 0.4617
vn 0.8870 -0.0000 -0.4617
vn -0.8870 -0.4617 -0.0000
vn 0.8870 0.4617 -0.0000
vn -0.4617 0.8870 -0.0000
vn 0.4618 -0.8870 -0.0000
vn -0.4618 0.8870 -0.0000
vn 0.4617 -0.8870 -0.0000
vn -0.1767 0.4266 0.8870
vn -0.9239 -0.3827 -0.0000
vn 0.1767 -0.4266 -0.8870
vn 0.9239 0.3827 -0.0000
vn -0.3394 0.8195 -0.4618
vn 0.3394 -0.8195 0.4617
vn -0.3827 0.9239 -0.0000
vn 0.3827 -0.9239 -0.0000
vn -0.3394 0.8195 -0.4617
vn 0.3394 -0.8195 0.4618
vn -0.8870 0.4617 -0.0000
vn 0.8870 -0.4617 -0.0000
vn 0.4618 0.8870 -0.0000
vn -0.4618 -0.8870 -0.0000
vn -0.4617 -0.0000 0.8870
vn 0.4617 -0.0000 -0.8870
vn 0.8870 -0.0000 0.4618
vn -0.8870 -0.0000 -0.4617
vn 0.2060 0.3801 0.9017
vn -0.8870 0.4617 0.0081
vn -0.2060 -0.3801 -0.9017
vn 0.8870 -0.4617 -0.0081
vn 0.4132 0.8015 -0.4323
vn -0.4132 -0.8015 0.4323
vn -0.8660 0.5000 -0.0000
vn 0.8660 -0.5000 -0.0000
vn 0.5000 0.8660 -0.0000
vn -0.5000 -0.8660 -0.0000
vn 0.4617 0.8870 -0.0000
vn -0.4617 -0.8870 -0.0000
vn -0.7934 -0.6088 -0.0000
vn 0.7934 0.6088 -0.0000
vn -0.6088 0.7934 -0.0000
vn 0.6088 -0.7934 -0.0000
vn -0.8192 -0.5736 -0.0000
vn 0.8192 0.5736 -0.0000
vn -0.5736 0.8192 -0.0000
vn 0.5736 -0.8191 -0.0000
vn -0.8192 0.5736 -0.0000
vn 0.8192 -0.5736 -0.0000
vn 0.5736 0.8191 -0.0000
vn -0.5736 -0.8191 -0.0000
vn -0.0000 0.1736 0.9848
vn -0.0000 -0.1736 -0.9848
vn -0.0000 0.9848 -0.1737
vn -0.0000 -0.9848 0.1736
vn -0.7934 0.6088 -0.0000
vn 0.7934 -0.6088 -0.0000
vn 0.6088 0.7934 -0.0000
vn -0.6088 -0.7934 -0.0000
vn 0.7071 0.7071 -0.0000
vn -0.7071 -0.7071 -0.0000
vn -0.7071 0.7071 -0.0000
vn 0.7071 -0.7071 -0.0000
vn -0.0000 0.4772 0.8788
vn -0.8192 0.5041 -0.2737
vn -0.0000 -0.4772 -0.8788
vn 0.8192 -0.5041 0.2737
vn 0.5736 0.7199 -0.3909
vn -0.5736 -0.7199 0.3909
vn -0.0000 0.8788 -0.4772
vn -0.0000 -0.8788 0.4772
vn 0.4618 -0.0000 -0.8870
vn -0.8870 -0.0000 0.4618
vn -0.4618 -0.0000 -0.8870
vn 0.8870 -0.0000 -0.4618
vn 0.1617 0.3904 0.9063
vn -0.1617 -0.3904 -0.9063
vn 0.3468 0.8373 -0.4226
vn -0.3468 -0.8373 0.4226
vn 0.0170 0.1294 0.9914
vn -0.9242 0.3805 -0.0338
vn -0.0170 -0.1294 -0.9914
vn 0.9242 -0.3805 0.0338
vn 0.3816 0.9157 -0.1261
vn -0.3816 -0.9157 0.1261
vn -0.0000 -0.1736 0.9848
vn -0.0000 0.1737 -0.9848
vn -0.0000 0.9848 0.1736
vn -0.0000 -0.9848 -0.1736
vn -0.0000 0.4617 0.8870
vn -0.0000 -0.4617 -0.8870
vn -0.0000 0.8870 -0.4618
vn -0.0000 -0.8870 0.4618
vn -0.0000 -0.6756 0.7373
vn -0.0000 0.6756 -0.7373
vn -0.0000 0.7373 0.6756
vn -0.0000 -0.7373 -0.6756
vn -0.0000 -0.5878 0.8090
vn -0.0000 0.5878 -0.8090
vn -0.0000 0.8090 0.5878
vn -0.0000 -0.8090 -0.5878
vn 0.0282 0.4919 0.8702
vn -0.9115 -0.3446 0.2244
vn -0.0282 -0.4919 -0.8702
vn 0.9115 0.3447 -0.2244
vn -0.4103 0.7995 -0.4386
vn 0.4103 -0.7995 0.4386
vn -0.0000 0.1305 0.9914
vn -0.0000 -0.9914 0.1305
vn -0.0000 -0.1305 -0.9914
vn -0.0000 0.9914 -0.1305
vn -0.0000 -0.8192 0.5736
vn -0.0000 -0.5736 -0.8192
vn -0.0000 0.8192 -0.5736
vn -0.0000 0.5736 0.8192
vn -0.7373 -0.0000 0.6756
vn -0.6756 -0.0000 -0.7373
vn 0.7373 -0.0000 -0.6756
vn 0.6756 -0.0000 0.7373
vn -0.0000 0.7071 -0.7071
vn -0.0000 -0.7071 0.7071
vn -0.0000 0.7071 0.7071
vn -0.0000 -0.7071 -0.7071
vn -0.7373 -0.4777 0.4777
vn -0.6756 0.5213 -0.5213
vn 0.7373 0.4777 -0.4777
vn 0.6756 -0.5213 0.5213
vn -0.0000 -0.7373 0.6756
vn -0.0000 0.7373 -0.6756
vn -0.0000 0.6756 0.7373
vn -0.0000 -0.6756 -0.7373
vn -0.8434 -0.5373 -0.0000
vn 0.8434 0.5373 -0.0000
vn -0.5373 0.8434 -0.0000
vn 0.5373 -0.8434 -0.0000
vn -0.0184 -0.0041 0.9998
vn -0.9765 -0.2148 -0.0188
vn 0.0183 0.0041 -0.9998
vn 0.9765 0.2148 0.0188
vn -0.2149 0.9766 -0.0000
vn 0.2149 -0.9766 -0.0000
vn -0.0436 -0.9990 -0.0000
vn 0.0436 0.9990 -0.0000
vn -0.9990 0.0436 -0.0000
vn 0.9990 -0.0436 -0.0000
vn -0.0018 0.1168 0.9932
vn -0.8674 -0.4943 0.0566
vn 0.0018 -0.1168 -0.9932
vn 0.8674 0.4943 -0.0566
vn -0.4975 0.8614 -0.1022
vn 0.4975 -0.8614 0.1022
vn -0.2149 -0.5318 0.8192
vn -0.9272 0.3746 -0.0000
vn 0.2149 0.5318 -0.8192
vn 0.9272 -0.3746 -0.0000
vn 0.3069 0.7595 0.5736
vn -0.3069 -0.7595 -0.5736
vn -0.0000 0.2164 0.9763
vn -0.0000 -0.2164 -0.9763
vn -0.0000 0.9763 -0.2164
vn -0.0000 -0.9763 0.2164
vn -0.0000 -0.3007 0.9537
vn -0.0000 -0.9537 -0.3007
vn -0.0000 0.3007 -0.9537
vn -0.0000 0.9537 0.3007
vn -0.0000 0.1736 -0.9848
vn -0.0484 0.0200 0.9986
vn -0.9226 0.3822 -0.0523
vn 0.0483 -0.0200 -0.9986
vn 0.9226 -0.3822 0.0523
vn -0.9914 0.1305 -0.0000
vn 0.9914 -0.1305 -0.0000
vn 0.1294 0.9830 -0.1305
vn -0.1294 -0.9830 0.1305
vn 0.7373 -0.0000 0.6756
vn -0.6756 -0.0000 0.7373
vn -0.7373 -0.0000 -0.6756
vn 0.6756 -0.0000 -0.7373
vn 0.7373 -0.4777 0.4777
vn -0.6756 -0.5213 0.5213
vn -0.7373 0.4777 -0.4777
vn 0.6756 0.5213 -0.5213
vn -0.0000 -0.8191 0.5736
vn 0.0184 -0.0040 0.9998
vn -0.9765 0.2148 0.0188
vn -0.0184 0.0041 -0.9998
vn 0.9765 -0.2148 -0.0188
vn 0.2149 0.9766 -0.0000
vn -0.2149 -0.9766 -0.0000
vn -0.0436 0.9990 -0.0000
vn 0.0436 -0.9990 -0.0000
vn 0.9990 0.0436 -0.0000
vn -0.9990 -0.0436 -0.0000
vn -0.7373 -0.6756 -0.0000
vn 0.7373 0.6756 -0.0000
vn -0.6756 0.7373 -0.0000
vn 0.6756 -0.7373 -0.0000
vn -0.0000 0.5000 0.8660
vn -0.0000 -0.8660 0.5000
vn -0.0000 -0.5000 -0.8660
vn -0.0000 0.8660 -0.5000
vn -0.9537 0.3007 -0.0000
vn 0.9537 -0.3007 -0.0000
vn 0.3007 0.9537 -0.0000
vn -0.3007 -0.9537 -0.0000
vn -0.0000 -0.7660 0.6428
vn -0.0000 -0.6428 -0.7660
vn -0.0000 0.7660 -0.6428
vn -0.0000 0.6428 0.7660
vn -0.1617 0.3904 0.9063
vn 0.1617 -0.3904 -0.9063
vn -0.3468 0.8373 -0.4226
vn 0.3468 -0.8373 0.4226
vn 0.2149 -0.5318 0.8192
vn -0.9272 -0.3746 -0.0000
vn -0.2149 0.5318 -0.8192
vn 0.9272 0.3746 -0.0000
vn -0.3069 0.7595 0.5736
vn 0.3069 -0.7595 -0.5736
vn -0.0170 0.1294 0.9914
vn -0.9242 -0.3805 0.0338
vn 0.0170 -0.1294 -0.9914
vn 0.9242 0.3805 -0.0338
vn -0.3816 0.9157 -0.1261
vn 0.3816 -0.9157 0.1261
vn 0.0484 0.0200 0.9986
vn -0.9226 -0.3822 0.0523
vn -0.0484 -0.0200 -0.9986
vn 0.9226 0.3822 -0.0523
vn -0.9914 -0.1305 -0.0000
vn 0.9914 0.1305 -0.0000
vn -0.1294 0.9830 -0.1305
vn 0.1294 -0.9830 0.1305
vn -0.0282 0.4919 0.8702
vn -0.9115 0.3447 -0.2244
vn 0.0282 -0.4919 -0.8702
vn 0.9115 -0.3446 0.2244
vn 0.4103 0.7995 -0.4386
vn -0.4103 -0.7995 0.4386
vn 0.0018 0.1168 0.9932
vn -0.8674 0.4943 -0.0566
vn -0.0018 -0.1168 -0.9932
vn 0.8674 -0.4943 0.0566
vn 0.4975 0.8614 -0.1022
vn -0.4975 -0.8614 0.1022
vt 0.607422 0.412109
vt 0.361328 0.484375
vt 0.234375 0.666016
vt 0.496094 0.525391
vt 0.628906 0.412109
vt 0.234375 0.644531
vt 0.607422 0.408203
vt 0.361328 0.480469
vt 0.160156 0.447266
vt 0.496094 0.521484
vt 0.628906 0.408203
vt 0.160156 0.425781
vt 0.498047 0.525391
vt 0.652344 0.980469
vt 0.236328 0.644531
vt 0.359375 0.484375
vt 0.673828 0.980469
vt 0.236328 0.666016
vt 0.498047 0.521484
vt 0.652344 0.976562
vt 0.162109 0.425781
vt 0.359375 0.480469
vt 0.673828 0.976562
vt 0.162109 0.447266
vt 0.246094 0.345703
vt 0.261719 0.345703
vt 0.132812 0.375000
vt 0.244141 0.345703
vt 0.248047 0.345703
vt 0.132812 0.373047
vt 0.246094 0.318359
vt 0.261719 0.318359
vt 0.617188 0.365234
vt 0.244141 0.318359
vt 0.248047 0.318359
vt 0.617188 0.363281
vt 0.246094 0.345703
vt 0.261719 0.345703
vt 0.134766 0.373047
vt 0.259766 0.345703
vt 0.263672 0.345703
vt 0.134766 0.375000
vt 0.246094 0.318359
vt 0.261719 0.318359
vt 0.619141 0.363281
vt 0.259766 0.318359
vt 0.263672 0.318359
vt 0.619141 0.365234
vt 0.361328 0.423828
vt 0.400391 0.343750
vt 0.076172 0.648438
vt 0.396484 0.343750
vt 0.369141 0.423828
vt 0.076172 0.640625
vt 0.361328 0.404297
vt 0.400391 0.324219
vt 0.394531 0.480469
vt 0.396484 0.324219
vt 0.369141 0.404297
vt 0.394531 0.472656
vt 0.398438 0.343750
vt 0.599609 0.466797
vt 0.078125 0.640625
vt 0.398438 0.343750
vt 0.607422 0.466797
vt 0.078125 0.648438
vt 0.398438 0.324219
vt 0.599609 0.447266
vt 0.396484 0.472656
vt 0.398438 0.324219
vt 0.607422 0.447266
vt 0.396484 0.480469
vt 0.294922 0.482422
vt 0.460938 0.531250
vt 0.462891 0.617188
vt 0.140625 0.621094
vt 0.298828 0.482422
vt 0.462891 0.613281
vt 0.294922 0.472656
vt 0.460938 0.521484
vt 0.492188 0.621094
vt 0.140625 0.611328
vt 0.298828 0.472656
vt 0.492188 0.617188
vt 0.142578 0.621094
vt 0.283203 0.414062
vt 0.464844 0.613281
vt 0.458984 0.531250
vt 0.287109 0.414062
vt 0.464844 0.617188
vt 0.142578 0.611328
vt 0.283203 0.404297
vt 0.494141 0.617188
vt 0.458984 0.521484
vt 0.287109 0.404297
vt 0.494141 0.621094
vt 0.535156 0.378906
vt 0.181641 0.390625
vt 0.304688 0.644531
vt 0.470703 0.763672
vt 0.541016 0.378906
vt 0.304688 0.638672
vt 0.535156 0.369141
vt 0.181641 0.380859
vt 0.425781 0.398438
vt 0.470703 0.753906
vt 0.541016 0.369141
vt 0.425781 0.392578
vt 0.472656 0.763672
vt 0.500000 0.375000
vt 0.306641 0.638672
vt 0.179688 0.390625
vt 0.505859 0.375000
vt 0.306641 0.644531
vt 0.472656 0.753906
vt 0.500000 0.365234
vt 0.427734 0.392578
vt 0.179688 0.380859
vt 0.505859 0.365234
vt 0.427734 0.398438
vt 0.146484 0.679688
vt 0.585938 0.478516
vt 0.130859 0.359375
vt 0.173828 0.486328
vt 0.152344 0.679688
vt 0.130859 0.353516
vt 0.146484 0.667969
vt 0.585938 0.466797
vt 0.417969 0.359375
vt 0.173828 0.474609
vt 0.152344 0.667969
vt 0.417969 0.353516
vt 0.175781 0.486328
vt 0.074219 0.578125
vt 0.132812 0.353516
vt 0.583984 0.478516
vt 0.080078 0.578125
vt 0.132812 0.359375
vt 0.175781 0.474609
vt 0.074219 0.566406
vt 0.419922 0.353516
vt 0.583984 0.466797
vt 0.080078 0.566406
vt 0.419922 0.359375
vt 0.515625 0.957031
vt 0.285156 0.345703
vt 0.072266 0.558594
vt 0.281250 0.345703
vt 0.533203 0.957031
vt 0.072266 0.541016
vt 0.515625 0.931641
vt 0.285156 0.320312
vt 0.191406 0.541016
vt 0.281250 0.320312
vt 0.533203 0.931641
vt 0.191406 0.523438
vt 0.283203 0.345703
vt 0.515625 0.931641
vt 0.074219 0.541016
vt 0.283203 0.345703
vt 0.533203 0.931641
vt 0.074219 0.558594
vt 0.283203 0.320312
vt 0.515625 0.906250
vt 0.193359 0.523438
vt 0.283203 0.320312
vt 0.533203 0.906250
vt 0.193359 0.541016
vt 0.052734 0.427734
vt 0.101562 0.425781
vt 0.636719 0.818359
vt 0.339844 0.439453
vt 0.054688 0.427734
vt 0.636719 0.816406
vt 0.052734 0.410156
vt 0.101562 0.408203
vt 0.636719 0.781250
vt 0.339844 0.421875
vt 0.054688 0.410156
vt 0.636719 0.779297
vt 0.341797 0.439453
vt 0.259766 0.425781
vt 0.638672 0.816406
vt 0.099609 0.425781
vt 0.261719 0.425781
vt 0.638672 0.818359
vt 0.341797 0.421875
vt 0.259766 0.408203
vt 0.638672 0.779297
vt 0.099609 0.408203
vt 0.261719 0.408203
vt 0.638672 0.781250
vt 0.132812 0.328125
vt 0.621094 0.351562
vt 0.601562 0.568359
vt 0.648438 0.398438
vt 0.134766 0.328125
vt 0.601562 0.566406
vt 0.132812 0.322266
vt 0.621094 0.345703
vt 0.630859 0.798828
vt 0.648438 0.392578
vt 0.134766 0.322266
vt 0.630859 0.796875
vt 0.664062 0.398438
vt 0.134766 0.328125
vt 0.617188 0.566406
vt 0.605469 0.351562
vt 0.136719 0.328125
vt 0.617188 0.568359
vt 0.664062 0.392578
vt 0.134766 0.322266
vt 0.646484 0.796875
vt 0.605469 0.345703
vt 0.136719 0.322266
vt 0.646484 0.798828
vt 0.097656 0.328125
vt 0.126953 0.328125
vt 0.478516 0.427734
vt 0.095703 0.328125
vt 0.099609 0.328125
vt 0.478516 0.425781
vt 0.097656 0.322266
vt 0.126953 0.322266
vt 0.597656 0.666016
vt 0.095703 0.322266
vt 0.099609 0.322266
vt 0.597656 0.664062
vt 0.097656 0.328125
vt 0.130859 0.328125
vt 0.480469 0.425781
vt 0.125000 0.328125
vt 0.132812 0.328125
vt 0.480469 0.427734
vt 0.097656 0.322266
vt 0.130859 0.322266
vt 0.599609 0.664062
vt 0.125000 0.322266
vt 0.132812 0.322266
vt 0.599609 0.666016
vt 0.566406 0.398438
vt 0.677734 0.416016
vt 0.654297 0.414062
vt 0.525391 0.603516
vt 0.568359 0.398438
vt 0.654297 0.412109
vt 0.566406 0.396484
vt 0.677734 0.414062
vt 0.654297 0.412109
vt 0.525391 0.601562
vt 0.568359 0.396484
vt 0.654297 0.410156
vt 0.548828 0.603516
vt 0.472656 0.394531
vt 0.677734 0.412109
vt 0.654297 0.416016
vt 0.474609 0.394531
vt 0.677734 0.414062
vt 0.548828 0.601562
vt 0.472656 0.392578
vt 0.677734 0.410156
vt 0.654297 0.414062
vt 0.474609 0.392578
vt 0.677734 0.412109
vt 0.300781 0.404297
vt 0.304688 0.353516
vt 0.154297 0.353516
vt 0.332031 0.357422
vt 0.333984 0.404297
vt 0.154297 0.320312
vt 0.300781 0.398438
vt 0.304688 0.347656
vt 0.523438 0.353516
vt 0.332031 0.351562
vt 0.333984 0.398438
vt 0.523438 0.320312
vt 0.333984 0.357422
vt 0.361328 0.404297
vt 0.156250 0.320312
vt 0.302734 0.353516
vt 0.394531 0.404297
vt 0.156250 0.353516
vt 0.333984 0.351562
vt 0.361328 0.398438
vt 0.525391 0.320312
vt 0.302734 0.347656
vt 0.394531 0.398438
vt 0.525391 0.353516
vt 0.652344 0.880859
vt 0.337891 0.339844
vt 0.541016 0.576172
vt 0.185547 0.339844
vt 0.656250 0.880859
vt 0.541016 0.572266
vt 0.652344 0.861328
vt 0.337891 0.320312
vt 0.589844 0.988281
vt 0.185547 0.320312
vt 0.656250 0.861328
vt 0.589844 0.984375
vt 0.187500 0.339844
vt 0.652344 0.839844
vt 0.542969 0.572266
vt 0.335938 0.339844
vt 0.656250 0.839844
vt 0.542969 0.576172
vt 0.187500 0.320312
vt 0.652344 0.820312
vt 0.591797 0.984375
vt 0.335938 0.320312
vt 0.656250 0.820312
vt 0.591797 0.988281
vt 0.505859 0.957031
vt 0.064453 0.462891
vt 0.000000 0.341797
vt 0.355469 0.484375
vt 0.515625 0.957031
vt 0.000000 0.332031
vt 0.505859 0.953125
vt 0.064453 0.458984
vt 0.003906 0.341797
vt 0.355469 0.480469
vt 0.515625 0.953125
vt 0.003906 0.332031
vt 0.359375 0.484375
vt 0.505859 0.390625
vt 0.003906 0.332031
vt 0.060547 0.462891
vt 0.515625 0.390625
vt 0.003906 0.341797
vt 0.359375 0.480469
vt 0.505859 0.386719
vt 0.007812 0.332031
vt 0.060547 0.458984
vt 0.515625 0.386719
vt 0.007812 0.341797
vt 0.621094 0.849609
vt 0.351562 0.433594
vt 0.660156 0.708984
vt 0.273438 0.443359
vt 0.630859 0.849609
vt 0.660156 0.699219
vt 0.621094 0.845703
vt 0.351562 0.429688
vt 0.332031 0.339844
vt 0.273438 0.439453
vt 0.630859 0.845703
vt 0.332031 0.330078
vt 0.277344 0.443359
vt 0.617188 0.363281
vt 0.664062 0.699219
vt 0.347656 0.433594
vt 0.626953 0.363281
vt 0.664062 0.708984
vt 0.277344 0.439453
vt 0.617188 0.359375
vt 0.335938 0.330078
vt 0.347656 0.429688
vt 0.626953 0.359375
vt 0.335938 0.339844
vt 0.066406 0.640625
vt 0.273438 0.443359
vt 0.060547 0.474609
vt 0.421875 0.447266
vt 0.078125 0.640625
vt 0.060547 0.462891
vt 0.066406 0.636719
vt 0.273438 0.439453
vt 0.236328 0.470703
vt 0.421875 0.443359
vt 0.078125 0.636719
vt 0.236328 0.458984
vt 0.425781 0.447266
vt 0.300781 0.425781
vt 0.064453 0.462891
vt 0.269531 0.443359
vt 0.312500 0.425781
vt 0.064453 0.474609
vt 0.425781 0.443359
vt 0.300781 0.421875
vt 0.240234 0.458984
vt 0.269531 0.439453
vt 0.312500 0.421875
vt 0.240234 0.470703
vt 0.035156 0.496094
vt 0.539062 0.863281
vt 0.292969 0.392578
vt 0.498047 0.589844
vt 0.046875 0.496094
vt 0.292969 0.380859
vt 0.035156 0.494141
vt 0.539062 0.861328
vt 0.326172 0.392578
vt 0.498047 0.587891
vt 0.046875 0.494141
vt 0.326172 0.380859
vt 0.500000 0.589844
vt 0.554688 0.355469
vt 0.294922 0.380859
vt 0.537109 0.863281
vt 0.566406 0.355469
vt 0.294922 0.392578
vt 0.500000 0.587891
vt 0.554688 0.353516
vt 0.328125 0.380859
vt 0.537109 0.861328
vt 0.566406 0.353516
vt 0.328125 0.392578
vt 0.240234 0.498047
vt 0.521484 0.343750
vt 0.193359 0.388672
vt 0.458984 0.343750
vt 0.269531 0.498047
vt 0.193359 0.359375
vt 0.240234 0.478516
vt 0.521484 0.324219
vt 0.210938 0.345703
vt 0.458984 0.324219
vt 0.269531 0.478516
vt 0.210938 0.316406
vt 0.460938 0.343750
vt 0.035156 0.494141
vt 0.195312 0.359375
vt 0.519531 0.343750
vt 0.064453 0.494141
vt 0.195312 0.388672
vt 0.460938 0.324219
vt 0.035156 0.474609
vt 0.212891 0.316406
vt 0.519531 0.324219
vt 0.064453 0.474609
vt 0.212891 0.345703
vt 0.337891 0.339844
vt 0.548828 0.367188
vt 0.171875 0.410156
vt 0.179688 0.371094
vt 0.341797 0.339844
vt 0.171875 0.406250
vt 0.337891 0.330078
vt 0.548828 0.357422
vt 0.298828 0.402344
vt 0.179688 0.361328
vt 0.341797 0.330078
vt 0.298828 0.398438
vt 0.181641 0.371094
vt 0.341797 0.339844
vt 0.173828 0.406250
vt 0.546875 0.367188
vt 0.345703 0.339844
vt 0.173828 0.410156
vt 0.181641 0.361328
vt 0.341797 0.330078
vt 0.300781 0.398438
vt 0.546875 0.357422
vt 0.345703 0.330078
vt 0.300781 0.402344
vt 0.277344 0.482422
vt 0.289062 0.345703
vt 0.441406 0.421875
vt 0.285156 0.345703
vt 0.294922 0.482422
vt 0.441406 0.404297
vt 0.277344 0.457031
vt 0.289062 0.320312
vt 0.517578 0.339844
vt 0.285156 0.320312
vt 0.294922 0.457031
vt 0.517578 0.322266
vt 0.287109 0.345703
vt 0.355469 0.480469
vt 0.443359 0.404297
vt 0.287109 0.345703
vt 0.373047 0.480469
vt 0.443359 0.421875
vt 0.287109 0.320312
vt 0.355469 0.455078
vt 0.519531 0.322266
vt 0.287109 0.320312
vt 0.373047 0.455078
vt 0.519531 0.339844
vt 0.599609 0.447266
vt 0.349609 0.339844
vt 0.519531 0.412109
vt 0.345703 0.339844
vt 0.607422 0.447266
vt 0.519531 0.404297
vt 0.599609 0.427734
vt 0.349609 0.320312
vt 0.589844 0.503906
vt 0.345703 0.320312
vt 0.607422 0.427734
vt 0.589844 0.496094
vt 0.347656 0.339844
vt 0.599609 0.427734
vt 0.521484 0.404297
vt 0.347656 0.339844
vt 0.607422 0.427734
vt 0.521484 0.412109
vt 0.347656 0.320312
vt 0.599609 0.408203
vt 0.591797 0.496094
vt 0.347656 0.320312
vt 0.607422 0.408203
vt 0.591797 0.503906
vt 0.212891 0.345703
vt 0.544922 0.330078
vt 0.136719 0.328125
vt 0.326172 0.365234
vt 0.218750 0.345703
vt 0.136719 0.322266
vt 0.212891 0.335938
vt 0.544922 0.320312
vt 0.138672 0.328125
vt 0.326172 0.355469
vt 0.218750 0.335938
vt 0.138672 0.322266
vt 0.328125 0.365234
vt 0.218750 0.345703
vt 0.138672 0.322266
vt 0.542969 0.330078
vt 0.224609 0.345703
vt 0.138672 0.328125
vt 0.328125 0.355469
vt 0.218750 0.335938
vt 0.140625 0.322266
vt 0.542969 0.320312
vt 0.224609 0.335938
vt 0.140625 0.328125
vt 0.445312 0.878906
vt 0.464844 0.375000
vt 0.671875 0.861328
vt 0.617188 0.376953
vt 0.451172 0.878906
vt 0.671875 0.855469
vt 0.445312 0.867188
vt 0.464844 0.363281
vt 0.140625 0.328125
vt 0.617188 0.365234
vt 0.451172 0.867188
vt 0.140625 0.322266
vt 0.619141 0.376953
vt 0.533203 0.861328
vt 0.673828 0.855469
vt 0.462891 0.375000
vt 0.539062 0.861328
vt 0.673828 0.861328
vt 0.619141 0.365234
vt 0.533203 0.849609
vt 0.142578 0.322266
vt 0.462891 0.363281
vt 0.539062 0.849609
vt 0.142578 0.328125
vt 0.394531 0.404297
vt 0.152344 0.328125
vt 0.546875 0.349609
vt 0.148438 0.328125
vt 0.427734 0.404297
vt 0.546875 0.316406
vt 0.394531 0.398438
vt 0.152344 0.322266
vt 0.330078 0.347656
vt 0.148438 0.322266
vt 0.427734 0.398438
vt 0.330078 0.314453
vt 0.150391 0.328125
vt 0.595703 0.408203
vt 0.548828 0.316406
vt 0.150391 0.328125
vt 0.628906 0.408203
vt 0.548828 0.349609
vt 0.150391 0.322266
vt 0.595703 0.402344
vt 0.332031 0.314453
vt 0.150391 0.322266
vt 0.628906 0.402344
vt 0.332031 0.347656
vt 0.660156 0.695312
vt 0.107422 0.429688
vt 0.349609 0.339844
vt 0.351562 0.433594
vt 0.669922 0.695312
vt 0.349609 0.330078
vt 0.660156 0.691406
vt 0.107422 0.425781
vt 0.353516 0.339844
vt 0.351562 0.429688
vt 0.669922 0.691406
vt 0.353516 0.330078
vt 0.355469 0.433594
vt 0.660156 0.691406
vt 0.353516 0.330078
vt 0.103516 0.429688
vt 0.669922 0.691406
vt 0.353516 0.339844
vt 0.355469 0.429688
vt 0.660156 0.687500
vt 0.357422 0.330078
vt 0.103516 0.425781
vt 0.669922 0.687500
vt 0.357422 0.339844
vt 0.607422 0.644531
vt 0.587891 0.941406
vt 0.011719 0.451172
vt 0.582031 0.552734
vt 0.619141 0.644531
vt 0.011719 0.439453
vt 0.607422 0.640625
vt 0.587891 0.937500
vt 0.103516 0.441406
vt 0.582031 0.548828
vt 0.619141 0.640625
vt 0.103516 0.429688
vt 0.585938 0.552734
vt 0.609375 0.865234
vt 0.015625 0.439453
vt 0.583984 0.941406
vt 0.621094 0.865234
vt 0.015625 0.451172
vt 0.585938 0.548828
vt 0.609375 0.861328
vt 0.107422 0.429688
vt 0.583984 0.937500
vt 0.621094 0.861328
vt 0.107422 0.441406
vt 0.669922 0.912109
vt 0.617188 0.361328
vt 0.375000 0.332031
vt 0.636719 0.570312
vt 0.681641 0.912109
vt 0.375000 0.320312
vt 0.669922 0.910156
vt 0.617188 0.359375
vt 0.609375 0.332031
vt 0.636719 0.568359
vt 0.681641 0.910156
vt 0.609375 0.320312
vt 0.638672 0.570312
vt 0.669922 0.888672
vt 0.376953 0.320312
vt 0.615234 0.361328
vt 0.681641 0.888672
vt 0.376953 0.332031
vt 0.638672 0.568359
vt 0.669922 0.886719
vt 0.611328 0.320312
vt 0.615234 0.359375
vt 0.681641 0.886719
vt 0.611328 0.332031
vt 0.671875 0.833984
vt 0.169922 0.328125
vt 0.613281 0.353516
vt 0.671875 0.839844
vt 0.673828 0.833984
vt 0.613281 0.351562
vt 0.671875 0.828125
vt 0.169922 0.322266
vt 0.193359 0.326172
vt 0.671875 0.833984
vt 0.673828 0.828125
vt 0.193359 0.324219
vt 0.673828 0.839844
vt 0.169922 0.328125
vt 0.615234 0.351562
vt 0.167969 0.328125
vt 0.171875 0.328125
vt 0.615234 0.353516
vt 0.673828 0.833984
vt 0.169922 0.322266
vt 0.195312 0.324219
vt 0.167969 0.322266
vt 0.171875 0.322266
vt 0.195312 0.326172
vt 0.357422 0.339844
vt 0.589844 0.535156
vt 0.376953 0.339844
vt 0.568359 0.416016
vt 0.367188 0.339844
vt 0.376953 0.330078
vt 0.357422 0.335938
vt 0.589844 0.531250
vt 0.380859 0.339844
vt 0.568359 0.412109
vt 0.367188 0.335938
vt 0.380859 0.330078
vt 0.572266 0.416016
vt 0.367188 0.339844
vt 0.380859 0.330078
vt 0.585938 0.535156
vt 0.376953 0.339844
vt 0.380859 0.339844
vt 0.572266 0.412109
vt 0.367188 0.335938
vt 0.384766 0.330078
vt 0.585938 0.531250
vt 0.376953 0.335938
vt 0.384766 0.339844
vt 0.195312 0.326172
vt 0.615234 0.345703
vt 0.654297 0.408203
vt 0.654297 0.410156
vt 0.197266 0.326172
vt 0.654297 0.406250
vt 0.195312 0.324219
vt 0.615234 0.343750
vt 0.654297 0.406250
vt 0.654297 0.408203
vt 0.197266 0.324219
vt 0.654297 0.404297
vt 0.677734 0.410156
vt 0.673828 0.804688
vt 0.677734 0.406250
vt 0.591797 0.345703
vt 0.675781 0.804688
vt 0.677734 0.408203
vt 0.677734 0.408203
vt 0.673828 0.802734
vt 0.677734 0.404297
vt 0.591797 0.343750
vt 0.675781 0.802734
vt 0.677734 0.406250
vt 0.671875 0.828125
vt 0.636719 0.351562
vt 0.667969 0.546875
vt 0.648438 0.392578
vt 0.673828 0.828125
vt 0.667969 0.544922
vt 0.671875 0.822266
vt 0.636719 0.345703
vt 0.667969 0.498047
vt 0.648438 0.386719
vt 0.673828 0.822266
vt 0.667969 0.496094
vt 0.664062 0.392578
vt 0.671875 0.800781
vt 0.683594 0.544922
vt 0.621094 0.351562
vt 0.673828 0.800781
vt 0.683594 0.546875
vt 0.664062 0.386719
vt 0.671875 0.794922
vt 0.683594 0.496094
vt 0.621094 0.345703
vt 0.673828 0.794922
vt 0.683594 0.498047
vt 0.265625 0.345703
vt 0.271484 0.345703
vt 0.197266 0.326172
vt 0.263672 0.345703
vt 0.267578 0.345703
vt 0.197266 0.324219
vt 0.265625 0.318359
vt 0.271484 0.318359
vt 0.199219 0.326172
vt 0.263672 0.318359
vt 0.267578 0.318359
vt 0.199219 0.324219
vt 0.265625 0.345703
vt 0.271484 0.345703
vt 0.199219 0.324219
vt 0.269531 0.345703
vt 0.273438 0.345703
vt 0.199219 0.326172
vt 0.265625 0.318359
vt 0.271484 0.318359
vt 0.201172 0.324219
vt 0.269531 0.318359
vt 0.273438 0.318359
vt 0.201172 0.326172
vt 0.505859 0.802734
vt 0.388672 0.339844
vt 0.224609 0.345703
vt 0.384766 0.339844
vt 0.535156 0.802734
vt 0.224609 0.316406
vt 0.505859 0.783203
vt 0.388672 0.320312
vt 0.226562 0.345703
vt 0.384766 0.320312
vt 0.535156 0.783203
vt 0.226562 0.316406
vt 0.386719 0.339844
vt 0.498047 0.494141
vt 0.226562 0.316406
vt 0.386719 0.339844
vt 0.527344 0.494141
vt 0.226562 0.345703
vt 0.386719 0.320312
vt 0.498047 0.474609
vt 0.228516 0.316406
vt 0.386719 0.320312
vt 0.527344 0.474609
vt 0.228516 0.345703
vt 0.652344 0.976562
vt 0.361328 0.394531
vt 0.560547 0.345703
vt 0.128906 0.394531
vt 0.673828 0.976562
vt 0.560547 0.324219
vt 0.652344 0.972656
vt 0.361328 0.390625
vt 0.562500 0.345703
vt 0.128906 0.390625
vt 0.673828 0.972656
vt 0.562500 0.324219
vt 0.130859 0.394531
vt 0.652344 0.957031
vt 0.562500 0.324219
vt 0.359375 0.394531
vt 0.673828 0.957031
vt 0.562500 0.345703
vt 0.130859 0.390625
vt 0.652344 0.953125
vt 0.564453 0.324219
vt 0.359375 0.390625
vt 0.673828 0.953125
vt 0.564453 0.345703
vt 0.302734 0.347656
vt 0.449219 0.339844
vt 0.621094 0.972656
vt 0.388672 0.339844
vt 0.306641 0.347656
vt 0.621094 0.968750
vt 0.302734 0.328125
vt 0.449219 0.320312
vt 0.623047 0.746094
vt 0.388672 0.320312
vt 0.306641 0.328125
vt 0.623047 0.742188
vt 0.390625 0.339844
vt 0.306641 0.347656
vt 0.623047 0.968750
vt 0.447266 0.339844
vt 0.310547 0.347656
vt 0.623047 0.972656
vt 0.390625 0.320312
vt 0.306641 0.328125
vt 0.625000 0.742188
vt 0.447266 0.320312
vt 0.310547 0.328125
vt 0.625000 0.746094
vt 0.251953 0.337891
vt 0.302734 0.337891
vt 0.673828 0.800781
vt 0.152344 0.337891
vt 0.253906 0.337891
vt 0.673828 0.798828
vt 0.251953 0.320312
vt 0.302734 0.320312
vt 0.201172 0.326172
vt 0.152344 0.320312
vt 0.253906 0.320312
vt 0.201172 0.324219
vt 0.154297 0.337891
vt 0.544922 0.337891
vt 0.675781 0.798828
vt 0.300781 0.337891
vt 0.546875 0.337891
vt 0.675781 0.800781
vt 0.154297 0.320312
vt 0.544922 0.320312
vt 0.203125 0.324219
vt 0.300781 0.320312
vt 0.546875 0.320312
vt 0.203125 0.326172
vt 0.000000 0.640625
vt 0.574219 0.337891
vt 0.234375 0.923828
vt 0.646484 0.667969
vt 0.066406 0.640625
vt 0.234375 0.857422
vt 0.000000 0.636719
vt 0.574219 0.333984
vt 0.156250 0.392578
vt 0.646484 0.664062
vt 0.066406 0.636719
vt 0.156250 0.326172
vt 0.648438 0.667969
vt 0.542969 0.746094
vt 0.236328 0.857422
vt 0.572266 0.337891
vt 0.609375 0.746094
vt 0.236328 0.923828
vt 0.648438 0.664062
vt 0.542969 0.742188
vt 0.158203 0.326172
vt 0.572266 0.333984
vt 0.609375 0.742188
vt 0.158203 0.392578
vt 0.361328 0.587891
vt 0.453125 0.339844
vt 0.158203 0.408203
vt 0.449219 0.339844
vt 0.435547 0.587891
vt 0.158203 0.333984
vt 0.361328 0.568359
vt 0.453125 0.320312
vt 0.160156 0.408203
vt 0.449219 0.320312
vt 0.435547 0.568359
vt 0.160156 0.333984
vt 0.451172 0.339844
vt 0.435547 0.587891
vt 0.160156 0.333984
vt 0.451172 0.339844
vt 0.361328 0.587891
vt 0.160156 0.408203
vt 0.451172 0.320312
vt 0.435547 0.568359
vt 0.162109 0.333984
vt 0.451172 0.320312
vt 0.361328 0.568359
vt 0.162109 0.408203
vt 0.230469 0.585938
vt 0.457031 0.339844
vt 0.007812 0.404297
vt 0.453125 0.339844
vt 0.304688 0.585938
vt 0.007812 0.330078
vt 0.230469 0.566406
vt 0.457031 0.320312
vt 0.009766 0.404297
vt 0.453125 0.320312
vt 0.304688 0.566406
vt 0.009766 0.330078
vt 0.455078 0.339844
vt 0.304688 0.585938
vt 0.009766 0.330078
vt 0.455078 0.339844
vt 0.230469 0.585938
vt 0.009766 0.404297
vt 0.455078 0.320312
vt 0.304688 0.566406
vt 0.011719 0.330078
vt 0.455078 0.320312
vt 0.230469 0.566406
vt 0.011719 0.404297
vt 0.542969 0.560547
vt 0.224609 0.335938
vt 0.187500 0.392578
vt 0.203125 0.335938
vt 0.609375 0.560547
vt 0.187500 0.326172
vt 0.542969 0.556641
vt 0.224609 0.332031
vt 0.189453 0.392578
vt 0.203125 0.332031
vt 0.609375 0.556641
vt 0.189453 0.326172
vt 0.205078 0.335938
vt 0.542969 0.556641
vt 0.189453 0.326172
vt 0.222656 0.335938
vt 0.609375 0.556641
vt 0.189453 0.392578
vt 0.205078 0.332031
vt 0.542969 0.552734
vt 0.191406 0.326172
vt 0.222656 0.332031
vt 0.609375 0.552734
vt 0.191406 0.392578
vt 0.185547 0.378906
vt 0.390625 0.753906
vt 0.589844 0.748047
vt 0.152344 0.705078
vt 0.187500 0.378906
vt 0.589844 0.746094
vt 0.185547 0.339844
vt 0.390625 0.714844
vt 0.589844 0.687500
vt 0.152344 0.666016
vt 0.187500 0.339844
vt 0.589844 0.685547
vt 0.236328 0.705078
vt 0.111328 0.355469
vt 0.673828 0.746094
vt 0.306641 0.753906
vt 0.113281 0.355469
vt 0.673828 0.748047
vt 0.236328 0.666016
vt 0.111328 0.316406
vt 0.673828 0.685547
vt 0.306641 0.714844
vt 0.113281 0.316406
vt 0.673828 0.687500
vt 0.000000 0.710938
vt 0.101562 0.345703
vt 0.193359 0.541016
vt 0.589844 0.347656
vt 0.152344 0.710938
vt 0.193359 0.388672
vt 0.000000 0.679688
vt 0.101562 0.314453
vt 0.113281 0.478516
vt 0.589844 0.316406
vt 0.152344 0.679688
vt 0.113281 0.326172
vt 0.591797 0.347656
vt 0.306641 0.847656
vt 0.195312 0.388672
vt 0.099609 0.345703
vt 0.458984 0.847656
vt 0.195312 0.541016
vt 0.591797 0.316406
vt 0.306641 0.816406
vt 0.115234 0.326172
vt 0.099609 0.314453
vt 0.458984 0.816406
vt 0.115234 0.478516
vt 0.363281 0.925781
vt 0.578125 0.496094
vt 0.166016 0.466797
vt 0.574219 0.531250
vt 0.515625 0.925781
vt 0.166016 0.314453
vt 0.363281 0.912109
vt 0.578125 0.482422
vt 0.445312 0.460938
vt 0.574219 0.517578
vt 0.515625 0.912109
vt 0.445312 0.308594
vt 0.576172 0.531250
vt 0.363281 0.912109
vt 0.167969 0.314453
vt 0.576172 0.496094
vt 0.515625 0.912109
vt 0.167969 0.466797
vt 0.576172 0.517578
vt 0.363281 0.898438
vt 0.447266 0.308594
vt 0.576172 0.482422
vt 0.515625 0.898438
vt 0.447266 0.460938
vt 0.511719 0.685547
vt 0.673828 0.812500
vt 0.164062 0.857422
vt 0.234375 0.638672
vt 0.664062 0.685547
vt 0.164062 0.705078
vt 0.511719 0.683594
vt 0.673828 0.810547
vt 0.236328 1.000000
vt 0.234375 0.636719
vt 0.664062 0.683594
vt 0.236328 0.847656
vt 0.306641 0.638672
vt 0.515625 0.900391
vt 0.236328 0.705078
vt 0.601562 0.812500
vt 0.667969 0.900391
vt 0.236328 0.857422
vt 0.306641 0.636719
vt 0.515625 0.898438
vt 0.308594 0.847656
vt 0.601562 0.810547
vt 0.667969 0.898438
vt 0.308594 1.000000
vt 0.404297 0.664062
vt 0.560547 0.722656
vt 0.000000 1.000000
vt 0.472656 0.730469
vt 0.546875 0.664062
vt 0.000000 0.857422
vt 0.404297 0.656250
vt 0.560547 0.714844
vt 0.087891 1.000000
vt 0.472656 0.722656
vt 0.546875 0.656250
vt 0.087891 0.857422
vt 0.560547 0.730469
vt 0.458984 0.833984
vt 0.087891 0.857422
vt 0.472656 0.722656
vt 0.601562 0.833984
vt 0.087891 1.000000
vt 0.560547 0.722656
vt 0.458984 0.826172
vt 0.175781 0.857422
vt 0.472656 0.714844
vt 0.601562 0.826172
vt 0.175781 1.000000
vt 0.363281 0.953125
vt 0.572266 0.464844
vt 0.162109 0.466797
vt 0.080078 0.578125
vt 0.515625 0.953125
vt 0.162109 0.314453
vt 0.363281 0.939453
vt 0.572266 0.451172
vt 0.164062 0.466797
vt 0.080078 0.564453
vt 0.515625 0.939453
vt 0.164062 0.314453
vt 0.082031 0.578125
vt 0.363281 0.939453
vt 0.164062 0.314453
vt 0.570312 0.464844
vt 0.515625 0.939453
vt 0.164062 0.466797
vt 0.082031 0.564453
vt 0.363281 0.925781
vt 0.166016 0.314453
vt 0.570312 0.451172
vt 0.515625 0.925781
vt 0.166016 0.466797
vt 0.306641 0.816406
vt 0.173828 0.345703
vt 0.115234 0.478516
vt 0.142578 0.345703
vt 0.458984 0.816406
vt 0.115234 0.326172
vt 0.306641 0.785156
vt 0.173828 0.314453
vt 0.267578 0.478516
vt 0.142578 0.314453
vt 0.458984 0.785156
vt 0.267578 0.326172
vt 0.144531 0.345703
vt 0.306641 0.785156
vt 0.117188 0.326172
vt 0.171875 0.345703
vt 0.458984 0.785156
vt 0.117188 0.478516
vt 0.144531 0.314453
vt 0.306641 0.753906
vt 0.269531 0.326172
vt 0.171875 0.314453
vt 0.458984 0.753906
vt 0.269531 0.478516
vt 0.501953 0.339844
vt 0.472656 0.734375
vt 0.591797 0.882812
vt 0.390625 0.753906
vt 0.503906 0.339844
vt 0.591797 0.880859
vt 0.501953 0.320312
vt 0.472656 0.714844
vt 0.595703 0.697266
vt 0.390625 0.734375
vt 0.503906 0.320312
vt 0.595703 0.695312
vt 0.472656 0.753906
vt 0.503906 0.339844
vt 0.673828 0.880859
vt 0.390625 0.734375
vt 0.505859 0.339844
vt 0.673828 0.882812
vt 0.472656 0.734375
vt 0.503906 0.320312
vt 0.677734 0.695312
vt 0.390625 0.714844
vt 0.505859 0.320312
vt 0.677734 0.697266
vt 0.554688 0.328125
vt 0.636719 0.791016
vt 0.626953 0.769531
vt 0.412109 0.617188
vt 0.556641 0.328125
vt 0.626953 0.767578
vt 0.554688 0.324219
vt 0.636719 0.787109
vt 0.630859 0.884766
vt 0.412109 0.613281
vt 0.556641 0.324219
vt 0.630859 0.882812
vt 0.462891 0.617188
vt 0.556641 0.328125
vt 0.677734 0.767578
vt 0.585938 0.791016
vt 0.558594 0.328125
vt 0.677734 0.769531
vt 0.462891 0.613281
vt 0.556641 0.324219
vt 0.681641 0.882812
vt 0.585938 0.787109
vt 0.558594 0.324219
vt 0.681641 0.884766
vt 0.609375 0.746094
vt 0.572266 0.337891
vt 0.236328 0.923828
vt 0.648438 0.667969
vt 0.542969 0.746094
vt 0.236328 0.857422
vt 0.609375 0.742188
vt 0.572266 0.333984
vt 0.158203 0.392578
vt 0.648438 0.664062
vt 0.542969 0.742188
vt 0.158203 0.326172
vt 0.646484 0.667969
vt 0.066406 0.640625
vt 0.234375 0.857422
vt 0.574219 0.337891
vt 0.000000 0.640625
vt 0.234375 0.923828
vt 0.646484 0.664062
vt 0.066406 0.636719
vt 0.156250 0.326172
vt 0.574219 0.333984
vt 0.000000 0.636719
vt 0.156250 0.392578
vt 0.361328 0.587891
vt 0.451172 0.339844
vt 0.160156 0.408203
vt 0.451172 0.339844
vt 0.435547 0.587891
vt 0.160156 0.333984
vt 0.361328 0.568359
vt 0.451172 0.320312
vt 0.162109 0.408203
vt 0.451172 0.320312
vt 0.435547 0.568359
vt 0.162109 0.333984
vt 0.449219 0.339844
vt 0.435547 0.587891
vt 0.158203 0.333984
vt 0.453125 0.339844
vt 0.361328 0.587891
vt 0.158203 0.408203
vt 0.449219 0.320312
vt 0.435547 0.568359
vt 0.160156 0.333984
vt 0.453125 0.320312
vt 0.361328 0.568359
vt 0.160156 0.408203
vt 0.230469 0.585938
vt 0.455078 0.339844
vt 0.009766 0.404297
vt 0.455078 0.339844
vt 0.304688 0.585938
vt 0.009766 0.330078
vt 0.230469 0.566406
vt 0.455078 0.320312
vt 0.011719 0.404297
vt 0.455078 0.320312
vt 0.304688 0.566406
vt 0.011719 0.330078
vt 0.453125 0.339844
vt 0.304688 0.585938
vt 0.007812 0.330078
vt 0.457031 0.339844
vt 0.230469 0.585938
vt 0.007812 0.404297
vt 0.453125 0.320312
vt 0.304688 0.566406
vt 0.009766 0.330078
vt 0.457031 0.320312
vt 0.230469 0.566406
vt 0.009766 0.404297
vt 0.609375 0.556641
vt 0.222656 0.335938
vt 0.189453 0.392578
vt 0.205078 0.335938
vt 0.542969 0.556641
vt 0.189453 0.326172
vt 0.609375 0.552734
vt 0.222656 0.332031
vt 0.191406 0.392578
vt 0.205078 0.332031
vt 0.542969 0.552734
vt 0.191406 0.326172
vt 0.203125 0.335938
vt 0.609375 0.560547
vt 0.187500 0.326172
vt 0.224609 0.335938
vt 0.542969 0.560547
vt 0.187500 0.392578
vt 0.203125 0.332031
vt 0.609375 0.556641
vt 0.189453 0.326172
vt 0.224609 0.332031
vt 0.542969 0.556641
vt 0.189453 0.392578
vt 0.505859 0.339844
vt 0.486328 0.683594
vt 0.599609 0.544922
vt 0.000000 0.597656
vt 0.507812 0.339844
vt 0.599609 0.542969
vt 0.505859 0.320312
vt 0.486328 0.664062
vt 0.599609 0.542969
vt 0.000000 0.578125
vt 0.507812 0.320312
vt 0.599609 0.541016
vt 0.082031 0.597656
vt 0.507812 0.339844
vt 0.681641 0.542969
vt 0.404297 0.683594
vt 0.509766 0.339844
vt 0.681641 0.544922
vt 0.082031 0.578125
vt 0.507812 0.320312
vt 0.681641 0.541016
vt 0.404297 0.664062
vt 0.509766 0.320312
vt 0.681641 0.542969
vt 0.519531 0.640625
vt 0.681641 0.621094
vt 0.000000 0.857422
vt 0.599609 0.792969
vt 0.666016 0.640625
vt 0.000000 0.710938
vt 0.519531 0.638672
vt 0.681641 0.619141
vt 0.082031 0.857422
vt 0.599609 0.791016
vt 0.666016 0.638672
vt 0.082031 0.710938
vt 0.681641 0.792969
vt 0.519531 0.638672
vt 0.082031 0.710938
vt 0.599609 0.621094
vt 0.666016 0.638672
vt 0.082031 0.857422
vt 0.681641 0.791016
vt 0.519531 0.636719
vt 0.164062 0.710938
vt 0.599609 0.619141
vt 0.666016 0.636719
vt 0.164062 0.857422
vt 0.601562 0.773438
vt 0.591797 0.886719
vt 0.363281 0.898438
vt 0.509766 0.892578
vt 0.626953 0.773438
vt 0.363281 0.873047
vt 0.601562 0.767578
vt 0.591797 0.880859
vt 0.142578 0.636719
vt 0.509766 0.886719
vt 0.626953 0.767578
vt 0.142578 0.611328
vt 0.591797 0.892578
vt 0.302734 0.398438
vt 0.445312 0.873047
vt 0.509766 0.886719
vt 0.328125 0.398438
vt 0.445312 0.898438
vt 0.591797 0.886719
vt 0.302734 0.392578
vt 0.224609 0.611328
vt 0.509766 0.880859
vt 0.328125 0.392578
vt 0.224609 0.636719
vt 0.515625 0.748047
vt 0.591797 0.898438
vt 0.490234 0.548828
vt 0.505859 0.777344
vt 0.523438 0.748047
vt 0.490234 0.541016
vt 0.515625 0.742188
vt 0.591797 0.892578
vt 0.490234 0.541016
vt 0.505859 0.771484
vt 0.523438 0.742188
vt 0.490234 0.533203
vt 0.587891 0.777344
vt 0.566406 0.531250
vt 0.572266 0.541016
vt 0.509766 0.898438
vt 0.574219 0.531250
vt 0.572266 0.548828
vt 0.587891 0.771484
vt 0.566406 0.525391
vt 0.572266 0.533203
vt 0.509766 0.892578
vt 0.574219 0.525391
vt 0.572266 0.541016
vt 0.652344 0.953125
vt 0.587891 0.783203
vt 0.451172 0.861328
vt 0.505859 0.962891
vt 0.666016 0.953125
vt 0.451172 0.847656
vt 0.652344 0.947266
vt 0.587891 0.777344
vt 0.458984 0.847656
vt 0.505859 0.957031
vt 0.666016 0.947266
vt 0.458984 0.833984
vt 0.587891 0.962891
vt 0.652344 0.947266
vt 0.533203 0.847656
vt 0.505859 0.783203
vt 0.666016 0.947266
vt 0.533203 0.861328
vt 0.587891 0.957031
vt 0.652344 0.941406
vt 0.541016 0.833984
vt 0.505859 0.777344
vt 0.666016 0.941406
vt 0.541016 0.847656
vt 0.152344 0.710938
vt 0.587891 0.968750
vt 0.458984 0.826172
vt 0.363281 0.873047
vt 0.164062 0.710938
vt 0.458984 0.814453
vt 0.152344 0.705078
vt 0.587891 0.962891
vt 0.458984 0.814453
vt 0.363281 0.867188
vt 0.164062 0.705078
vt 0.458984 0.802734
vt 0.445312 0.873047
vt 0.000000 0.427734
vt 0.541016 0.814453
vt 0.505859 0.968750
vt 0.011719 0.427734
vt 0.541016 0.826172
vt 0.445312 0.867188
vt 0.000000 0.421875
vt 0.541016 0.802734
vt 0.505859 0.962891
vt 0.011719 0.421875
vt 0.541016 0.814453
vt 0.599609 0.808594
vt 0.591797 0.994141
vt 0.000000 0.679688
vt 0.513672 1.000000
vt 0.630859 0.808594
vt 0.000000 0.648438
vt 0.599609 0.802734
vt 0.591797 0.988281
vt 0.326172 0.683594
vt 0.513672 0.994141
vt 0.630859 0.802734
vt 0.326172 0.652344
vt 0.591797 1.000000
vt 0.599609 0.802734
vt 0.078125 0.648438
vt 0.513672 0.994141
vt 0.630859 0.802734
vt 0.078125 0.679688
vt 0.591797 0.994141
vt 0.599609 0.796875
vt 0.404297 0.652344
vt 0.513672 0.988281
vt 0.630859 0.796875
vt 0.404297 0.683594
vt 0.308594 0.867188
vt 0.562500 0.517578
vt 0.175781 1.000000
vt 0.542969 0.576172
vt 0.451172 0.867188
vt 0.175781 0.857422
vt 0.308594 0.851562
vt 0.562500 0.501953
vt 0.195312 1.000000
vt 0.542969 0.560547
vt 0.451172 0.851562
vt 0.195312 0.857422
vt 0.562500 0.576172
vt 0.326172 0.652344
vt 0.195312 0.857422
vt 0.542969 0.517578
vt 0.468750 0.652344
vt 0.195312 1.000000
vt 0.562500 0.560547
vt 0.326172 0.636719
vt 0.214844 0.857422
vt 0.542969 0.501953
vt 0.468750 0.636719
vt 0.214844 1.000000
vt 0.652344 0.363281
vt 0.683594 0.365234
vt 0.394531 0.472656
vt 0.667969 0.470703
vt 0.677734 0.363281
vt 0.394531 0.447266
vt 0.652344 0.361328
vt 0.683594 0.363281
vt 0.410156 0.472656
vt 0.667969 0.468750
vt 0.677734 0.361328
vt 0.410156 0.447266
vt 0.683594 0.470703
vt 0.652344 0.361328
vt 0.410156 0.447266
vt 0.667969 0.365234
vt 0.677734 0.361328
vt 0.410156 0.472656
vt 0.683594 0.468750
vt 0.652344 0.359375
vt 0.425781 0.447266
vt 0.667969 0.363281
vt 0.677734 0.359375
vt 0.425781 0.472656
vt 0.652344 0.523438
vt 0.683594 0.478516
vt 0.291016 0.611328
vt 0.667969 0.496094
vt 0.677734 0.523438
vt 0.291016 0.585938
vt 0.652344 0.521484
vt 0.683594 0.476562
vt 0.300781 0.472656
vt 0.667969 0.494141
vt 0.677734 0.521484
vt 0.300781 0.447266
vt 0.683594 0.496094
vt 0.652344 0.521484
vt 0.306641 0.585938
vt 0.667969 0.478516
vt 0.677734 0.521484
vt 0.306641 0.611328
vt 0.683594 0.494141
vt 0.652344 0.519531
vt 0.316406 0.447266
vt 0.667969 0.476562
vt 0.677734 0.519531
vt 0.316406 0.472656
vt 0.000000 0.636719
vt 0.546875 0.457031
vt 0.214844 1.000000
vt 0.498047 0.457031
vt 0.142578 0.636719
vt 0.214844 0.857422
vt 0.000000 0.621094
vt 0.546875 0.441406
vt 0.306641 0.683594
vt 0.498047 0.441406
vt 0.142578 0.621094
vt 0.306641 0.541016
vt 0.517578 0.457031
vt 0.363281 0.968750
vt 0.234375 0.857422
vt 0.527344 0.457031
vt 0.505859 0.968750
vt 0.234375 1.000000
vt 0.517578 0.441406
vt 0.363281 0.953125
vt 0.326172 0.541016
vt 0.527344 0.441406
vt 0.505859 0.953125
vt 0.326172 0.683594
vt 0.361328 0.398438
vt 0.636719 0.619141
vt 0.492188 0.441406
vt 0.447266 0.390625
vt 0.378906 0.398438
vt 0.492188 0.423828
vt 0.361328 0.390625
vt 0.636719 0.611328
vt 0.505859 0.441406
vt 0.447266 0.382812
vt 0.378906 0.390625
vt 0.505859 0.423828
vt 0.460938 0.390625
vt 0.378906 0.398438
vt 0.505859 0.423828
vt 0.623047 0.619141
vt 0.396484 0.398438
vt 0.505859 0.441406
vt 0.460938 0.382812
vt 0.378906 0.390625
vt 0.519531 0.423828
vt 0.623047 0.611328
vt 0.396484 0.390625
vt 0.519531 0.441406
vt 0.396484 0.398438
vt 0.646484 0.695312
vt 0.527344 0.441406
vt 0.626953 0.560547
vt 0.414062 0.398438
vt 0.527344 0.423828
vt 0.396484 0.390625
vt 0.646484 0.687500
vt 0.558594 0.451172
vt 0.626953 0.552734
vt 0.414062 0.390625
vt 0.558594 0.433594
vt 0.640625 0.560547
vt 0.601562 0.599609
vt 0.541016 0.423828
vt 0.632812 0.695312
vt 0.619141 0.599609
vt 0.541016 0.441406
vt 0.640625 0.552734
vt 0.601562 0.591797
vt 0.572266 0.433594
vt 0.632812 0.687500
vt 0.619141 0.591797
vt 0.572266 0.451172
vt 0.601562 0.591797
vt 0.652344 0.980469
vt 0.011719 0.439453
vt 0.636719 0.619141
vt 0.619141 0.591797
vt 0.011719 0.421875
vt 0.601562 0.583984
vt 0.652344 0.972656
vt 0.560547 0.865234
vt 0.636719 0.611328
vt 0.619141 0.583984
vt 0.560547 0.847656
vt 0.650391 0.619141
vt 0.601562 0.583984
vt 0.025391 0.421875
vt 0.638672 0.980469
vt 0.619141 0.583984
vt 0.025391 0.439453
vt 0.650391 0.611328
vt 0.601562 0.576172
vt 0.574219 0.847656
vt 0.638672 0.972656
vt 0.619141 0.576172
vt 0.574219 0.865234
vt 0.601562 0.576172
vt 0.652344 0.949219
vt 0.560547 0.826172
vt 0.638672 0.957031
vt 0.619141 0.576172
vt 0.560547 0.808594
vt 0.601562 0.568359
vt 0.652344 0.941406
vt 0.269531 0.439453
vt 0.638672 0.949219
vt 0.619141 0.568359
vt 0.269531 0.421875
vt 0.652344 0.957031
vt 0.603516 0.763672
vt 0.574219 0.808594
vt 0.638672 0.949219
vt 0.621094 0.763672
vt 0.574219 0.826172
vt 0.652344 0.949219
vt 0.603516 0.755859
vt 0.283203 0.421875
vt 0.638672 0.941406
vt 0.621094 0.755859
vt 0.283203 0.439453
vt 0.560547 0.730469
vt 0.601562 0.783203
vt 0.638672 0.941406
vt 0.587891 0.935547
vt 0.568359 0.730469
vt 0.638672 0.933594
vt 0.560547 0.714844
vt 0.601562 0.767578
vt 0.638672 0.933594
vt 0.587891 0.919922
vt 0.568359 0.714844
vt 0.638672 0.925781
vt 0.601562 0.935547
vt 0.259766 0.386719
vt 0.652344 0.933594
vt 0.587891 0.783203
vt 0.267578 0.386719
vt 0.652344 0.941406
vt 0.601562 0.919922
vt 0.259766 0.371094
vt 0.652344 0.925781
vt 0.587891 0.767578
vt 0.267578 0.371094
vt 0.652344 0.933594
vt 0.603516 0.755859
vt 0.652344 0.873047
vt 0.312500 0.439453
vt 0.638672 0.880859
vt 0.621094 0.755859
vt 0.312500 0.421875
vt 0.603516 0.748047
vt 0.652344 0.865234
vt 0.326172 0.439453
vt 0.638672 0.873047
vt 0.621094 0.748047
vt 0.326172 0.421875
vt 0.652344 0.880859
vt 0.603516 0.535156
vt 0.326172 0.421875
vt 0.638672 0.873047
vt 0.621094 0.535156
vt 0.326172 0.439453
vt 0.652344 0.873047
vt 0.603516 0.527344
vt 0.339844 0.421875
vt 0.638672 0.865234
vt 0.621094 0.527344
vt 0.339844 0.439453
vt 0.603516 0.527344
vt 0.652344 0.857422
vt 0.388672 0.439453
vt 0.638672 0.865234
vt 0.621094 0.527344
vt 0.388672 0.421875
vt 0.603516 0.519531
vt 0.652344 0.849609
vt 0.402344 0.439453
vt 0.638672 0.857422
vt 0.621094 0.519531
vt 0.402344 0.421875
vt 0.652344 0.865234
vt 0.603516 0.519531
vt 0.402344 0.421875
vt 0.638672 0.857422
vt 0.621094 0.519531
vt 0.402344 0.439453
vt 0.652344 0.857422
vt 0.603516 0.511719
vt 0.416016 0.421875
vt 0.638672 0.849609
vt 0.621094 0.511719
vt 0.416016 0.439453
vt 0.523438 0.386719
vt 0.027344 0.410156
vt 0.638672 0.839844
vt 0.568359 0.412109
vt 0.531250 0.386719
vt 0.638672 0.832031
vt 0.523438 0.371094
vt 0.027344 0.394531
vt 0.167969 0.361328
vt 0.568359 0.396484
vt 0.531250 0.371094
vt 0.167969 0.353516
vt 0.582031 0.412109
vt 0.000000 0.382812
vt 0.652344 0.832031
vt 0.013672 0.410156
vt 0.007812 0.382812
vt 0.652344 0.839844
vt 0.582031 0.396484
vt 0.000000 0.367188
vt 0.181641 0.353516
vt 0.013672 0.394531
vt 0.007812 0.367188
vt 0.181641 0.361328
vt 0.205078 0.343750
vt 0.443359 0.353516
vt 0.125000 0.478516
vt 0.369141 0.423828
vt 0.207031 0.343750
vt 0.125000 0.476562
vt 0.205078 0.324219
vt 0.443359 0.333984
vt 0.523438 0.496094
vt 0.369141 0.404297
vt 0.207031 0.324219
vt 0.523438 0.494141
vt 0.373047 0.423828
vt 0.390625 0.343750
vt 0.128906 0.476562
vt 0.439453 0.353516
vt 0.392578 0.343750
vt 0.128906 0.478516
vt 0.373047 0.404297
vt 0.390625 0.324219
vt 0.527344 0.494141
vt 0.439453 0.333984
vt 0.392578 0.324219
vt 0.527344 0.496094
vt 0.392578 0.343750
vt 0.468750 0.351562
vt 0.556641 0.865234
vt 0.574219 0.353516
vt 0.394531 0.343750
vt 0.556641 0.863281
vt 0.392578 0.324219
vt 0.468750 0.332031
vt 0.568359 0.667969
vt 0.574219 0.333984
vt 0.394531 0.324219
vt 0.568359 0.666016
vt 0.578125 0.353516
vt 0.394531 0.343750
vt 0.560547 0.863281
vt 0.464844 0.351562
vt 0.396484 0.343750
vt 0.560547 0.865234
vt 0.578125 0.333984
vt 0.394531 0.324219
vt 0.572266 0.666016
vt 0.464844 0.332031
vt 0.396484 0.324219
vt 0.572266 0.667969
vt 0.671875 0.791016
vt 0.394531 0.453125
vt 0.146484 0.667969
vt 0.298828 0.546875
vt 0.673828 0.791016
vt 0.146484 0.666016
vt 0.671875 0.785156
vt 0.394531 0.447266
vt 0.074219 0.566406
vt 0.298828 0.541016
vt 0.673828 0.785156
vt 0.074219 0.564453
vt 0.304688 0.546875
vt 0.671875 0.781250
vt 0.152344 0.666016
vt 0.388672 0.453125
vt 0.673828 0.781250
vt 0.152344 0.667969
vt 0.304688 0.541016
vt 0.671875 0.775391
vt 0.080078 0.564453
vt 0.388672 0.447266
vt 0.673828 0.775391
vt 0.080078 0.566406
vt 0.671875 0.767578
vt 0.136719 0.429688
vt 0.509766 0.880859
vt 0.492188 0.447266
vt 0.673828 0.767578
vt 0.509766 0.878906
vt 0.671875 0.761719
vt 0.136719 0.423828
vt 0.533203 0.849609
vt 0.492188 0.441406
vt 0.673828 0.761719
vt 0.533203 0.847656
vt 0.498047 0.447266
vt 0.671875 0.761719
vt 0.515625 0.878906
vt 0.130859 0.429688
vt 0.673828 0.761719
vt 0.515625 0.880859
vt 0.498047 0.441406
vt 0.671875 0.755859
vt 0.539062 0.847656
vt 0.130859 0.423828
vt 0.673828 0.755859
vt 0.539062 0.849609
vt 0.248047 0.328125
vt 0.347656 0.380859
vt 0.564453 0.453125
vt 0.361328 0.429688
vt 0.250000 0.328125
vt 0.564453 0.451172
vt 0.248047 0.322266
vt 0.347656 0.375000
vt 0.566406 0.621094
vt 0.361328 0.423828
vt 0.250000 0.322266
vt 0.566406 0.619141
vt 0.367188 0.429688
vt 0.250000 0.328125
vt 0.570312 0.451172
vt 0.341797 0.380859
vt 0.251953 0.328125
vt 0.570312 0.453125
vt 0.367188 0.423828
vt 0.250000 0.322266
vt 0.572266 0.619141
vt 0.341797 0.375000
vt 0.251953 0.322266
vt 0.572266 0.621094
vt 0.671875 0.746094
vt 0.642578 0.509766
vt 0.566406 0.533203
vt 0.630859 0.990234
vt 0.673828 0.746094
vt 0.566406 0.531250
vt 0.671875 0.740234
vt 0.642578 0.503906
vt 0.541016 0.429688
vt 0.630859 0.984375
vt 0.673828 0.740234
vt 0.541016 0.427734
vt 0.636719 0.990234
vt 0.296875 0.328125
vt 0.572266 0.531250
vt 0.636719 0.509766
vt 0.298828 0.328125
vt 0.572266 0.533203
vt 0.636719 0.984375
vt 0.296875 0.322266
vt 0.546875 0.427734
vt 0.636719 0.503906
vt 0.298828 0.322266
vt 0.546875 0.429688
vt 0.216797 0.326172
vt 0.693359 0.419922
vt 0.646484 0.964844
vt 0.644531 0.628906
vt 0.218750 0.326172
vt 0.646484 0.962891
vt 0.216797 0.324219
vt 0.693359 0.417969
vt 0.646484 0.486328
vt 0.644531 0.626953
vt 0.218750 0.324219
vt 0.646484 0.484375
vt 0.693359 0.628906
vt 0.218750 0.326172
vt 0.695312 0.962891
vt 0.644531 0.419922
vt 0.220703 0.326172
vt 0.695312 0.964844
vt 0.693359 0.626953
vt 0.218750 0.324219
vt 0.695312 0.484375
vt 0.644531 0.417969
vt 0.220703 0.324219
vt 0.695312 0.486328
vt 0.220703 0.326172
vt 0.675781 0.779297
vt 0.673828 0.777344
vt 0.673828 0.781250
vt 0.222656 0.326172
vt 0.673828 0.775391
vt 0.220703 0.324219
vt 0.675781 0.777344
vt 0.673828 0.767578
vt 0.673828 0.779297
vt 0.222656 0.324219
vt 0.673828 0.765625
vt 0.675781 0.781250
vt 0.222656 0.326172
vt 0.675781 0.775391
vt 0.673828 0.779297
vt 0.224609 0.326172
vt 0.675781 0.777344
vt 0.675781 0.779297
vt 0.222656 0.324219
vt 0.675781 0.765625
vt 0.673828 0.777344
vt 0.224609 0.324219
vt 0.675781 0.767578
vt 0.474609 0.410156
vt 0.492188 0.408203
vt 0.167969 0.410156
vt 0.460938 0.412109
vt 0.478516 0.410156
vt 0.167969 0.406250
vt 0.474609 0.408203
vt 0.492188 0.406250
vt 0.294922 0.402344
vt 0.460938 0.410156
vt 0.478516 0.408203
vt 0.294922 0.398438
vt 0.464844 0.412109
vt 0.515625 0.406250
vt 0.171875 0.406250
vt 0.488281 0.408203
vt 0.519531 0.406250
vt 0.171875 0.410156
vt 0.464844 0.410156
vt 0.515625 0.404297
vt 0.298828 0.398438
vt 0.488281 0.406250
vt 0.519531 0.404297
vt 0.298828 0.402344
vt 0.673828 0.763672
vt 0.675781 0.761719
vt 0.673828 0.757812
vt 0.673828 0.765625
vt 0.675781 0.763672
vt 0.673828 0.755859
vt 0.673828 0.761719
vt 0.675781 0.759766
vt 0.673828 0.748047
vt 0.673828 0.763672
vt 0.675781 0.761719
vt 0.673828 0.746094
vt 0.675781 0.765625
vt 0.673828 0.759766
vt 0.675781 0.755859
vt 0.673828 0.761719
vt 0.675781 0.759766
vt 0.675781 0.757812
vt 0.675781 0.763672
vt 0.673828 0.757812
vt 0.675781 0.746094
vt 0.673828 0.759766
vt 0.675781 0.757812
vt 0.675781 0.748047
vt 0.642578 0.800781
vt 0.332031 0.357422
vt 0.578125 0.396484
vt 0.615234 0.394531
vt 0.646484 0.800781
vt 0.578125 0.392578
vt 0.642578 0.798828
vt 0.332031 0.355469
vt 0.617188 0.957031
vt 0.615234 0.392578
vt 0.646484 0.798828
vt 0.617188 0.953125
vt 0.619141 0.394531
vt 0.107422 0.355469
vt 0.582031 0.392578
vt 0.328125 0.357422
vt 0.111328 0.355469
vt 0.582031 0.396484
vt 0.619141 0.392578
vt 0.107422 0.353516
vt 0.621094 0.953125
vt 0.328125 0.355469
vt 0.111328 0.353516
vt 0.621094 0.957031
vt 0.253906 0.326172
vt 0.572266 0.328125
vt 0.578125 0.328125
vt 0.496094 0.355469
vt 0.255859 0.326172
vt 0.578125 0.326172
vt 0.253906 0.324219
vt 0.572266 0.326172
vt 0.582031 0.328125
vt 0.496094 0.353516
vt 0.255859 0.324219
vt 0.582031 0.326172
vt 0.500000 0.355469
vt 0.673828 0.746094
vt 0.582031 0.326172
vt 0.568359 0.328125
vt 0.675781 0.746094
vt 0.582031 0.328125
vt 0.500000 0.353516
vt 0.673828 0.744141
vt 0.585938 0.326172
vt 0.568359 0.326172
vt 0.675781 0.744141
vt 0.585938 0.328125
vt 0.255859 0.326172
vt 0.675781 0.386719
vt 0.671875 0.384766
vt 0.585938 0.328125
vt 0.257812 0.326172
vt 0.671875 0.382812
vt 0.255859 0.324219
vt 0.675781 0.384766
vt 0.671875 0.347656
vt 0.585938 0.326172
vt 0.257812 0.324219
vt 0.671875 0.345703
vt 0.589844 0.328125
vt 0.673828 0.744141
vt 0.675781 0.382812
vt 0.671875 0.386719
vt 0.675781 0.744141
vt 0.675781 0.384766
vt 0.589844 0.326172
vt 0.673828 0.742188
vt 0.675781 0.345703
vt 0.671875 0.384766
vt 0.675781 0.742188
vt 0.675781 0.347656
vt 0.673828 0.742188
vt 0.675781 0.736328
vt 0.267578 0.326172
vt 0.257812 0.326172
vt 0.675781 0.742188
vt 0.267578 0.324219
vt 0.673828 0.740234
vt 0.675781 0.734375
vt 0.673828 0.732422
vt 0.257812 0.324219
vt 0.675781 0.740234
vt 0.673828 0.730469
vt 0.259766 0.326172
vt 0.673828 0.734375
vt 0.269531 0.324219
vt 0.673828 0.736328
vt 0.675781 0.734375
vt 0.269531 0.326172
vt 0.259766 0.324219
vt 0.673828 0.732422
vt 0.675781 0.730469
vt 0.673828 0.734375
vt 0.675781 0.732422
vt 0.673828 0.728516
vt 0.675781 0.726562
vt 0.673828 0.722656
vt 0.673828 0.730469
vt 0.675781 0.728516
vt 0.673828 0.720703
vt 0.673828 0.726562
vt 0.675781 0.724609
vt 0.673828 0.720703
vt 0.673828 0.728516
vt 0.675781 0.726562
vt 0.673828 0.718750
vt 0.675781 0.730469
vt 0.673828 0.724609
vt 0.675781 0.720703
vt 0.673828 0.726562
vt 0.675781 0.724609
vt 0.675781 0.722656
vt 0.675781 0.728516
vt 0.673828 0.722656
vt 0.675781 0.718750
vt 0.673828 0.724609
vt 0.675781 0.722656
vt 0.675781 0.720703
vt 0.660156 0.531250
vt 0.679688 1.000000
vt 0.513672 0.988281
vt 0.654297 0.404297
vt 0.679688 0.531250
vt 0.513672 0.968750
vt 0.660156 0.529297
vt 0.679688 0.998047
vt 0.144531 0.486328
vt 0.654297 0.402344
vt 0.679688 0.529297
vt 0.144531 0.466797
vt 0.677734 0.404297
vt 0.660156 0.529297
vt 0.537109 0.968750
vt 0.656250 1.000000
vt 0.679688 0.529297
vt 0.537109 0.988281
vt 0.677734 0.402344
vt 0.660156 0.527344
vt 0.167969 0.466797
vt 0.656250 0.998047
vt 0.679688 0.527344
vt 0.167969 0.486328
vt 0.511719 0.363281
vt 0.681641 0.572266
vt 0.533203 0.921875
vt 0.648438 0.738281
vt 0.521484 0.363281
vt 0.533203 0.912109
vt 0.511719 0.361328
vt 0.681641 0.570312
vt 0.541016 0.845703
vt 0.648438 0.736328
vt 0.521484 0.361328
vt 0.541016 0.835938
vt 0.681641 0.738281
vt 0.591797 0.355469
vt 0.566406 0.912109
vt 0.648438 0.572266
vt 0.601562 0.355469
vt 0.566406 0.921875
vt 0.681641 0.736328
vt 0.591797 0.353516
vt 0.574219 0.835938
vt 0.648438 0.570312
vt 0.601562 0.353516
vt 0.574219 0.845703
vt 0.667969 0.802734
vt 0.679688 0.966797
vt 0.607422 0.431641
vt 0.671875 0.986328
vt 0.685547 0.802734
vt 0.607422 0.414062
vt 0.667969 0.800781
vt 0.679688 0.964844
vt 0.578125 0.392578
vt 0.671875 0.984375
vt 0.685547 0.800781
vt 0.578125 0.375000
vt 0.679688 0.986328
vt 0.667969 0.677734
vt 0.615234 0.414062
vt 0.671875 0.966797
vt 0.685547 0.677734
vt 0.615234 0.431641
vt 0.679688 0.984375
vt 0.667969 0.675781
vt 0.585938 0.375000
vt 0.671875 0.964844
vt 0.685547 0.675781
vt 0.585938 0.392578
vt 0.287109 0.380859
vt 0.681641 0.783203
vt 0.388672 0.447266
vt 0.464844 0.589844
vt 0.294922 0.380859
vt 0.388672 0.439453
vt 0.287109 0.378906
vt 0.681641 0.781250
vt 0.556641 0.988281
vt 0.464844 0.587891
vt 0.294922 0.378906
vt 0.556641 0.980469
vt 0.498047 0.589844
vt 0.630859 0.839844
vt 0.421875 0.439453
vt 0.648438 0.783203
vt 0.638672 0.839844
vt 0.421875 0.447266
vt 0.498047 0.587891
vt 0.630859 0.837891
vt 0.589844 0.980469
vt 0.648438 0.781250
vt 0.638672 0.837891
vt 0.589844 0.988281
vt 0.667969 0.605469
vt 0.125000 0.328125
vt 0.585938 0.392578
vt 0.671875 0.927734
vt 0.685547 0.605469
vt 0.585938 0.375000
vt 0.667969 0.603516
vt 0.125000 0.326172
vt 0.593750 0.392578
vt 0.671875 0.925781
vt 0.685547 0.603516
vt 0.593750 0.375000
vt 0.679688 0.927734
vt 0.667969 0.603516
vt 0.593750 0.375000
vt 0.117188 0.328125
vt 0.685547 0.603516
vt 0.593750 0.392578
vt 0.679688 0.925781
vt 0.667969 0.601562
vt 0.601562 0.375000
vt 0.117188 0.326172
vt 0.685547 0.601562
vt 0.601562 0.392578
vt 0.666016 0.591797
vt 0.615234 0.414062
vt 0.472656 0.392578
vt 0.527344 0.406250
vt 0.683594 0.591797
vt 0.472656 0.375000
vt 0.666016 0.589844
vt 0.615234 0.412109
vt 0.480469 0.392578
vt 0.527344 0.404297
vt 0.683594 0.589844
vt 0.480469 0.375000
vt 0.535156 0.406250
vt 0.667969 0.892578
vt 0.480469 0.375000
vt 0.607422 0.414062
vt 0.685547 0.892578
vt 0.480469 0.392578
vt 0.535156 0.404297
vt 0.667969 0.890625
vt 0.488281 0.375000
vt 0.607422 0.412109
vt 0.685547 0.890625
vt 0.488281 0.392578
vt 0.667969 0.845703
vt 0.677734 0.421875
vt 0.607422 0.466797
vt 0.605469 0.353516
vt 0.685547 0.845703
vt 0.607422 0.449219
vt 0.667969 0.843750
vt 0.677734 0.419922
vt 0.607422 0.449219
vt 0.605469 0.351562
vt 0.685547 0.843750
vt 0.607422 0.431641
vt 0.613281 0.353516
vt 0.667969 0.843750
vt 0.615234 0.449219
vt 0.669922 0.421875
vt 0.685547 0.843750
vt 0.615234 0.466797
vt 0.613281 0.351562
vt 0.667969 0.841797
vt 0.615234 0.431641
vt 0.669922 0.419922
vt 0.685547 0.841797
vt 0.615234 0.449219
vt 0.144531 0.505859
vt 0.552734 0.802734
vt 0.175781 0.505859
vt 0.144531 0.466797
vt 0.175781 0.505859
vt 0.175781 0.474609
vt 0.144531 0.486328
vt 0.552734 0.783203
vt 0.439453 0.492188
vt 0.144531 0.447266
vt 0.175781 0.486328
vt 0.439453 0.460938
vt 0.162109 0.466797
vt 0.494141 0.621094
vt 0.193359 0.474609
vt 0.535156 0.802734
vt 0.525391 0.621094
vt 0.193359 0.505859
vt 0.162109 0.447266
vt 0.494141 0.601562
vt 0.457031 0.460938
vt 0.535156 0.783203
vt 0.525391 0.601562
vt 0.457031 0.492188
vt 0.308594 1.000000
vt 0.412109 0.351562
vt 0.207031 0.564453
vt 0.400391 0.351562
vt 0.513672 1.000000
vt 0.207031 0.359375
vt 0.308594 0.984375
vt 0.412109 0.335938
vt 0.212891 0.564453
vt 0.400391 0.335938
vt 0.513672 0.984375
vt 0.212891 0.359375
vt 0.406250 0.351562
vt 0.308594 0.984375
vt 0.212891 0.359375
vt 0.406250 0.351562
vt 0.513672 0.984375
vt 0.212891 0.564453
vt 0.406250 0.335938
vt 0.308594 0.968750
vt 0.218750 0.359375
vt 0.406250 0.335938
vt 0.513672 0.968750
vt 0.218750 0.564453
vt 0.396484 0.531250
vt 0.128906 0.523438
vt 0.302734 0.636719
vt 0.322266 0.541016
vt 0.421875 0.531250
vt 0.302734 0.611328
vt 0.396484 0.500000
vt 0.128906 0.492188
vt 0.291016 0.439453
vt 0.322266 0.509766
vt 0.421875 0.500000
vt 0.291016 0.414062
vt 0.326172 0.541016
vt 0.421875 0.531250
vt 0.306641 0.611328
vt 0.125000 0.523438
vt 0.447266 0.531250
vt 0.306641 0.636719
vt 0.326172 0.509766
vt 0.421875 0.500000
vt 0.294922 0.414062
vt 0.125000 0.492188
vt 0.447266 0.500000
vt 0.294922 0.439453
vt 0.287109 0.414062
vt 0.568359 0.345703
vt 0.521484 0.378906
vt 0.564453 0.345703
vt 0.294922 0.414062
vt 0.521484 0.371094
vt 0.287109 0.392578
vt 0.568359 0.324219
vt 0.634766 0.787109
vt 0.564453 0.324219
vt 0.294922 0.392578
vt 0.634766 0.779297
vt 0.566406 0.345703
vt 0.259766 0.408203
vt 0.523438 0.371094
vt 0.566406 0.345703
vt 0.267578 0.408203
vt 0.523438 0.378906
vt 0.566406 0.324219
vt 0.259766 0.386719
vt 0.636719 0.779297
vt 0.566406 0.324219
vt 0.267578 0.386719
vt 0.636719 0.787109
vt 0.601562 0.945312
vt 0.513672 0.339844
vt 0.312500 0.363281
vt 0.509766 0.339844
vt 0.609375 0.945312
vt 0.312500 0.355469
vt 0.601562 0.925781
vt 0.513672 0.320312
vt 0.623047 0.330078
vt 0.509766 0.320312
vt 0.609375 0.925781
vt 0.623047 0.322266
vt 0.511719 0.339844
vt 0.601562 0.880859
vt 0.314453 0.355469
vt 0.511719 0.339844
vt 0.609375 0.880859
vt 0.314453 0.363281
vt 0.511719 0.320312
vt 0.601562 0.861328
vt 0.625000 0.322266
vt 0.511719 0.320312
vt 0.609375 0.861328
vt 0.625000 0.330078
vt 0.640625 0.960938
vt 0.673828 0.328125
vt 0.289062 0.345703
vt 0.671875 0.332031
vt 0.666016 0.960938
vt 0.289062 0.320312
vt 0.640625 0.957031
vt 0.673828 0.324219
vt 0.291016 0.345703
vt 0.671875 0.328125
vt 0.666016 0.957031
vt 0.291016 0.320312
vt 0.673828 0.332031
vt 0.640625 0.611328
vt 0.291016 0.320312
vt 0.671875 0.328125
vt 0.666016 0.611328
vt 0.291016 0.345703
vt 0.673828 0.328125
vt 0.640625 0.607422
vt 0.292969 0.320312
vt 0.671875 0.324219
vt 0.666016 0.607422
vt 0.292969 0.345703
vt 0.167969 0.380859
vt 0.679688 0.417969
vt 0.121094 0.679688
vt 0.496094 0.345703
vt 0.181641 0.380859
vt 0.121094 0.666016
vt 0.167969 0.378906
vt 0.679688 0.416016
vt 0.533203 0.935547
vt 0.496094 0.343750
vt 0.181641 0.378906
vt 0.533203 0.921875
vt 0.521484 0.345703
vt 0.667969 0.353516
vt 0.146484 0.666016
vt 0.654297 0.417969
vt 0.681641 0.353516
vt 0.146484 0.679688
vt 0.521484 0.343750
vt 0.667969 0.351562
vt 0.558594 0.921875
vt 0.654297 0.416016
vt 0.681641 0.351562
vt 0.558594 0.935547
vt 0.648438 0.386719
vt 0.634766 0.707031
vt 0.396484 0.375000
vt 0.621094 0.949219
vt 0.671875 0.386719
vt 0.396484 0.351562
vt 0.648438 0.382812
vt 0.634766 0.703125
vt 0.460938 0.359375
vt 0.621094 0.945312
vt 0.671875 0.382812
vt 0.460938 0.335938
vt 0.625000 0.949219
vt 0.636719 0.351562
vt 0.400391 0.351562
vt 0.630859 0.707031
vt 0.660156 0.351562
vt 0.400391 0.375000
vt 0.625000 0.945312
vt 0.636719 0.347656
vt 0.464844 0.335938
vt 0.630859 0.703125
vt 0.660156 0.347656
vt 0.464844 0.359375
vt 0.277344 0.529297
vt 0.181641 0.345703
vt 0.298828 0.328125
vt 0.177734 0.345703
vt 0.283203 0.529297
vt 0.298828 0.322266
vt 0.277344 0.498047
vt 0.181641 0.314453
vt 0.302734 0.328125
vt 0.177734 0.314453
vt 0.283203 0.498047
vt 0.302734 0.322266
vt 0.179688 0.345703
vt 0.367188 0.455078
vt 0.300781 0.322266
vt 0.179688 0.345703
vt 0.373047 0.455078
vt 0.300781 0.328125
vt 0.179688 0.314453
vt 0.367188 0.423828
vt 0.304688 0.322266
vt 0.179688 0.314453
vt 0.373047 0.423828
vt 0.304688 0.328125
vt 0.414062 0.398438
vt 0.425781 0.398438
vt 0.412109 0.359375
vt 0.328125 0.398438
vt 0.419922 0.398438
vt 0.412109 0.353516
vt 0.414062 0.375000
vt 0.425781 0.375000
vt 0.667969 0.808594
vt 0.328125 0.375000
vt 0.419922 0.375000
vt 0.667969 0.802734
vt 0.333984 0.398438
vt 0.554688 0.398438
vt 0.417969 0.353516
vt 0.419922 0.398438
vt 0.560547 0.398438
vt 0.417969 0.359375
vt 0.333984 0.375000
vt 0.554688 0.375000
vt 0.673828 0.802734
vt 0.419922 0.375000
vt 0.560547 0.375000
vt 0.673828 0.808594
vt 0.554688 0.427734
vt 0.353516 0.330078
vt 0.673828 0.984375
vt 0.349609 0.330078
vt 0.558594 0.427734
vt 0.673828 0.980469
vt 0.554688 0.416016
vt 0.353516 0.318359
vt 0.673828 0.980469
vt 0.349609 0.318359
vt 0.558594 0.416016
vt 0.673828 0.976562
vt 0.351562 0.330078
vt 0.144531 0.423828
vt 0.675781 0.980469
vt 0.351562 0.330078
vt 0.148438 0.423828
vt 0.675781 0.984375
vt 0.351562 0.318359
vt 0.144531 0.412109
vt 0.675781 0.976562
vt 0.351562 0.318359
vt 0.148438 0.412109
vt 0.675781 0.980469
vt 0.480469 0.492188
vt 0.015625 0.478516
vt 0.546875 0.501953
vt 0.378906 0.480469
vt 0.498047 0.492188
vt 0.546875 0.484375
vt 0.480469 0.464844
vt 0.015625 0.451172
vt 0.546875 0.484375
vt 0.378906 0.453125
vt 0.498047 0.464844
vt 0.546875 0.466797
vt 0.394531 0.480469
vt 0.511719 0.714844
vt 0.562500 0.484375
vt 0.000000 0.478516
vt 0.529297 0.714844
vt 0.562500 0.501953
vt 0.394531 0.453125
vt 0.511719 0.687500
vt 0.562500 0.466797
vt 0.000000 0.451172
vt 0.529297 0.687500
vt 0.562500 0.484375
vt 0.654297 0.556641
vt 0.681641 0.453125
vt 0.355469 0.455078
vt 0.669922 0.455078
vt 0.679688 0.556641
vt 0.355469 0.429688
vt 0.654297 0.554688
vt 0.681641 0.451172
vt 0.035156 0.453125
vt 0.669922 0.453125
vt 0.679688 0.554688
vt 0.035156 0.427734
vt 0.681641 0.455078
vt 0.654297 0.554688
vt 0.367188 0.429688
vt 0.669922 0.453125
vt 0.679688 0.554688
vt 0.367188 0.455078
vt 0.681641 0.453125
vt 0.654297 0.552734
vt 0.046875 0.427734
vt 0.669922 0.451172
vt 0.679688 0.552734
vt 0.046875 0.453125
vt 0.443359 0.345703
vt 0.085938 0.621094
vt 0.562500 0.562500
vt 0.326172 0.636719
vt 0.445312 0.345703
vt 0.562500 0.560547
vt 0.443359 0.322266
vt 0.085938 0.597656
vt 0.566406 0.607422
vt 0.326172 0.613281
vt 0.445312 0.322266
vt 0.566406 0.605469
vt 0.412109 0.636719
vt 0.521484 0.345703
vt 0.648438 0.560547
vt 0.000000 0.621094
vt 0.523438 0.345703
vt 0.648438 0.562500
vt 0.412109 0.613281
vt 0.521484 0.322266
vt 0.652344 0.605469
vt 0.000000 0.597656
vt 0.523438 0.322266
vt 0.652344 0.607422
vt 0.412109 0.390625
vt 0.523438 0.763672
vt 0.642578 0.841797
vt 0.468750 0.652344
vt 0.414062 0.390625
vt 0.642578 0.839844
vt 0.412109 0.375000
vt 0.523438 0.748047
vt 0.642578 0.675781
vt 0.468750 0.636719
vt 0.414062 0.375000
vt 0.642578 0.673828
vt 0.519531 0.652344
vt 0.531250 0.386719
vt 0.693359 0.839844
vt 0.472656 0.763672
vt 0.533203 0.386719
vt 0.693359 0.841797
vt 0.519531 0.636719
vt 0.531250 0.371094
vt 0.693359 0.673828
vt 0.472656 0.748047
vt 0.533203 0.371094
vt 0.693359 0.675781
vt 0.000000 0.648438
vt 0.433594 0.345703
vt 0.167969 0.486328
vt 0.630859 0.664062
vt 0.076172 0.648438
vt 0.167969 0.410156
vt 0.000000 0.640625
vt 0.433594 0.337891
vt 0.373047 0.480469
vt 0.630859 0.656250
vt 0.076172 0.640625
vt 0.373047 0.404297
vt 0.636719 0.664062
vt 0.490234 0.533203
vt 0.173828 0.410156
vt 0.427734 0.345703
vt 0.566406 0.533203
vt 0.173828 0.486328
vt 0.636719 0.656250
vt 0.490234 0.525391
vt 0.378906 0.404297
vt 0.427734 0.337891
vt 0.566406 0.525391
vt 0.378906 0.480469
vt 0.234375 0.644531
vt 0.673828 0.730469
vt 0.107422 0.478516
vt 0.667969 0.736328
vt 0.304688 0.644531
vt 0.107422 0.408203
vt 0.234375 0.638672
vt 0.673828 0.724609
vt 0.261719 0.478516
vt 0.667969 0.730469
vt 0.304688 0.638672
vt 0.261719 0.408203
vt 0.673828 0.736328
vt 0.515625 0.906250
vt 0.113281 0.408203
vt 0.667969 0.730469
vt 0.585938 0.906250
vt 0.113281 0.478516
vt 0.673828 0.730469
vt 0.515625 0.900391
vt 0.267578 0.408203
vt 0.667969 0.724609
vt 0.585938 0.900391
vt 0.267578 0.478516
vt 0.281250 0.392578
vt 0.314453 0.392578
vt 0.607422 0.656250
vt 0.269531 0.392578
vt 0.292969 0.392578
vt 0.607422 0.644531
vt 0.281250 0.380859
vt 0.314453 0.380859
vt 0.425781 0.392578
vt 0.269531 0.380859
vt 0.292969 0.380859
vt 0.425781 0.380859
vt 0.281250 0.392578
vt 0.314453 0.392578
vt 0.619141 0.644531
vt 0.302734 0.392578
vt 0.326172 0.392578
vt 0.619141 0.656250
vt 0.281250 0.380859
vt 0.314453 0.380859
vt 0.437500 0.380859
vt 0.302734 0.380859
vt 0.326172 0.380859
vt 0.437500 0.392578
vt 0.648438 0.511719
vt 0.673828 0.601562
vt 0.085938 0.611328
vt 0.601562 0.810547
vt 0.675781 0.511719
vt 0.085938 0.583984
vt 0.648438 0.509766
vt 0.673828 0.599609
vt 0.158203 0.611328
vt 0.601562 0.808594
vt 0.675781 0.509766
vt 0.158203 0.583984
vt 0.673828 0.810547
vt 0.652344 0.853516
vt 0.158203 0.583984
vt 0.601562 0.601562
vt 0.679688 0.853516
vt 0.158203 0.611328
vt 0.673828 0.808594
vt 0.652344 0.851562
vt 0.230469 0.583984
vt 0.601562 0.599609
vt 0.679688 0.851562
vt 0.230469 0.611328
vt 0.636719 0.816406
vt 0.677734 0.962891
vt 0.308594 0.968750
vt 0.615234 0.626953
vt 0.687500 0.816406
vt 0.308594 0.917969
vt 0.636719 0.814453
vt 0.677734 0.960938
vt 0.308594 0.917969
vt 0.615234 0.625000
vt 0.687500 0.814453
vt 0.308594 0.867188
vt 0.669922 0.626953
vt 0.642578 0.890625
vt 0.363281 0.917969
vt 0.623047 0.962891
vt 0.693359 0.890625
vt 0.363281 0.968750
vt 0.669922 0.625000
vt 0.642578 0.888672
vt 0.363281 0.867188
vt 0.623047 0.960938
vt 0.693359 0.888672
vt 0.363281 0.917969
vt 0.277344 0.498047
vt 0.519531 0.457031
vt 0.308594 0.328125
vt 0.539062 0.863281
vt 0.283203 0.498047
vt 0.308594 0.322266
vt 0.277344 0.482422
vt 0.519531 0.441406
vt 0.310547 0.328125
vt 0.539062 0.847656
vt 0.283203 0.482422
vt 0.310547 0.322266
vt 0.541016 0.863281
vt 0.316406 0.472656
vt 0.310547 0.322266
vt 0.517578 0.457031
vt 0.322266 0.472656
vt 0.310547 0.328125
vt 0.541016 0.847656
vt 0.316406 0.457031
vt 0.312500 0.322266
vt 0.517578 0.441406
vt 0.322266 0.457031
vt 0.312500 0.328125
vt 0.173828 0.345703
vt 0.341797 0.382812
vt 0.671875 0.345703
vt 0.333984 0.382812
vt 0.175781 0.345703
vt 0.671875 0.343750
vt 0.173828 0.314453
vt 0.341797 0.351562
vt 0.671875 0.343750
vt 0.333984 0.351562
vt 0.175781 0.314453
vt 0.671875 0.341797
vt 0.337891 0.382812
vt 0.175781 0.345703
vt 0.675781 0.343750
vt 0.337891 0.382812
vt 0.177734 0.345703
vt 0.675781 0.345703
vt 0.337891 0.351562
vt 0.175781 0.314453
vt 0.675781 0.341797
vt 0.337891 0.351562
vt 0.177734 0.314453
vt 0.675781 0.343750
vt 0.673828 0.833984
vt 0.617188 0.566406
vt 0.541016 0.835938
vt 0.390625 0.851562
vt 0.675781 0.833984
vt 0.541016 0.833984
vt 0.673828 0.830078
vt 0.617188 0.562500
vt 0.613281 0.470703
vt 0.390625 0.847656
vt 0.675781 0.830078
vt 0.613281 0.468750
vt 0.445312 0.851562
vt 0.673828 0.830078
vt 0.595703 0.833984
vt 0.562500 0.566406
vt 0.675781 0.830078
vt 0.595703 0.835938
vt 0.445312 0.847656
vt 0.673828 0.826172
vt 0.667969 0.468750
vt 0.562500 0.562500
vt 0.675781 0.826172
vt 0.667969 0.470703
vt 0.609375 0.929688
vt 0.046875 0.326172
vt 0.273438 0.345703
vt 0.673828 0.957031
vt 0.636719 0.929688
vt 0.273438 0.318359
vt 0.609375 0.925781
vt 0.046875 0.322266
vt 0.275391 0.345703
vt 0.673828 0.953125
vt 0.636719 0.925781
vt 0.275391 0.318359
vt 0.675781 0.957031
vt 0.609375 0.818359
vt 0.275391 0.318359
vt 0.044922 0.326172
vt 0.636719 0.818359
vt 0.275391 0.345703
vt 0.675781 0.953125
vt 0.609375 0.814453
vt 0.277344 0.318359
vt 0.044922 0.322266
vt 0.636719 0.814453
vt 0.277344 0.345703
vt 0.419922 0.345703
vt 0.533203 0.361328
vt 0.673828 0.857422
vt 0.525391 0.361328
vt 0.421875 0.345703
vt 0.673828 0.855469
vt 0.419922 0.320312
vt 0.533203 0.335938
vt 0.673828 0.835938
vt 0.525391 0.335938
vt 0.421875 0.320312
vt 0.673828 0.833984
vt 0.529297 0.361328
vt 0.421875 0.345703
vt 0.677734 0.855469
vt 0.529297 0.361328
vt 0.423828 0.345703
vt 0.677734 0.857422
vt 0.529297 0.335938
vt 0.421875 0.320312
vt 0.677734 0.833984
vt 0.529297 0.335938
vt 0.423828 0.320312
vt 0.677734 0.835938
vt 0.533203 0.394531
vt 0.396484 0.548828
vt 0.664062 0.685547
vt 0.361328 0.548828
vt 0.535156 0.394531
vt 0.664062 0.683594
vt 0.533203 0.326172
vt 0.396484 0.480469
vt 0.666016 0.638672
vt 0.361328 0.480469
vt 0.535156 0.326172
vt 0.666016 0.636719
vt 0.378906 0.548828
vt 0.552734 0.394531
vt 0.681641 0.683594
vt 0.378906 0.548828
vt 0.554688 0.394531
vt 0.681641 0.685547
vt 0.378906 0.480469
vt 0.552734 0.326172
vt 0.683594 0.636719
vt 0.378906 0.480469
vt 0.554688 0.326172
vt 0.683594 0.638672
vt 0.236328 0.345703
vt 0.388672 0.453125
vt 0.585938 0.732422
vt 0.183594 0.453125
vt 0.238281 0.345703
vt 0.585938 0.730469
vt 0.236328 0.316406
vt 0.388672 0.423828
vt 0.134766 0.382812
vt 0.183594 0.423828
vt 0.238281 0.316406
vt 0.134766 0.380859
vt 0.193359 0.453125
vt 0.238281 0.345703
vt 0.595703 0.730469
vt 0.378906 0.453125
vt 0.240234 0.345703
vt 0.595703 0.732422
vt 0.193359 0.423828
vt 0.238281 0.316406
vt 0.144531 0.380859
vt 0.378906 0.423828
vt 0.240234 0.316406
vt 0.144531 0.382812
vt 0.232422 0.345703
vt 0.234375 0.666016
vt 0.601562 0.921875
vt 0.078125 0.666016
vt 0.234375 0.345703
vt 0.601562 0.919922
vt 0.232422 0.316406
vt 0.234375 0.636719
vt 0.601562 0.814453
vt 0.078125 0.636719
vt 0.234375 0.316406
vt 0.601562 0.812500
vt 0.156250 0.666016
vt 0.234375 0.345703
vt 0.679688 0.919922
vt 0.156250 0.666016
vt 0.236328 0.345703
vt 0.679688 0.921875
vt 0.156250 0.636719
vt 0.234375 0.316406
vt 0.679688 0.812500
vt 0.156250 0.636719
vt 0.236328 0.316406
vt 0.679688 0.814453
vt 0.322266 0.501953
vt 0.195312 0.564453
vt 0.230469 0.611328
vt 0.074219 0.564453
vt 0.347656 0.501953
vt 0.230469 0.585938
vt 0.322266 0.478516
vt 0.195312 0.541016
vt 0.404297 0.613281
vt 0.074219 0.541016
vt 0.347656 0.478516
vt 0.404297 0.587891
vt 0.134766 0.564453
vt 0.498047 0.517578
vt 0.291016 0.585938
vt 0.134766 0.564453
vt 0.523438 0.517578
vt 0.291016 0.611328
vt 0.134766 0.541016
vt 0.498047 0.494141
vt 0.464844 0.587891
vt 0.134766 0.541016
vt 0.523438 0.494141
vt 0.464844 0.613281
vt 0.589844 0.652344
vt 0.443359 0.392578
vt 0.255859 0.458984
vt 0.578125 0.478516
vt 0.607422 0.652344
vt 0.255859 0.441406
vt 0.589844 0.640625
vt 0.443359 0.380859
vt 0.335938 0.457031
vt 0.578125 0.466797
vt 0.607422 0.640625
vt 0.335938 0.439453
vt 0.583984 0.478516
vt 0.595703 0.845703
vt 0.261719 0.441406
vt 0.437500 0.392578
vt 0.613281 0.845703
vt 0.261719 0.458984
vt 0.583984 0.466797
vt 0.595703 0.833984
vt 0.341797 0.439453
vt 0.437500 0.380859
vt 0.613281 0.833984
vt 0.341797 0.457031
vt 0.007812 0.330078
vt 0.058594 0.330078
vt 0.068359 0.328125
vt 0.667969 0.332031
vt 0.011719 0.330078
vt 0.068359 0.324219
vt 0.007812 0.322266
vt 0.058594 0.322266
vt 0.072266 0.328125
vt 0.667969 0.324219
vt 0.011719 0.322266
vt 0.072266 0.324219
vt 0.671875 0.332031
vt 0.669922 0.919922
vt 0.072266 0.324219
vt 0.054688 0.330078
vt 0.673828 0.919922
vt 0.072266 0.328125
vt 0.671875 0.324219
vt 0.669922 0.912109
vt 0.076172 0.324219
vt 0.054688 0.322266
vt 0.673828 0.912109
vt 0.076172 0.328125
vt 0.494141 0.601562
vt 0.080078 0.328125
vt 0.234375 1.000000
vt 0.076172 0.328125
vt 0.570312 0.601562
vt 0.234375 0.923828
vt 0.494141 0.593750
vt 0.080078 0.320312
vt 0.443359 0.421875
vt 0.076172 0.320312
vt 0.570312 0.593750
vt 0.443359 0.345703
vt 0.078125 0.328125
vt 0.498047 0.525391
vt 0.236328 0.923828
vt 0.078125 0.328125
vt 0.574219 0.525391
vt 0.236328 1.000000
vt 0.078125 0.320312
vt 0.498047 0.517578
vt 0.445312 0.345703
vt 0.078125 0.320312
vt 0.574219 0.517578
vt 0.445312 0.421875
vt 0.144531 0.330078
vt 0.083984 0.328125
vt 0.156250 0.326172
vt 0.080078 0.328125
vt 0.148438 0.330078
vt 0.156250 0.322266
vt 0.144531 0.322266
vt 0.083984 0.320312
vt 0.673828 0.839844
vt 0.080078 0.320312
vt 0.148438 0.322266
vt 0.673828 0.835938
vt 0.082031 0.328125
vt 0.669922 0.695312
vt 0.158203 0.322266
vt 0.082031 0.328125
vt 0.673828 0.695312
vt 0.158203 0.326172
vt 0.082031 0.320312
vt 0.669922 0.687500
vt 0.675781 0.835938
vt 0.082031 0.320312
vt 0.673828 0.687500
vt 0.675781 0.839844
vt 0.433594 0.345703
vt 0.341797 0.330078
vt 0.380859 0.330078
vt 0.332031 0.330078
vt 0.439453 0.345703
vt 0.380859 0.324219
vt 0.433594 0.337891
vt 0.341797 0.322266
vt 0.535156 0.330078
vt 0.332031 0.322266
vt 0.439453 0.337891
vt 0.535156 0.324219
vt 0.335938 0.330078
vt 0.554688 0.345703
vt 0.384766 0.324219
vt 0.337891 0.330078
vt 0.560547 0.345703
vt 0.384766 0.330078
vt 0.335938 0.322266
vt 0.554688 0.337891
vt 0.539062 0.324219
vt 0.337891 0.322266
vt 0.560547 0.337891
vt 0.539062 0.330078
vt 0.515625 0.742188
vt 0.673828 0.718750
vt 0.341797 0.478516
vt 0.667969 0.724609
vt 0.585938 0.742188
vt 0.341797 0.408203
vt 0.515625 0.736328
vt 0.673828 0.712891
vt 0.054688 0.474609
vt 0.667969 0.718750
vt 0.585938 0.736328
vt 0.054688 0.404297
vt 0.673828 0.724609
vt 0.515625 0.736328
vt 0.347656 0.408203
vt 0.667969 0.718750
vt 0.585938 0.736328
vt 0.347656 0.478516
vt 0.673828 0.718750
vt 0.515625 0.730469
vt 0.060547 0.404297
vt 0.667969 0.712891
vt 0.585938 0.730469
vt 0.060547 0.474609
vt 0.347656 0.394531
vt 0.472656 0.394531
vt 0.060547 0.392578
vt 0.117188 0.394531
vt 0.359375 0.394531
vt 0.060547 0.380859
vt 0.347656 0.382812
vt 0.472656 0.382812
vt 0.072266 0.392578
vt 0.117188 0.382812
vt 0.359375 0.382812
vt 0.072266 0.380859
vt 0.128906 0.394531
vt 0.541016 0.394531
vt 0.072266 0.380859
vt 0.460938 0.394531
vt 0.552734 0.394531
vt 0.072266 0.392578
vt 0.128906 0.382812
vt 0.541016 0.382812
vt 0.083984 0.380859
vt 0.460938 0.382812
vt 0.552734 0.382812
vt 0.083984 0.392578
vt 0.519531 0.652344
vt 0.375000 0.332031
vt 0.521484 0.474609
vt 0.363281 0.332031
vt 0.589844 0.652344
vt 0.521484 0.404297
vt 0.519531 0.646484
vt 0.375000 0.326172
vt 0.294922 0.472656
vt 0.363281 0.326172
vt 0.589844 0.646484
vt 0.294922 0.402344
vt 0.369141 0.332031
vt 0.519531 0.646484
vt 0.527344 0.404297
vt 0.369141 0.332031
vt 0.589844 0.646484
vt 0.527344 0.474609
vt 0.369141 0.326172
vt 0.519531 0.640625
vt 0.300781 0.402344
vt 0.369141 0.326172
vt 0.589844 0.640625
vt 0.300781 0.472656
vt 0.095703 0.392578
vt 0.156250 0.392578
vt 0.230469 0.392578
vt 0.083984 0.392578
vt 0.107422 0.392578
vt 0.230469 0.380859
vt 0.095703 0.380859
vt 0.156250 0.380859
vt 0.242188 0.392578
vt 0.083984 0.380859
vt 0.107422 0.380859
vt 0.242188 0.380859
vt 0.095703 0.392578
vt 0.218750 0.392578
vt 0.242188 0.380859
vt 0.144531 0.392578
vt 0.230469 0.392578
vt 0.242188 0.392578
vt 0.095703 0.380859
vt 0.218750 0.380859
vt 0.253906 0.380859
vt 0.144531 0.380859
vt 0.230469 0.380859
vt 0.253906 0.392578
vt 0.648438 0.347656
vt 0.128906 0.541016
vt 0.556641 0.976562
vt 0.218750 0.546875
vt 0.652344 0.347656
vt 0.556641 0.972656
vt 0.648438 0.330078
vt 0.128906 0.523438
vt 0.556641 0.972656
vt 0.218750 0.529297
vt 0.652344 0.330078
vt 0.556641 0.968750
vt 0.283203 0.546875
vt 0.652344 0.347656
vt 0.621094 0.972656
vt 0.064453 0.541016
vt 0.656250 0.347656
vt 0.621094 0.976562
vt 0.283203 0.529297
vt 0.652344 0.330078
vt 0.621094 0.968750
vt 0.064453 0.523438
vt 0.656250 0.330078
vt 0.621094 0.972656
vt 0.060547 0.345703
vt 0.046875 0.539062
vt 0.599609 0.667969
vt 0.458984 0.785156
vt 0.064453 0.345703
vt 0.599609 0.664062
vt 0.060547 0.328125
vt 0.046875 0.521484
vt 0.599609 0.625000
vt 0.458984 0.767578
vt 0.064453 0.328125
vt 0.599609 0.621094
vt 0.505859 0.785156
vt 0.064453 0.345703
vt 0.646484 0.664062
vt 0.000000 0.539062
vt 0.068359 0.345703
vt 0.646484 0.667969
vt 0.505859 0.767578
vt 0.064453 0.328125
vt 0.646484 0.621094
vt 0.000000 0.521484
vt 0.068359 0.328125
vt 0.646484 0.625000
vt 0.652344 0.570312
vt 0.572266 0.675781
vt 0.486328 0.636719
vt 0.486328 0.683594
vt 0.660156 0.570312
vt 0.486328 0.628906
vt 0.652344 0.562500
vt 0.572266 0.667969
vt 0.486328 0.628906
vt 0.486328 0.675781
vt 0.660156 0.562500
vt 0.486328 0.621094
vt 0.572266 0.683594
vt 0.652344 0.535156
vt 0.572266 0.628906
vt 0.486328 0.675781
vt 0.660156 0.535156
vt 0.572266 0.636719
vt 0.572266 0.675781
vt 0.652344 0.527344
vt 0.572266 0.621094
vt 0.486328 0.667969
vt 0.660156 0.527344
vt 0.572266 0.628906
vt 0.660156 0.712891
vt 0.679688 0.533203
vt 0.035156 0.474609
vt 0.660156 0.535156
vt 0.681641 0.712891
vt 0.035156 0.453125
vt 0.660156 0.710938
vt 0.679688 0.531250
vt 0.173828 0.474609
vt 0.660156 0.533203
vt 0.681641 0.710938
vt 0.173828 0.453125
vt 0.679688 0.535156
vt 0.660156 0.710938
vt 0.054688 0.453125
vt 0.660156 0.533203
vt 0.681641 0.710938
vt 0.054688 0.474609
vt 0.679688 0.533203
vt 0.660156 0.708984
vt 0.193359 0.453125
vt 0.660156 0.531250
vt 0.681641 0.708984
vt 0.193359 0.474609
vt 0.660156 0.755859
vt 0.681641 0.460938
vt 0.480469 0.447266
vt 0.669922 0.462891
vt 0.681641 0.755859
vt 0.480469 0.425781
vt 0.660156 0.753906
vt 0.681641 0.458984
vt 0.421875 0.443359
vt 0.669922 0.460938
vt 0.681641 0.753906
vt 0.421875 0.421875
vt 0.681641 0.462891
vt 0.660156 0.753906
vt 0.492188 0.425781
vt 0.669922 0.460938
vt 0.681641 0.753906
vt 0.492188 0.447266
vt 0.681641 0.460938
vt 0.660156 0.751953
vt 0.433594 0.421875
vt 0.669922 0.458984
vt 0.681641 0.751953
vt 0.433594 0.443359
vt 0.025391 0.439453
vt 0.568359 0.714844
vt 0.529297 0.705078
vt 0.085938 0.621094
vt 0.035156 0.439453
vt 0.529297 0.695312
vt 0.025391 0.429688
vt 0.568359 0.705078
vt 0.529297 0.695312
vt 0.085938 0.611328
vt 0.035156 0.429688
vt 0.529297 0.685547
vt 0.125000 0.621094
vt 0.101562 0.353516
vt 0.568359 0.695312
vt 0.529297 0.714844
vt 0.111328 0.353516
vt 0.568359 0.705078
vt 0.125000 0.611328
vt 0.101562 0.343750
vt 0.568359 0.685547
vt 0.529297 0.705078
vt 0.111328 0.343750
vt 0.568359 0.695312
vt 0.427734 0.404297
vt 0.613281 0.708984
vt 0.546875 0.466797
vt 0.595703 0.720703
vt 0.443359 0.404297
vt 0.546875 0.451172
vt 0.427734 0.392578
vt 0.613281 0.697266
vt 0.548828 0.621094
vt 0.595703 0.708984
vt 0.443359 0.392578
vt 0.548828 0.605469
vt 0.613281 0.720703
vt 0.599609 0.636719
vt 0.564453 0.451172
vt 0.595703 0.708984
vt 0.615234 0.636719
vt 0.564453 0.466797
vt 0.613281 0.708984
vt 0.599609 0.625000
vt 0.566406 0.605469
vt 0.595703 0.697266
vt 0.615234 0.625000
vt 0.566406 0.621094
vt 0.546875 0.451172
vt 0.230469 0.449219
vt 0.013672 0.421875
vt 0.000000 0.451172
vt 0.558594 0.451172
vt 0.013672 0.410156
vt 0.546875 0.427734
vt 0.230469 0.425781
vt 0.060547 0.419922
vt 0.000000 0.427734
vt 0.558594 0.427734
vt 0.060547 0.408203
vt 0.011719 0.451172
vt 0.136719 0.447266
vt 0.025391 0.410156
vt 0.218750 0.449219
vt 0.148438 0.447266
vt 0.025391 0.421875
vt 0.011719 0.427734
vt 0.136719 0.423828
vt 0.072266 0.408203
vt 0.218750 0.425781
vt 0.148438 0.423828
vt 0.072266 0.419922
vt 0.464844 0.492188
vt 0.144531 0.541016
vt 0.128906 0.390625
vt 0.283203 0.546875
vt 0.472656 0.492188
vt 0.128906 0.382812
vt 0.464844 0.427734
vt 0.144531 0.476562
vt 0.287109 0.378906
vt 0.283203 0.482422
vt 0.472656 0.427734
vt 0.287109 0.371094
vt 0.298828 0.546875
vt 0.472656 0.492188
vt 0.144531 0.382812
vt 0.128906 0.541016
vt 0.480469 0.492188
vt 0.144531 0.390625
vt 0.298828 0.482422
vt 0.472656 0.427734
vt 0.302734 0.371094
vt 0.128906 0.476562
vt 0.480469 0.427734
vt 0.302734 0.378906
vt 0.240234 0.345703
vt 0.498047 0.521484
vt 0.654297 0.560547
vt 0.447266 0.521484
vt 0.242188 0.345703
vt 0.654297 0.558594
vt 0.240234 0.316406
vt 0.498047 0.492188
vt 0.654297 0.558594
vt 0.447266 0.492188
vt 0.242188 0.316406
vt 0.654297 0.556641
vt 0.472656 0.521484
vt 0.242188 0.345703
vt 0.679688 0.558594
vt 0.472656 0.521484
vt 0.244141 0.345703
vt 0.679688 0.560547
vt 0.472656 0.492188
vt 0.242188 0.316406
vt 0.679688 0.556641
vt 0.472656 0.492188
vt 0.244141 0.316406
vt 0.679688 0.558594
vt 0.437500 0.328125
vt 0.470703 0.328125
vt 0.359375 0.326172
vt 0.435547 0.328125
vt 0.439453 0.328125
vt 0.359375 0.324219
vt 0.437500 0.322266
vt 0.470703 0.322266
vt 0.361328 0.326172
vt 0.435547 0.322266
vt 0.439453 0.322266
vt 0.361328 0.324219
vt 0.437500 0.328125
vt 0.470703 0.328125
vt 0.361328 0.324219
vt 0.468750 0.328125
vt 0.472656 0.328125
vt 0.361328 0.326172
vt 0.437500 0.322266
vt 0.470703 0.322266
vt 0.363281 0.324219
vt 0.468750 0.322266
vt 0.472656 0.322266
vt 0.363281 0.326172
vt 0.107422 0.343750
vt 0.111328 0.343750
vt 0.363281 0.326172
vt 0.105469 0.343750
vt 0.109375 0.343750
vt 0.363281 0.324219
vt 0.107422 0.322266
vt 0.111328 0.322266
vt 0.365234 0.326172
vt 0.105469 0.322266
vt 0.109375 0.322266
vt 0.365234 0.324219
vt 0.107422 0.343750
vt 0.128906 0.343750
vt 0.365234 0.324219
vt 0.109375 0.343750
vt 0.130859 0.343750
vt 0.365234 0.326172
vt 0.107422 0.322266
vt 0.128906 0.322266
vt 0.367188 0.324219
vt 0.109375 0.322266
vt 0.130859 0.322266
vt 0.367188 0.326172
vt 0.326172 0.587891
vt 0.125000 0.523438
vt 0.099609 0.458984
vt 0.269531 0.529297
vt 0.343750 0.587891
vt 0.099609 0.441406
vt 0.326172 0.501953
vt 0.125000 0.437500
vt 0.433594 0.421875
vt 0.269531 0.443359
vt 0.343750 0.501953
vt 0.433594 0.404297
vt 0.277344 0.529297
vt 0.343750 0.587891
vt 0.107422 0.441406
vt 0.117188 0.523438
vt 0.361328 0.587891
vt 0.107422 0.458984
vt 0.277344 0.443359
vt 0.343750 0.501953
vt 0.441406 0.404297
vt 0.117188 0.437500
vt 0.361328 0.501953
vt 0.441406 0.421875
vt 0.511719 0.687500
vt 0.677734 0.625000
vt 0.416016 0.439453
vt 0.671875 0.648438
vt 0.529297 0.687500
vt 0.416016 0.421875
vt 0.511719 0.685547
vt 0.677734 0.623047
vt 0.328125 0.375000
vt 0.671875 0.646484
vt 0.529297 0.685547
vt 0.328125 0.357422
vt 0.677734 0.648438
vt 0.613281 0.472656
vt 0.421875 0.421875
vt 0.671875 0.625000
vt 0.630859 0.472656
vt 0.421875 0.439453
vt 0.677734 0.646484
vt 0.613281 0.470703
vt 0.333984 0.357422
vt 0.671875 0.623047
vt 0.630859 0.470703
vt 0.333984 0.375000
vt 0.662109 0.578125
vt 0.359375 0.326172
vt 0.410156 0.335938
vt 0.673828 0.650391
vt 0.679688 0.578125
vt 0.410156 0.318359
vt 0.662109 0.576172
vt 0.359375 0.324219
vt 0.576172 0.333984
vt 0.673828 0.648438
vt 0.679688 0.576172
vt 0.576172 0.316406
vt 0.675781 0.650391
vt 0.664062 0.701172
vt 0.412109 0.318359
vt 0.357422 0.326172
vt 0.681641 0.701172
vt 0.412109 0.335938
vt 0.675781 0.648438
vt 0.664062 0.699219
vt 0.578125 0.316406
vt 0.357422 0.324219
vt 0.681641 0.699219
vt 0.578125 0.333984
vt 0.101562 0.394531
vt 0.675781 0.716797
vt 0.304688 0.328125
vt 0.673828 0.718750
vt 0.107422 0.394531
vt 0.304688 0.322266
vt 0.101562 0.392578
vt 0.675781 0.714844
vt 0.306641 0.328125
vt 0.673828 0.716797
vt 0.107422 0.392578
vt 0.306641 0.322266
vt 0.675781 0.718750
vt 0.607422 0.734375
vt 0.306641 0.322266
vt 0.673828 0.716797
vt 0.613281 0.734375
vt 0.306641 0.328125
vt 0.675781 0.716797
vt 0.607422 0.732422
vt 0.308594 0.322266
vt 0.673828 0.714844
vt 0.613281 0.732422
vt 0.308594 0.328125
vt 0.566406 0.919922
vt 0.316406 0.447266
vt 0.310547 0.347656
vt 0.322266 0.509766
vt 0.585938 0.919922
vt 0.310547 0.328125
vt 0.566406 0.912109
vt 0.316406 0.439453
vt 0.314453 0.347656
vt 0.322266 0.501953
vt 0.585938 0.912109
vt 0.314453 0.328125
vt 0.326172 0.509766
vt 0.601562 0.953125
vt 0.314453 0.328125
vt 0.312500 0.447266
vt 0.621094 0.953125
vt 0.314453 0.347656
vt 0.326172 0.501953
vt 0.601562 0.945312
vt 0.318359 0.328125
vt 0.312500 0.439453
vt 0.621094 0.945312
vt 0.318359 0.347656
vt 0.515625 0.404297
vt 0.589844 0.695312
vt 0.515625 0.880859
vt 0.566406 0.619141
vt 0.535156 0.404297
vt 0.515625 0.861328
vt 0.515625 0.394531
vt 0.589844 0.685547
vt 0.064453 0.478516
vt 0.566406 0.609375
vt 0.535156 0.394531
vt 0.064453 0.458984
vt 0.587891 0.619141
vt 0.595703 0.402344
vt 0.537109 0.861328
vt 0.568359 0.695312
vt 0.615234 0.402344
vt 0.537109 0.880859
vt 0.587891 0.609375
vt 0.595703 0.392578
vt 0.085938 0.458984
vt 0.568359 0.685547
vt 0.615234 0.392578
vt 0.085938 0.478516
vt 0.107422 0.408203
vt 0.521484 0.593750
vt 0.521484 0.572266
vt 0.396484 0.500000
vt 0.113281 0.408203
vt 0.521484 0.566406
vt 0.107422 0.380859
vt 0.521484 0.566406
vt 0.613281 0.703125
vt 0.396484 0.472656
vt 0.113281 0.380859
vt 0.613281 0.697266
vt 0.417969 0.500000
vt 0.341797 0.408203
vt 0.542969 0.566406
vt 0.500000 0.593750
vt 0.347656 0.408203
vt 0.542969 0.572266
vt 0.417969 0.472656
vt 0.341797 0.380859
vt 0.634766 0.697266
vt 0.500000 0.566406
vt 0.347656 0.380859
vt 0.634766 0.703125
vt 0.533203 0.912109
vt 0.666016 0.646484
vt 0.082031 0.523438
vt 0.642578 0.476562
vt 0.578125 0.912109
vt 0.082031 0.478516
vt 0.533203 0.906250
vt 0.666016 0.640625
vt 0.099609 0.523438
vt 0.642578 0.470703
vt 0.578125 0.906250
vt 0.099609 0.478516
vt 0.660156 0.476562
vt 0.541016 0.808594
vt 0.099609 0.478516
vt 0.648438 0.646484
vt 0.585938 0.808594
vt 0.099609 0.523438
vt 0.660156 0.470703
vt 0.541016 0.802734
vt 0.117188 0.478516
vt 0.648438 0.640625
vt 0.585938 0.802734
vt 0.117188 0.523438
vt 0.347656 0.501953
vt 0.322266 0.541016
vt 0.281250 0.361328
vt 0.298828 0.541016
vt 0.355469 0.501953
vt 0.281250 0.353516
vt 0.347656 0.433594
vt 0.322266 0.472656
vt 0.535156 0.349609
vt 0.298828 0.472656
vt 0.355469 0.433594
vt 0.535156 0.341797
vt 0.310547 0.541016
vt 0.457031 0.492188
vt 0.292969 0.353516
vt 0.310547 0.541016
vt 0.464844 0.492188
vt 0.292969 0.361328
vt 0.310547 0.472656
vt 0.457031 0.423828
vt 0.546875 0.341797
vt 0.310547 0.472656
vt 0.464844 0.423828
vt 0.546875 0.349609
vt 0.218750 0.564453
vt 0.521484 0.474609
vt 0.599609 0.683594
vt 0.525391 0.621094
vt 0.226562 0.564453
vt 0.599609 0.675781
vt 0.218750 0.546875
vt 0.521484 0.457031
vt 0.599609 0.675781
vt 0.525391 0.603516
vt 0.226562 0.546875
vt 0.599609 0.667969
vt 0.548828 0.621094
vt 0.064453 0.558594
vt 0.623047 0.675781
vt 0.498047 0.474609
vt 0.072266 0.558594
vt 0.623047 0.683594
vt 0.548828 0.603516
vt 0.064453 0.541016
vt 0.623047 0.667969
vt 0.498047 0.457031
vt 0.072266 0.541016
vt 0.623047 0.675781
vt 0.433594 0.443359
vt 0.550781 0.957031
vt 0.595703 0.732422
vt 0.218750 0.470703
vt 0.445312 0.443359
vt 0.595703 0.720703
vt 0.433594 0.421875
vt 0.550781 0.935547
vt 0.269531 0.404297
vt 0.218750 0.449219
vt 0.445312 0.421875
vt 0.269531 0.392578
vt 0.236328 0.470703
vt 0.060547 0.441406
vt 0.613281 0.720703
vt 0.533203 0.957031
vt 0.072266 0.441406
vt 0.613281 0.732422
vt 0.236328 0.449219
vt 0.060547 0.419922
vt 0.287109 0.392578
vt 0.533203 0.935547
vt 0.072266 0.419922
vt 0.287109 0.404297
vt 0.558594 0.937500
vt 0.087891 0.441406
vt 0.230469 0.441406
vt 0.556641 0.880859
vt 0.574219 0.937500
vt 0.230469 0.425781
vt 0.558594 0.921875
vt 0.087891 0.425781
vt 0.246094 0.441406
vt 0.556641 0.865234
vt 0.574219 0.921875
vt 0.246094 0.425781
vt 0.572266 0.880859
vt 0.087891 0.441406
vt 0.246094 0.425781
vt 0.072266 0.441406
vt 0.103516 0.441406
vt 0.246094 0.441406
vt 0.572266 0.865234
vt 0.087891 0.425781
vt 0.261719 0.425781
vt 0.072266 0.425781
vt 0.103516 0.425781
vt 0.261719 0.441406
vt 0.652344 0.851562
vt 0.677734 0.562500
vt 0.460938 0.548828
vt 0.568359 0.666016
vt 0.679688 0.851562
vt 0.460938 0.521484
vt 0.652344 0.849609
vt 0.677734 0.560547
vt 0.464844 0.617188
vt 0.568359 0.664062
vt 0.679688 0.849609
vt 0.464844 0.589844
vt 0.597656 0.666016
vt 0.652344 0.820312
vt 0.490234 0.521484
vt 0.648438 0.562500
vt 0.679688 0.820312
vt 0.490234 0.548828
vt 0.597656 0.664062
vt 0.652344 0.818359
vt 0.494141 0.589844
vt 0.648438 0.560547
vt 0.679688 0.818359
vt 0.494141 0.617188
vt 0.548828 0.382812
vt 0.296875 0.345703
vt 0.673828 0.976562
vt 0.292969 0.345703
vt 0.552734 0.382812
vt 0.673828 0.972656
vt 0.548828 0.357422
vt 0.296875 0.320312
vt 0.042969 0.326172
vt 0.292969 0.320312
vt 0.552734 0.357422
vt 0.042969 0.322266
vt 0.294922 0.345703
vt 0.181641 0.371094
vt 0.675781 0.972656
vt 0.294922 0.345703
vt 0.185547 0.371094
vt 0.675781 0.976562
vt 0.294922 0.320312
vt 0.181641 0.345703
vt 0.044922 0.322266
vt 0.294922 0.320312
vt 0.185547 0.345703
vt 0.044922 0.326172
vt 0.625000 0.736328
vt 0.574219 0.921875
vt 0.578125 0.912109
vt 0.550781 0.937500
vt 0.630859 0.736328
vt 0.578125 0.906250
vt 0.625000 0.734375
vt 0.574219 0.919922
vt 0.626953 0.871094
vt 0.550781 0.935547
vt 0.630859 0.734375
vt 0.626953 0.865234
vt 0.558594 0.937500
vt 0.419922 0.375000
vt 0.585938 0.906250
vt 0.566406 0.921875
vt 0.425781 0.375000
vt 0.585938 0.912109
vt 0.558594 0.935547
vt 0.419922 0.373047
vt 0.634766 0.865234
vt 0.566406 0.919922
vt 0.425781 0.373047
vt 0.634766 0.871094
vt 0.671875 0.341797
vt 0.681641 0.539062
vt 0.308594 0.851562
vt 0.599609 0.541016
vt 0.675781 0.341797
vt 0.308594 0.847656
vt 0.671875 0.339844
vt 0.681641 0.537109
vt 0.486328 0.667969
vt 0.599609 0.539062
vt 0.675781 0.339844
vt 0.486328 0.664062
vt 0.681641 0.541016
vt 0.673828 0.935547
vt 0.390625 0.847656
vt 0.599609 0.539062
vt 0.677734 0.935547
vt 0.390625 0.851562
vt 0.681641 0.539062
vt 0.673828 0.933594
vt 0.568359 0.664062
vt 0.599609 0.537109
vt 0.677734 0.933594
vt 0.568359 0.667969
vt 0.082031 0.597656
vt 0.542969 0.566406
vt 0.599609 0.552734
vt 0.078125 0.679688
vt 0.085938 0.597656
vt 0.599609 0.548828
vt 0.082031 0.583984
vt 0.542969 0.552734
vt 0.599609 0.548828
vt 0.078125 0.666016
vt 0.085938 0.583984
vt 0.599609 0.544922
vt 0.121094 0.679688
vt 0.125000 0.492188
vt 0.642578 0.548828
vt 0.500000 0.566406
vt 0.128906 0.492188
vt 0.642578 0.552734
vt 0.121094 0.666016
vt 0.125000 0.478516
vt 0.642578 0.544922
vt 0.500000 0.552734
vt 0.128906 0.478516
vt 0.642578 0.548828
vt 0.673828 0.667969
vt 0.675781 0.666016
vt 0.673828 0.662109
vt 0.673828 0.669922
vt 0.675781 0.667969
vt 0.673828 0.660156
vt 0.673828 0.666016
vt 0.675781 0.664062
vt 0.673828 0.660156
vt 0.673828 0.667969
vt 0.675781 0.666016
vt 0.673828 0.658203
vt 0.675781 0.669922
vt 0.673828 0.664062
vt 0.675781 0.660156
vt 0.673828 0.666016
vt 0.675781 0.664062
vt 0.675781 0.662109
vt 0.675781 0.667969
vt 0.673828 0.662109
vt 0.675781 0.658203
vt 0.673828 0.664062
vt 0.675781 0.662109
vt 0.675781 0.660156
vt 0.484375 0.328125
vt 0.363281 0.332031
vt 0.671875 0.515625
vt 0.667969 0.683594
vt 0.486328 0.328125
vt 0.671875 0.513672
vt 0.484375 0.322266
vt 0.363281 0.326172
vt 0.671875 0.513672
vt 0.667969 0.677734
vt 0.486328 0.322266
vt 0.671875 0.511719
vt 0.673828 0.683594
vt 0.486328 0.328125
vt 0.677734 0.513672
vt 0.357422 0.332031
vt 0.488281 0.328125
vt 0.677734 0.515625
vt 0.673828 0.677734
vt 0.486328 0.322266
vt 0.677734 0.511719
vt 0.357422 0.326172
vt 0.488281 0.322266
vt 0.677734 0.513672
vt 0.191406 0.326172
vt 0.658203 0.673828
vt 0.652344 0.818359
vt 0.630859 0.888672
vt 0.193359 0.326172
vt 0.652344 0.816406
vt 0.191406 0.322266
vt 0.658203 0.669922
vt 0.652344 0.607422
vt 0.630859 0.884766
vt 0.193359 0.322266
vt 0.652344 0.605469
vt 0.658203 0.888672
vt 0.673828 0.808594
vt 0.679688 0.816406
vt 0.630859 0.673828
vt 0.675781 0.808594
vt 0.679688 0.818359
vt 0.658203 0.884766
vt 0.673828 0.804688
vt 0.679688 0.605469
vt 0.630859 0.669922
vt 0.675781 0.804688
vt 0.679688 0.607422
vt 0.587891 0.968750
vt 0.570312 0.464844
vt 0.187500 0.523438
vt 0.541016 0.441406
vt 0.605469 0.968750
vt 0.187500 0.505859
vt 0.587891 0.957031
vt 0.570312 0.453125
vt 0.355469 0.501953
vt 0.541016 0.429688
vt 0.605469 0.957031
vt 0.355469 0.484375
vt 0.546875 0.441406
vt 0.587891 0.619141
vt 0.193359 0.505859
vt 0.564453 0.464844
vt 0.605469 0.619141
vt 0.193359 0.523438
vt 0.546875 0.429688
vt 0.587891 0.607422
vt 0.361328 0.484375
vt 0.564453 0.453125
vt 0.605469 0.607422
vt 0.361328 0.501953
vt 0.656250 0.332031
vt 0.664062 0.332031
vt 0.472656 0.359375
vt 0.667969 0.347656
vt 0.660156 0.332031
vt 0.472656 0.355469
vt 0.656250 0.324219
vt 0.664062 0.324219
vt 0.669922 0.351562
vt 0.667969 0.339844
vt 0.660156 0.324219
vt 0.669922 0.347656
vt 0.671875 0.347656
vt 0.664062 0.332031
vt 0.476562 0.355469
vt 0.660156 0.332031
vt 0.667969 0.332031
vt 0.476562 0.359375
vt 0.671875 0.339844
vt 0.664062 0.324219
vt 0.673828 0.347656
vt 0.660156 0.324219
vt 0.667969 0.324219
vt 0.673828 0.351562
vt 0.406250 0.332031
vt 0.068359 0.328125
vt 0.123047 0.326172
vt 0.671875 0.935547
vt 0.410156 0.332031
vt 0.123047 0.322266
vt 0.406250 0.324219
vt 0.068359 0.320312
vt 0.673828 0.861328
vt 0.671875 0.927734
vt 0.410156 0.324219
vt 0.673828 0.857422
vt 0.673828 0.935547
vt 0.464844 0.332031
vt 0.125000 0.322266
vt 0.066406 0.328125
vt 0.468750 0.332031
vt 0.125000 0.326172
vt 0.673828 0.927734
vt 0.464844 0.324219
vt 0.675781 0.857422
vt 0.066406 0.320312
vt 0.468750 0.324219
vt 0.675781 0.861328
vt 0.230469 0.449219
vt 0.636719 0.402344
vt 0.642578 0.712891
vt 0.152344 0.380859
vt 0.236328 0.449219
vt 0.642578 0.707031
vt 0.230469 0.441406
vt 0.636719 0.394531
vt 0.376953 0.330078
vt 0.152344 0.373047
vt 0.236328 0.441406
vt 0.376953 0.324219
vt 0.156250 0.380859
vt 0.314453 0.373047
vt 0.646484 0.707031
vt 0.632812 0.402344
vt 0.320312 0.373047
vt 0.646484 0.712891
vt 0.156250 0.373047
vt 0.314453 0.365234
vt 0.380859 0.324219
vt 0.632812 0.394531
vt 0.320312 0.365234
vt 0.380859 0.330078
vt 0.589844 0.695312
vt 0.144531 0.455078
vt 0.046875 0.453125
vt 0.439453 0.500000
vt 0.615234 0.695312
vt 0.046875 0.427734
vt 0.589844 0.687500
vt 0.144531 0.447266
vt 0.283203 0.439453
vt 0.439453 0.492188
vt 0.615234 0.687500
vt 0.283203 0.414062
vt 0.447266 0.500000
vt 0.591797 0.488281
vt 0.054688 0.427734
vt 0.136719 0.455078
vt 0.617188 0.488281
vt 0.054688 0.453125
vt 0.447266 0.492188
vt 0.591797 0.480469
vt 0.291016 0.414062
vt 0.136719 0.447266
vt 0.617188 0.480469
vt 0.291016 0.439453
vt 0.472656 0.748047
vt 0.294922 0.457031
vt 0.000000 0.521484
vt 0.480469 0.464844
vt 0.515625 0.748047
vt 0.000000 0.478516
vt 0.472656 0.730469
vt 0.294922 0.439453
vt 0.017578 0.521484
vt 0.480469 0.447266
vt 0.515625 0.730469
vt 0.017578 0.478516
vt 0.498047 0.464844
vt 0.144531 0.523438
vt 0.017578 0.478516
vt 0.277344 0.457031
vt 0.187500 0.523438
vt 0.017578 0.521484
vt 0.498047 0.447266
vt 0.144531 0.505859
vt 0.035156 0.478516
vt 0.277344 0.439453
vt 0.187500 0.505859
vt 0.035156 0.521484
vt 0.306641 0.714844
vt 0.574219 0.353516
vt 0.195312 0.564453
vt 0.296875 0.353516
vt 0.511719 0.714844
vt 0.195312 0.359375
vt 0.306641 0.699219
vt 0.574219 0.337891
vt 0.201172 0.564453
vt 0.296875 0.337891
vt 0.511719 0.699219
vt 0.201172 0.359375
vt 0.302734 0.353516
vt 0.306641 0.699219
vt 0.201172 0.359375
vt 0.568359 0.353516
vt 0.511719 0.699219
vt 0.201172 0.564453
vt 0.302734 0.337891
vt 0.306641 0.683594
vt 0.207031 0.359375
vt 0.568359 0.337891
vt 0.511719 0.683594
vt 0.207031 0.564453
vt 0.673828 0.681641
vt 0.322266 0.326172
vt 0.673828 0.683594
vt 0.675781 0.681641
vt 0.322266 0.324219
vt 0.673828 0.679688
vt 0.322266 0.324219
vt 0.324219 0.326172
vt 0.673828 0.681641
vt 0.675781 0.679688
vt 0.324219 0.324219
vt 0.675781 0.683594
vt 0.673828 0.679688
vt 0.324219 0.324219
vt 0.320312 0.326172
vt 0.675781 0.679688
vt 0.324219 0.326172
vt 0.675781 0.681641
vt 0.673828 0.677734
vt 0.326172 0.324219
vt 0.320312 0.324219
vt 0.675781 0.677734
vt 0.326172 0.326172
vt 0.673828 0.929688
vt 0.681641 0.468750
vt 0.500000 0.552734
vt 0.599609 0.537109
vt 0.677734 0.929688
vt 0.500000 0.548828
vt 0.673828 0.927734
vt 0.681641 0.466797
vt 0.505859 0.771484
vt 0.599609 0.535156
vt 0.677734 0.927734
vt 0.505859 0.767578
vt 0.681641 0.537109
vt 0.673828 0.882812
vt 0.582031 0.548828
vt 0.599609 0.468750
vt 0.677734 0.882812
vt 0.582031 0.552734
vt 0.681641 0.535156
vt 0.673828 0.880859
vt 0.587891 0.767578
vt 0.599609 0.466797
vt 0.677734 0.880859
vt 0.587891 0.771484
vt 0.228516 0.345703
vt 0.183594 0.453125
vt 0.025391 0.429688
vt 0.447266 0.460938
vt 0.230469 0.345703
vt 0.025391 0.427734
vt 0.228516 0.316406
vt 0.183594 0.423828
vt 0.378906 0.423828
vt 0.447266 0.431641
vt 0.230469 0.316406
vt 0.378906 0.421875
vt 0.457031 0.460938
vt 0.230469 0.345703
vt 0.035156 0.427734
vt 0.173828 0.453125
vt 0.232422 0.345703
vt 0.035156 0.429688
vt 0.457031 0.431641
vt 0.230469 0.316406
vt 0.388672 0.421875
vt 0.173828 0.423828
vt 0.232422 0.316406
vt 0.388672 0.423828
vt 0.671875 0.589844
vt 0.673828 0.583984
vt 0.673828 0.689453
vt 0.671875 0.654297
vt 0.673828 0.589844
vt 0.673828 0.687500
vt 0.671875 0.583984
vt 0.673828 0.578125
vt 0.673828 0.687500
vt 0.671875 0.648438
vt 0.673828 0.583984
vt 0.673828 0.685547
vt 0.673828 0.654297
vt 0.427734 0.328125
vt 0.675781 0.687500
vt 0.671875 0.583984
vt 0.429688 0.328125
vt 0.675781 0.689453
vt 0.673828 0.648438
vt 0.427734 0.322266
vt 0.675781 0.685547
vt 0.671875 0.578125
vt 0.429688 0.322266
vt 0.675781 0.687500
vt 0.632812 0.345703
vt 0.636719 0.345703
vt 0.673828 0.693359
vt 0.630859 0.345703
vt 0.634766 0.345703
vt 0.673828 0.691406
vt 0.632812 0.324219
vt 0.636719 0.324219
vt 0.673828 0.691406
vt 0.630859 0.324219
vt 0.634766 0.324219
vt 0.673828 0.689453
vt 0.632812 0.345703
vt 0.048828 0.343750
vt 0.675781 0.691406
vt 0.634766 0.345703
vt 0.050781 0.343750
vt 0.675781 0.693359
vt 0.632812 0.324219
vt 0.048828 0.322266
vt 0.675781 0.689453
vt 0.634766 0.324219
vt 0.050781 0.322266
vt 0.675781 0.691406
vt 0.527344 0.496094
vt 0.500000 0.568359
vt 0.000000 0.558594
vt 0.435547 0.587891
vt 0.546875 0.496094
vt 0.000000 0.539062
vt 0.527344 0.476562
vt 0.500000 0.548828
vt 0.445312 0.898438
vt 0.435547 0.568359
vt 0.546875 0.476562
vt 0.445312 0.878906
vt 0.500000 0.587891
vt 0.527344 0.476562
vt 0.064453 0.539062
vt 0.435547 0.568359
vt 0.546875 0.476562
vt 0.064453 0.558594
vt 0.500000 0.568359
vt 0.527344 0.457031
vt 0.509766 0.878906
vt 0.435547 0.548828
vt 0.546875 0.457031
vt 0.509766 0.898438
vt 0.654297 0.773438
vt 0.681641 0.457031
vt 0.035156 0.521484
vt 0.669922 0.458984
vt 0.679688 0.773438
vt 0.035156 0.496094
vt 0.654297 0.771484
vt 0.681641 0.455078
vt 0.125000 0.455078
vt 0.669922 0.457031
vt 0.679688 0.771484
vt 0.125000 0.429688
vt 0.681641 0.458984
vt 0.654297 0.771484
vt 0.046875 0.496094
vt 0.669922 0.457031
vt 0.679688 0.771484
vt 0.046875 0.521484
vt 0.681641 0.457031
vt 0.654297 0.769531
vt 0.136719 0.429688
vt 0.669922 0.455078
vt 0.679688 0.769531
vt 0.136719 0.455078
vt 0.660156 0.751953
vt 0.679688 0.699219
vt 0.015625 0.478516
vt 0.537109 0.970703
vt 0.681641 0.751953
vt 0.015625 0.457031
vt 0.660156 0.750000
vt 0.679688 0.697266
vt 0.322266 0.478516
vt 0.537109 0.968750
vt 0.681641 0.750000
vt 0.322266 0.457031
vt 0.556641 0.970703
vt 0.660156 0.750000
vt 0.035156 0.457031
vt 0.660156 0.699219
vt 0.681641 0.750000
vt 0.035156 0.478516
vt 0.556641 0.968750
vt 0.660156 0.748047
vt 0.341797 0.457031
vt 0.660156 0.697266
vt 0.681641 0.748047
vt 0.341797 0.478516
vt 0.640625 0.347656
vt 0.460938 0.548828
vt 0.552734 0.787109
vt 0.451172 0.878906
vt 0.644531 0.347656
vt 0.552734 0.783203
vt 0.640625 0.330078
vt 0.460938 0.531250
vt 0.556641 0.980469
vt 0.451172 0.861328
vt 0.644531 0.330078
vt 0.556641 0.976562
vt 0.515625 0.878906
vt 0.644531 0.347656
vt 0.617188 0.783203
vt 0.396484 0.548828
vt 0.648438 0.347656
vt 0.617188 0.787109
vt 0.515625 0.861328
vt 0.644531 0.330078
vt 0.621094 0.976562
vt 0.396484 0.531250
vt 0.648438 0.330078
vt 0.621094 0.980469
vt 0.671875 0.669922
vt 0.224609 0.332031
vt 0.671875 0.658203
vt 0.212891 0.332031
vt 0.673828 0.669922
vt 0.671875 0.656250
vt 0.671875 0.664062
vt 0.224609 0.326172
vt 0.671875 0.656250
vt 0.212891 0.326172
vt 0.673828 0.664062
vt 0.671875 0.654297
vt 0.218750 0.332031
vt 0.671875 0.664062
vt 0.677734 0.656250
vt 0.218750 0.332031
vt 0.673828 0.664062
vt 0.677734 0.658203
vt 0.218750 0.326172
vt 0.671875 0.658203
vt 0.677734 0.654297
vt 0.218750 0.326172
vt 0.673828 0.658203
vt 0.677734 0.656250
vt 0.226562 0.564453
vt 0.505859 0.802734
vt 0.589844 0.984375
vt 0.144531 0.541016
vt 0.230469 0.564453
vt 0.589844 0.980469
vt 0.226562 0.546875
vt 0.505859 0.785156
vt 0.599609 0.796875
vt 0.144531 0.523438
vt 0.230469 0.546875
vt 0.599609 0.792969
vt 0.191406 0.541016
vt 0.636719 0.347656
vt 0.636719 0.980469
vt 0.458984 0.802734
vt 0.640625 0.347656
vt 0.636719 0.984375
vt 0.191406 0.523438
vt 0.636719 0.330078
vt 0.646484 0.792969
vt 0.458984 0.785156
vt 0.640625 0.330078
vt 0.646484 0.796875
vt 0.630859 0.494141
vt 0.638672 0.871094
vt 0.638672 0.484375
vt 0.542969 0.501953
vt 0.634766 0.494141
vt 0.638672 0.480469
vt 0.630859 0.488281
vt 0.638672 0.865234
vt 0.468750 0.359375
vt 0.542969 0.496094
vt 0.634766 0.488281
vt 0.468750 0.355469
vt 0.546875 0.501953
vt 0.214844 0.359375
vt 0.642578 0.480469
vt 0.634766 0.871094
vt 0.218750 0.359375
vt 0.642578 0.484375
vt 0.546875 0.496094
vt 0.214844 0.353516
vt 0.472656 0.355469
vt 0.634766 0.865234
vt 0.218750 0.353516
vt 0.472656 0.359375
vt 0.671875 0.910156
vt 0.673828 0.904297
vt 0.648438 0.576172
vt 0.648438 0.984375
vt 0.675781 0.910156
vt 0.648438 0.572266
vt 0.671875 0.906250
vt 0.673828 0.900391
vt 0.648438 0.402344
vt 0.648438 0.980469
vt 0.675781 0.906250
vt 0.648438 0.398438
vt 0.673828 0.984375
vt 0.091797 0.328125
vt 0.673828 0.572266
vt 0.648438 0.904297
vt 0.095703 0.328125
vt 0.673828 0.576172
vt 0.673828 0.980469
vt 0.091797 0.324219
vt 0.673828 0.398438
vt 0.648438 0.900391
vt 0.095703 0.324219
vt 0.673828 0.402344
vt 0.046875 0.539062
vt 0.521484 0.457031
vt 0.558594 0.337891
vt 0.304688 0.585938
vt 0.064453 0.539062
vt 0.558594 0.320312
vt 0.046875 0.494141
vt 0.521484 0.412109
vt 0.625000 0.337891
vt 0.304688 0.541016
vt 0.064453 0.494141
vt 0.625000 0.320312
vt 0.306641 0.585938
vt 0.064453 0.523438
vt 0.560547 0.320312
vt 0.519531 0.457031
vt 0.082031 0.523438
vt 0.560547 0.337891
vt 0.306641 0.541016
vt 0.064453 0.478516
vt 0.626953 0.320312
vt 0.519531 0.412109
vt 0.082031 0.478516
vt 0.626953 0.337891
vt 0.652344 0.941406
vt 0.054688 0.394531
vt 0.605469 0.898438
vt 0.605469 0.968750
vt 0.660156 0.941406
vt 0.605469 0.890625
vt 0.652344 0.933594
vt 0.054688 0.386719
vt 0.605469 0.890625
vt 0.605469 0.960938
vt 0.660156 0.933594
vt 0.605469 0.882812
vt 0.623047 0.968750
vt 0.652344 0.933594
vt 0.623047 0.890625
vt 0.037109 0.394531
vt 0.660156 0.933594
vt 0.623047 0.898438
vt 0.623047 0.960938
vt 0.652344 0.925781
vt 0.623047 0.882812
vt 0.037109 0.386719
vt 0.660156 0.925781
vt 0.623047 0.890625
vt 0.652344 0.861328
vt 0.623047 0.503906
vt 0.605469 0.496094
vt 0.605469 0.619141
vt 0.660156 0.861328
vt 0.605469 0.488281
vt 0.652344 0.853516
vt 0.623047 0.496094
vt 0.515625 0.394531
vt 0.605469 0.611328
vt 0.660156 0.853516
vt 0.515625 0.386719
vt 0.623047 0.619141
vt 0.652344 0.781250
vt 0.623047 0.488281
vt 0.605469 0.503906
vt 0.660156 0.781250
vt 0.623047 0.496094
vt 0.623047 0.611328
vt 0.652344 0.773438
vt 0.533203 0.386719
vt 0.605469 0.496094
vt 0.660156 0.773438
vt 0.533203 0.394531
vt 0.117188 0.437500
vt 0.623047 1.000000
vt 0.605469 0.992188
vt 0.603516 0.511719
vt 0.125000 0.437500
vt 0.605469 0.984375
vt 0.117188 0.429688
vt 0.623047 0.992188
vt 0.019531 0.394531
vt 0.603516 0.503906
vt 0.125000 0.429688
vt 0.019531 0.386719
vt 0.621094 0.511719
vt 0.304688 0.363281
vt 0.623047 0.984375
vt 0.605469 1.000000
vt 0.312500 0.363281
vt 0.623047 0.992188
vt 0.621094 0.503906
vt 0.304688 0.355469
vt 0.037109 0.386719
vt 0.605469 0.992188
vt 0.312500 0.355469
vt 0.037109 0.394531
vt 0.652344 0.763672
vt 0.583984 0.945312
vt 0.552734 0.802734
vt 0.550781 0.953125
vt 0.660156 0.763672
vt 0.552734 0.794922
vt 0.652344 0.755859
vt 0.583984 0.937500
vt 0.552734 0.794922
vt 0.550781 0.945312
vt 0.660156 0.755859
vt 0.552734 0.787109
vt 0.583984 0.953125
vt 0.652344 0.755859
vt 0.585938 0.794922
vt 0.550781 0.945312
vt 0.660156 0.755859
vt 0.585938 0.802734
vt 0.583984 0.945312
vt 0.652344 0.748047
vt 0.585938 0.787109
vt 0.550781 0.937500
vt 0.660156 0.748047
vt 0.585938 0.794922
vt 0.083984 0.328125
vt 0.626953 0.837891
vt 0.619141 0.904297
vt 0.609375 0.746094
vt 0.087891 0.328125
vt 0.619141 0.900391
vt 0.083984 0.324219
vt 0.626953 0.833984
vt 0.652344 0.527344
vt 0.609375 0.742188
vt 0.087891 0.324219
vt 0.652344 0.523438
vt 0.623047 0.746094
vt 0.087891 0.328125
vt 0.632812 0.900391
vt 0.613281 0.837891
vt 0.091797 0.328125
vt 0.632812 0.904297
vt 0.623047 0.742188
vt 0.087891 0.324219
vt 0.666016 0.523438
vt 0.613281 0.833984
vt 0.091797 0.324219
vt 0.666016 0.527344
vt 0.404297 0.656250
vt 0.640625 0.611328
vt 0.236328 0.847656
vt 0.605469 0.960938
vt 0.607422 0.656250
vt 0.236328 0.644531
vt 0.404297 0.652344
vt 0.640625 0.607422
vt 0.271484 0.847656
vt 0.605469 0.957031
vt 0.607422 0.652344
vt 0.271484 0.644531
vt 0.640625 0.960938
vt 0.458984 0.767578
vt 0.271484 0.644531
vt 0.605469 0.611328
vt 0.662109 0.767578
vt 0.271484 0.847656
vt 0.640625 0.957031
vt 0.458984 0.763672
vt 0.306641 0.644531
vt 0.605469 0.607422
vt 0.662109 0.763672
vt 0.306641 0.847656
vt 0.673828 0.826172
vt 0.492188 0.621094
vt 0.472656 0.328125
vt 0.445312 0.851562
vt 0.675781 0.826172
vt 0.472656 0.326172
vt 0.673828 0.822266
vt 0.492188 0.617188
vt 0.478516 0.328125
vt 0.445312 0.847656
vt 0.675781 0.822266
vt 0.478516 0.326172
vt 0.451172 0.851562
vt 0.187500 0.326172
vt 0.478516 0.326172
vt 0.486328 0.621094
vt 0.189453 0.326172
vt 0.478516 0.328125
vt 0.451172 0.847656
vt 0.187500 0.322266
vt 0.484375 0.326172
vt 0.486328 0.617188
vt 0.189453 0.322266
vt 0.484375 0.328125
vt 0.673828 0.812500
vt 0.500000 0.593750
vt 0.671875 0.519531
vt 0.490234 0.525391
vt 0.675781 0.812500
vt 0.671875 0.517578
vt 0.673828 0.808594
vt 0.500000 0.589844
vt 0.671875 0.517578
vt 0.490234 0.521484
vt 0.675781 0.808594
vt 0.671875 0.515625
vt 0.496094 0.525391
vt 0.189453 0.326172
vt 0.677734 0.517578
vt 0.494141 0.593750
vt 0.191406 0.326172
vt 0.677734 0.519531
vt 0.496094 0.521484
vt 0.189453 0.322266
vt 0.677734 0.515625
vt 0.494141 0.589844
vt 0.191406 0.322266
vt 0.677734 0.517578
vt 0.673828 0.707031
vt 0.677734 0.855469
vt 0.671875 0.822266
vt 0.048828 0.353516
vt 0.675781 0.707031
vt 0.671875 0.820312
vt 0.673828 0.705078
vt 0.677734 0.853516
vt 0.671875 0.794922
vt 0.048828 0.351562
vt 0.675781 0.705078
vt 0.671875 0.792969
vt 0.054688 0.353516
vt 0.673828 0.705078
vt 0.677734 0.820312
vt 0.671875 0.855469
vt 0.675781 0.705078
vt 0.677734 0.822266
vt 0.054688 0.351562
vt 0.673828 0.703125
vt 0.677734 0.792969
vt 0.671875 0.853516
vt 0.675781 0.703125
vt 0.677734 0.794922
vt 0.673828 0.714844
vt 0.541016 0.369141
vt 0.500000 0.365234
vt 0.281250 0.373047
vt 0.675781 0.714844
vt 0.500000 0.363281
vt 0.673828 0.712891
vt 0.541016 0.367188
vt 0.642578 0.992188
vt 0.281250 0.371094
vt 0.675781 0.712891
vt 0.642578 0.990234
vt 0.287109 0.373047
vt 0.673828 0.708984
vt 0.505859 0.363281
vt 0.535156 0.369141
vt 0.675781 0.708984
vt 0.505859 0.365234
vt 0.287109 0.371094
vt 0.673828 0.707031
vt 0.648438 0.990234
vt 0.535156 0.367188
vt 0.675781 0.707031
vt 0.648438 0.992188
vt 0.566406 0.609375
vt 0.681641 0.464844
vt 0.148438 0.447266
vt 0.669922 0.466797
vt 0.587891 0.609375
vt 0.148438 0.425781
vt 0.566406 0.607422
vt 0.681641 0.462891
vt 0.300781 0.447266
vt 0.669922 0.464844
vt 0.587891 0.607422
vt 0.300781 0.425781
vt 0.681641 0.466797
vt 0.656250 0.994141
vt 0.160156 0.425781
vt 0.669922 0.464844
vt 0.677734 0.994141
vt 0.160156 0.447266
vt 0.681641 0.464844
vt 0.656250 0.992188
vt 0.312500 0.425781
vt 0.669922 0.462891
vt 0.677734 0.992188
vt 0.312500 0.447266
vt 0.218750 0.529297
vt 0.468750 0.382812
vt 0.000000 0.367188
vt 0.408203 0.382812
vt 0.244141 0.529297
vt 0.000000 0.341797
vt 0.218750 0.498047
vt 0.468750 0.351562
vt 0.003906 0.367188
vt 0.408203 0.351562
vt 0.244141 0.498047
vt 0.003906 0.341797
vt 0.412109 0.382812
vt 0.244141 0.529297
vt 0.003906 0.341797
vt 0.464844 0.382812
vt 0.269531 0.529297
vt 0.003906 0.367188
vt 0.412109 0.351562
vt 0.244141 0.498047
vt 0.007812 0.341797
vt 0.464844 0.351562
vt 0.269531 0.498047
vt 0.007812 0.367188
vt 0.000000 0.404297
vt 0.630859 0.345703
vt 0.062500 0.328125
vt 0.626953 0.345703
vt 0.007812 0.404297
vt 0.062500 0.320312
vt 0.000000 0.382812
vt 0.630859 0.324219
vt 0.064453 0.328125
vt 0.626953 0.324219
vt 0.007812 0.382812
vt 0.064453 0.320312
vt 0.628906 0.345703
vt 0.333984 0.404297
vt 0.064453 0.320312
vt 0.628906 0.345703
vt 0.341797 0.404297
vt 0.064453 0.328125
vt 0.628906 0.324219
vt 0.333984 0.382812
vt 0.066406 0.320312
vt 0.628906 0.324219
vt 0.341797 0.382812
vt 0.066406 0.328125
vt 0.601562 0.833984
vt 0.517578 0.339844
vt 0.041016 0.328125
vt 0.513672 0.339844
vt 0.609375 0.833984
vt 0.041016 0.320312
vt 0.601562 0.814453
vt 0.517578 0.320312
vt 0.060547 0.328125
vt 0.513672 0.320312
vt 0.609375 0.814453
vt 0.060547 0.320312
vt 0.515625 0.339844
vt 0.294922 0.398438
vt 0.042969 0.320312
vt 0.515625 0.339844
vt 0.302734 0.398438
vt 0.042969 0.328125
vt 0.515625 0.320312
vt 0.294922 0.378906
vt 0.062500 0.320312
vt 0.515625 0.320312
vt 0.302734 0.378906
vt 0.062500 0.328125
vt 0.642578 0.605469
vt 0.123047 0.326172
vt 0.416016 0.345703
vt 0.119141 0.326172
vt 0.667969 0.605469
vt 0.416016 0.320312
vt 0.642578 0.601562
vt 0.123047 0.322266
vt 0.417969 0.345703
vt 0.119141 0.322266
vt 0.667969 0.601562
vt 0.417969 0.320312
vt 0.121094 0.326172
vt 0.646484 0.625000
vt 0.417969 0.320312
vt 0.121094 0.326172
vt 0.671875 0.625000
vt 0.417969 0.345703
vt 0.121094 0.322266
vt 0.646484 0.621094
vt 0.419922 0.320312
vt 0.121094 0.322266
vt 0.671875 0.621094
vt 0.419922 0.345703
vt 0.601562 0.861328
vt 0.472656 0.382812
vt 0.318359 0.347656
vt 0.570312 0.601562
vt 0.621094 0.861328
vt 0.318359 0.328125
vt 0.601562 0.853516
vt 0.472656 0.375000
vt 0.322266 0.347656
vt 0.570312 0.593750
vt 0.621094 0.853516
vt 0.322266 0.328125
vt 0.574219 0.601562
vt 0.601562 0.853516
vt 0.322266 0.328125
vt 0.468750 0.382812
vt 0.621094 0.853516
vt 0.322266 0.347656
vt 0.574219 0.593750
vt 0.601562 0.845703
vt 0.326172 0.328125
vt 0.468750 0.375000
vt 0.621094 0.845703
vt 0.326172 0.347656
vt 0.148438 0.353516
vt 0.574219 0.880859
vt 0.326172 0.328125
vt 0.562500 0.482422
vt 0.154297 0.353516
vt 0.326172 0.322266
vt 0.148438 0.337891
vt 0.574219 0.865234
vt 0.328125 0.328125
vt 0.562500 0.466797
vt 0.154297 0.337891
vt 0.328125 0.322266
vt 0.564453 0.482422
vt 0.248047 0.353516
vt 0.328125 0.322266
vt 0.572266 0.880859
vt 0.253906 0.353516
vt 0.328125 0.328125
vt 0.564453 0.466797
vt 0.248047 0.337891
vt 0.330078 0.322266
vt 0.572266 0.865234
vt 0.253906 0.337891
vt 0.330078 0.328125
vt 0.460938 0.423828
vt 0.357422 0.330078
vt 0.115234 0.326172
vt 0.353516 0.330078
vt 0.464844 0.423828
vt 0.115234 0.322266
vt 0.460938 0.412109
vt 0.357422 0.318359
vt 0.117188 0.326172
vt 0.353516 0.318359
vt 0.464844 0.412109
vt 0.117188 0.322266
vt 0.355469 0.330078
vt 0.583984 0.953125
vt 0.117188 0.322266
vt 0.355469 0.330078
vt 0.587891 0.953125
vt 0.117188 0.326172
vt 0.355469 0.318359
vt 0.583984 0.941406
vt 0.119141 0.322266
vt 0.355469 0.318359
vt 0.587891 0.941406
vt 0.119141 0.326172
vt 0.615234 0.605469
vt 0.115234 0.326172
vt 0.277344 0.345703
vt 0.673828 0.904297
vt 0.642578 0.605469
vt 0.277344 0.318359
vt 0.615234 0.601562
vt 0.115234 0.322266
vt 0.279297 0.345703
vt 0.673828 0.900391
vt 0.642578 0.601562
vt 0.279297 0.318359
vt 0.675781 0.904297
vt 0.626953 0.773438
vt 0.279297 0.318359
vt 0.113281 0.326172
vt 0.654297 0.773438
vt 0.279297 0.345703
vt 0.675781 0.900391
vt 0.626953 0.769531
vt 0.281250 0.318359
vt 0.113281 0.322266
vt 0.654297 0.769531
vt 0.281250 0.345703
vt 0.566406 0.396484
vt 0.578125 0.396484
vt 0.193359 0.332031
vt 0.560547 0.398438
vt 0.572266 0.396484
vt 0.193359 0.326172
vt 0.566406 0.373047
vt 0.578125 0.373047
vt 0.199219 0.332031
vt 0.560547 0.375000
vt 0.572266 0.373047
vt 0.199219 0.326172
vt 0.566406 0.398438
vt 0.013672 0.394531
vt 0.199219 0.326172
vt 0.572266 0.396484
vt 0.019531 0.394531
vt 0.199219 0.332031
vt 0.566406 0.375000
vt 0.013672 0.371094
vt 0.205078 0.326172
vt 0.572266 0.373047
vt 0.019531 0.371094
vt 0.205078 0.332031
vt 0.259766 0.371094
vt 0.416016 0.345703
vt 0.673828 0.919922
vt 0.412109 0.345703
vt 0.263672 0.371094
vt 0.673828 0.916016
vt 0.259766 0.345703
vt 0.416016 0.320312
vt 0.673828 0.916016
vt 0.412109 0.320312
vt 0.263672 0.345703
vt 0.673828 0.912109
vt 0.414062 0.345703
vt 0.263672 0.371094
vt 0.675781 0.916016
vt 0.414062 0.345703
vt 0.267578 0.371094
vt 0.675781 0.919922
vt 0.414062 0.320312
vt 0.263672 0.345703
vt 0.675781 0.912109
vt 0.414062 0.320312
vt 0.267578 0.345703
vt 0.675781 0.916016
vt 0.671875 0.740234
vt 0.599609 0.480469
vt 0.632812 0.417969
vt 0.578125 0.466797
vt 0.677734 0.740234
vt 0.632812 0.412109
vt 0.671875 0.738281
vt 0.599609 0.478516
vt 0.207031 0.359375
vt 0.578125 0.464844
vt 0.677734 0.738281
vt 0.207031 0.353516
vt 0.585938 0.466797
vt 0.320312 0.328125
vt 0.640625 0.412109
vt 0.591797 0.480469
vt 0.326172 0.328125
vt 0.640625 0.417969
vt 0.585938 0.464844
vt 0.320312 0.326172
vt 0.214844 0.353516
vt 0.591797 0.478516
vt 0.326172 0.326172
vt 0.214844 0.359375
vt 0.207031 0.345703
vt 0.408203 0.382812
vt 0.673828 0.933594
vt 0.400391 0.382812
vt 0.208984 0.345703
vt 0.673828 0.931641
vt 0.207031 0.314453
vt 0.408203 0.351562
vt 0.673828 0.931641
vt 0.400391 0.351562
vt 0.208984 0.314453
vt 0.673828 0.929688
vt 0.404297 0.382812
vt 0.208984 0.345703
vt 0.677734 0.931641
vt 0.404297 0.382812
vt 0.210938 0.345703
vt 0.677734 0.933594
vt 0.404297 0.351562
vt 0.208984 0.314453
vt 0.677734 0.929688
vt 0.404297 0.351562
vt 0.210938 0.314453
vt 0.677734 0.931641
vt 0.671875 0.785156
vt 0.675781 0.695312
vt 0.316406 0.328125
vt 0.673828 0.703125
vt 0.677734 0.785156
vt 0.316406 0.322266
vt 0.671875 0.783203
vt 0.675781 0.693359
vt 0.318359 0.328125
vt 0.673828 0.701172
vt 0.677734 0.783203
vt 0.318359 0.322266
vt 0.675781 0.703125
vt 0.671875 0.775391
vt 0.318359 0.322266
vt 0.673828 0.695312
vt 0.677734 0.775391
vt 0.318359 0.328125
vt 0.675781 0.701172
vt 0.671875 0.773438
vt 0.320312 0.322266
vt 0.673828 0.693359
vt 0.677734 0.773438
vt 0.320312 0.328125
vt 0.101562 0.425781
vt 0.185547 0.345703
vt 0.312500 0.328125
vt 0.181641 0.345703
vt 0.107422 0.425781
vt 0.312500 0.322266
vt 0.101562 0.394531
vt 0.185547 0.314453
vt 0.314453 0.328125
vt 0.181641 0.314453
vt 0.107422 0.394531
vt 0.314453 0.322266
vt 0.183594 0.345703
vt 0.187500 0.423828
vt 0.314453 0.322266
vt 0.183594 0.345703
vt 0.193359 0.423828
vt 0.314453 0.328125
vt 0.183594 0.314453
vt 0.187500 0.392578
vt 0.316406 0.322266
vt 0.183594 0.314453
vt 0.193359 0.392578
vt 0.316406 0.328125
vt 0.650391 0.619141
vt 0.638672 0.484375
vt 0.548828 0.357422
vt 0.632812 0.904297
vt 0.673828 0.619141
vt 0.548828 0.333984
vt 0.650391 0.615234
vt 0.638672 0.480469
vt 0.144531 0.353516
vt 0.632812 0.900391
vt 0.673828 0.615234
vt 0.144531 0.330078
vt 0.636719 0.904297
vt 0.650391 0.615234
vt 0.552734 0.333984
vt 0.634766 0.484375
vt 0.673828 0.615234
vt 0.552734 0.357422
vt 0.636719 0.900391
vt 0.650391 0.611328
vt 0.148438 0.330078
vt 0.634766 0.480469
vt 0.673828 0.611328
vt 0.148438 0.353516
vt 0.050781 0.343750
vt 0.144531 0.476562
vt 0.660156 0.570312
vt 0.521484 0.593750
vt 0.052734 0.343750
vt 0.660156 0.568359
vt 0.050781 0.322266
vt 0.144531 0.455078
vt 0.660156 0.568359
vt 0.521484 0.572266
vt 0.052734 0.322266
vt 0.660156 0.566406
vt 0.541016 0.593750
vt 0.052734 0.343750
vt 0.679688 0.568359
vt 0.125000 0.476562
vt 0.054688 0.343750
vt 0.679688 0.570312
vt 0.541016 0.572266
vt 0.052734 0.322266
vt 0.679688 0.566406
vt 0.125000 0.455078
vt 0.054688 0.322266
vt 0.679688 0.568359
vt 0.101562 0.343750
vt 0.542969 0.517578
vt 0.660156 0.566406
vt 0.523438 0.763672
vt 0.103516 0.343750
vt 0.660156 0.564453
vt 0.101562 0.322266
vt 0.542969 0.496094
vt 0.660156 0.564453
vt 0.523438 0.742188
vt 0.103516 0.322266
vt 0.660156 0.562500
vt 0.542969 0.763672
vt 0.103516 0.343750
vt 0.679688 0.564453
vt 0.523438 0.517578
vt 0.105469 0.343750
vt 0.679688 0.566406
vt 0.542969 0.742188
vt 0.103516 0.322266
vt 0.679688 0.562500
vt 0.523438 0.496094
vt 0.105469 0.322266
vt 0.679688 0.564453
vt 0.660156 0.472656
vt 0.435547 0.328125
vt 0.107422 0.373047
vt 0.671875 0.623047
vt 0.677734 0.472656
vt 0.107422 0.355469
vt 0.660156 0.470703
vt 0.435547 0.326172
vt 0.048828 0.371094
vt 0.671875 0.621094
vt 0.677734 0.470703
vt 0.048828 0.353516
vt 0.677734 0.623047
vt 0.662109 0.906250
vt 0.113281 0.355469
vt 0.429688 0.328125
vt 0.679688 0.906250
vt 0.113281 0.373047
vt 0.677734 0.621094
vt 0.662109 0.904297
vt 0.054688 0.353516
vt 0.429688 0.326172
vt 0.679688 0.904297
vt 0.054688 0.371094
vt 0.615234 0.628906
vt 0.675781 0.652344
vt 0.046875 0.335938
vt 0.673828 0.654297
vt 0.632812 0.628906
vt 0.046875 0.318359
vt 0.615234 0.626953
vt 0.675781 0.650391
vt 0.126953 0.335938
vt 0.673828 0.652344
vt 0.632812 0.626953
vt 0.126953 0.318359
vt 0.675781 0.654297
vt 0.630859 0.669922
vt 0.048828 0.318359
vt 0.673828 0.652344
vt 0.648438 0.669922
vt 0.048828 0.335938
vt 0.675781 0.652344
vt 0.630859 0.667969
vt 0.128906 0.318359
vt 0.673828 0.650391
vt 0.648438 0.667969
vt 0.128906 0.335938
vt 0.423828 0.345703
vt 0.404297 0.613281
vt 0.601562 0.925781
vt 0.224609 0.636719
vt 0.425781 0.345703
vt 0.601562 0.923828
vt 0.423828 0.320312
vt 0.404297 0.587891
vt 0.601562 0.923828
vt 0.224609 0.611328
vt 0.425781 0.320312
vt 0.601562 0.921875
vt 0.302734 0.636719
vt 0.425781 0.345703
vt 0.679688 0.923828
vt 0.326172 0.613281
vt 0.427734 0.345703
vt 0.679688 0.925781
vt 0.302734 0.611328
vt 0.425781 0.320312
vt 0.679688 0.921875
vt 0.326172 0.587891
vt 0.427734 0.320312
vt 0.679688 0.923828
vt 0.599609 0.919922
vt 0.607422 0.742188
vt 0.085938 0.478516
vt 0.574219 0.845703
vt 0.619141 0.919922
vt 0.085938 0.458984
vt 0.599609 0.910156
vt 0.607422 0.732422
vt 0.240234 0.478516
vt 0.574219 0.835938
vt 0.619141 0.910156
vt 0.240234 0.458984
vt 0.595703 0.845703
vt 0.599609 0.910156
vt 0.107422 0.458984
vt 0.585938 0.742188
vt 0.619141 0.910156
vt 0.107422 0.478516
vt 0.595703 0.835938
vt 0.599609 0.900391
vt 0.261719 0.458984
vt 0.585938 0.732422
vt 0.619141 0.900391
vt 0.261719 0.478516
vt 0.181641 0.406250
vt 0.240234 0.498047
vt 0.617188 0.779297
vt 0.417969 0.500000
vt 0.187500 0.406250
vt 0.617188 0.773438
vt 0.181641 0.378906
vt 0.240234 0.470703
vt 0.617188 0.568359
vt 0.417969 0.472656
vt 0.187500 0.378906
vt 0.617188 0.562500
vt 0.439453 0.500000
vt 0.535156 0.406250
vt 0.638672 0.773438
vt 0.218750 0.498047
vt 0.541016 0.406250
vt 0.638672 0.779297
vt 0.439453 0.472656
vt 0.535156 0.378906
vt 0.638672 0.562500
vt 0.218750 0.470703
vt 0.541016 0.378906
vt 0.638672 0.568359
vt 0.447266 0.431641
vt 0.636719 0.511719
vt 0.125000 0.621094
vt 0.621094 0.519531
vt 0.457031 0.431641
vt 0.125000 0.611328
vt 0.447266 0.423828
vt 0.636719 0.503906
vt 0.601562 0.783203
vt 0.621094 0.511719
vt 0.457031 0.423828
vt 0.601562 0.773438
vt 0.636719 0.519531
vt 0.292969 0.371094
vt 0.140625 0.611328
vt 0.621094 0.511719
vt 0.302734 0.371094
vt 0.140625 0.621094
vt 0.636719 0.511719
vt 0.292969 0.363281
vt 0.617188 0.773438
vt 0.621094 0.503906
vt 0.302734 0.363281
vt 0.617188 0.783203
s 1
usemtl fmtv_tex_1.png.001
f 868/2599/61 871/2608/61 869/2602/61 866/2593/61
f 867/2596/62 868/2600/62 866/2594/62 865/2590/62
f 872/2611/63 867/2597/63 865/2591/63 870/2605/63
f 871/2609/64 872/2612/64 870/2606/64 869/2603/64
f 870/2607/65 865/2592/65 866/2595/65 869/2604/65
f 871/2610/66 868/2601/66 867/2598/66 872/2613/66
f 876/2623/67 879/2632/67 877/2626/67 874/2617/67
f 875/2620/68 876/2624/68 874/2618/68 873/2614/68
f 880/2635/69 875/2621/69 873/2615/69 878/2629/69
f 879/2633/70 880/2636/70 878/2630/70 877/2627/70
f 878/2631/71 873/2616/71 874/2619/71 877/2628/71
f 879/2634/72 876/2625/72 875/2622/72 880/2637/72
f 884/2647/61 887/2656/61 885/2650/61 882/2641/61
f 883/2644/73 884/2648/73 882/2642/73 881/2638/73
f 888/2659/63 883/2645/63 881/2639/63 886/2653/63
f 887/2657/74 888/2660/74 886/2654/74 885/2651/74
f 886/2655/75 881/2640/75 882/2643/75 885/2652/75
f 887/2658/76 884/2649/76 883/2646/76 888/2661/76
f 892/2671/77 895/2680/77 893/2674/77 890/2665/77
f 891/2668/73 892/2672/73 890/2666/73 889/2662/73
f 896/2683/78 891/2669/78 889/2663/78 894/2677/78
f 895/2681/74 896/2684/74 894/2678/74 893/2675/74
f 894/2679/79 889/2664/79 890/2667/79 893/2676/79
f 895/2682/80 892/2673/80 891/2670/80 896/2685/80
f 900/2695/61 903/2704/61 901/2698/61 898/2689/61
f 899/2692/73 900/2696/73 898/2690/73 897/2686/73
f 904/2707/63 899/2693/63 897/2687/63 902/2701/63
f 903/2705/74 904/2708/74 902/2702/74 901/2699/74
f 902/2703/75 897/2688/75 898/2691/75 901/2700/75
f 903/2706/76 900/2697/76 899/2694/76 904/2709/76
f 908/2719/77 911/2728/77 909/2722/77 906/2713/77
f 907/2716/73 908/2720/73 906/2714/73 905/2710/73
f 912/2731/78 907/2717/78 905/2711/78 910/2725/78
f 911/2729/74 912/2732/74 910/2726/74 909/2723/74
f 910/2727/81 905/2712/81 906/2715/81 909/2724/81
f 911/2730/82 908/2721/82 907/2718/82 912/2733/82
f 916/2743/61 919/2752/61 917/2746/61 914/2737/61
f 915/2740/73 916/2744/73 914/2738/73 913/2734/73
f 920/2755/63 915/2741/63 913/2735/63 918/2749/63
f 919/2753/74 920/2756/74 918/2750/74 917/2747/74
f 918/2751/75 913/2736/75 914/2739/75 917/2748/75
f 919/2754/76 916/2745/76 915/2742/76 920/2757/76
f 924/2767/61 927/2776/61 925/2770/61 922/2761/61
f 923/2764/83 924/2768/83 922/2762/83 921/2758/83
f 928/2779/63 923/2765/63 921/2759/63 926/2773/63
f 927/2777/84 928/2780/84 926/2774/84 925/2771/84
f 926/2775/85 921/2760/85 922/2763/85 925/2772/85
f 927/2778/86 924/2769/86 923/2766/86 928/2781/86
f 932/2791/87 935/2800/87 933/2794/87 930/2785/87
f 931/2788/83 932/2792/83 930/2786/83 929/2782/83
f 936/2803/88 931/2789/88 929/2783/88 934/2797/88
f 935/2801/84 936/2804/84 934/2798/84 933/2795/84
f 934/2799/89 929/2784/89 930/2787/89 933/2796/89
f 935/2802/90 932/2793/90 931/2790/90 936/2805/90
f 940/2815/61 943/2824/61 941/2818/61 938/2809/61
f 939/2812/83 940/2816/83 938/2810/83 937/2806/83
f 944/2827/63 939/2813/63 937/2807/63 942/2821/63
f 943/2825/84 944/2828/84 942/2822/84 941/2819/84
f 942/2823/85 937/2808/85 938/2811/85 941/2820/85
f 943/2826/86 940/2817/86 939/2814/86 944/2829/86
f 948/2839/61 951/2848/61 949/2842/61 946/2833/61
f 947/2836/83 948/2840/83 946/2834/83 945/2830/83
f 952/2851/63 947/2837/63 945/2831/63 950/2845/63
f 951/2849/84 952/2852/84 950/2846/84 949/2843/84
f 950/2847/85 945/2832/85 946/2835/85 949/2844/85
f 951/2850/86 948/2841/86 947/2838/86 952/2853/86
f 956/2863/61 959/2872/61 957/2866/61 954/2857/61
f 955/2860/91 956/2864/91 954/2858/91 953/2854/91
f 960/2875/63 955/2861/63 953/2855/63 958/2869/63
f 959/2873/92 960/2876/92 958/2870/92 957/2867/92
f 958/2871/93 953/2856/93 954/2859/93 957/2868/93
f 959/2874/94 956/2865/94 955/2862/94 960/2877/94
f 964/2887/61 967/2896/61 965/2890/61 962/2881/61
f 963/2884/91 964/2888/91 962/2882/91 961/2878/91
f 968/2899/63 963/2885/63 961/2879/63 966/2893/63
f 967/2897/92 968/2900/92 966/2894/92 965/2891/92
f 966/2895/95 961/2880/95 962/2883/95 965/2892/95
f 967/2898/96 964/2889/96 963/2886/96 968/2901/96
f 972/2911/61 975/2920/61 973/2914/61 970/2905/61
f 971/2908/85 972/2912/85 970/2906/85 969/2902/85
f 976/2923/63 971/2909/63 969/2903/63 974/2917/63
f 975/2921/86 976/2924/86 974/2918/86 973/2915/86
f 974/2919/84 969/2904/84 970/2907/84 973/2916/84
f 975/2922/83 972/2913/83 971/2910/83 976/2925/83
f 980/2935/61 983/2944/61 981/2938/61 978/2929/61
f 979/2932/85 980/2936/85 978/2930/85 977/2926/85
f 984/2947/63 979/2933/63 977/2927/63 982/2941/63
f 983/2945/86 984/2948/86 982/2942/86 981/2939/86
f 982/2943/84 977/2928/84 978/2931/84 981/2940/84
f 983/2946/83 980/2937/83 979/2934/83 984/2949/83
f 988/2959/61 991/2968/61 989/2962/61 986/2953/61
f 987/2956/85 988/2960/85 986/2954/85 985/2950/85
f 992/2971/63 987/2957/63 985/2951/63 990/2965/63
f 991/2969/86 992/2972/86 990/2966/86 989/2963/86
f 990/2967/84 985/2952/84 986/2955/84 989/2964/84
f 991/2970/83 988/2961/83 987/2958/83 992/2973/83
f 996/2983/61 999/2992/61 997/2986/61 994/2977/61
f 995/2980/85 996/2984/85 994/2978/85 993/2974/85
f 1000/2995/63 995/2981/63 993/2975/63 998/2989/63
f 999/2993/86 1000/2996/86 998/2990/86 997/2987/86
f 998/2991/84 993/2976/84 994/2979/84 997/2988/84
f 999/2994/83 996/2985/83 995/2982/83 1000/2997/83
f 1004/3007/61 1007/3016/61 1005/3010/61 1002/3001/61
f 1003/3004/91 1004/3008/91 1002/3002/91 1001/2998/91
f 1008/3019/63 1003/3005/63 1001/2999/63 1006/3013/63
f 1007/3017/92 1008/3020/92 1006/3014/92 1005/3011/92
f 1006/3015/95 1001/3000/95 1002/3003/95 1005/3012/95
f 1007/3018/94 1004/3009/94 1003/3006/94 1008/3021/94
f 1012/3031/97 1015/3040/97 1013/3034/97 1010/3025/97
f 1011/3028/98 1012/3032/98 1010/3026/98 1009/3022/98
f 1016/3043/99 1011/3029/99 1009/3023/99 1014/3037/99
f 1015/3041/100 1016/3044/100 1014/3038/100 1013/3035/100
f 1014/3039/101 1009/3024/101 1010/3027/101 1013/3036/101
f 1015/3042/102 1012/3033/102 1011/3030/102 1016/3045/102
f 1020/3055/61 1023/3064/61 1021/3058/61 1018/3049/61
f 1019/3052/98 1020/3056/98 1018/3050/98 1017/3046/98
f 1024/3067/63 1019/3053/63 1017/3047/63 1022/3061/63
f 1023/3065/100 1024/3068/100 1022/3062/100 1021/3059/100
f 1022/3063/103 1017/3048/103 1018/3051/103 1021/3060/103
f 1023/3066/104 1020/3057/104 1019/3054/104 1024/3069/104
f 1028/3079/61 1031/3088/61 1029/3082/61 1026/3073/61
f 1027/3076/98 1028/3080/98 1026/3074/98 1025/3070/98
f 1032/3091/63 1027/3077/63 1025/3071/63 1030/3085/63
f 1031/3089/100 1032/3092/100 1030/3086/100 1029/3083/100
f 1030/3087/103 1025/3072/103 1026/3075/103 1029/3084/103
f 1031/3090/104 1028/3081/104 1027/3078/104 1032/3093/104
f 1036/3103/61 1039/3112/61 1037/3106/61 1034/3097/61
f 1035/3100/98 1036/3104/98 1034/3098/98 1033/3094/98
f 1040/3115/63 1035/3101/63 1033/3095/63 1038/3109/63
f 1039/3113/100 1040/3116/100 1038/3110/100 1037/3107/100
f 1038/3111/103 1033/3096/103 1034/3099/103 1037/3108/103
f 1039/3114/104 1036/3105/104 1035/3102/104 1040/3117/104
f 1044/3127/97 1047/3136/97 1045/3130/97 1042/3121/97
f 1043/3124/98 1044/3128/98 1042/3122/98 1041/3118/98
f 1048/3139/99 1043/3125/99 1041/3119/99 1046/3133/99
f 1047/3137/100 1048/3140/100 1046/3134/100 1045/3131/100
f 1046/3135/105 1041/3120/105 1042/3123/105 1045/3132/105
f 1047/3138/106 1044/3129/106 1043/3126/106 1048/3141/106
f 1052/3151/61 1055/3160/61 1053/3154/61 1050/3145/61
f 1051/3148/107 1052/3152/107 1050/3146/107 1049/3142/107
f 1056/3163/63 1051/3149/63 1049/3143/63 1054/3157/63
f 1055/3161/108 1056/3164/108 1054/3158/108 1053/3155/108
f 1054/3159/109 1049/3144/109 1050/3147/109 1053/3156/109
f 1055/3162/110 1052/3153/110 1051/3150/110 1056/3165/110
f 1060/3175/61 1063/3184/61 1061/3178/61 1058/3169/61
f 1059/3172/85 1060/3176/85 1058/3170/85 1057/3166/85
f 1064/3187/63 1059/3173/63 1057/3167/63 1062/3181/63
f 1063/3185/86 1064/3188/86 1062/3182/86 1061/3179/86
f 1062/3183/84 1057/3168/84 1058/3171/84 1061/3180/84
f 1063/3186/83 1060/3177/83 1059/3174/83 1064/3189/83
f 1068/3199/61 1071/3208/61 1069/3202/61 1066/3193/61
f 1067/3196/85 1068/3200/85 1066/3194/85 1065/3190/85
f 1072/3211/63 1067/3197/63 1065/3191/63 1070/3205/63
f 1071/3209/86 1072/3212/86 1070/3206/86 1069/3203/86
f 1070/3207/84 1065/3192/84 1066/3195/84 1069/3204/84
f 1071/3210/83 1068/3201/83 1067/3198/83 1072/3213/83
f 1076/3223/61 1079/3232/61 1077/3226/61 1074/3217/61
f 1075/3220/85 1076/3224/85 1074/3218/85 1073/3214/85
f 1080/3235/63 1075/3221/63 1073/3215/63 1078/3229/63
f 1079/3233/86 1080/3236/86 1078/3230/86 1077/3227/86
f 1078/3231/84 1073/3216/84 1074/3219/84 1077/3228/84
f 1079/3234/83 1076/3225/83 1075/3222/83 1080/3237/83
f 1084/3247/61 1087/3256/61 1085/3250/61 1082/3241/61
f 1083/3244/84 1084/3248/84 1082/3242/84 1081/3238/84
f 1088/3259/63 1083/3245/63 1081/3239/63 1086/3253/63
f 1087/3257/83 1088/3260/83 1086/3254/83 1085/3251/83
f 1086/3255/86 1081/3240/86 1082/3243/86 1085/3252/86
f 1087/3258/85 1084/3249/85 1083/3246/85 1088/3261/85
f 1092/3271/61 1095/3280/61 1093/3274/61 1090/3265/61
f 1091/3268/85 1092/3272/85 1090/3266/85 1089/3262/85
f 1096/3283/63 1091/3269/63 1089/3263/63 1094/3277/63
f 1095/3281/86 1096/3284/86 1094/3278/86 1093/3275/86
f 1094/3279/84 1089/3264/84 1090/3267/84 1093/3276/84
f 1095/3282/83 1092/3273/83 1091/3270/83 1096/3285/83
f 1100/3295/61 1103/3304/61 1101/3298/61 1098/3289/61
f 1099/3292/84 1100/3296/84 1098/3290/84 1097/3286/84
f 1104/3307/63 1099/3293/63 1097/3287/63 1102/3301/63
f 1103/3305/83 1104/3308/83 1102/3302/83 1101/3299/83
f 1102/3303/86 1097/3288/86 1098/3291/86 1101/3300/86
f 1103/3306/85 1100/3297/85 1099/3294/85 1104/3309/85
f 1108/3319/111 1111/3328/111 1109/3322/111 1106/3313/111
f 1107/3316/84 1108/3320/84 1106/3314/84 1105/3310/84
f 1112/3331/112 1107/3317/112 1105/3311/112 1110/3325/112
f 1111/3329/83 1112/3332/83 1110/3326/83 1109/3323/83
f 1110/3327/113 1105/3312/113 1106/3315/113 1109/3324/113
f 1111/3330/114 1108/3321/114 1107/3318/114 1112/3333/114
f 1116/3343/115 1119/3352/115 1117/3346/115 1114/3337/115
f 1115/3340/116 1116/3344/116 1114/3338/116 1113/3334/116
f 1120/3355/117 1115/3341/117 1113/3335/117 1118/3349/117
f 1119/3353/118 1120/3356/118 1118/3350/118 1117/3347/118
f 1118/3351/119 1113/3336/119 1114/3339/119 1117/3348/119
f 1119/3354/120 1116/3345/120 1115/3342/120 1120/3357/120
f 1124/3367/61 1127/3376/61 1125/3370/61 1122/3361/61
f 1123/3364/107 1124/3368/107 1122/3362/107 1121/3358/107
f 1128/3379/63 1123/3365/63 1121/3359/63 1126/3373/63
f 1127/3377/108 1128/3380/108 1126/3374/108 1125/3371/108
f 1126/3375/109 1121/3360/109 1122/3363/109 1125/3372/109
f 1127/3378/110 1124/3369/110 1123/3366/110 1128/3381/110
f 1132/3391/61 1135/3400/61 1133/3394/61 1130/3385/61
f 1131/3388/121 1132/3392/121 1130/3386/121 1129/3382/121
f 1136/3403/63 1131/3389/63 1129/3383/63 1134/3397/63
f 1135/3401/122 1136/3404/122 1134/3398/122 1133/3395/122
f 1134/3399/123 1129/3384/123 1130/3387/123 1133/3396/123
f 1135/3402/124 1132/3393/124 1131/3390/124 1136/3405/124
f 1140/3415/61 1143/3424/61 1141/3418/61 1138/3409/61
f 1139/3412/107 1140/3416/107 1138/3410/107 1137/3406/107
f 1144/3427/63 1139/3413/63 1137/3407/63 1142/3421/63
f 1143/3425/108 1144/3428/108 1142/3422/108 1141/3419/108
f 1142/3423/125 1137/3408/125 1138/3411/125 1141/3420/125
f 1143/3426/126 1140/3417/126 1139/3414/126 1144/3429/126
f 1148/3439/61 1151/3448/61 1149/3442/61 1146/3433/61
f 1147/3436/84 1148/3440/84 1146/3434/84 1145/3430/84
f 1152/3451/63 1147/3437/63 1145/3431/63 1150/3445/63
f 1151/3449/83 1152/3452/83 1150/3446/83 1149/3443/83
f 1150/3447/86 1145/3432/86 1146/3435/86 1149/3444/86
f 1151/3450/85 1148/3441/85 1147/3438/85 1152/3453/85
f 1156/3463/61 1159/3472/61 1157/3466/61 1154/3457/61
f 1155/3460/127 1156/3464/127 1154/3458/127 1153/3454/127
f 1160/3475/63 1155/3461/63 1153/3455/63 1158/3469/63
f 1159/3473/128 1160/3476/128 1158/3470/128 1157/3467/128
f 1158/3471/129 1153/3456/129 1154/3459/129 1157/3468/129
f 1159/3474/130 1156/3465/130 1155/3462/130 1160/3477/130
f 1164/3487/61 1167/3496/61 1165/3490/61 1162/3481/61
f 1163/3484/85 1164/3488/85 1162/3482/85 1161/3478/85
f 1168/3499/63 1163/3485/63 1161/3479/63 1166/3493/63
f 1167/3497/86 1168/3500/86 1166/3494/86 1165/3491/86
f 1166/3495/84 1161/3480/84 1162/3483/84 1165/3492/84
f 1167/3498/83 1164/3489/83 1163/3486/83 1168/3501/83
f 1172/3511/61 1175/3520/61 1173/3514/61 1170/3505/61
f 1171/3508/85 1172/3512/85 1170/3506/85 1169/3502/85
f 1176/3523/63 1171/3509/63 1169/3503/63 1174/3517/63
f 1175/3521/86 1176/3524/86 1174/3518/86 1173/3515/86
f 1174/3519/84 1169/3504/84 1170/3507/84 1173/3516/84
f 1175/3522/83 1172/3513/83 1171/3510/83 1176/3525/83
f 1180/3535/61 1183/3544/61 1181/3538/61 1178/3529/61
f 1179/3532/127 1180/3536/127 1178/3530/127 1177/3526/127
f 1184/3547/63 1179/3533/63 1177/3527/63 1182/3541/63
f 1183/3545/128 1184/3548/128 1182/3542/128 1181/3539/128
f 1182/3543/129 1177/3528/129 1178/3531/129 1181/3540/129
f 1183/3546/130 1180/3537/130 1179/3534/130 1184/3549/130
f 1188/3559/61 1191/3568/61 1189/3562/61 1186/3553/61
f 1187/3556/85 1188/3560/85 1186/3554/85 1185/3550/85
f 1192/3571/63 1187/3557/63 1185/3551/63 1190/3565/63
f 1191/3569/86 1192/3572/86 1190/3566/86 1189/3563/86
f 1190/3567/84 1185/3552/84 1186/3555/84 1189/3564/84
f 1191/3570/83 1188/3561/83 1187/3558/83 1192/3573/83
f 1196/3583/61 1199/3592/61 1197/3586/61 1194/3577/61
f 1195/3580/85 1196/3584/85 1194/3578/85 1193/3574/85
f 1200/3595/63 1195/3581/63 1193/3575/63 1198/3589/63
f 1199/3593/86 1200/3596/86 1198/3590/86 1197/3587/86
f 1198/3591/84 1193/3576/84 1194/3579/84 1197/3588/84
f 1199/3594/83 1196/3585/83 1195/3582/83 1200/3597/83
f 1204/3607/61 1207/3616/61 1205/3610/61 1202/3601/61
f 1203/3604/131 1204/3608/131 1202/3602/131 1201/3598/131
f 1208/3619/63 1203/3605/63 1201/3599/63 1206/3613/63
f 1207/3617/132 1208/3620/132 1206/3614/132 1205/3611/132
f 1206/3615/133 1201/3600/133 1202/3603/133 1205/3612/133
f 1207/3618/134 1204/3609/134 1203/3606/134 1208/3621/134
f 1212/3631/61 1215/3640/61 1213/3634/61 1210/3625/61
f 1211/3628/85 1212/3632/85 1210/3626/85 1209/3622/85
f 1216/3643/63 1211/3629/63 1209/3623/63 1214/3637/63
f 1215/3641/86 1216/3644/86 1214/3638/86 1213/3635/86
f 1214/3639/84 1209/3624/84 1210/3627/84 1213/3636/84
f 1215/3642/83 1212/3633/83 1211/3630/83 1216/3645/83
f 1220/3655/61 1223/3664/61 1221/3658/61 1218/3649/61
f 1219/3652/85 1220/3656/85 1218/3650/85 1217/3646/85
f 1224/3667/63 1219/3653/63 1217/3647/63 1222/3661/63
f 1223/3665/86 1224/3668/86 1222/3662/86 1221/3659/86
f 1222/3663/84 1217/3648/84 1218/3651/84 1221/3660/84
f 1223/3666/83 1220/3657/83 1219/3654/83 1224/3669/83
f 1228/3679/61 1231/3688/61 1229/3682/61 1226/3673/61
f 1227/3676/135 1228/3680/135 1226/3674/135 1225/3670/135
f 1232/3691/63 1227/3677/63 1225/3671/63 1230/3685/63
f 1231/3689/136 1232/3692/136 1230/3686/136 1229/3683/136
f 1230/3687/137 1225/3672/137 1226/3675/137 1229/3684/137
f 1231/3690/138 1228/3681/138 1227/3678/138 1232/3693/138
f 1236/3703/61 1239/3712/61 1237/3706/61 1234/3697/61
f 1235/3700/85 1236/3704/85 1234/3698/85 1233/3694/85
f 1240/3715/63 1235/3701/63 1233/3695/63 1238/3709/63
f 1239/3713/86 1240/3716/86 1238/3710/86 1237/3707/86
f 1238/3711/84 1233/3696/84 1234/3699/84 1237/3708/84
f 1239/3714/83 1236/3705/83 1235/3702/83 1240/3717/83
f 1244/3727/61 1247/3736/61 1245/3730/61 1242/3721/61
f 1243/3724/85 1244/3728/85 1242/3722/85 1241/3718/85
f 1248/3739/63 1243/3725/63 1241/3719/63 1246/3733/63
f 1247/3737/86 1248/3740/86 1246/3734/86 1245/3731/86
f 1246/3735/84 1241/3720/84 1242/3723/84 1245/3732/84
f 1247/3738/83 1244/3729/83 1243/3726/83 1248/3741/83
f 1252/3751/139 1255/3760/139 1253/3754/139 1250/3745/139
f 1251/3748/85 1252/3752/85 1250/3746/85 1249/3742/85
f 1256/3763/140 1251/3749/140 1249/3743/140 1254/3757/140
f 1255/3761/86 1256/3764/86 1254/3758/86 1253/3755/86
f 1254/3759/141 1249/3744/141 1250/3747/141 1253/3756/141
f 1255/3762/142 1252/3753/142 1251/3750/142 1256/3765/142
f 1260/3775/61 1263/3784/61 1261/3778/61 1258/3769/61
f 1259/3772/143 1260/3776/143 1258/3770/143 1257/3766/143
f 1264/3787/63 1259/3773/63 1257/3767/63 1262/3781/63
f 1263/3785/144 1264/3788/144 1262/3782/144 1261/3779/144
f 1262/3783/145 1257/3768/145 1258/3771/145 1261/3780/145
f 1263/3786/146 1260/3777/146 1259/3774/146 1264/3789/146
f 1268/3799/61 1271/3808/61 1269/3802/61 1266/3793/61
f 1267/3796/85 1268/3800/85 1266/3794/85 1265/3790/85
f 1272/3811/63 1267/3797/63 1265/3791/63 1270/3805/63
f 1271/3809/86 1272/3812/86 1270/3806/86 1269/3803/86
f 1270/3807/84 1265/3792/84 1266/3795/84 1269/3804/84
f 1271/3810/83 1268/3801/83 1267/3798/83 1272/3813/83
f 1276/3823/61 1279/3832/61 1277/3826/61 1274/3817/61
f 1275/3820/85 1276/3824/85 1274/3818/85 1273/3814/85
f 1280/3835/63 1275/3821/63 1273/3815/63 1278/3829/63
f 1279/3833/86 1280/3836/86 1278/3830/86 1277/3827/86
f 1278/3831/84 1273/3816/84 1274/3819/84 1277/3828/84
f 1279/3834/83 1276/3825/83 1275/3822/83 1280/3837/83
f 1284/3847/61 1287/3856/61 1285/3850/61 1282/3841/61
f 1283/3844/143 1284/3848/143 1282/3842/143 1281/3838/143
f 1288/3859/63 1283/3845/63 1281/3839/63 1286/3853/63
f 1287/3857/144 1288/3860/144 1286/3854/144 1285/3851/144
f 1286/3855/145 1281/3840/145 1282/3843/145 1285/3852/145
f 1287/3858/146 1284/3849/146 1283/3846/146 1288/3861/146
f 1292/3871/61 1295/3880/61 1293/3874/61 1290/3865/61
f 1291/3868/85 1292/3872/85 1290/3866/85 1289/3862/85
f 1296/3883/63 1291/3869/63 1289/3863/63 1294/3877/63
f 1295/3881/86 1296/3884/86 1294/3878/86 1293/3875/86
f 1294/3879/84 1289/3864/84 1290/3867/84 1293/3876/84
f 1295/3882/83 1292/3873/83 1291/3870/83 1296/3885/83
f 1300/3895/61 1303/3904/61 1301/3898/61 1298/3889/61
f 1299/3892/85 1300/3896/85 1298/3890/85 1297/3886/85
f 1304/3907/63 1299/3893/63 1297/3887/63 1302/3901/63
f 1303/3905/86 1304/3908/86 1302/3902/86 1301/3899/86
f 1302/3903/84 1297/3888/84 1298/3891/84 1301/3900/84
f 1303/3906/83 1300/3897/83 1299/3894/83 1304/3909/83
f 1308/3919/61 1311/3928/61 1309/3922/61 1306/3913/61
f 1307/3916/85 1308/3920/85 1306/3914/85 1305/3910/85
f 1312/3931/63 1307/3917/63 1305/3911/63 1310/3925/63
f 1311/3929/86 1312/3932/86 1310/3926/86 1309/3923/86
f 1310/3927/84 1305/3912/84 1306/3915/84 1309/3924/84
f 1311/3930/83 1308/3921/83 1307/3918/83 1312/3933/83
f 1316/3943/61 1319/3952/61 1317/3946/61 1314/3937/61
f 1315/3940/85 1316/3944/85 1314/3938/85 1313/3934/85
f 1320/3955/63 1315/3941/63 1313/3935/63 1318/3949/63
f 1319/3953/86 1320/3956/86 1318/3950/86 1317/3947/86
f 1318/3951/84 1313/3936/84 1314/3939/84 1317/3948/84
f 1319/3954/83 1316/3945/83 1315/3942/83 1320/3957/83
f 1324/3967/61 1327/3976/61 1325/3970/61 1322/3961/61
f 1323/3964/85 1324/3968/85 1322/3962/85 1321/3958/85
f 1328/3979/63 1323/3965/63 1321/3959/63 1326/3973/63
f 1327/3977/86 1328/3980/86 1326/3974/86 1325/3971/86
f 1326/3975/84 1321/3960/84 1322/3963/84 1325/3972/84
f 1327/3978/83 1324/3969/83 1323/3966/83 1328/3981/83
f 1332/3991/61 1335/4000/61 1333/3994/61 1330/3985/61
f 1331/3988/85 1332/3992/85 1330/3986/85 1329/3982/85
f 1336/4003/63 1331/3989/63 1329/3983/63 1334/3997/63
f 1335/4001/86 1336/4004/86 1334/3998/86 1333/3995/86
f 1334/3999/84 1329/3984/84 1330/3987/84 1333/3996/84
f 1335/4002/83 1332/3993/83 1331/3990/83 1336/4005/83
f 1340/4015/61 1343/4024/61 1341/4018/61 1338/4009/61
f 1339/4012/85 1340/4016/85 1338/4010/85 1337/4006/85
f 1344/4027/63 1339/4013/63 1337/4007/63 1342/4021/63
f 1343/4025/86 1344/4028/86 1342/4022/86 1341/4019/86
f 1342/4023/84 1337/4008/84 1338/4011/84 1341/4020/84
f 1343/4026/83 1340/4017/83 1339/4014/83 1344/4029/83
f 1348/4039/61 1351/4048/61 1349/4042/61 1346/4033/61
f 1347/4036/85 1348/4040/85 1346/4034/85 1345/4030/85
f 1352/4051/63 1347/4037/63 1345/4031/63 1350/4045/63
f 1351/4049/86 1352/4052/86 1350/4046/86 1349/4043/86
f 1350/4047/84 1345/4032/84 1346/4035/84 1349/4044/84
f 1351/4050/83 1348/4041/83 1347/4038/83 1352/4053/83
f 1356/4063/84 1359/4072/84 1357/4066/84 1354/4057/84
f 1355/4060/85 1356/4064/85 1354/4058/85 1353/4054/85
f 1360/4075/83 1355/4061/83 1353/4055/83 1358/4069/83
f 1359/4073/86 1360/4076/86 1358/4070/86 1357/4067/86
f 1358/4071/63 1353/4056/63 1354/4059/63 1357/4068/63
f 1359/4074/61 1356/4065/61 1355/4062/61 1360/4077/61
f 1364/4087/84 1367/4096/84 1365/4090/84 1362/4081/84
f 1363/4084/85 1364/4088/85 1362/4082/85 1361/4078/85
f 1368/4099/83 1363/4085/83 1361/4079/83 1366/4093/83
f 1367/4097/86 1368/4100/86 1366/4094/86 1365/4091/86
f 1366/4095/63 1361/4080/63 1362/4083/63 1365/4092/63
f 1367/4098/61 1364/4089/61 1363/4086/61 1368/4101/61
f 1372/4111/61 1375/4120/61 1373/4114/61 1370/4105/61
f 1371/4108/85 1372/4112/85 1370/4106/85 1369/4102/85
f 1376/4123/63 1371/4109/63 1369/4103/63 1374/4117/63
f 1375/4121/86 1376/4124/86 1374/4118/86 1373/4115/86
f 1374/4119/84 1369/4104/84 1370/4107/84 1373/4116/84
f 1375/4122/83 1372/4113/83 1371/4110/83 1376/4125/83
f 1380/4135/147 1383/4144/147 1381/4138/147 1378/4129/147
f 1379/4132/61 1380/4136/61 1378/4130/61 1377/4126/61
f 1384/4147/148 1379/4133/148 1377/4127/148 1382/4141/148
f 1383/4145/63 1384/4148/63 1382/4142/63 1381/4139/63
f 1382/4143/149 1377/4128/149 1378/4131/149 1381/4140/149
f 1383/4146/150 1380/4137/150 1379/4134/150 1384/4149/150
f 1388/4159/86 1391/4168/86 1389/4162/86 1386/4153/86
f 1387/4156/61 1388/4160/61 1386/4154/61 1385/4150/61
f 1392/4171/85 1387/4157/85 1385/4151/85 1390/4165/85
f 1391/4169/63 1392/4172/63 1390/4166/63 1389/4163/63
f 1390/4167/84 1385/4152/84 1386/4155/84 1389/4164/84
f 1391/4170/83 1388/4161/83 1387/4158/83 1392/4173/83
f 1396/4183/147 1399/4192/147 1397/4186/147 1394/4177/147
f 1395/4180/61 1396/4184/61 1394/4178/61 1393/4174/61
f 1400/4195/148 1395/4181/148 1393/4175/148 1398/4189/148
f 1399/4193/63 1400/4196/63 1398/4190/63 1397/4187/63
f 1398/4191/149 1393/4176/149 1394/4179/149 1397/4188/149
f 1399/4194/150 1396/4185/150 1395/4182/150 1400/4197/150
f 1404/4207/150 1407/4216/150 1405/4210/150 1402/4201/150
f 1403/4204/61 1404/4208/61 1402/4202/61 1401/4198/61
f 1408/4219/149 1403/4205/149 1401/4199/149 1406/4213/149
f 1407/4217/63 1408/4220/63 1406/4214/63 1405/4211/63
f 1406/4215/147 1401/4200/147 1402/4203/147 1405/4212/147
f 1407/4218/148 1404/4209/148 1403/4206/148 1408/4221/148
f 1412/4231/86 1415/4240/86 1413/4234/86 1410/4225/86
f 1411/4228/61 1412/4232/61 1410/4226/61 1409/4222/61
f 1416/4243/85 1411/4229/85 1409/4223/85 1414/4237/85
f 1415/4241/63 1416/4244/63 1414/4238/63 1413/4235/63
f 1414/4239/84 1409/4224/84 1410/4227/84 1413/4236/84
f 1415/4242/83 1412/4233/83 1411/4230/83 1416/4245/83
f 1420/4255/150 1423/4264/150 1421/4258/150 1418/4249/150
f 1419/4252/61 1420/4256/61 1418/4250/61 1417/4246/61
f 1424/4267/149 1419/4253/149 1417/4247/149 1422/4261/149
f 1423/4265/63 1424/4268/63 1422/4262/63 1421/4259/63
f 1422/4263/147 1417/4248/147 1418/4251/147 1421/4260/147
f 1423/4266/148 1420/4257/148 1419/4254/148 1424/4269/148
f 1428/4279/86 1431/4288/86 1429/4282/86 1426/4273/86
f 1427/4276/61 1428/4280/61 1426/4274/61 1425/4270/61
f 1432/4291/85 1427/4277/85 1425/4271/85 1430/4285/85
f 1431/4289/63 1432/4292/63 1430/4286/63 1429/4283/63
f 1430/4287/84 1425/4272/84 1426/4275/84 1429/4284/84
f 1431/4290/83 1428/4281/83 1427/4278/83 1432/4293/83
f 1436/4303/86 1439/4312/86 1437/4306/86 1434/4297/86
f 1435/4300/61 1436/4304/61 1434/4298/61 1433/4294/61
f 1440/4315/85 1435/4301/85 1433/4295/85 1438/4309/85
f 1439/4313/63 1440/4316/63 1438/4310/63 1437/4307/63
f 1438/4311/84 1433/4296/84 1434/4299/84 1437/4308/84
f 1439/4314/83 1436/4305/83 1435/4302/83 1440/4317/83
f 1444/4327/151 1447/4336/151 1445/4330/151 1442/4321/151
f 1443/4324/152 1444/4328/152 1442/4322/152 1441/4318/152
f 1448/4339/153 1443/4325/153 1441/4319/153 1446/4333/153
f 1447/4337/154 1448/4340/154 1446/4334/154 1445/4331/154
f 1446/4335/155 1441/4320/155 1442/4323/155 1445/4332/155
f 1447/4338/156 1444/4329/156 1443/4326/156 1448/4341/156
f 1452/4351/151 1455/4360/151 1453/4354/151 1450/4345/151
f 1451/4348/152 1452/4352/152 1450/4346/152 1449/4342/152
f 1456/4363/153 1451/4349/153 1449/4343/153 1454/4357/153
f 1455/4361/154 1456/4364/154 1454/4358/154 1453/4355/154
f 1454/4359/155 1449/4344/155 1450/4347/155 1453/4356/155
f 1455/4362/156 1452/4353/156 1451/4350/156 1456/4365/156
f 1460/4375/61 1463/4384/61 1461/4378/61 1458/4369/61
f 1459/4372/83 1460/4376/83 1458/4370/83 1457/4366/83
f 1464/4387/63 1459/4373/63 1457/4367/63 1462/4381/63
f 1463/4385/84 1464/4388/84 1462/4382/84 1461/4379/84
f 1462/4383/85 1457/4368/85 1458/4371/85 1461/4380/85
f 1463/4386/86 1460/4377/86 1459/4374/86 1464/4389/86
f 1468/4399/61 1471/4408/61 1469/4402/61 1466/4393/61
f 1467/4396/84 1468/4400/84 1466/4394/84 1465/4390/84
f 1472/4411/63 1467/4397/63 1465/4391/63 1470/4405/63
f 1471/4409/83 1472/4412/83 1470/4406/83 1469/4403/83
f 1470/4407/86 1465/4392/86 1466/4395/86 1469/4404/86
f 1471/4410/85 1468/4401/85 1467/4398/85 1472/4413/85
f 1476/4423/61 1479/4432/61 1477/4426/61 1474/4417/61
f 1475/4420/83 1476/4424/83 1474/4418/83 1473/4414/83
f 1480/4435/63 1475/4421/63 1473/4415/63 1478/4429/63
f 1479/4433/84 1480/4436/84 1478/4430/84 1477/4427/84
f 1478/4431/85 1473/4416/85 1474/4419/85 1477/4428/85
f 1479/4434/86 1476/4425/86 1475/4422/86 1480/4437/86
f 1484/4447/61 1487/4456/61 1485/4450/61 1482/4441/61
f 1483/4444/84 1484/4448/84 1482/4442/84 1481/4438/84
f 1488/4459/63 1483/4445/63 1481/4439/63 1486/4453/63
f 1487/4457/83 1488/4460/83 1486/4454/83 1485/4451/83
f 1486/4455/86 1481/4440/86 1482/4443/86 1485/4452/86
f 1487/4458/85 1484/4449/85 1483/4446/85 1488/4461/85
f 1492/4471/151 1495/4480/151 1493/4474/151 1490/4465/151
f 1491/4468/85 1492/4472/85 1490/4466/85 1489/4462/85
f 1496/4483/153 1491/4469/153 1489/4463/153 1494/4477/153
f 1495/4481/86 1496/4484/86 1494/4478/86 1493/4475/86
f 1494/4479/157 1489/4464/157 1490/4467/157 1493/4476/157
f 1495/4482/158 1492/4473/158 1491/4470/158 1496/4485/158
f 1500/4495/61 1503/4504/61 1501/4498/61 1498/4489/61
f 1499/4492/85 1500/4496/85 1498/4490/85 1497/4486/85
f 1504/4507/63 1499/4493/63 1497/4487/63 1502/4501/63
f 1503/4505/86 1504/4508/86 1502/4502/86 1501/4499/86
f 1502/4503/84 1497/4488/84 1498/4491/84 1501/4500/84
f 1503/4506/83 1500/4497/83 1499/4494/83 1504/4509/83
f 1508/4519/61 1511/4528/61 1509/4522/61 1506/4513/61
f 1507/4516/85 1508/4520/85 1506/4514/85 1505/4510/85
f 1512/4531/63 1507/4517/63 1505/4511/63 1510/4525/63
f 1511/4529/86 1512/4532/86 1510/4526/86 1509/4523/86
f 1510/4527/84 1505/4512/84 1506/4515/84 1509/4524/84
f 1511/4530/83 1508/4521/83 1507/4518/83 1512/4533/83
f 1516/4543/61 1519/4552/61 1517/4546/61 1514/4537/61
f 1515/4540/85 1516/4544/85 1514/4538/85 1513/4534/85
f 1520/4555/63 1515/4541/63 1513/4535/63 1518/4549/63
f 1519/4553/86 1520/4556/86 1518/4550/86 1517/4547/86
f 1518/4551/84 1513/4536/84 1514/4539/84 1517/4548/84
f 1519/4554/83 1516/4545/83 1515/4542/83 1520/4557/83
f 1524/4567/61 1527/4576/61 1525/4570/61 1522/4561/61
f 1523/4564/85 1524/4568/85 1522/4562/85 1521/4558/85
f 1528/4579/63 1523/4565/63 1521/4559/63 1526/4573/63
f 1527/4577/86 1528/4580/86 1526/4574/86 1525/4571/86
f 1526/4575/84 1521/4560/84 1522/4563/84 1525/4572/84
f 1527/4578/83 1524/4569/83 1523/4566/83 1528/4581/83
f 1532/4591/61 1535/4600/61 1533/4594/61 1530/4585/61
f 1531/4588/85 1532/4592/85 1530/4586/85 1529/4582/85
f 1536/4603/63 1531/4589/63 1529/4583/63 1534/4597/63
f 1535/4601/86 1536/4604/86 1534/4598/86 1533/4595/86
f 1534/4599/84 1529/4584/84 1530/4587/84 1533/4596/84
f 1535/4602/83 1532/4593/83 1531/4590/83 1536/4605/83
f 1540/4615/61 1543/4624/61 1541/4618/61 1538/4609/61
f 1539/4612/85 1540/4616/85 1538/4610/85 1537/4606/85
f 1544/4627/63 1539/4613/63 1537/4607/63 1542/4621/63
f 1543/4625/86 1544/4628/86 1542/4622/86 1541/4619/86
f 1542/4623/84 1537/4608/84 1538/4611/84 1541/4620/84
f 1543/4626/83 1540/4617/83 1539/4614/83 1544/4629/83
f 1548/4639/113 1551/4648/113 1549/4642/113 1546/4633/113
f 1547/4636/111 1548/4640/111 1546/4634/111 1545/4630/111
f 1552/4651/114 1547/4637/114 1545/4631/114 1550/4645/114
f 1551/4649/159 1552/4652/159 1550/4646/159 1549/4643/159
f 1550/4647/84 1545/4632/84 1546/4635/84 1549/4644/84
f 1551/4650/83 1548/4641/83 1547/4638/83 1552/4652/83
f 1556/4662/160 1559/4671/160 1557/4665/160 1554/4656/160
f 1555/4659/161 1556/4663/161 1554/4657/161 1553/4653/161
f 1560/4674/162 1555/4660/162 1553/4654/162 1558/4668/162
f 1559/4672/87 1560/4675/87 1558/4669/87 1557/4666/87
f 1558/4670/84 1553/4655/84 1554/4658/84 1557/4667/84
f 1559/4673/83 1556/4664/83 1555/4661/83 1560/4676/83
f 1564/4686/61 1567/4695/61 1565/4689/61 1562/4680/61
f 1563/4683/85 1564/4687/85 1562/4681/85 1561/4677/85
f 1568/4698/63 1563/4684/63 1561/4678/63 1566/4692/63
f 1567/4696/86 1568/4699/86 1566/4693/86 1565/4690/86
f 1566/4694/84 1561/4679/84 1562/4682/84 1565/4691/84
f 1567/4697/83 1564/4688/83 1563/4685/83 1568/4700/83
f 1572/4710/61 1575/4719/61 1573/4713/61 1570/4704/61
f 1571/4707/85 1572/4711/85 1570/4705/85 1569/4701/85
f 1576/4722/63 1571/4708/63 1569/4702/63 1574/4716/63
f 1575/4720/86 1576/4723/86 1574/4717/86 1573/4714/86
f 1574/4718/84 1569/4703/84 1570/4706/84 1573/4715/84
f 1575/4721/83 1572/4712/83 1571/4709/83 1576/4724/83
f 1580/4734/61 1583/4743/61 1581/4737/61 1578/4728/61
f 1579/4731/85 1580/4735/85 1578/4729/85 1577/4725/85
f 1584/4746/63 1579/4732/63 1577/4726/63 1582/4740/63
f 1583/4744/86 1584/4747/86 1582/4741/86 1581/4738/86
f 1582/4742/84 1577/4727/84 1578/4730/84 1581/4739/84
f 1583/4745/83 1580/4736/83 1579/4733/83 1584/4748/83
f 1588/4758/61 1591/4767/61 1589/4761/61 1586/4752/61
f 1587/4755/85 1588/4759/85 1586/4753/85 1585/4749/85
f 1592/4770/63 1587/4756/63 1585/4750/63 1590/4764/63
f 1591/4768/86 1592/4771/86 1590/4765/86 1589/4762/86
f 1590/4766/84 1585/4751/84 1586/4754/84 1589/4763/84
f 1591/4769/83 1588/4760/83 1587/4757/83 1592/4772/83
f 1596/4782/61 1599/4791/61 1597/4785/61 1594/4776/61
f 1595/4779/85 1596/4783/85 1594/4777/85 1593/4773/85
f 1600/4794/63 1595/4780/63 1593/4774/63 1598/4788/63
f 1599/4792/86 1600/4795/86 1598/4789/86 1597/4786/86
f 1598/4790/84 1593/4775/84 1594/4778/84 1597/4787/84
f 1599/4793/83 1596/4784/83 1595/4781/83 1600/4796/83
f 1604/4806/61 1607/4815/61 1605/4809/61 1602/4800/61
f 1603/4803/85 1604/4807/85 1602/4801/85 1601/4797/85
f 1608/4818/63 1603/4804/63 1601/4798/63 1606/4812/63
f 1607/4816/86 1608/4819/86 1606/4813/86 1605/4810/86
f 1606/4814/84 1601/4799/84 1602/4802/84 1605/4811/84
f 1607/4817/83 1604/4808/83 1603/4805/83 1608/4820/83
f 1612/4830/61 1615/4839/61 1613/4833/61 1610/4824/61
f 1611/4827/85 1612/4831/85 1610/4825/85 1609/4821/85
f 1616/4842/63 1611/4828/63 1609/4822/63 1614/4836/63
f 1615/4840/86 1616/4843/86 1614/4837/86 1613/4834/86
f 1614/4838/84 1609/4823/84 1610/4826/84 1613/4835/84
f 1615/4841/83 1612/4832/83 1611/4829/83 1616/4844/83
f 1620/4854/61 1623/4863/61 1621/4857/61 1618/4848/61
f 1619/4851/85 1620/4855/85 1618/4849/85 1617/4845/85
f 1624/4866/63 1619/4852/63 1617/4846/63 1622/4860/63
f 1623/4864/86 1624/4867/86 1622/4861/86 1621/4858/86
f 1622/4862/84 1617/4847/84 1618/4850/84 1621/4859/84
f 1623/4865/83 1620/4856/83 1619/4853/83 1624/4868/83
f 1628/4878/61 1631/4887/61 1629/4881/61 1626/4872/61
f 1627/4875/85 1628/4879/85 1626/4873/85 1625/4869/85
f 1632/4890/63 1627/4876/63 1625/4870/63 1630/4884/63
f 1631/4888/86 1632/4891/86 1630/4885/86 1629/4882/86
f 1630/4886/84 1625/4871/84 1626/4874/84 1629/4883/84
f 1631/4889/83 1628/4880/83 1627/4877/83 1632/4892/83
f 1636/4902/61 1639/4911/61 1637/4905/61 1634/4896/61
f 1635/4899/91 1636/4903/91 1634/4897/91 1633/4893/91
f 1640/4914/63 1635/4900/63 1633/4894/63 1638/4908/63
f 1639/4912/92 1640/4915/92 1638/4909/92 1637/4906/92
f 1638/4910/93 1633/4895/93 1634/4898/93 1637/4907/93
f 1639/4913/94 1636/4904/94 1635/4901/94 1640/4916/94
f 1644/4926/61 1647/4935/61 1645/4929/61 1642/4920/61
f 1643/4923/73 1644/4927/73 1642/4921/73 1641/4917/73
f 1648/4938/63 1643/4924/63 1641/4918/63 1646/4932/63
f 1647/4936/74 1648/4939/74 1646/4933/74 1645/4930/74
f 1646/4934/75 1641/4919/75 1642/4922/75 1645/4931/75
f 1647/4937/76 1644/4928/76 1643/4925/76 1648/4940/76
f 1652/4950/163 1655/4959/163 1653/4953/163 1650/4944/163
f 1651/4947/73 1652/4951/73 1650/4945/73 1649/4941/73
f 1656/4962/164 1651/4948/164 1649/4942/164 1654/4956/164
f 1655/4960/74 1656/4963/74 1654/4957/74 1653/4954/74
f 1654/4958/165 1649/4943/165 1650/4946/165 1653/4955/165
f 1655/4961/166 1652/4952/166 1651/4949/166 1656/4964/166
f 1660/4974/61 1663/4983/61 1661/4977/61 1658/4968/61
f 1659/4971/73 1660/4975/73 1658/4969/73 1657/4965/73
f 1664/4986/63 1659/4972/63 1657/4966/63 1662/4980/63
f 1663/4984/74 1664/4987/74 1662/4981/74 1661/4978/74
f 1662/4982/75 1657/4967/75 1658/4970/75 1661/4979/75
f 1663/4985/76 1660/4976/76 1659/4973/76 1664/4988/76
f 1668/4998/61 1671/5007/61 1669/5001/61 1666/4992/61
f 1667/4995/85 1668/4999/85 1666/4993/85 1665/4989/85
f 1672/5010/63 1667/4996/63 1665/4990/63 1670/5004/63
f 1671/5008/86 1672/5011/86 1670/5005/86 1669/5002/86
f 1670/5006/84 1665/4991/84 1666/4994/84 1669/5003/84
f 1671/5009/83 1668/5000/83 1667/4997/83 1672/5012/83
f 1676/5022/61 1679/5031/61 1677/5025/61 1674/5016/61
f 1675/5019/91 1676/5023/91 1674/5017/91 1673/5013/91
f 1680/5034/63 1675/5020/63 1673/5014/63 1678/5028/63
f 1679/5032/92 1680/5035/92 1678/5029/92 1677/5026/92
f 1678/5030/93 1673/5015/93 1674/5018/93 1677/5027/93
f 1679/5033/96 1676/5024/96 1675/5021/96 1680/5036/96
f 1684/5046/67 1687/5055/67 1685/5049/67 1682/5040/67
f 1683/5043/68 1684/5047/68 1682/5041/68 1681/5037/68
f 1688/5058/69 1683/5044/69 1681/5038/69 1686/5052/69
f 1687/5056/70 1688/5059/70 1686/5053/70 1685/5050/70
f 1686/5054/71 1681/5039/71 1682/5042/71 1685/5051/71
f 1687/5057/72 1684/5048/72 1683/5045/72 1688/5060/72
f 1692/5070/167 1695/5079/167 1693/5073/167 1690/5064/167
f 1691/5067/168 1692/5071/168 1690/5065/168 1689/5061/168
f 1696/5082/169 1691/5068/169 1689/5062/169 1694/5076/169
f 1695/5080/170 1696/5083/170 1694/5077/170 1693/5074/170
f 1694/5078/171 1689/5063/171 1690/5066/171 1693/5075/171
f 1695/5081/172 1692/5072/172 1691/5069/172 1696/5084/172
f 1700/5094/77 1703/5103/77 1701/5097/77 1698/5088/77
f 1699/5091/73 1700/5095/73 1698/5089/73 1697/5085/73
f 1704/5106/78 1699/5092/78 1697/5086/78 1702/5100/78
f 1703/5104/74 1704/5107/74 1702/5101/74 1701/5098/74
f 1702/5102/79 1697/5087/79 1698/5090/79 1701/5099/79
f 1703/5105/80 1700/5096/80 1699/5093/80 1704/5108/80
f 1708/5118/61 1711/5127/61 1709/5121/61 1706/5112/61
f 1707/5115/85 1708/5119/85 1706/5113/85 1705/5109/85
f 1712/5130/63 1707/5116/63 1705/5110/63 1710/5124/63
f 1711/5128/86 1712/5131/86 1710/5125/86 1709/5122/86
f 1710/5126/84 1705/5111/84 1706/5114/84 1709/5123/84
f 1711/5129/83 1708/5120/83 1707/5117/83 1712/5132/83
f 1716/5142/173 1719/5151/173 1717/5145/173 1714/5136/173
f 1715/5139/85 1716/5143/85 1714/5137/85 1713/5133/85
f 1720/5154/174 1715/5140/174 1713/5134/174 1718/5148/174
f 1719/5152/86 1720/5155/86 1718/5149/86 1717/5146/86
f 1718/5150/175 1713/5135/175 1714/5138/175 1717/5147/175
f 1719/5153/176 1716/5144/176 1715/5141/176 1720/5156/176
f 1724/5166/177 1727/5175/177 1725/5169/177 1722/5160/177
f 1723/5163/85 1724/5167/85 1722/5161/85 1721/5157/85
f 1728/5178/178 1723/5164/178 1721/5158/178 1726/5172/178
f 1727/5176/86 1728/5179/86 1726/5173/86 1725/5170/86
f 1726/5174/179 1721/5159/179 1722/5162/179 1725/5171/179
f 1727/5177/180 1724/5168/180 1723/5165/180 1728/5180/180
f 1732/5190/181 1735/5199/181 1733/5193/181 1730/5184/181
f 1731/5187/85 1732/5191/85 1730/5185/85 1729/5181/85
f 1736/5202/182 1731/5188/182 1729/5182/182 1734/5196/182
f 1735/5200/86 1736/5203/86 1734/5197/86 1733/5194/86
f 1734/5198/183 1729/5183/183 1730/5186/183 1733/5195/183
f 1735/5201/184 1732/5192/184 1731/5189/184 1736/5204/184
f 1740/5214/85 1743/5223/85 1741/5217/85 1738/5208/85
f 1739/5211/63 1740/5215/63 1738/5209/63 1737/5205/63
f 1744/5226/86 1739/5212/86 1737/5206/86 1742/5220/86
f 1743/5224/61 1744/5227/61 1742/5221/61 1741/5218/61
f 1742/5222/84 1737/5207/84 1738/5210/84 1741/5219/84
f 1743/5225/83 1740/5216/83 1739/5213/83 1744/5228/83
f 1748/5238/85 1751/5247/85 1749/5241/85 1746/5232/85
f 1747/5235/63 1748/5239/63 1746/5233/63 1745/5229/63
f 1752/5250/86 1747/5236/86 1745/5230/86 1750/5244/86
f 1751/5248/61 1752/5251/61 1750/5245/61 1749/5242/61
f 1750/5246/84 1745/5231/84 1746/5234/84 1749/5243/84
f 1751/5249/83 1748/5240/83 1747/5237/83 1752/5252/83
f 1756/5262/85 1759/5271/85 1757/5265/85 1754/5256/85
f 1755/5259/63 1756/5263/63 1754/5257/63 1753/5253/63
f 1760/5274/86 1755/5260/86 1753/5254/86 1758/5268/86
f 1759/5272/61 1760/5275/61 1758/5269/61 1757/5266/61
f 1758/5270/84 1753/5255/84 1754/5258/84 1757/5267/84
f 1759/5273/83 1756/5264/83 1755/5261/83 1760/5276/83
f 1764/5286/185 1767/5295/185 1765/5289/185 1762/5280/185
f 1763/5283/85 1764/5287/85 1762/5281/85 1761/5277/85
f 1768/5298/186 1763/5284/186 1761/5278/186 1766/5292/186
f 1767/5296/86 1768/5299/86 1766/5293/86 1765/5290/86
f 1766/5294/187 1761/5279/187 1762/5282/187 1765/5291/187
f 1767/5297/188 1764/5288/188 1763/5285/188 1768/5300/188
f 1772/5310/61 1775/5319/61 1773/5313/61 1770/5304/61
f 1771/5307/85 1772/5311/85 1770/5305/85 1769/5301/85
f 1776/5322/63 1771/5308/63 1769/5302/63 1774/5316/63
f 1775/5320/86 1776/5323/86 1774/5317/86 1773/5314/86
f 1774/5318/84 1769/5303/84 1770/5306/84 1773/5315/84
f 1775/5321/83 1772/5312/83 1771/5309/83 1776/5324/83
f 1780/5334/77 1783/5343/77 1781/5337/77 1778/5328/77
f 1779/5331/73 1780/5335/73 1778/5329/73 1777/5325/73
f 1784/5346/78 1779/5332/78 1777/5326/78 1782/5340/78
f 1783/5344/74 1784/5347/74 1782/5341/74 1781/5338/74
f 1782/5342/79 1777/5327/79 1778/5330/79 1781/5339/79
f 1783/5345/82 1780/5336/82 1779/5333/82 1784/5348/82
f 1788/5358/189 1791/5367/189 1789/5361/189 1786/5352/189
f 1787/5355/190 1788/5359/190 1786/5353/190 1785/5349/190
f 1792/5370/191 1787/5356/191 1785/5350/191 1790/5364/191
f 1791/5368/192 1792/5371/192 1790/5365/192 1789/5362/192
f 1790/5366/193 1785/5351/193 1786/5354/193 1789/5363/193
f 1791/5369/194 1788/5360/194 1787/5357/194 1792/5372/194
f 1796/5382/151 1799/5391/151 1797/5385/151 1794/5376/151
f 1795/5379/85 1796/5383/85 1794/5377/85 1793/5373/85
f 1800/5394/153 1795/5380/153 1793/5374/153 1798/5388/153
f 1799/5392/86 1800/5395/86 1798/5389/86 1797/5386/86
f 1798/5390/157 1793/5375/157 1794/5378/157 1797/5387/157
f 1799/5393/158 1796/5384/158 1795/5381/158 1800/5396/158
f 1804/5406/61 1807/5415/61 1805/5409/61 1802/5400/61
f 1803/5403/73 1804/5407/73 1802/5401/73 1801/5397/73
f 1808/5418/63 1803/5404/63 1801/5398/63 1806/5412/63
f 1807/5416/74 1808/5419/74 1806/5413/74 1805/5410/74
f 1806/5414/75 1801/5399/75 1802/5402/75 1805/5411/75
f 1807/5417/76 1804/5408/76 1803/5405/76 1808/5420/76
f 1812/5430/151 1815/5439/151 1813/5433/151 1810/5424/151
f 1811/5427/85 1812/5431/85 1810/5425/85 1809/5421/85
f 1816/5442/153 1811/5428/153 1809/5422/153 1814/5436/153
f 1815/5440/86 1816/5443/86 1814/5437/86 1813/5434/86
f 1814/5438/157 1809/5423/157 1810/5426/157 1813/5435/157
f 1815/5441/158 1812/5432/158 1811/5429/158 1816/5444/158
f 1820/5454/195 1823/5463/195 1821/5457/195 1818/5448/195
f 1819/5451/196 1820/5455/196 1818/5449/196 1817/5445/196
f 1824/5466/197 1819/5452/197 1817/5446/197 1822/5460/197
f 1823/5464/198 1824/5467/198 1822/5461/198 1821/5458/198
f 1822/5462/85 1817/5447/85 1818/5450/85 1821/5459/85
f 1823/5465/86 1820/5456/86 1819/5453/86 1824/5468/86
f 1828/5478/199 1831/5487/199 1829/5481/199 1826/5472/199
f 1827/5475/200 1828/5479/200 1826/5473/200 1825/5469/200
f 1832/5490/201 1827/5476/201 1825/5470/201 1830/5484/201
f 1831/5488/202 1832/5491/202 1830/5485/202 1829/5482/202
f 1830/5486/85 1825/5471/85 1826/5474/85 1829/5483/85
f 1831/5489/86 1828/5480/86 1827/5477/86 1832/5492/86
f 1836/5502/61 1839/5511/61 1837/5505/61 1834/5496/61
f 1835/5499/85 1836/5503/85 1834/5497/85 1833/5493/85
f 1840/5514/63 1835/5500/63 1833/5494/63 1838/5508/63
f 1839/5512/86 1840/5515/86 1838/5509/86 1837/5506/86
f 1838/5510/84 1833/5495/84 1834/5498/84 1837/5507/84
f 1839/5513/83 1836/5504/83 1835/5501/83 1840/5516/83
f 1844/5526/61 1847/5535/61 1845/5529/61 1842/5520/61
f 1843/5523/85 1844/5527/85 1842/5521/85 1841/5517/85
f 1848/5538/63 1843/5524/63 1841/5518/63 1846/5532/63
f 1847/5536/86 1848/5539/86 1846/5533/86 1845/5530/86
f 1846/5534/84 1841/5519/84 1842/5522/84 1845/5531/84
f 1847/5537/83 1844/5528/83 1843/5525/83 1848/5540/83
f 1852/5550/85 1855/5559/85 1853/5553/85 1850/5544/85
f 1851/5547/63 1852/5551/63 1850/5545/63 1849/5541/63
f 1856/5562/86 1851/5548/86 1849/5542/86 1854/5556/86
f 1855/5560/61 1856/5563/61 1854/5557/61 1853/5554/61
f 1854/5558/84 1849/5543/84 1850/5546/84 1853/5555/84
f 1855/5561/83 1852/5552/83 1851/5549/83 1856/5564/83
f 1860/5574/203 1863/5583/203 1861/5577/203 1858/5568/203
f 1859/5571/204 1860/5575/204 1858/5569/204 1857/5565/204
f 1864/5586/205 1859/5572/205 1857/5566/205 1862/5580/205
f 1863/5584/206 1864/5587/206 1862/5581/206 1861/5578/206
f 1862/5582/84 1857/5567/84 1858/5570/84 1861/5579/84
f 1863/5585/83 1860/5576/83 1859/5573/83 1864/5588/83
f 1868/5598/85 1871/5607/85 1869/5601/85 1866/5592/85
f 1867/5595/207 1868/5599/207 1866/5593/207 1865/5589/207
f 1872/5610/86 1867/5596/86 1865/5590/86 1870/5604/86
f 1871/5608/208 1872/5611/208 1870/5605/208 1869/5602/208
f 1870/5606/209 1865/5591/209 1866/5594/209 1869/5603/209
f 1871/5609/210 1868/5600/210 1867/5597/210 1872/5612/210
f 1876/5622/211 1879/5631/211 1877/5625/211 1874/5616/211
f 1875/5619/212 1876/5623/212 1874/5617/212 1873/5613/212
f 1880/5634/213 1875/5620/213 1873/5614/213 1878/5628/213
f 1879/5632/214 1880/5635/214 1878/5629/214 1877/5626/214
f 1878/5630/209 1873/5615/209 1874/5618/209 1877/5627/209
f 1879/5633/210 1876/5624/210 1875/5621/210 1880/5636/210
f 1884/5646/85 1887/5655/85 1885/5649/85 1882/5640/85
f 1883/5643/63 1884/5647/63 1882/5641/63 1881/5637/63
f 1888/5658/86 1883/5644/86 1881/5638/86 1886/5652/86
f 1887/5656/61 1888/5659/61 1886/5653/61 1885/5650/61
f 1886/5654/84 1881/5639/84 1882/5642/84 1885/5651/84
f 1887/5657/83 1884/5648/83 1883/5645/83 1888/5660/83
f 1892/5670/85 1895/5679/85 1893/5673/85 1890/5664/85
f 1891/5667/63 1892/5671/63 1890/5665/63 1889/5661/63
f 1896/5682/86 1891/5668/86 1889/5662/86 1894/5676/86
f 1895/5680/61 1896/5683/61 1894/5677/61 1893/5674/61
f 1894/5678/84 1889/5663/84 1890/5666/84 1893/5675/84
f 1895/5681/83 1892/5672/83 1891/5669/83 1896/5684/83
f 1900/5694/85 1903/5703/85 1901/5697/85 1898/5688/85
f 1899/5691/63 1900/5695/63 1898/5689/63 1897/5685/63
f 1904/5706/86 1899/5692/86 1897/5686/86 1902/5700/86
f 1903/5704/61 1904/5707/61 1902/5701/61 1901/5698/61
f 1902/5702/84 1897/5687/84 1898/5690/84 1901/5699/84
f 1903/5705/83 1900/5696/83 1899/5693/83 1904/5708/83
f 1908/5718/85 1911/5727/85 1909/5721/85 1906/5712/85
f 1907/5715/63 1908/5719/63 1906/5713/63 1905/5709/63
f 1912/5730/86 1907/5716/86 1905/5710/86 1910/5724/86
f 1911/5728/61 1912/5731/61 1910/5725/61 1909/5722/61
f 1910/5726/84 1905/5711/84 1906/5714/84 1909/5723/84
f 1911/5729/83 1908/5720/83 1907/5717/83 1912/5732/83
f 1916/5742/85 1919/5751/85 1917/5745/85 1914/5736/85
f 1915/5739/63 1916/5743/63 1914/5737/63 1913/5733/63
f 1920/5754/86 1915/5740/86 1913/5734/86 1918/5748/86
f 1919/5752/61 1920/5755/61 1918/5749/61 1917/5746/61
f 1918/5750/84 1913/5735/84 1914/5738/84 1917/5747/84
f 1919/5753/83 1916/5744/83 1915/5741/83 1920/5756/83
f 1924/5766/85 1927/5775/85 1925/5769/85 1922/5760/85
f 1923/5763/63 1924/5767/63 1922/5761/63 1921/5757/63
f 1928/5778/86 1923/5764/86 1921/5758/86 1926/5772/86
f 1927/5776/61 1928/5779/61 1926/5773/61 1925/5770/61
f 1926/5774/84 1921/5759/84 1922/5762/84 1925/5771/84
f 1927/5777/83 1924/5768/83 1923/5765/83 1928/5780/83
f 1932/5790/85 1935/5799/85 1933/5793/85 1930/5784/85
f 1931/5787/63 1932/5791/63 1930/5785/63 1929/5781/63
f 1936/5802/86 1931/5788/86 1929/5782/86 1934/5796/86
f 1935/5800/61 1936/5803/61 1934/5797/61 1933/5794/61
f 1934/5798/84 1929/5783/84 1930/5786/84 1933/5795/84
f 1935/5801/83 1932/5792/83 1931/5789/83 1936/5804/83
f 1940/5814/61 1943/5823/61 1941/5817/61 1938/5808/61
f 1939/5811/85 1940/5815/85 1938/5809/85 1937/5805/85
f 1944/5826/63 1939/5812/63 1937/5806/63 1942/5820/63
f 1943/5824/86 1944/5827/86 1942/5821/86 1941/5818/86
f 1942/5822/84 1937/5807/84 1938/5810/84 1941/5819/84
f 1943/5825/83 1940/5816/83 1939/5813/83 1944/5828/83
f 1948/5838/209 1951/5847/209 1949/5841/209 1946/5832/209
f 1947/5835/85 1948/5839/85 1946/5833/85 1945/5829/85
f 1952/5850/210 1947/5836/210 1945/5830/210 1950/5844/210
f 1951/5848/86 1952/5851/86 1950/5845/86 1949/5842/86
f 1950/5846/207 1945/5831/207 1946/5834/207 1949/5843/207
f 1951/5849/208 1948/5840/208 1947/5837/208 1952/5852/208
f 1956/5862/84 1959/5871/84 1957/5865/84 1954/5856/84
f 1955/5859/85 1956/5863/85 1954/5857/85 1953/5853/85
f 1960/5874/83 1955/5860/83 1953/5854/83 1958/5868/83
f 1959/5872/86 1960/5875/86 1958/5869/86 1957/5866/86
f 1958/5870/63 1953/5855/63 1954/5858/63 1957/5867/63
f 1959/5873/61 1956/5864/61 1955/5861/61 1960/5876/61
f 1964/5886/215 1967/5895/215 1965/5889/215 1962/5880/215
f 1963/5883/85 1964/5887/85 1962/5881/85 1961/5877/85
f 1968/5898/216 1963/5884/216 1961/5878/216 1966/5892/216
f 1967/5896/86 1968/5899/86 1966/5893/86 1965/5890/86
f 1966/5894/217 1961/5879/217 1962/5882/217 1965/5891/217
f 1967/5897/218 1964/5888/218 1963/5885/218 1968/5900/218
f 1972/5910/61 1975/5919/61 1973/5913/61 1970/5904/61
f 1971/5907/219 1972/5911/219 1970/5905/219 1969/5901/219
f 1976/5922/63 1971/5908/63 1969/5902/63 1974/5916/63
f 1975/5920/220 1976/5923/220 1974/5917/220 1973/5914/220
f 1974/5918/221 1969/5903/221 1970/5906/221 1973/5915/221
f 1975/5921/222 1972/5912/222 1971/5909/222 1976/5924/222
f 1980/5934/61 1983/5943/61 1981/5937/61 1978/5928/61
f 1979/5931/85 1980/5935/85 1978/5929/85 1977/5925/85
f 1984/5946/63 1979/5932/63 1977/5926/63 1982/5940/63
f 1983/5944/86 1984/5947/86 1982/5941/86 1981/5938/86
f 1982/5942/84 1977/5927/84 1978/5930/84 1981/5939/84
f 1983/5945/83 1980/5936/83 1979/5933/83 1984/5948/83
f 1988/5958/61 1991/5967/61 1989/5961/61 1986/5952/61
f 1987/5955/83 1988/5959/83 1986/5953/83 1985/5949/83
f 1992/5970/63 1987/5956/63 1985/5950/63 1990/5964/63
f 1991/5968/84 1992/5971/84 1990/5965/84 1989/5962/84
f 1990/5966/85 1985/5951/85 1986/5954/85 1989/5963/85
f 1991/5969/86 1988/5960/86 1987/5957/86 1992/5972/86
f 1996/5982/61 1999/5991/61 1997/5985/61 1994/5976/61
f 1995/5979/83 1996/5983/83 1994/5977/83 1993/5973/83
f 2000/5994/63 1995/5980/63 1993/5974/63 1998/5988/63
f 1999/5992/84 2000/5995/84 1998/5989/84 1997/5986/84
f 1998/5990/85 1993/5975/85 1994/5978/85 1997/5987/85
f 1999/5993/86 1996/5984/86 1995/5981/86 2000/5996/86
f 2004/6006/223 2007/6015/223 2005/6009/223 2002/6000/223
f 2003/6003/224 2004/6007/224 2002/6001/224 2001/5997/224
f 2008/6018/225 2003/6004/225 2001/5998/225 2006/6012/225
f 2007/6016/226 2008/6019/226 2006/6013/226 2005/6010/226
f 2006/6014/227 2001/5999/227 2002/6002/227 2005/6011/227
f 2007/6017/228 2004/6008/228 2003/6005/228 2008/6020/228
f 2012/6030/61 2015/6039/61 2013/6033/61 2010/6024/61
f 2011/6027/229 2012/6031/229 2010/6025/229 2009/6021/229
f 2016/6042/63 2011/6028/63 2009/6022/63 2014/6036/63
f 2015/6040/230 2016/6043/230 2014/6037/230 2013/6034/230
f 2014/6038/231 2009/6023/231 2010/6026/231 2013/6035/231
f 2015/6041/232 2012/6032/232 2011/6029/232 2016/6044/232
f 2020/6054/61 2023/6063/61 2021/6057/61 2018/6048/61
f 2019/6051/83 2020/6055/83 2018/6049/83 2017/6045/83
f 2024/6066/63 2019/6052/63 2017/6046/63 2022/6060/63
f 2023/6064/84 2024/6067/84 2022/6061/84 2021/6058/84
f 2022/6062/85 2017/6047/85 2018/6050/85 2021/6059/85
f 2023/6065/86 2020/6056/86 2019/6053/86 2024/6068/86
f 2028/6078/61 2031/6087/61 2029/6081/61 2026/6072/61
f 2027/6075/83 2028/6079/83 2026/6073/83 2025/6069/83
f 2032/6090/63 2027/6076/63 2025/6070/63 2030/6084/63
f 2031/6088/84 2032/6091/84 2030/6085/84 2029/6082/84
f 2030/6086/85 2025/6071/85 2026/6074/85 2029/6083/85
f 2031/6089/86 2028/6080/86 2027/6077/86 2032/6092/86
f 2036/6102/61 2039/6111/61 2037/6105/61 2034/6096/61
f 2035/6099/83 2036/6103/83 2034/6097/83 2033/6093/83
f 2040/6114/63 2035/6100/63 2033/6094/63 2038/6108/63
f 2039/6112/84 2040/6115/84 2038/6109/84 2037/6106/84
f 2038/6110/85 2033/6095/85 2034/6098/85 2037/6107/85
f 2039/6113/86 2036/6104/86 2035/6101/86 2040/6116/86
f 2044/6126/233 2047/6135/233 2045/6129/233 2042/6120/233
f 2043/6123/234 2044/6127/234 2042/6121/234 2041/6117/234
f 2048/6138/235 2043/6124/235 2041/6118/235 2046/6132/235
f 2047/6136/236 2048/6139/236 2046/6133/236 2045/6130/236
f 2046/6134/237 2041/6119/237 2042/6122/237 2045/6131/237
f 2047/6137/238 2044/6128/238 2043/6125/238 2048/6140/238
f 2052/6150/239 2055/6159/239 2053/6153/239 2050/6144/239
f 2051/6147/240 2052/6151/240 2050/6145/240 2049/6141/240
f 2056/6162/241 2051/6148/241 2049/6142/241 2054/6156/241
f 2055/6160/242 2056/6163/242 2054/6157/242 2053/6154/242
f 2054/6158/243 2049/6143/243 2050/6146/243 2053/6155/243
f 2055/6161/244 2052/6152/244 2051/6149/244 2056/6164/244
f 2060/6174/61 2063/6183/61 2061/6177/61 2058/6168/61
f 2059/6171/85 2060/6175/85 2058/6169/85 2057/6165/85
f 2064/6186/63 2059/6172/63 2057/6166/63 2062/6180/63
f 2063/6184/86 2064/6187/86 2062/6181/86 2061/6178/86
f 2062/6182/84 2057/6167/84 2058/6170/84 2061/6179/84
f 2063/6185/83 2060/6176/83 2059/6173/83 2064/6188/83
f 2068/6198/245 2071/6207/245 2069/6201/245 2066/6192/245
f 2067/6195/85 2068/6199/85 2066/6193/85 2065/6189/85
f 2072/6210/246 2067/6196/246 2065/6190/246 2070/6204/246
f 2071/6208/86 2072/6211/86 2070/6205/86 2069/6202/86
f 2070/6206/247 2065/6191/247 2066/6194/247 2069/6203/247
f 2071/6209/248 2068/6200/248 2067/6197/248 2072/6212/248
f 2076/6222/61 2079/6231/61 2077/6225/61 2074/6216/61
f 2075/6219/85 2076/6223/85 2074/6217/85 2073/6213/85
f 2080/6234/63 2075/6220/63 2073/6214/63 2078/6228/63
f 2079/6232/86 2080/6235/86 2078/6229/86 2077/6226/86
f 2078/6230/84 2073/6215/84 2074/6218/84 2077/6227/84
f 2079/6233/83 2076/6224/83 2075/6221/83 2080/6236/83
f 2084/6246/249 2087/6255/249 2085/6249/249 2082/6240/249
f 2083/6243/250 2084/6247/250 2082/6241/250 2081/6237/250
f 2088/6258/251 2083/6244/251 2081/6238/251 2086/6252/251
f 2087/6256/252 2088/6259/252 2086/6253/252 2085/6250/252
f 2086/6254/85 2081/6239/85 2082/6242/85 2085/6251/85
f 2087/6257/86 2084/6248/86 2083/6245/86 2088/6260/86
f 2092/6270/249 2095/6279/249 2093/6273/249 2090/6264/249
f 2091/6267/250 2092/6271/250 2090/6265/250 2089/6261/250
f 2096/6282/251 2091/6268/251 2089/6262/251 2094/6276/251
f 2095/6280/252 2096/6283/252 2094/6277/252 2093/6274/252
f 2094/6278/85 2089/6263/85 2090/6266/85 2093/6275/85
f 2095/6281/86 2092/6272/86 2091/6269/86 2096/6284/86
f 2100/6294/61 2103/6303/61 2101/6297/61 2098/6288/61
f 2099/6291/85 2100/6295/85 2098/6289/85 2097/6285/85
f 2104/6306/63 2099/6292/63 2097/6286/63 2102/6300/63
f 2103/6304/86 2104/6307/86 2102/6301/86 2101/6298/86
f 2102/6302/84 2097/6287/84 2098/6290/84 2101/6299/84
f 2103/6305/83 2100/6296/83 2099/6293/83 2104/6308/83
f 2108/6318/61 2111/6327/61 2109/6321/61 2106/6312/61
f 2107/6315/85 2108/6319/85 2106/6313/85 2105/6309/85
f 2112/6330/63 2107/6316/63 2105/6310/63 2110/6324/63
f 2111/6328/86 2112/6331/86 2110/6325/86 2109/6322/86
f 2110/6326/84 2105/6311/84 2106/6314/84 2109/6323/84
f 2111/6329/83 2108/6320/83 2107/6317/83 2112/6332/83
f 2116/6342/173 2119/6351/173 2117/6345/173 2114/6336/173
f 2115/6339/85 2116/6343/85 2114/6337/85 2113/6333/85
f 2120/6354/253 2115/6340/253 2113/6334/253 2118/6348/253
f 2119/6352/86 2120/6355/86 2118/6349/86 2117/6346/86
f 2118/6350/175 2113/6335/175 2114/6338/175 2117/6347/175
f 2119/6353/176 2116/6344/176 2115/6341/176 2120/6356/176
f 2124/6366/254 2127/6375/254 2125/6369/254 2122/6360/254
f 2123/6363/255 2124/6367/255 2122/6361/255 2121/6357/255
f 2128/6378/256 2123/6364/256 2121/6358/256 2126/6372/256
f 2127/6376/257 2128/6379/257 2126/6373/257 2125/6370/257
f 2126/6374/75 2121/6359/75 2122/6362/75 2125/6371/75
f 2127/6377/76 2124/6368/76 2123/6365/76 2128/6380/76
f 2132/6390/167 2135/6399/167 2133/6393/167 2130/6384/167
f 2131/6387/258 2132/6391/258 2130/6385/258 2129/6381/258
f 2136/6402/169 2131/6388/169 2129/6382/169 2134/6396/169
f 2135/6400/259 2136/6403/259 2134/6397/259 2133/6394/259
f 2134/6398/260 2129/6383/260 2130/6386/260 2133/6395/260
f 2135/6401/261 2132/6392/261 2131/6389/261 2136/6404/261
f 2140/6414/61 2143/6423/61 2141/6417/61 2138/6408/61
f 2139/6411/85 2140/6415/85 2138/6409/85 2137/6405/85
f 2144/6426/63 2139/6412/63 2137/6406/63 2142/6420/63
f 2143/6424/86 2144/6427/86 2142/6421/86 2141/6418/86
f 2142/6422/84 2137/6407/84 2138/6410/84 2141/6419/84
f 2143/6425/83 2140/6416/83 2139/6413/83 2144/6428/83
f 2148/6438/61 2151/6447/61 2149/6441/61 2146/6432/61
f 2147/6435/85 2148/6439/85 2146/6433/85 2145/6429/85
f 2152/6450/63 2147/6436/63 2145/6430/63 2150/6444/63
f 2151/6448/86 2152/6451/86 2150/6445/86 2149/6442/86
f 2150/6446/84 2145/6431/84 2146/6434/84 2149/6443/84
f 2151/6449/83 2148/6440/83 2147/6437/83 2152/6452/83
f 2156/6462/61 2159/6471/61 2157/6465/61 2154/6456/61
f 2155/6459/85 2156/6463/85 2154/6457/85 2153/6453/85
f 2160/6474/63 2155/6460/63 2153/6454/63 2158/6468/63
f 2159/6472/86 2160/6475/86 2158/6469/86 2157/6466/86
f 2158/6470/84 2153/6455/84 2154/6458/84 2157/6467/84
f 2159/6473/83 2156/6464/83 2155/6461/83 2160/6476/83
f 2164/6486/61 2167/6495/61 2165/6489/61 2162/6480/61
f 2163/6483/85 2164/6487/85 2162/6481/85 2161/6477/85
f 2168/6498/63 2163/6484/63 2161/6478/63 2166/6492/63
f 2167/6496/86 2168/6499/86 2166/6493/86 2165/6490/86
f 2166/6494/84 2161/6479/84 2162/6482/84 2165/6491/84
f 2167/6497/83 2164/6488/83 2163/6485/83 2168/6500/83
f 2172/6510/61 2175/6519/61 2173/6513/61 2170/6504/61
f 2171/6507/85 2172/6511/85 2170/6505/85 2169/6501/85
f 2176/6522/63 2171/6508/63 2169/6502/63 2174/6516/63
f 2175/6520/86 2176/6523/86 2174/6517/86 2173/6514/86
f 2174/6518/84 2169/6503/84 2170/6506/84 2173/6515/84
f 2175/6521/83 2172/6512/83 2171/6509/83 2176/6524/83
f 2180/6534/86 2183/6543/86 2181/6537/86 2178/6528/86
f 2179/6531/61 2180/6535/61 2178/6529/61 2177/6525/61
f 2184/6546/85 2179/6532/85 2177/6526/85 2182/6540/85
f 2183/6544/63 2184/6547/63 2182/6541/63 2181/6538/63
f 2182/6542/84 2177/6527/84 2178/6530/84 2181/6539/84
f 2183/6545/83 2180/6536/83 2179/6533/83 2184/6548/83
f 2188/6558/262 2191/6567/262 2189/6561/262 2186/6552/262
f 2187/6555/263 2188/6559/263 2186/6553/263 2185/6549/263
f 2192/6570/264 2187/6556/264 2185/6550/264 2190/6564/264
f 2191/6568/265 2192/6571/265 2190/6565/265 2189/6562/265
f 2190/6566/84 2185/6551/84 2186/6554/84 2189/6563/84
f 2191/6569/83 2188/6560/83 2187/6557/83 2192/6572/83
f 2196/6582/266 2199/6591/266 2197/6585/266 2194/6576/266
f 2195/6579/267 2196/6583/267 2194/6577/267 2193/6573/267
f 2200/6594/268 2195/6580/268 2193/6574/268 2198/6588/268
f 2199/6592/269 2200/6595/269 2198/6589/269 2197/6586/269
f 2198/6590/209 2193/6575/209 2194/6578/209 2197/6587/209
f 2199/6593/210 2196/6584/210 2195/6581/210 2200/6596/210
f 2204/6606/86 2207/6615/86 2205/6609/86 2202/6600/86
f 2203/6603/61 2204/6607/61 2202/6601/61 2201/6597/61
f 2208/6618/85 2203/6604/85 2201/6598/85 2206/6612/85
f 2207/6616/63 2208/6619/63 2206/6613/63 2205/6610/63
f 2206/6614/84 2201/6599/84 2202/6602/84 2205/6611/84
f 2207/6617/83 2204/6608/83 2203/6605/83 2208/6620/83
f 2212/6630/86 2215/6639/86 2213/6633/86 2210/6624/86
f 2211/6627/84 2212/6631/84 2210/6625/84 2209/6621/84
f 2216/6642/85 2211/6628/85 2209/6622/85 2214/6636/85
f 2215/6640/83 2216/6643/83 2214/6637/83 2213/6634/83
f 2214/6638/63 2209/6623/63 2210/6626/63 2213/6635/63
f 2215/6641/61 2212/6632/61 2211/6629/61 2216/6644/61
f 2220/6654/61 2223/6663/61 2221/6657/61 2218/6648/61
f 2219/6651/85 2220/6655/85 2218/6649/85 2217/6645/85
f 2224/6666/63 2219/6652/63 2217/6646/63 2222/6660/63
f 2223/6664/86 2224/6667/86 2222/6661/86 2221/6658/86
f 2222/6662/84 2217/6647/84 2218/6650/84 2221/6659/84
f 2223/6665/83 2220/6656/83 2219/6653/83 2224/6668/83
f 2228/6678/61 2231/6687/61 2229/6681/61 2226/6672/61
f 2227/6675/85 2228/6679/85 2226/6673/85 2225/6669/85
f 2232/6690/63 2227/6676/63 2225/6670/63 2230/6684/63
f 2231/6688/86 2232/6691/86 2230/6685/86 2229/6682/86
f 2230/6686/84 2225/6671/84 2226/6674/84 2229/6683/84
f 2231/6689/83 2228/6680/83 2227/6677/83 2232/6692/83
f 2236/6701/61 2239/6710/61 2237/6704/61 2234/6695/61
f 2235/6698/85 2236/6702/85 2234/6696/85 2233/6693/85
f 2240/6713/63 2235/6699/63 2233/6694/63 2238/6707/63
f 2239/6711/86 2240/6714/86 2238/6708/86 2237/6705/86
f 2238/6709/84 2233/6694/84 2234/6697/84 2237/6706/84
f 2239/6712/83 2236/6703/83 2235/6700/83 2240/6715/83
f 2244/6725/61 2247/6734/61 2245/6728/61 2242/6719/61
f 2243/6722/85 2244/6726/85 2242/6720/85 2241/6716/85
f 2248/6737/63 2243/6723/63 2241/6717/63 2246/6731/63
f 2247/6735/86 2248/6738/86 2246/6732/86 2245/6729/86
f 2246/6733/84 2241/6718/84 2242/6721/84 2245/6730/84
f 2247/6736/83 2244/6727/83 2243/6724/83 2248/6739/83
f 2252/6749/270 2255/6758/270 2253/6752/270 2250/6743/270
f 2251/6746/202 2252/6750/202 2250/6744/202 2249/6740/202
f 2256/6761/201 2251/6747/201 2249/6741/201 2254/6755/201
f 2255/6759/200 2256/6762/200 2254/6756/200 2253/6753/200
f 2254/6757/86 2249/6742/86 2250/6745/86 2253/6754/86
f 2255/6760/85 2252/6751/85 2251/6748/85 2256/6763/85
f 2260/6773/271 2263/6782/271 2261/6776/271 2258/6767/271
f 2259/6770/272 2260/6774/272 2258/6768/272 2257/6764/272
f 2264/6785/273 2259/6771/273 2257/6765/273 2262/6779/273
f 2263/6783/274 2264/6786/274 2262/6780/274 2261/6777/274
f 2262/6781/275 2257/6766/275 2258/6769/275 2261/6778/275
f 2263/6784/276 2260/6775/276 2259/6772/276 2264/6787/276
f 2268/6797/61 2271/6806/61 2269/6800/61 2266/6791/61
f 2267/6794/277 2268/6798/277 2266/6792/277 2265/6788/277
f 2272/6809/63 2267/6795/63 2265/6789/63 2270/6803/63
f 2271/6807/278 2272/6810/278 2270/6804/278 2269/6801/278
f 2270/6805/279 2265/6790/279 2266/6793/279 2269/6802/279
f 2271/6808/280 2268/6799/280 2267/6796/280 2272/6811/280
f 2276/6821/61 2279/6830/61 2277/6824/61 2274/6815/61
f 2275/6818/85 2276/6822/85 2274/6816/85 2273/6812/85
f 2280/6833/63 2275/6819/63 2273/6813/63 2278/6827/63
f 2279/6831/86 2280/6834/86 2278/6828/86 2277/6825/86
f 2278/6829/84 2273/6814/84 2274/6817/84 2277/6826/84
f 2279/6832/83 2276/6823/83 2275/6820/83 2280/6835/83
f 2284/6845/173 2287/6854/173 2285/6848/173 2282/6839/173
f 2283/6842/85 2284/6846/85 2282/6840/85 2281/6836/85
f 2288/6857/253 2283/6843/253 2281/6837/253 2286/6851/253
f 2287/6855/86 2288/6858/86 2286/6852/86 2285/6849/86
f 2286/6853/175 2281/6838/175 2282/6841/175 2285/6850/175
f 2287/6856/176 2284/6847/176 2283/6844/176 2288/6859/176
f 2292/6869/209 2295/6878/209 2293/6872/209 2290/6863/209
f 2291/6866/85 2292/6870/85 2290/6864/85 2289/6860/85
f 2296/6881/210 2291/6867/210 2289/6861/210 2294/6875/210
f 2295/6879/86 2296/6882/86 2294/6876/86 2293/6873/86
f 2294/6877/207 2289/6862/207 2290/6865/207 2293/6874/207
f 2295/6880/208 2292/6871/208 2291/6868/208 2296/6883/208
f 2300/6893/86 2303/6902/86 2301/6896/86 2298/6887/86
f 2299/6890/61 2300/6894/61 2298/6888/61 2297/6884/61
f 2304/6905/85 2299/6891/85 2297/6885/85 2302/6899/85
f 2303/6903/63 2304/6906/63 2302/6900/63 2301/6897/63
f 2302/6901/84 2297/6886/84 2298/6889/84 2301/6898/84
f 2303/6904/83 2300/6895/83 2299/6892/83 2304/6907/83
f 2308/6917/61 2311/6926/61 2309/6920/61 2306/6911/61
f 2307/6914/85 2308/6918/85 2306/6912/85 2305/6908/85
f 2312/6929/63 2307/6915/63 2305/6909/63 2310/6923/63
f 2311/6927/86 2312/6930/86 2310/6924/86 2309/6921/86
f 2310/6925/84 2305/6910/84 2306/6913/84 2309/6922/84
f 2311/6928/83 2308/6919/83 2307/6916/83 2312/6931/83
f 2316/6941/86 2319/6950/86 2317/6944/86 2314/6935/86
f 2315/6938/61 2316/6942/61 2314/6936/61 2313/6932/61
f 2320/6953/85 2315/6939/85 2313/6933/85 2318/6947/85
f 2319/6951/63 2320/6954/63 2318/6948/63 2317/6945/63
f 2318/6949/84 2313/6934/84 2314/6937/84 2317/6946/84
f 2319/6952/83 2316/6943/83 2315/6940/83 2320/6955/83
f 2324/6965/61 2327/6974/61 2325/6968/61 2322/6959/61
f 2323/6962/281 2324/6966/281 2322/6960/281 2321/6956/281
f 2328/6977/63 2323/6963/63 2321/6957/63 2326/6971/63
f 2327/6975/282 2328/6978/282 2326/6972/282 2325/6969/282
f 2326/6973/283 2321/6958/283 2322/6961/283 2325/6970/283
f 2327/6976/284 2324/6967/284 2323/6964/284 2328/6979/284
f 2332/6989/285 2335/6998/285 2333/6992/285 2330/6983/285
f 2331/6986/286 2332/6990/286 2330/6984/286 2329/6980/286
f 2336/7001/287 2331/6987/287 2329/6981/287 2334/6995/287
f 2335/6999/288 2336/7002/288 2334/6996/288 2333/6993/288
f 2334/6997/85 2329/6982/85 2330/6985/85 2333/6994/85
f 2335/7000/86 2332/6991/86 2331/6988/86 2336/7003/86
f 2340/7013/61 2343/7022/61 2341/7016/61 2338/7007/61
f 2339/7010/73 2340/7014/73 2338/7008/73 2337/7004/73
f 2344/7025/63 2339/7011/63 2337/7005/63 2342/7019/63
f 2343/7023/74 2344/7026/74 2342/7020/74 2341/7017/74
f 2342/7021/75 2337/7006/75 2338/7009/75 2341/7018/75
f 2343/7024/76 2340/7015/76 2339/7012/76 2344/7027/76
f 2348/7037/61 2351/7046/61 2349/7040/61 2346/7031/61
f 2347/7034/85 2348/7038/85 2346/7032/85 2345/7028/85
f 2352/7049/63 2347/7035/63 2345/7029/63 2350/7043/63
f 2351/7047/86 2352/7050/86 2350/7044/86 2349/7041/86
f 2350/7045/84 2345/7030/84 2346/7033/84 2349/7042/84
f 2351/7048/83 2348/7039/83 2347/7036/83 2352/7051/83
f 2356/7061/61 2359/7070/61 2357/7064/61 2354/7055/61
f 2355/7058/85 2356/7062/85 2354/7056/85 2353/7052/85
f 2360/7073/63 2355/7059/63 2353/7053/63 2358/7067/63
f 2359/7071/86 2360/7074/86 2358/7068/86 2357/7065/86
f 2358/7069/84 2353/7054/84 2354/7057/84 2357/7066/84
f 2359/7072/83 2356/7063/83 2355/7060/83 2360/7075/83
f 2364/7085/61 2367/7094/61 2365/7088/61 2362/7079/61
f 2363/7082/85 2364/7086/85 2362/7080/85 2361/7076/85
f 2368/7097/63 2363/7083/63 2361/7077/63 2366/7091/63
f 2367/7095/86 2368/7098/86 2366/7092/86 2365/7089/86
f 2366/7093/84 2361/7078/84 2362/7081/84 2365/7090/84
f 2367/7096/83 2364/7087/83 2363/7084/83 2368/7099/83
f 2372/7109/61 2375/7118/61 2373/7112/61 2370/7103/61
f 2371/7106/289 2372/7110/289 2370/7104/289 2369/7100/289
f 2376/7121/63 2371/7107/63 2369/7101/63 2374/7115/63
f 2375/7119/290 2376/7122/290 2374/7116/290 2373/7113/290
f 2374/7117/291 2369/7102/291 2370/7105/291 2373/7114/291
f 2375/7120/292 2372/7111/292 2371/7108/292 2376/7123/292
f 2380/7133/61 2383/7142/61 2381/7136/61 2378/7127/61
f 2379/7130/85 2380/7134/85 2378/7128/85 2377/7124/85
f 2384/7145/63 2379/7131/63 2377/7125/63 2382/7139/63
f 2383/7143/86 2384/7146/86 2382/7140/86 2381/7137/86
f 2382/7141/84 2377/7126/84 2378/7129/84 2381/7138/84
f 2383/7144/83 2380/7135/83 2379/7132/83 2384/7147/83
f 2388/7157/61 2391/7166/61 2389/7160/61 2386/7151/61
f 2387/7154/85 2388/7158/85 2386/7152/85 2385/7148/85
f 2392/7169/63 2387/7155/63 2385/7149/63 2390/7163/63
f 2391/7167/86 2392/7170/86 2390/7164/86 2389/7161/86
f 2390/7165/84 2385/7150/84 2386/7153/84 2389/7162/84
f 2391/7168/83 2388/7159/83 2387/7156/83 2392/7171/83
f 2396/7181/293 2399/7190/293 2397/7184/293 2394/7175/293
f 2395/7178/294 2396/7182/294 2394/7176/294 2393/7172/294
f 2400/7193/295 2395/7179/295 2393/7173/295 2398/7187/295
f 2399/7191/296 2400/7194/296 2398/7188/296 2397/7185/296
f 2398/7189/85 2393/7174/85 2394/7177/85 2397/7186/85
f 2399/7192/86 2396/7183/86 2395/7180/86 2400/7195/86
f 2404/7205/293 2407/7214/293 2405/7208/293 2402/7199/293
f 2403/7202/294 2404/7206/294 2402/7200/294 2401/7196/294
f 2408/7217/295 2403/7203/295 2401/7197/295 2406/7211/295
f 2407/7215/296 2408/7218/296 2406/7212/296 2405/7209/296
f 2406/7213/85 2401/7198/85 2402/7201/85 2405/7210/85
f 2407/7216/86 2404/7207/86 2403/7204/86 2408/7219/86
f 2412/7229/151 2415/7238/151 2413/7232/151 2410/7223/151
f 2411/7226/85 2412/7230/85 2410/7224/85 2409/7220/85
f 2416/7241/153 2411/7227/153 2409/7221/153 2414/7235/153
f 2415/7239/86 2416/7242/86 2414/7236/86 2413/7233/86
f 2414/7237/157 2409/7222/157 2410/7225/157 2413/7234/157
f 2415/7240/158 2412/7231/158 2411/7228/158 2416/7243/158
f 2420/7253/151 2423/7262/151 2421/7256/151 2418/7247/151
f 2419/7250/85 2420/7254/85 2418/7248/85 2417/7244/85
f 2424/7265/153 2419/7251/153 2417/7245/153 2422/7259/153
f 2423/7263/86 2424/7266/86 2422/7260/86 2421/7257/86
f 2422/7261/157 2417/7246/157 2418/7249/157 2421/7258/157
f 2423/7264/158 2420/7255/158 2419/7252/158 2424/7267/158
f 2428/7277/84 2431/7286/84 2429/7280/84 2426/7271/84
f 2427/7274/85 2428/7278/85 2426/7272/85 2425/7268/85
f 2432/7289/83 2427/7275/83 2425/7269/83 2430/7283/83
f 2431/7287/86 2432/7290/86 2430/7284/86 2429/7281/86
f 2430/7285/63 2425/7270/63 2426/7273/63 2429/7282/63
f 2431/7288/61 2428/7279/61 2427/7276/61 2432/7291/61
f 2436/7301/61 2439/7310/61 2437/7304/61 2434/7295/61
f 2435/7298/107 2436/7302/107 2434/7296/107 2433/7292/107
f 2440/7313/63 2435/7299/63 2433/7293/63 2438/7307/63
f 2439/7311/108 2440/7314/108 2438/7308/108 2437/7305/108
f 2438/7309/125 2433/7294/125 2434/7297/125 2437/7306/125
f 2439/7312/110 2436/7303/110 2435/7300/110 2440/7315/110
f 2444/7325/61 2447/7334/61 2445/7328/61 2442/7319/61
f 2443/7322/98 2444/7326/98 2442/7320/98 2441/7316/98
f 2448/7337/63 2443/7323/63 2441/7317/63 2446/7331/63
f 2447/7335/100 2448/7338/100 2446/7332/100 2445/7329/100
f 2446/7333/103 2441/7318/103 2442/7321/103 2445/7330/103
f 2447/7336/104 2444/7327/104 2443/7324/104 2448/7339/104
f 2452/7349/297 2455/7358/297 2453/7352/297 2450/7343/297
f 2451/7346/98 2452/7350/98 2450/7344/98 2449/7340/98
f 2456/7361/298 2451/7347/298 2449/7341/298 2454/7355/298
f 2455/7359/100 2456/7362/100 2454/7356/100 2453/7353/100
f 2454/7357/299 2449/7342/299 2450/7345/299 2453/7354/299
f 2455/7360/300 2452/7351/300 2451/7348/300 2456/7363/300
f 2460/7373/61 2463/7382/61 2461/7376/61 2458/7367/61
f 2459/7370/98 2460/7374/98 2458/7368/98 2457/7364/98
f 2464/7385/63 2459/7371/63 2457/7365/63 2462/7379/63
f 2463/7383/100 2464/7386/100 2462/7380/100 2461/7377/100
f 2462/7381/103 2457/7366/103 2458/7369/103 2461/7378/103
f 2463/7384/104 2460/7375/104 2459/7372/104 2464/7387/104
f 2468/7397/301 2471/7406/301 2469/7400/301 2466/7391/301
f 2467/7394/302 2468/7398/302 2466/7392/302 2465/7388/302
f 2472/7409/303 2467/7395/303 2465/7389/303 2470/7403/303
f 2471/7407/304 2472/7410/304 2470/7404/304 2469/7401/304
f 2470/7405/305 2465/7390/305 2466/7393/305 2469/7402/305
f 2471/7408/306 2468/7399/306 2467/7396/306 2472/7411/306
f 2476/7421/97 2479/7430/97 2477/7424/97 2474/7415/97
f 2475/7418/98 2476/7422/98 2474/7416/98 2473/7412/98
f 2480/7433/99 2475/7419/99 2473/7413/99 2478/7427/99
f 2479/7431/100 2480/7434/100 2478/7428/100 2477/7425/100
f 2478/7429/105 2473/7414/105 2474/7417/105 2477/7426/105
f 2479/7432/102 2476/7423/102 2475/7420/102 2480/7435/102
f 2484/7445/97 2487/7454/97 2485/7448/97 2482/7439/97
f 2483/7442/98 2484/7446/98 2482/7440/98 2481/7436/98
f 2488/7457/99 2483/7443/99 2481/7437/99 2486/7451/99
f 2487/7455/100 2488/7458/100 2486/7452/100 2485/7449/100
f 2486/7453/101 2481/7438/101 2482/7441/101 2485/7450/101
f 2487/7456/102 2484/7447/102 2483/7444/102 2488/7459/102
f 2492/7469/61 2495/7478/61 2493/7472/61 2490/7463/61
f 2491/7466/98 2492/7470/98 2490/7464/98 2489/7460/98
f 2496/7481/63 2491/7467/63 2489/7461/63 2494/7475/63
f 2495/7479/100 2496/7482/100 2494/7476/100 2493/7473/100
f 2494/7477/103 2489/7462/103 2490/7465/103 2493/7474/103
f 2495/7480/104 2492/7471/104 2491/7468/104 2496/7483/104
f 2500/7493/307 2503/7502/307 2501/7496/307 2498/7487/307
f 2499/7490/308 2500/7494/308 2498/7488/308 2497/7484/308
f 2504/7505/309 2499/7491/309 2497/7485/309 2502/7499/309
f 2503/7503/310 2504/7506/310 2502/7500/310 2501/7497/310
f 2502/7501/311 2497/7486/311 2498/7489/311 2501/7498/311
f 2503/7504/312 2500/7495/312 2499/7492/312 2504/7507/312
f 2508/7517/313 2511/7526/313 2509/7520/313 2506/7511/313
f 2507/7514/314 2508/7518/314 2506/7512/314 2505/7508/314
f 2512/7529/315 2507/7515/315 2505/7509/315 2510/7523/315
f 2511/7527/316 2512/7530/316 2510/7524/316 2509/7521/316
f 2510/7525/103 2505/7510/103 2506/7513/103 2509/7522/103
f 2511/7528/104 2508/7519/104 2507/7516/104 2512/7531/104
f 2516/7541/307 2519/7550/307 2517/7544/307 2514/7535/307
f 2515/7538/317 2516/7542/317 2514/7536/317 2513/7532/317
f 2520/7553/309 2515/7539/309 2513/7533/309 2518/7547/309
f 2519/7551/318 2520/7554/318 2518/7548/318 2517/7545/318
f 2518/7549/319 2513/7534/319 2514/7537/319 2517/7546/319
f 2519/7552/320 2516/7543/320 2515/7540/320 2520/7555/320
f 2524/7565/321 2527/7574/321 2525/7568/321 2522/7559/321
f 2523/7562/322 2524/7566/322 2522/7560/322 2521/7556/322
f 2528/7577/323 2523/7563/323 2521/7557/323 2526/7571/323
f 2527/7575/324 2528/7578/324 2526/7572/324 2525/7569/324
f 2526/7573/325 2521/7558/325 2522/7561/325 2525/7570/325
f 2527/7576/326 2524/7567/326 2523/7564/326 2528/7579/326
f 2532/7589/327 2535/7598/327 2533/7592/327 2530/7583/327
f 2531/7586/328 2532/7590/328 2530/7584/328 2529/7580/328
f 2536/7601/329 2531/7587/329 2529/7581/329 2534/7595/329
f 2535/7599/330 2536/7602/330 2534/7596/330 2533/7593/330
f 2534/7597/331 2529/7582/331 2530/7585/331 2533/7594/331
f 2535/7600/332 2532/7591/332 2531/7588/332 2536/7603/332
f 2540/7613/115 2543/7622/115 2541/7616/115 2538/7607/115
f 2539/7610/116 2540/7614/116 2538/7608/116 2537/7604/116
f 2544/7625/117 2539/7611/117 2537/7605/117 2542/7619/117
f 2543/7623/118 2544/7626/118 2542/7620/118 2541/7617/118
f 2542/7621/119 2537/7606/119 2538/7609/119 2541/7618/119
f 2543/7624/120 2540/7615/120 2539/7612/120 2544/7627/120
f 2548/7637/61 2551/7646/61 2549/7640/61 2546/7631/61
f 2547/7634/107 2548/7638/107 2546/7632/107 2545/7628/107
f 2552/7649/63 2547/7635/63 2545/7629/63 2550/7643/63
f 2551/7647/108 2552/7650/108 2550/7644/108 2549/7641/108
f 2550/7645/125 2545/7630/125 2546/7633/125 2549/7642/125
f 2551/7648/126 2548/7639/126 2547/7636/126 2552/7651/126
f 2556/7661/61 2559/7670/61 2557/7664/61 2554/7655/61
f 2555/7658/85 2556/7662/85 2554/7656/85 2553/7652/85
f 2560/7673/63 2555/7659/63 2553/7653/63 2558/7667/63
f 2559/7671/86 2560/7674/86 2558/7668/86 2557/7665/86
f 2558/7669/84 2553/7654/84 2554/7657/84 2557/7666/84
f 2559/7672/83 2556/7663/83 2555/7660/83 2560/7675/83
f 2564/7685/61 2567/7694/61 2565/7688/61 2562/7679/61
f 2563/7682/85 2564/7686/85 2562/7680/85 2561/7676/85
f 2568/7697/63 2563/7683/63 2561/7677/63 2566/7691/63
f 2567/7695/86 2568/7698/86 2566/7692/86 2565/7689/86
f 2566/7693/84 2561/7678/84 2562/7681/84 2565/7690/84
f 2567/7696/83 2564/7687/83 2563/7684/83 2568/7699/83
f 2572/7709/61 2575/7718/61 2573/7712/61 2570/7703/61
f 2571/7706/84 2572/7710/84 2570/7704/84 2569/7700/84
f 2576/7721/63 2571/7707/63 2569/7701/63 2574/7715/63
f 2575/7719/83 2576/7722/83 2574/7716/83 2573/7713/83
f 2574/7717/86 2569/7702/86 2570/7705/86 2573/7714/86
f 2575/7720/85 2572/7711/85 2571/7708/85 2576/7723/85
f 2580/7733/61 2583/7742/61 2581/7736/61 2578/7727/61
f 2579/7730/84 2580/7734/84 2578/7728/84 2577/7724/84
f 2584/7745/63 2579/7731/63 2577/7725/63 2582/7739/63
f 2583/7743/83 2584/7746/83 2582/7740/83 2581/7737/83
f 2582/7741/86 2577/7726/86 2578/7729/86 2581/7738/86
f 2583/7744/85 2580/7735/85 2579/7732/85 2584/7747/85
f 2588/7757/151 2591/7766/151 2589/7760/151 2586/7751/151
f 2587/7754/85 2588/7758/85 2586/7752/85 2585/7748/85
f 2592/7769/153 2587/7755/153 2585/7749/153 2590/7763/153
f 2591/7767/86 2592/7770/86 2590/7764/86 2589/7761/86
f 2590/7765/157 2585/7750/157 2586/7753/157 2589/7762/157
f 2591/7768/158 2588/7759/158 2587/7756/158 2592/7771/158
f 2596/7781/61 2599/7790/61 2597/7784/61 2594/7775/61
f 2595/7778/85 2596/7782/85 2594/7776/85 2593/7772/85
f 2600/7793/63 2595/7779/63 2593/7773/63 2598/7787/63
f 2599/7791/86 2600/7794/86 2598/7788/86 2597/7785/86
f 2598/7789/84 2593/7774/84 2594/7777/84 2597/7786/84
f 2599/7792/83 2596/7783/83 2595/7780/83 2600/7795/83
f 2604/7805/245 2607/7814/245 2605/7808/245 2602/7799/245
f 2603/7802/85 2604/7806/85 2602/7800/85 2601/7796/85
f 2608/7817/246 2603/7803/246 2601/7797/246 2606/7811/246
f 2607/7815/86 2608/7818/86 2606/7812/86 2605/7809/86
f 2606/7813/247 2601/7798/247 2602/7801/247 2605/7810/247
f 2607/7816/248 2604/7807/248 2603/7804/248 2608/7819/248
f 2612/7829/63 2615/7838/63 2613/7832/63 2610/7823/63
f 2611/7826/85 2612/7830/85 2610/7824/85 2609/7820/85
f 2616/7841/61 2611/7827/61 2609/7821/61 2614/7835/61
f 2615/7839/86 2616/7842/86 2614/7836/86 2613/7833/86
f 2614/7837/83 2609/7822/83 2610/7825/83 2613/7834/83
f 2615/7840/84 2612/7831/84 2611/7828/84 2616/7843/84
o rul
v 0.479330 2.225493 3.067312
v 0.479330 2.251236 3.111899
v 0.479330 2.180038 3.093556
v 0.479331 2.205781 3.138142
v 0.874985 2.251236 3.111898
v 0.874986 2.225493 3.067311
v 0.874986 2.205781 3.138143
v 0.874986 2.180038 3.093555
v 0.874986 2.250535 3.110685
v 0.874985 2.431535 3.424186
v 0.874986 2.205080 3.136929
v 0.874985 2.386080 3.450428
v 0.920061 2.431535 3.424185
v 0.920061 2.250535 3.110684
v 0.920060 2.386080 3.450428
v 0.920061 2.205080 3.136929
v 0.479329 2.431535 3.424186
v 0.479330 2.456577 3.467559
v 0.479330 2.386080 3.450429
v 0.479331 2.411122 3.493802
v 0.874986 2.456577 3.467559
v 0.874985 2.431535 3.424186
v 0.874986 2.411122 3.493802
v 0.874985 2.386080 3.450428
v 0.466235 2.245380 3.114798
v 0.466235 2.424714 3.425413
v 0.466236 2.188904 3.147404
v 0.466236 2.368238 3.458019
v 0.883594 2.424714 3.425412
v 0.883594 2.245380 3.114798
v 0.883593 2.368238 3.458019
v 0.883593 2.188904 3.147404
v 0.434256 2.250535 3.110685
v 0.434255 2.431535 3.424186
v 0.434255 2.205080 3.136928
v 0.434255 2.386080 3.450429
v 0.479329 2.431535 3.424186
v 0.479330 2.250535 3.110684
v 0.479330 2.386080 3.450429
v 0.479330 2.205080 3.136928
v 0.605912 2.245202 3.234486
v 0.605911 2.319752 3.351505
v 0.744661 2.245202 3.234486
v 0.744661 2.319752 3.351506
v 0.605912 2.372464 3.317926
v 0.605912 2.297914 3.200905
v 0.744661 2.372464 3.317926
v 0.744661 2.297914 3.200905
vn -0.0000 0.5000 0.8660
vn -1.0000 -0.0000 -0.0000
vn -0.0000 -0.5000 -0.8660
vn 1.0000 -0.0000 -0.0000
vn -0.0000 0.8660 -0.5000
vn -0.0000 -0.8660 0.5000
vn -0.0000 0.5373 0.8434
vn -0.0000 -0.8434 0.5373
vn -0.0000 -0.5373 -0.8434
vn -0.0000 0.8434 -0.5373
vt 0.673828 0.798828
vt 0.681641 0.673828
vt 0.669922 0.671875
vt 0.669922 0.886719
vt 0.675781 0.798828
vt 0.669922 0.669922
vt 0.673828 0.796875
vt 0.681641 0.671875
vt 0.669922 0.636719
vt 0.669922 0.884766
vt 0.675781 0.796875
vt 0.669922 0.634766
vt 0.681641 0.886719
vt 0.203125 0.326172
vt 0.681641 0.669922
vt 0.669922 0.673828
vt 0.205078 0.326172
vt 0.681641 0.671875
vt 0.681641 0.884766
vt 0.203125 0.324219
vt 0.681641 0.634766
vt 0.669922 0.671875
vt 0.205078 0.324219
vt 0.681641 0.636719
vt 0.669922 0.634766
vt 0.675781 0.791016
vt 0.011719 0.330078
vt 0.673828 0.796875
vt 0.681641 0.634766
vt 0.011719 0.318359
vt 0.669922 0.632812
vt 0.675781 0.789062
vt 0.058594 0.330078
vt 0.673828 0.794922
vt 0.681641 0.632812
vt 0.058594 0.318359
vt 0.675781 0.796875
vt 0.669922 0.632812
vt 0.013672 0.318359
vt 0.673828 0.791016
vt 0.681641 0.632812
vt 0.013672 0.330078
vt 0.675781 0.794922
vt 0.669922 0.630859
vt 0.060547 0.318359
vt 0.673828 0.789062
vt 0.681641 0.630859
vt 0.060547 0.330078
vt 0.673828 0.789062
vt 0.681641 0.626953
vt 0.669922 0.494141
vt 0.669922 0.630859
vt 0.675781 0.789062
vt 0.669922 0.492188
vt 0.673828 0.787109
vt 0.681641 0.625000
vt 0.669922 0.492188
vt 0.669922 0.628906
vt 0.675781 0.787109
vt 0.669922 0.490234
vt 0.681641 0.630859
vt 0.212891 0.326172
vt 0.681641 0.492188
vt 0.669922 0.626953
vt 0.214844 0.326172
vt 0.681641 0.494141
vt 0.681641 0.628906
vt 0.212891 0.324219
vt 0.681641 0.490234
vt 0.669922 0.625000
vt 0.214844 0.324219
vt 0.681641 0.492188
vt 0.669922 0.490234
vt 0.599609 0.902344
vt 0.425781 0.472656
vt 0.560547 0.847656
vt 0.681641 0.490234
vt 0.425781 0.460938
vt 0.669922 0.488281
vt 0.599609 0.900391
vt 0.599609 0.480469
vt 0.560547 0.845703
vt 0.681641 0.488281
vt 0.599609 0.468750
vt 0.574219 0.847656
vt 0.669922 0.488281
vt 0.439453 0.460938
vt 0.585938 0.902344
vt 0.681641 0.488281
vt 0.439453 0.472656
vt 0.574219 0.845703
vt 0.669922 0.486328
vt 0.613281 0.468750
vt 0.585938 0.900391
vt 0.681641 0.486328
vt 0.613281 0.480469
vt 0.669922 0.476562
vt 0.216797 0.326172
vt 0.341797 0.330078
vt 0.673828 0.787109
vt 0.681641 0.476562
vt 0.341797 0.318359
vt 0.669922 0.474609
vt 0.216797 0.324219
vt 0.343750 0.330078
vt 0.673828 0.785156
vt 0.681641 0.474609
vt 0.343750 0.318359
vt 0.675781 0.787109
vt 0.669922 0.474609
vt 0.343750 0.318359
vt 0.214844 0.326172
vt 0.681641 0.474609
vt 0.343750 0.330078
vt 0.675781 0.785156
vt 0.669922 0.472656
vt 0.345703 0.318359
vt 0.214844 0.324219
vt 0.681641 0.472656
vt 0.345703 0.330078
vt 0.144531 0.412109
vt 0.638672 0.929688
vt 0.462891 0.363281
vt 0.625000 0.949219
vt 0.148438 0.412109
vt 0.462891 0.359375
vt 0.144531 0.408203
vt 0.638672 0.925781
vt 0.636719 0.382812
vt 0.625000 0.945312
vt 0.148438 0.408203
vt 0.636719 0.378906
vt 0.626953 0.949219
vt 0.582031 0.412109
vt 0.464844 0.359375
vt 0.636719 0.929688
vt 0.585938 0.412109
vt 0.464844 0.363281
vt 0.626953 0.945312
vt 0.582031 0.408203
vt 0.638672 0.378906
vt 0.636719 0.925781
vt 0.585938 0.408203
vt 0.638672 0.382812
s 1
usemtl fmtv_tex_1.png.001
f 2620/7853/333 2623/7862/333 2621/7856/333 2618/7847/333
f 2619/7850/334 2620/7854/334 2618/7848/334 2617/7844/334
f 2624/7865/335 2619/7851/335 2617/7845/335 2622/7859/335
f 2623/7863/336 2624/7866/336 2622/7860/336 2621/7857/336
f 2622/7861/337 2617/7846/337 2618/7849/337 2621/7858/337
f 2623/7864/338 2620/7855/338 2619/7852/338 2624/7867/338
f 2628/7877/333 2631/7886/333 2629/7880/333 2626/7871/333
f 2627/7874/334 2628/7878/334 2626/7872/334 2625/7868/334
f 2632/7889/335 2627/7875/335 2625/7869/335 2630/7883/335
f 2631/7887/336 2632/7890/336 2630/7884/336 2629/7881/336
f 2630/7885/337 2625/7870/337 2626/7873/337 2629/7882/337
f 2631/7888/338 2628/7879/338 2627/7876/338 2632/7891/338
f 2636/7901/333 2639/7910/333 2637/7904/333 2634/7895/333
f 2635/7898/334 2636/7902/334 2634/7896/334 2633/7892/334
f 2640/7913/335 2635/7899/335 2633/7893/335 2638/7907/335
f 2639/7911/336 2640/7914/336 2638/7908/336 2637/7905/336
f 2638/7909/337 2633/7894/337 2634/7897/337 2637/7906/337
f 2639/7912/338 2636/7903/338 2635/7900/338 2640/7915/338
f 2644/7925/333 2647/7934/333 2645/7928/333 2642/7919/333
f 2643/7922/334 2644/7926/334 2642/7920/334 2641/7916/334
f 2648/7937/335 2643/7923/335 2641/7917/335 2646/7931/335
f 2647/7935/336 2648/7938/336 2646/7932/336 2645/7929/336
f 2646/7933/337 2641/7918/337 2642/7921/337 2645/7930/337
f 2647/7936/338 2644/7927/338 2643/7924/338 2648/7939/338
f 2652/7949/333 2655/7958/333 2653/7952/333 2650/7943/333
f 2651/7946/334 2652/7950/334 2650/7944/334 2649/7940/334
f 2656/7961/335 2651/7947/335 2649/7941/335 2654/7955/335
f 2655/7959/336 2656/7962/336 2654/7956/336 2653/7953/336
f 2654/7957/337 2649/7942/337 2650/7945/337 2653/7954/337
f 2655/7960/338 2652/7951/338 2651/7948/338 2656/7963/338
f 2660/7973/339 2663/7982/339 2661/7976/339 2658/7967/339
f 2659/7970/340 2660/7974/340 2658/7968/340 2657/7964/340
f 2664/7985/341 2659/7971/341 2657/7965/341 2662/7979/341
f 2663/7983/342 2664/7986/342 2662/7980/342 2661/7977/342
f 2662/7981/334 2657/7966/334 2658/7969/334 2661/7978/334
f 2663/7984/336 2660/7975/336 2659/7972/336 2664/7987/336
