# Blender 3.3.21
# www.blender.org
mtllib m1097.mtl
o body
v 1.207494 1.498380 0.985137
v 1.207494 1.498380 1.120136
v 1.207494 1.345880 0.985137
v 1.207494 1.345880 1.120136
v 1.297493 1.498380 1.120136
v 1.297493 1.498380 0.985137
v 1.297493 1.345880 1.120136
v 1.297493 1.345880 0.985137
v 1.232494 1.948380 0.940137
v 1.232494 1.948380 0.985137
v 1.232494 1.903380 0.940137
v 1.232494 1.903380 0.985137
v 1.592492 1.948380 0.985137
v 1.592492 1.948380 0.940137
v 1.592492 1.903380 0.985137
v 1.592492 1.903380 0.940137
v 1.257179 2.055845 0.265141
v 1.257179 2.055845 0.935137
v 1.296399 1.607557 0.265141
v 1.296398 1.607557 0.935137
v 1.319440 2.061292 0.935137
v 1.319441 2.061292 0.265141
v 1.358660 1.613004 0.935138
v 1.358660 1.613004 0.265141
v 1.163414 2.075485 0.895138
v 1.163413 2.075485 0.940138
v 1.210477 1.537540 0.895138
v 1.210477 1.537540 0.940137
v 1.234392 2.081695 0.940138
v 1.234392 2.081695 0.895138
v 1.281456 1.543749 0.940138
v 1.281456 1.543749 0.895138
v 1.156011 2.088389 0.085142
v 1.156010 2.088389 0.310141
v 1.204251 1.536995 0.085142
v 1.204251 1.536995 0.310141
v 1.233215 2.095144 0.310141
v 1.233215 2.095144 0.085142
v 1.281456 1.543750 0.310141
v 1.281456 1.543750 0.085142
v 1.242913 1.991469 0.833263
v 1.242913 1.991469 0.939513
v 1.282023 1.544427 0.833263
v 1.282024 1.544427 0.939512
v 1.331325 1.999204 0.939512
v 1.331324 1.999204 0.833263
v 1.370436 1.552162 0.939512
v 1.370436 1.552162 0.833263
v 1.238314 2.036866 0.265141
v 1.238314 2.036866 0.940137
v 1.247683 1.929775 0.265141
v 1.247683 1.929775 0.940138
v 1.327971 2.044710 0.940137
v 1.327971 2.044710 0.265141
v 1.337340 1.937619 0.940137
v 1.337340 1.937619 0.265141
v 1.163766 2.078621 0.871273
v 1.162245 2.096012 1.003878
v 1.215374 1.488734 0.949229
v 1.213853 1.506125 1.081834
v 1.231978 2.102113 1.003877
v 1.233500 2.084722 0.871273
v 1.283586 1.512226 1.081834
v 1.285107 1.494834 0.949229
v 1.276008 1.606012 0.265141
v 1.276009 1.606012 0.940137
v 1.285378 1.498921 0.265141
v 1.285378 1.498921 0.940137
v 1.365666 1.613856 0.940137
v 1.365666 1.613856 0.265141
v 1.375034 1.506765 0.940137
v 1.375034 1.506765 0.265141
v 1.232494 1.678380 0.940137
v 1.232494 1.678380 0.985137
v 1.232494 1.633380 0.940137
v 1.232494 1.633380 0.985137
v 1.592492 1.678380 0.985137
v 1.592492 1.678380 0.940137
v 1.592492 1.633380 0.985137
v 1.592492 1.633380 0.940137
v 1.242913 1.991469 0.265766
v 1.242913 1.991469 0.372015
v 1.282024 1.544427 0.265766
v 1.282024 1.544427 0.372015
v 1.331325 1.999204 0.372015
v 1.331325 1.999204 0.265766
v 1.370436 1.552162 0.372015
v 1.370436 1.552162 0.265766
v 1.412493 1.993380 0.917637
v 1.412493 1.993380 0.962637
v 1.412493 1.588380 0.917637
v 1.412493 1.588380 0.962637
v 1.637491 1.993380 0.962637
v 1.637492 1.993380 0.917638
v 1.637491 1.588380 0.962637
v 1.637492 1.588380 0.917638
v 1.161560 2.089502 0.309516
v 1.161559 2.089502 0.940762
v 1.169513 1.998599 0.309516
v 1.169513 1.998599 0.940763
v 1.233783 2.095820 0.940762
v 1.233783 2.095820 0.309516
v 1.241736 2.004918 0.940762
v 1.241736 2.004918 0.309516
v 1.199994 1.543380 0.085142
v 1.199994 1.543380 1.075137
v 1.199994 0.778380 0.085142
v 1.199994 0.778380 1.075136
v 1.277493 1.543380 1.075137
v 1.277494 1.543380 0.085142
v 1.277493 0.778380 1.075137
v 1.277494 0.778380 0.085142
v 1.207494 1.020880 0.985137
v 1.207494 1.020880 1.120136
v 1.207494 0.868380 0.985137
v 1.207494 0.868380 1.120136
v 1.297493 1.020880 1.120136
v 1.297493 1.020880 0.985137
v 1.297493 0.868380 1.120136
v 1.297493 0.868380 0.985137
v 1.263743 1.410880 0.191141
v 1.263744 1.410880 0.388640
v 1.263743 1.348380 0.191141
v 1.263744 1.348380 0.388640
v 1.353743 1.410880 0.388640
v 1.353743 1.410880 0.191141
v 1.353743 1.348380 0.388640
v 1.353743 1.348380 0.191141
v -1.297493 1.498380 0.985137
v -1.297494 1.498380 1.120136
v -1.297493 1.345880 0.985137
v -1.297494 1.345880 1.120136
v -1.207494 1.498380 1.120136
v -1.207494 1.498380 0.985137
v -1.207494 1.345880 1.120136
v -1.207494 1.345880 0.985137
v -1.592492 1.948380 0.940138
v -1.592492 1.948380 0.985137
v -1.592492 1.903380 0.940138
v -1.592492 1.903380 0.985137
v -1.232494 1.948380 0.985137
v -1.232494 1.948380 0.940138
v -1.232494 1.903380 0.985137
v -1.232494 1.903380 0.940138
v -1.319440 2.061292 0.265141
v -1.319440 2.061292 0.935137
v -1.358660 1.613004 0.265141
v -1.358660 1.613004 0.935138
v -1.257179 2.055845 0.935138
v -1.257179 2.055845 0.265141
v -1.296399 1.607557 0.935137
v -1.296399 1.607557 0.265141
v -1.234392 2.081695 0.895138
v -1.234392 2.081695 0.940138
v -1.281456 1.543749 0.895138
v -1.281456 1.543749 0.940138
v -1.163413 2.075485 0.940138
v -1.163413 2.075485 0.895138
v -1.210477 1.537540 0.940138
v -1.210477 1.537540 0.895137
v -1.233215 2.095144 0.085142
v -1.233215 2.095144 0.310141
v -1.281456 1.543750 0.085142
v -1.281456 1.543750 0.310141
v -1.156011 2.088389 0.310141
v -1.156011 2.088389 0.085142
v -1.204251 1.536995 0.310141
v -1.204251 1.536995 0.085142
v -1.331325 1.999204 0.833263
v -1.331325 1.999204 0.939513
v -1.370435 1.552162 0.833263
v -1.370436 1.552162 0.939512
v -1.242913 1.991469 0.939513
v -1.242913 1.991469 0.833263
v -1.282024 1.544427 0.939512
v -1.282024 1.544427 0.833263
v -1.327971 2.044710 0.265141
v -1.327971 2.044710 0.940137
v -1.337340 1.937619 0.265141
v -1.337340 1.937619 0.940137
v -1.238314 2.036866 0.940137
v -1.238314 2.036866 0.265141
v -1.247683 1.929775 0.940137
v -1.247683 1.929775 0.265141
v -1.233499 2.084722 0.871273
v -1.231978 2.102113 1.003877
v -1.285108 1.494834 0.949229
v -1.283586 1.512226 1.081834
v -1.162244 2.096012 1.003878
v -1.163766 2.078621 0.871273
v -1.213853 1.506125 1.081834
v -1.215375 1.488734 0.949229
v -1.365666 1.613856 0.265141
v -1.365666 1.613856 0.940137
v -1.375034 1.506765 0.265141
v -1.375035 1.506765 0.940138
v -1.276008 1.606012 0.940137
v -1.276008 1.606012 0.265141
v -1.285378 1.498921 0.940137
v -1.285378 1.498921 0.265141
v -1.592492 1.678380 0.940138
v -1.592492 1.678380 0.985137
v -1.592492 1.633380 0.940138
v -1.592492 1.633380 0.985137
v -1.232494 1.678380 0.985137
v -1.232494 1.678380 0.940138
v -1.232494 1.633380 0.985137
v -1.232494 1.633380 0.940138
v -1.331325 1.999204 0.265766
v -1.331325 1.999204 0.372016
v -1.370436 1.552162 0.265766
v -1.370436 1.552162 0.372015
v -1.242913 1.991469 0.372015
v -1.242913 1.991469 0.265766
v -1.282024 1.544427 0.372015
v -1.282024 1.544427 0.265766
v -1.637492 1.993380 0.917638
v -1.637491 1.993380 0.962638
v -1.637492 1.588380 0.917638
v -1.637491 1.588380 0.962638
v -1.412493 1.993380 0.962637
v -1.412493 1.993380 0.917638
v -1.412493 1.588380 0.962637
v -1.412493 1.588380 0.917638
v -1.233783 2.095820 0.309516
v -1.233783 2.095820 0.940763
v -1.241736 2.004918 0.309516
v -1.241736 2.004918 0.940762
v -1.161559 2.089502 0.940763
v -1.161560 2.089502 0.309516
v -1.169512 1.998599 0.940762
v -1.169513 1.998599 0.309516
v -1.277494 1.543380 0.085142
v -1.277493 1.543380 1.075137
v -1.277494 0.778380 0.085142
v -1.277493 0.778380 1.075136
v -1.199994 1.543380 1.075137
v -1.199994 1.543380 0.085142
v -1.199994 0.778380 1.075136
v -1.199994 0.778380 0.085142
v -1.297493 1.020880 0.985137
v -1.297494 1.020880 1.120136
v -1.297493 0.868380 0.985137
v -1.297494 0.868380 1.120136
v -1.207494 1.020880 1.120136
v -1.207494 1.020880 0.985137
v -1.207494 0.868380 1.120136
v -1.207494 0.868380 0.985137
v -1.353743 1.410880 0.191141
v -1.353743 1.410880 0.388640
v -1.353743 1.348380 0.191141
v -1.353743 1.348380 0.388640
v -1.263744 1.410880 0.388640
v -1.263743 1.410880 0.191141
v -1.263744 1.348380 0.388640
v -1.263743 1.348380 0.191141
v 0.453748 0.814380 2.758129
v 0.453748 0.814380 2.821128
v 0.453748 0.652380 2.758129
v 0.453748 0.652380 2.821128
v 0.543747 0.814380 2.821127
v 0.543747 0.814380 2.758128
v 0.543747 0.652380 2.821127
v 0.543747 0.652380 2.758128
v 0.261097 1.281648 0.554916
v 0.261097 1.281648 0.666260
v 0.261817 1.199228 0.554916
v 0.261817 1.199228 0.666260
v 0.347123 1.282399 0.666260
v 0.347123 1.282399 0.554916
v 0.347842 1.199979 0.666260
v 0.347842 1.199979 0.554916
v -1.038745 1.259881 -2.565345
v -1.038745 1.259881 -2.497845
v -1.038745 1.160882 -2.565345
v -1.038745 1.160881 -2.497845
v -0.894745 1.259881 -2.497844
v -0.894745 1.259881 -2.565344
v -0.894745 1.160881 -2.497844
v -0.894745 1.160882 -2.565344
v 1.116416 2.207001 0.026892
v 1.116416 2.207000 1.152136
v 1.173818 2.068419 0.026892
v 1.173818 2.068419 1.152136
v 1.178778 2.232832 1.152136
v 1.178778 2.232832 0.026892
v 1.236180 2.094250 1.152137
v 1.236180 2.094250 0.026892
v -1.204268 2.125434 0.040142
v -1.204268 2.125434 0.085142
v -1.255253 1.542660 0.040142
v -1.255253 1.542660 0.085142
v -1.133289 2.119224 0.085142
v -1.133289 2.119224 0.040142
v -1.184275 1.536450 0.085142
v -1.184275 1.536450 0.040142
v -1.178778 2.232832 0.026892
v -1.178777 2.232832 1.152136
v -1.236180 2.094250 0.026892
v -1.236180 2.094250 1.152136
v -1.116416 2.207000 1.152136
v -1.116416 2.207001 0.026892
v -1.173818 2.068419 1.152136
v -1.173818 2.068419 0.026892
v 1.145741 2.120314 0.040142
v 1.145742 2.120314 0.085142
v 1.196727 1.537540 0.040142
v 1.196727 1.537540 0.085142
v 1.204268 2.125434 0.085142
v 1.204268 2.125434 0.040142
v 1.255254 1.542660 0.085142
v 1.255253 1.542660 0.040142
v -1.172869 2.232505 0.035017
v -1.172869 2.232505 1.152761
v -1.172869 2.186255 0.035017
v -1.172869 2.186255 1.152761
v 1.174619 2.232505 1.152761
v 1.174619 2.232505 0.035017
v 1.174619 2.186255 1.152761
v 1.174619 2.186255 0.035017
v -0.382248 2.236880 0.033392
v -0.382248 2.236880 0.364640
v -0.382248 2.186880 0.033392
v -0.382248 2.186880 0.364640
v 0.380248 2.236880 0.364640
v 0.380248 2.236880 0.033392
v 0.380248 2.186880 0.364640
v 0.380248 2.186880 0.033392
v 1.142244 2.396321 -2.924984
v 1.142244 2.401433 -2.907726
v 1.142244 1.662823 -2.707715
v 1.142244 1.667935 -2.690454
v 1.160244 2.401433 -2.907726
v 1.160244 2.396321 -2.924984
v 1.160244 1.667935 -2.690455
v 1.160244 1.662823 -2.707715
v 1.083744 1.498381 -2.592345
v 1.083744 1.498380 -2.479845
v 1.083744 1.273381 -2.592345
v 1.083744 1.273381 -2.479845
v 1.218744 1.498380 -2.479844
v 1.218743 1.498381 -2.592344
v 1.218744 1.273381 -2.479844
v 1.218743 1.273381 -2.592344
v 1.084369 1.414899 -2.705197
v 1.084369 1.482625 -2.616936
v 1.084369 1.273088 -2.596381
v 1.084369 1.340812 -2.508121
v 1.218118 1.482625 -2.616936
v 1.218118 1.414899 -2.705197
v 1.218118 1.340812 -2.508121
v 1.218119 1.273088 -2.596381
v 1.082494 1.468068 -2.728636
v 1.082495 1.517534 -2.571750
v 1.082494 1.379849 -2.700821
v 1.082494 1.429315 -2.543936
v 1.219994 1.517534 -2.571750
v 1.219994 1.468068 -2.728636
v 1.219993 1.429315 -2.543935
v 1.219993 1.379849 -2.700819
v 1.115244 1.653805 -2.733985
v 1.115244 1.675457 -2.665318
v 1.115244 1.482136 -2.679859
v 1.115244 1.503788 -2.611192
v 1.187244 1.675457 -2.665318
v 1.187243 1.653805 -2.733986
v 1.187243 1.503788 -2.611192
v 1.187243 1.482136 -2.679859
v 1.119744 1.169881 -2.520344
v 1.119744 1.169881 -2.497845
v 1.119744 1.070881 -2.520344
v 1.119744 1.070881 -2.497845
v 1.218743 1.169881 -2.497845
v 1.218743 1.169881 -2.520344
v 1.218743 1.070881 -2.497845
v 1.218743 1.070881 -2.520344
v 1.227743 1.061881 -2.448345
v 1.227744 1.061880 -2.299846
v 1.227743 1.016881 -2.448345
v 1.227744 1.016881 -2.299846
v 1.281743 1.061880 -2.299846
v 1.281743 1.061881 -2.448344
v 1.281743 1.016881 -2.299846
v 1.281743 1.016881 -2.448345
v 1.227743 1.196881 -2.448345
v 1.227743 1.196881 -2.344845
v 1.227743 1.106881 -2.448345
v 1.227743 1.106880 -2.344845
v 1.281743 1.196881 -2.344846
v 1.281743 1.196881 -2.448344
v 1.281743 1.106880 -2.344846
v 1.281743 1.106881 -2.448344
v 0.894745 1.259881 -2.565344
v 0.894745 1.259881 -2.497845
v 0.894745 1.160882 -2.565344
v 0.894745 1.160881 -2.497845
v 1.038744 1.259881 -2.497844
v 1.038744 1.259881 -2.565344
v 1.038744 1.160881 -2.497844
v 1.038744 1.160882 -2.565344
v -1.281744 1.061881 -2.448346
v -1.281743 1.061880 -2.299846
v -1.281744 1.016881 -2.448346
v -1.281743 1.016881 -2.299847
v -1.227744 1.061880 -2.299846
v -1.227744 1.061881 -2.448346
v -1.227744 1.016881 -2.299846
v -1.227744 1.016881 -2.448346
v -1.281744 1.196881 -2.448346
v -1.281744 1.196881 -2.344846
v -1.281744 1.106881 -2.448346
v -1.281744 1.106880 -2.344846
v -1.227743 1.196881 -2.344846
v -1.227744 1.196881 -2.448346
v -1.227743 1.106880 -2.344846
v -1.227744 1.106881 -2.448346
v -1.218745 1.169881 -2.520345
v -1.218744 1.169881 -2.497844
v -1.218745 1.070881 -2.520345
v -1.218744 1.070881 -2.497844
v -1.119744 1.169881 -2.497844
v -1.119745 1.169881 -2.520345
v -1.119744 1.070881 -2.497844
v -1.119745 1.070881 -2.520345
v -0.722496 1.498380 -2.515845
v -0.722497 1.498380 -2.448345
v -0.722496 1.003381 -2.515845
v -0.722497 1.003381 -2.448346
v 0.723746 1.498380 -2.448345
v 0.723746 1.498380 -2.515844
v 0.723746 1.003381 -2.448345
v 0.723746 1.003381 -2.515845
v 0.888745 0.767881 -2.537532
v 0.888745 0.767881 -2.475032
v 0.888745 0.392881 -2.537532
v 0.888745 0.392881 -2.475032
v 1.263743 0.767881 -2.475033
v 1.263744 0.767881 -2.537532
v 1.263743 0.392881 -2.475033
v 1.263744 0.392881 -2.537532
v -1.263744 0.767881 -2.537533
v -1.263743 0.767881 -2.475032
v -1.263744 0.392881 -2.537533
v -1.263743 0.392881 -2.475032
v -0.888745 0.767881 -2.475033
v -0.888746 0.767881 -2.537533
v -0.888745 0.392881 -2.475033
v -0.888746 0.392881 -2.537533
v -0.223749 0.939381 -2.650844
v -0.223749 0.939381 -2.606595
v -0.223749 0.777381 -2.650844
v -0.223749 0.777381 -2.606595
v 0.183749 0.939381 -2.606595
v 0.183749 0.939381 -2.650844
v 0.183749 0.777381 -2.606595
v 0.183749 0.777381 -2.650844
v -1.256244 0.957881 -2.556345
v -1.256244 0.957881 -2.488846
v -1.256244 0.767881 -2.556345
v -1.256244 0.767881 -2.488846
v 1.263743 0.957881 -2.488845
v 1.263744 0.957881 -2.556345
v 1.263743 0.767881 -2.488845
v 1.263744 0.767881 -2.556345
v 0.498747 0.939381 -2.605845
v 0.498747 0.939381 -2.542845
v 0.498747 0.777381 -2.605845
v 0.498747 0.777381 -2.542845
v 0.588747 0.939381 -2.542844
v 0.588747 0.939381 -2.605844
v 0.588747 0.777381 -2.542844
v 0.588747 0.777381 -2.605844
v -0.648746 0.868334 -2.583465
v -0.648747 0.855063 -2.571304
v -0.648747 0.819691 -2.636549
v -0.648747 0.806420 -2.624388
v -0.509248 0.855063 -2.571305
v -0.509247 0.868334 -2.583465
v -0.509247 0.806420 -2.624388
v -0.509247 0.819691 -2.636549
v -0.626247 0.939381 -2.605845
v -0.626247 0.939381 -2.542845
v -0.626247 0.777381 -2.605845
v -0.626247 0.777381 -2.542845
v -0.536247 0.939381 -2.542845
v -0.536247 0.939381 -2.605844
v -0.536247 0.777381 -2.542845
v -0.536247 0.777381 -2.605844
v 0.476247 0.868334 -2.583464
v 0.476248 0.855063 -2.571304
v 0.476247 0.819691 -2.636549
v 0.476247 0.806420 -2.624387
v 0.615746 0.855063 -2.571305
v 0.615747 0.868334 -2.583466
v 0.615746 0.806420 -2.624388
v 0.615747 0.819691 -2.636549
v -0.221249 0.939381 -2.605844
v -0.221249 0.939381 -2.542844
v -0.221249 0.777381 -2.605844
v -0.221249 0.777381 -2.542844
v 0.183749 0.939381 -2.542845
v 0.183749 0.939381 -2.605845
v 0.183749 0.777381 -2.542845
v 0.183749 0.777381 -2.605845
v 0.543747 1.453381 -2.538345
v 0.543747 1.453381 -2.515845
v 0.543747 1.003381 -2.538345
v 0.543747 1.003381 -2.515845
v 0.723746 1.453381 -2.515844
v 0.723746 1.453381 -2.538344
v 0.723746 1.003381 -2.515845
v 0.723746 1.003381 -2.538345
v -0.723747 1.453381 -2.538344
v -0.723746 1.453381 -2.515844
v -0.723747 1.003381 -2.538344
v -0.723746 1.003381 -2.515845
v -0.543747 1.453381 -2.515845
v -0.543747 1.453381 -2.538345
v -0.543747 1.003381 -2.515845
v -0.543747 1.003381 -2.538345
v -1.211244 1.138380 2.591630
v -1.211244 1.138380 2.726629
v -1.211244 1.093379 2.591630
v -1.211244 1.093379 2.726629
v 0.003750 1.138380 2.726629
v 0.003750 1.138380 2.591629
v 0.003750 1.093379 2.726629
v 0.003750 1.093379 2.591629
v 0.586067 1.289500 1.276215
v 0.586067 1.445697 1.366395
v 0.586067 1.118695 1.572057
v 0.586067 1.274892 1.662236
v 1.270173 1.445697 1.366395
v 1.270174 1.289500 1.276215
v 1.270173 1.274892 1.662236
v 1.270174 1.118695 1.572057
v -1.263878 1.120245 1.783518
v -1.263878 1.288418 1.756881
v -1.263879 1.189118 2.218365
v -1.263878 1.357292 2.191729
v -0.588612 1.288418 1.756882
v -0.588612 1.120245 1.783517
v -0.588612 1.357292 2.191729
v -0.588612 1.189118 2.218365
v -1.206467 1.427230 1.889028
v -1.206244 1.505651 1.909302
v -0.764169 1.213492 2.710907
v -0.763946 1.291913 2.731181
v -0.849264 1.551238 1.729047
v -0.849487 1.472817 1.708772
v -0.406967 1.337500 2.550926
v -0.407189 1.259079 2.530652
v -1.263744 1.288221 1.857525
v -1.263743 1.467024 1.905435
v -1.263743 1.160078 2.335762
v -1.263743 1.338880 2.383672
v -0.588637 1.467024 1.905435
v -0.588637 1.288221 1.857525
v -0.588637 1.338880 2.383672
v -0.588637 1.160078 2.335762
v -1.206244 1.526797 1.367845
v -1.206244 1.571462 1.373329
v -1.206244 1.460988 1.903818
v -1.206244 1.505652 1.909301
v -0.756246 1.571462 1.373329
v -0.756246 1.526797 1.367846
v -0.756246 1.505652 1.909301
v -0.756246 1.460988 1.903817
v -1.263744 1.266426 1.272907
v -1.263744 1.534413 1.305812
v -1.263744 1.192999 1.870913
v -1.263744 1.460987 1.903818
v -0.587497 1.534413 1.305812
v -0.587497 1.266426 1.272907
v -0.587497 1.460987 1.903817
v -0.587497 1.192999 1.870913
v -1.263816 1.286702 1.572062
v -1.263816 1.286702 1.783456
v -1.263816 1.120307 1.572062
v -1.263816 1.120307 1.783456
v -0.586174 1.286702 1.783455
v -0.586174 1.286702 1.572062
v -0.586174 1.120307 1.783455
v -0.586174 1.120307 1.572062
v -1.263923 1.327000 1.211264
v -1.263923 1.483197 1.301443
v -1.263924 1.118695 1.572057
v -1.263923 1.274892 1.662236
v -0.586067 1.483197 1.301443
v -0.586067 1.327000 1.211264
v -0.586067 1.274892 1.662236
v -0.586067 1.118695 1.572057
v 0.586174 1.286702 1.572061
v 0.586174 1.286702 1.783455
v 0.586174 1.120307 1.572061
v 0.586174 1.120307 1.783455
v 1.270066 1.286702 1.783455
v 1.270066 1.286702 1.572061
v 1.270066 1.120307 1.783455
v 1.270066 1.120307 1.572061
v 0.587497 1.258809 1.334941
v 0.587497 1.526796 1.367845
v 0.587497 1.192999 1.870913
v 0.587497 1.460987 1.903818
v 1.269993 1.526796 1.367846
v 1.269993 1.258809 1.334941
v 1.269993 1.460987 1.903818
v 1.269993 1.192999 1.870913
v 0.858846 1.471832 1.711475
v 0.858624 1.550253 1.731749
v 0.416549 1.258094 2.533355
v 0.416326 1.336515 2.553629
v 1.215603 1.504666 1.912004
v 1.215826 1.426245 1.891730
v 0.773306 1.290928 2.733884
v 0.773528 1.212507 2.713609
v 0.768746 1.526797 1.367845
v 0.768746 1.571462 1.373329
v 0.768746 1.460988 1.903817
v 0.768746 1.505652 1.909301
v 1.218744 1.571462 1.373329
v 1.218744 1.526797 1.367846
v 1.218744 1.505652 1.909301
v 1.218744 1.460988 1.903817
v 0.587637 1.286932 1.858473
v 0.587637 1.459456 1.904701
v 0.587637 1.158853 2.336469
v 0.587637 1.331377 2.382697
v 1.268744 1.459456 1.904701
v 1.268744 1.286932 1.858473
v 1.268743 1.331377 2.382696
v 1.268743 1.158853 2.336469
v 0.588747 1.230412 2.068362
v 0.588747 1.317346 2.091655
v 0.588747 1.125591 2.459559
v 0.588747 1.212524 2.482853
v 1.269993 1.317346 2.091655
v 1.269994 1.230412 2.068361
v 1.269994 1.212524 2.482853
v 1.269994 1.125591 2.459559
v 1.128744 1.306510 1.202185
v 1.128744 1.531373 1.210038
v 1.128744 1.300228 1.382074
v 1.128744 1.525091 1.389927
v 1.173744 1.531373 1.210038
v 1.173744 1.306510 1.202185
v 1.173744 1.525091 1.389926
v 1.173744 1.300228 1.382074
v 0.587550 1.119029 1.782635
v 0.587549 1.289302 1.755666
v 0.587549 1.188235 2.219580
v 0.587549 1.358507 2.192612
v 1.271191 1.289302 1.755666
v 1.271191 1.119029 1.782634
v 1.271191 1.358507 2.192612
v 1.271191 1.188235 2.219581
v -0.761246 1.304880 2.695128
v -0.761246 1.304880 2.830128
v -0.761246 0.980880 2.695128
v -0.761246 0.980880 2.830127
v 0.768746 1.304880 2.830128
v 0.768746 1.304880 2.695128
v 0.768746 0.980880 2.830127
v 0.768746 0.980880 2.695128
v -0.761246 1.425228 1.352612
v -0.761246 1.593961 1.373330
v -0.761246 1.359418 1.888584
v -0.761246 1.528151 1.909301
v 0.768746 1.593961 1.373330
v 0.768746 1.425228 1.352612
v 0.768746 1.528151 1.909301
v 0.768746 1.359418 1.888584
v -1.048745 1.531373 1.210037
v -1.048745 1.576345 1.211608
v -1.048744 1.525745 1.371188
v -1.048745 1.570718 1.372759
v 1.174994 1.576345 1.211608
v 1.174994 1.531373 1.210037
v 1.174994 1.570718 1.372759
v 1.174994 1.525745 1.371188
v -0.761246 1.364273 1.865264
v -0.761246 1.528480 1.909263
v -0.761246 1.142982 2.691126
v -0.761246 1.307189 2.735126
v 0.768746 1.528480 1.909263
v 0.768746 1.364273 1.865264
v 0.768746 1.307189 2.735125
v 0.768747 1.142982 2.691128
v 0.723746 1.273380 2.591629
v 0.723746 1.273380 2.726629
v 0.723746 1.138380 2.591629
v 0.723746 1.138380 2.726629
v 0.858745 1.273380 2.726628
v 0.858746 1.273380 2.591630
v 0.858745 1.138380 2.726628
v 0.858746 1.138380 2.591630
v 1.173744 1.273380 2.591629
v 1.173744 1.273380 2.726628
v 1.173744 1.138380 2.591629
v 1.173744 1.138380 2.726628
v 1.218744 1.273380 2.726629
v 1.218744 1.273380 2.591629
v 1.218744 1.138380 2.726629
v 1.218744 1.138380 2.591629
v 0.588567 1.215981 2.343687
v 0.588567 1.334655 2.375485
v 0.588567 1.134969 2.646019
v 0.588567 1.253644 2.677819
v 1.220174 1.334655 2.375485
v 1.220174 1.215981 2.343686
v 1.220174 1.253644 2.677819
v 1.220173 1.134969 2.646019
v 1.011745 1.273380 2.582629
v 1.011745 1.273380 2.717629
v 1.011745 1.138380 2.582629
v 1.011745 1.138380 2.717629
v 1.146744 1.273380 2.717628
v 1.146744 1.273380 2.582628
v 1.146744 1.138380 2.717628
v 1.146744 1.138380 2.582628
v 0.588747 1.142973 2.425503
v 0.588747 1.211917 2.483355
v 0.588747 0.998346 2.597863
v 0.588747 1.067289 2.655713
v 1.269993 1.211917 2.483355
v 1.269993 1.142973 2.425503
v 1.269993 1.067289 2.655714
v 1.269993 0.998346 2.597862
v 0.762496 1.088879 2.596129
v 0.762496 1.088879 2.776128
v 0.762496 0.998880 2.596128
v 0.762496 0.998880 2.776128
v 1.269994 1.088879 2.776128
v 1.269993 1.088879 2.596129
v 1.269994 0.998880 2.776128
v 1.269993 0.998880 2.596129
v 0.003750 1.138380 2.591629
v 0.003750 1.138380 2.726629
v 0.003750 1.093379 2.591629
v 0.003750 1.093379 2.726629
v 1.218744 1.138380 2.726629
v 1.218744 1.138380 2.591629
v 1.218744 1.093379 2.726629
v 1.218744 1.093379 2.591629
v 0.876746 1.250880 2.537629
v 0.876745 1.250880 2.717628
v 0.876746 1.115880 2.537629
v 0.876745 1.115880 2.717628
v 0.966745 1.250880 2.717628
v 0.966745 1.250880 2.537630
v 0.966745 1.115880 2.717628
v 0.966745 1.115880 2.537630
v -1.262628 1.187777 2.236543
v -1.262629 1.272330 2.268157
v -1.262629 1.093126 2.489697
v -1.262629 1.177680 2.521310
v -0.587362 1.272330 2.268156
v -0.587362 1.187777 2.236543
v -0.587362 1.177680 2.521309
v -0.587362 1.093126 2.489696
v -1.256289 1.216026 2.077507
v -1.256289 1.261073 2.079473
v -1.256289 1.204245 2.347339
v -1.256289 1.249292 2.349306
v -0.587452 1.261073 2.079474
v -0.587452 1.216026 2.077507
v -0.587452 1.249292 2.349305
v -0.587452 1.204245 2.347339
v -1.211334 1.280430 1.881345
v -1.211334 1.454471 1.927979
v -1.211334 1.094033 2.576982
v -1.211334 1.268074 2.623616
v -0.587407 1.454471 1.927979
v -0.587407 1.280430 1.881345
v -0.587407 1.268074 2.623616
v -0.587407 1.094033 2.576982
v -0.941245 1.273380 2.591629
v -0.941245 1.273380 2.726629
v -0.941245 1.138380 2.591629
v -0.941245 1.138380 2.726629
v -0.716246 1.273380 2.726629
v -0.716247 1.273380 2.591629
v -0.716246 1.138380 2.726629
v -0.716247 1.138380 2.591629
v -1.211244 1.273380 2.591630
v -1.211244 1.273380 2.726629
v -1.211244 1.138380 2.591630
v -1.211244 1.138380 2.726629
v -1.166244 1.273380 2.726629
v -1.166244 1.273380 2.591629
v -1.166244 1.138380 2.726629
v -1.166244 1.138380 2.591629
v -1.262493 1.230412 2.068362
v -1.262494 1.317346 2.091655
v -1.262494 1.125591 2.459561
v -1.262494 1.212524 2.482853
v -0.587497 1.317346 2.091655
v -0.587497 1.230412 2.068361
v -0.587497 1.212524 2.482853
v -0.587497 1.125591 2.459559
v -1.139245 1.273380 2.582628
v -1.139244 1.273380 2.717629
v -1.139245 1.138380 2.582628
v -1.139244 1.138380 2.717629
v -1.004245 1.273380 2.717628
v -1.004245 1.273380 2.582629
v -1.004245 1.138380 2.717628
v -1.004245 1.138380 2.582629
v -1.262494 1.142973 2.425505
v -1.262493 1.211917 2.483356
v -1.262493 0.998346 2.597863
v -1.262494 1.067289 2.655714
v -0.587497 1.211917 2.483354
v -0.587497 1.142973 2.425504
v -0.587497 1.067289 2.655714
v -0.587497 0.998346 2.597863
v -1.262493 1.088879 2.596129
v -1.262493 1.088879 2.776129
v -1.262493 0.998880 2.596129
v -1.262493 0.998880 2.776129
v -0.754995 1.088879 2.776129
v -0.754996 1.088879 2.596129
v -0.754995 0.998880 2.776129
v -0.754996 0.998880 2.596129
v 1.200029 1.151294 -0.693539
v 1.200029 1.074789 -0.483312
v 1.200029 0.856493 -0.800820
v 1.200029 0.779988 -0.590595
v 1.276244 1.074789 -0.483313
v 1.276244 1.151294 -0.693538
v 1.276243 0.779988 -0.590594
v 1.276243 0.856493 -0.800820
v 1.207494 1.498380 -0.058857
v 1.207494 1.498380 0.076142
v 1.207494 1.345880 -0.058858
v 1.207494 1.345880 0.076142
v 1.297493 1.498380 0.076142
v 1.297493 1.498380 -0.058857
v 1.297493 1.345880 0.076142
v 1.297493 1.345880 -0.058858
v 1.263744 1.410880 -0.808854
v 1.263744 1.410880 -0.611354
v 1.263744 1.348380 -0.808854
v 1.263744 1.348380 -0.611354
v 1.199994 1.543380 -0.589855
v 1.199994 1.543380 0.040142
v 1.199994 0.778380 -0.589855
v 1.199994 0.778380 0.040142
v 1.277493 1.543380 0.040142
v 1.277493 1.543380 -0.589855
v 1.277493 0.778380 0.040142
v 1.277493 0.778380 -0.589855
v 1.199369 1.530223 -0.911565
v 1.199368 0.900159 -0.682242
v 1.199369 1.486615 -1.031376
v 1.199369 0.856551 -0.802053
v 1.276869 0.900159 -0.682242
v 1.276868 1.530223 -0.911565
v 1.276868 0.856551 -0.802053
v 1.276869 1.486615 -1.031376
v 1.199994 1.529422 -0.911940
v 1.199994 1.543453 -0.805360
v 1.199994 1.129126 -0.859240
v 1.199994 1.143157 -0.752660
v 1.276243 1.543453 -0.805360
v 1.276243 1.529422 -0.911940
v 1.276243 1.143157 -0.752660
v 1.276243 1.129126 -0.859240
v 1.199369 1.544005 -0.815479
v 1.199369 1.544005 -0.589230
v 1.199369 0.964005 -0.815479
v 1.199369 0.964005 -0.589230
v 1.278119 1.544005 -0.589230
v 1.278118 1.544005 -0.815479
v 1.278119 0.964005 -0.589230
v 1.278118 0.964005 -0.815479
v -1.276243 1.151294 -0.693538
v -1.276243 1.074789 -0.483312
v -1.276243 0.856493 -0.800820
v -1.276243 0.779988 -0.590594
v -1.200029 1.074789 -0.483312
v -1.200029 1.151294 -0.693538
v -1.200029 0.779988 -0.590594
v -1.200029 0.856493 -0.800820
v -1.263744 1.410880 -0.611355
v -1.263744 1.410880 -0.808854
v -1.263744 1.348380 -0.611355
v -1.263744 1.348380 -0.808854
v -1.277494 1.543380 -0.589855
v -1.277493 1.543380 0.040142
v -1.277494 0.778380 -0.589855
v -1.277493 0.778380 0.040142
v -1.199994 1.543380 0.040142
v -1.199994 1.543380 -0.589855
v -1.199994 0.778380 0.040142
v -1.199994 0.778380 -0.589855
v -1.276868 1.530223 -0.911565
v -1.276868 0.900159 -0.682242
v -1.276868 1.486615 -1.031376
v -1.276869 0.856551 -0.802053
v -1.199369 0.900159 -0.682242
v -1.199369 1.530223 -0.911566
v -1.199369 0.856551 -0.802053
v -1.199369 1.486615 -1.031376
v -1.276243 1.529422 -0.911940
v -1.276243 1.543453 -0.805360
v -1.276243 1.129126 -0.859240
v -1.276243 1.143157 -0.752660
v -1.199994 1.543453 -0.805360
v -1.199994 1.529422 -0.911940
v -1.199994 1.143157 -0.752660
v -1.199994 1.129126 -0.859240
v -1.278118 1.544005 -0.815479
v -1.278119 1.544005 -0.589230
v -1.278118 0.964005 -0.815479
v -1.278119 0.964005 -0.589230
v -1.199369 1.544005 -0.589230
v -1.199369 1.544005 -0.815478
v -1.199369 0.964005 -0.589230
v -1.199369 0.964005 -0.815479
v -1.166244 1.479742 -1.037893
v -1.166244 1.495370 -0.949261
v -1.166244 0.814996 -0.920681
v -1.166244 0.830625 -0.832049
v -0.401248 1.495370 -0.949261
v -0.401248 1.479742 -1.037893
v -0.401248 0.830625 -0.832049
v -0.401248 0.814996 -0.920682
v -1.166244 0.823380 -0.914853
v -1.166244 0.823380 -0.284856
v -1.166244 0.643380 -0.914853
v -1.166244 0.643380 -0.284856
v -0.401248 0.823380 -0.284856
v -0.401248 0.823380 -0.914853
v -0.401248 0.643380 -0.284856
v -0.401248 0.643380 -0.914853
v 0.396248 1.479742 -1.037893
v 0.396248 1.495370 -0.949261
v 0.396248 0.814996 -0.920681
v 0.396248 0.830625 -0.832049
v 1.161244 1.495370 -0.949261
v 1.161244 1.479742 -1.037893
v 1.161244 0.830625 -0.832049
v 1.161245 0.814996 -0.920682
v 0.396248 0.823380 -0.914853
v 0.396248 0.823380 -0.284856
v 0.396248 0.643380 -0.914853
v 0.396248 0.643380 -0.284856
v 1.161244 0.823380 -0.284856
v 1.161244 0.823380 -0.914853
v 1.161244 0.643380 -0.284856
v 1.161244 0.643380 -0.914853
v 0.768746 1.183380 2.920128
v 0.768746 1.183380 2.965127
v 0.768746 1.138380 2.920128
v 0.768746 1.138380 2.965127
v 1.218744 1.183380 2.965127
v 1.218744 1.183380 2.920126
v 1.218744 1.138380 2.965127
v 1.218744 1.138380 2.920126
v -1.256244 1.318380 2.920128
v -1.256243 1.318380 2.965127
v -1.256244 1.048380 2.920128
v -1.256243 1.048380 2.965127
v -1.211244 1.318380 2.965127
v -1.211244 1.318380 2.920127
v -1.211244 1.048380 2.965127
v -1.211244 1.048380 2.920127
v -1.211244 1.048380 2.920127
v -1.211244 1.048380 2.965127
v -1.211244 1.003379 2.920127
v -1.211244 1.003379 2.965127
v -0.761246 1.048380 2.965127
v -0.761246 1.048380 2.920128
v -0.761246 1.003379 2.965127
v -0.761246 1.003379 2.920127
v -0.761246 1.318380 2.920128
v -0.761246 1.318380 2.965127
v -0.761246 1.003379 2.920127
v -0.761246 1.003379 2.965127
v -0.716247 1.318380 2.965128
v -0.716246 1.318380 2.920127
v -0.716247 1.003379 2.965128
v -0.716246 1.003379 2.920127
v -0.356248 1.318380 2.875128
v -0.356249 1.318380 2.965127
v -0.356248 0.822130 2.875128
v -0.356249 0.822130 2.965127
v -0.311249 1.318380 2.965127
v -0.311248 1.318380 2.875128
v -0.311249 0.822130 2.965126
v -0.311248 0.822130 2.875128
v -0.356248 0.823380 2.785129
v -0.356248 0.823380 2.963877
v -0.356248 0.733380 2.785129
v -0.356248 0.733380 2.963877
v -0.311249 0.823380 2.963876
v -0.311249 0.823380 2.785128
v -0.311249 0.733380 2.963876
v -0.311249 0.733380 2.785128
v -1.211244 1.183380 2.920127
v -1.211244 1.183380 2.965127
v -1.211244 1.138380 2.920127
v -1.211244 1.138380 2.965127
v -0.761246 1.183380 2.965127
v -0.761246 1.183380 2.920128
v -0.761246 1.138380 2.965127
v -0.761246 1.138380 2.920128
v -1.211244 1.363379 2.920127
v -1.211244 1.363379 2.965127
v -1.211244 1.318380 2.920127
v -1.211244 1.318380 2.965127
v 1.218744 1.363379 2.965127
v 1.218744 1.363379 2.920126
v 1.218744 1.318380 2.965127
v 1.218744 1.318380 2.920126
v 1.218744 1.318380 2.920126
v 1.218744 1.318380 2.965127
v 1.218744 1.048380 2.920126
v 1.218744 1.048380 2.965127
v 1.263743 1.318380 2.965127
v 1.263743 1.318380 2.920126
v 1.263743 1.048380 2.965127
v 1.263743 1.048380 2.920126
v 0.768746 1.048380 2.920128
v 0.768746 1.048380 2.965127
v 0.768746 1.003379 2.920127
v 0.768746 1.003379 2.965127
v 1.218744 1.048380 2.965127
v 1.218744 1.048380 2.920126
v 1.218744 1.003379 2.965126
v 1.218744 1.003379 2.920126
v -0.716246 1.003379 2.920127
v -0.716247 1.003379 2.965128
v -0.716246 0.958380 2.920127
v -0.716247 0.958380 2.965128
v 0.723746 1.003379 2.965126
v 0.723746 1.003379 2.920127
v 0.723746 0.958380 2.965126
v 0.723746 0.958380 2.920127
v 0.723746 1.318380 2.920128
v 0.723746 1.318380 2.965127
v 0.723746 1.003379 2.920127
v 0.723746 1.003379 2.965126
v 0.768746 1.318380 2.965127
v 0.768746 1.318380 2.920128
v 0.768746 1.003379 2.965127
v 0.768746 1.003379 2.920127
v 0.318748 1.318380 2.875128
v 0.318748 1.318380 2.965127
v 0.318748 0.822130 2.875128
v 0.318748 0.822130 2.965127
v 0.363748 1.318380 2.965127
v 0.363748 1.318380 2.875128
v 0.363748 0.822130 2.965126
v 0.363748 0.822130 2.875128
v 0.318748 0.823380 2.785127
v 0.318748 0.823380 2.963876
v 0.318748 0.733380 2.785127
v 0.318748 0.733380 2.963876
v 0.363748 0.823380 2.963877
v 0.363748 0.823380 2.785127
v 0.363748 0.733380 2.963877
v 0.363748 0.733380 2.785127
v 0.498747 1.237380 2.798628
v 0.498747 1.237380 2.875127
v 0.498747 1.048380 2.798628
v 0.498747 1.048380 2.875127
v 0.723746 1.237380 2.875127
v 0.723746 1.237380 2.798628
v 0.723746 1.048380 2.875127
v 0.723746 1.048380 2.798628
v -0.716246 1.237380 2.798629
v -0.716247 1.237380 2.875128
v -0.716246 1.048380 2.798629
v -0.716247 1.048380 2.875128
v -0.491248 1.237380 2.875127
v -0.491247 1.237380 2.798629
v -0.491248 1.048380 2.875127
v -0.491247 1.048380 2.798629
v 1.025245 1.259879 2.636630
v 1.025244 1.259879 2.726628
v 1.025245 1.196880 2.636630
v 1.025244 1.196880 2.726628
v 1.133244 1.259879 2.726627
v 1.133244 1.259879 2.636629
v 1.133244 1.196880 2.726627
v 1.133244 1.196880 2.636629
v 1.214244 1.291708 2.434413
v 1.214244 1.261426 2.547425
v 1.214244 1.248241 2.422765
v 1.214244 1.217960 2.535778
v 1.232244 1.261426 2.547425
v 1.232244 1.291708 2.434412
v 1.232243 1.217960 2.535778
v 1.232243 1.248241 2.422765
v -1.133244 1.259879 2.636629
v -1.133245 1.259879 2.726630
v -1.133244 1.196880 2.636629
v -1.133245 1.196880 2.726630
v -1.025245 1.259879 2.726629
v -1.025245 1.259879 2.636629
v -1.025245 1.196880 2.726629
v -1.025245 1.196880 2.636629
v -1.232244 1.214880 2.591629
v -1.232244 1.214880 2.681629
v -1.232244 1.151880 2.591629
v -1.232244 1.151880 2.681629
v -1.214244 1.214880 2.681629
v -1.214244 1.214880 2.591629
v -1.214244 1.151880 2.681629
v -1.214244 1.151880 2.591629
v -1.232244 1.291708 2.434412
v -1.232244 1.261426 2.547425
v -1.232243 1.248241 2.422766
v -1.232244 1.217960 2.535778
v -1.214244 1.261426 2.547426
v -1.214244 1.291708 2.434413
v -1.214244 1.217960 2.535778
v -1.214244 1.248241 2.422766
v 1.214244 1.214880 2.591629
v 1.214243 1.214880 2.681628
v 1.214244 1.151880 2.591629
v 1.214243 1.151880 2.681628
v 1.232243 1.214880 2.681628
v 1.232244 1.214880 2.591629
v 1.232243 1.151880 2.681628
v 1.232244 1.151880 2.591629
v 0.663044 2.197965 1.033887
v 0.663044 2.197965 1.096387
v 0.358665 1.801288 1.033887
v 0.358665 1.801288 1.096387
v 0.762213 2.121869 1.096387
v 0.762213 2.121869 1.033887
v 0.457833 1.725193 1.096387
v 0.457834 1.725193 1.033887
v -0.449658 2.185200 1.033887
v -0.449658 2.185200 1.096387
v -0.754037 1.788523 1.033887
v -0.350489 2.109105 1.096387
v -0.350489 2.109105 1.033887
v -0.654868 1.712428 1.096387
v -0.654868 1.712428 1.033887
v 0.067062 1.160975 0.453840
v 0.067062 1.187803 0.605992
v 0.067062 1.086499 0.466972
v 0.067062 1.113327 0.619124
v 0.148937 1.187803 0.605992
v 0.148937 1.160975 0.453840
v 0.148937 1.113327 0.619124
v 0.148937 1.086499 0.466972
v 0.073312 1.182734 0.613232
v 0.073312 1.120568 0.624194
v 0.142687 1.182734 0.613232
v 0.142687 1.120568 0.624194
v 0.267402 1.275453 0.567416
v 0.267402 1.275453 0.635010
v 0.269703 1.011790 0.567416
v 0.269703 1.011790 0.635010
v 0.340928 1.276094 0.635010
v 0.340928 1.276094 0.567416
v 0.343229 1.012431 0.635010
v 0.343229 1.012431 0.567416
v -1.263744 0.778380 -0.679854
v -1.263743 0.778380 1.480134
v -1.263744 0.553380 -0.679854
v -1.263743 0.553380 1.480134
v -1.198744 0.778380 1.480135
v -1.198743 0.778380 -0.679854
v -1.198744 0.553380 1.480135
v -1.198743 0.553380 -0.679854
v -1.264994 1.499630 -2.220097
v -1.264993 1.499630 -1.032352
v -1.264994 1.182131 -2.220097
v -1.264993 1.182130 -1.032352
v -1.197494 1.499630 -1.032353
v -1.197494 1.499630 -2.220096
v -1.197494 1.182130 -1.032353
v -1.197494 1.182131 -2.220096
v -1.263744 1.326974 -1.213421
v -1.263744 0.775577 -0.790322
v -1.263743 1.203535 -1.374288
v -1.263744 0.652139 -0.951189
v -1.198474 0.775577 -0.790322
v -1.198474 1.326974 -1.213421
v -1.198474 0.652139 -0.951190
v -1.198474 1.203535 -1.374289
v -1.263118 1.497543 -1.035135
v -1.263119 0.835060 -0.794013
v -1.263119 1.465051 -1.124406
v -1.263119 0.802568 -0.883283
v -1.199369 0.835060 -0.794013
v -1.199369 1.497543 -1.035135
v -1.199369 0.802568 -0.883283
v -1.199369 1.465051 -1.124406
v -1.264351 1.381591 -1.137218
v -1.264351 1.048608 -0.881712
v -1.264351 1.284971 -1.263134
v -1.264351 0.951989 -1.007629
v -1.198136 1.048608 -0.881712
v -1.198136 1.381591 -1.137218
v -1.198136 0.951989 -1.007628
v -1.198136 1.284971 -1.263134
v -1.263119 0.554181 -0.680228
v -1.263118 0.652512 -0.950388
v -1.263119 0.781822 -0.597374
v -1.263119 0.880152 -0.867534
v -1.200619 0.652512 -0.950388
v -1.200619 0.554181 -0.680228
v -1.200619 0.880152 -0.867534
v -1.200619 0.781822 -0.597374
v -1.166244 0.823380 0.085142
v -1.166244 0.823380 0.715138
v -1.166244 0.643380 0.085142
v -1.166244 0.643380 0.715138
v -0.401248 0.823380 0.715138
v -0.401248 0.823380 0.085142
v -0.401248 0.643380 0.715138
v -0.401248 0.643380 0.085142
v -1.166244 1.498380 0.085142
v -1.166244 1.498380 0.175141
v -1.166244 0.823380 0.085142
v -1.166244 0.823380 0.175141
v -0.401248 1.498380 0.175141
v -0.401248 1.498380 0.085142
v -0.401248 0.823380 0.175141
v -0.401248 0.823380 0.085142
v 0.001062 1.085943 0.082142
v 0.001062 1.022818 0.082142
v 0.001063 1.022818 0.347265
v 0.221686 1.085943 0.347265
v 0.221686 1.085943 0.082142
v 0.221686 1.022818 0.347265
v 0.221686 1.022818 0.082142
v 0.234482 1.076314 0.476510
v 0.234482 1.076314 0.694666
v 0.235048 1.011487 0.476510
v 0.235048 1.011487 0.694666
v 0.371068 1.077506 0.694666
v 0.371068 1.077506 0.476510
v 0.371634 1.012679 0.694666
v 0.371634 1.012679 0.476510
v 0.864933 0.717007 1.187585
v 0.864933 0.652310 1.246868
v 0.864933 0.657301 1.122428
v 0.864933 0.592605 1.181711
v 0.978557 0.652310 1.246867
v 0.978557 0.717007 1.187585
v 0.978557 0.592605 1.181711
v 0.978557 0.657301 1.122428
v 0.677434 0.717007 1.187585
v 0.677434 0.652310 1.246868
v 0.677434 0.657301 1.122428
v 0.677434 0.592605 1.181711
v 0.791058 0.652310 1.246868
v 0.791058 0.717007 1.187585
v 0.791058 0.592605 1.181711
v 0.791058 0.657301 1.122428
v 1.199369 1.497543 -1.035136
v 1.199368 0.835060 -0.794012
v 1.199369 1.465051 -1.124406
v 1.199369 0.802568 -0.883283
v 1.263118 0.835060 -0.794013
v 1.263119 1.497543 -1.035135
v 1.263119 0.802568 -0.883283
v 1.263119 1.465051 -1.124406
v 1.198136 1.381591 -1.137217
v 1.198137 1.048608 -0.881713
v 1.198136 1.284971 -1.263134
v 1.198136 0.951989 -1.007629
v 1.264351 1.048608 -0.881712
v 1.264351 1.381591 -1.137217
v 1.264351 0.951989 -1.007629
v 1.264351 1.284971 -1.263134
v 1.198474 1.326974 -1.213421
v 1.198474 0.775577 -0.790322
v 1.198474 1.203535 -1.374289
v 1.198474 0.652139 -0.951189
v 1.263744 0.775577 -0.790322
v 1.263744 1.326974 -1.213421
v 1.263744 0.652139 -0.951189
v 1.263744 1.203535 -1.374288
v 0.723121 1.499006 -2.502970
v 0.723121 1.499006 -2.209222
v 0.723121 0.912756 -2.502970
v 0.723121 0.912755 -2.209222
v 1.264368 1.499006 -2.209222
v 1.264369 1.499006 -2.502970
v 1.264368 0.912755 -2.209222
v 1.264369 0.912756 -2.502970
v 1.197494 1.499630 -2.220097
v 1.197494 1.499630 -1.032352
v 1.197494 1.182131 -2.220097
v 1.197494 1.182130 -1.032353
v 1.264993 1.499630 -1.032352
v 1.264993 1.499630 -2.220096
v 1.264993 1.182130 -1.032353
v 1.264993 1.182131 -2.220096
v 1.198744 0.778380 -0.679855
v 1.198744 0.778380 1.480134
v 1.198744 0.553380 -0.679855
v 1.198744 0.553380 1.480134
v 1.263744 0.778380 1.480134
v 1.263744 0.778380 -0.679855
v 1.263744 0.553380 1.480134
v 1.263744 0.553380 -0.679855
v -1.264368 1.499006 -2.502969
v -1.264369 1.499006 -2.209222
v -1.264368 0.912756 -2.502970
v -1.264369 0.912755 -2.209222
v -0.723121 1.499006 -2.209222
v -0.723121 1.499006 -2.502970
v -0.723121 0.912755 -2.209222
v -0.723121 0.912756 -2.502970
v 1.182494 0.778380 1.480135
v 1.182494 0.778380 1.012707
v 1.182494 1.130810 1.480135
v 1.182494 1.130810 1.012707
v 1.263744 0.778380 1.012707
v 1.263744 0.778380 1.480134
v 1.263744 1.130810 1.012707
v 1.263744 1.130810 1.480134
v 1.200619 0.554181 -0.680228
v 1.200619 0.652512 -0.950388
v 1.200619 0.781822 -0.597374
v 1.200619 0.880152 -0.867534
v 1.263119 0.652512 -0.950388
v 1.263118 0.554181 -0.680228
v 1.263119 0.880152 -0.867534
v 1.263118 0.781822 -0.597374
v 0.723746 1.498380 -2.502344
v 0.723746 1.498380 -2.434845
v 0.723746 0.913381 -2.502344
v 0.723746 0.913381 -2.434845
v 1.173744 1.498380 -2.434845
v 1.173743 1.498380 -2.502344
v 1.173744 0.913381 -2.434845
v 1.173743 0.913381 -2.502344
v -1.263743 0.778380 1.480134
v -1.263744 0.778380 1.012707
v -1.263743 1.130810 1.480134
v -1.263744 1.130810 1.012707
v -1.169994 0.778380 1.012707
v -1.169994 0.778380 1.480134
v -1.169994 1.130810 1.012707
v -1.169994 1.130810 1.480134
v 0.876745 1.277881 -2.547344
v 0.876746 1.277881 -2.434845
v 0.876745 1.052881 -2.547344
v 0.876746 1.052881 -2.434845
v 1.056744 1.277881 -2.434845
v 1.056744 1.277881 -2.547344
v 1.056744 1.052881 -2.434845
v 1.056744 1.052881 -2.547344
v -1.056745 1.277881 -2.547345
v -1.056744 1.277881 -2.434845
v -1.056745 1.052881 -2.547345
v -1.056744 1.052881 -2.434845
v -0.876745 1.277881 -2.434844
v -0.876746 1.277881 -2.547345
v -0.876745 1.052881 -2.434844
v -0.876746 1.052881 -2.547345
v -1.198744 0.643380 -0.667355
v -1.198744 0.643380 1.480135
v -1.198744 0.553380 -0.667355
v -1.198744 0.553380 1.480135
v 1.198744 0.643380 1.480134
v 1.198744 0.643380 -0.667355
v 1.198744 0.553380 1.480134
v 1.198744 0.553380 -0.667355
v 0.724681 1.183696 -2.236661
v 0.724681 1.183695 -1.112037
v 0.724681 1.048065 -2.236661
v 0.724681 1.048065 -1.112037
v 0.770311 1.183695 -1.112037
v 0.770311 1.183696 -2.236661
v 0.770311 1.048065 -1.112037
v 0.770311 1.048065 -2.236661
v 0.723521 1.498605 -2.212821
v 0.723521 1.498605 -1.085877
v 0.723521 1.183156 -2.212821
v 0.723521 1.183155 -1.085877
v 1.205219 1.498605 -1.085878
v 1.205219 1.498605 -2.212821
v 1.205219 1.183155 -1.085878
v 1.205219 1.183156 -2.212821
v 0.723476 1.498650 -1.184122
v 0.723476 1.498650 -1.084582
v 0.723476 0.958110 -1.184122
v 0.723476 0.958110 -1.084583
v 1.199014 1.498650 -1.084582
v 1.199014 1.498650 -1.184122
v 1.199014 0.958110 -1.084583
v 1.199014 0.958110 -1.184122
v 0.526247 0.886964 1.893513
v 0.526247 1.551038 2.071450
v 0.526247 0.854612 2.014253
v 0.526247 1.518685 2.192190
v 0.588747 1.551038 2.071450
v 0.588747 0.886964 1.893514
v 0.588747 1.518685 2.192191
v 0.588747 0.854612 2.014253
v -0.588747 0.886964 1.893513
v -0.588747 1.551038 2.071450
v -0.588747 0.854612 2.014254
v -0.588747 1.518685 2.192191
v -0.526247 1.551038 2.071451
v -0.526247 0.886964 1.893514
v -0.526247 1.518685 2.192191
v -0.526248 0.854612 2.014253
v -0.770311 1.183696 -2.236661
v -0.770311 1.183695 -1.112037
v -0.770311 1.048065 -2.236661
v -0.770311 1.048065 -1.112037
v -0.724681 1.183695 -1.112037
v -0.724681 1.183696 -2.236661
v -0.724681 1.048065 -1.112037
v -0.724681 1.048065 -2.236661
v -0.626247 1.205880 1.520634
v -0.626247 1.205880 2.663630
v -0.626247 0.728880 1.520634
v -0.626247 0.728880 2.663630
v 0.633747 1.205880 2.663629
v 0.633747 1.205880 1.520634
v 0.633747 0.728880 2.663629
v 0.633747 0.728880 1.520634
v -0.399998 0.809881 -2.529345
v -0.399998 0.809880 2.716128
v -0.399998 0.602881 -2.529345
v -0.399998 0.602880 2.716128
v 0.403748 0.809880 2.716128
v 0.403747 0.809881 -2.529346
v 0.403748 0.602880 2.716128
v 0.403747 0.602881 -2.529346
v 1.127038 2.104954 0.951582
v 1.125445 2.123158 1.090383
v 1.177587 1.527166 1.027939
v 1.175995 1.545370 1.166741
v 1.202649 2.129912 1.090383
v 1.204242 2.111708 0.951582
v 1.253199 1.552124 1.166741
v 1.254792 1.533920 1.027939
v -1.204242 2.111708 0.951582
v -1.202649 2.129912 1.090383
v -1.254792 1.533920 1.027940
v -1.253199 1.552124 1.166741
v -1.125445 2.123158 1.090384
v -1.127037 2.104954 0.951582
v -1.175995 1.545370 1.166741
v -1.177588 1.527166 1.027940
v -1.262493 1.136794 1.524641
v -1.262494 0.982858 1.435766
v -1.262493 1.333044 1.184727
v -1.262494 1.179108 1.095853
v 1.262494 0.982858 1.435766
v 1.262494 1.136794 1.524641
v 1.262494 1.179108 1.095853
v 1.262494 1.333044 1.184727
v -1.262494 0.734154 1.264642
v -1.262494 1.125910 1.514216
v -1.262493 0.609232 1.460729
v -1.262494 1.000987 1.710303
v 1.262494 1.125910 1.514216
v 1.262494 0.734154 1.264642
v 1.262494 1.000987 1.710304
v 1.262494 0.609232 1.460729
v 0.363748 1.183380 1.012637
v 0.363748 1.183380 0.953887
v 0.363748 1.588380 1.012637
v 0.363748 1.588380 0.953887
v 1.178744 1.183380 0.953887
v 1.178744 1.183380 1.012637
v 1.178744 1.588380 0.953887
v 1.178744 1.588380 1.012637
v -1.223744 1.024167 -1.094880
v -1.223744 0.725511 -0.861545
v -1.223744 0.954905 -1.183530
v -1.223744 0.656249 -0.950196
v 1.198744 0.725511 -0.861546
v 1.198744 1.024167 -1.094880
v 1.198744 0.656249 -0.950196
v 1.198743 0.954905 -1.183530
v -0.356248 1.048380 1.120136
v -0.356248 1.048380 0.967637
v -0.356248 1.543380 1.120136
v -0.356248 1.543380 0.967637
v 0.363748 1.048380 0.967637
v 0.363748 1.048380 1.120136
v 0.363748 1.543380 0.967637
v 0.363748 1.543380 1.120136
v -0.248897 1.048380 0.970570
v -0.129309 1.048380 0.681859
v -0.248897 1.293380 0.970570
v -0.129309 1.293380 0.681859
v 0.304912 1.048380 0.861719
v 0.185324 1.048380 1.150430
v 0.304912 1.293380 0.861719
v 0.185324 1.293380 1.150430
v -1.199014 1.498650 -1.184121
v -1.199014 1.498650 -1.084582
v -1.199014 0.958110 -1.184122
v -1.199014 0.958110 -1.084582
v -0.710976 1.498650 -1.084582
v -0.710976 1.498650 -1.184122
v -0.710976 0.958110 -1.084582
v -0.710976 0.958110 -1.184122
v -1.205219 1.498605 -2.212821
v -1.205219 1.498605 -1.085878
v -1.205219 1.183156 -2.212821
v -1.205219 1.183155 -1.085878
v -0.723521 1.498605 -1.085877
v -0.723521 1.498605 -2.212821
v -0.723521 1.183155 -1.085877
v -0.723521 1.183156 -2.212821
v -1.173745 1.498380 -2.502345
v -1.173744 1.498380 -2.434846
v -1.173745 0.913381 -2.502346
v -1.173744 0.913381 -2.434846
v -0.723747 1.498380 -2.434845
v -0.723746 1.498380 -2.502345
v -0.723747 0.913381 -2.434845
v -0.723746 0.913381 -2.502345
v -1.266243 1.058380 1.210136
v -1.266243 1.058380 1.012637
v -1.266243 1.650880 1.210136
v -1.266243 1.650880 1.012637
v 1.261244 1.058380 1.012637
v 1.261243 1.058380 1.210136
v 1.261244 1.650880 1.012637
v 1.261243 1.650880 1.210136
v -1.204994 0.554558 -0.668429
v -1.204994 0.658019 -0.952685
v -1.204994 0.651816 -0.633031
v -1.204993 0.755277 -0.917286
v 1.198744 0.658019 -0.952685
v 1.198744 0.554558 -0.668429
v 1.198744 0.755277 -0.917286
v 1.198744 0.651816 -0.633031
v -1.166244 0.643380 1.345135
v -1.166244 0.643380 1.210136
v -1.166244 1.183380 1.345136
v -1.166244 1.183380 1.210136
v 1.173744 0.643380 1.210136
v 1.173744 0.643380 1.345135
v 1.173744 1.183380 1.210136
v 1.173744 1.183380 1.345135
v -0.761246 1.048381 -2.434845
v -0.761246 1.048380 -1.084852
v -0.761246 0.868381 -2.434846
v -0.761246 0.868380 -1.084852
v 0.768746 1.048380 -1.084852
v 0.768746 1.048381 -2.434845
v 0.768746 0.868380 -1.084852
v 0.768746 0.868381 -2.434845
v -1.263618 0.999862 1.711428
v -1.263619 0.999862 1.124001
v -1.263618 1.137292 1.711428
v -1.263619 1.137293 1.124001
v 1.263868 0.999862 1.124001
v 1.263868 0.999862 1.711428
v 1.263868 1.137293 1.124001
v 1.263868 1.137292 1.711428
v -0.401248 1.048380 -1.084852
v -0.401248 1.048380 1.525134
v -0.401248 0.643380 -1.084852
v -0.401248 0.643380 1.525134
v 0.408748 1.048380 1.525134
v 0.408748 1.048380 -1.084852
v 0.408748 0.643380 1.525134
v 0.408748 0.643380 -1.084852
v -0.039878 2.163054 1.026305
v -0.040390 2.168905 1.070920
v -0.040367 1.511136 1.111799
v -0.040878 1.516988 1.156414
v 0.049604 2.168972 1.071944
v 0.050116 2.163121 1.027329
v 0.049115 1.517054 1.157438
v 0.049627 1.511203 1.112823
v -1.141084 2.186970 0.950547
v -1.141084 2.186970 1.095977
v -1.141084 2.096790 0.950547
v -1.141084 2.096790 1.095977
v 1.142834 2.186970 1.095977
v 1.142834 2.186970 0.950547
v 1.142834 2.096790 1.095977
v 1.142834 2.096790 0.950547
v -0.716246 1.003381 -2.502345
v -0.716246 1.003381 -2.412345
v -0.716246 0.913381 -2.502345
v -0.716246 0.913381 -2.412345
v 0.723746 1.003381 -2.412346
v 0.723746 1.003381 -2.502344
v 0.723746 0.913381 -2.412346
v 0.723746 0.913381 -2.502344
v 0.588747 1.205880 1.745633
v 0.588747 1.205880 2.663629
v 0.588747 0.773880 1.745633
v 0.588747 0.773880 2.663629
v 0.588747 1.205880 2.663629
v 0.588747 1.205880 1.745633
v 0.588747 0.773880 2.663629
v 0.588747 0.773880 1.745633
v -1.222494 2.032420 1.188761
v -1.222494 1.898772 1.434245
v -1.222494 2.023696 1.438607
v -0.972495 2.032420 1.188761
v -0.972495 1.907496 1.184398
v -0.972495 2.023696 1.438607
v -0.972495 1.898772 1.434244
v 0.396248 1.498380 0.085142
v 0.396248 1.498380 0.175141
v 0.396248 0.823380 0.085142
v 0.396248 0.823380 0.175141
v 1.161244 1.498380 0.175141
v 1.161244 1.498380 0.085142
v 1.161244 0.823380 0.175141
v 1.161244 0.823380 0.085142
v 0.396248 0.823380 0.085142
v 0.396248 0.823380 0.715138
v 0.396248 0.643380 0.085142
v 0.396248 0.643380 0.715138
v 1.161244 0.823380 0.715138
v 1.161244 0.823380 0.085142
v 1.161244 0.643380 0.715138
v 1.161244 0.643380 0.085142
v -1.191244 1.156863 1.189455
v -1.191244 1.968868 1.217810
v -1.191244 1.150319 1.376839
v -1.191244 1.962324 1.405195
v -1.003745 1.968868 1.217810
v -1.003745 1.156863 1.189455
v -1.003745 1.150319 1.376839
v -1.183744 2.137429 1.056352
v 1.236243 2.137429 1.056351
v -1.183744 1.567348 1.131404
v 1.236243 1.567348 1.131403
v 1.236243 2.137429 1.056351
v -1.183744 2.137429 1.056352
v 1.236243 1.567348 1.131403
v -1.183744 1.567348 1.131404
v 0.717279 1.376161 0.832436
v 0.717279 1.522321 0.892976
v 0.717279 0.955513 1.847963
v 0.717279 1.101673 1.908505
v 0.869381 1.522321 0.892977
v 0.869381 1.376161 0.832435
v 0.869381 1.101673 1.908505
v 0.869381 0.955513 1.847964
v 0.871794 1.405684 0.986117
v 0.861959 1.432839 0.991891
v 0.880009 1.400847 1.022856
v 0.870174 1.428002 1.028630
v 1.001500 1.488454 0.968010
v 1.011335 1.461299 0.962236
v 1.009716 1.483617 1.004749
v 1.019550 1.456462 0.998975
v -1.251243 1.543380 0.040142
v -1.251243 1.543380 0.085142
v -1.251243 0.778380 0.040142
v -1.251243 0.778380 0.085142
v -1.186244 1.543380 0.085142
v -1.186244 1.543380 0.040142
v -1.186244 0.778380 0.085142
v -1.186244 0.778380 0.040142
v 1.198744 1.543380 0.040142
v 1.198744 1.543380 0.085142
v 1.198744 0.778380 0.040142
v 1.198744 0.778380 0.085142
v 1.251244 1.543380 0.085142
v 1.251243 1.543380 0.040142
v 1.251244 0.778380 0.085142
v 1.251243 0.778380 0.040142
v -0.626247 0.949380 2.668128
v -0.626247 0.949380 2.776129
v -0.626247 0.562380 2.668128
v -0.626247 0.562380 2.776129
v 0.633747 0.949380 2.776127
v 0.633746 0.949380 2.668128
v 0.633747 0.562380 2.776127
v 0.633746 0.562380 2.668128
v -0.558747 0.730062 2.786589
v -0.558747 0.743333 2.798748
v -0.558747 0.681419 2.839672
v -0.558747 0.694690 2.851831
v -0.419248 0.743333 2.798748
v -0.419248 0.730062 2.786588
v -0.419248 0.694690 2.851832
v -0.419248 0.681419 2.839673
v -0.536247 0.814380 2.758128
v -0.536247 0.814380 2.821128
v -0.536247 0.652380 2.758128
v -0.536247 0.652380 2.821128
v -0.446248 0.814380 2.821128
v -0.446248 0.814380 2.758128
v -0.446248 0.652380 2.821128
v -0.446248 0.652380 2.758128
v 0.431247 0.730062 2.786587
v 0.431248 0.743333 2.798748
v 0.431248 0.681419 2.839671
v 0.431248 0.694690 2.851832
v 0.570747 0.743333 2.798748
v 0.570747 0.730062 2.786587
v 0.570747 0.694690 2.851831
v 0.570747 0.681419 2.839671
v -1.177494 2.235461 0.022457
v -1.177494 2.194878 0.205511
v -1.177494 1.595987 -0.119311
v -1.177494 1.555404 0.063744
v 1.179994 2.194878 0.205511
v 1.179994 2.235461 0.022456
v 1.179994 1.555404 0.063744
v 1.179994 1.595987 -0.119311
v -1.173744 1.595986 -0.119311
v -1.173744 1.595986 0.068188
v -1.173744 0.650986 -0.119311
v -1.173744 0.650986 0.068188
v 1.181244 1.595986 0.068188
v 1.181244 1.595986 -0.119311
v 1.181244 0.650986 0.068188
v 1.181244 0.650986 -0.119311
v -0.402498 2.047523 -0.019208
v -0.402498 2.006941 0.163846
v -0.402498 1.785144 -0.077376
v -0.402498 1.744561 0.105679
v 0.404998 2.006941 0.163846
v 0.404998 2.047523 -0.019208
v 0.404998 1.744561 0.105679
v 0.404998 1.785144 -0.077376
v -1.079749 0.649440 1.903132
v -1.079749 0.649440 2.301131
v -0.953750 0.431202 1.903132
v -0.953750 0.431202 2.301130
v -0.417243 1.031940 2.301130
v -0.417243 1.031940 1.903132
v -0.291244 0.813702 2.301130
v -0.291244 0.813702 1.903133
v 0.417243 1.031940 1.903133
v 0.417243 1.031940 2.301130
v 0.291244 0.813702 1.903132
v 0.291244 0.813702 2.301130
v 1.079749 0.649440 2.301131
v 1.079749 0.649440 1.903132
v 0.953750 0.431202 2.301130
v 0.953750 0.431202 1.903132
v 0.417243 1.031941 -1.896848
v 0.417243 1.031941 -1.498850
v 0.291244 0.813703 -1.896848
v 0.291244 0.813703 -1.498850
v 1.079749 0.649441 -1.498850
v 1.079749 0.649441 -1.896848
v 0.953750 0.431203 -1.498850
v 0.953750 0.431203 -1.896848
v -1.079749 0.649441 -1.896848
v -1.079749 0.649441 -1.498850
v -0.953750 0.431203 -1.896848
v -0.953750 0.431203 -1.498850
v -0.417243 1.031941 -1.498850
v -0.417243 1.031941 -1.896847
v -0.291244 0.813703 -1.498850
v -0.291244 0.813703 -1.896848
v 1.197250 1.503565 -0.018605
v 1.197250 1.503565 -2.456102
v 1.197250 1.458565 -0.018605
v 1.197250 1.458565 -2.456102
v -1.205250 1.503565 -2.456102
v -1.205250 1.503565 -0.018605
v -1.205250 1.458565 -2.456102
v -1.205250 1.458565 -0.018605
v -0.634747 1.606881 -2.839343
v -0.634747 1.606881 -2.276846
v -0.634747 1.044381 -2.839343
v -0.634747 1.044380 -2.276846
v 0.642747 1.606881 -2.276845
v 0.642747 1.606881 -2.839343
v 0.642747 1.044380 -2.276845
v 0.642747 1.044381 -2.839343
vn -0.0000 -0.0000 1.0000
vn -1.0000 -0.0000 -0.0000
vn -0.0000 -0.0000 -1.0000
vn 1.0000 -0.0000 -0.0000
vn -0.0000 1.0000 -0.0000
vn -0.0000 -1.0000 -0.0000
vn -0.9962 -0.0872 -0.0000
vn 0.9962 0.0872 -0.0000
vn -0.0872 0.9962 -0.0000
vn 0.0872 -0.9962 -0.0000
vn 0.0871 -0.9962 -0.0000
vn -0.0114 0.1300 0.9914
vn 0.0114 -0.1300 -0.9914
vn -0.0864 0.9877 -0.1305
vn 0.0864 -0.9877 0.1305
vn 0.9962 0.0871 -0.0000
vn -0.0871 0.9962 -0.0000
vn -0.9962 0.0872 -0.0000
vn 0.9962 -0.0872 -0.0000
vn 0.0872 0.9962 -0.0000
vn -0.0872 -0.9962 -0.0000
vn -0.0871 -0.9962 -0.0000
vn 0.0114 0.1300 0.9914
vn -0.0114 -0.1300 -0.9914
vn 0.0864 0.9877 -0.1305
vn -0.0864 -0.9877 0.1305
vn -0.9962 0.0871 -0.0000
vn 0.0871 0.9962 -0.0000
vn -1.0000 -0.0087 -0.0000
vn 1.0000 0.0087 -0.0000
vn -0.0087 1.0000 -0.0000
vn 0.0087 -1.0000 -0.0000
vn -0.9239 -0.3827 -0.0000
vn 0.9239 0.3827 -0.0000
vn -0.3827 0.9239 -0.0000
vn 0.3827 -0.9239 -0.0000
vn -0.9239 0.3827 -0.0000
vn 0.9239 -0.3827 -0.0000
vn 0.3827 0.9239 -0.0000
vn -0.3827 -0.9239 -0.0000
vn -0.0000 0.2840 0.9588
vn -0.0000 -0.2840 -0.9588
vn -0.0000 0.9588 -0.2841
vn -0.0000 -0.9588 0.2840
vn -0.0000 0.6088 0.7934
vn -0.0000 -0.6088 -0.7934
vn -0.0000 0.7934 -0.6088
vn -0.0000 -0.7934 0.6088
vn -0.0000 0.3007 0.9537
vn -0.0000 -0.3007 -0.9537
vn -0.0000 0.9537 -0.3007
vn -0.0000 -0.9537 0.3007
vn -0.0000 -0.7373 0.6756
vn -0.0000 0.7373 -0.6756
vn -0.0000 0.6756 0.7373
vn -0.0000 -0.6756 -0.7373
vn -0.0000 0.8660 0.5000
vn -0.0000 -0.8660 -0.5000
vn -0.0000 0.5000 -0.8660
vn -0.0000 -0.5000 0.8660
vn -0.0000 0.9877 -0.1564
vn -0.0000 -0.9877 0.1564
vn -0.0000 -0.1564 -0.9877
vn -0.0000 0.1564 0.9877
vn 0.0028 0.9682 0.2503
vn -0.8869 -0.1133 0.4478
vn -0.0028 -0.9682 -0.2503
vn 0.8869 0.1133 -0.4478
vn -0.4619 0.2232 -0.8584
vn 0.4619 -0.2232 0.8584
vn -0.0000 0.9659 0.2588
vn -0.0000 -0.9659 -0.2588
vn -0.0000 0.2588 -0.9659
vn -0.0000 -0.2588 0.9659
vn -0.0000 0.9925 0.1219
vn -0.0000 -0.9925 -0.1219
vn -0.0000 0.1219 -0.9925
vn -0.0000 -0.1219 0.9925
vn -0.0028 0.9682 0.2503
vn -0.8869 0.1133 -0.4478
vn 0.0028 -0.9682 -0.2503
vn 0.8869 -0.1133 0.4478
vn 0.4619 0.2232 -0.8584
vn -0.4619 -0.2232 0.8584
vn -0.0000 0.9994 0.0349
vn -0.0000 -0.9994 -0.0349
vn -0.0000 0.0349 -0.9994
vn -0.0000 -0.0349 0.9994
vn -0.0000 0.7660 0.6428
vn -0.0000 -0.7660 -0.6428
vn -0.0000 0.6428 -0.7660
vn -0.0000 -0.6428 0.7660
vn -0.0000 0.9367 0.3502
vn -0.0000 -0.9367 -0.3502
vn -0.0000 0.3502 -0.9367
vn -0.0000 -0.3502 0.9367
vn -0.0000 0.9990 0.0436
vn -0.0000 -0.9990 -0.0436
vn -0.0000 0.0436 -0.9990
vn -0.0000 -0.0436 0.9990
vn -0.0000 -0.3420 0.9397
vn -0.0000 0.3420 -0.9397
vn -0.0000 0.9397 0.3420
vn -0.0000 -0.9397 -0.3420
vn -0.0000 -0.9397 0.3420
vn -0.0000 0.9397 -0.3420
vn -0.0000 0.3420 0.9397
vn -0.0000 -0.3420 -0.9397
vn -0.0000 0.1305 0.9914
vn -0.0000 -0.1305 -0.9914
vn -0.0000 0.9914 -0.1305
vn -0.0000 -0.9914 0.1305
vn -0.0000 0.1736 0.9848
vn -0.0000 -0.1736 -0.9848
vn -0.0000 0.9848 -0.1736
vn -0.0000 -0.9848 0.1737
vn -0.7934 0.6088 -0.0000
vn 0.7934 -0.6088 -0.0000
vn 0.6088 0.7934 -0.0000
vn -0.6088 -0.7934 -0.0000
vn -0.0000 -0.9848 0.1736
vn -0.0000 0.1737 0.9848
vn -0.0000 0.7933 -0.6088
vn -0.0000 0.8434 0.5373
vn -0.0000 -0.8434 -0.5373
vn -0.0000 0.5373 -0.8434
vn -0.0000 -0.5373 0.8434
vn -0.0000 -0.7880 0.6157
vn -0.0000 0.7880 -0.6157
vn -0.0000 0.6157 0.7880
vn -0.0000 -0.6157 -0.7880
vn 0.3827 -0.0000 -0.9239
vn -0.9239 -0.0000 -0.3827
vn -0.3827 -0.0000 0.9239
vn 0.9239 -0.0000 0.3827
vn -0.9999 -0.0007 -0.0114
vn 0.9999 0.0007 0.0114
vn 0.0007 0.9915 -0.1300
vn -0.0007 -0.9915 0.1300
vn -0.0000 -0.0000 -0.0000
vn -0.0000 0.0436 0.9990
vn -0.0000 -0.1283 0.9917
vn -0.0000 0.9239 0.3827
vn -0.0000 -0.9239 -0.3827
vn -0.0000 0.3827 -0.9239
vn -0.0000 -0.3827 0.9239
vn -0.3339 0.9220 0.1961
vn -0.9174 -0.3657 0.1570
vn 0.3339 -0.9220 -0.1961
vn 0.9174 0.3656 -0.1570
vn -0.2164 0.1274 -0.9679
vn 0.2164 -0.1274 0.9679
vn -0.0000 0.7373 0.6756
vn -0.0000 -0.7373 -0.6756
vn -0.0000 0.6756 -0.7373
vn -0.0000 -0.6755 0.7373
vn -0.0000 -0.6756 0.7373
vn -0.0000 -0.2164 0.9763
vn -0.0000 0.2164 -0.9763
vn -0.0000 0.9763 0.2164
vn -0.0000 -0.9763 -0.2164
vn -0.8660 -0.5000 -0.0000
vn 0.8660 0.5000 -0.0000
vn -0.5000 0.8660 -0.0000
vn 0.5000 -0.8660 -0.0000
vn -0.8660 0.5000 -0.0000
vn 0.8660 -0.5000 -0.0000
vn 0.5000 0.8660 -0.0000
vn -0.5000 -0.8660 -0.0000
vt 0.611328 0.468750
vt 0.466797 0.296875
vt 0.703125 0.585938
vt 0.615234 0.468750
vt 0.466797 0.292969
vt 0.611328 0.464844
vt 0.466797 0.292969
vt 0.703125 0.507812
vt 0.703125 0.582031
vt 0.615234 0.464844
vt 0.703125 0.503906
vt 0.705078 0.585938
vt 0.455078 0.378906
vt 0.468750 0.292969
vt 0.464844 0.296875
vt 0.458984 0.378906
vt 0.468750 0.296875
vt 0.705078 0.582031
vt 0.455078 0.375000
vt 0.705078 0.503906
vt 0.464844 0.292969
vt 0.458984 0.375000
vt 0.705078 0.507812
vt 0.552734 0.554688
vt 0.216797 0.417969
vt 0.597656 0.519531
vt 0.490234 0.853516
vt 0.554688 0.554688
vt 0.597656 0.517578
vt 0.552734 0.552734
vt 0.216797 0.416016
vt 0.193359 0.388672
vt 0.490234 0.851562
vt 0.554688 0.552734
vt 0.193359 0.386719
vt 0.501953 0.853516
vt 0.103516 0.429688
vt 0.609375 0.517578
vt 0.205078 0.417969
vt 0.105469 0.429688
vt 0.609375 0.519531
vt 0.501953 0.851562
vt 0.103516 0.427734
vt 0.205078 0.386719
vt 0.205078 0.416016
vt 0.105469 0.427734
vt 0.205078 0.388672
vt 0.597656 0.777344
vt 0.011719 0.351562
vt 0.292969 0.470703
vt 0.078125 0.384766
vt 0.619141 0.777344
vt 0.292969 0.449219
vt 0.597656 0.763672
vt 0.011719 0.337891
vt 0.638672 0.316406
vt 0.078125 0.371094
vt 0.619141 0.763672
vt 0.638672 0.294922
vt 0.080078 0.384766
vt 0.242188 0.402344
vt 0.294922 0.449219
vt 0.009766 0.351562
vt 0.263672 0.402344
vt 0.294922 0.470703
vt 0.080078 0.371094
vt 0.242188 0.388672
vt 0.640625 0.294922
vt 0.009766 0.337891
vt 0.263672 0.388672
vt 0.640625 0.316406
vt 0.021484 0.447266
vt 0.123047 0.312500
vt 0.574219 0.912109
vt 0.400391 0.486328
vt 0.023438 0.447266
vt 0.574219 0.910156
vt 0.021484 0.429688
vt 0.123047 0.294922
vt 0.580078 0.703125
vt 0.400391 0.468750
vt 0.023438 0.429688
vt 0.580078 0.701172
vt 0.402344 0.486328
vt 0.123047 0.312500
vt 0.576172 0.910156
vt 0.121094 0.312500
vt 0.125000 0.312500
vt 0.576172 0.912109
vt 0.402344 0.468750
vt 0.123047 0.294922
vt 0.582031 0.701172
vt 0.121094 0.294922
vt 0.125000 0.294922
vt 0.582031 0.703125
vt 0.255859 0.576172
vt 0.150391 0.312500
vt 0.306641 0.486328
vt 0.125000 0.312500
vt 0.263672 0.576172
vt 0.306641 0.478516
vt 0.255859 0.558594
vt 0.150391 0.294922
vt 0.134766 0.441406
vt 0.125000 0.294922
vt 0.263672 0.558594
vt 0.134766 0.433594
vt 0.126953 0.312500
vt 0.078125 0.357422
vt 0.308594 0.478516
vt 0.148438 0.312500
vt 0.085938 0.357422
vt 0.308594 0.486328
vt 0.126953 0.294922
vt 0.078125 0.339844
vt 0.136719 0.433594
vt 0.148438 0.294922
vt 0.085938 0.339844
vt 0.136719 0.441406
vt 0.429688 0.919922
vt 0.500000 0.310547
vt 0.597656 0.941406
vt 0.689453 0.707031
vt 0.433594 0.919922
vt 0.597656 0.937500
vt 0.429688 0.906250
vt 0.500000 0.296875
vt 0.191406 0.373047
vt 0.689453 0.693359
vt 0.433594 0.906250
vt 0.191406 0.369141
vt 0.691406 0.707031
vt 0.476562 0.408203
vt 0.599609 0.937500
vt 0.498047 0.310547
vt 0.480469 0.408203
vt 0.599609 0.941406
vt 0.691406 0.693359
vt 0.476562 0.394531
vt 0.193359 0.369141
vt 0.498047 0.296875
vt 0.480469 0.394531
vt 0.193359 0.373047
vt 0.484375 0.609375
vt 0.486328 0.359375
vt 0.640625 0.316406
vt 0.189453 0.359375
vt 0.505859 0.609375
vt 0.640625 0.294922
vt 0.484375 0.605469
vt 0.486328 0.355469
vt 0.683594 0.324219
vt 0.189453 0.355469
vt 0.505859 0.605469
vt 0.683594 0.302734
vt 0.191406 0.359375
vt 0.673828 0.992188
vt 0.642578 0.294922
vt 0.484375 0.359375
vt 0.695312 0.992188
vt 0.642578 0.316406
vt 0.191406 0.355469
vt 0.673828 0.988281
vt 0.685547 0.302734
vt 0.484375 0.355469
vt 0.695312 0.988281
vt 0.685547 0.324219
vt 0.011719 0.322266
vt 0.550781 0.630859
vt 0.646484 0.953125
vt 0.548828 0.853516
vt 0.015625 0.322266
vt 0.646484 0.949219
vt 0.011719 0.302734
vt 0.550781 0.611328
vt 0.656250 0.871094
vt 0.548828 0.833984
vt 0.015625 0.302734
vt 0.656250 0.867188
vt 0.550781 0.853516
vt 0.357422 0.322266
vt 0.648438 0.949219
vt 0.548828 0.630859
vt 0.361328 0.322266
vt 0.648438 0.953125
vt 0.550781 0.833984
vt 0.357422 0.302734
vt 0.658203 0.867188
vt 0.548828 0.611328
vt 0.361328 0.302734
vt 0.658203 0.871094
vt 0.673828 0.945312
vt 0.603516 0.335938
vt 0.220703 0.314453
vt 0.664062 0.738281
vt 0.695312 0.945312
vt 0.220703 0.292969
vt 0.673828 0.941406
vt 0.603516 0.332031
vt 0.222656 0.314453
vt 0.664062 0.734375
vt 0.695312 0.941406
vt 0.222656 0.292969
vt 0.666016 0.738281
vt 0.673828 0.431641
vt 0.222656 0.292969
vt 0.601562 0.335938
vt 0.695312 0.431641
vt 0.222656 0.314453
vt 0.666016 0.734375
vt 0.673828 0.427734
vt 0.224609 0.292969
vt 0.601562 0.332031
vt 0.695312 0.427734
vt 0.224609 0.314453
vt 0.277344 0.417969
vt 0.667969 0.539062
vt 0.689453 0.587891
vt 0.646484 0.873047
vt 0.279297 0.417969
vt 0.689453 0.585938
vt 0.277344 0.416016
vt 0.667969 0.537109
vt 0.689453 0.578125
vt 0.646484 0.871094
vt 0.279297 0.416016
vt 0.689453 0.576172
vt 0.658203 0.873047
vt 0.595703 0.533203
vt 0.701172 0.585938
vt 0.656250 0.539062
vt 0.597656 0.533203
vt 0.701172 0.587891
vt 0.658203 0.871094
vt 0.595703 0.531250
vt 0.701172 0.576172
vt 0.656250 0.537109
vt 0.597656 0.531250
vt 0.701172 0.578125
vt 0.681641 0.375000
vt 0.503906 0.310547
vt 0.667969 0.796875
vt 0.500000 0.310547
vt 0.685547 0.375000
vt 0.667969 0.792969
vt 0.681641 0.361328
vt 0.503906 0.296875
vt 0.669922 0.707031
vt 0.500000 0.296875
vt 0.685547 0.361328
vt 0.669922 0.703125
vt 0.501953 0.310547
vt 0.683594 0.962891
vt 0.669922 0.792969
vt 0.501953 0.310547
vt 0.687500 0.962891
vt 0.669922 0.796875
vt 0.501953 0.296875
vt 0.683594 0.949219
vt 0.671875 0.703125
vt 0.501953 0.296875
vt 0.687500 0.949219
vt 0.671875 0.707031
vt 0.166016 0.626953
vt 0.294922 0.330078
vt 0.185547 0.464844
vt 0.279297 0.554688
vt 0.167969 0.626953
vt 0.185547 0.462891
vt 0.166016 0.615234
vt 0.294922 0.318359
vt 0.095703 0.455078
vt 0.279297 0.542969
vt 0.167969 0.615234
vt 0.095703 0.453125
vt 0.287109 0.554688
vt 0.193359 0.462891
vt 0.287109 0.330078
vt 0.289062 0.554688
vt 0.193359 0.464844
vt 0.287109 0.542969
vt 0.103516 0.453125
vt 0.287109 0.318359
vt 0.289062 0.542969
vt 0.103516 0.455078
vt 0.501953 0.833984
vt 0.625000 0.375000
vt 0.550781 0.986328
vt 0.144531 0.402344
vt 0.521484 0.833984
vt 0.550781 0.966797
vt 0.501953 0.832031
vt 0.625000 0.373047
vt 0.056641 0.312500
vt 0.144531 0.400391
vt 0.521484 0.832031
vt 0.056641 0.292969
vt 0.146484 0.402344
vt 0.255859 0.439453
vt 0.552734 0.966797
vt 0.623047 0.375000
vt 0.275391 0.439453
vt 0.552734 0.986328
vt 0.146484 0.400391
vt 0.255859 0.437500
vt 0.058594 0.292969
vt 0.623047 0.373047
vt 0.275391 0.437500
vt 0.058594 0.312500
vt 0.162109 0.488281
vt 0.529297 0.316406
vt 0.585938 0.320312
vt 0.525391 0.316406
vt 0.193359 0.488281
vt 0.585938 0.289062
vt 0.162109 0.464844
vt 0.529297 0.292969
vt 0.587891 0.320312
vt 0.525391 0.292969
vt 0.193359 0.464844
vt 0.587891 0.289062
vt 0.527344 0.316406
vt 0.193359 0.486328
vt 0.587891 0.289062
vt 0.527344 0.316406
vt 0.224609 0.486328
vt 0.587891 0.320312
vt 0.527344 0.292969
vt 0.193359 0.462891
vt 0.589844 0.289062
vt 0.527344 0.292969
vt 0.224609 0.462891
vt 0.589844 0.320312
vt 0.275391 0.474609
vt 0.705078 0.830078
vt 0.703125 0.789062
vt 0.703125 0.900391
vt 0.279297 0.474609
vt 0.703125 0.785156
vt 0.275391 0.470703
vt 0.705078 0.826172
vt 0.703125 0.722656
vt 0.703125 0.896484
vt 0.279297 0.470703
vt 0.703125 0.718750
vt 0.705078 0.900391
vt 0.015625 0.388672
vt 0.705078 0.785156
vt 0.703125 0.830078
vt 0.019531 0.388672
vt 0.705078 0.789062
vt 0.705078 0.896484
vt 0.015625 0.384766
vt 0.705078 0.718750
vt 0.703125 0.826172
vt 0.019531 0.384766
vt 0.705078 0.722656
vt 0.466797 0.443359
vt 0.039062 0.335938
vt 0.146484 0.761719
vt 0.566406 0.337891
vt 0.472656 0.443359
vt 0.146484 0.755859
vt 0.466797 0.441406
vt 0.039062 0.333984
vt 0.320312 0.734375
vt 0.566406 0.335938
vt 0.472656 0.441406
vt 0.320312 0.728516
vt 0.568359 0.337891
vt 0.599609 0.652344
vt 0.148438 0.755859
vt 0.037109 0.335938
vt 0.605469 0.652344
vt 0.148438 0.761719
vt 0.568359 0.335938
vt 0.599609 0.650391
vt 0.322266 0.728516
vt 0.037109 0.333984
vt 0.605469 0.650391
vt 0.322266 0.734375
vt 0.458984 0.378906
vt 0.464844 0.296875
vt 0.468750 0.296875
vt 0.705078 0.585938
vt 0.455078 0.378906
vt 0.468750 0.292969
vt 0.458984 0.375000
vt 0.464844 0.292969
vt 0.705078 0.507812
vt 0.705078 0.582031
vt 0.455078 0.375000
vt 0.705078 0.503906
vt 0.703125 0.585938
vt 0.615234 0.468750
vt 0.466797 0.292969
vt 0.611328 0.468750
vt 0.466797 0.296875
vt 0.703125 0.582031
vt 0.615234 0.464844
vt 0.703125 0.503906
vt 0.466797 0.292969
vt 0.611328 0.464844
vt 0.703125 0.507812
vt 0.105469 0.429688
vt 0.205078 0.417969
vt 0.609375 0.519531
vt 0.501953 0.853516
vt 0.103516 0.429688
vt 0.609375 0.517578
vt 0.105469 0.427734
vt 0.205078 0.416016
vt 0.205078 0.388672
vt 0.501953 0.851562
vt 0.103516 0.427734
vt 0.205078 0.386719
vt 0.490234 0.853516
vt 0.554688 0.554688
vt 0.597656 0.517578
vt 0.216797 0.417969
vt 0.552734 0.554688
vt 0.597656 0.519531
vt 0.490234 0.851562
vt 0.554688 0.552734
vt 0.193359 0.386719
vt 0.216797 0.416016
vt 0.552734 0.552734
vt 0.193359 0.388672
vt 0.263672 0.402344
vt 0.009766 0.351562
vt 0.294922 0.470703
vt 0.080078 0.384766
vt 0.242188 0.402344
vt 0.294922 0.449219
vt 0.263672 0.388672
vt 0.009766 0.337891
vt 0.640625 0.316406
vt 0.080078 0.371094
vt 0.242188 0.388672
vt 0.640625 0.294922
vt 0.078125 0.384766
vt 0.619141 0.777344
vt 0.292969 0.449219
vt 0.011719 0.351562
vt 0.597656 0.777344
vt 0.292969 0.470703
vt 0.078125 0.371094
vt 0.619141 0.763672
vt 0.638672 0.294922
vt 0.011719 0.337891
vt 0.597656 0.763672
vt 0.638672 0.316406
vt 0.125000 0.312500
vt 0.121094 0.312500
vt 0.576172 0.912109
vt 0.402344 0.486328
vt 0.123047 0.312500
vt 0.576172 0.910156
vt 0.125000 0.294922
vt 0.121094 0.294922
vt 0.582031 0.703125
vt 0.402344 0.468750
vt 0.123047 0.294922
vt 0.582031 0.701172
vt 0.400391 0.486328
vt 0.023438 0.447266
vt 0.574219 0.910156
vt 0.123047 0.312500
vt 0.021484 0.447266
vt 0.574219 0.912109
vt 0.400391 0.468750
vt 0.023438 0.429688
vt 0.580078 0.701172
vt 0.123047 0.294922
vt 0.021484 0.429688
vt 0.580078 0.703125
vt 0.085938 0.357422
vt 0.148438 0.312500
vt 0.308594 0.486328
vt 0.126953 0.312500
vt 0.078125 0.357422
vt 0.308594 0.478516
vt 0.085938 0.339844
vt 0.148438 0.294922
vt 0.136719 0.441406
vt 0.126953 0.294922
vt 0.078125 0.339844
vt 0.136719 0.433594
vt 0.125000 0.312500
vt 0.263672 0.576172
vt 0.306641 0.478516
vt 0.150391 0.312500
vt 0.255859 0.576172
vt 0.306641 0.486328
vt 0.125000 0.294922
vt 0.263672 0.558594
vt 0.134766 0.433594
vt 0.150391 0.294922
vt 0.255859 0.558594
vt 0.134766 0.441406
vt 0.480469 0.408203
vt 0.498047 0.310547
vt 0.599609 0.941406
vt 0.691406 0.707031
vt 0.476562 0.408203
vt 0.599609 0.937500
vt 0.480469 0.394531
vt 0.498047 0.296875
vt 0.193359 0.373047
vt 0.691406 0.693359
vt 0.476562 0.394531
vt 0.193359 0.369141
vt 0.689453 0.707031
vt 0.433594 0.919922
vt 0.597656 0.937500
vt 0.500000 0.310547
vt 0.429688 0.919922
vt 0.597656 0.941406
vt 0.689453 0.693359
vt 0.433594 0.906250
vt 0.191406 0.369141
vt 0.500000 0.296875
vt 0.429688 0.906250
vt 0.191406 0.373047
vt 0.695312 0.992188
vt 0.484375 0.359375
vt 0.642578 0.316406
vt 0.191406 0.359375
vt 0.673828 0.992188
vt 0.642578 0.294922
vt 0.695312 0.988281
vt 0.484375 0.355469
vt 0.685547 0.324219
vt 0.191406 0.355469
vt 0.673828 0.988281
vt 0.685547 0.302734
vt 0.189453 0.359375
vt 0.505859 0.609375
vt 0.640625 0.294922
vt 0.486328 0.359375
vt 0.484375 0.609375
vt 0.640625 0.316406
vt 0.189453 0.355469
vt 0.505859 0.605469
vt 0.683594 0.302734
vt 0.486328 0.355469
vt 0.484375 0.605469
vt 0.683594 0.324219
vt 0.361328 0.322266
vt 0.548828 0.630859
vt 0.648438 0.953125
vt 0.550781 0.853516
vt 0.357422 0.322266
vt 0.648438 0.949219
vt 0.361328 0.302734
vt 0.548828 0.611328
vt 0.658203 0.871094
vt 0.550781 0.833984
vt 0.357422 0.302734
vt 0.658203 0.867188
vt 0.548828 0.853516
vt 0.015625 0.322266
vt 0.646484 0.949219
vt 0.550781 0.630859
vt 0.011719 0.322266
vt 0.646484 0.953125
vt 0.548828 0.833984
vt 0.015625 0.302734
vt 0.656250 0.867188
vt 0.550781 0.611328
vt 0.011719 0.302734
vt 0.656250 0.871094
vt 0.695312 0.431641
vt 0.601562 0.335938
vt 0.222656 0.314453
vt 0.666016 0.738281
vt 0.673828 0.431641
vt 0.222656 0.292969
vt 0.695312 0.427734
vt 0.601562 0.332031
vt 0.224609 0.314453
vt 0.666016 0.734375
vt 0.673828 0.427734
vt 0.224609 0.292969
vt 0.664062 0.738281
vt 0.695312 0.945312
vt 0.220703 0.292969
vt 0.603516 0.335938
vt 0.673828 0.945312
vt 0.220703 0.314453
vt 0.664062 0.734375
vt 0.695312 0.941406
vt 0.222656 0.292969
vt 0.603516 0.332031
vt 0.673828 0.941406
vt 0.222656 0.314453
vt 0.597656 0.533203
vt 0.656250 0.539062
vt 0.701172 0.587891
vt 0.658203 0.873047
vt 0.595703 0.533203
vt 0.701172 0.585938
vt 0.597656 0.531250
vt 0.656250 0.537109
vt 0.701172 0.578125
vt 0.658203 0.871094
vt 0.595703 0.531250
vt 0.701172 0.576172
vt 0.646484 0.873047
vt 0.279297 0.417969
vt 0.689453 0.585938
vt 0.667969 0.539062
vt 0.277344 0.417969
vt 0.689453 0.587891
vt 0.646484 0.871094
vt 0.279297 0.416016
vt 0.689453 0.576172
vt 0.667969 0.537109
vt 0.277344 0.416016
vt 0.689453 0.578125
vt 0.687500 0.962891
vt 0.501953 0.310547
vt 0.669922 0.796875
vt 0.501953 0.310547
vt 0.683594 0.962891
vt 0.669922 0.792969
vt 0.687500 0.949219
vt 0.501953 0.296875
vt 0.671875 0.707031
vt 0.501953 0.296875
vt 0.683594 0.949219
vt 0.671875 0.703125
vt 0.500000 0.310547
vt 0.685547 0.375000
vt 0.667969 0.792969
vt 0.503906 0.310547
vt 0.681641 0.375000
vt 0.667969 0.796875
vt 0.500000 0.296875
vt 0.685547 0.361328
vt 0.669922 0.703125
vt 0.503906 0.296875
vt 0.681641 0.361328
vt 0.669922 0.707031
vt 0.289062 0.554688
vt 0.287109 0.330078
vt 0.193359 0.464844
vt 0.287109 0.554688
vt 0.193359 0.462891
vt 0.289062 0.542969
vt 0.287109 0.318359
vt 0.103516 0.455078
vt 0.287109 0.542969
vt 0.103516 0.453125
vt 0.279297 0.554688
vt 0.167969 0.626953
vt 0.185547 0.462891
vt 0.294922 0.330078
vt 0.166016 0.626953
vt 0.185547 0.464844
vt 0.279297 0.542969
vt 0.167969 0.615234
vt 0.095703 0.453125
vt 0.294922 0.318359
vt 0.166016 0.615234
vt 0.095703 0.455078
vt 0.275391 0.439453
vt 0.623047 0.375000
vt 0.552734 0.986328
vt 0.146484 0.402344
vt 0.255859 0.439453
vt 0.552734 0.966797
vt 0.275391 0.437500
vt 0.623047 0.373047
vt 0.058594 0.312500
vt 0.146484 0.400391
vt 0.255859 0.437500
vt 0.058594 0.292969
vt 0.144531 0.402344
vt 0.521484 0.833984
vt 0.550781 0.966797
vt 0.625000 0.375000
vt 0.501953 0.833984
vt 0.550781 0.986328
vt 0.144531 0.400391
vt 0.521484 0.832031
vt 0.056641 0.292969
vt 0.625000 0.373047
vt 0.501953 0.832031
vt 0.056641 0.312500
vt 0.224609 0.486328
vt 0.527344 0.316406
vt 0.587891 0.320312
vt 0.527344 0.316406
vt 0.193359 0.486328
vt 0.587891 0.289062
vt 0.224609 0.462891
vt 0.527344 0.292969
vt 0.589844 0.320312
vt 0.527344 0.292969
vt 0.193359 0.462891
vt 0.589844 0.289062
vt 0.525391 0.316406
vt 0.193359 0.488281
vt 0.585938 0.289062
vt 0.529297 0.316406
vt 0.162109 0.488281
vt 0.585938 0.320312
vt 0.525391 0.292969
vt 0.193359 0.464844
vt 0.587891 0.289062
vt 0.529297 0.292969
vt 0.162109 0.464844
vt 0.587891 0.320312
vt 0.019531 0.388672
vt 0.703125 0.830078
vt 0.705078 0.789062
vt 0.705078 0.900391
vt 0.015625 0.388672
vt 0.705078 0.785156
vt 0.019531 0.384766
vt 0.703125 0.826172
vt 0.705078 0.722656
vt 0.705078 0.896484
vt 0.015625 0.384766
vt 0.705078 0.718750
vt 0.703125 0.900391
vt 0.279297 0.474609
vt 0.703125 0.785156
vt 0.705078 0.830078
vt 0.275391 0.474609
vt 0.703125 0.789062
vt 0.703125 0.896484
vt 0.279297 0.470703
vt 0.703125 0.718750
vt 0.705078 0.826172
vt 0.275391 0.470703
vt 0.703125 0.722656
vt 0.605469 0.652344
vt 0.037109 0.335938
vt 0.148438 0.761719
vt 0.568359 0.337891
vt 0.599609 0.652344
vt 0.148438 0.755859
vt 0.605469 0.650391
vt 0.037109 0.333984
vt 0.322266 0.734375
vt 0.568359 0.335938
vt 0.599609 0.650391
vt 0.322266 0.728516
vt 0.566406 0.337891
vt 0.472656 0.443359
vt 0.146484 0.755859
vt 0.039062 0.335938
vt 0.466797 0.443359
vt 0.146484 0.761719
vt 0.566406 0.335938
vt 0.472656 0.441406
vt 0.320312 0.728516
vt 0.039062 0.333984
vt 0.466797 0.441406
vt 0.320312 0.734375
vt 0.687500 0.298828
vt 0.703125 0.306641
vt 0.705078 0.541016
vt 0.685547 0.298828
vt 0.689453 0.298828
vt 0.705078 0.539062
vt 0.687500 0.292969
vt 0.703125 0.300781
vt 0.460938 0.294922
vt 0.685547 0.292969
vt 0.689453 0.292969
vt 0.460938 0.292969
vt 0.687500 0.298828
vt 0.697266 0.298828
vt 0.707031 0.539062
vt 0.701172 0.306641
vt 0.699219 0.298828
vt 0.707031 0.541016
vt 0.687500 0.292969
vt 0.697266 0.292969
vt 0.462891 0.292969
vt 0.701172 0.300781
vt 0.699219 0.292969
vt 0.462891 0.294922
vt 0.705078 0.828125
vt 0.707031 0.472656
vt 0.179688 0.294922
vt 0.705078 0.478516
vt 0.708984 0.828125
vt 0.179688 0.291016
vt 0.705078 0.826172
vt 0.707031 0.470703
vt 0.181641 0.294922
vt 0.705078 0.476562
vt 0.708984 0.826172
vt 0.181641 0.291016
vt 0.707031 0.478516
vt 0.175781 0.294922
vt 0.181641 0.291016
vt 0.705078 0.472656
vt 0.179688 0.294922
vt 0.181641 0.294922
vt 0.707031 0.476562
vt 0.175781 0.292969
vt 0.183594 0.291016
vt 0.705078 0.470703
vt 0.179688 0.292969
vt 0.183594 0.294922
vt 0.125000 0.294922
vt 0.705078 0.941406
vt 0.705078 0.861328
vt 0.701172 0.945312
vt 0.126953 0.294922
vt 0.705078 0.859375
vt 0.125000 0.291016
vt 0.705078 0.937500
vt 0.705078 0.855469
vt 0.701172 0.941406
vt 0.126953 0.291016
vt 0.705078 0.853516
vt 0.705078 0.945312
vt 0.705078 0.865234
vt 0.708984 0.859375
vt 0.701172 0.941406
vt 0.707031 0.865234
vt 0.708984 0.861328
vt 0.705078 0.941406
vt 0.705078 0.861328
vt 0.708984 0.853516
vt 0.701172 0.937500
vt 0.707031 0.861328
vt 0.708984 0.855469
vt 0.642578 0.408203
vt 0.705078 0.351562
vt 0.021484 0.320312
vt 0.636719 0.296875
vt 0.677734 0.408203
vt 0.021484 0.285156
vt 0.642578 0.404297
vt 0.705078 0.347656
vt 0.023438 0.320312
vt 0.636719 0.292969
vt 0.677734 0.404297
vt 0.023438 0.285156
vt 0.638672 0.296875
vt 0.642578 0.404297
vt 0.023438 0.285156
vt 0.703125 0.351562
vt 0.677734 0.404297
vt 0.023438 0.320312
vt 0.638672 0.292969
vt 0.642578 0.400391
vt 0.025391 0.285156
vt 0.703125 0.347656
vt 0.677734 0.400391
vt 0.025391 0.320312
vt 0.171875 0.312500
vt 0.175781 0.312500
vt 0.425781 0.294922
vt 0.166016 0.312500
vt 0.173828 0.312500
vt 0.425781 0.292969
vt 0.171875 0.294922
vt 0.175781 0.294922
vt 0.705078 0.574219
vt 0.166016 0.294922
vt 0.173828 0.294922
vt 0.705078 0.572266
vt 0.167969 0.312500
vt 0.175781 0.312500
vt 0.427734 0.292969
vt 0.173828 0.312500
vt 0.177734 0.312500
vt 0.427734 0.294922
vt 0.167969 0.294922
vt 0.175781 0.294922
vt 0.707031 0.572266
vt 0.173828 0.294922
vt 0.177734 0.294922
vt 0.707031 0.574219
vt 0.642578 0.400391
vt 0.705078 0.330078
vt 0.025391 0.320312
vt 0.703125 0.337891
vt 0.677734 0.400391
vt 0.025391 0.285156
vt 0.642578 0.396484
vt 0.705078 0.326172
vt 0.126953 0.320312
vt 0.703125 0.333984
vt 0.677734 0.396484
vt 0.126953 0.285156
vt 0.705078 0.337891
vt 0.644531 0.986328
vt 0.027344 0.285156
vt 0.703125 0.330078
vt 0.679688 0.986328
vt 0.027344 0.320312
vt 0.705078 0.333984
vt 0.644531 0.982422
vt 0.128906 0.285156
vt 0.703125 0.326172
vt 0.679688 0.982422
vt 0.128906 0.320312
vt 0.179688 0.312500
vt 0.183594 0.312500
vt 0.427734 0.294922
vt 0.177734 0.312500
vt 0.181641 0.312500
vt 0.427734 0.292969
vt 0.179688 0.294922
vt 0.183594 0.294922
vt 0.705078 0.572266
vt 0.177734 0.294922
vt 0.181641 0.294922
vt 0.705078 0.570312
vt 0.179688 0.312500
vt 0.687500 0.810547
vt 0.429688 0.292969
vt 0.181641 0.312500
vt 0.689453 0.810547
vt 0.429688 0.294922
vt 0.179688 0.294922
vt 0.687500 0.792969
vt 0.707031 0.570312
vt 0.181641 0.294922
vt 0.689453 0.792969
vt 0.707031 0.572266
vt 0.679688 0.421875
vt 0.705078 0.509766
vt 0.167969 0.679688
vt 0.429688 0.587891
vt 0.714844 0.421875
vt 0.167969 0.644531
vt 0.679688 0.419922
vt 0.705078 0.507812
vt 0.320312 0.769531
vt 0.429688 0.585938
vt 0.714844 0.419922
vt 0.320312 0.734375
vt 0.503906 0.587891
vt 0.679688 0.419922
vt 0.242188 0.644531
vt 0.630859 0.509766
vt 0.714844 0.419922
vt 0.242188 0.679688
vt 0.503906 0.585938
vt 0.679688 0.417969
vt 0.394531 0.734375
vt 0.630859 0.507812
vt 0.714844 0.417969
vt 0.394531 0.769531
vt 0.554688 0.531250
vt 0.707031 0.927734
vt 0.609375 0.787109
vt 0.683594 0.949219
vt 0.564453 0.531250
vt 0.609375 0.777344
vt 0.554688 0.529297
vt 0.707031 0.925781
vt 0.615234 0.923828
vt 0.683594 0.947266
vt 0.564453 0.529297
vt 0.615234 0.914062
vt 0.707031 0.949219
vt 0.527344 0.408203
vt 0.632812 0.777344
vt 0.683594 0.927734
vt 0.537109 0.408203
vt 0.632812 0.787109
vt 0.707031 0.947266
vt 0.527344 0.406250
vt 0.638672 0.914062
vt 0.683594 0.925781
vt 0.537109 0.406250
vt 0.638672 0.923828
vt 0.623047 0.316406
vt 0.626953 0.316406
vt 0.705078 0.539062
vt 0.582031 0.316406
vt 0.625000 0.316406
vt 0.705078 0.537109
vt 0.623047 0.292969
vt 0.626953 0.292969
vt 0.462891 0.294922
vt 0.582031 0.292969
vt 0.625000 0.292969
vt 0.462891 0.292969
vt 0.583984 0.316406
vt 0.626953 0.316406
vt 0.707031 0.537109
vt 0.625000 0.316406
vt 0.628906 0.316406
vt 0.707031 0.539062
vt 0.583984 0.292969
vt 0.626953 0.292969
vt 0.464844 0.292969
vt 0.625000 0.292969
vt 0.628906 0.292969
vt 0.464844 0.294922
vt 0.687500 0.662109
vt 0.691406 0.484375
vt 0.699219 0.900391
vt 0.687500 0.714844
vt 0.691406 0.662109
vt 0.699219 0.896484
vt 0.687500 0.654297
vt 0.691406 0.476562
vt 0.699219 0.722656
vt 0.687500 0.707031
vt 0.691406 0.654297
vt 0.699219 0.718750
vt 0.691406 0.714844
vt 0.687500 0.449219
vt 0.703125 0.896484
vt 0.687500 0.484375
vt 0.691406 0.449219
vt 0.703125 0.900391
vt 0.691406 0.707031
vt 0.687500 0.441406
vt 0.703125 0.718750
vt 0.687500 0.476562
vt 0.691406 0.441406
vt 0.703125 0.722656
vt 0.058594 0.333984
vt 0.673828 0.501953
vt 0.699219 0.585938
vt 0.630859 0.335938
vt 0.062500 0.333984
vt 0.699219 0.582031
vt 0.058594 0.328125
vt 0.673828 0.496094
vt 0.699219 0.466797
vt 0.630859 0.330078
vt 0.062500 0.328125
vt 0.699219 0.462891
vt 0.634766 0.335938
vt 0.691406 0.941406
vt 0.703125 0.582031
vt 0.669922 0.501953
vt 0.695312 0.941406
vt 0.703125 0.585938
vt 0.634766 0.330078
vt 0.691406 0.935547
vt 0.703125 0.462891
vt 0.669922 0.496094
vt 0.695312 0.935547
vt 0.703125 0.466797
vt 0.701172 0.501953
vt 0.033203 0.294922
vt 0.691406 0.916016
vt 0.705078 0.972656
vt 0.707031 0.501953
vt 0.691406 0.910156
vt 0.701172 0.500000
vt 0.033203 0.292969
vt 0.691406 0.865234
vt 0.705078 0.970703
vt 0.707031 0.500000
vt 0.691406 0.859375
vt 0.708984 0.972656
vt 0.701172 0.476562
vt 0.695312 0.910156
vt 0.029297 0.294922
vt 0.707031 0.476562
vt 0.695312 0.916016
vt 0.708984 0.970703
vt 0.701172 0.474609
vt 0.695312 0.859375
vt 0.029297 0.292969
vt 0.707031 0.474609
vt 0.695312 0.865234
vt 0.701172 0.300781
vt 0.705078 0.957031
vt 0.705078 0.537109
vt 0.699219 0.298828
vt 0.703125 0.300781
vt 0.705078 0.535156
vt 0.701172 0.294922
vt 0.705078 0.951172
vt 0.705078 0.535156
vt 0.699219 0.292969
vt 0.703125 0.294922
vt 0.705078 0.533203
vt 0.701172 0.298828
vt 0.703125 0.935547
vt 0.707031 0.535156
vt 0.703125 0.957031
vt 0.705078 0.935547
vt 0.707031 0.537109
vt 0.701172 0.292969
vt 0.703125 0.929688
vt 0.707031 0.533203
vt 0.703125 0.951172
vt 0.705078 0.929688
vt 0.707031 0.535156
vt 0.009766 0.294922
vt 0.703125 0.458984
vt 0.705078 0.966797
vt 0.699219 0.462891
vt 0.011719 0.294922
vt 0.705078 0.964844
vt 0.009766 0.291016
vt 0.703125 0.455078
vt 0.705078 0.964844
vt 0.699219 0.458984
vt 0.011719 0.291016
vt 0.705078 0.962891
vt 0.703125 0.462891
vt 0.705078 0.970703
vt 0.708984 0.964844
vt 0.699219 0.458984
vt 0.707031 0.970703
vt 0.708984 0.966797
vt 0.703125 0.458984
vt 0.705078 0.966797
vt 0.708984 0.962891
vt 0.699219 0.455078
vt 0.707031 0.966797
vt 0.708984 0.964844
vt 0.705078 0.962891
vt 0.478516 0.294922
vt 0.033203 0.294922
vt 0.705078 0.533203
vt 0.708984 0.962891
vt 0.033203 0.291016
vt 0.705078 0.960938
vt 0.478516 0.292969
vt 0.705078 0.958984
vt 0.705078 0.531250
vt 0.708984 0.960938
vt 0.705078 0.955078
vt 0.707031 0.533203
vt 0.705078 0.960938
vt 0.035156 0.291016
vt 0.476562 0.294922
vt 0.708984 0.960938
vt 0.035156 0.294922
vt 0.707031 0.531250
vt 0.705078 0.958984
vt 0.707031 0.955078
vt 0.476562 0.292969
vt 0.708984 0.958984
vt 0.707031 0.958984
vt 0.705078 0.955078
vt 0.482422 0.294922
vt 0.705078 0.945312
vt 0.478516 0.294922
vt 0.708984 0.955078
vt 0.705078 0.941406
vt 0.705078 0.953125
vt 0.482422 0.292969
vt 0.705078 0.941406
vt 0.478516 0.292969
vt 0.708984 0.953125
vt 0.705078 0.937500
vt 0.480469 0.294922
vt 0.705078 0.953125
vt 0.707031 0.941406
vt 0.480469 0.294922
vt 0.708984 0.953125
vt 0.707031 0.945312
vt 0.480469 0.292969
vt 0.705078 0.951172
vt 0.707031 0.937500
vt 0.480469 0.292969
vt 0.708984 0.951172
vt 0.707031 0.941406
vt 0.705078 0.935547
vt 0.703125 0.408203
vt 0.705078 0.931641
vt 0.699219 0.455078
vt 0.707031 0.935547
vt 0.705078 0.929688
vt 0.705078 0.931641
vt 0.703125 0.404297
vt 0.705078 0.919922
vt 0.699219 0.451172
vt 0.707031 0.931641
vt 0.705078 0.917969
vt 0.703125 0.455078
vt 0.705078 0.923828
vt 0.708984 0.929688
vt 0.699219 0.408203
vt 0.707031 0.923828
vt 0.708984 0.931641
vt 0.703125 0.451172
vt 0.705078 0.919922
vt 0.708984 0.917969
vt 0.699219 0.404297
vt 0.707031 0.919922
vt 0.708984 0.919922
vt 0.705078 0.917969
vt 0.486328 0.294922
vt 0.705078 0.914062
vt 0.482422 0.294922
vt 0.708984 0.917969
vt 0.705078 0.910156
vt 0.705078 0.916016
vt 0.486328 0.292969
vt 0.705078 0.904297
vt 0.482422 0.292969
vt 0.708984 0.916016
vt 0.705078 0.900391
vt 0.484375 0.294922
vt 0.705078 0.916016
vt 0.707031 0.910156
vt 0.484375 0.294922
vt 0.708984 0.916016
vt 0.707031 0.914062
vt 0.484375 0.292969
vt 0.705078 0.914062
vt 0.707031 0.900391
vt 0.484375 0.292969
vt 0.708984 0.914062
vt 0.707031 0.904297
vt 0.705078 0.900391
vt 0.488281 0.294922
vt 0.705078 0.894531
vt 0.705078 0.515625
vt 0.708984 0.900391
vt 0.705078 0.890625
vt 0.705078 0.898438
vt 0.488281 0.292969
vt 0.705078 0.890625
vt 0.705078 0.513672
vt 0.708984 0.898438
vt 0.705078 0.886719
vt 0.707031 0.515625
vt 0.705078 0.898438
vt 0.707031 0.890625
vt 0.486328 0.294922
vt 0.708984 0.898438
vt 0.707031 0.894531
vt 0.707031 0.513672
vt 0.705078 0.896484
vt 0.707031 0.886719
vt 0.486328 0.292969
vt 0.708984 0.896484
vt 0.707031 0.890625
vt 0.705078 0.886719
vt 0.705078 0.960938
vt 0.121094 0.294922
vt 0.699219 0.404297
vt 0.707031 0.886719
vt 0.121094 0.292969
vt 0.705078 0.882812
vt 0.705078 0.957031
vt 0.705078 0.878906
vt 0.699219 0.400391
vt 0.707031 0.882812
vt 0.705078 0.876953
vt 0.703125 0.404297
vt 0.705078 0.882812
vt 0.125000 0.292969
vt 0.701172 0.960938
vt 0.707031 0.882812
vt 0.125000 0.294922
vt 0.703125 0.400391
vt 0.705078 0.878906
vt 0.708984 0.876953
vt 0.701172 0.957031
vt 0.707031 0.878906
vt 0.708984 0.878906
vt 0.689453 0.810547
vt 0.558594 0.718750
vt 0.671875 0.947266
vt 0.513672 0.734375
vt 0.691406 0.810547
vt 0.671875 0.945312
vt 0.689453 0.794922
vt 0.558594 0.703125
vt 0.671875 0.925781
vt 0.513672 0.718750
vt 0.691406 0.794922
vt 0.671875 0.923828
vt 0.558594 0.734375
vt 0.384766 0.310547
vt 0.716797 0.945312
vt 0.513672 0.718750
vt 0.386719 0.310547
vt 0.716797 0.947266
vt 0.558594 0.718750
vt 0.384766 0.294922
vt 0.716797 0.923828
vt 0.513672 0.703125
vt 0.386719 0.294922
vt 0.716797 0.925781
vt 1.000000 0.011719
vt 0.496094 0.355469
vt 0.988281 0.000000
vt 0.988281 0.011719
vt 1.000000 0.011719
vt 0.988281 0.000000
vt 1.000000 0.000000
vt 0.496094 0.343750
vt 0.988281 0.000000
vt 1.000000 0.000000
vt 0.988281 0.000000
vt 1.000000 0.011719
vt 1.000000 0.000000
vt 0.484375 0.355469
vt 1.000000 0.011719
vt 1.000000 0.000000
vt 1.000000 0.000000
vt 0.484375 0.343750
vt 1.000000 0.000000
vt 1.000000 0.011719
vt 0.484375 0.355469
vt 1.000000 0.000000
vt 1.000000 0.011719
vt 1.000000 0.000000
vt 0.484375 0.343750
vt 1.000000 0.000000
vt 1.000000 0.000000
vt 0.988281 0.011719
vt 1.000000 0.011719
vt 0.988281 0.000000
vt 0.496094 0.355469
vt 1.000000 0.011719
vt 0.988281 0.000000
vt 1.000000 0.000000
vt 0.988281 0.000000
vt 0.496094 0.343750
vt 1.000000 0.000000
vt 0.988281 0.000000
vt 0.703125 0.894531
vt 0.691406 0.330078
vt 0.689453 0.841797
vt 0.628906 0.322266
vt 0.705078 0.894531
vt 0.689453 0.839844
vt 0.703125 0.888672
vt 0.691406 0.324219
vt 0.689453 0.839844
vt 0.628906 0.316406
vt 0.705078 0.888672
vt 0.689453 0.837891
vt 0.642578 0.322266
vt 0.703125 0.888672
vt 0.703125 0.839844
vt 0.677734 0.330078
vt 0.705078 0.888672
vt 0.703125 0.841797
vt 0.642578 0.316406
vt 0.703125 0.882812
vt 0.703125 0.837891
vt 0.677734 0.324219
vt 0.705078 0.882812
vt 0.703125 0.839844
vt 0.703125 0.882812
vt 0.636719 0.798828
vt 0.242188 0.925781
vt 0.554688 0.867188
vt 0.705078 0.882812
vt 0.242188 0.923828
vt 0.703125 0.876953
vt 0.636719 0.792969
vt 0.623047 0.632812
vt 0.554688 0.861328
vt 0.705078 0.876953
vt 0.623047 0.630859
vt 0.632812 0.867188
vt 0.136719 0.296875
vt 0.320312 0.923828
vt 0.558594 0.798828
vt 0.138672 0.296875
vt 0.320312 0.925781
vt 0.632812 0.861328
vt 0.136719 0.291016
vt 0.701172 0.630859
vt 0.558594 0.792969
vt 0.138672 0.291016
vt 0.701172 0.632812
vt 0.703125 0.845703
vt 0.705078 0.835938
vt 0.488281 0.294922
vt 0.703125 0.855469
vt 0.705078 0.845703
vt 0.488281 0.292969
vt 0.703125 0.839844
vt 0.705078 0.830078
vt 0.490234 0.294922
vt 0.703125 0.849609
vt 0.705078 0.839844
vt 0.490234 0.292969
vt 0.705078 0.855469
vt 0.703125 0.810547
vt 0.490234 0.292969
vt 0.703125 0.835938
vt 0.705078 0.810547
vt 0.490234 0.294922
vt 0.705078 0.849609
vt 0.703125 0.804688
vt 0.492188 0.292969
vt 0.703125 0.830078
vt 0.705078 0.804688
vt 0.492188 0.294922
vt 0.705078 0.509766
vt 0.152344 0.294922
vt 0.705078 0.851562
vt 0.705078 0.853516
vt 0.707031 0.509766
vt 0.705078 0.849609
vt 0.705078 0.507812
vt 0.152344 0.292969
vt 0.152344 0.294922
vt 0.705078 0.851562
vt 0.707031 0.507812
vt 0.152344 0.292969
vt 0.708984 0.853516
vt 0.705078 0.507812
vt 0.708984 0.849609
vt 0.148438 0.294922
vt 0.707031 0.507812
vt 0.708984 0.851562
vt 0.708984 0.851562
vt 0.705078 0.505859
vt 0.156250 0.292969
vt 0.148438 0.292969
vt 0.707031 0.505859
vt 0.156250 0.294922
vt 0.703125 0.794922
vt 0.705078 0.751953
vt 0.705078 0.505859
vt 0.703125 0.800781
vt 0.705078 0.794922
vt 0.705078 0.503906
vt 0.703125 0.789062
vt 0.705078 0.746094
vt 0.705078 0.500000
vt 0.703125 0.794922
vt 0.705078 0.789062
vt 0.705078 0.498047
vt 0.705078 0.800781
vt 0.703125 0.742188
vt 0.707031 0.503906
vt 0.703125 0.751953
vt 0.705078 0.742188
vt 0.707031 0.505859
vt 0.705078 0.794922
vt 0.703125 0.736328
vt 0.707031 0.498047
vt 0.703125 0.746094
vt 0.705078 0.736328
vt 0.707031 0.500000
vt 0.705078 0.498047
vt 0.160156 0.294922
vt 0.705078 0.843750
vt 0.705078 0.845703
vt 0.707031 0.498047
vt 0.705078 0.841797
vt 0.705078 0.496094
vt 0.160156 0.292969
vt 0.705078 0.841797
vt 0.705078 0.843750
vt 0.707031 0.496094
vt 0.705078 0.839844
vt 0.708984 0.845703
vt 0.705078 0.496094
vt 0.708984 0.841797
vt 0.156250 0.294922
vt 0.707031 0.496094
vt 0.708984 0.843750
vt 0.708984 0.843750
vt 0.705078 0.494141
vt 0.708984 0.839844
vt 0.156250 0.292969
vt 0.707031 0.494141
vt 0.708984 0.841797
vt 0.703125 0.714844
vt 0.468750 0.785156
vt 0.691406 0.957031
vt 0.210938 0.904297
vt 0.705078 0.714844
vt 0.691406 0.955078
vt 0.703125 0.708984
vt 0.468750 0.779297
vt 0.691406 0.935547
vt 0.210938 0.898438
vt 0.705078 0.708984
vt 0.691406 0.933594
vt 0.222656 0.904297
vt 0.703125 0.705078
vt 0.703125 0.955078
vt 0.457031 0.785156
vt 0.705078 0.705078
vt 0.703125 0.957031
vt 0.222656 0.898438
vt 0.703125 0.699219
vt 0.703125 0.933594
vt 0.457031 0.779297
vt 0.705078 0.699219
vt 0.703125 0.935547
vt 0.031250 0.308594
vt 0.035156 0.322266
vt 0.701172 0.474609
vt 0.558594 0.324219
vt 0.033203 0.308594
vt 0.701172 0.472656
vt 0.031250 0.294922
vt 0.035156 0.308594
vt 0.701172 0.441406
vt 0.558594 0.310547
vt 0.033203 0.294922
vt 0.701172 0.439453
vt 0.564453 0.324219
vt 0.033203 0.308594
vt 0.707031 0.472656
vt 0.029297 0.322266
vt 0.035156 0.308594
vt 0.707031 0.474609
vt 0.564453 0.310547
vt 0.033203 0.294922
vt 0.707031 0.439453
vt 0.029297 0.308594
vt 0.035156 0.294922
vt 0.707031 0.441406
vt 0.691406 0.810547
vt 0.318359 0.322266
vt 0.701172 0.400391
vt 0.306641 0.322266
vt 0.693359 0.810547
vt 0.701172 0.398438
vt 0.691406 0.796875
vt 0.318359 0.308594
vt 0.701172 0.398438
vt 0.306641 0.308594
vt 0.693359 0.796875
vt 0.701172 0.396484
vt 0.312500 0.322266
vt 0.691406 0.714844
vt 0.707031 0.398438
vt 0.312500 0.322266
vt 0.693359 0.714844
vt 0.707031 0.400391
vt 0.312500 0.308594
vt 0.691406 0.701172
vt 0.707031 0.396484
vt 0.312500 0.308594
vt 0.693359 0.701172
vt 0.707031 0.398438
vt 0.703125 0.839844
vt 0.716797 0.771484
vt 0.640625 0.642578
vt 0.679688 0.773438
vt 0.707031 0.839844
vt 0.640625 0.638672
vt 0.703125 0.837891
vt 0.716797 0.769531
vt 0.640625 0.585938
vt 0.679688 0.771484
vt 0.707031 0.837891
vt 0.640625 0.582031
vt 0.716797 0.773438
vt 0.703125 0.804688
vt 0.677734 0.638672
vt 0.679688 0.771484
vt 0.707031 0.804688
vt 0.677734 0.642578
vt 0.716797 0.771484
vt 0.703125 0.802734
vt 0.677734 0.582031
vt 0.679688 0.769531
vt 0.707031 0.802734
vt 0.677734 0.585938
vt 0.601562 0.318359
vt 0.638672 1.000000
vt 0.646484 0.878906
vt 0.615234 0.703125
vt 0.607422 0.318359
vt 0.646484 0.873047
vt 0.601562 0.308594
vt 0.638672 0.990234
vt 0.646484 0.810547
vt 0.615234 0.693359
vt 0.607422 0.308594
vt 0.646484 0.804688
vt 0.636719 0.703125
vt 0.681641 0.384766
vt 0.667969 0.873047
vt 0.617188 1.000000
vt 0.687500 0.384766
vt 0.667969 0.878906
vt 0.636719 0.693359
vt 0.681641 0.375000
vt 0.667969 0.804688
vt 0.617188 0.990234
vt 0.687500 0.375000
vt 0.667969 0.810547
vt 0.140625 0.386719
vt 0.125000 0.400391
vt 0.648438 0.779297
vt 0.599609 0.900391
vt 0.146484 0.386719
vt 0.648438 0.773438
vt 0.140625 0.373047
vt 0.125000 0.386719
vt 0.648438 0.605469
vt 0.599609 0.886719
vt 0.146484 0.373047
vt 0.648438 0.599609
vt 0.621094 0.900391
vt 0.519531 0.386719
vt 0.669922 0.773438
vt 0.103516 0.400391
vt 0.525391 0.386719
vt 0.669922 0.779297
vt 0.621094 0.886719
vt 0.519531 0.373047
vt 0.669922 0.599609
vt 0.103516 0.386719
vt 0.525391 0.373047
vt 0.669922 0.605469
vt 0.308594 0.615234
vt 0.181641 0.417969
vt 0.689453 0.337891
vt 0.158203 0.417969
vt 0.310547 0.615234
vt 0.689453 0.335938
vt 0.308594 0.585938
vt 0.181641 0.388672
vt 0.689453 0.335938
vt 0.158203 0.388672
vt 0.310547 0.585938
vt 0.689453 0.333984
vt 0.169922 0.417969
vt 0.042969 0.476562
vt 0.701172 0.335938
vt 0.169922 0.417969
vt 0.044922 0.476562
vt 0.701172 0.337891
vt 0.169922 0.388672
vt 0.042969 0.447266
vt 0.701172 0.333984
vt 0.169922 0.388672
vt 0.044922 0.447266
vt 0.701172 0.335938
vt 0.138672 0.416016
vt 0.277344 0.417969
vt 0.648438 0.578125
vt 0.177734 0.591797
vt 0.144531 0.416016
vt 0.648438 0.572266
vt 0.138672 0.400391
vt 0.277344 0.402344
vt 0.648438 0.572266
vt 0.177734 0.576172
vt 0.144531 0.400391
vt 0.648438 0.566406
vt 0.199219 0.591797
vt 0.220703 0.330078
vt 0.669922 0.572266
vt 0.255859 0.417969
vt 0.226562 0.330078
vt 0.669922 0.578125
vt 0.199219 0.576172
vt 0.220703 0.314453
vt 0.669922 0.566406
vt 0.255859 0.402344
vt 0.226562 0.314453
vt 0.669922 0.572266
vt 0.158203 0.312500
vt 0.138672 0.386719
vt 0.687500 0.650391
vt 0.111328 0.386719
vt 0.160156 0.312500
vt 0.687500 0.648438
vt 0.158203 0.294922
vt 0.138672 0.369141
vt 0.687500 0.636719
vt 0.111328 0.369141
vt 0.160156 0.294922
vt 0.687500 0.634766
vt 0.125000 0.386719
vt 0.160156 0.312500
vt 0.701172 0.648438
vt 0.125000 0.386719
vt 0.162109 0.312500
vt 0.701172 0.650391
vt 0.125000 0.369141
vt 0.160156 0.294922
vt 0.701172 0.634766
vt 0.125000 0.369141
vt 0.162109 0.294922
vt 0.701172 0.636719
vt 0.332031 0.365234
vt 0.335938 0.431641
vt 0.378906 0.441406
vt 0.082031 0.431641
vt 0.339844 0.365234
vt 0.378906 0.433594
vt 0.332031 0.345703
vt 0.335938 0.412109
vt 0.626953 0.855469
vt 0.082031 0.412109
vt 0.339844 0.345703
vt 0.626953 0.847656
vt 0.103516 0.431641
vt 0.226562 0.363281
vt 0.400391 0.433594
vt 0.314453 0.431641
vt 0.234375 0.363281
vt 0.400391 0.441406
vt 0.103516 0.412109
vt 0.226562 0.343750
vt 0.648438 0.847656
vt 0.314453 0.412109
vt 0.234375 0.343750
vt 0.648438 0.855469
vt 0.035156 0.404297
vt 0.669922 0.566406
vt 0.648438 0.560547
vt 0.429688 0.351562
vt 0.041016 0.404297
vt 0.648438 0.554688
vt 0.035156 0.398438
vt 0.669922 0.560547
vt 0.648438 0.507812
vt 0.429688 0.345703
vt 0.041016 0.398438
vt 0.648438 0.501953
vt 0.451172 0.351562
vt 0.257812 0.388672
vt 0.669922 0.554688
vt 0.648438 0.566406
vt 0.263672 0.388672
vt 0.669922 0.560547
vt 0.451172 0.345703
vt 0.257812 0.382812
vt 0.669922 0.501953
vt 0.648438 0.560547
vt 0.263672 0.382812
vt 0.669922 0.507812
vt 0.130859 0.351562
vt 0.226562 0.400391
vt 0.648438 0.501953
vt 0.125000 0.400391
vt 0.136719 0.351562
vt 0.648438 0.496094
vt 0.130859 0.337891
vt 0.226562 0.386719
vt 0.648438 0.484375
vt 0.125000 0.386719
vt 0.136719 0.337891
vt 0.648438 0.478516
vt 0.146484 0.400391
vt 0.384766 0.324219
vt 0.669922 0.496094
vt 0.205078 0.400391
vt 0.390625 0.324219
vt 0.669922 0.501953
vt 0.146484 0.386719
vt 0.384766 0.310547
vt 0.669922 0.478516
vt 0.205078 0.386719
vt 0.390625 0.310547
vt 0.669922 0.484375
vt 0.214844 0.369141
vt 0.669922 0.443359
vt 0.648438 0.437500
vt 0.648438 0.449219
vt 0.220703 0.369141
vt 0.648438 0.431641
vt 0.214844 0.363281
vt 0.669922 0.437500
vt 0.582031 0.351562
vt 0.648438 0.443359
vt 0.220703 0.363281
vt 0.582031 0.345703
vt 0.669922 0.449219
vt 0.617188 0.365234
vt 0.669922 0.431641
vt 0.648438 0.443359
vt 0.623047 0.365234
vt 0.669922 0.437500
vt 0.669922 0.443359
vt 0.617188 0.359375
vt 0.603516 0.345703
vt 0.648438 0.437500
vt 0.623047 0.359375
vt 0.603516 0.351562
vt 0.341797 0.357422
vt 0.595703 0.548828
vt 0.626953 0.847656
vt 0.125000 0.773438
vt 0.349609 0.357422
vt 0.626953 0.839844
vt 0.341797 0.339844
vt 0.595703 0.531250
vt 0.158203 0.373047
vt 0.125000 0.755859
vt 0.349609 0.339844
vt 0.158203 0.365234
vt 0.146484 0.773438
vt 0.349609 0.357422
vt 0.648438 0.839844
vt 0.574219 0.548828
vt 0.357422 0.357422
vt 0.648438 0.847656
vt 0.146484 0.755859
vt 0.349609 0.339844
vt 0.179688 0.365234
vt 0.574219 0.531250
vt 0.357422 0.339844
vt 0.179688 0.373047
vt 0.445312 0.318359
vt 0.205078 0.417969
vt 0.689453 0.333984
vt 0.181641 0.417969
vt 0.447266 0.318359
vt 0.689453 0.332031
vt 0.445312 0.289062
vt 0.205078 0.388672
vt 0.689453 0.332031
vt 0.181641 0.388672
vt 0.447266 0.289062
vt 0.689453 0.330078
vt 0.193359 0.417969
vt 0.447266 0.318359
vt 0.701172 0.332031
vt 0.193359 0.417969
vt 0.449219 0.318359
vt 0.701172 0.333984
vt 0.193359 0.388672
vt 0.447266 0.289062
vt 0.701172 0.330078
vt 0.193359 0.388672
vt 0.449219 0.289062
vt 0.701172 0.332031
vt 0.162109 0.312500
vt 0.220703 0.386719
vt 0.687500 0.634766
vt 0.193359 0.386719
vt 0.164062 0.312500
vt 0.687500 0.632812
vt 0.162109 0.294922
vt 0.220703 0.369141
vt 0.687500 0.476562
vt 0.193359 0.369141
vt 0.164062 0.294922
vt 0.687500 0.474609
vt 0.207031 0.386719
vt 0.164062 0.312500
vt 0.701172 0.632812
vt 0.207031 0.386719
vt 0.166016 0.312500
vt 0.701172 0.634766
vt 0.207031 0.369141
vt 0.164062 0.294922
vt 0.701172 0.474609
vt 0.207031 0.369141
vt 0.166016 0.294922
vt 0.701172 0.476562
vt 0.294922 0.330078
vt 0.226562 0.416016
vt 0.646484 0.351562
vt 0.117188 0.416016
vt 0.300781 0.330078
vt 0.646484 0.345703
vt 0.294922 0.314453
vt 0.226562 0.400391
vt 0.650391 0.941406
vt 0.117188 0.400391
vt 0.300781 0.314453
vt 0.650391 0.935547
vt 0.138672 0.416016
vt 0.492188 0.330078
vt 0.667969 0.345703
vt 0.205078 0.416016
vt 0.498047 0.330078
vt 0.667969 0.351562
vt 0.138672 0.400391
vt 0.492188 0.314453
vt 0.671875 0.935547
vt 0.205078 0.400391
vt 0.498047 0.314453
vt 0.671875 0.941406
vt 0.343750 0.308594
vt 0.437500 0.390625
vt 0.574219 0.466797
vt 0.343750 0.390625
vt 0.345703 0.308594
vt 0.574219 0.464844
vt 0.343750 0.296875
vt 0.437500 0.378906
vt 0.646484 0.804688
vt 0.343750 0.378906
vt 0.345703 0.296875
vt 0.646484 0.802734
vt 0.365234 0.390625
vt 0.345703 0.308594
vt 0.595703 0.464844
vt 0.416016 0.390625
vt 0.347656 0.308594
vt 0.595703 0.466797
vt 0.365234 0.378906
vt 0.345703 0.296875
vt 0.667969 0.802734
vt 0.416016 0.378906
vt 0.347656 0.296875
vt 0.667969 0.804688
vt 0.683594 0.916016
vt 0.667969 0.384766
vt 0.333984 0.302734
vt 0.376953 0.337891
vt 0.691406 0.916016
vt 0.333984 0.294922
vt 0.683594 0.910156
vt 0.667969 0.378906
vt 0.335938 0.302734
vt 0.376953 0.332031
vt 0.691406 0.910156
vt 0.335938 0.294922
vt 0.378906 0.337891
vt 0.683594 0.865234
vt 0.335938 0.294922
vt 0.666016 0.384766
vt 0.691406 0.865234
vt 0.335938 0.302734
vt 0.378906 0.332031
vt 0.683594 0.859375
vt 0.337891 0.294922
vt 0.666016 0.378906
vt 0.691406 0.859375
vt 0.337891 0.302734
vt 0.410156 0.324219
vt 0.056641 0.398438
vt 0.650391 0.935547
vt 0.599609 0.666016
vt 0.416016 0.324219
vt 0.650391 0.929688
vt 0.410156 0.310547
vt 0.056641 0.384766
vt 0.650391 0.861328
vt 0.599609 0.652344
vt 0.416016 0.310547
vt 0.650391 0.855469
vt 0.621094 0.666016
vt 0.416016 0.324219
vt 0.671875 0.929688
vt 0.035156 0.398438
vt 0.421875 0.324219
vt 0.671875 0.935547
vt 0.621094 0.652344
vt 0.416016 0.310547
vt 0.671875 0.855469
vt 0.035156 0.384766
vt 0.421875 0.310547
vt 0.671875 0.861328
vt 0.351562 0.431641
vt 0.587891 0.755859
vt 0.437500 0.609375
vt 0.119141 0.626953
vt 0.355469 0.431641
vt 0.437500 0.605469
vt 0.351562 0.421875
vt 0.587891 0.746094
vt 0.505859 0.949219
vt 0.119141 0.617188
vt 0.355469 0.421875
vt 0.505859 0.945312
vt 0.166016 0.626953
vt 0.158203 0.427734
vt 0.484375 0.605469
vt 0.541016 0.755859
vt 0.162109 0.427734
vt 0.484375 0.609375
vt 0.166016 0.617188
vt 0.158203 0.417969
vt 0.552734 0.945312
vt 0.541016 0.746094
vt 0.162109 0.417969
vt 0.552734 0.949219
vt 0.617188 0.974609
vt 0.552734 0.683594
vt 0.410156 0.785156
vt 0.505859 0.966797
vt 0.623047 0.974609
vt 0.410156 0.779297
vt 0.617188 0.957031
vt 0.552734 0.666016
vt 0.599609 0.792969
vt 0.505859 0.949219
vt 0.623047 0.957031
vt 0.599609 0.787109
vt 0.552734 0.966797
vt 0.609375 0.332031
vt 0.457031 0.779297
vt 0.505859 0.683594
vt 0.615234 0.332031
vt 0.457031 0.785156
vt 0.552734 0.949219
vt 0.609375 0.314453
vt 0.646484 0.787109
vt 0.505859 0.666016
vt 0.615234 0.314453
vt 0.646484 0.792969
vt 0.667969 0.878906
vt 0.642578 0.630859
vt 0.642578 0.615234
vt 0.572266 0.816406
vt 0.669922 0.878906
vt 0.642578 0.613281
vt 0.667969 0.873047
vt 0.642578 0.625000
vt 0.642578 0.613281
vt 0.572266 0.810547
vt 0.669922 0.873047
vt 0.642578 0.611328
vt 0.642578 0.816406
vt 0.669922 0.484375
vt 0.712891 0.613281
vt 0.572266 0.630859
vt 0.671875 0.484375
vt 0.712891 0.615234
vt 0.642578 0.810547
vt 0.669922 0.478516
vt 0.712891 0.611328
vt 0.572266 0.625000
vt 0.671875 0.478516
vt 0.712891 0.613281
vt 0.199219 0.707031
vt 0.441406 0.568359
vt 0.601562 0.605469
vt 0.347656 0.568359
vt 0.205078 0.707031
vt 0.601562 0.599609
vt 0.199219 0.679688
vt 0.441406 0.541016
vt 0.601562 0.433594
vt 0.347656 0.541016
vt 0.205078 0.679688
vt 0.601562 0.427734
vt 0.394531 0.568359
vt 0.119141 0.654297
vt 0.648438 0.599609
vt 0.394531 0.568359
vt 0.125000 0.654297
vt 0.648438 0.605469
vt 0.394531 0.541016
vt 0.119141 0.626953
vt 0.648438 0.427734
vt 0.394531 0.541016
vt 0.125000 0.626953
vt 0.648438 0.433594
vt 0.492188 0.333984
vt 0.427734 0.332031
vt 0.697266 0.960938
vt 0.666016 0.783203
vt 0.496094 0.333984
vt 0.697266 0.957031
vt 0.492188 0.330078
vt 0.427734 0.328125
vt 0.697266 0.667969
vt 0.666016 0.779297
vt 0.496094 0.330078
vt 0.697266 0.664062
vt 0.669922 0.783203
vt 0.449219 0.332031
vt 0.701172 0.957031
vt 0.423828 0.332031
vt 0.453125 0.332031
vt 0.701172 0.960938
vt 0.669922 0.779297
vt 0.449219 0.328125
vt 0.701172 0.664062
vt 0.423828 0.328125
vt 0.453125 0.328125
vt 0.701172 0.667969
vt 0.357422 0.302734
vt 0.705078 0.404297
vt 0.597656 0.296875
vt 0.703125 0.408203
vt 0.361328 0.302734
vt 0.597656 0.292969
vt 0.357422 0.298828
vt 0.705078 0.400391
vt 0.605469 0.296875
vt 0.703125 0.404297
vt 0.361328 0.298828
vt 0.605469 0.292969
vt 0.705078 0.408203
vt 0.369141 0.302734
vt 0.599609 0.292969
vt 0.703125 0.404297
vt 0.373047 0.302734
vt 0.599609 0.296875
vt 0.705078 0.404297
vt 0.369141 0.298828
vt 0.607422 0.292969
vt 0.703125 0.400391
vt 0.373047 0.298828
vt 0.607422 0.296875
vt 0.039062 0.367188
vt 0.640625 0.900391
vt 0.677734 0.400391
vt 0.619141 0.693359
vt 0.042969 0.367188
vt 0.677734 0.396484
vt 0.039062 0.357422
vt 0.640625 0.890625
vt 0.679688 0.988281
vt 0.619141 0.683594
vt 0.042969 0.357422
vt 0.679688 0.984375
vt 0.638672 0.693359
vt 0.632812 0.787109
vt 0.697266 0.396484
vt 0.621094 0.900391
vt 0.636719 0.787109
vt 0.697266 0.400391
vt 0.638672 0.683594
vt 0.632812 0.777344
vt 0.699219 0.984375
vt 0.621094 0.890625
vt 0.636719 0.777344
vt 0.699219 0.988281
vt 0.402344 0.302734
vt 0.410156 0.302734
vt 0.468750 0.302734
vt 0.380859 0.302734
vt 0.406250 0.302734
vt 0.468750 0.298828
vt 0.402344 0.298828
vt 0.410156 0.298828
vt 0.697266 0.523438
vt 0.380859 0.298828
vt 0.406250 0.298828
vt 0.697266 0.519531
vt 0.384766 0.302734
vt 0.441406 0.302734
vt 0.472656 0.298828
vt 0.406250 0.302734
vt 0.445312 0.302734
vt 0.472656 0.302734
vt 0.384766 0.298828
vt 0.441406 0.298828
vt 0.701172 0.519531
vt 0.406250 0.298828
vt 0.445312 0.298828
vt 0.701172 0.523438
vt 0.484375 0.302734
vt 0.341797 0.373047
vt 0.650391 0.929688
vt 0.234375 0.373047
vt 0.486328 0.302734
vt 0.650391 0.927734
vt 0.484375 0.294922
vt 0.341797 0.365234
vt 0.683594 0.728516
vt 0.234375 0.365234
vt 0.486328 0.294922
vt 0.683594 0.726562
vt 0.255859 0.373047
vt 0.486328 0.302734
vt 0.671875 0.927734
vt 0.320312 0.373047
vt 0.488281 0.302734
vt 0.671875 0.929688
vt 0.255859 0.365234
vt 0.486328 0.294922
vt 0.705078 0.726562
vt 0.320312 0.365234
vt 0.488281 0.294922
vt 0.705078 0.728516
vt 0.171875 0.328125
vt 0.585938 0.445312
vt 0.541016 0.507812
vt 0.205078 0.730469
vt 0.177734 0.328125
vt 0.541016 0.501953
vt 0.171875 0.326172
vt 0.585938 0.443359
vt 0.669922 0.779297
vt 0.205078 0.728516
vt 0.177734 0.326172
vt 0.669922 0.773438
vt 0.220703 0.730469
vt 0.671875 0.466797
vt 0.556641 0.501953
vt 0.570312 0.445312
vt 0.677734 0.466797
vt 0.556641 0.507812
vt 0.220703 0.728516
vt 0.671875 0.464844
vt 0.685547 0.773438
vt 0.570312 0.443359
vt 0.677734 0.464844
vt 0.685547 0.779297
vt 0.673828 0.330078
vt 0.716797 0.984375
vt 0.640625 0.894531
vt 0.242188 0.650391
vt 0.677734 0.330078
vt 0.640625 0.890625
vt 0.673828 0.328125
vt 0.716797 0.982422
vt 0.640625 0.720703
vt 0.242188 0.648438
vt 0.677734 0.328125
vt 0.640625 0.716797
vt 0.279297 0.650391
vt 0.703125 0.876953
vt 0.677734 0.890625
vt 0.679688 0.984375
vt 0.707031 0.876953
vt 0.677734 0.894531
vt 0.279297 0.648438
vt 0.703125 0.875000
vt 0.677734 0.716797
vt 0.679688 0.982422
vt 0.707031 0.875000
vt 0.677734 0.720703
vt 0.068359 0.658203
vt 0.705078 0.380859
vt 0.685547 0.375000
vt 0.703125 0.384766
vt 0.074219 0.658203
vt 0.685547 0.369141
vt 0.068359 0.654297
vt 0.705078 0.376953
vt 0.687500 0.707031
vt 0.703125 0.380859
vt 0.074219 0.654297
vt 0.687500 0.701172
vt 0.705078 0.384766
vt 0.537109 0.423828
vt 0.687500 0.369141
vt 0.703125 0.380859
vt 0.542969 0.423828
vt 0.687500 0.375000
vt 0.705078 0.380859
vt 0.537109 0.419922
vt 0.689453 0.701172
vt 0.703125 0.376953
vt 0.542969 0.419922
vt 0.689453 0.707031
vt 0.488281 0.302734
vt 0.648438 0.570312
vt 0.683594 0.693359
vt 0.626953 0.578125
vt 0.490234 0.302734
vt 0.683594 0.691406
vt 0.488281 0.294922
vt 0.648438 0.562500
vt 0.683594 0.648438
vt 0.626953 0.570312
vt 0.490234 0.294922
vt 0.683594 0.646484
vt 0.648438 0.578125
vt 0.490234 0.302734
vt 0.705078 0.691406
vt 0.626953 0.570312
vt 0.492188 0.302734
vt 0.705078 0.693359
vt 0.648438 0.570312
vt 0.490234 0.294922
vt 0.705078 0.646484
vt 0.626953 0.562500
vt 0.492188 0.294922
vt 0.705078 0.648438
vt 0.697266 0.507812
vt 0.648438 0.507812
vt 0.683594 0.472656
vt 0.626953 0.562500
vt 0.699219 0.507812
vt 0.683594 0.470703
vt 0.697266 0.500000
vt 0.648438 0.500000
vt 0.683594 0.470703
vt 0.626953 0.554688
vt 0.699219 0.500000
vt 0.683594 0.468750
vt 0.648438 0.562500
vt 0.507812 0.302734
vt 0.705078 0.470703
vt 0.626953 0.507812
vt 0.509766 0.302734
vt 0.705078 0.472656
vt 0.648438 0.554688
vt 0.507812 0.294922
vt 0.705078 0.468750
vt 0.626953 0.500000
vt 0.509766 0.294922
vt 0.705078 0.470703
vt 0.628906 0.359375
vt 0.181641 0.441406
vt 0.652344 0.728516
vt 0.542969 0.443359
vt 0.634766 0.359375
vt 0.652344 0.722656
vt 0.628906 0.335938
vt 0.181641 0.417969
vt 0.273438 0.347656
vt 0.542969 0.419922
vt 0.634766 0.335938
vt 0.273438 0.341797
vt 0.562500 0.443359
vt 0.462891 0.357422
vt 0.671875 0.722656
vt 0.162109 0.441406
vt 0.468750 0.357422
vt 0.671875 0.728516
vt 0.562500 0.419922
vt 0.462891 0.333984
vt 0.292969 0.341797
vt 0.162109 0.417969
vt 0.468750 0.333984
vt 0.292969 0.347656
vt 0.697266 0.519531
vt 0.423828 0.394531
vt 0.234375 0.376953
vt 0.029297 0.425781
vt 0.701172 0.519531
vt 0.234375 0.373047
vt 0.697266 0.515625
vt 0.423828 0.390625
vt 0.658203 0.904297
vt 0.029297 0.421875
vt 0.701172 0.515625
vt 0.658203 0.900391
vt 0.037109 0.425781
vt 0.509766 0.302734
vt 0.242188 0.373047
vt 0.416016 0.394531
vt 0.513672 0.302734
vt 0.242188 0.376953
vt 0.037109 0.421875
vt 0.509766 0.298828
vt 0.666016 0.900391
vt 0.416016 0.390625
vt 0.513672 0.298828
vt 0.666016 0.904297
vt 0.533203 0.302734
vt 0.634766 0.296875
vt 0.703125 0.367188
vt 0.703125 0.376953
vt 0.537109 0.302734
vt 0.703125 0.363281
vt 0.533203 0.298828
vt 0.634766 0.292969
vt 0.634766 0.296875
vt 0.703125 0.373047
vt 0.537109 0.298828
vt 0.634766 0.292969
vt 0.705078 0.376953
vt 0.593750 0.302734
vt 0.705078 0.363281
vt 0.632812 0.296875
vt 0.597656 0.302734
vt 0.705078 0.367188
vt 0.705078 0.373047
vt 0.593750 0.298828
vt 0.636719 0.292969
vt 0.632812 0.292969
vt 0.597656 0.298828
vt 0.636719 0.296875
vt 0.347656 0.308594
vt 0.630859 0.519531
vt 0.685547 1.000000
vt 0.437500 0.390625
vt 0.349609 0.308594
vt 0.685547 0.998047
vt 0.347656 0.296875
vt 0.630859 0.507812
vt 0.685547 0.998047
vt 0.437500 0.378906
vt 0.349609 0.296875
vt 0.685547 0.996094
vt 0.458984 0.390625
vt 0.349609 0.308594
vt 0.707031 0.998047
vt 0.609375 0.519531
vt 0.351562 0.308594
vt 0.707031 1.000000
vt 0.458984 0.378906
vt 0.349609 0.296875
vt 0.707031 0.996094
vt 0.609375 0.507812
vt 0.351562 0.296875
vt 0.707031 0.998047
vt 0.601562 0.302734
vt 0.687500 0.302734
vt 0.697266 0.302734
vt 0.697266 0.400391
vt 0.605469 0.302734
vt 0.697266 0.298828
vt 0.601562 0.298828
vt 0.687500 0.298828
vt 0.699219 0.988281
vt 0.697266 0.396484
vt 0.605469 0.298828
vt 0.699219 0.984375
vt 0.701172 0.400391
vt 0.697266 0.306641
vt 0.701172 0.298828
vt 0.683594 0.302734
vt 0.701172 0.306641
vt 0.701172 0.302734
vt 0.701172 0.396484
vt 0.697266 0.302734
vt 0.703125 0.984375
vt 0.683594 0.298828
vt 0.701172 0.302734
vt 0.703125 0.988281
vt 0.513672 0.302734
vt 0.648438 0.484375
vt 0.685547 0.996094
vt 0.626953 0.500000
vt 0.515625 0.302734
vt 0.685547 0.994141
vt 0.513672 0.294922
vt 0.648438 0.476562
vt 0.685547 0.994141
vt 0.626953 0.492188
vt 0.515625 0.294922
vt 0.685547 0.992188
vt 0.648438 0.500000
vt 0.015625 0.300781
vt 0.707031 0.994141
vt 0.626953 0.484375
vt 0.017578 0.300781
vt 0.707031 0.996094
vt 0.648438 0.492188
vt 0.015625 0.292969
vt 0.707031 0.992188
vt 0.626953 0.476562
vt 0.017578 0.292969
vt 0.707031 0.994141
vt 0.673828 0.988281
vt 0.701172 0.369141
vt 0.669922 0.605469
vt 0.599609 0.923828
vt 0.679688 0.988281
vt 0.669922 0.599609
vt 0.673828 0.986328
vt 0.701172 0.367188
vt 0.669922 0.507812
vt 0.599609 0.921875
vt 0.679688 0.986328
vt 0.669922 0.501953
vt 0.615234 0.923828
vt 0.701172 0.521484
vt 0.685547 0.599609
vt 0.685547 0.369141
vt 0.707031 0.521484
vt 0.685547 0.605469
vt 0.615234 0.921875
vt 0.701172 0.519531
vt 0.685547 0.501953
vt 0.685547 0.367188
vt 0.707031 0.519531
vt 0.685547 0.507812
vt 0.339844 0.550781
vt 0.570312 0.355469
vt 0.402344 0.341797
vt 0.636719 0.703125
vt 0.347656 0.550781
vt 0.402344 0.333984
vt 0.339844 0.541016
vt 0.570312 0.345703
vt 0.460938 0.341797
vt 0.636719 0.693359
vt 0.347656 0.541016
vt 0.460938 0.333984
vt 0.638672 0.703125
vt 0.332031 0.478516
vt 0.404297 0.333984
vt 0.568359 0.355469
vt 0.339844 0.478516
vt 0.404297 0.341797
vt 0.638672 0.693359
vt 0.332031 0.468750
vt 0.462891 0.333984
vt 0.568359 0.345703
vt 0.339844 0.468750
vt 0.462891 0.341797
vt 0.630859 0.669922
vt 0.705078 0.458984
vt 0.544922 0.296875
vt 0.703125 0.462891
vt 0.634766 0.669922
vt 0.544922 0.292969
vt 0.630859 0.666016
vt 0.705078 0.455078
vt 0.703125 0.455078
vt 0.703125 0.458984
vt 0.634766 0.666016
vt 0.703125 0.451172
vt 0.705078 0.462891
vt 0.634766 0.656250
vt 0.546875 0.292969
vt 0.703125 0.458984
vt 0.638672 0.656250
vt 0.546875 0.296875
vt 0.705078 0.458984
vt 0.634766 0.652344
vt 0.705078 0.451172
vt 0.703125 0.455078
vt 0.638672 0.652344
vt 0.705078 0.455078
vt 0.601562 0.861328
vt 0.607422 0.861328
vt 0.601562 0.859375
vt 0.607422 0.859375
vt 0.554688 0.554688
vt 0.533203 0.316406
vt 0.066406 0.312500
vt 0.529297 0.316406
vt 0.574219 0.554688
vt 0.066406 0.292969
vt 0.554688 0.531250
vt 0.533203 0.292969
vt 0.068359 0.312500
vt 0.529297 0.292969
vt 0.574219 0.531250
vt 0.068359 0.292969
vt 0.531250 0.316406
vt 0.556641 0.507812
vt 0.068359 0.292969
vt 0.531250 0.316406
vt 0.576172 0.507812
vt 0.068359 0.312500
vt 0.531250 0.292969
vt 0.556641 0.484375
vt 0.070312 0.292969
vt 0.531250 0.292969
vt 0.576172 0.484375
vt 0.070312 0.312500
vt 0.677734 0.646484
vt 0.556641 0.296875
vt 0.259766 0.314453
vt 0.552734 0.296875
vt 0.699219 0.646484
vt 0.259766 0.292969
vt 0.677734 0.642578
vt 0.556641 0.292969
vt 0.261719 0.314453
vt 0.552734 0.292969
vt 0.699219 0.642578
vt 0.261719 0.292969
vt 0.554688 0.296875
vt 0.677734 0.642578
vt 0.261719 0.292969
vt 0.554688 0.296875
vt 0.699219 0.642578
vt 0.261719 0.314453
vt 0.554688 0.292969
vt 0.677734 0.638672
vt 0.263672 0.292969
vt 0.554688 0.292969
vt 0.699219 0.638672
vt 0.263672 0.314453
vt 0.455078 0.666016
vt 0.119141 0.427734
vt 0.703125 0.445312
vt 0.429688 0.433594
vt 0.458984 0.666016
vt 0.703125 0.441406
vt 0.455078 0.654297
vt 0.119141 0.416016
vt 0.558594 0.296875
vt 0.429688 0.421875
vt 0.458984 0.654297
vt 0.558594 0.292969
vt 0.431641 0.433594
vt 0.173828 0.519531
vt 0.705078 0.441406
vt 0.117188 0.427734
vt 0.177734 0.519531
vt 0.705078 0.445312
vt 0.431641 0.421875
vt 0.173828 0.507812
vt 0.560547 0.292969
vt 0.117188 0.416016
vt 0.177734 0.507812
vt 0.560547 0.296875
vt 0.085938 0.357422
vt 0.158203 0.312500
vt 0.574219 0.972656
vt 0.154297 0.312500
vt 0.093750 0.357422
vt 0.574219 0.964844
vt 0.085938 0.339844
vt 0.158203 0.294922
vt 0.255859 0.373047
vt 0.154297 0.294922
vt 0.093750 0.339844
vt 0.255859 0.365234
vt 0.156250 0.312500
vt 0.093750 0.357422
vt 0.576172 0.964844
vt 0.156250 0.312500
vt 0.101562 0.357422
vt 0.576172 0.972656
vt 0.156250 0.294922
vt 0.093750 0.339844
vt 0.257812 0.365234
vt 0.156250 0.294922
vt 0.101562 0.339844
vt 0.257812 0.373047
vt 0.339844 0.478516
vt 0.568359 0.355469
vt 0.404297 0.341797
vt 0.638672 0.703125
vt 0.332031 0.478516
vt 0.404297 0.333984
vt 0.339844 0.468750
vt 0.568359 0.345703
vt 0.462891 0.341797
vt 0.638672 0.693359
vt 0.332031 0.468750
vt 0.462891 0.333984
vt 0.636719 0.703125
vt 0.347656 0.550781
vt 0.402344 0.333984
vt 0.570312 0.355469
vt 0.339844 0.550781
vt 0.402344 0.341797
vt 0.636719 0.693359
vt 0.347656 0.541016
vt 0.460938 0.333984
vt 0.570312 0.345703
vt 0.339844 0.541016
vt 0.460938 0.341797
vt 0.607422 0.861328
vt 0.601562 0.861328
vt 0.607422 0.859375
vt 0.601562 0.859375
vt 0.576172 0.507812
vt 0.531250 0.316406
vt 0.068359 0.312500
vt 0.531250 0.316406
vt 0.556641 0.507812
vt 0.068359 0.292969
vt 0.576172 0.484375
vt 0.531250 0.292969
vt 0.070312 0.312500
vt 0.531250 0.292969
vt 0.556641 0.484375
vt 0.070312 0.292969
vt 0.529297 0.316406
vt 0.574219 0.554688
vt 0.066406 0.292969
vt 0.533203 0.316406
vt 0.554688 0.554688
vt 0.066406 0.312500
vt 0.529297 0.292969
vt 0.574219 0.531250
vt 0.068359 0.292969
vt 0.533203 0.292969
vt 0.554688 0.531250
vt 0.068359 0.312500
vt 0.699219 0.642578
vt 0.554688 0.296875
vt 0.261719 0.314453
vt 0.554688 0.296875
vt 0.677734 0.642578
vt 0.261719 0.292969
vt 0.699219 0.638672
vt 0.554688 0.292969
vt 0.263672 0.314453
vt 0.554688 0.292969
vt 0.677734 0.638672
vt 0.263672 0.292969
vt 0.552734 0.296875
vt 0.699219 0.646484
vt 0.259766 0.292969
vt 0.556641 0.296875
vt 0.677734 0.646484
vt 0.259766 0.314453
vt 0.552734 0.292969
vt 0.699219 0.642578
vt 0.261719 0.292969
vt 0.556641 0.292969
vt 0.677734 0.642578
vt 0.261719 0.314453
vt 0.177734 0.519531
vt 0.117188 0.427734
vt 0.705078 0.445312
vt 0.431641 0.433594
vt 0.173828 0.519531
vt 0.705078 0.441406
vt 0.177734 0.507812
vt 0.117188 0.416016
vt 0.560547 0.296875
vt 0.431641 0.421875
vt 0.173828 0.507812
vt 0.560547 0.292969
vt 0.429688 0.433594
vt 0.458984 0.666016
vt 0.703125 0.441406
vt 0.119141 0.427734
vt 0.455078 0.666016
vt 0.703125 0.445312
vt 0.429688 0.421875
vt 0.458984 0.654297
vt 0.558594 0.292969
vt 0.119141 0.416016
vt 0.455078 0.654297
vt 0.558594 0.296875
vt 0.101562 0.357422
vt 0.156250 0.312500
vt 0.576172 0.972656
vt 0.156250 0.312500
vt 0.093750 0.357422
vt 0.576172 0.964844
vt 0.101562 0.339844
vt 0.156250 0.294922
vt 0.257812 0.373047
vt 0.156250 0.294922
vt 0.093750 0.339844
vt 0.257812 0.365234
vt 0.154297 0.312500
vt 0.093750 0.357422
vt 0.574219 0.964844
vt 0.158203 0.312500
vt 0.085938 0.357422
vt 0.574219 0.972656
vt 0.154297 0.294922
vt 0.093750 0.339844
vt 0.255859 0.365234
vt 0.158203 0.294922
vt 0.085938 0.339844
vt 0.255859 0.373047
vt 0.263672 0.314453
vt 0.455078 0.462891
vt 0.564453 0.757812
vt 0.367188 0.462891
vt 0.265625 0.314453
vt 0.564453 0.755859
vt 0.263672 0.292969
vt 0.455078 0.441406
vt 0.580078 0.578125
vt 0.367188 0.441406
vt 0.265625 0.292969
vt 0.580078 0.576172
vt 0.390625 0.462891
vt 0.279297 0.314453
vt 0.587891 0.755859
vt 0.431641 0.462891
vt 0.281250 0.314453
vt 0.587891 0.757812
vt 0.390625 0.441406
vt 0.279297 0.292969
vt 0.603516 0.576172
vt 0.431641 0.441406
vt 0.281250 0.292969
vt 0.603516 0.578125
vt 0.652344 0.763672
vt 0.666016 0.621094
vt 0.550781 0.484375
vt 0.642578 0.626953
vt 0.671875 0.763672
vt 0.550781 0.464844
vt 0.652344 0.757812
vt 0.666016 0.615234
vt 0.552734 0.964844
vt 0.642578 0.621094
vt 0.671875 0.757812
vt 0.552734 0.945312
vt 0.666016 0.626953
vt 0.652344 0.757812
vt 0.574219 0.464844
vt 0.642578 0.621094
vt 0.671875 0.757812
vt 0.574219 0.484375
vt 0.666016 0.621094
vt 0.652344 0.751953
vt 0.576172 0.945312
vt 0.642578 0.615234
vt 0.671875 0.751953
vt 0.576172 0.964844
vt 0.281250 0.314453
vt 0.564453 0.529297
vt 0.681641 0.341797
vt 0.541016 0.777344
vt 0.283203 0.314453
vt 0.681641 0.339844
vt 0.281250 0.292969
vt 0.564453 0.507812
vt 0.681641 0.339844
vt 0.541016 0.755859
vt 0.283203 0.292969
vt 0.681641 0.337891
vt 0.564453 0.777344
vt 0.283203 0.314453
vt 0.705078 0.339844
vt 0.541016 0.529297
vt 0.285156 0.314453
vt 0.705078 0.341797
vt 0.564453 0.755859
vt 0.283203 0.292969
vt 0.705078 0.337891
vt 0.541016 0.507812
vt 0.285156 0.292969
vt 0.705078 0.339844
vt 0.253906 0.347656
vt 0.462891 0.357422
vt 0.496094 0.443359
vt 0.416016 0.357422
vt 0.273438 0.347656
vt 0.496094 0.423828
vt 0.253906 0.341797
vt 0.462891 0.351562
vt 0.519531 0.443359
vt 0.416016 0.351562
vt 0.273438 0.341797
vt 0.519531 0.423828
vt 0.439453 0.357422
vt 0.652344 0.734375
vt 0.519531 0.423828
vt 0.439453 0.357422
vt 0.671875 0.734375
vt 0.519531 0.443359
vt 0.439453 0.351562
vt 0.652344 0.728516
vt 0.542969 0.423828
vt 0.439453 0.351562
vt 0.671875 0.728516
vt 0.542969 0.443359
vt 0.396484 0.294922
vt 0.701172 0.781250
vt 0.687500 0.654297
vt 0.687500 0.783203
vt 0.398438 0.294922
vt 0.687500 0.652344
vt 0.396484 0.292969
vt 0.701172 0.779297
vt 0.687500 0.652344
vt 0.687500 0.781250
vt 0.398438 0.292969
vt 0.687500 0.650391
vt 0.701172 0.783203
vt 0.705078 0.603516
vt 0.701172 0.652344
vt 0.687500 0.781250
vt 0.707031 0.603516
vt 0.701172 0.654297
vt 0.701172 0.781250
vt 0.705078 0.601562
vt 0.701172 0.650391
vt 0.687500 0.779297
vt 0.707031 0.601562
vt 0.701172 0.652344
vt 0.265625 0.302734
vt 0.269531 0.302734
vt 0.705078 0.662109
vt 0.687500 0.962891
vt 0.267578 0.302734
vt 0.705078 0.660156
vt 0.265625 0.294922
vt 0.269531 0.294922
vt 0.705078 0.660156
vt 0.687500 0.955078
vt 0.267578 0.294922
vt 0.705078 0.658203
vt 0.689453 0.962891
vt 0.269531 0.302734
vt 0.707031 0.660156
vt 0.267578 0.302734
vt 0.271484 0.302734
vt 0.707031 0.662109
vt 0.689453 0.955078
vt 0.269531 0.294922
vt 0.707031 0.658203
vt 0.267578 0.294922
vt 0.271484 0.294922
vt 0.707031 0.660156
vt 0.705078 0.658203
vt 0.615234 0.599609
vt 0.603516 0.974609
vt 0.103516 0.402344
vt 0.707031 0.658203
vt 0.603516 0.972656
vt 0.705078 0.656250
vt 0.615234 0.597656
vt 0.650391 0.691406
vt 0.103516 0.400391
vt 0.707031 0.656250
vt 0.650391 0.689453
vt 0.117188 0.402344
vt 0.705078 0.654297
vt 0.617188 0.972656
vt 0.601562 0.599609
vt 0.707031 0.654297
vt 0.617188 0.974609
vt 0.117188 0.400391
vt 0.705078 0.652344
vt 0.664062 0.689453
vt 0.601562 0.597656
vt 0.707031 0.652344
vt 0.664062 0.691406
vt 0.537109 0.337891
vt 0.179688 0.335938
vt 0.705078 0.652344
vt 0.626953 0.345703
vt 0.539062 0.337891
vt 0.705078 0.650391
vt 0.537109 0.328125
vt 0.179688 0.326172
vt 0.705078 0.648438
vt 0.626953 0.335938
vt 0.539062 0.328125
vt 0.705078 0.646484
vt 0.628906 0.345703
vt 0.687500 0.308594
vt 0.707031 0.650391
vt 0.177734 0.335938
vt 0.689453 0.308594
vt 0.707031 0.652344
vt 0.628906 0.335938
vt 0.687500 0.298828
vt 0.707031 0.646484
vt 0.177734 0.326172
vt 0.689453 0.298828
vt 0.707031 0.648438
vt 0.433594 0.496094
vt 0.066406 0.412109
vt 0.705078 0.646484
vt 0.431641 0.980469
vt 0.435547 0.496094
vt 0.705078 0.644531
vt 0.433594 0.480469
vt 0.066406 0.396484
vt 0.705078 0.644531
vt 0.431641 0.964844
vt 0.435547 0.480469
vt 0.705078 0.642578
vt 0.433594 0.980469
vt 0.464844 0.312500
vt 0.707031 0.644531
vt 0.064453 0.412109
vt 0.466797 0.312500
vt 0.707031 0.646484
vt 0.433594 0.964844
vt 0.464844 0.296875
vt 0.707031 0.642578
vt 0.064453 0.396484
vt 0.466797 0.296875
vt 0.707031 0.644531
vt 0.626953 0.976562
vt 0.707031 0.636719
vt 0.646484 0.792969
vt 0.705078 0.642578
vt 0.632812 0.976562
vt 0.646484 0.787109
vt 0.626953 0.974609
vt 0.707031 0.634766
vt 0.167969 0.351562
vt 0.705078 0.640625
vt 0.632812 0.974609
vt 0.167969 0.345703
vt 0.707031 0.642578
vt 0.644531 0.416016
vt 0.648438 0.787109
vt 0.705078 0.636719
vt 0.650391 0.416016
vt 0.648438 0.792969
vt 0.707031 0.640625
vt 0.644531 0.414062
vt 0.169922 0.345703
vt 0.705078 0.634766
vt 0.650391 0.414062
vt 0.169922 0.351562
vt 0.705078 0.634766
vt 0.671875 0.863281
vt 0.658203 0.660156
vt 0.652344 0.751953
vt 0.707031 0.634766
vt 0.658203 0.658203
vt 0.705078 0.632812
vt 0.671875 0.861328
vt 0.687500 0.875000
vt 0.652344 0.750000
vt 0.707031 0.632812
vt 0.687500 0.873047
vt 0.666016 0.751953
vt 0.705078 0.626953
vt 0.671875 0.658203
vt 0.658203 0.863281
vt 0.707031 0.626953
vt 0.671875 0.660156
vt 0.666016 0.750000
vt 0.705078 0.625000
vt 0.701172 0.873047
vt 0.658203 0.861328
vt 0.707031 0.625000
vt 0.701172 0.875000
vt 0.705078 0.625000
vt 0.703125 0.492188
vt 0.628906 0.744141
vt 0.626953 0.835938
vt 0.707031 0.625000
vt 0.628906 0.742188
vt 0.705078 0.623047
vt 0.703125 0.490234
vt 0.630859 0.611328
vt 0.626953 0.833984
vt 0.707031 0.623047
vt 0.630859 0.609375
vt 0.703125 0.835938
vt 0.705078 0.623047
vt 0.705078 0.742188
vt 0.626953 0.492188
vt 0.707031 0.623047
vt 0.705078 0.744141
vt 0.703125 0.833984
vt 0.705078 0.621094
vt 0.707031 0.609375
vt 0.626953 0.490234
vt 0.707031 0.621094
vt 0.707031 0.611328
vt 0.273438 0.302734
vt 0.277344 0.302734
vt 0.705078 0.621094
vt 0.271484 0.302734
vt 0.275391 0.302734
vt 0.705078 0.619141
vt 0.273438 0.294922
vt 0.277344 0.294922
vt 0.380859 0.294922
vt 0.271484 0.294922
vt 0.275391 0.294922
vt 0.380859 0.292969
vt 0.273438 0.302734
vt 0.697266 0.714844
vt 0.707031 0.619141
vt 0.275391 0.302734
vt 0.699219 0.714844
vt 0.707031 0.621094
vt 0.273438 0.294922
vt 0.697266 0.707031
vt 0.382812 0.292969
vt 0.275391 0.294922
vt 0.699219 0.707031
vt 0.382812 0.294922
vt 0.705078 0.619141
vt 0.701172 0.869141
vt 0.687500 0.867188
vt 0.687500 0.871094
vt 0.707031 0.619141
vt 0.687500 0.865234
vt 0.705078 0.617188
vt 0.701172 0.867188
vt 0.687500 0.785156
vt 0.687500 0.869141
vt 0.707031 0.617188
vt 0.687500 0.783203
vt 0.701172 0.871094
vt 0.382812 0.294922
vt 0.701172 0.865234
vt 0.687500 0.869141
vt 0.384766 0.294922
vt 0.701172 0.867188
vt 0.701172 0.869141
vt 0.382812 0.292969
vt 0.701172 0.783203
vt 0.687500 0.867188
vt 0.384766 0.292969
vt 0.701172 0.785156
vt 0.705078 0.617188
vt 0.712891 0.818359
vt 0.669922 0.908203
vt 0.666016 0.837891
vt 0.707031 0.617188
vt 0.669922 0.906250
vt 0.705078 0.615234
vt 0.712891 0.816406
vt 0.669922 0.906250
vt 0.666016 0.835938
vt 0.707031 0.615234
vt 0.669922 0.904297
vt 0.710938 0.837891
vt 0.384766 0.294922
vt 0.714844 0.906250
vt 0.667969 0.818359
vt 0.386719 0.294922
vt 0.714844 0.908203
vt 0.710938 0.835938
vt 0.384766 0.292969
vt 0.714844 0.904297
vt 0.667969 0.816406
vt 0.386719 0.292969
vt 0.714844 0.906250
vt 0.693359 0.714844
vt 0.363281 0.306641
vt 0.386719 0.294922
vt 0.693359 0.810547
vt 0.695312 0.714844
vt 0.386719 0.292969
vt 0.693359 0.705078
vt 0.363281 0.296875
vt 0.388672 0.294922
vt 0.693359 0.800781
vt 0.695312 0.705078
vt 0.388672 0.292969
vt 0.695312 0.810547
vt 0.363281 0.306641
vt 0.388672 0.292969
vt 0.361328 0.306641
vt 0.365234 0.306641
vt 0.388672 0.294922
vt 0.695312 0.800781
vt 0.363281 0.296875
vt 0.390625 0.292969
vt 0.361328 0.296875
vt 0.365234 0.296875
vt 0.390625 0.294922
vt 0.687500 0.384766
vt 0.689453 0.324219
vt 0.390625 0.294922
vt 0.466797 0.312500
vt 0.689453 0.384766
vt 0.390625 0.292969
vt 0.687500 0.369141
vt 0.689453 0.308594
vt 0.392578 0.294922
vt 0.466797 0.296875
vt 0.689453 0.369141
vt 0.392578 0.292969
vt 0.468750 0.312500
vt 0.689453 0.970703
vt 0.392578 0.292969
vt 0.687500 0.324219
vt 0.691406 0.970703
vt 0.392578 0.294922
vt 0.468750 0.296875
vt 0.689453 0.955078
vt 0.394531 0.292969
vt 0.687500 0.308594
vt 0.691406 0.955078
vt 0.394531 0.294922
vt 0.646484 0.658203
vt 0.707031 0.605469
vt 0.330078 0.351562
vt 0.394531 0.294922
vt 0.652344 0.658203
vt 0.330078 0.345703
vt 0.646484 0.656250
vt 0.707031 0.603516
vt 0.615234 0.351562
vt 0.394531 0.292969
vt 0.652344 0.656250
vt 0.615234 0.345703
vt 0.396484 0.294922
vt 0.410156 0.333984
vt 0.332031 0.345703
vt 0.705078 0.605469
vt 0.416016 0.333984
vt 0.332031 0.351562
vt 0.396484 0.292969
vt 0.410156 0.332031
vt 0.617188 0.345703
vt 0.705078 0.603516
vt 0.416016 0.332031
vt 0.617188 0.351562
vt 0.427734 0.341797
vt 0.666016 0.384766
vt 0.343750 0.392578
vt 0.658203 0.845703
vt 0.429688 0.341797
vt 0.343750 0.390625
vt 0.427734 0.335938
vt 0.666016 0.378906
vt 0.615234 0.914062
vt 0.658203 0.839844
vt 0.429688 0.335938
vt 0.615234 0.912109
vt 0.666016 0.845703
vt 0.187500 0.339844
vt 0.351562 0.390625
vt 0.658203 0.384766
vt 0.189453 0.339844
vt 0.351562 0.392578
vt 0.666016 0.839844
vt 0.187500 0.333984
vt 0.623047 0.912109
vt 0.658203 0.378906
vt 0.189453 0.333984
vt 0.623047 0.914062
vt 0.210938 0.349609
vt 0.234375 0.343750
vt 0.037109 0.433594
vt 0.498047 0.986328
vt 0.212891 0.349609
vt 0.037109 0.431641
vt 0.210938 0.343750
vt 0.234375 0.337891
vt 0.056641 0.398438
vt 0.498047 0.980469
vt 0.212891 0.343750
vt 0.056641 0.396484
vt 0.505859 0.986328
vt 0.179688 0.345703
vt 0.044922 0.431641
vt 0.226562 0.343750
vt 0.181641 0.345703
vt 0.044922 0.433594
vt 0.505859 0.980469
vt 0.179688 0.339844
vt 0.064453 0.396484
vt 0.226562 0.337891
vt 0.181641 0.339844
vt 0.064453 0.398438
vt 0.423828 0.294922
vt 0.537109 0.330078
vt 0.642578 0.330078
vt 0.148438 0.330078
vt 0.425781 0.294922
vt 0.642578 0.328125
vt 0.423828 0.292969
vt 0.537109 0.328125
vt 0.669922 0.337891
vt 0.148438 0.328125
vt 0.425781 0.292969
vt 0.669922 0.335938
vt 0.152344 0.330078
vt 0.705078 0.576172
vt 0.646484 0.328125
vt 0.533203 0.330078
vt 0.707031 0.576172
vt 0.646484 0.330078
vt 0.152344 0.328125
vt 0.705078 0.574219
vt 0.673828 0.335938
vt 0.533203 0.328125
vt 0.707031 0.574219
vt 0.673828 0.337891
vt 0.498047 0.630859
vt 0.707031 0.599609
vt 0.560547 0.296875
vt 0.705078 0.601562
vt 0.501953 0.630859
vt 0.560547 0.292969
vt 0.498047 0.628906
vt 0.707031 0.597656
vt 0.562500 0.296875
vt 0.705078 0.599609
vt 0.501953 0.628906
vt 0.562500 0.292969
vt 0.707031 0.601562
vt 0.501953 0.611328
vt 0.562500 0.292969
vt 0.705078 0.599609
vt 0.505859 0.611328
vt 0.562500 0.296875
vt 0.707031 0.599609
vt 0.501953 0.609375
vt 0.564453 0.292969
vt 0.705078 0.597656
vt 0.505859 0.609375
vt 0.564453 0.296875
vt 0.402344 0.294922
vt 0.619141 0.535156
vt 0.648438 0.478516
vt 0.582031 0.693359
vt 0.404297 0.294922
vt 0.648438 0.476562
vt 0.402344 0.292969
vt 0.619141 0.533203
vt 0.164062 0.337891
vt 0.582031 0.691406
vt 0.404297 0.292969
vt 0.164062 0.335938
vt 0.585938 0.693359
vt 0.705078 0.597656
vt 0.652344 0.476562
vt 0.615234 0.535156
vt 0.707031 0.597656
vt 0.652344 0.478516
vt 0.585938 0.691406
vt 0.705078 0.595703
vt 0.167969 0.335938
vt 0.615234 0.533203
vt 0.707031 0.595703
vt 0.167969 0.337891
vt 0.705078 0.595703
vt 0.707031 0.593750
vt 0.410156 0.294922
vt 0.404297 0.294922
vt 0.707031 0.595703
vt 0.410156 0.292969
vt 0.705078 0.593750
vt 0.707031 0.591797
vt 0.705078 0.589844
vt 0.404297 0.292969
vt 0.707031 0.593750
vt 0.705078 0.587891
vt 0.406250 0.294922
vt 0.705078 0.591797
vt 0.412109 0.292969
vt 0.705078 0.593750
vt 0.707031 0.591797
vt 0.412109 0.294922
vt 0.406250 0.292969
vt 0.705078 0.589844
vt 0.707031 0.587891
vt 0.705078 0.591797
vt 0.707031 0.589844
vt 0.666016 0.916016
vt 0.416016 0.294922
vt 0.703125 0.427734
vt 0.412109 0.294922
vt 0.669922 0.916016
vt 0.703125 0.423828
vt 0.666016 0.914062
vt 0.416016 0.292969
vt 0.703125 0.417969
vt 0.412109 0.292969
vt 0.669922 0.914062
vt 0.703125 0.414062
vt 0.414062 0.294922
vt 0.097656 0.330078
vt 0.705078 0.423828
vt 0.414062 0.294922
vt 0.101562 0.330078
vt 0.705078 0.427734
vt 0.414062 0.292969
vt 0.097656 0.328125
vt 0.705078 0.414062
vt 0.414062 0.292969
vt 0.101562 0.328125
vt 0.705078 0.417969
vt 0.416016 0.294922
vt 0.707031 0.583984
vt 0.419922 0.294922
vt 0.705078 0.585938
vt 0.417969 0.294922
vt 0.419922 0.292969
vt 0.416016 0.292969
vt 0.707031 0.582031
vt 0.705078 0.578125
vt 0.705078 0.583984
vt 0.417969 0.292969
vt 0.705078 0.576172
vt 0.707031 0.585938
vt 0.417969 0.294922
vt 0.421875 0.292969
vt 0.705078 0.583984
vt 0.419922 0.294922
vt 0.421875 0.294922
vt 0.707031 0.583984
vt 0.417969 0.292969
vt 0.707031 0.576172
vt 0.705078 0.582031
vt 0.419922 0.292969
vt 0.707031 0.578125
vt 0.386719 0.310547
vt 0.337891 0.318359
vt 0.160156 0.294922
vt 0.203125 0.318359
vt 0.388672 0.310547
vt 0.160156 0.292969
vt 0.386719 0.294922
vt 0.337891 0.302734
vt 0.164062 0.294922
vt 0.203125 0.302734
vt 0.388672 0.294922
vt 0.164062 0.292969
vt 0.207031 0.318359
vt 0.388672 0.310547
vt 0.164062 0.292969
vt 0.333984 0.318359
vt 0.390625 0.310547
vt 0.164062 0.294922
vt 0.207031 0.302734
vt 0.388672 0.294922
vt 0.167969 0.292969
vt 0.333984 0.302734
vt 0.390625 0.294922
vt 0.167969 0.294922
vt 0.445312 0.318359
vt 0.705078 0.835938
vt 0.705078 0.833984
vt 0.445312 0.302734
vt 0.392578 0.310547
vt 0.708984 0.833984
vt 0.441406 0.318359
vt 0.394531 0.310547
vt 0.708984 0.835938
vt 0.392578 0.294922
vt 0.441406 0.302734
vt 0.394531 0.294922
vt 0.705078 0.832031
vt 0.707031 0.490234
vt 0.171875 0.294922
vt 0.507812 0.294922
vt 0.708984 0.832031
vt 0.171875 0.291016
vt 0.705078 0.830078
vt 0.707031 0.488281
vt 0.173828 0.294922
vt 0.507812 0.292969
vt 0.708984 0.830078
vt 0.173828 0.291016
vt 0.509766 0.294922
vt 0.705078 0.830078
vt 0.173828 0.291016
vt 0.705078 0.490234
vt 0.708984 0.830078
vt 0.173828 0.294922
vt 0.509766 0.292969
vt 0.705078 0.828125
vt 0.175781 0.291016
vt 0.705078 0.488281
vt 0.708984 0.828125
vt 0.175781 0.294922
vt 0.513672 0.294922
vt 0.513672 0.292969
vt 0.515625 0.294922
vt 0.515625 0.292969
vt 0.701172 0.810547
vt 0.703125 0.714844
vt 0.705078 0.482422
vt 0.701172 0.894531
vt 0.703125 0.810547
vt 0.705078 0.480469
vt 0.701172 0.802734
vt 0.703125 0.707031
vt 0.705078 0.480469
vt 0.701172 0.886719
vt 0.703125 0.802734
vt 0.705078 0.478516
vt 0.703125 0.894531
vt 0.701172 0.691406
vt 0.707031 0.480469
vt 0.701172 0.714844
vt 0.703125 0.691406
vt 0.707031 0.482422
vt 0.703125 0.886719
vt 0.701172 0.683594
vt 0.707031 0.478516
vt 0.701172 0.707031
vt 0.703125 0.683594
vt 0.707031 0.480469
vt 0.531250 0.666016
vt 0.701172 0.945312
vt 0.318359 0.363281
vt 0.017578 0.300781
vt 0.599609 0.666016
vt 0.318359 0.294922
vt 0.531250 0.658203
vt 0.701172 0.937500
vt 0.304688 0.361328
vt 0.017578 0.292969
vt 0.599609 0.658203
vt 0.304688 0.292969
vt 0.019531 0.300781
vt 0.531250 0.658203
vt 0.320312 0.294922
vt 0.699219 0.945312
vt 0.599609 0.658203
vt 0.320312 0.363281
vt 0.019531 0.292969
vt 0.531250 0.650391
vt 0.306641 0.292969
vt 0.699219 0.937500
vt 0.599609 0.650391
vt 0.306641 0.361328
vt 0.576172 0.507812
vt 0.695312 0.507812
vt 0.564453 0.324219
vt 0.693359 0.523438
vt 0.613281 0.507812
vt 0.564453 0.287109
vt 0.576172 0.498047
vt 0.695312 0.498047
vt 0.035156 0.322266
vt 0.693359 0.513672
vt 0.613281 0.498047
vt 0.035156 0.285156
vt 0.695312 0.523438
vt 0.576172 0.498047
vt 0.566406 0.287109
vt 0.693359 0.507812
vt 0.613281 0.498047
vt 0.566406 0.324219
vt 0.695312 0.513672
vt 0.576172 0.488281
vt 0.037109 0.285156
vt 0.693359 0.498047
vt 0.613281 0.488281
vt 0.037109 0.322266
vt 0.189453 0.349609
vt 0.511719 0.298828
vt 0.285156 0.314453
vt 0.701172 0.507812
vt 0.210938 0.349609
vt 0.285156 0.292969
vt 0.189453 0.343750
vt 0.511719 0.292969
vt 0.287109 0.314453
vt 0.701172 0.501953
vt 0.210938 0.343750
vt 0.287109 0.292969
vt 0.703125 0.507812
vt 0.650391 0.703125
vt 0.287109 0.292969
vt 0.509766 0.298828
vt 0.671875 0.703125
vt 0.287109 0.314453
vt 0.703125 0.501953
vt 0.650391 0.697266
vt 0.289062 0.292969
vt 0.509766 0.292969
vt 0.671875 0.697266
vt 0.289062 0.314453
vt 0.677734 0.585938
vt 0.679688 0.296875
vt 0.289062 0.314453
vt 0.703125 0.326172
vt 0.699219 0.585938
vt 0.289062 0.292969
vt 0.677734 0.582031
vt 0.679688 0.292969
vt 0.291016 0.314453
vt 0.703125 0.322266
vt 0.699219 0.582031
vt 0.291016 0.292969
vt 0.705078 0.326172
vt 0.498047 0.322266
vt 0.291016 0.292969
vt 0.677734 0.296875
vt 0.519531 0.322266
vt 0.291016 0.314453
vt 0.705078 0.322266
vt 0.498047 0.318359
vt 0.292969 0.292969
vt 0.677734 0.292969
vt 0.519531 0.318359
vt 0.292969 0.314453
vt 0.105469 0.525391
vt 0.535156 0.298828
vt 0.677734 0.310547
vt 0.511719 0.298828
vt 0.119141 0.525391
vt 0.677734 0.296875
vt 0.105469 0.519531
vt 0.535156 0.292969
vt 0.679688 0.310547
vt 0.511719 0.292969
vt 0.119141 0.519531
vt 0.679688 0.296875
vt 0.513672 0.298828
vt 0.242188 0.408203
vt 0.679688 0.296875
vt 0.533203 0.298828
vt 0.255859 0.408203
vt 0.679688 0.310547
vt 0.513672 0.292969
vt 0.242188 0.402344
vt 0.681641 0.296875
vt 0.533203 0.292969
vt 0.255859 0.402344
vt 0.681641 0.310547
vt 0.503906 0.576172
vt 0.701172 0.810547
vt 0.544922 0.306641
vt 0.699219 0.894531
vt 0.513672 0.576172
vt 0.544922 0.296875
vt 0.503906 0.568359
vt 0.701172 0.802734
vt 0.546875 0.306641
vt 0.699219 0.886719
vt 0.513672 0.568359
vt 0.546875 0.296875
vt 0.701172 0.894531
vt 0.527344 0.416016
vt 0.546875 0.296875
vt 0.699219 0.810547
vt 0.537109 0.416016
vt 0.546875 0.306641
vt 0.701172 0.886719
vt 0.527344 0.408203
vt 0.548828 0.296875
vt 0.699219 0.802734
vt 0.537109 0.408203
vt 0.548828 0.306641
vt 0.652344 0.658203
vt 0.667969 0.976562
vt 0.558594 0.734375
vt 0.644531 0.982422
vt 0.671875 0.658203
vt 0.558594 0.714844
vt 0.652344 0.652344
vt 0.667969 0.970703
vt 0.355469 0.441406
vt 0.644531 0.976562
vt 0.671875 0.652344
vt 0.355469 0.421875
vt 0.667969 0.982422
vt 0.652344 0.652344
vt 0.582031 0.714844
vt 0.644531 0.976562
vt 0.671875 0.652344
vt 0.582031 0.734375
vt 0.667969 0.976562
vt 0.652344 0.646484
vt 0.378906 0.421875
vt 0.644531 0.970703
vt 0.671875 0.646484
vt 0.378906 0.441406
vt 0.292969 0.314453
vt 0.103516 0.453125
vt 0.683594 0.910156
vt 0.056641 0.453125
vt 0.294922 0.314453
vt 0.683594 0.908203
vt 0.292969 0.292969
vt 0.103516 0.431641
vt 0.683594 0.873047
vt 0.056641 0.431641
vt 0.294922 0.292969
vt 0.683594 0.871094
vt 0.080078 0.453125
vt 0.294922 0.314453
vt 0.707031 0.908203
vt 0.080078 0.453125
vt 0.296875 0.314453
vt 0.707031 0.910156
vt 0.080078 0.431641
vt 0.294922 0.292969
vt 0.707031 0.871094
vt 0.080078 0.431641
vt 0.296875 0.292969
vt 0.707031 0.873047
vt 0.705078 0.707031
vt 0.705078 0.705078
vt 0.216797 0.441406
vt 0.216797 0.433594
vt 0.697266 0.515625
vt 0.697266 0.707031
vt 0.705078 0.515625
vt 0.697266 0.513672
vt 0.224609 0.433594
vt 0.697266 0.705078
vt 0.705078 0.513672
vt 0.224609 0.441406
vt 0.701172 0.519531
vt 0.707031 0.746094
vt 0.367188 0.468750
vt 0.703125 0.765625
vt 0.707031 0.519531
vt 0.367188 0.462891
vt 0.701172 0.517578
vt 0.707031 0.744141
vt 0.144531 0.433594
vt 0.703125 0.763672
vt 0.707031 0.517578
vt 0.144531 0.427734
vt 0.707031 0.765625
vt 0.701172 0.517578
vt 0.371094 0.462891
vt 0.703125 0.746094
vt 0.707031 0.517578
vt 0.371094 0.468750
vt 0.707031 0.763672
vt 0.701172 0.515625
vt 0.148438 0.427734
vt 0.703125 0.744141
vt 0.707031 0.515625
vt 0.148438 0.433594
vt 0.429688 0.294922
vt 0.707031 0.708984
vt 0.703125 0.685547
vt 0.703125 0.736328
vt 0.431641 0.294922
vt 0.703125 0.683594
vt 0.429688 0.292969
vt 0.707031 0.707031
vt 0.703125 0.656250
vt 0.703125 0.734375
vt 0.431641 0.292969
vt 0.703125 0.654297
vt 0.707031 0.736328
vt 0.705078 0.570312
vt 0.707031 0.683594
vt 0.703125 0.708984
vt 0.707031 0.570312
vt 0.707031 0.685547
vt 0.707031 0.734375
vt 0.705078 0.568359
vt 0.707031 0.654297
vt 0.703125 0.707031
vt 0.707031 0.568359
vt 0.707031 0.656250
vt 0.431641 0.294922
vt 0.707031 0.531250
vt 0.703125 0.513672
vt 0.703125 0.640625
vt 0.433594 0.294922
vt 0.703125 0.511719
vt 0.431641 0.292969
vt 0.707031 0.529297
vt 0.703125 0.503906
vt 0.703125 0.638672
vt 0.433594 0.292969
vt 0.703125 0.501953
vt 0.707031 0.640625
vt 0.705078 0.568359
vt 0.707031 0.511719
vt 0.703125 0.531250
vt 0.707031 0.568359
vt 0.707031 0.513672
vt 0.707031 0.638672
vt 0.705078 0.566406
vt 0.707031 0.501953
vt 0.703125 0.529297
vt 0.707031 0.566406
vt 0.707031 0.503906
vt 0.677734 0.466797
vt 0.681641 0.296875
vt 0.296875 0.314453
vt 0.703125 0.322266
vt 0.699219 0.466797
vt 0.296875 0.292969
vt 0.677734 0.462891
vt 0.681641 0.292969
vt 0.298828 0.314453
vt 0.703125 0.318359
vt 0.699219 0.462891
vt 0.298828 0.292969
vt 0.705078 0.322266
vt 0.677734 0.462891
vt 0.298828 0.292969
vt 0.679688 0.296875
vt 0.699219 0.462891
vt 0.298828 0.314453
vt 0.705078 0.318359
vt 0.677734 0.458984
vt 0.300781 0.292969
vt 0.679688 0.292969
vt 0.699219 0.458984
vt 0.300781 0.314453
vt 0.519531 0.322266
vt 0.595703 0.298828
vt 0.681641 0.310547
vt 0.535156 0.298828
vt 0.533203 0.322266
vt 0.681641 0.296875
vt 0.519531 0.316406
vt 0.595703 0.292969
vt 0.689453 0.310547
vt 0.535156 0.292969
vt 0.533203 0.316406
vt 0.689453 0.296875
vt 0.537109 0.298828
vt 0.615234 0.322266
vt 0.683594 0.296875
vt 0.593750 0.298828
vt 0.628906 0.322266
vt 0.683594 0.310547
vt 0.537109 0.292969
vt 0.615234 0.316406
vt 0.691406 0.296875
vt 0.593750 0.292969
vt 0.628906 0.316406
vt 0.691406 0.310547
vt 0.650391 0.697266
vt 0.603516 0.298828
vt 0.492188 0.314453
vt 0.595703 0.298828
vt 0.671875 0.697266
vt 0.492188 0.292969
vt 0.650391 0.691406
vt 0.603516 0.292969
vt 0.494141 0.314453
vt 0.595703 0.292969
vt 0.671875 0.691406
vt 0.494141 0.292969
vt 0.597656 0.298828
vt 0.650391 0.554688
vt 0.494141 0.292969
vt 0.601562 0.298828
vt 0.671875 0.554688
vt 0.494141 0.314453
vt 0.597656 0.292969
vt 0.650391 0.548828
vt 0.496094 0.292969
vt 0.601562 0.292969
vt 0.671875 0.548828
vt 0.496094 0.314453
vt 0.476562 0.376953
vt 0.369141 0.408203
vt 0.587891 0.375000
vt 0.308594 0.412109
vt 0.486328 0.376953
vt 0.587891 0.365234
vt 0.476562 0.359375
vt 0.369141 0.390625
vt 0.605469 0.375000
vt 0.308594 0.394531
vt 0.486328 0.359375
vt 0.605469 0.365234
vt 0.326172 0.412109
vt 0.455078 0.375000
vt 0.605469 0.365234
vt 0.351562 0.408203
vt 0.464844 0.375000
vt 0.605469 0.375000
vt 0.326172 0.394531
vt 0.455078 0.357422
vt 0.623047 0.365234
vt 0.351562 0.390625
vt 0.464844 0.357422
vt 0.623047 0.375000
vt 0.562500 0.423828
vt 0.552734 0.306641
vt 0.599609 0.322266
vt 0.548828 0.306641
vt 0.599609 0.423828
vt 0.599609 0.285156
vt 0.562500 0.414062
vt 0.552734 0.296875
vt 0.019531 0.320312
vt 0.548828 0.296875
vt 0.599609 0.414062
vt 0.019531 0.283203
vt 0.550781 0.306641
vt 0.029297 0.421875
vt 0.601562 0.285156
vt 0.550781 0.306641
vt 0.066406 0.421875
vt 0.601562 0.322266
vt 0.550781 0.296875
vt 0.029297 0.412109
vt 0.021484 0.283203
vt 0.550781 0.296875
vt 0.066406 0.412109
vt 0.021484 0.320312
vt 0.537109 0.650391
vt 0.701172 0.691406
vt 0.472656 0.357422
vt 0.699219 0.714844
vt 0.605469 0.650391
vt 0.472656 0.289062
vt 0.537109 0.642578
vt 0.701172 0.683594
vt 0.212891 0.355469
vt 0.699219 0.707031
vt 0.605469 0.642578
vt 0.212891 0.287109
vt 0.701172 0.714844
vt 0.541016 0.785156
vt 0.474609 0.289062
vt 0.699219 0.691406
vt 0.609375 0.785156
vt 0.474609 0.357422
vt 0.701172 0.707031
vt 0.541016 0.777344
vt 0.214844 0.287109
vt 0.699219 0.683594
vt 0.609375 0.777344
vt 0.214844 0.355469
vt 0.464844 0.375000
vt 0.458984 0.408203
vt 0.626953 0.986328
vt 0.423828 0.408203
vt 0.474609 0.375000
vt 0.626953 0.976562
vt 0.464844 0.357422
vt 0.458984 0.390625
vt 0.140625 0.373047
vt 0.423828 0.390625
vt 0.474609 0.357422
vt 0.140625 0.363281
vt 0.441406 0.408203
vt 0.625000 0.390625
vt 0.644531 0.976562
vt 0.441406 0.408203
vt 0.634766 0.390625
vt 0.644531 0.986328
vt 0.441406 0.390625
vt 0.625000 0.373047
vt 0.158203 0.363281
vt 0.441406 0.390625
vt 0.634766 0.373047
vt 0.158203 0.373047
vt 0.519531 0.373047
vt 0.693359 0.523438
vt 0.691406 0.974609
vt 0.351562 0.308594
vt 0.533203 0.373047
vt 0.691406 0.960938
vt 0.519531 0.361328
vt 0.693359 0.511719
vt 0.029297 0.308594
vt 0.351562 0.296875
vt 0.533203 0.361328
vt 0.029297 0.294922
vt 0.353516 0.308594
vt 0.626953 0.476562
vt 0.693359 0.960938
vt 0.691406 0.523438
vt 0.640625 0.476562
vt 0.693359 0.974609
vt 0.353516 0.296875
vt 0.626953 0.464844
vt 0.031250 0.294922
vt 0.691406 0.511719
vt 0.640625 0.464844
vt 0.031250 0.308594
vt 0.509766 0.369141
vt 0.701172 0.507812
vt 0.552734 0.306641
vt 0.699219 0.646484
vt 0.519531 0.369141
vt 0.552734 0.296875
vt 0.509766 0.361328
vt 0.701172 0.500000
vt 0.554688 0.306641
vt 0.699219 0.638672
vt 0.519531 0.361328
vt 0.554688 0.296875
vt 0.701172 0.646484
vt 0.679688 0.970703
vt 0.554688 0.296875
vt 0.699219 0.507812
vt 0.689453 0.970703
vt 0.554688 0.306641
vt 0.701172 0.638672
vt 0.679688 0.962891
vt 0.556641 0.296875
vt 0.699219 0.500000
vt 0.689453 0.962891
vt 0.556641 0.306641
vt 0.214844 0.312500
vt 0.626953 0.507812
vt 0.687500 0.474609
vt 0.492188 0.386719
vt 0.216797 0.312500
vt 0.687500 0.472656
vt 0.214844 0.294922
vt 0.626953 0.490234
vt 0.687500 0.441406
vt 0.492188 0.369141
vt 0.216797 0.294922
vt 0.687500 0.439453
vt 0.505859 0.386719
vt 0.216797 0.312500
vt 0.701172 0.472656
vt 0.613281 0.507812
vt 0.218750 0.312500
vt 0.701172 0.474609
vt 0.505859 0.369141
vt 0.216797 0.294922
vt 0.701172 0.439453
vt 0.613281 0.490234
vt 0.218750 0.294922
vt 0.701172 0.441406
vt 0.533203 0.373047
vt 0.687500 0.484375
vt 0.140625 0.316406
vt 0.181641 0.441406
vt 0.546875 0.373047
vt 0.140625 0.302734
vt 0.533203 0.361328
vt 0.687500 0.472656
vt 0.144531 0.316406
vt 0.181641 0.429688
vt 0.546875 0.361328
vt 0.144531 0.302734
vt 0.185547 0.441406
vt 0.626953 0.464844
vt 0.144531 0.302734
vt 0.683594 0.484375
vt 0.640625 0.464844
vt 0.144531 0.316406
vt 0.185547 0.429688
vt 0.626953 0.453125
vt 0.148438 0.302734
vt 0.683594 0.472656
vt 0.640625 0.453125
vt 0.148438 0.316406
vt 0.330078 0.345703
vt 0.492188 0.376953
vt 0.308594 0.416016
vt 0.423828 0.416016
vt 0.333984 0.345703
vt 0.308594 0.412109
vt 0.330078 0.337891
vt 0.492188 0.369141
vt 0.320312 0.376953
vt 0.423828 0.408203
vt 0.333984 0.337891
vt 0.320312 0.373047
vt 0.429688 0.416016
vt 0.074219 0.337891
vt 0.314453 0.412109
vt 0.486328 0.376953
vt 0.078125 0.337891
vt 0.314453 0.416016
vt 0.429688 0.408203
vt 0.074219 0.330078
vt 0.326172 0.373047
vt 0.486328 0.369141
vt 0.078125 0.330078
vt 0.326172 0.376953
vt 0.685547 0.337891
vt 0.509766 0.355469
vt 0.660156 0.990234
vt 0.582031 0.373047
vt 0.689453 0.337891
vt 0.660156 0.986328
vt 0.685547 0.330078
vt 0.509766 0.347656
vt 0.691406 0.960938
vt 0.582031 0.365234
vt 0.689453 0.330078
vt 0.691406 0.957031
vt 0.587891 0.373047
vt 0.687500 0.941406
vt 0.666016 0.986328
vt 0.503906 0.355469
vt 0.691406 0.941406
vt 0.666016 0.990234
vt 0.587891 0.365234
vt 0.687500 0.933594
vt 0.697266 0.957031
vt 0.503906 0.347656
vt 0.691406 0.933594
vt 0.697266 0.960938
vt 0.513672 0.703125
vt 0.710938 0.525391
vt 0.148438 0.822266
vt 0.636719 0.767578
vt 0.580078 0.703125
vt 0.148438 0.755859
vt 0.513672 0.701172
vt 0.710938 0.523438
vt 0.000000 0.818359
vt 0.636719 0.765625
vt 0.580078 0.701172
vt 0.000000 0.751953
vt 0.710938 0.767578
vt 0.642578 0.396484
vt 0.222656 0.755859
vt 0.636719 0.525391
vt 0.708984 0.396484
vt 0.222656 0.822266
vt 0.710938 0.765625
vt 0.642578 0.394531
vt 0.074219 0.751953
vt 0.636719 0.523438
vt 0.708984 0.394531
vt 0.074219 0.818359
vt 0.644531 0.970703
vt 0.705078 0.318359
vt 0.128906 0.320312
vt 0.681641 0.296875
vt 0.679688 0.970703
vt 0.128906 0.285156
vt 0.644531 0.966797
vt 0.705078 0.314453
vt 0.130859 0.320312
vt 0.681641 0.292969
vt 0.679688 0.966797
vt 0.130859 0.285156
vt 0.683594 0.296875
vt 0.644531 0.966797
vt 0.130859 0.285156
vt 0.703125 0.318359
vt 0.679688 0.966797
vt 0.130859 0.320312
vt 0.683594 0.292969
vt 0.644531 0.962891
vt 0.132812 0.285156
vt 0.703125 0.314453
vt 0.679688 0.962891
vt 0.132812 0.320312
vt 0.580078 0.587891
vt 0.646484 0.519531
vt 0.224609 0.468750
vt 0.628906 0.423828
vt 0.615234 0.587891
vt 0.224609 0.433594
vt 0.580078 0.578125
vt 0.646484 0.509766
vt 0.240234 0.468750
vt 0.628906 0.414062
vt 0.615234 0.578125
vt 0.240234 0.433594
vt 0.644531 0.423828
vt 0.582031 1.000000
vt 0.240234 0.433594
vt 0.630859 0.519531
vt 0.617188 1.000000
vt 0.240234 0.468750
vt 0.644531 0.414062
vt 0.582031 0.990234
vt 0.255859 0.433594
vt 0.630859 0.509766
vt 0.617188 0.990234
vt 0.255859 0.468750
vt 0.039062 0.513672
vt 0.326172 0.394531
vt 0.021484 0.429688
vt 0.226562 0.394531
vt 0.042969 0.513672
vt 0.021484 0.425781
vt 0.039062 0.496094
vt 0.326172 0.376953
vt 0.250000 0.318359
vt 0.226562 0.376953
vt 0.042969 0.496094
vt 0.250000 0.314453
vt 0.242188 0.394531
vt 0.314453 0.449219
vt 0.037109 0.425781
vt 0.310547 0.394531
vt 0.318359 0.449219
vt 0.037109 0.429688
vt 0.242188 0.376953
vt 0.314453 0.431641
vt 0.265625 0.314453
vt 0.310547 0.376953
vt 0.318359 0.431641
vt 0.265625 0.318359
vt 0.677734 0.458984
vt 0.691406 0.296875
vt 0.496094 0.314453
vt 0.703125 0.314453
vt 0.699219 0.458984
vt 0.496094 0.292969
vt 0.677734 0.455078
vt 0.691406 0.292969
vt 0.609375 0.314453
vt 0.703125 0.310547
vt 0.699219 0.455078
vt 0.609375 0.292969
vt 0.705078 0.314453
vt 0.677734 0.455078
vt 0.498047 0.292969
vt 0.689453 0.296875
vt 0.699219 0.455078
vt 0.498047 0.314453
vt 0.705078 0.310547
vt 0.677734 0.451172
vt 0.611328 0.292969
vt 0.689453 0.292969
vt 0.699219 0.451172
vt 0.611328 0.314453
vt 0.677734 0.408203
vt 0.693359 0.296875
vt 0.611328 0.314453
vt 0.703125 0.310547
vt 0.699219 0.408203
vt 0.611328 0.292969
vt 0.677734 0.404297
vt 0.693359 0.292969
vt 0.613281 0.314453
vt 0.703125 0.306641
vt 0.699219 0.404297
vt 0.613281 0.292969
vt 0.705078 0.310547
vt 0.677734 0.404297
vt 0.613281 0.292969
vt 0.691406 0.296875
vt 0.699219 0.404297
vt 0.613281 0.314453
vt 0.705078 0.306641
vt 0.677734 0.400391
vt 0.615234 0.292969
vt 0.691406 0.292969
vt 0.699219 0.400391
vt 0.615234 0.314453
vt 0.101562 0.355469
vt 0.705078 0.306641
vt 0.167969 0.320312
vt 0.693359 0.296875
vt 0.136719 0.355469
vt 0.167969 0.285156
vt 0.101562 0.351562
vt 0.705078 0.302734
vt 0.169922 0.320312
vt 0.693359 0.292969
vt 0.136719 0.351562
vt 0.169922 0.285156
vt 0.695312 0.296875
vt 0.369141 0.355469
vt 0.169922 0.285156
vt 0.703125 0.306641
vt 0.404297 0.355469
vt 0.169922 0.320312
vt 0.695312 0.292969
vt 0.369141 0.351562
vt 0.171875 0.285156
vt 0.703125 0.302734
vt 0.404297 0.351562
vt 0.171875 0.320312
vt 0.396484 0.980469
vt 0.095703 0.468750
vt 0.410156 0.822266
vt 0.515625 0.875000
vt 0.431641 0.980469
vt 0.410156 0.787109
vt 0.396484 0.964844
vt 0.095703 0.453125
vt 0.308594 0.585938
vt 0.515625 0.859375
vt 0.431641 0.964844
vt 0.308594 0.550781
vt 0.554688 0.875000
vt 0.332031 0.468750
vt 0.449219 0.787109
vt 0.056641 0.468750
vt 0.367188 0.468750
vt 0.449219 0.822266
vt 0.554688 0.859375
vt 0.332031 0.453125
vt 0.347656 0.550781
vt 0.056641 0.453125
vt 0.367188 0.453125
vt 0.347656 0.585938
vt 0.443359 0.859375
vt 0.662109 0.798828
vt 0.074219 0.818359
vt 0.632812 0.867188
vt 0.607422 0.859375
vt 0.074219 0.654297
vt 0.443359 0.853516
vt 0.662109 0.792969
vt 0.099609 0.818359
vt 0.632812 0.861328
vt 0.607422 0.853516
vt 0.099609 0.654297
vt 0.658203 0.867188
vt 0.458984 0.636719
vt 0.099609 0.654297
vt 0.636719 0.798828
vt 0.623047 0.636719
vt 0.099609 0.818359
vt 0.658203 0.861328
vt 0.458984 0.630859
vt 0.125000 0.654297
vt 0.636719 0.792969
vt 0.623047 0.630859
vt 0.125000 0.818359
vt 0.187500 0.320312
vt 0.228516 0.312500
vt 0.695312 0.296875
vt 0.218750 0.312500
vt 0.191406 0.320312
vt 0.695312 0.292969
vt 0.187500 0.302734
vt 0.228516 0.294922
vt 0.703125 0.302734
vt 0.218750 0.294922
vt 0.191406 0.302734
vt 0.703125 0.298828
vt 0.220703 0.312500
vt 0.191406 0.320312
vt 0.697266 0.292969
vt 0.226562 0.312500
vt 0.195312 0.320312
vt 0.697266 0.296875
vt 0.220703 0.294922
vt 0.191406 0.302734
vt 0.705078 0.298828
vt 0.226562 0.294922
vt 0.195312 0.302734
vt 0.705078 0.302734
vt 0.246094 0.320312
vt 0.232422 0.312500
vt 0.703125 0.298828
vt 0.228516 0.312500
vt 0.250000 0.320312
vt 0.703125 0.294922
vt 0.246094 0.302734
vt 0.232422 0.294922
vt 0.000000 0.294922
vt 0.228516 0.294922
vt 0.250000 0.302734
vt 0.000000 0.291016
vt 0.230469 0.312500
vt 0.402344 0.320312
vt 0.705078 0.294922
vt 0.230469 0.312500
vt 0.406250 0.320312
vt 0.705078 0.298828
vt 0.230469 0.294922
vt 0.402344 0.302734
vt 0.001953 0.291016
vt 0.230469 0.294922
vt 0.406250 0.302734
vt 0.001953 0.294922
vt 0.587891 0.386719
vt 0.576172 0.933594
vt 0.537109 0.642578
vt 0.498047 0.945312
vt 0.593750 0.386719
vt 0.537109 0.636719
vt 0.587891 0.375000
vt 0.576172 0.921875
vt 0.552734 0.683594
vt 0.498047 0.933594
vt 0.593750 0.375000
vt 0.552734 0.677734
vt 0.576172 0.945312
vt 0.634766 0.734375
vt 0.615234 0.636719
vt 0.498047 0.933594
vt 0.640625 0.734375
vt 0.615234 0.642578
vt 0.576172 0.933594
vt 0.634766 0.722656
vt 0.630859 0.677734
vt 0.498047 0.921875
vt 0.640625 0.722656
vt 0.630859 0.683594
vt 0.263672 0.402344
vt 0.599609 0.792969
vt 0.458984 0.650391
vt 0.507812 0.691406
vt 0.277344 0.402344
vt 0.458984 0.636719
vt 0.263672 0.394531
vt 0.599609 0.785156
vt 0.468750 1.000000
vt 0.507812 0.683594
vt 0.277344 0.394531
vt 0.468750 0.986328
vt 0.585938 0.691406
vt 0.654297 0.824219
vt 0.537109 0.636719
vt 0.521484 0.792969
vt 0.667969 0.824219
vt 0.537109 0.650391
vt 0.585938 0.683594
vt 0.654297 0.816406
vt 0.546875 0.986328
vt 0.521484 0.785156
vt 0.667969 0.816406
vt 0.546875 1.000000
vt 0.691406 0.507812
vt 0.623047 0.957031
vt 0.681641 0.345703
vt 0.429688 0.666016
vt 0.693359 0.507812
vt 0.681641 0.343750
vt 0.691406 0.496094
vt 0.623047 0.945312
vt 0.681641 0.343750
vt 0.429688 0.654297
vt 0.693359 0.496094
vt 0.681641 0.341797
vt 0.455078 0.666016
vt 0.505859 0.308594
vt 0.707031 0.343750
vt 0.597656 0.957031
vt 0.507812 0.308594
vt 0.707031 0.345703
vt 0.455078 0.654297
vt 0.505859 0.296875
vt 0.707031 0.341797
vt 0.597656 0.945312
vt 0.507812 0.296875
vt 0.707031 0.343750
vt 0.162109 0.492188
vt 0.673828 0.945312
vt 0.498047 0.921875
vt 0.587891 0.738281
vt 0.173828 0.492188
vt 0.498047 0.910156
vt 0.162109 0.488281
vt 0.673828 0.941406
vt 0.503906 0.587891
vt 0.587891 0.734375
vt 0.173828 0.488281
vt 0.503906 0.576172
vt 0.664062 0.738281
vt 0.646484 0.949219
vt 0.574219 0.910156
vt 0.597656 0.945312
vt 0.658203 0.949219
vt 0.574219 0.921875
vt 0.664062 0.734375
vt 0.646484 0.945312
vt 0.580078 0.576172
vt 0.597656 0.941406
vt 0.658203 0.945312
vt 0.580078 0.587891
vt 0.195312 0.318359
vt 0.599609 0.894531
vt 0.667969 0.974609
vt 0.576172 0.937500
vt 0.199219 0.318359
vt 0.667969 0.970703
vt 0.195312 0.302734
vt 0.599609 0.878906
vt 0.667969 0.541016
vt 0.576172 0.921875
vt 0.199219 0.302734
vt 0.667969 0.537109
vt 0.599609 0.937500
vt 0.199219 0.318359
vt 0.691406 0.970703
vt 0.576172 0.894531
vt 0.203125 0.318359
vt 0.691406 0.974609
vt 0.599609 0.921875
vt 0.199219 0.302734
vt 0.691406 0.537109
vt 0.576172 0.878906
vt 0.203125 0.302734
vt 0.691406 0.541016
vt 0.050781 0.320312
vt 0.666016 0.416016
vt 0.632812 0.962891
vt 0.119141 0.441406
vt 0.060547 0.320312
vt 0.632812 0.953125
vt 0.050781 0.312500
vt 0.666016 0.408203
vt 0.636719 0.535156
vt 0.119141 0.433594
vt 0.060547 0.312500
vt 0.636719 0.525391
vt 0.134766 0.441406
vt 0.060547 0.320312
vt 0.648438 0.953125
vt 0.650391 0.416016
vt 0.070312 0.320312
vt 0.648438 0.962891
vt 0.134766 0.433594
vt 0.060547 0.312500
vt 0.652344 0.525391
vt 0.650391 0.408203
vt 0.070312 0.312500
vt 0.652344 0.535156
vt 0.406250 0.320312
vt 0.400391 0.394531
vt 0.279297 0.318359
vt 0.369141 0.394531
vt 0.410156 0.320312
vt 0.279297 0.314453
vt 0.406250 0.302734
vt 0.400391 0.376953
vt 0.681641 0.667969
vt 0.369141 0.376953
vt 0.410156 0.302734
vt 0.681641 0.664062
vt 0.384766 0.394531
vt 0.484375 0.320312
vt 0.294922 0.314453
vt 0.384766 0.394531
vt 0.488281 0.320312
vt 0.294922 0.318359
vt 0.384766 0.376953
vt 0.484375 0.302734
vt 0.697266 0.664062
vt 0.384766 0.376953
vt 0.488281 0.302734
vt 0.697266 0.667969
vt 0.582031 0.734375
vt 0.654297 0.923828
vt 0.400391 0.468750
vt 0.638672 1.000000
vt 0.617188 0.734375
vt 0.400391 0.433594
vt 0.582031 0.724609
vt 0.654297 0.914062
vt 0.416016 0.468750
vt 0.638672 0.990234
vt 0.617188 0.724609
vt 0.416016 0.433594
vt 0.654297 1.000000
vt 0.582031 0.724609
vt 0.416016 0.433594
vt 0.638672 0.923828
vt 0.617188 0.724609
vt 0.416016 0.468750
vt 0.654297 0.990234
vt 0.582031 0.714844
vt 0.431641 0.433594
vt 0.638672 0.914062
vt 0.617188 0.714844
vt 0.431641 0.468750
vt 0.232422 0.312500
vt 0.570312 0.386719
vt 0.689453 0.845703
vt 0.505859 0.386719
vt 0.234375 0.312500
vt 0.689453 0.843750
vt 0.232422 0.294922
vt 0.570312 0.369141
vt 0.689453 0.843750
vt 0.505859 0.369141
vt 0.234375 0.294922
vt 0.689453 0.841797
vt 0.519531 0.386719
vt 0.234375 0.312500
vt 0.703125 0.843750
vt 0.556641 0.386719
vt 0.236328 0.312500
vt 0.703125 0.845703
vt 0.519531 0.369141
vt 0.234375 0.294922
vt 0.703125 0.841797
vt 0.556641 0.369141
vt 0.236328 0.294922
vt 0.703125 0.843750
vt 0.669922 0.796875
vt 0.255859 0.576172
vt 0.552734 0.677734
vt 0.347656 0.585938
vt 0.675781 0.796875
vt 0.552734 0.671875
vt 0.669922 0.779297
vt 0.255859 0.558594
vt 0.552734 0.671875
vt 0.347656 0.568359
vt 0.675781 0.779297
vt 0.552734 0.666016
vt 0.425781 0.585938
vt 0.214844 0.330078
vt 0.630859 0.671875
vt 0.177734 0.576172
vt 0.220703 0.330078
vt 0.630859 0.677734
vt 0.425781 0.568359
vt 0.214844 0.312500
vt 0.630859 0.666016
vt 0.177734 0.558594
vt 0.220703 0.312500
vt 0.630859 0.671875
vt 0.310547 0.929688
vt 0.671875 0.710938
vt 0.507812 0.701172
vt 0.597656 0.714844
vt 0.320312 0.929688
vt 0.507812 0.691406
vt 0.310547 0.925781
vt 0.671875 0.707031
vt 0.513672 0.744141
vt 0.597656 0.710938
vt 0.320312 0.925781
vt 0.513672 0.734375
vt 0.671875 0.714844
vt 0.615234 0.449219
vt 0.582031 0.691406
vt 0.597656 0.710938
vt 0.625000 0.449219
vt 0.582031 0.701172
vt 0.671875 0.710938
vt 0.615234 0.445312
vt 0.587891 0.734375
vt 0.597656 0.707031
vt 0.625000 0.445312
vt 0.587891 0.744141
vt 0.488281 0.320312
vt 0.505859 0.962891
vt 0.597656 0.707031
vt 0.433594 0.980469
vt 0.492188 0.320312
vt 0.597656 0.703125
vt 0.488281 0.302734
vt 0.505859 0.945312
vt 0.599609 0.927734
vt 0.433594 0.962891
vt 0.492188 0.302734
vt 0.599609 0.923828
vt 0.505859 0.980469
vt 0.533203 0.320312
vt 0.669922 0.703125
vt 0.433594 0.962891
vt 0.537109 0.320312
vt 0.669922 0.707031
vt 0.505859 0.962891
vt 0.533203 0.302734
vt 0.671875 0.923828
vt 0.433594 0.945312
vt 0.537109 0.302734
vt 0.671875 0.927734
vt 0.505859 0.593750
vt 0.650391 0.414062
vt 0.363281 0.822266
vt 0.603516 0.554688
vt 0.548828 0.593750
vt 0.363281 0.779297
vt 0.505859 0.587891
vt 0.650391 0.408203
vt 0.310547 0.628906
vt 0.603516 0.548828
vt 0.548828 0.587891
vt 0.310547 0.585938
vt 0.650391 0.554688
vt 0.607422 0.861328
vt 0.410156 0.779297
vt 0.603516 0.414062
vt 0.650391 0.861328
vt 0.410156 0.822266
vt 0.650391 0.548828
vt 0.607422 0.855469
vt 0.357422 0.585938
vt 0.603516 0.408203
vt 0.650391 0.855469
vt 0.357422 0.628906
vt 0.498047 0.910156
vt 0.666016 0.742188
vt 0.425781 0.585938
vt 0.582031 0.990234
vt 0.515625 0.910156
vt 0.425781 0.568359
vt 0.498047 0.906250
vt 0.666016 0.738281
vt 0.429688 0.701172
vt 0.582031 0.986328
vt 0.515625 0.906250
vt 0.429688 0.683594
vt 0.660156 0.990234
vt 0.566406 0.320312
vt 0.503906 0.568359
vt 0.587891 0.742188
vt 0.583984 0.320312
vt 0.503906 0.585938
vt 0.660156 0.986328
vt 0.566406 0.316406
vt 0.507812 0.683594
vt 0.587891 0.738281
vt 0.583984 0.316406
vt 0.507812 0.701172
vt 0.472656 0.552734
vt 0.623047 0.810547
vt 0.068359 0.654297
vt 0.597656 0.912109
vt 0.554688 0.552734
vt 0.068359 0.572266
vt 0.472656 0.541016
vt 0.623047 0.798828
vt 0.093750 0.654297
vt 0.597656 0.900391
vt 0.554688 0.541016
vt 0.093750 0.572266
vt 0.623047 0.912109
vt 0.472656 0.541016
vt 0.093750 0.572266
vt 0.597656 0.810547
vt 0.554688 0.541016
vt 0.093750 0.654297
vt 0.623047 0.900391
vt 0.472656 0.529297
vt 0.119141 0.572266
vt 0.597656 0.798828
vt 0.554688 0.529297
vt 0.119141 0.654297
vt 0.644531 0.314453
vt 0.648438 0.314453
vt 0.705078 0.566406
vt 0.642578 0.314453
vt 0.646484 0.314453
vt 0.705078 0.564453
vt 0.644531 0.292969
vt 0.648438 0.292969
vt 0.705078 0.564453
vt 0.642578 0.292969
vt 0.646484 0.292969
vt 0.705078 0.562500
vt 0.644531 0.314453
vt 0.648438 0.314453
vt 0.707031 0.564453
vt 0.646484 0.314453
vt 0.650391 0.314453
vt 0.707031 0.566406
vt 0.644531 0.292969
vt 0.648438 0.292969
vt 0.707031 0.562500
vt 0.646484 0.292969
vt 0.650391 0.292969
vt 0.707031 0.564453
vt 0.703125 0.492188
vt 0.714844 0.683594
vt 0.599609 0.886719
vt 0.642578 0.812500
vt 0.707031 0.492188
vt 0.599609 0.882812
vt 0.703125 0.490234
vt 0.714844 0.681641
vt 0.599609 0.882812
vt 0.642578 0.810547
vt 0.707031 0.490234
vt 0.599609 0.878906
vt 0.714844 0.812500
vt 0.703125 0.414062
vt 0.671875 0.882812
vt 0.642578 0.683594
vt 0.707031 0.414062
vt 0.671875 0.886719
vt 0.714844 0.810547
vt 0.703125 0.412109
vt 0.671875 0.878906
vt 0.642578 0.681641
vt 0.707031 0.412109
vt 0.671875 0.882812
vt 0.705078 0.562500
vt 0.714844 0.433594
vt 0.669922 0.386719
vt 0.669922 0.847656
vt 0.707031 0.562500
vt 0.669922 0.384766
vt 0.705078 0.560547
vt 0.714844 0.431641
vt 0.669922 0.353516
vt 0.669922 0.845703
vt 0.707031 0.560547
vt 0.669922 0.351562
vt 0.714844 0.847656
vt 0.705078 0.560547
vt 0.714844 0.384766
vt 0.669922 0.433594
vt 0.707031 0.560547
vt 0.714844 0.386719
vt 0.714844 0.845703
vt 0.705078 0.558594
vt 0.714844 0.351562
vt 0.669922 0.431641
vt 0.707031 0.558594
vt 0.714844 0.353516
vt 0.572266 0.625000
vt 0.000000 1.000000
vt 0.000000 1.000000
vt 0.601562 0.625000
vt 0.000000 0.970703
vt 0.572266 0.611328
vt 0.000000 0.986328
vt 0.000000 1.000000
vt 0.000000 0.986328
vt 0.601562 0.611328
vt 0.000000 0.970703
vt 0.000000 1.000000
vt 0.572266 0.611328
vt 0.000000 0.970703
vt 0.601562 0.611328
vt 0.000000 1.000000
vt 0.000000 0.986328
vt 0.572266 0.597656
vt 0.000000 0.970703
vt 0.000000 0.986328
vt 0.601562 0.597656
vt 0.000000 1.000000
vt 0.390625 0.318359
vt 0.685547 0.367188
vt 0.390625 0.310547
vt 0.685547 0.363281
vt 0.398438 0.318359
vt 0.687500 0.792969
vt 0.691406 0.792969
vt 0.398438 0.310547
vt 0.687500 0.785156
vt 0.693359 0.363281
vt 0.691406 0.785156
vt 0.693359 0.367188
vt 0.650391 0.314453
vt 0.570312 0.464844
vt 0.683594 0.859375
vt 0.332031 0.453125
vt 0.652344 0.314453
vt 0.683594 0.857422
vt 0.650391 0.292969
vt 0.570312 0.443359
vt 0.683594 0.763672
vt 0.332031 0.431641
vt 0.652344 0.292969
vt 0.683594 0.761719
vt 0.355469 0.453125
vt 0.652344 0.314453
vt 0.707031 0.857422
vt 0.546875 0.464844
vt 0.654297 0.314453
vt 0.707031 0.859375
vt 0.355469 0.431641
vt 0.652344 0.292969
vt 0.707031 0.761719
vt 0.546875 0.443359
vt 0.654297 0.292969
vt 0.707031 0.763672
vt 0.652344 0.537109
vt 0.667969 0.599609
vt 0.431641 0.441406
vt 0.189453 0.355469
vt 0.671875 0.537109
vt 0.431641 0.421875
vt 0.652344 0.531250
vt 0.667969 0.593750
vt 0.466797 0.441406
vt 0.189453 0.349609
vt 0.671875 0.531250
vt 0.466797 0.421875
vt 0.212891 0.355469
vt 0.652344 0.531250
vt 0.455078 0.421875
vt 0.644531 0.599609
vt 0.671875 0.531250
vt 0.455078 0.441406
vt 0.212891 0.349609
vt 0.652344 0.525391
vt 0.490234 0.421875
vt 0.644531 0.593750
vt 0.671875 0.525391
vt 0.490234 0.441406
vt 0.636719 0.773438
vt 0.691406 0.599609
vt 0.435547 0.505859
vt 0.662109 0.773438
vt 0.435547 0.480469
vt 0.636719 0.767578
vt 0.691406 0.593750
vt 0.662109 0.767578
vt 0.441406 0.480469
vt 0.685547 0.599609
vt 0.441406 0.505859
vt 0.685547 0.593750
vt 0.429688 0.683594
vt 0.000000 1.000000
vt 0.000000 1.000000
vt 0.505859 0.683594
vt 0.000000 0.923828
vt 0.429688 0.666016
vt 0.000000 0.982422
vt 0.000000 1.000000
vt 0.000000 0.982422
vt 0.505859 0.666016
vt 0.000000 0.923828
vt 0.000000 1.000000
vt 0.429688 0.605469
vt 0.000000 0.923828
vt 0.505859 0.605469
vt 0.000000 1.000000
vt 0.000000 0.982422
vt 0.429688 0.587891
vt 0.000000 0.923828
vt 0.000000 0.982422
vt 0.505859 0.587891
vt 0.000000 1.000000
vt 0.062500 0.625000
vt 0.472656 0.357422
vt 0.306641 0.382812
vt 0.357422 0.357422
vt 0.068359 0.625000
vt 0.306641 0.376953
vt 0.062500 0.589844
vt 0.472656 0.322266
vt 0.250000 0.337891
vt 0.357422 0.322266
vt 0.068359 0.589844
vt 0.250000 0.332031
vt 0.361328 0.357422
vt 0.435547 0.541016
vt 0.310547 0.376953
vt 0.468750 0.357422
vt 0.441406 0.541016
vt 0.310547 0.382812
vt 0.361328 0.322266
vt 0.435547 0.505859
vt 0.253906 0.332031
vt 0.468750 0.322266
vt 0.441406 0.505859
vt 0.253906 0.337891
vt 0.705078 0.558594
vt 0.707031 0.355469
vt 0.703125 0.347656
vt 0.703125 0.373047
vt 0.707031 0.558594
vt 0.703125 0.345703
vt 0.705078 0.556641
vt 0.707031 0.353516
vt 0.703125 0.333984
vt 0.703125 0.371094
vt 0.707031 0.556641
vt 0.703125 0.332031
vt 0.707031 0.373047
vt 0.705078 0.556641
vt 0.707031 0.345703
vt 0.703125 0.355469
vt 0.707031 0.556641
vt 0.707031 0.347656
vt 0.707031 0.371094
vt 0.705078 0.554688
vt 0.707031 0.332031
vt 0.703125 0.353516
vt 0.707031 0.554688
vt 0.707031 0.333984
vt 0.568359 0.316406
vt 0.572266 0.316406
vt 0.449219 0.294922
vt 0.566406 0.316406
vt 0.570312 0.316406
vt 0.449219 0.292969
vt 0.568359 0.292969
vt 0.572266 0.292969
vt 0.451172 0.294922
vt 0.566406 0.292969
vt 0.570312 0.292969
vt 0.451172 0.292969
vt 0.568359 0.316406
vt 0.572266 0.316406
vt 0.451172 0.292969
vt 0.570312 0.316406
vt 0.574219 0.316406
vt 0.451172 0.294922
vt 0.568359 0.292969
vt 0.572266 0.292969
vt 0.453125 0.292969
vt 0.570312 0.292969
vt 0.574219 0.292969
vt 0.453125 0.294922
vt 0.576172 0.316406
vt 0.580078 0.316406
vt 0.705078 0.548828
vt 0.574219 0.316406
vt 0.578125 0.316406
vt 0.705078 0.546875
vt 0.576172 0.292969
vt 0.580078 0.292969
vt 0.453125 0.294922
vt 0.574219 0.292969
vt 0.578125 0.292969
vt 0.453125 0.292969
vt 0.576172 0.316406
vt 0.580078 0.316406
vt 0.707031 0.546875
vt 0.578125 0.316406
vt 0.582031 0.316406
vt 0.707031 0.548828
vt 0.576172 0.292969
vt 0.580078 0.292969
vt 0.455078 0.292969
vt 0.578125 0.292969
vt 0.582031 0.292969
vt 0.455078 0.294922
vt 0.615234 0.316406
vt 0.597656 0.714844
vt 0.623047 0.636719
vt 0.558594 0.810547
vt 0.619141 0.316406
vt 0.623047 0.632812
vt 0.615234 0.304688
vt 0.597656 0.703125
vt 0.626953 0.839844
vt 0.558594 0.798828
vt 0.619141 0.304688
vt 0.626953 0.835938
vt 0.597656 0.810547
vt 0.619141 0.316406
vt 0.662109 0.632812
vt 0.558594 0.714844
vt 0.623047 0.316406
vt 0.662109 0.636719
vt 0.597656 0.798828
vt 0.619141 0.304688
vt 0.666016 0.835938
vt 0.558594 0.703125
vt 0.623047 0.304688
vt 0.666016 0.839844
vt 0.705078 0.546875
vt 0.009766 0.294922
vt 0.705078 0.992188
vt 0.001953 0.294922
vt 0.707031 0.546875
vt 0.705078 0.990234
vt 0.705078 0.544922
vt 0.009766 0.292969
vt 0.705078 0.990234
vt 0.001953 0.292969
vt 0.707031 0.544922
vt 0.705078 0.988281
vt 0.005859 0.294922
vt 0.455078 0.294922
vt 0.708984 0.990234
vt 0.005859 0.294922
vt 0.457031 0.294922
vt 0.708984 0.992188
vt 0.005859 0.292969
vt 0.455078 0.292969
vt 0.708984 0.988281
vt 0.005859 0.292969
vt 0.457031 0.292969
vt 0.708984 0.990234
vt 0.701172 0.351562
vt 0.703125 0.337891
vt 0.705078 0.544922
vt 0.603516 0.298828
vt 0.703125 0.351562
vt 0.705078 0.542969
vt 0.701172 0.345703
vt 0.703125 0.332031
vt 0.457031 0.294922
vt 0.603516 0.292969
vt 0.703125 0.345703
vt 0.457031 0.292969
vt 0.605469 0.298828
vt 0.683594 0.298828
vt 0.707031 0.542969
vt 0.701172 0.337891
vt 0.685547 0.298828
vt 0.707031 0.544922
vt 0.605469 0.292969
vt 0.683594 0.292969
vt 0.458984 0.292969
vt 0.701172 0.332031
vt 0.685547 0.292969
vt 0.458984 0.294922
vt 0.705078 0.542969
vt 0.708984 0.980469
vt 0.705078 0.978516
vt 0.705078 0.982422
vt 0.707031 0.542969
vt 0.705078 0.976562
vt 0.705078 0.541016
vt 0.708984 0.978516
vt 0.705078 0.974609
vt 0.705078 0.980469
vt 0.707031 0.541016
vt 0.705078 0.972656
vt 0.708984 0.982422
vt 0.458984 0.294922
vt 0.708984 0.976562
vt 0.705078 0.980469
vt 0.460938 0.294922
vt 0.708984 0.978516
vt 0.708984 0.980469
vt 0.458984 0.292969
vt 0.708984 0.972656
vt 0.705078 0.978516
vt 0.460938 0.292969
vt 0.708984 0.974609
vt 0.466797 0.462891
vt 0.468750 0.759766
vt 0.572266 0.828125
vt 0.394531 0.779297
vt 0.472656 0.462891
vt 0.572266 0.822266
vt 0.466797 0.443359
vt 0.468750 0.740234
vt 0.572266 0.822266
vt 0.394531 0.759766
vt 0.472656 0.443359
vt 0.572266 0.816406
vt 0.468750 0.779297
vt 0.539062 0.347656
vt 0.646484 0.822266
vt 0.394531 0.759766
vt 0.544922 0.347656
vt 0.646484 0.828125
vt 0.468750 0.759766
vt 0.539062 0.328125
vt 0.646484 0.816406
vt 0.394531 0.740234
vt 0.544922 0.328125
vt 0.646484 0.822266
vt 0.273438 0.679688
vt 0.437500 0.851562
vt 0.564453 0.763672
vt 0.167969 0.644531
vt 0.279297 0.679688
vt 0.564453 0.757812
vt 0.273438 0.650391
vt 0.437500 0.822266
vt 0.572266 0.833984
vt 0.167969 0.615234
vt 0.279297 0.650391
vt 0.572266 0.828125
vt 0.242188 0.644531
vt 0.037109 0.476562
vt 0.638672 0.757812
vt 0.363281 0.851562
vt 0.042969 0.476562
vt 0.638672 0.763672
vt 0.242188 0.615234
vt 0.037109 0.447266
vt 0.646484 0.828125
vt 0.363281 0.822266
vt 0.042969 0.447266
vt 0.646484 0.833984
vt 0.683594 0.519531
vt 0.640625 0.585938
vt 0.640625 0.900391
vt 0.615234 0.644531
vt 0.689453 0.519531
vt 0.640625 0.894531
vt 0.683594 0.511719
vt 0.640625 0.578125
vt 0.640625 0.750000
vt 0.615234 0.636719
vt 0.689453 0.511719
vt 0.640625 0.744141
vt 0.640625 0.644531
vt 0.632812 0.316406
vt 0.666016 0.894531
vt 0.615234 0.585938
vt 0.638672 0.316406
vt 0.666016 0.900391
vt 0.640625 0.636719
vt 0.632812 0.308594
vt 0.666016 0.744141
vt 0.615234 0.578125
vt 0.638672 0.308594
vt 0.666016 0.750000
vt 0.669922 0.570312
vt 0.648438 0.441406
vt 0.263672 0.394531
vt 0.625000 0.449219
vt 0.681641 0.570312
vt 0.263672 0.382812
vt 0.669922 0.562500
vt 0.648438 0.433594
vt 0.287109 0.394531
vt 0.625000 0.441406
vt 0.681641 0.562500
vt 0.287109 0.382812
vt 0.648438 0.449219
vt 0.669922 0.562500
vt 0.287109 0.382812
vt 0.625000 0.441406
vt 0.681641 0.562500
vt 0.287109 0.394531
vt 0.648438 0.441406
vt 0.669922 0.554688
vt 0.310547 0.382812
vt 0.625000 0.433594
vt 0.681641 0.554688
vt 0.310547 0.394531
vt 0.669922 0.855469
vt 0.646484 0.953125
vt 0.080078 0.398438
vt 0.617188 0.722656
vt 0.681641 0.855469
vt 0.080078 0.386719
vt 0.669922 0.847656
vt 0.646484 0.945312
vt 0.601562 0.445312
vt 0.617188 0.714844
vt 0.681641 0.847656
vt 0.601562 0.433594
vt 0.640625 0.722656
vt 0.306641 0.330078
vt 0.103516 0.386719
vt 0.623047 0.953125
vt 0.318359 0.330078
vt 0.103516 0.398438
vt 0.640625 0.714844
vt 0.306641 0.322266
vt 0.625000 0.433594
vt 0.623047 0.945312
vt 0.318359 0.322266
vt 0.625000 0.445312
vt 0.320312 0.330078
vt 0.646484 0.810547
vt 0.603516 0.986328
vt 0.623047 0.878906
vt 0.332031 0.330078
vt 0.603516 0.974609
vt 0.320312 0.322266
vt 0.646484 0.802734
vt 0.056641 0.396484
vt 0.623047 0.871094
vt 0.332031 0.322266
vt 0.056641 0.384766
vt 0.646484 0.878906
vt 0.669922 0.669922
vt 0.626953 0.974609
vt 0.623047 0.810547
vt 0.681641 0.669922
vt 0.626953 0.986328
vt 0.646484 0.871094
vt 0.669922 0.662109
vt 0.080078 0.384766
vt 0.623047 0.802734
vt 0.681641 0.662109
vt 0.080078 0.396484
vt 0.341797 0.330078
vt 0.416016 0.376953
vt 0.603516 0.578125
vt 0.369141 0.376953
vt 0.353516 0.330078
vt 0.603516 0.566406
vt 0.341797 0.322266
vt 0.416016 0.369141
vt 0.603516 0.566406
vt 0.369141 0.369141
vt 0.353516 0.322266
vt 0.603516 0.554688
vt 0.392578 0.376953
vt 0.669922 0.578125
vt 0.626953 0.566406
vt 0.392578 0.376953
vt 0.681641 0.578125
vt 0.626953 0.578125
vt 0.392578 0.369141
vt 0.669922 0.570312
vt 0.626953 0.554688
vt 0.392578 0.369141
vt 0.681641 0.570312
vt 0.626953 0.566406
vt 0.630859 0.609375
vt 0.714844 0.580078
vt 0.148438 0.898438
vt 0.640625 0.582031
vt 0.707031 0.609375
vt 0.148438 0.822266
vt 0.630859 0.607422
vt 0.714844 0.578125
vt 0.167969 1.000000
vt 0.640625 0.580078
vt 0.707031 0.607422
vt 0.167969 0.923828
vt 0.714844 0.582031
vt 0.630859 0.607422
vt 0.222656 0.822266
vt 0.640625 0.580078
vt 0.707031 0.607422
vt 0.222656 0.898438
vt 0.714844 0.580078
vt 0.630859 0.605469
vt 0.242188 0.923828
vt 0.640625 0.578125
vt 0.707031 0.605469
vt 0.242188 1.000000
vt 0.527344 0.406250
vt 0.511719 0.482422
vt 0.515625 0.892578
vt 0.544922 0.406250
vt 0.511719 0.464844
vt 0.527344 0.388672
vt 0.511719 0.464844
vt 0.433594 0.480469
vt 0.515625 0.875000
vt 0.544922 0.388672
vt 0.433594 0.462891
vt 0.554688 0.892578
vt 0.544922 0.406250
vt 0.550781 0.464844
vt 0.472656 0.482422
vt 0.562500 0.406250
vt 0.550781 0.482422
vt 0.554688 0.875000
vt 0.544922 0.388672
vt 0.472656 0.462891
vt 0.472656 0.464844
vt 0.562500 0.388672
vt 0.472656 0.480469
s 1
usemtl Material.001
f 4/9/1 7/18/1 5/12/1 2/3/1
f 3/6/2 4/10/2 2/4/2 1/1/2
f 8/21/3 3/7/3 1/2/3 6/15/3
f 7/19/4 8/22/4 6/16/4 5/13/4
f 6/17/5 1/2/5 2/5/5 5/14/5
f 7/20/6 4/11/6 3/8/6 8/23/6
f 12/33/1 15/42/1 13/36/1 10/27/1
f 11/30/2 12/34/2 10/28/2 9/24/2
f 16/45/3 11/31/3 9/25/3 14/39/3
f 15/43/4 16/46/4 14/40/4 13/37/4
f 14/41/5 9/26/5 10/29/5 13/38/5
f 15/44/6 12/35/6 11/32/6 16/47/6
f 20/57/1 23/66/1 21/60/1 18/51/1
f 19/54/7 20/58/7 18/52/7 17/48/7
f 24/69/3 19/55/3 17/49/3 22/63/3
f 23/67/8 24/70/8 22/64/8 21/61/8
f 22/65/9 17/50/9 18/53/9 21/62/9
f 23/68/10 20/59/10 19/56/10 24/71/10
f 28/81/1 31/90/1 29/84/1 26/75/1
f 27/78/7 28/82/7 26/76/7 25/72/7
f 32/93/3 27/79/3 25/73/3 30/87/3
f 31/91/8 32/94/8 30/88/8 29/85/8
f 30/89/9 25/74/9 26/77/9 29/86/9
f 31/92/11 28/83/11 27/80/11 32/95/11
f 36/105/1 39/114/1 37/108/1 34/99/1
f 35/102/7 36/106/7 34/100/7 33/96/7
f 40/117/3 35/103/3 33/97/3 38/111/3
f 39/115/8 40/118/8 38/112/8 37/109/8
f 38/113/9 33/98/9 34/101/9 37/110/9
f 39/116/10 36/107/10 35/104/10 40/119/10
f 44/129/1 47/138/1 45/132/1 42/123/1
f 43/126/7 44/130/7 42/124/7 41/120/7
f 48/141/3 43/127/3 41/121/3 46/135/3
f 47/139/8 48/142/8 46/136/8 45/133/8
f 46/137/9 41/122/9 42/125/9 45/134/9
f 47/140/10 44/131/10 43/128/10 48/143/10
f 52/153/1 55/162/1 53/156/1 50/147/1
f 51/150/7 52/154/7 50/148/7 49/144/7
f 56/165/3 51/151/3 49/145/3 54/159/3
f 55/163/8 56/166/8 54/160/8 53/157/8
f 54/161/9 49/146/9 50/149/9 53/158/9
f 55/164/10 52/155/10 51/152/10 56/167/10
f 60/177/12 63/186/12 61/180/12 58/171/12
f 59/174/7 60/178/7 58/172/7 57/168/7
f 64/189/13 59/175/13 57/169/13 62/183/13
f 63/187/8 64/190/8 62/184/8 61/181/8
f 62/185/14 57/170/14 58/173/14 61/182/14
f 63/188/15 60/179/15 59/176/15 64/191/15
f 68/201/1 71/210/1 69/204/1 66/195/1
f 67/198/7 68/202/7 66/196/7 65/192/7
f 72/213/3 67/199/3 65/193/3 70/207/3
f 71/211/16 72/214/16 70/208/16 69/205/16
f 70/209/9 65/194/9 66/197/9 69/206/9
f 71/212/10 68/203/10 67/200/10 72/215/10
f 76/225/1 79/234/1 77/228/1 74/219/1
f 75/222/2 76/226/2 74/220/2 73/216/2
f 80/237/3 75/223/3 73/217/3 78/231/3
f 79/235/4 80/238/4 78/232/4 77/229/4
f 78/233/5 73/218/5 74/221/5 77/230/5
f 79/236/6 76/227/6 75/224/6 80/239/6
f 84/249/1 87/258/1 85/252/1 82/243/1
f 83/246/7 84/250/7 82/244/7 81/240/7
f 88/261/3 83/247/3 81/241/3 86/255/3
f 87/259/8 88/262/8 86/256/8 85/253/8
f 86/257/9 81/242/9 82/245/9 85/254/9
f 87/260/10 84/251/10 83/248/10 88/263/10
f 92/273/1 95/281/1 93/276/1 90/267/1
f 91/270/2 92/274/2 90/268/2 89/264/2
f 96/283/3 91/271/3 89/265/3 94/278/3
f 95/281/4 96/284/4 94/279/4 93/276/4
f 94/280/5 89/266/5 90/269/5 93/277/5
f 95/282/6 92/275/6 91/272/6 96/285/6
f 100/295/1 103/304/1 101/298/1 98/289/1
f 99/292/7 100/296/7 98/290/7 97/286/7
f 104/307/3 99/293/3 97/287/3 102/301/3
f 103/305/8 104/308/8 102/302/8 101/299/8
f 102/303/17 97/288/17 98/291/17 101/300/17
f 103/306/10 100/297/10 99/294/10 104/309/10
f 108/319/1 111/328/1 109/322/1 106/313/1
f 107/316/2 108/320/2 106/314/2 105/310/2
f 112/331/3 107/317/3 105/311/3 110/325/3
f 111/329/4 112/332/4 110/326/4 109/323/4
f 110/327/5 105/312/5 106/315/5 109/324/5
f 111/330/6 108/321/6 107/318/6 112/333/6
f 116/343/1 119/352/1 117/346/1 114/337/1
f 115/340/2 116/344/2 114/338/2 113/334/2
f 120/355/3 115/341/3 113/335/3 118/349/3
f 119/353/4 120/356/4 118/350/4 117/347/4
f 118/351/5 113/336/5 114/339/5 117/348/5
f 119/354/6 116/345/6 115/342/6 120/357/6
f 124/367/1 127/376/1 125/370/1 122/361/1
f 123/364/2 124/368/2 122/362/2 121/358/2
f 128/379/3 123/365/3 121/359/3 126/373/3
f 127/377/4 128/380/4 126/374/4 125/371/4
f 126/375/5 121/360/5 122/363/5 125/372/5
f 127/378/6 124/369/6 123/366/6 128/381/6
f 132/391/1 135/399/1 133/394/1 130/385/1
f 131/388/2 132/392/2 130/386/2 129/382/2
f 136/402/3 131/389/3 129/383/3 134/398/3
f 135/400/4 136/403/4 134/397/4 133/395/4
f 134/398/5 129/384/5 130/387/5 133/396/5
f 135/401/6 132/393/6 131/390/6 136/404/6
f 140/414/1 143/423/1 141/417/1 138/408/1
f 139/411/2 140/415/2 138/409/2 137/405/2
f 144/426/3 139/412/3 137/406/3 142/420/3
f 143/424/4 144/427/4 142/421/4 141/418/4
f 142/422/5 137/407/5 138/410/5 141/419/5
f 143/425/6 140/416/6 139/413/6 144/428/6
f 148/438/1 151/447/1 149/441/1 146/432/1
f 147/435/18 148/439/18 146/433/18 145/429/18
f 152/450/3 147/436/3 145/430/3 150/444/3
f 151/448/19 152/451/19 150/445/19 149/442/19
f 150/446/20 145/431/20 146/434/20 149/443/20
f 151/449/21 148/440/21 147/437/21 152/452/21
f 156/462/1 159/471/1 157/465/1 154/456/1
f 155/459/18 156/463/18 154/457/18 153/453/18
f 160/474/3 155/460/3 153/454/3 158/468/3
f 159/472/19 160/475/19 158/469/19 157/466/19
f 158/470/20 153/455/20 154/458/20 157/467/20
f 159/473/22 156/464/22 155/461/22 160/476/22
f 164/486/1 167/495/1 165/489/1 162/480/1
f 163/483/18 164/487/18 162/481/18 161/477/18
f 168/498/3 163/484/3 161/478/3 166/492/3
f 167/496/19 168/499/19 166/493/19 165/490/19
f 166/494/20 161/479/20 162/482/20 165/491/20
f 167/497/21 164/488/21 163/485/21 168/500/21
f 172/510/1 175/519/1 173/513/1 170/504/1
f 171/507/18 172/511/18 170/505/18 169/501/18
f 176/522/3 171/508/3 169/502/3 174/516/3
f 175/520/19 176/523/19 174/517/19 173/514/19
f 174/518/20 169/503/20 170/506/20 173/515/20
f 175/521/21 172/512/21 171/509/21 176/524/21
f 180/534/1 183/543/1 181/537/1 178/528/1
f 179/531/18 180/535/18 178/529/18 177/525/18
f 184/546/3 179/532/3 177/526/3 182/540/3
f 183/544/19 184/547/19 182/541/19 181/538/19
f 182/542/20 177/527/20 178/530/20 181/539/20
f 183/545/21 180/536/21 179/533/21 184/548/21
f 188/558/23 191/567/23 189/561/23 186/552/23
f 187/555/18 188/559/18 186/553/18 185/549/18
f 192/570/24 187/556/24 185/550/24 190/564/24
f 191/568/19 192/571/19 190/565/19 189/562/19
f 190/566/25 185/551/25 186/554/25 189/563/25
f 191/569/26 188/560/26 187/557/26 192/572/26
f 196/582/1 199/591/1 197/585/1 194/576/1
f 195/579/27 196/583/27 194/577/27 193/573/27
f 200/594/3 195/580/3 193/574/3 198/588/3
f 199/592/19 200/595/19 198/589/19 197/586/19
f 198/590/20 193/575/20 194/578/20 197/587/20
f 199/593/21 196/584/21 195/581/21 200/596/21
f 204/606/1 207/615/1 205/609/1 202/600/1
f 203/603/2 204/607/2 202/601/2 201/597/2
f 208/618/3 203/604/3 201/598/3 206/612/3
f 207/616/4 208/619/4 206/613/4 205/610/4
f 206/614/5 201/599/5 202/602/5 205/611/5
f 207/617/6 204/608/6 203/605/6 208/620/6
f 212/630/1 215/639/1 213/633/1 210/624/1
f 211/627/18 212/631/18 210/625/18 209/621/18
f 216/642/3 211/628/3 209/622/3 214/636/3
f 215/640/19 216/643/19 214/637/19 213/634/19
f 214/638/20 209/623/20 210/626/20 213/635/20
f 215/641/21 212/632/21 211/629/21 216/644/21
f 220/653/1 223/661/1 221/655/1 218/648/1
f 219/650/2 220/653/2 218/648/2 217/645/2
f 224/664/3 219/651/3 217/646/3 222/658/3
f 223/662/4 224/665/4 222/659/4 221/656/4
f 222/660/5 217/647/5 218/649/5 221/657/5
f 223/663/6 220/654/6 219/652/6 224/666/6
f 228/676/1 231/685/1 229/679/1 226/670/1
f 227/673/18 228/677/18 226/671/18 225/667/18
f 232/688/3 227/674/3 225/668/3 230/682/3
f 231/686/19 232/689/19 230/683/19 229/680/19
f 230/684/28 225/669/28 226/672/28 229/681/28
f 231/687/21 228/678/21 227/675/21 232/690/21
f 236/700/1 239/709/1 237/703/1 234/694/1
f 235/697/2 236/701/2 234/695/2 233/691/2
f 240/712/3 235/698/3 233/692/3 238/706/3
f 239/710/4 240/713/4 238/707/4 237/704/4
f 238/708/5 233/693/5 234/696/5 237/705/5
f 239/711/6 236/702/6 235/699/6 240/714/6
f 244/724/1 247/733/1 245/727/1 242/718/1
f 243/721/2 244/725/2 242/719/2 241/715/2
f 248/736/3 243/722/3 241/716/3 246/730/3
f 247/734/4 248/737/4 246/731/4 245/728/4
f 246/732/5 241/717/5 242/720/5 245/729/5
f 247/735/6 244/726/6 243/723/6 248/738/6
f 252/748/1 255/757/1 253/751/1 250/742/1
f 251/745/2 252/749/2 250/743/2 249/739/2
f 256/760/3 251/746/3 249/740/3 254/754/3
f 255/758/4 256/761/4 254/755/4 253/752/4
f 254/756/5 249/741/5 250/744/5 253/753/5
f 255/759/6 252/750/6 251/747/6 256/762/6
f 260/772/1 263/781/1 261/775/1 258/766/1
f 259/769/2 260/773/2 258/767/2 257/763/2
f 264/784/3 259/770/3 257/764/3 262/778/3
f 263/782/4 264/785/4 262/779/4 261/776/4
f 262/780/5 257/765/5 258/768/5 261/777/5
f 263/783/6 260/774/6 259/771/6 264/786/6
f 268/796/1 271/805/1 269/799/1 266/790/1
f 267/793/29 268/797/29 266/791/29 265/787/29
f 272/808/3 267/794/3 265/788/3 270/802/3
f 271/806/30 272/809/30 270/803/30 269/800/30
f 270/804/31 265/789/31 266/792/31 269/801/31
f 271/807/32 268/798/32 267/795/32 272/810/32
f 276/820/1 279/829/1 277/823/1 274/814/1
f 275/817/2 276/821/2 274/815/2 273/811/2
f 280/832/3 275/818/3 273/812/3 278/826/3
f 279/830/4 280/833/4 278/827/4 277/824/4
f 278/828/5 273/813/5 274/816/5 277/825/5
f 279/831/6 276/822/6 275/819/6 280/834/6
f 284/844/1 287/853/1 285/847/1 282/838/1
f 283/841/33 284/845/33 282/839/33 281/835/33
f 288/856/3 283/842/3 281/836/3 286/850/3
f 287/854/34 288/857/34 286/851/34 285/848/34
f 286/852/35 281/837/35 282/840/35 285/849/35
f 287/855/36 284/846/36 283/843/36 288/858/36
f 292/868/1 295/877/1 293/871/1 290/862/1
f 291/865/18 292/869/18 290/863/18 289/859/18
f 296/880/3 291/866/3 289/860/3 294/874/3
f 295/878/19 296/881/19 294/875/19 293/872/19
f 294/876/20 289/861/20 290/864/20 293/873/20
f 295/879/21 292/870/21 291/867/21 296/882/21
f 300/892/1 303/901/1 301/895/1 298/886/1
f 299/889/37 300/893/37 298/887/37 297/883/37
f 304/904/3 299/890/3 297/884/3 302/898/3
f 303/902/38 304/905/38 302/899/38 301/896/38
f 302/900/39 297/885/39 298/888/39 301/897/39
f 303/903/40 300/894/40 299/891/40 304/906/40
f 308/916/1 311/925/1 309/919/1 306/910/1
f 307/913/7 308/917/7 306/911/7 305/907/7
f 312/928/3 307/914/3 305/908/3 310/922/3
f 311/926/8 312/929/8 310/923/8 309/920/8
f 310/924/17 305/909/17 306/912/17 309/921/17
f 311/927/11 308/918/11 307/915/11 312/930/11
f 316/940/1 319/949/1 317/943/1 314/934/1
f 315/937/2 316/941/2 314/935/2 313/931/2
f 320/952/3 315/938/3 313/932/3 318/946/3
f 319/950/4 320/953/4 318/947/4 317/944/4
f 318/948/5 313/933/5 314/936/5 317/945/5
f 319/951/6 316/942/6 315/939/6 320/954/6
f 324/964/1 327/973/1 325/967/1 322/958/1
f 323/961/2 324/965/2 322/959/2 321/955/2
f 328/976/3 323/962/3 321/956/3 326/970/3
f 327/974/4 328/977/4 326/971/4 325/968/4
f 326/972/5 321/957/5 322/960/5 325/969/5
f 327/975/6 324/966/6 323/963/6 328/978/6
f 332/988/41 335/997/41 333/991/41 330/982/41
f 331/985/2 332/989/2 330/983/2 329/979/2
f 336/1000/42 331/986/42 329/980/42 334/994/42
f 335/998/4 336/1001/4 334/995/4 333/992/4
f 334/996/43 329/981/43 330/984/43 333/993/43
f 335/999/44 332/990/44 331/987/44 336/1002/44
f 340/1012/1 343/1021/1 341/1015/1 338/1006/1
f 339/1009/2 340/1013/2 338/1007/2 337/1003/2
f 344/1024/3 339/1010/3 337/1004/3 342/1018/3
f 343/1022/4 344/1025/4 342/1019/4 341/1016/4
f 342/1020/5 337/1005/5 338/1008/5 341/1017/5
f 343/1023/6 340/1014/6 339/1011/6 344/1026/6
f 348/1036/45 351/1045/45 349/1039/45 346/1030/45
f 347/1033/2 348/1037/2 346/1031/2 345/1027/2
f 352/1048/46 347/1034/46 345/1028/46 350/1042/46
f 351/1046/4 352/1049/4 350/1043/4 349/1040/4
f 350/1044/47 345/1029/47 346/1032/47 349/1041/47
f 351/1047/48 348/1038/48 347/1035/48 352/1050/48
f 356/1060/49 359/1069/49 357/1063/49 354/1054/49
f 355/1057/2 356/1061/2 354/1055/2 353/1051/2
f 360/1072/50 355/1058/50 353/1052/50 358/1066/50
f 359/1070/4 360/1073/4 358/1067/4 357/1064/4
f 358/1068/51 353/1053/51 354/1056/51 357/1065/51
f 359/1071/52 356/1062/52 355/1059/52 360/1074/52
f 364/1084/49 367/1093/49 365/1087/49 362/1078/49
f 363/1081/2 364/1085/2 362/1079/2 361/1075/2
f 368/1096/50 363/1082/50 361/1076/50 366/1090/50
f 367/1094/4 368/1097/4 366/1091/4 365/1088/4
f 366/1092/51 361/1077/51 362/1080/51 365/1089/51
f 367/1095/52 364/1086/52 363/1083/52 368/1098/52
f 372/1108/1 375/1117/1 373/1111/1 370/1102/1
f 371/1105/2 372/1109/2 370/1103/2 369/1099/2
f 376/1120/3 371/1106/3 369/1100/3 374/1114/3
f 375/1118/4 376/1121/4 374/1115/4 373/1112/4
f 374/1116/5 369/1101/5 370/1104/5 373/1113/5
f 375/1119/6 372/1110/6 371/1107/6 376/1122/6
f 380/1132/1 383/1141/1 381/1135/1 378/1126/1
f 379/1129/2 380/1133/2 378/1127/2 377/1123/2
f 384/1144/3 379/1130/3 377/1124/3 382/1138/3
f 383/1142/4 384/1145/4 382/1139/4 381/1136/4
f 382/1140/5 377/1125/5 378/1128/5 381/1137/5
f 383/1143/6 380/1134/6 379/1131/6 384/1146/6
f 388/1156/1 391/1165/1 389/1159/1 386/1150/1
f 387/1153/2 388/1157/2 386/1151/2 385/1147/2
f 392/1168/3 387/1154/3 385/1148/3 390/1162/3
f 391/1166/4 392/1169/4 390/1163/4 389/1160/4
f 390/1164/5 385/1149/5 386/1152/5 389/1161/5
f 391/1167/6 388/1158/6 387/1155/6 392/1170/6
f 396/1180/1 399/1189/1 397/1183/1 394/1174/1
f 395/1177/2 396/1181/2 394/1175/2 393/1171/2
f 400/1192/3 395/1178/3 393/1172/3 398/1186/3
f 399/1190/4 400/1193/4 398/1187/4 397/1184/4
f 398/1188/5 393/1173/5 394/1176/5 397/1185/5
f 399/1191/6 396/1182/6 395/1179/6 400/1194/6
f 404/1204/1 407/1213/1 405/1207/1 402/1198/1
f 403/1201/2 404/1205/2 402/1199/2 401/1195/2
f 408/1216/3 403/1202/3 401/1196/3 406/1210/3
f 407/1214/4 408/1217/4 406/1211/4 405/1208/4
f 406/1212/5 401/1197/5 402/1200/5 405/1209/5
f 407/1215/6 404/1206/6 403/1203/6 408/1218/6
f 412/1228/1 415/1237/1 413/1231/1 410/1222/1
f 411/1225/2 412/1229/2 410/1223/2 409/1219/2
f 416/1240/3 411/1226/3 409/1220/3 414/1234/3
f 415/1238/4 416/1241/4 414/1235/4 413/1232/4
f 414/1236/5 409/1221/5 410/1224/5 413/1233/5
f 415/1239/6 412/1230/6 411/1227/6 416/1242/6
f 420/1252/1 423/1261/1 421/1255/1 418/1246/1
f 419/1249/2 420/1253/2 418/1247/2 417/1243/2
f 424/1264/3 419/1250/3 417/1244/3 422/1258/3
f 423/1262/4 424/1265/4 422/1259/4 421/1256/4
f 422/1260/5 417/1245/5 418/1248/5 421/1257/5
f 423/1263/6 420/1254/6 419/1251/6 424/1266/6
f 428/1276/1 431/1285/1 429/1279/1 426/1270/1
f 427/1273/2 428/1277/2 426/1271/2 425/1267/2
f 432/1288/3 427/1274/3 425/1268/3 430/1282/3
f 431/1286/4 432/1289/4 430/1283/4 429/1280/4
f 430/1284/5 425/1269/5 426/1272/5 429/1281/5
f 431/1287/6 428/1278/6 427/1275/6 432/1290/6
f 436/1301/1 439/1307/1 437/1302/1 434/1294/1
f 435/1297/2 436/1300/2 434/1295/2 433/1291/2
f 440/1308/3 435/1298/3 433/1292/3 438/1304/3
f 439/1307/4 440/1309/4 438/1305/4 437/1302/4
f 438/1306/5 433/1293/5 434/1296/5 437/1303/5
f 439/1307/6 436/1301/6 435/1299/6 440/1309/6
f 444/1317/1 447/1325/1 445/1318/1 442/1313/1
f 443/1316/2 444/1317/2 442/1313/2 441/1310/2
f 448/1326/3 443/1315/3 441/1311/3 446/1321/3
f 447/1324/4 448/1327/4 446/1322/4 445/1319/4
f 446/1323/5 441/1312/5 442/1314/5 445/1320/5
f 447/1325/6 444/1317/6 443/1316/6 448/1328/6
f 452/1338/1 455/1347/1 453/1341/1 450/1332/1
f 451/1335/2 452/1339/2 450/1333/2 449/1329/2
f 456/1350/3 451/1336/3 449/1330/3 454/1344/3
f 455/1348/4 456/1351/4 454/1345/4 453/1342/4
f 454/1346/5 449/1331/5 450/1334/5 453/1343/5
f 455/1349/6 452/1340/6 451/1337/6 456/1352/6
f 460/1362/1 463/1371/1 461/1365/1 458/1356/1
f 459/1359/2 460/1363/2 458/1357/2 457/1353/2
f 464/1374/3 459/1360/3 457/1354/3 462/1368/3
f 463/1372/4 464/1375/4 462/1369/4 461/1366/4
f 462/1370/5 457/1355/5 458/1358/5 461/1367/5
f 463/1373/6 460/1364/6 459/1361/6 464/1376/6
f 468/1386/1 471/1395/1 469/1389/1 466/1380/1
f 467/1383/2 468/1387/2 466/1381/2 465/1377/2
f 472/1398/3 467/1384/3 465/1378/3 470/1392/3
f 471/1396/4 472/1399/4 470/1393/4 469/1390/4
f 470/1394/5 465/1379/5 466/1382/5 469/1391/5
f 471/1397/6 468/1388/6 467/1385/6 472/1400/6
f 476/1410/53 479/1419/53 477/1413/53 474/1404/53
f 475/1407/2 476/1411/2 474/1405/2 473/1401/2
f 480/1422/54 475/1408/54 473/1402/54 478/1416/54
f 479/1420/4 480/1423/4 478/1417/4 477/1414/4
f 478/1418/55 473/1403/55 474/1406/55 477/1415/55
f 479/1421/56 476/1412/56 475/1409/56 480/1424/56
f 484/1434/1 487/1443/1 485/1437/1 482/1428/1
f 483/1431/2 484/1435/2 482/1429/2 481/1425/2
f 488/1446/3 483/1432/3 481/1426/3 486/1440/3
f 487/1444/4 488/1447/4 486/1441/4 485/1438/4
f 486/1442/5 481/1427/5 482/1430/5 485/1439/5
f 487/1445/6 484/1436/6 483/1433/6 488/1448/6
f 492/1458/53 495/1467/53 493/1461/53 490/1452/53
f 491/1455/2 492/1459/2 490/1453/2 489/1449/2
f 496/1470/54 491/1456/54 489/1450/54 494/1464/54
f 495/1468/4 496/1471/4 494/1465/4 493/1462/4
f 494/1466/55 489/1451/55 490/1454/55 493/1463/55
f 495/1469/56 492/1460/56 491/1457/56 496/1472/56
f 500/1482/1 503/1491/1 501/1485/1 498/1476/1
f 499/1479/2 500/1483/2 498/1477/2 497/1473/2
f 504/1494/3 499/1480/3 497/1474/3 502/1488/3
f 503/1492/4 504/1495/4 502/1489/4 501/1486/4
f 502/1490/5 497/1475/5 498/1478/5 501/1487/5
f 503/1493/6 500/1484/6 499/1481/6 504/1496/6
f 508/1506/1 511/1515/1 509/1509/1 506/1500/1
f 507/1503/2 508/1507/2 506/1501/2 505/1497/2
f 512/1518/3 507/1504/3 505/1498/3 510/1512/3
f 511/1516/4 512/1519/4 510/1513/4 509/1510/4
f 510/1514/5 505/1499/5 506/1502/5 509/1511/5
f 511/1517/6 508/1508/6 507/1505/6 512/1520/6
f 516/1530/1 519/1539/1 517/1533/1 514/1524/1
f 515/1527/2 516/1531/2 514/1525/2 513/1521/2
f 520/1542/3 515/1528/3 513/1522/3 518/1536/3
f 519/1540/4 520/1543/4 518/1537/4 517/1534/4
f 518/1538/5 513/1523/5 514/1526/5 517/1535/5
f 519/1541/6 516/1532/6 515/1529/6 520/1544/6
f 524/1554/1 527/1563/1 525/1557/1 522/1548/1
f 523/1551/2 524/1555/2 522/1549/2 521/1545/2
f 528/1566/3 523/1552/3 521/1546/3 526/1560/3
f 527/1564/4 528/1567/4 526/1561/4 525/1558/4
f 526/1562/5 521/1547/5 522/1550/5 525/1559/5
f 527/1565/6 524/1556/6 523/1553/6 528/1568/6
f 532/1578/57 535/1587/57 533/1581/57 530/1572/57
f 531/1575/2 532/1579/2 530/1573/2 529/1569/2
f 536/1590/58 531/1576/58 529/1570/58 534/1584/58
f 535/1588/4 536/1591/4 534/1585/4 533/1582/4
f 534/1586/59 529/1571/59 530/1574/59 533/1583/59
f 535/1589/60 532/1580/60 531/1577/60 536/1592/60
f 540/1602/61 543/1611/61 541/1605/61 538/1596/61
f 539/1599/2 540/1603/2 538/1597/2 537/1593/2
f 544/1614/62 539/1600/62 537/1594/62 542/1608/62
f 543/1612/4 544/1615/4 542/1609/4 541/1606/4
f 542/1610/63 537/1595/63 538/1598/63 541/1607/63
f 543/1613/64 540/1604/64 539/1601/64 544/1616/64
f 548/1626/65 551/1635/65 549/1629/65 546/1620/65
f 547/1623/66 548/1627/66 546/1621/66 545/1617/66
f 552/1638/67 547/1624/67 545/1618/67 550/1632/67
f 551/1636/68 552/1639/68 550/1633/68 549/1630/68
f 550/1634/69 545/1619/69 546/1622/69 549/1631/69
f 551/1637/70 548/1628/70 547/1625/70 552/1640/70
f 556/1650/71 559/1659/71 557/1653/71 554/1644/71
f 555/1647/2 556/1651/2 554/1645/2 553/1641/2
f 560/1662/72 555/1648/72 553/1642/72 558/1656/72
f 559/1660/4 560/1663/4 558/1657/4 557/1654/4
f 558/1658/73 553/1643/73 554/1646/73 557/1655/73
f 559/1661/74 556/1652/74 555/1649/74 560/1664/74
f 564/1674/75 567/1683/75 565/1677/75 562/1668/75
f 563/1671/2 564/1675/2 562/1669/2 561/1665/2
f 568/1686/76 563/1672/76 561/1666/76 566/1680/76
f 567/1684/4 568/1687/4 566/1681/4 565/1678/4
f 566/1682/77 561/1667/77 562/1670/77 565/1679/77
f 567/1685/78 564/1676/78 563/1673/78 568/1688/78
f 572/1698/75 575/1707/75 573/1701/75 570/1692/75
f 571/1695/2 572/1699/2 570/1693/2 569/1689/2
f 576/1710/76 571/1696/76 569/1690/76 574/1704/76
f 575/1708/4 576/1711/4 574/1705/4 573/1702/4
f 574/1706/77 569/1691/77 570/1694/77 573/1703/77
f 575/1709/78 572/1700/78 571/1697/78 576/1712/78
f 580/1722/1 583/1731/1 581/1725/1 578/1716/1
f 579/1719/2 580/1723/2 578/1717/2 577/1713/2
f 584/1734/3 579/1720/3 577/1714/3 582/1728/3
f 583/1732/4 584/1735/4 582/1729/4 581/1726/4
f 582/1730/5 577/1715/5 578/1718/5 581/1727/5
f 583/1733/6 580/1724/6 579/1721/6 584/1736/6
f 588/1746/57 591/1755/57 589/1749/57 586/1740/57
f 587/1743/2 588/1747/2 586/1741/2 585/1737/2
f 592/1758/58 587/1744/58 585/1738/58 590/1752/58
f 591/1756/4 592/1759/4 590/1753/4 589/1750/4
f 590/1754/59 585/1739/59 586/1742/59 589/1751/59
f 591/1757/60 588/1748/60 587/1745/60 592/1760/60
f 596/1770/1 599/1779/1 597/1773/1 594/1764/1
f 595/1767/2 596/1771/2 594/1765/2 593/1761/2
f 600/1782/3 595/1768/3 593/1762/3 598/1776/3
f 599/1780/4 600/1783/4 598/1777/4 597/1774/4
f 598/1778/5 593/1763/5 594/1766/5 597/1775/5
f 599/1781/6 596/1772/6 595/1769/6 600/1784/6
f 604/1794/75 607/1803/75 605/1797/75 602/1788/75
f 603/1791/2 604/1795/2 602/1789/2 601/1785/2
f 608/1806/76 603/1792/76 601/1786/76 606/1800/76
f 607/1804/4 608/1807/4 606/1801/4 605/1798/4
f 606/1802/77 601/1787/77 602/1790/77 605/1799/77
f 607/1805/78 604/1796/78 603/1793/78 608/1808/78
f 612/1818/79 615/1827/79 613/1821/79 610/1812/79
f 611/1815/80 612/1819/80 610/1813/80 609/1809/80
f 616/1830/81 611/1816/81 609/1810/81 614/1824/81
f 615/1828/82 616/1831/82 614/1825/82 613/1822/82
f 614/1826/83 609/1811/83 610/1814/83 613/1823/83
f 615/1829/84 612/1820/84 611/1817/84 616/1832/84
f 620/1842/75 623/1851/75 621/1845/75 618/1836/75
f 619/1839/2 620/1843/2 618/1837/2 617/1833/2
f 624/1854/76 619/1840/76 617/1834/76 622/1848/76
f 623/1852/4 624/1855/4 622/1849/4 621/1846/4
f 622/1850/77 617/1835/77 618/1838/77 621/1847/77
f 623/1853/78 620/1844/78 619/1841/78 624/1856/78
f 628/1866/71 631/1875/71 629/1869/71 626/1860/71
f 627/1863/2 628/1867/2 626/1861/2 625/1857/2
f 632/1878/72 627/1864/72 625/1858/72 630/1872/72
f 631/1876/4 632/1879/4 630/1873/4 629/1870/4
f 630/1874/73 625/1859/73 626/1862/73 629/1871/73
f 631/1877/74 628/1868/74 627/1865/74 632/1880/74
f 636/1890/71 639/1899/71 637/1893/71 634/1884/71
f 635/1887/2 636/1891/2 634/1885/2 633/1881/2
f 640/1902/72 635/1888/72 633/1882/72 638/1896/72
f 639/1900/4 640/1903/4 638/1897/4 637/1894/4
f 638/1898/73 633/1883/73 634/1886/73 637/1895/73
f 639/1901/74 636/1892/74 635/1889/74 640/1904/74
f 644/1914/85 647/1923/85 645/1917/85 642/1908/85
f 643/1911/2 644/1915/2 642/1909/2 641/1905/2
f 648/1926/86 643/1912/86 641/1906/86 646/1920/86
f 647/1924/4 648/1927/4 646/1921/4 645/1918/4
f 646/1922/87 641/1907/87 642/1910/87 645/1919/87
f 647/1925/88 644/1916/88 643/1913/88 648/1928/88
f 652/1938/61 655/1947/61 653/1941/61 650/1932/61
f 651/1935/2 652/1939/2 650/1933/2 649/1929/2
f 656/1950/62 651/1936/62 649/1930/62 654/1944/62
f 655/1948/4 656/1951/4 654/1945/4 653/1942/4
f 654/1946/63 649/1931/63 650/1934/63 653/1943/63
f 655/1949/64 652/1940/64 651/1937/64 656/1952/64
f 660/1962/1 663/1971/1 661/1965/1 658/1956/1
f 659/1959/2 660/1963/2 658/1957/2 657/1953/2
f 664/1974/3 659/1960/3 657/1954/3 662/1968/3
f 663/1972/4 664/1975/4 662/1969/4 661/1966/4
f 662/1970/5 657/1955/5 658/1958/5 661/1967/5
f 663/1973/6 660/1964/6 659/1961/6 664/1976/6
f 668/1986/75 671/1995/75 669/1989/75 666/1980/75
f 667/1983/2 668/1987/2 666/1981/2 665/1977/2
f 672/1998/76 667/1984/76 665/1978/76 670/1992/76
f 671/1996/4 672/1999/4 670/1993/4 669/1990/4
f 670/1994/77 665/1979/77 666/1982/77 669/1991/77
f 671/1997/78 668/1988/78 667/1985/78 672/2000/78
f 676/2010/85 679/2019/85 677/2013/85 674/2004/85
f 675/2007/2 676/2011/2 674/2005/2 673/2001/2
f 680/2022/86 675/2008/86 673/2002/86 678/2016/86
f 679/2020/4 680/2023/4 678/2017/4 677/2014/4
f 678/2018/87 673/2003/87 674/2006/87 677/2015/87
f 679/2021/88 676/2012/88 675/2009/88 680/2024/88
f 684/2034/71 687/2043/71 685/2037/71 682/2028/71
f 683/2031/2 684/2035/2 682/2029/2 681/2025/2
f 688/2046/72 683/2032/72 681/2026/72 686/2040/72
f 687/2044/4 688/2047/4 686/2041/4 685/2038/4
f 686/2042/73 681/2027/73 682/2030/73 685/2039/73
f 687/2045/74 684/2036/74 683/2033/74 688/2048/74
f 692/2058/1 695/2067/1 693/2061/1 690/2052/1
f 691/2055/2 692/2059/2 690/2053/2 689/2049/2
f 696/2070/3 691/2056/3 689/2050/3 694/2064/3
f 695/2068/4 696/2071/4 694/2065/4 693/2062/4
f 694/2066/5 689/2051/5 690/2054/5 693/2063/5
f 695/2069/6 692/2060/6 691/2057/6 696/2072/6
f 700/2082/1 703/2091/1 701/2085/1 698/2076/1
f 699/2079/2 700/2083/2 698/2077/2 697/2073/2
f 704/2094/3 699/2080/3 697/2074/3 702/2088/3
f 703/2092/4 704/2095/4 702/2089/4 701/2086/4
f 702/2090/5 697/2075/5 698/2078/5 701/2087/5
f 703/2093/6 700/2084/6 699/2081/6 704/2096/6
f 708/2106/71 711/2115/71 709/2109/71 706/2100/71
f 707/2103/2 708/2107/2 706/2101/2 705/2097/2
f 712/2118/72 707/2104/72 705/2098/72 710/2112/72
f 711/2116/4 712/2119/4 710/2113/4 709/2110/4
f 710/2114/73 705/2099/73 706/2102/73 709/2111/73
f 711/2117/74 708/2108/74 707/2105/74 712/2120/74
f 716/2130/1 719/2139/1 717/2133/1 714/2124/1
f 715/2127/2 716/2131/2 714/2125/2 713/2121/2
f 720/2142/3 715/2128/3 713/2122/3 718/2136/3
f 719/2140/4 720/2143/4 718/2137/4 717/2134/4
f 718/2138/5 713/2123/5 714/2126/5 717/2135/5
f 719/2141/6 716/2132/6 715/2129/6 720/2144/6
f 724/2154/89 727/2163/89 725/2157/89 722/2148/89
f 723/2151/2 724/2155/2 722/2149/2 721/2145/2
f 728/2166/90 723/2152/90 721/2146/90 726/2160/90
f 727/2164/4 728/2167/4 726/2161/4 725/2158/4
f 726/2162/91 721/2147/91 722/2150/91 725/2159/91
f 727/2165/92 724/2156/92 723/2153/92 728/2168/92
f 732/2178/1 735/2187/1 733/2181/1 730/2172/1
f 731/2175/2 732/2179/2 730/2173/2 729/2169/2
f 736/2190/3 731/2176/3 729/2170/3 734/2184/3
f 735/2188/4 736/2191/4 734/2185/4 733/2182/4
f 734/2186/5 729/2171/5 730/2174/5 733/2183/5
f 735/2189/6 732/2180/6 731/2177/6 736/2192/6
f 740/2202/1 743/2211/1 741/2205/1 738/2196/1
f 739/2199/2 740/2203/2 738/2197/2 737/2193/2
f 744/2214/3 739/2200/3 737/2194/3 742/2208/3
f 743/2212/4 744/2215/4 742/2209/4 741/2206/4
f 742/2210/5 737/2195/5 738/2198/5 741/2207/5
f 743/2213/6 740/2204/6 739/2201/6 744/2216/6
f 748/2226/1 751/2235/1 749/2229/1 746/2220/1
f 747/2223/2 748/2227/2 746/2221/2 745/2217/2
f 752/2238/3 747/2224/3 745/2218/3 750/2232/3
f 751/2236/4 752/2239/4 750/2233/4 749/2230/4
f 750/2234/5 745/2219/5 746/2222/5 749/2231/5
f 751/2237/6 748/2228/6 747/2225/6 752/2240/6
f 756/2250/93 759/2259/93 757/2253/93 754/2244/93
f 755/2247/2 756/2251/2 754/2245/2 753/2241/2
f 760/2262/94 755/2248/94 753/2242/94 758/2256/94
f 759/2260/4 760/2263/4 758/2257/4 757/2254/4
f 758/2258/95 753/2243/95 754/2246/95 757/2255/95
f 759/2261/96 756/2252/96 755/2249/96 760/2264/96
f 764/2274/97 767/2283/97 765/2277/97 762/2268/97
f 763/2271/2 764/2275/2 762/2269/2 761/2265/2
f 768/2286/98 763/2272/98 761/2266/98 766/2280/98
f 767/2284/4 768/2287/4 766/2281/4 765/2278/4
f 766/2282/99 761/2267/99 762/2270/99 765/2279/99
f 767/2285/100 764/2276/100 763/2273/100 768/2288/100
f 772/2298/71 775/2307/71 773/2301/71 770/2292/71
f 771/2295/2 772/2299/2 770/2293/2 769/2289/2
f 776/2310/72 771/2296/72 769/2290/72 774/2304/72
f 775/2308/4 776/2311/4 774/2305/4 773/2302/4
f 774/2306/73 769/2291/73 770/2294/73 773/2303/73
f 775/2309/74 772/2300/74 771/2297/74 776/2312/74
f 780/2322/1 783/2331/1 781/2325/1 778/2316/1
f 779/2319/2 780/2323/2 778/2317/2 777/2313/2
f 784/2334/3 779/2320/3 777/2314/3 782/2328/3
f 783/2332/4 784/2335/4 782/2329/4 781/2326/4
f 782/2330/5 777/2315/5 778/2318/5 781/2327/5
f 783/2333/6 780/2324/6 779/2321/6 784/2336/6
f 788/2346/1 791/2355/1 789/2349/1 786/2340/1
f 787/2343/2 788/2347/2 786/2341/2 785/2337/2
f 792/2358/3 787/2344/3 785/2338/3 790/2352/3
f 791/2356/4 792/2359/4 790/2353/4 789/2350/4
f 790/2354/5 785/2339/5 786/2342/5 789/2351/5
f 791/2357/6 788/2348/6 787/2345/6 792/2360/6
f 796/2370/71 799/2379/71 797/2373/71 794/2364/71
f 795/2367/2 796/2371/2 794/2365/2 793/2361/2
f 800/2382/72 795/2368/72 793/2362/72 798/2376/72
f 799/2380/4 800/2383/4 798/2377/4 797/2374/4
f 798/2378/73 793/2363/73 794/2366/73 797/2375/73
f 799/2381/74 796/2372/74 795/2369/74 800/2384/74
f 804/2394/1 807/2403/1 805/2397/1 802/2388/1
f 803/2391/2 804/2395/2 802/2389/2 801/2385/2
f 808/2406/3 803/2392/3 801/2386/3 806/2400/3
f 807/2404/4 808/2407/4 806/2401/4 805/2398/4
f 806/2402/5 801/2387/5 802/2390/5 805/2399/5
f 807/2405/6 804/2396/6 803/2393/6 808/2408/6
f 812/2418/89 815/2427/89 813/2421/89 810/2412/89
f 811/2415/2 812/2419/2 810/2413/2 809/2409/2
f 816/2430/90 811/2416/90 809/2410/90 814/2424/90
f 815/2428/4 816/2431/4 814/2425/4 813/2422/4
f 814/2426/91 809/2411/91 810/2414/91 813/2423/91
f 815/2429/92 812/2420/92 811/2417/92 816/2432/92
f 820/2442/1 823/2451/1 821/2445/1 818/2436/1
f 819/2439/2 820/2443/2 818/2437/2 817/2433/2
f 824/2454/3 819/2440/3 817/2434/3 822/2448/3
f 823/2452/4 824/2455/4 822/2449/4 821/2446/4
f 822/2450/5 817/2435/5 818/2438/5 821/2447/5
f 823/2453/6 820/2444/6 819/2441/6 824/2456/6
f 828/2466/101 831/2475/101 829/2469/101 826/2460/101
f 827/2463/2 828/2467/2 826/2461/2 825/2457/2
f 832/2478/102 827/2464/102 825/2458/102 830/2472/102
f 831/2476/4 832/2479/4 830/2473/4 829/2470/4
f 830/2474/103 825/2459/103 826/2462/103 829/2471/103
f 831/2477/104 828/2468/104 827/2465/104 832/2480/104
f 836/2490/1 839/2499/1 837/2493/1 834/2484/1
f 835/2487/2 836/2491/2 834/2485/2 833/2481/2
f 840/2502/3 835/2488/3 833/2482/3 838/2496/3
f 839/2500/4 840/2503/4 838/2497/4 837/2494/4
f 838/2498/5 833/2483/5 834/2486/5 837/2495/5
f 839/2501/6 836/2492/6 835/2489/6 840/2504/6
f 843/2507/2 844/2508/2 842/2506/2 841/2505/2
f 848/2518/1 851/2527/1 849/2521/1 846/2512/1
f 847/2515/2 848/2519/2 846/2513/2 845/2509/2
f 852/2530/3 847/2516/3 845/2510/3 850/2524/3
f 851/2528/4 852/2531/4 850/2525/4 849/2522/4
f 850/2526/5 845/2511/5 846/2514/5 849/2523/5
f 851/2529/6 848/2520/6 847/2517/6 852/2532/6
f 856/2542/105 859/2551/105 857/2545/105 854/2536/105
f 855/2539/2 856/2543/2 854/2537/2 853/2533/2
f 860/2554/106 855/2540/106 853/2534/106 858/2548/106
f 859/2552/4 860/2555/4 858/2549/4 857/2546/4
f 858/2550/107 853/2535/107 854/2538/107 857/2547/107
f 859/2553/108 856/2544/108 855/2541/108 860/2556/108
f 864/2566/109 867/2575/109 865/2569/109 862/2560/109
f 863/2563/2 864/2567/2 862/2561/2 861/2557/2
f 868/2578/110 863/2564/110 861/2558/110 866/2572/110
f 867/2576/4 868/2579/4 866/2573/4 865/2570/4
f 866/2574/111 861/2559/111 862/2562/111 865/2571/111
f 867/2577/112 864/2568/112 863/2565/112 868/2580/112
f 872/2590/1 875/2599/1 873/2593/1 870/2584/1
f 871/2587/2 872/2591/2 870/2585/2 869/2581/2
f 876/2602/3 871/2588/3 869/2582/3 874/2596/3
f 875/2600/4 876/2603/4 874/2597/4 873/2594/4
f 874/2598/5 869/2583/5 870/2586/5 873/2595/5
f 875/2601/6 872/2592/6 871/2589/6 876/2604/6
f 880/2614/101 883/2623/101 881/2617/101 878/2608/101
f 879/2611/2 880/2615/2 878/2609/2 877/2605/2
f 884/2626/102 879/2612/102 877/2606/102 882/2620/102
f 883/2624/4 884/2627/4 882/2621/4 881/2618/4
f 882/2622/103 877/2607/103 878/2610/103 881/2619/103
f 883/2625/104 880/2616/104 879/2613/104 884/2628/104
f 887/2631/4 888/2632/4 886/2630/4 885/2629/4
f 892/2642/1 895/2651/1 893/2645/1 890/2636/1
f 891/2639/2 892/2643/2 890/2637/2 889/2633/2
f 896/2654/3 891/2640/3 889/2634/3 894/2648/3
f 895/2652/4 896/2655/4 894/2649/4 893/2646/4
f 894/2650/5 889/2635/5 890/2638/5 893/2647/5
f 895/2653/6 892/2644/6 891/2641/6 896/2656/6
f 900/2666/105 903/2675/105 901/2669/105 898/2660/105
f 899/2663/2 900/2667/2 898/2661/2 897/2657/2
f 904/2678/106 899/2664/106 897/2658/106 902/2672/106
f 903/2676/4 904/2679/4 902/2673/4 901/2670/4
f 902/2674/107 897/2659/107 898/2662/107 901/2671/107
f 903/2677/108 900/2668/108 899/2665/108 904/2680/108
f 908/2690/109 911/2699/109 909/2693/109 906/2684/109
f 907/2687/2 908/2691/2 906/2685/2 905/2681/2
f 912/2702/110 907/2688/110 905/2682/110 910/2696/110
f 911/2700/4 912/2703/4 910/2697/4 909/2694/4
f 910/2698/111 905/2683/111 906/2686/111 909/2695/111
f 911/2701/112 908/2692/112 907/2689/112 912/2704/112
f 916/2714/1 919/2723/1 917/2717/1 914/2708/1
f 915/2711/2 916/2715/2 914/2709/2 913/2705/2
f 920/2726/3 915/2712/3 913/2706/3 918/2720/3
f 919/2724/4 920/2727/4 918/2721/4 917/2718/4
f 918/2722/5 913/2707/5 914/2710/5 917/2719/5
f 919/2725/6 916/2716/6 915/2713/6 920/2728/6
f 924/2738/113 927/2747/113 925/2741/113 922/2732/113
f 923/2735/2 924/2739/2 922/2733/2 921/2729/2
f 928/2750/114 923/2736/114 921/2730/114 926/2744/114
f 927/2748/4 928/2751/4 926/2745/4 925/2742/4
f 926/2746/115 921/2731/115 922/2734/115 925/2743/115
f 927/2749/116 924/2740/116 923/2737/116 928/2752/116
f 932/2762/1 935/2771/1 933/2765/1 930/2756/1
f 931/2759/2 932/2763/2 930/2757/2 929/2753/2
f 936/2774/3 931/2760/3 929/2754/3 934/2768/3
f 935/2772/4 936/2775/4 934/2769/4 933/2766/4
f 934/2770/5 929/2755/5 930/2758/5 933/2767/5
f 935/2773/6 932/2764/6 931/2761/6 936/2776/6
f 940/2786/113 943/2795/113 941/2789/113 938/2780/113
f 939/2783/2 940/2787/2 938/2781/2 937/2777/2
f 944/2798/114 939/2784/114 937/2778/114 942/2792/114
f 943/2796/4 944/2799/4 942/2793/4 941/2790/4
f 942/2794/115 937/2779/115 938/2782/115 941/2791/115
f 943/2797/116 940/2788/116 939/2785/116 944/2800/116
f 948/2810/1 951/2819/1 949/2813/1 946/2804/1
f 947/2807/2 948/2811/2 946/2805/2 945/2801/2
f 952/2822/3 947/2808/3 945/2802/3 950/2816/3
f 951/2820/4 952/2823/4 950/2817/4 949/2814/4
f 950/2818/5 945/2803/5 946/2806/5 949/2815/5
f 951/2821/6 948/2812/6 947/2809/6 952/2824/6
f 956/2834/1 959/2843/1 957/2837/1 954/2828/1
f 955/2831/2 956/2835/2 954/2829/2 953/2825/2
f 960/2846/3 955/2832/3 953/2826/3 958/2840/3
f 959/2844/4 960/2847/4 958/2841/4 957/2838/4
f 958/2842/5 953/2827/5 954/2830/5 957/2839/5
f 959/2845/6 956/2836/6 955/2833/6 960/2848/6
f 964/2858/1 967/2867/1 965/2861/1 962/2852/1
f 963/2855/2 964/2859/2 962/2853/2 961/2849/2
f 968/2870/3 963/2856/3 961/2850/3 966/2864/3
f 967/2868/4 968/2871/4 966/2865/4 965/2862/4
f 966/2866/5 961/2851/5 962/2854/5 965/2863/5
f 967/2869/6 964/2860/6 963/2857/6 968/2872/6
f 972/2882/1 975/2891/1 973/2885/1 970/2876/1
f 971/2879/2 972/2883/2 970/2877/2 969/2873/2
f 976/2894/3 971/2880/3 969/2874/3 974/2888/3
f 975/2892/4 976/2895/4 974/2889/4 973/2886/4
f 974/2890/5 969/2875/5 970/2878/5 973/2887/5
f 975/2893/6 972/2884/6 971/2881/6 976/2896/6
f 980/2906/1 983/2915/1 981/2909/1 978/2900/1
f 979/2903/2 980/2907/2 978/2901/2 977/2897/2
f 984/2918/3 979/2904/3 977/2898/3 982/2912/3
f 983/2916/4 984/2919/4 982/2913/4 981/2910/4
f 982/2914/5 977/2899/5 978/2902/5 981/2911/5
f 983/2917/6 980/2908/6 979/2905/6 984/2920/6
f 988/2930/1 991/2939/1 989/2933/1 986/2924/1
f 987/2927/2 988/2931/2 986/2925/2 985/2921/2
f 992/2942/3 987/2928/3 985/2922/3 990/2936/3
f 991/2940/4 992/2943/4 990/2937/4 989/2934/4
f 990/2938/5 985/2923/5 986/2926/5 989/2935/5
f 991/2941/6 988/2932/6 987/2929/6 992/2944/6
f 996/2954/1 999/2963/1 997/2957/1 994/2948/1
f 995/2951/2 996/2955/2 994/2949/2 993/2945/2
f 1000/2966/3 995/2952/3 993/2946/3 998/2960/3
f 999/2964/4 1000/2967/4 998/2961/4 997/2958/4
f 998/2962/5 993/2947/5 994/2950/5 997/2959/5
f 999/2965/6 996/2956/6 995/2953/6 1000/2968/6
f 1004/2978/1 1007/2987/1 1005/2981/1 1002/2972/1
f 1003/2975/2 1004/2979/2 1002/2973/2 1001/2969/2
f 1008/2990/3 1003/2976/3 1001/2970/3 1006/2984/3
f 1007/2988/4 1008/2991/4 1006/2985/4 1005/2982/4
f 1006/2986/5 1001/2971/5 1002/2974/5 1005/2983/5
f 1007/2989/6 1004/2980/6 1003/2977/6 1008/2992/6
f 1012/3002/1 1015/3011/1 1013/3005/1 1010/2996/1
f 1011/2999/2 1012/3003/2 1010/2997/2 1009/2993/2
f 1016/3014/3 1011/3000/3 1009/2994/3 1014/3008/3
f 1015/3012/4 1016/3015/4 1014/3009/4 1013/3006/4
f 1014/3010/5 1009/2995/5 1010/2998/5 1013/3007/5
f 1015/3013/6 1012/3004/6 1011/3001/6 1016/3016/6
f 1020/3026/1 1023/3035/1 1021/3029/1 1018/3020/1
f 1019/3023/2 1020/3027/2 1018/3021/2 1017/3017/2
f 1024/3038/3 1019/3024/3 1017/3018/3 1022/3032/3
f 1023/3036/4 1024/3039/4 1022/3033/4 1021/3030/4
f 1022/3034/5 1017/3019/5 1018/3022/5 1021/3031/5
f 1023/3037/6 1020/3028/6 1019/3025/6 1024/3040/6
f 1028/3050/1 1031/3059/1 1029/3053/1 1026/3044/1
f 1027/3047/2 1028/3051/2 1026/3045/2 1025/3041/2
f 1032/3062/3 1027/3048/3 1025/3042/3 1030/3056/3
f 1031/3060/4 1032/3063/4 1030/3057/4 1029/3054/4
f 1030/3058/5 1025/3043/5 1026/3046/5 1029/3055/5
f 1031/3061/6 1028/3052/6 1027/3049/6 1032/3064/6
f 1036/3074/1 1039/3083/1 1037/3077/1 1034/3068/1
f 1035/3071/2 1036/3075/2 1034/3069/2 1033/3065/2
f 1040/3086/3 1035/3072/3 1033/3066/3 1038/3080/3
f 1039/3084/4 1040/3087/4 1038/3081/4 1037/3078/4
f 1038/3082/5 1033/3067/5 1034/3070/5 1037/3079/5
f 1039/3085/6 1036/3076/6 1035/3073/6 1040/3088/6
f 1044/3098/1 1047/3107/1 1045/3101/1 1042/3092/1
f 1043/3095/2 1044/3099/2 1042/3093/2 1041/3089/2
f 1048/3110/3 1043/3096/3 1041/3090/3 1046/3104/3
f 1047/3108/4 1048/3111/4 1046/3105/4 1045/3102/4
f 1046/3106/5 1041/3091/5 1042/3094/5 1045/3103/5
f 1047/3109/6 1044/3100/6 1043/3097/6 1048/3112/6
f 1052/3122/1 1055/3131/1 1053/3125/1 1050/3116/1
f 1051/3119/2 1052/3123/2 1050/3117/2 1049/3113/2
f 1056/3134/3 1051/3120/3 1049/3114/3 1054/3128/3
f 1055/3132/4 1056/3135/4 1054/3129/4 1053/3126/4
f 1054/3130/5 1049/3115/5 1050/3118/5 1053/3127/5
f 1055/3133/6 1052/3124/6 1051/3121/6 1056/3136/6
f 1060/3146/1 1063/3155/1 1061/3149/1 1058/3140/1
f 1059/3143/2 1060/3147/2 1058/3141/2 1057/3137/2
f 1064/3158/3 1059/3144/3 1057/3138/3 1062/3152/3
f 1063/3156/4 1064/3159/4 1062/3153/4 1061/3150/4
f 1062/3154/5 1057/3139/5 1058/3142/5 1061/3151/5
f 1063/3157/6 1060/3148/6 1059/3145/6 1064/3160/6
f 1068/3170/1 1071/3179/1 1069/3173/1 1066/3164/1
f 1067/3167/2 1068/3171/2 1066/3165/2 1065/3161/2
f 1072/3182/3 1067/3168/3 1065/3162/3 1070/3176/3
f 1071/3180/4 1072/3183/4 1070/3177/4 1069/3174/4
f 1070/3178/5 1065/3163/5 1066/3166/5 1069/3175/5
f 1071/3181/6 1068/3172/6 1067/3169/6 1072/3184/6
f 1076/3194/1 1079/3203/1 1077/3197/1 1074/3188/1
f 1075/3191/2 1076/3195/2 1074/3189/2 1073/3185/2
f 1080/3206/3 1075/3192/3 1073/3186/3 1078/3200/3
f 1079/3204/4 1080/3207/4 1078/3201/4 1077/3198/4
f 1078/3202/5 1073/3187/5 1074/3190/5 1077/3199/5
f 1079/3205/6 1076/3196/6 1075/3193/6 1080/3208/6
f 1084/3218/1 1087/3227/1 1085/3221/1 1082/3212/1
f 1083/3215/2 1084/3219/2 1082/3213/2 1081/3209/2
f 1088/3230/3 1083/3216/3 1081/3210/3 1086/3224/3
f 1087/3228/4 1088/3231/4 1086/3225/4 1085/3222/4
f 1086/3226/5 1081/3211/5 1082/3214/5 1085/3223/5
f 1087/3229/6 1084/3220/6 1083/3217/6 1088/3232/6
f 1092/3242/74 1095/3251/74 1093/3245/74 1090/3236/74
f 1091/3239/2 1092/3243/2 1090/3237/2 1089/3233/2
f 1096/3254/73 1091/3240/73 1089/3234/73 1094/3248/73
f 1095/3252/4 1096/3255/4 1094/3249/4 1093/3246/4
f 1094/3250/71 1089/3235/71 1090/3238/71 1093/3247/71
f 1095/3253/72 1092/3244/72 1091/3241/72 1096/3256/72
f 1100/3266/1 1103/3275/1 1101/3269/1 1098/3260/1
f 1099/3263/2 1100/3267/2 1098/3261/2 1097/3257/2
f 1104/3278/3 1099/3264/3 1097/3258/3 1102/3272/3
f 1103/3276/4 1104/3279/4 1102/3273/4 1101/3270/4
f 1102/3274/5 1097/3259/5 1098/3262/5 1101/3271/5
f 1103/3277/6 1100/3268/6 1099/3265/6 1104/3280/6
f 1108/3290/1 1111/3299/1 1109/3293/1 1106/3284/1
f 1107/3287/2 1108/3291/2 1106/3285/2 1105/3281/2
f 1112/3302/3 1107/3288/3 1105/3282/3 1110/3296/3
f 1111/3300/4 1112/3303/4 1110/3297/4 1109/3294/4
f 1110/3298/5 1105/3283/5 1106/3286/5 1109/3295/5
f 1111/3301/6 1108/3292/6 1107/3289/6 1112/3303/6
f 1116/3313/74 1119/3322/74 1117/3316/74 1114/3307/74
f 1115/3310/2 1116/3314/2 1114/3308/2 1113/3304/2
f 1120/3325/73 1115/3311/73 1113/3305/73 1118/3319/73
f 1119/3323/4 1120/3326/4 1118/3320/4 1117/3317/4
f 1118/3321/71 1113/3306/71 1114/3309/71 1117/3318/71
f 1119/3324/72 1116/3315/72 1115/3312/72 1120/3327/72
f 1124/3337/1 1127/3346/1 1125/3340/1 1122/3331/1
f 1123/3334/2 1124/3338/2 1122/3332/2 1121/3328/2
f 1128/3349/3 1123/3335/3 1121/3329/3 1126/3343/3
f 1127/3347/4 1128/3350/4 1126/3344/4 1125/3341/4
f 1126/3345/5 1121/3330/5 1122/3333/5 1125/3342/5
f 1127/3348/6 1124/3339/6 1123/3336/6 1128/3351/6
f 1132/3361/1 1135/3370/1 1133/3364/1 1130/3355/1
f 1131/3358/117 1132/3362/117 1130/3356/117 1129/3352/117
f 1136/3373/3 1131/3359/3 1129/3353/3 1134/3367/3
f 1135/3371/118 1136/3374/118 1134/3368/118 1133/3365/118
f 1134/3369/119 1129/3354/119 1130/3357/119 1133/3366/119
f 1135/3372/120 1132/3363/120 1131/3360/120 1136/3375/120
f 1143/3386/3 1139/3379/3 1137/3376/3 1141/3382/3
f 1142/3385/118 1143/3387/118 1141/3383/118 1140/3380/118
f 1141/3384/119 1137/3377/119 1138/3378/119 1140/3381/119
f 1147/3397/113 1150/3406/113 1148/3400/113 1145/3391/113
f 1146/3394/2 1147/3398/2 1145/3392/2 1144/3388/2
f 1151/3409/114 1146/3395/114 1144/3389/114 1149/3403/114
f 1150/3407/4 1151/3410/4 1149/3404/4 1148/3401/4
f 1149/3405/115 1144/3390/115 1145/3393/115 1148/3402/115
f 1150/3408/121 1147/3399/121 1146/3396/121 1151/3411/121
f 1153/3413/122 1155/3415/122 1154/3414/122 1152/3412/122
f 1159/3425/1 1162/3434/1 1160/3428/1 1157/3419/1
f 1158/3422/29 1159/3426/29 1157/3420/29 1156/3416/29
f 1163/3437/3 1158/3423/3 1156/3417/3 1161/3431/3
f 1162/3435/30 1163/3438/30 1161/3432/30 1160/3429/30
f 1161/3433/31 1156/3418/31 1157/3421/31 1160/3430/31
f 1162/3436/32 1159/3427/32 1158/3424/32 1163/3439/32
f 1167/3449/1 1170/3458/1 1168/3452/1 1165/3443/1
f 1166/3446/2 1167/3450/2 1165/3444/2 1164/3440/2
f 1171/3461/3 1166/3447/3 1164/3441/3 1169/3455/3
f 1170/3459/4 1171/3462/4 1169/3456/4 1168/3453/4
f 1169/3457/5 1164/3442/5 1165/3445/5 1168/3454/5
f 1170/3460/6 1167/3451/6 1166/3448/6 1171/3463/6
f 1175/3473/1 1178/3482/1 1176/3476/1 1173/3467/1
f 1174/3470/2 1175/3474/2 1173/3468/2 1172/3464/2
f 1179/3485/3 1174/3471/3 1172/3465/3 1177/3479/3
f 1178/3483/4 1179/3486/4 1177/3480/4 1176/3477/4
f 1177/3481/5 1172/3466/5 1173/3469/5 1176/3478/5
f 1178/3484/6 1175/3475/6 1174/3472/6 1179/3487/6
f 1183/3497/48 1186/3506/48 1184/3500/48 1181/3491/48
f 1182/3494/2 1183/3498/2 1181/3492/2 1180/3488/2
f 1187/3509/47 1182/3495/47 1180/3489/47 1185/3503/47
f 1186/3507/4 1187/3510/4 1185/3504/4 1184/3501/4
f 1185/3505/45 1180/3490/45 1181/3493/45 1184/3502/45
f 1186/3508/46 1183/3499/46 1182/3496/46 1187/3511/46
f 1191/3521/105 1194/3530/105 1192/3524/105 1189/3515/105
f 1190/3518/2 1191/3522/2 1189/3516/2 1188/3512/2
f 1195/3533/106 1190/3519/106 1188/3513/106 1193/3527/106
f 1194/3531/4 1195/3534/4 1193/3528/4 1192/3525/4
f 1193/3529/107 1188/3514/107 1189/3517/107 1192/3526/107
f 1194/3532/108 1191/3523/108 1190/3520/108 1195/3535/108
f 1199/3545/48 1202/3554/48 1200/3548/48 1197/3539/48
f 1198/3542/2 1199/3546/2 1197/3540/2 1196/3536/2
f 1203/3557/123 1198/3543/123 1196/3537/123 1201/3551/123
f 1202/3555/4 1203/3558/4 1201/3552/4 1200/3549/4
f 1201/3553/45 1196/3538/45 1197/3541/45 1200/3550/45
f 1202/3556/46 1199/3547/46 1198/3544/46 1203/3559/46
f 1207/3569/102 1210/3578/102 1208/3572/102 1205/3563/102
f 1206/3566/2 1207/3570/2 1205/3564/2 1204/3560/2
f 1211/3581/101 1206/3567/101 1204/3561/101 1209/3575/101
f 1210/3579/4 1211/3582/4 1209/3576/4 1208/3573/4
f 1209/3577/104 1204/3562/104 1205/3565/104 1208/3574/104
f 1210/3580/103 1207/3571/103 1206/3568/103 1211/3583/103
f 1215/3593/1 1218/3602/1 1216/3596/1 1213/3587/1
f 1214/3590/2 1215/3594/2 1213/3588/2 1212/3584/2
f 1219/3605/3 1214/3591/3 1212/3585/3 1217/3599/3
f 1218/3603/4 1219/3606/4 1217/3600/4 1216/3597/4
f 1217/3601/5 1212/3586/5 1213/3589/5 1216/3598/5
f 1218/3604/6 1215/3595/6 1214/3592/6 1219/3607/6
f 1223/3617/1 1226/3626/1 1224/3620/1 1221/3611/1
f 1222/3614/2 1223/3618/2 1221/3612/2 1220/3608/2
f 1227/3629/3 1222/3615/3 1220/3609/3 1225/3623/3
f 1226/3627/4 1227/3630/4 1225/3624/4 1224/3621/4
f 1225/3625/5 1220/3610/5 1221/3613/5 1224/3622/5
f 1226/3628/6 1223/3619/6 1222/3616/6 1227/3631/6
f 1234/3641/3 1229/3633/3 1228/3632/3 1232/3637/3
f 1233/3639/4 1234/3642/4 1232/3638/4 1231/3636/4
f 1233/3640/6 1230/3635/6 1229/3634/6 1234/3643/6
f 1238/3653/1 1241/3662/1 1239/3656/1 1236/3647/1
f 1237/3650/29 1238/3654/29 1236/3648/29 1235/3644/29
f 1242/3665/3 1237/3651/3 1235/3645/3 1240/3659/3
f 1241/3663/30 1242/3666/30 1240/3660/30 1239/3657/30
f 1240/3661/31 1235/3646/31 1236/3649/31 1239/3658/31
f 1241/3664/32 1238/3655/32 1237/3652/32 1242/3667/32
f 1246/3677/53 1249/3686/53 1247/3680/53 1244/3671/53
f 1245/3674/2 1246/3678/2 1244/3672/2 1243/3668/2
f 1250/3689/54 1245/3675/54 1243/3669/54 1248/3683/54
f 1249/3687/4 1250/3690/4 1248/3684/4 1247/3681/4
f 1248/3685/55 1243/3670/55 1244/3673/55 1247/3682/55
f 1249/3688/56 1246/3679/56 1245/3676/56 1250/3691/56
f 1254/3701/53 1257/3710/53 1255/3704/53 1252/3695/53
f 1253/3698/2 1254/3702/2 1252/3696/2 1251/3692/2
f 1258/3713/54 1253/3699/54 1251/3693/54 1256/3707/54
f 1257/3711/4 1258/3714/4 1256/3708/4 1255/3705/4
f 1256/3709/55 1251/3694/55 1252/3697/55 1255/3706/55
f 1257/3712/56 1254/3703/56 1253/3700/56 1258/3715/56
f 1262/3725/105 1265/3734/105 1263/3728/105 1260/3719/105
f 1261/3722/2 1262/3726/2 1260/3720/2 1259/3716/2
f 1266/3737/106 1261/3723/106 1259/3717/106 1264/3731/106
f 1265/3735/4 1266/3738/4 1264/3732/4 1263/3729/4
f 1264/3733/107 1259/3718/107 1260/3721/107 1263/3730/107
f 1265/3736/108 1262/3727/108 1261/3724/108 1266/3739/108
f 1270/3749/48 1273/3758/48 1271/3752/48 1268/3743/48
f 1269/3746/2 1270/3750/2 1268/3744/2 1267/3740/2
f 1274/3761/47 1269/3747/47 1267/3741/47 1272/3755/47
f 1273/3759/4 1274/3762/4 1272/3756/4 1271/3753/4
f 1272/3757/45 1267/3742/45 1268/3745/45 1271/3754/45
f 1273/3760/46 1270/3751/46 1269/3748/46 1274/3763/46
f 1278/3773/48 1281/3782/48 1279/3776/48 1276/3767/48
f 1277/3770/2 1278/3774/2 1276/3768/2 1275/3764/2
f 1282/3785/47 1277/3771/47 1275/3765/47 1280/3779/47
f 1281/3783/4 1282/3786/4 1280/3780/4 1279/3777/4
f 1280/3781/45 1275/3766/45 1276/3769/45 1279/3778/45
f 1281/3784/46 1278/3775/46 1277/3772/46 1282/3787/46
f 1286/3797/1 1289/3806/1 1287/3800/1 1284/3791/1
f 1285/3794/2 1286/3798/2 1284/3792/2 1283/3788/2
f 1290/3809/3 1285/3795/3 1283/3789/3 1288/3803/3
f 1289/3807/4 1290/3810/4 1288/3804/4 1287/3801/4
f 1288/3805/5 1283/3790/5 1284/3793/5 1287/3802/5
f 1289/3808/6 1286/3799/6 1285/3796/6 1290/3811/6
f 1294/3821/1 1297/3830/1 1295/3824/1 1292/3815/1
f 1293/3818/2 1294/3822/2 1292/3816/2 1291/3812/2
f 1298/3833/3 1293/3819/3 1291/3813/3 1296/3827/3
f 1297/3831/4 1298/3834/4 1296/3828/4 1295/3825/4
f 1296/3829/5 1291/3814/5 1292/3817/5 1295/3826/5
f 1297/3832/6 1294/3823/6 1293/3820/6 1298/3835/6
f 1302/3845/1 1305/3854/1 1303/3848/1 1300/3839/1
f 1301/3842/2 1302/3846/2 1300/3840/2 1299/3836/2
f 1306/3857/3 1301/3843/3 1299/3837/3 1304/3851/3
f 1305/3855/4 1306/3858/4 1304/3852/4 1303/3849/4
f 1304/3853/5 1299/3838/5 1300/3841/5 1303/3850/5
f 1305/3856/6 1302/3847/6 1301/3844/6 1306/3859/6
f 1310/3869/1 1313/3878/1 1311/3872/1 1308/3863/1
f 1309/3866/2 1310/3870/2 1308/3864/2 1307/3860/2
f 1314/3881/3 1309/3867/3 1307/3861/3 1312/3875/3
f 1313/3879/4 1314/3882/4 1312/3876/4 1311/3873/4
f 1312/3877/5 1307/3862/5 1308/3865/5 1311/3874/5
f 1313/3880/6 1310/3871/6 1309/3868/6 1314/3883/6
f 1318/3893/3 1321/3902/3 1319/3896/3 1316/3887/3
f 1317/3890/2 1318/3894/2 1316/3888/2 1315/3884/2
f 1322/3905/1 1317/3891/1 1315/3885/1 1320/3899/1
f 1321/3903/4 1322/3906/4 1320/3900/4 1319/3897/4
f 1320/3901/6 1315/3886/6 1316/3889/6 1319/3898/6
f 1321/3904/5 1318/3895/5 1317/3892/5 1322/3907/5
f 1326/3917/102 1329/3926/102 1327/3920/102 1324/3911/102
f 1325/3914/2 1326/3918/2 1324/3912/2 1323/3908/2
f 1330/3929/101 1325/3915/101 1323/3909/101 1328/3923/101
f 1329/3927/4 1330/3930/4 1328/3924/4 1327/3921/4
f 1328/3925/104 1323/3910/104 1324/3913/104 1327/3922/104
f 1329/3928/103 1326/3919/103 1325/3916/103 1330/3931/103
f 1334/3941/1 1337/3950/1 1335/3944/1 1332/3935/1
f 1333/3938/2 1334/3942/2 1332/3936/2 1331/3932/2
f 1338/3953/3 1333/3939/3 1331/3933/3 1336/3947/3
f 1337/3951/4 1338/3954/4 1336/3948/4 1335/3945/4
f 1336/3949/5 1331/3934/5 1332/3937/5 1335/3946/5
f 1337/3952/6 1334/3943/6 1333/3940/6 1338/3955/6
f 1342/3965/3 1345/3974/3 1343/3968/3 1340/3959/3
f 1341/3962/2 1342/3966/2 1340/3960/2 1339/3956/2
f 1346/3977/1 1341/3963/1 1339/3957/1 1344/3971/1
f 1345/3975/4 1346/3978/4 1344/3972/4 1343/3969/4
f 1344/3973/6 1339/3958/6 1340/3961/6 1343/3970/6
f 1345/3976/5 1342/3967/5 1341/3964/5 1346/3979/5
f 1350/3989/1 1353/3998/1 1351/3992/1 1348/3983/1
f 1349/3986/2 1350/3990/2 1348/3984/2 1347/3980/2
f 1354/4001/3 1349/3987/3 1347/3981/3 1352/3995/3
f 1353/3999/4 1354/4002/4 1352/3996/4 1351/3993/4
f 1352/3997/5 1347/3982/5 1348/3985/5 1351/3994/5
f 1353/4000/6 1350/3991/6 1349/3988/6 1354/4003/6
f 1358/4013/1 1361/4022/1 1359/4016/1 1356/4007/1
f 1357/4010/2 1358/4014/2 1356/4008/2 1355/4004/2
f 1362/4025/3 1357/4011/3 1355/4005/3 1360/4019/3
f 1361/4023/4 1362/4026/4 1360/4020/4 1359/4017/4
f 1360/4021/5 1355/4006/5 1356/4009/5 1359/4018/5
f 1361/4024/6 1358/4015/6 1357/4012/6 1362/4027/6
f 1366/4037/1 1369/4046/1 1367/4040/1 1364/4031/1
f 1365/4034/2 1366/4038/2 1364/4032/2 1363/4028/2
f 1370/4049/3 1365/4035/3 1363/4029/3 1368/4043/3
f 1369/4047/4 1370/4050/4 1368/4044/4 1367/4041/4
f 1368/4045/5 1363/4030/5 1364/4033/5 1367/4042/5
f 1369/4048/6 1366/4039/6 1365/4036/6 1370/4051/6
f 1374/4061/1 1377/4070/1 1375/4064/1 1372/4055/1
f 1373/4058/2 1374/4062/2 1372/4056/2 1371/4052/2
f 1378/4073/3 1373/4059/3 1371/4053/3 1376/4067/3
f 1377/4071/4 1378/4074/4 1376/4068/4 1375/4065/4
f 1376/4069/5 1371/4054/5 1372/4057/5 1375/4066/5
f 1377/4072/6 1374/4063/6 1373/4060/6 1378/4075/6
f 1382/4085/1 1385/4094/1 1383/4088/1 1380/4079/1
f 1381/4082/2 1382/4086/2 1380/4080/2 1379/4076/2
f 1386/4097/3 1381/4083/3 1379/4077/3 1384/4091/3
f 1385/4095/4 1386/4098/4 1384/4092/4 1383/4089/4
f 1384/4093/5 1379/4078/5 1380/4081/5 1383/4090/5
f 1385/4096/6 1382/4087/6 1381/4084/6 1386/4099/6
f 1390/4109/1 1393/4118/1 1391/4112/1 1388/4103/1
f 1389/4106/2 1390/4110/2 1388/4104/2 1387/4100/2
f 1394/4121/3 1389/4107/3 1387/4101/3 1392/4115/3
f 1393/4119/4 1394/4122/4 1392/4116/4 1391/4113/4
f 1392/4117/5 1387/4102/5 1388/4105/5 1391/4114/5
f 1393/4120/6 1390/4111/6 1389/4108/6 1394/4123/6
f 1398/4133/71 1401/4142/71 1399/4136/71 1396/4127/71
f 1397/4130/2 1398/4134/2 1396/4128/2 1395/4124/2
f 1402/4145/72 1397/4131/72 1395/4125/72 1400/4139/72
f 1401/4143/4 1402/4146/4 1400/4140/4 1399/4137/4
f 1400/4141/73 1395/4126/73 1396/4129/73 1399/4138/73
f 1401/4144/74 1398/4135/74 1397/4132/74 1402/4147/74
f 1406/4157/71 1409/4166/71 1407/4160/71 1404/4151/71
f 1405/4154/2 1406/4158/2 1404/4152/2 1403/4148/2
f 1410/4169/72 1405/4155/72 1403/4149/72 1408/4163/72
f 1409/4167/4 1410/4170/4 1408/4164/4 1407/4161/4
f 1408/4165/73 1403/4150/73 1404/4153/73 1407/4162/73
f 1409/4168/74 1406/4159/74 1405/4156/74 1410/4171/74
f 1414/4181/1 1417/4190/1 1415/4184/1 1412/4175/1
f 1413/4178/2 1414/4182/2 1412/4176/2 1411/4172/2
f 1418/4193/3 1413/4179/3 1411/4173/3 1416/4187/3
f 1417/4191/4 1418/4194/4 1416/4188/4 1415/4185/4
f 1416/4189/5 1411/4174/5 1412/4177/5 1415/4186/5
f 1417/4192/6 1414/4183/6 1413/4180/6 1418/4195/6
f 1422/4205/1 1425/4214/1 1423/4208/1 1420/4199/1
f 1421/4202/2 1422/4206/2 1420/4200/2 1419/4196/2
f 1426/4217/3 1421/4203/3 1419/4197/3 1424/4211/3
f 1425/4215/4 1426/4218/4 1424/4212/4 1423/4209/4
f 1424/4213/5 1419/4198/5 1420/4201/5 1423/4210/5
f 1425/4216/6 1422/4207/6 1421/4204/6 1426/4219/6
f 1430/4229/1 1433/4238/1 1431/4232/1 1428/4223/1
f 1429/4226/2 1430/4230/2 1428/4224/2 1427/4220/2
f 1434/4241/3 1429/4227/3 1427/4221/3 1432/4235/3
f 1433/4239/4 1434/4242/4 1432/4236/4 1431/4233/4
f 1432/4237/5 1427/4222/5 1428/4225/5 1431/4234/5
f 1433/4240/6 1430/4231/6 1429/4228/6 1434/4243/6
f 1438/4253/12 1441/4262/12 1439/4256/12 1436/4247/12
f 1437/4250/7 1438/4254/7 1436/4248/7 1435/4244/7
f 1442/4265/13 1437/4251/13 1435/4245/13 1440/4259/13
f 1441/4263/8 1442/4266/8 1440/4260/8 1439/4257/8
f 1440/4261/14 1435/4246/14 1436/4249/14 1439/4258/14
f 1441/4264/15 1438/4255/15 1437/4252/15 1442/4267/15
f 1446/4277/23 1449/4286/23 1447/4280/23 1444/4271/23
f 1445/4274/18 1446/4278/18 1444/4272/18 1443/4268/18
f 1450/4289/24 1445/4275/24 1443/4269/24 1448/4283/24
f 1449/4287/19 1450/4290/19 1448/4284/19 1447/4281/19
f 1448/4285/25 1443/4270/25 1444/4273/25 1447/4282/25
f 1449/4288/26 1446/4279/26 1445/4276/26 1450/4291/26
f 1454/4301/58 1457/4310/58 1455/4304/58 1452/4295/58
f 1453/4298/2 1454/4302/2 1452/4296/2 1451/4292/2
f 1458/4313/57 1453/4299/57 1451/4293/57 1456/4307/57
f 1457/4311/4 1458/4314/4 1456/4308/4 1455/4305/4
f 1456/4309/60 1451/4294/60 1452/4297/60 1455/4306/60
f 1457/4312/59 1454/4303/59 1453/4300/59 1458/4315/59
f 1462/4325/124 1465/4334/124 1463/4328/124 1460/4319/124
f 1461/4322/2 1462/4326/2 1460/4320/2 1459/4316/2
f 1466/4337/125 1461/4323/125 1459/4317/125 1464/4331/125
f 1465/4335/4 1466/4338/4 1464/4332/4 1463/4329/4
f 1464/4333/126 1459/4318/126 1460/4321/126 1463/4330/126
f 1465/4336/127 1462/4327/127 1461/4324/127 1466/4339/127
f 1470/4349/3 1473/4358/3 1471/4352/3 1468/4343/3
f 1469/4346/2 1470/4350/2 1468/4344/2 1467/4340/2
f 1474/4361/1 1469/4347/1 1467/4341/1 1472/4355/1
f 1473/4359/4 1474/4362/4 1472/4356/4 1471/4353/4
f 1472/4357/6 1467/4342/6 1468/4345/6 1471/4354/6
f 1473/4360/5 1470/4351/5 1469/4348/5 1474/4363/5
f 1478/4373/128 1481/4382/128 1479/4376/128 1476/4367/128
f 1477/4370/2 1478/4374/2 1476/4368/2 1475/4364/2
f 1482/4385/129 1477/4371/129 1475/4365/129 1480/4379/129
f 1481/4383/4 1482/4386/4 1480/4380/4 1479/4377/4
f 1480/4381/130 1475/4366/130 1476/4369/130 1479/4378/130
f 1481/4384/131 1478/4375/131 1477/4372/131 1482/4387/131
f 1486/4397/3 1489/4406/3 1487/4400/3 1484/4391/3
f 1485/4394/2 1486/4398/2 1484/4392/2 1483/4388/2
f 1490/4409/1 1485/4395/1 1483/4389/1 1488/4403/1
f 1489/4407/4 1490/4410/4 1488/4404/4 1487/4401/4
f 1488/4405/6 1483/4390/6 1484/4393/6 1487/4402/6
f 1489/4408/5 1486/4399/5 1485/4396/5 1490/4411/5
f 1494/4421/132 1497/4430/132 1495/4424/132 1492/4415/132
f 1493/4418/133 1494/4422/133 1492/4416/133 1491/4412/133
f 1498/4433/134 1493/4419/134 1491/4413/134 1496/4427/134
f 1497/4431/135 1498/4434/135 1496/4428/135 1495/4425/135
f 1496/4429/6 1491/4414/6 1492/4417/6 1495/4426/6
f 1497/4432/5 1494/4423/5 1493/4420/5 1498/4435/5
f 1502/4445/1 1505/4454/1 1503/4448/1 1500/4439/1
f 1501/4442/2 1502/4446/2 1500/4440/2 1499/4436/2
f 1506/4457/3 1501/4443/3 1499/4437/3 1504/4451/3
f 1505/4455/4 1506/4458/4 1504/4452/4 1503/4449/4
f 1504/4453/5 1499/4438/5 1500/4441/5 1503/4450/5
f 1505/4456/6 1502/4447/6 1501/4444/6 1506/4459/6
f 1510/4469/1 1513/4478/1 1511/4472/1 1508/4463/1
f 1509/4466/2 1510/4470/2 1508/4464/2 1507/4460/2
f 1514/4481/3 1509/4467/3 1507/4461/3 1512/4475/3
f 1513/4479/4 1514/4482/4 1512/4476/4 1511/4473/4
f 1512/4477/5 1507/4462/5 1508/4465/5 1511/4474/5
f 1513/4480/6 1510/4471/6 1509/4468/6 1514/4483/6
f 1518/4493/1 1521/4502/1 1519/4496/1 1516/4487/1
f 1517/4490/2 1518/4494/2 1516/4488/2 1515/4484/2
f 1522/4505/3 1517/4491/3 1515/4485/3 1520/4499/3
f 1521/4503/4 1522/4506/4 1520/4500/4 1519/4497/4
f 1520/4501/5 1515/4486/5 1516/4489/5 1519/4498/5
f 1521/4504/6 1518/4495/6 1517/4492/6 1522/4507/6
f 1526/4517/3 1529/4526/3 1527/4520/3 1524/4511/3
f 1525/4514/2 1526/4518/2 1524/4512/2 1523/4508/2
f 1530/4529/1 1525/4515/1 1523/4509/1 1528/4523/1
f 1529/4527/4 1530/4530/4 1528/4524/4 1527/4521/4
f 1528/4525/6 1523/4510/6 1524/4513/6 1527/4522/6
f 1529/4528/5 1526/4519/5 1525/4516/5 1530/4531/5
f 1534/4541/102 1537/4550/102 1535/4544/102 1532/4535/102
f 1533/4538/2 1534/4542/2 1532/4536/2 1531/4532/2
f 1538/4553/101 1533/4539/101 1531/4533/101 1536/4547/101
f 1537/4551/4 1538/4554/4 1536/4548/4 1535/4545/4
f 1536/4549/104 1531/4534/104 1532/4537/104 1535/4546/104
f 1537/4552/103 1534/4543/103 1533/4540/103 1538/4555/103
f 1542/4565/3 1545/4574/3 1543/4568/3 1540/4559/3
f 1541/4562/2 1542/4566/2 1540/4560/2 1539/4556/2
f 1546/4577/1 1541/4563/1 1539/4557/1 1544/4571/1
f 1545/4575/4 1546/4578/4 1544/4572/4 1543/4569/4
f 1544/4573/6 1539/4558/6 1540/4561/6 1543/4570/6
f 1545/4576/5 1542/4567/5 1541/4564/5 1546/4579/5
f 1550/4589/1 1553/4598/1 1551/4592/1 1548/4583/1
f 1549/4586/2 1550/4590/2 1548/4584/2 1547/4580/2
f 1554/4601/3 1549/4587/3 1547/4581/3 1552/4595/3
f 1553/4599/4 1554/4602/4 1552/4596/4 1551/4593/4
f 1552/4597/5 1547/4582/5 1548/4585/5 1551/4594/5
f 1553/4600/6 1550/4591/6 1549/4588/6 1554/4603/6
f 1558/4613/3 1561/4622/3 1559/4616/3 1556/4607/3
f 1557/4610/2 1558/4614/2 1556/4608/2 1555/4604/2
f 1562/4625/1 1557/4611/1 1555/4605/1 1560/4619/1
f 1561/4623/4 1562/4626/4 1560/4620/4 1559/4617/4
f 1560/4621/6 1555/4606/6 1556/4609/6 1559/4618/6
f 1561/4624/5 1558/4615/5 1557/4612/5 1562/4627/5
f 1566/4637/1 1569/4646/1 1567/4640/1 1564/4631/1
f 1565/4634/2 1566/4638/2 1564/4632/2 1563/4628/2
f 1570/4649/3 1565/4635/3 1563/4629/3 1568/4643/3
f 1569/4647/4 1570/4650/4 1568/4644/4 1567/4641/4
f 1568/4645/5 1563/4630/5 1564/4633/5 1567/4642/5
f 1569/4648/6 1566/4639/6 1565/4636/6 1570/4651/6
f 1574/4661/12 1577/4670/12 1575/4664/12 1572/4655/12
f 1573/4658/136 1574/4662/136 1572/4656/136 1571/4652/136
f 1578/4673/13 1573/4659/13 1571/4653/13 1576/4667/13
f 1577/4671/137 1578/4674/137 1576/4668/137 1575/4665/137
f 1576/4669/138 1571/4654/138 1572/4657/138 1575/4666/138
f 1577/4672/139 1574/4663/139 1573/4660/139 1578/4675/139
f 1582/4685/1 1585/4694/1 1583/4688/1 1580/4679/1
f 1581/4682/2 1582/4686/2 1580/4680/2 1579/4676/2
f 1586/4697/3 1581/4683/3 1579/4677/3 1584/4691/3
f 1585/4695/4 1586/4698/4 1584/4692/4 1583/4689/4
f 1584/4693/5 1579/4678/5 1580/4681/5 1583/4690/5
f 1585/4696/6 1582/4687/6 1581/4684/6 1586/4699/6
f 1590/4709/1 1593/4718/1 1591/4712/1 1588/4703/1
f 1589/4706/2 1590/4710/2 1588/4704/2 1587/4700/2
f 1594/4721/3 1589/4707/3 1587/4701/3 1592/4715/3
f 1593/4719/4 1594/4722/4 1592/4716/4 1591/4713/4
f 1592/4717/5 1587/4702/5 1588/4705/5 1591/4714/5
f 1593/4720/6 1590/4711/6 1589/4708/6 1594/4723/6
f 1598/4732/140 1601/4740/140 1599/4735/140 1596/4726/140
f 1597/4729/2 1598/4733/2 1596/4727/2 1595/4724/2
f 1602/4743/140 1597/4730/140 1595/4725/140 1600/4739/140
f 1601/4741/4 1602/4744/4 1600/4738/4 1599/4736/4
f 1600/4739/140 1595/4725/140 1596/4728/140 1599/4737/140
f 1601/4742/140 1598/4734/140 1597/4731/140 1602/4745/140
f 1605/4748/85 1608/4753/85 1606/4750/85 1603/4746/85
f 1608/4754/4 1609/4756/4 1607/4752/4 1606/4751/4
f 1608/4755/88 1605/4749/88 1604/4747/88 1609/4757/88
f 1613/4767/1 1616/4776/1 1614/4770/1 1611/4761/1
f 1612/4764/2 1613/4768/2 1611/4762/2 1610/4758/2
f 1617/4779/3 1612/4765/3 1610/4759/3 1615/4773/3
f 1616/4777/4 1617/4780/4 1615/4774/4 1614/4771/4
f 1615/4775/5 1610/4760/5 1611/4763/5 1614/4772/5
f 1616/4778/6 1613/4769/6 1612/4766/6 1617/4781/6
f 1621/4791/1 1624/4800/1 1622/4794/1 1619/4785/1
f 1620/4788/2 1621/4792/2 1619/4786/2 1618/4782/2
f 1625/4803/3 1620/4789/3 1618/4783/3 1623/4797/3
f 1624/4801/4 1625/4804/4 1623/4798/4 1622/4795/4
f 1623/4799/5 1618/4784/5 1619/4787/5 1622/4796/5
f 1624/4802/6 1621/4793/6 1620/4790/6 1625/4805/6
f 1628/4811/2 1629/4813/2 1627/4809/2 1626/4806/2
f 1632/4817/86 1628/4812/86 1626/4807/86 1631/4815/86
f 1631/4816/87 1626/4808/87 1627/4810/87 1630/4814/87
f 1636/4826/141 1639/4834/142 1637/4829/142 1634/4820/141
f 1635/4823/109 1636/4827/109 1634/4821/109 1633/4818/109
f 1640/4837/142 1635/4824/141 1633/4819/141 1638/4833/142
f 1639/4835/110 1640/4838/110 1638/4832/110 1637/4830/110
f 1638/4833/142 1633/4819/141 1634/4822/141 1637/4831/142
f 1639/4836/142 1636/4828/141 1635/4825/141 1640/4839/142
f 1644/4849/143 1647/4858/143 1645/4852/143 1642/4843/143
f 1643/4846/2 1644/4850/2 1642/4844/2 1641/4840/2
f 1648/4861/144 1643/4847/144 1641/4841/144 1646/4855/144
f 1647/4859/4 1648/4862/4 1646/4856/4 1645/4853/4
f 1646/4857/145 1641/4842/145 1642/4845/145 1645/4854/145
f 1647/4860/146 1644/4851/146 1643/4848/146 1648/4863/146
f 1652/4873/147 1655/4882/147 1653/4876/147 1650/4867/147
f 1651/4870/148 1652/4874/148 1650/4868/148 1649/4864/148
f 1656/4885/149 1651/4871/149 1649/4865/149 1654/4879/149
f 1655/4883/150 1656/4886/150 1654/4880/150 1653/4877/150
f 1654/4881/151 1649/4866/151 1650/4869/151 1653/4878/151
f 1655/4884/152 1652/4875/152 1651/4872/152 1656/4887/152
f 1660/4897/1 1663/4906/1 1661/4900/1 1658/4891/1
f 1659/4894/2 1660/4898/2 1658/4892/2 1657/4888/2
f 1664/4909/3 1659/4895/3 1657/4889/3 1662/4903/3
f 1663/4907/4 1664/4910/4 1662/4904/4 1661/4901/4
f 1662/4905/5 1657/4890/5 1658/4893/5 1661/4902/5
f 1663/4908/6 1660/4899/6 1659/4896/6 1664/4911/6
f 1668/4921/1 1671/4930/1 1669/4924/1 1666/4915/1
f 1667/4918/2 1668/4922/2 1666/4916/2 1665/4912/2
f 1672/4933/3 1667/4919/3 1665/4913/3 1670/4927/3
f 1671/4931/4 1672/4934/4 1670/4928/4 1669/4925/4
f 1670/4929/5 1665/4914/5 1666/4917/5 1669/4926/5
f 1671/4932/6 1668/4923/6 1667/4920/6 1672/4935/6
f 1676/4945/1 1679/4954/1 1677/4948/1 1674/4939/1
f 1675/4942/2 1676/4946/2 1674/4940/2 1673/4936/2
f 1680/4957/3 1675/4943/3 1673/4937/3 1678/4951/3
f 1679/4955/4 1680/4958/4 1678/4952/4 1677/4949/4
f 1678/4953/5 1673/4938/5 1674/4941/5 1677/4950/5
f 1679/4956/6 1676/4947/6 1675/4944/6 1680/4959/6
f 1684/4969/153 1687/4978/153 1685/4972/153 1682/4963/153
f 1683/4966/2 1684/4970/2 1682/4964/2 1681/4960/2
f 1688/4981/154 1683/4967/154 1681/4961/154 1686/4975/154
f 1687/4979/4 1688/4982/4 1686/4976/4 1685/4973/4
f 1686/4977/155 1681/4962/155 1682/4965/155 1685/4974/155
f 1687/4980/156 1684/4971/156 1683/4968/156 1688/4983/156
f 1692/4993/1 1695/5002/1 1693/4996/1 1690/4987/1
f 1691/4990/2 1692/4994/2 1690/4988/2 1689/4984/2
f 1696/5005/3 1691/4991/3 1689/4985/3 1694/4999/3
f 1695/5003/4 1696/5006/4 1694/5000/4 1693/4997/4
f 1694/5001/5 1689/4986/5 1690/4989/5 1693/4998/5
f 1695/5004/6 1692/4995/6 1691/4992/6 1696/5007/6
f 1700/5017/153 1703/5026/153 1701/5020/153 1698/5011/153
f 1699/5014/2 1700/5018/2 1698/5012/2 1697/5008/2
f 1704/5029/154 1699/5015/154 1697/5009/154 1702/5023/154
f 1703/5027/4 1704/5030/4 1702/5024/4 1701/5021/4
f 1702/5025/155 1697/5010/155 1698/5013/155 1701/5022/155
f 1703/5028/157 1700/5019/157 1699/5016/157 1704/5031/157
f 1708/5041/158 1711/5050/158 1709/5044/158 1706/5035/158
f 1707/5038/2 1708/5042/2 1706/5036/2 1705/5032/2
f 1712/5053/159 1707/5039/159 1705/5033/159 1710/5047/159
f 1711/5051/4 1712/5054/4 1710/5048/4 1709/5045/4
f 1710/5049/160 1705/5034/160 1706/5037/160 1709/5046/160
f 1711/5052/161 1708/5043/161 1707/5040/161 1712/5055/161
f 1716/5065/1 1719/5074/1 1717/5068/1 1714/5059/1
f 1715/5062/2 1716/5066/2 1714/5060/2 1713/5056/2
f 1720/5077/3 1715/5063/3 1713/5057/3 1718/5071/3
f 1719/5075/4 1720/5078/4 1718/5072/4 1717/5069/4
f 1718/5073/5 1713/5058/5 1714/5061/5 1717/5070/5
f 1719/5076/6 1716/5067/6 1715/5064/6 1720/5079/6
f 1724/5089/158 1727/5098/158 1725/5092/158 1722/5083/158
f 1723/5086/2 1724/5090/2 1722/5084/2 1721/5080/2
f 1728/5101/159 1723/5087/159 1721/5081/159 1726/5095/159
f 1727/5099/4 1728/5102/4 1726/5096/4 1725/5093/4
f 1726/5097/160 1721/5082/160 1722/5085/160 1725/5094/160
f 1727/5100/161 1724/5091/161 1723/5088/161 1728/5103/161
f 1732/5113/1 1735/5122/1 1733/5116/1 1730/5107/1
f 1731/5110/162 1732/5114/162 1730/5108/162 1729/5104/162
f 1736/5125/3 1731/5111/3 1729/5105/3 1734/5119/3
f 1735/5123/163 1736/5126/163 1734/5120/163 1733/5117/163
f 1734/5121/164 1729/5106/164 1730/5109/164 1733/5118/164
f 1735/5124/165 1732/5115/165 1731/5112/165 1736/5127/165
f 1740/5137/1 1743/5146/1 1741/5140/1 1738/5131/1
f 1739/5134/166 1740/5138/166 1738/5132/166 1737/5128/166
f 1744/5149/3 1739/5135/3 1737/5129/3 1742/5143/3
f 1743/5147/167 1744/5150/167 1742/5144/167 1741/5141/167
f 1742/5145/168 1737/5130/168 1738/5133/168 1741/5142/168
f 1743/5148/169 1740/5139/169 1739/5136/169 1744/5151/169
f 1748/5161/1 1751/5170/1 1749/5164/1 1746/5155/1
f 1747/5158/166 1748/5162/166 1746/5156/166 1745/5152/166
f 1752/5173/3 1747/5159/3 1745/5153/3 1750/5167/3
f 1751/5171/167 1752/5174/167 1750/5168/167 1749/5165/167
f 1750/5169/168 1745/5154/168 1746/5157/168 1749/5166/168
f 1751/5172/169 1748/5163/169 1747/5160/169 1752/5175/169
f 1756/5185/1 1759/5194/1 1757/5188/1 1754/5179/1
f 1755/5182/162 1756/5186/162 1754/5180/162 1753/5176/162
f 1760/5197/3 1755/5183/3 1753/5177/3 1758/5191/3
f 1759/5195/163 1760/5198/163 1758/5192/163 1757/5189/163
f 1758/5193/164 1753/5178/164 1754/5181/164 1757/5190/164
f 1759/5196/165 1756/5187/165 1755/5184/165 1760/5199/165
f 1764/5209/3 1767/5218/3 1765/5212/3 1762/5203/3
f 1763/5206/4 1764/5210/4 1762/5204/4 1761/5200/4
f 1768/5221/1 1763/5207/1 1761/5201/1 1766/5215/1
f 1767/5219/2 1768/5222/2 1766/5216/2 1765/5213/2
f 1766/5217/5 1761/5202/5 1762/5205/5 1765/5214/5
f 1767/5220/6 1764/5211/6 1763/5208/6 1768/5223/6
f 1772/5232/1 1775/5241/1 1773/5235/1 1770/5226/1
f 1771/5229/2 1772/5233/2 1770/5227/2 1769/5224/2
f 1776/5244/3 1771/5230/3 1769/5225/3 1774/5238/3
f 1775/5242/4 1776/5245/4 1774/5239/4 1773/5236/4
f 1774/5240/5 1769/5225/5 1770/5228/5 1773/5237/5
f 1775/5243/6 1772/5234/6 1771/5231/6 1776/5246/6
o rul
v 0.592280 1.265612 0.772684
v 0.592280 1.642742 0.928896
v 0.592280 1.265612 0.772684
v 0.592280 1.642742 0.928896
v 0.994381 1.642742 0.928896
v 0.994381 1.265612 0.772684
v 0.994381 1.642742 0.928896
v 0.994381 1.265612 0.772684
v 0.547396 1.301328 0.768376
v 0.547396 1.644647 0.910583
v 0.547396 1.277934 0.824853
v 0.547396 1.621253 0.967059
v 0.593666 1.644647 0.910582
v 0.593666 1.301328 0.768376
v 0.593666 1.621253 0.967060
v 0.593666 1.277934 0.824853
v 0.593667 1.253829 0.748702
v 0.593667 1.302658 0.768927
v 0.593667 1.230436 0.805179
v 0.593667 1.279264 0.825404
v 0.999819 1.302658 0.768927
v 0.999819 1.253829 0.748702
v 0.999820 1.279264 0.825404
v 0.999819 1.230436 0.805179
v 0.999819 1.301328 0.768376
v 0.999819 1.644647 0.910582
v 0.999819 1.277934 0.824853
v 0.999820 1.621253 0.967059
v 1.046090 1.644647 0.910583
v 1.046090 1.301328 0.768376
v 1.046089 1.621253 0.967059
v 1.046089 1.277934 0.824853
v 0.593667 1.644647 0.910583
v 0.593667 1.692145 0.930257
v 0.593667 1.621253 0.967060
v 0.593667 1.668751 0.986734
v 0.999819 1.692145 0.930257
v 0.999819 1.644647 0.910582
v 0.999819 1.668751 0.986734
v 0.999820 1.621253 0.967059
vn -0.0000 -0.7972 0.6038
vn -0.0000 -0.9942 -0.1076
vn -0.0000 -0.7972 0.6037
vn -0.0000 0.3827 -0.9239
vn -0.0000 -0.3827 0.9239
vn -0.0000 0.9239 0.3827
vn -1.0000 -0.0000 -0.0000
vn -0.0000 -0.9239 -0.3827
vn 1.0000 -0.0000 -0.0000
vt 0.000000 1.000000
vt 0.011719 1.000000
vt 0.146484 0.402344
vt 0.000000 1.000000
vt 0.013672 1.000000
vt 0.146484 0.388672
vt 0.000000 1.000000
vt 0.011719 1.000000
vt 0.179688 0.373047
vt 0.000000 1.000000
vt 0.013672 1.000000
vt 0.179688 0.359375
vt 0.011719 1.000000
vt 0.000000 1.000000
vt 0.158203 0.388672
vt 0.000000 1.000000
vt 0.013672 1.000000
vt 0.158203 0.402344
vt 0.011719 1.000000
vt 0.000000 1.000000
vt 0.191406 0.359375
vt 0.000000 1.000000
vt 0.013672 1.000000
vt 0.191406 0.373047
vt 0.689453 0.576172
vt 0.671875 0.662109
vt 0.638672 0.656250
vt 0.669922 0.865234
vt 0.701172 0.576172
vt 0.638672 0.644531
vt 0.689453 0.574219
vt 0.671875 0.660156
vt 0.689453 0.523438
vt 0.669922 0.863281
vt 0.701172 0.574219
vt 0.689453 0.511719
vt 0.671875 0.865234
vt 0.689453 0.574219
vt 0.640625 0.644531
vt 0.669922 0.662109
vt 0.701172 0.574219
vt 0.640625 0.656250
vt 0.671875 0.863281
vt 0.689453 0.572266
vt 0.691406 0.511719
vt 0.669922 0.660156
vt 0.701172 0.572266
vt 0.691406 0.523438
vt 0.705078 0.710938
vt 0.701172 0.548828
vt 0.689453 0.546875
vt 0.689453 0.572266
vt 0.707031 0.710938
vt 0.689453 0.544922
vt 0.705078 0.708984
vt 0.701172 0.546875
vt 0.689453 0.544922
vt 0.689453 0.570312
vt 0.707031 0.708984
vt 0.689453 0.542969
vt 0.701172 0.572266
vt 0.705078 0.687500
vt 0.701172 0.544922
vt 0.689453 0.548828
vt 0.707031 0.687500
vt 0.701172 0.546875
vt 0.701172 0.570312
vt 0.705078 0.685547
vt 0.701172 0.542969
vt 0.689453 0.546875
vt 0.707031 0.685547
vt 0.701172 0.544922
vt 0.689453 0.542969
vt 0.332031 0.294922
vt 0.691406 0.890625
vt 0.328125 0.294922
vt 0.701172 0.542969
vt 0.691406 0.878906
vt 0.689453 0.541016
vt 0.332031 0.292969
vt 0.341797 0.308594
vt 0.328125 0.292969
vt 0.701172 0.541016
vt 0.341797 0.296875
vt 0.330078 0.294922
vt 0.689453 0.537109
vt 0.693359 0.878906
vt 0.330078 0.294922
vt 0.701172 0.537109
vt 0.693359 0.890625
vt 0.330078 0.292969
vt 0.689453 0.535156
vt 0.343750 0.296875
vt 0.330078 0.292969
vt 0.701172 0.535156
vt 0.343750 0.308594
vt 0.333984 0.294922
vt 0.701172 0.533203
vt 0.689453 0.531250
vt 0.689453 0.535156
vt 0.335938 0.294922
vt 0.689453 0.529297
vt 0.333984 0.292969
vt 0.701172 0.531250
vt 0.689453 0.371094
vt 0.689453 0.533203
vt 0.335938 0.292969
vt 0.689453 0.369141
vt 0.701172 0.535156
vt 0.335938 0.294922
vt 0.701172 0.529297
vt 0.689453 0.533203
vt 0.337891 0.294922
vt 0.701172 0.531250
vt 0.701172 0.533203
vt 0.335938 0.292969
vt 0.701172 0.369141
vt 0.689453 0.531250
vt 0.337891 0.292969
vt 0.701172 0.371094
s 1
usemtl Material.001
f 1780/5256/170 1783/5265/170 1781/5259/171 1778/5250/171
f 1779/5253/172 1780/5257/170 1778/5251/171 1777/5247/171
f 1784/5268/172 1779/5254/172 1777/5248/171 1782/5262/171
f 1783/5266/170 1784/5269/172 1782/5263/171 1781/5260/171
f 1782/5264/173 1777/5249/173 1778/5252/173 1781/5261/173
f 1783/5267/174 1780/5258/174 1779/5255/174 1784/5270/174
f 1788/5280/175 1791/5289/175 1789/5283/175 1786/5274/175
f 1787/5277/176 1788/5281/176 1786/5275/176 1785/5271/176
f 1792/5292/177 1787/5278/177 1785/5272/177 1790/5286/177
f 1791/5290/178 1792/5293/178 1790/5287/178 1789/5284/178
f 1790/5288/173 1785/5273/173 1786/5276/173 1789/5285/173
f 1791/5291/174 1788/5282/174 1787/5279/174 1792/5294/174
f 1796/5304/175 1799/5313/175 1797/5307/175 1794/5298/175
f 1795/5301/176 1796/5305/176 1794/5299/176 1793/5295/176
f 1800/5316/177 1795/5302/177 1793/5296/177 1798/5310/177
f 1799/5314/178 1800/5317/178 1798/5311/178 1797/5308/178
f 1798/5312/173 1793/5297/173 1794/5300/173 1797/5309/173
f 1799/5315/174 1796/5306/174 1795/5303/174 1800/5318/174
f 1804/5328/175 1807/5337/175 1805/5331/175 1802/5322/175
f 1803/5325/176 1804/5329/176 1802/5323/176 1801/5319/176
f 1808/5340/177 1803/5326/177 1801/5320/177 1806/5334/177
f 1807/5338/178 1808/5341/178 1806/5335/178 1805/5332/178
f 1806/5336/173 1801/5321/173 1802/5324/173 1805/5333/173
f 1807/5339/174 1804/5330/174 1803/5327/174 1808/5342/174
f 1812/5352/175 1815/5361/175 1813/5355/175 1810/5346/175
f 1811/5349/176 1812/5353/176 1810/5347/176 1809/5343/176
f 1816/5364/177 1811/5350/177 1809/5344/177 1814/5358/177
f 1815/5362/178 1816/5365/178 1814/5359/178 1813/5356/178
f 1814/5360/173 1809/5345/173 1810/5348/173 1813/5357/173
f 1815/5363/174 1812/5354/174 1811/5351/174 1816/5366/174
o w1
v -1.279166 0.231621 1.891828
v -1.279166 0.231620 2.324680
v -1.279166 0.000424 1.891828
v -1.279166 0.000424 2.324680
v -0.878269 0.231620 2.324679
v -0.878269 0.231621 1.891829
v -0.878269 0.000424 2.324679
v -0.878269 0.000424 1.891829
v -1.279166 0.737517 2.399158
v -1.279166 0.737517 2.628918
v -1.279166 0.304664 2.399158
v -1.279166 0.304664 2.628918
v -0.878270 0.737517 2.628918
v -0.878269 0.737517 2.399158
v -0.878270 0.304664 2.628918
v -0.878269 0.304664 2.399158
v -1.279195 0.156590 2.166640
v -1.279195 0.462704 2.472753
v -1.279195 -0.000154 2.323383
v -1.279194 0.305960 2.629495
v -0.878240 0.462704 2.472753
v -0.878240 0.156590 2.166641
v -0.878240 0.305960 2.629495
v -0.878240 -0.000154 2.323383
v -1.278533 0.881750 2.163736
v -1.278533 1.041398 2.323383
v -1.278532 0.576573 2.468912
v -1.278532 0.736220 2.628559
v -0.878902 1.041398 2.323383
v -0.878902 0.881750 2.163736
v -0.878902 0.736220 2.628558
v -0.878902 0.576573 2.468912
v -1.279166 1.041757 1.891829
v -1.279166 1.041757 2.324680
v -1.279166 0.799183 1.891829
v -1.279166 0.799183 2.324680
v -0.878269 1.041757 2.324679
v -0.878269 1.041757 1.891829
v -0.878269 0.799183 2.324679
v -0.878269 0.799183 1.891829
v -1.279195 0.736221 1.587013
v -1.279195 1.042335 1.893125
v -1.279194 0.579477 1.743755
v -1.279194 0.885591 2.049867
v -0.878240 1.042335 1.893125
v -0.878240 0.736221 1.587013
v -0.878240 0.885591 2.049868
v -0.878240 0.579477 1.743755
v -1.279166 0.737517 1.587590
v -1.279166 0.737517 1.818209
v -1.279166 0.304664 1.587590
v -1.279166 0.304664 1.818209
v -0.878269 0.737517 1.818209
v -0.878269 0.737517 1.587589
v -0.878269 0.304664 1.818209
v -0.878269 0.304664 1.587589
v -1.279195 0.305960 1.587013
v -1.279195 0.458019 1.739071
v -1.279195 -0.000154 1.893125
v -1.279195 0.151905 2.045183
v -0.878240 0.458019 1.739071
v -0.878240 0.305960 1.587013
v -0.878240 0.151905 2.045183
v -0.878240 -0.000154 1.893125
v -1.268587 0.780890 2.188646
v -1.268587 0.819618 2.227374
v -1.268587 0.605233 2.364301
v -1.268586 0.643961 2.403029
v -0.904760 0.819618 2.227374
v -0.904760 0.780890 2.188646
v -0.904760 0.643961 2.403030
v -0.904760 0.605233 2.364301
v -1.268587 0.264015 2.203630
v -1.268587 0.425338 2.364952
v -1.268587 0.224635 2.243009
v -1.268587 0.385958 2.404331
v -0.904760 0.425338 2.364951
v -0.904761 0.264015 2.203630
v -0.904760 0.385958 2.404331
v -0.904760 0.224635 2.243009
v -1.268558 0.643563 2.346118
v -1.268558 0.643563 2.403546
v -1.268558 0.388009 2.346118
v -1.268558 0.388009 2.403546
v -0.904790 0.643563 2.403545
v -0.904790 0.643563 2.346118
v -0.904790 0.388009 2.403545
v -0.904790 0.388009 2.346118
v -1.268587 0.819618 1.972767
v -1.268587 0.819618 2.227374
v -1.268587 0.750322 1.972767
v -1.268587 0.750322 2.227374
v -0.904818 0.819618 2.227374
v -0.904819 0.819618 1.972767
v -0.904818 0.750322 2.227374
v -0.904819 0.750322 1.972767
v -1.268587 0.665389 1.818539
v -1.268586 0.819618 1.972767
v -1.268587 0.623002 1.860926
v -1.268586 0.777230 2.015154
v -0.904760 0.819618 1.972767
v -0.904760 0.665389 1.818539
v -0.904760 0.777230 2.015154
v -0.904760 0.623002 1.860926
v -1.268587 0.665390 1.818540
v -1.268587 0.665390 1.872864
v -1.268587 0.379532 1.818540
v -1.268587 0.379532 1.872864
v -0.904818 0.665390 1.872865
v -0.904818 0.665390 1.818539
v -0.904818 0.379532 1.872865
v -0.904818 0.379532 1.818539
v -1.227658 0.886304 1.797691
v -1.227658 0.886304 2.496631
v -1.227658 0.215604 1.797690
v -1.227658 0.215604 2.496631
v -0.924408 0.886304 2.496632
v -0.924408 0.886304 1.797691
v -0.924408 0.215604 2.496632
v -0.924408 0.215604 1.797690
v -1.268587 0.379531 1.818540
v -1.268587 0.421919 1.860927
v -1.268587 0.224634 1.973436
v -1.268587 0.267022 2.015823
v -0.904760 0.421919 1.860926
v -0.904760 0.379531 1.818539
v -0.904760 0.267022 2.015823
v -0.904760 0.224634 1.973436
v -1.268587 0.283499 1.973436
v -1.268587 0.283499 2.243009
v -1.268587 0.224635 1.973436
v -1.268587 0.224635 2.243009
v -0.904819 0.283499 2.243008
v -0.904818 0.283499 1.973435
v -0.904819 0.224635 2.243008
v -0.904818 0.224635 1.973435
vn -0.0000 -0.0000 1.0000
vn -1.0000 -0.0000 -0.0000
vn -0.0000 -0.0000 -1.0000
vn 1.0000 -0.0000 -0.0000
vn -0.0000 1.0000 -0.0000
vn -0.0000 -1.0000 -0.0000
vn -0.0000 0.7071 0.7071
vn -0.0000 -0.7071 -0.7071
vn -0.0000 0.7071 -0.7071
vn -0.0000 -0.7071 0.7071
vt 0.673828 0.335938
vt 0.671875 0.699219
vt 0.332031 0.365234
vt 0.683594 0.707031
vt 0.660156 0.335938
vt 0.332031 0.351562
vt 0.673828 0.328125
vt 0.671875 0.691406
vt 0.646484 0.669922
vt 0.683594 0.699219
vt 0.660156 0.328125
vt 0.646484 0.656250
vt 0.671875 0.707031
vt 0.660156 0.335938
vt 0.320312 0.351562
vt 0.683594 0.699219
vt 0.646484 0.335938
vt 0.320312 0.365234
vt 0.671875 0.699219
vt 0.660156 0.328125
vt 0.634766 0.656250
vt 0.683594 0.691406
vt 0.646484 0.328125
vt 0.634766 0.669922
vt 0.673828 1.000000
vt 0.593750 0.365234
vt 0.683594 0.662109
vt 0.593750 0.365234
vt 0.666016 1.000000
vt 0.683594 0.654297
vt 0.673828 0.986328
vt 0.593750 0.351562
vt 0.683594 0.654297
vt 0.593750 0.351562
vt 0.666016 0.986328
vt 0.683594 0.646484
vt 0.582031 0.365234
vt 0.630859 0.335938
vt 0.671875 0.654297
vt 0.605469 0.365234
vt 0.623047 0.335938
vt 0.671875 0.662109
vt 0.582031 0.351562
vt 0.630859 0.322266
vt 0.671875 0.646484
vt 0.605469 0.351562
vt 0.623047 0.322266
vt 0.671875 0.654297
vt 0.679688 0.923828
vt 0.449219 0.328125
vt 0.617188 0.365234
vt 0.435547 0.328125
vt 0.666016 0.923828
vt 0.617188 0.351562
vt 0.679688 0.916016
vt 0.449219 0.320312
vt 0.646484 0.390625
vt 0.435547 0.320312
vt 0.666016 0.916016
vt 0.646484 0.376953
vt 0.423828 0.328125
vt 0.050781 0.333984
vt 0.605469 0.351562
vt 0.460938 0.328125
vt 0.037109 0.333984
vt 0.605469 0.365234
vt 0.423828 0.320312
vt 0.050781 0.326172
vt 0.634766 0.376953
vt 0.460938 0.320312
vt 0.037109 0.326172
vt 0.634766 0.390625
vt 0.195312 0.333984
vt 0.636719 0.914062
vt 0.683594 0.537109
vt 0.646484 0.376953
vt 0.187500 0.333984
vt 0.683594 0.529297
vt 0.195312 0.320312
vt 0.636719 0.900391
vt 0.683594 0.519531
vt 0.646484 0.363281
vt 0.187500 0.320312
vt 0.683594 0.511719
vt 0.634766 0.376953
vt 0.058594 0.333984
vt 0.671875 0.529297
vt 0.648438 0.914062
vt 0.050781 0.333984
vt 0.671875 0.537109
vt 0.634766 0.363281
vt 0.058594 0.320312
vt 0.671875 0.511719
vt 0.648438 0.900391
vt 0.050781 0.320312
vt 0.671875 0.519531
vt 0.679688 0.845703
vt 0.671875 0.476562
vt 0.152344 0.363281
vt 0.683594 0.484375
vt 0.666016 0.845703
vt 0.152344 0.349609
vt 0.679688 0.837891
vt 0.671875 0.468750
vt 0.648438 0.787109
vt 0.683594 0.476562
vt 0.666016 0.837891
vt 0.648438 0.773438
vt 0.671875 0.484375
vt 0.679688 0.904297
vt 0.140625 0.349609
vt 0.683594 0.476562
vt 0.666016 0.904297
vt 0.140625 0.363281
vt 0.671875 0.476562
vt 0.679688 0.896484
vt 0.636719 0.773438
vt 0.683594 0.468750
vt 0.666016 0.896484
vt 0.636719 0.787109
vt 0.208984 0.333984
vt 0.566406 0.328125
vt 0.226562 0.363281
vt 0.544922 0.328125
vt 0.195312 0.333984
vt 0.226562 0.349609
vt 0.208984 0.326172
vt 0.566406 0.320312
vt 0.318359 0.363281
vt 0.544922 0.320312
vt 0.195312 0.326172
vt 0.318359 0.349609
vt 0.533203 0.328125
vt 0.679688 0.833984
vt 0.214844 0.349609
vt 0.578125 0.328125
vt 0.666016 0.833984
vt 0.214844 0.363281
vt 0.533203 0.320312
vt 0.679688 0.826172
vt 0.306641 0.349609
vt 0.578125 0.320312
vt 0.666016 0.826172
vt 0.306641 0.363281
vt 0.468750 0.333984
vt 0.638672 0.941406
vt 0.589844 0.328125
vt 0.646484 0.363281
vt 0.460938 0.333984
vt 0.589844 0.320312
vt 0.468750 0.320312
vt 0.638672 0.927734
vt 0.654297 0.328125
vt 0.646484 0.349609
vt 0.460938 0.320312
vt 0.654297 0.320312
vt 0.634766 0.363281
vt 0.410156 0.333984
vt 0.578125 0.320312
vt 0.650391 0.941406
vt 0.402344 0.333984
vt 0.578125 0.328125
vt 0.634766 0.349609
vt 0.410156 0.320312
vt 0.642578 0.320312
vt 0.650391 0.927734
vt 0.402344 0.320312
vt 0.642578 0.328125
vt 0.556641 0.322266
vt 0.269531 0.361328
vt 0.693359 0.982422
vt 0.269531 0.361328
vt 0.550781 0.322266
vt 0.693359 0.976562
vt 0.556641 0.308594
vt 0.269531 0.347656
vt 0.048828 0.318359
vt 0.269531 0.347656
vt 0.550781 0.308594
vt 0.048828 0.312500
vt 0.257812 0.361328
vt 0.550781 0.322266
vt 0.681641 0.976562
vt 0.281250 0.361328
vt 0.544922 0.322266
vt 0.681641 0.982422
vt 0.257812 0.347656
vt 0.550781 0.308594
vt 0.037109 0.312500
vt 0.281250 0.347656
vt 0.544922 0.308594
vt 0.037109 0.318359
vt 0.484375 0.304688
vt 0.656250 0.369141
vt 0.703125 0.384766
vt 0.667969 0.378906
vt 0.482422 0.304688
vt 0.703125 0.382812
vt 0.484375 0.294922
vt 0.656250 0.359375
vt 0.703125 0.382812
vt 0.667969 0.369141
vt 0.482422 0.294922
vt 0.703125 0.380859
vt 0.656250 0.378906
vt 0.482422 0.304688
vt 0.691406 0.382812
vt 0.667969 0.369141
vt 0.480469 0.304688
vt 0.691406 0.384766
vt 0.656250 0.369141
vt 0.482422 0.294922
vt 0.691406 0.380859
vt 0.667969 0.359375
vt 0.480469 0.294922
vt 0.691406 0.382812
vt 0.703125 0.513672
vt 0.691406 0.378906
vt 0.669922 0.962891
vt 0.703125 0.380859
vt 0.693359 0.513672
vt 0.669922 0.953125
vt 0.703125 0.511719
vt 0.691406 0.376953
vt 0.669922 0.914062
vt 0.703125 0.378906
vt 0.693359 0.511719
vt 0.669922 0.904297
vt 0.691406 0.380859
vt 0.703125 0.703125
vt 0.658203 0.953125
vt 0.703125 0.378906
vt 0.693359 0.703125
vt 0.658203 0.962891
vt 0.691406 0.378906
vt 0.703125 0.701172
vt 0.658203 0.904297
vt 0.703125 0.376953
vt 0.693359 0.701172
vt 0.658203 0.914062
vt 0.617188 0.304688
vt 0.658203 0.855469
vt 0.703125 0.376953
vt 0.669922 0.873047
vt 0.615234 0.304688
vt 0.703125 0.375000
vt 0.617188 0.294922
vt 0.658203 0.845703
vt 0.703125 0.375000
vt 0.669922 0.863281
vt 0.615234 0.294922
vt 0.703125 0.373047
vt 0.658203 0.873047
vt 0.697266 0.507812
vt 0.691406 0.375000
vt 0.669922 0.855469
vt 0.695312 0.507812
vt 0.691406 0.376953
vt 0.658203 0.863281
vt 0.697266 0.498047
vt 0.691406 0.373047
vt 0.669922 0.845703
vt 0.695312 0.498047
vt 0.691406 0.375000
vt 0.703125 0.367188
vt 0.691406 0.330078
vt 0.669922 0.792969
vt 0.703125 0.373047
vt 0.693359 0.367188
vt 0.669922 0.783203
vt 0.703125 0.365234
vt 0.691406 0.328125
vt 0.265625 0.341797
vt 0.703125 0.371094
vt 0.693359 0.365234
vt 0.265625 0.332031
vt 0.691406 0.373047
vt 0.703125 0.498047
vt 0.658203 0.783203
vt 0.703125 0.330078
vt 0.693359 0.498047
vt 0.658203 0.792969
vt 0.691406 0.371094
vt 0.703125 0.496094
vt 0.253906 0.332031
vt 0.703125 0.328125
vt 0.693359 0.496094
vt 0.253906 0.341797
vt 0.705078 0.992188
vt 0.691406 0.326172
vt 0.277344 0.341797
vt 0.703125 0.328125
vt 0.695312 0.992188
vt 0.277344 0.332031
vt 0.705078 0.990234
vt 0.691406 0.324219
vt 0.289062 0.341797
vt 0.703125 0.326172
vt 0.695312 0.990234
vt 0.289062 0.332031
vt 0.691406 0.328125
vt 0.703125 0.365234
vt 0.265625 0.332031
vt 0.703125 0.326172
vt 0.693359 0.365234
vt 0.265625 0.341797
vt 0.691406 0.326172
vt 0.703125 0.363281
vt 0.277344 0.332031
vt 0.703125 0.324219
vt 0.693359 0.363281
vt 0.277344 0.341797
vt 0.621094 0.304688
vt 0.378906 0.341797
vt 0.703125 0.324219
vt 0.669922 0.669922
vt 0.619141 0.304688
vt 0.703125 0.322266
vt 0.621094 0.294922
vt 0.378906 0.332031
vt 0.703125 0.322266
vt 0.669922 0.660156
vt 0.619141 0.294922
vt 0.703125 0.320312
vt 0.658203 0.669922
vt 0.619141 0.304688
vt 0.691406 0.322266
vt 0.390625 0.341797
vt 0.617188 0.304688
vt 0.691406 0.324219
vt 0.658203 0.660156
vt 0.619141 0.294922
vt 0.691406 0.320312
vt 0.390625 0.332031
vt 0.617188 0.294922
vt 0.691406 0.322266
vt 0.021484 0.447266
vt 0.341797 0.378906
vt 0.361328 0.378906
vt 0.306641 0.382812
vt 0.000000 0.447266
vt 0.361328 0.357422
vt 0.021484 0.425781
vt 0.341797 0.357422
vt 0.425781 0.378906
vt 0.306641 0.361328
vt 0.000000 0.425781
vt 0.425781 0.357422
vt 0.296875 0.382812
vt 0.000000 0.447266
vt 0.351562 0.357422
vt 0.021484 0.447266
vt 0.351562 0.378906
vt 0.296875 0.361328
vt 0.000000 0.425781
vt 0.416016 0.357422
vt 0.351562 0.357422
vt 0.021484 0.425781
vt 0.416016 0.378906
vt 0.697266 0.306641
vt 0.416016 0.341797
vt 0.703125 0.320312
vt 0.402344 0.341797
vt 0.695312 0.306641
vt 0.703125 0.318359
vt 0.697266 0.296875
vt 0.416016 0.332031
vt 0.703125 0.318359
vt 0.402344 0.332031
vt 0.695312 0.296875
vt 0.703125 0.316406
vt 0.390625 0.341797
vt 0.623047 0.304688
vt 0.691406 0.318359
vt 0.427734 0.341797
vt 0.621094 0.304688
vt 0.691406 0.320312
vt 0.390625 0.332031
vt 0.623047 0.294922
vt 0.691406 0.316406
vt 0.427734 0.332031
vt 0.621094 0.294922
vt 0.691406 0.318359
vt 0.705078 0.916016
vt 0.691406 0.314453
vt 0.453125 0.341797
vt 0.703125 0.316406
vt 0.695312 0.916016
vt 0.453125 0.332031
vt 0.705078 0.914062
vt 0.691406 0.312500
vt 0.615234 0.341797
vt 0.703125 0.314453
vt 0.695312 0.914062
vt 0.615234 0.332031
vt 0.691406 0.316406
vt 0.705078 0.990234
vt 0.441406 0.332031
vt 0.703125 0.314453
vt 0.695312 0.990234
vt 0.441406 0.341797
vt 0.691406 0.314453
vt 0.705078 0.988281
vt 0.603516 0.332031
vt 0.703125 0.312500
vt 0.695312 0.988281
vt 0.603516 0.341797
s 1
usemtl Material.001
f 1820/5376/179 1823/5385/179 1821/5379/179 1818/5370/179
f 1819/5373/180 1820/5377/180 1818/5371/180 1817/5367/180
f 1824/5388/181 1819/5374/181 1817/5368/181 1822/5382/181
f 1823/5386/182 1824/5389/182 1822/5383/182 1821/5380/182
f 1822/5384/183 1817/5369/183 1818/5372/183 1821/5381/183
f 1823/5387/184 1820/5378/184 1819/5375/184 1824/5390/184
f 1828/5400/179 1831/5409/179 1829/5403/179 1826/5394/179
f 1827/5397/180 1828/5401/180 1826/5395/180 1825/5391/180
f 1832/5412/181 1827/5398/181 1825/5392/181 1830/5406/181
f 1831/5410/182 1832/5413/182 1830/5407/182 1829/5404/182
f 1830/5408/183 1825/5393/183 1826/5396/183 1829/5405/183
f 1831/5411/184 1828/5402/184 1827/5399/184 1832/5414/184
f 1836/5424/185 1839/5433/185 1837/5427/185 1834/5418/185
f 1835/5421/180 1836/5425/180 1834/5419/180 1833/5415/180
f 1840/5436/186 1835/5422/186 1833/5416/186 1838/5430/186
f 1839/5434/182 1840/5437/182 1838/5431/182 1837/5428/182
f 1838/5432/187 1833/5417/187 1834/5420/187 1837/5429/187
f 1839/5435/188 1836/5426/188 1835/5423/188 1840/5438/188
f 1844/5448/185 1847/5457/185 1845/5451/185 1842/5442/185
f 1843/5445/180 1844/5449/180 1842/5443/180 1841/5439/180
f 1848/5460/186 1843/5446/186 1841/5440/186 1846/5454/186
f 1847/5458/182 1848/5461/182 1846/5455/182 1845/5452/182
f 1846/5456/187 1841/5441/187 1842/5444/187 1845/5453/187
f 1847/5459/188 1844/5450/188 1843/5447/188 1848/5462/188
f 1852/5472/179 1855/5481/179 1853/5475/179 1850/5466/179
f 1851/5469/180 1852/5473/180 1850/5467/180 1849/5463/180
f 1856/5484/181 1851/5470/181 1849/5464/181 1854/5478/181
f 1855/5482/182 1856/5485/182 1854/5479/182 1853/5476/182
f 1854/5480/183 1849/5465/183 1850/5468/183 1853/5477/183
f 1855/5483/184 1852/5474/184 1851/5471/184 1856/5486/184
f 1860/5496/185 1863/5505/185 1861/5499/185 1858/5490/185
f 1859/5493/180 1860/5497/180 1858/5491/180 1857/5487/180
f 1864/5508/186 1859/5494/186 1857/5488/186 1862/5502/186
f 1863/5506/182 1864/5509/182 1862/5503/182 1861/5500/182
f 1862/5504/187 1857/5489/187 1858/5492/187 1861/5501/187
f 1863/5507/188 1860/5498/188 1859/5495/188 1864/5510/188
f 1868/5520/179 1871/5529/179 1869/5523/179 1866/5514/179
f 1867/5517/180 1868/5521/180 1866/5515/180 1865/5511/180
f 1872/5532/181 1867/5518/181 1865/5512/181 1870/5526/181
f 1871/5530/182 1872/5533/182 1870/5527/182 1869/5524/182
f 1870/5528/183 1865/5513/183 1866/5516/183 1869/5525/183
f 1871/5531/184 1868/5522/184 1867/5519/184 1872/5534/184
f 1876/5544/185 1879/5553/185 1877/5547/185 1874/5538/185
f 1875/5541/180 1876/5545/180 1874/5539/180 1873/5535/180
f 1880/5556/186 1875/5542/186 1873/5536/186 1878/5550/186
f 1879/5554/182 1880/5557/182 1878/5551/182 1877/5548/182
f 1878/5552/187 1873/5537/187 1874/5540/187 1877/5549/187
f 1879/5555/188 1876/5546/188 1875/5543/188 1880/5558/188
f 1884/5568/185 1887/5577/185 1885/5571/185 1882/5562/185
f 1883/5565/180 1884/5569/180 1882/5563/180 1881/5559/180
f 1888/5580/186 1883/5566/186 1881/5560/186 1886/5574/186
f 1887/5578/182 1888/5581/182 1886/5575/182 1885/5572/182
f 1886/5576/187 1881/5561/187 1882/5564/187 1885/5573/187
f 1887/5579/188 1884/5570/188 1883/5567/188 1888/5582/188
f 1892/5592/185 1895/5601/185 1893/5595/185 1890/5586/185
f 1891/5589/180 1892/5593/180 1890/5587/180 1889/5583/180
f 1896/5604/186 1891/5590/186 1889/5584/186 1894/5598/186
f 1895/5602/182 1896/5605/182 1894/5599/182 1893/5596/182
f 1894/5600/187 1889/5585/187 1890/5588/187 1893/5597/187
f 1895/5603/188 1892/5594/188 1891/5591/188 1896/5606/188
f 1900/5616/179 1903/5625/179 1901/5619/179 1898/5610/179
f 1899/5613/180 1900/5617/180 1898/5611/180 1897/5607/180
f 1904/5628/181 1899/5614/181 1897/5608/181 1902/5622/181
f 1903/5626/182 1904/5629/182 1902/5623/182 1901/5620/182
f 1902/5624/183 1897/5609/183 1898/5612/183 1901/5621/183
f 1903/5627/184 1900/5618/184 1899/5615/184 1904/5630/184
f 1908/5640/179 1911/5649/179 1909/5643/179 1906/5634/179
f 1907/5637/180 1908/5641/180 1906/5635/180 1905/5631/180
f 1912/5652/181 1907/5638/181 1905/5632/181 1910/5646/181
f 1911/5650/182 1912/5653/182 1910/5647/182 1909/5644/182
f 1910/5648/183 1905/5633/183 1906/5636/183 1909/5645/183
f 1911/5651/184 1908/5642/184 1907/5639/184 1912/5654/184
f 1916/5664/185 1919/5673/185 1917/5667/185 1914/5658/185
f 1915/5661/180 1916/5665/180 1914/5659/180 1913/5655/180
f 1920/5676/186 1915/5662/186 1913/5656/186 1918/5670/186
f 1919/5674/182 1920/5677/182 1918/5671/182 1917/5668/182
f 1918/5672/187 1913/5657/187 1914/5660/187 1917/5669/187
f 1919/5675/188 1916/5666/188 1915/5663/188 1920/5678/188
f 1924/5688/179 1927/5697/179 1925/5691/179 1922/5682/179
f 1923/5685/180 1924/5689/180 1922/5683/180 1921/5679/180
f 1928/5700/181 1923/5686/181 1921/5680/181 1926/5694/181
f 1927/5698/182 1928/5701/182 1926/5695/182 1925/5692/182
f 1926/5696/183 1921/5681/183 1922/5684/183 1925/5693/183
f 1927/5699/184 1924/5690/184 1923/5687/184 1928/5702/184
f 1932/5712/179 1935/5720/179 1933/5715/179 1930/5706/179
f 1931/5709/180 1932/5713/180 1930/5707/180 1929/5703/180
f 1936/5723/181 1931/5710/181 1929/5704/181 1934/5719/181
f 1935/5721/182 1936/5724/182 1934/5718/182 1933/5716/182
f 1934/5719/183 1929/5705/183 1930/5708/183 1933/5717/183
f 1935/5722/184 1932/5714/184 1931/5711/184 1936/5725/184
f 1940/5735/185 1943/5744/185 1941/5738/185 1938/5729/185
f 1939/5732/180 1940/5736/180 1938/5730/180 1937/5726/180
f 1944/5747/186 1939/5733/186 1937/5727/186 1942/5741/186
f 1943/5745/182 1944/5748/182 1942/5742/182 1941/5739/182
f 1942/5743/187 1937/5728/187 1938/5731/187 1941/5740/187
f 1943/5746/188 1940/5737/188 1939/5734/188 1944/5749/188
f 1948/5759/179 1951/5768/179 1949/5762/179 1946/5753/179
f 1947/5756/180 1948/5760/180 1946/5754/180 1945/5750/180
f 1952/5771/181 1947/5757/181 1945/5751/181 1950/5765/181
f 1951/5769/182 1952/5772/182 1950/5766/182 1949/5763/182
f 1950/5767/183 1945/5752/183 1946/5755/183 1949/5764/183
f 1951/5770/184 1948/5761/184 1947/5758/184 1952/5773/184
o w2
v -1.279166 0.231621 -1.920652
v -1.279166 0.231621 -1.487802
v -1.279166 0.000425 -1.920652
v -1.279166 0.000425 -1.487802
v -0.878269 0.231621 -1.487801
v -0.878269 0.231621 -1.920652
v -0.878269 0.000425 -1.487801
v -0.878269 0.000425 -1.920652
v -1.279166 0.737517 -1.413321
v -1.279166 0.737517 -1.183563
v -1.279166 0.304665 -1.413321
v -1.279166 0.304665 -1.183563
v -0.878269 0.737517 -1.183563
v -0.878269 0.737517 -1.413322
v -0.878269 0.304665 -1.183563
v -0.878269 0.304665 -1.413322
v -1.279195 0.156590 -1.645840
v -1.279195 0.462704 -1.339728
v -1.279195 -0.000153 -1.489097
v -1.279195 0.305961 -1.182985
v -0.878240 0.462704 -1.339727
v -0.878240 0.156590 -1.645840
v -0.878240 0.305961 -1.182985
v -0.878240 -0.000153 -1.489098
v -1.278532 0.881750 -1.648745
v -1.278532 1.041398 -1.489097
v -1.278532 0.576573 -1.343569
v -1.278532 0.736221 -1.183922
v -0.878902 1.041398 -1.489097
v -0.878903 0.881750 -1.648745
v -0.878903 0.736221 -1.183922
v -0.878902 0.576573 -1.343569
v -1.279166 1.041757 -1.920651
v -1.279166 1.041757 -1.487802
v -1.279166 0.799184 -1.920651
v -1.279166 0.799184 -1.487802
v -0.878269 1.041757 -1.487801
v -0.878269 1.041757 -1.920652
v -0.878269 0.799184 -1.487801
v -0.878269 0.799184 -1.920652
v -1.279194 0.736221 -2.225468
v -1.279195 1.042335 -1.919355
v -1.279195 0.579478 -2.068725
v -1.279195 0.885592 -1.762613
v -0.878240 1.042335 -1.919356
v -0.878240 0.736221 -2.225468
v -0.878240 0.885592 -1.762613
v -0.878240 0.579478 -2.068725
v -1.279166 0.737517 -2.224891
v -1.279166 0.737517 -1.994271
v -1.279166 0.304665 -2.224891
v -1.279166 0.304665 -1.994271
v -0.878269 0.737517 -1.994271
v -0.878269 0.737517 -2.224891
v -0.878269 0.304665 -1.994271
v -0.878269 0.304665 -2.224891
v -1.279194 0.305961 -2.225468
v -1.279195 0.458020 -2.073410
v -1.279195 -0.000153 -1.919355
v -1.279195 0.151906 -1.767297
v -0.878239 0.458020 -2.073409
v -0.878240 0.305961 -2.225468
v -0.878240 0.151906 -1.767298
v -0.878240 -0.000153 -1.919356
v -1.268587 0.780890 -1.623834
v -1.268586 0.819618 -1.585106
v -1.268587 0.605234 -1.448179
v -1.268586 0.643962 -1.409451
v -0.904760 0.819618 -1.585106
v -0.904760 0.780890 -1.623834
v -0.904760 0.643962 -1.409451
v -0.904760 0.605234 -1.448179
v -1.268587 0.264015 -1.608851
v -1.268586 0.425338 -1.447528
v -1.268586 0.224636 -1.569471
v -1.268587 0.385959 -1.408149
v -0.904760 0.425338 -1.447528
v -0.904760 0.264015 -1.608850
v -0.904760 0.385959 -1.408149
v -0.904760 0.224636 -1.569471
v -1.268558 0.643564 -1.466362
v -1.268558 0.643564 -1.408935
v -1.268558 0.388010 -1.466362
v -1.268558 0.388010 -1.408935
v -0.904789 0.643564 -1.408935
v -0.904790 0.643564 -1.466362
v -0.904789 0.388010 -1.408935
v -0.904790 0.388010 -1.466362
v -1.268587 0.819619 -1.839713
v -1.268586 0.819619 -1.585106
v -1.268587 0.750323 -1.839713
v -1.268586 0.750323 -1.585106
v -0.904818 0.819619 -1.585106
v -0.904818 0.819619 -1.839713
v -0.904818 0.750323 -1.585106
v -0.904818 0.750323 -1.839713
v -1.268587 0.665390 -1.993942
v -1.268587 0.819618 -1.839714
v -1.268587 0.623003 -1.951554
v -1.268587 0.777231 -1.797326
v -0.904760 0.819618 -1.839714
v -0.904761 0.665390 -1.993941
v -0.904760 0.777231 -1.797326
v -0.904760 0.623003 -1.951554
v -1.268586 0.665390 -1.993941
v -1.268587 0.665390 -1.939615
v -1.268586 0.379532 -1.993941
v -1.268587 0.379532 -1.939615
v -0.904819 0.665390 -1.939615
v -0.904819 0.665390 -1.993941
v -0.904819 0.379532 -1.939615
v -0.904819 0.379532 -1.993941
v -1.227658 0.886305 -2.014790
v -1.227658 0.886305 -1.315849
v -1.227658 0.215604 -2.014790
v -1.227658 0.215604 -1.315849
v -0.924408 0.886305 -1.315849
v -0.924408 0.886305 -2.014790
v -0.924408 0.215604 -1.315849
v -0.924408 0.215604 -2.014790
v -1.268586 0.379532 -1.993941
v -1.268586 0.421919 -1.951554
v -1.268587 0.224635 -1.839045
v -1.268586 0.267022 -1.796657
v -0.904760 0.421919 -1.951553
v -0.904760 0.379532 -1.993941
v -0.904760 0.267022 -1.796657
v -0.904760 0.224635 -1.839045
v -1.268587 0.283499 -1.839045
v -1.268587 0.283499 -1.569472
v -1.268587 0.224636 -1.839045
v -1.268587 0.224635 -1.569472
v -0.904818 0.283499 -1.569472
v -0.904819 0.283499 -1.839045
v -0.904818 0.224635 -1.569472
v -0.904819 0.224636 -1.839045
vn -0.0000 -0.0000 1.0000
vn -1.0000 -0.0000 -0.0000
vn -0.0000 -0.0000 -1.0000
vn 1.0000 -0.0000 -0.0000
vn -0.0000 1.0000 -0.0000
vn -0.0000 -1.0000 -0.0000
vn -0.0000 0.7071 0.7071
vn -0.0000 -0.7071 -0.7071
vn -0.0000 0.7071 -0.7071
vn -0.0000 -0.7071 0.7071
vt 0.673828 0.335938
vt 0.671875 0.699219
vt 0.332031 0.365234
vt 0.683594 0.707031
vt 0.660156 0.335938
vt 0.332031 0.351562
vt 0.673828 0.328125
vt 0.671875 0.691406
vt 0.646484 0.669922
vt 0.683594 0.699219
vt 0.660156 0.328125
vt 0.646484 0.656250
vt 0.671875 0.707031
vt 0.660156 0.335938
vt 0.320312 0.351562
vt 0.683594 0.699219
vt 0.646484 0.335938
vt 0.320312 0.365234
vt 0.671875 0.699219
vt 0.660156 0.328125
vt 0.634766 0.656250
vt 0.683594 0.691406
vt 0.646484 0.328125
vt 0.634766 0.669922
vt 0.673828 1.000000
vt 0.593750 0.365234
vt 0.683594 0.662109
vt 0.593750 0.365234
vt 0.666016 1.000000
vt 0.683594 0.654297
vt 0.673828 0.986328
vt 0.593750 0.351562
vt 0.683594 0.654297
vt 0.593750 0.351562
vt 0.666016 0.986328
vt 0.683594 0.646484
vt 0.582031 0.365234
vt 0.630859 0.335938
vt 0.671875 0.654297
vt 0.605469 0.365234
vt 0.623047 0.335938
vt 0.671875 0.662109
vt 0.582031 0.351562
vt 0.630859 0.322266
vt 0.671875 0.646484
vt 0.605469 0.351562
vt 0.623047 0.322266
vt 0.671875 0.654297
vt 0.679688 0.923828
vt 0.449219 0.328125
vt 0.617188 0.365234
vt 0.435547 0.328125
vt 0.666016 0.923828
vt 0.617188 0.351562
vt 0.679688 0.916016
vt 0.449219 0.320312
vt 0.646484 0.390625
vt 0.435547 0.320312
vt 0.666016 0.916016
vt 0.646484 0.376953
vt 0.423828 0.328125
vt 0.050781 0.333984
vt 0.605469 0.351562
vt 0.460938 0.328125
vt 0.037109 0.333984
vt 0.605469 0.365234
vt 0.423828 0.320312
vt 0.050781 0.326172
vt 0.634766 0.376953
vt 0.460938 0.320312
vt 0.037109 0.326172
vt 0.634766 0.390625
vt 0.195312 0.333984
vt 0.636719 0.914062
vt 0.683594 0.537109
vt 0.646484 0.376953
vt 0.187500 0.333984
vt 0.683594 0.529297
vt 0.195312 0.320312
vt 0.636719 0.900391
vt 0.683594 0.519531
vt 0.646484 0.363281
vt 0.187500 0.320312
vt 0.683594 0.511719
vt 0.634766 0.376953
vt 0.058594 0.333984
vt 0.671875 0.529297
vt 0.648438 0.914062
vt 0.050781 0.333984
vt 0.671875 0.537109
vt 0.634766 0.363281
vt 0.058594 0.320312
vt 0.671875 0.511719
vt 0.648438 0.900391
vt 0.050781 0.320312
vt 0.671875 0.519531
vt 0.679688 0.845703
vt 0.671875 0.476562
vt 0.152344 0.363281
vt 0.683594 0.484375
vt 0.666016 0.845703
vt 0.152344 0.349609
vt 0.679688 0.837891
vt 0.671875 0.468750
vt 0.648438 0.787109
vt 0.683594 0.476562
vt 0.666016 0.837891
vt 0.648438 0.773438
vt 0.671875 0.484375
vt 0.679688 0.904297
vt 0.140625 0.349609
vt 0.683594 0.476562
vt 0.666016 0.904297
vt 0.140625 0.363281
vt 0.671875 0.476562
vt 0.679688 0.896484
vt 0.636719 0.773438
vt 0.683594 0.468750
vt 0.666016 0.896484
vt 0.636719 0.787109
vt 0.208984 0.333984
vt 0.566406 0.328125
vt 0.226562 0.363281
vt 0.544922 0.328125
vt 0.195312 0.333984
vt 0.226562 0.349609
vt 0.208984 0.326172
vt 0.566406 0.320312
vt 0.318359 0.363281
vt 0.544922 0.320312
vt 0.195312 0.326172
vt 0.318359 0.349609
vt 0.533203 0.328125
vt 0.679688 0.833984
vt 0.214844 0.349609
vt 0.578125 0.328125
vt 0.666016 0.833984
vt 0.214844 0.363281
vt 0.533203 0.320312
vt 0.679688 0.826172
vt 0.306641 0.349609
vt 0.578125 0.320312
vt 0.666016 0.826172
vt 0.306641 0.363281
vt 0.468750 0.333984
vt 0.638672 0.941406
vt 0.589844 0.328125
vt 0.646484 0.363281
vt 0.460938 0.333984
vt 0.589844 0.320312
vt 0.468750 0.320312
vt 0.638672 0.927734
vt 0.654297 0.328125
vt 0.646484 0.349609
vt 0.460938 0.320312
vt 0.654297 0.320312
vt 0.634766 0.363281
vt 0.410156 0.333984
vt 0.578125 0.320312
vt 0.650391 0.941406
vt 0.402344 0.333984
vt 0.578125 0.328125
vt 0.634766 0.349609
vt 0.410156 0.320312
vt 0.642578 0.320312
vt 0.650391 0.927734
vt 0.402344 0.320312
vt 0.642578 0.328125
vt 0.556641 0.322266
vt 0.269531 0.361328
vt 0.693359 0.982422
vt 0.269531 0.361328
vt 0.550781 0.322266
vt 0.693359 0.976562
vt 0.556641 0.308594
vt 0.269531 0.347656
vt 0.048828 0.318359
vt 0.269531 0.347656
vt 0.550781 0.308594
vt 0.048828 0.312500
vt 0.257812 0.361328
vt 0.550781 0.322266
vt 0.681641 0.976562
vt 0.281250 0.361328
vt 0.544922 0.322266
vt 0.681641 0.982422
vt 0.257812 0.347656
vt 0.550781 0.308594
vt 0.037109 0.312500
vt 0.281250 0.347656
vt 0.544922 0.308594
vt 0.037109 0.318359
vt 0.484375 0.304688
vt 0.656250 0.369141
vt 0.703125 0.384766
vt 0.667969 0.378906
vt 0.482422 0.304688
vt 0.703125 0.382812
vt 0.484375 0.294922
vt 0.656250 0.359375
vt 0.703125 0.382812
vt 0.667969 0.369141
vt 0.482422 0.294922
vt 0.703125 0.380859
vt 0.656250 0.378906
vt 0.482422 0.304688
vt 0.691406 0.382812
vt 0.667969 0.369141
vt 0.480469 0.304688
vt 0.691406 0.384766
vt 0.656250 0.369141
vt 0.482422 0.294922
vt 0.691406 0.380859
vt 0.667969 0.359375
vt 0.480469 0.294922
vt 0.691406 0.382812
vt 0.703125 0.513672
vt 0.691406 0.378906
vt 0.669922 0.962891
vt 0.703125 0.380859
vt 0.693359 0.513672
vt 0.669922 0.953125
vt 0.703125 0.511719
vt 0.691406 0.376953
vt 0.669922 0.914062
vt 0.703125 0.378906
vt 0.693359 0.511719
vt 0.669922 0.904297
vt 0.691406 0.380859
vt 0.703125 0.703125
vt 0.658203 0.953125
vt 0.703125 0.378906
vt 0.693359 0.703125
vt 0.658203 0.962891
vt 0.691406 0.378906
vt 0.703125 0.701172
vt 0.658203 0.904297
vt 0.703125 0.376953
vt 0.693359 0.701172
vt 0.658203 0.914062
vt 0.617188 0.304688
vt 0.658203 0.855469
vt 0.703125 0.376953
vt 0.669922 0.873047
vt 0.615234 0.304688
vt 0.703125 0.375000
vt 0.617188 0.294922
vt 0.658203 0.845703
vt 0.703125 0.375000
vt 0.669922 0.863281
vt 0.615234 0.294922
vt 0.703125 0.373047
vt 0.658203 0.873047
vt 0.697266 0.507812
vt 0.691406 0.375000
vt 0.669922 0.855469
vt 0.695312 0.507812
vt 0.691406 0.376953
vt 0.658203 0.863281
vt 0.697266 0.498047
vt 0.691406 0.373047
vt 0.669922 0.845703
vt 0.695312 0.498047
vt 0.691406 0.375000
vt 0.703125 0.367188
vt 0.691406 0.330078
vt 0.669922 0.792969
vt 0.703125 0.373047
vt 0.693359 0.367188
vt 0.669922 0.783203
vt 0.703125 0.365234
vt 0.691406 0.328125
vt 0.265625 0.341797
vt 0.703125 0.371094
vt 0.693359 0.365234
vt 0.265625 0.332031
vt 0.691406 0.373047
vt 0.703125 0.498047
vt 0.658203 0.783203
vt 0.703125 0.330078
vt 0.693359 0.498047
vt 0.658203 0.792969
vt 0.691406 0.371094
vt 0.703125 0.496094
vt 0.253906 0.332031
vt 0.703125 0.328125
vt 0.693359 0.496094
vt 0.253906 0.341797
vt 0.705078 0.992188
vt 0.691406 0.326172
vt 0.277344 0.341797
vt 0.703125 0.328125
vt 0.695312 0.992188
vt 0.277344 0.332031
vt 0.705078 0.990234
vt 0.691406 0.324219
vt 0.289062 0.341797
vt 0.703125 0.326172
vt 0.695312 0.990234
vt 0.289062 0.332031
vt 0.691406 0.328125
vt 0.703125 0.365234
vt 0.265625 0.332031
vt 0.703125 0.326172
vt 0.693359 0.365234
vt 0.265625 0.341797
vt 0.691406 0.326172
vt 0.703125 0.363281
vt 0.277344 0.332031
vt 0.703125 0.324219
vt 0.693359 0.363281
vt 0.277344 0.341797
vt 0.621094 0.304688
vt 0.378906 0.341797
vt 0.703125 0.324219
vt 0.669922 0.669922
vt 0.619141 0.304688
vt 0.703125 0.322266
vt 0.621094 0.294922
vt 0.378906 0.332031
vt 0.703125 0.322266
vt 0.669922 0.660156
vt 0.619141 0.294922
vt 0.703125 0.320312
vt 0.658203 0.669922
vt 0.619141 0.304688
vt 0.691406 0.322266
vt 0.390625 0.341797
vt 0.617188 0.304688
vt 0.691406 0.324219
vt 0.658203 0.660156
vt 0.619141 0.294922
vt 0.691406 0.320312
vt 0.390625 0.332031
vt 0.617188 0.294922
vt 0.691406 0.322266
vt 0.021484 0.447266
vt 0.341797 0.378906
vt 0.361328 0.378906
vt 0.306641 0.382812
vt 0.000000 0.447266
vt 0.361328 0.357422
vt 0.021484 0.425781
vt 0.341797 0.357422
vt 0.425781 0.378906
vt 0.306641 0.361328
vt 0.000000 0.425781
vt 0.425781 0.357422
vt 0.296875 0.382812
vt 0.000000 0.447266
vt 0.351562 0.357422
vt 0.021484 0.447266
vt 0.351562 0.378906
vt 0.296875 0.361328
vt 0.000000 0.425781
vt 0.416016 0.357422
vt 0.351562 0.357422
vt 0.021484 0.425781
vt 0.416016 0.378906
vt 0.697266 0.306641
vt 0.416016 0.341797
vt 0.703125 0.320312
vt 0.402344 0.341797
vt 0.695312 0.306641
vt 0.703125 0.318359
vt 0.697266 0.296875
vt 0.416016 0.332031
vt 0.703125 0.318359
vt 0.402344 0.332031
vt 0.695312 0.296875
vt 0.703125 0.316406
vt 0.390625 0.341797
vt 0.623047 0.304688
vt 0.691406 0.318359
vt 0.427734 0.341797
vt 0.621094 0.304688
vt 0.691406 0.320312
vt 0.390625 0.332031
vt 0.623047 0.294922
vt 0.691406 0.316406
vt 0.427734 0.332031
vt 0.621094 0.294922
vt 0.691406 0.318359
vt 0.705078 0.916016
vt 0.691406 0.314453
vt 0.453125 0.341797
vt 0.703125 0.316406
vt 0.695312 0.916016
vt 0.453125 0.332031
vt 0.705078 0.914062
vt 0.691406 0.312500
vt 0.615234 0.341797
vt 0.703125 0.314453
vt 0.695312 0.914062
vt 0.615234 0.332031
vt 0.691406 0.316406
vt 0.705078 0.990234
vt 0.441406 0.332031
vt 0.703125 0.314453
vt 0.695312 0.990234
vt 0.441406 0.341797
vt 0.691406 0.314453
vt 0.705078 0.988281
vt 0.603516 0.332031
vt 0.703125 0.312500
vt 0.695312 0.988281
vt 0.603516 0.341797
s 1
usemtl Material.001
f 1956/5783/189 1959/5792/189 1957/5786/189 1954/5777/189
f 1955/5780/190 1956/5784/190 1954/5778/190 1953/5774/190
f 1960/5795/191 1955/5781/191 1953/5775/191 1958/5789/191
f 1959/5793/192 1960/5796/192 1958/5790/192 1957/5787/192
f 1958/5791/193 1953/5776/193 1954/5779/193 1957/5788/193
f 1959/5794/194 1956/5785/194 1955/5782/194 1960/5797/194
f 1964/5807/189 1967/5816/189 1965/5810/189 1962/5801/189
f 1963/5804/190 1964/5808/190 1962/5802/190 1961/5798/190
f 1968/5819/191 1963/5805/191 1961/5799/191 1966/5813/191
f 1967/5817/192 1968/5820/192 1966/5814/192 1965/5811/192
f 1966/5815/193 1961/5800/193 1962/5803/193 1965/5812/193
f 1967/5818/194 1964/5809/194 1963/5806/194 1968/5821/194
f 1972/5831/195 1975/5840/195 1973/5834/195 1970/5825/195
f 1971/5828/190 1972/5832/190 1970/5826/190 1969/5822/190
f 1976/5843/196 1971/5829/196 1969/5823/196 1974/5837/196
f 1975/5841/192 1976/5844/192 1974/5838/192 1973/5835/192
f 1974/5839/197 1969/5824/197 1970/5827/197 1973/5836/197
f 1975/5842/198 1972/5833/198 1971/5830/198 1976/5845/198
f 1980/5855/195 1983/5864/195 1981/5858/195 1978/5849/195
f 1979/5852/190 1980/5856/190 1978/5850/190 1977/5846/190
f 1984/5867/196 1979/5853/196 1977/5847/196 1982/5861/196
f 1983/5865/192 1984/5868/192 1982/5862/192 1981/5859/192
f 1982/5863/197 1977/5848/197 1978/5851/197 1981/5860/197
f 1983/5866/198 1980/5857/198 1979/5854/198 1984/5869/198
f 1988/5879/189 1991/5888/189 1989/5882/189 1986/5873/189
f 1987/5876/190 1988/5880/190 1986/5874/190 1985/5870/190
f 1992/5891/191 1987/5877/191 1985/5871/191 1990/5885/191
f 1991/5889/192 1992/5892/192 1990/5886/192 1989/5883/192
f 1990/5887/193 1985/5872/193 1986/5875/193 1989/5884/193
f 1991/5890/194 1988/5881/194 1987/5878/194 1992/5893/194
f 1996/5903/195 1999/5912/195 1997/5906/195 1994/5897/195
f 1995/5900/190 1996/5904/190 1994/5898/190 1993/5894/190
f 2000/5915/196 1995/5901/196 1993/5895/196 1998/5909/196
f 1999/5913/192 2000/5916/192 1998/5910/192 1997/5907/192
f 1998/5911/197 1993/5896/197 1994/5899/197 1997/5908/197
f 1999/5914/198 1996/5905/198 1995/5902/198 2000/5917/198
f 2004/5927/189 2007/5936/189 2005/5930/189 2002/5921/189
f 2003/5924/190 2004/5928/190 2002/5922/190 2001/5918/190
f 2008/5939/191 2003/5925/191 2001/5919/191 2006/5933/191
f 2007/5937/192 2008/5940/192 2006/5934/192 2005/5931/192
f 2006/5935/193 2001/5920/193 2002/5923/193 2005/5932/193
f 2007/5938/194 2004/5929/194 2003/5926/194 2008/5941/194
f 2012/5951/195 2015/5960/195 2013/5954/195 2010/5945/195
f 2011/5948/190 2012/5952/190 2010/5946/190 2009/5942/190
f 2016/5963/196 2011/5949/196 2009/5943/196 2014/5957/196
f 2015/5961/192 2016/5964/192 2014/5958/192 2013/5955/192
f 2014/5959/197 2009/5944/197 2010/5947/197 2013/5956/197
f 2015/5962/198 2012/5953/198 2011/5950/198 2016/5965/198
f 2020/5975/195 2023/5984/195 2021/5978/195 2018/5969/195
f 2019/5972/190 2020/5976/190 2018/5970/190 2017/5966/190
f 2024/5987/196 2019/5973/196 2017/5967/196 2022/5981/196
f 2023/5985/192 2024/5988/192 2022/5982/192 2021/5979/192
f 2022/5983/197 2017/5968/197 2018/5971/197 2021/5980/197
f 2023/5986/198 2020/5977/198 2019/5974/198 2024/5989/198
f 2028/5999/195 2031/6008/195 2029/6002/195 2026/5993/195
f 2027/5996/190 2028/6000/190 2026/5994/190 2025/5990/190
f 2032/6011/196 2027/5997/196 2025/5991/196 2030/6005/196
f 2031/6009/192 2032/6012/192 2030/6006/192 2029/6003/192
f 2030/6007/197 2025/5992/197 2026/5995/197 2029/6004/197
f 2031/6010/198 2028/6001/198 2027/5998/198 2032/6013/198
f 2036/6023/189 2039/6032/189 2037/6026/189 2034/6017/189
f 2035/6020/190 2036/6024/190 2034/6018/190 2033/6014/190
f 2040/6035/191 2035/6021/191 2033/6015/191 2038/6029/191
f 2039/6033/192 2040/6036/192 2038/6030/192 2037/6027/192
f 2038/6031/193 2033/6016/193 2034/6019/193 2037/6028/193
f 2039/6034/194 2036/6025/194 2035/6022/194 2040/6037/194
f 2044/6047/189 2047/6056/189 2045/6050/189 2042/6041/189
f 2043/6044/190 2044/6048/190 2042/6042/190 2041/6038/190
f 2048/6059/191 2043/6045/191 2041/6039/191 2046/6053/191
f 2047/6057/192 2048/6060/192 2046/6054/192 2045/6051/192
f 2046/6055/193 2041/6040/193 2042/6043/193 2045/6052/193
f 2047/6058/194 2044/6049/194 2043/6046/194 2048/6061/194
f 2052/6071/195 2055/6080/195 2053/6074/195 2050/6065/195
f 2051/6068/190 2052/6072/190 2050/6066/190 2049/6062/190
f 2056/6083/196 2051/6069/196 2049/6063/196 2054/6077/196
f 2055/6081/192 2056/6084/192 2054/6078/192 2053/6075/192
f 2054/6079/197 2049/6064/197 2050/6067/197 2053/6076/197
f 2055/6082/198 2052/6073/198 2051/6070/198 2056/6085/198
f 2060/6095/189 2063/6104/189 2061/6098/189 2058/6089/189
f 2059/6092/190 2060/6096/190 2058/6090/190 2057/6086/190
f 2064/6107/191 2059/6093/191 2057/6087/191 2062/6101/191
f 2063/6105/192 2064/6108/192 2062/6102/192 2061/6099/192
f 2062/6103/193 2057/6088/193 2058/6091/193 2061/6100/193
f 2063/6106/194 2060/6097/194 2059/6094/194 2064/6109/194
f 2068/6119/189 2071/6127/189 2069/6122/189 2066/6113/189
f 2067/6116/190 2068/6120/190 2066/6114/190 2065/6110/190
f 2072/6130/191 2067/6117/191 2065/6111/191 2070/6126/191
f 2071/6128/192 2072/6131/192 2070/6125/192 2069/6123/192
f 2070/6126/193 2065/6112/193 2066/6115/193 2069/6124/193
f 2071/6129/194 2068/6121/194 2067/6118/194 2072/6132/194
f 2076/6142/195 2079/6151/195 2077/6145/195 2074/6136/195
f 2075/6139/190 2076/6143/190 2074/6137/190 2073/6133/190
f 2080/6154/196 2075/6140/196 2073/6134/196 2078/6148/196
f 2079/6152/192 2080/6155/192 2078/6149/192 2077/6146/192
f 2078/6150/197 2073/6135/197 2074/6138/197 2077/6147/197
f 2079/6153/198 2076/6144/198 2075/6141/198 2080/6156/198
f 2084/6166/189 2087/6175/189 2085/6169/189 2082/6160/189
f 2083/6163/190 2084/6167/190 2082/6161/190 2081/6157/190
f 2088/6178/191 2083/6164/191 2081/6158/191 2086/6172/191
f 2087/6176/192 2088/6179/192 2086/6173/192 2085/6170/192
f 2086/6174/193 2081/6159/193 2082/6162/193 2085/6171/193
f 2087/6177/194 2084/6168/194 2083/6165/194 2088/6180/194
o w3
v 0.878269 0.231621 1.891829
v 0.878269 0.231620 2.324679
v 0.878269 0.000424 1.891829
v 0.878269 0.000424 2.324679
v 1.279166 0.231620 2.324679
v 1.279166 0.231621 1.891829
v 1.279166 0.000424 2.324679
v 1.279166 0.000424 1.891829
v 0.878269 0.737517 2.399158
v 0.878269 0.737517 2.628918
v 0.878269 0.304664 2.399158
v 0.878269 0.304664 2.628918
v 1.279166 0.737517 2.628918
v 1.279166 0.737517 2.399159
v 1.279166 0.304664 2.628918
v 1.279166 0.304664 2.399159
v 0.878240 0.156590 2.166640
v 0.878240 0.462704 2.472753
v 0.878240 -0.000154 2.323383
v 0.878240 0.305960 2.629495
v 1.279194 0.462704 2.472752
v 1.279195 0.156590 2.166641
v 1.279194 0.305960 2.629495
v 1.279195 -0.000154 2.323383
v 0.878902 0.881750 2.163736
v 0.878902 1.041398 2.323383
v 0.878902 0.576573 2.468911
v 0.878902 0.736220 2.628558
v 1.278532 1.041398 2.323383
v 1.278532 0.881750 2.163736
v 1.278532 0.736220 2.628560
v 1.278532 0.576573 2.468911
v 0.878269 1.041757 1.891829
v 0.878269 1.041757 2.324679
v 0.878269 0.799183 1.891829
v 0.878269 0.799183 2.324679
v 1.279166 1.041757 2.324679
v 1.279166 1.041757 1.891829
v 1.279166 0.799183 2.324679
v 1.279166 0.799183 1.891829
v 0.878240 0.736221 1.587013
v 0.878240 1.042335 1.893125
v 0.878240 0.579477 1.743755
v 0.878240 0.885591 2.049867
v 1.279195 1.042335 1.893125
v 1.279195 0.736221 1.587013
v 1.279195 0.885591 2.049867
v 1.279195 0.579477 1.743755
v 0.878269 0.737517 1.587590
v 0.878269 0.737517 1.818210
v 0.878269 0.304664 1.587590
v 0.878269 0.304664 1.818210
v 1.279166 0.737517 1.818209
v 1.279166 0.737517 1.587589
v 1.279166 0.304664 1.818209
v 1.279166 0.304664 1.587589
v 0.878240 0.305960 1.587013
v 0.878240 0.458019 1.739071
v 0.878240 -0.000154 1.893125
v 0.878240 0.151905 2.045183
v 1.279195 0.458019 1.739071
v 1.279195 0.305960 1.587012
v 1.279195 0.151905 2.045183
v 1.279195 -0.000154 1.893125
v 0.904760 0.781328 2.187060
v 0.904760 0.820056 2.225788
v 0.904761 0.602783 2.365604
v 0.904760 0.641511 2.404331
v 1.268587 0.820056 2.225787
v 1.268587 0.781328 2.187060
v 1.268587 0.641511 2.404331
v 1.268587 0.602783 2.365604
v 0.904760 0.264015 2.203630
v 0.904760 0.425338 2.364951
v 0.904760 0.224635 2.243009
v 0.904760 0.385958 2.404331
v 1.268587 0.425338 2.364952
v 1.268587 0.264015 2.203630
v 1.268587 0.385958 2.404331
v 1.268586 0.224635 2.243009
v 0.904819 0.641512 2.346904
v 0.904819 0.641512 2.404331
v 0.904819 0.385958 2.346904
v 0.904819 0.385958 2.404331
v 1.268587 0.641512 2.404331
v 1.268587 0.641512 2.346904
v 1.268587 0.385958 2.404331
v 1.268587 0.385958 2.346904
v 0.904819 0.819618 1.972767
v 0.904818 0.819618 2.227374
v 0.904819 0.750322 1.972767
v 0.904818 0.750322 2.227374
v 1.268587 0.819618 2.227374
v 1.268587 0.819618 1.972767
v 1.268587 0.750322 2.227374
v 1.268587 0.750322 1.972767
v 0.904760 0.665389 1.818539
v 0.904761 0.819618 1.972767
v 0.904760 0.623002 1.860926
v 0.904760 0.777230 2.015154
v 1.268587 0.819618 1.972767
v 1.268587 0.665389 1.818539
v 1.268586 0.777230 2.015154
v 1.268587 0.623002 1.860926
v 0.904818 0.665390 1.818539
v 0.904819 0.665390 1.872865
v 0.904818 0.379532 1.818539
v 0.904819 0.379532 1.872865
v 1.268586 0.665390 1.872865
v 1.268587 0.665390 1.818540
v 1.268586 0.379532 1.872865
v 1.268587 0.379532 1.818540
v 0.924408 0.886304 1.797690
v 0.924407 0.886304 2.496630
v 0.924408 0.215604 1.797690
v 0.924407 0.215604 2.496630
v 1.227657 0.886304 2.496630
v 1.227657 0.886304 1.797690
v 1.227657 0.215604 2.496630
v 1.227657 0.215604 1.797690
v 0.904760 0.379531 1.818539
v 0.904760 0.421919 1.860926
v 0.904760 0.224634 1.973436
v 0.904760 0.267022 2.015822
v 1.268586 0.421919 1.860927
v 1.268587 0.379531 1.818539
v 1.268586 0.267022 2.015823
v 1.268587 0.224634 1.973436
v 0.904819 0.283499 1.973436
v 0.904818 0.283499 2.243008
v 0.904819 0.224635 1.973436
v 0.904818 0.224635 2.243008
v 1.268586 0.283499 2.243008
v 1.268587 0.283499 1.973436
v 1.268586 0.224635 2.243008
v 1.268587 0.224635 1.973436
vn -0.0000 -0.0000 1.0000
vn -1.0000 -0.0000 -0.0000
vn -0.0000 -0.0000 -1.0000
vn 1.0000 -0.0000 -0.0000
vn -0.0000 1.0000 -0.0000
vn -0.0000 -1.0000 -0.0000
vn -0.0000 0.7071 0.7071
vn -0.0000 -0.7071 -0.7071
vn -0.0000 0.7071 -0.7071
vn -0.0000 -0.7071 0.7071
vt 0.646484 0.335938
vt 0.683594 0.699219
vt 0.320312 0.365234
vt 0.671875 0.707031
vt 0.660156 0.335938
vt 0.320312 0.351562
vt 0.646484 0.328125
vt 0.683594 0.691406
vt 0.634766 0.669922
vt 0.671875 0.699219
vt 0.660156 0.328125
vt 0.634766 0.656250
vt 0.683594 0.707031
vt 0.660156 0.335938
vt 0.332031 0.351562
vt 0.671875 0.699219
vt 0.673828 0.335938
vt 0.332031 0.365234
vt 0.683594 0.699219
vt 0.660156 0.328125
vt 0.646484 0.656250
vt 0.671875 0.691406
vt 0.673828 0.328125
vt 0.646484 0.669922
vt 0.623047 0.335938
vt 0.605469 0.365234
vt 0.671875 0.662109
vt 0.582031 0.365234
vt 0.630859 0.335938
vt 0.671875 0.654297
vt 0.623047 0.322266
vt 0.605469 0.351562
vt 0.671875 0.654297
vt 0.582031 0.351562
vt 0.630859 0.322266
vt 0.671875 0.646484
vt 0.593750 0.365234
vt 0.666016 1.000000
vt 0.683594 0.654297
vt 0.593750 0.365234
vt 0.673828 1.000000
vt 0.683594 0.662109
vt 0.593750 0.351562
vt 0.666016 0.986328
vt 0.683594 0.646484
vt 0.593750 0.351562
vt 0.673828 0.986328
vt 0.683594 0.654297
vt 0.037109 0.333984
vt 0.460938 0.328125
vt 0.605469 0.365234
vt 0.423828 0.328125
vt 0.050781 0.333984
vt 0.605469 0.351562
vt 0.037109 0.326172
vt 0.460938 0.320312
vt 0.634766 0.390625
vt 0.423828 0.320312
vt 0.050781 0.326172
vt 0.634766 0.376953
vt 0.435547 0.328125
vt 0.666016 0.923828
vt 0.617188 0.351562
vt 0.449219 0.328125
vt 0.679688 0.923828
vt 0.617188 0.365234
vt 0.435547 0.320312
vt 0.666016 0.916016
vt 0.646484 0.376953
vt 0.449219 0.320312
vt 0.679688 0.916016
vt 0.646484 0.390625
vt 0.050781 0.333984
vt 0.648438 0.914062
vt 0.671875 0.537109
vt 0.634766 0.376953
vt 0.058594 0.333984
vt 0.671875 0.529297
vt 0.050781 0.320312
vt 0.648438 0.900391
vt 0.671875 0.519531
vt 0.634766 0.363281
vt 0.058594 0.320312
vt 0.671875 0.511719
vt 0.646484 0.376953
vt 0.187500 0.333984
vt 0.683594 0.529297
vt 0.636719 0.914062
vt 0.195312 0.333984
vt 0.683594 0.537109
vt 0.646484 0.363281
vt 0.187500 0.320312
vt 0.683594 0.511719
vt 0.636719 0.900391
vt 0.195312 0.320312
vt 0.683594 0.519531
vt 0.666016 0.904297
vt 0.683594 0.476562
vt 0.140625 0.363281
vt 0.671875 0.484375
vt 0.679688 0.904297
vt 0.140625 0.349609
vt 0.666016 0.896484
vt 0.683594 0.468750
vt 0.636719 0.787109
vt 0.671875 0.476562
vt 0.679688 0.896484
vt 0.636719 0.773438
vt 0.683594 0.484375
vt 0.666016 0.845703
vt 0.152344 0.349609
vt 0.671875 0.476562
vt 0.679688 0.845703
vt 0.152344 0.363281
vt 0.683594 0.476562
vt 0.666016 0.837891
vt 0.648438 0.773438
vt 0.671875 0.468750
vt 0.679688 0.837891
vt 0.648438 0.787109
vt 0.666016 0.833984
vt 0.578125 0.328125
vt 0.214844 0.363281
vt 0.533203 0.328125
vt 0.679688 0.833984
vt 0.214844 0.349609
vt 0.666016 0.826172
vt 0.578125 0.320312
vt 0.306641 0.363281
vt 0.533203 0.320312
vt 0.679688 0.826172
vt 0.306641 0.349609
vt 0.544922 0.328125
vt 0.195312 0.333984
vt 0.226562 0.349609
vt 0.566406 0.328125
vt 0.208984 0.333984
vt 0.226562 0.363281
vt 0.544922 0.320312
vt 0.195312 0.326172
vt 0.318359 0.349609
vt 0.566406 0.320312
vt 0.208984 0.326172
vt 0.318359 0.363281
vt 0.402344 0.333984
vt 0.650391 0.941406
vt 0.578125 0.328125
vt 0.634766 0.363281
vt 0.410156 0.333984
vt 0.578125 0.320312
vt 0.402344 0.320312
vt 0.650391 0.927734
vt 0.642578 0.328125
vt 0.634766 0.349609
vt 0.410156 0.320312
vt 0.642578 0.320312
vt 0.646484 0.363281
vt 0.460938 0.333984
vt 0.589844 0.320312
vt 0.638672 0.941406
vt 0.468750 0.333984
vt 0.589844 0.328125
vt 0.646484 0.349609
vt 0.460938 0.320312
vt 0.654297 0.320312
vt 0.638672 0.927734
vt 0.468750 0.320312
vt 0.654297 0.328125
vt 0.544922 0.322266
vt 0.281250 0.361328
vt 0.681641 0.982422
vt 0.257812 0.361328
vt 0.550781 0.322266
vt 0.681641 0.976562
vt 0.544922 0.308594
vt 0.281250 0.347656
vt 0.037109 0.318359
vt 0.257812 0.347656
vt 0.550781 0.308594
vt 0.037109 0.312500
vt 0.269531 0.361328
vt 0.550781 0.322266
vt 0.693359 0.976562
vt 0.269531 0.361328
vt 0.556641 0.322266
vt 0.693359 0.982422
vt 0.269531 0.347656
vt 0.550781 0.308594
vt 0.048828 0.312500
vt 0.269531 0.347656
vt 0.556641 0.308594
vt 0.048828 0.318359
vt 0.480469 0.304688
vt 0.667969 0.369141
vt 0.691406 0.384766
vt 0.656250 0.378906
vt 0.482422 0.304688
vt 0.691406 0.382812
vt 0.480469 0.294922
vt 0.667969 0.359375
vt 0.691406 0.382812
vt 0.656250 0.369141
vt 0.482422 0.294922
vt 0.691406 0.380859
vt 0.667969 0.378906
vt 0.482422 0.304688
vt 0.703125 0.382812
vt 0.656250 0.369141
vt 0.484375 0.304688
vt 0.703125 0.384766
vt 0.667969 0.369141
vt 0.482422 0.294922
vt 0.703125 0.380859
vt 0.656250 0.359375
vt 0.484375 0.294922
vt 0.703125 0.382812
vt 0.693359 0.703125
vt 0.703125 0.378906
vt 0.658203 0.962891
vt 0.691406 0.380859
vt 0.703125 0.703125
vt 0.658203 0.953125
vt 0.693359 0.701172
vt 0.703125 0.376953
vt 0.658203 0.914062
vt 0.691406 0.378906
vt 0.703125 0.701172
vt 0.658203 0.904297
vt 0.703125 0.380859
vt 0.693359 0.513672
vt 0.669922 0.953125
vt 0.691406 0.378906
vt 0.703125 0.513672
vt 0.669922 0.962891
vt 0.703125 0.378906
vt 0.693359 0.511719
vt 0.669922 0.904297
vt 0.691406 0.376953
vt 0.703125 0.511719
vt 0.669922 0.914062
vt 0.695312 0.507812
vt 0.669922 0.855469
vt 0.691406 0.376953
vt 0.658203 0.873047
vt 0.697266 0.507812
vt 0.691406 0.375000
vt 0.695312 0.498047
vt 0.669922 0.845703
vt 0.691406 0.375000
vt 0.658203 0.863281
vt 0.697266 0.498047
vt 0.691406 0.373047
vt 0.669922 0.873047
vt 0.615234 0.304688
vt 0.703125 0.375000
vt 0.658203 0.855469
vt 0.617188 0.304688
vt 0.703125 0.376953
vt 0.669922 0.863281
vt 0.615234 0.294922
vt 0.703125 0.373047
vt 0.658203 0.845703
vt 0.617188 0.294922
vt 0.703125 0.375000
vt 0.693359 0.498047
vt 0.703125 0.330078
vt 0.658203 0.792969
vt 0.691406 0.373047
vt 0.703125 0.498047
vt 0.658203 0.783203
vt 0.693359 0.496094
vt 0.703125 0.328125
vt 0.253906 0.341797
vt 0.691406 0.371094
vt 0.703125 0.496094
vt 0.253906 0.332031
vt 0.703125 0.373047
vt 0.693359 0.367188
vt 0.669922 0.783203
vt 0.691406 0.330078
vt 0.703125 0.367188
vt 0.669922 0.792969
vt 0.703125 0.371094
vt 0.693359 0.365234
vt 0.265625 0.332031
vt 0.691406 0.328125
vt 0.703125 0.365234
vt 0.265625 0.341797
vt 0.693359 0.365234
vt 0.703125 0.326172
vt 0.265625 0.341797
vt 0.691406 0.328125
vt 0.703125 0.365234
vt 0.265625 0.332031
vt 0.693359 0.363281
vt 0.703125 0.324219
vt 0.277344 0.341797
vt 0.691406 0.326172
vt 0.703125 0.363281
vt 0.277344 0.332031
vt 0.703125 0.328125
vt 0.695312 0.992188
vt 0.277344 0.332031
vt 0.691406 0.326172
vt 0.705078 0.992188
vt 0.277344 0.341797
vt 0.703125 0.326172
vt 0.695312 0.990234
vt 0.289062 0.332031
vt 0.691406 0.324219
vt 0.705078 0.990234
vt 0.289062 0.341797
vt 0.617188 0.304688
vt 0.390625 0.341797
vt 0.691406 0.324219
vt 0.658203 0.669922
vt 0.619141 0.304688
vt 0.691406 0.322266
vt 0.617188 0.294922
vt 0.390625 0.332031
vt 0.691406 0.322266
vt 0.658203 0.660156
vt 0.619141 0.294922
vt 0.691406 0.320312
vt 0.669922 0.669922
vt 0.619141 0.304688
vt 0.703125 0.322266
vt 0.378906 0.341797
vt 0.621094 0.304688
vt 0.703125 0.324219
vt 0.669922 0.660156
vt 0.619141 0.294922
vt 0.703125 0.320312
vt 0.378906 0.332031
vt 0.621094 0.294922
vt 0.703125 0.322266
vt 0.021484 0.447266
vt 0.351562 0.378906
vt 0.296875 0.382812
vt 0.000000 0.447266
vt 0.351562 0.357422
vt 0.021484 0.425781
vt 0.351562 0.357422
vt 0.416016 0.378906
vt 0.296875 0.361328
vt 0.000000 0.425781
vt 0.416016 0.357422
vt 0.306641 0.382812
vt 0.000000 0.447266
vt 0.361328 0.357422
vt 0.341797 0.378906
vt 0.021484 0.447266
vt 0.361328 0.378906
vt 0.306641 0.361328
vt 0.000000 0.425781
vt 0.425781 0.357422
vt 0.341797 0.357422
vt 0.021484 0.425781
vt 0.425781 0.378906
vt 0.621094 0.304688
vt 0.427734 0.341797
vt 0.691406 0.320312
vt 0.390625 0.341797
vt 0.623047 0.304688
vt 0.691406 0.318359
vt 0.621094 0.294922
vt 0.427734 0.332031
vt 0.691406 0.318359
vt 0.390625 0.332031
vt 0.623047 0.294922
vt 0.691406 0.316406
vt 0.402344 0.341797
vt 0.695312 0.306641
vt 0.703125 0.318359
vt 0.416016 0.341797
vt 0.697266 0.306641
vt 0.703125 0.320312
vt 0.402344 0.332031
vt 0.695312 0.296875
vt 0.703125 0.316406
vt 0.416016 0.332031
vt 0.697266 0.296875
vt 0.703125 0.318359
vt 0.695312 0.990234
vt 0.703125 0.314453
vt 0.441406 0.341797
vt 0.691406 0.316406
vt 0.705078 0.990234
vt 0.441406 0.332031
vt 0.695312 0.988281
vt 0.703125 0.312500
vt 0.603516 0.341797
vt 0.691406 0.314453
vt 0.705078 0.988281
vt 0.603516 0.332031
vt 0.703125 0.316406
vt 0.695312 0.916016
vt 0.453125 0.332031
vt 0.691406 0.314453
vt 0.705078 0.916016
vt 0.453125 0.341797
vt 0.703125 0.314453
vt 0.695312 0.914062
vt 0.615234 0.332031
vt 0.691406 0.312500
vt 0.705078 0.914062
vt 0.615234 0.341797
s 1
usemtl Material.001
f 2092/6190/199 2095/6199/199 2093/6193/199 2090/6184/199
f 2091/6187/200 2092/6191/200 2090/6185/200 2089/6181/200
f 2096/6202/201 2091/6188/201 2089/6182/201 2094/6196/201
f 2095/6200/202 2096/6203/202 2094/6197/202 2093/6194/202
f 2094/6198/203 2089/6183/203 2090/6186/203 2093/6195/203
f 2095/6201/204 2092/6192/204 2091/6189/204 2096/6204/204
f 2100/6214/199 2103/6223/199 2101/6217/199 2098/6208/199
f 2099/6211/200 2100/6215/200 2098/6209/200 2097/6205/200
f 2104/6226/201 2099/6212/201 2097/6206/201 2102/6220/201
f 2103/6224/202 2104/6227/202 2102/6221/202 2101/6218/202
f 2102/6222/203 2097/6207/203 2098/6210/203 2101/6219/203
f 2103/6225/204 2100/6216/204 2099/6213/204 2104/6228/204
f 2108/6238/205 2111/6247/205 2109/6241/205 2106/6232/205
f 2107/6235/200 2108/6239/200 2106/6233/200 2105/6229/200
f 2112/6250/206 2107/6236/206 2105/6230/206 2110/6244/206
f 2111/6248/202 2112/6251/202 2110/6245/202 2109/6242/202
f 2110/6246/207 2105/6231/207 2106/6234/207 2109/6243/207
f 2111/6249/208 2108/6240/208 2107/6237/208 2112/6252/208
f 2116/6262/205 2119/6271/205 2117/6265/205 2114/6256/205
f 2115/6259/200 2116/6263/200 2114/6257/200 2113/6253/200
f 2120/6274/206 2115/6260/206 2113/6254/206 2118/6268/206
f 2119/6272/202 2120/6275/202 2118/6269/202 2117/6266/202
f 2118/6270/207 2113/6255/207 2114/6258/207 2117/6267/207
f 2119/6273/208 2116/6264/208 2115/6261/208 2120/6276/208
f 2124/6286/199 2127/6295/199 2125/6289/199 2122/6280/199
f 2123/6283/200 2124/6287/200 2122/6281/200 2121/6277/200
f 2128/6298/201 2123/6284/201 2121/6278/201 2126/6292/201
f 2127/6296/202 2128/6299/202 2126/6293/202 2125/6290/202
f 2126/6294/203 2121/6279/203 2122/6282/203 2125/6291/203
f 2127/6297/204 2124/6288/204 2123/6285/204 2128/6300/204
f 2132/6310/205 2135/6319/205 2133/6313/205 2130/6304/205
f 2131/6307/200 2132/6311/200 2130/6305/200 2129/6301/200
f 2136/6322/206 2131/6308/206 2129/6302/206 2134/6316/206
f 2135/6320/202 2136/6323/202 2134/6317/202 2133/6314/202
f 2134/6318/207 2129/6303/207 2130/6306/207 2133/6315/207
f 2135/6321/208 2132/6312/208 2131/6309/208 2136/6324/208
f 2140/6334/199 2143/6343/199 2141/6337/199 2138/6328/199
f 2139/6331/200 2140/6335/200 2138/6329/200 2137/6325/200
f 2144/6346/201 2139/6332/201 2137/6326/201 2142/6340/201
f 2143/6344/202 2144/6347/202 2142/6341/202 2141/6338/202
f 2142/6342/203 2137/6327/203 2138/6330/203 2141/6339/203
f 2143/6345/204 2140/6336/204 2139/6333/204 2144/6348/204
f 2148/6358/205 2151/6367/205 2149/6361/205 2146/6352/205
f 2147/6355/200 2148/6359/200 2146/6353/200 2145/6349/200
f 2152/6370/206 2147/6356/206 2145/6350/206 2150/6364/206
f 2151/6368/202 2152/6371/202 2150/6365/202 2149/6362/202
f 2150/6366/207 2145/6351/207 2146/6354/207 2149/6363/207
f 2151/6369/208 2148/6360/208 2147/6357/208 2152/6372/208
f 2156/6382/205 2159/6391/205 2157/6385/205 2154/6376/205
f 2155/6379/200 2156/6383/200 2154/6377/200 2153/6373/200
f 2160/6394/206 2155/6380/206 2153/6374/206 2158/6388/206
f 2159/6392/202 2160/6395/202 2158/6389/202 2157/6386/202
f 2158/6390/207 2153/6375/207 2154/6378/207 2157/6387/207
f 2159/6393/208 2156/6384/208 2155/6381/208 2160/6396/208
f 2164/6406/205 2167/6415/205 2165/6409/205 2162/6400/205
f 2163/6403/200 2164/6407/200 2162/6401/200 2161/6397/200
f 2168/6418/206 2163/6404/206 2161/6398/206 2166/6412/206
f 2167/6416/202 2168/6419/202 2166/6413/202 2165/6410/202
f 2166/6414/207 2161/6399/207 2162/6402/207 2165/6411/207
f 2167/6417/208 2164/6408/208 2163/6405/208 2168/6420/208
f 2172/6430/199 2175/6439/199 2173/6433/199 2170/6424/199
f 2171/6427/200 2172/6431/200 2170/6425/200 2169/6421/200
f 2176/6442/201 2171/6428/201 2169/6422/201 2174/6436/201
f 2175/6440/202 2176/6443/202 2174/6437/202 2173/6434/202
f 2174/6438/203 2169/6423/203 2170/6426/203 2173/6435/203
f 2175/6441/204 2172/6432/204 2171/6429/204 2176/6444/204
f 2180/6454/199 2183/6463/199 2181/6457/199 2178/6448/199
f 2179/6451/200 2180/6455/200 2178/6449/200 2177/6445/200
f 2184/6466/201 2179/6452/201 2177/6446/201 2182/6460/201
f 2183/6464/202 2184/6467/202 2182/6461/202 2181/6458/202
f 2182/6462/203 2177/6447/203 2178/6450/203 2181/6459/203
f 2183/6465/204 2180/6456/204 2179/6453/204 2184/6468/204
f 2188/6478/205 2191/6487/205 2189/6481/205 2186/6472/205
f 2187/6475/200 2188/6479/200 2186/6473/200 2185/6469/200
f 2192/6490/206 2187/6476/206 2185/6470/206 2190/6484/206
f 2191/6488/202 2192/6491/202 2190/6485/202 2189/6482/202
f 2190/6486/207 2185/6471/207 2186/6474/207 2189/6483/207
f 2191/6489/208 2188/6480/208 2187/6477/208 2192/6492/208
f 2196/6502/199 2199/6511/199 2197/6505/199 2194/6496/199
f 2195/6499/200 2196/6503/200 2194/6497/200 2193/6493/200
f 2200/6514/201 2195/6500/201 2193/6494/201 2198/6508/201
f 2199/6512/202 2200/6515/202 2198/6509/202 2197/6506/202
f 2198/6510/203 2193/6495/203 2194/6498/203 2197/6507/203
f 2199/6513/204 2196/6504/204 2195/6501/204 2200/6516/204
f 2204/6525/199 2207/6534/199 2205/6528/199 2202/6519/199
f 2203/6522/200 2204/6526/200 2202/6520/200 2201/6517/200
f 2208/6537/201 2203/6523/201 2201/6518/201 2206/6531/201
f 2207/6535/202 2208/6538/202 2206/6532/202 2205/6529/202
f 2206/6533/203 2201/6518/203 2202/6521/203 2205/6530/203
f 2207/6536/204 2204/6527/204 2203/6524/204 2208/6539/204
f 2212/6549/205 2215/6558/205 2213/6552/205 2210/6543/205
f 2211/6546/200 2212/6550/200 2210/6544/200 2209/6540/200
f 2216/6561/206 2211/6547/206 2209/6541/206 2214/6555/206
f 2215/6559/202 2216/6562/202 2214/6556/202 2213/6553/202
f 2214/6557/207 2209/6542/207 2210/6545/207 2213/6554/207
f 2215/6560/208 2212/6551/208 2211/6548/208 2216/6563/208
f 2220/6573/199 2223/6582/199 2221/6576/199 2218/6567/199
f 2219/6570/200 2220/6574/200 2218/6568/200 2217/6564/200
f 2224/6585/201 2219/6571/201 2217/6565/201 2222/6579/201
f 2223/6583/202 2224/6586/202 2222/6580/202 2221/6577/202
f 2222/6581/203 2217/6566/203 2218/6569/203 2221/6578/203
f 2223/6584/204 2220/6575/204 2219/6572/204 2224/6587/204
o w4
v 0.878269 0.231621 -1.920652
v 0.878269 0.231621 -1.487801
v 0.878269 0.000425 -1.920652
v 0.878269 0.000425 -1.487801
v 1.279166 0.231621 -1.487801
v 1.279166 0.231621 -1.920652
v 1.279166 0.000425 -1.487801
v 1.279166 0.000425 -1.920652
v 0.878269 0.737517 -1.413322
v 0.878269 0.737517 -1.183563
v 0.878269 0.304665 -1.413322
v 0.878269 0.304665 -1.183563
v 1.279166 0.737517 -1.183563
v 1.279166 0.737517 -1.413321
v 1.279166 0.304665 -1.183563
v 1.279166 0.304665 -1.413322
v 0.878240 0.156590 -1.645841
v 0.878240 0.462704 -1.339728
v 0.878240 -0.000153 -1.489097
v 0.878240 0.305961 -1.182985
v 1.279195 0.462704 -1.339728
v 1.279195 0.156590 -1.645840
v 1.279195 0.305961 -1.182985
v 1.279195 -0.000153 -1.489097
v 0.878902 0.881750 -1.648744
v 0.878902 1.041398 -1.489097
v 0.878902 0.576573 -1.343569
v 0.878902 0.736221 -1.183922
v 1.278532 1.041398 -1.489097
v 1.278532 0.881750 -1.648744
v 1.278532 0.736221 -1.183922
v 1.278532 0.576573 -1.343569
v 0.878269 1.041757 -1.920652
v 0.878269 1.041757 -1.487801
v 0.878269 0.799184 -1.920652
v 0.878269 0.799184 -1.487801
v 1.279166 1.041757 -1.487801
v 1.279166 1.041757 -1.920652
v 1.279166 0.799184 -1.487801
v 1.279166 0.799184 -1.920652
v 0.878240 0.736221 -2.225468
v 0.878240 1.042335 -1.919356
v 0.878240 0.579478 -2.068725
v 0.878240 0.885592 -1.762613
v 1.279195 1.042335 -1.919356
v 1.279195 0.736221 -2.225468
v 1.279195 0.885592 -1.762613
v 1.279195 0.579478 -2.068725
v 0.878269 0.737517 -2.224891
v 0.878269 0.737517 -1.994272
v 0.878269 0.304665 -2.224891
v 0.878269 0.304665 -1.994272
v 1.279166 0.737517 -1.994271
v 1.279166 0.737517 -2.224891
v 1.279166 0.304665 -1.994271
v 1.279166 0.304665 -2.224891
v 0.878240 0.305961 -2.225468
v 0.878240 0.458020 -2.073410
v 0.878240 -0.000153 -1.919356
v 0.878240 0.151906 -1.767298
v 1.279195 0.458020 -2.073410
v 1.279195 0.305961 -2.225468
v 1.279195 0.151906 -1.767297
v 1.279195 -0.000153 -1.919356
v 0.904760 0.780890 -1.623834
v 0.904760 0.819618 -1.585106
v 0.904760 0.605234 -1.448179
v 0.904760 0.643962 -1.409451
v 1.268587 0.819618 -1.585107
v 1.268586 0.780890 -1.623834
v 1.268587 0.643962 -1.409452
v 1.268587 0.605234 -1.448179
v 0.904760 0.264015 -1.608851
v 0.904760 0.425338 -1.447529
v 0.904760 0.224636 -1.569471
v 0.904760 0.385959 -1.408149
v 1.268587 0.425338 -1.447528
v 1.268587 0.264015 -1.608851
v 1.268587 0.385959 -1.408149
v 1.268587 0.224636 -1.569471
v 0.904790 0.643564 -1.466362
v 0.904790 0.643564 -1.408935
v 0.904790 0.388010 -1.466362
v 0.904790 0.388010 -1.408935
v 1.268558 0.643564 -1.408935
v 1.268558 0.643564 -1.466363
v 1.268558 0.388010 -1.408935
v 1.268558 0.388010 -1.466363
v 0.904818 0.819619 -1.839713
v 0.904818 0.819619 -1.585106
v 0.904818 0.750323 -1.839713
v 0.904818 0.750323 -1.585106
v 1.268587 0.819619 -1.585107
v 1.268587 0.819619 -1.839713
v 1.268587 0.750323 -1.585107
v 1.268587 0.750323 -1.839713
v 0.904760 0.665390 -1.993941
v 0.904760 0.819618 -1.839713
v 0.904760 0.623003 -1.951554
v 0.904760 0.777231 -1.797326
v 1.268586 0.819618 -1.839713
v 1.268586 0.665390 -1.993941
v 1.268587 0.777231 -1.797327
v 1.268587 0.623003 -1.951554
v 0.904819 0.665390 -1.993941
v 0.904819 0.665390 -1.939616
v 0.904819 0.379532 -1.993941
v 0.904819 0.379532 -1.939616
v 1.268587 0.665390 -1.939616
v 1.268587 0.665390 -1.993941
v 1.268587 0.379532 -1.939616
v 1.268587 0.379532 -1.993941
v 0.924408 0.886305 -2.014790
v 0.924408 0.886305 -1.315849
v 0.924408 0.215604 -2.014790
v 0.924408 0.215604 -1.315849
v 1.227658 0.886305 -1.315849
v 1.227657 0.886305 -2.014790
v 1.227658 0.215604 -1.315849
v 1.227657 0.215604 -2.014790
v 0.904760 0.379532 -1.993941
v 0.904760 0.421919 -1.951554
v 0.904760 0.224635 -1.839045
v 0.904760 0.267022 -1.796658
v 1.268587 0.421919 -1.951554
v 1.268587 0.379532 -1.993941
v 1.268587 0.267022 -1.796657
v 1.268587 0.224635 -1.839045
v 0.904819 0.283499 -1.839045
v 0.904818 0.283499 -1.569472
v 0.904819 0.224636 -1.839045
v 0.904818 0.224635 -1.569472
v 1.268587 0.283499 -1.569472
v 1.268587 0.283499 -1.839045
v 1.268587 0.224635 -1.569472
v 1.268587 0.224636 -1.839045
vn -0.0000 -0.0000 1.0000
vn -1.0000 -0.0000 -0.0000
vn -0.0000 -0.0000 -1.0000
vn 1.0000 -0.0000 -0.0000
vn -0.0000 1.0000 -0.0000
vn -0.0000 -1.0000 -0.0000
vn -0.0000 0.7071 0.7071
vn -0.0000 -0.7071 -0.7071
vn -0.0000 0.7071 -0.7071
vn -0.0000 -0.7071 0.7071
vt 0.646484 0.335938
vt 0.683594 0.699219
vt 0.320312 0.365234
vt 0.671875 0.707031
vt 0.660156 0.335938
vt 0.320312 0.351562
vt 0.646484 0.328125
vt 0.683594 0.691406
vt 0.634766 0.669922
vt 0.671875 0.699219
vt 0.660156 0.328125
vt 0.634766 0.656250
vt 0.683594 0.707031
vt 0.660156 0.335938
vt 0.332031 0.351562
vt 0.671875 0.699219
vt 0.673828 0.335938
vt 0.332031 0.365234
vt 0.683594 0.699219
vt 0.660156 0.328125
vt 0.646484 0.656250
vt 0.671875 0.691406
vt 0.673828 0.328125
vt 0.646484 0.669922
vt 0.623047 0.335938
vt 0.605469 0.365234
vt 0.671875 0.662109
vt 0.582031 0.365234
vt 0.630859 0.335938
vt 0.671875 0.654297
vt 0.623047 0.322266
vt 0.605469 0.351562
vt 0.671875 0.654297
vt 0.582031 0.351562
vt 0.630859 0.322266
vt 0.671875 0.646484
vt 0.593750 0.365234
vt 0.666016 1.000000
vt 0.683594 0.654297
vt 0.593750 0.365234
vt 0.673828 1.000000
vt 0.683594 0.662109
vt 0.593750 0.351562
vt 0.666016 0.986328
vt 0.683594 0.646484
vt 0.593750 0.351562
vt 0.673828 0.986328
vt 0.683594 0.654297
vt 0.037109 0.333984
vt 0.460938 0.328125
vt 0.605469 0.365234
vt 0.423828 0.328125
vt 0.050781 0.333984
vt 0.605469 0.351562
vt 0.037109 0.326172
vt 0.460938 0.320312
vt 0.634766 0.390625
vt 0.423828 0.320312
vt 0.050781 0.326172
vt 0.634766 0.376953
vt 0.435547 0.328125
vt 0.666016 0.923828
vt 0.617188 0.351562
vt 0.449219 0.328125
vt 0.679688 0.923828
vt 0.617188 0.365234
vt 0.435547 0.320312
vt 0.666016 0.916016
vt 0.646484 0.376953
vt 0.449219 0.320312
vt 0.679688 0.916016
vt 0.646484 0.390625
vt 0.050781 0.333984
vt 0.648438 0.914062
vt 0.671875 0.537109
vt 0.634766 0.376953
vt 0.058594 0.333984
vt 0.671875 0.529297
vt 0.050781 0.320312
vt 0.648438 0.900391
vt 0.671875 0.519531
vt 0.634766 0.363281
vt 0.058594 0.320312
vt 0.671875 0.511719
vt 0.646484 0.376953
vt 0.187500 0.333984
vt 0.683594 0.529297
vt 0.636719 0.914062
vt 0.195312 0.333984
vt 0.683594 0.537109
vt 0.646484 0.363281
vt 0.187500 0.320312
vt 0.683594 0.511719
vt 0.636719 0.900391
vt 0.195312 0.320312
vt 0.683594 0.519531
vt 0.666016 0.904297
vt 0.683594 0.476562
vt 0.140625 0.363281
vt 0.671875 0.484375
vt 0.679688 0.904297
vt 0.140625 0.349609
vt 0.666016 0.896484
vt 0.683594 0.468750
vt 0.636719 0.787109
vt 0.671875 0.476562
vt 0.679688 0.896484
vt 0.636719 0.773438
vt 0.683594 0.484375
vt 0.666016 0.845703
vt 0.152344 0.349609
vt 0.671875 0.476562
vt 0.679688 0.845703
vt 0.152344 0.363281
vt 0.683594 0.476562
vt 0.666016 0.837891
vt 0.648438 0.773438
vt 0.671875 0.468750
vt 0.679688 0.837891
vt 0.648438 0.787109
vt 0.666016 0.833984
vt 0.578125 0.328125
vt 0.214844 0.363281
vt 0.533203 0.328125
vt 0.679688 0.833984
vt 0.214844 0.349609
vt 0.666016 0.826172
vt 0.578125 0.320312
vt 0.306641 0.363281
vt 0.533203 0.320312
vt 0.679688 0.826172
vt 0.306641 0.349609
vt 0.544922 0.328125
vt 0.195312 0.333984
vt 0.226562 0.349609
vt 0.566406 0.328125
vt 0.208984 0.333984
vt 0.226562 0.363281
vt 0.544922 0.320312
vt 0.195312 0.326172
vt 0.318359 0.349609
vt 0.566406 0.320312
vt 0.208984 0.326172
vt 0.318359 0.363281
vt 0.402344 0.333984
vt 0.650391 0.941406
vt 0.578125 0.328125
vt 0.634766 0.363281
vt 0.410156 0.333984
vt 0.578125 0.320312
vt 0.402344 0.320312
vt 0.650391 0.927734
vt 0.642578 0.328125
vt 0.634766 0.349609
vt 0.410156 0.320312
vt 0.642578 0.320312
vt 0.646484 0.363281
vt 0.460938 0.333984
vt 0.589844 0.320312
vt 0.638672 0.941406
vt 0.468750 0.333984
vt 0.589844 0.328125
vt 0.646484 0.349609
vt 0.460938 0.320312
vt 0.654297 0.320312
vt 0.638672 0.927734
vt 0.468750 0.320312
vt 0.654297 0.328125
vt 0.544922 0.322266
vt 0.281250 0.361328
vt 0.681641 0.982422
vt 0.257812 0.361328
vt 0.550781 0.322266
vt 0.681641 0.976562
vt 0.544922 0.308594
vt 0.281250 0.347656
vt 0.037109 0.318359
vt 0.257812 0.347656
vt 0.550781 0.308594
vt 0.037109 0.312500
vt 0.269531 0.361328
vt 0.550781 0.322266
vt 0.693359 0.976562
vt 0.269531 0.361328
vt 0.556641 0.322266
vt 0.693359 0.982422
vt 0.269531 0.347656
vt 0.550781 0.308594
vt 0.048828 0.312500
vt 0.269531 0.347656
vt 0.556641 0.308594
vt 0.048828 0.318359
vt 0.480469 0.304688
vt 0.667969 0.369141
vt 0.691406 0.384766
vt 0.656250 0.378906
vt 0.482422 0.304688
vt 0.691406 0.382812
vt 0.480469 0.294922
vt 0.667969 0.359375
vt 0.691406 0.382812
vt 0.656250 0.369141
vt 0.482422 0.294922
vt 0.691406 0.380859
vt 0.667969 0.378906
vt 0.482422 0.304688
vt 0.703125 0.382812
vt 0.656250 0.369141
vt 0.484375 0.304688
vt 0.703125 0.384766
vt 0.667969 0.369141
vt 0.482422 0.294922
vt 0.703125 0.380859
vt 0.656250 0.359375
vt 0.484375 0.294922
vt 0.703125 0.382812
vt 0.693359 0.703125
vt 0.703125 0.378906
vt 0.658203 0.962891
vt 0.691406 0.380859
vt 0.703125 0.703125
vt 0.658203 0.953125
vt 0.693359 0.701172
vt 0.703125 0.376953
vt 0.658203 0.914062
vt 0.691406 0.378906
vt 0.703125 0.701172
vt 0.658203 0.904297
vt 0.703125 0.380859
vt 0.693359 0.513672
vt 0.669922 0.953125
vt 0.691406 0.378906
vt 0.703125 0.513672
vt 0.669922 0.962891
vt 0.703125 0.378906
vt 0.693359 0.511719
vt 0.669922 0.904297
vt 0.691406 0.376953
vt 0.703125 0.511719
vt 0.669922 0.914062
vt 0.695312 0.507812
vt 0.669922 0.855469
vt 0.691406 0.376953
vt 0.658203 0.873047
vt 0.697266 0.507812
vt 0.691406 0.375000
vt 0.695312 0.498047
vt 0.669922 0.845703
vt 0.691406 0.375000
vt 0.658203 0.863281
vt 0.697266 0.498047
vt 0.691406 0.373047
vt 0.669922 0.873047
vt 0.615234 0.304688
vt 0.703125 0.375000
vt 0.658203 0.855469
vt 0.617188 0.304688
vt 0.703125 0.376953
vt 0.669922 0.863281
vt 0.615234 0.294922
vt 0.703125 0.373047
vt 0.658203 0.845703
vt 0.617188 0.294922
vt 0.703125 0.375000
vt 0.693359 0.498047
vt 0.703125 0.330078
vt 0.658203 0.792969
vt 0.691406 0.373047
vt 0.703125 0.498047
vt 0.658203 0.783203
vt 0.693359 0.496094
vt 0.703125 0.328125
vt 0.253906 0.341797
vt 0.691406 0.371094
vt 0.703125 0.496094
vt 0.253906 0.332031
vt 0.703125 0.373047
vt 0.693359 0.367188
vt 0.669922 0.783203
vt 0.691406 0.330078
vt 0.703125 0.367188
vt 0.669922 0.792969
vt 0.703125 0.371094
vt 0.693359 0.365234
vt 0.265625 0.332031
vt 0.691406 0.328125
vt 0.703125 0.365234
vt 0.265625 0.341797
vt 0.693359 0.365234
vt 0.703125 0.326172
vt 0.265625 0.341797
vt 0.691406 0.328125
vt 0.703125 0.365234
vt 0.265625 0.332031
vt 0.693359 0.363281
vt 0.703125 0.324219
vt 0.277344 0.341797
vt 0.691406 0.326172
vt 0.703125 0.363281
vt 0.277344 0.332031
vt 0.703125 0.328125
vt 0.695312 0.992188
vt 0.277344 0.332031
vt 0.691406 0.326172
vt 0.705078 0.992188
vt 0.277344 0.341797
vt 0.703125 0.326172
vt 0.695312 0.990234
vt 0.289062 0.332031
vt 0.691406 0.324219
vt 0.705078 0.990234
vt 0.289062 0.341797
vt 0.617188 0.304688
vt 0.390625 0.341797
vt 0.691406 0.324219
vt 0.658203 0.669922
vt 0.619141 0.304688
vt 0.691406 0.322266
vt 0.617188 0.294922
vt 0.390625 0.332031
vt 0.691406 0.322266
vt 0.658203 0.660156
vt 0.619141 0.294922
vt 0.691406 0.320312
vt 0.669922 0.669922
vt 0.619141 0.304688
vt 0.703125 0.322266
vt 0.378906 0.341797
vt 0.621094 0.304688
vt 0.703125 0.324219
vt 0.669922 0.660156
vt 0.619141 0.294922
vt 0.703125 0.320312
vt 0.378906 0.332031
vt 0.621094 0.294922
vt 0.703125 0.322266
vt 0.021484 0.447266
vt 0.351562 0.378906
vt 0.296875 0.382812
vt 0.000000 0.447266
vt 0.351562 0.357422
vt 0.021484 0.425781
vt 0.351562 0.357422
vt 0.416016 0.378906
vt 0.296875 0.361328
vt 0.000000 0.425781
vt 0.416016 0.357422
vt 0.306641 0.382812
vt 0.000000 0.447266
vt 0.361328 0.357422
vt 0.341797 0.378906
vt 0.021484 0.447266
vt 0.361328 0.378906
vt 0.306641 0.361328
vt 0.000000 0.425781
vt 0.425781 0.357422
vt 0.341797 0.357422
vt 0.021484 0.425781
vt 0.425781 0.378906
vt 0.621094 0.304688
vt 0.427734 0.341797
vt 0.691406 0.320312
vt 0.390625 0.341797
vt 0.623047 0.304688
vt 0.691406 0.318359
vt 0.621094 0.294922
vt 0.427734 0.332031
vt 0.691406 0.318359
vt 0.390625 0.332031
vt 0.623047 0.294922
vt 0.691406 0.316406
vt 0.402344 0.341797
vt 0.695312 0.306641
vt 0.703125 0.318359
vt 0.416016 0.341797
vt 0.697266 0.306641
vt 0.703125 0.320312
vt 0.402344 0.332031
vt 0.695312 0.296875
vt 0.703125 0.316406
vt 0.416016 0.332031
vt 0.697266 0.296875
vt 0.703125 0.318359
vt 0.695312 0.990234
vt 0.703125 0.314453
vt 0.441406 0.341797
vt 0.691406 0.316406
vt 0.705078 0.990234
vt 0.441406 0.332031
vt 0.695312 0.988281
vt 0.703125 0.312500
vt 0.603516 0.341797
vt 0.691406 0.314453
vt 0.705078 0.988281
vt 0.603516 0.332031
vt 0.703125 0.316406
vt 0.695312 0.916016
vt 0.453125 0.332031
vt 0.691406 0.314453
vt 0.705078 0.916016
vt 0.453125 0.341797
vt 0.703125 0.314453
vt 0.695312 0.914062
vt 0.615234 0.332031
vt 0.691406 0.312500
vt 0.705078 0.914062
vt 0.615234 0.341797
s 1
usemtl Material.001
f 2228/6597/209 2231/6606/209 2229/6600/209 2226/6591/209
f 2227/6594/210 2228/6598/210 2226/6592/210 2225/6588/210
f 2232/6609/211 2227/6595/211 2225/6589/211 2230/6603/211
f 2231/6607/212 2232/6610/212 2230/6604/212 2229/6601/212
f 2230/6605/213 2225/6590/213 2226/6593/213 2229/6602/213
f 2231/6608/214 2228/6599/214 2227/6596/214 2232/6611/214
f 2236/6621/209 2239/6630/209 2237/6624/209 2234/6615/209
f 2235/6618/210 2236/6622/210 2234/6616/210 2233/6612/210
f 2240/6633/211 2235/6619/211 2233/6613/211 2238/6627/211
f 2239/6631/212 2240/6634/212 2238/6628/212 2237/6625/212
f 2238/6629/213 2233/6614/213 2234/6617/213 2237/6626/213
f 2239/6632/214 2236/6623/214 2235/6620/214 2240/6635/214
f 2244/6645/215 2247/6654/215 2245/6648/215 2242/6639/215
f 2243/6642/210 2244/6646/210 2242/6640/210 2241/6636/210
f 2248/6657/216 2243/6643/216 2241/6637/216 2246/6651/216
f 2247/6655/212 2248/6658/212 2246/6652/212 2245/6649/212
f 2246/6653/217 2241/6638/217 2242/6641/217 2245/6650/217
f 2247/6656/218 2244/6647/218 2243/6644/218 2248/6659/218
f 2252/6669/215 2255/6678/215 2253/6672/215 2250/6663/215
f 2251/6666/210 2252/6670/210 2250/6664/210 2249/6660/210
f 2256/6681/216 2251/6667/216 2249/6661/216 2254/6675/216
f 2255/6679/212 2256/6682/212 2254/6676/212 2253/6673/212
f 2254/6677/217 2249/6662/217 2250/6665/217 2253/6674/217
f 2255/6680/218 2252/6671/218 2251/6668/218 2256/6683/218
f 2260/6693/209 2263/6702/209 2261/6696/209 2258/6687/209
f 2259/6690/210 2260/6694/210 2258/6688/210 2257/6684/210
f 2264/6705/211 2259/6691/211 2257/6685/211 2262/6699/211
f 2263/6703/212 2264/6706/212 2262/6700/212 2261/6697/212
f 2262/6701/213 2257/6686/213 2258/6689/213 2261/6698/213
f 2263/6704/214 2260/6695/214 2259/6692/214 2264/6707/214
f 2268/6717/215 2271/6726/215 2269/6720/215 2266/6711/215
f 2267/6714/210 2268/6718/210 2266/6712/210 2265/6708/210
f 2272/6729/216 2267/6715/216 2265/6709/216 2270/6723/216
f 2271/6727/212 2272/6730/212 2270/6724/212 2269/6721/212
f 2270/6725/217 2265/6710/217 2266/6713/217 2269/6722/217
f 2271/6728/218 2268/6719/218 2267/6716/218 2272/6731/218
f 2276/6741/209 2279/6750/209 2277/6744/209 2274/6735/209
f 2275/6738/210 2276/6742/210 2274/6736/210 2273/6732/210
f 2280/6753/211 2275/6739/211 2273/6733/211 2278/6747/211
f 2279/6751/212 2280/6754/212 2278/6748/212 2277/6745/212
f 2278/6749/213 2273/6734/213 2274/6737/213 2277/6746/213
f 2279/6752/214 2276/6743/214 2275/6740/214 2280/6755/214
f 2284/6765/215 2287/6774/215 2285/6768/215 2282/6759/215
f 2283/6762/210 2284/6766/210 2282/6760/210 2281/6756/210
f 2288/6777/216 2283/6763/216 2281/6757/216 2286/6771/216
f 2287/6775/212 2288/6778/212 2286/6772/212 2285/6769/212
f 2286/6773/217 2281/6758/217 2282/6761/217 2285/6770/217
f 2287/6776/218 2284/6767/218 2283/6764/218 2288/6779/218
f 2292/6789/215 2295/6798/215 2293/6792/215 2290/6783/215
f 2291/6786/210 2292/6790/210 2290/6784/210 2289/6780/210
f 2296/6801/216 2291/6787/216 2289/6781/216 2294/6795/216
f 2295/6799/212 2296/6802/212 2294/6796/212 2293/6793/212
f 2294/6797/217 2289/6782/217 2290/6785/217 2293/6794/217
f 2295/6800/218 2292/6791/218 2291/6788/218 2296/6803/218
f 2300/6813/215 2303/6822/215 2301/6816/215 2298/6807/215
f 2299/6810/210 2300/6814/210 2298/6808/210 2297/6804/210
f 2304/6825/216 2299/6811/216 2297/6805/216 2302/6819/216
f 2303/6823/212 2304/6826/212 2302/6820/212 2301/6817/212
f 2302/6821/217 2297/6806/217 2298/6809/217 2301/6818/217
f 2303/6824/218 2300/6815/218 2299/6812/218 2304/6827/218
f 2308/6837/209 2311/6846/209 2309/6840/209 2306/6831/209
f 2307/6834/210 2308/6838/210 2306/6832/210 2305/6828/210
f 2312/6849/211 2307/6835/211 2305/6829/211 2310/6843/211
f 2311/6847/212 2312/6850/212 2310/6844/212 2309/6841/212
f 2310/6845/213 2305/6830/213 2306/6833/213 2309/6842/213
f 2311/6848/214 2308/6839/214 2307/6836/214 2312/6851/214
f 2316/6861/209 2319/6870/209 2317/6864/209 2314/6855/209
f 2315/6858/210 2316/6862/210 2314/6856/210 2313/6852/210
f 2320/6873/211 2315/6859/211 2313/6853/211 2318/6867/211
f 2319/6871/212 2320/6874/212 2318/6868/212 2317/6865/212
f 2318/6869/213 2313/6854/213 2314/6857/213 2317/6866/213
f 2319/6872/214 2316/6863/214 2315/6860/214 2320/6875/214
f 2324/6885/215 2327/6894/215 2325/6888/215 2322/6879/215
f 2323/6882/210 2324/6886/210 2322/6880/210 2321/6876/210
f 2328/6897/216 2323/6883/216 2321/6877/216 2326/6891/216
f 2327/6895/212 2328/6898/212 2326/6892/212 2325/6889/212
f 2326/6893/217 2321/6878/217 2322/6881/217 2325/6890/217
f 2327/6896/218 2324/6887/218 2323/6884/218 2328/6899/218
f 2332/6909/209 2335/6918/209 2333/6912/209 2330/6903/209
f 2331/6906/210 2332/6910/210 2330/6904/210 2329/6900/210
f 2336/6921/211 2331/6907/211 2329/6901/211 2334/6915/211
f 2335/6919/212 2336/6922/212 2334/6916/212 2333/6913/212
f 2334/6917/213 2329/6902/213 2330/6905/213 2333/6914/213
f 2335/6920/214 2332/6911/214 2331/6908/214 2336/6923/214
f 2340/6932/209 2343/6941/209 2341/6935/209 2338/6926/209
f 2339/6929/210 2340/6933/210 2338/6927/210 2337/6924/210
f 2344/6944/211 2339/6930/211 2337/6925/211 2342/6938/211
f 2343/6942/212 2344/6945/212 2342/6939/212 2341/6936/212
f 2342/6940/213 2337/6925/213 2338/6928/213 2341/6937/213
f 2343/6943/214 2340/6934/214 2339/6931/214 2344/6946/214
f 2348/6956/215 2351/6965/215 2349/6959/215 2346/6950/215
f 2347/6953/210 2348/6957/210 2346/6951/210 2345/6947/210
f 2352/6968/216 2347/6954/216 2345/6948/216 2350/6962/216
f 2351/6966/212 2352/6969/212 2350/6963/212 2349/6960/212
f 2350/6964/217 2345/6949/217 2346/6952/217 2349/6961/217
f 2351/6967/218 2348/6958/218 2347/6955/218 2352/6970/218
f 2356/6980/209 2359/6989/209 2357/6983/209 2354/6974/209
f 2355/6977/210 2356/6981/210 2354/6975/210 2353/6971/210
f 2360/6992/211 2355/6978/211 2353/6972/211 2358/6986/211
f 2359/6990/212 2360/6993/212 2358/6987/212 2357/6984/212
f 2358/6988/213 2353/6973/213 2354/6976/213 2357/6985/213
f 2359/6991/214 2356/6982/214 2355/6979/214 2360/6994/214
