# Blender 3.6.23
# www.blender.org
mtllib niva_arta.mtl
o body
v -0.862362 2.140605 -0.354098
v -1.055556 1.147313 -0.388784
v -0.862362 2.145186 -0.485268
v -1.055556 1.151893 -0.519954
v -0.954326 1.127647 -0.389471
v -0.761132 2.120940 -0.354784
v -0.954326 1.132228 -0.520641
v -0.761132 2.125521 -0.485955
v -0.771875 0.906250 2.198959
v -0.771875 0.901996 2.320760
v -0.771875 0.756341 2.193724
v -0.771875 0.752088 2.315525
v 0.803125 0.901996 2.320760
v 0.803125 0.906250 2.198959
v 0.803125 0.752088 2.315525
v 0.803125 0.756341 2.193724
v 0.671875 0.962138 2.210291
v 0.671875 0.959521 2.285246
v 0.671875 0.905923 2.208328
v 0.671875 0.903305 2.283283
v 0.709375 0.959521 2.285246
v 0.709375 0.962138 2.210291
v 0.709375 0.903305 2.283283
v 0.709375 0.905923 2.208328
v -0.696875 0.965678 0.765785
v -0.696875 0.919872 2.077486
v -0.696875 0.825139 0.760877
v -0.696875 0.779333 2.072578
v 0.728125 0.919872 2.077485
v 0.728125 0.965678 0.765785
v 0.728125 0.779333 2.072578
v 0.728125 0.825139 0.760877
v -0.134375 0.902324 -0.643535
v -0.134375 0.853574 0.752490
v -0.134375 0.724308 -0.649751
v -0.134375 0.675557 0.746273
v 0.165625 0.853574 0.752490
v 0.165625 0.902324 -0.643535
v 0.165625 0.675557 0.746273
v 0.165625 0.724308 -0.649751
v -0.096875 0.908511 -0.014811
v -0.096875 0.889207 0.537977
v -0.096875 0.730494 -0.021027
v -0.096875 0.711190 0.531761
v 0.128125 0.889207 0.537977
v 0.128125 0.908511 -0.014811
v 0.128125 0.711190 0.531761
v 0.128125 0.730494 -0.021027
v -0.134375 0.857467 0.505725
v -0.134375 1.419983 0.843719
v -0.134375 0.765726 0.658408
v -0.134375 1.328242 0.996402
v 0.165625 1.419983 0.843719
v 0.165625 0.857467 0.505725
v 0.165625 1.328242 0.996402
v 0.165625 0.765726 0.658408
v -0.865625 0.965233 -1.907734
v -0.865625 0.918773 -0.577295
v -0.865625 0.918386 -1.909370
v -0.865625 0.871926 -0.578931
v 0.906250 0.918773 -0.577295
v 0.906250 0.965233 -1.907734
v 0.906250 0.871926 -0.578931
v 0.906250 0.918386 -1.909370
v -0.940625 1.060621 -0.609864
v -0.940625 1.053423 -0.403740
v -0.940625 0.732696 -0.621316
v -0.940625 0.725497 -0.415191
v 1.000000 1.053423 -0.403740
v 1.000000 1.060621 -0.609865
v 1.000000 0.725497 -0.415192
v 1.000000 0.732696 -0.621316
v -0.940625 1.320016 -0.516380
v -0.940625 1.315763 -0.394579
v -0.940625 1.179477 -0.521287
v -0.940625 1.175223 -0.399487
v 1.000000 1.315763 -0.394579
v 1.000000 1.320016 -0.516380
v 1.000000 1.175223 -0.399487
v 1.000000 1.179477 -0.521288
v 0.729961 1.319228 0.843796
v 0.729962 1.277021 2.052434
v 0.630554 0.851836 0.827474
v 0.630554 0.809629 2.036113
v 0.821663 1.257541 2.051754
v 0.821663 1.299748 0.843116
v 0.722255 0.790149 2.035433
v 0.722255 0.832356 0.826794
v 0.617377 1.237769 2.125912
v 0.636185 1.238408 2.158348
v 0.613213 0.919164 2.134606
v 0.632022 0.919804 2.167042
v 0.782158 1.234193 2.073786
v 0.763350 1.233553 2.041351
v 0.777995 0.915588 2.082480
v 0.759186 0.914949 2.050045
v 0.586696 1.238595 2.076532
v 0.594658 1.273504 2.087674
v 0.626414 1.207892 2.144347
v 0.634375 1.242801 2.155490
v 0.747196 1.268024 1.995856
v 0.739235 1.233115 1.984714
v 0.786913 1.237321 2.063672
v 0.778952 1.202412 2.052529
v -0.621875 1.251873 0.897729
v -0.621875 1.210975 2.068890
v -0.621875 0.961425 0.887586
v -0.621875 0.920527 2.058747
v 0.643750 1.210975 2.068889
v 0.643750 1.251873 0.897728
v 0.643750 0.920527 2.058747
v 0.643750 0.961425 0.887586
v 0.428125 1.496820 0.628645
v 0.428125 1.401341 1.994060
v 0.428125 1.347186 0.618181
v 0.428125 1.251706 1.983597
v 1.009375 1.401341 1.994060
v 1.009375 1.496820 0.628644
v 1.009375 1.251706 1.983597
v 1.009375 1.347186 0.618181
v 0.065806 1.261989 0.248968
v 0.034285 1.294329 0.304683
v -0.060436 0.835736 0.424964
v -0.091958 0.868075 0.480678
v 0.095859 1.291221 0.341324
v 0.127380 1.258881 0.285609
v -0.030384 0.864968 0.517319
v 0.001138 0.832628 0.461605
v 0.038957 1.089943 0.225032
v 0.037473 1.064690 0.292141
v 0.027622 0.642661 0.056467
v 0.026138 0.617408 0.123576
v 0.109157 1.062576 0.292930
v 0.110641 1.087829 0.225821
v 0.097822 0.615294 0.124366
v 0.099306 0.640547 0.057257
v -0.044600 1.024818 -0.115118
v -0.046823 0.962970 -0.078876
v -0.047132 0.787903 -0.519582
v -0.049356 0.726055 -0.483341
v 0.024860 0.960856 -0.078087
v 0.027083 1.022704 -0.114328
v 0.022328 0.723941 -0.482551
v 0.024551 0.785789 -0.518792
v -0.042499 1.014697 -0.017748
v -0.042151 1.049860 0.044759
v -0.057364 0.598221 0.216625
v -0.057016 0.633385 0.279132
v 0.029533 1.047746 0.045548
v 0.029184 1.012583 -0.016958
v 0.014668 0.631270 0.279921
v 0.014319 0.596107 0.217415
v 0.875500 2.115845 0.452824
v 0.966902 1.464770 0.813720
v 0.875500 2.047668 0.329830
v 0.966902 1.396594 0.690727
v 1.004122 1.468767 0.811505
v 0.912720 2.119842 0.450608
v 1.004122 1.400591 0.688511
v 0.912720 2.051665 0.327615
v -0.881471 2.119842 0.450608
v -0.972873 1.468767 0.811505
v -0.881471 2.051666 0.327615
v -0.972873 1.400591 0.688512
v -0.935652 1.464770 0.813721
v -0.844250 2.115845 0.452824
v -0.935652 1.396594 0.690727
v -0.844250 2.047668 0.329831
v -0.884375 2.117490 0.449568
v -0.884375 1.461525 0.813175
v -0.884375 2.117490 0.449568
v -0.884375 1.461525 0.813175
v 0.915625 1.461525 0.813175
v 0.915625 2.117490 0.449568
v 0.915625 1.461525 0.813175
v 0.915625 2.117490 0.449568
v -0.875000 2.171609 -0.484790
v -0.875000 2.122545 0.451425
v -0.875000 2.087349 -0.489206
v -0.875000 2.038285 0.447009
v 0.906250 2.122545 0.451425
v 0.906250 2.171609 -0.484790
v 0.906250 2.038285 0.447009
v 0.906250 2.087349 -0.489206
v -0.865625 2.196222 -0.596155
v -0.865625 2.191315 -0.502534
v -0.865625 2.121324 -0.600080
v -0.865625 2.116418 -0.506459
v 0.896875 2.191315 -0.502534
v 0.896875 2.196222 -0.596155
v 0.896875 2.116418 -0.506459
v 0.896875 2.121324 -0.600081
v 0.540625 2.192921 -0.604307
v 0.540625 2.162399 -0.515665
v 0.540625 0.898742 -1.049929
v 0.540625 0.868220 -0.961287
v 0.606250 2.162399 -0.515665
v 0.606250 2.192921 -0.604307
v 0.606250 0.868220 -0.961287
v 0.606250 0.898742 -1.049929
v -0.575000 1.950242 -0.648208
v -0.575000 1.931929 -0.595022
v -0.575000 1.852735 -0.681782
v -0.575000 1.834422 -0.628596
v 0.606250 1.931929 -0.595022
v 0.606250 1.950242 -0.648208
v 0.606250 1.834422 -0.628597
v 0.606250 1.852735 -0.681782
v -0.575000 1.684315 -0.739774
v -0.575000 1.666002 -0.686588
v -0.575000 1.586808 -0.773348
v -0.575000 1.568495 -0.720162
v 0.606250 1.666002 -0.686588
v 0.606250 1.684315 -0.739774
v 0.606250 1.568495 -0.720163
v 0.606250 1.586808 -0.773348
v -0.575000 1.409524 -0.834392
v -0.575000 1.391210 -0.781206
v -0.575000 1.312017 -0.867966
v -0.575000 1.293704 -0.814781
v 0.606250 1.391210 -0.781207
v 0.606250 1.409524 -0.834392
v 0.606250 1.293704 -0.814781
v 0.606250 1.312017 -0.867966
v -0.575000 1.143597 -0.925958
v -0.575000 1.125283 -0.872773
v -0.575000 1.046090 -0.959532
v -0.575000 1.027777 -0.906347
v 0.606250 1.125283 -0.872773
v 0.606250 1.143597 -0.925958
v 0.606250 1.027777 -0.906347
v 0.606250 1.046090 -0.959532
v -0.865625 2.208488 -0.830209
v -0.865625 2.203581 -0.736588
v -0.865625 2.133590 -0.834134
v -0.865625 2.128684 -0.740513
v 0.896875 2.203581 -0.736588
v 0.896875 2.208488 -0.830209
v 0.896875 2.128684 -0.740513
v 0.896875 2.133590 -0.834135
v 0.926692 1.268348 1.943934
v 0.926692 1.258538 2.084217
v 0.865186 1.197766 1.938999
v 0.865186 1.187956 2.079281
v 0.997446 1.197182 2.079926
v 0.997446 1.206992 1.939644
v 0.935940 1.126601 2.074991
v 0.935940 1.136410 1.934708
v -0.406250 1.487468 0.627991
v -0.406250 1.391989 1.993406
v -0.406250 1.347186 0.618181
v -0.406250 1.251706 1.983597
v 0.428125 1.391989 1.993406
v 0.428125 1.487468 0.627991
v 0.428125 1.251706 1.983597
v 0.428125 1.347186 0.618181
v 0.712870 1.226927 1.872452
v 0.712870 1.220056 2.069207
v 0.734869 1.088118 1.867604
v 0.734869 1.081247 2.064359
v 1.055475 1.274287 2.071100
v 1.055475 1.281157 1.874345
v 1.077473 1.135478 2.066253
v 1.077473 1.142348 1.869498
v -1.024224 1.281157 1.874346
v -1.024224 1.274287 2.071101
v -1.046223 1.142348 1.869498
v -1.046223 1.135478 2.066253
v -0.681620 1.220056 2.069207
v -0.681620 1.226927 1.872452
v -0.703618 1.081247 2.064359
v -0.703618 1.088118 1.867604
v 0.907321 1.301222 0.627411
v 0.907321 1.257707 1.873526
v 0.921987 1.208683 0.624179
v 0.921987 1.165167 1.870295
v 1.055475 1.281157 1.874345
v 1.055475 1.324673 0.628230
v 1.070140 1.188618 1.871114
v 1.070140 1.232134 0.624998
v 0.962879 1.344698 -0.365427
v 0.962879 1.310670 0.608979
v 0.977544 1.252158 -0.368658
v 0.977544 1.218131 0.605748
v 1.055475 1.325327 0.609491
v 1.055474 1.359354 -0.364915
v 1.070140 1.232788 0.606260
v 1.070140 1.266815 -0.368146
v 0.962879 1.311979 0.571502
v 0.962879 1.308707 0.665195
v 0.977544 1.219440 0.568271
v 0.977544 1.216168 0.661964
v 1.027696 1.318967 0.665553
v 1.027696 1.322239 0.571861
v 1.042361 1.226428 0.662322
v 1.042361 1.229700 0.568629
v 0.959072 1.456254 0.861385
v 0.959072 1.377123 1.992996
v 1.008322 1.305048 0.850811
v 1.008322 1.225918 1.982423
v 1.012569 1.394463 1.994209
v 1.012569 1.473593 0.862597
v 1.061819 1.243258 1.983636
v 1.061819 1.322388 0.852024
v 0.859612 1.435059 0.632056
v 0.856284 1.426087 0.856852
v 0.914408 1.275551 0.626501
v 0.911080 1.266579 0.851297
v 0.998138 1.474678 0.860892
v 1.001466 1.483650 0.636095
v 1.052934 1.315169 0.855337
v 1.056262 1.324142 0.630540
v 0.914333 1.457393 0.530539
v 0.913085 1.454028 0.614838
v 0.969129 1.297885 0.524984
v 0.967881 1.294520 0.609282
v 1.001744 1.484398 0.617362
v 1.002992 1.487762 0.533064
v 1.056540 1.324889 0.611807
v 1.057788 1.328254 0.527509
v 0.915556 1.486149 -0.283086
v 0.916954 1.458241 0.532061
v 0.939910 1.415257 -0.285555
v 0.941308 1.387348 0.529592
v 1.005624 1.488670 0.532951
v 1.004226 1.516579 -0.282196
v 1.029978 1.417778 0.530482
v 1.028580 1.445686 -0.284665
v 0.956896 1.502146 -1.755346
v 0.959258 1.454990 -0.378031
v 0.996471 1.386945 -1.759358
v 0.998833 1.339789 -0.382043
v 1.021327 1.476291 -0.377408
v 1.018965 1.523446 -1.754723
v 1.060902 1.361090 -0.381420
v 1.058540 1.408246 -1.758735
v 0.956655 1.506957 -1.895888
v 0.956896 1.502146 -1.755346
v 0.996230 1.391756 -1.899900
v 0.996471 1.386945 -1.759358
v 1.018965 1.523446 -1.754723
v 1.018724 1.528258 -1.895265
v 1.058540 1.408246 -1.758735
v 1.058299 1.413057 -1.899277
v 0.990657 1.397845 -1.761297
v 0.990657 1.349749 -0.384012
v 1.005323 1.305306 -1.764529
v 1.005323 1.257210 -0.387243
v 1.055474 1.360009 -0.383653
v 1.055474 1.408105 -1.760939
v 1.070140 1.267469 -0.386885
v 1.070140 1.315565 -1.764170
v 0.987724 1.445635 -1.903435
v 0.987724 1.390695 -1.743879
v 1.002390 1.358084 -1.933581
v 1.002390 1.303144 -1.774025
v 1.052541 1.400402 -1.740537
v 1.052541 1.455342 -1.900093
v 1.067207 1.312851 -1.770683
v 1.067207 1.367791 -1.930239
v 0.934091 1.313613 0.840503
v 0.927068 1.240719 1.013110
v 0.861817 0.635650 0.551250
v 0.854793 0.562756 0.723857
v 1.066922 1.226029 1.012597
v 1.073946 1.298923 0.839990
v 0.994648 0.548065 0.723344
v 1.001672 0.620959 0.550737
v 0.934091 1.402607 -1.707945
v 0.927067 1.329713 -1.535337
v 0.880114 0.896280 -1.923969
v 0.873090 0.823385 -1.751362
v 1.066922 1.315022 -1.535850
v 1.073946 1.387916 -1.708458
v 1.012945 0.808695 -1.751875
v 1.019969 0.881589 -1.924482
v 0.909800 1.263933 -1.973266
v 0.915699 1.287107 -1.787297
v 0.877320 0.893337 -1.926055
v 0.883219 0.916511 -1.740086
v 1.055726 1.274469 -1.790164
v 1.049827 1.251295 -1.976133
v 1.023245 0.903874 -1.742953
v 1.017346 0.880700 -1.928922
v -0.879748 1.265722 -1.975760
v -0.879729 1.272761 -1.919952
v -0.881015 0.893672 -1.928838
v -0.880996 0.900710 -1.873031
v 0.910886 1.266682 -1.919803
v 0.910867 1.259644 -1.975611
v 0.909619 0.894631 -1.872881
v 0.909600 0.887593 -1.928689
v -0.880652 0.890750 -1.931272
v -0.880629 0.947111 -1.897658
v -0.881538 0.756292 -1.705824
v -0.881516 0.812654 -1.672210
v 0.909986 0.943487 -1.892775
v 0.909963 0.887125 -1.926390
v 0.909099 0.809029 -1.667328
v 0.909076 0.752668 -1.700942
v -0.991456 1.527663 -1.874487
v -0.991433 1.505420 -1.812747
v -0.992406 1.263061 -1.969811
v -0.992383 1.240819 -1.908071
v 1.024180 1.499247 -1.815703
v 1.024158 1.521489 -1.877443
v 1.023230 1.234646 -1.911028
v 1.023208 1.256888 -1.972768
v 0.923034 1.385239 -1.927054
v 0.922272 1.324559 -1.749646
v 0.908893 1.261795 -1.969338
v 0.908130 1.201114 -1.791930
v 1.071397 1.309071 -1.754303
v 1.072160 1.369751 -1.931710
v 1.057256 1.185626 -1.796587
v 1.058019 1.246307 -1.973995
v 0.927068 1.304744 -0.820299
v 0.934091 1.365420 -0.643027
v 0.854793 0.608254 -0.579043
v 0.861817 0.668930 -0.401771
v 1.073946 1.350729 -0.643540
v 1.066922 1.290053 -0.820812
v 1.001671 0.654240 -0.402284
v 0.994648 0.593564 -0.579556
v 0.926918 1.252733 0.628158
v 0.926268 1.240342 0.805851
v 0.868156 0.694681 0.589028
v 0.867506 0.682289 0.766720
v 1.066122 1.225652 0.805338
v 1.066772 1.238043 0.627645
v 1.007361 0.667599 0.766207
v 1.008011 0.679990 0.588515
v 0.983236 1.254031 0.525079
v 0.982928 1.248162 0.609249
v 0.929371 0.742483 0.489209
v 0.929063 0.736613 0.573379
v 1.066841 1.239347 0.608941
v 1.067148 1.245217 0.524771
v 1.012976 0.727799 0.573071
v 1.013284 0.733669 0.488901
v 0.958169 1.044415 -0.305991
v 0.958169 1.015950 0.509137
v 0.949349 0.960553 -0.308919
v 0.949349 0.932088 0.506209
v 1.042082 1.007136 0.508830
v 1.042082 1.035601 -0.306298
v 1.033262 0.923274 0.505901
v 1.033262 0.951739 -0.309227
v 0.958169 1.013987 0.565353
v 0.958169 1.011370 0.640308
v 0.949349 0.930125 0.562425
v 0.949350 0.927508 0.637379
v 1.023435 1.004514 0.640068
v 1.023435 1.007132 0.565114
v 1.014615 0.920652 0.637140
v 1.014615 0.923270 0.562185
v 0.983235 1.285113 -0.365004
v 0.982928 1.279243 -0.280834
v 0.929371 0.773565 -0.400874
v 0.929063 0.767696 -0.316704
v 1.066841 1.270429 -0.281142
v 1.067148 1.276299 -0.365312
v 1.012976 0.758881 -0.317012
v 1.013284 0.764751 -0.401182
v 0.914333 1.488476 -0.359543
v 0.913085 1.485111 -0.275245
v 0.969130 1.328967 -0.365098
v 0.967882 1.325603 -0.280800
v 1.001744 1.515481 -0.272720
v 1.002992 1.518845 -0.357018
v 1.056540 1.355972 -0.278275
v 1.057789 1.359336 -0.362574
v 0.937590 0.850701 -0.369040
v 0.937590 0.817329 0.586628
v 0.928770 0.766840 -0.371968
v 0.928770 0.733467 0.583699
v 1.021503 0.808514 0.586320
v 1.021503 0.841887 -0.369347
v 1.012683 0.724653 0.583392
v 1.012683 0.758025 -0.372276
v 0.983064 1.292322 -0.618061
v 0.982210 1.276017 -0.384255
v 0.924303 0.734270 -0.657191
v 0.923448 0.717965 -0.423386
v 1.066122 1.267203 -0.384563
v 1.066977 1.283507 -0.618369
v 1.007361 0.709151 -0.423693
v 1.008216 0.725455 -0.657499
v -0.603125 0.932395 2.051341
v -0.603125 0.936321 2.163773
v -0.603125 0.913656 2.051996
v -0.603125 0.917582 2.164427
v 0.634375 0.936321 2.163773
v 0.634375 0.932395 2.051341
v 0.634375 0.917582 2.164427
v 0.634375 0.913656 2.051996
v -0.603125 0.992864 2.156366
v -0.603125 0.992864 2.156366
v -0.603125 0.955386 2.157675
v -0.603125 0.955386 2.157675
v 0.634375 0.992864 2.156366
v 0.634375 0.992864 2.156366
v 0.634375 0.955386 2.157675
v 0.634375 0.955386 2.157675
v -0.603125 1.067818 2.158984
v -0.603125 1.067818 2.158984
v -0.603125 1.030341 2.160293
v -0.603125 1.030341 2.160293
v 0.634375 1.067818 2.158983
v 0.634375 1.067818 2.158983
v 0.634375 1.030341 2.160292
v 0.634375 1.030341 2.160292
v -0.603125 1.133403 2.161274
v -0.603125 1.133403 2.161274
v -0.603125 1.095926 2.162583
v -0.603125 1.095926 2.162583
v 0.634375 1.133403 2.161273
v 0.634375 1.133403 2.161273
v 0.634375 1.095926 2.162582
v 0.634375 1.095926 2.162582
v -0.603125 1.189619 2.163237
v -0.603125 1.189619 2.163237
v -0.603125 1.152142 2.164546
v -0.603125 1.152142 2.164546
v 0.634375 1.189619 2.163237
v 0.634375 1.189619 2.163237
v 0.634375 1.152142 2.164545
v 0.634375 1.152142 2.164545
v -0.603125 1.222006 2.048155
v -0.603125 1.274864 2.067394
v -0.603125 1.189942 2.136251
v -0.603125 1.242800 2.155490
v 0.634375 1.274864 2.067393
v 0.634375 1.222006 2.048155
v 0.634375 1.242800 2.155489
v 0.634375 1.189942 2.136251
v 0.006250 1.274597 2.011455
v 0.006250 1.276560 2.067670
v 0.006250 1.134058 2.016362
v 0.006250 1.136021 2.072578
v 1.056250 1.276560 2.067670
v 1.056250 1.274597 2.011455
v 1.056250 1.136021 2.072578
v 1.056250 1.134058 2.016362
v -1.025000 1.274597 2.011455
v -1.025000 1.276560 2.067671
v -1.025000 1.134058 2.016363
v -1.025000 1.136021 2.072578
v 0.025000 1.276560 2.067670
v 0.025000 1.274597 2.011455
v 0.025000 1.136021 2.072578
v 0.025000 1.134058 2.016362
v 0.725874 1.171685 2.015049
v 0.725874 1.173648 2.071264
v 0.757417 1.054035 2.019157
v 0.757417 1.055998 2.075373
v 1.024707 1.253671 2.068470
v 1.024707 1.251708 2.012254
v 1.056250 1.136021 2.072578
v 1.056250 1.134058 2.016362
v -0.993456 1.251708 2.012254
v -0.993456 1.253671 2.068470
v -1.025000 1.134058 2.016363
v -1.025000 1.136021 2.072578
v -0.694623 1.173648 2.071265
v -0.694623 1.171685 2.015049
v -0.726166 1.055998 2.075373
v -0.726166 1.054035 2.019157
v -0.434375 0.845513 0.714685
v -0.434375 0.802980 1.932693
v -0.434375 0.611281 0.706506
v -0.434375 0.568747 1.924513
v 0.465625 0.802980 1.932693
v 0.465625 0.845513 0.714685
v 0.465625 0.568747 1.924513
v 0.465625 0.611281 0.706506
v -0.837500 0.929599 -1.693222
v -0.837500 0.890665 -0.578277
v -0.837500 0.770322 -1.698784
v -0.837500 0.731387 -0.583839
v 0.887500 0.890665 -0.578277
v 0.887500 0.929599 -1.693222
v 0.887500 0.731387 -0.583839
v 0.887500 0.770322 -1.698784
v -0.856250 0.817510 -0.632425
v -0.856250 0.772849 0.646483
v -0.856250 0.630124 -0.638969
v -0.856250 0.585464 0.639939
v 0.896875 0.772849 0.646483
v 0.896875 0.817510 -0.632425
v 0.896875 0.585464 0.639939
v 0.896875 0.630124 -0.638969
v 0.886991 0.762223 -0.648427
v 0.886991 0.714127 0.728858
v 0.871312 0.613135 -0.653633
v 0.871312 0.565039 0.723652
v 1.017522 0.700416 0.728380
v 1.017522 0.748512 -0.648906
v 1.001843 0.551328 0.723173
v 1.001843 0.599424 -0.654112
v 0.942821 1.510954 -1.729205
v 0.942821 1.471692 -0.604890
v 0.862464 0.746881 -1.755887
v 0.862464 0.707619 -0.631572
v 0.980115 1.467775 -0.605027
v 0.980115 1.507037 -1.729342
v 0.899759 0.703702 -0.631709
v 0.899759 0.742964 -1.756024
v -0.950000 1.332314 0.898454
v -0.950000 1.286659 1.011455
v -0.950000 0.593465 0.599939
v -0.950000 0.547810 0.712940
v 0.990625 1.286659 1.011454
v 0.990625 1.332314 0.898454
v 0.990625 0.547810 0.712940
v 0.990625 0.593465 0.599939
v -0.434375 0.861866 1.969931
v -0.434375 0.788472 2.078743
v -0.434375 0.636472 1.817901
v -0.434375 0.563077 1.926712
v 0.465625 0.788472 2.078742
v 0.465625 0.861866 1.969931
v 0.465625 0.563077 1.926712
v 0.465625 0.636472 1.817901
v 0.878125 0.893103 1.232286
v 0.878125 0.880016 1.607058
v 0.878125 0.780672 1.228360
v 0.878125 0.767584 1.603132
v 0.934375 0.880016 1.607058
v 0.934375 0.893103 1.232286
v 0.934375 0.767584 1.603132
v 0.934375 0.780672 1.228360
v 0.317473 0.975144 1.661089
v 0.346070 0.967094 1.769596
v 0.290405 0.865952 1.660123
v 0.319003 0.857903 1.768629
v 1.013503 0.803310 1.581542
v 0.984906 0.811360 1.473035
v 0.986436 0.694119 1.580575
v 0.957838 0.702169 1.472069
v 0.346070 0.991193 1.079489
v 0.317472 0.991654 1.188293
v 0.319002 0.882201 1.072836
v 0.290405 0.882661 1.181640
v 0.984905 0.815151 1.364463
v 1.013503 0.814690 1.255660
v 0.957838 0.706158 1.357811
v 0.986435 0.705698 1.249007
v 0.673706 0.880845 -1.976346
v 0.673706 0.872011 -1.723375
v 0.631523 0.830604 -1.978101
v 0.631523 0.821770 -1.725130
v 0.723978 0.829854 -1.724847
v 0.723978 0.838688 -1.977818
v 0.681795 0.779613 -1.726602
v 0.681795 0.788447 -1.979573
v -0.692729 0.838688 -1.977818
v -0.692729 0.829854 -1.724847
v -0.650546 0.788447 -1.979573
v -0.650546 0.779613 -1.726602
v -0.642457 0.872012 -1.723375
v -0.642457 0.880846 -1.976346
v -0.600274 0.821771 -1.725130
v -0.600274 0.830605 -1.978100
v -0.771875 0.895840 -2.069629
v -0.771875 0.891587 -1.947829
v -0.771875 0.745932 -2.074864
v -0.771875 0.741678 -1.953064
v 0.803125 0.891587 -1.947829
v 0.803125 0.895840 -2.069630
v 0.803125 0.741678 -1.953064
v 0.803125 0.745932 -2.074865
v -0.979409 0.661782 -1.216925
v -1.008006 0.653733 -1.108419
v -0.952342 0.552592 -1.217891
v -0.980939 0.544543 -1.109385
v -0.226407 0.845533 -0.888198
v -0.197810 0.853582 -0.996704
v -0.199340 0.736342 -0.889164
v -0.170743 0.744391 -0.997670
v -0.852003 0.703423 -1.414668
v -0.865321 0.686776 -1.077842
v -0.843097 0.667024 -1.416115
v -0.856415 0.650377 -1.079289
v -0.610540 0.748589 -1.064713
v -0.597222 0.765236 -1.401539
v -0.601635 0.712191 -1.066160
v -0.588317 0.728838 -1.402986
v -1.006250 0.666813 -1.420977
v -1.006250 0.655689 -1.102421
v -1.006250 0.554382 -1.424903
v -1.006250 0.543257 -1.106348
v -0.950000 0.655689 -1.102421
v -0.950000 0.666813 -1.420977
v -0.950000 0.543257 -1.106348
v -0.950000 0.554382 -1.424903
v -1.008007 0.664444 -1.415131
v -0.979409 0.664905 -1.306327
v -0.980940 0.555451 -1.421784
v -0.952342 0.555912 -1.312979
v -0.206592 0.869277 -1.510314
v -0.235189 0.868816 -1.619119
v -0.179524 0.760284 -1.516967
v -0.208122 0.759824 -1.625771
v -0.903125 0.893103 1.232287
v -0.903125 0.880016 1.607058
v -0.903125 0.780672 1.228360
v -0.903125 0.767584 1.603132
v -0.846875 0.880016 1.607058
v -0.846875 0.893103 1.232287
v -0.846875 0.767584 1.603132
v -0.846875 0.780672 1.228360
v -0.678125 0.962138 2.210292
v -0.678125 0.959521 2.285246
v -0.678125 0.905923 2.208328
v -0.678125 0.903305 2.283283
v -0.640625 0.959521 2.285246
v -0.640625 0.962138 2.210292
v -0.640625 0.903305 2.283283
v -0.640625 0.905923 2.208328
v -0.707985 1.233115 1.984713
v -0.715946 1.268025 1.995856
v -0.747702 1.202412 2.052529
v -0.755664 1.237322 2.063672
v -0.563408 1.273505 2.087674
v -0.555446 1.238595 2.076531
v -0.603126 1.242802 2.155490
v -0.595164 1.207892 2.144347
v -0.978125 1.370214 1.938058
v -0.978125 1.401668 1.984691
v -0.978125 1.245857 2.021937
v -0.978125 1.277312 2.068571
v 1.009375 1.401668 1.984691
v 1.009375 1.370214 1.938058
v 1.009375 1.277312 2.068570
v 1.009375 1.245857 2.021937
v -0.732100 1.233553 2.041350
v -0.750909 1.234192 2.073786
v -0.727937 0.914949 2.050044
v -0.746745 0.915588 2.082480
v -0.604936 1.238407 2.158348
v -0.586127 1.237768 2.125912
v -0.600772 0.919803 2.167042
v -0.581964 0.919164 2.134606
v -0.993457 1.251708 2.012254
v -0.993457 1.253672 2.068470
v -1.025000 1.134059 2.016363
v -1.025000 1.136022 2.072578
v -0.694623 1.173648 2.071265
v -0.694623 1.171685 2.015049
v -0.726167 1.055998 2.075373
v -0.726167 1.054035 2.019157
v -1.024224 1.281158 1.874346
v -1.024224 1.274287 2.071101
v -1.046223 1.142349 1.869498
v -1.046223 1.135478 2.066253
v -0.681620 1.220057 2.069207
v -0.681620 1.226928 1.872452
v -0.703618 1.081248 2.064360
v -0.703618 1.088119 1.867604
v -0.966195 1.206991 1.939644
v -0.966195 1.197182 2.079926
v -0.904690 1.136410 1.934708
v -0.904690 1.126600 2.074991
v -0.895441 1.258538 2.084217
v -0.895441 1.268347 1.943934
v -0.833936 1.187956 2.079281
v -0.833936 1.197765 1.938999
v -0.978125 1.496820 0.628645
v -0.978125 1.401341 1.994061
v -0.978125 1.347186 0.618181
v -0.978125 1.251706 1.983597
v -0.396875 1.401341 1.994060
v -0.396875 1.496820 0.628645
v -0.396875 1.251706 1.983597
v -0.396875 1.347186 0.618181
v 0.627006 0.961310 1.358254
v 0.627006 0.956729 1.489424
v 0.762886 0.454508 1.340556
v 0.762886 0.449927 1.471726
v 0.726616 0.983404 1.490356
v 0.726616 0.987984 1.359186
v 0.862496 0.476601 1.472658
v 0.862496 0.481182 1.341488
v 0.981250 0.489242 1.246325
v 0.981250 0.478118 1.564881
v 0.981250 0.376811 1.242399
v 0.981250 0.365687 1.560955
v 1.037500 0.478118 1.564881
v 1.037500 0.489242 1.246325
v 1.037500 0.365687 1.560955
v 1.037500 0.376811 1.242399
v 0.009510 0.683012 1.732458
v 0.038107 0.674963 1.840964
v -0.017557 0.573821 1.731492
v 0.011040 0.565772 1.839998
v 1.039256 0.429287 1.558883
v 1.010659 0.437336 1.450377
v 1.012189 0.320096 1.557917
v 0.983591 0.328145 1.449411
v 0.628473 0.493914 1.265764
v 0.641791 0.477267 1.602590
v 0.619567 0.457516 1.264317
v 0.632885 0.440869 1.601143
v 0.896571 0.415454 1.589461
v 0.883253 0.432101 1.252635
v 0.887665 0.379055 1.588014
v 0.874347 0.395702 1.251188
v 0.046889 0.702431 0.990233
v 0.018291 0.702891 1.099037
v 0.019821 0.593438 0.983580
v -0.008776 0.593899 1.092384
v 1.010659 0.440459 1.360975
v 1.039256 0.439999 1.252172
v 0.983592 0.331467 1.354322
v 1.012189 0.331006 1.245519
v 0.229059 0.853582 -0.996705
v 0.257657 0.845533 -0.888198
v 0.201992 0.744392 -0.997671
v 0.230590 0.736343 -0.889165
v 1.039256 0.653733 -1.108420
v 1.010658 0.661783 -1.216926
v 1.012189 0.544543 -1.109386
v 0.983591 0.552592 -1.217892
v 0.628471 0.765236 -1.401539
v 0.641789 0.748589 -1.064713
v 0.619566 0.728837 -1.402986
v 0.632884 0.712190 -1.066160
v 0.896570 0.686775 -1.077842
v 0.883251 0.703422 -1.414668
v 0.887664 0.650376 -1.079289
v 0.874346 0.667023 -1.416115
v 0.266439 0.868816 -1.619118
v 0.237842 0.869276 -1.510315
v 0.239372 0.759823 -1.625771
v 0.210774 0.760284 -1.516967
v 1.010659 0.664904 -1.306327
v 1.039256 0.664444 -1.415131
v 0.983592 0.555912 -1.312980
v 1.012189 0.555451 -1.421784
v 0.981250 0.666813 -1.420978
v 0.981250 0.655689 -1.102422
v 0.981250 0.554382 -1.424904
v 0.981250 0.543257 -1.106348
v 1.037500 0.655689 -1.102422
v 1.037500 0.666813 -1.420978
v 1.037500 0.543257 -1.106348
v 1.037500 0.554382 -1.424904
v 0.761139 2.103007 0.459940
v 0.850256 1.468208 0.811814
v 0.761139 2.103007 0.459940
v 0.850256 1.468208 0.811814
v 0.971222 1.481199 0.804614
v 0.882105 2.115998 0.452739
v 0.971222 1.481199 0.804614
v 0.882105 2.115998 0.452739
v -0.850856 2.115998 0.452739
v -0.939973 1.481199 0.804614
v -0.850856 2.115998 0.452739
v -0.939973 1.481199 0.804614
v -0.819006 1.468208 0.811815
v -0.729889 2.103007 0.459940
v -0.819006 1.468208 0.811815
v -0.729889 2.103007 0.459940
v 0.169375 1.010339 -0.335827
v 0.169375 0.987665 0.313464
v 0.169375 0.770485 -0.344203
v 0.169375 0.747811 0.305088
v 0.837813 0.987665 0.313464
v 0.837812 1.010339 -0.335828
v 0.837813 0.747811 0.305088
v 0.837812 0.770485 -0.344203
v 0.169375 1.594657 -0.328178
v 0.169375 1.002861 -0.218495
v 0.169375 1.573131 -0.444325
v 0.169375 0.981334 -0.334642
v 0.837812 1.002861 -0.218495
v 0.837812 1.594657 -0.328178
v 0.837812 0.981334 -0.334642
v 0.837812 1.573131 -0.444325
v -0.806563 1.010339 -0.335827
v -0.806562 0.987665 0.313464
v -0.806563 0.770485 -0.344203
v -0.806562 0.747811 0.305089
v -0.138125 0.987665 0.313464
v -0.138125 1.010339 -0.335827
v -0.138125 0.747811 0.305088
v -0.138125 0.770485 -0.344203
v -0.806563 1.594657 -0.328178
v -0.806563 1.002861 -0.218495
v -0.806563 1.573131 -0.444325
v -0.806563 0.981334 -0.334642
v -0.138125 1.002861 -0.218495
v -0.138125 1.594657 -0.328178
v -0.138125 0.981334 -0.334642
v -0.138125 1.573131 -0.444325
v 0.459344 1.429399 0.397900
v 0.459344 1.490442 0.443070
v 0.459344 0.857253 1.171110
v 0.459344 0.918297 1.216279
v 0.535281 1.490442 0.443070
v 0.535281 1.429399 0.397900
v 0.535281 0.918297 1.216279
v 0.535281 0.857253 1.171110
v 0.389157 1.335078 0.305167
v 0.389157 1.310026 0.347697
v 0.389157 1.278372 0.271765
v 0.389157 1.253320 0.314294
v 0.586594 1.310026 0.347697
v 0.586594 1.335078 0.305167
v 0.586594 1.253320 0.314294
v 0.586594 1.278372 0.271765
v 0.296085 1.438760 0.366241
v 0.296085 1.413708 0.408770
v 0.249548 1.398663 0.342622
v 0.249548 1.373611 0.385151
v 0.435694 1.293417 0.337913
v 0.435694 1.318469 0.295384
v 0.389158 1.253320 0.314294
v 0.389158 1.278371 0.271765
v 0.315361 1.568781 0.442829
v 0.315361 1.543729 0.485359
v 0.249548 1.568781 0.442829
v 0.249548 1.543729 0.485359
v 0.315361 1.373611 0.385151
v 0.315361 1.398663 0.342622
v 0.249548 1.373611 0.385151
v 0.249548 1.398663 0.342622
v 0.417282 1.541413 0.400303
v 0.417282 1.515699 0.460883
v 0.417282 1.420079 0.348799
v 0.417282 1.394364 0.409379
v 0.558469 1.515699 0.460883
v 0.558469 1.541413 0.400303
v 0.558469 1.394364 0.409379
v 0.558469 1.420079 0.348799
v 0.668359 1.503755 0.408565
v 0.668359 1.493477 0.426013
v 0.313983 1.503755 0.408565
v 0.313983 1.493477 0.426013
v 0.668359 1.449858 0.400319
v 0.668359 1.460136 0.382871
v 0.313983 1.449858 0.400319
v 0.313983 1.460136 0.382871
v 0.435694 1.648975 0.490068
v 0.435694 1.623923 0.532597
v 0.389157 1.689072 0.513687
v 0.389157 1.664020 0.556216
v 0.296084 1.503631 0.461740
v 0.296084 1.528683 0.419210
v 0.249548 1.543728 0.485359
v 0.249548 1.568780 0.442829
v 0.503185 1.436679 0.385662
v 0.503185 1.430255 0.396567
v 0.587925 1.315162 0.314084
v 0.587925 1.308739 0.324989
v 0.546579 1.452721 0.409801
v 0.546579 1.459144 0.398896
v 0.631319 1.331205 0.338222
v 0.631319 1.337628 0.327317
v 0.427412 1.459658 0.399199
v 0.427412 1.453235 0.410104
v 0.345146 1.336886 0.326880
v 0.345146 1.330463 0.337785
v 0.471254 1.431425 0.397256
v 0.471254 1.437848 0.386351
v 0.388989 1.308653 0.324938
v 0.388989 1.315076 0.314033
v 0.389157 1.689072 0.513686
v 0.389157 1.664020 0.556216
v 0.389157 1.632366 0.480284
v 0.389157 1.607314 0.522814
v 0.586594 1.664020 0.556216
v 0.586594 1.689072 0.513686
v 0.586594 1.607314 0.522814
v 0.586594 1.632366 0.480284
v 0.586595 1.689072 0.513686
v 0.586595 1.664021 0.556216
v 0.540059 1.648975 0.490067
v 0.540059 1.623923 0.532597
v 0.726205 1.543729 0.485358
v 0.726205 1.568781 0.442829
v 0.679668 1.503632 0.461739
v 0.679668 1.528684 0.419210
v 0.726204 1.398662 0.342622
v 0.726204 1.373611 0.385152
v 0.679668 1.438760 0.366241
v 0.679668 1.413708 0.408771
v 0.586595 1.253319 0.314295
v 0.586595 1.278371 0.271765
v 0.540058 1.293416 0.337914
v 0.540058 1.318468 0.295384
v 0.726204 1.568781 0.442829
v 0.726204 1.543729 0.485359
v 0.660391 1.568781 0.442829
v 0.660391 1.543729 0.485359
v 0.726204 1.373611 0.385151
v 0.726204 1.398663 0.342622
v 0.660391 1.373611 0.385151
v 0.660391 1.398663 0.342622
v 0.601750 0.778983 0.567339
v 0.601750 0.924029 0.693425
v 0.601750 0.748846 0.602008
v 0.601750 0.893891 0.728094
v 0.720813 0.924029 0.693425
v 0.720813 0.778983 0.567339
v 0.720813 0.893891 0.728094
v 0.720813 0.748846 0.602008
v 0.407219 0.778983 0.567339
v 0.407219 0.924029 0.693425
v 0.407219 0.748846 0.602008
v 0.407219 0.893891 0.728094
v 0.526281 0.924029 0.693425
v 0.526281 0.778983 0.567339
v 0.526281 0.893891 0.728094
v 0.526281 0.748846 0.602008
v 0.210344 0.778983 0.567339
v 0.210344 0.952331 0.718027
v 0.210344 0.748846 0.602008
v 0.210344 0.922193 0.752697
v 0.348156 0.952331 0.718027
v 0.348156 0.778983 0.567339
v 0.348156 0.922193 0.752697
v 0.348156 0.748846 0.602008
v 0.792382 2.120940 -0.354785
v 0.985576 1.127647 -0.389471
v 0.792382 2.125521 -0.485955
v 0.985576 1.132228 -0.520641
v 1.086806 1.147313 -0.388785
v 0.893612 2.140605 -0.354098
v 1.086806 1.151893 -0.519955
v 0.893612 2.145186 -0.485268
v 0.886658 1.752730 -1.734878
v 0.889730 1.734046 -1.652655
v 0.799679 0.970416 -1.909405
v 0.802751 0.951732 -1.827182
v 0.982870 1.724929 -1.658207
v 0.979798 1.743613 -1.740430
v 0.895891 0.942615 -1.832734
v 0.892819 0.961299 -1.914956
v 0.798820 2.145081 -0.734828
v 0.891556 1.671889 -0.854722
v 0.795100 2.167403 -0.825806
v 0.887837 1.694211 -0.945699
v 0.983584 1.689766 -0.854097
v 0.890847 2.162958 -0.734204
v 0.979864 1.712089 -0.945075
v 0.887128 2.185281 -0.825182
v 0.899085 1.694757 -0.519759
v 0.747034 0.913000 -0.547058
v 0.899085 1.698029 -0.613452
v 0.747034 0.916272 -0.640751
v 0.839062 0.895122 -0.547683
v 0.991113 1.676880 -0.520383
v 0.839062 0.898394 -0.641375
v 0.991113 1.680152 -0.614076
v 0.892196 1.704516 -0.849450
v 0.734959 0.903799 -1.098351
v 0.888788 1.732936 -0.938724
v 0.731551 0.932219 -1.187625
v 0.827040 0.888340 -1.106788
v 0.984277 1.689057 -0.857887
v 0.823631 0.916760 -1.196062
v 0.980869 1.717477 -0.947161
v 0.673706 0.900089 2.039272
v 0.673706 0.893545 2.226657
v 0.631523 0.849848 2.037517
v 0.631523 0.843304 2.224903
v 0.723978 0.851388 2.225185
v 0.723978 0.857932 2.037800
v 0.681795 0.801147 2.223431
v 0.681795 0.807691 2.036045
v -0.692727 0.857931 2.037800
v -0.692727 0.851387 2.225186
v -0.650545 0.807690 2.036045
v -0.650544 0.801146 2.223431
v -0.642456 0.893545 2.226658
v -0.642456 0.900088 2.039272
v -0.600273 0.843304 2.224903
v -0.600273 0.849847 2.037518
v 0.804276 2.146451 -0.503985
v 0.899085 1.659002 -0.521007
v 0.804276 2.149723 -0.597678
v 0.899085 1.662274 -0.614700
v 0.991112 1.676880 -0.520383
v 0.896304 2.164329 -0.503361
v 0.991112 1.680152 -0.614076
v 0.896304 2.167601 -0.597054
v 0.795074 2.147935 -0.597741
v 0.811173 2.065161 -0.600631
v 0.795074 2.156115 -0.831973
v 0.811173 2.073341 -0.834863
v 0.903201 2.083039 -0.600007
v 0.887101 2.165813 -0.597116
v 0.903201 2.091218 -0.834239
v 0.887101 2.173992 -0.831348
v 0.836217 1.936401 -0.605128
v 0.852316 1.853627 -0.608018
v 0.836217 1.944581 -0.839360
v 0.852316 1.861806 -0.842250
v 0.944344 1.871504 -0.607394
v 0.928244 1.954278 -0.604503
v 0.944344 1.879684 -0.841626
v 0.928244 1.962458 -0.838735
v 0.873782 1.743261 -0.611872
v 0.889882 1.660487 -0.614763
v 0.873782 1.782523 -1.736187
v 0.889882 1.699749 -1.739077
v 0.981909 1.678364 -0.614138
v 0.965810 1.761138 -0.611248
v 0.981909 1.717626 -1.738453
v 0.965810 1.800400 -1.735563
v -0.948866 1.507037 -1.729342
v -0.948866 1.467775 -0.605027
v -0.868510 0.742964 -1.756024
v -0.868510 0.703702 -0.631709
v -0.911571 1.471692 -0.604890
v -0.911572 1.510954 -1.729205
v -0.831215 0.707619 -0.631572
v -0.831215 0.746881 -1.755887
v -1.024225 1.408105 -1.760939
v -1.024224 1.360009 -0.383653
v -1.038890 1.315565 -1.764170
v -1.038890 1.267469 -0.386885
v -0.959407 1.349749 -0.384011
v -0.959408 1.397845 -1.761297
v -0.974073 1.257210 -0.387243
v -0.974073 1.305306 -1.764528
v -0.987715 1.523446 -1.754723
v -0.990077 1.476291 -0.377407
v -1.027291 1.408246 -1.758735
v -1.029652 1.361090 -0.381419
v -0.928008 1.454990 -0.378030
v -0.925647 1.502146 -1.755346
v -0.967584 1.339789 -0.382042
v -0.965222 1.386945 -1.759358
v -1.042697 1.387916 -1.708457
v -1.035673 1.315022 -1.535850
v -0.988720 0.881589 -1.924482
v -0.981696 0.808695 -1.751874
v -0.895819 1.329713 -1.535337
v -0.902842 1.402607 -1.707944
v -0.841841 0.823385 -1.751361
v -0.848865 0.896280 -1.923969
v -0.948549 1.743613 -1.740429
v -0.951621 1.724929 -1.658207
v -0.861570 0.961299 -1.914956
v -0.864642 0.942615 -1.832733
v -0.858480 1.734046 -1.652655
v -0.855409 1.752730 -1.734878
v -0.771501 0.951732 -1.827181
v -0.768429 0.970416 -1.909404
v -0.934560 1.761138 -0.611248
v -0.950660 1.678364 -0.614138
v -0.934560 1.800400 -1.735562
v -0.950660 1.717626 -1.738453
v -0.858632 1.660487 -0.614762
v -0.842532 1.743261 -0.611872
v -0.858632 1.699749 -1.739077
v -0.842533 1.782523 -1.736187
v -0.859597 2.162958 -0.734204
v -0.952334 1.689766 -0.854097
v -0.855878 2.185281 -0.825181
v -0.948615 1.712089 -0.945075
v -0.860306 1.671889 -0.854721
v -0.767570 2.145081 -0.734828
v -0.856587 1.694211 -0.945699
v -0.763851 2.167403 -0.825806
v -0.953027 1.689057 -0.857887
v -0.795790 0.888340 -1.106788
v -0.949619 1.717477 -0.947160
v -0.792382 0.916760 -1.196062
v -0.703709 0.903799 -1.098351
v -0.860947 1.704516 -0.849450
v -0.700301 0.932219 -1.187625
v -0.857538 1.732936 -0.938723
v -0.896994 1.954278 -0.604503
v -0.913094 1.871504 -0.607394
v -0.896994 1.962458 -0.838735
v -0.913094 1.879684 -0.841626
v -0.821066 1.853627 -0.608018
v -0.804967 1.936401 -0.605127
v -0.821066 1.861806 -0.842250
v -0.804967 1.944581 -0.839359
v -0.855851 2.165813 -0.597116
v -0.871951 2.083039 -0.600007
v -0.855851 2.173992 -0.831348
v -0.871951 2.091218 -0.834239
v -0.779923 2.065161 -0.600631
v -0.763824 2.147935 -0.597740
v -0.779923 2.073341 -0.834863
v -0.763824 2.156115 -0.831973
v -0.865054 2.164329 -0.503361
v -0.959862 1.676880 -0.520383
v -0.865054 2.167601 -0.597054
v -0.959862 1.680152 -0.614076
v -0.867835 1.659002 -0.521007
v -0.773026 2.146451 -0.503985
v -0.867835 1.662274 -0.614700
v -0.773027 2.149723 -0.597678
v -0.959863 1.676880 -0.520383
v -0.807812 0.895122 -0.547682
v -0.959863 1.680152 -0.614076
v -0.807812 0.898394 -0.641375
v -0.715784 0.913000 -0.547058
v -0.867835 1.694757 -0.519758
v -0.715784 0.916272 -0.640751
v -0.867835 1.698029 -0.613451
v -0.972976 1.516579 -0.282196
v -0.974374 1.488670 0.532951
v -0.997330 1.445686 -0.284664
v -0.998728 1.417778 0.530482
v -0.885704 1.458241 0.532062
v -0.884307 1.486149 -0.283085
v -0.910058 1.387348 0.529593
v -0.908660 1.415257 -0.285554
v -1.024224 1.359354 -0.364914
v -1.024224 1.325327 0.609492
v -1.038890 1.266815 -0.368146
v -1.038890 1.232788 0.606260
v -0.931628 1.310670 0.608980
v -0.931629 1.344698 -0.365426
v -0.946294 1.218131 0.605748
v -0.946294 1.252158 -0.368658
v -0.971742 1.518845 -0.357018
v -0.970494 1.515481 -0.272719
v -1.026539 1.359336 -0.362573
v -1.025290 1.355972 -0.278275
v -0.881835 1.485111 -0.275244
v -0.883083 1.488476 -0.359543
v -0.936632 1.325603 -0.280799
v -0.937880 1.328967 -0.365098
v -1.035899 1.276299 -0.365312
v -1.035591 1.270429 -0.281142
v -0.982034 0.764751 -0.401182
v -0.981727 0.758881 -0.317012
v -0.951678 1.279243 -0.280834
v -0.951986 1.285113 -0.365004
v -0.897814 0.767695 -0.316704
v -0.898122 0.773565 -0.400874
v -1.010833 1.035601 -0.306298
v -1.010832 1.007136 0.508830
v -1.002013 0.951739 -0.309227
v -1.002013 0.923274 0.505901
v -0.926920 1.015950 0.509138
v -0.926920 1.044415 -0.305990
v -0.918100 0.932088 0.506209
v -0.918100 0.960553 -0.308919
v -0.990254 0.841887 -0.369347
v -0.990253 0.808514 0.586320
v -0.981434 0.758025 -0.372276
v -0.981434 0.724653 0.583392
v -0.906341 0.817329 0.586628
v -0.906341 0.850701 -0.369039
v -0.897521 0.733467 0.583700
v -0.897521 0.766839 -0.371968
v -1.035899 1.245217 0.524771
v -1.035591 1.239347 0.608941
v -0.982034 0.733669 0.488902
v -0.981726 0.727799 0.573072
v -0.951678 1.248162 0.609249
v -0.951986 1.254031 0.525079
v -0.897814 0.736613 0.573379
v -0.898121 0.742483 0.489209
v -0.971742 1.487762 0.533064
v -0.970493 1.484398 0.617363
v -1.026538 1.328254 0.527509
v -1.025290 1.324889 0.611808
v -0.881835 1.454028 0.614838
v -0.883083 1.457393 0.530539
v -0.936631 1.294520 0.609283
v -0.937879 1.297885 0.524984
v -1.024224 1.324673 0.628230
v -1.024224 1.281157 1.874346
v -1.038890 1.232134 0.624999
v -1.038890 1.188618 1.871114
v -0.876071 1.257707 1.873527
v -0.876071 1.301222 0.627411
v -0.890737 1.165167 1.870295
v -0.890737 1.208683 0.624180
v -0.790413 1.299748 0.843116
v -0.790413 1.257541 2.051754
v -0.691005 0.832356 0.826794
v -0.691005 0.790149 2.035433
v -0.698712 1.277021 2.052435
v -0.698712 1.319228 0.843796
v -0.599304 0.809629 2.036113
v -0.599304 0.851836 0.827475
v -1.042696 1.298923 0.839990
v -1.035673 1.226029 1.012597
v -0.970422 0.620959 0.550737
v -0.963398 0.548065 0.723344
v -0.895818 1.240719 1.013110
v -0.902842 1.313613 0.840503
v -0.823544 0.562755 0.723857
v -0.830567 0.635650 0.551250
v -1.035523 1.238043 0.627646
v -1.034873 1.225652 0.805338
v -0.976761 0.679990 0.588515
v -0.976111 0.667599 0.766207
v -0.895018 1.240342 0.805851
v -0.895668 1.252733 0.628159
v -0.836257 0.682289 0.766720
v -0.836907 0.694681 0.589028
v -0.970216 1.483650 0.636096
v -0.966888 1.474678 0.860892
v -1.025012 1.324142 0.630541
v -1.021684 1.315169 0.855337
v -0.825034 1.426087 0.856852
v -0.828362 1.435059 0.632056
v -0.879830 1.266579 0.851297
v -0.883159 1.275551 0.626501
v -0.981319 1.473593 0.862598
v -0.981319 1.394463 1.994209
v -1.030568 1.322388 0.852024
v -1.030568 1.243258 1.983636
v -0.927822 1.377123 1.992997
v -0.927822 1.456254 0.861385
v -0.977071 1.225918 1.982423
v -0.977071 1.305048 0.850812
v -0.986273 0.748512 -0.648906
v -0.986273 0.700416 0.728380
v -0.970594 0.599424 -0.654112
v -0.970594 0.551328 0.723174
v -0.855741 0.714127 0.728859
v -0.855742 0.762223 -0.648427
v -0.840062 0.565039 0.723652
v -0.840062 0.613135 -0.653633
v -1.035673 1.290053 -0.820812
v -1.042697 1.350729 -0.643540
v -0.963399 0.593564 -0.579556
v -0.970422 0.654240 -0.402284
v -0.902842 1.365420 -0.643027
v -0.895818 1.304744 -0.820299
v -0.830568 0.668930 -0.401771
v -0.823544 0.608254 -0.579043
v -1.035728 1.283507 -0.618368
v -1.034873 1.267203 -0.384563
v -0.976967 0.725455 -0.657499
v -0.976112 0.709151 -0.423693
v -0.950960 1.276017 -0.384255
v -0.951815 1.292322 -0.618060
v -0.892199 0.717965 -0.423385
v -0.893054 0.734270 -0.657191
v -1.045103 1.283507 -0.655868
v -1.044419 1.270464 -0.468823
v -1.025516 1.097490 -0.668911
v -1.024832 1.084447 -0.481867
v -0.951183 1.280257 -0.468481
v -0.951867 1.293301 -0.655526
v -0.931595 1.094240 -0.481525
v -0.932280 1.107284 -0.668569
v -0.987474 1.528258 -1.895265
v -0.987715 1.523446 -1.754723
v -1.027050 1.413057 -1.899277
v -1.027291 1.408246 -1.758735
v -0.925647 1.502146 -1.755346
v -0.925406 1.506957 -1.895888
v -0.965222 1.386945 -1.759358
v -0.964981 1.391756 -1.899900
v -1.021292 1.455342 -1.900093
v -1.021292 1.400402 -1.740536
v -1.035958 1.367791 -1.930239
v -1.035958 1.312851 -1.770683
v -0.956475 1.390695 -1.743879
v -0.956475 1.445635 -1.903435
v -0.971141 1.303144 -1.774025
v -0.971141 1.358084 -1.933581
v -1.040911 1.369751 -1.931710
v -1.040148 1.309070 -1.754302
v -1.026770 1.246307 -1.973994
v -1.026007 1.185626 -1.796587
v -0.891023 1.324558 -1.749646
v -0.891785 1.385239 -1.927054
v -0.876882 1.201114 -1.791930
v -0.877644 1.261795 -1.969338
v -1.018577 1.251295 -1.976133
v -1.024476 1.274469 -1.790164
v -0.986097 0.880700 -1.928921
v -0.991996 0.903874 -1.742952
v -0.884449 1.287107 -1.787297
v -0.878551 1.263933 -1.973266
v -0.851969 0.916511 -1.740086
v -0.846070 0.893337 -1.926054
v -0.996445 1.322239 0.571861
v -0.996445 1.318968 0.665554
v -1.011111 1.229700 0.568629
v -1.011111 1.226428 0.662322
v -0.931629 1.308708 0.665195
v -0.931629 1.311980 0.571503
v -0.946294 1.216169 0.661964
v -0.946294 1.219440 0.568271
v -0.992184 1.007131 0.565114
v -0.992184 1.004514 0.640068
v -0.983364 0.923270 0.562186
v -0.983364 0.920652 0.637140
v -0.926918 1.011369 0.640308
v -0.926919 1.013987 0.565354
v -0.918099 0.927508 0.637379
v -0.918099 0.930125 0.562425
v -0.575000 2.192921 -0.604307
v -0.575000 2.162399 -0.515665
v -0.575000 0.898742 -1.049929
v -0.575000 0.868220 -0.961286
v -0.509375 2.162399 -0.515665
v -0.509375 2.192921 -0.604307
v -0.509375 0.868220 -0.961286
v -0.509375 0.898742 -1.049929
v -0.979409 0.437336 1.450377
v -1.008006 0.429287 1.558883
v -0.952342 0.328145 1.449411
v -0.980939 0.320096 1.557917
v -0.006856 0.674963 1.840964
v 0.021741 0.683012 1.732458
v 0.020211 0.565772 1.839998
v 0.048808 0.573821 1.731492
v -1.008006 0.439999 1.252172
v -0.979409 0.440459 1.360976
v -0.980939 0.331006 1.245519
v -0.952342 0.331467 1.354323
v 0.012958 0.702891 1.099037
v -0.015639 0.702431 0.990233
v 0.040025 0.593899 1.092384
v 0.011428 0.593438 0.983581
v -0.852002 0.432101 1.252635
v -0.865320 0.415454 1.589461
v -0.843097 0.395702 1.251188
v -0.856415 0.379055 1.588014
v -0.610540 0.477267 1.602590
v -0.597222 0.493914 1.265764
v -0.601635 0.440869 1.601143
v -0.588317 0.457516 1.264317
v -0.695367 0.987984 1.359186
v -0.695366 0.983404 1.490356
v -0.831246 0.481182 1.341488
v -0.831246 0.476602 1.472658
v -0.595755 0.956729 1.489424
v -0.595755 0.961310 1.358254
v -0.731635 0.449927 1.471727
v -0.731635 0.454508 1.340557
v -0.953655 0.811360 1.473035
v -0.982252 0.803310 1.581542
v -0.926588 0.702169 1.472069
v -0.955185 0.694119 1.580575
v -0.314819 0.967094 1.769596
v -0.286222 0.975144 1.661089
v -0.287752 0.857903 1.768629
v -0.259155 0.865952 1.660123
v -0.982252 0.814690 1.255660
v -0.953655 0.815151 1.364464
v -0.955185 0.705698 1.249007
v -0.926588 0.706158 1.357811
v -0.286222 0.991654 1.188293
v -0.314819 0.991193 1.079489
v -0.259155 0.882661 1.181640
v -0.287752 0.882201 1.072836
v -1.006250 0.489242 1.246325
v -1.006250 0.478118 1.564881
v -1.006250 0.376811 1.242399
v -1.006250 0.365687 1.560955
v -0.950000 0.478118 1.564881
v -0.950000 0.489242 1.246325
v -0.950000 0.365687 1.560955
v -0.950000 0.376811 1.242399
vn -0.1908 -0.9810 -0.0343
vn -0.9816 0.1907 0.0067
vn 0.1908 0.9810 0.0343
vn 0.9816 -0.1907 -0.0067
vn -0.0000 -0.0349 0.9994
vn -0.0000 0.0349 -0.9994
vn -1.0000 -0.0000 -0.0000
vn 1.0000 -0.0000 -0.0000
vn -0.0000 0.9994 0.0349
vn -0.0000 -0.9994 -0.0349
vn -0.0000 0.8572 0.5150
vn -0.0000 -0.8572 -0.5150
vn -0.0000 0.5150 -0.8572
vn -0.0000 -0.5150 0.8572
vn -0.9781 0.2078 0.0073
vn 0.9781 -0.2078 -0.0073
vn 0.2079 0.9776 0.0341
vn -0.2079 -0.9776 -0.0341
vn 0.5016 0.0170 0.8650
vn -0.8650 0.0250 0.5011
vn -0.5016 -0.0170 -0.8650
vn 0.8650 -0.0250 -0.5011
vn 0.0131 0.9995 -0.0273
vn -0.0131 -0.9995 0.0273
vn 0.2123 0.9309 0.2971
vn -0.8564 0.0308 0.5155
vn -0.2123 -0.9309 -0.2971
vn 0.8564 -0.0308 -0.5155
vn -0.4707 0.3639 -0.8037
vn 0.4707 -0.3639 0.8037
vn -0.0000 -0.0698 0.9976
vn -0.0000 0.0698 -0.9976
vn -0.0000 0.9976 0.0698
vn -0.0000 -0.9976 -0.0698
vn -0.4395 0.4509 0.7768
vn -0.8586 0.0433 -0.5109
vn 0.4395 -0.4509 -0.7768
vn 0.8586 -0.0433 0.5109
vn 0.2640 0.8915 -0.3681
vn -0.2640 -0.8915 0.3681
vn -0.0207 -0.3521 0.9357
vn -0.9995 0.0295 -0.0110
vn 0.0207 0.3521 -0.9357
vn 0.9995 -0.0295 0.0110
vn 0.0237 0.9355 0.3526
vn -0.0237 -0.9355 -0.3526
vn -0.0310 -0.8624 0.5053
vn 0.0310 0.8624 -0.5053
vn 0.0054 0.5054 0.8629
vn -0.0054 -0.5054 -0.8629
vn 0.0049 0.4903 0.8715
vn -0.0049 -0.4903 -0.8715
vn 0.0311 0.8711 -0.4902
vn -0.0311 -0.8711 0.4902
vn 0.1219 -0.8681 0.4812
vn -0.9925 -0.1066 0.0591
vn -0.1219 0.8681 -0.4812
vn 0.9925 0.1066 -0.0591
vn -0.0000 0.4848 0.8746
vn -0.0000 -0.4848 -0.8746
vn -0.1219 -0.8681 0.4812
vn -0.9925 0.1066 -0.0591
vn 0.1219 0.8681 -0.4812
vn 0.9925 -0.1066 0.0591
vn -0.0000 -0.8746 0.4848
vn -0.0000 -0.0000 1.0000
vn -0.0000 -0.0000 -1.0000
vn -0.0000 0.8746 -0.4848
vn -0.0000 -0.0523 0.9986
vn -0.0000 0.0523 -0.9986
vn -0.0000 0.9986 0.0523
vn -0.0000 -0.9986 -0.0523
vn -0.0000 -0.3256 0.9455
vn -0.0000 0.3256 -0.9455
vn -0.0000 0.9455 0.3256
vn -0.0000 -0.9455 -0.3256
vn -0.7547 0.6545 0.0458
vn 0.7547 -0.6545 -0.0458
vn 0.6561 0.7529 0.0526
vn -0.6561 -0.7529 -0.0526
vn -0.9877 -0.1563 -0.0055
vn 0.9877 0.1563 0.0055
vn -0.1564 0.9871 0.0345
vn 0.1564 -0.9871 -0.0345
vn -0.9877 0.1563 0.0055
vn 0.9877 -0.1563 -0.0055
vn 0.1564 0.9871 0.0345
vn -0.1564 -0.9871 -0.0345
vn -0.9511 -0.3083 -0.0216
vn 0.9511 0.3083 0.0216
vn -0.3090 0.9487 0.0663
vn 0.3090 -0.9487 -0.0663
vn -0.0148 -0.0399 0.9991
vn -0.9457 -0.3239 -0.0269
vn 0.0148 0.0399 -0.9991
vn 0.9457 0.3239 0.0269
vn -0.3247 0.9452 0.0329
vn 0.3247 -0.9452 -0.0329
vn 0.0017 -0.0342 0.9994
vn -0.9458 -0.3246 -0.0095
vn -0.0017 0.0342 -0.9994
vn 0.9458 0.3246 0.0095
vn -0.9877 -0.1479 -0.0509
vn 0.9877 0.1479 0.0509
vn -0.1564 0.9339 0.3216
vn 0.1564 -0.9339 -0.3216
vn -0.0375 -0.3888 0.9206
vn -0.9945 0.1045 0.0036
vn 0.0375 0.3888 -0.9206
vn 0.9945 -0.1045 -0.0036
vn 0.0976 0.9154 0.3906
vn -0.0976 -0.9154 -0.3906
vn 0.0315 0.1236 0.9918
vn -0.9957 0.0899 0.0204
vn -0.0315 -0.1236 -0.9918
vn 0.9957 -0.0899 -0.0204
vn 0.0866 0.9883 -0.1259
vn -0.0866 -0.9883 0.1259
vn 0.0003 0.1251 0.9921
vn -1.0000 0.0034 -0.0001
vn -0.0003 -0.1251 -0.9921
vn 1.0000 -0.0034 0.0001
vn 0.0034 0.9921 -0.1251
vn -0.0034 -0.9921 0.1251
vn 0.0003 0.8589 0.5122
vn -1.0000 0.0020 -0.0027
vn -0.0003 -0.8589 -0.5122
vn 1.0000 -0.0020 0.0027
vn 0.0034 0.5122 -0.8588
vn -0.0034 -0.5122 0.8588
vn 0.0003 -0.3389 0.9408
vn -1.0000 0.0031 0.0015
vn -0.0003 0.3389 -0.9408
vn 1.0000 -0.0031 -0.0015
vn 0.0034 0.9408 0.3389
vn -0.0034 -0.9408 -0.3389
vn -0.0041 -0.3236 0.9462
vn -0.9942 0.1033 0.0310
vn 0.0041 0.3236 -0.9462
vn 0.9942 -0.1033 -0.0310
vn 0.1077 0.9405 0.3222
vn -0.1077 -0.9405 -0.3222
vn 0.0375 0.3236 0.9455
vn -0.0375 -0.3236 -0.9455
vn 0.0976 0.9404 -0.3257
vn -0.0976 -0.9404 0.3257
vn -0.0036 -0.0696 0.9976
vn 0.0036 0.0696 -0.9976
vn 0.1045 0.9921 0.0696
vn -0.1045 -0.9921 -0.0696
vn 0.1045 0.9939 0.0347
vn -0.1045 -0.9939 -0.0347
vn -0.0000 0.0349 0.9994
vn -0.0000 -0.0349 -0.9994
vn -0.0000 0.9994 -0.0349
vn -0.0000 -0.9994 0.0349
vn -0.0000 0.9397 0.3420
vn -0.0000 -0.9397 -0.3420
vn -0.0000 0.3420 -0.9397
vn -0.0000 -0.3420 0.9397
vn -0.9659 -0.2587 0.0090
vn 0.9659 0.2587 -0.0090
vn -0.2588 0.9653 -0.0337
vn 0.2588 -0.9653 0.0337
vn -0.9659 0.2587 -0.0090
vn 0.9659 -0.2587 0.0090
vn 0.2588 0.9653 -0.0337
vn -0.2588 -0.9653 0.0337
vn -0.0000 -0.3746 0.9272
vn -0.0000 0.3746 -0.9272
vn -0.0000 0.9272 0.3746
vn -0.0000 -0.9272 -0.3746
vn -0.0000 -0.5592 0.8290
vn -0.0000 0.5592 -0.8290
vn -0.0000 0.8290 0.5592
vn -0.0000 -0.8290 -0.5592
vn 0.2542 -0.0715 0.9645
vn -0.9367 0.2299 0.2639
vn -0.2542 0.0715 -0.9645
vn 0.9367 -0.2299 -0.2639
vn 0.2406 0.9706 0.0086
vn -0.2406 -0.9706 -0.0086
vn -0.2542 0.0041 0.9671
vn -0.9367 0.2477 -0.2473
vn 0.2542 -0.0041 -0.9671
vn 0.9367 -0.2477 0.2473
vn 0.2406 0.9688 0.0591
vn -0.2406 -0.9688 -0.0591
vn -0.7660 0.6424 0.0224
vn 0.7660 -0.6424 -0.0224
vn 0.6428 0.7656 0.0267
vn -0.6428 -0.7656 -0.0267
vn -0.7660 -0.6424 -0.0224
vn 0.7660 0.6424 0.0224
vn -0.6428 0.7656 0.0267
vn 0.6428 -0.7656 -0.0267
vn -0.2542 -0.0715 0.9645
vn -0.9367 -0.2299 -0.2639
vn 0.2542 0.0715 -0.9645
vn 0.9367 0.2299 0.2639
vn -0.2406 0.9706 0.0086
vn 0.2406 -0.9706 -0.0086
vn -0.0395 -0.0493 0.9980
vn -0.9706 -0.2355 -0.0500
vn 0.0395 0.0493 -0.9980
vn 0.9706 0.2355 0.0500
vn -0.2375 0.9706 0.0386
vn 0.2375 -0.9706 -0.0386
vn 0.2542 0.0041 0.9671
vn -0.9367 -0.2477 0.2473
vn -0.2542 -0.0041 -0.9671
vn 0.9367 0.2477 -0.2473
vn -0.2406 0.9688 0.0591
vn 0.2406 -0.9688 -0.0591
vn -0.2123 0.9309 0.2971
vn -0.8564 -0.0308 -0.5155
vn 0.2123 -0.9309 -0.2971
vn 0.8564 0.0308 0.5155
vn 0.4707 0.3639 -0.8037
vn -0.4707 -0.3639 0.8037
vn -0.0000 0.5592 0.8290
vn -0.0000 -0.5592 -0.8290
vn -0.0000 0.8290 -0.5592
vn -0.0000 -0.8290 0.5592
vn -0.5016 0.0170 0.8650
vn -0.8650 -0.0250 -0.5011
vn 0.5016 -0.0170 -0.8650
vn 0.8650 0.0250 0.5011
vn -0.0131 0.9995 -0.0273
vn 0.0131 -0.9995 0.0273
vn -0.7547 -0.6545 -0.0458
vn 0.7547 0.6545 0.0458
vn -0.6561 0.7529 0.0526
vn 0.6561 -0.7529 -0.0526
vn -0.9659 -0.2587 -0.0090
vn 0.9659 0.2587 0.0090
vn -0.2588 0.9653 0.0337
vn 0.2588 -0.9653 -0.0337
vn 0.0395 -0.0493 0.9980
vn -0.9706 0.2355 0.0500
vn -0.0395 0.0493 -0.9980
vn 0.9706 -0.2355 -0.0500
vn 0.2375 0.9706 0.0386
vn -0.2375 -0.9706 -0.0386
vn 0.1218 -0.8681 0.4812
vn -0.9926 -0.1065 0.0590
vn -0.1218 0.8681 -0.4812
vn 0.9926 0.1065 -0.0591
vn 0.9926 -0.1066 0.0590
vn -0.0000 -0.9833 0.1822
vn -0.0000 0.9833 -0.1822
vn -0.0000 0.1822 0.9833
vn -0.0000 -0.1822 -0.9833
vn -0.0000 0.8039 0.5948
vn -0.0000 -0.8039 -0.5948
vn -0.0000 0.5948 -0.8039
vn -0.0000 -0.5948 0.8039
vn -0.0000 -0.5075 0.8616
vn -0.0000 0.5075 -0.8616
vn -0.0000 0.8616 0.5075
vn -0.0000 -0.8616 -0.5075
vn -0.7071 0.6093 0.3589
vn 0.7071 -0.6093 -0.3589
vn 0.7071 0.6093 0.3589
vn -0.7071 -0.6093 -0.3589
vn -0.0000 -0.3907 0.9205
vn -0.0000 0.3907 -0.9205
vn -0.0000 0.9205 0.3907
vn -0.0000 -0.9205 -0.3907
vn -0.8572 -0.4438 -0.2614
vn 0.8572 0.4438 0.2614
vn -0.5150 0.7386 0.4350
vn 0.5150 -0.7386 -0.4350
vn -0.8660 0.4308 0.2538
vn 0.8660 -0.4308 -0.2538
vn 0.5000 0.7462 0.4396
vn -0.5000 -0.7462 -0.4395
vn -0.0000 0.7547 0.6561
vn -0.0000 -0.7547 -0.6561
vn -0.0000 0.6561 -0.7547
vn -0.0000 -0.6561 0.7547
vn 0.1908 -0.9810 -0.0343
vn -0.9816 -0.1907 -0.0067
vn -0.1908 0.9810 0.0343
vn 0.9816 0.1907 0.0067
vn 0.0364 -0.2214 0.9745
vn -0.9935 0.0972 0.0592
vn -0.0364 0.2214 -0.9745
vn 0.9935 -0.0972 -0.0592
vn 0.1079 0.9703 0.2165
vn -0.1079 -0.9703 -0.2165
vn 0.1866 -0.9523 -0.2413
vn -0.1866 0.9523 0.2413
vn 0.0397 -0.2381 0.9704
vn -0.0397 0.2381 -0.9704
vn -0.1843 -0.9386 -0.2918
vn -0.9822 0.1649 0.0900
vn 0.1843 0.9386 0.2918
vn 0.9822 -0.1649 -0.0900
vn 0.0364 -0.3031 0.9523
vn -0.0364 0.3031 -0.9523
vn -0.9945 -0.1045 -0.0036
vn 0.9945 0.1045 0.0036
vn -0.1045 0.9939 0.0347
vn 0.1045 -0.9939 -0.0347
vn -0.0017 -0.0342 0.9994
vn -0.9458 0.3246 0.0095
vn 0.0017 0.0342 -0.9994
vn 0.9458 -0.3246 -0.0095
vn 0.3247 0.9452 0.0329
vn -0.3247 -0.9452 -0.0329
vn 0.0375 -0.3888 0.9206
vn -0.0375 0.3888 -0.9206
vn -0.0976 0.9154 0.3906
vn 0.0976 -0.9154 -0.3906
vn -0.0364 -0.2214 0.9745
vn -0.9935 -0.0972 -0.0592
vn 0.0364 0.2214 -0.9745
vn 0.9935 0.0972 0.0592
vn -0.1079 0.9703 0.2165
vn 0.1079 -0.9703 -0.2165
vn -0.1866 -0.9523 -0.2413
vn 0.1866 0.9523 0.2413
vn -0.0397 -0.2381 0.9704
vn 0.0397 0.2381 -0.9704
vn 0.1843 -0.9386 -0.2918
vn -0.9822 -0.1649 -0.0900
vn -0.1843 0.9386 0.2918
vn 0.9822 0.1649 0.0900
vn -0.0364 -0.3031 0.9523
vn 0.0364 0.3031 -0.9523
vn 0.0148 -0.0399 0.9991
vn -0.9457 0.3239 0.0269
vn -0.0148 0.0399 -0.9991
vn 0.9457 -0.3239 -0.0269
vn 0.0036 -0.0696 0.9976
vn -0.0036 0.0696 -0.9976
vn -0.1045 0.9921 0.0696
vn 0.1045 -0.9921 -0.0696
vn -0.9781 -0.2078 -0.0073
vn 0.9781 0.2078 0.0073
vn -0.2079 0.9776 0.0341
vn 0.2079 -0.9776 -0.0341
vn -0.9511 0.3083 0.0216
vn 0.9511 -0.3083 -0.0216
vn 0.3090 0.9487 0.0663
vn -0.3090 -0.9487 -0.0663
vn -0.0375 0.3236 0.9455
vn 0.0375 -0.3236 -0.9455
vn -0.0976 0.9404 -0.3257
vn 0.0976 -0.9404 0.3257
vn -0.9877 0.1479 0.0509
vn 0.9877 -0.1479 -0.0509
vn 0.1564 0.9339 0.3216
vn -0.1564 -0.9339 -0.3216
vn 0.0041 -0.3236 0.9462
vn -0.9942 -0.1033 -0.0310
vn -0.0041 0.3236 -0.9462
vn 0.9942 0.1033 0.0310
vn -0.1077 0.9405 0.3222
vn 0.1077 -0.9405 -0.3222
vn -0.0315 0.1236 0.9918
vn -0.9957 -0.0899 -0.0204
vn 0.0315 -0.1236 -0.9918
vn 0.9957 0.0899 0.0204
vn -0.0866 0.9883 -0.1259
vn 0.0866 -0.9883 0.1259
vn -0.9659 0.2587 0.0090
vn 0.9659 -0.2587 -0.0090
vn 0.2588 0.9653 0.0337
vn -0.2588 -0.9653 -0.0337
vt 0.960938 0.101562
vt 0.953125 0.101562
vt 0.953125 0.109375
vt 0.960938 0.109375
vt 0.914062 0.539062
vt 0.828125 0.539062
vt 0.828125 0.546875
vt 0.914062 0.546875
vt 0.960938 0.093750
vt 0.953125 0.093750
vt 0.914062 0.703125
vt 0.828125 0.703125
vt 0.828125 0.710938
vt 0.914062 0.710938
vt 0.484375 0.218750
vt 0.492188 0.218750
vt 0.492188 0.132812
vt 0.484375 0.132812
vt 0.281250 0.117188
vt 0.289062 0.117188
vt 0.289062 0.203125
vt 0.281250 0.203125
vt 0.398438 0.671875
vt 0.531250 0.671875
vt 0.531250 0.687500
vt 0.398438 0.687500
vt 0.250000 0.578125
vt 0.257812 0.578125
vt 0.257812 0.593750
vt 0.250000 0.593750
vt 0.617188 0.773438
vt 0.750000 0.773438
vt 0.750000 0.789062
vt 0.617188 0.789062
vt 0.476562 0.265625
vt 0.484375 0.265625
vt 0.484375 0.281250
vt 0.476562 0.281250
vt 0.195312 0.304688
vt 0.062500 0.304688
vt 0.062500 0.296875
vt 0.195312 0.296875
vt 0.375000 0.296875
vt 0.242188 0.296875
vt 0.242188 0.304688
vt 0.375000 0.304688
vt 0.320312 0.039062
vt 0.328125 0.039062
vt 0.328125 0.046875
vt 0.320312 0.046875
vt 0.953125 0.671875
vt 0.960938 0.671875
vt 0.960938 0.679688
vt 0.953125 0.679688
vt 0.335938 0.039062
vt 0.335938 0.046875
vt 0.953125 0.664062
vt 0.960938 0.664062
vt 0.953125 0.656250
vt 0.960938 0.656250
vt 0.960938 0.648438
vt 0.953125 0.648438
vt 0.632812 0.687500
vt 0.750000 0.687500
vt 0.750000 0.703125
vt 0.632812 0.703125
vt 0.242188 0.382812
vt 0.351562 0.382812
vt 0.351562 0.398438
vt 0.242188 0.398438
vt 0.632812 0.671875
vt 0.750000 0.671875
vt 0.640625 0.492188
vt 0.750000 0.492188
vt 0.750000 0.507812
vt 0.640625 0.507812
vt 0.398438 0.781250
vt 0.281250 0.781250
vt 0.281250 0.671875
vt 0.414062 0.890625
vt 0.296875 0.890625
vt 0.296875 1.000000
vt 0.414062 1.000000
vt 0.257812 0.671875
vt 0.281250 0.687500
vt 0.257812 0.687500
vt 0.640625 0.906250
vt 0.757812 0.906250
vt 0.757812 0.921875
vt 0.640625 0.921875
vt 0.804688 0.476562
vt 0.828125 0.476562
vt 0.828125 0.492188
vt 0.804688 0.492188
vt 0.320312 0.343750
vt 0.437500 0.343750
vt 0.437500 0.359375
vt 0.320312 0.359375
vt 0.070312 0.484375
vt 0.046875 0.484375
vt 0.046875 0.367188
vt 0.070312 0.367188
vt 0.093750 0.367188
vt 0.093750 0.484375
vt 0.882812 0.062500
vt 0.898438 0.062500
vt 0.898438 0.078125
vt 0.882812 0.078125
vt 0.750000 0.757812
vt 0.796875 0.757812
vt 0.796875 0.773438
vt 0.914062 0.062500
vt 0.914062 0.078125
vt 0.750000 0.609375
vt 0.796875 0.609375
vt 0.796875 0.625000
vt 0.750000 0.625000
vt 0.687500 0.250000
vt 0.671875 0.250000
vt 0.671875 0.203125
vt 0.687500 0.203125
vt 0.757812 0.203125
vt 0.742188 0.203125
vt 0.742188 0.250000
vt 0.757812 0.250000
vt 0.890625 0.148438
vt 0.914062 0.148438
vt 0.914062 0.164062
vt 0.890625 0.164062
vt 0.718750 0.859375
vt 0.773438 0.859375
vt 0.773438 0.875000
vt 0.718750 0.875000
vt 0.882812 0.093750
vt 0.906250 0.093750
vt 0.906250 0.109375
vt 0.882812 0.109375
vt 0.718750 0.843750
vt 0.773438 0.843750
vt 0.476562 0.484375
vt 0.453125 0.484375
vt 0.453125 0.429688
vt 0.476562 0.429688
vt 0.523438 0.281250
vt 0.500000 0.281250
vt 0.500000 0.335938
vt 0.523438 0.335938
vt 0.242188 0.320312
vt 0.390625 0.320312
vt 0.390625 0.328125
vt 0.242188 0.328125
vt 0.718750 0.882812
vt 0.828125 0.882812
vt 0.828125 0.890625
vt 0.718750 0.890625
vt 0.242188 0.312500
vt 0.390625 0.312500
vt 0.828125 0.875000
vt 0.148438 1.000000
vt 0.148438 0.890625
vt 0.296875 0.781250
vt 0.148438 0.781250
vt 0.468750 0.687500
vt 0.632812 0.718750
vt 0.468750 0.718750
vt 0.851562 0.726562
vt 0.867188 0.726562
vt 0.867188 0.757812
vt 0.851562 0.757812
vt 0.492188 0.968750
vt 0.656250 0.968750
vt 0.656250 1.000000
vt 0.492188 1.000000
vt 0.851562 0.640625
vt 0.867188 0.640625
vt 0.867188 0.671875
vt 0.851562 0.671875
vt 0.703125 0.890625
vt 0.539062 0.890625
vt 0.539062 0.875000
vt 0.703125 0.875000
vt 0.703125 0.859375
vt 0.539062 0.859375
vt 0.539062 0.843750
vt 0.703125 0.843750
vt 0.953125 0.960938
vt 0.960938 0.960938
vt 0.960938 0.976562
vt 0.953125 0.976562
vt 0.585938 0.609375
vt 0.585938 0.625000
vt 0.031250 0.031250
vt 0.039062 0.031250
vt 0.039062 0.046875
vt 0.031250 0.046875
vt 0.828125 0.742188
vt 0.664062 0.742188
vt 0.664062 0.734375
vt 0.828125 0.734375
vt 0.828125 0.726562
vt 0.664062 0.726562
vt 0.820312 0.054688
vt 0.828125 0.054688
vt 0.828125 0.093750
vt 0.820312 0.093750
vt 0.515625 0.750000
vt 0.617188 0.750000
vt 0.515625 0.789062
vt 0.148438 0.046875
vt 0.156250 0.046875
vt 0.156250 0.085938
vt 0.148438 0.085938
vt 0.296875 0.445312
vt 0.398438 0.445312
vt 0.398438 0.484375
vt 0.296875 0.484375
vt 0.367188 0.281250
vt 0.359375 0.281250
vt 0.359375 0.179688
vt 0.367188 0.179688
vt 0.398438 0.179688
vt 0.390625 0.179688
vt 0.390625 0.281250
vt 0.398438 0.281250
vt 0.351562 0.554688
vt 0.367188 0.554688
vt 0.367188 0.578125
vt 0.351562 0.578125
vt 0.406250 0.046875
vt 0.414062 0.046875
vt 0.414062 0.070312
vt 0.406250 0.070312
vt 0.445312 0.812500
vt 0.460938 0.812500
vt 0.460938 0.835938
vt 0.445312 0.835938
vt 0.421875 0.046875
vt 0.421875 0.070312
vt 0.078125 0.367188
vt 0.078125 0.359375
vt 0.093750 0.359375
vt 0.914062 0.406250
vt 0.898438 0.406250
vt 0.898438 0.414062
vt 0.914062 0.414062
vt 0.937500 0.562500
vt 0.953125 0.562500
vt 0.953125 0.570312
vt 0.937500 0.570312
vt 0.953125 0.539062
vt 0.960938 0.539062
vt 0.960938 0.546875
vt 0.953125 0.546875
vt 0.437500 0.054688
vt 0.453125 0.054688
vt 0.453125 0.062500
vt 0.437500 0.062500
vt 0.460938 0.039062
vt 0.468750 0.039062
vt 0.468750 0.046875
vt 0.460938 0.046875
vt 0.937500 0.554688
vt 0.953125 0.554688
vt 0.937500 0.546875
vt 0.531250 0.492188
vt 0.640625 0.515625
vt 0.531250 0.515625
vt 0.195312 0.398438
vt 0.289062 0.398438
vt 0.289062 0.421875
vt 0.195312 0.421875
vt 0.531250 0.468750
vt 0.640625 0.468750
vt 0.585938 0.554688
vt 0.679688 0.554688
vt 0.679688 0.578125
vt 0.585938 0.578125
vt 0.148438 0.687500
vt 0.148438 0.593750
vt 0.367188 0.671875
vt 0.351562 0.429688
vt 0.398438 0.429688
vt 0.351562 0.445312
vt 0.632812 0.656250
vt 0.750000 0.656250
vt 0.242188 0.421875
vt 0.242188 0.437500
vt 0.195312 0.437500
vt 0.632812 0.437500
vt 0.750000 0.437500
vt 0.750000 0.453125
vt 0.632812 0.453125
vt 0.140625 0.546875
vt 0.093750 0.546875
vt 0.093750 0.429688
vt 0.140625 0.429688
vt 0.515625 0.718750
vt 0.468750 0.835938
vt 0.515625 0.835938
vt 0.429688 0.046875
vt 0.429688 0.085938
vt 0.421875 0.085938
vt 0.437500 0.046875
vt 0.437500 0.085938
vt 0.914062 0.492188
vt 0.921875 0.492188
vt 0.921875 0.531250
vt 0.914062 0.531250
vt 0.484375 0.046875
vt 0.492188 0.046875
vt 0.492188 0.085938
vt 0.484375 0.085938
vt 0.867188 0.046875
vt 0.859375 0.046875
vt 0.859375 0.039062
vt 0.867188 0.039062
vt 0.960938 0.132812
vt 0.953125 0.132812
vt 0.953125 0.140625
vt 0.960938 0.140625
vt 0.500000 0.046875
vt 0.507812 0.046875
vt 0.507812 0.085938
vt 0.500000 0.085938
vt 0.515625 0.046875
vt 0.515625 0.085938
vt 0.523438 0.046875
vt 0.523438 0.085938
vt 0.531250 0.046875
vt 0.531250 0.085938
vt 0.875000 0.046875
vt 0.875000 0.039062
vt 0.960938 0.125000
vt 0.953125 0.125000
vt 0.570312 0.046875
vt 0.578125 0.046875
vt 0.578125 0.085938
vt 0.570312 0.085938
vt 0.585938 0.046875
vt 0.585938 0.085938
vt 0.593750 0.046875
vt 0.593750 0.085938
vt 0.914062 0.375000
vt 0.921875 0.375000
vt 0.921875 0.414062
vt 0.890625 0.046875
vt 0.882812 0.046875
vt 0.882812 0.039062
vt 0.890625 0.039062
vt 0.953125 0.117188
vt 0.960938 0.117188
vt 0.539062 0.046875
vt 0.539062 0.085938
vt 0.546875 0.046875
vt 0.546875 0.085938
vt 0.554688 0.046875
vt 0.554688 0.085938
vt 0.562500 0.046875
vt 0.562500 0.085938
vt 0.773438 0.046875
vt 0.781250 0.046875
vt 0.781250 0.062500
vt 0.773438 0.062500
vt 0.109375 0.281250
vt 0.171875 0.281250
vt 0.171875 0.296875
vt 0.109375 0.296875
vt 0.789062 0.046875
vt 0.789062 0.062500
vt 0.242188 0.281250
vt 0.304688 0.281250
vt 0.304688 0.296875
vt 0.617188 0.156250
vt 0.609375 0.156250
vt 0.609375 0.093750
vt 0.617188 0.093750
vt 0.679688 0.093750
vt 0.671875 0.093750
vt 0.671875 0.156250
vt 0.679688 0.156250
vt 0.000000 1.000000
vt 0.062500 1.000000
vt 0.148438 0.609375
vt 0.000000 0.609375
vt 0.000000 0.546875
vt 0.148438 0.546875
vt 0.679688 0.562500
vt 0.828125 0.562500
vt 0.828125 0.570312
vt 0.679688 0.570312
vt 0.835938 0.601562
vt 0.914062 0.601562
vt 0.914062 0.609375
vt 0.835938 0.609375
vt 0.828125 0.554688
vt 0.835938 0.593750
vt 0.914062 0.593750
vt 0.296875 0.812500
vt 0.445312 0.890625
vt 0.687500 0.828125
vt 0.835938 0.828125
vt 0.835938 0.835938
vt 0.687500 0.835938
vt 0.054688 0.031250
vt 0.062500 0.031250
vt 0.062500 0.039062
vt 0.054688 0.039062
vt 0.687500 0.820312
vt 0.835938 0.820312
vt 0.960938 0.937500
vt 0.968750 0.937500
vt 0.968750 0.945312
vt 0.960938 0.945312
vt 0.687500 0.812500
vt 0.835938 0.812500
vt 0.835938 0.804688
vt 0.687500 0.804688
vt 0.125000 0.164062
vt 0.132812 0.164062
vt 0.132812 0.281250
vt 0.125000 0.281250
vt 0.140625 0.164062
vt 0.140625 0.281250
vt 0.148438 0.164062
vt 0.148438 0.281250
vt 0.156250 0.164062
vt 0.156250 0.281250
vt 0.968750 0.632812
vt 0.960938 0.632812
vt 0.960938 0.625000
vt 0.968750 0.625000
vt 0.382812 0.031250
vt 0.375000 0.031250
vt 0.375000 0.039062
vt 0.382812 0.039062
vt 0.734375 0.601562
vt 0.734375 0.609375
vt 0.960938 0.609375
vt 0.968750 0.609375
vt 0.968750 0.617188
vt 0.960938 0.617188
vt 0.734375 0.593750
vt 0.390625 0.031250
vt 0.398438 0.031250
vt 0.398438 0.039062
vt 0.390625 0.039062
vt 0.734375 0.585938
vt 0.835938 0.585938
vt 0.835938 0.578125
vt 0.734375 0.578125
vt 0.734375 0.398438
vt 0.835938 0.398438
vt 0.835938 0.406250
vt 0.734375 0.406250
vt 0.960938 0.601562
vt 0.968750 0.601562
vt 0.734375 0.390625
vt 0.835938 0.390625
vt 0.406250 0.031250
vt 0.406250 0.039062
vt 0.734375 0.382812
vt 0.835938 0.382812
vt 0.835938 0.375000
vt 0.734375 0.375000
vt 0.734375 0.367188
vt 0.835938 0.367188
vt 0.960938 0.593750
vt 0.968750 0.593750
vt 0.734375 0.359375
vt 0.835938 0.359375
vt 0.414062 0.031250
vt 0.414062 0.039062
vt 0.820312 0.265625
vt 0.718750 0.265625
vt 0.718750 0.257812
vt 0.820312 0.257812
vt 0.359375 0.250000
vt 0.257812 0.250000
vt 0.257812 0.257812
vt 0.359375 0.257812
vt 0.718750 0.250000
vt 0.820312 0.250000
vt 0.960938 0.585938
vt 0.968750 0.585938
vt 0.750000 0.992188
vt 0.851562 0.992188
vt 0.851562 1.000000
vt 0.750000 1.000000
vt 0.421875 0.031250
vt 0.421875 0.039062
vt 0.750000 0.984375
vt 0.851562 0.984375
vt 0.851562 0.976562
vt 0.750000 0.976562
vt 0.687500 0.796875
vt 0.835938 0.796875
vt 0.070312 0.031250
vt 0.070312 0.039062
vt 0.687500 0.789062
vt 0.835938 0.789062
vt 0.960938 0.929688
vt 0.968750 0.929688
vt 0.390625 0.304688
vt 0.671875 0.304688
vt 0.523438 0.304688
vt 0.523438 0.312500
vt 0.671875 0.312500
vt 0.570312 0.039062
vt 0.578125 0.039062
vt 0.726562 0.054688
vt 0.742188 0.054688
vt 0.742188 0.062500
vt 0.726562 0.062500
vt 0.953125 0.421875
vt 0.960938 0.421875
vt 0.960938 0.429688
vt 0.953125 0.429688
vt 0.757812 0.054688
vt 0.757812 0.062500
vt 0.765625 0.062500
vt 0.757812 0.046875
vt 0.765625 0.046875
vt 0.460938 0.312500
vt 0.460938 0.328125
vt 0.632812 0.421875
vt 0.750000 0.421875
vt 0.390625 0.296875
vt 0.460938 0.296875
vt 0.632812 0.406250
vt 0.750000 0.406250
vt 0.468750 0.812500
vt 0.398438 0.812500
vt 0.398438 0.695312
vt 0.468750 0.695312
vt 0.218750 0.476562
vt 0.148438 0.476562
vt 0.218750 0.593750
vt 0.218750 0.578125
vt 0.757812 0.914062
vt 0.773438 0.914062
vt 0.773438 0.929688
vt 0.757812 0.929688
vt 0.375000 0.367188
vt 0.406250 0.367188
vt 0.406250 0.382812
vt 0.375000 0.382812
vt 0.757812 0.507812
vt 0.773438 0.507812
vt 0.773438 0.523438
vt 0.757812 0.523438
vt 0.781250 0.421875
vt 0.781250 0.406250
vt 0.773438 0.476562
vt 0.773438 0.492188
vt 0.937500 0.531250
vt 0.953125 0.531250
vt 0.937500 0.539062
vt 0.726562 0.531250
vt 0.828125 0.531250
vt 0.726562 0.539062
vt 0.937500 0.523438
vt 0.953125 0.523438
vt 0.726562 0.523438
vt 0.828125 0.523438
vt 0.210938 0.351562
vt 0.195312 0.351562
vt 0.195312 0.250000
vt 0.210938 0.250000
vt 0.226562 0.250000
vt 0.226562 0.351562
vt 0.164062 0.031250
vt 0.171875 0.031250
vt 0.171875 0.039062
vt 0.164062 0.039062
vt 0.914062 0.585938
vt 0.960938 0.828125
vt 0.968750 0.828125
vt 0.968750 0.835938
vt 0.960938 0.835938
vt 0.914062 0.578125
vt 0.781250 0.171875
vt 0.773438 0.171875
vt 0.773438 0.093750
vt 0.781250 0.093750
vt 0.789062 0.093750
vt 0.789062 0.171875
vt 0.968750 0.656250
vt 0.968750 0.664062
vt 0.343750 0.031250
vt 0.351562 0.031250
vt 0.351562 0.039062
vt 0.343750 0.039062
vt 0.968750 0.648438
vt 0.359375 0.031250
vt 0.359375 0.039062
vt 0.960938 0.640625
vt 0.968750 0.640625
vt 0.367188 0.031250
vt 0.367188 0.039062
vt 0.617188 0.046875
vt 0.625000 0.046875
vt 0.625000 0.062500
vt 0.617188 0.062500
vt 0.640625 0.359375
vt 0.640625 0.375000
vt 0.632812 0.046875
vt 0.632812 0.062500
vt 0.656250 0.984375
vt 0.515625 0.281250
vt 0.515625 0.187500
vt 0.523438 0.187500
vt 0.500000 0.171875
vt 0.492188 0.171875
vt 0.492188 0.265625
vt 0.500000 0.265625
vt 0.921875 0.656250
vt 0.937500 0.656250
vt 0.937500 0.671875
vt 0.921875 0.671875
vt 0.921875 0.640625
vt 0.937500 0.640625
vt 0.921875 0.625000
vt 0.937500 0.625000
vt 0.921875 0.609375
vt 0.937500 0.609375
vt 0.921875 0.515625
vt 0.937500 0.515625
vt 0.937500 0.500000
vt 0.921875 0.500000
vt 0.093750 0.031250
vt 0.101562 0.031250
vt 0.101562 0.046875
vt 0.093750 0.046875
vt 0.953125 0.890625
vt 0.960938 0.890625
vt 0.960938 0.906250
vt 0.953125 0.906250
vt 0.109375 0.031250
vt 0.109375 0.046875
vt 0.117188 0.031250
vt 0.117188 0.046875
vt 0.179688 0.039062
vt 0.179688 0.031250
vt 0.968750 0.820312
vt 0.960938 0.820312
vt 0.960938 0.718750
vt 0.968750 0.718750
vt 0.968750 0.726562
vt 0.960938 0.726562
vt 0.843750 0.507812
vt 0.914062 0.507812
vt 0.914062 0.515625
vt 0.843750 0.515625
vt 0.281250 0.031250
vt 0.289062 0.031250
vt 0.289062 0.039062
vt 0.281250 0.039062
vt 0.843750 0.500000
vt 0.914062 0.500000
vt 0.523438 0.156250
vt 0.515625 0.156250
vt 0.531250 0.156250
vt 0.953125 0.445312
vt 0.960938 0.445312
vt 0.960938 0.453125
vt 0.953125 0.453125
vt 0.710938 0.835938
vt 0.828125 0.835938
vt 0.828125 0.843750
vt 0.710938 0.843750
vt 0.953125 0.437500
vt 0.960938 0.437500
vt 0.710938 0.718750
vt 0.828125 0.718750
vt 0.710938 0.726562
vt 0.648438 0.296875
vt 0.640625 0.296875
vt 0.640625 0.179688
vt 0.648438 0.179688
vt 0.656250 0.179688
vt 0.656250 0.296875
vt 0.625000 0.039062
vt 0.632812 0.039062
vt 0.937500 0.054688
vt 0.953125 0.054688
vt 0.953125 0.062500
vt 0.937500 0.062500
vt 0.953125 0.367188
vt 0.960938 0.367188
vt 0.960938 0.375000
vt 0.953125 0.375000
vt 0.000000 0.046875
vt 0.015625 0.046875
vt 0.015625 0.054688
vt 0.000000 0.054688
vt 0.953125 1.000000
vt 0.945312 1.000000
vt 0.945312 0.984375
vt 0.953125 0.984375
vt 0.023438 0.039062
vt 0.015625 0.039062
vt 0.023438 0.054688
vt 0.515625 0.039062
vt 0.523438 0.039062
vt 0.632812 0.726562
vt 0.515625 0.726562
vt 0.531250 0.039062
vt 0.695312 0.453125
vt 0.812500 0.453125
vt 0.812500 0.460938
vt 0.695312 0.460938
vt 0.453125 0.296875
vt 0.453125 0.179688
vt 0.460938 0.179688
vt 0.632812 0.179688
vt 0.632812 0.296875
vt 0.593750 0.039062
vt 0.601562 0.039062
vt 0.601562 0.046875
vt 0.937500 0.085938
vt 0.953125 0.085938
vt 0.937500 0.093750
vt 0.609375 0.039062
vt 0.609375 0.046875
vt 0.937500 0.078125
vt 0.953125 0.078125
vt 0.929688 0.062500
vt 0.921875 0.062500
vt 0.921875 0.046875
vt 0.929688 0.046875
vt 0.945312 0.062500
vt 0.945312 0.078125
vt 0.500000 0.328125
vt 0.484375 0.328125
vt 0.687500 0.312500
vt 0.375000 0.242188
vt 0.390625 0.242188
vt 0.656250 0.242188
vt 0.671875 0.242188
vt 0.656250 0.304688
vt 0.031250 0.101562
vt 0.015625 0.101562
vt 0.015625 0.085938
vt 0.031250 0.085938
vt 0.375000 0.085938
vt 0.359375 0.085938
vt 0.359375 0.101562
vt 0.375000 0.101562
vt 0.031250 0.210938
vt 0.046875 0.210938
vt 0.046875 0.257812
vt 0.031250 0.257812
vt 0.062500 0.210938
vt 0.062500 0.257812
vt 0.257812 0.203125
vt 0.273438 0.203125
vt 0.273438 0.250000
vt 0.289062 0.250000
vt 0.609375 0.078125
vt 0.593750 0.078125
vt 0.593750 0.062500
vt 0.609375 0.062500
vt 0.937500 0.382812
vt 0.921875 0.382812
vt 0.921875 0.398438
vt 0.937500 0.398438
vt 0.843750 0.187500
vt 0.859375 0.187500
vt 0.859375 0.218750
vt 0.843750 0.218750
vt 0.796875 0.125000
vt 0.812500 0.125000
vt 0.812500 0.156250
vt 0.796875 0.156250
vt 0.828125 0.125000
vt 0.828125 0.156250
vt 0.843750 0.156250
vt 0.859375 0.156250
vt 0.781250 0.078125
vt 0.765625 0.078125
vt 0.796875 0.062500
vt 0.796875 0.078125
vt 0.492188 0.937500
vt 0.640625 0.937500
vt 0.640625 0.968750
vt 0.250000 0.046875
vt 0.257812 0.046875
vt 0.257812 0.078125
vt 0.250000 0.078125
vt 0.492188 0.906250
vt 0.328125 0.078125
vt 0.320312 0.078125
vt 0.828125 0.648438
vt 0.679688 0.648438
vt 0.679688 0.640625
vt 0.828125 0.640625
vt 0.828125 0.632812
vt 0.679688 0.632812
vt 0.664062 0.750000
vt 0.070312 0.062500
vt 0.062500 0.062500
vt 0.531250 0.625000
vt 0.679688 0.625000
vt 0.531250 0.648438
vt 0.078125 0.039062
vt 0.078125 0.062500
vt 0.828125 0.625000
vt 0.828125 0.578125
vt 0.515625 0.812500
vt 0.937500 0.953125
vt 0.945312 0.953125
vt 0.945312 0.976562
vt 0.937500 0.976562
vt 0.937500 0.929688
vt 0.945312 0.929688
vt 0.539062 0.835938
vt 0.789062 0.750000
vt 0.617188 0.757812
vt 0.789062 0.757812
vt 0.890625 0.054688
vt 0.906250 0.054688
vt 0.906250 0.062500
vt 0.890625 0.062500
vt 0.937500 0.101562
vt 0.937500 0.109375
vt 0.921875 0.054688
vt 0.750000 0.078125
vt 0.734375 0.078125
vt 0.734375 0.062500
vt 0.750000 0.062500
vt 0.171875 0.234375
vt 0.187500 0.234375
vt 0.187500 0.296875
vt 0.523438 0.234375
vt 0.539062 0.234375
vt 0.539062 0.296875
vt 0.523438 0.296875
vt 0.554688 0.234375
vt 0.554688 0.296875
vt 0.570312 0.234375
vt 0.570312 0.296875
vt 0.921875 0.484375
vt 0.937500 0.484375
vt 0.937500 0.468750
vt 0.921875 0.468750
vt 0.460938 0.234375
vt 0.476562 0.234375
vt 0.460938 0.281250
vt 0.500000 0.234375
vt 0.515625 0.234375
vt 0.476562 0.218750
vt 0.015625 0.210938
vt 0.015625 0.257812
vt 0.234375 0.078125
vt 0.218750 0.078125
vt 0.218750 0.062500
vt 0.234375 0.062500
vt 0.250000 0.062500
vt 0.257812 0.062500
vt 0.265625 0.062500
vt 0.265625 0.109375
vt 0.257812 0.109375
vt 0.273438 0.062500
vt 0.273438 0.109375
vt 0.335938 0.062500
vt 0.343750 0.062500
vt 0.343750 0.109375
vt 0.335938 0.109375
vt 0.351562 0.062500
vt 0.351562 0.109375
vt 0.968750 0.851562
vt 0.960938 0.851562
vt 0.960938 0.843750
vt 0.968750 0.843750
vt 0.960938 0.703125
vt 0.968750 0.703125
vt 0.968750 0.710938
vt 0.960938 0.710938
vt 0.835938 0.437500
vt 0.914062 0.437500
vt 0.914062 0.445312
vt 0.835938 0.445312
vt 0.296875 0.031250
vt 0.304688 0.031250
vt 0.304688 0.039062
vt 0.296875 0.039062
vt 0.835938 0.429688
vt 0.914062 0.429688
vt 0.117188 0.164062
vt 0.117188 0.085938
vt 0.125000 0.085938
vt 0.132812 0.085938
vt 0.960938 0.687500
vt 0.968750 0.687500
vt 0.968750 0.695312
vt 0.960938 0.695312
vt 0.312500 0.031250
vt 0.320312 0.031250
vt 0.312500 0.039062
vt 0.968750 0.679688
vt 0.328125 0.031250
vt 0.968750 0.671875
vt 0.335938 0.031250
vt 0.687500 0.062500
vt 0.695312 0.062500
vt 0.695312 0.109375
vt 0.687500 0.109375
vt 0.703125 0.062500
vt 0.703125 0.109375
vt 0.007812 0.054688
vt 0.007812 0.101562
vt 0.000000 0.101562
vt 0.968750 0.789062
vt 0.960938 0.789062
vt 0.960938 0.781250
vt 0.968750 0.781250
vt 0.226562 0.031250
vt 0.218750 0.031250
vt 0.218750 0.039062
vt 0.226562 0.039062
vt 0.125000 0.031250
vt 0.125000 0.046875
vt 0.148438 0.031250
vt 0.156250 0.031250
vt 0.164062 0.046875
vt 0.953125 0.812500
vt 0.960938 0.812500
vt 0.953125 0.828125
vt 0.968750 0.796875
vt 0.960938 0.796875
vt 0.210938 0.031250
vt 0.210938 0.039062
vt 0.187500 0.031250
vt 0.187500 0.039062
vt 0.835938 0.453125
vt 0.914062 0.453125
vt 0.914062 0.460938
vt 0.835938 0.460938
vt 0.968750 0.812500
vt 0.796875 0.171875
vt 0.796875 0.093750
vt 0.109375 0.085938
vt 0.109375 0.164062
vt 0.703125 0.093750
vt 0.710938 0.093750
vt 0.710938 0.140625
vt 0.703125 0.140625
vt 0.039062 0.257812
vt 0.039062 0.304688
vt 0.015625 0.304688
vt 0.929688 0.078125
vt 0.929688 0.054688
vt 0.937500 1.000000
vt 0.398438 0.789062
vt 0.296875 0.789062
vt 0.953125 0.585938
vt 0.953125 0.593750
vt 0.257812 0.273438
vt 0.359375 0.273438
vt 0.257812 0.281250
vt 0.820312 0.359375
vt 0.718750 0.359375
vt 0.718750 0.351562
vt 0.820312 0.351562
vt 0.820312 0.343750
vt 0.718750 0.343750
vt 0.718750 0.304688
vt 0.820312 0.304688
vt 0.820312 0.312500
vt 0.718750 0.312500
vt 0.000000 0.992188
vt 0.718750 0.296875
vt 0.820312 0.296875
vt 0.101562 1.000000
vt 0.718750 0.289062
vt 0.820312 0.289062
vt 0.718750 0.281250
vt 0.820312 0.281250
vt 0.718750 0.273438
vt 0.820312 0.273438
vt 0.257812 0.265625
vt 0.359375 0.265625
vt 0.726562 0.546875
vt 0.726562 0.554688
vt 0.718750 0.335938
vt 0.820312 0.335938
vt 0.960938 0.554688
vt 0.718750 0.328125
vt 0.820312 0.328125
vt 0.453125 0.039062
vt 0.453125 0.046875
vt 0.718750 0.320312
vt 0.820312 0.320312
vt 0.109375 0.328125
vt 0.195312 0.328125
vt 0.195312 0.343750
vt 0.109375 0.343750
vt 0.734375 0.203125
vt 0.742188 0.218750
vt 0.734375 0.218750
vt 0.328125 0.328125
vt 0.328125 0.343750
vt 0.242188 0.343750
vt 0.101562 0.085938
vt 0.109375 0.101562
vt 0.101562 0.101562
vt 0.320312 0.367188
vt 0.406250 0.359375
vt 0.843750 0.906250
vt 0.843750 0.914062
vt 0.929688 0.343750
vt 0.953125 0.343750
vt 0.953125 0.351562
vt 0.929688 0.351562
vt 0.960938 0.562500
vt 0.929688 0.335938
vt 0.953125 0.335938
vt 0.445312 0.039062
vt 0.445312 0.046875
vt 0.929688 0.328125
vt 0.953125 0.328125
vt 0.953125 0.257812
vt 0.929688 0.257812
vt 0.929688 0.265625
vt 0.953125 0.265625
vt 0.171875 0.359375
vt 0.171875 0.382812
vt 0.093750 0.382812
vt 0.000000 0.343750
vt 0.078125 0.343750
vt 0.000000 0.367188
vt 0.406250 0.406250
vt 0.507812 0.406250
vt 0.507812 0.429688
vt 0.406250 0.429688
vt 0.414062 0.898438
vt 0.492188 0.898438
vt 0.296875 0.476562
vt 0.296875 0.578125
vt 0.585938 0.539062
vt 0.015625 0.328125
vt 0.015625 0.343750
vt 0.585938 0.523438
vt 0.750000 0.968750
vt 0.140625 0.781250
vt 0.000000 0.781250
vt 0.000000 0.687500
vt 0.140625 0.687500
vt 0.585938 0.593750
vt 0.640625 0.476562
vt 0.750000 0.476562
vt 0.554688 0.343750
vt 0.664062 0.343750
vt 0.664062 0.359375
vt 0.554688 0.359375
vt 0.000000 0.890625
vt 0.937500 0.390625
vt 0.945312 0.390625
vt 0.945312 0.406250
vt 0.937500 0.406250
vt 0.640625 0.953125
vt 0.757812 0.953125
vt 0.757812 0.968750
vt 0.601562 0.062500
vt 0.757812 0.937500
vt 0.187500 0.179688
vt 0.195312 0.179688
vt 0.375000 0.179688
vt 0.367188 0.296875
vt 0.718750 0.093750
vt 0.726562 0.093750
vt 0.726562 0.156250
vt 0.718750 0.156250
vt 0.539062 0.898438
vt 0.445312 0.898438
vt 0.734375 0.093750
vt 0.734375 0.156250
vt 0.000000 0.484375
vt 0.296875 0.250000
vt 0.289062 0.156250
vt 0.296875 0.156250
vt 0.304688 0.156250
vt 0.304688 0.250000
vt 0.367188 0.609375
vt 0.531250 0.609375
vt 0.593750 0.093750
vt 0.601562 0.093750
vt 0.601562 0.156250
vt 0.593750 0.156250
vt 0.367188 0.546875
vt 0.531250 0.546875
vt 0.500000 0.343750
vt 0.664062 0.335938
vt 0.828125 0.750000
vt 0.242188 0.367188
vt 0.710938 0.703125
vt 0.523438 0.406250
vt 0.531250 0.406250
vt 0.531250 0.429688
vt 0.523438 0.429688
vt 0.835938 0.703125
vt 0.835938 0.695312
vt 0.914062 0.695312
vt 0.914062 0.687500
vt 0.835938 0.687500
vt 0.875000 0.093750
vt 0.882812 0.101562
vt 0.875000 0.101562
vt 0.906250 0.492188
vt 0.906250 0.500000
vt 0.140625 0.382812
vt 0.171875 0.390625
vt 0.140625 0.390625
vt 0.195312 0.078125
vt 0.187500 0.078125
vt 0.187500 0.046875
vt 0.195312 0.046875
vt 0.203125 0.046875
vt 0.203125 0.078125
vt 0.843750 0.351562
vt 0.906250 0.351562
vt 0.906250 0.359375
vt 0.843750 0.359375
vt 0.187500 0.171875
vt 0.195312 0.171875
vt 0.843750 0.343750
vt 0.906250 0.343750
vt 0.664062 0.093750
vt 0.671875 0.101562
vt 0.664062 0.101562
vt 0.843750 0.335938
vt 0.906250 0.335938
vt 0.906250 0.328125
vt 0.843750 0.328125
vt 0.765625 0.664062
vt 0.828125 0.664062
vt 0.828125 0.671875
vt 0.765625 0.671875
vt 0.484375 0.429688
vt 0.484375 0.437500
vt 0.476562 0.437500
vt 0.765625 0.656250
vt 0.828125 0.656250
vt 0.757812 0.976562
vt 0.843750 0.492188
vt 0.593750 0.148438
vt 0.531250 0.148438
vt 0.953125 0.835938
vt 0.953125 0.843750
vt 0.804688 0.468750
vt 0.828125 0.468750
vt 0.953125 0.789062
vt 0.953125 0.796875
vt 0.125000 0.062500
vt 0.148438 0.062500
vt 0.148438 0.070312
vt 0.125000 0.070312
vt 0.296875 0.421875
vt 0.296875 0.398438
vt 0.273438 0.117188
vt 0.273438 0.140625
vt 0.281250 0.140625
vt 0.218750 0.046875
vt 0.210938 0.046875
vt 0.929688 0.820312
vt 0.953125 0.820312
vt 0.929688 0.828125
vt 0.226562 0.046875
vt 0.929688 0.812500
vt 0.281250 0.070312
vt 0.273438 0.070312
vt 0.273438 0.046875
vt 0.281250 0.046875
vt 0.289062 0.046875
vt 0.289062 0.070312
vt 0.898438 0.039062
vt 0.906250 0.039062
vt 0.898438 0.054688
vt 0.914062 0.039062
vt 0.914062 0.054688
vt 0.828125 0.460938
vt 0.695312 0.468750
vt 0.234375 0.039062
vt 0.234375 0.046875
vt 0.296875 0.546875
vt 0.296875 0.554688
vt 0.250000 0.039062
vt 0.257812 0.039062
vt 0.906250 0.375000
vt 0.906250 0.367188
vt 0.929688 0.804688
vt 0.953125 0.804688
vt 0.796875 0.648438
vt 0.796875 0.656250
vt 0.929688 0.796875
vt 0.945312 0.148438
vt 0.945312 0.156250
vt 0.914062 0.156250
vt 0.195312 0.390625
vt 0.195312 0.359375
vt 0.437500 0.250000
vt 0.414062 0.250000
vt 0.414062 0.281250
vt 0.437500 0.281250
vt 0.273438 0.039062
vt 0.375000 0.062500
vt 0.375000 0.070312
vt 0.351562 0.070312
vt 0.398438 0.062500
vt 0.398438 0.070312
vt 0.296875 0.070312
vt 0.296875 0.046875
vt 0.398438 0.046875
vt 0.835938 0.242188
vt 0.906250 0.242188
vt 0.906250 0.250000
vt 0.835938 0.250000
vt 0.835938 0.234375
vt 0.906250 0.234375
vt 0.304688 0.046875
vt 0.835938 0.226562
vt 0.906250 0.226562
vt 0.906250 0.218750
vt 0.835938 0.218750
vt 0.953125 0.687500
vt 0.953125 0.695312
vt 0.921875 0.898438
vt 0.953125 0.898438
vt 0.921875 0.906250
vt 0.921875 0.890625
vt 0.210938 0.078125
vt 0.953125 0.640625
vt 0.953125 0.632812
vt 0.953125 0.625000
vt 0.953125 0.601562
vt 0.937500 0.687500
vt 0.937500 0.695312
vt 0.429688 0.039062
vt 0.937500 0.679688
vt 0.437500 0.039062
vt 0.937500 0.601562
vt 0.937500 0.593750
vt 0.937500 0.585938
vt 0.531250 0.453125
vt 0.937500 0.492188
vt 0.945312 0.492188
vt 0.945312 0.507812
vt 0.937500 0.507812
vt 0.703125 0.906250
vt 0.539062 0.906250
vt 0.937500 0.476562
vt 0.945312 0.476562
vt 0.632812 0.648438
vt 0.648438 0.046875
vt 0.656250 0.046875
vt 0.656250 0.070312
vt 0.648438 0.070312
vt 0.179688 0.304688
vt 0.179688 0.328125
vt 0.664062 0.046875
vt 0.664062 0.070312
vt 0.476562 0.054688
vt 0.460938 0.054688
vt 0.460938 0.062500
vt 0.476562 0.062500
vt 0.929688 0.250000
vt 0.953125 0.250000
vt 0.960938 0.531250
vt 0.929688 0.242188
vt 0.953125 0.242188
vt 0.476562 0.039062
vt 0.476562 0.046875
vt 0.929688 0.234375
vt 0.953125 0.234375
vt 0.953125 0.226562
vt 0.929688 0.226562
vt 0.828125 0.609375
vt 0.460938 0.218750
vt 0.843750 0.312500
vt 0.875000 0.312500
vt 0.875000 0.328125
vt 0.796875 0.406250
vt 0.796875 0.421875
vt 0.843750 0.296875
vt 0.875000 0.296875
vt 0.875000 0.281250
vt 0.843750 0.281250
vt 0.960938 0.523438
vt 0.953125 0.468750
vt 0.953125 0.476562
vt 0.484375 0.039062
vt 0.937500 0.421875
vt 0.937500 0.429688
vt 0.945312 0.421875
vt 0.195312 0.234375
vt 0.242188 0.234375
vt 0.242188 0.250000
vt 0.796875 0.789062
vt 0.484375 0.546875
vt 0.656250 0.117188
vt 0.648438 0.117188
vt 0.664062 0.117188
vt 0.070312 0.109375
vt 0.062500 0.109375
vt 0.078125 0.109375
vt 0.640625 0.046875
vt 0.640625 0.039062
vt 0.648438 0.039062
vt 0.960938 0.351562
vt 0.953125 0.359375
vt 0.960938 0.359375
vt 0.656250 0.039062
vt 0.929688 0.218750
vt 0.953125 0.218750
vt 0.960938 0.343750
vt 0.937500 0.921875
vt 0.960938 0.921875
vt 0.945312 0.890625
vt 0.937500 0.890625
vt 0.937500 0.867188
vt 0.945312 0.867188
vt 0.132812 0.039062
vt 0.125000 0.039062
vt 0.132812 0.062500
vt 0.812500 0.406250
vt 0.812500 0.414062
vt 0.664062 0.039062
vt 0.906250 0.257812
vt 0.906250 0.265625
vt 0.960938 0.335938
vt 0.914062 0.882812
vt 0.914062 0.890625
vt 0.937500 0.914062
vt 0.960938 0.914062
vt 0.921875 0.789062
vt 0.921875 0.796875
vt 0.937500 0.906250
vt 0.921875 0.460938
vt 0.953125 0.460938
vt 0.414062 0.218750
vt 0.437500 0.218750
vt 0.914062 0.875000
vt 0.960938 0.328125
vt 0.914062 0.835938
vt 0.914062 0.843750
vt 0.953125 0.320312
vt 0.960938 0.320312
vt 0.914062 0.726562
vt 0.914062 0.718750
vt 0.843750 0.921875
vt 0.914062 0.921875
vt 0.914062 0.929688
vt 0.843750 0.929688
vt 0.695312 0.039062
vt 0.703125 0.039062
vt 0.703125 0.046875
vt 0.695312 0.046875
vt 0.914062 0.914062
vt 0.953125 0.296875
vt 0.960938 0.296875
vt 0.960938 0.304688
vt 0.953125 0.304688
vt 0.914062 0.906250
vt 0.914062 0.867188
vt 0.843750 0.867188
vt 0.843750 0.875000
vt 0.937500 0.843750
vt 0.937500 0.851562
vt 0.953125 0.382812
vt 0.937500 0.781250
vt 0.937500 0.789062
vt 0.921875 0.187500
vt 0.953125 0.187500
vt 0.953125 0.195312
vt 0.921875 0.195312
vt 0.773438 0.453125
vt 0.773438 0.421875
vt 0.718750 0.218750
vt 0.843750 0.953125
vt 0.914062 0.953125
vt 0.914062 0.960938
vt 0.843750 0.960938
vt 0.687500 0.039062
vt 0.687500 0.046875
vt 0.843750 0.945312
vt 0.914062 0.945312
vt 0.960938 0.312500
vt 0.953125 0.312500
vt 0.843750 0.937500
vt 0.914062 0.937500
vt 0.679688 0.039062
vt 0.679688 0.046875
vt 0.937500 0.859375
vt 0.960938 0.859375
vt 0.960938 0.867188
vt 0.140625 0.062500
vt 0.140625 0.039062
vt 0.148438 0.039062
vt 0.007812 1.000000
vt 0.046875 0.148438
vt 0.039062 0.148438
vt 0.039062 0.085938
vt 0.046875 0.085938
vt 0.054688 0.085938
vt 0.054688 0.148438
vt 0.578125 0.312500
vt 0.578125 0.335938
vt 0.632812 0.312500
vt 0.632812 0.335938
vt 0.687500 0.335938
vt 0.242188 0.476562
vt 0.585938 0.515625
vt 0.640625 0.523438
vt 0.890625 0.171875
vt 0.945312 0.171875
vt 0.945312 0.179688
vt 0.890625 0.179688
vt 0.890625 0.140625
vt 0.937500 0.140625
vt 0.937500 0.148438
vt 0.585938 0.453125
vt 0.585938 0.406250
vt 0.070312 0.304688
vt 0.070312 0.328125
vt 0.125000 0.304688
vt 0.125000 0.328125
vt 0.531250 0.570312
vt 0.585938 0.570312
vt 0.828125 0.101562
vt 0.828125 0.109375
vt 0.898438 0.750000
vt 0.945312 0.750000
vt 0.945312 0.757812
vt 0.898438 0.757812
vt 0.945312 0.164062
vt 0.898438 0.742188
vt 0.945312 0.742188
vt 0.140625 0.437500
vt 0.742188 0.093750
vt 0.742188 0.171875
vt 0.734375 0.171875
vt 0.750000 0.093750
vt 0.750000 0.171875
vt 0.757812 0.093750
vt 0.757812 0.171875
vt 0.765625 0.093750
vt 0.765625 0.171875
vt 0.718750 0.046875
vt 0.710938 0.046875
vt 0.710938 0.039062
vt 0.718750 0.039062
vt 0.960938 0.281250
vt 0.953125 0.281250
vt 0.953125 0.289062
vt 0.960938 0.289062
vt 0.960938 0.953125
vt 0.945312 0.960938
vt 0.726562 0.039062
vt 0.726562 0.046875
vt 0.046875 0.046875
vt 0.062500 0.046875
vt 0.062500 0.054688
vt 0.046875 0.054688
vt 0.953125 0.273438
vt 0.960938 0.273438
vt 0.945312 0.945312
vt 0.945312 0.937500
vt 0.734375 0.039062
vt 0.734375 0.046875
vt 0.078125 0.046875
vt 0.093750 0.054688
vt 0.078125 0.054688
vt 0.960938 0.265625
vt 0.109375 0.054688
vt 0.125000 0.054688
vt 0.945312 0.882812
vt 0.960938 0.882812
vt 0.742188 0.039062
vt 0.742188 0.046875
vt 0.945312 0.875000
vt 0.960938 0.875000
vt 0.960938 0.257812
vt 0.218750 0.054688
vt 0.234375 0.054688
vt 0.960938 0.750000
vt 0.960938 0.757812
vt 0.960938 0.250000
vt 0.960938 0.742188
vt 0.960938 0.242188
vt 0.945312 0.734375
vt 0.960938 0.734375
vt 0.945312 0.726562
vt 0.617188 0.078125
vt 0.687500 0.078125
vt 0.679688 0.078125
vt 0.812500 0.046875
vt 0.820312 0.046875
vt 0.820312 0.078125
vt 0.812500 0.078125
vt 0.875000 0.078125
vt 0.757812 0.039062
vt 0.765625 0.039062
vt 0.960938 0.234375
vt 0.945312 0.718750
vt 0.773438 0.039062
vt 0.945312 0.710938
vt 0.960938 0.226562
vt 0.945312 0.703125
vt 0.945312 0.695312
vt 0.242188 0.039062
vt 0.242188 0.054688
vt 0.945312 0.656250
vt 0.945312 0.671875
vt 0.945312 0.640625
vt 0.945312 0.625000
vt 0.781250 0.039062
vt 0.960938 0.218750
vt 0.554688 0.039062
vt 0.562500 0.039062
vt 0.562500 0.054688
vt 0.554688 0.054688
vt 0.671875 0.039062
vt 0.671875 0.054688
vt 0.664062 0.054688
vt 0.679688 0.054688
vt 0.945312 0.312500
vt 0.945312 0.328125
vt 0.960938 0.179688
vt 0.953125 0.179688
vt 0.953125 0.171875
vt 0.960938 0.171875
vt 0.835938 0.039062
vt 0.828125 0.039062
vt 0.828125 0.046875
vt 0.835938 0.046875
vt 0.945312 0.617188
vt 0.789062 0.039062
vt 0.945312 0.609375
vt 0.953125 0.210938
vt 0.960938 0.210938
vt 0.945312 0.601562
vt 0.960938 0.578125
vt 0.945312 0.578125
vt 0.945312 0.585938
vt 0.945312 0.570312
vt 0.960938 0.570312
vt 0.796875 0.039062
vt 0.796875 0.046875
vt 0.804688 0.039062
vt 0.804688 0.046875
vt 0.960938 0.515625
vt 0.945312 0.515625
vt 0.945312 0.523438
vt 0.960938 0.507812
vt 0.812500 0.039062
vt 0.945312 0.500000
vt 0.960938 0.500000
vt 0.960938 0.187500
vt 0.960938 0.195312
vt 0.960938 0.492188
vt 0.960938 0.484375
vt 0.945312 0.484375
vt 0.960938 0.476562
vt 0.820312 0.039062
vt 0.945312 0.414062
vt 0.960938 0.414062
vt 0.960938 0.406250
vt 0.960938 0.398438
vt 0.945312 0.398438
vt 0.953125 0.164062
vt 0.960938 0.164062
vt 0.960938 0.390625
vt 0.843750 0.039062
vt 0.843750 0.046875
vt 0.750000 0.054688
vt 0.750000 0.039062
vt 0.953125 0.156250
vt 0.960938 0.156250
vt 0.945312 0.203125
vt 0.960938 0.203125
vt 0.945312 0.210938
vt 0.851562 0.039062
vt 0.851562 0.046875
vt 0.812500 0.054688
vt 0.796875 0.054688
vt 0.945312 0.195312
vt 0.960938 0.148438
vt 0.953125 0.148438
vt 0.945312 0.125000
vt 0.945312 0.109375
vt 0.242188 0.093750
vt 0.250000 0.093750
vt 0.250000 0.164062
vt 0.242188 0.164062
vt 0.257812 0.093750
vt 0.257812 0.164062
vt 0.078125 0.085938
vt 0.085938 0.085938
vt 0.085938 0.156250
vt 0.078125 0.156250
vt 0.093750 0.085938
vt 0.093750 0.156250
vt 0.945312 0.046875
vt 0.937500 0.046875
vt 0.937500 0.039062
vt 0.945312 0.039062
vt 0.960938 0.054688
vt 0.960938 0.062500
vt 0.015625 0.031250
vt 0.023438 0.031250
vt 0.914062 0.671875
vt 0.914062 0.679688
vt 0.968750 0.976562
vt 0.968750 0.984375
vt 0.960938 0.984375
vt 0.835938 0.085938
vt 0.828125 0.085938
vt 0.843750 0.085938
vt 0.000000 0.031250
vt 0.007812 0.031250
vt 0.007812 0.039062
vt 0.000000 0.039062
vt 0.843750 0.859375
vt 0.914062 0.859375
vt 0.960938 0.992188
vt 0.968750 0.992188
vt 0.968750 1.000000
vt 0.960938 1.000000
vt 0.843750 0.851562
vt 0.914062 0.851562
vt 0.101562 0.156250
vt 0.296875 0.085938
vt 0.289062 0.085938
vt 0.046875 0.031250
vt 0.046875 0.039062
vt 0.039062 0.039062
vt 0.843750 0.843750
vt 0.968750 0.953125
vt 0.968750 0.960938
vt 0.843750 0.781250
vt 0.914062 0.781250
vt 0.914062 0.789062
vt 0.843750 0.789062
vt 0.304688 0.085938
vt 0.351562 0.085938
vt 0.351562 0.156250
vt 0.359375 0.156250
vt 0.960938 0.085938
vt 0.945312 0.070312
vt 0.960938 0.070312
vt 0.960938 0.078125
vt 0.945312 0.054688
vt 0.921875 0.039062
vt 0.953125 0.039062
vt 0.929688 0.039062
vt 0.023438 0.046875
vt 0.078125 0.031250
vt 0.085938 0.031250
vt 0.085938 0.039062
vt 0.968750 0.914062
vt 0.968750 0.921875
vt 0.867188 0.085938
vt 0.859375 0.085938
vt 0.875000 0.085938
vt 0.359375 0.062500
vt 0.945312 0.648438
vt 0.937500 0.648438
vt 0.367188 0.062500
vt 0.968750 0.906250
vt 0.960938 0.898438
vt 0.968750 0.898438
vt 0.968750 0.890625
vt 0.382812 0.062500
vt 0.390625 0.062500
vt 0.132812 0.031250
vt 0.968750 0.867188
vt 0.968750 0.875000
vt 0.664062 0.148438
vt 0.671875 0.148438
vt 0.664062 0.242188
vt 0.757812 0.156250
vt 0.765625 0.156250
vt 0.765625 0.250000
vt 0.062500 0.140625
vt 0.070312 0.140625
vt 0.070312 0.234375
vt 0.062500 0.234375
vt 0.078125 0.140625
vt 0.078125 0.234375
vt 0.140625 0.031250
vt 0.968750 0.859375
vt 0.679688 0.148438
vt 0.664062 0.164062
vt 0.679688 0.164062
vt 0.960938 0.765625
vt 0.968750 0.765625
vt 0.968750 0.773438
vt 0.960938 0.773438
vt 0.234375 0.031250
vt 0.242188 0.031250
vt 0.968750 0.757812
vt 0.250000 0.031250
vt 0.968750 0.750000
vt 0.257812 0.031250
vt 0.968750 0.742188
vt 0.265625 0.031250
vt 0.265625 0.039062
vt 0.968750 0.734375
vt 0.273438 0.031250
vt 0.164062 0.164062
vt 0.164062 0.281250
vt 0.171875 0.164062
vt 0.250000 0.281250
vt 0.835938 0.898438
vt 0.835938 0.906250
vt 0.968750 0.578125
vt 0.835938 0.890625
vt 0.429688 0.031250
vt 0.921875 0.835938
vt 0.921875 0.828125
vt 0.921875 0.820312
vt 0.921875 0.812500
vt 0.968750 0.570312
vt 0.921875 0.804688
vt 0.437500 0.031250
vt 0.937500 0.765625
vt 0.937500 0.773438
vt 0.921875 0.179688
vt 0.937500 0.757812
vt 0.929688 0.835938
vt 0.851562 0.609375
vt 0.851562 0.546875
vt 0.851562 0.578125
vt 0.562500 0.101562
vt 0.554688 0.101562
vt 0.335938 0.093750
vt 0.328125 0.093750
vt 0.460938 0.093750
vt 0.453125 0.093750
vt 0.500000 0.093750
vt 0.492188 0.093750
vt 0.968750 0.562500
vt 0.445312 0.031250
vt 0.914062 0.976562
vt 0.914062 0.984375
vt 0.968750 0.554688
vt 0.890625 0.304688
vt 0.890625 0.312500
vt 0.453125 0.031250
vt 0.890625 0.296875
vt 0.890625 0.289062
vt 0.890625 0.281250
vt 0.968750 0.546875
vt 0.890625 0.273438
vt 0.460938 0.031250
vt 0.890625 0.265625
vt 0.890625 0.210938
vt 0.890625 0.218750
vt 0.242188 0.062500
s 0
usemtl m_c4c24549-93a6-098c-7753-f6f41f0564a2
f 4/1/1 7/2/1 5/3/1 2/4/1
f 3/5/2 4/6/2 2/7/2 1/8/2
f 8/9/3 3/10/3 1/2/3 6/1/3
f 7/11/4 8/12/4 6/13/4 5/14/4
f 6/15/5 1/16/5 2/17/5 5/18/5
f 7/19/6 4/20/6 3/21/6 8/22/6
f 12/23/5 15/24/5 13/25/5 10/26/5
f 11/27/7 12/28/7 10/29/7 9/30/7
f 16/31/6 11/32/6 9/33/6 14/34/6
f 15/35/8 16/36/8 14/37/8 13/38/8
f 14/39/9 9/40/9 10/41/9 13/42/9
f 15/43/10 12/44/10 11/45/10 16/46/10
f 20/47/5 23/48/5 21/49/5 18/50/5
f 19/51/7 20/52/7 18/53/7 17/54/7
f 24/48/6 19/55/6 17/56/6 22/49/6
f 23/57/8 24/58/8 22/52/8 21/51/8
f 22/58/9 17/57/9 18/59/9 21/60/9
f 23/61/10 20/62/10 19/59/10 24/60/10
f 28/63/5 31/64/5 29/65/5 26/66/5
f 27/67/7 28/68/7 26/69/7 25/70/7
f 32/71/6 27/72/6 25/64/6 30/63/6
f 31/73/8 32/74/8 30/75/8 29/76/8
f 30/77/9 25/78/9 26/79/9 29/23/9
f 31/80/10 28/81/10 27/82/10 32/83/10
f 36/84/5 39/79/5 37/85/5 34/86/5
f 35/87/7 36/88/7 34/89/7 33/90/7
f 40/91/6 35/92/6 33/93/6 38/94/6
f 39/95/8 40/96/8 38/97/8 37/98/8
f 38/99/9 33/100/9 34/101/9 37/102/9
f 39/103/10 36/102/10 35/99/10 40/104/10
f 44/105/5 47/106/5 45/107/5 42/108/5
f 43/109/7 44/110/7 42/111/7 41/32/7
f 48/106/6 43/112/6 41/113/6 46/107/6
f 47/114/8 48/115/8 46/116/8 45/117/8
f 46/118/9 41/119/9 42/120/9 45/121/9
f 47/122/10 44/123/10 43/124/10 48/125/10
f 52/126/11 55/127/11 53/128/11 50/129/11
f 51/130/7 52/131/7 50/132/7 49/133/7
f 56/134/12 51/135/12 49/136/12 54/137/12
f 55/138/8 56/139/8 54/131/8 53/130/8
f 54/140/13 49/141/13 50/142/13 53/143/13
f 55/144/14 52/145/14 51/146/14 56/147/14
f 60/148/5 63/149/5 61/150/5 58/151/5
f 59/152/7 60/153/7 58/154/7 57/155/7
f 64/156/6 59/157/6 57/149/6 62/148/6
f 63/133/8 64/158/8 62/153/8 61/152/8
f 62/82/9 57/159/9 58/160/9 61/81/9
f 63/161/10 60/162/10 59/160/10 64/81/10
f 68/163/5 71/63/5 69/164/5 66/165/5
f 67/166/7 68/167/7 66/168/7 65/169/7
f 72/170/6 67/171/6 65/172/6 70/173/6
f 71/174/8 72/175/8 70/176/8 69/177/8
f 70/178/9 65/179/9 66/180/9 69/181/9
f 71/182/10 68/183/10 67/180/10 72/181/10
f 76/184/5 79/185/5 77/182/5 74/183/5
f 75/186/7 76/187/7 74/188/7 73/189/7
f 80/190/6 75/114/6 73/117/6 78/191/6
f 79/192/8 80/193/8 78/194/8 77/195/8
f 78/196/9 73/197/9 74/198/9 77/199/9
f 79/200/10 76/201/10 75/198/10 80/199/10
f 84/202/5 87/203/5 85/204/5 82/205/5
f 83/206/15 84/207/15 82/34/15 81/208/15
f 88/209/6 83/210/6 81/211/6 86/212/6
f 87/213/16 88/214/16 86/215/16 85/216/16
f 86/217/17 81/218/17 82/219/17 85/220/17
f 87/221/18 84/222/18 83/223/18 88/224/18
f 92/225/19 95/226/19 93/227/19 90/228/19
f 91/229/20 92/230/20 90/231/20 89/232/20
f 96/233/21 91/234/21 89/235/21 94/236/21
f 95/230/22 96/237/22 94/238/22 93/231/22
f 94/103/23 89/239/23 90/240/23 93/241/23
f 95/242/24 92/243/24 91/244/24 96/245/24
f 100/246/25 103/247/25 101/248/25 98/249/25
f 99/250/26 100/251/26 98/252/26 97/253/26
f 104/254/27 99/255/27 97/256/27 102/257/27
f 103/258/28 104/259/28 102/260/28 101/261/28
f 102/247/29 97/246/29 98/262/29 101/263/29
f 103/253/30 100/264/30 99/262/30 104/263/30
f 108/265/5 111/73/5 109/266/5 106/267/5
f 107/268/7 108/269/7 106/270/7 105/271/7
f 112/272/6 107/273/6 105/73/6 110/265/6
f 111/274/8 112/275/8 110/276/8 109/277/8
f 110/86/9 105/278/9 106/279/9 109/29/9
f 111/227/10 108/28/10 107/84/10 112/280/10
f 116/281/31 119/282/31 117/214/31 114/283/31
f 115/284/7 116/285/7 114/72/7 113/71/7
f 120/271/32 115/286/32 113/287/32 118/288/32
f 119/289/8 120/290/8 118/291/8 117/292/8
f 118/293/33 113/294/33 114/295/33 117/296/33
f 119/297/34 116/165/34 115/298/34 120/299/34
f 124/237/35 127/300/35 125/301/35 122/302/35
f 123/300/36 124/303/36 122/304/36 121/301/36
f 128/305/37 123/306/37 121/307/37 126/308/37
f 127/309/38 128/310/38 126/311/38 125/312/38
f 126/313/39 121/314/39 122/315/39 125/316/39
f 127/317/40 124/318/40 123/319/40 128/320/40
f 132/321/41 135/322/41 133/323/41 130/324/41
f 131/322/42 132/325/42 130/326/42 129/323/42
f 136/325/43 131/327/43 129/328/43 134/326/43
f 135/327/44 136/329/44 134/330/44 133/328/44
f 134/331/45 129/313/45 130/316/45 133/332/45
f 135/333/46 132/334/46 131/318/46 136/317/46
f 140/335/47 143/336/47 141/337/47 138/338/47
f 139/336/42 140/339/42 138/340/42 137/337/42
f 144/339/48 139/341/48 137/342/48 142/340/48
f 143/343/44 144/344/44 142/345/44 141/245/44
f 142/346/49 137/347/49 138/348/49 141/349/49
f 143/4/50 140/3/50 139/350/50 144/351/50
f 148/329/51 151/352/51 149/353/51 146/330/51
f 147/352/42 148/354/42 146/355/42 145/353/42
f 152/354/52 147/356/52 145/357/52 150/355/52
f 151/358/44 152/335/44 150/338/44 149/359/44
f 150/347/53 145/331/53 146/332/53 149/348/53
f 151/351/54 148/350/54 147/334/54 152/333/54
f 156/360/55 159/361/55 157/362/55 154/363/55
f 155/364/56 156/365/56 154/366/56 153/367/56
f 160/361/57 155/368/57 153/369/57 158/362/57
f 159/370/58 160/371/58 158/372/58 157/44/58
f 158/373/59 153/374/59 154/375/59 157/376/59
f 159/377/60 156/378/60 155/379/60 160/380/60
f 164/361/61 167/360/61 165/363/61 162/362/61
f 163/371/62 164/370/62 162/44/62 161/372/62
f 168/368/63 163/361/63 161/362/63 166/369/63
f 167/365/64 168/364/64 166/367/64 165/366/64
f 166/374/59 161/373/59 162/376/59 165/375/59
f 167/378/60 164/377/60 163/380/60 168/379/60
f 172/381/65 175/159/66 173/159/65 170/381/66
f 171/381/7 172/382/67 170/382/7 169/381/67
f 176/381/68 171/159/67 169/159/68 174/381/67
f 175/381/8 176/382/67 174/382/8 173/381/67
f 174/383/59 169/384/59 170/385/59 173/386/59
f 180/387/69 183/388/69 181/389/69 178/390/69
f 179/391/7 180/392/7 178/393/7 177/394/7
f 184/275/70 179/395/70 177/388/70 182/387/70
f 183/396/8 184/397/8 182/392/8 181/391/8
f 182/233/71 177/398/71 178/81/71 181/399/71
f 183/399/72 180/81/72 179/398/72 184/233/72
f 188/400/69 191/401/69 189/402/69 186/403/69
f 187/404/7 188/405/7 186/406/7 185/407/7
f 192/408/70 187/409/70 185/401/70 190/400/70
f 191/410/8 192/411/8 190/412/8 189/413/8
f 190/409/71 185/408/71 186/414/71 189/415/71
f 191/416/72 188/417/72 187/414/72 192/415/72
f 196/418/73 199/419/73 197/420/73 194/421/73
f 195/419/7 196/422/7 194/423/7 193/420/7
f 200/422/74 195/424/74 193/425/74 198/423/74
f 199/424/8 200/426/8 198/427/8 197/425/8
f 198/428/75 193/429/75 194/430/75 197/431/75
f 199/432/76 196/433/76 195/434/76 200/435/76
f 204/436/73 207/391/73 205/394/73 202/437/73
f 203/438/7 204/439/7 202/440/7 201/441/7
f 208/442/74 203/396/74 201/391/74 206/436/74
f 207/443/8 208/444/8 206/445/8 205/446/8
f 206/396/75 201/442/75 202/447/75 205/448/75
f 207/449/76 204/450/76 203/447/76 208/448/76
f 212/451/73 215/452/73 213/453/73 210/454/73
f 211/455/7 212/456/7 210/439/7 209/438/7
f 216/457/74 211/458/74 209/452/74 214/451/74
f 215/444/8 216/459/8 214/460/8 213/445/8
f 214/458/75 209/457/75 210/461/75 213/462/75
f 215/463/76 212/464/76 211/461/76 216/462/76
f 220/465/73 223/466/73 221/463/73 218/464/73
f 219/467/7 220/468/7 218/456/7 217/455/7
f 224/469/74 219/470/74 217/466/74 222/465/74
f 223/459/8 224/471/8 222/472/8 221/460/8
f 222/473/75 217/474/75 218/475/75 221/476/75
f 223/477/76 220/478/76 219/479/76 224/480/76
f 228/481/73 231/482/73 229/476/73 226/475/73
f 227/483/7 228/484/7 226/468/7 225/467/7
f 232/485/74 227/486/74 225/487/74 230/488/74
f 231/471/8 232/489/8 230/490/8 229/472/8
f 230/486/75 225/485/75 226/491/75 229/492/75
f 231/493/76 228/494/76 227/491/76 232/492/76
f 236/495/69 239/496/69 237/416/69 234/417/69
f 235/405/7 236/497/7 234/498/7 233/406/7
f 240/499/70 235/500/70 233/496/70 238/495/70
f 239/501/8 240/502/8 238/411/8 237/410/8
f 238/157/71 233/156/71 234/45/71 237/503/71
f 239/504/72 236/505/72 235/506/72 240/507/72
f 244/508/31 247/509/31 245/336/31 242/335/31
f 243/510/77 244/511/77 242/512/77 241/513/77
f 248/514/32 243/515/32 241/516/32 246/517/32
f 247/511/78 248/518/78 246/519/78 245/512/78
f 246/520/79 241/519/79 242/521/79 245/522/79
f 247/360/80 244/522/80 243/520/80 248/363/80
f 252/157/31 255/523/31 253/524/31 250/150/31
f 251/525/7 252/526/7 250/290/7 249/289/7
f 256/527/32 251/528/32 249/523/32 254/157/32
f 255/529/8 256/530/8 254/526/8 253/525/8
f 254/531/33 249/532/33 250/533/33 253/534/33
f 255/535/34 252/536/34 251/279/34 256/537/34
f 260/538/5 263/27/5 261/30/5 258/537/5
f 259/539/81 260/540/81 258/541/81 257/542/81
f 264/543/6 259/544/6 257/545/6 262/546/6
f 263/547/82 264/548/82 262/549/82 261/550/82
f 262/551/83 257/526/83 258/530/83 261/552/83
f 263/91/84 260/553/84 259/554/84 264/94/84
f 268/27/5 271/538/5 269/537/5 266/30/5
f 267/548/85 268/547/85 266/550/85 265/549/85
f 272/544/6 267/543/6 265/546/6 270/545/6
f 271/540/86 272/539/86 270/542/86 269/541/86
f 270/526/87 265/551/87 266/552/87 269/530/87
f 271/553/88 268/91/88 267/94/88 272/554/88
f 276/555/5 279/556/5 277/250/5 274/557/5
f 275/558/81 276/559/81 274/6/81 273/560/81
f 280/561/6 275/562/6 273/556/6 278/555/6
f 279/563/82 280/564/82 278/559/82 277/558/82
f 278/565/83 273/566/83 274/567/83 277/568/83
f 279/569/84 276/568/84 275/565/84 280/570/84
f 284/571/5 287/572/5 285/573/5 282/574/5
f 283/448/81 284/575/81 282/397/81 281/396/81
f 288/576/6 283/577/6 281/578/6 286/579/6
f 287/449/82 288/580/82 286/575/82 285/448/82
f 286/581/83 281/582/83 282/583/83 285/584/83
f 287/585/84 284/584/84 283/581/84 288/586/84
f 292/60/5 295/587/5 293/588/5 290/58/5
f 291/589/81 292/590/81 290/591/81 289/592/81
f 296/61/6 291/593/6 289/587/6 294/60/6
f 295/590/82 296/594/82 294/595/82 293/591/82
f 294/593/83 289/61/83 290/596/83 293/597/83
f 295/598/84 292/594/84 291/595/84 296/599/84
f 300/600/31 303/601/31 301/602/31 298/603/31
f 299/604/89 300/469/89 298/464/89 297/605/89
f 304/601/32 299/606/32 297/607/32 302/602/32
f 303/608/90 304/491/90 302/488/90 301/172/90
f 302/144/91 297/609/91 298/610/91 301/611/91
f 303/612/92 300/613/92 299/614/92 304/615/92
f 308/616/93 311/617/93 309/618/93 306/619/93
f 307/620/94 308/621/94 306/617/94 305/616/94
f 312/622/95 307/623/95 305/621/95 310/620/95
f 311/624/96 312/625/96 310/623/96 309/622/96
f 310/555/97 305/307/97 306/626/97 309/627/97
f 311/628/98 308/629/98 307/626/98 312/627/98
f 316/630/93 319/631/93 317/632/93 314/633/93
f 315/634/94 316/635/94 314/636/94 313/637/94
f 320/631/95 315/638/95 313/639/95 318/632/95
f 319/638/96 320/640/96 318/641/96 317/639/96
f 318/642/97 313/573/97 314/572/97 317/643/97
f 319/644/98 316/645/98 315/576/98 320/577/98
f 324/646/99 327/647/99 325/648/99 322/649/99
f 323/650/100 324/651/100 322/652/100 321/653/100
f 328/654/101 323/655/101 321/656/101 326/657/101
f 327/658/102 328/659/102 326/651/102 325/650/102
f 326/660/97 321/661/97 322/326/97 325/328/97
f 327/330/98 324/328/98 323/660/98 328/662/98
f 332/663/99 335/664/99 333/665/99 330/666/99
f 331/667/100 332/668/100 330/669/100 329/670/100
f 336/671/101 331/672/101 329/664/101 334/663/101
f 335/673/102 336/674/102 334/200/102 333/675/102
f 334/676/97 329/677/97 330/678/97 333/679/97
f 335/680/98 332/679/98 331/676/98 336/681/98
f 340/682/99 343/683/99 341/606/99 338/601/99
f 339/684/100 340/685/100 338/686/100 337/687/100
f 344/688/101 339/689/101 337/690/101 342/691/101
f 343/692/102 344/693/102 342/694/102 341/695/102
f 342/696/97 337/697/97 338/698/97 341/699/97
f 343/700/98 340/701/98 339/694/98 344/702/98
f 348/703/5 351/704/5 349/327/5 346/325/5
f 347/297/81 348/164/81 346/705/81 345/706/81
f 352/704/6 347/707/6 345/329/6 350/327/6
f 351/708/82 352/709/82 350/710/82 349/711/82
f 350/528/83 345/712/83 346/713/83 349/714/83
f 351/678/84 348/715/84 347/716/84 352/677/84
f 356/717/73 359/718/73 357/719/73 354/341/73
f 355/720/103 356/721/103 354/10/103 353/722/103
f 360/718/74 355/723/74 353/724/74 358/719/74
f 359/725/104 360/726/104 358/721/104 357/720/104
f 358/727/105 353/728/105 354/729/105 357/730/105
f 359/731/106 356/687/106 355/725/106 360/732/106
f 364/36/107 367/615/107 365/733/107 362/734/107
f 363/119/108 364/118/108 362/735/108 361/507/108
f 368/736/109 363/737/109 361/503/109 366/46/109
f 367/738/110 368/739/110 366/504/110 365/740/110
f 366/741/111 361/742/111 362/743/111 365/744/111
f 367/745/112 364/746/112 363/747/112 368/748/112
f 372/749/107 375/750/107 373/751/107 370/752/107
f 371/750/108 372/753/108 370/754/108 369/751/108
f 376/755/109 371/756/109 369/757/109 374/478/109
f 375/756/110 376/21/110 374/758/110 373/757/110
f 374/759/111 369/760/111 370/761/111 373/762/111
f 375/763/112 372/764/112 371/765/112 376/766/112
f 380/767/113 383/768/113 381/769/113 378/770/113
f 379/771/114 380/772/114 378/773/114 377/774/114
f 384/772/115 379/775/115 377/776/115 382/773/115
f 383/777/116 384/778/116 382/768/116 381/767/116
f 382/779/117 377/780/117 378/520/117 381/362/117
f 383/781/118 380/362/118 379/779/118 384/782/118
f 388/783/119 391/784/119 389/785/119 386/170/119
f 387/786/120 388/787/120 386/788/120 385/789/120
f 392/790/121 387/87/121 385/784/121 390/783/121
f 391/50/122 392/49/122 390/791/122 389/792/122
f 390/793/123 385/794/123 386/795/123 389/796/123
f 391/797/124 388/798/124 387/795/124 392/796/124
f 396/706/125 399/201/125 397/799/125 394/206/125
f 395/406/126 396/498/126 394/800/126 393/801/126
f 400/802/127 395/803/127 393/794/127 398/804/127
f 399/498/128 400/805/128 398/806/128 397/800/128
f 398/797/129 393/798/129 394/803/129 397/807/129
f 399/389/130 396/390/130 395/276/130 400/808/130
f 404/809/131 407/414/131 405/403/131 402/299/131
f 403/810/132 404/811/132 402/812/132 401/813/132
f 408/208/133 403/499/133 401/414/133 406/809/133
f 407/814/134 408/815/134 406/811/134 405/810/134
f 406/670/135 401/184/135 402/816/135 405/667/135
f 407/817/136 404/207/136 403/818/136 408/819/136
f 412/820/137 415/821/137 413/822/137 410/823/137
f 411/824/138 412/2/138 410/3/138 409/825/138
f 416/722/139 411/10/139 409/2/139 414/824/139
f 415/821/140 416/826/140 414/728/140 413/822/140
f 414/827/141 409/828/141 410/829/141 413/830/141
f 415/520/142 412/830/142 411/827/142 416/780/142
f 420/831/143 423/832/143 421/833/143 418/366/143
f 419/834/108 420/835/108 418/836/108 417/837/108
f 424/835/144 419/838/144 417/839/144 422/836/144
f 423/838/110 424/840/110 422/841/110 421/839/110
f 422/628/145 417/629/145 418/842/145 421/843/145
f 423/844/146 420/845/146 419/842/146 424/843/146
f 428/846/147 431/847/147 429/38/147 426/848/147
f 427/849/108 428/850/108 426/609/108 425/145/108
f 432/851/148 427/16/148 425/614/148 430/35/148
f 431/852/110 432/749/110 430/752/110 429/853/110
f 430/854/149 425/855/149 426/856/149 429/857/149
f 431/858/150 428/857/150 427/854/150 432/789/150
f 436/859/147 439/860/147 437/861/147 434/862/147
f 435/860/108 436/863/108 434/864/108 433/861/108
f 440/865/148 435/866/148 433/867/148 438/868/148
f 439/866/110 440/869/110 438/870/110 437/867/110
f 438/871/149 433/872/149 434/873/149 437/874/149
f 439/578/150 436/579/150 435/873/150 440/874/150
f 444/875/5 447/876/5 445/877/5 442/878/5
f 443/879/108 444/880/108 442/881/108 441/882/108
f 448/883/6 443/884/6 441/885/6 446/886/6
f 447/887/110 448/888/110 446/880/110 445/879/110
f 446/418/151 441/889/151 442/890/151 445/891/151
f 447/892/152 444/891/152 443/418/152 448/419/152
f 452/893/5 455/894/5 453/895/5 450/896/5
f 451/897/108 452/898/108 450/47/108 449/899/108
f 456/53/6 451/900/6 449/894/6 454/893/6
f 455/898/110 456/901/110 454/48/110 453/47/110
f 454/900/151 449/53/151 450/52/151 453/902/151
f 455/903/152 452/901/152 451/48/152 456/55/152
f 460/904/147 463/905/147 461/906/147 458/907/147
f 459/905/108 460/908/108 458/909/108 457/906/108
f 464/695/148 459/910/148 457/911/148 462/912/148
f 463/910/110 464/694/110 462/742/110 461/911/110
f 462/913/149 457/914/149 458/915/149 461/916/149
f 463/917/150 460/918/150 459/919/150 464/920/150
f 468/640/93 471/921/93 469/922/93 466/641/93
f 467/923/94 468/924/94 466/210/94 465/209/94
f 472/924/95 467/571/95 465/925/95 470/210/95
f 471/926/96 472/927/96 470/576/96 469/928/96
f 470/929/97 465/930/97 466/914/97 469/913/97
f 471/918/98 468/931/98 467/932/98 472/919/98
f 476/643/5 479/933/5 477/934/5 474/642/5
f 475/935/108 476/936/108 474/937/108 473/938/108
f 480/927/6 475/939/6 473/644/6 478/645/6
f 479/882/110 480/881/110 478/936/110 477/935/110
f 478/940/151 473/586/151 474/585/151 477/941/151
f 479/890/152 476/942/152 475/943/152 480/889/152
f 484/944/147 487/945/147 485/946/147 482/947/147
f 483/853/108 484/948/108 482/949/108 481/950/108
f 488/312/148 483/311/148 481/17/148 486/18/148
f 487/948/110 488/754/110 486/40/110 485/949/110
f 486/725/149 481/951/149 482/952/149 485/684/149
f 487/812/150 484/813/150 483/953/150 488/697/150
f 492/161/153 495/77/153 493/954/153 490/955/153
f 491/956/7 492/483/7 490/467/7 489/957/7
f 496/958/154 491/959/154 489/218/154 494/960/154
f 495/472/8 496/490/8 494/237/8 493/230/8
f 494/961/155 489/962/155 490/963/155 493/964/155
f 495/965/156 492/966/156 491/963/156 496/964/156
f 500/967/153 503/968/153 501/969/153 498/970/153
f 499/971/66 500/971/7 498/381/66 497/381/7
f 504/972/154 499/973/154 497/968/154 502/967/154
f 503/971/66 504/971/8 502/381/66 501/381/8
f 502/974/155 497/381/67 498/381/155 501/974/67
f 503/974/156 500/381/66 499/381/156 504/974/66
f 508/975/153 511/976/153 509/973/153 506/972/153
f 507/971/66 508/971/7 506/381/66 505/381/7
f 512/977/154 507/978/154 505/976/154 510/975/154
f 511/971/66 512/971/8 510/381/66 509/381/8
f 510/974/155 505/381/67 506/381/155 509/974/67
f 511/974/156 508/381/66 507/381/156 512/974/66
f 516/979/153 519/980/153 517/978/153 514/977/153
f 515/971/66 516/971/7 514/381/66 513/381/7
f 520/981/154 515/982/154 513/959/154 518/958/154
f 519/971/66 520/971/8 518/381/66 517/381/8
f 518/974/155 513/381/67 514/381/155 517/974/67
f 519/974/156 516/381/66 515/381/156 520/974/66
f 524/983/153 527/7/153 525/395/153 522/984/153
f 523/971/66 524/971/7 522/381/66 521/381/7
f 528/560/154 523/6/154 521/7/154 526/983/154
f 527/971/66 528/971/8 526/381/66 525/381/8
f 526/974/155 521/381/67 522/381/155 525/974/67
f 527/974/156 524/381/66 523/381/156 528/974/66
f 532/985/157 535/986/157 533/965/157 530/966/157
f 531/253/7 532/252/7 530/987/7 529/263/7
f 536/988/158 531/989/158 529/986/158 534/985/158
f 535/990/8 536/258/8 534/261/8 533/991/8
f 534/989/159 529/988/159 530/992/159 533/993/159
f 535/969/160 532/970/160 531/992/160 536/993/160
f 540/994/153 543/995/153 541/996/153 538/997/153
f 539/998/7 540/123/7 538/999/7 537/1000/7
f 544/151/154 539/1001/154 537/1002/154 542/1003/154
f 543/1004/8 544/942/8 542/1005/8 541/1006/8
f 542/544/155 537/1007/155 538/98/155 541/1008/155
f 543/1009/156 540/88/156 539/539/156 544/1010/156
f 548/995/153 551/994/153 549/997/153 546/996/153
f 547/942/7 548/1004/7 546/1006/7 545/1005/7
f 552/1001/154 547/151/154 545/1003/154 550/1002/154
f 551/123/8 552/998/8 550/1000/8 549/999/8
f 550/1007/155 545/544/155 546/1008/155 549/98/155
f 551/88/156 548/1009/156 547/1010/156 552/539/156
f 556/1011/153 559/1012/153 557/1013/153 554/1014/153
f 555/263/161 556/987/161 554/1015/161 553/247/161
f 560/1016/154 555/1017/154 553/1012/154 558/1011/154
f 559/1018/162 560/990/162 558/991/162 557/1019/162
f 558/1017/163 553/1016/163 554/1020/163 557/1021/163
f 559/1022/164 556/1023/164 555/1024/164 560/1025/164
f 564/1012/153 567/1011/153 565/1014/153 562/1013/153
f 563/990/165 564/1018/165 562/1019/165 561/991/165
f 568/1017/154 563/1016/154 561/1011/154 566/1012/154
f 567/987/166 568/263/166 566/247/166 565/1015/166
f 566/1016/167 561/1017/167 562/1021/167 565/1020/167
f 567/1023/168 564/1022/168 563/1025/168 568/1024/168
f 572/241/5 575/1026/5 573/1027/5 570/1028/5
f 571/955/7 572/954/7 570/532/7 569/398/7
f 576/1029/6 571/1030/6 569/239/6 574/1031/6
f 575/1032/8 576/1033/8 574/1034/8 573/1035/8
f 574/173/9 569/83/9 570/1036/9 573/1037/9
f 575/1038/10 572/535/10 571/538/10 576/1039/10
f 580/1040/5 583/560/5 581/984/5 578/274/5
f 579/1041/7 580/994/7 578/997/7 577/1042/7
f 584/1043/6 579/563/6 577/560/6 582/1040/6
f 583/171/8 584/1044/8 582/491/8 581/608/8
f 582/1045/9 577/1046/9 578/1047/9 581/1048/9
f 583/85/10 580/1048/10 579/1045/10 584/78/10
f 588/1049/5 591/442/5 589/437/5 586/190/5
f 587/1050/7 588/1051/7 586/74/7 585/73/7
f 592/277/6 587/450/6 585/442/6 590/1049/6
f 591/1052/8 592/1053/8 590/1054/8 589/1055/8
f 590/159/9 585/381/9 586/1056/9 589/160/9
f 591/162/10 588/1046/10 587/1056/10 592/160/10
f 596/1057/5 599/1058/5 597/1059/5 594/1060/5
f 595/1061/108 596/1062/108 594/1063/108 593/785/108
f 600/719/6 595/724/6 593/762/6 598/1064/6
f 599/784/110 600/1065/110 598/1062/110 597/1061/110
f 598/42/151 593/833/151 594/1066/151 597/1067/151
f 599/1068/152 596/220/152 595/1069/152 600/43/152
f 604/1070/5 607/1071/5 605/1072/5 602/1073/5
f 603/236/108 604/816/108 602/1074/108 601/1075/108
f 608/1071/6 603/1076/6 601/1077/6 606/1072/6
f 607/1078/110 608/104/110 606/294/110 605/385/110
f 606/1079/151 601/758/151 602/1080/151 605/1081/151
f 607/1082/152 604/1081/152 603/1079/152 608/1083/152
f 612/1084/169 615/1085/169 613/24/169 610/280/169
f 611/1086/7 612/1087/7 610/1088/7 609/1089/7
f 616/1090/170 611/1091/170 609/1085/170 614/1084/170
f 615/1087/8 616/375/8 614/374/8 613/1088/8
f 614/1053/171 609/1092/171 610/146/171 613/1093/171
f 615/196/172 612/197/172 611/799/172 616/1094/172
f 620/1003/173 623/95/173 621/1007/173 618/1095/173
f 619/234/7 620/531/7 618/298/7 617/235/7
f 624/66/174 619/1096/174 617/675/174 622/705/174
f 623/1097/8 624/1098/8 622/1099/8 621/1100/8
f 622/11/175 617/1101/175 618/1102/175 621/1103/175
f 623/1104/176 620/1105/176 619/1102/176 624/1103/176
f 628/1106/5 631/134/5 629/1107/5 626/1108/5
f 627/80/7 628/399/7 626/1075/7 625/1036/7
f 632/1109/6 627/305/6 625/659/6 630/1110/6
f 631/1111/8 632/1027/8 630/1112/8 629/1113/8
f 630/1114/9 625/1115/9 626/1116/9 629/1117/9
f 631/1118/10 628/1117/10 627/1114/10 632/1119/10
f 636/1120/177 639/1121/177 637/1122/177 634/1123/177
f 635/1124/178 636/1125/178 634/1067/178 633/1066/178
f 640/1126/179 635/1127/179 633/1121/179 638/1120/179
f 639/1128/180 640/378/180 638/1129/180 637/1130/180
f 638/1127/181 633/1126/181 634/1131/181 637/1132/181
f 639/1133/182 636/1134/182 635/1131/182 640/1132/182
f 644/1135/183 647/1136/183 645/1137/183 642/1138/183
f 643/143/184 644/1139/184 642/1140/184 641/1141/184
f 648/1142/185 643/1143/185 641/1136/185 646/1135/185
f 647/1044/186 648/1063/186 646/1144/186 645/494/186
f 646/1110/187 641/658/187 642/1145/187 645/1109/187
f 647/1146/188 644/1147/188 643/662/188 648/1089/188
f 652/1148/5 655/579/5 653/873/5 650/1149/5
f 651/1150/189 652/1151/189 650/92/189 649/91/189
f 656/1152/6 651/914/6 649/930/6 654/1153/6
f 655/1154/190 656/1155/190 654/1156/190 653/1157/190
f 654/1158/191 649/270/191 650/269/191 653/1159/191
f 655/19/192 652/1160/192 651/1161/192 656/1162/192
f 660/932/5 663/919/5 661/1163/5 658/1164/5
f 659/1165/193 660/1166/193 658/928/193 657/1167/193
f 664/919/6 659/920/6 657/1168/6 662/1163/6
f 663/1169/194 664/926/194 662/1166/194 661/1165/194
f 662/1170/195 657/1171/195 658/1172/195 661/1173/195
f 663/1174/196 660/1173/196 659/1170/196 664/1175/196
f 668/818/5 671/109/5 669/32/5 666/31/5
f 667/1176/7 668/1177/7 666/821/7 665/1178/7
f 672/1095/6 667/543/6 665/546/6 670/67/6
f 671/1177/8 672/1179/8 670/1180/8 669/821/8
f 670/740/9 665/505/9 666/837/9 669/681/9
f 671/1181/10 668/711/10 667/1182/10 672/1151/10
f 676/26/197 679/163/197 677/534/197 674/533/197
f 675/920/198 676/1183/198 674/1184/198 673/1168/198
f 680/1185/199 675/1090/199 673/226/199 678/1186/199
f 679/1187/200 680/1188/200 678/787/200 677/786/200
f 678/1189/201 673/463/201 674/466/201 677/1190/201
f 679/1122/202 676/470/202 675/466/202 680/1190/202
f 684/1191/203 687/1192/203 685/926/203 682/1169/203
f 683/1193/204 684/793/204 682/1143/204 681/1194/204
f 688/1195/205 683/1153/205 681/1192/205 686/1191/205
f 687/127/206 688/1196/206 686/1197/206 685/1198/206
f 686/1199/207 681/1112/207 682/1026/207 685/1200/207
f 687/1201/208 684/1202/208 683/1203/208 688/1204/208
f 692/1205/5 695/657/5 693/1173/5 690/1172/5
f 691/869/7 692/1206/7 690/1207/7 689/1208/7
f 696/657/6 691/656/6 689/1174/6 694/1173/6
f 695/1206/8 696/1209/8 694/1210/8 693/1207/8
f 694/1211/9 689/1175/9 690/1174/9 693/1212/9
f 695/229/10 692/1213/10 691/1210/10 696/232/10
f 700/1214/209 703/1215/209 701/1216/209 698/1217/209
f 699/656/210 700/886/210 698/1212/210 697/1174/210
f 704/1218/211 699/1219/211 697/1215/211 702/1214/211
f 703/886/212 704/885/212 702/1220/212 701/1212/212
f 702/1219/213 697/1218/213 698/1221/213 701/1222/213
f 703/1223/214 700/1224/214 699/1221/214 704/1222/214
f 708/1225/5 711/893/5 709/896/5 706/1226/5
f 707/1227/7 708/1228/7 706/637/7 705/1229/7
f 712/54/6 707/53/6 705/893/6 710/1225/6
f 711/1230/8 712/634/8 710/1228/8 709/1227/8
f 710/1231/9 705/1119/9 706/1118/9 709/1164/9
f 711/1163/10 708/1164/10 707/1231/10 712/855/10
f 716/1232/5 719/596/5 717/61/5 714/62/5
f 715/1233/7 716/429/7 714/596/7 713/1232/7
f 720/1234/6 715/430/6 713/429/6 718/1233/6
f 719/445/8 720/460/8 718/229/8 717/1213/8
f 718/455/9 713/1235/9 714/957/9 717/467/9
f 719/472/10 716/460/10 715/229/10 720/230/10
f 724/1236/215 727/1225/215 725/1226/215 722/1237/215
f 723/490/216 724/1238/216 722/300/216 721/237/216
f 728/1239/217 723/54/217 721/1225/217 726/1236/217
f 727/1238/218 728/1240/218 726/303/218 725/300/218
f 726/1235/219 721/1241/219 722/1242/219 725/957/219
f 727/956/220 724/1243/220 723/1242/220 728/957/220
f 732/1244/221 735/708/221 733/1182/221 730/272/221
f 731/1245/7 732/1246/7 730/1247/7 729/1248/7
f 736/179/222 731/178/222 729/1249/222 734/1250/222
f 735/1251/8 736/1252/8 734/1246/8 733/1245/8
f 734/1194/223 729/284/223 730/1253/223 733/1193/223
f 735/1150/224 732/273/224 731/1050/224 736/91/224
f 740/1033/225 743/1097/225 741/1100/225 738/1034/225
f 739/1254/226 740/1255/226 738/1256/226 737/1257/226
f 744/1258/227 739/39/227 737/995/227 742/1259/227
f 743/1255/228 744/1260/228 742/1261/228 741/1256/228
f 742/253/229 737/264/229 738/557/229 741/250/229
f 743/1262/230 740/1263/230 739/1264/230 744/1265/230
f 748/1266/153 751/1267/153 749/1022/153 746/1023/153
f 747/556/165 748/1268/165 746/251/165 745/250/165
f 752/1269/154 747/1270/154 745/1267/154 750/1266/154
f 751/259/166 752/1271/166 750/1272/166 749/260/166
f 750/1270/167 745/1269/167 746/1273/167 749/1274/167
f 751/1275/168 748/1276/168 747/1273/168 752/1274/168
f 756/115/5 759/1277/5 757/807/5 754/116/5
f 755/1278/85 756/851/85 754/847/85 753/846/85
f 760/1279/6 755/1280/6 753/1281/6 758/1134/6
f 759/552/86 760/1282/86 758/1283/86 757/551/86
f 758/1280/87 753/1279/87 754/1284/87 757/1285/87
f 759/1286/88 756/1287/88 755/1284/88 760/1285/88
f 764/562/31 767/1288/31 765/1268/31 762/556/31
f 763/844/231 764/1289/231 762/1290/231 761/1251/231
f 768/1271/32 763/1291/32 761/309/32 766/1272/32
f 767/1292/232 768/514/232 766/517/232 765/1293/232
f 766/1294/233 761/1292/233 762/1060/233 765/1059/233
f 767/719/234 764/341/234 763/761/234 768/1064/234
f 772/1295/31 775/1296/31 773/1297/31 770/567/31
f 771/90/7 772/89/7 770/1065/7 769/784/7
f 776/32/32 771/111/32 769/1298/32 774/33/32
f 775/1030/8 776/996/8 774/1200/8 773/240/8
f 774/1091/33 769/1299/33 770/1139/33 773/1099/33
f 775/101/34 772/1031/34 771/1078/34 776/100/34
f 780/1257/5 783/1256/5 781/1300/5 778/1301/5
f 779/1256/235 780/1261/235 778/1302/235 777/1300/235
f 784/801/6 779/800/6 777/1303/6 782/1304/6
f 783/800/236 784/806/236 782/1305/236 781/1303/236
f 782/1254/237 777/1306/237 778/1307/237 781/1308/237
f 783/1309/238 780/1013/238 779/1310/238 784/1311/238
f 788/1308/5 791/1312/5 789/1255/5 786/1254/5
f 787/1313/7 788/1314/7 786/1275/7 785/1276/7
f 792/1012/6 787/1315/6 785/1309/6 790/1013/6
f 791/1316/8 792/1317/8 790/501/8 789/814/8
f 790/1318/9 785/1319/9 786/1320/9 789/1321/9
f 791/1322/10 788/1323/10 787/1154/10 792/1324/10
f 796/1325/177 799/243/177 797/244/177 794/1326/177
f 795/1312/178 796/1327/178 794/1260/178 793/1255/178
f 800/476/179 795/1328/179 793/1329/179 798/473/179
f 799/1017/180 800/1330/180 798/1315/180 797/1012/180
f 798/1328/181 793/476/181 794/482/181 797/1216/181
f 799/1331/182 796/153/182 795/154/182 800/1332/182
f 804/1333/239 807/1334/239 805/1317/239 802/1316/239
f 803/1335/240 804/1152/240 802/1153/240 801/1336/240
f 808/1337/241 803/636/241 801/1334/241 806/1333/241
f 807/1338/242 808/1339/242 806/1289/242 805/845/242
f 806/1201/243 801/1202/243 802/1340/243 805/1341/243
f 807/553/244 804/1051/244 803/75/244 808/548/244
f 812/158/183 815/1342/183 813/1331/183 810/153/183
f 811/1021/184 812/1343/184 810/1330/184 809/1017/184
f 816/668/185 811/1344/185 809/1345/185 814/669/185
f 815/1346/186 816/1347/186 814/1343/186 813/1021/186
f 814/1348/187 809/200/187 810/674/187 813/1349/187
f 815/14/188 812/13/188 811/674/188 816/1349/188
f 820/1350/177 823/1351/177 821/1352/177 818/1353/177
f 819/1354/178 820/1355/178 818/1356/178 817/1357/178
f 824/1010/179 819/1358/179 817/1351/179 822/1350/179
f 823/1359/180 824/1360/180 822/1361/180 821/1362/180
f 822/1358/181 817/1010/181 818/1009/181 821/1363/181
f 823/1364/182 820/1365/182 819/1366/182 824/1342/182
f 828/1367/239 831/873/239 829/872/239 826/1368/239
f 827/344/240 828/691/240 826/1369/240 825/764/240
f 832/1370/241 827/915/241 825/914/241 830/1371/241
f 831/1372/242 832/1373/242 830/1374/242 829/1375/242
f 830/1376/243 825/291/243 826/526/243 829/1377/243
f 831/999/244 828/1378/244 827/481/244 832/124/244
f 836/1379/183 839/1380/183 837/1381/183 834/1382/183
f 835/1383/184 836/1354/184 834/1357/184 833/1384/184
f 840/1385/185 835/1386/185 833/1380/185 838/1379/185
f 839/1362/186 840/1361/186 838/1387/186 837/1388/186
f 838/1386/187 833/1385/187 834/1389/187 837/1390/187
f 839/1352/188 836/1353/188 835/1389/188 840/1390/188
f 844/1391/5 847/1383/5 845/1384/5 842/1392/5
f 843/1393/7 844/1394/7 842/1395/7 841/1320/7
f 848/1388/6 843/1387/6 841/1347/6 846/1346/6
f 847/1368/8 848/872/8 846/1394/8 845/1393/8
f 846/1396/9 841/1324/9 842/1322/9 845/1397/9
f 847/1398/10 844/1397/10 843/1396/10 848/1155/10
f 852/381/55 855/1399/66 853/1399/245 850/381/66
f 851/381/56 852/382/66 850/382/246 849/381/66
f 856/381/57 851/1399/67 849/1399/247 854/381/67
f 855/381/58 856/382/67 854/382/248 853/381/67
f 854/1400/59 849/1401/59 850/1402/59 853/1403/59
f 855/1404/60 852/1403/60 851/1400/60 856/1405/60
f 860/1399/61 863/381/66 861/381/61 858/1399/66
f 859/382/62 860/381/67 858/381/62 857/382/67
f 864/1399/63 859/381/67 857/381/63 862/1399/67
f 863/382/249 864/381/66 862/381/64 861/382/66
f 862/1401/59 857/1400/59 858/1403/59 861/1402/59
f 863/1403/60 860/1404/60 859/1405/60 864/1400/60
f 868/1186/5 871/225/5 869/228/5 866/1039/5
f 867/506/7 868/1406/7 866/1407/7 865/147/7
f 872/1406/6 867/1408/6 865/1409/6 870/1407/6
f 871/1408/8 872/735/8 870/1410/8 869/1409/8
f 870/141/9 865/215/9 866/282/9 869/142/9
f 871/1158/10 868/286/10 867/1411/10 872/1038/10
f 876/1412/250 879/266/250 877/1413/250 874/1043/250
f 875/1037/7 876/1074/7 874/1250/7 873/790/7
f 880/1414/251 875/1415/251 873/1416/251 878/1417/251
f 879/1418/8 880/1419/8 878/1420/8 877/126/8
f 878/1421/252 873/1244/252 874/1098/252 877/1422/252
f 879/69/253 876/1159/253 875/213/253 880/283/253
f 884/1093/5 887/985/5 885/962/5 882/1054/5
f 883/950/7 884/1423/7 882/1424/7 881/1041/7
f 888/1423/6 883/1425/6 881/1426/6 886/1424/6
f 887/1425/8 888/1258/8 886/1259/8 885/1426/8
f 886/191/9 881/802/9 882/1427/9 885/1428/9
f 887/1412/10 884/267/10 883/1427/10 888/1428/10
f 892/1429/250 895/1107/250 893/137/250 890/1430/250
f 891/1431/7 892/1432/7 890/1433/7 889/1434/7
f 896/129/251 891/1435/251 889/1415/251 894/1414/251
f 895/1436/8 896/1437/8 894/1432/8 893/1431/8
f 894/288/252 889/1438/252 890/1113/252 893/1199/252
f 895/545/253 892/68/253 891/281/253 896/1035/253
f 900/1076/254 903/1439/254 901/1440/254 898/1441/254
f 899/1439/7 900/1442/7 898/1443/7 897/1440/7
f 904/1442/255 899/1444/255 897/1445/255 902/1443/255
f 903/1446/8 904/583/8 902/582/8 901/1447/8
f 902/1448/256 897/1449/256 898/1450/256 901/1451/256
f 903/1452/257 900/1453/257 899/1454/257 904/1455/257
f 908/811/258 911/1456/258 909/187/258 906/1457/258
f 907/1451/7 908/1458/7 906/1459/7 905/1448/7
f 912/1460/259 907/1461/259 905/1462/259 910/1463/259
f 911/1464/8 912/1465/8 910/1452/8 909/1453/8
f 910/1456/260 905/811/260 906/1466/260 909/413/260
f 911/410/261 908/1467/261 907/1466/261 912/413/261
f 916/815/258 919/501/258 917/410/258 914/1467/258
f 915/1458/262 916/1468/262 914/1469/262 913/1459/262
f 920/1470/259 915/633/259 913/1471/259 918/1472/259
f 919/1025/263 920/1473/263 918/1465/263 917/1464/263
f 918/1474/264 913/1471/264 914/633/264 917/639/264
f 919/922/265 916/639/265 915/1474/265 920/1475/265
f 924/1476/258 927/1477/258 925/635/258 922/1318/258
f 923/1468/260 924/1478/260 922/1479/260 921/1469/260
f 928/1480/259 923/1481/259 921/1477/259 926/1476/259
f 927/1022/261 928/1482/261 926/1473/261 925/1025/261
f 926/1481/8 921/1480/8 922/1321/8 925/1395/8
f 927/1184/7 924/1163/7 923/1483/7 928/1484/7
f 932/1432/266 935/1485/266 933/1486/266 930/1433/266
f 931/1267/7 932/1487/7 930/1482/7 929/1022/7
f 936/1437/267 931/1488/267 929/1485/267 934/1432/267
f 935/1270/8 936/1489/8 934/1487/8 933/1267/8
f 934/1488/268 929/1437/268 930/1490/268 933/1491/268
f 935/649/269 932/1492/269 931/1490/269 936/1491/269
f 940/724/258 943/600/258 941/1493/258 938/759/258
f 939/1392/260 940/1384/260 938/1494/260 937/1495/260
f 944/1496/259 939/1497/259 937/1498/259 942/1499/259
f 943/331/261 944/347/261 942/108/261 941/1500/261
f 942/522/8 937/521/8 938/1501/8 941/1502/8
f 943/1503/7 940/1274/7 939/1270/7 944/1489/7
f 948/1504/258 951/646/258 949/649/258 946/1492/258
f 947/1502/264 948/1505/264 946/360/264 945/522/264
f 952/1506/259 947/878/259 945/646/259 950/1504/259
f 951/1275/265 952/1507/265 950/1503/265 949/1274/265
f 950/878/263 945/1506/263 946/1508/263 949/875/263
f 951/896/262 948/1509/262 947/1508/262 952/875/262
f 956/1183/258 959/1510/258 957/1511/258 954/1484/258
f 955/1512/270 956/59/270 954/51/270 953/1513/270
f 960/1514/259 955/1232/259 953/59/259 958/1512/259
f 959/1515/271 960/1234/271 958/1232/271 957/1514/271
f 958/361/272 953/360/272 954/1505/272 957/1516/272
f 959/1517/273 956/1314/273 955/1275/273 960/1507/273
f 964/1518/258 967/1519/258 965/1520/258 962/1521/258
f 963/1327/274 964/1522/274 962/1523/274 961/1524/274
f 968/1522/259 963/1391/259 961/1525/259 966/1523/259
f 967/1526/275 968/1388/275 966/1021/275 965/1527/275
f 966/1528/276 961/1529/276 962/1530/276 965/1531/276
f 967/1532/277 964/1533/277 963/1534/277 968/1535/277
f 972/1536/258 975/441/258 973/430/258 970/1515/258
f 971/1516/7 972/1537/7 970/368/7 969/361/7
f 976/1538/259 971/438/259 969/441/259 974/1536/259
f 975/1539/8 976/1540/8 974/1517/8 973/1314/8
f 974/438/260 969/1538/260 970/1541/260 973/455/260
f 975/1542/261 972/1543/261 971/1544/261 976/483/261
f 980/1545/258 983/1546/258 981/1542/258 978/1543/258
f 979/1537/262 980/1547/262 978/1548/262 977/368/262
f 984/303/259 979/991/259 977/255/259 982/254/259
f 983/1547/263 984/1549/263 982/1550/263 981/1548/263
f 982/1262/264 977/1263/264 978/261/264 981/1272/264
f 983/1551/265 980/1552/265 979/1553/265 984/1288/265
f 988/1247/258 991/1554/258 989/1551/258 986/1552/258
f 987/1549/264 988/1555/264 986/1496/264 985/1550/264
f 992/1556/259 987/1557/259 985/1554/259 990/1247/259
f 991/1373/265 992/1558/265 990/1559/265 989/1374/265
f 990/1557/263 985/1556/263 986/1246/263 989/1560/263
f 991/1561/262 988/1562/262 987/1246/262 992/1560/262
f 996/1252/258 999/1563/258 997/1561/258 994/1562/258
f 995/1555/260 996/1564/260 994/1497/260 993/1496/260
f 1000/1565/259 995/1566/259 993/515/259 998/1294/259
f 999/1529/261 1000/1528/261 998/1558/261 997/1373/261
f 998/1566/8 993/1565/8 994/1059/8 997/1567/8
f 999/1568/7 996/1569/7 995/1059/7 1000/1567/7
f 1004/1570/278 1007/1571/278 1005/1531/278 1002/1530/278
f 1003/1058/7 1004/1572/7 1002/1568/7 1001/1569/7
f 1008/1532/279 1003/1573/279 1001/1574/279 1006/1535/279
f 1007/1459/8 1008/1479/8 1006/511/8 1005/510/8
f 1006/1575/280 1001/511/280 1002/1478/280 1005/1576/280
f 1007/1501/281 1004/1576/281 1003/1575/281 1008/518/281
f 1012/1577/278 1015/1578/278 1013/1571/278 1010/1570/278
f 1011/1579/7 1012/1580/7 1010/1540/7 1009/1581/7
f 1016/1573/279 1011/1582/279 1009/1583/279 1014/1574/279
f 1015/1548/8 1016/1496/8 1014/1584/8 1013/1585/8
f 1014/203/280 1009/202/280 1010/1564/280 1013/1533/280
f 1015/1570/281 1012/1435/281 1011/1416/281 1016/1529/281
f 1020/1582/278 1023/315/278 1021/314/278 1018/1583/278
f 1019/1586/7 1020/1559/7 1018/1580/7 1017/1579/7
f 1024/319/279 1019/320/279 1017/1587/279 1022/1588/279
f 1023/1196/8 1024/1587/8 1022/1578/8 1021/1197/8
f 1022/334/280 1017/1589/280 1018/1590/280 1021/3/280
f 1023/1176/281 1020/349/281 1019/820/281 1024/1178/281
f 1028/2/282 1031/1/282 1029/4/282 1026/3/282
f 1027/12/283 1028/11/283 1026/14/283 1025/13/283
f 1032/10/284 1027/9/284 1025/1/284 1030/2/284
f 1031/6/285 1032/5/285 1030/8/285 1029/7/285
f 1030/16/5 1025/15/5 1026/18/5 1029/17/5
f 1031/20/6 1028/19/6 1027/22/6 1032/21/6
f 1036/1591/286 1039/1592/286 1037/1593/286 1034/1594/286
f 1035/1592/287 1036/1595/287 1034/1596/287 1033/1593/287
f 1040/1597/288 1035/1598/288 1033/1599/288 1038/1600/288
f 1039/1598/289 1040/1601/289 1038/1602/289 1037/1599/289
f 1038/1603/290 1033/1604/290 1034/1605/290 1037/1606/290
f 1039/1607/291 1036/685/291 1035/686/291 1040/1608/291
f 1044/1609/292 1047/1610/292 1045/700/292 1042/701/292
f 1043/1611/283 1044/51/283 1042/54/283 1041/1612/283
f 1048/188/293 1043/1613/293 1041/1614/293 1046/1615/293
f 1047/936/285 1048/666/285 1046/1339/285 1045/937/285
f 1046/1616/294 1041/1617/294 1042/1534/294 1045/1535/294
f 1047/1574/295 1044/1535/295 1043/1616/295 1048/1618/295
f 1052/1619/1 1055/1620/1 1053/1621/1 1050/1622/1
f 1051/1623/2 1052/1624/2 1050/1364/2 1049/1365/2
f 1056/1625/3 1051/1626/3 1049/1627/3 1054/1628/3
f 1055/1629/4 1056/1630/4 1054/1624/4 1053/1623/4
f 1054/1631/5 1049/1602/5 1050/1601/5 1053/1004/5
f 1055/1632/6 1052/1633/6 1051/1080/6 1056/1081/6
f 1060/193/296 1063/1634/296 1061/1635/296 1058/1636/296
f 1059/1637/297 1060/1345/297 1058/1630/297 1057/1629/297
f 1064/1456/298 1059/1638/298 1057/1639/298 1062/187/298
f 1063/1640/299 1064/1641/299 1062/1642/299 1061/1643/299
f 1062/1082/300 1057/1081/300 1058/1632/300 1061/1644/300
f 1063/746/301 1060/1645/301 1059/1646/301 1064/1647/301
f 1068/721/5 1071/1648/5 1069/9/5 1066/10/5
f 1067/1649/189 1068/1650/189 1066/1651/189 1065/732/189
f 1072/726/6 1067/1651/6 1065/1648/6 1070/721/6
f 1071/730/190 1072/1603/190 1070/1652/190 1069/952/190
f 1070/826/191 1065/1180/191 1066/1179/191 1069/1653/191
f 1071/1654/192 1068/1606/192 1067/1652/192 1072/685/192
f 1076/1653/5 1079/1655/5 1077/730/5 1074/729/5
f 1075/731/193 1076/1608/193 1074/1650/193 1073/1649/193
f 1080/1655/6 1075/1605/6 1073/1604/6 1078/730/6
f 1079/1622/194 1080/701/194 1078/693/194 1077/692/194
f 1078/1628/195 1073/696/195 1074/699/195 1077/1615/195
f 1079/192/196 1076/1610/196 1075/1656/196 1080/195/196
f 1084/1657/282 1087/1658/282 1085/1659/282 1082/805/282
f 1083/888/283 1084/517/283 1082/671/283 1081/880/283
f 1088/1334/284 1083/1660/284 1081/1661/284 1086/1317/284
f 1087/1198/285 1088/1577/285 1086/1570/285 1085/128/285
f 1086/1662/5 1081/1663/5 1082/314/5 1085/313/5
f 1087/331/6 1084/313/6 1083/1662/6 1088/1664/6
f 1092/591/282 1095/595/282 1093/1665/282 1090/869/282
f 1091/623/283 1092/1515/283 1090/1666/283 1089/1667/283
f 1096/595/284 1091/599/284 1089/1668/284 1094/1665/284
f 1095/599/285 1096/434/285 1094/1206/285 1093/1668/285
f 1094/1669/5 1089/636/5 1090/1670/5 1093/1671/5
f 1095/1672/6 1092/635/6 1091/1670/6 1096/1671/6
f 1100/434/282 1103/435/282 1101/1673/282 1098/1206/282
f 1099/1241/283 1100/1541/283 1098/1515/283 1097/623/283
f 1104/435/284 1099/446/284 1097/1674/284 1102/1673/284
f 1103/446/285 1104/445/285 1102/1209/285 1101/1674/285
f 1102/1322/5 1097/1323/5 1098/921/5 1101/1675/5
f 1103/1676/6 1100/1395/6 1099/1481/6 1104/1677/6
f 1108/1678/282 1111/1679/282 1109/739/282 1106/1680/282
f 1107/1681/283 1108/1682/283 1106/1683/283 1105/125/283
f 1112/1684/284 1107/1685/284 1105/1686/284 1110/1687/284
f 1111/1685/285 1112/1688/285 1110/1689/285 1109/1686/285
f 1110/1398/5 1105/1397/5 1106/1690/5 1109/923/5
f 1111/871/6 1108/872/6 1107/1394/6 1112/1691/6
f 1116/1071/5 1119/1070/5 1117/1073/5 1114/1072/5
f 1115/104/302 1116/1078/302 1114/385/302 1113/294/302
f 1120/1076/6 1115/1071/6 1113/1072/6 1118/1077/6
f 1119/816/303 1120/236/303 1118/1075/303 1117/1074/303
f 1118/758/304 1113/1079/304 1114/1081/304 1117/1080/304
f 1119/1081/305 1116/1082/305 1115/1083/305 1120/1079/305
f 1124/704/5 1127/703/5 1125/325/5 1122/327/5
f 1123/709/85 1124/708/85 1122/711/85 1121/710/85
f 1128/707/6 1123/704/6 1121/327/6 1126/329/6
f 1127/164/86 1128/297/86 1126/706/86 1125/705/86
f 1126/712/87 1121/528/87 1122/714/87 1125/713/87
f 1127/715/88 1124/678/88 1123/677/88 1128/716/88
f 1132/664/306 1135/663/306 1133/666/306 1130/665/306
f 1131/674/307 1132/673/307 1130/675/307 1129/200/307
f 1136/672/308 1131/671/308 1129/663/308 1134/664/308
f 1135/668/309 1136/667/309 1134/670/309 1133/669/309
f 1134/677/310 1129/676/310 1130/679/310 1133/678/310
f 1135/679/311 1132/680/311 1131/681/311 1136/676/311
f 1140/750/312 1143/749/312 1141/752/312 1138/751/312
f 1139/21/302 1140/756/302 1138/757/302 1137/758/302
f 1144/756/313 1139/755/313 1137/478/313 1142/757/313
f 1143/753/303 1144/750/303 1142/751/303 1141/754/303
f 1142/760/314 1137/759/314 1138/762/314 1141/761/314
f 1143/764/315 1140/763/315 1139/766/315 1144/765/315
f 1148/1592/316 1151/1591/316 1149/1594/316 1146/1593/316
f 1147/1601/317 1148/1598/317 1146/1599/317 1145/1602/317
f 1152/1598/318 1147/1597/318 1145/1600/318 1150/1599/318
f 1151/1595/319 1152/1592/319 1150/1593/319 1149/1596/319
f 1150/1604/320 1145/1603/320 1146/1606/320 1149/1605/320
f 1151/685/321 1148/1607/321 1147/1608/321 1152/686/321
f 1156/1679/1 1159/1678/1 1157/1680/1 1154/739/1
f 1155/1688/2 1156/1685/2 1154/1686/2 1153/1689/2
f 1160/1685/3 1155/1684/3 1153/1687/3 1158/1686/3
f 1159/1682/4 1160/1681/4 1158/125/4 1157/1683/4
f 1158/1397/5 1153/1398/5 1154/923/5 1157/1690/5
f 1159/872/6 1156/871/6 1155/1691/6 1160/1394/6
f 1164/1610/322 1167/1609/322 1165/701/322 1162/700/322
f 1163/666/2 1164/936/2 1162/937/2 1161/1339/2
f 1168/1613/323 1163/188/323 1161/1615/323 1166/1614/323
f 1167/51/4 1168/1611/4 1166/1612/4 1165/54/4
f 1166/1617/324 1161/1616/324 1162/1535/324 1165/1534/324
f 1167/1535/325 1164/1574/325 1163/1618/325 1168/1616/325
f 1172/1634/326 1175/193/326 1173/1636/326 1170/1635/326
f 1171/1641/327 1172/1640/327 1170/1643/327 1169/1642/327
f 1176/1638/328 1171/1456/328 1169/187/328 1174/1639/328
f 1175/1345/329 1176/1637/329 1174/1629/329 1173/1630/329
f 1174/1081/330 1169/1082/330 1170/1644/330 1173/1632/330
f 1175/1645/331 1172/746/331 1171/1647/331 1176/1646/331
f 1180/435/1 1183/434/1 1181/1206/1 1178/1673/1
f 1179/445/2 1180/446/2 1178/1674/2 1177/1209/2
f 1184/446/3 1179/435/3 1177/1673/3 1182/1674/3
f 1183/1541/4 1184/1241/4 1182/623/4 1181/1515/4
f 1182/1323/5 1177/1322/5 1178/1675/5 1181/921/5
f 1183/1395/6 1180/1676/6 1179/1677/6 1184/1481/6
f 1188/595/1 1191/591/1 1189/869/1 1186/1665/1
f 1187/434/2 1188/599/2 1186/1668/2 1185/1206/2
f 1192/599/3 1187/595/3 1185/1665/3 1190/1668/3
f 1191/1515/4 1192/623/4 1190/1667/4 1189/1666/4
f 1190/636/5 1185/1669/5 1186/1671/5 1189/1670/5
f 1191/635/6 1188/1672/6 1187/1671/6 1192/1670/6
f 1196/1658/1 1199/1657/1 1197/805/1 1194/1659/1
f 1195/1577/2 1196/1198/2 1194/128/2 1193/1570/2
f 1200/1660/3 1195/1334/3 1193/1317/3 1198/1661/3
f 1199/517/4 1200/888/4 1198/880/4 1197/671/4
f 1198/1663/5 1193/1662/5 1194/313/5 1197/314/5
f 1199/313/6 1196/331/6 1195/1664/6 1200/1662/6
f 1204/1620/282 1207/1619/282 1205/1622/282 1202/1621/282
f 1203/1630/283 1204/1629/283 1202/1623/283 1201/1624/283
f 1208/1626/284 1203/1625/284 1201/1628/284 1206/1627/284
f 1207/1624/285 1208/1623/285 1206/1365/285 1205/1364/285
f 1206/1602/5 1201/1631/5 1202/1004/5 1205/1601/5
f 1207/1633/6 1204/1632/6 1203/1081/6 1208/1080/6
f 1212/647/306 1215/646/306 1213/649/306 1210/648/306
f 1211/659/307 1212/658/307 1210/650/307 1209/651/307
f 1216/655/308 1211/654/308 1209/657/308 1214/656/308
f 1215/651/309 1216/650/309 1214/653/309 1213/652/309
f 1214/661/310 1209/660/310 1210/328/310 1213/326/310
f 1215/328/311 1212/330/311 1211/662/311 1216/660/311
f 1220/572/5 1223/571/5 1221/574/5 1218/573/5
f 1219/580/85 1220/449/85 1218/448/85 1217/575/85
f 1224/577/6 1219/576/6 1217/579/6 1222/578/6
f 1223/575/86 1224/448/86 1222/396/86 1221/397/86
f 1222/582/87 1217/581/87 1218/584/87 1221/583/87
f 1223/584/88 1220/585/88 1219/586/88 1224/581/88
f 1228/921/332 1231/640/332 1229/641/332 1226/922/332
f 1227/927/333 1228/926/333 1226/928/333 1225/576/333
f 1232/571/334 1227/924/334 1225/210/334 1230/925/334
f 1231/924/335 1232/923/335 1230/209/335 1229/210/335
f 1230/930/310 1225/929/310 1226/913/310 1229/914/310
f 1231/931/311 1228/918/311 1227/919/311 1232/932/311
f 1236/905/336 1239/904/336 1237/907/336 1234/906/336
f 1235/694/302 1236/910/302 1234/911/302 1233/742/302
f 1240/910/337 1235/695/337 1233/912/337 1238/911/337
f 1239/908/303 1240/905/303 1238/906/303 1237/909/303
f 1238/914/338 1233/913/338 1234/916/338 1237/915/338
f 1239/918/339 1236/917/339 1235/920/339 1240/919/339
f 1244/876/5 1247/875/5 1245/878/5 1242/877/5
f 1243/888/302 1244/887/302 1242/879/302 1241/880/302
f 1248/884/6 1243/883/6 1241/886/6 1246/885/6
f 1247/880/303 1248/879/303 1246/882/303 1245/881/303
f 1246/889/304 1241/418/304 1242/891/304 1245/890/304
f 1247/891/305 1244/892/305 1243/419/305 1248/418/305
f 1252/933/5 1255/643/5 1253/642/5 1250/934/5
f 1251/881/302 1252/882/302 1250/935/302 1249/936/302
f 1256/939/6 1251/927/6 1249/645/6 1254/644/6
f 1255/936/303 1256/935/303 1254/938/303 1253/937/303
f 1254/586/304 1249/940/304 1250/941/304 1253/585/304
f 1255/942/305 1252/890/305 1251/889/305 1256/943/305
f 1260/860/336 1263/859/336 1261/862/336 1258/861/336
f 1259/869/302 1260/866/302 1258/867/302 1257/870/302
f 1264/866/337 1259/865/337 1257/868/337 1262/867/337
f 1263/863/303 1264/860/303 1262/861/303 1261/864/303
f 1262/872/338 1257/871/338 1258/874/338 1261/873/338
f 1263/579/339 1260/578/339 1259/874/339 1264/873/339
f 1268/631/332 1271/630/332 1269/633/332 1266/632/332
f 1267/640/333 1268/638/333 1266/639/333 1265/641/333
f 1272/638/334 1267/631/334 1265/632/334 1270/639/334
f 1271/635/335 1272/634/335 1270/637/335 1269/636/335
f 1270/573/310 1265/642/310 1266/643/310 1269/572/310
f 1271/645/311 1268/644/311 1267/577/311 1272/576/311
f 1276/556/5 1279/555/5 1277/557/5 1274/250/5
f 1275/564/85 1276/563/85 1274/558/85 1273/559/85
f 1280/562/6 1275/561/6 1273/555/6 1278/556/6
f 1279/559/86 1280/558/86 1278/560/86 1277/6/86
f 1278/566/87 1273/565/87 1274/568/87 1277/567/87
f 1279/568/88 1276/569/88 1275/570/88 1280/565/88
f 1284/203/5 1287/202/5 1285/205/5 1282/204/5
f 1283/214/340 1284/213/340 1282/216/340 1281/215/340
f 1288/210/6 1283/209/6 1281/212/6 1286/211/6
f 1287/207/341 1288/206/341 1286/208/341 1285/34/341
f 1286/218/342 1281/217/342 1282/220/342 1285/219/342
f 1287/222/343 1284/221/343 1283/224/343 1288/223/343
f 1292/615/312 1295/36/312 1293/734/312 1290/733/312
f 1291/739/302 1292/738/302 1290/740/302 1289/504/302
f 1296/737/313 1291/736/313 1289/46/313 1294/503/313
f 1295/118/303 1296/119/303 1294/507/303 1293/735/303
f 1294/742/314 1289/741/314 1290/744/314 1293/743/314
f 1295/746/315 1292/745/315 1291/748/315 1296/747/315
f 1300/847/336 1303/846/336 1301/848/336 1298/38/336
f 1299/749/302 1300/852/302 1298/853/302 1297/752/302
f 1304/16/337 1299/851/337 1297/35/337 1302/614/337
f 1303/850/303 1304/849/303 1302/145/303 1301/609/303
f 1302/855/338 1297/854/338 1298/857/338 1301/856/338
f 1303/857/339 1300/858/339 1299/789/339 1304/854/339
f 1308/617/332 1311/616/332 1309/619/332 1306/618/332
f 1307/625/333 1308/624/333 1306/622/333 1305/623/333
f 1312/623/334 1307/622/334 1305/620/334 1310/621/334
f 1311/621/335 1312/620/335 1310/616/335 1309/617/335
f 1310/307/310 1305/555/310 1306/627/310 1309/626/310
f 1311/629/311 1308/628/311 1307/627/311 1312/626/311
f 1316/601/31 1319/600/31 1317/603/31 1314/602/31
f 1315/491/344 1316/608/344 1314/172/344 1313/488/344
f 1320/606/32 1315/601/32 1313/602/32 1318/607/32
f 1319/469/345 1320/604/345 1318/605/345 1317/464/345
f 1318/609/346 1313/144/346 1314/611/346 1317/610/346
f 1319/613/347 1316/612/347 1315/615/347 1320/614/347
f 1324/1058/5 1327/1057/5 1325/1060/5 1322/1059/5
f 1323/1065/302 1324/784/302 1322/1061/302 1321/1062/302
f 1328/724/6 1323/719/6 1321/1064/6 1326/762/6
f 1327/1062/303 1328/1061/303 1326/785/303 1325/1063/303
f 1326/833/304 1321/42/304 1322/1067/304 1325/1066/304
f 1327/220/305 1324/1068/305 1323/43/305 1328/1069/305
f 1332/832/348 1335/831/348 1333/366/348 1330/833/348
f 1331/840/302 1332/838/302 1330/839/302 1329/841/302
f 1336/838/349 1331/835/349 1329/836/349 1334/839/349
f 1335/835/303 1336/834/303 1334/837/303 1333/836/303
f 1334/629/350 1329/628/350 1330/843/350 1333/842/350
f 1335/845/351 1332/844/351 1331/843/351 1336/842/351
f 1340/945/336 1343/944/336 1341/947/336 1338/946/336
f 1339/754/302 1340/948/302 1338/949/302 1337/40/302
f 1344/311/337 1339/312/337 1337/18/337 1342/17/337
f 1343/948/303 1344/853/303 1342/950/303 1341/949/303
f 1342/951/338 1337/725/338 1338/684/338 1341/952/338
f 1343/813/339 1340/812/339 1339/697/339 1344/953/339
f 1348/945/336 1351/944/336 1349/947/336 1346/946/336
f 1347/1692/302 1348/1678/302 1346/1693/302 1345/1694/302
f 1352/311/337 1347/312/337 1345/18/337 1350/17/337
f 1351/948/303 1352/853/303 1350/950/303 1349/949/303
f 1350/951/338 1345/725/338 1346/684/338 1349/952/338
f 1351/813/339 1348/812/339 1347/697/339 1352/953/339
f 1356/683/306 1359/682/306 1357/601/306 1354/606/306
f 1355/693/307 1356/692/307 1354/695/307 1353/694/307
f 1360/689/308 1355/688/308 1353/691/308 1358/690/308
f 1359/685/309 1360/684/309 1358/687/309 1357/686/309
f 1358/697/310 1353/696/310 1354/699/310 1357/698/310
f 1359/701/311 1356/700/311 1355/702/311 1360/694/311
f 1364/718/73 1367/717/73 1365/341/73 1362/719/73
f 1363/726/352 1364/725/352 1362/720/352 1361/721/352
f 1368/723/74 1363/718/74 1361/719/74 1366/724/74
f 1367/721/353 1368/720/353 1366/722/353 1365/10/353
f 1366/728/354 1361/727/354 1362/730/354 1365/729/354
f 1367/687/355 1364/731/355 1363/732/355 1368/725/355
f 1372/821/356 1375/820/356 1373/823/356 1370/822/356
f 1371/826/357 1372/821/357 1370/822/357 1369/728/357
f 1376/10/358 1371/722/358 1369/824/358 1374/2/358
f 1375/2/359 1376/824/359 1374/825/359 1373/3/359
f 1374/828/360 1369/827/360 1370/830/360 1373/829/360
f 1375/830/361 1372/520/361 1371/780/361 1376/827/361
f 1380/768/362 1383/767/362 1381/770/362 1378/769/362
f 1379/778/363 1380/777/363 1378/767/363 1377/768/363
f 1384/775/364 1379/772/364 1377/773/364 1382/776/364
f 1383/772/365 1384/771/365 1382/774/365 1381/773/365
f 1382/780/366 1377/779/366 1378/362/366 1381/520/366
f 1383/362/367 1380/781/367 1379/782/367 1384/779/367
f 1388/1695/5 1391/1696/5 1389/1697/5 1386/1698/5
f 1387/1699/85 1388/1700/85 1386/1510/85 1385/1183/85
f 1392/1486/6 1387/1701/6 1385/1696/6 1390/1695/6
f 1391/1700/86 1392/1702/86 1390/1187/86 1389/1510/86
f 1390/1701/87 1385/1486/87 1386/1485/87 1389/1703/87
f 1391/1704/88 1388/1702/88 1387/1187/88 1392/1188/88
f 1396/1488/5 1399/1705/5 1397/1703/5 1394/1485/5
f 1395/1704/302 1396/1706/302 1394/1707/302 1393/1188/302
f 1400/1491/6 1395/1708/6 1393/1705/6 1398/1488/6
f 1399/1706/303 1400/1709/303 1398/1205/303 1397/1707/303
f 1398/1708/304 1393/1491/304 1394/649/304 1397/648/304
f 1399/654/305 1396/1709/305 1395/1205/305 1400/657/305
f 1404/426/73 1407/1710/73 1405/1711/73 1402/427/73
f 1403/1710/7 1404/1712/7 1402/365/7 1401/1711/7
f 1408/1594/74 1403/1593/74 1401/1713/74 1406/370/74
f 1407/1593/8 1408/1596/8 1406/960/8 1405/1713/8
f 1406/431/75 1401/430/75 1402/441/75 1405/440/75
f 1407/443/76 1404/432/76 1403/435/76 1408/446/76
f 1412/1714/197 1415/1227/197 1413/1229/197 1410/1715/197
f 1411/1542/198 1412/1716/198 1410/484/198 1409/483/198
f 1416/1717/199 1411/1230/199 1409/1227/199 1414/1714/199
f 1415/489/200 1416/1718/200 1414/1238/200 1413/490/200
f 1414/1719/201 1409/402/201 1410/401/201 1413/1720/201
f 1415/1721/202 1412/409/202 1411/401/202 1416/1720/202
f 1420/415/209 1423/1722/209 1421/1721/209 1418/409/209
f 1419/1546/210 1420/1723/210 1418/1716/210 1417/1542/210
f 1424/416/211 1419/1724/211 1417/1722/211 1422/415/211
f 1423/1718/212 1424/1725/212 1422/1240/212 1421/1238/212
f 1422/1724/213 1417/416/213 1418/496/213 1421/1336/213
f 1423/1335/214 1420/500/214 1419/496/214 1424/1336/214
f 1428/1726/203 1431/1695/203 1429/1698/203 1426/1727/203
f 1427/1728/204 1428/1529/204 1426/1373/204 1425/1372/204
f 1432/1729/205 1427/1486/205 1425/1695/205 1430/1726/205
f 1431/1167/206 1432/576/206 1430/579/206 1429/1730/206
f 1430/174/207 1425/796/207 1426/1277/207 1429/1731/207
f 1431/1732/208 1428/7/208 1427/808/208 1432/1733/208
f 1436/1521/5 1439/1520/5 1437/1734/5 1434/1735/5
f 1435/49/368 1436/56/368 1434/1736/368 1433/1737/368
f 1440/991/6 1435/261/6 1433/1738/6 1438/1739/6
f 1439/310/369 1440/321/369 1438/1740/369 1437/1741/369
f 1438/1723/370 1433/1546/370 1434/1015/370 1437/1742/370
f 1439/1743/371 1436/1725/371 1435/1240/371 1440/1018/371
f 1444/493/197 1447/1744/197 1445/1745/197 1442/492/197
f 1443/987/198 1444/1746/198 1442/1742/198 1441/1015/198
f 1448/1747/199 1443/1362/199 1441/1388/199 1446/1748/199
f 1447/1743/200 1448/1749/200 1446/990/200 1445/1018/200
f 1446/1362/201 1441/1747/201 1442/1750/201 1445/1359/201
f 1447/1454/202 1444/1751/202 1443/1750/202 1448/1359/202
f 1452/1752/209 1455/1453/209 1453/1454/209 1450/1751/209
f 1451/252/210 1452/1753/210 1450/1746/210 1449/987/210
f 1456/1754/211 1451/1464/211 1449/1453/211 1454/1752/211
f 1455/1749/212 1456/1755/212 1454/258/212 1453/990/212
f 1454/1464/213 1449/1754/213 1450/1756/213 1453/1025/213
f 1455/1539/214 1452/1757/214 1451/1758/214 1456/1314/214
f 1460/1355/5 1463/1450/5 1461/1449/5 1458/1356/5
f 1459/1483/7 1460/1511/7 1458/1759/7 1457/856/7
f 1464/1454/6 1459/1455/6 1457/1360/6 1462/1359/6
f 1463/1727/8 1464/1698/8 1462/915/8 1461/1370/8
f 1462/858/9 1457/1759/9 1458/1510/9 1461/1187/9
f 1463/1707/10 1460/1188/10 1459/859/10 1464/860/10
o w3
v 0.959596 0.779915 1.116121
v 0.959596 0.779915 1.679197
v 0.959596 0.216839 1.116121
v 0.959596 0.216839 1.679197
v 1.142930 0.779915 1.679197
v 1.142930 0.779915 1.116121
v 1.142930 0.216839 1.679197
v 1.142930 0.216839 1.116121
v 0.887931 0.444315 1.060479
v 0.887931 0.161987 1.342808
v 0.887931 0.299531 0.915695
v 0.887931 0.017202 1.198023
v 1.173644 0.161987 1.342808
v 1.173644 0.444315 1.060479
v 1.173644 0.017202 1.198023
v 1.173644 0.299531 0.915695
v 0.893050 0.698802 0.915695
v 0.893050 0.698802 1.120450
v 0.893050 0.299531 0.915695
v 0.893050 0.299531 1.120450
v 1.178763 0.698802 1.120450
v 1.178763 0.698802 0.915695
v 1.178763 0.299531 1.120450
v 1.178763 0.299531 0.915695
v 0.887931 0.981131 1.198023
v 0.887931 0.836348 1.342806
v 0.887931 0.698802 0.915694
v 0.887931 0.554019 1.060477
v 1.173644 0.836348 1.342806
v 1.173644 0.981131 1.198023
v 1.173644 0.554019 1.060477
v 1.173644 0.698802 0.915694
v 0.893050 0.981131 1.198023
v 0.893050 0.981131 1.597296
v 0.893050 0.776376 1.198023
v 0.893050 0.776376 1.597296
v 1.178763 0.981131 1.597296
v 1.178763 0.981131 1.198023
v 1.178763 0.776376 1.597296
v 1.178763 0.776376 1.198023
v 0.887931 0.981131 1.597295
v 0.887932 0.698803 1.879624
v 0.887931 0.836348 1.452511
v 0.887931 0.554019 1.734840
v 1.173644 0.698803 1.879623
v 1.173644 0.981131 1.597295
v 1.173644 0.554019 1.734840
v 1.173644 0.836348 1.452511
v 0.893050 0.698802 1.674869
v 0.893050 0.698802 1.879624
v 0.893050 0.299530 1.674869
v 0.893050 0.299530 1.879624
v 1.178763 0.698802 1.879624
v 1.178763 0.698802 1.674869
v 1.178763 0.299530 1.879624
v 1.178763 0.299530 1.674869
v 0.893050 0.221957 1.198023
v 0.893050 0.221957 1.597296
v 0.893050 0.017202 1.198023
v 0.893050 0.017202 1.597296
v 1.178763 0.221957 1.597296
v 1.178763 0.221957 1.198023
v 1.178763 0.017202 1.597296
v 1.178763 0.017202 1.198023
v 0.887931 0.444315 1.734840
v 0.887932 0.299531 1.879623
v 0.887931 0.161986 1.452512
v 0.887931 0.017203 1.597295
v 1.173644 0.299531 1.879623
v 1.173644 0.444315 1.734840
v 1.173644 0.017203 1.597295
v 1.173644 0.161986 1.452512
vn -0.0000 -0.0000 1.0000
vn -1.0000 -0.0000 -0.0000
vn -0.0000 -0.0000 -1.0000
vn 1.0000 -0.0000 -0.0000
vn -0.0000 1.0000 -0.0000
vn -0.0000 -1.0000 -0.0000
vn -0.0000 -0.7071 0.7071
vn -0.0000 0.7071 -0.7071
vn -0.0000 0.7071 0.7071
vn -0.0000 -0.7071 -0.7071
vt 0.500000 0.187500
vt 0.515625 0.187500
vt 0.515625 0.234375
vt 0.500000 0.234375
vt 0.093750 0.382812
vt 0.140625 0.382812
vt 0.140625 0.429688
vt 0.093750 0.429688
vt 0.617188 0.187500
vt 0.632812 0.187500
vt 0.632812 0.234375
vt 0.617188 0.234375
vt 0.585938 0.406250
vt 0.632812 0.406250
vt 0.632812 0.453125
vt 0.585938 0.453125
vt 0.781250 0.218750
vt 0.765625 0.218750
vt 0.765625 0.171875
vt 0.781250 0.171875
vt 0.796875 0.171875
vt 0.796875 0.218750
vt 0.898438 0.726562
vt 0.921875 0.726562
vt 0.921875 0.742188
vt 0.898438 0.742188
vt 0.843750 0.265625
vt 0.875000 0.265625
vt 0.875000 0.281250
vt 0.843750 0.281250
vt 0.898438 0.656250
vt 0.921875 0.656250
vt 0.921875 0.671875
vt 0.898438 0.671875
vt 0.851562 0.984375
vt 0.882812 0.984375
vt 0.882812 1.000000
vt 0.851562 1.000000
vt 0.218750 0.234375
vt 0.195312 0.234375
vt 0.195312 0.203125
vt 0.218750 0.203125
vt 0.242188 0.203125
vt 0.242188 0.234375
vt 0.765625 0.671875
vt 0.789062 0.671875
vt 0.789062 0.703125
vt 0.765625 0.703125
vt 0.851562 0.609375
vt 0.867188 0.609375
vt 0.867188 0.640625
vt 0.851562 0.640625
vt 0.523438 0.203125
vt 0.546875 0.203125
vt 0.546875 0.234375
vt 0.523438 0.234375
vt 0.382812 0.117188
vt 0.398438 0.117188
vt 0.398438 0.148438
vt 0.382812 0.148438
vt 0.898438 0.640625
vt 0.921875 0.640625
vt 0.921875 0.625000
vt 0.898438 0.625000
vt 0.570312 0.203125
vt 0.570312 0.234375
vt 0.414062 0.117188
vt 0.414062 0.148438
vt 0.593750 0.203125
vt 0.593750 0.234375
vt 0.851562 0.546875
vt 0.867188 0.546875
vt 0.867188 0.578125
vt 0.851562 0.578125
vt 0.898438 0.609375
vt 0.921875 0.609375
vt 0.406250 0.085938
vt 0.382812 0.085938
vt 0.382812 0.101562
vt 0.406250 0.101562
vt 0.898438 0.476562
vt 0.921875 0.476562
vt 0.921875 0.492188
vt 0.898438 0.492188
vt 0.851562 0.476562
vt 0.882812 0.476562
vt 0.882812 0.492188
vt 0.851562 0.492188
vt 0.898438 0.460938
vt 0.921875 0.460938
vt 0.851562 0.460938
vt 0.882812 0.460938
vt 0.617188 0.203125
vt 0.789062 0.218750
vt 0.765625 0.250000
vt 0.789062 0.250000
vt 0.531250 0.085938
vt 0.554688 0.085938
vt 0.554688 0.101562
vt 0.531250 0.101562
vt 0.531250 0.132812
vt 0.562500 0.132812
vt 0.562500 0.148438
vt 0.531250 0.148438
vt 0.898438 0.414062
vt 0.921875 0.414062
vt 0.921875 0.429688
vt 0.898438 0.429688
vt 0.593750 0.132812
vt 0.593750 0.148438
vt 0.796875 0.976562
vt 0.773438 0.976562
vt 0.773438 0.945312
vt 0.796875 0.945312
vt 0.796875 0.914062
vt 0.773438 0.914062
vt 0.773438 0.843750
vt 0.796875 0.843750
vt 0.796875 0.875000
vt 0.773438 0.875000
vt 0.632812 0.117188
vt 0.648438 0.117188
vt 0.648438 0.148438
vt 0.632812 0.148438
vt 0.773438 0.492188
vt 0.796875 0.492188
vt 0.796875 0.523438
vt 0.773438 0.523438
vt 0.664062 0.117188
vt 0.664062 0.148438
vt 0.851562 0.101562
vt 0.828125 0.101562
vt 0.828125 0.085938
vt 0.851562 0.085938
vt 0.875000 0.085938
vt 0.875000 0.101562
vt 0.164062 0.078125
vt 0.187500 0.078125
vt 0.187500 0.093750
vt 0.164062 0.093750
vt 0.171875 0.125000
vt 0.203125 0.125000
vt 0.203125 0.140625
vt 0.171875 0.140625
vt 0.210938 0.078125
vt 0.210938 0.093750
vt 0.234375 0.125000
vt 0.234375 0.140625
vt 0.796875 0.453125
vt 0.773438 0.453125
vt 0.773438 0.421875
vt 0.796875 0.421875
vt 0.437500 0.187500
vt 0.414062 0.187500
vt 0.414062 0.218750
vt 0.437500 0.218750
vt 0.460938 0.187500
vt 0.484375 0.187500
vt 0.484375 0.218750
vt 0.460938 0.218750
vt 0.062500 0.109375
vt 0.078125 0.109375
vt 0.078125 0.140625
vt 0.062500 0.140625
vt 0.710938 0.187500
vt 0.734375 0.187500
vt 0.734375 0.218750
vt 0.710938 0.218750
vt 0.257812 0.109375
vt 0.273438 0.109375
vt 0.273438 0.140625
vt 0.257812 0.140625
vt 0.234375 0.093750
vt 0.234375 0.078125
vt 0.257812 0.078125
vt 0.257812 0.093750
s 0
usemtl m_c4c24549-93a6-098c-7753-f6f41f0564a2
f 1468/1760/372 1471/1761/372 1469/1762/372 1466/1763/372
f 1467/1764/373 1468/1765/373 1466/1766/373 1465/1767/373
f 1472/1768/374 1467/1769/374 1465/1770/374 1470/1771/374
f 1471/1772/375 1472/1773/375 1470/1774/375 1469/1775/375
f 1470/1776/376 1465/1777/376 1466/1778/376 1469/1779/376
f 1471/1780/377 1468/1779/377 1467/1776/377 1472/1781/377
f 1476/1782/378 1479/1783/378 1477/1784/378 1474/1785/378
f 1475/1786/373 1476/1787/373 1474/1788/373 1473/1789/373
f 1480/1790/379 1475/1791/379 1473/1792/379 1478/1793/379
f 1479/1794/375 1480/1795/375 1478/1796/375 1477/1797/375
f 1478/1798/380 1473/1799/380 1474/1800/380 1477/1801/380
f 1479/1802/381 1476/1801/381 1475/1798/381 1480/1803/381
f 1484/1804/372 1487/1805/372 1485/1806/372 1482/1807/372
f 1483/1808/373 1484/1809/373 1482/1810/373 1481/1811/373
f 1488/1812/374 1483/1813/374 1481/1814/374 1486/1815/374
f 1487/1816/375 1488/1817/375 1486/1818/375 1485/1819/375
f 1486/1791/376 1481/1790/376 1482/1820/376 1485/1821/376
f 1487/1822/377 1484/1823/377 1483/1820/377 1488/1821/377
f 1492/1813/378 1495/1824/378 1493/1825/378 1490/1814/378
f 1491/1817/373 1492/1826/373 1490/1827/373 1489/1818/373
f 1496/1824/379 1491/1828/379 1489/1829/379 1494/1825/379
f 1495/1830/375 1496/1831/375 1494/1832/375 1493/1833/375
f 1494/1822/380 1489/1823/380 1490/1834/380 1493/1835/380
f 1495/1836/381 1492/1837/381 1491/1838/381 1496/1839/381
f 1500/1840/372 1503/1841/372 1501/1842/372 1498/1843/372
f 1499/1844/373 1500/1845/373 1498/1846/373 1497/1847/373
f 1504/1848/374 1499/1849/374 1497/1841/374 1502/1840/374
f 1503/1850/375 1504/1851/375 1502/1845/375 1501/1844/375
f 1502/1771/376 1497/1829/376 1498/1828/376 1501/1852/376
f 1503/1853/377 1500/1777/377 1499/1854/377 1504/1855/377
f 1508/1856/378 1511/1857/378 1509/1858/378 1506/1859/378
f 1507/1860/373 1508/1861/373 1506/1862/373 1505/1863/373
f 1512/1864/379 1507/1865/379 1505/1866/379 1510/1867/379
f 1511/1861/375 1512/1868/375 1510/1869/375 1509/1862/375
f 1510/1870/380 1505/1871/380 1506/1872/380 1509/1873/380
f 1511/1874/381 1508/1875/381 1507/1872/381 1512/1873/381
f 1516/1876/372 1519/1877/372 1517/1878/372 1514/1879/372
f 1515/1880/373 1516/1881/373 1514/1882/373 1513/1883/373
f 1520/1884/374 1515/1885/374 1513/1886/374 1518/1887/374
f 1519/1881/375 1520/1888/375 1518/1889/375 1517/1882/375
f 1518/1890/376 1513/1891/376 1514/1892/376 1517/1893/376
f 1519/1894/377 1516/1893/377 1515/1890/377 1520/1895/377
f 1524/1896/372 1527/1897/372 1525/1898/372 1522/1899/372
f 1523/1900/373 1524/1901/373 1522/1902/373 1521/1903/373
f 1528/1897/374 1523/1904/374 1521/1905/374 1526/1898/374
f 1527/1901/375 1528/1906/375 1526/1907/375 1525/1902/375
f 1526/1908/376 1521/1909/376 1522/1910/376 1525/1911/376
f 1527/1912/377 1524/1913/377 1523/1914/377 1528/1915/377
f 1532/1916/378 1535/1917/378 1533/1918/378 1530/1919/378
f 1531/1920/373 1532/1921/373 1530/1922/373 1529/1923/373
f 1536/1924/379 1531/1925/379 1529/1926/379 1534/1927/379
f 1535/1928/375 1536/1929/375 1534/1930/375 1533/1931/375
f 1534/1932/380 1529/1905/380 1530/1904/380 1533/1933/380
f 1535/1934/381 1532/1933/381 1531/1932/381 1536/1935/381
o w2
v -1.111681 0.779915 -1.480754
v -1.111681 0.779915 -0.917677
v -1.111681 0.216839 -1.480754
v -1.111681 0.216839 -0.917677
v -0.928346 0.779915 -0.917677
v -0.928346 0.779915 -1.480754
v -0.928346 0.216839 -0.917677
v -0.928346 0.216839 -1.480754
v -1.147513 0.221958 -1.398852
v -1.147513 0.221958 -0.999579
v -1.147513 0.017202 -1.398852
v -1.147513 0.017202 -0.999579
v -0.861800 0.221958 -0.999579
v -0.861800 0.221958 -1.398852
v -0.861800 0.017202 -0.999579
v -0.861800 0.017202 -1.398852
v -1.142394 0.444315 -0.862034
v -1.142394 0.299532 -0.717251
v -1.142394 0.161987 -1.144363
v -1.142394 0.017204 -0.999579
v -0.856681 0.299532 -0.717251
v -0.856681 0.444315 -0.862034
v -0.856681 0.017204 -0.999580
v -0.856681 0.161987 -1.144363
v -1.147513 0.698802 -0.922006
v -1.147513 0.698802 -0.717251
v -1.147513 0.299531 -0.922006
v -1.147513 0.299531 -0.717251
v -0.861800 0.698802 -0.717251
v -0.861800 0.698802 -0.922006
v -0.861800 0.299531 -0.717251
v -0.861800 0.299531 -0.922006
v -1.142394 0.981132 -0.999580
v -1.142394 0.698803 -0.717251
v -1.142394 0.836348 -1.144363
v -1.142394 0.554020 -0.862035
v -0.856681 0.698803 -0.717251
v -0.856681 0.981132 -0.999580
v -0.856681 0.554020 -0.862035
v -0.856681 0.836348 -1.144363
v -1.147513 0.981131 -1.398852
v -1.147513 0.981131 -0.999579
v -1.147513 0.776376 -1.398852
v -1.147513 0.776376 -0.999579
v -0.861800 0.981131 -0.999579
v -0.861800 0.981131 -1.398852
v -0.861800 0.776376 -0.999579
v -0.861800 0.776376 -1.398852
v -1.142394 0.981131 -1.398852
v -1.142394 0.836348 -1.254068
v -1.142394 0.698802 -1.681180
v -1.142394 0.554019 -1.536397
v -0.856681 0.836348 -1.254068
v -0.856681 0.981131 -1.398852
v -0.856681 0.554019 -1.536397
v -0.856681 0.698802 -1.681180
v -1.147513 0.698803 -1.681180
v -1.147513 0.698803 -1.476424
v -1.147513 0.299531 -1.681180
v -1.147513 0.299531 -1.476424
v -0.861800 0.698803 -1.476424
v -0.861800 0.698803 -1.681180
v -0.861800 0.299531 -1.476424
v -0.861800 0.299531 -1.681180
v -1.142394 0.444315 -1.536395
v -1.142394 0.161986 -1.254067
v -1.142394 0.299531 -1.681180
v -1.142394 0.017202 -1.398851
v -0.856681 0.161986 -1.254067
v -0.856681 0.444315 -1.536395
v -0.856681 0.017202 -1.398851
v -0.856681 0.299531 -1.681180
vn -0.0000 -0.0000 1.0000
vn -1.0000 -0.0000 -0.0000
vn -0.0000 -0.0000 -1.0000
vn 1.0000 -0.0000 -0.0000
vn -0.0000 1.0000 -0.0000
vn -0.0000 -1.0000 -0.0000
vn -0.0000 -0.7071 0.7071
vn -0.0000 0.7071 -0.7071
vn -0.0000 0.7071 0.7071
vn -0.0000 -0.7071 -0.7071
vt 0.171875 0.140625
vt 0.187500 0.140625
vt 0.187500 0.187500
vt 0.171875 0.187500
vt 0.593750 0.359375
vt 0.640625 0.359375
vt 0.640625 0.406250
vt 0.593750 0.406250
vt 0.437500 0.140625
vt 0.453125 0.140625
vt 0.453125 0.187500
vt 0.437500 0.187500
vt 0.195312 0.351562
vt 0.242188 0.351562
vt 0.242188 0.398438
vt 0.195312 0.398438
vt 0.632812 0.187500
vt 0.617188 0.187500
vt 0.617188 0.140625
vt 0.632812 0.140625
vt 0.375000 0.132812
vt 0.359375 0.132812
vt 0.359375 0.179688
vt 0.375000 0.179688
vt 0.914062 0.562500
vt 0.937500 0.562500
vt 0.937500 0.578125
vt 0.914062 0.578125
vt 0.304688 0.093750
vt 0.335938 0.093750
vt 0.335938 0.109375
vt 0.304688 0.109375
vt 0.914062 0.546875
vt 0.937500 0.546875
vt 0.890625 0.312500
vt 0.921875 0.312500
vt 0.921875 0.328125
vt 0.890625 0.328125
vt 0.351562 0.171875
vt 0.328125 0.171875
vt 0.328125 0.140625
vt 0.351562 0.140625
vt 0.851562 0.640625
vt 0.828125 0.640625
vt 0.828125 0.671875
vt 0.851562 0.671875
vt 0.820312 0.757812
vt 0.843750 0.757812
vt 0.843750 0.789062
vt 0.820312 0.789062
vt 0.882812 0.726562
vt 0.898438 0.726562
vt 0.898438 0.757812
vt 0.882812 0.757812
vt 0.390625 0.148438
vt 0.414062 0.148438
vt 0.414062 0.179688
vt 0.390625 0.179688
vt 0.273438 0.085938
vt 0.289062 0.085938
vt 0.289062 0.117188
vt 0.273438 0.117188
vt 0.148438 0.085938
vt 0.125000 0.085938
vt 0.125000 0.070312
vt 0.148438 0.070312
vt 0.937500 0.859375
vt 0.914062 0.859375
vt 0.914062 0.875000
vt 0.937500 0.875000
vt 0.820312 0.492188
vt 0.843750 0.492188
vt 0.843750 0.523438
vt 0.820312 0.523438
vt 0.882812 0.640625
vt 0.898438 0.640625
vt 0.898438 0.671875
vt 0.882812 0.671875
vt 0.632812 0.148438
vt 0.656250 0.148438
vt 0.656250 0.179688
vt 0.632812 0.179688
vt 0.882812 0.609375
vt 0.898438 0.609375
vt 0.914062 0.843750
vt 0.937500 0.843750
vt 0.937500 0.773438
vt 0.914062 0.773438
vt 0.914062 0.789062
vt 0.937500 0.789062
vt 0.914062 0.757812
vt 0.937500 0.757812
vt 0.882812 0.984375
vt 0.914062 0.984375
vt 0.914062 1.000000
vt 0.882812 1.000000
vt 0.273438 0.070312
vt 0.296875 0.070312
vt 0.296875 0.085938
vt 0.382812 0.101562
vt 0.414062 0.101562
vt 0.414062 0.117188
vt 0.382812 0.117188
vt 0.843750 0.359375
vt 0.820312 0.359375
vt 0.820312 0.328125
vt 0.843750 0.328125
vt 0.843750 0.296875
vt 0.820312 0.296875
vt 0.914062 0.710938
vt 0.937500 0.710938
vt 0.937500 0.726562
vt 0.914062 0.726562
vt 0.882812 0.562500
vt 0.882812 0.578125
vt 0.914062 0.695312
vt 0.937500 0.695312
vt 0.882812 0.546875
vt 0.820312 0.265625
vt 0.843750 0.265625
vt 0.843750 0.187500
vt 0.820312 0.187500
vt 0.820312 0.218750
vt 0.843750 0.218750
vt 0.820312 0.156250
vt 0.843750 0.156250
vt 0.882812 0.460938
vt 0.898438 0.460938
vt 0.898438 0.492188
vt 0.882812 0.492188
vt 0.210938 0.140625
vt 0.210938 0.171875
vt 0.187500 0.171875
vt 0.562500 0.085938
vt 0.578125 0.085938
vt 0.578125 0.117188
vt 0.562500 0.117188
vt 0.914062 0.679688
vt 0.937500 0.679688
vt 0.375000 0.070312
vt 0.351562 0.070312
vt 0.351562 0.085938
vt 0.375000 0.085938
vt 0.234375 0.140625
vt 0.234375 0.171875
vt 0.593750 0.085938
vt 0.593750 0.117188
vt 0.828125 0.726562
vt 0.851562 0.726562
vt 0.851562 0.757812
vt 0.828125 0.757812
vt 0.632812 0.085938
vt 0.648438 0.085938
vt 0.648438 0.117188
vt 0.632812 0.117188
vt 0.398438 0.085938
vt 0.398438 0.070312
vt 0.937500 0.593750
vt 0.914062 0.593750
vt 0.914062 0.609375
vt 0.937500 0.609375
vt 0.421875 0.070312
vt 0.421875 0.085938
vt 0.171875 0.093750
vt 0.203125 0.093750
vt 0.203125 0.109375
vt 0.171875 0.109375
vt 0.234375 0.093750
vt 0.234375 0.109375
vt 0.281250 0.171875
vt 0.257812 0.171875
vt 0.257812 0.140625
vt 0.281250 0.140625
vt 0.304688 0.140625
vt 0.304688 0.171875
s 0
usemtl m_c4c24549-93a6-098c-7753-f6f41f0564a2
f 1540/1936/382 1543/1937/382 1541/1938/382 1538/1939/382
f 1539/1940/383 1540/1941/383 1538/1942/383 1537/1943/383
f 1544/1944/384 1539/1945/384 1537/1946/384 1542/1947/384
f 1543/1948/385 1544/1949/385 1542/1950/385 1541/1951/385
f 1542/1952/386 1537/1953/386 1538/1954/386 1541/1955/386
f 1543/1956/387 1540/1957/387 1539/1958/387 1544/1959/387
f 1548/1960/382 1551/1961/382 1549/1962/382 1546/1963/382
f 1547/1964/383 1548/1965/383 1546/1966/383 1545/1967/383
f 1552/1968/384 1547/1969/384 1545/1961/384 1550/1960/384
f 1551/1970/385 1552/1971/385 1550/1972/385 1549/1973/385
f 1550/1974/386 1545/1975/386 1546/1976/386 1549/1977/386
f 1551/1978/387 1548/1979/387 1547/1980/387 1552/1981/387
f 1556/1982/388 1559/1983/388 1557/1984/388 1554/1985/388
f 1555/1986/383 1556/1987/383 1554/1988/383 1553/1989/383
f 1560/1990/389 1555/1991/389 1553/1992/389 1558/1993/389
f 1559/1994/385 1560/1995/385 1558/1996/385 1557/1997/385
f 1558/1998/390 1553/1999/390 1554/2000/390 1557/2001/390
f 1559/2002/391 1556/2003/391 1555/2004/391 1560/2005/391
f 1564/2006/382 1567/2007/382 1565/2008/382 1562/2009/382
f 1563/2010/383 1564/2011/383 1562/2012/383 1561/2013/383
f 1568/2014/384 1563/2015/384 1561/2016/384 1566/2017/384
f 1567/2018/385 1568/2019/385 1566/2011/385 1565/2010/385
f 1566/2002/386 1561/2003/386 1562/2020/386 1565/2021/386
f 1567/2022/387 1564/2023/387 1563/2024/387 1568/2025/387
f 1572/2026/388 1575/2027/388 1573/2022/388 1570/2023/388
f 1571/2028/383 1572/2029/383 1570/2030/383 1569/2031/383
f 1576/2032/389 1571/2033/389 1569/2034/389 1574/1994/389
f 1575/2035/385 1576/2036/385 1574/2037/385 1573/2038/385
f 1574/2039/390 1569/2040/390 1570/2041/390 1573/2042/390
f 1575/2043/391 1572/2044/391 1571/2041/391 1576/2042/391
f 1580/2045/382 1583/2046/382 1581/2047/382 1578/2048/382
f 1579/2049/383 1580/1960/383 1578/1963/383 1577/2050/383
f 1584/2051/384 1579/2052/384 1577/2046/384 1582/2045/384
f 1583/2053/385 1584/1968/385 1582/1960/385 1581/2049/385
f 1582/2043/386 1577/2044/386 1578/2054/386 1581/2055/386
f 1583/2056/387 1580/2057/387 1579/2058/387 1584/2059/387
f 1588/2060/388 1591/2061/388 1589/2056/388 1586/2057/388
f 1587/2062/383 1588/2063/383 1586/2064/383 1585/2065/383
f 1592/1937/389 1587/2066/389 1585/2067/389 1590/2068/389
f 1591/2069/385 1592/2070/385 1590/2071/385 1589/2072/385
f 1590/2052/390 1585/2051/390 1586/2073/390 1589/2074/390
f 1591/2075/391 1588/2076/391 1587/2077/391 1592/2078/391
f 1596/2066/382 1599/2079/382 1597/2080/382 1594/2067/382
f 1595/2070/383 1596/2081/383 1594/2082/383 1593/2071/383
f 1600/2083/384 1595/2084/384 1593/2085/384 1598/2086/384
f 1599/2087/385 1600/2088/385 1598/2089/385 1597/2090/385
f 1598/2091/386 1593/2078/386 1594/2075/386 1597/2092/386
f 1599/2093/387 1596/2094/387 1595/2095/387 1600/2096/387
f 1604/2092/388 1607/2097/388 1605/2098/388 1602/2091/388
f 1603/2099/383 1604/2100/383 1602/2101/383 1601/2102/383
f 1608/1963/389 1603/1962/389 1601/2093/389 1606/2094/389
f 1607/2100/385 1608/2103/385 1606/2104/385 1605/2101/385
f 1606/2105/390 1601/2106/390 1602/2107/390 1605/2108/390
f 1607/1976/391 1604/2109/391 1603/2110/391 1608/1975/391
o w1
v -1.111681 0.779915 1.116121
v -1.111680 0.779915 1.679198
v -1.111681 0.216839 1.116121
v -1.111680 0.216839 1.679198
v -0.928345 0.779915 1.679198
v -0.928345 0.779915 1.116121
v -0.928345 0.216839 1.679198
v -0.928345 0.216839 1.116121
v -1.147512 0.698802 0.915695
v -1.147512 0.698802 1.120451
v -1.147512 0.299531 0.915695
v -1.147512 0.299531 1.120451
v -0.861800 0.698802 1.120451
v -0.861800 0.698802 0.915695
v -0.861800 0.299531 1.120451
v -0.861800 0.299531 0.915695
v -1.142393 0.981131 1.198023
v -1.142393 0.836348 1.342806
v -1.142394 0.698802 0.915695
v -1.142394 0.554019 1.060478
v -0.856681 0.836348 1.342806
v -0.856681 0.981131 1.198023
v -0.856681 0.554019 1.060478
v -0.856681 0.698802 0.915694
v -1.147512 0.981131 1.198023
v -1.147512 0.981131 1.597296
v -1.147512 0.776376 1.198023
v -1.147512 0.776376 1.597296
v -0.861800 0.981131 1.597296
v -0.861800 0.981131 1.198023
v -0.861800 0.776376 1.597296
v -0.861800 0.776376 1.198023
v -1.142393 0.981131 1.597295
v -1.142393 0.698803 1.879624
v -1.142393 0.836348 1.452511
v -1.142393 0.554019 1.734840
v -0.856681 0.698803 1.879624
v -0.856681 0.981131 1.597295
v -0.856681 0.554019 1.734840
v -0.856681 0.836348 1.452511
v -1.147512 0.698802 1.674870
v -1.147512 0.698802 1.879624
v -1.147512 0.299530 1.674870
v -1.147512 0.299530 1.879624
v -0.861800 0.698802 1.879624
v -0.861800 0.698802 1.674870
v -0.861800 0.299530 1.879624
v -0.861800 0.299530 1.674869
v -1.142393 0.444315 1.734841
v -1.142393 0.299531 1.879624
v -1.142393 0.161986 1.452512
v -1.142393 0.017203 1.597295
v -0.856681 0.299531 1.879624
v -0.856681 0.444315 1.734841
v -0.856681 0.017203 1.597295
v -0.856681 0.161986 1.452512
v -1.147512 0.221957 1.198023
v -1.147512 0.221957 1.597296
v -1.147512 0.017202 1.198023
v -1.147512 0.017202 1.597296
v -0.861800 0.221957 1.597296
v -0.861800 0.221957 1.198023
v -0.861800 0.017202 1.597296
v -0.861800 0.017202 1.198023
v -1.142394 0.444315 1.060480
v -1.142393 0.161987 1.342808
v -1.142394 0.299531 0.915695
v -1.142393 0.017202 1.198024
v -0.856681 0.161987 1.342808
v -0.856681 0.444315 1.060480
v -0.856681 0.017202 1.198024
v -0.856681 0.299531 0.915695
vn -0.0000 -0.0000 1.0000
vn -1.0000 -0.0000 -0.0000
vn -0.0000 -0.0000 -1.0000
vn 1.0000 -0.0000 -0.0000
vn -0.0000 1.0000 -0.0000
vn -0.0000 -1.0000 -0.0000
vn -0.0000 -0.7071 0.7071
vn -0.0000 0.7071 -0.7071
vn -0.0000 0.7071 0.7071
vn -0.0000 -0.7071 -0.7071
vt 0.515625 0.187500
vt 0.500000 0.187500
vt 0.500000 0.234375
vt 0.515625 0.234375
vt 0.632812 0.406250
vt 0.585938 0.406250
vt 0.585938 0.453125
vt 0.632812 0.453125
vt 0.632812 0.187500
vt 0.617188 0.187500
vt 0.617188 0.234375
vt 0.632812 0.234375
vt 0.140625 0.382812
vt 0.093750 0.382812
vt 0.093750 0.429688
vt 0.140625 0.429688
vt 0.765625 0.218750
vt 0.781250 0.218750
vt 0.781250 0.171875
vt 0.765625 0.171875
vt 0.796875 0.171875
vt 0.796875 0.218750
vt 0.789062 0.671875
vt 0.765625 0.671875
vt 0.765625 0.703125
vt 0.789062 0.703125
vt 0.398438 0.117188
vt 0.382812 0.117188
vt 0.382812 0.148438
vt 0.398438 0.148438
vt 0.546875 0.203125
vt 0.523438 0.203125
vt 0.523438 0.234375
vt 0.546875 0.234375
vt 0.867188 0.609375
vt 0.851562 0.609375
vt 0.851562 0.640625
vt 0.867188 0.640625
vt 0.898438 0.656250
vt 0.921875 0.656250
vt 0.921875 0.640625
vt 0.898438 0.640625
vt 0.898438 0.625000
vt 0.921875 0.625000
vt 0.570312 0.203125
vt 0.570312 0.234375
vt 0.867188 0.546875
vt 0.851562 0.546875
vt 0.851562 0.578125
vt 0.867188 0.578125
vt 0.593750 0.203125
vt 0.593750 0.234375
vt 0.414062 0.117188
vt 0.414062 0.148438
vt 0.921875 0.609375
vt 0.898438 0.609375
vt 0.382812 0.085938
vt 0.406250 0.085938
vt 0.406250 0.101562
vt 0.382812 0.101562
vt 0.921875 0.476562
vt 0.898438 0.476562
vt 0.898438 0.492188
vt 0.921875 0.492188
vt 0.882812 0.460938
vt 0.851562 0.460938
vt 0.851562 0.476562
vt 0.882812 0.476562
vt 0.921875 0.460938
vt 0.898438 0.460938
vt 0.851562 0.492188
vt 0.882812 0.492188
vt 0.617188 0.203125
vt 0.789062 0.218750
vt 0.789062 0.250000
vt 0.765625 0.250000
vt 0.554688 0.085938
vt 0.531250 0.085938
vt 0.531250 0.101562
vt 0.554688 0.101562
vt 0.593750 0.132812
vt 0.562500 0.132812
vt 0.562500 0.148438
vt 0.593750 0.148438
vt 0.921875 0.414062
vt 0.898438 0.414062
vt 0.898438 0.429688
vt 0.921875 0.429688
vt 0.531250 0.132812
vt 0.531250 0.148438
vt 0.773438 0.976562
vt 0.796875 0.976562
vt 0.796875 0.945312
vt 0.773438 0.945312
vt 0.773438 0.914062
vt 0.796875 0.914062
vt 0.796875 0.843750
vt 0.773438 0.843750
vt 0.773438 0.875000
vt 0.796875 0.875000
vt 0.664062 0.117188
vt 0.648438 0.117188
vt 0.648438 0.148438
vt 0.664062 0.148438
vt 0.796875 0.492188
vt 0.773438 0.492188
vt 0.773438 0.523438
vt 0.796875 0.523438
vt 0.632812 0.117188
vt 0.632812 0.148438
vt 0.828125 0.101562
vt 0.851562 0.101562
vt 0.851562 0.085938
vt 0.828125 0.085938
vt 0.875000 0.085938
vt 0.875000 0.101562
vt 0.484375 0.187500
vt 0.460938 0.187500
vt 0.460938 0.218750
vt 0.484375 0.218750
vt 0.273438 0.109375
vt 0.257812 0.109375
vt 0.257812 0.140625
vt 0.273438 0.140625
vt 0.734375 0.187500
vt 0.710938 0.187500
vt 0.710938 0.218750
vt 0.734375 0.218750
vt 0.078125 0.109375
vt 0.062500 0.109375
vt 0.062500 0.140625
vt 0.078125 0.140625
vt 0.210938 0.093750
vt 0.234375 0.093750
vt 0.234375 0.078125
vt 0.210938 0.078125
vt 0.257812 0.078125
vt 0.257812 0.093750
vt 0.187500 0.078125
vt 0.164062 0.078125
vt 0.164062 0.093750
vt 0.187500 0.093750
vt 0.234375 0.125000
vt 0.203125 0.125000
vt 0.203125 0.140625
vt 0.234375 0.140625
vt 0.171875 0.125000
vt 0.171875 0.140625
vt 0.773438 0.453125
vt 0.796875 0.453125
vt 0.796875 0.421875
vt 0.773438 0.421875
vt 0.414062 0.187500
vt 0.437500 0.187500
vt 0.437500 0.218750
vt 0.414062 0.218750
vt 0.921875 0.726562
vt 0.898438 0.726562
vt 0.898438 0.742188
vt 0.921875 0.742188
vt 0.882812 0.984375
vt 0.851562 0.984375
vt 0.851562 1.000000
vt 0.882812 1.000000
vt 0.898438 0.671875
vt 0.921875 0.671875
vt 0.875000 0.265625
vt 0.843750 0.265625
vt 0.843750 0.281250
vt 0.875000 0.281250
vt 0.195312 0.234375
vt 0.218750 0.234375
vt 0.218750 0.203125
vt 0.195312 0.203125
vt 0.242188 0.203125
vt 0.242188 0.234375
s 0
usemtl m_c4c24549-93a6-098c-7753-f6f41f0564a2
f 1612/2111/392 1615/2112/392 1613/2113/392 1610/2114/392
f 1611/2115/393 1612/2116/393 1610/2117/393 1609/2118/393
f 1616/2119/394 1611/2120/394 1609/2121/394 1614/2122/394
f 1615/2123/395 1616/2124/395 1614/2125/395 1613/2126/395
f 1614/2127/396 1609/2128/396 1610/2129/396 1613/2130/396
f 1615/2129/397 1612/2131/397 1611/2132/397 1616/2128/397
f 1620/2133/392 1623/2134/392 1621/2135/392 1618/2136/392
f 1619/2137/393 1620/2138/393 1618/2139/393 1617/2140/393
f 1624/2141/394 1619/2142/394 1617/2143/394 1622/2144/394
f 1623/2145/395 1624/2146/395 1622/2147/395 1621/2148/395
f 1622/2149/396 1617/2150/396 1618/2151/396 1621/2152/396
f 1623/2153/397 1620/2154/397 1619/2151/397 1624/2152/397
f 1628/2155/398 1631/2141/398 1629/2144/398 1626/2156/398
f 1627/2157/393 1628/2158/393 1626/2159/393 1625/2160/393
f 1632/2161/399 1627/2155/399 1625/2156/399 1630/2162/399
f 1631/2163/395 1632/2137/395 1630/2140/395 1629/2164/395
f 1630/2153/400 1625/2154/400 1626/2165/400 1629/2166/400
f 1631/2167/401 1628/2168/401 1627/2169/401 1632/2170/401
f 1636/2171/392 1639/2172/392 1637/2173/392 1634/2174/392
f 1635/2175/393 1636/2176/393 1634/2177/393 1633/2178/393
f 1640/2179/394 1635/2180/394 1633/2172/394 1638/2171/394
f 1639/2178/395 1640/2177/395 1638/2181/395 1637/2182/395
f 1638/2162/396 1633/2121/396 1634/2183/396 1637/2161/396
f 1639/2127/397 1636/2184/397 1635/2185/397 1640/2186/397
f 1644/2187/398 1647/2188/398 1645/2189/398 1642/2190/398
f 1643/2191/393 1644/2192/393 1642/2193/393 1641/2194/393
f 1648/2195/399 1643/2196/399 1641/2197/399 1646/2198/399
f 1647/2192/395 1648/2199/395 1646/2200/395 1645/2193/395
f 1646/2201/400 1641/2202/400 1642/2203/400 1645/2204/400
f 1647/2205/401 1644/2206/401 1643/2203/401 1648/2204/401
f 1652/2207/392 1655/2208/392 1653/2209/392 1650/2210/392
f 1651/2211/393 1652/2212/393 1650/2213/393 1649/2214/393
f 1656/2215/394 1651/2216/394 1649/2217/394 1654/2218/394
f 1655/2212/395 1656/2219/395 1654/2220/395 1653/2213/395
f 1654/2221/396 1649/2222/396 1650/2223/396 1653/2224/396
f 1655/2223/397 1652/2225/397 1651/2226/397 1656/2222/397
f 1660/2227/398 1663/2228/398 1661/2229/398 1658/2230/398
f 1659/2231/393 1660/2232/393 1658/2233/393 1657/2234/393
f 1664/2235/399 1659/2236/399 1657/2237/399 1662/2238/399
f 1663/2239/395 1664/2240/395 1662/2241/395 1661/2242/395
f 1662/2243/400 1657/2244/400 1658/2245/400 1661/2246/400
f 1663/2245/401 1660/2247/401 1659/2248/401 1664/2244/401
f 1668/2249/392 1671/2250/392 1669/2251/392 1666/2252/392
f 1667/2253/393 1668/2254/393 1666/2255/393 1665/2256/393
f 1672/2246/394 1667/2249/394 1665/2252/394 1670/2243/394
f 1671/2254/395 1672/2257/395 1670/2258/395 1669/2255/395
f 1670/2259/396 1665/2260/396 1666/2261/396 1669/2262/396
f 1671/2263/397 1668/2264/397 1667/2265/397 1672/2266/397
f 1676/2267/398 1679/2268/398 1677/2269/398 1674/2270/398
f 1675/2271/393 1676/2272/393 1674/2273/393 1673/2274/393
f 1680/2150/399 1675/2149/399 1673/2275/399 1678/2276/399
f 1679/2277/395 1680/2278/395 1678/2279/395 1677/2280/395
f 1678/2281/400 1673/2282/400 1674/2283/400 1677/2284/400
f 1679/2283/401 1676/2285/401 1675/2286/401 1680/2282/401
o w4
v 0.959595 0.779915 -1.480754
v 0.959596 0.779915 -0.917677
v 0.959595 0.216839 -1.480754
v 0.959596 0.216839 -0.917677
v 1.142930 0.779915 -0.917677
v 1.142930 0.779915 -1.480754
v 1.142930 0.216839 -0.917677
v 1.142930 0.216839 -1.480754
v 0.887931 0.981131 -1.398852
v 0.887931 0.836348 -1.254069
v 0.887931 0.698802 -1.681181
v 0.887931 0.554019 -1.536398
v 1.173643 0.836348 -1.254069
v 1.173643 0.981131 -1.398852
v 1.173643 0.554019 -1.536398
v 1.173643 0.698802 -1.681181
v 0.893050 0.698803 -1.681180
v 0.893050 0.698803 -1.476424
v 0.893050 0.299531 -1.681180
v 0.893050 0.299531 -1.476425
v 1.178762 0.698803 -1.476425
v 1.178762 0.698803 -1.681180
v 1.178762 0.299531 -1.476425
v 1.178762 0.299531 -1.681180
v 0.887931 0.444315 -1.536396
v 0.887931 0.161986 -1.254067
v 0.887931 0.299531 -1.681180
v 0.887931 0.017202 -1.398851
v 1.173643 0.161986 -1.254067
v 1.173643 0.444315 -1.536396
v 1.173643 0.017202 -1.398851
v 1.173643 0.299531 -1.681180
v 0.893050 0.221958 -1.398852
v 0.893050 0.221958 -0.999580
v 0.893050 0.017202 -1.398852
v 0.893050 0.017202 -0.999580
v 1.178762 0.221958 -0.999580
v 1.178762 0.221958 -1.398852
v 1.178762 0.017202 -0.999580
v 1.178762 0.017202 -1.398852
v 0.887931 0.444315 -0.862035
v 0.887931 0.299532 -0.717251
v 0.887931 0.161987 -1.144363
v 0.887931 0.017204 -0.999580
v 1.173644 0.299532 -0.717251
v 1.173644 0.444315 -0.862035
v 1.173644 0.017204 -0.999580
v 1.173644 0.161987 -1.144363
v 0.893050 0.698802 -0.922006
v 0.893050 0.698802 -0.717251
v 0.893050 0.299531 -0.922006
v 0.893050 0.299531 -0.717251
v 1.178762 0.698802 -0.717251
v 1.178762 0.698802 -0.922006
v 1.178762 0.299531 -0.717251
v 1.178762 0.299531 -0.922006
v 0.887931 0.981132 -0.999580
v 0.887931 0.698803 -0.717251
v 0.887931 0.836348 -1.144364
v 0.887931 0.554020 -0.862035
v 1.173644 0.698803 -0.717251
v 1.173644 0.981132 -0.999580
v 1.173644 0.554020 -0.862035
v 1.173644 0.836348 -1.144364
v 0.893050 0.981131 -1.398852
v 0.893050 0.981131 -0.999580
v 0.893050 0.776376 -1.398852
v 0.893050 0.776376 -0.999580
v 1.178762 0.981131 -0.999580
v 1.178762 0.981131 -1.398852
v 1.178762 0.776376 -0.999580
v 1.178762 0.776376 -1.398852
vn -0.0000 -0.0000 1.0000
vn -1.0000 -0.0000 -0.0000
vn -0.0000 -0.0000 -1.0000
vn 1.0000 -0.0000 -0.0000
vn -0.0000 1.0000 -0.0000
vn -0.0000 -1.0000 -0.0000
vn -0.0000 -0.7071 0.7071
vn -0.0000 0.7071 -0.7071
vn -0.0000 0.7071 0.7071
vn -0.0000 -0.7071 -0.7071
vt 0.500000 0.187500
vt 0.515625 0.187500
vt 0.515625 0.234375
vt 0.500000 0.234375
vt 0.093750 0.382812
vt 0.140625 0.382812
vt 0.140625 0.429688
vt 0.093750 0.429688
vt 0.617188 0.187500
vt 0.632812 0.187500
vt 0.632812 0.234375
vt 0.617188 0.234375
vt 0.585938 0.406250
vt 0.632812 0.406250
vt 0.632812 0.453125
vt 0.585938 0.453125
vt 0.781250 0.218750
vt 0.765625 0.218750
vt 0.765625 0.171875
vt 0.781250 0.171875
vt 0.796875 0.171875
vt 0.796875 0.218750
vt 0.546875 0.203125
vt 0.570312 0.203125
vt 0.570312 0.234375
vt 0.546875 0.234375
vt 0.398438 0.117188
vt 0.414062 0.117188
vt 0.414062 0.148438
vt 0.398438 0.148438
vt 0.593750 0.203125
vt 0.593750 0.234375
vt 0.851562 0.546875
vt 0.867188 0.546875
vt 0.867188 0.578125
vt 0.851562 0.578125
vt 0.921875 0.625000
vt 0.898438 0.625000
vt 0.898438 0.609375
vt 0.921875 0.609375
vt 0.406250 0.085938
vt 0.382812 0.085938
vt 0.382812 0.101562
vt 0.406250 0.101562
vt 0.765625 0.671875
vt 0.789062 0.671875
vt 0.789062 0.703125
vt 0.765625 0.703125
vt 0.851562 0.609375
vt 0.867188 0.609375
vt 0.867188 0.640625
vt 0.851562 0.640625
vt 0.523438 0.203125
vt 0.523438 0.234375
vt 0.382812 0.117188
vt 0.382812 0.148438
vt 0.921875 0.656250
vt 0.898438 0.656250
vt 0.898438 0.640625
vt 0.921875 0.640625
vt 0.898438 0.726562
vt 0.921875 0.726562
vt 0.921875 0.742188
vt 0.898438 0.742188
vt 0.843750 0.265625
vt 0.875000 0.265625
vt 0.875000 0.281250
vt 0.843750 0.281250
vt 0.921875 0.671875
vt 0.898438 0.671875
vt 0.851562 0.984375
vt 0.882812 0.984375
vt 0.882812 1.000000
vt 0.851562 1.000000
vt 0.218750 0.234375
vt 0.195312 0.234375
vt 0.195312 0.203125
vt 0.218750 0.203125
vt 0.242188 0.203125
vt 0.242188 0.234375
vt 0.164062 0.078125
vt 0.187500 0.078125
vt 0.187500 0.093750
vt 0.164062 0.093750
vt 0.171875 0.125000
vt 0.203125 0.125000
vt 0.203125 0.140625
vt 0.171875 0.140625
vt 0.210938 0.078125
vt 0.210938 0.093750
vt 0.234375 0.125000
vt 0.234375 0.140625
vt 0.796875 0.453125
vt 0.773438 0.453125
vt 0.773438 0.421875
vt 0.796875 0.421875
vt 0.437500 0.187500
vt 0.414062 0.187500
vt 0.414062 0.218750
vt 0.437500 0.218750
vt 0.460938 0.187500
vt 0.484375 0.187500
vt 0.484375 0.218750
vt 0.460938 0.218750
vt 0.062500 0.109375
vt 0.078125 0.109375
vt 0.078125 0.140625
vt 0.062500 0.140625
vt 0.710938 0.187500
vt 0.734375 0.187500
vt 0.734375 0.218750
vt 0.710938 0.218750
vt 0.257812 0.109375
vt 0.273438 0.109375
vt 0.273438 0.140625
vt 0.257812 0.140625
vt 0.234375 0.093750
vt 0.234375 0.078125
vt 0.257812 0.078125
vt 0.257812 0.093750
vt 0.773438 0.843750
vt 0.796875 0.843750
vt 0.796875 0.875000
vt 0.773438 0.875000
vt 0.632812 0.117188
vt 0.648438 0.117188
vt 0.648438 0.148438
vt 0.632812 0.148438
vt 0.773438 0.492188
vt 0.796875 0.492188
vt 0.796875 0.523438
vt 0.773438 0.523438
vt 0.664062 0.117188
vt 0.664062 0.148438
vt 0.851562 0.101562
vt 0.828125 0.101562
vt 0.828125 0.085938
vt 0.851562 0.085938
vt 0.875000 0.085938
vt 0.875000 0.101562
vt 0.531250 0.085938
vt 0.554688 0.085938
vt 0.554688 0.101562
vt 0.531250 0.101562
vt 0.531250 0.132812
vt 0.562500 0.132812
vt 0.562500 0.148438
vt 0.531250 0.148438
vt 0.898438 0.414062
vt 0.921875 0.414062
vt 0.921875 0.429688
vt 0.898438 0.429688
vt 0.593750 0.132812
vt 0.593750 0.148438
vt 0.796875 0.976562
vt 0.773438 0.976562
vt 0.773438 0.945312
vt 0.796875 0.945312
vt 0.796875 0.914062
vt 0.773438 0.914062
vt 0.898438 0.476562
vt 0.921875 0.476562
vt 0.921875 0.492188
vt 0.898438 0.492188
vt 0.851562 0.476562
vt 0.882812 0.476562
vt 0.882812 0.492188
vt 0.851562 0.492188
vt 0.898438 0.460938
vt 0.921875 0.460938
vt 0.851562 0.460938
vt 0.882812 0.460938
vt 0.617188 0.203125
vt 0.789062 0.218750
vt 0.765625 0.250000
vt 0.789062 0.250000
s 0
usemtl m_c4c24549-93a6-098c-7753-f6f41f0564a2
f 1684/2287/402 1687/2288/402 1685/2289/402 1682/2290/402
f 1683/2291/403 1684/2292/403 1682/2293/403 1681/2294/403
f 1688/2295/404 1683/2296/404 1681/2297/404 1686/2298/404
f 1687/2299/405 1688/2300/405 1686/2301/405 1685/2302/405
f 1686/2303/406 1681/2304/406 1682/2305/406 1685/2306/406
f 1687/2307/407 1684/2306/407 1683/2303/407 1688/2308/407
f 1692/2309/408 1695/2310/408 1693/2311/408 1690/2312/408
f 1691/2313/403 1692/2314/403 1690/2315/403 1689/2316/403
f 1696/2310/409 1691/2317/409 1689/2318/409 1694/2311/409
f 1695/2319/405 1696/2320/405 1694/2321/405 1693/2322/405
f 1694/2323/410 1689/2324/410 1690/2325/410 1693/2326/410
f 1695/2327/411 1692/2328/411 1691/2329/411 1696/2330/411
f 1700/2331/402 1703/2332/402 1701/2333/402 1698/2334/402
f 1699/2335/403 1700/2336/403 1698/2337/403 1697/2338/403
f 1704/2339/404 1699/2309/404 1697/2312/404 1702/2340/404
f 1703/2341/405 1704/2313/405 1702/2316/405 1701/2342/405
f 1702/2343/406 1697/2344/406 1698/2345/406 1701/2346/406
f 1703/2323/407 1700/2324/407 1699/2345/407 1704/2346/407
f 1708/2347/408 1711/2348/408 1709/2349/408 1706/2350/408
f 1707/2351/403 1708/2352/403 1706/2353/403 1705/2354/403
f 1712/2344/409 1707/2343/409 1705/2355/409 1710/2356/409
f 1711/2357/405 1712/2358/405 1710/2359/405 1709/2360/405
f 1710/2361/410 1705/2362/410 1706/2363/410 1709/2364/410
f 1711/2365/411 1708/2364/411 1707/2361/411 1712/2366/411
f 1716/2367/402 1719/2368/402 1717/2369/402 1714/2370/402
f 1715/2371/403 1716/2372/403 1714/2373/403 1713/2374/403
f 1720/2368/404 1715/2375/404 1713/2376/404 1718/2369/404
f 1719/2372/405 1720/2377/405 1718/2378/405 1717/2373/405
f 1718/2379/406 1713/2380/406 1714/2381/406 1717/2382/406
f 1719/2383/407 1716/2384/407 1715/2385/407 1720/2386/407
f 1724/2387/408 1727/2388/408 1725/2389/408 1722/2390/408
f 1723/2391/403 1724/2392/403 1722/2393/403 1721/2394/403
f 1728/2395/409 1723/2396/409 1721/2397/409 1726/2398/409
f 1727/2399/405 1728/2400/405 1726/2401/405 1725/2402/405
f 1726/2403/410 1721/2376/410 1722/2375/410 1725/2404/410
f 1727/2405/411 1724/2404/411 1723/2403/411 1728/2406/411
f 1732/2407/402 1735/2408/402 1733/2409/402 1730/2410/402
f 1731/2411/403 1732/2412/403 1730/2413/403 1729/2414/403
f 1736/2415/404 1731/2416/404 1729/2417/404 1734/2418/404
f 1735/2412/405 1736/2419/405 1734/2420/405 1733/2413/405
f 1734/2421/406 1729/2422/406 1730/2423/406 1733/2424/406
f 1735/2425/407 1732/2424/407 1731/2421/407 1736/2426/407
f 1740/2427/408 1743/2428/408 1741/2429/408 1738/2430/408
f 1739/2431/403 1740/2432/403 1738/2433/403 1737/2434/403
f 1744/2435/409 1739/2436/409 1737/2437/409 1742/2438/409
f 1743/2432/405 1744/2439/405 1742/2440/405 1741/2433/405
f 1742/2441/410 1737/2442/410 1738/2443/410 1741/2444/410
f 1743/2445/411 1740/2446/411 1739/2443/411 1744/2444/411
f 1748/2447/402 1751/2448/402 1749/2449/402 1746/2450/402
f 1747/2451/403 1748/2452/403 1746/2453/403 1745/2454/403
f 1752/2455/404 1747/2456/404 1745/2448/404 1750/2447/404
f 1751/2457/405 1752/2458/405 1750/2452/405 1749/2451/405
f 1750/2298/406 1745/2318/406 1746/2317/406 1749/2459/406
f 1751/2460/407 1748/2304/407 1747/2461/407 1752/2462/407
