# Blender 3.3.21
# www.blender.org
mtllib pickup.mtl
o rul
v 0.679828 1.816875 1.169752
v 0.845183 1.660597 1.079525
v 0.644040 1.788474 1.153355
v 0.809394 1.632196 1.063128
v 0.845183 1.682221 1.042071
v 0.679828 1.838499 1.132297
v 0.809394 1.653821 1.025674
v 0.644040 1.810099 1.115900
v 0.795851 1.660201 1.080210
v 0.845183 1.660201 1.080210
v 0.795851 1.436725 0.951187
v 0.845183 1.436725 0.951187
v 0.845183 1.682221 1.042071
v 0.795851 1.682221 1.042071
v 0.845183 1.458745 0.913047
v 0.795851 1.458745 0.913048
v 0.645206 1.321496 0.883747
v 0.812377 1.468821 0.968804
v 0.679828 1.292031 0.866735
v 0.846999 1.439355 0.951793
v 0.812377 1.490445 0.931349
v 0.645206 1.343121 0.846292
v 0.846999 1.460980 0.914338
v 0.679828 1.313656 0.829281
v 0.434282 1.334359 0.892086
v 0.679828 1.334359 0.892086
v 0.434282 1.291636 0.867420
v 0.679828 1.291636 0.867420
v 0.679828 1.356379 0.853947
v 0.434282 1.356379 0.853947
v 0.679828 1.313656 0.829281
v 0.434282 1.313656 0.829281
v 0.434282 1.816479 1.170437
v 0.679828 1.816479 1.170437
v 0.434282 1.773756 1.145770
v 0.679828 1.773756 1.145770
v 0.679828 1.838499 1.132297
v 0.434282 1.838499 1.132297
v 0.679828 1.795776 1.107631
v 0.434282 1.795776 1.107631
v 0.547338 1.606676 1.066735
v 0.817731 1.608291 1.040326
v 0.542114 1.503062 1.006914
v 0.812508 1.504677 0.980505
v 0.815979 1.618382 1.023002
v 0.545585 1.616766 1.049412
v 0.810755 1.514767 0.963181
v 0.540362 1.513152 0.989590
v 0.545800 1.614031 1.053184
v 0.298052 1.620987 1.019502
v 0.551023 1.510417 0.993363
v 0.303276 1.517373 0.959680
v 0.295428 1.610912 1.036724
v 0.543175 1.603956 1.070406
v 0.300652 1.507297 0.976903
v 0.548399 1.500341 1.010585
v 0.494887 1.506283 1.011813
v 0.615636 1.506283 1.011814
v 0.494887 1.330655 0.877050
v 0.615636 1.330655 0.877050
v 0.615636 1.522910 0.990145
v 0.494887 1.522910 0.990145
v 0.615636 1.347281 0.855382
v 0.494887 1.347281 0.855382
v 0.487700 1.580670 1.123326
v 0.622824 1.580670 1.123326
v 0.487700 1.457424 1.052170
v 0.622824 1.457424 1.052170
v 0.622824 1.637451 1.024979
v 0.487700 1.637451 1.024978
v 0.622824 1.514205 0.953823
v 0.487700 1.514205 0.953823
v 0.432662 1.838499 1.132297
v 0.267308 1.682221 1.042071
v 0.468451 1.810099 1.115900
v 0.303096 1.653821 1.025674
v 0.267308 1.660597 1.079525
v 0.432662 1.816875 1.169752
v 0.303096 1.632196 1.063128
v 0.468451 1.788474 1.153355
v 0.316640 1.682221 1.042071
v 0.267308 1.682221 1.042071
v 0.316640 1.458745 0.913047
v 0.267308 1.458745 0.913047
v 0.267308 1.660201 1.080210
v 0.316640 1.660201 1.080210
v 0.267308 1.436725 0.951187
v 0.316640 1.436725 0.951187
v 0.467285 1.343121 0.846292
v 0.300114 1.490445 0.931350
v 0.432662 1.313656 0.829281
v 0.265492 1.460980 0.914338
v 0.300114 1.468821 0.968804
v 0.467285 1.321496 0.883747
v 0.265491 1.439355 0.951792
v 0.432662 1.292031 0.866735
vn 0.6756 -0.6385 -0.3686
vn -0.0000 -0.5000 0.8660
vn -0.6756 0.6385 0.3686
vn -0.0000 0.5000 -0.8660
vn 0.7373 0.5851 0.3378
vn -0.7373 -0.5851 -0.3378
vn 1.0000 -0.0000 -0.0000
vn -1.0000 -0.0000 -0.0000
vn -0.0000 0.8660 0.5000
vn -0.0000 -0.8660 -0.5000
vn 0.7009 0.6177 0.3566
vn -0.7009 -0.6177 -0.3566
vn -0.7133 0.6070 0.3505
vn 0.7133 -0.6070 -0.3505
vn 0.9952 0.0059 -0.0972
vn 0.0871 -0.5014 0.8608
vn -0.9952 -0.0059 0.0972
vn -0.0871 0.5014 -0.8608
vn 0.0436 0.8652 0.4995
vn -0.0436 -0.8652 -0.4995
vn -0.9905 0.0278 -0.1347
vn 0.1304 0.5007 -0.8558
vn 0.9905 -0.0278 0.1347
vn -0.1304 -0.5007 0.8558
vn -0.0436 0.8652 0.4995
vn 0.0436 -0.8652 -0.4995
vn -0.0000 -0.6088 0.7934
vn -0.0000 0.6088 -0.7934
vn -0.0000 0.7933 0.6088
vn -0.0000 -0.7934 -0.6088
vn -0.6756 -0.6385 -0.3686
vn 0.6756 0.6385 0.3686
vn -0.7373 0.5851 0.3378
vn 0.7373 -0.5851 -0.3378
vn -0.7009 0.6177 0.3566
vn 0.7009 -0.6177 -0.3566
vn 0.7133 0.6070 0.3505
vn -0.7133 -0.6070 -0.3505
vt 0.587891 0.462891
vt 0.315430 0.408203
vt 0.078125 0.408203
vt 0.591797 0.689453
vt 0.591797 0.462891
vt 0.078125 0.404297
vt 0.587891 0.460938
vt 0.315430 0.406250
vt 0.080078 0.408203
vt 0.591797 0.687500
vt 0.591797 0.460938
vt 0.080078 0.404297
vt 0.592773 0.689453
vt 0.541016 0.412109
vt 0.079102 0.404297
vt 0.314453 0.408203
vt 0.544922 0.412109
vt 0.079102 0.408203
vt 0.592773 0.687500
vt 0.541016 0.410156
vt 0.081055 0.404297
vt 0.314453 0.406250
vt 0.544922 0.410156
vt 0.081055 0.408203
vt 0.587891 0.423828
vt 0.592773 0.912109
vt 0.324219 0.408203
vt 0.087891 0.408203
vt 0.589844 0.423828
vt 0.324219 0.406250
vt 0.587891 0.419922
vt 0.592773 0.908203
vt 0.591797 0.675781
vt 0.087891 0.404297
vt 0.589844 0.419922
vt 0.591797 0.673828
vt 0.088867 0.408203
vt 0.587891 0.416016
vt 0.325195 0.406250
vt 0.591797 0.912109
vt 0.589844 0.416016
vt 0.325195 0.408203
vt 0.088867 0.404297
vt 0.587891 0.412109
vt 0.592773 0.673828
vt 0.591797 0.908203
vt 0.589844 0.412109
vt 0.592773 0.675781
vt 0.587891 0.435547
vt 0.592773 0.654297
vt 0.146484 0.408203
vt 0.591797 0.667969
vt 0.591797 0.435547
vt 0.146484 0.404297
vt 0.587891 0.433594
vt 0.592773 0.652344
vt 0.148438 0.408203
vt 0.591797 0.666016
vt 0.591797 0.433594
vt 0.148438 0.404297
vt 0.592773 0.667969
vt 0.587891 0.419922
vt 0.147461 0.404297
vt 0.591797 0.654297
vt 0.591797 0.419922
vt 0.147461 0.408203
vt 0.592773 0.666016
vt 0.587891 0.417969
vt 0.149414 0.404297
vt 0.591797 0.652344
vt 0.591797 0.417969
vt 0.149414 0.408203
vt 0.589844 0.986328
vt 0.592773 0.644531
vt 0.150391 0.408203
vt 0.591797 0.652344
vt 0.593750 0.986328
vt 0.150391 0.404297
vt 0.589844 0.984375
vt 0.592773 0.642578
vt 0.591797 0.841797
vt 0.591797 0.650391
vt 0.593750 0.984375
vt 0.591797 0.837891
vt 0.592773 0.652344
vt 0.589844 0.962891
vt 0.151367 0.404297
vt 0.591797 0.644531
vt 0.593750 0.962891
vt 0.151367 0.408203
vt 0.592773 0.650391
vt 0.589844 0.960938
vt 0.592773 0.837891
vt 0.591797 0.642578
vt 0.593750 0.960938
vt 0.592773 0.841797
vt 0.533203 0.412109
vt 0.592773 0.691406
vt 0.591797 0.927734
vt 0.591797 0.693359
vt 0.537109 0.412109
vt 0.591797 0.923828
vt 0.533203 0.410156
vt 0.592773 0.689453
vt 0.591797 0.923828
vt 0.591797 0.691406
vt 0.537109 0.410156
vt 0.591797 0.919922
vt 0.592773 0.693359
vt 0.587891 0.464844
vt 0.592773 0.923828
vt 0.591797 0.691406
vt 0.591797 0.464844
vt 0.592773 0.927734
vt 0.592773 0.691406
vt 0.587891 0.462891
vt 0.592773 0.919922
vt 0.591797 0.689453
vt 0.591797 0.462891
vt 0.592773 0.923828
vt 0.578125 0.712891
vt 0.096680 0.408203
vt 0.433594 0.412109
vt 0.093750 0.408203
vt 0.586914 0.712891
vt 0.433594 0.403320
vt 0.578125 0.708984
vt 0.096680 0.404297
vt 0.460938 0.412109
vt 0.093750 0.404297
vt 0.586914 0.708984
vt 0.460938 0.403320
vt 0.094727 0.408203
vt 0.578125 0.662109
vt 0.434570 0.403320
vt 0.095703 0.408203
vt 0.586914 0.662109
vt 0.434570 0.412109
vt 0.094727 0.404297
vt 0.578125 0.658203
vt 0.461914 0.403320
vt 0.095703 0.404297
vt 0.586914 0.658203
vt 0.461914 0.412109
vt 0.357422 0.542969
vt 0.592773 0.890625
vt 0.589844 0.974609
vt 0.591797 0.898438
vt 0.365234 0.542969
vt 0.589844 0.966797
vt 0.357422 0.539062
vt 0.592773 0.886719
vt 0.027344 0.410156
vt 0.591797 0.894531
vt 0.365234 0.539062
vt 0.027344 0.402344
vt 0.592773 0.898438
vt 0.505859 0.976562
vt 0.590820 0.966797
vt 0.591797 0.890625
vt 0.513672 0.976562
vt 0.590820 0.974609
vt 0.592773 0.894531
vt 0.505859 0.972656
vt 0.028320 0.402344
vt 0.591797 0.886719
vt 0.513672 0.972656
vt 0.028320 0.410156
vt 0.580078 0.455078
vt 0.416992 0.410156
vt 0.222656 0.408203
vt 0.371094 0.410156
vt 0.583984 0.455078
vt 0.222656 0.404297
vt 0.580078 0.448242
vt 0.416992 0.403320
vt 0.238281 0.408203
vt 0.371094 0.403320
vt 0.583984 0.448242
vt 0.238281 0.404297
vt 0.372070 0.410156
vt 0.554688 0.419922
vt 0.223633 0.404297
vt 0.416016 0.410156
vt 0.558594 0.419922
vt 0.223633 0.408203
vt 0.372070 0.403320
vt 0.554688 0.413086
vt 0.239258 0.404297
vt 0.416016 0.403320
vt 0.558594 0.413086
vt 0.239258 0.408203
vt 0.578125 0.416016
vt 0.585938 0.416016
vt 0.066406 0.412109
vt 0.583984 0.423828
vt 0.582031 0.416016
vt 0.066406 0.408203
vt 0.578125 0.411133
vt 0.585938 0.411133
vt 0.070312 0.412109
vt 0.583984 0.418945
vt 0.582031 0.411133
vt 0.070312 0.408203
vt 0.587891 0.423828
vt 0.585938 0.990234
vt 0.070312 0.408203
vt 0.582031 0.416016
vt 0.589844 0.990234
vt 0.070312 0.412109
vt 0.587891 0.418945
vt 0.585938 0.985352
vt 0.074219 0.408203
vt 0.582031 0.411133
vt 0.589844 0.985352
vt 0.074219 0.412109
vt 0.544922 0.412109
vt 0.314453 0.408203
vt 0.079102 0.408203
vt 0.592773 0.689453
vt 0.541016 0.412109
vt 0.079102 0.404297
vt 0.544922 0.410156
vt 0.314453 0.406250
vt 0.081055 0.408203
vt 0.592773 0.687500
vt 0.541016 0.410156
vt 0.081055 0.404297
vt 0.591797 0.689453
vt 0.591797 0.462891
vt 0.078125 0.404297
vt 0.315430 0.408203
vt 0.587891 0.462891
vt 0.078125 0.408203
vt 0.591797 0.687500
vt 0.591797 0.460938
vt 0.080078 0.404297
vt 0.315430 0.406250
vt 0.587891 0.460938
vt 0.080078 0.408203
vt 0.589844 0.416016
vt 0.591797 0.912109
vt 0.325195 0.408203
vt 0.088867 0.408203
vt 0.587891 0.416016
vt 0.325195 0.406250
vt 0.589844 0.412109
vt 0.591797 0.908203
vt 0.592773 0.675781
vt 0.088867 0.404297
vt 0.587891 0.412109
vt 0.592773 0.673828
vt 0.087891 0.408203
vt 0.589844 0.423828
vt 0.324219 0.406250
vt 0.592773 0.912109
vt 0.587891 0.423828
vt 0.324219 0.408203
vt 0.087891 0.404297
vt 0.589844 0.419922
vt 0.591797 0.673828
vt 0.592773 0.908203
vt 0.587891 0.419922
vt 0.591797 0.675781
vt 0.591797 0.419922
vt 0.591797 0.654297
vt 0.147461 0.408203
vt 0.592773 0.667969
vt 0.587891 0.419922
vt 0.147461 0.404297
vt 0.591797 0.417969
vt 0.591797 0.652344
vt 0.149414 0.408203
vt 0.592773 0.666016
vt 0.587891 0.417969
vt 0.149414 0.404297
vt 0.591797 0.667969
vt 0.591797 0.435547
vt 0.146484 0.404297
vt 0.592773 0.654297
vt 0.587891 0.435547
vt 0.146484 0.408203
vt 0.591797 0.666016
vt 0.591797 0.433594
vt 0.148438 0.404297
vt 0.592773 0.652344
vt 0.587891 0.433594
vt 0.148438 0.408203
s 1
usemtl Сковородка.png
f 4/10/1 7/19/1 5/13/1 2/4/1
f 3/7/2 4/11/2 2/5/2 1/1/2
f 8/22/3 3/8/3 1/2/3 6/16/3
f 7/20/4 8/23/4 6/17/4 5/14/4
f 6/18/5 1/3/5 2/6/5 5/15/5
f 7/21/6 4/12/6 3/9/6 8/24/6
f 12/34/7 15/43/7 13/37/7 10/28/7
f 11/31/2 12/35/2 10/29/2 9/25/2
f 16/46/8 11/32/8 9/26/8 14/40/8
f 15/44/4 16/47/4 14/41/4 13/38/4
f 14/42/9 9/27/9 10/30/9 13/39/9
f 15/45/10 12/36/10 11/33/10 16/48/10
f 20/58/11 23/67/11 21/61/11 18/52/11
f 19/55/2 20/59/2 18/53/2 17/49/2
f 24/70/12 19/56/12 17/50/12 22/64/12
f 23/68/4 24/71/4 22/65/4 21/62/4
f 22/66/13 17/51/13 18/54/13 21/63/13
f 23/69/14 20/60/14 19/57/14 24/72/14
f 28/82/7 31/91/7 29/85/7 26/76/7
f 27/79/2 28/83/2 26/77/2 25/73/2
f 32/94/8 27/80/8 25/74/8 30/88/8
f 31/92/4 32/95/4 30/89/4 29/86/4
f 30/90/9 25/75/9 26/78/9 29/87/9
f 31/93/10 28/84/10 27/81/10 32/96/10
f 36/106/7 39/115/7 37/109/7 34/100/7
f 35/103/2 36/107/2 34/101/2 33/97/2
f 40/118/8 35/104/8 33/98/8 38/112/8
f 39/116/4 40/119/4 38/113/4 37/110/4
f 38/114/9 33/99/9 34/102/9 37/111/9
f 39/117/10 36/108/10 35/105/10 40/120/10
f 44/130/15 47/139/15 45/133/15 42/124/15
f 43/127/16 44/131/16 42/125/16 41/121/16
f 48/142/17 43/128/17 41/122/17 46/136/17
f 47/140/18 48/143/18 46/137/18 45/134/18
f 46/138/19 41/123/19 42/126/19 45/135/19
f 47/141/20 44/132/20 43/129/20 48/144/20
f 52/154/21 55/163/21 53/157/21 50/148/21
f 51/151/22 52/155/22 50/149/22 49/145/22
f 56/166/23 51/152/23 49/146/23 54/160/23
f 55/164/24 56/167/24 54/161/24 53/158/24
f 54/162/25 49/147/25 50/150/25 53/159/25
f 55/165/26 52/156/26 51/153/26 56/168/26
f 60/178/7 63/187/7 61/181/7 58/172/7
f 59/175/27 60/179/27 58/173/27 57/169/27
f 64/190/8 59/176/8 57/170/8 62/184/8
f 63/188/28 64/191/28 62/185/28 61/182/28
f 62/186/29 57/171/29 58/174/29 61/183/29
f 63/189/30 60/180/30 59/177/30 64/192/30
f 68/202/7 71/211/7 69/205/7 66/196/7
f 67/199/2 68/203/2 66/197/2 65/193/2
f 72/214/8 67/200/8 65/194/8 70/208/8
f 71/212/4 72/215/4 70/209/4 69/206/4
f 70/210/9 65/195/9 66/198/9 69/207/9
f 71/213/10 68/204/10 67/201/10 72/216/10
f 76/226/31 79/235/31 77/229/31 74/220/31
f 75/223/4 76/227/4 74/221/4 73/217/4
f 80/238/32 75/224/32 73/218/32 78/232/32
f 79/236/2 80/239/2 78/233/2 77/230/2
f 78/234/33 73/219/33 74/222/33 77/231/33
f 79/237/34 76/228/34 75/225/34 80/240/34
f 84/250/8 87/259/8 85/253/8 82/244/8
f 83/247/4 84/251/4 82/245/4 81/241/4
f 88/262/7 83/248/7 81/242/7 86/256/7
f 87/260/2 88/263/2 86/257/2 85/254/2
f 86/258/9 81/243/9 82/246/9 85/255/9
f 87/261/10 84/252/10 83/249/10 88/264/10
f 92/274/35 95/283/35 93/277/35 90/268/35
f 91/271/4 92/275/4 90/269/4 89/265/4
f 96/286/36 91/272/36 89/266/36 94/280/36
f 95/284/2 96/287/2 94/281/2 93/278/2
f 94/282/37 89/267/37 90/270/37 93/279/37
f 95/285/38 92/276/38 91/273/38 96/288/38
o body
v 1.187441 1.085107 0.121071
v 1.187441 1.085107 1.600434
v 1.268832 1.016811 0.121071
v 1.268833 1.016811 1.600434
v 1.219580 1.123409 1.600434
v 1.219580 1.123409 0.121071
v 1.300971 1.055113 1.600434
v 1.300971 1.055113 0.121071
v 1.079161 0.915996 0.121633
v 1.079161 0.915995 1.600996
v 1.040090 0.694414 0.121634
v 1.040091 0.694413 1.600996
v 1.251501 0.885607 1.600996
v 1.251501 0.885607 0.121633
v 1.212430 0.664025 1.600996
v 1.212431 0.664025 0.121633
v 1.200347 0.987613 0.127321
v 1.200347 0.987613 1.600434
v 1.200347 0.875113 0.127321
v 1.200347 0.875113 1.600434
v 1.335971 0.987613 1.600433
v 1.335971 0.987613 0.127321
v 1.335971 0.875113 1.600433
v 1.335971 0.875113 0.127321
v 1.075973 1.485113 0.121071
v 1.075973 1.485113 1.600434
v 1.075973 0.886363 0.121071
v 1.075973 0.886363 1.600434
v 1.250972 1.485113 1.600434
v 1.250972 1.485113 0.121071
v 1.250972 0.886363 1.600434
v 1.250972 0.886363 0.121071
v 1.250972 1.055113 0.121071
v 1.250972 1.055113 1.600434
v 1.250972 0.823863 0.121071
v 1.250972 0.823863 1.600434
v 1.300971 1.055113 1.600434
v 1.300971 1.055113 0.121071
v 1.300971 0.823863 1.600434
v 1.300971 0.823863 0.121071
v 1.065230 1.636222 0.121071
v 1.065230 1.636221 1.600434
v 1.113759 1.455110 0.121071
v 1.113759 1.455110 1.600434
v 1.173896 1.665339 1.600434
v 1.173896 1.665339 0.121071
v 1.222424 1.484227 1.600434
v 1.222425 1.484228 0.121071
v 1.162854 1.640738 1.381112
v 1.191972 1.640738 1.489778
v 1.162854 1.454488 1.381112
v 1.191972 1.454488 1.489778
v 1.246304 1.640738 1.475219
v 1.217188 1.640738 1.366554
v 1.246304 1.454488 1.475219
v 1.217188 1.454488 1.366554
v 1.225504 1.709488 1.419324
v 1.240062 1.709488 1.473657
v 1.225504 1.591988 1.419324
v 1.240062 1.591988 1.473657
v 1.584170 1.709488 1.381453
v 1.569612 1.709488 1.327121
v 1.584170 1.591988 1.381453
v 1.569612 1.591988 1.327121
v 1.277991 1.765738 1.376143
v 1.292549 1.765738 1.430476
v 1.277991 1.585738 1.376143
v 1.292549 1.585738 1.430476
v 1.624583 1.765738 1.341508
v 1.610025 1.765738 1.287175
v 1.624583 1.585738 1.341508
v 1.610025 1.585738 1.287175
v 0.851951 2.314806 1.068856
v 1.119703 1.639344 1.615680
v 0.868549 2.266828 1.001465
v 1.136301 1.591365 1.548288
v 1.166463 1.657017 1.614614
v 0.898711 2.332479 1.067791
v 1.183061 1.609039 1.547223
v 0.915309 2.284501 1.000399
v 0.848557 2.314870 0.122311
v 0.848558 2.314870 1.076678
v 0.870083 2.262902 0.122311
v 0.870083 2.262902 1.076678
v 0.900525 2.336396 1.076678
v 0.900525 2.336396 0.122311
v 0.922051 2.284428 1.076678
v 0.922051 2.284428 0.122311
v 0.849296 2.254292 0.234810
v 0.849296 2.254292 1.584799
v 1.129131 1.578705 0.234810
v 1.129131 1.578705 1.584798
v 0.901264 2.275817 1.584799
v 0.901264 2.275818 0.234810
v 1.181099 1.600231 1.584799
v 1.181099 1.600231 0.234810
v 0.870083 2.262902 0.122311
v 0.870083 2.262902 0.234810
v 1.128392 1.639283 0.122311
v 1.128393 1.639283 0.234810
v 0.922051 2.284428 0.234810
v 0.922051 2.284428 0.122311
v 1.180360 1.660810 0.234810
v 1.180360 1.660810 0.122310
v 1.223842 1.544136 0.312944
v 1.223843 1.544136 0.537943
v 1.238401 1.489803 0.312945
v 1.238401 1.489802 0.537943
v 1.278175 1.558694 0.537942
v 1.278175 1.558694 0.312945
v 1.292734 1.504361 0.537943
v 1.292734 1.504361 0.312944
v 0.002916 1.403863 -2.955778
v 0.002917 1.403863 -2.843278
v 0.002916 0.953864 -2.955778
v 0.002917 0.953864 -2.843278
v 1.081656 1.403863 -2.843278
v 1.081655 1.403863 -2.955778
v 1.081656 0.953864 -2.843278
v 1.081655 0.953864 -2.955778
v 0.052915 1.505114 -2.999528
v 0.052916 1.505114 -2.943278
v 0.052915 1.448864 -2.999528
v 0.052916 1.448864 -2.943278
v 0.221664 1.505114 -2.943278
v 0.221665 1.505114 -2.999528
v 0.221664 1.448864 -2.943278
v 0.221665 1.448864 -2.999528
v -0.008959 2.399551 -2.608590
v -0.008958 2.379852 -2.555902
v -0.008959 1.629724 -2.896414
v -0.008959 1.610024 -2.843726
v 1.217277 2.379852 -2.555901
v 1.217277 2.399551 -2.608589
v 1.217277 1.610024 -2.843725
v 1.217277 1.629724 -2.896413
v 0.002916 2.404188 -2.614274
v 0.002916 2.388428 -2.572122
v 0.002916 1.642556 -2.899033
v 0.002916 1.626797 -2.856882
v 0.065416 2.388428 -2.572122
v 0.065416 2.404188 -2.614273
v 0.065416 1.626797 -2.856883
v 0.065415 1.642556 -2.899033
v 0.002917 1.656480 -2.899774
v 0.002916 1.632131 -2.789942
v 0.002916 1.403863 -2.955778
v 0.002917 1.379514 -2.845945
v 1.081655 1.632131 -2.789941
v 1.081656 1.656480 -2.899775
v 1.081656 1.379514 -2.845945
v 1.081655 1.403863 -2.955778
v 0.755469 2.378577 -2.612721
v 0.768244 2.347737 -2.518457
v 1.071332 1.616006 -2.905007
v 1.084106 1.585166 -2.810742
v 0.824831 2.371176 -2.518457
v 0.812057 2.402016 -2.612719
v 1.140692 1.608606 -2.810743
v 1.127919 1.639446 -2.905007
v 1.083502 0.940616 -0.848984
v 1.083502 0.940616 0.121633
v 1.040091 0.694414 -0.848984
v 1.040090 0.694414 0.121634
v 1.255842 0.910227 0.121633
v 1.255843 0.910227 -0.848983
v 1.212431 0.664025 0.121633
v 1.212430 0.664025 -0.848983
v 1.200347 0.987613 -0.918296
v 1.200347 0.987613 0.121071
v 1.200347 0.875113 -0.918296
v 1.200347 0.875113 0.121071
v 1.335971 0.987613 0.121071
v 1.335971 0.987613 -0.918296
v 1.335971 0.875113 0.121071
v 1.335971 0.875113 -0.918296
v 1.075974 1.485113 -1.049545
v 1.075973 1.485113 0.121071
v 1.075974 1.117613 -1.049545
v 1.075973 1.117613 0.121071
v 1.250972 1.485113 0.121071
v 1.250972 1.485113 -1.049545
v 1.250972 1.117613 0.121071
v 1.250972 1.117613 -1.049545
v 1.250972 1.055113 -0.924546
v 1.250972 1.055113 0.121071
v 1.250972 0.823863 -0.924546
v 1.250972 0.823863 0.121071
v 1.300971 1.055113 0.121071
v 1.300972 1.055113 -0.924546
v 1.300971 0.823863 0.121071
v 1.300972 0.823863 -0.924546
v 1.187441 1.085107 -0.924546
v 1.187441 1.085107 0.121071
v 1.268832 1.016811 -0.924546
v 1.268832 1.016811 0.121071
v 1.219580 1.123409 0.121071
v 1.219580 1.123409 -0.924546
v 1.300971 1.055113 0.121071
v 1.300972 1.055113 -0.924546
v 1.075973 1.117613 -0.924546
v 1.075973 1.117613 0.121071
v 1.075973 0.886363 -0.924546
v 1.075973 0.886363 0.121071
v 1.250972 1.117613 0.121071
v 1.250972 1.117613 -0.924546
v 1.250972 0.886363 0.121071
v 1.250972 0.886363 -0.924546
v 1.185809 1.533945 -0.849546
v 1.185810 1.533945 -0.624548
v 1.200367 1.479612 -0.849546
v 1.200368 1.479612 -0.624548
v 1.240143 1.548504 -0.624548
v 1.240142 1.548504 -0.849546
v 1.254701 1.494170 -0.624548
v 1.254700 1.494170 -0.849545
v 0.858548 2.290751 -1.051139
v 0.858548 2.290751 -0.909890
v 1.129773 1.635952 -1.051139
v 1.129772 1.635952 -0.909890
v 0.905319 2.310125 -0.909890
v 0.905319 2.310125 -1.051139
v 1.176543 1.655325 -0.909890
v 1.176544 1.655325 -1.051139
v 0.849296 2.254292 -1.040179
v 0.849296 2.254292 0.009811
v 1.129131 1.578705 -1.040180
v 1.129131 1.578705 0.009811
v 0.901264 2.275818 0.009812
v 0.901264 2.275818 -1.040180
v 1.181099 1.600231 0.009811
v 1.181099 1.600231 -1.040179
v 0.848557 2.314871 -1.053930
v 0.848557 2.314870 0.122311
v 0.870084 2.262902 -1.053931
v 0.870083 2.262902 0.122311
v 0.900525 2.336396 0.122311
v 0.900525 2.336396 -1.053930
v 0.922051 2.284428 0.122311
v 0.922051 2.284428 -1.053929
v 0.870083 2.262902 0.009812
v 0.870083 2.262902 0.122311
v 1.128393 1.639283 0.009812
v 1.128392 1.639283 0.122311
v 0.922051 2.284428 0.122311
v 0.922051 2.284428 0.009811
v 1.180360 1.660810 0.122310
v 1.180360 1.660810 0.009812
v 1.065230 1.636222 -1.049544
v 1.065230 1.636222 0.121071
v 1.113759 1.455111 -1.049545
v 1.113759 1.455110 0.121071
v 1.173896 1.665339 0.121071
v 1.173896 1.665339 -1.049544
v 1.222425 1.484228 0.121071
v 1.222424 1.484228 -1.049544
v 1.080049 0.921803 -0.919876
v 1.075422 0.955506 -0.799596
v 1.045347 0.690356 -0.856361
v 1.040721 0.724059 -0.736080
v 1.248499 0.933105 -0.786662
v 1.253125 0.899402 -0.906943
v 1.213797 0.701658 -0.723147
v 1.218424 0.667955 -0.843428
v 1.079739 1.121665 -1.048283
v 1.079739 1.184165 -0.940030
v 1.074852 0.879215 -0.908305
v 1.074853 0.941715 -0.800053
v 1.248462 1.181615 -0.938558
v 1.248462 1.119115 -1.046810
v 1.243575 0.939165 -0.798580
v 1.243575 0.876665 -0.906832
v -1.075973 1.403863 -2.955778
v -1.075973 1.403863 -2.843278
v -1.075973 0.953864 -2.955778
v -1.075973 0.953864 -2.843278
v 0.002768 1.403863 -2.843278
v 0.002768 1.403863 -2.955778
v 0.002768 0.953864 -2.843278
v 0.002768 0.953864 -2.955778
v -1.075973 1.656480 -2.899774
v -1.075973 1.632131 -2.789943
v -1.075973 1.403863 -2.955778
v -1.075974 1.379514 -2.845945
v 0.002768 1.632131 -2.789942
v 0.002768 1.656480 -2.899775
v 0.002768 1.379514 -2.845945
v 0.002768 1.403863 -2.955778
v -0.215980 1.505114 -2.999528
v -0.215980 1.505114 -2.943278
v -0.215980 1.448864 -2.999528
v -0.215980 1.448864 -2.943278
v -0.047231 1.505114 -2.943278
v -0.047232 1.505114 -2.999528
v -0.047231 1.448864 -2.943278
v -0.047232 1.448864 -2.999528
v -0.806372 2.402016 -2.612719
v -0.819147 2.371176 -2.518457
v -1.124492 1.634002 -2.907092
v -1.137265 1.603163 -2.812828
v -0.762560 2.347737 -2.518458
v -0.749786 2.378577 -2.612721
v -1.080679 1.579723 -2.812829
v -1.067904 1.610563 -2.907092
v -0.059732 2.404188 -2.614273
v -0.059731 2.388428 -2.572124
v -0.059732 1.642556 -2.899034
v -0.059731 1.626797 -2.856882
v 0.002768 2.388428 -2.572124
v 0.002768 2.404188 -2.614273
v 0.002768 1.626797 -2.856883
v 0.002768 1.642556 -2.899034
v -1.211597 2.399551 -2.608590
v -1.211597 2.379852 -2.555901
v -1.211597 1.629724 -2.896414
v -1.211597 1.610024 -2.843725
v 0.014642 2.379852 -2.555902
v 0.014643 2.399551 -2.608589
v 0.014643 1.610024 -2.843726
v 0.014643 1.629724 -2.896413
v -1.240142 1.548504 -0.849546
v -1.240142 1.548504 -0.624548
v -1.254701 1.494170 -0.849546
v -1.254701 1.494170 -0.624548
v -1.185809 1.533945 -0.624548
v -1.185809 1.533945 -0.849546
v -1.200368 1.479612 -0.624548
v -1.200368 1.479612 -0.849546
v -1.255842 0.910227 -0.848983
v -1.255842 0.910227 0.121633
v -1.212430 0.664025 -0.848984
v -1.212431 0.664025 0.121633
v -1.083502 0.940616 0.121633
v -1.083502 0.940616 -0.848984
v -1.040091 0.694414 0.121634
v -1.040091 0.694414 -0.848984
v -1.335971 0.987613 -0.918295
v -1.335971 0.987613 0.121071
v -1.335971 0.875113 -0.918295
v -1.335971 0.875113 0.121071
v -1.200347 0.987613 0.121071
v -1.200347 0.987613 -0.918296
v -1.200347 0.875113 0.121071
v -1.200347 0.875113 -0.918296
v -1.250972 1.485113 -1.049545
v -1.250972 1.485113 0.121071
v -1.250972 1.117613 -1.049545
v -1.250972 1.117613 0.121071
v -1.075973 1.485113 0.121071
v -1.075973 1.485113 -1.049545
v -1.075973 1.117613 0.121071
v -1.075973 1.117613 -1.049545
v -1.300972 1.055113 -0.924545
v -1.300972 1.055113 0.121071
v -1.300972 0.823863 -0.924545
v -1.300972 0.823863 0.121071
v -1.250972 1.055113 0.121071
v -1.250972 1.055113 -0.924545
v -1.250972 0.823863 0.121071
v -1.250972 0.823863 -0.924545
v -1.219580 1.123409 -0.924546
v -1.219580 1.123409 0.121071
v -1.300972 1.055113 -0.924545
v -1.300972 1.055113 0.121071
v -1.187441 1.085107 0.121071
v -1.187441 1.085107 -0.924546
v -1.268832 1.016811 0.121071
v -1.268832 1.016811 -0.924545
v -1.250972 1.117613 -0.924545
v -1.250972 1.117613 0.121071
v -1.250972 0.886363 -0.924545
v -1.250972 0.886363 0.121071
v -1.075973 1.117613 0.121071
v -1.075973 1.117613 -0.924546
v -1.075973 0.886363 0.121071
v -1.075973 0.886363 -0.924546
v -0.905318 2.310125 -1.051139
v -0.905319 2.310125 -0.909890
v -1.176543 1.655325 -1.051139
v -1.176544 1.655325 -0.909891
v -0.858548 2.290751 -0.909890
v -0.858548 2.290751 -1.051139
v -1.129773 1.635952 -0.909890
v -1.129772 1.635952 -1.051139
v -0.901264 2.275818 -1.040180
v -0.901264 2.275818 0.009812
v -1.181099 1.600231 -1.040179
v -1.181099 1.600231 0.009812
v -0.849296 2.254292 0.009812
v -0.849296 2.254292 -1.040180
v -1.129131 1.578705 0.009811
v -1.129131 1.578705 -1.040180
v -0.900525 2.336396 -1.053930
v -0.900525 2.336396 0.122311
v -0.922051 2.284428 -1.053930
v -0.922051 2.284428 0.122311
v -0.848557 2.314870 0.122311
v -0.848558 2.314871 -1.053930
v -0.870083 2.262902 0.122311
v -0.870083 2.262902 -1.053930
v -0.922051 2.284428 0.009812
v -0.922051 2.284428 0.122311
v -1.180361 1.660810 0.009811
v -1.180360 1.660810 0.122311
v -0.870083 2.262902 0.122311
v -0.870083 2.262902 0.009812
v -1.128392 1.639283 0.122311
v -1.128392 1.639283 0.009811
v -1.173896 1.665339 -1.049545
v -1.173896 1.665339 0.121071
v -1.222425 1.484228 -1.049544
v -1.222424 1.484228 0.121071
v -1.065231 1.636222 0.121071
v -1.065230 1.636222 -1.049544
v -1.113759 1.455110 0.121071
v -1.113758 1.455111 -1.049544
v -1.253125 0.899402 -0.906943
v -1.248499 0.933105 -0.786662
v -1.218423 0.667955 -0.843428
v -1.213797 0.701658 -0.723147
v -1.075423 0.955506 -0.799596
v -1.080049 0.921803 -0.919876
v -1.040721 0.724059 -0.736080
v -1.045347 0.690356 -0.856361
v -1.248461 1.119115 -1.046810
v -1.248462 1.181615 -0.938558
v -1.243575 0.876665 -0.906832
v -1.243575 0.939165 -0.798580
v -1.079739 1.184165 -0.940030
v -1.079739 1.121665 -1.048283
v -1.074852 0.941715 -0.800052
v -1.074852 0.879215 -0.908305
v -1.251501 0.885607 0.121633
v -1.251501 0.885607 1.600996
v -1.212431 0.664025 0.121633
v -1.212430 0.664025 1.600996
v -1.079161 0.915995 1.600996
v -1.079161 0.915996 0.121633
v -1.040091 0.694413 1.600996
v -1.040091 0.694414 0.121634
v -1.335971 0.987613 0.127321
v -1.335971 0.987613 1.600434
v -1.335971 0.875113 0.127321
v -1.335971 0.875113 1.600434
v -1.200348 0.987613 1.600434
v -1.200347 0.987613 0.127321
v -1.200348 0.875113 1.600434
v -1.200347 0.875113 0.127321
v -1.300972 1.055113 0.121071
v -1.300971 1.055113 1.600434
v -1.300972 0.823863 0.121071
v -1.300971 0.823863 1.600434
v -1.250972 1.055113 1.600434
v -1.250972 1.055113 0.121071
v -1.250972 0.823863 1.600434
v -1.250972 0.823863 0.121071
v -1.250972 1.485113 0.121071
v -1.250972 1.485113 1.600434
v -1.250972 0.886363 0.121071
v -1.250972 0.886363 1.600434
v -1.075973 1.485113 1.600434
v -1.075973 1.485113 0.121071
v -1.075973 0.886363 1.600434
v -1.075973 0.886363 0.121071
v -1.219580 1.123409 0.121071
v -1.219580 1.123409 1.600434
v -1.300972 1.055113 0.121071
v -1.300971 1.055113 1.600434
v -1.187441 1.085107 1.600434
v -1.187441 1.085107 0.121071
v -1.268832 1.016811 1.600434
v -1.268832 1.016811 0.121071
v -1.173896 1.665339 0.121071
v -1.173896 1.665339 1.600434
v -1.222424 1.484228 0.121071
v -1.222424 1.484227 1.600434
v -1.065231 1.636221 1.600434
v -1.065231 1.636222 0.121071
v -1.113759 1.455110 1.600434
v -1.113759 1.455110 0.121071
v -1.610025 1.765738 1.287175
v -1.624583 1.765738 1.341508
v -1.610025 1.585738 1.287175
v -1.624583 1.585738 1.341508
v -1.292549 1.765738 1.430476
v -1.277990 1.765738 1.376143
v -1.292549 1.585738 1.430476
v -1.277990 1.585738 1.376143
v -1.569612 1.709488 1.327121
v -1.584170 1.709488 1.381454
v -1.569612 1.591988 1.327121
v -1.584170 1.591988 1.381454
v -1.240062 1.709488 1.473657
v -1.225504 1.709488 1.419324
v -1.240062 1.591988 1.473657
v -1.225504 1.591988 1.419324
v -1.217187 1.640738 1.366554
v -1.246304 1.640738 1.475220
v -1.217187 1.454488 1.366554
v -1.246304 1.454488 1.475220
v -1.191971 1.640738 1.489778
v -1.162854 1.640738 1.381112
v -1.191971 1.454488 1.489778
v -1.162854 1.454488 1.381112
v -1.278176 1.558694 0.312945
v -1.278175 1.558694 0.537943
v -1.292734 1.504361 0.312944
v -1.292734 1.504361 0.537942
v -1.223842 1.544136 0.537942
v -1.223842 1.544136 0.312944
v -1.238400 1.489802 0.537942
v -1.238401 1.489803 0.312944
v -0.922051 2.284428 0.122311
v -0.922051 2.284428 0.234810
v -1.180360 1.660810 0.122311
v -1.180360 1.660810 0.234810
v -0.870083 2.262902 0.234810
v -0.870083 2.262902 0.122311
v -1.128392 1.639283 0.234810
v -1.128392 1.639283 0.122311
v -0.900525 2.336396 0.122311
v -0.900525 2.336396 1.076677
v -0.922051 2.284428 0.122311
v -0.922051 2.284428 1.076678
v -0.848557 2.314870 1.076678
v -0.848557 2.314870 0.122311
v -0.870083 2.262902 1.076678
v -0.870083 2.262902 0.122311
v -0.901264 2.275818 0.234810
v -0.901264 2.275817 1.584799
v -1.181099 1.600231 0.234810
v -1.181099 1.600231 1.584798
v -0.849296 2.254292 1.584799
v -0.849296 2.254292 0.234810
v -1.129130 1.578705 1.584798
v -1.129131 1.578705 0.234809
v -0.898711 2.332479 1.067791
v -1.166463 1.657017 1.614614
v -0.915309 2.284501 1.000399
v -1.183061 1.609039 1.547223
v -1.119703 1.639344 1.615680
v -0.851951 2.314806 1.068856
v -1.136302 1.591365 1.548288
v -0.868549 2.266828 1.001465
v -0.824704 2.515049 -2.313880
v -0.824704 2.515049 0.086048
v -0.824704 2.390049 -2.313880
v -0.824704 2.390049 0.086048
v -0.762206 2.515049 0.086048
v -0.762206 2.515049 -2.313879
v -0.762206 2.390049 0.086048
v -0.762206 2.390049 -2.313879
v 0.762206 2.515049 -2.313881
v 0.762206 2.515049 0.086051
v 0.762206 2.390049 -2.313881
v 0.762206 2.390049 0.086051
v 0.824705 2.515049 0.086051
v 0.824704 2.515049 -2.313880
v 0.824705 2.390049 0.086051
v 0.824704 2.390049 -2.313880
v -1.398092 0.569514 1.707241
v -1.398092 0.569515 -0.832729
v -1.398092 0.625764 1.707240
v -1.398092 0.625764 -0.832729
v 1.401885 0.569514 -0.832730
v 1.401885 0.569514 1.707241
v 1.401885 0.625764 -0.832730
v 1.401885 0.625764 1.707240
v -0.623086 1.687088 1.616737
v -0.623086 1.515524 3.398482
v -0.623086 1.625498 1.610807
v -0.623086 1.453933 3.392552
v 0.631903 1.515524 3.398482
v 0.631903 1.687088 1.616737
v 0.631904 1.453933 3.392552
v 0.631904 1.625498 1.610807
v -1.185582 1.664692 1.614581
v -1.185582 1.494325 3.383883
v -1.185581 1.625498 1.610807
v -1.185581 1.455132 3.380109
v 1.188149 1.494325 3.383883
v 1.188149 1.664692 1.614581
v 1.188150 1.455132 3.380109
v 1.188149 1.625498 1.610807
v -1.076764 1.517563 3.133765
v -1.124466 1.494041 3.378039
v -1.076764 1.472148 3.129391
v -1.124467 1.448626 3.373666
v -0.573533 1.483777 3.484637
v -0.525831 1.507298 3.240361
v -0.573533 1.438362 3.480263
v -0.525831 1.461884 3.235989
v -0.616593 1.530439 3.241672
v -0.634170 1.506918 3.489939
v -0.617388 1.462628 3.235191
v -0.634965 1.439106 3.483460
v 0.006691 1.495167 3.534198
v 0.024268 1.518689 3.285931
v 0.005896 1.427356 3.527718
v 0.023472 1.450877 3.279449
v 0.525830 1.507298 3.240362
v 0.573533 1.483777 3.484637
v 0.525831 1.461884 3.235989
v 0.573533 1.438362 3.480263
v 1.124467 1.494041 3.378039
v 1.076764 1.517563 3.133763
v 1.124466 1.448626 3.373665
v 1.076764 1.472148 3.129391
v -0.011799 1.518918 3.285069
v 0.005777 1.495396 3.533337
v -0.011005 1.451106 3.278588
v 0.006572 1.427585 3.526857
v 0.634170 1.506918 3.489941
v 0.616593 1.530439 3.241673
v 0.634965 1.439106 3.483459
v 0.617388 1.462628 3.235192
v -1.193939 1.367504 3.245130
v -1.234711 1.367504 3.421732
v -1.193939 1.020629 3.245130
v -1.234711 1.020629 3.421732
v -0.693940 1.367504 3.546579
v -0.653168 1.367504 3.369975
v -0.693940 1.020629 3.546579
v -0.653168 1.020629 3.369975
v 0.653168 1.367504 3.369976
v 0.693940 1.367504 3.546579
v 0.653168 1.020629 3.369976
v 0.693940 1.020629 3.546579
v 1.234711 1.367504 3.421732
v 1.193939 1.367504 3.245129
v 1.234711 1.020629 3.421732
v 1.193939 1.020629 3.245129
v 1.090445 1.601584 -2.941056
v 1.090445 1.571400 -2.711785
v 1.107893 1.205384 -2.993217
v 1.107893 1.175200 -2.763947
v 1.252789 1.578428 -2.710860
v 1.252790 1.608612 -2.940129
v 1.270237 1.182227 -2.763021
v 1.270237 1.212412 -2.992290
v -1.252789 1.608612 -2.940131
v -1.252789 1.578428 -2.710860
v -1.270237 1.212412 -2.992290
v -1.270237 1.182227 -2.763020
v -1.090446 1.571400 -2.711785
v -1.090445 1.601584 -2.941056
v -1.107893 1.175200 -2.763945
v -1.107893 1.205384 -2.993216
v 1.181256 1.367504 3.241699
v 1.182838 1.367504 3.422940
v 1.181256 0.976879 3.241698
v 1.182838 0.976879 3.422940
v 1.257834 1.367504 3.422285
v 1.256253 1.367504 3.241045
v 1.257834 0.976879 3.422285
v 1.256253 0.976879 3.241045
v -1.256252 1.367504 3.241044
v -1.257835 1.367504 3.422286
v -1.256252 0.976879 3.241043
v -1.257835 0.976879 3.422286
v -1.182837 1.367504 3.422940
v -1.181256 1.367504 3.241698
v -1.182837 0.976879 3.422940
v -1.181256 0.976879 3.241698
v -1.214445 0.670178 -0.973983
v -1.214445 0.670178 1.813494
v -1.194910 0.559387 -0.973983
v -1.194910 0.559387 1.813494
v -1.075957 0.694597 1.813493
v -1.075958 0.694597 -0.973983
v -1.056423 0.583806 1.813494
v -1.056422 0.583806 -0.973983
v -1.250973 0.897614 -2.787030
v -1.250972 0.897613 -2.162035
v -1.201157 0.615097 -2.787029
v -1.201157 0.615097 -2.162036
v -1.140182 0.917149 -2.162037
v -1.140181 0.917149 -2.787030
v -1.090367 0.634632 -2.162036
v -1.090367 0.634632 -2.787029
v -0.877331 2.408727 1.071624
v -1.183176 1.637168 1.696244
v -0.887290 2.379941 1.031190
v -1.193135 1.608381 1.655809
v -1.135832 1.619274 1.697322
v -0.829987 2.390833 1.072703
v -1.145791 1.590487 1.656887
v -0.839946 2.362046 1.032268
v -1.185848 1.622871 1.902198
v -1.189807 1.495452 3.377940
v -1.234059 1.450748 1.887208
v -1.238018 1.323329 3.362950
v -1.033288 1.451901 3.374601
v -1.029329 1.579320 1.898858
v -1.081499 1.279778 3.359610
v -1.077541 1.407197 1.883867
v -1.184524 1.623522 1.595024
v -1.182598 1.630466 1.898685
v -1.223912 1.481421 1.598523
v -1.221987 1.488366 1.902185
v -1.018777 1.585057 1.898686
v -1.020702 1.578113 1.595024
v -1.058165 1.442957 1.902184
v -1.060090 1.436012 1.598523
v -1.398092 0.625764 -0.832734
v -1.398092 0.625764 1.707245
v -1.398092 0.569514 -0.832734
v -1.398092 0.569514 1.707245
v 1.401885 0.625764 1.707245
v 1.401885 0.625764 -0.832734
v 1.401885 0.569514 1.707245
v 1.401885 0.569514 -0.832734
v -1.250971 1.485113 -2.955778
v -1.250972 1.485113 -2.162035
v -1.250971 0.897614 -2.955778
v -1.250972 0.897613 -2.162035
v -1.075973 1.485113 -2.162035
v -1.075973 1.485113 -2.955778
v -1.075973 0.897613 -2.162035
v -1.075973 0.897614 -2.955778
v -1.213419 0.978863 3.083370
v -1.314647 0.978862 3.521833
v -1.213419 0.753863 3.083370
v -1.314647 0.753863 3.521833
v -0.707498 0.978862 3.662006
v -0.606270 0.978863 3.223541
v -0.707498 0.753862 3.662006
v -0.606270 0.753863 3.223541
v -1.251535 0.891425 1.600996
v -1.251534 0.891425 1.819744
v -1.213471 0.663963 1.600996
v -1.213470 0.663963 1.819744
v -1.196056 0.900709 1.819744
v -1.196056 0.900709 1.600997
v -1.157992 0.673247 1.819744
v -1.157992 0.673247 1.600996
v -1.194723 0.897614 -2.955778
v -1.194722 0.897614 -2.843278
v -1.194723 0.672614 -2.955778
v -1.194722 0.672614 -2.843278
v -0.182230 0.897614 -2.843277
v -0.182231 0.897614 -2.955778
v -0.182230 0.672614 -2.843277
v -0.182231 0.672614 -2.955778
v -1.122494 2.413634 1.034513
v -1.122494 1.563325 1.748001
v -1.122494 2.373460 0.986636
v -1.122495 1.523151 1.700124
v 1.114362 1.563325 1.748001
v 1.114362 2.413634 1.034513
v 1.114362 1.523151 1.700124
v 1.114362 2.373460 0.986636
v -0.686967 0.810112 3.339351
v -0.713494 0.810112 3.642565
v -0.686967 0.641362 3.339351
v -0.713494 0.641362 3.642565
v -0.103331 0.810112 3.695946
v -0.076802 0.810112 3.392733
v -0.103331 0.641362 3.695946
v -0.076802 0.641362 3.392733
v -0.232856 0.916364 -3.141402
v -0.232855 0.916362 3.756667
v -0.232856 0.635114 -3.141402
v -0.232855 0.635112 3.756667
v 0.233391 0.916362 3.756666
v 0.233391 0.916364 -3.141402
v 0.233391 0.635112 3.756666
v 0.233391 0.635114 -3.141402
v -1.122786 1.029740 1.382626
v -1.122785 1.607576 1.280739
v -1.122785 1.095054 1.753034
v -1.122785 1.672890 1.651147
v 1.134571 1.607576 1.280739
v 1.134571 1.029740 1.382626
v 1.134571 1.672890 1.651147
v 1.134571 1.095054 1.753034
v -1.250449 0.936988 3.148377
v -1.340909 0.936987 3.525168
v -1.250449 0.845738 3.148377
v -1.340909 0.845737 3.525168
v -0.711304 0.936987 3.676323
v -0.620845 0.936988 3.299533
v -0.711304 0.845737 3.676323
v -0.620845 0.845738 3.299533
v -1.173896 1.665339 -2.905778
v -1.173896 1.665339 -1.049545
v -1.222424 1.484228 -2.905778
v -1.222425 1.484228 -1.049544
v -1.035046 1.628134 -1.049545
v -1.035045 1.628134 -2.905778
v -1.083574 1.447022 -1.049545
v -1.083574 1.447023 -2.905778
v -1.116844 0.732014 -0.980233
v -1.116844 0.732014 1.825994
v -1.116844 0.619514 -0.980233
v -1.116844 0.619514 1.825994
v 1.114387 0.732014 1.825994
v 1.114387 0.732014 -0.980232
v 1.114387 0.619514 1.825994
v 1.114387 0.619514 -0.980232
v -1.179976 1.667757 -2.896607
v -1.179976 1.643407 -2.786774
v -1.235946 1.463826 -2.941818
v -1.235946 1.439477 -2.831983
v -1.035088 1.605505 -2.795177
v -1.035088 1.629854 -2.905010
v -1.091058 1.401574 -2.840388
v -1.091058 1.425924 -2.950220
v -1.199322 1.039744 3.239602
v -1.241459 1.031566 3.422119
v -1.198770 0.983548 3.237210
v -1.240908 0.975369 3.419729
v -0.636746 1.031566 3.561729
v -0.594608 1.039744 3.379209
v -0.636194 0.975369 3.559338
v -0.594057 0.983548 3.376819
v -1.180396 1.422932 3.179161
v -1.238040 1.422932 3.428841
v -1.180396 1.360432 3.179161
v -1.238040 1.360432 3.428841
v -0.633326 1.422932 3.568449
v -0.575683 1.422932 3.318769
v -0.633326 1.360432 3.568449
v -0.575683 1.360432 3.318769
v -1.198090 1.260965 3.240267
v -1.241914 1.252459 3.430085
v -1.197116 1.161685 3.236043
v -1.240939 1.153179 3.425863
v -0.631112 1.252459 3.571100
v -0.587287 1.260965 3.381282
v -0.630136 1.153179 3.566877
v -0.586312 1.161685 3.377059
v 0.487496 1.389821 1.021686
v 0.487496 1.532629 1.099223
v 0.487496 1.181064 1.406165
v 0.487496 1.323872 1.483703
v 0.624995 1.532629 1.099223
v 0.624995 1.389821 1.021686
v 0.624995 1.323872 1.483703
v 0.624995 1.181064 1.406165
v -1.039717 1.653104 0.197878
v -1.039718 1.691489 0.341130
v -1.039718 0.718068 0.448419
v -1.039718 0.756452 0.591670
v -0.253067 1.691489 0.341130
v -0.253067 1.653104 0.197879
v -0.253067 0.756452 0.591670
v -0.253067 0.718068 0.448419
v -1.040380 0.875485 0.494194
v -1.040380 0.932386 1.144572
v -1.040380 0.648582 0.514045
v -1.040380 0.705483 1.164423
v -0.252169 0.932386 1.144571
v -0.252169 0.875485 0.494194
v -0.252169 0.705483 1.164423
v -0.252169 0.648582 0.514045
v -0.914719 1.780315 0.189674
v -0.914719 1.818700 0.332926
v -0.914719 1.569723 0.246102
v -0.914719 1.608108 0.389353
v -0.384316 1.818700 0.332926
v -0.384316 1.780315 0.189674
v -0.384316 1.608108 0.389353
v -0.384316 1.569723 0.246102
v -0.977218 1.660926 -1.389155
v -0.977218 1.758266 -1.202169
v -0.977218 0.746843 -0.913317
v -0.977218 0.844183 -0.726332
v 1.053172 1.758266 -1.202170
v 1.053172 1.660926 -1.389155
v 1.053172 0.844183 -0.726331
v 1.053172 0.746843 -0.913318
v -0.977881 0.990277 -0.838153
v -0.977880 1.047178 -0.187775
v -0.977881 0.701112 -0.812855
v -0.977881 0.758013 -0.162477
v 1.060320 1.047178 -0.187776
v 1.060320 0.990277 -0.838153
v 1.060321 0.758013 -0.162477
v 1.060320 0.701112 -0.812854
v -0.095306 2.092663 1.181997
v -0.095306 2.234029 1.155925
v -0.095306 2.098331 1.212728
v -0.095306 2.239697 1.186656
v 0.085943 2.234029 1.155924
v 0.085943 2.092663 1.181997
v 0.085943 2.239697 1.186656
v 0.085943 2.098331 1.212728
v -0.220305 2.045104 1.165347
v -0.220305 2.155738 1.144943
v -0.220305 2.050772 1.196078
v -0.220305 2.161407 1.175674
v 0.210942 2.155738 1.144943
v 0.210942 2.045104 1.165347
v 0.210942 2.161407 1.175674
v 0.210942 2.050772 1.196078
v 0.781244 0.894459 1.649017
v 0.781244 0.864637 1.703943
v 0.781244 0.729681 1.559550
v 0.781243 0.699859 1.614476
v 0.906242 0.864637 1.703942
v 0.906242 0.894459 1.649017
v 0.906242 0.699859 1.614476
v 0.906242 0.729681 1.559551
v -1.255257 0.902605 3.043260
v -1.255257 0.887338 3.392926
v -1.255257 0.552938 3.027993
v -1.255257 0.537672 3.377658
v 1.257222 0.887338 3.392924
v 1.257222 0.902605 3.043260
v 1.257222 0.537672 3.377658
v 1.257222 0.552938 3.027994
v -1.248445 1.128359 2.990677
v -1.248445 1.117045 3.249803
v -1.248445 0.892334 2.980372
v -1.248444 0.881020 3.239497
v 1.251535 1.117045 3.249803
v 1.251534 1.128359 2.990677
v 1.251535 0.881020 3.239499
v 1.251535 0.892334 2.980371
v -1.195637 1.350764 1.644746
v -1.195637 1.350764 1.825994
v -1.195637 0.732014 1.644746
v -1.195637 0.732014 1.825994
v 1.173093 1.350764 1.825994
v 1.173093 1.350764 1.644746
v 1.173093 0.732014 1.825994
v 1.173093 0.732014 1.644746
v -1.342131 0.993239 -2.780780
v -1.342131 0.993238 -2.155159
v -1.342131 0.880738 -2.780780
v -1.342131 0.880738 -2.155159
v 1.342847 0.993238 -2.155161
v 1.342847 0.993239 -2.780779
v 1.342847 0.880738 -2.155161
v 1.342847 0.880738 -2.780779
v 0.182231 0.897614 -2.955779
v 0.182231 0.897614 -2.843278
v 0.182231 0.672614 -2.955779
v 0.182231 0.672614 -2.843278
v 1.194722 0.897614 -2.843278
v 1.194722 0.897614 -2.955778
v 1.194722 0.672614 -2.843278
v 1.194722 0.672614 -2.955778
v -1.301569 0.953301 -3.062090
v -1.301570 0.953301 -2.787592
v -1.301569 0.628176 -3.062090
v -1.301570 0.628176 -2.787592
v 1.301034 0.953301 -2.787592
v 1.301034 0.953301 -3.062090
v 1.301034 0.628176 -2.787592
v 1.301034 0.628176 -3.062090
v -1.301007 0.952739 -3.124527
v -1.301007 0.952738 -3.058152
v -1.301007 0.841364 -3.124527
v -1.301007 0.841364 -3.058152
v 1.301596 0.952738 -3.058152
v 1.301596 0.952739 -3.124527
v 1.301596 0.841364 -3.058152
v 1.301596 0.841364 -3.124527
v -1.247820 1.182863 2.831435
v -1.247820 1.231013 2.984147
v -1.247820 0.863248 2.932208
v -1.247820 0.911399 3.084921
v 1.249784 1.231013 2.984147
v 1.249784 1.182863 2.831435
v 1.249784 0.911399 3.084922
v 1.249784 0.863248 2.932208
v -1.301508 0.840922 -3.123761
v -1.301506 0.869715 -3.016303
v -1.301507 0.624796 -3.065850
v -1.301507 0.653589 -2.958393
v 1.300971 0.869715 -3.016303
v 1.300971 0.840922 -3.123761
v 1.300971 0.653589 -2.958392
v 1.300970 0.624796 -3.065850
v 0.804732 2.384653 1.072703
v 1.137316 1.624238 1.697322
v 0.817042 2.352722 1.027276
v 1.149627 1.592307 1.651895
v 1.184007 1.643774 1.696244
v 0.851422 2.404189 1.071625
v 1.196318 1.611843 1.650817
v 0.863732 2.372258 1.026198
v 0.629348 1.182014 -2.143348
v 0.629348 1.182014 -1.092731
v 0.629348 0.619514 -2.143348
v 0.629348 0.619514 -1.092732
v 0.835596 1.182014 -1.092732
v 0.835596 1.182014 -2.143348
v 0.835596 0.619514 -1.092732
v 0.835596 0.619514 -2.143348
v -0.642137 0.993238 -2.167660
v -0.642138 0.993238 -0.917671
v -0.642137 0.630738 -2.167660
v -0.642138 0.630738 -0.917671
v 0.642852 0.993238 -0.917671
v 0.642852 0.993238 -2.167660
v 0.642852 0.630738 -0.917671
v 0.642852 0.630738 -2.167660
v -0.835596 1.182014 -2.143348
v -0.835596 1.182014 -1.092732
v -0.835596 0.619514 -2.143348
v -0.835596 0.619514 -1.092732
v -0.629348 1.182014 -1.092732
v -0.629348 1.182014 -2.143348
v -0.629348 0.619514 -1.092733
v -0.629348 0.619514 -2.143348
v -0.376542 1.481633 1.894202
v -0.376542 1.387636 3.238410
v -0.376542 1.294590 1.881123
v -0.376542 1.200593 3.225330
v 0.379702 1.387636 3.238409
v 0.379702 1.481633 1.894202
v 0.379703 1.200593 3.225331
v 0.379702 1.294590 1.881122
v 0.252169 0.875485 0.494194
v 0.252169 0.932386 1.144571
v 0.252169 0.648582 0.514045
v 0.252169 0.705483 1.164422
v 1.040380 0.932386 1.144571
v 1.040381 0.875485 0.494194
v 1.040380 0.705483 1.164423
v 1.040380 0.648582 0.514045
v 0.253067 1.653104 0.197879
v 0.253067 1.691489 0.341130
v 0.253067 0.718068 0.448419
v 0.253067 0.756452 0.591670
v 1.039718 1.691489 0.341130
v 1.039718 1.653104 0.197879
v 1.039718 0.756452 0.591670
v 1.039718 0.718068 0.448419
v 0.384316 1.780315 0.189674
v 0.384316 1.818700 0.332926
v 0.384316 1.569723 0.246102
v 0.384316 1.608108 0.389353
v 0.914719 1.818700 0.332926
v 0.914719 1.780315 0.189674
v 0.914719 1.608108 0.389354
v 0.914719 1.569723 0.246102
v -0.251543 1.610689 1.840575
v -0.251543 1.507972 3.309477
v -0.251542 1.298950 1.818776
v -0.251542 1.196233 3.287678
v 0.254703 1.507972 3.309476
v 0.254703 1.610689 1.840575
v 0.254704 1.196233 3.287677
v 0.254703 1.298950 1.818776
v -1.185622 1.487820 3.364548
v -1.200766 1.419925 3.436387
v -1.180107 1.458912 3.338388
v -1.195251 1.391016 3.410228
v -0.621014 1.419925 3.558605
v -0.605870 1.487820 3.486767
v -0.615499 1.391016 3.532445
v -0.600355 1.458912 3.460609
v -1.265569 0.921071 -1.035943
v -1.261175 0.953088 -0.921677
v -1.222818 0.635938 -0.957695
v -1.218423 0.667955 -0.843428
v -1.088098 0.975490 -0.934609
v -1.092493 0.943472 -1.048876
v -1.045347 0.690356 -0.856361
v -1.049741 0.658339 -0.970628
v -0.697989 0.978862 3.526134
v -0.711167 0.978862 3.662999
v -0.697989 0.753863 3.526134
v -0.711167 0.753862 3.662999
v 0.004268 0.978862 3.731888
v 0.017446 0.978862 3.595022
v 0.004268 0.753862 3.731888
v 0.017446 0.753862 3.595022
v -0.705222 0.936987 3.602995
v -0.713061 0.936987 3.677583
v -0.705222 0.845737 3.602995
v -0.713061 0.845737 3.677583
v 0.001745 0.936987 3.752713
v 0.009585 0.936987 3.678124
v 0.001745 0.845737 3.752713
v 0.009585 0.845737 3.678124
v -0.674169 1.422992 3.459188
v -0.695258 1.422992 3.550535
v -0.674169 1.029242 3.459188
v -0.695258 1.029242 3.550535
v -0.634970 1.422992 3.564454
v -0.613880 1.422992 3.473107
v -0.634970 1.029242 3.564454
v -0.613880 1.029242 3.473107
v -1.199954 0.810113 3.092278
v -1.292886 0.810112 3.511472
v -1.199954 0.641363 3.092278
v -1.292886 0.641362 3.511472
v -0.713215 0.810112 3.639981
v -0.620283 0.810112 3.220788
v -0.713215 0.641362 3.639981
v -0.620283 0.641362 3.220788
v -0.622928 1.487820 3.483331
v -0.628812 1.424168 3.551908
v -0.620642 1.458912 3.456695
v -0.626527 1.395260 3.525273
v 0.012576 1.424168 3.606943
v 0.018460 1.487820 3.538367
v 0.014861 1.395260 3.580309
v 0.020746 1.458912 3.511731
v -1.257855 1.422932 3.236205
v -1.259545 1.422932 3.429946
v -1.257855 1.360432 3.236205
v -1.259545 1.360432 3.429946
v -1.190798 1.422932 3.430546
v -1.189108 1.422932 3.236805
v -1.190798 1.360432 3.430546
v -1.189108 1.360432 3.236805
v -1.267608 1.260965 3.237140
v -1.269309 1.252459 3.431945
v -1.267570 1.161685 3.232806
v -1.269270 1.153179 3.427611
v -1.181812 1.252459 3.432709
v -1.180113 1.260965 3.237905
v -1.181774 1.153179 3.428375
v -1.180075 1.161685 3.233570
v -1.262704 1.039744 3.236812
v -1.264339 1.031566 3.424124
v -1.262682 0.983548 3.234358
v -1.264317 0.975369 3.421671
v -1.195593 1.031566 3.424724
v -1.193958 1.039744 3.237412
v -1.195571 0.975369 3.422271
v -1.193936 0.983548 3.234959
v 0.076803 0.810112 3.392733
v 0.103330 0.810112 3.695947
v 0.076803 0.641362 3.392733
v 0.103330 0.641362 3.695947
v 0.713494 0.810112 3.642564
v 0.686967 0.810112 3.339350
v 0.713494 0.641362 3.642564
v 0.686967 0.641362 3.339350
v 0.605869 1.487820 3.486766
v 0.621014 1.419925 3.558604
v 0.600355 1.458912 3.460607
v 0.615499 1.391016 3.532446
v 1.200767 1.419925 3.436386
v 1.185622 1.487820 3.364547
v 1.195252 1.391016 3.410227
v 1.180107 1.458912 3.338390
v -0.017447 0.978862 3.595022
v -0.004268 0.978862 3.731888
v -0.017447 0.753862 3.595022
v -0.004268 0.753862 3.731888
v 0.711167 0.978862 3.662998
v 0.697988 0.978862 3.526133
v 0.711167 0.753862 3.662998
v 0.697988 0.753863 3.526133
v -0.009585 0.936987 3.678124
v -0.001745 0.936987 3.752712
v -0.009585 0.845737 3.678124
v -0.001745 0.845737 3.752712
v 0.713062 0.936987 3.677582
v 0.705222 0.936987 3.602993
v 0.713062 0.845737 3.677582
v 0.705222 0.845737 3.602993
v -0.006006 1.487820 3.537298
v -0.000121 1.424168 3.605876
v -0.008291 1.458912 3.510662
v -0.002407 1.395260 3.579238
v 0.628812 1.424168 3.551908
v 0.622928 1.487820 3.483330
v 0.626526 1.395260 3.525272
v 0.620642 1.458912 3.456695
v -1.244722 0.886503 2.929113
v -1.244722 0.928269 3.084987
v -1.244722 0.546497 3.020216
v -1.244722 0.588264 3.176091
v 1.235382 0.928269 3.084986
v 1.235382 0.886503 2.929111
v 1.235382 0.588264 3.176090
v 1.235383 0.546497 3.020216
v -0.629410 1.255181 3.507506
v -0.635387 1.252478 3.569660
v -0.628435 1.155901 3.503282
v -0.634412 1.153198 3.565437
v 0.019684 1.256225 3.632817
v 0.025661 1.258928 3.570665
v 0.020660 1.156945 3.628594
v 0.026637 1.159648 3.566441
v -0.025662 1.258928 3.570664
v -0.019684 1.256225 3.632818
v -0.026636 1.159648 3.566439
v -0.020659 1.156945 3.628594
v 0.635387 1.252478 3.569661
v 0.629409 1.255181 3.507505
v 0.634412 1.153198 3.565436
v 0.628435 1.155901 3.503282
v -0.108495 1.259233 3.580741
v -0.108497 1.259233 3.636991
v -0.108495 1.124233 3.580741
v -0.108497 1.124233 3.636991
v 0.122752 1.259233 3.636990
v 0.122752 1.259233 3.580740
v 0.122752 1.124233 3.636990
v 0.122752 1.124233 3.580740
v -1.300971 1.055113 1.600434
v -1.300972 1.055113 1.906681
v -1.300971 0.823863 1.600434
v -1.300972 0.823863 1.906681
v -1.188472 1.055113 1.906681
v -1.188473 1.055113 1.600434
v -1.188472 0.823863 1.906681
v -1.188473 0.823863 1.600434
v -1.300971 1.055113 -1.087044
v -1.300972 1.055113 -0.924545
v -1.300971 0.823863 -1.087044
v -1.300972 0.823863 -0.924545
v -0.938475 1.055113 -0.924545
v -0.938475 1.055113 -1.087044
v -0.938475 0.823863 -0.924545
v -0.938475 0.823863 -1.087044
v -1.175171 1.193074 1.784124
v -1.307752 1.164378 1.913562
v -1.196605 0.916138 1.700776
v -1.329187 0.887442 1.830213
v -1.272591 1.151665 1.946759
v -1.140009 1.180361 1.817320
v -1.294026 0.874729 1.863410
v -1.161444 0.903425 1.733971
v -1.219435 1.277855 2.031681
v -1.219435 1.277855 2.787925
v -1.316661 1.180628 2.031680
v -1.316661 1.180628 2.787925
v -1.179660 1.238081 2.787925
v -1.179661 1.238081 2.031680
v -1.276887 1.140853 2.787924
v -1.276887 1.140853 2.031680
v -1.278841 1.137015 2.825201
v -1.321059 1.159417 2.865475
v -1.273626 0.878330 2.974551
v -1.315844 0.900731 3.014825
v -1.233520 1.200854 2.934189
v -1.191302 1.178452 2.893914
v -1.228306 0.942168 3.083540
v -1.186089 0.919766 3.043265
v 0.647338 0.810112 3.342826
v 0.713216 0.810112 3.639981
v 0.647338 0.641362 3.342826
v 0.713216 0.641362 3.639981
v 1.298988 0.810112 3.510119
v 1.233110 0.810112 3.212962
v 1.298988 0.641362 3.510119
v 1.233110 0.641362 3.212962
v 0.693795 0.936987 3.603396
v 0.711304 0.936987 3.676322
v 0.693795 0.845737 3.603396
v 0.711304 0.845737 3.676322
v 1.328753 0.936987 3.528085
v 1.311245 0.936988 3.455158
v 1.328753 0.845737 3.528085
v 1.311245 0.845738 3.455158
v 0.676566 0.978862 3.528029
v 0.707497 0.978862 3.662005
v 0.676566 0.753863 3.528029
v 0.707497 0.753862 3.662005
v 1.314647 0.978862 3.521834
v 1.283716 0.978863 3.387858
v 1.314647 0.753863 3.521834
v 1.283716 0.753863 3.387858
v -1.341056 0.936988 3.086739
v -1.341056 0.936987 3.530485
v -1.341056 0.845738 3.086739
v -1.341056 0.845737 3.530485
v -1.206057 0.936987 3.530485
v -1.206057 0.936988 3.086739
v -1.206057 0.845737 3.530485
v -1.206057 0.845738 3.086739
v -1.318104 0.978863 3.077365
v -1.318105 0.978862 3.521111
v -1.318104 0.753863 3.077365
v -1.318105 0.753863 3.521111
v -1.207480 0.978862 3.521111
v -1.207480 0.978863 3.077365
v -1.207480 0.753863 3.521111
v -1.207480 0.753863 3.077365
v -1.300910 0.810113 3.083147
v -1.300909 0.810112 3.506269
v -1.300910 0.641363 3.083147
v -1.300909 0.641362 3.506269
v -1.219659 0.810112 3.506269
v -1.219660 0.810113 3.083147
v -1.219659 0.641362 3.506269
v -1.219660 0.641363 3.083147
v 1.193957 1.039744 3.237411
v 1.195591 1.031566 3.424723
v 1.193936 0.983548 3.234957
v 1.195571 0.975369 3.422270
v 1.264340 1.031566 3.424124
v 1.262705 1.039744 3.236812
v 1.264317 0.975369 3.421670
v 1.262683 0.983548 3.234358
v 1.180112 1.260965 3.237905
v 1.181813 1.252459 3.432710
v 1.180075 1.161685 3.233570
v 1.181775 1.153179 3.428375
v 1.269308 1.252459 3.431946
v 1.267608 1.260965 3.237141
v 1.269271 1.153179 3.427612
v 1.267570 1.161685 3.232806
v 1.189108 1.422932 3.236806
v 1.190799 1.422932 3.430546
v 1.189108 1.360432 3.236806
v 1.190799 1.360432 3.430546
v 1.259546 1.422932 3.429946
v 1.257855 1.422932 3.236206
v 1.259546 1.360432 3.429946
v 1.257855 1.360432 3.236206
v 0.575683 1.422932 3.318769
v 0.633326 1.422932 3.568450
v 0.575683 1.360432 3.318769
v 0.633326 1.360432 3.568450
v 1.238040 1.422932 3.428841
v 1.180396 1.422932 3.179160
v 1.238040 1.360432 3.428841
v 1.180396 1.360432 3.179160
v 0.587287 1.260965 3.381282
v 0.631111 1.252459 3.571101
v 0.586313 1.161685 3.377059
v 0.630136 1.153179 3.566877
v 1.241914 1.252459 3.430087
v 1.198091 1.260965 3.240267
v 1.240939 1.153179 3.425864
v 1.197116 1.161685 3.236043
v 0.613880 1.422992 3.473107
v 0.634970 1.422992 3.564454
v 0.613880 1.029242 3.473106
v 0.634970 1.029242 3.564454
v 0.695257 1.422992 3.550534
v 0.674168 1.422992 3.459188
v 0.695257 1.029242 3.550534
v 0.674168 1.029242 3.459188
v 0.594608 1.039744 3.379210
v 0.636746 1.031566 3.561728
v 0.594056 0.983548 3.376818
v 0.636194 0.975369 3.559339
v 1.241459 1.031566 3.422120
v 1.199321 1.039744 3.239600
v 1.240907 0.975369 3.419729
v 1.198769 0.983548 3.237210
v 0.630263 1.190418 -2.154053
v 0.630263 1.190418 -1.154062
v 0.630263 1.134168 -2.154053
v 0.630263 1.134168 -1.154062
v 1.342757 1.190418 -1.154062
v 1.342756 1.190418 -2.154053
v 1.342757 1.134168 -1.154062
v 1.342756 1.134168 -2.154053
v 0.630262 1.189198 -2.155574
v 0.630262 1.174317 -2.088454
v 0.630263 0.899970 -2.219693
v 0.630263 0.885090 -2.152574
v 1.342757 1.174317 -2.088454
v 1.342758 1.189198 -2.155574
v 1.342757 0.885090 -2.152574
v 1.342756 0.899970 -2.219693
v 1.207480 0.978863 3.077364
v 1.207480 0.978862 3.521112
v 1.207480 0.753863 3.077364
v 1.207480 0.753863 3.521112
v 1.318104 0.978862 3.521111
v 1.318105 0.978863 3.077365
v 1.318104 0.753863 3.521111
v 1.318105 0.753863 3.077365
v 1.219659 0.810113 3.083147
v 1.219660 0.810112 3.506269
v 1.219659 0.641363 3.083147
v 1.219660 0.641362 3.506269
v 1.300910 0.810112 3.506269
v 1.300909 0.810113 3.083147
v 1.300910 0.641362 3.506269
v 1.300909 0.641363 3.083147
v 1.206057 0.936988 3.086739
v 1.206057 0.936987 3.530485
v 1.206057 0.845738 3.086739
v 1.206057 0.845737 3.530485
v 1.341056 0.936987 3.530485
v 1.341055 0.936988 3.086739
v 1.341056 0.845737 3.530485
v 1.341055 0.845738 3.086739
v -0.636596 1.426857 3.506012
v -0.641401 1.426857 3.560926
v -0.636596 0.965607 3.506011
v -0.641401 0.965607 3.560925
v 0.005001 1.426857 3.617479
v 0.009805 1.426857 3.562565
v 0.005001 0.965607 3.617479
v 0.009805 0.965607 3.562564
v -0.812978 0.646785 -1.729178
v -0.812978 0.646785 2.677161
v -0.812978 0.427911 -1.729178
v -0.812978 0.427910 2.677161
v 0.812009 0.646785 2.677162
v 0.812009 0.646785 -1.729177
v 0.812009 0.427910 2.677162
v 0.812009 0.427911 -1.729177
v -0.872542 2.403955 1.083553
v -0.872542 2.304786 1.159647
v -0.872542 2.369712 1.038927
v -0.872542 2.270543 1.115021
v 0.873694 2.304786 1.159648
v 0.873694 2.403955 1.083553
v 0.873694 2.270543 1.115022
v 0.873694 2.369712 1.038927
v -1.175973 0.886364 -2.837029
v -1.175973 0.886363 -2.174535
v -1.175973 0.617614 -2.837029
v -1.175973 0.617613 -2.174535
v 1.174008 0.886363 -2.174535
v 1.174008 0.886364 -2.837029
v 1.174008 0.617613 -2.174535
v 1.174008 0.617614 -2.837029
v -1.219580 1.123409 1.600434
v -1.219580 1.123409 1.912931
v -1.300971 1.055113 1.600434
v -1.300972 1.055113 1.912931
v -1.187441 1.085107 1.912931
v -1.187441 1.085107 1.600434
v -1.268832 1.016810 1.912931
v -1.268832 1.016811 1.600434
v -1.219657 1.122529 -1.111420
v -1.219657 1.122529 -0.925170
v -1.300090 1.055036 -1.111419
v -1.300091 1.055036 -0.925171
v -1.148147 1.037306 -0.925171
v -1.148147 1.037306 -1.111419
v -1.228582 0.969814 -0.925171
v -1.228582 0.969814 -1.111420
v -1.183031 1.215914 -2.281329
v -1.315613 1.187218 -2.151891
v -1.183031 0.908381 -2.349508
v -1.315612 0.879685 -2.220068
v -1.280257 1.179566 -2.117373
v -1.147676 1.208262 -2.246813
v -1.280257 0.872033 -2.185551
v -1.147676 0.900729 -2.314991
v -1.278405 1.154688 -1.197307
v -1.320623 1.177090 -1.157032
v -1.272427 0.858120 -1.026084
v -1.314645 0.880521 -0.985810
v -1.233085 1.218526 -1.088318
v -1.190867 1.196125 -1.128593
v -1.227108 0.921958 -0.917096
v -1.184890 0.899556 -0.957370
v -1.212863 1.101709 -2.774529
v -1.212862 1.101709 -2.149535
v -1.342132 0.993239 -2.774529
v -1.342132 0.993238 -2.149536
v -1.180723 1.063406 -2.149535
v -1.180725 1.063407 -2.774530
v -1.309993 0.954936 -2.149535
v -1.309992 0.954936 -2.774529
v -1.254560 0.913296 1.796667
v -1.248419 0.876594 1.914688
v -1.201730 0.597594 1.695743
v -1.195589 0.560893 1.813765
v -1.070889 0.906302 1.914688
v -1.077031 0.943004 1.796667
v -1.018059 0.590601 1.813764
v -1.024201 0.627303 1.695743
v -1.178611 1.311847 2.002180
v -1.311193 1.189357 2.052917
v -1.178612 1.241529 1.832419
v -1.311193 1.119039 1.883156
v -1.280257 1.160776 2.064756
v -1.147676 1.283266 2.014019
v -1.280257 1.090458 1.894994
v -1.147676 1.212948 1.844258
v -1.311193 1.189357 2.766687
v -1.178612 1.311847 2.817424
v -1.311193 1.135781 2.896030
v -1.178611 1.258272 2.946766
v -1.147676 1.283266 2.805585
v -1.280257 1.160776 2.754849
v -1.147676 1.229691 2.934927
v -1.280258 1.107200 2.884191
v -0.774011 1.127917 1.783414
v -0.774011 1.127917 3.033404
v -0.774011 0.627917 1.783414
v -0.774011 0.627917 3.033404
v 0.775976 1.127917 3.033404
v 0.775976 1.127917 1.783414
v 0.775976 0.627917 3.033404
v 0.775976 0.627917 1.783414
v -0.900660 2.321373 -1.173096
v -0.900660 2.321373 -1.052473
v -1.174037 1.661377 -1.173096
v -1.174037 1.661376 -1.052472
v -0.853888 2.302000 -1.052472
v -0.853889 2.302000 -1.173096
v -1.127266 1.642003 -1.052472
v -1.127266 1.642003 -1.173097
v -0.872542 2.403955 -2.605167
v -0.872542 2.403955 1.083553
v -0.872542 2.347706 -2.605167
v -0.872542 2.347705 1.083553
v 0.873694 2.403955 1.083553
v 0.873694 2.403955 -2.605167
v 0.873694 2.347705 1.083553
v 0.873694 2.347706 -2.605167
v -0.872541 2.403955 -1.053930
v -0.872542 2.403955 1.077303
v -0.900525 2.336396 -1.053930
v -0.900525 2.336396 1.077303
v -0.820574 2.382429 1.077303
v -0.820574 2.382429 -1.053929
v -0.848558 2.314870 1.077303
v -0.848558 2.314871 -1.053930
v -0.872542 2.403955 -2.598291
v -0.872541 2.403955 -1.053930
v -0.922051 2.284429 -2.598291
v -0.922051 2.284428 -1.053930
v -0.820574 2.382429 -1.053929
v -0.820573 2.382430 -2.598290
v -0.870083 2.262902 -1.053930
v -0.870083 2.262903 -2.598292
v 0.762219 2.515049 -2.313905
v 0.762219 2.515049 0.086075
v 0.762219 2.390049 -2.313905
v 0.762219 2.390049 0.086075
v 0.824718 2.515049 0.086075
v 0.824719 2.515049 -2.313905
v 0.824718 2.390049 0.086075
v 0.824719 2.390049 -2.313905
v 0.531246 0.894459 1.649017
v 0.531245 0.864637 1.703942
v 0.531246 0.729681 1.559551
v 0.531246 0.699859 1.614476
v 0.656245 0.864637 1.703942
v 0.656245 0.894459 1.649017
v 0.656245 0.699859 1.614476
v 0.656245 0.729681 1.559551
v -1.336507 1.119946 2.826760
v -1.336507 1.151192 2.880890
v -1.336506 0.872036 2.969867
v -1.336507 0.903283 3.023996
v 1.338471 1.151192 2.880889
v 1.338471 1.119946 2.826761
v 1.338471 0.903283 3.023996
v 1.338472 0.872036 2.969869
v -1.336507 1.126900 2.759883
v -1.336507 1.190417 2.786192
v -1.336506 1.087675 2.854580
v -1.336507 1.151192 2.880890
v 1.338470 1.190417 2.786192
v 1.338471 1.126900 2.759884
v 1.338471 1.151192 2.880889
v 1.338471 1.087675 2.854580
v -1.336507 1.190417 2.033412
v -1.336507 1.126901 2.059721
v -1.336506 1.132058 1.892521
v -1.336507 1.068541 1.918831
v 1.338472 1.126901 2.059721
v 1.338471 1.190417 2.033412
v 1.338471 1.068541 1.918831
v 1.338471 1.132058 1.892522
v -1.336507 1.190417 2.033412
v -1.336507 1.190417 2.783407
v -1.336507 1.127917 2.033412
v -1.336507 1.127917 2.783407
v 1.338471 1.190417 2.783407
v 1.338471 1.190417 2.033412
v 1.338471 1.127917 2.783407
v 1.338471 1.127917 2.033412
v -1.336506 1.132058 1.892521
v -1.336506 1.117178 1.959641
v -1.336506 0.897747 1.840576
v -1.336507 0.882867 1.907696
v 1.338471 1.117178 1.959641
v 1.338471 1.132058 1.892522
v 1.338471 0.882867 1.907696
v 1.338471 0.897747 1.840576
v 1.191302 1.178452 2.893914
v 1.233520 1.200854 2.934188
v 1.185980 0.914354 3.046390
v 1.228197 0.936756 3.086664
v 1.321058 1.159417 2.865476
v 1.278840 1.137015 2.825201
v 1.315735 0.895320 3.017951
v 1.273517 0.872918 2.977676
v 1.280257 1.160776 2.754849
v 1.147676 1.283266 2.805584
v 1.280257 1.107200 2.884191
v 1.147675 1.229691 2.934927
v 1.178611 1.311847 2.817424
v 1.311193 1.189357 2.766687
v 1.178611 1.258272 2.946766
v 1.311193 1.135781 2.896030
v 1.179660 1.238081 2.031680
v 1.179660 1.238081 2.787924
v 1.276887 1.140853 2.031680
v 1.276887 1.140853 2.787924
v 1.219435 1.277855 2.787925
v 1.219435 1.277855 2.031680
v 1.316661 1.180628 2.787925
v 1.316661 1.180628 2.031680
v 1.147676 1.283266 2.014019
v 1.280257 1.160776 2.064755
v 1.147676 1.212948 1.844257
v 1.280257 1.090458 1.894994
v 1.311193 1.189357 2.052917
v 1.178612 1.311847 2.002180
v 1.311193 1.119039 1.883156
v 1.178612 1.241529 1.832418
v 1.140010 1.180361 1.817321
v 1.272591 1.151665 1.946760
v 1.161444 0.903425 1.733972
v 1.294025 0.874729 1.863410
v 1.307752 1.164378 1.913563
v 1.175171 1.193074 1.784124
v 1.329187 0.887442 1.830213
v 1.196606 0.916138 1.700775
v -1.249007 1.310362 1.748616
v -1.249007 1.237569 2.020281
v -1.249007 0.930029 1.646707
v -1.249007 0.857236 1.918371
v 1.250972 1.237569 2.020281
v 1.250972 1.310362 1.748616
v 1.250972 0.857236 1.918371
v 1.250972 0.930029 1.646707
v 1.020702 1.578113 1.595024
v 1.018777 1.585057 1.898685
v 1.060090 1.436012 1.598523
v 1.058165 1.442957 1.902184
v 1.182599 1.630466 1.898686
v 1.184524 1.623522 1.595024
v 1.221987 1.488366 1.902185
v 1.223912 1.481421 1.598523
v 1.029329 1.579320 1.898858
v 1.033288 1.451901 3.374599
v 1.077541 1.407197 1.883868
v 1.081500 1.279778 3.359611
v 1.189807 1.495452 3.377942
v 1.185848 1.622871 1.902198
v 1.238018 1.323329 3.362951
v 1.234060 1.450748 1.887208
v -1.251535 1.491842 1.829811
v -1.251534 1.426522 3.325874
v -1.251534 1.179639 1.816179
v -1.251534 1.114319 3.312242
v 1.254695 1.426522 3.325874
v 1.254695 1.491842 1.829811
v 1.254695 1.114319 3.312242
v 1.254695 1.179639 1.816180
v -1.249570 1.491925 1.599871
v -1.249570 1.491925 1.838494
v -1.249570 0.953925 1.599871
v -1.249570 0.953925 1.838494
v 1.251534 1.491925 1.838494
v 1.251534 1.491925 1.599872
v 1.251534 0.953925 1.838493
v 1.251534 0.953925 1.599872
v 1.075973 1.485113 -2.955778
v 1.075973 1.485113 -2.162036
v 1.075973 0.897614 -2.955778
v 1.075973 0.897613 -2.162036
v 1.250972 1.485113 -2.162035
v 1.250972 1.485113 -2.955778
v 1.250972 0.897613 -2.162035
v 1.250972 0.897614 -2.955778
v 1.075973 1.485113 -2.162036
v 1.075974 1.485113 -1.049545
v 1.075973 1.178863 -2.162036
v 1.075974 1.178863 -1.049545
v 1.250972 1.485113 -1.049545
v 1.250972 1.485113 -2.162035
v 1.250972 1.178863 -1.049545
v 1.250972 1.178863 -2.162035
v 1.180723 1.063407 -2.774529
v 1.180724 1.063406 -2.149536
v 1.309993 0.954936 -2.774529
v 1.309993 0.954936 -2.149536
v 1.212863 1.101709 -2.149535
v 1.212862 1.101709 -2.774529
v 1.342132 0.993238 -2.149534
v 1.342132 0.993239 -2.774529
v 1.140182 0.917149 -2.787030
v 1.140182 0.917149 -2.162036
v 1.090368 0.634632 -2.787029
v 1.090367 0.634632 -2.162036
v 1.250972 0.897613 -2.162035
v 1.250972 0.897614 -2.787030
v 1.201156 0.615097 -2.162036
v 1.201157 0.615097 -2.787030
v -1.299007 0.992613 -2.774530
v -1.299007 0.992613 -2.155785
v -1.299007 0.823864 -2.774530
v -1.299007 0.823863 -2.155785
v 1.300972 0.992613 -2.155786
v 1.300971 0.992613 -2.774529
v 1.300972 0.823863 -2.155786
v 1.300971 0.823864 -2.774529
v 1.179661 1.238081 -2.162035
v 1.179661 1.238081 -1.149544
v 1.276887 1.140854 -2.162035
v 1.276887 1.140854 -1.149544
v 1.219435 1.277856 -1.149544
v 1.219435 1.277856 -2.162035
v 1.316661 1.180629 -1.149544
v 1.316661 1.180629 -2.162035
v 1.147676 1.208262 -2.246812
v 1.280257 1.179566 -2.117373
v 1.147676 0.900729 -2.314991
v 1.280257 0.872033 -2.185551
v 1.315612 1.187218 -2.151890
v 1.183031 1.215914 -2.281329
v 1.315613 0.879685 -2.220069
v 1.183030 0.908381 -2.349507
v 1.190867 1.196125 -1.128593
v 1.233084 1.218526 -1.088318
v 1.184890 0.899556 -0.957371
v 1.227108 0.921958 -0.917096
v 1.320622 1.177090 -1.157032
v 1.278405 1.154688 -1.197307
v 1.314646 0.880521 -0.985810
v 1.272427 0.858120 -1.026084
v 1.035046 1.628134 -2.905778
v 1.035046 1.628134 -1.049545
v 1.083574 1.447023 -2.905779
v 1.083574 1.447022 -1.049545
v 1.173896 1.665339 -1.049544
v 1.173896 1.665339 -2.905778
v 1.222424 1.484228 -1.049544
v 1.222424 1.484228 -2.905778
v 0.853889 2.302000 -1.173096
v 0.853889 2.302000 -1.052473
v 1.127266 1.642003 -1.173096
v 1.127266 1.642003 -1.052472
v 0.900659 2.321373 -1.052472
v 0.900660 2.321373 -1.173096
v 1.174037 1.661376 -1.052472
v 1.174037 1.661377 -1.173096
v 0.820574 2.382430 -2.598292
v 0.820574 2.382429 -1.053930
v 0.870083 2.262903 -2.598292
v 0.870084 2.262902 -1.053931
v 0.872541 2.403955 -1.053930
v 0.872542 2.403955 -2.598291
v 0.922051 2.284428 -1.053929
v 0.922051 2.284429 -2.598292
v 0.820574 2.382429 -1.053930
v 0.820574 2.382429 1.077303
v 0.848557 2.314871 -1.053930
v 0.848557 2.314870 1.077303
v 0.872542 2.403955 1.077303
v 0.872541 2.403955 -1.053930
v 0.900525 2.336396 1.077303
v 0.900525 2.336396 -1.053930
v 1.020702 1.578113 1.595024
v 1.018777 1.585057 1.898685
v 1.060090 1.436012 1.598523
v 1.058165 1.442957 1.902184
v 1.182599 1.630466 1.898686
v 1.184524 1.623522 1.595024
v 1.221987 1.488366 1.902185
v 1.223912 1.481421 1.598523
v 1.029329 1.579320 1.898858
v 1.033288 1.451901 3.374599
v 1.077541 1.407197 1.883868
v 1.081500 1.279778 3.359611
v 1.189807 1.495452 3.377942
v 1.185848 1.622871 1.902198
v 1.238018 1.323329 3.362951
v 1.234060 1.450748 1.887208
v 1.187441 1.085107 1.600434
v 1.187440 1.085107 1.912931
v 1.268833 1.016811 1.600434
v 1.268832 1.016810 1.912931
v 1.219580 1.123409 1.912931
v 1.219580 1.123409 1.600434
v 1.300971 1.055113 1.912931
v 1.300971 1.055113 1.600434
v 1.188472 1.055113 1.600433
v 1.188473 1.055113 1.906681
v 1.188472 0.823863 1.600433
v 1.188473 0.823863 1.906681
v 1.300971 1.055113 1.906681
v 1.300971 1.055113 1.600434
v 1.300971 0.823863 1.906681
v 1.300971 0.823863 1.600434
v 1.147676 1.283266 2.014019
v 1.280257 1.160776 2.064755
v 1.147676 1.212948 1.844257
v 1.280257 1.090458 1.894994
v 1.311193 1.189357 2.052917
v 1.178612 1.311847 2.002180
v 1.311193 1.119039 1.883156
v 1.178612 1.241529 1.832418
v 1.140010 1.180361 1.817321
v 1.272591 1.151665 1.946760
v 1.161444 0.903425 1.733972
v 1.294025 0.874729 1.863410
v 1.307752 1.164378 1.913563
v 1.175171 1.193074 1.784124
v 1.329187 0.887442 1.830213
v 1.196606 0.916138 1.700775
v 1.179660 1.238081 2.031680
v 1.179660 1.238081 2.787924
v 1.276887 1.140853 2.031680
v 1.276887 1.140853 2.787924
v 1.219435 1.277855 2.787925
v 1.219435 1.277855 2.031680
v 1.316661 1.180628 2.787925
v 1.316661 1.180628 2.031680
v 1.280257 1.160776 2.754849
v 1.147676 1.283266 2.805584
v 1.280257 1.107200 2.884191
v 1.147675 1.229691 2.934927
v 1.178611 1.311847 2.817424
v 1.311193 1.189357 2.766687
v 1.178611 1.258272 2.946766
v 1.311193 1.135781 2.896030
v 1.191302 1.178452 2.893914
v 1.233520 1.200854 2.934188
v 1.185980 0.914354 3.046390
v 1.228197 0.936756 3.086664
v 1.321058 1.159417 2.865476
v 1.278840 1.137015 2.825201
v 1.315735 0.895320 3.017951
v 1.273517 0.872918 2.977676
v 1.092492 0.943472 -1.048876
v 1.088098 0.975490 -0.934609
v 1.049741 0.658339 -0.970628
v 1.045347 0.690356 -0.856361
v 1.261174 0.953088 -0.921677
v 1.265570 0.921071 -1.035943
v 1.218424 0.667955 -0.843428
v 1.222818 0.635938 -0.957695
v 0.813476 1.055113 -1.087044
v 0.813475 1.055113 -0.924546
v 0.813476 0.823863 -1.087044
v 0.813475 0.823863 -0.924546
v 1.300972 1.055113 -0.924546
v 1.300971 1.055113 -1.087044
v 1.300972 0.823863 -0.924546
v 1.300971 0.823863 -1.087044
v 1.148148 1.037306 -1.111419
v 1.148147 1.037306 -0.925170
v 1.228581 0.969814 -1.111419
v 1.228582 0.969814 -0.925171
v 1.219657 1.122529 -0.925171
v 1.219657 1.122529 -1.111420
v 1.300091 1.055036 -0.925171
v 1.300090 1.055036 -1.111419
v -0.862959 2.425456 -2.612719
v -0.875734 2.394616 -2.518457
v -1.181078 1.657442 -2.907094
v -1.193853 1.626602 -2.812829
v -0.819147 2.371176 -2.518457
v -0.806372 2.402016 -2.612719
v -1.137265 1.603163 -2.812828
v -1.124492 1.634002 -2.907092
v 0.806373 2.402016 -2.612719
v 0.819147 2.371176 -2.518457
v 1.122237 1.639446 -2.905007
v 1.135011 1.608606 -2.810743
v 0.875734 2.394616 -2.518456
v 0.862960 2.425456 -2.612720
v 1.191598 1.632045 -2.810742
v 1.178824 1.662885 -2.905007
v -0.901264 2.275818 -2.858914
v -0.901264 2.275818 -1.002680
v -1.181099 1.600231 -2.858914
v -1.181099 1.600231 -1.002680
v -0.849296 2.254292 -1.002680
v -0.849296 2.254292 -2.858914
v -1.129131 1.578705 -1.002680
v -1.129131 1.578705 -2.858913
v 0.849297 2.254292 -2.858914
v 0.849296 2.254292 -1.002680
v 1.129131 1.578705 -2.858912
v 1.129130 1.578705 -1.002680
v 0.901264 2.275818 -1.002680
v 0.901264 2.275818 -2.858914
v 1.181099 1.600231 -1.002680
v 1.181099 1.600231 -2.858914
v 1.200347 0.987613 -1.049545
v 1.200347 0.987613 -0.930796
v 1.200347 0.875113 -1.049545
v 1.200347 0.875113 -0.930796
v 1.335971 0.987613 -0.930795
v 1.335971 0.987613 -1.049545
v 1.335971 0.875113 -0.930795
v 1.335971 0.875113 -1.049545
v 0.636614 1.169275 -1.214024
v 0.636615 1.200525 -1.159898
v 0.631073 0.894354 -1.055299
v 0.631073 0.925604 -1.001173
v 1.342751 1.189851 -1.153735
v 1.342751 1.158601 -1.207861
v 1.337210 0.914930 -0.995010
v 1.337210 0.883680 -1.049136
v -0.651802 1.444259 3.537524
v -0.651802 1.444259 3.537524
v -0.651802 0.969884 3.537524
v -0.651802 0.969884 3.537524
v 0.631312 1.444259 3.537524
v 0.631312 1.444259 3.537524
v 0.631312 0.969884 3.537524
v 0.631312 0.969884 3.537524
v 1.200347 0.987613 1.606684
v 1.200347 0.987613 1.912930
v 1.200347 0.875113 1.606684
v 1.200347 0.875113 1.912930
v 1.335971 0.987613 1.912931
v 1.335971 0.987613 1.606684
v 1.335971 0.875113 1.912931
v 1.335971 0.875113 1.606684
v 1.075958 0.694597 -0.973983
v 1.075958 0.694597 1.813494
v 1.056423 0.583806 -0.973983
v 1.056423 0.583806 1.813494
v 1.214445 0.670178 1.813494
v 1.214445 0.670178 -0.973983
v 1.194910 0.559387 1.813494
v 1.194910 0.559387 -0.973982
v 1.196056 0.900709 1.600996
v 1.196056 0.900709 1.819745
v 1.157992 0.673247 1.600996
v 1.157993 0.673247 1.819744
v 1.251534 0.891425 1.819744
v 1.251534 0.891425 1.600996
v 1.213470 0.663963 1.819744
v 1.213471 0.663963 1.600996
v 1.077031 0.943004 1.796667
v 1.070889 0.906302 1.914688
v 1.024201 0.627303 1.695743
v 1.018059 0.590601 1.813765
v 1.248419 0.876594 1.914688
v 1.254561 0.913296 1.796667
v 1.195589 0.560893 1.813764
v 1.201730 0.597594 1.695743
v -0.824718 2.515049 -2.313906
v -0.824718 2.515049 0.086075
v -0.824718 2.390049 -2.313906
v -0.824718 2.390049 0.086075
v -0.762219 2.515049 0.086075
v -0.762218 2.515049 -2.313905
v -0.762219 2.390049 0.086075
v -0.762218 2.390049 -2.313905
v -0.009805 1.426857 3.562564
v -0.005001 1.426857 3.617479
v -0.009805 0.965607 3.562564
v -0.005001 0.965607 3.617478
v 0.641400 1.426857 3.560926
v 0.636595 1.426857 3.506011
v 0.641400 0.965607 3.560925
v 0.636595 0.965607 3.506010
v -1.342757 1.190418 -2.154053
v -1.342757 1.190418 -1.154062
v -1.342757 1.134168 -2.154053
v -1.342757 1.134168 -1.154062
v -0.630262 1.190418 -1.154061
v -0.630263 1.190418 -2.154053
v -0.630262 1.134168 -1.154061
v -0.630263 1.134168 -2.154053
v -1.342756 1.189198 -2.155573
v -1.342756 1.174317 -2.088453
v -1.342757 0.899970 -2.219693
v -1.342756 0.885090 -2.152574
v -0.630263 1.174317 -2.088453
v -0.630262 1.189198 -2.155574
v -0.630262 0.885090 -2.152573
v -0.630262 0.899970 -2.219693
v -1.342751 1.158601 -1.207860
v -1.342752 1.189851 -1.153734
v -1.337210 0.883680 -1.049136
v -1.337210 0.914930 -0.995010
v -0.630365 1.200620 -1.159952
v -0.630365 1.169370 -1.214078
v -0.624824 0.925699 -1.001227
v -0.624824 0.894449 -1.055353
v -1.219435 1.277856 -2.162034
v -1.219435 1.277856 -1.149544
v -1.316662 1.180629 -2.162036
v -1.316662 1.180629 -1.149544
v -1.179660 1.238081 -1.149544
v -1.179661 1.238081 -2.162035
v -1.276887 1.140854 -1.149544
v -1.276887 1.140854 -2.162035
v -1.250972 1.485113 -2.162035
v -1.250972 1.485113 -1.049545
v -1.250972 1.178863 -2.162035
v -1.250972 1.178863 -1.049545
v -1.075973 1.485113 -1.049545
v -1.075973 1.485113 -2.162035
v -1.075973 1.178863 -1.049545
v -1.075973 1.178863 -2.162035
v -1.335971 0.987613 -1.049545
v -1.335971 0.987613 -0.930796
v -1.335971 0.875113 -1.049545
v -1.335971 0.875113 -0.930796
v -1.200347 0.987613 -0.930796
v -1.200347 0.987613 -1.049544
v -1.200347 0.875113 -0.930796
v -1.200347 0.875113 -1.049544
v 0.050401 1.204449 0.689695
v 0.050042 1.245544 0.748386
v 0.053345 0.866977 0.926002
v 0.052987 0.908072 0.984694
v 0.127979 1.246225 0.748386
v 0.128338 1.205129 0.689694
v 0.130924 0.908752 0.984694
v 0.131283 0.867657 0.926002
v 0.043826 1.198634 0.669921
v 0.043235 1.266328 0.766601
v 0.044451 1.127068 0.720033
v 0.043860 1.194762 0.816713
v 0.134422 1.267123 0.766601
v 0.135013 1.199430 0.669921
v 0.135047 1.195558 0.816713
v 0.135637 1.127864 0.720033
vn -0.0000 -0.0000 1.0000
vn -0.6428 -0.7660 -0.0000
vn -0.0000 -0.0000 -1.0000
vn 0.6428 0.7660 -0.0000
vn -0.7660 0.6428 -0.0000
vn 0.7661 -0.6428 -0.0000
vn -0.9848 0.1736 -0.0000
vn 0.9848 -0.1736 -0.0000
vn 0.1736 0.9848 -0.0000
vn -0.1736 -0.9848 -0.0000
vn -1.0000 -0.0000 -0.0000
vn 1.0000 -0.0000 -0.0000
vn -0.0000 1.0000 -0.0000
vn -0.0000 -1.0000 -0.0000
vn -0.9659 -0.2588 -0.0000
vn 0.9659 0.2588 -0.0000
vn -0.2588 0.9659 -0.0000
vn 0.2588 -0.9659 -0.0000
vn 0.2588 -0.0000 0.9659
vn -0.9659 -0.0000 0.2588
vn -0.2588 -0.0000 -0.9659
vn 0.9659 -0.0000 -0.2588
vn 0.2944 -0.7428 0.6013
vn -0.9352 -0.3535 0.0213
vn -0.2944 0.7428 -0.6013
vn 0.9352 0.3535 -0.0213
vn -0.1967 0.5686 0.7987
vn 0.1967 -0.5686 -0.7987
vn -0.9239 -0.3827 -0.0000
vn 0.9239 0.3827 -0.0000
vn -0.3827 0.9239 -0.0000
vn 0.3827 -0.9239 -0.0000
vn -0.0000 -0.3502 0.9367
vn -0.0000 0.3502 -0.9367
vn -0.0000 0.9367 0.3502
vn -0.0000 -0.9367 -0.3502
vn -0.0000 -0.2164 0.9763
vn -0.0000 0.2164 -0.9763
vn -0.0000 0.9763 0.2164
vn -0.0000 -0.9763 -0.2164
vn 0.1277 -0.3084 0.9426
vn -0.1277 0.3084 -0.9426
vn -0.3607 0.8709 0.3338
vn 0.3607 -0.8709 -0.3338
vn 0.7660 -0.6428 -0.0000
vn -0.0370 0.2696 0.9623
vn -0.9890 0.1280 -0.0739
vn 0.0370 -0.2696 -0.9623
vn 0.9890 -0.1280 0.0739
vn 0.1431 0.9544 -0.2619
vn -0.1431 -0.9544 0.2619
vn -0.0000 0.5000 0.8660
vn -0.9998 0.0151 -0.0087
vn -0.0000 -0.5000 -0.8660
vn 0.9998 -0.0151 0.0087
vn 0.0175 0.8659 -0.4999
vn -0.0175 -0.8659 0.4999
vn -0.1277 -0.3084 0.9426
vn -0.9239 0.3827 -0.0000
vn 0.1277 0.3084 -0.9426
vn 0.9239 -0.3827 -0.0000
vn 0.3607 0.8709 0.3338
vn -0.3607 -0.8709 -0.3338
vn -0.9659 0.2588 -0.0000
vn 0.9659 -0.2588 -0.0000
vn 0.2588 0.9659 -0.0000
vn -0.2588 -0.9659 -0.0000
vn -0.9848 -0.1736 -0.0000
vn 0.9848 0.1736 -0.0000
vn -0.1736 0.9848 -0.0000
vn 0.1736 -0.9848 -0.0000
vn -0.6428 0.7660 -0.0000
vn 0.6428 -0.7660 -0.0000
vn 0.7660 0.6428 -0.0000
vn -0.7660 -0.6428 -0.0000
vn 0.3827 0.9239 -0.0000
vn -0.3827 -0.9239 -0.0000
vn 0.0370 0.2696 0.9623
vn -0.9890 -0.1280 0.0739
vn -0.0370 -0.2696 -0.9623
vn 0.9890 0.1280 -0.0739
vn -0.1431 0.9544 -0.2619
vn 0.1431 -0.9544 0.2619
vn -0.9998 -0.0151 0.0087
vn 0.9998 0.0151 -0.0087
vn -0.0175 0.8659 -0.4999
vn 0.0175 -0.8659 0.4999
vn -0.2588 -0.0000 0.9659
vn -0.9659 -0.0000 -0.2588
vn 0.2588 -0.0000 -0.9659
vn 0.9659 -0.0000 0.2588
vn -0.2944 -0.7428 0.6013
vn -0.9352 0.3535 -0.0213
vn 0.2944 0.7428 -0.6013
vn 0.9352 -0.3535 0.0213
vn 0.1967 0.5686 0.7987
vn -0.1967 -0.5686 -0.7987
vn -0.0000 -0.0958 0.9954
vn -0.0000 0.0958 -0.9954
vn -0.0000 0.9954 0.0958
vn -0.0000 -0.9954 -0.0958
vn -0.0000 -0.0959 0.9954
vn -0.1908 -0.0941 0.9771
vn -0.9816 0.0183 -0.1899
vn 0.1908 0.0941 -0.9771
vn 0.9816 -0.0183 0.1899
vn -0.0703 -0.0941 0.9931
vn -0.9975 0.0183 -0.0689
vn 0.0703 0.0941 -0.9931
vn 0.9975 -0.0183 0.0689
vn 0.0117 0.9954 0.0951
vn -0.0117 -0.9954 -0.0951
vn 0.1908 -0.0941 0.9771
vn -0.9816 -0.0183 0.1899
vn -0.1908 0.0941 -0.9771
vn 0.9816 0.0183 -0.1899
vn 0.0703 -0.0941 0.9931
vn -0.9975 -0.0183 0.0689
vn -0.0703 0.0941 -0.9931
vn 0.9975 0.0183 -0.0689
vn -0.0117 0.9954 0.0951
vn 0.0117 -0.9954 -0.0951
vn -0.2250 -0.0000 0.9744
vn -0.9744 -0.0000 -0.2250
vn 0.2249 -0.0000 -0.9744
vn 0.9744 -0.0000 0.2250
vn 0.2250 -0.0000 0.9744
vn -0.9744 -0.0000 0.2250
vn -0.2250 -0.0000 -0.9744
vn 0.9744 -0.0000 -0.2250
vn -0.0000 -0.1305 0.9914
vn -0.9990 -0.0432 -0.0057
vn -0.0000 0.1305 -0.9914
vn 0.9990 0.0432 0.0057
vn -0.0436 0.9905 0.1304
vn 0.0436 -0.9905 -0.1304
vn -0.9990 0.0432 0.0057
vn 0.9990 -0.0432 -0.0057
vn 0.0436 0.9905 0.1304
vn -0.0436 -0.9905 -0.1304
vn 0.0087 -0.0000 1.0000
vn -1.0000 -0.0000 0.0087
vn -0.0087 -0.0000 -1.0000
vn 1.0000 -0.0000 -0.0087
vn -0.0087 -0.0000 1.0000
vn -1.0000 -0.0000 -0.0087
vn 0.0087 -0.0000 -1.0000
vn 1.0000 -0.0000 0.0087
vn -0.0027 -0.0860 0.9963
vn -0.9632 0.2680 0.0206
vn 0.0027 0.0860 -0.9963
vn 0.9632 -0.2680 -0.0206
vn 0.2688 0.9596 0.0836
vn -0.2688 -0.9596 -0.0836
vn 0.0063 0.0229 0.9997
vn -0.9637 0.2671 -0.0000
vn -0.0063 -0.0229 -0.9997
vn 0.9637 -0.2671 -0.0000
vn 0.2670 0.9634 -0.0237
vn -0.2670 -0.9634 0.0237
vn 0.2250 -0.0000 -0.9744
vn -0.9863 -0.1650 -0.0000
vn 0.9863 0.1650 -0.0000
vn -0.1651 0.9863 -0.0000
vn 0.1650 -0.9863 -0.0000
vn -0.0000 -0.7660 0.6428
vn -0.0000 0.7660 -0.6428
vn -0.0000 0.6428 0.7660
vn -0.0000 -0.6428 -0.7660
vn -0.0872 -0.0000 0.9962
vn -0.9962 -0.0000 -0.0872
vn 0.0872 -0.0000 -0.9962
vn 0.9962 -0.0000 0.0872
vn -0.0000 0.9848 -0.1736
vn -0.0000 -0.9848 0.1736
vn -0.0000 -0.1736 -0.9848
vn -0.0000 0.1736 0.9848
vn -0.2334 -0.0000 0.9724
vn -0.9724 -0.0000 -0.2334
vn 0.2334 -0.0000 -0.9724
vn 0.9724 -0.0000 0.2334
vn -0.9659 0.2527 0.0560
vn 0.9659 -0.2527 -0.0560
vn 0.2588 0.9430 0.2091
vn -0.2588 -0.9430 -0.2091
vn -0.2247 -0.0436 0.9734
vn 0.2247 0.0436 -0.9734
vn 0.9744 -0.0000 0.2249
vn -0.0098 0.9990 0.0425
vn 0.0098 -0.9990 -0.0425
vn -0.0000 0.8788 0.4772
vn -0.0000 -0.8788 -0.4772
vn -0.0000 0.4772 -0.8788
vn -0.0000 -0.4772 0.8788
vn -0.0000 0.2588 0.9659
vn -0.0000 -0.2588 -0.9659
vn -0.0000 0.9659 -0.2588
vn -0.0000 -0.9659 0.2588
vn -0.0000 0.0872 0.9962
vn -0.0000 -0.0872 -0.9962
vn -0.0000 0.9962 -0.0872
vn -0.0000 -0.9962 0.0872
vn -0.0000 0.4617 0.8870
vn -0.0000 -0.4617 -0.8870
vn -0.0000 0.8870 -0.4618
vn -0.0000 -0.8870 0.4618
vn -0.0000 0.9834 -0.1814
vn -0.0000 -0.9834 0.1814
vn -0.0000 -0.1814 -0.9834
vn -0.0000 0.1814 0.9834
vn -0.0000 -0.0436 0.9990
vn -0.0000 0.0436 -0.9990
vn -0.0000 0.9990 0.0436
vn -0.0000 -0.9990 -0.0436
vn -0.0000 0.3007 0.9537
vn -0.0000 -0.3007 -0.9537
vn -0.0000 0.9537 -0.3007
vn -0.0000 -0.9537 0.3007
vn 0.3202 -0.7320 0.6013
vn -0.9223 -0.3859 0.0213
vn -0.3202 0.7320 -0.6013
vn 0.9223 0.3859 -0.0213
vn -0.2164 0.5614 0.7987
vn 0.2165 -0.5614 -0.7987
vn -0.0000 -0.0698 0.9976
vn -0.0000 0.0698 -0.9976
vn -0.0000 0.9976 0.0698
vn -0.0000 -0.9976 -0.0698
vn -0.1514 -0.6790 0.7184
vn -0.9785 -0.0000 -0.2063
vn 0.1514 0.6790 -0.7184
vn 0.9785 -0.0000 0.2063
vn -0.1401 0.7342 0.6644
vn 0.1401 -0.7342 -0.6644
vn -0.0958 -0.0000 0.9954
vn -0.9954 -0.0000 -0.0958
vn 0.0958 -0.0000 -0.9954
vn 0.9954 -0.0000 0.0958
vn -0.1045 -0.0000 0.9945
vn -0.9945 -0.0000 -0.1045
vn 0.1045 -0.0000 -0.9945
vn 0.9945 -0.0000 0.1045
vn -0.9744 -0.0000 -0.2249
vn -0.2164 -0.0000 0.9763
vn -0.9763 -0.0000 -0.2164
vn 0.2164 -0.0000 -0.9763
vn 0.9763 -0.0000 0.2164
vn -0.0628 -0.6789 0.7315
vn -0.9963 -0.0000 -0.0855
vn 0.0628 0.6790 -0.7315
vn 0.9963 -0.0000 0.0855
vn -0.0580 0.7342 0.6765
vn 0.0580 -0.7342 -0.6765
vn -0.0087 -0.0436 0.9990
vn 0.0087 0.0436 -0.9990
vn -0.0004 0.9990 0.0436
vn 0.0004 -0.9990 -0.0436
vn 0.0872 -0.0000 0.9962
vn -0.9962 -0.0000 0.0872
vn -0.0872 -0.0000 -0.9962
vn 0.9962 -0.0000 -0.0872
vn 0.1514 -0.6790 0.7184
vn -0.9785 -0.0000 0.2063
vn -0.1514 0.6789 -0.7184
vn 0.9785 -0.0000 -0.2063
vn 0.1401 0.7342 0.6644
vn -0.1401 -0.7342 -0.6644
vn 0.0958 -0.0000 0.9954
vn -0.9954 -0.0000 0.0958
vn -0.0958 -0.0000 -0.9954
vn 0.9954 -0.0000 -0.0958
vn 0.1045 -0.0000 0.9945
vn -0.9945 -0.0000 0.1045
vn -0.1045 -0.0000 -0.9945
vn 0.9945 -0.0000 -0.1045
vn 0.0628 -0.6790 0.7315
vn -0.9963 -0.0000 0.0855
vn -0.0628 0.6790 -0.7315
vn 0.9963 -0.0000 -0.0855
vn 0.0580 0.7342 0.6765
vn -0.0580 -0.7342 -0.6765
vn -0.0956 -0.0432 0.9945
vn -0.9954 -0.0057 -0.0960
vn 0.0956 0.0432 -0.9945
vn 0.9954 0.0057 0.0960
vn 0.0956 -0.0433 0.9945
vn -0.9954 0.0057 0.0960
vn -0.0956 0.0432 -0.9945
vn 0.9954 -0.0057 -0.0960
vn 0.0098 0.9990 0.0425
vn -0.0098 -0.9990 -0.0425
vn -0.7071 -0.1530 0.6903
vn -0.7032 0.2543 -0.6639
vn 0.7071 0.1530 -0.6904
vn 0.7032 -0.2543 0.6639
vn 0.0739 0.9549 0.2874
vn -0.0739 -0.9549 -0.2874
vn -0.7071 0.7071 -0.0000
vn 0.7071 -0.7071 -0.0000
vn 0.7071 0.7071 -0.0000
vn -0.7071 -0.7071 -0.0000
vn -0.6755 0.3584 0.6444
vn -0.7372 -0.3489 -0.5786
vn 0.6755 -0.3584 -0.6444
vn 0.7372 0.3489 0.5786
vn 0.2164 -0.0000 0.9763
vn -0.9763 -0.0000 0.2164
vn -0.2164 -0.0000 -0.9763
vn 0.9763 -0.0000 -0.2164
vn 0.2334 -0.0000 0.9724
vn -0.9724 -0.0000 0.2335
vn -0.2334 -0.0000 -0.9724
vn 0.9724 -0.0000 -0.2334
vn 0.0087 -0.0436 0.9990
vn -0.0087 0.0436 -0.9990
vn 0.0004 0.9990 0.0436
vn -0.0004 -0.9990 -0.0436
vn 0.2247 -0.0436 0.9734
vn -0.2247 0.0436 -0.9734
vn -0.2249 -0.0000 -0.9744
vn 0.9744 -0.0000 -0.2249
vn -0.0000 -0.7934 0.6088
vn -0.0000 0.7934 -0.6088
vn -0.0000 0.6088 0.7934
vn -0.0000 -0.6088 -0.7934
vn -0.7071 0.1530 -0.6903
vn 0.7071 0.1530 -0.6903
vn 0.7071 -0.1530 0.6903
vn 0.7661 0.6428 -0.0000
vn 0.0496 -0.2966 0.9537
vn -0.0496 0.2966 -0.9537
vn -0.1574 0.9406 0.3007
vn 0.1574 -0.9406 -0.3007
vn -0.7071 -0.6533 0.2706
vn -0.7071 0.6533 -0.2706
vn 0.7071 0.6533 -0.2706
vn 0.7071 -0.6533 0.2706
vn -0.0000 0.3827 0.9239
vn -0.0000 -0.3827 -0.9239
vn 0.7071 0.6533 0.2706
vn -0.7071 0.6533 0.2706
vn -0.7071 -0.6533 -0.2706
vn 0.7071 -0.6533 -0.2706
vn -0.0000 0.3827 -0.9239
vn -0.0000 -0.3827 0.9239
vn -0.0000 0.4999 0.8661
vn -0.0000 -0.4999 -0.8661
vn -0.0000 0.8661 -0.4999
vn -0.0000 -0.8661 0.4999
vn -0.0000 0.9239 0.3827
vn -0.0000 -0.9239 -0.3827
vn -0.0000 -0.9239 0.3827
vn -0.0000 0.9239 -0.3827
vn 0.6755 0.3584 0.6444
vn -0.7372 0.3489 0.5786
vn -0.6755 -0.3584 -0.6444
vn 0.7372 -0.3489 -0.5786
vn -0.7032 -0.2543 0.6639
vn 0.7032 0.2543 -0.6639
vn -0.0739 0.9549 0.2874
vn 0.0739 -0.9549 -0.2874
vn -0.0000 -0.2588 0.9659
vn -0.0000 0.2588 -0.9659
vn -0.0000 0.9659 0.2588
vn -0.0000 -0.9659 -0.2588
vn -0.0063 0.0229 0.9997
vn -0.9637 -0.2671 -0.0000
vn 0.0063 -0.0229 -0.9997
vn 0.9637 0.2671 -0.0000
vn -0.2670 0.9634 -0.0237
vn 0.2670 -0.9634 0.0237
vn 0.0027 -0.0860 0.9963
vn -0.9632 -0.2680 -0.0206
vn -0.0027 0.0860 -0.9963
vn 0.9632 0.2680 0.0206
vn -0.2688 0.9596 0.0836
vn 0.2688 -0.9596 -0.0836
vn -0.1278 -0.3084 0.9426
vn 0.1278 0.3084 -0.9426
vn -0.9863 0.1650 -0.0000
vn 0.9863 -0.1650 -0.0000
vn 0.1651 0.9863 -0.0000
vn -0.1650 -0.9863 -0.0000
vn -0.0496 -0.2966 0.9537
vn 0.0496 0.2966 -0.9537
vn 0.1574 0.9406 0.3007
vn -0.1574 -0.9406 -0.3007
vn -0.0050 0.5736 0.8192
vn -1.0000 -0.0087 -0.0000
vn 0.0050 -0.5736 -0.8192
vn 1.0000 0.0087 -0.0000
vn -0.0071 0.8191 -0.5736
vn 0.0071 -0.8191 0.5736
vt 0.503906 0.509766
vt 0.593750 0.974609
vt 0.353516 0.462891
vt 0.023438 0.408203
vt 0.549805 0.509766
vt 0.353516 0.416992
vt 0.503906 0.506836
vt 0.593750 0.971680
vt 0.388672 0.462891
vt 0.023438 0.405273
vt 0.549805 0.506836
vt 0.388672 0.416992
vt 0.025391 0.408203
vt 0.505859 0.650391
vt 0.355469 0.416992
vt 0.591797 0.974609
vt 0.551758 0.650391
vt 0.355469 0.462891
vt 0.025391 0.405273
vt 0.505859 0.647461
vt 0.390625 0.416992
vt 0.591797 0.971680
vt 0.551758 0.647461
vt 0.390625 0.462891
vt 0.000000 0.539062
vt 0.582031 0.654297
vt 0.263672 0.531250
vt 0.328125 0.423828
vt 0.045898 0.539062
vt 0.263672 0.485352
vt 0.000000 0.532227
vt 0.582031 0.647461
vt 0.187500 0.527344
vt 0.328125 0.416992
vt 0.045898 0.532227
vt 0.187500 0.481445
vt 0.333984 0.423828
vt 0.068359 0.533203
vt 0.269531 0.485352
vt 0.576172 0.654297
vt 0.114258 0.533203
vt 0.269531 0.531250
vt 0.333984 0.416992
vt 0.068359 0.526367
vt 0.193359 0.481445
vt 0.576172 0.647461
vt 0.114258 0.526367
vt 0.193359 0.527344
vt 0.484375 0.634766
vt 0.591797 0.923828
vt 0.177734 0.548828
vt 0.587891 0.927734
vt 0.530273 0.634766
vt 0.177734 0.502930
vt 0.484375 0.630859
vt 0.591797 0.919922
vt 0.246094 0.509766
vt 0.587891 0.923828
vt 0.530273 0.630859
vt 0.246094 0.463867
vt 0.591797 0.927734
vt 0.486328 0.599609
vt 0.181641 0.502930
vt 0.587891 0.923828
vt 0.532227 0.599609
vt 0.181641 0.548828
vt 0.591797 0.923828
vt 0.486328 0.595703
vt 0.250000 0.463867
vt 0.587891 0.919922
vt 0.532227 0.595703
vt 0.250000 0.509766
vt 0.054688 0.861328
vt 0.246094 0.468750
vt 0.193359 0.527344
vt 0.234375 0.468750
vt 0.100586 0.861328
vt 0.193359 0.481445
vt 0.054688 0.842773
vt 0.246094 0.450195
vt 0.199219 0.527344
vt 0.234375 0.450195
vt 0.100586 0.842773
vt 0.199219 0.481445
vt 0.240234 0.468750
vt 0.218750 0.677734
vt 0.199219 0.481445
vt 0.240234 0.468750
vt 0.264648 0.677734
vt 0.199219 0.527344
vt 0.240234 0.450195
vt 0.218750 0.659180
vt 0.205078 0.481445
vt 0.240234 0.450195
vt 0.264648 0.659180
vt 0.205078 0.527344
vt 0.466797 0.767578
vt 0.140625 0.412109
vt 0.246094 0.462891
vt 0.132812 0.412109
vt 0.512695 0.767578
vt 0.246094 0.416992
vt 0.466797 0.760742
vt 0.140625 0.405273
vt 0.248047 0.462891
vt 0.132812 0.405273
vt 0.512695 0.760742
vt 0.248047 0.416992
vt 0.134766 0.412109
vt 0.466797 0.759766
vt 0.248047 0.416992
vt 0.138672 0.412109
vt 0.512695 0.759766
vt 0.248047 0.462891
vt 0.134766 0.405273
vt 0.466797 0.752930
vt 0.250000 0.416992
vt 0.138672 0.405273
vt 0.512695 0.752930
vt 0.250000 0.462891
vt 0.470703 0.791016
vt 0.585938 0.496094
vt 0.310547 0.509766
vt 0.347656 0.417969
vt 0.516602 0.791016
vt 0.310547 0.463867
vt 0.470703 0.785156
vt 0.585938 0.490234
vt 0.314453 0.509766
vt 0.347656 0.412109
vt 0.516602 0.785156
vt 0.314453 0.463867
vt 0.351562 0.417969
vt 0.470703 0.785156
vt 0.314453 0.463867
vt 0.582031 0.496094
vt 0.516602 0.785156
vt 0.314453 0.509766
vt 0.351562 0.412109
vt 0.470703 0.779297
vt 0.318359 0.463867
vt 0.582031 0.490234
vt 0.516602 0.779297
vt 0.318359 0.509766
vt 0.517578 0.417969
vt 0.332031 0.412109
vt 0.589844 0.794922
vt 0.587891 0.671875
vt 0.521484 0.417969
vt 0.589844 0.791016
vt 0.517578 0.412109
vt 0.332031 0.406250
vt 0.589844 0.791016
vt 0.587891 0.666016
vt 0.521484 0.412109
vt 0.589844 0.787109
vt 0.589844 0.671875
vt 0.582031 0.470703
vt 0.591797 0.791016
vt 0.330078 0.412109
vt 0.585938 0.470703
vt 0.591797 0.794922
vt 0.589844 0.666016
vt 0.582031 0.464844
vt 0.591797 0.787109
vt 0.330078 0.406250
vt 0.585938 0.464844
vt 0.591797 0.791016
vt 0.589844 0.830078
vt 0.583008 0.767578
vt 0.451172 0.552734
vt 0.572266 0.974609
vt 0.591797 0.830078
vt 0.451172 0.550781
vt 0.589844 0.826172
vt 0.583008 0.763672
vt 0.472656 0.619141
vt 0.572266 0.970703
vt 0.591797 0.826172
vt 0.472656 0.617188
vt 0.583008 0.974609
vt 0.203125 0.410156
vt 0.461914 0.550781
vt 0.572266 0.767578
vt 0.205078 0.410156
vt 0.461914 0.552734
vt 0.583008 0.970703
vt 0.203125 0.406250
vt 0.483398 0.617188
vt 0.572266 0.763672
vt 0.205078 0.406250
vt 0.483398 0.619141
vt 0.318359 0.412109
vt 0.569336 0.761719
vt 0.058594 0.650391
vt 0.068359 0.572266
vt 0.320312 0.412109
vt 0.058594 0.648438
vt 0.318359 0.406250
vt 0.569336 0.755859
vt 0.392578 0.941406
vt 0.068359 0.566406
vt 0.320312 0.406250
vt 0.392578 0.939453
vt 0.079102 0.572266
vt 0.328125 0.412109
vt 0.069336 0.648438
vt 0.558594 0.761719
vt 0.330078 0.412109
vt 0.069336 0.650391
vt 0.079102 0.566406
vt 0.328125 0.406250
vt 0.403320 0.939453
vt 0.558594 0.755859
vt 0.330078 0.406250
vt 0.403320 0.941406
vt 0.546875 0.654297
vt 0.033203 0.408203
vt 0.152344 0.515625
vt 0.591797 0.970703
vt 0.575195 0.654297
vt 0.152344 0.487305
vt 0.546875 0.651367
vt 0.033203 0.405273
vt 0.203125 0.439453
vt 0.591797 0.967773
vt 0.575195 0.651367
vt 0.203125 0.411133
vt 0.593750 0.970703
vt 0.548828 0.849609
vt 0.154297 0.487305
vt 0.031250 0.408203
vt 0.577148 0.849609
vt 0.154297 0.515625
vt 0.593750 0.967773
vt 0.548828 0.846680
vt 0.205078 0.411133
vt 0.031250 0.405273
vt 0.577148 0.846680
vt 0.205078 0.439453
vt 0.556641 0.982422
vt 0.593750 0.871094
vt 0.441406 0.441406
vt 0.591797 0.886719
vt 0.586914 0.982422
vt 0.441406 0.411133
vt 0.556641 0.980469
vt 0.593750 0.869141
vt 0.539062 0.441406
vt 0.591797 0.884766
vt 0.586914 0.980469
vt 0.539062 0.411133
vt 0.593750 0.886719
vt 0.556641 0.500000
vt 0.443359 0.411133
vt 0.591797 0.871094
vt 0.586914 0.500000
vt 0.443359 0.441406
vt 0.593750 0.884766
vt 0.556641 0.498047
vt 0.541016 0.411133
vt 0.591797 0.869141
vt 0.586914 0.498047
vt 0.541016 0.441406
vt 0.351562 0.871094
vt 0.255859 0.427734
vt 0.015625 0.458984
vt 0.251953 0.427734
vt 0.393555 0.871094
vt 0.015625 0.416992
vt 0.351562 0.848633
vt 0.255859 0.405273
vt 0.265625 0.458984
vt 0.251953 0.405273
vt 0.393555 0.848633
vt 0.265625 0.416992
vt 0.253906 0.427734
vt 0.136719 0.642578
vt 0.017578 0.416992
vt 0.253906 0.427734
vt 0.178711 0.642578
vt 0.017578 0.458984
vt 0.253906 0.405273
vt 0.136719 0.620117
vt 0.267578 0.416992
vt 0.253906 0.405273
vt 0.178711 0.620117
vt 0.267578 0.458984
vt 0.152344 0.455078
vt 0.166016 0.425781
vt 0.589844 0.787109
vt 0.052734 0.425781
vt 0.156250 0.455078
vt 0.589844 0.783203
vt 0.152344 0.433594
vt 0.166016 0.404297
vt 0.230469 0.410156
vt 0.052734 0.404297
vt 0.156250 0.433594
vt 0.230469 0.406250
vt 0.054688 0.425781
vt 0.269531 0.455078
vt 0.591797 0.783203
vt 0.164062 0.425781
vt 0.273438 0.455078
vt 0.591797 0.787109
vt 0.054688 0.404297
vt 0.269531 0.433594
vt 0.232422 0.406250
vt 0.164062 0.404297
vt 0.273438 0.433594
vt 0.232422 0.410156
vt 0.587891 0.955078
vt 0.593750 0.894531
vt 0.140625 0.412109
vt 0.589844 0.437500
vt 0.594727 0.955078
vt 0.140625 0.405273
vt 0.587891 0.953125
vt 0.593750 0.892578
vt 0.152344 0.412109
vt 0.589844 0.435547
vt 0.594727 0.953125
vt 0.152344 0.405273
vt 0.591797 0.437500
vt 0.587891 0.931641
vt 0.142578 0.405273
vt 0.591797 0.894531
vt 0.594727 0.931641
vt 0.142578 0.412109
vt 0.591797 0.435547
vt 0.587891 0.929688
vt 0.154297 0.405273
vt 0.591797 0.892578
vt 0.594727 0.929688
vt 0.154297 0.412109
vt 0.050781 0.746094
vt 0.469727 0.912109
vt 0.000000 0.689453
vt 0.068359 0.566406
vt 0.054688 0.746094
vt 0.000000 0.685547
vt 0.050781 0.732422
vt 0.469727 0.898438
vt 0.351562 0.847656
vt 0.068359 0.552734
vt 0.054688 0.732422
vt 0.351562 0.843750
vt 0.102539 0.566406
vt 0.324219 0.960938
vt 0.034180 0.685547
vt 0.435547 0.912109
vt 0.328125 0.960938
vt 0.034180 0.689453
vt 0.102539 0.552734
vt 0.324219 0.947266
vt 0.385742 0.843750
vt 0.435547 0.898438
vt 0.328125 0.947266
vt 0.385742 0.847656
vt 0.324219 0.947266
vt 0.565430 0.578125
vt 0.515625 0.435547
vt 0.552734 0.533203
vt 0.326172 0.947266
vt 0.515625 0.433594
vt 0.324219 0.945312
vt 0.565430 0.576172
vt 0.587891 0.818359
vt 0.552734 0.531250
vt 0.326172 0.945312
vt 0.587891 0.816406
vt 0.557617 0.533203
vt 0.404297 0.941406
vt 0.520508 0.433594
vt 0.560547 0.578125
vt 0.406250 0.941406
vt 0.520508 0.435547
vt 0.557617 0.531250
vt 0.404297 0.939453
vt 0.592773 0.816406
vt 0.560547 0.576172
vt 0.406250 0.939453
vt 0.592773 0.818359
vt 0.250000 0.509766
vt 0.096680 0.648438
vt 0.529297 0.779297
vt 0.347656 0.921875
vt 0.251953 0.509766
vt 0.529297 0.777344
vt 0.250000 0.484375
vt 0.096680 0.623047
vt 0.531250 0.625000
vt 0.347656 0.896484
vt 0.251953 0.484375
vt 0.531250 0.623047
vt 0.385742 0.921875
vt 0.318359 0.509766
vt 0.567383 0.777344
vt 0.058594 0.648438
vt 0.320312 0.509766
vt 0.567383 0.779297
vt 0.385742 0.896484
vt 0.318359 0.484375
vt 0.569336 0.623047
vt 0.058594 0.623047
vt 0.320312 0.484375
vt 0.569336 0.625000
vt 0.107422 0.419922
vt 0.449219 0.433594
vt 0.277344 0.408203
vt 0.343750 0.435547
vt 0.108398 0.419922
vt 0.277344 0.407227
vt 0.107422 0.394531
vt 0.449219 0.408203
vt 0.591797 0.699219
vt 0.343750 0.410156
vt 0.108398 0.394531
vt 0.591797 0.698242
vt 0.345703 0.435547
vt 0.126953 0.419922
vt 0.279297 0.407227
vt 0.447266 0.433594
vt 0.127930 0.419922
vt 0.279297 0.408203
vt 0.345703 0.410156
vt 0.126953 0.394531
vt 0.593750 0.698242
vt 0.447266 0.408203
vt 0.127930 0.394531
vt 0.593750 0.699219
vt 0.447266 0.501953
vt 0.262695 0.527344
vt 0.406250 0.925781
vt 0.470703 0.589844
vt 0.451172 0.501953
vt 0.406250 0.921875
vt 0.447266 0.494141
vt 0.262695 0.519531
vt 0.515625 0.517578
vt 0.470703 0.582031
vt 0.451172 0.494141
vt 0.515625 0.513672
vt 0.504883 0.589844
vt 0.515625 0.707031
vt 0.440430 0.921875
vt 0.228516 0.527344
vt 0.519531 0.707031
vt 0.440430 0.925781
vt 0.504883 0.582031
vt 0.515625 0.699219
vt 0.549805 0.513672
vt 0.228516 0.519531
vt 0.519531 0.699219
vt 0.549805 0.517578
vt 0.039062 0.451172
vt 0.382812 0.439453
vt 0.589844 0.583984
vt 0.363281 0.439453
vt 0.041992 0.451172
vt 0.589844 0.581055
vt 0.039062 0.423828
vt 0.382812 0.412109
vt 0.441406 0.410156
vt 0.363281 0.412109
vt 0.041992 0.423828
vt 0.441406 0.407227
vt 0.365234 0.439453
vt 0.207031 0.451172
vt 0.591797 0.581055
vt 0.380859 0.439453
vt 0.209961 0.451172
vt 0.591797 0.583984
vt 0.365234 0.412109
vt 0.207031 0.423828
vt 0.443359 0.407227
vt 0.380859 0.412109
vt 0.209961 0.423828
vt 0.443359 0.410156
vt 0.474609 0.896484
vt 0.400391 0.429688
vt 0.158203 0.603516
vt 0.375000 0.429688
vt 0.504883 0.896484
vt 0.158203 0.573242
vt 0.474609 0.888672
vt 0.400391 0.421875
vt 0.164062 0.603516
vt 0.375000 0.421875
vt 0.504883 0.888672
vt 0.164062 0.573242
vt 0.380859 0.429688
vt 0.474609 0.888672
vt 0.164062 0.573242
vt 0.394531 0.429688
vt 0.504883 0.888672
vt 0.164062 0.603516
vt 0.380859 0.421875
vt 0.474609 0.880859
vt 0.169922 0.573242
vt 0.394531 0.421875
vt 0.504883 0.880859
vt 0.169922 0.603516
vt 0.525391 0.976562
vt 0.085938 0.412109
vt 0.000000 0.476562
vt 0.078125 0.412109
vt 0.557617 0.976562
vt 0.000000 0.444336
vt 0.525391 0.972656
vt 0.085938 0.408203
vt 0.003906 0.476562
vt 0.078125 0.408203
vt 0.557617 0.972656
vt 0.003906 0.444336
vt 0.082031 0.412109
vt 0.525391 0.759766
vt 0.003906 0.444336
vt 0.082031 0.412109
vt 0.557617 0.759766
vt 0.003906 0.476562
vt 0.082031 0.408203
vt 0.525391 0.755859
vt 0.007812 0.444336
vt 0.082031 0.408203
vt 0.557617 0.755859
vt 0.007812 0.476562
vt 0.283203 0.554688
vt 0.333984 0.447266
vt 0.033203 0.523438
vt 0.298828 0.447266
vt 0.319336 0.554688
vt 0.033203 0.487305
vt 0.283203 0.542969
vt 0.333984 0.435547
vt 0.039062 0.523438
vt 0.298828 0.435547
vt 0.319336 0.542969
vt 0.039062 0.487305
vt 0.304688 0.447266
vt 0.447266 0.941406
vt 0.039062 0.487305
vt 0.328125 0.447266
vt 0.483398 0.941406
vt 0.039062 0.523438
vt 0.304688 0.435547
vt 0.447266 0.929688
vt 0.044922 0.487305
vt 0.328125 0.435547
vt 0.483398 0.929688
vt 0.044922 0.523438
vt 0.000000 0.523438
vt 0.589844 0.833984
vt 0.205078 0.445312
vt 0.587891 0.841797
vt 0.032227 0.523438
vt 0.205078 0.413086
vt 0.000000 0.516602
vt 0.589844 0.827148
vt 0.324219 0.445312
vt 0.587891 0.834961
vt 0.032227 0.516602
vt 0.324219 0.413086
vt 0.589844 0.841797
vt 0.121094 0.523438
vt 0.207031 0.413086
vt 0.587891 0.833984
vt 0.153320 0.523438
vt 0.207031 0.445312
vt 0.589844 0.834961
vt 0.121094 0.516602
vt 0.326172 0.413086
vt 0.587891 0.827148
vt 0.153320 0.516602
vt 0.326172 0.445312
vt 0.531250 0.609375
vt 0.593750 0.960938
vt 0.326172 0.445312
vt 0.033203 0.408203
vt 0.563477 0.609375
vt 0.326172 0.413086
vt 0.531250 0.606445
vt 0.593750 0.958008
vt 0.146484 0.443359
vt 0.033203 0.405273
vt 0.563477 0.606445
vt 0.146484 0.411133
vt 0.035156 0.408203
vt 0.533203 0.599609
vt 0.328125 0.413086
vt 0.591797 0.960938
vt 0.565430 0.599609
vt 0.328125 0.445312
vt 0.035156 0.405273
vt 0.533203 0.596680
vt 0.148438 0.411133
vt 0.591797 0.958008
vt 0.565430 0.596680
vt 0.148438 0.443359
vt 0.476562 0.720703
vt 0.435547 0.423828
vt 0.451172 0.513672
vt 0.404297 0.423828
vt 0.508789 0.720703
vt 0.451172 0.481445
vt 0.476562 0.713867
vt 0.435547 0.416992
vt 0.228516 0.509766
vt 0.404297 0.416992
vt 0.508789 0.713867
vt 0.228516 0.477539
vt 0.410156 0.423828
vt 0.476562 0.712891
vt 0.457031 0.481445
vt 0.429688 0.423828
vt 0.508789 0.712891
vt 0.457031 0.513672
vt 0.410156 0.416992
vt 0.476562 0.706055
vt 0.234375 0.477539
vt 0.429688 0.416992
vt 0.508789 0.706055
vt 0.234375 0.509766
vt 0.587891 0.884766
vt 0.593750 0.742188
vt 0.154297 0.412109
vt 0.591797 0.820312
vt 0.594727 0.884766
vt 0.154297 0.405273
vt 0.587891 0.882812
vt 0.593750 0.740234
vt 0.156250 0.412109
vt 0.591797 0.818359
vt 0.594727 0.882812
vt 0.156250 0.405273
vt 0.593750 0.820312
vt 0.587891 0.882812
vt 0.156250 0.405273
vt 0.591797 0.742188
vt 0.594727 0.882812
vt 0.156250 0.412109
vt 0.593750 0.818359
vt 0.587891 0.880859
vt 0.158203 0.405273
vt 0.591797 0.740234
vt 0.594727 0.880859
vt 0.158203 0.412109
vt 0.250000 0.470703
vt 0.259766 0.427734
vt 0.390625 0.412109
vt 0.255859 0.427734
vt 0.254883 0.470703
vt 0.390625 0.407227
vt 0.250000 0.448242
vt 0.259766 0.405273
vt 0.400391 0.412109
vt 0.255859 0.405273
vt 0.254883 0.448242
vt 0.400391 0.407227
vt 0.257812 0.427734
vt 0.255859 0.470703
vt 0.392578 0.407227
vt 0.257812 0.427734
vt 0.260742 0.470703
vt 0.392578 0.412109
vt 0.257812 0.405273
vt 0.255859 0.448242
vt 0.402344 0.407227
vt 0.257812 0.405273
vt 0.260742 0.448242
vt 0.402344 0.412109
vt 0.218750 0.615234
vt 0.419922 0.427734
vt 0.134766 0.449219
vt 0.259766 0.427734
vt 0.251953 0.615234
vt 0.134766 0.416016
vt 0.218750 0.592773
vt 0.419922 0.405273
vt 0.345703 0.447266
vt 0.259766 0.405273
vt 0.251953 0.592773
vt 0.345703 0.414062
vt 0.261719 0.427734
vt 0.078125 0.611328
vt 0.136719 0.416016
vt 0.417969 0.427734
vt 0.111328 0.611328
vt 0.136719 0.449219
vt 0.261719 0.405273
vt 0.078125 0.588867
vt 0.347656 0.414062
vt 0.417969 0.405273
vt 0.111328 0.588867
vt 0.347656 0.447266
vt 0.535156 0.937500
vt 0.593750 0.738281
vt 0.222656 0.455078
vt 0.591797 0.740234
vt 0.572266 0.937500
vt 0.222656 0.417969
vt 0.535156 0.935547
vt 0.593750 0.736328
vt 0.273438 0.455078
vt 0.591797 0.738281
vt 0.572266 0.935547
vt 0.273438 0.417969
vt 0.593750 0.740234
vt 0.542969 0.714844
vt 0.224609 0.417969
vt 0.591797 0.738281
vt 0.580078 0.714844
vt 0.224609 0.455078
vt 0.593750 0.738281
vt 0.542969 0.712891
vt 0.275391 0.417969
vt 0.591797 0.736328
vt 0.580078 0.712891
vt 0.275391 0.455078
vt 0.058594 0.453125
vt 0.181641 0.425781
vt 0.232422 0.410156
vt 0.177734 0.425781
vt 0.062500 0.453125
vt 0.232422 0.406250
vt 0.058594 0.431641
vt 0.181641 0.404297
vt 0.244141 0.410156
vt 0.177734 0.404297
vt 0.062500 0.431641
vt 0.244141 0.406250
vt 0.179688 0.425781
vt 0.167969 0.453125
vt 0.234375 0.406250
vt 0.179688 0.425781
vt 0.171875 0.453125
vt 0.234375 0.410156
vt 0.179688 0.404297
vt 0.167969 0.431641
vt 0.246094 0.406250
vt 0.179688 0.404297
vt 0.171875 0.431641
vt 0.246094 0.410156
vt 0.039062 0.593750
vt 0.585938 0.443359
vt 0.224609 0.480469
vt 0.533203 0.417969
vt 0.075195 0.593750
vt 0.224609 0.444336
vt 0.039062 0.587891
vt 0.585938 0.437500
vt 0.275391 0.478516
vt 0.533203 0.412109
vt 0.075195 0.587891
vt 0.275391 0.442383
vt 0.537109 0.417969
vt 0.482422 0.966797
vt 0.228516 0.444336
vt 0.582031 0.443359
vt 0.518555 0.966797
vt 0.228516 0.480469
vt 0.537109 0.412109
vt 0.482422 0.960938
vt 0.279297 0.442383
vt 0.582031 0.437500
vt 0.518555 0.960938
vt 0.279297 0.478516
vt 0.095703 0.419922
vt 0.027344 0.427734
vt 0.582031 0.533203
vt 0.527344 0.429688
vt 0.099609 0.419922
vt 0.582031 0.529297
vt 0.095703 0.412109
vt 0.027344 0.419922
vt 0.582031 0.490234
vt 0.527344 0.421875
vt 0.099609 0.412109
vt 0.582031 0.486328
vt 0.533203 0.429688
vt 0.099609 0.419922
vt 0.587891 0.529297
vt 0.021484 0.427734
vt 0.103516 0.419922
vt 0.587891 0.533203
vt 0.533203 0.421875
vt 0.099609 0.412109
vt 0.587891 0.486328
vt 0.021484 0.419922
vt 0.103516 0.412109
vt 0.587891 0.490234
vt 0.527344 0.421875
vt 0.538086 0.427734
vt 0.583984 0.451172
vt 0.517578 0.427734
vt 0.531250 0.421875
vt 0.583984 0.447266
vt 0.527344 0.413086
vt 0.538086 0.418945
vt 0.585938 0.949219
vt 0.517578 0.418945
vt 0.531250 0.413086
vt 0.585938 0.945312
vt 0.522461 0.427734
vt 0.578125 0.470703
vt 0.588867 0.447266
vt 0.533203 0.427734
vt 0.582031 0.470703
vt 0.588867 0.451172
vt 0.522461 0.418945
vt 0.578125 0.461914
vt 0.590820 0.945312
vt 0.533203 0.418945
vt 0.582031 0.461914
vt 0.590820 0.949219
vt 0.070312 0.664062
vt 0.471680 0.630859
vt 0.517578 0.904297
vt 0.369141 0.562500
vt 0.074219 0.664062
vt 0.517578 0.900391
vt 0.070312 0.650391
vt 0.471680 0.617188
vt 0.517578 0.777344
vt 0.369141 0.548828
vt 0.074219 0.650391
vt 0.517578 0.773438
vt 0.403320 0.562500
vt 0.054688 0.640625
vt 0.551758 0.900391
vt 0.437500 0.630859
vt 0.058594 0.640625
vt 0.551758 0.904297
vt 0.403320 0.548828
vt 0.054688 0.626953
vt 0.551758 0.773438
vt 0.437500 0.617188
vt 0.058594 0.626953
vt 0.551758 0.777344
vt 0.533203 0.572266
vt 0.506836 0.630859
vt 0.521484 0.935547
vt 0.365234 0.527344
vt 0.537109 0.572266
vt 0.521484 0.931641
vt 0.533203 0.564453
vt 0.506836 0.623047
vt 0.521484 0.712891
vt 0.365234 0.519531
vt 0.537109 0.564453
vt 0.521484 0.708984
vt 0.399414 0.527344
vt 0.535156 0.544922
vt 0.555664 0.931641
vt 0.472656 0.630859
vt 0.539062 0.544922
vt 0.555664 0.935547
vt 0.399414 0.519531
vt 0.535156 0.537109
vt 0.555664 0.708984
vt 0.472656 0.623047
vt 0.539062 0.537109
vt 0.555664 0.712891
vt 0.023438 0.541016
vt 0.592773 0.662109
vt 0.587891 0.660156
vt 0.587891 0.666016
vt 0.025391 0.541016
vt 0.587891 0.658203
vt 0.023438 0.539062
vt 0.592773 0.660156
vt 0.587891 0.648438
vt 0.587891 0.664062
vt 0.025391 0.539062
vt 0.587891 0.646484
vt 0.592773 0.666016
vt 0.484375 0.609375
vt 0.592773 0.658203
vt 0.587891 0.662109
vt 0.486328 0.609375
vt 0.592773 0.660156
vt 0.592773 0.664062
vt 0.484375 0.607422
vt 0.592773 0.646484
vt 0.587891 0.660156
vt 0.486328 0.607422
vt 0.592773 0.648438
vt 0.130859 0.449219
vt 0.404297 0.439453
vt 0.462891 0.410156
vt 0.400391 0.439453
vt 0.133789 0.449219
vt 0.462891 0.407227
vt 0.130859 0.421875
vt 0.404297 0.412109
vt 0.464844 0.410156
vt 0.400391 0.412109
vt 0.133789 0.421875
vt 0.464844 0.407227
vt 0.402344 0.439453
vt 0.511719 0.449219
vt 0.464844 0.407227
vt 0.402344 0.439453
vt 0.514648 0.449219
vt 0.464844 0.410156
vt 0.402344 0.412109
vt 0.511719 0.421875
vt 0.466797 0.407227
vt 0.402344 0.412109
vt 0.514648 0.421875
vt 0.466797 0.410156
vt 0.158203 0.419922
vt 0.386719 0.431641
vt 0.302734 0.408203
vt 0.382812 0.431641
vt 0.159180 0.419922
vt 0.302734 0.407227
vt 0.158203 0.394531
vt 0.386719 0.406250
vt 0.591797 0.695312
vt 0.382812 0.406250
vt 0.159180 0.394531
vt 0.591797 0.694336
vt 0.384766 0.431641
vt 0.242188 0.419922
vt 0.304688 0.407227
vt 0.384766 0.431641
vt 0.243164 0.419922
vt 0.304688 0.408203
vt 0.384766 0.406250
vt 0.242188 0.394531
vt 0.593750 0.694336
vt 0.384766 0.406250
vt 0.243164 0.394531
vt 0.593750 0.695312
vt 0.544922 0.433594
vt 0.389648 0.896484
vt 0.533203 0.951172
vt 0.097656 0.648438
vt 0.546875 0.433594
vt 0.533203 0.949219
vt 0.544922 0.408203
vt 0.389648 0.871094
vt 0.533203 0.863281
vt 0.097656 0.623047
vt 0.546875 0.408203
vt 0.533203 0.861328
vt 0.135742 0.648438
vt 0.175781 0.431641
vt 0.571289 0.949219
vt 0.351562 0.896484
vt 0.177734 0.431641
vt 0.571289 0.951172
vt 0.135742 0.623047
vt 0.175781 0.406250
vt 0.571289 0.861328
vt 0.351562 0.871094
vt 0.177734 0.406250
vt 0.571289 0.863281
vt 0.594727 0.882812
vt 0.591797 0.742188
vt 0.156250 0.412109
vt 0.593750 0.820312
vt 0.587891 0.882812
vt 0.156250 0.405273
vt 0.594727 0.880859
vt 0.591797 0.740234
vt 0.158203 0.412109
vt 0.593750 0.818359
vt 0.587891 0.880859
vt 0.158203 0.405273
vt 0.591797 0.820312
vt 0.594727 0.884766
vt 0.154297 0.405273
vt 0.593750 0.742188
vt 0.587891 0.884766
vt 0.154297 0.412109
vt 0.591797 0.818359
vt 0.594727 0.882812
vt 0.156250 0.405273
vt 0.593750 0.740234
vt 0.587891 0.882812
vt 0.156250 0.412109
vt 0.504883 0.888672
vt 0.394531 0.429688
vt 0.164062 0.603516
vt 0.380859 0.429688
vt 0.474609 0.888672
vt 0.164062 0.573242
vt 0.504883 0.880859
vt 0.394531 0.421875
vt 0.169922 0.603516
vt 0.380859 0.421875
vt 0.474609 0.880859
vt 0.169922 0.573242
vt 0.375000 0.429688
vt 0.504883 0.896484
vt 0.158203 0.573242
vt 0.400391 0.429688
vt 0.474609 0.896484
vt 0.158203 0.603516
vt 0.375000 0.421875
vt 0.504883 0.888672
vt 0.164062 0.573242
vt 0.400391 0.421875
vt 0.474609 0.888672
vt 0.164062 0.603516
vt 0.557617 0.759766
vt 0.082031 0.412109
vt 0.003906 0.476562
vt 0.082031 0.412109
vt 0.525391 0.759766
vt 0.003906 0.444336
vt 0.557617 0.755859
vt 0.082031 0.408203
vt 0.007812 0.476562
vt 0.082031 0.408203
vt 0.525391 0.755859
vt 0.007812 0.444336
vt 0.078125 0.412109
vt 0.557617 0.976562
vt 0.000000 0.444336
vt 0.085938 0.412109
vt 0.525391 0.976562
vt 0.000000 0.476562
vt 0.078125 0.408203
vt 0.557617 0.972656
vt 0.003906 0.444336
vt 0.085938 0.408203
vt 0.525391 0.972656
vt 0.003906 0.476562
vt 0.483398 0.941406
vt 0.328125 0.447266
vt 0.039062 0.523438
vt 0.304688 0.447266
vt 0.447266 0.941406
vt 0.039062 0.487305
vt 0.483398 0.929688
vt 0.328125 0.435547
vt 0.044922 0.523438
vt 0.304688 0.435547
vt 0.447266 0.929688
vt 0.044922 0.487305
vt 0.298828 0.447266
vt 0.319336 0.554688
vt 0.033203 0.487305
vt 0.333984 0.447266
vt 0.283203 0.554688
vt 0.033203 0.523438
vt 0.298828 0.435547
vt 0.319336 0.542969
vt 0.039062 0.487305
vt 0.333984 0.435547
vt 0.283203 0.542969
vt 0.039062 0.523438
vt 0.153320 0.523438
vt 0.587891 0.833984
vt 0.207031 0.445312
vt 0.589844 0.841797
vt 0.121094 0.523438
vt 0.207031 0.413086
vt 0.153320 0.516602
vt 0.587891 0.827148
vt 0.326172 0.445312
vt 0.589844 0.834961
vt 0.121094 0.516602
vt 0.326172 0.413086
vt 0.587891 0.841797
vt 0.032227 0.523438
vt 0.205078 0.413086
vt 0.589844 0.833984
vt 0.000000 0.523438
vt 0.205078 0.445312
vt 0.587891 0.834961
vt 0.032227 0.516602
vt 0.324219 0.413086
vt 0.589844 0.827148
vt 0.000000 0.516602
vt 0.324219 0.445312
vt 0.565430 0.599609
vt 0.591797 0.960938
vt 0.328125 0.445312
vt 0.035156 0.408203
vt 0.533203 0.599609
vt 0.328125 0.413086
vt 0.565430 0.596680
vt 0.591797 0.958008
vt 0.148438 0.443359
vt 0.035156 0.405273
vt 0.533203 0.596680
vt 0.148438 0.411133
vt 0.033203 0.408203
vt 0.563477 0.609375
vt 0.326172 0.413086
vt 0.593750 0.960938
vt 0.531250 0.609375
vt 0.326172 0.445312
vt 0.033203 0.405273
vt 0.563477 0.606445
vt 0.146484 0.411133
vt 0.593750 0.958008
vt 0.531250 0.606445
vt 0.146484 0.443359
vt 0.508789 0.712891
vt 0.429688 0.423828
vt 0.457031 0.513672
vt 0.410156 0.423828
vt 0.476562 0.712891
vt 0.457031 0.481445
vt 0.508789 0.706055
vt 0.429688 0.416992
vt 0.234375 0.509766
vt 0.410156 0.416992
vt 0.476562 0.706055
vt 0.234375 0.477539
vt 0.404297 0.423828
vt 0.508789 0.720703
vt 0.451172 0.481445
vt 0.435547 0.423828
vt 0.476562 0.720703
vt 0.451172 0.513672
vt 0.404297 0.416992
vt 0.508789 0.713867
vt 0.228516 0.477539
vt 0.435547 0.416992
vt 0.476562 0.713867
vt 0.228516 0.509766
vt 0.260742 0.470703
vt 0.257812 0.427734
vt 0.392578 0.412109
vt 0.257812 0.427734
vt 0.255859 0.470703
vt 0.392578 0.407227
vt 0.260742 0.448242
vt 0.257812 0.405273
vt 0.402344 0.412109
vt 0.257812 0.405273
vt 0.255859 0.448242
vt 0.402344 0.407227
vt 0.255859 0.427734
vt 0.254883 0.470703
vt 0.390625 0.407227
vt 0.259766 0.427734
vt 0.250000 0.470703
vt 0.390625 0.412109
vt 0.255859 0.405273
vt 0.254883 0.448242
vt 0.400391 0.407227
vt 0.259766 0.405273
vt 0.250000 0.448242
vt 0.400391 0.412109
vt 0.111328 0.611328
vt 0.417969 0.427734
vt 0.136719 0.449219
vt 0.261719 0.427734
vt 0.078125 0.611328
vt 0.136719 0.416016
vt 0.111328 0.588867
vt 0.417969 0.405273
vt 0.347656 0.447266
vt 0.261719 0.405273
vt 0.078125 0.588867
vt 0.347656 0.414062
vt 0.259766 0.427734
vt 0.251953 0.615234
vt 0.134766 0.416016
vt 0.419922 0.427734
vt 0.218750 0.615234
vt 0.134766 0.449219
vt 0.259766 0.405273
vt 0.251953 0.592773
vt 0.345703 0.414062
vt 0.419922 0.405273
vt 0.218750 0.592773
vt 0.345703 0.447266
vt 0.580078 0.714844
vt 0.591797 0.738281
vt 0.224609 0.455078
vt 0.593750 0.740234
vt 0.542969 0.714844
vt 0.224609 0.417969
vt 0.580078 0.712891
vt 0.591797 0.736328
vt 0.275391 0.455078
vt 0.593750 0.738281
vt 0.542969 0.712891
vt 0.275391 0.417969
vt 0.591797 0.740234
vt 0.572266 0.937500
vt 0.222656 0.417969
vt 0.593750 0.738281
vt 0.535156 0.937500
vt 0.222656 0.455078
vt 0.591797 0.738281
vt 0.572266 0.935547
vt 0.273438 0.417969
vt 0.593750 0.736328
vt 0.535156 0.935547
vt 0.273438 0.455078
vt 0.171875 0.453125
vt 0.179688 0.425781
vt 0.234375 0.410156
vt 0.179688 0.425781
vt 0.167969 0.453125
vt 0.234375 0.406250
vt 0.171875 0.431641
vt 0.179688 0.404297
vt 0.246094 0.410156
vt 0.179688 0.404297
vt 0.167969 0.431641
vt 0.246094 0.406250
vt 0.177734 0.425781
vt 0.062500 0.453125
vt 0.232422 0.406250
vt 0.181641 0.425781
vt 0.058594 0.453125
vt 0.232422 0.410156
vt 0.177734 0.404297
vt 0.062500 0.431641
vt 0.244141 0.406250
vt 0.181641 0.404297
vt 0.058594 0.431641
vt 0.244141 0.410156
vt 0.518555 0.966797
vt 0.582031 0.443359
vt 0.228516 0.480469
vt 0.537109 0.417969
vt 0.482422 0.966797
vt 0.228516 0.444336
vt 0.518555 0.960938
vt 0.582031 0.437500
vt 0.279297 0.478516
vt 0.537109 0.412109
vt 0.482422 0.960938
vt 0.279297 0.442383
vt 0.533203 0.417969
vt 0.075195 0.593750
vt 0.224609 0.444336
vt 0.585938 0.443359
vt 0.039062 0.593750
vt 0.224609 0.480469
vt 0.533203 0.412109
vt 0.075195 0.587891
vt 0.275391 0.442383
vt 0.585938 0.437500
vt 0.039062 0.587891
vt 0.275391 0.478516
vt 0.103516 0.419922
vt 0.021484 0.427734
vt 0.587891 0.533203
vt 0.533203 0.429688
vt 0.099609 0.419922
vt 0.587891 0.529297
vt 0.103516 0.412109
vt 0.021484 0.419922
vt 0.587891 0.490234
vt 0.533203 0.421875
vt 0.099609 0.412109
vt 0.587891 0.486328
vt 0.527344 0.429688
vt 0.099609 0.419922
vt 0.582031 0.529297
vt 0.027344 0.427734
vt 0.095703 0.419922
vt 0.582031 0.533203
vt 0.527344 0.421875
vt 0.099609 0.412109
vt 0.582031 0.486328
vt 0.027344 0.419922
vt 0.095703 0.412109
vt 0.582031 0.490234
vt 0.582031 0.470703
vt 0.533203 0.427734
vt 0.588867 0.451172
vt 0.522461 0.427734
vt 0.578125 0.470703
vt 0.588867 0.447266
vt 0.582031 0.461914
vt 0.533203 0.418945
vt 0.590820 0.949219
vt 0.522461 0.418945
vt 0.578125 0.461914
vt 0.590820 0.945312
vt 0.517578 0.427734
vt 0.531250 0.421875
vt 0.583984 0.447266
vt 0.538086 0.427734
vt 0.527344 0.421875
vt 0.583984 0.451172
vt 0.517578 0.418945
vt 0.531250 0.413086
vt 0.585938 0.945312
vt 0.538086 0.418945
vt 0.527344 0.413086
vt 0.585938 0.949219
vt 0.114258 0.533203
vt 0.576172 0.654297
vt 0.269531 0.531250
vt 0.333984 0.423828
vt 0.068359 0.533203
vt 0.269531 0.485352
vt 0.114258 0.526367
vt 0.576172 0.647461
vt 0.193359 0.527344
vt 0.333984 0.416992
vt 0.068359 0.526367
vt 0.193359 0.481445
vt 0.328125 0.423828
vt 0.045898 0.539062
vt 0.263672 0.485352
vt 0.582031 0.654297
vt 0.000000 0.539062
vt 0.263672 0.531250
vt 0.328125 0.416992
vt 0.045898 0.532227
vt 0.187500 0.481445
vt 0.582031 0.647461
vt 0.000000 0.532227
vt 0.187500 0.527344
vt 0.532227 0.599609
vt 0.587891 0.923828
vt 0.181641 0.548828
vt 0.591797 0.927734
vt 0.486328 0.599609
vt 0.181641 0.502930
vt 0.532227 0.595703
vt 0.587891 0.919922
vt 0.250000 0.509766
vt 0.591797 0.923828
vt 0.486328 0.595703
vt 0.250000 0.463867
vt 0.587891 0.927734
vt 0.530273 0.634766
vt 0.177734 0.502930
vt 0.591797 0.923828
vt 0.484375 0.634766
vt 0.177734 0.548828
vt 0.587891 0.923828
vt 0.530273 0.630859
vt 0.246094 0.463867
vt 0.591797 0.919922
vt 0.484375 0.630859
vt 0.246094 0.509766
vt 0.512695 0.759766
vt 0.138672 0.412109
vt 0.248047 0.462891
vt 0.134766 0.412109
vt 0.466797 0.759766
vt 0.248047 0.416992
vt 0.512695 0.752930
vt 0.138672 0.405273
vt 0.250000 0.462891
vt 0.134766 0.405273
vt 0.466797 0.752930
vt 0.250000 0.416992
vt 0.132812 0.412109
vt 0.512695 0.767578
vt 0.246094 0.416992
vt 0.140625 0.412109
vt 0.466797 0.767578
vt 0.246094 0.462891
vt 0.132812 0.405273
vt 0.512695 0.760742
vt 0.248047 0.416992
vt 0.140625 0.405273
vt 0.466797 0.760742
vt 0.248047 0.462891
vt 0.264648 0.677734
vt 0.240234 0.468750
vt 0.199219 0.527344
vt 0.240234 0.468750
vt 0.218750 0.677734
vt 0.199219 0.481445
vt 0.264648 0.659180
vt 0.240234 0.450195
vt 0.205078 0.527344
vt 0.240234 0.450195
vt 0.218750 0.659180
vt 0.205078 0.481445
vt 0.234375 0.468750
vt 0.100586 0.861328
vt 0.193359 0.481445
vt 0.246094 0.468750
vt 0.054688 0.861328
vt 0.193359 0.527344
vt 0.234375 0.450195
vt 0.100586 0.842773
vt 0.199219 0.481445
vt 0.246094 0.450195
vt 0.054688 0.842773
vt 0.199219 0.527344
vt 0.551758 0.650391
vt 0.591797 0.974609
vt 0.355469 0.462891
vt 0.025391 0.408203
vt 0.505859 0.650391
vt 0.355469 0.416992
vt 0.551758 0.647461
vt 0.591797 0.971680
vt 0.390625 0.462891
vt 0.025391 0.405273
vt 0.505859 0.647461
vt 0.390625 0.416992
vt 0.023438 0.408203
vt 0.549805 0.509766
vt 0.353516 0.416992
vt 0.593750 0.974609
vt 0.503906 0.509766
vt 0.353516 0.462891
vt 0.023438 0.405273
vt 0.549805 0.506836
vt 0.388672 0.416992
vt 0.593750 0.971680
vt 0.503906 0.506836
vt 0.388672 0.462891
vt 0.516602 0.785156
vt 0.582031 0.496094
vt 0.314453 0.509766
vt 0.351562 0.417969
vt 0.470703 0.785156
vt 0.314453 0.463867
vt 0.516602 0.779297
vt 0.582031 0.490234
vt 0.318359 0.509766
vt 0.351562 0.412109
vt 0.470703 0.779297
vt 0.318359 0.463867
vt 0.347656 0.417969
vt 0.516602 0.791016
vt 0.310547 0.463867
vt 0.585938 0.496094
vt 0.470703 0.791016
vt 0.310547 0.509766
vt 0.347656 0.412109
vt 0.516602 0.785156
vt 0.314453 0.463867
vt 0.585938 0.490234
vt 0.470703 0.785156
vt 0.314453 0.509766
vt 0.330078 0.412109
vt 0.558594 0.761719
vt 0.069336 0.650391
vt 0.079102 0.572266
vt 0.328125 0.412109
vt 0.069336 0.648438
vt 0.330078 0.406250
vt 0.558594 0.755859
vt 0.403320 0.941406
vt 0.079102 0.566406
vt 0.328125 0.406250
vt 0.403320 0.939453
vt 0.068359 0.572266
vt 0.320312 0.412109
vt 0.058594 0.648438
vt 0.569336 0.761719
vt 0.318359 0.412109
vt 0.058594 0.650391
vt 0.068359 0.566406
vt 0.320312 0.406250
vt 0.392578 0.939453
vt 0.569336 0.755859
vt 0.318359 0.406250
vt 0.392578 0.941406
vt 0.205078 0.410156
vt 0.572266 0.767578
vt 0.461914 0.552734
vt 0.583008 0.974609
vt 0.203125 0.410156
vt 0.461914 0.550781
vt 0.205078 0.406250
vt 0.572266 0.763672
vt 0.483398 0.619141
vt 0.583008 0.970703
vt 0.203125 0.406250
vt 0.483398 0.617188
vt 0.572266 0.974609
vt 0.591797 0.830078
vt 0.451172 0.550781
vt 0.583008 0.767578
vt 0.589844 0.830078
vt 0.451172 0.552734
vt 0.572266 0.970703
vt 0.591797 0.826172
vt 0.472656 0.617188
vt 0.583008 0.763672
vt 0.589844 0.826172
vt 0.472656 0.619141
vt 0.585938 0.470703
vt 0.330078 0.412109
vt 0.591797 0.794922
vt 0.589844 0.671875
vt 0.582031 0.470703
vt 0.591797 0.791016
vt 0.585938 0.464844
vt 0.330078 0.406250
vt 0.591797 0.791016
vt 0.589844 0.666016
vt 0.582031 0.464844
vt 0.591797 0.787109
vt 0.587891 0.671875
vt 0.521484 0.417969
vt 0.589844 0.791016
vt 0.332031 0.412109
vt 0.517578 0.417969
vt 0.589844 0.794922
vt 0.587891 0.666016
vt 0.521484 0.412109
vt 0.589844 0.787109
vt 0.332031 0.406250
vt 0.517578 0.412109
vt 0.589844 0.791016
vt 0.594727 0.931641
vt 0.591797 0.894531
vt 0.142578 0.412109
vt 0.591797 0.437500
vt 0.587891 0.931641
vt 0.142578 0.405273
vt 0.594727 0.929688
vt 0.591797 0.892578
vt 0.154297 0.412109
vt 0.591797 0.435547
vt 0.587891 0.929688
vt 0.154297 0.405273
vt 0.589844 0.437500
vt 0.594727 0.955078
vt 0.140625 0.405273
vt 0.593750 0.894531
vt 0.587891 0.955078
vt 0.140625 0.412109
vt 0.589844 0.435547
vt 0.594727 0.953125
vt 0.152344 0.405273
vt 0.593750 0.892578
vt 0.587891 0.953125
vt 0.152344 0.412109
vt 0.273438 0.455078
vt 0.164062 0.425781
vt 0.591797 0.787109
vt 0.054688 0.425781
vt 0.269531 0.455078
vt 0.591797 0.783203
vt 0.273438 0.433594
vt 0.164062 0.404297
vt 0.232422 0.410156
vt 0.054688 0.404297
vt 0.269531 0.433594
vt 0.232422 0.406250
vt 0.052734 0.425781
vt 0.156250 0.455078
vt 0.589844 0.783203
vt 0.166016 0.425781
vt 0.152344 0.455078
vt 0.589844 0.787109
vt 0.052734 0.404297
vt 0.156250 0.433594
vt 0.230469 0.406250
vt 0.166016 0.404297
vt 0.152344 0.433594
vt 0.230469 0.410156
vt 0.586914 0.500000
vt 0.591797 0.871094
vt 0.443359 0.441406
vt 0.593750 0.886719
vt 0.556641 0.500000
vt 0.443359 0.411133
vt 0.586914 0.498047
vt 0.591797 0.869141
vt 0.541016 0.441406
vt 0.593750 0.884766
vt 0.556641 0.498047
vt 0.541016 0.411133
vt 0.591797 0.886719
vt 0.586914 0.982422
vt 0.441406 0.411133
vt 0.593750 0.871094
vt 0.556641 0.982422
vt 0.441406 0.441406
vt 0.591797 0.884766
vt 0.586914 0.980469
vt 0.539062 0.411133
vt 0.593750 0.869141
vt 0.556641 0.980469
vt 0.539062 0.441406
vt 0.178711 0.642578
vt 0.253906 0.427734
vt 0.017578 0.458984
vt 0.253906 0.427734
vt 0.136719 0.642578
vt 0.017578 0.416992
vt 0.178711 0.620117
vt 0.253906 0.405273
vt 0.267578 0.458984
vt 0.253906 0.405273
vt 0.136719 0.620117
vt 0.267578 0.416992
vt 0.251953 0.427734
vt 0.393555 0.871094
vt 0.015625 0.416992
vt 0.255859 0.427734
vt 0.351562 0.871094
vt 0.015625 0.458984
vt 0.251953 0.405273
vt 0.393555 0.848633
vt 0.265625 0.416992
vt 0.255859 0.405273
vt 0.351562 0.848633
vt 0.265625 0.458984
vt 0.577148 0.849609
vt 0.031250 0.408203
vt 0.154297 0.515625
vt 0.593750 0.970703
vt 0.548828 0.849609
vt 0.154297 0.487305
vt 0.577148 0.846680
vt 0.031250 0.405273
vt 0.205078 0.439453
vt 0.593750 0.967773
vt 0.548828 0.846680
vt 0.205078 0.411133
vt 0.591797 0.970703
vt 0.575195 0.654297
vt 0.152344 0.487305
vt 0.033203 0.408203
vt 0.546875 0.654297
vt 0.152344 0.515625
vt 0.591797 0.967773
vt 0.575195 0.651367
vt 0.203125 0.411133
vt 0.033203 0.405273
vt 0.546875 0.651367
vt 0.203125 0.439453
vt 0.468750 0.916016
vt 0.328125 0.947266
vt 0.457031 0.513672
vt 0.316406 0.843750
vt 0.543945 0.916016
vt 0.457031 0.438477
vt 0.468750 0.912109
vt 0.328125 0.943359
vt 0.138672 0.498047
vt 0.316406 0.839844
vt 0.543945 0.912109
vt 0.138672 0.422852
vt 0.318359 0.843750
vt 0.468750 0.853516
vt 0.458984 0.438477
vt 0.326172 0.947266
vt 0.543945 0.853516
vt 0.458984 0.513672
vt 0.318359 0.839844
vt 0.468750 0.849609
vt 0.140625 0.422852
vt 0.326172 0.943359
vt 0.543945 0.849609
vt 0.140625 0.498047
vt 0.187500 0.531250
vt 0.136719 0.623047
vt 0.140625 0.498047
vt 0.056641 0.626953
vt 0.262695 0.531250
vt 0.140625 0.422852
vt 0.187500 0.527344
vt 0.136719 0.619141
vt 0.017578 0.490234
vt 0.056641 0.623047
vt 0.262695 0.527344
vt 0.017578 0.415039
vt 0.058594 0.626953
vt 0.386719 0.531250
vt 0.142578 0.422852
vt 0.134766 0.623047
vt 0.461914 0.531250
vt 0.142578 0.498047
vt 0.058594 0.623047
vt 0.386719 0.527344
vt 0.019531 0.415039
vt 0.134766 0.619141
vt 0.461914 0.527344
vt 0.019531 0.490234
vt 0.101562 1.000000
vt 0.457031 0.798828
vt 0.101562 0.920898
vt 0.101562 0.919922
vt 0.457031 0.796875
vt 0.101562 0.840820
vt 0.544922 0.798828
vt 0.189453 0.920898
vt 0.189453 1.000000
vt 0.544922 0.796875
vt 0.189453 0.840820
vt 0.189453 0.919922
vt 0.287109 0.718750
vt 0.568359 0.820312
vt 0.000000 0.746094
vt 0.054688 0.841797
vt 0.342773 0.718750
vt 0.000000 0.690430
vt 0.287109 0.716797
vt 0.568359 0.818359
vt 0.263672 1.000000
vt 0.054688 0.839844
vt 0.342773 0.716797
vt 0.263672 0.944336
vt 0.093750 0.841797
vt 0.515625 0.513672
vt 0.039062 0.690430
vt 0.529297 0.820312
vt 0.571289 0.513672
vt 0.039062 0.746094
vt 0.093750 0.839844
vt 0.515625 0.511719
vt 0.302734 0.944336
vt 0.529297 0.818359
vt 0.571289 0.511719
vt 0.302734 1.000000
vt 0.560547 0.966797
vt 0.607422 0.726562
vt 0.189453 1.000000
vt 0.533203 0.744141
vt 0.616211 0.966797
vt 0.189453 0.944336
vt 0.560547 0.965820
vt 0.607422 0.725586
vt 0.189453 0.943359
vt 0.533203 0.743164
vt 0.616211 0.965820
vt 0.189453 0.887695
vt 0.607422 0.744141
vt 0.562500 0.748047
vt 0.263672 0.944336
vt 0.533203 0.726562
vt 0.618164 0.748047
vt 0.263672 1.000000
vt 0.607422 0.743164
vt 0.562500 0.747070
vt 0.263672 0.887695
vt 0.533203 0.725586
vt 0.618164 0.747070
vt 0.263672 0.943359
vt 0.462891 0.412109
vt 0.603516 0.759766
vt 0.351562 0.478516
vt 0.585938 0.761719
vt 0.470703 0.412109
vt 0.351562 0.470703
vt 0.462891 0.411133
vt 0.603516 0.758789
vt 0.458984 0.478516
vt 0.585938 0.760742
vt 0.470703 0.411133
vt 0.458984 0.470703
vt 0.603516 0.761719
vt 0.587891 0.537109
vt 0.369141 0.470703
vt 0.585938 0.759766
vt 0.595703 0.537109
vt 0.369141 0.478516
vt 0.603516 0.760742
vt 0.587891 0.536133
vt 0.476562 0.470703
vt 0.585938 0.758789
vt 0.595703 0.536133
vt 0.476562 0.478516
vt 0.093750 0.841797
vt 0.592773 0.937500
vt 0.361328 0.500000
vt 0.572266 0.951172
vt 0.101562 0.841797
vt 0.361328 0.492188
vt 0.093750 0.839844
vt 0.592773 0.935547
vt 0.000000 0.498047
vt 0.572266 0.949219
vt 0.101562 0.839844
vt 0.000000 0.490234
vt 0.592773 0.951172
vt 0.343750 0.718750
vt 0.381836 0.492188
vt 0.572266 0.937500
vt 0.351562 0.718750
vt 0.381836 0.500000
vt 0.592773 0.949219
vt 0.343750 0.716797
vt 0.020508 0.490234
vt 0.572266 0.935547
vt 0.351562 0.716797
vt 0.020508 0.498047
vt 0.587891 0.535156
vt 0.603516 0.755859
vt 0.228516 0.476562
vt 0.585938 0.757812
vt 0.595703 0.535156
vt 0.228516 0.468750
vt 0.587891 0.534180
vt 0.603516 0.754883
vt 0.523438 0.482422
vt 0.585938 0.756836
vt 0.595703 0.534180
vt 0.523438 0.474609
vt 0.603516 0.757812
vt 0.587891 0.533203
vt 0.246094 0.468750
vt 0.585938 0.755859
vt 0.595703 0.533203
vt 0.246094 0.476562
vt 0.603516 0.756836
vt 0.587891 0.532227
vt 0.541016 0.474609
vt 0.585938 0.754883
vt 0.595703 0.532227
vt 0.541016 0.482422
vt 0.025391 0.560547
vt 0.595703 0.992188
vt 0.511719 0.882812
vt 0.396484 0.503906
vt 0.033203 0.560547
vt 0.511719 0.875000
vt 0.025391 0.558594
vt 0.595703 0.990234
vt 0.513672 0.957031
vt 0.396484 0.501953
vt 0.033203 0.558594
vt 0.513672 0.949219
vt 0.416016 0.503906
vt 0.244141 0.556641
vt 0.531250 0.875000
vt 0.576172 0.992188
vt 0.251953 0.556641
vt 0.531250 0.882812
vt 0.416016 0.501953
vt 0.244141 0.554688
vt 0.533203 0.949219
vt 0.576172 0.990234
vt 0.251953 0.554688
vt 0.533203 0.957031
vt 0.275391 0.441406
vt 0.433594 0.513672
vt 0.529297 0.656250
vt 0.386719 0.542969
vt 0.281250 0.441406
vt 0.529297 0.650391
vt 0.275391 0.430664
vt 0.433594 0.502930
vt 0.529297 0.587891
vt 0.386719 0.532227
vt 0.281250 0.430664
vt 0.529297 0.582031
vt 0.404297 0.542969
vt 0.281250 0.441406
vt 0.546875 0.650391
vt 0.416016 0.513672
vt 0.287109 0.441406
vt 0.546875 0.656250
vt 0.404297 0.532227
vt 0.281250 0.430664
vt 0.546875 0.582031
vt 0.416016 0.502930
vt 0.287109 0.430664
vt 0.546875 0.587891
vt 0.404297 0.441406
vt 0.505859 0.656250
vt 0.531250 0.740234
vt 0.433594 0.513672
vt 0.410156 0.441406
vt 0.531250 0.734375
vt 0.404297 0.430664
vt 0.505859 0.645508
vt 0.533203 0.869141
vt 0.433594 0.502930
vt 0.410156 0.430664
vt 0.533203 0.863281
vt 0.451172 0.513672
vt 0.410156 0.441406
vt 0.548828 0.734375
vt 0.488281 0.656250
vt 0.416016 0.441406
vt 0.548828 0.740234
vt 0.451172 0.502930
vt 0.410156 0.430664
vt 0.550781 0.863281
vt 0.488281 0.645508
vt 0.416016 0.430664
vt 0.550781 0.869141
vt 0.443359 0.494141
vt 0.165039 0.439453
vt 0.572266 0.421875
vt 0.533203 0.441406
vt 0.450195 0.494141
vt 0.572266 0.415039
vt 0.443359 0.481445
vt 0.165039 0.426758
vt 0.578125 0.423828
vt 0.533203 0.428711
vt 0.450195 0.481445
vt 0.578125 0.416992
vt 0.538086 0.441406
vt 0.160156 0.453125
vt 0.577148 0.415039
vt 0.160156 0.439453
vt 0.166992 0.453125
vt 0.577148 0.421875
vt 0.538086 0.428711
vt 0.160156 0.440430
vt 0.583008 0.416992
vt 0.160156 0.426758
vt 0.166992 0.440430
vt 0.583008 0.423828
vt 0.375000 0.453125
vt 0.188477 0.439453
vt 0.000000 0.419922
vt 0.177734 0.439453
vt 0.381836 0.453125
vt 0.000000 0.413086
vt 0.375000 0.440430
vt 0.188477 0.426758
vt 0.005859 0.419922
vt 0.177734 0.426758
vt 0.381836 0.440430
vt 0.005859 0.413086
vt 0.182617 0.439453
vt 0.546875 0.595703
vt 0.004883 0.413086
vt 0.183594 0.439453
vt 0.553711 0.595703
vt 0.004883 0.419922
vt 0.182617 0.426758
vt 0.546875 0.583008
vt 0.010742 0.413086
vt 0.183594 0.426758
vt 0.553711 0.583008
vt 0.010742 0.419922
vt 0.097656 0.447266
vt 0.322266 0.419922
vt 0.076172 0.593750
vt 0.101562 0.552734
vt 0.103516 0.447266
vt 0.076172 0.587891
vt 0.097656 0.434570
vt 0.322266 0.407227
vt 0.326172 0.554688
vt 0.101562 0.540039
vt 0.103516 0.434570
vt 0.326172 0.548828
vt 0.103516 0.552734
vt 0.103516 0.447266
vt 0.078125 0.587891
vt 0.320312 0.419922
vt 0.109375 0.447266
vt 0.078125 0.593750
vt 0.103516 0.540039
vt 0.103516 0.434570
vt 0.328125 0.548828
vt 0.320312 0.407227
vt 0.109375 0.434570
vt 0.328125 0.554688
vt 0.250000 0.447266
vt 0.486328 0.419922
vt 0.402344 0.548828
vt 0.359375 0.419922
vt 0.255859 0.447266
vt 0.402344 0.542969
vt 0.250000 0.434570
vt 0.486328 0.407227
vt 0.113281 0.539062
vt 0.359375 0.407227
vt 0.255859 0.434570
vt 0.113281 0.533203
vt 0.361328 0.419922
vt 0.255859 0.447266
vt 0.404297 0.542969
vt 0.484375 0.419922
vt 0.261719 0.447266
vt 0.404297 0.548828
vt 0.361328 0.407227
vt 0.255859 0.434570
vt 0.115234 0.533203
vt 0.484375 0.407227
vt 0.261719 0.434570
vt 0.115234 0.539062
vt 0.269531 0.542969
vt 0.588867 0.455078
vt 0.056641 0.558594
vt 0.490234 0.416016
vt 0.356445 0.542969
vt 0.056641 0.471680
vt 0.269531 0.539062
vt 0.588867 0.451172
vt 0.062500 0.558594
vt 0.490234 0.412109
vt 0.356445 0.539062
vt 0.062500 0.471680
vt 0.495117 0.416016
vt 0.218750 0.539062
vt 0.061523 0.471680
vt 0.583984 0.455078
vt 0.305664 0.539062
vt 0.061523 0.558594
vt 0.495117 0.412109
vt 0.218750 0.535156
vt 0.067383 0.471680
vt 0.583984 0.451172
vt 0.305664 0.535156
vt 0.067383 0.558594
vt 0.068359 0.503906
vt 0.515625 0.421875
vt 0.089844 0.447266
vt 0.578125 0.496094
vt 0.087891 0.503906
vt 0.089844 0.427734
vt 0.068359 0.495117
vt 0.515625 0.413086
vt 0.093750 0.447266
vt 0.578125 0.487305
vt 0.087891 0.495117
vt 0.093750 0.427734
vt 0.582031 0.496094
vt 0.087891 0.503906
vt 0.093750 0.427734
vt 0.511719 0.421875
vt 0.107422 0.503906
vt 0.093750 0.447266
vt 0.582031 0.487305
vt 0.087891 0.495117
vt 0.097656 0.427734
vt 0.511719 0.413086
vt 0.107422 0.495117
vt 0.097656 0.447266
vt 0.550781 0.539062
vt 0.591797 0.667969
vt 0.054688 0.445312
vt 0.136719 0.417969
vt 0.583008 0.539062
vt 0.054688 0.413086
vt 0.550781 0.537109
vt 0.591797 0.666016
vt 0.056641 0.445312
vt 0.136719 0.416016
vt 0.583008 0.537109
vt 0.056641 0.413086
vt 0.138672 0.417969
vt 0.552734 0.953125
vt 0.056641 0.413086
vt 0.589844 0.667969
vt 0.584961 0.953125
vt 0.056641 0.445312
vt 0.138672 0.416016
vt 0.552734 0.951172
vt 0.058594 0.413086
vt 0.589844 0.666016
vt 0.584961 0.951172
vt 0.058594 0.445312
vt 0.462891 0.531250
vt 0.584961 0.869141
vt 0.343750 0.525391
vt 0.580078 0.875000
vt 0.508789 0.531250
vt 0.343750 0.479492
vt 0.462891 0.525391
vt 0.584961 0.863281
vt 0.349609 0.525391
vt 0.580078 0.869141
vt 0.508789 0.525391
vt 0.349609 0.479492
vt 0.584961 0.875000
vt 0.470703 0.912109
vt 0.348633 0.479492
vt 0.580078 0.869141
vt 0.516602 0.912109
vt 0.348633 0.525391
vt 0.584961 0.869141
vt 0.470703 0.906250
vt 0.354492 0.479492
vt 0.580078 0.863281
vt 0.516602 0.906250
vt 0.354492 0.525391
vt 0.570312 0.914062
vt 0.584961 0.691406
vt 0.281250 0.429688
vt 0.580078 0.707031
vt 0.580078 0.914062
vt 0.281250 0.419922
vt 0.570312 0.909180
vt 0.584961 0.686523
vt 0.310547 0.429688
vt 0.580078 0.702148
vt 0.580078 0.909180
vt 0.310547 0.419922
vt 0.584961 0.707031
vt 0.570312 0.810547
vt 0.286133 0.419922
vt 0.580078 0.691406
vt 0.580078 0.810547
vt 0.286133 0.429688
vt 0.584961 0.702148
vt 0.570312 0.805664
vt 0.315430 0.419922
vt 0.580078 0.686523
vt 0.580078 0.805664
vt 0.315430 0.429688
vt 0.503906 0.812500
vt 0.548828 0.677734
vt 0.101562 1.000000
vt 0.457031 0.798828
vt 0.583008 0.812500
vt 0.101562 0.920898
vt 0.503906 0.810547
vt 0.548828 0.675781
vt 0.101562 0.919922
vt 0.457031 0.796875
vt 0.583008 0.810547
vt 0.101562 0.840820
vt 0.544922 0.798828
vt 0.503906 0.511719
vt 0.189453 0.920898
vt 0.460938 0.677734
vt 0.583008 0.511719
vt 0.189453 1.000000
vt 0.544922 0.796875
vt 0.503906 0.509766
vt 0.189453 0.840820
vt 0.460938 0.675781
vt 0.583008 0.509766
vt 0.189453 0.919922
vt 0.025391 0.558594
vt 0.234375 0.468750
vt 0.115234 0.480469
vt 0.470703 0.470703
vt 0.049805 0.558594
vt 0.115234 0.456055
vt 0.025391 0.540039
vt 0.234375 0.450195
vt 0.218750 0.480469
vt 0.470703 0.452148
vt 0.049805 0.540039
vt 0.218750 0.456055
vt 0.476562 0.470703
vt 0.103516 0.558594
vt 0.121094 0.456055
vt 0.228516 0.468750
vt 0.127930 0.558594
vt 0.121094 0.480469
vt 0.476562 0.452148
vt 0.103516 0.540039
vt 0.224609 0.456055
vt 0.228516 0.450195
vt 0.127930 0.540039
vt 0.224609 0.480469
vt 0.546875 0.972656
vt 0.544922 0.992188
vt 0.400391 0.527344
vt 0.525391 1.000000
vt 0.560547 0.972656
vt 0.400391 0.513672
vt 0.546875 0.965820
vt 0.544922 0.985352
vt 0.419922 0.527344
vt 0.525391 0.993164
vt 0.560547 0.965820
vt 0.419922 0.513672
vt 0.544922 1.000000
vt 0.044922 0.453125
vt 0.419922 0.513672
vt 0.525391 0.992188
vt 0.058594 0.453125
vt 0.419922 0.527344
vt 0.544922 0.993164
vt 0.044922 0.446289
vt 0.439453 0.513672
vt 0.525391 0.985352
vt 0.058594 0.446289
vt 0.439453 0.527344
vt 0.500000 0.429688
vt 0.318359 0.462891
vt 0.375000 0.460938
vt 0.031250 0.515625
vt 0.506836 0.429688
vt 0.375000 0.454102
vt 0.500000 0.422852
vt 0.318359 0.456055
vt 0.025391 0.412109
vt 0.031250 0.508789
vt 0.506836 0.422852
vt 0.025391 0.405273
vt 0.033203 0.515625
vt 0.570312 0.470703
vt 0.376953 0.454102
vt 0.316406 0.462891
vt 0.577148 0.470703
vt 0.376953 0.460938
vt 0.033203 0.508789
vt 0.570312 0.463867
vt 0.027344 0.405273
vt 0.316406 0.456055
vt 0.577148 0.463867
vt 0.027344 0.412109
vt 0.580078 0.478516
vt 0.152344 0.515625
vt 0.527344 0.523438
vt 0.484375 0.943359
vt 0.583984 0.478516
vt 0.527344 0.519531
vt 0.580078 0.471680
vt 0.152344 0.508789
vt 0.527344 0.496094
vt 0.484375 0.936523
vt 0.583984 0.471680
vt 0.527344 0.492188
vt 0.515625 0.943359
vt 0.541016 0.419922
vt 0.558594 0.519531
vt 0.121094 0.515625
vt 0.544922 0.419922
vt 0.558594 0.523438
vt 0.515625 0.936523
vt 0.541016 0.413086
vt 0.558594 0.492188
vt 0.121094 0.508789
vt 0.544922 0.413086
vt 0.558594 0.496094
vt 0.435547 0.898438
vt 0.574219 0.646484
vt 0.218750 0.751953
vt 0.394531 0.849609
vt 0.470703 0.898438
vt 0.218750 0.716797
vt 0.435547 0.896484
vt 0.574219 0.644531
vt 0.250000 0.839844
vt 0.394531 0.847656
vt 0.470703 0.896484
vt 0.250000 0.804688
vt 0.462891 0.849609
vt 0.271484 0.535156
vt 0.287109 0.716797
vt 0.505859 0.646484
vt 0.306641 0.535156
vt 0.287109 0.751953
vt 0.462891 0.847656
vt 0.271484 0.533203
vt 0.318359 0.804688
vt 0.505859 0.644531
vt 0.306641 0.533203
vt 0.318359 0.839844
vt 0.570312 0.761719
vt 0.562500 0.755859
vt 0.486328 0.837891
vt 0.191406 0.457031
vt 0.580078 0.761719
vt 0.486328 0.828125
vt 0.570312 0.756836
vt 0.562500 0.750977
vt 0.486328 0.828125
vt 0.191406 0.452148
vt 0.580078 0.756836
vt 0.486328 0.818359
vt 0.210938 0.457031
vt 0.570312 0.691406
vt 0.505859 0.828125
vt 0.542969 0.755859
vt 0.580078 0.691406
vt 0.505859 0.837891
vt 0.210938 0.452148
vt 0.570312 0.686523
vt 0.505859 0.818359
vt 0.542969 0.750977
vt 0.580078 0.686523
vt 0.505859 0.828125
vt 0.250000 0.771484
vt 0.391602 0.472656
vt 0.187500 0.751953
vt 0.523438 0.474609
vt 0.465820 0.771484
vt 0.187500 0.536133
vt 0.250000 0.762695
vt 0.391602 0.463867
vt 0.203125 0.751953
vt 0.523438 0.465820
vt 0.465820 0.762695
vt 0.203125 0.536133
vt 0.538086 0.474609
vt 0.250000 0.761719
vt 0.202148 0.536133
vt 0.376953 0.472656
vt 0.465820 0.761719
vt 0.202148 0.751953
vt 0.538086 0.465820
vt 0.250000 0.752930
vt 0.217773 0.536133
vt 0.376953 0.463867
vt 0.465820 0.752930
vt 0.217773 0.751953
vt 0.328125 0.921875
vt 0.335938 0.619141
vt 0.318359 0.843750
vt 0.265625 0.630859
vt 0.346680 0.921875
vt 0.318359 0.825195
vt 0.328125 0.910156
vt 0.335938 0.607422
vt 0.318359 0.824219
vt 0.265625 0.619141
vt 0.346680 0.910156
vt 0.318359 0.805664
vt 0.335938 0.630859
vt 0.269531 0.517578
vt 0.388672 0.825195
vt 0.265625 0.619141
vt 0.288086 0.517578
vt 0.388672 0.843750
vt 0.335938 0.619141
vt 0.269531 0.505859
vt 0.388672 0.805664
vt 0.265625 0.607422
vt 0.288086 0.505859
vt 0.388672 0.824219
vt 0.578125 0.740234
vt 0.577148 0.935547
vt 0.068359 0.525391
vt 0.554688 0.613281
vt 0.589844 0.740234
vt 0.068359 0.513672
vt 0.578125 0.737305
vt 0.577148 0.932617
vt 0.089844 0.525391
vt 0.554688 0.610352
vt 0.589844 0.737305
vt 0.089844 0.513672
vt 0.575195 0.613281
vt 0.578125 0.732422
vt 0.088867 0.513672
vt 0.556641 0.935547
vt 0.589844 0.732422
vt 0.088867 0.525391
vt 0.575195 0.610352
vt 0.578125 0.729492
vt 0.110352 0.513672
vt 0.556641 0.932617
vt 0.589844 0.729492
vt 0.110352 0.525391
vt 0.460938 0.693359
vt 0.125977 0.419922
vt 0.171875 0.548828
vt 0.580078 0.884766
vt 0.518555 0.693359
vt 0.171875 0.491211
vt 0.460938 0.687500
vt 0.125977 0.414062
vt 0.115234 0.539062
vt 0.580078 0.878906
vt 0.518555 0.687500
vt 0.115234 0.481445
vt 0.584961 0.884766
vt 0.460938 0.687500
vt 0.176758 0.491211
vt 0.121094 0.419922
vt 0.518555 0.687500
vt 0.176758 0.548828
vt 0.584961 0.878906
vt 0.460938 0.681641
vt 0.120117 0.481445
vt 0.121094 0.414062
vt 0.518555 0.681641
vt 0.120117 0.539062
vt 0.449219 0.576172
vt 0.538086 0.548828
vt 0.109375 0.839844
vt 0.468750 0.552734
vt 0.537109 0.576172
vt 0.109375 0.751953
vt 0.449219 0.572266
vt 0.538086 0.544922
vt 0.179688 0.839844
vt 0.468750 0.548828
vt 0.537109 0.572266
vt 0.179688 0.751953
vt 0.538086 0.552734
vt 0.457031 0.810547
vt 0.178711 0.751953
vt 0.468750 0.548828
vt 0.544922 0.810547
vt 0.178711 0.839844
vt 0.538086 0.548828
vt 0.457031 0.806641
vt 0.249023 0.751953
vt 0.468750 0.544922
vt 0.544922 0.806641
vt 0.249023 0.839844
vt 0.580078 0.591797
vt 0.067383 0.419922
vt 0.328125 0.416016
vt 0.580078 0.949219
vt 0.583984 0.591797
vt 0.328125 0.412109
vt 0.580078 0.584961
vt 0.067383 0.413086
vt 0.386719 0.416016
vt 0.580078 0.942383
vt 0.583984 0.584961
vt 0.386719 0.412109
vt 0.584961 0.949219
vt 0.580078 0.574219
vt 0.333008 0.412109
vt 0.062500 0.419922
vt 0.583984 0.574219
vt 0.333008 0.416016
vt 0.584961 0.942383
vt 0.580078 0.567383
vt 0.391602 0.412109
vt 0.062500 0.413086
vt 0.583984 0.567383
vt 0.391602 0.416016
vt 0.179688 0.621094
vt 0.595703 0.724609
vt 0.529297 0.826172
vt 0.576172 0.861328
vt 0.185547 0.621094
vt 0.529297 0.820312
vt 0.179688 0.619141
vt 0.595703 0.722656
vt 0.529297 0.791016
vt 0.576172 0.859375
vt 0.185547 0.619141
vt 0.529297 0.785156
vt 0.595703 0.861328
vt 0.105469 0.574219
vt 0.548828 0.820312
vt 0.576172 0.724609
vt 0.111328 0.574219
vt 0.548828 0.826172
vt 0.595703 0.859375
vt 0.105469 0.572266
vt 0.548828 0.785156
vt 0.576172 0.722656
vt 0.111328 0.572266
vt 0.548828 0.791016
vt 0.121094 0.531250
vt 0.595703 0.613281
vt 0.515625 0.943359
vt 0.576172 0.708984
vt 0.128906 0.531250
vt 0.515625 0.935547
vt 0.121094 0.529297
vt 0.595703 0.611328
vt 0.515625 0.923828
vt 0.576172 0.707031
vt 0.128906 0.529297
vt 0.515625 0.916016
vt 0.595703 0.708984
vt 0.107422 0.496094
vt 0.535156 0.935547
vt 0.576172 0.613281
vt 0.115234 0.496094
vt 0.535156 0.943359
vt 0.595703 0.707031
vt 0.107422 0.494141
vt 0.535156 0.916016
vt 0.576172 0.611328
vt 0.115234 0.494141
vt 0.535156 0.923828
vt 0.585938 0.691406
vt 0.580078 0.970703
vt 0.529297 0.837891
vt 0.558594 0.496094
vt 0.591797 0.691406
vt 0.529297 0.832031
vt 0.585938 0.688477
vt 0.580078 0.967773
vt 0.529297 0.832031
vt 0.558594 0.493164
vt 0.591797 0.688477
vt 0.529297 0.826172
vt 0.578125 0.496094
vt 0.585938 0.681641
vt 0.548828 0.832031
vt 0.560547 0.970703
vt 0.591797 0.681641
vt 0.548828 0.837891
vt 0.578125 0.493164
vt 0.585938 0.678711
vt 0.548828 0.826172
vt 0.560547 0.967773
vt 0.591797 0.678711
vt 0.548828 0.832031
vt 0.417969 0.447266
vt 0.128906 0.433594
vt 0.523438 0.416016
vt 0.121094 0.433594
vt 0.422852 0.447266
vt 0.523438 0.411133
vt 0.417969 0.433594
vt 0.128906 0.419922
vt 0.550781 0.416016
vt 0.121094 0.419922
vt 0.422852 0.433594
vt 0.550781 0.411133
vt 0.125000 0.433594
vt 0.423828 0.447266
vt 0.527344 0.411133
vt 0.125000 0.433594
vt 0.428711 0.447266
vt 0.527344 0.416016
vt 0.125000 0.419922
vt 0.423828 0.433594
vt 0.554688 0.411133
vt 0.125000 0.419922
vt 0.428711 0.433594
vt 0.554688 0.416016
vt 0.132812 0.498047
vt 0.301758 0.607422
vt 0.527344 0.492188
vt 0.251953 0.607422
vt 0.137695 0.498047
vt 0.527344 0.487305
vt 0.132812 0.467773
vt 0.301758 0.577148
vt 0.529297 0.949219
vt 0.251953 0.577148
vt 0.137695 0.467773
vt 0.529297 0.944336
vt 0.276367 0.607422
vt 0.011719 0.490234
vt 0.551758 0.487305
vt 0.277344 0.607422
vt 0.016602 0.490234
vt 0.551758 0.492188
vt 0.276367 0.577148
vt 0.011719 0.459961
vt 0.553711 0.944336
vt 0.277344 0.577148
vt 0.016602 0.459961
vt 0.553711 0.949219
vt 0.521484 0.753906
vt 0.446289 0.501953
vt 0.080078 0.587891
vt 0.396484 0.501953
vt 0.541992 0.753906
vt 0.080078 0.567383
vt 0.521484 0.747070
vt 0.446289 0.495117
vt 0.251953 0.576172
vt 0.396484 0.495117
vt 0.541992 0.747070
vt 0.251953 0.555664
vt 0.420898 0.501953
vt 0.521484 0.720703
vt 0.104492 0.567383
vt 0.421875 0.501953
vt 0.541992 0.720703
vt 0.104492 0.587891
vt 0.420898 0.495117
vt 0.521484 0.713867
vt 0.276367 0.555664
vt 0.421875 0.495117
vt 0.541992 0.713867
vt 0.276367 0.576172
vt 0.021484 0.419922
vt 0.545898 0.664062
vt 0.548828 0.837891
vt 0.050781 0.470703
vt 0.026367 0.419922
vt 0.548828 0.833008
vt 0.021484 0.413086
vt 0.545898 0.657227
vt 0.548828 0.832031
vt 0.050781 0.463867
vt 0.026367 0.413086
vt 0.548828 0.827148
vt 0.067383 0.470703
vt 0.031250 0.419922
vt 0.565430 0.833008
vt 0.529297 0.664062
vt 0.036133 0.419922
vt 0.565430 0.837891
vt 0.067383 0.463867
vt 0.031250 0.413086
vt 0.565430 0.827148
vt 0.529297 0.657227
vt 0.036133 0.413086
vt 0.565430 0.832031
vt 0.464844 0.525391
vt 0.327148 0.943359
vt 0.218750 0.554688
vt 0.250000 0.804688
vt 0.471680 0.525391
vt 0.218750 0.547852
vt 0.464844 0.493164
vt 0.327148 0.911133
vt 0.445312 0.572266
vt 0.250000 0.772461
vt 0.471680 0.493164
vt 0.445312 0.565430
vt 0.313477 0.804688
vt 0.472656 0.525391
vt 0.282227 0.547852
vt 0.263672 0.943359
vt 0.479492 0.525391
vt 0.282227 0.554688
vt 0.313477 0.772461
vt 0.472656 0.493164
vt 0.508789 0.565430
vt 0.263672 0.911133
vt 0.479492 0.493164
vt 0.508789 0.572266
vt 0.000000 0.507812
vt 0.485352 0.828125
vt 0.308594 0.675781
vt 0.421875 0.837891
vt 0.020508 0.507812
vt 0.308594 0.655273
vt 0.000000 0.499023
vt 0.485352 0.819336
vt 0.328125 0.960938
vt 0.421875 0.829102
vt 0.020508 0.499023
vt 0.328125 0.940430
vt 0.485352 0.837891
vt 0.121094 0.507812
vt 0.372070 0.655273
vt 0.421875 0.828125
vt 0.141602 0.507812
vt 0.372070 0.675781
vt 0.485352 0.829102
vt 0.121094 0.499023
vt 0.391602 0.940430
vt 0.421875 0.819336
vt 0.141602 0.499023
vt 0.391602 0.960938
vt 0.589844 0.722656
vt 0.595703 0.728516
vt 0.197266 0.419922
vt 0.589844 0.736328
vt 0.594727 0.722656
vt 0.197266 0.415039
vt 0.589844 0.721680
vt 0.595703 0.727539
vt 0.580078 0.800781
vt 0.589844 0.735352
vt 0.594727 0.721680
vt 0.580078 0.795898
vt 0.595703 0.736328
vt 0.589844 0.703125
vt 0.203125 0.415039
vt 0.589844 0.728516
vt 0.594727 0.703125
vt 0.203125 0.419922
vt 0.595703 0.735352
vt 0.589844 0.702148
vt 0.585938 0.795898
vt 0.589844 0.727539
vt 0.594727 0.702148
vt 0.585938 0.800781
vt 0.589844 0.650391
vt 0.601562 0.978516
vt 0.042969 0.626953
vt 0.585938 0.466797
vt 0.593750 0.650391
vt 0.042969 0.623047
vt 0.589844 0.649414
vt 0.601562 0.977539
vt 0.121094 0.623047
vt 0.585938 0.465820
vt 0.593750 0.649414
vt 0.121094 0.619141
vt 0.599609 0.466797
vt 0.589844 0.580078
vt 0.056641 0.623047
vt 0.587891 0.978516
vt 0.593750 0.580078
vt 0.056641 0.626953
vt 0.599609 0.465820
vt 0.589844 0.579102
vt 0.134766 0.619141
vt 0.587891 0.977539
vt 0.593750 0.579102
vt 0.134766 0.623047
vt 0.587891 0.789062
vt 0.365234 0.525391
vt 0.587891 0.531250
vt 0.167969 0.529297
vt 0.589844 0.789062
vt 0.587891 0.529297
vt 0.587891 0.783203
vt 0.365234 0.519531
vt 0.492188 0.412109
vt 0.167969 0.523438
vt 0.589844 0.783203
vt 0.492188 0.410156
vt 0.171875 0.529297
vt 0.212891 0.412109
vt 0.591797 0.529297
vt 0.361328 0.525391
vt 0.214844 0.412109
vt 0.591797 0.531250
vt 0.171875 0.523438
vt 0.212891 0.406250
vt 0.496094 0.410156
vt 0.361328 0.519531
vt 0.214844 0.406250
vt 0.496094 0.412109
vt 0.160156 0.474609
vt 0.451172 0.675781
vt 0.042969 0.623047
vt 0.359375 0.630859
vt 0.170898 0.474609
vt 0.042969 0.612305
vt 0.160156 0.463867
vt 0.451172 0.665039
vt 0.359375 0.619141
vt 0.359375 0.620117
vt 0.170898 0.463867
vt 0.359375 0.608398
vt 0.437500 0.630859
vt 0.033203 0.472656
vt 0.121094 0.612305
vt 0.373047 0.675781
vt 0.043945 0.472656
vt 0.121094 0.623047
vt 0.437500 0.620117
vt 0.033203 0.461914
vt 0.437500 0.608398
vt 0.373047 0.665039
vt 0.043945 0.461914
vt 0.437500 0.619141
vt 0.121094 0.539062
vt 0.480469 1.000000
vt 0.402344 0.992188
vt 0.398438 0.712891
vt 0.128906 0.539062
vt 0.402344 0.984375
vt 0.121094 0.531250
vt 0.480469 0.992188
vt 0.402344 0.984375
vt 0.398438 0.705078
vt 0.128906 0.531250
vt 0.402344 0.976562
vt 0.476562 0.712891
vt 0.107422 0.503906
vt 0.480469 0.984375
vt 0.402344 1.000000
vt 0.115234 0.503906
vt 0.480469 0.992188
vt 0.476562 0.705078
vt 0.107422 0.496094
vt 0.480469 0.976562
vt 0.402344 0.992188
vt 0.115234 0.496094
vt 0.480469 0.984375
vt 0.169922 0.705078
vt 0.388672 0.804688
vt 0.398438 0.705078
vt 0.074219 0.685547
vt 0.175781 0.705078
vt 0.398438 0.699219
vt 0.169922 0.685547
vt 0.388672 0.785156
vt 0.421875 0.796875
vt 0.074219 0.666016
vt 0.175781 0.685547
vt 0.421875 0.791016
vt 0.148438 0.685547
vt 0.269531 0.474609
vt 0.472656 0.699219
vt 0.314453 0.804688
vt 0.275391 0.474609
vt 0.472656 0.705078
vt 0.148438 0.666016
vt 0.269531 0.455078
vt 0.496094 0.791016
vt 0.314453 0.785156
vt 0.275391 0.455078
vt 0.496094 0.796875
vt 0.550781 0.509766
vt 0.271484 0.535156
vt 0.267578 0.863281
vt 0.460938 0.681641
vt 0.570312 0.509766
vt 0.267578 0.843750
vt 0.550781 0.505859
vt 0.271484 0.531250
vt 0.267578 0.716797
vt 0.460938 0.677734
vt 0.570312 0.505859
vt 0.267578 0.697266
vt 0.544922 0.681641
vt 0.550781 0.470703
vt 0.351562 0.843750
vt 0.187500 0.535156
vt 0.570312 0.470703
vt 0.351562 0.863281
vt 0.544922 0.677734
vt 0.550781 0.466797
vt 0.351562 0.697266
vt 0.187500 0.531250
vt 0.570312 0.466797
vt 0.351562 0.716797
vt 0.580078 0.548828
vt 0.031250 0.515625
vt 0.527344 0.531250
vt 0.289062 0.517578
vt 0.583984 0.548828
vt 0.527344 0.527344
vt 0.580078 0.541992
vt 0.031250 0.508789
vt 0.527344 0.527344
vt 0.289062 0.510742
vt 0.583984 0.541992
vt 0.527344 0.523438
vt 0.320312 0.517578
vt 0.480469 0.419922
vt 0.558594 0.527344
vt 0.000000 0.515625
vt 0.484375 0.419922
vt 0.558594 0.531250
vt 0.320312 0.510742
vt 0.480469 0.413086
vt 0.558594 0.523438
vt 0.000000 0.508789
vt 0.484375 0.413086
vt 0.558594 0.527344
vt 0.546875 0.464844
vt 0.467773 0.921875
vt 0.392578 0.960938
vt 0.373047 0.664062
vt 0.555664 0.464844
vt 0.392578 0.952148
vt 0.546875 0.455078
vt 0.467773 0.912109
vt 0.392578 0.951172
vt 0.373047 0.654297
vt 0.555664 0.455078
vt 0.392578 0.942383
vt 0.454102 0.664062
vt 0.021484 0.451172
vt 0.473633 0.952148
vt 0.386719 0.921875
vt 0.030273 0.451172
vt 0.473633 0.960938
vt 0.454102 0.654297
vt 0.021484 0.441406
vt 0.473633 0.942383
vt 0.386719 0.912109
vt 0.030273 0.441406
vt 0.473633 0.951172
vt 0.527344 0.412109
vt 0.547852 0.771484
vt 0.503906 0.816406
vt 0.466797 0.841797
vt 0.529297 0.412109
vt 0.503906 0.814453
vt 0.527344 0.408203
vt 0.547852 0.767578
vt 0.503906 0.814453
vt 0.466797 0.837891
vt 0.529297 0.408203
vt 0.503906 0.812500
vt 0.547852 0.841797
vt 0.529297 0.412109
vt 0.584961 0.814453
vt 0.466797 0.771484
vt 0.531250 0.412109
vt 0.584961 0.816406
vt 0.547852 0.837891
vt 0.529297 0.408203
vt 0.584961 0.812500
vt 0.466797 0.767578
vt 0.531250 0.408203
vt 0.584961 0.814453
vt 0.480469 0.431641
vt 0.447266 0.751953
vt 0.451172 0.669922
vt 0.365234 0.732422
vt 0.485352 0.431641
vt 0.451172 0.665039
vt 0.480469 0.420898
vt 0.447266 0.741211
vt 0.451172 0.564453
vt 0.365234 0.721680
vt 0.485352 0.420898
vt 0.451172 0.559570
vt 0.443359 0.732422
vt 0.554688 0.431641
vt 0.529297 0.665039
vt 0.369141 0.751953
vt 0.559570 0.431641
vt 0.529297 0.669922
vt 0.443359 0.721680
vt 0.554688 0.420898
vt 0.529297 0.559570
vt 0.369141 0.741211
vt 0.559570 0.420898
vt 0.529297 0.564453
vt 0.443359 0.419922
vt 0.502930 0.818359
vt 0.466797 0.849609
vt 0.402344 0.638672
vt 0.447266 0.419922
vt 0.466797 0.845703
vt 0.443359 0.413086
vt 0.502930 0.811523
vt 0.466797 0.845703
vt 0.402344 0.631836
vt 0.447266 0.413086
vt 0.466797 0.841797
vt 0.483398 0.638672
vt 0.580078 0.556641
vt 0.547852 0.845703
vt 0.421875 0.818359
vt 0.583984 0.556641
vt 0.547852 0.849609
vt 0.483398 0.631836
vt 0.580078 0.549805
vt 0.547852 0.841797
vt 0.421875 0.811523
vt 0.583984 0.549805
vt 0.547852 0.845703
vt 0.365234 0.720703
vt 0.580078 0.574219
vt 0.546875 0.447266
vt 0.578125 0.636719
vt 0.397461 0.720703
vt 0.546875 0.415039
vt 0.365234 0.718750
vt 0.580078 0.572266
vt 0.548828 0.447266
vt 0.578125 0.634766
vt 0.397461 0.718750
vt 0.548828 0.415039
vt 0.580078 0.636719
vt 0.455078 0.656250
vt 0.548828 0.415039
vt 0.578125 0.574219
vt 0.487305 0.656250
vt 0.548828 0.447266
vt 0.580078 0.634766
vt 0.455078 0.654297
vt 0.550781 0.415039
vt 0.578125 0.572266
vt 0.487305 0.654297
vt 0.550781 0.447266
vt 0.218750 0.591797
vt 0.304688 0.464844
vt 0.384766 0.519531
vt 0.130859 0.466797
vt 0.251953 0.591797
vt 0.384766 0.486328
vt 0.218750 0.574219
vt 0.304688 0.447266
vt 0.390625 0.519531
vt 0.130859 0.449219
vt 0.251953 0.574219
vt 0.390625 0.486328
vt 0.136719 0.466797
vt 0.416016 0.607422
vt 0.390625 0.486328
vt 0.298828 0.464844
vt 0.449219 0.607422
vt 0.390625 0.519531
vt 0.136719 0.449219
vt 0.416016 0.589844
vt 0.396484 0.486328
vt 0.298828 0.447266
vt 0.449219 0.589844
vt 0.396484 0.519531
vt 0.140625 0.560547
vt 0.444336 0.572266
vt 0.302734 1.000000
vt 0.140625 0.572266
vt 0.179688 0.560547
vt 0.302734 0.960938
vt 0.140625 0.548828
vt 0.444336 0.560547
vt 0.267578 0.697266
vt 0.140625 0.560547
vt 0.179688 0.548828
vt 0.267578 0.658203
vt 0.180664 0.572266
vt 0.328125 0.560547
vt 0.342773 0.960938
vt 0.404297 0.572266
vt 0.367188 0.560547
vt 0.342773 1.000000
vt 0.180664 0.560547
vt 0.328125 0.548828
vt 0.307617 0.658203
vt 0.404297 0.560547
vt 0.367188 0.548828
vt 0.307617 0.697266
vt 0.416016 0.589844
vt 0.373047 0.460938
vt 0.320312 0.517578
vt 0.310547 0.462891
vt 0.449219 0.589844
vt 0.320312 0.484375
vt 0.416016 0.572266
vt 0.373047 0.443359
vt 0.326172 0.517578
vt 0.310547 0.445312
vt 0.449219 0.572266
vt 0.326172 0.484375
vt 0.316406 0.462891
vt 0.000000 0.578125
vt 0.326172 0.484375
vt 0.367188 0.460938
vt 0.033203 0.578125
vt 0.326172 0.517578
vt 0.316406 0.445312
vt 0.000000 0.560547
vt 0.332031 0.484375
vt 0.367188 0.443359
vt 0.033203 0.560547
vt 0.332031 0.517578
vt 0.000000 0.617188
vt 0.529297 0.824219
vt 0.152344 0.685547
vt 0.089844 0.539062
vt 0.041992 0.617188
vt 0.152344 0.643555
vt 0.000000 0.611328
vt 0.529297 0.818359
vt 0.335938 0.654297
vt 0.089844 0.533203
vt 0.041992 0.611328
vt 0.335938 0.612305
vt 0.113281 0.539062
vt 0.472656 0.705078
vt 0.175781 0.643555
vt 0.505859 0.824219
vt 0.514648 0.705078
vt 0.175781 0.685547
vt 0.113281 0.533203
vt 0.472656 0.699219
vt 0.359375 0.612305
vt 0.505859 0.818359
vt 0.514648 0.699219
vt 0.359375 0.654297
vt 0.287109 0.478516
vt 0.524414 0.505859
vt 0.277344 0.576172
vt 0.275391 0.500000
vt 0.307617 0.478516
vt 0.277344 0.555664
vt 0.287109 0.471680
vt 0.524414 0.499023
vt 0.302734 0.576172
vt 0.275391 0.493164
vt 0.307617 0.471680
vt 0.302734 0.555664
vt 0.299805 0.500000
vt 0.330078 0.478516
vt 0.301758 0.555664
vt 0.500000 0.505859
vt 0.350586 0.478516
vt 0.301758 0.576172
vt 0.299805 0.493164
vt 0.330078 0.471680
vt 0.327148 0.555664
vt 0.500000 0.499023
vt 0.350586 0.471680
vt 0.327148 0.576172
vt 0.044922 0.486328
vt 0.352539 0.607422
vt 0.529297 0.896484
vt 0.302734 0.607422
vt 0.049805 0.486328
vt 0.529297 0.891602
vt 0.044922 0.456055
vt 0.352539 0.577148
vt 0.529297 0.890625
vt 0.302734 0.577148
vt 0.049805 0.456055
vt 0.529297 0.885742
vt 0.327148 0.607422
vt 0.152344 0.486328
vt 0.553711 0.891602
vt 0.328125 0.607422
vt 0.157227 0.486328
vt 0.553711 0.896484
vt 0.327148 0.577148
vt 0.152344 0.456055
vt 0.553711 0.885742
vt 0.328125 0.577148
vt 0.157227 0.456055
vt 0.553711 0.890625
vt 0.089844 0.419922
vt 0.545898 0.595703
vt 0.171875 0.451172
vt 0.337891 0.470703
vt 0.094727 0.419922
vt 0.171875 0.446289
vt 0.089844 0.413086
vt 0.545898 0.588867
vt 0.548828 0.826172
vt 0.337891 0.463867
vt 0.094727 0.413086
vt 0.548828 0.821289
vt 0.354492 0.470703
vt 0.580078 0.906250
vt 0.188477 0.446289
vt 0.529297 0.595703
vt 0.584961 0.906250
vt 0.188477 0.451172
vt 0.354492 0.463867
vt 0.580078 0.899414
vt 0.565430 0.821289
vt 0.529297 0.588867
vt 0.584961 0.899414
vt 0.565430 0.826172
vt 0.441406 0.654297
vt 0.535156 0.693359
vt 0.169922 0.619141
vt 0.519531 0.972656
vt 0.487305 0.654297
vt 0.169922 0.573242
vt 0.441406 0.644531
vt 0.535156 0.683594
vt 0.353516 0.607422
vt 0.519531 0.962891
vt 0.487305 0.644531
vt 0.353516 0.561523
vt 0.535156 0.972656
vt 0.443359 0.732422
vt 0.185547 0.573242
vt 0.519531 0.693359
vt 0.489258 0.732422
vt 0.185547 0.619141
vt 0.535156 0.962891
vt 0.443359 0.722656
vt 0.369141 0.561523
vt 0.519531 0.683594
vt 0.489258 0.722656
vt 0.369141 0.607422
vt 0.591797 0.720703
vt 0.604492 0.773438
vt 0.564453 0.609375
vt 0.585938 0.796875
vt 0.594727 0.720703
vt 0.564453 0.606445
vt 0.591797 0.719727
vt 0.604492 0.772461
vt 0.564453 0.525391
vt 0.585938 0.795898
vt 0.594727 0.719727
vt 0.564453 0.522461
vt 0.604492 0.796875
vt 0.591797 0.718750
vt 0.583008 0.606445
vt 0.585938 0.773438
vt 0.594727 0.718750
vt 0.583008 0.609375
vt 0.604492 0.795898
vt 0.591797 0.717773
vt 0.583008 0.522461
vt 0.585938 0.772461
vt 0.594727 0.717773
vt 0.583008 0.525391
vt 0.578125 0.841797
vt 0.230469 0.437500
vt 0.582031 0.675781
vt 0.394531 0.439453
vt 0.582031 0.841797
vt 0.582031 0.671875
vt 0.578125 0.832031
vt 0.230469 0.427734
vt 0.582031 0.671875
vt 0.394531 0.429688
vt 0.582031 0.832031
vt 0.582031 0.667969
vt 0.400391 0.439453
vt 0.578125 0.832031
vt 0.587891 0.671875
vt 0.224609 0.437500
vt 0.582031 0.832031
vt 0.587891 0.675781
vt 0.400391 0.429688
vt 0.578125 0.822266
vt 0.587891 0.667969
vt 0.224609 0.427734
vt 0.582031 0.822266
vt 0.587891 0.671875
vt 0.312500 0.419922
vt 0.532227 0.869141
vt 0.544922 0.681641
vt 0.507812 0.630859
vt 0.316406 0.419922
vt 0.544922 0.677734
vt 0.312500 0.413086
vt 0.532227 0.862305
vt 0.546875 0.923828
vt 0.507812 0.624023
vt 0.316406 0.413086
vt 0.546875 0.919922
vt 0.530273 0.630859
vt 0.316406 0.419922
vt 0.567383 0.677734
vt 0.509766 0.869141
vt 0.320312 0.419922
vt 0.567383 0.681641
vt 0.530273 0.624023
vt 0.316406 0.413086
vt 0.569336 0.919922
vt 0.509766 0.862305
vt 0.320312 0.413086
vt 0.569336 0.923828
vt 0.589844 0.423828
vt 0.575195 0.605469
vt 0.000000 0.541016
vt 0.552734 0.650391
vt 0.591797 0.423828
vt 0.000000 0.539062
vt 0.589844 0.420898
vt 0.575195 0.602539
vt 0.527344 0.519531
vt 0.552734 0.647461
vt 0.591797 0.420898
vt 0.527344 0.517578
vt 0.575195 0.650391
vt 0.578125 0.410156
vt 0.022461 0.539062
vt 0.552734 0.605469
vt 0.580078 0.410156
vt 0.022461 0.541016
vt 0.575195 0.647461
vt 0.578125 0.407227
vt 0.549805 0.517578
vt 0.552734 0.602539
vt 0.580078 0.407227
vt 0.549805 0.519531
vt 0.578125 0.675781
vt 0.562500 0.419922
vt 0.589844 0.433594
vt 0.558594 0.419922
vt 0.581055 0.675781
vt 0.589844 0.430664
vt 0.578125 0.663086
vt 0.562500 0.407227
vt 0.589844 0.429688
vt 0.558594 0.407227
vt 0.581055 0.663086
vt 0.589844 0.426758
vt 0.560547 0.419922
vt 0.376953 0.421875
vt 0.591797 0.430664
vt 0.560547 0.419922
vt 0.379883 0.421875
vt 0.591797 0.433594
vt 0.560547 0.407227
vt 0.376953 0.409180
vt 0.591797 0.426758
vt 0.560547 0.407227
vt 0.379883 0.409180
vt 0.591797 0.429688
vt 0.552734 0.640625
vt 0.565430 0.697266
vt 0.439453 0.527344
vt 0.546875 0.929688
vt 0.566406 0.640625
vt 0.439453 0.513672
vt 0.552734 0.635742
vt 0.565430 0.692383
vt 0.474609 0.960938
vt 0.546875 0.924805
vt 0.566406 0.635742
vt 0.474609 0.947266
vt 0.565430 0.929688
vt 0.404297 0.447266
vt 0.458008 0.513672
vt 0.546875 0.697266
vt 0.417969 0.447266
vt 0.458008 0.527344
vt 0.565430 0.924805
vt 0.404297 0.442383
vt 0.493164 0.947266
vt 0.546875 0.692383
vt 0.417969 0.442383
vt 0.493164 0.960938
vt 0.591797 0.714844
vt 0.604492 0.460938
vt 0.558594 0.644531
vt 0.583984 0.472656
vt 0.594727 0.714844
vt 0.558594 0.641602
vt 0.591797 0.713867
vt 0.604492 0.459961
vt 0.558594 0.623047
vt 0.583984 0.471680
vt 0.594727 0.713867
vt 0.558594 0.620117
vt 0.604492 0.472656
vt 0.591797 0.712891
vt 0.579102 0.641602
vt 0.583984 0.460938
vt 0.594727 0.712891
vt 0.579102 0.644531
vt 0.604492 0.471680
vt 0.591797 0.711914
vt 0.579102 0.620117
vt 0.583984 0.459961
vt 0.594727 0.711914
vt 0.579102 0.623047
vt 0.505859 0.882812
vt 0.570312 0.687500
vt 0.283203 0.412109
vt 0.568359 0.914062
vt 0.511719 0.882812
vt 0.283203 0.406250
vt 0.505859 0.880859
vt 0.570312 0.685547
vt 0.285156 0.412109
vt 0.568359 0.912109
vt 0.511719 0.880859
vt 0.285156 0.406250
vt 0.570312 0.914062
vt 0.171875 0.490234
vt 0.285156 0.406250
vt 0.568359 0.687500
vt 0.177734 0.490234
vt 0.285156 0.412109
vt 0.570312 0.912109
vt 0.171875 0.488281
vt 0.287109 0.406250
vt 0.568359 0.685547
vt 0.177734 0.488281
vt 0.287109 0.412109
vt 0.585938 0.644531
vt 0.409180 0.412109
vt 0.410156 0.414062
vt 0.587891 0.640625
vt 0.591797 0.644531
vt 0.410156 0.408203
vt 0.585938 0.641602
vt 0.409180 0.409180
vt 0.585938 0.583984
vt 0.587891 0.637695
vt 0.591797 0.641602
vt 0.585938 0.578125
vt 0.590820 0.640625
vt 0.585938 0.628906
vt 0.413086 0.408203
vt 0.406250 0.412109
vt 0.591797 0.628906
vt 0.413086 0.414062
vt 0.590820 0.637695
vt 0.585938 0.625977
vt 0.588867 0.578125
vt 0.406250 0.409180
vt 0.591797 0.625977
vt 0.588867 0.583984
vt 0.441406 0.925781
vt 0.568359 0.572266
vt 0.279297 0.412109
vt 0.556641 0.501953
vt 0.447266 0.925781
vt 0.279297 0.406250
vt 0.441406 0.923828
vt 0.568359 0.570312
vt 0.281250 0.412109
vt 0.556641 0.500000
vt 0.447266 0.923828
vt 0.281250 0.406250
vt 0.558594 0.501953
vt 0.462891 0.552734
vt 0.281250 0.406250
vt 0.566406 0.572266
vt 0.468750 0.552734
vt 0.281250 0.412109
vt 0.558594 0.500000
vt 0.462891 0.550781
vt 0.283203 0.406250
vt 0.566406 0.570312
vt 0.468750 0.550781
vt 0.283203 0.412109
vt 0.429688 0.429688
vt 0.562500 0.720703
vt 0.486328 0.609375
vt 0.542969 0.750000
vt 0.439453 0.429688
vt 0.486328 0.599609
vt 0.429688 0.424805
vt 0.562500 0.715820
vt 0.396484 0.513672
vt 0.542969 0.745117
vt 0.439453 0.424805
vt 0.396484 0.503906
vt 0.562500 0.750000
vt 0.570312 0.566406
vt 0.505859 0.599609
vt 0.542969 0.720703
vt 0.580078 0.566406
vt 0.505859 0.609375
vt 0.562500 0.745117
vt 0.570312 0.561523
vt 0.416016 0.503906
vt 0.542969 0.715820
vt 0.580078 0.561523
vt 0.416016 0.513672
vt 0.591797 0.705078
vt 0.604492 0.769531
vt 0.568359 0.980469
vt 0.585938 0.771484
vt 0.594727 0.705078
vt 0.568359 0.977539
vt 0.591797 0.704102
vt 0.604492 0.768555
vt 0.568359 0.853516
vt 0.585938 0.770508
vt 0.594727 0.704102
vt 0.568359 0.850586
vt 0.604492 0.771484
vt 0.591797 0.701172
vt 0.586914 0.977539
vt 0.585938 0.769531
vt 0.594727 0.701172
vt 0.586914 0.980469
vt 0.604492 0.770508
vt 0.591797 0.700195
vt 0.586914 0.850586
vt 0.585938 0.768555
vt 0.594727 0.700195
vt 0.586914 0.853516
vt 0.355469 0.419922
vt 0.532227 0.572266
vt 0.546875 0.691406
vt 0.509766 0.732422
vt 0.359375 0.419922
vt 0.546875 0.687500
vt 0.355469 0.413086
vt 0.532227 0.565430
vt 0.546875 0.658203
vt 0.509766 0.725586
vt 0.359375 0.413086
vt 0.546875 0.654297
vt 0.532227 0.732422
vt 0.580078 0.636719
vt 0.569336 0.687500
vt 0.509766 0.572266
vt 0.583984 0.636719
vt 0.569336 0.691406
vt 0.532227 0.725586
vt 0.580078 0.629883
vt 0.569336 0.654297
vt 0.509766 0.565430
vt 0.583984 0.629883
vt 0.569336 0.658203
vt 0.591797 0.996094
vt 0.577148 0.701172
vt 0.562500 0.746094
vt 0.552734 0.480469
vt 0.593750 0.996094
vt 0.562500 0.744141
vt 0.591797 0.993164
vt 0.577148 0.698242
vt 0.564453 0.955078
vt 0.552734 0.477539
vt 0.593750 0.993164
vt 0.564453 0.953125
vt 0.575195 0.480469
vt 0.007812 0.408203
vt 0.584961 0.744141
vt 0.554688 0.701172
vt 0.009766 0.408203
vt 0.584961 0.746094
vt 0.575195 0.477539
vt 0.007812 0.405273
vt 0.586914 0.953125
vt 0.554688 0.698242
vt 0.009766 0.405273
vt 0.586914 0.955078
vt 0.591797 0.710938
vt 0.603516 0.457031
vt 0.560547 0.585938
vt 0.583984 0.458984
vt 0.594727 0.710938
vt 0.560547 0.583008
vt 0.591797 0.709961
vt 0.603516 0.456055
vt 0.560547 0.582031
vt 0.583984 0.458008
vt 0.594727 0.709961
vt 0.560547 0.579102
vt 0.603516 0.458984
vt 0.591797 0.707031
vt 0.580078 0.583008
vt 0.583984 0.457031
vt 0.594727 0.707031
vt 0.580078 0.585938
vt 0.603516 0.458008
vt 0.591797 0.706055
vt 0.580078 0.579102
vt 0.583984 0.456055
vt 0.594727 0.706055
vt 0.580078 0.582031
vt 0.560547 0.431641
vt 0.459961 0.687500
vt 0.451172 0.558594
vt 0.382812 0.699219
vt 0.565430 0.431641
vt 0.451172 0.553711
vt 0.560547 0.420898
vt 0.459961 0.676758
vt 0.453125 0.740234
vt 0.382812 0.688477
vt 0.565430 0.420898
vt 0.453125 0.735352
vt 0.459961 0.699219
vt 0.566406 0.431641
vt 0.528320 0.553711
vt 0.382812 0.687500
vt 0.571289 0.431641
vt 0.528320 0.558594
vt 0.459961 0.688477
vt 0.566406 0.420898
vt 0.530273 0.735352
vt 0.382812 0.676758
vt 0.571289 0.420898
vt 0.530273 0.740234
vt 0.580078 0.410156
vt 0.577148 0.712891
vt 0.572266 0.863281
vt 0.556641 0.804688
vt 0.582031 0.410156
vt 0.572266 0.861328
vt 0.580078 0.407227
vt 0.577148 0.709961
vt 0.572266 0.763672
vt 0.556641 0.801758
vt 0.582031 0.407227
vt 0.572266 0.761719
vt 0.577148 0.804688
vt 0.582031 0.410156
vt 0.592773 0.861328
vt 0.556641 0.712891
vt 0.583984 0.410156
vt 0.592773 0.863281
vt 0.577148 0.801758
vt 0.582031 0.407227
vt 0.592773 0.761719
vt 0.556641 0.709961
vt 0.583984 0.407227
vt 0.592773 0.763672
vt 0.583984 0.410156
vt 0.579102 0.873047
vt 0.572266 0.601562
vt 0.556641 0.560547
vt 0.585938 0.410156
vt 0.572266 0.599609
vt 0.583984 0.407227
vt 0.579102 0.870117
vt 0.572266 0.513672
vt 0.556641 0.557617
vt 0.585938 0.407227
vt 0.572266 0.511719
vt 0.577148 0.560547
vt 0.589844 0.416016
vt 0.592773 0.599609
vt 0.558594 0.873047
vt 0.591797 0.416016
vt 0.592773 0.601562
vt 0.577148 0.557617
vt 0.589844 0.413086
vt 0.592773 0.511719
vt 0.558594 0.870117
vt 0.591797 0.413086
vt 0.592773 0.513672
vt 0.509766 0.412109
vt 0.586914 0.912109
vt 0.330078 0.464844
vt 0.580078 0.941406
vt 0.511719 0.412109
vt 0.330078 0.462891
vt 0.509766 0.408203
vt 0.586914 0.908203
vt 0.537109 0.566406
vt 0.580078 0.937500
vt 0.511719 0.408203
vt 0.537109 0.564453
vt 0.586914 0.941406
vt 0.587891 0.490234
vt 0.336914 0.462891
vt 0.580078 0.912109
vt 0.589844 0.490234
vt 0.336914 0.464844
vt 0.586914 0.937500
vt 0.587891 0.486328
vt 0.543945 0.564453
vt 0.580078 0.908203
vt 0.589844 0.486328
vt 0.543945 0.566406
vt 0.355469 0.447266
vt 0.273438 0.419922
vt 0.410156 0.423828
vt 0.238281 0.419922
vt 0.365234 0.447266
vt 0.410156 0.414062
vt 0.355469 0.440430
vt 0.273438 0.413086
vt 0.435547 0.423828
vt 0.238281 0.413086
vt 0.365234 0.440430
vt 0.435547 0.414062
vt 0.242188 0.419922
vt 0.394531 0.447266
vt 0.414062 0.414062
vt 0.269531 0.419922
vt 0.404297 0.447266
vt 0.414062 0.423828
vt 0.242188 0.413086
vt 0.394531 0.440430
vt 0.439453 0.414062
vt 0.269531 0.413086
vt 0.404297 0.440430
vt 0.439453 0.423828
vt 0.580078 0.919922
vt 0.564453 0.960938
vt 0.562500 0.720703
vt 0.505859 0.589844
vt 0.584961 0.919922
vt 0.562500 0.715820
vt 0.580078 0.913086
vt 0.564453 0.954102
vt 0.476562 0.437500
vt 0.505859 0.583008
vt 0.584961 0.913086
vt 0.476562 0.432617
vt 0.517578 0.589844
vt 0.083984 0.419922
vt 0.574219 0.715820
vt 0.552734 0.960938
vt 0.088867 0.419922
vt 0.574219 0.720703
vt 0.517578 0.583008
vt 0.083984 0.413086
vt 0.488281 0.432617
vt 0.552734 0.954102
vt 0.088867 0.413086
vt 0.488281 0.437500
vt 0.005859 0.429688
vt 0.587891 0.707031
vt 0.539062 0.957031
vt 0.236328 0.414062
vt 0.011719 0.429688
vt 0.539062 0.951172
vt 0.005859 0.420898
vt 0.587891 0.698242
vt 0.042969 0.451172
vt 0.236328 0.405273
vt 0.011719 0.420898
vt 0.042969 0.445312
vt 0.238281 0.414062
vt 0.031250 0.429688
vt 0.541016 0.951172
vt 0.585938 0.707031
vt 0.037109 0.429688
vt 0.541016 0.957031
vt 0.238281 0.405273
vt 0.031250 0.420898
vt 0.044922 0.445312
vt 0.585938 0.698242
vt 0.037109 0.420898
vt 0.044922 0.451172
vt 0.544922 0.980469
vt 0.564453 0.537109
vt 0.337891 0.429688
vt 0.558594 0.976562
vt 0.568359 0.980469
vt 0.337891 0.406250
vt 0.544922 0.976562
vt 0.564453 0.533203
vt 0.365234 0.429688
vt 0.558594 0.972656
vt 0.568359 0.976562
vt 0.365234 0.406250
vt 0.560547 0.976562
vt 0.544922 0.916016
vt 0.339844 0.406250
vt 0.562500 0.537109
vt 0.568359 0.916016
vt 0.339844 0.429688
vt 0.560547 0.972656
vt 0.544922 0.912109
vt 0.367188 0.406250
vt 0.562500 0.533203
vt 0.568359 0.912109
vt 0.367188 0.429688
vt 0.367188 0.470703
vt 0.480469 0.492188
vt 0.070312 0.650391
vt 0.347656 0.896484
vt 0.369141 0.470703
vt 0.070312 0.648438
vt 0.367188 0.460938
vt 0.480469 0.482422
vt 0.349609 0.562500
vt 0.347656 0.886719
vt 0.369141 0.460938
vt 0.349609 0.560547
vt 0.351562 0.896484
vt 0.150391 0.417969
vt 0.074219 0.648438
vt 0.476562 0.492188
vt 0.152344 0.417969
vt 0.074219 0.650391
vt 0.351562 0.886719
vt 0.150391 0.408203
vt 0.353516 0.560547
vt 0.476562 0.482422
vt 0.152344 0.408203
vt 0.353516 0.562500
vt 0.328125 0.429688
vt 0.565430 0.664062
vt 0.490234 0.869141
vt 0.328125 0.453125
vt 0.337891 0.429688
vt 0.490234 0.859375
vt 0.328125 0.424805
vt 0.565430 0.659180
vt 0.490234 0.732422
vt 0.328125 0.448242
vt 0.337891 0.424805
vt 0.490234 0.722656
vt 0.346680 0.453125
vt 0.404297 0.429688
vt 0.508789 0.859375
vt 0.546875 0.664062
vt 0.414062 0.429688
vt 0.508789 0.869141
vt 0.346680 0.448242
vt 0.404297 0.424805
vt 0.508789 0.722656
vt 0.546875 0.659180
vt 0.414062 0.424805
vt 0.508789 0.732422
vt 0.009766 0.408203
vt 0.582031 0.751953
vt 0.576172 0.527344
vt 0.562500 0.755859
vt 0.011719 0.408203
vt 0.576172 0.525391
vt 0.009766 0.405273
vt 0.582031 0.749023
vt 0.576172 0.480469
vt 0.562500 0.752930
vt 0.011719 0.405273
vt 0.576172 0.478516
vt 0.582031 0.755859
vt 0.591797 0.990234
vt 0.595703 0.525391
vt 0.562500 0.751953
vt 0.593750 0.990234
vt 0.595703 0.527344
vt 0.582031 0.752930
vt 0.591797 0.987305
vt 0.595703 0.478516
vt 0.562500 0.749023
vt 0.593750 0.987305
vt 0.595703 0.480469
vt 0.580078 0.623047
vt 0.544922 0.767578
vt 0.548828 0.771484
vt 0.525391 0.984375
vt 0.583984 0.623047
vt 0.548828 0.767578
vt 0.580078 0.616211
vt 0.544922 0.760742
vt 0.548828 0.570312
vt 0.525391 0.977539
vt 0.583984 0.616211
vt 0.548828 0.566406
vt 0.544922 0.984375
vt 0.580078 0.599609
vt 0.568359 0.767578
vt 0.525391 0.767578
vt 0.583984 0.599609
vt 0.568359 0.771484
vt 0.544922 0.977539
vt 0.580078 0.592773
vt 0.568359 0.566406
vt 0.525391 0.760742
vt 0.583984 0.592773
vt 0.568359 0.570312
vt 0.576172 0.962891
vt 0.279297 0.412109
vt 0.298828 0.435547
vt 0.269531 0.412109
vt 0.589844 0.962891
vt 0.298828 0.421875
vt 0.576172 0.959961
vt 0.279297 0.409180
vt 0.339844 0.435547
vt 0.269531 0.409180
vt 0.589844 0.959961
vt 0.339844 0.421875
vt 0.273438 0.412109
vt 0.576172 0.958984
vt 0.302734 0.421875
vt 0.275391 0.412109
vt 0.589844 0.958984
vt 0.302734 0.435547
vt 0.273438 0.409180
vt 0.576172 0.956055
vt 0.343750 0.421875
vt 0.275391 0.409180
vt 0.589844 0.956055
vt 0.343750 0.435547
vt 0.251953 0.615234
vt 0.283203 0.419922
vt 0.349609 0.576172
vt 0.275391 0.419922
vt 0.265625 0.615234
vt 0.349609 0.562500
vt 0.251953 0.608398
vt 0.283203 0.413086
vt 0.046875 0.539062
vt 0.275391 0.413086
vt 0.265625 0.608398
vt 0.046875 0.525391
vt 0.279297 0.419922
vt 0.544922 0.767578
vt 0.353516 0.562500
vt 0.279297 0.419922
vt 0.558594 0.767578
vt 0.353516 0.576172
vt 0.279297 0.413086
vt 0.544922 0.760742
vt 0.050781 0.525391
vt 0.279297 0.413086
vt 0.558594 0.760742
vt 0.050781 0.539062
vt 0.275391 0.505859
vt 0.104492 0.412109
vt 0.460938 0.425781
vt 0.097656 0.412109
vt 0.289062 0.505859
vt 0.460938 0.412109
vt 0.275391 0.500977
vt 0.104492 0.407227
vt 0.464844 0.425781
vt 0.097656 0.407227
vt 0.289062 0.500977
vt 0.464844 0.412109
vt 0.100586 0.412109
vt 0.505859 0.972656
vt 0.463867 0.412109
vt 0.101562 0.412109
vt 0.519531 0.972656
vt 0.463867 0.425781
vt 0.100586 0.407227
vt 0.505859 0.967773
vt 0.467773 0.412109
vt 0.101562 0.407227
vt 0.519531 0.967773
vt 0.467773 0.425781
vt 0.044922 0.455078
vt 0.580078 0.781250
vt 0.310547 0.412109
vt 0.578125 0.875000
vt 0.050781 0.455078
vt 0.310547 0.406250
vt 0.044922 0.453125
vt 0.580078 0.779297
vt 0.312500 0.412109
vt 0.578125 0.873047
vt 0.050781 0.453125
vt 0.312500 0.406250
vt 0.580078 0.875000
vt 0.550781 0.466797
vt 0.312500 0.406250
vt 0.578125 0.781250
vt 0.556641 0.466797
vt 0.312500 0.412109
vt 0.580078 0.873047
vt 0.550781 0.464844
vt 0.314453 0.406250
vt 0.578125 0.779297
vt 0.556641 0.464844
vt 0.314453 0.412109
vt 0.585938 0.509766
vt 0.432617 0.412109
vt 0.435547 0.414062
vt 0.587891 0.578125
vt 0.591797 0.509766
vt 0.435547 0.408203
vt 0.585938 0.506836
vt 0.432617 0.409180
vt 0.449219 0.414062
vt 0.587891 0.575195
vt 0.591797 0.506836
vt 0.449219 0.408203
vt 0.590820 0.578125
vt 0.585938 0.496094
vt 0.438477 0.408203
vt 0.429688 0.412109
vt 0.591797 0.496094
vt 0.438477 0.414062
vt 0.590820 0.575195
vt 0.585938 0.493164
vt 0.452148 0.408203
vt 0.429688 0.409180
vt 0.591797 0.493164
vt 0.452148 0.414062
vt 0.109375 0.457031
vt 0.578125 0.931641
vt 0.587891 0.707031
vt 0.574219 0.962891
vt 0.115234 0.457031
vt 0.587891 0.701172
vt 0.109375 0.455078
vt 0.578125 0.929688
vt 0.308594 0.412109
vt 0.574219 0.960938
vt 0.115234 0.455078
vt 0.308594 0.406250
vt 0.576172 0.962891
vt 0.210938 0.457031
vt 0.589844 0.701172
vt 0.576172 0.931641
vt 0.216797 0.457031
vt 0.589844 0.707031
vt 0.576172 0.960938
vt 0.210938 0.455078
vt 0.310547 0.406250
vt 0.576172 0.929688
vt 0.216797 0.455078
vt 0.310547 0.412109
vt 0.513672 0.753906
vt 0.595703 0.529297
vt 0.515625 0.544922
vt 0.576172 0.603516
vt 0.521484 0.753906
vt 0.515625 0.537109
vt 0.513672 0.751953
vt 0.595703 0.527344
vt 0.517578 0.912109
vt 0.576172 0.601562
vt 0.521484 0.751953
vt 0.517578 0.904297
vt 0.595703 0.603516
vt 0.525391 0.640625
vt 0.535156 0.537109
vt 0.576172 0.529297
vt 0.533203 0.640625
vt 0.535156 0.544922
vt 0.595703 0.601562
vt 0.525391 0.638672
vt 0.537109 0.904297
vt 0.576172 0.527344
vt 0.533203 0.638672
vt 0.537109 0.912109
vt 0.585938 0.566406
vt 0.580078 0.589844
vt 0.318359 0.470703
vt 0.560547 0.859375
vt 0.591797 0.566406
vt 0.318359 0.464844
vt 0.585938 0.563477
vt 0.580078 0.586914
vt 0.529297 0.669922
vt 0.560547 0.856445
vt 0.591797 0.563477
vt 0.529297 0.664062
vt 0.580078 0.859375
vt 0.585938 0.519531
vt 0.337891 0.464844
vt 0.560547 0.589844
vt 0.591797 0.519531
vt 0.337891 0.470703
vt 0.580078 0.856445
vt 0.585938 0.516602
vt 0.548828 0.664062
vt 0.560547 0.586914
vt 0.591797 0.516602
vt 0.548828 0.669922
vt 0.394531 0.421875
vt 0.566406 0.419922
vt 0.589844 0.412109
vt 0.562500 0.419922
vt 0.397461 0.421875
vt 0.589844 0.409180
vt 0.394531 0.409180
vt 0.566406 0.407227
vt 0.591797 1.000000
vt 0.562500 0.407227
vt 0.397461 0.409180
vt 0.591797 0.997070
vt 0.564453 0.419922
vt 0.500000 0.421875
vt 0.591797 0.409180
vt 0.564453 0.419922
vt 0.502930 0.421875
vt 0.591797 0.412109
vt 0.564453 0.407227
vt 0.500000 0.409180
vt 0.593750 0.997070
vt 0.564453 0.407227
vt 0.502930 0.409180
vt 0.593750 1.000000
vt 0.509766 0.707031
vt 0.595703 0.605469
vt 0.529297 0.785156
vt 0.576172 0.611328
vt 0.515625 0.707031
vt 0.529297 0.779297
vt 0.509766 0.705078
vt 0.595703 0.603516
vt 0.287109 0.470703
vt 0.576172 0.609375
vt 0.515625 0.705078
vt 0.287109 0.464844
vt 0.595703 0.611328
vt 0.537109 0.755859
vt 0.548828 0.779297
vt 0.576172 0.605469
vt 0.542969 0.755859
vt 0.548828 0.785156
vt 0.595703 0.609375
vt 0.537109 0.753906
vt 0.306641 0.464844
vt 0.576172 0.603516
vt 0.542969 0.753906
vt 0.306641 0.470703
vt 0.351562 0.699219
vt 0.590820 0.685547
vt 0.369141 0.607422
vt 0.568359 0.734375
vt 0.382812 0.699219
vt 0.369141 0.576172
vt 0.351562 0.697266
vt 0.590820 0.683594
vt 0.392578 0.607422
vt 0.568359 0.732422
vt 0.382812 0.697266
vt 0.392578 0.576172
vt 0.590820 0.734375
vt 0.554688 0.876953
vt 0.391602 0.576172
vt 0.568359 0.685547
vt 0.585938 0.876953
vt 0.391602 0.607422
vt 0.590820 0.732422
vt 0.554688 0.875000
vt 0.415039 0.576172
vt 0.568359 0.683594
vt 0.585938 0.875000
vt 0.415039 0.607422
vt 0.392578 0.414062
vt 0.502930 0.515625
vt 0.568359 0.820312
vt 0.484375 0.619141
vt 0.394531 0.414062
vt 0.568359 0.818359
vt 0.392578 0.405273
vt 0.502930 0.506836
vt 0.568359 0.742188
vt 0.484375 0.610352
vt 0.394531 0.405273
vt 0.568359 0.740234
vt 0.506836 0.619141
vt 0.496094 0.414062
vt 0.590820 0.818359
vt 0.480469 0.515625
vt 0.498047 0.414062
vt 0.590820 0.820312
vt 0.506836 0.610352
vt 0.496094 0.405273
vt 0.590820 0.740234
vt 0.480469 0.506836
vt 0.498047 0.405273
vt 0.590820 0.742188
vt 0.523438 0.455078
vt 0.312500 0.419922
vt 0.011719 0.435547
vt 0.283203 0.419922
vt 0.537109 0.455078
vt 0.011719 0.421875
vt 0.523438 0.448242
vt 0.312500 0.413086
vt 0.261719 0.435547
vt 0.283203 0.413086
vt 0.537109 0.448242
vt 0.261719 0.421875
vt 0.287109 0.419922
vt 0.537109 0.455078
vt 0.015625 0.421875
vt 0.308594 0.419922
vt 0.550781 0.455078
vt 0.015625 0.435547
vt 0.287109 0.413086
vt 0.537109 0.448242
vt 0.265625 0.421875
vt 0.308594 0.413086
vt 0.550781 0.448242
vt 0.265625 0.435547
vt 0.552734 0.732422
vt 0.590820 0.890625
vt 0.468750 0.425781
vt 0.587891 0.898438
vt 0.566406 0.732422
vt 0.468750 0.412109
vt 0.552734 0.727539
vt 0.590820 0.885742
vt 0.472656 0.425781
vt 0.587891 0.893555
vt 0.566406 0.727539
vt 0.472656 0.412109
vt 0.590820 0.898438
vt 0.552734 0.675781
vt 0.471680 0.412109
vt 0.587891 0.890625
vt 0.566406 0.675781
vt 0.471680 0.425781
vt 0.590820 0.893555
vt 0.552734 0.670898
vt 0.475586 0.412109
vt 0.587891 0.885742
vt 0.566406 0.670898
vt 0.475586 0.425781
vt 0.576172 1.000000
vt 0.242188 0.412109
vt 0.177734 0.501953
vt 0.218750 0.412109
vt 0.589844 1.000000
vt 0.177734 0.488281
vt 0.576172 0.997070
vt 0.242188 0.409180
vt 0.234375 0.437500
vt 0.218750 0.409180
vt 0.589844 0.997070
vt 0.234375 0.423828
vt 0.222656 0.412109
vt 0.576172 0.996094
vt 0.181641 0.488281
vt 0.238281 0.412109
vt 0.589844 0.996094
vt 0.181641 0.501953
vt 0.222656 0.409180
vt 0.576172 0.993164
vt 0.238281 0.423828
vt 0.238281 0.409180
vt 0.589844 0.993164
vt 0.238281 0.437500
vt 0.382812 0.509766
vt 0.348633 0.576172
vt 0.574219 0.855469
vt 0.302734 0.960938
vt 0.384766 0.509766
vt 0.574219 0.853516
vt 0.382812 0.495117
vt 0.348633 0.561523
vt 0.574219 0.716797
vt 0.302734 0.946289
vt 0.384766 0.495117
vt 0.574219 0.714844
vt 0.323242 0.960938
vt 0.398438 0.421875
vt 0.594727 0.853516
vt 0.328125 0.576172
vt 0.400391 0.421875
vt 0.594727 0.855469
vt 0.323242 0.946289
vt 0.398438 0.407227
vt 0.594727 0.714844
vt 0.328125 0.561523
vt 0.400391 0.407227
vt 0.594727 0.716797
vt 0.343750 0.976562
vt 0.505859 0.664062
vt 0.000000 1.000000
vt 0.218750 0.546875
vt 0.481445 0.976562
vt 0.000000 0.862305
vt 0.343750 0.969727
vt 0.505859 0.657227
vt 0.050781 1.000000
vt 0.218750 0.540039
vt 0.481445 0.969727
vt 0.050781 0.862305
vt 0.269531 0.546875
vt 0.343750 0.968750
vt 0.050781 0.862305
vt 0.455078 0.664062
vt 0.481445 0.968750
vt 0.050781 1.000000
vt 0.269531 0.540039
vt 0.343750 0.961914
vt 0.101562 0.862305
vt 0.455078 0.657227
vt 0.481445 0.961914
vt 0.101562 1.000000
vt 0.511719 0.412109
vt 0.576172 0.708984
vt 0.472656 0.623047
vt 0.521484 0.931641
vt 0.515625 0.412109
vt 0.472656 0.619141
vt 0.511719 0.410156
vt 0.576172 0.707031
vt 0.474609 0.947266
vt 0.521484 0.929688
vt 0.515625 0.410156
vt 0.474609 0.943359
vt 0.576172 0.931641
vt 0.517578 0.412109
vt 0.527344 0.619141
vt 0.521484 0.708984
vt 0.521484 0.412109
vt 0.527344 0.623047
vt 0.576172 0.929688
vt 0.517578 0.410156
vt 0.529297 0.943359
vt 0.521484 0.707031
vt 0.521484 0.410156
vt 0.529297 0.947266
vt 0.289062 0.509766
vt 0.467773 0.859375
vt 0.308594 0.697266
vt 0.394531 0.869141
vt 0.309570 0.509766
vt 0.308594 0.676758
vt 0.289062 0.500977
vt 0.467773 0.850586
vt 0.000000 0.685547
vt 0.394531 0.860352
vt 0.309570 0.500977
vt 0.000000 0.665039
vt 0.467773 0.869141
vt 0.361328 0.509766
vt 0.381836 0.676758
vt 0.394531 0.859375
vt 0.381836 0.509766
vt 0.381836 0.697266
vt 0.467773 0.860352
vt 0.361328 0.500977
vt 0.073242 0.665039
vt 0.394531 0.850586
vt 0.381836 0.500977
vt 0.073242 0.685547
vt 0.578125 0.560547
vt 0.541016 0.410156
vt 0.046875 0.416016
vt 0.535156 0.410156
vt 0.587891 0.560547
vt 0.046875 0.406250
vt 0.578125 0.557617
vt 0.541016 0.407227
vt 0.246094 0.416016
vt 0.535156 0.407227
vt 0.587891 0.557617
vt 0.246094 0.406250
vt 0.537109 0.410156
vt 0.580078 0.970703
vt 0.048828 0.406250
vt 0.539062 0.410156
vt 0.589844 0.970703
vt 0.048828 0.416016
vt 0.537109 0.407227
vt 0.580078 0.967773
vt 0.248047 0.406250
vt 0.539062 0.407227
vt 0.589844 0.967773
vt 0.248047 0.416016
vt 0.585938 0.753906
vt 0.591797 0.804688
vt 0.388672 0.791016
vt 0.587891 0.824219
vt 0.591797 0.753906
vt 0.388672 0.785156
vt 0.585938 0.750977
vt 0.591797 0.801758
vt 0.390625 0.876953
vt 0.587891 0.821289
vt 0.591797 0.750977
vt 0.390625 0.871094
vt 0.591797 0.824219
vt 0.585938 0.720703
vt 0.392578 0.785156
vt 0.587891 0.804688
vt 0.591797 0.720703
vt 0.392578 0.791016
vt 0.591797 0.821289
vt 0.585938 0.717773
vt 0.394531 0.871094
vt 0.587891 0.801758
vt 0.591797 0.717773
vt 0.394531 0.876953
vt 0.310547 0.439453
vt 0.017578 0.416016
vt 0.457031 0.437500
vt 0.537109 0.417969
vt 0.316406 0.439453
vt 0.457031 0.431641
vt 0.310547 0.429688
vt 0.017578 0.406250
vt 0.205078 0.412109
vt 0.537109 0.408203
vt 0.316406 0.429688
vt 0.205078 0.406250
vt 0.539062 0.417969
vt 0.316406 0.439453
vt 0.458984 0.431641
vt 0.015625 0.416016
vt 0.322266 0.439453
vt 0.458984 0.437500
vt 0.539062 0.408203
vt 0.316406 0.429688
vt 0.207031 0.406250
vt 0.015625 0.406250
vt 0.322266 0.429688
vt 0.207031 0.412109
vt 0.216797 0.466797
vt 0.052734 0.425781
vt 0.525391 0.949219
vt 0.550781 0.427734
vt 0.218750 0.466797
vt 0.525391 0.947266
vt 0.216797 0.456055
vt 0.052734 0.415039
vt 0.548828 0.906250
vt 0.550781 0.416992
vt 0.218750 0.456055
vt 0.548828 0.904297
vt 0.554688 0.427734
vt 0.060547 0.417969
vt 0.529297 0.947266
vt 0.048828 0.425781
vt 0.062500 0.417969
vt 0.529297 0.949219
vt 0.554688 0.416992
vt 0.060547 0.407227
vt 0.552734 0.904297
vt 0.048828 0.415039
vt 0.062500 0.407227
vt 0.552734 0.906250
vt 0.537109 0.912109
vt 0.382812 0.412109
vt 0.333984 0.423828
vt 0.363281 0.412109
vt 0.556641 0.912109
vt 0.333984 0.404297
vt 0.537109 0.907227
vt 0.382812 0.407227
vt 0.335938 0.423828
vt 0.363281 0.407227
vt 0.556641 0.907227
vt 0.335938 0.404297
vt 0.365234 0.412109
vt 0.171875 0.457031
vt 0.335938 0.404297
vt 0.380859 0.412109
vt 0.191406 0.457031
vt 0.335938 0.423828
vt 0.365234 0.407227
vt 0.171875 0.452148
vt 0.337891 0.404297
vt 0.380859 0.407227
vt 0.191406 0.452148
vt 0.337891 0.423828
vt 0.117188 0.425781
vt 0.533203 0.441406
vt 0.582031 0.650391
vt 0.558594 0.533203
vt 0.121094 0.425781
vt 0.582031 0.646484
vt 0.117188 0.415039
vt 0.533203 0.430664
vt 0.582031 0.537109
vt 0.558594 0.522461
vt 0.121094 0.415039
vt 0.582031 0.533203
vt 0.564453 0.533203
vt 0.160156 0.425781
vt 0.587891 0.646484
vt 0.527344 0.441406
vt 0.164062 0.425781
vt 0.587891 0.650391
vt 0.564453 0.522461
vt 0.160156 0.415039
vt 0.587891 0.533203
vt 0.527344 0.430664
vt 0.164062 0.415039
vt 0.587891 0.537109
vt 0.509766 0.531250
vt 0.514648 0.410156
vt 0.517578 0.410156
vt 0.511719 0.410156
vt 0.515625 0.531250
vt 0.517578 0.404297
vt 0.509766 0.525391
vt 0.514648 0.404297
vt 0.519531 0.410156
vt 0.511719 0.404297
vt 0.515625 0.525391
vt 0.519531 0.404297
vt 0.512695 0.410156
vt 0.376953 0.478516
vt 0.518555 0.404297
vt 0.513672 0.410156
vt 0.382812 0.478516
vt 0.518555 0.410156
vt 0.512695 0.404297
vt 0.376953 0.472656
vt 0.520508 0.404297
vt 0.513672 0.404297
vt 0.382812 0.472656
vt 0.520508 0.410156
vt 0.580078 0.681641
vt 0.069336 0.408203
vt 0.523438 0.410156
vt 0.066406 0.408203
vt 0.585938 0.681641
vt 0.523438 0.404297
vt 0.580078 0.677734
vt 0.069336 0.404297
vt 0.525391 0.410156
vt 0.066406 0.404297
vt 0.585938 0.677734
vt 0.525391 0.404297
vt 0.067383 0.408203
vt 0.580078 0.644531
vt 0.524414 0.404297
vt 0.068359 0.408203
vt 0.585938 0.644531
vt 0.524414 0.410156
vt 0.067383 0.404297
vt 0.580078 0.640625
vt 0.526367 0.404297
vt 0.068359 0.404297
vt 0.585938 0.640625
vt 0.526367 0.410156
vt 0.402344 0.654297
vt 0.435547 0.912109
vt 0.039062 0.724609
vt 0.121094 0.619141
vt 0.441406 0.654297
vt 0.039062 0.685547
vt 0.402344 0.638672
vt 0.435547 0.896484
vt 0.218750 0.716797
vt 0.121094 0.603516
vt 0.441406 0.638672
vt 0.218750 0.677734
vt 0.169922 0.619141
vt 0.000000 0.593750
vt 0.087891 0.685547
vt 0.386719 0.912109
vt 0.039062 0.593750
vt 0.087891 0.724609
vt 0.169922 0.603516
vt 0.000000 0.578125
vt 0.267578 0.677734
vt 0.386719 0.896484
vt 0.039062 0.578125
vt 0.267578 0.716797
vt 0.121094 0.457031
vt 0.078125 0.427734
vt 0.470703 0.412109
vt 0.074219 0.427734
vt 0.125000 0.457031
vt 0.470703 0.408203
vt 0.121094 0.434570
vt 0.078125 0.405273
vt 0.472656 0.412109
vt 0.074219 0.405273
vt 0.125000 0.434570
vt 0.472656 0.408203
vt 0.076172 0.427734
vt 0.125000 0.457031
vt 0.472656 0.408203
vt 0.076172 0.427734
vt 0.128906 0.457031
vt 0.472656 0.412109
vt 0.076172 0.405273
vt 0.125000 0.434570
vt 0.474609 0.408203
vt 0.076172 0.405273
vt 0.128906 0.434570
vt 0.474609 0.412109
vt 0.443359 0.722656
vt 0.574219 0.683594
vt 0.000000 0.861328
vt 0.519531 0.962891
vt 0.558594 0.722656
vt 0.000000 0.746094
vt 0.443359 0.720703
vt 0.574219 0.681641
vt 0.054688 0.839844
vt 0.519531 0.960938
vt 0.558594 0.720703
vt 0.054688 0.724609
vt 0.574219 0.962891
vt 0.453125 0.734375
vt 0.054688 0.746094
vt 0.519531 0.683594
vt 0.568359 0.734375
vt 0.054688 0.861328
vt 0.574219 0.960938
vt 0.453125 0.732422
vt 0.109375 0.724609
vt 0.519531 0.681641
vt 0.568359 0.732422
vt 0.109375 0.839844
vt 0.509766 0.724609
vt 0.523438 0.449219
vt 0.158203 0.486328
vt 0.328125 0.455078
vt 0.576172 0.724609
vt 0.158203 0.419922
vt 0.509766 0.722656
vt 0.523438 0.447266
vt 0.267578 0.484375
vt 0.328125 0.453125
vt 0.576172 0.722656
vt 0.267578 0.417969
vt 0.330078 0.455078
vt 0.511719 0.875000
vt 0.160156 0.419922
vt 0.521484 0.449219
vt 0.578125 0.875000
vt 0.160156 0.486328
vt 0.330078 0.453125
vt 0.511719 0.873047
vt 0.269531 0.417969
vt 0.521484 0.447266
vt 0.578125 0.873047
vt 0.269531 0.484375
vt 0.484375 0.746094
vt 0.482422 0.412109
vt 0.453125 0.466797
vt 0.474609 0.412109
vt 0.532227 0.746094
vt 0.453125 0.418945
vt 0.484375 0.742188
vt 0.482422 0.408203
vt 0.304688 0.464844
vt 0.474609 0.408203
vt 0.532227 0.742188
vt 0.304688 0.416992
vt 0.476562 0.412109
vt 0.484375 0.638672
vt 0.455078 0.418945
vt 0.480469 0.412109
vt 0.532227 0.638672
vt 0.455078 0.466797
vt 0.476562 0.408203
vt 0.484375 0.634766
vt 0.306641 0.416992
vt 0.480469 0.408203
vt 0.532227 0.634766
vt 0.306641 0.464844
vt 0.468750 0.916016
vt 0.328125 0.947266
vt 0.457031 0.513672
vt 0.316406 0.843750
vt 0.543945 0.916016
vt 0.457031 0.438477
vt 0.468750 0.912109
vt 0.328125 0.943359
vt 0.138672 0.498047
vt 0.316406 0.839844
vt 0.543945 0.912109
vt 0.138672 0.422852
vt 0.318359 0.843750
vt 0.468750 0.853516
vt 0.458984 0.438477
vt 0.326172 0.947266
vt 0.543945 0.853516
vt 0.458984 0.513672
vt 0.318359 0.839844
vt 0.468750 0.849609
vt 0.140625 0.422852
vt 0.326172 0.943359
vt 0.543945 0.849609
vt 0.140625 0.498047
vt 0.214844 0.412109
vt 0.535156 0.929688
vt 0.587891 0.500000
vt 0.396484 0.519531
vt 0.216797 0.412109
vt 0.587891 0.498047
vt 0.214844 0.406250
vt 0.535156 0.923828
vt 0.503906 0.412109
vt 0.396484 0.513672
vt 0.216797 0.406250
vt 0.503906 0.410156
vt 0.400391 0.519531
vt 0.216797 0.412109
vt 0.591797 0.498047
vt 0.531250 0.929688
vt 0.218750 0.412109
vt 0.591797 0.500000
vt 0.400391 0.513672
vt 0.216797 0.406250
vt 0.507812 0.410156
vt 0.531250 0.923828
vt 0.218750 0.406250
vt 0.507812 0.412109
vt 0.548828 0.414062
vt 0.474609 0.886719
vt 0.468750 0.533203
vt 0.390625 0.896484
vt 0.550781 0.414062
vt 0.468750 0.531250
vt 0.548828 0.405273
vt 0.474609 0.877930
vt 0.470703 0.773438
vt 0.390625 0.887695
vt 0.550781 0.405273
vt 0.470703 0.771484
vt 0.474609 0.896484
vt 0.585938 0.443359
vt 0.552734 0.531250
vt 0.390625 0.886719
vt 0.587891 0.443359
vt 0.552734 0.533203
vt 0.474609 0.887695
vt 0.585938 0.434570
vt 0.554688 0.771484
vt 0.390625 0.877930
vt 0.587891 0.434570
vt 0.554688 0.773438
vt 0.011719 0.408203
vt 0.554688 0.582031
vt 0.500000 0.498047
vt 0.470703 0.900391
vt 0.013672 0.408203
vt 0.500000 0.496094
vt 0.011719 0.405273
vt 0.554688 0.579102
vt 0.503906 0.818359
vt 0.470703 0.897461
vt 0.013672 0.405273
vt 0.503906 0.816406
vt 0.554688 0.900391
vt 0.013672 0.408203
vt 0.583984 0.496094
vt 0.470703 0.582031
vt 0.015625 0.408203
vt 0.583984 0.498047
vt 0.554688 0.897461
vt 0.013672 0.405273
vt 0.587891 0.816406
vt 0.470703 0.579102
vt 0.015625 0.405273
vt 0.587891 0.818359
vt 0.386719 0.412109
vt 0.531250 0.929688
vt 0.496094 0.794922
vt 0.441406 0.644531
vt 0.388672 0.412109
vt 0.496094 0.792969
vt 0.386719 0.407227
vt 0.531250 0.924805
vt 0.496094 0.792969
vt 0.441406 0.639648
vt 0.388672 0.407227
vt 0.496094 0.791016
vt 0.525391 0.644531
vt 0.388672 0.412109
vt 0.580078 0.792969
vt 0.447266 0.929688
vt 0.390625 0.412109
vt 0.580078 0.794922
vt 0.525391 0.639648
vt 0.388672 0.407227
vt 0.580078 0.791016
vt 0.447266 0.924805
vt 0.390625 0.407227
vt 0.580078 0.792969
vt 0.302734 0.945312
vt 0.568359 0.742188
vt 0.263672 0.910156
vt 0.470703 0.578125
vt 0.326172 0.945312
vt 0.263672 0.886719
vt 0.302734 0.943359
vt 0.568359 0.740234
vt 0.267578 0.886719
vt 0.470703 0.576172
vt 0.326172 0.943359
vt 0.267578 0.863281
vt 0.554688 0.578125
vt 0.441406 0.923828
vt 0.347656 0.886719
vt 0.484375 0.742188
vt 0.464844 0.923828
vt 0.347656 0.910156
vt 0.554688 0.576172
vt 0.441406 0.921875
vt 0.351562 0.863281
vt 0.484375 0.740234
vt 0.464844 0.921875
vt 0.351562 0.886719
vt 0.185547 0.580078
vt 0.478516 0.876953
vt 0.490234 0.855469
vt 0.369141 0.740234
vt 0.187500 0.580078
vt 0.490234 0.853516
vt 0.185547 0.572266
vt 0.478516 0.869141
vt 0.496094 0.796875
vt 0.369141 0.732422
vt 0.187500 0.572266
vt 0.496094 0.794922
vt 0.453125 0.740234
vt 0.103516 0.566406
vt 0.574219 0.853516
vt 0.394531 0.876953
vt 0.105469 0.566406
vt 0.574219 0.855469
vt 0.453125 0.732422
vt 0.103516 0.558594
vt 0.580078 0.794922
vt 0.394531 0.869141
vt 0.105469 0.558594
vt 0.580078 0.796875
vt 0.248047 0.416016
vt 0.015625 0.421875
vt 0.576172 0.478516
vt 0.496094 0.423828
vt 0.250000 0.416016
vt 0.576172 0.476562
vt 0.248047 0.406250
vt 0.015625 0.412109
vt 0.578125 0.822266
vt 0.496094 0.414062
vt 0.250000 0.406250
vt 0.578125 0.820312
vt 0.500000 0.423828
vt 0.265625 0.416016
vt 0.580078 0.476562
vt 0.011719 0.421875
vt 0.267578 0.416016
vt 0.580078 0.478516
vt 0.500000 0.414062
vt 0.265625 0.406250
vt 0.582031 0.820312
vt 0.011719 0.412109
vt 0.267578 0.406250
vt 0.582031 0.822266
vt 0.580078 0.447266
vt 0.073242 0.408203
vt 0.552734 0.410156
vt 0.070312 0.408203
vt 0.585938 0.447266
vt 0.552734 0.404297
vt 0.580078 0.443359
vt 0.073242 0.404297
vt 0.589844 0.443359
vt 0.070312 0.404297
vt 0.585938 0.443359
vt 0.589844 0.437500
vt 0.071289 0.408203
vt 0.582031 0.923828
vt 0.553711 0.404297
vt 0.072266 0.408203
vt 0.587891 0.923828
vt 0.553711 0.410156
vt 0.071289 0.404297
vt 0.582031 0.919922
vt 0.590820 0.437500
vt 0.072266 0.404297
vt 0.587891 0.919922
vt 0.590820 0.443359
vt 0.544922 0.853516
vt 0.492188 0.412109
vt 0.367188 0.429688
vt 0.482422 0.412109
vt 0.568359 0.853516
vt 0.367188 0.406250
vt 0.544922 0.849609
vt 0.492188 0.408203
vt 0.369141 0.429688
vt 0.482422 0.408203
vt 0.568359 0.849609
vt 0.369141 0.406250
vt 0.484375 0.412109
vt 0.544922 0.800781
vt 0.369141 0.406250
vt 0.490234 0.412109
vt 0.568359 0.800781
vt 0.369141 0.429688
vt 0.484375 0.408203
vt 0.544922 0.796875
vt 0.371094 0.406250
vt 0.490234 0.408203
vt 0.568359 0.796875
vt 0.371094 0.429688
vt 0.533203 0.957031
vt 0.543945 0.410156
vt 0.589844 0.455078
vt 0.541016 0.410156
vt 0.539062 0.957031
vt 0.589844 0.449219
vt 0.533203 0.951172
vt 0.543945 0.404297
vt 0.550781 0.410156
vt 0.541016 0.404297
vt 0.539062 0.951172
vt 0.550781 0.404297
vt 0.541992 0.410156
vt 0.062500 0.462891
vt 0.590820 0.449219
vt 0.542969 0.410156
vt 0.068359 0.462891
vt 0.590820 0.455078
vt 0.541992 0.404297
vt 0.062500 0.457031
vt 0.551758 0.404297
vt 0.542969 0.404297
vt 0.068359 0.457031
vt 0.551758 0.410156
vt 0.191406 0.429688
vt 0.375000 0.414062
vt 0.587891 0.794922
vt 0.345703 0.414062
vt 0.197266 0.429688
vt 0.587891 0.789062
vt 0.191406 0.420898
vt 0.375000 0.405273
vt 0.210938 0.412109
vt 0.345703 0.405273
vt 0.197266 0.420898
vt 0.210938 0.406250
vt 0.347656 0.414062
vt 0.197266 0.429688
vt 0.589844 0.789062
vt 0.373047 0.414062
vt 0.203125 0.429688
vt 0.589844 0.794922
vt 0.347656 0.405273
vt 0.197266 0.420898
vt 0.212891 0.406250
vt 0.373047 0.405273
vt 0.203125 0.420898
vt 0.212891 0.412109
vt 0.121094 0.470703
vt 0.392578 0.785156
vt 0.392578 0.791016
vt 0.287109 0.732422
vt 0.129883 0.470703
vt 0.392578 0.782227
vt 0.121094 0.458008
vt 0.392578 0.772461
vt 0.392578 0.781250
vt 0.287109 0.719727
vt 0.129883 0.458008
vt 0.392578 0.772461
vt 0.365234 0.732422
vt 0.171875 0.470703
vt 0.470703 0.782227
vt 0.314453 0.785156
vt 0.180664 0.470703
vt 0.470703 0.791016
vt 0.365234 0.719727
vt 0.171875 0.458008
vt 0.470703 0.772461
vt 0.314453 0.772461
vt 0.180664 0.458008
vt 0.470703 0.781250
vt 0.490234 0.429688
vt 0.584961 0.566406
vt 0.316406 0.429688
vt 0.580078 0.583984
vt 0.500000 0.429688
vt 0.316406 0.419922
vt 0.490234 0.424805
vt 0.584961 0.561523
vt 0.355469 0.429688
vt 0.580078 0.579102
vt 0.500000 0.424805
vt 0.355469 0.419922
vt 0.584961 0.583984
vt 0.570312 0.509766
vt 0.321289 0.419922
vt 0.580078 0.566406
vt 0.580078 0.509766
vt 0.321289 0.429688
vt 0.584961 0.579102
vt 0.570312 0.504883
vt 0.360352 0.419922
vt 0.580078 0.561523
vt 0.580078 0.504883
vt 0.360352 0.429688
vt 0.470703 0.906250
vt 0.196289 0.419922
vt 0.355469 0.525391
vt 0.580078 0.810547
vt 0.516602 0.906250
vt 0.355469 0.479492
vt 0.470703 0.900391
vt 0.196289 0.414062
vt 0.458984 0.525391
vt 0.580078 0.804688
vt 0.516602 0.900391
vt 0.458984 0.479492
vt 0.584961 0.810547
vt 0.121094 0.529297
vt 0.360352 0.479492
vt 0.191406 0.419922
vt 0.166992 0.529297
vt 0.360352 0.525391
vt 0.584961 0.804688
vt 0.121094 0.523438
vt 0.463867 0.479492
vt 0.191406 0.414062
vt 0.166992 0.523438
vt 0.463867 0.525391
vt 0.437500 0.617188
vt 0.466797 0.847656
vt 0.189453 0.886719
vt 0.000000 0.611328
vt 0.484375 0.617188
vt 0.189453 0.839844
vt 0.437500 0.607422
vt 0.466797 0.837891
vt 0.109375 0.751953
vt 0.000000 0.601562
vt 0.484375 0.607422
vt 0.109375 0.705078
vt 0.078125 0.611328
vt 0.404297 0.560547
vt 0.267578 0.839844
vt 0.388672 0.847656
vt 0.451172 0.560547
vt 0.267578 0.886719
vt 0.078125 0.601562
vt 0.404297 0.550781
vt 0.187500 0.705078
vt 0.388672 0.837891
vt 0.451172 0.550781
vt 0.187500 0.751953
vt 0.244141 0.574219
vt 0.152344 0.666016
vt 0.000000 0.601562
vt 0.328125 0.939453
vt 0.251953 0.574219
vt 0.000000 0.593750
vt 0.244141 0.557617
vt 0.152344 0.649414
vt 0.398438 0.720703
vt 0.328125 0.922852
vt 0.251953 0.557617
vt 0.398438 0.712891
vt 0.406250 0.939453
vt 0.369141 0.478516
vt 0.078125 0.593750
vt 0.074219 0.666016
vt 0.376953 0.478516
vt 0.078125 0.601562
vt 0.406250 0.922852
vt 0.369141 0.461914
vt 0.476562 0.712891
vt 0.074219 0.649414
vt 0.376953 0.461914
vt 0.476562 0.720703
vt 0.218750 0.574219
vt 0.470703 0.470703
vt 0.179688 0.646484
vt 0.458984 0.470703
vt 0.243164 0.574219
vt 0.179688 0.622070
vt 0.218750 0.555664
vt 0.470703 0.452148
vt 0.261719 0.484375
vt 0.458984 0.452148
vt 0.243164 0.555664
vt 0.261719 0.459961
vt 0.464844 0.470703
vt 0.000000 0.560547
vt 0.185547 0.622070
vt 0.464844 0.470703
vt 0.024414 0.560547
vt 0.185547 0.646484
vt 0.464844 0.452148
vt 0.000000 0.541992
vt 0.267578 0.459961
vt 0.464844 0.452148
vt 0.024414 0.541992
vt 0.267578 0.484375
vt 0.421875 0.810547
vt 0.521484 0.449219
vt 0.160156 0.523438
vt 0.105469 0.587891
vt 0.457031 0.810547
vt 0.160156 0.488281
vt 0.421875 0.796875
vt 0.521484 0.435547
vt 0.166016 0.523438
vt 0.105469 0.574219
vt 0.457031 0.796875
vt 0.166016 0.488281
vt 0.111328 0.587891
vt 0.369141 0.576172
vt 0.166016 0.488281
vt 0.515625 0.449219
vt 0.404297 0.576172
vt 0.166016 0.523438
vt 0.111328 0.574219
vt 0.369141 0.565430
vt 0.171875 0.488281
vt 0.515625 0.435547
vt 0.404297 0.565430
vt 0.171875 0.523438
vt 0.533203 0.640625
vt 0.359375 0.412109
vt 0.265625 0.677734
vt 0.355469 0.412109
vt 0.552734 0.640625
vt 0.265625 0.658203
vt 0.533203 0.635742
vt 0.359375 0.407227
vt 0.019531 0.423828
vt 0.355469 0.407227
vt 0.552734 0.635742
vt 0.019531 0.404297
vt 0.357422 0.412109
vt 0.535156 0.943359
vt 0.267578 0.658203
vt 0.357422 0.412109
vt 0.554688 0.943359
vt 0.267578 0.677734
vt 0.357422 0.407227
vt 0.535156 0.938477
vt 0.021484 0.404297
vt 0.357422 0.407227
vt 0.554688 0.938477
vt 0.021484 0.423828
vt 0.494141 0.957031
vt 0.507812 0.421875
vt 0.148438 0.685547
vt 0.578125 0.701172
vt 0.513672 0.957031
vt 0.148438 0.666016
vt 0.494141 0.948242
vt 0.507812 0.413086
vt 0.085938 0.447266
vt 0.578125 0.692383
vt 0.513672 0.948242
vt 0.085938 0.427734
vt 0.582031 0.701172
vt 0.480469 0.505859
vt 0.152344 0.666016
vt 0.503906 0.421875
vt 0.500000 0.505859
vt 0.152344 0.685547
vt 0.582031 0.692383
vt 0.480469 0.497070
vt 0.089844 0.427734
vt 0.503906 0.413086
vt 0.500000 0.497070
vt 0.089844 0.447266
vt 0.533203 0.732422
vt 0.532227 0.675781
vt 0.287109 0.751953
vt 0.320312 0.548828
vt 0.552734 0.732422
vt 0.287109 0.732422
vt 0.533203 0.727539
vt 0.532227 0.670898
vt 0.087891 0.705078
vt 0.320312 0.543945
vt 0.552734 0.727539
vt 0.087891 0.685547
vt 0.401367 0.548828
vt 0.533203 0.675781
vt 0.368164 0.732422
vt 0.451172 0.675781
vt 0.552734 0.675781
vt 0.368164 0.751953
vt 0.401367 0.543945
vt 0.533203 0.670898
vt 0.168945 0.685547
vt 0.451172 0.670898
vt 0.552734 0.670898
vt 0.168945 0.705078
vt 0.277344 0.658203
vt 0.367188 0.447266
vt 0.509766 0.443359
vt 0.552734 0.777344
vt 0.308594 0.658203
vt 0.509766 0.412109
vt 0.277344 0.654297
vt 0.367188 0.443359
vt 0.027344 0.441406
vt 0.552734 0.773438
vt 0.308594 0.654297
vt 0.027344 0.410156
vt 0.554688 0.777344
vt 0.525391 0.501953
vt 0.511719 0.412109
vt 0.365234 0.447266
vt 0.556641 0.501953
vt 0.511719 0.443359
vt 0.554688 0.773438
vt 0.525391 0.498047
vt 0.029297 0.410156
vt 0.365234 0.443359
vt 0.556641 0.498047
vt 0.029297 0.441406
vt 0.191406 0.439453
vt 0.523438 0.417969
vt 0.382812 0.478516
vt 0.453125 0.417969
vt 0.197266 0.439453
vt 0.382812 0.472656
vt 0.191406 0.429688
vt 0.523438 0.408203
vt 0.394531 0.472656
vt 0.453125 0.408203
vt 0.197266 0.429688
vt 0.394531 0.466797
vt 0.455078 0.417969
vt 0.197266 0.439453
vt 0.384766 0.472656
vt 0.521484 0.417969
vt 0.203125 0.439453
vt 0.384766 0.478516
vt 0.455078 0.408203
vt 0.197266 0.429688
vt 0.396484 0.466797
vt 0.521484 0.408203
vt 0.203125 0.429688
vt 0.396484 0.472656
vt 0.179688 0.560547
vt 0.527344 0.427734
vt 0.458984 0.527344
vt 0.111328 0.525391
vt 0.181641 0.560547
vt 0.458984 0.525391
vt 0.179688 0.549805
vt 0.527344 0.416992
vt 0.046875 0.525391
vt 0.111328 0.514648
vt 0.181641 0.549805
vt 0.046875 0.523438
vt 0.115234 0.525391
vt 0.367188 0.560547
vt 0.462891 0.525391
vt 0.523438 0.427734
vt 0.369141 0.560547
vt 0.462891 0.527344
vt 0.115234 0.514648
vt 0.367188 0.549805
vt 0.050781 0.523438
vt 0.523438 0.416992
vt 0.369141 0.549805
vt 0.050781 0.525391
vt 0.460938 0.699219
vt 0.584961 0.890625
vt 0.175781 0.705078
vt 0.580078 0.990234
vt 0.518555 0.699219
vt 0.175781 0.647461
vt 0.460938 0.693359
vt 0.584961 0.884766
vt 0.181641 0.705078
vt 0.580078 0.984375
vt 0.518555 0.693359
vt 0.181641 0.647461
vt 0.584961 0.990234
vt 0.306641 0.539062
vt 0.180664 0.647461
vt 0.580078 0.890625
vt 0.364258 0.539062
vt 0.180664 0.705078
vt 0.584961 0.984375
vt 0.306641 0.533203
vt 0.186523 0.647461
vt 0.580078 0.884766
vt 0.364258 0.533203
vt 0.186523 0.705078
vt 0.011719 0.458984
vt 0.441406 0.429688
vt 0.181641 0.470703
vt 0.414062 0.429688
vt 0.015625 0.458984
vt 0.181641 0.466797
vt 0.011719 0.436523
vt 0.441406 0.407227
vt 0.539062 0.486328
vt 0.414062 0.407227
vt 0.015625 0.436523
vt 0.539062 0.482422
vt 0.416016 0.429688
vt 0.261719 0.458984
vt 0.183594 0.466797
vt 0.439453 0.429688
vt 0.265625 0.458984
vt 0.183594 0.470703
vt 0.416016 0.407227
vt 0.261719 0.436523
vt 0.541016 0.482422
vt 0.439453 0.407227
vt 0.265625 0.436523
vt 0.541016 0.486328
vt 0.267578 0.843750
vt 0.132812 0.470703
vt 0.306641 0.470703
vt 0.505859 0.609375
vt 0.315430 0.843750
vt 0.306641 0.422852
vt 0.267578 0.839844
vt 0.132812 0.466797
vt 0.136719 0.466797
vt 0.505859 0.605469
vt 0.315430 0.839844
vt 0.136719 0.418945
vt 0.507812 0.609375
vt 0.478516 0.873047
vt 0.308594 0.422852
vt 0.130859 0.470703
vt 0.526367 0.873047
vt 0.308594 0.470703
vt 0.507812 0.605469
vt 0.478516 0.869141
vt 0.138672 0.418945
vt 0.130859 0.466797
vt 0.526367 0.869141
vt 0.138672 0.466797
vt 0.505859 0.601562
vt 0.531250 0.884766
vt 0.185547 0.646484
vt 0.382812 0.494141
vt 0.572266 0.601562
vt 0.185547 0.580078
vt 0.505859 0.599609
vt 0.531250 0.882812
vt 0.019531 0.490234
vt 0.382812 0.492188
vt 0.572266 0.599609
vt 0.019531 0.423828
vt 0.384766 0.494141
vt 0.509766 0.861328
vt 0.187500 0.580078
vt 0.529297 0.884766
vt 0.576172 0.861328
vt 0.187500 0.646484
vt 0.384766 0.492188
vt 0.509766 0.859375
vt 0.021484 0.423828
vt 0.529297 0.882812
vt 0.576172 0.859375
vt 0.021484 0.490234
vt 0.568359 0.443359
vt 0.584961 0.761719
vt 0.238281 0.429688
vt 0.580078 0.773438
vt 0.578125 0.443359
vt 0.238281 0.419922
vt 0.568359 0.438477
vt 0.584961 0.756836
vt 0.275391 0.429688
vt 0.580078 0.768555
vt 0.578125 0.438477
vt 0.275391 0.419922
vt 0.584961 0.773438
vt 0.570312 0.990234
vt 0.243164 0.419922
vt 0.580078 0.761719
vt 0.580078 0.990234
vt 0.243164 0.429688
vt 0.584961 0.768555
vt 0.570312 0.985352
vt 0.280273 0.419922
vt 0.580078 0.756836
vt 0.580078 0.985352
vt 0.280273 0.429688
vt 0.468750 0.544922
vt 0.583008 0.460938
vt 0.332031 0.525391
vt 0.578125 0.486328
vt 0.514648 0.544922
vt 0.332031 0.479492
vt 0.468750 0.539062
vt 0.583008 0.455078
vt 0.337891 0.525391
vt 0.578125 0.480469
vt 0.514648 0.539062
vt 0.337891 0.479492
vt 0.583008 0.486328
vt 0.468750 0.539062
vt 0.336914 0.479492
vt 0.578125 0.460938
vt 0.514648 0.539062
vt 0.336914 0.525391
vt 0.583008 0.480469
vt 0.468750 0.533203
vt 0.342773 0.479492
vt 0.578125 0.455078
vt 0.514648 0.533203
vt 0.342773 0.525391
vt 0.578125 0.640625
vt 0.509766 0.410156
vt 0.267578 0.417969
vt 0.505859 0.410156
vt 0.587891 0.640625
vt 0.267578 0.408203
vt 0.578125 0.637695
vt 0.509766 0.407227
vt 0.273438 0.417969
vt 0.505859 0.407227
vt 0.587891 0.637695
vt 0.273438 0.408203
vt 0.507812 0.410156
vt 0.578125 0.578125
vt 0.269531 0.408203
vt 0.507812 0.410156
vt 0.587891 0.578125
vt 0.269531 0.417969
vt 0.507812 0.407227
vt 0.578125 0.575195
vt 0.275391 0.408203
vt 0.507812 0.407227
vt 0.587891 0.575195
vt 0.275391 0.417969
vt 0.111328 0.611328
vt 0.583984 0.781250
vt 0.207031 0.423828
vt 0.152344 0.419922
vt 0.121094 0.611328
vt 0.207031 0.414062
vt 0.111328 0.604492
vt 0.583984 0.774414
vt 0.234375 0.423828
vt 0.152344 0.413086
vt 0.121094 0.604492
vt 0.234375 0.414062
vt 0.156250 0.419922
vt 0.300781 0.500000
vt 0.210938 0.414062
vt 0.580078 0.781250
vt 0.310547 0.500000
vt 0.210938 0.423828
vt 0.156250 0.413086
vt 0.300781 0.493164
vt 0.238281 0.414062
vt 0.580078 0.774414
vt 0.310547 0.493164
vt 0.238281 0.423828
vt 0.033203 0.578125
vt 0.493164 0.410156
vt 0.494141 0.410156
vt 0.488281 0.410156
vt 0.039062 0.578125
vt 0.494141 0.404297
vt 0.033203 0.572266
vt 0.493164 0.404297
vt 0.503906 0.410156
vt 0.488281 0.404297
vt 0.039062 0.572266
vt 0.503906 0.404297
vt 0.489258 0.410156
vt 0.320312 0.554688
vt 0.495117 0.404297
vt 0.492188 0.410156
vt 0.326172 0.554688
vt 0.495117 0.410156
vt 0.489258 0.404297
vt 0.320312 0.548828
vt 0.504883 0.404297
vt 0.492188 0.404297
vt 0.326172 0.548828
vt 0.504883 0.410156
vt 0.000000 0.429688
vt 0.236328 0.414062
vt 0.269531 0.531250
vt 0.208984 0.414062
vt 0.005859 0.429688
vt 0.269531 0.525391
vt 0.000000 0.420898
vt 0.236328 0.405273
vt 0.330078 0.484375
vt 0.208984 0.405273
vt 0.005859 0.420898
vt 0.330078 0.478516
vt 0.210938 0.414062
vt 0.570312 1.000000
vt 0.271484 0.525391
vt 0.234375 0.414062
vt 0.576172 1.000000
vt 0.271484 0.531250
vt 0.210938 0.405273
vt 0.570312 0.991211
vt 0.332031 0.478516
vt 0.234375 0.405273
vt 0.576172 0.991211
vt 0.332031 0.484375
vt 0.335938 0.611328
vt 0.283203 0.546875
vt 0.486328 0.431641
vt 0.386719 0.847656
vt 0.359375 0.611328
vt 0.486328 0.408203
vt 0.335938 0.607422
vt 0.283203 0.542969
vt 0.037109 0.429688
vt 0.386719 0.843750
vt 0.359375 0.607422
vt 0.037109 0.406250
vt 0.388672 0.847656
vt 0.537109 0.859375
vt 0.488281 0.408203
vt 0.281250 0.546875
vt 0.560547 0.859375
vt 0.488281 0.431641
vt 0.388672 0.843750
vt 0.537109 0.855469
vt 0.039062 0.406250
vt 0.281250 0.542969
vt 0.560547 0.855469
vt 0.039062 0.429688
vt 0.445312 0.564453
vt 0.592773 0.935547
vt 0.466797 0.410156
vt 0.064453 0.408203
vt 0.451172 0.564453
vt 0.466797 0.404297
vt 0.445312 0.560547
vt 0.592773 0.931641
vt 0.468750 0.410156
vt 0.064453 0.404297
vt 0.451172 0.560547
vt 0.468750 0.404297
vt 0.065430 0.408203
vt 0.580078 0.859375
vt 0.467773 0.404297
vt 0.591797 0.935547
vt 0.585938 0.859375
vt 0.467773 0.410156
vt 0.065430 0.404297
vt 0.580078 0.855469
vt 0.469727 0.404297
vt 0.591797 0.931641
vt 0.585938 0.855469
vt 0.469727 0.410156
vt 0.173828 0.417969
vt 0.042969 0.423828
vt 0.462891 0.849609
vt 0.476562 0.425781
vt 0.175781 0.417969
vt 0.462891 0.847656
vt 0.173828 0.408203
vt 0.042969 0.414062
vt 0.464844 0.923828
vt 0.476562 0.416016
vt 0.175781 0.408203
vt 0.464844 0.921875
vt 0.480469 0.425781
vt 0.222656 0.417969
vt 0.466797 0.847656
vt 0.039062 0.423828
vt 0.224609 0.417969
vt 0.466797 0.849609
vt 0.480469 0.416016
vt 0.222656 0.408203
vt 0.468750 0.921875
vt 0.039062 0.414062
vt 0.224609 0.408203
vt 0.468750 0.923828
vt 0.130859 0.421875
vt 0.380859 0.439453
vt 0.582031 0.824219
vt 0.355469 0.439453
vt 0.134766 0.421875
vt 0.582031 0.820312
vt 0.130859 0.412109
vt 0.380859 0.429688
vt 0.582031 0.695312
vt 0.355469 0.429688
vt 0.134766 0.412109
vt 0.582031 0.691406
vt 0.361328 0.439453
vt 0.138672 0.421875
vt 0.587891 0.820312
vt 0.375000 0.439453
vt 0.142578 0.421875
vt 0.587891 0.824219
vt 0.361328 0.429688
vt 0.138672 0.412109
vt 0.587891 0.691406
vt 0.375000 0.429688
vt 0.142578 0.412109
vt 0.587891 0.695312
vt 0.068359 0.419922
vt 0.544922 0.564453
vt 0.136719 0.648438
vt 0.039062 0.732422
vt 0.073242 0.419922
vt 0.136719 0.643555
vt 0.068359 0.413086
vt 0.544922 0.557617
vt 0.552734 0.906250
vt 0.039062 0.725586
vt 0.073242 0.413086
vt 0.552734 0.901367
vt 0.054688 0.732422
vt 0.078125 0.419922
vt 0.152344 0.643555
vt 0.529297 0.564453
vt 0.083008 0.419922
vt 0.152344 0.648438
vt 0.054688 0.725586
vt 0.078125 0.413086
vt 0.568359 0.901367
vt 0.529297 0.557617
vt 0.083008 0.413086
vt 0.568359 0.906250
vt 0.585938 0.470703
vt 0.591797 0.701172
vt 0.582031 0.755859
vt 0.587891 0.712891
vt 0.591797 0.470703
vt 0.582031 0.750000
vt 0.585938 0.467773
vt 0.591797 0.698242
vt 0.582031 0.701172
vt 0.587891 0.709961
vt 0.591797 0.467773
vt 0.582031 0.695312
vt 0.591797 0.712891
vt 0.585938 0.447266
vt 0.585938 0.750000
vt 0.587891 0.701172
vt 0.591797 0.447266
vt 0.585938 0.755859
vt 0.591797 0.709961
vt 0.585938 0.444336
vt 0.585938 0.695312
vt 0.587891 0.698242
vt 0.591797 0.444336
vt 0.585938 0.701172
vt 0.550781 0.455078
vt 0.234375 0.437500
vt 0.589844 0.490234
vt 0.230469 0.437500
vt 0.553711 0.455078
vt 0.589844 0.487305
vt 0.550781 0.427734
vt 0.234375 0.410156
vt 0.533203 0.410156
vt 0.230469 0.410156
vt 0.553711 0.427734
vt 0.533203 0.407227
vt 0.232422 0.437500
vt 0.062500 0.447266
vt 0.591797 0.487305
vt 0.232422 0.437500
vt 0.065430 0.447266
vt 0.591797 0.490234
vt 0.232422 0.410156
vt 0.062500 0.419922
vt 0.535156 0.407227
vt 0.232422 0.410156
vt 0.065430 0.419922
vt 0.535156 0.410156
vt 0.078125 0.447266
vt 0.304688 0.435547
vt 0.591797 0.982422
vt 0.488281 0.437500
vt 0.081055 0.447266
vt 0.591797 0.979492
vt 0.078125 0.419922
vt 0.304688 0.408203
vt 0.021484 0.408203
vt 0.488281 0.410156
vt 0.081055 0.419922
vt 0.021484 0.405273
vt 0.490234 0.437500
vt 0.082031 0.447266
vt 0.593750 0.979492
vt 0.302734 0.435547
vt 0.084961 0.447266
vt 0.593750 0.982422
vt 0.490234 0.410156
vt 0.082031 0.419922
vt 0.023438 0.405273
vt 0.302734 0.408203
vt 0.084961 0.419922
vt 0.023438 0.408203
vt 0.000000 0.664062
vt 0.228516 0.427734
vt 0.455078 0.480469
vt 0.224609 0.427734
vt 0.057617 0.664062
vt 0.455078 0.422852
vt 0.000000 0.641602
vt 0.228516 0.405273
vt 0.308594 0.478516
vt 0.224609 0.405273
vt 0.057617 0.641602
vt 0.308594 0.420898
vt 0.226562 0.427734
vt 0.218750 0.658203
vt 0.457031 0.422852
vt 0.226562 0.427734
vt 0.276367 0.658203
vt 0.457031 0.480469
vt 0.226562 0.405273
vt 0.218750 0.635742
vt 0.310547 0.420898
vt 0.226562 0.405273
vt 0.276367 0.635742
vt 0.310547 0.478516
vt 0.343750 1.000000
vt 0.251953 0.427734
vt 0.150391 0.476562
vt 0.228516 0.427734
vt 0.401367 1.000000
vt 0.150391 0.418945
vt 0.343750 0.977539
vt 0.251953 0.405273
vt 0.392578 0.472656
vt 0.228516 0.405273
vt 0.401367 0.977539
vt 0.392578 0.415039
vt 0.230469 0.427734
vt 0.277344 0.654297
vt 0.152344 0.418945
vt 0.250000 0.427734
vt 0.334961 0.654297
vt 0.152344 0.476562
vt 0.230469 0.405273
vt 0.277344 0.631836
vt 0.394531 0.415039
vt 0.250000 0.405273
vt 0.334961 0.631836
vt 0.394531 0.472656
vt 0.031250 0.412109
vt 0.058594 0.412109
vt 0.062500 0.412109
vt 0.021484 0.412109
vt 0.035156 0.412109
vt 0.062500 0.408203
vt 0.031250 0.408203
vt 0.058594 0.408203
vt 0.587891 0.935547
vt 0.021484 0.408203
vt 0.035156 0.408203
vt 0.587891 0.931641
vt 0.025391 0.412109
vt 0.587891 0.941406
vt 0.066406 0.408203
vt 0.054688 0.412109
vt 0.591797 0.941406
vt 0.066406 0.412109
vt 0.025391 0.408203
vt 0.587891 0.937500
vt 0.591797 0.931641
vt 0.054688 0.408203
vt 0.591797 0.937500
vt 0.591797 0.935547
vt 0.304688 0.416016
vt 0.383789 0.519531
vt 0.570312 0.625000
vt 0.228516 0.519531
vt 0.306641 0.416016
vt 0.570312 0.623047
vt 0.304688 0.406250
vt 0.383789 0.509766
vt 0.570312 0.503906
vt 0.228516 0.509766
vt 0.306641 0.406250
vt 0.570312 0.501953
vt 0.250977 0.519531
vt 0.351562 0.416016
vt 0.592773 0.623047
vt 0.361328 0.519531
vt 0.353516 0.416016
vt 0.592773 0.625000
vt 0.250977 0.509766
vt 0.351562 0.406250
vt 0.592773 0.501953
vt 0.361328 0.509766
vt 0.353516 0.406250
vt 0.592773 0.503906
vt 0.079102 0.587891
vt 0.000000 1.000000
vt 0.406250 0.941406
vt 0.000000 1.000000
vt 0.000000 0.985352
vt 0.079102 0.573242
vt 0.000000 1.000000
vt 0.406250 0.926758
vt 0.000000 0.985352
vt 0.000000 1.000000
vt 0.446289 0.941406
vt 0.000000 1.000000
vt 0.040039 1.000000
vt 0.039062 0.587891
vt 0.000000 1.000000
vt 0.040039 1.000000
vt 0.446289 0.926758
vt 0.000000 0.985352
vt 0.040039 1.000000
vt 0.039062 0.573242
vt 0.000000 0.985352
vt 0.040039 1.000000
vt 0.578125 0.927734
vt 0.187500 0.484375
vt 0.214844 0.421875
vt 0.474609 0.880859
vt 0.587891 0.927734
vt 0.214844 0.412109
vt 0.578125 0.923828
vt 0.187500 0.480469
vt 0.218750 0.421875
vt 0.474609 0.876953
vt 0.587891 0.923828
vt 0.218750 0.412109
vt 0.478516 0.880859
vt 0.578125 0.804688
vt 0.218750 0.412109
vt 0.183594 0.484375
vt 0.587891 0.804688
vt 0.218750 0.421875
vt 0.478516 0.876953
vt 0.578125 0.800781
vt 0.222656 0.412109
vt 0.183594 0.480469
vt 0.587891 0.800781
vt 0.222656 0.421875
vt 0.457031 0.806641
vt 0.434570 0.416016
vt 0.181641 0.572266
vt 0.404297 0.416016
vt 0.543945 0.806641
vt 0.181641 0.485352
vt 0.457031 0.802734
vt 0.434570 0.412109
vt 0.050781 0.558594
vt 0.404297 0.412109
vt 0.543945 0.802734
vt 0.050781 0.471680
vt 0.409180 0.416016
vt 0.457031 0.802734
vt 0.186523 0.485352
vt 0.429688 0.416016
vt 0.543945 0.802734
vt 0.186523 0.572266
vt 0.409180 0.412109
vt 0.457031 0.798828
vt 0.055664 0.471680
vt 0.429688 0.412109
vt 0.543945 0.798828
vt 0.055664 0.558594
vt 0.570312 0.462891
vt 0.107422 0.412109
vt 0.587891 0.876953
vt 0.035156 0.412109
vt 0.577148 0.462891
vt 0.587891 0.870117
vt 0.570312 0.456055
vt 0.107422 0.405273
vt 0.130859 0.412109
vt 0.035156 0.405273
vt 0.577148 0.456055
vt 0.130859 0.405273
vt 0.037109 0.412109
vt 0.066406 0.427734
vt 0.589844 0.870117
vt 0.105469 0.412109
vt 0.073242 0.427734
vt 0.589844 0.876953
vt 0.037109 0.405273
vt 0.066406 0.420898
vt 0.132812 0.405273
vt 0.105469 0.405273
vt 0.073242 0.420898
vt 0.132812 0.412109
vt 0.109375 0.425781
vt 0.441406 0.441406
vt 0.582031 0.667969
vt 0.429688 0.441406
vt 0.113281 0.425781
vt 0.582031 0.664062
vt 0.109375 0.415039
vt 0.441406 0.430664
vt 0.582031 0.654297
vt 0.429688 0.430664
vt 0.113281 0.415039
vt 0.582031 0.650391
vt 0.435547 0.441406
vt 0.113281 0.425781
vt 0.587891 0.664062
vt 0.435547 0.441406
vt 0.117188 0.425781
vt 0.587891 0.667969
vt 0.435547 0.430664
vt 0.113281 0.415039
vt 0.587891 0.650391
vt 0.435547 0.430664
vt 0.117188 0.415039
vt 0.587891 0.654297
vt 0.187500 0.531250
vt 0.136719 0.623047
vt 0.140625 0.498047
vt 0.056641 0.626953
vt 0.262695 0.531250
vt 0.140625 0.422852
vt 0.187500 0.527344
vt 0.136719 0.619141
vt 0.017578 0.490234
vt 0.056641 0.623047
vt 0.262695 0.527344
vt 0.017578 0.415039
vt 0.058594 0.626953
vt 0.386719 0.531250
vt 0.142578 0.422852
vt 0.134766 0.623047
vt 0.461914 0.531250
vt 0.142578 0.498047
vt 0.058594 0.623047
vt 0.386719 0.527344
vt 0.019531 0.415039
vt 0.134766 0.619141
vt 0.461914 0.527344
vt 0.019531 0.490234
vt 0.455078 0.421875
vt 0.489258 0.869141
vt 0.574219 0.683594
vt 0.365234 0.542969
vt 0.457031 0.421875
vt 0.574219 0.681641
vt 0.455078 0.407227
vt 0.489258 0.854492
vt 0.574219 0.646484
vt 0.365234 0.528320
vt 0.457031 0.407227
vt 0.574219 0.644531
vt 0.385742 0.542969
vt 0.531250 0.421875
vt 0.594727 0.681641
vt 0.468750 0.869141
vt 0.533203 0.421875
vt 0.594727 0.683594
vt 0.385742 0.528320
vt 0.531250 0.407227
vt 0.594727 0.644531
vt 0.468750 0.854492
vt 0.533203 0.407227
vt 0.594727 0.646484
vt 0.585938 0.876953
vt 0.568359 0.685547
vt 0.391602 0.607422
vt 0.590820 0.734375
vt 0.554688 0.876953
vt 0.391602 0.576172
vt 0.585938 0.875000
vt 0.568359 0.683594
vt 0.415039 0.607422
vt 0.590820 0.732422
vt 0.554688 0.875000
vt 0.415039 0.576172
vt 0.568359 0.734375
vt 0.382812 0.699219
vt 0.369141 0.576172
vt 0.590820 0.685547
vt 0.351562 0.699219
vt 0.369141 0.607422
vt 0.568359 0.732422
vt 0.382812 0.697266
vt 0.392578 0.576172
vt 0.590820 0.683594
vt 0.351562 0.697266
vt 0.392578 0.607422
vt 0.498047 0.414062
vt 0.480469 0.515625
vt 0.590820 0.820312
vt 0.506836 0.619141
vt 0.496094 0.414062
vt 0.590820 0.818359
vt 0.498047 0.405273
vt 0.480469 0.506836
vt 0.590820 0.742188
vt 0.506836 0.610352
vt 0.496094 0.405273
vt 0.590820 0.740234
vt 0.484375 0.619141
vt 0.394531 0.414062
vt 0.568359 0.818359
vt 0.502930 0.515625
vt 0.392578 0.414062
vt 0.568359 0.820312
vt 0.484375 0.610352
vt 0.394531 0.405273
vt 0.568359 0.740234
vt 0.502930 0.506836
vt 0.392578 0.405273
vt 0.568359 0.742188
vt 0.353516 0.416016
vt 0.361328 0.519531
vt 0.592773 0.625000
vt 0.250977 0.519531
vt 0.351562 0.416016
vt 0.592773 0.623047
vt 0.353516 0.406250
vt 0.361328 0.509766
vt 0.592773 0.503906
vt 0.250977 0.509766
vt 0.351562 0.406250
vt 0.592773 0.501953
vt 0.228516 0.519531
vt 0.306641 0.416016
vt 0.570312 0.623047
vt 0.383789 0.519531
vt 0.304688 0.416016
vt 0.570312 0.625000
vt 0.228516 0.509766
vt 0.306641 0.406250
vt 0.570312 0.501953
vt 0.383789 0.509766
vt 0.304688 0.406250
vt 0.570312 0.503906
vt 0.527344 0.873047
vt 0.582031 0.794922
vt 0.029297 0.441406
vt 0.566406 0.599609
vt 0.558594 0.873047
vt 0.029297 0.410156
vt 0.527344 0.869141
vt 0.582031 0.791016
vt 0.416016 0.441406
vt 0.566406 0.595703
vt 0.558594 0.869141
vt 0.416016 0.410156
vt 0.568359 0.599609
vt 0.527344 0.623047
vt 0.031250 0.410156
vt 0.580078 0.794922
vt 0.558594 0.623047
vt 0.031250 0.441406
vt 0.568359 0.595703
vt 0.527344 0.619141
vt 0.417969 0.410156
vt 0.580078 0.791016
vt 0.558594 0.619141
vt 0.417969 0.441406
vt 0.404297 0.576172
vt 0.515625 0.449219
vt 0.166016 0.523438
vt 0.111328 0.587891
vt 0.369141 0.576172
vt 0.166016 0.488281
vt 0.404297 0.565430
vt 0.515625 0.435547
vt 0.171875 0.523438
vt 0.111328 0.574219
vt 0.369141 0.565430
vt 0.171875 0.488281
vt 0.105469 0.587891
vt 0.457031 0.810547
vt 0.160156 0.488281
vt 0.521484 0.449219
vt 0.421875 0.810547
vt 0.160156 0.523438
vt 0.105469 0.574219
vt 0.457031 0.796875
vt 0.166016 0.488281
vt 0.521484 0.435547
vt 0.421875 0.796875
vt 0.166016 0.523438
vt 0.591797 0.941406
vt 0.054688 0.412109
vt 0.066406 0.412109
vt 0.025391 0.412109
vt 0.587891 0.941406
vt 0.066406 0.408203
vt 0.591797 0.937500
vt 0.054688 0.408203
vt 0.591797 0.935547
vt 0.025391 0.408203
vt 0.587891 0.937500
vt 0.591797 0.931641
vt 0.021484 0.412109
vt 0.035156 0.412109
vt 0.062500 0.408203
vt 0.058594 0.412109
vt 0.031250 0.412109
vt 0.062500 0.412109
vt 0.021484 0.408203
vt 0.035156 0.408203
vt 0.587891 0.931641
vt 0.058594 0.408203
vt 0.031250 0.408203
vt 0.587891 0.935547
vt 0.568359 0.419922
vt 0.572266 0.419922
vt 0.589844 0.521484
vt 0.566406 0.419922
vt 0.570312 0.419922
vt 0.589844 0.519531
vt 0.568359 0.407227
vt 0.572266 0.407227
vt 0.589844 0.449219
vt 0.566406 0.407227
vt 0.570312 0.407227
vt 0.589844 0.447266
vt 0.568359 0.419922
vt 0.058594 0.417969
vt 0.591797 0.519531
vt 0.570312 0.419922
vt 0.060547 0.417969
vt 0.591797 0.521484
vt 0.568359 0.407227
vt 0.058594 0.405273
vt 0.591797 0.447266
vt 0.570312 0.407227
vt 0.060547 0.405273
vt 0.591797 0.449219
vt 0.587891 0.695312
vt 0.446289 0.412109
vt 0.324219 0.412109
vt 0.587891 0.560547
vt 0.591797 0.695312
vt 0.324219 0.408203
vt 0.587891 0.692383
vt 0.446289 0.409180
vt 0.587891 0.675781
vt 0.587891 0.557617
vt 0.591797 0.692383
vt 0.587891 0.671875
vt 0.590820 0.560547
vt 0.314453 0.412109
vt 0.327148 0.408203
vt 0.443359 0.412109
vt 0.318359 0.412109
vt 0.327148 0.412109
vt 0.590820 0.557617
vt 0.314453 0.409180
vt 0.590820 0.671875
vt 0.443359 0.409180
vt 0.318359 0.409180
vt 0.590820 0.675781
s 1
usemtl Сковородка.png
f 100/298/39 103/307/39 101/301/39 98/292/39
f 99/295/40 100/299/40 98/293/40 97/289/40
f 104/310/41 99/296/41 97/290/41 102/304/41
f 103/308/42 104/311/42 102/305/42 101/302/42
f 102/306/43 97/291/43 98/294/43 101/303/43
f 103/309/44 100/300/44 99/297/44 104/312/44
f 108/322/39 111/331/39 109/325/39 106/316/39
f 107/319/45 108/323/45 106/317/45 105/313/45
f 112/334/41 107/320/41 105/314/41 110/328/41
f 111/332/46 112/335/46 110/329/46 109/326/46
f 110/330/47 105/315/47 106/318/47 109/327/47
f 111/333/48 108/324/48 107/321/48 112/336/48
f 116/346/39 119/355/39 117/349/39 114/340/39
f 115/343/49 116/347/49 114/341/49 113/337/49
f 120/358/41 115/344/41 113/338/41 118/352/41
f 119/356/50 120/359/50 118/353/50 117/350/50
f 118/354/51 113/339/51 114/342/51 117/351/51
f 119/357/52 116/348/52 115/345/52 120/360/52
f 124/370/39 127/379/39 125/373/39 122/364/39
f 123/367/49 124/371/49 122/365/49 121/361/49
f 128/382/41 123/368/41 121/362/41 126/376/41
f 127/380/50 128/383/50 126/377/50 125/374/50
f 126/378/51 121/363/51 122/366/51 125/375/51
f 127/381/52 124/372/52 123/369/52 128/384/52
f 132/394/39 135/403/39 133/397/39 130/388/39
f 131/391/49 132/395/49 130/389/49 129/385/49
f 136/406/41 131/392/41 129/386/41 134/400/41
f 135/404/50 136/407/50 134/401/50 133/398/50
f 134/402/51 129/387/51 130/390/51 133/399/51
f 135/405/52 132/396/52 131/393/52 136/408/52
f 140/418/39 143/427/39 141/421/39 138/412/39
f 139/415/53 140/419/53 138/413/53 137/409/53
f 144/430/41 139/416/41 137/410/41 142/424/41
f 143/428/54 144/431/54 142/425/54 141/422/54
f 142/426/55 137/411/55 138/414/55 141/423/55
f 143/429/56 140/420/56 139/417/56 144/432/56
f 148/442/57 151/451/57 149/445/57 146/436/57
f 147/439/58 148/443/58 146/437/58 145/433/58
f 152/454/59 147/440/59 145/434/59 150/448/59
f 151/452/60 152/455/60 150/449/60 149/446/60
f 150/450/51 145/435/51 146/438/51 149/447/51
f 151/453/52 148/444/52 147/441/52 152/456/52
f 156/466/57 159/475/57 157/469/57 154/460/57
f 155/463/58 156/467/58 154/461/58 153/457/58
f 160/478/59 155/464/59 153/458/59 158/472/59
f 159/476/60 160/479/60 158/473/60 157/470/60
f 158/474/51 153/459/51 154/462/51 157/471/51
f 159/477/52 156/468/52 155/465/52 160/480/52
f 164/490/57 167/499/57 165/493/57 162/484/57
f 163/487/58 164/491/58 162/485/58 161/481/58
f 168/502/59 163/488/59 161/482/59 166/496/59
f 167/500/60 168/503/60 166/497/60 165/494/60
f 166/498/51 161/483/51 162/486/51 165/495/51
f 167/501/52 164/492/52 163/489/52 168/504/52
f 172/514/61 175/523/61 173/517/61 170/508/61
f 171/511/62 172/515/62 170/509/62 169/505/62
f 176/526/63 171/512/63 169/506/63 174/520/63
f 175/524/64 176/527/64 174/521/64 173/518/64
f 174/522/65 169/507/65 170/510/65 173/519/65
f 175/525/66 172/516/66 171/513/66 176/528/66
f 180/538/39 183/547/39 181/541/39 178/532/39
f 179/535/67 180/539/67 178/533/67 177/529/67
f 184/550/41 179/536/41 177/530/41 182/544/41
f 183/548/68 184/551/68 182/545/68 181/542/68
f 182/546/69 177/531/69 178/534/69 181/543/69
f 183/549/70 180/540/70 179/537/70 184/552/70
f 188/562/39 191/571/39 189/565/39 186/556/39
f 187/559/67 188/563/67 186/557/67 185/553/67
f 192/574/41 187/560/41 185/554/41 190/568/41
f 191/572/68 192/575/68 190/569/68 189/566/68
f 190/570/69 185/555/69 186/558/69 189/567/69
f 191/573/70 188/564/70 187/561/70 192/576/70
f 196/586/39 199/595/39 197/589/39 194/580/39
f 195/583/67 196/587/67 194/581/67 193/577/67
f 200/598/41 195/584/41 193/578/41 198/592/41
f 199/596/68 200/599/68 198/593/68 197/590/68
f 198/594/69 193/579/69 194/582/69 197/591/69
f 199/597/70 196/588/70 195/585/70 200/600/70
f 204/610/39 207/619/39 205/613/39 202/604/39
f 203/607/53 204/611/53 202/605/53 201/601/53
f 208/622/41 203/608/41 201/602/41 206/616/41
f 207/620/54 208/623/54 206/617/54 205/614/54
f 206/618/55 201/603/55 202/606/55 205/615/55
f 207/621/56 204/612/56 203/609/56 208/624/56
f 212/634/39 215/643/39 213/637/39 210/628/39
f 211/631/49 212/635/49 210/629/49 209/625/49
f 216/646/41 211/632/41 209/626/41 214/640/41
f 215/644/50 216/647/50 214/641/50 213/638/50
f 214/642/51 209/627/51 210/630/51 213/639/51
f 215/645/52 212/636/52 211/633/52 216/648/52
f 220/658/39 223/667/39 221/661/39 218/652/39
f 219/655/49 220/659/49 218/653/49 217/649/49
f 224/670/41 219/656/41 217/650/41 222/664/41
f 223/668/50 224/671/50 222/665/50 221/662/50
f 222/666/51 217/651/51 218/654/51 221/663/51
f 223/669/52 220/660/52 219/657/52 224/672/52
f 228/682/71 231/691/71 229/685/71 226/676/71
f 227/679/49 228/683/49 226/677/49 225/673/49
f 232/694/72 227/680/72 225/674/72 230/688/72
f 231/692/50 232/695/50 230/689/50 229/686/50
f 230/690/73 225/675/73 226/678/73 229/687/73
f 231/693/74 228/684/74 227/681/74 232/696/74
f 236/706/71 239/715/71 237/709/71 234/700/71
f 235/703/49 236/707/49 234/701/49 233/697/49
f 240/718/72 235/704/72 233/698/72 238/712/72
f 239/716/50 240/719/50 238/713/50 237/710/50
f 238/714/73 233/699/73 234/702/73 237/711/73
f 239/717/74 236/708/74 235/705/74 240/720/74
f 244/730/75 247/739/75 245/733/75 242/724/75
f 243/727/49 244/731/49 242/725/49 241/721/49
f 248/742/76 243/728/76 241/722/76 246/736/76
f 247/740/50 248/743/50 246/737/50 245/734/50
f 246/738/77 241/723/77 242/726/77 245/735/77
f 247/741/78 244/732/78 243/729/78 248/744/78
f 252/754/79 255/763/79 253/757/79 250/748/79
f 251/751/67 252/755/67 250/749/67 249/745/67
f 256/766/80 251/752/80 249/746/80 254/760/80
f 255/764/68 256/767/68 254/761/68 253/758/68
f 254/762/81 249/747/81 250/750/81 253/759/81
f 255/765/82 252/756/82 251/753/82 256/768/82
f 260/778/39 263/787/39 261/781/39 258/772/39
f 259/775/45 260/779/45 258/773/45 257/769/45
f 264/790/41 259/776/41 257/770/41 262/784/41
f 263/788/46 264/791/46 262/785/46 261/782/46
f 262/786/47 257/771/47 258/774/47 261/783/47
f 263/789/48 260/780/48 259/777/48 264/792/48
f 268/802/39 271/811/39 269/805/39 266/796/39
f 267/799/49 268/803/49 266/797/49 265/793/49
f 272/814/41 267/800/41 265/794/41 270/808/41
f 271/812/50 272/815/50 270/809/50 269/806/50
f 270/810/51 265/795/51 266/798/51 269/807/51
f 271/813/52 268/804/52 267/801/52 272/816/52
f 276/826/39 279/835/39 277/829/39 274/820/39
f 275/823/49 276/827/49 274/821/49 273/817/49
f 280/838/41 275/824/41 273/818/41 278/832/41
f 279/836/50 280/839/50 278/833/50 277/830/50
f 278/834/51 273/819/51 274/822/51 277/831/51
f 279/837/52 276/828/52 275/825/52 280/840/52
f 284/850/39 287/859/39 285/853/39 282/844/39
f 283/847/49 284/851/49 282/845/49 281/841/49
f 288/862/41 283/848/41 281/842/41 286/856/41
f 287/860/50 288/863/50 286/857/50 285/854/50
f 286/858/51 281/843/51 282/846/51 285/855/51
f 287/861/52 284/852/52 283/849/52 288/864/52
f 292/874/39 295/883/39 293/877/39 290/868/39
f 291/871/40 292/875/40 290/869/40 289/865/40
f 296/886/41 291/872/41 289/866/41 294/880/41
f 295/884/42 296/887/42 294/881/42 293/878/42
f 294/882/43 289/867/43 290/870/43 293/879/43
f 295/885/83 292/876/83 291/873/83 296/888/83
f 300/898/39 303/907/39 301/901/39 298/892/39
f 299/895/49 300/899/49 298/893/49 297/889/49
f 304/910/41 299/896/41 297/890/41 302/904/41
f 303/908/50 304/911/50 302/905/50 301/902/50
f 302/906/51 297/891/51 298/894/51 301/903/51
f 303/909/52 300/900/52 299/897/52 304/912/52
f 308/922/39 311/931/39 309/925/39 306/916/39
f 307/919/53 308/923/53 306/917/53 305/913/53
f 312/934/41 307/920/41 305/914/41 310/928/41
f 311/932/54 312/935/54 310/929/54 309/926/54
f 310/930/55 305/915/55 306/918/55 309/927/55
f 311/933/56 308/924/56 307/921/56 312/936/56
f 316/946/39 319/955/39 317/949/39 314/940/39
f 315/943/67 316/947/67 314/941/67 313/937/67
f 320/958/41 315/944/41 313/938/41 318/952/41
f 319/956/68 320/959/68 318/953/68 317/950/68
f 318/954/69 313/939/69 314/942/69 317/951/69
f 319/957/70 316/948/70 315/945/70 320/960/70
f 324/970/39 327/979/39 325/973/39 322/964/39
f 323/967/67 324/971/67 322/965/67 321/961/67
f 328/982/41 323/968/41 321/962/41 326/976/41
f 327/980/68 328/983/68 326/977/68 325/974/68
f 326/978/69 321/963/69 322/966/69 325/975/69
f 327/981/70 324/972/70 323/969/70 328/984/70
f 332/994/39 335/1003/39 333/997/39 330/988/39
f 331/991/67 332/995/67 330/989/67 329/985/67
f 336/1006/41 331/992/41 329/986/41 334/1000/41
f 335/1004/68 336/1007/68 334/1001/68 333/998/68
f 334/1002/69 329/987/69 330/990/69 333/999/69
f 335/1005/70 332/996/70 331/993/70 336/1008/70
f 340/1018/39 343/1027/39 341/1021/39 338/1012/39
f 339/1015/67 340/1019/67 338/1013/67 337/1009/67
f 344/1030/41 339/1016/41 337/1010/41 342/1024/41
f 343/1028/68 344/1031/68 342/1025/68 341/1022/68
f 342/1026/69 337/1011/69 338/1014/69 341/1023/69
f 343/1029/70 340/1020/70 339/1017/70 344/1032/70
f 348/1042/39 351/1051/39 349/1045/39 346/1036/39
f 347/1039/53 348/1043/53 346/1037/53 345/1033/53
f 352/1054/41 347/1040/41 345/1034/41 350/1048/41
f 351/1052/54 352/1055/54 350/1049/54 349/1046/54
f 350/1050/55 345/1035/55 346/1038/55 349/1047/55
f 351/1053/56 348/1044/56 347/1041/56 352/1056/56
f 356/1066/84 359/1075/84 357/1069/84 354/1060/84
f 355/1063/85 356/1067/85 354/1061/85 353/1057/85
f 360/1078/86 355/1064/86 353/1058/86 358/1072/86
f 359/1076/87 360/1079/87 358/1073/87 357/1070/87
f 358/1074/88 353/1059/88 354/1062/88 357/1071/88
f 359/1077/89 356/1068/89 355/1065/89 360/1080/89
f 364/1090/90 367/1099/90 365/1093/90 362/1084/90
f 363/1087/91 364/1091/91 362/1085/91 361/1081/91
f 368/1102/92 363/1088/92 361/1082/92 366/1096/92
f 367/1100/93 368/1103/93 366/1097/93 365/1094/93
f 366/1098/94 361/1083/94 362/1086/94 365/1095/94
f 367/1101/95 364/1092/95 363/1089/95 368/1104/95
f 372/1114/39 375/1123/39 373/1117/39 370/1108/39
f 371/1111/49 372/1115/49 370/1109/49 369/1105/49
f 376/1126/41 371/1112/41 369/1106/41 374/1120/41
f 375/1124/50 376/1127/50 374/1121/50 373/1118/50
f 374/1122/51 369/1107/51 370/1110/51 373/1119/51
f 375/1125/52 372/1116/52 371/1113/52 376/1128/52
f 380/1138/75 383/1147/75 381/1141/75 378/1132/75
f 379/1135/49 380/1139/49 378/1133/49 377/1129/49
f 384/1150/76 379/1136/76 377/1130/76 382/1144/76
f 383/1148/50 384/1151/50 382/1145/50 381/1142/50
f 382/1146/77 377/1131/77 378/1134/77 381/1143/77
f 383/1149/78 380/1140/78 379/1137/78 384/1152/78
f 388/1162/39 391/1171/39 389/1165/39 386/1156/39
f 387/1159/49 388/1163/49 386/1157/49 385/1153/49
f 392/1174/41 387/1160/41 385/1154/41 390/1168/41
f 391/1172/50 392/1175/50 390/1169/50 389/1166/50
f 390/1170/51 385/1155/51 386/1158/51 389/1167/51
f 391/1173/52 388/1164/52 387/1161/52 392/1176/52
f 396/1186/96 399/1195/96 397/1189/96 394/1180/96
f 395/1183/97 396/1187/97 394/1181/97 393/1177/97
f 400/1198/98 395/1184/98 393/1178/98 398/1192/98
f 399/1196/99 400/1199/99 398/1193/99 397/1190/99
f 398/1194/100 393/1179/100 394/1182/100 397/1191/100
f 399/1197/101 396/1188/101 395/1185/101 400/1200/101
f 404/1210/71 407/1219/71 405/1213/71 402/1204/71
f 403/1207/49 404/1211/49 402/1205/49 401/1201/49
f 408/1222/72 403/1208/72 401/1202/72 406/1216/72
f 407/1220/50 408/1223/50 406/1217/50 405/1214/50
f 406/1218/73 401/1203/73 402/1206/73 405/1215/73
f 407/1221/74 404/1212/74 403/1209/74 408/1224/74
f 412/1234/71 415/1243/71 413/1237/71 410/1228/71
f 411/1231/49 412/1235/49 410/1229/49 409/1225/49
f 416/1246/72 411/1232/72 409/1226/72 414/1240/72
f 415/1244/50 416/1247/50 414/1241/50 413/1238/50
f 414/1242/73 409/1227/73 410/1230/73 413/1239/73
f 415/1245/74 412/1236/74 411/1233/74 416/1248/74
f 420/1258/39 423/1267/39 421/1261/39 418/1252/39
f 419/1255/102 420/1259/102 418/1253/102 417/1249/102
f 424/1270/41 419/1256/41 417/1250/41 422/1264/41
f 423/1268/103 424/1271/103 422/1265/103 421/1262/103
f 422/1266/104 417/1251/104 418/1254/104 421/1263/104
f 423/1269/105 420/1260/105 419/1257/105 424/1272/105
f 428/1282/39 431/1291/39 429/1285/39 426/1276/39
f 427/1279/106 428/1283/106 426/1277/106 425/1273/106
f 432/1294/41 427/1280/41 425/1274/41 430/1288/41
f 431/1292/107 432/1295/107 430/1289/107 429/1286/107
f 430/1290/108 425/1275/108 426/1278/108 429/1287/108
f 431/1293/109 428/1284/109 427/1281/109 432/1296/109
f 436/1306/39 439/1315/39 437/1309/39 434/1300/39
f 435/1303/49 436/1307/49 434/1301/49 433/1297/49
f 440/1318/41 435/1304/41 433/1298/41 438/1312/41
f 439/1316/50 440/1319/50 438/1313/50 437/1310/50
f 438/1314/51 433/1299/51 434/1302/51 437/1311/51
f 439/1317/52 436/1308/52 435/1305/52 440/1320/52
f 444/1330/39 447/1339/39 445/1333/39 442/1324/39
f 443/1327/49 444/1331/49 442/1325/49 441/1321/49
f 448/1342/41 443/1328/41 441/1322/41 446/1336/41
f 447/1340/50 448/1343/50 446/1337/50 445/1334/50
f 446/1338/51 441/1323/51 442/1326/51 445/1335/51
f 447/1341/52 444/1332/52 443/1329/52 448/1344/52
f 452/1354/39 455/1363/39 453/1357/39 450/1348/39
f 451/1351/49 452/1355/49 450/1349/49 449/1345/49
f 456/1366/41 451/1352/41 449/1346/41 454/1360/41
f 455/1364/50 456/1367/50 454/1361/50 453/1358/50
f 454/1362/51 449/1347/51 450/1350/51 453/1359/51
f 455/1365/52 452/1356/52 451/1353/52 456/1368/52
f 460/1378/39 463/1387/39 461/1381/39 458/1372/39
f 459/1375/110 460/1379/110 458/1373/110 457/1369/110
f 464/1390/41 459/1376/41 457/1370/41 462/1384/41
f 463/1388/111 464/1391/111 462/1385/111 461/1382/111
f 462/1386/112 457/1371/112 458/1374/112 461/1383/112
f 463/1389/113 460/1380/113 459/1377/113 464/1392/113
f 468/1402/39 471/1411/39 469/1405/39 466/1396/39
f 467/1399/49 468/1403/49 466/1397/49 465/1393/49
f 472/1414/41 467/1400/41 465/1394/41 470/1408/41
f 471/1412/50 472/1415/50 470/1409/50 469/1406/50
f 470/1410/51 465/1395/51 466/1398/51 469/1407/51
f 471/1413/52 468/1404/52 467/1401/52 472/1416/52
f 476/1426/39 479/1435/39 477/1429/39 474/1420/39
f 475/1423/97 476/1427/97 474/1421/97 473/1417/97
f 480/1438/41 475/1424/41 473/1418/41 478/1432/41
f 479/1436/99 480/1439/99 478/1433/99 477/1430/99
f 478/1434/114 473/1419/114 474/1422/114 477/1431/114
f 479/1437/115 476/1428/115 475/1425/115 480/1440/115
f 484/1450/39 487/1459/39 485/1453/39 482/1444/39
f 483/1447/97 484/1451/97 482/1445/97 481/1441/97
f 488/1462/41 483/1448/41 481/1442/41 486/1456/41
f 487/1460/99 488/1463/99 486/1457/99 485/1454/99
f 486/1458/114 481/1443/114 482/1446/114 485/1455/114
f 487/1461/115 484/1452/115 483/1449/115 488/1464/115
f 492/1474/39 495/1483/39 493/1477/39 490/1468/39
f 491/1471/97 492/1475/97 490/1469/97 489/1465/97
f 496/1486/41 491/1472/41 489/1466/41 494/1480/41
f 495/1484/99 496/1487/99 494/1481/99 493/1478/99
f 494/1482/114 489/1467/114 490/1470/114 493/1479/114
f 495/1485/115 492/1476/115 491/1473/115 496/1488/115
f 500/1498/39 503/1507/39 501/1501/39 498/1492/39
f 499/1495/97 500/1499/97 498/1493/97 497/1489/97
f 504/1510/41 499/1496/41 497/1490/41 502/1504/41
f 503/1508/99 504/1511/99 502/1505/99 501/1502/99
f 502/1506/114 497/1491/114 498/1494/114 501/1503/114
f 503/1509/115 500/1500/115 499/1497/115 504/1512/115
f 508/1522/39 511/1531/39 509/1525/39 506/1516/39
f 507/1519/102 508/1523/102 506/1517/102 505/1513/102
f 512/1534/41 507/1520/41 505/1514/41 510/1528/41
f 511/1532/103 512/1535/103 510/1529/103 509/1526/103
f 510/1530/104 505/1515/104 506/1518/104 509/1527/104
f 511/1533/105 508/1524/105 507/1521/105 512/1536/105
f 516/1546/116 519/1555/116 517/1549/116 514/1540/116
f 515/1543/117 516/1547/117 514/1541/117 513/1537/117
f 520/1558/118 515/1544/118 513/1538/118 518/1552/118
f 519/1556/119 520/1559/119 518/1553/119 517/1550/119
f 518/1554/120 513/1539/120 514/1542/120 517/1551/120
f 519/1557/121 516/1548/121 515/1545/121 520/1560/121
f 524/1570/90 527/1579/90 525/1573/90 522/1564/90
f 523/1567/122 524/1571/122 522/1565/122 521/1561/122
f 528/1582/92 523/1568/92 521/1562/92 526/1576/92
f 527/1580/123 528/1583/123 526/1577/123 525/1574/123
f 526/1578/124 521/1563/124 522/1566/124 525/1575/124
f 527/1581/125 524/1572/125 523/1569/125 528/1584/125
f 532/1594/39 535/1603/39 533/1597/39 530/1588/39
f 531/1591/106 532/1595/106 530/1589/106 529/1585/106
f 536/1606/41 531/1592/41 529/1586/41 534/1600/41
f 535/1604/107 536/1607/107 534/1601/107 533/1598/107
f 534/1602/108 529/1587/108 530/1590/108 533/1599/108
f 535/1605/109 532/1596/109 531/1593/109 536/1608/109
f 540/1618/39 543/1627/39 541/1621/39 538/1612/39
f 539/1615/49 540/1619/49 538/1613/49 537/1609/49
f 544/1630/41 539/1616/41 537/1610/41 542/1624/41
f 543/1628/50 544/1631/50 542/1625/50 541/1622/50
f 542/1626/51 537/1611/51 538/1614/51 541/1623/51
f 543/1629/52 540/1620/52 539/1617/52 544/1632/52
f 548/1642/39 551/1651/39 549/1645/39 546/1636/39
f 547/1639/49 548/1643/49 546/1637/49 545/1633/49
f 552/1654/41 547/1640/41 545/1634/41 550/1648/41
f 551/1652/50 552/1655/50 550/1649/50 549/1646/50
f 550/1650/51 545/1635/51 546/1638/51 549/1647/51
f 551/1653/52 548/1644/52 547/1641/52 552/1656/52
f 556/1666/39 559/1675/39 557/1669/39 554/1660/39
f 555/1663/49 556/1667/49 554/1661/49 553/1657/49
f 560/1678/41 555/1664/41 553/1658/41 558/1672/41
f 559/1676/50 560/1679/50 558/1673/50 557/1670/50
f 558/1674/51 553/1659/51 554/1662/51 557/1671/51
f 559/1677/52 556/1668/52 555/1665/52 560/1680/52
f 564/1690/39 567/1699/39 565/1693/39 562/1684/39
f 563/1687/110 564/1691/110 562/1685/110 561/1681/110
f 568/1702/41 563/1688/41 561/1682/41 566/1696/41
f 567/1700/111 568/1703/111 566/1697/111 565/1694/111
f 566/1698/112 561/1683/112 562/1686/112 565/1695/112
f 567/1701/113 564/1692/113 563/1689/113 568/1704/113
f 572/1714/39 575/1723/39 573/1717/39 570/1708/39
f 571/1711/102 572/1715/102 570/1709/102 569/1705/102
f 576/1726/41 571/1712/41 569/1706/41 574/1720/41
f 575/1724/103 576/1727/103 574/1721/103 573/1718/103
f 574/1722/104 569/1707/104 570/1710/104 573/1719/104
f 575/1725/105 572/1716/105 571/1713/105 576/1728/105
f 580/1738/126 583/1747/126 581/1741/126 578/1732/126
f 579/1735/127 580/1739/127 578/1733/127 577/1729/127
f 584/1750/128 579/1736/128 577/1730/128 582/1744/128
f 583/1748/129 584/1751/129 582/1745/129 581/1742/129
f 582/1746/51 577/1731/51 578/1734/51 581/1743/51
f 583/1749/52 580/1740/52 579/1737/52 584/1752/52
f 588/1762/126 591/1771/126 589/1765/126 586/1756/126
f 587/1759/127 588/1763/127 586/1757/127 585/1753/127
f 592/1774/128 587/1760/128 585/1754/128 590/1768/128
f 591/1772/129 592/1775/129 590/1769/129 589/1766/129
f 590/1770/51 585/1755/51 586/1758/51 589/1767/51
f 591/1773/52 588/1764/52 587/1761/52 592/1776/52
f 596/1786/126 599/1795/126 597/1789/126 594/1780/126
f 595/1783/127 596/1787/127 594/1781/127 593/1777/127
f 600/1798/128 595/1784/128 593/1778/128 598/1792/128
f 599/1796/129 600/1799/129 598/1793/129 597/1790/129
f 598/1794/51 593/1779/51 594/1782/51 597/1791/51
f 599/1797/52 596/1788/52 595/1785/52 600/1800/52
f 604/1810/39 607/1819/39 605/1813/39 602/1804/39
f 603/1807/102 604/1811/102 602/1805/102 601/1801/102
f 608/1822/41 603/1808/41 601/1802/41 606/1816/41
f 607/1820/103 608/1823/103 606/1817/103 605/1814/103
f 606/1818/104 601/1803/104 602/1806/104 605/1815/104
f 607/1821/105 604/1812/105 603/1809/105 608/1824/105
f 612/1834/39 615/1843/39 613/1837/39 610/1828/39
f 611/1831/97 612/1835/97 610/1829/97 609/1825/97
f 616/1846/41 611/1832/41 609/1826/41 614/1840/41
f 615/1844/99 616/1847/99 614/1841/99 613/1838/99
f 614/1842/114 609/1827/114 610/1830/114 613/1839/114
f 615/1845/115 612/1836/115 611/1833/115 616/1848/115
f 620/1858/39 623/1867/39 621/1861/39 618/1852/39
f 619/1855/97 620/1859/97 618/1853/97 617/1849/97
f 624/1870/41 619/1856/41 617/1850/41 622/1864/41
f 623/1868/99 624/1871/99 622/1865/99 621/1862/99
f 622/1866/114 617/1851/114 618/1854/114 621/1863/114
f 623/1869/115 620/1860/115 619/1857/115 624/1872/115
f 628/1882/39 631/1891/39 629/1885/39 626/1876/39
f 627/1879/97 628/1883/97 626/1877/97 625/1873/97
f 632/1894/41 627/1880/41 625/1874/41 630/1888/41
f 631/1892/99 632/1895/99 630/1889/99 629/1886/99
f 630/1890/114 625/1875/114 626/1878/114 629/1887/114
f 631/1893/115 628/1884/115 627/1881/115 632/1896/115
f 636/1906/130 639/1915/130 637/1909/130 634/1900/130
f 635/1903/131 636/1907/131 634/1901/131 633/1897/131
f 640/1918/132 635/1904/132 633/1898/132 638/1912/132
f 639/1916/133 640/1919/133 638/1913/133 637/1910/133
f 638/1914/134 633/1899/134 634/1902/134 637/1911/134
f 639/1917/135 636/1908/135 635/1905/135 640/1920/135
f 644/1930/39 647/1939/39 645/1933/39 642/1924/39
f 643/1927/49 644/1931/49 642/1925/49 641/1921/49
f 648/1942/41 643/1928/41 641/1922/41 646/1936/41
f 647/1940/50 648/1943/50 646/1937/50 645/1934/50
f 646/1938/51 641/1923/51 642/1926/51 645/1935/51
f 647/1941/52 644/1932/52 643/1929/52 648/1944/52
f 652/1954/39 655/1963/39 653/1957/39 650/1948/39
f 651/1951/49 652/1955/49 650/1949/49 649/1945/49
f 656/1966/41 651/1952/41 649/1946/41 654/1960/41
f 655/1964/50 656/1967/50 654/1961/50 653/1958/50
f 654/1962/51 649/1947/51 650/1950/51 653/1959/51
f 655/1965/52 652/1956/52 651/1953/52 656/1968/52
f 660/1973/41 663/1978/41 661/1975/41 658/1970/41
f 662/1977/52 657/1969/52 658/1971/52 661/1976/52
f 663/1979/51 660/1974/51 659/1972/51 664/1980/51
f 668/1990/136 671/1999/136 669/1993/136 666/1984/136
f 667/1987/49 668/1991/49 666/1985/49 665/1981/49
f 672/2002/137 667/1988/137 665/1982/137 670/1996/137
f 671/2000/50 672/2003/50 670/1997/50 669/1994/50
f 670/1998/138 665/1983/138 666/1986/138 669/1995/138
f 671/2001/139 668/1992/139 667/1989/139 672/2004/139
f 676/2014/140 679/2023/140 677/2017/140 674/2008/140
f 675/2011/49 676/2015/49 674/2009/49 673/2005/49
f 680/2026/137 675/2012/137 673/2006/137 678/2020/137
f 679/2024/50 680/2027/50 678/2021/50 677/2018/50
f 678/2022/138 673/2007/138 674/2010/138 677/2019/138
f 679/2025/139 676/2016/139 675/2013/139 680/2028/139
f 684/2038/141 687/2047/141 685/2041/141 682/2032/141
f 683/2035/142 684/2039/142 682/2033/142 681/2029/142
f 688/2050/143 683/2036/143 681/2030/143 686/2044/143
f 687/2048/144 688/2051/144 686/2045/144 685/2042/144
f 686/2046/138 681/2031/138 682/2034/138 685/2043/138
f 687/2049/139 684/2040/139 683/2037/139 688/2052/139
f 692/2062/145 695/2071/145 693/2065/145 690/2056/145
f 691/2059/146 692/2063/146 690/2057/146 689/2053/146
f 696/2074/147 691/2060/147 689/2054/147 694/2068/147
f 695/2072/148 696/2075/148 694/2069/148 693/2066/148
f 694/2070/149 689/2055/149 690/2058/149 693/2067/149
f 695/2073/150 692/2064/150 691/2061/150 696/2076/150
f 700/2086/151 703/2095/151 701/2089/151 698/2080/151
f 699/2083/152 700/2087/152 698/2081/152 697/2077/152
f 704/2098/153 699/2084/153 697/2078/153 702/2092/153
f 703/2096/154 704/2099/154 702/2093/154 701/2090/154
f 702/2094/138 697/2079/138 698/2082/138 701/2091/138
f 703/2097/139 700/2088/139 699/2085/139 704/2100/139
f 708/2110/155 711/2119/155 709/2113/155 706/2104/155
f 707/2107/156 708/2111/156 706/2105/156 705/2101/156
f 712/2122/157 707/2108/157 705/2102/157 710/2116/157
f 711/2120/158 712/2123/158 710/2117/158 709/2114/158
f 710/2118/159 705/2103/159 706/2106/159 709/2115/159
f 711/2121/160 708/2112/160 707/2109/160 712/2124/160
f 716/2134/161 719/2143/161 717/2137/161 714/2128/161
f 715/2131/162 716/2135/162 714/2129/162 713/2125/162
f 720/2146/163 715/2132/163 713/2126/163 718/2140/163
f 719/2144/164 720/2147/164 718/2141/164 717/2138/164
f 718/2142/51 713/2127/51 714/2130/51 717/2139/51
f 719/2145/52 716/2136/52 715/2133/52 720/2148/52
f 724/2158/165 727/2167/165 725/2161/165 722/2152/165
f 723/2155/166 724/2159/166 722/2153/166 721/2149/166
f 728/2170/167 723/2156/167 721/2150/167 726/2164/167
f 727/2168/168 728/2171/168 726/2165/168 725/2162/168
f 726/2166/51 721/2151/51 722/2154/51 725/2163/51
f 727/2169/52 724/2160/52 723/2157/52 728/2172/52
f 732/2182/169 735/2191/169 733/2185/169 730/2176/169
f 731/2179/170 732/2183/170 730/2177/170 729/2173/170
f 736/2194/171 731/2180/171 729/2174/171 734/2188/171
f 735/2192/172 736/2195/172 734/2189/172 733/2186/172
f 734/2190/173 729/2175/173 730/2178/173 733/2187/173
f 735/2193/174 732/2184/174 731/2181/174 736/2196/174
f 740/2206/169 743/2215/169 741/2209/169 738/2200/169
f 739/2203/175 740/2207/175 738/2201/175 737/2197/175
f 744/2218/171 739/2204/171 737/2198/171 742/2212/171
f 743/2216/176 744/2219/176 742/2213/176 741/2210/176
f 742/2214/177 737/2199/177 738/2202/177 741/2211/177
f 743/2217/178 740/2208/178 739/2205/178 744/2220/178
f 748/2230/179 751/2239/179 749/2233/179 746/2224/179
f 747/2227/180 748/2231/180 746/2225/180 745/2221/180
f 752/2242/181 747/2228/181 745/2222/181 750/2236/181
f 751/2240/182 752/2243/182 750/2237/182 749/2234/182
f 750/2238/51 745/2223/51 746/2226/51 749/2235/51
f 751/2241/52 748/2232/52 747/2229/52 752/2244/52
f 756/2254/183 759/2263/183 757/2257/183 754/2248/183
f 755/2251/184 756/2255/184 754/2249/184 753/2245/184
f 760/2266/185 755/2252/185 753/2246/185 758/2260/185
f 759/2264/186 760/2267/186 758/2261/186 757/2258/186
f 758/2262/51 753/2247/51 754/2250/51 757/2259/51
f 759/2265/52 756/2256/52 755/2253/52 760/2268/52
f 764/2278/39 767/2287/39 765/2281/39 762/2272/39
f 763/2275/106 764/2279/106 762/2273/106 761/2269/106
f 768/2290/41 763/2276/41 761/2270/41 766/2284/41
f 767/2288/107 768/2291/107 766/2285/107 765/2282/107
f 766/2286/108 761/2271/108 762/2274/108 765/2283/108
f 767/2289/109 764/2280/109 763/2277/109 768/2292/109
f 772/2302/39 775/2311/39 773/2305/39 770/2296/39
f 771/2299/106 772/2303/106 770/2297/106 769/2293/106
f 776/2314/41 771/2300/41 769/2294/41 774/2308/41
f 775/2312/107 776/2315/107 774/2309/107 773/2306/107
f 774/2310/108 769/2295/108 770/2298/108 773/2307/108
f 775/2313/109 772/2304/109 771/2301/109 776/2316/109
f 780/2326/130 783/2335/130 781/2329/130 778/2320/130
f 779/2323/131 780/2327/131 778/2321/131 777/2317/131
f 784/2338/132 779/2324/132 777/2318/132 782/2332/132
f 783/2336/133 784/2339/133 782/2333/133 781/2330/133
f 782/2334/134 777/2319/134 778/2322/134 781/2331/134
f 783/2337/135 780/2328/135 779/2325/135 784/2340/135
f 788/2350/187 791/2359/187 789/2353/187 786/2344/187
f 787/2347/188 788/2351/188 786/2345/188 785/2341/188
f 792/2362/189 787/2348/189 785/2342/189 790/2356/189
f 791/2360/190 792/2363/190 790/2357/190 789/2354/190
f 790/2358/191 785/2343/191 786/2346/191 789/2355/191
f 791/2361/192 788/2352/192 787/2349/192 792/2364/192
f 796/2374/193 799/2383/193 797/2377/193 794/2368/193
f 795/2371/194 796/2375/194 794/2369/194 793/2365/194
f 800/2386/195 795/2372/195 793/2366/195 798/2380/195
f 799/2384/196 800/2387/196 798/2381/196 797/2378/196
f 798/2382/197 793/2367/197 794/2370/197 797/2379/197
f 799/2385/198 796/2376/198 795/2373/198 800/2388/198
f 804/2398/39 807/2407/39 805/2401/39 802/2392/39
f 803/2395/49 804/2399/49 802/2393/49 801/2389/49
f 808/2410/41 803/2396/41 801/2390/41 806/2404/41
f 807/2408/50 808/2411/50 806/2405/50 805/2402/50
f 806/2406/51 801/2391/51 802/2394/51 805/2403/51
f 807/2409/52 804/2400/52 803/2397/52 808/2412/52
f 812/2422/39 815/2431/39 813/2425/39 810/2416/39
f 811/2419/49 812/2423/49 810/2417/49 809/2413/49
f 816/2434/41 811/2420/41 809/2414/41 814/2428/41
f 815/2432/50 816/2435/50 814/2429/50 813/2426/50
f 814/2430/51 809/2415/51 810/2418/51 813/2427/51
f 815/2433/52 812/2424/52 811/2421/52 816/2436/52
f 820/2446/161 823/2455/161 821/2449/161 818/2440/161
f 819/2443/162 820/2447/162 818/2441/162 817/2437/162
f 824/2458/199 819/2444/199 817/2438/199 822/2452/199
f 823/2456/164 824/2459/164 822/2453/164 821/2450/164
f 822/2454/51 817/2439/51 818/2442/51 821/2451/51
f 823/2457/52 820/2448/52 819/2445/52 824/2460/52
f 828/2470/39 831/2479/39 829/2473/39 826/2464/39
f 827/2467/200 828/2471/200 826/2465/200 825/2461/200
f 832/2482/41 827/2468/41 825/2462/41 830/2476/41
f 831/2480/201 832/2483/201 830/2477/201 829/2474/201
f 830/2478/202 825/2463/202 826/2466/202 829/2475/202
f 831/2481/203 828/2472/203 827/2469/203 832/2484/203
f 836/2494/39 839/2503/39 837/2497/39 834/2488/39
f 835/2491/49 836/2495/49 834/2489/49 833/2485/49
f 840/2506/41 835/2492/41 833/2486/41 838/2500/41
f 839/2504/50 840/2507/50 838/2501/50 837/2498/50
f 838/2502/51 833/2487/51 834/2490/51 837/2499/51
f 839/2505/52 836/2496/52 835/2493/52 840/2508/52
f 844/2518/204 847/2527/204 845/2521/204 842/2512/204
f 843/2515/49 844/2519/49 842/2513/49 841/2509/49
f 848/2530/205 843/2516/205 841/2510/205 846/2524/205
f 847/2528/50 848/2531/50 846/2525/50 845/2522/50
f 846/2526/206 841/2511/206 842/2514/206 845/2523/206
f 847/2529/207 844/2520/207 843/2517/207 848/2532/207
f 852/2542/208 855/2551/208 853/2545/208 850/2536/208
f 851/2539/209 852/2543/209 850/2537/209 849/2533/209
f 856/2554/210 851/2540/210 849/2534/210 854/2548/210
f 855/2552/211 856/2555/211 854/2549/211 853/2546/211
f 854/2550/51 849/2535/51 850/2538/51 853/2547/51
f 855/2553/52 852/2544/52 851/2541/52 856/2556/52
f 860/2566/39 863/2575/39 861/2569/39 858/2560/39
f 859/2563/49 860/2567/49 858/2561/49 857/2557/49
f 864/2578/41 859/2564/41 857/2558/41 862/2572/41
f 863/2576/50 864/2579/50 862/2573/50 861/2570/50
f 862/2574/51 857/2559/51 858/2562/51 861/2571/51
f 863/2577/52 860/2568/52 859/2565/52 864/2580/52
f 868/2590/212 871/2599/212 869/2593/212 866/2584/212
f 867/2587/49 868/2591/49 866/2585/49 865/2581/49
f 872/2602/213 867/2588/213 865/2582/213 870/2596/213
f 871/2600/50 872/2603/50 870/2597/50 869/2594/50
f 870/2598/214 865/2583/214 866/2586/214 869/2595/214
f 871/2601/215 868/2592/215 867/2589/215 872/2604/215
f 876/2614/216 879/2623/216 877/2617/216 874/2608/216
f 875/2611/217 876/2615/217 874/2609/217 873/2605/217
f 880/2626/218 875/2612/218 873/2606/218 878/2620/218
f 879/2624/219 880/2627/219 878/2621/219 877/2618/219
f 878/2622/51 873/2607/51 874/2610/51 877/2619/51
f 879/2625/52 876/2616/52 875/2613/52 880/2628/52
f 884/2638/39 887/2647/39 885/2641/39 882/2632/39
f 883/2635/102 884/2639/102 882/2633/102 881/2629/102
f 888/2650/41 883/2636/41 881/2630/41 886/2644/41
f 887/2648/103 888/2651/103 886/2645/103 885/2642/103
f 886/2646/104 881/2631/104 882/2634/104 885/2643/104
f 887/2649/105 884/2640/105 883/2637/105 888/2652/105
f 892/2662/39 895/2671/39 893/2665/39 890/2656/39
f 891/2659/49 892/2663/49 890/2657/49 889/2653/49
f 896/2674/41 891/2660/41 889/2654/41 894/2668/41
f 895/2672/50 896/2675/50 894/2669/50 893/2666/50
f 894/2670/51 889/2655/51 890/2658/51 893/2667/51
f 895/2673/52 892/2664/52 891/2661/52 896/2676/52
f 900/2686/75 903/2695/75 901/2689/75 898/2680/75
f 899/2683/220 900/2687/220 898/2681/220 897/2677/220
f 904/2698/76 899/2684/76 897/2678/76 902/2692/76
f 903/2696/221 904/2699/221 902/2693/221 901/2690/221
f 902/2694/222 897/2679/222 898/2682/222 901/2691/222
f 903/2697/223 900/2688/223 899/2685/223 904/2700/223
f 908/2710/224 911/2719/224 909/2713/224 906/2704/224
f 907/2707/162 908/2711/162 906/2705/162 905/2701/162
f 912/2722/225 907/2708/225 905/2702/225 910/2716/225
f 911/2720/226 912/2723/226 910/2717/226 909/2714/226
f 910/2718/227 905/2703/227 906/2706/227 909/2715/227
f 911/2721/228 908/2712/228 907/2709/228 912/2724/228
f 916/2734/161 919/2743/161 917/2737/161 914/2728/161
f 915/2731/162 916/2735/162 914/2729/162 913/2725/162
f 920/2746/163 915/2732/163 913/2726/163 918/2740/163
f 919/2744/164 920/2747/164 918/2741/164 917/2738/164
f 918/2742/51 913/2727/51 914/2730/51 917/2739/51
f 919/2745/52 916/2736/52 915/2733/52 920/2748/52
f 924/2758/224 927/2767/224 925/2761/224 922/2752/224
f 923/2755/162 924/2759/162 922/2753/162 921/2749/162
f 928/2770/225 923/2756/225 921/2750/225 926/2764/225
f 927/2768/164 928/2771/164 926/2765/164 925/2762/164
f 926/2766/227 921/2751/227 922/2754/227 925/2763/227
f 927/2769/228 924/2760/228 923/2757/228 928/2772/228
f 932/2782/229 935/2791/229 933/2785/229 930/2776/229
f 931/2779/49 932/2783/49 930/2777/49 929/2773/49
f 936/2794/230 931/2780/230 929/2774/230 934/2788/230
f 935/2792/50 936/2795/50 934/2789/50 933/2786/50
f 934/2790/231 929/2775/231 930/2778/231 933/2787/231
f 935/2793/232 932/2784/232 931/2781/232 936/2796/232
f 940/2806/233 943/2815/233 941/2809/233 938/2800/233
f 939/2803/49 940/2807/49 938/2801/49 937/2797/49
f 944/2818/234 939/2804/234 937/2798/234 942/2812/234
f 943/2816/50 944/2819/50 942/2813/50 941/2810/50
f 942/2814/235 937/2799/235 938/2802/235 941/2811/235
f 943/2817/236 940/2808/236 939/2805/236 944/2820/236
f 948/2830/237 951/2839/237 949/2833/237 946/2824/237
f 947/2827/49 948/2831/49 946/2825/49 945/2821/49
f 952/2842/238 947/2828/238 945/2822/238 950/2836/238
f 951/2840/50 952/2843/50 950/2837/50 949/2834/50
f 950/2838/239 945/2823/239 946/2826/239 949/2835/239
f 951/2841/240 948/2832/240 947/2829/240 952/2844/240
f 956/2854/233 959/2863/233 957/2857/233 954/2848/233
f 955/2851/49 956/2855/49 954/2849/49 953/2845/49
f 960/2866/234 955/2852/234 953/2846/234 958/2860/234
f 959/2864/50 960/2867/50 958/2861/50 957/2858/50
f 958/2862/235 953/2847/235 954/2850/235 957/2859/235
f 959/2865/236 956/2856/236 955/2853/236 960/2868/236
f 964/2878/241 967/2887/241 965/2881/241 962/2872/241
f 963/2875/49 964/2879/49 962/2873/49 961/2869/49
f 968/2890/242 963/2876/242 961/2870/242 966/2884/242
f 967/2888/50 968/2891/50 966/2885/50 965/2882/50
f 966/2886/243 961/2871/243 962/2874/243 965/2883/243
f 967/2889/244 964/2880/244 963/2877/244 968/2892/244
f 972/2902/237 975/2911/237 973/2905/237 970/2896/237
f 971/2899/49 972/2903/49 970/2897/49 969/2893/49
f 976/2914/238 971/2900/238 969/2894/238 974/2908/238
f 975/2912/50 976/2915/50 974/2909/50 973/2906/50
f 974/2910/239 969/2895/239 970/2898/239 973/2907/239
f 975/2913/240 972/2904/240 971/2901/240 976/2916/240
f 980/2926/245 983/2935/245 981/2929/245 978/2920/245
f 979/2923/49 980/2927/49 978/2921/49 977/2917/49
f 984/2938/246 979/2924/246 977/2918/246 982/2932/246
f 983/2936/50 984/2939/50 982/2933/50 981/2930/50
f 982/2934/247 977/2919/247 978/2922/247 981/2931/247
f 983/2937/248 980/2928/248 979/2925/248 984/2940/248
f 988/2950/245 991/2959/245 989/2953/245 986/2944/245
f 987/2947/49 988/2951/49 986/2945/49 985/2941/49
f 992/2962/246 987/2948/246 985/2942/246 990/2956/246
f 991/2960/50 992/2963/50 990/2957/50 989/2954/50
f 990/2958/247 985/2943/247 986/2946/247 989/2955/247
f 991/2961/248 988/2952/248 987/2949/248 992/2964/248
f 996/2974/232 999/2983/232 997/2977/232 994/2968/232
f 995/2971/49 996/2975/49 994/2969/49 993/2965/49
f 1000/2986/231 995/2972/231 993/2966/231 998/2980/231
f 999/2984/50 1000/2987/50 998/2981/50 997/2978/50
f 998/2982/229 993/2967/229 994/2970/229 997/2979/229
f 999/2985/230 996/2976/230 995/2973/230 1000/2988/230
f 1004/2998/249 1007/3007/249 1005/3001/249 1002/2992/249
f 1003/2995/49 1004/2999/49 1002/2993/49 1001/2989/49
f 1008/3010/250 1003/2996/250 1001/2990/250 1006/3004/250
f 1007/3008/50 1008/3011/50 1006/3005/50 1005/3002/50
f 1006/3006/251 1001/2991/251 1002/2994/251 1005/3003/251
f 1007/3009/252 1004/3000/252 1003/2997/252 1008/3012/252
f 1012/3022/249 1015/3031/249 1013/3025/249 1010/3016/249
f 1011/3019/49 1012/3023/49 1010/3017/49 1009/3013/49
f 1016/3034/250 1011/3020/250 1009/3014/250 1014/3028/250
f 1015/3032/50 1016/3035/50 1014/3029/50 1013/3026/50
f 1014/3030/251 1009/3015/251 1010/3018/251 1013/3027/251
f 1015/3033/252 1012/3024/252 1011/3021/252 1016/3036/252
f 1020/3046/39 1023/3055/39 1021/3049/39 1018/3040/39
f 1019/3043/49 1020/3047/49 1018/3041/49 1017/3037/49
f 1024/3058/41 1019/3044/41 1017/3038/41 1022/3052/41
f 1023/3056/50 1024/3059/50 1022/3053/50 1021/3050/50
f 1022/3054/51 1017/3039/51 1018/3042/51 1021/3051/51
f 1023/3057/52 1020/3048/52 1019/3045/52 1024/3060/52
f 1028/3070/39 1031/3079/39 1029/3073/39 1026/3064/39
f 1027/3067/49 1028/3071/49 1026/3065/49 1025/3061/49
f 1032/3082/41 1027/3068/41 1025/3062/41 1030/3076/41
f 1031/3080/50 1032/3083/50 1030/3077/50 1029/3074/50
f 1030/3078/51 1025/3063/51 1026/3066/51 1029/3075/51
f 1031/3081/52 1028/3072/52 1027/3069/52 1032/3084/52
f 1036/3094/39 1039/3103/39 1037/3097/39 1034/3088/39
f 1035/3091/49 1036/3095/49 1034/3089/49 1033/3085/49
f 1040/3106/41 1035/3092/41 1033/3086/41 1038/3100/41
f 1039/3104/50 1040/3107/50 1038/3101/50 1037/3098/50
f 1038/3102/51 1033/3087/51 1034/3090/51 1037/3099/51
f 1039/3105/52 1036/3096/52 1035/3093/52 1040/3108/52
f 1044/3118/39 1047/3127/39 1045/3121/39 1042/3112/39
f 1043/3115/49 1044/3119/49 1042/3113/49 1041/3109/49
f 1048/3130/41 1043/3116/41 1041/3110/41 1046/3124/41
f 1047/3128/50 1048/3131/50 1046/3125/50 1045/3122/50
f 1046/3126/51 1041/3111/51 1042/3114/51 1045/3123/51
f 1047/3129/52 1044/3120/52 1043/3117/52 1048/3132/52
f 1052/3142/39 1055/3151/39 1053/3145/39 1050/3136/39
f 1051/3139/49 1052/3143/49 1050/3137/49 1049/3133/49
f 1056/3154/41 1051/3140/41 1049/3134/41 1054/3148/41
f 1055/3152/50 1056/3155/50 1054/3149/50 1053/3146/50
f 1054/3150/51 1049/3135/51 1050/3138/51 1053/3147/51
f 1055/3153/52 1052/3144/52 1051/3141/52 1056/3156/52
f 1060/3166/253 1063/3175/253 1061/3169/253 1058/3160/253
f 1059/3163/49 1060/3167/49 1058/3161/49 1057/3157/49
f 1064/3178/254 1059/3164/254 1057/3158/254 1062/3172/254
f 1063/3176/50 1064/3179/50 1062/3173/50 1061/3170/50
f 1062/3174/255 1057/3159/255 1058/3162/255 1061/3171/255
f 1063/3177/256 1060/3168/256 1059/3165/256 1064/3180/256
f 1068/3190/233 1071/3199/233 1069/3193/233 1066/3184/233
f 1067/3187/49 1068/3191/49 1066/3185/49 1065/3181/49
f 1072/3202/234 1067/3188/234 1065/3182/234 1070/3196/234
f 1071/3200/50 1072/3203/50 1070/3197/50 1069/3194/50
f 1070/3198/235 1065/3183/235 1066/3186/235 1069/3195/235
f 1071/3201/236 1068/3192/236 1067/3189/236 1072/3204/236
f 1076/3214/257 1079/3223/257 1077/3217/257 1074/3208/257
f 1075/3211/258 1076/3215/258 1074/3209/258 1073/3205/258
f 1080/3226/259 1075/3212/259 1073/3206/259 1078/3220/259
f 1079/3224/260 1080/3227/260 1078/3221/260 1077/3218/260
f 1078/3222/261 1073/3207/261 1074/3210/261 1077/3219/261
f 1079/3225/262 1076/3216/262 1075/3213/262 1080/3228/262
f 1084/3238/39 1087/3247/39 1085/3241/39 1082/3232/39
f 1083/3235/49 1084/3239/49 1082/3233/49 1081/3229/49
f 1088/3250/41 1083/3236/41 1081/3230/41 1086/3244/41
f 1087/3248/50 1088/3251/50 1086/3245/50 1085/3242/50
f 1086/3246/51 1081/3231/51 1082/3234/51 1085/3243/51
f 1087/3249/52 1084/3240/52 1083/3237/52 1088/3252/52
f 1092/3262/39 1095/3271/39 1093/3265/39 1090/3256/39
f 1091/3259/49 1092/3263/49 1090/3257/49 1089/3253/49
f 1096/3274/41 1091/3260/41 1089/3254/41 1094/3268/41
f 1095/3272/50 1096/3275/50 1094/3269/50 1093/3266/50
f 1094/3270/51 1089/3255/51 1090/3258/51 1093/3267/51
f 1095/3273/52 1092/3264/52 1091/3261/52 1096/3276/52
f 1100/3286/39 1103/3295/39 1101/3289/39 1098/3280/39
f 1099/3283/49 1100/3287/49 1098/3281/49 1097/3277/49
f 1104/3298/41 1099/3284/41 1097/3278/41 1102/3292/41
f 1103/3296/50 1104/3299/50 1102/3293/50 1101/3290/50
f 1102/3294/51 1097/3279/51 1098/3282/51 1101/3291/51
f 1103/3297/52 1100/3288/52 1099/3285/52 1104/3300/52
f 1108/3310/263 1111/3319/263 1109/3313/263 1106/3304/263
f 1107/3307/49 1108/3311/49 1106/3305/49 1105/3301/49
f 1112/3322/264 1107/3308/264 1105/3302/264 1110/3316/264
f 1111/3320/50 1112/3323/50 1110/3317/50 1109/3314/50
f 1110/3318/265 1105/3303/265 1106/3306/265 1109/3315/265
f 1111/3321/266 1108/3312/266 1107/3309/266 1112/3324/266
f 1116/3334/237 1119/3343/237 1117/3337/237 1114/3328/237
f 1115/3331/49 1116/3335/49 1114/3329/49 1113/3325/49
f 1120/3346/238 1115/3332/238 1113/3326/238 1118/3340/238
f 1119/3344/50 1120/3347/50 1118/3341/50 1117/3338/50
f 1118/3342/239 1113/3327/239 1114/3330/239 1117/3339/239
f 1119/3345/240 1116/3336/240 1115/3333/240 1120/3348/240
f 1124/3358/233 1127/3367/233 1125/3361/233 1122/3352/233
f 1123/3355/49 1124/3359/49 1122/3353/49 1121/3349/49
f 1128/3370/234 1123/3356/234 1121/3350/234 1126/3364/234
f 1127/3368/50 1128/3371/50 1126/3365/50 1125/3362/50
f 1126/3366/235 1121/3351/235 1122/3354/235 1125/3363/235
f 1127/3369/236 1124/3360/236 1123/3357/236 1128/3372/236
f 1132/3382/233 1135/3391/233 1133/3385/233 1130/3376/233
f 1131/3379/49 1132/3383/49 1130/3377/49 1129/3373/49
f 1136/3394/234 1131/3380/234 1129/3374/234 1134/3388/234
f 1135/3392/50 1136/3395/50 1134/3389/50 1133/3386/50
f 1134/3390/235 1129/3375/235 1130/3378/235 1133/3387/235
f 1135/3393/236 1132/3384/236 1131/3381/236 1136/3396/236
f 1140/3406/263 1143/3415/263 1141/3409/263 1138/3400/263
f 1139/3403/49 1140/3407/49 1138/3401/49 1137/3397/49
f 1144/3418/264 1139/3404/264 1137/3398/264 1142/3412/264
f 1143/3416/50 1144/3419/50 1142/3413/50 1141/3410/50
f 1142/3414/265 1137/3399/265 1138/3402/265 1141/3411/265
f 1143/3417/266 1140/3408/266 1139/3405/266 1144/3420/266
f 1148/3430/267 1151/3439/267 1149/3433/267 1146/3424/267
f 1147/3427/268 1148/3431/268 1146/3425/268 1145/3421/268
f 1152/3442/269 1147/3428/269 1145/3422/269 1150/3436/269
f 1151/3440/270 1152/3443/270 1150/3437/270 1149/3434/270
f 1150/3438/271 1145/3423/271 1146/3426/271 1149/3435/271
f 1151/3441/272 1148/3432/272 1147/3429/272 1152/3444/272
f 1156/3454/116 1159/3463/116 1157/3457/116 1154/3448/116
f 1155/3451/117 1156/3455/117 1154/3449/117 1153/3445/117
f 1160/3466/118 1155/3452/118 1153/3446/118 1158/3460/118
f 1159/3464/119 1160/3467/119 1158/3461/119 1157/3458/119
f 1158/3462/120 1153/3447/120 1154/3450/120 1157/3459/120
f 1159/3465/121 1156/3456/121 1155/3453/121 1160/3468/121
f 1164/3478/273 1167/3487/273 1165/3481/273 1162/3472/273
f 1163/3475/274 1164/3479/274 1162/3473/274 1161/3469/274
f 1168/3490/275 1163/3476/275 1161/3470/275 1166/3484/275
f 1167/3488/276 1168/3491/276 1166/3485/276 1165/3482/276
f 1166/3486/51 1161/3471/51 1162/3474/51 1165/3483/51
f 1167/3489/52 1164/3480/52 1163/3477/52 1168/3492/52
f 1172/3502/277 1175/3511/277 1173/3505/277 1170/3496/277
f 1171/3499/278 1172/3503/278 1170/3497/278 1169/3493/278
f 1176/3514/279 1171/3500/279 1169/3494/279 1174/3508/279
f 1175/3512/280 1176/3515/280 1174/3509/280 1173/3506/280
f 1174/3510/51 1169/3495/51 1170/3498/51 1173/3507/51
f 1175/3513/52 1172/3504/52 1171/3501/52 1176/3516/52
f 1180/3526/161 1183/3535/161 1181/3529/161 1178/3520/161
f 1179/3523/281 1180/3527/281 1178/3521/281 1177/3517/281
f 1184/3538/199 1179/3524/199 1177/3518/199 1182/3532/199
f 1183/3536/164 1184/3539/164 1182/3533/164 1181/3530/164
f 1182/3534/51 1177/3519/51 1178/3522/51 1181/3531/51
f 1183/3537/52 1180/3528/52 1179/3525/52 1184/3540/52
f 1188/3550/282 1191/3559/282 1189/3553/282 1186/3544/282
f 1187/3547/283 1188/3551/283 1186/3545/283 1185/3541/283
f 1192/3562/284 1187/3548/284 1185/3542/284 1190/3556/284
f 1191/3560/285 1192/3563/285 1190/3557/285 1189/3554/285
f 1190/3558/51 1185/3543/51 1186/3546/51 1189/3555/51
f 1191/3561/52 1188/3552/52 1187/3549/52 1192/3564/52
f 1196/3574/286 1199/3583/286 1197/3577/286 1194/3568/286
f 1195/3571/287 1196/3575/287 1194/3569/287 1193/3565/287
f 1200/3586/288 1195/3572/288 1193/3566/288 1198/3580/288
f 1199/3584/289 1200/3587/289 1198/3581/289 1197/3578/289
f 1198/3582/290 1193/3567/290 1194/3570/290 1197/3579/290
f 1199/3585/291 1196/3576/291 1195/3573/291 1200/3588/291
f 1204/3598/183 1207/3607/183 1205/3601/183 1202/3592/183
f 1203/3595/184 1204/3599/184 1202/3593/184 1201/3589/184
f 1208/3610/185 1203/3596/185 1201/3590/185 1206/3604/185
f 1207/3608/186 1208/3611/186 1206/3605/186 1205/3602/186
f 1206/3606/51 1201/3591/51 1202/3594/51 1205/3603/51
f 1207/3609/52 1204/3600/52 1203/3597/52 1208/3612/52
f 1212/3622/292 1215/3631/292 1213/3625/292 1210/3616/292
f 1211/3619/184 1212/3623/184 1210/3617/184 1209/3613/184
f 1216/3634/293 1211/3620/293 1209/3614/293 1214/3628/293
f 1215/3632/186 1216/3635/186 1214/3629/186 1213/3626/186
f 1214/3630/294 1209/3615/294 1210/3618/294 1213/3627/294
f 1215/3633/295 1212/3624/295 1211/3621/295 1216/3636/295
f 1220/3646/292 1223/3655/292 1221/3649/292 1218/3640/292
f 1219/3643/184 1220/3647/184 1218/3641/184 1217/3637/184
f 1224/3658/293 1219/3644/293 1217/3638/293 1222/3652/293
f 1223/3656/186 1224/3659/186 1222/3653/186 1221/3650/186
f 1222/3654/294 1217/3639/294 1218/3642/294 1221/3651/294
f 1223/3657/295 1220/3648/295 1219/3645/295 1224/3660/295
f 1228/3670/296 1231/3679/296 1229/3673/296 1226/3664/296
f 1227/3667/297 1228/3671/297 1226/3665/297 1225/3661/297
f 1232/3682/298 1227/3668/298 1225/3662/298 1230/3676/298
f 1231/3680/299 1232/3683/299 1230/3677/299 1229/3674/299
f 1230/3678/51 1225/3663/51 1226/3666/51 1229/3675/51
f 1231/3681/52 1228/3672/52 1227/3669/52 1232/3684/52
f 1236/3694/300 1239/3703/300 1237/3697/300 1234/3688/300
f 1235/3691/301 1236/3695/301 1234/3689/301 1233/3685/301
f 1240/3706/302 1235/3692/302 1233/3686/302 1238/3700/302
f 1239/3704/303 1240/3707/303 1238/3701/303 1237/3698/303
f 1238/3702/304 1233/3687/304 1234/3690/304 1237/3699/304
f 1239/3705/305 1236/3696/305 1235/3693/305 1240/3708/305
f 1244/3718/306 1247/3727/306 1245/3721/306 1242/3712/306
f 1243/3715/307 1244/3719/307 1242/3713/307 1241/3709/307
f 1248/3730/308 1243/3716/308 1241/3710/308 1246/3724/308
f 1247/3728/309 1248/3731/309 1246/3725/309 1245/3722/309
f 1246/3726/51 1241/3711/51 1242/3714/51 1245/3723/51
f 1247/3729/52 1244/3720/52 1243/3717/52 1248/3732/52
f 1252/3742/310 1255/3751/310 1253/3745/310 1250/3736/310
f 1251/3739/311 1252/3743/311 1250/3737/311 1249/3733/311
f 1256/3754/312 1251/3740/312 1249/3734/312 1254/3748/312
f 1255/3752/313 1256/3755/313 1254/3749/313 1253/3746/313
f 1254/3750/51 1249/3735/51 1250/3738/51 1253/3747/51
f 1255/3753/52 1252/3744/52 1251/3741/52 1256/3756/52
f 1260/3766/314 1263/3775/314 1261/3769/314 1258/3760/314
f 1259/3763/315 1260/3767/315 1258/3761/315 1257/3757/315
f 1264/3778/316 1259/3764/316 1257/3758/316 1262/3772/316
f 1263/3776/317 1264/3779/317 1262/3773/317 1261/3770/317
f 1262/3774/318 1257/3759/318 1258/3762/318 1261/3771/318
f 1263/3777/319 1260/3768/319 1259/3765/319 1264/3780/319
f 1268/3790/233 1271/3799/233 1269/3793/233 1266/3784/233
f 1267/3787/49 1268/3791/49 1266/3785/49 1265/3781/49
f 1272/3802/234 1267/3788/234 1265/3782/234 1270/3796/234
f 1271/3800/50 1272/3803/50 1270/3797/50 1269/3794/50
f 1270/3798/235 1265/3783/235 1266/3786/235 1269/3795/235
f 1271/3801/236 1268/3792/236 1267/3789/236 1272/3804/236
f 1276/3814/320 1279/3823/320 1277/3817/320 1274/3808/320
f 1275/3811/321 1276/3815/321 1274/3809/321 1273/3805/321
f 1280/3826/322 1275/3812/322 1273/3806/322 1278/3820/322
f 1279/3824/323 1280/3827/323 1278/3821/323 1277/3818/323
f 1278/3822/227 1273/3807/227 1274/3810/227 1277/3819/227
f 1279/3825/228 1276/3816/228 1275/3813/228 1280/3828/228
f 1284/3838/324 1287/3847/324 1285/3841/324 1282/3832/324
f 1283/3835/325 1284/3839/325 1282/3833/325 1281/3829/325
f 1288/3850/326 1283/3836/326 1281/3830/326 1286/3844/326
f 1287/3848/327 1288/3851/327 1286/3845/327 1285/3842/327
f 1286/3846/328 1281/3831/328 1282/3834/328 1285/3843/328
f 1287/3849/329 1284/3840/329 1283/3837/329 1288/3852/329
f 1292/3862/39 1295/3871/39 1293/3865/39 1290/3856/39
f 1291/3859/49 1292/3863/49 1290/3857/49 1289/3853/49
f 1296/3874/41 1291/3860/41 1289/3854/41 1294/3868/41
f 1295/3872/50 1296/3875/50 1294/3869/50 1293/3866/50
f 1294/3870/51 1289/3855/51 1290/3858/51 1293/3867/51
f 1295/3873/52 1292/3864/52 1291/3861/52 1296/3876/52
f 1300/3886/39 1303/3895/39 1301/3889/39 1298/3880/39
f 1299/3883/49 1300/3887/49 1298/3881/49 1297/3877/49
f 1304/3898/41 1299/3884/41 1297/3878/41 1302/3892/41
f 1303/3896/50 1304/3899/50 1302/3893/50 1301/3890/50
f 1302/3894/51 1297/3879/51 1298/3882/51 1301/3891/51
f 1303/3897/52 1300/3888/52 1299/3885/52 1304/3900/52
f 1308/3910/39 1311/3919/39 1309/3913/39 1306/3904/39
f 1307/3907/49 1308/3911/49 1306/3905/49 1305/3901/49
f 1312/3922/41 1307/3908/41 1305/3902/41 1310/3916/41
f 1311/3920/50 1312/3923/50 1310/3917/50 1309/3914/50
f 1310/3918/51 1305/3903/51 1306/3906/51 1309/3915/51
f 1311/3921/52 1308/3912/52 1307/3909/52 1312/3924/52
f 1316/3934/330 1319/3943/330 1317/3937/330 1314/3928/330
f 1315/3931/331 1316/3935/331 1314/3929/331 1313/3925/331
f 1320/3946/332 1315/3932/332 1313/3926/332 1318/3940/332
f 1319/3944/333 1320/3947/333 1318/3941/333 1317/3938/333
f 1318/3942/334 1313/3927/334 1314/3930/334 1317/3939/334
f 1319/3945/335 1316/3936/335 1315/3933/335 1320/3948/335
f 1324/3958/39 1327/3967/39 1325/3961/39 1322/3952/39
f 1323/3955/336 1324/3959/336 1322/3953/336 1321/3949/336
f 1328/3970/41 1323/3956/41 1321/3950/41 1326/3964/41
f 1327/3968/337 1328/3971/337 1326/3965/337 1325/3962/337
f 1326/3966/338 1321/3951/338 1322/3954/338 1325/3963/338
f 1327/3969/339 1324/3960/339 1323/3957/339 1328/3972/339
f 1332/3982/340 1335/3991/340 1333/3985/340 1330/3976/340
f 1331/3979/341 1332/3983/341 1330/3977/341 1329/3973/341
f 1336/3994/342 1331/3980/342 1329/3974/342 1334/3988/342
f 1335/3992/343 1336/3995/343 1334/3989/343 1333/3986/343
f 1334/3990/124 1329/3975/124 1330/3978/124 1333/3987/124
f 1335/3993/125 1332/3984/125 1331/3981/125 1336/3996/125
f 1340/4006/344 1343/4015/344 1341/4009/344 1338/4000/344
f 1339/4003/345 1340/4007/345 1338/4001/345 1337/3997/345
f 1344/4018/346 1339/4004/346 1337/3998/346 1342/4012/346
f 1343/4016/347 1344/4019/347 1342/4013/347 1341/4010/347
f 1342/4014/51 1337/3999/51 1338/4002/51 1341/4011/51
f 1343/4017/52 1340/4008/52 1339/4005/52 1344/4020/52
f 1348/4030/348 1351/4039/348 1349/4033/348 1346/4024/348
f 1347/4027/349 1348/4031/349 1346/4025/349 1345/4021/349
f 1352/4042/350 1347/4028/350 1345/4022/350 1350/4036/350
f 1351/4040/351 1352/4043/351 1350/4037/351 1349/4034/351
f 1350/4038/51 1345/4023/51 1346/4026/51 1349/4035/51
f 1351/4041/52 1348/4032/52 1347/4029/52 1352/4044/52
f 1356/4054/165 1359/4063/165 1357/4057/165 1354/4048/165
f 1355/4051/166 1356/4055/166 1354/4049/166 1353/4045/166
f 1360/4066/167 1355/4052/167 1353/4046/167 1358/4060/167
f 1359/4064/168 1360/4067/168 1358/4061/168 1357/4058/168
f 1358/4062/51 1353/4047/51 1354/4050/51 1357/4059/51
f 1359/4065/52 1356/4056/52 1355/4053/52 1360/4068/52
f 1364/4078/39 1367/4087/39 1365/4081/39 1362/4072/39
f 1363/4075/49 1364/4079/49 1362/4073/49 1361/4069/49
f 1368/4090/41 1363/4076/41 1361/4070/41 1366/4084/41
f 1367/4088/50 1368/4091/50 1366/4085/50 1365/4082/50
f 1366/4086/51 1361/4071/51 1362/4074/51 1365/4083/51
f 1367/4089/52 1364/4080/52 1363/4077/52 1368/4092/52
f 1372/4102/39 1375/4111/39 1373/4105/39 1370/4096/39
f 1371/4099/49 1372/4103/49 1370/4097/49 1369/4093/49
f 1376/4114/41 1371/4100/41 1369/4094/41 1374/4108/41
f 1375/4112/50 1376/4115/50 1374/4109/50 1373/4106/50
f 1374/4110/51 1369/4095/51 1370/4098/51 1373/4107/51
f 1375/4113/52 1372/4104/52 1371/4101/52 1376/4116/52
f 1380/4126/39 1383/4135/39 1381/4129/39 1378/4120/39
f 1379/4123/49 1380/4127/49 1378/4121/49 1377/4117/49
f 1384/4138/41 1379/4124/41 1377/4118/41 1382/4132/41
f 1383/4136/50 1384/4139/50 1382/4133/50 1381/4130/50
f 1382/4134/51 1377/4119/51 1378/4122/51 1381/4131/51
f 1383/4137/52 1380/4128/52 1379/4125/52 1384/4140/52
f 1388/4150/352 1391/4159/352 1389/4153/352 1386/4144/352
f 1387/4147/180 1388/4151/180 1386/4145/180 1385/4141/180
f 1392/4162/353 1387/4148/353 1385/4142/353 1390/4156/353
f 1391/4160/182 1392/4163/182 1390/4157/182 1389/4154/182
f 1390/4158/354 1385/4143/354 1386/4146/354 1389/4155/354
f 1391/4161/355 1388/4152/355 1387/4149/355 1392/4164/355
f 1396/4174/352 1399/4183/352 1397/4177/352 1394/4168/352
f 1395/4171/180 1396/4175/180 1394/4169/180 1393/4165/180
f 1400/4186/353 1395/4172/353 1393/4166/353 1398/4180/353
f 1399/4184/182 1400/4187/182 1398/4181/182 1397/4178/182
f 1398/4182/354 1393/4167/354 1394/4170/354 1397/4179/354
f 1399/4185/355 1396/4176/355 1395/4173/355 1400/4188/355
f 1404/4198/179 1407/4207/179 1405/4201/179 1402/4192/179
f 1403/4195/180 1404/4199/180 1402/4193/180 1401/4189/180
f 1408/4210/181 1403/4196/181 1401/4190/181 1406/4204/181
f 1407/4208/182 1408/4211/182 1406/4205/182 1405/4202/182
f 1406/4206/51 1401/4191/51 1402/4194/51 1405/4203/51
f 1407/4209/52 1404/4200/52 1403/4197/52 1408/4212/52
f 1412/4222/165 1415/4231/165 1413/4225/165 1410/4216/165
f 1411/4219/166 1412/4223/166 1410/4217/166 1409/4213/166
f 1416/4234/167 1411/4220/167 1409/4214/167 1414/4228/167
f 1415/4232/168 1416/4235/168 1414/4229/168 1413/4226/168
f 1414/4230/51 1409/4215/51 1410/4218/51 1413/4227/51
f 1415/4233/52 1412/4224/52 1411/4221/52 1416/4236/52
f 1420/4246/356 1423/4255/356 1421/4249/356 1418/4240/356
f 1419/4243/166 1420/4247/166 1418/4241/166 1417/4237/166
f 1424/4258/357 1419/4244/357 1417/4238/357 1422/4252/357
f 1423/4256/168 1424/4259/168 1422/4253/168 1421/4250/168
f 1422/4254/328 1417/4239/328 1418/4242/328 1421/4251/328
f 1423/4257/329 1420/4248/329 1419/4245/329 1424/4260/329
f 1428/4270/165 1431/4279/165 1429/4273/165 1426/4264/165
f 1427/4267/166 1428/4271/166 1426/4265/166 1425/4261/166
f 1432/4282/358 1427/4268/358 1425/4262/358 1430/4276/358
f 1431/4280/359 1432/4283/359 1430/4277/359 1429/4274/359
f 1430/4278/51 1425/4263/51 1426/4266/51 1429/4275/51
f 1431/4281/52 1428/4272/52 1427/4269/52 1432/4284/52
f 1436/4294/356 1439/4303/356 1437/4297/356 1434/4288/356
f 1435/4291/166 1436/4295/166 1434/4289/166 1433/4285/166
f 1440/4306/357 1435/4292/357 1433/4286/357 1438/4300/357
f 1439/4304/168 1440/4307/168 1438/4301/168 1437/4298/168
f 1438/4302/328 1433/4287/328 1434/4290/328 1437/4299/328
f 1439/4305/329 1436/4296/329 1435/4293/329 1440/4308/329
f 1444/4318/39 1447/4327/39 1445/4321/39 1442/4312/39
f 1443/4315/49 1444/4319/49 1442/4313/49 1441/4309/49
f 1448/4330/41 1443/4316/41 1441/4310/41 1446/4324/41
f 1447/4328/50 1448/4331/50 1446/4325/50 1445/4322/50
f 1446/4326/51 1441/4311/51 1442/4314/51 1445/4323/51
f 1447/4329/52 1444/4320/52 1443/4317/52 1448/4332/52
f 1452/4342/75 1455/4351/75 1453/4345/75 1450/4336/75
f 1451/4339/49 1452/4343/49 1450/4337/49 1449/4333/49
f 1456/4354/76 1451/4340/76 1449/4334/76 1454/4348/76
f 1455/4352/50 1456/4355/50 1454/4349/50 1453/4346/50
f 1454/4350/77 1449/4335/77 1450/4338/77 1453/4347/77
f 1455/4353/78 1452/4344/78 1451/4341/78 1456/4356/78
f 1460/4366/39 1463/4375/39 1461/4369/39 1458/4360/39
f 1459/4363/49 1460/4367/49 1458/4361/49 1457/4357/49
f 1464/4378/41 1459/4364/41 1457/4358/41 1462/4372/41
f 1463/4376/50 1464/4379/50 1462/4373/50 1461/4370/50
f 1462/4374/51 1457/4359/51 1458/4362/51 1461/4371/51
f 1463/4377/52 1460/4368/52 1459/4365/52 1464/4380/52
f 1468/4390/39 1471/4399/39 1469/4393/39 1466/4384/39
f 1467/4387/49 1468/4391/49 1466/4385/49 1465/4381/49
f 1472/4402/41 1467/4388/41 1465/4382/41 1470/4396/41
f 1471/4400/50 1472/4403/50 1470/4397/50 1469/4394/50
f 1470/4398/51 1465/4383/51 1466/4386/51 1469/4395/51
f 1471/4401/52 1468/4392/52 1467/4389/52 1472/4404/52
f 1476/4414/39 1479/4423/39 1477/4417/39 1474/4408/39
f 1475/4411/49 1476/4415/49 1474/4409/49 1473/4405/49
f 1480/4426/41 1475/4412/41 1473/4406/41 1478/4420/41
f 1479/4424/50 1480/4427/50 1478/4421/50 1477/4418/50
f 1478/4422/51 1473/4407/51 1474/4410/51 1477/4419/51
f 1479/4425/52 1476/4416/52 1475/4413/52 1480/4428/52
f 1484/4438/208 1487/4447/208 1485/4441/208 1482/4432/208
f 1483/4435/209 1484/4439/209 1482/4433/209 1481/4429/209
f 1488/4450/210 1483/4436/210 1481/4430/210 1486/4444/210
f 1487/4448/211 1488/4451/211 1486/4445/211 1485/4442/211
f 1486/4446/51 1481/4431/51 1482/4434/51 1485/4443/51
f 1487/4449/52 1484/4440/52 1483/4437/52 1488/4452/52
f 1492/4462/39 1495/4471/39 1493/4465/39 1490/4456/39
f 1491/4459/49 1492/4463/49 1490/4457/49 1489/4453/49
f 1496/4474/41 1491/4460/41 1489/4454/41 1494/4468/41
f 1495/4472/50 1496/4475/50 1494/4469/50 1493/4466/50
f 1494/4470/51 1489/4455/51 1490/4458/51 1493/4467/51
f 1495/4473/52 1492/4464/52 1491/4461/52 1496/4476/52
f 1500/4486/360 1503/4495/360 1501/4489/360 1498/4480/360
f 1499/4483/49 1500/4487/49 1498/4481/49 1497/4477/49
f 1504/4498/361 1499/4484/361 1497/4478/361 1502/4492/361
f 1503/4496/50 1504/4499/50 1502/4493/50 1501/4490/50
f 1502/4494/362 1497/4479/362 1498/4482/362 1501/4491/362
f 1503/4497/363 1500/4488/363 1499/4485/363 1504/4500/363
f 1508/4510/39 1511/4519/39 1509/4513/39 1506/4504/39
f 1507/4507/49 1508/4511/49 1506/4505/49 1505/4501/49
f 1512/4522/41 1507/4508/41 1505/4502/41 1510/4516/41
f 1511/4520/50 1512/4523/50 1510/4517/50 1509/4514/50
f 1510/4518/51 1505/4503/51 1506/4506/51 1509/4515/51
f 1511/4521/52 1508/4512/52 1507/4509/52 1512/4524/52
f 1516/4534/39 1519/4543/39 1517/4537/39 1514/4528/39
f 1515/4531/110 1516/4535/110 1514/4529/110 1513/4525/110
f 1520/4546/41 1515/4532/41 1513/4526/41 1518/4540/41
f 1519/4544/111 1520/4547/111 1518/4541/111 1517/4538/111
f 1518/4542/112 1513/4527/112 1514/4530/112 1517/4539/112
f 1519/4545/113 1516/4536/113 1515/4533/113 1520/4548/113
f 1524/4558/39 1527/4567/39 1525/4561/39 1522/4552/39
f 1523/4555/110 1524/4559/110 1522/4553/110 1521/4549/110
f 1528/4570/41 1523/4556/41 1521/4550/41 1526/4564/41
f 1527/4568/111 1528/4571/111 1526/4565/111 1525/4562/111
f 1526/4566/112 1521/4551/112 1522/4554/112 1525/4563/112
f 1527/4569/113 1524/4560/113 1523/4557/113 1528/4572/113
f 1532/4582/330 1535/4591/330 1533/4585/330 1530/4576/330
f 1531/4579/364 1532/4583/364 1530/4577/364 1529/4573/364
f 1536/4594/365 1531/4580/365 1529/4574/365 1534/4588/365
f 1535/4592/366 1536/4595/366 1534/4589/366 1533/4586/366
f 1534/4590/77 1529/4575/77 1530/4578/77 1533/4587/77
f 1535/4593/78 1532/4584/78 1531/4581/78 1536/4596/78
f 1540/4606/340 1543/4615/340 1541/4609/340 1538/4600/340
f 1539/4603/341 1540/4607/341 1538/4601/341 1537/4597/341
f 1544/4618/342 1539/4604/342 1537/4598/342 1542/4612/342
f 1543/4616/343 1544/4619/343 1542/4613/343 1541/4610/343
f 1542/4614/124 1537/4599/124 1538/4602/124 1541/4611/124
f 1543/4617/125 1540/4608/125 1539/4605/125 1544/4620/125
f 1548/4630/39 1551/4639/39 1549/4633/39 1546/4624/39
f 1547/4627/110 1548/4631/110 1546/4625/110 1545/4621/110
f 1552/4642/41 1547/4628/41 1545/4622/41 1550/4636/41
f 1551/4640/111 1552/4643/111 1550/4637/111 1549/4634/111
f 1550/4638/367 1545/4623/367 1546/4626/367 1549/4635/367
f 1551/4641/113 1548/4632/113 1547/4629/113 1552/4644/113
f 1556/4654/368 1559/4663/368 1557/4657/368 1554/4648/368
f 1555/4651/200 1556/4655/200 1554/4649/200 1553/4645/200
f 1560/4666/369 1555/4652/369 1553/4646/369 1558/4660/369
f 1559/4664/201 1560/4667/201 1558/4661/201 1557/4658/201
f 1558/4662/370 1553/4647/370 1554/4650/370 1557/4659/370
f 1559/4665/371 1556/4656/371 1555/4653/371 1560/4668/371
f 1564/4678/372 1567/4687/372 1565/4681/372 1562/4672/372
f 1563/4675/373 1564/4679/373 1562/4673/373 1561/4669/373
f 1568/4690/374 1563/4676/374 1561/4670/374 1566/4684/374
f 1567/4688/375 1568/4691/375 1566/4685/375 1565/4682/375
f 1566/4686/376 1561/4671/376 1562/4674/376 1565/4683/376
f 1567/4689/377 1564/4680/377 1563/4677/377 1568/4692/377
f 1572/4702/378 1575/4711/378 1573/4705/378 1570/4696/378
f 1571/4699/379 1572/4703/379 1570/4697/379 1569/4693/379
f 1576/4714/380 1571/4700/380 1569/4694/380 1574/4708/380
f 1575/4712/381 1576/4715/381 1574/4709/381 1573/4706/381
f 1574/4710/382 1569/4695/382 1570/4698/382 1573/4707/382
f 1575/4713/383 1572/4704/383 1571/4701/383 1576/4716/383
f 1580/4726/39 1583/4735/39 1581/4729/39 1578/4720/39
f 1579/4723/49 1580/4727/49 1578/4721/49 1577/4717/49
f 1584/4738/41 1579/4724/41 1577/4718/41 1582/4732/41
f 1583/4736/50 1584/4739/50 1582/4733/50 1581/4730/50
f 1582/4734/51 1577/4719/51 1578/4722/51 1581/4731/51
f 1583/4737/52 1580/4728/52 1579/4725/52 1584/4740/52
f 1588/4750/39 1591/4759/39 1589/4753/39 1586/4744/39
f 1587/4747/97 1588/4751/97 1586/4745/97 1585/4741/97
f 1592/4762/41 1587/4748/41 1585/4742/41 1590/4756/41
f 1591/4760/99 1592/4763/99 1590/4757/99 1589/4754/99
f 1590/4758/114 1585/4743/114 1586/4746/114 1589/4755/114
f 1591/4761/115 1588/4752/115 1587/4749/115 1592/4764/115
f 1596/4774/39 1599/4783/39 1597/4777/39 1594/4768/39
f 1595/4771/49 1596/4775/49 1594/4769/49 1593/4765/49
f 1600/4786/41 1595/4772/41 1593/4766/41 1598/4780/41
f 1599/4784/50 1600/4787/50 1598/4781/50 1597/4778/50
f 1598/4782/51 1593/4767/51 1594/4770/51 1597/4779/51
f 1599/4785/52 1596/4776/52 1595/4773/52 1600/4788/52
f 1604/4798/39 1607/4807/39 1605/4801/39 1602/4792/39
f 1603/4795/97 1604/4799/97 1602/4793/97 1601/4789/97
f 1608/4810/41 1603/4796/41 1601/4790/41 1606/4804/41
f 1607/4808/99 1608/4811/99 1606/4805/99 1605/4802/99
f 1606/4806/114 1601/4791/114 1602/4794/114 1605/4803/114
f 1607/4809/115 1604/4800/115 1603/4797/115 1608/4812/115
f 1612/4822/39 1615/4831/39 1613/4825/39 1610/4816/39
f 1611/4819/97 1612/4823/97 1610/4817/97 1609/4813/97
f 1616/4834/41 1611/4820/41 1609/4814/41 1614/4828/41
f 1615/4832/99 1616/4835/99 1614/4829/99 1613/4826/99
f 1614/4830/114 1609/4815/114 1610/4818/114 1613/4827/114
f 1615/4833/115 1612/4824/115 1611/4821/115 1616/4836/115
f 1620/4846/39 1623/4855/39 1621/4849/39 1618/4840/39
f 1619/4843/49 1620/4847/49 1618/4841/49 1617/4837/49
f 1624/4858/41 1619/4844/41 1617/4838/41 1622/4852/41
f 1623/4856/50 1624/4859/50 1622/4853/50 1621/4850/50
f 1622/4854/51 1617/4839/51 1618/4842/51 1621/4851/51
f 1623/4857/52 1620/4848/52 1619/4845/52 1624/4860/52
f 1628/4870/232 1631/4879/232 1629/4873/232 1626/4864/232
f 1627/4867/49 1628/4871/49 1626/4865/49 1625/4861/49
f 1632/4882/231 1627/4868/231 1625/4862/231 1630/4876/231
f 1631/4880/50 1632/4883/50 1630/4877/50 1629/4874/50
f 1630/4878/229 1625/4863/229 1626/4866/229 1629/4875/229
f 1631/4881/230 1628/4872/230 1627/4869/230 1632/4884/230
f 1636/4894/384 1639/4903/384 1637/4897/384 1634/4888/384
f 1635/4891/49 1636/4895/49 1634/4889/49 1633/4885/49
f 1640/4906/385 1635/4892/385 1633/4886/385 1638/4900/385
f 1639/4904/50 1640/4907/50 1638/4901/50 1637/4898/50
f 1638/4902/386 1633/4887/386 1634/4890/386 1637/4899/386
f 1639/4905/387 1636/4896/387 1635/4893/387 1640/4908/387
f 1644/4918/388 1647/4927/388 1645/4921/388 1642/4912/388
f 1643/4915/49 1644/4919/49 1642/4913/49 1641/4909/49
f 1648/4930/389 1643/4916/389 1641/4910/389 1646/4924/389
f 1647/4928/50 1648/4931/50 1646/4925/50 1645/4922/50
f 1646/4926/382 1641/4911/382 1642/4914/382 1645/4923/382
f 1647/4929/383 1644/4920/383 1643/4917/383 1648/4932/383
f 1652/4942/390 1655/4951/390 1653/4945/390 1650/4936/390
f 1651/4939/49 1652/4943/49 1650/4937/49 1649/4933/49
f 1656/4954/391 1651/4940/391 1649/4934/391 1654/4948/391
f 1655/4952/50 1656/4955/50 1654/4949/50 1653/4946/50
f 1654/4950/376 1649/4935/376 1650/4938/376 1653/4947/376
f 1655/4953/377 1652/4944/377 1651/4941/377 1656/4956/377
f 1660/4966/39 1663/4975/39 1661/4969/39 1658/4960/39
f 1659/4963/49 1660/4967/49 1658/4961/49 1657/4957/49
f 1664/4978/41 1659/4964/41 1657/4958/41 1662/4972/41
f 1663/4976/50 1664/4979/50 1662/4973/50 1661/4970/50
f 1662/4974/51 1657/4959/51 1658/4962/51 1661/4971/51
f 1663/4977/52 1660/4968/52 1659/4965/52 1664/4980/52
f 1668/4990/75 1671/4999/75 1669/4993/75 1666/4984/75
f 1667/4987/49 1668/4991/49 1666/4985/49 1665/4981/49
f 1672/5002/76 1667/4988/76 1665/4982/76 1670/4996/76
f 1671/5000/50 1672/5003/50 1670/4997/50 1669/4994/50
f 1670/4998/77 1665/4983/77 1666/4986/77 1669/4995/77
f 1671/5001/78 1668/4992/78 1667/4989/78 1672/5004/78
f 1676/5014/392 1679/5023/392 1677/5017/392 1674/5008/392
f 1675/5011/393 1676/5015/393 1674/5009/393 1673/5005/393
f 1680/5026/394 1675/5012/394 1673/5006/394 1678/5020/394
f 1679/5024/395 1680/5027/395 1678/5021/395 1677/5018/395
f 1678/5022/94 1673/5007/94 1674/5010/94 1677/5019/94
f 1679/5025/95 1676/5016/95 1675/5013/95 1680/5028/95
f 1684/5038/379 1687/5047/379 1685/5041/379 1682/5032/379
f 1683/5035/380 1684/5039/380 1682/5033/380 1681/5029/380
f 1688/5050/381 1683/5036/381 1681/5030/381 1686/5044/381
f 1687/5048/378 1688/5051/378 1686/5045/378 1685/5042/378
f 1686/5046/382 1681/5031/382 1682/5034/382 1685/5043/382
f 1687/5049/383 1684/5040/383 1683/5037/383 1688/5052/383
f 1692/5062/39 1695/5071/39 1693/5065/39 1690/5056/39
f 1691/5059/339 1692/5063/339 1690/5057/339 1689/5053/339
f 1696/5074/41 1691/5060/41 1689/5054/41 1694/5068/41
f 1695/5072/338 1696/5075/338 1694/5069/338 1693/5066/338
f 1694/5070/336 1689/5055/336 1690/5058/336 1693/5067/336
f 1695/5073/337 1692/5064/337 1691/5061/337 1696/5076/337
f 1700/5086/375 1703/5095/375 1701/5089/375 1698/5080/375
f 1699/5083/372 1700/5087/372 1698/5081/372 1697/5077/372
f 1704/5098/373 1699/5084/373 1697/5078/373 1702/5092/373
f 1703/5096/374 1704/5099/374 1702/5093/374 1701/5090/374
f 1702/5094/376 1697/5079/376 1698/5082/376 1701/5091/376
f 1703/5097/377 1700/5088/377 1699/5085/377 1704/5100/377
f 1708/5110/366 1711/5119/366 1709/5113/366 1706/5104/366
f 1707/5107/396 1708/5111/396 1706/5105/396 1705/5101/396
f 1712/5122/364 1707/5108/364 1705/5102/364 1710/5116/364
f 1711/5120/397 1712/5123/397 1710/5117/397 1709/5114/397
f 1710/5118/398 1705/5103/398 1706/5106/398 1709/5115/398
f 1711/5121/399 1708/5112/399 1707/5109/399 1712/5124/399
f 1716/5134/400 1719/5143/400 1717/5137/400 1714/5128/400
f 1715/5131/49 1716/5135/49 1714/5129/49 1713/5125/49
f 1720/5146/401 1715/5132/401 1713/5126/401 1718/5140/401
f 1719/5144/50 1720/5147/50 1718/5141/50 1717/5138/50
f 1718/5142/402 1713/5127/402 1714/5130/402 1717/5139/402
f 1719/5145/403 1716/5136/403 1715/5133/403 1720/5148/403
f 1724/5158/404 1727/5167/404 1725/5161/404 1722/5152/404
f 1723/5155/405 1724/5159/405 1722/5153/405 1721/5149/405
f 1728/5170/406 1723/5156/406 1721/5150/406 1726/5164/406
f 1727/5168/407 1728/5171/407 1726/5165/407 1725/5162/407
f 1726/5166/408 1721/5151/408 1722/5154/408 1725/5163/408
f 1727/5169/409 1724/5160/409 1723/5157/409 1728/5172/409
f 1732/5182/410 1735/5191/410 1733/5185/410 1730/5176/410
f 1731/5179/411 1732/5183/411 1730/5177/411 1729/5173/411
f 1736/5194/412 1731/5180/412 1729/5174/412 1734/5188/412
f 1735/5192/413 1736/5195/413 1734/5189/413 1733/5186/413
f 1734/5190/414 1729/5175/414 1730/5178/414 1733/5187/414
f 1735/5193/415 1732/5184/415 1731/5181/415 1736/5196/415
f 1740/5206/249 1743/5215/249 1741/5209/249 1738/5200/249
f 1739/5203/49 1740/5207/49 1738/5201/49 1737/5197/49
f 1744/5218/250 1739/5204/250 1737/5198/250 1742/5212/250
f 1743/5216/50 1744/5219/50 1742/5213/50 1741/5210/50
f 1742/5214/251 1737/5199/251 1738/5202/251 1741/5211/251
f 1743/5217/252 1740/5208/252 1739/5205/252 1744/5220/252
f 1748/5230/39 1751/5239/39 1749/5233/39 1746/5224/39
f 1747/5227/49 1748/5231/49 1746/5225/49 1745/5221/49
f 1752/5242/41 1747/5228/41 1745/5222/41 1750/5236/41
f 1751/5240/50 1752/5243/50 1750/5237/50 1749/5234/50
f 1750/5238/51 1745/5223/51 1746/5226/51 1749/5235/51
f 1751/5241/52 1748/5232/52 1747/5229/52 1752/5244/52
f 1756/5254/39 1759/5263/39 1757/5257/39 1754/5248/39
f 1755/5251/49 1756/5255/49 1754/5249/49 1753/5245/49
f 1760/5266/41 1755/5252/41 1753/5246/41 1758/5260/41
f 1759/5264/50 1760/5267/50 1758/5261/50 1757/5258/50
f 1758/5262/51 1753/5247/51 1754/5250/51 1757/5259/51
f 1759/5265/52 1756/5256/52 1755/5253/52 1760/5268/52
f 1764/5278/39 1767/5287/39 1765/5281/39 1762/5272/39
f 1763/5275/49 1764/5279/49 1762/5273/49 1761/5269/49
f 1768/5290/41 1763/5276/41 1761/5270/41 1766/5284/41
f 1767/5288/50 1768/5291/50 1766/5285/50 1765/5282/50
f 1766/5286/51 1761/5271/51 1762/5274/51 1765/5283/51
f 1767/5289/52 1764/5280/52 1763/5277/52 1768/5292/52
f 1772/5302/39 1775/5311/39 1773/5305/39 1770/5296/39
f 1771/5299/40 1772/5303/40 1770/5297/40 1769/5293/40
f 1776/5314/41 1771/5300/41 1769/5294/41 1774/5308/41
f 1775/5312/42 1776/5315/42 1774/5309/42 1773/5306/42
f 1774/5310/43 1769/5295/43 1770/5298/43 1773/5307/43
f 1775/5313/83 1772/5304/83 1771/5301/83 1776/5316/83
f 1780/5326/39 1783/5335/39 1781/5329/39 1778/5320/39
f 1779/5323/45 1780/5327/45 1778/5321/45 1777/5317/45
f 1784/5338/41 1779/5324/41 1777/5318/41 1782/5332/41
f 1783/5336/46 1784/5339/46 1782/5333/46 1781/5330/46
f 1782/5334/47 1777/5319/47 1778/5322/47 1781/5331/47
f 1783/5337/48 1780/5328/48 1779/5325/48 1784/5340/48
f 1788/5350/39 1791/5359/39 1789/5353/39 1786/5344/39
f 1787/5347/49 1788/5351/49 1786/5345/49 1785/5341/49
f 1792/5362/41 1787/5348/41 1785/5342/41 1790/5356/41
f 1791/5360/50 1792/5363/50 1790/5357/50 1789/5354/50
f 1790/5358/51 1785/5343/51 1786/5346/51 1789/5355/51
f 1791/5361/52 1788/5352/52 1787/5349/52 1792/5364/52
f 1796/5374/39 1799/5383/39 1797/5377/39 1794/5368/39
f 1795/5371/339 1796/5375/339 1794/5369/339 1793/5365/339
f 1800/5386/41 1795/5372/41 1793/5366/41 1798/5380/41
f 1799/5384/338 1800/5387/338 1798/5381/338 1797/5378/338
f 1798/5382/336 1793/5367/336 1794/5370/336 1797/5379/336
f 1799/5385/337 1796/5376/337 1795/5373/337 1800/5388/337
f 1804/5398/366 1807/5407/366 1805/5401/366 1802/5392/366
f 1803/5395/330 1804/5399/330 1802/5393/330 1801/5389/330
f 1808/5410/364 1803/5396/364 1801/5390/364 1806/5404/364
f 1807/5408/365 1808/5411/365 1806/5405/365 1805/5402/365
f 1806/5406/77 1801/5391/77 1802/5394/77 1805/5403/77
f 1807/5409/78 1804/5400/78 1803/5397/78 1808/5412/78
f 1812/5422/392 1815/5431/392 1813/5425/392 1810/5416/392
f 1811/5419/393 1812/5423/393 1810/5417/393 1809/5413/393
f 1816/5434/394 1811/5420/394 1809/5414/394 1814/5428/394
f 1815/5432/395 1816/5435/395 1814/5429/395 1813/5426/395
f 1814/5430/94 1809/5415/94 1810/5418/94 1813/5427/94
f 1815/5433/95 1812/5424/95 1811/5421/95 1816/5436/95
f 1820/5446/39 1823/5455/39 1821/5449/39 1818/5440/39
f 1819/5443/53 1820/5447/53 1818/5441/53 1817/5437/53
f 1824/5458/41 1819/5444/41 1817/5438/41 1822/5452/41
f 1823/5456/54 1824/5459/54 1822/5453/54 1821/5450/54
f 1822/5454/55 1817/5439/55 1818/5442/55 1821/5451/55
f 1823/5457/56 1820/5448/56 1819/5445/56 1824/5460/56
f 1828/5470/39 1831/5479/39 1829/5473/39 1826/5464/39
f 1827/5467/67 1828/5471/67 1826/5465/67 1825/5461/67
f 1832/5482/41 1827/5468/41 1825/5462/41 1830/5476/41
f 1831/5480/68 1832/5483/68 1830/5477/68 1829/5474/68
f 1830/5478/69 1825/5463/69 1826/5466/69 1829/5475/69
f 1831/5481/70 1828/5472/70 1827/5469/70 1832/5484/70
f 1836/5494/39 1839/5503/39 1837/5497/39 1834/5488/39
f 1835/5491/67 1836/5495/67 1834/5489/67 1833/5485/67
f 1840/5506/41 1835/5492/41 1833/5486/41 1838/5500/41
f 1839/5504/68 1840/5507/68 1838/5501/68 1837/5498/68
f 1838/5502/69 1833/5487/69 1834/5490/69 1837/5499/69
f 1839/5505/70 1836/5496/70 1835/5493/70 1840/5508/70
f 1844/5518/39 1847/5527/39 1845/5521/39 1842/5512/39
f 1843/5515/67 1844/5519/67 1842/5513/67 1841/5509/67
f 1848/5530/41 1843/5516/41 1841/5510/41 1846/5524/41
f 1847/5528/68 1848/5531/68 1846/5525/68 1845/5522/68
f 1846/5526/69 1841/5511/69 1842/5514/69 1845/5523/69
f 1847/5529/70 1844/5520/70 1843/5517/70 1848/5532/70
f 1852/5542/404 1855/5551/404 1853/5545/404 1850/5536/404
f 1851/5539/405 1852/5543/405 1850/5537/405 1849/5533/405
f 1856/5554/406 1851/5540/406 1849/5534/406 1854/5548/406
f 1855/5552/407 1856/5555/407 1854/5549/407 1853/5546/407
f 1854/5550/408 1849/5535/408 1850/5538/408 1853/5547/408
f 1855/5553/409 1852/5544/409 1851/5541/409 1856/5556/409
f 1860/5566/410 1863/5575/410 1861/5569/410 1858/5560/410
f 1859/5563/411 1860/5567/411 1858/5561/411 1857/5557/411
f 1864/5578/412 1859/5564/412 1857/5558/412 1862/5572/412
f 1863/5576/413 1864/5579/413 1862/5573/413 1861/5570/413
f 1862/5574/414 1857/5559/414 1858/5562/414 1861/5571/414
f 1863/5577/415 1860/5568/415 1859/5565/415 1864/5580/415
f 1868/5590/39 1871/5599/39 1869/5593/39 1866/5584/39
f 1867/5587/40 1868/5591/40 1866/5585/40 1865/5581/40
f 1872/5602/41 1867/5588/41 1865/5582/41 1870/5596/41
f 1871/5600/42 1872/5603/42 1870/5597/42 1869/5594/42
f 1870/5598/43 1865/5583/43 1866/5586/43 1869/5595/43
f 1871/5601/83 1868/5592/83 1867/5589/83 1872/5604/83
f 1876/5614/39 1879/5623/39 1877/5617/39 1874/5608/39
f 1875/5611/49 1876/5615/49 1874/5609/49 1873/5605/49
f 1880/5626/41 1875/5612/41 1873/5606/41 1878/5620/41
f 1879/5624/50 1880/5627/50 1878/5621/50 1877/5618/50
f 1878/5622/51 1873/5607/51 1874/5610/51 1877/5619/51
f 1879/5625/52 1876/5616/52 1875/5613/52 1880/5628/52
f 1884/5638/375 1887/5647/375 1885/5641/375 1882/5632/375
f 1883/5635/372 1884/5639/372 1882/5633/372 1881/5629/372
f 1888/5650/373 1883/5636/373 1881/5630/373 1886/5644/373
f 1887/5648/374 1888/5651/374 1886/5645/374 1885/5642/374
f 1886/5646/376 1881/5631/376 1882/5634/376 1885/5643/376
f 1887/5649/377 1884/5640/377 1883/5637/377 1888/5652/377
f 1892/5662/366 1895/5671/366 1893/5665/366 1890/5656/366
f 1891/5659/396 1892/5663/396 1890/5657/396 1889/5653/396
f 1896/5674/364 1891/5660/364 1889/5654/364 1894/5668/364
f 1895/5672/397 1896/5675/397 1894/5669/397 1893/5666/397
f 1894/5670/398 1889/5655/398 1890/5658/398 1893/5667/398
f 1895/5673/399 1892/5664/399 1891/5661/399 1896/5676/399
f 1900/5686/39 1903/5695/39 1901/5689/39 1898/5680/39
f 1899/5683/339 1900/5687/339 1898/5681/339 1897/5677/339
f 1904/5698/41 1899/5684/41 1897/5678/41 1902/5692/41
f 1903/5696/338 1904/5699/338 1902/5693/338 1901/5690/338
f 1902/5694/336 1897/5679/336 1898/5682/336 1901/5691/336
f 1903/5697/337 1900/5688/337 1899/5685/337 1904/5700/337
f 1908/5710/379 1911/5719/379 1909/5713/379 1906/5704/379
f 1907/5707/380 1908/5711/380 1906/5705/380 1905/5701/380
f 1912/5722/381 1907/5708/381 1905/5702/381 1910/5716/381
f 1911/5720/378 1912/5723/378 1910/5717/378 1909/5714/378
f 1910/5718/382 1905/5703/382 1906/5706/382 1909/5715/382
f 1911/5721/383 1908/5712/383 1907/5709/383 1912/5724/383
f 1916/5734/392 1919/5743/392 1917/5737/392 1914/5728/392
f 1915/5731/393 1916/5735/393 1914/5729/393 1913/5725/393
f 1920/5746/394 1915/5732/394 1913/5726/394 1918/5740/394
f 1919/5744/395 1920/5747/395 1918/5741/395 1917/5738/395
f 1918/5742/94 1913/5727/94 1914/5730/94 1917/5739/94
f 1919/5745/95 1916/5736/95 1915/5733/95 1920/5748/95
f 1924/5758/84 1927/5767/84 1925/5761/84 1922/5752/84
f 1923/5755/85 1924/5759/85 1922/5753/85 1921/5749/85
f 1928/5770/86 1923/5756/86 1921/5750/86 1926/5764/86
f 1927/5768/87 1928/5771/87 1926/5765/87 1925/5762/87
f 1926/5766/88 1921/5751/88 1922/5754/88 1925/5763/88
f 1927/5769/89 1924/5760/89 1923/5757/89 1928/5772/89
f 1932/5782/39 1935/5791/39 1933/5785/39 1930/5776/39
f 1931/5779/49 1932/5783/49 1930/5777/49 1929/5773/49
f 1936/5794/41 1931/5780/41 1929/5774/41 1934/5788/41
f 1935/5792/50 1936/5795/50 1934/5789/50 1933/5786/50
f 1934/5790/51 1929/5775/51 1930/5778/51 1933/5787/51
f 1935/5793/52 1932/5784/52 1931/5781/52 1936/5796/52
f 1940/5806/39 1943/5815/39 1941/5809/39 1938/5800/39
f 1939/5803/40 1940/5807/40 1938/5801/40 1937/5797/40
f 1944/5818/41 1939/5804/41 1937/5798/41 1942/5812/41
f 1943/5816/42 1944/5819/42 1942/5813/42 1941/5810/42
f 1942/5814/43 1937/5799/43 1938/5802/43 1941/5811/43
f 1943/5817/83 1940/5808/83 1939/5805/83 1944/5820/83
f 1948/5830/416 1951/5839/416 1949/5833/416 1946/5824/416
f 1947/5827/97 1948/5831/97 1946/5825/97 1945/5821/97
f 1952/5842/417 1947/5828/417 1945/5822/417 1950/5836/417
f 1951/5840/99 1952/5843/99 1950/5837/99 1949/5834/99
f 1950/5838/100 1945/5823/100 1946/5826/100 1949/5835/100
f 1951/5841/101 1948/5832/101 1947/5829/101 1952/5844/101
f 1956/5854/79 1959/5863/79 1957/5857/79 1954/5848/79
f 1955/5851/67 1956/5855/67 1954/5849/67 1953/5845/67
f 1960/5866/80 1955/5852/80 1953/5846/80 1958/5860/80
f 1959/5864/68 1960/5867/68 1958/5861/68 1957/5858/68
f 1958/5862/81 1953/5847/81 1954/5850/81 1957/5859/81
f 1959/5865/82 1956/5856/82 1955/5853/82 1960/5868/82
f 1964/5878/39 1967/5887/39 1965/5881/39 1962/5872/39
f 1963/5875/97 1964/5879/97 1962/5873/97 1961/5869/97
f 1968/5890/41 1963/5876/41 1961/5870/41 1966/5884/41
f 1967/5888/99 1968/5891/99 1966/5885/99 1965/5882/99
f 1966/5886/114 1961/5871/114 1962/5874/114 1965/5883/114
f 1967/5889/115 1964/5880/115 1963/5877/115 1968/5892/115
f 1972/5902/39 1975/5911/39 1973/5905/39 1970/5896/39
f 1971/5899/67 1972/5903/67 1970/5897/67 1969/5893/67
f 1976/5914/41 1971/5900/41 1969/5894/41 1974/5908/41
f 1975/5912/68 1976/5915/68 1974/5909/68 1973/5906/68
f 1974/5910/69 1969/5895/69 1970/5898/69 1973/5907/69
f 1975/5913/70 1972/5904/70 1971/5901/70 1976/5916/70
f 1980/5926/39 1983/5935/39 1981/5929/39 1978/5920/39
f 1979/5923/49 1980/5927/49 1978/5921/49 1977/5917/49
f 1984/5938/41 1979/5924/41 1977/5918/41 1982/5932/41
f 1983/5936/50 1984/5939/50 1982/5933/50 1981/5930/50
f 1982/5934/51 1977/5919/51 1978/5922/51 1981/5931/51
f 1983/5937/52 1980/5928/52 1979/5925/52 1984/5940/52
f 1988/5950/90 1991/5959/90 1989/5953/90 1986/5944/90
f 1987/5947/91 1988/5951/91 1986/5945/91 1985/5941/91
f 1992/5962/92 1987/5948/92 1985/5942/92 1990/5956/92
f 1991/5960/93 1992/5963/93 1990/5957/93 1989/5954/93
f 1990/5958/94 1985/5943/94 1986/5946/94 1989/5955/94
f 1991/5961/95 1988/5952/95 1987/5949/95 1992/5964/95
f 1996/5972/39 1999/5981/39 1997/5975/39 1994/5967/39
f 1995/5969/39 1996/5973/39 1994/5968/39 1993/5966/39
f 2000/5984/41 1995/5970/41 1993/5965/41 1998/5978/41
f 1999/5982/39 2000/5985/39 1998/5979/39 1997/5976/39
f 1998/5980/39 1993/5966/39 1994/5968/39 1997/5977/39
f 1999/5983/39 1996/5974/39 1995/5971/39 2000/5986/39
f 2004/5996/39 2007/6005/39 2005/5999/39 2002/5990/39
f 2003/5993/49 2004/5997/49 2002/5991/49 2001/5987/49
f 2008/6008/41 2003/5994/41 2001/5988/41 2006/6002/41
f 2007/6006/50 2008/6009/50 2006/6003/50 2005/6000/50
f 2006/6004/51 2001/5989/51 2002/5992/51 2005/6001/51
f 2007/6007/52 2004/5998/52 2003/5995/52 2008/6010/52
f 2012/6020/39 2015/6029/39 2013/6023/39 2010/6014/39
f 2011/6017/45 2012/6021/45 2010/6015/45 2009/6011/45
f 2016/6032/41 2011/6018/41 2009/6012/41 2014/6026/41
f 2015/6030/46 2016/6033/46 2014/6027/46 2013/6024/46
f 2014/6028/47 2009/6013/47 2010/6016/47 2013/6025/47
f 2015/6031/48 2012/6022/48 2011/6019/48 2016/6034/48
f 2020/6044/39 2023/6053/39 2021/6047/39 2018/6038/39
f 2019/6041/418 2020/6045/418 2018/6039/418 2017/6035/418
f 2024/6056/41 2019/6042/41 2017/6036/41 2022/6050/41
f 2023/6054/419 2024/6057/419 2022/6051/419 2021/6048/419
f 2022/6052/420 2017/6037/420 2018/6040/420 2021/6049/420
f 2023/6055/421 2020/6046/421 2019/6043/421 2024/6058/421
f 2028/6068/422 2031/6077/422 2029/6071/422 2026/6062/422
f 2027/6065/418 2028/6069/418 2026/6063/418 2025/6059/418
f 2032/6080/423 2027/6066/423 2025/6060/423 2030/6074/423
f 2031/6078/419 2032/6081/419 2030/6075/419 2029/6072/419
f 2030/6076/424 2025/6061/424 2026/6064/424 2029/6073/424
f 2031/6079/425 2028/6070/425 2027/6067/425 2032/6082/425
f 2036/6092/39 2039/6101/39 2037/6095/39 2034/6086/39
f 2035/6089/49 2036/6093/49 2034/6087/49 2033/6083/49
f 2040/6104/41 2035/6090/41 2033/6084/41 2038/6098/41
f 2039/6102/50 2040/6105/50 2038/6099/50 2037/6096/50
f 2038/6100/51 2033/6085/51 2034/6088/51 2037/6097/51
f 2039/6103/52 2036/6094/52 2035/6091/52 2040/6106/52
f 2044/6116/296 2047/6125/296 2045/6119/296 2042/6110/296
f 2043/6113/297 2044/6117/297 2042/6111/297 2041/6107/297
f 2048/6128/298 2043/6114/298 2041/6108/298 2046/6122/298
f 2047/6126/299 2048/6129/299 2046/6123/299 2045/6120/299
f 2046/6124/51 2041/6109/51 2042/6112/51 2045/6121/51
f 2047/6127/52 2044/6118/52 2043/6115/52 2048/6130/52
f 2052/6140/39 2055/6149/39 2053/6143/39 2050/6134/39
f 2051/6137/49 2052/6141/49 2050/6135/49 2049/6131/49
f 2056/6152/41 2051/6138/41 2049/6132/41 2054/6146/41
f 2055/6150/50 2056/6153/50 2054/6147/50 2053/6144/50
f 2054/6148/51 2049/6133/51 2050/6136/51 2053/6145/51
f 2055/6151/52 2052/6142/52 2051/6139/52 2056/6154/52
f 2060/6164/75 2063/6173/75 2061/6167/75 2058/6158/75
f 2059/6161/49 2060/6165/49 2058/6159/49 2057/6155/49
f 2064/6176/76 2059/6162/76 2057/6156/76 2062/6170/76
f 2063/6174/50 2064/6177/50 2062/6171/50 2061/6168/50
f 2062/6172/77 2057/6157/77 2058/6160/77 2061/6169/77
f 2063/6175/78 2060/6166/78 2059/6163/78 2064/6178/78
f 2068/6188/90 2071/6197/90 2069/6191/90 2066/6182/90
f 2067/6185/122 2068/6189/122 2066/6183/122 2065/6179/122
f 2072/6200/92 2067/6186/92 2065/6180/92 2070/6194/92
f 2071/6198/123 2072/6201/123 2070/6195/123 2069/6192/123
f 2070/6196/124 2065/6181/124 2066/6184/124 2069/6193/124
f 2071/6199/125 2068/6190/125 2067/6187/125 2072/6202/125
f 2076/6212/39 2079/6221/39 2077/6215/39 2074/6206/39
f 2075/6209/336 2076/6213/336 2074/6207/336 2073/6203/336
f 2080/6224/41 2075/6210/41 2073/6204/41 2078/6218/41
f 2079/6222/337 2080/6225/337 2078/6219/337 2077/6216/337
f 2078/6220/338 2073/6205/338 2074/6208/338 2077/6217/338
f 2079/6223/339 2076/6214/339 2075/6211/339 2080/6226/339
f 2084/6236/39 2087/6245/39 2085/6239/39 2082/6230/39
f 2083/6233/49 2084/6237/49 2082/6231/49 2081/6227/49
f 2088/6248/41 2083/6234/41 2081/6228/41 2086/6242/41
f 2087/6246/50 2088/6249/50 2086/6243/50 2085/6240/50
f 2086/6244/51 2081/6229/51 2082/6232/51 2085/6241/51
f 2087/6247/52 2084/6238/52 2083/6235/52 2088/6250/52
f 2092/6260/39 2095/6269/39 2093/6263/39 2090/6254/39
f 2091/6257/49 2092/6261/49 2090/6255/49 2089/6251/49
f 2096/6272/41 2091/6258/41 2089/6252/41 2094/6266/41
f 2095/6270/50 2096/6273/50 2094/6267/50 2093/6264/50
f 2094/6268/51 2089/6253/51 2090/6256/51 2093/6265/51
f 2095/6271/52 2092/6262/52 2091/6259/52 2096/6274/52
f 2100/6284/426 2103/6293/426 2101/6287/426 2098/6278/426
f 2099/6281/427 2100/6285/427 2098/6279/427 2097/6275/427
f 2104/6296/428 2099/6282/428 2097/6276/428 2102/6290/428
f 2103/6294/429 2104/6297/429 2102/6291/429 2101/6288/429
f 2102/6292/430 2097/6277/430 2098/6280/430 2101/6289/430
f 2103/6295/431 2100/6286/431 2099/6283/431 2104/6298/431
f 2108/6308/426 2111/6317/426 2109/6311/426 2106/6302/426
f 2107/6305/427 2108/6309/427 2106/6303/427 2105/6299/427
f 2112/6320/428 2107/6306/428 2105/6300/428 2110/6314/428
f 2111/6318/429 2112/6321/429 2110/6315/429 2109/6312/429
f 2110/6316/430 2105/6301/430 2106/6304/430 2109/6313/430
f 2111/6319/431 2108/6310/431 2107/6307/431 2112/6322/431
o w1
v -1.296329 0.156331 2.206100
v -1.296329 0.156331 2.632829
v -1.296329 -0.006301 2.206100
v -1.296329 -0.006302 2.632829
v -0.903281 0.156331 2.632829
v -0.903282 0.156331 2.206100
v -0.903281 -0.006302 2.632829
v -0.903282 -0.006301 2.206100
v -1.296329 0.720348 2.771528
v -1.296330 0.720347 2.932744
v -1.296329 0.293615 2.771528
v -1.296330 0.293615 2.932744
v -0.903281 0.720347 2.932743
v -0.903281 0.720348 2.771528
v -0.903281 0.293615 2.932743
v -0.903281 0.293615 2.771528
v -1.296359 0.101480 2.523176
v -1.296360 0.403268 2.824963
v -1.296360 -0.006880 2.631536
v -1.296360 0.294908 2.933322
v -0.903251 0.403268 2.824962
v -0.903251 0.101480 2.523177
v -0.903251 0.294908 2.933321
v -0.903250 -0.006880 2.631536
v -1.296360 0.908696 2.519390
v -1.296360 1.020843 2.631536
v -1.296359 0.606908 2.821176
v -1.296360 0.719055 2.933322
v -0.903250 1.020843 2.631536
v -0.903251 0.908696 2.519389
v -0.903251 0.719055 2.933321
v -0.903251 0.606908 2.821176
v -1.296329 1.020265 2.206100
v -1.296329 1.020265 2.632829
v -1.296329 0.846416 2.206100
v -1.296329 0.846416 2.632829
v -0.903281 1.020265 2.632829
v -0.903282 1.020265 2.206100
v -0.903281 0.846416 2.632829
v -0.903282 0.846416 2.206100
v -1.296360 0.719055 1.905607
v -1.296360 1.020843 2.207392
v -1.296359 0.610695 2.013966
v -1.296360 0.912483 2.315750
v -0.903251 1.020843 2.207392
v -0.903251 0.719055 1.905607
v -0.903251 0.912483 2.315750
v -0.903251 0.610695 2.013966
v -1.296329 0.720348 1.906185
v -1.296330 0.720348 2.048656
v -1.296329 0.293616 1.906185
v -1.296330 0.293616 2.048656
v -0.903281 0.720348 2.048656
v -0.903281 0.720348 1.906185
v -0.903281 0.293616 2.048656
v -0.903281 0.293616 1.906185
v -1.296360 0.294908 1.905607
v -1.296359 0.403268 2.013966
v -1.296360 -0.006880 2.207392
v -1.296360 0.101480 2.315750
v -0.903251 0.403268 2.013966
v -0.903251 0.294908 1.905607
v -0.903251 0.101480 2.315750
v -0.903251 -0.006880 2.207392
v -1.285902 0.831053 2.523086
v -1.285902 0.869254 2.561287
v -1.285902 0.614303 2.739836
v -1.285902 0.652504 2.778037
v -0.929394 0.869254 2.561287
v -0.929394 0.831053 2.523086
v -0.929394 0.652504 2.778037
v -0.929394 0.614303 2.739837
v -1.285902 0.190215 2.537964
v -1.285902 0.388479 2.736228
v -1.285902 0.151371 2.576809
v -1.285902 0.349635 2.775072
v -0.929394 0.388479 2.736229
v -0.929395 0.190215 2.537966
v -0.929394 0.349635 2.775072
v -0.929394 0.151371 2.576809
v -1.285872 0.652374 2.719241
v -1.285872 0.652374 2.775883
v -1.285872 0.351132 2.719241
v -1.285872 0.351132 2.775883
v -0.929425 0.652374 2.775882
v -0.929425 0.652374 2.719241
v -0.929425 0.351132 2.775882
v -0.929425 0.351132 2.719241
v -1.285872 0.868631 2.258386
v -1.285872 0.868631 2.564854
v -1.285872 0.794129 2.258386
v -1.285872 0.794129 2.564854
v -0.929424 0.868631 2.564854
v -0.929425 0.868631 2.258386
v -0.929424 0.794129 2.564854
v -0.929425 0.794129 2.258386
v -1.285902 0.652504 2.046103
v -1.285902 0.865557 2.259153
v -1.285902 0.610695 2.087911
v -1.285902 0.823748 2.300961
v -0.929394 0.865557 2.259153
v -0.929394 0.652504 2.046103
v -0.929394 0.823748 2.300961
v -0.929395 0.610695 2.087911
v -1.285872 0.652374 2.047359
v -1.285872 0.652374 2.100944
v -1.285872 0.345903 2.047359
v -1.285872 0.345903 2.100944
v -0.929425 0.652374 2.100943
v -0.929424 0.652374 2.047360
v -0.929425 0.345903 2.100943
v -0.929424 0.345903 2.047360
v -1.226046 0.841759 2.722775
v -1.226046 0.152712 2.722775
v -1.226046 0.841759 2.093811
v -1.226046 0.152712 2.093811
v -1.151302 0.152712 2.722774
v -1.151302 0.841759 2.722774
v -1.151302 0.152712 2.093811
v -1.151302 0.841759 2.093811
v -1.285902 0.361459 2.046103
v -1.285902 0.403268 2.087911
v -1.285902 0.152103 2.255455
v -1.285902 0.193912 2.297264
v -0.929395 0.403268 2.087911
v -0.929394 0.361459 2.046103
v -0.929394 0.193912 2.297264
v -0.929394 0.152103 2.255455
v -1.285872 0.208619 2.253157
v -1.285872 0.208619 2.580541
v -1.285872 0.150561 2.253157
v -1.285872 0.150561 2.580541
v -0.929425 0.208619 2.580541
v -0.929425 0.208619 2.253158
v -0.929425 0.150561 2.580541
v -0.929425 0.150561 2.253158
v -1.283946 0.582806 2.326964
v -1.283945 0.582806 2.485714
v -1.283946 0.424054 2.326964
v -1.283945 0.424054 2.485714
v -0.760765 0.582806 2.485714
v -0.760765 0.582806 2.326964
v -0.760765 0.424054 2.485714
v -0.760765 0.424054 2.326964
vn -0.0000 -0.0000 1.0000
vn -1.0000 -0.0000 -0.0000
vn -0.0000 -0.0000 -1.0000
vn 1.0000 -0.0000 -0.0000
vn -0.0000 1.0000 -0.0000
vn -0.0000 -1.0000 -0.0000
vn -0.0000 0.7071 0.7071
vn -0.0000 -0.7071 -0.7071
vn -0.0000 0.7071 -0.7071
vn -0.0000 -0.7071 0.7071
vt 0.554688 0.888672
vt 0.578125 0.732422
vt 0.396484 0.494141
vt 0.566406 0.740234
vt 0.568359 0.888672
vt 0.396484 0.480469
vt 0.554688 0.883789
vt 0.578125 0.727539
vt 0.408203 0.494141
vt 0.566406 0.735352
vt 0.568359 0.883789
vt 0.408203 0.480469
vt 0.578125 0.740234
vt 0.554688 0.882812
vt 0.408203 0.480469
vt 0.566406 0.732422
vt 0.568359 0.882812
vt 0.408203 0.494141
vt 0.578125 0.735352
vt 0.554688 0.877930
vt 0.419922 0.480469
vt 0.566406 0.727539
vt 0.568359 0.877930
vt 0.419922 0.494141
vt 0.115234 0.445312
vt 0.443359 0.494141
vt 0.566406 0.697266
vt 0.419922 0.494141
vt 0.120117 0.445312
vt 0.566406 0.692383
vt 0.115234 0.431641
vt 0.443359 0.480469
vt 0.566406 0.675781
vt 0.419922 0.480469
vt 0.120117 0.431641
vt 0.566406 0.670898
vt 0.431641 0.494141
vt 0.171875 0.445312
vt 0.578125 0.692383
vt 0.431641 0.494141
vt 0.176758 0.445312
vt 0.578125 0.697266
vt 0.431641 0.480469
vt 0.171875 0.431641
vt 0.578125 0.670898
vt 0.431641 0.480469
vt 0.176758 0.431641
vt 0.578125 0.675781
vt 0.177734 0.445312
vt 0.578125 0.664062
vt 0.275391 0.492188
vt 0.566406 0.669922
vt 0.191406 0.445312
vt 0.275391 0.478516
vt 0.177734 0.440430
vt 0.578125 0.659180
vt 0.287109 0.492188
vt 0.566406 0.665039
vt 0.191406 0.440430
vt 0.287109 0.478516
vt 0.578125 0.669922
vt 0.191406 0.445312
vt 0.287109 0.478516
vt 0.566406 0.664062
vt 0.205078 0.445312
vt 0.287109 0.492188
vt 0.578125 0.665039
vt 0.191406 0.440430
vt 0.298828 0.478516
vt 0.566406 0.659180
vt 0.205078 0.440430
vt 0.298828 0.492188
vt 0.210938 0.445312
vt 0.373047 0.492188
vt 0.566406 0.640625
vt 0.298828 0.492188
vt 0.215820 0.445312
vt 0.566406 0.635742
vt 0.210938 0.431641
vt 0.373047 0.478516
vt 0.417969 0.433594
vt 0.298828 0.478516
vt 0.215820 0.431641
vt 0.417969 0.428711
vt 0.310547 0.492188
vt 0.216797 0.445312
vt 0.578125 0.635742
vt 0.361328 0.492188
vt 0.221680 0.445312
vt 0.578125 0.640625
vt 0.310547 0.478516
vt 0.216797 0.431641
vt 0.429688 0.428711
vt 0.361328 0.478516
vt 0.221680 0.431641
vt 0.429688 0.433594
vt 0.554688 0.777344
vt 0.578125 0.492188
vt 0.373047 0.492188
vt 0.566406 0.578125
vt 0.568359 0.777344
vt 0.373047 0.478516
vt 0.554688 0.772461
vt 0.578125 0.487305
vt 0.507812 0.619141
vt 0.566406 0.573242
vt 0.568359 0.772461
vt 0.507812 0.605469
vt 0.578125 0.578125
vt 0.554688 0.707031
vt 0.384766 0.478516
vt 0.566406 0.492188
vt 0.568359 0.707031
vt 0.384766 0.492188
vt 0.578125 0.573242
vt 0.554688 0.702148
vt 0.519531 0.605469
vt 0.566406 0.487305
vt 0.568359 0.702148
vt 0.519531 0.619141
vt 0.310547 0.445312
vt 0.527344 0.433594
vt 0.464844 0.492188
vt 0.566406 0.486328
vt 0.324219 0.445312
vt 0.464844 0.478516
vt 0.310547 0.440430
vt 0.527344 0.428711
vt 0.000000 0.490234
vt 0.566406 0.481445
vt 0.324219 0.440430
vt 0.000000 0.476562
vt 0.578125 0.486328
vt 0.554688 0.634766
vt 0.476562 0.478516
vt 0.515625 0.433594
vt 0.568359 0.634766
vt 0.476562 0.492188
vt 0.578125 0.481445
vt 0.554688 0.629883
vt 0.011719 0.476562
vt 0.515625 0.428711
vt 0.568359 0.629883
vt 0.011719 0.490234
vt 0.443359 0.433594
vt 0.171875 0.488281
vt 0.269531 0.546875
vt 0.509766 0.720703
vt 0.447266 0.433594
vt 0.269531 0.542969
vt 0.443359 0.419922
vt 0.171875 0.474609
vt 0.527344 0.486328
vt 0.509766 0.707031
vt 0.447266 0.419922
vt 0.527344 0.482422
vt 0.521484 0.720703
vt 0.541016 0.433594
vt 0.281250 0.542969
vt 0.160156 0.488281
vt 0.544922 0.433594
vt 0.281250 0.546875
vt 0.521484 0.707031
vt 0.541016 0.419922
vt 0.539062 0.482422
vt 0.160156 0.474609
vt 0.544922 0.419922
vt 0.539062 0.486328
vt 0.287109 0.445312
vt 0.525391 0.986328
vt 0.566406 0.437500
vt 0.513672 1.000000
vt 0.291992 0.445312
vt 0.566406 0.432617
vt 0.287109 0.431641
vt 0.525391 0.972656
vt 0.042969 0.431641
vt 0.513672 0.986328
vt 0.291992 0.431641
vt 0.042969 0.426758
vt 0.525391 1.000000
vt 0.292969 0.445312
vt 0.578125 0.432617
vt 0.513672 0.986328
vt 0.297852 0.445312
vt 0.578125 0.437500
vt 0.525391 0.986328
vt 0.292969 0.431641
vt 0.054688 0.426758
vt 0.513672 0.972656
vt 0.297852 0.431641
vt 0.054688 0.431641
vt 0.109375 0.414062
vt 0.204102 0.466797
vt 0.583984 0.812500
vt 0.181641 0.466797
vt 0.111328 0.414062
vt 0.583984 0.810547
vt 0.109375 0.404297
vt 0.204102 0.457031
vt 0.583984 0.781250
vt 0.181641 0.457031
vt 0.111328 0.404297
vt 0.583984 0.779297
vt 0.192383 0.466797
vt 0.585938 0.890625
vt 0.594727 0.810547
vt 0.193359 0.466797
vt 0.587891 0.890625
vt 0.594727 0.812500
vt 0.192383 0.457031
vt 0.585938 0.880859
vt 0.594727 0.779297
vt 0.193359 0.457031
vt 0.587891 0.880859
vt 0.594727 0.781250
vt 0.585938 0.687500
vt 0.594727 0.777344
vt 0.406250 0.457031
vt 0.583984 0.779297
vt 0.594727 0.687500
vt 0.406250 0.448242
vt 0.585938 0.685547
vt 0.594727 0.775391
vt 0.417969 0.457031
vt 0.583984 0.777344
vt 0.594727 0.685547
vt 0.417969 0.448242
vt 0.594727 0.779297
vt 0.585938 0.677734
vt 0.416992 0.448242
vt 0.583984 0.777344
vt 0.594727 0.677734
vt 0.416992 0.457031
vt 0.594727 0.777344
vt 0.585938 0.675781
vt 0.428711 0.448242
vt 0.583984 0.775391
vt 0.594727 0.675781
vt 0.428711 0.457031
vt 0.111328 0.414062
vt 0.405273 0.466797
vt 0.583984 0.775391
vt 0.205078 0.466797
vt 0.113281 0.414062
vt 0.583984 0.773438
vt 0.111328 0.404297
vt 0.405273 0.457031
vt 0.583984 0.767578
vt 0.205078 0.457031
vt 0.113281 0.404297
vt 0.583984 0.765625
vt 0.215820 0.466797
vt 0.113281 0.414062
vt 0.594727 0.773438
vt 0.394531 0.466797
vt 0.115234 0.414062
vt 0.594727 0.775391
vt 0.215820 0.457031
vt 0.113281 0.404297
vt 0.594727 0.765625
vt 0.394531 0.457031
vt 0.115234 0.404297
vt 0.594727 0.767578
vt 0.585938 0.914062
vt 0.594727 0.636719
vt 0.406250 0.466797
vt 0.583984 0.765625
vt 0.595703 0.914062
vt 0.406250 0.457031
vt 0.585938 0.912109
vt 0.594727 0.634766
vt 0.417969 0.466797
vt 0.583984 0.763672
vt 0.595703 0.912109
vt 0.417969 0.457031
vt 0.594727 0.765625
vt 0.585938 0.906250
vt 0.416992 0.457031
vt 0.583984 0.636719
vt 0.595703 0.906250
vt 0.416992 0.466797
vt 0.594727 0.763672
vt 0.585938 0.904297
vt 0.428711 0.457031
vt 0.583984 0.634766
vt 0.595703 0.904297
vt 0.428711 0.466797
vt 0.585938 0.904297
vt 0.594727 0.632812
vt 0.429688 0.466797
vt 0.583984 0.634766
vt 0.595703 0.904297
vt 0.429688 0.457031
vt 0.585938 0.902344
vt 0.594727 0.630859
vt 0.441406 0.466797
vt 0.583984 0.632812
vt 0.595703 0.902344
vt 0.441406 0.457031
vt 0.594727 0.634766
vt 0.585938 0.902344
vt 0.440430 0.457031
vt 0.583984 0.632812
vt 0.595703 0.902344
vt 0.440430 0.466797
vt 0.594727 0.632812
vt 0.585938 0.900391
vt 0.452148 0.457031
vt 0.583984 0.630859
vt 0.595703 0.900391
vt 0.452148 0.466797
vt 0.115234 0.414062
vt 0.545898 0.929688
vt 0.583984 0.630859
vt 0.535156 0.972656
vt 0.117188 0.414062
vt 0.583984 0.628906
vt 0.115234 0.404297
vt 0.545898 0.919922
vt 0.583984 0.623047
vt 0.535156 0.962891
vt 0.117188 0.404297
vt 0.583984 0.621094
vt 0.545898 0.972656
vt 0.117188 0.414062
vt 0.594727 0.628906
vt 0.535156 0.929688
vt 0.119141 0.414062
vt 0.594727 0.630859
vt 0.545898 0.962891
vt 0.117188 0.404297
vt 0.594727 0.621094
vt 0.535156 0.919922
vt 0.119141 0.404297
vt 0.594727 0.623047
vt 0.404297 0.550781
vt 0.302734 0.421875
vt 0.291016 0.425781
vt 0.298828 0.421875
vt 0.425781 0.550781
vt 0.291016 0.404297
vt 0.404297 0.531250
vt 0.302734 0.402344
vt 0.292969 0.425781
vt 0.298828 0.402344
vt 0.425781 0.531250
vt 0.292969 0.404297
vt 0.300781 0.421875
vt 0.449219 0.595703
vt 0.292969 0.404297
vt 0.300781 0.421875
vt 0.470703 0.595703
vt 0.292969 0.425781
vt 0.300781 0.402344
vt 0.449219 0.576172
vt 0.294922 0.404297
vt 0.300781 0.402344
vt 0.470703 0.576172
vt 0.294922 0.425781
vt 0.576172 0.414062
vt 0.452148 0.457031
vt 0.583984 0.621094
vt 0.429688 0.457031
vt 0.578125 0.414062
vt 0.583984 0.619141
vt 0.576172 0.405273
vt 0.452148 0.448242
vt 0.583984 0.619141
vt 0.429688 0.448242
vt 0.578125 0.405273
vt 0.583984 0.617188
vt 0.440430 0.457031
vt 0.585938 0.416016
vt 0.594727 0.619141
vt 0.441406 0.457031
vt 0.587891 0.416016
vt 0.594727 0.621094
vt 0.440430 0.448242
vt 0.585938 0.407227
vt 0.594727 0.617188
vt 0.441406 0.448242
vt 0.587891 0.407227
vt 0.594727 0.619141
vt 0.585938 0.900391
vt 0.594727 0.609375
vt 0.287109 0.464844
vt 0.583984 0.617188
vt 0.595703 0.900391
vt 0.287109 0.455078
vt 0.585938 0.898438
vt 0.594727 0.607422
vt 0.535156 0.697266
vt 0.583984 0.615234
vt 0.595703 0.898438
vt 0.535156 0.687500
vt 0.594727 0.617188
vt 0.585938 0.880859
vt 0.297852 0.455078
vt 0.583984 0.609375
vt 0.595703 0.880859
vt 0.297852 0.464844
vt 0.594727 0.615234
vt 0.585938 0.878906
vt 0.545898 0.687500
vt 0.583984 0.607422
vt 0.595703 0.878906
vt 0.545898 0.697266
vt 0.582031 0.841797
vt 0.565430 0.576172
vt 0.458984 0.451172
vt 0.548828 0.669922
vt 0.586914 0.841797
vt 0.458984 0.446289
vt 0.582031 0.836914
vt 0.565430 0.571289
vt 0.550781 0.869141
vt 0.548828 0.665039
vt 0.586914 0.836914
vt 0.550781 0.864258
vt 0.565430 0.669922
vt 0.582031 0.835938
vt 0.475586 0.446289
vt 0.548828 0.576172
vt 0.586914 0.835938
vt 0.475586 0.451172
vt 0.565430 0.665039
vt 0.582031 0.831055
vt 0.567383 0.864258
vt 0.548828 0.571289
vt 0.586914 0.831055
vt 0.567383 0.869141
s 1
usemtl Сковородка.png
f 2116/6332/432 2119/6341/432 2117/6335/432 2114/6326/432
f 2115/6329/433 2116/6333/433 2114/6327/433 2113/6323/433
f 2120/6344/434 2115/6330/434 2113/6324/434 2118/6338/434
f 2119/6342/435 2120/6345/435 2118/6339/435 2117/6336/435
f 2118/6340/436 2113/6325/436 2114/6328/436 2117/6337/436
f 2119/6343/437 2116/6334/437 2115/6331/437 2120/6346/437
f 2124/6356/432 2127/6365/432 2125/6359/432 2122/6350/432
f 2123/6353/433 2124/6357/433 2122/6351/433 2121/6347/433
f 2128/6368/434 2123/6354/434 2121/6348/434 2126/6362/434
f 2127/6366/435 2128/6369/435 2126/6363/435 2125/6360/435
f 2126/6364/436 2121/6349/436 2122/6352/436 2125/6361/436
f 2127/6367/437 2124/6358/437 2123/6355/437 2128/6370/437
f 2132/6380/438 2135/6389/438 2133/6383/438 2130/6374/438
f 2131/6377/433 2132/6381/433 2130/6375/433 2129/6371/433
f 2136/6392/439 2131/6378/439 2129/6372/439 2134/6386/439
f 2135/6390/435 2136/6393/435 2134/6387/435 2133/6384/435
f 2134/6388/440 2129/6373/440 2130/6376/440 2133/6385/440
f 2135/6391/441 2132/6382/441 2131/6379/441 2136/6394/441
f 2140/6404/438 2143/6413/438 2141/6407/438 2138/6398/438
f 2139/6401/433 2140/6405/433 2138/6399/433 2137/6395/433
f 2144/6416/439 2139/6402/439 2137/6396/439 2142/6410/439
f 2143/6414/435 2144/6417/435 2142/6411/435 2141/6408/435
f 2142/6412/440 2137/6397/440 2138/6400/440 2141/6409/440
f 2143/6415/441 2140/6406/441 2139/6403/441 2144/6418/441
f 2148/6428/432 2151/6437/432 2149/6431/432 2146/6422/432
f 2147/6425/433 2148/6429/433 2146/6423/433 2145/6419/433
f 2152/6440/434 2147/6426/434 2145/6420/434 2150/6434/434
f 2151/6438/435 2152/6441/435 2150/6435/435 2149/6432/435
f 2150/6436/436 2145/6421/436 2146/6424/436 2149/6433/436
f 2151/6439/437 2148/6430/437 2147/6427/437 2152/6442/437
f 2156/6452/438 2159/6461/438 2157/6455/438 2154/6446/438
f 2155/6449/433 2156/6453/433 2154/6447/433 2153/6443/433
f 2160/6464/439 2155/6450/439 2153/6444/439 2158/6458/439
f 2159/6462/435 2160/6465/435 2158/6459/435 2157/6456/435
f 2158/6460/440 2153/6445/440 2154/6448/440 2157/6457/440
f 2159/6463/441 2156/6454/441 2155/6451/441 2160/6466/441
f 2164/6476/432 2167/6485/432 2165/6479/432 2162/6470/432
f 2163/6473/433 2164/6477/433 2162/6471/433 2161/6467/433
f 2168/6488/434 2163/6474/434 2161/6468/434 2166/6482/434
f 2167/6486/435 2168/6489/435 2166/6483/435 2165/6480/435
f 2166/6484/436 2161/6469/436 2162/6472/436 2165/6481/436
f 2167/6487/437 2164/6478/437 2163/6475/437 2168/6490/437
f 2172/6500/438 2175/6509/438 2173/6503/438 2170/6494/438
f 2171/6497/433 2172/6501/433 2170/6495/433 2169/6491/433
f 2176/6512/439 2171/6498/439 2169/6492/439 2174/6506/439
f 2175/6510/435 2176/6513/435 2174/6507/435 2173/6504/435
f 2174/6508/440 2169/6493/440 2170/6496/440 2173/6505/440
f 2175/6511/441 2172/6502/441 2171/6499/441 2176/6514/441
f 2180/6524/438 2183/6533/438 2181/6527/438 2178/6518/438
f 2179/6521/433 2180/6525/433 2178/6519/433 2177/6515/433
f 2184/6536/439 2179/6522/439 2177/6516/439 2182/6530/439
f 2183/6534/435 2184/6537/435 2182/6531/435 2181/6528/435
f 2182/6532/440 2177/6517/440 2178/6520/440 2181/6529/440
f 2183/6535/441 2180/6526/441 2179/6523/441 2184/6538/441
f 2188/6548/438 2191/6557/438 2189/6551/438 2186/6542/438
f 2187/6545/433 2188/6549/433 2186/6543/433 2185/6539/433
f 2192/6560/439 2187/6546/439 2185/6540/439 2190/6554/439
f 2191/6558/435 2192/6561/435 2190/6555/435 2189/6552/435
f 2190/6556/440 2185/6541/440 2186/6544/440 2189/6553/440
f 2191/6559/441 2188/6550/441 2187/6547/441 2192/6562/441
f 2196/6572/432 2199/6581/432 2197/6575/432 2194/6566/432
f 2195/6569/433 2196/6573/433 2194/6567/433 2193/6563/433
f 2200/6584/434 2195/6570/434 2193/6564/434 2198/6578/434
f 2199/6582/435 2200/6585/435 2198/6579/435 2197/6576/435
f 2198/6580/436 2193/6565/436 2194/6568/436 2197/6577/436
f 2199/6583/437 2196/6574/437 2195/6571/437 2200/6586/437
f 2204/6596/432 2207/6605/432 2205/6599/432 2202/6590/432
f 2203/6593/433 2204/6597/433 2202/6591/433 2201/6587/433
f 2208/6608/434 2203/6594/434 2201/6588/434 2206/6602/434
f 2207/6606/435 2208/6609/435 2206/6603/435 2205/6600/435
f 2206/6604/436 2201/6589/436 2202/6592/436 2205/6601/436
f 2207/6607/437 2204/6598/437 2203/6595/437 2208/6610/437
f 2212/6620/438 2215/6629/438 2213/6623/438 2210/6614/438
f 2211/6617/433 2212/6621/433 2210/6615/433 2209/6611/433
f 2216/6632/439 2211/6618/439 2209/6612/439 2214/6626/439
f 2215/6630/435 2216/6633/435 2214/6627/435 2213/6624/435
f 2214/6628/440 2209/6613/440 2210/6616/440 2213/6625/440
f 2215/6631/441 2212/6622/441 2211/6619/441 2216/6634/441
f 2220/6644/432 2223/6653/432 2221/6647/432 2218/6638/432
f 2219/6641/433 2220/6645/433 2218/6639/433 2217/6635/433
f 2224/6656/434 2219/6642/434 2217/6636/434 2222/6650/434
f 2223/6654/435 2224/6657/435 2222/6651/435 2221/6648/435
f 2222/6652/436 2217/6637/436 2218/6640/436 2221/6649/436
f 2223/6655/437 2220/6646/437 2219/6643/437 2224/6658/437
f 2228/6668/437 2231/6677/437 2229/6671/437 2226/6662/437
f 2227/6665/433 2228/6669/433 2226/6663/433 2225/6659/433
f 2232/6680/436 2227/6666/436 2225/6660/436 2230/6674/436
f 2231/6678/435 2232/6681/435 2230/6675/435 2229/6672/435
f 2230/6676/432 2225/6661/432 2226/6664/432 2229/6673/432
f 2231/6679/434 2228/6670/434 2227/6667/434 2232/6682/434
f 2236/6692/438 2239/6701/438 2237/6695/438 2234/6686/438
f 2235/6689/433 2236/6693/433 2234/6687/433 2233/6683/433
f 2240/6704/439 2235/6690/439 2233/6684/439 2238/6698/439
f 2239/6702/435 2240/6705/435 2238/6699/435 2237/6696/435
f 2238/6700/440 2233/6685/440 2234/6688/440 2237/6697/440
f 2239/6703/441 2236/6694/441 2235/6691/441 2240/6706/441
f 2244/6716/432 2247/6725/432 2245/6719/432 2242/6710/432
f 2243/6713/433 2244/6717/433 2242/6711/433 2241/6707/433
f 2248/6728/434 2243/6714/434 2241/6708/434 2246/6722/434
f 2247/6726/435 2248/6729/435 2246/6723/435 2245/6720/435
f 2246/6724/436 2241/6709/436 2242/6712/436 2245/6721/436
f 2247/6727/437 2244/6718/437 2243/6715/437 2248/6730/437
f 2252/6740/432 2255/6749/432 2253/6743/432 2250/6734/432
f 2251/6737/433 2252/6741/433 2250/6735/433 2249/6731/433
f 2256/6752/434 2251/6738/434 2249/6732/434 2254/6746/434
f 2255/6750/435 2256/6753/435 2254/6747/435 2253/6744/435
f 2254/6748/436 2249/6733/436 2250/6736/436 2253/6745/436
f 2255/6751/437 2252/6742/437 2251/6739/437 2256/6754/437
o w2
v -1.296329 0.156332 -1.793867
v -1.296329 0.156332 -1.367138
v -1.296329 -0.006301 -1.793867
v -1.296329 -0.006301 -1.367138
v -0.903281 0.156332 -1.367139
v -0.903281 0.156332 -1.793867
v -0.903281 -0.006301 -1.367139
v -0.903281 -0.006301 -1.793867
v -1.296329 0.720348 -1.228439
v -1.296329 0.720348 -1.067224
v -1.296329 0.293616 -1.228440
v -1.296329 0.293616 -1.067224
v -0.903281 0.720348 -1.067224
v -0.903281 0.720348 -1.228439
v -0.903281 0.293616 -1.067224
v -0.903281 0.293616 -1.228439
v -1.296360 0.101481 -1.476790
v -1.296360 0.403269 -1.175005
v -1.296360 -0.006879 -1.368431
v -1.296359 0.294909 -1.066646
v -0.903251 0.403269 -1.175005
v -0.903251 0.101481 -1.476790
v -0.903251 0.294909 -1.066646
v -0.903251 -0.006879 -1.368432
v -1.296360 0.908697 -1.480577
v -1.296360 1.020843 -1.368431
v -1.296360 0.606909 -1.178792
v -1.296359 0.719055 -1.066646
v -0.903251 1.020843 -1.368432
v -0.903251 0.908697 -1.480577
v -0.903251 0.719055 -1.066646
v -0.903251 0.606909 -1.178792
v -1.296329 1.020265 -1.793867
v -1.296329 1.020265 -1.367138
v -1.296329 0.846417 -1.793867
v -1.296329 0.846417 -1.367138
v -0.903281 1.020265 -1.367139
v -0.903281 1.020265 -1.793867
v -0.903281 0.846417 -1.367139
v -0.903281 0.846417 -1.793867
v -1.296359 0.719056 -2.094359
v -1.296359 1.020844 -1.792574
v -1.296360 0.610696 -1.986001
v -1.296359 0.912484 -1.684216
v -0.903251 1.020844 -1.792575
v -0.903251 0.719056 -2.094360
v -0.903251 0.912484 -1.684215
v -0.903251 0.610696 -1.986002
v -1.296329 0.720348 -2.093781
v -1.296329 0.720348 -1.951310
v -1.296329 0.293616 -2.093781
v -1.296329 0.293616 -1.951310
v -0.903281 0.720348 -1.951310
v -0.903281 0.720348 -2.093782
v -0.903281 0.293616 -1.951310
v -0.903281 0.293616 -2.093782
v -1.296359 0.294909 -2.094359
v -1.296360 0.403269 -1.986001
v -1.296359 -0.006879 -1.792574
v -1.296359 0.101481 -1.684216
v -0.903251 0.403269 -1.986002
v -0.903251 0.294909 -2.094360
v -0.903251 0.101481 -1.684215
v -0.903251 -0.006879 -1.792575
v -1.285902 0.831054 -1.476879
v -1.285902 0.869255 -1.438679
v -1.285903 0.614303 -1.260131
v -1.285902 0.652504 -1.221931
v -0.929394 0.869255 -1.438679
v -0.929394 0.831054 -1.476879
v -0.929394 0.652504 -1.221931
v -0.929394 0.614303 -1.260131
v -1.285902 0.190215 -1.462002
v -1.285902 0.388479 -1.263739
v -1.285902 0.151372 -1.423157
v -1.285902 0.349636 -1.224895
v -0.929394 0.388479 -1.263738
v -0.929394 0.190215 -1.462001
v -0.929394 0.349636 -1.224895
v -0.929395 0.151372 -1.423158
v -1.285872 0.652375 -1.280726
v -1.285872 0.652375 -1.224085
v -1.285872 0.351132 -1.280726
v -1.285872 0.351132 -1.224085
v -0.929425 0.652375 -1.224085
v -0.929425 0.652375 -1.280727
v -0.929425 0.351132 -1.224085
v -0.929425 0.351132 -1.280727
v -1.285872 0.868632 -1.741580
v -1.285872 0.868632 -1.435112
v -1.285872 0.794129 -1.741580
v -1.285872 0.794129 -1.435112
v -0.929425 0.868632 -1.435112
v -0.929425 0.868632 -1.741580
v -0.929425 0.794129 -1.435112
v -0.929425 0.794129 -1.741580
v -1.285903 0.652505 -1.953865
v -1.285902 0.865558 -1.740813
v -1.285902 0.610696 -1.912056
v -1.285902 0.823749 -1.699005
v -0.929394 0.865558 -1.740813
v -0.929394 0.652505 -1.953864
v -0.929394 0.823749 -1.699004
v -0.929394 0.610696 -1.912056
v -1.285872 0.652375 -1.952607
v -1.285872 0.652375 -1.899023
v -1.285872 0.345904 -1.952607
v -1.285872 0.345904 -1.899023
v -0.929424 0.652375 -1.899023
v -0.929424 0.652375 -1.952607
v -0.929424 0.345904 -1.899023
v -0.929424 0.345904 -1.952607
v -1.226046 0.841759 -1.277192
v -1.226046 0.152713 -1.277192
v -1.226046 0.841759 -1.906156
v -1.226046 0.152713 -1.906156
v -1.151302 0.152713 -1.277192
v -1.151302 0.841759 -1.277192
v -1.151301 0.152713 -1.906156
v -1.151301 0.841759 -1.906156
v -1.285903 0.361460 -1.953865
v -1.285902 0.403269 -1.912056
v -1.285902 0.152104 -1.744510
v -1.285902 0.193913 -1.702702
v -0.929394 0.403269 -1.912056
v -0.929394 0.361460 -1.953864
v -0.929394 0.193913 -1.702702
v -0.929394 0.152104 -1.744510
v -1.285872 0.208619 -1.746809
v -1.285872 0.208619 -1.419425
v -1.285872 0.150561 -1.746809
v -1.285872 0.150561 -1.419425
v -0.929425 0.208619 -1.419425
v -0.929425 0.208619 -1.746809
v -0.929425 0.150561 -1.419425
v -0.929425 0.150561 -1.746809
v -1.283945 0.582806 -1.673002
v -1.283945 0.582806 -1.514251
v -1.283945 0.424055 -1.673002
v -1.283945 0.424055 -1.514251
v -0.760765 0.582806 -1.514251
v -0.760765 0.582806 -1.673002
v -0.760765 0.424055 -1.514251
v -0.760765 0.424055 -1.673002
vn -0.0000 -0.0000 1.0000
vn -1.0000 -0.0000 -0.0000
vn -0.0000 -0.0000 -1.0000
vn 1.0000 -0.0000 -0.0000
vn -0.0000 1.0000 -0.0000
vn -0.0000 -1.0000 -0.0000
vn -0.0000 0.7071 0.7071
vn -0.0000 -0.7071 -0.7071
vn -0.0000 0.7071 -0.7071
vn -0.0000 -0.7071 0.7071
vt 0.554688 0.619141
vt 0.580078 0.943359
vt 0.033203 0.486328
vt 0.568359 0.949219
vt 0.568359 0.619141
vt 0.033203 0.472656
vt 0.554688 0.614258
vt 0.580078 0.938477
vt 0.513672 0.767578
vt 0.568359 0.944336
vt 0.568359 0.614258
vt 0.513672 0.753906
vt 0.580078 0.949219
vt 0.554688 0.595703
vt 0.044922 0.472656
vt 0.568359 0.943359
vt 0.568359 0.595703
vt 0.044922 0.486328
vt 0.580078 0.944336
vt 0.554688 0.590820
vt 0.525391 0.753906
vt 0.568359 0.938477
vt 0.568359 0.590820
vt 0.525391 0.767578
vt 0.554688 0.589844
vt 0.132812 0.484375
vt 0.568359 0.919922
vt 0.384766 0.486328
vt 0.559570 0.589844
vt 0.568359 0.915039
vt 0.554688 0.576172
vt 0.132812 0.470703
vt 0.568359 0.906250
vt 0.384766 0.472656
vt 0.559570 0.576172
vt 0.568359 0.901367
vt 0.396484 0.486328
vt 0.458984 0.445312
vt 0.580078 0.915039
vt 0.121094 0.484375
vt 0.463867 0.445312
vt 0.580078 0.919922
vt 0.396484 0.472656
vt 0.458984 0.431641
vt 0.580078 0.901367
vt 0.121094 0.470703
vt 0.463867 0.431641
vt 0.580078 0.906250
vt 0.554688 0.455078
vt 0.580078 0.894531
vt 0.171875 0.484375
vt 0.568359 0.900391
vt 0.568359 0.455078
vt 0.171875 0.470703
vt 0.554688 0.450195
vt 0.580078 0.889648
vt 0.250000 0.484375
vt 0.568359 0.895508
vt 0.568359 0.450195
vt 0.250000 0.470703
vt 0.580078 0.900391
vt 0.554688 0.449219
vt 0.183594 0.470703
vt 0.568359 0.894531
vt 0.568359 0.449219
vt 0.183594 0.484375
vt 0.580078 0.895508
vt 0.554688 0.444336
vt 0.261719 0.470703
vt 0.568359 0.889648
vt 0.568359 0.444336
vt 0.261719 0.484375
vt 0.464844 0.445312
vt 0.527344 0.531250
vt 0.109375 0.431641
vt 0.318359 0.484375
vt 0.469727 0.445312
vt 0.109375 0.426758
vt 0.464844 0.431641
vt 0.527344 0.517578
vt 0.568359 0.888672
vt 0.318359 0.470703
vt 0.469727 0.431641
vt 0.568359 0.883789
vt 0.330078 0.484375
vt 0.470703 0.445312
vt 0.121094 0.426758
vt 0.515625 0.531250
vt 0.475586 0.445312
vt 0.121094 0.431641
vt 0.330078 0.470703
vt 0.470703 0.431641
vt 0.580078 0.883789
vt 0.515625 0.517578
vt 0.475586 0.431641
vt 0.580078 0.888672
vt 0.556641 1.000000
vt 0.580078 0.869141
vt 0.515625 0.496094
vt 0.568359 0.882812
vt 0.570312 1.000000
vt 0.515625 0.482422
vt 0.556641 0.995117
vt 0.580078 0.864258
vt 0.517578 0.896484
vt 0.568359 0.877930
vt 0.570312 0.995117
vt 0.517578 0.882812
vt 0.580078 0.882812
vt 0.556641 0.994141
vt 0.527344 0.482422
vt 0.568359 0.869141
vt 0.570312 0.994141
vt 0.527344 0.496094
vt 0.580078 0.877930
vt 0.556641 0.989258
vt 0.529297 0.882812
vt 0.568359 0.864258
vt 0.570312 0.989258
vt 0.529297 0.896484
vt 0.556641 0.988281
vt 0.580078 0.779297
vt 0.517578 0.837891
vt 0.210938 0.431641
vt 0.570312 0.988281
vt 0.517578 0.824219
vt 0.556641 0.983398
vt 0.580078 0.774414
vt 0.517578 0.791016
vt 0.210938 0.426758
vt 0.570312 0.983398
vt 0.517578 0.777344
vt 0.222656 0.431641
vt 0.556641 0.912109
vt 0.529297 0.824219
vt 0.568359 0.779297
vt 0.570312 0.912109
vt 0.529297 0.837891
vt 0.222656 0.426758
vt 0.556641 0.907227
vt 0.529297 0.777344
vt 0.568359 0.774414
vt 0.570312 0.907227
vt 0.529297 0.791016
vt 0.058594 0.431641
vt 0.529297 0.595703
vt 0.568359 0.800781
vt 0.517578 0.664062
vt 0.062500 0.431641
vt 0.568359 0.796875
vt 0.058594 0.417969
vt 0.529297 0.582031
vt 0.568359 0.681641
vt 0.517578 0.650391
vt 0.062500 0.417969
vt 0.568359 0.677734
vt 0.529297 0.664062
vt 0.167969 0.431641
vt 0.580078 0.796875
vt 0.517578 0.595703
vt 0.171875 0.431641
vt 0.580078 0.800781
vt 0.529297 0.650391
vt 0.167969 0.417969
vt 0.580078 0.677734
vt 0.517578 0.582031
vt 0.171875 0.417969
vt 0.580078 0.681641
vt 0.000000 0.443359
vt 0.500000 0.482422
vt 0.568359 0.773438
vt 0.476562 0.482422
vt 0.004883 0.443359
vt 0.568359 0.768555
vt 0.000000 0.429688
vt 0.500000 0.468750
vt 0.287109 0.431641
vt 0.476562 0.468750
vt 0.004883 0.429688
vt 0.287109 0.426758
vt 0.488281 0.482422
vt 0.005859 0.443359
vt 0.580078 0.768555
vt 0.488281 0.482422
vt 0.010742 0.443359
vt 0.580078 0.773438
vt 0.488281 0.468750
vt 0.005859 0.429688
vt 0.298828 0.426758
vt 0.488281 0.468750
vt 0.010742 0.429688
vt 0.298828 0.431641
vt 0.119141 0.414062
vt 0.534180 0.464844
vt 0.583984 0.607422
vt 0.318359 0.464844
vt 0.121094 0.414062
vt 0.583984 0.605469
vt 0.119141 0.404297
vt 0.534180 0.455078
vt 0.583984 0.599609
vt 0.318359 0.455078
vt 0.121094 0.404297
vt 0.583984 0.597656
vt 0.329102 0.464844
vt 0.121094 0.414062
vt 0.594727 0.605469
vt 0.523438 0.464844
vt 0.123047 0.414062
vt 0.594727 0.607422
vt 0.329102 0.455078
vt 0.121094 0.404297
vt 0.594727 0.597656
vt 0.523438 0.455078
vt 0.123047 0.404297
vt 0.594727 0.599609
vt 0.585938 0.562500
vt 0.594727 0.595703
vt 0.544922 1.000000
vt 0.583984 0.597656
vt 0.594727 0.562500
vt 0.544922 0.991211
vt 0.585938 0.560547
vt 0.594727 0.593750
vt 0.544922 0.990234
vt 0.583984 0.595703
vt 0.594727 0.560547
vt 0.544922 0.981445
vt 0.594727 0.597656
vt 0.585938 0.515625
vt 0.555664 0.991211
vt 0.583984 0.595703
vt 0.594727 0.515625
vt 0.555664 1.000000
vt 0.594727 0.595703
vt 0.585938 0.513672
vt 0.555664 0.981445
vt 0.583984 0.593750
vt 0.594727 0.513672
vt 0.555664 0.990234
vt 0.123047 0.414062
vt 0.061523 0.462891
vt 0.583984 0.593750
vt 0.535156 0.464844
vt 0.125000 0.414062
vt 0.583984 0.591797
vt 0.123047 0.404297
vt 0.061523 0.453125
vt 0.583984 0.591797
vt 0.535156 0.455078
vt 0.125000 0.404297
vt 0.583984 0.589844
vt 0.545898 0.464844
vt 0.585938 0.876953
vt 0.594727 0.591797
vt 0.050781 0.462891
vt 0.587891 0.876953
vt 0.594727 0.593750
vt 0.545898 0.455078
vt 0.585938 0.867188
vt 0.594727 0.589844
vt 0.050781 0.453125
vt 0.587891 0.867188
vt 0.594727 0.591797
vt 0.585938 0.867188
vt 0.594727 0.587891
vt 0.160156 0.462891
vt 0.583984 0.589844
vt 0.595703 0.867188
vt 0.160156 0.453125
vt 0.585938 0.865234
vt 0.594727 0.585938
vt 0.330078 0.462891
vt 0.583984 0.587891
vt 0.595703 0.865234
vt 0.330078 0.453125
vt 0.594727 0.589844
vt 0.585938 0.865234
vt 0.170898 0.453125
vt 0.583984 0.587891
vt 0.595703 0.865234
vt 0.170898 0.462891
vt 0.594727 0.587891
vt 0.585938 0.863281
vt 0.340820 0.453125
vt 0.583984 0.585938
vt 0.595703 0.863281
vt 0.340820 0.462891
vt 0.585938 0.859375
vt 0.594727 0.574219
vt 0.341797 0.462891
vt 0.583984 0.585938
vt 0.595703 0.859375
vt 0.341797 0.453125
vt 0.585938 0.857422
vt 0.594727 0.572266
vt 0.376953 0.462891
vt 0.583984 0.583984
vt 0.595703 0.857422
vt 0.376953 0.453125
vt 0.594727 0.585938
vt 0.585938 0.857422
vt 0.352539 0.453125
vt 0.583984 0.574219
vt 0.595703 0.857422
vt 0.352539 0.462891
vt 0.594727 0.583984
vt 0.585938 0.855469
vt 0.387695 0.453125
vt 0.583984 0.572266
vt 0.595703 0.855469
vt 0.387695 0.462891
vt 0.125000 0.414062
vt 0.032227 0.460938
vt 0.583984 0.572266
vt 0.537109 0.576172
vt 0.126953 0.414062
vt 0.583984 0.570312
vt 0.125000 0.404297
vt 0.032227 0.451172
vt 0.583984 0.570312
vt 0.537109 0.566406
vt 0.126953 0.404297
vt 0.583984 0.568359
vt 0.547852 0.576172
vt 0.128906 0.414062
vt 0.594727 0.570312
vt 0.021484 0.460938
vt 0.130859 0.414062
vt 0.594727 0.572266
vt 0.547852 0.566406
vt 0.128906 0.404297
vt 0.594727 0.568359
vt 0.021484 0.451172
vt 0.130859 0.404297
vt 0.594727 0.570312
vt 0.425781 0.550781
vt 0.341797 0.421875
vt 0.294922 0.425781
vt 0.306641 0.421875
vt 0.447266 0.550781
vt 0.294922 0.404297
vt 0.425781 0.531250
vt 0.341797 0.402344
vt 0.296875 0.425781
vt 0.306641 0.402344
vt 0.447266 0.531250
vt 0.296875 0.404297
vt 0.308594 0.421875
vt 0.447266 0.550781
vt 0.296875 0.404297
vt 0.339844 0.421875
vt 0.468750 0.550781
vt 0.296875 0.425781
vt 0.308594 0.402344
vt 0.447266 0.531250
vt 0.298828 0.404297
vt 0.339844 0.402344
vt 0.468750 0.531250
vt 0.298828 0.425781
vt 0.000000 0.412109
vt 0.555664 0.810547
vt 0.583984 0.568359
vt 0.109375 0.455078
vt 0.001953 0.412109
vt 0.583984 0.566406
vt 0.000000 0.403320
vt 0.555664 0.801758
vt 0.583984 0.556641
vt 0.109375 0.446289
vt 0.001953 0.403320
vt 0.583984 0.554688
vt 0.120117 0.455078
vt 0.001953 0.412109
vt 0.594727 0.566406
vt 0.544922 0.810547
vt 0.003906 0.412109
vt 0.594727 0.568359
vt 0.120117 0.446289
vt 0.001953 0.403320
vt 0.594727 0.554688
vt 0.544922 0.801758
vt 0.003906 0.403320
vt 0.594727 0.556641
vt 0.585938 0.816406
vt 0.594727 0.552734
vt 0.033203 0.460938
vt 0.583984 0.554688
vt 0.595703 0.816406
vt 0.033203 0.451172
vt 0.585938 0.814453
vt 0.594727 0.550781
vt 0.539062 0.556641
vt 0.583984 0.552734
vt 0.595703 0.814453
vt 0.539062 0.546875
vt 0.594727 0.554688
vt 0.585938 0.814453
vt 0.043945 0.451172
vt 0.583984 0.552734
vt 0.595703 0.814453
vt 0.043945 0.460938
vt 0.594727 0.552734
vt 0.585938 0.812500
vt 0.549805 0.546875
vt 0.583984 0.550781
vt 0.595703 0.812500
vt 0.549805 0.556641
vt 0.167969 0.417969
vt 0.567383 0.556641
vt 0.550781 0.550781
vt 0.228516 0.449219
vt 0.172852 0.417969
vt 0.550781 0.545898
vt 0.167969 0.413086
vt 0.567383 0.551758
vt 0.550781 0.544922
vt 0.228516 0.444336
vt 0.172852 0.413086
vt 0.550781 0.540039
vt 0.245117 0.449219
vt 0.582031 0.830078
vt 0.567383 0.545898
vt 0.550781 0.556641
vt 0.586914 0.830078
vt 0.567383 0.550781
vt 0.245117 0.444336
vt 0.582031 0.825195
vt 0.567383 0.540039
vt 0.550781 0.551758
vt 0.586914 0.825195
vt 0.567383 0.544922
s 1
usemtl Сковородка.png
f 2260/6764/442 2263/6773/442 2261/6767/442 2258/6758/442
f 2259/6761/443 2260/6765/443 2258/6759/443 2257/6755/443
f 2264/6776/444 2259/6762/444 2257/6756/444 2262/6770/444
f 2263/6774/445 2264/6777/445 2262/6771/445 2261/6768/445
f 2262/6772/446 2257/6757/446 2258/6760/446 2261/6769/446
f 2263/6775/447 2260/6766/447 2259/6763/447 2264/6778/447
f 2268/6788/442 2271/6797/442 2269/6791/442 2266/6782/442
f 2267/6785/443 2268/6789/443 2266/6783/443 2265/6779/443
f 2272/6800/444 2267/6786/444 2265/6780/444 2270/6794/444
f 2271/6798/445 2272/6801/445 2270/6795/445 2269/6792/445
f 2270/6796/446 2265/6781/446 2266/6784/446 2269/6793/446
f 2271/6799/447 2268/6790/447 2267/6787/447 2272/6802/447
f 2276/6812/448 2279/6821/448 2277/6815/448 2274/6806/448
f 2275/6809/443 2276/6813/443 2274/6807/443 2273/6803/443
f 2280/6824/449 2275/6810/449 2273/6804/449 2278/6818/449
f 2279/6822/445 2280/6825/445 2278/6819/445 2277/6816/445
f 2278/6820/450 2273/6805/450 2274/6808/450 2277/6817/450
f 2279/6823/451 2276/6814/451 2275/6811/451 2280/6826/451
f 2284/6836/448 2287/6845/448 2285/6839/448 2282/6830/448
f 2283/6833/443 2284/6837/443 2282/6831/443 2281/6827/443
f 2288/6848/449 2283/6834/449 2281/6828/449 2286/6842/449
f 2287/6846/445 2288/6849/445 2286/6843/445 2285/6840/445
f 2286/6844/450 2281/6829/450 2282/6832/450 2285/6841/450
f 2287/6847/451 2284/6838/451 2283/6835/451 2288/6850/451
f 2292/6860/442 2295/6869/442 2293/6863/442 2290/6854/442
f 2291/6857/443 2292/6861/443 2290/6855/443 2289/6851/443
f 2296/6872/444 2291/6858/444 2289/6852/444 2294/6866/444
f 2295/6870/445 2296/6873/445 2294/6867/445 2293/6864/445
f 2294/6868/446 2289/6853/446 2290/6856/446 2293/6865/446
f 2295/6871/447 2292/6862/447 2291/6859/447 2296/6874/447
f 2300/6884/448 2303/6893/448 2301/6887/448 2298/6878/448
f 2299/6881/443 2300/6885/443 2298/6879/443 2297/6875/443
f 2304/6896/449 2299/6882/449 2297/6876/449 2302/6890/449
f 2303/6894/445 2304/6897/445 2302/6891/445 2301/6888/445
f 2302/6892/450 2297/6877/450 2298/6880/450 2301/6889/450
f 2303/6895/451 2300/6886/451 2299/6883/451 2304/6898/451
f 2308/6908/442 2311/6917/442 2309/6911/442 2306/6902/442
f 2307/6905/443 2308/6909/443 2306/6903/443 2305/6899/443
f 2312/6920/444 2307/6906/444 2305/6900/444 2310/6914/444
f 2311/6918/445 2312/6921/445 2310/6915/445 2309/6912/445
f 2310/6916/446 2305/6901/446 2306/6904/446 2309/6913/446
f 2311/6919/447 2308/6910/447 2307/6907/447 2312/6922/447
f 2316/6932/448 2319/6941/448 2317/6935/448 2314/6926/448
f 2315/6929/443 2316/6933/443 2314/6927/443 2313/6923/443
f 2320/6944/449 2315/6930/449 2313/6924/449 2318/6938/449
f 2319/6942/445 2320/6945/445 2318/6939/445 2317/6936/445
f 2318/6940/450 2313/6925/450 2314/6928/450 2317/6937/450
f 2319/6943/451 2316/6934/451 2315/6931/451 2320/6946/451
f 2324/6956/448 2327/6965/448 2325/6959/448 2322/6950/448
f 2323/6953/443 2324/6957/443 2322/6951/443 2321/6947/443
f 2328/6968/449 2323/6954/449 2321/6948/449 2326/6962/449
f 2327/6966/445 2328/6969/445 2326/6963/445 2325/6960/445
f 2326/6964/450 2321/6949/450 2322/6952/450 2325/6961/450
f 2327/6967/451 2324/6958/451 2323/6955/451 2328/6970/451
f 2332/6980/448 2335/6989/448 2333/6983/448 2330/6974/448
f 2331/6977/443 2332/6981/443 2330/6975/443 2329/6971/443
f 2336/6992/449 2331/6978/449 2329/6972/449 2334/6986/449
f 2335/6990/445 2336/6993/445 2334/6987/445 2333/6984/445
f 2334/6988/450 2329/6973/450 2330/6976/450 2333/6985/450
f 2335/6991/451 2332/6982/451 2331/6979/451 2336/6994/451
f 2340/7004/442 2343/7013/442 2341/7007/442 2338/6998/442
f 2339/7001/443 2340/7005/443 2338/6999/443 2337/6995/443
f 2344/7016/444 2339/7002/444 2337/6996/444 2342/7010/444
f 2343/7014/445 2344/7017/445 2342/7011/445 2341/7008/445
f 2342/7012/446 2337/6997/446 2338/7000/446 2341/7009/446
f 2343/7015/447 2340/7006/447 2339/7003/447 2344/7018/447
f 2348/7028/442 2351/7037/442 2349/7031/442 2346/7022/442
f 2347/7025/443 2348/7029/443 2346/7023/443 2345/7019/443
f 2352/7040/444 2347/7026/444 2345/7020/444 2350/7034/444
f 2351/7038/445 2352/7041/445 2350/7035/445 2349/7032/445
f 2350/7036/446 2345/7021/446 2346/7024/446 2349/7033/446
f 2351/7039/447 2348/7030/447 2347/7027/447 2352/7042/447
f 2356/7052/448 2359/7061/448 2357/7055/448 2354/7046/448
f 2355/7049/443 2356/7053/443 2354/7047/443 2353/7043/443
f 2360/7064/449 2355/7050/449 2353/7044/449 2358/7058/449
f 2359/7062/445 2360/7065/445 2358/7059/445 2357/7056/445
f 2358/7060/450 2353/7045/450 2354/7048/450 2357/7057/450
f 2359/7063/451 2356/7054/451 2355/7051/451 2360/7066/451
f 2364/7076/442 2367/7085/442 2365/7079/442 2362/7070/442
f 2363/7073/443 2364/7077/443 2362/7071/443 2361/7067/443
f 2368/7088/444 2363/7074/444 2361/7068/444 2366/7082/444
f 2367/7086/445 2368/7089/445 2366/7083/445 2365/7080/445
f 2366/7084/446 2361/7069/446 2362/7072/446 2365/7081/446
f 2367/7087/447 2364/7078/447 2363/7075/447 2368/7090/447
f 2372/7100/447 2375/7109/447 2373/7103/447 2370/7094/447
f 2371/7097/443 2372/7101/443 2370/7095/443 2369/7091/443
f 2376/7112/446 2371/7098/446 2369/7092/446 2374/7106/446
f 2375/7110/445 2376/7113/445 2374/7107/445 2373/7104/445
f 2374/7108/442 2369/7093/442 2370/7096/442 2373/7105/442
f 2375/7111/444 2372/7102/444 2371/7099/444 2376/7114/444
f 2380/7124/448 2383/7133/448 2381/7127/448 2378/7118/448
f 2379/7121/443 2380/7125/443 2378/7119/443 2377/7115/443
f 2384/7136/449 2379/7122/449 2377/7116/449 2382/7130/449
f 2383/7134/445 2384/7137/445 2382/7131/445 2381/7128/445
f 2382/7132/450 2377/7117/450 2378/7120/450 2381/7129/450
f 2383/7135/451 2380/7126/451 2379/7123/451 2384/7138/451
f 2388/7148/442 2391/7157/442 2389/7151/442 2386/7142/442
f 2387/7145/443 2388/7149/443 2386/7143/443 2385/7139/443
f 2392/7160/444 2387/7146/444 2385/7140/444 2390/7154/444
f 2391/7158/445 2392/7161/445 2390/7155/445 2389/7152/445
f 2390/7156/446 2385/7141/446 2386/7144/446 2389/7153/446
f 2391/7159/447 2388/7150/447 2387/7147/447 2392/7162/447
f 2396/7172/442 2399/7181/442 2397/7175/442 2394/7166/442
f 2395/7169/443 2396/7173/443 2394/7167/443 2393/7163/443
f 2400/7184/444 2395/7170/444 2393/7164/444 2398/7178/444
f 2399/7182/445 2400/7185/445 2398/7179/445 2397/7176/445
f 2398/7180/446 2393/7165/446 2394/7168/446 2397/7177/446
f 2399/7183/447 2396/7174/447 2395/7171/447 2400/7186/447
o w3
v 0.903281 0.156331 2.206100
v 0.903281 0.156331 2.632829
v 0.903281 -0.006301 2.206100
v 0.903281 -0.006302 2.632829
v 1.296329 0.156331 2.632829
v 1.296329 0.156331 2.206100
v 1.296329 -0.006302 2.632829
v 1.296329 -0.006301 2.206100
v 0.903281 0.720348 2.771528
v 0.903281 0.720347 2.932744
v 0.903281 0.293615 2.771528
v 0.903281 0.293615 2.932744
v 1.296329 0.720347 2.932744
v 1.296328 0.720348 2.771527
v 1.296329 0.293615 2.932744
v 1.296328 0.293615 2.771527
v 0.903251 0.101480 2.523177
v 0.903251 0.403268 2.824962
v 0.903251 -0.006880 2.631537
v 0.903251 0.294908 2.933322
v 1.296359 0.403268 2.824963
v 1.296360 0.101480 2.523177
v 1.296360 0.294908 2.933322
v 1.296360 -0.006880 2.631536
v 0.903251 0.908696 2.519389
v 0.903251 1.020843 2.631537
v 0.903251 0.606908 2.821176
v 0.903251 0.719055 2.933322
v 1.296360 1.020843 2.631536
v 1.296360 0.908696 2.519389
v 1.296360 0.719055 2.933322
v 1.296359 0.606908 2.821176
v 0.903281 1.020265 2.206100
v 0.903281 1.020265 2.632829
v 0.903281 0.846416 2.206100
v 0.903281 0.846416 2.632829
v 1.296329 1.020265 2.632829
v 1.296329 1.020265 2.206100
v 1.296329 0.846416 2.632829
v 1.296329 0.846416 2.206100
v 0.903251 0.719055 1.905607
v 0.903251 1.020843 2.207392
v 0.903251 0.610695 2.013966
v 0.903251 0.912483 2.315751
v 1.296359 1.020843 2.207392
v 1.296360 0.719055 1.905607
v 1.296360 0.912483 2.315750
v 1.296359 0.610695 2.013966
v 0.903281 0.720348 1.906185
v 0.903281 0.720348 2.048656
v 0.903281 0.293616 1.906185
v 0.903281 0.293616 2.048656
v 1.296329 0.720348 2.048656
v 1.296329 0.720348 1.906185
v 1.296329 0.293616 2.048656
v 1.296329 0.293616 1.906185
v 0.903251 0.294908 1.905607
v 0.903251 0.403268 2.013966
v 0.903251 -0.006880 2.207392
v 0.903251 0.101480 2.315751
v 1.296359 0.403268 2.013966
v 1.296360 0.294908 1.905607
v 1.296360 0.101480 2.315750
v 1.296359 -0.006880 2.207392
v 0.929394 0.831053 2.523087
v 0.929394 0.869254 2.561287
v 0.929394 0.614303 2.739837
v 0.929394 0.652504 2.778037
v 1.285902 0.869254 2.561287
v 1.285902 0.831053 2.523087
v 1.285903 0.652504 2.778038
v 1.285902 0.614303 2.739837
v 0.929394 0.190215 2.537966
v 0.929394 0.388479 2.736228
v 0.929394 0.151371 2.576809
v 0.929395 0.349635 2.775072
v 1.285902 0.388479 2.736229
v 1.285903 0.190215 2.537966
v 1.285903 0.349635 2.775074
v 1.285902 0.151371 2.576809
v 0.929424 0.652374 2.719241
v 0.929425 0.652374 2.775883
v 0.929424 0.351132 2.719241
v 0.929425 0.351132 2.775883
v 1.285872 0.652374 2.775883
v 1.285872 0.652374 2.719242
v 1.285872 0.351132 2.775883
v 1.285872 0.351132 2.719242
v 0.929425 0.868631 2.258386
v 0.929425 0.868631 2.564856
v 0.929425 0.794129 2.258386
v 0.929425 0.794129 2.564856
v 1.285872 0.868631 2.564854
v 1.285872 0.868631 2.258385
v 1.285872 0.794129 2.564854
v 1.285872 0.794129 2.258385
v 0.929394 0.652504 2.046102
v 0.929394 0.865557 2.259152
v 0.929394 0.610695 2.087911
v 0.929394 0.823748 2.300961
v 1.285902 0.865557 2.259153
v 1.285902 0.652504 2.046102
v 1.285902 0.823748 2.300961
v 1.285902 0.610695 2.087911
v 0.929425 0.652374 2.047360
v 0.929425 0.652374 2.100944
v 0.929425 0.345903 2.047360
v 0.929425 0.345903 2.100944
v 1.285872 0.652374 2.100944
v 1.285872 0.652374 2.047360
v 1.285872 0.345903 2.100944
v 1.285872 0.345903 2.047360
v 1.151301 0.841759 2.722775
v 1.151301 0.152712 2.722775
v 1.151301 0.841759 2.093811
v 1.151301 0.152712 2.093811
v 1.226046 0.152712 2.722775
v 1.226046 0.841759 2.722775
v 1.226046 0.152712 2.093811
v 1.226046 0.841759 2.093811
v 0.929394 0.361459 2.046102
v 0.929394 0.403268 2.087911
v 0.929394 0.152103 2.255456
v 0.929394 0.193912 2.297265
v 1.285902 0.403268 2.087911
v 1.285902 0.361459 2.046102
v 1.285902 0.193912 2.297265
v 1.285902 0.152103 2.255455
v 0.929425 0.208619 2.253158
v 0.929425 0.208619 2.580540
v 0.929425 0.150561 2.253158
v 0.929425 0.150561 2.580540
v 1.285872 0.208619 2.580541
v 1.285872 0.208619 2.253158
v 1.285872 0.150561 2.580541
v 1.285872 0.150561 2.253158
v 0.760764 0.582806 2.326964
v 0.760765 0.582806 2.485714
v 0.760764 0.424054 2.326964
v 0.760765 0.424054 2.485714
v 1.283945 0.582806 2.485715
v 1.283946 0.582806 2.326965
v 1.283945 0.424054 2.485715
v 1.283946 0.424054 2.326965
vn -0.0000 -0.0000 1.0000
vn -1.0000 -0.0000 -0.0000
vn -0.0000 -0.0000 -1.0000
vn 1.0000 -0.0000 -0.0000
vn -0.0000 1.0000 -0.0000
vn -0.0000 -1.0000 -0.0000
vn -0.0000 0.7071 0.7071
vn -0.0000 -0.7071 -0.7071
vn -0.0000 0.7071 -0.7071
vn -0.0000 -0.7071 0.7071
vt 0.429688 0.447266
vt 0.576172 0.960938
vt 0.039062 0.746094
vt 0.554688 0.437500
vt 0.443359 0.447266
vt 0.039062 0.732422
vt 0.429688 0.442383
vt 0.576172 0.956055
vt 0.058594 0.664062
vt 0.554688 0.432617
vt 0.443359 0.442383
vt 0.058594 0.650391
vt 0.566406 0.437500
vt 0.552734 0.492188
vt 0.050781 0.732422
vt 0.564453 0.960938
vt 0.566406 0.492188
vt 0.050781 0.746094
vt 0.566406 0.432617
vt 0.552734 0.487305
vt 0.070312 0.650391
vt 0.564453 0.956055
vt 0.566406 0.487305
vt 0.070312 0.664062
vt 0.443359 0.447266
vt 0.101562 0.552734
vt 0.328125 0.435547
vt 0.042969 0.640625
vt 0.448242 0.447266
vt 0.328125 0.430664
vt 0.443359 0.433594
vt 0.101562 0.539062
vt 0.564453 0.537109
vt 0.042969 0.626953
vt 0.448242 0.433594
vt 0.564453 0.532227
vt 0.054688 0.640625
vt 0.521484 0.447266
vt 0.339844 0.430664
vt 0.089844 0.552734
vt 0.526367 0.447266
vt 0.339844 0.435547
vt 0.054688 0.626953
vt 0.521484 0.433594
vt 0.576172 0.532227
vt 0.089844 0.539062
vt 0.526367 0.433594
vt 0.576172 0.537109
vt 0.552734 0.486328
vt 0.078125 0.433594
vt 0.121094 0.498047
vt 0.564453 0.531250
vt 0.566406 0.486328
vt 0.121094 0.484375
vt 0.552734 0.481445
vt 0.078125 0.428711
vt 0.503906 0.525391
vt 0.564453 0.526367
vt 0.566406 0.481445
vt 0.503906 0.511719
vt 0.576172 0.531250
vt 0.527344 0.447266
vt 0.132812 0.484375
vt 0.066406 0.433594
vt 0.541016 0.447266
vt 0.132812 0.498047
vt 0.576172 0.526367
vt 0.527344 0.442383
vt 0.515625 0.511719
vt 0.066406 0.428711
vt 0.541016 0.442383
vt 0.515625 0.525391
vt 0.541016 0.447266
vt 0.503906 0.496094
vt 0.566406 0.929688
vt 0.480469 0.496094
vt 0.545898 0.447266
vt 0.566406 0.924805
vt 0.541016 0.433594
vt 0.503906 0.482422
vt 0.097656 0.433594
vt 0.480469 0.482422
vt 0.545898 0.433594
vt 0.097656 0.428711
vt 0.492188 0.496094
vt 0.042969 0.445312
vt 0.578125 0.924805
vt 0.492188 0.496094
vt 0.047852 0.445312
vt 0.578125 0.929688
vt 0.492188 0.482422
vt 0.042969 0.431641
vt 0.109375 0.428711
vt 0.492188 0.482422
vt 0.047852 0.431641
vt 0.109375 0.433594
vt 0.554688 0.949219
vt 0.578125 0.832031
vt 0.503906 0.496094
vt 0.566406 0.837891
vt 0.568359 0.949219
vt 0.503906 0.482422
vt 0.554688 0.944336
vt 0.578125 0.827148
vt 0.068359 0.494141
vt 0.566406 0.833008
vt 0.568359 0.944336
vt 0.068359 0.480469
vt 0.578125 0.837891
vt 0.554688 0.943359
vt 0.515625 0.482422
vt 0.566406 0.832031
vt 0.568359 0.943359
vt 0.515625 0.496094
vt 0.578125 0.833008
vt 0.554688 0.938477
vt 0.080078 0.480469
vt 0.566406 0.827148
vt 0.568359 0.938477
vt 0.080078 0.494141
vt 0.554688 0.900391
vt 0.578125 0.791016
vt 0.080078 0.494141
vt 0.566406 0.826172
vt 0.568359 0.900391
vt 0.080078 0.480469
vt 0.554688 0.895508
vt 0.578125 0.786133
vt 0.091797 0.494141
vt 0.566406 0.821289
vt 0.568359 0.895508
vt 0.091797 0.480469
vt 0.578125 0.826172
vt 0.554688 0.894531
vt 0.091797 0.480469
vt 0.566406 0.791016
vt 0.568359 0.894531
vt 0.091797 0.494141
vt 0.578125 0.821289
vt 0.554688 0.889648
vt 0.103516 0.480469
vt 0.566406 0.786133
vt 0.568359 0.889648
vt 0.103516 0.494141
vt 0.152344 0.433594
vt 0.517578 0.896484
vt 0.265625 0.634766
vt 0.103516 0.494141
vt 0.156250 0.433594
vt 0.265625 0.630859
vt 0.152344 0.419922
vt 0.517578 0.882812
vt 0.404297 0.576172
vt 0.103516 0.480469
vt 0.156250 0.419922
vt 0.404297 0.572266
vt 0.115234 0.494141
vt 0.269531 0.433594
vt 0.277344 0.630859
vt 0.505859 0.896484
vt 0.273438 0.433594
vt 0.277344 0.634766
vt 0.115234 0.480469
vt 0.269531 0.419922
vt 0.416016 0.572266
vt 0.505859 0.882812
vt 0.273438 0.419922
vt 0.416016 0.576172
vt 0.048828 0.445312
vt 0.517578 0.664062
vt 0.566406 0.785156
vt 0.505859 0.837891
vt 0.053711 0.445312
vt 0.566406 0.780273
vt 0.048828 0.431641
vt 0.517578 0.650391
vt 0.250000 0.433594
vt 0.505859 0.824219
vt 0.053711 0.431641
vt 0.250000 0.428711
vt 0.517578 0.837891
vt 0.109375 0.445312
vt 0.578125 0.780273
vt 0.505859 0.664062
vt 0.114258 0.445312
vt 0.578125 0.785156
vt 0.517578 0.824219
vt 0.109375 0.431641
vt 0.261719 0.428711
vt 0.505859 0.650391
vt 0.114258 0.431641
vt 0.261719 0.433594
vt 0.478516 0.416016
vt 0.541992 0.884766
vt 0.578125 0.728516
vt 0.128906 0.558594
vt 0.480469 0.416016
vt 0.578125 0.726562
vt 0.478516 0.406250
vt 0.541992 0.875000
vt 0.580078 0.878906
vt 0.128906 0.548828
vt 0.480469 0.406250
vt 0.580078 0.876953
vt 0.139648 0.558594
vt 0.017578 0.414062
vt 0.588867 0.726562
vt 0.531250 0.884766
vt 0.019531 0.414062
vt 0.588867 0.728516
vt 0.139648 0.548828
vt 0.017578 0.404297
vt 0.590820 0.876953
vt 0.531250 0.875000
vt 0.019531 0.404297
vt 0.590820 0.878906
vt 0.585938 0.746094
vt 0.590820 0.615234
vt 0.542969 0.707031
vt 0.580078 0.714844
vt 0.594727 0.746094
vt 0.542969 0.698242
vt 0.585938 0.744141
vt 0.590820 0.613281
vt 0.542969 0.634766
vt 0.580078 0.712891
vt 0.594727 0.744141
vt 0.542969 0.625977
vt 0.590820 0.714844
vt 0.585938 0.697266
vt 0.553711 0.698242
vt 0.580078 0.615234
vt 0.594727 0.697266
vt 0.553711 0.707031
vt 0.590820 0.712891
vt 0.585938 0.695312
vt 0.553711 0.625977
vt 0.580078 0.613281
vt 0.594727 0.695312
vt 0.553711 0.634766
vt 0.039062 0.414062
vt 0.541992 0.634766
vt 0.580078 0.541016
vt 0.531250 0.707031
vt 0.041016 0.414062
vt 0.580078 0.539062
vt 0.039062 0.404297
vt 0.541992 0.625000
vt 0.582031 0.783203
vt 0.531250 0.697266
vt 0.041016 0.404297
vt 0.582031 0.781250
vt 0.541992 0.707031
vt 0.041016 0.414062
vt 0.590820 0.539062
vt 0.531250 0.634766
vt 0.042969 0.414062
vt 0.590820 0.541016
vt 0.541992 0.697266
vt 0.041016 0.404297
vt 0.592773 0.781250
vt 0.531250 0.625000
vt 0.042969 0.404297
vt 0.592773 0.783203
vt 0.474609 0.943359
vt 0.592773 0.664062
vt 0.531250 0.619141
vt 0.582031 0.750000
vt 0.484375 0.943359
vt 0.531250 0.609375
vt 0.474609 0.941406
vt 0.592773 0.662109
vt 0.488281 0.468750
vt 0.582031 0.748047
vt 0.484375 0.941406
vt 0.488281 0.458984
vt 0.592773 0.750000
vt 0.533203 0.746094
vt 0.541992 0.609375
vt 0.582031 0.664062
vt 0.542969 0.746094
vt 0.541992 0.619141
vt 0.592773 0.748047
vt 0.533203 0.744141
vt 0.499023 0.458984
vt 0.582031 0.662109
vt 0.542969 0.744141
vt 0.499023 0.468750
vt 0.541016 0.476562
vt 0.594727 0.964844
vt 0.500000 0.468750
vt 0.582031 0.425781
vt 0.550781 0.476562
vt 0.500000 0.458984
vt 0.541016 0.474609
vt 0.594727 0.962891
vt 0.511719 0.468750
vt 0.582031 0.423828
vt 0.550781 0.474609
vt 0.511719 0.458984
vt 0.592773 0.425781
vt 0.583984 0.417969
vt 0.510742 0.458984
vt 0.583984 0.964844
vt 0.593750 0.417969
vt 0.510742 0.468750
vt 0.592773 0.423828
vt 0.583984 0.416016
vt 0.522461 0.458984
vt 0.583984 0.962891
vt 0.593750 0.416016
vt 0.522461 0.468750
vt 0.048828 0.414062
vt 0.090820 0.466797
vt 0.583984 0.929688
vt 0.068359 0.466797
vt 0.050781 0.414062
vt 0.583984 0.927734
vt 0.048828 0.404297
vt 0.090820 0.457031
vt 0.583984 0.892578
vt 0.068359 0.457031
vt 0.050781 0.404297
vt 0.583984 0.890625
vt 0.079102 0.466797
vt 0.050781 0.414062
vt 0.594727 0.927734
vt 0.080078 0.466797
vt 0.052734 0.414062
vt 0.594727 0.929688
vt 0.079102 0.457031
vt 0.050781 0.404297
vt 0.594727 0.890625
vt 0.080078 0.457031
vt 0.052734 0.404297
vt 0.594727 0.892578
vt 0.087891 0.724609
vt 0.265625 0.421875
vt 0.287109 0.425781
vt 0.261719 0.421875
vt 0.109375 0.724609
vt 0.287109 0.404297
vt 0.087891 0.705078
vt 0.265625 0.402344
vt 0.289062 0.425781
vt 0.261719 0.402344
vt 0.109375 0.705078
vt 0.289062 0.404297
vt 0.263672 0.421875
vt 0.068359 0.552734
vt 0.289062 0.404297
vt 0.263672 0.421875
vt 0.089844 0.552734
vt 0.289062 0.425781
vt 0.263672 0.402344
vt 0.068359 0.533203
vt 0.291016 0.404297
vt 0.263672 0.402344
vt 0.089844 0.533203
vt 0.291016 0.425781
vt 0.572266 0.414062
vt 0.405273 0.457031
vt 0.583984 0.849609
vt 0.542969 0.619141
vt 0.574219 0.414062
vt 0.583984 0.847656
vt 0.572266 0.405273
vt 0.405273 0.448242
vt 0.583984 0.847656
vt 0.542969 0.610352
vt 0.574219 0.405273
vt 0.583984 0.845703
vt 0.553711 0.619141
vt 0.574219 0.414062
vt 0.594727 0.847656
vt 0.394531 0.457031
vt 0.576172 0.414062
vt 0.594727 0.849609
vt 0.553711 0.610352
vt 0.574219 0.405273
vt 0.594727 0.845703
vt 0.394531 0.448242
vt 0.576172 0.405273
vt 0.594727 0.847656
vt 0.585938 0.953125
vt 0.594727 0.843750
vt 0.091797 0.466797
vt 0.583984 0.845703
vt 0.595703 0.953125
vt 0.091797 0.457031
vt 0.585938 0.951172
vt 0.594727 0.841797
vt 0.103516 0.466797
vt 0.583984 0.843750
vt 0.595703 0.951172
vt 0.103516 0.457031
vt 0.594727 0.845703
vt 0.585938 0.916016
vt 0.102539 0.457031
vt 0.583984 0.843750
vt 0.595703 0.916016
vt 0.102539 0.466797
vt 0.594727 0.843750
vt 0.585938 0.914062
vt 0.114258 0.457031
vt 0.583984 0.841797
vt 0.595703 0.914062
vt 0.114258 0.466797
vt 0.580078 0.519531
vt 0.565430 0.791016
vt 0.548828 0.785156
vt 0.189453 0.451172
vt 0.584961 0.519531
vt 0.548828 0.780273
vt 0.580078 0.514648
vt 0.565430 0.786133
vt 0.548828 0.740234
vt 0.189453 0.446289
vt 0.584961 0.514648
vt 0.548828 0.735352
vt 0.206055 0.451172
vt 0.580078 0.509766
vt 0.565430 0.780273
vt 0.548828 0.791016
vt 0.584961 0.509766
vt 0.565430 0.785156
vt 0.206055 0.446289
vt 0.580078 0.504883
vt 0.565430 0.735352
vt 0.548828 0.786133
vt 0.584961 0.504883
vt 0.565430 0.740234
s 1
usemtl Сковородка.png
f 2404/7196/452 2407/7205/452 2405/7199/452 2402/7190/452
f 2403/7193/453 2404/7197/453 2402/7191/453 2401/7187/453
f 2408/7208/454 2403/7194/454 2401/7188/454 2406/7202/454
f 2407/7206/455 2408/7209/455 2406/7203/455 2405/7200/455
f 2406/7204/456 2401/7189/456 2402/7192/456 2405/7201/456
f 2407/7207/457 2404/7198/457 2403/7195/457 2408/7210/457
f 2412/7220/452 2415/7229/452 2413/7223/452 2410/7214/452
f 2411/7217/453 2412/7221/453 2410/7215/453 2409/7211/453
f 2416/7232/454 2411/7218/454 2409/7212/454 2414/7226/454
f 2415/7230/455 2416/7233/455 2414/7227/455 2413/7224/455
f 2414/7228/456 2409/7213/456 2410/7216/456 2413/7225/456
f 2415/7231/457 2412/7222/457 2411/7219/457 2416/7234/457
f 2420/7244/458 2423/7253/458 2421/7247/458 2418/7238/458
f 2419/7241/453 2420/7245/453 2418/7239/453 2417/7235/453
f 2424/7256/459 2419/7242/459 2417/7236/459 2422/7250/459
f 2423/7254/455 2424/7257/455 2422/7251/455 2421/7248/455
f 2422/7252/460 2417/7237/460 2418/7240/460 2421/7249/460
f 2423/7255/461 2420/7246/461 2419/7243/461 2424/7258/461
f 2428/7268/458 2431/7277/458 2429/7271/458 2426/7262/458
f 2427/7265/453 2428/7269/453 2426/7263/453 2425/7259/453
f 2432/7280/459 2427/7266/459 2425/7260/459 2430/7274/459
f 2431/7278/455 2432/7281/455 2430/7275/455 2429/7272/455
f 2430/7276/460 2425/7261/460 2426/7264/460 2429/7273/460
f 2431/7279/461 2428/7270/461 2427/7267/461 2432/7282/461
f 2436/7292/452 2439/7301/452 2437/7295/452 2434/7286/452
f 2435/7289/453 2436/7293/453 2434/7287/453 2433/7283/453
f 2440/7304/454 2435/7290/454 2433/7284/454 2438/7298/454
f 2439/7302/455 2440/7305/455 2438/7299/455 2437/7296/455
f 2438/7300/456 2433/7285/456 2434/7288/456 2437/7297/456
f 2439/7303/457 2436/7294/457 2435/7291/457 2440/7306/457
f 2444/7316/458 2447/7325/458 2445/7319/458 2442/7310/458
f 2443/7313/453 2444/7317/453 2442/7311/453 2441/7307/453
f 2448/7328/459 2443/7314/459 2441/7308/459 2446/7322/459
f 2447/7326/455 2448/7329/455 2446/7323/455 2445/7320/455
f 2446/7324/460 2441/7309/460 2442/7312/460 2445/7321/460
f 2447/7327/461 2444/7318/461 2443/7315/461 2448/7330/461
f 2452/7340/452 2455/7349/452 2453/7343/452 2450/7334/452
f 2451/7337/453 2452/7341/453 2450/7335/453 2449/7331/453
f 2456/7352/454 2451/7338/454 2449/7332/454 2454/7346/454
f 2455/7350/455 2456/7353/455 2454/7347/455 2453/7344/455
f 2454/7348/456 2449/7333/456 2450/7336/456 2453/7345/456
f 2455/7351/457 2452/7342/457 2451/7339/457 2456/7354/457
f 2460/7364/458 2463/7373/458 2461/7367/458 2458/7358/458
f 2459/7361/453 2460/7365/453 2458/7359/453 2457/7355/453
f 2464/7376/459 2459/7362/459 2457/7356/459 2462/7370/459
f 2463/7374/455 2464/7377/455 2462/7371/455 2461/7368/455
f 2462/7372/460 2457/7357/460 2458/7360/460 2461/7369/460
f 2463/7375/461 2460/7366/461 2459/7363/461 2464/7378/461
f 2468/7388/458 2471/7397/458 2469/7391/458 2466/7382/458
f 2467/7385/453 2468/7389/453 2466/7383/453 2465/7379/453
f 2472/7400/459 2467/7386/459 2465/7380/459 2470/7394/459
f 2471/7398/455 2472/7401/455 2470/7395/455 2469/7392/455
f 2470/7396/460 2465/7381/460 2466/7384/460 2469/7393/460
f 2471/7399/461 2468/7390/461 2467/7387/461 2472/7402/461
f 2476/7412/458 2479/7421/458 2477/7415/458 2474/7406/458
f 2475/7409/453 2476/7413/453 2474/7407/453 2473/7403/453
f 2480/7424/459 2475/7410/459 2473/7404/459 2478/7418/459
f 2479/7422/455 2480/7425/455 2478/7419/455 2477/7416/455
f 2478/7420/460 2473/7405/460 2474/7408/460 2477/7417/460
f 2479/7423/461 2476/7414/461 2475/7411/461 2480/7426/461
f 2484/7436/452 2487/7445/452 2485/7439/452 2482/7430/452
f 2483/7433/453 2484/7437/453 2482/7431/453 2481/7427/453
f 2488/7448/454 2483/7434/454 2481/7428/454 2486/7442/454
f 2487/7446/455 2488/7449/455 2486/7443/455 2485/7440/455
f 2486/7444/456 2481/7429/456 2482/7432/456 2485/7441/456
f 2487/7447/457 2484/7438/457 2483/7435/457 2488/7450/457
f 2492/7460/452 2495/7469/452 2493/7463/452 2490/7454/452
f 2491/7457/453 2492/7461/453 2490/7455/453 2489/7451/453
f 2496/7472/454 2491/7458/454 2489/7452/454 2494/7466/454
f 2495/7470/455 2496/7473/455 2494/7467/455 2493/7464/455
f 2494/7468/456 2489/7453/456 2490/7456/456 2493/7465/456
f 2495/7471/457 2492/7462/457 2491/7459/457 2496/7474/457
f 2500/7484/458 2503/7493/458 2501/7487/458 2498/7478/458
f 2499/7481/453 2500/7485/453 2498/7479/453 2497/7475/453
f 2504/7496/459 2499/7482/459 2497/7476/459 2502/7490/459
f 2503/7494/455 2504/7497/455 2502/7491/455 2501/7488/455
f 2502/7492/460 2497/7477/460 2498/7480/460 2501/7489/460
f 2503/7495/461 2500/7486/461 2499/7483/461 2504/7498/461
f 2508/7508/452 2511/7517/452 2509/7511/452 2506/7502/452
f 2507/7505/453 2508/7509/453 2506/7503/453 2505/7499/453
f 2512/7520/454 2507/7506/454 2505/7500/454 2510/7514/454
f 2511/7518/455 2512/7521/455 2510/7515/455 2509/7512/455
f 2510/7516/456 2505/7501/456 2506/7504/456 2509/7513/456
f 2511/7519/457 2508/7510/457 2507/7507/457 2512/7522/457
f 2516/7532/457 2519/7541/457 2517/7535/457 2514/7526/457
f 2515/7529/453 2516/7533/453 2514/7527/453 2513/7523/453
f 2520/7544/456 2515/7530/456 2513/7524/456 2518/7538/456
f 2519/7542/455 2520/7545/455 2518/7539/455 2517/7536/455
f 2518/7540/452 2513/7525/452 2514/7528/452 2517/7537/452
f 2519/7543/454 2516/7534/454 2515/7531/454 2520/7546/454
f 2524/7556/458 2527/7565/458 2525/7559/458 2522/7550/458
f 2523/7553/453 2524/7557/453 2522/7551/453 2521/7547/453
f 2528/7568/459 2523/7554/459 2521/7548/459 2526/7562/459
f 2527/7566/455 2528/7569/455 2526/7563/455 2525/7560/455
f 2526/7564/460 2521/7549/460 2522/7552/460 2525/7561/460
f 2527/7567/461 2524/7558/461 2523/7555/461 2528/7570/461
f 2532/7580/452 2535/7589/452 2533/7583/452 2530/7574/452
f 2531/7577/453 2532/7581/453 2530/7575/453 2529/7571/453
f 2536/7592/454 2531/7578/454 2529/7572/454 2534/7586/454
f 2535/7590/455 2536/7593/455 2534/7587/455 2533/7584/455
f 2534/7588/456 2529/7573/456 2530/7576/456 2533/7585/456
f 2535/7591/457 2532/7582/457 2531/7579/457 2536/7594/457
f 2540/7604/452 2543/7613/452 2541/7607/452 2538/7598/452
f 2539/7601/453 2540/7605/453 2538/7599/453 2537/7595/453
f 2544/7616/454 2539/7602/454 2537/7596/454 2542/7610/454
f 2543/7614/455 2544/7617/455 2542/7611/455 2541/7608/455
f 2542/7612/456 2537/7597/456 2538/7600/456 2541/7609/456
f 2543/7615/457 2540/7606/457 2539/7603/457 2544/7618/457
o w4
v 0.903281 0.156332 -1.793868
v 0.903281 0.156332 -1.367138
v 0.903281 -0.006301 -1.793868
v 0.903281 -0.006301 -1.367138
v 1.296329 0.156332 -1.367138
v 1.296329 0.156332 -1.793867
v 1.296329 -0.006301 -1.367138
v 1.296329 -0.006301 -1.793867
v 0.903281 0.720348 -1.228439
v 0.903281 0.720348 -1.067223
v 0.903281 0.293616 -1.228439
v 0.903281 0.293616 -1.067223
v 1.296329 0.720348 -1.067224
v 1.296329 0.720348 -1.228439
v 1.296329 0.293616 -1.067224
v 1.296329 0.293616 -1.228439
v 0.903251 0.101481 -1.476790
v 0.903251 0.403269 -1.175005
v 0.903251 -0.006879 -1.368431
v 0.903251 0.294909 -1.066646
v 1.296359 0.403269 -1.175005
v 1.296359 0.101481 -1.476790
v 1.296359 0.294909 -1.066646
v 1.296359 -0.006879 -1.368431
v 0.903250 0.908697 -1.480577
v 0.903251 1.020843 -1.368431
v 0.903251 0.606909 -1.178792
v 0.903251 0.719055 -1.066646
v 1.296359 1.020843 -1.368431
v 1.296360 0.908697 -1.480577
v 1.296359 0.719055 -1.066646
v 1.296360 0.606909 -1.178792
v 0.903281 1.020265 -1.793868
v 0.903281 1.020265 -1.367138
v 0.903281 0.846417 -1.793868
v 0.903281 0.846417 -1.367138
v 1.296329 1.020265 -1.367138
v 1.296329 1.020265 -1.793867
v 1.296329 0.846417 -1.367138
v 1.296329 0.846417 -1.793867
v 0.903250 0.719056 -2.094360
v 0.903251 1.020844 -1.792574
v 0.903251 0.610696 -1.986001
v 0.903251 0.912484 -1.684216
v 1.296359 1.020844 -1.792574
v 1.296359 0.719056 -2.094360
v 1.296360 0.912484 -1.684216
v 1.296360 0.610696 -1.986001
v 0.903281 0.720348 -2.093782
v 0.903281 0.720348 -1.951310
v 0.903281 0.293616 -2.093782
v 0.903281 0.293616 -1.951310
v 1.296329 0.720348 -1.951310
v 1.296329 0.720348 -2.093782
v 1.296329 0.293616 -1.951310
v 1.296329 0.293616 -2.093782
v 0.903250 0.294909 -2.094360
v 0.903251 0.403269 -1.986001
v 0.903251 -0.006879 -1.792574
v 0.903251 0.101481 -1.684216
v 1.296360 0.403269 -1.986001
v 1.296359 0.294909 -2.094360
v 1.296360 0.101481 -1.684216
v 1.296359 -0.006879 -1.792574
v 0.929395 0.831054 -1.476880
v 0.929394 0.869255 -1.438679
v 0.929394 0.614303 -1.260131
v 0.929394 0.652504 -1.221931
v 1.285902 0.869255 -1.438678
v 1.285902 0.831054 -1.476879
v 1.285902 0.652504 -1.221931
v 1.285903 0.614303 -1.260131
v 0.929394 0.190215 -1.462001
v 0.929394 0.388479 -1.263739
v 0.929394 0.151372 -1.423158
v 0.929395 0.349636 -1.224896
v 1.285902 0.388479 -1.263739
v 1.285902 0.190215 -1.462001
v 1.285902 0.349636 -1.224896
v 1.285902 0.151372 -1.423158
v 0.929424 0.652375 -1.280726
v 0.929425 0.652375 -1.224085
v 0.929424 0.351132 -1.280726
v 0.929425 0.351132 -1.224085
v 1.285872 0.652375 -1.224085
v 1.285872 0.652375 -1.280726
v 1.285872 0.351132 -1.224085
v 1.285872 0.351132 -1.280726
v 0.929425 0.868632 -1.741580
v 0.929425 0.868632 -1.435111
v 0.929425 0.794129 -1.741580
v 0.929425 0.794129 -1.435111
v 1.285872 0.868632 -1.435112
v 1.285872 0.868632 -1.741580
v 1.285872 0.794129 -1.435112
v 1.285872 0.794129 -1.741580
v 0.929394 0.652505 -1.953864
v 0.929394 0.865558 -1.740813
v 0.929394 0.610696 -1.912056
v 0.929394 0.823749 -1.699005
v 1.285902 0.865558 -1.740813
v 1.285902 0.652505 -1.953864
v 1.285902 0.823749 -1.699005
v 1.285902 0.610696 -1.912056
v 0.929424 0.652375 -1.952606
v 0.929425 0.652375 -1.899024
v 0.929424 0.345904 -1.952606
v 0.929425 0.345904 -1.899024
v 1.285872 0.652375 -1.899023
v 1.285872 0.652375 -1.952607
v 1.285872 0.345904 -1.899023
v 1.285872 0.345904 -1.952607
v 1.151301 0.841759 -1.277193
v 1.151301 0.152713 -1.277193
v 1.151301 0.841759 -1.906156
v 1.151301 0.152713 -1.906157
v 1.226046 0.152713 -1.277192
v 1.226046 0.841759 -1.277192
v 1.226047 0.152713 -1.906155
v 1.226047 0.841759 -1.906155
v 0.929394 0.361460 -1.953864
v 0.929394 0.403269 -1.912056
v 0.929394 0.152104 -1.744510
v 0.929394 0.193913 -1.702703
v 1.285902 0.403269 -1.912056
v 1.285902 0.361460 -1.953864
v 1.285903 0.193913 -1.702702
v 1.285902 0.152104 -1.744510
v 0.929424 0.208619 -1.746809
v 0.929425 0.208619 -1.419426
v 0.929424 0.150561 -1.746809
v 0.929425 0.150561 -1.419426
v 1.285872 0.208619 -1.419426
v 1.285872 0.208619 -1.746809
v 1.285872 0.150561 -1.419426
v 1.285872 0.150561 -1.746809
v 0.760764 0.582806 -1.673002
v 0.760765 0.582806 -1.514252
v 0.760764 0.424055 -1.673002
v 0.760765 0.424055 -1.514252
v 1.283946 0.582806 -1.514251
v 1.283946 0.582806 -1.673002
v 1.283946 0.424055 -1.514251
v 1.283946 0.424055 -1.673002
vn -0.0000 -0.0000 1.0000
vn -1.0000 -0.0000 -0.0000
vn -0.0000 -0.0000 -1.0000
vn 1.0000 -0.0000 -0.0000
vn -0.0000 1.0000 -0.0000
vn -0.0000 -1.0000 -0.0000
vn -0.0000 0.7071 0.7071
vn -0.0000 -0.7071 -0.7071
vn -0.0000 0.7071 -0.7071
vn -0.0000 -0.7071 0.7071
vt 0.556641 0.810547
vt 0.580078 0.634766
vt 0.500000 0.482422
vt 0.568359 0.707031
vt 0.570312 0.810547
vt 0.500000 0.468750
vt 0.556641 0.805664
vt 0.580078 0.629883
vt 0.511719 0.482422
vt 0.568359 0.702148
vt 0.570312 0.805664
vt 0.511719 0.468750
vt 0.580078 0.707031
vt 0.224609 0.443359
vt 0.511719 0.468750
vt 0.568359 0.634766
vt 0.238281 0.443359
vt 0.511719 0.482422
vt 0.580078 0.702148
vt 0.224609 0.438477
vt 0.523438 0.468750
vt 0.568359 0.629883
vt 0.238281 0.438477
vt 0.523438 0.482422
vt 0.238281 0.443359
vt 0.091797 0.480469
vt 0.568359 0.619141
vt 0.068359 0.480469
vt 0.243164 0.443359
vt 0.568359 0.614258
vt 0.238281 0.429688
vt 0.091797 0.466797
vt 0.568359 0.599609
vt 0.068359 0.466797
vt 0.243164 0.429688
vt 0.568359 0.594727
vt 0.080078 0.480469
vt 0.365234 0.443359
vt 0.580078 0.614258
vt 0.080078 0.480469
vt 0.370117 0.443359
vt 0.580078 0.619141
vt 0.080078 0.466797
vt 0.365234 0.429688
vt 0.580078 0.594727
vt 0.080078 0.466797
vt 0.370117 0.429688
vt 0.580078 0.599609
vt 0.556641 0.566406
vt 0.580078 0.556641
vt 0.091797 0.480469
vt 0.568359 0.572266
vt 0.570312 0.566406
vt 0.091797 0.466797
vt 0.556641 0.561523
vt 0.580078 0.551758
vt 0.103516 0.480469
vt 0.568359 0.567383
vt 0.570312 0.561523
vt 0.103516 0.466797
vt 0.580078 0.572266
vt 0.476562 0.443359
vt 0.103516 0.466797
vt 0.568359 0.556641
vt 0.490234 0.443359
vt 0.103516 0.480469
vt 0.580078 0.567383
vt 0.476562 0.438477
vt 0.115234 0.466797
vt 0.568359 0.551758
vt 0.490234 0.438477
vt 0.115234 0.480469
vt 0.490234 0.443359
vt 0.207031 0.480469
vt 0.568359 0.550781
vt 0.183594 0.480469
vt 0.495117 0.443359
vt 0.568359 0.545898
vt 0.490234 0.429688
vt 0.207031 0.466797
vt 0.568359 0.544922
vt 0.183594 0.466797
vt 0.495117 0.429688
vt 0.568359 0.540039
vt 0.195312 0.480469
vt 0.496094 0.443359
vt 0.580078 0.545898
vt 0.195312 0.480469
vt 0.500977 0.443359
vt 0.580078 0.550781
vt 0.195312 0.466797
vt 0.496094 0.429688
vt 0.580078 0.540039
vt 0.195312 0.466797
vt 0.500977 0.429688
vt 0.580078 0.544922
vt 0.556641 0.466797
vt 0.480469 0.431641
vt 0.207031 0.480469
vt 0.457031 0.431641
vt 0.570312 0.466797
vt 0.207031 0.466797
vt 0.556641 0.461914
vt 0.480469 0.426758
vt 0.519531 0.707031
vt 0.457031 0.426758
vt 0.570312 0.461914
vt 0.519531 0.693359
vt 0.468750 0.431641
vt 0.556641 0.460938
vt 0.218750 0.466797
vt 0.468750 0.431641
vt 0.570312 0.460938
vt 0.218750 0.480469
vt 0.468750 0.426758
vt 0.556641 0.456055
vt 0.531250 0.693359
vt 0.468750 0.426758
vt 0.570312 0.456055
vt 0.531250 0.707031
vt 0.554688 0.443359
vt 0.580078 0.476562
vt 0.519531 0.619141
vt 0.568359 0.519531
vt 0.568359 0.443359
vt 0.519531 0.605469
vt 0.554688 0.438477
vt 0.580078 0.471680
vt 0.396484 0.480469
vt 0.568359 0.514648
vt 0.568359 0.438477
vt 0.396484 0.466797
vt 0.580078 0.519531
vt 0.558594 0.767578
vt 0.531250 0.605469
vt 0.568359 0.476562
vt 0.572266 0.767578
vt 0.531250 0.619141
vt 0.580078 0.514648
vt 0.558594 0.762695
vt 0.408203 0.466797
vt 0.568359 0.471680
vt 0.572266 0.762695
vt 0.408203 0.480469
vt 0.171875 0.431641
vt 0.431641 0.480469
vt 0.568359 0.593750
vt 0.408203 0.480469
vt 0.175781 0.431641
vt 0.568359 0.589844
vt 0.171875 0.417969
vt 0.431641 0.466797
vt 0.570312 0.923828
vt 0.408203 0.466797
vt 0.175781 0.417969
vt 0.570312 0.919922
vt 0.419922 0.480469
vt 0.347656 0.431641
vt 0.580078 0.589844
vt 0.419922 0.480469
vt 0.351562 0.431641
vt 0.580078 0.593750
vt 0.419922 0.466797
vt 0.347656 0.417969
vt 0.582031 0.919922
vt 0.419922 0.466797
vt 0.351562 0.417969
vt 0.582031 0.923828
vt 0.501953 0.443359
vt 0.455078 0.480469
vt 0.568359 0.455078
vt 0.431641 0.480469
vt 0.506836 0.443359
vt 0.568359 0.450195
vt 0.501953 0.429688
vt 0.455078 0.466797
vt 0.568359 0.449219
vt 0.431641 0.466797
vt 0.506836 0.429688
vt 0.568359 0.444336
vt 0.443359 0.480469
vt 0.021484 0.441406
vt 0.580078 0.450195
vt 0.443359 0.480469
vt 0.026367 0.441406
vt 0.580078 0.455078
vt 0.443359 0.466797
vt 0.021484 0.427734
vt 0.580078 0.444336
vt 0.443359 0.466797
vt 0.026367 0.427734
vt 0.580078 0.449219
vt 0.142578 0.414062
vt 0.549805 0.474609
vt 0.583984 0.550781
vt 0.539062 0.546875
vt 0.144531 0.414062
vt 0.583984 0.548828
vt 0.142578 0.404297
vt 0.549805 0.464844
vt 0.583984 0.548828
vt 0.539062 0.537109
vt 0.144531 0.404297
vt 0.583984 0.546875
vt 0.549805 0.546875
vt 0.144531 0.414062
vt 0.594727 0.548828
vt 0.539062 0.474609
vt 0.146484 0.414062
vt 0.594727 0.550781
vt 0.549805 0.537109
vt 0.144531 0.404297
vt 0.594727 0.546875
vt 0.539062 0.464844
vt 0.146484 0.404297
vt 0.594727 0.548828
vt 0.585938 0.505859
vt 0.594727 0.544922
vt 0.210938 0.455078
vt 0.583984 0.546875
vt 0.594727 0.505859
vt 0.210938 0.446289
vt 0.585938 0.503906
vt 0.594727 0.542969
vt 0.287109 0.455078
vt 0.583984 0.544922
vt 0.594727 0.503906
vt 0.287109 0.446289
vt 0.594727 0.546875
vt 0.585938 0.492188
vt 0.221680 0.446289
vt 0.583984 0.544922
vt 0.594727 0.492188
vt 0.221680 0.455078
vt 0.594727 0.544922
vt 0.585938 0.490234
vt 0.297852 0.446289
vt 0.583984 0.542969
vt 0.594727 0.490234
vt 0.297852 0.455078
vt 0.160156 0.414062
vt 0.499023 0.458984
vt 0.583984 0.542969
vt 0.541016 0.960938
vt 0.162109 0.414062
vt 0.583984 0.541016
vt 0.160156 0.404297
vt 0.499023 0.449219
vt 0.583984 0.539062
vt 0.541016 0.951172
vt 0.162109 0.404297
vt 0.583984 0.537109
vt 0.551758 0.960938
vt 0.162109 0.414062
vt 0.594727 0.541016
vt 0.488281 0.458984
vt 0.164062 0.414062
vt 0.594727 0.542969
vt 0.551758 0.951172
vt 0.162109 0.404297
vt 0.594727 0.537109
vt 0.488281 0.449219
vt 0.164062 0.404297
vt 0.594727 0.539062
vt 0.585938 0.810547
vt 0.594727 0.523438
vt 0.500000 0.458984
vt 0.583984 0.525391
vt 0.595703 0.810547
vt 0.500000 0.449219
vt 0.585938 0.808594
vt 0.594727 0.521484
vt 0.511719 0.458984
vt 0.583984 0.523438
vt 0.595703 0.808594
vt 0.511719 0.449219
vt 0.594727 0.525391
vt 0.191406 0.414062
vt 0.510742 0.449219
vt 0.583984 0.523438
vt 0.201172 0.414062
vt 0.510742 0.458984
vt 0.594727 0.523438
vt 0.191406 0.412109
vt 0.522461 0.449219
vt 0.583984 0.521484
vt 0.201172 0.412109
vt 0.522461 0.458984
vt 0.585938 0.808594
vt 0.594727 0.498047
vt 0.541016 0.486328
vt 0.583984 0.511719
vt 0.595703 0.808594
vt 0.541016 0.476562
vt 0.585938 0.806641
vt 0.594727 0.496094
vt 0.062500 0.457031
vt 0.583984 0.509766
vt 0.595703 0.806641
vt 0.062500 0.447266
vt 0.594727 0.511719
vt 0.585938 0.806641
vt 0.551758 0.476562
vt 0.583984 0.498047
vt 0.595703 0.806641
vt 0.551758 0.486328
vt 0.594727 0.509766
vt 0.585938 0.804688
vt 0.073242 0.447266
vt 0.583984 0.496094
vt 0.595703 0.804688
vt 0.073242 0.457031
vt 0.201172 0.414062
vt 0.096680 0.457031
vt 0.583984 0.486328
vt 0.074219 0.457031
vt 0.203125 0.414062
vt 0.583984 0.484375
vt 0.201172 0.404297
vt 0.096680 0.447266
vt 0.583984 0.484375
vt 0.074219 0.447266
vt 0.203125 0.404297
vt 0.583984 0.482422
vt 0.084961 0.457031
vt 0.207031 0.414062
vt 0.594727 0.484375
vt 0.085938 0.457031
vt 0.208984 0.414062
vt 0.594727 0.486328
vt 0.084961 0.447266
vt 0.207031 0.404297
vt 0.594727 0.482422
vt 0.085938 0.447266
vt 0.208984 0.404297
vt 0.594727 0.484375
vt 0.128906 0.548828
vt 0.376953 0.421875
vt 0.457031 0.425781
vt 0.341797 0.421875
vt 0.150391 0.548828
vt 0.457031 0.404297
vt 0.128906 0.529297
vt 0.376953 0.402344
vt 0.458984 0.425781
vt 0.341797 0.402344
vt 0.150391 0.529297
vt 0.458984 0.404297
vt 0.343750 0.421875
vt 0.150391 0.548828
vt 0.458984 0.404297
vt 0.375000 0.421875
vt 0.171875 0.548828
vt 0.458984 0.425781
vt 0.343750 0.402344
vt 0.150391 0.529297
vt 0.460938 0.404297
vt 0.375000 0.402344
vt 0.171875 0.529297
vt 0.460938 0.425781
vt 0.003906 0.412109
vt 0.555664 0.566406
vt 0.583984 0.482422
vt 0.316406 0.455078
vt 0.005859 0.412109
vt 0.583984 0.480469
vt 0.003906 0.403320
vt 0.555664 0.557617
vt 0.583984 0.478516
vt 0.316406 0.446289
vt 0.005859 0.403320
vt 0.583984 0.476562
vt 0.327148 0.455078
vt 0.005859 0.412109
vt 0.594727 0.480469
vt 0.544922 0.566406
vt 0.007812 0.412109
vt 0.594727 0.482422
vt 0.327148 0.446289
vt 0.005859 0.403320
vt 0.594727 0.476562
vt 0.544922 0.557617
vt 0.007812 0.403320
vt 0.594727 0.478516
vt 0.585938 0.800781
vt 0.594727 0.474609
vt 0.097656 0.457031
vt 0.583984 0.476562
vt 0.595703 0.800781
vt 0.097656 0.447266
vt 0.585938 0.798828
vt 0.594727 0.472656
vt 0.542969 0.884766
vt 0.583984 0.474609
vt 0.595703 0.798828
vt 0.542969 0.875000
vt 0.594727 0.476562
vt 0.585938 0.798828
vt 0.108398 0.447266
vt 0.583984 0.474609
vt 0.595703 0.798828
vt 0.108398 0.457031
vt 0.594727 0.474609
vt 0.585938 0.796875
vt 0.553711 0.875000
vt 0.583984 0.472656
vt 0.595703 0.796875
vt 0.553711 0.884766
vt 0.582031 0.794922
vt 0.567383 0.519531
vt 0.494141 0.449219
vt 0.476562 0.449219
vt 0.586914 0.794922
vt 0.494141 0.444336
vt 0.582031 0.790039
vt 0.567383 0.514648
vt 0.550781 0.476562
vt 0.476562 0.444336
vt 0.586914 0.790039
vt 0.550781 0.471680
vt 0.493164 0.449219
vt 0.582031 0.789062
vt 0.510742 0.444336
vt 0.550781 0.519531
vt 0.586914 0.789062
vt 0.510742 0.449219
vt 0.493164 0.444336
vt 0.582031 0.784180
vt 0.567383 0.471680
vt 0.550781 0.514648
vt 0.586914 0.784180
vt 0.567383 0.476562
s 1
usemtl Сковородка.png
f 2548/7628/462 2551/7637/462 2549/7631/462 2546/7622/462
f 2547/7625/463 2548/7629/463 2546/7623/463 2545/7619/463
f 2552/7640/464 2547/7626/464 2545/7620/464 2550/7634/464
f 2551/7638/465 2552/7641/465 2550/7635/465 2549/7632/465
f 2550/7636/466 2545/7621/466 2546/7624/466 2549/7633/466
f 2551/7639/467 2548/7630/467 2547/7627/467 2552/7642/467
f 2556/7652/462 2559/7661/462 2557/7655/462 2554/7646/462
f 2555/7649/463 2556/7653/463 2554/7647/463 2553/7643/463
f 2560/7664/464 2555/7650/464 2553/7644/464 2558/7658/464
f 2559/7662/465 2560/7665/465 2558/7659/465 2557/7656/465
f 2558/7660/466 2553/7645/466 2554/7648/466 2557/7657/466
f 2559/7663/467 2556/7654/467 2555/7651/467 2560/7666/467
f 2564/7676/468 2567/7685/468 2565/7679/468 2562/7670/468
f 2563/7673/463 2564/7677/463 2562/7671/463 2561/7667/463
f 2568/7688/469 2563/7674/469 2561/7668/469 2566/7682/469
f 2567/7686/465 2568/7689/465 2566/7683/465 2565/7680/465
f 2566/7684/470 2561/7669/470 2562/7672/470 2565/7681/470
f 2567/7687/471 2564/7678/471 2563/7675/471 2568/7690/471
f 2572/7700/468 2575/7709/468 2573/7703/468 2570/7694/468
f 2571/7697/463 2572/7701/463 2570/7695/463 2569/7691/463
f 2576/7712/469 2571/7698/469 2569/7692/469 2574/7706/469
f 2575/7710/465 2576/7713/465 2574/7707/465 2573/7704/465
f 2574/7708/470 2569/7693/470 2570/7696/470 2573/7705/470
f 2575/7711/471 2572/7702/471 2571/7699/471 2576/7714/471
f 2580/7724/462 2583/7733/462 2581/7727/462 2578/7718/462
f 2579/7721/463 2580/7725/463 2578/7719/463 2577/7715/463
f 2584/7736/464 2579/7722/464 2577/7716/464 2582/7730/464
f 2583/7734/465 2584/7737/465 2582/7731/465 2581/7728/465
f 2582/7732/466 2577/7717/466 2578/7720/466 2581/7729/466
f 2583/7735/467 2580/7726/467 2579/7723/467 2584/7738/467
f 2588/7748/468 2591/7757/468 2589/7751/468 2586/7742/468
f 2587/7745/463 2588/7749/463 2586/7743/463 2585/7739/463
f 2592/7760/469 2587/7746/469 2585/7740/469 2590/7754/469
f 2591/7758/465 2592/7761/465 2590/7755/465 2589/7752/465
f 2590/7756/470 2585/7741/470 2586/7744/470 2589/7753/470
f 2591/7759/471 2588/7750/471 2587/7747/471 2592/7762/471
f 2596/7772/462 2599/7781/462 2597/7775/462 2594/7766/462
f 2595/7769/463 2596/7773/463 2594/7767/463 2593/7763/463
f 2600/7784/464 2595/7770/464 2593/7764/464 2598/7778/464
f 2599/7782/465 2600/7785/465 2598/7779/465 2597/7776/465
f 2598/7780/466 2593/7765/466 2594/7768/466 2597/7777/466
f 2599/7783/467 2596/7774/467 2595/7771/467 2600/7786/467
f 2604/7796/468 2607/7805/468 2605/7799/468 2602/7790/468
f 2603/7793/463 2604/7797/463 2602/7791/463 2601/7787/463
f 2608/7808/469 2603/7794/469 2601/7788/469 2606/7802/469
f 2607/7806/465 2608/7809/465 2606/7803/465 2605/7800/465
f 2606/7804/470 2601/7789/470 2602/7792/470 2605/7801/470
f 2607/7807/471 2604/7798/471 2603/7795/471 2608/7810/471
f 2612/7820/468 2615/7829/468 2613/7823/468 2610/7814/468
f 2611/7817/463 2612/7821/463 2610/7815/463 2609/7811/463
f 2616/7832/469 2611/7818/469 2609/7812/469 2614/7826/469
f 2615/7830/465 2616/7833/465 2614/7827/465 2613/7824/465
f 2614/7828/470 2609/7813/470 2610/7816/470 2613/7825/470
f 2615/7831/471 2612/7822/471 2611/7819/471 2616/7834/471
f 2620/7844/468 2623/7853/468 2621/7847/468 2618/7838/468
f 2619/7841/463 2620/7845/463 2618/7839/463 2617/7835/463
f 2624/7856/469 2619/7842/469 2617/7836/469 2622/7850/469
f 2623/7854/465 2624/7857/465 2622/7851/465 2621/7848/465
f 2622/7852/470 2617/7837/470 2618/7840/470 2621/7849/470
f 2623/7855/471 2620/7846/471 2619/7843/471 2624/7858/471
f 2628/7868/462 2631/7877/462 2629/7871/462 2626/7862/462
f 2627/7865/463 2628/7869/463 2626/7863/463 2625/7859/463
f 2632/7880/464 2627/7866/464 2625/7860/464 2630/7874/464
f 2631/7878/465 2632/7881/465 2630/7875/465 2629/7872/465
f 2630/7876/466 2625/7861/466 2626/7864/466 2629/7873/466
f 2631/7879/467 2628/7870/467 2627/7867/467 2632/7882/467
f 2636/7892/462 2639/7901/462 2637/7895/462 2634/7886/462
f 2635/7889/463 2636/7893/463 2634/7887/463 2633/7883/463
f 2640/7904/464 2635/7890/464 2633/7884/464 2638/7898/464
f 2639/7902/465 2640/7905/465 2638/7899/465 2637/7896/465
f 2638/7900/466 2633/7885/466 2634/7888/466 2637/7897/466
f 2639/7903/467 2636/7894/467 2635/7891/467 2640/7906/467
f 2644/7916/468 2647/7925/468 2645/7919/468 2642/7910/468
f 2643/7913/463 2644/7917/463 2642/7911/463 2641/7907/463
f 2648/7928/469 2643/7914/469 2641/7908/469 2646/7922/469
f 2647/7926/465 2648/7929/465 2646/7923/465 2645/7920/465
f 2646/7924/470 2641/7909/470 2642/7912/470 2645/7921/470
f 2647/7927/471 2644/7918/471 2643/7915/471 2648/7930/471
f 2652/7940/462 2655/7949/462 2653/7943/462 2650/7934/462
f 2651/7937/463 2652/7941/463 2650/7935/463 2649/7931/463
f 2656/7952/464 2651/7938/464 2649/7932/464 2654/7946/464
f 2655/7950/465 2656/7953/465 2654/7947/465 2653/7944/465
f 2654/7948/466 2649/7933/466 2650/7936/466 2653/7945/466
f 2655/7951/467 2652/7942/467 2651/7939/467 2656/7954/467
f 2660/7964/467 2663/7973/467 2661/7967/467 2658/7958/467
f 2659/7961/463 2660/7965/463 2658/7959/463 2657/7955/463
f 2664/7976/466 2659/7962/466 2657/7956/466 2662/7970/466
f 2663/7974/465 2664/7977/465 2662/7971/465 2661/7968/465
f 2662/7972/462 2657/7957/462 2658/7960/462 2661/7969/462
f 2663/7975/464 2660/7966/464 2659/7963/464 2664/7978/464
f 2668/7988/468 2671/7997/468 2669/7991/468 2666/7982/468
f 2667/7985/463 2668/7989/463 2666/7983/463 2665/7979/463
f 2672/8000/469 2667/7986/469 2665/7980/469 2670/7994/469
f 2671/7998/465 2672/8001/465 2670/7995/465 2669/7992/465
f 2670/7996/470 2665/7981/470 2666/7984/470 2669/7993/470
f 2671/7999/471 2668/7990/471 2667/7987/471 2672/8002/471
f 2676/8012/462 2679/8021/462 2677/8015/462 2674/8006/462
f 2675/8009/463 2676/8013/463 2674/8007/463 2673/8003/463
f 2680/8024/464 2675/8010/464 2673/8004/464 2678/8018/464
f 2679/8022/465 2680/8025/465 2678/8019/465 2677/8016/465
f 2678/8020/466 2673/8005/466 2674/8008/466 2677/8017/466
f 2679/8023/467 2676/8014/467 2675/8011/467 2680/8026/467
f 2684/8036/462 2687/8045/462 2685/8039/462 2682/8030/462
f 2683/8033/463 2684/8037/463 2682/8031/463 2681/8027/463
f 2688/8048/464 2683/8034/464 2681/8028/464 2686/8042/464
f 2687/8046/465 2688/8049/465 2686/8043/465 2685/8040/465
f 2686/8044/466 2681/8029/466 2682/8032/466 2685/8041/466
f 2687/8047/467 2684/8038/467 2683/8035/467 2688/8050/467
