# Blender 3.6.23
# www.blender.org
mtllib su25.mtl
o body
v -0.000016 3.635151 0.825697
v -0.000016 3.897156 1.458230
v -0.000016 3.245899 0.986930
v -0.000016 3.507904 1.619463
v -0.095601 3.186517 -3.717513
v 0.130385 3.468796 2.747708
v -0.095601 3.031169 -3.710731
v 0.130385 3.313448 2.754491
v 0.338419 3.468479 2.740450
v 0.112433 3.186200 -3.724770
v 0.338419 3.313131 2.747233
v 0.112434 3.030852 -3.717988
v 0.113639 3.187392 -3.726116
v 0.339712 3.469781 2.741600
v 0.006965 3.071179 -3.717313
v 0.233036 3.353567 2.750403
v 0.650154 3.184937 2.743186
v 0.424081 2.902549 -3.724532
v 0.543478 3.068723 2.751988
v 0.317406 2.786335 -3.715728
v 0.651427 3.183823 2.703465
v 0.639926 3.241306 4.020042
v 0.492193 3.185150 2.702016
v 0.480692 3.242634 4.018593
v 0.625669 1.609040 4.091184
v 0.637169 1.551556 2.774607
v 0.466435 1.610367 4.089735
v 0.477936 1.552884 2.773158
v 0.340172 3.467484 2.688987
v 0.328682 3.524912 4.004315
v 0.091120 3.195844 2.698672
v 0.079631 3.253273 4.013999
v 0.639301 3.240659 4.019439
v 0.650791 3.183231 2.704111
v 0.390250 2.969020 4.029124
v 0.401740 2.911591 2.713796
v 0.642519 1.494386 1.984494
v 0.598399 1.582620 7.039394
v 0.531783 1.607043 1.981561
v 0.487663 1.695277 7.036462
v 0.448151 1.434965 7.040660
v 0.492271 1.346731 1.985760
v 0.337414 1.547622 7.037727
v 0.381534 1.459388 1.982827
v 0.648493 2.178907 1.972598
v 0.604374 2.267141 7.027500
v 0.490510 2.180262 1.971195
v 0.446389 2.268496 7.026093
v 0.598399 1.582620 7.039394
v 0.642519 1.494386 1.984494
v 0.440416 1.583975 7.037991
v 0.484535 1.495740 1.983092
v 0.642372 2.990670 4.031759
v 0.609098 2.435572 7.179800
v 0.526517 2.991636 4.030705
v 0.493243 2.436538 7.178746
v 0.603704 1.634281 7.038452
v 0.636976 2.189378 3.890410
v 0.487850 1.635247 7.037396
v 0.521122 2.190345 3.889356
v 0.497788 2.867783 5.168819
v 0.248173 2.743190 6.743639
v 0.472372 2.829107 5.161731
v 0.222757 2.704513 6.736553
v 0.467642 2.594742 6.766683
v 0.717257 2.719335 5.191860
v 0.442226 2.556065 6.759592
v 0.691841 2.680659 5.184773
v 0.252098 2.750579 6.693069
v 0.234435 2.663561 7.231197
v 0.223509 2.707074 6.685094
v 0.205845 2.620056 7.223221
v 0.471712 2.510735 7.214273
v 0.489377 2.597753 6.676146
v 0.443123 2.467229 7.206299
v 0.460787 2.554248 6.668172
v 0.001422 2.778164 6.527885
v -0.022514 2.667778 7.204419
v 0.001421 2.724953 6.519204
v -0.022516 2.614567 7.195736
v 0.234321 2.666334 7.213271
v 0.258259 2.776720 6.536739
v 0.234322 2.613122 7.204588
v 0.258260 2.723508 6.528054
v 0.492097 2.869094 5.190021
v 0.470982 2.516797 7.187948
v 0.466223 2.829719 5.182805
v 0.445106 2.477422 7.180731
v 0.604710 2.431417 7.174308
v 0.625827 2.783714 5.176379
v 0.578835 2.392042 7.167091
v 0.599951 2.744339 5.169162
v 0.213497 3.462211 5.527079
v 0.213497 2.720381 6.724740
v 0.169079 3.438155 5.512177
v 0.169080 2.696325 6.709840
v 0.468171 2.380534 6.514242
v 0.468170 3.122364 5.316579
v 0.423753 2.356478 6.499342
v 0.423753 3.098308 5.301679
v 0.338743 3.185383 -2.678946
v 0.353447 3.203749 -2.258283
v 0.276516 3.117592 -2.673811
v 0.291220 3.135958 -2.253147
v 0.421357 3.141440 -2.257935
v 0.406652 3.123073 -2.678599
v 0.359129 3.073649 -2.252800
v 0.344425 3.055282 -2.673465
v 1.253249 3.004357 1.571662
v 1.267074 2.868200 3.305472
v 0.817260 2.985425 1.573652
v 0.831085 2.849269 3.307462
v 1.271645 2.762047 3.297099
v 1.257820 2.898204 1.563289
v 0.835656 2.743116 3.299090
v 0.821831 2.879272 1.565279
v 1.417581 2.843770 1.030077
v 1.435581 2.666481 3.287660
v 1.248470 3.044888 1.047219
v 1.266472 2.867600 3.304803
v 1.354847 2.598992 3.283004
v 1.336846 2.776280 1.025421
v 1.185737 2.800111 3.300146
v 1.167736 2.977399 1.042563
v 1.408196 2.220649 1.613877
v 1.434314 2.089046 3.240977
v 1.409464 2.798083 1.660560
v 1.435581 2.666481 3.287660
v 1.328997 2.089140 3.242675
v 1.302879 2.220743 1.615575
v 1.330265 2.666574 3.289358
v 1.304147 2.798177 1.662258
v 1.413676 1.621624 1.957585
v 1.435582 2.001855 3.272849
v 1.412293 2.228753 1.782094
v 1.434198 2.608984 3.097357
v 1.330265 2.002102 3.274532
v 1.308360 1.621870 1.959268
v 1.328882 2.609231 3.099040
v 1.306977 2.228999 1.783776
v 1.244177 1.431153 2.015082
v 1.266810 1.808333 3.331211
v 1.412948 1.624675 1.956719
v 1.435582 2.001855 3.272849
v 1.185976 1.873606 3.313895
v 1.163343 1.496426 1.997766
v 1.354748 2.067129 3.255533
v 1.332115 1.689949 1.939403
v 0.819156 1.430411 2.015100
v 0.819156 1.808333 3.331211
v 1.266810 1.430411 2.015100
v 1.266810 1.808333 3.331211
v 0.819156 1.909573 3.302140
v 0.819156 1.531650 1.986029
v 1.266810 1.909573 3.302140
v 1.266810 1.531650 1.986029
v 0.922622 1.496426 1.997766
v 0.899989 1.873606 3.313895
v 0.753851 1.689949 1.939403
v 0.731218 2.067129 3.255533
v 0.819156 1.808333 3.331211
v 0.841789 1.431153 2.015082
v 0.650384 2.001855 3.272849
v 0.673017 1.624675 1.956719
v 0.740388 2.747947 1.026485
v 0.722387 2.570658 3.284068
v 0.917954 2.959122 1.044484
v 0.899952 2.781833 3.302068
v 0.641653 2.638147 3.288724
v 0.659654 2.815436 1.031141
v 0.819217 2.849322 3.306723
v 0.837219 3.026611 1.049140
v 1.120447 2.328461 -3.717832
v 1.178573 2.806769 -1.584064
v 0.620415 2.321061 -3.702553
v 0.678541 2.799370 -1.568785
v 1.180796 2.703999 -1.561088
v 1.122671 2.225690 -3.694857
v 0.680765 2.696599 -1.545808
v 0.622638 2.218291 -3.679577
v 1.281875 2.124485 -3.676891
v 1.347214 2.604380 -1.543687
v 1.120447 2.328461 -3.717832
v 1.185786 2.808355 -1.584629
v 1.264056 2.541900 -1.527084
v 1.198718 2.062006 -3.660288
v 1.102628 2.745875 -1.568026
v 1.037290 2.265981 -3.701229
v 1.391672 1.589276 0.288596
v 1.411497 1.662766 1.972164
v 1.392557 2.696860 0.240238
v 1.412382 2.770350 1.923806
v 0.358266 1.664147 1.984506
v 0.338440 1.590656 0.300939
v 0.359151 2.771731 1.936148
v 0.339325 2.698240 0.252581
v 1.115715 1.518458 -3.683876
v 1.178684 1.236905 -1.595539
v 1.277143 1.725225 -3.660867
v 1.340112 1.443673 -1.572530
v 1.095527 1.300594 -1.584445
v 1.032557 1.582147 -3.672783
v 1.256954 1.507361 -1.561436
v 1.193985 1.788914 -3.649774
v 1.282347 1.732899 -3.663685
v 1.339781 1.441744 -1.567445
v 1.284467 2.154461 -3.605191
v 1.341901 1.863306 -1.508951
v 1.228648 1.441878 -1.564381
v 1.171214 1.733033 -3.660622
v 1.230767 1.863440 -1.505887
v 1.173334 2.154595 -3.602128
v 0.615747 1.519011 -3.664884
v 0.688127 1.240336 -1.578043
v 1.115762 1.518249 -3.682329
v 1.188142 1.239575 -1.595488
v 0.688772 1.344741 -1.564124
v 0.616391 1.623416 -3.650964
v 1.188787 1.343980 -1.581568
v 1.116406 1.622654 -3.668408
v 0.539105 2.054729 -3.642201
v 0.548078 2.493810 -1.689704
v 0.699317 2.258460 -3.688753
v 0.708290 2.697541 -1.736255
v 0.464488 2.556417 -1.703399
v 0.455514 2.117336 -3.655896
v 0.624699 2.760147 -1.749950
v 0.615726 2.321066 -3.702447
v 0.699338 1.582573 -3.656698
v 0.708784 1.301270 -1.568976
v 0.539125 1.789585 -3.628080
v 0.548571 1.508282 -1.540358
v 0.625192 1.237708 -1.577162
v 0.615747 1.519011 -3.664884
v 0.464980 1.444720 -1.548544
v 0.455535 1.726023 -3.636267
v 0.773710 2.322343 -3.700900
v 0.751027 2.761092 -1.748438
v 0.615726 2.321066 -3.702447
v 0.593044 2.759814 -1.749986
v 0.751614 2.661376 -1.726024
v 0.774296 2.222627 -3.678485
v 0.593631 2.660098 -1.727572
v 0.616313 2.221350 -3.680034
v 0.577000 1.234320 -1.596391
v 0.576999 1.230994 0.305805
v 1.235315 1.234320 -1.596391
v 1.235315 1.230994 0.305805
v 0.577000 1.546987 0.306357
v 0.577000 1.550312 -1.595839
v 1.235315 1.546987 0.306357
v 1.235316 1.550312 -1.595839
v 1.178684 1.236905 -1.595539
v 1.235502 1.230986 0.305802
v 1.340112 1.444907 -1.599715
v 1.396929 1.438988 0.301625
v 1.110765 1.327874 0.309831
v 1.053948 1.333793 -1.591510
v 1.272193 1.535876 0.305655
v 1.215376 1.541795 -1.595686
v 1.340112 1.444907 -1.599715
v 1.391546 1.431430 0.295488
v 1.346670 2.761494 -1.590530
v 1.398104 2.748017 0.304672
v 0.180706 1.437232 0.328390
v 0.129272 1.450709 -1.566813
v 0.187264 2.753819 0.337574
v 0.135830 2.767296 -1.557629
v 1.285810 1.354451 -3.500533
v 1.354388 1.918926 -1.037385
v 1.281875 2.124485 -3.676891
v 1.350453 2.688961 -1.213741
v 1.244412 1.919058 -1.034353
v 1.175834 1.354583 -3.497501
v 1.240477 2.689093 -1.210709
v 1.171899 2.124618 -3.673858
v -0.054442 2.668137 7.202711
v -0.112611 2.161044 8.808848
v -0.054169 2.617913 7.186864
v -0.112339 2.110820 8.793001
v 0.176873 2.159460 8.818832
v 0.235041 2.666553 7.212695
v 0.177144 2.109236 8.802983
v 0.235314 2.616328 7.196849
v 0.233533 2.665828 7.215824
v 0.175834 2.167136 8.810808
v 0.205067 2.623841 7.201669
v 0.147366 2.125149 8.796652
v 0.438531 2.003121 8.769028
v 0.496231 2.501813 7.174047
v 0.410065 1.961134 8.754873
v 0.467764 2.459826 7.159890
v 0.467763 1.437768 7.039790
v 0.173384 1.804086 8.794912
v 0.468105 1.510297 7.024708
v 0.173727 1.876615 8.779834
v -0.144595 1.794895 8.743499
v 0.149782 1.428577 6.988373
v -0.144254 1.867424 8.728417
v 0.150125 1.501106 6.973292
v 0.598400 1.583870 7.041620
v 0.291133 1.947936 8.781355
v 0.527771 1.656916 7.013857
v 0.220506 2.020982 8.753593
v 0.139023 1.802239 8.784977
v 0.446289 1.438172 7.045241
v 0.068394 1.875285 8.757219
v 0.375662 1.511218 7.017484
v 0.601253 1.724337 7.009662
v 0.297072 2.092540 8.735413
v 0.522106 1.723061 6.995983
v 0.217922 2.091264 8.721734
v 0.294092 1.944708 8.766427
v 0.598276 1.576504 7.040679
v 0.214946 1.943432 8.752750
v 0.519129 1.575229 7.026999
v 0.485650 2.511298 7.167632
v 0.175495 2.174915 8.789618
v 0.457720 2.468943 7.153506
v 0.147566 2.132559 8.775493
v 0.293699 2.094960 8.795638
v 0.603853 2.431344 7.173651
v 0.265766 2.052604 8.781515
v 0.575921 2.388988 7.159527
v 0.603853 2.431344 7.173651
v 0.293699 2.094960 8.795638
v 0.513262 2.435030 7.157094
v 0.203108 2.098647 8.779080
v 0.291597 1.315469 8.633581
v 0.601753 1.651852 7.011593
v 0.201009 1.319155 8.617023
v 0.511163 1.655539 6.995034
v 0.273539 2.299932 7.983326
v 0.273539 2.312341 9.405234
v 0.273539 2.234103 7.983901
v 0.273538 2.246512 9.405809
v 0.339370 2.312341 9.405231
v 0.339370 2.299932 7.983325
v 0.339371 2.246512 9.405807
v 0.339370 2.234103 7.983901
v 0.286704 2.299176 9.405348
v 0.286706 2.302852 9.826653
v 0.286705 2.259678 9.405693
v 0.286706 2.263355 9.826997
v 0.326205 2.302852 9.826652
v 0.326204 2.299176 9.405348
v 0.326204 2.263355 9.826997
v 0.326206 2.259678 9.405694
v 0.424082 2.915038 -3.725058
v 0.649939 3.187580 2.743089
v 0.266182 2.915269 -3.719553
v 0.492039 3.187812 2.748593
v 0.649939 2.491047 2.772438
v 0.424081 2.218505 -3.695709
v 0.492039 2.491279 2.777942
v 0.266181 2.218737 -3.690205
v 1.391546 1.431430 0.295488
v 1.411545 1.638309 1.980505
v 1.391391 1.640522 0.269818
v 1.411390 1.847401 1.954836
v 1.319387 1.638374 1.981591
v 1.299388 1.431495 0.296574
v 1.319232 1.847466 1.955922
v 1.299233 1.640587 0.270904
v 0.798250 1.621870 1.959268
v 0.776345 2.002102 3.274531
v 0.799633 2.228999 1.783776
v 0.777727 2.609231 3.099040
v 0.644699 2.001794 3.272428
v 0.666604 1.621562 1.957165
v 0.646082 2.608923 3.096936
v 0.667987 2.228691 1.781672
v 0.803731 2.220743 1.615575
v 0.777612 2.089140 3.242676
v 0.802520 2.771930 1.660136
v 0.776402 2.640328 3.287236
v 0.645967 2.089023 3.240552
v 0.672084 2.220625 1.613453
v 0.644756 2.640210 3.285114
v 0.670874 2.771813 1.658014
v 0.560329 1.233212 0.311123
v 0.589629 1.414108 1.986418
v 0.574099 1.389671 0.293988
v 0.603399 1.570568 1.969283
v 0.000154 1.466499 1.991070
v -0.029147 1.285602 0.315776
v 0.013924 1.622958 1.973935
v -0.015377 1.442062 0.298640
v 0.632279 1.268312 -1.586061
v 0.665242 1.224075 0.309085
v 0.646050 1.425670 -1.582627
v 0.679013 1.381433 0.312518
v -0.016696 1.283462 0.322332
v -0.049659 1.327699 -1.572814
v -0.002926 1.440820 0.325766
v -0.035889 1.485057 -1.569380
v 0.566259 1.721664 -3.639157
v 0.508824 1.430508 -1.542916
v 0.564108 2.149417 -3.579804
v 0.506673 1.858261 -1.483564
v 0.393005 1.430369 -1.546110
v 0.450439 1.721525 -3.642350
v 0.390854 1.858122 -1.486756
v 0.448289 2.149278 -3.582998
v 0.263326 1.598203 6.256346
v 0.263326 1.540772 7.571725
v 0.263326 1.492972 6.251751
v 0.263326 1.435541 7.567130
v 0.473987 1.540772 7.571723
v 0.473986 1.598203 6.256346
v 0.473987 1.435541 7.567131
v 0.473987 1.492972 6.251751
v 0.509905 2.569479 4.995748
v 0.315771 2.705413 4.995748
v 0.509905 2.569479 5.035247
v 0.315771 2.705413 5.035247
v 0.338427 2.737769 4.995748
v 0.532560 2.601835 4.995748
v 0.338427 2.737769 5.035247
v 0.532561 2.601835 5.035248
v 0.326710 2.696991 4.995124
v 0.314900 2.705260 4.995123
v 0.326710 2.696991 5.088538
v 0.314901 2.705260 5.088538
v 0.360928 2.770995 4.995123
v 0.372738 2.762726 4.995124
v 0.360928 2.770995 5.088538
v 0.372739 2.762726 5.088538
v 0.561000 1.356674 -3.449625
v 0.492421 1.921149 -0.986475
v 0.564934 2.126709 -3.625981
v 0.496356 2.691183 -1.162832
v 0.393378 1.921030 -0.989206
v 0.461957 1.356555 -3.452354
v 0.397313 2.691064 -1.165562
v 0.465891 2.126589 -3.628711
v 0.216759 3.464149 5.464693
v 0.213497 3.462211 5.527079
v 0.172513 3.435765 5.461498
v 0.169251 3.433826 5.523883
v 0.469380 3.063228 5.528060
v 0.472642 3.065166 5.465677
v 0.425134 3.034843 5.524866
v 0.428396 3.036781 5.462481
v 0.472642 3.065166 5.465677
v 0.469380 3.063228 5.528060
v 0.422546 3.049222 5.462561
v 0.419283 3.047284 5.524946
v 0.597468 2.661888 5.522286
v 0.600730 2.663827 5.459902
v 0.547370 2.645944 5.519172
v 0.550634 2.647883 5.456788
v 0.468171 3.047644 5.437213
v 0.468170 2.718538 5.968545
v 0.417300 3.036056 5.430034
v 0.417300 2.706950 5.961366
v 0.532874 2.513247 5.841388
v 0.532874 2.842352 5.310056
v 0.482004 2.501659 5.834210
v 0.482004 2.830764 5.302879
v 0.522025 2.325347 -3.372946
v 0.522026 2.328074 -3.310506
v 0.522025 1.576061 -3.340232
v 0.522025 1.578787 -3.277791
v 1.272023 2.328074 -3.310505
v 1.272022 2.325347 -3.372946
v 1.272023 1.578787 -3.277791
v 1.272022 1.576061 -3.340232
v 0.671320 1.936281 -3.543636
v 0.671320 1.944460 -3.356316
v 0.865774 1.742012 -3.535154
v 0.865774 1.750191 -3.347834
v 0.865774 2.138730 -3.364798
v 0.865774 2.130551 -3.552119
v 1.060228 1.944460 -3.356317
v 1.060227 1.936281 -3.543637
v -0.637169 1.551556 2.774607
v -0.625669 1.609040 4.091184
v -0.477936 1.552884 2.773158
v -0.466435 1.610367 4.089734
v -0.639926 3.241306 4.020042
v -0.651427 3.183823 2.703465
v -0.480693 3.242634 4.018593
v -0.492193 3.185150 2.702016
v -1.272022 2.325347 -3.372945
v -1.272022 2.328074 -3.310506
v -1.272022 1.576061 -3.340232
v -1.272022 1.578787 -3.277791
v -0.522025 2.328074 -3.310506
v -0.522025 2.325347 -3.372945
v -0.522025 1.578787 -3.277791
v -0.522025 1.576061 -3.340231
v -0.865773 2.130551 -3.552119
v -0.865773 2.138730 -3.364799
v -1.060228 1.936281 -3.543636
v -1.060228 1.944460 -3.356317
v -0.671320 1.944460 -3.356316
v -0.671320 1.936281 -3.543637
v -0.865774 1.750191 -3.347834
v -0.865773 1.742012 -3.535154
v -0.650791 3.183231 2.704111
v -0.639301 3.240659 4.019440
v -0.401740 2.911591 2.713795
v -0.390250 2.969020 4.029123
v -0.328682 3.524912 4.004314
v -0.340172 3.467484 2.688987
v -0.079631 3.253273 4.014000
v -0.091120 3.195844 2.698672
v -0.492271 1.346731 1.985760
v -0.448151 1.434965 7.040660
v -0.381534 1.459388 1.982827
v -0.337414 1.547622 7.037728
v -0.598397 1.582620 7.039396
v -0.642519 1.494386 1.984494
v -0.487663 1.695277 7.036463
v -0.531783 1.607043 1.981561
v -0.642519 1.494386 1.984494
v -0.598397 1.582620 7.039396
v -0.484535 1.495740 1.983092
v -0.440415 1.583975 7.037993
v -0.604373 2.267141 7.027499
v -0.648493 2.178907 1.972598
v -0.446390 2.268496 7.026095
v -0.490510 2.180262 1.971195
v -0.636977 2.189378 3.890410
v -0.603704 1.634281 7.038453
v -0.521122 2.190345 3.889356
v -0.487848 1.635247 7.037398
v -0.609098 2.435572 7.179800
v -0.642372 2.990670 4.031759
v -0.493243 2.436538 7.178746
v -0.526517 2.991636 4.030705
v -0.717258 2.719335 5.191861
v -0.467643 2.594742 6.766683
v -0.691842 2.680659 5.184773
v -0.442226 2.556065 6.759594
v -0.248173 2.743190 6.743640
v -0.497789 2.867783 5.168818
v -0.222757 2.704513 6.736553
v -0.472372 2.829107 5.161731
v -0.494622 2.594375 6.675773
v -0.477363 2.509351 7.201565
v -0.466032 2.550869 6.667799
v -0.448774 2.465846 7.193591
v -0.234839 2.665555 7.218863
v -0.252098 2.750579 6.693069
v -0.206248 2.622050 7.210888
v -0.223509 2.707074 6.685095
v -0.625827 2.783714 5.176379
v -0.604710 2.431417 7.174306
v -0.599952 2.744339 5.169162
v -0.578834 2.392042 7.167091
v -0.470982 2.516797 7.187949
v -0.492098 2.869094 5.190021
v -0.445105 2.477422 7.180734
v -0.466223 2.829719 5.182805
v -0.468171 3.122364 5.316578
v -0.468171 2.380534 6.514242
v -0.423753 3.098308 5.301680
v -0.423753 2.356478 6.499341
v -0.213497 2.720381 6.724740
v -0.213498 3.462211 5.527079
v -0.169081 2.696325 6.709841
v -0.169080 3.438155 5.512179
v -0.532875 2.842352 5.310057
v -0.532875 2.513247 5.841387
v -0.482004 2.830764 5.302879
v -0.482004 2.501659 5.834210
v -0.468171 2.718538 5.968544
v -0.468170 3.047644 5.437213
v -0.417300 2.706950 5.961366
v -0.417299 3.036056 5.430035
v -0.406652 3.123073 -2.678600
v -0.421357 3.141440 -2.257936
v -0.344425 3.055282 -2.673465
v -0.359129 3.073649 -2.252800
v -0.353447 3.203749 -2.258282
v -0.338744 3.185383 -2.678946
v -0.291220 3.135958 -2.253147
v -0.276516 3.117592 -2.673811
v -1.257820 2.898204 1.563289
v -1.271645 2.762047 3.297099
v -0.821831 2.879272 1.565279
v -0.835656 2.743116 3.299089
v -1.267074 2.868200 3.305472
v -1.253249 3.004357 1.571662
v -0.831085 2.849269 3.307462
v -0.817260 2.985425 1.573652
v -1.336846 2.776280 1.025421
v -1.354847 2.598992 3.283004
v -1.167736 2.977399 1.042563
v -1.185737 2.800111 3.300146
v -1.435581 2.666481 3.287660
v -1.417580 2.843770 1.030077
v -1.266472 2.867600 3.304803
v -1.248470 3.044888 1.047219
v -1.302879 2.220743 1.615575
v -1.328997 2.089140 3.242675
v -1.304147 2.798177 1.662258
v -1.330265 2.666574 3.289359
v -1.434314 2.089046 3.240977
v -1.408196 2.220649 1.613877
v -1.435581 2.666481 3.287660
v -1.409464 2.798083 1.660560
v -1.308360 1.621870 1.959268
v -1.330265 2.002102 3.274532
v -1.306977 2.228999 1.783776
v -1.328882 2.609231 3.099040
v -1.435583 2.001855 3.272849
v -1.413676 1.621624 1.957585
v -1.434198 2.608984 3.097357
v -1.412294 2.228753 1.782094
v -1.163344 1.496426 1.997765
v -1.185977 1.873606 3.313895
v -1.332115 1.689949 1.939403
v -1.354748 2.067129 3.255533
v -1.266810 1.808333 3.331211
v -1.244177 1.431153 2.015081
v -1.435583 2.001855 3.272849
v -1.412948 1.624675 1.956720
v -0.819156 1.531650 1.986029
v -0.819156 1.909573 3.302140
v -1.266810 1.531650 1.986029
v -1.266811 1.909573 3.302140
v -0.819156 1.808333 3.331211
v -0.819156 1.430411 2.015100
v -1.266810 1.808333 3.331211
v -1.266810 1.430411 2.015100
v -0.841789 1.431153 2.015081
v -0.819156 1.808333 3.331211
v -0.673018 1.624675 1.956719
v -0.650384 2.001855 3.272849
v -0.899989 1.873606 3.313895
v -0.922622 1.496426 1.997765
v -0.731218 2.067129 3.255532
v -0.753851 1.689949 1.939403
v -0.659654 2.815436 1.031141
v -0.641653 2.638147 3.288724
v -0.837219 3.026611 1.049140
v -0.819218 2.849322 3.306723
v -0.722387 2.570658 3.284068
v -0.740388 2.747947 1.026485
v -0.899953 2.781833 3.302068
v -0.917954 2.959122 1.044484
v -1.122670 2.225690 -3.694856
v -1.180796 2.703999 -1.561088
v -0.622638 2.218291 -3.679576
v -0.680764 2.696599 -1.545808
v -1.178573 2.806769 -1.584064
v -1.120447 2.328461 -3.717833
v -0.678541 2.799370 -1.568784
v -0.620416 2.321061 -3.702552
v -1.198717 2.062006 -3.660289
v -1.264056 2.541900 -1.527084
v -1.037290 2.265981 -3.701230
v -1.102628 2.745875 -1.568027
v -1.347214 2.604380 -1.543687
v -1.281875 2.124485 -3.676891
v -1.185786 2.808355 -1.584629
v -1.120447 2.328461 -3.717833
v -0.338440 1.590656 0.300939
v -0.358266 1.664147 1.984506
v -0.339325 2.698240 0.252580
v -0.359151 2.771731 1.936149
v -1.411497 1.662766 1.972164
v -1.391672 1.589276 0.288596
v -1.412383 2.770350 1.923806
v -1.392557 2.696860 0.240238
v -1.032557 1.582147 -3.672782
v -1.095526 1.300594 -1.584445
v -1.193985 1.788914 -3.649773
v -1.256954 1.507361 -1.561436
v -1.178684 1.236905 -1.595539
v -1.115715 1.518458 -3.683876
v -1.340112 1.443673 -1.572530
v -1.277142 1.725225 -3.660867
v -1.171213 1.733033 -3.660622
v -1.228648 1.441878 -1.564381
v -1.173332 2.154595 -3.602128
v -1.230767 1.863440 -1.505887
v -1.339781 1.441744 -1.567445
v -1.282347 1.732899 -3.663685
v -1.341901 1.863306 -1.508951
v -1.284467 2.154461 -3.605191
v -0.616391 1.623416 -3.650965
v -0.688772 1.344741 -1.564124
v -1.116407 1.622654 -3.668409
v -1.188786 1.343980 -1.581568
v -0.688127 1.240336 -1.578043
v -0.615746 1.519011 -3.664885
v -1.188142 1.239575 -1.595487
v -1.115762 1.518249 -3.682329
v -0.455514 2.117336 -3.655897
v -0.464487 2.556417 -1.703399
v -0.615726 2.321066 -3.702448
v -0.624699 2.760147 -1.749950
v -0.548078 2.493810 -1.689704
v -0.539104 2.054729 -3.642201
v -0.708290 2.697541 -1.736255
v -0.699317 2.258460 -3.688751
v -0.615746 1.519011 -3.664885
v -0.625192 1.237708 -1.577162
v -0.455535 1.726023 -3.636266
v -0.464980 1.444720 -1.548544
v -0.708783 1.301270 -1.568976
v -0.699337 1.582573 -3.656697
v -0.548571 1.508282 -1.540358
v -0.539126 1.789585 -3.628081
v -0.774295 2.222627 -3.678485
v -0.751614 2.661376 -1.726024
v -0.616313 2.221350 -3.680034
v -0.593631 2.660098 -1.727572
v -0.751027 2.761092 -1.748438
v -0.773709 2.322343 -3.700900
v -0.593044 2.759814 -1.749987
v -0.615726 2.321066 -3.702448
v -0.576999 1.550312 -1.595839
v -0.577000 1.546987 0.306357
v -1.235315 1.550312 -1.595838
v -1.235315 1.546987 0.306357
v -0.576999 1.230994 0.305805
v -0.576999 1.234320 -1.596391
v -1.235315 1.230994 0.305805
v -1.235315 1.234320 -1.596391
v -1.053948 1.333793 -1.591510
v -1.110765 1.327874 0.309831
v -1.215375 1.541795 -1.595686
v -1.272193 1.535876 0.305655
v -1.235502 1.230986 0.305802
v -1.178684 1.236905 -1.595539
v -1.396929 1.438988 0.301625
v -1.340112 1.444907 -1.599715
v -0.129273 1.450709 -1.566813
v -0.180706 1.437232 0.328390
v -0.135830 2.767296 -1.557629
v -0.187264 2.753819 0.337574
v -1.391546 1.431430 0.295488
v -1.340112 1.444907 -1.599715
v -1.398103 2.748017 0.304672
v -1.346669 2.761494 -1.590531
v -1.175834 1.354583 -3.497502
v -1.244412 1.919058 -1.034353
v -1.171899 2.124618 -3.673859
v -1.240477 2.689093 -1.210709
v -1.354388 1.918926 -1.037384
v -1.285809 1.354451 -3.500534
v -1.350453 2.688961 -1.213740
v -1.281875 2.124485 -3.676891
v -0.496230 2.501813 7.174045
v -0.438529 2.003121 8.769030
v -0.467764 2.459826 7.159890
v -0.410063 1.961134 8.754871
v -0.175833 2.167136 8.810808
v -0.233532 2.665828 7.215824
v -0.147368 2.125149 8.796650
v -0.205068 2.623841 7.201667
v -0.446289 1.438172 7.045243
v -0.139021 1.802239 8.784977
v -0.375662 1.511218 7.017481
v -0.068394 1.875285 8.757217
v -0.291132 1.947936 8.781354
v -0.598399 1.583870 7.041618
v -0.220504 2.020982 8.753596
v -0.527771 1.656916 7.013858
v -0.598275 1.576504 7.040679
v -0.294092 1.944708 8.766428
v -0.519127 1.575229 7.026999
v -0.214944 1.943432 8.752748
v -0.297069 2.092540 8.735413
v -0.601253 1.724337 7.009663
v -0.217922 2.091264 8.721733
v -0.522106 1.723061 6.995984
v -0.603852 2.431344 7.173652
v -0.293698 2.094960 8.795638
v -0.575921 2.388988 7.159525
v -0.265766 2.052604 8.781515
v -0.175496 2.174915 8.789618
v -0.485651 2.511298 7.167632
v -0.147566 2.132559 8.775495
v -0.457720 2.468943 7.153506
v -0.601752 1.651852 7.011591
v -0.291598 1.315469 8.633582
v -0.511162 1.655539 6.995031
v -0.201007 1.319155 8.617023
v -0.293698 2.094960 8.795638
v -0.603852 2.431344 7.173652
v -0.203108 2.098647 8.779080
v -0.513263 2.435030 7.157094
v -0.339369 2.299932 7.983325
v -0.339370 2.312341 9.405233
v -0.339370 2.234103 7.983900
v -0.339368 2.246512 9.405807
v -0.273538 2.312341 9.405233
v -0.273538 2.299932 7.983325
v -0.273537 2.246512 9.405809
v -0.273538 2.234103 7.983900
v -0.326203 2.299176 9.405347
v -0.326204 2.302852 9.826653
v -0.326204 2.259678 9.405693
v -0.326203 2.263355 9.826997
v -0.286703 2.302852 9.826655
v -0.286703 2.299176 9.405349
v -0.286704 2.263355 9.826998
v -0.286704 2.259678 9.405693
v -1.299388 1.431495 0.296573
v -1.319240 1.636851 1.969185
v -1.299233 1.640587 0.270904
v -1.319085 1.845943 1.943516
v -1.411398 1.636786 1.968100
v -1.391546 1.431430 0.295488
v -1.411243 1.845878 1.942430
v -1.391390 1.640522 0.269818
v -0.666604 1.621562 1.957165
v -0.644699 2.001794 3.272428
v -0.667987 2.228691 1.781673
v -0.646082 2.608923 3.096936
v -0.776345 2.002102 3.274531
v -0.798250 1.621870 1.959268
v -0.777728 2.609231 3.099039
v -0.799633 2.228999 1.783776
v -0.672084 2.220625 1.613452
v -0.645967 2.089023 3.240553
v -0.670874 2.771813 1.658014
v -0.644756 2.640210 3.285114
v -0.777613 2.089140 3.242676
v -0.803731 2.220743 1.615575
v -0.776402 2.640328 3.287236
v -0.802520 2.771930 1.660136
v -0.450439 1.721525 -3.642350
v -0.393005 1.430369 -1.546109
v -0.448288 2.149278 -3.582998
v -0.390854 1.858122 -1.486756
v -0.508824 1.430508 -1.542917
v -0.566258 1.721664 -3.639157
v -0.506673 1.858261 -1.483564
v -0.564107 2.149417 -3.579805
v -0.532561 2.601835 4.995748
v -0.338427 2.737769 4.995749
v -0.532560 2.601835 5.035247
v -0.338427 2.737769 5.035247
v -0.315771 2.705413 4.995748
v -0.509905 2.569479 4.995748
v -0.315771 2.705413 5.035246
v -0.509905 2.569479 5.035247
v -0.372738 2.762726 4.995123
v -0.360929 2.770995 4.995123
v -0.372738 2.762726 5.088537
v -0.360928 2.770995 5.088538
v -0.314901 2.705260 4.995123
v -0.326710 2.696991 4.995123
v -0.314900 2.705260 5.088537
v -0.326710 2.696991 5.088538
v -0.461957 1.356555 -3.452355
v -0.393378 1.921030 -0.989205
v -0.465891 2.126589 -3.628711
v -0.397313 2.691064 -1.165562
v -0.492421 1.921149 -0.986475
v -0.560999 1.356674 -3.449624
v -0.496356 2.691183 -1.162832
v -0.564934 2.126709 -3.625982
v -0.472642 3.065166 5.465676
v -0.469380 3.063228 5.528060
v -0.428396 3.036781 5.462481
v -0.425135 3.034843 5.524865
v -0.213498 3.462211 5.527079
v -0.216760 3.464149 5.464694
v -0.169251 3.433826 5.523883
v -0.172513 3.435765 5.461498
v -0.600731 2.663827 5.459903
v -0.597468 2.661888 5.522287
v -0.550633 2.647883 5.456788
v -0.547371 2.645944 5.519174
v -0.469380 3.063228 5.528060
v -0.472642 3.065166 5.465676
v -0.419284 3.047284 5.524946
v -0.422546 3.049222 5.462561
v -0.149782 1.428577 6.988371
v 0.144596 1.794895 8.743497
v -0.150124 1.501106 6.973292
v 0.144255 1.867424 8.728417
v -0.173384 1.804086 8.794913
v -0.467763 1.437768 7.039790
v -0.173725 1.876615 8.779833
v -0.468105 1.510297 7.024707
v 0.047823 1.287262 0.315923
v 0.018522 1.468158 1.991218
v 0.034052 1.443721 0.298788
v 0.004752 1.624618 1.974083
v -0.589629 1.414108 1.986418
v -0.560329 1.233212 0.311123
v -0.603400 1.570568 1.969283
v -0.574099 1.389671 0.293988
v 0.049660 1.327699 -1.572814
v 0.016697 1.283462 0.322332
v 0.035889 1.485057 -1.569380
v 0.002926 1.440820 0.325766
v -0.665243 1.224075 0.309085
v -0.632279 1.268312 -1.586061
v -0.679013 1.381433 0.312518
v -0.646050 1.425670 -1.582628
v -0.113639 3.187392 -3.726117
v -0.339712 3.469781 2.741600
v -0.113639 3.029547 -3.719226
v -0.339712 3.311935 2.748492
v -0.129180 3.470102 2.748945
v 0.096893 3.187713 -3.718772
v -0.129180 3.312255 2.755837
v 0.096893 3.029868 -3.711881
v -0.424081 2.902549 -3.724531
v -0.650154 3.184937 2.743185
v -0.317405 2.786335 -3.715728
v -0.543478 3.068723 2.751988
v -0.339712 3.469781 2.741600
v -0.113639 3.187392 -3.726117
v -0.233037 3.353567 2.750402
v -0.006964 3.071179 -3.717313
v -0.424081 2.218505 -3.695709
v -0.649939 2.491047 2.772438
v -0.266181 2.218737 -3.690206
v -0.492040 2.491279 2.777942
v -0.649939 3.187580 2.743089
v -0.424081 2.915038 -3.725058
v -0.492040 3.187812 2.748593
v -0.266181 2.915269 -3.719553
v -0.257612 2.776006 6.537231
v -0.233718 2.665821 7.212530
v -0.257612 2.724028 6.528750
v -0.233717 2.613843 7.204051
v 0.015624 2.667224 7.203939
v -0.008271 2.777409 6.528637
v 0.015623 2.615246 7.195457
v -0.008270 2.725430 6.520157
v -0.235041 2.666553 7.212697
v -0.176871 2.159460 8.818831
v -0.235313 2.616328 7.196850
v -0.177143 2.109236 8.802984
v 0.112611 2.161044 8.808847
v 0.054441 2.668137 7.202713
v 0.112340 2.110820 8.793000
v 0.054169 2.617913 7.186865
v -0.401869 2.273427 8.718049
v -0.401869 2.277791 9.218028
v -0.401870 2.260928 8.718157
v -0.401870 2.265291 9.218139
v -0.211038 2.277791 9.218027
v -0.211039 2.273427 8.718049
v -0.211038 2.265291 9.218136
v -0.211039 2.260928 8.718158
v -0.300204 2.362590 8.717269
v -0.300204 2.366953 9.217250
v -0.312704 2.362590 8.717270
v -0.312705 2.366953 9.217250
v -0.300204 2.176129 9.218915
v -0.300204 2.171765 8.718937
v -0.312703 2.176129 9.218916
v -0.312703 2.171765 8.718935
v -0.427059 1.697804 -3.666086
v -0.427059 2.009841 2.804218
v 0.428752 1.697804 -3.666087
v 0.428751 2.009841 2.804218
v -0.427059 2.535884 2.778849
v -0.427059 2.223847 -3.691456
v 0.428751 2.535884 2.778849
v 0.428751 2.223847 -3.691456
v -0.341049 3.466884 2.689590
v -0.341048 3.524261 4.003720
v -0.341049 3.152441 2.703319
v -0.341049 3.209818 4.017448
v 0.341016 3.524261 4.003720
v 0.341017 3.466884 2.689590
v 0.341016 3.209818 4.017449
v 0.341016 3.152441 2.703319
v 0.489074 1.346728 1.985579
v 0.489074 1.434965 7.040672
v 0.489074 2.031274 1.973631
v 0.489074 2.119512 7.028724
v -0.491712 1.434965 7.040672
v -0.491712 1.346728 1.985579
v -0.491712 2.119512 7.028724
v -0.491713 2.031274 1.973631
v 0.458002 1.697804 -3.666087
v 0.458002 1.334774 -0.739262
v 0.458002 1.854599 -3.646639
v 0.458002 1.491569 -0.719813
v -0.456310 1.334774 -0.739261
v -0.456310 1.697804 -3.666086
v -0.456310 1.491569 -0.719813
v -0.456309 1.854599 -3.646639
v -0.207825 3.462211 5.527079
v -0.207825 2.720381 6.724741
v -0.207825 3.417439 5.499347
v -0.207825 2.675609 6.697008
v 0.213497 2.720381 6.724740
v 0.213497 3.462211 5.527079
v 0.213498 2.675609 6.697008
v 0.213497 3.417439 5.499346
v -0.079015 3.358848 -3.421307
v -0.079014 3.384117 -2.842540
v -0.079014 3.201002 -3.414415
v -0.079014 3.226271 -2.835648
v 0.078982 3.384117 -2.842540
v 0.078982 3.358848 -3.421306
v 0.078982 3.226271 -2.835648
v 0.078982 3.201002 -3.414415
v -0.171803 3.310387 -0.923423
v -0.171803 3.470430 2.742151
v -0.171803 3.151292 -0.916478
v -0.171803 3.311336 2.749097
v 0.171771 3.470430 2.742151
v 0.171771 3.310387 -0.923424
v 0.171771 3.311336 2.749097
v 0.171771 3.151292 -0.916478
v -0.000016 3.635151 0.825697
v -0.000016 3.897156 1.458230
v -0.000016 3.245899 0.986930
v -0.000016 3.507904 1.619463
v 0.052649 3.897156 1.458230
v 0.052649 3.635151 0.825697
v 0.052649 3.507904 1.619462
v 0.052649 3.245899 0.986930
v 1.588183 2.891904 0.612619
v 1.588183 2.836204 1.848998
v -1.598064 2.891904 0.612620
v -1.598064 2.836204 1.848999
v 1.588183 2.678368 1.841888
v 1.588183 2.734068 0.605509
v -1.598064 2.678368 1.841888
v -1.598064 2.734068 0.605509
v 1.047526 2.918107 -1.795141
v 1.047526 3.015514 0.520082
v -1.072250 2.918107 -1.795141
v -1.072250 3.015514 0.520082
v 1.047526 2.870146 0.526198
v 1.047526 2.772740 -1.789025
v -1.072250 2.870146 0.526198
v -1.072250 2.772740 -1.789025
v 0.223811 3.377923 3.958019
v 0.223811 3.396301 4.378940
v 0.183467 3.344103 3.959496
v 0.183467 3.362480 4.380417
v 0.426927 3.154467 4.389499
v 0.426926 3.136089 3.968578
v 0.386582 3.120646 4.390975
v 0.386583 3.102268 3.970054
v -0.223843 3.377923 3.958019
v -0.223843 3.403193 4.536786
v -0.223844 3.321102 3.960500
v -0.223844 3.346372 4.539266
v 0.223811 3.403193 4.536786
v 0.223811 3.377923 3.958019
v 0.223811 3.346372 4.539267
v 0.223811 3.321102 3.960500
v -0.276509 2.936507 4.197384
v -0.276509 3.017124 4.392009
v -0.276509 2.206660 4.499696
v -0.276509 2.287277 4.694321
v 0.276476 3.017124 4.392009
v 0.276476 2.936507 4.197384
v 0.276476 2.287277 4.694322
v 0.276476 2.206660 4.499696
v -0.276509 2.126741 4.679757
v -0.276509 2.337403 4.679757
v -0.276509 2.126741 5.048413
v -0.276509 2.337403 5.048413
v 0.276477 2.337403 4.679757
v 0.276477 2.126741 4.679757
v 0.276477 2.337403 5.048414
v 0.276477 2.126741 5.048414
v -0.065848 2.126741 5.048414
v -0.065848 2.442734 5.048414
v -0.065847 2.126741 5.101080
v -0.065847 2.442734 5.101080
v 0.065815 2.442734 5.048414
v 0.065815 2.126741 5.048414
v 0.065816 2.442734 5.101079
v 0.065816 2.126741 5.101079
v -0.171178 2.442734 5.048413
v -0.171178 2.653396 5.048413
v -0.171178 2.442734 5.101079
v -0.171178 2.653396 5.101079
v 0.171145 2.653396 5.048414
v 0.171145 2.442734 5.048414
v 0.171146 2.653396 5.101079
v 0.171146 2.442734 5.101079
v -0.026349 2.126741 5.193244
v -0.026349 2.706061 5.193244
v -0.026349 2.126741 5.259075
v -0.026349 2.706061 5.259075
v 0.026317 2.706061 5.193242
v 0.026317 2.126741 5.193242
v 0.026317 2.706061 5.259075
v 0.026317 2.126741 5.259075
v -0.032599 2.692622 5.186999
v -0.032599 2.811120 5.186999
v -0.032599 2.692622 5.305495
v -0.032599 2.811120 5.305495
v 0.059566 2.811120 5.186998
v 0.059566 2.692622 5.186998
v 0.059565 2.811120 5.305497
v 0.059565 2.692622 5.305497
v 0.105314 2.189994 5.006415
v 0.105314 2.396574 5.505143
v 0.105315 2.031860 5.071916
v 0.105314 2.238441 5.570643
v 0.131647 2.396574 5.505143
v 0.131647 2.189994 5.006415
v 0.131647 2.238441 5.570643
v 0.131647 2.031860 5.071916
v -0.158011 2.321511 6.554869
v -0.158012 2.535053 5.456295
v -0.158011 2.773867 6.642799
v -0.158012 2.987409 5.544225
v 0.157980 2.535053 5.456295
v 0.157979 2.321511 6.554871
v 0.157980 2.987409 5.544224
v 0.157979 2.773867 6.642799
v 0.454636 2.475331 6.585692
v 0.484529 2.752055 5.366255
v 0.099487 2.742840 6.637693
v 0.129381 3.019564 5.418254
v 0.522547 2.800223 5.378118
v 0.492653 2.523499 6.597556
v 0.167399 3.067732 5.430115
v 0.137505 2.791008 6.649556
v -0.487170 2.517481 5.489021
v -0.487169 2.519427 5.476000
v -0.487170 2.973242 5.557136
v -0.487170 2.975188 5.544114
v 0.473971 2.519427 5.476000
v 0.473971 2.517481 5.489022
v 0.473971 2.975188 5.544115
v 0.473972 2.973242 5.557136
v -0.118513 3.025008 5.342972
v -0.118513 3.041663 5.724432
v -0.118513 2.827701 5.351586
v -0.118513 2.844356 5.733047
v 0.105314 3.041663 5.724432
v 0.105314 3.025008 5.342972
v 0.105314 2.844356 5.733046
v 0.105314 2.827701 5.351587
v -0.113246 3.191892 5.543735
v -0.113246 3.000896 5.665412
v -0.113246 3.162180 5.497097
v -0.113246 2.971184 5.618775
v 0.100048 3.000896 5.665412
v 0.100048 3.191892 5.543736
v 0.100048 2.971184 5.618774
v 0.100048 3.162180 5.497097
v -0.478561 1.553530 2.773760
v -0.467072 1.610959 4.089088
v 0.522003 1.561874 2.764656
v 0.533492 1.619302 4.079984
v -0.481203 3.228823 4.018575
v -0.492692 3.171395 2.703247
v 0.519361 3.237166 4.009471
v 0.507871 3.179738 2.694143
v -0.381839 3.335868 4.118001
v -0.381839 3.344873 4.324257
v -0.381839 2.950738 4.134816
v -0.381839 2.959744 4.341072
v 0.381807 3.344873 4.324256
v 0.381807 3.335868 4.118001
v 0.381807 2.959744 4.341072
v 0.381807 2.950738 4.134816
v 0.325285 3.131974 4.126904
v 0.325285 3.150352 4.547824
v 0.232185 3.038963 4.130964
v 0.232186 3.057341 4.551886
v 0.418385 3.057341 4.551886
v 0.418385 3.038963 4.130965
v 0.325285 2.964329 4.555947
v 0.325285 2.945951 4.135026
v -0.426927 3.136089 3.968577
v -0.426927 3.154467 4.389498
v -0.386583 3.102268 3.970055
v -0.386583 3.120646 4.390975
v -0.223811 3.396301 4.378940
v -0.223811 3.377923 3.958020
v -0.183467 3.362480 4.380416
v -0.183467 3.344103 3.959496
v 0.150048 1.434281 7.020273
v 0.150048 1.640861 8.003256
v 0.150048 1.505249 7.005361
v 0.150047 1.711829 7.988341
v -0.172194 1.640861 8.003256
v -0.172194 1.434281 7.020273
v -0.172194 1.711829 7.988341
v -0.172194 1.505249 7.005360
v -0.863744 1.420859 1.885809
v -0.863744 1.427129 2.029422
v 0.845900 1.420859 1.885809
v 0.845901 1.427129 2.029422
v -0.863744 1.795528 2.013338
v -0.863744 1.789258 1.869725
v 0.845900 1.795528 2.013337
v 0.845901 1.789258 1.869725
v -0.229219 2.166064 8.564137
v -0.235937 2.157574 8.757584
v -0.230454 1.853868 8.550393
v -0.237172 1.845379 8.743836
v 0.234686 2.154998 8.773813
v 0.241403 2.163488 8.580366
v 0.233450 1.842803 8.760070
v 0.240168 1.851293 8.566622
v -0.206905 3.464146 5.464608
v -0.206906 3.462211 5.527079
v -0.206906 3.411506 5.462978
v -0.206905 3.409571 5.525448
v 0.212578 3.462211 5.527078
v 0.212578 3.464146 5.464609
v 0.212578 3.409571 5.525448
v 0.212579 3.411506 5.462978
v -0.487170 1.864709 4.597198
v -0.487169 2.386858 4.528456
v -0.487169 1.993601 5.576223
v -0.487169 2.515750 5.507480
v -0.316007 2.386858 4.528456
v -0.316007 1.864709 4.597198
v -0.316007 2.515750 5.507480
v -0.316007 1.993601 5.576223
v -0.492654 2.523499 6.597555
v -0.522547 2.800223 5.378119
v -0.137504 2.791008 6.649554
v -0.167400 3.067732 5.430116
v -0.484529 2.752055 5.366256
v -0.454635 2.475331 6.585693
v -0.129381 3.019564 5.418254
v -0.099487 2.742840 6.637691
v 0.316007 1.864709 4.597198
v 0.316007 2.386858 4.528455
v 0.316007 1.993601 5.576223
v 0.316008 2.515750 5.507482
v 0.487169 2.386858 4.528456
v 0.487170 1.864709 4.597198
v 0.487170 2.515750 5.507482
v 0.487170 1.993601 5.576224
v -0.131647 2.189994 5.006415
v -0.131647 2.396574 5.505143
v -0.131648 2.031860 5.071916
v -0.131647 2.238441 5.570643
v -0.105315 2.396574 5.505143
v -0.105314 2.189994 5.006414
v -0.105314 2.238441 5.570644
v -0.105315 2.031860 5.071916
v -0.418386 3.038963 4.130965
v -0.418386 3.057341 4.551886
v -0.325285 2.945951 4.135026
v -0.325286 2.964329 4.555947
v -0.325285 3.150352 4.547824
v -0.325285 3.131974 4.126904
v -0.232186 3.057341 4.551885
v -0.232186 3.038963 4.130965
v -0.487170 2.539088 5.553190
v -0.487170 2.537712 5.566283
v -0.487169 2.018632 5.498486
v -0.487170 2.017256 5.511580
v 0.473971 2.537712 5.566283
v 0.473971 2.539088 5.553188
v 0.473971 2.017256 5.511580
v 0.473971 2.018632 5.498486
v -0.032243 5.199886 -5.724050
v -0.032243 5.238053 -4.849882
v -0.032243 4.325720 -5.685881
v -0.032243 4.363886 -4.811717
v 0.044318 5.238053 -4.849883
v 0.044320 5.199886 -5.724048
v 0.044319 4.363886 -4.811717
v 0.044319 4.325720 -5.685879
v 0.580033 2.948009 4.133260
v 0.570206 2.948095 5.259464
v 0.570205 1.821802 4.133261
v 0.560378 1.821888 5.259464
v 0.635513 2.947525 5.260034
v 0.645340 2.947439 4.133831
v 0.625685 1.821318 5.260034
v 0.635513 1.821232 4.133831
v -0.028287 3.747774 -5.777113
v -0.028287 3.800128 -3.777805
v -0.028286 3.372903 -5.767296
v -0.028287 3.425257 -3.767989
v 0.046712 3.800128 -3.777805
v 0.046714 3.747774 -5.777111
v 0.046713 3.425257 -3.767989
v 0.046713 3.372903 -5.767296
v -0.029849 4.216523 -5.565627
v -0.029849 4.284679 -4.004620
v -0.029849 3.654559 -5.541091
v -0.029849 3.722714 -3.980086
v 0.046713 4.284679 -4.004621
v 0.046713 4.216523 -5.565627
v 0.046713 3.722714 -3.980085
v 0.046713 3.654559 -5.541091
v -0.645341 2.947439 4.133831
v -0.635513 2.947525 5.260034
v -0.635513 1.821232 4.133832
v -0.625686 1.821318 5.260036
v -0.570206 2.948095 5.259464
v -0.580034 2.948009 4.133261
v -0.560378 1.821888 5.259464
v -0.570206 1.821802 4.133261
v 5.392498 2.645796 -0.365625
v 6.266090 2.596212 -0.364144
v 5.392465 2.619075 -1.240213
v 6.266054 2.569491 -1.238732
v 6.270430 2.672616 -0.366478
v 5.396839 2.722200 -0.367960
v 6.270396 2.645895 -1.241067
v 5.396806 2.695479 -1.242549
v -5.396838 2.722200 -0.367960
v -6.270429 2.672616 -0.366479
v -5.396805 2.695479 -1.242548
v -6.270393 2.645895 -1.241067
v -6.266087 2.596212 -0.364143
v -5.392498 2.645796 -0.365626
v -6.266053 2.569491 -1.238732
v -5.392465 2.619075 -1.240214
v -0.263326 1.396257 2.195985
v -0.263326 1.432253 4.258164
v -0.263326 1.343600 2.196904
v -0.263326 1.379596 4.259083
v 0.263326 1.432253 4.258164
v 0.263326 1.396257 2.195985
v 0.263326 1.379596 4.259083
v 0.263326 1.343600 2.196905
v 6.563652 2.456562 -1.220752
v 7.437974 2.422242 -1.219255
v 6.563651 2.494729 -0.346588
v 7.437974 2.460409 -0.345088
v 7.434907 2.344251 -1.215850
v 6.560585 2.378571 -1.217348
v 7.434908 2.382419 -0.341685
v 6.560585 2.416738 -0.343184
v -6.560582 2.378571 -1.217347
v -7.434904 2.344251 -1.215849
v -6.560583 2.416738 -0.343183
v -7.434905 2.382419 -0.341684
v -7.437971 2.422242 -1.219254
v -6.563649 2.456562 -1.220751
v -7.437972 2.460409 -0.345090
v -6.563650 2.494729 -0.346588
v 0.360236 2.573556 -7.755637
v 0.363704 1.697927 -3.661338
v 0.359733 2.728057 -7.722595
v 0.363201 1.852428 -3.628295
v -0.354649 1.695563 -3.661236
v -0.358118 2.571193 -7.755533
v -0.355152 1.850065 -3.628193
v -0.358621 2.725694 -7.722489
v 0.341432 2.823200 -7.704978
v 0.389678 1.958875 -3.608559
v 0.183466 2.825458 -7.702641
v 0.231716 1.961132 -3.606222
v 0.385417 1.714128 -3.660150
v 0.337170 2.578454 -7.756566
v 0.227456 1.716385 -3.657813
v 0.179208 2.580711 -7.754230
v 0.336680 2.836854 -7.724959
v 0.419965 2.902750 -3.692550
v 0.284056 2.838703 -7.723905
v 0.367343 2.904600 -3.691493
v 0.379512 1.740296 -3.672719
v 0.296226 1.674399 -7.705128
v 0.326890 1.742146 -3.671661
v 0.243604 1.676249 -7.704072
v 0.042177 6.097423 -5.507144
v 0.042177 2.964823 -3.015692
v -0.019863 6.097423 -5.507142
v -0.019863 2.964823 -3.015692
v 0.042178 2.341958 -3.798841
v 0.042178 5.474560 -6.290290
v -0.019863 2.341958 -3.798842
v -0.019863 5.474560 -6.290291
v 0.042757 6.103001 -5.502207
v 0.042756 5.041144 -5.437328
v -0.020442 6.103001 -5.502209
v -0.020442 5.041144 -5.437328
v 0.042757 4.979478 -6.446620
v 0.042757 6.041335 -6.511497
v -0.020441 4.979478 -6.446620
v -0.020441 6.041335 -6.511497
v 0.077655 3.421935 -3.423875
v 0.077655 3.201648 -3.414258
v -0.080341 3.421935 -3.423876
v -0.080340 3.201648 -3.414257
v 0.077655 2.989456 -8.274246
v 0.077657 3.209742 -8.283863
v -0.080340 2.989456 -8.274248
v -0.080341 3.209742 -8.283863
v 2.703978 3.035582 -5.929616
v -0.002750 2.871807 -4.796968
v 2.700673 3.077544 -5.931449
v -0.006054 2.913769 -4.798798
v -0.380420 2.802210 -5.709562
v 2.326307 2.965985 -6.842211
v -0.383725 2.844172 -5.711393
v 2.323001 3.007947 -6.844043
v 2.710882 3.035669 -5.926764
v 0.086135 2.831290 -5.872009
v 2.707487 3.078784 -5.928648
v 0.082738 2.874406 -5.873893
v 0.077006 2.807603 -6.398050
v 2.701754 3.011982 -6.452804
v 0.073609 2.850719 -6.399934
v 2.698357 3.055098 -6.454687
v 0.016908 3.117318 -7.722901
v 0.104240 3.187195 -3.721908
v -0.089768 3.000852 -7.718541
v -0.002435 3.070730 -3.717544
v 0.414895 2.902584 -3.723717
v 0.327562 2.832707 -7.724712
v 0.308220 2.786119 -3.719355
v 0.220886 2.716242 -7.720350
v -0.296225 1.674399 -7.705131
v -0.379513 1.740296 -3.672718
v -0.243603 1.676249 -7.704071
v -0.326890 1.742146 -3.671660
v -0.420127 2.907435 -3.692630
v -0.336841 2.841538 -7.725040
v -0.367505 2.909284 -3.691573
v -0.284219 2.843387 -7.723982
v -2.701751 3.011982 -6.452804
v -0.077005 2.807603 -6.398050
v -2.698354 3.055098 -6.454686
v -0.073608 2.850719 -6.399931
v -0.086134 2.831290 -5.872009
v -2.710882 3.035669 -5.926764
v -0.082738 2.874406 -5.873893
v -2.707484 3.078784 -5.928648
v -0.327561 2.832707 -7.724712
v -0.414894 2.902584 -3.723718
v -0.220885 2.716242 -7.720350
v -0.308220 2.786119 -3.719355
v -0.104240 3.187195 -3.721908
v -0.016905 3.117318 -7.722901
v 0.002435 3.070730 -3.717544
v 0.089771 3.000852 -7.718540
v -2.326305 2.965985 -6.842209
v 0.380421 2.802210 -5.709563
v -2.322999 3.007947 -6.844042
v 0.383725 2.844172 -5.711394
v 0.002749 2.871807 -4.796968
v -2.703976 3.035582 -5.929613
v 0.006056 2.913769 -4.798798
v -2.700671 3.077544 -5.931445
v 0.209465 2.572919 -7.758162
v 0.211023 2.584749 -7.633731
v 0.208054 2.929307 -7.792026
v 0.209616 2.941137 -7.667596
v -0.210422 2.583595 -7.628337
v -0.211983 2.571765 -7.752766
v -0.211830 2.939983 -7.662202
v -0.213392 2.928154 -7.786631
v 0.043381 5.096617 -4.712362
v 0.043381 3.350132 -4.605655
v -0.021067 5.096617 -4.712361
v -0.021066 3.350132 -4.605655
v 0.043381 3.282633 -5.710410
v 0.043382 5.029119 -5.817116
v -0.021067 3.282633 -5.710408
v -0.021067 5.029119 -5.817116
v -0.337168 2.578454 -7.756566
v -0.385418 1.714128 -3.660149
v -0.179205 2.580711 -7.754232
v -0.227455 1.716385 -3.657812
v -0.389678 1.958875 -3.608560
v -0.341428 2.823200 -7.704978
v -0.231716 1.961132 -3.606224
v -0.183465 2.825458 -7.702641
v 7.055765 2.502609 -3.155942
v 7.918612 2.555027 -0.780401
v -0.651239 3.082498 -0.369397
v 0.211605 3.134916 2.006143
v 7.908460 2.384328 -0.772949
v 7.045616 2.331910 -3.148490
v 0.201456 2.964217 2.013596
v -0.661388 2.911799 -0.361944
v 7.960160 2.531584 -1.659485
v 7.944178 2.560043 -0.764771
v 1.047526 2.930596 -1.795666
v 1.031543 2.959055 -0.900952
v 7.934981 2.402389 -0.759921
v 7.950967 2.373930 -1.654635
v 1.022347 2.801401 -0.896102
v 1.038330 2.772943 -1.790816
v 8.018395 2.478893 -1.269172
v 8.018394 2.559310 0.572680
v 1.019742 2.764228 -1.281629
v 1.019741 2.844645 0.560221
v 8.011954 2.401596 0.579564
v 8.011953 2.321178 -1.262287
v 1.013299 2.686930 0.567107
v 1.013299 2.606513 -1.274743
v 8.498059 2.479479 -2.333323
v 8.453871 2.558159 0.140298
v 7.972384 2.509822 -2.343678
v 7.928195 2.588502 0.129942
v 8.435480 2.242851 0.150000
v 8.479670 2.164171 -2.323623
v 7.909805 2.273194 0.139643
v 7.953991 2.194514 -2.333979
v 5.165757 2.585266 0.535199
v 5.157768 2.394602 1.247390
v 5.015706 2.591553 0.535199
v 5.007717 2.400889 1.247389
v 5.149251 2.191297 1.192866
v 5.157238 2.381961 0.480677
v 4.999198 2.197584 1.192866
v 5.007187 2.388248 0.480676
v 6.015337 2.478435 -1.418085
v 6.015335 2.478435 0.440999
v 5.868001 2.484609 -1.418084
v 5.868001 2.484609 0.440999
v 6.006405 2.265327 0.440999
v 6.006405 2.265327 -1.418084
v 5.859072 2.271501 0.440999
v 5.859073 2.271501 -1.418084
v 5.160275 2.514263 -0.891432
v 5.160275 2.514263 1.230977
v 5.012942 2.520436 -0.891432
v 5.012942 2.520436 1.230978
v 5.144181 2.130142 1.230978
v 5.144180 2.130142 -0.891431
v 4.996847 2.136316 1.230977
v 4.996848 2.136315 -0.891432
v 4.270448 2.596752 0.798275
v 4.262459 2.406088 1.510465
v 4.120397 2.603040 0.798275
v 4.112408 2.412375 1.510464
v 4.253941 2.202783 1.455942
v 4.261930 2.393447 0.743751
v 4.103890 2.209070 1.455941
v 4.111878 2.399734 0.743752
v 4.264966 2.525749 -0.628356
v 4.264966 2.525749 1.494053
v 4.117632 2.531922 -0.628355
v 4.117631 2.531922 1.494053
v 4.248871 2.141629 1.494053
v 4.248871 2.141628 -0.628356
v 4.101537 2.147802 1.494053
v 4.101538 2.147802 -0.628356
v 3.316992 2.594445 -0.262348
v 3.316992 2.594445 1.860062
v 3.169658 2.600618 -0.262348
v 3.169657 2.600618 1.860062
v 3.300897 2.210324 1.860062
v 3.300897 2.210324 -0.262348
v 3.153563 2.216498 1.860062
v 3.153564 2.216498 -0.262348
v 3.322473 2.665448 1.164283
v 3.314485 2.474784 1.876473
v 3.172423 2.671736 1.164284
v 3.164434 2.481071 1.876474
v 3.305966 2.271479 1.821950
v 3.313955 2.462143 1.109761
v 3.155915 2.277766 1.821950
v 3.163903 2.468430 1.109760
v 2.421682 2.594445 -0.262348
v 2.421682 2.594445 1.860062
v 2.274349 2.600618 -0.262348
v 2.274349 2.600618 1.860062
v 2.405587 2.210324 1.860062
v 2.405588 2.210324 -0.262348
v 2.258255 2.216498 1.860062
v 2.258254 2.216498 -0.262348
v 2.427165 2.665448 1.164283
v 2.419176 2.474784 1.876473
v 2.269308 2.672062 1.164283
v 2.261318 2.481399 1.876473
v 2.410657 2.271479 1.821950
v 2.418646 2.462143 1.109760
v 2.252800 2.278093 1.821950
v 2.260789 2.468757 1.109760
v 7.587619 2.504169 -1.667882
v 8.018395 2.513366 -0.479623
v 1.157408 2.827007 0.660740
v 1.588183 2.836204 1.848999
v 8.011781 2.355549 -0.476005
v 7.581006 2.346353 -1.664263
v 1.581570 2.678388 1.852618
v 1.150795 2.669191 0.664359
v -5.144178 2.130142 -0.891432
v -5.144179 2.130142 1.230978
v -4.996846 2.136315 -0.891432
v -4.996847 2.136316 1.230977
v -5.160275 2.514263 1.230977
v -5.160274 2.514263 -0.891432
v -5.012940 2.520436 1.230978
v -5.012940 2.520436 -0.891431
v -2.405588 2.210324 -0.262348
v -2.405587 2.210324 1.860062
v -2.258254 2.216498 -0.262347
v -2.258254 2.216498 1.860062
v -2.421683 2.594445 1.860062
v -2.421682 2.594445 -0.262348
v -2.274349 2.600618 1.860061
v -2.274349 2.600618 -0.262348
v -3.300897 2.210324 -0.262348
v -3.300896 2.210324 1.860062
v -3.153563 2.216498 -0.262347
v -3.153563 2.216498 1.860062
v -3.316993 2.594445 1.860062
v -3.316991 2.594445 -0.262348
v -3.169658 2.600618 1.860062
v -3.169658 2.600618 -0.262347
v -4.248872 2.141628 -0.628356
v -4.248871 2.141629 1.494053
v -4.101537 2.147802 -0.628356
v -4.101537 2.147802 1.494053
v -4.264966 2.525749 1.494053
v -4.264966 2.525749 -0.628356
v -4.117632 2.531922 1.494053
v -4.117632 2.531922 -0.628357
v -7.950963 2.373930 -1.654635
v -7.934980 2.402389 -0.759920
v -1.038331 2.772943 -1.790816
v -1.022347 2.801401 -0.896102
v -7.944175 2.560043 -0.764770
v -7.960157 2.531584 -1.659484
v -1.031543 2.959055 -0.900952
v -1.047526 2.930596 -1.795666
v -7.581004 2.346353 -1.664263
v -8.011777 2.355549 -0.476004
v -1.150795 2.669191 0.664359
v -1.581570 2.678388 1.852618
v -8.018391 2.513366 -0.479624
v -7.587617 2.504169 -1.667882
v -1.588183 2.836204 1.848998
v -1.157408 2.827007 0.660740
v -8.479666 2.164171 -2.323621
v -8.435478 2.242851 0.149999
v -7.953990 2.194514 -2.333978
v -7.909800 2.273194 0.139643
v -8.453866 2.558159 0.140298
v -8.498055 2.479479 -2.333323
v -7.928191 2.588502 0.129943
v -7.972381 2.509822 -2.343677
v -7.045614 2.331910 -3.148489
v -7.908457 2.384328 -0.772948
v 0.661388 2.911799 -0.361944
v -0.201456 2.964217 2.013596
v -7.918608 2.555027 -0.780402
v -7.055762 2.502609 -3.155940
v -0.211605 3.134916 2.006143
v 0.651239 3.082498 -0.369397
v -8.011950 2.321178 -1.262286
v -8.011949 2.401596 0.579565
v -1.013299 2.606513 -1.274743
v -1.013299 2.686930 0.567107
v -8.018393 2.559310 0.572679
v -8.018391 2.478893 -1.269171
v -1.019741 2.844645 0.560221
v -1.019741 2.764228 -1.281629
v -2.418646 2.462143 1.109760
v -2.410657 2.271479 1.821950
v -2.260789 2.468757 1.109760
v -2.252800 2.278093 1.821950
v -2.419176 2.474784 1.876473
v -2.427165 2.665448 1.164283
v -2.261318 2.481399 1.876473
v -2.269307 2.672062 1.164283
v -3.313956 2.462143 1.109761
v -3.305966 2.271479 1.821950
v -3.163903 2.468430 1.109760
v -3.155915 2.277766 1.821950
v -3.314485 2.474784 1.876473
v -3.322474 2.665448 1.164283
v -3.164433 2.481071 1.876473
v -3.172423 2.671736 1.164283
v -4.261930 2.393447 0.743751
v -4.253942 2.202783 1.455942
v -4.111878 2.399734 0.743752
v -4.103889 2.209070 1.455941
v -4.262458 2.406088 1.510464
v -4.270449 2.596752 0.798274
v -4.112408 2.412375 1.510465
v -4.120397 2.603040 0.798275
v -5.157238 2.381961 0.480676
v -5.149250 2.191297 1.192865
v -5.007186 2.388248 0.480676
v -4.999198 2.197584 1.192866
v -5.157768 2.394602 1.247389
v -5.165757 2.585266 0.535199
v -5.007717 2.400889 1.247389
v -5.015705 2.591553 0.535199
v -6.006403 2.265327 -1.418084
v -6.006403 2.265327 0.440999
v -5.859072 2.271501 -1.418084
v -5.859071 2.271501 0.440999
v -6.015333 2.478435 0.440999
v -6.015334 2.478435 -1.418084
v -5.868001 2.484609 0.440998
v -5.867999 2.484609 -1.418084
v 0.560329 1.233212 0.311123
v 0.590430 1.425438 2.024900
v 1.244846 1.237817 0.298583
v 1.274948 1.430044 2.012360
v 0.589971 1.477774 2.019038
v 0.559869 1.285548 0.305261
v 1.274489 1.482380 2.006498
v 1.244387 1.290153 0.292721
v 1.247212 1.221877 0.300935
v 1.263009 1.438495 2.005692
v 1.400568 1.417759 0.274624
v 1.416365 1.634377 1.979381
v 1.221403 1.470573 2.002002
v 1.205606 1.253955 0.297245
v 1.374759 1.666455 1.975691
v 1.358962 1.449837 0.270934
v -0.559869 1.285548 0.305261
v -0.589971 1.477774 2.019038
v -1.244387 1.290153 0.292721
v -1.274489 1.482380 2.006498
v -0.590430 1.425438 2.024900
v -0.560329 1.233212 0.311123
v -1.274948 1.430044 2.012360
v -1.244847 1.237817 0.298583
v -1.205605 1.253955 0.297245
v -1.221403 1.470573 2.002002
v -1.358962 1.449837 0.270934
v -1.374759 1.666455 1.975690
v -1.263009 1.438495 2.005692
v -1.247212 1.221877 0.300935
v -1.416365 1.634377 1.979381
v -1.400568 1.417759 0.274624
v -0.263326 1.432253 4.258164
v -0.263326 1.440979 4.758086
v -0.263326 1.379596 4.259083
v -0.263326 1.388322 4.759005
v 0.263326 1.440979 4.758086
v 0.263326 1.432253 4.258164
v 0.263326 1.388322 4.759006
v 0.263326 1.379596 4.259083
v -0.062499 5.612051 -6.533383
v -0.062499 5.620230 -6.346061
v -0.062498 5.487172 -6.527927
v -0.062499 5.495349 -6.340611
v 0.062500 5.620230 -6.346061
v 0.062500 5.612051 -6.533383
v 0.062500 5.495349 -6.340610
v 0.062500 5.487172 -6.527930
v 8.124973 2.352306 -2.387263
v 8.124973 2.466807 0.235229
v 8.124970 2.227425 -2.381810
v 8.124973 2.341926 0.240683
v 8.249970 2.466807 0.235231
v 8.249974 2.352306 -2.387263
v 8.249972 2.341926 0.240682
v 8.249973 2.227425 -2.381811
v -8.249969 2.352306 -2.387261
v -8.249969 2.466807 0.235229
v -8.249969 2.227425 -2.381810
v -8.249968 2.341926 0.240681
v -8.124969 2.466807 0.235229
v -8.124969 2.352306 -2.387262
v -8.124971 2.341926 0.240681
v -8.124970 2.227425 -2.381810
vn -1.0000 -0.0000 -0.0000
vn 0.0349 0.0436 0.9984
vn -0.9994 0.0015 0.0349
vn -0.0349 -0.0436 -0.9984
vn 0.9994 -0.0015 -0.0349
vn -0.0000 0.9990 -0.0436
vn -0.0000 -0.9990 0.0436
vn -0.7368 0.6761 -0.0038
vn 0.7368 -0.6761 0.0038
vn 0.6752 0.7355 -0.0557
vn -0.6752 -0.7355 0.0557
vn -0.0087 0.0436 0.9990
vn 0.0087 0.9990 -0.0435
vn 0.0087 -0.0436 -0.9990
vn -0.0087 -0.9990 0.0435
vn 0.9999 -0.0083 0.0091
vn -0.9999 0.0083 -0.0091
vn -0.7373 0.6747 -0.0359
vn 0.7373 -0.6747 0.0359
vn 0.6756 0.7368 -0.0263
vn -0.6756 -0.7368 0.0263
vn -0.0087 0.0174 0.9998
vn 0.7132 0.7009 -0.0060
vn 0.0087 -0.0175 -0.9998
vn -0.7132 -0.7009 0.0060
vn 0.7009 -0.7130 0.0186
vn -0.7009 0.7130 -0.0186
vn -0.0087 0.0175 0.9998
vn 0.0087 0.9998 -0.0174
vn -0.0087 -0.9998 0.0174
vn 0.9999 -0.0086 0.0089
vn -0.9999 0.0086 -0.0089
vn -0.0104 -0.1736 0.9848
vn 0.0066 0.9848 0.1737
vn 0.0104 0.1736 -0.9848
vn -0.0066 -0.9848 -0.1737
vn -0.1561 -0.0779 0.9847
vn -0.8252 0.5582 -0.0866
vn 0.1561 0.0779 -0.9847
vn 0.8252 -0.5582 0.0866
vn 0.5429 0.8261 0.1514
vn -0.5429 -0.8261 -0.1514
vn -0.0324 -0.1596 0.9867
vn -0.8392 0.5405 0.0599
vn 0.0324 0.1596 -0.9867
vn 0.8392 -0.5405 -0.0599
vn -0.0349 -0.1609 0.9863
vn -0.9994 0.0056 -0.0344
vn 0.0349 0.1610 -0.9863
vn 0.9994 -0.0056 0.0344
vn -0.0000 0.9869 0.1610
vn -0.0000 -0.9869 -0.1610
vn -0.8398 0.5361 0.0857
vn 0.8398 -0.5362 -0.0857
vn -0.0000 -0.5266 0.8501
vn -0.5373 0.7170 0.4441
vn -0.0000 0.5266 -0.8501
vn 0.5373 -0.7170 -0.4441
vn 0.8434 0.4568 0.2829
vn -0.8434 -0.4568 -0.2829
vn 0.0080 -0.0783 0.9969
vn -0.0429 0.9960 0.0786
vn -0.0079 0.0783 -0.9969
vn 0.0429 -0.9960 -0.0786
vn 0.9990 0.0434 -0.0046
vn -0.9990 -0.0434 0.0046
vn 0.7665 0.6407 0.0442
vn -0.7665 -0.6407 -0.0442
vn 0.6422 -0.7638 -0.0651
vn -0.6422 0.7638 0.0651
vn 0.0160 -0.0806 0.9966
vn 0.9999 -0.0009 -0.0161
vn -0.0160 0.0806 -0.9966
vn -0.9999 0.0009 0.0161
vn -0.0022 -0.9967 -0.0806
vn 0.0022 0.9967 0.0806
vn 0.0160 0.2777 0.9605
vn 0.9999 -0.0023 -0.0160
vn -0.0160 -0.2777 -0.9605
vn -0.9999 0.0023 0.0160
vn 0.0022 -0.9607 0.2777
vn -0.0022 0.9607 -0.2777
vn 0.0165 0.2755 0.9612
vn 0.7674 -0.6197 0.1644
vn -0.0165 -0.2755 -0.9612
vn -0.7674 0.6197 -0.1644
vn -0.6409 -0.7349 0.2216
vn 0.6409 0.7349 -0.2216
vn -0.0000 0.2760 0.9612
vn -0.0000 -0.9612 0.2760
vn -0.0000 -0.2760 -0.9612
vn -0.0000 0.9612 -0.2760
vn 1.0000 -0.0000 -0.0000
vn -0.0165 0.2755 0.9612
vn 0.7674 0.6197 -0.1644
vn 0.0165 -0.2755 -0.9612
vn -0.7674 -0.6197 0.1644
vn 0.6409 -0.7349 0.2216
vn -0.6409 0.7349 -0.2216
vn -0.0080 -0.0783 0.9969
vn 0.7665 -0.6407 -0.0442
vn 0.0079 0.0783 -0.9969
vn -0.7665 0.6407 0.0442
vn -0.6422 -0.7638 -0.0651
vn 0.6422 0.7638 0.0651
vn 0.0266 0.2187 0.9754
vn -0.0211 0.9757 -0.2181
vn -0.0266 -0.2186 -0.9754
vn 0.0211 -0.9757 0.2181
vn 0.9994 0.0148 -0.0305
vn -0.9994 -0.0148 0.0305
vn 0.0299 0.2194 0.9752
vn 0.7895 0.5932 -0.1576
vn -0.0299 -0.2194 -0.9752
vn -0.7895 -0.5932 0.1576
vn 0.6130 -0.7746 0.1555
vn -0.6130 0.7746 -0.1555
vn 0.0118 0.0436 0.9990
vn 0.9999 -0.0013 -0.0117
vn -0.0118 -0.0436 -0.9990
vn -0.9999 0.0013 0.0117
vn -0.0008 -0.9990 0.0436
vn 0.0008 0.9990 -0.0436
vn 0.0299 -0.1336 0.9906
vn 0.7895 -0.6047 -0.1053
vn -0.0299 0.1335 -0.9906
vn -0.7895 0.6047 0.1053
vn -0.6130 -0.7852 -0.0874
vn 0.6130 0.7852 0.0874
vn 0.0271 -0.1375 0.9901
vn 0.9996 -0.0012 -0.0276
vn -0.0271 0.1375 -0.9901
vn -0.9996 0.0012 0.0276
vn -0.0050 -0.9905 -0.1374
vn 0.0050 0.9905 0.1374
vn 0.0344 -0.1323 0.9906
vn -0.0061 -0.9912 -0.1322
vn -0.0344 0.1323 -0.9906
vn 0.0061 0.9912 0.1322
vn 0.0045 0.2194 0.9756
vn 0.7936 -0.5944 0.1300
vn -0.0045 -0.2194 -0.9756
vn -0.7936 0.5944 -0.1300
vn -0.6084 -0.7737 0.1768
vn 0.6084 0.7737 -0.1768
vn 0.0045 -0.1335 0.9910
vn 0.7936 0.6034 0.0777
vn -0.0045 0.1335 -0.9910
vn -0.7936 -0.6034 -0.0777
vn 0.6084 -0.7861 -0.1087
vn -0.6084 0.7861 0.1087
vn -0.0113 0.2192 0.9756
vn -0.0057 0.9756 -0.2193
vn 0.0113 -0.2192 -0.9756
vn 0.0057 -0.9756 0.2193
vn 0.9999 0.0081 0.0098
vn -0.9999 -0.0081 -0.0098
vn -0.0000 -0.0017 1.0000
vn -0.0000 -1.0000 -0.0017
vn -0.0000 0.0017 -1.0000
vn -0.0000 1.0000 0.0017
vn 0.0299 -0.0031 0.9995
vn 0.7895 -0.6132 -0.0255
vn -0.0299 0.0031 -0.9995
vn -0.7895 0.6132 0.0255
vn -0.6130 -0.7899 0.0159
vn 0.6130 0.7899 -0.0159
vn 0.0271 -0.0071 0.9996
vn 0.9996 -0.0048 -0.0272
vn -0.0271 0.0071 -0.9996
vn -0.9996 0.0048 0.0272
vn -0.0050 -1.0000 -0.0070
vn 0.0050 1.0000 0.0070
vn 0.0271 0.2233 0.9744
vn -0.0271 -0.2233 -0.9744
vn 0.0050 -0.9748 0.2232
vn -0.0050 0.9748 -0.2232
vn -0.0345 -0.3009 0.9530
vn -0.9994 0.0055 -0.0345
vn 0.0345 0.3009 -0.9530
vn 0.9994 -0.0055 0.0345
vn -0.0052 0.9536 0.3009
vn 0.0052 -0.9536 -0.3009
vn -0.0345 -0.2982 0.9539
vn -0.8406 0.5249 0.1337
vn 0.0345 0.2982 -0.9539
vn 0.8406 -0.5249 -0.1337
vn 0.5405 0.7972 0.2688
vn -0.5405 -0.7972 -0.2688
vn -0.1620 0.2016 0.9660
vn 0.9868 0.0285 0.1596
vn 0.1620 -0.2016 -0.9660
vn -0.9868 -0.0285 -0.1596
vn -0.0046 -0.9791 0.2036
vn 0.0046 0.9791 -0.2036
vn -0.1703 0.2018 0.9645
vn 0.7221 0.6916 -0.0172
vn 0.1703 -0.2018 -0.9645
vn -0.7221 -0.6916 0.0172
vn 0.6705 -0.6935 0.2636
vn -0.6705 0.6935 -0.2636
vn -0.1699 0.2056 0.9638
vn 0.0197 0.9785 -0.2053
vn 0.1699 -0.2056 -0.9638
vn -0.0197 -0.9785 0.2053
vn 0.9853 0.0159 0.1703
vn -0.9853 -0.0159 -0.1703
vn -0.1840 -0.1996 0.9624
vn -0.8276 0.5598 -0.0422
vn 0.1840 0.1996 -0.9624
vn 0.8276 -0.5598 0.0421
vn 0.5303 0.8042 0.2682
vn -0.5303 -0.8042 -0.2682
vn 0.0026 0.9791 0.2036
vn -0.0026 -0.9791 -0.2036
vn 0.9829 -0.0400 0.1797
vn -0.9829 0.0400 -0.1797
vn -0.0000 0.0087 1.0000
vn -0.0000 -0.0087 -1.0000
vn -0.0000 1.0000 -0.0087
vn -0.0000 -1.0000 0.0087
vn -0.0000 -0.0088 -1.0000
vn 0.0349 0.0421 0.9985
vn -0.0000 0.9991 -0.0421
vn -0.0349 -0.0421 -0.9985
vn -0.0000 -0.9991 0.0421
vn 0.9994 -0.0015 -0.0348
vn -0.9994 0.0015 0.0348
vn 0.0118 0.1219 0.9925
vn 0.9999 -0.0007 -0.0118
vn -0.0118 -0.1219 -0.9925
vn -0.9999 0.0007 0.0118
vn 0.0007 -0.9925 0.1219
vn -0.0007 0.9925 -0.1219
vn -0.0160 0.2777 0.9605
vn 0.9999 0.0023 0.0160
vn 0.0160 -0.2777 -0.9605
vn -0.9999 -0.0023 -0.0160
vn -0.0022 -0.9607 0.2777
vn 0.0022 0.9607 -0.2777
vn -0.0160 -0.0806 0.9966
vn 0.9999 0.0009 0.0161
vn 0.0160 0.0806 -0.9966
vn -0.9999 -0.0009 -0.0161
vn 0.0022 -0.9967 -0.0806
vn -0.0022 0.9967 0.0806
vn 0.0174 0.1073 0.9941
vn 0.9960 -0.0885 -0.0079
vn -0.0174 -0.1073 -0.9941
vn -0.9960 0.0885 0.0079
vn -0.0872 -0.9903 0.1085
vn 0.0872 0.9903 -0.1085
vn 0.0174 -0.0233 0.9996
vn 0.9960 -0.0867 -0.0193
vn -0.0174 0.0233 -0.9996
vn -0.9960 0.0867 0.0193
vn -0.0872 -0.9960 -0.0217
vn 0.0872 0.9960 0.0217
vn -0.0271 -0.1375 0.9901
vn 0.9996 0.0012 0.0276
vn 0.0271 0.1375 -0.9901
vn -0.9996 -0.0012 -0.0276
vn 0.0050 -0.9905 -0.1374
vn -0.0050 0.9905 0.1374
vn -0.0000 -0.0436 0.9990
vn -0.0000 0.0436 -0.9990
vn -0.0000 0.9990 0.0436
vn -0.0000 -0.9990 -0.0436
vn -0.8191 0.5736 -0.0000
vn -0.5736 -0.8192 -0.0000
vn 0.8191 -0.5736 -0.0000
vn 0.5736 0.8192 -0.0000
vn -0.0000 -0.0000 -1.0000
vn -0.0000 -0.0000 1.0000
vn -0.8192 0.5736 -0.0000
vn -0.5735 -0.8192 -0.0000
vn 0.8192 -0.5736 -0.0000
vn -0.0001 -0.0000 1.0000
vn -0.0271 0.2233 0.9744
vn 0.0271 -0.2233 -0.9744
vn -0.0050 -0.9748 0.2232
vn 0.0050 0.9748 -0.2232
vn -0.0522 -0.0310 0.9982
vn -0.5399 0.8418 -0.0021
vn 0.0522 0.0310 -0.9982
vn 0.5399 -0.8418 0.0021
vn 0.8401 0.5390 0.0607
vn -0.8401 -0.5390 -0.0607
vn -0.3040 0.9526 0.0137
vn 0.3040 -0.9526 -0.0137
vn 0.9512 0.3027 0.0591
vn -0.9512 -0.3027 -0.0592
vn -0.2588 0.8212 0.5086
vn 0.2588 -0.8212 -0.5086
vn 0.9659 0.2200 0.1363
vn -0.9659 -0.2200 -0.1363
vn -0.0000 0.0436 0.9990
vn -0.0000 -0.0436 -0.9990
vn -0.7071 -0.7064 0.0308
vn 0.7071 0.7064 -0.0308
vn -0.7071 0.7064 -0.0308
vn 0.7071 -0.7064 0.0308
vn 0.0087 0.0436 0.9990
vn 0.0087 -0.9990 0.0435
vn -0.0087 -0.0436 -0.9990
vn -0.0087 0.9990 -0.0435
vn -0.9999 -0.0083 0.0091
vn 0.9999 0.0083 -0.0091
vn -0.7373 -0.6747 0.0359
vn 0.7373 0.6747 -0.0359
vn -0.6756 0.7368 -0.0263
vn 0.6756 -0.7368 0.0263
vn 0.0087 0.0174 0.9998
vn 0.7132 -0.7009 0.0060
vn -0.0087 -0.0174 -0.9998
vn -0.7132 0.7009 -0.0060
vn -0.7009 -0.7130 0.0186
vn 0.7009 0.7130 -0.0186
vn 0.0087 0.0175 0.9998
vn 0.0087 -0.9998 0.0174
vn -0.0087 -0.0175 -0.9998
vn -0.0087 0.9998 -0.0174
vn -0.9999 -0.0086 0.0089
vn 0.9999 0.0086 -0.0089
vn 0.0104 -0.1736 0.9848
vn 0.0066 -0.9848 -0.1737
vn -0.0104 0.1736 -0.9848
vn -0.0066 0.9848 0.1737
vn 0.1561 -0.0779 0.9847
vn -0.8252 -0.5582 0.0866
vn -0.1561 0.0779 -0.9847
vn 0.8252 0.5582 -0.0866
vn -0.5429 0.8261 0.1514
vn 0.5429 -0.8261 -0.1514
vn 0.0324 -0.1596 0.9867
vn -0.8392 -0.5405 -0.0599
vn -0.0324 0.1595 -0.9867
vn 0.8392 0.5405 0.0599
vn -0.8398 -0.5362 -0.0857
vn 0.8398 0.5362 0.0857
vn -0.5373 -0.7170 -0.4441
vn 0.5373 0.7170 0.4441
vn -0.8434 0.4568 0.2829
vn 0.8434 -0.4568 -0.2829
vn -0.2588 -0.8212 -0.5086
vn 0.2588 0.8212 0.5086
vn -0.9659 0.2200 0.1363
vn 0.9659 -0.2200 -0.1363
vn -0.0349 0.0436 0.9984
vn -0.7368 -0.6761 0.0038
vn 0.0349 -0.0436 -0.9984
vn 0.7368 0.6761 -0.0038
vn -0.6752 0.7355 -0.0557
vn 0.6752 -0.7355 0.0557
vn -0.0079 -0.0783 0.9969
vn -0.0429 -0.9960 -0.0786
vn 0.0429 0.9960 0.0786
vn -0.9990 0.0434 -0.0046
vn 0.9990 -0.0434 0.0046
vn 0.0080 0.0783 -0.9969
vn -0.0266 0.2187 0.9754
vn -0.0211 -0.9757 0.2181
vn 0.0266 -0.2187 -0.9754
vn 0.0211 0.9757 -0.2181
vn -0.9994 0.0148 -0.0305
vn 0.9994 -0.0148 0.0305
vn -0.0299 0.2194 0.9752
vn 0.7895 -0.5932 0.1576
vn 0.0299 -0.2194 -0.9752
vn -0.7895 0.5932 -0.1576
vn -0.6130 -0.7746 0.1555
vn 0.6130 0.7746 -0.1555
vn -0.0118 0.0436 0.9990
vn 0.9999 0.0013 0.0117
vn 0.0118 -0.0436 -0.9990
vn -0.9999 -0.0013 -0.0117
vn 0.0008 -0.9990 0.0436
vn -0.0008 0.9990 -0.0436
vn -0.0299 -0.1336 0.9906
vn 0.7895 0.6047 0.1053
vn 0.0299 0.1335 -0.9906
vn -0.7895 -0.6047 -0.1053
vn 0.6130 -0.7852 -0.0874
vn -0.6130 0.7852 0.0874
vn -0.0344 -0.1323 0.9906
vn -0.0061 0.9912 0.1322
vn 0.0344 0.1323 -0.9906
vn 0.0061 -0.9912 -0.1322
vn 0.9994 0.0015 0.0349
vn -0.9994 -0.0015 -0.0349
vn -0.0045 0.2194 0.9756
vn 0.7936 0.5944 -0.1300
vn 0.0045 -0.2194 -0.9756
vn -0.7936 -0.5944 0.1300
vn 0.6084 -0.7737 0.1768
vn -0.6084 0.7737 -0.1768
vn -0.0045 -0.1335 0.9910
vn 0.7936 -0.6034 -0.0777
vn 0.0045 0.1335 -0.9910
vn -0.7936 0.6034 0.0777
vn -0.6084 -0.7861 -0.1087
vn 0.6084 0.7861 0.1087
vn 0.0113 0.2192 0.9756
vn -0.0057 -0.9756 0.2193
vn -0.0113 -0.2192 -0.9756
vn 0.0057 0.9756 -0.2193
vn -0.9999 0.0081 0.0098
vn 0.9999 -0.0081 -0.0098
vn -0.0299 -0.0031 0.9995
vn 0.7895 0.6132 0.0255
vn 0.0299 0.0031 -0.9995
vn -0.7895 -0.6132 -0.0255
vn 0.6130 -0.7899 0.0159
vn -0.6130 0.7899 -0.0159
vn -0.0271 -0.0071 0.9996
vn 0.9996 0.0048 0.0272
vn 0.0271 0.0071 -0.9996
vn -0.9996 -0.0048 -0.0272
vn 0.0050 -1.0000 -0.0070
vn -0.0050 1.0000 0.0070
vn 0.0345 -0.2982 0.9539
vn -0.8406 -0.5249 -0.1337
vn -0.0345 0.2982 -0.9539
vn 0.8406 0.5248 0.1337
vn -0.5405 0.7972 0.2688
vn 0.5405 -0.7972 -0.2688
vn 0.1703 0.2018 0.9645
vn 0.7221 -0.6916 0.0172
vn -0.1704 -0.2018 -0.9645
vn -0.7221 0.6916 -0.0172
vn -0.6705 -0.6935 0.2636
vn 0.6705 0.6935 -0.2636
vn 0.1699 0.2056 0.9638
vn 0.0197 -0.9785 0.2053
vn -0.1699 -0.2056 -0.9638
vn -0.0197 0.9785 -0.2053
vn -0.9853 0.0159 0.1703
vn 0.9853 -0.0159 -0.1703
vn 0.1840 -0.1996 0.9624
vn -0.8276 -0.5598 0.0422
vn -0.1840 0.1996 -0.9624
vn 0.8276 0.5598 -0.0422
vn -0.5303 0.8042 0.2682
vn 0.5303 -0.8042 -0.2682
vn 0.0026 -0.9791 -0.2036
vn -0.0026 0.9791 0.2036
vn -0.9829 -0.0400 0.1797
vn 0.9829 0.0400 -0.1797
vn -0.0118 0.1219 0.9925
vn 0.9999 0.0007 0.0118
vn 0.0118 -0.1219 -0.9925
vn -0.9999 -0.0007 -0.0118
vn -0.0007 -0.9925 0.1219
vn 0.0007 0.9925 -0.1219
vn 0.8191 0.5736 -0.0000
vn -0.5736 0.8192 -0.0000
vn -0.8192 -0.5736 -0.0000
vn 0.5736 -0.8192 -0.0000
vn 0.8192 0.5736 -0.0000
vn 0.0522 -0.0310 0.9982
vn -0.5399 -0.8418 0.0021
vn -0.0522 0.0310 -0.9982
vn 0.5399 0.8418 -0.0021
vn -0.8401 0.5390 0.0607
vn 0.8401 -0.5390 -0.0607
vn -0.3040 -0.9526 -0.0137
vn 0.3040 0.9526 0.0137
vn -0.9512 0.3027 0.0591
vn 0.9512 -0.3027 -0.0591
vn 0.1620 0.2016 0.9660
vn 0.9868 -0.0285 -0.1596
vn -0.1620 -0.2016 -0.9660
vn -0.9868 0.0285 0.1596
vn 0.0046 -0.9791 0.2036
vn -0.0046 0.9791 -0.2036
vn -0.0174 0.1073 0.9941
vn 0.9960 0.0885 0.0079
vn 0.0174 -0.1073 -0.9941
vn -0.9960 -0.0885 -0.0079
vn 0.0872 -0.9903 0.1085
vn -0.0872 0.9903 -0.1085
vn -0.0174 -0.0233 0.9996
vn 0.9960 0.0867 0.0193
vn 0.0174 0.0233 -0.9996
vn -0.9960 -0.0867 -0.0193
vn 0.0872 -0.9960 -0.0217
vn -0.0872 0.9960 0.0217
vn -0.0349 0.0421 0.9985
vn 0.0349 -0.0421 -0.9985
vn -0.9994 -0.0015 -0.0348
vn 0.9994 0.0015 0.0348
vn 0.0349 -0.1609 0.9863
vn -0.9994 -0.0056 0.0344
vn -0.0349 0.1609 -0.9863
vn 0.9994 0.0056 -0.0344
vn 0.0345 -0.3009 0.9530
vn -0.9994 -0.0055 0.0345
vn -0.0345 0.3009 -0.9530
vn 0.9994 0.0055 -0.0345
vn 0.0052 0.9536 0.3009
vn -0.0052 -0.9536 -0.3009
vn -1.0000 0.0001 -0.0000
vn -0.0000 -0.0086 -1.0000
vn -0.0000 0.0482 0.9988
vn -0.0000 -0.9988 0.0482
vn -0.0000 -0.0482 -0.9988
vn -0.0000 0.9988 -0.0482
vn -0.0000 0.0175 0.9998
vn -0.0000 -0.0175 -0.9998
vn -0.0000 -0.9998 0.0175
vn -0.0000 0.9998 -0.0175
vn -0.0000 -0.1231 0.9924
vn -0.0000 0.1231 -0.9924
vn -0.0000 -0.9924 -0.1231
vn -0.0000 0.9924 0.1231
vn -0.0000 0.8501 0.5266
vn -0.0000 -0.8501 -0.5266
vn -0.0000 -0.3827 -0.9239
vn -0.0000 0.3827 0.9239
vn -0.0000 -0.9239 0.3827
vn -0.0000 0.9239 -0.3827
vn -0.0000 -0.0450 0.9990
vn -0.0000 0.9990 0.0450
vn -0.0000 0.0450 -0.9990
vn -0.0000 -0.9990 -0.0450
vn -0.0000 0.0420 0.9991
vn -0.0000 0.9991 -0.0420
vn -0.0000 -0.0420 -0.9991
vn -0.0000 -0.9991 0.0420
vn -0.6428 0.7653 -0.0334
vn 0.6428 -0.7653 0.0334
vn 0.7660 0.6422 -0.0280
vn -0.7660 -0.6422 0.0280
vn -0.0000 1.0000 -0.0000
vn -0.0000 -1.0000 -0.0000
vn -0.0000 0.1908 -0.9816
vn -0.0000 -0.1908 0.9816
vn -0.0000 -0.9816 -0.1908
vn -0.0000 0.9816 0.1908
vn 0.0239 0.2212 -0.9749
vn -0.6083 -0.7707 -0.1898
vn -0.0239 -0.2212 0.9749
vn 0.6083 0.7707 0.1898
vn 0.7934 -0.5976 -0.1162
vn -0.7934 0.5976 0.1162
vn -0.0000 0.1478 -0.9890
vn -0.0000 -0.1478 0.9890
vn -0.0000 -0.9890 -0.1478
vn -0.0000 0.9890 0.1478
vn -0.0000 -0.8434 0.5373
vn -0.0000 0.8434 -0.5373
vn -0.0000 0.5373 0.8434
vn -0.0000 -0.5373 -0.8434
vn -0.6428 -0.7653 0.0334
vn 0.6428 0.7653 -0.0334
vn -0.7660 0.6422 -0.0280
vn 0.7660 -0.6422 0.0280
vn -0.0000 0.2057 0.9786
vn -0.0000 -0.2056 -0.9786
vn -0.0000 -0.9786 0.2057
vn -0.0000 0.9786 -0.2057
vn -0.0347 -0.0438 0.9984
vn 0.0347 0.0438 -0.9984
vn 0.0040 0.9990 0.0440
vn -0.0040 -0.9990 -0.0440
vn -0.0000 -0.0310 0.9995
vn -0.0000 0.0310 -0.9995
vn -0.0000 0.9995 0.0310
vn -0.0000 -0.9995 -0.0310
vn -0.0000 0.9914 -0.1305
vn -0.0000 -0.9914 0.1305
vn -0.0000 -0.1305 -0.9914
vn -0.0000 0.1305 0.9914
vn -0.0239 0.2212 -0.9749
vn -0.6083 0.7707 0.1898
vn 0.0239 -0.2212 0.9749
vn 0.6083 -0.7707 -0.1898
vn -0.7934 -0.5976 -0.1162
vn 0.7934 0.5976 0.1162
vn -0.0000 -0.1045 0.9945
vn -0.0000 0.1045 -0.9945
vn -0.0000 0.9945 0.1045
vn -0.0000 -0.9945 -0.1045
vn -0.0087 0.0001 1.0000
vn -0.9999 0.0087 -0.0087
vn 0.0087 -0.0001 -1.0000
vn 0.9999 -0.0087 0.0087
vn 0.0087 1.0000 -0.0000
vn -0.0087 -1.0000 -0.0000
vn -0.0000 0.0262 0.9997
vn -0.0000 -0.0262 -0.9997
vn -0.0000 0.9997 -0.0262
vn -0.0000 -0.9997 0.0262
vn 0.0087 0.0001 1.0000
vn -0.9999 -0.0087 0.0087
vn -0.0087 -0.0001 -1.0000
vn 0.9999 0.0087 -0.0087
vn -0.0087 1.0000 -0.0000
vn 0.0087 -1.0000 -0.0000
vn 0.9984 -0.0567 0.0017
vn -0.0567 -0.9979 0.0305
vn -0.9984 0.0567 -0.0017
vn 0.0567 0.9979 -0.0305
vn -0.0000 0.0305 0.9995
vn -0.0000 -0.0305 -0.9995
vn -0.9984 -0.0567 0.0017
vn -0.0567 0.9979 -0.0305
vn 0.9984 0.0567 -0.0017
vn 0.0567 -0.9979 0.0305
vn -0.0000 0.0174 0.9998
vn 0.9992 -0.0392 0.0017
vn 0.0393 0.9983 -0.0436
vn -0.9992 0.0392 -0.0017
vn -0.0393 -0.9983 0.0436
vn -0.9992 -0.0392 0.0017
vn 0.0393 -0.9983 0.0436
vn 0.9992 0.0392 -0.0017
vn -0.0393 0.9983 -0.0436
vn 0.0008 -0.2091 0.9779
vn 1.0000 0.0033 -0.0001
vn -0.0008 0.2091 -0.9779
vn -1.0000 -0.0033 0.0001
vn 0.0032 -0.9779 -0.2091
vn -0.0032 0.9779 0.2091
vn 0.0115 -0.2064 0.9784
vn 0.0170 0.9784 0.2062
vn -0.0115 0.2064 -0.9784
vn -0.0170 -0.9784 -0.2062
vn 0.9998 -0.0143 -0.0148
vn -0.9998 0.0143 0.0148
vn 0.0207 0.0163 0.9997
vn 0.0348 0.9992 -0.0170
vn -0.0206 -0.0163 -0.9997
vn -0.0348 -0.9992 0.0170
vn 0.9992 -0.0351 -0.0201
vn -0.9992 0.0351 0.0201
vn -0.0000 -0.7826 0.6225
vn -0.0000 0.6225 0.7826
vn -0.0000 0.7826 -0.6225
vn -0.0000 -0.6225 -0.7826
vn -0.0000 -0.9981 0.0610
vn -0.0000 0.0610 0.9981
vn -0.0000 0.9981 -0.0610
vn -0.0000 -0.0610 -0.9981
vn -0.9211 -0.0557 0.3854
vn 0.3814 0.0703 0.9217
vn 0.9211 0.0557 -0.3854
vn -0.3814 -0.0703 -0.9217
vn 0.0785 -0.9960 0.0435
vn -0.0785 0.9960 -0.0435
vn -0.9968 -0.0776 0.0208
vn 0.0173 0.0450 0.9988
vn 0.9968 0.0776 -0.0208
vn -0.0173 -0.0450 -0.9988
vn 0.0218 0.0175 0.9996
vn -0.7373 0.6755 0.0043
vn -0.0218 -0.0175 -0.9996
vn 0.7373 -0.6755 -0.0043
vn 0.6752 0.7371 -0.0276
vn -0.6752 -0.7371 0.0276
vn -0.0207 0.0163 0.9997
vn 0.0348 -0.9992 0.0170
vn 0.0207 -0.0163 -0.9997
vn -0.0348 0.9992 -0.0170
vn -0.9992 -0.0351 -0.0201
vn 0.9992 0.0351 0.0201
vn 0.9968 -0.0776 0.0208
vn 0.0173 -0.0450 -0.9988
vn -0.9968 0.0776 -0.0208
vn -0.0173 0.0450 0.9988
vn -0.0785 -0.9960 0.0435
vn 0.0785 0.9960 -0.0435
vn -0.0218 0.0175 0.9996
vn -0.7373 -0.6755 -0.0043
vn 0.0218 -0.0175 -0.9996
vn 0.7373 0.6755 0.0043
vn -0.6752 0.7371 -0.0276
vn 0.6752 -0.7371 0.0276
vn 0.9211 -0.0557 0.3854
vn 0.3814 -0.0703 -0.9217
vn -0.9211 0.0557 -0.3854
vn -0.3814 0.0703 0.9217
vn 0.0125 0.0946 0.9954
vn 0.9999 0.0027 -0.0128
vn -0.0125 -0.0946 -0.9954
vn -0.9999 -0.0027 0.0128
vn 0.0039 -0.9955 0.0946
vn -0.0039 0.9955 -0.0946
vn -0.0115 -0.2064 0.9784
vn 0.0170 -0.9784 -0.2062
vn 0.0115 0.2064 -0.9784
vn -0.0170 0.9784 0.2062
vn -0.9998 -0.0143 -0.0148
vn 0.9998 0.0143 0.0148
vn 0.3413 0.0207 0.9397
vn 0.0593 0.9973 -0.0435
vn -0.3413 -0.0207 -0.9397
vn -0.0593 -0.9973 0.0435
vn 0.9381 -0.0706 -0.3392
vn -0.9381 0.0706 0.3392
vn -0.0179 0.0318 0.9993
vn 0.0582 0.9978 -0.0307
vn 0.0179 -0.0318 -0.9993
vn -0.0582 -0.9978 0.0307
vn 0.9981 -0.0576 0.0197
vn -0.9981 0.0576 -0.0197
vn 0.0408 0.9982 -0.0436
vn -0.0408 -0.9982 0.0436
vn 0.9992 -0.0407 0.0018
vn -0.9992 0.0407 -0.0018
vn -0.0108 -0.2586 0.9659
vn 0.0404 0.9651 0.2588
vn 0.0108 0.2586 -0.9659
vn -0.0404 -0.9651 -0.2588
vn 0.9991 -0.0419 -0.0000
vn -0.9991 0.0419 -0.0000
vn 0.0419 0.9991 -0.0000
vn -0.0419 -0.9991 -0.0000
vn 0.3408 0.0073 0.9401
vn 0.0419 0.9989 -0.0229
vn -0.3408 -0.0073 -0.9401
vn -0.0419 -0.9989 0.0229
vn 0.9392 -0.0472 -0.3401
vn -0.9392 0.0472 0.3401
vn 0.0419 -0.9991 -0.0000
vn -0.0419 0.9991 -0.0000
vn -0.9991 -0.0419 -0.0000
vn 0.9991 0.0419 -0.0000
vn 0.0179 0.0318 0.9993
vn 0.0582 -0.9978 0.0307
vn -0.0179 -0.0318 -0.9993
vn -0.0582 0.9978 -0.0307
vn -0.9981 -0.0576 0.0197
vn 0.9981 0.0576 -0.0197
vn -0.3408 0.0073 0.9401
vn 0.0419 -0.9989 0.0229
vn 0.3408 -0.0073 -0.9401
vn -0.0419 0.9989 -0.0229
vn -0.9392 -0.0472 -0.3401
vn 0.9392 0.0472 0.3401
vn -0.3413 0.0207 0.9397
vn 0.0593 -0.9973 0.0435
vn 0.3413 -0.0207 -0.9397
vn -0.0593 0.9973 -0.0435
vn -0.9381 -0.0706 -0.3392
vn 0.9381 0.0706 0.3392
vn 0.0408 -0.9982 0.0436
vn -0.0408 0.9982 -0.0436
vn -0.9992 -0.0407 0.0018
vn 0.9992 0.0407 -0.0018
vn 0.0108 -0.2586 0.9659
vn 0.0404 -0.9651 -0.2588
vn -0.0108 0.2586 -0.9659
vn -0.0404 0.9651 0.2588
vn 0.0175 0.1114 0.9936
vn 0.0087 -0.9937 0.1113
vn -0.0175 -0.1115 -0.9936
vn -0.0087 0.9937 -0.1113
vn -0.9998 -0.0067 0.0183
vn 0.9998 0.0067 -0.0183
vn 0.0092 0.1260 0.9920
vn 0.7900 -0.6091 0.0701
vn -0.0092 -0.1260 -0.9920
vn -0.7900 0.6091 -0.0701
vn -0.6130 -0.7830 0.1052
vn 0.6130 0.7830 -0.1052
vn -0.0175 0.1115 0.9936
vn 0.0087 0.9937 -0.1113
vn 0.0175 -0.1114 -0.9936
vn -0.0087 -0.9937 0.1113
vn 0.9998 -0.0067 0.0183
vn -0.9998 0.0067 -0.0183
vn -0.0092 0.1260 0.9920
vn 0.7900 0.6091 -0.0701
vn 0.0092 -0.1260 -0.9920
vn -0.7900 -0.6091 0.0701
vn 0.6130 -0.7830 0.1052
vn -0.6130 0.7830 -0.1052
vn -0.0000 -0.0174 -0.9998
vt 0.313477 0.711914
vt 0.324219 0.711914
vt 0.324219 0.718750
vt 0.313477 0.718750
vt 0.463867 0.812500
vt 0.466797 0.812500
vt 0.466797 0.815430
vt 0.463867 0.815430
vt 0.310547 0.827148
vt 0.412109 0.827148
vt 0.412109 0.830078
vt 0.310547 0.830078
vt 0.249023 0.515625
vt 0.251953 0.515625
vt 0.251953 0.518555
vt 0.249023 0.518555
vt 0.310547 0.824219
vt 0.412109 0.824219
vt 0.274414 0.663086
vt 0.271484 0.663086
vt 0.271484 0.561523
vt 0.274414 0.561523
vt 0.277344 0.561523
vt 0.277344 0.663086
vt 0.262695 0.689453
vt 0.269531 0.689453
vt 0.269531 0.692383
vt 0.262695 0.692383
vt 0.324219 0.734375
vt 0.425781 0.734375
vt 0.425781 0.737305
vt 0.324219 0.737305
vt 0.412109 0.521484
vt 0.418945 0.521484
vt 0.418945 0.524414
vt 0.412109 0.524414
vt 0.327148 0.700195
vt 0.428711 0.700195
vt 0.428711 0.703125
vt 0.327148 0.703125
vt 0.269531 0.818359
vt 0.262695 0.818359
vt 0.262695 0.716797
vt 0.269531 0.716797
vt 0.224609 0.633789
vt 0.217773 0.633789
vt 0.217773 0.735352
vt 0.224609 0.735352
vt 0.442383 0.797852
vt 0.467773 0.797852
vt 0.467773 0.800781
vt 0.442383 0.800781
vt 0.445312 0.869141
vt 0.465820 0.869141
vt 0.465820 0.872070
vt 0.445312 0.872070
vt 0.442383 0.785156
vt 0.467773 0.785156
vt 0.467773 0.788086
vt 0.442383 0.788086
vt 0.445312 0.762695
vt 0.465820 0.762695
vt 0.465820 0.765625
vt 0.445312 0.765625
vt 0.307617 0.793945
vt 0.282227 0.793945
vt 0.282227 0.773438
vt 0.307617 0.773438
vt 0.307617 0.752930
vt 0.282227 0.752930
vt 0.076172 0.642578
vt 0.083008 0.642578
vt 0.083008 0.648438
vt 0.076172 0.648438
vt 0.339844 0.952148
vt 0.360352 0.952148
vt 0.360352 0.958008
vt 0.339844 0.958008
vt 0.456055 0.888672
vt 0.462891 0.888672
vt 0.462891 0.894531
vt 0.456055 0.894531
vt 0.413086 0.806641
vt 0.433594 0.806641
vt 0.433594 0.812500
vt 0.413086 0.812500
vt 0.411133 0.680664
vt 0.404297 0.680664
vt 0.404297 0.660156
vt 0.411133 0.660156
vt 0.412109 0.752930
vt 0.405273 0.752930
vt 0.405273 0.773438
vt 0.412109 0.773438
vt 0.274414 0.515625
vt 0.277344 0.515625
vt 0.277344 0.518555
vt 0.274414 0.518555
vt 0.360352 0.893555
vt 0.439453 0.893555
vt 0.439453 0.896484
vt 0.360352 0.896484
vt 0.006836 0.514648
vt 0.009766 0.514648
vt 0.009766 0.517578
vt 0.006836 0.517578
vt 0.363281 0.798828
vt 0.442383 0.798828
vt 0.442383 0.801758
vt 0.363281 0.801758
vt 0.110352 0.655273
vt 0.107422 0.655273
vt 0.107422 0.576172
vt 0.110352 0.576172
vt 0.059570 0.565430
vt 0.056641 0.565430
vt 0.056641 0.644531
vt 0.059570 0.644531
vt 0.464844 0.655273
vt 0.475586 0.655273
vt 0.475586 0.658203
vt 0.464844 0.658203
vt 0.363281 0.795898
vt 0.442383 0.795898
vt 0.464844 0.605469
vt 0.475586 0.605469
vt 0.475586 0.608398
vt 0.464844 0.608398
vt 0.363281 0.785156
vt 0.363281 0.788086
vt 0.049805 0.762695
vt 0.039062 0.762695
vt 0.039062 0.683594
vt 0.049805 0.683594
vt 0.060547 0.683594
vt 0.060547 0.762695
vt 0.290039 0.950195
vt 0.302734 0.950195
vt 0.302734 0.952148
vt 0.290039 0.952148
vt 0.335938 0.830078
vt 0.385742 0.830078
vt 0.385742 0.832031
vt 0.335938 0.832031
vt 0.405273 0.747070
vt 0.417969 0.747070
vt 0.417969 0.749023
vt 0.405273 0.749023
vt 0.381836 0.788086
vt 0.431641 0.788086
vt 0.431641 0.790039
vt 0.381836 0.790039
vt 0.250977 0.735352
vt 0.238281 0.735352
vt 0.238281 0.685547
vt 0.250977 0.685547
vt 0.282227 0.768555
vt 0.269531 0.768555
vt 0.282227 0.818359
vt 0.060547 0.648438
vt 0.064453 0.648438
vt 0.064453 0.649414
vt 0.060547 0.649414
vt 0.360352 0.892578
vt 0.385742 0.892578
vt 0.385742 0.893555
vt 0.209961 0.614258
vt 0.213867 0.614258
vt 0.213867 0.615234
vt 0.209961 0.615234
vt 0.374023 0.737305
vt 0.399414 0.737305
vt 0.399414 0.738281
vt 0.374023 0.738281
vt 0.039062 0.712891
vt 0.035156 0.712891
vt 0.035156 0.687500
vt 0.039062 0.687500
vt 0.019531 0.560547
vt 0.015625 0.560547
vt 0.015625 0.585938
vt 0.019531 0.585938
vt 0.444336 0.893555
vt 0.444336 0.894531
vt 0.439453 0.894531
vt 0.434570 0.853516
vt 0.443359 0.853516
vt 0.443359 0.854492
vt 0.434570 0.854492
vt 0.442383 0.650391
vt 0.447266 0.650391
vt 0.447266 0.651367
vt 0.442383 0.651367
vt 0.455078 0.655273
vt 0.463867 0.655273
vt 0.463867 0.656250
vt 0.455078 0.656250
vt 0.291992 0.929688
vt 0.287109 0.929688
vt 0.287109 0.920898
vt 0.291992 0.920898
vt 0.092773 0.528320
vt 0.087891 0.528320
vt 0.087891 0.537109
vt 0.092773 0.537109
vt 0.451172 0.949219
vt 0.455078 0.949219
vt 0.455078 0.950195
vt 0.451172 0.950195
vt 0.349609 0.914062
vt 0.360352 0.914062
vt 0.360352 0.915039
vt 0.349609 0.915039
vt 0.169922 0.514648
vt 0.173828 0.514648
vt 0.173828 0.515625
vt 0.169922 0.515625
vt 0.480469 0.882812
vt 0.491211 0.882812
vt 0.491211 0.883789
vt 0.480469 0.883789
vt 0.466797 0.826172
vt 0.462891 0.826172
vt 0.462891 0.815430
vt 0.466797 0.765625
vt 0.462891 0.765625
vt 0.462891 0.776367
vt 0.466797 0.776367
vt 0.207031 0.581055
vt 0.209961 0.581055
vt 0.209961 0.582031
vt 0.207031 0.582031
vt 0.454102 0.974609
vt 0.485352 0.974609
vt 0.485352 0.975586
vt 0.454102 0.975586
vt 0.431641 0.859375
vt 0.434570 0.859375
vt 0.434570 0.860352
vt 0.431641 0.860352
vt 0.456055 0.878906
vt 0.487305 0.878906
vt 0.487305 0.879883
vt 0.456055 0.879883
vt 0.166016 0.586914
vt 0.163086 0.586914
vt 0.163086 0.555664
vt 0.166016 0.555664
vt 0.040039 0.553711
vt 0.037109 0.553711
vt 0.037109 0.584961
vt 0.040039 0.584961
vt 0.342773 0.823242
vt 0.350586 0.823242
vt 0.350586 0.824219
vt 0.342773 0.824219
vt 0.474609 0.610352
vt 0.497070 0.610352
vt 0.497070 0.611328
vt 0.474609 0.611328
vt 0.393555 0.896484
vt 0.401367 0.896484
vt 0.401367 0.897461
vt 0.393555 0.897461
vt 0.474609 0.543945
vt 0.497070 0.543945
vt 0.497070 0.544922
vt 0.474609 0.544922
vt 0.387695 0.614258
vt 0.379883 0.614258
vt 0.379883 0.591797
vt 0.387695 0.591797
vt 0.067383 0.590820
vt 0.059570 0.590820
vt 0.059570 0.613281
vt 0.067383 0.613281
vt 0.184570 0.783203
vt 0.185547 0.783203
vt 0.185547 0.784180
vt 0.184570 0.784180
vt 0.451172 0.814453
vt 0.458008 0.814453
vt 0.458008 0.815430
vt 0.451172 0.815430
vt 0.250977 0.797852
vt 0.251953 0.797852
vt 0.251953 0.798828
vt 0.250977 0.798828
vt 0.458008 0.927734
vt 0.464844 0.927734
vt 0.464844 0.928711
vt 0.458008 0.928711
vt 0.189453 0.579102
vt 0.188477 0.579102
vt 0.188477 0.572266
vt 0.189453 0.572266
vt 0.103516 0.553711
vt 0.102539 0.553711
vt 0.102539 0.560547
vt 0.103516 0.560547
vt 0.290039 0.892578
vt 0.291992 0.892578
vt 0.291992 0.899414
vt 0.290039 0.899414
vt 0.262695 0.892578
vt 0.262695 0.899414
vt 0.074219 0.583008
vt 0.076172 0.583008
vt 0.076172 0.589844
vt 0.074219 0.589844
vt 0.384766 0.922852
vt 0.412109 0.922852
vt 0.412109 0.929688
vt 0.384766 0.929688
vt 0.319336 0.548828
vt 0.317383 0.548828
vt 0.317383 0.521484
vt 0.319336 0.521484
vt 0.321289 0.521484
vt 0.321289 0.548828
vt 0.450195 0.966797
vt 0.452148 0.966797
vt 0.452148 0.970703
vt 0.450195 0.970703
vt 0.396484 0.843750
vt 0.431641 0.843750
vt 0.431641 0.847656
vt 0.396484 0.847656
vt 0.213867 0.514648
vt 0.215820 0.514648
vt 0.215820 0.518555
vt 0.213867 0.518555
vt 0.400391 0.982422
vt 0.435547 0.982422
vt 0.435547 0.986328
vt 0.400391 0.986328
vt 0.253906 0.562500
vt 0.251953 0.562500
vt 0.251953 0.527344
vt 0.253906 0.527344
vt 0.255859 0.527344
vt 0.255859 0.562500
vt 0.173828 0.513672
vt 0.175781 0.513672
vt 0.175781 0.522461
vt 0.173828 0.522461
vt 0.371094 0.650391
vt 0.396484 0.650391
vt 0.396484 0.659180
vt 0.371094 0.659180
vt 0.327148 0.513672
vt 0.329102 0.513672
vt 0.329102 0.522461
vt 0.327148 0.522461
vt 0.373047 0.863281
vt 0.398438 0.863281
vt 0.398438 0.872070
vt 0.373047 0.872070
vt 0.134766 0.543945
vt 0.132812 0.543945
vt 0.132812 0.518555
vt 0.134766 0.518555
vt 0.154297 0.518555
vt 0.152344 0.518555
vt 0.152344 0.543945
vt 0.154297 0.543945
vt 0.215820 0.633789
vt 0.217773 0.643555
vt 0.215820 0.643555
vt 0.215820 0.624023
vt 0.237305 0.624023
vt 0.237305 0.633789
vt 0.056641 0.515625
vt 0.058594 0.515625
vt 0.058594 0.525391
vt 0.056641 0.525391
vt 0.375000 0.843750
vt 0.396484 0.853516
vt 0.375000 0.853516
vt 0.262695 0.687500
vt 0.260742 0.687500
vt 0.260742 0.666016
vt 0.262695 0.666016
vt 0.083984 0.515625
vt 0.082031 0.515625
vt 0.082031 0.537109
vt 0.083984 0.537109
vt 0.268555 0.514648
vt 0.270508 0.514648
vt 0.270508 0.518555
vt 0.268555 0.518555
vt 0.421875 0.945312
vt 0.443359 0.945312
vt 0.443359 0.949219
vt 0.421875 0.949219
vt 0.320312 0.513672
vt 0.322266 0.513672
vt 0.322266 0.517578
vt 0.320312 0.517578
vt 0.421875 0.941406
vt 0.443359 0.941406
vt 0.094727 0.537109
vt 0.092773 0.515625
vt 0.094727 0.515625
vt 0.290039 0.515625
vt 0.288086 0.515625
vt 0.288086 0.537109
vt 0.290039 0.537109
vt 0.315430 0.513672
vt 0.317383 0.513672
vt 0.317383 0.520508
vt 0.315430 0.520508
vt 0.399414 0.963867
vt 0.420898 0.963867
vt 0.420898 0.970703
vt 0.399414 0.970703
vt 0.340820 0.513672
vt 0.342773 0.513672
vt 0.342773 0.520508
vt 0.340820 0.520508
vt 0.399414 0.740234
vt 0.420898 0.740234
vt 0.420898 0.747070
vt 0.399414 0.747070
vt 0.291992 0.537109
vt 0.291992 0.515625
vt 0.293945 0.515625
vt 0.293945 0.537109
vt 0.338867 0.513672
vt 0.340820 0.517578
vt 0.338867 0.517578
vt 0.421875 0.849609
vt 0.443359 0.849609
vt 0.421875 0.853516
vt 0.397461 0.513672
vt 0.399414 0.513672
vt 0.399414 0.517578
vt 0.397461 0.517578
vt 0.421875 0.657227
vt 0.443359 0.657227
vt 0.443359 0.661133
vt 0.421875 0.661133
vt 0.295898 0.537109
vt 0.295898 0.515625
vt 0.297852 0.515625
vt 0.297852 0.537109
vt 0.415039 0.513672
vt 0.416992 0.513672
vt 0.416992 0.517578
vt 0.415039 0.517578
vt 0.400391 0.874023
vt 0.435547 0.874023
vt 0.435547 0.877930
vt 0.400391 0.877930
vt 0.045898 0.512695
vt 0.047852 0.512695
vt 0.047852 0.516602
vt 0.045898 0.516602
vt 0.436523 0.896484
vt 0.436523 0.900391
vt 0.401367 0.900391
vt 0.333008 0.562500
vt 0.331055 0.562500
vt 0.331055 0.527344
vt 0.333008 0.527344
vt 0.334961 0.527344
vt 0.334961 0.562500
vt 0.308594 0.864258
vt 0.310547 0.864258
vt 0.310547 0.872070
vt 0.308594 0.872070
vt 0.350586 0.816406
vt 0.384766 0.816406
vt 0.384766 0.824219
vt 0.033203 0.655273
vt 0.035156 0.655273
vt 0.035156 0.663086
vt 0.033203 0.663086
vt 0.359375 0.638672
vt 0.393555 0.638672
vt 0.393555 0.646484
vt 0.359375 0.646484
vt 0.017578 0.560547
vt 0.015625 0.526367
vt 0.017578 0.526367
vt 0.019531 0.526367
vt 0.049805 0.512695
vt 0.051758 0.512695
vt 0.051758 0.516602
vt 0.049805 0.516602
vt 0.439453 0.749023
vt 0.439453 0.752930
vt 0.053711 0.512695
vt 0.053711 0.516602
vt 0.409180 0.904297
vt 0.443359 0.904297
vt 0.443359 0.908203
vt 0.409180 0.908203
vt 0.077148 0.559570
vt 0.075195 0.559570
vt 0.075195 0.525391
vt 0.077148 0.525391
vt 0.079102 0.525391
vt 0.079102 0.559570
vt 0.346680 0.795898
vt 0.363281 0.813477
vt 0.346680 0.813477
vt 0.300781 0.795898
vt 0.327148 0.795898
vt 0.327148 0.813477
vt 0.300781 0.813477
vt 0.347656 0.982422
vt 0.364258 0.982422
vt 0.364258 1.000000
vt 0.347656 1.000000
vt 0.305664 0.934570
vt 0.332031 0.934570
vt 0.332031 0.952148
vt 0.305664 0.952148
vt 0.324219 0.760742
vt 0.307617 0.760742
vt 0.307617 0.734375
vt 0.182617 0.665039
vt 0.166016 0.665039
vt 0.166016 0.691406
vt 0.182617 0.691406
vt 0.483398 0.919922
vt 0.485352 0.919922
vt 0.485352 0.923828
vt 0.483398 0.923828
vt 0.412109 0.832031
vt 0.445312 0.832031
vt 0.445312 0.835938
vt 0.412109 0.835938
vt 0.483398 0.898438
vt 0.485352 0.898438
vt 0.485352 0.902344
vt 0.483398 0.902344
vt 0.412109 0.828125
vt 0.445312 0.828125
vt 0.173828 0.624023
vt 0.171875 0.624023
vt 0.171875 0.590820
vt 0.173828 0.590820
vt 0.095703 0.583008
vt 0.093750 0.583008
vt 0.093750 0.616211
vt 0.095703 0.616211
vt 0.404297 0.513672
vt 0.406250 0.513672
vt 0.406250 0.520508
vt 0.404297 0.520508
vt 0.366211 0.963867
vt 0.366211 0.970703
vt 0.408203 0.513672
vt 0.408203 0.520508
vt 0.368164 0.693359
vt 0.401367 0.693359
vt 0.401367 0.700195
vt 0.368164 0.700195
vt 0.247070 0.557617
vt 0.245117 0.557617
vt 0.245117 0.524414
vt 0.247070 0.524414
vt 0.136719 0.522461
vt 0.134766 0.522461
vt 0.134766 0.555664
vt 0.136719 0.555664
vt 0.418945 0.513672
vt 0.416992 0.521484
vt 0.393555 0.904297
vt 0.360352 0.904297
vt 0.446289 0.513672
vt 0.448242 0.513672
vt 0.448242 0.521484
vt 0.446289 0.521484
vt 0.361328 0.950195
vt 0.394531 0.950195
vt 0.394531 0.958008
vt 0.361328 0.958008
vt 0.165039 0.555664
vt 0.163086 0.522461
vt 0.165039 0.522461
vt 0.173828 0.555664
vt 0.175781 0.555664
vt 0.483398 0.890625
vt 0.485352 0.890625
vt 0.485352 0.894531
vt 0.483398 0.894531
vt 0.412109 0.757812
vt 0.443359 0.757812
vt 0.443359 0.761719
vt 0.412109 0.761719
vt 0.119141 0.512695
vt 0.121094 0.512695
vt 0.121094 0.516602
vt 0.119141 0.516602
vt 0.412109 0.753906
vt 0.443359 0.753906
vt 0.171875 0.551758
vt 0.169922 0.551758
vt 0.169922 0.520508
vt 0.171875 0.520508
vt 0.173828 0.520508
vt 0.173828 0.551758
vt 0.123047 0.512695
vt 0.123047 0.516602
vt 0.445312 0.824219
vt 0.127930 0.512695
vt 0.129883 0.512695
vt 0.129883 0.516602
vt 0.127930 0.516602
vt 0.412109 0.820312
vt 0.445312 0.820312
vt 0.300781 0.554688
vt 0.298828 0.554688
vt 0.298828 0.521484
vt 0.300781 0.521484
vt 0.038086 0.520508
vt 0.036133 0.520508
vt 0.036133 0.553711
vt 0.038086 0.553711
vt 0.260742 0.663086
vt 0.262695 0.663086
vt 0.443359 0.922852
vt 0.443359 0.925781
vt 0.412109 0.925781
vt 0.347656 0.979492
vt 0.349609 0.979492
vt 0.349609 0.982422
vt 0.413086 0.886719
vt 0.444336 0.886719
vt 0.444336 0.889648
vt 0.413086 0.889648
vt 0.104492 0.550781
vt 0.102539 0.550781
vt 0.102539 0.519531
vt 0.104492 0.519531
vt 0.106445 0.519531
vt 0.106445 0.550781
vt 0.170898 0.691406
vt 0.170898 0.702148
vt 0.166016 0.702148
vt 0.331055 0.903320
vt 0.360352 0.903320
vt 0.331055 0.914062
vt 0.325195 0.538086
vt 0.330078 0.538086
vt 0.330078 0.548828
vt 0.325195 0.548828
vt 0.331055 0.892578
vt 0.103516 0.597656
vt 0.098633 0.597656
vt 0.098633 0.568359
vt 0.103516 0.568359
vt 0.282227 0.564453
vt 0.277344 0.564453
vt 0.277344 0.593750
vt 0.282227 0.593750
vt 0.160156 0.543945
vt 0.163086 0.543945
vt 0.163086 0.547852
vt 0.160156 0.547852
vt 0.413086 0.802734
vt 0.442383 0.802734
vt 0.442383 0.806641
vt 0.480469 0.890625
vt 0.480469 0.894531
vt 0.415039 0.730469
vt 0.444336 0.730469
vt 0.444336 0.734375
vt 0.415039 0.734375
vt 0.054688 0.578125
vt 0.051758 0.578125
vt 0.051758 0.548828
vt 0.054688 0.548828
vt 0.285156 0.548828
vt 0.282227 0.548828
vt 0.282227 0.578125
vt 0.285156 0.578125
vt 0.327148 0.851562
vt 0.345703 0.851562
vt 0.345703 0.872070
vt 0.327148 0.872070
vt 0.247070 0.933594
vt 0.276367 0.933594
vt 0.276367 0.954102
vt 0.247070 0.954102
vt 0.329102 0.979492
vt 0.329102 1.000000
vt 0.276367 0.929688
vt 0.305664 0.929688
vt 0.305664 0.950195
vt 0.276367 0.950195
vt 0.216797 0.722656
vt 0.198242 0.722656
vt 0.198242 0.693359
vt 0.216797 0.693359
vt 0.190430 0.691406
vt 0.171875 0.691406
vt 0.171875 0.720703
vt 0.190430 0.720703
vt 0.115234 0.514648
vt 0.117188 0.514648
vt 0.117188 0.527344
vt 0.115234 0.527344
vt 0.228516 0.920898
vt 0.267578 0.920898
vt 0.267578 0.933594
vt 0.228516 0.933594
vt 0.119141 0.514648
vt 0.119141 0.527344
vt 0.288086 0.699219
vt 0.327148 0.699219
vt 0.327148 0.711914
vt 0.288086 0.711914
vt 0.281250 0.564453
vt 0.279297 0.564453
vt 0.279297 0.525391
vt 0.281250 0.525391
vt 0.145508 0.524414
vt 0.143555 0.524414
vt 0.143555 0.563477
vt 0.145508 0.563477
vt 0.448242 0.922852
vt 0.448242 0.923828
vt 0.443359 0.923828
vt 0.467773 0.779297
vt 0.494141 0.779297
vt 0.494141 0.780273
vt 0.467773 0.780273
vt 0.089844 0.514648
vt 0.094727 0.514648
vt 0.089844 0.515625
vt 0.468750 0.747070
vt 0.495117 0.747070
vt 0.495117 0.748047
vt 0.468750 0.748047
vt 0.125000 0.590820
vt 0.120117 0.590820
vt 0.120117 0.564453
vt 0.125000 0.564453
vt 0.129883 0.564453
vt 0.129883 0.590820
vt 0.097656 0.514648
vt 0.102539 0.514648
vt 0.102539 0.515625
vt 0.097656 0.515625
vt 0.468750 0.746094
vt 0.495117 0.746094
vt 0.484375 0.884766
vt 0.489258 0.884766
vt 0.489258 0.885742
vt 0.484375 0.885742
vt 0.468750 0.702148
vt 0.495117 0.702148
vt 0.495117 0.703125
vt 0.468750 0.703125
vt 0.170898 0.590820
vt 0.166016 0.590820
vt 0.166016 0.564453
vt 0.170898 0.564453
vt 0.239258 0.563477
vt 0.234375 0.563477
vt 0.234375 0.589844
vt 0.239258 0.589844
vt 0.484375 0.883789
vt 0.489258 0.883789
vt 0.262695 0.891602
vt 0.291016 0.891602
vt 0.291016 0.892578
vt 0.484375 0.867188
vt 0.489258 0.867188
vt 0.489258 0.868164
vt 0.484375 0.868164
vt 0.413086 0.801758
vt 0.441406 0.801758
vt 0.441406 0.802734
vt 0.413086 0.605469
vt 0.408203 0.605469
vt 0.408203 0.577148
vt 0.413086 0.577148
vt 0.064453 0.562500
vt 0.059570 0.562500
vt 0.064453 0.590820
vt 0.447266 0.649414
vt 0.475586 0.649414
vt 0.475586 0.651367
vt 0.420898 0.749023
vt 0.447266 0.647461
vt 0.475586 0.647461
vt 0.090820 0.577148
vt 0.087891 0.577148
vt 0.087891 0.548828
vt 0.090820 0.548828
vt 0.093750 0.548828
vt 0.093750 0.577148
vt 0.366211 0.982422
vt 0.366211 0.983398
vt 0.364258 0.983398
vt 0.458008 0.624023
vt 0.486328 0.624023
vt 0.486328 0.625000
vt 0.458008 0.625000
vt 0.213867 0.624023
vt 0.215820 0.625000
vt 0.213867 0.625000
vt 0.462891 0.879883
vt 0.491211 0.879883
vt 0.491211 0.880859
vt 0.462891 0.880859
vt 0.162109 0.617188
vt 0.160156 0.617188
vt 0.160156 0.588867
vt 0.162109 0.588867
vt 0.241211 0.521484
vt 0.239258 0.521484
vt 0.239258 0.549805
vt 0.241211 0.549805
vt 0.235352 0.623047
vt 0.237305 0.623047
vt 0.235352 0.624023
vt 0.468750 0.701172
vt 0.495117 0.701172
vt 0.332031 0.591797
vt 0.333984 0.591797
vt 0.333984 0.592773
vt 0.332031 0.592773
vt 0.469727 0.927734
vt 0.496094 0.927734
vt 0.496094 0.928711
vt 0.469727 0.928711
vt 0.410156 0.548828
vt 0.408203 0.548828
vt 0.408203 0.522461
vt 0.410156 0.522461
vt 0.085938 0.521484
vt 0.083984 0.521484
vt 0.083984 0.547852
vt 0.085938 0.547852
vt 0.171875 0.783203
vt 0.171875 0.784180
vt 0.469727 0.813477
vt 0.496094 0.813477
vt 0.496094 0.814453
vt 0.469727 0.814453
vt 0.421875 0.986328
vt 0.434570 0.986328
vt 0.434570 0.987305
vt 0.421875 0.987305
vt 0.469727 0.812500
vt 0.496094 0.812500
vt 0.095703 0.668945
vt 0.083008 0.668945
vt 0.095703 0.642578
vt 0.331055 0.641602
vt 0.318359 0.641602
vt 0.318359 0.667969
vt 0.331055 0.667969
vt 0.286133 0.920898
vt 0.287109 0.921875
vt 0.286133 0.921875
vt 0.474609 0.542969
vt 0.497070 0.542969
vt 0.291992 0.891602
vt 0.475586 0.983398
vt 0.498047 0.983398
vt 0.498047 0.984375
vt 0.475586 0.984375
vt 0.332031 0.584961
vt 0.331055 0.584961
vt 0.332031 0.562500
vt 0.305664 0.561523
vt 0.304688 0.561523
vt 0.304688 0.583984
vt 0.305664 0.583984
vt 0.250977 0.687500
vt 0.251953 0.687500
vt 0.251953 0.688477
vt 0.250977 0.688477
vt 0.483398 0.691406
vt 0.490234 0.691406
vt 0.490234 0.692383
vt 0.483398 0.692383
vt 0.189453 0.681641
vt 0.190430 0.681641
vt 0.190430 0.682617
vt 0.189453 0.682617
vt 0.483398 0.690430
vt 0.490234 0.690430
vt 0.282227 0.556641
vt 0.281250 0.556641
vt 0.281250 0.549805
vt 0.282227 0.549805
vt 0.154297 0.548828
vt 0.153320 0.548828
vt 0.153320 0.555664
vt 0.154297 0.555664
vt 0.465820 0.560547
vt 0.476562 0.560547
vt 0.476562 0.563477
vt 0.465820 0.563477
vt 0.332031 0.938477
vt 0.433594 0.938477
vt 0.433594 0.941406
vt 0.332031 0.941406
vt 0.466797 0.943359
vt 0.477539 0.943359
vt 0.477539 0.946289
vt 0.466797 0.946289
vt 0.332031 0.935547
vt 0.433594 0.935547
vt 0.124023 0.764648
vt 0.113281 0.764648
vt 0.113281 0.663086
vt 0.124023 0.663086
vt 0.134766 0.663086
vt 0.134766 0.764648
vt 0.170898 0.873047
vt 0.171875 0.873047
vt 0.171875 0.875977
vt 0.170898 0.875977
vt 0.440430 0.721680
vt 0.466797 0.721680
vt 0.466797 0.724609
vt 0.440430 0.724609
vt 0.362305 0.813477
vt 0.363281 0.816406
vt 0.362305 0.816406
vt 0.440430 0.718750
vt 0.466797 0.718750
vt 0.271484 0.633789
vt 0.270508 0.633789
vt 0.270508 0.607422
vt 0.271484 0.607422
vt 0.189453 0.602539
vt 0.188477 0.602539
vt 0.188477 0.628906
vt 0.189453 0.628906
vt 0.257812 0.515625
vt 0.259766 0.515625
vt 0.259766 0.525391
vt 0.257812 0.525391
vt 0.192383 0.615234
vt 0.192383 0.625000
vt 0.021484 0.514648
vt 0.023438 0.514648
vt 0.023438 0.524414
vt 0.021484 0.524414
vt 0.235352 0.614258
vt 0.360352 0.537109
vt 0.358398 0.537109
vt 0.358398 0.515625
vt 0.360352 0.515625
vt 0.362305 0.515625
vt 0.362305 0.537109
vt 0.346680 0.513672
vt 0.348633 0.513672
vt 0.348633 0.522461
vt 0.346680 0.522461
vt 0.373047 0.764648
vt 0.398438 0.764648
vt 0.398438 0.773438
vt 0.373047 0.773438
vt 0.350586 0.513672
vt 0.350586 0.522461
vt 0.374023 0.755859
vt 0.399414 0.755859
vt 0.399414 0.764648
vt 0.374023 0.764648
vt 0.270508 0.543945
vt 0.268555 0.543945
vt 0.257812 0.516602
vt 0.255859 0.516602
vt 0.255859 0.541992
vt 0.257812 0.541992
vt 0.472656 0.946289
vt 0.481445 0.946289
vt 0.481445 0.949219
vt 0.472656 0.949219
vt 0.420898 0.556641
vt 0.447266 0.556641
vt 0.447266 0.559570
vt 0.420898 0.559570
vt 0.472656 0.787109
vt 0.481445 0.787109
vt 0.481445 0.790039
vt 0.472656 0.790039
vt 0.441406 0.960938
vt 0.467773 0.960938
vt 0.467773 0.963867
vt 0.441406 0.963867
vt 0.375000 1.000000
vt 0.366211 1.000000
vt 0.366211 0.973633
vt 0.375000 0.973633
vt 0.122070 0.607422
vt 0.113281 0.607422
vt 0.113281 0.633789
vt 0.122070 0.633789
vt 0.466797 0.767578
vt 0.477539 0.767578
vt 0.477539 0.770508
vt 0.466797 0.770508
vt 0.451172 0.987305
vt 0.451172 0.990234
vt 0.421875 0.990234
vt 0.466797 0.706055
vt 0.477539 0.706055
vt 0.477539 0.708984
vt 0.466797 0.708984
vt 0.421875 0.955078
vt 0.451172 0.955078
vt 0.451172 0.958008
vt 0.421875 0.958008
vt 0.124023 0.633789
vt 0.134766 0.633789
vt 0.433594 0.513672
vt 0.435547 0.513672
vt 0.435547 0.520508
vt 0.433594 0.520508
vt 0.368164 0.686523
vt 0.401367 0.686523
vt 0.437500 0.513672
vt 0.437500 0.520508
vt 0.368164 0.679688
vt 0.401367 0.679688
vt 0.132812 0.553711
vt 0.130859 0.553711
vt 0.130859 0.520508
vt 0.132812 0.520508
vt 0.138672 0.520508
vt 0.136719 0.520508
vt 0.136719 0.553711
vt 0.138672 0.553711
vt 0.469727 0.765625
vt 0.469727 0.767578
vt 0.406250 0.830078
vt 0.406250 0.832031
vt 0.468750 0.847656
vt 0.471680 0.847656
vt 0.471680 0.849609
vt 0.468750 0.849609
vt 0.448242 0.746094
vt 0.448242 0.748047
vt 0.110352 0.716797
vt 0.107422 0.716797
vt 0.107422 0.696289
vt 0.110352 0.696289
vt 0.397461 0.530273
vt 0.394531 0.530273
vt 0.394531 0.550781
vt 0.397461 0.550781
vt 0.235352 0.589844
vt 0.235352 0.590820
vt 0.234375 0.590820
vt 0.484375 0.762695
vt 0.488281 0.762695
vt 0.488281 0.763672
vt 0.484375 0.763672
vt 0.412109 0.638672
vt 0.413086 0.638672
vt 0.413086 0.639648
vt 0.412109 0.639648
vt 0.484375 0.761719
vt 0.488281 0.761719
vt 0.333984 0.801758
vt 0.333008 0.801758
vt 0.333008 0.797852
vt 0.333984 0.797852
vt 0.374023 0.760742
vt 0.373047 0.760742
vt 0.016602 0.585938
vt 0.016602 0.586914
vt 0.015625 0.586914
vt 0.435547 0.987305
vt 0.443359 0.734375
vt 0.444336 0.735352
vt 0.443359 0.735352
vt 0.037109 0.555664
vt 0.036133 0.555664
vt 0.036133 0.554688
vt 0.037109 0.554688
vt 0.137695 0.554688
vt 0.136719 0.554688
vt 0.137695 0.555664
vt 0.333984 0.514648
vt 0.335938 0.514648
vt 0.335938 0.527344
vt 0.333984 0.527344
vt 0.290039 0.987305
vt 0.329102 0.987305
vt 0.290039 1.000000
vt 0.350586 0.514648
vt 0.352539 0.514648
vt 0.352539 0.527344
vt 0.350586 0.527344
vt 0.290039 0.974609
vt 0.329102 0.974609
vt 0.147461 0.563477
vt 0.147461 0.524414
vt 0.235352 0.524414
vt 0.233398 0.524414
vt 0.233398 0.563477
vt 0.235352 0.563477
vt 0.483398 0.806641
vt 0.491211 0.806641
vt 0.491211 0.807617
vt 0.483398 0.807617
vt 0.444336 0.812500
vt 0.445312 0.812500
vt 0.445312 0.813477
vt 0.444336 0.813477
vt 0.483398 0.805664
vt 0.491211 0.805664
vt 0.483398 0.804688
vt 0.491211 0.804688
vt 0.491211 0.803711
vt 0.483398 0.803711
vt 0.483398 0.568359
vt 0.490234 0.568359
vt 0.490234 0.569336
vt 0.483398 0.569336
vt 0.137695 0.553711
vt 0.483398 0.567383
vt 0.490234 0.567383
vt 0.300781 0.553711
vt 0.301758 0.553711
vt 0.301758 0.554688
vt 0.469727 0.516602
vt 0.462891 0.516602
vt 0.462891 0.515625
vt 0.469727 0.515625
vt 0.490234 0.536133
vt 0.483398 0.536133
vt 0.483398 0.537109
vt 0.490234 0.537109
vt 0.257812 0.514648
vt 0.261719 0.514648
vt 0.261719 0.515625
vt 0.445312 0.761719
vt 0.455078 0.761719
vt 0.455078 0.762695
vt 0.484375 0.729492
vt 0.488281 0.729492
vt 0.488281 0.730469
vt 0.484375 0.730469
vt 0.457031 0.556641
vt 0.457031 0.557617
vt 0.447266 0.557617
vt 0.179688 0.534180
vt 0.175781 0.534180
vt 0.175781 0.524414
vt 0.179688 0.524414
vt 0.196289 0.524414
vt 0.192383 0.524414
vt 0.192383 0.534180
vt 0.196289 0.534180
vt 0.402344 0.854492
vt 0.414062 0.854492
vt 0.414062 0.866211
vt 0.402344 0.866211
vt 0.098633 0.657227
vt 0.099609 0.657227
vt 0.099609 0.668945
vt 0.098633 0.668945
vt 0.420898 0.908203
vt 0.420898 0.919922
vt 0.409180 0.919922
vt 0.333984 0.813477
vt 0.333008 0.813477
vt 0.402344 0.853516
vt 0.414062 0.853516
vt 0.455078 0.943359
vt 0.455078 0.944336
vt 0.466797 0.944336
vt 0.036133 0.516602
vt 0.040039 0.516602
vt 0.040039 0.520508
vt 0.368164 0.515625
vt 0.371094 0.515625
vt 0.371094 0.519531
vt 0.368164 0.519531
vt 0.479492 0.957031
vt 0.483398 0.957031
vt 0.483398 0.960938
vt 0.479492 0.960938
vt 0.399414 0.515625
vt 0.402344 0.515625
vt 0.402344 0.519531
vt 0.399414 0.519531
vt 0.466797 0.519531
vt 0.462891 0.519531
vt 0.466797 0.516602
vt 0.006836 0.515625
vt 0.002930 0.515625
vt 0.002930 0.518555
vt 0.006836 0.518555
vt 0.442383 0.782227
vt 0.467773 0.782227
vt 0.445312 0.737305
vt 0.465820 0.737305
vt 0.465820 0.740234
vt 0.445312 0.740234
vt 0.442383 0.779297
vt 0.447266 0.792969
vt 0.467773 0.792969
vt 0.467773 0.795898
vt 0.447266 0.795898
vt 0.025391 0.712891
vt 0.000000 0.712891
vt 0.000000 0.692383
vt 0.025391 0.692383
vt 0.288086 0.732422
vt 0.313477 0.732422
vt 0.409180 0.688477
vt 0.420898 0.688477
vt 0.420898 0.700195
vt 0.409180 0.700195
vt 0.040039 0.597656
vt 0.041016 0.597656
vt 0.041016 0.609375
vt 0.040039 0.609375
vt 0.293945 0.578125
vt 0.293945 0.589844
vt 0.282227 0.589844
vt 0.020508 0.585938
vt 0.021484 0.585938
vt 0.021484 0.597656
vt 0.020508 0.597656
vt 0.491211 0.750977
vt 0.479492 0.750977
vt 0.479492 0.750000
vt 0.491211 0.750000
vt 0.491211 0.710938
vt 0.479492 0.710938
vt 0.479492 0.711914
vt 0.491211 0.711914
vt 0.043945 0.516602
vt 0.043945 0.520508
vt 0.481445 0.945312
vt 0.484375 0.945312
vt 0.484375 0.949219
vt 0.047852 0.520508
vt 0.481445 0.941406
vt 0.484375 0.941406
vt 0.101562 0.518555
vt 0.097656 0.518555
vt 0.101562 0.515625
vt 0.485352 0.875000
vt 0.481445 0.875000
vt 0.481445 0.877930
vt 0.485352 0.877930
vt 0.469727 0.880859
vt 0.469727 0.886719
vt 0.462891 0.886719
vt 0.414062 0.859375
vt 0.463867 0.976562
vt 0.470703 0.976562
vt 0.470703 0.982422
vt 0.463867 0.982422
vt 0.074219 0.577148
vt 0.094727 0.577148
vt 0.094727 0.583008
vt 0.343750 0.591797
vt 0.336914 0.591797
vt 0.336914 0.571289
vt 0.343750 0.571289
vt 0.386719 0.571289
vt 0.379883 0.571289
vt 0.386719 0.591797
vt 0.375000 0.514648
vt 0.377930 0.514648
vt 0.377930 0.517578
vt 0.375000 0.517578
vt 0.363281 0.782227
vt 0.394531 0.514648
vt 0.397461 0.514648
vt 0.394531 0.517578
vt 0.363281 0.779297
vt 0.012695 0.633789
vt 0.009766 0.633789
vt 0.009766 0.554688
vt 0.012695 0.554688
vt 0.015625 0.554688
vt 0.015625 0.633789
vt 0.466797 0.548828
vt 0.477539 0.548828
vt 0.477539 0.551758
vt 0.466797 0.551758
vt 0.363281 0.776367
vt 0.442383 0.776367
vt 0.478516 0.797852
vt 0.478516 0.800781
vt 0.445312 0.970703
vt 0.445312 0.973633
vt 0.071289 0.762695
vt 0.071289 0.683594
vt 0.082031 0.683594
vt 0.082031 0.762695
vt 0.451172 0.812500
vt 0.463867 0.814453
vt 0.400391 0.872070
vt 0.450195 0.872070
vt 0.450195 0.874023
vt 0.473633 0.939453
vt 0.486328 0.939453
vt 0.486328 0.941406
vt 0.473633 0.941406
vt 0.402344 0.614258
vt 0.452148 0.614258
vt 0.452148 0.616211
vt 0.402344 0.616211
vt 0.269531 0.718750
vt 0.282227 0.718750
vt 0.277344 0.950195
vt 0.277344 1.000000
vt 0.484375 0.728516
vt 0.488281 0.728516
vt 0.473633 0.938477
vt 0.499023 0.938477
vt 0.499023 0.939453
vt 0.484375 0.727539
vt 0.488281 0.727539
vt 0.473633 0.937500
vt 0.499023 0.937500
vt 0.033203 0.584961
vt 0.033203 0.559570
vt 0.037109 0.559570
vt 0.158203 0.558594
vt 0.154297 0.558594
vt 0.154297 0.583984
vt 0.158203 0.583984
vt 0.484375 0.726562
vt 0.488281 0.726562
vt 0.483398 0.800781
vt 0.491211 0.800781
vt 0.491211 0.801758
vt 0.483398 0.801758
vt 0.484375 0.725586
vt 0.488281 0.725586
vt 0.483398 0.799805
vt 0.491211 0.799805
vt 0.473633 0.835938
vt 0.469727 0.835938
vt 0.469727 0.828125
vt 0.473633 0.828125
vt 0.473633 0.820312
vt 0.469727 0.820312
vt 0.485352 0.781250
vt 0.488281 0.781250
vt 0.488281 0.782227
vt 0.485352 0.782227
vt 0.458008 0.627930
vt 0.489258 0.627930
vt 0.489258 0.628906
vt 0.458008 0.628906
vt 0.257812 0.513672
vt 0.260742 0.513672
vt 0.260742 0.514648
vt 0.489258 0.625000
vt 0.489258 0.625977
vt 0.458008 0.625977
vt 0.269531 0.583984
vt 0.266602 0.583984
vt 0.266602 0.552734
vt 0.269531 0.552734
vt 0.304688 0.552734
vt 0.301758 0.552734
vt 0.301758 0.583984
vt 0.483398 0.798828
vt 0.491211 0.798828
vt 0.475586 0.954102
vt 0.498047 0.954102
vt 0.498047 0.955078
vt 0.475586 0.955078
vt 0.483398 0.797852
vt 0.491211 0.797852
vt 0.475586 0.953125
vt 0.498047 0.953125
vt 0.075195 0.613281
vt 0.075195 0.590820
vt 0.122070 0.590820
vt 0.122070 0.613281
vt 0.129883 0.613281
vt 0.484375 0.724609
vt 0.488281 0.724609
vt 0.452148 0.964844
vt 0.461914 0.964844
vt 0.461914 0.965820
vt 0.452148 0.965820
vt 0.484375 0.713867
vt 0.488281 0.713867
vt 0.488281 0.714844
vt 0.484375 0.714844
vt 0.454102 0.976562
vt 0.463867 0.977539
vt 0.454102 0.977539
vt 0.200195 0.534180
vt 0.200195 0.524414
vt 0.204102 0.524414
vt 0.204102 0.534180
vt 0.315430 0.549805
vt 0.316406 0.549805
vt 0.316406 0.550781
vt 0.315430 0.550781
vt 0.483398 0.520508
vt 0.490234 0.520508
vt 0.490234 0.521484
vt 0.483398 0.521484
vt 0.281250 0.548828
vt 0.483398 0.519531
vt 0.490234 0.519531
vt 0.092773 0.548828
vt 0.092773 0.541992
vt 0.093750 0.541992
vt 0.166016 0.541992
vt 0.165039 0.541992
vt 0.165039 0.548828
vt 0.166016 0.548828
vt 0.064453 0.512695
vt 0.066406 0.512695
vt 0.066406 0.519531
vt 0.064453 0.519531
vt 0.384766 0.817383
vt 0.412109 0.817383
vt 0.068359 0.512695
vt 0.068359 0.519531
vt 0.385742 0.886719
vt 0.413086 0.893555
vt 0.323242 0.548828
vt 0.323242 0.521484
vt 0.325195 0.521484
vt 0.155273 0.512695
vt 0.157227 0.512695
vt 0.157227 0.516602
vt 0.155273 0.516602
vt 0.402344 0.620117
vt 0.437500 0.620117
vt 0.437500 0.624023
vt 0.402344 0.624023
vt 0.175781 0.512695
vt 0.177734 0.512695
vt 0.177734 0.516602
vt 0.175781 0.516602
vt 0.437500 0.616211
vt 0.336914 0.562500
vt 0.336914 0.527344
vt 0.273438 0.526367
vt 0.271484 0.526367
vt 0.273438 0.561523
vt 0.410156 0.513672
vt 0.374023 0.747070
vt 0.264648 0.512695
vt 0.266602 0.512695
vt 0.266602 0.521484
vt 0.264648 0.521484
vt 0.288086 0.540039
vt 0.286133 0.540039
vt 0.286133 0.514648
vt 0.288086 0.514648
vt 0.457031 0.514648
vt 0.455078 0.514648
vt 0.455078 0.540039
vt 0.457031 0.540039
vt 0.145508 0.514648
vt 0.147461 0.514648
vt 0.359375 0.614258
vt 0.380859 0.614258
vt 0.380859 0.624023
vt 0.359375 0.624023
vt 0.244141 0.514648
vt 0.246094 0.514648
vt 0.246094 0.524414
vt 0.244141 0.524414
vt 0.380859 0.853516
vt 0.402344 0.863281
vt 0.380859 0.863281
vt 0.412109 0.537109
vt 0.410156 0.537109
vt 0.410156 0.515625
vt 0.412109 0.515625
vt 0.108398 0.514648
vt 0.106445 0.514648
vt 0.106445 0.536133
vt 0.108398 0.536133
vt 0.179688 0.512695
vt 0.179688 0.516602
vt 0.421875 0.653320
vt 0.443359 0.653320
vt 0.181641 0.512695
vt 0.183594 0.512695
vt 0.183594 0.516602
vt 0.181641 0.516602
vt 0.423828 0.868164
vt 0.445312 0.868164
vt 0.423828 0.872070
vt 0.110352 0.536133
vt 0.110352 0.514648
vt 0.249023 0.514648
vt 0.247070 0.514648
vt 0.247070 0.536133
vt 0.249023 0.536133
vt 0.070312 0.512695
vt 0.070312 0.519531
vt 0.400391 0.993164
vt 0.421875 0.993164
vt 0.421875 1.000000
vt 0.400391 1.000000
vt 0.072266 0.512695
vt 0.072266 0.519531
vt 0.458984 0.536133
vt 0.457031 0.536133
vt 0.458984 0.514648
vt 0.460938 0.514648
vt 0.460938 0.536133
vt 0.185547 0.512695
vt 0.185547 0.516602
vt 0.424805 0.978516
vt 0.446289 0.978516
vt 0.446289 0.982422
vt 0.424805 0.982422
vt 0.198242 0.512695
vt 0.200195 0.512695
vt 0.200195 0.516602
vt 0.198242 0.516602
vt 0.424805 0.974609
vt 0.446289 0.974609
vt 0.221680 0.535156
vt 0.219727 0.535156
vt 0.219727 0.513672
vt 0.221680 0.513672
vt 0.223633 0.513672
vt 0.223633 0.535156
vt 0.202148 0.512695
vt 0.202148 0.516602
vt 0.404297 0.714844
vt 0.439453 0.714844
vt 0.439453 0.718750
vt 0.404297 0.718750
vt 0.483398 0.791992
vt 0.485352 0.791992
vt 0.485352 0.795898
vt 0.483398 0.795898
vt 0.404297 0.710938
vt 0.439453 0.710938
vt 0.275391 0.561523
vt 0.275391 0.526367
vt 0.277344 0.526367
vt 0.450195 0.513672
vt 0.450195 0.521484
vt 0.360352 0.912109
vt 0.394531 0.912109
vt 0.394531 0.919922
vt 0.360352 0.919922
vt 0.460938 0.513672
vt 0.462891 0.513672
vt 0.462891 0.521484
vt 0.460938 0.521484
vt 0.394531 0.904297
vt 0.097656 0.559570
vt 0.095703 0.559570
vt 0.095703 0.525391
vt 0.097656 0.525391
vt 0.257812 0.559570
vt 0.259766 0.559570
vt 0.215820 0.512695
vt 0.217773 0.512695
vt 0.217773 0.516602
vt 0.215820 0.516602
vt 0.409180 0.900391
vt 0.443359 0.900391
vt 0.219727 0.512695
vt 0.219727 0.516602
vt 0.446289 0.925781
vt 0.446289 0.929688
vt 0.156250 0.558594
vt 0.154297 0.524414
vt 0.156250 0.524414
vt 0.158203 0.524414
vt 0.000000 0.633789
vt 0.016602 0.633789
vt 0.016602 0.651367
vt 0.000000 0.651367
vt 0.307617 0.778320
vt 0.333984 0.778320
vt 0.333984 0.795898
vt 0.307617 0.795898
vt 0.349609 0.964844
vt 0.366211 0.964844
vt 0.333984 0.760742
vt 0.310547 0.845703
vt 0.327148 0.845703
vt 0.279297 0.663086
vt 0.279297 0.689453
vt 0.232422 0.512695
vt 0.234375 0.512695
vt 0.234375 0.516602
vt 0.232422 0.516602
vt 0.412109 0.816406
vt 0.445312 0.816406
vt 0.236328 0.512695
vt 0.236328 0.516602
vt 0.412109 0.769531
vt 0.445312 0.769531
vt 0.445312 0.773438
vt 0.140625 0.553711
vt 0.140625 0.520508
vt 0.142578 0.520508
vt 0.142578 0.553711
vt 0.074219 0.512695
vt 0.074219 0.519531
vt 0.368164 0.672852
vt 0.401367 0.672852
vt 0.076172 0.512695
vt 0.076172 0.519531
vt 0.392578 0.624023
vt 0.392578 0.630859
vt 0.359375 0.630859
vt 0.066406 0.552734
vt 0.064453 0.552734
vt 0.068359 0.552734
vt 0.023438 0.512695
vt 0.025391 0.512695
vt 0.025391 0.520508
vt 0.023438 0.520508
vt 0.361328 0.942383
vt 0.394531 0.942383
vt 0.049805 0.520508
vt 0.392578 0.638672
vt 0.070312 0.552734
vt 0.072266 0.552734
vt 0.483398 0.751953
vt 0.485352 0.751953
vt 0.485352 0.755859
vt 0.483398 0.755859
vt 0.255859 0.512695
vt 0.257812 0.512695
vt 0.444336 0.816406
vt 0.413086 0.816406
vt 0.313477 0.550781
vt 0.313477 0.519531
vt 0.315430 0.519531
vt 0.369141 0.519531
vt 0.367188 0.519531
vt 0.367188 0.550781
vt 0.369141 0.550781
vt 0.277344 0.512695
vt 0.279297 0.512695
vt 0.279297 0.516602
vt 0.277344 0.516602
vt 0.412109 0.765625
vt 0.281250 0.512695
vt 0.281250 0.516602
vt 0.074219 0.552734
vt 0.268555 0.519531
vt 0.266602 0.519531
vt 0.268555 0.552734
vt 0.450195 0.540039
vt 0.452148 0.540039
vt 0.452148 0.542969
vt 0.450195 0.542969
vt 0.452148 0.963867
vt 0.420898 0.966797
vt 0.392578 0.513672
vt 0.394531 0.513672
vt 0.394531 0.516602
vt 0.392578 0.516602
vt 0.420898 0.690430
vt 0.452148 0.690430
vt 0.452148 0.693359
vt 0.420898 0.693359
vt 0.371094 0.550781
vt 0.373047 0.519531
vt 0.373047 0.550781
vt 0.342773 0.538086
vt 0.347656 0.538086
vt 0.347656 0.548828
vt 0.342773 0.548828
vt 0.361328 0.941406
vt 0.361328 0.952148
vt 0.079102 0.537109
vt 0.079102 0.547852
vt 0.333984 0.776367
vt 0.363281 0.787109
vt 0.333984 0.787109
vt 0.255859 0.591797
vt 0.250977 0.591797
vt 0.250977 0.562500
vt 0.112305 0.514648
vt 0.115234 0.518555
vt 0.112305 0.518555
vt 0.417969 0.625977
vt 0.447266 0.625977
vt 0.447266 0.629883
vt 0.417969 0.629883
vt 0.131836 0.514648
vt 0.134766 0.514648
vt 0.131836 0.518555
vt 0.291016 0.578125
vt 0.291016 0.548828
vt 0.293945 0.548828
vt 0.082031 0.547852
vt 0.079102 0.577148
vt 0.082031 0.577148
vt 0.064453 0.668945
vt 0.281250 0.843750
vt 0.310547 0.843750
vt 0.281250 0.864258
vt 0.349609 0.934570
vt 0.331055 0.934570
vt 0.281250 0.823242
vt 0.310547 0.823242
vt 0.288086 0.718750
vt 0.288086 0.689453
vt 0.300781 0.793945
vt 0.282227 0.823242
vt 0.300781 0.823242
vt 0.354492 0.514648
vt 0.354492 0.527344
vt 0.290039 0.961914
vt 0.329102 0.961914
vt 0.356445 0.514648
vt 0.356445 0.527344
vt 0.291992 0.916992
vt 0.331055 0.916992
vt 0.331055 0.929688
vt 0.237305 0.563477
vt 0.237305 0.524414
vt 0.239258 0.524414
vt 0.484375 0.818359
vt 0.489258 0.818359
vt 0.489258 0.819336
vt 0.484375 0.819336
vt 0.469727 0.609375
vt 0.496094 0.609375
vt 0.496094 0.610352
vt 0.469727 0.610352
vt 0.484375 0.817383
vt 0.489258 0.817383
vt 0.469727 0.608398
vt 0.496094 0.608398
vt 0.298828 0.589844
vt 0.293945 0.563477
vt 0.298828 0.563477
vt 0.363281 0.563477
vt 0.358398 0.563477
vt 0.358398 0.589844
vt 0.363281 0.589844
vt 0.450195 0.514648
vt 0.453125 0.514648
vt 0.453125 0.516602
vt 0.450195 0.516602
vt 0.475586 0.625977
vt 0.475586 0.627930
vt 0.447266 0.627930
vt 0.002930 0.513672
vt 0.005859 0.513672
vt 0.005859 0.515625
vt 0.475586 0.557617
vt 0.475586 0.559570
vt 0.325195 0.577148
vt 0.322266 0.577148
vt 0.322266 0.548828
vt 0.328125 0.548828
vt 0.328125 0.577148
vt 0.428711 0.681641
vt 0.430664 0.681641
vt 0.430664 0.682617
vt 0.428711 0.682617
vt 0.465820 0.559570
vt 0.494141 0.559570
vt 0.494141 0.560547
vt 0.279297 0.524414
vt 0.281250 0.524414
vt 0.466797 0.705078
vt 0.495117 0.705078
vt 0.495117 0.706055
vt 0.375000 0.549805
vt 0.373047 0.549805
vt 0.373047 0.521484
vt 0.375000 0.521484
vt 0.315430 0.548828
vt 0.476562 0.791992
vt 0.478516 0.791992
vt 0.478516 0.792969
vt 0.476562 0.792969
vt 0.471680 0.861328
vt 0.498047 0.861328
vt 0.498047 0.862305
vt 0.471680 0.862305
vt 0.034180 0.516602
vt 0.036133 0.517578
vt 0.034180 0.517578
vt 0.471680 0.860352
vt 0.498047 0.860352
vt 0.182617 0.544922
vt 0.180664 0.544922
vt 0.180664 0.518555
vt 0.182617 0.518555
vt 0.034180 0.543945
vt 0.036133 0.543945
vt 0.490234 0.706055
vt 0.490234 0.707031
vt 0.477539 0.707031
vt 0.471680 0.564453
vt 0.498047 0.564453
vt 0.498047 0.565430
vt 0.471680 0.565430
vt 0.479492 0.918945
vt 0.492188 0.918945
vt 0.492188 0.919922
vt 0.479492 0.919922
vt 0.471680 0.563477
vt 0.498047 0.563477
vt 0.343750 0.667969
vt 0.343750 0.641602
vt 0.346680 0.787109
vt 0.316406 0.548828
vt 0.475586 0.926758
vt 0.498047 0.926758
vt 0.498047 0.927734
vt 0.475586 0.927734
vt 0.153320 0.547852
vt 0.154297 0.547852
vt 0.475586 0.925781
vt 0.498047 0.925781
vt 0.098633 0.559570
vt 0.097656 0.537109
vt 0.098633 0.537109
vt 0.260742 0.537109
vt 0.259766 0.537109
vt 0.260742 0.559570
vt 0.175781 0.547852
vt 0.176758 0.547852
vt 0.176758 0.548828
vt 0.175781 0.548828
vt 0.480469 0.515625
vt 0.487305 0.515625
vt 0.487305 0.516602
vt 0.480469 0.516602
vt 0.292969 0.547852
vt 0.293945 0.547852
vt 0.292969 0.548828
vt 0.483398 0.518555
vt 0.490234 0.518555
vt 0.331055 0.548828
vt 0.330078 0.541992
vt 0.331055 0.541992
vt 0.348633 0.541992
vt 0.347656 0.541992
vt 0.348633 0.548828
vt 0.058594 0.562500
vt 0.058594 0.565430
vt 0.441406 0.958008
vt 0.467773 0.958008
vt 0.342773 0.560547
vt 0.343750 0.560547
vt 0.343750 0.563477
vt 0.342773 0.563477
vt 0.441406 0.742188
vt 0.467773 0.742188
vt 0.467773 0.745117
vt 0.441406 0.745117
vt 0.257812 0.625000
vt 0.256836 0.625000
vt 0.256836 0.598633
vt 0.257812 0.598633
vt 0.020508 0.624023
vt 0.021484 0.624023
vt 0.134766 0.512695
vt 0.136719 0.512695
vt 0.163086 0.512695
vt 0.165039 0.512695
vt 0.382812 0.708984
vt 0.404297 0.708984
vt 0.382812 0.718750
vt 0.225586 0.535156
vt 0.225586 0.513672
vt 0.227539 0.513672
vt 0.227539 0.535156
vt 0.322266 0.512695
vt 0.324219 0.512695
vt 0.324219 0.521484
vt 0.322266 0.521484
vt 0.375000 0.991211
vt 0.400391 0.991211
vt 0.373047 0.512695
vt 0.375000 0.512695
vt 0.375000 0.982422
vt 0.056641 0.538086
vt 0.054688 0.538086
vt 0.054688 0.512695
vt 0.056641 0.512695
vt 0.327148 0.512695
vt 0.325195 0.512695
vt 0.327148 0.538086
vt 0.078125 0.512695
vt 0.078125 0.519531
vt 0.371094 0.666016
vt 0.404297 0.666016
vt 0.404297 0.672852
vt 0.371094 0.672852
vt 0.102539 0.512695
vt 0.104492 0.512695
vt 0.404297 0.659180
vt 0.302734 0.552734
vt 0.300781 0.552734
vt 0.300781 0.519531
vt 0.302734 0.519531
vt 0.304688 0.519531
vt 0.029297 0.546875
vt 0.030273 0.546875
vt 0.030273 0.547852
vt 0.029297 0.547852
vt 0.484375 0.712891
vt 0.488281 0.712891
vt 0.153320 0.546875
vt 0.154297 0.546875
vt 0.484375 0.711914
vt 0.488281 0.711914
vt 0.060547 0.617188
vt 0.059570 0.617188
vt 0.060547 0.613281
vt 0.283203 0.589844
vt 0.283203 0.593750
vt 0.175781 0.546875
vt 0.176758 0.546875
vt 0.452148 0.637695
vt 0.453125 0.637695
vt 0.453125 0.638672
vt 0.452148 0.638672
vt 0.452148 0.636719
vt 0.453125 0.636719
vt 0.452148 0.635742
vt 0.453125 0.635742
vt 0.029297 0.545898
vt 0.030273 0.545898
vt 0.154297 0.545898
vt 0.153320 0.545898
vt 0.358398 0.514648
vt 0.358398 0.527344
vt 0.291992 0.904297
vt 0.331055 0.904297
vt 0.386719 0.514648
vt 0.388672 0.514648
vt 0.388672 0.527344
vt 0.386719 0.527344
vt 0.331055 0.891602
vt 0.365234 0.563477
vt 0.363281 0.524414
vt 0.365234 0.524414
vt 0.367188 0.524414
vt 0.367188 0.563477
vt 0.483398 0.744141
vt 0.491211 0.744141
vt 0.491211 0.745117
vt 0.483398 0.745117
vt 0.175781 0.545898
vt 0.176758 0.545898
vt 0.483398 0.743164
vt 0.491211 0.743164
vt 0.029297 0.544922
vt 0.030273 0.544922
vt 0.483398 0.742188
vt 0.491211 0.742188
vt 0.491211 0.717773
vt 0.483398 0.717773
vt 0.483398 0.718750
vt 0.491211 0.718750
vt 0.483398 0.517578
vt 0.490234 0.517578
vt 0.153320 0.544922
vt 0.154297 0.544922
vt 0.483398 0.516602
vt 0.490234 0.516602
vt 0.175781 0.544922
vt 0.176758 0.544922
vt 0.491211 0.982422
vt 0.484375 0.982422
vt 0.484375 0.981445
vt 0.491211 0.981445
vt 0.491211 0.980469
vt 0.484375 0.980469
vt 0.190430 0.514648
vt 0.195312 0.514648
vt 0.195312 0.515625
vt 0.190430 0.515625
vt 0.466797 0.704102
vt 0.495117 0.704102
vt 0.204102 0.514648
vt 0.208984 0.514648
vt 0.208984 0.515625
vt 0.204102 0.515625
vt 0.496094 0.780273
vt 0.496094 0.781250
vt 0.467773 0.781250
vt 0.069336 0.590820
vt 0.069336 0.562500
vt 0.074219 0.562500
vt 0.074219 0.590820
vt 0.064453 0.559570
vt 0.074219 0.559570
vt 0.442383 0.803711
vt 0.468750 0.803711
vt 0.468750 0.806641
vt 0.479492 0.928711
vt 0.479492 0.931641
vt 0.469727 0.931641
vt 0.468750 0.800781
vt 0.085938 0.642578
vt 0.076172 0.616211
vt 0.085938 0.616211
vt 0.478516 0.795898
vt 0.421875 0.952148
vt 0.451172 0.952148
vt 0.478516 0.742188
vt 0.478516 0.745117
vt 0.148438 0.663086
vt 0.137695 0.663086
vt 0.137695 0.633789
vt 0.148438 0.633789
vt 0.260742 0.633789
vt 0.412109 0.514648
vt 0.415039 0.514648
vt 0.412109 0.517578
vt 0.338867 0.727539
vt 0.440430 0.727539
vt 0.440430 0.730469
vt 0.338867 0.730469
vt 0.427734 0.514648
vt 0.430664 0.514648
vt 0.430664 0.517578
vt 0.427734 0.517578
vt 0.338867 0.724609
vt 0.310547 0.658203
vt 0.307617 0.658203
vt 0.307617 0.556641
vt 0.310547 0.556641
vt 0.313477 0.556641
vt 0.313477 0.658203
vt 0.476562 0.899414
vt 0.483398 0.899414
vt 0.476562 0.902344
vt 0.338867 0.721680
vt 0.476562 0.896484
vt 0.483398 0.896484
vt 0.338867 0.718750
vt 0.231445 0.735352
vt 0.231445 0.633789
vt 0.238281 0.633789
vt 0.468750 0.967773
vt 0.479492 0.967773
vt 0.479492 0.970703
vt 0.468750 0.970703
vt 0.339844 0.960938
vt 0.339844 0.963867
vt 0.468750 0.964844
vt 0.479492 0.964844
vt 0.145508 0.764648
vt 0.145508 0.663086
vt 0.156250 0.663086
vt 0.156250 0.764648
vt 0.291992 0.514648
vt 0.481445 0.874023
vt 0.492188 0.874023
vt 0.492188 0.875000
vt 0.295898 0.514648
vt 0.481445 0.850586
vt 0.492188 0.850586
vt 0.492188 0.851562
vt 0.481445 0.851562
vt 0.466797 0.640625
vt 0.462891 0.640625
vt 0.462891 0.629883
vt 0.466797 0.629883
vt 0.467773 0.947266
vt 0.463867 0.947266
vt 0.463867 0.958008
vt 0.213867 0.515625
vt 0.472656 0.914062
vt 0.499023 0.914062
vt 0.499023 0.915039
vt 0.472656 0.915039
vt 0.227539 0.514648
vt 0.232422 0.514648
vt 0.232422 0.515625
vt 0.227539 0.515625
vt 0.472656 0.913086
vt 0.499023 0.913086
vt 0.368164 0.589844
vt 0.368164 0.563477
vt 0.373047 0.563477
vt 0.373047 0.589844
vt 0.306641 0.513672
vt 0.309570 0.513672
vt 0.309570 0.514648
vt 0.306641 0.514648
vt 0.483398 0.716797
vt 0.491211 0.716797
vt 0.312500 0.513672
vt 0.315430 0.514648
vt 0.312500 0.514648
vt 0.483398 0.715820
vt 0.491211 0.715820
vt 0.094727 0.525391
vt 0.094727 0.517578
vt 0.097656 0.517578
vt 0.375000 0.525391
vt 0.377930 0.525391
vt 0.320312 0.514648
vt 0.317383 0.514648
vt 0.483398 0.714844
vt 0.491211 0.714844
vt 0.332031 0.513672
vt 0.332031 0.514648
vt 0.329102 0.514648
vt 0.491211 0.692383
vt 0.491211 0.693359
vt 0.483398 0.693359
vt 0.446289 0.525391
vt 0.443359 0.525391
vt 0.443359 0.517578
vt 0.446289 0.517578
vt 0.002930 0.516602
vt 0.000000 0.516602
vt 0.000000 0.524414
vt 0.002930 0.524414
vt 0.350586 0.567383
vt 0.358398 0.567383
vt 0.358398 0.581055
vt 0.350586 0.581055
vt 0.199219 0.877930
vt 0.300781 0.877930
vt 0.300781 0.891602
vt 0.199219 0.891602
vt 0.386719 0.567383
vt 0.394531 0.567383
vt 0.394531 0.581055
vt 0.386719 0.581055
vt 0.199219 0.864258
vt 0.300781 0.864258
vt 0.183594 1.000000
vt 0.175781 1.000000
vt 0.175781 0.898438
vt 0.183594 0.898438
vt 0.198242 0.681641
vt 0.190430 0.783203
vt 0.198242 0.783203
vt 0.349609 0.919922
vt 0.326172 0.929688
vt 0.326172 0.934570
vt 0.448242 0.704102
vt 0.458984 0.704102
vt 0.458984 0.708984
vt 0.448242 0.708984
vt 0.441406 0.740234
vt 0.420898 0.745117
vt 0.132812 0.633789
vt 0.132812 0.613281
vt 0.148438 0.613281
vt 0.137695 0.613281
vt 0.064453 0.672852
vt 0.080078 0.672852
vt 0.080078 0.683594
vt 0.064453 0.683594
vt 0.212891 0.910156
vt 0.291992 0.910156
vt 0.212891 0.920898
vt 0.343750 0.600586
vt 0.359375 0.600586
vt 0.359375 0.611328
vt 0.343750 0.611328
vt 0.212891 0.899414
vt 0.214844 0.864258
vt 0.199219 0.785156
vt 0.214844 0.785156
vt 0.212891 1.000000
vt 0.228516 1.000000
vt 0.156250 0.873047
vt 0.156250 0.875977
vt 0.442383 0.653320
vt 0.396484 0.653320
vt 0.228516 0.934570
vt 0.243164 0.934570
vt 0.243164 0.937500
vt 0.228516 0.937500
vt 0.262695 1.000000
vt 0.262695 0.954102
vt 0.277344 0.954102
vt 0.281250 0.818359
vt 0.266602 0.818359
vt 0.266602 0.864258
vt 0.411133 0.659180
vt 0.371094 0.646484
vt 0.393555 0.647461
vt 0.371094 0.647461
vt 0.435547 0.700195
vt 0.435547 0.701172
vt 0.428711 0.701172
vt 0.497070 0.612305
vt 0.474609 0.612305
vt 0.401367 0.919922
vt 0.394531 0.897461
vt 0.350586 0.578125
vt 0.343750 0.578125
vt 0.350586 0.600586
vt 0.460938 0.690430
vt 0.460938 0.693359
vt 0.125000 0.514648
vt 0.127930 0.514648
vt 0.127930 0.517578
vt 0.125000 0.517578
vt 0.471680 0.682617
vt 0.480469 0.682617
vt 0.480469 0.685547
vt 0.471680 0.685547
vt 0.475586 0.923828
vt 0.472656 0.923828
vt 0.475586 0.915039
vt 0.112305 0.527344
vt 0.476562 0.658203
vt 0.481445 0.658203
vt 0.481445 0.661133
vt 0.476562 0.661133
vt 0.392578 0.632812
vt 0.450195 0.632812
vt 0.450195 0.635742
vt 0.392578 0.635742
vt 0.481445 0.560547
vt 0.481445 0.563477
vt 0.392578 0.629883
vt 0.450195 0.629883
vt 0.318359 0.658203
vt 0.313477 0.600586
vt 0.318359 0.600586
vt 0.098633 0.655273
vt 0.103516 0.655273
vt 0.257812 0.591797
vt 0.256836 0.591797
vt 0.075195 0.552734
vt 0.171875 0.702148
vt 0.238281 0.623047
vt 0.146484 0.563477
vt 0.146484 0.613281
vt 0.143555 0.613281
vt 0.019531 0.712891
vt 0.019531 0.762695
vt 0.000000 0.762695
vt 0.316406 0.600586
vt 0.400391 0.550781
vt 0.397461 0.531250
vt 0.400391 0.531250
vt 0.061523 0.530273
vt 0.058594 0.530273
vt 0.058594 0.549805
vt 0.061523 0.549805
vt 0.214844 0.831055
vt 0.250977 0.831055
vt 0.250977 0.864258
vt 0.128906 0.520508
vt 0.128906 0.553711
vt 0.214844 0.797852
vt 0.277344 0.626953
vt 0.279297 0.626953
vt 0.251953 0.526367
vt 0.250000 0.526367
vt 0.250000 0.562500
vt 0.484375 0.866211
vt 0.489258 0.866211
vt 0.483398 0.685547
vt 0.490234 0.685547
vt 0.490234 0.686523
vt 0.483398 0.686523
vt 0.484375 0.865234
vt 0.489258 0.865234
vt 0.483398 0.639648
vt 0.490234 0.639648
vt 0.490234 0.640625
vt 0.483398 0.640625
vt 0.472656 0.953125
vt 0.467773 0.953125
vt 0.467773 0.946289
vt 0.472656 0.781250
vt 0.472656 0.788086
vt 0.483398 0.638672
vt 0.490234 0.638672
vt 0.466797 0.628906
vt 0.458008 0.629883
vt 0.483398 0.637695
vt 0.490234 0.637695
vt 0.490234 0.658203
vt 0.490234 0.659180
vt 0.481445 0.659180
vt 0.458008 0.824219
vt 0.451172 0.824219
vt 0.281250 0.540039
vt 0.288086 0.548828
vt 0.000000 0.571289
vt 0.008789 0.571289
vt 0.008789 0.583984
vt 0.000000 0.583984
vt 0.217773 0.785156
vt 0.217773 0.797852
vt 0.207031 0.568359
vt 0.215820 0.568359
vt 0.215820 0.581055
vt 0.283203 0.614258
vt 0.286133 0.614258
vt 0.286133 0.626953
vt 0.283203 0.626953
vt 0.472656 0.784180
vt 0.481445 0.784180
vt 0.481445 0.781250
vt 0.175781 0.892578
vt 0.184570 0.892578
vt 0.184570 0.898438
vt 0.078125 0.515625
vt 0.081055 0.515625
vt 0.081055 0.521484
vt 0.078125 0.521484
vt 0.335938 0.845703
vt 0.335938 0.851562
vt 0.086914 0.515625
vt 0.086914 0.521484
vt 0.481445 0.776367
vt 0.472656 0.776367
vt 0.472656 0.773438
vt 0.481445 0.773438
vt 0.481445 0.770508
vt 0.472656 0.770508
vt 0.409180 0.680664
vt 0.411133 0.681641
vt 0.409180 0.681641
vt 0.484375 0.848633
vt 0.489258 0.848633
vt 0.489258 0.849609
vt 0.484375 0.849609
vt 0.316406 0.584961
vt 0.318359 0.584961
vt 0.318359 0.585938
vt 0.316406 0.585938
vt 0.484375 0.847656
vt 0.489258 0.847656
vt 0.313477 0.514648
vt 0.373047 0.514648
vt 0.371094 0.514648
vt 0.484375 0.846680
vt 0.489258 0.846680
vt 0.466797 0.547852
vt 0.469727 0.547852
vt 0.469727 0.548828
vt 0.165039 0.514648
vt 0.165039 0.515625
vt 0.485352 0.972656
vt 0.488281 0.972656
vt 0.488281 0.973633
vt 0.485352 0.973633
vt 0.484375 0.542969
vt 0.479492 0.542969
vt 0.479492 0.540039
vt 0.484375 0.540039
vt 0.484375 0.537109
vt 0.479492 0.537109
vt 0.349609 0.891602
vt 0.350586 0.891602
vt 0.350586 0.892578
vt 0.349609 0.892578
vt 0.490234 0.560547
vt 0.490234 0.561523
vt 0.481445 0.561523
vt 0.075195 0.589844
vt 0.482422 0.869141
vt 0.491211 0.869141
vt 0.491211 0.870117
vt 0.482422 0.870117
vt 0.189453 0.691406
vt 0.399414 0.773438
vt 0.184570 0.900391
vt 0.183594 0.900391
vt 0.195312 0.513672
vt 0.197266 0.513672
vt 0.197266 0.515625
vt 0.217773 0.693359
vt 0.217773 0.695312
vt 0.216797 0.695312
vt 0.484375 0.765625
vt 0.486328 0.765625
vt 0.486328 0.767578
vt 0.484375 0.767578
vt 0.025391 0.665039
vt 0.024414 0.665039
vt 0.024414 0.663086
vt 0.025391 0.663086
vt 0.099609 0.655273
vt 0.040039 0.594727
vt 0.041016 0.594727
vt 0.472656 0.721680
vt 0.481445 0.721680
vt 0.481445 0.724609
vt 0.472656 0.724609
vt 0.106445 0.576172
vt 0.107422 0.579102
vt 0.106445 0.579102
vt 0.472656 0.718750
vt 0.481445 0.718750
vt 0.009766 0.583984
vt 0.008789 0.575195
vt 0.009766 0.575195
vt 0.120117 0.574219
vt 0.119141 0.574219
vt 0.119141 0.583008
vt 0.120117 0.583008
vt 0.437500 0.525391
vt 0.442383 0.525391
vt 0.442383 0.532227
vt 0.437500 0.532227
vt 0.413086 0.640625
vt 0.430664 0.640625
vt 0.430664 0.647461
vt 0.413086 0.647461
vt 0.447266 0.525391
vt 0.447266 0.532227
vt 0.431641 0.866211
vt 0.348633 0.578125
vt 0.348633 0.560547
vt 0.428711 0.688477
vt 0.176758 0.555664
vt 0.411133 0.674805
vt 0.430664 0.674805
vt 0.251953 0.818359
vt 0.250977 0.818359
vt 0.250977 0.708008
vt 0.251953 0.708008
vt 0.435547 0.693359
vt 0.030273 0.554688
vt 0.029297 0.554688
vt 0.420898 0.598633
vt 0.435547 0.598633
vt 0.435547 0.605469
vt 0.420898 0.605469
vt 0.142578 0.546875
vt 0.143555 0.546875
vt 0.143555 0.553711
vt 0.491211 0.739258
vt 0.476562 0.739258
vt 0.476562 0.738281
vt 0.491211 0.738281
vt 0.491211 0.737305
vt 0.476562 0.737305
vt 0.484375 0.682617
vt 0.484375 0.685547
vt 0.476562 0.869141
vt 0.482422 0.872070
vt 0.476562 0.872070
vt 0.480469 0.679688
vt 0.484375 0.679688
vt 0.476562 0.824219
vt 0.482422 0.824219
vt 0.482422 0.827148
vt 0.476562 0.827148
vt 0.064453 0.655273
vt 0.060547 0.655273
vt 0.019531 0.520508
vt 0.015625 0.520508
vt 0.488281 0.875000
vt 0.488281 0.875977
vt 0.485352 0.875977
vt 0.484375 0.764648
vt 0.488281 0.764648
vt 0.488281 0.765625
vt 0.485352 0.851562
vt 0.488281 0.851562
vt 0.488281 0.852539
vt 0.485352 0.852539
vt 0.019531 0.098437
vt 0.001953 0.098437
vt 0.001953 0.080859
vt 0.019531 0.080859
vt 0.022461 0.102344
vt 0.002930 0.102344
vt 0.002930 0.121875
vt 0.022461 0.121875
vt 0.347656 0.703125
vt 0.347656 0.718750
vt 0.327148 0.718750
vt 0.338867 0.734375
vt 0.313477 0.734375
vt 0.329102 0.963867
vt 0.349609 0.963867
vt 0.282227 0.732422
vt 0.307617 0.732422
vt 0.082031 0.696289
vt 0.082031 0.716797
vt 0.443359 0.943359
vt 0.160156 0.515625
vt 0.163086 0.515625
vt 0.163086 0.521484
vt 0.160156 0.521484
vt 0.443359 0.902344
vt 0.455078 0.902344
vt 0.455078 0.908203
vt 0.300781 0.515625
vt 0.297852 0.521484
vt 0.076172 0.672852
vt 0.064453 0.669922
vt 0.076172 0.669922
vt 0.350586 0.813477
vt 0.238281 0.513672
vt 0.240234 0.513672
vt 0.240234 0.515625
vt 0.238281 0.515625
vt 0.463867 0.866211
vt 0.470703 0.866211
vt 0.470703 0.868164
vt 0.463867 0.868164
vt 0.484375 0.759766
vt 0.486328 0.759766
vt 0.486328 0.761719
vt 0.477539 0.886719
vt 0.484375 0.886719
vt 0.484375 0.888672
vt 0.477539 0.888672
vt 0.021484 0.519531
vt 0.019531 0.519531
vt 0.019531 0.512695
vt 0.021484 0.512695
vt 0.060547 0.512695
vt 0.058594 0.512695
vt 0.058594 0.519531
vt 0.060547 0.519531
vt 0.484375 0.831055
vt 0.489258 0.831055
vt 0.489258 0.832031
vt 0.484375 0.832031
vt 0.483398 0.636719
vt 0.490234 0.636719
vt 0.484375 0.830078
vt 0.489258 0.830078
vt 0.418945 0.515625
vt 0.425781 0.515625
vt 0.425781 0.516602
vt 0.418945 0.516602
vt 0.004883 0.531250
vt 0.000000 0.531250
vt 0.004883 0.524414
vt 0.009766 0.524414
vt 0.009766 0.531250
vt 0.484375 0.829102
vt 0.489258 0.829102
vt 0.475586 0.558594
vt 0.491211 0.558594
vt 0.491211 0.559570
vt 0.489258 0.820312
vt 0.484375 0.820312
vt 0.491211 0.557617
vt 0.298828 0.547852
vt 0.363281 0.547852
vt 0.358398 0.547852
vt 0.394531 0.579102
vt 0.400391 0.579102
vt 0.400391 0.605469
vt 0.394531 0.605469
vt 0.087891 0.521484
vt 0.087891 0.547852
vt 0.021484 0.545898
vt 0.019531 0.545898
vt 0.486328 0.634766
vt 0.480469 0.634766
vt 0.480469 0.632812
vt 0.486328 0.632812
vt 0.486328 0.630859
vt 0.480469 0.630859
vt 0.460938 0.688477
vt 0.468750 0.688477
vt 0.468750 0.693359
vt 0.330078 0.929688
vt 0.330078 0.934570
vt 0.190430 0.516602
vt 0.198242 0.515625
vt 0.483398 0.808594
vt 0.491211 0.808594
vt 0.483398 0.535156
vt 0.490234 0.535156
vt 0.169922 0.552734
vt 0.170898 0.552734
vt 0.170898 0.553711
vt 0.169922 0.553711
vt 0.483398 0.534180
vt 0.490234 0.534180
vt 0.473633 0.516602
vt 0.473633 0.515625
vt 0.483398 0.522461
vt 0.490234 0.522461
vt 0.330078 0.522461
vt 0.413086 0.589844
vt 0.420898 0.589844
vt 0.347656 0.522461
vt 0.350586 0.538086
vt 0.413086 0.574219
vt 0.420898 0.574219
vt 0.401367 0.680664
vt 0.473633 0.824219
vt 0.473633 0.832031
vt 0.476562 0.832031
vt 0.074219 0.545898
vt 0.075195 0.545898
vt 0.411133 0.667969
vt 0.430664 0.667969
vt 0.268555 0.545898
vt 0.269531 0.545898
vt 0.411133 0.661133
vt 0.430664 0.661133
vt 0.016602 0.606445
vt 0.015625 0.606445
vt 0.248047 0.538086
vt 0.247070 0.538086
vt 0.248047 0.557617
vt 0.461914 0.532227
vt 0.464844 0.532227
vt 0.464844 0.547852
vt 0.461914 0.547852
vt 0.414062 0.942383
vt 0.421875 0.942383
vt 0.414062 0.958008
vt 0.079102 0.521484
vt 0.082031 0.521484
vt 0.400391 0.570312
vt 0.408203 0.570312
vt 0.408203 0.585938
vt 0.400391 0.585938
vt 0.249023 0.526367
vt 0.274414 0.526367
vt 0.250000 0.564453
vt 0.250977 0.564453
vt 0.250977 0.567383
vt 0.250000 0.567383
vt 0.472656 0.554688
vt 0.481445 0.554688
vt 0.481445 0.557617
vt 0.472656 0.557617
vt 0.234375 0.566406
vt 0.233398 0.566406
vt 0.472656 0.551758
vt 0.481445 0.551758
vt 0.250977 0.576172
vt 0.250000 0.576172
vt 0.233398 0.575195
vt 0.234375 0.575195
vt 0.242188 0.513672
vt 0.244141 0.513672
vt 0.244141 0.515625
vt 0.242188 0.515625
vt 0.478516 0.972656
vt 0.478516 0.974609
vt 0.484375 0.755859
vt 0.486328 0.755859
vt 0.486328 0.757812
vt 0.484375 0.757812
vt 0.478516 0.854492
vt 0.485352 0.854492
vt 0.485352 0.856445
vt 0.478516 0.856445
vt 0.062500 0.519531
vt 0.062500 0.512695
vt 0.316406 0.577148
vt 0.331055 0.577148
vt 0.147461 0.555664
vt 0.148438 0.555664
vt 0.148438 0.563477
vt 0.192383 0.574219
vt 0.207031 0.574219
vt 0.192383 0.582031
vt 0.304688 0.553711
vt 0.305664 0.553711
vt 0.491211 0.655273
vt 0.476562 0.655273
vt 0.476562 0.654297
vt 0.491211 0.654297
vt 0.491211 0.653320
vt 0.476562 0.653320
vt 0.001953 0.988281
vt 0.000000 0.988281
vt 0.000000 1.000000
vt 0.001953 1.000000
vt 0.023438 0.202148
vt 0.008789 0.202148
vt 0.008789 0.215820
vt 0.023438 0.215820
vt 0.049805 0.228516
vt 0.029297 0.228516
vt 0.029297 0.248047
vt 0.049805 0.248047
vt 0.007812 0.232422
vt 0.028320 0.232422
vt 0.028320 0.251953
vt 0.007812 0.251953
vt 0.048828 0.208008
vt 0.121094 0.208008
vt 0.121094 0.225586
vt 0.048828 0.225586
vt 0.043945 0.183594
vt 0.082031 0.183594
vt 0.082031 0.199219
vt 0.043945 0.199219
vt 0.088867 0.155273
vt 0.086914 0.155273
vt 0.086914 0.166992
vt 0.088867 0.166992
vt 0.008789 0.229492
vt 0.023438 0.229492
vt 0.483398 0.949219
vt 0.491211 0.949219
vt 0.491211 0.950195
vt 0.483398 0.950195
vt 0.483398 0.897461
vt 0.491211 0.897461
vt 0.491211 0.898438
vt 0.486328 0.975586
vt 0.486328 0.976562
vt 0.326172 0.641602
vt 0.318359 0.609375
vt 0.326172 0.609375
vt 0.333984 0.609375
vt 0.333984 0.641602
vt 0.381836 0.792969
vt 0.381836 0.795898
vt 0.476562 0.740234
vt 0.447266 0.790039
vt 0.251953 0.752930
vt 0.262695 0.752930
vt 0.247070 0.934570
vt 0.247070 0.937500
vt 0.382812 0.706055
vt 0.448242 0.706055
vt 0.080078 0.669922
vt 0.382812 0.703125
vt 0.448242 0.703125
vt 0.103516 0.589844
vt 0.107422 0.589844
vt 0.162109 0.586914
vt 0.162109 0.652344
vt 0.166016 0.652344
vt 0.437500 0.973633
vt 0.437500 0.974609
vt 0.375000 0.974609
vt 0.267578 0.921875
vt 0.493164 0.640625
vt 0.493164 0.641602
vt 0.430664 0.641602
vt 0.199219 0.722656
vt 0.217773 0.722656
vt 0.156250 0.872070
vt 0.171875 0.872070
vt 0.498047 0.982422
vt 0.435547 0.983398
vt 0.080078 0.668945
vt 0.498047 0.598633
vt 0.498047 0.599609
vt 0.435547 0.599609
vt 0.171875 0.764648
vt 0.156250 0.702148
vt 0.251953 0.735352
vt 0.236328 0.735352
vt 0.236328 0.797852
vt 0.467773 0.964844
vt 0.346680 0.788086
vt 0.491211 0.915039
vt 0.491211 0.916016
vt 0.475586 0.916016
vt 0.171875 0.892578
vt 0.156250 0.892578
vt 0.056641 0.627930
vt 0.041016 0.627930
vt 0.041016 0.644531
vt 0.398438 0.866211
vt 0.449219 0.773438
vt 0.449219 0.776367
vt 0.373047 0.776367
vt 0.453125 0.773438
vt 0.453125 0.776367
vt 0.335938 0.835938
vt 0.491211 0.656250
vt 0.475586 0.656250
vt 0.407227 0.941406
vt 0.407227 0.942383
vt 0.475586 0.599609
vt 0.491211 0.599609
vt 0.491211 0.600586
vt 0.475586 0.600586
vt 0.489258 0.850586
vt 0.443359 0.850586
vt 0.097656 0.762695
vt 0.097656 0.716797
vt 0.113281 0.716797
vt 0.113281 0.762695
vt 0.445312 0.974609
vt 0.368164 0.699219
vt 0.447266 0.605469
vt 0.455078 0.605469
vt 0.455078 0.606445
vt 0.447266 0.606445
vt 0.488281 0.790039
vt 0.488281 0.791016
vt 0.447266 0.791016
vt 0.200195 0.666016
vt 0.192383 0.666016
vt 0.200195 0.625000
vt 0.208008 0.625000
vt 0.208008 0.666016
vt 0.476562 0.997070
vt 0.483398 0.997070
vt 0.483398 1.000000
vt 0.476562 1.000000
vt 0.384766 0.919922
vt 0.447266 0.919922
vt 0.447266 0.922852
vt 0.476562 0.994141
vt 0.483398 0.994141
vt 0.385742 0.883789
vt 0.448242 0.883789
vt 0.448242 0.886719
vt 0.182617 0.628906
vt 0.286133 0.689453
vt 0.501953 0.749023
vt 0.501953 0.750000
vt 0.439453 0.750000
vt 0.393555 0.639648
vt 0.504883 0.776367
vt 0.504883 0.777344
vt 0.442383 0.777344
vt 0.247070 1.000000
vt 0.483398 0.802734
vt 0.491211 0.802734
vt 0.448242 0.745117
vt 0.489258 0.745117
vt 0.489258 0.746094
vt 0.489258 0.703125
vt 0.489258 0.704102
vt 0.215820 0.666016
vt 0.166016 0.624023
vt 0.173828 0.665039
vt 0.046875 0.520508
vt 0.046875 0.523438
vt 0.040039 0.523438
vt 0.385742 0.880859
vt 0.448242 0.880859
vt 0.053711 0.520508
vt 0.053711 0.523438
vt 0.385742 0.877930
vt 0.448242 0.877930
vt 0.257812 0.687500
vt 0.250977 0.625000
vt 0.245117 0.623047
vt 0.245117 0.685547
vt 0.476562 0.924805
vt 0.492188 0.924805
vt 0.492188 0.925781
vt 0.476562 0.925781
vt 0.490234 0.730469
vt 0.490234 0.731445
vt 0.444336 0.731445
vt 0.476562 0.923828
vt 0.492188 0.923828
vt 0.491211 0.868164
vt 0.461914 0.970703
vt 0.104492 0.513672
vt 0.106445 0.513672
vt 0.469727 0.888672
vt 0.469727 0.894531
vt 0.266602 0.513672
vt 0.268555 0.513672
vt 0.485352 0.567383
vt 0.478516 0.567383
vt 0.478516 0.565430
vt 0.485352 0.565430
vt 0.479492 0.976562
vt 0.479492 0.978516
vt 0.486328 0.978516
vt 0.349609 0.935547
vt 0.425781 0.735352
vt 0.439453 0.753906
vt 0.099609 0.696289
vt 0.082031 0.668945
vt 0.198242 0.666016
vt 0.215820 0.693359
vt 0.481445 0.854492
vt 0.384766 0.932617
vt 0.450195 0.932617
vt 0.450195 0.935547
vt 0.384766 0.935547
vt 0.206055 0.515625
vt 0.209961 0.515625
vt 0.209961 0.518555
vt 0.206055 0.518555
vt 0.450195 0.929688
vt 0.020508 0.651367
vt 0.301758 0.649414
vt 0.305664 0.649414
vt 0.110352 0.588867
vt 0.113281 0.588867
vt 0.000000 0.872070
vt 0.039062 0.872070
vt 0.039062 1.000000
vt 0.021484 0.564453
vt 0.024414 0.564453
vt 0.024414 0.692383
vt 0.021484 0.692383
vt 0.078125 0.872070
vt 0.078125 1.000000
vt 0.170898 0.551758
vt 0.103516 0.550781
vt 0.106445 0.589844
vt 0.176758 0.556641
vt 0.179688 0.556641
vt 0.179688 0.665039
vt 0.176758 0.665039
vt 0.185547 0.892578
vt 0.182617 0.556641
vt 0.185547 0.891602
vt 0.199219 1.000000
vt 0.185547 1.000000
vt 0.230469 0.535156
vt 0.227539 0.521484
vt 0.230469 0.521484
vt 0.233398 0.521484
vt 0.233398 0.535156
vt 0.248047 0.576172
vt 0.248047 0.685547
vt 0.028320 0.762695
vt 0.028320 0.872070
vt 0.192383 0.572266
vt 0.192383 0.681641
vt 0.056641 0.762695
vt 0.056641 0.872070
vt 0.319336 0.577148
vt 0.469727 0.935547
vt 0.464844 0.935547
vt 0.333984 0.768555
vt 0.373047 0.768555
vt 0.464844 0.835938
vt 0.469727 0.843750
vt 0.464844 0.843750
vt 0.224609 0.614258
vt 0.219727 0.614258
vt 0.219727 0.575195
vt 0.224609 0.575195
vt 0.229492 0.575195
vt 0.229492 0.614258
vt 0.446289 0.927734
vt 0.449219 0.927734
vt 0.449219 0.929688
vt 0.473633 0.841797
vt 0.485352 0.841797
vt 0.485352 0.843750
vt 0.473633 0.843750
vt 0.450195 0.627930
vt 0.473633 0.839844
vt 0.485352 0.839844
vt 0.163086 0.533203
vt 0.160156 0.533203
vt 0.469727 0.824219
vt 0.466797 0.824219
vt 0.466797 0.835938
vt 0.455078 0.614258
vt 0.455078 0.616211
vt 0.375000 0.851562
vt 0.345703 0.853516
vt 0.465820 0.902344
vt 0.468750 0.902344
vt 0.468750 0.904297
vt 0.465820 0.904297
vt 0.474609 0.970703
vt 0.474609 0.972656
vt 0.445312 0.972656
vt 0.288086 0.578125
vt 0.474609 0.740234
vt 0.474609 0.742188
vt 0.475586 0.795898
vt 0.475586 0.797852
vt 0.266602 0.633789
vt 0.260742 0.600586
vt 0.266602 0.600586
vt 0.188477 0.595703
vt 0.182617 0.595703
vt 0.475586 0.569336
vt 0.478516 0.569336
vt 0.478516 0.571289
vt 0.475586 0.571289
vt 0.473633 0.837891
vt 0.485352 0.837891
vt 0.476562 0.753906
vt 0.479492 0.753906
vt 0.479492 0.755859
vt 0.476562 0.755859
vt 0.485352 0.835938
vt 0.244141 0.521484
vt 0.241211 0.533203
vt 0.244141 0.533203
vt 0.480469 0.863281
vt 0.486328 0.863281
vt 0.486328 0.865234
vt 0.480469 0.865234
vt 0.475586 0.777344
vt 0.475586 0.779297
vt 0.480469 0.844727
vt 0.486328 0.844727
vt 0.486328 0.846680
vt 0.480469 0.846680
vt 0.475586 0.653320
vt 0.046875 0.627930
vt 0.046875 0.594727
vt 0.052734 0.594727
vt 0.052734 0.627930
vt 0.480469 0.827148
vt 0.486328 0.827148
vt 0.486328 0.829102
vt 0.480469 0.829102
vt 0.476562 0.941406
vt 0.476562 0.943359
vt 0.480469 0.677734
vt 0.486328 0.677734
vt 0.486328 0.679688
vt 0.307617 0.514648
vt 0.310547 0.514648
vt 0.310547 0.516602
vt 0.307617 0.516602
vt 0.473633 0.833984
vt 0.485352 0.833984
vt 0.383789 0.514648
vt 0.386719 0.516602
vt 0.383789 0.516602
vt 0.485352 0.832031
vt 0.469727 0.640625
vt 0.469727 0.628906
vt 0.012695 0.520508
vt 0.009766 0.520508
vt 0.009766 0.532227
vt 0.012695 0.532227
vt 0.362305 0.517578
vt 0.368164 0.517578
vt 0.362305 0.519531
vt 0.476562 0.900391
vt 0.486328 0.636719
vt 0.480469 0.636719
vt 0.443359 0.852539
vt 0.476562 0.852539
vt 0.476562 0.854492
vt 0.241211 0.589844
vt 0.241211 0.623047
vt 0.362305 0.514648
vt 0.365234 0.514648
vt 0.365234 0.517578
vt 0.462891 0.987305
vt 0.462891 0.990234
vt 0.368164 0.514648
vt 0.466797 0.947266
vt 0.455078 0.947266
vt 0.015625 0.532227
vt 0.026367 0.520508
vt 0.023438 0.532227
vt 0.026367 0.532227
vt 0.151367 0.555664
vt 0.151367 0.663086
vt 0.152344 0.764648
vt 0.152344 0.872070
vt 0.154297 0.663086
vt 0.156250 1.000000
vt 0.307617 0.549805
vt 0.304688 0.549805
vt 0.304688 0.530273
vt 0.307617 0.530273
vt 0.054688 0.529297
vt 0.051758 0.529297
vt 0.480469 0.628906
vt 0.486328 0.628906
vt 0.476562 0.850586
vt 0.480469 0.614258
vt 0.486328 0.614258
vt 0.486328 0.616211
vt 0.480469 0.616211
vt 0.443359 0.755859
vt 0.154297 0.617188
vt 0.160156 0.583984
vt 0.082031 0.583008
vt 0.082031 0.616211
vt 0.480469 0.612305
vt 0.486328 0.612305
vt 0.443359 0.655273
vt 0.480469 0.546875
vt 0.486328 0.546875
vt 0.486328 0.548828
vt 0.480469 0.548828
vt 0.444336 0.888672
vt 0.087891 0.616211
vt 0.087891 0.583008
vt 0.480469 0.544922
vt 0.486328 0.544922
vt 0.444336 0.733398
vt 0.477539 0.733398
vt 0.477539 0.735352
vt 0.481445 0.986328
vt 0.487305 0.986328
vt 0.487305 0.988281
vt 0.481445 0.988281
vt 0.477539 0.731445
vt 0.198242 0.615234
vt 0.198242 0.582031
vt 0.204102 0.582031
vt 0.204102 0.615234
vt 0.481445 0.984375
vt 0.487305 0.984375
vt 0.444336 0.708984
vt 0.477539 0.710938
vt 0.444336 0.710938
vt 0.481445 0.962891
vt 0.487305 0.962891
vt 0.487305 0.964844
vt 0.481445 0.964844
vt 0.215820 0.614258
vt 0.024414 0.554688
vt 0.027344 0.554688
vt 0.027344 0.663086
vt 0.199219 0.783203
vt 0.030273 0.663086
vt 0.212891 0.891602
vt 0.262695 0.535156
vt 0.259766 0.535156
vt 0.259766 0.521484
vt 0.262695 0.521484
vt 0.265625 0.521484
vt 0.265625 0.535156
vt 0.030273 0.555664
vt 0.033203 0.555664
vt 0.132812 0.764648
vt 0.132812 0.872070
vt 0.113281 0.872070
vt 0.064453 0.549805
vt 0.064453 0.530273
vt 0.113281 0.530273
vt 0.110352 0.530273
vt 0.110352 0.549805
vt 0.113281 0.549805
vt 0.469727 0.616211
vt 0.464844 0.616211
vt 0.335938 0.843750
vt 0.464844 0.540039
vt 0.469727 0.540039
vt 0.375000 0.835938
vt 0.234375 0.614258
vt 0.379883 0.575195
vt 0.375000 0.575195
vt 0.375000 0.614258
vt 0.117188 0.872070
vt 0.117188 1.000000
vt 0.160156 0.586914
vt 0.084961 0.762695
vt 0.084961 0.872070
vt 0.411133 0.548828
vt 0.411133 0.577148
vt 0.433594 0.514648
vt 0.433594 0.517578
vt 0.474609 0.987305
vt 0.474609 0.990234
vt 0.437500 0.514648
vt 0.440430 0.514648
vt 0.440430 0.517578
vt 0.437500 0.517578
vt 0.464844 0.661133
vt 0.470703 0.964844
vt 0.470703 0.953125
vt 0.191406 0.520508
vt 0.188477 0.520508
vt 0.188477 0.532227
vt 0.191406 0.532227
vt 0.484375 0.978516
vt 0.487305 0.978516
vt 0.487305 0.980469
vt 0.474609 0.988281
vt 0.486328 0.988281
vt 0.486328 0.990234
vt 0.025391 0.513672
vt 0.028320 0.513672
vt 0.028320 0.515625
vt 0.025391 0.515625
vt 0.486328 0.970703
vt 0.486328 0.972656
vt 0.422852 0.532227
vt 0.419922 0.532227
vt 0.419922 0.520508
vt 0.422852 0.520508
vt 0.425781 0.520508
vt 0.425781 0.532227
vt 0.484375 0.968750
vt 0.487305 0.968750
vt 0.487305 0.970703
vt 0.484375 0.970703
vt 0.474609 0.888672
vt 0.486328 0.888672
vt 0.486328 0.890625
vt 0.474609 0.890625
vt 0.484375 0.966797
vt 0.487305 0.966797
vt 0.474609 0.880859
vt 0.486328 0.880859
vt 0.486328 0.882812
vt 0.474609 0.882812
vt 0.428711 0.532227
vt 0.428711 0.520508
vt 0.431641 0.520508
vt 0.431641 0.532227
vt 0.484375 0.947266
vt 0.487305 0.947266
vt 0.487305 0.949219
vt 0.474609 0.814453
vt 0.486328 0.814453
vt 0.486328 0.816406
vt 0.474609 0.816406
vt 0.487305 0.945312
vt 0.486328 0.740234
vt 0.486328 0.742188
vt 0.434570 0.532227
vt 0.434570 0.520508
vt 0.484375 0.943359
vt 0.487305 0.943359
vt 0.487305 0.941406
vt 0.476562 0.791016
vt 0.084961 0.577148
vt 0.084961 0.547852
vt 0.359375 0.589844
vt 0.358398 0.600586
vt 0.343750 0.657227
vt 0.371094 0.657227
vt 0.371094 0.667969
vt 0.051758 0.583984
vt 0.052734 0.583984
vt 0.051758 0.594727
vt 0.343750 0.646484
vt 0.198242 0.755859
vt 0.199219 0.755859
vt 0.199219 0.728516
vt 0.198242 0.728516
vt 0.275391 0.929688
vt 0.275391 0.933594
vt 0.420898 0.916016
vt 0.448242 0.916016
vt 0.448242 0.919922
vt 0.420898 0.912109
vt 0.448242 0.912109
vt 0.387695 0.581055
vt 0.033203 0.644531
vt 0.060547 0.644531
vt 0.345703 0.861328
vt 0.373047 0.861328
vt 0.021484 0.651367
vt 0.491211 0.896484
vt 0.483398 0.859375
vt 0.491211 0.859375
vt 0.491211 0.860352
vt 0.483398 0.860352
vt 0.483398 0.858398
vt 0.491211 0.858398
vt 0.483398 0.857422
vt 0.491211 0.857422
vt 0.300781 0.872070
vt 0.453125 0.765625
vt 0.001953 0.452148
vt 0.000000 0.452148
vt 0.000000 0.454102
vt 0.001953 0.454102
vt 0.001953 0.473633
vt 0.000000 0.473633
vt 0.000000 0.475586
vt 0.001953 0.475586
vt 0.001953 0.361328
vt 0.000000 0.361328
vt 0.000000 0.363281
vt 0.001953 0.363281
vt 0.001953 0.394531
vt 0.000000 0.394531
vt 0.000000 0.396484
vt 0.001953 0.396484
vt 0.001953 0.388672
vt 0.000000 0.388672
vt 0.000000 0.390625
vt 0.001953 0.390625
vt 0.001953 0.425781
vt 0.000000 0.425781
vt 0.000000 0.427734
vt 0.001953 0.427734
s 1
usemtl SU-25_tex_Belorus_1.png.001
f 3/1/1 4/2/1 2/3/1 1/4/1
f 8/5/2 11/6/2 9/7/2 6/8/2
f 7/9/3 8/10/3 6/11/3 5/12/3
f 12/13/4 7/14/4 5/15/4 10/16/4
f 11/17/5 12/18/5 10/10/5 9/9/5
f 10/19/6 5/20/6 6/21/6 9/22/6
f 11/23/7 8/22/7 7/19/7 12/24/7
f 16/25/2 19/26/2 17/27/2 14/28/2
f 15/29/8 16/30/8 14/31/8 13/32/8
f 20/33/4 15/34/4 13/35/4 18/36/4
f 19/37/9 20/38/9 18/39/9 17/40/9
f 18/41/10 13/42/10 14/43/10 17/44/10
f 19/45/11 16/46/11 15/47/11 20/48/11
f 24/49/12 27/50/12 25/51/12 22/52/12
f 23/53/13 24/54/13 22/55/13 21/56/13
f 28/57/14 23/58/14 21/59/14 26/60/14
f 27/61/15 28/62/15 26/63/15 25/64/15
f 26/65/16 21/66/16 22/67/16 25/68/16
f 27/69/17 24/70/17 23/67/17 28/68/17
f 32/71/12 35/72/12 33/73/12 30/74/12
f 31/75/18 32/76/18 30/77/18 29/78/18
f 36/79/14 31/80/14 29/81/14 34/82/14
f 35/83/19 36/84/19 34/85/19 33/86/19
f 34/87/20 29/88/20 30/89/20 33/90/20
f 35/91/21 32/92/21 31/93/21 36/94/21
f 40/95/22 43/96/22 41/97/22 38/98/22
f 39/99/23 40/100/23 38/101/23 37/102/23
f 44/103/24 39/104/24 37/105/24 42/106/24
f 43/107/25 44/108/25 42/109/25 41/110/25
f 42/111/26 37/112/26 38/113/26 41/114/26
f 43/115/27 40/116/27 39/117/27 44/118/27
f 48/119/28 51/120/28 49/121/28 46/122/28
f 47/123/29 48/124/29 46/108/29 45/107/29
f 52/125/24 47/126/24 45/127/24 50/128/24
f 51/129/30 52/57/30 50/60/30 49/130/30
f 50/131/31 45/132/31 46/133/31 49/134/31
f 51/135/32 48/134/32 47/131/32 52/136/32
f 56/137/33 59/138/33 57/139/33 54/140/33
f 55/141/34 56/142/34 54/143/34 53/144/34
f 60/145/35 55/146/35 53/147/35 58/148/35
f 59/149/36 60/150/36 58/151/36 57/152/36
f 58/153/16 53/154/16 54/155/16 57/156/16
f 59/157/17 56/158/17 55/41/17 60/159/17
f 64/160/37 67/161/37 65/162/37 62/163/37
f 63/164/38 64/165/38 62/166/38 61/99/38
f 68/167/39 63/168/39 61/169/39 66/170/39
f 67/171/40 68/172/40 66/173/40 65/174/40
f 66/175/41 61/176/41 62/177/41 65/178/41
f 67/179/42 64/180/42 63/181/42 68/182/42
f 72/100/43 75/183/43 73/184/43 70/185/43
f 71/186/44 72/187/44 70/188/44 69/189/44
f 76/190/45 71/191/45 69/192/45 74/193/45
f 75/194/46 76/195/46 74/196/46 73/197/46
f 74/198/41 69/199/41 70/200/41 73/201/41
f 75/202/42 72/203/42 71/204/42 76/205/42
f 80/206/47 83/207/47 81/208/47 78/209/47
f 79/210/48 80/211/48 78/212/48 77/213/48
f 84/214/49 79/215/49 77/216/49 82/217/49
f 83/218/50 84/219/50 82/220/50 81/221/50
f 82/222/51 77/223/51 78/224/51 81/7/51
f 83/225/52 80/226/52 79/227/52 84/228/52
f 88/229/33 91/230/33 89/231/33 86/232/33
f 87/233/53 88/234/53 86/235/53 85/236/53
f 92/237/35 87/238/35 85/239/35 90/240/35
f 91/241/54 92/242/54 90/243/54 89/244/54
f 90/245/41 85/246/41 86/247/41 89/248/41
f 91/249/42 88/250/42 87/251/42 92/252/42
f 96/253/55 99/254/55 97/255/55 94/256/55
f 95/257/56 96/258/56 94/259/56 93/260/56
f 100/261/57 95/262/57 93/263/57 98/264/57
f 99/265/58 100/266/58 98/267/58 97/268/58
f 98/269/59 93/270/59 94/271/59 97/272/59
f 99/273/60 96/274/60 95/275/60 100/276/60
f 104/277/2 107/278/2 105/279/2 102/280/2
f 103/281/8 104/282/8 102/283/8 101/284/8
f 108/285/4 103/286/4 101/287/4 106/288/4
f 107/289/9 108/290/9 106/291/9 105/292/9
f 106/293/10 101/294/10 102/295/10 105/296/10
f 107/297/11 104/298/11 103/299/11 108/300/11
f 112/301/61 115/302/61 113/303/61 110/304/61
f 111/305/62 112/301/62 110/304/62 109/306/62
f 116/307/63 111/308/63 109/309/63 114/310/63
f 115/311/64 116/312/64 114/313/64 113/314/64
f 114/315/65 109/316/65 110/317/65 113/318/65
f 115/319/66 112/318/66 111/315/66 116/320/66
f 120/321/61 123/322/61 121/323/61 118/324/61
f 119/325/67 120/326/67 118/327/67 117/328/67
f 124/329/63 119/330/63 117/331/63 122/332/63
f 123/333/68 124/334/68 122/335/68 121/336/68
f 122/337/69 117/338/69 118/339/69 121/340/69
f 123/341/70 120/340/70 119/337/70 124/342/70
f 128/343/71 131/344/71 129/345/71 126/346/71
f 127/347/72 128/348/72 126/349/72 125/350/72
f 132/351/73 127/352/73 125/353/73 130/354/73
f 131/355/74 132/356/74 130/357/74 129/358/74
f 130/359/75 125/360/75 126/361/75 129/362/75
f 131/363/76 128/364/76 127/365/76 132/366/76
f 136/367/77 139/46/77 137/368/77 134/369/77
f 135/370/78 136/371/78 134/372/78 133/367/78
f 140/373/79 135/374/79 133/375/79 138/376/79
f 139/377/80 140/325/80 138/378/80 137/379/80
f 138/380/81 133/381/81 134/382/81 137/383/81
f 139/384/82 136/385/82 135/386/82 140/387/82
f 144/388/83 147/389/83 145/390/83 142/391/83
f 143/392/84 144/393/84 142/394/84 141/395/84
f 148/396/85 143/397/85 141/398/85 146/399/85
f 147/400/86 148/401/86 146/393/86 145/392/86
f 146/402/87 141/205/87 142/403/87 145/404/87
f 147/405/88 144/406/88 143/407/88 148/408/88
f 152/409/89 155/410/89 153/411/89 150/412/89
f 151/413/90 152/414/90 150/415/90 149/416/90
f 156/417/91 151/418/91 149/419/91 154/420/91
f 155/421/92 156/422/92 154/423/92 153/424/92
f 154/425/1 149/408/1 150/405/1 153/426/1
f 155/427/93 152/426/93 151/425/93 156/428/93
f 160/429/94 163/417/94 161/430/94 158/431/94
f 159/432/95 160/433/95 158/187/95 157/434/95
f 164/435/96 159/436/96 157/437/96 162/438/96
f 163/439/97 164/440/97 162/441/97 161/442/97
f 162/443/98 157/428/98 158/427/98 161/444/98
f 163/445/99 160/444/99 159/443/99 164/446/99
f 168/447/100 171/448/100 169/449/100 166/450/100
f 167/451/101 168/452/101 166/453/101 165/454/101
f 172/455/102 167/456/102 165/457/102 170/458/102
f 171/262/103 172/459/103 170/460/103 169/461/103
f 170/462/104 165/463/104 166/464/104 169/465/104
f 171/466/105 168/465/105 167/462/105 172/467/105
f 176/468/106 179/469/106 177/470/106 174/471/106
f 175/472/107 176/473/107 174/474/107 173/255/107
f 180/475/108 175/476/108 173/477/108 178/478/108
f 179/479/109 180/480/109 178/481/109 177/482/109
f 178/483/110 173/180/110 174/484/110 177/485/110
f 179/486/111 176/485/111 175/483/111 180/179/111
f 184/487/112 187/488/112 185/489/112 182/490/112
f 183/148/113 184/491/113 182/492/113 181/92/113
f 188/488/114 183/493/114 181/494/114 186/489/114
f 187/495/115 188/496/115 186/497/115 185/498/115
f 186/499/116 181/500/116 182/501/116 185/502/116
f 187/503/117 184/502/117 183/499/117 188/504/117
f 192/505/118 195/123/118 193/506/118 190/507/118
f 191/508/119 192/509/119 190/510/119 189/511/119
f 196/512/120 191/513/120 189/514/120 194/515/120
f 195/516/121 196/517/121 194/518/121 193/519/121
f 194/520/122 189/521/122 190/522/122 193/29/122
f 195/523/123 192/524/123 191/525/123 196/526/123
f 200/527/124 203/528/124 201/529/124 198/530/124
f 199/531/125 200/532/125 198/533/125 197/534/125
f 204/535/126 199/536/126 197/537/126 202/538/126
f 203/539/127 204/540/127 202/532/127 201/531/127
f 202/541/128 197/542/128 198/543/128 201/544/128
f 203/545/129 200/546/129 199/547/129 204/548/129
f 208/549/130 211/550/130 209/551/130 206/552/130
f 207/553/131 208/413/131 206/416/131 205/554/131
f 212/550/132 207/555/132 205/556/132 210/551/132
f 211/557/133 212/558/133 210/559/133 209/560/133
f 210/561/134 205/562/134 206/563/134 209/564/134
f 211/565/135 208/566/135 207/567/135 212/568/135
f 216/448/136 219/569/136 217/34/136 214/570/136
f 215/102/137 216/261/137 214/571/137 213/572/137
f 220/573/138 215/574/138 213/575/138 218/576/138
f 219/577/139 220/578/139 218/579/139 217/580/139
f 218/581/3 213/247/3 214/582/3 217/583/3
f 219/345/5 216/346/5 215/584/5 220/585/5
f 224/586/140 227/587/140 225/588/140 222/589/140
f 223/590/141 224/591/141 222/592/141 221/593/141
f 228/594/142 223/595/142 221/596/142 226/597/142
f 227/598/143 228/599/143 226/591/143 225/590/143
f 226/600/144 221/601/144 222/602/144 225/603/144
f 227/604/145 224/603/145 223/600/145 228/605/145
f 232/595/146 235/606/146 233/607/146 230/596/146
f 231/18/147 232/608/147 230/540/147 229/539/147
f 236/609/148 231/610/148 229/611/148 234/612/148
f 235/613/149 236/614/149 234/608/149 233/18/149
f 234/615/150 229/616/150 230/617/150 233/618/150
f 235/619/151 232/620/151 231/621/151 236/622/151
f 240/623/152 243/624/152 241/383/152 238/382/152
f 239/312/153 240/625/153 238/626/153 237/627/153
f 244/628/154 239/629/154 237/630/154 242/512/154
f 243/631/155 244/632/155 242/633/155 241/634/155
f 242/635/156 237/636/156 238/637/156 241/638/156
f 243/639/157 240/638/157 239/635/157 244/640/157
f 248/525/158 251/641/158 249/642/158 246/643/158
f 247/644/159 248/645/159 246/211/159 245/646/159
f 252/647/160 247/648/160 245/649/160 250/650/160
f 251/651/161 252/164/161 250/645/161 249/644/161
f 250/652/1 245/653/1 246/654/1 249/655/1
f 251/656/93 248/657/93 247/658/93 252/659/93
f 256/660/162 259/661/162 257/662/162 254/663/162
f 255/664/163 256/665/163 254/666/163 253/83/163
f 260/667/164 255/586/164 253/589/164 258/668/164
f 259/669/165 260/670/165 258/671/165 257/672/165
f 258/673/166 253/674/166 254/675/166 257/676/166
f 259/677/167 256/678/167 255/679/167 260/680/167
f 264/681/168 267/682/168 265/683/168 262/684/168
f 263/685/169 264/686/169 262/687/169 261/688/169
f 268/689/170 263/628/170 261/515/170 266/690/170
f 267/691/171 268/692/171 266/693/171 265/694/171
f 266/695/172 261/696/172 262/697/172 265/698/172
f 267/699/173 264/700/173 263/701/173 268/702/173
f 272/703/174 275/704/174 273/705/174 270/706/174
f 271/707/131 272/708/131 270/709/131 269/710/131
f 276/704/175 271/711/175 269/712/175 274/705/175
f 275/713/133 276/714/133 274/715/133 273/716/133
f 274/717/176 269/718/176 270/719/176 273/720/176
f 275/721/177 272/722/177 271/723/177 276/724/177
f 280/625/178 283/725/178 281/726/178 278/727/178
f 279/728/179 280/729/179 278/730/179 277/731/179
f 284/732/180 279/733/180 277/404/180 282/734/180
f 283/735/181 284/736/181 282/737/181 281/738/181
f 282/739/182 277/740/182 278/741/182 281/742/182
f 283/743/183 280/742/183 279/739/183 284/744/183
f 288/745/184 291/746/184 289/747/184 286/748/184
f 287/749/185 288/750/185 286/736/185 285/735/185
f 292/751/186 287/752/186 285/753/186 290/754/186
f 291/755/187 292/756/187 290/757/187 289/758/187
f 290/759/188 285/760/188 286/761/188 289/762/188
f 291/763/189 288/764/189 287/765/189 292/766/189
f 296/767/190 299/768/190 297/752/190 294/751/190
f 295/769/191 296/770/191 294/771/191 293/305/191
f 300/772/192 295/773/192 293/774/192 298/775/192
f 299/776/193 300/777/193 298/778/193 297/664/193
f 298/779/194 293/780/194 294/781/194 297/782/194
f 299/783/195 296/784/195 295/274/195 300/785/195
f 304/138/196 307/693/196 305/519/196 302/139/196
f 303/786/197 304/787/197 302/788/197 301/192/197
f 308/146/198 303/423/198 301/789/198 306/147/198
f 307/790/199 308/791/199 306/787/199 305/786/199
f 306/792/200 301/793/200 302/794/200 305/795/200
f 307/796/201 304/795/201 303/792/201 308/797/201
f 312/513/202 315/798/202 313/799/202 310/800/202
f 311/801/203 312/802/203 310/803/203 309/804/203
f 316/805/204 311/370/204 309/806/204 314/807/204
f 315/808/205 316/809/205 314/810/205 313/811/205
f 314/812/206 309/813/206 310/814/206 313/815/206
f 315/816/207 312/817/207 311/818/207 316/819/207
f 320/820/208 323/821/208 321/371/208 318/822/208
f 319/823/209 320/824/209 318/756/209 317/755/209
f 324/825/210 319/826/210 317/827/210 322/828/210
f 323/829/211 324/830/211 322/831/211 321/832/211
f 322/833/212 317/834/212 318/835/212 321/836/212
f 323/837/213 320/838/213 319/839/213 324/840/213
f 328/841/208 331/277/208 329/280/208 326/842/208
f 327/843/214 328/844/214 326/845/214 325/846/214
f 332/847/210 327/848/210 325/849/210 330/850/210
f 331/851/215 332/852/215 330/844/215 329/843/215
f 330/853/216 325/854/216 326/72/216 329/855/216
f 331/856/217 328/857/217 327/858/217 332/859/217
f 336/860/218 339/200/218 337/861/218 334/862/218
f 335/863/1 336/864/1 334/266/1 333/265/1
f 340/770/219 335/865/219 333/302/219 338/771/219
f 339/866/93 340/867/93 338/868/93 337/869/93
f 338/870/220 333/871/220 334/463/220 337/872/220
f 339/873/221 336/874/221 335/875/221 340/876/221
f 344/877/218 347/878/218 345/879/218 342/880/218
f 343/881/1 344/882/1 342/883/1 341/884/1
f 348/885/222 343/886/222 341/887/222 346/888/222
f 347/889/93 348/890/93 346/882/93 345/881/93
f 346/891/220 341/892/220 342/893/220 345/894/220
f 347/895/221 344/896/221 343/897/221 348/898/221
f 352/899/223 355/900/223 353/901/223 350/902/223
f 351/903/224 352/904/224 350/905/224 349/906/224
f 356/907/225 351/908/225 349/909/225 354/910/225
f 355/911/226 356/912/226 354/904/226 353/903/226
f 354/913/227 349/914/227 350/915/227 353/916/227
f 355/917/228 352/916/228 351/913/228 356/918/228
f 360/919/229 363/920/229 361/921/229 358/922/229
f 359/923/230 360/924/230 358/925/230 357/926/230
f 364/927/231 359/506/231 357/928/231 362/929/231
f 363/930/232 364/931/232 362/924/232 361/923/232
f 362/932/233 357/933/233 358/934/233 361/935/233
f 363/936/234 360/937/234 359/938/234 364/939/234
f 368/940/235 371/941/235 369/942/235 366/943/235
f 367/944/236 368/169/236 366/807/236 365/945/236
f 372/946/237 367/947/237 365/948/237 370/949/237
f 371/168/238 372/950/238 370/822/238 369/805/238
f 370/951/239 365/952/239 366/953/239 369/954/239
f 371/955/240 368/954/240 367/951/240 372/956/240
f 376/957/241 379/958/241 377/959/241 374/960/241
f 375/961/242 376/962/242 374/963/242 373/964/242
f 380/958/243 375/965/243 373/966/243 378/959/243
f 379/967/244 380/968/244 378/969/244 377/970/244
f 378/971/245 373/972/245 374/391/245 377/390/245
f 379/973/246 376/974/246 375/975/246 380/976/246
f 384/977/247 387/978/247 385/979/247 382/980/247
f 383/981/248 384/982/248 382/983/248 381/984/248
f 388/985/249 383/986/249 381/987/249 386/988/249
f 387/989/250 388/990/250 386/991/250 385/992/250
f 386/993/251 381/994/251 382/995/251 385/996/251
f 387/997/252 384/998/252 383/999/252 388/1000/252
f 392/1001/253 395/1002/253 393/1003/253 390/1004/253
f 391/850/254 392/1005/254 390/1006/254 389/1007/254
f 396/1008/255 391/1009/255 389/1010/255 394/1011/255
f 395/1012/256 396/1013/256 394/1014/256 393/1015/256
f 394/916/257 389/915/257 390/999/257 393/1016/257
f 395/1017/258 392/1016/258 391/916/258 396/917/258
f 400/1018/259 403/1019/259 401/1020/259 398/1021/259
f 399/1022/260 400/1023/260 398/558/260 397/557/260
f 404/1019/261 399/1024/261 397/1025/261 402/1020/261
f 403/1026/262 404/1027/262 402/1023/262 401/1022/262
f 402/1028/263 397/1029/263 398/1030/263 401/1031/263
f 403/1032/264 400/1033/264 399/1034/264 404/1035/264
f 408/225/265 411/1036/265 409/1037/265 406/1001/265
f 407/142/1 408/1038/1 406/1039/1 405/143/1
f 412/1040/266 407/1041/266 405/1042/266 410/1043/266
f 411/1044/93 412/749/93 410/738/93 409/1045/93
f 410/1046/267 405/1047/267 406/1048/267 409/1049/267
f 411/1050/268 408/1051/268 407/1052/268 412/1053/268
f 416/765/269 419/1054/269 417/1055/269 414/1056/269
f 415/1057/270 416/1058/270 414/1059/270 413/1060/270
f 420/1061/271 415/1062/271 413/1063/271 418/1064/271
f 419/1065/272 420/1066/272 418/1058/272 417/1057/272
f 418/1067/273 413/1068/273 414/1069/273 417/1070/273
f 419/1071/274 416/1072/274 415/961/274 420/970/274
f 424/181/275 427/1073/275 425/1074/275 422/1075/275
f 423/848/276 424/335/276 422/1076/276 421/849/276
f 428/777/277 423/109/277 421/665/277 426/778/277
f 427/1077/272 428/671/272 426/1078/272 425/1079/272
f 426/1080/273 421/1081/273 422/1082/273 425/1083/273
f 427/1084/278 424/1085/278 423/568/278 428/1086/278
f 432/1087/279 435/1088/279 433/1089/279 430/1090/279
f 431/1091/260 432/1092/260 430/690/260 429/1093/260
f 436/1094/280 431/1095/280 429/1096/280 434/1097/280
f 435/1098/262 436/1099/262 434/1092/262 433/1091/262
f 434/1100/281 429/724/281 430/721/281 433/1101/281
f 435/1102/282 432/1103/282 431/1104/282 436/1105/282
f 440/1106/283 443/1107/283 441/1108/283 438/1109/283
f 439/1110/284 440/1111/284 438/1112/284 437/1113/284
f 444/1114/285 439/1115/285 437/1107/285 442/1106/285
f 443/621/286 444/250/286 442/1083/286 441/1082/286
f 442/1115/287 437/1114/287 438/1116/287 441/1117/287
f 443/1118/288 440/1119/288 439/1116/288 444/1117/288
f 448/1120/283 451/1121/283 449/1122/283 446/1123/283
f 447/1034/289 448/1124/289 446/1084/289 445/1085/289
f 452/1125/285 447/1126/285 445/1121/285 450/1120/285
f 451/1127/290 452/1128/290 450/1129/290 449/615/290
f 450/1130/291 445/1131/291 446/1132/291 449/1133/291
f 451/1134/292 448/1135/292 447/1136/292 452/1137/292
f 456/1138/55 459/1139/55 457/1140/55 454/940/55
f 455/1141/293 456/1142/293 454/1143/293 453/61/293
f 460/1144/57 455/1145/57 453/1146/57 458/1147/57
f 459/982/294 460/1148/294 458/1149/294 457/1150/294
f 458/1151/295 453/1152/295 454/1153/295 457/1154/295
f 459/1155/296 456/1156/296 455/1157/296 460/1158/296
f 464/1159/297 467/1160/297 465/1161/297 462/1162/297
f 463/1163/1 464/1164/1 462/1165/1 461/1166/1
f 468/498/298 463/1167/298 461/1168/298 466/1169/298
f 467/1068/93 468/1067/93 466/1170/93 465/1171/93
f 466/1160/6 461/1159/6 462/1172/6 465/1173/6
f 467/907/7 464/1174/7 463/1175/7 468/1176/7
f 472/1177/297 475/1178/297 473/1179/297 470/620/297
f 471/1180/299 472/1181/299 470/1182/299 469/1183/299
f 476/1184/298 471/1185/298 469/1186/298 474/1187/298
f 475/1188/300 476/1189/300 474/1190/300 473/1191/300
f 474/1192/301 469/1193/301 470/1131/301 473/1194/301
f 475/1195/302 472/1196/302 471/1197/302 476/1198/302
f 480/1199/303 483/1200/303 481/58/303 478/57/303
f 479/1201/304 480/1202/304 478/1203/304 477/1204/304
f 484/1205/305 479/728/305 477/1200/305 482/1199/305
f 483/1206/306 484/1207/306 482/1208/306 481/1209/306
f 482/1210/307 477/1211/307 478/1212/307 481/1213/307
f 483/1/308 480/716/308 479/1214/308 484/1215/308
f 488/1216/297 491/1217/297 489/1218/297 486/1219/297
f 487/1220/1 488/1221/1 486/1222/1 485/1223/1
f 492/679/298 487/1224/298 485/1225/298 490/1226/298
f 491/1227/93 492/1228/93 490/1229/93 489/1230/93
f 490/1231/6 485/1232/6 486/1233/6 489/1234/6
f 491/1235/7 488/1236/7 487/1237/7 492/1238/7
f 496/1178/297 499/1239/297 497/1240/297 494/1179/297
f 495/1241/301 496/1242/301 494/1243/301 493/979/301
f 500/1239/298 495/457/298 493/1244/298 498/1240/298
f 499/1245/302 500/1246/302 498/1242/302 497/1241/302
f 498/1247/300 493/1248/300 494/748/300 497/1249/300
f 499/1250/299 496/1251/299 495/1252/299 500/1253/299
f 504/811/303 507/1254/303 505/1255/303 502/1256/303
f 503/1173/309 504/186/309 502/238/309 501/1257/309
f 508/1258/305 503/1259/305 501/1260/305 506/1261/305
f 507/1262/310 508/1263/310 506/1264/310 505/307/310
f 506/1265/311 501/1266/311 502/1267/311 505/1268/311
f 507/1269/312 504/1270/312 503/271/312 508/1271/312
f 512/1272/313 515/1273/313 513/1274/313 510/1275/313
f 511/1276/314 512/1199/314 510/57/314 509/129/314
f 516/1277/315 511/1278/315 509/438/315 514/1279/315
f 515/1280/316 516/1205/316 514/1199/316 513/1276/316
f 514/1281/317 509/1282/317 510/1283/317 513/1284/317
f 515/1285/318 512/1284/318 511/1281/318 516/1286/318
f 520/1287/319 523/1288/319 521/1289/319 518/1290/319
f 519/1291/320 520/1292/320 518/1205/320 517/1280/320
f 524/50/321 519/1293/321 517/1294/321 522/51/321
f 523/554/322 524/1295/322 522/1296/322 521/995/322
f 522/1297/323 517/136/323 518/135/323 521/1298/323
f 523/1299/324 520/1298/324 519/1297/324 524/1300/324
f 528/1301/325 531/5/325 529/1302/325 526/281/325
f 527/1303/326 528/1304/326 526/1305/326 525/451/326
f 532/1306/327 527/1307/327 525/1308/327 530/1309/327
f 531/1310/328 532/1311/328 530/1312/328 529/1313/328
f 530/157/307 525/158/307 526/1314/307 529/1315/307
f 531/137/308 528/1316/308 527/1317/308 532/1093/308
f 536/1318/329 539/1319/329 537/1145/329 534/1144/329
f 535/1320/330 536/1321/330 534/1322/330 533/1306/330
f 540/1323/331 535/1324/331 533/1319/331 538/1318/331
f 539/1325/332 540/1326/332 538/1321/332 537/1320/332
f 538/251/333 533/1327/333 534/1328/333 537/1329/333
f 539/1330/334 536/1331/334 535/1332/334 540/1333/334
f 544/1334/335 547/1335/335 545/1324/335 542/1323/335
f 543/1336/336 544/1337/336 542/1338/336 541/1339/336
f 548/1340/337 543/1341/337 541/1335/337 546/1334/337
f 547/1342/338 548/1343/338 546/1337/338 545/1336/338
f 546/1344/333 541/1345/333 542/1346/333 545/1347/333
f 547/1348/334 544/1349/334 543/1346/334 548/1347/334
f 552/1350/325 555/1351/325 553/1352/325 550/1353/325
f 551/1354/339 552/1355/339 550/1356/339 549/1357/339
f 556/1358/327 551/1359/327 549/1360/327 554/1138/327
f 555/804/340 556/1361/340 554/1362/340 553/1363/340
f 554/1364/333 549/1365/333 550/1366/333 553/1367/333
f 555/1368/334 552/1369/334 551/1370/334 556/875/334
f 560/1371/55 563/1372/55 561/1343/55 558/1342/55
f 559/1373/341 560/1374/341 558/1375/341 557/1376/341
f 564/1377/57 559/1378/57 557/1372/57 562/1371/57
f 563/1379/342 564/1380/342 562/1374/342 561/1373/342
f 562/1381/343 557/276/343 558/273/343 561/1382/343
f 563/744/344 560/1383/344 559/1384/344 564/1385/344
f 568/1386/55 571/1387/55 569/1341/55 566/1340/55
f 567/1388/345 568/1389/345 566/1390/345 565/1391/345
f 572/1392/57 567/1393/57 565/1394/57 570/1395/57
f 571/1396/346 572/1258/346 570/1397/346 569/1398/346
f 570/1399/347 565/1158/347 566/1155/347 569/1400/347
f 571/1401/348 568/1400/348 567/1399/348 572/1402/348
f 576/1403/349 579/1404/349 577/1405/349 574/1406/349
f 575/1407/350 576/1408/350 574/1409/350 573/1410/350
f 580/1411/351 575/678/351 573/894/351 578/893/351
f 579/1412/352 580/1413/352 578/1408/352 577/1407/352
f 578/796/353 573/1414/353 574/1415/353 577/1416/353
f 579/1417/354 576/1418/354 575/1419/354 580/1420/354
f 584/1421/355 587/1422/355 585/1423/355 582/1424/355
f 583/1425/356 584/1426/356 582/18/356 581/474/356
f 588/1422/102 583/1427/102 581/1428/102 586/1423/102
f 587/1429/357 588/631/357 586/1430/357 585/166/357
f 586/1431/358 581/320/358 582/319/358 585/1432/358
f 587/1433/359 584/1432/359 583/1431/359 588/650/359
f 592/1434/355 595/1435/355 593/1436/355 590/1437/355
f 591/1438/101 592/1439/101 590/1440/101 589/1441/101
f 596/1442/360 591/1443/360 589/1444/360 594/1445/360
f 595/1313/103 596/1446/103 594/1439/103 593/1438/103
f 594/1447/104 589/467/104 590/466/104 593/1448/104
f 595/1449/105 592/1450/105 591/21/105 596/1451/105
f 600/555/241 603/1452/241 601/836/241 598/835/241
f 599/1453/242 600/424/242 598/968/242 597/967/242
f 604/1454/243 599/1455/243 597/1456/243 602/1457/243
f 603/174/244 604/173/244 602/424/244 601/1453/244
f 602/1458/245 597/1459/245 598/1460/245 601/1461/245
f 603/1462/246 600/1463/246 599/1464/246 604/1465/246
f 608/1466/235 611/1467/235 609/1101/235 606/721/235
f 607/1468/236 608/1469/236 606/1470/236 605/1471/236
f 612/1472/237 607/1473/237 605/1474/237 610/1475/237
f 611/1476/238 612/1172/238 610/1477/238 609/1478/238
f 610/1479/239 605/1480/239 606/1481/239 609/1482/239
f 611/1483/240 608/1484/240 607/1485/240 612/1486/240
f 616/1443/94 619/1487/94 617/1488/94 614/1444/94
f 615/1489/95 616/1490/95 614/440/95 613/439/95
f 620/1491/96 615/1492/96 613/1493/96 618/1494/96
f 619/1495/97 620/1496/97 618/56/97 617/1497/97
f 618/1498/98 613/1486/98 614/1483/98 617/1499/98
f 619/1500/99 616/1501/99 615/1502/99 620/1503/99
f 624/1427/89 627/1504/89 625/1505/89 622/1428/89
f 623/1506/92 624/1507/92 622/1508/92 621/1509/92
f 628/1504/91 623/1510/91 621/1511/91 626/1505/91
f 627/336/90 628/847/90 626/1507/90 625/1506/90
f 626/1512/93 621/1513/93 622/1462/93 625/1514/93
f 627/1515/1 624/1514/1 623/1512/1 628/1516/1
f 632/1492/83 635/1517/83 633/1518/83 630/1493/83
f 631/1519/84 632/1520/84 630/1521/84 629/1522/84
f 636/1523/85 631/1524/85 629/1525/85 634/1526/85
f 635/1527/86 636/1528/86 634/1520/86 633/1519/86
f 634/1529/87 629/1530/87 630/1531/87 633/1532/87
f 635/1533/88 632/1532/88 631/1529/88 636/1534/88
f 640/1524/61 643/1535/61 641/1536/61 638/1525/61
f 639/1537/67 640/1538/67 638/1539/67 637/1540/67
f 644/1541/63 639/1542/63 637/1543/63 642/1544/63
f 643/1545/68 644/1546/68 642/1538/68 641/1537/68
f 642/1547/69 637/1451/69 638/1449/69 641/1548/69
f 643/1549/70 640/1548/70 639/1547/70 644/23/70
f 648/574/361 651/1550/361 649/1551/361 646/575/361
f 647/1552/362 648/1553/362 646/1554/362 645/1555/362
f 652/1556/363 647/1557/363 645/1558/363 650/1559/363
f 651/572/364 652/1560/364 650/1553/364 649/1552/364
f 650/1561/365 645/1562/365 646/1563/365 649/1564/365
f 651/942/366 648/943/366 647/1565/366 652/1566/366
f 656/1567/367 659/1568/367 657/1569/367 654/1570/367
f 655/1571/368 656/1572/368 654/496/368 653/495/368
f 660/1568/369 655/1573/369 653/1574/369 658/1569/369
f 659/627/370 660/1575/370 658/1576/370 657/313/370
f 658/1577/371 653/1331/371 654/1578/371 657/1579/371
f 659/1580/372 656/1579/372 655/1577/372 660/1330/372
f 664/1581/373 667/1582/373 665/1583/373 662/1584/373
f 663/1585/374 664/1586/374 662/1587/374 661/1588/374
f 668/1589/375 663/1590/375 661/798/375 666/630/375
f 667/521/376 668/1591/376 666/1586/376 665/1585/376
f 666/684/377 661/470/377 662/1592/377 665/1593/377
f 667/1594/378 664/624/378 663/25/378 668/1595/378
f 672/1596/379 675/1597/379 673/1598/379 670/1599/379
f 671/1600/380 672/1601/380 670/614/380 669/613/380
f 676/1597/381 671/1602/381 669/1603/381 674/1598/381
f 675/1604/382 676/1605/382 674/1606/382 673/94/382
f 674/1607/383 669/1035/383 670/1032/383 673/1608/383
f 675/1609/384 672/1608/384 671/1607/384 676/1610/384
f 680/1510/259 683/1611/259 681/1612/259 678/1511/259
f 679/1613/260 680/1614/260 678/1027/260 677/1026/260
f 684/1611/261 679/1615/261 677/1616/261 682/1612/261
f 683/1471/262 684/1617/262 682/1618/262 681/1619/262
f 682/1620/263 677/1621/263 678/1424/263 681/1423/263
f 683/1428/264 680/1423/264 679/1620/264 684/1622/264
f 688/1623/385 691/1624/385 689/1625/385 686/1626/385
f 687/1627/386 688/1628/386 686/578/386 685/577/386
f 692/456/387 687/487/387 685/1629/387 690/1244/387
f 691/1619/388 692/1618/388 690/1630/388 689/479/388
f 690/1631/389 685/1622/389 686/1428/389 689/1505/389
f 691/1511/390 688/1505/390 687/1631/390 692/1632/390
f 696/1633/391 699/1634/391 697/1635/391 694/1636/391
f 695/634/392 696/633/392 694/183/392 693/1430/392
f 700/1637/393 695/1638/393 693/973/393 698/974/393
f 699/86/394 700/1110/394 698/1639/394 697/1640/394
f 698/1406/395 693/1641/395 694/1642/395 697/1643/395
f 699/1644/396 696/1645/396 695/1646/396 700/1647/396
f 704/1648/397 707/1649/397 705/1650/397 702/1651/397
f 703/1652/398 704/64/398 702/1605/398 701/1604/398
f 708/1649/399 703/1653/399 701/1654/399 706/1650/399
f 707/593/400 708/1141/400 706/64/400 705/1652/400
f 706/1655/401 701/1632/401 702/1511/401 705/1612/401
f 707/1656/402 704/1657/402 703/1366/402 708/1658/402
f 712/1659/403 715/1660/403 713/1661/403 710/1662/403
f 711/414/404 712/1663/404 710/322/404 709/1664/404
f 716/1665/405 711/1666/405 709/1667/405 714/1668/405
f 715/1669/406 716/1670/406 714/1671/406 713/1672/406
f 714/1673/407 709/1647/407 710/1644/407 713/1182/407
f 715/1674/408 712/1182/408 711/1673/408 716/1675/408
f 720/1676/158 723/1677/158 721/1678/158 718/1679/158
f 719/906/161 720/1680/161 718/1681/161 717/518/161
f 724/1682/160 719/387/160 717/839/160 722/1683/160
f 723/1684/159 724/1291/159 722/1685/159 721/1686/159
f 722/1687/93 717/1688/93 718/1689/93 721/342/93
f 723/1447/1 720/872/1 719/825/1 724/1266/1
f 728/1690/409 731/703/409 729/1691/409 726/1692/409
f 727/1693/410 728/1694/410 726/1695/410 725/1696/410
f 732/1697/411 727/1698/411 725/362/411 730/1699/411
f 731/1664/412 732/321/412 730/324/412 729/415/412
f 730/1224/413 725/1700/413 726/1701/413 729/1702/413
f 731/1703/414 728/1683/414 727/1704/414 732/1705/414
f 736/161/415 739/73/415 737/854/415 734/1706/415
f 735/1707/416 736/1708/416 734/469/416 733/1709/416
f 740/646/417 735/210/417 733/1710/417 738/1711/417
f 739/1712/418 740/1713/418 738/1708/418 737/1707/418
f 738/1714/419 733/1314/419 734/26/419 737/1715/419
f 739/1716/420 736/66/420 735/1717/420 740/1718/420
f 744/1095/279 747/1719/279 745/1720/279 742/1096/279
f 743/1721/260 744/1722/260 742/1099/260 741/1098/260
f 748/1719/280 743/1723/280 741/1724/280 746/1720/280
f 747/1725/262 748/1726/262 746/1727/262 745/198/262
f 746/1728/281 741/1105/281 742/1102/281 745/1729/281
f 747/1730/282 744/1729/282 743/1728/282 748/763/282
f 752/1731/421 755/1732/421 753/1733/421 750/1734/421
f 751/1735/422 752/1736/422 750/1737/422 749/1738/422
f 756/1739/423 751/1740/423 749/1732/423 754/1731/423
f 755/1741/424 756/1742/424 754/1736/424 753/1735/424
f 754/1743/425 749/1225/425 750/1744/425 753/1745/425
f 755/1746/426 752/1747/426 751/1748/426 756/1749/426
f 760/1750/427 763/1751/427 761/1752/427 758/1753/427
f 759/1694/428 760/1754/428 758/1755/428 757/1756/428
f 764/1757/429 759/1758/429 757/1759/429 762/1196/429
f 763/1150/430 764/1760/430 762/1761/430 761/983/430
f 762/1762/431 757/1763/431 758/1764/431 761/650/431
f 763/1765/432 760/650/432 759/1762/432 764/1766/432
f 768/1767/433 771/1768/433 769/1769/433 766/1770/433
f 767/1771/434 768/1772/434 766/1773/434 765/899/434
f 772/1774/435 767/1775/435 765/720/435 770/719/435
f 771/1776/436 772/1777/436 770/1778/436 769/1008/436
f 770/1779/437 765/1780/437 766/1781/437 769/1782/437
f 771/411/438 768/412/438 767/1783/438 772/316/438
f 776/1784/439 779/1785/439 777/1786/439 774/1787/439
f 775/1788/440 776/1789/440 774/1790/440 773/1791/440
f 780/1792/441 775/1177/441 773/1793/441 778/1794/441
f 779/1795/442 780/1796/442 778/1789/442 777/1788/442
f 778/1797/443 773/1798/443 774/1799/443 777/1800/443
f 779/1793/444 776/1794/444 775/1801/444 780/1802/444
f 784/1009/439 787/1803/439 785/1804/439 782/1805/439
f 783/1806/445 784/1807/445 782/1808/445 781/1809/445
f 788/1810/441 783/1811/441 781/1812/441 786/1813/441
f 787/1814/446 788/1815/446 786/1807/446 785/1806/446
f 786/1816/447 781/859/447 782/856/447 785/1817/447
f 787/1818/448 784/1686/448 783/1170/448 788/507/448
f 792/1783/218 795/1819/218 793/1404/218 790/1403/218
f 791/1820/1 792/1821/1 790/1822/1 789/1823/1
f 796/1824/219 791/1825/219 789/895/219 794/896/219
f 795/1826/93 796/1827/93 794/1821/93 793/1820/93
f 794/1828/220 789/1561/220 790/1829/220 793/1830/220
f 795/1831/221 792/1832/221 791/1566/221 796/1833/221
f 800/1834/218 803/1835/218 801/1836/218 798/1837/218
f 799/1838/1 800/1839/1 798/1840/1 797/1841/1
f 804/1842/219 799/1843/219 797/1702/219 802/1844/219
f 803/1845/93 804/1846/93 802/1413/93 801/1412/93
f 802/1847/220 797/649/220 798/1848/220 801/1849/220
f 803/1850/221 800/1851/221 799/1678/221 804/1852/221
f 808/1853/449 811/784/449 809/115/449 806/1854/449
f 807/1855/450 808/1856/450 806/990/450 805/989/450
f 812/1857/451 807/1858/451 805/1859/451 810/1860/451
f 811/1861/452 812/1862/452 810/1863/452 809/1864/452
f 810/1865/453 805/1866/453 806/1867/453 809/1868/453
f 811/1229/454 808/1230/454 807/1869/454 812/1870/454
f 816/1871/77 819/1872/77 817/565/77 814/566/77
f 815/1469/78 816/1310/78 814/1441/78 813/1470/78
f 820/1873/79 815/1874/79 813/583/79 818/582/79
f 819/1875/80 820/1876/80 818/1540/80 817/1877/80
f 818/1878/81 813/1534/81 814/1533/81 817/1879/81
f 819/1880/82 816/1879/82 815/1878/82 820/1881/82
f 824/1882/71 827/1883/71 825/1884/71 822/1885/71
f 823/1886/72 824/1887/72 822/1509/72 821/993/72
f 828/1888/73 823/1889/73 821/1782/73 826/1781/73
f 827/1890/74 828/333/74 826/1887/74 825/1886/74
f 826/1891/75 821/1892/75 822/1893/75 825/1894/75
f 827/1895/76 824/1896/76 823/647/76 828/1897/76
f 832/1615/130 835/1898/130 833/1899/130 830/1616/130
f 831/1900/131 832/1901/131 830/1902/131 829/1903/131
f 836/1904/132 831/1905/132 829/638/132 834/637/132
f 835/350/133 836/1906/133 834/1901/133 833/1900/133
f 834/1907/134 829/1908/134 830/1909/134 833/1910/134
f 835/1911/135 832/1910/135 831/1907/135 836/1368/135
f 840/1912/455 843/1913/455 841/1914/455 838/1915/455
f 839/1916/456 840/1917/456 838/1393/456 837/1392/456
f 844/1918/457 839/1919/457 837/1825/457 842/1824/457
f 843/1920/458 844/1921/458 842/1917/458 841/1916/458
f 842/1922/273 837/1923/273 838/275/273 841/1924/273
f 843/1925/274 840/1226/274 839/659/274 844/1926/274
f 848/1927/459 851/1928/459 849/1835/459 846/1834/459
f 847/1929/456 848/1930/456 846/1931/456 845/1932/456
f 852/1933/457 847/1934/457 845/1930/457 850/1929/457
f 851/1935/458 852/1936/458 850/1934/458 849/1933/458
f 850/1913/273 845/1912/273 846/1937/273 849/1938/273
f 851/1939/274 848/1940/274 847/1918/274 852/1919/274
f 856/1723/174 859/1941/174 857/1942/174 854/1724/174
f 855/1943/131 856/1944/131 854/1726/131 853/1725/131
f 860/1945/175 855/1946/175 853/1947/175 858/1948/175
f 859/865/133 860/1949/133 858/1944/133 857/1943/133
f 858/1950/176 853/1746/176 854/1951/176 857/1952/176
f 859/1953/177 856/1952/177 855/1950/177 860/1954/177
f 864/1955/460 867/1956/460 865/1957/460 862/1958/460
f 863/1959/461 864/1960/461 862/1928/461 861/1927/461
f 868/1961/462 863/1962/462 861/1956/462 866/1955/462
f 867/1963/463 868/1964/463 866/1938/463 865/1937/463
f 866/1962/464 861/1961/464 862/1965/464 865/1966/464
f 867/1967/465 864/1968/465 863/1969/465 868/1970/465
f 872/1971/460 875/1972/460 873/1846/460 870/1845/460
f 871/1973/466 872/1974/466 870/1939/466 869/1940/466
f 876/1975/462 871/1976/462 869/1972/462 874/1971/462
f 875/1977/467 876/1978/467 874/1960/467 873/1959/467
f 874/1979/468 869/1980/468 870/1981/468 873/1982/468
f 875/1983/469 872/1984/469 871/1981/469 876/1982/469
f 880/1985/470 883/1986/470 881/1987/470 878/1988/470
f 879/1989/471 880/1990/471 878/1777/471 877/1776/471
f 884/1991/472 879/1992/472 877/1993/472 882/1994/472
f 883/731/473 884/1995/473 882/1996/473 881/1997/473
f 882/1998/474 877/785/474 878/783/474 881/1999/474
f 883/2000/475 880/1999/475 879/1998/475 884/2001/475
f 888/2002/476 891/2003/476 889/2000/476 886/783/476
f 887/2004/477 888/2005/477 886/2006/477 885/666/477
f 892/832/478 887/2007/478 885/2008/478 890/2009/478
f 891/52/479 892/2010/479 890/2005/479 889/2004/479
f 890/2011/480 885/71/480 886/2012/480 889/2013/480
f 891/548/481 888/2013/481 887/2011/481 892/855/481
f 896/1207/482 899/1786/482 897/2014/482 894/1208/482
f 895/2015/483 896/2016/483 894/1013/483 893/1012/483
f 900/1862/484 895/2017/484 893/2018/484 898/1863/484
f 899/395/485 900/206/485 898/2016/485 897/2015/485
f 898/2019/486 893/2020/486 894/2021/486 897/2022/486
f 899/932/487 896/2023/487 895/623/487 900/20/487
f 904/2024/349 907/2025/349 905/450/349 902/2026/349
f 903/2027/390 904/2028/390 902/2029/390 901/2030/390
f 908/2031/351 903/2032/351 901/2033/351 906/2034/351
f 907/2035/389 908/926/389 906/2028/389 905/2027/389
f 906/2036/6 901/2037/6 902/2038/6 905/2039/6
f 907/2040/7 904/2039/7 903/2036/7 908/2041/7
f 912/2042/349 915/2043/349 913/538/349 910/2044/349
f 911/2045/350 912/923/350 910/926/350 909/2035/350
f 916/2046/351 911/2047/351 909/2043/351 914/2042/351
f 915/2048/352 916/930/352 914/923/352 913/2045/352
f 914/2049/353 909/48/353 910/45/353 913/2050/353
f 915/2051/354 912/2050/354 911/2049/354 916/154/354
f 920/2052/488 923/2053/488 921/2054/488 918/2055/488
f 919/2056/226 920/989/226 918/992/226 917/2057/226
f 924/2058/489 919/2059/489 917/2053/489 922/2052/489
f 923/78/224 924/1855/224 922/989/224 921/2056/224
f 922/2060/490 917/918/490 918/917/490 921/2061/490
f 923/2062/491 920/2061/491 919/2060/491 924/2063/491
f 928/1461/492 931/2064/492 929/426/492 926/406/492
f 927/2065/493 928/2066/493 926/2067/493 925/1251/493
f 932/2064/494 927/2068/494 925/444/494 930/426/494
f 931/2069/495 932/2070/495 930/2071/495 929/2072/495
f 930/2073/51 925/2074/51 926/2075/51 929/2076/51
f 931/2077/52 928/2078/52 927/2079/52 932/1856/52
f 936/1992/496 939/329/496 937/2080/496 934/1993/496
f 935/2081/497 936/2082/497 934/2083/497 933/2084/497
f 940/2085/498 935/2086/498 933/2087/498 938/2088/498
f 939/2089/499 940/2090/499 938/2082/499 937/2081/499
f 938/2091/500 933/1749/500 934/1746/500 937/2092/500
f 939/2093/501 936/2092/501 935/2091/501 940/2094/501
f 944/2095/218 947/2096/218 945/2097/218 942/2098/218
f 943/2099/502 944/2100/502 942/1967/502 941/1968/502
f 948/2101/503 943/409/503 941/2102/503 946/2103/503
f 947/2104/93 948/2105/93 946/2100/93 945/2099/93
f 946/1564/220 941/2106/220 942/2107/220 945/2108/220
f 947/1274/221 944/1275/221 943/2109/221 948/2110/221
f 952/410/218 955/396/218 953/2111/218 950/2112/218
f 951/2113/220 952/2114/220 950/2105/220 949/2104/220
f 956/352/219 951/2115/219 949/2116/219 954/2117/219
f 955/884/221 956/2118/221 954/2119/221 953/2120/221
f 954/2121/93 949/2122/93 950/2123/93 953/2124/93
f 955/2125/1 952/2126/1 951/2127/1 956/2128/1
f 960/2129/504 963/2130/504 961/2131/504 958/2132/504
f 959/2133/505 960/2134/505 958/2135/505 957/2136/505
f 964/2137/506 959/2138/506 957/2139/506 962/2140/506
f 963/2141/507 964/2142/507 962/2134/507 961/2133/507
f 962/2143/1 957/2144/1 958/2145/1 961/2146/1
f 963/2147/93 960/886/93 959/2148/93 964/2149/93
f 968/213/297 971/212/297 969/1555/297 966/2150/297
f 967/692/1 968/2151/1 966/2152/1 965/516/1
f 972/2153/298 967/2154/298 965/2155/298 970/2156/298
f 971/422/93 972/2157/93 970/1864/93 969/2158/93
f 970/2159/6 965/1000/6 966/1384/6 969/2160/6
f 971/2161/7 968/2162/7 967/2021/7 972/2022/7
f 976/2163/508 979/2164/508 977/2165/508 974/2166/508
f 975/2167/93 976/2168/93 974/201/93 973/2169/93
f 980/2170/509 975/2171/509 973/2172/509 978/2173/509
f 979/2174/1 980/303/1 978/2168/1 977/2167/1
f 978/2175/510 973/2141/510 974/2176/510 977/2177/510
f 979/707/511 976/2169/511 975/2178/511 980/2179/511
f 984/2180/512 987/919/512 985/922/512 982/2181/512
f 983/348/93 984/190/93 982/2182/93 981/2183/93
f 988/2184/513 983/2185/513 981/2186/513 986/2187/513
f 987/172/1 988/1201/1 986/1204/1 985/421/1
f 986/1317/514 981/2188/514 982/2189/514 985/2190/514
f 987/2191/515 984/2192/515 983/2193/515 988/1709/515
f 992/1906/55 995/2194/55 993/90/55 990/89/55
f 991/2195/1 992/481/1 990/2196/1 989/2197/1
f 996/38/57 991/2198/57 989/2199/57 994/2200/57
f 995/260/93 996/259/93 994/2201/93 993/2202/93
f 994/2203/516 989/1554/516 990/2204/516 993/263/516
f 995/2205/517 992/2206/517 991/2170/517 996/2207/517
f 1000/733/297 1003/745/297 1001/2108/297 998/2107/297
f 999/1670/1 1000/2208/1 998/2209/1 997/1671/1
f 1004/2210/298 999/2211/298 997/2212/298 1002/2213/298
f 1003/2214/93 1004/2215/93 1002/2216/93 1001/2217/93
f 1002/2218/6 997/2219/6 998/2084/6 1001/2220/6
f 1003/1691/7 1000/1692/7 999/2221/7 1004/706/7
f 1008/2222/297 1011/2223/297 1009/2224/297 1006/2225/297
f 1007/2226/1 1008/2227/1 1006/2228/1 1005/2229/1
f 1012/900/298 1007/2230/298 1005/2231/298 1010/901/298
f 1011/2232/93 1012/2233/93 1010/2227/93 1009/2226/93
f 1010/2234/6 1005/2041/6 1006/2235/6 1009/2236/6
f 1011/652/7 1008/653/7 1007/2237/7 1012/2238/7
f 1014/571/518 1017/1560/518 1019/2204/518 1016/264/518
f 1013/4/93 1014/3/93 1016/2/93 1015/1/93
f 1018/1867/519 1013/1868/519 1015/2239/519 1020/2240/519
f 1017/2002/1 1018/500/1 1020/2241/1 1019/1621/1
f 1017/700/520 1014/641/520 1013/642/520 1018/2242/520
f 1020/2051/521 1015/372/521 1016/821/521 1019/2243/521
f 1024/723/522 1027/2244/522 1025/2245/522 1022/2246/522
f 1023/1211/523 1024/2247/523 1022/2248/523 1021/2249/523
f 1028/1641/524 1023/1405/524 1021/2250/524 1026/2235/524
f 1027/2247/525 1028/175/525 1026/132/525 1025/2248/525
f 1026/2251/93 1021/1053/93 1022/2252/93 1025/2253/93
f 1027/2254/1 1024/2255/1 1023/2256/1 1028/2257/1
f 1032/619/526 1035/1179/526 1033/249/526 1030/622/526
f 1031/2258/527 1032/2259/527 1030/2260/527 1029/2175/527
f 1036/2261/528 1031/1030/528 1029/1029/528 1034/2262/528
f 1035/2263/529 1036/285/529 1034/2259/529 1033/2258/529
f 1034/1594/93 1029/24/93 1030/2264/93 1033/2265/93
f 1035/2266/1 1032/2267/1 1031/2268/1 1036/338/1
f 1040/2269/297 1043/2270/297 1041/773/297 1038/772/297
f 1039/2271/530 1040/2272/530 1038/2273/530 1037/2274/530
f 1044/2275/298 1039/2276/298 1037/2270/298 1042/2269/298
f 1043/2277/531 1044/2278/531 1042/2279/531 1041/2280/531
f 1042/2281/532 1037/2282/532 1038/2283/532 1041/977/532
f 1043/2284/533 1040/1997/533 1039/59/533 1044/2285/533
f 1048/2286/297 1051/2287/297 1049/2278/297 1046/2277/297
f 1047/1357/1 1048/2288/1 1046/2076/1 1045/2289/1
f 1052/2290/298 1047/2291/298 1045/2287/298 1050/2286/298
f 1051/2223/93 1052/2292/93 1050/2293/93 1049/2294/93
f 1050/2295/6 1045/2296/6 1046/284/6 1049/283/6
f 1051/1458/7 1048/2297/7 1047/1411/7 1052/2298/7
f 1056/2299/519 1059/2300/519 1057/2301/519 1054/2302/519
f 1055/2177/1 1056/2303/1 1054/2304/1 1053/2263/1
f 1060/2305/518 1055/2306/518 1053/2307/518 1058/229/518
f 1059/2308/93 1060/2309/93 1058/2310/93 1057/2311/93
f 1058/986/521 1053/985/521 1054/2312/521 1057/2313/521
f 1059/2314/520 1056/2284/520 1055/2312/520 1060/2313/520
f 1064/2315/534 1067/2316/534 1065/2317/534 1062/2145/534
f 1063/2318/1 1064/2319/1 1062/2320/1 1061/2321/1
f 1068/1593/535 1063/2322/535 1061/2323/535 1066/681/535
f 1067/384/93 1068/2324/93 1066/2325/93 1065/838/93
f 1066/2326/273 1061/2327/273 1062/2328/273 1065/2329/273
f 1067/2330/274 1064/2331/274 1063/2328/274 1068/2329/274
f 1072/2332/534 1075/87/534 1073/2333/534 1070/2334/534
f 1071/2335/1 1072/2336/1 1070/2337/1 1069/2338/1
f 1076/2339/535 1071/2340/535 1069/2341/535 1074/2342/535
f 1075/2343/93 1076/2344/93 1074/2336/93 1073/2335/93
f 1074/1643/273 1069/1642/273 1070/2345/273 1073/2102/273
f 1075/2346/274 1072/2347/274 1071/1182/274 1076/1674/274
f 1080/2348/534 1083/2349/534 1081/2344/534 1078/2343/534
f 1079/2350/1 1080/2351/1 1078/2352/1 1077/1287/1
f 1084/2353/535 1079/214/535 1077/217/535 1082/2354/535
f 1083/2355/93 1084/2356/93 1082/2357/93 1081/2358/93
f 1082/2359/273 1077/2360/273 1078/2361/273 1081/2362/273
f 1083/2363/274 1080/2364/274 1079/2361/274 1084/2362/274
f 1088/2365/534 1091/2366/534 1089/2367/534 1086/2368/534
f 1087/2230/1 1088/2369/1 1086/2370/1 1085/2371/1
f 1092/310/535 1087/2372/535 1085/1382/535 1090/2001/535
f 1091/2373/93 1092/2374/93 1090/2375/93 1089/2376/93
f 1090/699/273 1085/2377/273 1086/888/273 1089/887/273
f 1091/969/274 1088/962/274 1087/963/274 1092/2378/274
f 1096/2146/534 1099/2317/534 1097/2379/534 1094/2380/534
f 1095/2381/1 1096/2382/1 1094/2383/1 1093/1987/1
f 1100/698/535 1095/2384/535 1093/2385/535 1098/2386/535
f 1099/2387/93 1100/2388/93 1098/2389/93 1097/2390/93
f 1098/2391/273 1093/2392/273 1094/2393/273 1097/2394/273
f 1099/2395/274 1096/2237/274 1095/1163/274 1100/1164/274
f 1104/2396/519 1107/2397/519 1105/1221/519 1102/1220/519
f 1103/2398/1 1104/2399/1 1102/2400/1 1101/2401/1
f 1108/2402/518 1103/113/518 1101/2403/518 1106/2404/518
f 1107/2405/93 1108/2406/93 1106/2399/93 1105/2398/93
f 1106/2407/521 1101/2301/521 1102/2408/521 1105/2409/521
f 1107/2410/520 1104/2411/520 1103/2412/520 1108/2413/520
f 1112/2414/536 1115/2415/536 1113/2416/536 1110/2417/536
f 1111/2418/1 1112/2419/1 1110/2420/1 1109/2421/1
f 1116/2415/537 1111/2422/537 1109/2423/537 1114/2416/537
f 1115/1257/93 1116/237/93 1114/2424/93 1113/1161/93
f 1114/2425/538 1109/2206/538 1110/1858/538 1113/2426/538
f 1115/504/539 1112/2003/539 1111/1262/539 1116/1704/539
f 1120/1419/540 1123/1420/540 1121/248/540 1118/581/540
f 1119/2334/541 1120/1767/541 1118/2427/541 1117/1216/541
f 1124/1837/542 1119/1836/542 1117/2428/542 1122/585/542
f 1123/2429/543 1124/2430/543 1122/1768/543 1121/2333/543
f 1122/2431/544 1117/2432/544 1118/288/544 1121/287/544
f 1123/879/545 1120/880/545 1119/2433/545 1124/2434/545
f 1128/1672/546 1131/2435/546 1129/2198/546 1126/1218/546
f 1127/1915/1 1128/1914/1 1126/2436/1 1125/2437/1
f 1132/2438/547 1127/2439/547 1125/2440/547 1130/2441/547
f 1131/2442/93 1132/2443/93 1130/2444/93 1129/1610/93
f 1130/2445/548 1125/2446/548 1126/2447/548 1129/2448/548
f 1131/2449/549 1128/2450/549 1127/2447/549 1132/2448/549
f 1136/2215/297 1139/2451/297 1137/2452/297 1134/2216/297
f 1135/2453/1 1136/2373/1 1134/2454/1 1133/2455/1
f 1140/2456/298 1135/2457/298 1133/2451/298 1138/2215/298
f 1139/2458/93 1140/2459/93 1138/2460/93 1137/2461/93
f 1138/2462/6 1133/2463/6 1134/163/6 1137/162/6
f 1139/2464/7 1136/2465/7 1135/484/7 1140/486/7
f 1144/1250/550 1147/2466/550 1145/2467/550 1142/2468/550
f 1143/2469/1 1144/2470/1 1142/2471/1 1141/2387/1
f 1148/2472/551 1143/2473/551 1141/2474/551 1146/2475/551
f 1147/1060/93 1148/1059/93 1146/2470/93 1145/2469/93
f 1146/2476/552 1141/2477/552 1142/2478/552 1145/2479/552
f 1147/2480/553 1144/2481/553 1143/2482/553 1148/2483/553
f 1152/12/303 1155/141/303 1153/2322/303 1150/1592/303
f 1151/40/304 1152/2484/304 1150/2485/304 1149/2486/304
f 1156/4/305 1151/2048/305 1149/2487/305 1154/2488/305
f 1155/2489/306 1156/2490/306 1154/629/306 1153/689/306
f 1154/69/307 1149/70/307 1150/2491/307 1153/2492/307
f 1155/1048/308 1152/2493/308 1151/2494/308 1156/1047/308
f 1160/2495/297 1163/1174/297 1161/207/297 1158/394/297
f 1159/2496/1 1160/2497/1 1158/2498/1 1157/2499/1
f 1164/2500/298 1159/2501/298 1157/2502/298 1162/497/298
f 1163/445/93 1164/2503/93 1162/618/93 1161/2504/93
f 1162/2505/6 1157/2163/6 1158/2506/6 1161/2507/6
f 1163/927/7 1160/2508/7 1159/472/7 1164/929/7
f 1168/2509/297 1171/2510/297 1169/2511/297 1166/2512/297
f 1167/2513/301 1168/2514/301 1166/2515/301 1165/2516/301
f 1172/2517/298 1167/2518/298 1165/2519/298 1170/1065/298
f 1171/2520/302 1172/2521/302 1170/2522/302 1169/2523/302
f 1170/2524/300 1165/2525/300 1166/2526/300 1169/2527/300
f 1171/2528/299 1168/2529/299 1167/2530/299 1172/2531/299
f 1176/2532/297 1179/2533/297 1177/2534/297 1174/2535/297
f 1175/2536/554 1176/2537/554 1174/2291/554 1173/2290/554
f 1180/2538/298 1175/2539/298 1173/2533/298 1178/2532/298
f 1179/2540/555 1180/2541/555 1178/2542/555 1177/2543/555
f 1178/2544/556 1173/2545/556 1174/2127/556 1177/2546/556
f 1179/2547/557 1176/2546/557 1175/2544/557 1180/2548/557
f 1184/2549/558 1187/2550/558 1185/2539/558 1182/2538/558
f 1183/2551/93 1184/2552/93 1182/2553/93 1181/1761/93
f 1188/1734/559 1183/1733/559 1181/2554/559 1186/2555/559
f 1187/1760/1 1188/2556/1 1186/2552/1 1185/2551/1
f 1186/1745/560 1181/1744/560 1182/1843/560 1185/2557/560
f 1187/2558/561 1184/2559/561 1183/1747/561 1188/1746/561
f 1192/2560/297 1195/2561/297 1193/2562/297 1190/2563/297
f 1191/837/7 1192/2564/7 1190/2565/7 1189/840/7
f 1196/424/298 1191/145/298 1189/93/298 1194/2378/298
f 1195/2525/6 1196/2524/6 1194/2566/6 1193/2567/6
f 1194/2568/1 1189/2569/1 1190/2570/1 1193/2571/1
f 1195/2572/93 1192/2573/93 1191/2570/93 1196/2571/93
f 1200/2154/562 1203/1989/562 1201/1011/562 1198/2155/562
f 1199/2191/179 1200/159/179 1198/1717/179 1197/1712/179
f 1204/2574/563 1199/2575/563 1197/2576/563 1202/2209/563
f 1203/2577/181 1204/1727/181 1202/1711/181 1201/2578/181
f 1202/1526/564 1197/2579/564 1198/1988/564 1201/2580/564
f 1203/1108/565 1200/1109/565 1199/2581/565 1204/2582/565
f 1208/2583/566 1211/2584/566 1209/1134/566 1206/1135/566
f 1207/2585/1 1208/2586/1 1206/2587/1 1205/2588/1
f 1212/2589/567 1207/2590/567 1205/2584/567 1210/2583/567
f 1211/1908/93 1212/1369/93 1210/1128/93 1209/1127/93
f 1210/1841/568 1205/2591/568 1206/2592/568 1209/1838/568
f 1211/1409/569 1208/1410/569 1207/2593/569 1212/2594/569
f 1216/354/570 1219/2595/570 1217/648/570 1214/1897/570
f 1215/2596/1 1216/2597/1 1214/2441/1 1213/779/1
f 1220/2598/571 1215/966/571 1213/2599/571 1218/1677/571
f 1219/2600/93 1220/2601/93 1218/2597/93 1217/2596/93
f 1218/88/572 1213/2602/572 1214/1614/572 1217/1902/572
f 1219/2458/573 1216/2603/573 1215/2604/573 1220/2605/573
f 1224/2606/574 1227/2607/574 1225/2241/574 1222/1655/574
f 1223/2608/575 1224/2609/575 1222/2430/575 1221/2429/575
f 1228/2610/576 1223/2611/576 1221/1367/576 1226/1658/576
f 1227/2612/577 1228/2613/577 1226/2609/577 1225/2608/577
f 1226/2614/578 1221/2615/578 1222/1075/578 1225/1074/578
f 1227/2616/579 1224/2617/579 1223/561/579 1228/2618/579
f 1232/2619/570 1235/2620/570 1233/2621/570 1230/2622/570
f 1231/2623/1 1232/2624/1 1230/1015/1 1229/2625/1
f 1236/2626/571 1231/2627/571 1229/386/571 1234/1682/571
f 1235/2628/93 1236/2629/93 1234/2630/93 1233/2631/93
f 1234/2266/572 1229/2632/572 1230/16/572 1233/15/572
f 1235/97/573 1232/98/573 1231/2633/573 1236/1549/573
f 1240/2634/519 1243/2635/519 1241/2636/519 1238/2637/519
f 1239/2638/1 1240/2639/1 1238/2640/1 1237/2641/1
f 1244/1104/518 1239/764/518 1237/2642/518 1242/2643/518
f 1243/2644/93 1244/2645/93 1242/2639/93 1241/2638/93
f 1242/2646/521 1237/2647/521 1238/2637/521 1241/2636/521
f 1243/2642/520 1240/2643/520 1239/2648/520 1244/2649/520
f 1248/2650/297 1251/2651/297 1249/2652/297 1246/2653/297
f 1247/2654/299 1248/2355/299 1246/234/299 1245/2655/299
f 1252/2656/298 1247/2657/298 1245/2658/298 1250/2659/298
f 1251/2660/300 1252/2661/300 1250/2662/300 1249/2663/300
f 1250/2664/301 1245/2531/301 1246/2528/301 1249/2665/301
f 1251/1421/302 1248/2665/302 1247/2664/302 1252/1424/302
f 1256/2666/580 1259/2667/580 1257/871/580 1254/2339/580
f 1255/2668/1 1256/2669/1 1254/2670/1 1253/1100/1
f 1260/2671/581 1255/2672/581 1253/232/581 1258/2673/581
f 1259/2674/93 1260/2675/93 1258/873/93 1257/874/93
f 1258/2676/582 1253/2677/582 1254/2678/582 1257/2679/582
f 1259/2680/583 1256/2681/583 1255/2678/583 1260/2679/583
f 1264/2682/297 1267/2683/297 1265/2684/297 1262/2685/297
f 1263/2686/1 1264/2687/1 1262/2688/1 1261/2689/1
f 1268/2682/298 1263/2683/298 1261/2684/298 1266/2685/298
f 1267/2686/93 1268/2687/93 1266/2688/93 1265/2689/93
f 1266/2684/6 1261/2685/6 1262/2682/6 1265/2683/6
f 1267/2684/7 1264/2685/7 1263/2682/7 1268/2683/7
f 1272/2682/584 1275/2683/584 1273/2684/584 1270/2685/584
f 1271/2690/585 1272/2691/585 1270/2692/585 1269/2693/585
f 1276/2682/586 1271/2683/586 1269/2684/586 1274/2685/586
f 1275/2694/587 1276/2695/587 1274/2696/587 1273/2697/587
f 1274/2684/588 1269/2685/588 1270/2682/588 1273/2683/588
f 1275/2684/589 1272/2685/589 1271/2682/589 1276/2683/589
f 1280/2682/590 1283/2683/590 1281/2684/590 1278/2685/590
f 1279/2698/1 1280/2699/1 1278/2700/1 1277/2701/1
f 1284/2682/591 1279/2683/591 1277/2684/591 1282/2685/591
f 1283/2698/93 1284/2699/93 1282/2700/93 1281/2701/93
f 1282/2684/592 1277/2685/592 1278/2682/592 1281/2683/592
f 1283/2684/593 1280/2685/593 1279/2682/593 1284/2683/593
f 1288/2682/297 1291/2683/297 1289/2684/297 1286/2685/297
f 1287/2702/1 1288/2703/1 1286/2704/1 1285/2705/1
f 1292/2706/298 1287/2707/298 1285/2708/298 1290/2709/298
f 1291/2702/93 1292/2703/93 1290/2704/93 1289/2705/93
f 1290/2684/6 1285/2685/6 1286/2682/6 1289/2683/6
f 1291/2684/7 1288/2685/7 1287/2682/7 1292/2683/7
f 1296/2683/594 1299/2682/594 1297/2685/594 1294/2684/594
f 1295/2694/595 1296/2695/595 1294/2696/595 1293/2697/595
f 1300/2683/596 1295/2682/596 1293/2685/596 1298/2684/596
f 1299/2691/597 1300/2690/597 1298/2693/597 1297/2692/597
f 1298/2685/598 1293/2684/598 1294/2683/598 1297/2682/598
f 1299/2685/599 1296/2684/599 1295/2683/599 1300/2682/599
f 1304/2682/600 1307/2683/600 1305/2684/600 1302/2685/600
f 1303/2689/601 1304/2688/601 1302/2710/601 1301/2711/601
f 1308/2682/602 1303/2683/602 1301/2684/602 1306/2685/602
f 1307/2689/603 1308/2688/603 1306/2710/603 1305/2711/603
f 1306/2684/604 1301/2685/604 1302/2682/604 1305/2683/604
f 1307/2684/605 1304/2685/605 1303/2682/605 1308/2683/605
f 1312/2683/606 1315/2682/606 1313/2685/606 1310/2684/606
f 1311/2688/607 1312/2689/607 1310/2711/607 1309/2710/607
f 1316/2683/608 1311/2682/608 1309/2685/608 1314/2684/608
f 1315/2688/609 1316/2689/609 1314/2711/609 1313/2710/609
f 1314/2685/604 1309/2684/604 1310/2683/604 1313/2682/604
f 1315/2685/605 1312/2684/605 1311/2683/605 1316/2682/605
f 1320/2712/610 1323/2713/610 1321/2714/610 1318/2715/610
f 1319/1713/1 1320/253/1 1318/256/1 1317/17/1
f 1324/2716/509 1319/2717/509 1317/2718/509 1322/535/509
f 1323/236/93 1324/2719/93 1322/2720/93 1321/1396/93
f 1322/2721/511 1317/857/511 1318/2722/511 1321/2723/511
f 1323/2724/510 1320/2723/510 1319/2721/510 1324/2725/510
f 1328/2685/611 1331/2684/611 1329/2683/611 1326/2682/611
f 1327/2711/612 1328/2710/612 1326/2688/612 1325/2689/612
f 1332/2685/613 1327/2684/613 1325/2683/613 1330/2682/613
f 1331/2711/614 1332/2710/614 1330/2688/614 1329/2689/614
f 1330/2683/298 1325/2682/298 1326/2685/298 1329/2684/298
f 1331/2683/297 1328/2682/297 1327/2685/297 1332/2684/297
f 1336/2684/615 1339/2685/615 1337/2682/615 1334/2683/615
f 1335/2710/616 1336/2711/616 1334/2689/616 1333/2688/616
f 1340/2684/617 1335/2685/617 1333/2682/617 1338/2683/617
f 1339/2710/618 1340/2711/618 1338/2689/618 1337/2688/618
f 1338/2682/298 1333/2683/298 1334/2684/298 1337/2685/298
f 1339/2682/297 1336/2683/297 1335/2684/297 1340/2685/297
f 1344/54/619 1347/2453/619 1345/2455/619 1342/55/619
f 1343/2726/620 1344/1206/620 1342/1209/620 1341/2727/620
f 1348/1202/621 1343/2450/621 1341/2728/621 1346/1203/621
f 1347/152/622 1348/2729/622 1346/1206/622 1345/2726/622
f 1346/42/623 1341/2431/623 1342/2730/623 1345/2731/623
f 1347/380/624 1344/878/624 1343/2730/624 1348/2731/624
f 1352/2185/625 1355/2732/625 1353/2733/625 1350/2186/625
f 1351/2734/626 1352/2735/626 1350/2156/626 1349/1875/626
f 1356/2507/627 1351/2736/627 1349/2164/627 1354/2505/627
f 1355/2737/628 1356/2738/628 1354/2735/628 1353/2734/628
f 1354/112/629 1349/2238/629 1350/2739/629 1353/2740/629
f 1355/245/630 1352/2741/630 1351/2742/630 1356/2743/630
f 1360/710/631 1363/685/631 1361/2732/631 1358/2184/631
f 1359/996/632 1360/2744/632 1358/2745/632 1357/2746/632
f 1364/708/633 1359/860/633 1357/862/633 1362/2747/633
f 1363/2419/634 1364/2748/634 1362/2749/634 1361/2750/634
f 1362/2303/635 1357/2176/635 1358/2751/635 1361/2752/635
f 1363/702/636 1360/701/636 1359/841/636 1364/2148/636
f 1368/2753/637 1371/2754/637 1369/920/637 1366/2180/637
f 1367/334/638 1368/2755/638 1366/867/638 1365/2756/638
f 1372/1706/639 1367/2757/639 1365/2736/639 1370/2506/639
f 1371/2439/640 1372/2758/640 1370/2759/640 1369/2760/640
f 1370/2761/93 1365/2063/93 1366/2762/93 1369/2242/93
f 1371/2763/1 1368/2764/1 1367/2765/1 1372/286/1
f 1376/1663/641 1379/991/641 1377/2766/641 1374/1388/641
f 1375/1818/642 1376/1685/642 1374/130/642 1373/2767/642
f 1380/2220/643 1375/2768/643 1373/2769/643 1378/2770/643
f 1379/2490/644 1380/553/644 1378/1590/644 1377/1589/644
f 1378/2771/93 1373/2772/93 1374/2181/93 1377/921/93
f 1379/2773/1 1376/2774/1 1375/2775/1 1380/117/1
f 1384/2197/7 1387/790/7 1385/191/7 1382/347/7
f 1383/356/297 1384/1477/297 1382/1162/297 1381/2776/297
f 1388/964/6 1383/2777/6 1381/2778/6 1386/2779/6
f 1387/2777/298 1388/2780/298 1386/2781/298 1385/2778/298
f 1386/534/93 1381/2782/93 1382/144/93 1385/531/93
f 1387/669/1 1384/2030/1 1383/2487/1 1388/672/1
f 1392/120/645 1395/2676/645 1393/2783/645 1390/2784/645
f 1391/1680/646 1392/2785/646 1390/2786/646 1389/1627/646
f 1396/2787/647 1391/2788/647 1389/2789/647 1394/2790/647
f 1395/433/648 1396/2337/648 1394/2791/648 1393/2792/648
f 1394/2793/649 1389/1300/649 1390/2494/649 1393/2794/649
f 1395/2795/650 1392/2794/650 1391/2793/650 1396/2796/650
f 1400/2744/651 1403/1296/651 1401/2797/651 1398/2745/651
f 1399/714/652 1400/2798/652 1398/560/652 1397/37/652
f 1404/2799/653 1399/2800/653 1397/2801/653 1402/2802/653
f 1403/2729/654 1404/2803/654 1402/2804/654 1401/2805/654
f 1402/2806/649 1397/2807/649 1398/945/649 1401/2808/649
f 1403/2809/650 1400/2808/650 1399/2806/650 1404/2810/650
f 1408/2811/655 1411/2812/655 1409/2813/655 1406/2814/655
f 1407/2815/656 1408/2816/656 1406/2817/656 1405/311/656
f 1412/2818/657 1407/2819/657 1405/2812/657 1410/2811/657
f 1411/2820/658 1412/2821/658 1410/2822/658 1409/1429/658
f 1410/2377/659 1405/526/659 1406/2823/659 1409/939/659
f 1411/2310/660 1408/2265/660 1407/1595/660 1412/2824/660
f 1416/1949/661 1419/2365/661 1417/2368/661 1414/651/661
f 1415/491/662 1416/2825/662 1414/2826/662 1413/2827/662
f 1420/480/663 1415/1061/663 1413/1064/663 1418/2828/663
f 1419/1292/664 1420/2829/664 1418/2830/664 1417/2831/664
f 1418/2765/665 1413/2304/665 1414/47/665 1417/2764/665
f 1419/2733/666 1416/2187/666 1415/2179/666 1420/2832/666
f 1424/2833/667 1427/2834/667 1425/1118/667 1422/1119/667
f 1423/2835/668 1424/2836/668 1422/2837/668 1421/1044/668
f 1428/1339/669 1423/1338/669 1421/2834/669 1426/2833/669
f 1427/2738/670 1428/2838/670 1426/2839/670 1425/2153/670
f 1426/2840/671 1421/2810/671 1422/2809/671 1425/806/671
f 1427/541/672 1424/2841/672 1423/524/672 1428/2842/672
f 1432/1179/673 1435/2843/673 1433/2844/673 1430/2845/673
f 1431/2846/674 1432/2847/674 1430/2821/674 1429/2820/674
f 1436/2843/675 1431/2848/675 1429/2849/675 1434/2844/675
f 1435/2850/676 1436/2851/676 1434/2847/676 1433/2846/676
f 1434/2852/677 1429/877/677 1430/2853/677 1433/1865/677
f 1435/2854/678 1432/2243/678 1431/155/678 1436/2855/678
f 1440/2856/679 1443/2857/679 1441/2858/679 1438/2859/679
f 1439/670/680 1440/2860/680 1438/2861/680 1437/2862/680
f 1444/2863/681 1439/2864/681 1437/2857/681 1442/2856/681
f 1443/1496/682 1444/2865/682 1442/2374/682 1441/53/682
f 1442/2188/671 1437/2832/671 1438/688/671 1441/2189/671
f 1443/2192/672 1440/2432/672 1439/2260/672 1444/2193/672
f 1448/1389/683 1451/2058/683 1449/2055/683 1446/2866/683
f 1447/2867/684 1448/2868/684 1446/639/684 1445/638/684
f 1452/80/685 1447/2869/685 1445/2870/685 1450/81/685
f 1451/2871/686 1452/2872/686 1450/1656/686 1449/1657/686
f 1450/2873/687 1445/2874/687 1446/2875/687 1449/2876/687
f 1451/2720/688 1448/2877/688 1447/2878/688 1452/2879/688
f 1456/517/641 1459/1710/641 1457/2880/641 1454/911/641
f 1455/473/642 1456/1600/642 1454/1426/642 1453/1425/642
f 1460/30/643 1455/1077/643 1453/1079/643 1458/2881/643
f 1459/91/644 1460/492/644 1458/2882/644 1457/598/644
f 1458/2883/93 1453/2493/93 1454/2884/93 1457/1165/93
f 1459/2840/1 1456/2885/1 1455/697/1 1460/2886/1
f 1464/2072/689 1467/2472/689 1465/2661/689 1462/2887/689
f 1463/2888/690 1464/2889/690 1462/2890/690 1461/2891/690
f 1468/2892/691 1463/2893/691 1461/2894/691 1466/2895/691
f 1467/314/692 1468/2896/692 1466/2889/692 1465/2888/692
f 1466/2897/693 1461/1583/693 1462/1073/693 1465/1227/693
f 1467/876/694 1464/1370/694 1463/2898/694 1468/2899/694
f 1472/2900/695 1475/2901/695 1473/2795/695 1470/1046/695
f 1471/2902/696 1472/2903/696 1470/2904/696 1469/2684/696
f 1476/2905/697 1471/2906/697 1469/2907/697 1474/2908/697
f 1475/2903/698 1476/2909/698 1474/2910/698 1473/2904/698
f 1474/544/699 1469/759/699 1470/2911/699 1473/605/699
f 1475/640/700 1472/2912/700 1471/2739/700 1476/2913/700
f 1480/2914/701 1483/2915/701 1481/2916/701 1478/2917/701
f 1479/842/702 1480/279/702 1478/2918/702 1477/2771/702
f 1484/2915/703 1479/2919/703 1477/523/703 1482/2916/703
f 1483/2920/704 1484/2136/704 1482/2921/704 1481/2922/704
f 1482/2923/705 1477/1881/705 1478/2924/705 1481/2925/705
f 1483/2926/706 1480/2925/706 1479/2923/706 1484/2927/706
f 1488/2928/297 1491/2646/297 1489/156/297 1486/2929/297
f 1487/2249/707 1488/2930/707 1486/2931/707 1485/2902/707
f 1492/296/298 1487/2932/298 1485/2933/298 1490/885/298
f 1491/2930/708 1492/2934/708 1490/2935/708 1489/2931/708
f 1490/2936/709 1485/2666/709 1486/1819/709 1489/315/709
f 1491/1764/710 1488/315/710 1487/2936/710 1492/1763/710
f 1496/290/701 1499/829/701 1497/2937/701 1494/2938/701
f 1495/2939/702 1496/2940/702 1494/2779/702 1493/1684/702
f 1500/2941/703 1495/1345/703 1493/2942/703 1498/2943/703
f 1499/1591/704 1500/1072/704 1498/2940/704 1497/2939/704
f 1498/2944/705 1493/2945/705 1494/2946/705 1497/2947/705
f 1499/2948/706 1496/2947/706 1495/2944/706 1500/2949/706
f 1504/2950/711 1507/2951/711 1505/2952/711 1502/1576/711
f 1503/2953/712 1504/2954/712 1502/2955/712 1501/2956/712
f 1508/1756/713 1503/2957/713 1501/2233/713 1506/1695/713
f 1507/2958/714 1508/2959/714 1506/2954/714 1505/2953/714
f 1506/2960/715 1501/2961/715 1502/2499/715 1505/2498/715
f 1507/2962/716 1504/2963/716 1503/2964/716 1508/1345/716
f 1512/1311/274 1515/2965/274 1513/2966/274 1510/1312/274
f 1511/682/717 1512/2967/717 1510/379/717 1509/2968/717
f 1516/2969/273 1511/2970/273 1509/2971/273 1514/2972/273
f 1515/1295/718 1516/2973/718 1514/2974/718 1513/2975/718
f 1514/2976/715 1509/680/715 1510/677/715 1513/2298/715
f 1515/1701/716 1512/2298/716 1511/2976/716 1516/1700/716
f 1520/2492/274 1523/1215/274 1521/2488/274 1518/522/274
f 1519/2157/717 1520/2977/717 1518/2978/717 1517/1861/717
f 1524/1038/273 1519/11/273 1517/531/273 1522/1039/273
f 1523/124/718 1524/2979/718 1522/2980/718 1521/49/718
f 1522/2981/715 1517/2023/715 1518/2982/715 1521/2983/715
f 1523/2984/716 1520/2985/716 1519/2823/716 1524/938/716
f 1528/2986/711 1531/2987/711 1529/2988/711 1526/2989/711
f 1527/2990/712 1528/2991/712 1526/2959/712 1525/2958/712
f 1532/2992/713 1527/2993/713 1525/2994/713 1530/2995/713
f 1531/1344/714 1532/2996/714 1530/2991/714 1529/2990/714
f 1530/2962/715 1525/2963/715 1526/6/715 1529/851/715
f 1531/2997/716 1528/816/716 1527/2998/716 1532/2999/716
f 1536/3000/274 1539/3001/274 1537/3002/274 1534/3003/274
f 1535/2831/717 1536/3004/717 1534/3005/717 1533/1205/717
f 1540/3006/273 1535/3007/273 1533/3008/273 1538/3009/273
f 1539/193/718 1540/788/718 1538/3010/718 1537/2182/718
f 1538/3011/715 1533/2774/715 1534/2397/715 1537/3012/715
f 1539/3013/716 1536/3012/716 1535/3011/716 1540/3014/716
f 1544/3015/274 1547/3016/274 1545/3017/274 1542/3018/274
f 1543/401/717 1544/3019/717 1542/3020/717 1541/2495/717
f 1548/3021/273 1543/3022/273 1541/3023/273 1546/2456/273
f 1547/727/718 1548/2863/718 1546/2859/718 1545/626/718
f 1546/2311/715 1541/2264/715 1542/658/715 1545/1926/715
f 1547/2240/716 1544/1688/716 1543/2853/716 1548/1866/716
f 1552/3024/711 1555/3025/711 1553/3026/711 1550/3027/711
f 1551/3028/712 1552/3029/712 1550/2996/712 1549/1344/712
f 1556/3030/713 1551/1945/713 1549/3031/713 1554/3032/713
f 1555/2604/714 1556/3033/714 1554/3029/714 1553/3028/714
f 1554/3034/715 1549/2073/715 1550/2288/715 1553/3035/715
f 1555/3036/716 1552/3037/716 1551/3038/716 1556/3039/716
f 1560/3040/274 1563/3041/274 1561/1183/274 1558/3042/274
f 1559/1572/717 1560/3043/717 1558/2044/717 1557/2500/717
f 1564/2569/273 1559/2568/273 1557/3044/273 1562/3045/273
f 1563/3046/718 1564/3047/718 1562/3048/718 1561/188/718
f 1562/542/715 1557/2841/715 1558/760/715 1561/543/715
f 1563/3049/716 1560/1054/716 1559/820/716 1564/3050/716
f 1568/3051/711 1571/3052/711 1569/3053/711 1566/3040/711
f 1567/1005/712 1568/3054/712 1566/3055/712 1565/1006/712
f 1572/3052/713 1567/3056/713 1565/3041/713 1570/3053/713
f 1571/1175/714 1572/1176/714 1570/3057/714 1569/3058/714
f 1570/3059/715 1565/3039/715 1566/3036/715 1569/2465/715
f 1571/3060/716 1568/1626/716 1567/3061/716 1572/3062/716
f 1576/2669/719 1579/3063/719 1577/3064/719 1574/2019/719
f 1575/3065/720 1576/2761/720 1574/2754/720 1573/3066/720
f 1580/3063/721 1575/898/721 1573/3067/721 1578/3064/721
f 1579/2772/722 1580/2315/722 1578/2144/722 1577/3068/722
f 1578/3069/723 1573/3070/723 1574/3071/723 1577/3072/723
f 1579/3073/724 1576/3074/724 1575/675/724 1580/676/724
f 1584/3075/274 1587/3076/274 1585/2572/274 1582/2573/274
f 1583/2792/725 1584/3077/725 1582/3047/725 1581/3046/725
f 1588/3078/273 1583/3079/273 1581/3080/273 1586/3081/273
f 1587/599/726 1588/2992/726 1586/2995/726 1585/3082/726
f 1586/813/727 1581/3083/727 1582/1332/727 1585/3084/727
f 1587/3085/728 1584/308/728 1583/2012/728 1588/3086/728
f 1592/3087/274 1595/3088/274 1593/3079/274 1590/3078/274
f 1591/1490/725 1592/2681/725 1590/2677/725 1589/3089/725
f 1596/3090/273 1591/3091/273 1589/3092/273 1594/3093/273
f 1595/632/726 1596/2520/726 1594/2523/726 1593/3094/726
f 1594/3095/727 1589/3086/727 1590/3085/727 1593/3096/727
f 1595/546/728 1592/3096/728 1591/3095/728 1596/547/728
f 1600/3097/274 1603/3098/274 1601/3091/274 1598/3090/274
f 1599/3099/725 1600/3100/725 1598/3101/725 1597/1078/725
f 1604/3102/273 1599/3103/273 1597/3104/273 1602/3105/273
f 1603/2862/726 1604/3106/726 1602/3100/726 1601/3099/726
f 1602/3107/727 1597/944/727 1598/2673/727 1601/3108/727
f 1603/3109/728 1600/3108/728 1599/3107/728 1604/3110/728
f 1608/3111/274 1611/3112/274 1609/3103/274 1606/3102/274
f 1607/3113/725 1608/1010/725 1606/3114/725 1605/3115/725
f 1612/3116/273 1607/3117/273 1605/3118/273 1610/3119/273
f 1611/2975/726 1612/2654/726 1610/2655/726 1609/2797/726
f 1610/170/727 1605/3110/727 1606/3109/727 1609/231/727
f 1611/2307/728 1608/230/728 1607/167/728 1612/3120/728
f 1616/3121/729 1619/3122/729 1617/3123/729 1614/2393/729
f 1615/278/730 1616/3124/730 1614/2136/730 1613/2920/730
f 1620/3122/731 1615/2436/731 1613/3125/731 1618/3123/731
f 1619/2136/732 1620/3126/732 1618/2178/732 1617/2921/732
f 1618/3127/733 1613/3128/733 1614/3129/733 1617/3130/733
f 1619/3131/734 1616/3130/734 1615/3127/734 1620/3132/734
f 1624/3133/735 1627/3134/735 1625/478/735 1622/3125/735
f 1623/914/736 1624/3135/736 1622/3136/736 1621/3137/736
f 1628/567/737 1623/1086/737 1621/2020/737 1626/917/737
f 1627/3135/738 1628/3065/738 1626/3066/738 1625/3136/738
f 1626/3138/739 1621/2257/739 1622/2254/739 1625/3139/739
f 1627/3140/740 1624/3141/740 1623/3142/740 1628/3143/740
f 1632/128/729 1635/1741/729 1633/3144/729 1630/3145/729
f 1631/3146/730 1632/377/730 1630/2967/730 1629/2323/730
f 1636/3147/731 1631/3148/731 1629/2351/731 1634/2621/731
f 1635/2782/732 1636/3149/732 1634/377/732 1633/3146/732
f 1634/3150/733 1629/2949/733 1630/2948/733 1633/2649/733
f 1635/3151/734 1632/3152/734 1631/3153/734 1636/270/734
f 1640/1565/741 1643/1833/741 1641/381/741 1638/2852/741
f 1639/2909/742 1640/3154/742 1638/3155/742 1637/2910/742
f 1644/562/743 1639/2618/743 1637/2929/743 1642/2855/743
f 1643/3154/744 1644/2753/744 1642/3068/744 1641/3155/744
f 1642/2901/745 1637/2900/745 1638/3142/745 1641/3143/745
f 1643/662/746 1640/663/746 1639/3156/746 1644/246/746
f 1648/1562/297 1651/1828/297 1649/1166/297 1646/853/297
f 1647/2934/747 1648/3157/747 1646/3158/747 1645/2935/747
f 1652/584/298 1647/2428/298 1645/2917/298 1650/2842/298
f 1651/3157/748 1652/2796/748 1650/3137/748 1649/3158/748
f 1650/2667/749 1645/1766/749 1646/1765/749 1649/1847/749
f 1651/3159/750 1648/834/750 1647/781/750 1652/3160/750
f 1656/2032/751 1659/3161/751 1657/3162/751 1654/2033/751
f 1655/3054/752 1656/3163/752 1654/3164/752 1653/3055/752
f 1660/3165/753 1655/3166/753 1653/3167/753 1658/3168/753
f 1659/122/754 1660/2222/754 1658/2225/754 1657/3169/754
f 1658/3170/727 1653/2766/727 1654/2282/727 1657/3171/727
f 1659/3172/728 1656/3173/728 1655/3174/728 1660/3175/728
f 1664/3176/751 1667/3177/751 1665/3178/751 1662/1984/751
f 1663/3179/752 1664/3180/752 1662/3181/752 1661/3164/752
f 1668/3182/753 1663/3183/753 1661/3184/753 1666/3185/753
f 1667/2973/754 1668/3186/754 1666/3187/754 1665/2974/754
f 1666/3188/727 1661/3189/727 1662/3190/727 1665/3191/727
f 1667/3192/728 1664/3191/728 1663/3188/728 1668/3193/728
f 1672/3194/751 1675/3195/751 1673/3196/751 1670/3197/751
f 1671/3198/752 1672/3199/752 1670/3200/752 1669/3201/752
f 1676/3202/753 1671/3203/753 1669/3195/753 1674/3194/753
f 1675/3204/754 1676/3205/754 1674/3206/754 1673/3207/754
f 1674/3208/727 1669/3193/727 1670/3192/727 1673/3209/727
f 1675/3210/728 1672/3209/728 1671/3208/728 1676/3211/728
f 1680/3212/751 1683/3213/751 1681/3214/751 1678/1243/751
f 1679/3215/752 1680/3216/752 1678/3217/752 1677/3218/752
f 1684/1242/753 1679/3219/753 1677/3213/753 1682/3212/753
f 1683/2977/754 1684/3220/754 1682/3221/754 1681/2978/754
f 1682/3222/727 1677/3211/727 1678/3210/727 1681/3223/727
f 1683/1025/728 1680/3223/728 1679/3222/728 1684/2417/728
f 1688/3224/274 1691/3225/274 1689/3219/274 1686/1242/274
f 1687/1575/725 1688/1826/725 1686/1823/725 1685/2950/725
f 1692/1246/273 1687/3226/273 1685/3225/273 1690/3224/273
f 1691/2805/726 1692/3227/726 1690/1787/726 1689/1206/726
f 1690/3228/727 1685/1705/727 1686/1703/727 1689/3229/727
f 1691/2565/728 1688/3229/728 1687/3228/728 1692/793/728
f 1696/1748/755 1699/3230/755 1697/2171/755 1694/3231/755
f 1695/3232/756 1696/3233/756 1694/3234/756 1693/1816/756
f 1700/3235/757 1695/3236/757 1693/3013/757 1698/3237/757
f 1699/3238/758 1700/2195/758 1698/3233/758 1697/3232/758
f 1698/3124/759 1693/2149/759 1694/3239/759 1697/3240/759
f 1699/3241/760 1696/3242/760 1695/3239/760 1700/3240/760
f 1704/3243/761 1707/691/761 1705/686/761 1702/3244/761
f 1703/3245/762 1704/3246/762 1702/3247/762 1701/1168/762
f 1708/694/763 1703/1316/763 1701/2190/763 1706/687/763
f 1707/3248/764 1708/3249/764 1706/3246/764 1705/3245/764
f 1706/2763/765 1701/153/765 1702/2433/765 1705/2434/765
f 1707/2385/766 1704/2386/766 1703/695/766 1708/2752/766
f 1712/2140/767 1715/3250/767 1713/272/767 1710/1271/767
f 1711/3251/768 1712/3252/768 1710/2463/768 1709/475/768
f 1716/2404/769 1711/2403/769 1709/2740/769 1714/2913/769
f 1715/3253/770 1716/3254/770 1714/358/770 1713/683/770
f 1714/1213/771 1709/2907/771 1710/2392/771 1713/2391/771
f 1715/1870/772 1712/1869/772 1711/2897/772 1716/3255/772
f 1720/691/773 1723/3243/773 1721/3244/773 1718/686/773
f 1719/3249/774 1720/3248/774 1718/3245/774 1717/3246/774
f 1724/1316/775 1719/694/775 1717/687/775 1722/2190/775
f 1723/3246/776 1724/3245/776 1722/1168/776 1721/3247/776
f 1722/153/777 1717/2763/777 1718/2434/777 1721/2433/777
f 1723/2386/778 1720/2385/778 1719/2752/778 1724/695/778
f 1728/2047/610 1731/3256/610 1729/2717/610 1726/2716/610
f 1727/3257/1 1728/3258/1 1726/3259/1 1725/3260/1
f 1732/3261/779 1727/3262/779 1725/3258/779 1730/3257/779
f 1731/3263/93 1732/3264/93 1730/3262/93 1729/3261/93
f 1730/471/511 1725/3265/511 1726/2142/511 1729/468/511
f 1731/3266/510 1728/64/510 1727/1606/510 1732/2780/510
f 1736/3267/297 1739/3268/297 1737/3269/297 1734/3270/297
f 1735/3271/1 1736/3272/1 1734/3273/1 1733/3274/1
f 1740/3275/298 1735/3276/298 1733/3277/298 1738/3278/298
f 1739/3279/93 1740/3280/93 1738/3281/93 1737/3282/93
f 1738/3283/6 1733/3284/6 1734/3285/6 1737/3286/6
f 1739/3287/7 1736/3288/7 1735/3289/7 1740/3290/7
f 1744/3268/297 1747/3267/297 1745/3270/297 1742/3269/297
f 1743/3280/1 1744/3279/1 1742/3282/1 1741/3281/1
f 1748/3276/298 1743/3275/298 1741/3278/298 1746/3277/298
f 1747/3272/93 1748/3271/93 1746/3274/93 1745/3273/93
f 1746/3284/6 1741/3283/6 1742/3286/6 1745/3285/6
f 1747/3288/7 1744/3287/7 1743/3290/7 1748/3289/7
f 1752/3267/297 1755/3268/297 1753/3269/297 1750/3270/297
f 1751/3271/1 1752/3272/1 1750/3273/1 1749/3274/1
f 1756/3275/298 1751/3276/298 1749/3277/298 1754/3278/298
f 1755/3279/93 1756/3280/93 1754/3281/93 1753/3282/93
f 1754/3283/6 1749/3284/6 1750/3285/6 1753/3286/6
f 1755/3287/7 1752/3288/7 1751/3289/7 1756/3290/7
o w1
v -0.056229 0.696741 4.236673
v -0.056229 0.485169 4.430542
v -0.056230 0.575572 4.104441
v -0.056229 0.364000 4.298311
v 0.169420 0.485169 4.430542
v 0.169420 0.696741 4.236672
v 0.169420 0.364000 4.298310
v 0.169420 0.575572 4.104441
v -0.056588 0.493366 4.251019
v -0.056588 0.485512 4.430916
v -0.056588 0.205958 4.238470
v -0.056588 0.198103 4.418369
v 0.169779 0.485512 4.430917
v 0.169779 0.493366 4.251019
v 0.169779 0.198103 4.418368
v 0.169779 0.205958 4.238470
v -0.056588 0.196680 3.927244
v -0.056588 0.184132 4.214652
v -0.056588 0.016782 3.919389
v -0.056588 0.004233 4.206797
v 0.169779 0.184132 4.214651
v 0.169779 0.196680 3.927243
v 0.169778 0.004233 4.206796
v 0.169779 0.016782 3.919389
v -0.056229 0.136840 4.085286
v -0.056229 0.330710 4.296856
v -0.056229 0.004607 4.206454
v -0.056229 0.198478 4.418025
v 0.169420 0.330710 4.296856
v 0.169420 0.136840 4.085285
v 0.169421 0.198478 4.418025
v 0.169421 0.004607 4.206453
v -0.031339 0.550449 3.838300
v -0.031339 0.531667 4.268479
v -0.031339 0.120268 3.819518
v -0.031339 0.101486 4.249697
v 0.158584 0.531667 4.268479
v 0.158584 0.550449 3.838300
v 0.158584 0.101486 4.249698
v 0.158584 0.120268 3.819518
v -0.056587 0.709632 3.949640
v -0.056587 0.697084 4.237047
v -0.056588 0.529734 3.941786
v -0.056588 0.517185 4.229192
v 0.169779 0.697084 4.237047
v 0.169779 0.709632 3.949640
v 0.169779 0.517185 4.229193
v 0.169779 0.529734 3.941786
v -0.056588 0.515762 3.738068
v -0.056588 0.507908 3.917967
v -0.056588 0.228354 3.725520
v -0.056588 0.220499 3.905418
v 0.169779 0.507908 3.917966
v 0.169779 0.515762 3.738068
v 0.169779 0.220499 3.905418
v 0.169779 0.228354 3.725520
v -0.056229 0.349866 3.858125
v -0.056229 0.138293 4.051996
v -0.056229 0.228697 3.725894
v -0.056229 0.017124 3.919764
v 0.169420 0.138293 4.051995
v 0.169420 0.349866 3.858125
v 0.169420 0.017124 3.919763
v 0.169420 0.228697 3.725894
v -0.056229 0.515388 3.738411
v -0.056229 0.709258 3.949982
v -0.056229 0.383155 3.859580
v -0.056229 0.577026 4.071151
v 0.169420 0.709258 3.949982
v 0.169420 0.515388 3.738411
v 0.169420 0.577026 4.071150
v 0.169420 0.383155 3.859579
v -0.000000 1.755394 4.490701
v -0.000001 1.743919 4.621864
v 0.000000 0.955303 4.420703
v -0.000000 0.943828 4.551866
v 0.105331 1.743919 4.621864
v 0.105331 1.755394 4.490702
v 0.105331 0.943828 4.551866
v 0.105330 0.955303 4.420703
v -0.105330 0.947055 4.533728
v -0.105331 0.879350 4.614416
v -0.105331 0.382238 4.059792
v -0.105330 0.314533 4.140480
v 0.210661 0.879350 4.614416
v 0.210661 0.947055 4.533728
v 0.210661 0.314533 4.140480
v 0.210661 0.382238 4.059792
v -0.157996 1.912789 4.504473
v -0.157996 1.901314 4.635634
v -0.157996 1.637348 4.480374
v -0.157995 1.625873 4.611536
v 0.263326 1.901314 4.635634
v 0.263326 1.912789 4.504473
v 0.263326 1.625873 4.611537
v 0.263326 1.637348 4.480374
v -0.021178 1.950036 4.683004
v 0.042943 1.942753 4.766252
v -0.021178 0.887620 4.590055
v 0.042943 0.880337 4.673302
v 0.126508 1.948342 4.702374
v 0.062387 1.955625 4.619128
v 0.126508 0.885925 4.609424
v 0.062387 0.893208 4.526178
v -0.081946 0.784107 3.957291
v -0.081947 0.771558 4.244698
v -0.081947 0.408215 3.940878
v -0.081947 0.395667 4.228286
v 0.194420 0.771558 4.244698
v 0.194420 0.784107 3.957291
v 0.194420 0.395667 4.228286
v 0.194420 0.408215 3.940879
v -0.080604 0.434334 3.637631
v -0.080604 0.783224 3.957330
v -0.080604 0.266281 3.821029
v -0.080604 0.615171 4.140726
v 0.193795 0.783224 3.957330
v 0.193795 0.434334 3.637631
v 0.193795 0.615171 4.140726
v 0.193795 0.266281 3.821028
v 0.025000 1.083574 4.621928
v 0.025000 1.075403 4.715322
v 0.025000 1.008859 4.615392
v 0.025000 1.000689 4.708785
v 0.100000 1.075403 4.715322
v 0.099999 1.083574 4.621929
v 0.099999 1.000689 4.708786
v 0.100000 1.008859 4.615392
vn -0.0000 -0.7373 0.6756
vn -1.0000 -0.0000 -0.0000
vn -0.0000 0.7373 -0.6756
vn 1.0000 -0.0000 -0.0000
vn -0.0000 0.6756 0.7373
vn -0.0000 -0.6756 -0.7373
vn -0.0000 -0.0436 0.9990
vn -0.0000 0.0436 -0.9990
vn -0.0000 0.9990 0.0436
vn -0.0000 -0.9990 -0.0436
vn -0.0000 -0.0872 0.9962
vn -0.0000 0.0872 -0.9962
vn -0.0000 0.9962 0.0872
vn -0.0000 -0.9962 -0.0872
vn -0.0000 -0.6428 0.7660
vn -0.0000 0.6428 -0.7660
vn -0.0000 0.7660 0.6428
vn -0.0000 -0.7660 -0.6428
vn 0.6088 -0.0691 0.7903
vn -0.7934 -0.0531 0.6064
vn -0.6088 0.0691 -0.7903
vn 0.7934 0.0531 -0.6064
vn -0.0000 0.7373 0.6756
vn -0.0000 -0.7373 -0.6756
vn -0.0000 0.6756 -0.7373
vn -0.0000 -0.6756 0.7373
vn -0.0000 0.0871 -0.9962
vt 0.455078 0.947266
vt 0.458984 0.947266
vt 0.458984 0.950195
vt 0.455078 0.950195
vt 0.477539 0.767578
vt 0.482422 0.767578
vt 0.482422 0.770508
vt 0.477539 0.770508
vt 0.479492 0.534180
vt 0.483398 0.534180
vt 0.483398 0.537109
vt 0.479492 0.537109
vt 0.477539 0.548828
vt 0.482422 0.548828
vt 0.482422 0.551758
vt 0.477539 0.551758
vt 0.330078 0.934570
vt 0.326172 0.934570
vt 0.326172 0.929688
vt 0.330078 0.929688
vt 0.457031 0.635742
vt 0.453125 0.635742
vt 0.453125 0.640625
vt 0.457031 0.640625
vt 0.154297 0.519531
vt 0.158203 0.519531
vt 0.158203 0.524414
vt 0.154297 0.524414
vt 0.368164 0.667969
vt 0.371094 0.667969
vt 0.371094 0.672852
vt 0.368164 0.672852
vt 0.165039 0.519531
vt 0.168945 0.519531
vt 0.168945 0.524414
vt 0.165039 0.524414
vt 0.304688 0.515625
vt 0.307617 0.515625
vt 0.307617 0.520508
vt 0.304688 0.520508
vt 0.484375 0.886719
vt 0.480469 0.886719
vt 0.480469 0.883789
vt 0.484375 0.883789
vt 0.484375 0.865234
vt 0.480469 0.865234
vt 0.480469 0.868164
vt 0.484375 0.868164
vt 0.480469 0.846680
vt 0.484375 0.846680
vt 0.484375 0.849609
vt 0.480469 0.849609
vt 0.478516 0.797852
vt 0.483398 0.797852
vt 0.483398 0.800781
vt 0.478516 0.800781
vt 0.154297 0.516602
vt 0.158203 0.516602
vt 0.478516 0.742188
vt 0.483398 0.742188
vt 0.483398 0.745117
vt 0.478516 0.745117
vt 0.179688 0.524414
vt 0.175781 0.524414
vt 0.175781 0.519531
vt 0.179688 0.519531
vt 0.219727 0.519531
vt 0.215820 0.519531
vt 0.215820 0.524414
vt 0.219727 0.524414
vt 0.165039 0.516602
vt 0.168945 0.516602
vt 0.479492 0.928711
vt 0.484375 0.928711
vt 0.484375 0.931641
vt 0.479492 0.931641
vt 0.480469 0.829102
vt 0.484375 0.829102
vt 0.484375 0.832031
vt 0.480469 0.832031
vt 0.479492 0.902344
vt 0.484375 0.902344
vt 0.484375 0.905273
vt 0.479492 0.905273
vt 0.281250 0.524414
vt 0.277344 0.524414
vt 0.277344 0.519531
vt 0.281250 0.519531
vt 0.311523 0.519531
vt 0.307617 0.519531
vt 0.307617 0.524414
vt 0.311523 0.524414
vt 0.324219 0.711914
vt 0.327148 0.711914
vt 0.327148 0.718750
vt 0.324219 0.718750
vt 0.456055 0.879883
vt 0.462891 0.879883
vt 0.462891 0.886719
vt 0.456055 0.886719
vt 0.006836 0.517578
vt 0.009766 0.517578
vt 0.009766 0.524414
vt 0.006836 0.524414
vt 0.458008 0.928711
vt 0.464844 0.928711
vt 0.464844 0.935547
vt 0.458008 0.935547
vt 0.127930 0.524414
vt 0.125000 0.524414
vt 0.125000 0.517578
vt 0.127930 0.517578
vt 0.145508 0.517578
vt 0.142578 0.517578
vt 0.142578 0.524414
vt 0.145508 0.524414
vt 0.175781 0.516602
vt 0.179688 0.516602
vt 0.479492 0.711914
vt 0.484375 0.711914
vt 0.484375 0.714844
vt 0.479492 0.714844
vt 0.480469 0.817383
vt 0.484375 0.817383
vt 0.484375 0.820312
vt 0.480469 0.820312
vt 0.335938 0.517578
vt 0.340820 0.517578
vt 0.340820 0.520508
vt 0.335938 0.520508
vt 0.366211 0.524414
vt 0.362305 0.524414
vt 0.362305 0.519531
vt 0.366211 0.519531
vt 0.404297 0.519531
vt 0.400391 0.519531
vt 0.400391 0.524414
vt 0.404297 0.524414
vt 0.463867 0.519531
vt 0.467773 0.519531
vt 0.467773 0.524414
vt 0.463867 0.524414
vt 0.377930 0.515625
vt 0.380859 0.515625
vt 0.380859 0.520508
vt 0.377930 0.520508
vt 0.476562 0.863281
vt 0.480469 0.863281
vt 0.476562 0.868164
vt 0.383789 0.515625
vt 0.383789 0.520508
vt 0.215820 0.516602
vt 0.219727 0.516602
vt 0.484375 0.764648
vt 0.480469 0.764648
vt 0.480469 0.767578
vt 0.484375 0.767578
vt 0.480469 0.761719
vt 0.484375 0.761719
vt 0.394531 0.517578
vt 0.399414 0.517578
vt 0.399414 0.520508
vt 0.394531 0.520508
vt 0.480469 0.758789
vt 0.484375 0.758789
vt 0.418945 0.517578
vt 0.423828 0.517578
vt 0.423828 0.520508
vt 0.418945 0.520508
vt 0.476562 0.849609
vt 0.476562 0.844727
vt 0.480469 0.844727
vt 0.480469 0.827148
vt 0.476562 0.827148
vt 0.476562 0.832031
vt 0.480469 0.755859
vt 0.484375 0.755859
vt 0.428711 0.517578
vt 0.428711 0.520508
vt 0.480469 0.727539
vt 0.484375 0.727539
vt 0.484375 0.730469
vt 0.480469 0.730469
vt 0.433594 0.517578
vt 0.433594 0.520508
vt 0.454102 0.523438
vt 0.450195 0.523438
vt 0.450195 0.518555
vt 0.454102 0.518555
vt 0.471680 0.518555
vt 0.467773 0.518555
vt 0.467773 0.523438
vt 0.471680 0.523438
vt 0.251953 0.514648
vt 0.253906 0.514648
vt 0.253906 0.527344
vt 0.251953 0.527344
vt 0.255859 0.514648
vt 0.255859 0.527344
vt 0.330078 0.514648
vt 0.332031 0.514648
vt 0.332031 0.527344
vt 0.330078 0.527344
vt 0.333984 0.514648
vt 0.333984 0.527344
vt 0.162109 0.588867
vt 0.160156 0.588867
vt 0.160156 0.586914
vt 0.162109 0.586914
vt 0.479492 0.806641
vt 0.477539 0.806641
vt 0.477539 0.808594
vt 0.479492 0.808594
vt 0.087891 0.537109
vt 0.092773 0.537109
vt 0.092773 0.548828
vt 0.087891 0.548828
vt 0.388672 0.515625
vt 0.390625 0.515625
vt 0.390625 0.527344
vt 0.388672 0.527344
vt 0.288086 0.537109
vt 0.292969 0.537109
vt 0.292969 0.548828
vt 0.288086 0.548828
vt 0.392578 0.515625
vt 0.392578 0.527344
vt 0.486328 0.776367
vt 0.481445 0.776367
vt 0.481445 0.774414
vt 0.486328 0.774414
vt 0.486328 0.772461
vt 0.481445 0.772461
vt 0.470703 0.661133
vt 0.477539 0.661133
vt 0.477539 0.665039
vt 0.470703 0.665039
vt 0.129883 0.512695
vt 0.131836 0.512695
vt 0.131836 0.516602
vt 0.129883 0.516602
vt 0.471680 0.990234
vt 0.478516 0.990234
vt 0.478516 0.994141
vt 0.471680 0.994141
vt 0.136719 0.512695
vt 0.138672 0.512695
vt 0.138672 0.516602
vt 0.136719 0.516602
vt 0.307617 0.795898
vt 0.300781 0.795898
vt 0.300781 0.793945
vt 0.307617 0.793945
vt 0.333984 0.795898
vt 0.327148 0.795898
vt 0.327148 0.797852
vt 0.333984 0.797852
vt 0.364258 0.983398
vt 0.366211 0.983398
vt 0.366211 1.000000
vt 0.364258 1.000000
vt 0.332031 0.592773
vt 0.333984 0.592773
vt 0.333984 0.609375
vt 0.332031 0.609375
vt 0.120117 0.590820
vt 0.122070 0.590820
vt 0.122070 0.607422
vt 0.120117 0.607422
vt 0.026367 0.515625
vt 0.028320 0.515625
vt 0.028320 0.532227
vt 0.026367 0.532227
vt 0.427734 0.516602
vt 0.425781 0.516602
vt 0.425781 0.514648
vt 0.427734 0.514648
vt 0.455078 0.514648
vt 0.453125 0.514648
vt 0.453125 0.516602
vt 0.455078 0.516602
vt 0.473633 0.806641
vt 0.477539 0.812500
vt 0.473633 0.812500
vt 0.469727 0.888672
vt 0.474609 0.888672
vt 0.474609 0.894531
vt 0.469727 0.894531
vt 0.270508 0.520508
vt 0.274414 0.520508
vt 0.274414 0.526367
vt 0.270508 0.526367
vt 0.469727 0.880859
vt 0.474609 0.880859
vt 0.474609 0.886719
vt 0.469727 0.886719
vt 0.481445 0.946289
vt 0.477539 0.946289
vt 0.477539 0.941406
vt 0.481445 0.941406
vt 0.091797 0.517578
vt 0.087891 0.517578
vt 0.087891 0.522461
vt 0.091797 0.522461
vt 0.035156 0.683594
vt 0.039062 0.683594
vt 0.039062 0.687500
vt 0.035156 0.687500
vt 0.267578 0.929688
vt 0.275391 0.929688
vt 0.275391 0.933594
vt 0.267578 0.933594
vt 0.033203 0.555664
vt 0.037109 0.555664
vt 0.037109 0.559570
vt 0.033203 0.559570
vt 0.469727 0.931641
vt 0.477539 0.931641
vt 0.477539 0.935547
vt 0.469727 0.935547
vt 0.473633 0.913086
vt 0.469727 0.913086
vt 0.469727 0.905273
vt 0.473633 0.905273
vt 0.473633 0.835938
vt 0.469727 0.835938
vt 0.469727 0.843750
vt 0.473633 0.843750
vt 0.000000 0.452148
vt 0.001953 0.452148
vt 0.001953 0.454102
vt 0.000000 0.454102
vt 0.000000 0.394531
vt 0.001953 0.394531
vt 0.001953 0.396484
vt 0.000000 0.396484
vt 0.000000 0.361328
vt 0.001953 0.361328
vt 0.001953 0.363281
vt 0.000000 0.363281
vt 0.000000 0.473633
vt 0.001953 0.473633
vt 0.001953 0.475586
vt 0.000000 0.475586
vt 0.000000 0.388672
vt 0.001953 0.388672
vt 0.001953 0.390625
vt 0.000000 0.390625
vt 0.000000 0.425781
vt 0.001953 0.425781
vt 0.001953 0.427734
vt 0.000000 0.427734
s 1
usemtl SU-25_tex_Belorus_1.png.001
f 1760/3291/780 1763/3292/780 1761/3293/780 1758/3294/780
f 1759/3295/781 1760/3296/781 1758/3297/781 1757/3298/781
f 1764/3299/782 1759/3300/782 1757/3301/782 1762/3302/782
f 1763/3303/783 1764/3304/783 1762/3305/783 1761/3306/783
f 1762/3307/784 1757/3308/784 1758/3309/784 1761/3310/784
f 1763/3311/785 1760/3312/785 1759/3313/785 1764/3314/785
f 1768/3315/786 1771/3316/786 1769/3317/786 1766/3318/786
f 1767/3319/781 1768/3320/781 1766/3321/781 1765/3322/781
f 1772/3323/787 1767/3324/787 1765/3325/787 1770/3326/787
f 1771/3327/783 1772/3328/783 1770/3329/783 1769/3330/783
f 1770/3331/788 1765/3332/788 1766/3333/788 1769/3334/788
f 1771/3335/789 1768/3336/789 1767/3337/789 1772/3338/789
f 1776/3339/786 1779/3340/786 1777/3341/786 1774/3342/786
f 1775/3343/781 1776/3344/781 1774/3345/781 1773/3346/781
f 1780/3347/787 1775/3348/787 1773/3316/787 1778/3315/787
f 1779/3349/783 1780/3350/783 1778/3351/783 1777/3352/783
f 1778/3353/788 1773/3354/788 1774/3355/788 1777/3356/788
f 1779/3357/789 1776/3358/789 1775/3359/789 1780/3360/789
f 1784/3361/784 1787/3362/784 1785/3324/784 1782/3323/784
f 1783/3363/781 1784/3364/781 1782/3365/781 1781/3366/781
f 1788/3367/785 1783/3368/785 1781/3369/785 1786/3370/785
f 1787/3371/783 1788/3372/783 1786/3373/783 1785/3374/783
f 1786/3375/782 1781/3376/782 1782/3377/782 1785/3378/782
f 1787/3379/780 1784/3380/780 1783/3381/780 1788/3382/780
f 1792/3383/786 1795/3384/786 1793/3385/786 1790/3386/786
f 1791/3387/781 1792/3388/781 1790/3389/781 1789/3390/781
f 1796/3391/787 1791/3392/787 1789/3393/787 1794/3394/787
f 1795/3395/783 1796/3396/783 1794/3397/783 1793/3398/783
f 1794/3399/788 1789/3400/788 1790/3401/788 1793/3402/788
f 1795/3403/789 1792/3404/789 1791/3405/789 1796/3406/789
f 1800/3407/786 1803/3408/786 1801/3356/786 1798/3355/786
f 1799/3409/781 1800/3410/781 1798/3411/781 1797/3412/781
f 1804/3413/787 1799/3414/787 1797/3415/787 1802/3416/787
f 1803/3417/783 1804/3418/783 1802/3419/783 1801/3420/783
f 1802/3421/788 1797/3422/788 1798/3423/788 1801/3424/788
f 1803/3425/789 1800/3426/789 1799/3427/789 1804/3428/789
f 1808/3429/786 1811/3430/786 1809/3431/786 1806/3432/786
f 1807/3433/781 1808/3434/781 1806/3435/781 1805/3436/781
f 1812/3437/787 1807/3438/787 1805/3337/787 1810/3439/787
f 1811/3434/783 1812/3440/783 1810/3441/783 1809/3435/783
f 1810/3357/788 1805/3358/788 1806/3442/788 1809/3443/788
f 1811/3444/789 1808/3445/789 1807/3446/789 1812/3447/789
f 1816/3448/780 1819/3449/780 1817/3444/780 1814/3445/780
f 1815/3450/781 1816/3451/781 1814/3452/781 1813/3453/781
f 1820/3454/782 1815/3455/782 1813/3449/782 1818/3448/782
f 1819/3456/783 1820/3457/783 1818/3458/783 1817/3459/783
f 1818/3342/784 1813/3460/784 1814/3461/784 1817/3462/784
f 1819/3463/785 1816/3464/785 1815/3465/785 1820/3370/785
f 1824/3466/784 1827/3467/784 1825/3455/784 1822/3454/784
f 1823/3457/781 1824/3468/781 1822/3469/781 1821/3458/781
f 1828/3470/785 1823/3471/785 1821/3472/785 1826/3473/785
f 1827/3468/783 1828/3474/783 1826/3475/783 1825/3469/783
f 1826/3476/782 1821/3477/782 1822/3478/782 1825/3479/782
f 1827/3480/780 1824/3481/780 1823/3482/780 1828/3483/780
f 1832/3484/790 1835/3485/790 1833/3486/790 1830/3487/790
f 1831/3485/781 1832/3488/781 1830/3489/781 1829/3486/781
f 1836/3490/791 1831/3491/791 1829/3492/791 1834/3493/791
f 1835/3491/783 1836/3494/783 1834/3495/783 1833/3492/783
f 1834/3496/792 1829/3497/792 1830/3498/792 1833/3499/792
f 1835/3500/793 1832/3501/793 1831/3502/793 1836/3503/793
f 1840/3504/794 1843/3505/794 1841/3506/794 1838/3507/794
f 1839/3508/781 1840/3509/781 1838/3510/781 1837/3511/781
f 1844/3512/795 1839/3513/795 1837/3514/795 1842/3515/795
f 1843/3509/783 1844/3516/783 1842/3517/783 1841/3510/783
f 1842/3518/796 1837/3519/796 1838/3520/796 1841/3521/796
f 1843/3522/797 1840/3523/797 1839/3520/797 1844/3521/797
f 1848/3524/790 1851/3525/790 1849/3526/790 1846/3527/790
f 1847/3528/781 1848/3529/781 1846/3530/781 1845/3531/781
f 1852/3532/791 1847/3533/791 1845/3534/791 1850/3535/791
f 1851/3536/783 1852/3537/783 1850/3538/783 1849/3539/783
f 1850/3540/792 1845/3541/792 1846/3542/792 1849/3543/792
f 1851/3544/793 1848/3545/793 1847/3546/793 1852/3547/793
f 1856/3548/798 1859/3549/798 1857/3550/798 1854/3551/798
f 1855/3552/799 1856/3553/799 1854/3554/799 1853/3555/799
f 1860/3556/800 1855/3557/800 1853/3558/800 1858/3559/800
f 1859/3560/801 1860/3561/801 1858/3562/801 1857/3563/801
f 1858/3564/792 1853/3565/792 1854/3566/792 1857/3567/792
f 1859/3568/793 1856/3569/793 1855/3570/793 1860/3571/793
f 1864/3572/786 1867/3501/786 1865/3573/786 1862/3574/786
f 1863/3575/781 1864/3576/781 1862/3577/781 1861/3578/781
f 1868/3579/787 1863/3580/787 1861/3581/787 1866/3582/787
f 1867/3583/783 1868/3584/783 1866/3585/783 1865/3586/783
f 1866/3587/788 1861/3588/788 1862/3589/788 1865/3590/788
f 1867/3591/789 1864/3592/789 1863/3593/789 1868/3594/789
f 1872/3595/802 1875/3596/802 1873/3597/802 1870/3598/802
f 1871/3599/781 1872/3600/781 1870/3601/781 1869/3602/781
f 1876/3603/803 1871/3604/803 1869/3605/803 1874/3606/803
f 1875/3607/783 1876/3608/783 1874/3609/783 1873/3610/783
f 1874/3611/804 1869/3612/804 1870/3613/804 1873/3614/804
f 1875/3615/805 1872/3616/805 1871/3617/805 1876/3618/805
f 1880/3619/790 1883/3620/790 1881/3621/790 1878/3622/790
f 1879/3623/781 1880/3624/781 1878/3625/781 1877/3626/781
f 1884/3627/806 1879/3628/806 1877/3629/806 1882/3630/806
f 1883/3631/783 1884/3632/783 1882/3633/783 1881/3634/783
f 1882/3635/792 1877/3636/792 1878/3637/792 1881/3638/792
f 1883/3639/793 1880/3640/793 1879/3641/793 1884/3642/793
o w2
v 1.118242 0.662533 -0.493588
v 1.117277 0.673629 -0.239935
v 1.100616 0.257669 -0.475945
v 1.099651 0.268765 -0.222291
v 1.436151 0.659826 -0.238117
v 1.437116 0.648730 -0.491771
v 1.418524 0.254962 -0.220474
v 1.419490 0.243866 -0.474128
v 1.129587 0.960605 -0.220200
v 1.128045 0.978332 0.185040
v 1.118554 0.707186 -0.209156
v 1.117012 0.724913 0.196083
v 1.446919 0.964528 0.186857
v 1.448461 0.946802 -0.218382
v 1.435886 0.711110 0.197901
v 1.437428 0.693383 -0.207339
v 1.115490 0.694171 0.229664
v 1.114525 0.705267 0.483318
v 1.097864 0.289307 0.247307
v 1.096899 0.300403 0.500960
v 1.433398 0.691464 0.485135
v 1.434364 0.680368 0.231481
v 1.415772 0.286599 0.502778
v 1.416737 0.275504 0.249124
v 1.098129 0.238023 -0.188711
v 1.096587 0.255750 0.216528
v 1.087096 -0.015395 -0.177668
v 1.085554 0.002331 0.227572
v 1.415460 0.241946 0.218346
v 1.417003 0.224220 -0.186894
v 1.404428 -0.011472 0.229389
v 1.405970 -0.029199 -0.175850
v 1.118724 0.662028 -0.493058
v 1.130068 0.960100 -0.219670
v 1.110274 0.491363 -0.306635
v 1.121618 0.789435 -0.033246
v 1.447931 0.946341 -0.217858
v 1.436587 0.648269 -0.491247
v 1.439481 0.775675 -0.031435
v 1.428137 0.477604 -0.304823
v 1.128530 0.977783 0.184559
v 1.115010 0.704718 0.482837
v 1.121440 0.791488 0.013692
v 1.107920 0.518423 0.311969
v 1.432873 0.690959 0.484649
v 1.446393 0.964023 0.186371
v 1.425783 0.504664 0.313780
v 1.439302 0.777729 0.015503
v 1.094534 0.173457 0.040624
v 1.105878 0.471529 0.314013
v 1.086084 0.002792 0.227047
v 1.097428 0.300864 0.500436
v 1.423741 0.457769 0.315824
v 1.412397 0.159698 0.042436
v 1.415291 0.287104 0.502248
v 1.403947 -0.010967 0.228859
v 1.155672 0.721993 -0.356853
v 1.153364 0.748525 0.249692
v 1.129290 0.116009 -0.330446
v 1.126982 0.142542 0.276100
v 1.420900 0.736945 0.251217
v 1.423208 0.710412 -0.355328
v 1.394518 0.130961 0.277625
v 1.396826 0.104428 -0.328921
v 1.108232 0.444469 -0.304591
v 1.094712 0.171404 -0.006314
v 1.101142 0.258174 -0.475459
v 1.087622 -0.014890 -0.177182
v 1.412575 0.157645 -0.004502
v 1.426095 0.430710 -0.302780
v 1.405485 -0.028650 -0.175370
v 1.419005 0.244415 -0.473647
v 0.917583 0.906356 0.609540
v 0.911216 0.769665 0.688519
v 0.906594 0.577434 0.039391
v 0.900227 0.440743 0.118370
v 1.069061 0.762832 0.689419
v 1.075428 0.899523 0.610439
v 1.058072 0.433911 0.119270
v 1.064439 0.570602 0.040290
v 0.966486 1.887349 0.385149
v 1.030864 1.902656 0.467098
v 0.915567 0.744421 0.638628
v 0.979945 0.759728 0.720578
v 1.114105 1.885169 0.404972
v 1.049727 1.869862 0.323023
v 1.063186 0.742241 0.658451
v 0.998808 0.726934 0.576502
v 0.977826 1.643185 0.260369
v 0.978326 1.671672 0.388912
v 0.938349 0.757095 0.456887
v 0.938850 0.785582 0.585430
v 1.083557 1.667117 0.389512
v 1.083056 1.638630 0.260968
v 1.044080 0.781027 0.586030
v 1.043580 0.752540 0.457486
v 0.826846 1.804121 0.225292
v 0.827347 1.832607 0.353836
v 0.814831 1.534441 0.285102
v 0.815332 1.562928 0.413645
v 1.248267 1.814387 0.356235
v 1.247767 1.785900 0.227691
v 1.236253 1.544707 0.416044
v 1.235752 1.516221 0.287501
v 0.906954 0.615425 0.154950
v 0.897746 0.403915 0.164167
v 0.907760 0.606164 -0.056757
v 0.898552 0.394654 -0.047540
v 1.162071 0.392473 0.165674
v 1.171279 0.603983 0.156457
v 1.162876 0.383212 -0.046034
v 1.172084 0.594722 -0.055251
vn -0.0038 0.0437 0.9990
vn -0.9990 0.0432 -0.0057
vn 0.0038 -0.0437 -0.9990
vn 0.9990 -0.0432 0.0057
vn 0.0435 0.9981 -0.0435
vn -0.0435 -0.9981 0.0435
vn 0.0280 0.7367 0.6757
vn -0.0280 -0.7367 -0.6757
vn 0.0334 0.6749 -0.7372
vn -0.0334 -0.6749 0.7372
vn -0.0403 -0.8652 0.4999
vn 0.0403 0.8652 -0.4999
vn 0.0167 0.4996 0.8661
vn -0.0167 -0.4996 -0.8661
vn 0.6112 0.1453 0.7780
vn -0.7903 0.1660 0.5898
vn -0.6112 -0.1453 -0.7780
vn 0.7903 -0.1660 -0.5898
vn 0.0435 0.9754 -0.2163
vn -0.0435 -0.9754 0.2163
vn 0.0038 0.2164 0.9763
vn -0.0038 -0.2164 -0.9763
vt 0.469727 0.814453
vt 0.474609 0.814453
vt 0.474609 0.820312
vt 0.469727 0.820312
vt 0.473633 0.528320
vt 0.477539 0.528320
vt 0.477539 0.534180
vt 0.473633 0.534180
vt 0.182617 0.524414
vt 0.187500 0.524414
vt 0.187500 0.530273
vt 0.182617 0.530273
vt 0.473633 0.522461
vt 0.477539 0.522461
vt 0.481445 0.854492
vt 0.476562 0.854492
vt 0.476562 0.850586
vt 0.481445 0.850586
vt 0.482422 0.931641
vt 0.477539 0.931641
vt 0.477539 0.935547
vt 0.482422 0.935547
vt 0.097656 0.518555
vt 0.102539 0.518555
vt 0.102539 0.522461
vt 0.097656 0.522461
vt 0.474609 0.890625
vt 0.480469 0.890625
vt 0.480469 0.894531
vt 0.474609 0.894531
vt 0.477539 0.808594
vt 0.482422 0.808594
vt 0.482422 0.812500
vt 0.477539 0.812500
vt 0.474609 0.882812
vt 0.480469 0.882812
vt 0.480469 0.886719
vt 0.474609 0.886719
vt 0.474609 0.767578
vt 0.469727 0.767578
vt 0.469727 0.761719
vt 0.474609 0.761719
vt 0.474609 0.755859
vt 0.469727 0.755859
vt 0.469727 0.634766
vt 0.474609 0.634766
vt 0.474609 0.640625
vt 0.469727 0.640625
vt 0.074219 0.519531
vt 0.078125 0.519531
vt 0.078125 0.525391
vt 0.074219 0.525391
vt 0.469727 0.628906
vt 0.474609 0.628906
vt 0.474609 0.854492
vt 0.478516 0.854492
vt 0.478516 0.860352
vt 0.474609 0.860352
vt 0.210938 0.522461
vt 0.206055 0.522461
vt 0.206055 0.518555
vt 0.210938 0.518555
vt 0.215820 0.518555
vt 0.215820 0.522461
vt 0.477539 0.731445
vt 0.482422 0.731445
vt 0.482422 0.735352
vt 0.477539 0.735352
vt 0.474609 0.816406
vt 0.480469 0.816406
vt 0.480469 0.820312
vt 0.477539 0.707031
vt 0.482422 0.707031
vt 0.482422 0.710938
vt 0.477539 0.710938
vt 0.474609 0.763672
vt 0.480469 0.763672
vt 0.480469 0.767578
vt 0.474609 0.616211
vt 0.469727 0.616211
vt 0.469727 0.610352
vt 0.474609 0.610352
vt 0.405273 0.524414
vt 0.400391 0.524414
vt 0.400391 0.530273
vt 0.405273 0.530273
vt 0.477539 0.661133
vt 0.482422 0.661133
vt 0.482422 0.665039
vt 0.477539 0.665039
vt 0.474609 0.759766
vt 0.480469 0.759766
vt 0.477539 0.620117
vt 0.482422 0.620117
vt 0.482422 0.624023
vt 0.477539 0.624023
vt 0.480469 0.755859
vt 0.474609 0.548828
vt 0.469727 0.548828
vt 0.469727 0.542969
vt 0.474609 0.542969
vt 0.468750 0.524414
vt 0.463867 0.524414
vt 0.463867 0.530273
vt 0.468750 0.530273
vt 0.477539 0.616211
vt 0.482422 0.616211
vt 0.474609 0.636719
vt 0.480469 0.636719
vt 0.480469 0.640625
vt 0.477539 0.530273
vt 0.482422 0.530273
vt 0.482422 0.534180
vt 0.474609 0.632812
vt 0.480469 0.632812
vt 0.475586 0.982422
vt 0.470703 0.982422
vt 0.470703 0.976562
vt 0.475586 0.976562
vt 0.475586 0.958984
vt 0.470703 0.958984
vt 0.470703 0.964844
vt 0.475586 0.964844
vt 0.477539 0.526367
vt 0.482422 0.526367
vt 0.480469 0.628906
vt 0.473633 0.518555
vt 0.478516 0.518555
vt 0.478516 0.522461
vt 0.474609 0.612305
vt 0.480469 0.612305
vt 0.480469 0.616211
vt 0.044922 0.529297
vt 0.040039 0.529297
vt 0.040039 0.523438
vt 0.044922 0.523438
vt 0.475586 0.953125
vt 0.470703 0.953125
vt 0.375000 0.525391
vt 0.378906 0.525391
vt 0.378906 0.535156
vt 0.375000 0.535156
vt 0.420898 0.588867
vt 0.430664 0.588867
vt 0.430664 0.598633
vt 0.420898 0.598633
vt 0.464844 0.530273
vt 0.468750 0.540039
vt 0.464844 0.540039
vt 0.420898 0.579102
vt 0.430664 0.579102
vt 0.469727 0.923828
vt 0.465820 0.923828
vt 0.465820 0.914062
vt 0.469727 0.914062
vt 0.469727 0.904297
vt 0.465820 0.904297
vt 0.482422 0.522461
vt 0.437500 0.521484
vt 0.443359 0.521484
vt 0.443359 0.525391
vt 0.437500 0.525391
vt 0.478516 0.990234
vt 0.483398 0.990234
vt 0.483398 0.994141
vt 0.478516 0.994141
vt 0.474609 0.544922
vt 0.480469 0.544922
vt 0.480469 0.548828
vt 0.049805 0.529297
vt 0.049805 0.523438
vt 0.054688 0.523438
vt 0.054688 0.529297
vt 0.447266 0.521484
vt 0.450195 0.521484
vt 0.450195 0.532227
vt 0.447266 0.532227
vt 0.460938 0.521484
vt 0.463867 0.521484
vt 0.463867 0.532227
vt 0.460938 0.532227
vt 0.468750 0.682617
vt 0.471680 0.682617
vt 0.471680 0.693359
vt 0.468750 0.693359
vt 0.336914 0.520508
vt 0.339844 0.520508
vt 0.339844 0.531250
vt 0.336914 0.531250
vt 0.145508 0.517578
vt 0.142578 0.517578
vt 0.142578 0.514648
vt 0.145508 0.514648
vt 0.320312 0.514648
vt 0.317383 0.514648
vt 0.317383 0.517578
vt 0.320312 0.517578
vt 0.204102 0.515625
vt 0.206055 0.515625
vt 0.206055 0.534180
vt 0.204102 0.534180
vt 0.311523 0.515625
vt 0.313477 0.515625
vt 0.313477 0.534180
vt 0.311523 0.534180
vt 0.028320 0.514648
vt 0.030273 0.514648
vt 0.030273 0.533203
vt 0.028320 0.533203
vt 0.032227 0.514648
vt 0.032227 0.533203
vt 0.471680 0.516602
vt 0.469727 0.516602
vt 0.469727 0.514648
vt 0.471680 0.514648
vt 0.058594 0.513672
vt 0.056641 0.513672
vt 0.056641 0.515625
vt 0.058594 0.515625
vt 0.080078 0.668945
vt 0.082031 0.668945
vt 0.082031 0.683594
vt 0.080078 0.683594
vt 0.316406 0.585938
vt 0.318359 0.585938
vt 0.318359 0.600586
vt 0.316406 0.600586
vt 0.384766 0.516602
vt 0.386719 0.516602
vt 0.386719 0.531250
vt 0.384766 0.531250
vt 0.110352 0.515625
vt 0.112305 0.515625
vt 0.112305 0.530273
vt 0.110352 0.530273
vt 0.110352 0.513672
vt 0.112305 0.513672
vt 0.162109 0.513672
vt 0.160156 0.513672
vt 0.160156 0.515625
vt 0.162109 0.515625
vt 0.471680 0.689453
vt 0.478516 0.689453
vt 0.478516 0.693359
vt 0.138672 0.512695
vt 0.140625 0.512695
vt 0.140625 0.516602
vt 0.138672 0.516602
vt 0.471680 0.685547
vt 0.478516 0.685547
vt 0.153320 0.512695
vt 0.155273 0.512695
vt 0.155273 0.516602
vt 0.153320 0.516602
vt 0.379883 0.863281
vt 0.373047 0.863281
vt 0.373047 0.861328
vt 0.379883 0.861328
vt 0.468750 0.847656
vt 0.461914 0.847656
vt 0.461914 0.849609
vt 0.468750 0.849609
vt 0.480469 0.724609
vt 0.484375 0.724609
vt 0.484375 0.727539
vt 0.480469 0.727539
vt 0.482422 0.662109
vt 0.485352 0.662109
vt 0.485352 0.665039
vt 0.277344 0.516602
vt 0.281250 0.516602
vt 0.281250 0.519531
vt 0.277344 0.519531
vt 0.335938 0.514648
vt 0.338867 0.514648
vt 0.338867 0.517578
vt 0.335938 0.517578
vt 0.304688 0.519531
vt 0.300781 0.519531
vt 0.300781 0.516602
vt 0.304688 0.516602
vt 0.311523 0.516602
vt 0.307617 0.516602
vt 0.307617 0.519531
vt 0.311523 0.519531
s 1
usemtl SU-25_tex_Belorus_1.png.001
f 1888/3643/807 1891/3644/807 1889/3645/807 1886/3646/807
f 1887/3647/808 1888/3648/808 1886/3649/808 1885/3650/808
f 1892/3651/809 1887/3652/809 1885/3653/809 1890/3654/809
f 1891/3655/810 1892/3656/810 1890/3648/810 1889/3647/810
f 1890/3657/811 1885/3658/811 1886/3659/811 1889/3660/811
f 1891/3661/812 1888/3662/812 1887/3663/812 1892/3664/812
f 1896/3665/807 1899/3666/807 1897/3667/807 1894/3668/807
f 1895/3669/808 1896/3670/808 1894/3671/808 1893/3672/808
f 1900/3673/809 1895/3674/809 1893/3675/809 1898/3676/809
f 1899/3677/810 1900/3678/810 1898/3679/810 1897/3680/810
f 1898/3681/811 1893/3682/811 1894/3683/811 1897/3684/811
f 1899/3685/812 1896/3686/812 1895/3683/812 1900/3684/812
f 1904/3687/807 1907/3688/807 1905/3689/807 1902/3690/807
f 1903/3691/808 1904/3692/808 1902/3693/808 1901/3694/808
f 1908/3695/809 1903/3696/809 1901/3688/809 1906/3687/809
f 1907/3697/810 1908/3698/810 1906/3699/810 1905/3700/810
f 1906/3701/811 1901/3702/811 1902/3703/811 1905/3704/811
f 1907/3705/812 1904/3704/812 1903/3701/812 1908/3706/812
f 1912/3707/807 1915/3708/807 1913/3709/807 1910/3710/807
f 1911/3711/808 1912/3712/808 1910/3713/808 1909/3645/808
f 1916/3714/809 1911/3715/809 1909/3716/809 1914/3717/809
f 1915/3718/810 1916/3719/810 1914/3720/810 1913/3681/810
f 1914/3721/811 1909/3722/811 1910/3723/811 1913/3724/811
f 1915/3725/812 1912/3726/812 1911/3727/812 1916/3728/812
f 1920/3729/813 1923/3730/813 1921/3731/813 1918/3732/813
f 1919/3733/808 1920/3734/808 1918/3719/808 1917/3718/808
f 1924/3735/814 1919/3736/814 1917/3737/814 1922/3738/814
f 1923/3685/810 1924/3739/810 1922/3734/810 1921/3733/810
f 1922/3740/815 1917/3741/815 1918/3742/815 1921/3743/815
f 1923/3744/816 1920/3745/816 1919/3746/816 1924/3747/816
f 1928/3748/816 1931/3749/816 1929/3736/816 1926/3735/816
f 1927/3750/808 1928/3751/808 1926/3752/808 1925/3689/808
f 1932/3753/815 1927/3754/815 1925/3755/815 1930/3649/815
f 1931/3756/810 1932/3757/810 1930/3751/810 1929/3750/810
f 1930/3758/813 1925/3759/813 1926/3760/813 1929/3761/813
f 1931/3762/814 1928/3763/814 1927/3764/814 1932/3765/814
f 1936/3766/813 1939/3767/813 1937/3754/813 1934/3753/813
f 1935/3696/808 1936/3768/808 1934/3757/808 1933/3756/808
f 1940/3769/814 1935/3770/814 1933/3771/814 1938/3655/814
f 1939/3772/810 1940/3773/810 1938/3774/810 1937/3721/810
f 1938/3775/815 1933/3776/815 1934/3777/815 1937/3778/815
f 1939/3779/816 1936/3780/816 1935/3763/816 1940/3762/816
f 1944/3781/807 1947/3782/807 1945/3783/807 1942/3784/807
f 1943/3785/808 1944/3786/808 1942/3787/808 1941/3788/808
f 1948/3789/809 1943/3747/809 1941/3790/809 1946/3791/809
f 1947/3792/810 1948/3793/810 1946/3786/810 1945/3785/810
f 1946/3794/811 1941/3795/811 1942/3796/811 1945/3797/811
f 1947/3798/812 1944/3799/812 1943/3796/812 1948/3797/812
f 1952/3656/816 1955/3800/816 1953/3767/816 1950/3766/816
f 1951/3801/808 1952/3802/808 1950/3803/808 1949/3804/808
f 1956/3805/815 1951/3806/815 1949/3807/815 1954/3808/815
f 1955/3809/810 1956/3810/810 1954/3811/810 1953/3740/810
f 1954/3812/813 1949/3775/813 1950/3778/813 1953/3813/813
f 1955/3814/814 1952/3813/814 1951/3812/814 1956/3815/814
f 1960/3816/817 1963/3817/817 1961/3818/817 1958/3819/817
f 1959/3820/808 1960/3821/808 1958/3822/808 1957/3823/808
f 1964/3824/818 1959/3825/818 1957/3826/818 1962/3827/818
f 1963/3828/810 1964/3829/810 1962/3830/810 1961/3831/810
f 1962/3832/819 1957/3833/819 1958/3834/819 1961/3835/819
f 1963/3836/820 1960/3837/820 1959/3838/820 1964/3839/820
f 1968/3840/821 1971/3841/821 1969/3842/821 1966/3843/821
f 1967/3844/822 1968/3845/822 1966/3846/822 1965/3847/822
f 1972/3848/823 1967/3849/823 1965/3850/823 1970/3851/823
f 1971/3849/824 1972/3852/824 1970/3853/824 1969/3850/824
f 1970/3854/825 1965/3855/825 1966/3856/825 1969/3857/825
f 1971/3858/826 1968/3859/826 1967/3860/826 1972/3861/826
f 1976/3862/827 1979/3863/827 1977/3864/827 1974/3865/827
f 1975/3866/808 1976/3867/808 1974/3868/808 1973/3869/808
f 1980/3870/828 1975/3871/828 1973/3872/828 1978/3873/828
f 1979/3874/810 1980/3875/810 1978/3876/810 1977/3877/810
f 1978/3875/825 1973/3874/825 1974/3878/825 1977/3879/825
f 1979/3880/826 1976/3881/826 1975/3882/826 1980/3883/826
f 1984/3884/827 1987/3885/827 1985/3886/827 1982/3826/827
f 1983/3887/808 1984/3888/808 1982/3889/808 1981/3890/808
f 1988/3891/828 1983/3892/828 1981/3885/828 1986/3884/828
f 1987/3893/810 1988/3894/810 1986/3895/810 1985/3896/810
f 1986/3897/825 1981/3898/825 1982/3899/825 1985/3900/825
f 1987/3901/826 1984/3902/826 1983/3903/826 1988/3904/826
f 1992/3905/812 1995/3906/812 1993/3907/812 1990/3908/812
f 1991/3909/808 1992/3910/808 1990/3911/808 1989/3731/808
f 1996/3912/811 1991/3913/811 1989/3914/811 1994/3915/811
f 1995/3916/810 1996/3917/810 1994/3918/810 1993/3919/810
f 1994/3920/807 1989/3921/807 1990/3922/807 1993/3923/807
f 1995/3924/809 1992/3925/809 1991/3926/809 1996/3927/809
o w3
v -1.471884 0.666772 -0.494147
v -1.471884 0.677847 -0.240490
v -1.471884 0.261526 -0.476453
v -1.471884 0.272602 -0.222797
v -1.152707 0.677847 -0.240490
v -1.152707 0.666772 -0.494146
v -1.152707 0.272602 -0.222797
v -1.152706 0.261526 -0.476453
v -1.471884 0.965089 -0.220790
v -1.471884 0.982783 0.184454
v -1.471884 0.711432 -0.209715
v -1.471884 0.729125 0.195529
v -1.152707 0.982783 0.184454
v -1.152707 0.965089 -0.220790
v -1.152707 0.729125 0.195529
v -1.152706 0.711432 -0.209715
v -1.471884 0.698350 0.229114
v -1.471884 0.709425 0.482770
v -1.471884 0.293105 0.246807
v -1.471884 0.304180 0.500463
v -1.152707 0.709425 0.482770
v -1.152707 0.698350 0.229113
v -1.152707 0.304180 0.500463
v -1.152707 0.293105 0.246807
v -1.471884 0.241827 -0.189212
v -1.471884 0.259520 0.216032
v -1.471884 -0.011830 -0.178137
v -1.471884 0.005863 0.227107
v -1.152707 0.259520 0.216032
v -1.152707 0.241827 -0.189212
v -1.152707 0.005863 0.227107
v -1.152707 -0.011830 -0.178137
v -1.471377 0.666289 -0.493619
v -1.471378 0.964606 -0.220262
v -1.471378 0.495440 -0.307172
v -1.471378 0.793758 -0.033815
v -1.153213 0.964606 -0.220263
v -1.153213 0.666289 -0.493619
v -1.153213 0.793758 -0.033815
v -1.153212 0.495440 -0.307171
v -1.471378 0.982255 0.183971
v -1.471378 0.708898 0.482287
v -1.471378 0.795807 0.013123
v -1.471378 0.522450 0.311439
v -1.153213 0.708898 0.482287
v -1.153212 0.982255 0.183971
v -1.153213 0.522450 0.311439
v -1.153212 0.795807 0.013123
v -1.471378 0.177194 0.040132
v -1.471378 0.475511 0.313489
v -1.471378 0.006346 0.226580
v -1.471378 0.304663 0.499936
v -1.153213 0.475511 0.313488
v -1.153212 0.177194 0.040132
v -1.153213 0.304663 0.499936
v -1.153212 0.006346 0.226580
v -1.456099 0.727812 -0.357619
v -1.456099 0.754294 0.248933
v -1.456099 0.121257 -0.331137
v -1.456099 0.147740 0.275415
v -1.188308 0.754294 0.248933
v -1.188308 0.727812 -0.357619
v -1.188308 0.147740 0.275416
v -1.188308 0.121257 -0.331137
v -1.471378 0.448502 -0.305122
v -1.471378 0.175145 -0.006806
v -1.471378 0.262054 -0.475970
v -1.471378 -0.011303 -0.177654
v -1.153213 0.175145 -0.006806
v -1.153212 0.448502 -0.305122
v -1.153212 -0.011303 -0.177654
v -1.153213 0.262054 -0.475969
v -1.105970 0.901824 0.610136
v -1.105970 0.764995 0.689134
v -1.105970 0.572665 0.040018
v -1.105970 0.435836 0.119016
v -0.947974 0.764995 0.689134
v -0.947974 0.901824 0.610136
v -0.947974 0.435836 0.119016
v -0.947974 0.572665 0.040018
v -1.211926 0.610651 0.155579
v -1.211926 0.398940 0.164822
v -1.211925 0.601407 -0.056130
v -1.211926 0.389697 -0.046887
v -0.947349 0.398940 0.164822
v -0.947350 0.610651 0.155579
v -0.947349 0.389697 -0.046887
v -0.947349 0.601407 -0.056131
v -1.036694 1.870109 0.322990
v -1.100815 1.888196 0.404573
v -1.036694 0.726080 0.576614
v -1.100815 0.744166 0.658198
v -1.017250 1.902074 0.467175
v -0.953129 1.883987 0.385591
v -1.017251 0.758045 0.720799
v -0.953129 0.739958 0.639215
v -1.079638 1.640527 0.260719
v -1.079637 1.669024 0.389261
v -1.079638 0.753583 0.457349
v -1.079638 0.782080 0.585891
v -0.974307 1.669024 0.389261
v -0.974307 1.640527 0.260719
v -0.974307 0.782080 0.585891
v -0.974307 0.753583 0.457349
v -1.237633 1.794778 0.226522
v -1.237633 1.823276 0.355064
v -1.237633 1.524839 0.286366
v -1.237633 1.553336 0.414908
v -0.816311 1.823276 0.355064
v -0.816311 1.794778 0.226522
v -0.816311 1.553336 0.414908
v -0.816311 1.524839 0.286366
vn -0.0000 0.0436 0.9990
vn -1.0000 -0.0000 -0.0000
vn -0.0000 -0.0436 -0.9990
vn 1.0000 -0.0000 -0.0000
vn -0.0000 0.9990 -0.0436
vn -0.0000 -0.9990 0.0436
vn -0.0000 0.7373 0.6756
vn -0.0000 -0.7373 -0.6756
vn -0.0000 0.6756 -0.7373
vn -0.0000 -0.6756 0.7373
vn -0.0000 -0.8660 0.5000
vn -0.0000 0.8660 -0.5000
vn -0.0000 0.5000 0.8660
vn -0.0000 -0.5000 -0.8660
vn -0.6088 0.1717 0.7745
vn -0.7934 -0.1318 -0.5943
vn 0.6088 -0.1717 -0.7745
vn 0.7934 0.1318 0.5943
vn -0.0000 0.9763 -0.2164
vn -0.0000 -0.9763 0.2164
vn -0.0000 0.2164 0.9763
vn -0.0000 -0.2164 -0.9763
vt 0.470703 0.670898
vt 0.475586 0.670898
vt 0.475586 0.676758
vt 0.470703 0.676758
vt 0.002930 0.518555
vt 0.006836 0.518555
vt 0.006836 0.524414
vt 0.002930 0.524414
vt 0.470703 0.665039
vt 0.475586 0.665039
vt 0.475586 0.976562
vt 0.479492 0.976562
vt 0.479492 0.982422
vt 0.475586 0.982422
vt 0.483398 0.860352
vt 0.478516 0.860352
vt 0.478516 0.856445
vt 0.483398 0.856445
vt 0.483398 0.791992
vt 0.478516 0.791992
vt 0.478516 0.795898
vt 0.483398 0.795898
vt 0.227539 0.517578
vt 0.232422 0.517578
vt 0.232422 0.521484
vt 0.227539 0.521484
vt 0.475586 0.984375
vt 0.481445 0.984375
vt 0.481445 0.988281
vt 0.475586 0.988281
vt 0.239258 0.517578
vt 0.244141 0.517578
vt 0.244141 0.521484
vt 0.239258 0.521484
vt 0.475586 0.960938
vt 0.481445 0.960938
vt 0.481445 0.964844
vt 0.475586 0.964844
vt 0.475586 0.647461
vt 0.470703 0.647461
vt 0.470703 0.641602
vt 0.475586 0.641602
vt 0.475586 0.592773
vt 0.470703 0.592773
vt 0.470703 0.598633
vt 0.475586 0.598633
vt 0.470703 0.586914
vt 0.475586 0.586914
vt 0.475586 0.955078
vt 0.479492 0.955078
vt 0.479492 0.960938
vt 0.470703 0.581055
vt 0.475586 0.581055
vt 0.475586 0.917969
vt 0.479492 0.917969
vt 0.479492 0.923828
vt 0.475586 0.923828
vt 0.264648 0.521484
vt 0.259766 0.521484
vt 0.259766 0.517578
vt 0.264648 0.517578
vt 0.483398 0.689453
vt 0.478516 0.689453
vt 0.478516 0.693359
vt 0.483398 0.693359
vt 0.478516 0.685547
vt 0.483398 0.685547
vt 0.119141 0.520508
vt 0.125000 0.520508
vt 0.125000 0.524414
vt 0.119141 0.524414
vt 0.317383 0.517578
vt 0.322266 0.517578
vt 0.322266 0.521484
vt 0.317383 0.521484
vt 0.475586 0.874023
vt 0.481445 0.874023
vt 0.481445 0.877930
vt 0.475586 0.877930
vt 0.470703 0.575195
vt 0.475586 0.575195
vt 0.475586 0.569336
vt 0.470703 0.569336
vt 0.412109 0.517578
vt 0.416992 0.517578
vt 0.416992 0.521484
vt 0.412109 0.521484
vt 0.182617 0.520508
vt 0.188477 0.520508
vt 0.188477 0.524414
vt 0.182617 0.524414
vt 0.478516 0.567383
vt 0.483398 0.567383
vt 0.483398 0.571289
vt 0.478516 0.571289
vt 0.191406 0.520508
vt 0.197266 0.520508
vt 0.197266 0.524414
vt 0.191406 0.524414
vt 0.455078 0.529297
vt 0.450195 0.529297
vt 0.450195 0.523438
vt 0.455078 0.523438
vt 0.476562 0.994141
vt 0.471680 0.994141
vt 0.471680 1.000000
vt 0.476562 1.000000
vt 0.437500 0.517578
vt 0.442383 0.517578
vt 0.442383 0.521484
vt 0.437500 0.521484
vt 0.203125 0.520508
vt 0.203125 0.524414
vt 0.478516 0.518555
vt 0.483398 0.518555
vt 0.483398 0.522461
vt 0.478516 0.522461
vt 0.233398 0.520508
vt 0.239258 0.520508
vt 0.239258 0.524414
vt 0.233398 0.524414
vt 0.092773 0.528320
vt 0.087891 0.528320
vt 0.087891 0.522461
vt 0.092773 0.522461
vt 0.102539 0.522461
vt 0.097656 0.522461
vt 0.097656 0.528320
vt 0.102539 0.528320
vt 0.009766 0.516602
vt 0.014648 0.516602
vt 0.014648 0.520508
vt 0.009766 0.520508
vt 0.475586 0.697266
vt 0.481445 0.697266
vt 0.481445 0.701172
vt 0.475586 0.701172
vt 0.019531 0.516602
vt 0.019531 0.520508
vt 0.475586 0.693359
vt 0.481445 0.693359
vt 0.476562 0.868164
vt 0.471680 0.868164
vt 0.471680 0.862305
vt 0.476562 0.862305
vt 0.476562 0.843750
vt 0.471680 0.843750
vt 0.471680 0.849609
vt 0.476562 0.849609
vt 0.465820 0.755859
vt 0.469727 0.755859
vt 0.469727 0.765625
vt 0.465820 0.765625
vt 0.420898 0.569336
vt 0.430664 0.569336
vt 0.430664 0.579102
vt 0.420898 0.579102
vt 0.307617 0.524414
vt 0.311523 0.524414
vt 0.311523 0.534180
vt 0.307617 0.534180
vt 0.421875 0.990234
vt 0.431641 0.990234
vt 0.431641 1.000000
vt 0.421875 1.000000
vt 0.416016 0.534180
vt 0.412109 0.534180
vt 0.412109 0.524414
vt 0.416016 0.524414
vt 0.419922 0.524414
vt 0.419922 0.534180
vt 0.479492 0.978516
vt 0.484375 0.978516
vt 0.484375 0.982422
vt 0.475586 0.672852
vt 0.481445 0.672852
vt 0.481445 0.676758
vt 0.479492 0.966797
vt 0.484375 0.966797
vt 0.484375 0.970703
vt 0.479492 0.970703
vt 0.475586 0.668945
vt 0.481445 0.668945
vt 0.210938 0.528320
vt 0.206055 0.528320
vt 0.206055 0.522461
vt 0.210938 0.522461
vt 0.215820 0.522461
vt 0.215820 0.528320
vt 0.468750 0.523438
vt 0.471680 0.523438
vt 0.471680 0.534180
vt 0.468750 0.534180
vt 0.058594 0.519531
vt 0.061523 0.519531
vt 0.061523 0.530273
vt 0.058594 0.530273
vt 0.064453 0.519531
vt 0.064453 0.530273
vt 0.469727 0.913086
vt 0.472656 0.913086
vt 0.472656 0.923828
vt 0.469727 0.923828
vt 0.486328 0.960938
vt 0.483398 0.960938
vt 0.483398 0.958008
vt 0.486328 0.958008
vt 0.042969 0.513672
vt 0.040039 0.513672
vt 0.040039 0.516602
vt 0.042969 0.516602
vt 0.209961 0.515625
vt 0.213867 0.515625
vt 0.213867 0.518555
vt 0.209961 0.518555
vt 0.045898 0.513672
vt 0.045898 0.516602
vt 0.481445 0.787109
vt 0.485352 0.787109
vt 0.485352 0.790039
vt 0.481445 0.790039
vt 0.483398 0.950195
vt 0.486328 0.950195
vt 0.486328 0.953125
vt 0.483398 0.953125
vt 0.481445 0.784180
vt 0.485352 0.784180
vt 0.485352 0.781250
vt 0.481445 0.781250
vt 0.032227 0.514648
vt 0.034180 0.514648
vt 0.034180 0.533203
vt 0.032227 0.533203
vt 0.147461 0.514648
vt 0.149414 0.514648
vt 0.149414 0.533203
vt 0.147461 0.533203
vt 0.151367 0.514648
vt 0.151367 0.533203
vt 0.158203 0.514648
vt 0.160156 0.514648
vt 0.160156 0.533203
vt 0.158203 0.533203
vt 0.248047 0.514648
vt 0.246094 0.514648
vt 0.246094 0.512695
vt 0.248047 0.512695
vt 0.487305 0.751953
vt 0.485352 0.751953
vt 0.485352 0.753906
vt 0.487305 0.753906
vt 0.284180 0.514648
vt 0.286133 0.514648
vt 0.286133 0.529297
vt 0.284180 0.529297
vt 0.342773 0.513672
vt 0.344727 0.513672
vt 0.344727 0.528320
vt 0.342773 0.528320
vt 0.346680 0.513672
vt 0.346680 0.528320
vt 0.471680 0.519531
vt 0.473633 0.519531
vt 0.473633 0.534180
vt 0.252930 0.514648
vt 0.250977 0.514648
vt 0.250977 0.512695
vt 0.252930 0.512695
vt 0.254883 0.512695
vt 0.254883 0.514648
vt 0.471680 0.565430
vt 0.478516 0.565430
vt 0.478516 0.569336
vt 0.471680 0.569336
vt 0.300781 0.512695
vt 0.302734 0.512695
vt 0.302734 0.516602
vt 0.300781 0.516602
vt 0.472656 0.949219
vt 0.479492 0.949219
vt 0.479492 0.953125
vt 0.472656 0.953125
vt 0.304688 0.512695
vt 0.304688 0.516602
vt 0.486328 0.966797
vt 0.479492 0.964844
vt 0.486328 0.964844
vt 0.486328 0.955078
vt 0.479492 0.957031
vt 0.486328 0.957031
s 1
usemtl SU-25_tex_Belorus_1.png.001
f 2000/3928/829 2003/3929/829 2001/3930/829 1998/3931/829
f 1999/3932/830 2000/3933/830 1998/3934/830 1997/3935/830
f 2004/3936/831 1999/3937/831 1997/3929/831 2002/3928/831
f 2003/3938/832 2004/3939/832 2002/3940/832 2001/3941/832
f 2002/3942/833 1997/3943/833 1998/3944/833 2001/3945/833
f 2003/3946/834 2000/3947/834 1999/3948/834 2004/3949/834
f 2008/3950/829 2011/3951/829 2009/3952/829 2006/3953/829
f 2007/3954/830 2008/3955/830 2006/3956/830 2005/3957/830
f 2012/3958/831 2007/3959/831 2005/3960/831 2010/3961/831
f 2011/3962/832 2012/3963/832 2010/3964/832 2009/3965/832
f 2010/3966/833 2005/3967/833 2006/3968/833 2009/3969/833
f 2011/3970/834 2008/3971/834 2007/3972/834 2012/3973/834
f 2016/3974/829 2019/3975/829 2017/3970/829 2014/3971/829
f 2015/3976/830 2016/3977/830 2014/3978/830 2013/3962/830
f 2020/3979/831 2015/3980/831 2013/3975/831 2018/3974/831
f 2019/3981/832 2020/3982/832 2018/3983/832 2017/3984/832
f 2018/3985/833 2013/3986/833 2014/3987/833 2017/3988/833
f 2019/3989/834 2016/3990/834 2015/3991/834 2020/3992/834
f 2024/3993/829 2027/3994/829 2025/3989/829 2022/3990/829
f 2023/3995/830 2024/3996/830 2022/3997/830 2021/3998/830
f 2028/3999/831 2023/4000/831 2021/4001/831 2026/4002/831
f 2027/4003/832 2028/4004/832 2026/4005/832 2025/4006/832
f 2026/3980/833 2021/3979/833 2022/4007/833 2025/4008/833
f 2027/4009/834 2024/4010/834 2023/4007/834 2028/4008/834
f 2032/4011/835 2035/4012/835 2033/4013/835 2030/4014/835
f 2031/4015/830 2032/4016/830 2030/4017/830 2029/4018/830
f 2036/4019/836 2031/4020/836 2029/4021/836 2034/4022/836
f 2035/4023/832 2036/4024/832 2034/4025/832 2033/4026/832
f 2034/4027/837 2029/4028/837 2030/4029/837 2033/4030/837
f 2035/4031/838 2032/4032/838 2031/4033/838 2036/4034/838
f 2040/4035/838 2043/4036/838 2041/4037/838 2038/4038/838
f 2039/4024/830 2040/4039/830 2038/4040/830 2037/4025/830
f 2044/4041/837 2039/4042/837 2037/4043/837 2042/4044/837
f 2043/4045/832 2044/4046/832 2042/4047/832 2041/4048/832
f 2042/4049/835 2037/4050/835 2038/4051/835 2041/4052/835
f 2043/4053/836 2040/4054/836 2039/4055/836 2044/4056/836
f 2048/4057/835 2051/4058/835 2049/4059/835 2046/4060/835
f 2047/4061/830 2048/4062/830 2046/4063/830 2045/4064/830
f 2052/4058/836 2047/4065/836 2045/4066/836 2050/4059/836
f 2051/4067/832 2052/4068/832 2050/4062/832 2049/4061/832
f 2050/4069/837 2045/4070/837 2046/4071/837 2049/4072/837
f 2051/4073/838 2048/4074/838 2047/4075/838 2052/4076/838
f 2056/4077/829 2059/4078/829 2057/4079/829 2054/4080/829
f 2055/4081/830 2056/4082/830 2054/4083/830 2053/4084/830
f 2060/4085/831 2055/4086/831 2053/4087/831 2058/4088/831
f 2059/4089/832 2060/4090/832 2058/4091/832 2057/4092/832
f 2058/4093/833 2053/4094/833 2054/4095/833 2057/4096/833
f 2059/4097/834 2056/4096/834 2055/4093/834 2060/4098/834
f 2064/4099/838 2067/4100/838 2065/4101/838 2062/3940/838
f 2063/4102/830 2064/4103/830 2062/4104/830 2061/3930/830
f 2068/4105/837 2063/4106/837 2061/4107/837 2066/4108/837
f 2067/4109/832 2068/4110/832 2066/4103/832 2065/4102/832
f 2066/4111/835 2061/4112/835 2062/4113/835 2065/4114/835
f 2067/4115/836 2064/4114/836 2063/4111/836 2068/4116/836
f 2072/4117/839 2075/4118/839 2073/4119/839 2070/4120/839
f 2071/4121/830 2072/4122/830 2070/4123/830 2069/4124/830
f 2076/4122/840 2071/4125/840 2069/4126/840 2074/4123/840
f 2075/4127/832 2076/4128/832 2074/4129/832 2073/4130/832
f 2074/4131/841 2069/4132/841 2070/4133/841 2073/4134/841
f 2075/4135/842 2072/4136/842 2071/4137/842 2076/4138/842
f 2080/4139/834 2083/4140/834 2081/4141/834 2078/4142/834
f 2079/4135/830 2080/4143/830 2078/4144/830 2077/4138/830
f 2084/4145/833 2079/4146/833 2077/4147/833 2082/4148/833
f 2083/4149/832 2084/4150/832 2082/4151/832 2081/4152/832
f 2082/4146/829 2077/4145/829 2078/4153/829 2081/4154/829
f 2083/4155/831 2080/4156/831 2079/4153/831 2084/4154/831
f 2088/4157/843 2091/4158/843 2089/4159/843 2086/4160/843
f 2087/4161/844 2088/4162/844 2086/4163/844 2085/4164/844
f 2092/4162/845 2087/4165/845 2085/4166/845 2090/4163/845
f 2091/4167/846 2092/4168/846 2090/4169/846 2089/4170/846
f 2090/4171/847 2085/4172/847 2086/4173/847 2089/4174/847
f 2091/4175/848 2088/4176/848 2087/4177/848 2092/4178/848
f 2096/4179/849 2099/4180/849 2097/4181/849 2094/4182/849
f 2095/4183/830 2096/4184/830 2094/4185/830 2093/4186/830
f 2100/4184/850 2095/4187/850 2093/4188/850 2098/4185/850
f 2099/4189/832 2100/4190/832 2098/4191/832 2097/4119/832
f 2098/4192/847 2093/4193/847 2094/4194/847 2097/4195/847
f 2099/4196/848 2096/4195/848 2095/4192/848 2100/4197/848
f 2104/4198/849 2107/4199/849 2105/4200/849 2102/4201/849
f 2103/4202/830 2104/4203/830 2102/4204/830 2101/4205/830
f 2108/4206/850 2103/4207/850 2101/4208/850 2106/4209/850
f 2107/4203/832 2108/4210/832 2106/4211/832 2105/4204/832
f 2106/4212/847 2101/4105/847 2102/4213/847 2105/4214/847
f 2107/4215/848 2104/3977/848 2103/4216/848 2108/4217/848
o obj5
v 2.621605 3.021711 -6.098691
v 0.032431 2.802202 -6.454636
v 2.618299 3.063673 -6.100523
v 0.029125 2.844165 -6.456469
v 0.126003 2.780442 -7.121869
v 2.715178 2.999950 -6.765928
v 0.122697 2.822404 -7.123703
v 2.711871 3.041912 -6.767757
vn -0.9872 -0.0837 -0.1357
vn -0.1388 0.0323 0.9898
vn 0.9872 0.0837 0.1357
vn 0.1388 -0.0323 -0.9898
vn 0.0785 -0.9960 0.0435
vn -0.0785 0.9960 -0.0435
vt 0.480469 0.816406
vt 0.491211 0.816406
vt 0.491211 0.817383
vt 0.480469 0.817383
vt 0.448242 0.877930
vt 0.489258 0.877930
vt 0.489258 0.878906
vt 0.448242 0.878906
vt 0.480469 0.676758
vt 0.491211 0.676758
vt 0.491211 0.677734
vt 0.480469 0.677734
vt 0.448242 0.748047
vt 0.489258 0.748047
vt 0.489258 0.749023
vt 0.448242 0.749023
vt 0.110352 0.696289
vt 0.099609 0.696289
vt 0.099609 0.655273
vt 0.110352 0.655273
vt 0.010742 0.651367
vt 0.000000 0.651367
vt 0.000000 0.692383
vt 0.010742 0.692383
s 1
usemtl SU-25_tex_Belorus_1.png.001
f 2112/4218/851 2115/4219/851 2113/4220/851 2110/4221/851
f 2111/4222/852 2112/4223/852 2110/4224/852 2109/4225/852
f 2116/4226/853 2111/4227/853 2109/4228/853 2114/4229/853
f 2115/4230/854 2116/4231/854 2114/4232/854 2113/4233/854
f 2114/4234/855 2109/4235/855 2110/4236/855 2113/4237/855
f 2115/4238/856 2112/4239/856 2111/4240/856 2116/4241/856
o obj6
v -2.715177 2.999950 -6.765925
v -0.126000 2.780442 -7.121870
v -2.711869 3.041912 -6.767759
v -0.122696 2.822404 -7.123701
v -0.032428 2.802202 -6.454635
v -2.621604 3.021711 -6.098691
v -0.029124 2.844165 -6.456467
v -2.618300 3.063673 -6.100523
vn 0.9872 -0.0837 -0.1357
vn -0.1388 -0.0323 -0.9898
vn -0.9872 0.0837 0.1357
vn 0.1388 0.0323 0.9898
vn -0.0785 -0.9960 0.0435
vn 0.0785 0.9960 -0.0435
vt 0.491211 0.816406
vt 0.480469 0.816406
vt 0.480469 0.817383
vt 0.491211 0.817383
vt 0.489258 0.748047
vt 0.448242 0.748047
vt 0.448242 0.749023
vt 0.489258 0.749023
vt 0.491211 0.676758
vt 0.480469 0.676758
vt 0.480469 0.677734
vt 0.491211 0.677734
vt 0.489258 0.877930
vt 0.448242 0.877930
vt 0.448242 0.878906
vt 0.489258 0.878906
vt 0.099609 0.696289
vt 0.110352 0.696289
vt 0.110352 0.655273
vt 0.099609 0.655273
vt 0.000000 0.651367
vt 0.010742 0.651367
vt 0.010742 0.692383
vt 0.000000 0.692383
s 1
usemtl SU-25_tex_Belorus_1.png.001
f 2120/4242/857 2123/4243/857 2121/4244/857 2118/4245/857
f 2119/4246/858 2120/4247/858 2118/4248/858 2117/4249/858
f 2124/4250/859 2119/4251/859 2117/4252/859 2122/4253/859
f 2123/4254/860 2124/4255/860 2122/4256/860 2121/4257/860
f 2122/4258/861 2117/4259/861 2118/4260/861 2121/4261/861
f 2123/4262/862 2120/4263/862 2119/4264/862 2124/4265/862
o obj7
v 0.032223 4.992072 -5.478069
v 0.032224 3.174994 -5.717290
v -0.009908 4.992072 -5.478067
v -0.009909 3.174994 -5.717291
v 0.032224 3.297356 -6.646714
v 0.032224 5.114433 -6.407491
v -0.009908 3.297356 -6.646712
v -0.009908 5.114433 -6.407491
vn -0.0000 -0.9914 -0.1305
vn -0.0000 -0.1305 0.9914
vn -0.0000 0.9914 0.1305
vn -0.0000 0.1305 -0.9914
vn 1.0000 -0.0000 -0.0000
vn -1.0000 -0.0000 -0.0000
vt 0.385742 0.876953
vt 0.400391 0.876953
vt 0.400391 0.877930
vt 0.385742 0.877930
vt 0.465820 0.736328
vt 0.494141 0.736328
vt 0.494141 0.737305
vt 0.465820 0.737305
vt 0.407227 0.941406
vt 0.421875 0.941406
vt 0.421875 0.942383
vt 0.407227 0.942383
vt 0.465820 0.735352
vt 0.494141 0.735352
vt 0.049805 0.683594
vt 0.035156 0.683594
vt 0.035156 0.655273
vt 0.049805 0.655273
vt 0.064453 0.655273
vt 0.064453 0.683594
s 1
usemtl SU-25_tex_Belorus_1.png.001
f 2128/4266/863 2131/4267/863 2129/4268/863 2126/4269/863
f 2127/4270/864 2128/4271/864 2126/4272/864 2125/4273/864
f 2132/4274/865 2127/4275/865 2125/4276/865 2130/4277/865
f 2131/4278/866 2132/4279/866 2130/4271/866 2129/4270/866
f 2130/4280/867 2125/4281/867 2126/4282/867 2129/4283/867
f 2131/4284/868 2128/4283/868 2127/4280/868 2132/4285/868
o obj8
v 0.554413 3.113011 3.901729
v 0.472642 3.064417 5.465629
v 0.600730 2.663078 5.459857
v 0.682501 2.711672 3.895955
v 0.297687 3.513310 3.900743
v 0.215915 3.464716 5.464643
v 0.472642 3.064417 5.465629
v 0.554413 3.113011 3.901729
v -0.219406 3.511898 3.898522
v -0.219406 3.463397 5.464562
v 0.217265 3.463397 5.464561
v 0.217265 3.511898 3.898522
v -0.554414 3.113011 3.901728
v -0.472643 3.064417 5.465628
v -0.215072 3.466031 5.464641
v -0.296843 3.514625 3.900740
v -0.682501 2.711672 3.895955
v -0.600730 2.663078 5.459856
v -0.472643 3.064417 5.465628
v -0.554414 3.113011 3.901728
v -0.219406 3.511898 3.898522
v -0.219406 3.463397 5.464562
v -0.219406 3.459257 3.896892
v -0.219406 3.410757 5.462933
v 0.217265 3.463397 5.464561
v 0.217265 3.511898 3.898522
v 0.217265 3.410757 5.462932
v 0.217265 3.459257 3.896892
v 0.297687 3.513310 3.900743
v 0.215915 3.464716 5.464643
v 0.253441 3.484925 3.897547
v 0.171669 3.436331 5.461449
v 0.472642 3.064417 5.465629
v 0.554413 3.113011 3.901729
v 0.428396 3.036032 5.462434
v 0.510168 3.084626 3.898533
v 0.554413 3.113011 3.901729
v 0.472642 3.064417 5.465629
v 0.504317 3.097067 3.898613
v 0.422546 3.048473 5.462514
v 0.600730 2.663078 5.459857
v 0.682501 2.711672 3.895955
v 0.550633 2.647134 5.456740
v 0.632404 2.695728 3.892840
v -0.049829 3.605682 4.775763
v -0.049829 3.460606 5.471786
v -0.049829 3.476789 4.748898
v -0.049830 3.331712 5.444919
v 0.055502 3.460606 5.471785
v 0.055502 3.605682 4.775763
v 0.055501 3.331712 5.444919
v 0.055501 3.476789 4.748898
v -0.554414 3.113011 3.901728
v -0.472643 3.064417 5.465628
v -0.510168 3.084626 3.898533
v -0.428397 3.036032 5.462434
v -0.215072 3.466031 5.464641
v -0.296843 3.514625 3.900740
v -0.170826 3.437646 5.461445
v -0.252597 3.486240 3.897544
v -0.682501 2.711672 3.895955
v -0.600730 2.663078 5.459856
v -0.632405 2.695728 3.892839
v -0.550633 2.647134 5.456742
v -0.472643 3.064417 5.465628
v -0.554414 3.113011 3.901728
v -0.422545 3.048473 5.462515
v -0.504317 3.097067 3.898613
v 0.569511 3.061714 4.015041
v 0.554160 2.805606 5.467464
v 0.528001 3.049196 4.012396
v 0.512649 2.793088 5.464820
v 0.574765 2.739687 5.456061
v 0.590116 2.995795 4.003636
v 0.533254 2.727170 5.453415
v 0.548606 2.983277 4.000989
v 0.292007 3.513816 4.012755
v 0.288745 3.511878 4.075140
v 0.247761 3.485432 4.009559
v 0.244499 3.483493 4.071944
v 0.583430 3.052393 4.076271
v 0.586692 3.054332 4.013885
v 0.539184 3.024009 4.073075
v 0.542445 3.025947 4.010690
v -0.288155 3.513727 4.010701
v -0.288156 3.511792 4.073171
v -0.288156 3.461087 4.009071
v -0.288155 3.459152 4.071540
v 0.290703 3.511792 4.073171
v 0.290702 3.513727 4.010701
v 0.290703 3.459152 4.071540
v 0.290703 3.461087 4.009071
v -0.586692 3.054332 4.013886
v -0.583430 3.052393 4.076270
v -0.542446 3.025947 4.010690
v -0.539184 3.024009 4.073074
v -0.288745 3.511878 4.075140
v -0.292007 3.513816 4.012755
v -0.244500 3.483493 4.071943
v -0.247761 3.485432 4.009559
v -0.590117 2.995795 4.003636
v -0.574765 2.739687 5.456060
v -0.545620 2.982377 4.000799
v -0.530269 2.726269 5.453224
v -0.554160 2.805606 5.467466
v -0.569511 3.061714 4.015042
v -0.509663 2.792188 5.464629
v -0.525014 3.048296 4.012205
vn -0.9512 -0.3027 -0.0591
vn -0.8401 -0.5390 -0.0607
vn -0.0000 -0.9995 -0.0310
vn 0.8401 -0.5390 -0.0607
vn 0.9512 -0.3027 -0.0591
vn -0.0000 -0.0309 0.9995
vn -1.0000 -0.0000 -0.0000
vn -0.0000 0.0310 -0.9995
vn 1.0000 -0.0000 -0.0000
vn -0.0000 0.9995 0.0310
vn -0.0522 -0.0310 0.9982
vn -0.5399 0.8418 -0.0021
vn 0.0522 0.0310 -0.9982
vn 0.5399 -0.8418 0.0021
vn 0.8401 0.5390 0.0607
vn -0.3040 0.9526 0.0137
vn 0.3040 -0.9526 -0.0137
vn 0.9512 0.3027 0.0591
vn -0.0000 -0.2041 0.9790
vn -0.0000 0.2040 -0.9790
vn -0.0000 0.9790 0.2041
vn -0.0000 -0.9790 -0.2041
vn 0.0522 -0.0310 0.9982
vn -0.5399 -0.8418 0.0021
vn -0.0522 0.0310 -0.9982
vn 0.5399 0.8418 -0.0021
vn -0.8401 0.5390 0.0607
vn 0.0521 -0.0310 0.9982
vn -0.3040 -0.9526 -0.0137
vn 0.3040 0.9526 0.0137
vn -0.9512 0.3027 0.0591
vn -0.0104 -0.1736 0.9848
vn -0.2944 0.9417 0.1629
vn 0.0104 0.1736 -0.9848
vn 0.2944 -0.9417 -0.1629
vn 0.9556 0.2882 0.0609
vn -0.9556 -0.2882 -0.0609
vn -0.0000 -0.0310 0.9995
vn -0.0000 0.0309 -0.9995
vn 0.0104 -0.1736 0.9848
vn -0.2944 -0.9417 -0.1629
vn -0.0104 0.1736 -0.9848
vn 0.2944 0.9417 0.1629
vn -0.9556 0.2882 0.0609
vn 0.9556 -0.2882 -0.0609
vt 0.325195 0.584961
vt 0.318359 0.584961
vt 0.318359 0.609375
vt 0.325195 0.609375
vt 0.291016 0.589844
vt 0.283203 0.589844
vt 0.283203 0.614258
vt 0.291016 0.614258
vt 0.269531 0.692383
vt 0.262695 0.692383
vt 0.262695 0.716797
vt 0.269531 0.716797
vt 0.367188 0.589844
vt 0.359375 0.589844
vt 0.359375 0.614258
vt 0.367188 0.614258
vt 0.120117 0.583008
vt 0.113281 0.583008
vt 0.113281 0.607422
vt 0.120117 0.607422
vt 0.483398 0.689453
vt 0.490234 0.689453
vt 0.490234 0.690430
vt 0.483398 0.690430
vt 0.473633 0.936523
vt 0.498047 0.936523
vt 0.498047 0.937500
vt 0.473633 0.937500
vt 0.483398 0.688477
vt 0.490234 0.688477
vt 0.473633 0.935547
vt 0.498047 0.935547
vt 0.040039 0.584961
vt 0.033203 0.584961
vt 0.033203 0.609375
vt 0.040039 0.609375
vt 0.483398 0.990234
vt 0.491211 0.990234
vt 0.491211 0.991211
vt 0.483398 0.991211
vt 0.473633 0.912109
vt 0.498047 0.912109
vt 0.498047 0.913086
vt 0.473633 0.913086
vt 0.483398 0.957031
vt 0.491211 0.957031
vt 0.491211 0.958008
vt 0.483398 0.958008
vt 0.473633 0.911133
vt 0.498047 0.911133
vt 0.298828 0.589844
vt 0.298828 0.614258
vt 0.483398 0.687500
vt 0.490234 0.687500
vt 0.473633 0.910156
vt 0.498047 0.910156
vt 0.483398 0.686523
vt 0.490234 0.686523
vt 0.473633 0.909180
vt 0.498047 0.909180
vt 0.332031 0.584961
vt 0.332031 0.609375
vt 0.240234 0.513672
vt 0.242188 0.513672
vt 0.242188 0.515625
vt 0.240234 0.515625
vt 0.329102 0.961914
vt 0.339844 0.961914
vt 0.339844 0.963867
vt 0.329102 0.963867
vt 0.484375 0.757812
vt 0.486328 0.757812
vt 0.486328 0.759766
vt 0.484375 0.759766
vt 0.411133 0.659180
vt 0.421875 0.659180
vt 0.421875 0.661133
vt 0.411133 0.661133
vt 0.156250 0.663086
vt 0.154297 0.663086
vt 0.154297 0.652344
vt 0.156250 0.652344
vt 0.394531 0.516602
vt 0.392578 0.516602
vt 0.392578 0.527344
vt 0.394531 0.527344
vt 0.483398 0.856445
vt 0.491211 0.856445
vt 0.491211 0.857422
vt 0.483398 0.857422
vt 0.473633 0.908203
vt 0.498047 0.908203
vt 0.165039 0.515625
vt 0.172852 0.515625
vt 0.172852 0.516602
vt 0.165039 0.516602
vt 0.473633 0.907227
vt 0.498047 0.907227
vt 0.375000 0.589844
vt 0.375000 0.614258
vt 0.483398 0.570312
vt 0.490234 0.570312
vt 0.490234 0.571289
vt 0.483398 0.571289
vt 0.473633 0.906250
vt 0.498047 0.906250
vt 0.483398 0.569336
vt 0.490234 0.569336
vt 0.473633 0.905273
vt 0.498047 0.905273
vt 0.394531 0.581055
vt 0.387695 0.581055
vt 0.387695 0.605469
vt 0.394531 0.605469
vt 0.304688 0.552734
vt 0.305664 0.552734
vt 0.305664 0.553711
vt 0.304688 0.553711
vt 0.473633 0.823242
vt 0.497070 0.823242
vt 0.497070 0.824219
vt 0.473633 0.824219
vt 0.447266 0.921875
vt 0.448242 0.921875
vt 0.448242 0.922852
vt 0.447266 0.922852
vt 0.473633 0.822266
vt 0.497070 0.822266
vt 0.235352 0.614258
vt 0.234375 0.614258
vt 0.234375 0.590820
vt 0.235352 0.590820
vt 0.076172 0.589844
vt 0.075195 0.589844
vt 0.075195 0.613281
vt 0.076172 0.613281
vt 0.482422 0.824219
vt 0.491211 0.824219
vt 0.491211 0.825195
vt 0.482422 0.825195
vt 0.447266 0.920898
vt 0.448242 0.920898
vt 0.482422 0.767578
vt 0.491211 0.767578
vt 0.491211 0.768555
vt 0.482422 0.768555
vt 0.447266 0.919922
vt 0.448242 0.919922
vt 0.491211 0.662109
vt 0.482422 0.662109
vt 0.482422 0.661133
vt 0.491211 0.661133
vt 0.491211 0.623047
vt 0.482422 0.623047
vt 0.482422 0.624023
vt 0.491211 0.624023
vt 0.482422 0.622070
vt 0.491211 0.622070
vt 0.169922 0.551758
vt 0.170898 0.551758
vt 0.170898 0.552734
vt 0.169922 0.552734
vt 0.482422 0.621094
vt 0.491211 0.621094
vt 0.304688 0.551758
vt 0.305664 0.551758
vt 0.482422 0.620117
vt 0.491211 0.620117
vt 0.491211 0.619141
vt 0.482422 0.619141
vt 0.482422 0.618164
vt 0.491211 0.618164
vt 0.304688 0.550781
vt 0.305664 0.550781
vt 0.482422 0.617188
vt 0.491211 0.617188
vt 0.449219 0.928711
vt 0.450195 0.928711
vt 0.450195 0.929688
vt 0.449219 0.929688
vt 0.482422 0.616211
vt 0.491211 0.616211
vt 0.427734 0.516602
vt 0.418945 0.516602
vt 0.418945 0.517578
vt 0.427734 0.517578
vt 0.449219 0.927734
vt 0.450195 0.927734
vt 0.473633 0.821289
vt 0.497070 0.821289
vt 0.304688 0.549805
vt 0.305664 0.549805
vt 0.473633 0.820312
vt 0.497070 0.820312
vt 0.271484 0.607422
vt 0.270508 0.607422
vt 0.270508 0.583984
vt 0.271484 0.583984
vt 0.189453 0.579102
vt 0.188477 0.579102
vt 0.188477 0.602539
vt 0.189453 0.602539
s 1
usemtl SU-25_tex_Belorus_1.png.001
f 2135/4286/869 2134/4287/869 2133/4288/869 2136/4289/869
f 2139/4290/870 2138/4291/870 2137/4292/870 2140/4293/870
f 2143/4294/871 2142/4295/871 2141/4296/871 2144/4297/871
f 2147/4298/872 2146/4299/872 2145/4300/872 2148/4301/872
f 2151/4302/873 2150/4303/873 2149/4304/873 2152/4305/873
f 2156/4306/874 2159/4307/874 2157/4308/874 2154/4309/874
f 2155/4310/875 2156/4311/875 2154/4312/875 2153/4313/875
f 2160/4314/876 2155/4315/876 2153/4307/876 2158/4306/876
f 2159/4316/877 2160/4317/877 2158/4311/877 2157/4310/877
f 2158/4297/878 2153/4296/878 2154/4295/878 2157/4294/878
f 2159/4318/871 2156/4319/871 2155/4320/871 2160/4321/871
f 2164/4322/879 2167/4323/879 2165/4324/879 2162/4325/879
f 2163/4326/880 2164/4327/880 2162/4328/880 2161/4329/880
f 2168/4330/881 2163/4331/881 2161/4332/881 2166/4333/881
f 2167/4334/882 2168/4335/882 2166/4327/882 2165/4326/882
f 2166/4293/883 2161/4292/883 2162/4291/883 2165/4290/883
f 2167/4336/870 2164/4290/870 2163/4293/870 2168/4337/870
f 2172/4338/879 2175/4339/879 2173/4315/879 2170/4314/879
f 2171/4340/884 2172/4341/884 2170/4335/884 2169/4334/884
f 2176/4342/881 2171/4343/881 2169/4339/881 2174/4338/881
f 2175/4344/885 2176/4345/885 2174/4341/885 2173/4340/885
f 2174/4289/886 2169/4288/886 2170/4287/886 2173/4286/886
f 2175/4346/869 2172/4286/869 2171/4289/869 2176/4347/869
f 2180/4348/887 2183/4349/887 2181/4350/887 2178/4351/887
f 2179/4352/875 2180/4353/875 2178/4354/875 2177/4355/875
f 2184/4356/888 2179/4357/888 2177/4358/888 2182/4359/888
f 2183/4360/877 2184/4361/877 2182/4362/877 2181/4363/877
f 2182/4364/889 2177/4365/889 2178/4366/889 2181/4367/889
f 2183/4368/890 2180/4369/890 2179/4370/890 2184/4371/890
f 2188/4372/891 2191/4373/891 2189/4374/891 2186/4375/891
f 2187/4376/892 2188/4377/892 2186/4345/892 2185/4344/892
f 2192/4378/893 2187/4379/893 2185/4380/893 2190/4381/893
f 2191/4382/894 2192/4383/894 2190/4377/894 2189/4376/894
f 2190/4301/895 2185/4300/895 2186/4299/895 2189/4298/895
f 2191/4384/872 2188/4298/872 2187/4301/872 2192/4385/872
f 2196/4386/896 2199/4387/896 2197/4388/896 2194/4389/896
f 2195/4390/897 2196/4391/897 2194/4383/897 2193/4382/897
f 2200/4392/893 2195/4393/893 2193/4387/893 2198/4386/893
f 2199/4394/898 2200/4395/898 2198/4391/898 2197/4390/898
f 2198/4305/899 2193/4304/899 2194/4303/899 2197/4302/899
f 2199/4396/873 2196/4397/873 2195/4398/873 2200/4399/873
f 2204/4400/900 2207/4401/900 2205/4402/900 2202/4403/900
f 2203/4404/901 2204/4405/901 2202/4406/901 2201/4407/901
f 2208/4408/902 2203/4409/902 2201/4410/902 2206/4411/902
f 2207/4412/903 2208/4413/903 2206/4405/903 2205/4404/903
f 2206/4414/904 2201/4415/904 2202/4416/904 2205/4417/904
f 2207/4418/905 2204/4419/905 2203/4420/905 2208/4421/905
f 2212/4422/879 2215/4423/879 2213/4424/879 2210/4425/879
f 2211/4426/880 2212/4427/880 2210/4409/880 2209/4408/880
f 2216/4428/881 2211/4429/881 2209/4430/881 2214/4431/881
f 2215/4432/882 2216/4433/882 2214/4427/882 2213/4426/882
f 2214/4434/883 2209/4435/883 2210/4436/883 2213/4437/883
f 2215/4438/870 2212/4439/870 2211/4440/870 2216/4441/870
f 2220/4442/906 2223/4443/906 2221/4438/906 2218/4439/906
f 2219/4444/875 2220/4445/875 2218/4446/875 2217/4447/875
f 2224/4448/907 2219/4449/907 2217/4443/907 2222/4442/907
f 2223/4450/877 2224/4451/877 2222/4401/877 2221/4400/877
f 2222/4449/878 2217/4448/878 2218/4452/878 2221/4453/878
f 2223/4454/871 2220/4455/871 2219/4452/871 2224/4453/871
f 2228/4456/891 2231/4457/891 2229/4454/891 2226/4455/891
f 2227/4458/892 2228/4459/892 2226/4451/892 2225/4450/892
f 2232/4460/893 2227/4461/893 2225/4457/893 2230/4456/893
f 2231/4462/894 2232/4463/894 2230/4464/894 2229/4465/894
f 2230/4461/895 2225/4460/895 2226/4466/895 2229/4467/895
f 2231/4468/872 2228/4469/872 2227/4470/872 2232/4471/872
f 2236/4472/908 2239/4473/908 2237/4463/908 2234/4462/908
f 2235/4474/909 2236/4475/909 2234/4413/909 2233/4412/909
f 2240/4476/910 2235/4477/910 2233/4459/910 2238/4458/910
f 2239/4478/911 2240/4479/911 2238/4475/911 2237/4474/911
f 2238/4480/912 2233/4481/912 2234/4482/912 2237/4483/912
f 2239/4484/913 2236/4485/913 2235/4486/913 2240/4487/913
