# Blender 3.6.23
# www.blender.org
mtllib t72.mtl
o body
v 2.226567 1.706945 1.600753
v 2.226567 1.706945 -1.522997
v 2.226567 1.329455 1.600753
v 2.226567 1.329456 -1.522997
v 2.166641 1.706945 -1.522997
v 2.166641 1.706945 1.600753
v 2.166641 1.329456 -1.522997
v 2.166641 1.329455 1.600753
v 2.213441 1.104186 2.999803
v 2.213441 0.805776 1.845939
v 2.213441 0.786582 3.081941
v 2.213441 0.488172 1.928077
v 2.187011 0.805776 1.845939
v 2.187011 1.104186 2.999803
v 2.187011 0.488172 1.928077
v 2.187011 0.786582 3.081941
v 2.212816 0.811809 2.011129
v 2.212816 0.926383 1.568106
v 2.212816 0.488934 1.927628
v 2.212816 0.603507 1.484605
v 2.186564 0.926383 1.568106
v 2.186564 0.811809 2.011129
v 2.186564 0.603507 1.484605
v 2.186564 0.488934 1.927628
v 2.212816 0.811809 1.239900
v 2.212816 0.926383 0.796877
v 2.212816 0.488934 1.156399
v 2.212816 0.603508 0.713376
v 2.186564 0.926383 0.796877
v 2.186564 0.811809 1.239900
v 2.186564 0.603508 0.713376
v 2.186564 0.488934 1.156399
v 2.212816 0.818685 0.468671
v 2.212816 0.933258 0.025648
v 2.212816 0.495809 0.385170
v 2.212816 0.610383 -0.057853
v 2.186564 0.933258 0.025648
v 2.186564 0.818685 0.468671
v 2.186564 0.610383 -0.057853
v 2.186564 0.495809 0.385170
v 2.201574 0.994092 3.876113
v 2.201574 1.258770 3.571637
v 2.170600 0.994092 3.876113
v 2.170600 1.258770 3.571637
v 2.201574 1.421097 3.712746
v 2.201574 1.156420 4.017222
v 2.170600 1.421097 3.712746
v 2.170600 1.156420 4.017222
v 2.202824 1.158884 3.742461
v 2.202824 1.214841 3.966895
v 2.169350 1.158884 3.742461
v 2.169350 1.214841 3.966895
v 2.202824 1.155945 3.981580
v 2.202824 1.099987 3.757146
v 2.169350 1.155945 3.981580
v 2.169350 1.099987 3.757146
v 2.202824 1.279088 2.988000
v 2.202824 1.449152 3.670089
v 2.169350 1.279088 2.988000
v 2.169350 1.449152 3.670089
v 2.202824 1.099987 3.757146
v 2.202824 0.929923 3.075057
v 2.169350 1.099987 3.757146
v 2.169350 0.929923 3.075057
v 2.202199 1.484951 3.073133
v 2.202199 1.446199 3.706720
v 2.169975 1.484951 3.073133
v 2.169975 1.446199 3.706720
v 2.202199 1.079911 3.684316
v 2.202199 1.118663 3.050730
v 2.169975 1.079911 3.684316
v 2.169975 1.118663 3.050730
v 2.051132 1.520029 3.708662
v 2.051132 1.209928 4.065392
v 2.036985 1.497132 3.688758
v 2.036985 1.187031 4.045488
v 2.202824 1.156543 4.018986
v 2.202824 1.466644 3.662256
v 2.188677 1.133647 3.999082
v 2.188677 1.443748 3.642352
v 2.051132 1.626193 1.932753
v 2.051132 1.517388 3.711700
v 2.036985 1.595911 1.930901
v 2.036985 1.487106 3.709848
v 2.202824 1.446785 3.707381
v 2.202824 1.555590 1.928435
v 2.188677 1.416503 3.705529
v 2.188677 1.525308 1.926583
v 1.314687 1.517388 3.711700
v 1.314687 1.209928 4.065392
v 1.314687 1.492124 3.689739
v 1.314687 1.184664 4.043431
v 2.051132 1.209928 4.065392
v 2.051132 1.517388 3.711700
v 2.051132 1.184664 4.043431
v 2.051132 1.492124 3.689738
v 1.161084 1.402656 1.994221
v 1.161084 1.298941 3.689955
v 1.188505 1.383492 1.993049
v 1.188505 1.279776 3.688783
v 1.314687 1.517899 3.703347
v 1.314687 1.621615 2.007613
v 1.342108 1.498734 3.702175
v 1.342108 1.602450 2.006441
v 2.212905 0.928968 0.751103
v 2.212905 0.813304 0.303865
v 2.212905 0.611364 0.833241
v 2.212905 0.495701 0.386003
v 2.186475 0.813304 0.303865
v 2.186475 0.928968 0.751103
v 2.186475 0.495701 0.386003
v 2.186475 0.611364 0.833241
v 2.212905 0.945762 0.037939
v 2.212905 0.813304 -0.474239
v 2.212905 0.628159 0.120077
v 2.212905 0.495701 -0.392102
v 2.186475 0.813304 -0.474239
v 2.186475 0.945762 0.037939
v 2.186475 0.495701 -0.392102
v 2.186475 0.628159 0.120077
v 2.212816 0.818685 -0.309433
v 2.212816 0.916495 -0.687639
v 2.212816 0.495810 -0.392935
v 2.212816 0.593620 -0.771140
v 2.186564 0.916495 -0.687639
v 2.186564 0.818685 -0.309433
v 2.186564 0.593620 -0.771140
v 2.186564 0.495810 -0.392935
v 2.212905 0.901261 -0.719404
v 2.212905 0.819219 -1.209673
v 2.212905 0.577707 -0.665260
v 2.212905 0.495665 -1.155529
v 2.186475 0.819219 -1.209673
v 2.186475 0.901261 -0.719404
v 2.186475 0.495665 -1.155529
v 2.186475 0.577707 -0.665260
v 2.212280 1.150713 -1.009832
v 2.212280 1.795225 -3.917037
v 2.212280 0.498308 -1.154467
v 2.212280 1.142820 -4.061672
v 2.186028 1.795225 -3.917037
v 2.186028 1.150713 -1.009832
v 2.186028 1.142820 -4.061672
v 2.186028 0.498308 -1.154467
v 2.213441 1.502210 -1.484607
v 2.213440 1.502210 -4.074365
v 2.213441 1.139274 -1.484607
v 2.213440 1.139274 -4.074366
v 2.185938 1.502210 -4.074365
v 2.185939 1.502210 -1.484607
v 2.185938 1.139274 -4.074366
v 2.185939 1.139274 -1.484607
v 2.382965 0.735702 -2.017939
v 2.382964 1.106883 -2.914047
v 2.382965 0.672694 -2.044038
v 2.382964 1.043875 -2.940146
v 2.256714 1.106883 -2.914047
v 2.256715 0.735702 -2.017939
v 2.256714 1.043875 -2.940146
v 2.256715 0.672694 -2.044038
v 2.166017 1.517509 2.884844
v 2.166016 1.673803 1.397802
v 2.166017 1.378763 2.870261
v 2.166016 1.535057 1.383219
v 2.038517 1.673803 1.397802
v 2.038517 1.517509 2.884844
v 2.038517 1.535057 1.383219
v 2.038517 1.378763 2.870261
v 2.166016 1.675820 1.401378
v 2.166016 1.675820 -1.665857
v 2.166016 1.322581 1.401378
v 2.166016 1.322581 -1.665857
v 2.038516 1.675820 -1.665857
v 2.038517 1.675820 1.401378
v 2.038516 1.322581 -1.665857
v 2.038517 1.322581 1.401378
v 2.382339 1.711459 -1.562321
v 2.382339 1.711459 -4.079220
v 2.382339 0.673740 -1.562321
v 2.382339 0.673741 -4.079220
v 2.061622 1.711459 -4.079220
v 2.061622 1.711459 -1.562321
v 2.061622 0.673741 -4.079220
v 2.061622 0.673740 -1.562321
v 2.130317 1.511527 -4.258572
v 2.130317 1.511527 -3.266834
v 2.130317 1.227557 -4.258572
v 2.130317 1.227556 -3.266834
v 2.163725 1.511527 -3.266834
v 2.163725 1.511527 -4.258572
v 2.163725 1.227556 -3.266834
v 2.163725 1.227557 -4.258572
v 1.314687 1.618486 2.058768
v 1.314687 1.517388 3.711700
v 1.314687 1.585073 2.056724
v 1.314687 1.483976 3.709656
v 2.051132 1.517388 3.711700
v 2.051132 1.618486 2.058768
v 2.051132 1.483976 3.709656
v 2.051132 1.585073 2.056724
v 2.052256 1.518320 3.710880
v 2.034276 1.483368 3.763868
v 2.037581 1.494568 3.690233
v 2.019600 1.459616 3.743221
v 2.180028 1.398808 3.757547
v 2.198008 1.433760 3.704559
v 2.165352 1.375056 3.736900
v 2.183333 1.410008 3.683912
v 2.226255 1.558173 3.018492
v 2.226254 1.707248 1.600135
v 2.226255 1.391270 3.000950
v 2.226254 1.540345 1.582593
v 2.166954 1.707248 1.600135
v 2.166954 1.558173 3.018492
v 2.166954 1.540345 1.582593
v 2.166954 1.391270 3.000950
v 2.213977 1.419337 3.079092
v 2.213976 1.419338 -1.591392
v 2.213977 0.786630 3.079092
v 2.213976 0.786630 -1.591392
v 2.185403 1.419338 -1.591392
v 2.185404 1.419337 3.079092
v 2.185403 0.786630 -1.591392
v 2.185404 0.786630 3.079092
v 1.266965 1.417187 -4.463265
v 1.266965 1.576215 -4.341239
v 1.266965 1.244317 -4.237976
v 1.266965 1.403345 -4.115950
v 2.164975 1.576215 -4.341239
v 2.164975 1.417187 -4.463265
v 2.164975 1.403345 -4.115950
v 2.164975 1.244317 -4.237976
v 2.212905 0.927289 1.510680
v 2.212905 0.804953 1.069552
v 2.212905 0.611167 1.598349
v 2.212905 0.488832 1.157220
v 2.186475 0.804953 1.069552
v 2.186475 0.927289 1.510680
v 2.186475 0.488832 1.157220
v 2.186475 0.611167 1.598349
v 2.227192 1.556310 3.070188
v 2.227192 1.556310 1.543080
v 2.227192 1.328830 3.070188
v 2.227192 1.328831 1.543080
v 2.166016 1.556310 1.543080
v 2.166017 1.556310 3.070188
v 2.166016 1.328831 1.543080
v 2.166017 1.328830 3.070188
v 2.227192 1.258583 3.070188
v 2.227191 1.258583 -1.586062
v 2.227192 0.880435 3.070188
v 2.227191 0.880435 -1.586062
v 2.213441 1.258583 -1.586062
v 2.213441 1.258583 3.070188
v 2.213441 0.880435 -1.586062
v 2.213441 0.880435 3.070188
v 1.180440 1.132507 3.737084
v 1.167038 1.048150 3.792238
v 1.211651 1.121018 3.727097
v 1.198248 1.036662 3.782252
v 1.297016 1.187944 4.037631
v 1.310419 1.272300 3.982476
v 1.328226 1.176455 4.027644
v 1.341629 1.260812 3.972489
v 1.161812 1.214669 3.448550
v 1.161812 0.973093 3.726452
v 1.195225 1.213127 3.447210
v 1.195225 0.971551 3.725111
v 1.167943 1.048743 3.792213
v 1.167943 1.290319 3.514312
v 1.201355 1.047201 3.790872
v 1.201355 1.288777 3.512971
v 1.167943 1.290319 3.514312
v 1.167943 0.988349 3.861688
v 1.198030 1.279244 3.504685
v 1.198030 0.977274 3.852061
v 1.314687 1.215418 4.059077
v 1.314687 1.517388 3.711700
v 1.344774 1.204343 4.049449
v 1.344774 1.506313 3.702073
v 1.175955 1.333455 3.491383
v 1.160067 1.308792 3.522948
v 1.204400 1.313575 3.490167
v 1.188512 1.288912 3.521732
v 1.300345 1.496228 3.740012
v 1.316233 1.520891 3.708447
v 1.328790 1.476348 3.738796
v 1.344678 1.501011 3.707232
v 0.897923 0.931936 3.191699
v 0.705050 1.000463 3.446054
v 1.382919 0.992232 3.543219
v 1.190046 1.060759 3.797575
v 0.707833 1.061249 3.431788
v 0.900706 0.992722 3.177433
v 1.192829 1.121545 3.783308
v 1.385702 1.053018 3.528953
v 1.152323 1.203136 1.969495
v 1.152323 1.108875 3.510643
v 1.185766 1.201679 1.969406
v 1.185766 1.107418 3.510554
v 1.161084 1.309159 3.522893
v 1.161084 1.403419 1.981745
v 1.194527 1.307701 3.522804
v 1.194527 1.401962 1.981656
v -1.287291 1.272300 3.982476
v -1.273888 1.187944 4.037631
v -1.318502 1.260812 3.972489
v -1.305099 1.176455 4.027644
v -1.143910 1.048150 3.792239
v -1.157313 1.132507 3.737084
v -1.175121 1.036662 3.782252
v -1.188524 1.121018 3.727097
v -2.143515 1.706945 1.600754
v -2.143515 1.706945 -1.522996
v -2.143515 1.329455 1.600754
v -2.143515 1.329456 -1.522996
v -2.203441 1.706945 -1.522996
v -2.203440 1.706945 1.600754
v -2.203441 1.329456 -1.522996
v -2.203440 1.329455 1.600754
v -2.190314 1.258583 3.070188
v -2.190315 1.258583 -1.586062
v -2.190314 0.880435 3.070188
v -2.190315 0.880435 -1.586062
v -2.204066 1.258583 -1.586062
v -2.204065 1.258583 3.070188
v -2.204066 0.880435 -1.586062
v -2.204065 0.880435 3.070188
v -2.142889 1.556310 3.070188
v -2.142890 1.556310 1.543081
v -2.142889 1.328830 3.070188
v -2.142890 1.328831 1.543081
v -2.204065 1.556310 1.543081
v -2.204065 1.556310 3.070188
v -2.204065 1.328831 1.543081
v -2.204065 1.328830 3.070188
v -2.143827 1.558173 3.018493
v -2.143827 1.707248 1.600136
v -2.143827 1.391270 3.000951
v -2.143827 1.540345 1.582594
v -2.203128 1.707248 1.600136
v -2.203128 1.558173 3.018493
v -2.203128 1.540345 1.582594
v -2.203128 1.391270 3.000951
v -2.162277 1.419337 3.079093
v -2.162278 1.419338 -1.591392
v -2.162277 0.786630 3.079093
v -2.162278 0.786630 -1.591392
v -2.190850 1.419338 -1.591392
v -2.190850 1.419337 3.079093
v -2.190850 0.786630 -1.591392
v -2.190850 0.786630 3.079093
v -2.163884 1.104186 2.999804
v -2.163884 0.805776 1.845939
v -2.163884 0.786582 3.081942
v -2.163884 0.488172 1.928077
v -2.190315 0.805776 1.845939
v -2.190314 1.104186 2.999804
v -2.190315 0.488172 1.928077
v -2.190314 0.786582 3.081942
v -2.163438 0.811809 2.011130
v -2.163438 0.926383 1.568107
v -2.163438 0.488934 1.927629
v -2.163438 0.603507 1.484606
v -2.189689 0.926383 1.568107
v -2.189689 0.811809 2.011130
v -2.189689 0.603507 1.484606
v -2.189689 0.488934 1.927629
v -2.163438 0.811809 1.239901
v -2.163438 0.926383 0.796878
v -2.163438 0.488934 1.156399
v -2.163438 0.603508 0.713377
v -2.189690 0.926383 0.796878
v -2.189689 0.811809 1.239901
v -2.189690 0.603508 0.713377
v -2.189689 0.488934 1.156399
v -2.163348 0.927289 1.510681
v -2.163348 0.804953 1.069553
v -2.163348 0.611167 1.598349
v -2.163348 0.488832 1.157221
v -2.189779 0.804953 1.069553
v -2.189779 0.927289 1.510681
v -2.189779 0.488832 1.157221
v -2.189779 0.611167 1.598349
v -2.163438 0.818685 0.468672
v -2.163438 0.933258 0.025649
v -2.163438 0.495809 0.385171
v -2.163438 0.610383 -0.057852
v -2.189690 0.933258 0.025649
v -2.189690 0.818685 0.468672
v -2.189690 0.610383 -0.057852
v -2.189690 0.495809 0.385171
v -2.163349 0.928968 0.751104
v -2.163349 0.813304 0.303866
v -2.163349 0.611364 0.833241
v -2.163349 0.495701 0.386004
v -2.189779 0.813304 0.303866
v -2.189779 0.928968 0.751104
v -2.189779 0.495701 0.386004
v -2.189779 0.611364 0.833241
v -2.163349 0.945762 0.037939
v -2.163349 0.813304 -0.474239
v -2.163349 0.628159 0.120077
v -2.163349 0.495701 -0.392101
v -2.189779 0.813304 -0.474239
v -2.189779 0.945762 0.037939
v -2.189779 0.495701 -0.392101
v -2.189779 0.628159 0.120077
v -2.179698 1.555590 1.928436
v -2.179697 1.446785 3.707382
v -2.165550 1.525308 1.926584
v -2.165550 1.416503 3.705530
v -2.028005 1.517388 3.711700
v -2.028005 1.626193 1.932754
v -2.013858 1.487106 3.709848
v -2.013858 1.595911 1.930902
v -2.163438 0.818685 -0.309433
v -2.163438 0.916495 -0.687639
v -2.163438 0.495810 -0.392934
v -2.163438 0.593620 -0.771140
v -2.189690 0.916495 -0.687639
v -2.189690 0.818685 -0.309433
v -2.189690 0.593620 -0.771140
v -2.189690 0.495810 -0.392934
v -2.179697 1.099987 3.757147
v -2.179697 1.155945 3.981580
v -2.146223 1.099987 3.757147
v -2.146223 1.155945 3.981580
v -2.179697 1.214841 3.966896
v -2.179697 1.158884 3.742462
v -2.146223 1.214841 3.966896
v -2.146223 1.158884 3.742462
v -2.163349 0.901261 -0.719404
v -2.163349 0.819219 -1.209673
v -2.163349 0.577707 -0.665260
v -2.163349 0.495665 -1.155528
v -2.189779 0.819219 -1.209673
v -2.189779 0.901261 -0.719404
v -2.189779 0.495665 -1.155528
v -2.189779 0.577707 -0.665260
v -2.162903 1.150713 -1.009832
v -2.162903 1.795225 -3.917036
v -2.162903 0.498308 -1.154467
v -2.162903 1.142820 -4.061671
v -2.189155 1.795225 -3.917036
v -2.189154 1.150713 -1.009832
v -2.189155 1.142820 -4.061671
v -2.189154 0.498308 -1.154467
v -2.162813 1.502210 -1.484606
v -2.162814 1.502210 -4.074365
v -2.162813 1.139274 -1.484606
v -2.162814 1.139274 -4.074365
v -2.190315 1.502210 -4.074365
v -2.190315 1.502210 -1.484606
v -2.190315 1.139274 -4.074365
v -2.190315 1.139274 -1.484606
v -2.179697 1.466644 3.662256
v -2.179697 1.156543 4.018987
v -2.165550 1.443748 3.642352
v -2.165550 1.133647 3.999083
v -2.028005 1.209928 4.065393
v -2.028005 1.520029 3.708663
v -2.013858 1.187031 4.045489
v -2.013858 1.497132 3.688759
v -2.038496 1.711459 -1.562320
v -2.038497 1.711459 -4.079219
v -2.038496 0.673740 -1.562320
v -2.038497 0.673741 -4.079219
v -2.359214 1.711459 -4.079219
v -2.359214 1.711459 -1.562320
v -2.359214 0.673741 -4.079219
v -2.359214 0.673740 -1.562320
v -2.233589 0.735702 -2.017938
v -2.233589 1.106883 -2.914047
v -2.233589 0.672694 -2.044037
v -2.233589 1.043875 -2.940145
v -2.359839 1.106883 -2.914047
v -2.359839 0.735702 -2.017938
v -2.359839 1.043875 -2.940145
v -2.359839 0.672694 -2.044037
v -2.015390 1.517509 2.884844
v -2.015390 1.673803 1.397803
v -2.015390 1.378763 2.870261
v -2.015390 1.535057 1.383220
v -2.142890 1.673803 1.397803
v -2.142889 1.517509 2.884844
v -2.142890 1.535057 1.383220
v -2.142889 1.378763 2.870261
v -2.015390 1.675820 1.401379
v -2.015390 1.675820 -1.665856
v -2.015390 1.322581 1.401379
v -2.015390 1.322581 -1.665856
v -2.142890 1.675820 -1.665856
v -2.142890 1.675820 1.401379
v -2.142890 1.322581 -1.665856
v -2.142890 1.322581 1.401379
v -2.140600 1.511527 -4.258571
v -2.140600 1.511527 -3.266833
v -2.140600 1.227557 -4.258571
v -2.140600 1.227556 -3.266833
v -2.107192 1.511527 -3.266833
v -2.107192 1.511527 -4.258571
v -2.107192 1.227556 -3.266833
v -2.107192 1.227557 -4.258571
v -2.141850 1.417187 -4.463264
v -2.141850 1.576215 -4.341238
v -2.141850 1.244317 -4.237976
v -2.141850 1.403345 -4.115950
v -1.243840 1.576215 -4.341238
v -1.243840 1.417187 -4.463264
v -1.243840 1.403345 -4.115950
v -1.243840 1.244317 -4.237976
v -2.028005 1.517388 3.711700
v -2.028005 1.209928 4.065393
v -2.028005 1.492124 3.689739
v -2.028005 1.184664 4.043432
v -1.291559 1.209928 4.065393
v -1.291560 1.517388 3.711700
v -1.291559 1.184664 4.043431
v -1.291560 1.492124 3.689739
v -2.028005 1.618486 2.058769
v -2.028005 1.517388 3.711700
v -2.028005 1.585073 2.056725
v -2.028005 1.483976 3.709657
v -1.291560 1.517388 3.711700
v -1.291560 1.618486 2.058768
v -1.291560 1.483976 3.709657
v -1.291560 1.585073 2.056725
v -2.179072 1.118663 3.050730
v -2.179072 1.079911 3.684317
v -2.146847 1.118663 3.050730
v -2.146847 1.079911 3.684317
v -2.179072 1.446199 3.706720
v -2.179072 1.484951 3.073133
v -2.146847 1.446199 3.706720
v -2.146847 1.484951 3.073133
v -2.179697 0.929923 3.075057
v -2.179697 1.099987 3.757147
v -2.146223 0.929923 3.075057
v -2.146223 1.099987 3.757147
v -2.179697 1.449152 3.670090
v -2.179697 1.279088 2.988001
v -2.146223 1.449152 3.670090
v -2.146223 1.279088 2.988001
v -2.178447 1.156420 4.017223
v -2.178447 1.421097 3.712747
v -2.147473 1.156420 4.017223
v -2.147473 1.421097 3.712747
v -2.178447 1.258770 3.571638
v -2.178447 0.994092 3.876114
v -2.147473 1.258770 3.571638
v -2.147473 0.994092 3.876114
v -2.174881 1.433760 3.704560
v -2.156901 1.398808 3.757548
v -2.160206 1.410008 3.683913
v -2.142225 1.375056 3.736901
v -2.011149 1.483368 3.763868
v -2.029129 1.518320 3.710881
v -1.996473 1.459616 3.743221
v -2.014454 1.494568 3.690233
v -1.291560 1.621615 2.007614
v -1.291560 1.517899 3.703347
v -1.318981 1.602450 2.006442
v -1.318980 1.498734 3.702175
v -1.137957 1.298941 3.689955
v -1.137957 1.402656 1.994222
v -1.165378 1.279776 3.688783
v -1.165378 1.383492 1.993050
v -1.137957 1.403419 1.981745
v -1.137957 1.309159 3.522893
v -1.171400 1.401962 1.981656
v -1.171400 1.307701 3.522804
v -1.129196 1.108875 3.510643
v -1.129196 1.203136 1.969495
v -1.162639 1.107418 3.510554
v -1.162639 1.201679 1.969406
v -0.877579 0.992722 3.177433
v -0.684706 1.061249 3.431788
v -1.362575 1.053018 3.528953
v -1.169701 1.121545 3.783309
v -0.681922 1.000463 3.446055
v -0.874796 0.931936 3.191700
v -1.166918 1.060759 3.797575
v -1.359792 0.992232 3.543220
v -1.293106 1.520891 3.708448
v -1.277218 1.496228 3.740012
v -1.321551 1.501011 3.707232
v -1.305663 1.476348 3.738796
v -1.136940 1.308792 3.522948
v -1.152828 1.333455 3.491383
v -1.165385 1.288912 3.521732
v -1.181273 1.313575 3.490167
v -1.291560 1.517388 3.711700
v -1.291559 1.215418 4.059077
v -1.321646 1.506313 3.702073
v -1.321646 1.204343 4.049449
v -1.144816 0.988349 3.861689
v -1.144816 1.290319 3.514312
v -1.174903 0.977274 3.852062
v -1.174903 1.279244 3.504685
v -1.144816 1.290319 3.514312
v -1.144816 1.048743 3.792213
v -1.178228 1.288777 3.512971
v -1.178228 1.047201 3.790873
v -1.138685 0.973093 3.726452
v -1.138685 1.214669 3.448551
v -1.172097 0.971551 3.725111
v -1.172097 1.213127 3.447210
v -0.691237 1.403711 3.187192
v -0.691237 1.428533 3.046420
v -0.633835 1.403711 3.187192
v -0.633835 1.428533 3.046420
v -0.691237 1.360013 3.034338
v -0.691237 1.335191 3.175111
v -0.633835 1.360013 3.034338
v -0.633835 1.335191 3.175111
v 0.711034 1.335191 3.175110
v 0.711034 1.360013 3.034338
v 0.653631 1.335191 3.175110
v 0.653631 1.360013 3.034338
v 0.711034 1.428533 3.046420
v 0.711034 1.403711 3.187192
v 0.653631 1.428533 3.046420
v 0.653631 1.403711 3.187192
v 0.710409 1.252138 3.309229
v 0.710409 1.326140 3.150533
v 0.654256 1.252138 3.309229
v 0.654256 1.326140 3.150533
v 0.710409 1.403204 3.186468
v 0.710409 1.329202 3.345165
v 0.654256 1.403204 3.186468
v 0.654256 1.329202 3.345165
v 0.710409 1.182482 3.221455
v 0.710409 1.235305 3.108176
v 0.654256 1.182482 3.221455
v 0.654256 1.235305 3.108176
v 0.710409 1.326140 3.150533
v 0.710409 1.273317 3.263812
v 0.654256 1.326140 3.150533
v 0.654256 1.273317 3.263812
v -0.690612 1.273317 3.263812
v -0.690612 1.326140 3.150533
v -0.634460 1.273317 3.263812
v -0.634460 1.326140 3.150533
v -0.690612 1.235305 3.108176
v -0.690612 1.182482 3.221455
v -0.634460 1.235305 3.108176
v -0.634460 1.182482 3.221455
v -0.928618 1.105600 3.441041
v -0.928618 1.608327 2.212212
v -0.555087 1.105600 3.441041
v -0.555087 1.608327 2.212212
v -0.928618 1.537358 2.183178
v -0.928618 1.034631 3.412006
v -0.555087 1.537358 2.183178
v -0.555087 1.034631 3.412006
v -0.525883 1.108762 3.433310
v -0.525883 1.605165 2.219942
v 0.551534 1.108762 3.433310
v 0.551534 1.605165 2.219942
v -0.525883 1.534195 2.190908
v -0.525883 1.037793 3.404276
v 0.551534 1.534195 2.190908
v 0.551534 1.037793 3.404276
v -0.091575 1.133452 3.518834
v -0.091575 1.207878 3.236145
v 0.117226 1.133452 3.518834
v 0.117226 1.207878 3.236145
v -0.091575 1.157957 3.223002
v -0.091575 1.083531 3.505691
v 0.117226 1.157957 3.223002
v 0.117226 1.083531 3.505691
v 0.951745 1.034631 3.412006
v 0.951745 1.537358 2.183177
v 0.578214 1.034631 3.412006
v 0.578214 1.537358 2.183177
v 0.951745 1.608327 2.212212
v 0.951745 1.105600 3.441040
v 0.578214 1.608327 2.212212
v 0.578214 1.105600 3.441040
v -0.690612 1.329202 3.345165
v -0.690612 1.403204 3.186468
v -0.634460 1.329202 3.345165
v -0.634460 1.403204 3.186468
v -0.690612 1.326140 3.150533
v -0.690612 1.252138 3.309229
v -0.634460 1.326140 3.150533
v -0.634460 1.252138 3.309229
v 1.358225 1.708446 3.551359
v 1.358223 1.708447 -3.907861
v 1.358225 0.874413 3.551359
v 1.358223 0.874413 -3.907861
v -1.326398 1.708447 -3.907861
v -1.326397 1.708446 3.551360
v -1.326398 0.874413 -3.907861
v -1.326397 0.874413 3.551360
v -0.050937 0.958268 -3.990292
v -0.050937 1.448876 -3.047843
v -0.050937 0.681077 -3.845996
v -0.050937 1.171685 -2.903547
v 0.261563 1.448876 -3.047843
v 0.261562 0.958268 -3.990292
v 0.261563 1.171685 -2.903547
v 0.261563 0.681077 -3.845996
v 1.227065 1.771744 -2.005160
v 1.227065 1.771744 -3.047702
v 1.227065 1.729483 -2.005160
v 1.227065 1.729484 -3.047702
v -1.194323 1.771744 -3.047702
v -1.194323 1.771744 -2.005160
v -1.194323 1.729484 -3.047702
v -1.194323 1.729483 -2.005160
v -0.364062 1.647368 -2.249097
v -0.364062 1.521743 -2.031508
v -0.364062 1.375653 -2.405972
v -0.364062 1.250028 -2.188383
v 1.074688 1.521743 -2.031509
v 1.074688 1.647368 -2.249098
v 1.074688 1.250028 -2.188384
v 1.074688 1.375653 -2.405972
v 1.361588 1.056170 3.457074
v 1.361587 1.734949 1.733893
v 1.361588 0.995804 3.433296
v 1.361587 1.674584 1.710114
v -1.328844 1.734949 1.733894
v -1.328844 1.056170 3.457075
v -1.328844 1.674584 1.710115
v -1.328844 0.995804 3.433296
v 1.227066 0.546303 2.700243
v 1.227066 1.001714 3.505179
v 1.227066 0.619479 2.658842
v 1.227066 1.074890 3.463778
v -1.194322 1.001714 3.505179
v -1.194322 0.546303 2.700243
v -1.194322 1.074890 3.463778
v -1.194322 0.619479 2.658842
v 1.353180 0.656061 2.877165
v 1.353180 0.904467 3.316221
v 1.353180 0.839001 2.773662
v 1.353180 1.087407 3.212718
v -1.328844 0.904467 3.316221
v -1.328844 0.656061 2.877165
v -1.328844 1.087407 3.212719
v -1.328844 0.839001 2.773663
v 1.227066 0.755876 2.713963
v 1.227065 0.755877 -3.642181
v 1.227066 0.534746 2.713963
v 1.227065 0.534746 -3.642181
v -1.194323 0.755877 -3.642181
v -1.194322 0.755876 2.713963
v -1.194323 0.534746 -3.642181
v -1.194322 0.534746 2.713963
v -1.268390 0.900535 2.915745
v -1.268391 0.900535 -3.675811
v -1.120964 0.598267 2.915745
v -1.120965 0.598267 -3.675811
v -1.328845 0.871050 -3.675811
v -1.328844 0.871050 2.915745
v -1.181419 0.568782 -3.675811
v -1.181418 0.568782 2.915745
v 1.361587 0.871050 2.915745
v 1.361586 0.871050 -3.675812
v 1.214162 0.568782 2.915745
v 1.214161 0.568782 -3.675812
v 1.301133 0.900535 -3.675812
v 1.301134 0.900535 2.915745
v 1.153707 0.598267 -3.675812
v 1.153708 0.598267 2.915745
v 1.361586 1.624112 -4.005518
v 1.361586 1.472775 -4.267641
v 1.361586 1.012492 -3.652400
v 1.361586 0.861155 -3.914522
v -1.328845 1.472775 -4.267641
v -1.328845 1.624112 -4.005518
v -1.328845 0.861155 -3.914522
v -1.328845 1.012492 -3.652399
v 1.361587 1.729706 1.735330
v 1.361586 1.729707 -3.889353
v 1.361587 1.670853 1.735330
v 1.361586 1.670853 -3.889353
v -1.328845 1.729707 -3.889353
v -1.328844 1.729706 1.735330
v -1.328845 1.670853 -3.889353
v -1.328844 1.670853 1.735330
v 1.227065 1.704484 -3.889353
v 1.227065 1.704484 -4.360178
v 1.227065 1.469071 -3.889353
v 1.227065 1.469071 -4.360178
v -0.656237 1.704484 -4.360178
v -0.656237 1.704484 -3.889353
v -0.656237 1.469071 -4.360178
v -0.656237 1.469071 -3.889353
v 0.184524 1.729361 1.970743
v 0.184524 1.729361 1.836221
v 0.184524 1.503470 1.970743
v 0.184524 1.503470 1.836221
v -0.160188 1.729361 1.836221
v -0.160188 1.729361 1.970743
v -0.160188 1.503470 1.836221
v -0.160188 1.503470 1.970743
v 1.361586 1.704484 -3.889353
v 1.361586 1.502701 -4.238850
v 1.361586 1.675359 -3.872538
v 1.361586 1.473577 -4.222034
v -1.328845 1.502701 -4.238849
v -1.328845 1.704484 -3.889353
v -1.328845 1.473577 -4.222034
v -1.328845 1.675359 -3.872537
v 1.260695 1.012492 -3.652400
v 1.260695 0.861155 -3.914522
v 1.260695 0.633870 -3.433802
v 1.260695 0.482533 -3.695925
v -1.227954 0.861155 -3.914522
v -1.227954 1.012492 -3.652399
v -1.227954 0.482533 -3.695925
v -1.227954 0.633870 -3.433802
v -0.363437 1.562500 -2.751829
v -0.363437 1.562500 -2.189329
v -0.363437 0.750000 -2.751829
v -0.363437 0.750000 -2.189329
v 1.074063 1.562500 -2.189329
v 1.074063 1.562500 -2.751829
v 1.074063 0.750000 -2.189329
v 1.074063 0.750000 -2.751829
v -0.364062 1.509175 -2.906420
v -0.364062 1.634800 -2.688831
v -0.364062 1.237459 -2.749545
v -0.364062 1.363084 -2.531956
v 1.074688 1.634800 -2.688831
v 1.074688 1.509175 -2.906420
v 1.074688 1.363084 -2.531956
v 1.074688 1.237459 -2.749545
v 1.490737 0.758155 1.632848
v 1.490737 0.758155 1.363805
v 1.490737 0.489112 1.632848
v 1.490737 0.489112 1.363805
v -1.457994 0.758155 1.363805
v -1.457994 0.758155 1.632849
v -1.457994 0.489112 1.363805
v -1.457994 0.489112 1.632849
v 1.490737 0.758155 0.623936
v 1.490737 0.758155 0.354893
v 1.490737 0.489112 0.623936
v 1.490737 0.489112 0.354893
v -1.457994 0.758155 0.354894
v -1.457994 0.758155 0.623937
v -1.457994 0.489112 0.354894
v -1.457994 0.489112 0.623937
v 1.490736 0.758155 -0.298331
v 1.490736 0.758155 -0.567374
v 1.490736 0.489112 -0.298331
v 1.490736 0.489112 -0.567374
v -1.457994 0.758155 -0.567374
v -1.457994 0.758155 -0.298331
v -1.457994 0.489112 -0.567374
v -1.457994 0.489112 -0.298331
v 1.496108 1.176943 -3.333823
v 1.496108 0.844019 -3.666747
v 1.496108 0.844019 -3.000899
v 1.496108 0.511095 -3.333823
v -1.463366 0.844019 -3.666746
v -1.463366 1.176943 -3.333822
v -1.463366 0.511095 -3.333822
v -1.463366 0.844019 -3.000899
v 1.490736 0.758156 -2.260455
v 1.490736 0.758156 -2.529498
v 1.490736 0.489112 -2.260455
v 1.490736 0.489112 -2.529498
v -1.457994 0.758156 -2.529497
v -1.457994 0.758156 -2.260454
v -1.457994 0.489112 -2.529497
v -1.457994 0.489112 -2.260454
v 1.294326 0.959938 -3.001375
v 1.294326 0.959938 -3.640353
v 1.294326 0.455482 -3.001375
v 1.294326 0.455482 -3.640353
v 0.655348 0.959938 -3.640352
v 0.655348 0.959938 -3.001375
v 0.655348 0.455482 -3.640352
v 0.655348 0.455482 -3.001375
v 0.824120 0.702104 3.130542
v 0.824120 0.777236 3.263336
v 0.824120 0.761722 3.096812
v 0.824120 0.836854 3.229606
v -0.791376 0.777236 3.263337
v -0.791376 0.702104 3.130543
v -0.791376 0.836854 3.229606
v -0.791376 0.761722 3.096812
v 1.193435 0.562184 2.881978
v 1.193436 0.711228 3.145411
v 1.193435 0.620725 2.848857
v 1.193436 0.769769 3.112290
v -1.160692 0.711228 3.145412
v -1.160692 0.562184 2.881978
v -1.160692 0.769769 3.112291
v -1.160692 0.620725 2.848857
v 1.490737 0.758155 2.623069
v 1.490737 0.758155 2.354026
v 1.490737 0.489112 2.623069
v 1.490737 0.489112 2.354026
v -1.457993 0.758155 2.354027
v -1.457993 0.758155 2.623070
v -1.457993 0.489112 2.354027
v -1.457993 0.489112 2.623070
v 1.064798 1.088284 -4.038668
v 1.064798 1.369567 -4.169832
v 1.064798 0.915883 -4.408383
v 1.064798 1.197166 -4.539547
v -1.042673 1.369567 -4.169832
v -1.042672 1.088284 -4.038667
v -1.042673 1.197166 -4.539547
v -1.042673 0.915883 -4.408383
v 0.939799 0.927525 3.070410
v 0.939799 0.708066 2.850951
v 0.939799 0.683266 3.314670
v 0.939799 0.463807 3.095211
v -0.917671 0.708066 2.850951
v -0.917671 0.927525 3.070410
v -0.917671 0.463807 3.095211
v -0.917671 0.683266 3.314670
v -0.622607 0.959938 -3.001375
v -0.622607 0.959938 -3.640352
v -0.622607 0.455482 -3.001375
v -0.622607 0.455482 -3.640352
v -1.261584 0.959938 -3.640352
v -1.261584 0.959938 -3.001375
v -1.261584 0.455482 -3.640352
v -1.261584 0.455482 -3.001375
v -1.280685 1.737317 -0.954688
v -0.508378 1.737317 -1.726996
v -1.151446 1.737317 -0.825450
v -0.379139 1.737317 -1.597757
v -0.508378 0.762705 -1.726996
v -1.280685 0.762704 -0.954688
v -0.379139 0.762704 -1.597757
v -1.151446 0.762704 -0.825450
v -0.506787 1.735726 -1.523408
v -0.506787 1.735726 -1.725405
v 0.517640 1.735726 -1.523408
v 0.517640 1.735726 -1.725405
v -0.506787 0.532515 -1.725405
v -0.506787 0.532515 -1.523408
v 0.517640 0.532515 -1.725405
v 0.517640 0.532515 -1.523408
v 1.302488 0.762704 -0.937011
v 0.512503 0.762705 -1.726996
v 1.173250 0.762704 -0.807773
v 0.383265 0.762704 -1.597758
v 0.512503 1.737317 -1.726996
v 1.302488 1.737317 -0.937011
v 0.383265 1.737317 -1.597757
v 1.173250 1.737317 -0.807773
v 1.300898 0.763765 0.179143
v 1.300898 0.763765 -0.935421
v 1.120778 0.763765 0.179143
v 1.120778 0.763765 -0.935421
v 1.300898 1.735726 -0.935421
v 1.300898 1.735726 0.179143
v 1.120778 1.735726 -0.935420
v 1.120778 1.735726 0.179143
v 0.512504 0.762704 0.970719
v 1.302489 0.762704 0.180734
v 0.383265 0.762704 0.841480
v 1.173250 0.762704 0.051495
v 1.302489 1.737317 0.180734
v 0.512504 1.737317 0.970719
v 1.173250 1.737317 0.051496
v 0.383265 1.737317 0.841481
v -0.506787 1.735726 0.969128
v -0.506787 1.735726 0.767131
v 0.517640 1.735726 0.969128
v 0.517640 1.735726 0.767131
v -0.506787 1.576265 0.767131
v -0.506787 1.576265 0.969128
v 0.517640 1.576265 0.767131
v 0.517640 1.576265 0.969128
v -1.144958 1.023331 3.245808
v -1.144958 1.023332 2.088344
v -1.187585 1.011108 3.245808
v -1.187586 1.011108 2.088344
v -1.287536 1.520560 2.088344
v -1.287536 1.520560 3.245808
v -1.330164 1.508336 2.088344
v -1.330163 1.508336 3.245808
v -1.277771 1.735726 0.179143
v -1.277772 1.735726 -0.954170
v -1.097652 1.735726 0.179143
v -1.097652 1.735726 -0.954170
v -1.277772 0.763765 -0.954170
v -1.277771 0.763765 0.179143
v -1.097652 0.763765 -0.954170
v -1.097652 0.763765 0.179143
v 0.939798 1.345440 -4.032055
v 0.939798 1.553086 -4.128881
v 0.939798 1.225867 -4.288481
v 0.939798 1.433512 -4.385308
v -0.917673 1.553086 -4.128881
v -0.917673 1.345440 -4.032054
v -0.917673 1.433512 -4.385308
v -0.917673 1.225867 -4.288481
v 1.227065 1.771744 -3.048593
v 1.227065 1.771744 -3.788462
v 1.227065 1.690494 -3.048593
v 1.227065 1.690495 -3.788462
v -1.194323 1.771744 -3.788461
v -1.194323 1.771744 -3.048593
v -1.194323 1.690495 -3.788461
v -1.194323 1.690494 -3.048593
v 1.490736 0.758156 -1.360831
v 1.490736 0.758156 -1.629874
v 1.490736 0.489112 -1.360831
v 1.490736 0.489112 -1.629874
v -1.457994 0.758156 -1.629874
v -1.457994 0.758156 -1.360831
v -1.457994 0.489112 -1.629874
v -1.457994 0.489112 -1.360831
v 1.310663 1.520560 3.245808
v 1.310663 1.520560 2.088344
v 1.353291 1.508336 3.245808
v 1.353290 1.508336 2.088344
v 1.168085 1.023332 2.088344
v 1.168085 1.023331 3.245808
v 1.210713 1.011108 2.088344
v 1.210713 1.011108 3.245808
v -0.489377 1.737317 0.970719
v -1.279362 1.737317 0.180734
v -0.360139 1.737317 0.841481
v -1.150124 1.737317 0.051496
v -1.279362 0.762704 0.180734
v -0.489377 0.762704 0.970719
v -1.150124 0.762704 0.051496
v -0.360139 0.762704 0.841481
v 0.602066 1.693376 1.838963
v 0.602065 1.693376 0.670319
v 0.602066 0.693376 1.838963
v 0.602065 0.693376 0.670319
v -0.569323 1.693376 0.670319
v -0.569322 1.693376 1.838963
v -0.569323 0.693376 0.670319
v -0.569322 0.693376 1.838963
v 0.405879 0.745007 1.658587
v 0.405879 1.046813 1.078822
v 0.405879 0.689569 1.629728
v 0.405879 0.991375 1.049962
v -0.325556 1.046813 1.078822
v -0.325556 0.745007 1.658587
v -0.325556 0.991375 1.049962
v -0.325556 0.689569 1.629728
v 0.405880 0.758626 2.205591
v 0.405879 0.758626 1.613548
v 0.405880 0.541964 2.205591
v 0.405879 0.541964 1.613548
v -0.326395 0.758626 1.613548
v -0.326395 0.758626 2.205591
v -0.326395 0.541964 1.613548
v -0.326395 0.541964 2.205591
v -0.425937 1.187500 -3.314329
v -0.425937 1.187500 -2.751829
v -0.425937 0.750000 -3.314329
v -0.425937 0.750000 -2.751829
v 1.136563 1.187500 -2.751829
v 1.136563 1.187500 -3.314329
v 1.136563 0.750000 -2.751829
v 1.136563 0.750000 -3.314329
v -1.050937 1.687500 -2.814329
v -1.050937 1.687500 -2.126829
v -1.050937 0.750000 -2.814329
v -1.050937 0.750000 -2.126829
v -0.425937 1.687500 -2.126829
v -0.425937 1.687500 -2.814329
v -0.425937 0.750000 -2.126829
v -0.425937 0.750000 -2.814329
v -1.029706 1.358219 2.818861
v -1.029707 1.605416 2.214631
v 1.043277 1.358219 2.818861
v 1.043277 1.605416 2.214630
v -1.029707 1.539185 2.187535
v -1.029706 1.291988 2.791765
v 1.043277 1.539185 2.187535
v 1.043277 1.291988 2.791765
v -0.861614 1.431006 2.986951
v -0.859429 1.433193 2.886788
v -0.997299 1.295192 2.981024
v -0.995114 1.297379 2.880861
v -0.995308 1.568943 2.886788
v -0.997493 1.566755 2.986951
v -1.130992 1.433129 2.880861
v -1.133178 1.430941 2.981024
v -0.866956 1.557956 3.029906
v -0.866956 1.566334 2.838019
v -0.866956 1.282640 3.017886
v -0.866956 1.291018 2.825999
v -1.117482 1.566334 2.838019
v -1.117482 1.557956 3.029906
v -1.117482 1.291018 2.825999
v -1.117482 1.282640 3.017886
v 1.078821 1.496278 3.102443
v 1.078821 1.501377 2.985642
v 1.078821 1.429534 3.099528
v 1.078821 1.434634 2.982728
v 0.928506 1.501377 2.985642
v 0.928506 1.496278 3.102443
v 0.928506 1.434634 2.982728
v 0.928506 1.429534 3.099528
v 1.008937 1.566755 2.986950
v 1.006752 1.568943 2.886788
v 1.144622 1.430941 2.981024
v 1.142437 1.433129 2.880861
v 0.870873 1.433193 2.886788
v 0.873059 1.431006 2.986950
v 1.006558 1.297379 2.880861
v 1.008744 1.295192 2.981024
v -0.714759 1.592340 2.190249
v -0.714759 1.639311 1.986799
v 0.746853 1.592340 2.190249
v 0.746853 1.639311 1.986799
v -0.714759 1.551818 1.966600
v -0.714759 1.504848 2.170050
v 0.746853 1.551818 1.966600
v 0.746853 1.504848 2.170050
v 0.899802 1.297303 2.881789
v 0.899802 1.321791 2.819622
v -0.874738 1.297303 2.881790
v -0.874738 1.321791 2.819623
v 0.899802 1.520528 2.897907
v 0.899802 1.496039 2.960074
v -0.874738 1.520528 2.897907
v -0.874738 1.496039 2.960074
v 1.134359 1.557956 3.029906
v 1.134359 1.566334 2.838019
v 1.134359 1.282640 3.017885
v 1.134359 1.291018 2.825998
v 0.883833 1.566334 2.838019
v 0.883833 1.557956 3.029906
v 0.883833 1.291018 2.825998
v 0.883833 1.282640 3.017885
v -1.583242 1.682232 -4.264735
v -1.583242 1.682232 -4.281439
v -1.535603 1.634593 -4.264735
v -1.535603 1.634593 -4.281439
v -1.630881 1.634593 -4.281439
v -1.630881 1.634593 -4.264735
v -1.583242 1.586954 -4.281439
v -1.583242 1.586954 -4.264735
v 1.568190 1.634593 -4.264736
v 1.568190 1.634593 -4.281440
v 1.520550 1.586954 -4.264736
v 1.520550 1.586954 -4.281440
v 1.520550 1.682232 -4.281440
v 1.520550 1.682232 -4.264736
v 1.472911 1.634593 -4.281440
v 1.472911 1.634593 -4.264736
v -0.363437 1.762500 1.307531
v -0.363437 1.762500 1.682531
v -0.363437 1.718750 1.307531
v -0.363437 1.718750 1.682531
v 0.386563 1.762500 1.682531
v 0.386563 1.762500 1.307531
v 0.386563 1.718750 1.682531
v 0.386563 1.718750 1.307531
v -1.204091 1.694084 2.050737
v -1.214267 1.694084 2.229930
v -1.159968 1.649890 2.053243
v -1.170143 1.649890 2.232435
v -1.170143 1.738278 2.232435
v -1.159968 1.738278 2.053243
v -1.126020 1.694084 2.234941
v -1.115845 1.694084 2.055748
v -1.190079 1.567020 1.937455
v -1.197254 1.729875 2.116290
v -1.191765 1.520793 1.979484
v -1.198940 1.683647 2.158319
v -1.134804 1.729875 2.118795
v -1.127629 1.567020 1.939960
v -1.136490 1.683647 2.160824
v -1.129315 1.520793 1.981989
v 1.150756 1.567020 1.939960
v 1.157931 1.729875 2.118795
v 1.152442 1.520793 1.981989
v 1.159617 1.683647 2.160824
v 1.220380 1.729875 2.116289
v 1.213206 1.567020 1.937454
v 1.222067 1.683647 2.158318
v 1.214892 1.520793 1.979483
v 1.183095 1.738278 2.053243
v 1.193271 1.738278 2.232435
v 1.138972 1.694084 2.055748
v 1.149148 1.694084 2.234941
v 1.237394 1.694084 2.229929
v 1.227218 1.694084 2.050737
v 1.193271 1.649890 2.232435
v 1.183095 1.649890 2.053243
v 2.000564 1.817291 -1.992242
v 2.000564 1.817291 -3.000487
v 2.000564 1.531432 -1.992242
v 2.000564 1.531433 -3.000487
v 1.428847 1.817291 -3.000487
v 1.428847 1.817291 -1.992241
v 1.428847 1.531433 -3.000487
v 1.428847 1.531432 -1.992241
v 2.067826 1.498024 3.510778
v 2.067824 1.498024 -4.111178
v 2.067826 1.464393 3.510778
v 2.067824 1.464394 -4.111178
v 1.319326 1.498024 -4.111178
v 1.319327 1.498024 3.510778
v 1.319326 1.464394 -4.111178
v 1.319327 1.464393 3.510778
v -1.258085 0.709146 3.341892
v -1.258085 0.483315 2.809867
v -1.258085 0.863215 3.276494
v -1.258085 0.637384 2.744469
v -1.149292 0.483315 2.809867
v -1.149292 0.709146 3.341892
v -1.149292 0.637384 2.744469
v -1.149292 0.863215 3.276494
v 1.172419 0.709146 3.341891
v 1.172419 0.483315 2.809867
v 1.172419 0.863215 3.276493
v 1.172419 0.637384 2.744468
v 1.281212 0.483315 2.809867
v 1.281212 0.709146 3.341891
v 1.281212 0.637384 2.744468
v 1.281212 0.863215 3.276493
v -1.362954 1.721898 -4.068944
v -1.362954 1.714612 -4.235826
v -1.362954 1.453555 -4.057228
v -1.362954 1.446269 -4.224110
v -1.679514 1.714612 -4.235826
v -1.679514 1.721898 -4.068944
v -1.679514 1.446269 -4.224110
v -1.679514 1.453555 -4.057228
v -1.583242 1.694044 -4.079768
v -1.583242 1.694044 -4.264735
v -1.523791 1.634593 -4.079768
v -1.523792 1.634593 -4.264735
v -1.642693 1.634593 -4.264735
v -1.642693 1.634593 -4.079768
v -1.583242 1.575143 -4.264735
v -1.583242 1.575143 -4.079768
v 1.616702 1.721898 -4.068944
v 1.616702 1.714612 -4.235826
v 1.616702 1.453555 -4.057228
v 1.616702 1.446269 -4.224111
v 1.300142 1.714612 -4.235826
v 1.300142 1.721898 -4.068944
v 1.300142 1.446269 -4.224111
v 1.300142 1.453555 -4.057228
v 2.051009 1.768993 -3.090627
v 2.051009 1.726151 -4.071859
v 2.051009 1.433896 -3.075996
v 2.051009 1.391055 -4.057228
v 1.366958 1.726151 -4.071859
v 1.366958 1.768993 -3.090627
v 1.366958 1.391055 -4.057228
v 1.366958 1.433896 -3.075996
v -1.280333 1.498024 3.510778
v -1.280334 1.498024 -4.111177
v -1.280333 1.464393 3.510778
v -1.280334 1.464394 -4.111177
v -2.035083 1.498024 -4.111177
v -2.035082 1.498024 3.510778
v -2.035083 1.464394 -4.111177
v -2.035082 1.464393 3.510778
v 2.051010 1.523941 3.414351
v 2.051010 1.699806 1.404206
v 2.051010 1.322927 3.396764
v 2.051010 1.498792 1.386619
v 1.366959 1.699806 1.404206
v 1.366959 1.523941 3.414351
v 1.366959 1.498792 1.386619
v 1.366959 1.322927 3.396765
v 2.051010 1.699806 1.404206
v 2.051010 1.802509 -1.957265
v 2.051010 1.431333 1.396003
v 2.051010 1.534035 -1.965467
v 1.366959 1.802509 -1.957264
v 1.366959 1.699806 1.404206
v 1.366959 1.534035 -1.965467
v 1.366959 1.431333 1.396003
v 1.580001 1.634593 -4.079769
v 1.580001 1.634593 -4.264736
v 1.520551 1.575143 -4.079769
v 1.520550 1.575143 -4.264736
v 1.520550 1.694044 -4.264736
v 1.520551 1.694044 -4.079769
v 1.461100 1.634593 -4.264736
v 1.461100 1.634593 -4.079769
v -1.160692 1.128089 3.556551
v -1.160692 1.128089 3.287508
v -1.160692 0.859046 3.556551
v -1.160692 0.859046 3.287508
v -1.597887 1.128089 3.287508
v -1.597887 1.128089 3.556551
v -1.597887 0.859046 3.287508
v -1.597887 0.859046 3.556551
v 1.630631 1.128089 3.498086
v 1.630631 1.128089 3.229043
v 1.630631 0.859046 3.498086
v 1.630631 0.859046 3.229043
v 1.193436 1.128089 3.229043
v 1.193436 1.128089 3.498087
v 1.193436 0.859046 3.229043
v 1.193436 0.859046 3.498087
v 2.249946 1.623443 -2.261285
v 2.249946 1.623443 -2.732110
v 2.183767 1.481524 -2.261285
v 2.183767 1.481524 -2.732110
v 1.998490 1.740699 -2.732110
v 1.998490 1.740699 -2.261285
v 1.932312 1.598780 -2.732110
v 1.932312 1.598780 -2.261285
v -0.276804 0.815066 -3.889972
v -0.276804 0.869193 -3.921222
v -0.276804 0.783816 -3.944099
v -0.276804 0.837943 -3.975349
v -0.901804 0.869193 -3.921222
v -0.901804 0.815066 -3.889972
v -0.901804 0.837943 -3.975349
v -0.901804 0.783816 -3.944099
v -0.339304 0.652686 -3.796222
v -0.339304 0.815066 -3.889972
v -0.339304 0.621436 -3.850349
v -0.339304 0.783816 -3.944099
v -0.839304 0.815066 -3.889972
v -0.839304 0.652686 -3.796222
v -0.839304 0.783816 -3.944099
v -0.839304 0.621436 -3.850349
v -0.276804 0.976192 -3.984590
v -0.276804 1.031631 -4.013449
v -0.276804 0.947333 -4.040028
v -0.276804 1.002771 -4.068887
v -0.901804 1.031631 -4.013449
v -0.901804 0.976192 -3.984590
v -0.901804 1.002771 -4.068887
v -0.901804 0.947333 -4.040028
v -0.339304 0.809878 -3.898012
v -0.339304 0.976192 -3.984590
v -0.339304 0.781019 -3.953450
v -0.339304 0.947333 -4.040028
v -0.839304 0.976192 -3.984590
v -0.839304 0.809878 -3.898012
v -0.839304 0.947333 -4.040028
v -0.839304 0.781019 -3.953450
v 0.923196 0.976192 -3.984590
v 0.923196 1.031631 -4.013449
v 0.923196 0.947333 -4.040028
v 0.923196 1.002771 -4.068887
v 0.298196 1.031631 -4.013449
v 0.298196 0.976192 -3.984590
v 0.298196 1.002771 -4.068887
v 0.298196 0.947333 -4.040028
v 0.860696 0.809878 -3.898012
v 0.860696 0.976192 -3.984590
v 0.860696 0.781019 -3.953450
v 0.860696 0.947333 -4.040028
v 0.360696 0.976192 -3.984590
v 0.360696 0.809878 -3.898012
v 0.360696 0.947333 -4.040028
v 0.360696 0.781019 -3.953450
v 0.923196 0.815066 -3.889972
v 0.923196 0.869193 -3.921222
v 0.923196 0.783816 -3.944099
v 0.923196 0.837943 -3.975349
v 0.298196 0.869193 -3.921222
v 0.298196 0.815066 -3.889972
v 0.298196 0.837943 -3.975349
v 0.298196 0.783816 -3.944099
v 0.860696 0.652686 -3.796222
v 0.860696 0.815066 -3.889972
v 0.860696 0.621436 -3.850349
v 0.860696 0.783816 -3.944099
v 0.360696 0.815066 -3.889972
v 0.360696 0.652686 -3.796222
v 0.360696 0.783816 -3.944099
v 0.360696 0.621436 -3.850349
v 2.130630 1.451474 -4.191411
v 2.130630 1.424628 -4.070320
v 2.130630 1.244792 -4.237231
v 2.130630 1.217947 -4.116140
v 2.164350 1.424628 -4.070320
v 2.164350 1.451474 -4.191411
v 2.164350 1.217947 -4.116140
v 2.164350 1.244792 -4.237231
v 2.184776 1.525000 -4.299654
v 2.184776 1.437462 -4.487378
v 2.184776 1.471673 -4.274787
v 2.184776 1.384135 -4.462512
v 1.276071 1.437462 -4.487378
v 1.276071 1.525000 -4.299654
v 1.276071 1.384135 -4.462512
v 1.276071 1.471673 -4.274787
v -1.252946 1.525000 -4.299653
v -1.252946 1.437462 -4.487378
v -1.252946 1.471673 -4.274786
v -1.252946 1.384135 -4.462511
v -2.161651 1.437462 -4.487378
v -2.161651 1.525000 -4.299653
v -2.161651 1.384135 -4.462511
v -2.161651 1.471673 -4.274786
v 2.193523 1.550754 2.733308
v 2.193522 1.550755 -4.301270
v 2.166468 1.428717 2.733308
v 2.166467 1.428718 -4.301270
v 2.047802 1.583060 -4.301270
v 2.047803 1.583060 2.733308
v 2.020747 1.461023 -4.301270
v 2.020748 1.461023 2.733308
v -2.024676 1.583060 2.733308
v -2.024677 1.583060 -4.301269
v -1.997621 1.461023 2.733308
v -1.997622 1.461023 -4.301269
v -2.170397 1.550755 -4.301269
v -2.170396 1.550754 2.733308
v -2.143342 1.428718 -4.301269
v -2.143341 1.428717 2.733308
v -1.275036 1.583060 2.733308
v -1.275037 1.583060 -4.301269
v -1.275036 1.487151 2.733308
v -1.275037 1.487152 -4.301269
v -2.024677 1.583060 -4.301269
v -2.024676 1.583060 2.733308
v -2.024677 1.487152 -4.301269
v -2.024676 1.487151 2.733308
v 2.047803 1.583060 2.733308
v 2.047802 1.583060 -4.301270
v 2.047803 1.487151 2.733308
v 2.047802 1.487152 -4.301270
v 1.298162 1.583060 -4.301270
v 1.298163 1.583060 2.733308
v 1.298162 1.487152 -4.301270
v 1.298163 1.487151 2.733308
v -1.343833 1.802509 -1.957264
v -1.343833 1.802509 -3.945303
v -1.343833 1.515160 -1.957264
v -1.343833 1.515160 -3.945303
v -2.027884 1.802509 -3.945303
v -2.027884 1.802509 -1.957264
v -2.027884 1.515160 -3.945303
v -2.027884 1.515160 -1.957264
v -1.343832 1.523941 3.414351
v -1.343832 1.699806 1.404207
v -1.343832 1.322927 3.396765
v -1.343832 1.498792 1.386620
v -2.027884 1.699806 1.404207
v -2.027883 1.523941 3.414351
v -2.027884 1.498792 1.386620
v -2.027883 1.322927 3.396765
v -1.343832 1.699806 1.404206
v -1.343833 1.802509 -1.957264
v -1.343832 1.431333 1.396004
v -1.343833 1.534035 -1.965467
v -2.027884 1.802509 -1.957264
v -2.027884 1.699806 1.404207
v -2.027884 1.534035 -1.965466
v -2.027884 1.431333 1.396004
v -1.344458 1.801625 -3.945303
v -1.344458 1.493150 -4.253778
v -1.344458 1.625732 -3.769410
v -1.344458 1.317257 -4.077885
v -2.027259 1.493150 -4.253778
v -2.027259 1.801625 -3.945303
v -2.027259 1.317257 -4.077885
v -2.027259 1.625732 -3.769410
v 1.009103 1.542958 2.994782
v 1.008921 1.543141 2.986435
v 1.121190 1.430764 2.989886
v 1.121008 1.430947 2.981539
v 0.896673 1.431000 2.986435
v 0.896855 1.430818 2.994782
v 1.008760 1.318806 2.981539
v 1.008942 1.318624 2.989886
v -0.885411 1.430818 2.994782
v -0.885229 1.431000 2.986435
v -0.997498 1.318624 2.989886
v -0.997316 1.318806 2.981539
v -0.997476 1.543141 2.986435
v -0.997658 1.542958 2.994782
v -1.109563 1.430947 2.981539
v -1.109746 1.430764 2.989886
v 1.700978 1.217706 -4.631425
v -1.652791 1.217706 -4.631424
v 1.700978 0.782534 -4.631425
v -1.652791 0.782534 -4.631424
v -1.652791 1.217706 -4.363626
v 1.700978 1.217706 -4.363626
v -1.652791 0.782534 -4.363626
v 1.700978 0.782534 -4.363626
v 1.700978 1.686353 -4.723481
v -1.652791 1.686353 -4.723480
v 1.700978 1.251181 -4.723481
v -1.652791 1.251181 -4.723480
v -1.652791 1.686353 -4.455682
v 1.700978 1.686353 -4.455682
v -1.652791 1.251181 -4.455682
v 1.700978 1.251181 -4.455682
v -2.362994 1.627001 0.098735
v -2.362994 1.627001 0.311000
v -2.362994 0.803410 0.098735
v -2.362994 0.803410 0.311000
v -2.108275 1.627001 0.311000
v -2.108275 1.627001 0.098735
v -2.108275 0.803410 0.311000
v -2.108275 0.803410 0.098735
v -2.362994 1.627001 0.446850
v -2.362994 1.627001 0.659116
v -2.362994 0.803410 0.446850
v -2.362994 0.803410 0.659116
v -2.108275 1.627001 0.659116
v -2.108275 1.627001 0.446850
v -2.108275 0.803410 0.659116
v -2.108275 0.803410 0.446850
v -2.361112 1.554425 -0.730074
v -2.361112 1.554425 -0.041084
v -2.331877 1.491731 -0.730074
v -2.331877 1.491731 -0.041084
v -2.189511 1.634444 -0.041084
v -2.189511 1.634444 -0.730074
v -2.160276 1.571750 -0.041084
v -2.160276 1.571750 -0.730075
v -2.360281 1.554123 -0.729450
v -2.360281 1.554123 -0.041709
v -2.360281 0.840910 -0.729450
v -2.360281 0.840910 -0.041709
v -2.207450 1.554123 -0.041709
v -2.207450 1.554123 -0.729450
v -2.207450 0.840910 -0.041709
v -2.207450 0.840910 -0.729450
v -2.361112 1.554425 -1.523824
v -2.361112 1.554425 -0.834834
v -2.331877 1.491731 -1.523824
v -2.331877 1.491731 -0.834834
v -2.189511 1.634444 -0.834834
v -2.189511 1.634444 -1.523824
v -2.160276 1.571750 -0.834834
v -2.160276 1.571750 -1.523824
v -2.362994 1.627001 -0.321899
v -2.362994 1.627001 -0.109634
v -2.362994 0.803410 -0.321900
v -2.362994 0.803410 -0.109634
v -2.108275 1.627001 -0.109634
v -2.108275 1.627001 -0.321900
v -2.108275 0.803410 -0.109634
v -2.108275 0.803410 -0.321900
v -2.362994 1.627001 -0.670015
v -2.362994 1.627001 -0.457749
v -2.362994 0.803410 -0.670015
v -2.362994 0.803410 -0.457750
v -2.108275 1.627001 -0.457750
v -2.108275 1.627001 -0.670015
v -2.108275 0.803410 -0.457750
v -2.108275 0.803410 -0.670015
v -2.362994 1.627001 -1.115649
v -2.362994 1.627001 -0.903384
v -2.362994 0.803410 -1.115649
v -2.362994 0.803410 -0.903384
v -2.108275 1.627001 -0.903384
v -2.108275 1.627001 -1.115649
v -2.108275 0.803410 -0.903384
v -2.108275 0.803410 -1.115650
v -2.360281 1.554123 -1.523199
v -2.360281 1.554123 -0.835459
v -2.360281 0.840910 -1.523199
v -2.360281 0.840910 -0.835459
v -2.207450 1.554123 -0.835459
v -2.207450 1.554123 -1.523199
v -2.207450 0.840910 -0.835459
v -2.207450 0.840910 -1.523200
v -2.362994 1.627001 -1.463765
v -2.362994 1.627001 -1.251500
v -2.362994 0.803410 -1.463765
v -2.362994 0.803410 -1.251500
v -2.108275 1.627001 -1.251500
v -2.108275 1.627001 -1.463765
v -2.108275 0.803410 -1.251500
v -2.108275 0.803410 -1.463765
v 2.137179 1.530538 2.463025
v 2.137180 1.530538 2.675290
v 2.137179 0.806947 2.463025
v 2.137180 0.806947 2.675290
v 2.391898 1.530538 2.675290
v 2.391898 1.530538 2.463025
v 2.391898 0.806947 2.675290
v 2.391898 0.806947 2.463025
v 2.230577 1.469216 2.778590
v 2.230577 1.469216 3.109725
v 2.230577 0.857891 2.778590
v 2.230577 0.857891 3.109725
v 2.374917 1.469216 3.109725
v 2.374917 1.469216 2.778590
v 2.374917 0.857891 3.109725
v 2.374917 0.857891 2.778590
v 2.251795 1.526629 2.778590
v 2.251795 1.526629 3.109725
v 2.223089 1.465068 2.778590
v 2.223089 1.465068 3.109725
v 2.374917 1.469216 3.109725
v 2.374917 1.469216 2.778590
v 2.346210 1.407655 3.109725
v 2.346210 1.407655 2.778590
v 2.199680 1.530538 2.838025
v 2.199680 1.530538 3.050290
v 2.199680 0.806947 2.838025
v 2.199680 0.806947 3.050290
v 2.391898 1.530538 3.050290
v 2.391898 1.530538 2.838025
v 2.391898 0.806947 3.050290
v 2.391898 0.806947 2.838025
v 2.230576 1.469216 2.403590
v 2.230577 1.469216 2.734725
v 2.230576 0.857891 2.403590
v 2.230577 0.857891 2.734725
v 2.374917 1.469216 2.734725
v 2.374917 1.469216 2.403590
v 2.374917 0.857891 2.734725
v 2.374917 0.857891 2.403590
v 2.251795 1.526629 2.403590
v 2.251795 1.526629 2.734725
v 2.223089 1.465068 2.403590
v 2.223089 1.465068 2.734725
v 2.374917 1.469216 2.734725
v 2.374917 1.469216 2.403590
v 2.346210 1.407655 2.734725
v 2.346210 1.407655 2.403590
v 2.131401 1.627001 1.240600
v 2.131401 1.627001 1.452865
v 2.131401 0.798723 1.240600
v 2.131401 0.798723 1.452865
v 2.386120 1.627001 1.452865
v 2.386120 1.627001 1.240600
v 2.386120 0.798723 1.452865
v 2.386120 0.798723 1.240600
v 2.193901 1.627001 1.667484
v 2.193901 1.627001 1.879750
v 2.193901 0.803410 1.667484
v 2.193901 0.803410 1.879750
v 2.386120 1.627001 1.879750
v 2.386120 1.627001 1.667484
v 2.386120 0.803410 1.879750
v 2.386120 0.803410 1.667484
v 2.212637 1.634444 1.607425
v 2.212637 1.634444 2.296415
v 2.183403 1.571750 1.607425
v 2.183403 1.571750 2.296415
v 2.384238 1.554425 2.296415
v 2.384238 1.554425 1.607425
v 2.355003 1.491731 2.296415
v 2.355003 1.491731 1.607425
v 2.230576 1.554123 1.608050
v 2.230576 1.554123 2.295790
v 2.230576 0.840910 1.608050
v 2.230576 0.840910 2.295790
v 2.383408 1.554123 2.295790
v 2.383408 1.554123 1.608050
v 2.383408 0.840910 2.295790
v 2.383408 0.840910 1.608050
v 2.193901 1.627001 2.015600
v 2.193901 1.627001 2.227865
v 2.193901 0.803410 2.015600
v 2.193901 0.803410 2.227865
v 2.386120 1.627001 2.227865
v 2.386120 1.627001 2.015600
v 2.386120 0.803410 2.227865
v 2.386120 0.803410 2.015600
v 2.230576 1.554123 0.833050
v 2.230576 1.554123 1.520790
v 2.230576 0.840910 0.833050
v 2.230576 0.840910 1.520790
v 2.383408 1.554123 1.520790
v 2.383407 1.554123 0.833050
v 2.383408 0.840910 1.520790
v 2.383407 0.840910 0.833050
v 2.212637 1.634444 0.832425
v 2.212637 1.634444 1.521415
v 2.183402 1.571750 0.832425
v 2.183403 1.571750 1.521415
v 2.384238 1.554425 1.521415
v 2.384238 1.554425 0.832425
v 2.355003 1.491731 1.521415
v 2.355003 1.491731 0.832425
v 2.212637 1.634444 -0.730075
v 2.212637 1.634444 -0.041085
v 2.183402 1.571750 -0.730075
v 2.183402 1.571750 -0.041085
v 2.384238 1.554425 -0.041085
v 2.384238 1.554425 -0.730075
v 2.355003 1.491731 -0.041085
v 2.355003 1.491731 -0.730075
v 2.131401 1.627001 0.892484
v 2.131401 1.627001 1.104750
v 2.131401 0.798723 0.892484
v 2.131401 0.798723 1.104750
v 2.386120 1.627001 1.104750
v 2.386120 1.627001 0.892484
v 2.386120 0.798723 1.104750
v 2.386120 0.798723 0.892484
v 2.212637 1.634444 0.038675
v 2.212637 1.634444 0.727665
v 2.183402 1.571750 0.038675
v 2.183402 1.571750 0.727665
v 2.384238 1.554425 0.727665
v 2.384238 1.554425 0.038675
v 2.355003 1.491731 0.727665
v 2.355003 1.491731 0.038675
v 2.230576 1.554123 0.039300
v 2.230576 1.554123 0.727040
v 2.230576 0.840910 0.039300
v 2.230576 0.840910 0.727040
v 2.383407 1.554123 0.727040
v 2.383407 1.554123 0.039300
v 2.383407 0.840910 0.727040
v 2.383407 0.840910 0.039300
v 2.131401 1.627001 0.098734
v 2.131401 1.627001 0.311000
v 2.131401 0.803410 0.098734
v 2.131401 0.803410 0.311000
v 2.386120 1.627001 0.311000
v 2.386120 1.627001 0.098734
v 2.386120 0.803410 0.311000
v 2.386120 0.803410 0.098734
v 2.131401 1.627001 0.446850
v 2.131401 1.627001 0.659115
v 2.131401 0.803410 0.446850
v 2.131401 0.803410 0.659115
v 2.386120 1.627001 0.659115
v 2.386120 1.627001 0.446850
v 2.386120 0.803410 0.659115
v 2.386120 0.803410 0.446850
v 2.230576 1.554123 -0.729450
v 2.230576 1.554123 -0.041710
v 2.230576 0.840910 -0.729450
v 2.230576 0.840910 -0.041710
v 2.383407 1.554123 -0.041710
v 2.383407 1.554123 -0.729450
v 2.383407 0.840910 -0.041710
v 2.383407 0.840910 -0.729450
v 2.212637 1.634444 -1.523825
v 2.212637 1.634444 -0.834835
v 2.183402 1.571750 -1.523825
v 2.183402 1.571750 -0.834835
v 2.384238 1.554425 -0.834835
v 2.384238 1.554425 -1.523825
v 2.355003 1.491731 -0.834835
v 2.355003 1.491731 -1.523825
v 2.131401 1.627001 -0.321900
v 2.131401 1.627001 -0.109635
v 2.131401 0.803410 -0.321900
v 2.131401 0.803410 -0.109635
v 2.386120 1.627001 -0.109635
v 2.386120 1.627001 -0.321900
v 2.386120 0.803410 -0.109635
v 2.386120 0.803410 -0.321900
v 2.131401 1.627001 -0.670016
v 2.131401 1.627001 -0.457750
v 2.131401 0.803410 -0.670016
v 2.131401 0.803410 -0.457750
v 2.386120 1.627001 -0.457750
v 2.386120 1.627001 -0.670016
v 2.386120 0.803410 -0.457750
v 2.386120 0.803410 -0.670016
v 2.131401 1.627001 -1.115650
v 2.131401 1.627001 -0.903385
v 2.131401 0.803410 -1.115650
v 2.131401 0.803410 -0.903385
v 2.386120 1.627001 -0.903385
v 2.386120 1.627001 -1.115650
v 2.386120 0.803410 -0.903385
v 2.386120 0.803410 -1.115650
v 2.230576 1.554123 -1.523200
v 2.230576 1.554123 -0.835460
v 2.230576 0.840910 -1.523200
v 2.230576 0.840910 -0.835460
v 2.383407 1.554123 -0.835460
v 2.383407 1.554123 -1.523200
v 2.383407 0.840910 -0.835460
v 2.383407 0.840910 -1.523200
v 2.131401 1.627001 -1.463766
v 2.131401 1.627001 -1.251500
v 2.131401 0.803410 -1.463766
v 2.131401 0.803410 -1.251500
v 2.386120 1.627001 -1.251500
v 2.386120 1.627001 -1.463766
v 2.386120 0.803410 -1.251500
v 2.386120 0.803410 -1.463766
v -2.368772 1.530538 2.463025
v -2.368771 1.530538 2.675291
v -2.368772 0.806947 2.463025
v -2.368771 0.806947 2.675291
v -2.114053 1.530538 2.675291
v -2.114053 1.530538 2.463025
v -2.114053 0.806947 2.675291
v -2.114053 0.806947 2.463025
v -2.362994 1.627001 0.892485
v -2.362993 1.627001 1.104751
v -2.362994 0.798723 0.892485
v -2.362993 0.798723 1.104750
v -2.108275 1.627001 1.104750
v -2.108275 1.627001 0.892485
v -2.108275 0.798723 1.104750
v -2.108275 0.798723 0.892485
v -2.351790 1.469216 2.778591
v -2.351790 1.469216 3.109725
v -2.351790 0.857891 2.778591
v -2.351790 0.857891 3.109725
v -2.207449 1.469216 3.109725
v -2.207449 1.469216 2.778591
v -2.207449 0.857891 3.109725
v -2.207449 0.857891 2.778591
v -2.351790 1.469216 2.778591
v -2.351790 1.469216 3.109725
v -2.323083 1.407655 2.778591
v -2.323083 1.407655 3.109725
v -2.228668 1.526629 3.109725
v -2.228668 1.526629 2.778591
v -2.199962 1.465068 3.109725
v -2.199962 1.465068 2.778591
v -2.368771 1.530538 2.838025
v -2.368771 1.530538 3.050291
v -2.368771 0.806947 2.838025
v -2.368771 0.806947 3.050291
v -2.176553 1.530538 3.050291
v -2.176553 1.530538 2.838025
v -2.176553 0.806947 3.050291
v -2.176553 0.806947 2.838025
v -2.351790 1.469216 2.403591
v -2.351790 1.469216 2.734725
v -2.351790 0.857891 2.403591
v -2.351790 0.857891 2.734725
v -2.207449 1.469216 2.734725
v -2.207450 1.469216 2.403591
v -2.207449 0.857891 2.734725
v -2.207450 0.857891 2.403591
v -2.351790 1.469216 2.403591
v -2.351790 1.469216 2.734725
v -2.323084 1.407655 2.403591
v -2.323083 1.407655 2.734725
v -2.228668 1.526629 2.734725
v -2.228668 1.526629 2.403591
v -2.199962 1.465068 2.734725
v -2.199962 1.465068 2.403591
v -2.362993 1.627001 1.240600
v -2.362993 1.627001 1.452866
v -2.362993 0.798723 1.240600
v -2.362993 0.798723 1.452866
v -2.108275 1.627001 1.452866
v -2.108275 1.627001 1.240600
v -2.108275 0.798723 1.452866
v -2.108275 0.798723 1.240600
v -2.362993 1.627001 1.667485
v -2.362993 1.627001 1.879750
v -2.362993 0.803410 1.667485
v -2.362993 0.803410 1.879750
v -2.170775 1.627001 1.879750
v -2.170775 1.627001 1.667485
v -2.170775 0.803410 1.879750
v -2.170775 0.803410 1.667485
v -2.361111 1.554425 1.607425
v -2.361111 1.554425 2.296416
v -2.331877 1.491731 1.607425
v -2.331877 1.491731 2.296416
v -2.189511 1.634444 2.296416
v -2.189511 1.634444 1.607425
v -2.160276 1.571750 2.296416
v -2.160276 1.571750 1.607425
v -2.360281 1.554123 1.608050
v -2.360281 1.554123 2.295791
v -2.360281 0.840910 1.608050
v -2.360281 0.840910 2.295791
v -2.207450 1.554123 2.295791
v -2.207450 1.554123 1.608050
v -2.207450 0.840910 2.295791
v -2.207450 0.840910 1.608050
v -2.362993 1.627001 2.015600
v -2.362993 1.627001 2.227866
v -2.362993 0.803410 2.015600
v -2.362993 0.803410 2.227866
v -2.170775 1.627001 2.227866
v -2.170775 1.627001 2.015600
v -2.170775 0.803410 2.227866
v -2.170775 0.803410 2.015600
v -2.360281 1.554123 0.833050
v -2.360281 1.554123 1.520791
v -2.360281 0.840910 0.833050
v -2.360281 0.840910 1.520791
v -2.207450 1.554123 1.520791
v -2.207450 1.554123 0.833050
v -2.207450 0.840910 1.520791
v -2.207450 0.840910 0.833050
v -2.361112 1.554425 0.832426
v -2.361111 1.554425 1.521416
v -2.331877 1.491731 0.832426
v -2.331877 1.491731 1.521416
v -2.189511 1.634444 1.521416
v -2.189511 1.634444 0.832426
v -2.160276 1.571750 1.521416
v -2.160276 1.571750 0.832425
v -2.361112 1.554425 0.038675
v -2.361112 1.554425 0.727666
v -2.331877 1.491731 0.038675
v -2.331877 1.491731 0.727666
v -2.189511 1.634444 0.727666
v -2.189511 1.634444 0.038675
v -2.160276 1.571750 0.727666
v -2.160276 1.571750 0.038675
v -2.360281 1.554123 0.039301
v -2.360281 1.554123 0.727041
v -2.360281 0.840910 0.039300
v -2.360281 0.840910 0.727041
v -2.207450 1.554123 0.727041
v -2.207450 1.554123 0.039300
v -2.207450 0.840910 0.727041
v -2.207450 0.840910 0.039300
v 2.149062 1.167119 -4.478472
v -2.163438 1.167119 -4.478471
v 2.149062 0.985858 -4.393949
v -2.163438 0.985858 -4.393948
v -2.163438 1.251643 -4.297210
v 2.149062 1.251643 -4.297210
v -2.163438 1.070381 -4.212686
v 2.149062 1.070381 -4.212687
v 1.782829 1.279557 2.067883
v 1.782829 1.102010 2.243886
v 1.782829 1.103553 1.890336
v 1.782829 0.926007 2.066340
v 1.907829 1.102010 2.243886
v 1.907829 1.279557 2.067883
v 1.907829 0.926007 2.066340
v 1.907829 1.103553 1.890336
v -1.913357 1.170499 1.999124
v -1.913357 1.169899 2.136622
v -1.913357 1.033000 1.998524
v -1.913357 1.032400 2.136022
v 1.961643 1.169899 2.136622
v 1.961643 1.170499 1.999123
v 1.961643 1.032400 2.136022
v 1.961643 1.033000 1.998523
v -1.836801 1.279557 2.067883
v -1.836801 1.102010 2.243887
v -1.836801 1.103553 1.890337
v -1.836801 0.926007 2.066340
v -1.711801 1.102010 2.243887
v -1.711801 1.279557 2.067883
v -1.711801 0.926007 2.066340
v -1.711801 1.103553 1.890337
v -1.913357 1.179226 -0.063357
v -1.913357 1.178626 0.074141
v -1.913357 1.041727 -0.063957
v -1.913357 1.041127 0.073541
v 1.961643 1.178626 0.074141
v 1.961643 1.179226 -0.063358
v 1.961643 1.041127 0.073541
v 1.961643 1.041727 -0.063958
v 1.782829 1.288283 0.005402
v 1.782829 1.110737 0.181405
v 1.782829 1.112280 -0.172145
v 1.782829 0.934733 0.003859
v 1.907829 1.110737 0.181405
v 1.907829 1.288283 0.005402
v 1.907829 0.934733 0.003859
v 1.907829 1.112280 -0.172145
v -1.836801 1.288283 0.005402
v -1.836801 1.110737 0.181406
v -1.836801 1.112280 -0.172144
v -1.836801 0.934733 0.003860
v -1.711801 1.110737 0.181406
v -1.711801 1.288283 0.005402
v -1.711801 0.934733 0.003860
v -1.711801 1.112280 -0.172144
v -1.836802 1.296792 -1.944579
v -1.836802 1.119246 -1.768575
v -1.836802 1.120788 -2.122125
v -1.836802 0.943242 -1.946122
v -1.711802 1.119246 -1.768576
v -1.711802 1.296792 -1.944579
v -1.711802 0.943242 -1.946122
v -1.711802 1.120788 -2.122126
v -1.913357 1.187734 -2.013339
v -1.913357 1.187134 -1.875840
v -1.913357 1.050236 -2.013939
v -1.913357 1.049636 -1.876440
v 1.961643 1.187134 -1.875841
v 1.961643 1.187734 -2.013340
v 1.961643 1.049636 -1.876441
v 1.961643 1.050236 -2.013939
v 1.782828 1.296792 -1.944580
v 1.782828 1.119246 -1.768576
v 1.782828 1.120788 -2.122126
v 1.782828 0.943242 -1.946122
v 1.907828 1.119246 -1.768576
v 1.907828 1.296792 -1.944580
v 1.907828 0.943242 -1.946122
v 1.907828 1.120788 -2.122126
vn -0.0000 -0.0000 -1.0000
vn 1.0000 -0.0000 -0.0000
vn -0.0000 -0.0000 1.0000
vn -1.0000 -0.0000 -0.0000
vn -0.0000 1.0000 -0.0000
vn -0.0000 -1.0000 -0.0000
vn -0.0000 -0.2504 -0.9681
vn -0.0000 0.2504 0.9681
vn -0.0000 0.9681 -0.2504
vn -0.0000 -0.9681 0.2504
vn -0.0000 0.2504 -0.9681
vn -0.0000 -0.2504 0.9681
vn -0.0000 0.9681 0.2504
vn -0.0000 -0.9681 -0.2504
vn -0.0000 0.6561 -0.7547
vn -0.0000 -0.7547 -0.6561
vn -0.0000 -0.6561 0.7547
vn -0.0000 0.7547 0.6561
vn -0.0000 0.2419 0.9703
vn -0.0000 0.9703 -0.2419
vn -0.0000 -0.2419 -0.9703
vn -0.0000 -0.9703 0.2419
vn -0.0000 -0.0610 0.9981
vn -0.0000 0.9981 0.0610
vn -0.0000 0.0610 -0.9981
vn -0.0000 -0.9981 -0.0610
vn -0.9063 0.3190 0.2773
vn 0.9063 -0.3190 -0.2773
vn 0.4226 0.6840 0.5946
vn -0.4226 -0.6840 -0.5946
vn -0.9063 0.4218 0.0258
vn 0.9063 -0.4218 -0.0258
vn 0.4226 0.9046 0.0553
vn -0.4226 -0.9046 -0.0553
vn -0.5736 -0.8176 -0.0500
vn 0.5736 0.8176 0.0500
vn -0.8192 0.5725 0.0350
vn 0.8192 -0.5725 -0.0350
vn -0.0000 -0.1650 -0.9863
vn -0.0000 0.1650 0.9863
vn -0.0000 0.9863 -0.1650
vn -0.0000 -0.9863 0.1650
vn -0.0000 0.2164 -0.9763
vn -0.0000 -0.2164 0.9763
vn -0.0000 0.9763 0.2164
vn -0.0000 -0.9763 -0.2164
vn -0.0000 0.3827 -0.9239
vn -0.0000 -0.3827 0.9239
vn -0.0000 0.9239 0.3827
vn -0.0000 -0.9239 -0.3827
vn -0.0000 0.1045 -0.9945
vn -0.0000 -0.1045 0.9945
vn -0.0000 0.9945 0.1045
vn -0.0000 -0.9945 -0.1045
vn -0.2725 -0.5298 0.8032
vn -0.8644 0.5015 0.0375
vn 0.2725 0.5298 -0.8032
vn 0.8644 -0.5015 -0.0375
vn -0.0000 0.7934 0.6088
vn -0.0000 -0.7934 -0.6088
vn -0.0000 0.6088 -0.7934
vn -0.0000 -0.6088 0.7934
vn -0.0000 -0.2672 -0.9636
vn -0.0000 0.2672 0.9636
vn -0.0000 0.9636 -0.2672
vn -0.0000 -0.9636 0.2672
vn -0.1318 -0.8297 0.5425
vn -0.4181 -0.4497 -0.7893
vn 0.1318 0.8297 -0.5425
vn 0.4181 0.4497 0.7893
vn -0.8988 0.3308 0.2876
vn 0.8988 -0.3308 -0.2876
vn -0.0610 -0.7533 -0.6548
vn 0.0611 0.7533 0.6548
vn -0.9981 0.0461 0.0401
vn 0.9981 -0.0461 -0.0401
vn -0.4384 -0.6783 -0.5897
vn 0.4384 0.6783 0.5897
vn -0.3687 -0.5723 0.7325
vn -0.4394 -0.5871 -0.6799
vn 0.3687 0.5723 -0.7325
vn 0.4394 0.5871 0.6799
vn -0.5908 0.2099 0.7791
vn -0.0445 -0.9726 0.2283
vn 0.5908 -0.2099 -0.7791
vn 0.0445 0.9726 -0.2283
vn -0.8056 -0.1002 -0.5839
vn 0.8056 0.1002 0.5839
vn -0.0436 -0.9972 -0.0610
vn 0.0436 0.9972 0.0610
vn -0.9990 0.0435 0.0027
vn 0.9990 -0.0435 -0.0027
vn 0.1318 -0.8297 0.5425
vn -0.4181 0.4497 0.7893
vn -0.1318 0.8297 -0.5425
vn 0.4181 -0.4497 -0.7893
vn 0.8988 0.3308 0.2876
vn -0.8988 -0.3308 -0.2876
vn -0.9063 -0.4218 -0.0258
vn 0.9063 0.4218 0.0258
vn -0.4226 0.9046 0.0553
vn 0.4226 -0.9046 -0.0553
vn -0.9063 -0.3190 -0.2773
vn 0.9063 0.3190 0.2773
vn -0.4226 0.6840 0.5946
vn 0.4226 -0.6840 -0.5946
vn 0.2725 -0.5298 0.8032
vn -0.8644 -0.5015 -0.0375
vn -0.2725 0.5298 -0.8032
vn 0.8644 0.5015 0.0375
vn -0.5736 0.8176 0.0500
vn 0.5736 -0.8176 -0.0500
vn 0.8192 0.5725 0.0350
vn -0.8192 -0.5725 -0.0350
vn -0.0436 0.9972 0.0610
vn 0.0436 -0.9972 -0.0610
vn 0.9990 0.0435 0.0027
vn -0.9990 -0.0435 -0.0027
vn 0.5908 0.2099 0.7791
vn -0.0445 0.9726 -0.2283
vn -0.5908 -0.2099 -0.7791
vn 0.0445 -0.9726 0.2283
vn 0.8056 -0.1002 -0.5839
vn -0.8056 0.1002 0.5839
vn 0.3687 -0.5723 0.7325
vn -0.4394 0.5871 0.6799
vn -0.3687 0.5723 -0.7325
vn 0.4394 -0.5871 -0.6799
vn -0.4384 0.6783 0.5897
vn 0.4384 -0.6783 -0.5897
vn -0.0611 0.7533 0.6548
vn 0.0610 -0.7533 -0.6548
vn 0.9981 0.0461 0.0401
vn -0.9981 -0.0461 -0.0401
vn -0.0000 0.1736 -0.9848
vn -0.0000 0.9848 0.1736
vn -0.0000 -0.1736 0.9848
vn -0.0000 -0.9848 -0.1736
vn -0.0000 0.4226 -0.9063
vn -0.0000 -0.9063 -0.4226
vn -0.0000 -0.4226 0.9063
vn -0.0000 0.9063 0.4226
vn -0.0000 0.3786 -0.9255
vn -0.0000 0.9255 0.3786
vn -0.0000 -0.3786 0.9255
vn -0.0000 -0.9255 -0.3786
vn -0.0000 0.2546 -0.9670
vn -0.0000 0.9670 0.2546
vn -0.0000 -0.2546 0.9670
vn -0.0000 -0.9670 -0.2546
vn -0.0000 0.4617 0.8870
vn -0.0000 -0.4617 -0.8870
vn -0.0000 0.8870 -0.4617
vn -0.0000 -0.8870 0.4617
vn -0.0000 -0.5000 0.8660
vn -0.0000 0.5000 -0.8660
vn -0.0000 0.8660 0.5000
vn -0.0000 -0.8660 -0.5000
vn -0.0000 0.3665 -0.9304
vn -0.0000 -0.3665 0.9304
vn -0.0000 0.9304 0.3665
vn -0.0000 -0.9304 -0.3665
vn -0.0000 0.4924 0.8704
vn -0.0000 -0.4924 -0.8704
vn -0.0000 -0.8704 0.4924
vn -0.0000 0.8704 -0.4924
vn 0.8988 0.4384 -0.0000
vn -0.8988 -0.4384 -0.0000
vn -0.4384 0.8988 -0.0000
vn 0.4384 -0.8988 -0.0000
vn 0.8988 -0.4384 -0.0000
vn -0.8988 0.4384 -0.0000
vn 0.4384 0.8988 -0.0000
vn -0.4384 -0.8988 -0.0000
vn -0.0000 -0.5000 -0.8660
vn -0.0000 0.5000 0.8660
vn -0.0000 0.8660 -0.5000
vn -0.0000 -0.8660 0.5000
vn -0.0000 -0.7071 -0.7071
vn -0.0000 0.7071 0.7071
vn -0.0000 0.7071 -0.7071
vn -0.0000 -0.7071 0.7071
vn -0.0000 0.9063 -0.4226
vn -0.0000 -0.9063 0.4226
vn -0.0000 0.4226 0.9063
vn -0.0000 -0.4226 -0.9063
vn 0.7071 -0.0000 -0.7071
vn -0.7071 -0.0000 0.7071
vn -0.7071 -0.0000 -0.7071
vn 0.7071 -0.0000 0.7071
vn 0.2756 -0.9613 -0.0000
vn -0.2756 0.9613 -0.0000
vn 0.9613 0.2756 -0.0000
vn -0.9613 -0.2756 -0.0000
vn 0.2756 0.9613 -0.0000
vn -0.2756 -0.9613 -0.0000
vn -0.9613 0.2756 -0.0000
vn 0.9613 -0.2756 -0.0000
vn -0.0000 0.4617 -0.8870
vn -0.0000 -0.4617 0.8870
vn -0.0000 0.8870 0.4617
vn -0.0000 -0.8870 -0.4617
vn -0.0000 -0.3787 0.9255
vn 0.0218 0.0218 -0.9995
vn 0.7074 -0.7068 -0.0000
vn -0.0218 -0.0218 0.9995
vn -0.7074 0.7068 -0.0000
vn 0.7064 0.7071 0.0309
vn -0.7064 -0.7071 -0.0309
vn -0.0000 0.0436 -0.9990
vn -0.0000 -0.0436 0.9990
vn -0.0000 0.9990 0.0436
vn -0.0000 -0.9990 -0.0436
vn -0.0218 0.0218 -0.9995
vn 0.7074 0.7068 -0.0000
vn 0.0218 -0.0218 0.9995
vn -0.7074 -0.7068 -0.0000
vn -0.7064 0.7071 0.0309
vn 0.7064 -0.7071 -0.0309
vn -0.0000 0.2250 -0.9744
vn -0.0000 0.9744 0.2250
vn -0.0000 -0.2250 0.9744
vn -0.0000 -0.9744 -0.2250
vn 0.7071 0.7071 -0.0000
vn -0.7071 -0.7071 -0.0000
vn -0.7071 0.7071 -0.0000
vn 0.7071 -0.7071 -0.0000
vn -0.0567 -0.0000 0.9984
vn -0.7060 -0.7071 -0.0401
vn 0.0567 -0.0000 -0.9984
vn 0.7060 0.7071 0.0401
vn -0.7060 0.7071 -0.0401
vn 0.7060 -0.7071 0.0401
vn -0.0296 0.6730 0.7390
vn -0.9992 -0.0000 -0.0401
vn 0.0296 -0.6730 -0.7390
vn 0.9992 -0.0000 0.0401
vn 0.0270 0.7396 -0.6725
vn -0.0270 -0.7396 0.6725
vn 0.0296 0.6730 0.7390
vn -0.9992 -0.0000 0.0401
vn -0.0296 -0.6730 -0.7390
vn 0.9992 -0.0000 -0.0401
vn -0.0270 0.7396 -0.6725
vn 0.0270 -0.7396 0.6725
vn 0.0567 -0.0000 0.9984
vn -0.7060 0.7071 0.0401
vn -0.0567 -0.0000 -0.9984
vn 0.7060 -0.7071 -0.0401
vn 0.7060 0.7071 -0.0401
vn -0.7060 -0.7071 0.0401
vn -0.0000 -0.3907 -0.9205
vn -0.0000 0.3907 0.9205
vn -0.0000 -0.9205 0.3907
vn -0.0000 0.9205 -0.3907
vn -0.0000 -0.0436 -0.9990
vn -0.0000 0.0436 0.9990
vn -0.0000 0.9990 -0.0436
vn -0.0000 -0.9990 0.0436
vn -0.0000 0.0872 -0.9962
vn -0.0000 -0.0872 0.9962
vn -0.0000 0.9962 0.0872
vn -0.0000 -0.9962 -0.0872
vn -0.0000 0.0305 -0.9995
vn -0.0000 -0.0305 0.9995
vn -0.0000 0.9995 0.0305
vn -0.0000 -0.9995 -0.0305
vn 0.9063 -0.4226 -0.0000
vn -0.9063 0.4226 -0.0000
vn 0.4226 0.9063 -0.0000
vn -0.4226 -0.9063 -0.0000
vn -0.0000 0.8870 -0.4618
vn 0.9763 -0.2164 -0.0000
vn -0.9763 0.2164 -0.0000
vn 0.2164 0.9763 -0.0000
vn -0.2164 -0.9763 -0.0000
vn 0.9763 0.2164 -0.0000
vn -0.9763 -0.2164 -0.0000
vn -0.2164 0.9763 -0.0000
vn 0.2164 -0.9763 -0.0000
vn 0.7064 -0.7071 -0.0308
vn -0.9063 -0.4226 -0.0000
vn 0.9063 0.4226 -0.0000
vn -0.4226 0.9063 -0.0000
vn 0.4226 -0.9063 -0.0000
vn -0.0000 -0.7102 0.7040
vn -0.0000 0.7102 -0.7040
vn -0.0000 0.7040 0.7102
vn -0.0000 -0.7040 -0.7102
vn -0.0000 -0.0044 1.0000
vn -0.0000 0.0044 -1.0000
vn -0.0000 1.0000 0.0044
vn -0.0000 -1.0000 -0.0044
vt 0.089844 0.308594
vt 0.090820 0.308594
vt 0.090820 0.314453
vt 0.089844 0.314453
vt 0.150391 0.781250
vt 0.199219 0.781250
vt 0.199219 0.787109
vt 0.150391 0.787109
vt 0.116211 0.308594
vt 0.117188 0.308594
vt 0.117188 0.314453
vt 0.116211 0.314453
vt 0.308594 0.818359
vt 0.357422 0.818359
vt 0.357422 0.824219
vt 0.308594 0.824219
vt 0.369141 0.462891
vt 0.368164 0.462891
vt 0.368164 0.414062
vt 0.369141 0.414062
vt 0.354492 0.413086
vt 0.353516 0.413086
vt 0.353516 0.461914
vt 0.354492 0.461914
vt 0.692383 0.589844
vt 0.693359 0.589844
vt 0.693359 0.594727
vt 0.692383 0.594727
vt 0.477539 0.644531
vt 0.496094 0.644531
vt 0.496094 0.649414
vt 0.477539 0.649414
vt 0.692383 0.570312
vt 0.693359 0.570312
vt 0.693359 0.575195
vt 0.692383 0.575195
vt 0.477539 0.638672
vt 0.496094 0.638672
vt 0.496094 0.643555
vt 0.477539 0.643555
vt 0.005859 0.375000
vt 0.004883 0.375000
vt 0.004883 0.356445
vt 0.005859 0.356445
vt 0.208008 0.356445
vt 0.207031 0.356445
vt 0.207031 0.375000
vt 0.208008 0.375000
vt 0.457031 0.302734
vt 0.458008 0.302734
vt 0.458008 0.307617
vt 0.457031 0.307617
vt 0.593750 0.814453
vt 0.600586 0.814453
vt 0.600586 0.819336
vt 0.593750 0.819336
vt 0.458984 0.302734
vt 0.459961 0.302734
vt 0.459961 0.307617
vt 0.458984 0.307617
vt 0.593750 0.808594
vt 0.600586 0.808594
vt 0.600586 0.813477
vt 0.593750 0.813477
vt 0.057617 0.318359
vt 0.056641 0.318359
vt 0.056641 0.311523
vt 0.057617 0.311523
vt 0.398438 0.311523
vt 0.397461 0.311523
vt 0.397461 0.318359
vt 0.398438 0.318359
vt 0.460938 0.302734
vt 0.461914 0.302734
vt 0.461914 0.307617
vt 0.460938 0.307617
vt 0.593750 0.681641
vt 0.600586 0.681641
vt 0.600586 0.686523
vt 0.593750 0.686523
vt 0.462891 0.302734
vt 0.463867 0.302734
vt 0.463867 0.307617
vt 0.462891 0.307617
vt 0.593750 0.667969
vt 0.600586 0.667969
vt 0.600586 0.672852
vt 0.593750 0.672852
vt 0.453125 0.318359
vt 0.452148 0.318359
vt 0.452148 0.311523
vt 0.453125 0.311523
vt 0.455078 0.311523
vt 0.454102 0.311523
vt 0.454102 0.318359
vt 0.455078 0.318359
vt 0.692383 0.511719
vt 0.693359 0.511719
vt 0.693359 0.516602
vt 0.692383 0.516602
vt 0.593750 0.650391
vt 0.600586 0.650391
vt 0.600586 0.655273
vt 0.593750 0.655273
vt 0.692383 0.505859
vt 0.693359 0.505859
vt 0.693359 0.510742
vt 0.692383 0.510742
vt 0.593750 0.619141
vt 0.600586 0.619141
vt 0.600586 0.624023
vt 0.593750 0.624023
vt 0.050781 0.317383
vt 0.049805 0.317383
vt 0.049805 0.310547
vt 0.050781 0.310547
vt 0.360352 0.310547
vt 0.359375 0.310547
vt 0.359375 0.317383
vt 0.360352 0.317383
vt 0.702148 0.978516
vt 0.705078 0.978516
vt 0.705078 0.979492
vt 0.702148 0.979492
vt 0.686523 0.762695
vt 0.692383 0.762695
vt 0.692383 0.763672
vt 0.686523 0.763672
vt 0.021484 0.296875
vt 0.024414 0.296875
vt 0.024414 0.297852
vt 0.021484 0.297852
vt 0.686523 0.531250
vt 0.692383 0.531250
vt 0.692383 0.532227
vt 0.686523 0.532227
vt 0.630859 0.621094
vt 0.627930 0.621094
vt 0.627930 0.615234
vt 0.630859 0.615234
vt 0.442383 0.366211
vt 0.439453 0.366211
vt 0.439453 0.372070
vt 0.442383 0.372070
vt 0.099609 0.288086
vt 0.100586 0.288086
vt 0.100586 0.289062
vt 0.099609 0.289062
vt 0.313477 0.299805
vt 0.317383 0.299805
vt 0.317383 0.300781
vt 0.313477 0.300781
vt 0.710938 0.898438
vt 0.711914 0.898438
vt 0.711914 0.899414
vt 0.710938 0.899414
vt 0.699219 0.685547
vt 0.703125 0.685547
vt 0.703125 0.686523
vt 0.699219 0.686523
vt 0.688477 0.302734
vt 0.687500 0.302734
vt 0.687500 0.298828
vt 0.688477 0.298828
vt 0.008789 0.297852
vt 0.007812 0.297852
vt 0.007812 0.301758
vt 0.008789 0.301758
vt 0.686523 0.831055
vt 0.692383 0.831055
vt 0.692383 0.832031
vt 0.686523 0.832031
vt 0.657227 0.603516
vt 0.667969 0.603516
vt 0.667969 0.604492
vt 0.657227 0.604492
vt 0.686523 0.776367
vt 0.692383 0.776367
vt 0.692383 0.777344
vt 0.686523 0.777344
vt 0.657227 0.580078
vt 0.667969 0.580078
vt 0.667969 0.581055
vt 0.657227 0.581055
vt 0.067383 0.490234
vt 0.061523 0.490234
vt 0.061523 0.479492
vt 0.067383 0.479492
vt 0.300781 0.479492
vt 0.294922 0.479492
vt 0.294922 0.490234
vt 0.300781 0.490234
vt 0.685547 0.542969
vt 0.691406 0.542969
vt 0.691406 0.543945
vt 0.685547 0.543945
vt 0.660156 0.652344
vt 0.669922 0.652344
vt 0.669922 0.653320
vt 0.660156 0.653320
vt 0.686523 0.887695
vt 0.692383 0.887695
vt 0.692383 0.888672
vt 0.686523 0.888672
vt 0.660156 0.633789
vt 0.669922 0.633789
vt 0.669922 0.634766
vt 0.660156 0.634766
vt 0.067383 0.478516
vt 0.061523 0.478516
vt 0.061523 0.468750
vt 0.067383 0.468750
vt 0.300781 0.468750
vt 0.294922 0.468750
vt 0.294922 0.478516
vt 0.300781 0.478516
vt 0.017578 0.296875
vt 0.020508 0.296875
vt 0.020508 0.297852
vt 0.017578 0.297852
vt 0.680664 0.864258
vt 0.688477 0.864258
vt 0.688477 0.865234
vt 0.680664 0.865234
vt 0.702148 0.980469
vt 0.705078 0.980469
vt 0.705078 0.981445
vt 0.702148 0.981445
vt 0.680664 0.862305
vt 0.688477 0.862305
vt 0.688477 0.863281
vt 0.680664 0.863281
vt 0.213867 0.382812
vt 0.210938 0.382812
vt 0.210938 0.375000
vt 0.213867 0.375000
vt 0.326172 0.375000
vt 0.323242 0.375000
vt 0.323242 0.382812
vt 0.326172 0.382812
vt 0.702148 0.990234
vt 0.705078 0.990234
vt 0.705078 0.991211
vt 0.702148 0.991211
vt 0.601562 0.847656
vt 0.629883 0.847656
vt 0.629883 0.848633
vt 0.601562 0.848633
vt 0.702148 0.982422
vt 0.705078 0.982422
vt 0.705078 0.983398
vt 0.702148 0.983398
vt 0.601562 0.808594
vt 0.629883 0.808594
vt 0.629883 0.809570
vt 0.601562 0.809570
vt 0.065430 0.519531
vt 0.062500 0.519531
vt 0.062500 0.491211
vt 0.065430 0.491211
vt 0.069336 0.491211
vt 0.066406 0.491211
vt 0.066406 0.519531
vt 0.069336 0.519531
vt 0.647461 0.633789
vt 0.659180 0.633789
vt 0.659180 0.634766
vt 0.647461 0.634766
vt 0.197266 0.316406
vt 0.204102 0.316406
vt 0.204102 0.317383
vt 0.197266 0.317383
vt 0.647461 0.582031
vt 0.659180 0.582031
vt 0.659180 0.583008
vt 0.647461 0.583008
vt 0.682617 0.705078
vt 0.689453 0.705078
vt 0.689453 0.706055
vt 0.682617 0.706055
vt 0.420898 0.513672
vt 0.409180 0.513672
vt 0.409180 0.506836
vt 0.420898 0.506836
vt 0.499023 0.765625
vt 0.487305 0.765625
vt 0.487305 0.772461
vt 0.499023 0.772461
vt 0.699219 0.683594
vt 0.703125 0.683594
vt 0.703125 0.684570
vt 0.699219 0.684570
vt 0.394531 0.994141
vt 0.420898 0.994141
vt 0.420898 0.995117
vt 0.394531 0.995117
vt 0.699219 0.681641
vt 0.703125 0.681641
vt 0.703125 0.682617
vt 0.699219 0.682617
vt 0.603516 0.788086
vt 0.629883 0.788086
vt 0.629883 0.789062
vt 0.603516 0.789062
vt 0.256836 0.613281
vt 0.252930 0.613281
vt 0.252930 0.586914
vt 0.256836 0.586914
vt 0.027344 0.525391
vt 0.023438 0.525391
vt 0.023438 0.551758
vt 0.027344 0.551758
vt 0.494141 0.302734
vt 0.495117 0.302734
vt 0.495117 0.307617
vt 0.494141 0.307617
vt 0.593750 0.613281
vt 0.600586 0.613281
vt 0.600586 0.618164
vt 0.593750 0.618164
vt 0.692383 0.500000
vt 0.693359 0.500000
vt 0.693359 0.504883
vt 0.692383 0.504883
vt 0.593750 0.597656
vt 0.600586 0.597656
vt 0.600586 0.602539
vt 0.593750 0.602539
vt 0.362305 0.317383
vt 0.361328 0.317383
vt 0.361328 0.310547
vt 0.362305 0.310547
vt 0.364258 0.310547
vt 0.363281 0.310547
vt 0.363281 0.317383
vt 0.364258 0.317383
vt 0.496094 0.302734
vt 0.497070 0.302734
vt 0.497070 0.307617
vt 0.496094 0.307617
vt 0.584961 0.681641
vt 0.592773 0.681641
vt 0.592773 0.686523
vt 0.584961 0.686523
vt 0.514648 0.302734
vt 0.515625 0.302734
vt 0.515625 0.307617
vt 0.514648 0.307617
vt 0.584961 0.666992
vt 0.592773 0.666992
vt 0.592773 0.671875
vt 0.584961 0.671875
vt 0.537109 0.398438
vt 0.536133 0.398438
vt 0.536133 0.390625
vt 0.537109 0.390625
vt 0.349609 0.355469
vt 0.348633 0.355469
vt 0.348633 0.363281
vt 0.349609 0.363281
vt 0.516602 0.302734
vt 0.517578 0.302734
vt 0.517578 0.307617
vt 0.516602 0.307617
vt 0.601562 0.706055
vt 0.607422 0.706055
vt 0.607422 0.710938
vt 0.601562 0.710938
vt 0.540039 0.302734
vt 0.541016 0.302734
vt 0.541016 0.307617
vt 0.540039 0.307617
vt 0.601562 0.696289
vt 0.607422 0.696289
vt 0.607422 0.701172
vt 0.601562 0.701172
vt 0.244141 0.314453
vt 0.243164 0.314453
vt 0.243164 0.308594
vt 0.244141 0.308594
vt 0.320312 0.308594
vt 0.319336 0.308594
vt 0.319336 0.314453
vt 0.320312 0.314453
vt 0.543945 0.302734
vt 0.544922 0.302734
vt 0.544922 0.307617
vt 0.543945 0.307617
vt 0.584961 0.661133
vt 0.592773 0.661133
vt 0.592773 0.666016
vt 0.584961 0.666016
vt 0.545898 0.302734
vt 0.546875 0.302734
vt 0.546875 0.307617
vt 0.545898 0.307617
vt 0.584961 0.655273
vt 0.592773 0.655273
vt 0.592773 0.660156
vt 0.584961 0.660156
vt 0.571289 0.322266
vt 0.570312 0.322266
vt 0.570312 0.314453
vt 0.571289 0.314453
vt 0.451172 0.313477
vt 0.450195 0.313477
vt 0.450195 0.321289
vt 0.451172 0.321289
vt 0.125000 0.336914
vt 0.125977 0.336914
vt 0.125977 0.347656
vt 0.125000 0.347656
vt 0.279297 0.769531
vt 0.326172 0.769531
vt 0.326172 0.780273
vt 0.279297 0.780273
vt 0.126953 0.336914
vt 0.127930 0.336914
vt 0.127930 0.347656
vt 0.126953 0.347656
vt 0.240234 0.709961
vt 0.287109 0.709961
vt 0.287109 0.720703
vt 0.240234 0.720703
vt 0.177734 0.457031
vt 0.176758 0.457031
vt 0.176758 0.410156
vt 0.177734 0.410156
vt 0.217773 0.410156
vt 0.216797 0.410156
vt 0.216797 0.457031
vt 0.217773 0.457031
vt 0.331055 0.308594
vt 0.332031 0.308594
vt 0.332031 0.314453
vt 0.331055 0.314453
vt 0.351562 0.978516
vt 0.391602 0.978516
vt 0.391602 0.984375
vt 0.351562 0.984375
vt 0.540039 0.308594
vt 0.541016 0.308594
vt 0.541016 0.314453
vt 0.540039 0.314453
vt 0.351562 0.646484
vt 0.391602 0.646484
vt 0.391602 0.652344
vt 0.351562 0.652344
vt 0.361328 0.444336
vt 0.360352 0.444336
vt 0.360352 0.404297
vt 0.361328 0.404297
vt 0.179688 0.400391
vt 0.178711 0.400391
vt 0.178711 0.440430
vt 0.179688 0.440430
vt 0.708984 0.292969
vt 0.710938 0.292969
vt 0.710938 0.293945
vt 0.708984 0.293945
vt 0.633789 0.573242
vt 0.648438 0.573242
vt 0.648438 0.574219
vt 0.633789 0.574219
vt 0.708984 0.291016
vt 0.710938 0.291016
vt 0.710938 0.291992
vt 0.708984 0.291992
vt 0.633789 0.498047
vt 0.648438 0.498047
vt 0.648438 0.499023
vt 0.633789 0.499023
vt 0.164062 0.398438
vt 0.162109 0.398438
vt 0.162109 0.383789
vt 0.164062 0.383789
vt 0.354492 0.383789
vt 0.352539 0.383789
vt 0.352539 0.398438
vt 0.354492 0.398438
vt 0.699219 0.678711
vt 0.701172 0.678711
vt 0.701172 0.680664
vt 0.699219 0.680664
vt 0.283203 0.849609
vt 0.306641 0.849609
vt 0.306641 0.851562
vt 0.283203 0.851562
vt 0.699219 0.675781
vt 0.701172 0.675781
vt 0.701172 0.677734
vt 0.699219 0.677734
vt 0.509766 0.707031
vt 0.533203 0.707031
vt 0.533203 0.708984
vt 0.509766 0.708984
vt 0.067383 0.456055
vt 0.065430 0.456055
vt 0.065430 0.432617
vt 0.067383 0.432617
vt 0.475586 0.427734
vt 0.473633 0.427734
vt 0.473633 0.451172
vt 0.475586 0.451172
vt 0.647461 0.424805
vt 0.649414 0.424805
vt 0.649414 0.430664
vt 0.647461 0.430664
vt 0.324219 0.938477
vt 0.372070 0.938477
vt 0.372070 0.944336
vt 0.324219 0.944336
vt 0.588867 0.346680
vt 0.590820 0.346680
vt 0.590820 0.352539
vt 0.588867 0.352539
vt 0.327148 0.774414
vt 0.375000 0.774414
vt 0.375000 0.780273
vt 0.327148 0.780273
vt 0.293945 0.533203
vt 0.291992 0.533203
vt 0.291992 0.485352
vt 0.293945 0.485352
vt 0.291016 0.483398
vt 0.289062 0.483398
vt 0.289062 0.531250
vt 0.291016 0.531250
vt 0.455078 0.502930
vt 0.459961 0.502930
vt 0.459961 0.519531
vt 0.455078 0.519531
vt 0.082031 0.748047
vt 0.121094 0.748047
vt 0.121094 0.764648
vt 0.082031 0.764648
vt 0.460938 0.502930
vt 0.465820 0.502930
vt 0.465820 0.519531
vt 0.460938 0.519531
vt 0.241211 0.956055
vt 0.280273 0.956055
vt 0.280273 0.972656
vt 0.241211 0.972656
vt 0.113281 0.626953
vt 0.108398 0.626953
vt 0.108398 0.587891
vt 0.113281 0.587891
vt 0.186523 0.585938
vt 0.181641 0.585938
vt 0.181641 0.625000
vt 0.186523 0.625000
vt 0.547852 0.302734
vt 0.548828 0.302734
vt 0.548828 0.307617
vt 0.547852 0.307617
vt 0.493164 0.530273
vt 0.508789 0.530273
vt 0.508789 0.535156
vt 0.493164 0.535156
vt 0.549805 0.302734
vt 0.550781 0.302734
vt 0.550781 0.307617
vt 0.549805 0.307617
vt 0.493164 0.524414
vt 0.508789 0.524414
vt 0.508789 0.529297
vt 0.493164 0.529297
vt 0.051758 0.368164
vt 0.050781 0.368164
vt 0.050781 0.352539
vt 0.051758 0.352539
vt 0.314453 0.352539
vt 0.313477 0.352539
vt 0.313477 0.368164
vt 0.314453 0.368164
vt 0.647461 0.718750
vt 0.659180 0.718750
vt 0.659180 0.719727
vt 0.647461 0.719727
vt 0.608398 0.911133
vt 0.633789 0.911133
vt 0.633789 0.912109
vt 0.608398 0.912109
vt 0.647461 0.652344
vt 0.659180 0.652344
vt 0.659180 0.653320
vt 0.647461 0.653320
vt 0.608398 0.827148
vt 0.633789 0.827148
vt 0.633789 0.828125
vt 0.608398 0.828125
vt 0.220703 0.684570
vt 0.208984 0.684570
vt 0.208984 0.659180
vt 0.220703 0.659180
vt 0.233398 0.659180
vt 0.221680 0.659180
vt 0.221680 0.684570
vt 0.233398 0.684570
vt 0.702148 0.976562
vt 0.705078 0.976562
vt 0.705078 0.977539
vt 0.702148 0.977539
vt 0.101562 0.288086
vt 0.102539 0.288086
vt 0.102539 0.289062
vt 0.101562 0.289062
vt 0.702148 0.974609
vt 0.705078 0.974609
vt 0.705078 0.975586
vt 0.702148 0.975586
vt 0.710938 0.896484
vt 0.711914 0.896484
vt 0.711914 0.897461
vt 0.710938 0.897461
vt 0.705078 0.973633
vt 0.702148 0.973633
vt 0.702148 0.972656
vt 0.705078 0.972656
vt 0.705078 0.970703
vt 0.702148 0.970703
vt 0.702148 0.971680
vt 0.705078 0.971680
vt 0.679688 0.295898
vt 0.680664 0.295898
vt 0.680664 0.298828
vt 0.679688 0.298828
vt 0.507812 0.764648
vt 0.530273 0.764648
vt 0.530273 0.767578
vt 0.507812 0.767578
vt 0.025391 0.294922
vt 0.026367 0.294922
vt 0.026367 0.297852
vt 0.025391 0.297852
vt 0.509766 0.859375
vt 0.532227 0.859375
vt 0.532227 0.862305
vt 0.509766 0.862305
vt 0.041016 0.379883
vt 0.040039 0.379883
vt 0.040039 0.357422
vt 0.041016 0.357422
vt 0.209961 0.357422
vt 0.208984 0.357422
vt 0.208984 0.379883
vt 0.209961 0.379883
vt 0.208984 0.329102
vt 0.209961 0.329102
vt 0.209961 0.338867
vt 0.208984 0.338867
vt 0.150391 0.756836
vt 0.223633 0.756836
vt 0.223633 0.766602
vt 0.150391 0.766602
vt 0.258789 0.329102
vt 0.259766 0.329102
vt 0.259766 0.338867
vt 0.258789 0.338867
vt 0.224609 0.756836
vt 0.297852 0.756836
vt 0.297852 0.766602
vt 0.224609 0.766602
vt 0.162109 0.502930
vt 0.161133 0.502930
vt 0.161133 0.429688
vt 0.162109 0.429688
vt 0.391602 0.429688
vt 0.390625 0.429688
vt 0.390625 0.502930
vt 0.391602 0.502930
vt 0.509766 0.873047
vt 0.523438 0.873047
vt 0.523438 0.877930
vt 0.509766 0.877930
vt 0.325195 0.353516
vt 0.328125 0.353516
vt 0.328125 0.358398
vt 0.325195 0.358398
vt 0.509766 0.804688
vt 0.523438 0.804688
vt 0.523438 0.809570
vt 0.509766 0.809570
vt 0.509766 0.353516
vt 0.512695 0.353516
vt 0.512695 0.358398
vt 0.509766 0.358398
vt 0.583984 0.977539
vt 0.570312 0.977539
vt 0.570312 0.974609
vt 0.583984 0.974609
vt 0.583984 0.920898
vt 0.570312 0.920898
vt 0.570312 0.923828
vt 0.583984 0.923828
vt 0.464844 0.302734
vt 0.465820 0.302734
vt 0.465820 0.307617
vt 0.464844 0.307617
vt 0.593750 0.662109
vt 0.600586 0.662109
vt 0.600586 0.666992
vt 0.593750 0.666992
vt 0.466797 0.302734
vt 0.467773 0.302734
vt 0.467773 0.307617
vt 0.466797 0.307617
vt 0.593750 0.656250
vt 0.600586 0.656250
vt 0.600586 0.661133
vt 0.593750 0.661133
vt 0.539062 0.318359
vt 0.538086 0.318359
vt 0.538086 0.311523
vt 0.539062 0.311523
vt 0.561523 0.311523
vt 0.560547 0.311523
vt 0.560547 0.318359
vt 0.561523 0.318359
vt 0.084961 0.297852
vt 0.085938 0.297852
vt 0.085938 0.301758
vt 0.084961 0.301758
vt 0.469727 0.915039
vt 0.493164 0.915039
vt 0.493164 0.918945
vt 0.469727 0.918945
vt 0.127930 0.297852
vt 0.128906 0.297852
vt 0.128906 0.301758
vt 0.127930 0.301758
vt 0.470703 0.897461
vt 0.494141 0.897461
vt 0.494141 0.901367
vt 0.470703 0.901367
vt 0.003906 0.387695
vt 0.002930 0.387695
vt 0.002930 0.364258
vt 0.003906 0.364258
vt 0.363281 0.364258
vt 0.362305 0.364258
vt 0.362305 0.387695
vt 0.363281 0.387695
vt 0.127930 0.308594
vt 0.128906 0.308594
vt 0.128906 0.314453
vt 0.127930 0.314453
vt 0.281250 0.925781
vt 0.354492 0.925781
vt 0.354492 0.931641
vt 0.281250 0.931641
vt 0.137695 0.308594
vt 0.138672 0.308594
vt 0.138672 0.314453
vt 0.137695 0.314453
vt 0.288086 0.714844
vt 0.361328 0.714844
vt 0.361328 0.720703
vt 0.288086 0.720703
vt 0.302734 0.503906
vt 0.301758 0.503906
vt 0.301758 0.430664
vt 0.302734 0.430664
vt 0.134766 0.429688
vt 0.133789 0.429688
vt 0.133789 0.502930
vt 0.134766 0.502930
vt 0.690430 0.358398
vt 0.695312 0.358398
vt 0.695312 0.359375
vt 0.690430 0.359375
vt 0.708984 0.296875
vt 0.710938 0.296875
vt 0.710938 0.297852
vt 0.708984 0.297852
vt 0.690430 0.350586
vt 0.695312 0.350586
vt 0.695312 0.351562
vt 0.690430 0.351562
vt 0.708984 0.294922
vt 0.710938 0.294922
vt 0.710938 0.295898
vt 0.708984 0.295898
vt 0.666016 0.775391
vt 0.661133 0.775391
vt 0.661133 0.773438
vt 0.666016 0.773438
vt 0.666992 0.933594
vt 0.662109 0.933594
vt 0.662109 0.935547
vt 0.666992 0.935547
vt 0.708984 0.300781
vt 0.710938 0.300781
vt 0.710938 0.301758
vt 0.708984 0.301758
vt 0.686523 0.521484
vt 0.692383 0.521484
vt 0.692383 0.522461
vt 0.686523 0.522461
vt 0.708984 0.298828
vt 0.710938 0.298828
vt 0.710938 0.299805
vt 0.708984 0.299805
vt 0.686523 0.480469
vt 0.692383 0.480469
vt 0.692383 0.481445
vt 0.686523 0.481445
vt 0.568359 0.352539
vt 0.566406 0.352539
vt 0.566406 0.346680
vt 0.568359 0.346680
vt 0.571289 0.346680
vt 0.569336 0.346680
vt 0.569336 0.352539
vt 0.571289 0.352539
vt 0.690430 0.387695
vt 0.695312 0.387695
vt 0.695312 0.388672
vt 0.690430 0.388672
vt 0.682617 0.698242
vt 0.689453 0.698242
vt 0.689453 0.699219
vt 0.682617 0.699219
vt 0.690430 0.360352
vt 0.695312 0.360352
vt 0.695312 0.361328
vt 0.690430 0.361328
vt 0.351562 0.316406
vt 0.358398 0.316406
vt 0.358398 0.317383
vt 0.351562 0.317383
vt 0.214844 0.407227
vt 0.209961 0.407227
vt 0.209961 0.400391
vt 0.214844 0.400391
vt 0.236328 0.400391
vt 0.231445 0.400391
vt 0.231445 0.407227
vt 0.236328 0.407227
vt 0.690430 0.494141
vt 0.695312 0.494141
vt 0.695312 0.495117
vt 0.690430 0.495117
vt 0.710938 0.894531
vt 0.711914 0.894531
vt 0.711914 0.895508
vt 0.710938 0.895508
vt 0.690430 0.470703
vt 0.695312 0.470703
vt 0.695312 0.471680
vt 0.690430 0.471680
vt 0.710938 0.892578
vt 0.711914 0.892578
vt 0.711914 0.893555
vt 0.710938 0.893555
vt 0.695312 0.453125
vt 0.690430 0.453125
vt 0.690430 0.452148
vt 0.695312 0.452148
vt 0.695312 0.416016
vt 0.690430 0.416016
vt 0.690430 0.416992
vt 0.695312 0.416992
vt 0.078125 0.329102
vt 0.079102 0.329102
vt 0.079102 0.338867
vt 0.078125 0.338867
vt 0.080078 0.543945
vt 0.084961 0.543945
vt 0.084961 0.553711
vt 0.080078 0.553711
vt 0.171875 0.329102
vt 0.172852 0.329102
vt 0.172852 0.338867
vt 0.171875 0.338867
vt 0.545898 0.494141
vt 0.550781 0.494141
vt 0.550781 0.503906
vt 0.545898 0.503906
vt 0.693359 0.606445
vt 0.692383 0.606445
vt 0.692383 0.601562
vt 0.693359 0.601562
vt 0.693359 0.595703
vt 0.692383 0.595703
vt 0.692383 0.600586
vt 0.693359 0.600586
vt 0.702148 0.960938
vt 0.705078 0.960938
vt 0.705078 0.961914
vt 0.702148 0.961914
vt 0.610352 0.677734
vt 0.634766 0.677734
vt 0.634766 0.678711
vt 0.610352 0.678711
vt 0.040039 0.296875
vt 0.042969 0.296875
vt 0.042969 0.297852
vt 0.040039 0.297852
vt 0.610352 0.468750
vt 0.634766 0.468750
vt 0.634766 0.469727
vt 0.610352 0.469727
vt 0.013672 0.503906
vt 0.010742 0.503906
vt 0.010742 0.479492
vt 0.013672 0.479492
vt 0.425781 0.478516
vt 0.422852 0.478516
vt 0.422852 0.502930
vt 0.425781 0.502930
vt 0.691406 0.717773
vt 0.696289 0.717773
vt 0.696289 0.718750
vt 0.691406 0.718750
vt 0.709961 0.995117
vt 0.711914 0.995117
vt 0.711914 0.996094
vt 0.709961 0.996094
vt 0.691406 0.492188
vt 0.696289 0.492188
vt 0.696289 0.493164
vt 0.691406 0.493164
vt 0.709961 0.993164
vt 0.711914 0.993164
vt 0.711914 0.994141
vt 0.709961 0.994141
vt 0.666992 0.925781
vt 0.662109 0.925781
vt 0.662109 0.923828
vt 0.666992 0.923828
vt 0.666992 0.643555
vt 0.662109 0.643555
vt 0.662109 0.645508
vt 0.666992 0.645508
vt 0.558594 0.308594
vt 0.559570 0.308594
vt 0.559570 0.314453
vt 0.558594 0.314453
vt 0.321289 0.830078
vt 0.370117 0.830078
vt 0.370117 0.835938
vt 0.321289 0.835938
vt 0.630859 0.308594
vt 0.631836 0.308594
vt 0.631836 0.314453
vt 0.630859 0.314453
vt 0.321289 0.701172
vt 0.370117 0.701172
vt 0.370117 0.707031
vt 0.321289 0.707031
vt 0.006836 0.459961
vt 0.005859 0.459961
vt 0.005859 0.411133
vt 0.006836 0.411133
vt 0.389648 0.410156
vt 0.388672 0.410156
vt 0.388672 0.458984
vt 0.389648 0.458984
vt 0.045898 0.307617
vt 0.046875 0.307617
vt 0.046875 0.313477
vt 0.045898 0.313477
vt 0.288086 0.708008
vt 0.361328 0.708008
vt 0.361328 0.713867
vt 0.288086 0.713867
vt 0.439453 0.307617
vt 0.440430 0.307617
vt 0.440430 0.313477
vt 0.439453 0.313477
vt 0.197266 0.703125
vt 0.270508 0.703125
vt 0.270508 0.708984
vt 0.197266 0.708984
vt 0.427734 0.502930
vt 0.426758 0.502930
vt 0.426758 0.429688
vt 0.427734 0.429688
vt 0.282227 0.428711
vt 0.281250 0.428711
vt 0.281250 0.501953
vt 0.282227 0.501953
vt 0.496094 0.297852
vt 0.497070 0.297852
vt 0.497070 0.301758
vt 0.496094 0.301758
vt 0.470703 0.632812
vt 0.494141 0.632812
vt 0.494141 0.636719
vt 0.470703 0.636719
vt 0.549805 0.297852
vt 0.550781 0.297852
vt 0.550781 0.301758
vt 0.549805 0.301758
vt 0.473633 0.885742
vt 0.497070 0.885742
vt 0.497070 0.889648
vt 0.473633 0.889648
vt 0.467773 0.386719
vt 0.466797 0.386719
vt 0.466797 0.363281
vt 0.467773 0.363281
vt 0.042969 0.362305
vt 0.041992 0.362305
vt 0.041992 0.385742
vt 0.042969 0.385742
vt 0.053711 0.294922
vt 0.054688 0.294922
vt 0.054688 0.297852
vt 0.053711 0.297852
vt 0.509766 0.729492
vt 0.532227 0.729492
vt 0.532227 0.732422
vt 0.509766 0.732422
vt 0.066406 0.294922
vt 0.067383 0.294922
vt 0.067383 0.297852
vt 0.066406 0.297852
vt 0.510742 0.842773
vt 0.533203 0.842773
vt 0.533203 0.845703
vt 0.510742 0.845703
vt 0.225586 0.379883
vt 0.224609 0.379883
vt 0.224609 0.357422
vt 0.225586 0.357422
vt 0.578125 0.357422
vt 0.577148 0.357422
vt 0.577148 0.379883
vt 0.578125 0.379883
vt 0.557617 0.329102
vt 0.558594 0.329102
vt 0.558594 0.338867
vt 0.557617 0.338867
vt 0.234375 0.828125
vt 0.307617 0.828125
vt 0.307617 0.837891
vt 0.234375 0.837891
vt 0.082031 0.328125
vt 0.083008 0.328125
vt 0.083008 0.337891
vt 0.082031 0.337891
vt 0.234375 0.817383
vt 0.307617 0.817383
vt 0.307617 0.827148
vt 0.234375 0.827148
vt 0.346680 0.501953
vt 0.345703 0.501953
vt 0.345703 0.428711
vt 0.346680 0.428711
vt 0.363281 0.428711
vt 0.362305 0.428711
vt 0.362305 0.501953
vt 0.363281 0.501953
vt 0.574219 0.302734
vt 0.575195 0.302734
vt 0.575195 0.307617
vt 0.574219 0.307617
vt 0.478516 0.982422
vt 0.497070 0.982422
vt 0.497070 0.987305
vt 0.478516 0.987305
vt 0.576172 0.302734
vt 0.577148 0.302734
vt 0.577148 0.307617
vt 0.576172 0.307617
vt 0.478516 0.875000
vt 0.497070 0.875000
vt 0.497070 0.879883
vt 0.478516 0.879883
vt 0.017578 0.374023
vt 0.016602 0.374023
vt 0.016602 0.355469
vt 0.017578 0.355469
vt 0.351562 0.355469
vt 0.350586 0.355469
vt 0.350586 0.374023
vt 0.351562 0.374023
vt 0.692383 0.417969
vt 0.693359 0.417969
vt 0.693359 0.422852
vt 0.692383 0.422852
vt 0.594727 0.995117
vt 0.601562 0.995117
vt 0.601562 1.000000
vt 0.594727 1.000000
vt 0.578125 0.302734
vt 0.579102 0.302734
vt 0.579102 0.307617
vt 0.578125 0.307617
vt 0.594727 0.910156
vt 0.601562 0.910156
vt 0.601562 0.915039
vt 0.594727 0.915039
vt 0.366211 0.317383
vt 0.365234 0.317383
vt 0.365234 0.310547
vt 0.366211 0.310547
vt 0.368164 0.310547
vt 0.367188 0.310547
vt 0.367188 0.317383
vt 0.368164 0.317383
vt 0.692383 0.404297
vt 0.693359 0.404297
vt 0.693359 0.409180
vt 0.692383 0.409180
vt 0.594727 0.573242
vt 0.601562 0.573242
vt 0.601562 0.578125
vt 0.594727 0.578125
vt 0.692383 0.398438
vt 0.693359 0.398438
vt 0.693359 0.403320
vt 0.692383 0.403320
vt 0.594727 0.559570
vt 0.601562 0.559570
vt 0.601562 0.564453
vt 0.594727 0.564453
vt 0.372070 0.317383
vt 0.371094 0.317383
vt 0.371094 0.310547
vt 0.372070 0.310547
vt 0.444336 0.310547
vt 0.443359 0.310547
vt 0.443359 0.317383
vt 0.444336 0.317383
vt 0.602539 0.302734
vt 0.603516 0.302734
vt 0.603516 0.307617
vt 0.602539 0.307617
vt 0.588867 0.400391
vt 0.595703 0.400391
vt 0.595703 0.405273
vt 0.588867 0.405273
vt 0.692383 0.392578
vt 0.693359 0.392578
vt 0.693359 0.397461
vt 0.692383 0.397461
vt 0.595703 0.958008
vt 0.602539 0.958008
vt 0.602539 0.962891
vt 0.595703 0.962891
vt 0.484375 0.317383
vt 0.483398 0.317383
vt 0.483398 0.310547
vt 0.484375 0.310547
vt 0.501953 0.310547
vt 0.500977 0.310547
vt 0.500977 0.317383
vt 0.501953 0.317383
vt 0.604492 0.302734
vt 0.605469 0.302734
vt 0.605469 0.307617
vt 0.604492 0.307617
vt 0.595703 0.952148
vt 0.602539 0.952148
vt 0.602539 0.957031
vt 0.595703 0.957031
vt 0.606445 0.302734
vt 0.607422 0.302734
vt 0.607422 0.307617
vt 0.606445 0.307617
vt 0.595703 0.920898
vt 0.602539 0.920898
vt 0.602539 0.925781
vt 0.595703 0.925781
vt 0.507812 0.317383
vt 0.506836 0.317383
vt 0.506836 0.310547
vt 0.507812 0.310547
vt 0.683594 0.451172
vt 0.682617 0.451172
vt 0.682617 0.458008
vt 0.683594 0.458008
vt 0.608398 0.302734
vt 0.609375 0.302734
vt 0.609375 0.307617
vt 0.608398 0.307617
vt 0.156250 0.399414
vt 0.163086 0.399414
vt 0.163086 0.404297
vt 0.156250 0.404297
vt 0.630859 0.302734
vt 0.631836 0.302734
vt 0.631836 0.307617
vt 0.630859 0.307617
vt 0.595703 0.789062
vt 0.602539 0.789062
vt 0.602539 0.793945
vt 0.595703 0.793945
vt 0.568359 0.317383
vt 0.567383 0.317383
vt 0.567383 0.310547
vt 0.568359 0.310547
vt 0.633789 0.310547
vt 0.632812 0.310547
vt 0.632812 0.317383
vt 0.633789 0.317383
vt 0.658203 0.302734
vt 0.659180 0.302734
vt 0.659180 0.307617
vt 0.658203 0.307617
vt 0.584961 0.649414
vt 0.592773 0.649414
vt 0.592773 0.654297
vt 0.584961 0.654297
vt 0.660156 0.302734
vt 0.661133 0.302734
vt 0.661133 0.307617
vt 0.660156 0.307617
vt 0.584961 0.619141
vt 0.592773 0.619141
vt 0.592773 0.624023
vt 0.584961 0.624023
vt 0.121094 0.320312
vt 0.120117 0.320312
vt 0.120117 0.312500
vt 0.121094 0.312500
vt 0.260742 0.312500
vt 0.259766 0.312500
vt 0.259766 0.320312
vt 0.260742 0.320312
vt 0.702148 0.955078
vt 0.705078 0.955078
vt 0.705078 0.956055
vt 0.702148 0.956055
vt 0.601562 0.738281
vt 0.629883 0.738281
vt 0.629883 0.739258
vt 0.601562 0.739258
vt 0.045898 0.296875
vt 0.048828 0.296875
vt 0.048828 0.297852
vt 0.045898 0.297852
vt 0.601562 0.632812
vt 0.629883 0.632812
vt 0.629883 0.633789
vt 0.601562 0.633789
vt 0.173828 0.519531
vt 0.170898 0.519531
vt 0.170898 0.491211
vt 0.173828 0.491211
vt 0.177734 0.491211
vt 0.174805 0.491211
vt 0.174805 0.519531
vt 0.177734 0.519531
vt 0.662109 0.302734
vt 0.663086 0.302734
vt 0.663086 0.307617
vt 0.662109 0.307617
vt 0.561523 0.393555
vt 0.567383 0.393555
vt 0.567383 0.398438
vt 0.561523 0.398438
vt 0.664062 0.302734
vt 0.665039 0.302734
vt 0.665039 0.307617
vt 0.664062 0.307617
vt 0.568359 0.393555
vt 0.574219 0.393555
vt 0.574219 0.398438
vt 0.568359 0.398438
vt 0.527344 0.313477
vt 0.526367 0.313477
vt 0.526367 0.307617
vt 0.527344 0.307617
vt 0.688477 0.618164
vt 0.687500 0.618164
vt 0.687500 0.624023
vt 0.688477 0.624023
vt 0.710938 0.888672
vt 0.711914 0.888672
vt 0.711914 0.889648
vt 0.710938 0.889648
vt 0.323242 0.299805
vt 0.327148 0.299805
vt 0.327148 0.300781
vt 0.323242 0.300781
vt 0.710938 0.886719
vt 0.711914 0.886719
vt 0.711914 0.887695
vt 0.710938 0.887695
vt 0.699219 0.673828
vt 0.703125 0.673828
vt 0.703125 0.674805
vt 0.699219 0.674805
vt 0.319336 0.301758
vt 0.318359 0.301758
vt 0.318359 0.297852
vt 0.319336 0.297852
vt 0.332031 0.297852
vt 0.331055 0.297852
vt 0.331055 0.301758
vt 0.332031 0.301758
vt 0.693359 0.995117
vt 0.694336 0.995117
vt 0.694336 1.000000
vt 0.693359 1.000000
vt 0.584961 0.613281
vt 0.592773 0.613281
vt 0.592773 0.618164
vt 0.584961 0.618164
vt 0.693359 0.983398
vt 0.694336 0.983398
vt 0.694336 0.988281
vt 0.693359 0.988281
vt 0.584961 0.596680
vt 0.592773 0.596680
vt 0.592773 0.601562
vt 0.584961 0.601562
vt 0.053711 0.319336
vt 0.052734 0.319336
vt 0.052734 0.311523
vt 0.053711 0.311523
vt 0.130859 0.311523
vt 0.129883 0.311523
vt 0.129883 0.319336
vt 0.130859 0.319336
vt 0.156250 0.336914
vt 0.157227 0.336914
vt 0.157227 0.347656
vt 0.156250 0.347656
vt 0.280273 0.798828
vt 0.327148 0.798828
vt 0.327148 0.809570
vt 0.280273 0.809570
vt 0.158203 0.336914
vt 0.159180 0.336914
vt 0.159180 0.347656
vt 0.158203 0.347656
vt 0.280273 0.787109
vt 0.327148 0.787109
vt 0.327148 0.797852
vt 0.280273 0.797852
vt 0.300781 0.456055
vt 0.299805 0.456055
vt 0.299805 0.409180
vt 0.300781 0.409180
vt 0.312500 0.409180
vt 0.311523 0.409180
vt 0.311523 0.456055
vt 0.312500 0.456055
vt 0.449219 0.306641
vt 0.450195 0.306641
vt 0.450195 0.312500
vt 0.449219 0.312500
vt 0.352539 0.894531
vt 0.392578 0.894531
vt 0.392578 0.900391
vt 0.352539 0.900391
vt 0.616211 0.306641
vt 0.617188 0.306641
vt 0.617188 0.312500
vt 0.616211 0.312500
vt 0.354492 0.949219
vt 0.394531 0.949219
vt 0.394531 0.955078
vt 0.354492 0.955078
vt 0.537109 0.439453
vt 0.536133 0.439453
vt 0.536133 0.399414
vt 0.537109 0.399414
vt 0.173828 0.398438
vt 0.172852 0.398438
vt 0.172852 0.438477
vt 0.173828 0.438477
vt 0.702148 0.953125
vt 0.705078 0.953125
vt 0.705078 0.954102
vt 0.702148 0.954102
vt 0.680664 0.860352
vt 0.688477 0.860352
vt 0.688477 0.861328
vt 0.680664 0.861328
vt 0.702148 0.951172
vt 0.705078 0.951172
vt 0.705078 0.952148
vt 0.702148 0.952148
vt 0.680664 0.858398
vt 0.688477 0.858398
vt 0.688477 0.859375
vt 0.680664 0.859375
vt 0.049805 0.381836
vt 0.046875 0.381836
vt 0.046875 0.374023
vt 0.049805 0.374023
vt 0.201172 0.374023
vt 0.198242 0.374023
vt 0.198242 0.381836
vt 0.201172 0.381836
vt 0.466797 0.502930
vt 0.471680 0.502930
vt 0.471680 0.519531
vt 0.466797 0.519531
vt 0.241211 0.938477
vt 0.280273 0.938477
vt 0.280273 0.955078
vt 0.241211 0.955078
vt 0.088867 0.501953
vt 0.093750 0.501953
vt 0.093750 0.518555
vt 0.088867 0.518555
vt 0.241211 0.920898
vt 0.280273 0.920898
vt 0.280273 0.937500
vt 0.241211 0.937500
vt 0.119141 0.624023
vt 0.114258 0.624023
vt 0.114258 0.584961
vt 0.119141 0.584961
vt 0.125000 0.584961
vt 0.120117 0.584961
vt 0.120117 0.624023
vt 0.125000 0.624023
vt 0.709961 0.987305
vt 0.711914 0.987305
vt 0.711914 0.988281
vt 0.709961 0.988281
vt 0.634766 0.740234
vt 0.649414 0.740234
vt 0.649414 0.741211
vt 0.634766 0.741211
vt 0.709961 0.985352
vt 0.711914 0.985352
vt 0.711914 0.986328
vt 0.709961 0.986328
vt 0.634766 0.588867
vt 0.649414 0.588867
vt 0.649414 0.589844
vt 0.634766 0.589844
vt 0.515625 0.398438
vt 0.513672 0.398438
vt 0.513672 0.383789
vt 0.515625 0.383789
vt 0.525391 0.383789
vt 0.523438 0.383789
vt 0.523438 0.398438
vt 0.525391 0.398438
vt 0.699219 0.666992
vt 0.701172 0.666992
vt 0.701172 0.668945
vt 0.699219 0.668945
vt 0.548828 0.580078
vt 0.572266 0.580078
vt 0.572266 0.582031
vt 0.548828 0.582031
vt 0.699219 0.657227
vt 0.701172 0.657227
vt 0.701172 0.659180
vt 0.699219 0.659180
vt 0.549805 0.553711
vt 0.573242 0.553711
vt 0.573242 0.555664
vt 0.549805 0.555664
vt 0.226562 0.443359
vt 0.224609 0.443359
vt 0.224609 0.419922
vt 0.226562 0.419922
vt 0.319336 0.417969
vt 0.317383 0.417969
vt 0.317383 0.441406
vt 0.319336 0.441406
vt 0.008789 0.345703
vt 0.010742 0.345703
vt 0.010742 0.351562
vt 0.008789 0.351562
vt 0.328125 0.790039
vt 0.375977 0.790039
vt 0.375977 0.795898
vt 0.328125 0.795898
vt 0.011719 0.345703
vt 0.013672 0.345703
vt 0.013672 0.351562
vt 0.011719 0.351562
vt 0.327148 0.666016
vt 0.375000 0.666016
vt 0.375000 0.671875
vt 0.327148 0.671875
vt 0.075195 0.530273
vt 0.073242 0.530273
vt 0.073242 0.482422
vt 0.075195 0.482422
vt 0.078125 0.482422
vt 0.076172 0.482422
vt 0.076172 0.530273
vt 0.078125 0.530273
vt 0.693359 0.977539
vt 0.694336 0.977539
vt 0.694336 0.982422
vt 0.693359 0.982422
vt 0.493164 0.518555
vt 0.508789 0.518555
vt 0.508789 0.523438
vt 0.493164 0.523438
vt 0.693359 0.971680
vt 0.694336 0.971680
vt 0.694336 0.976562
vt 0.693359 0.976562
vt 0.494141 0.941406
vt 0.509766 0.941406
vt 0.509766 0.946289
vt 0.494141 0.946289
vt 0.341797 0.368164
vt 0.340820 0.368164
vt 0.340820 0.352539
vt 0.341797 0.352539
vt 0.385742 0.352539
vt 0.384766 0.352539
vt 0.384766 0.368164
vt 0.385742 0.368164
vt 0.509766 0.739258
vt 0.523438 0.739258
vt 0.523438 0.744141
vt 0.509766 0.744141
vt 0.613281 0.353516
vt 0.616211 0.353516
vt 0.616211 0.358398
vt 0.613281 0.358398
vt 0.509766 0.733398
vt 0.523438 0.733398
vt 0.523438 0.738281
vt 0.509766 0.738281
vt 0.641602 0.357422
vt 0.644531 0.357422
vt 0.644531 0.362305
vt 0.641602 0.362305
vt 0.583984 0.831055
vt 0.570312 0.831055
vt 0.570312 0.828125
vt 0.583984 0.828125
vt 0.583984 0.681641
vt 0.570312 0.681641
vt 0.570312 0.684570
vt 0.583984 0.684570
vt 0.647461 0.354492
vt 0.659180 0.354492
vt 0.659180 0.355469
vt 0.647461 0.355469
vt 0.682617 0.607422
vt 0.689453 0.607422
vt 0.689453 0.608398
vt 0.682617 0.608398
vt 0.648438 0.996094
vt 0.660156 0.996094
vt 0.660156 0.997070
vt 0.648438 0.997070
vt 0.427734 0.316406
vt 0.434570 0.316406
vt 0.434570 0.317383
vt 0.427734 0.317383
vt 0.497070 0.512695
vt 0.485352 0.512695
vt 0.485352 0.505859
vt 0.497070 0.505859
vt 0.056641 0.504883
vt 0.044922 0.504883
vt 0.044922 0.511719
vt 0.056641 0.511719
vt 0.640625 0.351562
vt 0.652344 0.351562
vt 0.652344 0.352539
vt 0.640625 0.352539
vt 0.608398 0.740234
vt 0.633789 0.740234
vt 0.633789 0.741211
vt 0.608398 0.741211
vt 0.647461 0.356445
vt 0.659180 0.356445
vt 0.659180 0.357422
vt 0.647461 0.357422
vt 0.608398 0.706055
vt 0.633789 0.706055
vt 0.633789 0.707031
vt 0.608398 0.707031
vt 0.246094 0.684570
vt 0.234375 0.684570
vt 0.234375 0.659180
vt 0.246094 0.659180
vt 0.089844 0.656250
vt 0.078125 0.656250
vt 0.078125 0.681641
vt 0.089844 0.681641
vt 0.687500 0.993164
vt 0.693359 0.993164
vt 0.693359 0.994141
vt 0.687500 0.994141
vt 0.660156 0.613281
vt 0.669922 0.613281
vt 0.669922 0.614258
vt 0.660156 0.614258
vt 0.687500 0.918945
vt 0.693359 0.918945
vt 0.693359 0.919922
vt 0.687500 0.919922
vt 0.661133 0.994141
vt 0.670898 0.994141
vt 0.670898 0.995117
vt 0.661133 0.995117
vt 0.312500 0.478516
vt 0.306641 0.478516
vt 0.306641 0.468750
vt 0.312500 0.468750
vt 0.052734 0.466797
vt 0.046875 0.466797
vt 0.046875 0.476562
vt 0.052734 0.476562
vt 0.687500 0.867188
vt 0.693359 0.867188
vt 0.693359 0.868164
vt 0.687500 0.868164
vt 0.472656 0.341797
vt 0.483398 0.341797
vt 0.483398 0.342773
vt 0.472656 0.342773
vt 0.687500 0.800781
vt 0.693359 0.800781
vt 0.693359 0.801758
vt 0.687500 0.801758
vt 0.657227 0.503906
vt 0.667969 0.503906
vt 0.667969 0.504883
vt 0.657227 0.504883
vt 0.312500 0.490234
vt 0.306641 0.490234
vt 0.306641 0.479492
vt 0.312500 0.479492
vt 0.329102 0.479492
vt 0.323242 0.479492
vt 0.323242 0.490234
vt 0.329102 0.490234
vt 0.049805 0.296875
vt 0.052734 0.296875
vt 0.052734 0.297852
vt 0.049805 0.297852
vt 0.687500 0.798828
vt 0.693359 0.798828
vt 0.693359 0.799805
vt 0.687500 0.799805
vt 0.702148 0.949219
vt 0.705078 0.949219
vt 0.705078 0.950195
vt 0.702148 0.950195
vt 0.687500 0.791992
vt 0.693359 0.791992
vt 0.693359 0.792969
vt 0.687500 0.792969
vt 0.446289 0.372070
vt 0.443359 0.372070
vt 0.443359 0.366211
vt 0.446289 0.366211
vt 0.630859 0.539062
vt 0.627930 0.539062
vt 0.627930 0.544922
vt 0.630859 0.544922
vt 0.702148 0.947266
vt 0.705078 0.947266
vt 0.705078 0.948242
vt 0.702148 0.948242
vt 0.116211 0.288086
vt 0.117188 0.288086
vt 0.117188 0.289062
vt 0.116211 0.289062
vt 0.702148 0.945312
vt 0.705078 0.945312
vt 0.705078 0.946289
vt 0.702148 0.946289
vt 0.118164 0.288086
vt 0.119141 0.288086
vt 0.119141 0.289062
vt 0.118164 0.289062
vt 0.705078 0.942383
vt 0.702148 0.942383
vt 0.702148 0.941406
vt 0.705078 0.941406
vt 0.705078 0.939453
vt 0.702148 0.939453
vt 0.702148 0.940430
vt 0.705078 0.940430
vt 0.699219 0.671875
vt 0.703125 0.671875
vt 0.703125 0.672852
vt 0.699219 0.672852
vt 0.603516 0.591797
vt 0.629883 0.591797
vt 0.629883 0.592773
vt 0.603516 0.592773
vt 0.699219 0.669922
vt 0.703125 0.669922
vt 0.703125 0.670898
vt 0.699219 0.670898
vt 0.603516 0.513672
vt 0.629883 0.513672
vt 0.629883 0.514648
vt 0.603516 0.514648
vt 0.403320 0.539062
vt 0.399414 0.539062
vt 0.399414 0.512695
vt 0.403320 0.512695
vt 0.408203 0.512695
vt 0.404297 0.512695
vt 0.404297 0.539062
vt 0.408203 0.539062
vt 0.702148 0.937500
vt 0.705078 0.937500
vt 0.705078 0.938477
vt 0.702148 0.938477
vt 0.611328 0.545898
vt 0.635742 0.545898
vt 0.635742 0.546875
vt 0.611328 0.546875
vt 0.062500 0.296875
vt 0.065430 0.296875
vt 0.065430 0.297852
vt 0.062500 0.297852
vt 0.611328 0.531250
vt 0.635742 0.531250
vt 0.635742 0.532227
vt 0.611328 0.532227
vt 0.280273 0.501953
vt 0.277344 0.501953
vt 0.277344 0.477539
vt 0.280273 0.477539
vt 0.344727 0.477539
vt 0.341797 0.477539
vt 0.341797 0.501953
vt 0.344727 0.501953
vt 0.313477 0.329102
vt 0.314453 0.329102
vt 0.314453 0.338867
vt 0.313477 0.338867
vt 0.546875 0.723633
vt 0.551758 0.723633
vt 0.551758 0.733398
vt 0.546875 0.733398
vt 0.532227 0.329102
vt 0.533203 0.329102
vt 0.533203 0.338867
vt 0.532227 0.338867
vt 0.547852 0.860352
vt 0.552734 0.860352
vt 0.552734 0.870117
vt 0.547852 0.870117
vt 0.559570 0.307617
vt 0.558594 0.307617
vt 0.558594 0.302734
vt 0.559570 0.302734
vt 0.573242 0.302734
vt 0.572266 0.302734
vt 0.572266 0.307617
vt 0.573242 0.307617
vt 0.691406 0.906250
vt 0.696289 0.906250
vt 0.696289 0.907227
vt 0.691406 0.907227
vt 0.120117 0.288086
vt 0.121094 0.288086
vt 0.121094 0.289062
vt 0.120117 0.289062
vt 0.691406 0.876953
vt 0.696289 0.876953
vt 0.696289 0.877930
vt 0.691406 0.877930
vt 0.122070 0.288086
vt 0.123047 0.288086
vt 0.123047 0.289062
vt 0.122070 0.289062
vt 0.696289 0.875977
vt 0.691406 0.875977
vt 0.691406 0.875000
vt 0.696289 0.875000
vt 0.696289 0.810547
vt 0.691406 0.810547
vt 0.691406 0.811523
vt 0.696289 0.811523
vt 0.691406 0.808594
vt 0.696289 0.808594
vt 0.696289 0.809570
vt 0.691406 0.809570
vt 0.435547 0.316406
vt 0.442383 0.316406
vt 0.442383 0.317383
vt 0.435547 0.317383
vt 0.691406 0.719727
vt 0.696289 0.719727
vt 0.696289 0.720703
vt 0.691406 0.720703
vt 0.521484 0.316406
vt 0.528320 0.316406
vt 0.528320 0.317383
vt 0.521484 0.317383
vt 0.127930 0.406250
vt 0.123047 0.406250
vt 0.123047 0.399414
vt 0.127930 0.399414
vt 0.598633 0.456055
vt 0.593750 0.456055
vt 0.593750 0.462891
vt 0.598633 0.462891
vt 0.709961 0.999023
vt 0.711914 0.999023
vt 0.711914 1.000000
vt 0.709961 1.000000
vt 0.687500 0.782227
vt 0.693359 0.782227
vt 0.693359 0.783203
vt 0.687500 0.783203
vt 0.709961 0.997070
vt 0.711914 0.997070
vt 0.711914 0.998047
vt 0.709961 0.998047
vt 0.687500 0.733398
vt 0.693359 0.733398
vt 0.693359 0.734375
vt 0.687500 0.734375
vt 0.593750 0.352539
vt 0.591797 0.352539
vt 0.591797 0.346680
vt 0.593750 0.346680
vt 0.615234 0.346680
vt 0.613281 0.346680
vt 0.613281 0.352539
vt 0.615234 0.352539
vt 0.467773 0.928711
vt 0.468750 0.928711
vt 0.468750 0.929688
vt 0.467773 0.929688
vt 0.561523 0.790039
vt 0.563477 0.790039
vt 0.563477 0.791016
vt 0.561523 0.791016
vt 0.442383 0.502930
vt 0.443359 0.502930
vt 0.443359 0.503906
vt 0.442383 0.503906
vt 0.272461 0.432617
vt 0.274414 0.432617
vt 0.274414 0.433594
vt 0.272461 0.433594
vt 0.104492 0.538086
vt 0.103516 0.538086
vt 0.103516 0.536133
vt 0.104492 0.536133
vt 0.468750 0.656250
vt 0.467773 0.656250
vt 0.467773 0.658203
vt 0.468750 0.658203
vt 0.444336 0.537109
vt 0.445312 0.537109
vt 0.445312 0.538086
vt 0.444336 0.538086
vt 0.543945 0.759766
vt 0.545898 0.759766
vt 0.545898 0.760742
vt 0.543945 0.760742
vt 0.462891 0.725586
vt 0.463867 0.725586
vt 0.463867 0.726562
vt 0.462891 0.726562
vt 0.546875 0.560547
vt 0.548828 0.560547
vt 0.548828 0.561523
vt 0.546875 0.561523
vt 0.379883 0.763672
vt 0.378906 0.763672
vt 0.378906 0.761719
vt 0.379883 0.761719
vt 0.253906 0.583984
vt 0.252930 0.583984
vt 0.252930 0.585938
vt 0.253906 0.585938
vt 0.543945 0.968750
vt 0.544922 0.968750
vt 0.544922 0.969727
vt 0.543945 0.969727
vt 0.538086 0.611328
vt 0.541016 0.611328
vt 0.541016 0.612305
vt 0.538086 0.612305
vt 0.070312 0.439453
vt 0.071289 0.439453
vt 0.071289 0.440430
vt 0.070312 0.440430
vt 0.541992 0.590820
vt 0.544922 0.590820
vt 0.544922 0.591797
vt 0.541992 0.591797
vt 0.539062 0.458008
vt 0.538086 0.458008
vt 0.538086 0.455078
vt 0.539062 0.455078
vt 0.568359 0.930664
vt 0.567383 0.930664
vt 0.567383 0.933594
vt 0.568359 0.933594
vt 0.514648 0.777344
vt 0.516602 0.777344
vt 0.516602 0.778320
vt 0.514648 0.778320
vt 0.531250 0.773438
vt 0.533203 0.773438
vt 0.533203 0.774414
vt 0.531250 0.774414
vt 0.531250 0.766602
vt 0.533203 0.766602
vt 0.533203 0.767578
vt 0.531250 0.767578
vt 0.027344 0.458008
vt 0.029297 0.458008
vt 0.029297 0.458984
vt 0.027344 0.458984
vt 0.532227 0.670898
vt 0.530273 0.670898
vt 0.530273 0.668945
vt 0.532227 0.668945
vt 0.257812 0.459961
vt 0.255859 0.459961
vt 0.255859 0.461914
vt 0.257812 0.461914
vt 0.570312 0.901367
vt 0.572266 0.901367
vt 0.572266 0.902344
vt 0.570312 0.902344
vt 0.577148 0.481445
vt 0.579102 0.481445
vt 0.579102 0.482422
vt 0.577148 0.482422
vt 0.577148 0.429688
vt 0.579102 0.429688
vt 0.579102 0.430664
vt 0.577148 0.430664
vt 0.224609 0.417969
vt 0.226562 0.417969
vt 0.226562 0.418945
vt 0.224609 0.418945
vt 0.541992 0.849609
vt 0.540039 0.849609
vt 0.540039 0.847656
vt 0.541992 0.847656
vt 0.241211 0.458008
vt 0.239258 0.458008
vt 0.239258 0.459961
vt 0.241211 0.459961
vt 0.441406 0.309570
vt 0.442383 0.309570
vt 0.442383 0.315430
vt 0.441406 0.315430
vt 0.437500 0.912109
vt 0.458008 0.912109
vt 0.458008 0.917969
vt 0.437500 0.917969
vt 0.073242 0.308594
vt 0.074219 0.308594
vt 0.074219 0.314453
vt 0.073242 0.314453
vt 0.437500 0.905273
vt 0.458008 0.905273
vt 0.458008 0.911133
vt 0.437500 0.911133
vt 0.132812 0.376953
vt 0.131836 0.376953
vt 0.131836 0.356445
vt 0.132812 0.356445
vt 0.171875 0.356445
vt 0.170898 0.356445
vt 0.170898 0.376953
vt 0.171875 0.376953
vt 0.494141 0.356445
vt 0.495117 0.356445
vt 0.495117 0.373047
vt 0.494141 0.373047
vt 0.262695 0.680664
vt 0.283203 0.680664
vt 0.283203 0.697266
vt 0.262695 0.697266
vt 0.477539 0.354492
vt 0.478516 0.354492
vt 0.478516 0.371094
vt 0.477539 0.371094
vt 0.284180 0.680664
vt 0.304688 0.680664
vt 0.304688 0.697266
vt 0.284180 0.697266
vt 0.335938 0.376953
vt 0.334961 0.376953
vt 0.334961 0.356445
vt 0.335938 0.356445
vt 0.000977 0.355469
vt 0.000000 0.355469
vt 0.000000 0.375977
vt 0.000977 0.375977
vt 0.493164 0.295898
vt 0.494141 0.295898
vt 0.494141 0.298828
vt 0.493164 0.298828
vt 0.025391 0.355469
vt 0.030273 0.355469
vt 0.030273 0.358398
vt 0.025391 0.358398
vt 0.505859 0.295898
vt 0.506836 0.295898
vt 0.506836 0.298828
vt 0.505859 0.298828
vt 0.031250 0.355469
vt 0.036133 0.355469
vt 0.036133 0.358398
vt 0.031250 0.358398
vt 0.123047 0.307617
vt 0.122070 0.307617
vt 0.122070 0.302734
vt 0.123047 0.302734
vt 0.125000 0.302734
vt 0.124023 0.302734
vt 0.124023 0.307617
vt 0.125000 0.307617
vt 0.688477 0.747070
vt 0.689453 0.747070
vt 0.689453 0.752930
vt 0.688477 0.752930
vt 0.437500 0.854492
vt 0.458008 0.854492
vt 0.458008 0.860352
vt 0.437500 0.860352
vt 0.253906 0.305664
vt 0.254883 0.305664
vt 0.254883 0.311523
vt 0.253906 0.311523
vt 0.437500 0.820312
vt 0.458008 0.820312
vt 0.458008 0.826172
vt 0.437500 0.826172
vt 0.007812 0.375977
vt 0.006836 0.375977
vt 0.006836 0.355469
vt 0.007812 0.355469
vt 0.024414 0.355469
vt 0.023438 0.355469
vt 0.023438 0.375977
vt 0.024414 0.375977
vt 0.128906 0.482422
vt 0.129883 0.482422
vt 0.129883 0.483398
vt 0.128906 0.483398
vt 0.472656 0.518555
vt 0.475586 0.518555
vt 0.475586 0.519531
vt 0.472656 0.519531
vt 0.540039 0.775391
vt 0.541016 0.775391
vt 0.541016 0.776367
vt 0.540039 0.776367
vt 0.500000 0.750000
vt 0.502930 0.750000
vt 0.502930 0.750977
vt 0.500000 0.750977
vt 0.517578 0.993164
vt 0.516602 0.993164
vt 0.516602 0.990234
vt 0.517578 0.990234
vt 0.530273 0.487305
vt 0.529297 0.487305
vt 0.529297 0.490234
vt 0.530273 0.490234
vt 0.082031 0.718750
vt 0.124023 0.718750
vt 0.124023 0.731445
vt 0.082031 0.731445
vt 0.125000 0.987305
vt 0.241211 0.987305
vt 0.241211 1.000000
vt 0.125000 1.000000
vt 0.197266 0.713867
vt 0.239258 0.713867
vt 0.239258 0.726562
vt 0.197266 0.726562
vt 0.125000 0.973633
vt 0.241211 0.973633
vt 0.241211 0.986328
vt 0.125000 0.986328
vt 0.041992 1.000000
vt 0.000000 1.000000
vt 0.000000 0.883789
vt 0.041992 0.883789
vt 0.084961 0.883789
vt 0.042969 0.883789
vt 0.042969 1.000000
vt 0.084961 1.000000
vt 0.275391 0.428711
vt 0.280273 0.428711
vt 0.280273 0.433594
vt 0.275391 0.433594
vt 0.480469 0.822266
vt 0.497070 0.822266
vt 0.497070 0.827148
vt 0.480469 0.827148
vt 0.103516 0.417969
vt 0.108398 0.417969
vt 0.108398 0.422852
vt 0.103516 0.422852
vt 0.480469 0.808594
vt 0.497070 0.808594
vt 0.497070 0.813477
vt 0.480469 0.813477
vt 0.340820 0.519531
vt 0.335938 0.519531
vt 0.335938 0.502930
vt 0.340820 0.502930
vt 0.346680 0.502930
vt 0.341797 0.502930
vt 0.341797 0.519531
vt 0.346680 0.519531
vt 0.581055 0.932617
vt 0.619141 0.932617
vt 0.619141 0.933594
vt 0.581055 0.933594
vt 0.626953 0.829102
vt 0.643555 0.829102
vt 0.643555 0.830078
vt 0.626953 0.830078
vt 0.582031 0.463867
vt 0.620117 0.463867
vt 0.620117 0.464844
vt 0.582031 0.464844
vt 0.626953 0.708008
vt 0.643555 0.708008
vt 0.643555 0.708984
vt 0.626953 0.708984
vt 0.282227 0.899414
vt 0.244141 0.899414
vt 0.244141 0.882812
vt 0.282227 0.882812
vt 0.282227 0.865234
vt 0.244141 0.865234
vt 0.244141 0.881836
vt 0.282227 0.881836
vt 0.444336 0.970703
vt 0.466797 0.970703
vt 0.466797 0.975586
vt 0.444336 0.975586
vt 0.202148 0.370117
vt 0.206055 0.370117
vt 0.206055 0.375000
vt 0.202148 0.375000
vt 0.445312 0.797852
vt 0.467773 0.797852
vt 0.467773 0.802734
vt 0.445312 0.802734
vt 0.373047 0.370117
vt 0.376953 0.370117
vt 0.376953 0.375000
vt 0.373047 0.375000
vt 0.500977 0.603516
vt 0.478516 0.603516
vt 0.478516 0.599609
vt 0.500977 0.599609
vt 0.500977 0.557617
vt 0.478516 0.557617
vt 0.478516 0.561523
vt 0.500977 0.561523
vt 0.391602 0.687500
vt 0.433594 0.687500
vt 0.433594 0.688477
vt 0.391602 0.688477
vt 0.593750 0.806641
vt 0.623047 0.806641
vt 0.623047 0.807617
vt 0.593750 0.807617
vt 0.551758 0.687500
vt 0.593750 0.687500
vt 0.593750 0.688477
vt 0.551758 0.688477
vt 0.596680 0.625000
vt 0.625977 0.625000
vt 0.625977 0.625977
vt 0.596680 0.625977
vt 0.243164 0.898438
vt 0.201172 0.898438
vt 0.201172 0.869141
vt 0.243164 0.869141
vt 0.243164 0.838867
vt 0.201172 0.838867
vt 0.201172 0.868164
vt 0.243164 0.868164
vt 0.442383 0.933594
vt 0.480469 0.933594
vt 0.480469 0.934570
vt 0.442383 0.934570
vt 0.482422 0.743164
vt 0.497070 0.743164
vt 0.497070 0.744141
vt 0.482422 0.744141
vt 0.578125 0.704102
vt 0.616211 0.704102
vt 0.616211 0.705078
vt 0.578125 0.705078
vt 0.632812 0.433594
vt 0.647461 0.433594
vt 0.647461 0.434570
vt 0.632812 0.434570
vt 0.282227 0.864258
vt 0.244141 0.864258
vt 0.244141 0.849609
vt 0.282227 0.849609
vt 0.235352 0.741211
vt 0.197266 0.741211
vt 0.197266 0.755859
vt 0.235352 0.755859
vt 0.197266 0.709961
vt 0.239258 0.709961
vt 0.239258 0.712891
vt 0.197266 0.712891
vt 0.613281 0.752930
vt 0.621094 0.752930
vt 0.621094 0.755859
vt 0.613281 0.755859
vt 0.426758 0.803711
vt 0.468750 0.803711
vt 0.468750 0.806641
vt 0.426758 0.806641
vt 0.613281 0.720703
vt 0.621094 0.720703
vt 0.621094 0.723633
vt 0.613281 0.723633
vt 0.342773 0.731445
vt 0.300781 0.731445
vt 0.300781 0.723633
vt 0.342773 0.723633
vt 0.250977 0.685547
vt 0.208984 0.685547
vt 0.208984 0.693359
vt 0.250977 0.693359
vt 0.397461 0.861328
vt 0.435547 0.861328
vt 0.435547 0.865234
vt 0.397461 0.865234
vt 0.281250 0.920898
vt 0.380859 0.920898
vt 0.380859 0.924805
vt 0.281250 0.924805
vt 0.420898 0.870117
vt 0.458984 0.870117
vt 0.458984 0.874023
vt 0.420898 0.874023
vt 0.296875 0.861328
vt 0.396484 0.861328
vt 0.396484 0.865234
vt 0.296875 0.865234
vt 0.124023 1.000000
vt 0.085938 1.000000
vt 0.085938 0.900391
vt 0.124023 0.900391
vt 0.124023 0.799805
vt 0.085938 0.799805
vt 0.085938 0.899414
vt 0.124023 0.899414
vt 0.082031 0.765625
vt 0.083008 0.765625
vt 0.083008 0.770508
vt 0.082031 0.770508
vt 0.280273 0.781250
vt 0.382812 0.781250
vt 0.382812 0.786133
vt 0.280273 0.786133
vt 0.455078 0.531250
vt 0.456055 0.531250
vt 0.456055 0.536133
vt 0.455078 0.536133
vt 0.281250 0.967773
vt 0.383789 0.967773
vt 0.383789 0.972656
vt 0.281250 0.972656
vt 0.361328 0.547852
vt 0.360352 0.547852
vt 0.360352 0.445312
vt 0.361328 0.445312
vt 0.226562 0.444336
vt 0.225586 0.444336
vt 0.225586 0.546875
vt 0.226562 0.546875
vt 0.537109 0.533203
vt 0.538086 0.533203
vt 0.538086 0.538086
vt 0.537109 0.538086
vt 0.281250 0.961914
vt 0.383789 0.961914
vt 0.383789 0.966797
vt 0.281250 0.966797
vt 0.545898 0.777344
vt 0.546875 0.777344
vt 0.546875 0.782227
vt 0.545898 0.782227
vt 0.281250 0.956055
vt 0.383789 0.956055
vt 0.383789 0.960938
vt 0.281250 0.960938
vt 0.140625 0.541016
vt 0.139648 0.541016
vt 0.139648 0.438477
vt 0.140625 0.438477
vt 0.022461 0.437500
vt 0.021484 0.437500
vt 0.021484 0.540039
vt 0.022461 0.540039
vt 0.281250 0.944336
vt 0.323242 0.944336
vt 0.323242 0.955078
vt 0.281250 0.955078
vt 0.295898 0.652344
vt 0.300781 0.652344
vt 0.300781 0.663086
vt 0.295898 0.663086
vt 0.281250 0.932617
vt 0.323242 0.932617
vt 0.323242 0.943359
vt 0.281250 0.943359
vt 0.061523 0.457031
vt 0.066406 0.457031
vt 0.066406 0.467773
vt 0.061523 0.467773
vt 0.276367 0.809570
vt 0.234375 0.809570
vt 0.234375 0.804688
vt 0.276367 0.804688
vt 0.415039 0.939453
vt 0.373047 0.939453
vt 0.373047 0.944336
vt 0.415039 0.944336
vt 0.554688 0.536133
vt 0.596680 0.536133
vt 0.596680 0.537109
vt 0.554688 0.537109
vt 0.439453 0.840820
vt 0.527344 0.840820
vt 0.527344 0.841797
vt 0.439453 0.841797
vt 0.555664 0.700195
vt 0.597656 0.700195
vt 0.597656 0.701172
vt 0.555664 0.701172
vt 0.439453 0.788086
vt 0.527344 0.788086
vt 0.527344 0.789062
vt 0.439453 0.789062
vt 0.041992 0.882812
vt 0.000000 0.882812
vt 0.000000 0.794922
vt 0.041992 0.794922
vt 0.084961 0.794922
vt 0.042969 0.794922
vt 0.042969 0.882812
vt 0.084961 0.882812
vt 0.439453 0.651367
vt 0.468750 0.651367
vt 0.468750 0.655273
vt 0.439453 0.655273
vt 0.262695 0.698242
vt 0.270508 0.698242
vt 0.270508 0.702148
vt 0.262695 0.702148
vt 0.439453 0.646484
vt 0.468750 0.646484
vt 0.468750 0.650391
vt 0.439453 0.650391
vt 0.318359 0.666016
vt 0.326172 0.666016
vt 0.326172 0.669922
vt 0.318359 0.669922
vt 0.365234 0.645508
vt 0.335938 0.645508
vt 0.335938 0.637695
vt 0.365234 0.637695
vt 0.066406 0.636719
vt 0.037109 0.636719
vt 0.037109 0.644531
vt 0.066406 0.644531
vt 0.021484 0.564453
vt 0.027344 0.564453
vt 0.027344 0.568359
vt 0.021484 0.568359
vt 0.333008 0.630859
vt 0.334961 0.630859
vt 0.334961 0.634766
vt 0.333008 0.634766
vt 0.090820 0.539062
vt 0.096680 0.539062
vt 0.096680 0.542969
vt 0.090820 0.542969
vt 0.159180 0.531250
vt 0.161133 0.531250
vt 0.161133 0.535156
vt 0.159180 0.535156
vt 0.205078 0.635742
vt 0.199219 0.635742
vt 0.199219 0.633789
vt 0.205078 0.633789
vt 0.066406 0.596680
vt 0.060547 0.596680
vt 0.060547 0.598633
vt 0.066406 0.598633
vt 0.561523 0.734375
vt 0.603516 0.734375
vt 0.603516 0.735352
vt 0.561523 0.735352
vt 0.437500 0.818359
vt 0.443359 0.818359
vt 0.443359 0.819336
vt 0.437500 0.819336
vt 0.562500 0.798828
vt 0.604492 0.798828
vt 0.604492 0.799805
vt 0.562500 0.799805
vt 0.456055 0.672852
vt 0.461914 0.672852
vt 0.461914 0.673828
vt 0.456055 0.673828
vt 0.392578 0.682617
vt 0.350586 0.682617
vt 0.350586 0.676758
vt 0.392578 0.676758
vt 0.393555 0.994141
vt 0.351562 0.994141
vt 0.351562 1.000000
vt 0.393555 1.000000
vt 0.337891 0.693359
vt 0.376953 0.693359
vt 0.376953 0.700195
vt 0.337891 0.700195
vt 0.130859 0.553711
vt 0.135742 0.553711
vt 0.135742 0.560547
vt 0.130859 0.560547
vt 0.339844 0.744141
vt 0.378906 0.744141
vt 0.378906 0.750977
vt 0.339844 0.750977
vt 0.590820 0.625000
vt 0.595703 0.625000
vt 0.595703 0.631836
vt 0.590820 0.631836
vt 0.394531 0.625000
vt 0.355469 0.625000
vt 0.355469 0.620117
vt 0.394531 0.620117
vt 0.414062 0.631836
vt 0.375000 0.631836
vt 0.375000 0.636719
vt 0.414062 0.636719
vt 0.327148 0.672852
vt 0.349609 0.672852
vt 0.349609 0.685547
vt 0.327148 0.685547
vt 0.453125 0.725586
vt 0.461914 0.725586
vt 0.461914 0.738281
vt 0.453125 0.738281
vt 0.328125 0.796875
vt 0.350586 0.796875
vt 0.350586 0.809570
vt 0.328125 0.809570
vt 0.453125 0.659180
vt 0.461914 0.659180
vt 0.461914 0.671875
vt 0.453125 0.671875
vt 0.395508 0.809570
vt 0.373047 0.809570
vt 0.373047 0.800781
vt 0.395508 0.800781
vt 0.395508 0.656250
vt 0.373047 0.656250
vt 0.373047 0.665039
vt 0.395508 0.665039
vt 0.441406 0.827148
vt 0.463867 0.827148
vt 0.463867 0.832031
vt 0.441406 0.832031
vt 0.151367 0.370117
vt 0.155273 0.370117
vt 0.155273 0.375000
vt 0.151367 0.375000
vt 0.441406 0.719727
vt 0.463867 0.719727
vt 0.463867 0.724609
vt 0.441406 0.724609
vt 0.625000 0.841797
vt 0.628906 0.841797
vt 0.628906 0.846680
vt 0.625000 0.846680
vt 0.500977 0.981445
vt 0.478516 0.981445
vt 0.478516 0.977539
vt 0.500977 0.977539
vt 0.266602 0.517578
vt 0.244141 0.517578
vt 0.244141 0.521484
vt 0.266602 0.521484
vt 0.381836 0.920898
vt 0.427734 0.920898
vt 0.427734 0.924805
vt 0.381836 0.924805
vt 0.630859 0.426758
vt 0.634766 0.426758
vt 0.634766 0.430664
vt 0.630859 0.430664
vt 0.383789 0.782227
vt 0.429688 0.782227
vt 0.429688 0.786133
vt 0.383789 0.786133
vt 0.631836 0.805664
vt 0.635742 0.805664
vt 0.635742 0.809570
vt 0.631836 0.809570
vt 0.430664 0.963867
vt 0.384766 0.963867
vt 0.384766 0.959961
vt 0.430664 0.959961
vt 0.421875 0.609375
vt 0.375977 0.609375
vt 0.375977 0.613281
vt 0.421875 0.613281
vt 0.391602 0.759766
vt 0.437500 0.759766
vt 0.437500 0.763672
vt 0.391602 0.763672
vt 0.631836 0.770508
vt 0.635742 0.770508
vt 0.635742 0.774414
vt 0.631836 0.774414
vt 0.391602 0.754883
vt 0.437500 0.754883
vt 0.437500 0.758789
vt 0.391602 0.758789
vt 0.631836 0.725586
vt 0.635742 0.725586
vt 0.635742 0.729492
vt 0.631836 0.729492
vt 0.437500 0.753906
vt 0.391602 0.753906
vt 0.391602 0.750000
vt 0.437500 0.750000
vt 0.437500 0.745117
vt 0.391602 0.745117
vt 0.391602 0.749023
vt 0.437500 0.749023
vt 0.391602 0.689453
vt 0.437500 0.689453
vt 0.437500 0.693359
vt 0.391602 0.693359
vt 0.631836 0.638672
vt 0.635742 0.638672
vt 0.635742 0.642578
vt 0.631836 0.642578
vt 0.375977 0.604492
vt 0.421875 0.604492
vt 0.421875 0.608398
vt 0.375977 0.608398
vt 0.631836 0.503906
vt 0.635742 0.503906
vt 0.635742 0.507812
vt 0.631836 0.507812
vt 0.438477 0.987305
vt 0.392578 0.987305
vt 0.392578 0.983398
vt 0.438477 0.983398
vt 0.438477 0.978516
vt 0.392578 0.978516
vt 0.392578 0.982422
vt 0.438477 0.982422
vt 0.215820 0.694336
vt 0.261719 0.694336
vt 0.261719 0.702148
vt 0.215820 0.702148
vt 0.347656 0.479492
vt 0.355469 0.479492
vt 0.355469 0.487305
vt 0.347656 0.487305
vt 0.298828 0.760742
vt 0.344727 0.760742
vt 0.344727 0.768555
vt 0.298828 0.768555
vt 0.000000 0.478516
vt 0.007812 0.478516
vt 0.007812 0.486328
vt 0.000000 0.486328
vt 0.045898 0.699219
vt 0.000000 0.699219
vt 0.000000 0.691406
vt 0.045898 0.691406
vt 0.346680 0.751953
vt 0.300781 0.751953
vt 0.300781 0.759766
vt 0.346680 0.759766
vt 0.392578 0.651367
vt 0.438477 0.651367
vt 0.438477 0.655273
vt 0.392578 0.655273
vt 0.631836 0.490234
vt 0.635742 0.490234
vt 0.635742 0.494141
vt 0.631836 0.494141
vt 0.392578 0.646484
vt 0.438477 0.646484
vt 0.438477 0.650391
vt 0.392578 0.650391
vt 0.579102 0.364258
vt 0.583008 0.364258
vt 0.583008 0.368164
vt 0.579102 0.368164
vt 0.438477 0.619141
vt 0.392578 0.619141
vt 0.392578 0.615234
vt 0.438477 0.615234
vt 0.439453 0.896484
vt 0.393555 0.896484
vt 0.393555 0.900391
vt 0.439453 0.900391
vt 0.347656 0.505859
vt 0.357422 0.505859
vt 0.357422 0.513672
vt 0.347656 0.513672
vt 0.472656 0.501953
vt 0.482422 0.501953
vt 0.482422 0.509766
vt 0.472656 0.509766
vt 0.244141 0.500977
vt 0.253906 0.500977
vt 0.253906 0.508789
vt 0.244141 0.508789
vt 0.491211 0.713867
vt 0.500977 0.713867
vt 0.500977 0.721680
vt 0.491211 0.721680
vt 0.393555 0.537109
vt 0.383789 0.537109
vt 0.383789 0.527344
vt 0.393555 0.527344
vt 0.454102 0.526367
vt 0.444336 0.526367
vt 0.444336 0.536133
vt 0.454102 0.536133
vt 0.426758 0.659180
vt 0.452148 0.659180
vt 0.452148 0.660156
vt 0.426758 0.660156
vt 0.091797 0.596680
vt 0.093750 0.596680
vt 0.093750 0.597656
vt 0.091797 0.597656
vt 0.607422 0.635742
vt 0.632812 0.635742
vt 0.632812 0.636719
vt 0.607422 0.636719
vt 0.426758 0.676758
vt 0.428711 0.676758
vt 0.428711 0.677734
vt 0.426758 0.677734
vt 0.396484 0.832031
vt 0.371094 0.832031
vt 0.371094 0.830078
vt 0.396484 0.830078
vt 0.568359 0.604492
vt 0.542969 0.604492
vt 0.542969 0.606445
vt 0.568359 0.606445
vt 0.393555 0.894531
vt 0.430664 0.894531
vt 0.430664 0.895508
vt 0.393555 0.895508
vt 0.408203 0.774414
vt 0.413086 0.774414
vt 0.413086 0.775391
vt 0.408203 0.775391
vt 0.584961 0.975586
vt 0.622070 0.975586
vt 0.622070 0.976562
vt 0.584961 0.976562
vt 0.473633 0.711914
vt 0.478516 0.711914
vt 0.478516 0.712891
vt 0.473633 0.712891
vt 0.416016 0.769531
vt 0.378906 0.769531
vt 0.378906 0.764648
vt 0.416016 0.764648
vt 0.416992 0.884766
vt 0.379883 0.884766
vt 0.379883 0.889648
vt 0.416992 0.889648
vt 0.393555 0.740234
vt 0.439453 0.740234
vt 0.439453 0.744141
vt 0.393555 0.744141
vt 0.618164 0.364258
vt 0.622070 0.364258
vt 0.622070 0.368164
vt 0.618164 0.368164
vt 0.393555 0.735352
vt 0.439453 0.735352
vt 0.439453 0.739258
vt 0.393555 0.739258
vt 0.623047 0.364258
vt 0.626953 0.364258
vt 0.626953 0.368164
vt 0.623047 0.368164
vt 0.439453 0.682617
vt 0.393555 0.682617
vt 0.393555 0.678711
vt 0.439453 0.678711
vt 0.045898 0.601562
vt 0.000000 0.601562
vt 0.000000 0.605469
vt 0.045898 0.605469
vt 0.258789 0.637695
vt 0.291992 0.637695
vt 0.291992 0.644531
vt 0.258789 0.644531
vt 0.590820 0.446289
vt 0.595703 0.446289
vt 0.595703 0.453125
vt 0.590820 0.453125
vt 0.206055 0.633789
vt 0.239258 0.633789
vt 0.239258 0.640625
vt 0.206055 0.640625
vt 0.591797 0.853516
vt 0.596680 0.853516
vt 0.596680 0.860352
vt 0.591797 0.860352
vt 0.093750 0.595703
vt 0.060547 0.595703
vt 0.060547 0.590820
vt 0.093750 0.590820
vt 0.033203 0.588867
vt 0.000000 0.588867
vt 0.000000 0.593750
vt 0.033203 0.593750
vt 0.396484 0.803711
vt 0.425781 0.803711
vt 0.425781 0.809570
vt 0.396484 0.809570
vt 0.311523 0.600586
vt 0.316406 0.600586
vt 0.316406 0.606445
vt 0.311523 0.606445
vt 0.396484 0.659180
vt 0.425781 0.659180
vt 0.425781 0.665039
vt 0.396484 0.665039
vt 0.601562 0.817383
vt 0.606445 0.817383
vt 0.606445 0.823242
vt 0.601562 0.823242
vt 0.379883 0.578125
vt 0.350586 0.578125
vt 0.350586 0.573242
vt 0.379883 0.573242
vt 0.410156 0.573242
vt 0.380859 0.573242
vt 0.380859 0.578125
vt 0.410156 0.578125
vt 0.491211 0.689453
vt 0.500977 0.689453
vt 0.500977 0.697266
vt 0.491211 0.697266
vt 0.492188 0.921875
vt 0.501953 0.921875
vt 0.501953 0.929688
vt 0.492188 0.929688
vt 0.492188 0.906250
vt 0.501953 0.906250
vt 0.501953 0.914062
vt 0.492188 0.914062
vt 0.187500 0.500000
vt 0.197266 0.500000
vt 0.197266 0.507812
vt 0.187500 0.507812
vt 0.113281 0.535156
vt 0.103516 0.535156
vt 0.103516 0.525391
vt 0.113281 0.525391
vt 0.305664 0.525391
vt 0.295898 0.525391
vt 0.295898 0.535156
vt 0.305664 0.535156
vt 0.551758 0.689453
vt 0.567383 0.689453
vt 0.567383 0.692383
vt 0.551758 0.692383
vt 0.545898 0.693359
vt 0.562500 0.693359
vt 0.562500 0.696289
vt 0.545898 0.696289
vt 0.551758 0.523438
vt 0.567383 0.523438
vt 0.567383 0.526367
vt 0.551758 0.526367
vt 0.545898 0.681641
vt 0.562500 0.681641
vt 0.562500 0.684570
vt 0.545898 0.684570
vt 0.221680 0.658203
vt 0.206055 0.658203
vt 0.206055 0.641602
vt 0.221680 0.641602
vt 0.238281 0.641602
vt 0.222656 0.641602
vt 0.222656 0.658203
vt 0.238281 0.658203
vt 0.090820 0.666016
vt 0.109375 0.666016
vt 0.109375 0.681641
vt 0.090820 0.681641
vt 0.236328 0.548828
vt 0.239258 0.548828
vt 0.239258 0.564453
vt 0.236328 0.564453
vt 0.044922 0.664062
vt 0.063477 0.664062
vt 0.063477 0.679688
vt 0.044922 0.679688
vt 0.167969 0.434570
vt 0.170898 0.434570
vt 0.170898 0.450195
vt 0.167969 0.450195
vt 0.547852 0.956055
vt 0.529297 0.956055
vt 0.529297 0.953125
vt 0.547852 0.953125
vt 0.547852 0.797852
vt 0.529297 0.797852
vt 0.529297 0.800781
vt 0.547852 0.800781
vt 0.551758 0.493164
vt 0.567383 0.493164
vt 0.567383 0.496094
vt 0.551758 0.496094
vt 0.535156 0.834961
vt 0.552734 0.834961
vt 0.552734 0.837891
vt 0.535156 0.837891
vt 0.552734 0.722656
vt 0.568359 0.722656
vt 0.568359 0.725586
vt 0.552734 0.725586
vt 0.538086 0.935547
vt 0.555664 0.935547
vt 0.555664 0.938477
vt 0.538086 0.938477
vt 0.039062 0.674805
vt 0.023438 0.674805
vt 0.023438 0.657227
vt 0.039062 0.657227
vt 0.317383 0.652344
vt 0.301758 0.652344
vt 0.301758 0.669922
vt 0.317383 0.669922
vt 0.552734 0.564453
vt 0.568359 0.564453
vt 0.568359 0.567383
vt 0.552734 0.567383
vt 0.538086 0.607422
vt 0.555664 0.607422
vt 0.555664 0.610352
vt 0.538086 0.610352
vt 0.553711 0.973633
vt 0.569336 0.973633
vt 0.569336 0.976562
vt 0.553711 0.976562
vt 0.541016 0.877930
vt 0.558594 0.877930
vt 0.558594 0.880859
vt 0.541016 0.880859
vt 0.106445 0.665039
vt 0.090820 0.665039
vt 0.090820 0.647461
vt 0.106445 0.647461
vt 0.123047 0.647461
vt 0.107422 0.647461
vt 0.107422 0.665039
vt 0.123047 0.665039
vt 0.553711 0.918945
vt 0.569336 0.918945
vt 0.569336 0.921875
vt 0.553711 0.921875
vt 0.541992 0.989258
vt 0.559570 0.989258
vt 0.559570 0.992188
vt 0.541992 0.992188
vt 0.553711 0.859375
vt 0.569336 0.859375
vt 0.569336 0.862305
vt 0.553711 0.862305
vt 0.542969 0.846680
vt 0.560547 0.846680
vt 0.560547 0.849609
vt 0.542969 0.849609
vt 0.333984 0.665039
vt 0.318359 0.665039
vt 0.318359 0.647461
vt 0.333984 0.647461
vt 0.350586 0.647461
vt 0.334961 0.647461
vt 0.334961 0.665039
vt 0.350586 0.665039
vt 0.416992 0.433594
vt 0.419922 0.433594
vt 0.419922 0.449219
vt 0.416992 0.449219
vt 0.268555 0.432617
vt 0.271484 0.432617
vt 0.271484 0.448242
vt 0.268555 0.448242
vt 0.455078 0.432617
vt 0.458008 0.432617
vt 0.458008 0.448242
vt 0.455078 0.448242
vt 0.500000 0.432617
vt 0.502930 0.432617
vt 0.502930 0.448242
vt 0.500000 0.448242
vt 0.375977 0.799805
vt 0.373047 0.799805
vt 0.373047 0.796875
vt 0.375977 0.796875
vt 0.492188 0.532227
vt 0.489258 0.532227
vt 0.489258 0.535156
vt 0.492188 0.535156
vt 0.196289 0.318359
vt 0.204102 0.318359
vt 0.204102 0.319336
vt 0.196289 0.319336
vt 0.625000 0.784180
vt 0.643555 0.784180
vt 0.643555 0.785156
vt 0.625000 0.785156
vt 0.680664 0.795898
vt 0.688477 0.795898
vt 0.688477 0.796875
vt 0.680664 0.796875
vt 0.625977 0.949219
vt 0.644531 0.949219
vt 0.644531 0.950195
vt 0.625977 0.950195
vt 0.145508 0.582031
vt 0.137695 0.582031
vt 0.137695 0.563477
vt 0.145508 0.563477
vt 0.349609 0.563477
vt 0.341797 0.563477
vt 0.341797 0.582031
vt 0.349609 0.582031
vt 0.556641 0.459961
vt 0.572266 0.459961
vt 0.572266 0.462891
vt 0.556641 0.462891
vt 0.543945 0.997070
vt 0.561523 0.997070
vt 0.561523 1.000000
vt 0.543945 1.000000
vt 0.557617 0.811523
vt 0.573242 0.811523
vt 0.573242 0.814453
vt 0.557617 0.814453
vt 0.543945 0.993164
vt 0.561523 0.993164
vt 0.561523 0.996094
vt 0.543945 0.996094
vt 0.278320 0.663086
vt 0.262695 0.663086
vt 0.262695 0.645508
vt 0.278320 0.645508
vt 0.294922 0.645508
vt 0.279297 0.645508
vt 0.279297 0.663086
vt 0.294922 0.663086
vt 0.422852 0.609375
vt 0.452148 0.609375
vt 0.452148 0.614258
vt 0.422852 0.614258
vt 0.071289 0.369141
vt 0.075195 0.369141
vt 0.075195 0.374023
vt 0.071289 0.374023
vt 0.422852 0.586914
vt 0.452148 0.586914
vt 0.452148 0.591797
vt 0.422852 0.591797
vt 0.172852 0.369141
vt 0.176758 0.369141
vt 0.176758 0.374023
vt 0.172852 0.374023
vt 0.468750 0.619141
vt 0.439453 0.619141
vt 0.439453 0.615234
vt 0.468750 0.615234
vt 0.469727 0.897461
vt 0.440430 0.897461
vt 0.440430 0.901367
vt 0.469727 0.901367
vt 0.578125 0.702148
vt 0.616211 0.702148
vt 0.616211 0.703125
vt 0.578125 0.703125
vt 0.508789 0.642578
vt 0.520508 0.642578
vt 0.520508 0.643555
vt 0.508789 0.643555
vt 0.580078 0.786133
vt 0.618164 0.786133
vt 0.618164 0.787109
vt 0.580078 0.787109
vt 0.529297 0.613281
vt 0.541016 0.613281
vt 0.541016 0.614258
vt 0.529297 0.614258
vt 0.120117 0.717773
vt 0.082031 0.717773
vt 0.082031 0.706055
vt 0.120117 0.706055
vt 0.321289 0.887695
vt 0.283203 0.887695
vt 0.283203 0.899414
vt 0.321289 0.899414
vt 0.394531 0.996094
vt 0.440430 0.996094
vt 0.440430 1.000000
vt 0.394531 1.000000
vt 0.632812 0.932617
vt 0.636719 0.932617
vt 0.636719 0.936523
vt 0.632812 0.936523
vt 0.395508 0.955078
vt 0.441406 0.955078
vt 0.441406 0.958984
vt 0.395508 0.958984
vt 0.632812 0.927734
vt 0.636719 0.927734
vt 0.636719 0.931641
vt 0.632812 0.931641
vt 0.441406 0.954102
vt 0.395508 0.954102
vt 0.395508 0.950195
vt 0.441406 0.950195
vt 0.441406 0.621094
vt 0.395508 0.621094
vt 0.395508 0.625000
vt 0.441406 0.625000
vt 0.680664 0.991211
vt 0.688477 0.991211
vt 0.688477 0.992188
vt 0.680664 0.992188
vt 0.279297 0.767578
vt 0.297852 0.767578
vt 0.297852 0.768555
vt 0.279297 0.768555
vt 0.680664 0.989258
vt 0.688477 0.989258
vt 0.688477 0.990234
vt 0.680664 0.990234
vt 0.625000 0.839844
vt 0.643555 0.839844
vt 0.643555 0.840820
vt 0.625000 0.840820
vt 0.029297 0.587891
vt 0.021484 0.587891
vt 0.021484 0.569336
vt 0.029297 0.569336
vt 0.253906 0.564453
vt 0.246094 0.564453
vt 0.246094 0.583008
vt 0.253906 0.583008
vt 0.556641 0.607422
vt 0.572266 0.607422
vt 0.572266 0.610352
vt 0.556641 0.610352
vt 0.542969 0.627930
vt 0.560547 0.627930
vt 0.560547 0.630859
vt 0.542969 0.630859
vt 0.556641 0.463867
vt 0.572266 0.463867
vt 0.572266 0.466797
vt 0.556641 0.466797
vt 0.542969 0.504883
vt 0.560547 0.504883
vt 0.560547 0.507812
vt 0.542969 0.507812
vt 0.055664 0.663086
vt 0.040039 0.663086
vt 0.040039 0.645508
vt 0.055664 0.645508
vt 0.072266 0.645508
vt 0.056641 0.645508
vt 0.056641 0.663086
vt 0.072266 0.663086
vt 0.320312 0.735352
vt 0.338867 0.735352
vt 0.338867 0.750977
vt 0.320312 0.750977
vt 0.262695 0.664062
vt 0.281250 0.664062
vt 0.281250 0.679688
vt 0.262695 0.679688
vt 0.282227 0.664062
vt 0.300781 0.664062
vt 0.300781 0.679688
vt 0.282227 0.679688
vt 0.321289 0.836914
vt 0.339844 0.836914
vt 0.339844 0.852539
vt 0.321289 0.852539
vt 0.065430 0.699219
vt 0.046875 0.699219
vt 0.046875 0.680664
vt 0.065430 0.680664
vt 0.319336 0.732422
vt 0.300781 0.732422
vt 0.300781 0.750977
vt 0.319336 0.750977
vt 0.647461 0.788086
vt 0.659180 0.788086
vt 0.659180 0.789062
vt 0.647461 0.789062
vt 0.660156 0.971680
vt 0.669922 0.971680
vt 0.669922 0.972656
vt 0.660156 0.972656
vt 0.647461 0.738281
vt 0.659180 0.738281
vt 0.659180 0.739258
vt 0.647461 0.739258
vt 0.091797 0.338867
vt 0.101562 0.338867
vt 0.101562 0.339844
vt 0.091797 0.339844
vt 0.458984 0.571289
vt 0.447266 0.571289
vt 0.447266 0.561523
vt 0.458984 0.561523
vt 0.445312 0.539062
vt 0.433594 0.539062
vt 0.433594 0.548828
vt 0.445312 0.548828
vt 0.588867 0.636719
vt 0.600586 0.636719
vt 0.600586 0.639648
vt 0.588867 0.639648
vt 0.611328 0.519531
vt 0.620117 0.519531
vt 0.620117 0.522461
vt 0.611328 0.522461
vt 0.588867 0.632812
vt 0.600586 0.632812
vt 0.600586 0.635742
vt 0.588867 0.635742
vt 0.611328 0.515625
vt 0.620117 0.515625
vt 0.620117 0.518555
vt 0.611328 0.518555
vt 0.470703 0.863281
vt 0.458984 0.863281
vt 0.458984 0.854492
vt 0.470703 0.854492
vt 0.348633 0.530273
vt 0.336914 0.530273
vt 0.336914 0.539062
vt 0.348633 0.539062
vt 0.125977 0.591797
vt 0.150391 0.591797
vt 0.150391 0.598633
vt 0.125977 0.598633
vt 0.258789 0.468750
vt 0.267578 0.468750
vt 0.267578 0.475586
vt 0.258789 0.475586
vt 0.192383 0.590820
vt 0.216797 0.590820
vt 0.216797 0.597656
vt 0.192383 0.597656
vt 0.524414 0.734375
vt 0.533203 0.734375
vt 0.533203 0.741211
vt 0.524414 0.741211
vt 0.320312 0.634766
vt 0.295898 0.634766
vt 0.295898 0.625977
vt 0.320312 0.625977
vt 0.024414 0.625000
vt 0.000000 0.625000
vt 0.000000 0.633789
vt 0.024414 0.633789
vt 0.044922 0.566406
vt 0.054688 0.566406
vt 0.054688 0.581055
vt 0.044922 0.581055
vt 0.059570 0.575195
vt 0.070312 0.575195
vt 0.070312 0.589844
vt 0.059570 0.589844
vt 0.094727 0.565430
vt 0.104492 0.565430
vt 0.104492 0.580078
vt 0.094727 0.580078
vt 0.071289 0.575195
vt 0.082031 0.575195
vt 0.082031 0.589844
vt 0.071289 0.589844
vt 0.123047 0.646484
vt 0.113281 0.646484
vt 0.113281 0.635742
vt 0.123047 0.635742
vt 0.465820 0.808594
vt 0.456055 0.808594
vt 0.456055 0.819336
vt 0.465820 0.819336
vt 0.437500 0.372070
vt 0.438477 0.372070
vt 0.438477 0.404297
vt 0.437500 0.404297
vt 0.251953 0.661133
vt 0.261719 0.661133
vt 0.261719 0.693359
vt 0.251953 0.693359
vt 0.360352 0.371094
vt 0.361328 0.371094
vt 0.361328 0.403320
vt 0.360352 0.403320
vt 0.012695 0.658203
vt 0.022461 0.658203
vt 0.022461 0.690430
vt 0.012695 0.690430
vt 0.483398 0.340820
vt 0.482422 0.340820
vt 0.482422 0.331055
vt 0.483398 0.331055
vt 0.124023 0.330078
vt 0.123047 0.330078
vt 0.123047 0.339844
vt 0.124023 0.339844
vt 0.053711 0.426758
vt 0.056641 0.426758
vt 0.056641 0.429688
vt 0.053711 0.429688
vt 0.207031 0.491211
vt 0.208984 0.491211
vt 0.208984 0.494141
vt 0.207031 0.494141
vt 0.577148 0.765625
vt 0.580078 0.765625
vt 0.580078 0.768555
vt 0.577148 0.768555
vt 0.274414 0.477539
vt 0.276367 0.477539
vt 0.276367 0.480469
vt 0.274414 0.480469
vt 0.093750 0.475586
vt 0.090820 0.475586
vt 0.090820 0.473633
vt 0.093750 0.473633
vt 0.542969 0.974609
vt 0.540039 0.974609
vt 0.540039 0.976562
vt 0.542969 0.976562
vt 0.045898 0.363281
vt 0.049805 0.363281
vt 0.049805 0.367188
vt 0.045898 0.367188
vt 0.211914 0.570312
vt 0.214844 0.570312
vt 0.214844 0.574219
vt 0.211914 0.574219
vt 0.632812 0.937500
vt 0.636719 0.937500
vt 0.636719 0.941406
vt 0.632812 0.941406
vt 0.151367 0.558594
vt 0.154297 0.558594
vt 0.154297 0.562500
vt 0.151367 0.562500
vt 0.577148 0.583008
vt 0.573242 0.583008
vt 0.573242 0.580078
vt 0.577148 0.580078
vt 0.039062 0.359375
vt 0.035156 0.359375
vt 0.035156 0.362305
vt 0.039062 0.362305
vt 0.434570 0.687500
vt 0.436523 0.687500
vt 0.436523 0.688477
vt 0.434570 0.688477
vt 0.446289 0.770508
vt 0.448242 0.770508
vt 0.448242 0.771484
vt 0.446289 0.771484
vt 0.495117 0.873047
vt 0.497070 0.873047
vt 0.497070 0.874023
vt 0.495117 0.874023
vt 0.087891 0.500000
vt 0.089844 0.500000
vt 0.089844 0.500977
vt 0.087891 0.500977
vt 0.325195 0.506836
vt 0.323242 0.506836
vt 0.323242 0.504883
vt 0.325195 0.504883
vt 0.528320 0.593750
vt 0.526367 0.593750
vt 0.526367 0.595703
vt 0.528320 0.595703
vt 0.113281 0.482422
vt 0.116211 0.482422
vt 0.116211 0.485352
vt 0.113281 0.485352
vt 0.206055 0.659180
vt 0.208008 0.659180
vt 0.208008 0.662109
vt 0.206055 0.662109
vt 0.339844 0.473633
vt 0.342773 0.473633
vt 0.342773 0.476562
vt 0.339844 0.476562
vt 0.439453 0.701172
vt 0.441406 0.701172
vt 0.441406 0.704102
vt 0.439453 0.704102
vt 0.429688 0.809570
vt 0.426758 0.809570
vt 0.426758 0.807617
vt 0.429688 0.807617
vt 0.261719 0.476562
vt 0.258789 0.476562
vt 0.258789 0.478516
vt 0.261719 0.478516
vt 0.464844 0.358398
vt 0.465820 0.358398
vt 0.465820 0.380859
vt 0.464844 0.380859
vt 0.472656 0.470703
vt 0.475586 0.470703
vt 0.475586 0.493164
vt 0.472656 0.493164
vt 0.584961 0.358398
vt 0.585938 0.358398
vt 0.585938 0.380859
vt 0.584961 0.380859
vt 0.382812 0.468750
vt 0.385742 0.468750
vt 0.385742 0.491211
vt 0.382812 0.491211
vt 0.438477 0.298828
vt 0.437500 0.298828
vt 0.437500 0.295898
vt 0.438477 0.295898
vt 0.483398 0.295898
vt 0.482422 0.295898
vt 0.482422 0.298828
vt 0.483398 0.298828
vt 0.141602 0.491211
vt 0.144531 0.491211
vt 0.144531 0.518555
vt 0.141602 0.518555
vt 0.083984 0.766602
vt 0.084961 0.766602
vt 0.084961 0.793945
vt 0.083984 0.793945
vt 0.145508 0.491211
vt 0.148438 0.491211
vt 0.148438 0.518555
vt 0.145508 0.518555
vt 0.526367 0.371094
vt 0.527344 0.371094
vt 0.527344 0.398438
vt 0.526367 0.398438
vt 0.556641 0.298828
vt 0.553711 0.298828
vt 0.553711 0.297852
vt 0.556641 0.297852
vt 0.704102 0.443359
vt 0.701172 0.443359
vt 0.701172 0.444336
vt 0.704102 0.444336
vt 0.145508 0.362305
vt 0.149414 0.362305
vt 0.149414 0.366211
vt 0.145508 0.366211
vt 0.186523 0.347656
vt 0.189453 0.347656
vt 0.189453 0.351562
vt 0.186523 0.351562
vt 0.188477 0.362305
vt 0.192383 0.362305
vt 0.192383 0.366211
vt 0.188477 0.366211
vt 0.226562 0.347656
vt 0.229492 0.347656
vt 0.229492 0.351562
vt 0.226562 0.351562
vt 0.248047 0.351562
vt 0.244141 0.351562
vt 0.244141 0.348633
vt 0.248047 0.348633
vt 0.652344 0.750977
vt 0.648438 0.750977
vt 0.648438 0.753906
vt 0.652344 0.753906
vt 0.546875 0.421875
vt 0.547852 0.421875
vt 0.547852 0.422852
vt 0.546875 0.422852
vt 0.578125 0.791992
vt 0.579102 0.791992
vt 0.579102 0.792969
vt 0.578125 0.792969
vt 0.580078 0.469727
vt 0.581055 0.469727
vt 0.581055 0.470703
vt 0.580078 0.470703
vt 0.581055 0.755859
vt 0.582031 0.755859
vt 0.582031 0.756836
vt 0.581055 0.756836
vt 0.584961 0.490234
vt 0.583984 0.490234
vt 0.583984 0.489258
vt 0.584961 0.489258
vt 0.328125 0.412109
vt 0.327148 0.412109
vt 0.327148 0.413086
vt 0.328125 0.413086
vt 0.392578 0.438477
vt 0.393555 0.438477
vt 0.393555 0.439453
vt 0.392578 0.439453
vt 0.561523 0.627930
vt 0.562500 0.627930
vt 0.562500 0.628906
vt 0.561523 0.628906
vt 0.566406 0.871094
vt 0.567383 0.871094
vt 0.567383 0.872070
vt 0.566406 0.872070
vt 0.569336 0.479492
vt 0.570312 0.479492
vt 0.570312 0.480469
vt 0.569336 0.480469
vt 0.477539 0.428711
vt 0.476562 0.428711
vt 0.476562 0.427734
vt 0.477539 0.427734
vt 0.572266 0.467773
vt 0.571289 0.467773
vt 0.571289 0.468750
vt 0.572266 0.468750
vt 0.646484 0.392578
vt 0.658203 0.392578
vt 0.658203 0.393555
vt 0.646484 0.393555
vt 0.462891 0.659180
vt 0.468750 0.659180
vt 0.468750 0.660156
vt 0.462891 0.660156
vt 0.647461 0.991211
vt 0.659180 0.991211
vt 0.659180 0.992188
vt 0.647461 0.992188
vt 0.467773 0.538086
vt 0.473633 0.538086
vt 0.473633 0.539062
vt 0.467773 0.539062
vt 0.509766 0.661133
vt 0.498047 0.661133
vt 0.498047 0.655273
vt 0.509766 0.655273
vt 0.509766 0.581055
vt 0.498047 0.581055
vt 0.498047 0.586914
vt 0.509766 0.586914
vt 0.710938 0.860352
vt 0.711914 0.860352
vt 0.711914 0.861328
vt 0.710938 0.861328
vt 0.699219 0.608398
vt 0.703125 0.608398
vt 0.703125 0.609375
vt 0.699219 0.609375
vt 0.710938 0.858398
vt 0.711914 0.858398
vt 0.711914 0.859375
vt 0.710938 0.859375
vt 0.699219 0.606445
vt 0.703125 0.606445
vt 0.703125 0.607422
vt 0.699219 0.607422
vt 0.374023 0.300781
vt 0.373047 0.300781
vt 0.373047 0.296875
vt 0.374023 0.296875
vt 0.700195 0.601562
vt 0.699219 0.601562
vt 0.699219 0.605469
vt 0.700195 0.605469
vt 0.109375 0.328125
vt 0.112305 0.328125
vt 0.112305 0.331055
vt 0.109375 0.331055
vt 0.159180 0.361328
vt 0.161133 0.361328
vt 0.161133 0.364258
vt 0.159180 0.364258
vt 0.113281 0.328125
vt 0.116211 0.328125
vt 0.116211 0.331055
vt 0.113281 0.331055
vt 0.553711 0.361328
vt 0.555664 0.361328
vt 0.555664 0.364258
vt 0.553711 0.364258
vt 0.422852 0.346680
vt 0.419922 0.346680
vt 0.419922 0.344727
vt 0.422852 0.344727
vt 0.206055 0.343750
vt 0.203125 0.343750
vt 0.203125 0.345703
vt 0.206055 0.345703
vt 0.399414 0.506836
vt 0.408203 0.506836
vt 0.408203 0.511719
vt 0.399414 0.511719
vt 0.488281 0.575195
vt 0.503906 0.575195
vt 0.503906 0.580078
vt 0.488281 0.580078
vt 0.562500 0.850586
vt 0.571289 0.850586
vt 0.571289 0.855469
vt 0.562500 0.855469
vt 0.094727 0.503906
vt 0.110352 0.503906
vt 0.110352 0.508789
vt 0.094727 0.508789
vt 0.285156 0.580078
vt 0.276367 0.580078
vt 0.276367 0.564453
vt 0.285156 0.564453
vt 0.322266 0.562500
vt 0.313477 0.562500
vt 0.313477 0.578125
vt 0.322266 0.578125
vt 0.203125 0.535156
vt 0.214844 0.535156
vt 0.214844 0.536133
vt 0.203125 0.536133
vt 0.421875 0.988281
vt 0.541016 0.988281
vt 0.541016 0.989258
vt 0.421875 0.989258
vt 0.244141 0.522461
vt 0.255859 0.522461
vt 0.255859 0.523438
vt 0.244141 0.523438
vt 0.422852 0.604492
vt 0.541992 0.604492
vt 0.541992 0.605469
vt 0.422852 0.605469
vt 0.136719 0.972656
vt 0.125000 0.972656
vt 0.125000 0.853516
vt 0.136719 0.853516
vt 0.149414 0.853516
vt 0.137695 0.853516
vt 0.137695 0.972656
vt 0.149414 0.972656
vt 0.255859 0.308594
vt 0.257812 0.308594
vt 0.257812 0.311523
vt 0.255859 0.311523
vt 0.081055 0.384766
vt 0.089844 0.384766
vt 0.089844 0.387695
vt 0.081055 0.387695
vt 0.258789 0.308594
vt 0.260742 0.308594
vt 0.260742 0.311523
vt 0.258789 0.311523
vt 0.090820 0.384766
vt 0.099609 0.384766
vt 0.099609 0.387695
vt 0.090820 0.387695
vt 0.293945 0.452148
vt 0.291992 0.452148
vt 0.291992 0.443359
vt 0.293945 0.443359
vt 0.322266 0.443359
vt 0.320312 0.443359
vt 0.320312 0.452148
vt 0.322266 0.452148
vt 0.687500 0.931641
vt 0.689453 0.931641
vt 0.689453 0.934570
vt 0.687500 0.934570
vt 0.611328 0.430664
vt 0.620117 0.430664
vt 0.620117 0.433594
vt 0.611328 0.433594
vt 0.687500 0.854492
vt 0.689453 0.854492
vt 0.689453 0.857422
vt 0.687500 0.857422
vt 0.612305 0.942383
vt 0.621094 0.942383
vt 0.621094 0.945312
vt 0.612305 0.945312
vt 0.340820 0.494141
vt 0.338867 0.494141
vt 0.338867 0.485352
vt 0.340820 0.485352
vt 0.330078 0.447266
vt 0.328125 0.447266
vt 0.328125 0.456055
vt 0.330078 0.456055
vt 0.625000 0.586914
vt 0.629883 0.586914
vt 0.629883 0.590820
vt 0.625000 0.590820
vt 0.402344 0.348633
vt 0.405273 0.348633
vt 0.405273 0.352539
vt 0.402344 0.352539
vt 0.625000 0.563477
vt 0.629883 0.563477
vt 0.629883 0.567383
vt 0.625000 0.567383
vt 0.406250 0.348633
vt 0.409180 0.348633
vt 0.409180 0.352539
vt 0.406250 0.352539
vt 0.638672 0.682617
vt 0.633789 0.682617
vt 0.633789 0.679688
vt 0.638672 0.679688
vt 0.639648 0.997070
vt 0.634766 0.997070
vt 0.634766 1.000000
vt 0.639648 1.000000
vt 0.588867 0.630859
vt 0.589844 0.630859
vt 0.589844 0.631836
vt 0.588867 0.631836
vt 0.565430 0.939453
vt 0.568359 0.939453
vt 0.568359 0.940430
vt 0.565430 0.940430
vt 0.588867 0.452148
vt 0.589844 0.452148
vt 0.589844 0.453125
vt 0.588867 0.453125
vt 0.207031 0.429688
vt 0.209961 0.429688
vt 0.209961 0.430664
vt 0.207031 0.430664
vt 0.428711 0.361328
vt 0.427734 0.361328
vt 0.427734 0.358398
vt 0.428711 0.358398
vt 0.387695 0.343750
vt 0.386719 0.343750
vt 0.386719 0.346680
vt 0.387695 0.346680
vt 0.067383 0.640625
vt 0.072266 0.640625
vt 0.072266 0.644531
vt 0.067383 0.644531
vt 0.495117 0.897461
vt 0.498047 0.897461
vt 0.498047 0.901367
vt 0.495117 0.901367
vt 0.469727 0.615234
vt 0.474609 0.615234
vt 0.474609 0.619141
vt 0.469727 0.619141
vt 0.537109 0.810547
vt 0.540039 0.810547
vt 0.540039 0.814453
vt 0.537109 0.814453
vt 0.447266 0.938477
vt 0.442383 0.938477
vt 0.442383 0.935547
vt 0.447266 0.935547
vt 0.582031 0.504883
vt 0.577148 0.504883
vt 0.577148 0.507812
vt 0.582031 0.507812
vt 0.532227 0.968750
vt 0.542969 0.968750
vt 0.542969 0.973633
vt 0.532227 0.973633
vt 0.493164 0.891602
vt 0.508789 0.891602
vt 0.508789 0.896484
vt 0.493164 0.896484
vt 0.534180 0.584961
vt 0.544922 0.584961
vt 0.544922 0.589844
vt 0.534180 0.589844
vt 0.493164 0.865234
vt 0.508789 0.865234
vt 0.508789 0.870117
vt 0.493164 0.870117
vt 0.168945 0.601562
vt 0.158203 0.601562
vt 0.158203 0.585938
vt 0.168945 0.585938
vt 0.180664 0.585938
vt 0.169922 0.585938
vt 0.169922 0.601562
vt 0.180664 0.601562
vt 0.547852 0.765625
vt 0.559570 0.765625
vt 0.559570 0.766602
vt 0.547852 0.766602
vt 0.424805 0.833008
vt 0.543945 0.833008
vt 0.543945 0.833984
vt 0.424805 0.833984
vt 0.646484 0.394531
vt 0.658203 0.394531
vt 0.658203 0.395508
vt 0.646484 0.395508
vt 0.424805 0.705078
vt 0.543945 0.705078
vt 0.543945 0.706055
vt 0.424805 0.706055
vt 0.136719 0.852539
vt 0.125000 0.852539
vt 0.125000 0.733398
vt 0.136719 0.733398
vt 0.149414 0.733398
vt 0.137695 0.733398
vt 0.137695 0.852539
vt 0.149414 0.852539
vt 0.124023 0.635742
vt 0.134766 0.635742
vt 0.134766 0.638672
vt 0.124023 0.638672
vt 0.376953 0.790039
vt 0.408203 0.790039
vt 0.408203 0.792969
vt 0.376953 0.792969
vt 0.595703 0.730469
vt 0.606445 0.730469
vt 0.606445 0.733398
vt 0.595703 0.733398
vt 0.464844 0.739258
vt 0.496094 0.739258
vt 0.496094 0.742188
vt 0.464844 0.742188
vt 0.077148 0.699219
vt 0.066406 0.699219
vt 0.066406 0.667969
vt 0.077148 0.667969
vt 0.130859 0.666016
vt 0.120117 0.666016
vt 0.120117 0.697266
vt 0.130859 0.697266
vt 0.189453 0.513672
vt 0.200195 0.513672
vt 0.200195 0.517578
vt 0.189453 0.517578
vt 0.367188 0.870117
vt 0.419922 0.870117
vt 0.419922 0.874023
vt 0.367188 0.874023
vt 0.563477 0.588867
vt 0.574219 0.588867
vt 0.574219 0.592773
vt 0.563477 0.592773
vt 0.355469 0.625977
vt 0.408203 0.625977
vt 0.408203 0.629883
vt 0.355469 0.629883
vt 0.161133 0.755859
vt 0.150391 0.755859
vt 0.150391 0.703125
vt 0.161133 0.703125
vt 0.172852 0.703125
vt 0.162109 0.703125
vt 0.162109 0.755859
vt 0.172852 0.755859
vt 0.215820 0.588867
vt 0.216797 0.588867
vt 0.216797 0.589844
vt 0.215820 0.589844
vt 0.121094 0.732422
vt 0.124023 0.732422
vt 0.124023 0.733398
vt 0.121094 0.733398
vt 0.172852 0.541016
vt 0.173828 0.541016
vt 0.173828 0.541992
vt 0.172852 0.541992
vt 0.131836 0.666016
vt 0.134766 0.666016
vt 0.134766 0.666992
vt 0.131836 0.666992
vt 0.299805 0.759766
vt 0.298828 0.759766
vt 0.298828 0.756836
vt 0.299805 0.756836
vt 0.351562 0.579102
vt 0.350586 0.579102
vt 0.350586 0.582031
vt 0.351562 0.582031
vt 0.601562 0.613281
vt 0.608398 0.613281
vt 0.608398 0.617188
vt 0.601562 0.617188
vt 0.537109 0.866211
vt 0.541016 0.866211
vt 0.541016 0.870117
vt 0.537109 0.870117
vt 0.601562 0.525391
vt 0.608398 0.525391
vt 0.608398 0.529297
vt 0.601562 0.529297
vt 0.630859 0.448242
vt 0.634766 0.448242
vt 0.634766 0.452148
vt 0.630859 0.452148
vt 0.608398 0.476562
vt 0.601562 0.476562
vt 0.601562 0.472656
vt 0.608398 0.472656
vt 0.610352 0.956055
vt 0.603516 0.956055
vt 0.603516 0.959961
vt 0.610352 0.959961
vt 0.490234 0.828125
vt 0.497070 0.828125
vt 0.497070 0.832031
vt 0.490234 0.832031
vt 0.313477 0.647461
vt 0.317383 0.647461
vt 0.317383 0.651367
vt 0.313477 0.651367
vt 0.233398 0.484375
vt 0.240234 0.484375
vt 0.240234 0.488281
vt 0.233398 0.488281
vt 0.505859 0.662109
vt 0.509766 0.662109
vt 0.509766 0.666016
vt 0.505859 0.666016
vt 0.540039 0.733398
vt 0.533203 0.733398
vt 0.533203 0.729492
vt 0.540039 0.729492
vt 0.155273 0.424805
vt 0.148438 0.424805
vt 0.148438 0.428711
vt 0.155273 0.428711
vt 0.491211 0.473633
vt 0.495117 0.473633
vt 0.495117 0.476562
vt 0.491211 0.476562
vt 0.064453 0.664062
vt 0.072266 0.664062
vt 0.072266 0.666992
vt 0.064453 0.666992
vt 0.506836 0.465820
vt 0.510742 0.465820
vt 0.510742 0.468750
vt 0.506836 0.468750
vt 0.613281 0.883789
vt 0.621094 0.883789
vt 0.621094 0.886719
vt 0.613281 0.886719
vt 0.087891 0.436523
vt 0.083984 0.436523
vt 0.083984 0.428711
vt 0.087891 0.428711
vt 0.603516 0.483398
vt 0.599609 0.483398
vt 0.599609 0.491211
vt 0.603516 0.491211
vt 0.360352 0.339844
vt 0.370117 0.339844
vt 0.370117 0.340820
vt 0.360352 0.340820
vt 0.709961 0.342773
vt 0.710938 0.342773
vt 0.710938 0.343750
vt 0.709961 0.343750
vt 0.371094 0.339844
vt 0.380859 0.339844
vt 0.380859 0.340820
vt 0.371094 0.340820
vt 0.709961 0.340820
vt 0.710938 0.340820
vt 0.710938 0.341797
vt 0.709961 0.341797
vt 0.481445 0.340820
vt 0.471680 0.340820
vt 0.471680 0.339844
vt 0.481445 0.339844
vt 0.522461 0.339844
vt 0.512695 0.339844
vt 0.512695 0.340820
vt 0.522461 0.340820
vt 0.679688 0.337891
vt 0.687500 0.337891
vt 0.687500 0.338867
vt 0.679688 0.338867
vt 0.701172 0.482422
vt 0.704102 0.482422
vt 0.704102 0.483398
vt 0.701172 0.483398
vt 0.679688 0.335938
vt 0.687500 0.335938
vt 0.687500 0.336914
vt 0.679688 0.336914
vt 0.701172 0.480469
vt 0.704102 0.480469
vt 0.704102 0.481445
vt 0.701172 0.481445
vt 0.625977 0.687500
vt 0.618164 0.687500
vt 0.618164 0.684570
vt 0.625977 0.684570
vt 0.418945 0.378906
vt 0.411133 0.378906
vt 0.411133 0.381836
vt 0.418945 0.381836
vt 0.317383 0.339844
vt 0.327148 0.339844
vt 0.327148 0.340820
vt 0.317383 0.340820
vt 0.709961 0.346680
vt 0.710938 0.346680
vt 0.710938 0.347656
vt 0.709961 0.347656
vt 0.328125 0.339844
vt 0.337891 0.339844
vt 0.337891 0.340820
vt 0.328125 0.340820
vt 0.709961 0.344727
vt 0.710938 0.344727
vt 0.710938 0.345703
vt 0.709961 0.345703
vt 0.348633 0.340820
vt 0.338867 0.340820
vt 0.338867 0.339844
vt 0.348633 0.339844
vt 0.359375 0.339844
vt 0.349609 0.339844
vt 0.349609 0.340820
vt 0.359375 0.340820
vt 0.679688 0.341797
vt 0.687500 0.341797
vt 0.687500 0.342773
vt 0.679688 0.342773
vt 0.701172 0.488281
vt 0.704102 0.488281
vt 0.704102 0.489258
vt 0.701172 0.489258
vt 0.679688 0.339844
vt 0.687500 0.339844
vt 0.687500 0.340820
vt 0.679688 0.340820
vt 0.701172 0.486328
vt 0.704102 0.486328
vt 0.704102 0.487305
vt 0.701172 0.487305
vt 0.625977 0.711914
vt 0.618164 0.711914
vt 0.618164 0.708984
vt 0.625977 0.708984
vt 0.625977 0.698242
vt 0.618164 0.698242
vt 0.618164 0.701172
vt 0.625977 0.701172
vt 0.186523 0.339844
vt 0.196289 0.339844
vt 0.196289 0.340820
vt 0.186523 0.340820
vt 0.650391 0.289062
vt 0.651367 0.289062
vt 0.651367 0.290039
vt 0.650391 0.290039
vt 0.200195 0.339844
vt 0.209961 0.339844
vt 0.209961 0.340820
vt 0.200195 0.340820
vt 0.709961 0.348633
vt 0.710938 0.348633
vt 0.710938 0.349609
vt 0.709961 0.349609
vt 0.259766 0.340820
vt 0.250000 0.340820
vt 0.250000 0.339844
vt 0.259766 0.339844
vt 0.668945 0.708984
vt 0.659180 0.708984
vt 0.659180 0.709961
vt 0.668945 0.709961
vt 0.679688 0.356445
vt 0.687500 0.356445
vt 0.687500 0.357422
vt 0.679688 0.357422
vt 0.701172 0.500000
vt 0.704102 0.500000
vt 0.704102 0.500977
vt 0.701172 0.500977
vt 0.679688 0.354492
vt 0.687500 0.354492
vt 0.687500 0.355469
vt 0.679688 0.355469
vt 0.701172 0.498047
vt 0.704102 0.498047
vt 0.704102 0.499023
vt 0.701172 0.499023
vt 0.625977 0.760742
vt 0.618164 0.760742
vt 0.618164 0.757812
vt 0.625977 0.757812
vt 0.625977 0.744141
vt 0.618164 0.744141
vt 0.618164 0.747070
vt 0.625977 0.747070
vt 0.069336 0.339844
vt 0.079102 0.339844
vt 0.079102 0.340820
vt 0.069336 0.340820
vt 0.709961 0.352539
vt 0.710938 0.352539
vt 0.710938 0.353516
vt 0.709961 0.353516
vt 0.105469 0.339844
vt 0.115234 0.339844
vt 0.115234 0.340820
vt 0.105469 0.340820
vt 0.709961 0.350586
vt 0.710938 0.350586
vt 0.710938 0.351562
vt 0.709961 0.351562
vt 0.140625 0.340820
vt 0.130859 0.340820
vt 0.130859 0.339844
vt 0.140625 0.339844
vt 0.171875 0.339844
vt 0.162109 0.339844
vt 0.162109 0.340820
vt 0.171875 0.340820
vt 0.679688 0.377930
vt 0.687500 0.377930
vt 0.687500 0.378906
vt 0.679688 0.378906
vt 0.701172 0.509766
vt 0.704102 0.509766
vt 0.704102 0.510742
vt 0.701172 0.510742
vt 0.625000 0.319336
vt 0.632812 0.319336
vt 0.632812 0.320312
vt 0.625000 0.320312
vt 0.701172 0.507812
vt 0.704102 0.507812
vt 0.704102 0.508789
vt 0.701172 0.508789
vt 0.197266 0.381836
vt 0.189453 0.381836
vt 0.189453 0.378906
vt 0.197266 0.378906
vt 0.625977 0.761719
vt 0.618164 0.761719
vt 0.618164 0.764648
vt 0.625977 0.764648
vt 0.702148 0.957031
vt 0.703125 0.957031
vt 0.703125 0.959961
vt 0.702148 0.959961
vt 0.687500 0.819336
vt 0.689453 0.819336
vt 0.689453 0.822266
vt 0.687500 0.822266
vt 0.043945 0.294922
vt 0.044922 0.294922
vt 0.044922 0.297852
vt 0.043945 0.297852
vt 0.687500 0.802734
vt 0.689453 0.802734
vt 0.689453 0.805664
vt 0.687500 0.805664
vt 0.065430 0.375000
vt 0.064453 0.375000
vt 0.064453 0.373047
vt 0.065430 0.373047
vt 0.365234 0.369141
vt 0.364258 0.369141
vt 0.364258 0.371094
vt 0.365234 0.371094
vt 0.632812 0.431641
vt 0.647461 0.431641
vt 0.647461 0.432617
vt 0.632812 0.432617
vt 0.436523 0.447266
vt 0.439453 0.447266
vt 0.439453 0.448242
vt 0.436523 0.448242
vt 0.632812 0.416992
vt 0.647461 0.416992
vt 0.647461 0.417969
vt 0.632812 0.417969
vt 0.560547 0.441406
vt 0.563477 0.441406
vt 0.563477 0.442383
vt 0.560547 0.442383
vt 0.576172 0.507812
vt 0.561523 0.507812
vt 0.561523 0.504883
vt 0.576172 0.504883
vt 0.577148 0.800781
vt 0.562500 0.800781
vt 0.562500 0.803711
vt 0.577148 0.803711
vt 0.633789 0.756836
vt 0.648438 0.756836
vt 0.648438 0.757812
vt 0.633789 0.757812
vt 0.701172 0.464844
vt 0.704102 0.464844
vt 0.704102 0.465820
vt 0.701172 0.465820
vt 0.633789 0.754883
vt 0.648438 0.754883
vt 0.648438 0.755859
vt 0.633789 0.755859
vt 0.701172 0.462891
vt 0.704102 0.462891
vt 0.704102 0.463867
vt 0.701172 0.463867
vt 0.577148 0.639648
vt 0.562500 0.639648
vt 0.562500 0.636719
vt 0.577148 0.636719
vt 0.577148 0.576172
vt 0.562500 0.576172
vt 0.562500 0.579102
vt 0.577148 0.579102
vt 0.290039 0.555664
vt 0.291992 0.555664
vt 0.291992 0.557617
vt 0.290039 0.557617
vt 0.355469 0.925781
vt 0.465820 0.925781
vt 0.465820 0.927734
vt 0.355469 0.927734
vt 0.466797 0.925781
vt 0.468750 0.925781
vt 0.468750 0.927734
vt 0.466797 0.927734
vt 0.362305 0.709961
vt 0.472656 0.709961
vt 0.472656 0.711914
vt 0.362305 0.711914
vt 0.242188 0.658203
vt 0.240234 0.658203
vt 0.240234 0.547852
vt 0.242188 0.547852
vt 0.245117 0.547852
vt 0.243164 0.547852
vt 0.243164 0.658203
vt 0.245117 0.658203
vt 0.699219 0.654297
vt 0.701172 0.654297
vt 0.701172 0.656250
vt 0.699219 0.656250
vt 0.366211 0.643555
vt 0.476562 0.643555
vt 0.476562 0.645508
vt 0.366211 0.645508
vt 0.699219 0.649414
vt 0.701172 0.649414
vt 0.701172 0.651367
vt 0.699219 0.651367
vt 0.366211 0.640625
vt 0.476562 0.640625
vt 0.476562 0.642578
vt 0.366211 0.642578
vt 0.294922 0.644531
vt 0.292969 0.644531
vt 0.292969 0.534180
vt 0.294922 0.534180
vt 0.191406 0.533203
vt 0.189453 0.533203
vt 0.189453 0.643555
vt 0.191406 0.643555
vt 0.619141 0.568359
vt 0.630859 0.568359
vt 0.630859 0.570312
vt 0.619141 0.570312
vt 0.366211 0.637695
vt 0.476562 0.637695
vt 0.476562 0.639648
vt 0.366211 0.639648
vt 0.619141 0.559570
vt 0.630859 0.559570
vt 0.630859 0.561523
vt 0.619141 0.561523
vt 0.367188 0.875000
vt 0.477539 0.875000
vt 0.477539 0.876953
vt 0.367188 0.876953
vt 0.187500 0.898438
vt 0.175781 0.898438
vt 0.175781 0.788086
vt 0.187500 0.788086
vt 0.200195 0.788086
vt 0.188477 0.788086
vt 0.188477 0.898438
vt 0.200195 0.898438
vt 0.396484 0.800781
vt 0.408203 0.800781
vt 0.408203 0.802734
vt 0.396484 0.802734
vt 0.328125 0.787109
vt 0.438477 0.787109
vt 0.438477 0.789062
vt 0.328125 0.789062
vt 0.501953 0.689453
vt 0.513672 0.689453
vt 0.513672 0.691406
vt 0.501953 0.691406
vt 0.346680 0.877930
vt 0.457031 0.877930
vt 0.457031 0.879883
vt 0.346680 0.879883
vt 0.162109 0.898438
vt 0.150391 0.898438
vt 0.150391 0.788086
vt 0.162109 0.788086
vt 0.174805 0.788086
vt 0.163086 0.788086
vt 0.163086 0.898438
vt 0.174805 0.898438
vt 0.538086 0.554688
vt 0.548828 0.554688
vt 0.548828 0.559570
vt 0.538086 0.559570
vt 0.415039 0.631836
vt 0.446289 0.631836
vt 0.446289 0.636719
vt 0.415039 0.636719
vt 0.539062 0.881836
vt 0.549805 0.881836
vt 0.549805 0.886719
vt 0.539062 0.886719
vt 0.416016 0.939453
vt 0.447266 0.939453
vt 0.447266 0.944336
vt 0.416016 0.944336
vt 0.196289 0.694336
vt 0.185547 0.694336
vt 0.185547 0.663086
vt 0.196289 0.663086
vt 0.208008 0.663086
vt 0.197266 0.663086
vt 0.197266 0.694336
vt 0.208008 0.694336
vt 0.597656 0.503906
vt 0.608398 0.503906
vt 0.608398 0.506836
vt 0.597656 0.506836
vt 0.467773 0.973633
vt 0.499023 0.973633
vt 0.499023 0.976562
vt 0.467773 0.976562
vt 0.598633 0.902344
vt 0.609375 0.902344
vt 0.609375 0.905273
vt 0.598633 0.905273
vt 0.468750 0.679688
vt 0.500000 0.679688
vt 0.500000 0.682617
vt 0.468750 0.682617
vt 0.172852 0.694336
vt 0.162109 0.694336
vt 0.162109 0.663086
vt 0.172852 0.663086
vt 0.184570 0.663086
vt 0.173828 0.663086
vt 0.173828 0.694336
vt 0.184570 0.694336
vt 0.569336 0.778320
vt 0.580078 0.778320
vt 0.580078 0.782227
vt 0.569336 0.782227
vt 0.371094 0.833008
vt 0.423828 0.833008
vt 0.423828 0.836914
vt 0.371094 0.836914
vt 0.569336 0.773438
vt 0.580078 0.773438
vt 0.580078 0.777344
vt 0.569336 0.777344
vt 0.371094 0.705078
vt 0.423828 0.705078
vt 0.423828 0.708984
vt 0.371094 0.708984
vt 0.184570 0.755859
vt 0.173828 0.755859
vt 0.173828 0.703125
vt 0.184570 0.703125
vt 0.196289 0.703125
vt 0.185547 0.703125
vt 0.185547 0.755859
vt 0.196289 0.755859
vt 0.569336 0.760742
vt 0.580078 0.760742
vt 0.580078 0.764648
vt 0.569336 0.764648
vt 0.603516 0.922852
vt 0.610352 0.922852
vt 0.610352 0.926758
vt 0.603516 0.926758
vt 0.569336 0.755859
vt 0.580078 0.755859
vt 0.580078 0.759766
vt 0.569336 0.759766
vt 0.603516 0.790039
vt 0.610352 0.790039
vt 0.610352 0.793945
vt 0.603516 0.793945
vt 0.508789 0.678711
vt 0.498047 0.678711
vt 0.498047 0.671875
vt 0.508789 0.671875
vt 0.340820 0.495117
vt 0.330078 0.495117
vt 0.330078 0.501953
vt 0.340820 0.501953
vt 0.058594 0.416992
vt 0.061523 0.416992
vt 0.061523 0.419922
vt 0.058594 0.419922
vt 0.254883 0.505859
vt 0.255859 0.505859
vt 0.255859 0.508789
vt 0.254883 0.508789
vt 0.208008 0.384766
vt 0.210938 0.384766
vt 0.210938 0.387695
vt 0.208008 0.387695
vt 0.500000 0.973633
vt 0.500977 0.973633
vt 0.500977 0.976562
vt 0.500000 0.976562
vt 0.024414 0.615234
vt 0.021484 0.615234
vt 0.021484 0.614258
vt 0.024414 0.614258
vt 0.441406 0.693359
vt 0.438477 0.693359
vt 0.438477 0.694336
vt 0.441406 0.694336
vt 0.548828 0.436523
vt 0.551758 0.436523
vt 0.551758 0.439453
vt 0.548828 0.439453
vt 0.163086 0.554688
vt 0.164062 0.554688
vt 0.164062 0.557617
vt 0.163086 0.557617
vt 0.478516 0.427734
vt 0.481445 0.427734
vt 0.481445 0.430664
vt 0.478516 0.430664
vt 0.101562 0.525391
vt 0.102539 0.525391
vt 0.102539 0.528320
vt 0.101562 0.528320
vt 0.261719 0.646484
vt 0.258789 0.646484
vt 0.258789 0.645508
vt 0.261719 0.645508
vt 0.320312 0.615234
vt 0.317383 0.615234
vt 0.317383 0.616211
vt 0.320312 0.616211
vt 0.246094 0.389648
vt 0.250000 0.389648
vt 0.250000 0.396484
vt 0.246094 0.396484
vt 0.296875 0.853516
vt 0.349609 0.853516
vt 0.349609 0.860352
vt 0.296875 0.860352
vt 0.250977 0.389648
vt 0.254883 0.389648
vt 0.254883 0.396484
vt 0.250977 0.396484
vt 0.162109 0.695312
vt 0.214844 0.695312
vt 0.214844 0.702148
vt 0.162109 0.702148
vt 0.225586 0.632812
vt 0.221680 0.632812
vt 0.221680 0.580078
vt 0.225586 0.580078
vt 0.230469 0.580078
vt 0.226562 0.580078
vt 0.226562 0.632812
vt 0.230469 0.632812
vt 0.027344 0.438477
vt 0.031250 0.438477
vt 0.031250 0.451172
vt 0.027344 0.451172
vt 0.035156 0.398438
vt 0.038086 0.398438
vt 0.038086 0.411133
vt 0.035156 0.411133
vt 0.032227 0.438477
vt 0.036133 0.438477
vt 0.036133 0.451172
vt 0.032227 0.451172
vt 0.039062 0.398438
vt 0.041992 0.398438
vt 0.041992 0.411133
vt 0.039062 0.411133
vt 0.456055 0.351562
vt 0.452148 0.351562
vt 0.452148 0.348633
vt 0.456055 0.348633
vt 0.652344 0.500000
vt 0.648438 0.500000
vt 0.648438 0.502930
vt 0.652344 0.502930
vt 0.127930 0.438477
vt 0.131836 0.438477
vt 0.131836 0.451172
vt 0.127930 0.451172
vt 0.071289 0.398438
vt 0.074219 0.398438
vt 0.074219 0.411133
vt 0.071289 0.411133
vt 0.283203 0.438477
vt 0.287109 0.438477
vt 0.287109 0.451172
vt 0.283203 0.451172
vt 0.075195 0.398438
vt 0.078125 0.398438
vt 0.078125 0.411133
vt 0.075195 0.411133
vt 0.517578 0.351562
vt 0.513672 0.351562
vt 0.513672 0.348633
vt 0.517578 0.348633
vt 0.652344 0.480469
vt 0.648438 0.480469
vt 0.648438 0.483398
vt 0.652344 0.483398
vt 0.702148 0.732422
vt 0.705078 0.732422
vt 0.705078 0.733398
vt 0.702148 0.733398
vt 0.013672 0.340820
vt 0.024414 0.340820
vt 0.024414 0.341797
vt 0.013672 0.341797
vt 0.702148 0.730469
vt 0.705078 0.730469
vt 0.705078 0.731445
vt 0.702148 0.731445
vt 0.025391 0.340820
vt 0.036133 0.340820
vt 0.036133 0.341797
vt 0.025391 0.341797
vt 0.190430 0.399414
vt 0.187500 0.399414
vt 0.187500 0.388672
vt 0.190430 0.388672
vt 0.194336 0.388672
vt 0.191406 0.388672
vt 0.191406 0.399414
vt 0.194336 0.399414
vt 0.300781 0.366211
vt 0.302734 0.366211
vt 0.302734 0.376953
vt 0.300781 0.376953
vt 0.307617 0.539062
vt 0.318359 0.539062
vt 0.318359 0.549805
vt 0.307617 0.549805
vt 0.332031 0.366211
vt 0.333984 0.366211
vt 0.333984 0.376953
vt 0.332031 0.376953
vt 0.117188 0.538086
vt 0.127930 0.538086
vt 0.127930 0.548828
vt 0.117188 0.548828
vt 0.500977 0.376953
vt 0.499023 0.376953
vt 0.499023 0.366211
vt 0.500977 0.366211
vt 0.503906 0.366211
vt 0.501953 0.366211
vt 0.501953 0.376953
vt 0.503906 0.376953
vt 0.270508 0.296875
vt 0.273438 0.296875
vt 0.273438 0.297852
vt 0.270508 0.297852
vt 0.658203 0.956055
vt 0.668945 0.956055
vt 0.668945 0.957031
vt 0.658203 0.957031
vt 0.702148 0.728516
vt 0.705078 0.728516
vt 0.705078 0.729492
vt 0.702148 0.729492
vt 0.658203 0.954102
vt 0.668945 0.954102
vt 0.668945 0.955078
vt 0.658203 0.955078
vt 0.198242 0.399414
vt 0.195312 0.399414
vt 0.195312 0.388672
vt 0.198242 0.388672
vt 0.210938 0.388672
vt 0.208008 0.388672
vt 0.208008 0.399414
vt 0.210938 0.399414
vt 0.394531 0.438477
vt 0.398438 0.438477
vt 0.398438 0.451172
vt 0.394531 0.451172
vt 0.079102 0.398438
vt 0.082031 0.398438
vt 0.082031 0.411133
vt 0.079102 0.411133
vt 0.468750 0.438477
vt 0.472656 0.438477
vt 0.472656 0.451172
vt 0.468750 0.451172
vt 0.083008 0.398438
vt 0.085938 0.398438
vt 0.085938 0.411133
vt 0.083008 0.411133
vt 0.522461 0.351562
vt 0.518555 0.351562
vt 0.518555 0.348633
vt 0.522461 0.348633
vt 0.527344 0.348633
vt 0.523438 0.348633
vt 0.523438 0.351562
vt 0.527344 0.351562
vt 0.037109 0.437500
vt 0.041016 0.437500
vt 0.041016 0.450195
vt 0.037109 0.450195
vt 0.086914 0.398438
vt 0.089844 0.398438
vt 0.089844 0.411133
vt 0.086914 0.411133
vt 0.041992 0.437500
vt 0.045898 0.437500
vt 0.045898 0.450195
vt 0.041992 0.450195
vt 0.090820 0.398438
vt 0.093750 0.398438
vt 0.093750 0.411133
vt 0.090820 0.411133
vt 0.532227 0.351562
vt 0.528320 0.351562
vt 0.528320 0.348633
vt 0.532227 0.348633
vt 0.542969 0.348633
vt 0.539062 0.348633
vt 0.539062 0.351562
vt 0.542969 0.351562
vt 0.078125 0.437500
vt 0.082031 0.437500
vt 0.082031 0.450195
vt 0.078125 0.450195
vt 0.094727 0.398438
vt 0.097656 0.398438
vt 0.097656 0.411133
vt 0.094727 0.411133
vt 0.083008 0.437500
vt 0.086914 0.437500
vt 0.086914 0.450195
vt 0.083008 0.450195
vt 0.098633 0.398438
vt 0.101562 0.398438
vt 0.101562 0.411133
vt 0.098633 0.411133
vt 0.652344 0.434570
vt 0.648438 0.434570
vt 0.648438 0.431641
vt 0.652344 0.431641
vt 0.587891 0.348633
vt 0.583984 0.348633
vt 0.583984 0.351562
vt 0.587891 0.351562
vt 0.557617 0.366211
vt 0.559570 0.366211
vt 0.559570 0.376953
vt 0.557617 0.376953
vt 0.451172 0.842773
vt 0.461914 0.842773
vt 0.461914 0.853516
vt 0.451172 0.853516
vt 0.560547 0.366211
vt 0.562500 0.366211
vt 0.562500 0.376953
vt 0.560547 0.376953
vt 0.362305 0.538086
vt 0.373047 0.538086
vt 0.373047 0.548828
vt 0.362305 0.548828
vt 0.565430 0.376953
vt 0.563477 0.376953
vt 0.563477 0.366211
vt 0.565430 0.366211
vt 0.568359 0.366211
vt 0.566406 0.366211
vt 0.566406 0.376953
vt 0.568359 0.376953
vt 0.121094 0.437500
vt 0.125000 0.437500
vt 0.125000 0.450195
vt 0.121094 0.450195
vt 0.102539 0.398438
vt 0.105469 0.398438
vt 0.105469 0.411133
vt 0.102539 0.411133
vt 0.163086 0.437500
vt 0.166992 0.437500
vt 0.166992 0.450195
vt 0.163086 0.450195
vt 0.106445 0.398438
vt 0.109375 0.398438
vt 0.109375 0.411133
vt 0.106445 0.411133
vt 0.598633 0.351562
vt 0.594727 0.351562
vt 0.594727 0.348633
vt 0.598633 0.348633
vt 0.603516 0.348633
vt 0.599609 0.348633
vt 0.599609 0.351562
vt 0.603516 0.351562
vt 0.255859 0.427734
vt 0.259766 0.427734
vt 0.259766 0.439453
vt 0.255859 0.439453
vt 0.451172 0.399414
vt 0.454102 0.399414
vt 0.454102 0.411133
vt 0.451172 0.411133
vt 0.260742 0.427734
vt 0.264648 0.427734
vt 0.264648 0.439453
vt 0.260742 0.439453
vt 0.455078 0.399414
vt 0.458008 0.399414
vt 0.458008 0.411133
vt 0.455078 0.411133
vt 0.263672 0.351562
vt 0.259766 0.351562
vt 0.259766 0.348633
vt 0.263672 0.348633
vt 0.304688 0.348633
vt 0.300781 0.348633
vt 0.300781 0.351562
vt 0.304688 0.351562
vt 0.254883 0.576172
vt 0.256836 0.576172
vt 0.256836 0.585938
vt 0.254883 0.585938
vt 0.550781 0.457031
vt 0.555664 0.457031
vt 0.555664 0.466797
vt 0.550781 0.466797
vt 0.127930 0.452148
vt 0.129883 0.452148
vt 0.129883 0.461914
vt 0.127930 0.461914
vt 0.000000 0.438477
vt 0.004883 0.438477
vt 0.004883 0.448242
vt 0.000000 0.448242
vt 0.666016 0.564453
vt 0.664062 0.564453
vt 0.664062 0.559570
vt 0.666016 0.559570
vt 0.666016 0.549805
vt 0.664062 0.549805
vt 0.664062 0.554688
vt 0.666016 0.554688
vt 0.709961 0.961914
vt 0.711914 0.961914
vt 0.711914 0.962891
vt 0.709961 0.962891
vt 0.693359 0.701172
vt 0.698242 0.701172
vt 0.698242 0.702148
vt 0.693359 0.702148
vt 0.709961 0.959961
vt 0.711914 0.959961
vt 0.711914 0.960938
vt 0.709961 0.960938
vt 0.338867 0.305664
vt 0.343750 0.305664
vt 0.343750 0.306641
vt 0.338867 0.306641
vt 0.249023 0.335938
vt 0.247070 0.335938
vt 0.247070 0.331055
vt 0.249023 0.331055
vt 0.274414 0.331055
vt 0.272461 0.331055
vt 0.272461 0.335938
vt 0.274414 0.335938
vt 0.294922 0.443359
vt 0.298828 0.443359
vt 0.298828 0.456055
vt 0.294922 0.456055
vt 0.067383 0.403320
vt 0.070312 0.403320
vt 0.070312 0.416016
vt 0.067383 0.416016
vt 0.306641 0.443359
vt 0.310547 0.443359
vt 0.310547 0.456055
vt 0.306641 0.456055
vt 0.180664 0.402344
vt 0.183594 0.402344
vt 0.183594 0.415039
vt 0.180664 0.415039
vt 0.651367 0.620117
vt 0.647461 0.620117
vt 0.647461 0.617188
vt 0.651367 0.617188
vt 0.651367 0.609375
vt 0.647461 0.609375
vt 0.647461 0.612305
vt 0.651367 0.612305
vt 0.410156 0.402344
vt 0.413086 0.402344
vt 0.413086 0.415039
vt 0.410156 0.415039
vt 0.557617 0.402344
vt 0.560547 0.402344
vt 0.560547 0.415039
vt 0.557617 0.415039
vt 0.166992 0.401367
vt 0.169922 0.401367
vt 0.169922 0.414062
vt 0.166992 0.414062
vt 0.482422 0.401367
vt 0.485352 0.401367
vt 0.485352 0.414062
vt 0.482422 0.414062
vt 0.162109 0.331055
vt 0.159180 0.331055
vt 0.159180 0.328125
vt 0.162109 0.328125
vt 0.166016 0.328125
vt 0.163086 0.328125
vt 0.163086 0.331055
vt 0.166016 0.331055
vt 0.701172 0.416992
vt 0.704102 0.416992
vt 0.704102 0.417969
vt 0.701172 0.417969
vt 0.657227 0.694336
vt 0.667969 0.694336
vt 0.667969 0.695312
vt 0.657227 0.695312
vt 0.701172 0.397461
vt 0.704102 0.397461
vt 0.704102 0.398438
vt 0.701172 0.398438
vt 0.318359 0.341797
vt 0.329102 0.341797
vt 0.329102 0.342773
vt 0.318359 0.342773
vt 0.262695 0.401367
vt 0.259766 0.401367
vt 0.259766 0.390625
vt 0.262695 0.390625
vt 0.266602 0.390625
vt 0.263672 0.390625
vt 0.263672 0.401367
vt 0.266602 0.401367
vt 0.116211 0.367188
vt 0.118164 0.367188
vt 0.118164 0.377930
vt 0.116211 0.377930
vt 0.044922 0.544922
vt 0.055664 0.544922
vt 0.055664 0.555664
vt 0.044922 0.555664
vt 0.133789 0.367188
vt 0.135742 0.367188
vt 0.135742 0.377930
vt 0.133789 0.377930
vt 0.056641 0.544922
vt 0.067383 0.544922
vt 0.067383 0.555664
vt 0.056641 0.555664
vt 0.138672 0.377930
vt 0.136719 0.377930
vt 0.136719 0.367188
vt 0.138672 0.367188
vt 0.141602 0.367188
vt 0.139648 0.367188
vt 0.139648 0.377930
vt 0.141602 0.377930
vt 0.486328 0.401367
vt 0.489258 0.401367
vt 0.489258 0.414062
vt 0.486328 0.414062
vt 0.528320 0.401367
vt 0.531250 0.401367
vt 0.531250 0.414062
vt 0.528320 0.414062
vt 0.532227 0.401367
vt 0.535156 0.401367
vt 0.535156 0.414062
vt 0.532227 0.414062
vt 0.586914 0.875000
vt 0.589844 0.875000
vt 0.589844 0.887695
vt 0.586914 0.887695
vt 0.671875 0.829102
vt 0.668945 0.829102
vt 0.668945 0.826172
vt 0.671875 0.826172
vt 0.671875 0.822266
vt 0.668945 0.822266
vt 0.668945 0.825195
vt 0.671875 0.825195
vt 0.142578 0.367188
vt 0.144531 0.367188
vt 0.144531 0.377930
vt 0.142578 0.377930
vt 0.444336 0.808594
vt 0.455078 0.808594
vt 0.455078 0.819336
vt 0.444336 0.819336
vt 0.145508 0.367188
vt 0.147461 0.367188
vt 0.147461 0.377930
vt 0.145508 0.377930
vt 0.000000 0.543945
vt 0.010742 0.543945
vt 0.010742 0.554688
vt 0.000000 0.554688
vt 0.150391 0.377930
vt 0.148438 0.377930
vt 0.148438 0.367188
vt 0.150391 0.367188
vt 0.190430 0.367188
vt 0.188477 0.367188
vt 0.188477 0.377930
vt 0.190430 0.377930
vt 0.701172 0.378906
vt 0.704102 0.378906
vt 0.704102 0.379883
vt 0.701172 0.379883
vt 0.330078 0.341797
vt 0.340820 0.341797
vt 0.340820 0.342773
vt 0.330078 0.342773
vt 0.701172 0.363281
vt 0.704102 0.363281
vt 0.704102 0.364258
vt 0.701172 0.364258
vt 0.341797 0.341797
vt 0.352539 0.341797
vt 0.352539 0.342773
vt 0.341797 0.342773
vt 0.330078 0.401367
vt 0.327148 0.401367
vt 0.327148 0.390625
vt 0.330078 0.390625
vt 0.333984 0.390625
vt 0.331055 0.390625
vt 0.331055 0.401367
vt 0.333984 0.401367
vt 0.701172 0.298828
vt 0.704102 0.298828
vt 0.704102 0.299805
vt 0.701172 0.299805
vt 0.657227 0.631836
vt 0.667969 0.631836
vt 0.667969 0.632812
vt 0.657227 0.632812
vt 0.702148 0.999023
vt 0.705078 0.999023
vt 0.705078 1.000000
vt 0.702148 1.000000
vt 0.376953 0.341797
vt 0.387695 0.341797
vt 0.387695 0.342773
vt 0.376953 0.342773
vt 0.560547 0.401367
vt 0.557617 0.401367
vt 0.557617 0.390625
vt 0.560547 0.390625
vt 0.169922 0.389648
vt 0.166992 0.389648
vt 0.166992 0.400391
vt 0.169922 0.400391
vt 0.323242 0.443359
vt 0.327148 0.443359
vt 0.327148 0.456055
vt 0.323242 0.456055
vt 0.586914 0.861328
vt 0.589844 0.861328
vt 0.589844 0.874023
vt 0.586914 0.874023
vt 0.274414 0.441406
vt 0.278320 0.441406
vt 0.278320 0.454102
vt 0.274414 0.454102
vt 0.319336 0.400391
vt 0.322266 0.400391
vt 0.322266 0.413086
vt 0.319336 0.413086
vt 0.651367 0.562500
vt 0.647461 0.562500
vt 0.647461 0.559570
vt 0.651367 0.559570
vt 0.651367 0.549805
vt 0.647461 0.549805
vt 0.647461 0.552734
vt 0.651367 0.552734
vt 0.701172 0.338867
vt 0.704102 0.338867
vt 0.704102 0.339844
vt 0.701172 0.339844
vt 0.353516 0.341797
vt 0.364258 0.341797
vt 0.364258 0.342773
vt 0.353516 0.342773
vt 0.701172 0.322266
vt 0.704102 0.322266
vt 0.704102 0.323242
vt 0.701172 0.323242
vt 0.365234 0.341797
vt 0.375977 0.341797
vt 0.375977 0.342773
vt 0.365234 0.342773
vt 0.412109 0.401367
vt 0.409180 0.401367
vt 0.409180 0.390625
vt 0.412109 0.390625
vt 0.541016 0.390625
vt 0.538086 0.390625
vt 0.538086 0.401367
vt 0.541016 0.401367
vt 0.191406 0.367188
vt 0.193359 0.367188
vt 0.193359 0.377930
vt 0.191406 0.377930
vt 0.085938 0.543945
vt 0.096680 0.543945
vt 0.096680 0.554688
vt 0.085938 0.554688
vt 0.194336 0.367188
vt 0.196289 0.367188
vt 0.196289 0.377930
vt 0.194336 0.377930
vt 0.257812 0.543945
vt 0.268555 0.543945
vt 0.268555 0.554688
vt 0.257812 0.554688
vt 0.250977 0.377930
vt 0.249023 0.377930
vt 0.249023 0.367188
vt 0.250977 0.367188
vt 0.253906 0.367188
vt 0.251953 0.367188
vt 0.251953 0.377930
vt 0.253906 0.377930
vt 0.545898 0.454102
vt 0.549805 0.454102
vt 0.549805 0.466797
vt 0.545898 0.466797
vt 0.323242 0.400391
vt 0.326172 0.400391
vt 0.326172 0.413086
vt 0.323242 0.413086
vt 0.538086 0.441406
vt 0.541992 0.441406
vt 0.541992 0.454102
vt 0.538086 0.454102
vt 0.007812 0.399414
vt 0.010742 0.399414
vt 0.010742 0.412109
vt 0.007812 0.412109
vt 0.651367 0.548828
vt 0.647461 0.548828
vt 0.647461 0.545898
vt 0.651367 0.545898
vt 0.651367 0.541992
vt 0.647461 0.541992
vt 0.647461 0.544922
vt 0.651367 0.544922
vt 0.546875 0.801758
vt 0.550781 0.801758
vt 0.550781 0.814453
vt 0.546875 0.814453
vt 0.011719 0.399414
vt 0.014648 0.399414
vt 0.014648 0.412109
vt 0.011719 0.412109
vt 0.546875 0.748047
vt 0.550781 0.748047
vt 0.550781 0.760742
vt 0.546875 0.760742
vt 0.587891 0.950195
vt 0.590820 0.950195
vt 0.590820 0.962891
vt 0.587891 0.962891
vt 0.651367 0.514648
vt 0.647461 0.514648
vt 0.647461 0.511719
vt 0.651367 0.511719
vt 0.512695 0.349609
vt 0.508789 0.349609
vt 0.508789 0.352539
vt 0.512695 0.352539
vt 0.269531 0.367188
vt 0.271484 0.367188
vt 0.271484 0.377930
vt 0.269531 0.377930
vt 0.269531 0.543945
vt 0.280273 0.543945
vt 0.280273 0.554688
vt 0.269531 0.554688
vt 0.272461 0.367188
vt 0.274414 0.367188
vt 0.274414 0.377930
vt 0.272461 0.377930
vt 0.281250 0.543945
vt 0.291992 0.543945
vt 0.291992 0.554688
vt 0.281250 0.554688
vt 0.289062 0.377930
vt 0.287109 0.377930
vt 0.287109 0.367188
vt 0.289062 0.367188
vt 0.305664 0.367188
vt 0.303711 0.367188
vt 0.303711 0.377930
vt 0.305664 0.377930
vt 0.702148 0.997070
vt 0.705078 0.997070
vt 0.705078 0.998047
vt 0.702148 0.998047
vt 0.657227 0.607422
vt 0.667969 0.607422
vt 0.667969 0.608398
vt 0.657227 0.608398
vt 0.702148 0.992188
vt 0.705078 0.992188
vt 0.705078 0.993164
vt 0.702148 0.993164
vt 0.657227 0.605469
vt 0.667969 0.605469
vt 0.667969 0.606445
vt 0.657227 0.606445
vt 0.602539 0.762695
vt 0.599609 0.762695
vt 0.599609 0.751953
vt 0.602539 0.751953
vt 0.283203 0.389648
vt 0.280273 0.389648
vt 0.280273 0.400391
vt 0.283203 0.400391
vt 0.503906 0.440430
vt 0.507812 0.440430
vt 0.507812 0.453125
vt 0.503906 0.453125
vt 0.128906 0.399414
vt 0.131836 0.399414
vt 0.131836 0.412109
vt 0.128906 0.412109
vt 0.508789 0.440430
vt 0.512695 0.440430
vt 0.512695 0.453125
vt 0.508789 0.453125
vt 0.132812 0.399414
vt 0.135742 0.399414
vt 0.135742 0.412109
vt 0.132812 0.412109
vt 0.651367 0.487305
vt 0.647461 0.487305
vt 0.647461 0.484375
vt 0.651367 0.484375
vt 0.651367 0.463867
vt 0.647461 0.463867
vt 0.647461 0.466797
vt 0.651367 0.466797
vt 0.513672 0.440430
vt 0.517578 0.440430
vt 0.517578 0.453125
vt 0.513672 0.453125
vt 0.136719 0.399414
vt 0.139648 0.399414
vt 0.139648 0.412109
vt 0.136719 0.412109
vt 0.542969 0.440430
vt 0.546875 0.440430
vt 0.546875 0.453125
vt 0.542969 0.453125
vt 0.140625 0.399414
vt 0.143555 0.399414
vt 0.143555 0.412109
vt 0.140625 0.412109
vt 0.651367 0.462891
vt 0.647461 0.462891
vt 0.647461 0.459961
vt 0.651367 0.459961
vt 0.651367 0.452148
vt 0.647461 0.452148
vt 0.647461 0.455078
vt 0.651367 0.455078
vt 0.052734 0.439453
vt 0.056641 0.439453
vt 0.056641 0.452148
vt 0.052734 0.452148
vt 0.144531 0.399414
vt 0.147461 0.399414
vt 0.147461 0.412109
vt 0.144531 0.412109
vt 0.149414 0.439453
vt 0.153320 0.439453
vt 0.153320 0.452148
vt 0.149414 0.452148
vt 0.148438 0.399414
vt 0.151367 0.399414
vt 0.151367 0.412109
vt 0.148438 0.412109
vt 0.651367 0.451172
vt 0.647461 0.451172
vt 0.647461 0.448242
vt 0.651367 0.448242
vt 0.555664 0.349609
vt 0.551758 0.349609
vt 0.551758 0.352539
vt 0.555664 0.352539
vt 0.306641 0.367188
vt 0.308594 0.367188
vt 0.308594 0.377930
vt 0.306641 0.377930
vt 0.445312 0.549805
vt 0.456055 0.549805
vt 0.456055 0.560547
vt 0.445312 0.560547
vt 0.386719 0.367188
vt 0.388672 0.367188
vt 0.388672 0.377930
vt 0.386719 0.377930
vt 0.068359 0.542969
vt 0.079102 0.542969
vt 0.079102 0.553711
vt 0.068359 0.553711
vt 0.391602 0.377930
vt 0.389648 0.377930
vt 0.389648 0.367188
vt 0.391602 0.367188
vt 0.394531 0.367188
vt 0.392578 0.367188
vt 0.392578 0.377930
vt 0.394531 0.377930
vt 0.547852 0.769531
vt 0.551758 0.769531
vt 0.551758 0.782227
vt 0.547852 0.782227
vt 0.152344 0.399414
vt 0.155273 0.399414
vt 0.155273 0.412109
vt 0.152344 0.412109
vt 0.547852 0.659180
vt 0.551758 0.659180
vt 0.551758 0.671875
vt 0.547852 0.671875
vt 0.352539 0.399414
vt 0.355469 0.399414
vt 0.355469 0.412109
vt 0.352539 0.412109
vt 0.560547 0.352539
vt 0.556641 0.352539
vt 0.556641 0.349609
vt 0.560547 0.349609
vt 0.565430 0.349609
vt 0.561523 0.349609
vt 0.561523 0.352539
vt 0.565430 0.352539
vt 0.347656 0.427734
vt 0.351562 0.427734
vt 0.351562 0.439453
vt 0.347656 0.439453
vt 0.501953 0.399414
vt 0.504883 0.399414
vt 0.504883 0.411133
vt 0.501953 0.411133
vt 0.403320 0.427734
vt 0.407227 0.427734
vt 0.407227 0.439453
vt 0.403320 0.439453
vt 0.505859 0.399414
vt 0.508789 0.399414
vt 0.508789 0.411133
vt 0.505859 0.411133
vt 0.333984 0.351562
vt 0.330078 0.351562
vt 0.330078 0.348633
vt 0.333984 0.348633
vt 0.361328 0.348633
vt 0.357422 0.348633
vt 0.357422 0.351562
vt 0.361328 0.351562
vt 0.523438 0.439453
vt 0.527344 0.439453
vt 0.527344 0.452148
vt 0.523438 0.452148
vt 0.027344 0.398438
vt 0.030273 0.398438
vt 0.030273 0.411133
vt 0.027344 0.411133
vt 0.547852 0.440430
vt 0.551758 0.440430
vt 0.551758 0.453125
vt 0.547852 0.453125
vt 0.031250 0.398438
vt 0.034180 0.398438
vt 0.034180 0.411133
vt 0.031250 0.411133
vt 0.414062 0.351562
vt 0.410156 0.351562
vt 0.410156 0.348633
vt 0.414062 0.348633
vt 0.418945 0.348633
vt 0.415039 0.348633
vt 0.415039 0.351562
vt 0.418945 0.351562
vt 0.355469 0.366211
vt 0.357422 0.366211
vt 0.357422 0.375977
vt 0.355469 0.375977
vt 0.103516 0.438477
vt 0.108398 0.438477
vt 0.108398 0.448242
vt 0.103516 0.448242
vt 0.226562 0.365234
vt 0.228516 0.365234
vt 0.228516 0.375000
vt 0.226562 0.375000
vt 0.551758 0.804688
vt 0.556641 0.804688
vt 0.556641 0.814453
vt 0.551758 0.814453
vt 0.666016 0.548828
vt 0.664062 0.548828
vt 0.664062 0.543945
vt 0.666016 0.543945
vt 0.666016 0.462891
vt 0.664062 0.462891
vt 0.664062 0.467773
vt 0.666016 0.467773
vt 0.709961 0.958008
vt 0.711914 0.958008
vt 0.711914 0.958984
vt 0.709961 0.958984
vt 0.344727 0.305664
vt 0.349609 0.305664
vt 0.349609 0.306641
vt 0.344727 0.306641
vt 0.042969 0.289062
vt 0.044922 0.289062
vt 0.044922 0.290039
vt 0.042969 0.290039
vt 0.693359 0.650391
vt 0.698242 0.650391
vt 0.698242 0.651367
vt 0.693359 0.651367
vt 0.666016 0.455078
vt 0.664062 0.455078
vt 0.664062 0.450195
vt 0.666016 0.450195
vt 0.666016 0.346680
vt 0.664062 0.346680
vt 0.664062 0.351562
vt 0.666016 0.351562
vt 0.547852 0.562500
vt 0.551758 0.562500
vt 0.551758 0.575195
vt 0.547852 0.575195
vt 0.561523 0.399414
vt 0.564453 0.399414
vt 0.564453 0.412109
vt 0.561523 0.412109
vt 0.518555 0.439453
vt 0.522461 0.439453
vt 0.522461 0.452148
vt 0.518555 0.452148
vt 0.565430 0.399414
vt 0.568359 0.399414
vt 0.568359 0.412109
vt 0.565430 0.412109
vt 0.652344 0.642578
vt 0.648438 0.642578
vt 0.648438 0.639648
vt 0.652344 0.639648
vt 0.652344 0.635742
vt 0.648438 0.635742
vt 0.648438 0.638672
vt 0.652344 0.638672
vt 0.569336 0.399414
vt 0.572266 0.399414
vt 0.572266 0.412109
vt 0.569336 0.412109
vt 0.573242 0.399414
vt 0.576172 0.399414
vt 0.576172 0.412109
vt 0.573242 0.412109
vt 0.577148 0.399414
vt 0.580078 0.399414
vt 0.580078 0.412109
vt 0.577148 0.412109
vt 0.581055 0.399414
vt 0.583984 0.399414
vt 0.583984 0.412109
vt 0.581055 0.412109
vt 0.671875 0.796875
vt 0.668945 0.796875
vt 0.668945 0.793945
vt 0.671875 0.793945
vt 0.671875 0.784180
vt 0.668945 0.784180
vt 0.668945 0.787109
vt 0.671875 0.787109
vt 0.702148 0.791016
vt 0.705078 0.791016
vt 0.705078 0.791992
vt 0.702148 0.791992
vt 0.585938 0.341797
vt 0.596680 0.341797
vt 0.596680 0.342773
vt 0.585938 0.342773
vt 0.702148 0.756836
vt 0.705078 0.756836
vt 0.705078 0.757812
vt 0.702148 0.757812
vt 0.657227 0.403320
vt 0.667969 0.403320
vt 0.667969 0.404297
vt 0.657227 0.404297
vt 0.602539 0.524414
vt 0.599609 0.524414
vt 0.599609 0.513672
vt 0.602539 0.513672
vt 0.484375 0.389648
vt 0.481445 0.389648
vt 0.481445 0.400391
vt 0.484375 0.400391
vt 0.395508 0.367188
vt 0.397461 0.367188
vt 0.397461 0.377930
vt 0.395508 0.377930
vt 0.163086 0.542969
vt 0.173828 0.542969
vt 0.173828 0.553711
vt 0.163086 0.553711
vt 0.411133 0.367188
vt 0.413086 0.367188
vt 0.413086 0.377930
vt 0.411133 0.377930
vt 0.446289 0.772461
vt 0.457031 0.772461
vt 0.457031 0.783203
vt 0.446289 0.783203
vt 0.416016 0.377930
vt 0.414062 0.377930
vt 0.414062 0.367188
vt 0.416016 0.367188
vt 0.418945 0.367188
vt 0.416992 0.367188
vt 0.416992 0.377930
vt 0.418945 0.377930
vt 0.584961 0.399414
vt 0.587891 0.399414
vt 0.587891 0.412109
vt 0.584961 0.412109
vt 0.015625 0.398438
vt 0.018555 0.398438
vt 0.018555 0.411133
vt 0.015625 0.411133
vt 0.019531 0.398438
vt 0.022461 0.398438
vt 0.022461 0.411133
vt 0.019531 0.411133
vt 0.023438 0.398438
vt 0.026367 0.398438
vt 0.026367 0.411133
vt 0.023438 0.411133
vt 0.671875 0.771484
vt 0.668945 0.771484
vt 0.668945 0.768555
vt 0.671875 0.768555
vt 0.671875 0.749023
vt 0.668945 0.749023
vt 0.668945 0.751953
vt 0.671875 0.751953
vt 0.419922 0.367188
vt 0.421875 0.367188
vt 0.421875 0.377930
vt 0.419922 0.377930
vt 0.130859 0.541992
vt 0.141602 0.541992
vt 0.141602 0.552734
vt 0.130859 0.552734
vt 0.422852 0.367188
vt 0.424805 0.367188
vt 0.424805 0.377930
vt 0.422852 0.377930
vt 0.011719 0.541016
vt 0.022461 0.541016
vt 0.022461 0.551758
vt 0.011719 0.551758
vt 0.427734 0.377930
vt 0.425781 0.377930
vt 0.425781 0.367188
vt 0.427734 0.367188
vt 0.430664 0.367188
vt 0.428711 0.367188
vt 0.428711 0.377930
vt 0.430664 0.377930
vt 0.702148 0.748047
vt 0.705078 0.748047
vt 0.705078 0.749023
vt 0.702148 0.749023
vt 0.657227 0.401367
vt 0.667969 0.401367
vt 0.667969 0.402344
vt 0.657227 0.402344
vt 0.702148 0.741211
vt 0.705078 0.741211
vt 0.705078 0.742188
vt 0.702148 0.742188
vt 0.657227 0.367188
vt 0.667969 0.367188
vt 0.667969 0.368164
vt 0.657227 0.368164
vt 0.488281 0.400391
vt 0.485352 0.400391
vt 0.485352 0.389648
vt 0.488281 0.389648
vt 0.531250 0.389648
vt 0.528320 0.389648
vt 0.528320 0.400391
vt 0.531250 0.400391
vt 0.702148 0.734375
vt 0.705078 0.734375
vt 0.705078 0.735352
vt 0.702148 0.735352
vt 0.646484 0.341797
vt 0.657227 0.341797
vt 0.657227 0.342773
vt 0.646484 0.342773
vt 0.266602 0.296875
vt 0.269531 0.296875
vt 0.269531 0.297852
vt 0.266602 0.297852
vt 0.001953 0.340820
vt 0.012695 0.340820
vt 0.012695 0.341797
vt 0.001953 0.341797
vt 0.535156 0.400391
vt 0.532227 0.400391
vt 0.532227 0.389648
vt 0.535156 0.389648
vt 0.186523 0.388672
vt 0.183594 0.388672
vt 0.183594 0.399414
vt 0.186523 0.399414
vt 0.586914 0.367188
vt 0.588867 0.367188
vt 0.588867 0.377930
vt 0.586914 0.377930
vt 0.448242 0.935547
vt 0.458984 0.935547
vt 0.458984 0.946289
vt 0.448242 0.946289
vt 0.128906 0.366211
vt 0.130859 0.366211
vt 0.130859 0.376953
vt 0.128906 0.376953
vt 0.337891 0.540039
vt 0.348633 0.540039
vt 0.348633 0.550781
vt 0.337891 0.550781
vt 0.296875 0.376953
vt 0.294922 0.376953
vt 0.294922 0.366211
vt 0.296875 0.366211
vt 0.299805 0.366211
vt 0.297852 0.366211
vt 0.297852 0.376953
vt 0.299805 0.376953
vt 0.013672 0.329102
vt 0.016602 0.329102
vt 0.016602 0.332031
vt 0.013672 0.332031
vt 0.367188 0.866211
vt 0.434570 0.866211
vt 0.434570 0.869141
vt 0.367188 0.869141
vt 0.062500 0.329102
vt 0.065430 0.329102
vt 0.065430 0.332031
vt 0.062500 0.332031
vt 0.371094 0.701172
vt 0.438477 0.701172
vt 0.438477 0.704102
vt 0.371094 0.704102
vt 0.239258 0.632812
vt 0.236328 0.632812
vt 0.236328 0.565430
vt 0.239258 0.565430
vt 0.289062 0.561523
vt 0.286133 0.561523
vt 0.286133 0.628906
vt 0.289062 0.628906
vt 0.189453 0.528320
vt 0.191406 0.528320
vt 0.191406 0.532227
vt 0.189453 0.532227
vt 0.632812 0.522461
vt 0.636719 0.522461
vt 0.636719 0.526367
vt 0.632812 0.526367
vt 0.480469 0.803711
vt 0.482422 0.803711
vt 0.482422 0.807617
vt 0.480469 0.807617
vt 0.632812 0.517578
vt 0.636719 0.517578
vt 0.636719 0.521484
vt 0.632812 0.521484
vt 0.508789 0.517578
vt 0.506836 0.517578
vt 0.506836 0.513672
vt 0.508789 0.513672
vt 0.547852 0.583984
vt 0.545898 0.583984
vt 0.545898 0.587891
vt 0.547852 0.587891
vt 0.427734 0.837891
vt 0.488281 0.837891
vt 0.488281 0.839844
vt 0.427734 0.839844
vt 0.229492 0.298828
vt 0.231445 0.298828
vt 0.231445 0.300781
vt 0.229492 0.300781
vt 0.430664 0.784180
vt 0.491211 0.784180
vt 0.491211 0.786133
vt 0.430664 0.786133
vt 0.699219 0.767578
vt 0.701172 0.767578
vt 0.701172 0.769531
vt 0.699219 0.769531
vt 0.494141 0.949219
vt 0.433594 0.949219
vt 0.433594 0.947266
vt 0.494141 0.947266
vt 0.495117 0.930664
vt 0.434570 0.930664
vt 0.434570 0.932617
vt 0.495117 0.932617
vt 0.220703 0.447266
vt 0.222656 0.447266
vt 0.222656 0.451172
vt 0.220703 0.451172
vt 0.479492 0.363281
vt 0.483398 0.363281
vt 0.483398 0.367188
vt 0.479492 0.367188
vt 0.204102 0.435547
vt 0.206055 0.435547
vt 0.206055 0.439453
vt 0.204102 0.439453
vt 0.484375 0.363281
vt 0.488281 0.363281
vt 0.488281 0.367188
vt 0.484375 0.367188
vt 0.582031 0.499023
vt 0.580078 0.499023
vt 0.580078 0.495117
vt 0.582031 0.495117
vt 0.485352 0.318359
vt 0.483398 0.318359
vt 0.483398 0.322266
vt 0.485352 0.322266
vt 0.437500 0.902344
vt 0.498047 0.902344
vt 0.498047 0.904297
vt 0.437500 0.904297
vt 0.232422 0.298828
vt 0.234375 0.298828
vt 0.234375 0.300781
vt 0.232422 0.300781
vt 0.437500 0.686523
vt 0.498047 0.686523
vt 0.498047 0.688477
vt 0.437500 0.688477
vt 0.699219 0.764648
vt 0.701172 0.764648
vt 0.701172 0.766602
vt 0.699219 0.766602
vt 0.498047 0.685547
vt 0.437500 0.685547
vt 0.437500 0.683594
vt 0.498047 0.683594
vt 0.499023 0.761719
vt 0.438477 0.761719
vt 0.438477 0.763672
vt 0.499023 0.763672
vt 0.506836 0.318359
vt 0.508789 0.318359
vt 0.508789 0.322266
vt 0.506836 0.322266
vt 0.489258 0.363281
vt 0.493164 0.363281
vt 0.493164 0.367188
vt 0.489258 0.367188
vt 0.567383 0.318359
vt 0.569336 0.318359
vt 0.569336 0.322266
vt 0.567383 0.322266
vt 0.504883 0.363281
vt 0.508789 0.363281
vt 0.508789 0.367188
vt 0.504883 0.367188
vt 0.635742 0.322266
vt 0.633789 0.322266
vt 0.633789 0.318359
vt 0.635742 0.318359
vt 0.638672 0.318359
vt 0.636719 0.318359
vt 0.636719 0.322266
vt 0.638672 0.322266
vt 0.083984 0.317383
vt 0.085938 0.317383
vt 0.085938 0.321289
vt 0.083984 0.321289
vt 0.509766 0.363281
vt 0.513672 0.363281
vt 0.513672 0.367188
vt 0.509766 0.367188
vt 0.150391 0.317383
vt 0.152344 0.317383
vt 0.152344 0.321289
vt 0.150391 0.321289
vt 0.532227 0.363281
vt 0.536133 0.363281
vt 0.536133 0.367188
vt 0.532227 0.367188
vt 0.410156 0.321289
vt 0.408203 0.321289
vt 0.408203 0.317383
vt 0.410156 0.317383
vt 0.477539 0.317383
vt 0.475586 0.317383
vt 0.475586 0.321289
vt 0.477539 0.321289
vt 0.602539 0.317383
vt 0.604492 0.317383
vt 0.604492 0.321289
vt 0.602539 0.321289
vt 0.613281 0.363281
vt 0.617188 0.363281
vt 0.617188 0.367188
vt 0.613281 0.367188
vt 0.000000 0.316406
vt 0.001953 0.316406
vt 0.001953 0.320312
vt 0.000000 0.320312
vt 0.632812 0.382812
vt 0.636719 0.382812
vt 0.636719 0.386719
vt 0.632812 0.386719
vt 0.013672 0.320312
vt 0.011719 0.320312
vt 0.011719 0.316406
vt 0.013672 0.316406
vt 0.060547 0.316406
vt 0.058594 0.316406
vt 0.058594 0.320312
vt 0.060547 0.320312
vt 0.438477 0.758789
vt 0.499023 0.758789
vt 0.499023 0.760742
vt 0.438477 0.760742
vt 0.235352 0.298828
vt 0.237305 0.298828
vt 0.237305 0.300781
vt 0.235352 0.300781
vt 0.438477 0.755859
vt 0.499023 0.755859
vt 0.499023 0.757812
vt 0.438477 0.757812
vt 0.699219 0.761719
vt 0.701172 0.761719
vt 0.701172 0.763672
vt 0.699219 0.763672
vt 0.499023 0.754883
vt 0.438477 0.754883
vt 0.438477 0.752930
vt 0.499023 0.752930
vt 0.499023 0.750000
vt 0.438477 0.750000
vt 0.438477 0.751953
vt 0.499023 0.751953
vt 0.503906 0.317383
vt 0.505859 0.317383
vt 0.505859 0.321289
vt 0.503906 0.321289
vt 0.632812 0.418945
vt 0.636719 0.418945
vt 0.636719 0.422852
vt 0.632812 0.422852
vt 0.541992 0.317383
vt 0.543945 0.317383
vt 0.543945 0.321289
vt 0.541992 0.321289
vt 0.632812 0.409180
vt 0.636719 0.409180
vt 0.636719 0.413086
vt 0.632812 0.413086
vt 0.564453 0.321289
vt 0.562500 0.321289
vt 0.562500 0.317383
vt 0.564453 0.317383
vt 0.601562 0.317383
vt 0.599609 0.317383
vt 0.599609 0.321289
vt 0.601562 0.321289
s 0
usemtl m_8a7aecf9-bc7d-1c53-4ad7-3ee173c6c92f
f 4/1/1 7/2/1 5/3/1 2/4/1
f 3/5/2 4/6/2 2/7/2 1/8/2
f 8/9/3 3/10/3 1/11/3 6/12/3
f 7/13/4 8/14/4 6/15/4 5/16/4
f 6/17/5 1/18/5 2/19/5 5/20/5
f 7/21/6 4/22/6 3/23/6 8/24/6
f 12/25/7 15/26/7 13/27/7 10/28/7
f 11/29/2 12/30/2 10/31/2 9/32/2
f 16/33/8 11/34/8 9/35/8 14/36/8
f 15/37/4 16/38/4 14/39/4 13/40/4
f 14/41/9 9/42/9 10/43/9 13/44/9
f 15/45/10 12/46/10 11/47/10 16/48/10
f 20/49/11 23/50/11 21/51/11 18/52/11
f 19/53/2 20/54/2 18/55/2 17/56/2
f 24/57/12 19/58/12 17/59/12 22/60/12
f 23/61/4 24/62/4 22/63/4 21/64/4
f 22/65/13 17/66/13 18/67/13 21/68/13
f 23/69/14 20/70/14 19/71/14 24/72/14
f 28/73/11 31/74/11 29/75/11 26/76/11
f 27/77/2 28/78/2 26/79/2 25/80/2
f 32/81/12 27/82/12 25/83/12 30/84/12
f 31/85/4 32/86/4 30/87/4 29/88/4
f 30/89/13 25/90/13 26/91/13 29/92/13
f 31/93/14 28/94/14 27/95/14 32/96/14
f 36/97/11 39/98/11 37/99/11 34/100/11
f 35/101/2 36/102/2 34/103/2 33/104/2
f 40/105/12 35/106/12 33/107/12 38/108/12
f 39/109/4 40/110/4 38/111/4 37/112/4
f 38/113/13 33/114/13 34/115/13 37/116/13
f 39/117/14 36/118/14 35/119/14 40/120/14
f 44/121/15 47/122/15 45/123/15 42/124/15
f 43/125/16 44/126/16 42/127/16 41/128/16
f 48/129/17 43/130/17 41/131/17 46/132/17
f 47/133/18 48/134/18 46/135/18 45/136/18
f 46/137/2 41/138/2 42/139/2 45/140/2
f 47/141/4 44/142/4 43/143/4 48/144/4
f 52/145/19 55/146/19 53/147/19 50/148/19
f 51/149/20 52/150/20 50/151/20 49/152/20
f 56/153/21 51/154/21 49/155/21 54/156/21
f 55/157/22 56/158/22 54/159/22 53/160/22
f 54/161/2 49/162/2 50/163/2 53/164/2
f 55/165/4 52/166/4 51/167/4 56/168/4
f 60/169/19 63/170/19 61/171/19 58/172/19
f 59/173/20 60/174/20 58/175/20 57/176/20
f 64/177/21 59/178/21 57/179/21 62/180/21
f 63/181/22 64/182/22 62/183/22 61/184/22
f 62/185/2 57/186/2 58/187/2 61/188/2
f 63/189/4 60/190/4 59/191/4 64/192/4
f 68/193/23 71/194/23 69/195/23 66/196/23
f 67/197/24 68/198/24 66/199/24 65/200/24
f 72/201/25 67/202/25 65/203/25 70/204/25
f 71/205/26 72/206/26 70/207/26 69/208/26
f 70/209/2 65/210/2 66/211/2 69/212/2
f 71/213/4 68/214/4 67/215/4 72/216/4
f 76/217/17 79/218/17 77/219/17 74/220/17
f 75/221/27 76/222/27 74/223/27 73/224/27
f 80/225/15 75/226/15 73/227/15 78/228/15
f 79/229/28 80/230/28 78/231/28 77/232/28
f 78/233/29 73/234/29 74/235/29 77/236/29
f 79/237/30 76/238/30 75/239/30 80/240/30
f 84/241/23 87/242/23 85/243/23 82/244/23
f 83/245/31 84/246/31 82/247/31 81/248/31
f 88/249/25 83/250/25 81/251/25 86/252/25
f 87/253/32 88/254/32 86/255/32 85/256/32
f 86/257/33 81/258/33 82/259/33 85/260/33
f 87/261/34 84/262/34 83/263/34 88/264/34
f 92/265/17 95/266/17 93/267/17 90/268/17
f 91/269/4 92/270/4 90/271/4 89/272/4
f 96/273/15 91/274/15 89/275/15 94/276/15
f 95/277/2 96/278/2 94/279/2 93/280/2
f 94/281/18 89/282/18 90/283/18 93/284/18
f 95/285/16 92/286/16 91/287/16 96/288/16
f 100/289/23 103/290/23 101/291/23 98/292/23
f 99/293/35 100/294/35 98/295/35 97/296/35
f 104/297/25 99/298/25 97/299/25 102/300/25
f 103/301/36 104/302/36 102/303/36 101/304/36
f 102/305/37 97/306/37 98/307/37 101/308/37
f 103/309/38 100/310/38 99/311/38 104/312/38
f 108/313/7 111/314/7 109/315/7 106/316/7
f 107/317/2 108/318/2 106/319/2 105/320/2
f 112/321/8 107/322/8 105/323/8 110/324/8
f 111/325/4 112/326/4 110/327/4 109/328/4
f 110/329/9 105/330/9 106/331/9 109/332/9
f 111/333/10 108/334/10 107/335/10 112/336/10
f 116/337/7 119/338/7 117/339/7 114/340/7
f 115/341/2 116/342/2 114/343/2 113/344/2
f 120/345/8 115/346/8 113/347/8 118/348/8
f 119/349/4 120/350/4 118/351/4 117/352/4
f 118/353/9 113/354/9 114/355/9 117/356/9
f 119/357/10 116/358/10 115/359/10 120/360/10
f 124/361/11 127/362/11 125/363/11 122/364/11
f 123/365/2 124/366/2 122/367/2 121/368/2
f 128/369/12 123/370/12 121/371/12 126/372/12
f 127/373/4 128/374/4 126/375/4 125/376/4
f 126/377/13 121/378/13 122/379/13 125/380/13
f 127/381/14 124/382/14 123/383/14 128/384/14
f 132/385/39 135/386/39 133/387/39 130/388/39
f 131/389/2 132/390/2 130/391/2 129/392/2
f 136/393/40 131/394/40 129/395/40 134/396/40
f 135/397/4 136/398/4 134/399/4 133/400/4
f 134/401/41 129/402/41 130/403/41 133/404/41
f 135/405/42 132/406/42 131/407/42 136/408/42
f 140/409/43 143/410/43 141/411/43 138/412/43
f 139/413/2 140/414/2 138/415/2 137/416/2
f 144/417/44 139/418/44 137/419/44 142/420/44
f 143/421/4 144/422/4 142/423/4 141/424/4
f 142/425/45 137/426/45 138/427/45 141/428/45
f 143/429/46 140/430/46 139/431/46 144/432/46
f 148/433/1 151/434/1 149/435/1 146/436/1
f 147/437/2 148/438/2 146/439/2 145/440/2
f 152/441/3 147/442/3 145/443/3 150/444/3
f 151/445/4 152/446/4 150/447/4 149/448/4
f 150/449/5 145/450/5 146/451/5 149/452/5
f 151/453/6 148/454/6 147/455/6 152/456/6
f 156/457/47 159/458/47 157/459/47 154/460/47
f 155/461/2 156/462/2 154/463/2 153/464/2
f 160/465/48 155/466/48 153/467/48 158/468/48
f 159/469/4 160/470/4 158/471/4 157/472/4
f 158/473/49 153/474/49 154/475/49 157/476/49
f 159/477/50 156/478/50 155/479/50 160/480/50
f 164/481/51 167/482/51 165/483/51 162/484/51
f 163/485/2 164/486/2 162/487/2 161/488/2
f 168/489/52 163/490/52 161/491/52 166/492/52
f 167/493/4 168/494/4 166/495/4 165/496/4
f 166/497/53 161/498/53 162/499/53 165/500/53
f 167/501/54 164/502/54 163/503/54 168/504/54
f 172/505/1 175/506/1 173/507/1 170/508/1
f 171/509/2 172/510/2 170/511/2 169/512/2
f 176/513/3 171/514/3 169/515/3 174/516/3
f 175/517/4 176/518/4 174/519/4 173/520/4
f 174/521/5 169/522/5 170/523/5 173/524/5
f 175/525/6 172/526/6 171/527/6 176/528/6
f 180/529/1 183/530/1 181/531/1 178/532/1
f 179/533/2 180/534/2 178/535/2 177/536/2
f 184/537/3 179/538/3 177/539/3 182/540/3
f 183/541/4 184/542/4 182/543/4 181/544/4
f 182/545/5 177/546/5 178/547/5 181/548/5
f 183/549/6 180/550/6 179/551/6 184/552/6
f 188/553/3 191/554/3 189/555/3 186/556/3
f 187/557/4 188/558/4 186/559/4 185/560/4
f 192/561/1 187/562/1 185/563/1 190/564/1
f 191/565/2 192/566/2 190/567/2 189/568/2
f 190/569/5 185/570/5 186/571/5 189/572/5
f 191/573/6 188/574/6 187/575/6 192/576/6
f 196/577/23 199/578/23 197/579/23 194/580/23
f 195/581/4 196/582/4 194/583/4 193/584/4
f 200/585/25 195/586/25 193/587/25 198/588/25
f 199/589/2 200/590/2 198/591/2 197/592/2
f 198/593/24 193/594/24 194/595/24 197/596/24
f 199/597/26 196/598/26 195/599/26 200/600/26
f 204/601/55 207/602/55 205/603/55 202/604/55
f 203/605/56 204/606/56 202/607/56 201/608/56
f 208/609/57 203/610/57 201/611/57 206/612/57
f 207/613/58 208/614/58 206/615/58 205/616/58
f 206/617/29 201/618/29 202/619/29 205/620/29
f 207/621/30 204/622/30 203/623/30 208/624/30
f 212/625/51 215/626/51 213/627/51 210/628/51
f 211/629/2 212/630/2 210/631/2 209/632/2
f 216/633/52 211/634/52 209/635/52 214/636/52
f 215/637/4 216/638/4 214/639/4 213/640/4
f 214/641/53 209/642/53 210/643/53 213/644/53
f 215/645/54 212/646/54 211/647/54 216/648/54
f 220/649/1 223/650/1 221/651/1 218/652/1
f 219/653/2 220/654/2 218/655/2 217/656/2
f 224/657/3 219/658/3 217/659/3 222/660/3
f 223/661/4 224/662/4 222/663/4 221/664/4
f 222/665/5 217/666/5 218/667/5 221/668/5
f 223/669/6 220/670/6 219/671/6 224/672/6
f 228/673/59 231/674/59 229/675/59 226/676/59
f 227/677/4 228/678/4 226/679/4 225/680/4
f 232/681/60 227/682/60 225/683/60 230/684/60
f 231/685/2 232/686/2 230/687/2 229/688/2
f 230/689/61 225/690/61 226/691/61 229/692/61
f 231/693/62 228/694/62 227/695/62 232/696/62
f 236/697/63 239/698/63 237/699/63 234/700/63
f 235/701/2 236/702/2 234/703/2 233/704/2
f 240/705/64 235/706/64 233/707/64 238/708/64
f 239/709/4 240/710/4 238/711/4 237/712/4
f 238/713/65 233/714/65 234/715/65 237/716/65
f 239/717/66 236/718/66 235/719/66 240/720/66
f 244/721/1 247/722/1 245/723/1 242/724/1
f 243/725/2 244/726/2 242/727/2 241/728/2
f 248/729/3 243/730/3 241/731/3 246/732/3
f 247/733/4 248/734/4 246/735/4 245/736/4
f 246/737/5 241/738/5 242/739/5 245/740/5
f 247/741/6 244/742/6 243/743/6 248/744/6
f 252/745/1 255/746/1 253/747/1 250/748/1
f 251/749/2 252/750/2 250/751/2 249/752/2
f 256/753/3 251/754/3 249/755/3 254/756/3
f 255/757/4 256/758/4 254/759/4 253/760/4
f 254/761/5 249/762/5 250/763/5 253/764/5
f 255/765/6 252/766/6 251/767/6 256/768/6
f 260/769/67 263/770/67 261/771/67 258/772/67
f 259/773/68 260/774/68 258/775/68 257/776/68
f 264/777/69 259/778/69 257/779/69 262/780/69
f 263/781/70 264/782/70 262/783/70 261/784/70
f 262/785/71 257/786/71 258/787/71 261/788/71
f 263/789/72 260/790/72 259/791/72 264/792/72
f 268/793/17 271/794/17 269/795/17 266/796/17
f 267/797/73 268/798/73 266/799/73 265/800/73
f 272/801/15 267/802/15 265/803/15 270/804/15
f 271/805/74 272/806/74 270/807/74 269/808/74
f 270/809/75 265/810/75 266/811/75 269/812/75
f 271/813/76 268/814/76 267/815/76 272/816/76
f 276/817/17 279/818/17 277/819/17 274/820/17
f 275/821/77 276/822/77 274/823/77 273/824/77
f 280/825/15 275/826/15 273/827/15 278/828/15
f 279/829/78 280/830/78 278/831/78 277/832/78
f 278/833/71 273/834/71 274/835/71 277/836/71
f 279/837/72 276/838/72 275/839/72 280/840/72
f 284/841/79 287/842/79 285/843/79 282/844/79
f 283/845/80 284/846/80 282/847/80 281/848/80
f 288/849/81 283/850/81 281/851/81 286/852/81
f 287/853/82 288/854/82 286/855/82 285/856/82
f 286/857/37 281/858/37 282/859/37 285/860/37
f 287/861/38 284/862/38 283/863/38 288/864/38
f 292/865/83 295/866/83 293/867/83 290/868/83
f 291/869/84 292/870/84 290/871/84 289/872/84
f 296/873/85 291/874/85 289/875/85 294/876/85
f 295/877/86 296/878/86 294/879/86 293/880/86
f 294/881/87 289/882/87 290/883/87 293/884/87
f 295/885/88 292/886/88 291/887/88 296/888/88
f 300/889/23 303/890/23 301/891/23 298/892/23
f 299/893/89 300/894/89 298/895/89 297/896/89
f 304/897/25 299/898/25 297/899/25 302/900/25
f 303/901/90 304/902/90 302/903/90 301/904/90
f 302/905/91 297/906/91 298/907/91 301/908/91
f 303/909/92 300/910/92 299/911/92 304/912/92
f 308/913/93 311/914/93 309/915/93 306/916/93
f 307/917/94 308/918/94 306/919/94 305/920/94
f 312/921/95 307/922/95 305/923/95 310/924/95
f 311/925/96 312/926/96 310/927/96 309/928/96
f 310/929/97 305/930/97 306/931/97 309/932/97
f 311/933/98 308/934/98 307/935/98 312/936/98
f 316/937/1 319/938/1 317/939/1 314/940/1
f 315/941/2 316/942/2 314/943/2 313/944/2
f 320/945/3 315/946/3 313/947/3 318/948/3
f 319/949/4 320/950/4 318/951/4 317/952/4
f 318/953/5 313/954/5 314/955/5 317/956/5
f 319/957/6 316/958/6 315/959/6 320/960/6
f 324/961/1 327/962/1 325/963/1 322/964/1
f 323/965/2 324/966/2 322/967/2 321/968/2
f 328/969/3 323/970/3 321/971/3 326/972/3
f 327/973/4 328/974/4 326/975/4 325/976/4
f 326/977/5 321/978/5 322/979/5 325/980/5
f 327/981/6 324/982/6 323/983/6 328/984/6
f 332/985/1 335/986/1 333/987/1 330/988/1
f 331/989/2 332/990/2 330/991/2 329/992/2
f 336/993/3 331/994/3 329/995/3 334/996/3
f 335/997/4 336/998/4 334/999/4 333/1000/4
f 334/1001/5 329/1002/5 330/1003/5 333/1004/5
f 335/1005/6 332/1006/6 331/1007/6 336/1008/6
f 340/1009/51 343/1010/51 341/1011/51 338/1012/51
f 339/1013/2 340/1014/2 338/1015/2 337/1016/2
f 344/1017/52 339/1018/52 337/1019/52 342/1020/52
f 343/1021/4 344/1022/4 342/1023/4 341/1024/4
f 342/1025/53 337/1026/53 338/1027/53 341/1028/53
f 343/1029/54 340/1030/54 339/1031/54 344/1032/54
f 348/1033/1 351/1034/1 349/1035/1 346/1036/1
f 347/1037/2 348/1038/2 346/1039/2 345/1040/2
f 352/1041/3 347/1042/3 345/1043/3 350/1044/3
f 351/1045/4 352/1046/4 350/1047/4 349/1048/4
f 350/1049/5 345/1050/5 346/1051/5 349/1052/5
f 351/1053/6 348/1054/6 347/1055/6 352/1056/6
f 356/1057/7 359/1058/7 357/1059/7 354/1060/7
f 355/1061/2 356/1062/2 354/1063/2 353/1064/2
f 360/1065/8 355/1066/8 353/1067/8 358/1068/8
f 359/1069/4 360/1070/4 358/1071/4 357/1072/4
f 358/1073/9 353/1074/9 354/1075/9 357/1076/9
f 359/1077/10 356/1078/10 355/1079/10 360/1080/10
f 364/1081/11 367/1082/11 365/1083/11 362/1084/11
f 363/1085/2 364/1086/2 362/1087/2 361/1088/2
f 368/1089/12 363/1090/12 361/1091/12 366/1092/12
f 367/1093/4 368/1094/4 366/1095/4 365/1096/4
f 366/1097/13 361/1098/13 362/1099/13 365/1100/13
f 367/1101/14 364/1102/14 363/1103/14 368/1104/14
f 372/1105/11 375/1106/11 373/1107/11 370/1108/11
f 371/1109/2 372/1110/2 370/1111/2 369/1112/2
f 376/1113/12 371/1114/12 369/1115/12 374/1116/12
f 375/1117/4 376/1118/4 374/1119/4 373/1120/4
f 374/1121/13 369/1122/13 370/1123/13 373/1124/13
f 375/1125/14 372/1126/14 371/1127/14 376/1128/14
f 380/1129/63 383/1130/63 381/1131/63 378/1132/63
f 379/1133/2 380/1134/2 378/1135/2 377/1136/2
f 384/1137/64 379/1138/64 377/1139/64 382/1140/64
f 383/1141/4 384/1142/4 382/1143/4 381/1144/4
f 382/1145/65 377/1146/65 378/1147/65 381/1148/65
f 383/1149/66 380/1150/66 379/1151/66 384/1152/66
f 388/1153/11 391/1154/11 389/1155/11 386/1156/11
f 387/1157/2 388/1158/2 386/1159/2 385/1160/2
f 392/1161/12 387/1162/12 385/1163/12 390/1164/12
f 391/1165/4 392/1166/4 390/1167/4 389/1168/4
f 390/1169/13 385/1170/13 386/1171/13 389/1172/13
f 391/1173/14 388/1174/14 387/1175/14 392/1176/14
f 396/1177/7 399/1178/7 397/1179/7 394/1180/7
f 395/1181/2 396/1182/2 394/1183/2 393/1184/2
f 400/1185/8 395/1186/8 393/1187/8 398/1188/8
f 399/1189/4 400/1190/4 398/1191/4 397/1192/4
f 398/1193/9 393/1194/9 394/1195/9 397/1196/9
f 399/1197/10 396/1198/10 395/1199/10 400/1200/10
f 404/1201/7 407/1202/7 405/1203/7 402/1204/7
f 403/1205/2 404/1206/2 402/1207/2 401/1208/2
f 408/1209/8 403/1210/8 401/1211/8 406/1212/8
f 407/1213/4 408/1214/4 406/1215/4 405/1216/4
f 406/1217/9 401/1218/9 402/1219/9 405/1220/9
f 407/1221/10 404/1222/10 403/1223/10 408/1224/10
f 412/1225/23 415/1226/23 413/1227/23 410/1228/23
f 411/1229/99 412/1230/99 410/1231/99 409/1232/99
f 416/1233/25 411/1234/25 409/1235/25 414/1236/25
f 415/1237/100 416/1238/100 414/1239/100 413/1240/100
f 414/1241/101 409/1242/101 410/1243/101 413/1244/101
f 415/1245/102 412/1246/102 411/1247/102 416/1248/102
f 420/1249/11 423/1250/11 421/1251/11 418/1252/11
f 419/1253/2 420/1254/2 418/1255/2 417/1256/2
f 424/1257/12 419/1258/12 417/1259/12 422/1260/12
f 423/1261/4 424/1262/4 422/1263/4 421/1264/4
f 422/1265/13 417/1266/13 418/1267/13 421/1268/13
f 423/1269/14 420/1270/14 419/1271/14 424/1272/14
f 428/1273/19 431/1274/19 429/1275/19 426/1276/19
f 427/1277/22 428/1278/22 426/1279/22 425/1280/22
f 432/1281/21 427/1282/21 425/1283/21 430/1284/21
f 431/1285/20 432/1286/20 430/1287/20 429/1288/20
f 430/1289/4 425/1290/4 426/1291/4 429/1292/4
f 431/1293/2 428/1294/2 427/1295/2 432/1296/2
f 436/1297/39 439/1298/39 437/1299/39 434/1300/39
f 435/1301/2 436/1302/2 434/1303/2 433/1304/2
f 440/1305/40 435/1306/40 433/1307/40 438/1308/40
f 439/1309/4 440/1310/4 438/1311/4 437/1312/4
f 438/1313/41 433/1314/41 434/1315/41 437/1316/41
f 439/1317/42 436/1318/42 435/1319/42 440/1320/42
f 444/1321/43 447/1322/43 445/1323/43 442/1324/43
f 443/1325/2 444/1326/2 442/1327/2 441/1328/2
f 448/1329/44 443/1330/44 441/1331/44 446/1332/44
f 447/1333/4 448/1334/4 446/1335/4 445/1336/4
f 446/1337/45 441/1338/45 442/1339/45 445/1340/45
f 447/1341/46 444/1342/46 443/1343/46 448/1344/46
f 452/1345/1 455/1346/1 453/1347/1 450/1348/1
f 451/1349/2 452/1350/2 450/1351/2 449/1352/2
f 456/1353/3 451/1354/3 449/1355/3 454/1356/3
f 455/1357/4 456/1358/4 454/1359/4 453/1360/4
f 454/1361/5 449/1362/5 450/1363/5 453/1364/5
f 455/1365/6 452/1366/6 451/1367/6 456/1368/6
f 460/1369/17 463/1370/17 461/1371/17 458/1372/17
f 459/1373/103 460/1374/103 458/1375/103 457/1376/103
f 464/1377/15 459/1378/15 457/1379/15 462/1380/15
f 463/1381/104 464/1382/104 462/1383/104 461/1384/104
f 462/1385/105 457/1386/105 458/1387/105 461/1388/105
f 463/1389/106 460/1390/106 459/1391/106 464/1392/106
f 468/1393/1 471/1394/1 469/1395/1 466/1396/1
f 467/1397/2 468/1398/2 466/1399/2 465/1400/2
f 472/1401/3 467/1402/3 465/1403/3 470/1404/3
f 471/1405/4 472/1406/4 470/1407/4 469/1408/4
f 470/1409/5 465/1410/5 466/1411/5 469/1412/5
f 471/1413/6 468/1414/6 467/1415/6 472/1416/6
f 476/1417/47 479/1418/47 477/1419/47 474/1420/47
f 475/1421/2 476/1422/2 474/1423/2 473/1424/2
f 480/1425/48 475/1426/48 473/1427/48 478/1428/48
f 479/1429/4 480/1430/4 478/1431/4 477/1432/4
f 478/1433/49 473/1434/49 474/1435/49 477/1436/49
f 479/1437/50 476/1438/50 475/1439/50 480/1440/50
f 484/1441/51 487/1442/51 485/1443/51 482/1444/51
f 483/1445/2 484/1446/2 482/1447/2 481/1448/2
f 488/1449/52 483/1450/52 481/1451/52 486/1452/52
f 487/1453/4 488/1454/4 486/1455/4 485/1456/4
f 486/1457/53 481/1458/53 482/1459/53 485/1460/53
f 487/1461/54 484/1462/54 483/1463/54 488/1464/54
f 492/1465/1 495/1466/1 493/1467/1 490/1468/1
f 491/1469/2 492/1470/2 490/1471/2 489/1472/2
f 496/1473/3 491/1474/3 489/1475/3 494/1476/3
f 495/1477/4 496/1478/4 494/1479/4 493/1480/4
f 494/1481/5 489/1482/5 490/1483/5 493/1484/5
f 495/1485/6 492/1486/6 491/1487/6 496/1488/6
f 500/1489/3 503/1490/3 501/1491/3 498/1492/3
f 499/1493/4 500/1494/4 498/1495/4 497/1496/4
f 504/1497/1 499/1498/1 497/1499/1 502/1500/1
f 503/1501/2 504/1502/2 502/1503/2 501/1504/2
f 502/1505/5 497/1506/5 498/1507/5 501/1508/5
f 503/1509/6 500/1510/6 499/1511/6 504/1512/6
f 508/1513/59 511/1514/59 509/1515/59 506/1516/59
f 507/1517/4 508/1518/4 506/1519/4 505/1520/4
f 512/1521/60 507/1522/60 505/1523/60 510/1524/60
f 511/1525/2 512/1526/2 510/1527/2 509/1528/2
f 510/1529/61 505/1530/61 506/1531/61 509/1532/61
f 511/1533/62 508/1534/62 507/1535/62 512/1536/62
f 516/1537/17 519/1538/17 517/1539/17 514/1540/17
f 515/1541/4 516/1542/4 514/1543/4 513/1544/4
f 520/1545/15 515/1546/15 513/1547/15 518/1548/15
f 519/1549/2 520/1550/2 518/1551/2 517/1552/2
f 518/1553/18 513/1554/18 514/1555/18 517/1556/18
f 519/1557/16 516/1558/16 515/1559/16 520/1560/16
f 524/1561/23 527/1562/23 525/1563/23 522/1564/23
f 523/1565/4 524/1566/4 522/1567/4 521/1568/4
f 528/1569/25 523/1570/25 521/1571/25 526/1572/25
f 527/1573/2 528/1574/2 526/1575/2 525/1576/2
f 526/1577/24 521/1578/24 522/1579/24 525/1580/24
f 527/1581/26 524/1582/26 523/1583/26 528/1584/26
f 532/1585/23 535/1586/23 533/1587/23 530/1588/23
f 531/1589/26 532/1590/26 530/1591/26 529/1592/26
f 536/1593/25 531/1594/25 529/1595/25 534/1596/25
f 535/1597/24 536/1598/24 534/1599/24 533/1600/24
f 534/1601/4 529/1602/4 530/1603/4 533/1604/4
f 535/1605/2 532/1606/2 531/1607/2 536/1608/2
f 540/1609/19 543/1610/19 541/1611/19 538/1612/19
f 539/1613/22 540/1614/22 538/1615/22 537/1616/22
f 544/1617/21 539/1618/21 537/1619/21 542/1620/21
f 543/1621/20 544/1622/20 542/1623/20 541/1624/20
f 542/1625/4 537/1626/4 538/1627/4 541/1628/4
f 543/1629/2 540/1630/2 539/1631/2 544/1632/2
f 548/1633/15 551/1634/15 549/1635/15 546/1636/15
f 547/1637/18 548/1638/18 546/1639/18 545/1640/18
f 552/1641/17 547/1642/17 545/1643/17 550/1644/17
f 551/1645/16 552/1646/16 550/1647/16 549/1648/16
f 550/1649/4 545/1650/4 546/1651/4 549/1652/4
f 551/1653/2 548/1654/2 547/1655/2 552/1656/2
f 556/1657/107 559/1658/107 557/1659/107 554/1660/107
f 555/1661/108 556/1662/108 554/1663/108 553/1664/108
f 560/1665/109 555/1666/109 553/1667/109 558/1668/109
f 559/1669/110 560/1670/110 558/1671/110 557/1672/110
f 558/1673/105 553/1674/105 554/1675/105 557/1676/105
f 559/1677/106 556/1678/106 555/1679/106 560/1680/106
f 564/1681/23 567/1682/23 565/1683/23 562/1684/23
f 563/1685/111 564/1686/111 562/1687/111 561/1688/111
f 568/1689/25 563/1690/25 561/1691/25 566/1692/25
f 567/1693/112 568/1694/112 566/1695/112 565/1696/112
f 566/1697/113 561/1698/113 562/1699/113 565/1700/113
f 567/1701/114 564/1702/114 563/1703/114 568/1704/114
f 572/1705/23 575/1706/23 573/1707/23 570/1708/23
f 571/1709/115 572/1710/115 570/1711/115 569/1712/115
f 576/1713/25 571/1714/25 569/1715/25 574/1716/25
f 575/1717/116 576/1718/116 574/1719/116 573/1720/116
f 574/1721/117 569/1722/117 570/1723/117 573/1724/117
f 575/1725/118 572/1726/118 571/1727/118 576/1728/118
f 580/1729/119 583/1730/119 581/1731/119 578/1732/119
f 579/1733/120 580/1734/120 578/1735/120 577/1736/120
f 584/1737/121 579/1738/121 577/1739/121 582/1740/121
f 583/1741/122 584/1742/122 582/1743/122 581/1744/122
f 582/1745/123 577/1746/123 578/1747/123 581/1748/123
f 583/1749/124 580/1750/124 579/1751/124 584/1752/124
f 588/1753/125 591/1754/125 589/1755/125 586/1756/125
f 587/1757/126 588/1758/126 586/1759/126 585/1760/126
f 592/1761/127 587/1762/127 585/1763/127 590/1764/127
f 591/1765/128 592/1766/128 590/1767/128 589/1768/128
f 590/1769/113 585/1770/113 586/1771/113 589/1772/113
f 591/1773/114 588/1774/114 587/1775/114 592/1776/114
f 596/1777/17 599/1778/17 597/1779/17 594/1780/17
f 595/1781/129 596/1782/129 594/1783/129 593/1784/129
f 600/1785/15 595/1786/15 593/1787/15 598/1788/15
f 599/1789/130 600/1790/130 598/1791/130 597/1792/130
f 598/1793/97 593/1794/97 594/1795/97 597/1796/97
f 599/1797/98 596/1798/98 595/1799/98 600/1800/98
f 604/1801/17 607/1802/17 605/1803/17 602/1804/17
f 603/1805/131 604/1806/131 602/1807/131 601/1808/131
f 608/1809/15 603/1810/15 601/1811/15 606/1812/15
f 607/1813/132 608/1814/132 606/1815/132 605/1816/132
f 606/1817/133 601/1818/133 602/1819/133 605/1820/133
f 607/1821/134 604/1822/134 603/1823/134 608/1824/134
f 612/1825/135 615/1826/135 613/1827/135 610/1828/135
f 611/1829/136 612/1830/136 610/1831/136 609/1832/136
f 616/1833/137 611/1834/137 609/1835/137 614/1836/137
f 615/1837/138 616/1838/138 614/1839/138 613/1840/138
f 614/1841/4 609/1842/4 610/1843/4 613/1844/4
f 615/1845/2 612/1846/2 611/1847/2 616/1848/2
f 620/1849/135 623/1850/135 621/1851/135 618/1852/135
f 619/1853/138 620/1854/138 618/1855/138 617/1856/138
f 624/1857/137 619/1858/137 617/1859/137 622/1860/137
f 623/1861/136 624/1862/136 622/1863/136 621/1864/136
f 622/1865/2 617/1866/2 618/1867/2 621/1868/2
f 623/1869/4 620/1870/4 619/1871/4 624/1872/4
f 628/1873/139 631/1874/139 629/1875/139 626/1876/139
f 627/1877/140 628/1878/140 626/1879/140 625/1880/140
f 632/1881/141 627/1882/141 625/1883/141 630/1884/141
f 631/1885/142 632/1886/142 630/1887/142 629/1888/142
f 630/1889/2 625/1890/2 626/1891/2 629/1892/2
f 631/1893/4 628/1894/4 627/1895/4 632/1896/4
f 636/1897/139 639/1898/139 637/1899/139 634/1900/139
f 635/1901/140 636/1902/140 634/1903/140 633/1904/140
f 640/1905/141 635/1906/141 633/1907/141 638/1908/141
f 639/1909/142 640/1910/142 638/1911/142 637/1912/142
f 638/1913/2 633/1914/2 634/1915/2 637/1916/2
f 639/1917/4 636/1918/4 635/1919/4 640/1920/4
f 644/1921/139 647/1922/139 645/1923/139 642/1924/139
f 643/1925/142 644/1926/142 642/1927/142 641/1928/142
f 648/1929/141 643/1930/141 641/1931/141 646/1932/141
f 647/1933/140 648/1934/140 646/1935/140 645/1936/140
f 646/1937/4 641/1938/4 642/1939/4 645/1940/4
f 647/1941/2 644/1942/2 643/1943/2 648/1944/2
f 652/1945/143 655/1946/143 653/1947/143 650/1948/143
f 651/1949/144 652/1950/144 650/1951/144 649/1952/144
f 656/1953/145 651/1954/145 649/1955/145 654/1956/145
f 655/1957/146 656/1958/146 654/1959/146 653/1960/146
f 654/1961/4 649/1962/4 650/1963/4 653/1964/4
f 655/1965/2 652/1966/2 651/1967/2 656/1968/2
f 660/1969/143 663/1970/143 661/1971/143 658/1972/143
f 659/1973/144 660/1974/144 658/1975/144 657/1976/144
f 664/1977/145 659/1978/145 657/1979/145 662/1980/145
f 663/1981/146 664/1982/146 662/1983/146 661/1984/146
f 662/1985/4 657/1986/4 658/1987/4 661/1988/4
f 663/1989/2 660/1990/2 659/1991/2 664/1992/2
f 668/1993/147 671/1994/147 669/1995/147 666/1996/147
f 667/1997/148 668/1998/148 666/1999/148 665/2000/148
f 672/2001/149 667/2002/149 665/2003/149 670/2004/149
f 671/2005/150 672/2006/150 670/2007/150 669/2008/150
f 670/2009/4 665/2010/4 666/2011/4 669/2012/4
f 671/2013/2 668/2014/2 667/2015/2 672/2016/2
f 676/2017/143 679/2018/143 677/2019/143 674/2020/143
f 675/2021/146 676/2022/146 674/2023/146 673/2024/146
f 680/2025/145 675/2026/145 673/2027/145 678/2028/145
f 679/2029/144 680/2030/144 678/2031/144 677/2032/144
f 678/2033/2 673/2034/2 674/2035/2 677/2036/2
f 679/2037/4 676/2038/4 675/2039/4 680/2040/4
f 684/2041/139 687/2042/139 685/2043/139 682/2044/139
f 683/2045/142 684/2046/142 682/2047/142 681/2048/142
f 688/2049/141 683/2050/141 681/2051/141 686/2052/141
f 687/2053/140 688/2054/140 686/2055/140 685/2056/140
f 686/2057/4 681/2058/4 682/2059/4 685/2060/4
f 687/2061/2 684/2062/2 683/2063/2 688/2064/2
f 692/2065/1 695/2066/1 693/2067/1 690/2068/1
f 691/2069/2 692/2070/2 690/2071/2 689/2072/2
f 696/2073/3 691/2074/3 689/2075/3 694/2076/3
f 695/2077/4 696/2078/4 694/2079/4 693/2080/4
f 694/2081/5 689/2082/5 690/2083/5 693/2084/5
f 695/2085/6 692/2086/6 691/2087/6 696/2088/6
f 700/2089/151 703/2090/151 701/2091/151 698/2092/151
f 699/2093/4 700/2094/4 698/2095/4 697/2096/4
f 704/2097/152 699/2098/152 697/2099/152 702/2100/152
f 703/2101/2 704/2102/2 702/2103/2 701/2104/2
f 702/2105/153 697/2106/153 698/2107/153 701/2108/153
f 703/2109/154 700/2110/154 699/2111/154 704/2112/154
f 708/2113/1 711/2114/1 709/2115/1 706/2116/1
f 707/2117/2 708/2118/2 706/2119/2 705/2120/2
f 712/2121/3 707/2122/3 705/2123/3 710/2124/3
f 711/2125/4 712/2126/4 710/2127/4 709/2128/4
f 710/2129/5 705/2130/5 706/2131/5 709/2132/5
f 711/2133/6 708/2134/6 707/2135/6 712/2136/6
f 716/2137/155 719/2138/155 717/2139/155 714/2140/155
f 715/2141/4 716/2142/4 714/2143/4 713/2144/4
f 720/2145/156 715/2146/156 713/2147/156 718/2148/156
f 719/2149/2 720/2150/2 718/2151/2 717/2152/2
f 718/2153/157 713/2154/157 714/2155/157 717/2156/157
f 719/2157/158 716/2158/158 715/2159/158 720/2160/158
f 724/2161/159 727/2162/159 725/2163/159 722/2164/159
f 723/2165/2 724/2166/2 722/2167/2 721/2168/2
f 728/2169/160 723/2170/160 721/2171/160 726/2172/160
f 727/2173/4 728/2174/4 726/2175/4 725/2176/4
f 726/2177/161 721/2178/161 722/2179/161 725/2180/161
f 727/2181/162 724/2182/162 723/2183/162 728/2184/162
f 732/2185/163 735/2186/163 733/2187/163 730/2188/163
f 731/2189/2 732/2190/2 730/2191/2 729/2192/2
f 736/2193/164 731/2194/164 729/2195/164 734/2196/164
f 735/2197/4 736/2198/4 734/2199/4 733/2200/4
f 734/2201/165 729/2202/165 730/2203/165 733/2204/165
f 735/2205/166 732/2206/166 731/2207/166 736/2208/166
f 740/2209/163 743/2210/163 741/2211/163 738/2212/163
f 739/2213/2 740/2214/2 738/2215/2 737/2216/2
f 744/2217/164 739/2218/164 737/2219/164 742/2220/164
f 743/2221/4 744/2222/4 742/2223/4 741/2224/4
f 742/2225/165 737/2226/165 738/2227/165 741/2228/165
f 743/2229/166 740/2230/166 739/2231/166 744/2232/166
f 748/2233/1 751/2234/1 749/2235/1 746/2236/1
f 747/2237/2 748/2238/2 746/2239/2 745/2240/2
f 752/2241/3 747/2242/3 745/2243/3 750/2244/3
f 751/2245/4 752/2246/4 750/2247/4 749/2248/4
f 750/2249/5 745/2250/5 746/2251/5 749/2252/5
f 751/2253/6 748/2254/6 747/2255/6 752/2256/6
f 756/2257/1 759/2258/1 757/2259/1 754/2260/1
f 755/2261/167 756/2262/167 754/2263/167 753/2264/167
f 760/2265/3 755/2266/3 753/2267/3 758/2268/3
f 759/2269/168 760/2270/168 758/2271/168 757/2272/168
f 758/2273/169 753/2274/169 754/2275/169 757/2276/169
f 759/2277/170 756/2278/170 755/2279/170 760/2280/170
f 764/2281/1 767/2282/1 765/2283/1 762/2284/1
f 763/2285/171 764/2286/171 762/2287/171 761/2288/171
f 768/2289/3 763/2290/3 761/2291/3 766/2292/3
f 767/2293/172 768/2294/172 766/2295/172 765/2296/172
f 766/2297/173 761/2298/173 762/2299/173 765/2300/173
f 767/2301/174 764/2302/174 763/2303/174 768/2304/174
f 772/2305/175 775/2306/175 773/2307/175 770/2308/175
f 771/2309/2 772/2310/2 770/2311/2 769/2312/2
f 776/2313/176 771/2314/176 769/2315/176 774/2316/176
f 775/2317/4 776/2318/4 774/2319/4 773/2320/4
f 774/2321/177 769/2322/177 770/2323/177 773/2324/177
f 775/2325/178 772/2326/178 771/2327/178 776/2328/178
f 780/2329/1 783/2330/1 781/2331/1 778/2332/1
f 779/2333/2 780/2334/2 778/2335/2 777/2336/2
f 784/2337/3 779/2338/3 777/2339/3 782/2340/3
f 783/2341/4 784/2342/4 782/2343/4 781/2344/4
f 782/2345/5 777/2346/5 778/2347/5 781/2348/5
f 783/2349/6 780/2350/6 779/2351/6 784/2352/6
f 788/2353/1 791/2354/1 789/2355/1 786/2356/1
f 787/2357/2 788/2358/2 786/2359/2 785/2360/2
f 792/2361/3 787/2362/3 785/2363/3 790/2364/3
f 791/2365/4 792/2366/4 790/2367/4 789/2368/4
f 790/2369/5 785/2370/5 786/2371/5 789/2372/5
f 791/2373/6 788/2374/6 787/2375/6 792/2376/6
f 796/2377/1 799/2378/1 797/2379/1 794/2380/1
f 795/2381/2 796/2382/2 794/2383/2 793/2384/2
f 800/2385/3 795/2386/3 793/2387/3 798/2388/3
f 799/2389/4 800/2390/4 798/2391/4 797/2392/4
f 798/2393/5 793/2394/5 794/2395/5 797/2396/5
f 799/2397/6 796/2398/6 795/2399/6 800/2400/6
f 804/2401/175 807/2402/175 805/2403/175 802/2404/175
f 803/2405/2 804/2406/2 802/2407/2 801/2408/2
f 808/2409/176 803/2410/176 801/2411/176 806/2412/176
f 807/2413/4 808/2414/4 806/2415/4 805/2416/4
f 806/2417/177 801/2418/177 802/2419/177 805/2420/177
f 807/2421/178 804/2422/178 803/2423/178 808/2424/178
f 812/2425/175 815/2426/175 813/2427/175 810/2428/175
f 811/2429/2 812/2430/2 810/2431/2 809/2432/2
f 816/2433/176 811/2434/176 809/2435/176 814/2436/176
f 815/2437/4 816/2438/4 814/2439/4 813/2440/4
f 814/2441/177 809/2442/177 810/2443/177 813/2444/177
f 815/2445/178 812/2446/178 811/2447/178 816/2448/178
f 820/2449/3 823/2450/3 821/2451/3 818/2452/3
f 819/2453/4 820/2454/4 818/2455/4 817/2456/4
f 824/2457/1 819/2458/1 817/2459/1 822/2460/1
f 823/2461/2 824/2462/2 822/2463/2 821/2464/2
f 822/2465/5 817/2466/5 818/2467/5 821/2468/5
f 823/2469/6 820/2470/6 819/2471/6 824/2472/6
f 828/2473/176 831/2474/176 829/2475/176 826/2476/176
f 827/2477/4 828/2478/4 826/2479/4 825/2480/4
f 832/2481/175 827/2482/175 825/2483/175 830/2484/175
f 831/2485/2 832/2486/2 830/2487/2 829/2488/2
f 830/2489/177 825/2490/177 826/2491/177 829/2492/177
f 831/2493/178 828/2494/178 827/2495/178 832/2496/178
f 836/2497/1 839/2498/1 837/2499/1 834/2500/1
f 835/2501/2 836/2502/2 834/2503/2 833/2504/2
f 840/2505/3 835/2506/3 833/2507/3 838/2508/3
f 839/2509/4 840/2510/4 838/2511/4 837/2512/4
f 838/2513/5 833/2514/5 834/2515/5 837/2516/5
f 839/2517/6 836/2518/6 835/2519/6 840/2520/6
f 844/2521/1 847/2522/1 845/2523/1 842/2524/1
f 843/2525/2 844/2526/2 842/2527/2 841/2528/2
f 848/2529/3 843/2530/3 841/2531/3 846/2532/3
f 847/2533/4 848/2534/4 846/2535/4 845/2536/4
f 846/2537/5 841/2538/5 842/2539/5 845/2540/5
f 847/2541/6 844/2542/6 843/2543/6 848/2544/6
f 852/2545/1 855/2546/1 853/2547/1 850/2548/1
f 851/2549/2 852/2550/2 850/2551/2 849/2552/2
f 856/2553/3 851/2554/3 849/2555/3 854/2556/3
f 855/2557/4 856/2558/4 854/2559/4 853/2560/4
f 854/2561/5 849/2562/5 850/2563/5 853/2564/5
f 855/2565/6 852/2566/6 851/2567/6 856/2568/6
f 860/2569/179 863/2570/179 861/2571/179 858/2572/179
f 859/2573/2 860/2574/2 858/2575/2 857/2576/2
f 864/2577/180 859/2578/180 857/2579/180 862/2580/180
f 863/2581/4 864/2582/4 862/2583/4 861/2584/4
f 862/2585/181 857/2586/181 858/2587/181 861/2588/181
f 863/2589/182 860/2590/182 859/2591/182 864/2592/182
f 868/2593/1 871/2594/1 869/2595/1 866/2596/1
f 867/2597/2 868/2598/2 866/2599/2 865/2600/2
f 872/2601/3 867/2602/3 865/2603/3 870/2604/3
f 871/2605/4 872/2606/4 870/2607/4 869/2608/4
f 870/2609/5 865/2610/5 866/2611/5 869/2612/5
f 871/2613/6 868/2614/6 867/2615/6 872/2616/6
f 876/2617/1 879/2618/1 877/2619/1 874/2620/1
f 875/2621/2 876/2622/2 874/2623/2 873/2624/2
f 880/2625/3 875/2626/3 873/2627/3 878/2628/3
f 879/2629/4 880/2630/4 878/2631/4 877/2632/4
f 878/2633/5 873/2634/5 874/2635/5 877/2636/5
f 879/2637/6 876/2638/6 875/2639/6 880/2640/6
f 884/2641/163 887/2642/163 885/2643/163 882/2644/163
f 883/2645/2 884/2646/2 882/2647/2 881/2648/2
f 888/2649/164 883/2650/164 881/2651/164 886/2652/164
f 887/2653/4 888/2654/4 886/2655/4 885/2656/4
f 886/2657/165 881/2658/165 882/2659/165 885/2660/165
f 887/2661/166 884/2662/166 883/2663/166 888/2664/166
f 892/2665/163 895/2666/163 893/2667/163 890/2668/163
f 891/2669/2 892/2670/2 890/2671/2 889/2672/2
f 896/2673/164 891/2674/164 889/2675/164 894/2676/164
f 895/2677/4 896/2678/4 894/2679/4 893/2680/4
f 894/2681/165 889/2682/165 890/2683/165 893/2684/165
f 895/2685/166 892/2686/166 891/2687/166 896/2688/166
f 900/2689/1 903/2690/1 901/2691/1 898/2692/1
f 899/2693/2 900/2694/2 898/2695/2 897/2696/2
f 904/2697/3 899/2698/3 897/2699/3 902/2700/3
f 903/2701/4 904/2702/4 902/2703/4 901/2704/4
f 902/2705/5 897/2706/5 898/2707/5 901/2708/5
f 903/2709/6 900/2710/6 899/2711/6 904/2712/6
f 908/2713/183 911/2714/183 909/2715/183 906/2716/183
f 907/2717/2 908/2718/2 906/2719/2 905/2720/2
f 912/2721/184 907/2722/184 905/2723/184 910/2724/184
f 911/2725/4 912/2726/4 910/2727/4 909/2728/4
f 910/2729/185 905/2730/185 906/2731/185 909/2732/185
f 911/2733/186 908/2734/186 907/2735/186 912/2736/186
f 916/2737/179 919/2738/179 917/2739/179 914/2740/179
f 915/2741/2 916/2742/2 914/2743/2 913/2744/2
f 920/2745/180 915/2746/180 913/2747/180 918/2748/180
f 919/2749/4 920/2750/4 918/2751/4 917/2752/4
f 918/2753/181 913/2754/181 914/2755/181 917/2756/181
f 919/2757/182 916/2758/182 915/2759/182 920/2760/182
f 924/2761/1 927/2762/1 925/2763/1 922/2764/1
f 923/2765/2 924/2766/2 922/2767/2 921/2768/2
f 928/2769/3 923/2770/3 921/2771/3 926/2772/3
f 927/2773/4 928/2774/4 926/2775/4 925/2776/4
f 926/2777/5 921/2778/5 922/2779/5 925/2780/5
f 927/2781/6 924/2782/6 923/2783/6 928/2784/6
f 932/2785/187 935/2786/187 933/2787/187 930/2788/187
f 931/2789/5 932/2790/5 930/2791/5 929/2792/5
f 936/2793/188 931/2794/188 929/2795/188 934/2796/188
f 935/2797/6 936/2798/6 934/2799/6 933/2800/6
f 934/2801/189 929/2802/189 930/2803/189 933/2804/189
f 935/2805/190 932/2806/190 931/2807/190 936/2808/190
f 940/2809/1 943/2810/1 941/2811/1 938/2812/1
f 939/2813/5 940/2814/5 938/2815/5 937/2816/5
f 944/2817/3 939/2818/3 937/2819/3 942/2820/3
f 943/2821/6 944/2822/6 942/2823/6 941/2824/6
f 942/2825/4 937/2826/4 938/2827/4 941/2828/4
f 943/2829/2 940/2830/2 939/2831/2 944/2832/2
f 948/2833/189 951/2834/189 949/2835/189 946/2836/189
f 947/2837/6 948/2838/6 946/2839/6 945/2840/6
f 952/2841/190 947/2842/190 945/2843/190 950/2844/190
f 951/2845/5 952/2846/5 950/2847/5 949/2848/5
f 950/2849/187 945/2850/187 946/2851/187 949/2852/187
f 951/2853/188 948/2854/188 947/2855/188 952/2856/188
f 956/2857/1 959/2858/1 957/2859/1 954/2860/1
f 955/2861/6 956/2862/6 954/2863/6 953/2864/6
f 960/2865/3 955/2866/3 953/2867/3 958/2868/3
f 959/2869/5 960/2870/5 958/2871/5 957/2872/5
f 958/2873/2 953/2874/2 954/2875/2 957/2876/2
f 959/2877/4 956/2878/4 955/2879/4 960/2880/4
f 964/2881/187 967/2882/187 965/2883/187 962/2884/187
f 963/2885/6 964/2886/6 962/2887/6 961/2888/6
f 968/2889/188 963/2890/188 961/2891/188 966/2892/188
f 967/2893/5 968/2894/5 966/2895/5 965/2896/5
f 966/2897/190 961/2898/190 962/2899/190 965/2900/190
f 967/2901/189 964/2902/189 963/2903/189 968/2904/189
f 972/2905/1 975/2906/1 973/2907/1 970/2908/1
f 971/2909/5 972/2910/5 970/2911/5 969/2912/5
f 976/2913/3 971/2914/3 969/2915/3 974/2916/3
f 975/2917/6 976/2918/6 974/2919/6 973/2920/6
f 974/2921/4 969/2922/4 970/2923/4 973/2924/4
f 975/2925/2 972/2926/2 971/2927/2 976/2928/2
f 980/2929/1 983/2930/1 981/2931/1 978/2932/1
f 979/2933/191 980/2934/191 978/2935/191 977/2936/191
f 984/2937/3 979/2938/3 977/2939/3 982/2940/3
f 983/2941/192 984/2942/192 982/2943/192 981/2944/192
f 982/2945/193 977/2946/193 978/2947/193 981/2948/193
f 983/2949/194 980/2950/194 979/2951/194 984/2952/194
f 988/2953/1 991/2954/1 989/2955/1 986/2956/1
f 987/2957/5 988/2958/5 986/2959/5 985/2960/5
f 992/2961/3 987/2962/3 985/2963/3 990/2964/3
f 991/2965/6 992/2966/6 990/2967/6 989/2968/6
f 990/2969/4 985/2970/4 986/2971/4 989/2972/4
f 991/2973/2 988/2974/2 987/2975/2 992/2976/2
f 996/2977/183 999/2978/183 997/2979/183 994/2980/183
f 995/2981/2 996/2982/2 994/2983/2 993/2984/2
f 1000/2985/184 995/2986/184 993/2987/184 998/2988/184
f 999/2989/4 1000/2990/4 998/2991/4 997/2992/4
f 998/2993/185 993/2994/185 994/2995/185 997/2996/185
f 999/2997/186 996/2998/186 995/2999/186 1000/3000/186
f 1004/3001/1 1007/3002/1 1005/3003/1 1002/3004/1
f 1003/3005/2 1004/3006/2 1002/3007/2 1001/3008/2
f 1008/3009/3 1003/3010/3 1001/3011/3 1006/3012/3
f 1007/3013/4 1008/3014/4 1006/3015/4 1005/3016/4
f 1006/3017/5 1001/3018/5 1002/3019/5 1005/3020/5
f 1007/3021/6 1004/3022/6 1003/3023/6 1008/3024/6
f 1012/3025/1 1015/3026/1 1013/3027/1 1010/3028/1
f 1011/3029/2 1012/3030/2 1010/3031/2 1009/3032/2
f 1016/3033/3 1011/3034/3 1009/3035/3 1014/3036/3
f 1015/3037/4 1016/3038/4 1014/3039/4 1013/3040/4
f 1014/3041/5 1009/3042/5 1010/3043/5 1013/3044/5
f 1015/3045/6 1012/3046/6 1011/3047/6 1016/3048/6
f 1020/3049/1 1023/3050/1 1021/3051/1 1018/3052/1
f 1019/3053/195 1020/3054/195 1018/3055/195 1017/3056/195
f 1024/3057/3 1019/3058/3 1017/3059/3 1022/3060/3
f 1023/3061/196 1024/3062/196 1022/3063/196 1021/3064/196
f 1022/3065/197 1017/3066/197 1018/3067/197 1021/3068/197
f 1023/3069/198 1020/3070/198 1019/3071/198 1024/3072/198
f 1028/3073/189 1031/3074/189 1029/3075/189 1026/3076/189
f 1027/3077/5 1028/3078/5 1026/3079/5 1025/3080/5
f 1032/3081/190 1027/3082/190 1025/3083/190 1030/3084/190
f 1031/3085/6 1032/3086/6 1030/3087/6 1029/3088/6
f 1030/3089/188 1025/3090/188 1026/3091/188 1029/3092/188
f 1031/3093/187 1028/3094/187 1027/3095/187 1032/3096/187
f 1036/3097/1 1039/3098/1 1037/3099/1 1034/3100/1
f 1035/3101/2 1036/3102/2 1034/3103/2 1033/3104/2
f 1040/3105/3 1035/3106/3 1033/3107/3 1038/3108/3
f 1039/3109/4 1040/3110/4 1038/3111/4 1037/3112/4
f 1038/3113/5 1033/3114/5 1034/3115/5 1037/3116/5
f 1039/3117/6 1036/3118/6 1035/3119/6 1040/3120/6
f 1044/3121/199 1047/3122/199 1045/3123/199 1042/3124/199
f 1043/3125/2 1044/3126/2 1042/3127/2 1041/3128/2
f 1048/3129/200 1043/3130/200 1041/3131/200 1046/3132/200
f 1047/3133/4 1048/3134/4 1046/3135/4 1045/3136/4
f 1046/3137/201 1041/3138/201 1042/3139/201 1045/3140/201
f 1047/3141/202 1044/3142/202 1043/3143/202 1048/3144/202
f 1052/3145/1 1055/3146/1 1053/3147/1 1050/3148/1
f 1051/3149/2 1052/3150/2 1050/3151/2 1049/3152/2
f 1056/3153/3 1051/3154/3 1049/3155/3 1054/3156/3
f 1055/3157/4 1056/3158/4 1054/3159/4 1053/3160/4
f 1054/3161/5 1049/3162/5 1050/3163/5 1053/3164/5
f 1055/3165/6 1052/3166/6 1051/3167/6 1056/3168/6
f 1060/3169/3 1063/3170/3 1061/3171/3 1058/3172/3
f 1059/3173/4 1060/3174/4 1058/3175/4 1057/3176/4
f 1064/3177/1 1059/3178/1 1057/3179/1 1062/3180/1
f 1063/3181/2 1064/3182/2 1062/3183/2 1061/3184/2
f 1062/3185/5 1057/3186/5 1058/3187/5 1061/3188/5
f 1063/3189/6 1060/3190/6 1059/3191/6 1064/3192/6
f 1068/3193/3 1071/3194/3 1069/3195/3 1066/3196/3
f 1067/3197/4 1068/3198/4 1066/3199/4 1065/3200/4
f 1072/3201/1 1067/3202/1 1065/3203/1 1070/3204/1
f 1071/3205/2 1072/3206/2 1070/3207/2 1069/3208/2
f 1070/3209/5 1065/3210/5 1066/3211/5 1069/3212/5
f 1071/3213/6 1068/3214/6 1067/3215/6 1072/3216/6
f 1076/3217/143 1079/3218/143 1077/3219/143 1074/3220/143
f 1075/3221/144 1076/3222/144 1074/3223/144 1073/3224/144
f 1080/3225/203 1075/3226/203 1073/3227/203 1078/3228/203
f 1079/3229/146 1080/3230/146 1078/3231/146 1077/3232/146
f 1078/3233/4 1073/3234/4 1074/3235/4 1077/3236/4
f 1079/3237/2 1076/3238/2 1075/3239/2 1080/3240/2
f 1084/3241/204 1087/3242/204 1085/3243/204 1082/3244/204
f 1083/3245/205 1084/3246/205 1082/3247/205 1081/3248/205
f 1088/3249/206 1083/3250/206 1081/3251/206 1086/3252/206
f 1087/3253/207 1088/3254/207 1086/3255/207 1085/3256/207
f 1086/3257/208 1081/3258/208 1082/3259/208 1085/3260/208
f 1087/3261/209 1084/3262/209 1083/3263/209 1088/3264/209
f 1092/3265/210 1095/3266/210 1093/3267/210 1090/3268/210
f 1091/3269/2 1092/3270/2 1090/3271/2 1089/3272/2
f 1096/3273/211 1091/3274/211 1089/3275/211 1094/3276/211
f 1095/3277/4 1096/3278/4 1094/3279/4 1093/3280/4
f 1094/3281/212 1089/3282/212 1090/3283/212 1093/3284/212
f 1095/3285/213 1092/3286/213 1091/3287/213 1096/3288/213
f 1100/3289/210 1103/3290/210 1101/3291/210 1098/3292/210
f 1099/3293/2 1100/3294/2 1098/3295/2 1097/3296/2
f 1104/3297/211 1099/3298/211 1097/3299/211 1102/3300/211
f 1103/3301/4 1104/3302/4 1102/3303/4 1101/3304/4
f 1102/3305/212 1097/3306/212 1098/3307/212 1101/3308/212
f 1103/3309/213 1100/3310/213 1099/3311/213 1104/3312/213
f 1108/3313/214 1111/3314/214 1109/3315/214 1106/3316/214
f 1107/3317/215 1108/3318/215 1106/3319/215 1105/3320/215
f 1112/3321/216 1107/3322/216 1105/3323/216 1110/3324/216
f 1111/3325/217 1112/3326/217 1110/3327/217 1109/3328/217
f 1110/3329/218 1105/3330/218 1106/3331/218 1109/3332/218
f 1111/3333/219 1108/3334/219 1107/3335/219 1112/3336/219
f 1116/3337/220 1119/3338/220 1117/3339/220 1114/3340/220
f 1115/3341/221 1116/3342/221 1114/3343/221 1113/3344/221
f 1120/3345/222 1115/3346/222 1113/3347/222 1118/3348/222
f 1119/3349/223 1120/3350/223 1118/3351/223 1117/3352/223
f 1118/3353/4 1113/3354/4 1114/3355/4 1117/3356/4
f 1119/3357/2 1116/3358/2 1115/3359/2 1120/3360/2
f 1124/3361/159 1127/3362/159 1125/3363/159 1122/3364/159
f 1123/3365/162 1124/3366/162 1122/3367/162 1121/3368/162
f 1128/3369/160 1123/3370/160 1121/3371/160 1126/3372/160
f 1127/3373/161 1128/3374/161 1126/3375/161 1125/3376/161
f 1126/3377/2 1121/3378/2 1122/3379/2 1125/3380/2
f 1127/3381/4 1124/3382/4 1123/3383/4 1128/3384/4
f 1132/3385/210 1135/3386/210 1133/3387/210 1130/3388/210
f 1131/3389/2 1132/3390/2 1130/3391/2 1129/3392/2
f 1136/3393/211 1131/3394/211 1129/3395/211 1134/3396/211
f 1135/3397/4 1136/3398/4 1134/3399/4 1133/3400/4
f 1134/3401/212 1129/3402/212 1130/3403/212 1133/3404/212
f 1135/3405/213 1132/3406/213 1131/3407/213 1136/3408/213
f 1140/3409/1 1143/3410/1 1141/3411/1 1138/3412/1
f 1139/3413/224 1140/3414/224 1138/3415/224 1137/3416/224
f 1144/3417/3 1139/3418/3 1137/3419/3 1142/3420/3
f 1143/3421/225 1144/3422/225 1142/3423/225 1141/3424/225
f 1142/3425/226 1137/3426/226 1138/3427/226 1141/3428/226
f 1143/3429/227 1140/3430/227 1139/3431/227 1144/3432/227
f 1148/3433/1 1151/3434/1 1149/3435/1 1146/3436/1
f 1147/3437/227 1148/3438/227 1146/3439/227 1145/3440/227
f 1152/3441/3 1147/3442/3 1145/3443/3 1150/3444/3
f 1151/3445/226 1152/3446/226 1150/3447/226 1149/3448/226
f 1150/3449/224 1145/3450/224 1146/3451/224 1149/3452/224
f 1151/3453/225 1148/3454/225 1147/3455/225 1152/3456/225
f 1156/3457/3 1159/3458/3 1157/3459/3 1154/3460/3
f 1155/3461/4 1156/3462/4 1154/3463/4 1153/3464/4
f 1160/3465/1 1155/3466/1 1153/3467/1 1158/3468/1
f 1159/3469/2 1160/3470/2 1158/3471/2 1157/3472/2
f 1158/3473/5 1153/3474/5 1154/3475/5 1157/3476/5
f 1159/3477/6 1156/3478/6 1155/3479/6 1160/3480/6
f 1164/3481/228 1167/3482/228 1165/3483/228 1162/3484/228
f 1163/3485/229 1164/3486/229 1162/3487/229 1161/3488/229
f 1168/3489/230 1163/3490/230 1161/3491/230 1166/3492/230
f 1167/3493/231 1168/3494/231 1166/3495/231 1165/3496/231
f 1166/3497/232 1161/3498/232 1162/3499/232 1165/3500/232
f 1167/3501/233 1164/3502/233 1163/3503/233 1168/3504/233
f 1172/3481/234 1175/3482/234 1173/3483/234 1170/3484/234
f 1171/3485/235 1172/3486/235 1170/3487/235 1169/3488/235
f 1176/3489/236 1171/3490/236 1169/3491/236 1174/3492/236
f 1175/3493/237 1176/3494/237 1174/3495/237 1173/3496/237
f 1174/3497/238 1169/3498/238 1170/3499/238 1173/3500/238
f 1175/3501/239 1172/3502/239 1171/3503/239 1176/3504/239
f 1180/3505/240 1183/3506/240 1181/3507/240 1178/3508/240
f 1179/3509/241 1180/3510/241 1178/3511/241 1177/3512/241
f 1184/3513/242 1179/3514/242 1177/3515/242 1182/3516/242
f 1183/3517/243 1184/3518/243 1182/3519/243 1181/3520/243
f 1182/3521/244 1177/3522/244 1178/3523/244 1181/3524/244
f 1183/3525/245 1180/3526/245 1179/3527/245 1184/3528/245
f 1188/3505/246 1191/3506/246 1189/3507/246 1186/3508/246
f 1187/3509/247 1188/3510/247 1186/3511/247 1185/3512/247
f 1192/3513/248 1187/3514/248 1185/3515/248 1190/3516/248
f 1191/3517/249 1192/3518/249 1190/3519/249 1189/3520/249
f 1190/3521/250 1185/3522/250 1186/3523/250 1189/3524/250
f 1191/3525/251 1188/3526/251 1187/3527/251 1192/3528/251
f 1196/3529/1 1199/3530/1 1197/3531/1 1194/3532/1
f 1195/3533/2 1196/3534/2 1194/3535/2 1193/3536/2
f 1200/3537/3 1195/3538/3 1193/3539/3 1198/3540/3
f 1199/3541/4 1200/3542/4 1198/3543/4 1197/3544/4
f 1198/3545/5 1193/3546/5 1194/3547/5 1197/3548/5
f 1199/3549/6 1196/3550/6 1195/3551/6 1200/3552/6
f 1204/3553/1 1207/3554/1 1205/3555/1 1202/3556/1
f 1203/3557/2 1204/3558/2 1202/3559/2 1201/3560/2
f 1208/3561/3 1203/3562/3 1201/3563/3 1206/3564/3
f 1207/3565/4 1208/3566/4 1206/3567/4 1205/3568/4
f 1206/3569/5 1201/3570/5 1202/3571/5 1205/3572/5
f 1207/3573/6 1204/3574/6 1203/3575/6 1208/3576/6
f 1212/3577/252 1215/3578/252 1213/3579/252 1210/3580/252
f 1211/3581/4 1212/3582/4 1210/3583/4 1209/3584/4
f 1216/3585/253 1211/3586/253 1209/3587/253 1214/3588/253
f 1215/3589/2 1216/3590/2 1214/3591/2 1213/3592/2
f 1214/3593/254 1209/3594/254 1210/3595/254 1213/3596/254
f 1215/3597/255 1212/3598/255 1211/3599/255 1216/3600/255
f 1220/3601/252 1223/3602/252 1221/3603/252 1218/3604/252
f 1219/3605/4 1220/3606/4 1218/3607/4 1217/3608/4
f 1224/3609/253 1219/3610/253 1217/3611/253 1222/3612/253
f 1223/3613/2 1224/3614/2 1222/3615/2 1221/3616/2
f 1222/3617/254 1217/3618/254 1218/3619/254 1221/3620/254
f 1223/3621/255 1220/3622/255 1219/3623/255 1224/3624/255
f 1228/3625/256 1231/3626/256 1229/3627/256 1226/3628/256
f 1227/3629/2 1228/3630/2 1226/3631/2 1225/3632/2
f 1232/3633/257 1227/3634/257 1225/3635/257 1230/3636/257
f 1231/3637/4 1232/3638/4 1230/3639/4 1229/3640/4
f 1230/3641/258 1225/3642/258 1226/3643/258 1229/3644/258
f 1231/3645/259 1228/3646/259 1227/3647/259 1232/3648/259
f 1236/3649/1 1239/3650/1 1237/3651/1 1234/3652/1
f 1235/3653/224 1236/3654/224 1234/3655/224 1233/3656/224
f 1240/3657/3 1235/3658/3 1233/3659/3 1238/3660/3
f 1239/3661/225 1240/3662/225 1238/3663/225 1237/3664/225
f 1238/3665/226 1233/3666/226 1234/3667/226 1237/3668/226
f 1239/3669/227 1236/3670/227 1235/3671/227 1240/3672/227
f 1244/3673/256 1247/3674/256 1245/3675/256 1242/3676/256
f 1243/3677/2 1244/3678/2 1242/3679/2 1241/3680/2
f 1248/3681/257 1243/3682/257 1241/3683/257 1246/3684/257
f 1247/3685/4 1248/3686/4 1246/3687/4 1245/3688/4
f 1246/3689/258 1241/3690/258 1242/3691/258 1245/3692/258
f 1247/3693/259 1244/3694/259 1243/3695/259 1248/3696/259
f 1252/3697/256 1255/3698/256 1253/3699/256 1250/3700/256
f 1251/3701/2 1252/3702/2 1250/3703/2 1249/3704/2
f 1256/3705/257 1251/3706/257 1249/3707/257 1254/3708/257
f 1255/3709/4 1256/3710/4 1254/3711/4 1253/3712/4
f 1254/3713/258 1249/3714/258 1250/3715/258 1253/3716/258
f 1255/3717/259 1252/3718/259 1251/3719/259 1256/3720/259
f 1260/3721/1 1263/3722/1 1261/3723/1 1258/3724/1
f 1259/3725/2 1260/3726/2 1258/3727/2 1257/3728/2
f 1264/3729/3 1259/3730/3 1257/3731/3 1262/3732/3
f 1263/3733/4 1264/3734/4 1262/3735/4 1261/3736/4
f 1262/3737/5 1257/3738/5 1258/3739/5 1261/3740/5
f 1263/3741/6 1260/3742/6 1259/3743/6 1264/3744/6
f 1268/3745/260 1271/3746/260 1269/3747/260 1266/3748/260
f 1267/3749/2 1268/3750/2 1266/3751/2 1265/3752/2
f 1272/3753/261 1267/3754/261 1265/3755/261 1270/3756/261
f 1271/3757/4 1272/3758/4 1270/3759/4 1269/3760/4
f 1270/3761/262 1265/3762/262 1266/3763/262 1269/3764/262
f 1271/3765/263 1268/3766/263 1267/3767/263 1272/3768/263
f 1276/3769/264 1279/3770/264 1277/3771/264 1274/3772/264
f 1275/3773/2 1276/3774/2 1274/3775/2 1273/3776/2
f 1280/3777/265 1275/3778/265 1273/3779/265 1278/3780/265
f 1279/3781/4 1280/3782/4 1278/3783/4 1277/3784/4
f 1278/3785/266 1273/3786/266 1274/3787/266 1277/3788/266
f 1279/3789/267 1276/3790/267 1275/3791/267 1280/3792/267
f 1284/3793/1 1287/3794/1 1285/3795/1 1282/3796/1
f 1283/3797/227 1284/3798/227 1282/3799/227 1281/3800/227
f 1288/3801/3 1283/3802/3 1281/3803/3 1286/3804/3
f 1287/3805/226 1288/3806/226 1286/3807/226 1285/3808/226
f 1286/3809/224 1281/3810/224 1282/3811/224 1285/3812/224
f 1287/3813/225 1284/3814/225 1283/3815/225 1288/3816/225
f 1292/3817/1 1295/3818/1 1293/3819/1 1290/3820/1
f 1291/3821/2 1292/3822/2 1290/3823/2 1289/3824/2
f 1296/3825/3 1291/3826/3 1289/3827/3 1294/3828/3
f 1295/3829/4 1296/3830/4 1294/3831/4 1293/3832/4
f 1294/3833/5 1289/3834/5 1290/3835/5 1293/3836/5
f 1295/3837/6 1292/3838/6 1291/3839/6 1296/3840/6
f 1300/3841/1 1303/3842/1 1301/3843/1 1298/3844/1
f 1299/3845/2 1300/3846/2 1298/3847/2 1297/3848/2
f 1304/3849/3 1299/3850/3 1297/3851/3 1302/3852/3
f 1303/3853/4 1304/3854/4 1302/3855/4 1301/3856/4
f 1302/3857/5 1297/3858/5 1298/3859/5 1301/3860/5
f 1303/3861/6 1300/3862/6 1299/3863/6 1304/3864/6
f 1308/3865/1 1311/3866/1 1309/3867/1 1306/3868/1
f 1307/3869/268 1308/3870/268 1306/3871/268 1305/3872/268
f 1312/3873/3 1307/3874/3 1305/3875/3 1310/3876/3
f 1311/3877/269 1312/3878/269 1310/3879/269 1309/3880/269
f 1310/3881/270 1305/3882/270 1306/3883/270 1309/3884/270
f 1311/3885/271 1308/3886/271 1307/3887/271 1312/3888/271
f 1316/3889/177 1319/3890/177 1317/3891/177 1314/3892/177
f 1315/3893/2 1316/3894/2 1314/3895/2 1313/3896/2
f 1320/3897/178 1315/3898/178 1313/3899/178 1318/3900/178
f 1319/3901/4 1320/3902/4 1318/3903/4 1317/3904/4
f 1318/3905/176 1313/3906/176 1314/3907/176 1317/3908/176
f 1319/3909/175 1316/3910/175 1315/3911/175 1320/3912/175
f 1324/3913/177 1327/3914/177 1325/3915/177 1322/3916/177
f 1323/3917/2 1324/3918/2 1322/3919/2 1321/3920/2
f 1328/3921/178 1323/3922/178 1321/3923/178 1326/3924/178
f 1327/3925/4 1328/3926/4 1326/3927/4 1325/3928/4
f 1326/3929/176 1321/3930/176 1322/3931/176 1325/3932/176
f 1327/3933/175 1324/3934/175 1323/3935/175 1328/3936/175
f 1332/3937/272 1335/3938/272 1333/3939/272 1330/3940/272
f 1331/3941/2 1332/3942/2 1330/3943/2 1329/3944/2
f 1336/3945/154 1331/3946/154 1329/3947/154 1334/3948/154
f 1335/3949/4 1336/3950/4 1334/3951/4 1333/3952/4
f 1334/3953/151 1329/3954/151 1330/3955/151 1333/3956/151
f 1335/3957/152 1332/3958/152 1331/3959/152 1336/3960/152
f 1340/3961/153 1343/3962/153 1341/3963/153 1338/3964/153
f 1339/3965/2 1340/3966/2 1338/3967/2 1337/3968/2
f 1344/3969/154 1339/3970/154 1337/3971/154 1342/3972/154
f 1343/3973/4 1344/3974/4 1342/3975/4 1341/3976/4
f 1342/3977/151 1337/3978/151 1338/3979/151 1341/3980/151
f 1343/3981/152 1340/3982/152 1339/3983/152 1344/3984/152
f 1348/3985/272 1351/3986/272 1349/3987/272 1346/3988/272
f 1347/3989/2 1348/3990/2 1346/3991/2 1345/3992/2
f 1352/3993/154 1347/3994/154 1345/3995/154 1350/3996/154
f 1351/3997/4 1352/3998/4 1350/3999/4 1349/4000/4
f 1350/4001/151 1345/4002/151 1346/4003/151 1349/4004/151
f 1351/4005/152 1348/4006/152 1347/4007/152 1352/4008/152
f 1356/4009/153 1359/4010/153 1357/4011/153 1354/4012/153
f 1355/4013/2 1356/4014/2 1354/4015/2 1353/4016/2
f 1360/4017/154 1355/4018/154 1353/4019/154 1358/4020/154
f 1359/4021/4 1360/4022/4 1358/4023/4 1357/4024/4
f 1358/4025/151 1353/4026/151 1354/4027/151 1357/4028/151
f 1359/4029/152 1356/4030/152 1355/4031/152 1360/4032/152
f 1364/4033/177 1367/4034/177 1365/4035/177 1362/4036/177
f 1363/4037/2 1364/4038/2 1362/4039/2 1361/4040/2
f 1368/4041/178 1363/4042/178 1361/4043/178 1366/4044/178
f 1367/4045/4 1368/4046/4 1366/4047/4 1365/4048/4
f 1366/4049/176 1361/4050/176 1362/4051/176 1365/4052/176
f 1367/4053/175 1364/4054/175 1363/4055/175 1368/4056/175
f 1372/4057/177 1375/4058/177 1373/4059/177 1370/4060/177
f 1371/4061/2 1372/4062/2 1370/4063/2 1369/4064/2
f 1376/4065/178 1371/4066/178 1369/4067/178 1374/4068/178
f 1375/4069/4 1376/4070/4 1374/4071/4 1373/4072/4
f 1374/4073/176 1369/4074/176 1370/4075/176 1373/4076/176
f 1375/4077/175 1372/4078/175 1371/4079/175 1376/4080/175
f 1380/4081/44 1383/4082/44 1381/4083/44 1378/4084/44
f 1379/4085/4 1380/4086/4 1378/4087/4 1377/4088/4
f 1384/4089/43 1379/4090/43 1377/4091/43 1382/4092/43
f 1383/4093/2 1384/4094/2 1382/4095/2 1381/4096/2
f 1382/4097/45 1377/4098/45 1378/4099/45 1381/4100/45
f 1383/4101/46 1380/4102/46 1379/4103/46 1384/4104/46
f 1388/4105/186 1391/4106/186 1389/4107/186 1386/4108/186
f 1387/4109/2 1388/4110/2 1386/4111/2 1385/4112/2
f 1392/4113/185 1387/4114/185 1385/4115/185 1390/4116/185
f 1391/4117/4 1392/4118/4 1390/4119/4 1389/4120/4
f 1390/4121/183 1385/4122/183 1386/4123/183 1389/4124/183
f 1391/4125/184 1388/4126/184 1387/4127/184 1392/4128/184
f 1396/4129/186 1399/4130/186 1397/4131/186 1394/4132/186
f 1395/4133/2 1396/4134/2 1394/4135/2 1393/4136/2
f 1400/4137/185 1395/4138/185 1393/4139/185 1398/4140/185
f 1399/4141/4 1400/4142/4 1398/4143/4 1397/4144/4
f 1398/4145/183 1393/4146/183 1394/4147/183 1397/4148/183
f 1399/4149/184 1396/4150/184 1395/4151/184 1400/4152/184
f 1404/4153/1 1407/4154/1 1405/4155/1 1402/4156/1
f 1403/4157/273 1404/4158/273 1402/4159/273 1401/4160/273
f 1408/4161/3 1403/4162/3 1401/4163/3 1406/4164/3
f 1407/4165/274 1408/4166/274 1406/4167/274 1405/4168/274
f 1406/4169/275 1401/4170/275 1402/4171/275 1405/4172/275
f 1407/4173/276 1404/4174/276 1403/4175/276 1408/4176/276
f 1412/4177/1 1415/4178/1 1413/4179/1 1410/4180/1
f 1411/4181/277 1412/4182/277 1410/4183/277 1409/4184/277
f 1416/4185/3 1411/4186/3 1409/4187/3 1414/4188/3
f 1415/4189/278 1416/4190/278 1414/4191/278 1413/4192/278
f 1414/4193/279 1409/4194/279 1410/4195/279 1413/4196/279
f 1415/4197/280 1412/4198/280 1411/4199/280 1416/4200/280
f 1420/4201/1 1423/4202/1 1421/4203/1 1418/4204/1
f 1419/4205/2 1420/4206/2 1418/4207/2 1417/4208/2
f 1424/4209/3 1419/4210/3 1417/4211/3 1422/4212/3
f 1423/4213/4 1424/4214/4 1422/4215/4 1421/4216/4
f 1422/4217/5 1417/4218/5 1418/4219/5 1421/4220/5
f 1423/4221/6 1420/4222/6 1419/4223/6 1424/4224/6
f 1428/4225/1 1431/4226/1 1429/4227/1 1426/4228/1
f 1427/4229/2 1428/4230/2 1426/4231/2 1425/4232/2
f 1432/4233/3 1427/4234/3 1425/4235/3 1430/4236/3
f 1431/4237/4 1432/4238/4 1430/4239/4 1429/4240/4
f 1430/4241/5 1425/4242/5 1426/4243/5 1429/4244/5
f 1431/4245/6 1428/4246/6 1427/4247/6 1432/4248/6
f 1436/4249/1 1439/4250/1 1437/4251/1 1434/4252/1
f 1435/4253/2 1436/4254/2 1434/4255/2 1433/4256/2
f 1440/4257/3 1435/4258/3 1433/4259/3 1438/4260/3
f 1439/4261/4 1440/4262/4 1438/4263/4 1437/4264/4
f 1438/4265/5 1433/4266/5 1434/4267/5 1437/4268/5
f 1439/4269/6 1436/4270/6 1435/4271/6 1440/4272/6
f 1444/4273/260 1447/4274/260 1445/4275/260 1442/4276/260
f 1443/4277/2 1444/4278/2 1442/4279/2 1441/4280/2
f 1448/4281/261 1443/4282/261 1441/4283/261 1446/4284/261
f 1447/4285/4 1448/4286/4 1446/4287/4 1445/4288/4
f 1446/4289/262 1441/4290/262 1442/4291/262 1445/4292/262
f 1447/4293/263 1444/4294/263 1443/4295/263 1448/4296/263
f 1452/4297/264 1455/4298/264 1453/4299/264 1450/4300/264
f 1451/4301/2 1452/4302/2 1450/4303/2 1449/4304/2
f 1456/4305/265 1451/4306/265 1449/4307/265 1454/4308/265
f 1455/4309/4 1456/4310/4 1454/4311/4 1453/4312/4
f 1454/4313/266 1449/4314/266 1450/4315/266 1453/4316/266
f 1455/4317/267 1452/4318/267 1451/4319/267 1456/4320/267
f 1460/4321/179 1463/4322/179 1461/4323/179 1458/4324/179
f 1459/4325/2 1460/4326/2 1458/4327/2 1457/4328/2
f 1464/4329/180 1459/4330/180 1457/4331/180 1462/4332/180
f 1463/4333/4 1464/4334/4 1462/4335/4 1461/4336/4
f 1462/4337/181 1457/4338/181 1458/4339/181 1461/4340/181
f 1463/4341/182 1460/4342/182 1459/4343/182 1464/4344/182
f 1468/4345/214 1471/4346/214 1469/4347/214 1466/4348/214
f 1467/4349/215 1468/4350/215 1466/4351/215 1465/4352/215
f 1472/4353/216 1467/4354/216 1465/4355/216 1470/4356/216
f 1471/4357/217 1472/4358/217 1470/4359/217 1469/4360/217
f 1470/4361/218 1465/4362/218 1466/4363/218 1469/4364/218
f 1471/4365/281 1468/4366/281 1467/4367/281 1472/4368/281
f 1476/4369/204 1479/4370/204 1477/4371/204 1474/4372/204
f 1475/4373/205 1476/4374/205 1474/4375/205 1473/4376/205
f 1480/4377/206 1475/4378/206 1473/4379/206 1478/4380/206
f 1479/4381/207 1480/4382/207 1478/4383/207 1477/4384/207
f 1478/4385/208 1473/4386/208 1474/4387/208 1477/4388/208
f 1479/4389/209 1476/4390/209 1475/4391/209 1480/4392/209
f 1484/4393/4 1487/4394/4 1485/4395/4 1482/4396/4
f 1483/4397/1 1484/4398/1 1482/4399/1 1481/4400/1
f 1488/4401/2 1483/4402/2 1481/4403/2 1486/4404/2
f 1487/4405/3 1488/4406/3 1486/4407/3 1485/4408/3
f 1486/4409/5 1481/4410/5 1482/4411/5 1485/4412/5
f 1487/4413/6 1484/4414/6 1483/4415/6 1488/4416/6
f 1492/4393/4 1495/4394/4 1493/4395/4 1490/4396/4
f 1491/4397/1 1492/4398/1 1490/4399/1 1489/4400/1
f 1496/4401/2 1491/4402/2 1489/4403/2 1494/4404/2
f 1495/4405/3 1496/4406/3 1494/4407/3 1493/4408/3
f 1494/4409/5 1489/4410/5 1490/4411/5 1493/4412/5
f 1495/4413/6 1492/4414/6 1491/4415/6 1496/4416/6
f 1500/4417/3 1503/4418/3 1501/4419/3 1498/4420/3
f 1499/4421/4 1500/4422/4 1498/4423/4 1497/4424/4
f 1504/4425/1 1499/4426/1 1497/4427/1 1502/4428/1
f 1503/4429/2 1504/4430/2 1502/4431/2 1501/4432/2
f 1502/4433/5 1497/4434/5 1498/4435/5 1501/4436/5
f 1503/4437/6 1500/4438/6 1499/4439/6 1504/4440/6
f 1508/4441/3 1511/4442/3 1509/4443/3 1506/4444/3
f 1507/4445/4 1508/4446/4 1506/4447/4 1505/4448/4
f 1512/4449/1 1507/4450/1 1505/4451/1 1510/4452/1
f 1511/4453/2 1512/4454/2 1510/4455/2 1509/4456/2
f 1510/4457/5 1505/4458/5 1506/4459/5 1509/4460/5
f 1511/4461/6 1508/4462/6 1507/4463/6 1512/4464/6
f 1516/4465/3 1519/4466/3 1517/4467/3 1514/4468/3
f 1515/4469/282 1516/4470/282 1514/4471/282 1513/4472/282
f 1520/4473/1 1515/4474/1 1513/4475/1 1518/4476/1
f 1519/4477/283 1520/4478/283 1518/4479/283 1517/4480/283
f 1518/4481/284 1513/4482/284 1514/4483/284 1517/4484/284
f 1519/4485/285 1516/4486/285 1515/4487/285 1520/4488/285
f 1524/4489/3 1527/4490/3 1525/4491/3 1522/4492/3
f 1523/4493/4 1524/4494/4 1522/4495/4 1521/4496/4
f 1528/4497/1 1523/4498/1 1521/4499/1 1526/4500/1
f 1527/4501/2 1528/4502/2 1526/4503/2 1525/4504/2
f 1526/4505/5 1521/4506/5 1522/4507/5 1525/4508/5
f 1527/4509/6 1524/4510/6 1523/4511/6 1528/4512/6
f 1532/4513/3 1535/4514/3 1533/4515/3 1530/4516/3
f 1531/4517/282 1532/4518/282 1530/4519/282 1529/4520/282
f 1536/4521/1 1531/4522/1 1529/4523/1 1534/4524/1
f 1535/4525/283 1536/4526/283 1534/4527/283 1533/4528/283
f 1534/4529/284 1529/4530/284 1530/4531/284 1533/4532/284
f 1535/4533/285 1532/4534/285 1531/4535/285 1536/4536/285
f 1540/4537/3 1543/4538/3 1541/4539/3 1538/4540/3
f 1539/4541/4 1540/4542/4 1538/4543/4 1537/4544/4
f 1544/4545/1 1539/4546/1 1537/4547/1 1542/4548/1
f 1543/4549/2 1544/4550/2 1542/4551/2 1541/4552/2
f 1542/4553/5 1537/4554/5 1538/4555/5 1541/4556/5
f 1543/4557/6 1540/4558/6 1539/4559/6 1544/4560/6
f 1548/4561/3 1551/4562/3 1549/4563/3 1546/4564/3
f 1547/4565/4 1548/4566/4 1546/4567/4 1545/4568/4
f 1552/4569/1 1547/4570/1 1545/4571/1 1550/4572/1
f 1551/4573/2 1552/4574/2 1550/4575/2 1549/4576/2
f 1550/4577/5 1545/4578/5 1546/4579/5 1549/4580/5
f 1551/4581/6 1548/4582/6 1547/4583/6 1552/4584/6
f 1556/4585/3 1559/4586/3 1557/4587/3 1554/4588/3
f 1555/4589/4 1556/4590/4 1554/4591/4 1553/4592/4
f 1560/4593/1 1555/4594/1 1553/4595/1 1558/4596/1
f 1559/4597/2 1560/4598/2 1558/4599/2 1557/4600/2
f 1558/4601/5 1553/4602/5 1554/4603/5 1557/4604/5
f 1559/4605/6 1556/4606/6 1555/4607/6 1560/4608/6
f 1564/4609/3 1567/4610/3 1565/4611/3 1562/4612/3
f 1563/4613/4 1564/4614/4 1562/4615/4 1561/4616/4
f 1568/4617/1 1563/4618/1 1561/4619/1 1566/4620/1
f 1567/4621/2 1568/4622/2 1566/4623/2 1565/4624/2
f 1566/4625/5 1561/4626/5 1562/4627/5 1565/4628/5
f 1567/4629/6 1564/4630/6 1563/4631/6 1568/4632/6
f 1572/4633/3 1575/4634/3 1573/4635/3 1570/4636/3
f 1571/4637/4 1572/4638/4 1570/4639/4 1569/4640/4
f 1576/4641/1 1571/4642/1 1569/4643/1 1574/4644/1
f 1575/4645/2 1576/4646/2 1574/4647/2 1573/4648/2
f 1574/4649/5 1569/4650/5 1570/4651/5 1573/4652/5
f 1575/4653/6 1572/4654/6 1571/4655/6 1576/4656/6
f 1580/4657/3 1583/4658/3 1581/4659/3 1578/4660/3
f 1579/4661/4 1580/4662/4 1578/4663/4 1577/4664/4
f 1584/4665/1 1579/4666/1 1577/4667/1 1582/4668/1
f 1583/4669/2 1584/4670/2 1582/4671/2 1581/4672/2
f 1582/4673/5 1577/4674/5 1578/4675/5 1581/4676/5
f 1583/4677/6 1580/4678/6 1579/4679/6 1584/4680/6
f 1588/4681/3 1591/4682/3 1589/4683/3 1586/4684/3
f 1587/4685/4 1588/4686/4 1586/4687/4 1585/4688/4
f 1592/4689/1 1587/4690/1 1585/4691/1 1590/4692/1
f 1591/4693/2 1592/4694/2 1590/4695/2 1589/4696/2
f 1590/4697/5 1585/4698/5 1586/4699/5 1589/4700/5
f 1591/4701/6 1588/4702/6 1587/4703/6 1592/4704/6
f 1596/4705/3 1599/4706/3 1597/4707/3 1594/4708/3
f 1595/4709/269 1596/4710/269 1594/4711/269 1593/4712/269
f 1600/4713/1 1595/4714/1 1593/4715/1 1598/4716/1
f 1599/4717/268 1600/4718/268 1598/4719/268 1597/4720/268
f 1598/4721/270 1593/4722/270 1594/4723/270 1597/4724/270
f 1599/4725/271 1596/4726/271 1595/4727/271 1600/4728/271
f 1604/4657/3 1607/4658/3 1605/4659/3 1602/4660/3
f 1603/4661/4 1604/4662/4 1602/4663/4 1601/4664/4
f 1608/4665/1 1603/4666/1 1601/4667/1 1606/4668/1
f 1607/4669/2 1608/4670/2 1606/4671/2 1605/4672/2
f 1606/4673/5 1601/4674/5 1602/4675/5 1605/4676/5
f 1607/4677/6 1604/4678/6 1603/4679/6 1608/4680/6
f 1612/4681/3 1615/4682/3 1613/4683/3 1610/4684/3
f 1611/4685/4 1612/4686/4 1610/4687/4 1609/4688/4
f 1616/4689/1 1611/4690/1 1609/4691/1 1614/4692/1
f 1615/4693/2 1616/4694/2 1614/4695/2 1613/4696/2
f 1614/4697/5 1609/4698/5 1610/4699/5 1613/4700/5
f 1615/4701/6 1612/4702/6 1611/4703/6 1616/4704/6
f 1620/4705/3 1623/4706/3 1621/4707/3 1618/4708/3
f 1619/4709/269 1620/4710/269 1618/4711/269 1617/4712/269
f 1624/4713/1 1619/4714/1 1617/4715/1 1622/4716/1
f 1623/4717/268 1624/4718/268 1622/4719/268 1621/4720/268
f 1622/4721/270 1617/4722/270 1618/4723/270 1621/4724/270
f 1623/4725/271 1620/4726/271 1619/4727/271 1624/4728/271
f 1628/4729/3 1631/4730/3 1629/4731/3 1626/4732/3
f 1627/4733/4 1628/4734/4 1626/4735/4 1625/4736/4
f 1632/4737/1 1627/4738/1 1625/4739/1 1630/4740/1
f 1631/4741/2 1632/4742/2 1630/4743/2 1629/4744/2
f 1630/4745/5 1625/4746/5 1626/4747/5 1629/4748/5
f 1631/4749/6 1628/4750/6 1627/4751/6 1632/4752/6
f 1636/4753/3 1639/4754/3 1637/4755/3 1634/4756/3
f 1635/4757/4 1636/4758/4 1634/4759/4 1633/4760/4
f 1640/4761/1 1635/4762/1 1633/4763/1 1638/4764/1
f 1639/4765/2 1640/4766/2 1638/4767/2 1637/4768/2
f 1638/4769/5 1633/4770/5 1634/4771/5 1637/4772/5
f 1639/4773/6 1636/4774/6 1635/4775/6 1640/4776/6
f 1644/4777/3 1647/4778/3 1645/4779/3 1642/4780/3
f 1643/4781/269 1644/4782/269 1642/4783/269 1641/4784/269
f 1648/4785/1 1643/4786/1 1641/4787/1 1646/4788/1
f 1647/4789/268 1648/4790/268 1646/4791/268 1645/4792/268
f 1646/4793/270 1641/4794/270 1642/4795/270 1645/4796/270
f 1647/4797/271 1644/4798/271 1643/4799/271 1648/4800/271
f 1652/4801/3 1655/4802/3 1653/4803/3 1650/4804/3
f 1651/4805/4 1652/4806/4 1650/4807/4 1649/4808/4
f 1656/4809/1 1651/4810/1 1649/4811/1 1654/4812/1
f 1655/4813/2 1656/4814/2 1654/4815/2 1653/4816/2
f 1654/4817/5 1649/4818/5 1650/4819/5 1653/4820/5
f 1655/4821/6 1652/4822/6 1651/4823/6 1656/4824/6
f 1660/4825/3 1663/4826/3 1661/4827/3 1658/4828/3
f 1659/4829/4 1660/4830/4 1658/4831/4 1657/4832/4
f 1664/4833/1 1659/4834/1 1657/4835/1 1662/4836/1
f 1663/4837/2 1664/4838/2 1662/4839/2 1661/4840/2
f 1662/4841/5 1657/4842/5 1658/4843/5 1661/4844/5
f 1663/4845/6 1660/4846/6 1659/4847/6 1664/4848/6
f 1668/4849/3 1671/4850/3 1669/4851/3 1666/4852/3
f 1667/4853/4 1668/4854/4 1666/4855/4 1665/4856/4
f 1672/4857/1 1667/4858/1 1665/4859/1 1670/4860/1
f 1671/4861/2 1672/4862/2 1670/4863/2 1669/4864/2
f 1670/4865/5 1665/4866/5 1666/4867/5 1669/4868/5
f 1671/4869/6 1668/4870/6 1667/4871/6 1672/4872/6
f 1676/4873/3 1679/4874/3 1677/4875/3 1674/4876/3
f 1675/4877/269 1676/4878/269 1674/4879/269 1673/4880/269
f 1680/4881/1 1675/4882/1 1673/4883/1 1678/4884/1
f 1679/4885/268 1680/4886/268 1678/4887/268 1677/4888/268
f 1678/4889/270 1673/4890/270 1674/4891/270 1677/4892/270
f 1679/4893/271 1676/4894/271 1675/4895/271 1680/4896/271
f 1684/4897/3 1687/4898/3 1685/4899/3 1682/4900/3
f 1683/4901/269 1684/4902/269 1682/4903/269 1681/4904/269
f 1688/4905/1 1683/4906/1 1681/4907/1 1686/4908/1
f 1687/4909/268 1688/4910/268 1686/4911/268 1685/4912/268
f 1686/4913/270 1681/4914/270 1682/4915/270 1685/4916/270
f 1687/4917/271 1684/4918/271 1683/4919/271 1688/4920/271
f 1692/4921/3 1695/4922/3 1693/4923/3 1690/4924/3
f 1691/4925/4 1692/4926/4 1690/4927/4 1689/4928/4
f 1696/4929/1 1691/4930/1 1689/4931/1 1694/4932/1
f 1695/4933/2 1696/4934/2 1694/4935/2 1693/4936/2
f 1694/4937/5 1689/4938/5 1690/4939/5 1693/4940/5
f 1695/4941/6 1692/4942/6 1691/4943/6 1696/4944/6
f 1700/4945/3 1703/4946/3 1701/4947/3 1698/4948/3
f 1699/4949/269 1700/4950/269 1698/4951/269 1697/4952/269
f 1704/4953/1 1699/4954/1 1697/4955/1 1702/4956/1
f 1703/4957/268 1704/4958/268 1702/4959/268 1701/4960/268
f 1702/4961/270 1697/4962/270 1698/4963/270 1701/4964/270
f 1703/4965/271 1700/4966/271 1699/4967/271 1704/4968/271
f 1708/4969/3 1711/4970/3 1709/4971/3 1706/4972/3
f 1707/4973/4 1708/4974/4 1706/4975/4 1705/4976/4
f 1712/4977/1 1707/4978/1 1705/4979/1 1710/4980/1
f 1711/4981/2 1712/4982/2 1710/4983/2 1709/4984/2
f 1710/4985/5 1705/4986/5 1706/4987/5 1709/4988/5
f 1711/4989/6 1708/4990/6 1707/4991/6 1712/4992/6
f 1716/4993/3 1719/4994/3 1717/4995/3 1714/4996/3
f 1715/4997/4 1716/4998/4 1714/4999/4 1713/5000/4
f 1720/5001/1 1715/5002/1 1713/5003/1 1718/5004/1
f 1719/5005/2 1720/5006/2 1718/5007/2 1717/5008/2
f 1718/5009/5 1713/5010/5 1714/5011/5 1717/5012/5
f 1719/5013/6 1716/5014/6 1715/5015/6 1720/5016/6
f 1724/5017/3 1727/5018/3 1725/5019/3 1722/5020/3
f 1723/5021/4 1724/5022/4 1722/5023/4 1721/5024/4
f 1728/5025/1 1723/5026/1 1721/5027/1 1726/5028/1
f 1727/5029/2 1728/5030/2 1726/5031/2 1725/5032/2
f 1726/5033/5 1721/5034/5 1722/5035/5 1725/5036/5
f 1727/5037/6 1724/5038/6 1723/5039/6 1728/5040/6
f 1732/5041/3 1735/5042/3 1733/5043/3 1730/5044/3
f 1731/5045/4 1732/5046/4 1730/5047/4 1729/5048/4
f 1736/5049/1 1731/5050/1 1729/5051/1 1734/5052/1
f 1735/5053/2 1736/5054/2 1734/5055/2 1733/5056/2
f 1734/5057/5 1729/5058/5 1730/5059/5 1733/5060/5
f 1735/5061/6 1732/5062/6 1731/5063/6 1736/5064/6
f 1740/5065/3 1743/5066/3 1741/5067/3 1738/5068/3
f 1739/5069/269 1740/5070/269 1738/5071/269 1737/5072/269
f 1744/5073/1 1739/5074/1 1737/5075/1 1742/5076/1
f 1743/5077/268 1744/5078/268 1742/5079/268 1741/5080/268
f 1742/5081/270 1737/5082/270 1738/5083/270 1741/5084/270
f 1743/5085/271 1740/5086/271 1739/5087/271 1744/5088/271
f 1748/5089/3 1751/5090/3 1749/5091/3 1746/5092/3
f 1747/5093/4 1748/5094/4 1746/5095/4 1745/5096/4
f 1752/5097/1 1747/5098/1 1745/5099/1 1750/5100/1
f 1751/5101/2 1752/5102/2 1750/5103/2 1749/5104/2
f 1750/5105/5 1745/5106/5 1746/5107/5 1749/5108/5
f 1751/5109/6 1748/5110/6 1747/5111/6 1752/5112/6
f 1756/5113/3 1759/5114/3 1757/5115/3 1754/5116/3
f 1755/5117/4 1756/5118/4 1754/5119/4 1753/5120/4
f 1760/5121/1 1755/5122/1 1753/5123/1 1758/5124/1
f 1759/5125/2 1760/5126/2 1758/5127/2 1757/5128/2
f 1758/5129/5 1753/5130/5 1754/5131/5 1757/5132/5
f 1759/5133/6 1756/5134/6 1755/5135/6 1760/5136/6
f 1764/5137/3 1767/5138/3 1765/5139/3 1762/5140/3
f 1763/5141/4 1764/5142/4 1762/5143/4 1761/5144/4
f 1768/5145/1 1763/5146/1 1761/5147/1 1766/5148/1
f 1767/5149/2 1768/5150/2 1766/5151/2 1765/5152/2
f 1766/5153/5 1761/5154/5 1762/5155/5 1765/5156/5
f 1767/5157/6 1764/5158/6 1763/5159/6 1768/5160/6
f 1772/5161/3 1775/5162/3 1773/5163/3 1770/5164/3
f 1771/5165/4 1772/5166/4 1770/5167/4 1769/5168/4
f 1776/5169/1 1771/5170/1 1769/5171/1 1774/5172/1
f 1775/5173/2 1776/5174/2 1774/5175/2 1773/5176/2
f 1774/5177/5 1769/5178/5 1770/5179/5 1773/5180/5
f 1775/5181/6 1772/5182/6 1771/5183/6 1776/5184/6
f 1780/5185/3 1783/5186/3 1781/5187/3 1778/5188/3
f 1779/5189/4 1780/5190/4 1778/5191/4 1777/5192/4
f 1784/5193/1 1779/5194/1 1777/5195/1 1782/5196/1
f 1783/5197/2 1784/5198/2 1782/5199/2 1781/5200/2
f 1782/5201/5 1777/5202/5 1778/5203/5 1781/5204/5
f 1783/5205/6 1780/5206/6 1779/5207/6 1784/5208/6
f 1788/5209/3 1791/5210/3 1789/5211/3 1786/5212/3
f 1787/5213/4 1788/5214/4 1786/5215/4 1785/5216/4
f 1792/5217/1 1787/5218/1 1785/5219/1 1790/5220/1
f 1791/5221/2 1792/5222/2 1790/5223/2 1789/5224/2
f 1790/5225/5 1785/5226/5 1786/5227/5 1789/5228/5
f 1791/5229/6 1788/5230/6 1787/5231/6 1792/5232/6
f 1796/5233/3 1799/5234/3 1797/5235/3 1794/5236/3
f 1795/5237/4 1796/5238/4 1794/5239/4 1793/5240/4
f 1800/5241/1 1795/5242/1 1793/5243/1 1798/5244/1
f 1799/5245/2 1800/5246/2 1798/5247/2 1797/5248/2
f 1798/5249/5 1793/5250/5 1794/5251/5 1797/5252/5
f 1799/5253/6 1796/5254/6 1795/5255/6 1800/5256/6
f 1804/5257/3 1807/5258/3 1805/5259/3 1802/5260/3
f 1803/5261/4 1804/5262/4 1802/5263/4 1801/5264/4
f 1808/5265/1 1803/5266/1 1801/5267/1 1806/5268/1
f 1807/5269/2 1808/5270/2 1806/5271/2 1805/5272/2
f 1806/5273/5 1801/5274/5 1802/5275/5 1805/5276/5
f 1807/5277/6 1804/5278/6 1803/5279/6 1808/5280/6
f 1812/5281/3 1815/5282/3 1813/5283/3 1810/5284/3
f 1811/5285/282 1812/5286/282 1810/5287/282 1809/5288/282
f 1816/5289/1 1811/5290/1 1809/5291/1 1814/5292/1
f 1815/5293/283 1816/5294/283 1814/5295/283 1813/5296/283
f 1814/5297/284 1809/5298/284 1810/5299/284 1813/5300/284
f 1815/5301/285 1812/5302/285 1811/5303/285 1816/5304/285
f 1820/5209/3 1823/5210/3 1821/5211/3 1818/5212/3
f 1819/5213/4 1820/5214/4 1818/5215/4 1817/5216/4
f 1824/5217/1 1819/5218/1 1817/5219/1 1822/5220/1
f 1823/5221/2 1824/5222/2 1822/5223/2 1821/5224/2
f 1822/5225/5 1817/5226/5 1818/5227/5 1821/5228/5
f 1823/5229/6 1820/5230/6 1819/5231/6 1824/5232/6
f 1828/5257/3 1831/5258/3 1829/5259/3 1826/5260/3
f 1827/5261/4 1828/5262/4 1826/5263/4 1825/5264/4
f 1832/5265/1 1827/5266/1 1825/5267/1 1830/5268/1
f 1831/5269/2 1832/5270/2 1830/5271/2 1829/5272/2
f 1830/5273/5 1825/5274/5 1826/5275/5 1829/5276/5
f 1831/5277/6 1828/5278/6 1827/5279/6 1832/5280/6
f 1836/5281/3 1839/5282/3 1837/5283/3 1834/5284/3
f 1835/5285/282 1836/5286/282 1834/5287/282 1833/5288/282
f 1840/5289/1 1835/5290/1 1833/5291/1 1838/5292/1
f 1839/5293/283 1840/5294/283 1838/5295/283 1837/5296/283
f 1838/5297/284 1833/5298/284 1834/5299/284 1837/5300/284
f 1839/5301/285 1836/5302/285 1835/5303/285 1840/5304/285
f 1844/5305/3 1847/5306/3 1845/5307/3 1842/5308/3
f 1843/5309/4 1844/5310/4 1842/5311/4 1841/5312/4
f 1848/5313/1 1843/5314/1 1841/5315/1 1846/5316/1
f 1847/5317/2 1848/5318/2 1846/5319/2 1845/5320/2
f 1846/5321/5 1841/5322/5 1842/5323/5 1845/5324/5
f 1847/5325/6 1844/5326/6 1843/5327/6 1848/5328/6
f 1852/5329/3 1855/5330/3 1853/5331/3 1850/5332/3
f 1851/5333/4 1852/5334/4 1850/5335/4 1849/5336/4
f 1856/5337/1 1851/5338/1 1849/5339/1 1854/5340/1
f 1855/5341/2 1856/5342/2 1854/5343/2 1853/5344/2
f 1854/5345/5 1849/5346/5 1850/5347/5 1853/5348/5
f 1855/5349/6 1852/5350/6 1851/5351/6 1856/5352/6
f 1860/5353/3 1863/5354/3 1861/5355/3 1858/5356/3
f 1859/5357/282 1860/5358/282 1858/5359/282 1857/5360/282
f 1864/5361/1 1859/5362/1 1857/5363/1 1862/5364/1
f 1863/5365/283 1864/5366/283 1862/5367/283 1861/5368/283
f 1862/5369/284 1857/5370/284 1858/5371/284 1861/5372/284
f 1863/5373/285 1860/5374/285 1859/5375/285 1864/5376/285
f 1868/5377/3 1871/5378/3 1869/5379/3 1866/5380/3
f 1867/5381/4 1868/5382/4 1866/5383/4 1865/5384/4
f 1872/5385/1 1867/5386/1 1865/5387/1 1870/5388/1
f 1871/5389/2 1872/5390/2 1870/5391/2 1869/5392/2
f 1870/5393/5 1865/5394/5 1866/5395/5 1869/5396/5
f 1871/5397/6 1868/5398/6 1867/5399/6 1872/5400/6
f 1876/5401/3 1879/5402/3 1877/5403/3 1874/5404/3
f 1875/5405/4 1876/5406/4 1874/5407/4 1873/5408/4
f 1880/5409/1 1875/5410/1 1873/5411/1 1878/5412/1
f 1879/5413/2 1880/5414/2 1878/5415/2 1877/5416/2
f 1878/5417/5 1873/5418/5 1874/5419/5 1877/5420/5
f 1879/5421/6 1876/5422/6 1875/5423/6 1880/5424/6
f 1884/5425/3 1887/5426/3 1885/5427/3 1882/5428/3
f 1883/5429/4 1884/5430/4 1882/5431/4 1881/5432/4
f 1888/5433/1 1883/5434/1 1881/5435/1 1886/5436/1
f 1887/5437/2 1888/5438/2 1886/5439/2 1885/5440/2
f 1886/5441/5 1881/5442/5 1882/5443/5 1885/5444/5
f 1887/5445/6 1884/5446/6 1883/5447/6 1888/5448/6
f 1892/5449/3 1895/5450/3 1893/5451/3 1890/5452/3
f 1891/5453/282 1892/5454/282 1890/5455/282 1889/5456/282
f 1896/5457/1 1891/5458/1 1889/5459/1 1894/5460/1
f 1895/5461/283 1896/5462/283 1894/5463/283 1893/5464/283
f 1894/5465/284 1889/5466/284 1890/5467/284 1893/5468/284
f 1895/5469/285 1892/5470/285 1891/5471/285 1896/5472/285
f 1900/5473/3 1903/5474/3 1901/5475/3 1898/5476/3
f 1899/5477/282 1900/5478/282 1898/5479/282 1897/5480/282
f 1904/5481/1 1899/5482/1 1897/5483/1 1902/5484/1
f 1903/5485/283 1904/5486/283 1902/5487/283 1901/5488/283
f 1902/5489/284 1897/5490/284 1898/5491/284 1901/5492/284
f 1903/5493/285 1900/5494/285 1899/5495/285 1904/5496/285
f 1908/5497/3 1911/5498/3 1909/5499/3 1906/5500/3
f 1907/5501/4 1908/5502/4 1906/5503/4 1905/5504/4
f 1912/5505/1 1907/5506/1 1905/5507/1 1910/5508/1
f 1911/5509/2 1912/5510/2 1910/5511/2 1909/5512/2
f 1910/5513/5 1905/5514/5 1906/5515/5 1909/5516/5
f 1911/5517/6 1908/5518/6 1907/5519/6 1912/5520/6
f 1916/5521/4 1919/5522/4 1917/5523/4 1914/5524/4
f 1915/5525/186 1916/5526/186 1914/5527/186 1913/5528/186
f 1920/5529/2 1915/5530/2 1913/5531/2 1918/5532/2
f 1919/5533/185 1920/5534/185 1918/5535/185 1917/5536/185
f 1918/5537/183 1913/5538/183 1914/5539/183 1917/5540/183
f 1919/5541/184 1916/5542/184 1915/5543/184 1920/5544/184
f 1924/5545/286 1927/5546/286 1925/5547/286 1922/5548/286
f 1923/5549/4 1924/5550/4 1922/5551/4 1921/5552/4
f 1928/5553/287 1923/5554/287 1921/5555/287 1926/5556/287
f 1927/5557/2 1928/5558/2 1926/5559/2 1925/5560/2
f 1926/5561/288 1921/5562/288 1922/5563/288 1925/5564/288
f 1927/5565/289 1924/5566/289 1923/5567/289 1928/5568/289
f 1932/5569/290 1935/5570/290 1933/5571/290 1930/5572/290
f 1931/5573/4 1932/5574/4 1930/5575/4 1929/5576/4
f 1936/5577/291 1931/5578/291 1929/5579/291 1934/5580/291
f 1935/5581/2 1936/5582/2 1934/5583/2 1933/5584/2
f 1934/5585/292 1929/5586/292 1930/5587/292 1933/5588/292
f 1935/5589/293 1932/5590/293 1931/5591/293 1936/5592/293
f 1940/5593/286 1943/5594/286 1941/5595/286 1938/5596/286
f 1939/5597/4 1940/5598/4 1938/5599/4 1937/5600/4
f 1944/5601/287 1939/5602/287 1937/5603/287 1942/5604/287
f 1943/5605/2 1944/5606/2 1942/5607/2 1941/5608/2
f 1942/5609/288 1937/5610/288 1938/5611/288 1941/5612/288
f 1943/5613/289 1940/5614/289 1939/5615/289 1944/5616/289
f 1948/5617/290 1951/5618/290 1949/5619/290 1946/5620/290
f 1947/5621/4 1948/5622/4 1946/5623/4 1945/5624/4
f 1952/5625/291 1947/5626/291 1945/5627/291 1950/5628/291
f 1951/5629/2 1952/5630/2 1950/5631/2 1949/5632/2
f 1950/5633/292 1945/5634/292 1946/5635/292 1949/5636/292
f 1951/5637/293 1948/5638/293 1947/5639/293 1952/5640/293
f 1956/5641/286 1959/5642/286 1957/5643/286 1954/5644/286
f 1955/5645/4 1956/5646/4 1954/5647/4 1953/5648/4
f 1960/5649/287 1955/5650/287 1953/5651/287 1958/5652/287
f 1959/5653/2 1960/5654/2 1958/5655/2 1957/5656/2
f 1958/5657/288 1953/5658/288 1954/5659/288 1957/5660/288
f 1959/5661/289 1956/5662/289 1955/5663/289 1960/5664/289
f 1964/5665/286 1967/5666/286 1965/5667/286 1962/5668/286
f 1963/5669/4 1964/5670/4 1962/5671/4 1961/5672/4
f 1968/5673/287 1963/5674/287 1961/5675/287 1966/5676/287
f 1967/5677/2 1968/5678/2 1966/5679/2 1965/5680/2
f 1966/5681/288 1961/5682/288 1962/5683/288 1965/5684/288
f 1967/5685/289 1964/5686/289 1963/5687/289 1968/5688/289
f 1972/5689/286 1975/5690/286 1973/5691/286 1970/5692/286
f 1971/5693/4 1972/5694/4 1970/5695/4 1969/5696/4
f 1976/5697/287 1971/5698/287 1969/5699/287 1974/5700/287
f 1975/5701/2 1976/5702/2 1974/5703/2 1973/5704/2
f 1974/5705/288 1969/5706/288 1970/5707/288 1973/5708/288
f 1975/5709/289 1972/5710/289 1971/5711/289 1976/5712/289
f 1980/5713/290 1983/5714/290 1981/5715/290 1978/5716/290
f 1979/5717/4 1980/5718/4 1978/5719/4 1977/5720/4
f 1984/5721/291 1979/5722/291 1977/5723/291 1982/5724/291
f 1983/5725/2 1984/5726/2 1982/5727/2 1981/5728/2
f 1982/5729/292 1977/5730/292 1978/5731/292 1981/5732/292
f 1983/5733/293 1980/5734/293 1979/5735/293 1984/5736/293
f 1988/5737/286 1991/5738/286 1989/5739/286 1986/5740/286
f 1987/5741/4 1988/5742/4 1986/5743/4 1985/5744/4
f 1992/5745/287 1987/5746/287 1985/5747/287 1990/5748/287
f 1991/5749/2 1992/5750/2 1990/5751/2 1989/5752/2
f 1990/5753/288 1985/5754/288 1986/5755/288 1989/5756/288
f 1991/5757/289 1988/5758/289 1987/5759/289 1992/5760/289
o w16
v 1.313151 0.842851 -3.318326
v 1.313151 0.709318 -3.318326
v 1.313151 0.842851 -3.451859
v 1.313151 0.709318 -3.451859
v 2.077999 0.709318 -3.318326
v 2.077999 0.842851 -3.318326
v 2.077999 0.709318 -3.451859
v 2.077999 0.842851 -3.451859
v 1.541973 1.027257 -3.131051
v 1.541973 0.524221 -3.131051
v 1.541973 1.027257 -3.634095
v 1.541973 0.524221 -3.634095
v 2.018940 0.524221 -3.131052
v 2.018940 1.027257 -3.131051
v 2.018940 0.524221 -3.634095
v 2.018940 1.027257 -3.634095
v 2.010673 1.221575 -3.382488
v 2.010673 0.775214 -2.936127
v 2.010673 0.775214 -3.828850
v 2.010673 0.328852 -3.382489
v 2.073173 0.775214 -2.936128
v 2.073173 1.221575 -3.382488
v 2.073173 0.328852 -3.382489
v 2.073173 0.775214 -3.828850
v 2.010673 1.088629 -3.699029
v 2.010673 1.088629 -3.067779
v 2.010673 0.457379 -3.699029
v 2.010673 0.457379 -3.067779
v 2.073173 1.088629 -3.067779
v 2.073173 1.088629 -3.699029
v 2.073173 0.457379 -3.067779
v 2.073173 0.457379 -3.699029
v 1.448558 0.523124 -3.250491
v 1.448558 0.456269 -3.250491
v 1.448558 0.523124 -3.513981
v 1.448558 0.456269 -3.513981
v 2.078798 0.456269 -3.250491
v 2.078798 0.523124 -3.250491
v 2.078798 0.456269 -3.513981
v 2.078798 0.523124 -3.513981
v 1.448558 1.027303 -3.513981
v 1.448558 1.094158 -3.513981
v 1.448558 1.027303 -3.250491
v 1.448558 1.094158 -3.250491
v 2.078798 1.094158 -3.513981
v 2.078798 1.027303 -3.513981
v 2.078798 1.094158 -3.250491
v 2.078798 1.027303 -3.250491
v 1.448558 0.906959 -3.130147
v 1.448558 0.906959 -3.063291
v 1.448558 0.643468 -3.130147
v 1.448558 0.643468 -3.063291
v 2.078798 0.906959 -3.063291
v 2.078798 0.906959 -3.130147
v 2.078798 0.643468 -3.063292
v 2.078798 0.643468 -3.130147
v 1.447933 0.868265 -3.662486
v 1.447933 0.907584 -3.701805
v 1.447933 1.055464 -3.475287
v 1.447933 1.094783 -3.514606
v 2.079423 0.907584 -3.701805
v 2.079423 0.868265 -3.662487
v 2.079423 1.094783 -3.514606
v 2.079423 1.055464 -3.475287
v 1.447933 1.055464 -3.289185
v 1.447933 1.094783 -3.249866
v 1.447933 0.868265 -3.101985
v 1.447933 0.907584 -3.062666
v 2.079423 1.094783 -3.249866
v 2.079423 1.055464 -3.289185
v 2.079423 0.907584 -3.062666
v 2.079423 0.868265 -3.101985
v 1.447933 0.682162 -3.101985
v 1.447933 0.642843 -3.062666
v 1.447933 0.494963 -3.289185
v 1.447933 0.455644 -3.249866
v 2.079423 0.642843 -3.062666
v 2.079423 0.682162 -3.101985
v 2.079423 0.455644 -3.249866
v 2.079423 0.494963 -3.289185
v 1.447933 0.494963 -3.475287
v 1.447933 0.455644 -3.514606
v 1.447933 0.682162 -3.662486
v 1.447933 0.642844 -3.701805
v 2.079423 0.455644 -3.514606
v 2.079423 0.494963 -3.475287
v 2.079423 0.642844 -3.701806
v 2.079423 0.682162 -3.662487
v 1.448558 0.643469 -3.634325
v 1.448558 0.643469 -3.701180
v 1.448558 0.906959 -3.634325
v 1.448558 0.906959 -3.701180
v 2.078798 0.643469 -3.701180
v 2.078798 0.643469 -3.634325
v 2.078798 0.906959 -3.701180
v 2.078798 0.906959 -3.634325
v 1.510673 1.133186 -3.382488
v 1.510673 0.775214 -3.024516
v 1.510673 0.775214 -3.740461
v 1.510673 0.417241 -3.382488
v 1.698173 0.775214 -3.024516
v 1.698173 1.133186 -3.382488
v 1.698173 0.417241 -3.382488
v 1.698173 0.775214 -3.740461
v 1.454423 1.221575 -3.382488
v 1.454423 0.775214 -2.936127
v 1.454423 0.775214 -3.828850
v 1.454423 0.328852 -3.382488
v 1.504423 0.775214 -2.936127
v 1.504423 1.221575 -3.382488
v 1.504423 0.328852 -3.382488
v 1.504423 0.775214 -3.828850
v 1.454423 1.088629 -3.699029
v 1.454423 1.088629 -3.067779
v 1.454423 0.457379 -3.699029
v 1.454423 0.457379 -3.067779
v 1.504423 1.088629 -3.067779
v 1.504423 1.088629 -3.699029
v 1.504423 0.457379 -3.067779
v 1.504423 0.457379 -3.699029
v 1.760673 1.044798 -3.382488
v 1.760673 0.775214 -3.112904
v 1.760673 0.775214 -3.652073
v 1.760673 0.505629 -3.382488
v 1.823173 0.775214 -3.112904
v 1.823173 1.044798 -3.382488
v 1.823173 0.505629 -3.382488
v 1.823173 0.775214 -3.652073
vn -0.0000 -1.0000 -0.0000
vn -1.0000 -0.0000 -0.0000
vn -0.0000 1.0000 -0.0000
vn 1.0000 -0.0000 -0.0000
vn -0.0000 -0.0000 1.0000
vn -0.0000 -0.0000 -1.0000
vn -0.0000 -0.7071 0.7071
vn -0.0000 0.7071 -0.7071
vn -0.0000 0.7071 0.7071
vn -0.0000 -0.7071 -0.7071
vt 0.509766 0.958984
vt 0.521484 0.958984
vt 0.521484 0.960938
vt 0.509766 0.960938
vt 0.460938 0.458008
vt 0.462891 0.458008
vt 0.462891 0.459961
vt 0.460938 0.459961
vt 0.511719 0.632812
vt 0.523438 0.632812
vt 0.523438 0.634766
vt 0.511719 0.634766
vt 0.252930 0.448242
vt 0.254883 0.448242
vt 0.254883 0.450195
vt 0.252930 0.450195
vt 0.532227 0.865234
vt 0.520508 0.865234
vt 0.520508 0.863281
vt 0.532227 0.863281
vt 0.626953 0.775391
vt 0.615234 0.775391
vt 0.615234 0.777344
vt 0.626953 0.777344
vt 0.262695 0.476562
vt 0.270508 0.476562
vt 0.270508 0.484375
vt 0.262695 0.484375
vt 0.399414 0.475586
vt 0.407227 0.475586
vt 0.407227 0.483398
vt 0.399414 0.483398
vt 0.079102 0.474609
vt 0.086914 0.474609
vt 0.086914 0.482422
vt 0.079102 0.482422
vt 0.163086 0.474609
vt 0.170898 0.474609
vt 0.170898 0.482422
vt 0.163086 0.482422
vt 0.291016 0.482422
vt 0.283203 0.482422
vt 0.283203 0.474609
vt 0.291016 0.474609
vt 0.102539 0.473633
vt 0.094727 0.473633
vt 0.094727 0.481445
vt 0.102539 0.481445
vt 0.236328 0.335938
vt 0.237305 0.335938
vt 0.237305 0.345703
vt 0.236328 0.345703
vt 0.246094 0.524414
vt 0.255859 0.524414
vt 0.255859 0.534180
vt 0.246094 0.534180
vt 0.544922 0.335938
vt 0.545898 0.335938
vt 0.545898 0.345703
vt 0.544922 0.345703
vt 0.209961 0.523438
vt 0.219727 0.523438
vt 0.219727 0.533203
vt 0.209961 0.533203
vt 0.547852 0.345703
vt 0.546875 0.345703
vt 0.546875 0.335938
vt 0.547852 0.335938
vt 0.566406 0.335938
vt 0.565430 0.335938
vt 0.565430 0.345703
vt 0.566406 0.345703
vt 0.044922 0.680664
vt 0.045898 0.680664
vt 0.045898 0.690430
vt 0.044922 0.690430
vt 0.326172 0.525391
vt 0.335938 0.525391
vt 0.335938 0.535156
vt 0.326172 0.535156
vt 0.225586 0.559570
vt 0.226562 0.559570
vt 0.226562 0.569336
vt 0.225586 0.569336
vt 0.349609 0.525391
vt 0.359375 0.525391
vt 0.359375 0.535156
vt 0.349609 0.535156
vt 0.485352 0.458984
vt 0.484375 0.458984
vt 0.484375 0.449219
vt 0.485352 0.449219
vt 0.490234 0.336914
vt 0.489258 0.336914
vt 0.489258 0.346680
vt 0.490234 0.346680
vt 0.573242 0.898438
vt 0.583008 0.898438
vt 0.583008 0.902344
vt 0.573242 0.902344
vt 0.593750 0.300781
vt 0.594727 0.300781
vt 0.594727 0.304688
vt 0.593750 0.304688
vt 0.242188 0.422852
vt 0.251953 0.422852
vt 0.251953 0.426758
vt 0.242188 0.426758
vt 0.595703 0.300781
vt 0.596680 0.300781
vt 0.596680 0.304688
vt 0.595703 0.304688
vt 0.667969 0.749023
vt 0.658203 0.749023
vt 0.658203 0.748047
vt 0.667969 0.748047
vt 0.289062 0.340820
vt 0.279297 0.340820
vt 0.279297 0.341797
vt 0.289062 0.341797
vt 0.572266 0.518555
vt 0.582031 0.518555
vt 0.582031 0.522461
vt 0.572266 0.522461
vt 0.564453 0.300781
vt 0.565430 0.300781
vt 0.565430 0.304688
vt 0.564453 0.304688
vt 0.572266 0.500000
vt 0.582031 0.500000
vt 0.582031 0.503906
vt 0.572266 0.503906
vt 0.695312 0.411133
vt 0.696289 0.411133
vt 0.696289 0.415039
vt 0.695312 0.415039
vt 0.667969 0.771484
vt 0.658203 0.771484
vt 0.658203 0.770508
vt 0.667969 0.770508
vt 0.667969 0.750000
vt 0.658203 0.750000
vt 0.658203 0.750977
vt 0.667969 0.750977
vt 0.275391 0.423828
vt 0.285156 0.423828
vt 0.285156 0.427734
vt 0.275391 0.427734
vt 0.163086 0.356445
vt 0.164062 0.356445
vt 0.164062 0.360352
vt 0.163086 0.360352
vt 0.572266 0.583984
vt 0.582031 0.583984
vt 0.582031 0.587891
vt 0.572266 0.587891
vt 0.695312 0.432617
vt 0.696289 0.432617
vt 0.696289 0.436523
vt 0.695312 0.436523
vt 0.224609 0.341797
vt 0.214844 0.341797
vt 0.214844 0.340820
vt 0.224609 0.340820
vt 0.235352 0.340820
vt 0.225586 0.340820
vt 0.225586 0.341797
vt 0.235352 0.341797
vt 0.158203 0.423828
vt 0.167969 0.423828
vt 0.167969 0.427734
vt 0.158203 0.427734
vt 0.506836 0.383789
vt 0.507812 0.383789
vt 0.507812 0.387695
vt 0.506836 0.387695
vt 0.572266 0.750977
vt 0.582031 0.750977
vt 0.582031 0.754883
vt 0.572266 0.754883
vt 0.613281 0.779297
vt 0.614258 0.779297
vt 0.614258 0.783203
vt 0.613281 0.783203
vt 0.620117 0.343750
vt 0.610352 0.343750
vt 0.610352 0.342773
vt 0.620117 0.342773
vt 0.607422 0.341797
vt 0.597656 0.341797
vt 0.597656 0.342773
vt 0.607422 0.342773
vt 0.572266 0.888672
vt 0.582031 0.888672
vt 0.582031 0.892578
vt 0.572266 0.892578
vt 0.574219 0.811523
vt 0.575195 0.811523
vt 0.575195 0.815430
vt 0.574219 0.815430
vt 0.572266 0.853516
vt 0.582031 0.853516
vt 0.582031 0.857422
vt 0.572266 0.857422
vt 0.579102 0.941406
vt 0.580078 0.941406
vt 0.580078 0.945312
vt 0.579102 0.945312
vt 0.620117 0.345703
vt 0.610352 0.345703
vt 0.610352 0.344727
vt 0.620117 0.344727
vt 0.607422 0.343750
vt 0.597656 0.343750
vt 0.597656 0.344727
vt 0.607422 0.344727
vt 0.029297 0.423828
vt 0.039062 0.423828
vt 0.039062 0.427734
vt 0.029297 0.427734
vt 0.545898 0.571289
vt 0.546875 0.571289
vt 0.546875 0.575195
vt 0.545898 0.575195
vt 0.077148 0.423828
vt 0.086914 0.423828
vt 0.086914 0.427734
vt 0.077148 0.427734
vt 0.426758 0.424805
vt 0.427734 0.424805
vt 0.427734 0.428711
vt 0.426758 0.428711
vt 0.561523 0.522461
vt 0.551758 0.522461
vt 0.551758 0.521484
vt 0.561523 0.521484
vt 0.580078 0.918945
vt 0.570312 0.918945
vt 0.570312 0.919922
vt 0.580078 0.919922
vt 0.569336 0.424805
vt 0.579102 0.424805
vt 0.579102 0.428711
vt 0.569336 0.428711
vt 0.507812 0.880859
vt 0.508789 0.880859
vt 0.508789 0.884766
vt 0.507812 0.884766
vt 0.572266 0.984375
vt 0.582031 0.984375
vt 0.582031 0.988281
vt 0.572266 0.988281
vt 0.532227 0.717773
vt 0.533203 0.717773
vt 0.533203 0.721680
vt 0.532227 0.721680
vt 0.267578 0.556641
vt 0.257812 0.556641
vt 0.257812 0.555664
vt 0.267578 0.555664
vt 0.541016 0.764648
vt 0.531250 0.764648
vt 0.531250 0.765625
vt 0.541016 0.765625
vt 0.256836 0.512695
vt 0.266602 0.512695
vt 0.266602 0.516602
vt 0.256836 0.516602
vt 0.438477 0.745117
vt 0.439453 0.745117
vt 0.439453 0.749023
vt 0.438477 0.749023
vt 0.571289 0.443359
vt 0.581055 0.443359
vt 0.581055 0.447266
vt 0.571289 0.447266
vt 0.483398 0.505859
vt 0.484375 0.505859
vt 0.484375 0.509766
vt 0.483398 0.509766
vt 0.440430 0.783203
vt 0.430664 0.783203
vt 0.430664 0.782227
vt 0.440430 0.782227
vt 0.441406 0.959961
vt 0.431641 0.959961
vt 0.431641 0.960938
vt 0.441406 0.960938
vt 0.429688 0.539062
vt 0.432617 0.539062
vt 0.432617 0.546875
vt 0.429688 0.546875
vt 0.113281 0.473633
vt 0.121094 0.473633
vt 0.121094 0.481445
vt 0.113281 0.481445
vt 0.149414 0.510742
vt 0.152344 0.510742
vt 0.152344 0.518555
vt 0.149414 0.518555
vt 0.122070 0.473633
vt 0.129883 0.473633
vt 0.129883 0.481445
vt 0.122070 0.481445
vt 0.194336 0.456055
vt 0.191406 0.456055
vt 0.191406 0.448242
vt 0.194336 0.448242
vt 0.419922 0.418945
vt 0.416992 0.418945
vt 0.416992 0.426758
vt 0.419922 0.426758
vt 0.121094 0.334961
vt 0.122070 0.334961
vt 0.122070 0.344727
vt 0.121094 0.344727
vt 0.256836 0.522461
vt 0.266602 0.522461
vt 0.266602 0.532227
vt 0.256836 0.532227
vt 0.173828 0.334961
vt 0.174805 0.334961
vt 0.174805 0.344727
vt 0.173828 0.344727
vt 0.267578 0.522461
vt 0.277344 0.522461
vt 0.277344 0.532227
vt 0.267578 0.532227
vt 0.199219 0.344727
vt 0.198242 0.344727
vt 0.198242 0.334961
vt 0.199219 0.334961
vt 0.267578 0.334961
vt 0.266602 0.334961
vt 0.266602 0.344727
vt 0.267578 0.344727
vt 0.567383 0.335938
vt 0.568359 0.335938
vt 0.568359 0.345703
vt 0.567383 0.345703
vt 0.409180 0.523438
vt 0.418945 0.523438
vt 0.418945 0.533203
vt 0.409180 0.533203
vt 0.569336 0.335938
vt 0.570312 0.335938
vt 0.570312 0.345703
vt 0.569336 0.345703
vt 0.467773 0.977539
vt 0.477539 0.977539
vt 0.477539 0.987305
vt 0.467773 0.987305
vt 0.118164 0.344727
vt 0.117188 0.344727
vt 0.117188 0.334961
vt 0.118164 0.334961
vt 0.120117 0.334961
vt 0.119141 0.334961
vt 0.119141 0.344727
vt 0.120117 0.344727
vt 0.250977 0.486328
vt 0.251953 0.486328
vt 0.251953 0.492188
vt 0.250977 0.492188
vt 0.586914 0.968750
vt 0.592773 0.968750
vt 0.592773 0.974609
vt 0.586914 0.974609
vt 0.518555 0.818359
vt 0.519531 0.818359
vt 0.519531 0.824219
vt 0.518555 0.824219
vt 0.586914 0.925781
vt 0.592773 0.925781
vt 0.592773 0.931641
vt 0.586914 0.931641
vt 0.332031 0.464844
vt 0.331055 0.464844
vt 0.331055 0.458984
vt 0.332031 0.458984
vt 0.483398 0.441406
vt 0.482422 0.441406
vt 0.482422 0.447266
vt 0.483398 0.447266
s 0
usemtl m_8a7aecf9-bc7d-1c53-4ad7-3ee173c6c92f
f 1996/5761/294 1999/5762/294 1997/5763/294 1994/5764/294
f 1995/5765/295 1996/5766/295 1994/5767/295 1993/5768/295
f 2000/5769/296 1995/5770/296 1993/5771/296 1998/5772/296
f 1999/5773/297 2000/5774/297 1998/5775/297 1997/5776/297
f 1998/5777/298 1993/5778/298 1994/5779/298 1997/5780/298
f 1999/5781/299 1996/5782/299 1995/5783/299 2000/5784/299
f 2004/5785/294 2007/5786/294 2005/5787/294 2002/5788/294
f 2003/5789/295 2004/5790/295 2002/5791/295 2001/5792/295
f 2008/5793/296 2003/5794/296 2001/5795/296 2006/5796/296
f 2007/5797/297 2008/5798/297 2006/5799/297 2005/5800/297
f 2006/5801/298 2001/5802/298 2002/5803/298 2005/5804/298
f 2007/5805/299 2004/5806/299 2003/5807/299 2008/5808/299
f 2012/5809/300 2015/5810/300 2013/5811/300 2010/5812/300
f 2011/5813/295 2012/5814/295 2010/5815/295 2009/5816/295
f 2016/5817/301 2011/5818/301 2009/5819/301 2014/5820/301
f 2015/5821/297 2016/5822/297 2014/5823/297 2013/5824/297
f 2014/5825/302 2009/5826/302 2010/5827/302 2013/5828/302
f 2015/5829/303 2012/5830/303 2011/5831/303 2016/5832/303
f 2020/5833/298 2023/5834/298 2021/5835/298 2018/5836/298
f 2019/5837/295 2020/5838/295 2018/5839/295 2017/5840/295
f 2024/5841/299 2019/5842/299 2017/5843/299 2022/5844/299
f 2023/5845/297 2024/5846/297 2022/5847/297 2021/5848/297
f 2022/5849/296 2017/5850/296 2018/5851/296 2021/5852/296
f 2023/5853/294 2020/5854/294 2019/5855/294 2024/5856/294
f 2028/5857/294 2031/5858/294 2029/5859/294 2026/5860/294
f 2027/5861/295 2028/5862/295 2026/5863/295 2025/5864/295
f 2032/5865/296 2027/5866/296 2025/5867/296 2030/5868/296
f 2031/5869/297 2032/5870/297 2030/5871/297 2029/5872/297
f 2030/5873/298 2025/5874/298 2026/5875/298 2029/5876/298
f 2031/5877/299 2028/5878/299 2027/5879/299 2032/5880/299
f 2036/5881/296 2039/5882/296 2037/5883/296 2034/5884/296
f 2035/5885/295 2036/5886/295 2034/5887/295 2033/5888/295
f 2040/5889/294 2035/5890/294 2033/5891/294 2038/5892/294
f 2039/5893/297 2040/5894/297 2038/5895/297 2037/5896/297
f 2038/5897/299 2033/5898/299 2034/5899/299 2037/5900/299
f 2039/5901/298 2036/5902/298 2035/5903/298 2040/5904/298
f 2044/5905/298 2047/5906/298 2045/5907/298 2042/5908/298
f 2043/5909/295 2044/5910/295 2042/5911/295 2041/5912/295
f 2048/5913/299 2043/5914/299 2041/5915/299 2046/5916/299
f 2047/5917/297 2048/5918/297 2046/5919/297 2045/5920/297
f 2046/5921/296 2041/5922/296 2042/5923/296 2045/5924/296
f 2047/5925/294 2044/5926/294 2043/5927/294 2048/5928/294
f 2052/5929/301 2055/5930/301 2053/5931/301 2050/5932/301
f 2051/5933/295 2052/5934/295 2050/5935/295 2049/5936/295
f 2056/5937/300 2051/5938/300 2049/5939/300 2054/5940/300
f 2055/5941/297 2056/5942/297 2054/5943/297 2053/5944/297
f 2054/5945/303 2049/5946/303 2050/5947/303 2053/5948/303
f 2055/5949/302 2052/5950/302 2051/5951/302 2056/5952/302
f 2060/5953/302 2063/5954/302 2061/5955/302 2058/5956/302
f 2059/5957/295 2060/5958/295 2058/5959/295 2057/5960/295
f 2064/5961/303 2059/5962/303 2057/5963/303 2062/5964/303
f 2063/5965/297 2064/5966/297 2062/5967/297 2061/5968/297
f 2062/5969/301 2057/5970/301 2058/5971/301 2061/5972/301
f 2063/5973/300 2060/5974/300 2059/5975/300 2064/5976/300
f 2068/5977/300 2071/5978/300 2069/5979/300 2066/5980/300
f 2067/5981/295 2068/5982/295 2066/5983/295 2065/5984/295
f 2072/5985/301 2067/5986/301 2065/5987/301 2070/5988/301
f 2071/5989/297 2072/5990/297 2070/5991/297 2069/5992/297
f 2070/5993/302 2065/5994/302 2066/5995/302 2069/5996/302
f 2071/5997/303 2068/5998/303 2067/5999/303 2072/6000/303
f 2076/6001/303 2079/6002/303 2077/6003/303 2074/6004/303
f 2075/6005/295 2076/6006/295 2074/6007/295 2073/6008/295
f 2080/6009/302 2075/6010/302 2073/6011/302 2078/6012/302
f 2079/6013/297 2080/6014/297 2078/6015/297 2077/6016/297
f 2078/6017/300 2073/6018/300 2074/6019/300 2077/6020/300
f 2079/6021/301 2076/6022/301 2075/6023/301 2080/6024/301
f 2084/6025/299 2087/6026/299 2085/6027/299 2082/6028/299
f 2083/6029/295 2084/6030/295 2082/6031/295 2081/6032/295
f 2088/6033/298 2083/6034/298 2081/6035/298 2086/6036/298
f 2087/6037/297 2088/6038/297 2086/6039/297 2085/6040/297
f 2086/6041/294 2081/6042/294 2082/6043/294 2085/6044/294
f 2087/6045/296 2084/6046/296 2083/6047/296 2088/6048/296
f 2092/6049/300 2095/6050/300 2093/6051/300 2090/6052/300
f 2091/6053/295 2092/6054/295 2090/6055/295 2089/6056/295
f 2096/6057/301 2091/6058/301 2089/6059/301 2094/6060/301
f 2095/6061/297 2096/6062/297 2094/6063/297 2093/6064/297
f 2094/6065/302 2089/6066/302 2090/6067/302 2093/6068/302
f 2095/6069/303 2092/6070/303 2091/6071/303 2096/6072/303
f 2100/6073/300 2103/6074/300 2101/6075/300 2098/6076/300
f 2099/6077/295 2100/6078/295 2098/6079/295 2097/6080/295
f 2104/6081/301 2099/6082/301 2097/6083/301 2102/6084/301
f 2103/6085/297 2104/6086/297 2102/6087/297 2101/6088/297
f 2102/6089/302 2097/6090/302 2098/6091/302 2101/6092/302
f 2103/6093/303 2100/6094/303 2099/6095/303 2104/6096/303
f 2108/6097/298 2111/6098/298 2109/6099/298 2106/6100/298
f 2107/6101/295 2108/6102/295 2106/6103/295 2105/6104/295
f 2112/6105/299 2107/6106/299 2105/6107/299 2110/6108/299
f 2111/6109/297 2112/6110/297 2110/6111/297 2109/6112/297
f 2110/6113/296 2105/6114/296 2106/6115/296 2109/6116/296
f 2111/6117/294 2108/6118/294 2107/6119/294 2112/6120/294
f 2116/6121/300 2119/6122/300 2117/6123/300 2114/6124/300
f 2115/6125/295 2116/6126/295 2114/6127/295 2113/6128/295
f 2120/6129/301 2115/6130/301 2113/6131/301 2118/6132/301
f 2119/6133/297 2120/6134/297 2118/6135/297 2117/6136/297
f 2118/6137/302 2113/6138/302 2114/6139/302 2117/6140/302
f 2119/6141/303 2116/6142/303 2115/6143/303 2120/6144/303
o tracks
v -1.357186 0.079874 2.507531
v -1.357187 0.079875 -1.992469
v -1.357186 0.017374 2.507531
v -1.357187 0.017375 -1.992469
v -2.044687 0.079875 -1.992469
v -2.044687 0.079874 2.507531
v -2.044687 0.017375 -1.992469
v -2.044687 0.017374 2.507531
v 2.005314 1.238035 3.534146
v 2.005314 1.130489 3.687737
v 2.005314 1.289232 3.569994
v 2.005314 1.181686 3.723585
v 1.442814 1.130489 3.687737
v 1.442814 1.238035 3.534146
v 1.442814 1.181686 3.723585
v 1.442814 1.289232 3.569994
v 1.774064 1.128471 3.472688
v 1.774064 1.063944 3.564843
v 1.774064 1.230865 3.544385
v 1.774064 1.166338 3.636540
v 1.674064 1.063944 3.564843
v 1.674064 1.128471 3.472688
v 1.674064 1.166338 3.636540
v 1.674064 1.230865 3.544385
v 2.067814 1.205181 3.639926
v 2.067814 1.144163 3.653453
v 2.067814 1.218709 3.700944
v 2.067814 1.157690 3.714472
v 1.380314 1.144163 3.653453
v 1.380314 1.205181 3.639926
v 1.380314 1.157690 3.714472
v 1.380314 1.218709 3.700944
v 2.005314 1.144163 3.653453
v 2.005314 0.961107 3.694036
v 2.005314 1.157690 3.714472
v 2.005314 0.974635 3.755054
v 1.442814 0.961107 3.694036
v 1.442814 1.144163 3.653453
v 1.442814 0.974635 3.755054
v 1.442814 1.157690 3.714472
v 1.774064 1.104904 3.534122
v 1.774064 0.995071 3.558471
v 1.774064 1.131959 3.656159
v 1.774064 1.022126 3.680508
v 1.674064 0.995071 3.558471
v 1.674064 1.104904 3.534122
v 1.674064 1.022126 3.680508
v 1.674064 1.131959 3.656159
v 2.067814 1.051181 3.710860
v 2.067814 0.990811 3.694684
v 2.067814 1.035005 3.771230
v 2.067814 0.974635 3.755054
v 1.380314 0.990811 3.694684
v 1.380314 1.051181 3.710860
v 1.380314 0.974635 3.755054
v 1.380314 1.035005 3.771230
v 2.005314 0.990811 3.694684
v 2.005314 0.809700 3.646155
v 2.005314 0.974635 3.755054
v 2.005314 0.793524 3.706526
v 1.442814 0.809700 3.646155
v 1.442814 0.990811 3.694684
v 1.442814 0.793524 3.706526
v 1.442814 0.974635 3.755054
v 1.774064 1.011089 3.570708
v 1.774064 0.902422 3.541591
v 1.774064 0.978737 3.691449
v 1.774064 0.870070 3.662332
v 1.674064 0.902422 3.541591
v 1.674064 1.011089 3.570708
v 1.674064 0.870070 3.662332
v 1.674064 0.978737 3.691449
v 2.067814 0.881576 3.698822
v 2.067814 0.833698 3.658648
v 2.067814 0.841401 3.746700
v 2.067814 0.793524 3.706526
v 1.380314 0.833698 3.658648
v 1.380314 0.881576 3.698822
v 1.380314 0.793524 3.706526
v 1.380314 0.841401 3.746700
v 2.005314 0.833698 3.658648
v 2.005314 0.690064 3.538125
v 2.005314 0.793524 3.706526
v 2.005314 0.649890 3.586003
v 1.442814 0.690064 3.538125
v 1.442814 0.833698 3.658648
v 1.442814 0.649890 3.586003
v 1.442814 0.793524 3.706526
v 1.774064 0.904471 3.554857
v 1.774064 0.818291 3.482544
v 1.774064 0.824122 3.650613
v 1.774064 0.737942 3.578300
v 1.674064 0.818291 3.482544
v 1.674064 0.904471 3.554857
v 1.674064 0.737942 3.578300
v 1.674064 0.824122 3.650613
v 2.067814 0.737942 3.593707
v 2.067814 0.697768 3.545829
v 2.067814 0.690064 3.633881
v 2.067814 0.649890 3.586003
v 1.380314 0.697768 3.545829
v 1.380314 0.737942 3.593707
v 1.380314 0.649890 3.586003
v 1.380314 0.690064 3.633881
v 2.005314 0.697768 3.545829
v 2.005314 0.577245 3.402195
v 2.005314 0.649890 3.586003
v 2.005314 0.529367 3.442370
v 1.442814 0.577245 3.402195
v 1.442814 0.697768 3.545829
v 1.442814 0.529367 3.442370
v 1.442814 0.649890 3.586003
v 1.774064 0.785489 3.455905
v 1.774064 0.713175 3.369725
v 1.774064 0.689733 3.536253
v 1.774064 0.617419 3.450073
v 1.674064 0.713175 3.369725
v 1.674064 0.785489 3.455905
v 1.674064 0.617419 3.450073
v 1.674064 0.689733 3.536253
v 2.067814 0.617000 3.453907
v 2.067814 0.578952 3.404322
v 2.067814 0.567415 3.491954
v 2.067814 0.529367 3.442370
v 1.380314 0.578952 3.404322
v 1.380314 0.617000 3.453907
v 1.380314 0.529367 3.442370
v 1.380314 0.567415 3.491954
v 2.005314 0.578952 3.404322
v 2.005314 0.464809 3.255569
v 2.005314 0.529367 3.442370
v 2.005314 0.415225 3.293616
v 1.442814 0.464809 3.255569
v 1.442814 0.578952 3.404322
v 1.442814 0.415225 3.293616
v 1.442814 0.529367 3.442370
v 1.774064 0.670512 3.318310
v 1.774064 0.602026 3.229058
v 1.774064 0.571342 3.394405
v 1.774064 0.502857 3.305153
v 1.674064 0.602026 3.229058
v 1.674064 0.670512 3.318310
v 1.674064 0.502857 3.305153
v 1.674064 0.571342 3.394405
v 2.067814 0.502857 3.305153
v 2.067814 0.464809 3.255569
v 2.067814 0.453272 3.343201
v 2.067814 0.415225 3.293616
v 1.380314 0.464809 3.255569
v 1.380314 0.502857 3.305153
v 1.380314 0.415225 3.293616
v 1.380314 0.453272 3.343201
v 2.067814 1.227775 2.771953
v 2.067814 1.229411 2.834432
v 2.067814 1.290254 2.770317
v 2.067814 1.291890 2.832796
v 1.380314 1.229411 2.834432
v 1.380314 1.227775 2.771953
v 1.380314 1.291890 2.832796
v 1.380314 1.290254 2.770317
v 1.774064 1.099873 2.662764
v 1.774064 1.102818 2.775225
v 1.774064 1.224830 2.659492
v 1.774064 1.227775 2.771953
v 1.674064 1.102818 2.775225
v 1.674064 1.099873 2.662764
v 1.674064 1.227775 2.771953
v 1.674064 1.224830 2.659492
v 2.005313 1.224503 2.646996
v 2.005313 1.229411 2.834432
v 2.005313 1.286982 2.645360
v 2.005313 1.291890 2.832796
v 1.442814 1.229411 2.834432
v 1.442814 1.224503 2.646996
v 1.442814 1.291890 2.832796
v 1.442814 1.286982 2.645360
v 2.067813 1.222867 2.584517
v 2.067814 1.224503 2.646996
v 2.067813 1.285346 2.582881
v 2.067814 1.286982 2.645360
v 1.380314 1.224503 2.646996
v 1.380314 1.222867 2.584517
v 1.380314 1.286982 2.645360
v 1.380314 1.285346 2.582881
v 2.067813 1.131705 -1.920409
v 2.067813 1.229871 2.578520
v 2.067813 1.194190 -1.921773
v 2.067813 1.292356 2.577156
v 1.380314 1.229871 2.578520
v 1.380313 1.131705 -1.920409
v 1.380314 1.292356 2.577157
v 1.380313 1.194190 -1.921773
v 1.774063 1.006734 -1.917682
v 1.774064 1.104901 2.581247
v 1.774063 1.131705 -1.920409
v 1.774064 1.229871 2.578520
v 1.674064 1.104901 2.581247
v 1.674063 1.006734 -1.917682
v 1.674064 1.229871 2.578520
v 1.674063 1.131705 -1.920409
v 1.774063 0.978601 -3.103809
v 1.774063 1.005870 -1.854107
v 1.774063 1.103571 -3.106536
v 1.774063 1.130840 -1.856833
v 1.674063 1.005870 -1.854107
v 1.674063 0.978601 -3.103809
v 1.674063 1.130840 -1.856833
v 1.674063 1.103571 -3.106536
v 2.067813 1.103571 -3.106536
v 2.067813 1.130840 -1.856833
v 2.067813 1.166057 -3.107899
v 2.067813 1.193325 -1.858197
v 1.380313 1.130840 -1.856833
v 1.380313 1.103571 -3.106536
v 1.380313 1.193325 -1.858197
v 1.380313 1.166057 -3.107899
v 1.774063 0.980794 -3.218146
v 1.774063 0.978340 -3.105673
v 1.774063 1.105765 -3.215419
v 1.774063 1.103310 -3.102946
v 1.674063 0.978340 -3.105673
v 1.674063 0.980794 -3.218146
v 1.674063 1.103310 -3.102946
v 1.674063 1.105765 -3.215419
v 2.005313 1.106037 -3.227916
v 2.005313 1.101947 -3.040461
v 2.005313 1.168522 -3.226553
v 2.005313 1.164432 -3.039098
v 1.442813 1.101947 -3.040461
v 1.442813 1.106037 -3.227916
v 1.442813 1.164432 -3.039098
v 1.442813 1.168522 -3.226553
v 2.067813 1.107401 -3.290401
v 2.067813 1.106037 -3.227916
v 2.067813 1.169886 -3.289038
v 2.067813 1.168522 -3.226553
v 1.380313 1.106037 -3.227916
v 1.380313 1.107401 -3.290401
v 1.380313 1.168522 -3.226553
v 1.380313 1.169886 -3.289038
v 1.774063 0.992869 -3.413441
v 1.774063 0.985512 -3.301182
v 1.774063 1.117602 -3.405266
v 1.774063 1.110244 -3.293007
v 1.674063 0.985512 -3.301182
v 1.674063 0.992869 -3.413441
v 1.674063 1.110244 -3.293007
v 1.674063 1.117602 -3.405266
v 2.005312 1.118419 -3.417739
v 2.005313 1.106156 -3.230641
v 2.005312 1.180785 -3.413651
v 2.005313 1.168522 -3.226553
v 1.442813 1.106156 -3.230641
v 1.442813 1.118419 -3.417739
v 1.442813 1.168522 -3.226553
v 1.442813 1.180785 -3.413651
v 2.067813 1.122507 -3.480105
v 2.067813 1.118419 -3.417739
v 2.067813 1.184873 -3.476018
v 2.067813 1.180785 -3.413651
v 1.380313 1.118419 -3.417739
v 1.380313 1.122507 -3.480105
v 1.380313 1.180785 -3.413651
v 1.380313 1.184873 -3.476018
v 1.774063 0.951806 -3.529192
v 1.774063 0.983287 -3.421187
v 1.774063 1.071812 -3.564171
v 1.774063 1.103293 -3.456165
v 1.674063 0.983287 -3.421187
v 1.674063 0.951806 -3.529192
v 1.674063 1.103293 -3.456165
v 1.674063 1.071812 -3.564171
v 2.005312 1.068315 -3.576172
v 2.005312 1.120782 -3.396162
v 2.005312 1.128318 -3.593661
v 2.005312 1.180785 -3.413651
v 1.442813 1.120782 -3.396162
v 1.442813 1.068315 -3.576172
v 1.442813 1.180785 -3.413651
v 1.442813 1.128318 -3.593661
v 2.067813 1.050825 -3.636175
v 2.067813 1.068315 -3.576172
v 2.067813 1.110828 -3.653664
v 2.067813 1.128318 -3.593661
v 1.380313 1.068315 -3.576172
v 1.380313 1.050825 -3.636175
v 1.380313 1.128318 -3.593661
v 1.380313 1.110828 -3.653664
v 1.774063 0.873630 -3.623918
v 1.774063 0.940152 -3.533193
v 1.774063 0.974436 -3.697832
v 1.774063 1.040958 -3.607107
v 1.674063 0.940152 -3.533193
v 1.674063 0.873630 -3.623918
v 1.674063 1.040958 -3.607107
v 1.674063 0.974436 -3.697832
v 2.005312 0.967044 -3.707912
v 2.005312 1.077915 -3.556704
v 2.005312 1.017447 -3.744869
v 2.005312 1.128318 -3.593661
v 1.442813 1.077915 -3.556704
v 1.442813 0.967044 -3.707912
v 1.442813 1.128318 -3.593661
v 1.442813 1.017447 -3.744869
v 2.067812 0.930087 -3.758315
v 2.067812 0.967044 -3.707912
v 2.067812 0.980490 -3.795272
v 2.067812 1.017447 -3.744869
v 1.380313 0.967044 -3.707912
v 1.380313 0.930087 -3.758315
v 1.380313 1.017447 -3.744869
v 1.380313 0.980490 -3.795272
v 1.774063 0.796970 -3.613830
v 1.774063 0.904976 -3.582349
v 1.774063 0.831949 -3.733836
v 1.774063 0.939955 -3.702355
v 1.674063 0.904976 -3.582349
v 1.674063 0.796970 -3.613830
v 1.674063 0.939955 -3.702355
v 1.674063 0.831949 -3.733836
v 2.005312 0.819948 -3.737334
v 2.005312 0.999958 -3.684866
v 2.005312 0.837438 -3.797337
v 2.005312 1.017447 -3.744869
v 1.442813 0.999958 -3.684866
v 1.442813 0.819948 -3.737334
v 1.442813 1.017447 -3.744869
v 1.442813 0.837438 -3.797337
v 2.067812 0.759945 -3.754823
v 2.067812 0.819948 -3.737334
v 2.067812 0.777435 -3.814827
v 2.067812 0.837438 -3.797337
v 1.380313 0.819948 -3.737334
v 1.380313 0.759945 -3.754823
v 1.380313 0.837438 -3.797337
v 1.380313 0.777435 -3.814827
v 1.774063 0.740886 -3.597040
v 1.774063 0.852077 -3.614154
v 1.774063 0.721871 -3.720585
v 1.774063 0.833061 -3.737699
v 1.674063 0.852077 -3.614154
v 1.674063 0.740886 -3.597040
v 1.674063 0.833061 -3.737699
v 1.674063 0.721871 -3.720585
v 2.005312 0.709516 -3.718684
v 2.005312 0.894834 -3.747207
v 2.005312 0.700009 -3.780456
v 2.005312 0.885326 -3.808980
v 1.442813 0.894834 -3.747207
v 1.442813 0.709516 -3.718684
v 1.442813 0.885326 -3.808980
v 1.442813 0.700009 -3.780456
v 2.067812 0.647744 -3.709176
v 2.067812 0.709516 -3.718684
v 2.067812 0.638236 -3.770949
v 2.067812 0.700009 -3.780456
v 1.380313 0.709516 -3.718684
v 1.380313 0.647744 -3.709176
v 1.380313 0.700009 -3.780456
v 1.380313 0.638236 -3.770949
v 1.774063 0.625465 -3.517054
v 1.774063 0.726363 -3.566811
v 1.774063 0.570179 -3.629163
v 1.774063 0.671077 -3.678920
v 1.674063 0.726363 -3.566811
v 1.674063 0.625465 -3.517054
v 1.674063 0.671077 -3.678920
v 1.674063 0.570179 -3.629163
v 2.005312 0.558968 -3.623634
v 2.005312 0.727132 -3.706563
v 2.005312 0.531325 -3.679689
v 2.005312 0.699489 -3.762618
v 1.442813 0.727132 -3.706563
v 1.442813 0.558968 -3.623634
v 1.442813 0.699489 -3.762618
v 1.442813 0.531325 -3.679689
v 2.067813 0.502914 -3.595991
v 2.067813 0.558968 -3.623634
v 2.067813 0.475271 -3.652045
v 2.067813 0.531325 -3.679689
v 1.380313 0.558968 -3.623634
v 1.380313 0.502914 -3.595991
v 1.380313 0.531325 -3.679689
v 1.380313 0.475271 -3.652045
v 1.774063 0.558051 -3.425027
v 1.774063 0.628468 -3.512764
v 1.774063 0.460566 -3.503268
v 1.774063 0.530982 -3.591005
v 1.674063 0.628468 -3.512764
v 1.674063 0.558051 -3.425027
v 1.674063 0.530982 -3.591005
v 1.674063 0.460566 -3.503268
v 2.005312 0.452742 -3.493519
v 2.005312 0.570102 -3.639747
v 2.005312 0.403999 -3.532639
v 2.005312 0.521359 -3.678868
v 1.442813 0.570102 -3.639747
v 1.442813 0.452742 -3.493519
v 1.442813 0.521359 -3.678868
v 1.442813 0.403999 -3.532639
v 2.067813 0.413621 -3.444776
v 2.067813 0.452742 -3.493519
v 2.067813 0.364878 -3.483896
v 2.067813 0.403999 -3.532639
v 1.380313 0.452742 -3.493519
v 1.380313 0.413621 -3.444776
v 1.380313 0.403999 -3.532639
v 1.380313 0.364878 -3.483896
v 1.774063 0.495612 -3.290126
v 1.774063 0.545370 -3.391024
v 1.774063 0.383503 -3.345412
v 1.774063 0.433260 -3.446310
v 1.674063 0.545370 -3.391024
v 1.674063 0.495612 -3.290126
v 1.674063 0.433260 -3.446310
v 1.674063 0.383503 -3.345412
v 2.005312 0.377975 -3.334201
v 2.005312 0.460904 -3.502365
v 2.005312 0.321920 -3.361844
v 2.005312 0.404849 -3.530008
v 1.442813 0.460904 -3.502365
v 1.442813 0.377975 -3.334201
v 1.442813 0.404849 -3.530008
v 1.442813 0.321920 -3.361844
v 2.067813 0.350331 -3.278147
v 2.067813 0.377975 -3.334201
v 2.067813 0.294277 -3.305789
v 2.067813 0.321920 -3.361844
v 1.380313 0.377975 -3.334201
v 1.380313 0.350331 -3.278147
v 1.380313 0.321920 -3.361844
v 1.380313 0.294277 -3.305789
v 1.774063 0.412313 -3.123972
v 1.774063 0.462070 -3.224871
v 1.774063 0.300204 -3.179259
v 1.774063 0.349961 -3.280157
v 1.674063 0.462070 -3.224871
v 1.674063 0.412313 -3.123972
v 1.674063 0.349961 -3.280157
v 1.674063 0.300204 -3.179259
v 2.005313 0.294675 -3.168048
v 2.005312 0.377604 -3.336211
v 2.005313 0.238621 -3.195691
v 2.005312 0.321550 -3.363854
v 1.442813 0.377604 -3.336211
v 1.442813 0.294675 -3.168048
v 1.442813 0.321550 -3.363854
v 1.442813 0.238621 -3.195691
v 2.067813 0.267032 -3.111993
v 2.067813 0.294675 -3.168048
v 2.067813 0.210977 -3.139636
v 2.067813 0.238621 -3.195691
v 1.380313 0.294675 -3.168048
v 1.380313 0.267032 -3.111993
v 1.380313 0.238621 -3.195691
v 1.380313 0.210977 -3.139636
v 1.774063 0.343094 -2.963499
v 1.774063 0.388403 -3.066471
v 1.774063 0.228680 -3.013842
v 1.774063 0.273989 -3.116814
v 1.674063 0.388403 -3.066471
v 1.674063 0.343094 -2.963499
v 1.674063 0.273989 -3.116814
v 1.674063 0.228680 -3.013842
v 2.005313 0.223646 -3.002400
v 2.005313 0.299161 -3.174021
v 2.005313 0.166439 -3.027572
v 2.005313 0.241954 -3.199193
v 1.442813 0.299161 -3.174021
v 1.442813 0.223646 -3.002400
v 1.442813 0.241954 -3.199193
v 1.442813 0.166439 -3.027572
v 2.067813 0.198474 -2.945194
v 2.067813 0.223646 -3.002400
v 2.067813 0.141267 -2.970365
v 2.067813 0.166439 -3.027572
v 1.380313 0.223646 -3.002400
v 1.380313 0.198474 -2.945194
v 1.380313 0.166439 -3.027572
v 1.380313 0.141267 -2.970365
v 1.774063 0.261858 -2.794395
v 1.774063 0.307168 -2.897367
v 1.774063 0.147445 -2.844738
v 1.774063 0.192754 -2.947711
v 1.674063 0.307168 -2.897367
v 1.674063 0.261858 -2.794395
v 1.674063 0.192754 -2.947711
v 1.674063 0.147445 -2.844738
v 2.005313 0.142410 -2.833297
v 2.005313 0.217925 -3.004918
v 2.005313 0.085203 -2.858468
v 2.005313 0.160718 -3.030089
v 1.442813 0.217925 -3.004918
v 1.442813 0.142410 -2.833297
v 1.442813 0.160718 -3.030089
v 1.442813 0.085203 -2.858468
v 2.067813 0.117239 -2.776090
v 2.067813 0.142410 -2.833297
v 2.067813 0.060032 -2.801261
v 2.067813 0.085203 -2.858468
v 1.380313 0.142410 -2.833297
v 1.380313 0.117239 -2.776090
v 1.380313 0.085203 -2.858468
v 1.380313 0.060032 -2.801261
v 1.774063 0.195413 -2.628141
v 1.774063 0.236187 -2.732992
v 1.774063 0.078912 -2.673446
v 1.774063 0.119686 -2.778297
v 1.674063 0.236187 -2.732992
v 1.674063 0.195413 -2.628141
v 1.674063 0.119686 -2.778297
v 1.674063 0.078912 -2.673446
v 2.005313 0.074382 -2.661796
v 2.005313 0.142339 -2.836547
v 2.005313 0.016131 -2.684448
v 2.005313 0.084088 -2.859200
v 1.442813 0.142339 -2.836547
v 1.442813 0.074382 -2.661796
v 1.442813 0.084088 -2.859200
v 1.442813 0.016131 -2.684448
v 2.067813 0.051729 -2.603545
v 2.067813 0.074382 -2.661796
v 2.067813 -0.006521 -2.626198
v 2.067813 0.016131 -2.684448
v 1.380313 0.074382 -2.661796
v 1.380313 0.051729 -2.603545
v 1.380313 0.016131 -2.684448
v 1.380313 -0.006521 -2.626198
v 1.774063 0.193937 -2.499528
v 1.774063 0.196391 -2.612001
v 1.774063 0.068966 -2.502255
v 1.774063 0.071420 -2.614728
v 1.674063 0.196391 -2.612001
v 1.674063 0.193937 -2.499528
v 1.674063 0.071420 -2.614728
v 1.674063 0.068966 -2.502255
v 2.005313 0.068694 -2.489758
v 2.005313 0.072784 -2.677213
v 2.005313 0.006208 -2.491121
v 2.005313 0.010299 -2.678577
v 1.442813 0.072784 -2.677213
v 1.442813 0.068694 -2.489758
v 1.442813 0.010299 -2.678577
v 1.442813 0.006208 -2.491121
v 2.067813 0.067330 -2.427273
v 2.067813 0.068694 -2.489758
v 2.067813 0.004845 -2.428636
v 2.067813 0.006208 -2.491121
v 1.380313 0.068694 -2.489758
v 1.380313 0.067330 -2.427273
v 1.380313 0.006208 -2.491121
v 1.380313 0.004845 -2.428636
v 1.774063 0.197966 -2.320414
v 1.774063 0.195512 -2.432888
v 1.774063 0.072995 -2.317688
v 1.774063 0.070541 -2.430161
v 1.674063 0.195512 -2.432888
v 1.674063 0.197966 -2.320414
v 1.674063 0.070541 -2.430161
v 1.674063 0.072995 -2.317688
v 2.005313 0.073268 -2.305190
v 2.005313 0.069178 -2.492646
v 2.005313 0.010783 -2.303827
v 2.005313 0.006693 -2.491282
v 1.442813 0.069178 -2.492646
v 1.442813 0.073268 -2.305190
v 1.442813 0.006693 -2.491282
v 1.442813 0.010783 -2.303827
v 2.067813 0.074632 -2.242705
v 2.067813 0.073268 -2.305190
v 2.067813 0.012146 -2.241342
v 2.067813 0.010783 -2.303827
v 1.380313 0.073268 -2.305190
v 1.380313 0.074632 -2.242705
v 1.380313 0.010783 -2.303827
v 1.380313 0.012146 -2.241342
v 1.774063 0.200219 -2.140031
v 1.774063 0.197765 -2.252504
v 1.774063 0.075249 -2.137304
v 1.774063 0.072795 -2.249778
v 1.674063 0.197765 -2.252504
v 1.674063 0.200219 -2.140031
v 1.674063 0.072795 -2.249778
v 1.674063 0.075249 -2.137304
v 2.005313 0.075522 -2.124807
v 2.005313 0.071432 -2.312263
v 2.005313 0.013037 -2.123444
v 2.005313 0.008946 -2.310899
v 1.442813 0.071432 -2.312263
v 1.442813 0.075522 -2.124807
v 1.442813 0.008946 -2.310899
v 1.442813 0.013037 -2.123444
v 2.067813 0.078385 -1.993588
v 2.067813 0.075522 -2.124807
v 2.067813 0.015900 -1.992225
v 2.067813 0.013037 -2.123444
v 1.380313 0.075522 -2.124807
v 1.380313 0.078385 -1.993588
v 1.380313 0.013037 -2.123444
v 1.380313 0.015900 -1.992225
v -1.650936 0.204874 2.507531
v -1.650937 0.204875 -1.992469
v -1.650936 0.079874 2.507531
v -1.650937 0.079875 -1.992469
v -1.750937 0.204875 -1.992469
v -1.750937 0.204874 2.507531
v -1.750937 0.079875 -1.992469
v -1.750937 0.079874 2.507531
v -1.650936 0.204874 2.620031
v -1.650936 0.204874 2.507531
v -1.650936 0.079874 2.620031
v -1.650936 0.079874 2.507531
v -1.750937 0.204874 2.507531
v -1.750937 0.204874 2.620031
v -1.750937 0.079874 2.507531
v -1.750937 0.079874 2.620031
v -1.419686 0.079874 2.632531
v -1.419686 0.079874 2.445031
v -1.419686 0.017374 2.632531
v -1.419686 0.017374 2.445031
v -1.982186 0.079874 2.445031
v -1.982186 0.079874 2.632531
v -1.982186 0.017374 2.445031
v -1.982186 0.017374 2.632531
v -1.357186 0.079874 2.695031
v -1.357186 0.079874 2.632531
v -1.357186 0.017374 2.695031
v -1.357186 0.017374 2.632531
v -2.044687 0.079874 2.632531
v -2.044687 0.079874 2.695031
v -2.044687 0.017374 2.632531
v -2.044687 0.017374 2.695031
v -1.650936 0.248504 2.721585
v -1.650936 0.192254 2.624157
v -1.650936 0.140251 2.784085
v -1.650936 0.084001 2.686657
v -1.750937 0.192254 2.624157
v -1.750937 0.248504 2.721585
v -1.750937 0.084001 2.686657
v -1.750937 0.140251 2.784085
v -1.419686 0.146501 2.794911
v -1.419686 0.052751 2.632531
v -1.419686 0.092374 2.826161
v -1.419686 -0.001376 2.663781
v -1.982186 0.052751 2.632531
v -1.982186 0.146501 2.794911
v -1.982186 -0.001376 2.663781
v -1.982186 0.092374 2.826161
v -1.357186 0.177751 2.849037
v -1.357186 0.146501 2.794911
v -1.357186 0.123624 2.880287
v -1.357186 0.092374 2.826161
v -2.044687 0.146501 2.794911
v -2.044687 0.177751 2.849037
v -2.044687 0.092374 2.826161
v -2.044687 0.123624 2.880287
v -1.650936 0.344956 2.879986
v -1.650936 0.284510 2.785104
v -1.650936 0.239532 2.947148
v -1.650936 0.179086 2.852267
v -1.750937 0.284510 2.785104
v -1.750937 0.344956 2.879986
v -1.750937 0.179086 2.852267
v -1.750937 0.239532 2.947148
v -1.419686 0.246248 2.957690
v -1.419686 0.145505 2.799555
v -1.419686 0.193536 2.991272
v -1.419686 0.092793 2.833136
v -1.982186 0.145505 2.799555
v -1.982186 0.246248 2.957690
v -1.982186 0.092793 2.833136
v -1.982186 0.193536 2.991272
v -1.357186 0.279830 3.010402
v -1.357186 0.246248 2.957690
v -1.357186 0.227118 3.043984
v -1.357186 0.193536 2.991272
v -2.044687 0.246248 2.957690
v -2.044687 0.279830 3.010402
v -2.044687 0.193536 2.991272
v -2.044687 0.227118 3.043984
v -1.650936 0.447503 3.027078
v -1.650936 0.382976 2.934923
v -1.650936 0.345109 3.098775
v -1.650936 0.280582 3.006620
v -1.750937 0.382976 2.934923
v -1.750936 0.447503 3.027078
v -1.750937 0.280582 3.006620
v -1.750936 0.345109 3.098775
v -1.419686 0.352279 3.109014
v -1.419686 0.244733 2.955423
v -1.419686 0.301082 3.144863
v -1.419686 0.193536 2.991272
v -1.982186 0.244733 2.955423
v -1.982186 0.352279 3.109014
v -1.982186 0.193536 2.991272
v -1.982186 0.301082 3.144863
v -1.357186 0.388128 3.160211
v -1.357186 0.352279 3.109014
v -1.357186 0.336931 3.196060
v -1.357186 0.301082 3.144863
v -2.044687 0.352279 3.109014
v -2.044687 0.388128 3.160211
v -2.044687 0.301082 3.144863
v -2.044687 0.336931 3.196060
v -1.650936 0.556369 3.169557
v -1.650936 0.487883 3.080305
v -1.650936 0.457200 3.245652
v -1.650936 0.388714 3.156400
v -1.750936 0.487883 3.080305
v -1.750936 0.556369 3.169557
v -1.750936 0.388714 3.156400
v -1.750936 0.457200 3.245652
v -1.419686 0.464809 3.255569
v -1.419686 0.350667 3.106815
v -1.419686 0.415225 3.293617
v -1.419686 0.301082 3.144863
v -1.982186 0.350667 3.106815
v -1.982186 0.464809 3.255569
v -1.982186 0.301082 3.144863
v -1.982186 0.415225 3.293617
v 1.774064 1.104781 2.850199
v 1.774064 1.107726 2.962661
v 1.774064 1.229738 2.846927
v 1.774064 1.232683 2.959389
v 1.674064 1.107726 2.962661
v 1.674064 1.104781 2.850199
v 1.674064 1.232683 2.959389
v 1.674064 1.229738 2.846927
v 2.067814 1.232683 2.959389
v 2.067814 1.234319 3.021868
v 2.067814 1.295162 2.957753
v 2.067814 1.296798 3.020231
v 1.380314 1.234319 3.021868
v 1.380314 1.232683 2.959389
v 1.380314 1.296798 3.020232
v 1.380314 1.295162 2.957753
v 2.005314 1.234319 3.021868
v 2.005314 1.239228 3.209303
v 2.005314 1.296798 3.020231
v 2.005314 1.301706 3.207667
v 1.442814 1.239228 3.209303
v 1.442814 1.234319 3.021868
v 1.442814 1.301706 3.207667
v 1.442814 1.296798 3.020231
v 1.774064 1.109689 3.037635
v 1.774064 1.112634 3.150097
v 1.774064 1.234647 3.034363
v 1.774064 1.237592 3.146825
v 1.674064 1.112634 3.150097
v 1.674064 1.109689 3.037635
v 1.674064 1.237592 3.146825
v 1.674064 1.234647 3.034363
v 2.067814 1.237592 3.146825
v 2.067814 1.239228 3.209303
v 2.067814 1.300070 3.145189
v 2.067814 1.301706 3.207667
v 1.380314 1.239228 3.209303
v 1.380314 1.237592 3.146825
v 1.380314 1.301706 3.207667
v 1.380314 1.300070 3.145189
v 2.005314 1.239228 3.209303
v 2.005314 1.244136 3.396739
v 2.005314 1.301706 3.207667
v 2.005314 1.306614 3.395103
v 1.442814 1.244136 3.396739
v 1.442814 1.239228 3.209303
v 1.442814 1.306614 3.395103
v 1.442814 1.301706 3.207667
v 1.774064 1.114598 3.225071
v 1.774064 1.117543 3.337533
v 1.774064 1.239555 3.221799
v 1.774064 1.242500 3.334260
v 1.674064 1.117543 3.337533
v 1.674064 1.114598 3.225071
v 1.674064 1.242500 3.334260
v 1.674064 1.239555 3.221799
v -1.357186 0.502857 3.305154
v -1.357186 0.464809 3.255569
v -1.357186 0.453272 3.343201
v -1.357186 0.415225 3.293617
v -2.044687 0.464809 3.255569
v -2.044687 0.502857 3.305154
v -2.044687 0.415225 3.293617
v -2.044687 0.453272 3.343201
v -1.650936 0.670512 3.318310
v -1.650936 0.602026 3.229058
v -1.650936 0.571342 3.394406
v -1.650936 0.502857 3.305154
v -1.750936 0.602026 3.229058
v -1.750936 0.670512 3.318310
v -1.750936 0.502857 3.305154
v -1.750936 0.571342 3.394406
v 2.067814 1.249799 3.327394
v 2.067814 1.244352 3.389656
v 2.067814 1.312062 3.332841
v 2.067814 1.306614 3.395103
v 1.380314 1.244352 3.389656
v 1.380314 1.249799 3.327394
v 1.380314 1.306614 3.395103
v 1.380314 1.312062 3.332841
v 2.005314 1.244352 3.389656
v 2.005314 1.228010 3.576442
v 2.005314 1.306614 3.395103
v 2.005314 1.290273 3.581889
v 1.442814 1.228010 3.576442
v 1.442814 1.244352 3.389656
v 1.442814 1.290273 3.581889
v 1.442814 1.306614 3.395103
v 1.774064 1.118738 3.391214
v 1.774064 1.108933 3.503286
v 1.774064 1.243263 3.402108
v 1.774064 1.233458 3.514180
v 1.674064 1.108933 3.503286
v 1.674064 1.118738 3.391214
v 1.674064 1.233458 3.514180
v 1.674064 1.243263 3.402108
v 2.067814 1.273883 3.482949
v 2.067814 1.238035 3.534146
v 2.067814 1.325081 3.518797
v 2.067814 1.289232 3.569994
v 1.380314 1.238035 3.534146
v 1.380314 1.273883 3.482949
v 1.380314 1.289232 3.569995
v 1.380314 1.325081 3.518798
v 1.774064 0.204874 2.507530
v 1.774063 0.204875 -1.992469
v 1.774064 0.079874 2.507530
v 1.774063 0.079875 -1.992469
v 1.674063 0.204875 -1.992469
v 1.674064 0.204874 2.507530
v 1.674063 0.079875 -1.992469
v 1.674064 0.079874 2.507530
v 2.067813 0.079874 2.507530
v 2.067813 0.079875 -1.992469
v 2.067813 0.017374 2.507530
v 2.067813 0.017375 -1.992469
v 1.380313 0.079875 -1.992469
v 1.380314 0.079874 2.507530
v 1.380313 0.017375 -1.992469
v 1.380314 0.017374 2.507530
v 2.005313 0.079874 2.632530
v 2.005313 0.079874 2.445030
v 2.005313 0.017374 2.632530
v 2.005313 0.017374 2.445030
v 1.442814 0.079874 2.445030
v 1.442814 0.079874 2.632530
v 1.442814 0.017374 2.445030
v 1.442814 0.017374 2.632530
v 2.067814 0.079874 2.695030
v 2.067814 0.079874 2.632530
v 2.067814 0.017374 2.695030
v 2.067814 0.017374 2.632530
v 1.380314 0.079874 2.632530
v 1.380314 0.079874 2.695030
v 1.380314 0.017374 2.632530
v 1.380314 0.017374 2.695030
v 1.774064 0.204874 2.620030
v 1.774064 0.204874 2.507530
v 1.774064 0.079874 2.620030
v 1.774064 0.079874 2.507530
v 1.674064 0.204874 2.507530
v 1.674064 0.204874 2.620030
v 1.674064 0.079874 2.507530
v 1.674064 0.079874 2.620030
v 1.774064 0.248504 2.721585
v 1.774064 0.192254 2.624157
v 1.774064 0.140251 2.784085
v 1.774064 0.084001 2.686657
v 1.674064 0.192254 2.624157
v 1.674064 0.248504 2.721585
v 1.674064 0.084001 2.686657
v 1.674064 0.140251 2.784085
v 2.005313 0.146501 2.794910
v 2.005313 0.052751 2.632530
v 2.005313 0.092374 2.826160
v 2.005313 -0.001376 2.663780
v 1.442814 0.052751 2.632530
v 1.442814 0.146501 2.794910
v 1.442814 -0.001376 2.663780
v 1.442814 0.092374 2.826160
v 2.067814 0.177751 2.849037
v 2.067814 0.146501 2.794910
v 2.067814 0.123624 2.880287
v 2.067814 0.092374 2.826160
v 1.380314 0.146501 2.794910
v 1.380314 0.177751 2.849037
v 1.380314 0.092374 2.826160
v 1.380314 0.123624 2.880287
v 1.774064 0.344956 2.879985
v 1.774064 0.284510 2.785104
v 1.774064 0.239532 2.947148
v 1.774064 0.179086 2.852266
v 1.674064 0.284510 2.785104
v 1.674064 0.344956 2.879985
v 1.674064 0.179086 2.852266
v 1.674064 0.239532 2.947148
v 2.005313 0.246248 2.957690
v 2.005313 0.145505 2.799554
v 2.005313 0.193536 2.991271
v 2.005313 0.092793 2.833135
v 1.442814 0.145505 2.799554
v 1.442814 0.246248 2.957690
v 1.442814 0.092793 2.833135
v 1.442814 0.193536 2.991271
v 2.067814 0.279830 3.010402
v 2.067814 0.246248 2.957690
v 2.067814 0.227118 3.043983
v 2.067814 0.193536 2.991271
v 1.380314 0.246248 2.957690
v 1.380314 0.279830 3.010402
v 1.380314 0.193536 2.991271
v 1.380314 0.227118 3.043983
v 1.774064 0.447503 3.027077
v 1.774064 0.382976 2.934923
v 1.774064 0.345109 3.098774
v 1.774064 0.280582 3.006620
v 1.674064 0.382976 2.934923
v 1.674064 0.447503 3.027077
v 1.674064 0.280582 3.006620
v 1.674064 0.345109 3.098774
v 2.005314 0.352279 3.109014
v 2.005313 0.244733 2.955423
v 2.005314 0.301082 3.144862
v 2.005313 0.193536 2.991271
v 1.442814 0.244733 2.955423
v 1.442814 0.352279 3.109014
v 1.442814 0.193536 2.991271
v 1.442814 0.301082 3.144862
v 2.067814 0.388128 3.160211
v 2.067814 0.352279 3.109014
v 2.067814 0.336931 3.196059
v 2.067814 0.301082 3.144862
v 1.380314 0.352279 3.109014
v 1.380314 0.388128 3.160211
v 1.380314 0.301082 3.144862
v 1.380314 0.336931 3.196059
v 1.774064 0.556369 3.169556
v 1.774064 0.487883 3.080304
v 1.774064 0.457200 3.245651
v 1.774064 0.388714 3.156399
v 1.674064 0.487883 3.080304
v 1.674064 0.556369 3.169556
v 1.674064 0.388714 3.156399
v 1.674064 0.457200 3.245651
v 2.005314 0.464809 3.255569
v 2.005314 0.350667 3.106815
v 2.005314 0.415225 3.293616
v 2.005314 0.301082 3.144862
v 1.442814 0.350667 3.106815
v 1.442814 0.464809 3.255569
v 1.442814 0.301082 3.144862
v 1.442814 0.415225 3.293616
v 2.005313 1.229411 2.834432
v 2.005314 1.234319 3.021868
v 2.005313 1.291890 2.832796
v 2.005314 1.296798 3.020231
v 1.442814 1.234319 3.021868
v 1.442814 1.229411 2.834432
v 1.442814 1.296798 3.020231
v 1.442814 1.291890 2.832796
v -1.419686 0.578952 3.404323
v -1.419686 0.464809 3.255569
v -1.419686 0.529367 3.442370
v -1.419686 0.415225 3.293617
v -1.982186 0.464809 3.255569
v -1.982186 0.578952 3.404323
v -1.982186 0.415225 3.293617
v -1.982186 0.529367 3.442370
v -1.357186 0.617000 3.453907
v -1.357186 0.578952 3.404323
v -1.357186 0.567415 3.491955
v -1.357186 0.529367 3.442370
v -2.044687 0.578952 3.404323
v -2.044687 0.617000 3.453907
v -2.044687 0.529367 3.442370
v -2.044687 0.567415 3.491955
v -1.650936 0.785489 3.455905
v -1.650936 0.713175 3.369725
v -1.650936 0.689733 3.536254
v -1.650936 0.617419 3.450074
v -1.750936 0.713175 3.369725
v -1.750936 0.785489 3.455905
v -1.750936 0.617419 3.450074
v -1.750936 0.689733 3.536254
v -1.419686 0.697768 3.545829
v -1.419686 0.577245 3.402196
v -1.419686 0.649890 3.586004
v -1.419686 0.529367 3.442370
v -1.982186 0.577245 3.402196
v -1.982186 0.697768 3.545829
v -1.982186 0.529367 3.442370
v -1.982186 0.649890 3.586004
v -1.357186 0.737942 3.593707
v -1.357186 0.697768 3.545829
v -1.357186 0.690064 3.633881
v -1.357186 0.649890 3.586004
v -2.044687 0.697768 3.545829
v -2.044687 0.737942 3.593707
v -2.044687 0.649890 3.586004
v -2.044687 0.690064 3.633881
v -1.650936 0.904471 3.554858
v -1.650936 0.818291 3.482544
v -1.650936 0.824122 3.650614
v -1.650936 0.737942 3.578300
v -1.750936 0.818291 3.482544
v -1.750936 0.904471 3.554858
v -1.750936 0.737942 3.578300
v -1.750936 0.824122 3.650614
v -1.419686 0.833698 3.658648
v -1.419686 0.690064 3.538126
v -1.419686 0.793524 3.706526
v -1.419686 0.649890 3.586004
v -1.982186 0.690064 3.538126
v -1.982186 0.833698 3.658648
v -1.982186 0.649890 3.586004
v -1.982186 0.793524 3.706526
v -1.357186 0.881576 3.698823
v -1.357186 0.833698 3.658648
v -1.357186 0.841401 3.746701
v -1.357186 0.793524 3.706526
v -2.044687 0.833698 3.658649
v -2.044687 0.881576 3.698823
v -2.044687 0.793524 3.706527
v -2.044687 0.841401 3.746701
v -1.650936 1.011089 3.570709
v -1.650936 0.902422 3.541591
v -1.650936 0.978737 3.691449
v -1.650936 0.870070 3.662332
v -1.750936 0.902422 3.541591
v -1.750936 1.011089 3.570709
v -1.750936 0.870070 3.662332
v -1.750936 0.978737 3.691449
v -1.419686 0.990811 3.694685
v -1.419686 0.809700 3.646156
v -1.419686 0.974635 3.755055
v -1.419686 0.793524 3.706526
v -1.982186 0.809700 3.646156
v -1.982186 0.990811 3.694685
v -1.982186 0.793524 3.706526
v -1.982186 0.974635 3.755055
v -1.357186 1.051181 3.710861
v -1.357186 0.990811 3.694685
v -1.357186 1.035005 3.771231
v -1.357186 0.974635 3.755055
v -2.044687 0.990811 3.694685
v -2.044687 1.051181 3.710861
v -2.044687 0.974635 3.755055
v -2.044687 1.035005 3.771231
v -1.650936 1.104904 3.534122
v -1.650936 0.995071 3.558472
v -1.650936 1.131959 3.656159
v -1.650936 1.022126 3.680509
v -1.750936 0.995071 3.558472
v -1.750936 1.104904 3.534122
v -1.750936 1.022126 3.680509
v -1.750936 1.131959 3.656159
v -1.419686 1.144163 3.653454
v -1.419686 0.961107 3.694036
v -1.419686 1.157690 3.714472
v -1.419686 0.974635 3.755055
v -1.982186 0.961107 3.694036
v -1.982186 1.144163 3.653454
v -1.982186 0.974635 3.755055
v -1.982186 1.157690 3.714473
v -1.357186 1.205181 3.639926
v -1.357186 1.144163 3.653454
v -1.357186 1.218709 3.700945
v -1.357186 1.157690 3.714472
v -2.044687 1.144163 3.653454
v -2.044687 1.205181 3.639927
v -2.044687 1.157690 3.714473
v -2.044687 1.218709 3.700945
v -1.650936 1.128471 3.472689
v -1.650936 1.063944 3.564843
v -1.650936 1.230865 3.544386
v -1.650936 1.166338 3.636540
v -1.750936 1.063944 3.564843
v -1.750936 1.128471 3.472689
v -1.750936 1.166338 3.636540
v -1.750936 1.230865 3.544386
v -1.419686 1.238035 3.534146
v -1.419686 1.130489 3.687737
v -1.419686 1.289232 3.569995
v -1.419686 1.181686 3.723586
v -1.982186 1.130489 3.687737
v -1.982186 1.238035 3.534147
v -1.982186 1.181686 3.723586
v -1.982186 1.289232 3.569995
v -1.357186 1.273883 3.482949
v -1.357186 1.238035 3.534146
v -1.357186 1.325081 3.518798
v -1.357186 1.289232 3.569995
v -2.044687 1.238035 3.534147
v -2.044687 1.273883 3.482949
v -2.044687 1.289232 3.569995
v -2.044687 1.325081 3.518798
v -1.650936 1.118738 3.391214
v -1.650936 1.108933 3.503286
v -1.650936 1.243263 3.402109
v -1.650936 1.233458 3.514180
v -1.750936 1.108933 3.503286
v -1.750936 1.118738 3.391214
v -1.750936 1.233458 3.514180
v -1.750936 1.243263 3.402109
v -1.419686 1.244352 3.389656
v -1.419686 1.228010 3.576443
v -1.419686 1.306614 3.395103
v -1.419686 1.290273 3.581890
v -1.982186 1.228010 3.576443
v -1.982186 1.244352 3.389656
v -1.982186 1.290273 3.581890
v -1.982186 1.306614 3.395104
v -1.357186 1.249799 3.327394
v -1.357186 1.244352 3.389656
v -1.357186 1.312062 3.332841
v -1.357186 1.306614 3.395103
v -2.044687 1.244352 3.389656
v -2.044687 1.249799 3.327394
v -2.044687 1.306614 3.395104
v -2.044687 1.312062 3.332841
v -1.650936 1.114598 3.225071
v -1.650936 1.117543 3.337533
v -1.650936 1.239555 3.221799
v -1.650936 1.242500 3.334261
v -1.750936 1.117543 3.337533
v -1.750936 1.114598 3.225071
v -1.750936 1.242500 3.334261
v -1.750936 1.239555 3.221799
v -1.419686 1.239228 3.209304
v -1.419686 1.244136 3.396739
v -1.419686 1.301706 3.207668
v -1.419686 1.306614 3.395103
v -1.982186 1.244136 3.396740
v -1.982186 1.239228 3.209304
v -1.982186 1.306614 3.395104
v -1.982186 1.301706 3.207668
v -1.357186 1.237592 3.146825
v -1.357186 1.239228 3.209304
v -1.357186 1.300070 3.145189
v -1.357186 1.301706 3.207668
v -2.044687 1.239228 3.209304
v -2.044687 1.237592 3.146825
v -2.044687 1.301706 3.207668
v -2.044687 1.300070 3.145189
v -1.650936 1.109689 3.037636
v -1.650936 1.112634 3.150097
v -1.650936 1.234647 3.034364
v -1.650936 1.237592 3.146825
v -1.750936 1.112634 3.150097
v -1.750936 1.109689 3.037636
v -1.750936 1.237592 3.146825
v -1.750936 1.234647 3.034364
v -1.419686 1.234319 3.021868
v -1.419686 1.239228 3.209304
v -1.419686 1.296798 3.020232
v -1.419686 1.301706 3.207668
v -1.982186 1.239228 3.209304
v -1.982186 1.234319 3.021868
v -1.982186 1.301706 3.207668
v -1.982186 1.296798 3.020232
v -1.357186 1.232683 2.959389
v -1.357186 1.234319 3.021868
v -1.357186 1.295162 2.957753
v -1.357186 1.296798 3.020232
v -2.044687 1.234319 3.021868
v -2.044687 1.232683 2.959390
v -2.044687 1.296798 3.020232
v -2.044687 1.295162 2.957753
v -1.650936 1.104781 2.850200
v -1.650936 1.107726 2.962662
v -1.650936 1.229738 2.846928
v -1.650936 1.232683 2.959389
v -1.750937 1.107726 2.962662
v -1.750937 1.104781 2.850200
v -1.750937 1.232683 2.959389
v -1.750937 1.229738 2.846928
v -1.419686 1.229411 2.834432
v -1.419686 1.234319 3.021868
v -1.419686 1.291890 2.832796
v -1.419686 1.296798 3.020232
v -1.982186 1.234319 3.021868
v -1.982186 1.229411 2.834432
v -1.982186 1.296798 3.020232
v -1.982186 1.291890 2.832796
v -1.357186 1.227775 2.771954
v -1.357186 1.229411 2.834432
v -1.357186 1.290254 2.770318
v -1.357186 1.291890 2.832796
v -2.044687 1.229411 2.834432
v -2.044687 1.227775 2.771954
v -2.044687 1.291890 2.832796
v -2.044687 1.290254 2.770318
v -1.650936 1.099873 2.662764
v -1.650936 1.102818 2.775226
v -1.650936 1.224830 2.659492
v -1.650936 1.227775 2.771954
v -1.750937 1.102818 2.775226
v -1.750937 1.099873 2.662764
v -1.750937 1.227775 2.771954
v -1.750937 1.224830 2.659492
v -1.419686 1.224503 2.646996
v -1.419686 1.229411 2.834432
v -1.419686 1.286982 2.645360
v -1.419686 1.291890 2.832796
v -1.982186 1.229411 2.834432
v -1.982186 1.224503 2.646997
v -1.982186 1.291890 2.832796
v -1.982186 1.286982 2.645361
v -1.357186 1.222867 2.584518
v -1.357186 1.224503 2.646996
v -1.357186 1.285346 2.582882
v -1.357186 1.286982 2.645360
v -2.044687 1.224503 2.646997
v -2.044687 1.222867 2.584518
v -2.044687 1.286982 2.645361
v -2.044687 1.285346 2.582882
v -1.650937 1.006734 -1.917682
v -1.650936 1.104901 2.581247
v -1.650937 1.131705 -1.920409
v -1.650936 1.229871 2.578520
v -1.750937 1.104901 2.581247
v -1.750937 1.006734 -1.917682
v -1.750937 1.229871 2.578520
v -1.750937 1.131705 -1.920409
v -1.357187 1.131705 -1.920409
v -1.357186 1.229871 2.578520
v -1.357187 1.194190 -1.921772
v -1.357186 1.292356 2.577157
v -2.044687 1.229871 2.578521
v -2.044687 1.131705 -1.920409
v -2.044687 1.292356 2.577157
v -2.044687 1.194190 -1.921772
v -1.650937 0.978601 -3.103809
v -1.650937 1.005870 -1.854106
v -1.650937 1.103571 -3.106535
v -1.650937 1.130840 -1.856833
v -1.750937 1.005870 -1.854106
v -1.750937 0.978601 -3.103809
v -1.750937 1.130840 -1.856833
v -1.750937 1.103571 -3.106535
v -1.650937 0.980794 -3.218146
v -1.650937 0.978340 -3.105673
v -1.650937 1.105765 -3.215419
v -1.650937 1.103310 -3.102946
v -1.750937 0.978340 -3.105673
v -1.750937 0.980794 -3.218146
v -1.750937 1.103310 -3.102946
v -1.750937 1.105765 -3.215419
v -1.419687 1.106037 -3.227916
v -1.419687 1.101947 -3.040461
v -1.419687 1.168522 -3.226552
v -1.419687 1.164432 -3.039097
v -1.982187 1.101947 -3.040460
v -1.982187 1.106037 -3.227916
v -1.982187 1.164432 -3.039097
v -1.982187 1.168522 -3.226552
v -1.357187 1.107401 -3.290401
v -1.357187 1.106037 -3.227916
v -1.357187 1.169886 -3.289038
v -1.357187 1.168522 -3.226552
v -2.044688 1.106037 -3.227916
v -2.044688 1.107401 -3.290401
v -2.044688 1.168522 -3.226552
v -2.044688 1.169886 -3.289037
v -1.650937 0.992869 -3.413441
v -1.650937 0.985512 -3.301182
v -1.650937 1.117602 -3.405266
v -1.650937 1.110244 -3.293006
v -1.750937 0.985512 -3.301182
v -1.750937 0.992869 -3.413441
v -1.750937 1.110244 -3.293006
v -1.750937 1.117602 -3.405266
v -1.419687 1.118419 -3.417739
v -1.419687 1.106156 -3.230640
v -1.419687 1.180785 -3.413651
v -1.419687 1.168522 -3.226552
v -1.982187 1.106156 -3.230640
v -1.982187 1.118419 -3.417738
v -1.982187 1.168522 -3.226552
v -1.982187 1.180785 -3.413651
v -1.357187 1.122507 -3.480105
v -1.357187 1.118419 -3.417739
v -1.357187 1.184873 -3.476017
v -1.357187 1.180785 -3.413651
v -2.044688 1.118419 -3.417738
v -2.044688 1.122507 -3.480105
v -2.044688 1.180785 -3.413651
v -2.044688 1.184873 -3.476017
v -1.650937 0.951806 -3.529192
v -1.650937 0.983287 -3.421186
v -1.650937 1.071812 -3.564171
v -1.650937 1.103293 -3.456165
v -1.750937 0.983287 -3.421186
v -1.750937 0.951806 -3.529192
v -1.750937 1.103293 -3.456165
v -1.750937 1.071812 -3.564171
v -1.419687 1.068315 -3.576171
v -1.419687 1.120782 -3.396162
v -1.419687 1.128318 -3.593660
v -1.419687 1.180785 -3.413651
v -1.982187 1.120782 -3.396162
v -1.982187 1.068315 -3.576171
v -1.982187 1.180785 -3.413651
v -1.982187 1.128318 -3.593660
v -1.357187 1.050825 -3.636174
v -1.357187 1.068315 -3.576171
v -1.357187 1.110828 -3.653664
v -1.357187 1.128318 -3.593660
v -2.044688 1.068315 -3.576171
v -2.044688 1.050825 -3.636174
v -2.044688 1.128318 -3.593660
v -2.044688 1.110828 -3.653663
v -1.650937 0.873630 -3.623918
v -1.650937 0.940152 -3.533193
v -1.650937 0.974436 -3.697831
v -1.650937 1.040958 -3.607106
v -1.750937 0.940152 -3.533193
v -1.750937 0.873630 -3.623918
v -1.750937 1.040958 -3.607106
v -1.750937 0.974436 -3.697831
v -1.419687 0.967044 -3.707912
v -1.419687 1.077915 -3.556704
v -1.419687 1.017447 -3.744869
v -1.419687 1.128318 -3.593660
v -1.982187 1.077915 -3.556703
v -1.982187 0.967044 -3.707912
v -1.982187 1.128318 -3.593660
v -1.982187 1.017447 -3.744869
v -1.357187 0.930087 -3.758315
v -1.357187 0.967044 -3.707912
v -1.357187 0.980490 -3.795272
v -1.357187 1.017447 -3.744869
v -2.044688 0.967044 -3.707912
v -2.044688 0.930087 -3.758315
v -2.044688 1.017447 -3.744869
v -2.044688 0.980490 -3.795272
v -1.650937 0.796970 -3.613830
v -1.650937 0.904976 -3.582349
v -1.650937 0.831949 -3.733836
v -1.650937 0.939955 -3.702355
v -1.750937 0.904976 -3.582349
v -1.750937 0.796970 -3.613830
v -1.750937 0.939955 -3.702355
v -1.750937 0.831949 -3.733836
v -1.419687 0.819948 -3.737334
v -1.419687 0.999958 -3.684866
v -1.419687 0.837438 -3.797337
v -1.419687 1.017447 -3.744869
v -1.982187 0.999958 -3.684865
v -1.982187 0.819948 -3.737334
v -1.982187 1.017447 -3.744869
v -1.982187 0.837438 -3.797337
v -1.357187 0.759945 -3.754823
v -1.357187 0.819948 -3.737334
v -1.357187 0.777435 -3.814826
v -1.357187 0.837438 -3.797337
v -2.044688 0.819948 -3.737333
v -2.044688 0.759945 -3.754823
v -2.044688 0.837438 -3.797337
v -2.044688 0.777435 -3.814826
v -1.650937 0.740886 -3.597040
v -1.650937 0.852077 -3.614154
v -1.650937 0.721871 -3.720585
v -1.650937 0.833061 -3.737699
v -1.750937 0.852077 -3.614154
v -1.750937 0.740886 -3.597040
v -1.750937 0.833061 -3.737699
v -1.750937 0.721871 -3.720585
v -1.419687 0.709516 -3.718683
v -1.419687 0.894834 -3.747206
v -1.419687 0.700009 -3.780456
v -1.419687 0.885326 -3.808979
v -1.982187 0.894834 -3.747206
v -1.982187 0.709516 -3.718683
v -1.982187 0.885326 -3.808979
v -1.982187 0.700009 -3.780456
v -1.357187 0.647744 -3.709176
v -1.357187 0.709516 -3.718683
v -1.357187 0.638236 -3.770948
v -1.357187 0.700009 -3.780456
v -2.044688 0.709516 -3.718683
v -2.044688 0.647744 -3.709176
v -2.044688 0.700009 -3.780456
v -2.044688 0.638236 -3.770948
v -1.650937 0.625465 -3.517053
v -1.650937 0.726363 -3.566811
v -1.650937 0.570179 -3.629162
v -1.650937 0.671077 -3.678920
v -1.750937 0.726363 -3.566811
v -1.750937 0.625465 -3.517053
v -1.750937 0.671077 -3.678920
v -1.750937 0.570179 -3.629162
v -1.419687 0.558968 -3.623634
v -1.419687 0.727132 -3.706563
v -1.419687 0.531325 -3.679688
v -1.419687 0.699489 -3.762617
v -1.982187 0.727132 -3.706563
v -1.982187 0.558968 -3.623634
v -1.982187 0.699489 -3.762617
v -1.982187 0.531325 -3.679688
v -1.357187 0.502914 -3.595991
v -1.357187 0.558968 -3.623634
v -1.357187 0.475271 -3.652045
v -1.357187 0.531325 -3.679688
v -2.044688 0.558968 -3.623634
v -2.044688 0.502914 -3.595991
v -2.044688 0.531325 -3.679688
v -2.044688 0.475271 -3.652045
v -1.650937 0.558051 -3.425027
v -1.650937 0.628468 -3.512764
v -1.650937 0.460566 -3.503267
v -1.650937 0.530982 -3.591004
v -1.750937 0.628468 -3.512764
v -1.750937 0.558051 -3.425027
v -1.750937 0.530982 -3.591004
v -1.750937 0.460566 -3.503267
v -1.419687 0.452742 -3.493519
v -1.419687 0.570102 -3.639747
v -1.419687 0.403999 -3.532639
v -1.419687 0.521359 -3.678867
v -1.982187 0.570102 -3.639747
v -1.982187 0.452742 -3.493519
v -1.982187 0.521359 -3.678867
v -1.982187 0.403999 -3.532639
v -1.357187 0.413621 -3.444776
v -1.357187 0.452742 -3.493519
v -1.357187 0.364878 -3.483896
v -1.357187 0.403999 -3.532639
v -2.044688 0.452742 -3.493519
v -2.044688 0.413621 -3.444776
v -2.044688 0.403999 -3.532639
v -2.044688 0.364878 -3.483896
v -1.650937 0.495612 -3.290125
v -1.650937 0.545370 -3.391023
v -1.650937 0.383503 -3.345411
v -1.650937 0.433260 -3.446310
v -1.750937 0.545370 -3.391023
v -1.750937 0.495612 -3.290125
v -1.750937 0.433260 -3.446310
v -1.750937 0.383503 -3.345411
v -1.419687 0.377975 -3.334200
v -1.419687 0.460904 -3.502364
v -1.419687 0.321920 -3.361844
v -1.419687 0.404849 -3.530007
v -1.982187 0.460904 -3.502364
v -1.982187 0.377975 -3.334200
v -1.982187 0.404849 -3.530007
v -1.982187 0.321920 -3.361844
v -1.357187 0.350331 -3.278146
v -1.357187 0.377975 -3.334200
v -1.357187 0.294277 -3.305789
v -1.357187 0.321920 -3.361844
v -2.044688 0.377975 -3.334200
v -2.044688 0.350331 -3.278146
v -2.044688 0.321920 -3.361844
v -2.044688 0.294277 -3.305789
v -1.650937 0.412313 -3.123972
v -1.650937 0.462070 -3.224870
v -1.650937 0.300204 -3.179258
v -1.650937 0.349961 -3.280156
v -1.750937 0.462070 -3.224870
v -1.750937 0.412313 -3.123972
v -1.750937 0.349961 -3.280156
v -1.750937 0.300204 -3.179258
v -1.419687 0.294675 -3.168047
v -1.419687 0.377604 -3.336211
v -1.419687 0.238621 -3.195690
v -1.419687 0.321550 -3.363854
v -1.982187 0.377604 -3.336211
v -1.982187 0.294675 -3.168047
v -1.982187 0.321550 -3.363854
v -1.982187 0.238621 -3.195690
v -1.357187 0.267032 -3.111993
v -1.357187 0.294675 -3.168047
v -1.357187 0.210977 -3.139636
v -1.357187 0.238621 -3.195690
v -2.044688 0.294675 -3.168047
v -2.044688 0.267032 -3.111993
v -2.044688 0.238621 -3.195690
v -2.044688 0.210977 -3.139636
v -1.650937 0.343094 -2.963498
v -1.650937 0.388403 -3.066471
v -1.650937 0.228680 -3.013841
v -1.650937 0.273989 -3.116814
v -1.750937 0.388403 -3.066471
v -1.750937 0.343094 -2.963498
v -1.750937 0.273989 -3.116814
v -1.750937 0.228680 -3.013841
v -1.419687 0.223646 -3.002400
v -1.419687 0.299161 -3.174021
v -1.419687 0.166439 -3.027572
v -1.419687 0.241954 -3.199193
v -1.982187 0.299161 -3.174021
v -1.982187 0.223646 -3.002400
v -1.982187 0.241954 -3.199193
v -1.982187 0.166439 -3.027572
v -1.357187 0.198474 -2.945193
v -1.357187 0.223646 -3.002400
v -1.357187 0.141267 -2.970365
v -1.357187 0.166439 -3.027572
v -2.044688 0.223646 -3.002400
v -2.044688 0.198474 -2.945193
v -2.044688 0.166439 -3.027572
v -2.044688 0.141267 -2.970365
v -1.650937 0.261858 -2.794394
v -1.650937 0.307168 -2.897367
v -1.650937 0.147445 -2.844738
v -1.650937 0.192754 -2.947710
v -1.750937 0.307168 -2.897367
v -1.750937 0.261858 -2.794394
v -1.750937 0.192754 -2.947710
v -1.750937 0.147445 -2.844738
v -1.419687 0.142410 -2.833296
v -1.419687 0.217925 -3.004917
v -1.419687 0.085203 -2.858468
v -1.419687 0.160718 -3.030089
v -1.982187 0.217925 -3.004917
v -1.982187 0.142410 -2.833296
v -1.982187 0.160718 -3.030089
v -1.982187 0.085203 -2.858468
v -1.357187 0.117239 -2.776089
v -1.357187 0.142410 -2.833296
v -1.357187 0.060032 -2.801261
v -1.357187 0.085203 -2.858468
v -2.044688 0.142410 -2.833296
v -2.044688 0.117239 -2.776089
v -2.044688 0.085203 -2.858468
v -2.044688 0.060032 -2.801261
v -1.650937 0.195413 -2.628140
v -1.650937 0.236187 -2.732991
v -1.650937 0.078912 -2.673445
v -1.650937 0.119686 -2.778296
v -1.750937 0.236187 -2.732991
v -1.750937 0.195413 -2.628140
v -1.750937 0.119686 -2.778296
v -1.750937 0.078912 -2.673445
v -1.419687 0.074382 -2.661795
v -1.419687 0.142339 -2.836547
v -1.419687 0.016131 -2.684448
v -1.419687 0.084088 -2.859199
v -1.982187 0.142339 -2.836547
v -1.982187 0.074382 -2.661795
v -1.982187 0.084088 -2.859199
v -1.982187 0.016131 -2.684448
v -1.357187 0.051729 -2.603545
v -1.357187 0.074382 -2.661795
v -1.357187 -0.006521 -2.626197
v -1.357187 0.016131 -2.684448
v -2.044688 0.074382 -2.661795
v -2.044688 0.051729 -2.603545
v -2.044688 0.016131 -2.684448
v -2.044688 -0.006521 -2.626197
v -1.650937 0.193937 -2.499528
v -1.650937 0.196391 -2.612001
v -1.650937 0.068966 -2.502254
v -1.650937 0.071420 -2.614728
v -1.750937 0.196391 -2.612001
v -1.750937 0.193937 -2.499528
v -1.750937 0.071420 -2.614728
v -1.750937 0.068966 -2.502254
v -1.419687 0.068694 -2.489758
v -1.419687 0.072784 -2.677213
v -1.419687 0.006208 -2.491121
v -1.419687 0.010299 -2.678576
v -1.982187 0.072784 -2.677213
v -1.982187 0.068694 -2.489758
v -1.982187 0.010299 -2.678576
v -1.982187 0.006208 -2.491121
v -1.357187 0.067330 -2.427272
v -1.357187 0.068694 -2.489758
v -1.357187 0.004845 -2.428636
v -1.357187 0.006208 -2.491121
v -2.044688 0.068694 -2.489758
v -2.044688 0.067330 -2.427272
v -2.044688 0.006208 -2.491121
v -2.044688 0.004845 -2.428636
v -1.650937 0.197966 -2.320414
v -1.650937 0.195512 -2.432887
v -1.650937 0.072995 -2.317687
v -1.650937 0.070541 -2.430160
v -1.750937 0.195512 -2.432887
v -1.750937 0.197966 -2.320414
v -1.750937 0.070541 -2.430160
v -1.750937 0.072995 -2.317687
v -1.419687 0.073268 -2.305190
v -1.419687 0.069178 -2.492645
v -1.419687 0.010783 -2.303827
v -1.419687 0.006693 -2.491282
v -1.982187 0.069178 -2.492645
v -1.982187 0.073268 -2.305190
v -1.982187 0.006693 -2.491282
v -1.982187 0.010783 -2.303827
v -1.357187 0.074632 -2.242705
v -1.357187 0.073268 -2.305190
v -1.357187 0.012146 -2.241341
v -1.357187 0.010783 -2.303827
v -2.044688 0.073268 -2.305190
v -2.044688 0.074632 -2.242705
v -2.044688 0.010783 -2.303827
v -2.044688 0.012146 -2.241341
v -1.650937 0.200219 -2.140031
v -1.650937 0.197765 -2.252504
v -1.650937 0.075249 -2.137304
v -1.650937 0.072795 -2.249777
v -1.750937 0.197765 -2.252504
v -1.750937 0.200219 -2.140031
v -1.750937 0.072795 -2.249777
v -1.750937 0.075249 -2.137304
v -1.419687 0.075522 -2.124807
v -1.419687 0.071432 -2.312262
v -1.419687 0.013037 -2.123443
v -1.419687 0.008946 -2.310899
v -1.982187 0.071432 -2.312262
v -1.982187 0.075522 -2.124807
v -1.982187 0.008946 -2.310899
v -1.982187 0.013037 -2.123443
v -1.357187 0.078385 -1.993588
v -1.357187 0.075522 -2.124807
v -1.357187 0.015900 -1.992225
v -1.357187 0.013037 -2.123443
v -2.044688 0.075522 -2.124807
v -2.044687 0.078385 -1.993588
v -2.044688 0.013037 -2.123443
v -2.044687 0.015900 -1.992225
v -1.357187 1.103571 -3.106535
v -1.357187 1.130840 -1.856833
v -1.357187 1.166057 -3.107899
v -1.357187 1.193325 -1.858196
v -2.044687 1.130840 -1.856833
v -2.044688 1.103571 -3.106535
v -2.044687 1.193325 -1.858196
v -2.044688 1.166057 -3.107899
vn -0.0000 -0.0000 -1.0000
vn 1.0000 -0.0000 -0.0000
vn -0.0000 -0.0000 1.0000
vn -1.0000 -0.0000 -0.0000
vn -0.0000 1.0000 -0.0000
vn -0.0000 -1.0000 -0.0000
vn -0.0000 -0.5736 0.8192
vn -0.0000 0.5736 -0.8192
vn -0.0000 -0.8192 -0.5736
vn -0.0000 0.8192 0.5736
vn -0.0000 -0.9763 0.2164
vn -0.0000 0.9763 -0.2164
vn -0.0000 -0.2164 -0.9763
vn -0.0000 0.2164 0.9763
vn -0.0000 -0.9659 -0.2588
vn -0.0000 0.9659 0.2588
vn -0.0000 0.2588 -0.9659
vn -0.0000 -0.2588 0.9659
vn -0.0000 -0.7660 -0.6428
vn -0.0000 0.7660 0.6428
vn -0.0000 0.6428 -0.7660
vn -0.0000 -0.6428 0.7660
vn -0.0000 -0.6428 -0.7660
vn -0.0000 0.6428 0.7660
vn -0.0000 0.7660 -0.6428
vn -0.0000 -0.7660 0.6428
vn -0.0000 -0.6088 -0.7934
vn -0.0000 0.6088 0.7934
vn -0.0000 0.7934 -0.6088
vn -0.0000 -0.7934 0.6088
vn -0.0000 0.0262 0.9997
vn -0.0000 -0.0262 -0.9997
vn -0.0000 -0.9997 0.0262
vn -0.0000 0.9997 -0.0262
vn -0.0000 0.0218 0.9998
vn -0.0000 -0.0218 -0.9998
vn -0.0000 -0.9998 0.0218
vn -0.0000 0.9998 -0.0218
vn -0.0000 -0.0218 0.9998
vn -0.0000 0.0218 -0.9998
vn -0.0000 -0.9998 -0.0218
vn -0.0000 0.9998 0.0218
vn -0.0000 -0.0654 0.9979
vn -0.0000 0.0654 -0.9979
vn -0.0000 -0.9979 -0.0654
vn -0.0000 0.9979 0.0654
vn -0.0000 0.2798 0.9600
vn -0.0000 -0.2798 -0.9601
vn -0.0000 -0.9600 0.2798
vn -0.0000 0.9600 -0.2798
vn -0.0000 0.2798 0.9601
vn -0.0000 0.9601 -0.2798
vn -0.0000 -0.2798 -0.9600
vn -0.0000 0.5913 0.8064
vn -0.0000 -0.5913 -0.8064
vn -0.0000 -0.8064 0.5913
vn -0.0000 0.8064 -0.5913
vn -0.0000 0.9600 0.2798
vn -0.0000 -0.9600 -0.2798
vn -0.0000 -0.2798 0.9600
vn -0.0000 0.2798 -0.9600
vn -0.0000 0.9601 0.2798
vn -0.0000 -0.9601 -0.2798
vn -0.0000 0.9884 -0.1521
vn -0.0000 -0.9884 0.1521
vn -0.0000 0.1521 0.9884
vn -0.0000 -0.1521 -0.9884
vn -0.0000 0.8969 -0.4423
vn -0.0000 -0.8969 0.4423
vn -0.0000 0.4423 0.8969
vn -0.0000 -0.4423 -0.8969
vn -0.0000 0.6259 -0.7799
vn -0.0000 -0.6259 0.7799
vn -0.0000 0.7799 0.6259
vn -0.0000 -0.7799 -0.6259
vn -0.0000 0.4423 -0.8969
vn -0.0000 -0.4423 0.8969
vn -0.0000 0.8969 0.4423
vn -0.0000 -0.8969 -0.4423
vn -0.0000 0.4027 -0.9153
vn -0.0000 -0.4027 0.9153
vn -0.0000 0.9153 0.4027
vn -0.0000 -0.9153 -0.4027
vn -0.0000 0.4028 -0.9153
vn -0.0000 0.3624 -0.9320
vn -0.0000 -0.3624 0.9320
vn -0.0000 0.9320 0.3624
vn -0.0000 -0.9320 -0.3624
vn -0.0000 -0.5000 -0.8660
vn -0.0000 0.5000 0.8660
vn -0.0000 0.8660 -0.5000
vn -0.0000 -0.8660 0.5000
vn -0.0000 -0.5373 -0.8434
vn -0.0000 0.5373 0.8434
vn -0.0000 0.8434 -0.5373
vn -0.0000 -0.8434 0.5373
vn -0.0000 -0.5736 -0.8192
vn -0.0000 0.5736 0.8192
vn -0.0000 0.8192 -0.5736
vn -0.0000 -0.8192 0.5736
vn -0.0000 -0.0872 0.9962
vn -0.0000 0.0872 -0.9962
vn -0.0000 -0.9962 -0.0872
vn -0.0000 0.9962 0.0872
vt 0.654297 0.702148
vt 0.665039 0.702148
vt 0.665039 0.703125
vt 0.654297 0.703125
vt 0.496094 0.932617
vt 0.566406 0.932617
vt 0.566406 0.933594
vt 0.496094 0.933594
vt 0.654297 0.700195
vt 0.665039 0.700195
vt 0.665039 0.701172
vt 0.654297 0.701172
vt 0.496094 0.930664
vt 0.566406 0.930664
vt 0.566406 0.931641
vt 0.496094 0.931641
vt 0.045898 0.770508
vt 0.035156 0.770508
vt 0.035156 0.700195
vt 0.045898 0.700195
vt 0.057617 0.700195
vt 0.046875 0.700195
vt 0.046875 0.770508
vt 0.057617 0.770508
vt 0.186523 0.332031
vt 0.195312 0.332031
vt 0.195312 0.333008
vt 0.186523 0.333008
vt 0.619141 0.298828
vt 0.622070 0.298828
vt 0.622070 0.299805
vt 0.619141 0.299805
vt 0.666992 0.811523
vt 0.675781 0.811523
vt 0.675781 0.812500
vt 0.666992 0.812500
vt 0.700195 0.375000
vt 0.703125 0.375000
vt 0.703125 0.375977
vt 0.700195 0.375977
vt 0.616211 0.676758
vt 0.607422 0.676758
vt 0.607422 0.673828
vt 0.616211 0.673828
vt 0.616211 0.669922
vt 0.607422 0.669922
vt 0.607422 0.672852
vt 0.616211 0.672852
vt 0.233398 0.301758
vt 0.235352 0.301758
vt 0.235352 0.303711
vt 0.233398 0.303711
vt 0.696289 0.764648
vt 0.698242 0.764648
vt 0.698242 0.766602
vt 0.696289 0.766602
vt 0.696289 0.759766
vt 0.698242 0.759766
vt 0.698242 0.761719
vt 0.696289 0.761719
vt 0.696289 0.756836
vt 0.698242 0.756836
vt 0.698242 0.758789
vt 0.696289 0.758789
vt 0.698242 0.755859
vt 0.696289 0.755859
vt 0.696289 0.753906
vt 0.698242 0.753906
vt 0.698242 0.750977
vt 0.696289 0.750977
vt 0.696289 0.752930
vt 0.698242 0.752930
vt 0.652344 0.548828
vt 0.663086 0.548828
vt 0.663086 0.549805
vt 0.652344 0.549805
vt 0.634766 0.810547
vt 0.635742 0.810547
vt 0.635742 0.811523
vt 0.634766 0.811523
vt 0.652344 0.546875
vt 0.663086 0.546875
vt 0.663086 0.547852
vt 0.652344 0.547852
vt 0.635742 0.870117
vt 0.636719 0.870117
vt 0.636719 0.871094
vt 0.635742 0.871094
vt 0.663086 0.545898
vt 0.652344 0.545898
vt 0.652344 0.544922
vt 0.663086 0.544922
vt 0.663086 0.542969
vt 0.652344 0.542969
vt 0.652344 0.543945
vt 0.663086 0.543945
vt 0.159180 0.332031
vt 0.167969 0.332031
vt 0.167969 0.333008
vt 0.159180 0.333008
vt 0.593750 0.298828
vt 0.596680 0.298828
vt 0.596680 0.299805
vt 0.593750 0.299805
vt 0.666992 0.816406
vt 0.675781 0.816406
vt 0.675781 0.817383
vt 0.666992 0.817383
vt 0.615234 0.298828
vt 0.618164 0.298828
vt 0.618164 0.299805
vt 0.615234 0.299805
vt 0.616211 0.815430
vt 0.607422 0.815430
vt 0.607422 0.812500
vt 0.616211 0.812500
vt 0.616211 0.732422
vt 0.607422 0.732422
vt 0.607422 0.735352
vt 0.616211 0.735352
vt 0.696289 0.779297
vt 0.698242 0.779297
vt 0.698242 0.781250
vt 0.696289 0.781250
vt 0.696289 0.773438
vt 0.698242 0.773438
vt 0.698242 0.775391
vt 0.696289 0.775391
vt 0.225586 0.301758
vt 0.227539 0.301758
vt 0.227539 0.303711
vt 0.225586 0.303711
vt 0.696289 0.770508
vt 0.698242 0.770508
vt 0.698242 0.772461
vt 0.696289 0.772461
vt 0.232422 0.303711
vt 0.230469 0.303711
vt 0.230469 0.301758
vt 0.232422 0.301758
vt 0.698242 0.767578
vt 0.696289 0.767578
vt 0.696289 0.769531
vt 0.698242 0.769531
vt 0.652344 0.561523
vt 0.663086 0.561523
vt 0.663086 0.562500
vt 0.652344 0.562500
vt 0.630859 0.421875
vt 0.631836 0.421875
vt 0.631836 0.422852
vt 0.630859 0.422852
vt 0.652344 0.559570
vt 0.663086 0.559570
vt 0.663086 0.560547
vt 0.652344 0.560547
vt 0.632812 0.407227
vt 0.633789 0.407227
vt 0.633789 0.408203
vt 0.632812 0.408203
vt 0.663086 0.553711
vt 0.652344 0.553711
vt 0.652344 0.552734
vt 0.663086 0.552734
vt 0.663086 0.550781
vt 0.652344 0.550781
vt 0.652344 0.551758
vt 0.663086 0.551758
vt 0.666992 0.893555
vt 0.675781 0.893555
vt 0.675781 0.894531
vt 0.666992 0.894531
vt 0.673828 0.959961
vt 0.676758 0.959961
vt 0.676758 0.960938
vt 0.673828 0.960938
vt 0.126953 0.332031
vt 0.135742 0.332031
vt 0.135742 0.333008
vt 0.126953 0.333008
vt 0.700195 0.426758
vt 0.703125 0.426758
vt 0.703125 0.427734
vt 0.700195 0.427734
vt 0.616211 0.823242
vt 0.607422 0.823242
vt 0.607422 0.820312
vt 0.616211 0.820312
vt 0.616211 0.816406
vt 0.607422 0.816406
vt 0.607422 0.819336
vt 0.616211 0.819336
vt 0.189453 0.301758
vt 0.191406 0.301758
vt 0.191406 0.303711
vt 0.189453 0.303711
vt 0.192383 0.301758
vt 0.194336 0.301758
vt 0.194336 0.303711
vt 0.192383 0.303711
vt 0.696289 0.803711
vt 0.698242 0.803711
vt 0.698242 0.805664
vt 0.696289 0.805664
vt 0.195312 0.301758
vt 0.197266 0.301758
vt 0.197266 0.303711
vt 0.195312 0.303711
vt 0.698242 0.793945
vt 0.696289 0.793945
vt 0.696289 0.791992
vt 0.698242 0.791992
vt 0.698242 0.789062
vt 0.696289 0.789062
vt 0.696289 0.791016
vt 0.698242 0.791016
vt 0.408203 0.346680
vt 0.418945 0.346680
vt 0.418945 0.347656
vt 0.408203 0.347656
vt 0.069336 0.369141
vt 0.070312 0.369141
vt 0.070312 0.370117
vt 0.069336 0.370117
vt 0.652344 0.577148
vt 0.663086 0.577148
vt 0.663086 0.578125
vt 0.652344 0.578125
vt 0.629883 0.511719
vt 0.630859 0.511719
vt 0.630859 0.512695
vt 0.629883 0.512695
vt 0.663086 0.576172
vt 0.652344 0.576172
vt 0.652344 0.575195
vt 0.663086 0.575195
vt 0.442383 0.346680
vt 0.431641 0.346680
vt 0.431641 0.347656
vt 0.442383 0.347656
vt 0.666992 0.895508
vt 0.675781 0.895508
vt 0.675781 0.896484
vt 0.666992 0.896484
vt 0.439453 0.344727
vt 0.442383 0.344727
vt 0.442383 0.345703
vt 0.439453 0.345703
vt 0.105469 0.332031
vt 0.114258 0.332031
vt 0.114258 0.333008
vt 0.105469 0.333008
vt 0.671875 0.507812
vt 0.674805 0.507812
vt 0.674805 0.508789
vt 0.671875 0.508789
vt 0.615234 0.839844
vt 0.606445 0.839844
vt 0.606445 0.836914
vt 0.615234 0.836914
vt 0.616211 0.833008
vt 0.607422 0.833008
vt 0.607422 0.835938
vt 0.616211 0.835938
vt 0.696289 0.894531
vt 0.698242 0.894531
vt 0.698242 0.896484
vt 0.696289 0.896484
vt 0.696289 0.859375
vt 0.698242 0.859375
vt 0.698242 0.861328
vt 0.696289 0.861328
vt 0.696289 0.823242
vt 0.698242 0.823242
vt 0.698242 0.825195
vt 0.696289 0.825195
vt 0.696289 0.816406
vt 0.698242 0.816406
vt 0.698242 0.818359
vt 0.696289 0.818359
vt 0.698242 0.815430
vt 0.696289 0.815430
vt 0.696289 0.813477
vt 0.698242 0.813477
vt 0.188477 0.301758
vt 0.186523 0.301758
vt 0.186523 0.303711
vt 0.188477 0.303711
vt 0.652344 0.618164
vt 0.663086 0.618164
vt 0.663086 0.619141
vt 0.652344 0.619141
vt 0.377930 0.374023
vt 0.378906 0.374023
vt 0.378906 0.375000
vt 0.377930 0.375000
vt 0.652344 0.611328
vt 0.663086 0.611328
vt 0.663086 0.612305
vt 0.652344 0.612305
vt 0.479492 0.374023
vt 0.480469 0.374023
vt 0.480469 0.375000
vt 0.479492 0.375000
vt 0.663086 0.610352
vt 0.652344 0.610352
vt 0.652344 0.609375
vt 0.663086 0.609375
vt 0.407227 0.346680
vt 0.396484 0.346680
vt 0.396484 0.347656
vt 0.407227 0.347656
vt 0.044922 0.332031
vt 0.053711 0.332031
vt 0.053711 0.333008
vt 0.044922 0.333008
vt 0.287109 0.346680
vt 0.290039 0.346680
vt 0.290039 0.347656
vt 0.287109 0.347656
vt 0.666992 0.952148
vt 0.675781 0.952148
vt 0.675781 0.953125
vt 0.666992 0.953125
vt 0.292969 0.344727
vt 0.295898 0.344727
vt 0.295898 0.345703
vt 0.292969 0.345703
vt 0.615234 0.970703
vt 0.606445 0.970703
vt 0.606445 0.967773
vt 0.615234 0.967773
vt 0.615234 0.840820
vt 0.606445 0.840820
vt 0.606445 0.843750
vt 0.615234 0.843750
vt 0.695312 0.449219
vt 0.697266 0.449219
vt 0.697266 0.451172
vt 0.695312 0.451172
vt 0.695312 0.378906
vt 0.697266 0.378906
vt 0.697266 0.380859
vt 0.695312 0.380859
vt 0.695312 0.355469
vt 0.697266 0.355469
vt 0.697266 0.357422
vt 0.695312 0.357422
vt 0.695312 0.335938
vt 0.697266 0.335938
vt 0.697266 0.337891
vt 0.695312 0.337891
vt 0.698242 0.992188
vt 0.696289 0.992188
vt 0.696289 0.990234
vt 0.698242 0.990234
vt 0.698242 0.903320
vt 0.696289 0.903320
vt 0.696289 0.905273
vt 0.698242 0.905273
vt 0.652344 0.813477
vt 0.663086 0.813477
vt 0.663086 0.814453
vt 0.652344 0.814453
vt 0.623047 0.402344
vt 0.624023 0.402344
vt 0.624023 0.403320
vt 0.623047 0.403320
vt 0.652344 0.806641
vt 0.663086 0.806641
vt 0.663086 0.807617
vt 0.652344 0.807617
vt 0.624023 0.667969
vt 0.625000 0.667969
vt 0.625000 0.668945
vt 0.624023 0.668945
vt 0.663086 0.805664
vt 0.652344 0.805664
vt 0.652344 0.804688
vt 0.663086 0.804688
vt 0.663086 0.620117
vt 0.652344 0.620117
vt 0.652344 0.621094
vt 0.663086 0.621094
vt 0.666992 0.988281
vt 0.675781 0.988281
vt 0.675781 0.989258
vt 0.666992 0.989258
vt 0.641602 0.557617
vt 0.644531 0.557617
vt 0.644531 0.558594
vt 0.641602 0.558594
vt 0.035156 0.332031
vt 0.043945 0.332031
vt 0.043945 0.333008
vt 0.035156 0.333008
vt 0.093750 0.346680
vt 0.096680 0.346680
vt 0.096680 0.347656
vt 0.093750 0.347656
vt 0.615234 0.982422
vt 0.606445 0.982422
vt 0.606445 0.979492
vt 0.615234 0.979492
vt 0.615234 0.971680
vt 0.606445 0.971680
vt 0.606445 0.974609
vt 0.615234 0.974609
vt 0.671875 0.994141
vt 0.673828 0.994141
vt 0.673828 0.996094
vt 0.671875 0.996094
vt 0.671875 0.985352
vt 0.673828 0.985352
vt 0.673828 0.987305
vt 0.671875 0.987305
vt 0.662109 0.326172
vt 0.664062 0.326172
vt 0.664062 0.328125
vt 0.662109 0.328125
vt 0.114258 0.325195
vt 0.116211 0.325195
vt 0.116211 0.327148
vt 0.114258 0.327148
vt 0.097656 0.326172
vt 0.095703 0.326172
vt 0.095703 0.324219
vt 0.097656 0.324219
vt 0.113281 0.321289
vt 0.111328 0.321289
vt 0.111328 0.323242
vt 0.113281 0.323242
vt 0.651367 0.540039
vt 0.662109 0.540039
vt 0.662109 0.541016
vt 0.651367 0.541016
vt 0.623047 0.975586
vt 0.624023 0.975586
vt 0.624023 0.976562
vt 0.623047 0.976562
vt 0.479492 0.347656
vt 0.490234 0.347656
vt 0.490234 0.348633
vt 0.479492 0.348633
vt 0.623047 0.589844
vt 0.624023 0.589844
vt 0.624023 0.590820
vt 0.623047 0.590820
vt 0.562500 0.348633
vt 0.551758 0.348633
vt 0.551758 0.347656
vt 0.562500 0.347656
vt 0.662109 0.411133
vt 0.651367 0.411133
vt 0.651367 0.412109
vt 0.662109 0.412109
vt 0.652344 0.347656
vt 0.663086 0.347656
vt 0.663086 0.348633
vt 0.652344 0.348633
vt 0.543945 0.350586
vt 0.544922 0.350586
vt 0.544922 0.351562
vt 0.543945 0.351562
vt 0.653320 0.969727
vt 0.664062 0.969727
vt 0.664062 0.970703
vt 0.653320 0.970703
vt 0.018555 0.349609
vt 0.019531 0.349609
vt 0.019531 0.350586
vt 0.018555 0.350586
vt 0.664062 0.968750
vt 0.653320 0.968750
vt 0.653320 0.967773
vt 0.664062 0.967773
vt 0.664062 0.965820
vt 0.653320 0.965820
vt 0.653320 0.966797
vt 0.664062 0.966797
vt 0.696289 0.654297
vt 0.698242 0.654297
vt 0.698242 0.656250
vt 0.696289 0.656250
vt 0.350586 0.301758
vt 0.352539 0.301758
vt 0.352539 0.303711
vt 0.350586 0.303711
vt 0.353516 0.301758
vt 0.355469 0.301758
vt 0.355469 0.303711
vt 0.353516 0.303711
vt 0.696289 0.643555
vt 0.698242 0.643555
vt 0.698242 0.645508
vt 0.696289 0.645508
vt 0.358398 0.303711
vt 0.356445 0.303711
vt 0.356445 0.301758
vt 0.358398 0.301758
vt 0.698242 0.640625
vt 0.696289 0.640625
vt 0.696289 0.642578
vt 0.698242 0.642578
vt 0.336914 0.332031
vt 0.345703 0.332031
vt 0.345703 0.333008
vt 0.336914 0.333008
vt 0.673828 0.298828
vt 0.676758 0.298828
vt 0.676758 0.299805
vt 0.673828 0.299805
vt 0.346680 0.332031
vt 0.355469 0.332031
vt 0.355469 0.333008
vt 0.346680 0.333008
vt 0.681641 0.298828
vt 0.684570 0.298828
vt 0.684570 0.299805
vt 0.681641 0.299805
vt 0.616211 0.604492
vt 0.607422 0.604492
vt 0.607422 0.601562
vt 0.616211 0.601562
vt 0.570312 0.389648
vt 0.561523 0.389648
vt 0.561523 0.392578
vt 0.570312 0.392578
vt 0.043945 0.345703
vt 0.054688 0.345703
vt 0.054688 0.346680
vt 0.043945 0.346680
vt 0.143555 0.348633
vt 0.144531 0.348633
vt 0.144531 0.349609
vt 0.143555 0.349609
vt 0.653320 0.928711
vt 0.664062 0.928711
vt 0.664062 0.929688
vt 0.653320 0.929688
vt 0.396484 0.348633
vt 0.397461 0.348633
vt 0.397461 0.349609
vt 0.396484 0.349609
vt 0.664062 0.754883
vt 0.653320 0.754883
vt 0.653320 0.753906
vt 0.664062 0.753906
vt 0.664062 0.751953
vt 0.653320 0.751953
vt 0.653320 0.752930
vt 0.664062 0.752930
vt 0.251953 0.345703
vt 0.262695 0.345703
vt 0.262695 0.346680
vt 0.251953 0.346680
vt 0.495117 0.871094
vt 0.565430 0.871094
vt 0.565430 0.872070
vt 0.495117 0.872070
vt 0.328125 0.345703
vt 0.338867 0.345703
vt 0.338867 0.346680
vt 0.328125 0.346680
vt 0.496094 0.957031
vt 0.566406 0.957031
vt 0.566406 0.958008
vt 0.496094 0.958008
vt 0.034180 0.770508
vt 0.023438 0.770508
vt 0.023438 0.700195
vt 0.034180 0.700195
vt 0.240234 0.902344
vt 0.229492 0.902344
vt 0.229492 0.972656
vt 0.240234 0.972656
vt 0.359375 0.301758
vt 0.361328 0.301758
vt 0.361328 0.303711
vt 0.359375 0.303711
vt 0.422852 0.606445
vt 0.493164 0.606445
vt 0.493164 0.608398
vt 0.422852 0.608398
vt 0.696289 0.637695
vt 0.698242 0.637695
vt 0.698242 0.639648
vt 0.696289 0.639648
vt 0.423828 0.792969
vt 0.494141 0.792969
vt 0.494141 0.794922
vt 0.423828 0.794922
vt 0.235352 0.579102
vt 0.233398 0.579102
vt 0.233398 0.508789
vt 0.235352 0.508789
vt 0.325195 0.507812
vt 0.323242 0.507812
vt 0.323242 0.578125
vt 0.325195 0.578125
vt 0.362305 0.301758
vt 0.364258 0.301758
vt 0.364258 0.303711
vt 0.362305 0.303711
vt 0.458008 0.877930
vt 0.477539 0.877930
vt 0.477539 0.879883
vt 0.458008 0.879883
vt 0.696289 0.634766
vt 0.698242 0.634766
vt 0.698242 0.636719
vt 0.696289 0.636719
vt 0.571289 0.783203
vt 0.590820 0.783203
vt 0.590820 0.785156
vt 0.571289 0.785156
vt 0.220703 0.429688
vt 0.218750 0.429688
vt 0.218750 0.410156
vt 0.220703 0.410156
vt 0.223633 0.410156
vt 0.221680 0.410156
vt 0.221680 0.429688
vt 0.223633 0.429688
vt 0.339844 0.345703
vt 0.350586 0.345703
vt 0.350586 0.346680
vt 0.339844 0.346680
vt 0.621094 0.463867
vt 0.640625 0.463867
vt 0.640625 0.464844
vt 0.621094 0.464844
vt 0.351562 0.345703
vt 0.362305 0.345703
vt 0.362305 0.346680
vt 0.351562 0.346680
vt 0.622070 0.942383
vt 0.641602 0.942383
vt 0.641602 0.943359
vt 0.622070 0.943359
vt 0.148438 0.634766
vt 0.137695 0.634766
vt 0.137695 0.615234
vt 0.148438 0.615234
vt 0.332031 0.615234
vt 0.321289 0.615234
vt 0.321289 0.634766
vt 0.332031 0.634766
vt 0.365234 0.301758
vt 0.367188 0.301758
vt 0.367188 0.303711
vt 0.365234 0.303711
vt 0.696289 0.631836
vt 0.698242 0.631836
vt 0.698242 0.633789
vt 0.696289 0.633789
vt 0.368164 0.301758
vt 0.370117 0.301758
vt 0.370117 0.303711
vt 0.368164 0.303711
vt 0.696289 0.628906
vt 0.698242 0.628906
vt 0.698242 0.630859
vt 0.696289 0.630859
vt 0.698242 0.627930
vt 0.696289 0.627930
vt 0.696289 0.625977
vt 0.698242 0.625977
vt 0.698242 0.623047
vt 0.696289 0.623047
vt 0.696289 0.625000
vt 0.698242 0.625000
vt 0.356445 0.332031
vt 0.365234 0.332031
vt 0.365234 0.333008
vt 0.356445 0.333008
vt 0.700195 0.304688
vt 0.703125 0.304688
vt 0.703125 0.305664
vt 0.700195 0.305664
vt 0.366211 0.332031
vt 0.375000 0.332031
vt 0.375000 0.333008
vt 0.366211 0.333008
vt 0.700195 0.302734
vt 0.703125 0.302734
vt 0.703125 0.303711
vt 0.700195 0.303711
vt 0.617188 0.916016
vt 0.608398 0.916016
vt 0.608398 0.913086
vt 0.617188 0.913086
vt 0.097656 0.388672
vt 0.088867 0.388672
vt 0.088867 0.391602
vt 0.097656 0.391602
vt 0.653320 0.641602
vt 0.664062 0.641602
vt 0.664062 0.642578
vt 0.653320 0.642578
vt 0.328125 0.347656
vt 0.329102 0.347656
vt 0.329102 0.348633
vt 0.328125 0.348633
vt 0.653320 0.639648
vt 0.664062 0.639648
vt 0.664062 0.640625
vt 0.653320 0.640625
vt 0.381836 0.347656
vt 0.382812 0.347656
vt 0.382812 0.348633
vt 0.381836 0.348633
vt 0.664062 0.638672
vt 0.653320 0.638672
vt 0.653320 0.637695
vt 0.664062 0.637695
vt 0.374023 0.345703
vt 0.363281 0.345703
vt 0.363281 0.346680
vt 0.374023 0.346680
vt 0.696289 0.616211
vt 0.698242 0.616211
vt 0.698242 0.618164
vt 0.696289 0.618164
vt 0.387695 0.301758
vt 0.389648 0.301758
vt 0.389648 0.303711
vt 0.387695 0.303711
vt 0.390625 0.301758
vt 0.392578 0.301758
vt 0.392578 0.303711
vt 0.390625 0.303711
vt 0.696289 0.607422
vt 0.698242 0.607422
vt 0.698242 0.609375
vt 0.696289 0.609375
vt 0.395508 0.303711
vt 0.393555 0.303711
vt 0.393555 0.301758
vt 0.395508 0.301758
vt 0.698242 0.604492
vt 0.696289 0.604492
vt 0.696289 0.606445
vt 0.698242 0.606445
vt 0.666992 0.564453
vt 0.675781 0.564453
vt 0.675781 0.565430
vt 0.666992 0.565430
vt 0.697266 0.298828
vt 0.700195 0.298828
vt 0.700195 0.299805
vt 0.697266 0.299805
vt 0.666992 0.562500
vt 0.675781 0.562500
vt 0.675781 0.563477
vt 0.666992 0.563477
vt 0.700195 0.300781
vt 0.703125 0.300781
vt 0.703125 0.301758
vt 0.700195 0.301758
vt 0.107422 0.391602
vt 0.098633 0.391602
vt 0.098633 0.388672
vt 0.107422 0.388672
vt 0.117188 0.388672
vt 0.108398 0.388672
vt 0.108398 0.391602
vt 0.117188 0.391602
vt 0.653320 0.635742
vt 0.664062 0.635742
vt 0.664062 0.636719
vt 0.653320 0.636719
vt 0.574219 0.347656
vt 0.575195 0.347656
vt 0.575195 0.348633
vt 0.574219 0.348633
vt 0.653320 0.591797
vt 0.664062 0.591797
vt 0.664062 0.592773
vt 0.653320 0.592773
vt 0.055664 0.345703
vt 0.056641 0.345703
vt 0.056641 0.346680
vt 0.055664 0.346680
vt 0.664062 0.558594
vt 0.653320 0.558594
vt 0.653320 0.557617
vt 0.664062 0.557617
vt 0.664062 0.555664
vt 0.653320 0.555664
vt 0.653320 0.556641
vt 0.664062 0.556641
vt 0.396484 0.301758
vt 0.398438 0.301758
vt 0.398438 0.303711
vt 0.396484 0.303711
vt 0.696289 0.601562
vt 0.698242 0.601562
vt 0.698242 0.603516
vt 0.696289 0.603516
vt 0.696289 0.598633
vt 0.698242 0.598633
vt 0.698242 0.600586
vt 0.696289 0.600586
vt 0.696289 0.595703
vt 0.698242 0.595703
vt 0.698242 0.597656
vt 0.696289 0.597656
vt 0.698242 0.594727
vt 0.696289 0.594727
vt 0.696289 0.592773
vt 0.698242 0.592773
vt 0.698242 0.589844
vt 0.696289 0.589844
vt 0.696289 0.591797
vt 0.698242 0.591797
vt 0.666992 0.560547
vt 0.675781 0.560547
vt 0.675781 0.561523
vt 0.666992 0.561523
vt 0.000000 0.297852
vt 0.002930 0.297852
vt 0.002930 0.298828
vt 0.000000 0.298828
vt 0.666992 0.554688
vt 0.675781 0.554688
vt 0.675781 0.555664
vt 0.666992 0.555664
vt 0.003906 0.297852
vt 0.006836 0.297852
vt 0.006836 0.298828
vt 0.003906 0.298828
vt 0.617188 0.881836
vt 0.608398 0.881836
vt 0.608398 0.878906
vt 0.617188 0.878906
vt 0.617188 0.875000
vt 0.608398 0.875000
vt 0.608398 0.877930
vt 0.617188 0.877930
vt 0.653320 0.524414
vt 0.664062 0.524414
vt 0.664062 0.525391
vt 0.653320 0.525391
vt 0.105469 0.345703
vt 0.106445 0.345703
vt 0.106445 0.346680
vt 0.105469 0.346680
vt 0.475586 0.345703
vt 0.486328 0.345703
vt 0.486328 0.346680
vt 0.475586 0.346680
vt 0.606445 0.345703
vt 0.607422 0.345703
vt 0.607422 0.346680
vt 0.606445 0.346680
vt 0.664062 0.523438
vt 0.653320 0.523438
vt 0.653320 0.522461
vt 0.664062 0.522461
vt 0.664062 0.520508
vt 0.653320 0.520508
vt 0.653320 0.521484
vt 0.664062 0.521484
vt 0.696289 0.581055
vt 0.698242 0.581055
vt 0.698242 0.583008
vt 0.696289 0.583008
vt 0.696289 0.578125
vt 0.698242 0.578125
vt 0.698242 0.580078
vt 0.696289 0.580078
vt 0.696289 0.575195
vt 0.698242 0.575195
vt 0.698242 0.577148
vt 0.696289 0.577148
vt 0.425781 0.301758
vt 0.427734 0.301758
vt 0.427734 0.303711
vt 0.425781 0.303711
vt 0.698242 0.574219
vt 0.696289 0.574219
vt 0.696289 0.572266
vt 0.698242 0.572266
vt 0.430664 0.301758
vt 0.428711 0.301758
vt 0.428711 0.303711
vt 0.430664 0.303711
vt 0.666992 0.552734
vt 0.675781 0.552734
vt 0.675781 0.553711
vt 0.666992 0.553711
vt 0.009766 0.297852
vt 0.012695 0.297852
vt 0.012695 0.298828
vt 0.009766 0.298828
vt 0.666992 0.550781
vt 0.675781 0.550781
vt 0.675781 0.551758
vt 0.666992 0.551758
vt 0.030273 0.297852
vt 0.033203 0.297852
vt 0.033203 0.298828
vt 0.030273 0.298828
vt 0.617188 0.874023
vt 0.608398 0.874023
vt 0.608398 0.871094
vt 0.617188 0.871094
vt 0.617188 0.867188
vt 0.608398 0.867188
vt 0.608398 0.870117
vt 0.617188 0.870117
vt 0.653320 0.518555
vt 0.664062 0.518555
vt 0.664062 0.519531
vt 0.653320 0.519531
vt 0.455078 0.342773
vt 0.456055 0.342773
vt 0.456055 0.343750
vt 0.455078 0.343750
vt 0.653320 0.516602
vt 0.664062 0.516602
vt 0.664062 0.517578
vt 0.653320 0.517578
vt 0.606445 0.339844
vt 0.607422 0.339844
vt 0.607422 0.340820
vt 0.606445 0.340820
vt 0.664062 0.502930
vt 0.653320 0.502930
vt 0.653320 0.501953
vt 0.664062 0.501953
vt 0.664062 0.500000
vt 0.653320 0.500000
vt 0.653320 0.500977
vt 0.664062 0.500977
vt 0.431641 0.301758
vt 0.433594 0.301758
vt 0.433594 0.303711
vt 0.431641 0.303711
vt 0.696289 0.565430
vt 0.698242 0.565430
vt 0.698242 0.567383
vt 0.696289 0.567383
vt 0.434570 0.301758
vt 0.436523 0.301758
vt 0.436523 0.303711
vt 0.434570 0.303711
vt 0.696289 0.559570
vt 0.698242 0.559570
vt 0.698242 0.561523
vt 0.696289 0.561523
vt 0.698242 0.558594
vt 0.696289 0.558594
vt 0.696289 0.556641
vt 0.698242 0.556641
vt 0.445312 0.301758
vt 0.443359 0.301758
vt 0.443359 0.303711
vt 0.445312 0.303711
vt 0.666992 0.548828
vt 0.675781 0.548828
vt 0.675781 0.549805
vt 0.666992 0.549805
vt 0.701172 0.966797
vt 0.704102 0.966797
vt 0.704102 0.967773
vt 0.701172 0.967773
vt 0.666992 0.546875
vt 0.675781 0.546875
vt 0.675781 0.547852
vt 0.666992 0.547852
vt 0.034180 0.297852
vt 0.037109 0.297852
vt 0.037109 0.298828
vt 0.034180 0.298828
vt 0.617188 0.866211
vt 0.608398 0.866211
vt 0.608398 0.863281
vt 0.617188 0.863281
vt 0.617188 0.859375
vt 0.608398 0.859375
vt 0.608398 0.862305
vt 0.617188 0.862305
vt 0.653320 0.482422
vt 0.664062 0.482422
vt 0.664062 0.483398
vt 0.653320 0.483398
vt 0.660156 0.742188
vt 0.661133 0.742188
vt 0.661133 0.743164
vt 0.660156 0.743164
vt 0.653320 0.480469
vt 0.664062 0.480469
vt 0.664062 0.481445
vt 0.653320 0.481445
vt 0.660156 0.738281
vt 0.661133 0.738281
vt 0.661133 0.739258
vt 0.660156 0.739258
vt 0.664062 0.479492
vt 0.653320 0.479492
vt 0.653320 0.478516
vt 0.664062 0.478516
vt 0.664062 0.476562
vt 0.653320 0.476562
vt 0.653320 0.477539
vt 0.664062 0.477539
vt 0.696289 0.553711
vt 0.698242 0.553711
vt 0.698242 0.555664
vt 0.696289 0.555664
vt 0.446289 0.301758
vt 0.448242 0.301758
vt 0.448242 0.303711
vt 0.446289 0.303711
vt 0.696289 0.550781
vt 0.698242 0.550781
vt 0.698242 0.552734
vt 0.696289 0.552734
vt 0.696289 0.524414
vt 0.698242 0.524414
vt 0.698242 0.526367
vt 0.696289 0.526367
vt 0.476562 0.303711
vt 0.474609 0.303711
vt 0.474609 0.301758
vt 0.476562 0.301758
vt 0.698242 0.518555
vt 0.696289 0.518555
vt 0.696289 0.520508
vt 0.698242 0.520508
vt 0.666992 0.544922
vt 0.675781 0.544922
vt 0.675781 0.545898
vt 0.666992 0.545898
vt 0.701172 0.964844
vt 0.704102 0.964844
vt 0.704102 0.965820
vt 0.701172 0.965820
vt 0.666992 0.542969
vt 0.675781 0.542969
vt 0.675781 0.543945
vt 0.666992 0.543945
vt 0.701172 0.962891
vt 0.704102 0.962891
vt 0.704102 0.963867
vt 0.701172 0.963867
vt 0.617188 0.832031
vt 0.608398 0.832031
vt 0.608398 0.829102
vt 0.617188 0.829102
vt 0.617188 0.760742
vt 0.608398 0.760742
vt 0.608398 0.763672
vt 0.617188 0.763672
vt 0.532227 0.345703
vt 0.542969 0.345703
vt 0.542969 0.346680
vt 0.532227 0.346680
vt 0.662109 0.563477
vt 0.663086 0.563477
vt 0.663086 0.564453
vt 0.662109 0.564453
vt 0.551758 0.345703
vt 0.562500 0.345703
vt 0.562500 0.346680
vt 0.551758 0.346680
vt 0.489258 0.334961
vt 0.490234 0.334961
vt 0.490234 0.335938
vt 0.489258 0.335938
vt 0.664062 0.445312
vt 0.653320 0.445312
vt 0.653320 0.444336
vt 0.664062 0.444336
vt 0.664062 0.442383
vt 0.653320 0.442383
vt 0.653320 0.443359
vt 0.664062 0.443359
vt 0.696289 0.515625
vt 0.698242 0.515625
vt 0.698242 0.517578
vt 0.696289 0.517578
vt 0.696289 0.512695
vt 0.698242 0.512695
vt 0.698242 0.514648
vt 0.696289 0.514648
vt 0.696289 0.509766
vt 0.698242 0.509766
vt 0.698242 0.511719
vt 0.696289 0.511719
vt 0.696289 0.506836
vt 0.698242 0.506836
vt 0.698242 0.508789
vt 0.696289 0.508789
vt 0.698242 0.505859
vt 0.696289 0.505859
vt 0.696289 0.503906
vt 0.698242 0.503906
vt 0.698242 0.500977
vt 0.696289 0.500977
vt 0.696289 0.502930
vt 0.698242 0.502930
vt 0.470703 0.332031
vt 0.479492 0.332031
vt 0.479492 0.333008
vt 0.470703 0.333008
vt 0.056641 0.297852
vt 0.059570 0.297852
vt 0.059570 0.298828
vt 0.056641 0.298828
vt 0.510742 0.332031
vt 0.519531 0.332031
vt 0.519531 0.333008
vt 0.510742 0.333008
vt 0.701172 0.924805
vt 0.704102 0.924805
vt 0.704102 0.925781
vt 0.701172 0.925781
vt 0.617188 0.759766
vt 0.608398 0.759766
vt 0.608398 0.756836
vt 0.617188 0.756836
vt 0.617188 0.742188
vt 0.608398 0.742188
vt 0.608398 0.745117
vt 0.617188 0.745117
vt 0.653320 0.440430
vt 0.664062 0.440430
vt 0.664062 0.441406
vt 0.653320 0.441406
vt 0.266602 0.333008
vt 0.267578 0.333008
vt 0.267578 0.333984
vt 0.266602 0.333984
vt 0.653320 0.438477
vt 0.664062 0.438477
vt 0.664062 0.439453
vt 0.653320 0.439453
vt 0.115234 0.332031
vt 0.116211 0.332031
vt 0.116211 0.333008
vt 0.115234 0.333008
vt 0.664062 0.434570
vt 0.653320 0.434570
vt 0.653320 0.433594
vt 0.664062 0.433594
vt 0.664062 0.431641
vt 0.653320 0.431641
vt 0.653320 0.432617
vt 0.664062 0.432617
vt 0.498047 0.301758
vt 0.500000 0.301758
vt 0.500000 0.303711
vt 0.498047 0.303711
vt 0.500977 0.301758
vt 0.502930 0.301758
vt 0.502930 0.303711
vt 0.500977 0.303711
vt 0.503906 0.301758
vt 0.505859 0.301758
vt 0.505859 0.303711
vt 0.503906 0.303711
vt 0.696289 0.483398
vt 0.698242 0.483398
vt 0.698242 0.485352
vt 0.696289 0.485352
vt 0.520508 0.303711
vt 0.518555 0.303711
vt 0.518555 0.301758
vt 0.520508 0.301758
vt 0.698242 0.477539
vt 0.696289 0.477539
vt 0.696289 0.479492
vt 0.698242 0.479492
vt 0.520508 0.332031
vt 0.529297 0.332031
vt 0.529297 0.333008
vt 0.520508 0.333008
vt 0.701172 0.922852
vt 0.704102 0.922852
vt 0.704102 0.923828
vt 0.701172 0.923828
vt 0.666992 0.474609
vt 0.675781 0.474609
vt 0.675781 0.475586
vt 0.666992 0.475586
vt 0.081055 0.297852
vt 0.083984 0.297852
vt 0.083984 0.298828
vt 0.081055 0.298828
vt 0.617188 0.710938
vt 0.608398 0.710938
vt 0.608398 0.708008
vt 0.617188 0.708008
vt 0.617188 0.698242
vt 0.608398 0.698242
vt 0.608398 0.701172
vt 0.617188 0.701172
vt 0.574219 0.345703
vt 0.584961 0.345703
vt 0.584961 0.346680
vt 0.574219 0.346680
vt 0.668945 0.503906
vt 0.669922 0.503906
vt 0.669922 0.504883
vt 0.668945 0.504883
vt 0.653320 0.409180
vt 0.664062 0.409180
vt 0.664062 0.410156
vt 0.653320 0.410156
vt 0.601562 0.330078
vt 0.602539 0.330078
vt 0.602539 0.331055
vt 0.601562 0.331055
vt 0.664062 0.408203
vt 0.653320 0.408203
vt 0.653320 0.407227
vt 0.664062 0.407227
vt 0.605469 0.345703
vt 0.594727 0.345703
vt 0.594727 0.346680
vt 0.605469 0.346680
vt 0.521484 0.301758
vt 0.523438 0.301758
vt 0.523438 0.303711
vt 0.521484 0.303711
vt 0.696289 0.474609
vt 0.698242 0.474609
vt 0.698242 0.476562
vt 0.696289 0.476562
vt 0.696289 0.471680
vt 0.698242 0.471680
vt 0.698242 0.473633
vt 0.696289 0.473633
vt 0.696289 0.452148
vt 0.698242 0.452148
vt 0.698242 0.454102
vt 0.696289 0.454102
vt 0.698242 0.448242
vt 0.696289 0.448242
vt 0.696289 0.446289
vt 0.698242 0.446289
vt 0.698242 0.443359
vt 0.696289 0.443359
vt 0.696289 0.445312
vt 0.698242 0.445312
vt 0.666992 0.466797
vt 0.675781 0.466797
vt 0.675781 0.467773
vt 0.666992 0.467773
vt 0.086914 0.297852
vt 0.089844 0.297852
vt 0.089844 0.298828
vt 0.086914 0.298828
vt 0.666992 0.464844
vt 0.675781 0.464844
vt 0.675781 0.465820
vt 0.666992 0.465820
vt 0.106445 0.297852
vt 0.109375 0.297852
vt 0.109375 0.298828
vt 0.106445 0.298828
vt 0.617188 0.686523
vt 0.608398 0.686523
vt 0.608398 0.683594
vt 0.617188 0.683594
vt 0.421875 0.388672
vt 0.413086 0.388672
vt 0.413086 0.391602
vt 0.421875 0.391602
vt 0.653320 0.399414
vt 0.664062 0.399414
vt 0.664062 0.400391
vt 0.653320 0.400391
vt 0.650391 0.330078
vt 0.651367 0.330078
vt 0.651367 0.331055
vt 0.650391 0.331055
vt 0.653320 0.397461
vt 0.664062 0.397461
vt 0.664062 0.398438
vt 0.653320 0.398438
vt 0.011719 0.329102
vt 0.012695 0.329102
vt 0.012695 0.330078
vt 0.011719 0.330078
vt 0.664062 0.379883
vt 0.653320 0.379883
vt 0.653320 0.378906
vt 0.664062 0.378906
vt 0.664062 0.376953
vt 0.653320 0.376953
vt 0.653320 0.377930
vt 0.664062 0.377930
vt 0.696289 0.440430
vt 0.698242 0.440430
vt 0.698242 0.442383
vt 0.696289 0.442383
vt 0.560547 0.301758
vt 0.562500 0.301758
vt 0.562500 0.303711
vt 0.560547 0.303711
vt 0.566406 0.301758
vt 0.568359 0.301758
vt 0.568359 0.303711
vt 0.566406 0.303711
vt 0.569336 0.301758
vt 0.571289 0.301758
vt 0.571289 0.303711
vt 0.569336 0.303711
vt 0.698242 0.423828
vt 0.696289 0.423828
vt 0.696289 0.421875
vt 0.698242 0.421875
vt 0.698242 0.418945
vt 0.696289 0.418945
vt 0.696289 0.420898
vt 0.698242 0.420898
vt 0.666992 0.462891
vt 0.675781 0.462891
vt 0.675781 0.463867
vt 0.666992 0.463867
vt 0.116211 0.297852
vt 0.119141 0.297852
vt 0.119141 0.298828
vt 0.116211 0.298828
vt 0.666992 0.454102
vt 0.675781 0.454102
vt 0.675781 0.455078
vt 0.666992 0.455078
vt 0.120117 0.297852
vt 0.123047 0.297852
vt 0.123047 0.298828
vt 0.120117 0.298828
vt 0.617188 0.579102
vt 0.608398 0.579102
vt 0.608398 0.576172
vt 0.617188 0.576172
vt 0.617188 0.562500
vt 0.608398 0.562500
vt 0.608398 0.565430
vt 0.617188 0.565430
vt 0.653320 0.375000
vt 0.664062 0.375000
vt 0.664062 0.375977
vt 0.653320 0.375977
vt 0.670898 0.979492
vt 0.671875 0.979492
vt 0.671875 0.980469
vt 0.670898 0.980469
vt 0.653320 0.373047
vt 0.664062 0.373047
vt 0.664062 0.374023
vt 0.653320 0.374023
vt 0.056641 0.327148
vt 0.057617 0.327148
vt 0.057617 0.328125
vt 0.056641 0.328125
vt 0.664062 0.353516
vt 0.653320 0.353516
vt 0.653320 0.352539
vt 0.664062 0.352539
vt 0.663086 0.345703
vt 0.652344 0.345703
vt 0.652344 0.346680
vt 0.663086 0.346680
vt 0.696289 0.416016
vt 0.698242 0.416016
vt 0.698242 0.417969
vt 0.696289 0.417969
vt 0.696289 0.408203
vt 0.698242 0.408203
vt 0.698242 0.410156
vt 0.696289 0.410156
vt 0.696289 0.405273
vt 0.698242 0.405273
vt 0.698242 0.407227
vt 0.696289 0.407227
vt 0.696289 0.402344
vt 0.698242 0.402344
vt 0.698242 0.404297
vt 0.696289 0.404297
vt 0.698242 0.401367
vt 0.696289 0.401367
vt 0.696289 0.399414
vt 0.698242 0.399414
vt 0.698242 0.396484
vt 0.696289 0.396484
vt 0.696289 0.398438
vt 0.698242 0.398438
vt 0.666992 0.452148
vt 0.675781 0.452148
vt 0.675781 0.453125
vt 0.666992 0.453125
vt 0.124023 0.297852
vt 0.126953 0.297852
vt 0.126953 0.298828
vt 0.124023 0.298828
vt 0.547852 0.332031
vt 0.556641 0.332031
vt 0.556641 0.333008
vt 0.547852 0.333008
vt 0.701172 0.865234
vt 0.704102 0.865234
vt 0.704102 0.866211
vt 0.701172 0.866211
vt 0.448242 0.391602
vt 0.439453 0.391602
vt 0.439453 0.388672
vt 0.448242 0.388672
vt 0.498047 0.388672
vt 0.489258 0.388672
vt 0.489258 0.391602
vt 0.498047 0.391602
vt 0.654297 0.999023
vt 0.665039 0.999023
vt 0.665039 1.000000
vt 0.654297 1.000000
vt 0.671875 0.582031
vt 0.672852 0.582031
vt 0.672852 0.583008
vt 0.671875 0.583008
vt 0.014648 0.344727
vt 0.025391 0.344727
vt 0.025391 0.345703
vt 0.014648 0.345703
vt 0.648438 0.326172
vt 0.649414 0.326172
vt 0.649414 0.327148
vt 0.648438 0.327148
vt 0.037109 0.345703
vt 0.026367 0.345703
vt 0.026367 0.344727
vt 0.037109 0.344727
vt 0.104492 0.344727
vt 0.093750 0.344727
vt 0.093750 0.345703
vt 0.104492 0.345703
vt 0.696289 0.393555
vt 0.698242 0.393555
vt 0.698242 0.395508
vt 0.696289 0.395508
vt 0.696289 0.387695
vt 0.698242 0.387695
vt 0.698242 0.389648
vt 0.696289 0.389648
vt 0.612305 0.301758
vt 0.614258 0.301758
vt 0.614258 0.303711
vt 0.612305 0.303711
vt 0.624023 0.301758
vt 0.625977 0.301758
vt 0.625977 0.303711
vt 0.624023 0.303711
vt 0.628906 0.303711
vt 0.626953 0.303711
vt 0.626953 0.301758
vt 0.628906 0.301758
vt 0.698242 0.369141
vt 0.696289 0.369141
vt 0.696289 0.371094
vt 0.698242 0.371094
vt 0.666992 0.450195
vt 0.675781 0.450195
vt 0.675781 0.451172
vt 0.666992 0.451172
vt 0.701172 0.843750
vt 0.704102 0.843750
vt 0.704102 0.844727
vt 0.701172 0.844727
vt 0.666992 0.436523
vt 0.675781 0.436523
vt 0.675781 0.437500
vt 0.666992 0.437500
vt 0.701172 0.841797
vt 0.704102 0.841797
vt 0.704102 0.842773
vt 0.701172 0.842773
vt 0.507812 0.391602
vt 0.499023 0.391602
vt 0.499023 0.388672
vt 0.507812 0.388672
vt 0.617188 0.447266
vt 0.608398 0.447266
vt 0.608398 0.450195
vt 0.617188 0.450195
vt 0.654297 0.901367
vt 0.665039 0.901367
vt 0.665039 0.902344
vt 0.654297 0.902344
vt 0.060547 0.325195
vt 0.061523 0.325195
vt 0.061523 0.326172
vt 0.060547 0.326172
vt 0.143555 0.344727
vt 0.154297 0.344727
vt 0.154297 0.345703
vt 0.143555 0.345703
vt 0.673828 0.593750
vt 0.674805 0.593750
vt 0.674805 0.594727
vt 0.673828 0.594727
vt 0.232422 0.345703
vt 0.221680 0.345703
vt 0.221680 0.344727
vt 0.232422 0.344727
vt 0.665039 0.759766
vt 0.654297 0.759766
vt 0.654297 0.760742
vt 0.665039 0.760742
vt 0.696289 0.366211
vt 0.698242 0.366211
vt 0.698242 0.368164
vt 0.696289 0.368164
vt 0.632812 0.301758
vt 0.634766 0.301758
vt 0.634766 0.303711
vt 0.632812 0.303711
vt 0.696289 0.363281
vt 0.698242 0.363281
vt 0.698242 0.365234
vt 0.696289 0.365234
vt 0.635742 0.301758
vt 0.637695 0.301758
vt 0.637695 0.303711
vt 0.635742 0.303711
vt 0.698242 0.362305
vt 0.696289 0.362305
vt 0.696289 0.360352
vt 0.698242 0.360352
vt 0.698242 0.352539
vt 0.696289 0.352539
vt 0.696289 0.354492
vt 0.698242 0.354492
vt 0.574219 0.332031
vt 0.583008 0.332031
vt 0.583008 0.333008
vt 0.574219 0.333008
vt 0.701172 0.839844
vt 0.704102 0.839844
vt 0.704102 0.840820
vt 0.701172 0.840820
vt 0.583984 0.332031
vt 0.592773 0.332031
vt 0.592773 0.333008
vt 0.583984 0.333008
vt 0.701172 0.806641
vt 0.704102 0.806641
vt 0.704102 0.807617
vt 0.701172 0.807617
vt 0.580078 0.391602
vt 0.571289 0.391602
vt 0.571289 0.388672
vt 0.580078 0.388672
vt 0.617188 0.398438
vt 0.608398 0.398438
vt 0.608398 0.401367
vt 0.617188 0.401367
vt 0.654297 0.757812
vt 0.665039 0.757812
vt 0.665039 0.758789
vt 0.654297 0.758789
vt 0.154297 0.324219
vt 0.155273 0.324219
vt 0.155273 0.325195
vt 0.154297 0.325195
vt 0.654297 0.746094
vt 0.665039 0.746094
vt 0.665039 0.747070
vt 0.654297 0.747070
vt 0.674805 0.460938
vt 0.675781 0.460938
vt 0.675781 0.461914
vt 0.674805 0.461914
vt 0.665039 0.745117
vt 0.654297 0.745117
vt 0.654297 0.744141
vt 0.665039 0.744141
vt 0.665039 0.736328
vt 0.654297 0.736328
vt 0.654297 0.737305
vt 0.665039 0.737305
vt 0.696289 0.349609
vt 0.698242 0.349609
vt 0.698242 0.351562
vt 0.696289 0.351562
vt 0.696289 0.346680
vt 0.698242 0.346680
vt 0.698242 0.348633
vt 0.696289 0.348633
vt 0.652344 0.301758
vt 0.654297 0.301758
vt 0.654297 0.303711
vt 0.652344 0.303711
vt 0.696289 0.343750
vt 0.698242 0.343750
vt 0.698242 0.345703
vt 0.696289 0.345703
vt 0.657227 0.303711
vt 0.655273 0.303711
vt 0.655273 0.301758
vt 0.657227 0.301758
vt 0.698242 0.329102
vt 0.696289 0.329102
vt 0.696289 0.331055
vt 0.698242 0.331055
vt 0.593750 0.332031
vt 0.602539 0.332031
vt 0.602539 0.333008
vt 0.593750 0.333008
vt 0.198242 0.297852
vt 0.201172 0.297852
vt 0.201172 0.298828
vt 0.198242 0.298828
vt 0.666992 0.405273
vt 0.675781 0.405273
vt 0.675781 0.406250
vt 0.666992 0.406250
vt 0.202148 0.297852
vt 0.205078 0.297852
vt 0.205078 0.298828
vt 0.202148 0.298828
vt 0.617188 0.397461
vt 0.608398 0.397461
vt 0.608398 0.394531
vt 0.617188 0.394531
vt 0.617188 0.390625
vt 0.608398 0.390625
vt 0.608398 0.393555
vt 0.617188 0.393555
vt 0.654297 0.734375
vt 0.665039 0.734375
vt 0.665039 0.735352
vt 0.654297 0.735352
vt 0.545898 0.324219
vt 0.546875 0.324219
vt 0.546875 0.325195
vt 0.545898 0.325195
vt 0.654297 0.732422
vt 0.665039 0.732422
vt 0.665039 0.733398
vt 0.654297 0.733398
vt 0.379883 0.322266
vt 0.380859 0.322266
vt 0.380859 0.323242
vt 0.379883 0.323242
vt 0.665039 0.731445
vt 0.654297 0.731445
vt 0.654297 0.730469
vt 0.665039 0.730469
vt 0.290039 0.344727
vt 0.279297 0.344727
vt 0.279297 0.345703
vt 0.290039 0.345703
vt 0.696289 0.326172
vt 0.698242 0.326172
vt 0.698242 0.328125
vt 0.696289 0.328125
vt 0.696289 0.323242
vt 0.698242 0.323242
vt 0.698242 0.325195
vt 0.696289 0.325195
vt 0.696289 0.320312
vt 0.698242 0.320312
vt 0.698242 0.322266
vt 0.696289 0.322266
vt 0.696289 0.317383
vt 0.698242 0.317383
vt 0.698242 0.319336
vt 0.696289 0.319336
vt 0.698242 0.316406
vt 0.696289 0.316406
vt 0.696289 0.314453
vt 0.698242 0.314453
vt 0.698242 0.311523
vt 0.696289 0.311523
vt 0.696289 0.313477
vt 0.698242 0.313477
vt 0.666992 0.371094
vt 0.675781 0.371094
vt 0.675781 0.372070
vt 0.666992 0.372070
vt 0.701172 0.796875
vt 0.704102 0.796875
vt 0.704102 0.797852
vt 0.701172 0.797852
vt 0.666992 0.369141
vt 0.675781 0.369141
vt 0.675781 0.370117
vt 0.666992 0.370117
vt 0.206055 0.297852
vt 0.208984 0.297852
vt 0.208984 0.298828
vt 0.206055 0.298828
vt 0.618164 1.000000
vt 0.609375 1.000000
vt 0.609375 0.997070
vt 0.618164 0.997070
vt 0.023438 0.387695
vt 0.014648 0.387695
vt 0.014648 0.390625
vt 0.023438 0.390625
vt 0.654297 0.716797
vt 0.665039 0.716797
vt 0.665039 0.717773
vt 0.654297 0.717773
vt 0.475586 0.322266
vt 0.476562 0.322266
vt 0.476562 0.323242
vt 0.475586 0.323242
vt 0.654297 0.714844
vt 0.665039 0.714844
vt 0.665039 0.715820
vt 0.654297 0.715820
vt 0.599609 0.322266
vt 0.600586 0.322266
vt 0.600586 0.323242
vt 0.599609 0.323242
vt 0.665039 0.713867
vt 0.654297 0.713867
vt 0.654297 0.712891
vt 0.665039 0.712891
vt 0.665039 0.710938
vt 0.654297 0.710938
vt 0.654297 0.711914
vt 0.665039 0.711914
vt 0.689453 0.301758
vt 0.691406 0.301758
vt 0.691406 0.303711
vt 0.689453 0.303711
vt 0.697266 0.998047
vt 0.699219 0.998047
vt 0.699219 1.000000
vt 0.697266 1.000000
vt 0.697266 0.995117
vt 0.699219 0.995117
vt 0.699219 0.997070
vt 0.697266 0.997070
vt 0.697266 0.987305
vt 0.699219 0.987305
vt 0.699219 0.989258
vt 0.697266 0.989258
vt 0.699219 0.986328
vt 0.697266 0.986328
vt 0.697266 0.984375
vt 0.699219 0.984375
vt 0.017578 0.300781
vt 0.015625 0.300781
vt 0.015625 0.302734
vt 0.017578 0.302734
vt 0.642578 0.332031
vt 0.651367 0.332031
vt 0.651367 0.333008
vt 0.642578 0.333008
vt 0.701172 0.785156
vt 0.704102 0.785156
vt 0.704102 0.786133
vt 0.701172 0.786133
vt 0.666992 0.351562
vt 0.675781 0.351562
vt 0.675781 0.352539
vt 0.666992 0.352539
vt 0.214844 0.297852
vt 0.217773 0.297852
vt 0.217773 0.298828
vt 0.214844 0.298828
vt 0.033203 0.390625
vt 0.024414 0.390625
vt 0.024414 0.387695
vt 0.033203 0.387695
vt 0.080078 0.387695
vt 0.071289 0.387695
vt 0.071289 0.390625
vt 0.080078 0.390625
vt 0.654297 0.706055
vt 0.665039 0.706055
vt 0.665039 0.707031
vt 0.654297 0.707031
vt 0.490234 0.413086
vt 0.492188 0.413086
vt 0.492188 0.414062
vt 0.490234 0.414062
vt 0.654297 0.704102
vt 0.665039 0.704102
vt 0.665039 0.705078
vt 0.654297 0.705078
vt 0.593750 0.454102
vt 0.595703 0.454102
vt 0.595703 0.455078
vt 0.593750 0.455078
vt 0.240234 0.901367
vt 0.229492 0.901367
vt 0.229492 0.899414
vt 0.240234 0.899414
vt 0.521484 0.898438
vt 0.510742 0.898438
vt 0.510742 0.900391
vt 0.521484 0.900391
vt 0.697266 0.968750
vt 0.699219 0.968750
vt 0.699219 0.970703
vt 0.697266 0.970703
vt 0.423828 0.790039
vt 0.494141 0.790039
vt 0.494141 0.791992
vt 0.423828 0.791992
vt 0.697266 0.929688
vt 0.699219 0.929688
vt 0.699219 0.931641
vt 0.697266 0.931641
vt 0.424805 0.834961
vt 0.495117 0.834961
vt 0.495117 0.836914
vt 0.424805 0.836914
vt 0.035156 0.576172
vt 0.033203 0.576172
vt 0.033203 0.505859
vt 0.035156 0.505859
vt 0.038086 0.505859
vt 0.036133 0.505859
vt 0.036133 0.576172
vt 0.038086 0.576172
vt 0.079102 0.300781
vt 0.081055 0.300781
vt 0.081055 0.302734
vt 0.079102 0.302734
vt 0.697266 0.914062
vt 0.699219 0.914062
vt 0.699219 0.916016
vt 0.697266 0.916016
vt 0.697266 0.911133
vt 0.699219 0.911133
vt 0.699219 0.913086
vt 0.697266 0.913086
vt 0.697266 0.908203
vt 0.699219 0.908203
vt 0.699219 0.910156
vt 0.697266 0.910156
vt 0.093750 0.302734
vt 0.091797 0.302734
vt 0.091797 0.300781
vt 0.093750 0.300781
vt 0.103516 0.300781
vt 0.101562 0.300781
vt 0.101562 0.302734
vt 0.103516 0.302734
vt 0.003906 0.331055
vt 0.012695 0.331055
vt 0.012695 0.332031
vt 0.003906 0.332031
vt 0.218750 0.297852
vt 0.221680 0.297852
vt 0.221680 0.298828
vt 0.218750 0.298828
vt 0.667969 0.958008
vt 0.676758 0.958008
vt 0.676758 0.958984
vt 0.667969 0.958984
vt 0.249023 0.297852
vt 0.251953 0.297852
vt 0.251953 0.298828
vt 0.249023 0.298828
vt 0.618164 0.858398
vt 0.609375 0.858398
vt 0.609375 0.855469
vt 0.618164 0.855469
vt 0.239258 0.387695
vt 0.230469 0.387695
vt 0.230469 0.390625
vt 0.239258 0.390625
vt 0.654297 0.690430
vt 0.665039 0.690430
vt 0.665039 0.691406
vt 0.654297 0.691406
vt 0.660156 0.322266
vt 0.661133 0.322266
vt 0.661133 0.323242
vt 0.660156 0.323242
vt 0.654297 0.688477
vt 0.665039 0.688477
vt 0.665039 0.689453
vt 0.654297 0.689453
vt 0.017578 0.321289
vt 0.018555 0.321289
vt 0.018555 0.322266
vt 0.017578 0.322266
vt 0.665039 0.679688
vt 0.654297 0.679688
vt 0.654297 0.678711
vt 0.665039 0.678711
vt 0.665039 0.676758
vt 0.654297 0.676758
vt 0.654297 0.677734
vt 0.665039 0.677734
vt 0.104492 0.300781
vt 0.106445 0.300781
vt 0.106445 0.302734
vt 0.104492 0.302734
vt 0.697266 0.891602
vt 0.699219 0.891602
vt 0.699219 0.893555
vt 0.697266 0.893555
vt 0.697266 0.888672
vt 0.699219 0.888672
vt 0.699219 0.890625
vt 0.697266 0.890625
vt 0.697266 0.885742
vt 0.699219 0.885742
vt 0.699219 0.887695
vt 0.697266 0.887695
vt 0.699219 0.884766
vt 0.697266 0.884766
vt 0.697266 0.882812
vt 0.699219 0.882812
vt 0.699219 0.876953
vt 0.697266 0.876953
vt 0.697266 0.878906
vt 0.699219 0.878906
vt 0.667969 0.946289
vt 0.676758 0.946289
vt 0.676758 0.947266
vt 0.667969 0.947266
vt 0.252930 0.297852
vt 0.255859 0.297852
vt 0.255859 0.298828
vt 0.252930 0.298828
vt 0.667969 0.944336
vt 0.676758 0.944336
vt 0.676758 0.945312
vt 0.667969 0.945312
vt 0.256836 0.297852
vt 0.259766 0.297852
vt 0.259766 0.298828
vt 0.256836 0.298828
vt 0.618164 0.645508
vt 0.609375 0.645508
vt 0.609375 0.642578
vt 0.618164 0.642578
vt 0.618164 0.617188
vt 0.609375 0.617188
vt 0.609375 0.620117
vt 0.618164 0.620117
vt 0.654297 0.674805
vt 0.665039 0.674805
vt 0.665039 0.675781
vt 0.654297 0.675781
vt 0.058594 0.321289
vt 0.059570 0.321289
vt 0.059570 0.322266
vt 0.058594 0.322266
vt 0.654297 0.672852
vt 0.665039 0.672852
vt 0.665039 0.673828
vt 0.654297 0.673828
vt 0.311523 0.321289
vt 0.312500 0.321289
vt 0.312500 0.322266
vt 0.311523 0.322266
vt 0.665039 0.661133
vt 0.654297 0.661133
vt 0.654297 0.660156
vt 0.665039 0.660156
vt 0.665039 0.658203
vt 0.654297 0.658203
vt 0.654297 0.659180
vt 0.665039 0.659180
vt 0.697266 0.874023
vt 0.699219 0.874023
vt 0.699219 0.875977
vt 0.697266 0.875977
vt 0.697266 0.871094
vt 0.699219 0.871094
vt 0.699219 0.873047
vt 0.697266 0.873047
vt 0.129883 0.300781
vt 0.131836 0.300781
vt 0.131836 0.302734
vt 0.129883 0.302734
vt 0.132812 0.300781
vt 0.134766 0.300781
vt 0.134766 0.302734
vt 0.132812 0.302734
vt 0.141602 0.302734
vt 0.139648 0.302734
vt 0.139648 0.300781
vt 0.141602 0.300781
vt 0.144531 0.300781
vt 0.142578 0.300781
vt 0.142578 0.302734
vt 0.144531 0.302734
vt 0.667969 0.942383
vt 0.676758 0.942383
vt 0.676758 0.943359
vt 0.667969 0.943359
vt 0.260742 0.297852
vt 0.263672 0.297852
vt 0.263672 0.298828
vt 0.260742 0.298828
vt 0.667969 0.940430
vt 0.676758 0.940430
vt 0.676758 0.941406
vt 0.667969 0.941406
vt 0.701172 0.738281
vt 0.704102 0.738281
vt 0.704102 0.739258
vt 0.701172 0.739258
vt 0.618164 0.616211
vt 0.609375 0.616211
vt 0.609375 0.613281
vt 0.618164 0.613281
vt 0.405273 0.387695
vt 0.396484 0.387695
vt 0.396484 0.390625
vt 0.405273 0.390625
vt 0.654297 0.656250
vt 0.665039 0.656250
vt 0.665039 0.657227
vt 0.654297 0.657227
vt 0.696289 0.706055
vt 0.697266 0.706055
vt 0.697266 0.707031
vt 0.696289 0.707031
vt 0.654297 0.654297
vt 0.665039 0.654297
vt 0.665039 0.655273
vt 0.654297 0.655273
vt 0.696289 0.621094
vt 0.697266 0.621094
vt 0.697266 0.622070
vt 0.696289 0.622070
vt 0.665039 0.651367
vt 0.654297 0.651367
vt 0.654297 0.650391
vt 0.665039 0.650391
vt 0.665039 0.648438
vt 0.654297 0.648438
vt 0.654297 0.649414
vt 0.665039 0.649414
vt 0.145508 0.300781
vt 0.147461 0.300781
vt 0.147461 0.302734
vt 0.145508 0.302734
vt 0.148438 0.300781
vt 0.150391 0.300781
vt 0.150391 0.302734
vt 0.148438 0.302734
vt 0.157227 0.300781
vt 0.159180 0.300781
vt 0.159180 0.302734
vt 0.157227 0.302734
vt 0.160156 0.300781
vt 0.162109 0.300781
vt 0.162109 0.302734
vt 0.160156 0.302734
vt 0.165039 0.302734
vt 0.163086 0.302734
vt 0.163086 0.300781
vt 0.165039 0.300781
vt 0.699219 0.833008
vt 0.697266 0.833008
vt 0.697266 0.834961
vt 0.699219 0.834961
vt 0.667969 0.938477
vt 0.676758 0.938477
vt 0.676758 0.939453
vt 0.667969 0.939453
vt 0.701172 0.736328
vt 0.704102 0.736328
vt 0.704102 0.737305
vt 0.701172 0.737305
vt 0.667969 0.936523
vt 0.676758 0.936523
vt 0.676758 0.937500
vt 0.667969 0.937500
vt 0.701172 0.708008
vt 0.704102 0.708008
vt 0.704102 0.708984
vt 0.701172 0.708984
vt 0.618164 0.570312
vt 0.609375 0.570312
vt 0.609375 0.567383
vt 0.618164 0.567383
vt 0.618164 0.558594
vt 0.609375 0.558594
vt 0.609375 0.561523
vt 0.618164 0.561523
vt 0.654297 0.628906
vt 0.665039 0.628906
vt 0.665039 0.629883
vt 0.654297 0.629883
vt 0.696289 0.544922
vt 0.697266 0.544922
vt 0.697266 0.545898
vt 0.696289 0.545898
vt 0.654297 0.626953
vt 0.665039 0.626953
vt 0.665039 0.627930
vt 0.654297 0.627930
vt 0.696289 0.358398
vt 0.697266 0.358398
vt 0.697266 0.359375
vt 0.696289 0.359375
vt 0.407227 0.345703
vt 0.396484 0.345703
vt 0.396484 0.344727
vt 0.407227 0.344727
vt 0.418945 0.344727
vt 0.408203 0.344727
vt 0.408203 0.345703
vt 0.418945 0.345703
vt 0.166016 0.300781
vt 0.167969 0.300781
vt 0.167969 0.302734
vt 0.166016 0.302734
vt 0.697266 0.830078
vt 0.699219 0.830078
vt 0.699219 0.832031
vt 0.697266 0.832031
vt 0.170898 0.300781
vt 0.172852 0.300781
vt 0.172852 0.302734
vt 0.170898 0.302734
vt 0.173828 0.300781
vt 0.175781 0.300781
vt 0.175781 0.302734
vt 0.173828 0.302734
vt 0.178711 0.302734
vt 0.176758 0.302734
vt 0.176758 0.300781
vt 0.178711 0.300781
vt 0.181641 0.300781
vt 0.179688 0.300781
vt 0.179688 0.302734
vt 0.181641 0.302734
vt 0.667969 0.934570
vt 0.676758 0.934570
vt 0.676758 0.935547
vt 0.667969 0.935547
vt 0.308594 0.297852
vt 0.311523 0.297852
vt 0.311523 0.298828
vt 0.308594 0.298828
vt 0.667969 0.926758
vt 0.676758 0.926758
vt 0.676758 0.927734
vt 0.667969 0.927734
vt 0.312500 0.297852
vt 0.315430 0.297852
vt 0.315430 0.298828
vt 0.312500 0.298828
vt 0.618164 0.557617
vt 0.609375 0.557617
vt 0.609375 0.554688
vt 0.618164 0.554688
vt 0.458008 0.387695
vt 0.449219 0.387695
vt 0.449219 0.390625
vt 0.458008 0.390625
vt 0.696289 0.677734
vt 0.698242 0.677734
vt 0.698242 0.679688
vt 0.696289 0.679688
vt 0.696289 0.674805
vt 0.698242 0.674805
vt 0.698242 0.676758
vt 0.696289 0.676758
vt 0.696289 0.671875
vt 0.698242 0.671875
vt 0.698242 0.673828
vt 0.696289 0.673828
vt 0.696289 0.668945
vt 0.698242 0.668945
vt 0.698242 0.670898
vt 0.696289 0.670898
vt 0.698242 0.667969
vt 0.696289 0.667969
vt 0.696289 0.666016
vt 0.698242 0.666016
vt 0.698242 0.657227
vt 0.696289 0.657227
vt 0.696289 0.659180
vt 0.698242 0.659180
vt 0.652344 0.450195
vt 0.663086 0.450195
vt 0.663086 0.451172
vt 0.652344 0.451172
vt 0.643555 0.686523
vt 0.644531 0.686523
vt 0.644531 0.687500
vt 0.643555 0.687500
vt 0.652344 0.448242
vt 0.663086 0.448242
vt 0.663086 0.449219
vt 0.652344 0.449219
vt 0.346680 0.351562
vt 0.347656 0.351562
vt 0.347656 0.352539
vt 0.346680 0.352539
vt 0.633789 0.347656
vt 0.623047 0.347656
vt 0.623047 0.346680
vt 0.633789 0.346680
vt 0.663086 0.349609
vt 0.652344 0.349609
vt 0.652344 0.350586
vt 0.663086 0.350586
vt 0.327148 0.332031
vt 0.335938 0.332031
vt 0.335938 0.333008
vt 0.327148 0.333008
vt 0.700195 0.342773
vt 0.703125 0.342773
vt 0.703125 0.343750
vt 0.700195 0.343750
vt 0.666992 0.668945
vt 0.675781 0.668945
vt 0.675781 0.669922
vt 0.666992 0.669922
vt 0.700195 0.340820
vt 0.703125 0.340820
vt 0.703125 0.341797
vt 0.700195 0.341797
vt 0.616211 0.653320
vt 0.607422 0.653320
vt 0.607422 0.650391
vt 0.616211 0.650391
vt 0.616211 0.637695
vt 0.607422 0.637695
vt 0.607422 0.640625
vt 0.616211 0.640625
vt 0.306641 0.301758
vt 0.308594 0.301758
vt 0.308594 0.303711
vt 0.306641 0.303711
vt 0.696289 0.689453
vt 0.698242 0.689453
vt 0.698242 0.691406
vt 0.696289 0.691406
vt 0.309570 0.301758
vt 0.311523 0.301758
vt 0.311523 0.303711
vt 0.309570 0.303711
vt 0.696289 0.686523
vt 0.698242 0.686523
vt 0.698242 0.688477
vt 0.696289 0.688477
vt 0.698242 0.685547
vt 0.696289 0.685547
vt 0.696289 0.683594
vt 0.698242 0.683594
vt 0.698242 0.680664
vt 0.696289 0.680664
vt 0.696289 0.682617
vt 0.698242 0.682617
vt 0.652344 0.462891
vt 0.663086 0.462891
vt 0.663086 0.463867
vt 0.652344 0.463867
vt 0.641602 0.650391
vt 0.642578 0.650391
vt 0.642578 0.651367
vt 0.641602 0.651367
vt 0.652344 0.460938
vt 0.663086 0.460938
vt 0.663086 0.461914
vt 0.652344 0.461914
vt 0.137695 0.356445
vt 0.138672 0.356445
vt 0.138672 0.357422
vt 0.137695 0.357422
vt 0.663086 0.455078
vt 0.652344 0.455078
vt 0.652344 0.454102
vt 0.663086 0.454102
vt 0.663086 0.452148
vt 0.652344 0.452148
vt 0.652344 0.453125
vt 0.663086 0.453125
vt 0.666992 0.772461
vt 0.675781 0.772461
vt 0.675781 0.773438
vt 0.666992 0.773438
vt 0.642578 0.298828
vt 0.645508 0.298828
vt 0.645508 0.299805
vt 0.642578 0.299805
vt 0.317383 0.332031
vt 0.326172 0.332031
vt 0.326172 0.333008
vt 0.317383 0.333008
vt 0.646484 0.298828
vt 0.649414 0.298828
vt 0.649414 0.299805
vt 0.646484 0.299805
vt 0.616211 0.661133
vt 0.607422 0.661133
vt 0.607422 0.658203
vt 0.616211 0.658203
vt 0.616211 0.654297
vt 0.607422 0.654297
vt 0.607422 0.657227
vt 0.616211 0.657227
vt 0.696289 0.723633
vt 0.698242 0.723633
vt 0.698242 0.725586
vt 0.696289 0.725586
vt 0.696289 0.714844
vt 0.698242 0.714844
vt 0.698242 0.716797
vt 0.696289 0.716797
vt 0.696289 0.711914
vt 0.698242 0.711914
vt 0.698242 0.713867
vt 0.696289 0.713867
vt 0.696289 0.698242
vt 0.698242 0.698242
vt 0.698242 0.700195
vt 0.696289 0.700195
vt 0.698242 0.697266
vt 0.696289 0.697266
vt 0.696289 0.695312
vt 0.698242 0.695312
vt 0.698242 0.692383
vt 0.696289 0.692383
vt 0.696289 0.694336
vt 0.698242 0.694336
vt 0.427734 0.344727
vt 0.438477 0.344727
vt 0.438477 0.345703
vt 0.427734 0.345703
vt 0.697266 0.906250
vt 0.698242 0.906250
vt 0.698242 0.907227
vt 0.697266 0.907227
vt 0.654297 0.567383
vt 0.665039 0.567383
vt 0.665039 0.568359
vt 0.654297 0.568359
vt 0.151367 0.301758
vt 0.152344 0.301758
vt 0.152344 0.302734
vt 0.151367 0.302734
vt 0.665039 0.566406
vt 0.654297 0.566406
vt 0.654297 0.565430
vt 0.665039 0.565430
vt 0.457031 0.344727
vt 0.446289 0.344727
vt 0.446289 0.345703
vt 0.457031 0.345703
vt 0.697266 0.810547
vt 0.699219 0.810547
vt 0.699219 0.812500
vt 0.697266 0.812500
vt 0.244141 0.300781
vt 0.246094 0.300781
vt 0.246094 0.302734
vt 0.244141 0.302734
vt 0.277344 0.300781
vt 0.279297 0.300781
vt 0.279297 0.302734
vt 0.277344 0.302734
vt 0.697266 0.718750
vt 0.699219 0.718750
vt 0.699219 0.720703
vt 0.697266 0.720703
vt 0.282227 0.302734
vt 0.280273 0.302734
vt 0.280273 0.300781
vt 0.282227 0.300781
vt 0.285156 0.300781
vt 0.283203 0.300781
vt 0.283203 0.302734
vt 0.285156 0.302734
vt 0.652344 0.484375
vt 0.663086 0.484375
vt 0.663086 0.485352
vt 0.652344 0.485352
vt 0.639648 0.561523
vt 0.640625 0.561523
vt 0.640625 0.562500
vt 0.639648 0.562500
vt 0.520508 0.346680
vt 0.531250 0.346680
vt 0.531250 0.347656
vt 0.520508 0.347656
vt 0.639648 0.551758
vt 0.640625 0.551758
vt 0.640625 0.552734
vt 0.639648 0.552734
vt 0.663086 0.467773
vt 0.652344 0.467773
vt 0.652344 0.466797
vt 0.663086 0.466797
vt 0.663086 0.464844
vt 0.652344 0.464844
vt 0.652344 0.465820
vt 0.663086 0.465820
vt 0.196289 0.332031
vt 0.205078 0.332031
vt 0.205078 0.333008
vt 0.196289 0.333008
vt 0.700195 0.373047
vt 0.703125 0.373047
vt 0.703125 0.374023
vt 0.700195 0.374023
vt 0.666992 0.774414
vt 0.675781 0.774414
vt 0.675781 0.775391
vt 0.666992 0.775391
vt 0.638672 0.298828
vt 0.641602 0.298828
vt 0.641602 0.299805
vt 0.638672 0.299805
vt 0.616211 0.668945
vt 0.607422 0.668945
vt 0.607422 0.666016
vt 0.616211 0.666016
vt 0.616211 0.662109
vt 0.607422 0.662109
vt 0.607422 0.665039
vt 0.616211 0.665039
vt 0.696289 0.748047
vt 0.698242 0.748047
vt 0.698242 0.750000
vt 0.696289 0.750000
vt 0.250977 0.301758
vt 0.252930 0.301758
vt 0.252930 0.303711
vt 0.250977 0.303711
vt 0.696289 0.745117
vt 0.698242 0.745117
vt 0.698242 0.747070
vt 0.696289 0.747070
vt 0.696289 0.732422
vt 0.698242 0.732422
vt 0.698242 0.734375
vt 0.696289 0.734375
vt 0.698242 0.731445
vt 0.696289 0.731445
vt 0.696289 0.729492
vt 0.698242 0.729492
vt 0.698242 0.726562
vt 0.696289 0.726562
vt 0.696289 0.728516
vt 0.698242 0.728516
vt 0.652344 0.514648
vt 0.663086 0.514648
vt 0.663086 0.515625
vt 0.652344 0.515625
vt 0.635742 0.715820
vt 0.636719 0.715820
vt 0.636719 0.716797
vt 0.635742 0.716797
vt 0.652344 0.512695
vt 0.663086 0.512695
vt 0.663086 0.513672
vt 0.652344 0.513672
vt 0.636719 0.698242
vt 0.637695 0.698242
vt 0.637695 0.699219
vt 0.636719 0.699219
vt 0.519531 0.347656
vt 0.508789 0.347656
vt 0.508789 0.346680
vt 0.519531 0.346680
vt 0.663086 0.486328
vt 0.652344 0.486328
vt 0.652344 0.487305
vt 0.663086 0.487305
vt 0.561523 0.413086
vt 0.563477 0.413086
vt 0.563477 0.415039
vt 0.561523 0.415039
vt 0.379883 0.881836
vt 0.450195 0.881836
vt 0.450195 0.883789
vt 0.379883 0.883789
vt 0.261719 0.412109
vt 0.263672 0.412109
vt 0.263672 0.414062
vt 0.261719 0.414062
vt 0.396484 0.656250
vt 0.466797 0.656250
vt 0.466797 0.658203
vt 0.396484 0.658203
vt 0.291992 0.628906
vt 0.290039 0.628906
vt 0.290039 0.558594
vt 0.291992 0.558594
vt 0.032227 0.517578
vt 0.030273 0.517578
vt 0.030273 0.587891
vt 0.032227 0.587891
vt 0.526367 0.558594
vt 0.537109 0.558594
vt 0.537109 0.559570
vt 0.526367 0.559570
vt 0.492188 0.549805
vt 0.562500 0.549805
vt 0.562500 0.550781
vt 0.492188 0.550781
vt 0.530273 0.621094
vt 0.541016 0.621094
vt 0.541016 0.622070
vt 0.530273 0.622070
vt 0.494141 0.939453
vt 0.564453 0.939453
vt 0.564453 0.940430
vt 0.494141 0.940430
vt 0.010742 0.770508
vt 0.000000 0.770508
vt 0.000000 0.700195
vt 0.010742 0.700195
vt 0.022461 0.700195
vt 0.011719 0.700195
vt 0.011719 0.770508
vt 0.022461 0.770508
vt 0.453125 0.575195
vt 0.461914 0.575195
vt 0.461914 0.576172
vt 0.453125 0.576172
vt 0.588867 0.425781
vt 0.591797 0.425781
vt 0.591797 0.426758
vt 0.588867 0.426758
vt 0.514648 0.715820
vt 0.523438 0.715820
vt 0.523438 0.716797
vt 0.514648 0.716797
vt 0.378906 0.390625
vt 0.381836 0.390625
vt 0.381836 0.391602
vt 0.378906 0.391602
vt 0.217773 0.511719
vt 0.208984 0.511719
vt 0.208984 0.508789
vt 0.217773 0.508789
vt 0.612305 0.952148
vt 0.603516 0.952148
vt 0.603516 0.955078
vt 0.612305 0.955078
vt 0.000000 0.634766
vt 0.010742 0.634766
vt 0.010742 0.635742
vt 0.000000 0.635742
vt 0.208008 0.400391
vt 0.208984 0.400391
vt 0.208984 0.401367
vt 0.208008 0.401367
vt 0.114258 0.583008
vt 0.125000 0.583008
vt 0.125000 0.583984
vt 0.114258 0.583984
vt 0.599609 0.842773
vt 0.600586 0.842773
vt 0.600586 0.843750
vt 0.599609 0.843750
vt 0.494141 0.951172
vt 0.483398 0.951172
vt 0.483398 0.950195
vt 0.494141 0.950195
vt 0.535156 0.569336
vt 0.524414 0.569336
vt 0.524414 0.570312
vt 0.535156 0.570312
vt 0.379883 0.431641
vt 0.381836 0.431641
vt 0.381836 0.433594
vt 0.379883 0.433594
vt 0.029297 0.428711
vt 0.031250 0.428711
vt 0.031250 0.430664
vt 0.029297 0.430664
vt 0.158203 0.428711
vt 0.160156 0.428711
vt 0.160156 0.430664
vt 0.158203 0.430664
vt 0.566406 0.424805
vt 0.568359 0.424805
vt 0.568359 0.426758
vt 0.566406 0.426758
vt 0.009766 0.425781
vt 0.007812 0.425781
vt 0.007812 0.423828
vt 0.009766 0.423828
vt 0.416016 0.413086
vt 0.414062 0.413086
vt 0.414062 0.415039
vt 0.416016 0.415039
vt 0.585938 0.431641
vt 0.587891 0.431641
vt 0.587891 0.433594
vt 0.585938 0.433594
vt 0.588867 0.508789
vt 0.590820 0.508789
vt 0.590820 0.510742
vt 0.588867 0.510742
vt 0.184570 0.408203
vt 0.186523 0.408203
vt 0.186523 0.410156
vt 0.184570 0.410156
vt 0.429688 0.389648
vt 0.431641 0.389648
vt 0.431641 0.391602
vt 0.429688 0.391602
vt 0.595703 0.382812
vt 0.593750 0.382812
vt 0.593750 0.380859
vt 0.595703 0.380859
vt 0.013672 0.379883
vt 0.011719 0.379883
vt 0.011719 0.381836
vt 0.013672 0.381836
vt 0.568359 0.689453
vt 0.577148 0.689453
vt 0.577148 0.690430
vt 0.568359 0.690430
vt 0.280273 0.387695
vt 0.283203 0.387695
vt 0.283203 0.388672
vt 0.280273 0.388672
vt 0.143555 0.346680
vt 0.152344 0.346680
vt 0.152344 0.347656
vt 0.143555 0.347656
vt 0.613281 0.952148
vt 0.616211 0.952148
vt 0.616211 0.953125
vt 0.613281 0.953125
vt 0.612305 0.754883
vt 0.603516 0.754883
vt 0.603516 0.751953
vt 0.612305 0.751953
vt 0.613281 0.402344
vt 0.604492 0.402344
vt 0.604492 0.405273
vt 0.613281 0.405273
vt 0.551758 0.827148
vt 0.562500 0.827148
vt 0.562500 0.828125
vt 0.551758 0.828125
vt 0.608398 0.681641
vt 0.609375 0.681641
vt 0.609375 0.682617
vt 0.608398 0.682617
vt 0.650391 0.780273
vt 0.661133 0.780273
vt 0.661133 0.781250
vt 0.650391 0.781250
vt 0.334961 0.390625
vt 0.335938 0.390625
vt 0.335938 0.391602
vt 0.334961 0.391602
vt 0.661133 0.741211
vt 0.650391 0.741211
vt 0.650391 0.740234
vt 0.661133 0.740234
vt 0.661133 0.692383
vt 0.650391 0.692383
vt 0.650391 0.693359
vt 0.661133 0.693359
vt 0.628906 0.836914
vt 0.630859 0.836914
vt 0.630859 0.838867
vt 0.628906 0.838867
vt 0.633789 0.635742
vt 0.635742 0.635742
vt 0.635742 0.637695
vt 0.633789 0.637695
vt 0.634766 0.658203
vt 0.636719 0.658203
vt 0.636719 0.660156
vt 0.634766 0.660156
vt 0.635742 0.968750
vt 0.637695 0.968750
vt 0.637695 0.970703
vt 0.635742 0.970703
vt 0.228516 0.364258
vt 0.226562 0.364258
vt 0.226562 0.362305
vt 0.228516 0.362305
vt 0.642578 0.527344
vt 0.640625 0.527344
vt 0.640625 0.529297
vt 0.642578 0.529297
vt 0.666016 0.727539
vt 0.674805 0.727539
vt 0.674805 0.728516
vt 0.666016 0.728516
vt 0.236328 0.385742
vt 0.239258 0.385742
vt 0.239258 0.386719
vt 0.236328 0.386719
vt 0.666016 0.710938
vt 0.674805 0.710938
vt 0.674805 0.711914
vt 0.666016 0.711914
vt 0.303711 0.383789
vt 0.306641 0.383789
vt 0.306641 0.384766
vt 0.303711 0.384766
vt 0.614258 0.778320
vt 0.605469 0.778320
vt 0.605469 0.775391
vt 0.614258 0.775391
vt 0.614258 0.715820
vt 0.605469 0.715820
vt 0.605469 0.718750
vt 0.614258 0.718750
vt 0.650391 0.364258
vt 0.661133 0.364258
vt 0.661133 0.365234
vt 0.650391 0.365234
vt 0.609375 0.525391
vt 0.610352 0.525391
vt 0.610352 0.526367
vt 0.609375 0.526367
vt 0.651367 0.767578
vt 0.662109 0.767578
vt 0.662109 0.768555
vt 0.651367 0.768555
vt 0.499023 0.382812
vt 0.500000 0.382812
vt 0.500000 0.383789
vt 0.499023 0.383789
vt 0.662109 0.647461
vt 0.651367 0.647461
vt 0.651367 0.646484
vt 0.662109 0.646484
vt 0.662109 0.615234
vt 0.651367 0.615234
vt 0.651367 0.616211
vt 0.662109 0.616211
vt 0.569336 0.357422
vt 0.571289 0.357422
vt 0.571289 0.359375
vt 0.569336 0.359375
vt 0.641602 0.801758
vt 0.643555 0.801758
vt 0.643555 0.803711
vt 0.641602 0.803711
vt 0.641602 0.606445
vt 0.643555 0.606445
vt 0.643555 0.608398
vt 0.641602 0.608398
vt 0.130859 0.345703
vt 0.132812 0.345703
vt 0.132812 0.347656
vt 0.130859 0.347656
vt 0.587891 0.347656
vt 0.585938 0.347656
vt 0.585938 0.345703
vt 0.587891 0.345703
vt 0.040039 0.344727
vt 0.038086 0.344727
vt 0.038086 0.346680
vt 0.040039 0.346680
vt 0.666016 0.672852
vt 0.674805 0.672852
vt 0.674805 0.673828
vt 0.666016 0.673828
vt 0.189453 0.382812
vt 0.192383 0.382812
vt 0.192383 0.383789
vt 0.189453 0.383789
vt 0.666016 0.626953
vt 0.674805 0.626953
vt 0.674805 0.627930
vt 0.666016 0.627930
vt 0.635742 0.677734
vt 0.638672 0.677734
vt 0.638672 0.678711
vt 0.635742 0.678711
vt 0.614258 0.714844
vt 0.605469 0.714844
vt 0.605469 0.711914
vt 0.614258 0.711914
vt 0.614258 0.500000
vt 0.605469 0.500000
vt 0.605469 0.502930
vt 0.614258 0.502930
vt 0.651367 0.593750
vt 0.662109 0.593750
vt 0.662109 0.594727
vt 0.651367 0.594727
vt 0.622070 0.752930
vt 0.623047 0.752930
vt 0.623047 0.753906
vt 0.622070 0.753906
vt 0.651367 0.584961
vt 0.662109 0.584961
vt 0.662109 0.585938
vt 0.651367 0.585938
vt 0.622070 0.720703
vt 0.623047 0.720703
vt 0.623047 0.721680
vt 0.622070 0.721680
vt 0.662109 0.572266
vt 0.651367 0.572266
vt 0.651367 0.571289
vt 0.662109 0.571289
vt 0.662109 0.569336
vt 0.651367 0.569336
vt 0.651367 0.570312
vt 0.662109 0.570312
vt 0.637695 0.344727
vt 0.639648 0.344727
vt 0.639648 0.346680
vt 0.637695 0.346680
vt 0.660156 0.582031
vt 0.662109 0.582031
vt 0.662109 0.583984
vt 0.660156 0.583984
vt 0.669922 0.912109
vt 0.671875 0.912109
vt 0.671875 0.914062
vt 0.669922 0.914062
vt 0.156250 0.328125
vt 0.158203 0.328125
vt 0.158203 0.330078
vt 0.156250 0.330078
vt 0.089844 0.329102
vt 0.087891 0.329102
vt 0.087891 0.327148
vt 0.089844 0.327148
vt 0.177734 0.327148
vt 0.175781 0.327148
vt 0.175781 0.329102
vt 0.177734 0.329102
vt 0.666016 0.505859
vt 0.674805 0.505859
vt 0.674805 0.506836
vt 0.666016 0.506836
vt 0.637695 0.465820
vt 0.640625 0.465820
vt 0.640625 0.466797
vt 0.637695 0.466797
vt 0.666016 0.339844
vt 0.674805 0.339844
vt 0.674805 0.340820
vt 0.666016 0.340820
vt 0.595703 0.359375
vt 0.598633 0.359375
vt 0.598633 0.360352
vt 0.595703 0.360352
vt 0.614258 0.499023
vt 0.605469 0.499023
vt 0.605469 0.496094
vt 0.614258 0.496094
vt 0.615234 0.983398
vt 0.606445 0.983398
vt 0.606445 0.986328
vt 0.615234 0.986328
vt 0.666992 0.665039
vt 0.675781 0.665039
vt 0.675781 0.666016
vt 0.666992 0.666016
vt 0.666016 0.298828
vt 0.668945 0.298828
vt 0.668945 0.299805
vt 0.666016 0.299805
vt 0.666992 0.663086
vt 0.675781 0.663086
vt 0.675781 0.664062
vt 0.666992 0.664062
vt 0.669922 0.298828
vt 0.672852 0.298828
vt 0.672852 0.299805
vt 0.669922 0.299805
vt 0.616211 0.624023
vt 0.607422 0.624023
vt 0.607422 0.621094
vt 0.616211 0.621094
vt 0.616211 0.609375
vt 0.607422 0.609375
vt 0.607422 0.612305
vt 0.616211 0.612305
vt 0.667969 0.924805
vt 0.676758 0.924805
vt 0.676758 0.925781
vt 0.667969 0.925781
vt 0.323242 0.297852
vt 0.326172 0.297852
vt 0.326172 0.298828
vt 0.323242 0.298828
vt 0.090820 0.331055
vt 0.099609 0.331055
vt 0.099609 0.332031
vt 0.090820 0.332031
vt 0.327148 0.297852
vt 0.330078 0.297852
vt 0.330078 0.298828
vt 0.327148 0.298828
vt 0.467773 0.390625
vt 0.458984 0.390625
vt 0.458984 0.387695
vt 0.467773 0.387695
vt 0.618164 0.527344
vt 0.609375 0.527344
vt 0.609375 0.530273
vt 0.618164 0.530273
vt 0.654297 0.538086
vt 0.665039 0.538086
vt 0.665039 0.539062
vt 0.654297 0.539062
vt 0.697266 0.828125
vt 0.698242 0.828125
vt 0.698242 0.829102
vt 0.697266 0.829102
vt 0.654297 0.536133
vt 0.665039 0.536133
vt 0.665039 0.537109
vt 0.654297 0.537109
vt 0.228516 0.301758
vt 0.229492 0.301758
vt 0.229492 0.302734
vt 0.228516 0.302734
vt 0.665039 0.529297
vt 0.654297 0.529297
vt 0.654297 0.528320
vt 0.665039 0.528320
vt 0.665039 0.526367
vt 0.654297 0.526367
vt 0.654297 0.527344
vt 0.665039 0.527344
vt 0.286133 0.300781
vt 0.288086 0.300781
vt 0.288086 0.302734
vt 0.286133 0.302734
vt 0.289062 0.300781
vt 0.291016 0.300781
vt 0.291016 0.302734
vt 0.289062 0.302734
vt 0.291992 0.300781
vt 0.293945 0.300781
vt 0.293945 0.302734
vt 0.291992 0.302734
vt 0.294922 0.300781
vt 0.296875 0.300781
vt 0.296875 0.302734
vt 0.294922 0.302734
vt 0.299805 0.302734
vt 0.297852 0.302734
vt 0.297852 0.300781
vt 0.299805 0.300781
vt 0.304688 0.300781
vt 0.302734 0.300781
vt 0.302734 0.302734
vt 0.304688 0.302734
vt 0.667969 0.899414
vt 0.676758 0.899414
vt 0.676758 0.900391
vt 0.667969 0.900391
vt 0.701172 0.662109
vt 0.704102 0.662109
vt 0.704102 0.663086
vt 0.701172 0.663086
vt 0.667969 0.897461
vt 0.676758 0.897461
vt 0.676758 0.898438
vt 0.667969 0.898438
vt 0.701172 0.660156
vt 0.704102 0.660156
vt 0.704102 0.661133
vt 0.701172 0.661133
vt 0.618164 0.510742
vt 0.609375 0.510742
vt 0.609375 0.507812
vt 0.618164 0.507812
vt 0.618164 0.503906
vt 0.609375 0.503906
vt 0.609375 0.506836
vt 0.618164 0.506836
vt 0.498047 0.344727
vt 0.508789 0.344727
vt 0.508789 0.345703
vt 0.498047 0.345703
vt 0.703125 0.851562
vt 0.704102 0.851562
vt 0.704102 0.852539
vt 0.703125 0.852539
vt 0.509766 0.344727
vt 0.520508 0.344727
vt 0.520508 0.345703
vt 0.509766 0.345703
vt 0.703125 0.542969
vt 0.704102 0.542969
vt 0.704102 0.543945
vt 0.703125 0.543945
vt 0.633789 0.345703
vt 0.623047 0.345703
vt 0.623047 0.344727
vt 0.633789 0.344727
vt 0.666016 0.975586
vt 0.655273 0.975586
vt 0.655273 0.976562
vt 0.666016 0.976562
vt 0.320312 0.300781
vt 0.322266 0.300781
vt 0.322266 0.302734
vt 0.320312 0.302734
vt 0.333008 0.300781
vt 0.334961 0.300781
vt 0.334961 0.302734
vt 0.333008 0.302734
vt 0.335938 0.300781
vt 0.337891 0.300781
vt 0.337891 0.302734
vt 0.335938 0.302734
vt 0.338867 0.300781
vt 0.340820 0.300781
vt 0.340820 0.302734
vt 0.338867 0.302734
vt 0.343750 0.302734
vt 0.341797 0.302734
vt 0.341797 0.300781
vt 0.343750 0.300781
vt 0.346680 0.300781
vt 0.344727 0.300781
vt 0.344727 0.302734
vt 0.346680 0.302734
vt 0.667969 0.891602
vt 0.676758 0.891602
vt 0.676758 0.892578
vt 0.667969 0.892578
vt 0.350586 0.297852
vt 0.353516 0.297852
vt 0.353516 0.298828
vt 0.350586 0.298828
vt 0.667969 0.889648
vt 0.676758 0.889648
vt 0.676758 0.890625
vt 0.667969 0.890625
vt 0.354492 0.297852
vt 0.357422 0.297852
vt 0.357422 0.298828
vt 0.354492 0.298828
vt 0.618164 0.491211
vt 0.609375 0.491211
vt 0.609375 0.488281
vt 0.618164 0.488281
vt 0.618164 0.484375
vt 0.609375 0.484375
vt 0.609375 0.487305
vt 0.618164 0.487305
vt 0.655273 0.973633
vt 0.666016 0.973633
vt 0.666016 0.974609
vt 0.655273 0.974609
vt 0.704102 0.943359
vt 0.705078 0.943359
vt 0.705078 0.944336
vt 0.704102 0.944336
vt 0.043945 0.343750
vt 0.054688 0.343750
vt 0.054688 0.344727
vt 0.043945 0.344727
vt 0.704102 0.696289
vt 0.705078 0.696289
vt 0.705078 0.697266
vt 0.704102 0.697266
vt 0.666016 0.953125
vt 0.655273 0.953125
vt 0.655273 0.952148
vt 0.666016 0.952148
vt 0.066406 0.343750
vt 0.055664 0.343750
vt 0.055664 0.344727
vt 0.066406 0.344727
vt 0.347656 0.300781
vt 0.349609 0.300781
vt 0.349609 0.302734
vt 0.347656 0.302734
vt 0.375000 0.300781
vt 0.376953 0.300781
vt 0.376953 0.302734
vt 0.375000 0.302734
vt 0.377930 0.300781
vt 0.379883 0.300781
vt 0.379883 0.302734
vt 0.377930 0.302734
vt 0.380859 0.300781
vt 0.382812 0.300781
vt 0.382812 0.302734
vt 0.380859 0.302734
vt 0.401367 0.302734
vt 0.399414 0.302734
vt 0.399414 0.300781
vt 0.401367 0.300781
vt 0.404297 0.300781
vt 0.402344 0.300781
vt 0.402344 0.302734
vt 0.404297 0.302734
vt 0.667969 0.887695
vt 0.676758 0.887695
vt 0.676758 0.888672
vt 0.667969 0.888672
vt 0.358398 0.297852
vt 0.361328 0.297852
vt 0.361328 0.298828
vt 0.358398 0.298828
vt 0.667969 0.870117
vt 0.676758 0.870117
vt 0.676758 0.871094
vt 0.667969 0.871094
vt 0.362305 0.297852
vt 0.365234 0.297852
vt 0.365234 0.298828
vt 0.362305 0.298828
vt 0.618164 0.477539
vt 0.609375 0.477539
vt 0.609375 0.474609
vt 0.618164 0.474609
vt 0.618164 0.443359
vt 0.609375 0.443359
vt 0.609375 0.446289
vt 0.618164 0.446289
vt 0.070312 0.343750
vt 0.081055 0.343750
vt 0.081055 0.344727
vt 0.070312 0.344727
vt 0.704102 0.669922
vt 0.705078 0.669922
vt 0.705078 0.670898
vt 0.704102 0.670898
vt 0.105469 0.343750
vt 0.116211 0.343750
vt 0.116211 0.344727
vt 0.105469 0.344727
vt 0.704102 0.347656
vt 0.705078 0.347656
vt 0.705078 0.348633
vt 0.704102 0.348633
vt 0.141602 0.344727
vt 0.130859 0.344727
vt 0.130859 0.343750
vt 0.141602 0.343750
vt 0.172852 0.343750
vt 0.162109 0.343750
vt 0.162109 0.344727
vt 0.172852 0.344727
vt 0.405273 0.300781
vt 0.407227 0.300781
vt 0.407227 0.302734
vt 0.405273 0.302734
vt 0.411133 0.300781
vt 0.413086 0.300781
vt 0.413086 0.302734
vt 0.411133 0.302734
vt 0.414062 0.300781
vt 0.416016 0.300781
vt 0.416016 0.302734
vt 0.414062 0.302734
vt 0.451172 0.300781
vt 0.453125 0.300781
vt 0.453125 0.302734
vt 0.451172 0.302734
vt 0.456055 0.302734
vt 0.454102 0.302734
vt 0.454102 0.300781
vt 0.456055 0.300781
vt 0.470703 0.300781
vt 0.468750 0.300781
vt 0.468750 0.302734
vt 0.470703 0.302734
vt 0.667969 0.868164
vt 0.676758 0.868164
vt 0.676758 0.869141
vt 0.667969 0.869141
vt 0.366211 0.297852
vt 0.369141 0.297852
vt 0.369141 0.298828
vt 0.366211 0.298828
vt 0.667969 0.852539
vt 0.676758 0.852539
vt 0.676758 0.853516
vt 0.667969 0.853516
vt 0.701172 0.627930
vt 0.704102 0.627930
vt 0.704102 0.628906
vt 0.701172 0.628906
vt 0.618164 0.428711
vt 0.609375 0.428711
vt 0.609375 0.425781
vt 0.618164 0.425781
vt 0.589844 0.387695
vt 0.581055 0.387695
vt 0.581055 0.390625
vt 0.589844 0.390625
vt 0.209961 0.343750
vt 0.220703 0.343750
vt 0.220703 0.344727
vt 0.209961 0.344727
vt 0.705078 0.911133
vt 0.706055 0.911133
vt 0.706055 0.912109
vt 0.705078 0.912109
vt 0.251953 0.343750
vt 0.262695 0.343750
vt 0.262695 0.344727
vt 0.251953 0.344727
vt 0.709961 0.650391
vt 0.710938 0.650391
vt 0.710938 0.651367
vt 0.709961 0.651367
vt 0.338867 0.344727
vt 0.328125 0.344727
vt 0.328125 0.343750
vt 0.338867 0.343750
vt 0.666016 0.668945
vt 0.655273 0.668945
vt 0.655273 0.669922
vt 0.666016 0.669922
vt 0.471680 0.300781
vt 0.473633 0.300781
vt 0.473633 0.302734
vt 0.471680 0.302734
vt 0.477539 0.300781
vt 0.479492 0.300781
vt 0.479492 0.302734
vt 0.477539 0.302734
vt 0.480469 0.300781
vt 0.482422 0.300781
vt 0.482422 0.302734
vt 0.480469 0.302734
vt 0.487305 0.300781
vt 0.489258 0.300781
vt 0.489258 0.302734
vt 0.487305 0.302734
vt 0.492188 0.302734
vt 0.490234 0.302734
vt 0.490234 0.300781
vt 0.492188 0.300781
vt 0.699219 0.493164
vt 0.697266 0.493164
vt 0.697266 0.495117
vt 0.699219 0.495117
vt 0.667969 0.850586
vt 0.676758 0.850586
vt 0.676758 0.851562
vt 0.667969 0.851562
vt 0.701172 0.625977
vt 0.704102 0.625977
vt 0.704102 0.626953
vt 0.701172 0.626953
vt 0.667969 0.848633
vt 0.676758 0.848633
vt 0.676758 0.849609
vt 0.667969 0.849609
vt 0.701172 0.621094
vt 0.704102 0.621094
vt 0.704102 0.622070
vt 0.701172 0.622070
vt 0.618164 0.413086
vt 0.609375 0.413086
vt 0.609375 0.410156
vt 0.618164 0.410156
vt 0.618164 0.406250
vt 0.609375 0.406250
vt 0.609375 0.409180
vt 0.618164 0.409180
vt 0.655273 0.665039
vt 0.666016 0.665039
vt 0.666016 0.666016
vt 0.655273 0.666016
vt 0.709961 0.648438
vt 0.710938 0.648438
vt 0.710938 0.649414
vt 0.709961 0.649414
vt 0.655273 0.663086
vt 0.666016 0.663086
vt 0.666016 0.664062
vt 0.655273 0.664062
vt 0.709961 0.646484
vt 0.710938 0.646484
vt 0.710938 0.647461
vt 0.709961 0.647461
vt 0.350586 0.344727
vt 0.339844 0.344727
vt 0.339844 0.343750
vt 0.350586 0.343750
vt 0.362305 0.343750
vt 0.351562 0.343750
vt 0.351562 0.344727
vt 0.362305 0.344727
vt 0.508789 0.300781
vt 0.510742 0.300781
vt 0.510742 0.302734
vt 0.508789 0.302734
vt 0.511719 0.300781
vt 0.513672 0.300781
vt 0.513672 0.302734
vt 0.511719 0.302734
vt 0.697266 0.434570
vt 0.699219 0.434570
vt 0.699219 0.436523
vt 0.697266 0.436523
vt 0.580078 0.300781
vt 0.582031 0.300781
vt 0.582031 0.302734
vt 0.580078 0.302734
vt 0.584961 0.302734
vt 0.583008 0.302734
vt 0.583008 0.300781
vt 0.584961 0.300781
vt 0.699219 0.413086
vt 0.697266 0.413086
vt 0.697266 0.415039
vt 0.699219 0.415039
vt 0.667969 0.846680
vt 0.676758 0.846680
vt 0.676758 0.847656
vt 0.667969 0.847656
vt 0.701172 0.614258
vt 0.704102 0.614258
vt 0.704102 0.615234
vt 0.701172 0.615234
vt 0.667969 0.844727
vt 0.676758 0.844727
vt 0.676758 0.845703
vt 0.667969 0.845703
vt 0.385742 0.297852
vt 0.388672 0.297852
vt 0.388672 0.298828
vt 0.385742 0.298828
vt 0.619141 0.996094
vt 0.610352 0.996094
vt 0.610352 0.993164
vt 0.619141 0.993164
vt 0.619141 0.989258
vt 0.610352 0.989258
vt 0.610352 0.992188
vt 0.619141 0.992188
vt 0.363281 0.343750
vt 0.374023 0.343750
vt 0.374023 0.344727
vt 0.363281 0.344727
vt 0.709961 0.644531
vt 0.710938 0.644531
vt 0.710938 0.645508
vt 0.709961 0.645508
vt 0.375000 0.343750
vt 0.385742 0.343750
vt 0.385742 0.344727
vt 0.375000 0.344727
vt 0.709961 0.642578
vt 0.710938 0.642578
vt 0.710938 0.643555
vt 0.709961 0.643555
vt 0.486328 0.344727
vt 0.475586 0.344727
vt 0.475586 0.343750
vt 0.486328 0.343750
vt 0.532227 0.343750
vt 0.521484 0.343750
vt 0.521484 0.344727
vt 0.532227 0.344727
vt 0.585938 0.300781
vt 0.587891 0.300781
vt 0.587891 0.302734
vt 0.585938 0.302734
vt 0.588867 0.300781
vt 0.590820 0.300781
vt 0.590820 0.302734
vt 0.588867 0.302734
vt 0.617188 0.300781
vt 0.619141 0.300781
vt 0.619141 0.302734
vt 0.617188 0.302734
vt 0.620117 0.300781
vt 0.622070 0.300781
vt 0.622070 0.302734
vt 0.620117 0.302734
vt 0.699219 0.375000
vt 0.697266 0.375000
vt 0.697266 0.373047
vt 0.699219 0.373047
vt 0.640625 0.300781
vt 0.638672 0.300781
vt 0.638672 0.302734
vt 0.640625 0.302734
vt 0.667969 0.842773
vt 0.676758 0.842773
vt 0.676758 0.843750
vt 0.667969 0.843750
vt 0.389648 0.297852
vt 0.392578 0.297852
vt 0.392578 0.298828
vt 0.389648 0.298828
vt 0.667969 0.830078
vt 0.676758 0.830078
vt 0.676758 0.831055
vt 0.667969 0.831055
vt 0.701172 0.604492
vt 0.704102 0.604492
vt 0.704102 0.605469
vt 0.701172 0.605469
vt 0.619141 0.966797
vt 0.610352 0.966797
vt 0.610352 0.963867
vt 0.619141 0.963867
vt 0.042969 0.386719
vt 0.034180 0.386719
vt 0.034180 0.389648
vt 0.042969 0.389648
vt 0.655273 0.474609
vt 0.666016 0.474609
vt 0.666016 0.475586
vt 0.655273 0.475586
vt 0.709961 0.640625
vt 0.710938 0.640625
vt 0.710938 0.641602
vt 0.709961 0.641602
vt 0.533203 0.343750
vt 0.543945 0.343750
vt 0.543945 0.344727
vt 0.533203 0.344727
vt 0.709961 0.638672
vt 0.710938 0.638672
vt 0.710938 0.639648
vt 0.709961 0.639648
vt 0.562500 0.344727
vt 0.551758 0.344727
vt 0.551758 0.343750
vt 0.562500 0.343750
vt 0.666016 0.436523
vt 0.655273 0.436523
vt 0.655273 0.437500
vt 0.666016 0.437500
vt 0.641602 0.300781
vt 0.643555 0.300781
vt 0.643555 0.302734
vt 0.641602 0.302734
vt 0.644531 0.300781
vt 0.646484 0.300781
vt 0.646484 0.302734
vt 0.644531 0.302734
vt 0.647461 0.300781
vt 0.649414 0.300781
vt 0.649414 0.302734
vt 0.647461 0.302734
vt 0.697266 0.340820
vt 0.699219 0.340820
vt 0.699219 0.342773
vt 0.697266 0.342773
vt 0.667969 0.302734
vt 0.666016 0.302734
vt 0.666016 0.300781
vt 0.667969 0.300781
vt 0.670898 0.300781
vt 0.668945 0.300781
vt 0.668945 0.302734
vt 0.670898 0.302734
vt 0.667969 0.780273
vt 0.676758 0.780273
vt 0.676758 0.781250
vt 0.667969 0.781250
vt 0.701172 0.602539
vt 0.704102 0.602539
vt 0.704102 0.603516
vt 0.701172 0.603516
vt 0.667969 0.778320
vt 0.676758 0.778320
vt 0.676758 0.779297
vt 0.667969 0.779297
vt 0.701172 0.587891
vt 0.704102 0.587891
vt 0.704102 0.588867
vt 0.701172 0.588867
vt 0.619141 0.931641
vt 0.610352 0.931641
vt 0.610352 0.928711
vt 0.619141 0.928711
vt 0.619141 0.903320
vt 0.610352 0.903320
vt 0.610352 0.906250
vt 0.619141 0.906250
vt 0.574219 0.343750
vt 0.584961 0.343750
vt 0.584961 0.344727
vt 0.574219 0.344727
vt 0.709961 0.636719
vt 0.710938 0.636719
vt 0.710938 0.637695
vt 0.709961 0.637695
vt 0.585938 0.343750
vt 0.596680 0.343750
vt 0.596680 0.344727
vt 0.585938 0.344727
vt 0.709961 0.634766
vt 0.710938 0.634766
vt 0.710938 0.635742
vt 0.709961 0.635742
vt 0.666016 0.406250
vt 0.655273 0.406250
vt 0.655273 0.405273
vt 0.666016 0.405273
vt 0.666016 0.371094
vt 0.655273 0.371094
vt 0.655273 0.372070
vt 0.666016 0.372070
vt 0.671875 0.300781
vt 0.673828 0.300781
vt 0.673828 0.302734
vt 0.671875 0.302734
vt 0.674805 0.300781
vt 0.676758 0.300781
vt 0.676758 0.302734
vt 0.674805 0.302734
vt 0.697266 0.303711
vt 0.699219 0.303711
vt 0.699219 0.305664
vt 0.697266 0.305664
vt 0.697266 0.300781
vt 0.699219 0.300781
vt 0.699219 0.302734
vt 0.697266 0.302734
vt 0.003906 0.301758
vt 0.001953 0.301758
vt 0.001953 0.299805
vt 0.003906 0.299805
vt 0.006836 0.299805
vt 0.004883 0.299805
vt 0.004883 0.301758
vt 0.006836 0.301758
vt 0.667969 0.776367
vt 0.676758 0.776367
vt 0.676758 0.777344
vt 0.667969 0.777344
vt 0.701172 0.585938
vt 0.704102 0.585938
vt 0.704102 0.586914
vt 0.701172 0.586914
vt 0.667969 0.765625
vt 0.676758 0.765625
vt 0.676758 0.766602
vt 0.667969 0.766602
vt 0.701172 0.583984
vt 0.704102 0.583984
vt 0.704102 0.584961
vt 0.701172 0.584961
vt 0.619141 0.902344
vt 0.610352 0.902344
vt 0.610352 0.899414
vt 0.619141 0.899414
vt 0.619141 0.895508
vt 0.610352 0.895508
vt 0.610352 0.898438
vt 0.619141 0.898438
vt 0.655273 0.369141
vt 0.666016 0.369141
vt 0.666016 0.370117
vt 0.655273 0.370117
vt 0.709961 0.623047
vt 0.710938 0.623047
vt 0.710938 0.624023
vt 0.709961 0.624023
vt 0.652344 0.343750
vt 0.663086 0.343750
vt 0.663086 0.344727
vt 0.652344 0.344727
vt 0.709961 0.621094
vt 0.710938 0.621094
vt 0.710938 0.622070
vt 0.709961 0.622070
vt 0.015625 0.343750
vt 0.004883 0.343750
vt 0.004883 0.342773
vt 0.015625 0.342773
vt 0.027344 0.342773
vt 0.016602 0.342773
vt 0.016602 0.343750
vt 0.027344 0.343750
vt 0.698242 0.965820
vt 0.700195 0.965820
vt 0.700195 0.967773
vt 0.698242 0.967773
vt 0.033203 0.299805
vt 0.035156 0.299805
vt 0.035156 0.301758
vt 0.033203 0.301758
vt 0.698242 0.962891
vt 0.700195 0.962891
vt 0.700195 0.964844
vt 0.698242 0.964844
vt 0.036133 0.299805
vt 0.038086 0.299805
vt 0.038086 0.301758
vt 0.036133 0.301758
vt 0.061523 0.301758
vt 0.059570 0.301758
vt 0.059570 0.299805
vt 0.061523 0.299805
vt 0.700195 0.922852
vt 0.698242 0.922852
vt 0.698242 0.924805
vt 0.700195 0.924805
vt 0.667969 0.763672
vt 0.676758 0.763672
vt 0.676758 0.764648
vt 0.667969 0.764648
vt 0.416016 0.297852
vt 0.418945 0.297852
vt 0.418945 0.298828
vt 0.416016 0.298828
vt 0.667969 0.761719
vt 0.676758 0.761719
vt 0.676758 0.762695
vt 0.667969 0.762695
vt 0.701172 0.580078
vt 0.704102 0.580078
vt 0.704102 0.581055
vt 0.701172 0.581055
vt 0.619141 0.894531
vt 0.610352 0.894531
vt 0.610352 0.891602
vt 0.619141 0.891602
vt 0.619141 0.887695
vt 0.610352 0.887695
vt 0.610352 0.890625
vt 0.619141 0.890625
vt 0.028320 0.342773
vt 0.039062 0.342773
vt 0.039062 0.343750
vt 0.028320 0.343750
vt 0.380859 0.289062
vt 0.381836 0.289062
vt 0.381836 0.290039
vt 0.380859 0.290039
vt 0.656250 0.958008
vt 0.666992 0.958008
vt 0.666992 0.958984
vt 0.656250 0.958984
vt 0.709961 0.613281
vt 0.710938 0.613281
vt 0.710938 0.614258
vt 0.709961 0.614258
vt 0.666992 0.947266
vt 0.656250 0.947266
vt 0.656250 0.946289
vt 0.666992 0.946289
vt 0.666992 0.944336
vt 0.656250 0.944336
vt 0.656250 0.945312
vt 0.666992 0.945312
vt 0.082031 0.299805
vt 0.083984 0.299805
vt 0.083984 0.301758
vt 0.082031 0.301758
vt 0.424805 0.707031
vt 0.495117 0.707031
vt 0.495117 0.708984
vt 0.424805 0.708984
vt 0.088867 0.299805
vt 0.090820 0.299805
vt 0.090820 0.301758
vt 0.088867 0.301758
vt 0.411133 0.572266
vt 0.481445 0.572266
vt 0.481445 0.574219
vt 0.411133 0.574219
vt 0.041016 0.576172
vt 0.039062 0.576172
vt 0.039062 0.505859
vt 0.041016 0.505859
vt 0.043945 0.505859
vt 0.041992 0.505859
vt 0.041992 0.576172
vt 0.043945 0.576172
vt 0.656250 0.942383
vt 0.666992 0.942383
vt 0.666992 0.943359
vt 0.656250 0.943359
vt 0.496094 0.856445
vt 0.566406 0.856445
vt 0.566406 0.857422
vt 0.496094 0.857422
vt 0.656250 0.940430
vt 0.666992 0.940430
vt 0.666992 0.941406
vt 0.656250 0.941406
vt 0.497070 0.640625
vt 0.567383 0.640625
vt 0.567383 0.641602
vt 0.497070 0.641602
vt 0.069336 0.770508
vt 0.058594 0.770508
vt 0.058594 0.700195
vt 0.069336 0.700195
vt 0.081055 0.700195
vt 0.070312 0.700195
vt 0.070312 0.770508
vt 0.081055 0.770508
vt 0.094727 0.299805
vt 0.096680 0.299805
vt 0.096680 0.301758
vt 0.094727 0.301758
vt 0.573242 0.895508
vt 0.592773 0.895508
vt 0.592773 0.897461
vt 0.573242 0.897461
vt 0.107422 0.299805
vt 0.109375 0.299805
vt 0.109375 0.301758
vt 0.107422 0.301758
vt 0.578125 0.801758
vt 0.597656 0.801758
vt 0.597656 0.803711
vt 0.578125 0.803711
vt 0.215820 0.428711
vt 0.213867 0.428711
vt 0.213867 0.409180
vt 0.215820 0.409180
vt 0.001953 0.408203
vt 0.000000 0.408203
vt 0.000000 0.427734
vt 0.001953 0.427734
vt 0.116211 0.299805
vt 0.118164 0.299805
vt 0.118164 0.301758
vt 0.116211 0.301758
vt 0.122070 0.299805
vt 0.124023 0.299805
vt 0.124023 0.301758
vt 0.122070 0.301758
vt 0.698242 0.864258
vt 0.700195 0.864258
vt 0.700195 0.866211
vt 0.698242 0.866211
vt 0.135742 0.299805
vt 0.137695 0.299805
vt 0.137695 0.301758
vt 0.135742 0.301758
vt 0.700195 0.844727
vt 0.698242 0.844727
vt 0.698242 0.842773
vt 0.700195 0.842773
vt 0.700195 0.839844
vt 0.698242 0.839844
vt 0.698242 0.841797
vt 0.700195 0.841797
vt 0.667969 0.743164
vt 0.676758 0.743164
vt 0.676758 0.744141
vt 0.667969 0.744141
vt 0.419922 0.297852
vt 0.422852 0.297852
vt 0.422852 0.298828
vt 0.419922 0.298828
vt 0.667969 0.741211
vt 0.676758 0.741211
vt 0.676758 0.742188
vt 0.667969 0.742188
vt 0.701172 0.578125
vt 0.704102 0.578125
vt 0.704102 0.579102
vt 0.701172 0.579102
vt 0.132812 0.389648
vt 0.124023 0.389648
vt 0.124023 0.386719
vt 0.132812 0.386719
vt 0.619141 0.851562
vt 0.610352 0.851562
vt 0.610352 0.854492
vt 0.619141 0.854492
vt 0.656250 0.926758
vt 0.666992 0.926758
vt 0.666992 0.927734
vt 0.656250 0.927734
vt 0.709961 0.611328
vt 0.710938 0.611328
vt 0.710938 0.612305
vt 0.709961 0.612305
vt 0.093750 0.342773
vt 0.104492 0.342773
vt 0.104492 0.343750
vt 0.093750 0.343750
vt 0.709961 0.603516
vt 0.710938 0.603516
vt 0.710938 0.604492
vt 0.709961 0.604492
vt 0.666992 0.900391
vt 0.656250 0.900391
vt 0.656250 0.899414
vt 0.666992 0.899414
vt 0.666992 0.897461
vt 0.656250 0.897461
vt 0.656250 0.898438
vt 0.666992 0.898438
vt 0.198242 0.299805
vt 0.200195 0.299805
vt 0.200195 0.301758
vt 0.198242 0.301758
vt 0.201172 0.299805
vt 0.203125 0.299805
vt 0.203125 0.301758
vt 0.201172 0.301758
vt 0.698242 0.795898
vt 0.700195 0.795898
vt 0.700195 0.797852
vt 0.698242 0.797852
vt 0.204102 0.299805
vt 0.206055 0.299805
vt 0.206055 0.301758
vt 0.204102 0.301758
vt 0.208984 0.301758
vt 0.207031 0.301758
vt 0.207031 0.299805
vt 0.208984 0.299805
vt 0.211914 0.299805
vt 0.209961 0.299805
vt 0.209961 0.301758
vt 0.211914 0.301758
vt 0.667969 0.739258
vt 0.676758 0.739258
vt 0.676758 0.740234
vt 0.667969 0.740234
vt 0.701172 0.576172
vt 0.704102 0.576172
vt 0.704102 0.577148
vt 0.701172 0.577148
vt 0.667969 0.723633
vt 0.676758 0.723633
vt 0.676758 0.724609
vt 0.667969 0.724609
vt 0.701172 0.574219
vt 0.704102 0.574219
vt 0.704102 0.575195
vt 0.701172 0.575195
vt 0.619141 0.803711
vt 0.610352 0.803711
vt 0.610352 0.800781
vt 0.619141 0.800781
vt 0.619141 0.679688
vt 0.610352 0.679688
vt 0.610352 0.682617
vt 0.619141 0.682617
vt 0.656250 0.891602
vt 0.666992 0.891602
vt 0.666992 0.892578
vt 0.656250 0.892578
vt 0.709961 0.601562
vt 0.710938 0.601562
vt 0.710938 0.602539
vt 0.709961 0.602539
vt 0.656250 0.889648
vt 0.666992 0.889648
vt 0.666992 0.890625
vt 0.656250 0.890625
vt 0.709961 0.599609
vt 0.710938 0.599609
vt 0.710938 0.600586
vt 0.709961 0.600586
vt 0.666992 0.888672
vt 0.656250 0.888672
vt 0.656250 0.887695
vt 0.666992 0.887695
vt 0.666992 0.870117
vt 0.656250 0.870117
vt 0.656250 0.871094
vt 0.666992 0.871094
vt 0.698242 0.784180
vt 0.700195 0.784180
vt 0.700195 0.786133
vt 0.698242 0.786133
vt 0.214844 0.299805
vt 0.216797 0.299805
vt 0.216797 0.301758
vt 0.214844 0.301758
vt 0.217773 0.299805
vt 0.219727 0.299805
vt 0.219727 0.301758
vt 0.217773 0.301758
vt 0.220703 0.299805
vt 0.222656 0.299805
vt 0.222656 0.301758
vt 0.220703 0.301758
vt 0.257812 0.301758
vt 0.255859 0.301758
vt 0.255859 0.299805
vt 0.257812 0.299805
vt 0.260742 0.299805
vt 0.258789 0.299805
vt 0.258789 0.301758
vt 0.260742 0.301758
vt 0.667969 0.721680
vt 0.676758 0.721680
vt 0.676758 0.722656
vt 0.667969 0.722656
vt 0.701172 0.572266
vt 0.704102 0.572266
vt 0.704102 0.573242
vt 0.701172 0.573242
vt 0.667969 0.687500
vt 0.676758 0.687500
vt 0.676758 0.688477
vt 0.667969 0.688477
vt 0.701172 0.570312
vt 0.704102 0.570312
vt 0.704102 0.571289
vt 0.701172 0.571289
vt 0.335938 0.389648
vt 0.327148 0.389648
vt 0.327148 0.386719
vt 0.335938 0.386719
vt 0.619141 0.646484
vt 0.610352 0.646484
vt 0.610352 0.649414
vt 0.619141 0.649414
vt 0.656250 0.868164
vt 0.666992 0.868164
vt 0.666992 0.869141
vt 0.656250 0.869141
vt 0.709961 0.597656
vt 0.710938 0.597656
vt 0.710938 0.598633
vt 0.709961 0.598633
vt 0.142578 0.342773
vt 0.153320 0.342773
vt 0.153320 0.343750
vt 0.142578 0.343750
vt 0.709961 0.595703
vt 0.710938 0.595703
vt 0.710938 0.596680
vt 0.709961 0.596680
vt 0.666992 0.852539
vt 0.656250 0.852539
vt 0.656250 0.851562
vt 0.666992 0.851562
vt 0.666992 0.849609
vt 0.656250 0.849609
vt 0.656250 0.850586
vt 0.666992 0.850586
vt 0.261719 0.299805
vt 0.263672 0.299805
vt 0.263672 0.301758
vt 0.261719 0.301758
vt 0.698242 0.736328
vt 0.700195 0.736328
vt 0.700195 0.738281
vt 0.698242 0.738281
vt 0.698242 0.707031
vt 0.700195 0.707031
vt 0.700195 0.708984
vt 0.698242 0.708984
vt 0.698242 0.620117
vt 0.700195 0.620117
vt 0.700195 0.622070
vt 0.698242 0.622070
vt 0.700195 0.588867
vt 0.698242 0.588867
vt 0.698242 0.586914
vt 0.700195 0.586914
vt 0.700195 0.562500
vt 0.698242 0.562500
vt 0.698242 0.564453
vt 0.700195 0.564453
vt 0.667969 0.685547
vt 0.676758 0.685547
vt 0.676758 0.686523
vt 0.667969 0.686523
vt 0.701172 0.568359
vt 0.704102 0.568359
vt 0.704102 0.569336
vt 0.701172 0.569336
vt 0.667969 0.683594
vt 0.676758 0.683594
vt 0.676758 0.684570
vt 0.667969 0.684570
vt 0.701172 0.564453
vt 0.704102 0.564453
vt 0.704102 0.565430
vt 0.701172 0.565430
vt 0.381836 0.389648
vt 0.373047 0.389648
vt 0.373047 0.386719
vt 0.381836 0.386719
vt 0.619141 0.605469
vt 0.610352 0.605469
vt 0.610352 0.608398
vt 0.619141 0.608398
vt 0.656250 0.847656
vt 0.666992 0.847656
vt 0.666992 0.848633
vt 0.656250 0.848633
vt 0.709961 0.593750
vt 0.710938 0.593750
vt 0.710938 0.594727
vt 0.709961 0.594727
vt 0.656250 0.845703
vt 0.666992 0.845703
vt 0.666992 0.846680
vt 0.656250 0.846680
vt 0.422852 0.289062
vt 0.423828 0.289062
vt 0.423828 0.290039
vt 0.422852 0.290039
vt 0.666992 0.844727
vt 0.656250 0.844727
vt 0.656250 0.843750
vt 0.666992 0.843750
vt 0.666992 0.841797
vt 0.656250 0.841797
vt 0.656250 0.842773
vt 0.666992 0.842773
vt 0.698242 0.547852
vt 0.700195 0.547852
vt 0.700195 0.549805
vt 0.698242 0.549805
vt 0.698242 0.544922
vt 0.700195 0.544922
vt 0.700195 0.546875
vt 0.698242 0.546875
vt 0.457031 0.299805
vt 0.458984 0.299805
vt 0.458984 0.301758
vt 0.457031 0.301758
vt 0.459961 0.299805
vt 0.461914 0.299805
vt 0.461914 0.301758
vt 0.459961 0.301758
vt 0.464844 0.301758
vt 0.462891 0.301758
vt 0.462891 0.299805
vt 0.464844 0.299805
vt 0.467773 0.299805
vt 0.465820 0.299805
vt 0.465820 0.301758
vt 0.467773 0.301758
vt 0.667969 0.681641
vt 0.676758 0.681641
vt 0.676758 0.682617
vt 0.667969 0.682617
vt 0.701172 0.562500
vt 0.704102 0.562500
vt 0.704102 0.563477
vt 0.701172 0.563477
vt 0.667969 0.644531
vt 0.676758 0.644531
vt 0.676758 0.645508
vt 0.667969 0.645508
vt 0.701172 0.560547
vt 0.704102 0.560547
vt 0.704102 0.561523
vt 0.701172 0.561523
vt 0.619141 0.583008
vt 0.610352 0.583008
vt 0.610352 0.580078
vt 0.619141 0.580078
vt 0.619141 0.541016
vt 0.610352 0.541016
vt 0.610352 0.543945
vt 0.619141 0.543945
vt 0.656250 0.830078
vt 0.666992 0.830078
vt 0.666992 0.831055
vt 0.656250 0.831055
vt 0.441406 0.289062
vt 0.442383 0.289062
vt 0.442383 0.290039
vt 0.441406 0.290039
vt 0.221680 0.342773
vt 0.232422 0.342773
vt 0.232422 0.343750
vt 0.221680 0.343750
vt 0.709961 0.544922
vt 0.710938 0.544922
vt 0.710938 0.545898
vt 0.709961 0.545898
vt 0.666992 0.724609
vt 0.656250 0.724609
vt 0.656250 0.723633
vt 0.666992 0.723633
vt 0.666992 0.721680
vt 0.656250 0.721680
vt 0.656250 0.722656
vt 0.666992 0.722656
vt 0.493164 0.299805
vt 0.495117 0.299805
vt 0.495117 0.301758
vt 0.493164 0.301758
vt 0.698242 0.498047
vt 0.700195 0.498047
vt 0.700195 0.500000
vt 0.698242 0.500000
vt 0.514648 0.299805
vt 0.516602 0.299805
vt 0.516602 0.301758
vt 0.514648 0.301758
vt 0.698242 0.468750
vt 0.700195 0.468750
vt 0.700195 0.470703
vt 0.698242 0.470703
vt 0.541016 0.301758
vt 0.539062 0.301758
vt 0.539062 0.299805
vt 0.541016 0.299805
vt 0.545898 0.299805
vt 0.543945 0.299805
vt 0.543945 0.301758
vt 0.545898 0.301758
vt 0.667969 0.642578
vt 0.676758 0.642578
vt 0.676758 0.643555
vt 0.667969 0.643555
vt 0.701172 0.558594
vt 0.704102 0.558594
vt 0.704102 0.559570
vt 0.701172 0.559570
vt 0.667969 0.640625
vt 0.676758 0.640625
vt 0.676758 0.641602
vt 0.667969 0.641602
vt 0.701172 0.556641
vt 0.704102 0.556641
vt 0.704102 0.557617
vt 0.701172 0.557617
vt 0.619141 0.540039
vt 0.610352 0.540039
vt 0.610352 0.537109
vt 0.619141 0.537109
vt 0.619141 0.470703
vt 0.610352 0.470703
vt 0.610352 0.473633
vt 0.619141 0.473633
vt 0.279297 0.342773
vt 0.290039 0.342773
vt 0.290039 0.343750
vt 0.279297 0.343750
vt 0.709961 0.542969
vt 0.710938 0.542969
vt 0.710938 0.543945
vt 0.709961 0.543945
vt 0.292969 0.342773
vt 0.303711 0.342773
vt 0.303711 0.343750
vt 0.292969 0.343750
vt 0.709961 0.510742
vt 0.710938 0.510742
vt 0.710938 0.511719
vt 0.709961 0.511719
vt 0.666992 0.687500
vt 0.656250 0.687500
vt 0.656250 0.686523
vt 0.666992 0.686523
vt 0.666992 0.684570
vt 0.656250 0.684570
vt 0.656250 0.685547
vt 0.666992 0.685547
vt 0.546875 0.299805
vt 0.548828 0.299805
vt 0.548828 0.301758
vt 0.546875 0.301758
vt 0.698242 0.449219
vt 0.700195 0.449219
vt 0.700195 0.451172
vt 0.698242 0.451172
vt 0.553711 0.299805
vt 0.555664 0.299805
vt 0.555664 0.301758
vt 0.553711 0.301758
vt 0.556641 0.299805
vt 0.558594 0.299805
vt 0.558594 0.301758
vt 0.556641 0.301758
vt 0.574219 0.301758
vt 0.572266 0.301758
vt 0.572266 0.299805
vt 0.574219 0.299805
vt 0.577148 0.299805
vt 0.575195 0.299805
vt 0.575195 0.301758
vt 0.577148 0.301758
vt 0.667969 0.638672
vt 0.676758 0.638672
vt 0.676758 0.639648
vt 0.667969 0.639648
vt 0.443359 0.297852
vt 0.446289 0.297852
vt 0.446289 0.298828
vt 0.443359 0.298828
vt 0.667969 0.625000
vt 0.676758 0.625000
vt 0.676758 0.625977
vt 0.667969 0.625977
vt 0.701172 0.554688
vt 0.704102 0.554688
vt 0.704102 0.555664
vt 0.701172 0.555664
vt 0.544922 0.389648
vt 0.536133 0.389648
vt 0.536133 0.386719
vt 0.544922 0.386719
vt 0.560547 0.386719
vt 0.551758 0.386719
vt 0.551758 0.389648
vt 0.560547 0.389648
vt 0.656250 0.682617
vt 0.666992 0.682617
vt 0.666992 0.683594
vt 0.656250 0.683594
vt 0.709961 0.508789
vt 0.710938 0.508789
vt 0.710938 0.509766
vt 0.709961 0.509766
vt 0.656250 0.680664
vt 0.666992 0.680664
vt 0.666992 0.681641
vt 0.656250 0.681641
vt 0.709961 0.465820
vt 0.710938 0.465820
vt 0.710938 0.466797
vt 0.709961 0.466797
vt 0.666992 0.625977
vt 0.656250 0.625977
vt 0.656250 0.625000
vt 0.666992 0.625000
vt 0.666992 0.623047
vt 0.656250 0.623047
vt 0.656250 0.624023
vt 0.666992 0.624023
vt 0.601562 0.299805
vt 0.603516 0.299805
vt 0.603516 0.301758
vt 0.601562 0.301758
vt 0.604492 0.299805
vt 0.606445 0.299805
vt 0.606445 0.301758
vt 0.604492 0.301758
vt 0.607422 0.299805
vt 0.609375 0.299805
vt 0.609375 0.301758
vt 0.607422 0.301758
vt 0.698242 0.390625
vt 0.700195 0.390625
vt 0.700195 0.392578
vt 0.698242 0.392578
vt 0.700195 0.386719
vt 0.698242 0.386719
vt 0.698242 0.384766
vt 0.700195 0.384766
vt 0.700195 0.381836
vt 0.698242 0.381836
vt 0.698242 0.383789
vt 0.700195 0.383789
vt 0.667969 0.623047
vt 0.676758 0.623047
vt 0.676758 0.624023
vt 0.667969 0.624023
vt 0.701172 0.552734
vt 0.704102 0.552734
vt 0.704102 0.553711
vt 0.701172 0.553711
vt 0.667969 0.601562
vt 0.676758 0.601562
vt 0.676758 0.602539
vt 0.667969 0.602539
vt 0.701172 0.548828
vt 0.704102 0.548828
vt 0.704102 0.549805
vt 0.701172 0.549805
vt 0.619141 0.420898
vt 0.610352 0.420898
vt 0.610352 0.417969
vt 0.619141 0.417969
vt 0.619141 0.414062
vt 0.610352 0.414062
vt 0.610352 0.416992
vt 0.619141 0.416992
vt 0.396484 0.342773
vt 0.407227 0.342773
vt 0.407227 0.343750
vt 0.396484 0.343750
vt 0.709961 0.463867
vt 0.710938 0.463867
vt 0.710938 0.464844
vt 0.709961 0.464844
vt 0.656250 0.601562
vt 0.666992 0.601562
vt 0.666992 0.602539
vt 0.656250 0.602539
vt 0.709961 0.451172
vt 0.710938 0.451172
vt 0.710938 0.452148
vt 0.709961 0.452148
vt 0.666992 0.600586
vt 0.656250 0.600586
vt 0.656250 0.599609
vt 0.666992 0.599609
vt 0.666992 0.597656
vt 0.656250 0.597656
vt 0.656250 0.598633
vt 0.666992 0.598633
vt 0.698242 0.378906
vt 0.700195 0.378906
vt 0.700195 0.380859
vt 0.698242 0.380859
vt 0.629883 0.299805
vt 0.631836 0.299805
vt 0.631836 0.301758
vt 0.629883 0.301758
vt 0.698242 0.357422
vt 0.700195 0.357422
vt 0.700195 0.359375
vt 0.698242 0.359375
vt 0.658203 0.299805
vt 0.660156 0.299805
vt 0.660156 0.301758
vt 0.658203 0.301758
vt 0.700195 0.339844
vt 0.698242 0.339844
vt 0.698242 0.337891
vt 0.700195 0.337891
vt 0.663086 0.299805
vt 0.661133 0.299805
vt 0.661133 0.301758
vt 0.663086 0.301758
vt 0.667969 0.599609
vt 0.676758 0.599609
vt 0.676758 0.600586
vt 0.667969 0.600586
vt 0.701172 0.546875
vt 0.704102 0.546875
vt 0.704102 0.547852
vt 0.701172 0.547852
vt 0.667969 0.597656
vt 0.676758 0.597656
vt 0.676758 0.598633
vt 0.667969 0.598633
vt 0.701172 0.544922
vt 0.704102 0.544922
vt 0.704102 0.545898
vt 0.701172 0.545898
vt 0.605469 0.389648
vt 0.596680 0.389648
vt 0.596680 0.386719
vt 0.605469 0.386719
vt 0.615234 0.386719
vt 0.606445 0.386719
vt 0.606445 0.389648
vt 0.615234 0.389648
vt 0.656250 0.595703
vt 0.666992 0.595703
vt 0.666992 0.596680
vt 0.656250 0.596680
vt 0.709961 0.449219
vt 0.710938 0.449219
vt 0.710938 0.450195
vt 0.709961 0.450195
vt 0.408203 0.342773
vt 0.418945 0.342773
vt 0.418945 0.343750
vt 0.408203 0.343750
vt 0.709961 0.441406
vt 0.710938 0.441406
vt 0.710938 0.442383
vt 0.709961 0.442383
vt 0.666992 0.590820
vt 0.656250 0.590820
vt 0.656250 0.589844
vt 0.666992 0.589844
vt 0.666992 0.587891
vt 0.656250 0.587891
vt 0.656250 0.588867
vt 0.666992 0.588867
vt 0.699219 0.990234
vt 0.701172 0.990234
vt 0.701172 0.992188
vt 0.699219 0.992188
vt 0.699219 0.981445
vt 0.701172 0.981445
vt 0.701172 0.983398
vt 0.699219 0.983398
vt 0.699219 0.978516
vt 0.701172 0.978516
vt 0.701172 0.980469
vt 0.699219 0.980469
vt 0.699219 0.975586
vt 0.701172 0.975586
vt 0.701172 0.977539
vt 0.699219 0.977539
vt 0.701172 0.961914
vt 0.699219 0.961914
vt 0.699219 0.959961
vt 0.701172 0.959961
vt 0.701172 0.957031
vt 0.699219 0.957031
vt 0.699219 0.958984
vt 0.701172 0.958984
vt 0.667969 0.595703
vt 0.676758 0.595703
vt 0.676758 0.596680
vt 0.667969 0.596680
vt 0.457031 0.297852
vt 0.459961 0.297852
vt 0.459961 0.298828
vt 0.457031 0.298828
vt 0.667969 0.589844
vt 0.676758 0.589844
vt 0.676758 0.590820
vt 0.667969 0.590820
vt 0.460938 0.297852
vt 0.463867 0.297852
vt 0.463867 0.298828
vt 0.460938 0.298828
vt 0.620117 0.962891
vt 0.611328 0.962891
vt 0.611328 0.959961
vt 0.620117 0.959961
vt 0.620117 0.956055
vt 0.611328 0.956055
vt 0.611328 0.958984
vt 0.620117 0.958984
vt 0.419922 0.342773
vt 0.430664 0.342773
vt 0.430664 0.343750
vt 0.419922 0.343750
vt 0.709961 0.439453
vt 0.710938 0.439453
vt 0.710938 0.440430
vt 0.709961 0.440430
vt 0.431641 0.342773
vt 0.442383 0.342773
vt 0.442383 0.343750
vt 0.431641 0.343750
vt 0.709961 0.437500
vt 0.710938 0.437500
vt 0.710938 0.438477
vt 0.709961 0.438477
vt 0.454102 0.343750
vt 0.443359 0.343750
vt 0.443359 0.342773
vt 0.454102 0.342773
vt 0.471680 0.342773
vt 0.460938 0.342773
vt 0.460938 0.343750
vt 0.471680 0.343750
vt 0.043945 0.298828
vt 0.045898 0.298828
vt 0.045898 0.300781
vt 0.043945 0.300781
vt 0.699219 0.954102
vt 0.701172 0.954102
vt 0.701172 0.956055
vt 0.699219 0.956055
vt 0.699219 0.951172
vt 0.701172 0.951172
vt 0.701172 0.953125
vt 0.699219 0.953125
vt 0.699219 0.948242
vt 0.701172 0.948242
vt 0.701172 0.950195
vt 0.699219 0.950195
vt 0.701172 0.947266
vt 0.699219 0.947266
vt 0.699219 0.945312
vt 0.701172 0.945312
vt 0.701172 0.934570
vt 0.699219 0.934570
vt 0.699219 0.936523
vt 0.701172 0.936523
vt 0.667969 0.587891
vt 0.676758 0.587891
vt 0.676758 0.588867
vt 0.667969 0.588867
vt 0.464844 0.297852
vt 0.467773 0.297852
vt 0.467773 0.298828
vt 0.464844 0.298828
vt 0.667969 0.535156
vt 0.676758 0.535156
vt 0.676758 0.536133
vt 0.667969 0.536133
vt 0.701172 0.533203
vt 0.704102 0.533203
vt 0.704102 0.534180
vt 0.701172 0.534180
vt 0.620117 0.940430
vt 0.611328 0.940430
vt 0.611328 0.937500
vt 0.620117 0.937500
vt 0.620117 0.924805
vt 0.611328 0.924805
vt 0.611328 0.927734
vt 0.620117 0.927734
vt 0.494141 0.342773
vt 0.504883 0.342773
vt 0.504883 0.343750
vt 0.494141 0.343750
vt 0.709961 0.435547
vt 0.710938 0.435547
vt 0.710938 0.436523
vt 0.709961 0.436523
vt 0.505859 0.342773
vt 0.516602 0.342773
vt 0.516602 0.343750
vt 0.505859 0.343750
vt 0.709961 0.433594
vt 0.710938 0.433594
vt 0.710938 0.434570
vt 0.709961 0.434570
vt 0.666992 0.473633
vt 0.656250 0.473633
vt 0.656250 0.472656
vt 0.666992 0.472656
vt 0.666992 0.470703
vt 0.656250 0.470703
vt 0.656250 0.471680
vt 0.666992 0.471680
vt 0.068359 0.298828
vt 0.070312 0.298828
vt 0.070312 0.300781
vt 0.068359 0.300781
vt 0.071289 0.298828
vt 0.073242 0.298828
vt 0.073242 0.300781
vt 0.071289 0.300781
vt 0.699219 0.926758
vt 0.701172 0.926758
vt 0.701172 0.928711
vt 0.699219 0.928711
vt 0.699219 0.905273
vt 0.701172 0.905273
vt 0.701172 0.907227
vt 0.699219 0.907227
vt 0.099609 0.300781
vt 0.097656 0.300781
vt 0.097656 0.298828
vt 0.099609 0.298828
vt 0.701172 0.894531
vt 0.699219 0.894531
vt 0.699219 0.896484
vt 0.701172 0.896484
vt 0.667969 0.533203
vt 0.676758 0.533203
vt 0.676758 0.534180
vt 0.667969 0.534180
vt 0.701172 0.529297
vt 0.704102 0.529297
vt 0.704102 0.530273
vt 0.701172 0.530273
vt 0.667969 0.531250
vt 0.676758 0.531250
vt 0.676758 0.532227
vt 0.667969 0.532227
vt 0.701172 0.527344
vt 0.704102 0.527344
vt 0.704102 0.528320
vt 0.701172 0.528320
vt 0.620117 0.923828
vt 0.611328 0.923828
vt 0.611328 0.920898
vt 0.620117 0.920898
vt 0.620117 0.916992
vt 0.611328 0.916992
vt 0.611328 0.919922
vt 0.620117 0.919922
vt 0.656250 0.468750
vt 0.666992 0.468750
vt 0.666992 0.469727
vt 0.656250 0.469727
vt 0.709961 0.431641
vt 0.710938 0.431641
vt 0.710938 0.432617
vt 0.709961 0.432617
vt 0.656250 0.458984
vt 0.666992 0.458984
vt 0.666992 0.459961
vt 0.656250 0.459961
vt 0.592773 0.289062
vt 0.593750 0.289062
vt 0.593750 0.290039
vt 0.592773 0.290039
vt 0.666992 0.447266
vt 0.656250 0.447266
vt 0.656250 0.446289
vt 0.666992 0.446289
vt 0.666992 0.423828
vt 0.656250 0.423828
vt 0.656250 0.424805
vt 0.666992 0.424805
vt 0.110352 0.298828
vt 0.112305 0.298828
vt 0.112305 0.300781
vt 0.110352 0.300781
vt 0.113281 0.298828
vt 0.115234 0.298828
vt 0.115234 0.300781
vt 0.113281 0.300781
vt 0.699219 0.879883
vt 0.701172 0.879883
vt 0.701172 0.881836
vt 0.699219 0.881836
vt 0.699219 0.861328
vt 0.701172 0.861328
vt 0.701172 0.863281
vt 0.699219 0.863281
vt 0.153320 0.300781
vt 0.151367 0.300781
vt 0.151367 0.298828
vt 0.153320 0.298828
vt 0.156250 0.298828
vt 0.154297 0.298828
vt 0.154297 0.300781
vt 0.156250 0.300781
vt 0.667969 0.525391
vt 0.676758 0.525391
vt 0.676758 0.526367
vt 0.667969 0.526367
vt 0.701172 0.525391
vt 0.704102 0.525391
vt 0.704102 0.526367
vt 0.701172 0.526367
vt 0.667969 0.523438
vt 0.676758 0.523438
vt 0.676758 0.524414
vt 0.667969 0.524414
vt 0.701172 0.523438
vt 0.704102 0.523438
vt 0.704102 0.524414
vt 0.701172 0.524414
vt 0.620117 0.793945
vt 0.611328 0.793945
vt 0.611328 0.791016
vt 0.620117 0.791016
vt 0.249023 0.385742
vt 0.240234 0.385742
vt 0.240234 0.388672
vt 0.249023 0.388672
vt 0.656250 0.421875
vt 0.666992 0.421875
vt 0.666992 0.422852
vt 0.656250 0.422852
vt 0.709961 0.382812
vt 0.710938 0.382812
vt 0.710938 0.383789
vt 0.709961 0.383789
vt 0.656250 0.416016
vt 0.666992 0.416016
vt 0.666992 0.416992
vt 0.656250 0.416992
vt 0.709961 0.380859
vt 0.710938 0.380859
vt 0.710938 0.381836
vt 0.709961 0.381836
vt 0.666992 0.391602
vt 0.656250 0.391602
vt 0.656250 0.390625
vt 0.666992 0.390625
vt 0.666992 0.388672
vt 0.656250 0.388672
vt 0.656250 0.389648
vt 0.666992 0.389648
vt 0.699219 0.827148
vt 0.701172 0.827148
vt 0.701172 0.829102
vt 0.699219 0.829102
vt 0.699219 0.824219
vt 0.701172 0.824219
vt 0.701172 0.826172
vt 0.699219 0.826172
vt 0.699219 0.821289
vt 0.701172 0.821289
vt 0.701172 0.823242
vt 0.699219 0.823242
vt 0.699219 0.818359
vt 0.701172 0.818359
vt 0.701172 0.820312
vt 0.699219 0.820312
vt 0.701172 0.817383
vt 0.699219 0.817383
vt 0.699219 0.815430
vt 0.701172 0.815430
vt 0.188477 0.298828
vt 0.186523 0.298828
vt 0.186523 0.300781
vt 0.188477 0.300781
vt 0.667969 0.521484
vt 0.676758 0.521484
vt 0.676758 0.522461
vt 0.667969 0.522461
vt 0.701172 0.521484
vt 0.704102 0.521484
vt 0.704102 0.522461
vt 0.701172 0.522461
vt 0.667969 0.483398
vt 0.676758 0.483398
vt 0.676758 0.484375
vt 0.667969 0.484375
vt 0.701172 0.519531
vt 0.704102 0.519531
vt 0.704102 0.520508
vt 0.701172 0.520508
vt 0.306641 0.388672
vt 0.297852 0.388672
vt 0.297852 0.385742
vt 0.306641 0.385742
vt 0.620117 0.694336
vt 0.611328 0.694336
vt 0.611328 0.697266
vt 0.620117 0.697266
vt 0.656250 0.386719
vt 0.666992 0.386719
vt 0.666992 0.387695
vt 0.656250 0.387695
vt 0.709961 0.360352
vt 0.710938 0.360352
vt 0.710938 0.361328
vt 0.709961 0.361328
vt 0.656250 0.384766
vt 0.666992 0.384766
vt 0.666992 0.385742
vt 0.656250 0.385742
vt 0.709961 0.358398
vt 0.710938 0.358398
vt 0.710938 0.359375
vt 0.709961 0.359375
vt 0.666992 0.383789
vt 0.656250 0.383789
vt 0.656250 0.382812
vt 0.666992 0.382812
vt 0.666992 0.380859
vt 0.656250 0.380859
vt 0.656250 0.381836
vt 0.666992 0.381836
vt 0.189453 0.298828
vt 0.191406 0.298828
vt 0.191406 0.300781
vt 0.189453 0.300781
vt 0.192383 0.298828
vt 0.194336 0.298828
vt 0.194336 0.300781
vt 0.192383 0.300781
vt 0.699219 0.803711
vt 0.701172 0.803711
vt 0.701172 0.805664
vt 0.699219 0.805664
vt 0.195312 0.298828
vt 0.197266 0.298828
vt 0.197266 0.300781
vt 0.195312 0.300781
vt 0.701172 0.794922
vt 0.699219 0.794922
vt 0.699219 0.792969
vt 0.701172 0.792969
vt 0.701172 0.790039
vt 0.699219 0.790039
vt 0.699219 0.791992
vt 0.701172 0.791992
vt 0.667969 0.481445
vt 0.676758 0.481445
vt 0.676758 0.482422
vt 0.667969 0.482422
vt 0.701172 0.517578
vt 0.704102 0.517578
vt 0.704102 0.518555
vt 0.701172 0.518555
vt 0.667969 0.479492
vt 0.676758 0.479492
vt 0.676758 0.480469
vt 0.667969 0.480469
vt 0.701172 0.515625
vt 0.704102 0.515625
vt 0.704102 0.516602
vt 0.701172 0.516602
vt 0.620117 0.693359
vt 0.611328 0.693359
vt 0.611328 0.690430
vt 0.620117 0.690430
vt 0.395508 0.385742
vt 0.386719 0.385742
vt 0.386719 0.388672
vt 0.395508 0.388672
vt 0.623047 0.342773
vt 0.633789 0.342773
vt 0.633789 0.343750
vt 0.623047 0.343750
vt 0.709961 0.356445
vt 0.710938 0.356445
vt 0.710938 0.357422
vt 0.709961 0.357422
vt 0.634766 0.342773
vt 0.645508 0.342773
vt 0.645508 0.343750
vt 0.634766 0.343750
vt 0.709961 0.354492
vt 0.710938 0.354492
vt 0.710938 0.355469
vt 0.709961 0.355469
vt 0.667969 0.964844
vt 0.657227 0.964844
vt 0.657227 0.963867
vt 0.667969 0.963867
vt 0.667969 0.961914
vt 0.657227 0.961914
vt 0.657227 0.962891
vt 0.667969 0.962891
vt 0.699219 0.779297
vt 0.701172 0.779297
vt 0.701172 0.781250
vt 0.699219 0.781250
vt 0.699219 0.776367
vt 0.701172 0.776367
vt 0.701172 0.778320
vt 0.699219 0.778320
vt 0.223633 0.298828
vt 0.225586 0.298828
vt 0.225586 0.300781
vt 0.223633 0.300781
vt 0.699219 0.773438
vt 0.701172 0.773438
vt 0.701172 0.775391
vt 0.699219 0.775391
vt 0.228516 0.300781
vt 0.226562 0.300781
vt 0.226562 0.298828
vt 0.228516 0.298828
vt 0.701172 0.770508
vt 0.699219 0.770508
vt 0.699219 0.772461
vt 0.701172 0.772461
vt 0.667969 0.472656
vt 0.676758 0.472656
vt 0.676758 0.473633
vt 0.667969 0.473633
vt 0.701172 0.513672
vt 0.704102 0.513672
vt 0.704102 0.514648
vt 0.701172 0.514648
vt 0.667969 0.470703
vt 0.676758 0.470703
vt 0.676758 0.471680
vt 0.667969 0.471680
vt 0.701172 0.511719
vt 0.704102 0.511719
vt 0.704102 0.512695
vt 0.701172 0.512695
vt 0.620117 0.600586
vt 0.611328 0.600586
vt 0.611328 0.597656
vt 0.620117 0.597656
vt 0.620117 0.593750
vt 0.611328 0.593750
vt 0.611328 0.596680
vt 0.620117 0.596680
vt 0.040039 0.341797
vt 0.050781 0.341797
vt 0.050781 0.342773
vt 0.040039 0.342773
vt 0.598633 0.700195
vt 0.600586 0.700195
vt 0.600586 0.701172
vt 0.598633 0.701172
vt 0.051758 0.341797
vt 0.062500 0.341797
vt 0.062500 0.342773
vt 0.051758 0.342773
vt 0.598633 0.603516
vt 0.600586 0.603516
vt 0.600586 0.604492
vt 0.598633 0.604492
vt 0.529297 0.753906
vt 0.518555 0.753906
vt 0.518555 0.751953
vt 0.529297 0.751953
vt 0.631836 0.548828
vt 0.621094 0.548828
vt 0.621094 0.550781
vt 0.631836 0.550781
vt 0.656250 0.938477
vt 0.666992 0.938477
vt 0.666992 0.939453
vt 0.656250 0.939453
vt 0.622070 0.883789
vt 0.641602 0.883789
vt 0.641602 0.884766
vt 0.622070 0.884766
vt 0.656250 0.936523
vt 0.666992 0.936523
vt 0.666992 0.937500
vt 0.656250 0.937500
vt 0.622070 0.736328
vt 0.641602 0.736328
vt 0.641602 0.737305
vt 0.622070 0.737305
vt 0.036133 0.633789
vt 0.025391 0.633789
vt 0.025391 0.614258
vt 0.036133 0.614258
vt 0.256836 0.614258
vt 0.246094 0.614258
vt 0.246094 0.633789
vt 0.256836 0.633789
s 0
usemtl m_8a7aecf9-bc7d-1c53-4ad7-3ee173c6c92f
f 2124/6145/304 2127/6146/304 2125/6147/304 2122/6148/304
f 2123/6149/305 2124/6150/305 2122/6151/305 2121/6152/305
f 2128/6153/306 2123/6154/306 2121/6155/306 2126/6156/306
f 2127/6157/307 2128/6158/307 2126/6159/307 2125/6160/307
f 2126/6161/308 2121/6162/308 2122/6163/308 2125/6164/308
f 2127/6165/309 2124/6166/309 2123/6167/309 2128/6168/309
f 2132/6169/310 2135/6170/310 2133/6171/310 2130/6172/310
f 2131/6173/305 2132/6174/305 2130/6175/305 2129/6176/305
f 2136/6177/311 2131/6178/311 2129/6179/311 2134/6180/311
f 2135/6181/307 2136/6182/307 2134/6183/307 2133/6184/307
f 2134/6185/312 2129/6186/312 2130/6187/312 2133/6188/312
f 2135/6189/313 2132/6190/313 2131/6191/313 2136/6192/313
f 2140/6193/310 2143/6194/310 2141/6195/310 2138/6196/310
f 2139/6197/305 2140/6198/305 2138/6199/305 2137/6200/305
f 2144/6201/311 2139/6202/311 2137/6203/311 2142/6204/311
f 2143/6205/307 2144/6206/307 2142/6207/307 2141/6208/307
f 2142/6209/312 2137/6210/312 2138/6211/312 2141/6212/312
f 2143/6213/313 2140/6214/313 2139/6215/313 2144/6216/313
f 2148/6217/314 2151/6218/314 2149/6219/314 2146/6220/314
f 2147/6221/305 2148/6222/305 2146/6223/305 2145/6224/305
f 2152/6225/315 2147/6226/315 2145/6227/315 2150/6228/315
f 2151/6229/307 2152/6230/307 2150/6231/307 2149/6232/307
f 2150/6233/316 2145/6234/316 2146/6235/316 2149/6236/316
f 2151/6237/317 2148/6238/317 2147/6239/317 2152/6240/317
f 2156/6241/314 2159/6242/314 2157/6243/314 2154/6244/314
f 2155/6245/305 2156/6246/305 2154/6247/305 2153/6248/305
f 2160/6249/315 2155/6250/315 2153/6251/315 2158/6252/315
f 2159/6253/307 2160/6254/307 2158/6255/307 2157/6256/307
f 2158/6257/316 2153/6258/316 2154/6259/316 2157/6260/316
f 2159/6261/317 2156/6262/317 2155/6263/317 2160/6264/317
f 2164/6265/314 2167/6266/314 2165/6267/314 2162/6268/314
f 2163/6269/305 2164/6270/305 2162/6271/305 2161/6272/305
f 2168/6273/315 2163/6274/315 2161/6275/315 2166/6276/315
f 2167/6277/307 2168/6278/307 2166/6279/307 2165/6280/307
f 2166/6281/316 2161/6282/316 2162/6283/316 2165/6284/316
f 2167/6285/317 2164/6286/317 2163/6287/317 2168/6288/317
f 2172/6289/318 2175/6290/318 2173/6291/318 2170/6292/318
f 2171/6293/305 2172/6294/305 2170/6295/305 2169/6296/305
f 2176/6297/319 2171/6298/319 2169/6299/319 2174/6300/319
f 2175/6301/307 2176/6302/307 2174/6303/307 2173/6304/307
f 2174/6305/320 2169/6306/320 2170/6307/320 2173/6308/320
f 2175/6309/321 2172/6310/321 2171/6311/321 2176/6312/321
f 2180/6313/318 2183/6314/318 2181/6315/318 2178/6316/318
f 2179/6317/305 2180/6318/305 2178/6319/305 2177/6320/305
f 2184/6321/319 2179/6322/319 2177/6323/319 2182/6324/319
f 2183/6325/307 2184/6326/307 2182/6327/307 2181/6328/307
f 2182/6329/320 2177/6330/320 2178/6331/320 2181/6332/320
f 2183/6333/321 2180/6334/321 2179/6335/321 2184/6336/321
f 2188/6337/318 2191/6338/318 2189/6339/318 2186/6340/318
f 2187/6341/305 2188/6342/305 2186/6343/305 2185/6344/305
f 2192/6345/319 2187/6346/319 2185/6347/319 2190/6348/319
f 2191/6349/307 2192/6350/307 2190/6351/307 2189/6352/307
f 2190/6353/320 2185/6354/320 2186/6355/320 2189/6356/320
f 2191/6357/321 2188/6358/321 2187/6359/321 2192/6360/321
f 2196/6361/322 2199/6362/322 2197/6363/322 2194/6364/322
f 2195/6365/305 2196/6366/305 2194/6367/305 2193/6368/305
f 2200/6369/323 2195/6370/323 2193/6371/323 2198/6372/323
f 2199/6373/307 2200/6374/307 2198/6375/307 2197/6376/307
f 2198/6377/324 2193/6378/324 2194/6379/324 2197/6380/324
f 2199/6381/325 2196/6382/325 2195/6383/325 2200/6384/325
f 2204/6385/322 2207/6386/322 2205/6387/322 2202/6388/322
f 2203/6389/305 2204/6390/305 2202/6391/305 2201/6392/305
f 2208/6393/323 2203/6394/323 2201/6395/323 2206/6396/323
f 2207/6397/307 2208/6398/307 2206/6399/307 2205/6400/307
f 2206/6401/324 2201/6402/324 2202/6403/324 2205/6404/324
f 2207/6405/325 2204/6406/325 2203/6407/325 2208/6408/325
f 2212/6409/322 2215/6410/322 2213/6411/322 2210/6412/322
f 2211/6413/305 2212/6414/305 2210/6415/305 2209/6416/305
f 2216/6417/323 2211/6418/323 2209/6419/323 2214/6420/323
f 2215/6421/307 2216/6422/307 2214/6423/307 2213/6424/307
f 2214/6425/324 2209/6426/324 2210/6427/324 2213/6428/324
f 2215/6429/325 2212/6430/325 2211/6431/325 2216/6432/325
f 2220/6433/326 2223/6434/326 2221/6435/326 2218/6436/326
f 2219/6437/305 2220/6438/305 2218/6439/305 2217/6440/305
f 2224/6441/327 2219/6442/327 2217/6443/327 2222/6444/327
f 2223/6445/307 2224/6446/307 2222/6447/307 2221/6448/307
f 2222/6449/328 2217/6450/328 2218/6451/328 2221/6452/328
f 2223/6453/329 2220/6454/329 2219/6455/329 2224/6456/329
f 2228/6457/326 2231/6458/326 2229/6459/326 2226/6460/326
f 2227/6461/305 2228/6462/305 2226/6463/305 2225/6464/305
f 2232/6465/327 2227/6466/327 2225/6467/327 2230/6468/327
f 2231/6469/307 2232/6470/307 2230/6471/307 2229/6472/307
f 2230/6473/328 2225/6474/328 2226/6475/328 2229/6476/328
f 2231/6477/329 2228/6478/329 2227/6479/329 2232/6480/329
f 2236/6481/326 2239/6482/326 2237/6483/326 2234/6484/326
f 2235/6485/305 2236/6486/305 2234/6487/305 2233/6488/305
f 2240/6489/327 2235/6490/327 2233/6491/327 2238/6492/327
f 2239/6493/307 2240/6494/307 2238/6495/307 2237/6496/307
f 2238/6497/328 2233/6498/328 2234/6499/328 2237/6500/328
f 2239/6501/329 2236/6502/329 2235/6503/329 2240/6504/329
f 2244/6505/330 2247/6506/330 2245/6507/330 2242/6508/330
f 2243/6509/305 2244/6510/305 2242/6511/305 2241/6512/305
f 2248/6513/331 2243/6514/331 2241/6515/331 2246/6516/331
f 2247/6517/307 2248/6518/307 2246/6519/307 2245/6520/307
f 2246/6521/332 2241/6522/332 2242/6523/332 2245/6524/332
f 2247/6525/333 2244/6526/333 2243/6527/333 2248/6528/333
f 2252/6529/330 2255/6530/330 2253/6531/330 2250/6532/330
f 2251/6533/305 2252/6534/305 2250/6535/305 2249/6536/305
f 2256/6537/331 2251/6538/331 2249/6539/331 2254/6540/331
f 2255/6541/307 2256/6542/307 2254/6543/307 2253/6544/307
f 2254/6545/332 2249/6546/332 2250/6547/332 2253/6548/332
f 2255/6549/333 2252/6550/333 2251/6551/333 2256/6552/333
f 2260/6553/330 2263/6554/330 2261/6555/330 2258/6556/330
f 2259/6557/305 2260/6558/305 2258/6559/305 2257/6560/305
f 2264/6561/331 2259/6562/331 2257/6563/331 2262/6564/331
f 2263/6565/307 2264/6566/307 2262/6567/307 2261/6568/307
f 2262/6569/332 2257/6570/332 2258/6571/332 2261/6572/332
f 2263/6573/333 2260/6574/333 2259/6575/333 2264/6576/333
f 2268/6577/330 2271/6578/330 2269/6579/330 2266/6580/330
f 2267/6581/305 2268/6582/305 2266/6583/305 2265/6584/305
f 2272/6585/331 2267/6586/331 2265/6587/331 2270/6588/331
f 2271/6589/307 2272/6590/307 2270/6591/307 2269/6592/307
f 2270/6593/332 2265/6594/332 2266/6595/332 2269/6596/332
f 2271/6597/333 2268/6598/333 2267/6599/333 2272/6600/333
f 2276/6601/334 2279/6602/334 2277/6603/334 2274/6604/334
f 2275/6605/305 2276/6606/305 2274/6607/305 2273/6608/305
f 2280/6609/335 2275/6610/335 2273/6611/335 2278/6612/335
f 2279/6613/307 2280/6614/307 2278/6615/307 2277/6616/307
f 2278/6617/336 2273/6618/336 2274/6619/336 2277/6620/336
f 2279/6621/337 2276/6622/337 2275/6623/337 2280/6624/337
f 2284/6625/334 2287/6626/334 2285/6627/334 2282/6628/334
f 2283/6629/305 2284/6630/305 2282/6631/305 2281/6632/305
f 2288/6633/335 2283/6634/335 2281/6635/335 2286/6636/335
f 2287/6637/307 2288/6638/307 2286/6639/307 2285/6640/307
f 2286/6641/336 2281/6642/336 2282/6643/336 2285/6644/336
f 2287/6645/337 2284/6646/337 2283/6647/337 2288/6648/337
f 2292/6649/334 2295/6650/334 2293/6651/334 2290/6652/334
f 2291/6653/305 2292/6654/305 2290/6655/305 2289/6656/305
f 2296/6657/335 2291/6658/335 2289/6659/335 2294/6660/335
f 2295/6661/307 2296/6662/307 2294/6663/307 2293/6664/307
f 2294/6665/336 2289/6666/336 2290/6667/336 2293/6668/336
f 2295/6669/337 2292/6670/337 2291/6671/337 2296/6672/337
f 2300/6673/334 2303/6674/334 2301/6675/334 2298/6676/334
f 2299/6677/305 2300/6678/305 2298/6679/305 2297/6680/305
f 2304/6681/335 2299/6682/335 2297/6683/335 2302/6684/335
f 2303/6685/307 2304/6686/307 2302/6687/307 2301/6688/307
f 2302/6689/336 2297/6690/336 2298/6691/336 2301/6692/336
f 2303/6693/337 2300/6694/337 2299/6695/337 2304/6696/337
f 2308/6697/338 2311/6698/338 2309/6699/338 2306/6700/338
f 2307/6701/305 2308/6702/305 2306/6703/305 2305/6704/305
f 2312/6705/339 2307/6706/339 2305/6707/339 2310/6708/339
f 2311/6709/307 2312/6710/307 2310/6711/307 2309/6712/307
f 2310/6713/340 2305/6714/340 2306/6715/340 2309/6716/340
f 2311/6717/341 2308/6718/341 2307/6719/341 2312/6720/341
f 2316/6721/338 2319/6722/338 2317/6723/338 2314/6724/338
f 2315/6725/305 2316/6726/305 2314/6727/305 2313/6728/305
f 2320/6729/339 2315/6730/339 2313/6731/339 2318/6732/339
f 2319/6733/307 2320/6734/307 2318/6735/307 2317/6736/307
f 2318/6737/340 2313/6738/340 2314/6739/340 2317/6740/340
f 2319/6741/341 2316/6742/341 2315/6743/341 2320/6744/341
f 2324/6745/338 2327/6746/338 2325/6747/338 2322/6748/338
f 2323/6749/305 2324/6750/305 2322/6751/305 2321/6752/305
f 2328/6753/339 2323/6754/339 2321/6755/339 2326/6756/339
f 2327/6757/307 2328/6758/307 2326/6759/307 2325/6760/307
f 2326/6761/340 2321/6762/340 2322/6763/340 2325/6764/340
f 2327/6765/341 2324/6766/341 2323/6767/341 2328/6768/341
f 2332/6769/338 2335/6770/338 2333/6771/338 2330/6772/338
f 2331/6773/305 2332/6774/305 2330/6775/305 2329/6776/305
f 2336/6777/339 2331/6778/339 2329/6779/339 2334/6780/339
f 2335/6781/307 2336/6782/307 2334/6783/307 2333/6784/307
f 2334/6785/340 2329/6786/340 2330/6787/340 2333/6788/340
f 2335/6789/341 2332/6790/341 2331/6791/341 2336/6792/341
f 2340/6793/342 2343/6794/342 2341/6795/342 2338/6796/342
f 2339/6797/305 2340/6798/305 2338/6799/305 2337/6800/305
f 2344/6801/343 2339/6802/343 2337/6803/343 2342/6804/343
f 2343/6805/307 2344/6806/307 2342/6807/307 2341/6808/307
f 2342/6809/344 2337/6810/344 2338/6811/344 2341/6812/344
f 2343/6813/345 2340/6814/345 2339/6815/345 2344/6816/345
f 2348/6817/342 2351/6818/342 2349/6819/342 2346/6820/342
f 2347/6821/305 2348/6822/305 2346/6823/305 2345/6824/305
f 2352/6825/343 2347/6826/343 2345/6827/343 2350/6828/343
f 2351/6829/307 2352/6830/307 2350/6831/307 2349/6832/307
f 2350/6833/344 2345/6834/344 2346/6835/344 2349/6836/344
f 2351/6837/345 2348/6838/345 2347/6839/345 2352/6840/345
f 2356/6841/342 2359/6842/342 2357/6843/342 2354/6844/342
f 2355/6845/305 2356/6846/305 2354/6847/305 2353/6848/305
f 2360/6849/343 2355/6850/343 2353/6851/343 2358/6852/343
f 2359/6853/307 2360/6854/307 2358/6855/307 2357/6856/307
f 2358/6857/344 2353/6858/344 2354/6859/344 2357/6860/344
f 2359/6861/345 2356/6862/345 2355/6863/345 2360/6864/345
f 2364/6865/346 2367/6866/346 2365/6867/346 2362/6868/346
f 2363/6869/305 2364/6870/305 2362/6871/305 2361/6872/305
f 2368/6873/347 2363/6874/347 2361/6875/347 2366/6876/347
f 2367/6877/307 2368/6878/307 2366/6879/307 2365/6880/307
f 2366/6881/348 2361/6882/348 2362/6883/348 2365/6884/348
f 2367/6885/349 2364/6886/349 2363/6887/349 2368/6888/349
f 2372/6889/346 2375/6890/346 2373/6891/346 2370/6892/346
f 2371/6893/305 2372/6894/305 2370/6895/305 2369/6896/305
f 2376/6897/347 2371/6898/347 2369/6899/347 2374/6900/347
f 2375/6901/307 2376/6902/307 2374/6903/307 2373/6904/307
f 2374/6905/348 2369/6906/348 2370/6907/348 2373/6908/348
f 2375/6909/349 2372/6910/349 2371/6911/349 2376/6912/349
f 2380/6913/346 2383/6914/346 2381/6915/346 2378/6916/346
f 2379/6917/305 2380/6918/305 2378/6919/305 2377/6920/305
f 2384/6921/347 2379/6922/347 2377/6923/347 2382/6924/347
f 2383/6925/307 2384/6926/307 2382/6927/307 2381/6928/307
f 2382/6929/348 2377/6930/348 2378/6931/348 2381/6932/348
f 2383/6933/349 2380/6934/349 2379/6935/349 2384/6936/349
f 2388/6937/350 2391/6938/350 2389/6939/350 2386/6940/350
f 2387/6941/305 2388/6942/305 2386/6943/305 2385/6944/305
f 2392/6945/351 2387/6946/351 2385/6947/351 2390/6948/351
f 2391/6949/307 2392/6950/307 2390/6951/307 2389/6952/307
f 2390/6953/352 2385/6954/352 2386/6955/352 2389/6956/352
f 2391/6957/353 2388/6958/353 2387/6959/353 2392/6960/353
f 2396/6961/354 2399/6962/354 2397/6963/354 2394/6964/354
f 2395/6965/305 2396/6966/305 2394/6967/305 2393/6968/305
f 2400/6969/351 2395/6970/351 2393/6971/351 2398/6972/351
f 2399/6973/307 2400/6974/307 2398/6975/307 2397/6976/307
f 2398/6977/352 2393/6978/352 2394/6979/352 2397/6980/352
f 2399/6981/355 2396/6982/355 2395/6983/355 2400/6984/355
f 2404/6985/354 2407/6986/354 2405/6987/354 2402/6988/354
f 2403/6989/305 2404/6990/305 2402/6991/305 2401/6992/305
f 2408/6993/356 2403/6994/356 2401/6995/356 2406/6996/356
f 2407/6997/307 2408/6998/307 2406/6999/307 2405/7000/307
f 2406/7001/352 2401/7002/352 2402/7003/352 2405/7004/352
f 2407/7005/353 2404/7006/353 2403/7007/353 2408/7008/353
f 2412/7009/357 2415/7010/357 2413/7011/357 2410/7012/357
f 2411/7013/305 2412/7014/305 2410/7015/305 2409/7016/305
f 2416/7017/358 2411/7018/358 2409/7019/358 2414/7020/358
f 2415/7021/307 2416/7022/307 2414/7023/307 2413/7024/307
f 2414/7025/359 2409/7026/359 2410/7027/359 2413/7028/359
f 2415/7029/360 2412/7030/360 2411/7031/360 2416/7032/360
f 2420/7033/357 2423/7034/357 2421/7035/357 2418/7036/357
f 2419/7037/305 2420/7038/305 2418/7039/305 2417/7040/305
f 2424/7041/358 2419/7042/358 2417/7043/358 2422/7044/358
f 2423/7045/307 2424/7046/307 2422/7047/307 2421/7048/307
f 2422/7049/359 2417/7050/359 2418/7051/359 2421/7052/359
f 2423/7053/360 2420/7054/360 2419/7055/360 2424/7056/360
f 2428/7057/357 2431/7058/357 2429/7059/357 2426/7060/357
f 2427/7061/305 2428/7062/305 2426/7063/305 2425/7064/305
f 2432/7065/358 2427/7066/358 2425/7067/358 2430/7068/358
f 2431/7069/307 2432/7070/307 2430/7071/307 2429/7072/307
f 2430/7073/359 2425/7074/359 2426/7075/359 2429/7076/359
f 2431/7077/360 2428/7078/360 2427/7079/360 2432/7080/360
f 2436/7081/361 2439/7082/361 2437/7083/361 2434/7084/361
f 2435/7085/305 2436/7086/305 2434/7087/305 2433/7088/305
f 2440/7089/362 2435/7090/362 2433/7091/362 2438/7092/362
f 2439/7093/307 2440/7094/307 2438/7095/307 2437/7096/307
f 2438/7097/363 2433/7098/363 2434/7099/363 2437/7100/363
f 2439/7101/364 2436/7102/364 2435/7103/364 2440/7104/364
f 2444/7105/365 2447/7106/365 2445/7107/365 2442/7108/365
f 2443/7109/305 2444/7110/305 2442/7111/305 2441/7112/305
f 2448/7113/366 2443/7114/366 2441/7115/366 2446/7116/366
f 2447/7117/307 2448/7118/307 2446/7119/307 2445/7120/307
f 2446/7121/363 2441/7122/363 2442/7123/363 2445/7124/363
f 2447/7125/364 2444/7126/364 2443/7127/364 2448/7128/364
f 2452/7129/365 2455/7130/365 2453/7131/365 2450/7132/365
f 2451/7133/305 2452/7134/305 2450/7135/305 2449/7136/305
f 2456/7137/362 2451/7138/362 2449/7139/362 2454/7140/362
f 2455/7141/307 2456/7142/307 2454/7143/307 2453/7144/307
f 2454/7145/363 2449/7146/363 2450/7147/363 2453/7148/363
f 2455/7149/364 2452/7150/364 2451/7151/364 2456/7152/364
f 2460/7153/367 2463/7154/367 2461/7155/367 2458/7156/367
f 2459/7157/305 2460/7158/305 2458/7159/305 2457/7160/305
f 2464/7161/368 2459/7162/368 2457/7163/368 2462/7164/368
f 2463/7165/307 2464/7166/307 2462/7167/307 2461/7168/307
f 2462/7169/369 2457/7170/369 2458/7171/369 2461/7172/369
f 2463/7173/370 2460/7174/370 2459/7175/370 2464/7176/370
f 2468/7177/367 2471/7178/367 2469/7179/367 2466/7180/367
f 2467/7181/305 2468/7182/305 2466/7183/305 2465/7184/305
f 2472/7185/368 2467/7186/368 2465/7187/368 2470/7188/368
f 2471/7189/307 2472/7190/307 2470/7191/307 2469/7192/307
f 2470/7193/369 2465/7194/369 2466/7195/369 2469/7196/369
f 2471/7197/370 2468/7198/370 2467/7199/370 2472/7200/370
f 2476/7201/367 2479/7202/367 2477/7203/367 2474/7204/367
f 2475/7205/305 2476/7206/305 2474/7207/305 2473/7208/305
f 2480/7209/368 2475/7210/368 2473/7211/368 2478/7212/368
f 2479/7213/307 2480/7214/307 2478/7215/307 2477/7216/307
f 2478/7217/369 2473/7218/369 2474/7219/369 2477/7220/369
f 2479/7221/370 2476/7222/370 2475/7223/370 2480/7224/370
f 2484/7225/371 2487/7226/371 2485/7227/371 2482/7228/371
f 2483/7229/305 2484/7230/305 2482/7231/305 2481/7232/305
f 2488/7233/372 2483/7234/372 2481/7235/372 2486/7236/372
f 2487/7237/307 2488/7238/307 2486/7239/307 2485/7240/307
f 2486/7241/373 2481/7242/373 2482/7243/373 2485/7244/373
f 2487/7245/374 2484/7246/374 2483/7247/374 2488/7248/374
f 2492/7249/371 2495/7250/371 2493/7251/371 2490/7252/371
f 2491/7253/305 2492/7254/305 2490/7255/305 2489/7256/305
f 2496/7257/372 2491/7258/372 2489/7259/372 2494/7260/372
f 2495/7261/307 2496/7262/307 2494/7263/307 2493/7264/307
f 2494/7265/373 2489/7266/373 2490/7267/373 2493/7268/373
f 2495/7269/374 2492/7270/374 2491/7271/374 2496/7272/374
f 2500/7273/371 2503/7274/371 2501/7275/371 2498/7276/371
f 2499/7277/305 2500/7278/305 2498/7279/305 2497/7280/305
f 2504/7281/372 2499/7282/372 2497/7283/372 2502/7284/372
f 2503/7285/307 2504/7286/307 2502/7287/307 2501/7288/307
f 2502/7289/373 2497/7290/373 2498/7291/373 2501/7292/373
f 2503/7293/374 2500/7294/374 2499/7295/374 2504/7296/374
f 2508/7297/375 2511/7298/375 2509/7299/375 2506/7300/375
f 2507/7301/305 2508/7302/305 2506/7303/305 2505/7304/305
f 2512/7305/376 2507/7306/376 2505/7307/376 2510/7308/376
f 2511/7309/307 2512/7310/307 2510/7311/307 2509/7312/307
f 2510/7313/377 2505/7314/377 2506/7315/377 2509/7316/377
f 2511/7317/378 2508/7318/378 2507/7319/378 2512/7320/378
f 2516/7321/375 2519/7322/375 2517/7323/375 2514/7324/375
f 2515/7325/305 2516/7326/305 2514/7327/305 2513/7328/305
f 2520/7329/376 2515/7330/376 2513/7331/376 2518/7332/376
f 2519/7333/307 2520/7334/307 2518/7335/307 2517/7336/307
f 2518/7337/377 2513/7338/377 2514/7339/377 2517/7340/377
f 2519/7341/378 2516/7342/378 2515/7343/378 2520/7344/378
f 2524/7345/375 2527/7346/375 2525/7347/375 2522/7348/375
f 2523/7349/305 2524/7350/305 2522/7351/305 2521/7352/305
f 2528/7353/376 2523/7354/376 2521/7355/376 2526/7356/376
f 2527/7357/307 2528/7358/307 2526/7359/307 2525/7360/307
f 2526/7361/377 2521/7362/377 2522/7363/377 2525/7364/377
f 2527/7365/378 2524/7366/378 2523/7367/378 2528/7368/378
f 2532/7369/379 2535/7370/379 2533/7371/379 2530/7372/379
f 2531/7373/305 2532/7374/305 2530/7375/305 2529/7376/305
f 2536/7377/380 2531/7378/380 2529/7379/380 2534/7380/380
f 2535/7381/307 2536/7382/307 2534/7383/307 2533/7384/307
f 2534/7385/381 2529/7386/381 2530/7387/381 2533/7388/381
f 2535/7389/382 2532/7390/382 2531/7391/382 2536/7392/382
f 2540/7393/379 2543/7394/379 2541/7395/379 2538/7396/379
f 2539/7397/305 2540/7398/305 2538/7399/305 2537/7400/305
f 2544/7401/380 2539/7402/380 2537/7403/380 2542/7404/380
f 2543/7405/307 2544/7406/307 2542/7407/307 2541/7408/307
f 2542/7409/381 2537/7410/381 2538/7411/381 2541/7412/381
f 2543/7413/382 2540/7414/382 2539/7415/382 2544/7416/382
f 2548/7417/379 2551/7418/379 2549/7419/379 2546/7420/379
f 2547/7421/305 2548/7422/305 2546/7423/305 2545/7424/305
f 2552/7425/380 2547/7426/380 2545/7427/380 2550/7428/380
f 2551/7429/307 2552/7430/307 2550/7431/307 2549/7432/307
f 2550/7433/381 2545/7434/381 2546/7435/381 2549/7436/381
f 2551/7437/382 2548/7438/382 2547/7439/382 2552/7440/382
f 2556/7441/379 2559/7442/379 2557/7443/379 2554/7444/379
f 2555/7445/305 2556/7446/305 2554/7447/305 2553/7448/305
f 2560/7449/380 2555/7450/380 2553/7451/380 2558/7452/380
f 2559/7453/307 2560/7454/307 2558/7455/307 2557/7456/307
f 2558/7457/381 2553/7458/381 2554/7459/381 2557/7460/381
f 2559/7461/382 2556/7462/382 2555/7463/382 2560/7464/382
f 2564/7465/379 2567/7466/379 2565/7467/379 2562/7468/379
f 2563/7469/305 2564/7470/305 2562/7471/305 2561/7472/305
f 2568/7473/380 2563/7474/380 2561/7475/380 2566/7476/380
f 2567/7477/307 2568/7478/307 2566/7479/307 2565/7480/307
f 2566/7481/381 2561/7482/381 2562/7483/381 2565/7484/381
f 2567/7485/382 2564/7486/382 2563/7487/382 2568/7488/382
f 2572/7489/379 2575/7490/379 2573/7491/379 2570/7492/379
f 2571/7493/305 2572/7494/305 2570/7495/305 2569/7496/305
f 2576/7497/380 2571/7498/380 2569/7499/380 2574/7500/380
f 2575/7501/307 2576/7502/307 2574/7503/307 2573/7504/307
f 2574/7505/381 2569/7506/381 2570/7507/381 2573/7508/381
f 2575/7509/382 2572/7510/382 2571/7511/382 2576/7512/382
f 2580/7513/383 2583/7514/383 2581/7515/383 2578/7516/383
f 2579/7517/305 2580/7518/305 2578/7519/305 2577/7520/305
f 2584/7521/384 2579/7522/384 2577/7523/384 2582/7524/384
f 2583/7525/307 2584/7526/307 2582/7527/307 2581/7528/307
f 2582/7529/385 2577/7530/385 2578/7531/385 2581/7532/385
f 2583/7533/386 2580/7534/386 2579/7535/386 2584/7536/386
f 2588/7537/383 2591/7538/383 2589/7539/383 2586/7540/383
f 2587/7541/305 2588/7542/305 2586/7543/305 2585/7544/305
f 2592/7545/384 2587/7546/384 2585/7547/384 2590/7548/384
f 2591/7549/307 2592/7550/307 2590/7551/307 2589/7552/307
f 2590/7553/385 2585/7554/385 2586/7555/385 2589/7556/385
f 2591/7557/386 2588/7558/386 2587/7559/386 2592/7560/386
f 2596/7561/387 2599/7562/387 2597/7563/387 2594/7564/387
f 2595/7565/305 2596/7566/305 2594/7567/305 2593/7568/305
f 2600/7569/384 2595/7570/384 2593/7571/384 2598/7572/384
f 2599/7573/307 2600/7574/307 2598/7575/307 2597/7576/307
f 2598/7577/385 2593/7578/385 2594/7579/385 2597/7580/385
f 2599/7581/386 2596/7582/386 2595/7583/386 2600/7584/386
f 2604/7585/383 2607/7586/383 2605/7587/383 2602/7588/383
f 2603/7589/305 2604/7590/305 2602/7591/305 2601/7592/305
f 2608/7593/384 2603/7594/384 2601/7595/384 2606/7596/384
f 2607/7597/307 2608/7598/307 2606/7599/307 2605/7600/307
f 2606/7601/385 2601/7602/385 2602/7603/385 2605/7604/385
f 2607/7605/386 2604/7606/386 2603/7607/386 2608/7608/386
f 2612/7609/383 2615/7610/383 2613/7611/383 2610/7612/383
f 2611/7613/305 2612/7614/305 2610/7615/305 2609/7616/305
f 2616/7617/384 2611/7618/384 2609/7619/384 2614/7620/384
f 2615/7621/307 2616/7622/307 2614/7623/307 2613/7624/307
f 2614/7625/385 2609/7626/385 2610/7627/385 2613/7628/385
f 2615/7629/386 2612/7630/386 2611/7631/386 2616/7632/386
f 2620/7633/383 2623/7634/383 2621/7635/383 2618/7636/383
f 2619/7637/305 2620/7638/305 2618/7639/305 2617/7640/305
f 2624/7641/384 2619/7642/384 2617/7643/384 2622/7644/384
f 2623/7645/307 2624/7646/307 2622/7647/307 2621/7648/307
f 2622/7649/385 2617/7650/385 2618/7651/385 2621/7652/385
f 2623/7653/386 2620/7654/386 2619/7655/386 2624/7656/386
f 2628/7657/388 2631/7658/388 2629/7659/388 2626/7660/388
f 2627/7661/305 2628/7662/305 2626/7663/305 2625/7664/305
f 2632/7665/389 2627/7666/389 2625/7667/389 2630/7668/389
f 2631/7669/307 2632/7670/307 2630/7671/307 2629/7672/307
f 2630/7673/390 2625/7674/390 2626/7675/390 2629/7676/390
f 2631/7677/391 2628/7678/391 2627/7679/391 2632/7680/391
f 2636/7681/388 2639/7682/388 2637/7683/388 2634/7684/388
f 2635/7685/305 2636/7686/305 2634/7687/305 2633/7688/305
f 2640/7689/389 2635/7690/389 2633/7691/389 2638/7692/389
f 2639/7693/307 2640/7694/307 2638/7695/307 2637/7696/307
f 2638/7697/390 2633/7698/390 2634/7699/390 2637/7700/390
f 2639/7701/391 2636/7702/391 2635/7703/391 2640/7704/391
f 2644/7705/388 2647/7706/388 2645/7707/388 2642/7708/388
f 2643/7709/305 2644/7710/305 2642/7711/305 2641/7712/305
f 2648/7713/389 2643/7714/389 2641/7715/389 2646/7716/389
f 2647/7717/307 2648/7718/307 2646/7719/307 2645/7720/307
f 2646/7721/390 2641/7722/390 2642/7723/390 2645/7724/390
f 2647/7725/391 2644/7726/391 2643/7727/391 2648/7728/391
f 2652/7729/343 2655/7730/343 2653/7731/343 2650/7732/343
f 2651/7733/305 2652/7734/305 2650/7735/305 2649/7736/305
f 2656/7737/342 2651/7738/342 2649/7739/342 2654/7740/342
f 2655/7741/307 2656/7742/307 2654/7743/307 2653/7744/307
f 2654/7745/345 2649/7746/345 2650/7747/345 2653/7748/345
f 2655/7749/344 2652/7750/344 2651/7751/344 2656/7752/344
f 2660/7753/343 2663/7754/343 2661/7755/343 2658/7756/343
f 2659/7757/305 2660/7758/305 2658/7759/305 2657/7760/305
f 2664/7761/342 2659/7762/342 2657/7763/342 2662/7764/342
f 2663/7765/307 2664/7766/307 2662/7767/307 2661/7768/307
f 2662/7769/345 2657/7770/345 2658/7771/345 2661/7772/345
f 2663/7773/344 2660/7774/344 2659/7775/344 2664/7776/344
f 2668/7777/343 2671/7778/343 2669/7779/343 2666/7780/343
f 2667/7781/305 2668/7782/305 2666/7783/305 2665/7784/305
f 2672/7785/342 2667/7786/342 2665/7787/342 2670/7788/342
f 2671/7789/307 2672/7790/307 2670/7791/307 2669/7792/307
f 2670/7793/345 2665/7794/345 2666/7795/345 2669/7796/345
f 2671/7797/344 2668/7798/344 2667/7799/344 2672/7800/344
f 2676/7801/339 2679/7802/339 2677/7803/339 2674/7804/339
f 2675/7805/305 2676/7806/305 2674/7807/305 2673/7808/305
f 2680/7809/338 2675/7810/338 2673/7811/338 2678/7812/338
f 2679/7813/307 2680/7814/307 2678/7815/307 2677/7816/307
f 2678/7817/341 2673/7818/341 2674/7819/341 2677/7820/341
f 2679/7821/340 2676/7822/340 2675/7823/340 2680/7824/340
f 2684/7825/339 2687/7826/339 2685/7827/339 2682/7828/339
f 2683/7829/305 2684/7830/305 2682/7831/305 2681/7832/305
f 2688/7833/338 2683/7834/338 2681/7835/338 2686/7836/338
f 2687/7837/307 2688/7838/307 2686/7839/307 2685/7840/307
f 2686/7841/341 2681/7842/341 2682/7843/341 2685/7844/341
f 2687/7845/340 2684/7846/340 2683/7847/340 2688/7848/340
f 2692/7849/339 2695/7850/339 2693/7851/339 2690/7852/339
f 2691/7853/305 2692/7854/305 2690/7855/305 2689/7856/305
f 2696/7857/338 2691/7858/338 2689/7859/338 2694/7860/338
f 2695/7861/307 2696/7862/307 2694/7863/307 2693/7864/307
f 2694/7865/341 2689/7866/341 2690/7867/341 2693/7868/341
f 2695/7869/340 2692/7870/340 2691/7871/340 2696/7872/340
f 2700/7873/339 2703/7874/339 2701/7875/339 2698/7876/339
f 2699/7877/305 2700/7878/305 2698/7879/305 2697/7880/305
f 2704/7881/338 2699/7882/338 2697/7883/338 2702/7884/338
f 2703/7885/307 2704/7886/307 2702/7887/307 2701/7888/307
f 2702/7889/341 2697/7890/341 2698/7891/341 2701/7892/341
f 2703/7893/340 2700/7894/340 2699/7895/340 2704/7896/340
f 2708/7897/339 2711/7898/339 2709/7899/339 2706/7900/339
f 2707/7901/305 2708/7902/305 2706/7903/305 2705/7904/305
f 2712/7905/338 2707/7906/338 2705/7907/338 2710/7908/338
f 2711/7909/307 2712/7910/307 2710/7911/307 2709/7912/307
f 2710/7913/341 2705/7914/341 2706/7915/341 2709/7916/341
f 2711/7917/340 2708/7918/340 2707/7919/340 2712/7920/340
f 2716/7921/339 2719/7922/339 2717/7923/339 2714/7924/339
f 2715/7925/305 2716/7926/305 2714/7927/305 2713/7928/305
f 2720/7929/338 2715/7930/338 2713/7931/338 2718/7932/338
f 2719/7933/307 2720/7934/307 2718/7935/307 2717/7936/307
f 2718/7937/341 2713/7938/341 2714/7939/341 2717/7940/341
f 2719/7941/340 2716/7942/340 2715/7943/340 2720/7944/340
f 2724/7945/304 2727/7946/304 2725/7947/304 2722/7948/304
f 2723/7949/305 2724/7950/305 2722/7951/305 2721/7952/305
f 2728/7953/306 2723/7954/306 2721/7955/306 2726/7956/306
f 2727/7957/307 2728/7958/307 2726/7959/307 2725/7960/307
f 2726/7961/308 2721/7962/308 2722/7963/308 2725/7964/308
f 2727/7965/309 2724/7966/309 2723/7967/309 2728/7968/309
f 2732/7969/304 2735/7970/304 2733/7971/304 2730/7972/304
f 2731/7973/305 2732/7974/305 2730/7975/305 2729/7976/305
f 2736/7977/306 2731/7978/306 2729/7979/306 2734/7980/306
f 2735/7981/307 2736/7982/307 2734/7983/307 2733/7984/307
f 2734/7985/308 2729/7986/308 2730/7987/308 2733/7988/308
f 2735/7989/309 2732/7990/309 2731/7991/309 2736/7992/309
f 2740/7993/304 2743/7994/304 2741/7995/304 2738/7996/304
f 2739/7997/305 2740/7998/305 2738/7999/305 2737/8000/305
f 2744/8001/306 2739/8002/306 2737/8003/306 2742/8004/306
f 2743/8005/307 2744/8006/307 2742/8007/307 2741/8008/307
f 2742/8009/308 2737/8010/308 2738/8011/308 2741/8012/308
f 2743/8013/309 2740/8014/309 2739/8015/309 2744/8016/309
f 2748/8017/304 2751/8018/304 2749/8019/304 2746/8020/304
f 2747/8021/305 2748/8022/305 2746/8023/305 2745/8024/305
f 2752/8025/306 2747/8026/306 2745/8027/306 2750/8028/306
f 2751/8029/307 2752/8030/307 2750/8031/307 2749/8032/307
f 2750/8033/308 2745/8034/308 2746/8035/308 2749/8036/308
f 2751/8037/309 2748/8038/309 2747/8039/309 2752/8040/309
f 2756/8041/392 2759/8042/392 2757/8043/392 2754/8044/392
f 2755/8045/305 2756/8046/305 2754/8047/305 2753/8048/305
f 2760/8049/393 2755/8050/393 2753/8051/393 2758/8052/393
f 2759/8053/307 2760/8054/307 2758/8055/307 2757/8056/307
f 2758/8057/394 2753/8058/394 2754/8059/394 2757/8060/394
f 2759/8061/395 2756/8062/395 2755/8063/395 2760/8064/395
f 2764/8065/392 2767/8066/392 2765/8067/392 2762/8068/392
f 2763/8069/305 2764/8070/305 2762/8071/305 2761/8072/305
f 2768/8073/393 2763/8074/393 2761/8075/393 2766/8076/393
f 2767/8077/307 2768/8078/307 2766/8079/307 2765/8080/307
f 2766/8081/394 2761/8082/394 2762/8083/394 2765/8084/394
f 2767/8085/395 2764/8086/395 2763/8087/395 2768/8088/395
f 2772/8089/392 2775/8090/392 2773/8091/392 2770/8092/392
f 2771/8093/305 2772/8094/305 2770/8095/305 2769/8096/305
f 2776/8097/393 2771/8098/393 2769/8099/393 2774/8100/393
f 2775/8101/307 2776/8102/307 2774/8103/307 2773/8104/307
f 2774/8105/394 2769/8106/394 2770/8107/394 2773/8108/394
f 2775/8109/395 2772/8110/395 2771/8111/395 2776/8112/395
f 2780/8113/396 2783/8114/396 2781/8115/396 2778/8116/396
f 2779/8117/305 2780/8118/305 2778/8119/305 2777/8120/305
f 2784/8121/397 2779/8122/397 2777/8123/397 2782/8124/397
f 2783/8125/307 2784/8126/307 2782/8127/307 2781/8128/307
f 2782/8129/398 2777/8130/398 2778/8131/398 2781/8132/398
f 2783/8133/399 2780/8134/399 2779/8135/399 2784/8136/399
f 2788/8137/396 2791/8138/396 2789/8139/396 2786/8140/396
f 2787/8141/305 2788/8142/305 2786/8143/305 2785/8144/305
f 2792/8145/397 2787/8146/397 2785/8147/397 2790/8148/397
f 2791/8149/307 2792/8150/307 2790/8151/307 2789/8152/307
f 2790/8153/398 2785/8154/398 2786/8155/398 2789/8156/398
f 2791/8157/399 2788/8158/399 2787/8159/399 2792/8160/399
f 2796/8161/396 2799/8162/396 2797/8163/396 2794/8164/396
f 2795/8165/305 2796/8166/305 2794/8167/305 2793/8168/305
f 2800/8169/397 2795/8170/397 2793/8171/397 2798/8172/397
f 2799/8173/307 2800/8174/307 2798/8175/307 2797/8176/307
f 2798/8177/398 2793/8178/398 2794/8179/398 2797/8180/398
f 2799/8181/399 2796/8182/399 2795/8183/399 2800/8184/399
f 2804/8185/400 2807/8186/400 2805/8187/400 2802/8188/400
f 2803/8189/305 2804/8190/305 2802/8191/305 2801/8192/305
f 2808/8193/401 2803/8194/401 2801/8195/401 2806/8196/401
f 2807/8197/307 2808/8198/307 2806/8199/307 2805/8200/307
f 2806/8201/402 2801/8202/402 2802/8203/402 2805/8204/402
f 2807/8205/403 2804/8206/403 2803/8207/403 2808/8208/403
f 2812/8209/400 2815/8210/400 2813/8211/400 2810/8212/400
f 2811/8213/305 2812/8214/305 2810/8215/305 2809/8216/305
f 2816/8217/401 2811/8218/401 2809/8219/401 2814/8220/401
f 2815/8221/307 2816/8222/307 2814/8223/307 2813/8224/307
f 2814/8225/402 2809/8226/402 2810/8227/402 2813/8228/402
f 2815/8229/403 2812/8230/403 2811/8231/403 2816/8232/403
f 2820/8233/400 2823/8234/400 2821/8235/400 2818/8236/400
f 2819/8237/305 2820/8238/305 2818/8239/305 2817/8240/305
f 2824/8241/401 2819/8242/401 2817/8243/401 2822/8244/401
f 2823/8245/307 2824/8246/307 2822/8247/307 2821/8248/307
f 2822/8249/402 2817/8250/402 2818/8251/402 2821/8252/402
f 2823/8253/403 2820/8254/403 2819/8255/403 2824/8256/403
f 2828/8257/330 2831/8258/330 2829/8259/330 2826/8260/330
f 2827/8261/305 2828/8262/305 2826/8263/305 2825/8264/305
f 2832/8265/331 2827/8266/331 2825/8267/331 2830/8268/331
f 2831/8269/307 2832/8270/307 2830/8271/307 2829/8272/307
f 2830/8273/332 2825/8274/332 2826/8275/332 2829/8276/332
f 2831/8277/333 2828/8278/333 2827/8279/333 2832/8280/333
f 2836/8281/330 2839/8282/330 2837/8283/330 2834/8284/330
f 2835/8285/305 2836/8286/305 2834/8287/305 2833/8288/305
f 2840/8289/331 2835/8290/331 2833/8291/331 2838/8292/331
f 2839/8293/307 2840/8294/307 2838/8295/307 2837/8296/307
f 2838/8297/332 2833/8298/332 2834/8299/332 2837/8300/332
f 2839/8301/333 2836/8302/333 2835/8303/333 2840/8304/333
f 2844/8305/334 2847/8306/334 2845/8307/334 2842/8308/334
f 2843/8309/305 2844/8310/305 2842/8311/305 2841/8312/305
f 2848/8313/335 2843/8314/335 2841/8315/335 2846/8316/335
f 2847/8317/307 2848/8318/307 2846/8319/307 2845/8320/307
f 2846/8321/336 2841/8322/336 2842/8323/336 2845/8324/336
f 2847/8325/337 2844/8326/337 2843/8327/337 2848/8328/337
f 2852/8329/334 2855/8330/334 2853/8331/334 2850/8332/334
f 2851/8333/305 2852/8334/305 2850/8335/305 2849/8336/305
f 2856/8337/335 2851/8338/335 2849/8339/335 2854/8340/335
f 2855/8341/307 2856/8342/307 2854/8343/307 2853/8344/307
f 2854/8345/336 2849/8346/336 2850/8347/336 2853/8348/336
f 2855/8349/337 2852/8350/337 2851/8351/337 2856/8352/337
f 2860/8353/334 2863/8354/334 2861/8355/334 2858/8356/334
f 2859/8357/305 2860/8358/305 2858/8359/305 2857/8360/305
f 2864/8361/335 2859/8362/335 2857/8363/335 2862/8364/335
f 2863/8365/307 2864/8366/307 2862/8367/307 2861/8368/307
f 2862/8369/336 2857/8370/336 2858/8371/336 2861/8372/336
f 2863/8373/337 2860/8374/337 2859/8375/337 2864/8376/337
f 2868/8377/334 2871/8378/334 2869/8379/334 2866/8380/334
f 2867/8381/305 2868/8382/305 2866/8383/305 2865/8384/305
f 2872/8385/335 2867/8386/335 2865/8387/335 2870/8388/335
f 2871/8389/307 2872/8390/307 2870/8391/307 2869/8392/307
f 2870/8393/336 2865/8394/336 2866/8395/336 2869/8396/336
f 2871/8397/337 2868/8398/337 2867/8399/337 2872/8400/337
f 2876/8401/334 2879/8402/334 2877/8403/334 2874/8404/334
f 2875/8405/305 2876/8406/305 2874/8407/305 2873/8408/305
f 2880/8409/335 2875/8410/335 2873/8411/335 2878/8412/335
f 2879/8413/307 2880/8414/307 2878/8415/307 2877/8416/307
f 2878/8417/336 2873/8418/336 2874/8419/336 2877/8420/336
f 2879/8421/337 2876/8422/337 2875/8423/337 2880/8424/337
f 2884/8425/334 2887/8426/334 2885/8427/334 2882/8428/334
f 2883/8429/305 2884/8430/305 2882/8431/305 2881/8432/305
f 2888/8433/335 2883/8434/335 2881/8435/335 2886/8436/335
f 2887/8437/307 2888/8438/307 2886/8439/307 2885/8440/307
f 2886/8441/336 2881/8442/336 2882/8443/336 2885/8444/336
f 2887/8445/337 2884/8446/337 2883/8447/337 2888/8448/337
f 2892/8449/334 2895/8450/334 2893/8451/334 2890/8452/334
f 2891/8453/305 2892/8454/305 2890/8455/305 2889/8456/305
f 2896/8457/335 2891/8458/335 2889/8459/335 2894/8460/335
f 2895/8461/307 2896/8462/307 2894/8463/307 2893/8464/307
f 2894/8465/336 2889/8466/336 2890/8467/336 2893/8468/336
f 2895/8469/337 2892/8470/337 2891/8471/337 2896/8472/337
f 2900/8473/330 2903/8474/330 2901/8475/330 2898/8476/330
f 2899/8477/305 2900/8478/305 2898/8479/305 2897/8480/305
f 2904/8481/331 2899/8482/331 2897/8483/331 2902/8484/331
f 2903/8485/307 2904/8486/307 2902/8487/307 2901/8488/307
f 2902/8489/332 2897/8490/332 2898/8491/332 2901/8492/332
f 2903/8493/333 2900/8494/333 2899/8495/333 2904/8496/333
f 2908/8497/330 2911/8498/330 2909/8499/330 2906/8500/330
f 2907/8501/305 2908/8502/305 2906/8503/305 2905/8504/305
f 2912/8505/331 2907/8506/331 2905/8507/331 2910/8508/331
f 2911/8509/307 2912/8510/307 2910/8511/307 2909/8512/307
f 2910/8513/332 2905/8514/332 2906/8515/332 2909/8516/332
f 2911/8517/333 2908/8518/333 2907/8519/333 2912/8520/333
f 2916/8521/404 2919/8522/404 2917/8523/404 2914/8524/404
f 2915/8525/305 2916/8526/305 2914/8527/305 2913/8528/305
f 2920/8529/405 2915/8530/405 2913/8531/405 2918/8532/405
f 2919/8533/307 2920/8534/307 2918/8535/307 2917/8536/307
f 2918/8537/406 2913/8538/406 2914/8539/406 2917/8540/406
f 2919/8541/407 2916/8542/407 2915/8543/407 2920/8544/407
f 2924/8545/404 2927/8546/404 2925/8547/404 2922/8548/404
f 2923/8549/305 2924/8550/305 2922/8551/305 2921/8552/305
f 2928/8553/405 2923/8554/405 2921/8555/405 2926/8556/405
f 2927/8557/307 2928/8558/307 2926/8559/307 2925/8560/307
f 2926/8561/406 2921/8562/406 2922/8563/406 2925/8564/406
f 2927/8565/407 2924/8566/407 2923/8567/407 2928/8568/407
f 2932/8569/404 2935/8570/404 2933/8571/404 2930/8572/404
f 2931/8573/305 2932/8574/305 2930/8575/305 2929/8576/305
f 2936/8577/405 2931/8578/405 2929/8579/405 2934/8580/405
f 2935/8581/307 2936/8582/307 2934/8583/307 2933/8584/307
f 2934/8585/406 2929/8586/406 2930/8587/406 2933/8588/406
f 2935/8589/407 2932/8590/407 2931/8591/407 2936/8592/407
f 2940/8593/310 2943/8594/310 2941/8595/310 2938/8596/310
f 2939/8597/305 2940/8598/305 2938/8599/305 2937/8600/305
f 2944/8601/311 2939/8602/311 2937/8603/311 2942/8604/311
f 2943/8605/307 2944/8606/307 2942/8607/307 2941/8608/307
f 2942/8609/312 2937/8610/312 2938/8611/312 2941/8612/312
f 2943/8613/313 2940/8614/313 2939/8615/313 2944/8616/313
f 2948/8617/304 2951/8618/304 2949/8619/304 2946/8620/304
f 2947/8621/305 2948/8622/305 2946/8623/305 2945/8624/305
f 2952/8625/306 2947/8626/306 2945/8627/306 2950/8628/306
f 2951/8629/307 2952/8630/307 2950/8631/307 2949/8632/307
f 2950/8633/308 2945/8634/308 2946/8635/308 2949/8636/308
f 2951/8637/309 2948/8638/309 2947/8639/309 2952/8640/309
f 2956/8641/304 2959/8642/304 2957/8643/304 2954/8644/304
f 2955/8645/305 2956/8646/305 2954/8647/305 2953/8648/305
f 2960/8649/306 2955/8650/306 2953/8651/306 2958/8652/306
f 2959/8653/307 2960/8654/307 2958/8655/307 2957/8656/307
f 2958/8657/308 2953/8658/308 2954/8659/308 2957/8660/308
f 2959/8661/309 2956/8662/309 2955/8663/309 2960/8664/309
f 2964/8665/304 2967/8666/304 2965/8667/304 2962/8668/304
f 2963/8669/305 2964/8670/305 2962/8671/305 2961/8672/305
f 2968/8673/306 2963/8674/306 2961/8675/306 2966/8676/306
f 2967/8677/307 2968/8678/307 2966/8679/307 2965/8680/307
f 2966/8681/308 2961/8682/308 2962/8683/308 2965/8684/308
f 2967/8685/309 2964/8686/309 2963/8687/309 2968/8688/309
f 2972/8689/304 2975/8690/304 2973/8691/304 2970/8692/304
f 2971/8693/305 2972/8694/305 2970/8695/305 2969/8696/305
f 2976/8697/306 2971/8698/306 2969/8699/306 2974/8700/306
f 2975/8701/307 2976/8702/307 2974/8703/307 2973/8704/307
f 2974/8705/308 2969/8706/308 2970/8707/308 2973/8708/308
f 2975/8709/309 2972/8710/309 2971/8711/309 2976/8712/309
f 2980/8713/304 2983/8714/304 2981/8715/304 2978/8716/304
f 2979/8717/305 2980/8718/305 2978/8719/305 2977/8720/305
f 2984/8721/306 2979/8722/306 2977/8723/306 2982/8724/306
f 2983/8725/307 2984/8726/307 2982/8727/307 2981/8728/307
f 2982/8729/308 2977/8730/308 2978/8731/308 2981/8732/308
f 2983/8733/309 2980/8734/309 2979/8735/309 2984/8736/309
f 2988/8737/392 2991/8738/392 2989/8739/392 2986/8740/392
f 2987/8741/305 2988/8742/305 2986/8743/305 2985/8744/305
f 2992/8745/393 2987/8746/393 2985/8747/393 2990/8748/393
f 2991/8749/307 2992/8750/307 2990/8751/307 2989/8752/307
f 2990/8753/394 2985/8754/394 2986/8755/394 2989/8756/394
f 2991/8757/395 2988/8758/395 2987/8759/395 2992/8760/395
f 2996/8761/392 2999/8762/392 2997/8763/392 2994/8764/392
f 2995/8765/305 2996/8766/305 2994/8767/305 2993/8768/305
f 3000/8769/393 2995/8770/393 2993/8771/393 2998/8772/393
f 2999/8773/307 3000/8774/307 2998/8775/307 2997/8776/307
f 2998/8777/394 2993/8778/394 2994/8779/394 2997/8780/394
f 2999/8781/395 2996/8782/395 2995/8783/395 3000/8784/395
f 3004/8785/392 3007/8786/392 3005/8787/392 3002/8788/392
f 3003/8789/305 3004/8790/305 3002/8791/305 3001/8792/305
f 3008/8793/393 3003/8794/393 3001/8795/393 3006/8796/393
f 3007/8797/307 3008/8798/307 3006/8799/307 3005/8800/307
f 3006/8801/394 3001/8802/394 3002/8803/394 3005/8804/394
f 3007/8805/395 3004/8806/395 3003/8807/395 3008/8808/395
f 3012/8809/396 3015/8810/396 3013/8811/396 3010/8812/396
f 3011/8813/305 3012/8814/305 3010/8815/305 3009/8816/305
f 3016/8817/397 3011/8818/397 3009/8819/397 3014/8820/397
f 3015/8821/307 3016/8822/307 3014/8823/307 3013/8824/307
f 3014/8825/398 3009/8826/398 3010/8827/398 3013/8828/398
f 3015/8829/399 3012/8830/399 3011/8831/399 3016/8832/399
f 3020/8833/396 3023/8834/396 3021/8835/396 3018/8836/396
f 3019/8837/305 3020/8838/305 3018/8839/305 3017/8840/305
f 3024/8841/397 3019/8842/397 3017/8843/397 3022/8844/397
f 3023/8845/307 3024/8846/307 3022/8847/307 3021/8848/307
f 3022/8849/398 3017/8850/398 3018/8851/398 3021/8852/398
f 3023/8853/399 3020/8854/399 3019/8855/399 3024/8856/399
f 3028/8857/396 3031/8858/396 3029/8859/396 3026/8860/396
f 3027/8861/305 3028/8862/305 3026/8863/305 3025/8864/305
f 3032/8865/397 3027/8866/397 3025/8867/397 3030/8868/397
f 3031/8869/307 3032/8870/307 3030/8871/307 3029/8872/307
f 3030/8873/398 3025/8874/398 3026/8875/398 3029/8876/398
f 3031/8877/399 3028/8878/399 3027/8879/399 3032/8880/399
f 3036/8881/400 3039/8882/400 3037/8883/400 3034/8884/400
f 3035/8885/305 3036/8886/305 3034/8887/305 3033/8888/305
f 3040/8889/401 3035/8890/401 3033/8891/401 3038/8892/401
f 3039/8893/307 3040/8894/307 3038/8895/307 3037/8896/307
f 3038/8897/402 3033/8898/402 3034/8899/402 3037/8900/402
f 3039/8901/403 3036/8902/403 3035/8903/403 3040/8904/403
f 3044/8905/400 3047/8906/400 3045/8907/400 3042/8908/400
f 3043/8909/305 3044/8910/305 3042/8911/305 3041/8912/305
f 3048/8913/401 3043/8914/401 3041/8915/401 3046/8916/401
f 3047/8917/307 3048/8918/307 3046/8919/307 3045/8920/307
f 3046/8921/402 3041/8922/402 3042/8923/402 3045/8924/402
f 3047/8925/403 3044/8926/403 3043/8927/403 3048/8928/403
f 3052/8929/400 3055/8930/400 3053/8931/400 3050/8932/400
f 3051/8933/305 3052/8934/305 3050/8935/305 3049/8936/305
f 3056/8937/401 3051/8938/401 3049/8939/401 3054/8940/401
f 3055/8941/307 3056/8942/307 3054/8943/307 3053/8944/307
f 3054/8945/402 3049/8946/402 3050/8947/402 3053/8948/402
f 3055/8949/403 3052/8950/403 3051/8951/403 3056/8952/403
f 3060/8953/330 3063/8954/330 3061/8955/330 3058/8956/330
f 3059/8957/305 3060/8958/305 3058/8959/305 3057/8960/305
f 3064/8961/331 3059/8962/331 3057/8963/331 3062/8964/331
f 3063/8965/307 3064/8966/307 3062/8967/307 3061/8968/307
f 3062/8969/332 3057/8970/332 3058/8971/332 3061/8972/332
f 3063/8973/333 3060/8974/333 3059/8975/333 3064/8976/333
f 3068/8977/330 3071/8978/330 3069/8979/330 3066/8980/330
f 3067/8981/305 3068/8982/305 3066/8983/305 3065/8984/305
f 3072/8985/331 3067/8986/331 3065/8987/331 3070/8988/331
f 3071/8989/307 3072/8990/307 3070/8991/307 3069/8992/307
f 3070/8993/332 3065/8994/332 3066/8995/332 3069/8996/332
f 3071/8997/333 3068/8998/333 3067/8999/333 3072/9000/333
f 3076/9001/334 3079/9002/334 3077/9003/334 3074/9004/334
f 3075/9005/305 3076/9006/305 3074/9007/305 3073/9008/305
f 3080/9009/335 3075/9010/335 3073/9011/335 3078/9012/335
f 3079/9013/307 3080/9014/307 3078/9015/307 3077/9016/307
f 3078/9017/336 3073/9018/336 3074/9019/336 3077/9020/336
f 3079/9021/337 3076/9022/337 3075/9023/337 3080/9024/337
f 3084/9025/330 3087/9026/330 3085/9027/330 3082/9028/330
f 3083/9029/305 3084/9030/305 3082/9031/305 3081/9032/305
f 3088/9033/331 3083/9034/331 3081/9035/331 3086/9036/331
f 3087/9037/307 3088/9038/307 3086/9039/307 3085/9040/307
f 3086/9041/332 3081/9042/332 3082/9043/332 3085/9044/332
f 3087/9045/333 3084/9046/333 3083/9047/333 3088/9048/333
f 3092/9049/330 3095/9050/330 3093/9051/330 3090/9052/330
f 3091/9053/305 3092/9054/305 3090/9055/305 3089/9056/305
f 3096/9057/331 3091/9058/331 3089/9059/331 3094/9060/331
f 3095/9061/307 3096/9062/307 3094/9063/307 3093/9064/307
f 3094/9065/332 3089/9066/332 3090/9067/332 3093/9068/332
f 3095/9069/333 3092/9070/333 3091/9071/333 3096/9072/333
f 3100/9073/326 3103/9074/326 3101/9075/326 3098/9076/326
f 3099/9077/305 3100/9078/305 3098/9079/305 3097/9080/305
f 3104/9081/327 3099/9082/327 3097/9083/327 3102/9084/327
f 3103/9085/307 3104/9086/307 3102/9087/307 3101/9088/307
f 3102/9089/328 3097/9090/328 3098/9091/328 3101/9092/328
f 3103/9093/329 3100/9094/329 3099/9095/329 3104/9096/329
f 3108/9097/326 3111/9098/326 3109/9099/326 3106/9100/326
f 3107/9101/305 3108/9102/305 3106/9103/305 3105/9104/305
f 3112/9105/327 3107/9106/327 3105/9107/327 3110/9108/327
f 3111/9109/307 3112/9110/307 3110/9111/307 3109/9112/307
f 3110/9113/328 3105/9114/328 3106/9115/328 3109/9116/328
f 3111/9117/329 3108/9118/329 3107/9119/329 3112/9120/329
f 3116/9121/326 3119/9122/326 3117/9123/326 3114/9124/326
f 3115/9125/305 3116/9126/305 3114/9127/305 3113/9128/305
f 3120/9129/327 3115/9130/327 3113/9131/327 3118/9132/327
f 3119/9133/307 3120/9134/307 3118/9135/307 3117/9136/307
f 3118/9137/328 3113/9138/328 3114/9139/328 3117/9140/328
f 3119/9141/329 3116/9142/329 3115/9143/329 3120/9144/329
f 3124/9145/322 3127/9146/322 3125/9147/322 3122/9148/322
f 3123/9149/305 3124/9150/305 3122/9151/305 3121/9152/305
f 3128/9153/323 3123/9154/323 3121/9155/323 3126/9156/323
f 3127/9157/307 3128/9158/307 3126/9159/307 3125/9160/307
f 3126/9161/324 3121/9162/324 3122/9163/324 3125/9164/324
f 3127/9165/325 3124/9166/325 3123/9167/325 3128/9168/325
f 3132/9169/322 3135/9170/322 3133/9171/322 3130/9172/322
f 3131/9173/305 3132/9174/305 3130/9175/305 3129/9176/305
f 3136/9177/323 3131/9178/323 3129/9179/323 3134/9180/323
f 3135/9181/307 3136/9182/307 3134/9183/307 3133/9184/307
f 3134/9185/324 3129/9186/324 3130/9187/324 3133/9188/324
f 3135/9189/325 3132/9190/325 3131/9191/325 3136/9192/325
f 3140/9193/322 3143/9194/322 3141/9195/322 3138/9196/322
f 3139/9197/305 3140/9198/305 3138/9199/305 3137/9200/305
f 3144/9201/323 3139/9202/323 3137/9203/323 3142/9204/323
f 3143/9205/307 3144/9206/307 3142/9207/307 3141/9208/307
f 3142/9209/324 3137/9210/324 3138/9211/324 3141/9212/324
f 3143/9213/325 3140/9214/325 3139/9215/325 3144/9216/325
f 3148/9217/318 3151/9218/318 3149/9219/318 3146/9220/318
f 3147/9221/305 3148/9222/305 3146/9223/305 3145/9224/305
f 3152/9225/319 3147/9226/319 3145/9227/319 3150/9228/319
f 3151/9229/307 3152/9230/307 3150/9231/307 3149/9232/307
f 3150/9233/320 3145/9234/320 3146/9235/320 3149/9236/320
f 3151/9237/321 3148/9238/321 3147/9239/321 3152/9240/321
f 3156/9241/318 3159/9242/318 3157/9243/318 3154/9244/318
f 3155/9245/305 3156/9246/305 3154/9247/305 3153/9248/305
f 3160/9249/319 3155/9250/319 3153/9251/319 3158/9252/319
f 3159/9253/307 3160/9254/307 3158/9255/307 3157/9256/307
f 3158/9257/320 3153/9258/320 3154/9259/320 3157/9260/320
f 3159/9261/321 3156/9262/321 3155/9263/321 3160/9264/321
f 3164/9265/318 3167/9266/318 3165/9267/318 3162/9268/318
f 3163/9269/305 3164/9270/305 3162/9271/305 3161/9272/305
f 3168/9273/319 3163/9274/319 3161/9275/319 3166/9276/319
f 3167/9277/307 3168/9278/307 3166/9279/307 3165/9280/307
f 3166/9281/320 3161/9282/320 3162/9283/320 3165/9284/320
f 3167/9285/321 3164/9286/321 3163/9287/321 3168/9288/321
f 3172/9289/314 3175/9290/314 3173/9291/314 3170/9292/314
f 3171/9293/305 3172/9294/305 3170/9295/305 3169/9296/305
f 3176/9297/315 3171/9298/315 3169/9299/315 3174/9300/315
f 3175/9301/307 3176/9302/307 3174/9303/307 3173/9304/307
f 3174/9305/316 3169/9306/316 3170/9307/316 3173/9308/316
f 3175/9309/317 3172/9310/317 3171/9311/317 3176/9312/317
f 3180/9313/314 3183/9314/314 3181/9315/314 3178/9316/314
f 3179/9317/305 3180/9318/305 3178/9319/305 3177/9320/305
f 3184/9321/315 3179/9322/315 3177/9323/315 3182/9324/315
f 3183/9325/307 3184/9326/307 3182/9327/307 3181/9328/307
f 3182/9329/316 3177/9330/316 3178/9331/316 3181/9332/316
f 3183/9333/317 3180/9334/317 3179/9335/317 3184/9336/317
f 3188/9337/314 3191/9338/314 3189/9339/314 3186/9340/314
f 3187/9341/305 3188/9342/305 3186/9343/305 3185/9344/305
f 3192/9345/315 3187/9346/315 3185/9347/315 3190/9348/315
f 3191/9349/307 3192/9350/307 3190/9351/307 3189/9352/307
f 3190/9353/316 3185/9354/316 3186/9355/316 3189/9356/316
f 3191/9357/317 3188/9358/317 3187/9359/317 3192/9360/317
f 3196/9361/310 3199/9362/310 3197/9363/310 3194/9364/310
f 3195/9365/305 3196/9366/305 3194/9367/305 3193/9368/305
f 3200/9369/311 3195/9370/311 3193/9371/311 3198/9372/311
f 3199/9373/307 3200/9374/307 3198/9375/307 3197/9376/307
f 3198/9377/312 3193/9378/312 3194/9379/312 3197/9380/312
f 3199/9381/313 3196/9382/313 3195/9383/313 3200/9384/313
f 3204/9385/310 3207/9386/310 3205/9387/310 3202/9388/310
f 3203/9389/305 3204/9390/305 3202/9391/305 3201/9392/305
f 3208/9393/311 3203/9394/311 3201/9395/311 3206/9396/311
f 3207/9397/307 3208/9398/307 3206/9399/307 3205/9400/307
f 3206/9401/312 3201/9402/312 3202/9403/312 3205/9404/312
f 3207/9405/313 3204/9406/313 3203/9407/313 3208/9408/313
f 3212/9409/310 3215/9410/310 3213/9411/310 3210/9412/310
f 3211/9413/305 3212/9414/305 3210/9415/305 3209/9416/305
f 3216/9417/311 3211/9418/311 3209/9419/311 3214/9420/311
f 3215/9421/307 3216/9422/307 3214/9423/307 3213/9424/307
f 3214/9425/312 3209/9426/312 3210/9427/312 3213/9428/312
f 3215/9429/313 3212/9430/313 3211/9431/313 3216/9432/313
f 3220/9433/404 3223/9434/404 3221/9435/404 3218/9436/404
f 3219/9437/305 3220/9438/305 3218/9439/305 3217/9440/305
f 3224/9441/405 3219/9442/405 3217/9443/405 3222/9444/405
f 3223/9445/307 3224/9446/307 3222/9447/307 3221/9448/307
f 3222/9449/406 3217/9450/406 3218/9451/406 3221/9452/406
f 3223/9453/407 3220/9454/407 3219/9455/407 3224/9456/407
f 3228/9457/404 3231/9458/404 3229/9459/404 3226/9460/404
f 3227/9461/305 3228/9462/305 3226/9463/305 3225/9464/305
f 3232/9465/405 3227/9466/405 3225/9467/405 3230/9468/405
f 3231/9469/307 3232/9470/307 3230/9471/307 3229/9472/307
f 3230/9473/406 3225/9474/406 3226/9475/406 3229/9476/406
f 3231/9477/407 3228/9478/407 3227/9479/407 3232/9480/407
f 3236/9481/404 3239/9482/404 3237/9483/404 3234/9484/404
f 3235/9485/305 3236/9486/305 3234/9487/305 3233/9488/305
f 3240/9489/405 3235/9490/405 3233/9491/405 3238/9492/405
f 3239/9493/307 3240/9494/307 3238/9495/307 3237/9496/307
f 3238/9497/406 3233/9498/406 3234/9499/406 3237/9500/406
f 3239/9501/407 3236/9502/407 3235/9503/407 3240/9504/407
f 3244/9505/334 3247/9506/334 3245/9507/334 3242/9508/334
f 3243/9509/305 3244/9510/305 3242/9511/305 3241/9512/305
f 3248/9513/335 3243/9514/335 3241/9515/335 3246/9516/335
f 3247/9517/307 3248/9518/307 3246/9519/307 3245/9520/307
f 3246/9521/336 3241/9522/336 3242/9523/336 3245/9524/336
f 3247/9525/337 3244/9526/337 3243/9527/337 3248/9528/337
f 3252/9529/334 3255/9530/334 3253/9531/334 3250/9532/334
f 3251/9533/305 3252/9534/305 3250/9535/305 3249/9536/305
f 3256/9537/335 3251/9538/335 3249/9539/335 3254/9540/335
f 3255/9541/307 3256/9542/307 3254/9543/307 3253/9544/307
f 3254/9545/336 3249/9546/336 3250/9547/336 3253/9548/336
f 3255/9549/337 3252/9550/337 3251/9551/337 3256/9552/337
f 3260/9553/334 3263/9554/334 3261/9555/334 3258/9556/334
f 3259/9557/305 3260/9558/305 3258/9559/305 3257/9560/305
f 3264/9561/335 3259/9562/335 3257/9563/335 3262/9564/335
f 3263/9565/307 3264/9566/307 3262/9567/307 3261/9568/307
f 3262/9569/336 3257/9570/336 3258/9571/336 3261/9572/336
f 3263/9573/337 3260/9574/337 3259/9575/337 3264/9576/337
f 3268/9577/334 3271/9578/334 3269/9579/334 3266/9580/334
f 3267/9581/305 3268/9582/305 3266/9583/305 3265/9584/305
f 3272/9585/335 3267/9586/335 3265/9587/335 3270/9588/335
f 3271/9589/307 3272/9590/307 3270/9591/307 3269/9592/307
f 3270/9593/336 3265/9594/336 3266/9595/336 3269/9596/336
f 3271/9597/337 3268/9598/337 3267/9599/337 3272/9600/337
f 3276/9601/334 3279/9602/334 3277/9603/334 3274/9604/334
f 3275/9605/305 3276/9606/305 3274/9607/305 3273/9608/305
f 3280/9609/335 3275/9610/335 3273/9611/335 3278/9612/335
f 3279/9613/307 3280/9614/307 3278/9615/307 3277/9616/307
f 3278/9617/336 3273/9618/336 3274/9619/336 3277/9620/336
f 3279/9621/337 3276/9622/337 3275/9623/337 3280/9624/337
f 3284/9625/334 3287/9626/334 3285/9627/334 3282/9628/334
f 3283/9629/305 3284/9630/305 3282/9631/305 3281/9632/305
f 3288/9633/335 3283/9634/335 3281/9635/335 3286/9636/335
f 3287/9637/307 3288/9638/307 3286/9639/307 3285/9640/307
f 3286/9641/336 3281/9642/336 3282/9643/336 3285/9644/336
f 3287/9645/337 3284/9646/337 3283/9647/337 3288/9648/337
f 3292/9649/334 3295/9650/334 3293/9651/334 3290/9652/334
f 3291/9653/305 3292/9654/305 3290/9655/305 3289/9656/305
f 3296/9657/335 3291/9658/335 3289/9659/335 3294/9660/335
f 3295/9661/307 3296/9662/307 3294/9663/307 3293/9664/307
f 3294/9665/336 3289/9666/336 3290/9667/336 3293/9668/336
f 3295/9669/337 3292/9670/337 3291/9671/337 3296/9672/337
f 3300/9673/334 3303/9674/334 3301/9675/334 3298/9676/334
f 3299/9677/305 3300/9678/305 3298/9679/305 3297/9680/305
f 3304/9681/335 3299/9682/335 3297/9683/335 3302/9684/335
f 3303/9685/307 3304/9686/307 3302/9687/307 3301/9688/307
f 3302/9689/336 3297/9690/336 3298/9691/336 3301/9692/336
f 3303/9693/337 3300/9694/337 3299/9695/337 3304/9696/337
f 3308/9697/334 3311/9698/334 3309/9699/334 3306/9700/334
f 3307/9701/305 3308/9702/305 3306/9703/305 3305/9704/305
f 3312/9705/335 3307/9706/335 3305/9707/335 3310/9708/335
f 3311/9709/307 3312/9710/307 3310/9711/307 3309/9712/307
f 3310/9713/336 3305/9714/336 3306/9715/336 3309/9716/336
f 3311/9717/337 3308/9718/337 3307/9719/337 3312/9720/337
f 3316/9721/334 3319/9722/334 3317/9723/334 3314/9724/334
f 3315/9725/305 3316/9726/305 3314/9727/305 3313/9728/305
f 3320/9729/335 3315/9730/335 3313/9731/335 3318/9732/335
f 3319/9733/307 3320/9734/307 3318/9735/307 3317/9736/307
f 3318/9737/336 3313/9738/336 3314/9739/336 3317/9740/336
f 3319/9741/337 3316/9742/337 3315/9743/337 3320/9744/337
f 3324/9745/334 3327/9746/334 3325/9747/334 3322/9748/334
f 3323/9749/305 3324/9750/305 3322/9751/305 3321/9752/305
f 3328/9753/335 3323/9754/335 3321/9755/335 3326/9756/335
f 3327/9757/307 3328/9758/307 3326/9759/307 3325/9760/307
f 3326/9761/336 3321/9762/336 3322/9763/336 3325/9764/336
f 3327/9765/337 3324/9766/337 3323/9767/337 3328/9768/337
f 3332/9769/334 3335/9770/334 3333/9771/334 3330/9772/334
f 3331/9773/305 3332/9774/305 3330/9775/305 3329/9776/305
f 3336/9777/335 3331/9778/335 3329/9779/335 3334/9780/335
f 3335/9781/307 3336/9782/307 3334/9783/307 3333/9784/307
f 3334/9785/336 3329/9786/336 3330/9787/336 3333/9788/336
f 3335/9789/337 3332/9790/337 3331/9791/337 3336/9792/337
f 3340/9793/338 3343/9794/338 3341/9795/338 3338/9796/338
f 3339/9797/305 3340/9798/305 3338/9799/305 3337/9800/305
f 3344/9801/339 3339/9802/339 3337/9803/339 3342/9804/339
f 3343/9805/307 3344/9806/307 3342/9807/307 3341/9808/307
f 3342/9809/340 3337/9810/340 3338/9811/340 3341/9812/340
f 3343/9813/341 3340/9814/341 3339/9815/341 3344/9816/341
f 3348/9817/338 3351/9818/338 3349/9819/338 3346/9820/338
f 3347/9821/305 3348/9822/305 3346/9823/305 3345/9824/305
f 3352/9825/339 3347/9826/339 3345/9827/339 3350/9828/339
f 3351/9829/307 3352/9830/307 3350/9831/307 3349/9832/307
f 3350/9833/340 3345/9834/340 3346/9835/340 3349/9836/340
f 3351/9837/341 3348/9838/341 3347/9839/341 3352/9840/341
f 3356/9841/338 3359/9842/338 3357/9843/338 3354/9844/338
f 3355/9845/305 3356/9846/305 3354/9847/305 3353/9848/305
f 3360/9849/339 3355/9850/339 3353/9851/339 3358/9852/339
f 3359/9853/307 3360/9854/307 3358/9855/307 3357/9856/307
f 3358/9857/340 3353/9858/340 3354/9859/340 3357/9860/340
f 3359/9861/341 3356/9862/341 3355/9863/341 3360/9864/341
f 3364/9865/342 3367/9866/342 3365/9867/342 3362/9868/342
f 3363/9869/305 3364/9870/305 3362/9871/305 3361/9872/305
f 3368/9873/343 3363/9874/343 3361/9875/343 3366/9876/343
f 3367/9877/307 3368/9878/307 3366/9879/307 3365/9880/307
f 3366/9881/344 3361/9882/344 3362/9883/344 3365/9884/344
f 3367/9885/345 3364/9886/345 3363/9887/345 3368/9888/345
f 3372/9889/342 3375/9890/342 3373/9891/342 3370/9892/342
f 3371/9893/305 3372/9894/305 3370/9895/305 3369/9896/305
f 3376/9897/343 3371/9898/343 3369/9899/343 3374/9900/343
f 3375/9901/307 3376/9902/307 3374/9903/307 3373/9904/307
f 3374/9905/344 3369/9906/344 3370/9907/344 3373/9908/344
f 3375/9909/345 3372/9910/345 3371/9911/345 3376/9912/345
f 3380/9913/342 3383/9914/342 3381/9915/342 3378/9916/342
f 3379/9917/305 3380/9918/305 3378/9919/305 3377/9920/305
f 3384/9921/343 3379/9922/343 3377/9923/343 3382/9924/343
f 3383/9925/307 3384/9926/307 3382/9927/307 3381/9928/307
f 3382/9929/344 3377/9930/344 3378/9931/344 3381/9932/344
f 3383/9933/345 3380/9934/345 3379/9935/345 3384/9936/345
f 3388/9937/346 3391/9938/346 3389/9939/346 3386/9940/346
f 3387/9941/305 3388/9942/305 3386/9943/305 3385/9944/305
f 3392/9945/347 3387/9946/347 3385/9947/347 3390/9948/347
f 3391/9949/307 3392/9950/307 3390/9951/307 3389/9952/307
f 3390/9953/348 3385/9954/348 3386/9955/348 3389/9956/348
f 3391/9957/349 3388/9958/349 3387/9959/349 3392/9960/349
f 3396/9961/346 3399/9962/346 3397/9963/346 3394/9964/346
f 3395/9965/305 3396/9966/305 3394/9967/305 3393/9968/305
f 3400/9969/347 3395/9970/347 3393/9971/347 3398/9972/347
f 3399/9973/307 3400/9974/307 3398/9975/307 3397/9976/307
f 3398/9977/348 3393/9978/348 3394/9979/348 3397/9980/348
f 3399/9981/349 3396/9982/349 3395/9983/349 3400/9984/349
f 3404/9985/346 3407/9986/346 3405/9987/346 3402/9988/346
f 3403/9989/305 3404/9990/305 3402/9991/305 3401/9992/305
f 3408/9993/347 3403/9994/347 3401/9995/347 3406/9996/347
f 3407/9997/307 3408/9998/307 3406/9999/307 3405/10000/307
f 3406/10001/348 3401/10002/348 3402/10003/348 3405/10004/348
f 3407/10005/349 3404/10006/349 3403/10007/349 3408/10008/349
f 3412/10009/350 3415/10010/350 3413/10011/350 3410/10012/350
f 3411/10013/305 3412/10014/305 3410/10015/305 3409/10016/305
f 3416/10017/351 3411/10018/351 3409/10019/351 3414/10020/351
f 3415/10021/307 3416/10022/307 3414/10023/307 3413/10024/307
f 3414/10025/352 3409/10026/352 3410/10027/352 3413/10028/352
f 3415/10029/353 3412/10030/353 3411/10031/353 3416/10032/353
f 3420/10033/354 3423/10034/354 3421/10035/354 3418/10036/354
f 3419/10037/305 3420/10038/305 3418/10039/305 3417/10040/305
f 3424/10041/351 3419/10042/351 3417/10043/351 3422/10044/351
f 3423/10045/307 3424/10046/307 3422/10047/307 3421/10048/307
f 3422/10049/352 3417/10050/352 3418/10051/352 3421/10052/352
f 3423/10053/355 3420/10054/355 3419/10055/355 3424/10056/355
f 3428/10057/354 3431/10058/354 3429/10059/354 3426/10060/354
f 3427/10061/305 3428/10062/305 3426/10063/305 3425/10064/305
f 3432/10065/356 3427/10066/356 3425/10067/356 3430/10068/356
f 3431/10069/307 3432/10070/307 3430/10071/307 3429/10072/307
f 3430/10073/352 3425/10074/352 3426/10075/352 3429/10076/352
f 3431/10077/353 3428/10078/353 3427/10079/353 3432/10080/353
f 3436/10081/357 3439/10082/357 3437/10083/357 3434/10084/357
f 3435/10085/305 3436/10086/305 3434/10087/305 3433/10088/305
f 3440/10089/358 3435/10090/358 3433/10091/358 3438/10092/358
f 3439/10093/307 3440/10094/307 3438/10095/307 3437/10096/307
f 3438/10097/359 3433/10098/359 3434/10099/359 3437/10100/359
f 3439/10101/360 3436/10102/360 3435/10103/360 3440/10104/360
f 3444/10105/357 3447/10106/357 3445/10107/357 3442/10108/357
f 3443/10109/305 3444/10110/305 3442/10111/305 3441/10112/305
f 3448/10113/358 3443/10114/358 3441/10115/358 3446/10116/358
f 3447/10117/307 3448/10118/307 3446/10119/307 3445/10120/307
f 3446/10121/359 3441/10122/359 3442/10123/359 3445/10124/359
f 3447/10125/360 3444/10126/360 3443/10127/360 3448/10128/360
f 3452/10129/357 3455/10130/357 3453/10131/357 3450/10132/357
f 3451/10133/305 3452/10134/305 3450/10135/305 3449/10136/305
f 3456/10137/358 3451/10138/358 3449/10139/358 3454/10140/358
f 3455/10141/307 3456/10142/307 3454/10143/307 3453/10144/307
f 3454/10145/359 3449/10146/359 3450/10147/359 3453/10148/359
f 3455/10149/360 3452/10150/360 3451/10151/360 3456/10152/360
f 3460/10153/361 3463/10154/361 3461/10155/361 3458/10156/361
f 3459/10157/305 3460/10158/305 3458/10159/305 3457/10160/305
f 3464/10161/362 3459/10162/362 3457/10163/362 3462/10164/362
f 3463/10165/307 3464/10166/307 3462/10167/307 3461/10168/307
f 3462/10169/363 3457/10170/363 3458/10171/363 3461/10172/363
f 3463/10173/364 3460/10174/364 3459/10175/364 3464/10176/364
f 3468/10177/365 3471/10178/365 3469/10179/365 3466/10180/365
f 3467/10181/305 3468/10182/305 3466/10183/305 3465/10184/305
f 3472/10185/366 3467/10186/366 3465/10187/366 3470/10188/366
f 3471/10189/307 3472/10190/307 3470/10191/307 3469/10192/307
f 3470/10193/363 3465/10194/363 3466/10195/363 3469/10196/363
f 3471/10197/364 3468/10198/364 3467/10199/364 3472/10200/364
f 3476/10201/365 3479/10202/365 3477/10203/365 3474/10204/365
f 3475/10205/305 3476/10206/305 3474/10207/305 3473/10208/305
f 3480/10209/362 3475/10210/362 3473/10211/362 3478/10212/362
f 3479/10213/307 3480/10214/307 3478/10215/307 3477/10216/307
f 3478/10217/363 3473/10218/363 3474/10219/363 3477/10220/363
f 3479/10221/364 3476/10222/364 3475/10223/364 3480/10224/364
f 3484/10225/367 3487/10226/367 3485/10227/367 3482/10228/367
f 3483/10229/305 3484/10230/305 3482/10231/305 3481/10232/305
f 3488/10233/368 3483/10234/368 3481/10235/368 3486/10236/368
f 3487/10237/307 3488/10238/307 3486/10239/307 3485/10240/307
f 3486/10241/369 3481/10242/369 3482/10243/369 3485/10244/369
f 3487/10245/370 3484/10246/370 3483/10247/370 3488/10248/370
f 3492/10249/367 3495/10250/367 3493/10251/367 3490/10252/367
f 3491/10253/305 3492/10254/305 3490/10255/305 3489/10256/305
f 3496/10257/368 3491/10258/368 3489/10259/368 3494/10260/368
f 3495/10261/307 3496/10262/307 3494/10263/307 3493/10264/307
f 3494/10265/369 3489/10266/369 3490/10267/369 3493/10268/369
f 3495/10269/370 3492/10270/370 3491/10271/370 3496/10272/370
f 3500/10273/367 3503/10274/367 3501/10275/367 3498/10276/367
f 3499/10277/305 3500/10278/305 3498/10279/305 3497/10280/305
f 3504/10281/368 3499/10282/368 3497/10283/368 3502/10284/368
f 3503/10285/307 3504/10286/307 3502/10287/307 3501/10288/307
f 3502/10289/369 3497/10290/369 3498/10291/369 3501/10292/369
f 3503/10293/370 3500/10294/370 3499/10295/370 3504/10296/370
f 3508/10297/371 3511/10298/371 3509/10299/371 3506/10300/371
f 3507/10301/305 3508/10302/305 3506/10303/305 3505/10304/305
f 3512/10305/372 3507/10306/372 3505/10307/372 3510/10308/372
f 3511/10309/307 3512/10310/307 3510/10311/307 3509/10312/307
f 3510/10313/373 3505/10314/373 3506/10315/373 3509/10316/373
f 3511/10317/374 3508/10318/374 3507/10319/374 3512/10320/374
f 3516/10321/371 3519/10322/371 3517/10323/371 3514/10324/371
f 3515/10325/305 3516/10326/305 3514/10327/305 3513/10328/305
f 3520/10329/372 3515/10330/372 3513/10331/372 3518/10332/372
f 3519/10333/307 3520/10334/307 3518/10335/307 3517/10336/307
f 3518/10337/373 3513/10338/373 3514/10339/373 3517/10340/373
f 3519/10341/374 3516/10342/374 3515/10343/374 3520/10344/374
f 3524/10345/371 3527/10346/371 3525/10347/371 3522/10348/371
f 3523/10349/305 3524/10350/305 3522/10351/305 3521/10352/305
f 3528/10353/372 3523/10354/372 3521/10355/372 3526/10356/372
f 3527/10357/307 3528/10358/307 3526/10359/307 3525/10360/307
f 3526/10361/373 3521/10362/373 3522/10363/373 3525/10364/373
f 3527/10365/374 3524/10366/374 3523/10367/374 3528/10368/374
f 3532/10369/375 3535/10370/375 3533/10371/375 3530/10372/375
f 3531/10373/305 3532/10374/305 3530/10375/305 3529/10376/305
f 3536/10377/376 3531/10378/376 3529/10379/376 3534/10380/376
f 3535/10381/307 3536/10382/307 3534/10383/307 3533/10384/307
f 3534/10385/377 3529/10386/377 3530/10387/377 3533/10388/377
f 3535/10389/378 3532/10390/378 3531/10391/378 3536/10392/378
f 3540/10393/375 3543/10394/375 3541/10395/375 3538/10396/375
f 3539/10397/305 3540/10398/305 3538/10399/305 3537/10400/305
f 3544/10401/376 3539/10402/376 3537/10403/376 3542/10404/376
f 3543/10405/307 3544/10406/307 3542/10407/307 3541/10408/307
f 3542/10409/377 3537/10410/377 3538/10411/377 3541/10412/377
f 3543/10413/378 3540/10414/378 3539/10415/378 3544/10416/378
f 3548/10417/375 3551/10418/375 3549/10419/375 3546/10420/375
f 3547/10421/305 3548/10422/305 3546/10423/305 3545/10424/305
f 3552/10425/376 3547/10426/376 3545/10427/376 3550/10428/376
f 3551/10429/307 3552/10430/307 3550/10431/307 3549/10432/307
f 3550/10433/377 3545/10434/377 3546/10435/377 3549/10436/377
f 3551/10437/378 3548/10438/378 3547/10439/378 3552/10440/378
f 3556/10441/379 3559/10442/379 3557/10443/379 3554/10444/379
f 3555/10445/305 3556/10446/305 3554/10447/305 3553/10448/305
f 3560/10449/380 3555/10450/380 3553/10451/380 3558/10452/380
f 3559/10453/307 3560/10454/307 3558/10455/307 3557/10456/307
f 3558/10457/381 3553/10458/381 3554/10459/381 3557/10460/381
f 3559/10461/382 3556/10462/382 3555/10463/382 3560/10464/382
f 3564/10465/379 3567/10466/379 3565/10467/379 3562/10468/379
f 3563/10469/305 3564/10470/305 3562/10471/305 3561/10472/305
f 3568/10473/380 3563/10474/380 3561/10475/380 3566/10476/380
f 3567/10477/307 3568/10478/307 3566/10479/307 3565/10480/307
f 3566/10481/381 3561/10482/381 3562/10483/381 3565/10484/381
f 3567/10485/382 3564/10486/382 3563/10487/382 3568/10488/382
f 3572/10489/379 3575/10490/379 3573/10491/379 3570/10492/379
f 3571/10493/305 3572/10494/305 3570/10495/305 3569/10496/305
f 3576/10497/380 3571/10498/380 3569/10499/380 3574/10500/380
f 3575/10501/307 3576/10502/307 3574/10503/307 3573/10504/307
f 3574/10505/381 3569/10506/381 3570/10507/381 3573/10508/381
f 3575/10509/382 3572/10510/382 3571/10511/382 3576/10512/382
f 3580/10513/379 3583/10514/379 3581/10515/379 3578/10516/379
f 3579/10517/305 3580/10518/305 3578/10519/305 3577/10520/305
f 3584/10521/380 3579/10522/380 3577/10523/380 3582/10524/380
f 3583/10525/307 3584/10526/307 3582/10527/307 3581/10528/307
f 3582/10529/381 3577/10530/381 3578/10531/381 3581/10532/381
f 3583/10533/382 3580/10534/382 3579/10535/382 3584/10536/382
f 3588/10537/379 3591/10538/379 3589/10539/379 3586/10540/379
f 3587/10541/305 3588/10542/305 3586/10543/305 3585/10544/305
f 3592/10545/380 3587/10546/380 3585/10547/380 3590/10548/380
f 3591/10549/307 3592/10550/307 3590/10551/307 3589/10552/307
f 3590/10553/381 3585/10554/381 3586/10555/381 3589/10556/381
f 3591/10557/382 3588/10558/382 3587/10559/382 3592/10560/382
f 3596/10561/379 3599/10562/379 3597/10563/379 3594/10564/379
f 3595/10565/305 3596/10566/305 3594/10567/305 3593/10568/305
f 3600/10569/380 3595/10570/380 3593/10571/380 3598/10572/380
f 3599/10573/307 3600/10574/307 3598/10575/307 3597/10576/307
f 3598/10577/381 3593/10578/381 3594/10579/381 3597/10580/381
f 3599/10581/382 3596/10582/382 3595/10583/382 3600/10584/382
f 3604/10585/383 3607/10586/383 3605/10587/383 3602/10588/383
f 3603/10589/305 3604/10590/305 3602/10591/305 3601/10592/305
f 3608/10593/384 3603/10594/384 3601/10595/384 3606/10596/384
f 3607/10597/307 3608/10598/307 3606/10599/307 3605/10600/307
f 3606/10601/385 3601/10602/385 3602/10603/385 3605/10604/385
f 3607/10605/386 3604/10606/386 3603/10607/386 3608/10608/386
f 3612/10609/383 3615/10610/383 3613/10611/383 3610/10612/383
f 3611/10613/305 3612/10614/305 3610/10615/305 3609/10616/305
f 3616/10617/384 3611/10618/384 3609/10619/384 3614/10620/384
f 3615/10621/307 3616/10622/307 3614/10623/307 3613/10624/307
f 3614/10625/385 3609/10626/385 3610/10627/385 3613/10628/385
f 3615/10629/386 3612/10630/386 3611/10631/386 3616/10632/386
f 3620/10633/387 3623/10634/387 3621/10635/387 3618/10636/387
f 3619/10637/305 3620/10638/305 3618/10639/305 3617/10640/305
f 3624/10641/384 3619/10642/384 3617/10643/384 3622/10644/384
f 3623/10645/307 3624/10646/307 3622/10647/307 3621/10648/307
f 3622/10649/385 3617/10650/385 3618/10651/385 3621/10652/385
f 3623/10653/386 3620/10654/386 3619/10655/386 3624/10656/386
f 3628/10657/383 3631/10658/383 3629/10659/383 3626/10660/383
f 3627/10661/305 3628/10662/305 3626/10663/305 3625/10664/305
f 3632/10665/384 3627/10666/384 3625/10667/384 3630/10668/384
f 3631/10669/307 3632/10670/307 3630/10671/307 3629/10672/307
f 3630/10673/385 3625/10674/385 3626/10675/385 3629/10676/385
f 3631/10677/386 3628/10678/386 3627/10679/386 3632/10680/386
f 3636/10681/383 3639/10682/383 3637/10683/383 3634/10684/383
f 3635/10685/305 3636/10686/305 3634/10687/305 3633/10688/305
f 3640/10689/384 3635/10690/384 3633/10691/384 3638/10692/384
f 3639/10693/307 3640/10694/307 3638/10695/307 3637/10696/307
f 3638/10697/385 3633/10698/385 3634/10699/385 3637/10700/385
f 3639/10701/386 3636/10702/386 3635/10703/386 3640/10704/386
f 3644/10705/383 3647/10706/383 3645/10707/383 3642/10708/383
f 3643/10709/305 3644/10710/305 3642/10711/305 3641/10712/305
f 3648/10713/384 3643/10714/384 3641/10715/384 3646/10716/384
f 3647/10717/307 3648/10718/307 3646/10719/307 3645/10720/307
f 3646/10721/385 3641/10722/385 3642/10723/385 3645/10724/385
f 3647/10725/386 3644/10726/386 3643/10727/386 3648/10728/386
f 3652/10729/388 3655/10730/388 3653/10731/388 3650/10732/388
f 3651/10733/305 3652/10734/305 3650/10735/305 3649/10736/305
f 3656/10737/389 3651/10738/389 3649/10739/389 3654/10740/389
f 3655/10741/307 3656/10742/307 3654/10743/307 3653/10744/307
f 3654/10745/390 3649/10746/390 3650/10747/390 3653/10748/390
f 3655/10749/391 3652/10750/391 3651/10751/391 3656/10752/391
f 3660/10753/388 3663/10754/388 3661/10755/388 3658/10756/388
f 3659/10757/305 3660/10758/305 3658/10759/305 3657/10760/305
f 3664/10761/389 3659/10762/389 3657/10763/389 3662/10764/389
f 3663/10765/307 3664/10766/307 3662/10767/307 3661/10768/307
f 3662/10769/390 3657/10770/390 3658/10771/390 3661/10772/390
f 3663/10773/391 3660/10774/391 3659/10775/391 3664/10776/391
f 3668/10777/388 3671/10778/388 3669/10779/388 3666/10780/388
f 3667/10781/305 3668/10782/305 3666/10783/305 3665/10784/305
f 3672/10785/389 3667/10786/389 3665/10787/389 3670/10788/389
f 3671/10789/307 3672/10790/307 3670/10791/307 3669/10792/307
f 3670/10793/390 3665/10794/390 3666/10795/390 3669/10796/390
f 3671/10797/391 3668/10798/391 3667/10799/391 3672/10800/391
f 3676/10801/343 3679/10802/343 3677/10803/343 3674/10804/343
f 3675/10805/305 3676/10806/305 3674/10807/305 3673/10808/305
f 3680/10809/342 3675/10810/342 3673/10811/342 3678/10812/342
f 3679/10813/307 3680/10814/307 3678/10815/307 3677/10816/307
f 3678/10817/345 3673/10818/345 3674/10819/345 3677/10820/345
f 3679/10821/344 3676/10822/344 3675/10823/344 3680/10824/344
f 3684/10825/343 3687/10826/343 3685/10827/343 3682/10828/343
f 3683/10829/305 3684/10830/305 3682/10831/305 3681/10832/305
f 3688/10833/342 3683/10834/342 3681/10835/342 3686/10836/342
f 3687/10837/307 3688/10838/307 3686/10839/307 3685/10840/307
f 3686/10841/345 3681/10842/345 3682/10843/345 3685/10844/345
f 3687/10845/344 3684/10846/344 3683/10847/344 3688/10848/344
f 3692/10849/343 3695/10850/343 3693/10851/343 3690/10852/343
f 3691/10853/305 3692/10854/305 3690/10855/305 3689/10856/305
f 3696/10857/342 3691/10858/342 3689/10859/342 3694/10860/342
f 3695/10861/307 3696/10862/307 3694/10863/307 3693/10864/307
f 3694/10865/345 3689/10866/345 3690/10867/345 3693/10868/345
f 3695/10869/344 3692/10870/344 3691/10871/344 3696/10872/344
f 3700/10873/339 3703/10874/339 3701/10875/339 3698/10876/339
f 3699/10877/305 3700/10878/305 3698/10879/305 3697/10880/305
f 3704/10881/338 3699/10882/338 3697/10883/338 3702/10884/338
f 3703/10885/307 3704/10886/307 3702/10887/307 3701/10888/307
f 3702/10889/341 3697/10890/341 3698/10891/341 3701/10892/341
f 3703/10893/340 3700/10894/340 3699/10895/340 3704/10896/340
f 3708/10897/339 3711/10898/339 3709/10899/339 3706/10900/339
f 3707/10901/305 3708/10902/305 3706/10903/305 3705/10904/305
f 3712/10905/338 3707/10906/338 3705/10907/338 3710/10908/338
f 3711/10909/307 3712/10910/307 3710/10911/307 3709/10912/307
f 3710/10913/341 3705/10914/341 3706/10915/341 3709/10916/341
f 3711/10917/340 3708/10918/340 3707/10919/340 3712/10920/340
f 3716/10921/339 3719/10922/339 3717/10923/339 3714/10924/339
f 3715/10925/305 3716/10926/305 3714/10927/305 3713/10928/305
f 3720/10929/338 3715/10930/338 3713/10931/338 3718/10932/338
f 3719/10933/307 3720/10934/307 3718/10935/307 3717/10936/307
f 3718/10937/341 3713/10938/341 3714/10939/341 3717/10940/341
f 3719/10941/340 3716/10942/340 3715/10943/340 3720/10944/340
f 3724/10945/339 3727/10946/339 3725/10947/339 3722/10948/339
f 3723/10949/305 3724/10950/305 3722/10951/305 3721/10952/305
f 3728/10953/338 3723/10954/338 3721/10955/338 3726/10956/338
f 3727/10957/307 3728/10958/307 3726/10959/307 3725/10960/307
f 3726/10961/341 3721/10962/341 3722/10963/341 3725/10964/341
f 3727/10965/340 3724/10966/340 3723/10967/340 3728/10968/340
f 3732/10969/339 3735/10970/339 3733/10971/339 3730/10972/339
f 3731/10973/305 3732/10974/305 3730/10975/305 3729/10976/305
f 3736/10977/338 3731/10978/338 3729/10979/338 3734/10980/338
f 3735/10981/307 3736/10982/307 3734/10983/307 3733/10984/307
f 3734/10985/341 3729/10986/341 3730/10987/341 3733/10988/341
f 3735/10989/340 3732/10990/340 3731/10991/340 3736/10992/340
f 3740/10993/339 3743/10994/339 3741/10995/339 3738/10996/339
f 3739/10997/305 3740/10998/305 3738/10999/305 3737/11000/305
f 3744/11001/338 3739/11002/338 3737/11003/338 3742/11004/338
f 3743/11005/307 3744/11006/307 3742/11007/307 3741/11008/307
f 3742/11009/341 3737/11010/341 3738/11011/341 3741/11012/341
f 3743/11013/340 3740/11014/340 3739/11015/340 3744/11016/340
f 3748/11017/338 3751/11018/338 3749/11019/338 3746/11020/338
f 3747/11021/305 3748/11022/305 3746/11023/305 3745/11024/305
f 3752/11025/339 3747/11026/339 3745/11027/339 3750/11028/339
f 3751/11029/307 3752/11030/307 3750/11031/307 3749/11032/307
f 3750/11033/340 3745/11034/340 3746/11035/340 3749/11036/340
f 3751/11037/341 3748/11038/341 3747/11039/341 3752/11040/341
o w9
v 1.623224 1.183507 3.606449
v 1.623224 0.686720 3.606449
v 1.623224 1.183507 3.115905
v 1.623224 0.686720 3.115905
v 1.850191 0.686720 3.606449
v 1.850191 1.183507 3.606449
v 1.850191 0.686720 3.115905
v 1.850191 1.183507 3.115905
v 1.393834 1.027747 3.457117
v 1.393834 0.840247 3.457117
v 1.393834 1.027747 3.269617
v 1.393834 0.840247 3.269617
v 1.904602 0.840247 3.457117
v 1.904602 1.027747 3.457117
v 1.904602 0.840247 3.269617
v 1.904602 1.027747 3.269617
v 1.554688 0.680039 3.286793
v 1.554688 0.635844 3.242599
v 1.554688 0.852618 3.114214
v 1.554688 0.808424 3.070019
v 1.929688 0.635844 3.242599
v 1.929688 0.680039 3.286793
v 1.929688 0.808424 3.070019
v 1.929688 0.852618 3.114214
v 1.554688 0.852618 3.615049
v 1.554688 0.808424 3.659243
v 1.554688 0.680039 3.442469
v 1.554688 0.635844 3.486663
v 1.929688 0.808424 3.659243
v 1.929688 0.852618 3.615049
v 1.929688 0.635844 3.486663
v 1.929688 0.680039 3.442469
v 1.554688 1.180874 3.442469
v 1.554688 1.225068 3.486663
v 1.554688 1.008294 3.615049
v 1.554688 1.052488 3.659243
v 1.929688 1.225068 3.486663
v 1.929688 1.180874 3.442469
v 1.929688 1.052488 3.659243
v 1.929688 1.008294 3.615049
v 1.554688 1.008294 3.114214
v 1.554688 1.052488 3.070019
v 1.554688 1.180874 3.286793
v 1.554688 1.225068 3.242599
v 1.929688 1.052488 3.070019
v 1.929688 1.008294 3.114214
v 1.929688 1.225068 3.242599
v 1.929688 1.180874 3.286793
v 1.617814 1.052488 3.596743
v 1.617814 1.052488 3.659243
v 1.617814 0.808424 3.596743
v 1.617814 0.808424 3.659243
v 1.867814 1.052488 3.659243
v 1.867814 1.052488 3.596743
v 1.867814 0.808424 3.659243
v 1.867814 0.808424 3.596743
v 1.617814 1.162568 3.242599
v 1.617814 1.225068 3.242599
v 1.617814 1.162568 3.486663
v 1.617814 1.225068 3.486663
v 1.867814 1.225068 3.242599
v 1.867814 1.162568 3.242599
v 1.867814 1.225068 3.486663
v 1.867814 1.162568 3.486663
v 1.617814 0.698344 3.486663
v 1.617814 0.635844 3.486663
v 1.617814 0.698344 3.242599
v 1.617814 0.635844 3.242599
v 1.867814 0.635844 3.486663
v 1.867814 0.698344 3.486663
v 1.867814 0.635844 3.242599
v 1.867814 0.698344 3.242599
v 1.617814 0.808424 3.132519
v 1.617814 0.808424 3.070019
v 1.617814 1.052488 3.132519
v 1.617814 1.052488 3.070019
v 1.867814 0.808424 3.070019
v 1.867814 0.808424 3.132519
v 1.867814 1.052488 3.070019
v 1.867814 1.052488 3.132519
vn -0.0000 -1.0000 -0.0000
vn -1.0000 -0.0000 -0.0000
vn -0.0000 1.0000 -0.0000
vn 1.0000 -0.0000 -0.0000
vn -0.0000 -0.0000 1.0000
vn -0.0000 -0.0000 -1.0000
vn -0.0000 -0.7071 -0.7071
vn -0.0000 0.7071 0.7071
vn -0.0000 -0.7071 0.7071
vn -0.0000 0.7071 -0.7071
vt 0.600586 0.986328
vt 0.604492 0.986328
vt 0.604492 0.994141
vt 0.600586 0.994141
vt 0.141602 0.473633
vt 0.149414 0.473633
vt 0.149414 0.481445
vt 0.141602 0.481445
vt 0.600586 0.775391
vt 0.604492 0.775391
vt 0.604492 0.783203
vt 0.600586 0.783203
vt 0.150391 0.473633
vt 0.158203 0.473633
vt 0.158203 0.481445
vt 0.150391 0.481445
vt 0.234375 0.399414
vt 0.230469 0.399414
vt 0.230469 0.391602
vt 0.234375 0.391602
vt 0.323242 0.391602
vt 0.319336 0.391602
vt 0.319336 0.399414
vt 0.323242 0.399414
vt 0.294922 0.381836
vt 0.302734 0.381836
vt 0.302734 0.384766
vt 0.294922 0.384766
vt 0.186523 0.343750
vt 0.189453 0.343750
vt 0.189453 0.346680
vt 0.186523 0.346680
vt 0.386719 0.381836
vt 0.394531 0.381836
vt 0.394531 0.384766
vt 0.386719 0.384766
vt 0.452148 0.331055
vt 0.455078 0.331055
vt 0.455078 0.333984
vt 0.452148 0.333984
vt 0.429688 0.384766
vt 0.421875 0.384766
vt 0.421875 0.381836
vt 0.429688 0.381836
vt 0.623047 0.500000
vt 0.615234 0.500000
vt 0.615234 0.502930
vt 0.623047 0.502930
vt 0.469727 0.996094
vt 0.475586 0.996094
vt 0.475586 1.000000
vt 0.469727 1.000000
vt 0.681641 0.300781
vt 0.682617 0.300781
vt 0.682617 0.304688
vt 0.681641 0.304688
vt 0.491211 0.674805
vt 0.497070 0.674805
vt 0.497070 0.678711
vt 0.491211 0.678711
vt 0.683594 0.300781
vt 0.684570 0.300781
vt 0.684570 0.304688
vt 0.683594 0.304688
vt 0.510742 0.796875
vt 0.504883 0.796875
vt 0.504883 0.795898
vt 0.510742 0.795898
vt 0.515625 0.625000
vt 0.509766 0.625000
vt 0.509766 0.625977
vt 0.515625 0.625977
vt 0.014648 0.424805
vt 0.020508 0.424805
vt 0.020508 0.428711
vt 0.014648 0.428711
vt 0.685547 0.300781
vt 0.686523 0.300781
vt 0.686523 0.304688
vt 0.685547 0.304688
vt 0.007812 0.418945
vt 0.013672 0.418945
vt 0.013672 0.422852
vt 0.007812 0.422852
vt 0.695312 0.301758
vt 0.696289 0.301758
vt 0.696289 0.305664
vt 0.695312 0.305664
vt 0.525391 0.563477
vt 0.519531 0.563477
vt 0.519531 0.562500
vt 0.525391 0.562500
vt 0.534180 0.840820
vt 0.528320 0.840820
vt 0.528320 0.841797
vt 0.534180 0.841797
vt 0.615234 0.495117
vt 0.621094 0.495117
vt 0.621094 0.499023
vt 0.615234 0.499023
vt 0.009766 0.299805
vt 0.010742 0.299805
vt 0.010742 0.303711
vt 0.009766 0.303711
vt 0.557617 0.380859
vt 0.563477 0.380859
vt 0.563477 0.384766
vt 0.557617 0.384766
vt 0.013672 0.299805
vt 0.014648 0.299805
vt 0.014648 0.303711
vt 0.013672 0.303711
vt 0.534180 0.789062
vt 0.528320 0.789062
vt 0.528320 0.788086
vt 0.534180 0.788086
vt 0.550781 0.833008
vt 0.544922 0.833008
vt 0.544922 0.833984
vt 0.550781 0.833984
vt 0.564453 0.380859
vt 0.570312 0.380859
vt 0.570312 0.384766
vt 0.564453 0.384766
vt 0.031250 0.299805
vt 0.032227 0.299805
vt 0.032227 0.303711
vt 0.031250 0.303711
vt 0.616211 0.982422
vt 0.622070 0.982422
vt 0.622070 0.986328
vt 0.616211 0.986328
vt 0.696289 0.962891
vt 0.697266 0.962891
vt 0.697266 0.966797
vt 0.696289 0.966797
vt 0.574219 0.494141
vt 0.568359 0.494141
vt 0.568359 0.493164
vt 0.574219 0.493164
vt 0.334961 0.423828
vt 0.329102 0.423828
vt 0.329102 0.424805
vt 0.334961 0.424805
vt 0.123047 0.363281
vt 0.126953 0.363281
vt 0.126953 0.367188
vt 0.123047 0.367188
vt 0.696289 0.920898
vt 0.697266 0.920898
vt 0.697266 0.924805
vt 0.696289 0.924805
vt 0.632812 0.865234
vt 0.636719 0.865234
vt 0.636719 0.869141
vt 0.632812 0.869141
vt 0.086914 0.299805
vt 0.087891 0.299805
vt 0.087891 0.303711
vt 0.086914 0.303711
vt 0.571289 0.857422
vt 0.567383 0.857422
vt 0.567383 0.856445
vt 0.571289 0.856445
vt 0.575195 0.599609
vt 0.571289 0.599609
vt 0.571289 0.600586
vt 0.575195 0.600586
vt 0.197266 0.363281
vt 0.201172 0.363281
vt 0.201172 0.367188
vt 0.197266 0.367188
vt 0.125977 0.299805
vt 0.126953 0.299805
vt 0.126953 0.303711
vt 0.125977 0.303711
vt 0.213867 0.363281
vt 0.217773 0.363281
vt 0.217773 0.367188
vt 0.213867 0.367188
vt 0.696289 0.862305
vt 0.697266 0.862305
vt 0.697266 0.866211
vt 0.696289 0.866211
vt 0.582031 0.524414
vt 0.578125 0.524414
vt 0.578125 0.523438
vt 0.582031 0.523438
vt 0.246094 0.416016
vt 0.242188 0.416016
vt 0.242188 0.416992
vt 0.246094 0.416992
vt 0.218750 0.363281
vt 0.222656 0.363281
vt 0.222656 0.367188
vt 0.218750 0.367188
vt 0.696289 0.840820
vt 0.697266 0.840820
vt 0.697266 0.844727
vt 0.696289 0.844727
vt 0.632812 0.761719
vt 0.636719 0.761719
vt 0.636719 0.765625
vt 0.632812 0.765625
vt 0.168945 0.299805
vt 0.169922 0.299805
vt 0.169922 0.303711
vt 0.168945 0.303711
vt 0.590820 0.860352
vt 0.586914 0.860352
vt 0.586914 0.859375
vt 0.590820 0.859375
vt 0.592773 0.818359
vt 0.588867 0.818359
vt 0.588867 0.819336
vt 0.592773 0.819336
vt 0.092773 0.363281
vt 0.096680 0.363281
vt 0.096680 0.367188
vt 0.092773 0.367188
vt 0.597656 0.300781
vt 0.598633 0.300781
vt 0.598633 0.304688
vt 0.597656 0.304688
vt 0.632812 0.888672
vt 0.636719 0.888672
vt 0.636719 0.892578
vt 0.632812 0.892578
vt 0.695312 0.338867
vt 0.696289 0.338867
vt 0.696289 0.342773
vt 0.695312 0.342773
vt 0.495117 0.712891
vt 0.491211 0.712891
vt 0.491211 0.711914
vt 0.495117 0.711914
vt 0.551758 0.767578
vt 0.547852 0.767578
vt 0.547852 0.768555
vt 0.551758 0.768555
s 0
usemtl m_8a7aecf9-bc7d-1c53-4ad7-3ee173c6c92f
f 3756/11041/408 3759/11042/408 3757/11043/408 3754/11044/408
f 3755/11045/409 3756/11046/409 3754/11047/409 3753/11048/409
f 3760/11049/410 3755/11050/410 3753/11051/410 3758/11052/410
f 3759/11053/411 3760/11054/411 3758/11055/411 3757/11056/411
f 3758/11057/412 3753/11058/412 3754/11059/412 3757/11060/412
f 3759/11061/413 3756/11062/413 3755/11063/413 3760/11064/413
f 3764/11065/408 3767/11066/408 3765/11067/408 3762/11068/408
f 3763/11069/409 3764/11070/409 3762/11071/409 3761/11072/409
f 3768/11073/410 3763/11074/410 3761/11075/410 3766/11076/410
f 3767/11077/411 3768/11078/411 3766/11079/411 3765/11080/411
f 3766/11081/412 3761/11082/412 3762/11083/412 3765/11084/412
f 3767/11085/413 3764/11086/413 3763/11087/413 3768/11088/413
f 3772/11089/414 3775/11090/414 3773/11091/414 3770/11092/414
f 3771/11093/409 3772/11094/409 3770/11095/409 3769/11096/409
f 3776/11097/415 3771/11098/415 3769/11099/415 3774/11100/415
f 3775/11101/411 3776/11102/411 3774/11103/411 3773/11104/411
f 3774/11105/416 3769/11106/416 3770/11107/416 3773/11108/416
f 3775/11109/417 3772/11110/417 3771/11111/417 3776/11112/417
f 3780/11113/416 3783/11114/416 3781/11115/416 3778/11116/416
f 3779/11117/409 3780/11118/409 3778/11119/409 3777/11120/409
f 3784/11121/417 3779/11122/417 3777/11123/417 3782/11124/417
f 3783/11125/411 3784/11126/411 3782/11127/411 3781/11128/411
f 3782/11129/415 3777/11130/415 3778/11131/415 3781/11132/415
f 3783/11133/414 3780/11134/414 3779/11135/414 3784/11136/414
f 3788/11137/415 3791/11138/415 3789/11139/415 3786/11140/415
f 3787/11141/409 3788/11142/409 3786/11143/409 3785/11144/409
f 3792/11145/414 3787/11146/414 3785/11147/414 3790/11148/414
f 3791/11149/411 3792/11150/411 3790/11151/411 3789/11152/411
f 3790/11153/417 3785/11154/417 3786/11155/417 3789/11156/417
f 3791/11157/416 3788/11158/416 3787/11159/416 3792/11160/416
f 3796/11161/417 3799/11162/417 3797/11163/417 3794/11164/417
f 3795/11165/409 3796/11166/409 3794/11167/409 3793/11168/409
f 3800/11169/416 3795/11170/416 3793/11171/416 3798/11172/416
f 3799/11173/411 3800/11174/411 3798/11175/411 3797/11176/411
f 3798/11177/414 3793/11178/414 3794/11179/414 3797/11180/414
f 3799/11181/415 3796/11182/415 3795/11183/415 3800/11184/415
f 3804/11185/412 3807/11186/412 3805/11187/412 3802/11188/412
f 3803/11189/409 3804/11190/409 3802/11191/409 3801/11192/409
f 3808/11193/413 3803/11194/413 3801/11195/413 3806/11196/413
f 3807/11197/411 3808/11198/411 3806/11199/411 3805/11200/411
f 3806/11201/410 3801/11202/410 3802/11203/410 3805/11204/410
f 3807/11205/408 3804/11206/408 3803/11207/408 3808/11208/408
f 3812/11209/410 3815/11210/410 3813/11211/410 3810/11212/410
f 3811/11213/409 3812/11214/409 3810/11215/409 3809/11216/409
f 3816/11217/408 3811/11218/408 3809/11219/408 3814/11220/408
f 3815/11221/411 3816/11222/411 3814/11223/411 3813/11224/411
f 3814/11225/413 3809/11226/413 3810/11227/413 3813/11228/413
f 3815/11229/412 3812/11230/412 3811/11231/412 3816/11232/412
f 3820/11233/408 3823/11234/408 3821/11235/408 3818/11236/408
f 3819/11237/409 3820/11238/409 3818/11239/409 3817/11240/409
f 3824/11241/410 3819/11242/410 3817/11243/410 3822/11244/410
f 3823/11245/411 3824/11246/411 3822/11247/411 3821/11248/411
f 3822/11249/412 3817/11250/412 3818/11251/412 3821/11252/412
f 3823/11253/413 3820/11254/413 3819/11255/413 3824/11256/413
f 3828/11257/413 3831/11258/413 3829/11259/413 3826/11260/413
f 3827/11261/409 3828/11262/409 3826/11263/409 3825/11264/409
f 3832/11265/412 3827/11266/412 3825/11267/412 3830/11268/412
f 3831/11269/411 3832/11270/411 3830/11271/411 3829/11272/411
f 3830/11273/408 3825/11274/408 3826/11275/408 3829/11276/408
f 3831/11277/410 3828/11278/410 3827/11279/410 3832/11280/410
o w10
v 1.473056 0.557408 2.615839
v 1.473056 0.369908 2.615839
v 1.473056 0.557408 2.428339
v 1.473056 0.369908 2.428339
v 1.941806 0.369908 2.615839
v 1.941806 0.557408 2.615839
v 1.941806 0.369908 2.428339
v 1.941806 0.557408 2.428339
v 1.509686 0.801006 2.350143
v 1.509686 0.871902 2.350143
v 1.509686 0.801006 2.692382
v 1.509686 0.871902 2.692382
v 1.990380 0.871902 2.350143
v 1.990380 0.801006 2.350143
v 1.990380 0.871902 2.692382
v 1.990380 0.801006 2.692382
v 1.585556 0.814572 2.870769
v 1.585556 0.114571 2.870769
v 1.585556 0.814572 2.170769
v 1.585556 0.114572 2.170769
v 1.898056 0.114571 2.870769
v 1.898056 0.814572 2.870769
v 1.898056 0.114572 2.170769
v 1.898056 0.814572 2.170769
v 1.509061 0.578628 2.157648
v 1.509061 0.629643 2.106634
v 1.509061 0.821512 2.400532
v 1.509061 0.872527 2.349518
v 1.991005 0.629643 2.106634
v 1.991005 0.578628 2.157648
v 1.991005 0.872527 2.349518
v 1.991005 0.821512 2.400532
v 1.509061 0.094285 2.400532
v 1.509061 0.043270 2.349518
v 1.509061 0.337168 2.157649
v 1.509061 0.286154 2.106634
v 1.991005 0.043270 2.349518
v 1.991005 0.094285 2.400532
v 1.991005 0.286154 2.106634
v 1.991005 0.337168 2.157649
v 1.509061 0.337168 2.884876
v 1.509061 0.286153 2.935891
v 1.509061 0.094284 2.641992
v 1.509061 0.043269 2.693007
v 1.991005 0.286153 2.935890
v 1.991005 0.337168 2.884876
v 1.991005 0.043269 2.693007
v 1.991005 0.094284 2.641992
v 1.509061 0.821512 2.641992
v 1.509061 0.872527 2.693007
v 1.509061 0.578628 2.884876
v 1.509061 0.629643 2.935891
v 1.991005 0.872527 2.693007
v 1.991005 0.821512 2.641992
v 1.991005 0.629643 2.935890
v 1.991005 0.578628 2.884876
v 1.509686 0.114790 2.692382
v 1.509686 0.043895 2.692382
v 1.509686 0.114790 2.350142
v 1.509686 0.043895 2.350142
v 1.990380 0.043895 2.692382
v 1.990380 0.114790 2.692382
v 1.990380 0.043895 2.350142
v 1.990380 0.114790 2.350142
v 1.509686 0.629018 2.864370
v 1.509686 0.629018 2.935266
v 1.509686 0.286778 2.864370
v 1.509686 0.286778 2.935266
v 1.990380 0.629018 2.935266
v 1.990380 0.629018 2.864370
v 1.990380 0.286778 2.935266
v 1.990380 0.286778 2.864370
v 1.509686 0.286779 2.178154
v 1.509686 0.286779 2.107259
v 1.509686 0.629018 2.178154
v 1.509686 0.629018 2.107259
v 1.990380 0.286779 2.107259
v 1.990380 0.286779 2.178154
v 1.990380 0.629018 2.107259
v 1.990380 0.629018 2.178154
vn -0.0000 -1.0000 -0.0000
vn -1.0000 -0.0000 -0.0000
vn -0.0000 1.0000 -0.0000
vn 1.0000 -0.0000 -0.0000
vn -0.0000 -0.0000 1.0000
vn -0.0000 -0.0000 -1.0000
vn -0.0000 0.7071 -0.7071
vn -0.0000 -0.7071 0.7071
vn -0.0000 -0.7071 -0.7071
vn -0.0000 0.7071 0.7071
vt 0.614258 0.402344
vt 0.622070 0.402344
vt 0.622070 0.405273
vt 0.614258 0.405273
vt 0.547852 0.360352
vt 0.550781 0.360352
vt 0.550781 0.363281
vt 0.547852 0.363281
vt 0.236328 0.381836
vt 0.244141 0.381836
vt 0.244141 0.384766
vt 0.236328 0.384766
vt 0.300781 0.344727
vt 0.303711 0.344727
vt 0.303711 0.347656
vt 0.300781 0.347656
vt 0.623047 0.719727
vt 0.615234 0.719727
vt 0.615234 0.716797
vt 0.623047 0.716797
vt 0.623047 0.712891
vt 0.615234 0.712891
vt 0.615234 0.715820
vt 0.623047 0.715820
vt 0.098633 0.423828
vt 0.106445 0.423828
vt 0.106445 0.428711
vt 0.098633 0.428711
vt 0.021484 0.431641
vt 0.022461 0.431641
vt 0.022461 0.436523
vt 0.021484 0.436523
vt 0.125977 0.423828
vt 0.133789 0.423828
vt 0.133789 0.428711
vt 0.125977 0.428711
vt 0.218750 0.430664
vt 0.219727 0.430664
vt 0.219727 0.435547
vt 0.218750 0.435547
vt 0.370117 0.708984
vt 0.362305 0.708984
vt 0.362305 0.708008
vt 0.370117 0.708008
vt 0.490234 0.720703
vt 0.482422 0.720703
vt 0.482422 0.721680
vt 0.490234 0.721680
vt 0.294922 0.457031
vt 0.299805 0.457031
vt 0.299805 0.467773
vt 0.294922 0.467773
vt 0.016602 0.552734
vt 0.027344 0.552734
vt 0.027344 0.563477
vt 0.016602 0.563477
vt 0.306641 0.457031
vt 0.311523 0.457031
vt 0.311523 0.467773
vt 0.306641 0.467773
vt 0.338867 0.551758
vt 0.349609 0.551758
vt 0.349609 0.562500
vt 0.338867 0.562500
vt 0.279297 0.465820
vt 0.274414 0.465820
vt 0.274414 0.455078
vt 0.279297 0.455078
vt 0.511719 0.454102
vt 0.506836 0.454102
vt 0.506836 0.464844
vt 0.511719 0.464844
vt 0.187500 0.423828
vt 0.195312 0.423828
vt 0.195312 0.428711
vt 0.187500 0.428711
vt 0.107422 0.423828
vt 0.108398 0.423828
vt 0.108398 0.428711
vt 0.107422 0.428711
vt 0.196289 0.423828
vt 0.204102 0.423828
vt 0.204102 0.428711
vt 0.196289 0.428711
vt 0.156250 0.405273
vt 0.157227 0.405273
vt 0.157227 0.410156
vt 0.156250 0.410156
vt 0.524414 0.667969
vt 0.516602 0.667969
vt 0.516602 0.666992
vt 0.524414 0.666992
vt 0.551758 0.515625
vt 0.543945 0.515625
vt 0.543945 0.516602
vt 0.551758 0.516602
vt 0.205078 0.423828
vt 0.212891 0.423828
vt 0.212891 0.428711
vt 0.205078 0.428711
vt 0.116211 0.392578
vt 0.117188 0.392578
vt 0.117188 0.397461
vt 0.116211 0.397461
vt 0.571289 0.786133
vt 0.579102 0.786133
vt 0.579102 0.791016
vt 0.571289 0.791016
vt 0.116211 0.382812
vt 0.117188 0.382812
vt 0.117188 0.387695
vt 0.116211 0.387695
vt 0.552734 0.822266
vt 0.544922 0.822266
vt 0.544922 0.821289
vt 0.552734 0.821289
vt 0.561523 0.916992
vt 0.553711 0.916992
vt 0.553711 0.917969
vt 0.561523 0.917969
vt 0.390625 0.423828
vt 0.398438 0.423828
vt 0.398438 0.428711
vt 0.390625 0.428711
vt 0.222656 0.357422
vt 0.223633 0.357422
vt 0.223633 0.362305
vt 0.222656 0.362305
vt 0.571289 0.601562
vt 0.579102 0.601562
vt 0.579102 0.606445
vt 0.571289 0.606445
vt 0.041992 0.356445
vt 0.042969 0.356445
vt 0.042969 0.361328
vt 0.041992 0.361328
vt 0.382812 0.346680
vt 0.375000 0.346680
vt 0.375000 0.345703
vt 0.382812 0.345703
vt 0.684570 0.978516
vt 0.676758 0.978516
vt 0.676758 0.979492
vt 0.684570 0.979492
vt 0.571289 0.543945
vt 0.579102 0.543945
vt 0.579102 0.548828
vt 0.571289 0.548828
vt 0.605469 0.324219
vt 0.606445 0.324219
vt 0.606445 0.329102
vt 0.605469 0.329102
vt 0.571289 0.538086
vt 0.579102 0.538086
vt 0.579102 0.542969
vt 0.571289 0.542969
vt 0.187500 0.304688
vt 0.188477 0.304688
vt 0.188477 0.309570
vt 0.187500 0.309570
vt 0.684570 0.813477
vt 0.676758 0.813477
vt 0.676758 0.812500
vt 0.684570 0.812500
vt 0.684570 0.542969
vt 0.676758 0.542969
vt 0.676758 0.543945
vt 0.684570 0.543945
vt 0.458984 0.423828
vt 0.466797 0.423828
vt 0.466797 0.428711
vt 0.458984 0.428711
vt 0.189453 0.304688
vt 0.190430 0.304688
vt 0.190430 0.309570
vt 0.189453 0.309570
vt 0.571289 0.530273
vt 0.579102 0.530273
vt 0.579102 0.535156
vt 0.571289 0.535156
vt 0.191406 0.304688
vt 0.192383 0.304688
vt 0.192383 0.309570
vt 0.191406 0.309570
vt 0.684570 0.352539
vt 0.676758 0.352539
vt 0.676758 0.351562
vt 0.684570 0.351562
vt 0.685547 0.887695
vt 0.677734 0.887695
vt 0.677734 0.888672
vt 0.685547 0.888672
vt 0.571289 0.475586
vt 0.579102 0.475586
vt 0.579102 0.480469
vt 0.571289 0.480469
vt 0.193359 0.304688
vt 0.194336 0.304688
vt 0.194336 0.309570
vt 0.193359 0.309570
vt 0.571289 0.469727
vt 0.579102 0.469727
vt 0.579102 0.474609
vt 0.571289 0.474609
vt 0.195312 0.304688
vt 0.196289 0.304688
vt 0.196289 0.309570
vt 0.195312 0.309570
vt 0.685547 0.832031
vt 0.677734 0.832031
vt 0.677734 0.831055
vt 0.685547 0.831055
vt 0.685547 0.776367
vt 0.677734 0.776367
vt 0.677734 0.777344
vt 0.685547 0.777344
vt 0.571289 0.454102
vt 0.579102 0.454102
vt 0.579102 0.458984
vt 0.571289 0.458984
vt 0.197266 0.304688
vt 0.198242 0.304688
vt 0.198242 0.309570
vt 0.197266 0.309570
vt 0.571289 0.448242
vt 0.579102 0.448242
vt 0.579102 0.453125
vt 0.571289 0.453125
vt 0.230469 0.304688
vt 0.231445 0.304688
vt 0.231445 0.309570
vt 0.230469 0.309570
vt 0.685547 0.763672
vt 0.677734 0.763672
vt 0.677734 0.762695
vt 0.685547 0.762695
vt 0.685547 0.740234
vt 0.677734 0.740234
vt 0.677734 0.741211
vt 0.685547 0.741211
s 0
usemtl m_8a7aecf9-bc7d-1c53-4ad7-3ee173c6c92f
f 3836/11281/418 3839/11282/418 3837/11283/418 3834/11284/418
f 3835/11285/419 3836/11286/419 3834/11287/419 3833/11288/419
f 3840/11289/420 3835/11290/420 3833/11291/420 3838/11292/420
f 3839/11293/421 3840/11294/421 3838/11295/421 3837/11296/421
f 3838/11297/422 3833/11298/422 3834/11299/422 3837/11300/422
f 3839/11301/423 3836/11302/423 3835/11303/423 3840/11304/423
f 3844/11305/420 3847/11306/420 3845/11307/420 3842/11308/420
f 3843/11309/419 3844/11310/419 3842/11311/419 3841/11312/419
f 3848/11313/418 3843/11314/418 3841/11315/418 3846/11316/418
f 3847/11317/421 3848/11318/421 3846/11319/421 3845/11320/421
f 3846/11321/423 3841/11322/423 3842/11323/423 3845/11324/423
f 3847/11325/422 3844/11326/422 3843/11327/422 3848/11328/422
f 3852/11329/418 3855/11330/418 3853/11331/418 3850/11332/418
f 3851/11333/419 3852/11334/419 3850/11335/419 3849/11336/419
f 3856/11337/420 3851/11338/420 3849/11339/420 3854/11340/420
f 3855/11341/421 3856/11342/421 3854/11343/421 3853/11344/421
f 3854/11345/422 3849/11346/422 3850/11347/422 3853/11348/422
f 3855/11349/423 3852/11350/423 3851/11351/423 3856/11352/423
f 3860/11353/424 3863/11354/424 3861/11355/424 3858/11356/424
f 3859/11357/419 3860/11358/419 3858/11359/419 3857/11360/419
f 3864/11361/425 3859/11362/425 3857/11363/425 3862/11364/425
f 3863/11365/421 3864/11366/421 3862/11367/421 3861/11368/421
f 3862/11369/426 3857/11370/426 3858/11371/426 3861/11372/426
f 3863/11373/427 3860/11374/427 3859/11375/427 3864/11376/427
f 3868/11377/426 3871/11378/426 3869/11379/426 3866/11380/426
f 3867/11381/419 3868/11382/419 3866/11383/419 3865/11384/419
f 3872/11385/427 3867/11386/427 3865/11387/427 3870/11388/427
f 3871/11389/421 3872/11390/421 3870/11391/421 3869/11392/421
f 3870/11393/425 3865/11394/425 3866/11395/425 3869/11396/425
f 3871/11397/424 3868/11398/424 3867/11399/424 3872/11400/424
f 3876/11401/425 3879/11402/425 3877/11403/425 3874/11404/425
f 3875/11405/419 3876/11406/419 3874/11407/419 3873/11408/419
f 3880/11409/424 3875/11410/424 3873/11411/424 3878/11412/424
f 3879/11413/421 3880/11414/421 3878/11415/421 3877/11416/421
f 3878/11417/427 3873/11418/427 3874/11419/427 3877/11420/427
f 3879/11421/426 3876/11422/426 3875/11423/426 3880/11424/426
f 3884/11425/427 3887/11426/427 3885/11427/427 3882/11428/427
f 3883/11429/419 3884/11430/419 3882/11431/419 3881/11432/419
f 3888/11433/426 3883/11434/426 3881/11435/426 3886/11436/426
f 3887/11437/421 3888/11438/421 3886/11439/421 3885/11440/421
f 3886/11441/424 3881/11442/424 3882/11443/424 3885/11444/424
f 3887/11445/425 3884/11446/425 3883/11447/425 3888/11448/425
f 3892/11449/418 3895/11450/418 3893/11451/418 3890/11452/418
f 3891/11453/419 3892/11454/419 3890/11455/419 3889/11456/419
f 3896/11457/420 3891/11458/420 3889/11459/420 3894/11460/420
f 3895/11461/421 3896/11462/421 3894/11463/421 3893/11464/421
f 3894/11465/422 3889/11466/422 3890/11467/422 3893/11468/422
f 3895/11469/423 3892/11470/423 3891/11471/423 3896/11472/423
f 3900/11473/422 3903/11474/422 3901/11475/422 3898/11476/422
f 3899/11477/419 3900/11478/419 3898/11479/419 3897/11480/419
f 3904/11481/423 3899/11482/423 3897/11483/423 3902/11484/423
f 3903/11485/421 3904/11486/421 3902/11487/421 3901/11488/421
f 3902/11489/420 3897/11490/420 3898/11491/420 3901/11492/420
f 3903/11493/418 3900/11494/418 3899/11495/418 3904/11496/418
f 3908/11497/423 3911/11498/423 3909/11499/423 3906/11500/423
f 3907/11501/419 3908/11502/419 3906/11503/419 3905/11504/419
f 3912/11505/422 3907/11506/422 3905/11507/422 3910/11508/422
f 3911/11509/421 3912/11510/421 3910/11511/421 3909/11512/421
f 3910/11513/418 3905/11514/418 3906/11515/418 3909/11516/418
f 3911/11517/420 3908/11518/420 3907/11519/420 3912/11520/420
o w11
v 1.473056 0.557408 1.578339
v 1.473056 0.369908 1.578339
v 1.473056 0.557408 1.390839
v 1.473056 0.369908 1.390839
v 1.941806 0.369908 1.578339
v 1.941806 0.557408 1.578339
v 1.941806 0.369908 1.390839
v 1.941806 0.557408 1.390839
v 1.509686 0.801006 1.312643
v 1.509686 0.871902 1.312643
v 1.509686 0.801006 1.654882
v 1.509686 0.871902 1.654882
v 1.990380 0.871902 1.312643
v 1.990380 0.801006 1.312643
v 1.990380 0.871902 1.654882
v 1.990380 0.801006 1.654882
v 1.585556 0.814572 1.833269
v 1.585556 0.114572 1.833269
v 1.585556 0.814572 1.133269
v 1.585556 0.114572 1.133269
v 1.898056 0.114572 1.833269
v 1.898056 0.814572 1.833269
v 1.898056 0.114572 1.133269
v 1.898056 0.814572 1.133269
v 1.509061 0.578628 1.120148
v 1.509061 0.629643 1.069134
v 1.509061 0.821512 1.363032
v 1.509061 0.872527 1.312018
v 1.991005 0.629643 1.069134
v 1.991005 0.578628 1.120148
v 1.991005 0.872527 1.312017
v 1.991005 0.821512 1.363032
v 1.509061 0.094285 1.363032
v 1.509061 0.043270 1.312018
v 1.509061 0.337168 1.120149
v 1.509061 0.286154 1.069134
v 1.991005 0.043270 1.312018
v 1.991005 0.094285 1.363032
v 1.991005 0.286154 1.069134
v 1.991005 0.337168 1.120149
v 1.509061 0.337168 1.847376
v 1.509061 0.286153 1.898391
v 1.509061 0.094284 1.604492
v 1.509061 0.043269 1.655507
v 1.991005 0.286153 1.898391
v 1.991005 0.337168 1.847376
v 1.991005 0.043269 1.655507
v 1.991005 0.094284 1.604492
v 1.509061 0.821512 1.604492
v 1.509061 0.872527 1.655507
v 1.509061 0.578628 1.847376
v 1.509061 0.629643 1.898391
v 1.991005 0.872527 1.655507
v 1.991005 0.821512 1.604492
v 1.991005 0.629643 1.898391
v 1.991005 0.578628 1.847376
v 1.509686 0.114790 1.654882
v 1.509686 0.043895 1.654882
v 1.509686 0.114790 1.312643
v 1.509686 0.043895 1.312643
v 1.990380 0.043895 1.654882
v 1.990380 0.114790 1.654882
v 1.990380 0.043895 1.312643
v 1.990380 0.114790 1.312643
v 1.509686 0.629018 1.826870
v 1.509686 0.629018 1.897766
v 1.509686 0.286778 1.826870
v 1.509686 0.286778 1.897766
v 1.990380 0.629018 1.897766
v 1.990380 0.629018 1.826870
v 1.990380 0.286778 1.897766
v 1.990380 0.286778 1.826870
v 1.509686 0.286779 1.140654
v 1.509686 0.286779 1.069759
v 1.509686 0.629018 1.140654
v 1.509686 0.629018 1.069759
v 1.990380 0.286779 1.069758
v 1.990380 0.286779 1.140654
v 1.990380 0.629018 1.069759
v 1.990380 0.629018 1.140654
vn -0.0000 -1.0000 -0.0000
vn -1.0000 -0.0000 -0.0000
vn -0.0000 1.0000 -0.0000
vn 1.0000 -0.0000 -0.0000
vn -0.0000 -0.0000 1.0000
vn -0.0000 -0.0000 -1.0000
vn -0.0000 0.7071 -0.7071
vn -0.0000 -0.7071 0.7071
vn -0.0000 -0.7071 -0.7071
vn -0.0000 0.7071 0.7071
vt 0.616211 0.971680
vt 0.624023 0.971680
vt 0.624023 0.974609
vt 0.616211 0.974609
vt 0.506836 0.331055
vt 0.509766 0.331055
vt 0.509766 0.333984
vt 0.506836 0.333984
vt 0.616211 0.967773
vt 0.624023 0.967773
vt 0.624023 0.970703
vt 0.616211 0.970703
vt 0.570312 0.331055
vt 0.573242 0.331055
vt 0.573242 0.333984
vt 0.570312 0.333984
vt 0.084961 0.383789
vt 0.077148 0.383789
vt 0.077148 0.380859
vt 0.084961 0.380859
vt 0.093750 0.380859
vt 0.085938 0.380859
vt 0.085938 0.383789
vt 0.093750 0.383789
vt 0.370117 0.422852
vt 0.377930 0.422852
vt 0.377930 0.427734
vt 0.370117 0.427734
vt 0.690430 0.748047
vt 0.691406 0.748047
vt 0.691406 0.752930
vt 0.690430 0.752930
vt 0.252930 0.421875
vt 0.260742 0.421875
vt 0.260742 0.426758
vt 0.252930 0.426758
vt 0.690430 0.742188
vt 0.691406 0.742188
vt 0.691406 0.747070
vt 0.690430 0.747070
vt 0.685547 0.532227
vt 0.677734 0.532227
vt 0.677734 0.531250
vt 0.685547 0.531250
vt 0.685547 0.521484
vt 0.677734 0.521484
vt 0.677734 0.522461
vt 0.685547 0.522461
vt 0.512695 0.454102
vt 0.517578 0.454102
vt 0.517578 0.464844
vt 0.512695 0.464844
vt 0.309570 0.550781
vt 0.320312 0.550781
vt 0.320312 0.561523
vt 0.309570 0.561523
vt 0.150391 0.453125
vt 0.155273 0.453125
vt 0.155273 0.463867
vt 0.150391 0.463867
vt 0.119141 0.549805
vt 0.129883 0.549805
vt 0.129883 0.560547
vt 0.119141 0.560547
vt 0.541016 0.662109
vt 0.536133 0.662109
vt 0.536133 0.651367
vt 0.541016 0.651367
vt 0.288086 0.452148
vt 0.283203 0.452148
vt 0.283203 0.462891
vt 0.288086 0.462891
vt 0.573242 0.624023
vt 0.581055 0.624023
vt 0.581055 0.628906
vt 0.573242 0.628906
vt 0.690430 0.727539
vt 0.691406 0.727539
vt 0.691406 0.732422
vt 0.690430 0.732422
vt 0.399414 0.421875
vt 0.407227 0.421875
vt 0.407227 0.426758
vt 0.399414 0.426758
vt 0.690430 0.721680
vt 0.691406 0.721680
vt 0.691406 0.726562
vt 0.690430 0.726562
vt 0.685547 0.516602
vt 0.677734 0.516602
vt 0.677734 0.515625
vt 0.685547 0.515625
vt 0.685547 0.513672
vt 0.677734 0.513672
vt 0.677734 0.514648
vt 0.685547 0.514648
vt 0.408203 0.421875
vt 0.416016 0.421875
vt 0.416016 0.426758
vt 0.408203 0.426758
vt 0.306641 0.304688
vt 0.307617 0.304688
vt 0.307617 0.309570
vt 0.306641 0.309570
vt 0.467773 0.421875
vt 0.475586 0.421875
vt 0.475586 0.426758
vt 0.467773 0.426758
vt 0.308594 0.304688
vt 0.309570 0.304688
vt 0.309570 0.309570
vt 0.308594 0.309570
vt 0.685547 0.485352
vt 0.677734 0.485352
vt 0.677734 0.484375
vt 0.685547 0.484375
vt 0.685547 0.482422
vt 0.677734 0.482422
vt 0.677734 0.483398
vt 0.685547 0.483398
vt 0.476562 0.421875
vt 0.484375 0.421875
vt 0.484375 0.426758
vt 0.476562 0.426758
vt 0.690430 0.685547
vt 0.691406 0.685547
vt 0.691406 0.690430
vt 0.690430 0.690430
vt 0.573242 0.463867
vt 0.581055 0.463867
vt 0.581055 0.468750
vt 0.573242 0.468750
vt 0.310547 0.304688
vt 0.311523 0.304688
vt 0.311523 0.309570
vt 0.310547 0.309570
vt 0.685547 0.481445
vt 0.677734 0.481445
vt 0.677734 0.480469
vt 0.685547 0.480469
vt 0.685547 0.473633
vt 0.677734 0.473633
vt 0.677734 0.474609
vt 0.685547 0.474609
vt 0.548828 0.421875
vt 0.556641 0.421875
vt 0.556641 0.426758
vt 0.548828 0.426758
vt 0.690430 0.669922
vt 0.691406 0.669922
vt 0.691406 0.674805
vt 0.690430 0.674805
vt 0.557617 0.421875
vt 0.565430 0.421875
vt 0.565430 0.426758
vt 0.557617 0.426758
vt 0.690430 0.664062
vt 0.691406 0.664062
vt 0.691406 0.668945
vt 0.690430 0.668945
vt 0.685547 0.472656
vt 0.677734 0.472656
vt 0.677734 0.471680
vt 0.685547 0.471680
vt 0.685547 0.469727
vt 0.677734 0.469727
vt 0.677734 0.470703
vt 0.685547 0.470703
vt 0.053711 0.420898
vt 0.061523 0.420898
vt 0.061523 0.425781
vt 0.053711 0.425781
vt 0.690430 0.652344
vt 0.691406 0.652344
vt 0.691406 0.657227
vt 0.690430 0.657227
vt 0.261719 0.420898
vt 0.269531 0.420898
vt 0.269531 0.425781
vt 0.261719 0.425781
vt 0.350586 0.304688
vt 0.351562 0.304688
vt 0.351562 0.309570
vt 0.350586 0.309570
vt 0.685547 0.459961
vt 0.677734 0.459961
vt 0.677734 0.458984
vt 0.685547 0.458984
vt 0.685547 0.446289
vt 0.677734 0.446289
vt 0.677734 0.447266
vt 0.685547 0.447266
vt 0.574219 0.716797
vt 0.582031 0.716797
vt 0.582031 0.721680
vt 0.574219 0.721680
vt 0.352539 0.304688
vt 0.353516 0.304688
vt 0.353516 0.309570
vt 0.352539 0.309570
vt 0.574219 0.710938
vt 0.582031 0.710938
vt 0.582031 0.715820
vt 0.574219 0.715820
vt 0.354492 0.304688
vt 0.355469 0.304688
vt 0.355469 0.309570
vt 0.354492 0.309570
vt 0.685547 0.445312
vt 0.677734 0.445312
vt 0.677734 0.444336
vt 0.685547 0.444336
vt 0.685547 0.442383
vt 0.677734 0.442383
vt 0.677734 0.443359
vt 0.685547 0.443359
vt 0.301758 0.420898
vt 0.309570 0.420898
vt 0.309570 0.425781
vt 0.301758 0.425781
vt 0.356445 0.304688
vt 0.357422 0.304688
vt 0.357422 0.309570
vt 0.356445 0.309570
vt 0.485352 0.420898
vt 0.493164 0.420898
vt 0.493164 0.425781
vt 0.485352 0.425781
vt 0.358398 0.304688
vt 0.359375 0.304688
vt 0.359375 0.309570
vt 0.358398 0.309570
vt 0.685547 0.441406
vt 0.677734 0.441406
vt 0.677734 0.440430
vt 0.685547 0.440430
vt 0.685547 0.423828
vt 0.677734 0.423828
vt 0.677734 0.424805
vt 0.685547 0.424805
s 0
usemtl m_8a7aecf9-bc7d-1c53-4ad7-3ee173c6c92f
f 3916/11521/428 3919/11522/428 3917/11523/428 3914/11524/428
f 3915/11525/429 3916/11526/429 3914/11527/429 3913/11528/429
f 3920/11529/430 3915/11530/430 3913/11531/430 3918/11532/430
f 3919/11533/431 3920/11534/431 3918/11535/431 3917/11536/431
f 3918/11537/432 3913/11538/432 3914/11539/432 3917/11540/432
f 3919/11541/433 3916/11542/433 3915/11543/433 3920/11544/433
f 3924/11545/430 3927/11546/430 3925/11547/430 3922/11548/430
f 3923/11549/429 3924/11550/429 3922/11551/429 3921/11552/429
f 3928/11553/428 3923/11554/428 3921/11555/428 3926/11556/428
f 3927/11557/431 3928/11558/431 3926/11559/431 3925/11560/431
f 3926/11561/433 3921/11562/433 3922/11563/433 3925/11564/433
f 3927/11565/432 3924/11566/432 3923/11567/432 3928/11568/432
f 3932/11569/428 3935/11570/428 3933/11571/428 3930/11572/428
f 3931/11573/429 3932/11574/429 3930/11575/429 3929/11576/429
f 3936/11577/430 3931/11578/430 3929/11579/430 3934/11580/430
f 3935/11581/431 3936/11582/431 3934/11583/431 3933/11584/431
f 3934/11585/432 3929/11586/432 3930/11587/432 3933/11588/432
f 3935/11589/433 3932/11590/433 3931/11591/433 3936/11592/433
f 3940/11593/434 3943/11594/434 3941/11595/434 3938/11596/434
f 3939/11597/429 3940/11598/429 3938/11599/429 3937/11600/429
f 3944/11601/435 3939/11602/435 3937/11603/435 3942/11604/435
f 3943/11605/431 3944/11606/431 3942/11607/431 3941/11608/431
f 3942/11609/436 3937/11610/436 3938/11611/436 3941/11612/436
f 3943/11613/437 3940/11614/437 3939/11615/437 3944/11616/437
f 3948/11617/436 3951/11618/436 3949/11619/436 3946/11620/436
f 3947/11621/429 3948/11622/429 3946/11623/429 3945/11624/429
f 3952/11625/437 3947/11626/437 3945/11627/437 3950/11628/437
f 3951/11629/431 3952/11630/431 3950/11631/431 3949/11632/431
f 3950/11633/435 3945/11634/435 3946/11635/435 3949/11636/435
f 3951/11637/434 3948/11638/434 3947/11639/434 3952/11640/434
f 3956/11641/435 3959/11642/435 3957/11643/435 3954/11644/435
f 3955/11645/429 3956/11646/429 3954/11647/429 3953/11648/429
f 3960/11649/434 3955/11650/434 3953/11651/434 3958/11652/434
f 3959/11653/431 3960/11654/431 3958/11655/431 3957/11656/431
f 3958/11657/437 3953/11658/437 3954/11659/437 3957/11660/437
f 3959/11661/436 3956/11662/436 3955/11663/436 3960/11664/436
f 3964/11665/437 3967/11666/437 3965/11667/437 3962/11668/437
f 3963/11669/429 3964/11670/429 3962/11671/429 3961/11672/429
f 3968/11673/436 3963/11674/436 3961/11675/436 3966/11676/436
f 3967/11677/431 3968/11678/431 3966/11679/431 3965/11680/431
f 3966/11681/434 3961/11682/434 3962/11683/434 3965/11684/434
f 3967/11685/435 3964/11686/435 3963/11687/435 3968/11688/435
f 3972/11689/428 3975/11690/428 3973/11691/428 3970/11692/428
f 3971/11693/429 3972/11694/429 3970/11695/429 3969/11696/429
f 3976/11697/430 3971/11698/430 3969/11699/430 3974/11700/430
f 3975/11701/431 3976/11702/431 3974/11703/431 3973/11704/431
f 3974/11705/432 3969/11706/432 3970/11707/432 3973/11708/432
f 3975/11709/433 3972/11710/433 3971/11711/433 3976/11712/433
f 3980/11713/432 3983/11714/432 3981/11715/432 3978/11716/432
f 3979/11717/429 3980/11718/429 3978/11719/429 3977/11720/429
f 3984/11721/433 3979/11722/433 3977/11723/433 3982/11724/433
f 3983/11725/431 3984/11726/431 3982/11727/431 3981/11728/431
f 3982/11729/430 3977/11730/430 3978/11731/430 3981/11732/430
f 3983/11733/428 3980/11734/428 3979/11735/428 3984/11736/428
f 3988/11737/433 3991/11738/433 3989/11739/433 3986/11740/433
f 3987/11741/429 3988/11742/429 3986/11743/429 3985/11744/429
f 3992/11745/432 3987/11746/432 3985/11747/432 3990/11748/432
f 3991/11749/431 3992/11750/431 3990/11751/431 3989/11752/431
f 3990/11753/428 3985/11754/428 3986/11755/428 3989/11756/428
f 3991/11757/430 3988/11758/430 3987/11759/430 3992/11760/430
o w13
v 1.473055 0.557408 -0.396661
v 1.473055 0.369908 -0.396661
v 1.473055 0.557408 -0.584161
v 1.473055 0.369908 -0.584161
v 1.941805 0.369908 -0.396661
v 1.941805 0.557408 -0.396661
v 1.941805 0.369908 -0.584161
v 1.941805 0.557408 -0.584161
v 1.509686 0.801006 -0.662357
v 1.509686 0.871902 -0.662357
v 1.509686 0.801006 -0.320118
v 1.509686 0.871902 -0.320118
v 1.990380 0.871902 -0.662357
v 1.990380 0.801006 -0.662357
v 1.990380 0.871902 -0.320118
v 1.990380 0.801006 -0.320118
v 1.585555 0.814572 -0.141731
v 1.585555 0.114572 -0.141731
v 1.585555 0.814572 -0.841731
v 1.585555 0.114572 -0.841731
v 1.898055 0.114572 -0.141731
v 1.898055 0.814572 -0.141731
v 1.898055 0.114572 -0.841731
v 1.898055 0.814572 -0.841731
v 1.509061 0.578628 -0.854851
v 1.509061 0.629643 -0.905866
v 1.509061 0.821512 -0.611968
v 1.509061 0.872527 -0.662982
v 1.991005 0.629643 -0.905866
v 1.991005 0.578628 -0.854852
v 1.991005 0.872527 -0.662983
v 1.991005 0.821512 -0.611968
v 1.509061 0.094285 -0.611968
v 1.509061 0.043270 -0.662982
v 1.509061 0.337169 -0.854851
v 1.509061 0.286154 -0.905866
v 1.991005 0.043270 -0.662982
v 1.991005 0.094285 -0.611968
v 1.991005 0.286154 -0.905866
v 1.991005 0.337169 -0.854851
v 1.509061 0.337168 -0.127624
v 1.509061 0.286153 -0.076609
v 1.509061 0.094284 -0.370508
v 1.509061 0.043269 -0.319493
v 1.991005 0.286153 -0.076609
v 1.991005 0.337168 -0.127624
v 1.991005 0.043269 -0.319493
v 1.991005 0.094284 -0.370508
v 1.509061 0.821512 -0.370508
v 1.509061 0.872527 -0.319493
v 1.509061 0.578628 -0.127624
v 1.509061 0.629643 -0.076609
v 1.991005 0.872527 -0.319493
v 1.991005 0.821512 -0.370508
v 1.991005 0.629643 -0.076609
v 1.991005 0.578628 -0.127624
v 1.509686 0.114791 -0.320118
v 1.509686 0.043895 -0.320118
v 1.509686 0.114791 -0.662357
v 1.509686 0.043895 -0.662357
v 1.990380 0.043895 -0.320118
v 1.990380 0.114791 -0.320118
v 1.990380 0.043895 -0.662358
v 1.990380 0.114791 -0.662358
v 1.509686 0.629018 -0.148130
v 1.509686 0.629018 -0.077234
v 1.509686 0.286778 -0.148130
v 1.509686 0.286778 -0.077234
v 1.990380 0.629018 -0.077234
v 1.990380 0.629018 -0.148130
v 1.990380 0.286778 -0.077234
v 1.990380 0.286778 -0.148130
v 1.509686 0.286779 -0.834346
v 1.509686 0.286779 -0.905241
v 1.509686 0.629018 -0.834346
v 1.509686 0.629018 -0.905241
v 1.990380 0.286779 -0.905241
v 1.990380 0.286779 -0.834346
v 1.990380 0.629018 -0.905241
v 1.990380 0.629018 -0.834346
vn -0.0000 -1.0000 -0.0000
vn -1.0000 -0.0000 -0.0000
vn -0.0000 1.0000 -0.0000
vn 1.0000 -0.0000 -0.0000
vn -0.0000 -0.0000 1.0000
vn -0.0000 -0.0000 -1.0000
vn -0.0000 0.7071 -0.7071
vn -0.0000 -0.7071 0.7071
vn -0.0000 -0.7071 -0.7071
vn -0.0000 0.7071 0.7071
vt 0.180664 0.380859
vt 0.188477 0.380859
vt 0.188477 0.383789
vt 0.180664 0.383789
vt 0.634766 0.331055
vt 0.637695 0.331055
vt 0.637695 0.333984
vt 0.634766 0.333984
vt 0.202148 0.380859
vt 0.209961 0.380859
vt 0.209961 0.383789
vt 0.202148 0.383789
vt 0.666016 0.360352
vt 0.668945 0.360352
vt 0.668945 0.363281
vt 0.666016 0.363281
vt 0.225586 0.383789
vt 0.217773 0.383789
vt 0.217773 0.380859
vt 0.225586 0.380859
vt 0.410156 0.380859
vt 0.402344 0.380859
vt 0.402344 0.383789
vt 0.410156 0.383789
vt 0.422852 0.418945
vt 0.430664 0.418945
vt 0.430664 0.423828
vt 0.422852 0.423828
vt 0.445312 0.304688
vt 0.446289 0.304688
vt 0.446289 0.309570
vt 0.445312 0.309570
vt 0.494141 0.418945
vt 0.501953 0.418945
vt 0.501953 0.423828
vt 0.494141 0.423828
vt 0.447266 0.304688
vt 0.448242 0.304688
vt 0.448242 0.309570
vt 0.447266 0.309570
vt 0.685547 0.323242
vt 0.677734 0.323242
vt 0.677734 0.322266
vt 0.685547 0.322266
vt 0.686523 0.999023
vt 0.678711 0.999023
vt 0.678711 1.000000
vt 0.686523 1.000000
vt 0.122070 0.451172
vt 0.126953 0.451172
vt 0.126953 0.461914
vt 0.122070 0.461914
vt 0.374023 0.549805
vt 0.384766 0.549805
vt 0.384766 0.560547
vt 0.374023 0.560547
vt 0.250000 0.451172
vt 0.254883 0.451172
vt 0.254883 0.461914
vt 0.250000 0.461914
vt 0.385742 0.549805
vt 0.396484 0.549805
vt 0.396484 0.560547
vt 0.385742 0.560547
vt 0.352539 0.461914
vt 0.347656 0.461914
vt 0.347656 0.451172
vt 0.352539 0.451172
vt 0.543945 0.895508
vt 0.539062 0.895508
vt 0.539062 0.906250
vt 0.543945 0.906250
vt 0.566406 0.418945
vt 0.574219 0.418945
vt 0.574219 0.423828
vt 0.566406 0.423828
vt 0.475586 0.304688
vt 0.476562 0.304688
vt 0.476562 0.309570
vt 0.475586 0.309570
vt 0.575195 0.418945
vt 0.583008 0.418945
vt 0.583008 0.423828
vt 0.575195 0.423828
vt 0.483398 0.304688
vt 0.484375 0.304688
vt 0.484375 0.309570
vt 0.483398 0.309570
vt 0.686523 0.998047
vt 0.678711 0.998047
vt 0.678711 0.997070
vt 0.686523 0.997070
vt 0.686523 0.995117
vt 0.678711 0.995117
vt 0.678711 0.996094
vt 0.686523 0.996094
vt 0.023438 0.417969
vt 0.031250 0.417969
vt 0.031250 0.422852
vt 0.023438 0.422852
vt 0.690430 0.507812
vt 0.691406 0.507812
vt 0.691406 0.512695
vt 0.690430 0.512695
vt 0.032227 0.417969
vt 0.040039 0.417969
vt 0.040039 0.422852
vt 0.032227 0.422852
vt 0.690430 0.501953
vt 0.691406 0.501953
vt 0.691406 0.506836
vt 0.690430 0.506836
vt 0.686523 0.994141
vt 0.678711 0.994141
vt 0.678711 0.993164
vt 0.686523 0.993164
vt 0.686523 0.987305
vt 0.678711 0.987305
vt 0.678711 0.988281
vt 0.686523 0.988281
vt 0.041016 0.417969
vt 0.048828 0.417969
vt 0.048828 0.422852
vt 0.041016 0.422852
vt 0.690430 0.496094
vt 0.691406 0.496094
vt 0.691406 0.500977
vt 0.690430 0.500977
vt 0.077148 0.417969
vt 0.084961 0.417969
vt 0.084961 0.422852
vt 0.077148 0.422852
vt 0.500977 0.304688
vt 0.501953 0.304688
vt 0.501953 0.309570
vt 0.500977 0.309570
vt 0.686523 0.986328
vt 0.678711 0.986328
vt 0.678711 0.985352
vt 0.686523 0.985352
vt 0.686523 0.976562
vt 0.678711 0.976562
vt 0.678711 0.977539
vt 0.686523 0.977539
vt 0.085938 0.417969
vt 0.093750 0.417969
vt 0.093750 0.422852
vt 0.085938 0.422852
vt 0.502930 0.304688
vt 0.503906 0.304688
vt 0.503906 0.309570
vt 0.502930 0.309570
vt 0.094727 0.417969
vt 0.102539 0.417969
vt 0.102539 0.422852
vt 0.094727 0.422852
vt 0.504883 0.304688
vt 0.505859 0.304688
vt 0.505859 0.309570
vt 0.504883 0.309570
vt 0.686523 0.975586
vt 0.678711 0.975586
vt 0.678711 0.974609
vt 0.686523 0.974609
vt 0.686523 0.972656
vt 0.678711 0.972656
vt 0.678711 0.973633
vt 0.686523 0.973633
vt 0.111328 0.417969
vt 0.119141 0.417969
vt 0.119141 0.422852
vt 0.111328 0.422852
vt 0.506836 0.304688
vt 0.507812 0.304688
vt 0.507812 0.309570
vt 0.506836 0.309570
vt 0.120117 0.417969
vt 0.127930 0.417969
vt 0.127930 0.422852
vt 0.120117 0.422852
vt 0.519531 0.304688
vt 0.520508 0.304688
vt 0.520508 0.309570
vt 0.519531 0.309570
vt 0.686523 0.971680
vt 0.678711 0.971680
vt 0.678711 0.970703
vt 0.686523 0.970703
vt 0.686523 0.968750
vt 0.678711 0.968750
vt 0.678711 0.969727
vt 0.686523 0.969727
vt 0.158203 0.417969
vt 0.166016 0.417969
vt 0.166016 0.422852
vt 0.158203 0.422852
vt 0.521484 0.304688
vt 0.522461 0.304688
vt 0.522461 0.309570
vt 0.521484 0.309570
vt 0.187500 0.417969
vt 0.195312 0.417969
vt 0.195312 0.422852
vt 0.187500 0.422852
vt 0.523438 0.304688
vt 0.524414 0.304688
vt 0.524414 0.309570
vt 0.523438 0.309570
vt 0.686523 0.967773
vt 0.678711 0.967773
vt 0.678711 0.966797
vt 0.686523 0.966797
vt 0.074219 0.320312
vt 0.066406 0.320312
vt 0.066406 0.321289
vt 0.074219 0.321289
vt 0.196289 0.417969
vt 0.204102 0.417969
vt 0.204102 0.422852
vt 0.196289 0.422852
vt 0.541992 0.304688
vt 0.542969 0.304688
vt 0.542969 0.309570
vt 0.541992 0.309570
vt 0.205078 0.417969
vt 0.212891 0.417969
vt 0.212891 0.422852
vt 0.205078 0.422852
vt 0.562500 0.304688
vt 0.563477 0.304688
vt 0.563477 0.309570
vt 0.562500 0.309570
vt 0.686523 0.933594
vt 0.678711 0.933594
vt 0.678711 0.932617
vt 0.686523 0.932617
vt 0.686523 0.930664
vt 0.678711 0.930664
vt 0.678711 0.931641
vt 0.686523 0.931641
s 0
usemtl m_8a7aecf9-bc7d-1c53-4ad7-3ee173c6c92f
f 3996/11761/438 3999/11762/438 3997/11763/438 3994/11764/438
f 3995/11765/439 3996/11766/439 3994/11767/439 3993/11768/439
f 4000/11769/440 3995/11770/440 3993/11771/440 3998/11772/440
f 3999/11773/441 4000/11774/441 3998/11775/441 3997/11776/441
f 3998/11777/442 3993/11778/442 3994/11779/442 3997/11780/442
f 3999/11781/443 3996/11782/443 3995/11783/443 4000/11784/443
f 4004/11785/440 4007/11786/440 4005/11787/440 4002/11788/440
f 4003/11789/439 4004/11790/439 4002/11791/439 4001/11792/439
f 4008/11793/438 4003/11794/438 4001/11795/438 4006/11796/438
f 4007/11797/441 4008/11798/441 4006/11799/441 4005/11800/441
f 4006/11801/443 4001/11802/443 4002/11803/443 4005/11804/443
f 4007/11805/442 4004/11806/442 4003/11807/442 4008/11808/442
f 4012/11809/438 4015/11810/438 4013/11811/438 4010/11812/438
f 4011/11813/439 4012/11814/439 4010/11815/439 4009/11816/439
f 4016/11817/440 4011/11818/440 4009/11819/440 4014/11820/440
f 4015/11821/441 4016/11822/441 4014/11823/441 4013/11824/441
f 4014/11825/442 4009/11826/442 4010/11827/442 4013/11828/442
f 4015/11829/443 4012/11830/443 4011/11831/443 4016/11832/443
f 4020/11833/444 4023/11834/444 4021/11835/444 4018/11836/444
f 4019/11837/439 4020/11838/439 4018/11839/439 4017/11840/439
f 4024/11841/445 4019/11842/445 4017/11843/445 4022/11844/445
f 4023/11845/441 4024/11846/441 4022/11847/441 4021/11848/441
f 4022/11849/446 4017/11850/446 4018/11851/446 4021/11852/446
f 4023/11853/447 4020/11854/447 4019/11855/447 4024/11856/447
f 4028/11857/446 4031/11858/446 4029/11859/446 4026/11860/446
f 4027/11861/439 4028/11862/439 4026/11863/439 4025/11864/439
f 4032/11865/447 4027/11866/447 4025/11867/447 4030/11868/447
f 4031/11869/441 4032/11870/441 4030/11871/441 4029/11872/441
f 4030/11873/445 4025/11874/445 4026/11875/445 4029/11876/445
f 4031/11877/444 4028/11878/444 4027/11879/444 4032/11880/444
f 4036/11881/445 4039/11882/445 4037/11883/445 4034/11884/445
f 4035/11885/439 4036/11886/439 4034/11887/439 4033/11888/439
f 4040/11889/444 4035/11890/444 4033/11891/444 4038/11892/444
f 4039/11893/441 4040/11894/441 4038/11895/441 4037/11896/441
f 4038/11897/447 4033/11898/447 4034/11899/447 4037/11900/447
f 4039/11901/446 4036/11902/446 4035/11903/446 4040/11904/446
f 4044/11905/447 4047/11906/447 4045/11907/447 4042/11908/447
f 4043/11909/439 4044/11910/439 4042/11911/439 4041/11912/439
f 4048/11913/446 4043/11914/446 4041/11915/446 4046/11916/446
f 4047/11917/441 4048/11918/441 4046/11919/441 4045/11920/441
f 4046/11921/444 4041/11922/444 4042/11923/444 4045/11924/444
f 4047/11925/445 4044/11926/445 4043/11927/445 4048/11928/445
f 4052/11929/438 4055/11930/438 4053/11931/438 4050/11932/438
f 4051/11933/439 4052/11934/439 4050/11935/439 4049/11936/439
f 4056/11937/440 4051/11938/440 4049/11939/440 4054/11940/440
f 4055/11941/441 4056/11942/441 4054/11943/441 4053/11944/441
f 4054/11945/442 4049/11946/442 4050/11947/442 4053/11948/442
f 4055/11949/443 4052/11950/443 4051/11951/443 4056/11952/443
f 4060/11953/442 4063/11954/442 4061/11955/442 4058/11956/442
f 4059/11957/439 4060/11958/439 4058/11959/439 4057/11960/439
f 4064/11961/443 4059/11962/443 4057/11963/443 4062/11964/443
f 4063/11965/441 4064/11966/441 4062/11967/441 4061/11968/441
f 4062/11969/440 4057/11970/440 4058/11971/440 4061/11972/440
f 4063/11973/438 4060/11974/438 4059/11975/438 4064/11976/438
f 4068/11977/443 4071/11978/443 4069/11979/443 4066/11980/443
f 4067/11981/439 4068/11982/439 4066/11983/439 4065/11984/439
f 4072/11985/442 4067/11986/442 4065/11987/442 4070/11988/442
f 4071/11989/441 4072/11990/441 4070/11991/441 4069/11992/441
f 4070/11993/438 4065/11994/438 4066/11995/438 4069/11996/438
f 4071/11997/440 4068/11998/440 4067/11999/440 4072/12000/440
o w14
v 1.473055 0.557408 -1.402911
v 1.473055 0.369908 -1.402911
v 1.473055 0.557408 -1.590411
v 1.473055 0.369908 -1.590411
v 1.941805 0.369908 -1.402911
v 1.941805 0.557408 -1.402911
v 1.941805 0.369908 -1.590411
v 1.941805 0.557408 -1.590411
v 1.509685 0.801007 -1.668607
v 1.509685 0.871902 -1.668607
v 1.509685 0.801007 -1.326367
v 1.509685 0.871902 -1.326367
v 1.990380 0.871902 -1.668607
v 1.990380 0.801007 -1.668607
v 1.990380 0.871902 -1.326368
v 1.990380 0.801007 -1.326368
v 1.585555 0.814572 -1.147981
v 1.585555 0.114572 -1.147981
v 1.585555 0.814572 -1.847981
v 1.585555 0.114572 -1.847981
v 1.898055 0.114572 -1.147981
v 1.898055 0.814572 -1.147981
v 1.898055 0.114572 -1.847981
v 1.898055 0.814572 -1.847981
v 1.509060 0.578629 -1.861102
v 1.509060 0.629643 -1.912116
v 1.509060 0.821512 -1.618218
v 1.509060 0.872527 -1.669232
v 1.991004 0.629643 -1.912116
v 1.991004 0.578629 -1.861102
v 1.991005 0.872527 -1.669232
v 1.991005 0.821512 -1.618218
v 1.509060 0.094285 -1.618217
v 1.509060 0.043270 -1.669232
v 1.509060 0.337169 -1.861101
v 1.509060 0.286154 -1.912116
v 1.991005 0.043270 -1.669232
v 1.991005 0.094285 -1.618217
v 1.991004 0.286154 -1.912116
v 1.991004 0.337169 -1.861102
v 1.509060 0.337168 -1.133874
v 1.509060 0.286153 -1.082859
v 1.509060 0.094284 -1.376758
v 1.509060 0.043270 -1.325743
v 1.991005 0.286153 -1.082859
v 1.991005 0.337168 -1.133874
v 1.991005 0.043270 -1.325743
v 1.991005 0.094284 -1.376758
v 1.509060 0.821512 -1.376758
v 1.509060 0.872527 -1.325743
v 1.509060 0.578628 -1.133874
v 1.509060 0.629643 -1.082859
v 1.991005 0.872527 -1.325743
v 1.991005 0.821512 -1.376758
v 1.991005 0.629643 -1.082859
v 1.991005 0.578628 -1.133874
v 1.509685 0.114791 -1.326368
v 1.509685 0.043895 -1.326368
v 1.509685 0.114791 -1.668607
v 1.509685 0.043895 -1.668607
v 1.990380 0.043895 -1.326368
v 1.990380 0.114791 -1.326368
v 1.990380 0.043895 -1.668607
v 1.990380 0.114791 -1.668607
v 1.509685 0.629018 -1.154380
v 1.509685 0.629018 -1.083484
v 1.509685 0.286778 -1.154380
v 1.509685 0.286778 -1.083484
v 1.990380 0.629018 -1.083484
v 1.990380 0.629018 -1.154380
v 1.990380 0.286778 -1.083484
v 1.990380 0.286778 -1.154380
v 1.509685 0.286779 -1.840596
v 1.509685 0.286779 -1.911491
v 1.509685 0.629019 -1.840596
v 1.509685 0.629019 -1.911491
v 1.990379 0.286779 -1.911492
v 1.990379 0.286779 -1.840596
v 1.990379 0.629019 -1.911492
v 1.990379 0.629019 -1.840596
vn -0.0000 -1.0000 -0.0000
vn -1.0000 -0.0000 -0.0000
vn -0.0000 1.0000 -0.0000
vn 1.0000 -0.0000 -0.0000
vn -0.0000 -0.0000 1.0000
vn -0.0000 -0.0000 -1.0000
vn -0.0000 0.7071 -0.7071
vn -0.0000 -0.7071 0.7071
vn -0.0000 -0.7071 -0.7071
vn -0.0000 0.7071 0.7071
vt 0.616211 0.585938
vt 0.624023 0.585938
vt 0.624023 0.588867
vt 0.616211 0.588867
vt 0.638672 0.331055
vt 0.641602 0.331055
vt 0.641602 0.333984
vt 0.638672 0.333984
vt 0.439453 0.380859
vt 0.447266 0.380859
vt 0.447266 0.383789
vt 0.439453 0.383789
vt 0.666016 0.356445
vt 0.668945 0.356445
vt 0.668945 0.359375
vt 0.666016 0.359375
vt 0.489258 0.383789
vt 0.481445 0.383789
vt 0.481445 0.380859
vt 0.489258 0.380859
vt 0.498047 0.380859
vt 0.490234 0.380859
vt 0.490234 0.383789
vt 0.498047 0.383789
vt 0.227539 0.417969
vt 0.235352 0.417969
vt 0.235352 0.422852
vt 0.227539 0.422852
vt 0.566406 0.304688
vt 0.567383 0.304688
vt 0.567383 0.309570
vt 0.566406 0.309570
vt 0.270508 0.417969
vt 0.278320 0.417969
vt 0.278320 0.422852
vt 0.270508 0.422852
vt 0.568359 0.304688
vt 0.569336 0.304688
vt 0.569336 0.309570
vt 0.568359 0.309570
vt 0.686523 0.919922
vt 0.678711 0.919922
vt 0.678711 0.918945
vt 0.686523 0.918945
vt 0.131836 0.320312
vt 0.124023 0.320312
vt 0.124023 0.321289
vt 0.131836 0.321289
vt 0.539062 0.533203
vt 0.543945 0.533203
vt 0.543945 0.543945
vt 0.539062 0.543945
vt 0.433594 0.549805
vt 0.444336 0.549805
vt 0.444336 0.560547
vt 0.433594 0.560547
vt 0.539062 0.479492
vt 0.543945 0.479492
vt 0.543945 0.490234
vt 0.539062 0.490234
vt 0.440430 0.738281
vt 0.451172 0.738281
vt 0.451172 0.749023
vt 0.440430 0.749023
vt 0.004883 0.459961
vt 0.000000 0.459961
vt 0.000000 0.449219
vt 0.004883 0.449219
vt 0.544922 0.777344
vt 0.540039 0.777344
vt 0.540039 0.788086
vt 0.544922 0.788086
vt 0.279297 0.417969
vt 0.287109 0.417969
vt 0.287109 0.422852
vt 0.279297 0.422852
vt 0.570312 0.304688
vt 0.571289 0.304688
vt 0.571289 0.309570
vt 0.570312 0.309570
vt 0.329102 0.417969
vt 0.336914 0.417969
vt 0.336914 0.422852
vt 0.329102 0.422852
vt 0.690430 0.417969
vt 0.691406 0.417969
vt 0.691406 0.422852
vt 0.690430 0.422852
vt 0.686523 0.867188
vt 0.678711 0.867188
vt 0.678711 0.866211
vt 0.686523 0.866211
vt 0.686523 0.856445
vt 0.678711 0.856445
vt 0.678711 0.857422
vt 0.686523 0.857422
vt 0.337891 0.417969
vt 0.345703 0.417969
vt 0.345703 0.422852
vt 0.337891 0.422852
vt 0.690430 0.400391
vt 0.691406 0.400391
vt 0.691406 0.405273
vt 0.690430 0.405273
vt 0.390625 0.417969
vt 0.398438 0.417969
vt 0.398438 0.422852
vt 0.390625 0.422852
vt 0.690430 0.389648
vt 0.691406 0.389648
vt 0.691406 0.394531
vt 0.690430 0.394531
vt 0.686523 0.855469
vt 0.678711 0.855469
vt 0.678711 0.854492
vt 0.686523 0.854492
vt 0.186523 0.320312
vt 0.178711 0.320312
vt 0.178711 0.321289
vt 0.186523 0.321289
vt 0.577148 0.570312
vt 0.584961 0.570312
vt 0.584961 0.575195
vt 0.577148 0.575195
vt 0.613281 0.304688
vt 0.614258 0.304688
vt 0.614258 0.309570
vt 0.613281 0.309570
vt 0.431641 0.417969
vt 0.439453 0.417969
vt 0.439453 0.422852
vt 0.431641 0.422852
vt 0.632812 0.304688
vt 0.633789 0.304688
vt 0.633789 0.309570
vt 0.632812 0.309570
vt 0.686523 0.821289
vt 0.678711 0.821289
vt 0.678711 0.820312
vt 0.686523 0.820312
vt 0.686523 0.818359
vt 0.678711 0.818359
vt 0.678711 0.819336
vt 0.686523 0.819336
vt 0.577148 0.558594
vt 0.584961 0.558594
vt 0.584961 0.563477
vt 0.577148 0.563477
vt 0.634766 0.304688
vt 0.635742 0.304688
vt 0.635742 0.309570
vt 0.634766 0.309570
vt 0.440430 0.417969
vt 0.448242 0.417969
vt 0.448242 0.422852
vt 0.440430 0.422852
vt 0.636719 0.304688
vt 0.637695 0.304688
vt 0.637695 0.309570
vt 0.636719 0.309570
vt 0.195312 0.321289
vt 0.187500 0.321289
vt 0.187500 0.320312
vt 0.195312 0.320312
vt 0.686523 0.803711
vt 0.678711 0.803711
vt 0.678711 0.804688
vt 0.686523 0.804688
vt 0.449219 0.417969
vt 0.457031 0.417969
vt 0.457031 0.422852
vt 0.449219 0.422852
vt 0.689453 0.304688
vt 0.690430 0.304688
vt 0.690430 0.309570
vt 0.689453 0.309570
vt 0.458008 0.417969
vt 0.465820 0.417969
vt 0.465820 0.422852
vt 0.458008 0.422852
vt 0.691406 0.995117
vt 0.692383 0.995117
vt 0.692383 1.000000
vt 0.691406 1.000000
vt 0.204102 0.321289
vt 0.196289 0.321289
vt 0.196289 0.320312
vt 0.204102 0.320312
vt 0.686523 0.801758
vt 0.678711 0.801758
vt 0.678711 0.802734
vt 0.686523 0.802734
vt 0.577148 0.512695
vt 0.584961 0.512695
vt 0.584961 0.517578
vt 0.577148 0.517578
vt 0.691406 0.983398
vt 0.692383 0.983398
vt 0.692383 0.988281
vt 0.691406 0.988281
vt 0.502930 0.417969
vt 0.510742 0.417969
vt 0.510742 0.422852
vt 0.502930 0.422852
vt 0.015625 0.303711
vt 0.016602 0.303711
vt 0.016602 0.308594
vt 0.015625 0.308594
vt 0.686523 0.800781
vt 0.678711 0.800781
vt 0.678711 0.799805
vt 0.686523 0.799805
vt 0.686523 0.797852
vt 0.678711 0.797852
vt 0.678711 0.798828
vt 0.686523 0.798828
vt 0.511719 0.417969
vt 0.519531 0.417969
vt 0.519531 0.422852
vt 0.511719 0.422852
vt 0.017578 0.303711
vt 0.018555 0.303711
vt 0.018555 0.308594
vt 0.017578 0.308594
vt 0.577148 0.483398
vt 0.584961 0.483398
vt 0.584961 0.488281
vt 0.577148 0.488281
vt 0.691406 0.977539
vt 0.692383 0.977539
vt 0.692383 0.982422
vt 0.691406 0.982422
vt 0.686523 0.792969
vt 0.678711 0.792969
vt 0.678711 0.791992
vt 0.686523 0.791992
vt 0.686523 0.782227
vt 0.678711 0.782227
vt 0.678711 0.783203
vt 0.686523 0.783203
s 0
usemtl m_8a7aecf9-bc7d-1c53-4ad7-3ee173c6c92f
f 4076/12001/448 4079/12002/448 4077/12003/448 4074/12004/448
f 4075/12005/449 4076/12006/449 4074/12007/449 4073/12008/449
f 4080/12009/450 4075/12010/450 4073/12011/450 4078/12012/450
f 4079/12013/451 4080/12014/451 4078/12015/451 4077/12016/451
f 4078/12017/452 4073/12018/452 4074/12019/452 4077/12020/452
f 4079/12021/453 4076/12022/453 4075/12023/453 4080/12024/453
f 4084/12025/450 4087/12026/450 4085/12027/450 4082/12028/450
f 4083/12029/449 4084/12030/449 4082/12031/449 4081/12032/449
f 4088/12033/448 4083/12034/448 4081/12035/448 4086/12036/448
f 4087/12037/451 4088/12038/451 4086/12039/451 4085/12040/451
f 4086/12041/453 4081/12042/453 4082/12043/453 4085/12044/453
f 4087/12045/452 4084/12046/452 4083/12047/452 4088/12048/452
f 4092/12049/448 4095/12050/448 4093/12051/448 4090/12052/448
f 4091/12053/449 4092/12054/449 4090/12055/449 4089/12056/449
f 4096/12057/450 4091/12058/450 4089/12059/450 4094/12060/450
f 4095/12061/451 4096/12062/451 4094/12063/451 4093/12064/451
f 4094/12065/452 4089/12066/452 4090/12067/452 4093/12068/452
f 4095/12069/453 4092/12070/453 4091/12071/453 4096/12072/453
f 4100/12073/454 4103/12074/454 4101/12075/454 4098/12076/454
f 4099/12077/449 4100/12078/449 4098/12079/449 4097/12080/449
f 4104/12081/455 4099/12082/455 4097/12083/455 4102/12084/455
f 4103/12085/451 4104/12086/451 4102/12087/451 4101/12088/451
f 4102/12089/456 4097/12090/456 4098/12091/456 4101/12092/456
f 4103/12093/457 4100/12094/457 4099/12095/457 4104/12096/457
f 4108/12097/456 4111/12098/456 4109/12099/456 4106/12100/456
f 4107/12101/449 4108/12102/449 4106/12103/449 4105/12104/449
f 4112/12105/457 4107/12106/457 4105/12107/457 4110/12108/457
f 4111/12109/451 4112/12110/451 4110/12111/451 4109/12112/451
f 4110/12113/455 4105/12114/455 4106/12115/455 4109/12116/455
f 4111/12117/454 4108/12118/454 4107/12119/454 4112/12120/454
f 4116/12121/455 4119/12122/455 4117/12123/455 4114/12124/455
f 4115/12125/449 4116/12126/449 4114/12127/449 4113/12128/449
f 4120/12129/454 4115/12130/454 4113/12131/454 4118/12132/454
f 4119/12133/451 4120/12134/451 4118/12135/451 4117/12136/451
f 4118/12137/457 4113/12138/457 4114/12139/457 4117/12140/457
f 4119/12141/456 4116/12142/456 4115/12143/456 4120/12144/456
f 4124/12145/457 4127/12146/457 4125/12147/457 4122/12148/457
f 4123/12149/449 4124/12150/449 4122/12151/449 4121/12152/449
f 4128/12153/456 4123/12154/456 4121/12155/456 4126/12156/456
f 4127/12157/451 4128/12158/451 4126/12159/451 4125/12160/451
f 4126/12161/454 4121/12162/454 4122/12163/454 4125/12164/454
f 4127/12165/455 4124/12166/455 4123/12167/455 4128/12168/455
f 4132/12169/448 4135/12170/448 4133/12171/448 4130/12172/448
f 4131/12173/449 4132/12174/449 4130/12175/449 4129/12176/449
f 4136/12177/450 4131/12178/450 4129/12179/450 4134/12180/450
f 4135/12181/451 4136/12182/451 4134/12183/451 4133/12184/451
f 4134/12185/452 4129/12186/452 4130/12187/452 4133/12188/452
f 4135/12189/453 4132/12190/453 4131/12191/453 4136/12192/453
f 4140/12193/452 4143/12194/452 4141/12195/452 4138/12196/452
f 4139/12197/449 4140/12198/449 4138/12199/449 4137/12200/449
f 4144/12201/453 4139/12202/453 4137/12203/453 4142/12204/453
f 4143/12205/451 4144/12206/451 4142/12207/451 4141/12208/451
f 4142/12209/450 4137/12210/450 4138/12211/450 4141/12212/450
f 4143/12213/448 4140/12214/448 4139/12215/448 4144/12216/448
f 4148/12217/453 4151/12218/453 4149/12219/453 4146/12220/453
f 4147/12221/449 4148/12222/449 4146/12223/449 4145/12224/449
f 4152/12225/452 4147/12226/452 4145/12227/452 4150/12228/452
f 4151/12229/451 4152/12230/451 4150/12231/451 4149/12232/451
f 4150/12233/448 4145/12234/448 4146/12235/448 4149/12236/448
f 4151/12237/450 4148/12238/450 4147/12239/450 4152/12240/450
o w12
v 1.473055 0.557408 0.578339
v 1.473055 0.369908 0.578339
v 1.473055 0.557408 0.390839
v 1.473055 0.369908 0.390839
v 1.941805 0.369908 0.578339
v 1.941805 0.557408 0.578339
v 1.941805 0.369908 0.390839
v 1.941805 0.557408 0.390839
v 1.509686 0.801006 0.312643
v 1.509686 0.871902 0.312643
v 1.509686 0.801006 0.654882
v 1.509686 0.871902 0.654882
v 1.990380 0.871902 0.312643
v 1.990380 0.801006 0.312643
v 1.990380 0.871902 0.654882
v 1.990380 0.801006 0.654882
v 1.585556 0.814572 0.833269
v 1.585556 0.114572 0.833269
v 1.585555 0.814572 0.133269
v 1.585555 0.114572 0.133269
v 1.898056 0.114572 0.833269
v 1.898056 0.814572 0.833269
v 1.898055 0.114572 0.133269
v 1.898055 0.814572 0.133269
v 1.509061 0.578628 0.120148
v 1.509061 0.629643 0.069134
v 1.509061 0.821512 0.363032
v 1.509061 0.872527 0.312018
v 1.991005 0.629643 0.069134
v 1.991005 0.578628 0.120148
v 1.991005 0.872527 0.312018
v 1.991005 0.821512 0.363032
v 1.509061 0.094285 0.363033
v 1.509061 0.043270 0.312018
v 1.509061 0.337169 0.120149
v 1.509061 0.286154 0.069134
v 1.991005 0.043270 0.312018
v 1.991005 0.094285 0.363032
v 1.991005 0.286154 0.069134
v 1.991005 0.337169 0.120149
v 1.509061 0.337168 0.847376
v 1.509061 0.286153 0.898391
v 1.509061 0.094284 0.604492
v 1.509061 0.043269 0.655507
v 1.991005 0.286153 0.898391
v 1.991005 0.337168 0.847376
v 1.991005 0.043269 0.655507
v 1.991005 0.094284 0.604492
v 1.509061 0.821512 0.604492
v 1.509061 0.872527 0.655507
v 1.509061 0.578628 0.847376
v 1.509061 0.629643 0.898391
v 1.991005 0.872527 0.655507
v 1.991005 0.821512 0.604492
v 1.991005 0.629643 0.898391
v 1.991005 0.578628 0.847376
v 1.509686 0.114791 0.654882
v 1.509686 0.043895 0.654882
v 1.509686 0.114791 0.312643
v 1.509686 0.043895 0.312643
v 1.990380 0.043895 0.654882
v 1.990380 0.114791 0.654882
v 1.990380 0.043895 0.312642
v 1.990380 0.114791 0.312642
v 1.509686 0.629018 0.826870
v 1.509686 0.629018 0.897766
v 1.509686 0.286778 0.826870
v 1.509686 0.286778 0.897766
v 1.990380 0.629018 0.897766
v 1.990380 0.629018 0.826870
v 1.990380 0.286778 0.897766
v 1.990380 0.286778 0.826870
v 1.509686 0.286779 0.140654
v 1.509686 0.286779 0.069759
v 1.509686 0.629018 0.140654
v 1.509686 0.629018 0.069759
v 1.990380 0.286779 0.069758
v 1.990380 0.286779 0.140654
v 1.990380 0.629018 0.069759
v 1.990380 0.629018 0.140654
vn -0.0000 -1.0000 -0.0000
vn -1.0000 -0.0000 -0.0000
vn -0.0000 1.0000 -0.0000
vn 1.0000 -0.0000 -0.0000
vn -0.0000 -0.0000 1.0000
vn -0.0000 -0.0000 -1.0000
vn -0.0000 0.7071 -0.7071
vn -0.0000 -0.7071 0.7071
vn -0.0000 -0.7071 -0.7071
vn -0.0000 0.7071 0.7071
vt 0.616211 0.907227
vt 0.624023 0.907227
vt 0.624023 0.910156
vt 0.616211 0.910156
vt 0.626953 0.331055
vt 0.629883 0.331055
vt 0.629883 0.333984
vt 0.626953 0.333984
vt 0.094727 0.380859
vt 0.102539 0.380859
vt 0.102539 0.383789
vt 0.094727 0.383789
vt 0.630859 0.331055
vt 0.633789 0.331055
vt 0.633789 0.333984
vt 0.630859 0.333984
vt 0.624023 0.846680
vt 0.616211 0.846680
vt 0.616211 0.843750
vt 0.624023 0.843750
vt 0.624023 0.839844
vt 0.616211 0.839844
vt 0.616211 0.842773
vt 0.624023 0.842773
vt 0.575195 0.978516
vt 0.583008 0.978516
vt 0.583008 0.983398
vt 0.575195 0.983398
vt 0.360352 0.304688
vt 0.361328 0.304688
vt 0.361328 0.309570
vt 0.360352 0.309570
vt 0.320312 0.419922
vt 0.328125 0.419922
vt 0.328125 0.424805
vt 0.320312 0.424805
vt 0.362305 0.304688
vt 0.363281 0.304688
vt 0.363281 0.309570
vt 0.362305 0.309570
vt 0.685547 0.422852
vt 0.677734 0.422852
vt 0.677734 0.421875
vt 0.685547 0.421875
vt 0.685547 0.395508
vt 0.677734 0.395508
vt 0.677734 0.396484
vt 0.685547 0.396484
vt 0.537109 0.503906
vt 0.541992 0.503906
vt 0.541992 0.514648
vt 0.537109 0.514648
vt 0.439453 0.842773
vt 0.450195 0.842773
vt 0.450195 0.853516
vt 0.439453 0.853516
vt 0.538086 0.941406
vt 0.542969 0.941406
vt 0.542969 0.952148
vt 0.538086 0.952148
vt 0.362305 0.549805
vt 0.373047 0.549805
vt 0.373047 0.560547
vt 0.362305 0.560547
vt 0.542969 0.929688
vt 0.538086 0.929688
vt 0.538086 0.918945
vt 0.542969 0.918945
vt 0.542969 0.907227
vt 0.538086 0.907227
vt 0.538086 0.917969
vt 0.542969 0.917969
vt 0.575195 0.551758
vt 0.583008 0.551758
vt 0.583008 0.556641
vt 0.575195 0.556641
vt 0.364258 0.304688
vt 0.365234 0.304688
vt 0.365234 0.309570
vt 0.364258 0.309570
vt 0.575195 0.489258
vt 0.583008 0.489258
vt 0.583008 0.494141
vt 0.575195 0.494141
vt 0.366211 0.304688
vt 0.367188 0.304688
vt 0.367188 0.309570
vt 0.366211 0.309570
vt 0.685547 0.394531
vt 0.677734 0.394531
vt 0.677734 0.393555
vt 0.685547 0.393555
vt 0.685547 0.383789
vt 0.677734 0.383789
vt 0.677734 0.384766
vt 0.685547 0.384766
vt 0.575195 0.437500
vt 0.583008 0.437500
vt 0.583008 0.442383
vt 0.575195 0.442383
vt 0.371094 0.304688
vt 0.372070 0.304688
vt 0.372070 0.309570
vt 0.371094 0.309570
vt 0.014648 0.418945
vt 0.022461 0.418945
vt 0.022461 0.423828
vt 0.014648 0.423828
vt 0.388672 0.304688
vt 0.389648 0.304688
vt 0.389648 0.309570
vt 0.388672 0.309570
vt 0.685547 0.382812
vt 0.677734 0.382812
vt 0.677734 0.381836
vt 0.685547 0.381836
vt 0.685547 0.375977
vt 0.677734 0.375977
vt 0.677734 0.376953
vt 0.685547 0.376953
vt 0.134766 0.418945
vt 0.142578 0.418945
vt 0.142578 0.423828
vt 0.134766 0.423828
vt 0.390625 0.304688
vt 0.391602 0.304688
vt 0.391602 0.309570
vt 0.390625 0.309570
vt 0.143555 0.418945
vt 0.151367 0.418945
vt 0.151367 0.423828
vt 0.143555 0.423828
vt 0.392578 0.304688
vt 0.393555 0.304688
vt 0.393555 0.309570
vt 0.392578 0.309570
vt 0.632812 0.322266
vt 0.625000 0.322266
vt 0.625000 0.321289
vt 0.632812 0.321289
vt 0.685547 0.366211
vt 0.677734 0.366211
vt 0.677734 0.367188
vt 0.685547 0.367188
vt 0.576172 0.810547
vt 0.583984 0.810547
vt 0.583984 0.815430
vt 0.576172 0.815430
vt 0.394531 0.304688
vt 0.395508 0.304688
vt 0.395508 0.309570
vt 0.394531 0.309570
vt 0.576172 0.804688
vt 0.583984 0.804688
vt 0.583984 0.809570
vt 0.576172 0.809570
vt 0.427734 0.304688
vt 0.428711 0.304688
vt 0.428711 0.309570
vt 0.427734 0.309570
vt 0.685547 0.365234
vt 0.677734 0.365234
vt 0.677734 0.364258
vt 0.685547 0.364258
vt 0.685547 0.362305
vt 0.677734 0.362305
vt 0.677734 0.363281
vt 0.685547 0.363281
vt 0.576172 0.728516
vt 0.583984 0.728516
vt 0.583984 0.733398
vt 0.576172 0.733398
vt 0.429688 0.304688
vt 0.430664 0.304688
vt 0.430664 0.309570
vt 0.429688 0.309570
vt 0.378906 0.418945
vt 0.386719 0.418945
vt 0.386719 0.423828
vt 0.378906 0.423828
vt 0.431641 0.304688
vt 0.432617 0.304688
vt 0.432617 0.309570
vt 0.431641 0.309570
vt 0.685547 0.361328
vt 0.677734 0.361328
vt 0.677734 0.360352
vt 0.685547 0.360352
vt 0.685547 0.358398
vt 0.677734 0.358398
vt 0.677734 0.359375
vt 0.685547 0.359375
vt 0.576172 0.614258
vt 0.583984 0.614258
vt 0.583984 0.619141
vt 0.576172 0.619141
vt 0.433594 0.304688
vt 0.434570 0.304688
vt 0.434570 0.309570
vt 0.433594 0.309570
vt 0.576172 0.608398
vt 0.583984 0.608398
vt 0.583984 0.613281
vt 0.576172 0.613281
vt 0.435547 0.304688
vt 0.436523 0.304688
vt 0.436523 0.309570
vt 0.435547 0.309570
vt 0.685547 0.346680
vt 0.677734 0.346680
vt 0.677734 0.345703
vt 0.685547 0.345703
vt 0.685547 0.343750
vt 0.677734 0.343750
vt 0.677734 0.344727
vt 0.685547 0.344727
vt 0.576172 0.595703
vt 0.583984 0.595703
vt 0.583984 0.600586
vt 0.576172 0.600586
vt 0.437500 0.304688
vt 0.438477 0.304688
vt 0.438477 0.309570
vt 0.437500 0.309570
vt 0.576172 0.589844
vt 0.583984 0.589844
vt 0.583984 0.594727
vt 0.576172 0.594727
vt 0.443359 0.304688
vt 0.444336 0.304688
vt 0.444336 0.309570
vt 0.443359 0.309570
vt 0.685547 0.334961
vt 0.677734 0.334961
vt 0.677734 0.333984
vt 0.685547 0.333984
vt 0.685547 0.324219
vt 0.677734 0.324219
vt 0.677734 0.325195
vt 0.685547 0.325195
s 0
usemtl m_8a7aecf9-bc7d-1c53-4ad7-3ee173c6c92f
f 4156/12241/458 4159/12242/458 4157/12243/458 4154/12244/458
f 4155/12245/459 4156/12246/459 4154/12247/459 4153/12248/459
f 4160/12249/460 4155/12250/460 4153/12251/460 4158/12252/460
f 4159/12253/461 4160/12254/461 4158/12255/461 4157/12256/461
f 4158/12257/462 4153/12258/462 4154/12259/462 4157/12260/462
f 4159/12261/463 4156/12262/463 4155/12263/463 4160/12264/463
f 4164/12265/460 4167/12266/460 4165/12267/460 4162/12268/460
f 4163/12269/459 4164/12270/459 4162/12271/459 4161/12272/459
f 4168/12273/458 4163/12274/458 4161/12275/458 4166/12276/458
f 4167/12277/461 4168/12278/461 4166/12279/461 4165/12280/461
f 4166/12281/463 4161/12282/463 4162/12283/463 4165/12284/463
f 4167/12285/462 4164/12286/462 4163/12287/462 4168/12288/462
f 4172/12289/458 4175/12290/458 4173/12291/458 4170/12292/458
f 4171/12293/459 4172/12294/459 4170/12295/459 4169/12296/459
f 4176/12297/460 4171/12298/460 4169/12299/460 4174/12300/460
f 4175/12301/461 4176/12302/461 4174/12303/461 4173/12304/461
f 4174/12305/462 4169/12306/462 4170/12307/462 4173/12308/462
f 4175/12309/463 4172/12310/463 4171/12311/463 4176/12312/463
f 4180/12313/464 4183/12314/464 4181/12315/464 4178/12316/464
f 4179/12317/459 4180/12318/459 4178/12319/459 4177/12320/459
f 4184/12321/465 4179/12322/465 4177/12323/465 4182/12324/465
f 4183/12325/461 4184/12326/461 4182/12327/461 4181/12328/461
f 4182/12329/466 4177/12330/466 4178/12331/466 4181/12332/466
f 4183/12333/467 4180/12334/467 4179/12335/467 4184/12336/467
f 4188/12337/466 4191/12338/466 4189/12339/466 4186/12340/466
f 4187/12341/459 4188/12342/459 4186/12343/459 4185/12344/459
f 4192/12345/467 4187/12346/467 4185/12347/467 4190/12348/467
f 4191/12349/461 4192/12350/461 4190/12351/461 4189/12352/461
f 4190/12353/465 4185/12354/465 4186/12355/465 4189/12356/465
f 4191/12357/464 4188/12358/464 4187/12359/464 4192/12360/464
f 4196/12361/465 4199/12362/465 4197/12363/465 4194/12364/465
f 4195/12365/459 4196/12366/459 4194/12367/459 4193/12368/459
f 4200/12369/464 4195/12370/464 4193/12371/464 4198/12372/464
f 4199/12373/461 4200/12374/461 4198/12375/461 4197/12376/461
f 4198/12377/467 4193/12378/467 4194/12379/467 4197/12380/467
f 4199/12381/466 4196/12382/466 4195/12383/466 4200/12384/466
f 4204/12385/467 4207/12386/467 4205/12387/467 4202/12388/467
f 4203/12389/459 4204/12390/459 4202/12391/459 4201/12392/459
f 4208/12393/466 4203/12394/466 4201/12395/466 4206/12396/466
f 4207/12397/461 4208/12398/461 4206/12399/461 4205/12400/461
f 4206/12401/464 4201/12402/464 4202/12403/464 4205/12404/464
f 4207/12405/465 4204/12406/465 4203/12407/465 4208/12408/465
f 4212/12409/458 4215/12410/458 4213/12411/458 4210/12412/458
f 4211/12413/459 4212/12414/459 4210/12415/459 4209/12416/459
f 4216/12417/460 4211/12418/460 4209/12419/460 4214/12420/460
f 4215/12421/461 4216/12422/461 4214/12423/461 4213/12424/461
f 4214/12425/462 4209/12426/462 4210/12427/462 4213/12428/462
f 4215/12429/463 4212/12430/463 4211/12431/463 4216/12432/463
f 4220/12433/462 4223/12434/462 4221/12435/462 4218/12436/462
f 4219/12437/459 4220/12438/459 4218/12439/459 4217/12440/459
f 4224/12441/463 4219/12442/463 4217/12443/463 4222/12444/463
f 4223/12445/461 4224/12446/461 4222/12447/461 4221/12448/461
f 4222/12449/460 4217/12450/460 4218/12451/460 4221/12452/460
f 4223/12453/458 4220/12454/458 4219/12455/458 4224/12456/458
f 4228/12457/463 4231/12458/463 4229/12459/463 4226/12460/463
f 4227/12461/459 4228/12462/459 4226/12463/459 4225/12464/459
f 4232/12465/462 4227/12466/462 4225/12467/462 4230/12468/462
f 4231/12469/461 4232/12470/461 4230/12471/461 4229/12472/461
f 4230/12473/458 4225/12474/458 4226/12475/458 4229/12476/458
f 4231/12477/460 4228/12478/460 4227/12479/460 4232/12480/460
o w15
v 1.473055 0.557408 -2.365411
v 1.473055 0.369908 -2.365411
v 1.473055 0.557408 -2.552911
v 1.473055 0.369908 -2.552911
v 1.941805 0.369908 -2.365411
v 1.941805 0.557408 -2.365411
v 1.941805 0.369908 -2.552911
v 1.941805 0.557408 -2.552911
v 1.509685 0.801007 -2.631107
v 1.509685 0.871902 -2.631107
v 1.509685 0.801007 -2.288868
v 1.509685 0.871902 -2.288868
v 1.990379 0.871902 -2.631107
v 1.990379 0.801007 -2.631107
v 1.990379 0.871902 -2.288868
v 1.990379 0.801007 -2.288868
v 1.585555 0.814572 -2.110481
v 1.585555 0.114572 -2.110481
v 1.585555 0.814572 -2.810481
v 1.585555 0.114572 -2.810481
v 1.898055 0.114572 -2.110481
v 1.898055 0.814572 -2.110481
v 1.898055 0.114572 -2.810481
v 1.898055 0.814572 -2.810481
v 1.509060 0.578629 -2.823602
v 1.509060 0.629643 -2.874616
v 1.509060 0.821512 -2.580718
v 1.509060 0.872527 -2.631732
v 1.991004 0.629643 -2.874617
v 1.991004 0.578629 -2.823602
v 1.991004 0.872527 -2.631732
v 1.991004 0.821512 -2.580718
v 1.509060 0.094285 -2.580718
v 1.509060 0.043270 -2.631732
v 1.509060 0.337169 -2.823601
v 1.509060 0.286154 -2.874616
v 1.991004 0.043270 -2.631732
v 1.991004 0.094285 -2.580718
v 1.991004 0.286154 -2.874616
v 1.991004 0.337169 -2.823601
v 1.509060 0.337168 -2.096374
v 1.509060 0.286153 -2.045359
v 1.509060 0.094284 -2.339258
v 1.509060 0.043270 -2.288243
v 1.991004 0.286153 -2.045359
v 1.991004 0.337168 -2.096374
v 1.991004 0.043270 -2.288243
v 1.991004 0.094284 -2.339258
v 1.509060 0.821512 -2.339258
v 1.509060 0.872527 -2.288243
v 1.509060 0.578628 -2.096374
v 1.509060 0.629643 -2.045359
v 1.991004 0.872527 -2.288243
v 1.991004 0.821512 -2.339258
v 1.991004 0.629643 -2.045359
v 1.991004 0.578628 -2.096374
v 1.509685 0.114791 -2.288868
v 1.509685 0.043895 -2.288868
v 1.509685 0.114791 -2.631108
v 1.509685 0.043895 -2.631108
v 1.990379 0.043895 -2.288868
v 1.990379 0.114791 -2.288868
v 1.990379 0.043895 -2.631108
v 1.990379 0.114791 -2.631108
v 1.509685 0.629018 -2.116880
v 1.509685 0.629018 -2.045984
v 1.509685 0.286778 -2.116880
v 1.509685 0.286778 -2.045984
v 1.990379 0.629018 -2.045985
v 1.990379 0.629018 -2.116880
v 1.990379 0.286778 -2.045985
v 1.990379 0.286778 -2.116880
v 1.509685 0.286779 -2.803096
v 1.509685 0.286779 -2.873991
v 1.509685 0.629019 -2.803096
v 1.509685 0.629019 -2.873991
v 1.990379 0.286779 -2.873992
v 1.990379 0.286779 -2.803096
v 1.990379 0.629019 -2.873992
v 1.990379 0.629019 -2.803096
vn -0.0000 -1.0000 -0.0000
vn -1.0000 -0.0000 -0.0000
vn -0.0000 1.0000 -0.0000
vn 1.0000 -0.0000 -0.0000
vn -0.0000 -0.0000 1.0000
vn -0.0000 -0.0000 -1.0000
vn -0.0000 0.7071 -0.7071
vn -0.0000 -0.7071 0.7071
vn -0.0000 -0.7071 -0.7071
vn -0.0000 0.7071 0.7071
vt 0.616211 0.459961
vt 0.624023 0.459961
vt 0.624023 0.462891
vt 0.616211 0.462891
vt 0.666992 0.997070
vt 0.669922 0.997070
vt 0.669922 1.000000
vt 0.666992 1.000000
vt 0.571289 0.380859
vt 0.579102 0.380859
vt 0.579102 0.383789
vt 0.571289 0.383789
vt 0.666992 0.973633
vt 0.669922 0.973633
vt 0.669922 0.976562
vt 0.666992 0.976562
vt 0.624023 0.389648
vt 0.616211 0.389648
vt 0.616211 0.386719
vt 0.624023 0.386719
vt 0.022461 0.379883
vt 0.014648 0.379883
vt 0.014648 0.382812
vt 0.022461 0.382812
vt 0.520508 0.417969
vt 0.528320 0.417969
vt 0.528320 0.422852
vt 0.520508 0.422852
vt 0.019531 0.303711
vt 0.020508 0.303711
vt 0.020508 0.308594
vt 0.019531 0.308594
vt 0.538086 0.417969
vt 0.545898 0.417969
vt 0.545898 0.422852
vt 0.538086 0.422852
vt 0.021484 0.303711
vt 0.022461 0.303711
vt 0.022461 0.308594
vt 0.021484 0.308594
vt 0.252930 0.321289
vt 0.245117 0.321289
vt 0.245117 0.320312
vt 0.252930 0.320312
vt 0.686523 0.733398
vt 0.678711 0.733398
vt 0.678711 0.734375
vt 0.686523 0.734375
vt 0.227539 0.449219
vt 0.232422 0.449219
vt 0.232422 0.459961
vt 0.227539 0.459961
vt 0.326172 0.548828
vt 0.336914 0.548828
vt 0.336914 0.559570
vt 0.326172 0.559570
vt 0.233398 0.449219
vt 0.238281 0.449219
vt 0.238281 0.459961
vt 0.233398 0.459961
vt 0.350586 0.548828
vt 0.361328 0.548828
vt 0.361328 0.559570
vt 0.350586 0.559570
vt 0.544922 0.704102
vt 0.540039 0.704102
vt 0.540039 0.693359
vt 0.544922 0.693359
vt 0.433594 0.449219
vt 0.428711 0.449219
vt 0.428711 0.459961
vt 0.433594 0.459961
vt 0.577148 0.431641
vt 0.584961 0.431641
vt 0.584961 0.436523
vt 0.577148 0.436523
vt 0.023438 0.303711
vt 0.024414 0.303711
vt 0.024414 0.308594
vt 0.023438 0.308594
vt 0.578125 0.968750
vt 0.585938 0.968750
vt 0.585938 0.973633
vt 0.578125 0.973633
vt 0.691406 0.971680
vt 0.692383 0.971680
vt 0.692383 0.976562
vt 0.691406 0.976562
vt 0.686523 0.716797
vt 0.678711 0.716797
vt 0.678711 0.715820
vt 0.686523 0.715820
vt 0.686523 0.703125
vt 0.678711 0.703125
vt 0.678711 0.704102
vt 0.686523 0.704102
vt 0.578125 0.958008
vt 0.585938 0.958008
vt 0.585938 0.962891
vt 0.578125 0.962891
vt 0.025391 0.303711
vt 0.026367 0.303711
vt 0.026367 0.308594
vt 0.025391 0.308594
vt 0.578125 0.952148
vt 0.585938 0.952148
vt 0.585938 0.957031
vt 0.578125 0.957031
vt 0.027344 0.303711
vt 0.028320 0.303711
vt 0.028320 0.308594
vt 0.027344 0.308594
vt 0.686523 0.696289
vt 0.678711 0.696289
vt 0.678711 0.695312
vt 0.686523 0.695312
vt 0.686523 0.675781
vt 0.678711 0.675781
vt 0.678711 0.676758
vt 0.686523 0.676758
vt 0.062500 0.416992
vt 0.070312 0.416992
vt 0.070312 0.421875
vt 0.062500 0.421875
vt 0.029297 0.303711
vt 0.030273 0.303711
vt 0.030273 0.308594
vt 0.029297 0.308594
vt 0.578125 0.925781
vt 0.585938 0.925781
vt 0.585938 0.930664
vt 0.578125 0.930664
vt 0.047852 0.303711
vt 0.048828 0.303711
vt 0.048828 0.308594
vt 0.047852 0.308594
vt 0.686523 0.659180
vt 0.678711 0.659180
vt 0.678711 0.658203
vt 0.686523 0.658203
vt 0.686523 0.632812
vt 0.678711 0.632812
vt 0.678711 0.633789
vt 0.686523 0.633789
vt 0.578125 0.904297
vt 0.585938 0.904297
vt 0.585938 0.909180
vt 0.578125 0.909180
vt 0.051758 0.303711
vt 0.052734 0.303711
vt 0.052734 0.308594
vt 0.051758 0.308594
vt 0.578125 0.882812
vt 0.585938 0.882812
vt 0.585938 0.887695
vt 0.578125 0.887695
vt 0.053711 0.303711
vt 0.054688 0.303711
vt 0.054688 0.308594
vt 0.053711 0.308594
vt 0.381836 0.321289
vt 0.374023 0.321289
vt 0.374023 0.320312
vt 0.381836 0.320312
vt 0.686523 0.622070
vt 0.678711 0.622070
vt 0.678711 0.623047
vt 0.686523 0.623047
vt 0.578125 0.876953
vt 0.585938 0.876953
vt 0.585938 0.881836
vt 0.578125 0.881836
vt 0.055664 0.303711
vt 0.056641 0.303711
vt 0.056641 0.308594
vt 0.055664 0.308594
vt 0.578125 0.871094
vt 0.585938 0.871094
vt 0.585938 0.875977
vt 0.578125 0.875977
vt 0.063477 0.303711
vt 0.064453 0.303711
vt 0.064453 0.308594
vt 0.063477 0.308594
vt 0.686523 0.621094
vt 0.678711 0.621094
vt 0.678711 0.620117
vt 0.686523 0.620117
vt 0.686523 0.618164
vt 0.678711 0.618164
vt 0.678711 0.619141
vt 0.686523 0.619141
vt 0.578125 0.865234
vt 0.585938 0.865234
vt 0.585938 0.870117
vt 0.578125 0.870117
vt 0.065430 0.303711
vt 0.066406 0.303711
vt 0.066406 0.308594
vt 0.065430 0.308594
vt 0.578125 0.859375
vt 0.585938 0.859375
vt 0.585938 0.864258
vt 0.578125 0.864258
vt 0.067383 0.303711
vt 0.068359 0.303711
vt 0.068359 0.308594
vt 0.067383 0.308594
vt 0.686523 0.617188
vt 0.678711 0.617188
vt 0.678711 0.616211
vt 0.686523 0.616211
vt 0.686523 0.614258
vt 0.678711 0.614258
vt 0.678711 0.615234
vt 0.686523 0.615234
vt 0.578125 0.847656
vt 0.585938 0.847656
vt 0.585938 0.852539
vt 0.578125 0.852539
vt 0.077148 0.303711
vt 0.078125 0.303711
vt 0.078125 0.308594
vt 0.077148 0.308594
vt 0.578125 0.841797
vt 0.585938 0.841797
vt 0.585938 0.846680
vt 0.578125 0.846680
vt 0.079102 0.303711
vt 0.080078 0.303711
vt 0.080078 0.308594
vt 0.079102 0.308594
vt 0.686523 0.613281
vt 0.678711 0.613281
vt 0.678711 0.612305
vt 0.686523 0.612305
vt 0.686523 0.604492
vt 0.678711 0.604492
vt 0.678711 0.605469
vt 0.686523 0.605469
s 0
usemtl m_8a7aecf9-bc7d-1c53-4ad7-3ee173c6c92f
f 4236/12481/468 4239/12482/468 4237/12483/468 4234/12484/468
f 4235/12485/469 4236/12486/469 4234/12487/469 4233/12488/469
f 4240/12489/470 4235/12490/470 4233/12491/470 4238/12492/470
f 4239/12493/471 4240/12494/471 4238/12495/471 4237/12496/471
f 4238/12497/472 4233/12498/472 4234/12499/472 4237/12500/472
f 4239/12501/473 4236/12502/473 4235/12503/473 4240/12504/473
f 4244/12505/470 4247/12506/470 4245/12507/470 4242/12508/470
f 4243/12509/469 4244/12510/469 4242/12511/469 4241/12512/469
f 4248/12513/468 4243/12514/468 4241/12515/468 4246/12516/468
f 4247/12517/471 4248/12518/471 4246/12519/471 4245/12520/471
f 4246/12521/473 4241/12522/473 4242/12523/473 4245/12524/473
f 4247/12525/472 4244/12526/472 4243/12527/472 4248/12528/472
f 4252/12529/468 4255/12530/468 4253/12531/468 4250/12532/468
f 4251/12533/469 4252/12534/469 4250/12535/469 4249/12536/469
f 4256/12537/470 4251/12538/470 4249/12539/470 4254/12540/470
f 4255/12541/471 4256/12542/471 4254/12543/471 4253/12544/471
f 4254/12545/472 4249/12546/472 4250/12547/472 4253/12548/472
f 4255/12549/473 4252/12550/473 4251/12551/473 4256/12552/473
f 4260/12553/474 4263/12554/474 4261/12555/474 4258/12556/474
f 4259/12557/469 4260/12558/469 4258/12559/469 4257/12560/469
f 4264/12561/475 4259/12562/475 4257/12563/475 4262/12564/475
f 4263/12565/471 4264/12566/471 4262/12567/471 4261/12568/471
f 4262/12569/476 4257/12570/476 4258/12571/476 4261/12572/476
f 4263/12573/477 4260/12574/477 4259/12575/477 4264/12576/477
f 4268/12577/476 4271/12578/476 4269/12579/476 4266/12580/476
f 4267/12581/469 4268/12582/469 4266/12583/469 4265/12584/469
f 4272/12585/477 4267/12586/477 4265/12587/477 4270/12588/477
f 4271/12589/471 4272/12590/471 4270/12591/471 4269/12592/471
f 4270/12593/475 4265/12594/475 4266/12595/475 4269/12596/475
f 4271/12597/474 4268/12598/474 4267/12599/474 4272/12600/474
f 4276/12601/475 4279/12602/475 4277/12603/475 4274/12604/475
f 4275/12605/469 4276/12606/469 4274/12607/469 4273/12608/469
f 4280/12609/474 4275/12610/474 4273/12611/474 4278/12612/474
f 4279/12613/471 4280/12614/471 4278/12615/471 4277/12616/471
f 4278/12617/477 4273/12618/477 4274/12619/477 4277/12620/477
f 4279/12621/476 4276/12622/476 4275/12623/476 4280/12624/476
f 4284/12625/477 4287/12626/477 4285/12627/477 4282/12628/477
f 4283/12629/469 4284/12630/469 4282/12631/469 4281/12632/469
f 4288/12633/476 4283/12634/476 4281/12635/476 4286/12636/476
f 4287/12637/471 4288/12638/471 4286/12639/471 4285/12640/471
f 4286/12641/474 4281/12642/474 4282/12643/474 4285/12644/474
f 4287/12645/475 4284/12646/475 4283/12647/475 4288/12648/475
f 4292/12649/468 4295/12650/468 4293/12651/468 4290/12652/468
f 4291/12653/469 4292/12654/469 4290/12655/469 4289/12656/469
f 4296/12657/470 4291/12658/470 4289/12659/470 4294/12660/470
f 4295/12661/471 4296/12662/471 4294/12663/471 4293/12664/471
f 4294/12665/472 4289/12666/472 4290/12667/472 4293/12668/472
f 4295/12669/473 4292/12670/473 4291/12671/473 4296/12672/473
f 4300/12673/472 4303/12674/472 4301/12675/472 4298/12676/472
f 4299/12677/469 4300/12678/469 4298/12679/469 4297/12680/469
f 4304/12681/473 4299/12682/473 4297/12683/473 4302/12684/473
f 4303/12685/471 4304/12686/471 4302/12687/471 4301/12688/471
f 4302/12689/470 4297/12690/470 4298/12691/470 4301/12692/470
f 4303/12693/468 4300/12694/468 4299/12695/468 4304/12696/468
f 4308/12697/473 4311/12698/473 4309/12699/473 4306/12700/473
f 4307/12701/469 4308/12702/469 4306/12703/469 4305/12704/469
f 4312/12705/472 4307/12706/472 4305/12707/472 4310/12708/472
f 4311/12709/471 4312/12710/471 4310/12711/471 4309/12712/471
f 4310/12713/468 4305/12714/468 4306/12715/468 4309/12716/468
f 4311/12717/470 4308/12718/470 4307/12719/470 4312/12720/470
o w8
v -2.050048 1.221575 -3.382488
v -2.050048 0.775214 -2.936127
v -2.050048 0.775214 -3.828849
v -2.050048 0.328852 -3.382488
v -1.987548 0.775214 -2.936127
v -1.987548 1.221575 -3.382488
v -1.987548 0.328852 -3.382488
v -1.987548 0.775214 -3.828849
v -2.055673 0.643469 -3.634324
v -2.055673 0.643469 -3.701180
v -2.055673 0.906959 -3.634324
v -2.055673 0.906959 -3.701180
v -1.425433 0.643469 -3.701180
v -1.425433 0.643469 -3.634324
v -1.425433 0.906959 -3.701180
v -1.425433 0.906959 -3.634324
v -2.055673 0.906959 -3.130146
v -2.055673 0.906959 -3.063291
v -2.055673 0.643468 -3.130146
v -2.055673 0.643468 -3.063291
v -1.425433 0.906959 -3.063291
v -1.425433 0.906959 -3.130146
v -1.425433 0.643468 -3.063291
v -1.425433 0.643468 -3.130146
v -2.055673 1.027303 -3.513980
v -2.055673 1.094158 -3.513980
v -2.055673 1.027303 -3.250490
v -2.055673 1.094158 -3.250490
v -1.425433 1.094158 -3.513980
v -1.425433 1.027303 -3.513980
v -1.425433 1.094158 -3.250490
v -1.425433 1.027303 -3.250490
v -2.055673 0.523124 -3.250490
v -2.055673 0.456269 -3.250490
v -2.055673 0.523124 -3.513980
v -2.055673 0.456269 -3.513980
v -1.425433 0.456269 -3.250490
v -1.425433 0.523124 -3.250490
v -1.425433 0.456269 -3.513980
v -1.425433 0.523124 -3.513980
v -2.056298 0.494963 -3.475286
v -2.056298 0.455644 -3.514605
v -2.056298 0.682162 -3.662486
v -2.056298 0.642844 -3.701805
v -1.424808 0.455644 -3.514605
v -1.424808 0.494963 -3.475286
v -1.424808 0.642844 -3.701805
v -1.424808 0.682162 -3.662486
v -2.056298 0.682162 -3.101985
v -2.056298 0.642843 -3.062666
v -2.056298 0.494963 -3.289184
v -2.056298 0.455644 -3.249865
v -1.424808 0.642843 -3.062666
v -1.424808 0.682162 -3.101985
v -1.424808 0.455644 -3.249865
v -1.424808 0.494963 -3.289184
v -2.056298 1.055464 -3.289184
v -2.056298 1.094783 -3.249865
v -2.056298 0.868265 -3.101985
v -2.056298 0.907584 -3.062666
v -1.424808 1.094783 -3.249865
v -1.424808 1.055464 -3.289184
v -1.424808 0.907584 -3.062666
v -1.424808 0.868265 -3.101985
v -2.056298 0.868265 -3.662486
v -2.056298 0.907584 -3.701805
v -2.056298 1.055464 -3.475286
v -2.056298 1.094783 -3.514605
v -1.424808 0.907584 -3.701805
v -1.424808 0.868265 -3.662486
v -1.424808 1.094783 -3.514605
v -1.424808 1.055464 -3.475286
v -1.481298 1.221575 -3.382488
v -1.481298 0.775214 -2.936127
v -1.481298 0.775214 -3.828850
v -1.481298 0.328852 -3.382488
v -1.431298 0.775214 -2.936127
v -1.431298 1.221575 -3.382488
v -1.431298 0.328852 -3.382488
v -1.431298 0.775214 -3.828850
v -1.481298 1.088629 -3.699028
v -1.481298 1.088629 -3.067778
v -1.481298 0.457379 -3.699028
v -1.481298 0.457379 -3.067778
v -1.431298 1.088629 -3.067778
v -1.431298 1.088629 -3.699028
v -1.431298 0.457379 -3.067778
v -1.431298 0.457379 -3.699028
v -1.995814 1.027257 -3.131051
v -1.995814 0.524221 -3.131051
v -1.995814 1.027257 -3.634095
v -1.995814 0.524221 -3.634095
v -1.518848 0.524221 -3.131051
v -1.518848 1.027257 -3.131051
v -1.518848 0.524221 -3.634095
v -1.518848 1.027257 -3.634095
v -2.050048 1.088629 -3.699028
v -2.050048 1.088629 -3.067778
v -2.050048 0.457379 -3.699028
v -2.050048 0.457379 -3.067778
v -1.987548 1.088629 -3.067778
v -1.987548 1.088629 -3.699028
v -1.987548 0.457379 -3.067778
v -1.987548 0.457379 -3.699028
v -2.054874 0.842851 -3.318326
v -2.054874 0.709318 -3.318326
v -2.054874 0.842851 -3.451858
v -2.054874 0.709318 -3.451858
v -1.290026 0.709318 -3.318326
v -1.290026 0.842851 -3.318326
v -1.290026 0.709318 -3.451858
v -1.290026 0.842851 -3.451858
v -1.675048 1.133186 -3.382488
v -1.675048 0.775214 -3.024515
v -1.675048 0.775214 -3.740461
v -1.675048 0.417241 -3.382488
v -1.487548 0.775214 -3.024515
v -1.487548 1.133186 -3.382488
v -1.487548 0.417241 -3.382488
v -1.487548 0.775214 -3.740461
v -1.800048 1.044798 -3.382488
v -1.800048 0.775214 -3.112904
v -1.800048 0.775214 -3.652073
v -1.800048 0.505629 -3.382488
v -1.737548 0.775214 -3.112904
v -1.737548 1.044798 -3.382488
v -1.737548 0.505629 -3.382488
v -1.737548 0.775214 -3.652073
vn -0.0000 -0.7071 0.7071
vn -1.0000 -0.0000 -0.0000
vn -0.0000 0.7071 -0.7071
vn 1.0000 -0.0000 -0.0000
vn -0.0000 0.7071 0.7071
vn -0.0000 -0.7071 -0.7071
vn -0.0000 -0.0000 -1.0000
vn -0.0000 -0.0000 1.0000
vn -0.0000 -1.0000 -0.0000
vn -0.0000 1.0000 -0.0000
vt 0.311523 0.333008
vt 0.312500 0.333008
vt 0.312500 0.342773
vt 0.311523 0.342773
vt 0.468750 0.773438
vt 0.478516 0.773438
vt 0.478516 0.783203
vt 0.468750 0.783203
vt 0.484375 0.333008
vt 0.485352 0.333008
vt 0.485352 0.342773
vt 0.484375 0.342773
vt 0.278320 0.521484
vt 0.288086 0.521484
vt 0.288086 0.531250
vt 0.278320 0.531250
vt 0.541992 0.342773
vt 0.541016 0.342773
vt 0.541016 0.333008
vt 0.541992 0.333008
vt 0.543945 0.333008
vt 0.542969 0.333008
vt 0.542969 0.342773
vt 0.543945 0.342773
vt 0.577148 0.989258
vt 0.586914 0.989258
vt 0.586914 0.993164
vt 0.577148 0.993164
vt 0.300781 0.299805
vt 0.301758 0.299805
vt 0.301758 0.303711
vt 0.300781 0.303711
vt 0.578125 0.836914
vt 0.587891 0.836914
vt 0.587891 0.840820
vt 0.578125 0.840820
vt 0.329102 0.299805
vt 0.330078 0.299805
vt 0.330078 0.303711
vt 0.329102 0.303711
vt 0.302734 0.341797
vt 0.292969 0.341797
vt 0.292969 0.340820
vt 0.302734 0.340820
vt 0.402344 0.340820
vt 0.392578 0.340820
vt 0.392578 0.341797
vt 0.402344 0.341797
vt 0.578125 0.832031
vt 0.587891 0.832031
vt 0.587891 0.835938
vt 0.578125 0.835938
vt 0.371094 0.299805
vt 0.372070 0.299805
vt 0.372070 0.303711
vt 0.371094 0.303711
vt 0.578125 0.818359
vt 0.587891 0.818359
vt 0.587891 0.822266
vt 0.578125 0.822266
vt 0.421875 0.299805
vt 0.422852 0.299805
vt 0.422852 0.303711
vt 0.421875 0.303711
vt 0.413086 0.341797
vt 0.403320 0.341797
vt 0.403320 0.340820
vt 0.413086 0.340820
vt 0.423828 0.340820
vt 0.414062 0.340820
vt 0.414062 0.341797
vt 0.423828 0.341797
vt 0.578125 0.793945
vt 0.587891 0.793945
vt 0.587891 0.797852
vt 0.578125 0.797852
vt 0.437500 0.299805
vt 0.438477 0.299805
vt 0.438477 0.303711
vt 0.437500 0.303711
vt 0.236328 0.417969
vt 0.246094 0.417969
vt 0.246094 0.421875
vt 0.236328 0.421875
vt 0.483398 0.299805
vt 0.484375 0.299805
vt 0.484375 0.303711
vt 0.483398 0.303711
vt 0.434570 0.341797
vt 0.424805 0.341797
vt 0.424805 0.340820
vt 0.434570 0.340820
vt 0.445312 0.340820
vt 0.435547 0.340820
vt 0.435547 0.341797
vt 0.445312 0.341797
vt 0.578125 0.741211
vt 0.587891 0.741211
vt 0.587891 0.745117
vt 0.578125 0.745117
vt 0.506836 0.299805
vt 0.507812 0.299805
vt 0.507812 0.303711
vt 0.506836 0.303711
vt 0.578125 0.736328
vt 0.587891 0.736328
vt 0.587891 0.740234
vt 0.578125 0.740234
vt 0.541992 0.299805
vt 0.542969 0.299805
vt 0.542969 0.303711
vt 0.541992 0.303711
vt 0.456055 0.341797
vt 0.446289 0.341797
vt 0.446289 0.340820
vt 0.456055 0.340820
vt 0.470703 0.340820
vt 0.460938 0.340820
vt 0.460938 0.341797
vt 0.470703 0.341797
vt 0.578125 0.706055
vt 0.587891 0.706055
vt 0.587891 0.709961
vt 0.578125 0.709961
vt 0.679688 0.299805
vt 0.680664 0.299805
vt 0.680664 0.303711
vt 0.679688 0.303711
vt 0.578125 0.695312
vt 0.587891 0.695312
vt 0.587891 0.699219
vt 0.578125 0.699219
vt 0.697266 0.979492
vt 0.698242 0.979492
vt 0.698242 0.983398
vt 0.697266 0.983398
vt 0.500977 0.341797
vt 0.491211 0.341797
vt 0.491211 0.340820
vt 0.500977 0.340820
vt 0.511719 0.340820
vt 0.501953 0.340820
vt 0.501953 0.341797
vt 0.511719 0.341797
vt 0.578125 0.690430
vt 0.587891 0.690430
vt 0.587891 0.694336
vt 0.578125 0.694336
vt 0.018555 0.298828
vt 0.019531 0.298828
vt 0.019531 0.302734
vt 0.018555 0.302734
vt 0.578125 0.672852
vt 0.587891 0.672852
vt 0.587891 0.676758
vt 0.578125 0.676758
vt 0.020508 0.298828
vt 0.021484 0.298828
vt 0.021484 0.302734
vt 0.020508 0.302734
vt 0.620117 0.341797
vt 0.610352 0.341797
vt 0.610352 0.340820
vt 0.620117 0.340820
vt 0.632812 0.340820
vt 0.623047 0.340820
vt 0.623047 0.341797
vt 0.632812 0.341797
vt 0.578125 0.635742
vt 0.587891 0.635742
vt 0.587891 0.639648
vt 0.578125 0.639648
vt 0.697266 0.974609
vt 0.698242 0.974609
vt 0.698242 0.978516
vt 0.697266 0.978516
vt 0.578125 0.630859
vt 0.587891 0.630859
vt 0.587891 0.634766
vt 0.578125 0.634766
vt 0.022461 0.298828
vt 0.023438 0.298828
vt 0.023438 0.302734
vt 0.022461 0.302734
vt 0.643555 0.341797
vt 0.633789 0.341797
vt 0.633789 0.340820
vt 0.643555 0.340820
vt 0.667969 0.341797
vt 0.658203 0.341797
vt 0.658203 0.342773
vt 0.667969 0.342773
vt 0.578125 0.579102
vt 0.587891 0.579102
vt 0.587891 0.583008
vt 0.578125 0.583008
vt 0.024414 0.298828
vt 0.025391 0.298828
vt 0.025391 0.302734
vt 0.024414 0.302734
vt 0.578125 0.525391
vt 0.587891 0.525391
vt 0.587891 0.529297
vt 0.578125 0.529297
vt 0.026367 0.298828
vt 0.027344 0.298828
vt 0.027344 0.302734
vt 0.026367 0.302734
vt 0.046875 0.340820
vt 0.037109 0.340820
vt 0.037109 0.339844
vt 0.046875 0.339844
vt 0.057617 0.339844
vt 0.047852 0.339844
vt 0.047852 0.340820
vt 0.057617 0.340820
vt 0.087891 0.333984
vt 0.088867 0.333984
vt 0.088867 0.343750
vt 0.087891 0.343750
vt 0.467773 0.550781
vt 0.477539 0.550781
vt 0.477539 0.560547
vt 0.467773 0.560547
vt 0.089844 0.333984
vt 0.090820 0.333984
vt 0.090820 0.343750
vt 0.089844 0.343750
vt 0.467773 0.540039
vt 0.477539 0.540039
vt 0.477539 0.549805
vt 0.467773 0.549805
vt 0.155273 0.343750
vt 0.154297 0.343750
vt 0.154297 0.333984
vt 0.155273 0.333984
vt 0.458008 0.333984
vt 0.457031 0.333984
vt 0.457031 0.343750
vt 0.458008 0.343750
vt 0.063477 0.333008
vt 0.064453 0.333008
vt 0.064453 0.342773
vt 0.063477 0.342773
vt 0.000000 0.521484
vt 0.009766 0.521484
vt 0.009766 0.531250
vt 0.000000 0.531250
vt 0.065430 0.333008
vt 0.066406 0.333008
vt 0.066406 0.342773
vt 0.065430 0.342773
vt 0.079102 0.521484
vt 0.088867 0.521484
vt 0.088867 0.531250
vt 0.079102 0.531250
vt 0.269531 0.342773
vt 0.268555 0.342773
vt 0.268555 0.333008
vt 0.269531 0.333008
vt 0.271484 0.333008
vt 0.270508 0.333008
vt 0.270508 0.342773
vt 0.271484 0.342773
vt 0.496094 0.473633
vt 0.503906 0.473633
vt 0.503906 0.481445
vt 0.496094 0.481445
vt 0.504883 0.473633
vt 0.512695 0.473633
vt 0.512695 0.481445
vt 0.504883 0.481445
vt 0.187500 0.472656
vt 0.195312 0.472656
vt 0.195312 0.480469
vt 0.187500 0.480469
vt 0.196289 0.472656
vt 0.204102 0.472656
vt 0.204102 0.480469
vt 0.196289 0.480469
vt 0.527344 0.583008
vt 0.519531 0.583008
vt 0.519531 0.575195
vt 0.527344 0.575195
vt 0.521484 0.472656
vt 0.513672 0.472656
vt 0.513672 0.480469
vt 0.521484 0.480469
vt 0.067383 0.332031
vt 0.068359 0.332031
vt 0.068359 0.341797
vt 0.067383 0.341797
vt 0.362305 0.521484
vt 0.372070 0.521484
vt 0.372070 0.531250
vt 0.362305 0.531250
vt 0.184570 0.332031
vt 0.185547 0.332031
vt 0.185547 0.341797
vt 0.184570 0.341797
vt 0.373047 0.521484
vt 0.382812 0.521484
vt 0.382812 0.531250
vt 0.373047 0.531250
vt 0.304688 0.341797
vt 0.303711 0.341797
vt 0.303711 0.332031
vt 0.304688 0.332031
vt 0.316406 0.332031
vt 0.315430 0.332031
vt 0.315430 0.341797
vt 0.316406 0.341797
vt 0.615234 0.465820
vt 0.626953 0.465820
vt 0.626953 0.467773
vt 0.615234 0.467773
vt 0.697266 0.971680
vt 0.699219 0.971680
vt 0.699219 0.973633
vt 0.697266 0.973633
vt 0.616211 0.979492
vt 0.627930 0.979492
vt 0.627930 0.981445
vt 0.616211 0.981445
vt 0.028320 0.300781
vt 0.030273 0.300781
vt 0.030273 0.302734
vt 0.028320 0.302734
vt 0.627930 0.838867
vt 0.616211 0.838867
vt 0.616211 0.836914
vt 0.627930 0.836914
vt 0.628906 0.951172
vt 0.617188 0.951172
vt 0.617188 0.953125
vt 0.628906 0.953125
vt 0.586914 0.378906
vt 0.589844 0.378906
vt 0.589844 0.386719
vt 0.586914 0.386719
vt 0.520508 0.824219
vt 0.528320 0.824219
vt 0.528320 0.832031
vt 0.520508 0.832031
vt 0.129883 0.377930
vt 0.132812 0.377930
vt 0.132812 0.385742
vt 0.129883 0.385742
vt 0.520508 0.815430
vt 0.528320 0.815430
vt 0.528320 0.823242
vt 0.520508 0.823242
vt 0.335938 0.385742
vt 0.333008 0.385742
vt 0.333008 0.377930
vt 0.335938 0.377930
vt 0.248047 0.376953
vt 0.245117 0.376953
vt 0.245117 0.384766
vt 0.248047 0.384766
vt 0.403320 0.440430
vt 0.404297 0.440430
vt 0.404297 0.446289
vt 0.403320 0.446289
vt 0.586914 0.846680
vt 0.592773 0.846680
vt 0.592773 0.852539
vt 0.586914 0.852539
vt 0.111328 0.430664
vt 0.112305 0.430664
vt 0.112305 0.436523
vt 0.111328 0.436523
vt 0.587891 0.994141
vt 0.593750 0.994141
vt 0.593750 1.000000
vt 0.587891 1.000000
vt 0.527344 0.429688
vt 0.526367 0.429688
vt 0.526367 0.423828
vt 0.527344 0.423828
vt 0.483398 0.324219
vt 0.482422 0.324219
vt 0.482422 0.330078
vt 0.483398 0.330078
s 0
usemtl m_8a7aecf9-bc7d-1c53-4ad7-3ee173c6c92f
f 4316/12721/478 4319/12722/478 4317/12723/478 4314/12724/478
f 4315/12725/479 4316/12726/479 4314/12727/479 4313/12728/479
f 4320/12729/480 4315/12730/480 4313/12731/480 4318/12732/480
f 4319/12733/481 4320/12734/481 4318/12735/481 4317/12736/481
f 4318/12737/482 4313/12738/482 4314/12739/482 4317/12740/482
f 4319/12741/483 4316/12742/483 4315/12743/483 4320/12744/483
f 4324/12745/484 4327/12746/484 4325/12747/484 4322/12748/484
f 4323/12749/479 4324/12750/479 4322/12751/479 4321/12752/479
f 4328/12753/485 4323/12754/485 4321/12755/485 4326/12756/485
f 4327/12757/481 4328/12758/481 4326/12759/481 4325/12760/481
f 4326/12761/486 4321/12762/486 4322/12763/486 4325/12764/486
f 4327/12765/487 4324/12766/487 4323/12767/487 4328/12768/487
f 4332/12769/485 4335/12770/485 4333/12771/485 4330/12772/485
f 4331/12773/479 4332/12774/479 4330/12775/479 4329/12776/479
f 4336/12777/484 4331/12778/484 4329/12779/484 4334/12780/484
f 4335/12781/481 4336/12782/481 4334/12783/481 4333/12784/481
f 4334/12785/487 4329/12786/487 4330/12787/487 4333/12788/487
f 4335/12789/486 4332/12790/486 4331/12791/486 4336/12792/486
f 4340/12793/487 4343/12794/487 4341/12795/487 4338/12796/487
f 4339/12797/479 4340/12798/479 4338/12799/479 4337/12800/479
f 4344/12801/486 4339/12802/486 4337/12803/486 4342/12804/486
f 4343/12805/481 4344/12806/481 4342/12807/481 4341/12808/481
f 4342/12809/484 4337/12810/484 4338/12811/484 4341/12812/484
f 4343/12813/485 4340/12814/485 4339/12815/485 4344/12816/485
f 4348/12817/486 4351/12818/486 4349/12819/486 4346/12820/486
f 4347/12821/479 4348/12822/479 4346/12823/479 4345/12824/479
f 4352/12825/487 4347/12826/487 4345/12827/487 4350/12828/487
f 4351/12829/481 4352/12830/481 4350/12831/481 4349/12832/481
f 4350/12833/485 4345/12834/485 4346/12835/485 4349/12836/485
f 4351/12837/484 4348/12838/484 4347/12839/484 4352/12840/484
f 4356/12841/483 4359/12842/483 4357/12843/483 4354/12844/483
f 4355/12845/479 4356/12846/479 4354/12847/479 4353/12848/479
f 4360/12849/482 4355/12850/482 4353/12851/482 4358/12852/482
f 4359/12853/481 4360/12854/481 4358/12855/481 4357/12856/481
f 4358/12857/478 4353/12858/478 4354/12859/478 4357/12860/478
f 4359/12861/480 4356/12862/480 4355/12863/480 4360/12864/480
f 4364/12865/478 4367/12866/478 4365/12867/478 4362/12868/478
f 4363/12869/479 4364/12870/479 4362/12871/479 4361/12872/479
f 4368/12873/480 4363/12874/480 4361/12875/480 4366/12876/480
f 4367/12877/481 4368/12878/481 4366/12879/481 4365/12880/481
f 4366/12881/482 4361/12882/482 4362/12883/482 4365/12884/482
f 4367/12885/483 4364/12886/483 4363/12887/483 4368/12888/483
f 4372/12889/482 4375/12890/482 4373/12891/482 4370/12892/482
f 4371/12893/479 4372/12894/479 4370/12895/479 4369/12896/479
f 4376/12897/483 4371/12898/483 4369/12899/483 4374/12900/483
f 4375/12901/481 4376/12902/481 4374/12903/481 4373/12904/481
f 4374/12905/480 4369/12906/480 4370/12907/480 4373/12908/480
f 4375/12909/478 4372/12910/478 4371/12911/478 4376/12912/478
f 4380/12913/480 4383/12914/480 4381/12915/480 4378/12916/480
f 4379/12917/479 4380/12918/479 4378/12919/479 4377/12920/479
f 4384/12921/478 4379/12922/478 4377/12923/478 4382/12924/478
f 4383/12925/481 4384/12926/481 4382/12927/481 4381/12928/481
f 4382/12929/483 4377/12930/483 4378/12931/483 4381/12932/483
f 4383/12933/482 4380/12934/482 4379/12935/482 4384/12936/482
f 4388/12937/478 4391/12938/478 4389/12939/478 4386/12940/478
f 4387/12941/479 4388/12942/479 4386/12943/479 4385/12944/479
f 4392/12945/480 4387/12946/480 4385/12947/480 4390/12948/480
f 4391/12949/481 4392/12950/481 4390/12951/481 4389/12952/481
f 4390/12953/482 4385/12954/482 4386/12955/482 4389/12956/482
f 4391/12957/483 4388/12958/483 4387/12959/483 4392/12960/483
f 4396/12961/485 4399/12962/485 4397/12963/485 4394/12964/485
f 4395/12965/479 4396/12966/479 4394/12967/479 4393/12968/479
f 4400/12969/484 4395/12970/484 4393/12971/484 4398/12972/484
f 4399/12973/481 4400/12974/481 4398/12975/481 4397/12976/481
f 4398/12977/487 4393/12978/487 4394/12979/487 4397/12980/487
f 4399/12981/486 4396/12982/486 4395/12983/486 4400/12984/486
f 4404/12985/486 4407/12986/486 4405/12987/486 4402/12988/486
f 4403/12989/479 4404/12990/479 4402/12991/479 4401/12992/479
f 4408/12993/487 4403/12994/487 4401/12995/487 4406/12996/487
f 4407/12997/481 4408/12998/481 4406/12999/481 4405/13000/481
f 4406/13001/485 4401/13002/485 4402/13003/485 4405/13004/485
f 4407/13005/484 4404/13006/484 4403/13007/484 4408/13008/484
f 4412/13009/485 4415/13010/485 4413/13011/485 4410/13012/485
f 4411/13013/479 4412/13014/479 4410/13015/479 4409/13016/479
f 4416/13017/484 4411/13018/484 4409/13019/484 4414/13020/484
f 4415/13021/481 4416/13022/481 4414/13023/481 4413/13024/481
f 4414/13025/487 4409/13026/487 4410/13027/487 4413/13028/487
f 4415/13029/486 4412/13030/486 4411/13031/486 4416/13032/486
f 4420/13033/486 4423/13034/486 4421/13035/486 4418/13036/486
f 4419/13037/479 4420/13038/479 4418/13039/479 4417/13040/479
f 4424/13041/487 4419/13042/487 4417/13043/487 4422/13044/487
f 4423/13045/481 4424/13046/481 4422/13047/481 4421/13048/481
f 4422/13049/485 4417/13050/485 4418/13051/485 4421/13052/485
f 4423/13053/484 4420/13054/484 4419/13055/484 4424/13056/484
f 4428/13057/478 4431/13058/478 4429/13059/478 4426/13060/478
f 4427/13061/479 4428/13062/479 4426/13063/479 4425/13064/479
f 4432/13065/480 4427/13066/480 4425/13067/480 4430/13068/480
f 4431/13069/481 4432/13070/481 4430/13071/481 4429/13072/481
f 4430/13073/482 4425/13074/482 4426/13075/482 4429/13076/482
f 4431/13077/483 4428/13078/483 4427/13079/483 4432/13080/483
f 4436/13081/478 4439/13082/478 4437/13083/478 4434/13084/478
f 4435/13085/479 4436/13086/479 4434/13087/479 4433/13088/479
f 4440/13089/480 4435/13090/480 4433/13091/480 4438/13092/480
f 4439/13093/481 4440/13094/481 4438/13095/481 4437/13096/481
f 4438/13097/482 4433/13098/482 4434/13099/482 4437/13100/482
f 4439/13101/483 4436/13102/483 4435/13103/483 4440/13104/483
o w1
v -1.881475 1.027747 3.457118
v -1.881475 0.840247 3.457118
v -1.881475 1.027747 3.269618
v -1.881475 0.840247 3.269618
v -1.370707 0.840247 3.457118
v -1.370707 1.027747 3.457118
v -1.370707 0.840247 3.269618
v -1.370707 1.027747 3.269618
v -1.844686 0.808424 3.132520
v -1.844686 0.808424 3.070020
v -1.844686 1.052488 3.132520
v -1.844686 1.052488 3.070020
v -1.594686 0.808424 3.070020
v -1.594686 0.808424 3.132520
v -1.594686 1.052488 3.070020
v -1.594686 1.052488 3.132520
v -1.906560 0.680039 3.286794
v -1.906560 0.635844 3.242599
v -1.906560 0.852618 3.114214
v -1.906560 0.808424 3.070020
v -1.531560 0.635844 3.242599
v -1.531560 0.680039 3.286794
v -1.531560 0.808424 3.070020
v -1.531560 0.852618 3.114214
v -1.906560 0.852618 3.615049
v -1.906560 0.808424 3.659243
v -1.906560 0.680039 3.442470
v -1.906560 0.635844 3.486664
v -1.531560 0.808424 3.659243
v -1.531560 0.852618 3.615049
v -1.531560 0.635844 3.486664
v -1.531560 0.680039 3.442470
v -1.906560 1.180874 3.442470
v -1.906560 1.225068 3.486664
v -1.906560 1.008294 3.615049
v -1.906560 1.052488 3.659243
v -1.531560 1.225068 3.486664
v -1.531560 1.180874 3.442470
v -1.531560 1.052488 3.659243
v -1.531560 1.008294 3.615049
v -1.906560 1.008294 3.114214
v -1.906560 1.052488 3.070020
v -1.906560 1.180874 3.286794
v -1.906560 1.225068 3.242599
v -1.531560 1.052488 3.070020
v -1.531560 1.008294 3.114214
v -1.531560 1.225068 3.242599
v -1.531560 1.180874 3.286794
v -1.844686 1.052488 3.596743
v -1.844686 1.052488 3.659243
v -1.844686 0.808424 3.596743
v -1.844686 0.808424 3.659243
v -1.594686 1.052488 3.659243
v -1.594686 1.052488 3.596743
v -1.594686 0.808424 3.659243
v -1.594686 0.808424 3.596743
v -1.844686 1.162568 3.242599
v -1.844686 1.225068 3.242599
v -1.844686 1.162568 3.486664
v -1.844686 1.225068 3.486664
v -1.594686 1.225068 3.242599
v -1.594686 1.162568 3.242599
v -1.594686 1.225068 3.486664
v -1.594686 1.162568 3.486664
v -1.844686 0.698344 3.486664
v -1.844686 0.635844 3.486664
v -1.844686 0.698344 3.242599
v -1.844686 0.635844 3.242599
v -1.594686 0.635844 3.486664
v -1.594686 0.698344 3.486664
v -1.594686 0.635844 3.242599
v -1.594686 0.698344 3.242599
v -1.827063 1.183507 3.606449
v -1.827063 0.686720 3.606449
v -1.827063 1.183507 3.115905
v -1.827063 0.686720 3.115905
v -1.600097 0.686720 3.606449
v -1.600097 1.183507 3.606449
v -1.600097 0.686720 3.115905
v -1.600097 1.183507 3.115905
vn -0.0000 -1.0000 -0.0000
vn -1.0000 -0.0000 -0.0000
vn -0.0000 1.0000 -0.0000
vn 1.0000 -0.0000 -0.0000
vn -0.0000 -0.0000 1.0000
vn -0.0000 -0.0000 -1.0000
vn -0.0000 -0.7071 -0.7071
vn -0.0000 0.7071 0.7071
vn -0.0000 -0.7071 0.7071
vn -0.0000 0.7071 -0.7071
vt 0.617188 0.947266
vt 0.625000 0.947266
vt 0.625000 0.950195
vt 0.617188 0.950195
vt 0.069336 0.330078
vt 0.072266 0.330078
vt 0.072266 0.333008
vt 0.069336 0.333008
vt 0.617188 0.833008
vt 0.625000 0.833008
vt 0.625000 0.835938
vt 0.617188 0.835938
vt 0.073242 0.330078
vt 0.076172 0.330078
vt 0.076172 0.333008
vt 0.073242 0.333008
vt 0.625000 0.823242
vt 0.617188 0.823242
vt 0.617188 0.820312
vt 0.625000 0.820312
vt 0.625000 0.816406
vt 0.617188 0.816406
vt 0.617188 0.819336
vt 0.625000 0.819336
vt 0.632812 0.710938
vt 0.636719 0.710938
vt 0.636719 0.714844
vt 0.632812 0.714844
vt 0.697266 0.958008
vt 0.698242 0.958008
vt 0.698242 0.961914
vt 0.697266 0.961914
vt 0.632812 0.701172
vt 0.636719 0.701172
vt 0.636719 0.705078
vt 0.632812 0.705078
vt 0.040039 0.298828
vt 0.041016 0.298828
vt 0.041016 0.302734
vt 0.040039 0.302734
vt 0.599609 0.951172
vt 0.595703 0.951172
vt 0.595703 0.950195
vt 0.599609 0.950195
vt 0.372070 0.386719
vt 0.368164 0.386719
vt 0.368164 0.387695
vt 0.372070 0.387695
vt 0.103516 0.379883
vt 0.109375 0.379883
vt 0.109375 0.383789
vt 0.103516 0.383789
vt 0.041992 0.298828
vt 0.042969 0.298828
vt 0.042969 0.302734
vt 0.041992 0.302734
vt 0.617188 0.748047
vt 0.623047 0.748047
vt 0.623047 0.751953
vt 0.617188 0.751953
vt 0.697266 0.953125
vt 0.698242 0.953125
vt 0.698242 0.957031
vt 0.697266 0.957031
vt 0.583008 0.569336
vt 0.577148 0.569336
vt 0.577148 0.568359
vt 0.583008 0.568359
vt 0.583984 0.816406
vt 0.578125 0.816406
vt 0.578125 0.817383
vt 0.583984 0.817383
vt 0.249023 0.378906
vt 0.254883 0.378906
vt 0.254883 0.382812
vt 0.249023 0.382812
vt 0.046875 0.298828
vt 0.047852 0.298828
vt 0.047852 0.302734
vt 0.046875 0.302734
vt 0.269531 0.378906
vt 0.275391 0.378906
vt 0.275391 0.382812
vt 0.269531 0.382812
vt 0.697266 0.948242
vt 0.698242 0.948242
vt 0.698242 0.952148
vt 0.697266 0.952148
vt 0.610352 0.550781
vt 0.604492 0.550781
vt 0.604492 0.549805
vt 0.610352 0.549805
vt 0.602539 0.390625
vt 0.596680 0.390625
vt 0.596680 0.391602
vt 0.602539 0.391602
vt 0.617188 0.725586
vt 0.623047 0.725586
vt 0.623047 0.729492
vt 0.617188 0.729492
vt 0.048828 0.298828
vt 0.049805 0.298828
vt 0.049805 0.302734
vt 0.048828 0.302734
vt 0.303711 0.378906
vt 0.309570 0.378906
vt 0.309570 0.382812
vt 0.303711 0.382812
vt 0.050781 0.298828
vt 0.051758 0.298828
vt 0.051758 0.302734
vt 0.050781 0.302734
vt 0.412109 0.389648
vt 0.406250 0.389648
vt 0.406250 0.388672
vt 0.412109 0.388672
vt 0.639648 0.744141
vt 0.633789 0.744141
vt 0.633789 0.745117
vt 0.639648 0.745117
vt 0.617188 0.672852
vt 0.623047 0.672852
vt 0.623047 0.676758
vt 0.617188 0.676758
vt 0.052734 0.298828
vt 0.053711 0.298828
vt 0.053711 0.302734
vt 0.052734 0.302734
vt 0.617188 0.667969
vt 0.623047 0.667969
vt 0.623047 0.671875
vt 0.617188 0.671875
vt 0.697266 0.943359
vt 0.698242 0.943359
vt 0.698242 0.947266
vt 0.697266 0.947266
vt 0.674805 0.342773
vt 0.668945 0.342773
vt 0.668945 0.341797
vt 0.674805 0.341797
vt 0.604492 0.315430
vt 0.598633 0.315430
vt 0.598633 0.316406
vt 0.604492 0.316406
vt 0.632812 0.683594
vt 0.636719 0.683594
vt 0.636719 0.687500
vt 0.632812 0.687500
vt 0.054688 0.298828
vt 0.055664 0.298828
vt 0.055664 0.302734
vt 0.054688 0.302734
vt 0.632812 0.645508
vt 0.636719 0.645508
vt 0.636719 0.649414
vt 0.632812 0.649414
vt 0.062500 0.298828
vt 0.063477 0.298828
vt 0.063477 0.302734
vt 0.062500 0.302734
vt 0.415039 0.383789
vt 0.411133 0.383789
vt 0.411133 0.382812
vt 0.415039 0.382812
vt 0.176758 0.360352
vt 0.172852 0.360352
vt 0.172852 0.361328
vt 0.176758 0.361328
vt 0.368164 0.363281
vt 0.372070 0.363281
vt 0.372070 0.367188
vt 0.368164 0.367188
vt 0.697266 0.932617
vt 0.698242 0.932617
vt 0.698242 0.936523
vt 0.697266 0.936523
vt 0.632812 0.622070
vt 0.636719 0.622070
vt 0.636719 0.625977
vt 0.632812 0.625977
vt 0.064453 0.298828
vt 0.065430 0.298828
vt 0.065430 0.302734
vt 0.064453 0.302734
vt 0.501953 0.360352
vt 0.498047 0.360352
vt 0.498047 0.359375
vt 0.501953 0.359375
vt 0.674805 0.725586
vt 0.670898 0.725586
vt 0.670898 0.726562
vt 0.674805 0.726562
vt 0.376953 0.363281
vt 0.380859 0.363281
vt 0.380859 0.367188
vt 0.376953 0.367188
vt 0.066406 0.298828
vt 0.067383 0.298828
vt 0.067383 0.302734
vt 0.066406 0.302734
vt 0.472656 0.363281
vt 0.476562 0.363281
vt 0.476562 0.367188
vt 0.472656 0.367188
vt 0.077148 0.298828
vt 0.078125 0.298828
vt 0.078125 0.302734
vt 0.077148 0.302734
vt 0.674805 0.671875
vt 0.670898 0.671875
vt 0.670898 0.670898
vt 0.674805 0.670898
vt 0.674805 0.633789
vt 0.670898 0.633789
vt 0.670898 0.634766
vt 0.674805 0.634766
vt 0.600586 0.495117
vt 0.604492 0.495117
vt 0.604492 0.502930
vt 0.600586 0.502930
vt 0.520508 0.523438
vt 0.528320 0.523438
vt 0.528320 0.531250
vt 0.520508 0.531250
vt 0.588867 0.391602
vt 0.592773 0.391602
vt 0.592773 0.399414
vt 0.588867 0.399414
vt 0.520508 0.514648
vt 0.528320 0.514648
vt 0.528320 0.522461
vt 0.520508 0.522461
vt 0.010742 0.398438
vt 0.006836 0.398438
vt 0.006836 0.390625
vt 0.010742 0.390625
vt 0.605469 0.977539
vt 0.601562 0.977539
vt 0.601562 0.985352
vt 0.605469 0.985352
s 0
usemtl m_8a7aecf9-bc7d-1c53-4ad7-3ee173c6c92f
f 4444/13105/488 4447/13106/488 4445/13107/488 4442/13108/488
f 4443/13109/489 4444/13110/489 4442/13111/489 4441/13112/489
f 4448/13113/490 4443/13114/490 4441/13115/490 4446/13116/490
f 4447/13117/491 4448/13118/491 4446/13119/491 4445/13120/491
f 4446/13121/492 4441/13122/492 4442/13123/492 4445/13124/492
f 4447/13125/493 4444/13126/493 4443/13127/493 4448/13128/493
f 4452/13129/493 4455/13130/493 4453/13131/493 4450/13132/493
f 4451/13133/489 4452/13134/489 4450/13135/489 4449/13136/489
f 4456/13137/492 4451/13138/492 4449/13139/492 4454/13140/492
f 4455/13141/491 4456/13142/491 4454/13143/491 4453/13144/491
f 4454/13145/488 4449/13146/488 4450/13147/488 4453/13148/488
f 4455/13149/490 4452/13150/490 4451/13151/490 4456/13152/490
f 4460/13153/494 4463/13154/494 4461/13155/494 4458/13156/494
f 4459/13157/489 4460/13158/489 4458/13159/489 4457/13160/489
f 4464/13161/495 4459/13162/495 4457/13163/495 4462/13164/495
f 4463/13165/491 4464/13166/491 4462/13167/491 4461/13168/491
f 4462/13169/496 4457/13170/496 4458/13171/496 4461/13172/496
f 4463/13173/497 4460/13174/497 4459/13175/497 4464/13176/497
f 4468/13177/496 4471/13178/496 4469/13179/496 4466/13180/496
f 4467/13181/489 4468/13182/489 4466/13183/489 4465/13184/489
f 4472/13185/497 4467/13186/497 4465/13187/497 4470/13188/497
f 4471/13189/491 4472/13190/491 4470/13191/491 4469/13192/491
f 4470/13193/495 4465/13194/495 4466/13195/495 4469/13196/495
f 4471/13197/494 4468/13198/494 4467/13199/494 4472/13200/494
f 4476/13201/495 4479/13202/495 4477/13203/495 4474/13204/495
f 4475/13205/489 4476/13206/489 4474/13207/489 4473/13208/489
f 4480/13209/494 4475/13210/494 4473/13211/494 4478/13212/494
f 4479/13213/491 4480/13214/491 4478/13215/491 4477/13216/491
f 4478/13217/497 4473/13218/497 4474/13219/497 4477/13220/497
f 4479/13221/496 4476/13222/496 4475/13223/496 4480/13224/496
f 4484/13225/497 4487/13226/497 4485/13227/497 4482/13228/497
f 4483/13229/489 4484/13230/489 4482/13231/489 4481/13232/489
f 4488/13233/496 4483/13234/496 4481/13235/496 4486/13236/496
f 4487/13237/491 4488/13238/491 4486/13239/491 4485/13240/491
f 4486/13241/494 4481/13242/494 4482/13243/494 4485/13244/494
f 4487/13245/495 4484/13246/495 4483/13247/495 4488/13248/495
f 4492/13249/492 4495/13250/492 4493/13251/492 4490/13252/492
f 4491/13253/489 4492/13254/489 4490/13255/489 4489/13256/489
f 4496/13257/493 4491/13258/493 4489/13259/493 4494/13260/493
f 4495/13261/491 4496/13262/491 4494/13263/491 4493/13264/491
f 4494/13265/490 4489/13266/490 4490/13267/490 4493/13268/490
f 4495/13269/488 4492/13270/488 4491/13271/488 4496/13272/488
f 4500/13273/490 4503/13274/490 4501/13275/490 4498/13276/490
f 4499/13277/489 4500/13278/489 4498/13279/489 4497/13280/489
f 4504/13281/488 4499/13282/488 4497/13283/488 4502/13284/488
f 4503/13285/491 4504/13286/491 4502/13287/491 4501/13288/491
f 4502/13289/493 4497/13290/493 4498/13291/493 4501/13292/493
f 4503/13293/492 4500/13294/492 4499/13295/492 4504/13296/492
f 4508/13297/488 4511/13298/488 4509/13299/488 4506/13300/488
f 4507/13301/489 4508/13302/489 4506/13303/489 4505/13304/489
f 4512/13305/490 4507/13306/490 4505/13307/490 4510/13308/490
f 4511/13309/491 4512/13310/491 4510/13311/491 4509/13312/491
f 4510/13313/492 4505/13314/492 4506/13315/492 4509/13316/492
f 4511/13317/493 4508/13318/493 4507/13319/493 4512/13320/493
f 4516/13321/488 4519/13322/488 4517/13323/488 4514/13324/488
f 4515/13325/489 4516/13326/489 4514/13327/489 4513/13328/489
f 4520/13329/490 4515/13330/490 4513/13331/490 4518/13332/490
f 4519/13333/491 4520/13334/491 4518/13335/491 4517/13336/491
f 4518/13337/492 4513/13338/492 4514/13339/492 4517/13340/492
f 4519/13341/493 4516/13342/493 4515/13343/493 4520/13344/493
o w2
v -1.874929 0.814572 2.870769
v -1.874929 0.114571 2.870769
v -1.874929 0.814572 2.170769
v -1.874929 0.114572 2.170769
v -1.562429 0.114571 2.870769
v -1.562429 0.814572 2.870769
v -1.562429 0.114572 2.170769
v -1.562429 0.814572 2.170769
v -1.967253 0.801006 2.350143
v -1.967253 0.871902 2.350143
v -1.967253 0.801006 2.692383
v -1.967253 0.871902 2.692383
v -1.486559 0.871902 2.350143
v -1.486559 0.801006 2.350143
v -1.486559 0.871902 2.692383
v -1.486559 0.801006 2.692383
v -1.967878 0.578628 2.157649
v -1.967878 0.629643 2.106634
v -1.967878 0.821512 2.400533
v -1.967878 0.872527 2.349518
v -1.485934 0.629643 2.106634
v -1.485934 0.578628 2.157649
v -1.485934 0.872527 2.349518
v -1.485934 0.821512 2.400533
v -1.918679 0.557408 2.615839
v -1.918679 0.369908 2.615839
v -1.918679 0.557408 2.428339
v -1.918679 0.369908 2.428339
v -1.449929 0.369908 2.615839
v -1.449929 0.557408 2.615839
v -1.449929 0.369908 2.428339
v -1.449929 0.557408 2.428339
v -1.967878 0.094285 2.400533
v -1.967878 0.043270 2.349518
v -1.967878 0.337168 2.157649
v -1.967878 0.286154 2.106634
v -1.485934 0.043270 2.349518
v -1.485934 0.094285 2.400533
v -1.485934 0.286154 2.106634
v -1.485934 0.337168 2.157649
v -1.967878 0.337168 2.884876
v -1.967878 0.286153 2.935891
v -1.967878 0.094284 2.641993
v -1.967878 0.043269 2.693007
v -1.485934 0.286153 2.935891
v -1.485934 0.337168 2.884876
v -1.485934 0.043269 2.693007
v -1.485934 0.094284 2.641993
v -1.967878 0.821512 2.641993
v -1.967878 0.872527 2.693007
v -1.967878 0.578628 2.884876
v -1.967878 0.629643 2.935891
v -1.485934 0.872527 2.693007
v -1.485934 0.821512 2.641993
v -1.485934 0.629643 2.935891
v -1.485934 0.578628 2.884876
v -1.967253 0.114790 2.692383
v -1.967253 0.043895 2.692383
v -1.967253 0.114790 2.350143
v -1.967253 0.043895 2.350143
v -1.486559 0.043895 2.692382
v -1.486559 0.114790 2.692383
v -1.486559 0.043895 2.350143
v -1.486559 0.114790 2.350143
v -1.967253 0.629018 2.864370
v -1.967253 0.629018 2.935266
v -1.967253 0.286778 2.864370
v -1.967253 0.286778 2.935266
v -1.486559 0.629018 2.935266
v -1.486559 0.629018 2.864370
v -1.486559 0.286778 2.935266
v -1.486559 0.286778 2.864370
v -1.967253 0.286779 2.178155
v -1.967253 0.286779 2.107259
v -1.967253 0.629018 2.178155
v -1.967253 0.629018 2.107259
v -1.486559 0.286779 2.107259
v -1.486559 0.286779 2.178155
v -1.486559 0.629018 2.107259
v -1.486559 0.629018 2.178155
vn -0.0000 -1.0000 -0.0000
vn -1.0000 -0.0000 -0.0000
vn -0.0000 1.0000 -0.0000
vn 1.0000 -0.0000 -0.0000
vn -0.0000 -0.0000 1.0000
vn -0.0000 -0.0000 -1.0000
vn -0.0000 0.7071 -0.7071
vn -0.0000 -0.7071 0.7071
vn -0.0000 -0.7071 -0.7071
vn -0.0000 0.7071 0.7071
vt 0.434570 0.449219
vt 0.439453 0.449219
vt 0.439453 0.459961
vt 0.434570 0.459961
vt 0.192383 0.547852
vt 0.203125 0.547852
vt 0.203125 0.558594
vt 0.192383 0.558594
vt 0.455078 0.449219
vt 0.459961 0.449219
vt 0.459961 0.459961
vt 0.455078 0.459961
vt 0.204102 0.547852
vt 0.214844 0.547852
vt 0.214844 0.558594
vt 0.204102 0.558594
vt 0.491211 0.459961
vt 0.486328 0.459961
vt 0.486328 0.449219
vt 0.491211 0.449219
vt 0.497070 0.449219
vt 0.492188 0.449219
vt 0.492188 0.459961
vt 0.497070 0.459961
vt 0.370117 0.416992
vt 0.377930 0.416992
vt 0.377930 0.421875
vt 0.370117 0.421875
vt 0.081055 0.303711
vt 0.082031 0.303711
vt 0.082031 0.308594
vt 0.081055 0.308594
vt 0.579102 0.995117
vt 0.586914 0.995117
vt 0.586914 1.000000
vt 0.579102 1.000000
vt 0.691406 0.910156
vt 0.692383 0.910156
vt 0.692383 0.915039
vt 0.691406 0.915039
vt 0.407227 0.321289
vt 0.399414 0.321289
vt 0.399414 0.320312
vt 0.407227 0.320312
vt 0.686523 0.578125
vt 0.678711 0.578125
vt 0.678711 0.579102
vt 0.686523 0.579102
vt 0.579102 0.946289
vt 0.586914 0.946289
vt 0.586914 0.951172
vt 0.579102 0.951172
vt 0.091797 0.303711
vt 0.092773 0.303711
vt 0.092773 0.308594
vt 0.091797 0.308594
vt 0.247070 0.416016
vt 0.254883 0.416016
vt 0.254883 0.420898
vt 0.247070 0.420898
vt 0.093750 0.303711
vt 0.094727 0.303711
vt 0.094727 0.308594
vt 0.093750 0.308594
vt 0.686523 0.577148
vt 0.678711 0.577148
vt 0.678711 0.576172
vt 0.686523 0.576172
vt 0.686523 0.558594
vt 0.678711 0.558594
vt 0.678711 0.559570
vt 0.686523 0.559570
vt 0.617188 0.812500
vt 0.625000 0.812500
vt 0.625000 0.815430
vt 0.617188 0.815430
vt 0.086914 0.330078
vt 0.089844 0.330078
vt 0.089844 0.333008
vt 0.086914 0.333008
vt 0.617188 0.771484
vt 0.625000 0.771484
vt 0.625000 0.774414
vt 0.617188 0.774414
vt 0.136719 0.330078
vt 0.139648 0.330078
vt 0.139648 0.333008
vt 0.136719 0.333008
vt 0.625000 0.735352
vt 0.617188 0.735352
vt 0.617188 0.732422
vt 0.625000 0.732422
vt 0.625000 0.702148
vt 0.617188 0.702148
vt 0.617188 0.705078
vt 0.625000 0.705078
vt 0.399414 0.416016
vt 0.407227 0.416016
vt 0.407227 0.420898
vt 0.399414 0.420898
vt 0.102539 0.303711
vt 0.103516 0.303711
vt 0.103516 0.308594
vt 0.102539 0.308594
vt 0.408203 0.416016
vt 0.416016 0.416016
vt 0.416016 0.420898
vt 0.408203 0.420898
vt 0.104492 0.303711
vt 0.105469 0.303711
vt 0.105469 0.308594
vt 0.104492 0.308594
vt 0.686523 0.557617
vt 0.678711 0.557617
vt 0.678711 0.556641
vt 0.686523 0.556641
vt 0.686523 0.541016
vt 0.678711 0.541016
vt 0.678711 0.541992
vt 0.686523 0.541992
vt 0.466797 0.416016
vt 0.474609 0.416016
vt 0.474609 0.420898
vt 0.466797 0.420898
vt 0.106445 0.303711
vt 0.107422 0.303711
vt 0.107422 0.308594
vt 0.106445 0.308594
vt 0.475586 0.416016
vt 0.483398 0.416016
vt 0.483398 0.420898
vt 0.475586 0.420898
vt 0.691406 0.878906
vt 0.692383 0.878906
vt 0.692383 0.883789
vt 0.691406 0.883789
vt 0.686523 0.520508
vt 0.678711 0.520508
vt 0.678711 0.519531
vt 0.686523 0.519531
vt 0.686523 0.517578
vt 0.678711 0.517578
vt 0.678711 0.518555
vt 0.686523 0.518555
vt 0.546875 0.416016
vt 0.554688 0.416016
vt 0.554688 0.420898
vt 0.546875 0.420898
vt 0.118164 0.303711
vt 0.119141 0.303711
vt 0.119141 0.308594
vt 0.118164 0.308594
vt 0.555664 0.416016
vt 0.563477 0.416016
vt 0.563477 0.420898
vt 0.555664 0.420898
vt 0.129883 0.303711
vt 0.130859 0.303711
vt 0.130859 0.308594
vt 0.129883 0.308594
vt 0.686523 0.504883
vt 0.678711 0.504883
vt 0.678711 0.503906
vt 0.686523 0.503906
vt 0.686523 0.501953
vt 0.678711 0.501953
vt 0.678711 0.502930
vt 0.686523 0.502930
vt 0.049805 0.415039
vt 0.057617 0.415039
vt 0.057617 0.419922
vt 0.049805 0.419922
vt 0.131836 0.303711
vt 0.132812 0.303711
vt 0.132812 0.308594
vt 0.131836 0.308594
vt 0.580078 0.788086
vt 0.587891 0.788086
vt 0.587891 0.792969
vt 0.580078 0.792969
vt 0.133789 0.303711
vt 0.134766 0.303711
vt 0.134766 0.308594
vt 0.133789 0.308594
vt 0.686523 0.491211
vt 0.678711 0.491211
vt 0.678711 0.490234
vt 0.686523 0.490234
vt 0.686523 0.426758
vt 0.678711 0.426758
vt 0.678711 0.427734
vt 0.686523 0.427734
vt 0.255859 0.415039
vt 0.263672 0.415039
vt 0.263672 0.419922
vt 0.255859 0.419922
vt 0.135742 0.303711
vt 0.136719 0.303711
vt 0.136719 0.308594
vt 0.135742 0.308594
vt 0.288086 0.415039
vt 0.295898 0.415039
vt 0.295898 0.419922
vt 0.288086 0.419922
vt 0.139648 0.303711
vt 0.140625 0.303711
vt 0.140625 0.308594
vt 0.139648 0.308594
vt 0.656250 0.321289
vt 0.648438 0.321289
vt 0.648438 0.320312
vt 0.656250 0.320312
vt 0.686523 0.349609
vt 0.678711 0.349609
vt 0.678711 0.350586
vt 0.686523 0.350586
vt 0.301758 0.415039
vt 0.309570 0.415039
vt 0.309570 0.419922
vt 0.301758 0.419922
vt 0.147461 0.303711
vt 0.148438 0.303711
vt 0.148438 0.308594
vt 0.147461 0.308594
vt 0.580078 0.602539
vt 0.587891 0.602539
vt 0.587891 0.607422
vt 0.580078 0.607422
vt 0.149414 0.303711
vt 0.150391 0.303711
vt 0.150391 0.308594
vt 0.149414 0.308594
vt 0.686523 0.348633
vt 0.678711 0.348633
vt 0.678711 0.347656
vt 0.686523 0.347656
vt 0.665039 0.320312
vt 0.657227 0.320312
vt 0.657227 0.321289
vt 0.665039 0.321289
s 0
usemtl m_8a7aecf9-bc7d-1c53-4ad7-3ee173c6c92f
f 4524/13345/498 4527/13346/498 4525/13347/498 4522/13348/498
f 4523/13349/499 4524/13350/499 4522/13351/499 4521/13352/499
f 4528/13353/500 4523/13354/500 4521/13355/500 4526/13356/500
f 4527/13357/501 4528/13358/501 4526/13359/501 4525/13360/501
f 4526/13361/502 4521/13362/502 4522/13363/502 4525/13364/502
f 4527/13365/503 4524/13366/503 4523/13367/503 4528/13368/503
f 4532/13369/500 4535/13370/500 4533/13371/500 4530/13372/500
f 4531/13373/499 4532/13374/499 4530/13375/499 4529/13376/499
f 4536/13377/498 4531/13378/498 4529/13379/498 4534/13380/498
f 4535/13381/501 4536/13382/501 4534/13383/501 4533/13384/501
f 4534/13385/503 4529/13386/503 4530/13387/503 4533/13388/503
f 4535/13389/502 4532/13390/502 4531/13391/502 4536/13392/502
f 4540/13393/504 4543/13394/504 4541/13395/504 4538/13396/504
f 4539/13397/499 4540/13398/499 4538/13399/499 4537/13400/499
f 4544/13401/505 4539/13402/505 4537/13403/505 4542/13404/505
f 4543/13405/501 4544/13406/501 4542/13407/501 4541/13408/501
f 4542/13409/506 4537/13410/506 4538/13411/506 4541/13412/506
f 4543/13413/507 4540/13414/507 4539/13415/507 4544/13416/507
f 4548/13417/498 4551/13418/498 4549/13419/498 4546/13420/498
f 4547/13421/499 4548/13422/499 4546/13423/499 4545/13424/499
f 4552/13425/500 4547/13426/500 4545/13427/500 4550/13428/500
f 4551/13429/501 4552/13430/501 4550/13431/501 4549/13432/501
f 4550/13433/502 4545/13434/502 4546/13435/502 4549/13436/502
f 4551/13437/503 4548/13438/503 4547/13439/503 4552/13440/503
f 4556/13441/506 4559/13442/506 4557/13443/506 4554/13444/506
f 4555/13445/499 4556/13446/499 4554/13447/499 4553/13448/499
f 4560/13449/507 4555/13450/507 4553/13451/507 4558/13452/507
f 4559/13453/501 4560/13454/501 4558/13455/501 4557/13456/501
f 4558/13457/505 4553/13458/505 4554/13459/505 4557/13460/505
f 4559/13461/504 4556/13462/504 4555/13463/504 4560/13464/504
f 4564/13465/505 4567/13466/505 4565/13467/505 4562/13468/505
f 4563/13469/499 4564/13470/499 4562/13471/499 4561/13472/499
f 4568/13473/504 4563/13474/504 4561/13475/504 4566/13476/504
f 4567/13477/501 4568/13478/501 4566/13479/501 4565/13480/501
f 4566/13481/507 4561/13482/507 4562/13483/507 4565/13484/507
f 4567/13485/506 4564/13486/506 4563/13487/506 4568/13488/506
f 4572/13489/507 4575/13490/507 4573/13491/507 4570/13492/507
f 4571/13493/499 4572/13494/499 4570/13495/499 4569/13496/499
f 4576/13497/506 4571/13498/506 4569/13499/506 4574/13500/506
f 4575/13501/501 4576/13502/501 4574/13503/501 4573/13504/501
f 4574/13505/504 4569/13506/504 4570/13507/504 4573/13508/504
f 4575/13509/505 4572/13510/505 4571/13511/505 4576/13512/505
f 4580/13513/498 4583/13514/498 4581/13515/498 4578/13516/498
f 4579/13517/499 4580/13518/499 4578/13519/499 4577/13520/499
f 4584/13521/500 4579/13522/500 4577/13523/500 4582/13524/500
f 4583/13525/501 4584/13526/501 4582/13527/501 4581/13528/501
f 4582/13529/502 4577/13530/502 4578/13531/502 4581/13532/502
f 4583/13533/503 4580/13534/503 4579/13535/503 4584/13536/503
f 4588/13537/502 4591/13538/502 4589/13539/502 4586/13540/502
f 4587/13541/499 4588/13542/499 4586/13543/499 4585/13544/499
f 4592/13545/503 4587/13546/503 4585/13547/503 4590/13548/503
f 4591/13549/501 4592/13550/501 4590/13551/501 4589/13552/501
f 4590/13553/500 4585/13554/500 4586/13555/500 4589/13556/500
f 4591/13557/498 4588/13558/498 4587/13559/498 4592/13560/498
f 4596/13561/503 4599/13562/503 4597/13563/503 4594/13564/503
f 4595/13565/499 4596/13566/499 4594/13567/499 4593/13568/499
f 4600/13569/502 4595/13570/502 4593/13571/502 4598/13572/502
f 4599/13573/501 4600/13574/501 4598/13575/501 4597/13576/501
f 4598/13577/498 4593/13578/498 4594/13579/498 4597/13580/498
f 4599/13581/500 4596/13582/500 4595/13583/500 4600/13584/500
o w3
v -1.918679 0.557408 1.578339
v -1.918679 0.369908 1.578339
v -1.918679 0.557408 1.390839
v -1.918679 0.369908 1.390839
v -1.449929 0.369908 1.578339
v -1.449929 0.557408 1.578339
v -1.449929 0.369908 1.390839
v -1.449929 0.557408 1.390839
v -1.967253 0.801006 1.312643
v -1.967253 0.871902 1.312643
v -1.967253 0.801006 1.654883
v -1.967253 0.871902 1.654883
v -1.486559 0.871902 1.312643
v -1.486559 0.801006 1.312643
v -1.486559 0.871902 1.654883
v -1.486559 0.801006 1.654883
v -1.874929 0.814572 1.833269
v -1.874929 0.114572 1.833269
v -1.874929 0.814572 1.133269
v -1.874929 0.114572 1.133269
v -1.562429 0.114572 1.833269
v -1.562429 0.814572 1.833269
v -1.562429 0.114572 1.133269
v -1.562429 0.814572 1.133269
v -1.967878 0.578628 1.120149
v -1.967878 0.629643 1.069134
v -1.967878 0.821512 1.363033
v -1.967878 0.872527 1.312018
v -1.485934 0.629643 1.069134
v -1.485934 0.578628 1.120149
v -1.485934 0.872527 1.312018
v -1.485934 0.821512 1.363033
v -1.967878 0.094285 1.363033
v -1.967878 0.043270 1.312018
v -1.967878 0.337168 1.120149
v -1.967878 0.286154 1.069134
v -1.485934 0.043270 1.312018
v -1.485934 0.094285 1.363033
v -1.485934 0.286154 1.069134
v -1.485934 0.337168 1.120149
v -1.967878 0.337168 1.847377
v -1.967878 0.286153 1.898391
v -1.967878 0.094284 1.604493
v -1.967878 0.043269 1.655508
v -1.485934 0.286153 1.898391
v -1.485934 0.337168 1.847376
v -1.485934 0.043269 1.655507
v -1.485934 0.094284 1.604493
v -1.967878 0.821512 1.604493
v -1.967878 0.872527 1.655507
v -1.967878 0.578628 1.847377
v -1.967878 0.629643 1.898391
v -1.485934 0.872527 1.655507
v -1.485934 0.821512 1.604493
v -1.485934 0.629643 1.898391
v -1.485934 0.578628 1.847376
v -1.967253 0.114790 1.654883
v -1.967253 0.043895 1.654883
v -1.967253 0.114790 1.312643
v -1.967253 0.043895 1.312643
v -1.486559 0.043895 1.654883
v -1.486559 0.114790 1.654883
v -1.486559 0.043895 1.312643
v -1.486559 0.114790 1.312643
v -1.967253 0.629018 1.826871
v -1.967253 0.629018 1.897766
v -1.967253 0.286778 1.826871
v -1.967253 0.286778 1.897766
v -1.486559 0.629018 1.897766
v -1.486559 0.629018 1.826870
v -1.486559 0.286778 1.897766
v -1.486559 0.286778 1.826870
v -1.967253 0.286779 1.140655
v -1.967253 0.286779 1.069759
v -1.967253 0.629018 1.140655
v -1.967253 0.629018 1.069759
v -1.486559 0.286779 1.069759
v -1.486559 0.286779 1.140655
v -1.486559 0.629018 1.069759
v -1.486559 0.629018 1.140655
vn -0.0000 -1.0000 -0.0000
vn -1.0000 -0.0000 -0.0000
vn -0.0000 1.0000 -0.0000
vn 1.0000 -0.0000 -0.0000
vn -0.0000 -0.0000 1.0000
vn -0.0000 -0.0000 -1.0000
vn -0.0000 0.7071 -0.7071
vn -0.0000 -0.7071 0.7071
vn -0.0000 -0.7071 -0.7071
vn -0.0000 0.7071 0.7071
vt 0.617188 0.664062
vt 0.625000 0.664062
vt 0.625000 0.666992
vt 0.617188 0.666992
vt 0.152344 0.330078
vt 0.155273 0.330078
vt 0.155273 0.333008
vt 0.152344 0.333008
vt 0.617188 0.660156
vt 0.625000 0.660156
vt 0.625000 0.663086
vt 0.617188 0.663086
vt 0.250000 0.330078
vt 0.252930 0.330078
vt 0.252930 0.333008
vt 0.250000 0.333008
vt 0.625000 0.659180
vt 0.617188 0.659180
vt 0.617188 0.656250
vt 0.625000 0.656250
vt 0.625000 0.652344
vt 0.617188 0.652344
vt 0.617188 0.655273
vt 0.625000 0.655273
vt 0.580078 0.543945
vt 0.587891 0.543945
vt 0.587891 0.548828
vt 0.580078 0.548828
vt 0.151367 0.303711
vt 0.152344 0.303711
vt 0.152344 0.308594
vt 0.151367 0.308594
vt 0.580078 0.538086
vt 0.587891 0.538086
vt 0.587891 0.542969
vt 0.580078 0.542969
vt 0.157227 0.303711
vt 0.158203 0.303711
vt 0.158203 0.308594
vt 0.157227 0.308594
vt 0.673828 0.321289
vt 0.666016 0.321289
vt 0.666016 0.320312
vt 0.673828 0.320312
vt 0.682617 0.320312
vt 0.674805 0.320312
vt 0.674805 0.321289
vt 0.682617 0.321289
vt 0.540039 0.492188
vt 0.544922 0.492188
vt 0.544922 0.502930
vt 0.540039 0.502930
vt 0.215820 0.547852
vt 0.226562 0.547852
vt 0.226562 0.558594
vt 0.215820 0.558594
vt 0.498047 0.449219
vt 0.502930 0.449219
vt 0.502930 0.459961
vt 0.498047 0.459961
vt 0.441406 0.726562
vt 0.452148 0.726562
vt 0.452148 0.737305
vt 0.441406 0.737305
vt 0.544922 0.465820
vt 0.540039 0.465820
vt 0.540039 0.455078
vt 0.544922 0.455078
vt 0.545898 0.803711
vt 0.541016 0.803711
vt 0.541016 0.814453
vt 0.545898 0.814453
vt 0.580078 0.530273
vt 0.587891 0.530273
vt 0.587891 0.535156
vt 0.580078 0.535156
vt 0.159180 0.303711
vt 0.160156 0.303711
vt 0.160156 0.308594
vt 0.159180 0.308594
vt 0.484375 0.415039
vt 0.492188 0.415039
vt 0.492188 0.419922
vt 0.484375 0.419922
vt 0.161133 0.303711
vt 0.162109 0.303711
vt 0.162109 0.308594
vt 0.161133 0.308594
vt 0.025391 0.320312
vt 0.017578 0.320312
vt 0.017578 0.319336
vt 0.025391 0.319336
vt 0.034180 0.319336
vt 0.026367 0.319336
vt 0.026367 0.320312
vt 0.034180 0.320312
vt 0.580078 0.477539
vt 0.587891 0.477539
vt 0.587891 0.482422
vt 0.580078 0.482422
vt 0.163086 0.303711
vt 0.164062 0.303711
vt 0.164062 0.308594
vt 0.163086 0.308594
vt 0.580078 0.471680
vt 0.587891 0.471680
vt 0.587891 0.476562
vt 0.580078 0.476562
vt 0.165039 0.303711
vt 0.166016 0.303711
vt 0.166016 0.308594
vt 0.165039 0.308594
vt 0.119141 0.320312
vt 0.111328 0.320312
vt 0.111328 0.319336
vt 0.119141 0.319336
vt 0.140625 0.319336
vt 0.132812 0.319336
vt 0.132812 0.320312
vt 0.140625 0.320312
vt 0.580078 0.458008
vt 0.587891 0.458008
vt 0.587891 0.462891
vt 0.580078 0.462891
vt 0.166992 0.303711
vt 0.167969 0.303711
vt 0.167969 0.308594
vt 0.166992 0.308594
vt 0.580078 0.452148
vt 0.587891 0.452148
vt 0.587891 0.457031
vt 0.580078 0.457031
vt 0.203125 0.303711
vt 0.204102 0.303711
vt 0.204102 0.308594
vt 0.203125 0.308594
vt 0.173828 0.320312
vt 0.166016 0.320312
vt 0.166016 0.319336
vt 0.173828 0.319336
vt 0.687500 0.810547
vt 0.679688 0.810547
vt 0.679688 0.811523
vt 0.687500 0.811523
vt 0.580078 0.425781
vt 0.587891 0.425781
vt 0.587891 0.430664
vt 0.580078 0.430664
vt 0.228516 0.303711
vt 0.229492 0.303711
vt 0.229492 0.308594
vt 0.228516 0.308594
vt 0.581055 0.940430
vt 0.588867 0.940430
vt 0.588867 0.945312
vt 0.581055 0.945312
vt 0.245117 0.303711
vt 0.246094 0.303711
vt 0.246094 0.308594
vt 0.245117 0.308594
vt 0.687500 0.809570
vt 0.679688 0.809570
vt 0.679688 0.808594
vt 0.687500 0.808594
vt 0.687500 0.806641
vt 0.679688 0.806641
vt 0.679688 0.807617
vt 0.687500 0.807617
vt 0.581055 0.934570
vt 0.588867 0.934570
vt 0.588867 0.939453
vt 0.581055 0.939453
vt 0.247070 0.303711
vt 0.248047 0.303711
vt 0.248047 0.308594
vt 0.247070 0.308594
vt 0.581055 0.915039
vt 0.588867 0.915039
vt 0.588867 0.919922
vt 0.581055 0.919922
vt 0.302734 0.303711
vt 0.303711 0.303711
vt 0.303711 0.308594
vt 0.302734 0.308594
vt 0.212891 0.320312
vt 0.205078 0.320312
vt 0.205078 0.319336
vt 0.212891 0.319336
vt 0.687500 0.790039
vt 0.679688 0.790039
vt 0.679688 0.791016
vt 0.687500 0.791016
vt 0.581055 0.777344
vt 0.588867 0.777344
vt 0.588867 0.782227
vt 0.581055 0.782227
vt 0.304688 0.303711
vt 0.305664 0.303711
vt 0.305664 0.308594
vt 0.304688 0.308594
vt 0.581055 0.763672
vt 0.588867 0.763672
vt 0.588867 0.768555
vt 0.581055 0.768555
vt 0.321289 0.303711
vt 0.322266 0.303711
vt 0.322266 0.308594
vt 0.321289 0.308594
vt 0.687500 0.789062
vt 0.679688 0.789062
vt 0.679688 0.788086
vt 0.687500 0.788086
vt 0.221680 0.319336
vt 0.213867 0.319336
vt 0.213867 0.320312
vt 0.221680 0.320312
vt 0.581055 0.757812
vt 0.588867 0.757812
vt 0.588867 0.762695
vt 0.581055 0.762695
vt 0.333008 0.303711
vt 0.333984 0.303711
vt 0.333984 0.308594
vt 0.333008 0.308594
vt 0.320312 0.414062
vt 0.328125 0.414062
vt 0.328125 0.418945
vt 0.320312 0.418945
vt 0.334961 0.303711
vt 0.335938 0.303711
vt 0.335938 0.308594
vt 0.334961 0.308594
vt 0.230469 0.320312
vt 0.222656 0.320312
vt 0.222656 0.319336
vt 0.230469 0.319336
vt 0.687500 0.760742
vt 0.679688 0.760742
vt 0.679688 0.761719
vt 0.687500 0.761719
s 0
usemtl m_8a7aecf9-bc7d-1c53-4ad7-3ee173c6c92f
f 4604/13585/508 4607/13586/508 4605/13587/508 4602/13588/508
f 4603/13589/509 4604/13590/509 4602/13591/509 4601/13592/509
f 4608/13593/510 4603/13594/510 4601/13595/510 4606/13596/510
f 4607/13597/511 4608/13598/511 4606/13599/511 4605/13600/511
f 4606/13601/512 4601/13602/512 4602/13603/512 4605/13604/512
f 4607/13605/513 4604/13606/513 4603/13607/513 4608/13608/513
f 4612/13609/510 4615/13610/510 4613/13611/510 4610/13612/510
f 4611/13613/509 4612/13614/509 4610/13615/509 4609/13616/509
f 4616/13617/508 4611/13618/508 4609/13619/508 4614/13620/508
f 4615/13621/511 4616/13622/511 4614/13623/511 4613/13624/511
f 4614/13625/513 4609/13626/513 4610/13627/513 4613/13628/513
f 4615/13629/512 4612/13630/512 4611/13631/512 4616/13632/512
f 4620/13633/508 4623/13634/508 4621/13635/508 4618/13636/508
f 4619/13637/509 4620/13638/509 4618/13639/509 4617/13640/509
f 4624/13641/510 4619/13642/510 4617/13643/510 4622/13644/510
f 4623/13645/511 4624/13646/511 4622/13647/511 4621/13648/511
f 4622/13649/512 4617/13650/512 4618/13651/512 4621/13652/512
f 4623/13653/513 4620/13654/513 4619/13655/513 4624/13656/513
f 4628/13657/514 4631/13658/514 4629/13659/514 4626/13660/514
f 4627/13661/509 4628/13662/509 4626/13663/509 4625/13664/509
f 4632/13665/515 4627/13666/515 4625/13667/515 4630/13668/515
f 4631/13669/511 4632/13670/511 4630/13671/511 4629/13672/511
f 4630/13673/516 4625/13674/516 4626/13675/516 4629/13676/516
f 4631/13677/517 4628/13678/517 4627/13679/517 4632/13680/517
f 4636/13681/516 4639/13682/516 4637/13683/516 4634/13684/516
f 4635/13685/509 4636/13686/509 4634/13687/509 4633/13688/509
f 4640/13689/517 4635/13690/517 4633/13691/517 4638/13692/517
f 4639/13693/511 4640/13694/511 4638/13695/511 4637/13696/511
f 4638/13697/515 4633/13698/515 4634/13699/515 4637/13700/515
f 4639/13701/514 4636/13702/514 4635/13703/514 4640/13704/514
f 4644/13705/515 4647/13706/515 4645/13707/515 4642/13708/515
f 4643/13709/509 4644/13710/509 4642/13711/509 4641/13712/509
f 4648/13713/514 4643/13714/514 4641/13715/514 4646/13716/514
f 4647/13717/511 4648/13718/511 4646/13719/511 4645/13720/511
f 4646/13721/517 4641/13722/517 4642/13723/517 4645/13724/517
f 4647/13725/516 4644/13726/516 4643/13727/516 4648/13728/516
f 4652/13729/517 4655/13730/517 4653/13731/517 4650/13732/517
f 4651/13733/509 4652/13734/509 4650/13735/509 4649/13736/509
f 4656/13737/516 4651/13738/516 4649/13739/516 4654/13740/516
f 4655/13741/511 4656/13742/511 4654/13743/511 4653/13744/511
f 4654/13745/514 4649/13746/514 4650/13747/514 4653/13748/514
f 4655/13749/515 4652/13750/515 4651/13751/515 4656/13752/515
f 4660/13753/508 4663/13754/508 4661/13755/508 4658/13756/508
f 4659/13757/509 4660/13758/509 4658/13759/509 4657/13760/509
f 4664/13761/510 4659/13762/510 4657/13763/510 4662/13764/510
f 4663/13765/511 4664/13766/511 4662/13767/511 4661/13768/511
f 4662/13769/512 4657/13770/512 4658/13771/512 4661/13772/512
f 4663/13773/513 4660/13774/513 4659/13775/513 4664/13776/513
f 4668/13777/512 4671/13778/512 4669/13779/512 4666/13780/512
f 4667/13781/509 4668/13782/509 4666/13783/509 4665/13784/509
f 4672/13785/513 4667/13786/513 4665/13787/513 4670/13788/513
f 4671/13789/511 4672/13790/511 4670/13791/511 4669/13792/511
f 4670/13793/510 4665/13794/510 4666/13795/510 4669/13796/510
f 4671/13797/508 4668/13798/508 4667/13799/508 4672/13800/508
f 4676/13801/513 4679/13802/513 4677/13803/513 4674/13804/513
f 4675/13805/509 4676/13806/509 4674/13807/509 4673/13808/509
f 4680/13809/512 4675/13810/512 4673/13811/512 4678/13812/512
f 4679/13813/511 4680/13814/511 4678/13815/511 4677/13816/511
f 4678/13817/508 4673/13818/508 4674/13819/508 4677/13820/508
f 4679/13821/510 4676/13822/510 4675/13823/510 4680/13824/510
o w4
v -1.918679 0.557408 0.578339
v -1.918679 0.369908 0.578339
v -1.918679 0.557408 0.390839
v -1.918679 0.369908 0.390839
v -1.449929 0.369908 0.578339
v -1.449929 0.557408 0.578339
v -1.449929 0.369908 0.390839
v -1.449929 0.557408 0.390839
v -1.967253 0.801006 0.312643
v -1.967253 0.871902 0.312643
v -1.967253 0.801006 0.654883
v -1.967253 0.871902 0.654883
v -1.486559 0.871902 0.312643
v -1.486559 0.801006 0.312643
v -1.486559 0.871902 0.654883
v -1.486559 0.801006 0.654883
v -1.874929 0.814572 0.833269
v -1.874929 0.114572 0.833269
v -1.874929 0.814572 0.133269
v -1.874929 0.114572 0.133269
v -1.562429 0.114572 0.833269
v -1.562429 0.814572 0.833269
v -1.562429 0.114572 0.133269
v -1.562429 0.814572 0.133269
v -1.967878 0.578628 0.120149
v -1.967878 0.629643 0.069134
v -1.967878 0.821512 0.363033
v -1.967878 0.872527 0.312018
v -1.485934 0.629643 0.069134
v -1.485934 0.578628 0.120149
v -1.485934 0.872527 0.312018
v -1.485934 0.821512 0.363033
v -1.967878 0.094285 0.363033
v -1.967878 0.043270 0.312018
v -1.967878 0.337169 0.120149
v -1.967878 0.286154 0.069134
v -1.485934 0.043270 0.312018
v -1.485934 0.094285 0.363033
v -1.485934 0.286154 0.069134
v -1.485934 0.337169 0.120149
v -1.967878 0.337168 0.847377
v -1.967878 0.286153 0.898391
v -1.967878 0.094284 0.604493
v -1.967878 0.043269 0.655507
v -1.485934 0.286153 0.898391
v -1.485934 0.337168 0.847377
v -1.485934 0.043269 0.655507
v -1.485934 0.094284 0.604493
v -1.967878 0.821512 0.604493
v -1.967878 0.872527 0.655507
v -1.967878 0.578628 0.847377
v -1.967878 0.629643 0.898391
v -1.485934 0.872527 0.655507
v -1.485934 0.821512 0.604493
v -1.485934 0.629643 0.898391
v -1.485934 0.578628 0.847377
v -1.967253 0.114791 0.654883
v -1.967253 0.043895 0.654883
v -1.967253 0.114791 0.312643
v -1.967253 0.043895 0.312643
v -1.486559 0.043895 0.654883
v -1.486559 0.114791 0.654883
v -1.486559 0.043895 0.312643
v -1.486559 0.114791 0.312643
v -1.967253 0.629018 0.826871
v -1.967253 0.629018 0.897766
v -1.967253 0.286778 0.826871
v -1.967253 0.286778 0.897766
v -1.486559 0.629018 0.897766
v -1.486559 0.629018 0.826871
v -1.486559 0.286778 0.897766
v -1.486559 0.286778 0.826870
v -1.967253 0.286779 0.140655
v -1.967253 0.286779 0.069759
v -1.967253 0.629018 0.140655
v -1.967253 0.629018 0.069759
v -1.486559 0.286779 0.069759
v -1.486559 0.286779 0.140655
v -1.486559 0.629018 0.069759
v -1.486559 0.629018 0.140655
vn -0.0000 -1.0000 -0.0000
vn -1.0000 -0.0000 -0.0000
vn -0.0000 1.0000 -0.0000
vn 1.0000 -0.0000 -0.0000
vn -0.0000 -0.0000 1.0000
vn -0.0000 -0.0000 -1.0000
vn -0.0000 0.7071 -0.7071
vn -0.0000 -0.7071 0.7071
vn -0.0000 -0.7071 -0.7071
vn -0.0000 0.7071 0.7071
vt 0.617188 0.638672
vt 0.625000 0.638672
vt 0.625000 0.641602
vt 0.617188 0.641602
vt 0.253906 0.330078
vt 0.256836 0.330078
vt 0.256836 0.333008
vt 0.253906 0.333008
vt 0.617188 0.621094
vt 0.625000 0.621094
vt 0.625000 0.624023
vt 0.617188 0.624023
vt 0.375977 0.330078
vt 0.378906 0.330078
vt 0.378906 0.333008
vt 0.375977 0.333008
vt 0.625000 0.612305
vt 0.617188 0.612305
vt 0.617188 0.609375
vt 0.625000 0.609375
vt 0.625000 0.601562
vt 0.617188 0.601562
vt 0.617188 0.604492
vt 0.625000 0.604492
vt 0.007812 0.413086
vt 0.015625 0.413086
vt 0.015625 0.417969
vt 0.007812 0.417969
vt 0.336914 0.303711
vt 0.337891 0.303711
vt 0.337891 0.308594
vt 0.336914 0.308594
vt 0.128906 0.413086
vt 0.136719 0.413086
vt 0.136719 0.417969
vt 0.128906 0.417969
vt 0.691406 0.646484
vt 0.692383 0.646484
vt 0.692383 0.651367
vt 0.691406 0.651367
vt 0.687500 0.759766
vt 0.679688 0.759766
vt 0.679688 0.758789
vt 0.687500 0.758789
vt 0.687500 0.748047
vt 0.679688 0.748047
vt 0.679688 0.749023
vt 0.687500 0.749023
vt 0.195312 0.448242
vt 0.200195 0.448242
vt 0.200195 0.458984
vt 0.195312 0.458984
vt 0.410156 0.547852
vt 0.420898 0.547852
vt 0.420898 0.558594
vt 0.410156 0.558594
vt 0.201172 0.448242
vt 0.206055 0.448242
vt 0.206055 0.458984
vt 0.201172 0.458984
vt 0.421875 0.547852
vt 0.432617 0.547852
vt 0.432617 0.558594
vt 0.421875 0.558594
vt 0.211914 0.458984
vt 0.207031 0.458984
vt 0.207031 0.448242
vt 0.211914 0.448242
vt 0.545898 0.748047
vt 0.541016 0.748047
vt 0.541016 0.758789
vt 0.545898 0.758789
vt 0.137695 0.413086
vt 0.145508 0.413086
vt 0.145508 0.417969
vt 0.137695 0.417969
vt 0.375977 0.303711
vt 0.376953 0.303711
vt 0.376953 0.308594
vt 0.375977 0.308594
vt 0.146484 0.413086
vt 0.154297 0.413086
vt 0.154297 0.417969
vt 0.146484 0.417969
vt 0.377930 0.303711
vt 0.378906 0.303711
vt 0.378906 0.308594
vt 0.377930 0.308594
vt 0.687500 0.747070
vt 0.679688 0.747070
vt 0.679688 0.746094
vt 0.687500 0.746094
vt 0.271484 0.319336
vt 0.263672 0.319336
vt 0.263672 0.320312
vt 0.271484 0.320312
vt 0.582031 0.625000
vt 0.589844 0.625000
vt 0.589844 0.629883
vt 0.582031 0.629883
vt 0.399414 0.303711
vt 0.400391 0.303711
vt 0.400391 0.308594
vt 0.399414 0.308594
vt 0.378906 0.413086
vt 0.386719 0.413086
vt 0.386719 0.417969
vt 0.378906 0.417969
vt 0.401367 0.303711
vt 0.402344 0.303711
vt 0.402344 0.308594
vt 0.401367 0.308594
vt 0.687500 0.732422
vt 0.679688 0.732422
vt 0.679688 0.731445
vt 0.687500 0.731445
vt 0.687500 0.729492
vt 0.679688 0.729492
vt 0.679688 0.730469
vt 0.687500 0.730469
vt 0.416992 0.413086
vt 0.424805 0.413086
vt 0.424805 0.417969
vt 0.416992 0.417969
vt 0.412109 0.303711
vt 0.413086 0.303711
vt 0.413086 0.308594
vt 0.412109 0.308594
vt 0.493164 0.413086
vt 0.500977 0.413086
vt 0.500977 0.417969
vt 0.493164 0.417969
vt 0.414062 0.303711
vt 0.415039 0.303711
vt 0.415039 0.308594
vt 0.414062 0.308594
vt 0.687500 0.728516
vt 0.679688 0.728516
vt 0.679688 0.727539
vt 0.687500 0.727539
vt 0.280273 0.319336
vt 0.272461 0.319336
vt 0.272461 0.320312
vt 0.280273 0.320312
vt 0.582031 0.465820
vt 0.589844 0.465820
vt 0.589844 0.470703
vt 0.582031 0.470703
vt 0.416016 0.303711
vt 0.416992 0.303711
vt 0.416992 0.308594
vt 0.416016 0.308594
vt 0.582031 0.446289
vt 0.589844 0.446289
vt 0.589844 0.451172
vt 0.582031 0.451172
vt 0.423828 0.303711
vt 0.424805 0.303711
vt 0.424805 0.308594
vt 0.423828 0.308594
vt 0.687500 0.726562
vt 0.679688 0.726562
vt 0.679688 0.725586
vt 0.687500 0.725586
vt 0.289062 0.319336
vt 0.281250 0.319336
vt 0.281250 0.320312
vt 0.289062 0.320312
vt 0.564453 0.413086
vt 0.572266 0.413086
vt 0.572266 0.417969
vt 0.564453 0.417969
vt 0.441406 0.303711
vt 0.442383 0.303711
vt 0.442383 0.308594
vt 0.441406 0.308594
vt 0.573242 0.413086
vt 0.581055 0.413086
vt 0.581055 0.417969
vt 0.573242 0.417969
vt 0.468750 0.303711
vt 0.469727 0.303711
vt 0.469727 0.308594
vt 0.468750 0.308594
vt 0.687500 0.714844
vt 0.679688 0.714844
vt 0.679688 0.713867
vt 0.687500 0.713867
vt 0.687500 0.711914
vt 0.679688 0.711914
vt 0.679688 0.712891
vt 0.687500 0.712891
vt 0.582031 0.413086
vt 0.589844 0.413086
vt 0.589844 0.417969
vt 0.582031 0.417969
vt 0.470703 0.303711
vt 0.471680 0.303711
vt 0.471680 0.308594
vt 0.470703 0.308594
vt 0.016602 0.412109
vt 0.024414 0.412109
vt 0.024414 0.416992
vt 0.016602 0.416992
vt 0.472656 0.303711
vt 0.473633 0.303711
vt 0.473633 0.308594
vt 0.472656 0.308594
vt 0.297852 0.320312
vt 0.290039 0.320312
vt 0.290039 0.319336
vt 0.297852 0.319336
vt 0.306641 0.319336
vt 0.298828 0.319336
vt 0.298828 0.320312
vt 0.306641 0.320312
vt 0.025391 0.412109
vt 0.033203 0.412109
vt 0.033203 0.416992
vt 0.025391 0.416992
vt 0.488281 0.303711
vt 0.489258 0.303711
vt 0.489258 0.308594
vt 0.488281 0.308594
vt 0.034180 0.412109
vt 0.041992 0.412109
vt 0.041992 0.416992
vt 0.034180 0.416992
vt 0.490234 0.303711
vt 0.491211 0.303711
vt 0.491211 0.308594
vt 0.490234 0.308594
vt 0.687500 0.674805
vt 0.679688 0.674805
vt 0.679688 0.673828
vt 0.687500 0.673828
vt 0.687500 0.671875
vt 0.679688 0.671875
vt 0.679688 0.672852
vt 0.687500 0.672852
s 0
usemtl m_8a7aecf9-bc7d-1c53-4ad7-3ee173c6c92f
f 4684/13825/518 4687/13826/518 4685/13827/518 4682/13828/518
f 4683/13829/519 4684/13830/519 4682/13831/519 4681/13832/519
f 4688/13833/520 4683/13834/520 4681/13835/520 4686/13836/520
f 4687/13837/521 4688/13838/521 4686/13839/521 4685/13840/521
f 4686/13841/522 4681/13842/522 4682/13843/522 4685/13844/522
f 4687/13845/523 4684/13846/523 4683/13847/523 4688/13848/523
f 4692/13849/520 4695/13850/520 4693/13851/520 4690/13852/520
f 4691/13853/519 4692/13854/519 4690/13855/519 4689/13856/519
f 4696/13857/518 4691/13858/518 4689/13859/518 4694/13860/518
f 4695/13861/521 4696/13862/521 4694/13863/521 4693/13864/521
f 4694/13865/523 4689/13866/523 4690/13867/523 4693/13868/523
f 4695/13869/522 4692/13870/522 4691/13871/522 4696/13872/522
f 4700/13873/518 4703/13874/518 4701/13875/518 4698/13876/518
f 4699/13877/519 4700/13878/519 4698/13879/519 4697/13880/519
f 4704/13881/520 4699/13882/520 4697/13883/520 4702/13884/520
f 4703/13885/521 4704/13886/521 4702/13887/521 4701/13888/521
f 4702/13889/522 4697/13890/522 4698/13891/522 4701/13892/522
f 4703/13893/523 4700/13894/523 4699/13895/523 4704/13896/523
f 4708/13897/524 4711/13898/524 4709/13899/524 4706/13900/524
f 4707/13901/519 4708/13902/519 4706/13903/519 4705/13904/519
f 4712/13905/525 4707/13906/525 4705/13907/525 4710/13908/525
f 4711/13909/521 4712/13910/521 4710/13911/521 4709/13912/521
f 4710/13913/526 4705/13914/526 4706/13915/526 4709/13916/526
f 4711/13917/527 4708/13918/527 4707/13919/527 4712/13920/527
f 4716/13921/526 4719/13922/526 4717/13923/526 4714/13924/526
f 4715/13925/519 4716/13926/519 4714/13927/519 4713/13928/519
f 4720/13929/527 4715/13930/527 4713/13931/527 4718/13932/527
f 4719/13933/521 4720/13934/521 4718/13935/521 4717/13936/521
f 4718/13937/525 4713/13938/525 4714/13939/525 4717/13940/525
f 4719/13941/524 4716/13942/524 4715/13943/524 4720/13944/524
f 4724/13945/525 4727/13946/525 4725/13947/525 4722/13948/525
f 4723/13949/519 4724/13950/519 4722/13951/519 4721/13952/519
f 4728/13953/524 4723/13954/524 4721/13955/524 4726/13956/524
f 4727/13957/521 4728/13958/521 4726/13959/521 4725/13960/521
f 4726/13961/527 4721/13962/527 4722/13963/527 4725/13964/527
f 4727/13965/526 4724/13966/526 4723/13967/526 4728/13968/526
f 4732/13969/527 4735/13970/527 4733/13971/527 4730/13972/527
f 4731/13973/519 4732/13974/519 4730/13975/519 4729/13976/519
f 4736/13977/526 4731/13978/526 4729/13979/526 4734/13980/526
f 4735/13981/521 4736/13982/521 4734/13983/521 4733/13984/521
f 4734/13985/524 4729/13986/524 4730/13987/524 4733/13988/524
f 4735/13989/525 4732/13990/525 4731/13991/525 4736/13992/525
f 4740/13993/518 4743/13994/518 4741/13995/518 4738/13996/518
f 4739/13997/519 4740/13998/519 4738/13999/519 4737/14000/519
f 4744/14001/520 4739/14002/520 4737/14003/520 4742/14004/520
f 4743/14005/521 4744/14006/521 4742/14007/521 4741/14008/521
f 4742/14009/522 4737/14010/522 4738/14011/522 4741/14012/522
f 4743/14013/523 4740/14014/523 4739/14015/523 4744/14016/523
f 4748/14017/522 4751/14018/522 4749/14019/522 4746/14020/522
f 4747/14021/519 4748/14022/519 4746/14023/519 4745/14024/519
f 4752/14025/523 4747/14026/523 4745/14027/523 4750/14028/523
f 4751/14029/521 4752/14030/521 4750/14031/521 4749/14032/521
f 4750/14033/520 4745/14034/520 4746/14035/520 4749/14036/520
f 4751/14037/518 4748/14038/518 4747/14039/518 4752/14040/518
f 4756/14041/523 4759/14042/523 4757/14043/523 4754/14044/523
f 4755/14045/519 4756/14046/519 4754/14047/519 4753/14048/519
f 4760/14049/522 4755/14050/522 4753/14051/522 4758/14052/522
f 4759/14053/521 4760/14054/521 4758/14055/521 4757/14056/521
f 4758/14057/518 4753/14058/518 4754/14059/518 4757/14060/518
f 4759/14061/520 4756/14062/520 4755/14063/520 4760/14064/520
o w5
v -1.918679 0.557408 -0.396661
v -1.918679 0.369908 -0.396661
v -1.918679 0.557408 -0.584161
v -1.918679 0.369908 -0.584161
v -1.449929 0.369908 -0.396661
v -1.449929 0.557408 -0.396661
v -1.449929 0.369908 -0.584161
v -1.449929 0.557408 -0.584161
v -1.967254 0.801006 -0.662357
v -1.967254 0.871902 -0.662357
v -1.967254 0.801006 -0.320117
v -1.967254 0.871902 -0.320117
v -1.486559 0.871902 -0.662357
v -1.486559 0.801006 -0.662357
v -1.486559 0.871902 -0.320117
v -1.486559 0.801006 -0.320117
v -1.874929 0.814572 -0.141731
v -1.874929 0.114572 -0.141731
v -1.874929 0.814572 -0.841730
v -1.874929 0.114572 -0.841730
v -1.562429 0.114572 -0.141731
v -1.562429 0.814572 -0.141731
v -1.562429 0.114572 -0.841731
v -1.562429 0.814572 -0.841730
v -1.967879 0.578628 -0.854851
v -1.967879 0.629643 -0.905866
v -1.967879 0.821512 -0.611967
v -1.967879 0.872527 -0.662982
v -1.485934 0.629643 -0.905866
v -1.485934 0.578628 -0.854851
v -1.485934 0.872527 -0.662982
v -1.485934 0.821512 -0.611967
v -1.967879 0.094285 -0.611967
v -1.967879 0.043270 -0.662982
v -1.967879 0.337169 -0.854851
v -1.967879 0.286154 -0.905865
v -1.485934 0.043270 -0.662982
v -1.485934 0.094285 -0.611967
v -1.485934 0.286154 -0.905866
v -1.485934 0.337169 -0.854851
v -1.967878 0.337168 -0.127623
v -1.967878 0.286153 -0.076609
v -1.967879 0.094284 -0.370507
v -1.967879 0.043269 -0.319493
v -1.485934 0.286153 -0.076609
v -1.485934 0.337168 -0.127623
v -1.485934 0.043269 -0.319493
v -1.485934 0.094284 -0.370507
v -1.967879 0.821512 -0.370507
v -1.967879 0.872527 -0.319493
v -1.967878 0.578628 -0.127623
v -1.967878 0.629643 -0.076609
v -1.485934 0.872527 -0.319493
v -1.485934 0.821512 -0.370507
v -1.485934 0.629643 -0.076609
v -1.485934 0.578628 -0.127623
v -1.967254 0.114791 -0.320117
v -1.967254 0.043895 -0.320117
v -1.967254 0.114791 -0.662357
v -1.967254 0.043895 -0.662357
v -1.486559 0.043895 -0.320117
v -1.486559 0.114791 -0.320117
v -1.486559 0.043895 -0.662357
v -1.486559 0.114791 -0.662357
v -1.967254 0.629018 -0.148129
v -1.967253 0.629018 -0.077234
v -1.967254 0.286778 -0.148130
v -1.967253 0.286778 -0.077234
v -1.486559 0.629018 -0.077234
v -1.486559 0.629018 -0.148130
v -1.486559 0.286778 -0.077234
v -1.486559 0.286778 -0.148130
v -1.967254 0.286779 -0.834345
v -1.967254 0.286779 -0.905241
v -1.967254 0.629018 -0.834345
v -1.967254 0.629018 -0.905241
v -1.486559 0.286779 -0.905241
v -1.486559 0.286779 -0.834345
v -1.486559 0.629018 -0.905241
v -1.486559 0.629018 -0.834345
vn -0.0000 -1.0000 -0.0000
vn -1.0000 -0.0000 -0.0000
vn -0.0000 1.0000 -0.0000
vn 1.0000 -0.0000 -0.0000
vn -0.0000 -0.0000 1.0000
vn -0.0000 -0.0000 -1.0000
vn -0.0000 0.7071 -0.7071
vn -0.0000 -0.7071 0.7071
vn -0.0000 -0.7071 -0.7071
vn -0.0000 0.7071 0.7071
vt 0.506836 0.379883
vt 0.514648 0.379883
vt 0.514648 0.382812
vt 0.506836 0.382812
vt 0.603516 0.330078
vt 0.606445 0.330078
vt 0.606445 0.333008
vt 0.603516 0.333008
vt 0.618164 0.913086
vt 0.625977 0.913086
vt 0.625977 0.916016
vt 0.618164 0.916016
vt 0.666992 0.347656
vt 0.669922 0.347656
vt 0.669922 0.350586
vt 0.666992 0.350586
vt 0.118164 0.381836
vt 0.110352 0.381836
vt 0.110352 0.378906
vt 0.118164 0.378906
vt 0.625977 0.879883
vt 0.618164 0.879883
vt 0.618164 0.882812
vt 0.625977 0.882812
vt 0.071289 0.412109
vt 0.079102 0.412109
vt 0.079102 0.416992
vt 0.071289 0.416992
vt 0.492188 0.303711
vt 0.493164 0.303711
vt 0.493164 0.308594
vt 0.492188 0.308594
vt 0.080078 0.412109
vt 0.087891 0.412109
vt 0.087891 0.416992
vt 0.080078 0.416992
vt 0.508789 0.303711
vt 0.509766 0.303711
vt 0.509766 0.308594
vt 0.508789 0.308594
vt 0.687500 0.657227
vt 0.679688 0.657227
vt 0.679688 0.656250
vt 0.687500 0.656250
vt 0.687500 0.654297
vt 0.679688 0.654297
vt 0.679688 0.655273
vt 0.687500 0.655273
vt 0.255859 0.448242
vt 0.260742 0.448242
vt 0.260742 0.458984
vt 0.255859 0.458984
vt 0.442383 0.950195
vt 0.453125 0.950195
vt 0.453125 0.960938
vt 0.442383 0.960938
vt 0.261719 0.448242
vt 0.266602 0.448242
vt 0.266602 0.458984
vt 0.261719 0.458984
vt 0.105469 0.546875
vt 0.116211 0.546875
vt 0.116211 0.557617
vt 0.105469 0.557617
vt 0.545898 0.733398
vt 0.541016 0.733398
vt 0.541016 0.722656
vt 0.545898 0.722656
vt 0.387695 0.448242
vt 0.382812 0.448242
vt 0.382812 0.458984
vt 0.387695 0.458984
vt 0.088867 0.412109
vt 0.096680 0.412109
vt 0.096680 0.416992
vt 0.088867 0.416992
vt 0.510742 0.303711
vt 0.511719 0.303711
vt 0.511719 0.308594
vt 0.510742 0.308594
vt 0.097656 0.412109
vt 0.105469 0.412109
vt 0.105469 0.416992
vt 0.097656 0.416992
vt 0.512695 0.303711
vt 0.513672 0.303711
vt 0.513672 0.308594
vt 0.512695 0.308594
vt 0.687500 0.653320
vt 0.679688 0.653320
vt 0.679688 0.652344
vt 0.687500 0.652344
vt 0.687500 0.650391
vt 0.679688 0.650391
vt 0.679688 0.651367
vt 0.687500 0.651367
vt 0.106445 0.412109
vt 0.114258 0.412109
vt 0.114258 0.416992
vt 0.106445 0.416992
vt 0.691406 0.459961
vt 0.692383 0.459961
vt 0.692383 0.464844
vt 0.691406 0.464844
vt 0.115234 0.412109
vt 0.123047 0.412109
vt 0.123047 0.416992
vt 0.115234 0.416992
vt 0.691406 0.454102
vt 0.692383 0.454102
vt 0.692383 0.458984
vt 0.691406 0.458984
vt 0.687500 0.638672
vt 0.679688 0.638672
vt 0.679688 0.637695
vt 0.687500 0.637695
vt 0.687500 0.635742
vt 0.679688 0.635742
vt 0.679688 0.636719
vt 0.687500 0.636719
vt 0.583008 0.853516
vt 0.590820 0.853516
vt 0.590820 0.858398
vt 0.583008 0.858398
vt 0.580078 0.303711
vt 0.581055 0.303711
vt 0.581055 0.308594
vt 0.580078 0.308594
vt 0.158203 0.412109
vt 0.166016 0.412109
vt 0.166016 0.416992
vt 0.158203 0.416992
vt 0.582031 0.303711
vt 0.583008 0.303711
vt 0.583008 0.308594
vt 0.582031 0.308594
vt 0.687500 0.631836
vt 0.679688 0.631836
vt 0.679688 0.630859
vt 0.687500 0.630859
vt 0.687500 0.628906
vt 0.679688 0.628906
vt 0.679688 0.629883
vt 0.687500 0.629883
vt 0.187500 0.412109
vt 0.195312 0.412109
vt 0.195312 0.416992
vt 0.187500 0.416992
vt 0.583984 0.303711
vt 0.584961 0.303711
vt 0.584961 0.308594
vt 0.583984 0.308594
vt 0.196289 0.412109
vt 0.204102 0.412109
vt 0.204102 0.416992
vt 0.196289 0.416992
vt 0.585938 0.303711
vt 0.586914 0.303711
vt 0.586914 0.308594
vt 0.585938 0.308594
vt 0.390625 0.320312
vt 0.382812 0.320312
vt 0.382812 0.319336
vt 0.390625 0.319336
vt 0.687500 0.594727
vt 0.679688 0.594727
vt 0.679688 0.595703
vt 0.687500 0.595703
vt 0.205078 0.412109
vt 0.212891 0.412109
vt 0.212891 0.416992
vt 0.205078 0.416992
vt 0.587891 0.303711
vt 0.588867 0.303711
vt 0.588867 0.308594
vt 0.587891 0.308594
vt 0.224609 0.412109
vt 0.232422 0.412109
vt 0.232422 0.416992
vt 0.224609 0.416992
vt 0.589844 0.303711
vt 0.590820 0.303711
vt 0.590820 0.308594
vt 0.589844 0.308594
vt 0.687500 0.593750
vt 0.679688 0.593750
vt 0.679688 0.592773
vt 0.687500 0.592773
vt 0.687500 0.585938
vt 0.679688 0.585938
vt 0.679688 0.586914
vt 0.687500 0.586914
vt 0.233398 0.412109
vt 0.241211 0.412109
vt 0.241211 0.416992
vt 0.233398 0.416992
vt 0.591797 0.303711
vt 0.592773 0.303711
vt 0.592773 0.308594
vt 0.591797 0.308594
vt 0.583008 0.751953
vt 0.590820 0.751953
vt 0.590820 0.756836
vt 0.583008 0.756836
vt 0.618164 0.303711
vt 0.619141 0.303711
vt 0.619141 0.308594
vt 0.618164 0.308594
vt 0.687500 0.584961
vt 0.679688 0.584961
vt 0.679688 0.583984
vt 0.687500 0.583984
vt 0.687500 0.574219
vt 0.679688 0.574219
vt 0.679688 0.575195
vt 0.687500 0.575195
vt 0.264648 0.412109
vt 0.272461 0.412109
vt 0.272461 0.416992
vt 0.264648 0.416992
vt 0.620117 0.303711
vt 0.621094 0.303711
vt 0.621094 0.308594
vt 0.620117 0.308594
vt 0.273438 0.412109
vt 0.281250 0.412109
vt 0.281250 0.416992
vt 0.273438 0.416992
vt 0.622070 0.303711
vt 0.623047 0.303711
vt 0.623047 0.308594
vt 0.622070 0.308594
vt 0.687500 0.573242
vt 0.679688 0.573242
vt 0.679688 0.572266
vt 0.687500 0.572266
vt 0.687500 0.570312
vt 0.679688 0.570312
vt 0.679688 0.571289
vt 0.687500 0.571289
s 0
usemtl m_8a7aecf9-bc7d-1c53-4ad7-3ee173c6c92f
f 4764/14065/528 4767/14066/528 4765/14067/528 4762/14068/528
f 4763/14069/529 4764/14070/529 4762/14071/529 4761/14072/529
f 4768/14073/530 4763/14074/530 4761/14075/530 4766/14076/530
f 4767/14077/531 4768/14078/531 4766/14079/531 4765/14080/531
f 4766/14081/532 4761/14082/532 4762/14083/532 4765/14084/532
f 4767/14085/533 4764/14086/533 4763/14087/533 4768/14088/533
f 4772/14089/530 4775/14090/530 4773/14091/530 4770/14092/530
f 4771/14093/529 4772/14094/529 4770/14095/529 4769/14096/529
f 4776/14097/528 4771/14098/528 4769/14099/528 4774/14100/528
f 4775/14101/531 4776/14102/531 4774/14103/531 4773/14104/531
f 4774/14105/533 4769/14106/533 4770/14107/533 4773/14108/533
f 4775/14109/532 4772/14110/532 4771/14111/532 4776/14112/532
f 4780/14113/528 4783/14114/528 4781/14115/528 4778/14116/528
f 4779/14117/529 4780/14118/529 4778/14119/529 4777/14120/529
f 4784/14121/530 4779/14122/530 4777/14123/530 4782/14124/530
f 4783/14125/531 4784/14126/531 4782/14127/531 4781/14128/531
f 4782/14129/532 4777/14130/532 4778/14131/532 4781/14132/532
f 4783/14133/533 4780/14134/533 4779/14135/533 4784/14136/533
f 4788/14137/534 4791/14138/534 4789/14139/534 4786/14140/534
f 4787/14141/529 4788/14142/529 4786/14143/529 4785/14144/529
f 4792/14145/535 4787/14146/535 4785/14147/535 4790/14148/535
f 4791/14149/531 4792/14150/531 4790/14151/531 4789/14152/531
f 4790/14153/536 4785/14154/536 4786/14155/536 4789/14156/536
f 4791/14157/537 4788/14158/537 4787/14159/537 4792/14160/537
f 4796/14161/536 4799/14162/536 4797/14163/536 4794/14164/536
f 4795/14165/529 4796/14166/529 4794/14167/529 4793/14168/529
f 4800/14169/537 4795/14170/537 4793/14171/537 4798/14172/537
f 4799/14173/531 4800/14174/531 4798/14175/531 4797/14176/531
f 4798/14177/535 4793/14178/535 4794/14179/535 4797/14180/535
f 4799/14181/534 4796/14182/534 4795/14183/534 4800/14184/534
f 4804/14185/535 4807/14186/535 4805/14187/535 4802/14188/535
f 4803/14189/529 4804/14190/529 4802/14191/529 4801/14192/529
f 4808/14193/534 4803/14194/534 4801/14195/534 4806/14196/534
f 4807/14197/531 4808/14198/531 4806/14199/531 4805/14200/531
f 4806/14201/537 4801/14202/537 4802/14203/537 4805/14204/537
f 4807/14205/536 4804/14206/536 4803/14207/536 4808/14208/536
f 4812/14209/537 4815/14210/537 4813/14211/537 4810/14212/537
f 4811/14213/529 4812/14214/529 4810/14215/529 4809/14216/529
f 4816/14217/536 4811/14218/536 4809/14219/536 4814/14220/536
f 4815/14221/531 4816/14222/531 4814/14223/531 4813/14224/531
f 4814/14225/534 4809/14226/534 4810/14227/534 4813/14228/534
f 4815/14229/535 4812/14230/535 4811/14231/535 4816/14232/535
f 4820/14233/528 4823/14234/528 4821/14235/528 4818/14236/528
f 4819/14237/529 4820/14238/529 4818/14239/529 4817/14240/529
f 4824/14241/530 4819/14242/530 4817/14243/530 4822/14244/530
f 4823/14245/531 4824/14246/531 4822/14247/531 4821/14248/531
f 4822/14249/532 4817/14250/532 4818/14251/532 4821/14252/532
f 4823/14253/533 4820/14254/533 4819/14255/533 4824/14256/533
f 4828/14257/532 4831/14258/532 4829/14259/532 4826/14260/532
f 4827/14261/529 4828/14262/529 4826/14263/529 4825/14264/529
f 4832/14265/533 4827/14266/533 4825/14267/533 4830/14268/533
f 4831/14269/531 4832/14270/531 4830/14271/531 4829/14272/531
f 4830/14273/530 4825/14274/530 4826/14275/530 4829/14276/530
f 4831/14277/528 4828/14278/528 4827/14279/528 4832/14280/528
f 4836/14281/533 4839/14282/533 4837/14283/533 4834/14284/533
f 4835/14285/529 4836/14286/529 4834/14287/529 4833/14288/529
f 4840/14289/532 4835/14290/532 4833/14291/532 4838/14292/532
f 4839/14293/531 4840/14294/531 4838/14295/531 4837/14296/531
f 4838/14297/528 4833/14298/528 4834/14299/528 4837/14300/528
f 4839/14301/530 4836/14302/530 4835/14303/530 4840/14304/530
o w6
v -1.874929 0.814572 -1.147981
v -1.874929 0.114572 -1.147981
v -1.874929 0.814572 -1.847981
v -1.874929 0.114572 -1.847981
v -1.562429 0.114572 -1.147981
v -1.562429 0.814572 -1.147981
v -1.562429 0.114572 -1.847981
v -1.562429 0.814572 -1.847981
v -1.967254 0.801007 -1.668607
v -1.967254 0.871902 -1.668607
v -1.967254 0.801007 -1.326367
v -1.967254 0.871902 -1.326367
v -1.486560 0.871902 -1.668607
v -1.486560 0.801007 -1.668607
v -1.486560 0.871902 -1.326367
v -1.486560 0.801007 -1.326367
v -1.967879 0.578629 -1.861101
v -1.967879 0.629643 -1.912116
v -1.967879 0.821512 -1.618217
v -1.967879 0.872527 -1.669232
v -1.485935 0.629643 -1.912116
v -1.485935 0.578629 -1.861101
v -1.485934 0.872527 -1.669232
v -1.485934 0.821512 -1.618217
v -1.918679 0.557408 -1.402910
v -1.918679 0.369908 -1.402910
v -1.918679 0.557408 -1.590410
v -1.918679 0.369908 -1.590410
v -1.449929 0.369908 -1.402911
v -1.449929 0.557408 -1.402911
v -1.449929 0.369908 -1.590411
v -1.449929 0.557408 -1.590411
v -1.967879 0.094285 -1.618217
v -1.967879 0.043270 -1.669232
v -1.967879 0.337169 -1.861101
v -1.967879 0.286154 -1.912115
v -1.485934 0.043270 -1.669232
v -1.485934 0.094285 -1.618217
v -1.485935 0.286154 -1.912115
v -1.485935 0.337169 -1.861101
v -1.967879 0.337168 -1.133873
v -1.967879 0.286153 -1.082859
v -1.967879 0.094284 -1.376757
v -1.967879 0.043270 -1.325742
v -1.485934 0.286153 -1.082859
v -1.485934 0.337168 -1.133873
v -1.485934 0.043270 -1.325743
v -1.485934 0.094284 -1.376757
v -1.967879 0.821512 -1.376757
v -1.967879 0.872527 -1.325742
v -1.967879 0.578628 -1.133873
v -1.967879 0.629643 -1.082859
v -1.485934 0.872527 -1.325742
v -1.485934 0.821512 -1.376757
v -1.485934 0.629643 -1.082859
v -1.485934 0.578628 -1.133873
v -1.967254 0.114791 -1.326367
v -1.967254 0.043895 -1.326367
v -1.967254 0.114791 -1.668607
v -1.967254 0.043895 -1.668607
v -1.486560 0.043895 -1.326367
v -1.486560 0.114791 -1.326367
v -1.486560 0.043895 -1.668607
v -1.486560 0.114791 -1.668607
v -1.967254 0.629018 -1.154379
v -1.967254 0.629018 -1.083484
v -1.967254 0.286778 -1.154379
v -1.967254 0.286778 -1.083484
v -1.486560 0.629018 -1.083484
v -1.486560 0.629018 -1.154380
v -1.486560 0.286778 -1.083484
v -1.486560 0.286778 -1.154380
v -1.967254 0.286779 -1.840595
v -1.967254 0.286779 -1.911491
v -1.967254 0.629019 -1.840595
v -1.967254 0.629019 -1.911491
v -1.486560 0.286779 -1.911491
v -1.486560 0.286779 -1.840595
v -1.486560 0.629019 -1.911491
v -1.486560 0.629019 -1.840595
vn -0.0000 -1.0000 -0.0000
vn -1.0000 -0.0000 -0.0000
vn -0.0000 1.0000 -0.0000
vn 1.0000 -0.0000 -0.0000
vn -0.0000 -0.0000 1.0000
vn -0.0000 -0.0000 -1.0000
vn -0.0000 0.7071 -0.7071
vn -0.0000 -0.7071 0.7071
vn -0.0000 -0.7071 -0.7071
vn -0.0000 0.7071 0.7071
vt 0.478516 0.448242
vt 0.483398 0.448242
vt 0.483398 0.458984
vt 0.478516 0.458984
vt 0.151367 0.546875
vt 0.162109 0.546875
vt 0.162109 0.557617
vt 0.151367 0.557617
vt 0.541992 0.859375
vt 0.546875 0.859375
vt 0.546875 0.870117
vt 0.541992 0.870117
vt 0.295898 0.546875
vt 0.306641 0.546875
vt 0.306641 0.557617
vt 0.295898 0.557617
vt 0.546875 0.776367
vt 0.541992 0.776367
vt 0.541992 0.765625
vt 0.546875 0.765625
vt 0.546875 0.660156
vt 0.541992 0.660156
vt 0.541992 0.670898
vt 0.546875 0.670898
vt 0.583008 0.716797
vt 0.590820 0.716797
vt 0.590820 0.721680
vt 0.583008 0.721680
vt 0.638672 0.303711
vt 0.639648 0.303711
vt 0.639648 0.308594
vt 0.638672 0.308594
vt 0.583008 0.710938
vt 0.590820 0.710938
vt 0.590820 0.715820
vt 0.583008 0.715820
vt 0.640625 0.303711
vt 0.641602 0.303711
vt 0.641602 0.308594
vt 0.640625 0.308594
vt 0.687500 0.569336
vt 0.679688 0.569336
vt 0.679688 0.568359
vt 0.687500 0.568359
vt 0.687500 0.539062
vt 0.679688 0.539062
vt 0.679688 0.540039
vt 0.687500 0.540039
vt 0.329102 0.412109
vt 0.336914 0.412109
vt 0.336914 0.416992
vt 0.329102 0.416992
vt 0.642578 0.303711
vt 0.643555 0.303711
vt 0.643555 0.308594
vt 0.642578 0.308594
vt 0.337891 0.412109
vt 0.345703 0.412109
vt 0.345703 0.416992
vt 0.337891 0.416992
vt 0.644531 0.303711
vt 0.645508 0.303711
vt 0.645508 0.308594
vt 0.644531 0.308594
vt 0.687500 0.538086
vt 0.679688 0.538086
vt 0.679688 0.537109
vt 0.687500 0.537109
vt 0.687500 0.529297
vt 0.679688 0.529297
vt 0.679688 0.530273
vt 0.687500 0.530273
vt 0.618164 0.875977
vt 0.625977 0.875977
vt 0.625977 0.878906
vt 0.618164 0.878906
vt 0.652344 0.330078
vt 0.655273 0.330078
vt 0.655273 0.333008
vt 0.652344 0.333008
vt 0.618164 0.872070
vt 0.625977 0.872070
vt 0.625977 0.875000
vt 0.618164 0.875000
vt 0.656250 0.330078
vt 0.659180 0.330078
vt 0.659180 0.333008
vt 0.656250 0.333008
vt 0.625977 0.871094
vt 0.618164 0.871094
vt 0.618164 0.868164
vt 0.625977 0.868164
vt 0.625977 0.864258
vt 0.618164 0.864258
vt 0.618164 0.867188
vt 0.625977 0.867188
vt 0.390625 0.412109
vt 0.398438 0.412109
vt 0.398438 0.416992
vt 0.390625 0.416992
vt 0.646484 0.303711
vt 0.647461 0.303711
vt 0.647461 0.308594
vt 0.646484 0.308594
vt 0.583008 0.583984
vt 0.590820 0.583984
vt 0.590820 0.588867
vt 0.583008 0.588867
vt 0.648438 0.303711
vt 0.649414 0.303711
vt 0.649414 0.308594
vt 0.648438 0.308594
vt 0.687500 0.528320
vt 0.679688 0.528320
vt 0.679688 0.527344
vt 0.687500 0.527344
vt 0.687500 0.511719
vt 0.679688 0.511719
vt 0.679688 0.512695
vt 0.687500 0.512695
vt 0.425781 0.412109
vt 0.433594 0.412109
vt 0.433594 0.416992
vt 0.425781 0.416992
vt 0.650391 0.303711
vt 0.651367 0.303711
vt 0.651367 0.308594
vt 0.650391 0.308594
vt 0.434570 0.412109
vt 0.442383 0.412109
vt 0.442383 0.416992
vt 0.434570 0.416992
vt 0.666016 0.303711
vt 0.666992 0.303711
vt 0.666992 0.308594
vt 0.666016 0.308594
vt 0.687500 0.510742
vt 0.679688 0.510742
vt 0.679688 0.509766
vt 0.687500 0.509766
vt 0.687500 0.507812
vt 0.679688 0.507812
vt 0.679688 0.508789
vt 0.687500 0.508789
vt 0.443359 0.412109
vt 0.451172 0.412109
vt 0.451172 0.416992
vt 0.443359 0.416992
vt 0.667969 0.303711
vt 0.668945 0.303711
vt 0.668945 0.308594
vt 0.667969 0.308594
vt 0.452148 0.412109
vt 0.459961 0.412109
vt 0.459961 0.416992
vt 0.452148 0.416992
vt 0.669922 0.303711
vt 0.670898 0.303711
vt 0.670898 0.308594
vt 0.669922 0.308594
vt 0.687500 0.506836
vt 0.679688 0.506836
vt 0.679688 0.505859
vt 0.687500 0.505859
vt 0.687500 0.500000
vt 0.679688 0.500000
vt 0.679688 0.500977
vt 0.687500 0.500977
vt 0.583008 0.519531
vt 0.590820 0.519531
vt 0.590820 0.524414
vt 0.583008 0.524414
vt 0.671875 0.303711
vt 0.672852 0.303711
vt 0.672852 0.308594
vt 0.671875 0.308594
vt 0.583008 0.502930
vt 0.590820 0.502930
vt 0.590820 0.507812
vt 0.583008 0.507812
vt 0.673828 0.303711
vt 0.674805 0.303711
vt 0.674805 0.308594
vt 0.673828 0.308594
vt 0.687500 0.499023
vt 0.679688 0.499023
vt 0.679688 0.498047
vt 0.687500 0.498047
vt 0.687500 0.496094
vt 0.679688 0.496094
vt 0.679688 0.497070
vt 0.687500 0.497070
vt 0.583008 0.497070
vt 0.590820 0.497070
vt 0.590820 0.501953
vt 0.583008 0.501953
vt 0.675781 0.303711
vt 0.676758 0.303711
vt 0.676758 0.308594
vt 0.675781 0.308594
vt 0.501953 0.412109
vt 0.509766 0.412109
vt 0.509766 0.416992
vt 0.501953 0.416992
vt 0.677734 0.303711
vt 0.678711 0.303711
vt 0.678711 0.308594
vt 0.677734 0.308594
vt 0.687500 0.495117
vt 0.679688 0.495117
vt 0.679688 0.494141
vt 0.687500 0.494141
vt 0.687500 0.488281
vt 0.679688 0.488281
vt 0.679688 0.489258
vt 0.687500 0.489258
vt 0.510742 0.412109
vt 0.518555 0.412109
vt 0.518555 0.416992
vt 0.510742 0.416992
vt 0.687500 0.303711
vt 0.688477 0.303711
vt 0.688477 0.308594
vt 0.687500 0.308594
vt 0.519531 0.412109
vt 0.527344 0.412109
vt 0.527344 0.416992
vt 0.519531 0.416992
vt 0.691406 0.304688
vt 0.692383 0.304688
vt 0.692383 0.309570
vt 0.691406 0.309570
vt 0.687500 0.487305
vt 0.679688 0.487305
vt 0.679688 0.486328
vt 0.687500 0.486328
vt 0.538086 0.319336
vt 0.530273 0.319336
vt 0.530273 0.320312
vt 0.538086 0.320312
s 0
usemtl m_8a7aecf9-bc7d-1c53-4ad7-3ee173c6c92f
f 4844/14305/538 4847/14306/538 4845/14307/538 4842/14308/538
f 4843/14309/539 4844/14310/539 4842/14311/539 4841/14312/539
f 4848/14313/540 4843/14314/540 4841/14315/540 4846/14316/540
f 4847/14317/541 4848/14318/541 4846/14319/541 4845/14320/541
f 4846/14321/542 4841/14322/542 4842/14323/542 4845/14324/542
f 4847/14325/543 4844/14326/543 4843/14327/543 4848/14328/543
f 4852/14329/540 4855/14330/540 4853/14331/540 4850/14332/540
f 4851/14333/539 4852/14334/539 4850/14335/539 4849/14336/539
f 4856/14337/538 4851/14338/538 4849/14339/538 4854/14340/538
f 4855/14341/541 4856/14342/541 4854/14343/541 4853/14344/541
f 4854/14345/543 4849/14346/543 4850/14347/543 4853/14348/543
f 4855/14349/542 4852/14350/542 4851/14351/542 4856/14352/542
f 4860/14353/544 4863/14354/544 4861/14355/544 4858/14356/544
f 4859/14357/539 4860/14358/539 4858/14359/539 4857/14360/539
f 4864/14361/545 4859/14362/545 4857/14363/545 4862/14364/545
f 4863/14365/541 4864/14366/541 4862/14367/541 4861/14368/541
f 4862/14369/546 4857/14370/546 4858/14371/546 4861/14372/546
f 4863/14373/547 4860/14374/547 4859/14375/547 4864/14376/547
f 4868/14377/538 4871/14378/538 4869/14379/538 4866/14380/538
f 4867/14381/539 4868/14382/539 4866/14383/539 4865/14384/539
f 4872/14385/540 4867/14386/540 4865/14387/540 4870/14388/540
f 4871/14389/541 4872/14390/541 4870/14391/541 4869/14392/541
f 4870/14393/542 4865/14394/542 4866/14395/542 4869/14396/542
f 4871/14397/543 4868/14398/543 4867/14399/543 4872/14400/543
f 4876/14401/546 4879/14402/546 4877/14403/546 4874/14404/546
f 4875/14405/539 4876/14406/539 4874/14407/539 4873/14408/539
f 4880/14409/547 4875/14410/547 4873/14411/547 4878/14412/547
f 4879/14413/541 4880/14414/541 4878/14415/541 4877/14416/541
f 4878/14417/545 4873/14418/545 4874/14419/545 4877/14420/545
f 4879/14421/544 4876/14422/544 4875/14423/544 4880/14424/544
f 4884/14425/545 4887/14426/545 4885/14427/545 4882/14428/545
f 4883/14429/539 4884/14430/539 4882/14431/539 4881/14432/539
f 4888/14433/544 4883/14434/544 4881/14435/544 4886/14436/544
f 4887/14437/541 4888/14438/541 4886/14439/541 4885/14440/541
f 4886/14441/547 4881/14442/547 4882/14443/547 4885/14444/547
f 4887/14445/546 4884/14446/546 4883/14447/546 4888/14448/546
f 4892/14449/547 4895/14450/547 4893/14451/547 4890/14452/547
f 4891/14453/539 4892/14454/539 4890/14455/539 4889/14456/539
f 4896/14457/546 4891/14458/546 4889/14459/546 4894/14460/546
f 4895/14461/541 4896/14462/541 4894/14463/541 4893/14464/541
f 4894/14465/544 4889/14466/544 4890/14467/544 4893/14468/544
f 4895/14469/545 4892/14470/545 4891/14471/545 4896/14472/545
f 4900/14473/538 4903/14474/538 4901/14475/538 4898/14476/538
f 4899/14477/539 4900/14478/539 4898/14479/539 4897/14480/539
f 4904/14481/540 4899/14482/540 4897/14483/540 4902/14484/540
f 4903/14485/541 4904/14486/541 4902/14487/541 4901/14488/541
f 4902/14489/542 4897/14490/542 4898/14491/542 4901/14492/542
f 4903/14493/543 4900/14494/543 4899/14495/543 4904/14496/543
f 4908/14497/542 4911/14498/542 4909/14499/542 4906/14500/542
f 4907/14501/539 4908/14502/539 4906/14503/539 4905/14504/539
f 4912/14505/543 4907/14506/543 4905/14507/543 4910/14508/543
f 4911/14509/541 4912/14510/541 4910/14511/541 4909/14512/541
f 4910/14513/540 4905/14514/540 4906/14515/540 4909/14516/540
f 4911/14517/538 4908/14518/538 4907/14519/538 4912/14520/538
f 4916/14521/543 4919/14522/543 4917/14523/543 4914/14524/543
f 4915/14525/539 4916/14526/539 4914/14527/539 4913/14528/539
f 4920/14529/542 4915/14530/542 4913/14531/542 4918/14532/542
f 4919/14533/541 4920/14534/541 4918/14535/541 4917/14536/541
f 4918/14537/538 4913/14538/538 4914/14539/538 4917/14540/538
f 4919/14541/540 4916/14542/540 4915/14543/540 4920/14544/540
o w7
v -1.918679 0.557408 -2.365411
v -1.918679 0.369908 -2.365411
v -1.918680 0.557408 -2.552911
v -1.918680 0.369908 -2.552911
v -1.449929 0.369908 -2.365411
v -1.449929 0.557408 -2.365411
v -1.449930 0.369908 -2.552911
v -1.449930 0.557408 -2.552911
v -1.967254 0.801007 -2.631107
v -1.967254 0.871902 -2.631107
v -1.967254 0.801007 -2.288867
v -1.967254 0.871902 -2.288867
v -1.486560 0.871902 -2.631107
v -1.486560 0.801007 -2.631107
v -1.486560 0.871902 -2.288867
v -1.486560 0.801007 -2.288867
v -1.874929 0.814572 -2.110481
v -1.874929 0.114572 -2.110481
v -1.874930 0.814572 -2.810481
v -1.874930 0.114572 -2.810481
v -1.562429 0.114572 -2.110481
v -1.562429 0.814572 -2.110481
v -1.562430 0.114572 -2.810481
v -1.562430 0.814572 -2.810481
v -1.967879 0.578629 -2.823601
v -1.967879 0.629643 -2.874616
v -1.967879 0.821512 -2.580717
v -1.967879 0.872527 -2.631732
v -1.485935 0.629643 -2.874616
v -1.485935 0.578629 -2.823601
v -1.485935 0.872527 -2.631732
v -1.485935 0.821512 -2.580717
v -1.967879 0.094285 -2.580717
v -1.967879 0.043270 -2.631732
v -1.967879 0.337169 -2.823601
v -1.967879 0.286154 -2.874616
v -1.485935 0.043270 -2.631732
v -1.485935 0.094285 -2.580717
v -1.485935 0.286154 -2.874616
v -1.485935 0.337169 -2.823601
v -1.967879 0.337168 -2.096374
v -1.967879 0.286153 -2.045359
v -1.967879 0.094284 -2.339257
v -1.967879 0.043270 -2.288243
v -1.485935 0.286153 -2.045359
v -1.485935 0.337168 -2.096374
v -1.485935 0.043270 -2.288243
v -1.485935 0.094284 -2.339257
v -1.967879 0.821512 -2.339257
v -1.967879 0.872527 -2.288243
v -1.967879 0.578628 -2.096374
v -1.967879 0.629643 -2.045359
v -1.485935 0.872527 -2.288243
v -1.485935 0.821512 -2.339257
v -1.485935 0.629643 -2.045359
v -1.485935 0.578628 -2.096374
v -1.967254 0.114791 -2.288867
v -1.967254 0.043895 -2.288867
v -1.967254 0.114791 -2.631107
v -1.967254 0.043895 -2.631107
v -1.486560 0.043895 -2.288867
v -1.486560 0.114791 -2.288867
v -1.486560 0.043895 -2.631107
v -1.486560 0.114791 -2.631107
v -1.967254 0.629018 -2.116879
v -1.967254 0.629018 -2.045984
v -1.967254 0.286778 -2.116879
v -1.967254 0.286778 -2.045984
v -1.486560 0.629018 -2.045984
v -1.486560 0.629018 -2.116879
v -1.486560 0.286778 -2.045984
v -1.486560 0.286778 -2.116879
v -1.967254 0.286779 -2.803095
v -1.967254 0.286779 -2.873991
v -1.967254 0.629019 -2.803095
v -1.967254 0.629019 -2.873991
v -1.486560 0.286779 -2.873991
v -1.486560 0.286779 -2.803095
v -1.486560 0.629019 -2.873991
v -1.486560 0.629019 -2.803095
vn -0.0000 -1.0000 -0.0000
vn -1.0000 -0.0000 -0.0000
vn -0.0000 1.0000 -0.0000
vn 1.0000 -0.0000 -0.0000
vn -0.0000 -0.0000 1.0000
vn -0.0000 -0.0000 -1.0000
vn -0.0000 0.7071 -0.7071
vn -0.0000 -0.7071 0.7071
vn -0.0000 -0.7071 -0.7071
vn -0.0000 0.7071 0.7071
vt 0.133789 0.378906
vt 0.141602 0.378906
vt 0.141602 0.381836
vt 0.133789 0.381836
vt 0.665039 0.330078
vt 0.667969 0.330078
vt 0.667969 0.333008
vt 0.665039 0.333008
vt 0.618164 0.860352
vt 0.625977 0.860352
vt 0.625977 0.863281
vt 0.618164 0.863281
vt 0.000000 0.329102
vt 0.002930 0.329102
vt 0.002930 0.332031
vt 0.000000 0.332031
vt 0.150391 0.381836
vt 0.142578 0.381836
vt 0.142578 0.378906
vt 0.150391 0.378906
vt 0.625977 0.829102
vt 0.618164 0.829102
vt 0.618164 0.832031
vt 0.625977 0.832031
vt 0.538086 0.412109
vt 0.545898 0.412109
vt 0.545898 0.416992
vt 0.538086 0.416992
vt 0.001953 0.302734
vt 0.002930 0.302734
vt 0.002930 0.307617
vt 0.001953 0.307617
vt 0.583984 0.983398
vt 0.591797 0.983398
vt 0.591797 0.988281
vt 0.583984 0.988281
vt 0.003906 0.302734
vt 0.004883 0.302734
vt 0.004883 0.307617
vt 0.003906 0.307617
vt 0.561523 0.320312
vt 0.553711 0.320312
vt 0.553711 0.319336
vt 0.561523 0.319336
vt 0.687500 0.434570
vt 0.679688 0.434570
vt 0.679688 0.435547
vt 0.687500 0.435547
vt 0.331055 0.447266
vt 0.335938 0.447266
vt 0.335938 0.458008
vt 0.331055 0.458008
vt 0.442383 0.693359
vt 0.453125 0.693359
vt 0.453125 0.704102
vt 0.442383 0.704102
vt 0.336914 0.447266
vt 0.341797 0.447266
vt 0.341797 0.458008
vt 0.336914 0.458008
vt 0.442383 0.620117
vt 0.453125 0.620117
vt 0.453125 0.630859
vt 0.442383 0.630859
vt 0.546875 0.659180
vt 0.541992 0.659180
vt 0.541992 0.648438
vt 0.546875 0.648438
vt 0.546875 0.611328
vt 0.541992 0.611328
vt 0.541992 0.622070
vt 0.546875 0.622070
vt 0.058594 0.411133
vt 0.066406 0.411133
vt 0.066406 0.416016
vt 0.058594 0.416016
vt 0.005859 0.302734
vt 0.006836 0.302734
vt 0.006836 0.307617
vt 0.005859 0.307617
vt 0.583984 0.898438
vt 0.591797 0.898438
vt 0.591797 0.903320
vt 0.583984 0.903320
vt 0.007812 0.302734
vt 0.008789 0.302734
vt 0.008789 0.307617
vt 0.007812 0.307617
vt 0.687500 0.433594
vt 0.679688 0.433594
vt 0.679688 0.432617
vt 0.687500 0.432617
vt 0.687500 0.419922
vt 0.679688 0.419922
vt 0.679688 0.420898
vt 0.687500 0.420898
vt 0.583984 0.771484
vt 0.591797 0.771484
vt 0.591797 0.776367
vt 0.583984 0.776367
vt 0.034180 0.302734
vt 0.035156 0.302734
vt 0.035156 0.307617
vt 0.034180 0.307617
vt 0.583984 0.746094
vt 0.591797 0.746094
vt 0.591797 0.750977
vt 0.583984 0.750977
vt 0.036133 0.302734
vt 0.037109 0.302734
vt 0.037109 0.307617
vt 0.036133 0.307617
vt 0.687500 0.418945
vt 0.679688 0.418945
vt 0.679688 0.417969
vt 0.687500 0.417969
vt 0.687500 0.416016
vt 0.679688 0.416016
vt 0.679688 0.416992
vt 0.687500 0.416992
vt 0.583984 0.722656
vt 0.591797 0.722656
vt 0.591797 0.727539
vt 0.583984 0.727539
vt 0.038086 0.302734
vt 0.039062 0.302734
vt 0.039062 0.307617
vt 0.038086 0.307617
vt 0.370117 0.411133
vt 0.377930 0.411133
vt 0.377930 0.416016
vt 0.370117 0.416016
vt 0.692383 0.937500
vt 0.693359 0.937500
vt 0.693359 0.942383
vt 0.692383 0.942383
vt 0.687500 0.415039
vt 0.679688 0.415039
vt 0.679688 0.414062
vt 0.687500 0.414062
vt 0.687500 0.412109
vt 0.679688 0.412109
vt 0.679688 0.413086
vt 0.687500 0.413086
vt 0.583984 0.564453
vt 0.591797 0.564453
vt 0.591797 0.569336
vt 0.583984 0.569336
vt 0.060547 0.302734
vt 0.061523 0.302734
vt 0.061523 0.307617
vt 0.060547 0.307617
vt 0.583984 0.552734
vt 0.591797 0.552734
vt 0.591797 0.557617
vt 0.583984 0.557617
vt 0.073242 0.302734
vt 0.074219 0.302734
vt 0.074219 0.307617
vt 0.073242 0.307617
vt 0.687500 0.411133
vt 0.679688 0.411133
vt 0.679688 0.410156
vt 0.687500 0.410156
vt 0.687500 0.400391
vt 0.679688 0.400391
vt 0.679688 0.401367
vt 0.687500 0.401367
vt 0.583984 0.491211
vt 0.591797 0.491211
vt 0.591797 0.496094
vt 0.583984 0.496094
vt 0.083008 0.302734
vt 0.083984 0.302734
vt 0.083984 0.307617
vt 0.083008 0.307617
vt 0.583984 0.440430
vt 0.591797 0.440430
vt 0.591797 0.445312
vt 0.583984 0.445312
vt 0.084961 0.302734
vt 0.085938 0.302734
vt 0.085938 0.307617
vt 0.084961 0.307617
vt 0.687500 0.399414
vt 0.679688 0.399414
vt 0.679688 0.398438
vt 0.687500 0.398438
vt 0.687500 0.391602
vt 0.679688 0.391602
vt 0.679688 0.392578
vt 0.687500 0.392578
vt 0.583984 0.419922
vt 0.591797 0.419922
vt 0.591797 0.424805
vt 0.583984 0.424805
vt 0.089844 0.302734
vt 0.090820 0.302734
vt 0.090820 0.307617
vt 0.089844 0.307617
vt 0.584961 0.977539
vt 0.592773 0.977539
vt 0.592773 0.982422
vt 0.584961 0.982422
vt 0.095703 0.302734
vt 0.096680 0.302734
vt 0.096680 0.307617
vt 0.095703 0.307617
vt 0.687500 0.390625
vt 0.679688 0.390625
vt 0.679688 0.389648
vt 0.687500 0.389648
vt 0.687500 0.387695
vt 0.679688 0.387695
vt 0.679688 0.388672
vt 0.687500 0.388672
vt 0.584961 0.826172
vt 0.592773 0.826172
vt 0.592773 0.831055
vt 0.584961 0.831055
vt 0.097656 0.302734
vt 0.098633 0.302734
vt 0.098633 0.307617
vt 0.097656 0.307617
vt 0.584961 0.812500
vt 0.592773 0.812500
vt 0.592773 0.817383
vt 0.584961 0.817383
vt 0.108398 0.302734
vt 0.109375 0.302734
vt 0.109375 0.307617
vt 0.108398 0.307617
vt 0.687500 0.386719
vt 0.679688 0.386719
vt 0.679688 0.385742
vt 0.687500 0.385742
vt 0.687500 0.379883
vt 0.679688 0.379883
vt 0.679688 0.380859
vt 0.687500 0.380859
s 0
usemtl m_8a7aecf9-bc7d-1c53-4ad7-3ee173c6c92f
f 4924/14545/548 4927/14546/548 4925/14547/548 4922/14548/548
f 4923/14549/549 4924/14550/549 4922/14551/549 4921/14552/549
f 4928/14553/550 4923/14554/550 4921/14555/550 4926/14556/550
f 4927/14557/551 4928/14558/551 4926/14559/551 4925/14560/551
f 4926/14561/552 4921/14562/552 4922/14563/552 4925/14564/552
f 4927/14565/553 4924/14566/553 4923/14567/553 4928/14568/553
f 4932/14569/550 4935/14570/550 4933/14571/550 4930/14572/550
f 4931/14573/549 4932/14574/549 4930/14575/549 4929/14576/549
f 4936/14577/548 4931/14578/548 4929/14579/548 4934/14580/548
f 4935/14581/551 4936/14582/551 4934/14583/551 4933/14584/551
f 4934/14585/553 4929/14586/553 4930/14587/553 4933/14588/553
f 4935/14589/552 4932/14590/552 4931/14591/552 4936/14592/552
f 4940/14593/548 4943/14594/548 4941/14595/548 4938/14596/548
f 4939/14597/549 4940/14598/549 4938/14599/549 4937/14600/549
f 4944/14601/550 4939/14602/550 4937/14603/550 4942/14604/550
f 4943/14605/551 4944/14606/551 4942/14607/551 4941/14608/551
f 4942/14609/552 4937/14610/552 4938/14611/552 4941/14612/552
f 4943/14613/553 4940/14614/553 4939/14615/553 4944/14616/553
f 4948/14617/554 4951/14618/554 4949/14619/554 4946/14620/554
f 4947/14621/549 4948/14622/549 4946/14623/549 4945/14624/549
f 4952/14625/555 4947/14626/555 4945/14627/555 4950/14628/555
f 4951/14629/551 4952/14630/551 4950/14631/551 4949/14632/551
f 4950/14633/556 4945/14634/556 4946/14635/556 4949/14636/556
f 4951/14637/557 4948/14638/557 4947/14639/557 4952/14640/557
f 4956/14641/556 4959/14642/556 4957/14643/556 4954/14644/556
f 4955/14645/549 4956/14646/549 4954/14647/549 4953/14648/549
f 4960/14649/557 4955/14650/557 4953/14651/557 4958/14652/557
f 4959/14653/551 4960/14654/551 4958/14655/551 4957/14656/551
f 4958/14657/555 4953/14658/555 4954/14659/555 4957/14660/555
f 4959/14661/554 4956/14662/554 4955/14663/554 4960/14664/554
f 4964/14665/555 4967/14666/555 4965/14667/555 4962/14668/555
f 4963/14669/549 4964/14670/549 4962/14671/549 4961/14672/549
f 4968/14673/554 4963/14674/554 4961/14675/554 4966/14676/554
f 4967/14677/551 4968/14678/551 4966/14679/551 4965/14680/551
f 4966/14681/557 4961/14682/557 4962/14683/557 4965/14684/557
f 4967/14685/556 4964/14686/556 4963/14687/556 4968/14688/556
f 4972/14689/557 4975/14690/557 4973/14691/557 4970/14692/557
f 4971/14693/549 4972/14694/549 4970/14695/549 4969/14696/549
f 4976/14697/556 4971/14698/556 4969/14699/556 4974/14700/556
f 4975/14701/551 4976/14702/551 4974/14703/551 4973/14704/551
f 4974/14705/554 4969/14706/554 4970/14707/554 4973/14708/554
f 4975/14709/555 4972/14710/555 4971/14711/555 4976/14712/555
f 4980/14713/548 4983/14714/548 4981/14715/548 4978/14716/548
f 4979/14717/549 4980/14718/549 4978/14719/549 4977/14720/549
f 4984/14721/550 4979/14722/550 4977/14723/550 4982/14724/550
f 4983/14725/551 4984/14726/551 4982/14727/551 4981/14728/551
f 4982/14729/552 4977/14730/552 4978/14731/552 4981/14732/552
f 4983/14733/553 4980/14734/553 4979/14735/553 4984/14736/553
f 4988/14737/552 4991/14738/552 4989/14739/552 4986/14740/552
f 4987/14741/549 4988/14742/549 4986/14743/549 4985/14744/549
f 4992/14745/553 4987/14746/553 4985/14747/553 4990/14748/553
f 4991/14749/551 4992/14750/551 4990/14751/551 4989/14752/551
f 4990/14753/550 4985/14754/550 4986/14755/550 4989/14756/550
f 4991/14757/548 4988/14758/548 4987/14759/548 4992/14760/548
f 4996/14761/553 4999/14762/553 4997/14763/553 4994/14764/553
f 4995/14765/549 4996/14766/549 4994/14767/549 4993/14768/549
f 5000/14769/552 4995/14770/552 4993/14771/552 4998/14772/552
f 4999/14773/551 5000/14774/551 4998/14775/551 4997/14776/551
f 4998/14777/548 4993/14778/548 4994/14779/548 4997/14780/548
f 4999/14781/550 4996/14782/550 4995/14783/550 5000/14784/550
