# Blender 3.3.21
# www.blender.org
mtllib ver_b_turret72.mtl
o gun
v 0.217007 1.426243 1.023170
v 0.218727 1.314176 1.298804
v 0.061581 1.428024 1.024864
v 0.063302 1.315957 1.300498
v 0.217404 1.230923 1.264963
v 0.215684 1.342991 0.989329
v 0.061979 1.232704 1.266657
v 0.060259 1.344771 0.991023
v 0.053900 1.428112 1.024948
v 0.055620 1.316045 1.300582
v -0.101525 1.429893 1.026642
v -0.099805 1.317826 1.302276
v 0.054298 1.232792 1.266741
v 0.052577 1.344859 0.991107
v -0.101128 1.234573 1.268435
v -0.102848 1.346640 0.992801
v -0.109206 1.429981 1.026726
v -0.107486 1.317914 1.302360
v -0.264632 1.431762 1.028420
v -0.262911 1.319694 1.304054
v -0.108809 1.234661 1.268519
v -0.110529 1.346728 0.992885
v -0.264234 1.236442 1.270213
v -0.265954 1.348509 0.994579
v -0.214057 1.220078 1.246164
v -0.214057 1.217761 1.460899
v -0.214057 0.882636 1.242523
v -0.214057 0.880319 1.457258
v 0.154082 1.217761 1.460899
v 0.154082 1.220078 1.246164
v 0.154082 0.880319 1.457258
v 0.154082 0.882636 1.242523
v -0.326982 1.259394 1.108726
v -0.326982 1.036729 1.229029
v -0.326982 1.237511 1.068221
v -0.326982 1.014845 1.188525
v 0.302202 1.036729 1.229029
v 0.302202 1.259394 1.108726
v 0.302202 1.014845 1.188525
v 0.302202 1.237511 1.068221
v -0.327526 1.029483 1.008504
v -0.327526 1.036729 1.229029
v -0.327526 0.810046 1.015714
v -0.327526 0.817291 1.236239
v 0.302202 1.036729 1.229029
v 0.302202 1.029483 1.008504
v 0.302202 0.817291 1.236239
v 0.302202 0.810046 1.015714
v -0.326982 1.339846 0.717432
v -0.326982 1.259395 1.108726
v -0.326982 1.294751 0.708160
v -0.326982 1.214300 1.099454
v 0.302202 1.259395 1.108726
v 0.302202 1.339846 0.717432
v 0.302202 1.214300 1.099454
v 0.302202 1.294751 0.708160
v -0.263935 1.252078 1.123789
v -0.263935 1.250754 1.246495
v -0.263935 0.853284 1.119485
v -0.263935 0.851960 1.242191
v 0.226917 1.250754 1.246495
v 0.226917 1.252078 1.123789
v 0.226917 0.851960 1.242191
v 0.226917 0.853284 1.119486
v 0.003616 1.131616 1.443150
v 0.003615 1.121190 6.495006
v -0.117560 1.010440 1.442899
v -0.117561 1.000014 6.494756
v 0.053843 1.070961 6.494903
v 0.053844 1.081388 1.443046
v -0.067332 0.949786 6.494653
v -0.067332 0.960212 1.442796
v -0.067906 1.132277 1.442577
v -0.067906 1.121849 6.495582
v -0.067906 0.958873 1.442219
v -0.067906 0.948445 6.495225
v 0.004275 1.121849 6.495582
v 0.004276 1.132277 1.442577
v 0.004275 0.948445 6.495225
v 0.004276 0.958873 1.442219
v 0.053234 1.080899 1.443618
v 0.053234 1.070475 6.494327
v -0.116986 1.080899 1.443618
v -0.116987 1.070475 6.494327
v 0.053234 1.000589 6.494183
v 0.053234 1.011013 1.443474
v -0.116987 1.000589 6.494183
v -0.116986 1.011013 1.443474
v -0.117560 1.081474 1.443046
v -0.117561 1.071047 6.494903
v 0.003616 0.960298 1.442796
v 0.003615 0.949872 6.494653
v -0.067332 1.121276 6.495006
v -0.067332 1.131702 1.443150
v 0.053843 1.000100 6.494756
v 0.053844 1.010526 1.442900
v 0.015384 1.158670 1.693460
v 0.015384 1.156696 2.649763
v -0.144154 0.999133 1.693131
v -0.144154 0.997159 2.649433
v 0.081091 1.090990 2.649627
v 0.081091 1.092963 1.693325
v -0.078447 0.931452 2.649298
v -0.078446 0.933426 1.692995
v 0.017207 1.157286 3.994041
v 0.017207 1.155348 4.933276
v -0.149928 0.990152 3.993696
v -0.149928 0.988214 4.932931
v 0.086043 1.086512 4.933134
v 0.086043 1.088450 3.993899
v -0.081092 0.919378 4.932789
v -0.081092 0.921316 3.993554
v -0.182654 1.105597 0.098478
v -0.182654 1.101775 1.950698
v 0.023813 0.899131 0.098051
v 0.023813 0.895309 1.950272
v -0.093096 1.191333 1.950883
v -0.093095 1.195155 0.098662
v 0.113371 0.984867 1.950457
v 0.113371 0.988689 0.098236
v -0.096227 1.194067 0.098660
v -0.096227 1.190245 1.950881
v -0.096227 0.900859 0.098055
v -0.096227 0.897037 1.950276
v 0.025540 1.190245 1.950881
v 0.025541 1.194067 0.098660
v 0.025540 0.897037 1.950276
v 0.025541 0.900859 0.098055
v -0.182282 0.986246 0.098231
v -0.182282 0.982423 1.950452
v 0.113371 0.986246 0.098231
v 0.113371 0.982423 1.950452
v -0.182282 1.105412 1.950706
v -0.182282 1.109235 0.098485
v 0.113371 1.105412 1.950706
v 0.113371 1.109235 0.098485
v 0.027268 1.195337 0.098663
v 0.027268 1.191515 1.950883
v -0.181790 0.986280 0.098231
v -0.181790 0.982457 1.950452
v 0.113371 1.105412 1.950706
v 0.113371 1.109235 0.098485
v -0.095687 0.896355 1.950274
v -0.095687 0.900177 0.098053
v -0.078858 1.157701 1.693458
v -0.078859 1.155727 2.649761
v -0.078858 0.933946 1.692996
v -0.078859 0.931973 2.649299
v 0.014065 1.155727 2.649761
v 0.014066 1.157701 1.693458
v 0.014065 0.931973 2.649299
v 0.014066 0.933946 1.692996
v -0.080089 1.156271 3.994039
v -0.080089 1.154333 4.933274
v -0.080089 0.921861 3.993555
v -0.080089 0.919923 4.932790
v 0.015825 1.154333 4.933274
v 0.015826 1.156271 3.994039
v 0.015825 0.919923 4.932790
v 0.015826 0.921861 3.993555
v -0.150321 0.990125 3.993696
v -0.150321 0.988186 4.932931
v 0.086043 0.990125 3.993696
v 0.086043 0.988186 4.932931
v -0.150321 1.085077 4.933131
v -0.150321 1.087015 3.993896
v 0.086043 1.085077 4.933131
v 0.086043 1.087015 3.993896
v -0.144813 1.090187 1.693318
v -0.144813 1.088213 2.649621
v 0.012747 0.932627 1.692993
v 0.012747 0.930654 2.649296
v -0.076469 1.156558 2.649762
v -0.076469 1.158531 1.693460
v 0.081091 0.998998 2.649437
v 0.081091 1.000972 1.693134
v -0.144529 0.999107 1.693131
v -0.144529 0.997133 2.649433
v 0.081091 0.999107 1.693131
v 0.081091 0.997133 2.649433
v -0.144529 1.090990 2.649627
v -0.144529 1.092963 1.693324
v 0.081091 1.090990 2.649627
v 0.081091 1.092963 1.693324
v -0.150618 1.085542 3.993893
v -0.150619 1.083604 4.933128
v 0.014444 0.920480 3.993552
v 0.014444 0.918542 4.932787
v -0.079020 1.155202 4.933275
v -0.079020 1.157140 3.994041
v 0.086043 0.990140 4.932935
v 0.086043 0.992078 3.993700
vn 0.0058 -0.3766 0.9263
vn 0.0147 0.9263 0.3765
vn -0.0058 0.3766 -0.9263
vn -0.0147 -0.9263 -0.3765
vn 0.9999 -0.0115 -0.0109
vn -0.9999 0.0115 0.0109
vn -0.0000 -0.0108 0.9999
vn -1.0000 -0.0000 -0.0000
vn -0.0000 0.0108 -0.9999
vn 1.0000 -0.0000 -0.0000
vn -0.0000 0.9999 0.0108
vn -0.0000 -0.9999 -0.0108
vn -0.0000 -0.8798 0.4753
vn -0.0000 0.8798 -0.4753
vn -0.0000 0.4753 0.8798
vn -0.0000 -0.4753 -0.8798
vn -0.0000 0.0328 0.9995
vn -0.0000 -0.0328 -0.9995
vn -0.0000 0.9995 -0.0328
vn -0.0000 -0.9995 0.0328
vn -0.0000 -0.2014 0.9795
vn -0.0000 0.2014 -0.9795
vn -0.0000 0.9795 0.2014
vn -0.0000 -0.9795 -0.2014
vn -0.0000 -0.0021 1.0000
vn -0.7071 0.7071 0.0015
vn -0.0000 0.0021 -1.0000
vn 0.7071 -0.7071 -0.0015
vn 0.7071 0.7071 0.0015
vn -0.7071 -0.7071 -0.0015
vn -0.0000 1.0000 0.0021
vn -0.0000 -1.0000 -0.0021
vt 0.638672 0.699219
vt 0.533203 0.314453
vt 0.340820 0.338867
vt 0.528320 0.314453
vt 0.643555 0.699219
vt 0.340820 0.333984
vt 0.638672 0.696289
vt 0.533203 0.311523
vt 0.343750 0.338867
vt 0.528320 0.311523
vt 0.643555 0.696289
vt 0.343750 0.333984
vt 0.530273 0.314453
vt 0.302734 0.361328
vt 0.342773 0.333984
vt 0.531250 0.314453
vt 0.307617 0.361328
vt 0.342773 0.338867
vt 0.530273 0.311523
vt 0.302734 0.358398
vt 0.345703 0.333984
vt 0.531250 0.311523
vt 0.307617 0.358398
vt 0.345703 0.338867
vt 0.638672 0.695312
vt 0.548828 0.314453
vt 0.346680 0.338867
vt 0.534180 0.314453
vt 0.643555 0.695312
vt 0.346680 0.333984
vt 0.638672 0.692383
vt 0.548828 0.311523
vt 0.349609 0.338867
vt 0.534180 0.311523
vt 0.643555 0.692383
vt 0.349609 0.333984
vt 0.536133 0.314453
vt 0.638672 0.632812
vt 0.348633 0.333984
vt 0.546875 0.314453
vt 0.643555 0.632812
vt 0.348633 0.338867
vt 0.536133 0.311523
vt 0.638672 0.629883
vt 0.351562 0.333984
vt 0.546875 0.311523
vt 0.643555 0.629883
vt 0.351562 0.338867
vt 0.386719 0.361328
vt 0.554688 0.314453
vt 0.352539 0.338867
vt 0.549805 0.314453
vt 0.391602 0.361328
vt 0.352539 0.333984
vt 0.386719 0.358398
vt 0.554688 0.311523
vt 0.355469 0.338867
vt 0.549805 0.311523
vt 0.391602 0.358398
vt 0.355469 0.333984
vt 0.551758 0.314453
vt 0.638672 0.605469
vt 0.354492 0.333984
vt 0.552734 0.314453
vt 0.643555 0.605469
vt 0.354492 0.338867
vt 0.551758 0.311523
vt 0.638672 0.602539
vt 0.357422 0.333984
vt 0.552734 0.311523
vt 0.643555 0.602539
vt 0.357422 0.338867
vt 0.117188 0.509766
vt 0.396484 0.411133
vt 0.619141 0.859375
vt 0.339844 0.411133
vt 0.121094 0.509766
vt 0.619141 0.855469
vt 0.117188 0.503906
vt 0.396484 0.405273
vt 0.230469 0.380859
vt 0.339844 0.405273
vt 0.121094 0.503906
vt 0.230469 0.376953
vt 0.345703 0.411133
vt 0.528320 0.382812
vt 0.625000 0.855469
vt 0.390625 0.411133
vt 0.532227 0.382812
vt 0.625000 0.859375
vt 0.345703 0.405273
vt 0.528320 0.376953
vt 0.236328 0.376953
vt 0.390625 0.405273
vt 0.532227 0.376953
vt 0.236328 0.380859
vt 0.698242 0.467773
vt 0.262695 0.342773
vt 0.563477 0.492188
vt 0.657227 0.783203
vt 0.702148 0.467773
vt 0.563477 0.488281
vt 0.698242 0.466797
vt 0.262695 0.341797
vt 0.568359 0.644531
vt 0.657227 0.782227
vt 0.702148 0.466797
vt 0.568359 0.640625
vt 0.667969 0.783203
vt 0.698242 0.356445
vt 0.574219 0.488281
vt 0.251953 0.342773
vt 0.702148 0.356445
vt 0.574219 0.492188
vt 0.667969 0.782227
vt 0.698242 0.355469
vt 0.579102 0.640625
vt 0.251953 0.341797
vt 0.702148 0.355469
vt 0.579102 0.644531
vt 0.064453 0.366211
vt 0.580078 0.940430
vt 0.569336 0.935547
vt 0.568359 0.499023
vt 0.068359 0.366211
vt 0.569336 0.931641
vt 0.064453 0.362305
vt 0.580078 0.936523
vt 0.569336 0.917969
vt 0.568359 0.495117
vt 0.068359 0.362305
vt 0.569336 0.914062
vt 0.579102 0.499023
vt 0.633789 0.919922
vt 0.580078 0.931641
vt 0.569336 0.940430
vt 0.637695 0.919922
vt 0.580078 0.935547
vt 0.579102 0.495117
vt 0.633789 0.916016
vt 0.580078 0.914062
vt 0.569336 0.936523
vt 0.637695 0.916016
vt 0.580078 0.917969
vt 0.681641 0.597656
vt 0.667969 0.785156
vt 0.498047 0.879883
vt 0.657227 0.787109
vt 0.688477 0.597656
vt 0.498047 0.873047
vt 0.681641 0.596680
vt 0.667969 0.784180
vt 0.498047 0.832031
vt 0.657227 0.786133
vt 0.688477 0.596680
vt 0.498047 0.825195
vt 0.667969 0.787109
vt 0.681641 0.591797
vt 0.508789 0.873047
vt 0.657227 0.785156
vt 0.688477 0.591797
vt 0.508789 0.879883
vt 0.667969 0.786133
vt 0.681641 0.590820
vt 0.508789 0.825195
vt 0.657227 0.784180
vt 0.688477 0.590820
vt 0.508789 0.832031
vt 0.233398 0.507812
vt 0.533203 0.634766
vt 0.044922 0.514648
vt 0.524414 0.716797
vt 0.235352 0.507812
vt 0.044922 0.512695
vt 0.233398 0.500977
vt 0.533203 0.627930
vt 0.626953 0.760742
vt 0.524414 0.709961
vt 0.235352 0.500977
vt 0.626953 0.758789
vt 0.533203 0.716797
vt 0.268555 0.475586
vt 0.053711 0.512695
vt 0.524414 0.634766
vt 0.270508 0.475586
vt 0.053711 0.514648
vt 0.533203 0.709961
vt 0.268555 0.468750
vt 0.635742 0.758789
vt 0.524414 0.627930
vt 0.270508 0.468750
vt 0.635742 0.760742
vt 0.321289 0.829102
vt 0.136719 0.298828
vt 0.223633 0.533203
vt 0.094727 0.298828
vt 0.407227 0.829102
vt 0.223633 0.447266
vt 0.321289 0.826172
vt 0.136719 0.295898
vt 0.181641 0.529297
vt 0.094727 0.295898
vt 0.407227 0.826172
vt 0.181641 0.443359
vt 0.095703 0.298828
vt 0.327148 0.773438
vt 0.224609 0.447266
vt 0.135742 0.298828
vt 0.413086 0.773438
vt 0.224609 0.533203
vt 0.095703 0.295898
vt 0.327148 0.770508
vt 0.182617 0.443359
vt 0.135742 0.295898
vt 0.413086 0.770508
vt 0.182617 0.529297
vt 0.340820 0.852539
vt 0.210938 0.298828
vt 0.183594 0.529297
vt 0.168945 0.298828
vt 0.426758 0.852539
vt 0.183594 0.443359
vt 0.340820 0.849609
vt 0.210938 0.295898
vt 0.318359 0.528320
vt 0.168945 0.295898
vt 0.426758 0.849609
vt 0.318359 0.442383
vt 0.169922 0.298828
vt 0.340820 0.848633
vt 0.184570 0.443359
vt 0.209961 0.298828
vt 0.426758 0.848633
vt 0.184570 0.529297
vt 0.169922 0.295898
vt 0.340820 0.845703
vt 0.319336 0.442383
vt 0.209961 0.295898
vt 0.426758 0.845703
vt 0.319336 0.528320
vt 0.340820 0.844727
vt 0.317383 0.298828
vt 0.392578 0.526367
vt 0.299805 0.298828
vt 0.426758 0.844727
vt 0.392578 0.440430
vt 0.340820 0.841797
vt 0.317383 0.295898
vt 0.453125 0.525391
vt 0.299805 0.295898
vt 0.426758 0.841797
vt 0.453125 0.439453
vt 0.300781 0.298828
vt 0.340820 0.840820
vt 0.393555 0.440430
vt 0.316406 0.298828
vt 0.426758 0.840820
vt 0.393555 0.526367
vt 0.300781 0.295898
vt 0.340820 0.837891
vt 0.454102 0.439453
vt 0.316406 0.295898
vt 0.426758 0.837891
vt 0.454102 0.525391
vt 0.343750 0.817383
vt 0.394531 0.298828
vt 0.023438 0.524414
vt 0.370117 0.298828
vt 0.429688 0.817383
vt 0.023438 0.438477
vt 0.343750 0.814453
vt 0.394531 0.295898
vt 0.025391 0.524414
vt 0.370117 0.295898
vt 0.429688 0.814453
vt 0.025391 0.438477
vt 0.371094 0.298828
vt 0.343750 0.813477
vt 0.024414 0.438477
vt 0.393555 0.298828
vt 0.429688 0.813477
vt 0.024414 0.524414
vt 0.371094 0.295898
vt 0.343750 0.810547
vt 0.026367 0.438477
vt 0.393555 0.295898
vt 0.429688 0.810547
vt 0.026367 0.524414
vt 0.511719 0.496094
vt 0.100586 0.319336
vt 0.000000 0.407227
vt 0.095703 0.319336
vt 0.528320 0.496094
vt 0.000000 0.390625
vt 0.511719 0.492188
vt 0.100586 0.315430
vt 0.277344 0.404297
vt 0.095703 0.315430
vt 0.528320 0.492188
vt 0.277344 0.387695
vt 0.097656 0.319336
vt 0.511719 0.491211
vt 0.001953 0.390625
vt 0.098633 0.319336
vt 0.528320 0.491211
vt 0.001953 0.407227
vt 0.097656 0.315430
vt 0.511719 0.487305
vt 0.279297 0.387695
vt 0.098633 0.315430
vt 0.528320 0.487305
vt 0.279297 0.404297
vt 0.521484 0.938477
vt 0.068359 0.319336
vt 0.211914 0.399414
vt 0.394531 0.320312
vt 0.537109 0.938477
vt 0.211914 0.383789
vt 0.521484 0.934570
vt 0.068359 0.315430
vt 0.324219 0.399414
vt 0.394531 0.316406
vt 0.537109 0.934570
vt 0.324219 0.383789
vt 0.396484 0.320312
vt 0.521484 0.922852
vt 0.213867 0.383789
vt 0.066406 0.319336
vt 0.537109 0.922852
vt 0.213867 0.399414
vt 0.396484 0.316406
vt 0.521484 0.918945
vt 0.326172 0.383789
vt 0.066406 0.315430
vt 0.537109 0.918945
vt 0.326172 0.399414
vt 0.408203 0.671875
vt 0.032227 0.339844
vt 0.122070 0.765625
vt 0.027344 0.339844
vt 0.439453 0.671875
vt 0.122070 0.734375
vt 0.408203 0.666992
vt 0.032227 0.334961
vt 0.394531 0.487305
vt 0.027344 0.334961
vt 0.439453 0.666992
vt 0.394531 0.456055
vt 0.029297 0.339844
vt 0.409180 0.734375
vt 0.124023 0.734375
vt 0.030273 0.339844
vt 0.440430 0.734375
vt 0.124023 0.765625
vt 0.029297 0.334961
vt 0.409180 0.729492
vt 0.396484 0.456055
vt 0.030273 0.334961
vt 0.440430 0.729492
vt 0.396484 0.487305
vt 0.409180 0.728516
vt 0.104492 0.339844
vt 0.053711 0.484375
vt 0.033203 0.339844
vt 0.440430 0.728516
vt 0.053711 0.453125
vt 0.409180 0.723633
vt 0.104492 0.334961
vt 0.291992 0.484375
vt 0.033203 0.334961
vt 0.440430 0.723633
vt 0.291992 0.453125
vt 0.035156 0.339844
vt 0.409180 0.630859
vt 0.055664 0.453125
vt 0.102539 0.339844
vt 0.440430 0.630859
vt 0.055664 0.484375
vt 0.035156 0.334961
vt 0.409180 0.625977
vt 0.293945 0.453125
vt 0.102539 0.334961
vt 0.440430 0.625977
vt 0.293945 0.484375
vt 0.410156 0.938477
vt 0.662109 0.876953
vt 0.440430 0.484375
vt 0.660156 0.882812
vt 0.441406 0.938477
vt 0.440430 0.453125
vt 0.410156 0.933594
vt 0.662109 0.872070
vt 0.130859 0.483398
vt 0.660156 0.877930
vt 0.441406 0.933594
vt 0.130859 0.452148
vt 0.662109 0.882812
vt 0.410156 0.700195
vt 0.442383 0.453125
vt 0.660156 0.876953
vt 0.441406 0.700195
vt 0.442383 0.484375
vt 0.662109 0.877930
vt 0.410156 0.695312
vt 0.132812 0.452148
vt 0.660156 0.872070
vt 0.441406 0.695312
vt 0.132812 0.483398
vt 0.414062 0.775391
vt 0.662109 0.861328
vt 0.220703 0.483398
vt 0.660156 0.867188
vt 0.445312 0.775391
vt 0.220703 0.452148
vt 0.414062 0.770508
vt 0.662109 0.856445
vt 0.247070 0.483398
vt 0.660156 0.862305
vt 0.445312 0.770508
vt 0.247070 0.452148
vt 0.662109 0.867188
vt 0.155273 0.584961
vt 0.222656 0.452148
vt 0.660156 0.861328
vt 0.186523 0.584961
vt 0.222656 0.483398
vt 0.662109 0.862305
vt 0.155273 0.580078
vt 0.249023 0.452148
vt 0.660156 0.856445
vt 0.186523 0.580078
vt 0.249023 0.483398
vt 0.511719 0.763672
vt 0.682617 0.909180
vt 0.283203 0.597656
vt 0.680664 0.914062
vt 0.528320 0.763672
vt 0.283203 0.581055
vt 0.511719 0.759766
vt 0.682617 0.905273
vt 0.437500 0.477539
vt 0.680664 0.910156
vt 0.528320 0.759766
vt 0.437500 0.460938
vt 0.682617 0.914062
vt 0.511719 0.639648
vt 0.285156 0.581055
vt 0.680664 0.909180
vt 0.528320 0.639648
vt 0.285156 0.597656
vt 0.682617 0.910156
vt 0.511719 0.635742
vt 0.439453 0.460938
vt 0.680664 0.905273
vt 0.528320 0.635742
vt 0.439453 0.477539
vt 0.520508 0.814453
vt 0.393555 0.320312
vt 0.284180 0.400391
vt 0.310547 0.320312
vt 0.536133 0.814453
vt 0.284180 0.384766
vt 0.520508 0.810547
vt 0.393555 0.316406
vt 0.199219 0.399414
vt 0.310547 0.316406
vt 0.536133 0.810547
vt 0.199219 0.383789
vt 0.312500 0.320312
vt 0.520508 0.513672
vt 0.286133 0.384766
vt 0.391602 0.320312
vt 0.536133 0.513672
vt 0.286133 0.400391
vt 0.312500 0.316406
vt 0.520508 0.509766
vt 0.201172 0.383789
vt 0.391602 0.316406
vt 0.536133 0.509766
vt 0.201172 0.399414
vt 0.521484 0.650391
vt 0.083008 0.319336
vt 0.047852 0.398438
vt 0.078125 0.319336
vt 0.537109 0.650391
vt 0.047852 0.382812
vt 0.521484 0.646484
vt 0.083008 0.315430
vt 0.121094 0.398438
vt 0.078125 0.315430
vt 0.537109 0.646484
vt 0.121094 0.382812
vt 0.080078 0.319336
vt 0.521484 0.557617
vt 0.049805 0.382812
vt 0.081055 0.319336
vt 0.537109 0.557617
vt 0.049805 0.398438
vt 0.080078 0.315430
vt 0.521484 0.553711
vt 0.123047 0.382812
vt 0.081055 0.315430
vt 0.537109 0.553711
vt 0.123047 0.398438
vt 0.482422 0.487305
vt 0.106445 0.319336
vt 0.294922 0.404297
vt 0.101562 0.319336
vt 0.499023 0.487305
vt 0.294922 0.387695
vt 0.482422 0.483398
vt 0.106445 0.315430
vt 0.342773 0.404297
vt 0.101562 0.315430
vt 0.499023 0.483398
vt 0.342773 0.387695
vt 0.103516 0.319336
vt 0.513672 0.987305
vt 0.296875 0.387695
vt 0.104492 0.319336
vt 0.530273 0.987305
vt 0.296875 0.404297
vt 0.103516 0.315430
vt 0.513672 0.983398
vt 0.344727 0.387695
vt 0.104492 0.315430
vt 0.530273 0.983398
vt 0.344727 0.404297
vt 0.513672 0.890625
vt 0.682617 0.886719
vt 0.474609 0.403320
vt 0.107422 0.319336
vt 0.530273 0.890625
vt 0.474609 0.386719
vt 0.513672 0.886719
vt 0.682617 0.882812
vt 0.066406 0.402344
vt 0.107422 0.315430
vt 0.530273 0.886719
vt 0.066406 0.385742
vt 0.109375 0.319336
vt 0.141602 0.486328
vt 0.476562 0.386719
vt 0.680664 0.886719
vt 0.158203 0.486328
vt 0.476562 0.403320
vt 0.109375 0.315430
vt 0.141602 0.482422
vt 0.068359 0.385742
vt 0.680664 0.882812
vt 0.158203 0.482422
vt 0.068359 0.402344
vt 0.521484 0.911133
vt 0.074219 0.319336
vt 0.593750 0.399414
vt 0.069336 0.319336
vt 0.537109 0.911133
vt 0.593750 0.383789
vt 0.521484 0.907227
vt 0.074219 0.315430
vt 0.011719 0.398438
vt 0.069336 0.315430
vt 0.537109 0.907227
vt 0.011719 0.382812
vt 0.071289 0.319336
vt 0.521484 0.906250
vt 0.595703 0.383789
vt 0.072266 0.319336
vt 0.537109 0.906250
vt 0.595703 0.399414
vt 0.071289 0.315430
vt 0.521484 0.902344
vt 0.013672 0.382812
vt 0.072266 0.315430
vt 0.537109 0.902344
vt 0.013672 0.398438
s 0
usemtl m_60378034-3648-d219-28e7-d9ea928e79fa
f 4/10/1 7/19/1 5/13/1 2/4/1
f 3/7/2 4/11/2 2/5/2 1/1/2
f 8/22/3 3/8/3 1/2/3 6/16/3
f 7/20/4 8/23/4 6/17/4 5/14/4
f 6/18/5 1/3/5 2/6/5 5/15/5
f 7/21/6 4/12/6 3/9/6 8/24/6
f 12/34/1 15/43/1 13/37/1 10/28/1
f 11/31/2 12/35/2 10/29/2 9/25/2
f 16/46/3 11/32/3 9/26/3 14/40/3
f 15/44/4 16/47/4 14/41/4 13/38/4
f 14/42/5 9/27/5 10/30/5 13/39/5
f 15/45/6 12/36/6 11/33/6 16/48/6
f 20/58/1 23/67/1 21/61/1 18/52/1
f 19/55/2 20/59/2 18/53/2 17/49/2
f 24/70/3 19/56/3 17/50/3 22/64/3
f 23/68/4 24/71/4 22/65/4 21/62/4
f 22/66/5 17/51/5 18/54/5 21/63/5
f 23/69/6 20/60/6 19/57/6 24/72/6
f 28/82/7 31/91/7 29/85/7 26/76/7
f 27/79/8 28/83/8 26/77/8 25/73/8
f 32/94/9 27/80/9 25/74/9 30/88/9
f 31/92/10 32/95/10 30/89/10 29/86/10
f 30/90/11 25/75/11 26/78/11 29/87/11
f 31/93/12 28/84/12 27/81/12 32/96/12
f 36/106/13 39/115/13 37/109/13 34/100/13
f 35/103/8 36/107/8 34/101/8 33/97/8
f 40/118/14 35/104/14 33/98/14 38/112/14
f 39/116/10 40/119/10 38/113/10 37/110/10
f 38/114/15 33/99/15 34/102/15 37/111/15
f 39/117/16 36/108/16 35/105/16 40/120/16
f 44/130/17 47/139/17 45/133/17 42/124/17
f 43/127/8 44/131/8 42/125/8 41/121/8
f 48/142/18 43/128/18 41/122/18 46/136/18
f 47/140/10 48/143/10 46/137/10 45/134/10
f 46/138/19 41/123/19 42/126/19 45/135/19
f 47/141/20 44/132/20 43/129/20 48/144/20
f 52/154/21 55/163/21 53/157/21 50/148/21
f 51/151/8 52/155/8 50/149/8 49/145/8
f 56/166/22 51/152/22 49/146/22 54/160/22
f 55/164/10 56/167/10 54/161/10 53/158/10
f 54/162/23 49/147/23 50/150/23 53/159/23
f 55/165/24 52/156/24 51/153/24 56/168/24
f 60/178/7 63/187/7 61/181/7 58/172/7
f 59/175/8 60/179/8 58/173/8 57/169/8
f 64/190/9 59/176/9 57/170/9 62/184/9
f 63/188/10 64/191/10 62/185/10 61/182/10
f 62/186/11 57/171/11 58/174/11 61/183/11
f 63/189/12 60/180/12 59/177/12 64/192/12
f 68/202/25 71/211/25 69/205/25 66/196/25
f 67/199/26 68/203/26 66/197/26 65/193/26
f 72/214/27 67/200/27 65/194/27 70/208/27
f 71/212/28 72/215/28 70/209/28 69/206/28
f 70/210/29 65/195/29 66/198/29 69/207/29
f 71/213/30 68/204/30 67/201/30 72/216/30
f 76/226/25 79/235/25 77/229/25 74/220/25
f 75/223/8 76/227/8 74/221/8 73/217/8
f 80/238/27 75/224/27 73/218/27 78/232/27
f 79/236/10 80/239/10 78/233/10 77/230/10
f 78/234/31 73/219/31 74/222/31 77/231/31
f 79/237/32 76/228/32 75/225/32 80/240/32
f 84/250/25 87/259/25 85/253/25 82/244/25
f 83/247/31 84/251/31 82/245/31 81/241/31
f 88/262/27 83/248/27 81/242/27 86/256/27
f 87/260/32 88/263/32 86/257/32 85/254/32
f 86/258/10 81/243/10 82/246/10 85/255/10
f 87/261/8 84/252/8 83/249/8 88/264/8
f 92/274/25 95/283/25 93/277/25 90/268/25
f 91/271/30 92/275/30 90/269/30 89/265/30
f 96/286/27 91/272/27 89/266/27 94/280/27
f 95/284/29 96/287/29 94/281/29 93/278/29
f 94/282/26 89/267/26 90/270/26 93/279/26
f 95/285/28 92/276/28 91/273/28 96/288/28
f 100/298/25 103/307/25 101/301/25 98/292/25
f 99/295/26 100/299/26 98/293/26 97/289/26
f 104/310/27 99/296/27 97/290/27 102/304/27
f 103/308/28 104/311/28 102/305/28 101/302/28
f 102/306/29 97/291/29 98/294/29 101/303/29
f 103/309/30 100/300/30 99/297/30 104/312/30
f 108/322/25 111/331/25 109/325/25 106/316/25
f 107/319/26 108/323/26 106/317/26 105/313/26
f 112/334/27 107/320/27 105/314/27 110/328/27
f 111/332/28 112/335/28 110/329/28 109/326/28
f 110/330/29 105/315/29 106/318/29 109/327/29
f 111/333/30 108/324/30 107/321/30 112/336/30
f 116/346/25 119/355/25 117/349/25 114/340/25
f 115/343/30 116/347/30 114/341/30 113/337/30
f 120/358/27 115/344/27 113/338/27 118/352/27
f 119/356/29 120/359/29 118/353/29 117/350/29
f 118/354/26 113/339/26 114/342/26 117/351/26
f 119/357/28 116/348/28 115/345/28 120/360/28
f 124/370/25 127/379/25 125/373/25 122/364/25
f 123/367/8 124/371/8 122/365/8 121/361/8
f 128/382/27 123/368/27 121/362/27 126/376/27
f 127/380/10 128/383/10 126/377/10 125/374/10
f 126/378/31 121/363/31 122/366/31 125/375/31
f 127/381/32 124/372/32 123/369/32 128/384/32
f 132/394/25 135/403/25 133/397/25 130/388/25
f 131/391/32 132/395/32 130/389/32 129/385/32
f 136/406/27 131/392/27 129/386/27 134/400/27
f 135/404/31 136/407/31 134/401/31 133/398/31
f 134/402/8 129/387/8 130/390/8 133/399/8
f 135/405/10 132/396/10 131/393/10 136/408/10
f 140/418/25 143/427/25 141/421/25 138/412/25
f 139/415/26 140/419/26 138/413/26 137/409/26
f 144/430/27 139/416/27 137/410/27 142/424/27
f 143/428/28 144/431/28 142/425/28 141/422/28
f 142/426/29 137/411/29 138/414/29 141/423/29
f 143/429/30 140/420/30 139/417/30 144/432/30
f 148/442/25 151/451/25 149/445/25 146/436/25
f 147/439/8 148/443/8 146/437/8 145/433/8
f 152/454/27 147/440/27 145/434/27 150/448/27
f 151/452/10 152/455/10 150/449/10 149/446/10
f 150/450/31 145/435/31 146/438/31 149/447/31
f 151/453/32 148/444/32 147/441/32 152/456/32
f 156/466/25 159/475/25 157/469/25 154/460/25
f 155/463/8 156/467/8 154/461/8 153/457/8
f 160/478/27 155/464/27 153/458/27 158/472/27
f 159/476/10 160/479/10 158/473/10 157/470/10
f 158/474/31 153/459/31 154/462/31 157/471/31
f 159/477/32 156/468/32 155/465/32 160/480/32
f 164/490/25 167/499/25 165/493/25 162/484/25
f 163/487/32 164/491/32 162/485/32 161/481/32
f 168/502/27 163/488/27 161/482/27 166/496/27
f 167/500/31 168/503/31 166/497/31 165/494/31
f 166/498/8 161/483/8 162/486/8 165/495/8
f 167/501/10 164/492/10 163/489/10 168/504/10
f 172/514/25 175/523/25 173/517/25 170/508/25
f 171/511/30 172/515/30 170/509/30 169/505/30
f 176/526/27 171/512/27 169/506/27 174/520/27
f 175/524/29 176/527/29 174/521/29 173/518/29
f 174/522/26 169/507/26 170/510/26 173/519/26
f 175/525/28 172/516/28 171/513/28 176/528/28
f 180/538/25 183/547/25 181/541/25 178/532/25
f 179/535/32 180/539/32 178/533/32 177/529/32
f 184/550/27 179/536/27 177/530/27 182/544/27
f 183/548/31 184/551/31 182/545/31 181/542/31
f 182/546/8 177/531/8 178/534/8 181/543/8
f 183/549/10 180/540/10 179/537/10 184/552/10
f 188/562/25 191/571/25 189/565/25 186/556/25
f 187/559/30 188/563/30 186/557/30 185/553/30
f 192/574/27 187/560/27 185/554/27 190/568/27
f 191/572/29 192/575/29 190/569/29 189/566/29
f 190/570/26 185/555/26 186/558/26 189/567/26
f 191/573/28 188/564/28 187/561/28 192/576/28
o turret
v -1.033533 1.020845 1.012621
v -0.921185 1.265271 0.885459
v -1.156968 1.028591 0.918456
v -1.044620 1.273017 0.791295
v -0.963997 1.316329 0.945778
v -1.076344 1.071903 1.072939
v -1.087431 1.324075 0.851613
v -1.199779 1.079649 0.978775
v -1.005119 0.897378 -0.682348
v -0.997157 0.881455 0.229881
v -1.116041 0.897361 -0.681380
v -1.108079 0.881438 0.230849
v -0.997157 0.729308 0.227225
v -1.005119 0.745231 -0.685004
v -1.108079 0.729291 0.228193
v -1.116041 0.745214 -0.684036
v -1.030323 0.882230 0.152544
v -0.380370 0.871084 0.791155
v -1.107267 0.880864 0.230832
v -0.457314 0.869717 0.869442
v -0.380370 0.720085 0.788519
v -1.030323 0.731232 0.149909
v -0.457314 0.718718 0.866805
v -1.107267 0.729865 0.228196
v 0.435847 0.908269 -1.339213
v 1.085800 0.897122 -0.700603
v 0.358902 0.906902 -1.260925
v 1.008855 0.895756 -0.622315
v 1.085800 0.746123 -0.703238
v 0.435847 0.757270 -1.341849
v 1.008855 0.744757 -0.624951
v 0.358902 0.755903 -1.263561
v 1.093761 0.881199 0.211627
v 0.455054 0.869856 0.861481
v 1.015462 0.882542 0.134694
v 0.376754 0.871199 0.784548
v 0.455054 0.718857 0.858846
v 1.093761 0.730200 0.208992
v 0.376754 0.720200 0.781913
v 1.015462 0.731543 0.132059
v 1.086611 0.897696 -0.700599
v 1.094573 0.881773 0.211630
v 0.975689 0.897679 -0.699632
v 0.983651 0.881756 0.212598
v 1.094573 0.729627 0.208974
v 1.086611 0.745550 -0.703255
v 0.983651 0.729610 0.209942
v 0.975689 0.745533 -0.702287
v 0.455061 0.870416 0.862303
v -0.457308 0.870277 0.870263
v 0.454093 0.872352 0.751398
v -0.458276 0.872213 0.759358
v -0.457308 0.718130 0.867608
v 0.455061 0.718269 0.859647
v -0.458276 0.720066 0.756703
v 0.454093 0.720205 0.748742
v 0.436807 0.906921 -1.229109
v -0.475561 0.906782 -1.221148
v 0.435839 0.908857 -1.340014
v -0.476529 0.908718 -1.332053
v -0.475561 0.754635 -1.223804
v 0.436807 0.754774 -1.231766
v -0.476529 0.756571 -1.334710
v 0.435839 0.756710 -1.342671
v -0.398223 0.906788 -1.254319
v -1.036930 0.895444 -0.604465
v -0.476523 0.908131 -1.331252
v -1.115230 0.896787 -0.681398
v -1.036930 0.744445 -0.607100
v -0.398223 0.755788 -1.256955
v -1.115230 0.745788 -0.684033
v -0.476523 0.757131 -1.333889
v -0.125411 1.360919 -1.292705
v -0.125411 1.360920 -0.890955
v -0.125411 0.040886 -1.292705
v -0.125411 0.040886 -0.890955
v 0.085545 1.360920 -0.890955
v 0.085545 1.360919 -1.292704
v 0.085545 0.040886 -0.890955
v 0.085545 0.040886 -1.292705
v -0.988090 1.608428 -0.714492
v -0.984713 1.601676 -0.327617
v -1.123779 1.608408 -0.713308
v -1.120402 1.601655 -0.326433
v -0.984713 1.008307 -0.337975
v -0.988090 1.015060 -0.724849
v -1.120402 1.008286 -0.336791
v -1.123779 1.015039 -0.723665
v -0.457478 1.596981 -0.058635
v -0.844411 1.596922 -0.055259
v -0.458577 1.599180 -0.184637
v -0.845511 1.599121 -0.181260
v -0.844411 1.363079 -0.059341
v -0.457478 1.363138 -0.062717
v -0.845511 1.365279 -0.185342
v -0.458577 1.365337 -0.188718
v -0.464446 1.610916 -0.856966
v -0.851379 1.610856 -0.853589
v -0.465630 1.613284 -0.992633
v -0.852563 1.613224 -0.989257
v -0.851379 1.308153 -0.858873
v -0.464446 1.308212 -0.862249
v -0.852563 1.310521 -0.994541
v -0.465630 1.310580 -0.997917
v -0.756591 1.610991 -0.894165
v -1.027002 1.606188 -0.619035
v -0.852556 1.612636 -0.988456
v -1.122967 1.607834 -0.713325
v -1.027002 1.013967 -0.629372
v -0.756591 1.018770 -0.904503
v -1.122967 1.015613 -0.723662
v -0.852556 1.020415 -0.998793
v -0.189639 1.608550 -0.721459
v -0.186262 1.601797 -0.334584
v -0.348283 1.608526 -0.720075
v -0.344907 1.601773 -0.333200
v -0.186262 1.366453 -0.338692
v -0.189639 1.373206 -0.725567
v -0.344907 1.366429 -0.337308
v -0.348283 1.373182 -0.724182
v -0.465622 1.612695 -0.991832
v -0.190450 1.607976 -0.721462
v -0.559927 1.611021 -0.895881
v -0.284755 1.606301 -0.625511
v -0.190450 1.373780 -0.725550
v -0.465622 1.378499 -0.995919
v -0.284755 1.372105 -0.629599
v -0.559927 1.376824 -0.899969
v -1.025286 1.602756 -0.422401
v -0.750114 1.598037 -0.152031
v -1.119590 1.601081 -0.326450
v -0.844418 1.596362 -0.056081
v -0.750114 1.304213 -0.157159
v -1.025286 1.308932 -0.427529
v -0.844418 1.302538 -0.061209
v -1.119590 1.307257 -0.331579
v -0.187074 1.601223 -0.334587
v -0.457485 1.596421 -0.059457
v -0.283039 1.602869 -0.428877
v -0.553450 1.598067 -0.153747
v -0.457485 1.363659 -0.063520
v -0.187074 1.368461 -0.338650
v -0.553450 1.365305 -0.157810
v -0.283039 1.370107 -0.432940
v 0.484971 0.953596 -1.253288
v -0.524112 0.953442 -1.244484
v 0.483433 0.956672 -1.429514
v -0.525650 0.956519 -1.420710
v -0.524112 0.783439 -1.247452
v 0.484971 0.783592 -1.256256
v -0.525650 0.786515 -1.423678
v 0.483433 0.786668 -1.432482
v -0.399933 0.954362 -1.297186
v -1.107236 0.941801 -0.577540
v -0.525650 0.956518 -1.420710
v -1.232953 0.943957 -0.701063
v -1.107236 0.771797 -0.580507
v -0.399933 0.784359 -1.300153
v -1.232953 0.773953 -0.704030
v -0.525650 0.786515 -1.423678
v 1.211995 0.926717 0.286611
v 0.504693 0.914156 1.006258
v 1.086278 0.928873 0.163088
v 0.378976 0.916312 0.882735
v 0.504693 0.744152 1.003290
v 1.211995 0.756714 0.283644
v 0.378976 0.746309 0.879767
v 1.086278 0.758870 0.160121
v 1.203190 0.944328 -0.722319
v 1.211996 0.926718 0.286611
v 1.026937 0.944301 -0.720781
v 1.035743 0.926691 0.288149
v 1.211996 0.756714 0.283644
v 1.203190 0.774324 -0.725286
v 1.035743 0.756687 0.285181
v 1.026937 0.774298 -0.723748
v -1.077737 0.928947 0.158903
v -0.357981 0.916603 0.866098
v -1.224147 0.926346 0.307867
v -0.504390 0.914003 1.015062
v -0.357981 0.746599 0.863131
v -1.077737 0.758943 0.155936
v -0.504390 0.743999 1.012094
v -1.224147 0.756343 0.304900
v -1.056700 0.943984 -0.702600
v -1.047894 0.926373 0.306329
v -1.232953 0.943957 -0.701062
v -1.224147 0.926347 0.307867
v -1.047894 0.756370 0.303362
v -1.056700 0.773980 -0.705567
v -1.224147 0.756343 0.304900
v -1.232953 0.773953 -0.704030
v 0.504693 0.914156 1.006258
v -0.504391 0.914002 1.015062
v 0.502585 0.918371 0.764793
v -0.506498 0.918217 0.773598
v -0.504391 0.743999 1.012094
v 0.504693 0.744152 1.003290
v -0.506498 0.748213 0.770631
v 0.502585 0.748367 0.761826
v 0.483434 0.956672 -1.429514
v 1.203190 0.944328 -0.722319
v 0.359892 0.954478 -1.303816
v 1.079648 0.942134 -0.596621
v 1.203190 0.774324 -0.725286
v 0.483434 0.786668 -1.432482
v 1.079648 0.772130 -0.599588
v 0.359892 0.784474 -1.306784
v -0.411167 0.371924 0.744578
v -0.953106 0.371924 0.202638
v -0.171176 0.371924 0.504587
v -0.713116 0.371924 -0.037353
v -0.953106 0.032526 0.202637
v -0.411167 0.032526 0.744577
v -0.713116 0.032526 -0.037354
v -0.171176 0.032526 0.504586
v -0.953269 0.371992 -0.569273
v -0.411330 0.371992 -1.111212
v -0.713279 0.371992 -0.329282
v -0.171339 0.371992 -0.871222
v -0.411330 0.032594 -1.111212
v -0.953269 0.032594 -0.569273
v -0.171339 0.032594 -0.871222
v -0.713279 0.032594 -0.329283
v -0.407928 0.371418 -1.111809
v 0.357343 0.371418 -1.111809
v -0.407928 0.371418 -0.773559
v 0.357342 0.371418 -0.773559
v 0.357343 0.033168 -1.111809
v -0.407928 0.033168 -1.111809
v 0.357342 0.033168 -0.773560
v -0.407928 0.033168 -0.773560
v 0.360581 0.371924 -1.111050
v 0.902521 0.371924 -0.569109
v 0.120590 0.371924 -0.871058
v 0.662530 0.371925 -0.329119
v 0.902521 0.032526 -0.569109
v 0.360581 0.032526 -1.111050
v 0.662530 0.032526 -0.329119
v 0.120590 0.032526 -0.871058
v 0.902683 0.371992 0.202801
v 0.360744 0.371992 0.744741
v 0.662693 0.371992 -0.037189
v 0.120753 0.371992 0.504750
v 0.360744 0.032594 0.744740
v 0.902683 0.032594 0.202800
v 0.120753 0.032594 0.504750
v 0.662693 0.032594 -0.037190
v 0.903050 0.371350 -0.565871
v 0.903050 0.371350 0.199400
v 0.564800 0.371350 -0.565871
v 0.564800 0.371350 0.199400
v 0.903050 0.033100 0.199399
v 0.903050 0.033100 -0.565871
v 0.564800 0.033100 0.199399
v 0.564800 0.033100 -0.565871
v -0.953636 0.371350 0.199400
v -0.953636 0.371350 -0.565871
v -0.615386 0.371350 0.199400
v -0.615386 0.371350 -0.565871
v -0.953636 0.033100 -0.565871
v -0.953636 0.033100 0.199399
v -0.615386 0.033100 -0.565871
v -0.615386 0.033100 0.199399
v 0.357342 0.371418 0.745338
v -0.407929 0.371418 0.745338
v 0.357342 0.371418 0.407088
v -0.407929 0.371418 0.407088
v -0.407929 0.033168 0.745337
v 0.357342 0.033168 0.745337
v -0.407929 0.033168 0.407088
v 0.357342 0.033168 0.407088
v 0.819945 0.586945 -0.222336
v 0.819945 0.586945 -0.708607
v 0.819945 0.387987 -0.222336
v 0.819945 0.387987 -0.708607
v 0.308209 0.586945 -0.708607
v 0.308209 0.586945 -0.222336
v 0.308209 0.387987 -0.708607
v 0.308209 0.387987 -0.222336
v -0.402619 0.586945 -0.222336
v -0.402619 0.586945 -0.708607
v -0.402619 0.387987 -0.222336
v -0.402619 0.387987 -0.708607
v -0.885659 0.586945 -0.708607
v -0.885659 0.586945 -0.222336
v -0.885659 0.387987 -0.708607
v -0.885659 0.387987 -0.222336
v -0.402619 0.531724 -0.634554
v -0.402619 0.980194 -0.820316
v -0.402619 0.509761 -0.687578
v -0.402619 0.958231 -0.873340
v -0.884889 0.980194 -0.820316
v -0.884889 0.531724 -0.634554
v -0.884889 0.958231 -0.873340
v -0.884889 0.509761 -0.687578
v 0.819175 0.553687 -0.638922
v 0.819175 1.002157 -0.824685
v 0.819175 0.531724 -0.691946
v 0.819175 0.980194 -0.877709
v 0.308209 1.002157 -0.824685
v 0.308209 0.553687 -0.638922
v 0.308209 0.980194 -0.877709
v 0.308209 0.531724 -0.691946
v 0.946617 0.246159 -1.181115
v 0.946617 0.246159 0.711698
v -1.003589 0.246159 -1.181116
v -1.003589 0.246159 0.711698
v 0.946617 0.075129 0.711698
v 0.946617 0.075129 -1.181115
v -1.003589 0.075129 0.711698
v -1.003589 0.075129 -1.181116
v 1.142861 1.369222 0.415235
v 1.135428 1.332575 0.710426
v 0.990704 1.401023 0.415351
v 0.983271 1.364376 0.710543
v 1.117179 1.245298 0.699131
v 1.124612 1.281945 0.403940
v 0.965022 1.277098 0.699248
v 0.972455 1.313745 0.404056
v 0.826977 1.411913 0.630508
v 0.813788 1.347741 0.920757
v 0.674821 1.443714 0.630625
v 0.661631 1.379541 0.920873
v 0.795838 1.261926 0.900968
v 0.809027 1.326099 0.610719
v 0.643681 1.293726 0.901084
v 0.656870 1.357899 0.610836
v 1.298097 1.344165 0.232082
v 1.295958 1.332840 0.529409
v 1.147812 1.383879 0.232514
v 1.145672 1.372554 0.529841
v 1.273003 1.246012 0.525937
v 1.275142 1.257337 0.228610
v 1.122718 1.285726 0.526368
v 1.124857 1.297051 0.229041
v 0.971655 1.453817 0.238066
v 0.975568 1.394357 0.529588
v 0.821214 1.491705 0.247812
v 0.825127 1.432245 0.539335
v 0.952979 1.309060 0.512494
v 0.949066 1.368520 0.220971
v 0.802538 1.346948 0.522241
v 0.798625 1.406408 0.230718
v 0.423072 1.393294 0.791991
v 0.409882 1.329122 1.082239
v 0.268118 1.404789 0.787491
v 0.254929 1.340617 1.077739
v 0.403960 1.241611 1.062622
v 0.417150 1.305784 0.772374
v 0.249006 1.253107 1.058122
v 0.262196 1.317279 0.767874
v 0.425035 1.495985 0.485733
v 0.411845 1.431813 0.775981
v 0.270082 1.507481 0.481233
v 0.256892 1.443308 0.771481
v 0.405923 1.344302 0.756364
v 0.419113 1.408475 0.466116
v 0.250969 1.355797 0.751864
v 0.264159 1.419970 0.461616
v 0.262424 1.508049 0.481011
v 0.249234 1.443876 0.771259
v 0.107470 1.519544 0.476511
v 0.094280 1.455372 0.766759
v 0.243311 1.356366 0.751642
v 0.256501 1.420538 0.461393
v 0.088358 1.367861 0.747142
v 0.101547 1.432033 0.456893
v 0.089776 1.516738 0.471563
v 0.092160 1.452296 0.762041
v -0.065649 1.518537 0.473237
v -0.063265 1.454096 0.763716
v 0.090935 1.364558 0.742587
v 0.088551 1.428999 0.452108
v -0.064490 1.366357 0.744262
v -0.066874 1.430798 0.453783
v -0.068595 1.518386 0.473228
v -0.066211 1.453946 0.763707
v -0.223390 1.504314 0.471377
v -0.221006 1.439873 0.761856
v -0.058036 1.366579 0.744258
v -0.060420 1.431020 0.453779
v -0.212831 1.352506 0.742407
v -0.215215 1.416947 0.451928
v -0.233350 1.492624 0.468865
v -0.230966 1.428183 0.759344
v -0.386782 1.468046 0.464672
v -0.384398 1.403605 0.755151
v -0.216568 1.341597 0.740017
v -0.218952 1.406038 0.449539
v -0.369999 1.317019 0.735824
v -0.372384 1.381460 0.445345
v -0.394365 1.466831 0.464465
v -0.391981 1.402390 0.754944
v -0.547797 1.442253 0.460272
v -0.545413 1.377812 0.750751
v -0.377582 1.315804 0.735617
v -0.379966 1.380245 0.445138
v -0.531014 1.291226 0.731424
v -0.533398 1.355667 0.440945
v -0.332525 1.396076 1.003957
v -0.332201 1.208799 1.235178
v -0.487866 1.391551 1.000509
v -0.487542 1.204275 1.231731
v -0.328914 1.139006 1.178645
v -0.329238 1.326282 0.947423
v -0.484255 1.134481 1.175198
v -0.484578 1.321758 0.943976
v 0.130668 1.589856 0.122518
v 0.133052 1.525415 0.412996
v -0.024757 1.591655 0.124192
v -0.022373 1.527214 0.414671
v 0.131827 1.437676 0.393542
v 0.129443 1.502118 0.103063
v -0.023598 1.439476 0.395217
v -0.025982 1.503917 0.104738
v 0.945535 1.305586 1.006762
v 1.015206 1.047938 1.138290
v 0.806375 1.303295 1.075987
v 0.876045 1.045646 1.207515
v 0.981133 1.002999 1.068307
v 0.911463 1.260647 0.936780
v 0.841972 1.000707 1.137532
v 0.772302 1.258355 1.006004
v 0.463659 0.919190 1.197593
v 0.458030 1.191004 1.076673
v 0.308309 0.918354 1.202945
v 0.302680 1.190168 1.082025
v 0.460660 1.227566 1.158736
v 0.466290 0.955752 1.279656
v 0.305310 1.226729 1.164088
v 0.310940 0.954916 1.285009
v 1.085799 1.304117 0.885401
v 1.175019 1.047502 1.006747
v 0.960612 1.304167 0.977549
v 1.049831 1.047552 1.098895
v 1.129057 1.002007 0.944331
v 1.039837 1.258623 0.822985
v 1.003870 1.002057 1.036479
v 0.914650 1.258672 0.915133
v 0.781901 1.306810 1.075743
v 0.826924 1.047821 1.215148
v 0.635501 1.309448 1.127927
v 0.680525 1.050459 1.267332
v 0.799947 1.003597 1.141701
v 0.754924 1.262586 1.002296
v 0.653547 1.006235 1.193885
v 0.608524 1.265224 1.054480
v 0.674695 0.937014 1.317130
v 0.955193 0.933033 1.217928
v 0.643709 0.808947 1.234656
v 0.924208 0.804966 1.135455
v 0.931144 0.983959 1.147884
v 0.650645 0.987940 1.247086
v 0.900158 0.855892 1.065411
v 0.619660 0.859873 1.164613
v 1.041928 0.942771 1.164654
v 1.261444 0.940493 0.963797
v 0.980622 0.815860 1.099090
v 1.200139 0.813583 0.898235
v 1.212201 0.992387 0.909391
v 0.992684 0.994665 1.110247
v 1.150895 0.865477 0.843828
v 0.931378 0.867755 1.044685
v 1.296672 0.944957 0.917510
v 1.448899 0.963091 0.662491
v 1.235516 0.809695 0.871386
v 1.387743 0.827829 0.616368
v 1.380245 1.007040 0.624635
v 1.228018 0.988906 0.879654
v 1.319089 0.871779 0.578512
v 1.166862 0.853644 0.833530
v 1.462676 0.958638 0.590346
v 1.579623 0.969189 0.316945
v 1.395941 0.822378 0.556542
v 1.512888 0.832929 0.283141
v 1.506538 1.012325 0.287348
v 1.389591 1.001774 0.560749
v 1.439804 0.876065 0.253544
v 1.322857 0.865514 0.526945
v 1.232660 1.302832 0.754704
v 1.321879 1.046217 0.876050
v 1.107472 1.302881 0.846852
v 1.196692 1.046267 0.968198
v 1.275918 1.000723 0.813634
v 1.186698 1.257337 0.692288
v 1.150731 1.000772 0.905782
v 1.061511 1.257387 0.784436
v 1.330999 1.314405 0.626875
v 1.420218 1.057790 0.748221
v 1.205812 1.314455 0.719023
v 1.295031 1.057840 0.840369
v 1.374256 1.012295 0.685805
v 1.285037 1.268911 0.564459
v 1.249069 1.012345 0.777953
v 1.159850 1.268960 0.656607
v 0.311310 1.572093 0.130760
v 0.298120 1.507921 0.421009
v 0.156356 1.583588 0.126260
v 0.143167 1.519416 0.416509
v 0.292198 1.420410 0.401391
v 0.305388 1.484582 0.111143
v 0.137244 1.431905 0.396891
v 0.150434 1.496078 0.106643
v -0.024283 1.591650 0.124187
v -0.021899 1.527209 0.414666
v -0.179708 1.593449 0.125862
v -0.177324 1.529008 0.416341
v -0.023124 1.439470 0.395212
v -0.025508 1.503911 0.104733
v -0.178549 1.441270 0.396887
v -0.180933 1.505710 0.106408
v -0.365097 1.581231 0.124673
v -0.362713 1.516790 0.415152
v -0.518740 1.557960 0.120772
v -0.516356 1.493519 0.411251
v -0.349089 1.430083 0.395805
v -0.351473 1.494524 0.105326
v -0.502732 1.406812 0.391903
v -0.505116 1.471253 0.101424
v 0.627382 0.897941 1.186296
v 0.625874 1.172828 1.072405
v 0.472006 0.898963 1.190821
v 0.470498 1.173850 1.076930
v 0.628517 1.207227 1.155397
v 0.630025 0.932341 1.269288
v 0.473142 1.208250 1.159922
v 0.474650 0.933363 1.273813
v 1.372255 1.167744 0.593585
v 1.468961 1.169788 0.312196
v 1.426187 1.023007 0.611069
v 1.522893 1.025051 0.329680
v 1.389889 1.137013 0.284783
v 1.293183 1.134968 0.566173
v 1.443821 0.992276 0.302267
v 1.347115 0.990232 0.583656
v 1.442717 1.208097 0.068315
v 1.557720 0.933685 0.071259
v 1.442724 1.209767 0.223751
v 1.557727 0.935355 0.226694
v 1.474827 0.898949 0.071636
v 1.359823 1.173361 0.068693
v 1.474834 0.900619 0.227071
v 1.359831 1.175031 0.224128
v -1.095003 1.010893 1.042879
v -1.283420 1.011693 0.812587
v -1.035980 0.875609 0.994120
v -1.224398 0.876408 0.763828
v -1.344036 0.967427 0.862028
v -1.155618 0.966628 1.092320
v -1.285013 0.832143 0.813268
v -1.096596 0.831344 1.043559
v -0.782847 1.002104 1.209317
v -1.053420 1.001956 1.085518
v -0.751675 0.865825 1.141351
v -1.022248 0.865677 1.017552
v -1.086185 0.958721 1.157179
v -0.815611 0.958869 1.280978
v -1.055013 0.822443 1.089213
v -0.784439 0.822591 1.213012
v -1.318519 1.008204 0.767040
v -1.461322 1.011701 0.506020
v -1.252718 0.872546 0.729223
v -1.395522 0.876042 0.468203
v -1.530387 0.967832 0.543217
v -1.387583 0.964335 0.804237
v -1.464586 0.832174 0.505401
v -1.321783 0.828677 0.766420
v -1.477591 1.010564 0.450702
v -1.550386 1.017257 0.162271
v -1.405598 0.874457 0.429374
v -1.478393 0.881150 0.140943
v -1.626949 0.973890 0.180588
v -1.554154 0.967196 0.469019
v -1.554956 0.837783 0.159260
v -1.482161 0.831089 0.447690
v -1.317660 1.130322 0.561730
v -1.404407 1.142622 0.277371
v -1.372820 0.985378 0.572287
v -1.459567 0.997678 0.287929
v -1.484246 1.174881 0.303122
v -1.397499 1.162582 0.587481
v -1.539406 1.029937 0.313680
v -1.452659 1.017637 0.598038
v -1.415743 1.145123 0.252484
v -1.455274 1.138691 -0.042358
v -1.470903 1.000179 0.263042
v -1.510434 0.993746 -0.031801
v -1.538450 1.171106 -0.031913
v -1.498919 1.177537 0.262929
v -1.593610 1.026161 -0.021356
v -1.554079 1.032593 0.273487
v -1.258788 1.029694 0.727237
v -1.168275 1.292954 0.622175
v -1.371110 1.025462 0.619865
v -1.280597 1.288722 0.514803
v -1.224067 1.334770 0.678891
v -1.314580 1.071511 0.783953
v -1.336389 1.330538 0.571518
v -1.426902 1.067278 0.676580
v -1.167763 1.022993 0.879073
v -1.055416 1.267419 0.751911
v -1.291198 1.030740 0.784908
v -1.178850 1.275166 0.657746
v -1.098227 1.318478 0.812230
v -1.210575 1.074051 0.939391
v -1.221661 1.326224 0.718065
v -1.334009 1.081798 0.845226
v -0.904774 1.010839 1.092520
v -0.808120 1.271617 0.986743
v -1.034445 1.024578 1.007904
v -0.937790 1.285356 0.902127
v -0.848174 1.314163 1.055033
v -0.944829 1.053385 1.160810
v -0.977845 1.327902 0.970417
v -1.074499 1.067124 1.076194
v -0.766563 1.000960 1.178787
v -0.663101 1.254010 1.061323
v -0.896234 1.014699 1.094172
v -0.792772 1.267748 0.976707
v -0.701573 1.300619 1.127847
v -0.805035 1.047570 1.245312
v -0.831243 1.314358 1.043231
v -0.934706 1.061309 1.160696
v -1.473008 1.156486 -0.074538
v -1.409620 1.143033 -0.314557
v -1.523107 0.920431 -0.074538
v -1.459719 0.906979 -0.314557
v -1.556124 1.174126 -0.354990
v -1.619511 1.187579 -0.114971
v -1.606222 0.938071 -0.354990
v -1.669610 0.951524 -0.114971
v -0.203860 1.605651 0.128767
v -0.201476 1.541210 0.419246
v -0.357504 1.582381 0.124866
v -0.355119 1.517940 0.415345
v -0.187852 1.454503 0.399899
v -0.190236 1.518945 0.109420
v -0.341496 1.431233 0.395997
v -0.343880 1.495674 0.105519
v 0.278788 1.639756 -0.212751
v 0.265598 1.575584 0.077498
v 0.123834 1.651252 -0.217251
v 0.110644 1.587080 0.072998
v 0.259676 1.488073 0.057880
v 0.272865 1.552246 -0.232368
v 0.104722 1.499569 0.053380
v 0.117912 1.563741 -0.236868
v -1.440332 1.228531 -0.137533
v -1.393581 1.218609 -0.314557
v -1.456371 1.152955 -0.137533
v -1.409620 1.143033 -0.314557
v -1.540084 1.249702 -0.354990
v -1.586835 1.259624 -0.177967
v -1.556124 1.174126 -0.354990
v -1.602875 1.184048 -0.177967
v -1.473040 1.157005 -0.076225
v -1.441023 1.227851 -0.137751
v -1.468065 1.103108 -0.135697
v -1.436049 1.173954 -0.197224
v -1.586443 1.258714 -0.177885
v -1.618459 1.187868 -0.116359
v -1.581468 1.204817 -0.237358
v -1.613484 1.133970 -0.175831
v -1.370437 1.286661 0.225264
v -1.389949 1.291537 -0.071606
v -1.442527 1.148966 0.227741
v -1.462040 1.153842 -0.069129
v -1.469358 1.333218 -0.065702
v -1.449846 1.328342 0.231168
v -1.541449 1.195524 -0.063225
v -1.521937 1.190648 0.233645
v -1.278607 1.281558 0.512431
v -1.364099 1.291919 0.227616
v -1.347066 1.142864 0.527935
v -1.432557 1.153225 0.243119
v -1.440547 1.332383 0.252034
v -1.355056 1.322023 0.536850
v -1.509006 1.193689 0.267538
v -1.423515 1.183328 0.552354
v 1.367449 1.331632 0.552255
v 1.436262 1.322323 0.262921
v 1.408862 1.182523 0.566902
v 1.477675 1.173214 0.277568
v 1.352163 1.297081 0.243732
v 1.283350 1.306390 0.533066
v 1.393576 1.147972 0.258379
v 1.324763 1.157281 0.547713
v -0.733919 1.560204 -0.055103
v -0.731535 1.495764 0.235376
v -0.887351 1.535626 -0.059296
v -0.884967 1.471185 0.231183
v -0.717137 1.409177 0.216049
v -0.719521 1.473618 -0.074430
v -0.870569 1.384599 0.211856
v -0.872953 1.449040 -0.078623
v -0.914551 1.562755 -0.112581
v -0.905965 1.461449 0.167061
v -1.067982 1.538177 -0.116775
v -1.059397 1.436871 0.162868
v -0.891784 1.378145 0.136447
v -0.900369 1.479450 -0.143195
v -1.045215 1.353566 0.132254
v -1.053801 1.454872 -0.147389
v -0.574081 1.590322 -0.033023
v -0.571697 1.525881 0.257455
v -0.727513 1.565744 -0.037217
v -0.725129 1.501303 0.253262
v -0.557298 1.439295 0.238129
v -0.559682 1.503736 -0.052350
v -0.710730 1.414716 0.233935
v -0.713114 1.479158 -0.056543
v -0.570225 1.513574 0.275760
v -0.567841 1.449132 0.566239
v -0.723657 1.488995 0.271567
v -0.721273 1.424554 0.562046
v -0.553443 1.362546 0.546912
v -0.555827 1.426987 0.256433
v -0.706874 1.337968 0.542719
v -0.709259 1.402409 0.252240
v -0.883616 1.474850 0.177838
v -0.881232 1.410409 0.468317
v -1.037048 1.450272 0.173645
v -1.034664 1.385831 0.464123
v -0.866833 1.323823 0.448990
v -0.869217 1.388264 0.158511
v -1.020265 1.299245 0.444797
v -1.022649 1.363686 0.154318
v -0.721883 1.481213 0.269826
v -0.719498 1.416771 0.560305
v -0.875314 1.456634 0.265633
v -0.872930 1.392193 0.556111
v -0.705100 1.330185 0.540978
v -0.707484 1.394626 0.250499
v -0.858532 1.305607 0.536785
v -0.860916 1.370048 0.246306
v -1.149093 1.612046 -0.383241
v -1.129719 1.524760 -0.099442
v -1.271250 1.518138 -0.403785
v -1.251876 1.430853 -0.119985
v -1.074447 1.458167 -0.123696
v -1.093820 1.545452 -0.407496
v -1.196604 1.364259 -0.144240
v -1.215977 1.451545 -0.428039
v -1.282843 1.513546 -0.404405
v -1.263470 1.426261 -0.120606
v -1.384516 1.399387 -0.432576
v -1.365142 1.312102 -0.148776
v -1.195736 1.371251 -0.142148
v -1.215109 1.458537 -0.425948
v -1.297408 1.257092 -0.170319
v -1.316782 1.344378 -0.454118
v -1.214767 1.449229 -0.054766
v -1.204839 1.353170 0.226677
v -1.366242 1.414909 -0.061137
v -1.356314 1.318850 0.220306
v -1.184880 1.270451 0.197740
v -1.194808 1.366511 -0.083703
v -1.336355 1.236131 0.191370
v -1.346283 1.332191 -0.090073
v -1.059429 1.500258 -0.042829
v -1.049501 1.404199 0.238614
v -1.210903 1.465938 -0.049200
v -1.200975 1.369879 0.232244
v -1.029542 1.321481 0.209678
v -1.039470 1.417540 -0.071766
v -1.181017 1.287161 0.203307
v -1.190945 1.383220 -0.078136
v -1.040972 1.405079 0.297330
v -1.038587 1.340638 0.587808
v -1.194404 1.380501 0.293136
v -1.192019 1.316060 0.583615
v -1.024189 1.254052 0.568482
v -1.026573 1.318493 0.278003
v -1.177621 1.229473 0.564288
v -1.180005 1.293914 0.273809
v -0.880806 1.398894 0.520225
v -0.878422 1.334452 0.810704
v -1.034238 1.374315 0.516032
v -1.031854 1.309874 0.806511
v -0.864023 1.247866 0.791377
v -0.866408 1.312307 0.500898
v -1.017455 1.223288 0.787184
v -1.019839 1.287729 0.496705
v -0.731189 1.377337 0.614474
v -0.728804 1.312896 0.904953
v -0.884620 1.352759 0.610281
v -0.882236 1.288318 0.900759
v -0.714406 1.226310 0.885626
v -0.716790 1.290751 0.595147
v -0.867838 1.201732 0.881433
v -0.870222 1.266173 0.590954
v -0.554072 1.405710 0.619315
v -0.551688 1.341269 0.909793
v -0.707504 1.381131 0.615121
v -0.705120 1.316690 0.905600
v -0.537290 1.254682 0.890466
v -0.539674 1.319123 0.599988
v -0.690722 1.230104 0.886273
v -0.693106 1.294545 0.595794
v 0.167505 1.629689 -0.559304
v 0.170711 1.629644 -0.261771
v 0.012080 1.631488 -0.557629
v 0.015285 1.631443 -0.260096
v 0.169670 1.539772 -0.261773
v 0.166465 1.539817 -0.559306
v 0.014245 1.541571 -0.260098
v 0.011040 1.541616 -0.557631
v 0.441399 1.627693 -0.208028
v 0.428210 1.563520 0.082220
v 0.286446 1.639189 -0.212528
v 0.273256 1.575016 0.077720
v 0.422287 1.476010 0.062603
v 0.435477 1.540182 -0.227646
v 0.267334 1.487505 0.058103
v 0.280523 1.551678 -0.232146
v -0.056904 1.657278 -0.218028
v -0.054520 1.592837 0.072451
v -0.212329 1.659077 -0.216353
v -0.209945 1.594636 0.074126
v -0.055745 1.505099 0.052997
v -0.058130 1.569540 -0.237482
v -0.211171 1.506898 0.054672
v -0.213555 1.571339 -0.235807
v 0.106202 1.655390 -0.219785
v 0.108586 1.590949 0.070694
v -0.049223 1.657189 -0.218110
v -0.046839 1.592748 0.072368
v 0.107361 1.503210 0.051239
v 0.104977 1.567652 -0.239239
v -0.048064 1.505010 0.052914
v -0.050448 1.569451 -0.237565
v 1.219960 1.363794 -0.093783
v 1.413977 1.316734 0.126850
v 1.110011 1.398811 0.010371
v 1.304028 1.351752 0.231004
v 1.389439 1.230328 0.129998
v 1.195422 1.277388 -0.090636
v 1.279490 1.265346 0.234152
v 1.085474 1.312405 0.013518
v 1.126856 1.413406 0.099678
v 1.119423 1.376759 0.394869
v 0.974699 1.445206 0.099794
v 0.967266 1.408559 0.394986
v 1.101174 1.289481 0.383574
v 1.108607 1.326128 0.088383
v 0.949017 1.321281 0.383691
v 0.956450 1.357928 0.088499
v 0.989006 1.389848 0.616270
v 0.975816 1.325675 0.906518
v 0.836849 1.421648 0.616386
v 0.823660 1.357475 0.906635
v 0.957866 1.239860 0.886729
v 0.971056 1.304033 0.596481
v 0.805709 1.271660 0.886846
v 0.818899 1.335832 0.596597
v 0.388604 0.741129 -0.098616
v 0.388604 0.741129 0.446071
v 0.997277 0.741129 -0.098616
v 0.997277 0.741129 0.446071
v 0.388604 1.349465 0.446070
v 0.388604 1.349465 -0.098616
v 0.997277 1.349465 0.446071
v 0.997277 1.349465 -0.098616
v -1.028074 0.751154 0.087882
v -1.028074 0.751154 0.300995
v -0.482088 0.751154 0.087883
v -0.482088 0.751154 0.300995
v -1.028074 1.348103 0.300995
v -1.028074 1.348103 0.087882
v -0.482088 1.348103 0.300995
v -0.482088 1.348103 0.087882
v 0.503390 0.970700 -0.156009
v 0.503390 0.970700 -0.099764
v 0.882492 0.970700 -0.156009
v 0.882492 0.970700 -0.099764
v 0.503390 1.177287 -0.099764
v 0.503390 1.177287 -0.156009
v 0.882492 1.177287 -0.099764
v 0.882492 1.177287 -0.156009
v 0.313109 1.552916 -0.111273
v 0.313109 1.566581 -0.894163
v 0.313109 1.487675 -0.112412
v 0.313109 1.501341 -0.895301
v -0.437275 1.566581 -0.894163
v -0.437275 1.552916 -0.111273
v -0.437275 1.501341 -0.895302
v -0.437275 1.487675 -0.112412
v 0.420620 2.080528 -1.155748
v 0.420578 2.079562 -1.266259
v 0.420620 1.808055 -1.153367
v 0.420578 1.807090 -1.263879
v 0.341141 2.079563 -1.266229
v 0.341184 2.080528 -1.155717
v 0.341141 1.807090 -1.263849
v 0.341184 1.808056 -1.153337
v 0.408912 2.199345 -1.172901
v 0.408882 2.198661 -1.251175
v 0.408912 1.423221 -1.166122
v 0.408882 1.422537 -1.244395
v 0.345178 2.198661 -1.251151
v 0.345207 2.199345 -1.172877
v 0.345178 1.422538 -1.244371
v 0.345207 1.423221 -1.166097
v 0.458756 1.555256 -1.168338
v 0.458719 1.554421 -1.263890
v 0.458756 1.500366 -1.167858
v 0.458719 1.499531 -1.263410
v 0.343624 1.554422 -1.263846
v 0.343661 1.555256 -1.168294
v 0.343624 1.499531 -1.263367
v 0.343661 1.500366 -1.167814
v -0.281808 1.735155 -1.346041
v -0.281808 1.735155 -1.392079
v -0.281808 1.407089 -1.346041
v -0.281808 1.407089 -1.392079
v -0.327846 1.735155 -1.392079
v -0.327846 1.735155 -1.346041
v -0.327846 1.407089 -1.392079
v -0.327846 1.407089 -1.346041
v -0.257339 1.637279 -1.321572
v -0.257339 1.637279 -1.408392
v -0.257339 1.407089 -1.321572
v -0.257339 1.407089 -1.408392
v -0.352315 1.637279 -1.408392
v -0.352315 1.637279 -1.321572
v -0.352315 1.407089 -1.408392
v -0.352315 1.407089 -1.321572
v -0.297154 5.012066 -1.361388
v -0.297154 5.012066 -1.376734
v -0.297154 1.535657 -1.361387
v -0.297154 1.535657 -1.376733
v -0.312500 5.012066 -1.376734
v -0.312500 5.012066 -1.361388
v -0.312500 1.535657 -1.376733
v -0.312500 1.535657 -1.361387
v 0.247858 0.961474 1.218070
v 0.247858 1.229716 1.098640
v 0.247858 0.944886 1.180814
v 0.247858 1.213129 1.061384
v -0.274148 1.229716 1.098640
v -0.274148 0.961474 1.218070
v -0.274148 1.213129 1.061384
v -0.274148 0.944886 1.180814
v 0.295811 1.439631 -1.984911
v 0.295811 1.432940 -2.138157
v 0.295811 1.267617 -1.977401
v 0.295811 1.260926 -2.130646
v 0.066240 1.432940 -2.138157
v 0.066240 1.439631 -1.984911
v 0.066240 1.260926 -2.130646
v 0.066240 1.267617 -1.977401
v -0.300203 0.871518 1.215068
v -0.299209 1.018281 1.211356
v -0.208210 0.862210 0.871745
v -0.207215 1.008974 0.868032
v -0.968874 1.018281 1.031920
v -0.969869 0.871518 1.035632
v -0.876881 1.008974 0.688596
v -0.877876 0.862210 0.692308
v -0.299209 1.018281 1.211356
v -0.273450 1.241817 1.115223
v -0.289566 1.001694 1.175370
v -0.263807 1.225230 1.079237
v -0.943115 1.241817 0.935786
v -0.968874 1.018281 1.031920
v -0.933473 1.225230 0.899800
v -0.959232 1.001694 0.995933
v -0.273450 1.241817 1.115223
v -0.205559 1.262461 0.861851
v -0.272971 1.218326 1.113437
v -0.205080 1.238970 0.860065
v -0.851589 1.262461 0.688747
v -0.919480 1.241817 0.942120
v -0.851111 1.238970 0.686961
v -0.919002 1.218326 0.940334
v 0.576454 1.625230 -1.238743
v 0.582543 1.625230 -1.345992
v 0.473533 1.522144 -1.244587
v 0.479623 1.522144 -1.351836
v 0.479623 1.728317 -1.351836
v 0.473533 1.728317 -1.244587
v 0.376702 1.625230 -1.357681
v 0.370612 1.625230 -1.250432
v 0.313109 1.423440 0.428034
v 0.313109 1.552916 -0.111273
v 0.313109 1.359992 0.412801
v 0.313109 1.489468 -0.126505
v -0.339399 1.552916 -0.111273
v -0.339399 1.423440 0.428034
v -0.339399 1.489468 -0.126505
v -0.339399 1.359992 0.412801
v 0.313108 1.285403 0.898181
v 0.313109 1.399647 0.422322
v 0.313108 1.245748 0.888660
v 0.313109 1.359992 0.412801
v -0.339399 1.399647 0.422322
v -0.339399 1.285403 0.898181
v -0.339399 1.359992 0.412801
v -0.339399 1.245748 0.888660
v 0.955703 1.175227 0.871730
v 0.955703 1.289471 0.395871
v 0.952608 1.158159 0.867632
v 0.952608 1.272402 0.391773
v 0.313108 1.399647 0.422322
v 0.313108 1.285403 0.898181
v 0.310013 1.382578 0.418224
v 0.310013 1.268335 0.894083
v 0.950149 1.286114 0.395065
v 0.950149 1.415590 -0.144242
v 0.940995 1.245963 0.385426
v 0.940995 1.375439 -0.153881
v 0.313108 1.552916 -0.111273
v 0.313108 1.423440 0.428034
v 0.303954 1.512766 -0.120912
v 0.303954 1.383290 0.418395
v -0.339399 1.285403 0.898181
v -0.339399 1.399647 0.422322
v -0.337406 1.274411 0.895542
v -0.337406 1.388655 0.419683
v -0.981993 1.289471 0.395871
v -0.981993 1.175227 0.871730
v -0.980000 1.278479 0.393232
v -0.980000 1.164235 0.869091
v -0.339399 1.423440 0.428034
v -0.339399 1.552916 -0.111273
v -0.325276 1.361496 0.413162
v -0.325276 1.490972 -0.126144
v -0.976439 1.415590 -0.144242
v -0.976439 1.286114 0.395065
v -0.962316 1.353646 -0.159113
v -0.962316 1.224170 0.380193
v 0.942584 1.018281 1.031920
v 0.916825 1.241817 0.935787
v 0.932941 1.001694 0.995933
v 0.907182 1.225230 0.899800
v 0.247159 1.241817 1.115223
v 0.272918 1.018281 1.211356
v 0.237517 1.225230 1.079236
v 0.263275 1.001694 1.175370
v 0.943578 0.871518 1.035632
v 0.942584 1.018281 1.031920
v 0.856040 0.862661 0.708934
v 0.855045 1.009425 0.705222
v 0.272918 1.018281 1.211356
v 0.273913 0.871518 1.215068
v 0.185379 1.009425 0.884658
v 0.186374 0.862661 0.888370
v 0.893190 1.241817 0.942120
v 0.825299 1.262461 0.688747
v 0.892711 1.218326 0.940334
v 0.824820 1.238970 0.686961
v 0.179268 1.262461 0.861850
v 0.247159 1.241817 1.115223
v 0.178790 1.238970 0.860065
v 0.246681 1.218326 1.113437
v -0.323382 0.921319 -0.923797
v -0.323382 0.924825 -0.522063
v -0.323382 0.636290 -0.921310
v -0.323382 0.639795 -0.519576
v 0.291451 0.924825 -0.522063
v 0.291451 0.921319 -0.923797
v 0.291451 0.639795 -0.519576
v 0.291451 0.636290 -0.921310
v 1.040450 1.408146 -1.596534
v 0.701754 1.408146 -1.368081
v 1.038503 1.208678 -1.599420
v 0.699808 1.208678 -1.370967
v 1.375618 1.387111 -0.369037
v 1.714314 1.387111 -0.597490
v 1.373671 1.187644 -0.371923
v 1.712367 1.187644 -0.600376
v 0.905947 1.208933 -1.510004
v 0.699634 1.208933 -1.370845
v 0.903668 0.975413 -1.513384
v 0.697355 0.975413 -1.374224
v 1.373497 1.187899 -0.371801
v 1.579810 1.187899 -0.510961
v 1.371218 0.954378 -0.375180
v 1.577531 0.954378 -0.514340
v 1.038160 1.208527 -1.598499
v 0.883638 1.340102 -1.491502
v 0.902662 0.979004 -1.511937
v 0.748139 1.110579 -1.404940
v 1.556859 1.319088 -0.493410
v 1.711382 1.187513 -0.600407
v 1.421361 1.089564 -0.406848
v 1.575883 0.957990 -0.513845
v -0.323382 1.307763 -0.528339
v -0.323382 1.315326 0.338290
v -0.323382 0.636079 -0.522477
v -0.323382 0.643642 0.344151
v 0.291450 1.315326 0.338290
v 0.291451 1.307763 -0.528339
v 0.291450 0.643642 0.344151
v 0.291451 0.636079 -0.522477
v -0.380775 1.253529 -0.470471
v -0.380775 1.255582 -0.235138
v -0.380775 0.803013 -0.466539
v -0.380775 0.805067 -0.231207
v -0.208597 1.255582 -0.235138
v -0.208596 1.253529 -0.470471
v -0.208597 0.805067 -0.231207
v -0.208596 0.803013 -0.466539
v -0.918561 1.444887 -0.137209
v -0.835795 1.380022 -0.548096
v -0.912871 1.432916 -0.134173
v -0.830104 1.368052 -0.545060
v -1.240941 1.174943 -0.597331
v -1.323708 1.239808 -0.186444
v -1.235251 1.162973 -0.594295
v -1.318017 1.227838 -0.183408
v -0.265989 0.848137 -0.581723
v -0.265989 0.859657 0.738260
v -0.265989 0.578188 -0.579367
v -0.265989 0.589708 0.740616
v 0.234058 0.859657 0.738260
v 0.234058 0.848137 -0.581723
v 0.234058 0.589708 0.740616
v 0.234058 0.578188 -0.579367
v 0.136869 1.591554 -0.815499
v 0.136869 1.488787 -1.199031
v 0.136869 1.465737 -0.781786
v 0.136869 1.362970 -1.165318
v -0.177785 1.488787 -1.199031
v -0.177785 1.591554 -0.815499
v -0.177785 1.362970 -1.165318
v -0.177785 1.465737 -0.781786
v 1.169783 1.595480 0.185826
v 1.175873 1.595480 0.293075
v 1.066862 1.492393 0.191670
v 1.072952 1.492393 0.298919
v 1.278794 1.492393 0.287231
v 1.272704 1.492393 0.179982
v 1.175873 1.389306 0.293075
v 1.169783 1.389306 0.185826
v 1.289016 1.508706 0.236110
v 1.289016 1.508706 0.212607
v 1.289016 1.192058 0.236110
v 1.289016 1.192058 0.212607
v 1.264125 1.508706 0.212607
v 1.264125 1.508706 0.236110
v 1.264125 1.192058 0.212607
v 1.264125 1.192058 0.236110
v 1.256434 1.126502 -0.254378
v 0.951136 1.242615 -0.929941
v 1.205068 1.103422 -0.235131
v 0.899770 1.219535 -0.910695
v 0.902343 1.390841 -0.882415
v 1.207641 1.274728 -0.206851
v 0.850977 1.367761 -0.863168
v 1.156275 1.251648 -0.187605
v 1.207642 1.274728 -0.206851
v 0.902344 1.390841 -0.882415
v 1.197027 1.248068 -0.206636
v 0.891729 1.364181 -0.882200
v 0.684341 1.478554 -0.768820
v 0.989639 1.362442 -0.093256
v 0.673726 1.451894 -0.768605
v 0.979024 1.335781 -0.093042
v -0.241523 1.566581 -0.894163
v -0.241522 1.446122 -1.300826
v -0.235708 1.548899 -0.888925
v -0.235708 1.428439 -1.295589
v -0.646022 1.323835 -1.264604
v -0.646022 1.444295 -0.857940
v -0.640208 1.306153 -1.259366
v -0.640208 1.426613 -0.852702
v 0.619732 1.444295 -0.857940
v 0.619732 1.323835 -1.264604
v 0.600111 1.384627 -0.840265
v 0.600111 1.264167 -1.246929
v 0.215233 1.446122 -1.300827
v 0.215233 1.566581 -0.894163
v 0.195611 1.386454 -1.283152
v 0.195611 1.506913 -0.876488
v 1.290183 1.243470 -0.185564
v 1.116986 1.121335 -1.102044
v 1.274704 1.211154 -0.178332
v 1.101507 1.089019 -1.094812
v 0.776953 1.293455 -1.060722
v 0.950149 1.415590 -0.144242
v 0.761474 1.261139 -1.053490
v 0.934670 1.383274 -0.137010
v 0.950149 1.415590 -0.144242
v 0.920018 1.378378 -0.565660
v 0.941468 1.373495 -0.139904
v 0.911337 1.336284 -0.561323
v 0.282504 1.513319 -0.531994
v 0.312635 1.550530 -0.110576
v 0.273823 1.471225 -0.527657
v 0.303954 1.508436 -0.106238
v -0.976439 1.285619 0.397125
v -0.976439 1.415590 -0.144242
v -0.946310 1.229340 0.383613
v -0.946310 1.359311 -0.157754
v -1.323708 1.239808 -0.186444
v -1.323708 1.109837 0.354923
v -1.293578 1.183529 -0.199955
v -1.293579 1.053558 0.341412
v -0.324817 1.195839 -0.528797
v -0.324817 1.200847 0.045109
v -0.324817 0.859890 -0.525865
v -0.324817 0.864899 0.048041
v 0.119272 1.200847 0.045109
v 0.119272 1.195839 -0.528797
v 0.119272 0.864899 0.048041
v 0.119272 0.859890 -0.525865
v -0.441839 1.007596 0.375434
v -0.441839 1.007596 1.214516
v -0.464525 0.984910 0.375434
v -0.464525 0.984910 1.214516
v -0.419153 0.984910 1.214516
v -0.419153 0.984910 0.375434
v -0.441839 0.962224 1.214516
v -0.441839 0.962224 0.375434
v -0.486834 1.011396 -0.241538
v -0.486834 1.011396 0.375434
v -0.486834 0.912681 -0.241538
v -0.486834 0.912681 0.375434
v -0.388118 1.011396 0.375434
v -0.388118 1.011396 -0.241538
v -0.388118 0.912681 0.375434
v -0.388118 0.912681 -0.241538
v -0.399597 1.034353 -0.258756
v -0.399597 1.034353 -0.201364
v -0.399597 0.889723 -0.258756
v -0.399597 0.889723 -0.201364
v -0.342204 1.034353 -0.201364
v -0.342204 1.034353 -0.258756
v -0.342204 0.889723 -0.201364
v -0.342204 0.889723 -0.258756
v -0.525861 1.034353 -0.258756
v -0.525861 1.034353 -0.201363
v -0.525861 0.889723 -0.258756
v -0.525861 0.889723 -0.201363
v -0.468468 1.034353 -0.201363
v -0.468468 1.034353 -0.258756
v -0.468468 0.889723 -0.201363
v -0.468468 0.889723 -0.258756
v -0.466460 1.008756 0.375434
v -0.466460 1.008756 0.809782
v -0.466460 0.920084 0.375434
v -0.466460 0.920084 0.809782
v -0.418537 1.008756 0.809782
v -0.418537 1.008756 0.375434
v -0.418537 0.920084 0.809782
v -0.418537 0.920084 0.375434
v -0.486834 1.063222 -0.118144
v -0.486834 1.063222 0.276718
v -0.486834 1.011396 -0.118144
v -0.486834 1.011396 0.276718
v -0.388118 1.063222 0.276718
v -0.388118 1.063222 -0.118144
v -0.388118 1.011396 0.276718
v -0.388118 1.011396 -0.118144
v -0.441839 1.014576 1.214516
v -0.441839 1.014576 1.313231
v -0.471505 0.984910 1.214516
v -0.471505 0.984910 1.313231
v -0.412173 0.984910 1.313231
v -0.412173 0.984910 1.214516
v -0.441839 0.955244 1.313231
v -0.441839 0.955244 1.214516
v 0.215233 1.566581 -0.894163
v 0.215233 1.371993 -1.551081
v 0.215233 1.506049 -0.876232
v 0.215233 1.311460 -1.533151
v -0.241522 1.371993 -1.551082
v -0.241523 1.566581 -0.894163
v -0.241522 1.311460 -1.533151
v -0.241523 1.506049 -0.876232
v 1.297418 1.096934 0.408670
v 1.297418 1.239808 -0.186443
v 1.280539 1.065405 0.401101
v 1.280539 1.208279 -0.194013
v 0.950149 1.415590 -0.144242
v 0.950149 1.272716 0.450872
v 0.933270 1.384061 -0.151811
v 0.933270 1.241187 0.443303
v -0.595827 1.319348 1.247475
v -0.595827 1.319348 0.975294
v -0.595827 1.236153 1.247475
v -0.595827 1.236153 0.975294
v -0.687178 1.319348 0.975294
v -0.687178 1.319348 1.247474
v -0.687178 1.236153 0.975294
v -0.687178 1.236153 1.247475
v -0.638400 1.378516 1.467696
v -0.638400 1.378516 1.244453
v -0.412318 1.152434 1.467696
v -0.412318 1.152434 1.244453
v -0.864483 1.152434 1.244453
v -0.864483 1.152434 1.467696
v -0.638400 0.926351 1.244453
v -0.638400 0.926351 1.467696
v 0.592722 1.422230 -2.068939
v 0.592722 1.290554 -1.880885
v 0.592722 1.234177 -2.200615
v 0.592722 1.102500 -2.012562
v 0.678811 1.290554 -1.880885
v 0.678811 1.422230 -2.068939
v 0.678811 1.102500 -2.012562
v 0.678811 1.234177 -2.200615
v -0.618771 1.289292 -1.865763
v -0.618771 1.289183 -1.509422
v -0.618771 1.043257 -1.865838
v -0.618771 1.043149 -1.509497
v 0.591505 1.289183 -1.509422
v 0.591505 1.289292 -1.865763
v 0.591505 1.043149 -1.509497
v 0.591505 1.043257 -1.865838
v -0.619105 1.478574 -2.007655
v -0.619105 1.478421 -1.505527
v -0.619105 1.289166 -2.007713
v -0.619105 1.289013 -1.505585
v -0.413929 1.478421 -1.505527
v -0.413929 1.478574 -2.007655
v -0.413929 1.289013 -1.505585
v -0.413929 1.289166 -2.007713
v 0.418954 1.478574 -2.007655
v 0.418954 1.478421 -1.505527
v 0.418954 1.289166 -2.007713
v 0.418954 1.289013 -1.505585
v 0.591505 1.478421 -1.505527
v 0.591506 1.478574 -2.007655
v 0.591505 1.289013 -1.505585
v 0.591506 1.289166 -2.007713
v -0.618573 1.288041 -2.003521
v -0.618573 1.369332 -1.862622
v -0.618573 1.047450 -1.864713
v -0.618573 1.128741 -1.723814
v 0.591307 1.369332 -1.862622
v 0.591307 1.288041 -2.003520
v 0.591307 1.128741 -1.723814
v 0.591307 1.047450 -1.864713
v -0.792039 1.412405 -2.067207
v -0.792039 1.284775 -1.884932
v -0.792039 1.236416 -2.190436
v -0.792039 1.108785 -2.008161
v -0.722982 1.284775 -1.884932
v -0.722982 1.412405 -2.067207
v -0.722982 1.108785 -2.008161
v -0.722982 1.236416 -2.190436
v -0.740210 1.375945 -2.055268
v -0.740210 1.279122 -1.916991
v -0.740210 1.237668 -2.152092
v -0.740210 1.140845 -2.013814
v 0.611685 1.279122 -1.916991
v 0.611685 1.375945 -2.055268
v 0.611685 1.140845 -2.013814
v 0.611685 1.237668 -2.152092
v -0.413595 1.521210 -2.007716
v -0.413595 1.521210 -1.651376
v -0.413595 1.321712 -2.007716
v -0.413595 1.321712 -1.651376
v 0.386329 1.521210 -1.651375
v 0.386329 1.521210 -2.007716
v 0.386329 1.321712 -1.651375
v 0.386329 1.321712 -2.007716
v -0.968448 1.018281 1.029509
v -0.895071 1.241817 0.962271
v -0.940980 1.001694 1.004339
v -0.867603 1.225230 0.937101
v -1.297326 1.241817 0.523286
v -1.370703 1.018281 0.590524
v -1.269858 1.225230 0.498117
v -1.343235 1.001694 0.565354
v -0.969752 0.871518 1.033279
v -0.966918 1.018281 1.030682
v -0.707698 0.862210 0.793150
v -0.704864 1.008974 0.790554
v -1.374684 1.018281 0.585684
v -1.377517 0.871517 0.588281
v -1.112630 1.008974 0.345556
v -1.115463 0.862210 0.348152
v 1.351227 0.871517 0.588281
v 1.348393 1.018281 0.585685
v 1.084943 0.862060 0.344277
v 1.082109 1.008824 0.341680
v 0.940628 1.018281 1.030683
v 0.943461 0.871518 1.033279
v 0.674344 1.008824 0.786678
v 0.677177 0.862060 0.789275
v 1.344413 1.018281 0.590525
v 1.271035 1.241817 0.523287
v 1.316945 1.001694 0.565355
v 1.243567 1.225230 0.498117
v 0.868780 1.241817 0.962271
v 0.942157 1.018281 1.029509
v 0.841312 1.225230 0.937101
v 0.914689 1.001694 1.004339
v 1.254504 1.241817 0.541327
v 1.005086 1.277373 0.312778
v 1.251361 1.201259 0.538447
v 1.001943 1.236815 0.309898
v 0.641403 1.277373 0.709668
v 0.890821 1.241817 0.938217
v 0.638261 1.236815 0.706788
v 0.887679 1.201259 0.935337
v -0.917112 1.241817 0.938217
v -0.684527 1.274974 0.725092
v -0.913969 1.201259 0.935337
v -0.681384 1.234415 0.722212
v -1.048210 1.274974 0.328202
v -1.280795 1.241817 0.541327
v -1.045067 1.234415 0.325322
v -1.277652 1.201259 0.538447
v 1.346451 1.241817 -0.160512
v 1.010754 1.274420 -0.204707
v 1.342576 1.201223 -0.161022
v 1.006879 1.233826 -0.205217
v 0.918133 1.274420 0.498824
v 1.253829 1.241817 0.543019
v 0.914257 1.233826 0.498314
v 1.249954 1.201223 0.542509
v -1.280120 1.241817 0.543019
v -0.967079 1.272219 0.501806
v -1.276244 1.201223 0.542509
v -0.963204 1.231626 0.501296
v -1.059700 1.272219 -0.201725
v -1.372741 1.241817 -0.160512
v -1.055825 1.231626 -0.202235
v -1.368866 1.201223 -0.161022
v 1.028120 1.018281 -0.993268
v 0.939841 1.241817 -0.947312
v 0.981121 0.994691 -0.968802
v 0.892842 1.218226 -0.922847
v 1.361653 1.241817 -0.137019
v 1.449932 1.018281 -0.182974
v 1.314654 1.218226 -0.112553
v 1.402934 0.994691 -0.158508
v 1.453678 0.871517 -0.185613
v 1.449867 1.018281 -0.186115
v 1.203672 0.864914 -0.218528
v 1.199862 1.011678 -0.219029
v 1.347664 1.018281 0.590195
v 1.351474 0.871518 0.590696
v 1.097658 1.011678 0.557281
v 1.101468 0.864914 0.557783
v 1.450447 1.018281 -0.187954
v 1.351774 1.241817 -0.200945
v 1.413510 1.001694 -0.192817
v 1.314837 1.225230 -0.205807
v 1.249571 1.241817 0.575366
v 1.348244 1.018281 0.588356
v 1.212633 1.225230 0.570503
v 1.311307 1.001694 0.583493
v -1.374534 1.018281 0.588356
v -1.275861 1.241817 0.575365
v -1.337597 1.001694 0.583493
v -1.238924 1.225230 0.570502
v -1.378064 1.241817 -0.200945
v -1.476737 1.018281 -0.187954
v -1.341127 1.225230 -0.205808
v -1.439800 1.001694 -0.192817
v 0.951139 1.241817 -0.925608
v 0.914036 1.248069 -0.906293
v 0.945792 1.201483 -0.922825
v 0.908689 1.207734 -0.903510
v 1.309485 1.248069 -0.146643
v 1.346587 1.241817 -0.165958
v 1.304138 1.207734 -0.143860
v 1.341241 1.201483 -0.163174
v -0.015213 1.435190 -1.663753
v -0.227170 1.464217 -1.152043
v -0.016363 1.377876 -1.660978
v -0.228320 1.406903 -1.149268
v 0.360597 1.464217 -0.908582
v 0.572554 1.435190 -1.420292
v 0.359447 1.406903 -0.905807
v 0.571405 1.377876 -1.417517
v 0.585521 1.018384 -1.497695
v 0.572554 1.435190 -1.420292
v 0.425202 1.002591 -1.439504
v 0.412235 1.419396 -1.362101
v 0.689831 1.381540 -1.111750
v 0.702797 0.964735 -1.189153
v 0.529512 1.365746 -1.053559
v 0.542478 0.948941 -1.130962
v 0.572554 1.435190 -1.420292
v 0.272264 1.475214 -1.299192
v 0.566606 1.401463 -1.423895
v 0.266315 1.441488 -1.302796
v 0.389540 1.421565 -0.990651
v 0.689831 1.381540 -1.111750
v 0.383592 1.387839 -0.994254
v 0.683883 1.347814 -1.115354
v 0.644892 1.390841 -1.190104
v 0.396336 1.424943 -0.981541
v 0.641626 1.350282 -1.187364
v 0.393070 1.384385 -0.978801
v 0.653233 1.424943 -0.675383
v 0.901789 1.390841 -0.883946
v 0.649967 1.384385 -0.672643
v 0.898523 1.350282 -0.881206
v -0.948646 1.392640 -0.872940
v -0.713208 1.424943 -0.675383
v -0.945380 1.352082 -0.870199
v -0.709942 1.384385 -0.672643
v -0.456311 1.424943 -0.981541
v -0.691749 1.392640 -1.179098
v -0.453045 1.384385 -0.978801
v -0.688483 1.352082 -1.176357
v -1.476222 1.018281 -0.182974
v -1.387942 1.241817 -0.137019
v -1.443175 1.001694 -0.165771
v -1.354896 1.225230 -0.119816
v -0.966130 1.241817 -0.947313
v -1.054409 1.018281 -0.993268
v -0.933084 1.225230 -0.930109
v -1.021363 1.001694 -0.976065
v -0.012558 1.013950 -1.755417
v -0.045355 1.435190 -1.676239
v -0.076789 0.979802 -1.600349
v -0.109586 1.401041 -1.521171
v 0.572554 1.435190 -1.420293
v 0.605351 1.013950 -1.499471
v 0.508323 1.401041 -1.265224
v 0.541120 0.979802 -1.344403
v -1.079116 1.241817 -0.730270
v -1.032033 1.361036 -0.705760
v -1.046069 1.225230 -0.713067
v -0.998987 1.344449 -0.688557
v -0.930346 1.361036 -0.901099
v -0.977429 1.241817 -0.925608
v -0.897300 1.344449 -0.883896
v -0.944382 1.225230 -0.908405
v -1.480211 0.871518 -0.182910
v -1.476802 1.018281 -0.181136
v -1.256539 0.864914 -0.066474
v -1.253130 1.011678 -0.064700
v -1.054989 1.018281 -0.991429
v -1.058398 0.871517 -0.993204
v -0.831318 1.011678 -0.874993
v -0.834727 0.864914 -0.876767
v -1.059054 0.871517 -0.991369
v -1.056110 1.018281 -0.988899
v -0.865885 0.864914 -0.829281
v -0.862941 1.011678 -0.826811
v -0.628676 1.018281 -1.498294
v -0.631620 0.871517 -1.500764
v -0.435508 1.011678 -1.336206
v -0.438452 0.864914 -1.338676
v -0.630624 0.871517 -1.500766
v -0.629110 1.022584 -1.497111
v -0.505583 0.862961 -1.198889
v -0.504069 1.014028 -1.195235
v -0.012527 1.022584 -1.752508
v -0.014041 0.871517 -1.756163
v 0.112514 1.014028 -1.450632
v 0.111001 0.862961 -1.454286
v -0.631203 1.019574 -1.498414
v -0.598844 1.435190 -1.420293
v -0.566972 0.985426 -1.343346
v -0.534613 1.401041 -1.265224
v 0.019065 1.435190 -1.676239
v -0.013294 1.019574 -1.754360
v 0.083296 1.401041 -1.521171
v 0.050938 0.985426 -1.599292
v -1.376644 1.241817 -0.158723
v -1.305073 1.253876 -0.121466
v -1.371297 1.201483 -0.155940
v -1.299726 1.213542 -0.118683
v -0.905858 1.253876 -0.888351
v -0.977429 1.241817 -0.925608
v -0.900511 1.213542 -0.885568
v -0.972082 1.201483 -0.922825
v -1.377765 0.871518 0.590696
v -1.373955 1.018281 0.590194
v -1.127759 0.864914 0.557782
v -1.123948 1.011678 0.557281
v -1.476158 1.018281 -0.186116
v -1.479968 0.871517 -0.185614
v -1.226151 1.011678 -0.219030
v -1.229962 0.864914 -0.218528
v -0.754819 1.009790 -1.178635
v -0.726081 1.392998 -1.113925
v -0.618086 0.990397 -1.124519
v -0.589348 1.373605 -1.059810
v -0.598844 1.435190 -1.420292
v -0.627582 1.051982 -1.485002
v -0.462111 1.415797 -1.366177
v -0.490849 1.032589 -1.430886
v -0.726817 1.381540 -1.116031
v -0.430936 1.421565 -0.984525
v -0.718881 1.337449 -1.120468
v -0.423000 1.377473 -0.988962
v -0.302963 1.475214 -1.288786
v -0.598844 1.435190 -1.420292
v -0.295027 1.431123 -1.293223
v -0.590908 1.391098 -1.424729
v -0.598844 1.435190 -1.420292
v -0.386887 1.464217 -0.908582
v -0.597695 1.377876 -1.417517
v -0.385737 1.406903 -0.905807
v 0.200880 1.464217 -1.152043
v -0.011077 1.435190 -1.663753
v 0.202030 1.406903 -1.149268
v -0.009927 1.377876 -1.660978
v -1.055146 1.018281 -0.990568
v -0.928079 1.390840 -0.883946
v -1.006524 0.990021 -0.949770
v -0.879457 1.362581 -0.843148
v -0.503412 1.390840 -1.390044
v -0.630479 1.018281 -1.496666
v -0.454790 1.362581 -1.349245
v -0.581857 0.990021 -1.455867
v -0.012249 0.871517 -1.756163
v -0.013720 1.018281 -1.752612
v -0.135095 0.863111 -1.459587
v -0.136566 1.009875 -1.456037
v 0.604189 1.018281 -1.496666
v 0.605660 0.871517 -1.500216
v 0.481343 1.009875 -1.200090
v 0.482814 0.863111 -1.203641
v 0.604189 1.018281 -1.496666
v 0.477122 1.390840 -1.390044
v 0.563600 0.994690 -1.462608
v 0.436533 1.367250 -1.355986
v 0.901788 1.390840 -0.883946
v 1.028856 1.018281 -0.990568
v 0.861199 1.367250 -0.849888
v 0.988266 0.994690 -0.956510
v 0.608097 0.871517 -1.497466
v 0.605153 1.018281 -1.494996
v 0.458879 0.866416 -1.372257
v 0.455935 1.013180 -1.369787
v 1.029819 1.018281 -0.988898
v 1.032763 0.871517 -0.991368
v 0.880602 1.013180 -0.863689
v 0.883545 0.866416 -0.866159
v 1.032109 0.871517 -0.993203
v 1.028699 1.018281 -0.991429
v 0.859327 0.866417 -0.903259
v 0.855919 1.013180 -0.901485
v 1.450512 1.018281 -0.181135
v 1.453921 0.871518 -0.182910
v 1.277730 1.013180 -0.091191
v 1.281139 0.866417 -0.092966
v -1.465441 0.869400 -0.090066
v -1.461723 1.018281 -0.088894
v -1.224948 0.862796 -0.014239
v -1.221230 1.011678 -0.013067
v -1.363616 1.018281 -0.400048
v -1.367334 0.869399 -0.401220
v -1.123124 1.011678 -0.324220
v -1.126842 0.862796 -0.325393
v -1.459018 1.018281 -0.098584
v -1.364100 1.241817 -0.068657
v -1.423487 1.001694 -0.087381
v -1.328568 1.225230 -0.057454
v -1.270899 1.241817 -0.364253
v -1.365817 1.018281 -0.394180
v -1.235367 1.225230 -0.353049
v -1.330286 1.001694 -0.382977
v 0.685508 1.747512 -0.079581
v 0.685508 1.747512 -0.010041
v 0.685508 1.709147 -0.079581
v 0.685508 1.709147 -0.010041
v 0.896001 1.747512 -0.010041
v 0.896001 1.747512 -0.079581
v 0.896001 1.709147 -0.010041
v 0.896001 1.709147 -0.079581
v 0.429521 1.502517 0.373842
v 0.429521 1.546905 0.625578
v 0.429521 1.212697 0.424945
v 0.429521 1.257085 0.676681
v 0.613350 1.546905 0.625578
v 0.613350 1.502517 0.373842
v 0.613350 1.257085 0.676681
v 0.613350 1.212697 0.424945
v 0.376273 1.525264 0.207658
v 0.376273 1.525264 0.438410
v 0.376273 1.256508 0.207658
v 0.376273 1.256508 0.438410
v 0.723692 1.525264 0.438410
v 0.723692 1.525264 0.207658
v 0.723692 1.256508 0.438410
v 0.723692 1.256508 0.207658
v 0.954667 1.698574 0.108015
v 0.954667 1.698574 0.271142
v 0.954667 1.461800 0.108015
v 0.954667 1.461800 0.271142
v 0.993877 1.698574 0.271142
v 0.993877 1.698574 0.108015
v 0.993877 1.461800 0.271142
v 0.993877 1.461800 0.108015
v 0.881260 1.649636 -0.079581
v 0.881260 1.649636 0.050920
v 0.881260 1.445487 -0.079581
v 0.881260 1.445487 0.050920
v 0.993877 1.649636 0.050920
v 0.993877 1.649636 -0.079581
v 0.993877 1.445487 0.050920
v 0.993877 1.445487 -0.079581
v 0.954667 1.698574 -0.087737
v 0.954667 1.698575 0.108015
v 0.954667 1.657552 -0.087737
v 0.954667 1.657552 0.108015
v 0.993877 1.698575 0.108015
v 0.993877 1.698574 -0.087737
v 0.993877 1.657552 0.108015
v 0.993877 1.657552 -0.087737
v 0.620257 1.747512 -0.340463
v 0.620257 1.747512 -0.079581
v 0.620257 1.325251 -0.340463
v 0.620257 1.325251 -0.079581
v 0.993877 1.747512 -0.079581
v 0.993877 1.747512 -0.340463
v 0.993877 1.325251 -0.079581
v 0.993877 1.325251 -0.340463
v -1.771356 1.187513 -0.600408
v -1.616834 1.319088 -0.493411
v -1.635858 0.957990 -0.513845
v -1.481335 1.089564 -0.406848
v -0.943612 1.340102 -1.491503
v -1.098135 1.208527 -1.598500
v -0.808114 1.110579 -1.404941
v -0.962636 0.979004 -1.511937
v -1.639785 1.187899 -0.510962
v -1.433472 1.187899 -0.371802
v -1.637506 0.954378 -0.514341
v -1.431193 0.954378 -0.375181
v -0.759609 1.208933 -1.370845
v -0.965922 1.208933 -1.510005
v -0.757330 0.975413 -1.374224
v -0.963642 0.975413 -1.513384
v -1.774288 1.387111 -0.597490
v -1.435592 1.387111 -0.369037
v -1.772341 1.187644 -0.600377
v -1.433645 1.187644 -0.371924
v -0.761729 1.408146 -1.368081
v -1.100425 1.408146 -1.596534
v -0.759782 1.208678 -1.370967
v -1.098478 1.208678 -1.599420
v 1.113834 1.311946 -0.280231
v 1.105624 1.349468 -0.232348
v 1.121270 1.178351 -0.174268
v 1.113060 1.215873 -0.126386
v 1.662034 1.415232 -0.188479
v 1.670244 1.377710 -0.236361
v 1.669470 1.281637 -0.082516
v 1.677680 1.244115 -0.130398
v 1.260148 1.165960 -0.222106
v 1.251938 1.203482 -0.174224
v 1.266162 1.057902 -0.136399
v 1.257953 1.095424 -0.088516
v 1.808348 1.269246 -0.130354
v 1.816558 1.231725 -0.178237
v 1.814363 1.161188 -0.044647
v 1.822572 1.123666 -0.092529
v 1.260898 0.989357 -0.162479
v 1.252688 1.026878 -0.114596
v 1.267899 0.863572 -0.062711
v 1.259689 0.901094 -0.014829
v 1.752276 1.085926 -0.075207
v 1.760486 1.048405 -0.123089
v 1.759277 0.960141 0.024561
v 1.767487 0.922620 -0.023321
v 1.499407 1.295548 -0.186858
v 1.499407 1.515176 0.032770
v 1.572903 1.247926 -0.139236
v 1.572903 1.467555 0.080392
v 1.566754 1.567147 -0.019200
v 1.566754 1.347518 -0.238828
v 1.640251 1.519525 0.028422
v 1.640251 1.299896 -0.191206
v 1.340628 1.281909 -0.196176
v 1.340628 1.501538 0.023452
v 1.414125 1.234288 -0.148555
v 1.414125 1.453916 0.071074
v 1.407976 1.553508 -0.028518
v 1.407976 1.333880 -0.248147
v 1.481473 1.505886 0.019104
v 1.481473 1.286258 -0.200525
v 1.187096 1.280442 -0.194709
v 1.187096 1.500070 0.024919
v 1.260592 1.232821 -0.147087
v 1.260592 1.452449 0.072541
v 1.254443 1.552041 -0.027051
v 1.254443 1.332412 -0.246679
v 1.327940 1.504419 0.020571
v 1.327940 1.284791 -0.199058
v 1.322348 1.104863 -0.108412
v 1.322348 1.324491 0.111217
v 1.404006 1.064431 -0.067981
v 1.404006 1.284060 0.151648
v 1.379526 1.382232 0.053475
v 1.379526 1.162604 -0.166153
v 1.461185 1.341801 0.093906
v 1.461185 1.122173 -0.125722
v 1.474296 1.120488 -0.124037
v 1.474296 1.340116 0.095592
v 1.555955 1.080057 -0.083606
v 1.555955 1.299685 0.136023
v 1.531474 1.397857 0.037850
v 1.531474 1.178229 -0.181778
v 1.613133 1.357426 0.078281
v 1.613133 1.137798 -0.141347
v 1.631317 1.148762 -0.129354
v 1.631317 1.368391 0.090274
v 1.712976 1.108331 -0.088923
v 1.712976 1.327960 0.130705
v 1.688495 1.426132 0.032533
v 1.688495 1.206504 -0.187096
v 1.770154 1.385701 0.072964
v 1.770154 1.166073 -0.146664
v 1.445600 0.948309 -0.066644
v 1.445600 1.167938 0.152984
v 1.527259 0.907878 -0.026213
v 1.527258 1.127507 0.193415
v 1.502778 1.225679 0.095243
v 1.502778 1.006051 -0.124385
v 1.584436 1.185248 0.135674
v 1.584436 0.965620 -0.083954
v 1.612039 0.971267 -0.066644
v 1.612038 1.190895 0.152984
v 1.693697 0.930835 -0.026213
v 1.693697 1.150463 0.193415
v 1.669217 1.248636 0.095243
v 1.669217 1.029008 -0.124385
v 1.750875 1.208205 0.135674
v 1.750875 0.988577 -0.083954
v -0.919462 1.749171 -0.793785
v -0.400652 1.749171 -0.798313
v -0.914684 1.749171 -0.246279
v -0.395874 1.749171 -0.250807
v -0.400652 1.689482 -0.798313
v -0.919462 1.689482 -0.793785
v -0.395874 1.689482 -0.250807
v -0.914684 1.689482 -0.246279
v -0.928983 1.689903 -0.900235
v -0.400018 1.689903 -0.904851
v -0.922290 1.689903 -0.133290
v -0.393325 1.689903 -0.137906
v -0.400018 1.583343 -0.904851
v -0.928983 1.583343 -0.900235
v -0.393325 1.583343 -0.137906
v -0.922290 1.583343 -0.133290
v -1.041957 1.690197 -0.792685
v -0.285184 1.690197 -0.799289
v -1.037124 1.690197 -0.238851
v -0.280350 1.690197 -0.245455
v -0.285184 1.579669 -0.799289
v -1.041957 1.579669 -0.792685
v -0.280350 1.579669 -0.245455
v -1.037124 1.579669 -0.238851
v 0.237791 1.580516 -0.542346
v 0.454119 1.540251 -0.316141
v 0.179565 1.596450 -0.483826
v 0.395893 1.556185 -0.257621
v 0.430814 1.439258 -0.311830
v 0.214486 1.479522 -0.538035
v 0.372588 1.455192 -0.253310
v 0.156260 1.495457 -0.479515
v 0.457318 1.512095 -0.958480
v 0.238770 1.571903 -0.738828
v 0.399684 1.522822 -1.018746
v 0.181135 1.582631 -0.799094
v 0.207252 1.435322 -0.732999
v 0.425801 1.375514 -0.952651
v 0.149618 1.446050 -0.793264
v 0.368166 1.386241 -1.012916
v 0.262370 1.563373 -0.797271
v 0.260805 1.577142 -0.483149
v 0.181563 1.581968 -0.798488
v 0.179998 1.595738 -0.484367
v 0.237758 1.477266 -0.478886
v 0.239322 1.463497 -0.793008
v 0.156951 1.495861 -0.480104
v 0.158515 1.482092 -0.794225
v 0.706063 1.455475 -0.926372
v 0.399677 1.525980 -0.930988
v 0.706497 1.451655 -1.013524
v 0.400111 1.522160 -1.018141
v 0.368418 1.390517 -0.925206
v 0.674803 1.320012 -0.920590
v 0.368852 1.386697 -1.012358
v 0.675237 1.316191 -1.007742
v 0.707188 1.452060 -1.014113
v 0.923516 1.411795 -0.787908
v 0.648962 1.467994 -0.955593
v 0.865290 1.427730 -0.729388
v 0.892881 1.279039 -0.782241
v 0.676553 1.319304 -1.008446
v 0.834655 1.294973 -0.723721
v 0.618327 1.335238 -0.949926
v 0.922825 1.411390 -0.787319
v 0.921260 1.425159 -0.473198
v 0.842018 1.429986 -0.788537
v 0.840453 1.443754 -0.474415
v 0.890883 1.293521 -0.467579
v 0.892448 1.279752 -0.781700
v 0.810076 1.312116 -0.468796
v 0.811641 1.298347 -0.782918
v 0.921946 1.425615 -0.472640
v 0.703397 1.485423 -0.252987
v 0.864311 1.436342 -0.532905
v 0.645763 1.496150 -0.313253
v 0.680092 1.384429 -0.248677
v 0.898640 1.324621 -0.468329
v 0.622457 1.395157 -0.308942
v 0.841006 1.335349 -0.528594
v 0.702712 1.484968 -0.253546
v 0.396326 1.555473 -0.258162
v 0.703162 1.481003 -0.343983
v 0.396777 1.551509 -0.348600
v 0.373279 1.455597 -0.253899
v 0.679664 1.385092 -0.249282
v 0.373729 1.451633 -0.344337
v 0.680115 1.381127 -0.339720
v 0.382181 1.617799 -0.466733
v 0.759243 1.534207 -0.470103
v 0.382888 1.617643 -0.383656
v 0.759951 1.534050 -0.387027
v 0.743318 1.462374 -0.470103
v 0.366256 1.545967 -0.466733
v 0.744026 1.462217 -0.387027
v 0.366964 1.545810 -0.383656
v 0.308492 1.577978 -0.932512
v 0.801252 1.468735 -0.936916
v 0.313531 1.576861 -0.341103
v 0.806291 1.467618 -0.345507
v 0.791910 1.426595 -0.936916
v 0.299150 1.535837 -0.932512
v 0.796949 1.425478 -0.345507
v 0.304188 1.534720 -0.341103
v 0.245462 1.592206 -0.831647
v 0.866099 1.454615 -0.837194
v 0.248757 1.591476 -0.444940
v 0.869394 1.453884 -0.450487
v 0.856649 1.411987 -0.837194
v 0.236012 1.549579 -0.831647
v 0.859944 1.411257 -0.450487
v 0.239307 1.548849 -0.444940
vn 0.3776 0.8215 -0.4274
vn 0.4763 -0.5681 -0.6711
vn -0.3776 -0.8215 0.4274
vn -0.4763 0.5681 0.6711
vn 0.7941 -0.0498 0.6058
vn -0.7941 0.0498 -0.6058
vn 0.0087 -0.0175 0.9998
vn -0.0000 0.9998 0.0175
vn -0.0087 0.0175 -0.9998
vn -0.0000 -0.9998 -0.0175
vn 1.0000 0.0002 -0.0087
vn -1.0000 -0.0002 0.0087
vn 0.7133 -0.0122 0.7008
vn -0.7133 0.0122 -0.7008
vn 0.7009 0.0124 -0.7131
vn -0.7009 -0.0124 0.7131
vn 0.7132 -0.0122 0.7008
vn -0.7132 0.0122 -0.7008
vn -0.0000 -0.0000 1.0000
vn -1.0000 -0.0000 -0.0000
vn -0.0000 -0.0000 -1.0000
vn 1.0000 -0.0000 -0.0000
vn -0.0000 1.0000 -0.0000
vn -0.0000 -1.0000 -0.0000
vn -0.0000 0.9998 0.0174
vn -0.0087 0.0174 -0.9998
vn 0.0087 -0.0174 0.9998
vn -0.7071 -0.0000 -0.7071
vn 0.7071 -0.0000 0.7071
vn -0.7071 -0.0000 0.7071
vn 0.7071 -0.0000 -0.7071
vn -0.0000 0.9239 -0.3827
vn -0.0000 -0.9239 0.3827
vn -0.0000 0.3827 0.9239
vn -0.0000 -0.3827 -0.9239
vn -0.0250 -0.1232 0.9921
vn 0.2031 0.9711 0.1257
vn 0.0250 0.1232 -0.9921
vn -0.2030 -0.9711 -0.1257
vn 0.9789 -0.2046 -0.0007
vn -0.9789 0.2046 0.0007
vn -0.0443 -0.2157 0.9755
vn 0.1997 0.9548 0.2202
vn 0.0443 0.2157 -0.9755
vn -0.1997 -0.9548 -0.2202
vn 0.9789 -0.2046 -0.0008
vn -0.9788 0.2046 0.0008
vn -0.0072 -0.0381 0.9992
vn 0.2554 0.9661 0.0386
vn 0.0072 0.0381 -0.9992
vn -0.2554 -0.9661 -0.0386
vn 0.9668 -0.2555 -0.0028
vn -0.9668 0.2555 0.0028
vn 0.0132 -0.1998 0.9797
vn 0.2513 0.9490 0.1902
vn -0.0131 0.1998 -0.9797
vn -0.2513 -0.9490 -0.1902
vn 0.9678 -0.2437 -0.0627
vn -0.9678 0.2437 0.0627
vn 0.0659 0.9737 0.2183
vn -0.0659 -0.9737 -0.2183
vn 0.9968 -0.0739 0.0290
vn -0.9968 0.0740 -0.0289
vn 0.9968 -0.0740 0.0289
vn 0.0080 -0.2166 0.9762
vn 0.0136 0.9762 0.2165
vn -0.0080 0.2166 -0.9762
vn -0.0136 -0.9762 -0.2165
vn 0.9999 -0.0116 -0.0108
vn -0.9999 0.0116 0.0108
vn -0.0910 0.9721 0.2164
vn 0.0910 -0.9721 -0.2164
vn 0.9958 0.0905 0.0119
vn -0.9958 -0.0905 -0.0119
vn -0.1602 0.9634 0.2150
vn 0.1602 -0.9634 -0.2150
vn 0.9871 0.1581 0.0270
vn -0.9871 -0.1581 -0.0270
vn 0.0011 -0.6294 0.7771
vn -0.0366 0.7765 0.6290
vn -0.0011 0.6294 -0.7771
vn 0.0366 -0.7765 -0.6290
vn 0.9993 0.0291 0.0222
vn -0.9993 -0.0291 -0.0222
vn 0.2341 -0.8659 0.4420
vn 0.3791 0.5000 0.7786
vn -0.2341 0.8659 -0.4420
vn -0.3791 -0.5000 -0.7786
vn 0.8952 0.0147 -0.4453
vn -0.8952 -0.0147 0.4453
vn -0.0189 0.9135 -0.4064
vn -0.0293 -0.4068 -0.9131
vn 0.0189 -0.9135 0.4064
vn 0.0293 0.4068 0.9131
vn 0.9994 0.0054 -0.0344
vn -0.9994 -0.0054 0.0344
vn 0.2998 -0.8624 0.4078
vn 0.5114 0.5062 0.6945
vn -0.2998 0.8624 -0.4078
vn -0.5114 -0.5062 -0.6945
vn 0.8053 -0.0003 -0.5928
vn -0.8053 0.0003 0.5928
vn 0.1513 -0.8704 0.4685
vn 0.3002 0.4920 0.8172
vn -0.1513 0.8704 -0.4685
vn -0.3002 -0.4920 -0.8172
vn 0.9418 -0.0170 -0.3357
vn -0.9418 0.0170 0.3357
vn 0.9427 -0.0134 -0.3334
vn 0.2676 -0.5666 0.7793
vn -0.9427 0.0134 0.3334
vn -0.2676 0.5666 -0.7793
vn 0.1993 0.8239 0.5306
vn -0.1993 -0.8239 -0.5306
vn 0.7377 -0.0076 -0.6750
vn 0.5479 -0.5774 0.6053
vn -0.7377 0.0076 0.6750
vn -0.5479 0.5774 -0.6053
vn 0.3944 0.8164 0.4218
vn -0.3944 -0.8164 -0.4218
vn 0.5116 0.0609 -0.8571
vn 0.7639 -0.4890 0.4212
vn -0.5116 -0.0609 0.8571
vn -0.7639 0.4890 -0.4212
vn 0.3934 0.8702 0.2967
vn -0.3934 -0.8702 -0.2967
vn 0.3930 0.0355 -0.9188
vn 0.8131 -0.4799 0.3293
vn -0.3930 -0.0355 0.9188
vn -0.8132 0.4799 -0.3293
vn 0.4293 0.8766 0.2175
vn -0.4293 -0.8766 -0.2175
vn -0.1516 0.9647 0.2153
vn 0.1516 -0.9647 -0.2153
vn 0.9884 0.1497 0.0251
vn -0.9884 -0.1497 -0.0251
vn -0.0051 0.9238 -0.3828
vn -0.0294 -0.3827 -0.9234
vn 0.0051 -0.9238 0.3828
vn 0.0294 0.3827 0.9234
vn 0.9996 -0.0066 -0.0291
vn -0.9996 0.0066 0.0291
vn 0.3250 0.0069 -0.9457
vn 0.8798 0.3647 0.3050
vn -0.3250 -0.0069 0.9457
vn -0.8798 -0.3647 -0.3050
vn -0.3470 0.9311 -0.1125
vn 0.3470 -0.9311 0.1125
vn 0.3865 -0.9222 0.0099
vn 0.9223 0.3865 -0.0042
vn -0.3865 0.9222 -0.0099
vn -0.9223 -0.3865 0.0042
vn -0.0001 -0.0107 -0.9999
vn -0.0000 0.0107 0.9999
vn -0.6332 0.0027 -0.7740
vn 0.6744 0.4925 -0.5501
vn 0.6332 -0.0027 0.7740
vn -0.6744 -0.4925 0.5501
vn -0.3797 0.8703 0.3137
vn 0.3797 -0.8703 -0.3137
vn -0.9093 -0.0005 -0.4161
vn 0.3645 0.4810 -0.7973
vn 0.9093 0.0005 0.4161
vn -0.3645 -0.4810 0.7973
vn -0.2005 0.8767 0.4372
vn 0.2005 -0.8767 -0.4372
vn -0.4799 0.0118 -0.8772
vn 0.7684 0.4881 -0.4139
vn 0.4799 -0.0118 0.8772
vn -0.7684 -0.4881 0.4139
vn -0.4233 0.8727 0.2433
vn 0.4233 -0.8727 -0.2433
vn -0.2446 0.0225 -0.9694
vn 0.8518 0.4825 -0.2038
vn 0.2446 -0.0225 0.9694
vn -0.8518 -0.4825 0.2038
vn -0.4631 0.8756 0.1372
vn 0.4631 -0.8756 -0.1372
vn -0.2915 0.0413 -0.9557
vn 0.8883 -0.3589 -0.2865
vn 0.2915 -0.0413 0.9557
vn -0.8883 0.3589 0.2865
vn 0.3549 0.9325 -0.0679
vn -0.3549 -0.9325 0.0679
vn -0.1329 -0.0216 -0.9909
vn 0.9254 -0.3606 -0.1162
vn 0.1329 0.0216 0.9909
vn -0.9254 0.3606 0.1162
vn 0.3042 0.8848 -0.3531
vn 0.6208 -0.4653 -0.6310
vn -0.3042 -0.8848 0.3531
vn -0.6208 0.4653 0.6310
vn 0.7226 0.0272 0.6907
vn -0.7226 -0.0272 -0.6907
vn 0.3248 0.8764 -0.3555
vn 0.4457 -0.4734 -0.7598
vn -0.3248 -0.8764 0.3555
vn -0.4457 0.4734 0.7598
vn 0.8342 -0.0884 0.5443
vn -0.8342 0.0884 -0.5443
vn 0.3477 0.8504 -0.3948
vn 0.4280 -0.5186 -0.7402
vn -0.3477 -0.8504 0.3948
vn -0.4280 0.5186 0.7402
vn 0.2550 -0.0541 -0.9654
vn 0.9444 -0.2004 0.2606
vn -0.2550 0.0541 0.9654
vn -0.9444 0.2004 -0.2606
vn 0.2076 0.9782 -0.0000
vn -0.2076 -0.9782 -0.0000
vn -0.9968 0.0739 -0.0290
vn 0.3229 0.7146 -0.6206
vn -0.3229 -0.7146 0.6206
vn -0.0619 0.6702 0.7396
vn 0.0619 -0.6702 -0.7396
vn -0.0656 0.0164 -0.9977
vn 0.8835 -0.4638 -0.0657
vn 0.0656 -0.0164 0.9977
vn -0.8835 0.4638 0.0657
vn 0.4638 0.8858 -0.0159
vn -0.4638 -0.8858 0.0159
vn -0.2873 0.0348 -0.9572
vn 0.8506 -0.4502 -0.2717
vn 0.2873 -0.0348 0.9572
vn -0.8506 0.4502 0.2717
vn 0.4404 0.8922 -0.0997
vn -0.4404 -0.8922 0.0997
vn 0.2313 -0.0313 -0.9724
vn 0.9357 0.2809 0.2135
vn -0.2313 0.0313 0.9724
vn -0.9357 -0.2809 -0.2135
vn -0.2664 0.9592 -0.0942
vn 0.2664 -0.9592 0.0942
vn 0.0289 -0.3405 0.9398
vn -0.1578 0.9269 0.3406
vn -0.0288 0.3405 -0.9398
vn 0.1578 -0.9269 -0.3406
vn 0.0651 -0.2933 0.9538
vn -0.6150 0.7409 0.2699
vn -0.0651 0.2933 -0.9538
vn 0.6150 -0.7409 -0.2699
vn 0.7859 0.6041 0.1322
vn -0.7859 -0.6041 -0.1322
vn -0.7536 0.6120 0.2397
vn 0.7536 -0.6120 -0.2397
vn 0.6541 0.7344 0.1812
vn -0.6541 -0.7344 -0.1812
vn 0.0334 -0.3228 0.9459
vn -0.2221 0.9203 0.3220
vn -0.0334 0.3228 -0.9459
vn 0.2221 -0.9203 -0.3220
vn 0.9745 0.2208 0.0410
vn -0.9745 -0.2208 -0.0410
vn 0.0108 -0.0001 0.9999
vn 0.0116 0.9999 -0.0000
vn -0.0108 0.0001 -0.9999
vn -0.0116 -0.9999 -0.0000
vn 0.6520 -0.1582 0.7415
vn 0.2730 0.9614 -0.0350
vn -0.6520 0.1582 -0.7415
vn -0.2730 -0.9614 0.0350
vn 0.7073 -0.2253 -0.6700
vn -0.7073 0.2253 0.6700
vn 0.2030 0.9711 0.1257
vn -0.0000 0.0174 -0.9998
vn -0.0000 -0.0175 0.9998
vn -0.0004 -0.0087 -1.0000
vn 1.0000 -0.0000 -0.0004
vn 0.0004 0.0087 1.0000
vn -1.0000 -0.0000 0.0004
vn -0.0000 1.0000 -0.0087
vn -0.0000 -1.0000 0.0087
vn -0.0000 0.9136 -0.4067
vn -0.0000 -0.9135 0.4067
vn -0.0000 0.4067 0.9135
vn -0.0000 -0.4067 -0.9135
vn -0.0000 -0.0436 -0.9990
vn -0.0000 0.0436 0.9990
vn -0.0000 0.9990 -0.0436
vn -0.0000 -0.9990 0.0436
vn 0.0068 0.9997 -0.0253
vn 0.9659 -0.0000 0.2588
vn -0.0068 -0.9997 0.0253
vn -0.9659 -0.0000 -0.2588
vn -0.2587 0.0262 0.9656
vn 0.2587 -0.0262 -0.9656
vn 0.1053 0.9135 -0.3929
vn -0.1053 -0.9135 0.3929
vn -0.2364 0.4067 0.8824
vn 0.2364 -0.4067 -0.8824
vn 0.2580 0.0785 -0.9629
vn -0.2580 -0.0785 0.9629
vn -0.0203 0.9969 0.0758
vn 0.0203 -0.9969 -0.0758
vn 0.0567 -0.0000 -0.9984
vn 0.7060 -0.7071 0.0401
vn -0.0567 -0.0000 0.9984
vn -0.7060 0.7071 -0.0401
vn 0.7060 0.7071 0.0401
vn -0.7060 -0.7071 -0.0401
vn -0.0000 0.2334 -0.9724
vn -0.0000 -0.2335 0.9724
vn -0.0000 0.9724 0.2334
vn -0.0000 -0.9724 -0.2334
vn -0.0000 0.2335 -0.9724
vn 0.9848 -0.1688 -0.0405
vn -0.9848 0.1688 0.0405
vn 0.1736 0.9576 0.2299
vn -0.1736 -0.9576 -0.2299
vn 0.9763 -0.2105 -0.0505
vn -0.0000 -0.2334 0.9724
vn -0.9763 0.2105 0.0505
vn 0.2164 0.9493 0.2279
vn -0.2164 -0.9493 -0.2279
vn 0.9848 0.1688 0.0405
vn -0.9848 -0.1688 -0.0405
vn -0.1736 0.9576 0.2299
vn 0.1736 -0.9576 -0.2299
vn 0.9763 0.2105 0.0505
vn -0.9763 -0.2105 -0.0505
vn -0.2164 0.9493 0.2279
vn 0.2164 -0.9493 -0.2279
vn -0.1053 0.9136 -0.3929
vn 0.9659 -0.0000 -0.2588
vn 0.1053 -0.9135 0.3929
vn -0.9659 -0.0000 0.2588
vn 0.2364 0.4067 0.8824
vn -0.2364 -0.4067 -0.8824
vn -0.0068 0.9997 -0.0253
vn 0.0068 -0.9997 0.0253
vn 0.2587 0.0262 0.9656
vn -0.2587 -0.0262 -0.9656
vn -0.2580 0.0784 -0.9629
vn 0.2580 -0.0785 0.9629
vn 0.0203 0.9969 0.0758
vn -0.0203 -0.9969 -0.0758
vn -0.0000 0.0087 1.0000
vn -0.0000 -0.0087 -1.0000
vn -0.8290 -0.0000 0.5592
vn -0.5591 0.0174 -0.8289
vn 0.8290 -0.0000 -0.5592
vn 0.5591 -0.0175 0.8289
vn 0.0098 0.9998 0.0145
vn -0.0098 -0.9998 -0.0145
vn -0.5591 0.0175 -0.8289
vn -0.6735 0.5735 0.4664
vn 0.6735 -0.5735 -0.4664
vn 0.4835 0.8190 -0.3089
vn -0.4835 -0.8190 0.3089
vn 0.1951 -0.1529 -0.9688
vn 0.8870 0.4490 0.1078
vn -0.1951 0.1529 0.9688
vn -0.8870 -0.4490 -0.1078
vn -0.4185 0.8804 -0.2233
vn 0.4185 -0.8804 0.2233
vn -0.0000 -0.2588 -0.9659
vn -0.0000 0.2588 0.9659
vn -0.0000 0.9659 -0.2588
vn -0.0000 -0.9659 0.2588
vn 0.0567 -0.0000 0.9984
vn -0.7060 0.7071 0.0401
vn -0.0567 -0.0000 -0.9984
vn 0.7060 -0.7071 -0.0401
vn 0.7060 0.7071 -0.0401
vn -0.7060 -0.7071 0.0401
vn -0.4069 0.1547 -0.9003
vn 0.2991 -0.9087 -0.2913
vn 0.4069 -0.1547 0.9003
vn -0.2991 0.9087 0.2913
vn 0.8631 0.3878 -0.3234
vn -0.8631 -0.3878 0.3234
vn 0.8352 -0.3361 -0.4352
vn -0.8353 0.3361 0.4352
vn 0.3699 0.9290 -0.0075
vn -0.3699 -0.9290 0.0075
vn -0.0000 -0.2840 -0.9588
vn 0.9537 0.2883 -0.0854
vn -0.0000 0.2840 0.9588
vn -0.9537 -0.2883 0.0854
vn -0.3007 0.9144 -0.2709
vn 0.3007 -0.9144 0.2709
vn 0.9537 -0.2883 0.0854
vn -0.9537 0.2883 -0.0854
vn 0.3007 0.9144 -0.2709
vn -0.3007 -0.9144 0.2709
vn -0.1841 -0.1298 -0.9743
vn 0.8870 -0.4490 -0.1078
vn 0.1841 0.1298 0.9743
vn -0.8870 0.4490 0.1078
vn 0.4235 0.8841 -0.1978
vn -0.4235 -0.8841 0.1978
vn -0.0710 -0.0877 -0.9936
vn 0.9770 -0.2068 -0.0516
vn 0.0710 0.0877 0.9936
vn -0.9770 0.2068 0.0516
vn 0.2010 0.9744 -0.1004
vn -0.2010 -0.9744 0.1004
vn -0.4617 0.8625 0.2071
vn 0.4617 -0.8625 -0.2071
vn -0.7071 0.7071 -0.0000
vn 0.7071 -0.7071 -0.0000
vn 0.7071 0.7071 -0.0000
vn -0.7071 -0.7071 -0.0000
vn -0.0000 0.9588 -0.2840
vn -0.0000 -0.9588 0.2840
vn 0.4617 0.8625 0.2071
vn -0.4617 -0.8625 -0.2071
vn -0.0000 -0.5736 0.8192
vn -0.0000 0.5736 -0.8192
vn -0.0000 0.8192 0.5736
vn -0.0000 -0.8192 -0.5736
vn -0.0000 -0.0003 1.0000
vn -0.0000 0.0003 -1.0000
vn -0.0000 1.0000 0.0003
vn -0.0000 -1.0000 -0.0003
vn -0.0000 0.4997 0.8662
vn -0.0000 -0.4997 -0.8662
vn -0.0000 0.8662 -0.4997
vn -0.0000 -0.8662 0.4997
vn 0.2999 0.9135 -0.2748
vn 0.6756 -0.0000 0.7373
vn -0.2999 -0.9135 0.2748
vn -0.6756 -0.0000 -0.7373
vn -0.6735 0.4067 0.6172
vn 0.6735 -0.4067 -0.6172
vn 0.0193 0.9997 -0.0177
vn -0.0193 -0.9997 0.0177
vn -0.7370 0.0262 0.6754
vn 0.7370 -0.0262 -0.6754
vn -0.0193 0.9997 -0.0177
vn 0.6756 -0.0000 -0.7373
vn 0.0193 -0.9997 0.0177
vn -0.6756 -0.0000 0.7373
vn 0.7370 0.0262 0.6754
vn -0.7370 -0.0262 -0.6754
vn -0.2999 0.9135 -0.2748
vn 0.2999 -0.9136 0.2748
vn 0.6735 0.4067 0.6172
vn -0.6735 -0.4067 -0.6172
vn -0.7332 0.1045 -0.6719
vn 0.7332 -0.1045 0.6719
vn 0.0771 0.9945 0.0706
vn -0.0771 -0.9945 -0.0706
vn 0.7332 0.1045 -0.6719
vn -0.7332 -0.1045 0.6719
vn -0.0771 0.9945 0.0706
vn 0.0771 -0.9945 -0.0706
vn -0.9869 0.0958 -0.1299
vn 0.1305 -0.0000 -0.9914
vn 0.9869 -0.0958 0.1299
vn -0.1305 -0.0000 0.9914
vn 0.0950 0.9954 0.0125
vn -0.0950 -0.9954 -0.0125
vn 0.9869 0.0958 -0.1299
vn 0.1305 -0.0000 0.9914
vn -0.9869 -0.0958 0.1299
vn -0.1305 -0.0000 -0.9914
vn -0.0950 0.9954 0.0125
vn 0.0950 -0.9954 -0.0125
vn -0.3608 0.9135 0.1878
vn -0.4617 -0.0000 -0.8870
vn 0.3608 -0.9135 -0.1878
vn 0.4617 -0.0000 0.8870
vn 0.8103 0.4067 -0.4218
vn -0.8103 -0.4067 0.4218
vn -0.0260 0.9997 -0.0034
vn 0.0260 -0.9997 0.0034
vn 0.9911 0.0262 0.1305
vn -0.9911 -0.0262 -0.1305
vn -0.4032 0.9135 -0.0531
vn 0.4033 -0.9135 0.0531
vn 0.9057 0.4067 0.1192
vn -0.9057 -0.4067 -0.1192
vn 0.4032 0.9135 -0.0531
vn -0.4033 -0.9135 0.0531
vn -0.9057 0.4067 0.1192
vn 0.9057 -0.4067 -0.1192
vn -0.8773 0.1478 0.4567
vn -0.4618 -0.0000 -0.8870
vn 0.8773 -0.1478 -0.4567
vn 0.4618 -0.0000 0.8870
vn 0.1311 0.9890 -0.0683
vn -0.1311 -0.9890 0.0682
vn -0.3822 0.0523 0.9226
vn -0.9239 -0.0000 -0.3827
vn 0.3822 -0.0523 -0.9226
vn 0.9239 -0.0000 0.3827
vn 0.0200 0.9986 -0.0484
vn -0.0200 -0.9986 0.0484
vn -0.0306 0.9827 0.1825
vn -0.3507 0.1604 -0.9226
vn 0.0306 -0.9827 -0.1825
vn 0.3507 -0.1604 0.9226
vn 0.9360 0.0922 -0.3397
vn -0.9360 -0.0922 0.3397
vn -0.9204 0.1227 0.3712
vn 0.9204 -0.1227 -0.3712
vn 0.1727 0.9794 0.1046
vn -0.1727 -0.9794 -0.1046
vn -0.7618 0.1045 0.6393
vn -0.6428 -0.0000 -0.7660
vn 0.7618 -0.1045 -0.6393
vn 0.6428 -0.0000 0.7660
vn 0.0801 0.9945 -0.0672
vn -0.0801 -0.9945 0.0672
vn 0.7618 0.1045 0.6393
vn -0.6428 -0.0000 0.7660
vn -0.7618 -0.1046 -0.6393
vn 0.6428 -0.0000 -0.7660
vn -0.0801 0.9945 -0.0672
vn 0.0801 -0.9945 0.0672
vn 0.3608 0.9135 0.1878
vn -0.4617 -0.0000 0.8870
vn -0.3608 -0.9135 -0.1878
vn 0.4618 -0.0000 -0.8870
vn -0.8103 0.4067 -0.4218
vn 0.8103 -0.4067 0.4218
vn -0.0763 0.9799 0.1842
vn 0.0763 -0.9799 -0.1842
vn 0.3750 0.1994 -0.9053
vn -0.3750 -0.1994 0.9053
vn -0.4618 -0.0000 0.8870
vn -0.3608 -0.9136 -0.1878
vn 0.4617 -0.0000 -0.8870
vn 0.0232 0.9997 0.0121
vn -0.0232 -0.9997 -0.0121
vn -0.8867 0.0262 -0.4616
vn 0.8867 -0.0262 0.4616
vn 0.0201 0.9997 0.0168
vn -0.0201 -0.9997 -0.0168
vn -0.7658 0.0262 -0.6426
vn 0.7658 -0.0262 0.6426
vn 0.0100 0.9997 0.0242
vn -0.9239 -0.0000 0.3827
vn -0.0100 -0.9997 -0.0242
vn 0.9239 -0.0000 -0.3827
vn -0.3826 0.0262 -0.9236
vn 0.3826 -0.0262 0.9236
vn 0.0763 0.9799 0.1842
vn -0.0763 -0.9799 -0.1842
vn -0.3750 0.1994 -0.9053
vn 0.3750 -0.1994 0.9053
vn 0.8773 0.1478 0.4567
vn -0.8773 -0.1478 -0.4567
vn -0.1311 0.9890 -0.0683
vn 0.1311 -0.9890 0.0683
vn 0.0260 0.9997 -0.0034
vn -0.0260 -0.9997 0.0034
vn -0.9911 0.0262 0.1305
vn 0.9911 -0.0262 -0.1305
vn 0.0738 0.9834 0.1661
vn -0.3805 -0.1262 0.9161
vn -0.0737 -0.9834 -0.1661
vn 0.3805 0.1262 -0.9161
vn -0.9218 0.1307 -0.3648
vn 0.9218 -0.1307 0.3648
vn 0.9069 0.1227 0.4031
vn -0.3827 -0.1604 0.9098
vn -0.9069 -0.1227 -0.4031
vn 0.3827 0.1604 -0.9098
vn -0.1763 0.9794 0.0985
vn 0.1763 -0.9794 -0.0985
vn 0.3822 0.0523 0.9226
vn -0.3822 -0.0523 -0.9226
vn -0.0200 0.9986 -0.0484
vn 0.0200 -0.9986 0.0484
vn 0.3116 0.9135 0.2614
vn -0.3116 -0.9135 -0.2615
vn -0.6998 0.4067 -0.5872
vn 0.6998 -0.4067 0.5872
vn -0.0100 0.9997 0.0242
vn 0.0100 -0.9997 -0.0242
vn 0.3826 0.0262 -0.9236
vn -0.3826 -0.0262 0.9236
vn -0.3116 0.9135 0.2614
vn 0.3116 -0.9135 -0.2614
vn 0.6428 -0.0000 0.7661
vn 0.6998 0.4067 -0.5872
vn -0.6998 -0.4067 0.5872
vn -0.0201 0.9997 0.0168
vn 0.0201 -0.9997 -0.0168
vn 0.7658 0.0262 -0.6426
vn -0.7658 -0.0262 0.6426
vn -0.0232 0.9997 0.0121
vn 0.0232 -0.9997 -0.0121
vn 0.8867 0.0262 -0.4616
vn -0.8867 -0.0262 0.4616
vn 0.0250 0.9997 0.0079
vn -0.3007 -0.0000 0.9537
vn -0.0250 -0.9997 -0.0079
vn 0.3007 -0.0000 -0.9537
vn -0.9534 0.0262 -0.3006
vn 0.9534 -0.0262 0.3006
vn 0.3879 0.9136 0.1223
vn -0.3879 -0.9135 -0.1223
vn -0.8713 0.4067 -0.2747
vn 0.8713 -0.4067 0.2747
vn -0.0000 0.1736 0.9848
vn -0.0000 -0.1736 -0.9848
vn -0.0000 0.9848 -0.1736
vn -0.0000 -0.9848 0.1736
vn 0.6735 0.5735 0.4664
vn -0.5591 -0.0175 0.8289
vn -0.6735 -0.5735 -0.4664
vn 0.5591 0.0175 -0.8289
vn -0.4835 0.8190 -0.3089
vn 0.4835 -0.8190 0.3089
vn 0.8290 -0.0000 0.5592
vn -0.8290 -0.0000 -0.5592
vn -0.0098 0.9998 0.0145
vn 0.0098 -0.9998 -0.0145
vn -0.1337 0.6113 0.7800
vn -0.9901 -0.1170 -0.0781
vn 0.1337 -0.6113 -0.7800
vn 0.9901 0.1170 0.0781
vn -0.0436 0.7827 -0.6208
vn 0.0436 -0.7827 0.6208
vn -0.0000 0.7071 0.7071
vn -0.6756 -0.5213 0.5213
vn -0.0000 -0.7071 -0.7071
vn 0.6756 0.5213 -0.5213
vn -0.7373 0.4777 -0.4777
vn 0.7373 -0.4777 0.4777
vn -0.5736 -0.5792 0.5792
vn 0.5736 0.5792 -0.5792
vn -0.8192 0.4056 -0.4056
vn 0.8191 -0.4056 0.4056
vn 0.8192 -0.4056 0.4056
vn -0.8191 0.4056 -0.4056
vn 1.0000 -0.0000 -0.0087
vn -1.0000 -0.0000 0.0087
vn -0.0087 -0.0000 -1.0000
vn 0.0087 -0.0000 1.0000
vn 0.6855 -0.1276 0.7168
vn 0.2247 0.9736 -0.0416
vn -0.6855 0.1276 -0.7168
vn -0.2247 -0.9736 0.0416
vn 0.6925 -0.1895 -0.6960
vn -0.6925 0.1895 0.6960
vn -0.0050 0.0438 0.9990
vn 0.0050 -0.0438 -0.9990
vn 0.9744 -0.2242 0.0147
vn -0.9744 0.2242 -0.0147
vn 0.9763 -0.2164 -0.0087
vn 0.2164 0.9763 -0.0000
vn -0.9763 0.2164 0.0087
vn -0.2164 -0.9763 -0.0000
vn -0.0085 0.0019 -1.0000
vn 0.0085 -0.0019 1.0000
vt 0.637695 0.526367
vt 0.292969 0.314453
vt 0.036133 0.338867
vt 0.288086 0.314453
vt 0.642578 0.526367
vt 0.036133 0.333984
vt 0.637695 0.523438
vt 0.292969 0.311523
vt 0.039062 0.338867
vt 0.288086 0.311523
vt 0.642578 0.523438
vt 0.039062 0.333984
vt 0.290039 0.314453
vt 0.637695 0.522461
vt 0.038086 0.333984
vt 0.291016 0.314453
vt 0.642578 0.522461
vt 0.038086 0.338867
vt 0.290039 0.311523
vt 0.637695 0.519531
vt 0.041016 0.333984
vt 0.291016 0.311523
vt 0.642578 0.519531
vt 0.041016 0.338867
vt 0.600586 0.750977
vt 0.028320 0.361328
vt 0.324219 0.442383
vt 0.637695 0.624023
vt 0.616211 0.750977
vt 0.324219 0.426758
vt 0.600586 0.749023
vt 0.028320 0.359375
vt 0.558594 0.487305
vt 0.637695 0.622070
vt 0.616211 0.749023
vt 0.558594 0.471680
vt 0.640625 0.624023
vt 0.600586 0.748047
vt 0.327148 0.426758
vt 0.025391 0.361328
vt 0.616211 0.748047
vt 0.327148 0.442383
vt 0.640625 0.622070
vt 0.600586 0.746094
vt 0.561523 0.471680
vt 0.025391 0.359375
vt 0.616211 0.746094
vt 0.561523 0.487305
vt 0.599609 0.585938
vt 0.638672 0.556641
vt 0.554688 0.487305
vt 0.402344 0.386719
vt 0.615234 0.585938
vt 0.554688 0.471680
vt 0.599609 0.583984
vt 0.638672 0.554688
vt 0.180664 0.442383
vt 0.402344 0.384766
vt 0.615234 0.583984
vt 0.180664 0.426758
vt 0.405273 0.386719
vt 0.599609 0.462891
vt 0.557617 0.471680
vt 0.635742 0.556641
vt 0.615234 0.462891
vt 0.557617 0.487305
vt 0.405273 0.384766
vt 0.599609 0.460938
vt 0.183594 0.426758
vt 0.635742 0.554688
vt 0.615234 0.460938
vt 0.183594 0.442383
vt 0.599609 0.846680
vt 0.080078 0.386719
vt 0.399414 0.446289
vt 0.607422 0.600586
vt 0.615234 0.846680
vt 0.399414 0.430664
vt 0.599609 0.844727
vt 0.080078 0.384766
vt 0.444336 0.446289
vt 0.607422 0.598633
vt 0.615234 0.844727
vt 0.444336 0.430664
vt 0.610352 0.600586
vt 0.599609 0.588867
vt 0.402344 0.430664
vt 0.077148 0.386719
vt 0.615234 0.588867
vt 0.402344 0.446289
vt 0.610352 0.598633
vt 0.599609 0.586914
vt 0.447266 0.430664
vt 0.077148 0.384766
vt 0.615234 0.586914
vt 0.447266 0.446289
vt 0.593750 0.897461
vt 0.402344 0.429688
vt 0.382812 0.447266
vt 0.242188 0.429688
vt 0.609375 0.897461
vt 0.382812 0.431641
vt 0.593750 0.895508
vt 0.402344 0.427734
vt 0.478516 0.447266
vt 0.242188 0.427734
vt 0.609375 0.895508
vt 0.478516 0.431641
vt 0.245117 0.429688
vt 0.595703 0.689453
vt 0.385742 0.431641
vt 0.399414 0.429688
vt 0.611328 0.689453
vt 0.385742 0.447266
vt 0.245117 0.427734
vt 0.595703 0.687500
vt 0.481445 0.431641
vt 0.399414 0.427734
vt 0.611328 0.687500
vt 0.481445 0.447266
vt 0.598633 0.467773
vt 0.052734 0.422852
vt 0.098633 0.446289
vt 0.574219 0.709961
vt 0.614258 0.467773
vt 0.098633 0.430664
vt 0.598633 0.465820
vt 0.052734 0.420898
vt 0.220703 0.446289
vt 0.574219 0.708008
vt 0.614258 0.465820
vt 0.220703 0.430664
vt 0.577148 0.709961
vt 0.599609 0.909180
vt 0.101562 0.430664
vt 0.049805 0.422852
vt 0.615234 0.909180
vt 0.101562 0.446289
vt 0.577148 0.708008
vt 0.599609 0.907227
vt 0.223633 0.430664
vt 0.049805 0.420898
vt 0.615234 0.907227
vt 0.223633 0.446289
vt 0.321289 0.700195
vt 0.190430 0.437500
vt 0.046875 0.447266
vt 0.556641 0.458984
vt 0.336914 0.700195
vt 0.046875 0.431641
vt 0.321289 0.698242
vt 0.190430 0.435547
vt 0.207031 0.447266
vt 0.556641 0.457031
vt 0.336914 0.698242
vt 0.207031 0.431641
vt 0.559570 0.458984
vt 0.521484 0.917969
vt 0.049805 0.431641
vt 0.187500 0.437500
vt 0.537109 0.917969
vt 0.049805 0.447266
vt 0.559570 0.457031
vt 0.521484 0.916016
vt 0.209961 0.431641
vt 0.187500 0.435547
vt 0.537109 0.916016
vt 0.209961 0.447266
vt 0.599609 0.459961
vt 0.639648 0.394531
vt 0.291992 0.442383
vt 0.636719 0.533203
vt 0.615234 0.459961
vt 0.291992 0.426758
vt 0.599609 0.458008
vt 0.639648 0.392578
vt 0.295898 0.442383
vt 0.636719 0.531250
vt 0.615234 0.458008
vt 0.295898 0.426758
vt 0.639648 0.533203
vt 0.600586 0.951172
vt 0.294922 0.426758
vt 0.636719 0.394531
vt 0.616211 0.951172
vt 0.294922 0.442383
vt 0.639648 0.531250
vt 0.600586 0.949219
vt 0.298828 0.426758
vt 0.636719 0.392578
vt 0.616211 0.949219
vt 0.298828 0.442383
vt 0.600586 0.948242
vt 0.640625 0.867188
vt 0.306641 0.442383
vt 0.100586 0.362305
vt 0.616211 0.948242
vt 0.306641 0.426758
vt 0.600586 0.946289
vt 0.640625 0.865234
vt 0.320312 0.442383
vt 0.100586 0.360352
vt 0.616211 0.946289
vt 0.320312 0.426758
vt 0.103516 0.362305
vt 0.600586 0.774414
vt 0.309570 0.426758
vt 0.637695 0.867188
vt 0.616211 0.774414
vt 0.309570 0.442383
vt 0.103516 0.360352
vt 0.600586 0.772461
vt 0.323242 0.426758
vt 0.637695 0.865234
vt 0.616211 0.772461
vt 0.323242 0.442383
vt 0.147461 0.590820
vt 0.250977 0.684570
vt 0.552734 0.397461
vt 0.079102 0.793945
vt 0.154297 0.590820
vt 0.552734 0.390625
vt 0.147461 0.568359
vt 0.250977 0.662109
vt 0.603516 0.880859
vt 0.079102 0.771484
vt 0.154297 0.568359
vt 0.603516 0.874023
vt 0.083008 0.793945
vt 0.000000 0.587891
vt 0.556641 0.390625
vt 0.247070 0.684570
vt 0.006836 0.587891
vt 0.556641 0.397461
vt 0.083008 0.771484
vt 0.000000 0.565430
vt 0.607422 0.874023
vt 0.247070 0.662109
vt 0.006836 0.565430
vt 0.607422 0.880859
vt 0.498047 0.824219
vt 0.488281 0.598633
vt 0.509766 0.870117
vt 0.397461 0.832031
vt 0.504883 0.824219
vt 0.509766 0.863281
vt 0.498047 0.822266
vt 0.488281 0.596680
vt 0.163086 0.490234
vt 0.397461 0.830078
vt 0.504883 0.822266
vt 0.163086 0.483398
vt 0.407227 0.832031
vt 0.501953 0.967773
vt 0.519531 0.863281
vt 0.478516 0.598633
vt 0.508789 0.967773
vt 0.519531 0.870117
vt 0.407227 0.830078
vt 0.501953 0.965820
vt 0.172852 0.483398
vt 0.478516 0.596680
vt 0.508789 0.965820
vt 0.172852 0.490234
vt 0.502930 0.908203
vt 0.513672 0.507812
vt 0.085938 0.562500
vt 0.011719 0.554688
vt 0.509766 0.908203
vt 0.085938 0.555664
vt 0.502930 0.906250
vt 0.513672 0.505859
vt 0.441406 0.783203
vt 0.011719 0.552734
vt 0.509766 0.906250
vt 0.441406 0.776367
vt 0.015625 0.554688
vt 0.553711 0.948242
vt 0.089844 0.555664
vt 0.509766 0.507812
vt 0.560547 0.948242
vt 0.089844 0.562500
vt 0.015625 0.552734
vt 0.553711 0.946289
vt 0.445312 0.776367
vt 0.509766 0.505859
vt 0.560547 0.946289
vt 0.445312 0.783203
vt 0.578125 0.578125
vt 0.067383 0.533203
vt 0.591797 0.721680
vt 0.453125 0.863281
vt 0.584961 0.578125
vt 0.591797 0.714844
vt 0.578125 0.576172
vt 0.067383 0.531250
vt 0.281250 0.408203
vt 0.453125 0.861328
vt 0.584961 0.576172
vt 0.281250 0.401367
vt 0.458008 0.863281
vt 0.081055 0.390625
vt 0.596680 0.714844
vt 0.062500 0.533203
vt 0.087891 0.390625
vt 0.596680 0.721680
vt 0.458008 0.861328
vt 0.081055 0.388672
vt 0.286133 0.401367
vt 0.062500 0.531250
vt 0.087891 0.388672
vt 0.286133 0.408203
vt 0.642578 0.885742
vt 0.633789 0.826172
vt 0.509766 0.832031
vt 0.489258 0.775391
vt 0.649414 0.885742
vt 0.509766 0.825195
vt 0.642578 0.883789
vt 0.633789 0.824219
vt 0.509766 0.817383
vt 0.489258 0.773438
vt 0.649414 0.883789
vt 0.509766 0.810547
vt 0.499023 0.775391
vt 0.643555 0.932617
vt 0.519531 0.825195
vt 0.624023 0.826172
vt 0.650391 0.932617
vt 0.519531 0.832031
vt 0.499023 0.773438
vt 0.643555 0.930664
vt 0.519531 0.810547
vt 0.624023 0.824219
vt 0.650391 0.930664
vt 0.519531 0.817383
vt 0.268555 0.567383
vt 0.451172 0.353516
vt 0.541992 0.398438
vt 0.386719 0.353516
vt 0.275391 0.567383
vt 0.541992 0.391602
vt 0.268555 0.564453
vt 0.451172 0.350586
vt 0.038086 0.397461
vt 0.386719 0.350586
vt 0.275391 0.564453
vt 0.038086 0.390625
vt 0.390625 0.353516
vt 0.069336 0.566406
vt 0.545898 0.391602
vt 0.447266 0.353516
vt 0.076172 0.566406
vt 0.545898 0.398438
vt 0.390625 0.350586
vt 0.069336 0.563477
vt 0.041992 0.390625
vt 0.447266 0.350586
vt 0.076172 0.563477
vt 0.041992 0.397461
vt 0.644531 0.814453
vt 0.273438 0.407227
vt 0.374023 0.397461
vt 0.270508 0.425781
vt 0.651367 0.814453
vt 0.374023 0.390625
vt 0.644531 0.812500
vt 0.273438 0.405273
vt 0.468750 0.397461
vt 0.270508 0.423828
vt 0.651367 0.812500
vt 0.468750 0.390625
vt 0.274414 0.425781
vt 0.644531 0.577148
vt 0.377930 0.390625
vt 0.269531 0.407227
vt 0.651367 0.577148
vt 0.377930 0.397461
vt 0.274414 0.423828
vt 0.644531 0.575195
vt 0.472656 0.390625
vt 0.269531 0.405273
vt 0.651367 0.575195
vt 0.472656 0.397461
vt 0.645508 0.592773
vt 0.543945 0.894531
vt 0.297852 0.408203
vt 0.515625 0.911133
vt 0.652344 0.592773
vt 0.297852 0.401367
vt 0.645508 0.590820
vt 0.543945 0.892578
vt 0.303711 0.408203
vt 0.515625 0.909180
vt 0.652344 0.590820
vt 0.303711 0.401367
vt 0.520508 0.911133
vt 0.645508 0.479492
vt 0.302734 0.401367
vt 0.539062 0.894531
vt 0.652344 0.479492
vt 0.302734 0.408203
vt 0.520508 0.909180
vt 0.645508 0.477539
vt 0.308594 0.401367
vt 0.539062 0.892578
vt 0.652344 0.477539
vt 0.308594 0.408203
vt 0.643555 0.647461
vt 0.166992 0.436523
vt 0.486328 0.467773
vt 0.529297 0.589844
vt 0.650391 0.647461
vt 0.486328 0.460938
vt 0.643555 0.645508
vt 0.166992 0.434570
vt 0.234375 0.437500
vt 0.529297 0.587891
vt 0.650391 0.645508
vt 0.234375 0.430664
vt 0.533203 0.589844
vt 0.643555 0.412109
vt 0.490234 0.460938
vt 0.163086 0.436523
vt 0.650391 0.412109
vt 0.490234 0.467773
vt 0.533203 0.587891
vt 0.643555 0.410156
vt 0.238281 0.430664
vt 0.163086 0.434570
vt 0.650391 0.410156
vt 0.238281 0.437500
vt 0.542969 0.721680
vt 0.045898 0.331055
vt 0.090820 0.457031
vt 0.039062 0.331055
vt 0.560547 0.721680
vt 0.090820 0.439453
vt 0.542969 0.718750
vt 0.045898 0.328125
vt 0.094727 0.457031
vt 0.039062 0.328125
vt 0.560547 0.718750
vt 0.094727 0.439453
vt 0.041992 0.331055
vt 0.542969 0.717773
vt 0.093750 0.439453
vt 0.042969 0.331055
vt 0.560547 0.717773
vt 0.093750 0.457031
vt 0.041992 0.328125
vt 0.542969 0.714844
vt 0.097656 0.439453
vt 0.042969 0.328125
vt 0.560547 0.714844
vt 0.097656 0.457031
vt 0.542969 0.713867
vt 0.053711 0.331055
vt 0.113281 0.457031
vt 0.046875 0.331055
vt 0.560547 0.713867
vt 0.113281 0.439453
vt 0.542969 0.710938
vt 0.053711 0.328125
vt 0.117188 0.457031
vt 0.046875 0.328125
vt 0.560547 0.710938
vt 0.117188 0.439453
vt 0.049805 0.331055
vt 0.542969 0.709961
vt 0.116211 0.439453
vt 0.050781 0.331055
vt 0.560547 0.709961
vt 0.116211 0.457031
vt 0.049805 0.328125
vt 0.542969 0.707031
vt 0.120117 0.439453
vt 0.050781 0.328125
vt 0.560547 0.707031
vt 0.120117 0.457031
vt 0.542969 0.845703
vt 0.542969 0.332031
vt 0.267578 0.467773
vt 0.266602 0.332031
vt 0.560547 0.845703
vt 0.267578 0.450195
vt 0.542969 0.842773
vt 0.542969 0.329102
vt 0.048828 0.465820
vt 0.266602 0.329102
vt 0.560547 0.842773
vt 0.048828 0.448242
vt 0.269531 0.332031
vt 0.542969 0.841797
vt 0.270508 0.450195
vt 0.540039 0.332031
vt 0.560547 0.841797
vt 0.270508 0.467773
vt 0.269531 0.329102
vt 0.542969 0.838867
vt 0.051758 0.448242
vt 0.540039 0.329102
vt 0.560547 0.838867
vt 0.051758 0.465820
vt 0.542969 0.796875
vt 0.670898 0.416992
vt 0.099609 0.464844
vt 0.667969 0.420898
vt 0.560547 0.796875
vt 0.099609 0.447266
vt 0.542969 0.793945
vt 0.670898 0.414062
vt 0.010742 0.458008
vt 0.667969 0.417969
vt 0.560547 0.793945
vt 0.010742 0.440430
vt 0.670898 0.420898
vt 0.542969 0.792969
vt 0.102539 0.447266
vt 0.667969 0.416992
vt 0.560547 0.792969
vt 0.102539 0.464844
vt 0.670898 0.417969
vt 0.542969 0.790039
vt 0.013672 0.440430
vt 0.667969 0.414062
vt 0.560547 0.790039
vt 0.013672 0.458008
vt 0.500000 0.755859
vt 0.577148 0.842773
vt 0.530273 0.458008
vt 0.574219 0.887695
vt 0.517578 0.755859
vt 0.530273 0.440430
vt 0.500000 0.751953
vt 0.577148 0.838867
vt 0.534180 0.458008
vt 0.574219 0.883789
vt 0.517578 0.751953
vt 0.534180 0.440430
vt 0.577148 0.887695
vt 0.252930 0.499023
vt 0.533203 0.440430
vt 0.574219 0.842773
vt 0.270508 0.499023
vt 0.533203 0.458008
vt 0.577148 0.883789
vt 0.252930 0.495117
vt 0.537109 0.440430
vt 0.574219 0.838867
vt 0.270508 0.495117
vt 0.537109 0.458008
vt 0.542969 0.647461
vt 0.671875 0.911133
vt 0.141602 0.457031
vt 0.668945 0.923828
vt 0.560547 0.647461
vt 0.141602 0.439453
vt 0.542969 0.644531
vt 0.671875 0.908203
vt 0.145508 0.457031
vt 0.668945 0.920898
vt 0.560547 0.644531
vt 0.145508 0.439453
vt 0.671875 0.923828
vt 0.542969 0.634766
vt 0.144531 0.439453
vt 0.668945 0.911133
vt 0.560547 0.634766
vt 0.144531 0.457031
vt 0.671875 0.920898
vt 0.542969 0.631836
vt 0.148438 0.439453
vt 0.668945 0.908203
vt 0.560547 0.631836
vt 0.148438 0.457031
vt 0.498047 0.670898
vt 0.171875 0.427734
vt 0.411133 0.474609
vt 0.538086 0.650391
vt 0.515625 0.670898
vt 0.411133 0.457031
vt 0.498047 0.666992
vt 0.171875 0.423828
vt 0.471680 0.469727
vt 0.538086 0.646484
vt 0.515625 0.666992
vt 0.471680 0.452148
vt 0.541016 0.650391
vt 0.499023 0.688477
vt 0.414062 0.457031
vt 0.168945 0.427734
vt 0.516602 0.688477
vt 0.414062 0.474609
vt 0.541016 0.646484
vt 0.499023 0.684570
vt 0.474609 0.452148
vt 0.168945 0.423828
vt 0.516602 0.684570
vt 0.474609 0.469727
vt 0.542969 0.741211
vt 0.670898 0.388672
vt 0.405273 0.458008
vt 0.667969 0.392578
vt 0.560547 0.741211
vt 0.405273 0.440430
vt 0.542969 0.738281
vt 0.670898 0.385742
vt 0.449219 0.458008
vt 0.667969 0.389648
vt 0.560547 0.738281
vt 0.449219 0.440430
vt 0.670898 0.392578
vt 0.542969 0.737305
vt 0.408203 0.440430
vt 0.667969 0.388672
vt 0.560547 0.737305
vt 0.408203 0.458008
vt 0.670898 0.389648
vt 0.542969 0.734375
vt 0.452148 0.440430
vt 0.667969 0.385742
vt 0.560547 0.734375
vt 0.452148 0.458008
vt 0.496094 0.864258
vt 0.063477 0.410156
vt 0.416016 0.505859
vt 0.589844 0.945312
vt 0.508789 0.864258
vt 0.416016 0.493164
vt 0.496094 0.858398
vt 0.063477 0.404297
vt 0.294922 0.503906
vt 0.589844 0.939453
vt 0.508789 0.858398
vt 0.294922 0.491211
vt 0.595703 0.945312
vt 0.496094 0.864258
vt 0.421875 0.493164
vt 0.057617 0.410156
vt 0.508789 0.864258
vt 0.421875 0.505859
vt 0.595703 0.939453
vt 0.496094 0.858398
vt 0.300781 0.491211
vt 0.057617 0.404297
vt 0.508789 0.858398
vt 0.300781 0.503906
vt 0.496094 0.864258
vt 0.063477 0.410156
vt 0.416016 0.505859
vt 0.589844 0.945312
vt 0.508789 0.864258
vt 0.416016 0.493164
vt 0.496094 0.858398
vt 0.063477 0.404297
vt 0.294922 0.503906
vt 0.589844 0.939453
vt 0.508789 0.858398
vt 0.294922 0.491211
vt 0.595703 0.945312
vt 0.496094 0.864258
vt 0.421875 0.493164
vt 0.057617 0.410156
vt 0.508789 0.864258
vt 0.421875 0.505859
vt 0.595703 0.939453
vt 0.496094 0.858398
vt 0.300781 0.491211
vt 0.057617 0.404297
vt 0.508789 0.858398
vt 0.300781 0.503906
vt 0.496094 0.864258
vt 0.063477 0.410156
vt 0.416016 0.505859
vt 0.589844 0.945312
vt 0.508789 0.864258
vt 0.416016 0.493164
vt 0.496094 0.858398
vt 0.063477 0.404297
vt 0.294922 0.503906
vt 0.589844 0.939453
vt 0.508789 0.858398
vt 0.294922 0.491211
vt 0.595703 0.945312
vt 0.496094 0.864258
vt 0.421875 0.493164
vt 0.057617 0.410156
vt 0.508789 0.864258
vt 0.421875 0.505859
vt 0.595703 0.939453
vt 0.496094 0.858398
vt 0.300781 0.491211
vt 0.057617 0.404297
vt 0.508789 0.858398
vt 0.300781 0.503906
vt 0.496094 0.807617
vt 0.374023 0.410156
vt 0.306641 0.503906
vt 0.589844 0.768555
vt 0.508789 0.807617
vt 0.306641 0.491211
vt 0.496094 0.801758
vt 0.374023 0.404297
vt 0.323242 0.503906
vt 0.589844 0.762695
vt 0.508789 0.801758
vt 0.323242 0.491211
vt 0.595703 0.768555
vt 0.496094 0.807617
vt 0.312500 0.491211
vt 0.368164 0.410156
vt 0.508789 0.807617
vt 0.312500 0.503906
vt 0.595703 0.762695
vt 0.496094 0.801758
vt 0.329102 0.491211
vt 0.368164 0.404297
vt 0.508789 0.801758
vt 0.329102 0.503906
vt 0.496094 0.807617
vt 0.374023 0.410156
vt 0.306641 0.503906
vt 0.589844 0.768555
vt 0.508789 0.807617
vt 0.306641 0.491211
vt 0.496094 0.801758
vt 0.374023 0.404297
vt 0.323242 0.503906
vt 0.589844 0.762695
vt 0.508789 0.801758
vt 0.323242 0.491211
vt 0.595703 0.768555
vt 0.496094 0.807617
vt 0.312500 0.491211
vt 0.368164 0.410156
vt 0.508789 0.807617
vt 0.312500 0.503906
vt 0.595703 0.762695
vt 0.496094 0.801758
vt 0.329102 0.491211
vt 0.368164 0.404297
vt 0.508789 0.801758
vt 0.329102 0.503906
vt 0.496094 0.807617
vt 0.374023 0.410156
vt 0.306641 0.503906
vt 0.589844 0.768555
vt 0.508789 0.807617
vt 0.306641 0.491211
vt 0.496094 0.801758
vt 0.374023 0.404297
vt 0.323242 0.503906
vt 0.589844 0.762695
vt 0.508789 0.801758
vt 0.323242 0.491211
vt 0.595703 0.768555
vt 0.496094 0.712891
vt 0.312500 0.491211
vt 0.368164 0.410156
vt 0.508789 0.712891
vt 0.312500 0.503906
vt 0.595703 0.762695
vt 0.496094 0.707031
vt 0.329102 0.491211
vt 0.368164 0.404297
vt 0.508789 0.707031
vt 0.329102 0.503906
vt 0.496094 0.864258
vt 0.063477 0.410156
vt 0.416016 0.505859
vt 0.589844 0.945312
vt 0.508789 0.864258
vt 0.416016 0.493164
vt 0.496094 0.858398
vt 0.063477 0.404297
vt 0.294922 0.503906
vt 0.589844 0.939453
vt 0.508789 0.858398
vt 0.294922 0.491211
vt 0.595703 0.945312
vt 0.496094 0.864258
vt 0.421875 0.493164
vt 0.057617 0.410156
vt 0.508789 0.864258
vt 0.421875 0.505859
vt 0.595703 0.939453
vt 0.496094 0.858398
vt 0.300781 0.491211
vt 0.057617 0.404297
vt 0.508789 0.858398
vt 0.300781 0.503906
vt 0.496094 0.807617
vt 0.374023 0.410156
vt 0.306641 0.503906
vt 0.589844 0.768555
vt 0.508789 0.807617
vt 0.306641 0.491211
vt 0.496094 0.801758
vt 0.374023 0.404297
vt 0.323242 0.503906
vt 0.589844 0.762695
vt 0.508789 0.801758
vt 0.323242 0.491211
vt 0.595703 0.768555
vt 0.496094 0.807617
vt 0.312500 0.491211
vt 0.368164 0.410156
vt 0.508789 0.807617
vt 0.312500 0.503906
vt 0.595703 0.762695
vt 0.496094 0.801758
vt 0.329102 0.491211
vt 0.368164 0.404297
vt 0.508789 0.801758
vt 0.329102 0.503906
vt 0.618164 0.579102
vt 0.570312 0.388672
vt 0.482422 0.496094
vt 0.611328 0.483398
vt 0.625977 0.579102
vt 0.482422 0.488281
vt 0.618164 0.576172
vt 0.570312 0.385742
vt 0.492188 0.496094
vt 0.611328 0.480469
vt 0.625977 0.576172
vt 0.492188 0.488281
vt 0.620117 0.483398
vt 0.619141 1.000000
vt 0.491211 0.488281
vt 0.561523 0.388672
vt 0.626953 1.000000
vt 0.491211 0.496094
vt 0.620117 0.480469
vt 0.619141 0.997070
vt 0.500977 0.488281
vt 0.561523 0.385742
vt 0.626953 0.997070
vt 0.500977 0.496094
vt 0.619141 0.645508
vt 0.626953 0.620117
vt 0.250000 0.478516
vt 0.294922 0.380859
vt 0.626953 0.645508
vt 0.250000 0.470703
vt 0.619141 0.642578
vt 0.626953 0.617188
vt 0.347656 0.478516
vt 0.294922 0.377930
vt 0.626953 0.642578
vt 0.347656 0.470703
vt 0.302734 0.380859
vt 0.619141 0.616211
vt 0.257812 0.470703
vt 0.619141 0.620117
vt 0.626953 0.616211
vt 0.257812 0.478516
vt 0.302734 0.377930
vt 0.619141 0.613281
vt 0.355469 0.470703
vt 0.619141 0.617188
vt 0.626953 0.613281
vt 0.355469 0.478516
vt 0.680664 0.904297
vt 0.688477 0.896484
vt 0.000000 0.477539
vt 0.680664 0.921875
vt 0.688477 0.904297
vt 0.000000 0.469727
vt 0.680664 0.903320
vt 0.688477 0.895508
vt 0.522461 0.967773
vt 0.680664 0.920898
vt 0.688477 0.903320
vt 0.522461 0.959961
vt 0.688477 0.921875
vt 0.680664 0.894531
vt 0.007812 0.469727
vt 0.680664 0.896484
vt 0.688477 0.894531
vt 0.007812 0.477539
vt 0.688477 0.920898
vt 0.680664 0.893555
vt 0.530273 0.959961
vt 0.680664 0.895508
vt 0.688477 0.893555
vt 0.530273 0.967773
vt 0.680664 0.929688
vt 0.677734 0.867188
vt 0.187500 0.499023
vt 0.126953 0.331055
vt 0.688477 0.929688
vt 0.187500 0.491211
vt 0.680664 0.928711
vt 0.677734 0.866211
vt 0.347656 0.496094
vt 0.126953 0.330078
vt 0.688477 0.928711
vt 0.347656 0.488281
vt 0.135742 0.331055
vt 0.680664 0.923828
vt 0.196289 0.491211
vt 0.668945 0.867188
vt 0.688477 0.923828
vt 0.196289 0.499023
vt 0.135742 0.330078
vt 0.680664 0.922852
vt 0.356445 0.488281
vt 0.668945 0.866211
vt 0.688477 0.922852
vt 0.356445 0.496094
vt 0.085938 0.798828
vt 0.125000 0.537109
vt 0.236328 0.533203
vt 0.217773 0.622070
vt 0.118164 0.798828
vt 0.236328 0.500977
vt 0.085938 0.765625
vt 0.125000 0.503906
vt 0.240234 0.533203
vt 0.217773 0.588867
vt 0.118164 0.765625
vt 0.240234 0.500977
vt 0.220703 0.622070
vt 0.201172 0.837891
vt 0.239258 0.500977
vt 0.122070 0.537109
vt 0.233398 0.837891
vt 0.239258 0.533203
vt 0.220703 0.588867
vt 0.201172 0.804688
vt 0.243164 0.500977
vt 0.122070 0.503906
vt 0.233398 0.804688
vt 0.243164 0.533203
vt 0.635742 0.362305
vt 0.413086 0.314453
vt 0.160156 0.338867
vt 0.408203 0.314453
vt 0.640625 0.362305
vt 0.160156 0.333984
vt 0.635742 0.359375
vt 0.413086 0.311523
vt 0.163086 0.338867
vt 0.408203 0.311523
vt 0.640625 0.359375
vt 0.163086 0.333984
vt 0.410156 0.314453
vt 0.638672 0.970703
vt 0.162109 0.333984
vt 0.411133 0.314453
vt 0.643555 0.970703
vt 0.162109 0.338867
vt 0.410156 0.311523
vt 0.638672 0.967773
vt 0.165039 0.333984
vt 0.411133 0.311523
vt 0.643555 0.967773
vt 0.165039 0.338867
vt 0.638672 0.966797
vt 0.418945 0.314453
vt 0.166016 0.338867
vt 0.414062 0.314453
vt 0.643555 0.966797
vt 0.166016 0.333984
vt 0.638672 0.963867
vt 0.418945 0.311523
vt 0.168945 0.338867
vt 0.414062 0.311523
vt 0.643555 0.963867
vt 0.168945 0.333984
vt 0.416016 0.314453
vt 0.638672 0.962891
vt 0.167969 0.333984
vt 0.416992 0.314453
vt 0.643555 0.962891
vt 0.167969 0.338867
vt 0.416016 0.311523
vt 0.638672 0.959961
vt 0.170898 0.333984
vt 0.416992 0.311523
vt 0.643555 0.959961
vt 0.170898 0.338867
vt 0.052734 0.361328
vt 0.687500 0.563477
vt 0.186523 0.338867
vt 0.419922 0.314453
vt 0.057617 0.361328
vt 0.186523 0.333984
vt 0.052734 0.358398
vt 0.687500 0.560547
vt 0.189453 0.338867
vt 0.419922 0.311523
vt 0.057617 0.358398
vt 0.189453 0.333984
vt 0.421875 0.314453
vt 0.064453 0.361328
vt 0.188477 0.333984
vt 0.685547 0.563477
vt 0.069336 0.361328
vt 0.188477 0.338867
vt 0.421875 0.311523
vt 0.064453 0.358398
vt 0.191406 0.333984
vt 0.685547 0.560547
vt 0.069336 0.358398
vt 0.191406 0.338867
vt 0.070312 0.361328
vt 0.460938 0.314453
vt 0.192383 0.338867
vt 0.456055 0.314453
vt 0.075195 0.361328
vt 0.192383 0.333984
vt 0.070312 0.358398
vt 0.460938 0.311523
vt 0.195312 0.338867
vt 0.456055 0.311523
vt 0.075195 0.358398
vt 0.195312 0.333984
vt 0.458008 0.314453
vt 0.076172 0.361328
vt 0.194336 0.333984
vt 0.458984 0.314453
vt 0.081055 0.361328
vt 0.194336 0.338867
vt 0.458008 0.311523
vt 0.076172 0.358398
vt 0.197266 0.333984
vt 0.458984 0.311523
vt 0.081055 0.358398
vt 0.197266 0.338867
vt 0.638672 0.922852
vt 0.466797 0.314453
vt 0.200195 0.338867
vt 0.461914 0.314453
vt 0.643555 0.922852
vt 0.200195 0.333984
vt 0.638672 0.919922
vt 0.466797 0.311523
vt 0.203125 0.338867
vt 0.461914 0.311523
vt 0.643555 0.919922
vt 0.203125 0.333984
vt 0.463867 0.314453
vt 0.638672 0.918945
vt 0.202148 0.333984
vt 0.464844 0.314453
vt 0.643555 0.918945
vt 0.202148 0.338867
vt 0.463867 0.311523
vt 0.638672 0.916016
vt 0.205078 0.333984
vt 0.464844 0.311523
vt 0.643555 0.916016
vt 0.205078 0.338867
vt 0.082031 0.361328
vt 0.472656 0.314453
vt 0.206055 0.338867
vt 0.467773 0.314453
vt 0.086914 0.361328
vt 0.206055 0.333984
vt 0.082031 0.358398
vt 0.472656 0.311523
vt 0.250000 0.338867
vt 0.467773 0.311523
vt 0.086914 0.358398
vt 0.250000 0.333984
vt 0.469727 0.314453
vt 0.638672 0.910156
vt 0.208008 0.333984
vt 0.470703 0.314453
vt 0.643555 0.910156
vt 0.208008 0.338867
vt 0.469727 0.311523
vt 0.638672 0.907227
vt 0.251953 0.333984
vt 0.470703 0.311523
vt 0.643555 0.907227
vt 0.251953 0.338867
vt 0.638672 0.906250
vt 0.487305 0.314453
vt 0.252930 0.338867
vt 0.477539 0.314453
vt 0.643555 0.906250
vt 0.252930 0.333984
vt 0.638672 0.903320
vt 0.487305 0.311523
vt 0.255859 0.338867
vt 0.477539 0.311523
vt 0.643555 0.903320
vt 0.255859 0.333984
vt 0.479492 0.314453
vt 0.107422 0.361328
vt 0.254883 0.333984
vt 0.485352 0.314453
vt 0.112305 0.361328
vt 0.254883 0.338867
vt 0.479492 0.311523
vt 0.107422 0.358398
vt 0.257812 0.333984
vt 0.485352 0.311523
vt 0.112305 0.358398
vt 0.257812 0.338867
vt 0.133789 0.361328
vt 0.493164 0.314453
vt 0.317383 0.338867
vt 0.488281 0.314453
vt 0.138672 0.361328
vt 0.317383 0.333984
vt 0.133789 0.358398
vt 0.493164 0.311523
vt 0.320312 0.338867
vt 0.488281 0.311523
vt 0.138672 0.358398
vt 0.320312 0.333984
vt 0.490234 0.314453
vt 0.145508 0.361328
vt 0.319336 0.333984
vt 0.491211 0.314453
vt 0.150391 0.361328
vt 0.319336 0.338867
vt 0.490234 0.311523
vt 0.145508 0.358398
vt 0.322266 0.333984
vt 0.491211 0.311523
vt 0.150391 0.358398
vt 0.322266 0.338867
vt 0.638672 0.853516
vt 0.499023 0.314453
vt 0.323242 0.338867
vt 0.494141 0.314453
vt 0.643555 0.853516
vt 0.323242 0.333984
vt 0.638672 0.850586
vt 0.499023 0.311523
vt 0.326172 0.338867
vt 0.494141 0.311523
vt 0.643555 0.850586
vt 0.326172 0.333984
vt 0.496094 0.314453
vt 0.151367 0.361328
vt 0.325195 0.333984
vt 0.497070 0.314453
vt 0.156250 0.361328
vt 0.325195 0.338867
vt 0.496094 0.311523
vt 0.151367 0.358398
vt 0.328125 0.333984
vt 0.497070 0.311523
vt 0.156250 0.358398
vt 0.328125 0.338867
vt 0.186523 0.361328
vt 0.513672 0.314453
vt 0.329102 0.338867
vt 0.508789 0.314453
vt 0.191406 0.361328
vt 0.329102 0.333984
vt 0.186523 0.358398
vt 0.513672 0.311523
vt 0.332031 0.338867
vt 0.508789 0.311523
vt 0.191406 0.358398
vt 0.332031 0.333984
vt 0.510742 0.314453
vt 0.638672 0.800781
vt 0.331055 0.333984
vt 0.511719 0.314453
vt 0.643555 0.800781
vt 0.331055 0.338867
vt 0.510742 0.311523
vt 0.638672 0.797852
vt 0.333984 0.333984
vt 0.511719 0.311523
vt 0.643555 0.797852
vt 0.333984 0.338867
vt 0.638672 0.783203
vt 0.519531 0.314453
vt 0.334961 0.338867
vt 0.514648 0.314453
vt 0.643555 0.783203
vt 0.334961 0.333984
vt 0.638672 0.780273
vt 0.519531 0.311523
vt 0.337891 0.338867
vt 0.514648 0.311523
vt 0.643555 0.780273
vt 0.337891 0.333984
vt 0.516602 0.314453
vt 0.226562 0.361328
vt 0.336914 0.333984
vt 0.517578 0.314453
vt 0.231445 0.361328
vt 0.336914 0.338867
vt 0.516602 0.311523
vt 0.226562 0.358398
vt 0.339844 0.333984
vt 0.517578 0.311523
vt 0.231445 0.358398
vt 0.339844 0.338867
vt 0.638672 0.601562
vt 0.574219 0.314453
vt 0.358398 0.338867
vt 0.555664 0.314453
vt 0.643555 0.601562
vt 0.358398 0.333984
vt 0.638672 0.598633
vt 0.574219 0.311523
vt 0.361328 0.338867
vt 0.555664 0.311523
vt 0.643555 0.598633
vt 0.361328 0.333984
vt 0.557617 0.314453
vt 0.410156 0.361328
vt 0.360352 0.333984
vt 0.572266 0.314453
vt 0.415039 0.361328
vt 0.360352 0.338867
vt 0.557617 0.311523
vt 0.410156 0.358398
vt 0.363281 0.333984
vt 0.572266 0.311523
vt 0.415039 0.358398
vt 0.363281 0.338867
vt 0.416016 0.361328
vt 0.580078 0.314453
vt 0.364258 0.338867
vt 0.575195 0.314453
vt 0.420898 0.361328
vt 0.364258 0.333984
vt 0.416016 0.358398
vt 0.580078 0.311523
vt 0.367188 0.338867
vt 0.575195 0.311523
vt 0.420898 0.358398
vt 0.367188 0.333984
vt 0.577148 0.314453
vt 0.638672 0.579102
vt 0.366211 0.333984
vt 0.578125 0.314453
vt 0.643555 0.579102
vt 0.366211 0.338867
vt 0.577148 0.311523
vt 0.638672 0.576172
vt 0.369141 0.333984
vt 0.578125 0.311523
vt 0.643555 0.576172
vt 0.369141 0.338867
vt 0.636719 0.896484
vt 0.103516 0.314453
vt 0.416016 0.339844
vt 0.098633 0.314453
vt 0.641602 0.896484
vt 0.416016 0.334961
vt 0.636719 0.893555
vt 0.103516 0.311523
vt 0.418945 0.339844
vt 0.098633 0.311523
vt 0.641602 0.893555
vt 0.418945 0.334961
vt 0.100586 0.314453
vt 0.636719 0.811523
vt 0.417969 0.334961
vt 0.101562 0.314453
vt 0.641602 0.811523
vt 0.417969 0.339844
vt 0.100586 0.311523
vt 0.636719 0.808594
vt 0.420898 0.334961
vt 0.101562 0.311523
vt 0.641602 0.808594
vt 0.420898 0.339844
vt 0.637695 0.937500
vt 0.212891 0.314453
vt 0.660156 0.511719
vt 0.208008 0.314453
vt 0.642578 0.937500
vt 0.660156 0.506836
vt 0.637695 0.934570
vt 0.212891 0.311523
vt 0.491211 0.339844
vt 0.208008 0.311523
vt 0.642578 0.934570
vt 0.491211 0.334961
vt 0.209961 0.314453
vt 0.637695 0.933594
vt 0.662109 0.506836
vt 0.210938 0.314453
vt 0.642578 0.933594
vt 0.662109 0.511719
vt 0.209961 0.311523
vt 0.637695 0.930664
vt 0.493164 0.334961
vt 0.210938 0.311523
vt 0.642578 0.930664
vt 0.493164 0.339844
vt 0.636719 0.988281
vt 0.097656 0.314453
vt 0.410156 0.339844
vt 0.086914 0.314453
vt 0.641602 0.988281
vt 0.410156 0.334961
vt 0.636719 0.985352
vt 0.097656 0.311523
vt 0.413086 0.339844
vt 0.086914 0.311523
vt 0.641602 0.985352
vt 0.413086 0.334961
vt 0.088867 0.314453
vt 0.636719 0.976562
vt 0.412109 0.334961
vt 0.095703 0.314453
vt 0.641602 0.976562
vt 0.412109 0.339844
vt 0.088867 0.311523
vt 0.636719 0.973633
vt 0.415039 0.334961
vt 0.095703 0.311523
vt 0.641602 0.973633
vt 0.415039 0.339844
vt 0.636719 0.774414
vt 0.109375 0.314453
vt 0.421875 0.339844
vt 0.104492 0.314453
vt 0.641602 0.774414
vt 0.421875 0.334961
vt 0.636719 0.771484
vt 0.109375 0.311523
vt 0.424805 0.339844
vt 0.104492 0.311523
vt 0.641602 0.771484
vt 0.424805 0.334961
vt 0.106445 0.314453
vt 0.636719 0.732422
vt 0.423828 0.334961
vt 0.107422 0.314453
vt 0.641602 0.732422
vt 0.423828 0.339844
vt 0.106445 0.311523
vt 0.636719 0.729492
vt 0.426758 0.334961
vt 0.107422 0.311523
vt 0.641602 0.729492
vt 0.426758 0.339844
vt 0.636719 0.728516
vt 0.115234 0.314453
vt 0.427734 0.339844
vt 0.110352 0.314453
vt 0.641602 0.728516
vt 0.427734 0.334961
vt 0.636719 0.725586
vt 0.115234 0.311523
vt 0.430664 0.339844
vt 0.110352 0.311523
vt 0.641602 0.725586
vt 0.430664 0.334961
vt 0.112305 0.314453
vt 0.357422 0.363281
vt 0.429688 0.334961
vt 0.113281 0.314453
vt 0.362305 0.363281
vt 0.429688 0.339844
vt 0.112305 0.311523
vt 0.357422 0.360352
vt 0.432617 0.334961
vt 0.113281 0.311523
vt 0.362305 0.360352
vt 0.432617 0.339844
vt 0.636719 0.642578
vt 0.687500 0.882812
vt 0.433594 0.339844
vt 0.685547 0.886719
vt 0.641602 0.642578
vt 0.433594 0.334961
vt 0.636719 0.639648
vt 0.687500 0.879883
vt 0.436523 0.339844
vt 0.685547 0.883789
vt 0.641602 0.639648
vt 0.436523 0.334961
vt 0.687500 0.886719
vt 0.636719 0.638672
vt 0.435547 0.334961
vt 0.685547 0.882812
vt 0.641602 0.638672
vt 0.435547 0.339844
vt 0.687500 0.883789
vt 0.636719 0.635742
vt 0.438477 0.334961
vt 0.685547 0.879883
vt 0.641602 0.635742
vt 0.438477 0.339844
vt 0.636719 0.510742
vt 0.126953 0.314453
vt 0.439453 0.339844
vt 0.122070 0.314453
vt 0.641602 0.510742
vt 0.439453 0.334961
vt 0.636719 0.507812
vt 0.126953 0.311523
vt 0.442383 0.339844
vt 0.122070 0.311523
vt 0.641602 0.507812
vt 0.442383 0.334961
vt 0.124023 0.314453
vt 0.636719 0.506836
vt 0.441406 0.334961
vt 0.125000 0.314453
vt 0.641602 0.506836
vt 0.441406 0.339844
vt 0.124023 0.311523
vt 0.636719 0.503906
vt 0.444336 0.334961
vt 0.125000 0.311523
vt 0.641602 0.503906
vt 0.444336 0.339844
vt 0.636719 0.494141
vt 0.136719 0.314453
vt 0.445312 0.339844
vt 0.131836 0.314453
vt 0.641602 0.494141
vt 0.445312 0.334961
vt 0.636719 0.491211
vt 0.136719 0.311523
vt 0.448242 0.339844
vt 0.131836 0.311523
vt 0.641602 0.491211
vt 0.448242 0.334961
vt 0.133789 0.314453
vt 0.516602 0.363281
vt 0.447266 0.334961
vt 0.134766 0.314453
vt 0.521484 0.363281
vt 0.447266 0.339844
vt 0.133789 0.311523
vt 0.516602 0.360352
vt 0.450195 0.334961
vt 0.134766 0.311523
vt 0.521484 0.360352
vt 0.450195 0.339844
vt 0.522461 0.363281
vt 0.153320 0.314453
vt 0.451172 0.339844
vt 0.148438 0.314453
vt 0.527344 0.363281
vt 0.451172 0.334961
vt 0.522461 0.360352
vt 0.153320 0.311523
vt 0.454102 0.339844
vt 0.148438 0.311523
vt 0.527344 0.360352
vt 0.454102 0.334961
vt 0.150391 0.314453
vt 0.579102 0.363281
vt 0.453125 0.334961
vt 0.151367 0.314453
vt 0.583984 0.363281
vt 0.453125 0.339844
vt 0.150391 0.311523
vt 0.579102 0.360352
vt 0.456055 0.334961
vt 0.151367 0.311523
vt 0.583984 0.360352
vt 0.456055 0.339844
vt 0.636719 0.398438
vt 0.166992 0.314453
vt 0.458984 0.339844
vt 0.154297 0.314453
vt 0.641602 0.398438
vt 0.458984 0.334961
vt 0.636719 0.395508
vt 0.166992 0.311523
vt 0.461914 0.339844
vt 0.154297 0.311523
vt 0.641602 0.395508
vt 0.461914 0.334961
vt 0.156250 0.314453
vt 0.618164 0.363281
vt 0.460938 0.334961
vt 0.165039 0.314453
vt 0.623047 0.363281
vt 0.460938 0.339844
vt 0.156250 0.311523
vt 0.618164 0.360352
vt 0.463867 0.334961
vt 0.165039 0.311523
vt 0.623047 0.360352
vt 0.463867 0.339844
vt 0.421875 0.361328
vt 0.585938 0.314453
vt 0.370117 0.338867
vt 0.581055 0.314453
vt 0.426758 0.361328
vt 0.370117 0.333984
vt 0.421875 0.358398
vt 0.585938 0.311523
vt 0.373047 0.338867
vt 0.581055 0.311523
vt 0.426758 0.358398
vt 0.373047 0.333984
vt 0.583008 0.314453
vt 0.450195 0.361328
vt 0.372070 0.333984
vt 0.583984 0.314453
vt 0.455078 0.361328
vt 0.372070 0.338867
vt 0.583008 0.311523
vt 0.450195 0.358398
vt 0.375000 0.333984
vt 0.583984 0.311523
vt 0.455078 0.358398
vt 0.375000 0.338867
vt 0.466797 0.361328
vt 0.591797 0.314453
vt 0.375977 0.338867
vt 0.586914 0.314453
vt 0.471680 0.361328
vt 0.375977 0.333984
vt 0.466797 0.358398
vt 0.591797 0.311523
vt 0.378906 0.338867
vt 0.586914 0.311523
vt 0.471680 0.358398
vt 0.378906 0.333984
vt 0.588867 0.314453
vt 0.638672 0.403320
vt 0.377930 0.333984
vt 0.589844 0.314453
vt 0.643555 0.403320
vt 0.377930 0.338867
vt 0.588867 0.311523
vt 0.638672 0.400391
vt 0.380859 0.333984
vt 0.589844 0.311523
vt 0.643555 0.400391
vt 0.380859 0.338867
vt 0.638672 0.377930
vt 0.687500 0.405273
vt 0.470703 0.338867
vt 0.592773 0.314453
vt 0.643555 0.377930
vt 0.470703 0.333984
vt 0.638672 0.375000
vt 0.687500 0.402344
vt 0.473633 0.338867
vt 0.592773 0.311523
vt 0.643555 0.375000
vt 0.473633 0.333984
vt 0.594727 0.314453
vt 0.638672 0.374023
vt 0.472656 0.333984
vt 0.685547 0.405273
vt 0.643555 0.374023
vt 0.472656 0.338867
vt 0.594727 0.311523
vt 0.638672 0.371094
vt 0.475586 0.333984
vt 0.685547 0.402344
vt 0.643555 0.371094
vt 0.475586 0.338867
vt 0.029297 0.362305
vt 0.207031 0.314453
vt 0.464844 0.339844
vt 0.167969 0.314453
vt 0.034180 0.362305
vt 0.464844 0.334961
vt 0.029297 0.359375
vt 0.207031 0.311523
vt 0.467773 0.339844
vt 0.167969 0.311523
vt 0.034180 0.359375
vt 0.467773 0.334961
vt 0.169922 0.314453
vt 0.637695 0.941406
vt 0.466797 0.334961
vt 0.205078 0.314453
vt 0.642578 0.941406
vt 0.466797 0.339844
vt 0.169922 0.311523
vt 0.637695 0.938477
vt 0.469727 0.334961
vt 0.205078 0.311523
vt 0.642578 0.938477
vt 0.469727 0.339844
vt 0.092773 0.362305
vt 0.218750 0.314453
vt 0.494141 0.339844
vt 0.213867 0.314453
vt 0.097656 0.362305
vt 0.494141 0.334961
vt 0.092773 0.359375
vt 0.218750 0.311523
vt 0.497070 0.339844
vt 0.213867 0.311523
vt 0.097656 0.359375
vt 0.497070 0.334961
vt 0.215820 0.314453
vt 0.637695 0.892578
vt 0.496094 0.334961
vt 0.216797 0.314453
vt 0.642578 0.892578
vt 0.496094 0.339844
vt 0.215820 0.311523
vt 0.637695 0.889648
vt 0.499023 0.334961
vt 0.216797 0.311523
vt 0.642578 0.889648
vt 0.499023 0.339844
vt 0.119141 0.362305
vt 0.224609 0.314453
vt 0.500000 0.339844
vt 0.219727 0.314453
vt 0.124023 0.362305
vt 0.500000 0.334961
vt 0.119141 0.359375
vt 0.224609 0.311523
vt 0.502930 0.339844
vt 0.219727 0.311523
vt 0.124023 0.359375
vt 0.502930 0.334961
vt 0.221680 0.314453
vt 0.637695 0.871094
vt 0.501953 0.334961
vt 0.222656 0.314453
vt 0.642578 0.871094
vt 0.501953 0.339844
vt 0.221680 0.311523
vt 0.637695 0.868164
vt 0.504883 0.334961
vt 0.222656 0.311523
vt 0.642578 0.868164
vt 0.504883 0.339844
vt 0.197266 0.362305
vt 0.687500 0.773438
vt 0.660156 0.497070
vt 0.225586 0.314453
vt 0.202148 0.362305
vt 0.660156 0.492188
vt 0.197266 0.359375
vt 0.687500 0.770508
vt 0.505859 0.339844
vt 0.225586 0.311523
vt 0.202148 0.359375
vt 0.505859 0.334961
vt 0.227539 0.314453
vt 0.210938 0.362305
vt 0.662109 0.492188
vt 0.685547 0.773438
vt 0.215820 0.362305
vt 0.662109 0.497070
vt 0.227539 0.311523
vt 0.210938 0.359375
vt 0.507812 0.334961
vt 0.685547 0.770508
vt 0.215820 0.359375
vt 0.507812 0.339844
vt 0.216797 0.362305
vt 0.242188 0.314453
vt 0.508789 0.339844
vt 0.237305 0.314453
vt 0.221680 0.362305
vt 0.508789 0.334961
vt 0.216797 0.359375
vt 0.242188 0.311523
vt 0.571289 0.339844
vt 0.237305 0.311523
vt 0.221680 0.359375
vt 0.571289 0.334961
vt 0.239258 0.314453
vt 0.637695 0.778320
vt 0.510742 0.334961
vt 0.240234 0.314453
vt 0.642578 0.778320
vt 0.510742 0.339844
vt 0.239258 0.311523
vt 0.637695 0.775391
vt 0.573242 0.334961
vt 0.240234 0.311523
vt 0.642578 0.775391
vt 0.573242 0.339844
vt 0.637695 0.765625
vt 0.687500 0.753906
vt 0.610352 0.339844
vt 0.685547 0.757812
vt 0.642578 0.765625
vt 0.610352 0.334961
vt 0.637695 0.762695
vt 0.687500 0.750977
vt 0.613281 0.339844
vt 0.685547 0.754883
vt 0.642578 0.762695
vt 0.613281 0.334961
vt 0.687500 0.757812
vt 0.637695 0.761719
vt 0.612305 0.334961
vt 0.685547 0.753906
vt 0.642578 0.761719
vt 0.612305 0.339844
vt 0.687500 0.754883
vt 0.637695 0.758789
vt 0.615234 0.334961
vt 0.685547 0.750977
vt 0.642578 0.758789
vt 0.615234 0.339844
vt 0.637695 0.716797
vt 0.266602 0.314453
vt 0.616211 0.339844
vt 0.261719 0.314453
vt 0.642578 0.716797
vt 0.616211 0.334961
vt 0.637695 0.713867
vt 0.266602 0.311523
vt 0.619141 0.339844
vt 0.261719 0.311523
vt 0.642578 0.713867
vt 0.619141 0.334961
vt 0.263672 0.314453
vt 0.637695 0.712891
vt 0.618164 0.334961
vt 0.264648 0.314453
vt 0.642578 0.712891
vt 0.618164 0.339844
vt 0.263672 0.311523
vt 0.637695 0.709961
vt 0.621094 0.334961
vt 0.264648 0.311523
vt 0.642578 0.709961
vt 0.621094 0.339844
vt 0.637695 0.707031
vt 0.272461 0.314453
vt 0.622070 0.339844
vt 0.267578 0.314453
vt 0.642578 0.707031
vt 0.622070 0.334961
vt 0.637695 0.704102
vt 0.272461 0.311523
vt 0.625000 0.339844
vt 0.267578 0.311523
vt 0.642578 0.704102
vt 0.625000 0.334961
vt 0.269531 0.314453
vt 0.637695 0.703125
vt 0.624023 0.334961
vt 0.270508 0.314453
vt 0.642578 0.703125
vt 0.624023 0.339844
vt 0.269531 0.311523
vt 0.637695 0.700195
vt 0.626953 0.334961
vt 0.270508 0.311523
vt 0.642578 0.700195
vt 0.626953 0.339844
vt 0.637695 0.689453
vt 0.278320 0.314453
vt 0.627930 0.339844
vt 0.273438 0.314453
vt 0.642578 0.689453
vt 0.627930 0.334961
vt 0.637695 0.686523
vt 0.278320 0.311523
vt 0.630859 0.339844
vt 0.273438 0.311523
vt 0.642578 0.686523
vt 0.630859 0.334961
vt 0.275391 0.314453
vt 0.637695 0.660156
vt 0.629883 0.334961
vt 0.276367 0.314453
vt 0.642578 0.660156
vt 0.629883 0.339844
vt 0.275391 0.311523
vt 0.637695 0.657227
vt 0.632812 0.334961
vt 0.276367 0.311523
vt 0.642578 0.657227
vt 0.632812 0.339844
vt 0.637695 0.649414
vt 0.687500 0.720703
vt 0.633789 0.339844
vt 0.279297 0.314453
vt 0.642578 0.649414
vt 0.633789 0.334961
vt 0.637695 0.646484
vt 0.687500 0.717773
vt 0.636719 0.339844
vt 0.279297 0.311523
vt 0.642578 0.646484
vt 0.636719 0.334961
vt 0.281250 0.314453
vt 0.368164 0.362305
vt 0.635742 0.334961
vt 0.685547 0.720703
vt 0.373047 0.362305
vt 0.635742 0.339844
vt 0.281250 0.311523
vt 0.368164 0.359375
vt 0.638672 0.334961
vt 0.685547 0.717773
vt 0.373047 0.359375
vt 0.638672 0.339844
vt 0.637695 0.627930
vt 0.287109 0.314453
vt 0.660156 0.363281
vt 0.282227 0.314453
vt 0.642578 0.627930
vt 0.660156 0.358398
vt 0.637695 0.625000
vt 0.287109 0.311523
vt 0.639648 0.339844
vt 0.282227 0.311523
vt 0.642578 0.625000
vt 0.639648 0.334961
vt 0.284180 0.314453
vt 0.374023 0.362305
vt 0.662109 0.358398
vt 0.285156 0.314453
vt 0.378906 0.362305
vt 0.662109 0.363281
vt 0.284180 0.311523
vt 0.374023 0.359375
vt 0.641602 0.334961
vt 0.285156 0.311523
vt 0.378906 0.359375
vt 0.641602 0.339844
vt 0.479492 0.362305
vt 0.298828 0.314453
vt 0.041992 0.338867
vt 0.293945 0.314453
vt 0.484375 0.362305
vt 0.041992 0.333984
vt 0.479492 0.359375
vt 0.298828 0.311523
vt 0.044922 0.338867
vt 0.293945 0.311523
vt 0.484375 0.359375
vt 0.044922 0.333984
vt 0.295898 0.314453
vt 0.485352 0.362305
vt 0.043945 0.333984
vt 0.296875 0.314453
vt 0.490234 0.362305
vt 0.043945 0.338867
vt 0.295898 0.311523
vt 0.485352 0.359375
vt 0.046875 0.333984
vt 0.296875 0.311523
vt 0.490234 0.359375
vt 0.046875 0.338867
vt 0.502930 0.362305
vt 0.315430 0.314453
vt 0.047852 0.338867
vt 0.299805 0.314453
vt 0.507812 0.362305
vt 0.047852 0.333984
vt 0.502930 0.359375
vt 0.315430 0.311523
vt 0.050781 0.338867
vt 0.299805 0.311523
vt 0.507812 0.359375
vt 0.050781 0.333984
vt 0.301758 0.314453
vt 0.508789 0.362305
vt 0.049805 0.333984
vt 0.313477 0.314453
vt 0.513672 0.362305
vt 0.049805 0.338867
vt 0.301758 0.311523
vt 0.508789 0.359375
vt 0.052734 0.333984
vt 0.313477 0.311523
vt 0.513672 0.359375
vt 0.052734 0.338867
vt 0.133789 0.366211
vt 0.434570 0.352539
vt 0.435547 0.352539
vt 0.647461 0.587891
vt 0.137695 0.366211
vt 0.435547 0.348633
vt 0.133789 0.362305
vt 0.434570 0.348633
vt 0.439453 0.352539
vt 0.647461 0.583984
vt 0.137695 0.362305
vt 0.439453 0.348633
vt 0.650391 0.587891
vt 0.138672 0.366211
vt 0.438477 0.348633
vt 0.431641 0.352539
vt 0.142578 0.366211
vt 0.438477 0.352539
vt 0.650391 0.583984
vt 0.138672 0.362305
vt 0.442383 0.348633
vt 0.431641 0.348633
vt 0.142578 0.362305
vt 0.442383 0.352539
vt 0.638672 0.370117
vt 0.600586 0.314453
vt 0.476562 0.338867
vt 0.595703 0.314453
vt 0.643555 0.370117
vt 0.476562 0.333984
vt 0.638672 0.367188
vt 0.600586 0.311523
vt 0.479492 0.338867
vt 0.595703 0.311523
vt 0.643555 0.367188
vt 0.479492 0.333984
vt 0.597656 0.314453
vt 0.638672 0.366211
vt 0.478516 0.333984
vt 0.598633 0.314453
vt 0.643555 0.366211
vt 0.478516 0.338867
vt 0.597656 0.311523
vt 0.638672 0.363281
vt 0.481445 0.333984
vt 0.598633 0.311523
vt 0.643555 0.363281
vt 0.481445 0.338867
vt 0.639648 0.956055
vt 0.606445 0.314453
vt 0.511719 0.338867
vt 0.601562 0.314453
vt 0.644531 0.956055
vt 0.511719 0.333984
vt 0.639648 0.953125
vt 0.606445 0.311523
vt 0.514648 0.338867
vt 0.601562 0.311523
vt 0.644531 0.953125
vt 0.514648 0.333984
vt 0.603516 0.314453
vt 0.639648 0.915039
vt 0.513672 0.333984
vt 0.604492 0.314453
vt 0.644531 0.915039
vt 0.513672 0.338867
vt 0.603516 0.311523
vt 0.639648 0.912109
vt 0.516602 0.333984
vt 0.604492 0.311523
vt 0.644531 0.912109
vt 0.516602 0.338867
vt 0.542969 0.298828
vt 0.704102 0.457031
vt 0.668945 0.865234
vt 0.539062 0.298828
vt 0.545898 0.298828
vt 0.668945 0.862305
vt 0.542969 0.297852
vt 0.704102 0.456055
vt 0.668945 0.861328
vt 0.539062 0.297852
vt 0.545898 0.297852
vt 0.668945 0.858398
vt 0.541992 0.298828
vt 0.701172 0.455078
vt 0.671875 0.862305
vt 0.701172 0.457031
vt 0.704102 0.455078
vt 0.671875 0.865234
vt 0.541992 0.297852
vt 0.701172 0.454102
vt 0.671875 0.858398
vt 0.701172 0.456055
vt 0.704102 0.454102
vt 0.671875 0.861328
vt 0.703125 0.436523
vt 0.704102 0.451172
vt 0.684570 0.450195
vt 0.701172 0.453125
vt 0.705078 0.436523
vt 0.684570 0.448242
vt 0.703125 0.435547
vt 0.704102 0.450195
vt 0.685547 0.980469
vt 0.701172 0.452148
vt 0.705078 0.435547
vt 0.685547 0.978516
vt 0.704102 0.453125
vt 0.704102 0.934570
vt 0.687500 0.448242
vt 0.701172 0.451172
vt 0.706055 0.934570
vt 0.687500 0.450195
vt 0.704102 0.452148
vt 0.704102 0.933594
vt 0.688477 0.978516
vt 0.701172 0.450195
vt 0.706055 0.933594
vt 0.688477 0.980469
vt 0.528320 0.362305
vt 0.327148 0.314453
vt 0.053711 0.338867
vt 0.316406 0.314453
vt 0.533203 0.362305
vt 0.053711 0.333984
vt 0.528320 0.359375
vt 0.327148 0.311523
vt 0.069336 0.338867
vt 0.316406 0.311523
vt 0.533203 0.359375
vt 0.069336 0.333984
vt 0.318359 0.314453
vt 0.637695 0.470703
vt 0.055664 0.333984
vt 0.325195 0.314453
vt 0.642578 0.470703
vt 0.055664 0.338867
vt 0.318359 0.311523
vt 0.637695 0.467773
vt 0.071289 0.333984
vt 0.325195 0.311523
vt 0.642578 0.467773
vt 0.071289 0.338867
vt 0.534180 0.362305
vt 0.687500 0.670898
vt 0.072266 0.338867
vt 0.328125 0.314453
vt 0.539062 0.362305
vt 0.072266 0.333984
vt 0.534180 0.359375
vt 0.687500 0.667969
vt 0.075195 0.338867
vt 0.328125 0.311523
vt 0.539062 0.359375
vt 0.075195 0.333984
vt 0.330078 0.314453
vt 0.637695 0.422852
vt 0.074219 0.333984
vt 0.685547 0.670898
vt 0.642578 0.422852
vt 0.074219 0.338867
vt 0.330078 0.311523
vt 0.637695 0.419922
vt 0.077148 0.333984
vt 0.685547 0.667969
vt 0.642578 0.419922
vt 0.077148 0.338867
vt 0.637695 0.413086
vt 0.687500 0.663086
vt 0.105469 0.338867
vt 0.685547 0.666992
vt 0.642578 0.413086
vt 0.105469 0.333984
vt 0.637695 0.410156
vt 0.687500 0.660156
vt 0.108398 0.338867
vt 0.685547 0.664062
vt 0.642578 0.410156
vt 0.108398 0.333984
vt 0.687500 0.666992
vt 0.599609 0.362305
vt 0.107422 0.333984
vt 0.685547 0.663086
vt 0.604492 0.362305
vt 0.107422 0.338867
vt 0.687500 0.664062
vt 0.599609 0.359375
vt 0.110352 0.333984
vt 0.685547 0.660156
vt 0.604492 0.359375
vt 0.110352 0.338867
vt 0.522461 0.359375
vt 0.199219 0.313477
vt 0.091797 0.337891
vt 0.194336 0.313477
vt 0.527344 0.359375
vt 0.091797 0.333008
vt 0.522461 0.356445
vt 0.199219 0.310547
vt 0.094727 0.337891
vt 0.194336 0.310547
vt 0.527344 0.356445
vt 0.094727 0.333008
vt 0.196289 0.313477
vt 0.540039 0.359375
vt 0.093750 0.333008
vt 0.197266 0.313477
vt 0.544922 0.359375
vt 0.093750 0.337891
vt 0.196289 0.310547
vt 0.540039 0.356445
vt 0.096680 0.333008
vt 0.197266 0.310547
vt 0.544922 0.356445
vt 0.096680 0.337891
vt 0.640625 0.533203
vt 0.193359 0.313477
vt 0.014648 0.337891
vt 0.188477 0.313477
vt 0.645508 0.533203
vt 0.014648 0.333008
vt 0.640625 0.530273
vt 0.193359 0.310547
vt 0.017578 0.337891
vt 0.188477 0.310547
vt 0.645508 0.530273
vt 0.017578 0.333008
vt 0.190430 0.313477
vt 0.516602 0.359375
vt 0.016602 0.333008
vt 0.191406 0.313477
vt 0.521484 0.359375
vt 0.016602 0.337891
vt 0.190430 0.310547
vt 0.516602 0.356445
vt 0.019531 0.333008
vt 0.191406 0.310547
vt 0.521484 0.356445
vt 0.019531 0.337891
vt 0.640625 0.746094
vt 0.187500 0.313477
vt 0.008789 0.337891
vt 0.182617 0.313477
vt 0.645508 0.746094
vt 0.008789 0.333008
vt 0.640625 0.743164
vt 0.187500 0.310547
vt 0.011719 0.337891
vt 0.182617 0.310547
vt 0.645508 0.743164
vt 0.011719 0.333008
vt 0.184570 0.313477
vt 0.357422 0.359375
vt 0.010742 0.333008
vt 0.185547 0.313477
vt 0.362305 0.359375
vt 0.010742 0.337891
vt 0.184570 0.310547
vt 0.357422 0.356445
vt 0.013672 0.333008
vt 0.185547 0.310547
vt 0.362305 0.356445
vt 0.013672 0.337891
vt 0.100586 0.359375
vt 0.181641 0.313477
vt 0.002930 0.337891
vt 0.176758 0.313477
vt 0.105469 0.359375
vt 0.002930 0.333008
vt 0.100586 0.356445
vt 0.181641 0.310547
vt 0.005859 0.337891
vt 0.176758 0.310547
vt 0.105469 0.356445
vt 0.005859 0.333008
vt 0.178711 0.313477
vt 0.172852 0.359375
vt 0.004883 0.333008
vt 0.179688 0.313477
vt 0.177734 0.359375
vt 0.004883 0.337891
vt 0.178711 0.310547
vt 0.172852 0.356445
vt 0.007812 0.333008
vt 0.179688 0.310547
vt 0.177734 0.356445
vt 0.007812 0.337891
vt 0.639648 0.409180
vt 0.175781 0.313477
vt 0.660156 0.338867
vt 0.170898 0.313477
vt 0.644531 0.409180
vt 0.660156 0.333984
vt 0.639648 0.406250
vt 0.175781 0.310547
vt 0.000000 0.337891
vt 0.170898 0.310547
vt 0.644531 0.406250
vt 0.000000 0.333008
vt 0.172852 0.313477
vt 0.640625 1.000000
vt 0.662109 0.333984
vt 0.173828 0.313477
vt 0.645508 1.000000
vt 0.662109 0.338867
vt 0.172852 0.310547
vt 0.640625 0.997070
vt 0.001953 0.333008
vt 0.173828 0.310547
vt 0.645508 0.997070
vt 0.001953 0.337891
vt 0.639648 0.440430
vt 0.146484 0.313477
vt 0.654297 0.338867
vt 0.141602 0.313477
vt 0.644531 0.440430
vt 0.654297 0.333984
vt 0.639648 0.437500
vt 0.146484 0.310547
vt 0.657227 0.338867
vt 0.141602 0.310547
vt 0.644531 0.437500
vt 0.657227 0.333984
vt 0.143555 0.313477
vt 0.589844 0.360352
vt 0.656250 0.333984
vt 0.144531 0.313477
vt 0.594727 0.360352
vt 0.656250 0.338867
vt 0.143555 0.310547
vt 0.589844 0.357422
vt 0.659180 0.333984
vt 0.144531 0.310547
vt 0.594727 0.357422
vt 0.659180 0.338867
vt 0.639648 0.444336
vt 0.044922 0.313477
vt 0.648438 0.338867
vt 0.040039 0.313477
vt 0.644531 0.444336
vt 0.648438 0.333984
vt 0.639648 0.441406
vt 0.044922 0.310547
vt 0.651367 0.338867
vt 0.040039 0.310547
vt 0.644531 0.441406
vt 0.651367 0.333984
vt 0.041992 0.313477
vt 0.559570 0.360352
vt 0.650391 0.333984
vt 0.042969 0.313477
vt 0.564453 0.360352
vt 0.650391 0.338867
vt 0.041992 0.310547
vt 0.559570 0.357422
vt 0.653320 0.333984
vt 0.042969 0.310547
vt 0.564453 0.357422
vt 0.653320 0.338867
vt 0.639648 0.479492
vt 0.039062 0.313477
vt 0.642578 0.338867
vt 0.034180 0.313477
vt 0.644531 0.479492
vt 0.642578 0.333984
vt 0.639648 0.476562
vt 0.039062 0.310547
vt 0.645508 0.338867
vt 0.034180 0.310547
vt 0.644531 0.476562
vt 0.645508 0.333984
vt 0.036133 0.313477
vt 0.553711 0.360352
vt 0.644531 0.333984
vt 0.037109 0.313477
vt 0.558594 0.360352
vt 0.644531 0.338867
vt 0.036133 0.310547
vt 0.553711 0.357422
vt 0.647461 0.333984
vt 0.037109 0.310547
vt 0.558594 0.357422
vt 0.647461 0.338867
vt 0.435547 0.360352
vt 0.004883 0.313477
vt 0.603516 0.338867
vt 0.678711 0.314453
vt 0.440430 0.360352
vt 0.603516 0.333984
vt 0.435547 0.357422
vt 0.004883 0.310547
vt 0.606445 0.338867
vt 0.678711 0.311523
vt 0.440430 0.357422
vt 0.606445 0.333984
vt 0.680664 0.314453
vt 0.639648 0.556641
vt 0.605469 0.333984
vt 0.002930 0.313477
vt 0.644531 0.556641
vt 0.605469 0.338867
vt 0.680664 0.311523
vt 0.639648 0.553711
vt 0.608398 0.333984
vt 0.002930 0.310547
vt 0.644531 0.553711
vt 0.608398 0.338867
vt 0.639648 0.570312
vt 0.677734 0.314453
vt 0.597656 0.338867
vt 0.672852 0.314453
vt 0.644531 0.570312
vt 0.597656 0.333984
vt 0.639648 0.567383
vt 0.677734 0.311523
vt 0.600586 0.338867
vt 0.672852 0.311523
vt 0.644531 0.567383
vt 0.600586 0.333984
vt 0.674805 0.314453
vt 0.639648 0.566406
vt 0.599609 0.333984
vt 0.675781 0.314453
vt 0.644531 0.566406
vt 0.599609 0.338867
vt 0.674805 0.311523
vt 0.639648 0.563477
vt 0.602539 0.333984
vt 0.675781 0.311523
vt 0.644531 0.563477
vt 0.602539 0.338867
vt 0.404297 0.360352
vt 0.671875 0.314453
vt 0.591797 0.338867
vt 0.666992 0.314453
vt 0.409180 0.360352
vt 0.591797 0.333984
vt 0.404297 0.357422
vt 0.671875 0.311523
vt 0.594727 0.338867
vt 0.666992 0.311523
vt 0.409180 0.357422
vt 0.594727 0.333984
vt 0.668945 0.314453
vt 0.639648 0.593750
vt 0.593750 0.333984
vt 0.669922 0.314453
vt 0.644531 0.593750
vt 0.593750 0.338867
vt 0.668945 0.311523
vt 0.639648 0.590820
vt 0.596680 0.333984
vt 0.669922 0.311523
vt 0.644531 0.590820
vt 0.596680 0.338867
vt 0.398438 0.360352
vt 0.666016 0.314453
vt 0.585938 0.338867
vt 0.661133 0.314453
vt 0.403320 0.360352
vt 0.585938 0.333984
vt 0.398438 0.357422
vt 0.666016 0.311523
vt 0.588867 0.338867
vt 0.661133 0.311523
vt 0.403320 0.357422
vt 0.588867 0.333984
vt 0.663086 0.314453
vt 0.639648 0.597656
vt 0.587891 0.333984
vt 0.664062 0.314453
vt 0.644531 0.597656
vt 0.587891 0.338867
vt 0.663086 0.311523
vt 0.639648 0.594727
vt 0.590820 0.333984
vt 0.664062 0.311523
vt 0.644531 0.594727
vt 0.590820 0.338867
vt 0.639648 0.673828
vt 0.660156 0.314453
vt 0.580078 0.338867
vt 0.655273 0.314453
vt 0.644531 0.673828
vt 0.580078 0.333984
vt 0.639648 0.670898
vt 0.660156 0.311523
vt 0.583008 0.338867
vt 0.655273 0.311523
vt 0.644531 0.670898
vt 0.583008 0.333984
vt 0.657227 0.314453
vt 0.639648 0.665039
vt 0.582031 0.333984
vt 0.658203 0.314453
vt 0.644531 0.665039
vt 0.582031 0.338867
vt 0.657227 0.311523
vt 0.639648 0.662109
vt 0.584961 0.333984
vt 0.658203 0.311523
vt 0.644531 0.662109
vt 0.584961 0.338867
vt 0.639648 0.681641
vt 0.654297 0.314453
vt 0.574219 0.338867
vt 0.649414 0.314453
vt 0.644531 0.681641
vt 0.574219 0.333984
vt 0.639648 0.678711
vt 0.654297 0.311523
vt 0.577148 0.338867
vt 0.649414 0.311523
vt 0.644531 0.678711
vt 0.577148 0.333984
vt 0.651367 0.314453
vt 0.639648 0.677734
vt 0.576172 0.333984
vt 0.652344 0.314453
vt 0.644531 0.677734
vt 0.576172 0.338867
vt 0.651367 0.311523
vt 0.639648 0.674805
vt 0.579102 0.333984
vt 0.652344 0.311523
vt 0.644531 0.674805
vt 0.579102 0.338867
vt 0.639648 0.750000
vt 0.648438 0.314453
vt 0.551758 0.338867
vt 0.638672 0.314453
vt 0.644531 0.750000
vt 0.551758 0.333984
vt 0.639648 0.747070
vt 0.648438 0.311523
vt 0.554688 0.338867
vt 0.638672 0.311523
vt 0.644531 0.747070
vt 0.554688 0.333984
vt 0.640625 0.314453
vt 0.639648 0.685547
vt 0.553711 0.333984
vt 0.646484 0.314453
vt 0.644531 0.685547
vt 0.553711 0.338867
vt 0.640625 0.311523
vt 0.639648 0.682617
vt 0.556641 0.333984
vt 0.646484 0.311523
vt 0.644531 0.682617
vt 0.556641 0.338867
vt 0.180664 0.360352
vt 0.629883 0.314453
vt 0.529297 0.338867
vt 0.625000 0.314453
vt 0.185547 0.360352
vt 0.529297 0.333984
vt 0.180664 0.357422
vt 0.629883 0.311523
vt 0.548828 0.338867
vt 0.625000 0.311523
vt 0.185547 0.357422
vt 0.548828 0.333984
vt 0.626953 0.314453
vt 0.639648 0.770508
vt 0.531250 0.333984
vt 0.627930 0.314453
vt 0.644531 0.770508
vt 0.531250 0.338867
vt 0.626953 0.311523
vt 0.639648 0.767578
vt 0.550781 0.333984
vt 0.627930 0.311523
vt 0.644531 0.767578
vt 0.550781 0.338867
vt 0.157227 0.360352
vt 0.624023 0.314453
vt 0.523438 0.338867
vt 0.619141 0.314453
vt 0.162109 0.360352
vt 0.523438 0.333984
vt 0.157227 0.357422
vt 0.624023 0.311523
vt 0.526367 0.338867
vt 0.619141 0.311523
vt 0.162109 0.357422
vt 0.526367 0.333984
vt 0.621094 0.314453
vt 0.639648 0.828125
vt 0.525391 0.333984
vt 0.622070 0.314453
vt 0.644531 0.828125
vt 0.525391 0.338867
vt 0.621094 0.311523
vt 0.639648 0.825195
vt 0.528320 0.333984
vt 0.622070 0.311523
vt 0.644531 0.825195
vt 0.528320 0.338867
vt 0.639648 0.849609
vt 0.612305 0.314453
vt 0.517578 0.338867
vt 0.607422 0.314453
vt 0.644531 0.849609
vt 0.517578 0.333984
vt 0.639648 0.846680
vt 0.612305 0.311523
vt 0.520508 0.338867
vt 0.607422 0.311523
vt 0.644531 0.846680
vt 0.520508 0.333984
vt 0.609375 0.314453
vt 0.639648 0.845703
vt 0.519531 0.333984
vt 0.610352 0.314453
vt 0.644531 0.845703
vt 0.519531 0.338867
vt 0.609375 0.311523
vt 0.639648 0.842773
vt 0.522461 0.333984
vt 0.610352 0.311523
vt 0.644531 0.842773
vt 0.522461 0.338867
vt 0.605469 0.362305
vt 0.343750 0.314453
vt 0.111328 0.338867
vt 0.338867 0.314453
vt 0.610352 0.362305
vt 0.111328 0.333984
vt 0.605469 0.359375
vt 0.343750 0.311523
vt 0.114258 0.338867
vt 0.338867 0.311523
vt 0.610352 0.359375
vt 0.114258 0.333984
vt 0.340820 0.314453
vt 0.637695 0.389648
vt 0.113281 0.333984
vt 0.341797 0.314453
vt 0.642578 0.389648
vt 0.113281 0.338867
vt 0.340820 0.311523
vt 0.637695 0.386719
vt 0.116211 0.333984
vt 0.341797 0.311523
vt 0.642578 0.386719
vt 0.116211 0.338867
vt 0.611328 0.362305
vt 0.349609 0.314453
vt 0.128906 0.338867
vt 0.344727 0.314453
vt 0.616211 0.362305
vt 0.128906 0.333984
vt 0.611328 0.359375
vt 0.349609 0.311523
vt 0.131836 0.338867
vt 0.344727 0.311523
vt 0.616211 0.359375
vt 0.131836 0.333984
vt 0.346680 0.314453
vt 0.637695 0.385742
vt 0.130859 0.333984
vt 0.347656 0.314453
vt 0.642578 0.385742
vt 0.130859 0.338867
vt 0.346680 0.311523
vt 0.637695 0.382812
vt 0.133789 0.333984
vt 0.347656 0.311523
vt 0.642578 0.382812
vt 0.133789 0.338867
vt 0.637695 0.381836
vt 0.387695 0.314453
vt 0.134766 0.338867
vt 0.382812 0.314453
vt 0.642578 0.381836
vt 0.134766 0.333984
vt 0.637695 0.378906
vt 0.387695 0.311523
vt 0.137695 0.338867
vt 0.382812 0.311523
vt 0.642578 0.378906
vt 0.137695 0.333984
vt 0.384766 0.314453
vt 0.629883 0.362305
vt 0.136719 0.333984
vt 0.385742 0.314453
vt 0.634766 0.362305
vt 0.136719 0.338867
vt 0.384766 0.311523
vt 0.629883 0.359375
vt 0.139648 0.333984
vt 0.385742 0.311523
vt 0.634766 0.359375
vt 0.139648 0.338867
vt 0.000000 0.542969
vt 0.455078 0.987305
vt 0.257812 0.542969
vt 0.246094 0.556641
vt 0.009766 0.542969
vt 0.257812 0.533203
vt 0.000000 0.532227
vt 0.455078 0.976562
vt 0.269531 0.542969
vt 0.246094 0.545898
vt 0.009766 0.532227
vt 0.269531 0.533203
vt 0.256836 0.556641
vt 0.080078 0.542969
vt 0.268555 0.533203
vt 0.444336 0.987305
vt 0.089844 0.542969
vt 0.268555 0.542969
vt 0.256836 0.545898
vt 0.080078 0.532227
vt 0.280273 0.533203
vt 0.444336 0.976562
vt 0.089844 0.532227
vt 0.280273 0.542969
vt 0.040039 0.674805
vt 0.479492 0.929688
vt 0.584961 0.924805
vt 0.062500 0.530273
vt 0.043945 0.674805
vt 0.584961 0.920898
vt 0.040039 0.665039
vt 0.479492 0.919922
vt 0.584961 0.733398
vt 0.062500 0.520508
vt 0.043945 0.665039
vt 0.584961 0.729492
vt 0.072266 0.530273
vt 0.073242 0.666992
vt 0.594727 0.920898
vt 0.469727 0.929688
vt 0.077148 0.666992
vt 0.594727 0.924805
vt 0.072266 0.520508
vt 0.073242 0.657227
vt 0.594727 0.729492
vt 0.469727 0.919922
vt 0.077148 0.657227
vt 0.594727 0.733398
vt 0.192383 0.643555
vt 0.607422 0.865234
vt 0.699219 0.746094
vt 0.603516 0.873047
vt 0.193359 0.643555
vt 0.699219 0.745117
vt 0.192383 0.636719
vt 0.607422 0.858398
vt 0.699219 0.697266
vt 0.603516 0.866211
vt 0.193359 0.636719
vt 0.699219 0.696289
vt 0.607422 0.873047
vt 0.307617 0.557617
vt 0.703125 0.745117
vt 0.603516 0.865234
vt 0.308594 0.557617
vt 0.703125 0.746094
vt 0.607422 0.866211
vt 0.307617 0.550781
vt 0.703125 0.696289
vt 0.603516 0.858398
vt 0.308594 0.550781
vt 0.703125 0.697266
vt 0.553711 0.528320
vt 0.514648 0.592773
vt 0.134766 0.614258
vt 0.480469 0.920898
vt 0.567383 0.528320
vt 0.134766 0.600586
vt 0.553711 0.527344
vt 0.514648 0.591797
vt 0.317383 0.614258
vt 0.480469 0.919922
vt 0.567383 0.527344
vt 0.317383 0.600586
vt 0.493164 0.920898
vt 0.570312 0.827148
vt 0.147461 0.600586
vt 0.501953 0.592773
vt 0.583984 0.827148
vt 0.147461 0.614258
vt 0.493164 0.919922
vt 0.570312 0.826172
vt 0.330078 0.600586
vt 0.501953 0.591797
vt 0.583984 0.826172
vt 0.330078 0.614258
vt 0.021484 0.339844
vt 0.117188 0.307617
vt 0.534180 0.388672
vt 0.110352 0.307617
vt 0.023438 0.339844
vt 0.534180 0.386719
vt 0.021484 0.334961
vt 0.117188 0.302734
vt 0.472656 0.375977
vt 0.110352 0.302734
vt 0.023438 0.334961
vt 0.472656 0.374023
vt 0.111328 0.307617
vt 0.024414 0.339844
vt 0.535156 0.386719
vt 0.116211 0.307617
vt 0.026367 0.339844
vt 0.535156 0.388672
vt 0.111328 0.302734
vt 0.024414 0.334961
vt 0.473633 0.374023
vt 0.116211 0.302734
vt 0.026367 0.334961
vt 0.473633 0.375977
vt 0.457031 0.362305
vt 0.191406 0.357422
vt 0.710938 0.931641
vt 0.331055 0.614258
vt 0.458008 0.362305
vt 0.710938 0.930664
vt 0.457031 0.348633
vt 0.191406 0.343750
vt 0.710938 0.929688
vt 0.331055 0.600586
vt 0.458008 0.348633
vt 0.710938 0.928711
vt 0.332031 0.614258
vt 0.311523 0.357422
vt 0.711914 0.930664
vt 0.190430 0.357422
vt 0.312500 0.357422
vt 0.711914 0.931641
vt 0.332031 0.600586
vt 0.311523 0.343750
vt 0.711914 0.928711
vt 0.190430 0.343750
vt 0.312500 0.343750
vt 0.711914 0.929688
vt 0.669922 0.611328
vt 0.488281 0.329102
vt 0.270508 0.300781
vt 0.669922 0.709961
vt 0.671875 0.611328
vt 0.270508 0.298828
vt 0.669922 0.610352
vt 0.488281 0.328125
vt 0.699219 0.729492
vt 0.669922 0.708984
vt 0.671875 0.610352
vt 0.699219 0.727539
vt 0.671875 0.709961
vt 0.269531 0.322266
vt 0.272461 0.298828
vt 0.486328 0.329102
vt 0.271484 0.322266
vt 0.272461 0.300781
vt 0.671875 0.708984
vt 0.269531 0.321289
vt 0.701172 0.727539
vt 0.486328 0.328125
vt 0.271484 0.321289
vt 0.701172 0.729492
vt 0.541992 0.316406
vt 0.563477 0.316406
vt 0.710938 0.927734
vt 0.504883 0.316406
vt 0.542969 0.316406
vt 0.710938 0.926758
vt 0.541992 0.310547
vt 0.563477 0.310547
vt 0.710938 0.925781
vt 0.504883 0.310547
vt 0.542969 0.310547
vt 0.710938 0.924805
vt 0.505859 0.316406
vt 0.614258 0.316406
vt 0.711914 0.926758
vt 0.562500 0.316406
vt 0.615234 0.316406
vt 0.711914 0.927734
vt 0.505859 0.310547
vt 0.614258 0.310547
vt 0.711914 0.924805
vt 0.562500 0.310547
vt 0.615234 0.310547
vt 0.711914 0.925781
vt 0.253906 0.320312
vt 0.258789 0.320312
vt 0.273438 0.300781
vt 0.231445 0.320312
vt 0.255859 0.320312
vt 0.273438 0.298828
vt 0.253906 0.316406
vt 0.258789 0.316406
vt 0.699219 0.726562
vt 0.231445 0.316406
vt 0.255859 0.316406
vt 0.699219 0.724609
vt 0.233398 0.320312
vt 0.307617 0.320312
vt 0.275391 0.298828
vt 0.256836 0.320312
vt 0.309570 0.320312
vt 0.275391 0.300781
vt 0.233398 0.316406
vt 0.307617 0.316406
vt 0.701172 0.724609
vt 0.256836 0.316406
vt 0.309570 0.316406
vt 0.701172 0.726562
vt 0.008789 0.486328
vt 0.421875 0.481445
vt 0.080078 0.289062
vt 0.356445 0.487305
vt 0.009766 0.486328
vt 0.080078 0.288086
vt 0.008789 0.426758
vt 0.421875 0.421875
vt 0.710938 0.918945
vt 0.356445 0.427734
vt 0.009766 0.426758
vt 0.710938 0.917969
vt 0.357422 0.487305
vt 0.109375 0.480469
vt 0.081055 0.288086
vt 0.420898 0.481445
vt 0.110352 0.480469
vt 0.081055 0.289062
vt 0.357422 0.427734
vt 0.109375 0.420898
vt 0.711914 0.917969
vt 0.420898 0.421875
vt 0.110352 0.420898
vt 0.711914 0.918945
vt 0.330078 0.503906
vt 0.676758 0.441406
vt 0.562500 0.522461
vt 0.667969 0.443359
vt 0.334961 0.503906
vt 0.562500 0.517578
vt 0.330078 0.502930
vt 0.676758 0.440430
vt 0.563477 0.900391
vt 0.667969 0.442383
vt 0.334961 0.502930
vt 0.563477 0.895508
vt 0.676758 0.443359
vt 0.498047 0.728516
vt 0.571289 0.517578
vt 0.667969 0.441406
vt 0.502930 0.728516
vt 0.571289 0.522461
vt 0.676758 0.442383
vt 0.498047 0.727539
vt 0.572266 0.895508
vt 0.667969 0.440430
vt 0.502930 0.727539
vt 0.572266 0.900391
vt 0.402344 0.352539
vt 0.629883 0.567383
vt 0.633789 0.682617
vt 0.625000 0.590820
vt 0.405273 0.352539
vt 0.633789 0.679688
vt 0.402344 0.348633
vt 0.629883 0.563477
vt 0.634766 1.000000
vt 0.625000 0.586914
vt 0.405273 0.348633
vt 0.634766 0.997070
vt 0.629883 0.590820
vt 0.406250 0.352539
vt 0.638672 0.679688
vt 0.625000 0.567383
vt 0.409180 0.352539
vt 0.638672 0.682617
vt 0.629883 0.586914
vt 0.406250 0.348633
vt 0.639648 0.997070
vt 0.625000 0.563477
vt 0.409180 0.348633
vt 0.639648 1.000000
vt 0.254883 0.372070
vt 0.515625 0.750977
vt 0.588867 0.676758
vt 0.502930 0.915039
vt 0.257812 0.372070
vt 0.588867 0.673828
vt 0.254883 0.366211
vt 0.515625 0.745117
vt 0.327148 0.411133
vt 0.502930 0.909180
vt 0.257812 0.366211
vt 0.327148 0.408203
vt 0.514648 0.915039
vt 0.258789 0.372070
vt 0.600586 0.673828
vt 0.503906 0.750977
vt 0.261719 0.372070
vt 0.600586 0.676758
vt 0.514648 0.909180
vt 0.258789 0.366211
vt 0.338867 0.408203
vt 0.503906 0.745117
vt 0.261719 0.366211
vt 0.338867 0.411133
vt 0.698242 0.336914
vt 0.659180 0.822266
vt 0.555664 0.706055
vt 0.647461 0.824219
vt 0.702148 0.336914
vt 0.555664 0.702148
vt 0.698242 0.335938
vt 0.659180 0.821289
vt 0.556641 0.938477
vt 0.647461 0.823242
vt 0.702148 0.335938
vt 0.556641 0.934570
vt 0.659180 0.824219
vt 0.699219 0.944336
vt 0.567383 0.702148
vt 0.647461 0.822266
vt 0.703125 0.944336
vt 0.567383 0.706055
vt 0.659180 0.823242
vt 0.699219 0.943359
vt 0.568359 0.934570
vt 0.647461 0.821289
vt 0.703125 0.943359
vt 0.568359 0.938477
vt 0.547852 0.612305
vt 0.659180 0.857422
vt 0.525391 0.947266
vt 0.647461 0.859375
vt 0.552734 0.612305
vt 0.525391 0.942383
vt 0.547852 0.611328
vt 0.659180 0.856445
vt 0.525391 0.612305
vt 0.647461 0.858398
vt 0.552734 0.611328
vt 0.525391 0.607422
vt 0.659180 0.859375
vt 0.467773 0.428711
vt 0.537109 0.942383
vt 0.647461 0.857422
vt 0.472656 0.428711
vt 0.537109 0.947266
vt 0.659180 0.858398
vt 0.467773 0.427734
vt 0.537109 0.607422
vt 0.647461 0.856445
vt 0.472656 0.427734
vt 0.537109 0.612305
vt 0.441406 0.360352
vt 0.671875 0.882812
vt 0.671875 0.714844
vt 0.668945 0.886719
vt 0.443359 0.360352
vt 0.671875 0.712891
vt 0.441406 0.357422
vt 0.671875 0.879883
vt 0.671875 0.630859
vt 0.668945 0.883789
vt 0.443359 0.357422
vt 0.671875 0.628906
vt 0.671875 0.886719
vt 0.233398 0.345703
vt 0.674805 0.712891
vt 0.668945 0.882812
vt 0.235352 0.345703
vt 0.674805 0.714844
vt 0.671875 0.883789
vt 0.233398 0.342773
vt 0.674805 0.628906
vt 0.668945 0.879883
vt 0.235352 0.342773
vt 0.674805 0.630859
vt 0.523438 0.340820
vt 0.667969 0.922852
vt 0.454102 0.960938
vt 0.070312 0.342773
vt 0.533203 0.340820
vt 0.454102 0.951172
vt 0.523438 0.339844
vt 0.667969 0.921875
vt 0.105469 0.545898
vt 0.070312 0.341797
vt 0.533203 0.339844
vt 0.105469 0.536133
vt 0.081055 0.342773
vt 0.548828 0.340820
vt 0.464844 0.951172
vt 0.657227 0.922852
vt 0.558594 0.340820
vt 0.464844 0.960938
vt 0.081055 0.341797
vt 0.548828 0.339844
vt 0.116211 0.536133
vt 0.657227 0.921875
vt 0.558594 0.339844
vt 0.116211 0.545898
vt 0.667969 0.469727
vt 0.667969 0.918945
vt 0.169922 0.529297
vt 0.657227 0.920898
vt 0.676758 0.469727
vt 0.169922 0.520508
vt 0.667969 0.468750
vt 0.667969 0.917969
vt 0.336914 0.529297
vt 0.657227 0.919922
vt 0.676758 0.468750
vt 0.336914 0.520508
vt 0.667969 0.920898
vt 0.667969 0.459961
vt 0.180664 0.520508
vt 0.657227 0.918945
vt 0.676758 0.459961
vt 0.180664 0.529297
vt 0.667969 0.919922
vt 0.667969 0.458984
vt 0.347656 0.520508
vt 0.657227 0.917969
vt 0.676758 0.458984
vt 0.347656 0.529297
vt 0.667969 0.447266
vt 0.667969 0.909180
vt 0.089844 0.528320
vt 0.657227 0.911133
vt 0.676758 0.447266
vt 0.089844 0.519531
vt 0.667969 0.446289
vt 0.667969 0.908203
vt 0.471680 0.863281
vt 0.657227 0.910156
vt 0.676758 0.446289
vt 0.471680 0.854492
vt 0.667969 0.911133
vt 0.667969 0.445312
vt 0.100586 0.519531
vt 0.657227 0.909180
vt 0.676758 0.445312
vt 0.100586 0.528320
vt 0.667969 0.910156
vt 0.667969 0.444336
vt 0.482422 0.854492
vt 0.657227 0.908203
vt 0.676758 0.444336
vt 0.482422 0.863281
vt 0.574219 0.340820
vt 0.667969 0.905273
vt 0.150391 0.545898
vt 0.657227 0.907227
vt 0.583984 0.340820
vt 0.150391 0.536133
vt 0.574219 0.339844
vt 0.667969 0.904297
vt 0.295898 0.545898
vt 0.657227 0.906250
vt 0.583984 0.339844
vt 0.295898 0.536133
vt 0.667969 0.907227
vt 0.584961 0.340820
vt 0.161133 0.536133
vt 0.657227 0.905273
vt 0.594727 0.340820
vt 0.161133 0.545898
vt 0.667969 0.906250
vt 0.584961 0.339844
vt 0.306641 0.536133
vt 0.657227 0.904297
vt 0.594727 0.339844
vt 0.306641 0.545898
vt 0.667969 0.424805
vt 0.667969 0.886719
vt 0.141602 0.528320
vt 0.105469 0.342773
vt 0.676758 0.424805
vt 0.141602 0.519531
vt 0.667969 0.423828
vt 0.667969 0.885742
vt 0.306641 0.528320
vt 0.105469 0.341797
vt 0.676758 0.423828
vt 0.306641 0.519531
vt 0.116211 0.342773
vt 0.667969 0.422852
vt 0.152344 0.519531
vt 0.657227 0.886719
vt 0.676758 0.422852
vt 0.152344 0.528320
vt 0.116211 0.341797
vt 0.667969 0.421875
vt 0.317383 0.519531
vt 0.657227 0.885742
vt 0.676758 0.421875
vt 0.317383 0.528320
vt 0.595703 0.340820
vt 0.141602 0.342773
vt 0.454102 0.704102
vt 0.657227 0.884766
vt 0.605469 0.340820
vt 0.454102 0.694336
vt 0.595703 0.339844
vt 0.141602 0.341797
vt 0.454102 0.630859
vt 0.657227 0.883789
vt 0.605469 0.339844
vt 0.454102 0.621094
vt 0.667969 0.884766
vt 0.659180 0.396484
vt 0.464844 0.694336
vt 0.130859 0.342773
vt 0.668945 0.396484
vt 0.464844 0.704102
vt 0.667969 0.883789
vt 0.659180 0.395508
vt 0.464844 0.621094
vt 0.130859 0.341797
vt 0.668945 0.395508
vt 0.464844 0.630859
vt 0.671875 0.667969
vt 0.659180 0.982422
vt 0.553711 0.615234
vt 0.647461 0.984375
vt 0.675781 0.667969
vt 0.553711 0.611328
vt 0.671875 0.666992
vt 0.659180 0.981445
vt 0.553711 0.597656
vt 0.647461 0.983398
vt 0.675781 0.666992
vt 0.553711 0.593750
vt 0.659180 0.984375
vt 0.696289 0.663086
vt 0.565430 0.611328
vt 0.647461 0.982422
vt 0.700195 0.663086
vt 0.565430 0.615234
vt 0.659180 0.983398
vt 0.696289 0.662109
vt 0.565430 0.593750
vt 0.647461 0.981445
vt 0.700195 0.662109
vt 0.565430 0.597656
vt 0.055664 0.581055
vt 0.513672 0.974609
vt 0.586914 0.909180
vt 0.501953 0.981445
vt 0.058594 0.581055
vt 0.586914 0.906250
vt 0.055664 0.575195
vt 0.513672 0.968750
vt 0.586914 0.845703
vt 0.501953 0.975586
vt 0.058594 0.575195
vt 0.586914 0.842773
vt 0.513672 0.981445
vt 0.309570 0.568359
vt 0.598633 0.906250
vt 0.501953 0.974609
vt 0.312500 0.568359
vt 0.598633 0.909180
vt 0.513672 0.975586
vt 0.309570 0.562500
vt 0.598633 0.842773
vt 0.501953 0.968750
vt 0.312500 0.562500
vt 0.598633 0.845703
vt 0.503906 0.537109
vt 0.659180 0.972656
vt 0.440430 0.671875
vt 0.647461 0.980469
vt 0.508789 0.537109
vt 0.440430 0.666992
vt 0.503906 0.536133
vt 0.659180 0.971680
vt 0.524414 0.538086
vt 0.647461 0.979492
vt 0.508789 0.536133
vt 0.524414 0.533203
vt 0.659180 0.980469
vt 0.524414 0.675781
vt 0.452148 0.666992
vt 0.647461 0.972656
vt 0.529297 0.675781
vt 0.452148 0.671875
vt 0.659180 0.979492
vt 0.524414 0.674805
vt 0.536133 0.533203
vt 0.647461 0.971680
vt 0.529297 0.674805
vt 0.536133 0.538086
vt 0.590820 0.418945
vt 0.546875 0.570312
vt 0.498047 0.816406
vt 0.536133 0.603516
vt 0.597656 0.418945
vt 0.498047 0.809570
vt 0.590820 0.414062
vt 0.546875 0.565430
vt 0.198242 0.501953
vt 0.536133 0.598633
vt 0.597656 0.414062
vt 0.198242 0.495117
vt 0.546875 0.603516
vt 0.591797 0.756836
vt 0.508789 0.809570
vt 0.536133 0.570312
vt 0.598633 0.756836
vt 0.508789 0.816406
vt 0.546875 0.598633
vt 0.591797 0.751953
vt 0.208984 0.495117
vt 0.536133 0.565430
vt 0.598633 0.751953
vt 0.208984 0.501953
vt 0.238281 0.375977
vt 0.541992 0.645508
vt 0.105469 0.576172
vt 0.517578 0.787109
vt 0.245117 0.375977
vt 0.105469 0.569336
vt 0.238281 0.373047
vt 0.541992 0.642578
vt 0.423828 0.802734
vt 0.517578 0.784180
vt 0.245117 0.373047
vt 0.423828 0.795898
vt 0.538086 0.787109
vt 0.624023 0.753906
vt 0.125977 0.569336
vt 0.521484 0.645508
vt 0.630859 0.753906
vt 0.125977 0.576172
vt 0.538086 0.784180
vt 0.624023 0.750977
vt 0.444336 0.795898
vt 0.521484 0.642578
vt 0.630859 0.750977
vt 0.444336 0.802734
vt 0.632812 0.381836
vt 0.501953 0.938477
vt 0.482422 0.749023
vt 0.480469 0.654297
vt 0.636719 0.381836
vt 0.482422 0.745117
vt 0.632812 0.377930
vt 0.501953 0.934570
vt 0.482422 0.726562
vt 0.480469 0.650391
vt 0.636719 0.377930
vt 0.482422 0.722656
vt 0.500977 0.654297
vt 0.633789 0.967773
vt 0.502930 0.745117
vt 0.481445 0.938477
vt 0.637695 0.967773
vt 0.502930 0.749023
vt 0.500977 0.650391
vt 0.633789 0.963867
vt 0.502930 0.722656
vt 0.481445 0.934570
vt 0.637695 0.963867
vt 0.502930 0.726562
vt 0.625000 0.996094
vt 0.478516 0.718750
vt 0.483398 0.956055
vt 0.240234 0.726562
vt 0.628906 0.996094
vt 0.483398 0.952148
vt 0.625000 0.991211
vt 0.478516 0.713867
vt 0.483398 0.799805
vt 0.240234 0.721680
vt 0.628906 0.991211
vt 0.483398 0.795898
vt 0.260742 0.726562
vt 0.625000 0.976562
vt 0.503906 0.952148
vt 0.458008 0.718750
vt 0.628906 0.976562
vt 0.503906 0.956055
vt 0.260742 0.721680
vt 0.625000 0.971680
vt 0.503906 0.795898
vt 0.458008 0.713867
vt 0.628906 0.971680
vt 0.503906 0.799805
vt 0.091797 0.610352
vt 0.361328 0.572266
vt 0.083008 0.589844
vt 0.427734 0.852539
vt 0.106445 0.610352
vt 0.083008 0.575195
vt 0.091797 0.598633
vt 0.361328 0.560547
vt 0.192383 0.589844
vt 0.427734 0.840820
vt 0.106445 0.598633
vt 0.192383 0.575195
vt 0.438477 0.852539
vt 0.295898 0.606445
vt 0.093750 0.575195
vt 0.350586 0.572266
vt 0.310547 0.606445
vt 0.093750 0.589844
vt 0.438477 0.840820
vt 0.295898 0.594727
vt 0.203125 0.575195
vt 0.350586 0.560547
vt 0.310547 0.594727
vt 0.203125 0.589844
vt 0.601562 0.974609
vt 0.175781 0.382812
vt 0.647461 0.625000
vt 0.283203 0.383789
vt 0.605469 0.974609
vt 0.647461 0.621094
vt 0.601562 0.966797
vt 0.175781 0.375000
vt 0.398438 0.352539
vt 0.283203 0.375977
vt 0.605469 0.966797
vt 0.398438 0.348633
vt 0.286133 0.383789
vt 0.042969 0.398438
vt 0.650391 0.621094
vt 0.172852 0.382812
vt 0.046875 0.398438
vt 0.650391 0.625000
vt 0.286133 0.375977
vt 0.042969 0.390625
vt 0.401367 0.348633
vt 0.172852 0.375000
vt 0.046875 0.390625
vt 0.401367 0.352539
vt 0.681641 0.601562
vt 0.042969 0.319336
vt 0.250000 0.469727
vt 0.680664 0.965820
vt 0.688477 0.601562
vt 0.250000 0.462891
vt 0.681641 0.600586
vt 0.042969 0.318359
vt 0.347656 0.469727
vt 0.680664 0.964844
vt 0.688477 0.600586
vt 0.347656 0.462891
vt 0.688477 0.965820
vt 0.681641 0.599609
vt 0.257812 0.462891
vt 0.035156 0.319336
vt 0.688477 0.599609
vt 0.257812 0.469727
vt 0.688477 0.964844
vt 0.681641 0.598633
vt 0.355469 0.462891
vt 0.035156 0.318359
vt 0.688477 0.598633
vt 0.355469 0.469727
vt 0.447266 0.636719
vt 0.196289 0.434570
vt 0.110352 0.693359
vt 0.563477 0.628906
vt 0.469727 0.636719
vt 0.110352 0.670898
vt 0.447266 0.631836
vt 0.196289 0.429688
vt 0.050781 0.625000
vt 0.563477 0.624023
vt 0.469727 0.631836
vt 0.050781 0.602539
vt 0.572266 0.628906
vt 0.449219 0.771484
vt 0.119141 0.670898
vt 0.187500 0.434570
vt 0.471680 0.771484
vt 0.119141 0.693359
vt 0.572266 0.624023
vt 0.449219 0.766602
vt 0.059570 0.602539
vt 0.187500 0.429688
vt 0.471680 0.766602
vt 0.059570 0.625000
vt 0.645508 0.409180
vt 0.668945 0.622070
vt 0.431641 0.404297
vt 0.664062 0.807617
vt 0.652344 0.409180
vt 0.431641 0.397461
vt 0.645508 0.407227
vt 0.668945 0.620117
vt 0.517578 0.404297
vt 0.664062 0.805664
vt 0.652344 0.407227
vt 0.517578 0.397461
vt 0.668945 0.807617
vt 0.594727 0.354492
vt 0.436523 0.397461
vt 0.664062 0.622070
vt 0.601562 0.354492
vt 0.436523 0.404297
vt 0.668945 0.805664
vt 0.594727 0.352539
vt 0.522461 0.397461
vt 0.664062 0.620117
vt 0.601562 0.352539
vt 0.522461 0.404297
vt 0.159180 0.364258
vt 0.116211 0.331055
vt 0.419922 0.346680
vt 0.109375 0.331055
vt 0.161133 0.364258
vt 0.419922 0.344727
vt 0.159180 0.361328
vt 0.116211 0.328125
vt 0.203125 0.345703
vt 0.109375 0.328125
vt 0.161133 0.361328
vt 0.203125 0.343750
vt 0.112305 0.331055
vt 0.553711 0.364258
vt 0.422852 0.344727
vt 0.113281 0.331055
vt 0.555664 0.364258
vt 0.422852 0.346680
vt 0.112305 0.328125
vt 0.553711 0.361328
vt 0.206055 0.343750
vt 0.113281 0.328125
vt 0.555664 0.361328
vt 0.206055 0.345703
vt 0.447266 0.316406
vt 0.476562 0.316406
vt 0.710938 0.935547
vt 0.445312 0.316406
vt 0.448242 0.316406
vt 0.710938 0.934570
vt 0.447266 0.310547
vt 0.476562 0.310547
vt 0.710938 0.933594
vt 0.445312 0.310547
vt 0.448242 0.310547
vt 0.710938 0.932617
vt 0.446289 0.316406
vt 0.502930 0.316406
vt 0.711914 0.934570
vt 0.475586 0.316406
vt 0.503906 0.316406
vt 0.711914 0.935547
vt 0.446289 0.310547
vt 0.502930 0.310547
vt 0.711914 0.932617
vt 0.475586 0.310547
vt 0.503906 0.310547
vt 0.711914 0.933594
vt 0.646484 0.728516
vt 0.526367 0.298828
vt 0.258789 0.660156
vt 0.519531 0.298828
vt 0.659180 0.728516
vt 0.258789 0.647461
vt 0.646484 0.727539
vt 0.526367 0.297852
vt 0.422852 0.438477
vt 0.519531 0.297852
vt 0.659180 0.727539
vt 0.422852 0.425781
vt 0.522461 0.298828
vt 0.646484 0.726562
vt 0.261719 0.647461
vt 0.523438 0.298828
vt 0.659180 0.726562
vt 0.261719 0.660156
vt 0.522461 0.297852
vt 0.646484 0.725586
vt 0.425781 0.425781
vt 0.523438 0.297852
vt 0.659180 0.725586
vt 0.425781 0.438477
vt 0.646484 0.743164
vt 0.545898 0.802734
vt 0.174805 0.553711
vt 0.541016 0.802734
vt 0.659180 0.743164
vt 0.174805 0.541016
vt 0.646484 0.742188
vt 0.545898 0.801758
vt 0.443359 0.490234
vt 0.541016 0.801758
vt 0.659180 0.742188
vt 0.443359 0.477539
vt 0.545898 0.802734
vt 0.646484 0.743164
vt 0.179688 0.541016
vt 0.541016 0.802734
vt 0.659180 0.743164
vt 0.179688 0.553711
vt 0.545898 0.801758
vt 0.646484 0.742188
vt 0.448242 0.477539
vt 0.541016 0.801758
vt 0.659180 0.742188
vt 0.448242 0.490234
vt 0.681641 0.536133
vt 0.688477 0.534180
vt 0.492188 0.448242
vt 0.681641 0.581055
vt 0.688477 0.536133
vt 0.492188 0.441406
vt 0.681641 0.535156
vt 0.688477 0.533203
vt 0.551758 0.503906
vt 0.681641 0.580078
vt 0.688477 0.535156
vt 0.551758 0.497070
vt 0.688477 0.581055
vt 0.681641 0.526367
vt 0.499023 0.441406
vt 0.681641 0.534180
vt 0.688477 0.526367
vt 0.499023 0.448242
vt 0.688477 0.580078
vt 0.681641 0.525391
vt 0.558594 0.497070
vt 0.681641 0.533203
vt 0.688477 0.525391
vt 0.558594 0.503906
vt 0.237305 0.318359
vt 0.688477 0.642578
vt 0.119141 0.568359
vt 0.668945 0.368164
vt 0.244141 0.318359
vt 0.119141 0.561523
vt 0.237305 0.317383
vt 0.688477 0.641602
vt 0.551758 0.754883
vt 0.668945 0.367188
vt 0.244141 0.317383
vt 0.551758 0.748047
vt 0.675781 0.368164
vt 0.681641 0.640625
vt 0.125977 0.561523
vt 0.681641 0.642578
vt 0.688477 0.640625
vt 0.125977 0.568359
vt 0.675781 0.367188
vt 0.681641 0.639648
vt 0.558594 0.748047
vt 0.681641 0.641602
vt 0.688477 0.639648
vt 0.558594 0.754883
vt 0.630859 0.789062
vt 0.688477 0.625977
vt 0.097656 0.554688
vt 0.681641 0.627930
vt 0.646484 0.789062
vt 0.097656 0.539062
vt 0.630859 0.788086
vt 0.688477 0.625000
vt 0.142578 0.552734
vt 0.681641 0.626953
vt 0.646484 0.788086
vt 0.142578 0.537109
vt 0.688477 0.627930
vt 0.630859 0.739258
vt 0.104492 0.539062
vt 0.681641 0.625977
vt 0.646484 0.739258
vt 0.104492 0.554688
vt 0.688477 0.626953
vt 0.630859 0.738281
vt 0.149414 0.537109
vt 0.681641 0.625000
vt 0.646484 0.738281
vt 0.149414 0.552734
vt 0.070312 0.346680
vt 0.667969 0.799805
vt 0.149414 0.502930
vt 0.657227 0.801758
vt 0.077148 0.346680
vt 0.149414 0.496094
vt 0.070312 0.345703
vt 0.667969 0.798828
vt 0.497070 0.649414
vt 0.657227 0.800781
vt 0.077148 0.345703
vt 0.497070 0.642578
vt 0.667969 0.801758
vt 0.464844 0.345703
vt 0.160156 0.496094
vt 0.657227 0.799805
vt 0.471680 0.345703
vt 0.160156 0.502930
vt 0.667969 0.800781
vt 0.464844 0.344727
vt 0.507812 0.642578
vt 0.657227 0.798828
vt 0.471680 0.344727
vt 0.507812 0.649414
vt 0.660156 0.993164
vt 0.458008 0.347656
vt 0.415039 0.492188
vt 0.603516 0.921875
vt 0.669922 0.993164
vt 0.415039 0.482422
vt 0.660156 0.992188
vt 0.458008 0.346680
vt 0.103516 0.491211
vt 0.603516 0.920898
vt 0.669922 0.992188
vt 0.103516 0.481445
vt 0.610352 0.921875
vt 0.660156 0.991211
vt 0.421875 0.482422
vt 0.451172 0.347656
vt 0.669922 0.991211
vt 0.421875 0.492188
vt 0.610352 0.920898
vt 0.660156 0.990234
vt 0.110352 0.481445
vt 0.451172 0.346680
vt 0.669922 0.990234
vt 0.110352 0.491211
vt 0.527344 0.929688
vt 0.567383 0.881836
vt 0.382812 0.513672
vt 0.557617 0.810547
vt 0.537109 0.929688
vt 0.382812 0.503906
vt 0.527344 0.923828
vt 0.567383 0.875977
vt 0.444336 0.512695
vt 0.557617 0.804688
vt 0.537109 0.923828
vt 0.444336 0.502930
vt 0.565430 0.810547
vt 0.333008 0.472656
vt 0.390625 0.503906
vt 0.559570 0.881836
vt 0.342773 0.472656
vt 0.390625 0.513672
vt 0.565430 0.804688
vt 0.333008 0.466797
vt 0.452148 0.502930
vt 0.559570 0.875977
vt 0.342773 0.466797
vt 0.452148 0.512695
vt 0.638672 0.902344
vt 0.345703 0.289062
vt 0.264648 0.364258
vt 0.342773 0.289062
vt 0.653320 0.902344
vt 0.264648 0.349609
vt 0.638672 0.901367
vt 0.345703 0.288086
vt 0.574219 0.364258
vt 0.342773 0.288086
vt 0.653320 0.901367
vt 0.574219 0.349609
vt 0.343750 0.289062
vt 0.639648 0.952148
vt 0.265625 0.349609
vt 0.344727 0.289062
vt 0.654297 0.952148
vt 0.265625 0.364258
vt 0.343750 0.288086
vt 0.639648 0.951172
vt 0.575195 0.349609
vt 0.344727 0.288086
vt 0.654297 0.951172
vt 0.575195 0.364258
vt 0.623047 0.443359
vt 0.702148 0.884766
vt 0.589844 0.376953
vt 0.700195 0.887695
vt 0.633789 0.443359
vt 0.589844 0.366211
vt 0.623047 0.441406
vt 0.702148 0.882812
vt 0.592773 0.376953
vt 0.700195 0.885742
vt 0.633789 0.441406
vt 0.592773 0.366211
vt 0.702148 0.887695
vt 0.623047 0.440430
vt 0.591797 0.366211
vt 0.700195 0.884766
vt 0.633789 0.440430
vt 0.591797 0.376953
vt 0.702148 0.885742
vt 0.623047 0.438477
vt 0.594727 0.366211
vt 0.700195 0.882812
vt 0.633789 0.438477
vt 0.594727 0.376953
vt 0.703125 0.723633
vt 0.279297 0.296875
vt 0.350586 0.289062
vt 0.276367 0.296875
vt 0.704102 0.723633
vt 0.350586 0.288086
vt 0.703125 0.720703
vt 0.279297 0.293945
vt 0.352539 0.289062
vt 0.276367 0.293945
vt 0.704102 0.720703
vt 0.352539 0.288086
vt 0.277344 0.296875
vt 0.280273 0.296875
vt 0.351562 0.288086
vt 0.278320 0.296875
vt 0.281250 0.296875
vt 0.351562 0.289062
vt 0.277344 0.293945
vt 0.280273 0.293945
vt 0.353516 0.288086
vt 0.278320 0.293945
vt 0.281250 0.293945
vt 0.353516 0.289062
vt 0.284180 0.296875
vt 0.287109 0.296875
vt 0.354492 0.289062
vt 0.282227 0.296875
vt 0.285156 0.296875
vt 0.354492 0.288086
vt 0.284180 0.293945
vt 0.287109 0.293945
vt 0.356445 0.289062
vt 0.282227 0.293945
vt 0.285156 0.293945
vt 0.356445 0.288086
vt 0.283203 0.296875
vt 0.288086 0.296875
vt 0.355469 0.288086
vt 0.286133 0.296875
vt 0.289062 0.296875
vt 0.355469 0.289062
vt 0.283203 0.293945
vt 0.288086 0.293945
vt 0.357422 0.288086
vt 0.286133 0.293945
vt 0.289062 0.293945
vt 0.357422 0.289062
vt 0.632812 0.612305
vt 0.222656 0.290039
vt 0.473633 0.319336
vt 0.709961 0.779297
vt 0.640625 0.612305
vt 0.473633 0.311523
vt 0.632812 0.610352
vt 0.222656 0.288086
vt 0.481445 0.319336
vt 0.709961 0.777344
vt 0.640625 0.610352
vt 0.481445 0.311523
vt 0.710938 0.779297
vt 0.632812 0.550781
vt 0.474609 0.311523
vt 0.221680 0.290039
vt 0.640625 0.550781
vt 0.474609 0.319336
vt 0.710938 0.777344
vt 0.632812 0.548828
vt 0.482422 0.311523
vt 0.221680 0.288086
vt 0.640625 0.548828
vt 0.482422 0.319336
vt 0.205078 0.316406
vt 0.711914 0.776367
vt 0.610352 0.354492
vt 0.223633 0.290039
vt 0.211914 0.316406
vt 0.610352 0.347656
vt 0.205078 0.315430
vt 0.711914 0.775391
vt 0.637695 0.354492
vt 0.223633 0.289062
vt 0.211914 0.315430
vt 0.637695 0.347656
vt 0.225586 0.290039
vt 0.212891 0.316406
vt 0.612305 0.347656
vt 0.709961 0.776367
vt 0.219727 0.316406
vt 0.612305 0.354492
vt 0.225586 0.289062
vt 0.212891 0.315430
vt 0.639648 0.347656
vt 0.709961 0.775391
vt 0.219727 0.315430
vt 0.639648 0.354492
vt 0.709961 0.774414
vt 0.349609 0.289062
vt 0.709961 0.772461
vt 0.346680 0.289062
vt 0.711914 0.774414
vt 0.709961 0.770508
vt 0.709961 0.773438
vt 0.349609 0.288086
vt 0.229492 0.290039
vt 0.346680 0.288086
vt 0.711914 0.773438
vt 0.229492 0.288086
vt 0.347656 0.289062
vt 0.226562 0.290039
vt 0.710938 0.770508
vt 0.348633 0.289062
vt 0.228516 0.290039
vt 0.710938 0.772461
vt 0.347656 0.288086
vt 0.226562 0.289062
vt 0.230469 0.288086
vt 0.348633 0.288086
vt 0.228516 0.289062
vt 0.230469 0.290039
vt 0.647461 0.875000
vt 0.688477 0.982422
vt 0.383789 0.526367
vt 0.680664 0.984375
vt 0.659180 0.875000
vt 0.383789 0.514648
vt 0.647461 0.874023
vt 0.688477 0.981445
vt 0.444336 0.525391
vt 0.680664 0.983398
vt 0.659180 0.874023
vt 0.444336 0.513672
vt 0.688477 0.984375
vt 0.647461 0.873047
vt 0.391602 0.514648
vt 0.680664 0.982422
vt 0.659180 0.873047
vt 0.391602 0.526367
vt 0.688477 0.983398
vt 0.647461 0.872070
vt 0.452148 0.513672
vt 0.680664 0.981445
vt 0.659180 0.872070
vt 0.452148 0.525391
vt 0.186523 0.342773
vt 0.583008 0.727539
vt 0.094727 0.502930
vt 0.552734 0.563477
vt 0.197266 0.342773
vt 0.094727 0.492188
vt 0.186523 0.341797
vt 0.583008 0.726562
vt 0.102539 0.502930
vt 0.552734 0.562500
vt 0.197266 0.341797
vt 0.102539 0.492188
vt 0.559570 0.563477
vt 0.657227 0.803711
vt 0.101562 0.492188
vt 0.576172 0.727539
vt 0.667969 0.803711
vt 0.101562 0.502930
vt 0.559570 0.562500
vt 0.657227 0.802734
vt 0.109375 0.492188
vt 0.576172 0.726562
vt 0.667969 0.802734
vt 0.109375 0.502930
vt 0.690430 0.767578
vt 0.705078 0.719727
vt 0.141602 0.339844
vt 0.695312 0.386719
vt 0.695312 0.767578
vt 0.141602 0.334961
vt 0.690430 0.766602
vt 0.705078 0.718750
vt 0.144531 0.339844
vt 0.695312 0.385742
vt 0.695312 0.766602
vt 0.144531 0.334961
vt 0.697266 0.386719
vt 0.690430 0.765625
vt 0.143555 0.334961
vt 0.703125 0.719727
vt 0.695312 0.765625
vt 0.143555 0.339844
vt 0.697266 0.385742
vt 0.690430 0.764648
vt 0.146484 0.334961
vt 0.703125 0.718750
vt 0.695312 0.764648
vt 0.146484 0.339844
vt 0.119141 0.381836
vt 0.438477 0.411133
vt 0.237305 0.380859
vt 0.425781 0.411133
vt 0.123047 0.381836
vt 0.237305 0.376953
vt 0.119141 0.375977
vt 0.438477 0.405273
vt 0.276367 0.380859
vt 0.425781 0.405273
vt 0.123047 0.375977
vt 0.276367 0.376953
vt 0.431641 0.411133
vt 0.151367 0.381836
vt 0.243164 0.376953
vt 0.432617 0.411133
vt 0.155273 0.381836
vt 0.243164 0.380859
vt 0.431641 0.405273
vt 0.151367 0.375977
vt 0.282227 0.376953
vt 0.432617 0.405273
vt 0.155273 0.375977
vt 0.282227 0.380859
vt 0.107422 0.366211
vt 0.682617 0.876953
vt 0.124023 0.319336
vt 0.680664 0.881836
vt 0.111328 0.366211
vt 0.124023 0.315430
vt 0.107422 0.362305
vt 0.682617 0.873047
vt 0.126953 0.319336
vt 0.680664 0.877930
vt 0.111328 0.362305
vt 0.126953 0.315430
vt 0.682617 0.881836
vt 0.112305 0.366211
vt 0.125977 0.315430
vt 0.680664 0.876953
vt 0.116211 0.366211
vt 0.125977 0.319336
vt 0.682617 0.877930
vt 0.112305 0.362305
vt 0.128906 0.315430
vt 0.680664 0.873047
vt 0.116211 0.362305
vt 0.128906 0.319336
vt 0.618164 0.396484
vt 0.504883 0.855469
vt 0.436523 0.718750
vt 0.483398 0.566406
vt 0.624023 0.396484
vt 0.436523 0.712891
vt 0.618164 0.392578
vt 0.504883 0.851562
vt 0.437500 0.924805
vt 0.483398 0.562500
vt 0.624023 0.392578
vt 0.437500 0.918945
vt 0.503906 0.566406
vt 0.023438 0.380859
vt 0.457031 0.712891
vt 0.484375 0.855469
vt 0.029297 0.380859
vt 0.457031 0.718750
vt 0.503906 0.562500
vt 0.023438 0.376953
vt 0.458008 0.918945
vt 0.484375 0.851562
vt 0.029297 0.376953
vt 0.458008 0.924805
vt 0.611328 0.536133
vt 0.329102 0.352539
vt 0.439453 0.987305
vt 0.647461 0.807617
vt 0.620117 0.536133
vt 0.439453 0.978516
vt 0.611328 0.533203
vt 0.329102 0.349609
vt 0.118164 0.411133
vt 0.647461 0.804688
vt 0.620117 0.533203
vt 0.118164 0.402344
vt 0.651367 0.807617
vt 0.611328 0.526367
vt 0.443359 0.978516
vt 0.325195 0.352539
vt 0.620117 0.526367
vt 0.443359 0.987305
vt 0.651367 0.804688
vt 0.611328 0.523438
vt 0.122070 0.402344
vt 0.325195 0.349609
vt 0.620117 0.523438
vt 0.122070 0.411133
vt 0.422852 0.388672
vt 0.671875 0.875000
vt 0.301758 0.679688
vt 0.668945 0.878906
vt 0.431641 0.388672
vt 0.301758 0.670898
vt 0.422852 0.385742
vt 0.671875 0.872070
vt 0.090820 0.574219
vt 0.668945 0.875977
vt 0.431641 0.385742
vt 0.090820 0.565430
vt 0.671875 0.878906
vt 0.611328 0.550781
vt 0.304688 0.670898
vt 0.668945 0.875000
vt 0.620117 0.550781
vt 0.304688 0.679688
vt 0.671875 0.875977
vt 0.611328 0.547852
vt 0.093750 0.565430
vt 0.668945 0.872070
vt 0.620117 0.547852
vt 0.093750 0.574219
vt 0.286133 0.428711
vt 0.479492 0.826172
vt 0.524414 0.875977
vt 0.458984 0.913086
vt 0.289062 0.428711
vt 0.524414 0.873047
vt 0.286133 0.423828
vt 0.479492 0.821289
vt 0.524414 0.745117
vt 0.458984 0.908203
vt 0.289062 0.423828
vt 0.524414 0.742188
vt 0.479492 0.913086
vt 0.152344 0.423828
vt 0.544922 0.873047
vt 0.458984 0.826172
vt 0.155273 0.423828
vt 0.544922 0.875977
vt 0.479492 0.908203
vt 0.152344 0.418945
vt 0.544922 0.742188
vt 0.458984 0.821289
vt 0.155273 0.418945
vt 0.544922 0.745117
vt 0.633789 0.962891
vt 0.248047 0.302734
vt 0.383789 0.302734
vt 0.182617 0.302734
vt 0.637695 0.962891
vt 0.383789 0.298828
vt 0.633789 0.958984
vt 0.248047 0.298828
vt 0.423828 0.302734
vt 0.182617 0.298828
vt 0.637695 0.958984
vt 0.423828 0.298828
vt 0.183594 0.302734
vt 0.055664 0.366211
vt 0.384766 0.298828
vt 0.247070 0.302734
vt 0.059570 0.366211
vt 0.384766 0.302734
vt 0.183594 0.298828
vt 0.055664 0.362305
vt 0.424805 0.298828
vt 0.247070 0.298828
vt 0.059570 0.362305
vt 0.424805 0.302734
vt 0.668945 0.907227
vt 0.525391 0.654297
vt 0.501953 0.596680
vt 0.500977 0.683594
vt 0.671875 0.907227
vt 0.501953 0.593750
vt 0.668945 0.904297
vt 0.525391 0.651367
vt 0.501953 0.561523
vt 0.500977 0.680664
vt 0.671875 0.904297
vt 0.501953 0.558594
vt 0.524414 0.683594
vt 0.105469 0.331055
vt 0.525391 0.593750
vt 0.501953 0.654297
vt 0.108398 0.331055
vt 0.525391 0.596680
vt 0.524414 0.680664
vt 0.105469 0.328125
vt 0.525391 0.558594
vt 0.501953 0.651367
vt 0.108398 0.328125
vt 0.525391 0.561523
vt 0.625977 0.604492
vt 0.583008 0.567383
vt 0.483398 0.704102
vt 0.569336 0.671875
vt 0.631836 0.604492
vt 0.483398 0.698242
vt 0.625977 0.601562
vt 0.583008 0.564453
vt 0.094727 0.515625
vt 0.569336 0.668945
vt 0.631836 0.601562
vt 0.094727 0.509766
vt 0.583008 0.671875
vt 0.626953 0.916016
vt 0.497070 0.698242
vt 0.569336 0.567383
vt 0.632812 0.916016
vt 0.497070 0.704102
vt 0.583008 0.668945
vt 0.626953 0.913086
vt 0.108398 0.509766
vt 0.569336 0.564453
vt 0.632812 0.913086
vt 0.108398 0.515625
vt 0.699219 0.933594
vt 0.669922 0.980469
vt 0.583008 0.892578
vt 0.660156 0.982422
vt 0.703125 0.933594
vt 0.583008 0.888672
vt 0.699219 0.932617
vt 0.669922 0.979492
vt 0.583984 0.914062
vt 0.660156 0.981445
vt 0.703125 0.932617
vt 0.583984 0.910156
vt 0.669922 0.982422
vt 0.699219 0.904297
vt 0.592773 0.888672
vt 0.660156 0.980469
vt 0.703125 0.904297
vt 0.592773 0.892578
vt 0.669922 0.981445
vt 0.699219 0.903320
vt 0.593750 0.910156
vt 0.660156 0.979492
vt 0.703125 0.903320
vt 0.593750 0.914062
vt 0.275391 0.372070
vt 0.526367 0.929688
vt 0.597656 0.857422
vt 0.514648 0.507812
vt 0.278320 0.372070
vt 0.597656 0.854492
vt 0.275391 0.366211
vt 0.526367 0.923828
vt 0.597656 0.510742
vt 0.514648 0.501953
vt 0.278320 0.366211
vt 0.597656 0.507812
vt 0.525391 0.507812
vt 0.279297 0.372070
vt 0.608398 0.854492
vt 0.515625 0.929688
vt 0.282227 0.372070
vt 0.608398 0.857422
vt 0.525391 0.501953
vt 0.279297 0.366211
vt 0.608398 0.507812
vt 0.515625 0.923828
vt 0.282227 0.366211
vt 0.608398 0.510742
vt 0.518555 0.464844
vt 0.525391 0.603516
vt 0.595703 0.612305
vt 0.250977 0.485352
vt 0.521484 0.464844
vt 0.595703 0.609375
vt 0.518555 0.458984
vt 0.525391 0.597656
vt 0.596680 0.449219
vt 0.250977 0.479492
vt 0.521484 0.458984
vt 0.596680 0.446289
vt 0.261719 0.485352
vt 0.411133 0.456055
vt 0.606445 0.609375
vt 0.514648 0.603516
vt 0.414062 0.456055
vt 0.606445 0.612305
vt 0.261719 0.479492
vt 0.411133 0.450195
vt 0.607422 0.446289
vt 0.514648 0.597656
vt 0.414062 0.450195
vt 0.607422 0.449219
vt 0.696289 0.615234
vt 0.654297 0.340820
vt 0.580078 0.644531
vt 0.659180 0.394531
vt 0.700195 0.615234
vt 0.580078 0.640625
vt 0.696289 0.614258
vt 0.654297 0.339844
vt 0.583008 0.967773
vt 0.659180 0.393555
vt 0.700195 0.614258
vt 0.583008 0.963867
vt 0.668945 0.394531
vt 0.696289 0.571289
vt 0.589844 0.640625
vt 0.644531 0.340820
vt 0.700195 0.571289
vt 0.589844 0.644531
vt 0.668945 0.393555
vt 0.696289 0.570312
vt 0.592773 0.963867
vt 0.644531 0.339844
vt 0.700195 0.570312
vt 0.592773 0.967773
vt 0.683594 0.331055
vt 0.676758 0.382812
vt 0.039062 0.457031
vt 0.667969 0.384766
vt 0.689453 0.331055
vt 0.039062 0.451172
vt 0.683594 0.330078
vt 0.676758 0.381836
vt 0.078125 0.457031
vt 0.667969 0.383789
vt 0.689453 0.330078
vt 0.078125 0.451172
vt 0.676758 0.384766
vt 0.683594 0.321289
vt 0.047852 0.451172
vt 0.667969 0.382812
vt 0.689453 0.321289
vt 0.047852 0.457031
vt 0.676758 0.383789
vt 0.683594 0.320312
vt 0.086914 0.451172
vt 0.667969 0.381836
vt 0.689453 0.320312
vt 0.086914 0.457031
vt 0.434570 0.315430
vt 0.677734 0.919922
vt 0.163086 0.457031
vt 0.667969 0.334961
vt 0.440430 0.315430
vt 0.163086 0.451172
vt 0.434570 0.314453
vt 0.677734 0.918945
vt 0.542969 0.514648
vt 0.667969 0.333984
vt 0.440430 0.314453
vt 0.542969 0.508789
vt 0.676758 0.334961
vt 0.521484 0.315430
vt 0.171875 0.451172
vt 0.668945 0.919922
vt 0.527344 0.315430
vt 0.171875 0.457031
vt 0.676758 0.333984
vt 0.521484 0.314453
vt 0.551758 0.508789
vt 0.668945 0.918945
vt 0.527344 0.314453
vt 0.551758 0.514648
vt 0.034180 0.315430
vt 0.659180 0.880859
vt 0.501953 0.783203
vt 0.647461 0.882812
vt 0.040039 0.315430
vt 0.501953 0.777344
vt 0.034180 0.314453
vt 0.659180 0.879883
vt 0.501953 0.721680
vt 0.647461 0.881836
vt 0.040039 0.314453
vt 0.501953 0.715820
vt 0.659180 0.882812
vt 0.041016 0.315430
vt 0.513672 0.777344
vt 0.647461 0.880859
vt 0.046875 0.315430
vt 0.513672 0.783203
vt 0.659180 0.881836
vt 0.041016 0.314453
vt 0.513672 0.715820
vt 0.647461 0.879883
vt 0.046875 0.314453
vt 0.513672 0.721680
vt 0.684570 0.458008
vt 0.659180 0.818359
vt 0.503906 0.728516
vt 0.647461 0.820312
vt 0.690430 0.458008
vt 0.503906 0.722656
vt 0.684570 0.457031
vt 0.659180 0.817383
vt 0.503906 0.548828
vt 0.647461 0.819336
vt 0.690430 0.457031
vt 0.503906 0.542969
vt 0.659180 0.820312
vt 0.684570 0.456055
vt 0.515625 0.722656
vt 0.647461 0.818359
vt 0.690430 0.456055
vt 0.515625 0.728516
vt 0.659180 0.819336
vt 0.684570 0.455078
vt 0.515625 0.542969
vt 0.647461 0.817383
vt 0.690430 0.455078
vt 0.515625 0.548828
vt 0.697266 0.809570
vt 0.645508 0.457031
vt 0.517578 0.772461
vt 0.271484 0.708984
vt 0.701172 0.809570
vt 0.517578 0.768555
vt 0.697266 0.808594
vt 0.645508 0.456055
vt 0.518555 0.994141
vt 0.271484 0.708008
vt 0.701172 0.808594
vt 0.518555 0.990234
vt 0.287109 0.708984
vt 0.697266 0.433594
vt 0.533203 0.768555
vt 0.629883 0.457031
vt 0.701172 0.433594
vt 0.533203 0.772461
vt 0.287109 0.708008
vt 0.697266 0.432617
vt 0.534180 0.990234
vt 0.629883 0.456055
vt 0.701172 0.432617
vt 0.534180 0.994141
vt 0.593750 0.892578
vt 0.543945 0.675781
vt 0.568359 0.966797
vt 0.529297 0.519531
vt 0.596680 0.892578
vt 0.568359 0.963867
vt 0.593750 0.888672
vt 0.543945 0.671875
vt 0.569336 0.913086
vt 0.529297 0.515625
vt 0.596680 0.888672
vt 0.569336 0.910156
vt 0.542969 0.519531
vt 0.315430 0.353516
vt 0.582031 0.963867
vt 0.530273 0.675781
vt 0.318359 0.353516
vt 0.582031 0.966797
vt 0.542969 0.515625
vt 0.315430 0.349609
vt 0.583008 0.910156
vt 0.530273 0.671875
vt 0.318359 0.349609
vt 0.583008 0.913086
vt 0.696289 0.534180
vt 0.510742 0.639648
vt 0.529297 0.763672
vt 0.433594 0.946289
vt 0.700195 0.534180
vt 0.529297 0.759766
vt 0.696289 0.533203
vt 0.510742 0.638672
vt 0.529297 0.639648
vt 0.433594 0.945312
vt 0.700195 0.533203
vt 0.529297 0.635742
vt 0.447266 0.946289
vt 0.697266 0.870117
vt 0.542969 0.759766
vt 0.497070 0.639648
vt 0.701172 0.870117
vt 0.542969 0.763672
vt 0.447266 0.945312
vt 0.697266 0.869141
vt 0.542969 0.635742
vt 0.497070 0.638672
vt 0.701172 0.869141
vt 0.542969 0.639648
vt 0.699219 0.860352
vt 0.656250 0.504883
vt 0.530273 0.626953
vt 0.642578 0.791016
vt 0.703125 0.860352
vt 0.530273 0.623047
vt 0.699219 0.859375
vt 0.656250 0.503906
vt 0.530273 0.548828
vt 0.642578 0.790039
vt 0.703125 0.859375
vt 0.530273 0.544922
vt 0.656250 0.791016
vt 0.699219 0.814453
vt 0.543945 0.623047
vt 0.642578 0.504883
vt 0.703125 0.814453
vt 0.543945 0.626953
vt 0.656250 0.790039
vt 0.699219 0.813477
vt 0.543945 0.544922
vt 0.642578 0.503906
vt 0.703125 0.813477
vt 0.543945 0.548828
vt 0.709961 0.339844
vt 0.648438 0.958008
vt 0.633789 0.946289
vt 0.633789 0.978516
vt 0.710938 0.339844
vt 0.633789 0.945312
vt 0.709961 0.338867
vt 0.648438 0.957031
vt 0.633789 0.900391
vt 0.633789 0.977539
vt 0.710938 0.338867
vt 0.633789 0.899414
vt 0.648438 0.978516
vt 0.709961 0.337891
vt 0.648438 0.945312
vt 0.633789 0.958008
vt 0.710938 0.337891
vt 0.648438 0.946289
vt 0.648438 0.977539
vt 0.709961 0.336914
vt 0.648438 0.899414
vt 0.633789 0.957031
vt 0.710938 0.336914
vt 0.648438 0.900391
vt 0.655273 0.340820
vt 0.172852 0.342773
vt 0.246094 0.544922
vt 0.657227 0.855469
vt 0.665039 0.340820
vt 0.246094 0.535156
vt 0.655273 0.339844
vt 0.172852 0.341797
vt 0.456055 0.987305
vt 0.657227 0.854492
vt 0.665039 0.339844
vt 0.456055 0.977539
vt 0.667969 0.855469
vt 0.000000 0.339844
vt 0.256836 0.535156
vt 0.162109 0.342773
vt 0.009766 0.339844
vt 0.256836 0.544922
vt 0.667969 0.854492
vt 0.000000 0.338867
vt 0.466797 0.977539
vt 0.162109 0.341797
vt 0.009766 0.338867
vt 0.466797 0.987305
vt 0.141602 0.490234
vt 0.579102 0.462891
vt 0.151367 0.598633
vt 0.119141 0.426758
vt 0.148438 0.490234
vt 0.151367 0.591797
vt 0.141602 0.487305
vt 0.579102 0.459961
vt 0.141602 0.431641
vt 0.119141 0.423828
vt 0.148438 0.487305
vt 0.141602 0.424805
vt 0.125000 0.426758
vt 0.062500 0.425781
vt 0.157227 0.591797
vt 0.573242 0.462891
vt 0.069336 0.425781
vt 0.157227 0.598633
vt 0.125000 0.423828
vt 0.062500 0.422852
vt 0.147461 0.424805
vt 0.573242 0.459961
vt 0.069336 0.422852
vt 0.147461 0.431641
vt 0.172852 0.315430
vt 0.185547 0.315430
vt 0.158203 0.411133
vt 0.141602 0.315430
vt 0.178711 0.315430
vt 0.158203 0.405273
vt 0.172852 0.314453
vt 0.185547 0.314453
vt 0.588867 0.793945
vt 0.141602 0.314453
vt 0.178711 0.314453
vt 0.588867 0.788086
vt 0.147461 0.315430
vt 0.186523 0.315430
vt 0.164062 0.405273
vt 0.179688 0.315430
vt 0.192383 0.315430
vt 0.164062 0.411133
vt 0.147461 0.314453
vt 0.186523 0.314453
vt 0.594727 0.788086
vt 0.179688 0.314453
vt 0.192383 0.314453
vt 0.594727 0.793945
vt 0.193359 0.315430
vt 0.509766 0.922852
vt 0.328125 0.431641
vt 0.501953 0.714844
vt 0.199219 0.315430
vt 0.328125 0.425781
vt 0.193359 0.314453
vt 0.509766 0.921875
vt 0.021484 0.430664
vt 0.501953 0.713867
vt 0.199219 0.314453
vt 0.021484 0.424805
vt 0.508789 0.714844
vt 0.230469 0.315430
vt 0.334961 0.425781
vt 0.502930 0.922852
vt 0.236328 0.315430
vt 0.334961 0.431641
vt 0.508789 0.713867
vt 0.230469 0.314453
vt 0.028320 0.424805
vt 0.502930 0.921875
vt 0.236328 0.314453
vt 0.028320 0.430664
vt 0.690430 0.707031
vt 0.688477 0.583008
vt 0.591797 0.588867
vt 0.681641 0.589844
vt 0.695312 0.707031
vt 0.591797 0.583984
vt 0.690430 0.706055
vt 0.688477 0.582031
vt 0.591797 0.524414
vt 0.681641 0.588867
vt 0.695312 0.706055
vt 0.591797 0.519531
vt 0.688477 0.589844
vt 0.690430 0.699219
vt 0.598633 0.583984
vt 0.681641 0.583008
vt 0.695312 0.699219
vt 0.598633 0.588867
vt 0.688477 0.588867
vt 0.690430 0.698242
vt 0.598633 0.519531
vt 0.681641 0.582031
vt 0.695312 0.698242
vt 0.598633 0.524414
vt 0.698242 0.921875
vt 0.646484 0.634766
vt 0.518555 0.758789
vt 0.630859 0.653320
vt 0.702148 0.921875
vt 0.518555 0.754883
vt 0.698242 0.920898
vt 0.646484 0.633789
vt 0.519531 0.568359
vt 0.630859 0.652344
vt 0.702148 0.920898
vt 0.519531 0.564453
vt 0.646484 0.653320
vt 0.698242 0.836914
vt 0.534180 0.754883
vt 0.630859 0.634766
vt 0.702148 0.836914
vt 0.534180 0.758789
vt 0.646484 0.652344
vt 0.698242 0.835938
vt 0.535156 0.564453
vt 0.630859 0.633789
vt 0.702148 0.835938
vt 0.535156 0.568359
vt 0.469727 0.649414
vt 0.600586 0.797852
vt 0.483398 0.963867
vt 0.200195 0.411133
vt 0.476562 0.649414
vt 0.483398 0.957031
vt 0.469727 0.646484
vt 0.600586 0.794922
vt 0.483398 0.863281
vt 0.200195 0.408203
vt 0.476562 0.646484
vt 0.483398 0.856445
vt 0.211914 0.411133
vt 0.163086 0.494141
vt 0.495117 0.957031
vt 0.588867 0.797852
vt 0.169922 0.494141
vt 0.495117 0.963867
vt 0.211914 0.408203
vt 0.163086 0.491211
vt 0.495117 0.856445
vt 0.588867 0.794922
vt 0.169922 0.491211
vt 0.495117 0.863281
vt 0.604492 0.735352
vt 0.702148 0.543945
vt 0.334961 0.407227
vt 0.698242 0.744141
vt 0.606445 0.735352
vt 0.334961 0.405273
vt 0.604492 0.734375
vt 0.702148 0.542969
vt 0.634766 0.843750
vt 0.698242 0.743164
vt 0.606445 0.734375
vt 0.634766 0.841797
vt 0.702148 0.744141
vt 0.608398 0.697266
vt 0.338867 0.405273
vt 0.698242 0.543945
vt 0.610352 0.697266
vt 0.338867 0.407227
vt 0.702148 0.743164
vt 0.608398 0.696289
vt 0.638672 0.841797
vt 0.698242 0.542969
vt 0.610352 0.696289
vt 0.638672 0.843750
vt 0.464844 0.353516
vt 0.536133 0.870117
vt 0.554688 0.541016
vt 0.520508 0.952148
vt 0.467773 0.353516
vt 0.554688 0.538086
vt 0.464844 0.349609
vt 0.536133 0.866211
vt 0.554688 0.470703
vt 0.520508 0.948242
vt 0.467773 0.349609
vt 0.554688 0.467773
vt 0.536133 0.952148
vt 0.468750 0.353516
vt 0.570312 0.538086
vt 0.520508 0.870117
vt 0.471680 0.353516
vt 0.570312 0.541016
vt 0.536133 0.948242
vt 0.468750 0.349609
vt 0.570312 0.467773
vt 0.520508 0.866211
vt 0.471680 0.349609
vt 0.570312 0.470703
vt 0.093750 0.352539
vt 0.567383 0.967773
vt 0.224609 0.411133
vt 0.555664 0.972656
vt 0.096680 0.352539
vt 0.224609 0.408203
vt 0.093750 0.348633
vt 0.567383 0.963867
vt 0.588867 0.745117
vt 0.555664 0.968750
vt 0.096680 0.348633
vt 0.588867 0.742188
vt 0.567383 0.972656
vt 0.125000 0.352539
vt 0.236328 0.408203
vt 0.555664 0.967773
vt 0.127930 0.352539
vt 0.236328 0.411133
vt 0.567383 0.968750
vt 0.125000 0.348633
vt 0.600586 0.742188
vt 0.555664 0.963867
vt 0.127930 0.348633
vt 0.600586 0.745117
vt 0.238281 0.372070
vt 0.514648 0.929688
vt 0.588867 0.741211
vt 0.039062 0.497070
vt 0.241211 0.372070
vt 0.588867 0.738281
vt 0.238281 0.366211
vt 0.514648 0.923828
vt 0.261719 0.411133
vt 0.039062 0.491211
vt 0.241211 0.366211
vt 0.261719 0.408203
vt 0.050781 0.497070
vt 0.242188 0.372070
vt 0.600586 0.738281
vt 0.502930 0.929688
vt 0.245117 0.372070
vt 0.600586 0.741211
vt 0.050781 0.491211
vt 0.242188 0.366211
vt 0.273438 0.408203
vt 0.502930 0.923828
vt 0.245117 0.366211
vt 0.273438 0.411133
vt 0.613281 0.376953
vt 0.600586 0.699219
vt 0.483398 0.631836
vt 0.588867 0.709961
vt 0.620117 0.376953
vt 0.483398 0.625000
vt 0.613281 0.374023
vt 0.600586 0.696289
vt 0.483398 0.574219
vt 0.588867 0.707031
vt 0.620117 0.374023
vt 0.483398 0.567383
vt 0.600586 0.709961
vt 0.621094 0.376953
vt 0.495117 0.625000
vt 0.588867 0.699219
vt 0.627930 0.376953
vt 0.495117 0.631836
vt 0.600586 0.707031
vt 0.621094 0.374023
vt 0.495117 0.567383
vt 0.588867 0.696289
vt 0.627930 0.374023
vt 0.495117 0.574219
vt 0.709961 0.335938
vt 0.648438 0.887695
vt 0.633789 0.794922
vt 0.633789 0.898438
vt 0.710938 0.335938
vt 0.633789 0.793945
vt 0.709961 0.334961
vt 0.648438 0.886719
vt 0.633789 0.792969
vt 0.633789 0.897461
vt 0.710938 0.334961
vt 0.633789 0.791992
vt 0.648438 0.898438
vt 0.709961 0.323242
vt 0.648438 0.793945
vt 0.633789 0.887695
vt 0.710938 0.323242
vt 0.648438 0.794922
vt 0.648438 0.897461
vt 0.709961 0.322266
vt 0.648438 0.791992
vt 0.633789 0.886719
vt 0.710938 0.322266
vt 0.648438 0.792969
vt 0.178711 0.352539
vt 0.543945 0.470703
vt 0.569336 0.772461
vt 0.530273 0.475586
vt 0.181641 0.352539
vt 0.569336 0.769531
vt 0.178711 0.348633
vt 0.543945 0.466797
vt 0.569336 0.725586
vt 0.530273 0.471680
vt 0.181641 0.348633
vt 0.569336 0.722656
vt 0.543945 0.475586
vt 0.238281 0.352539
vt 0.583008 0.769531
vt 0.530273 0.470703
vt 0.241211 0.352539
vt 0.583008 0.772461
vt 0.543945 0.471680
vt 0.238281 0.348633
vt 0.583008 0.722656
vt 0.530273 0.466797
vt 0.241211 0.348633
vt 0.583008 0.725586
vt 0.624023 0.807617
vt 0.631836 0.612305
vt 0.452148 0.431641
vt 0.625977 0.735352
vt 0.630859 0.807617
vt 0.452148 0.424805
vt 0.624023 0.804688
vt 0.631836 0.609375
vt 0.569336 0.733398
vt 0.625977 0.732422
vt 0.630859 0.804688
vt 0.569336 0.726562
vt 0.631836 0.735352
vt 0.230469 0.375977
vt 0.458008 0.424805
vt 0.625977 0.612305
vt 0.237305 0.375977
vt 0.458008 0.431641
vt 0.631836 0.732422
vt 0.230469 0.373047
vt 0.575195 0.726562
vt 0.625977 0.609375
vt 0.237305 0.373047
vt 0.575195 0.733398
vt 0.351562 0.315430
vt 0.396484 0.315430
vt 0.274414 0.411133
vt 0.306641 0.315430
vt 0.357422 0.315430
vt 0.274414 0.405273
vt 0.351562 0.314453
vt 0.396484 0.314453
vt 0.588867 0.695312
vt 0.306641 0.314453
vt 0.357422 0.314453
vt 0.588867 0.689453
vt 0.312500 0.315430
vt 0.427734 0.315430
vt 0.280273 0.405273
vt 0.390625 0.315430
vt 0.433594 0.315430
vt 0.280273 0.411133
vt 0.312500 0.314453
vt 0.427734 0.314453
vt 0.594727 0.689453
vt 0.390625 0.314453
vt 0.433594 0.314453
vt 0.594727 0.695312
vt 0.010742 0.339844
vt 0.667969 0.791992
vt 0.044922 0.543945
vt 0.203125 0.342773
vt 0.020508 0.339844
vt 0.044922 0.534180
vt 0.010742 0.338867
vt 0.667969 0.791016
vt 0.056641 0.543945
vt 0.203125 0.341797
vt 0.020508 0.338867
vt 0.056641 0.534180
vt 0.213867 0.342773
vt 0.660156 0.984375
vt 0.055664 0.534180
vt 0.657227 0.791992
vt 0.669922 0.984375
vt 0.055664 0.543945
vt 0.213867 0.341797
vt 0.660156 0.983398
vt 0.067383 0.534180
vt 0.657227 0.791016
vt 0.669922 0.983398
vt 0.067383 0.543945
vt 0.382812 0.318359
vt 0.659180 0.865234
vt 0.483398 0.807617
vt 0.647461 0.867188
vt 0.389648 0.318359
vt 0.483398 0.800781
vt 0.382812 0.317383
vt 0.659180 0.864258
vt 0.244141 0.516602
vt 0.647461 0.866211
vt 0.389648 0.317383
vt 0.244141 0.509766
vt 0.659180 0.867188
vt 0.681641 0.603516
vt 0.495117 0.800781
vt 0.647461 0.865234
vt 0.688477 0.603516
vt 0.495117 0.807617
vt 0.659180 0.866211
vt 0.681641 0.602539
vt 0.255859 0.509766
vt 0.647461 0.864258
vt 0.688477 0.602539
vt 0.255859 0.516602
vt 0.444336 0.429688
vt 0.513672 0.603516
vt 0.588867 0.823242
vt 0.501953 0.698242
vt 0.447266 0.429688
vt 0.588867 0.820312
vt 0.444336 0.423828
vt 0.513672 0.597656
vt 0.187500 0.411133
vt 0.501953 0.692383
vt 0.447266 0.423828
vt 0.187500 0.408203
vt 0.513672 0.698242
vt 0.234375 0.372070
vt 0.600586 0.820312
vt 0.501953 0.603516
vt 0.237305 0.372070
vt 0.600586 0.823242
vt 0.513672 0.692383
vt 0.234375 0.366211
vt 0.199219 0.408203
vt 0.501953 0.597656
vt 0.237305 0.366211
vt 0.199219 0.411133
vt 0.354492 0.722656
vt 0.659180 0.876953
vt 0.481445 0.946289
vt 0.647461 0.878906
vt 0.361328 0.722656
vt 0.481445 0.939453
vt 0.354492 0.721680
vt 0.659180 0.875977
vt 0.472656 0.517578
vt 0.647461 0.877930
vt 0.361328 0.721680
vt 0.472656 0.510742
vt 0.659180 0.878906
vt 0.458008 0.962891
vt 0.493164 0.939453
vt 0.647461 0.876953
vt 0.464844 0.962891
vt 0.493164 0.946289
vt 0.659180 0.877930
vt 0.458008 0.961914
vt 0.484375 0.510742
vt 0.647461 0.875977
vt 0.464844 0.961914
vt 0.484375 0.517578
vt 0.035156 0.331055
vt 0.599609 0.949219
vt 0.588867 0.841797
vt 0.587891 0.993164
vt 0.038086 0.331055
vt 0.588867 0.838867
vt 0.035156 0.328125
vt 0.599609 0.946289
vt 0.588867 0.837891
vt 0.587891 0.990234
vt 0.038086 0.328125
vt 0.588867 0.834961
vt 0.599609 0.993164
vt 0.668945 0.964844
vt 0.600586 0.838867
vt 0.587891 0.949219
vt 0.671875 0.964844
vt 0.600586 0.841797
vt 0.599609 0.990234
vt 0.668945 0.961914
vt 0.600586 0.834961
vt 0.587891 0.946289
vt 0.671875 0.961914
vt 0.600586 0.837891
vt 0.667969 0.380859
vt 0.569336 0.532227
vt 0.554688 0.548828
vt 0.553711 0.837891
vt 0.670898 0.380859
vt 0.554688 0.545898
vt 0.667969 0.377930
vt 0.569336 0.529297
vt 0.554688 0.544922
vt 0.553711 0.834961
vt 0.670898 0.377930
vt 0.554688 0.541992
vt 0.569336 0.837891
vt 0.667969 0.338867
vt 0.570312 0.545898
vt 0.553711 0.532227
vt 0.670898 0.338867
vt 0.570312 0.548828
vt 0.569336 0.834961
vt 0.667969 0.335938
vt 0.570312 0.541992
vt 0.553711 0.529297
vt 0.670898 0.335938
vt 0.570312 0.544922
vt 0.423828 0.353516
vt 0.504883 0.381836
vt 0.198242 0.471680
vt 0.618164 0.566406
vt 0.426758 0.353516
vt 0.198242 0.468750
vt 0.423828 0.349609
vt 0.504883 0.377930
vt 0.134766 0.427734
vt 0.618164 0.562500
vt 0.426758 0.349609
vt 0.134766 0.424805
vt 0.624023 0.566406
vt 0.460938 0.353516
vt 0.204102 0.468750
vt 0.499023 0.381836
vt 0.463867 0.353516
vt 0.204102 0.471680
vt 0.624023 0.562500
vt 0.460938 0.349609
vt 0.140625 0.424805
vt 0.499023 0.377930
vt 0.463867 0.349609
vt 0.140625 0.427734
vt 0.697266 0.412109
vt 0.541016 0.597656
vt 0.535156 0.758789
vt 0.172852 0.467773
vt 0.701172 0.412109
vt 0.535156 0.754883
vt 0.697266 0.411133
vt 0.541016 0.596680
vt 0.040039 0.427734
vt 0.172852 0.466797
vt 0.701172 0.411133
vt 0.040039 0.423828
vt 0.177734 0.467773
vt 0.697266 0.333008
vt 0.540039 0.754883
vt 0.536133 0.597656
vt 0.701172 0.333008
vt 0.540039 0.758789
vt 0.177734 0.466797
vt 0.697266 0.332031
vt 0.044922 0.423828
vt 0.536133 0.596680
vt 0.701172 0.332031
vt 0.044922 0.427734
vt 0.710938 0.972656
vt 0.703125 0.752930
vt 0.249023 0.300781
vt 0.699219 0.754883
vt 0.711914 0.972656
vt 0.249023 0.299805
vt 0.710938 0.971680
vt 0.703125 0.751953
vt 0.699219 0.750977
vt 0.699219 0.753906
vt 0.711914 0.971680
vt 0.699219 0.750000
vt 0.703125 0.754883
vt 0.710938 0.970703
vt 0.252930 0.299805
vt 0.699219 0.752930
vt 0.711914 0.970703
vt 0.252930 0.300781
vt 0.703125 0.753906
vt 0.710938 0.969727
vt 0.703125 0.750000
vt 0.699219 0.751953
vt 0.711914 0.969727
vt 0.703125 0.750977
vt 0.625000 0.910156
vt 0.064453 0.437500
vt 0.251953 0.352539
vt 0.214844 0.507812
vt 0.628906 0.910156
vt 0.251953 0.348633
vt 0.625000 0.905273
vt 0.064453 0.432617
vt 0.273438 0.352539
vt 0.214844 0.502930
vt 0.628906 0.905273
vt 0.273438 0.348633
vt 0.217773 0.507812
vt 0.625000 0.904297
vt 0.254883 0.348633
vt 0.061523 0.437500
vt 0.628906 0.904297
vt 0.254883 0.352539
vt 0.217773 0.502930
vt 0.625000 0.899414
vt 0.276367 0.348633
vt 0.061523 0.432617
vt 0.628906 0.899414
vt 0.276367 0.352539
vt 0.625000 0.898438
vt 0.607422 0.831055
vt 0.618164 0.451172
vt 0.227539 0.428711
vt 0.628906 0.898438
vt 0.618164 0.447266
vt 0.625000 0.893555
vt 0.607422 0.826172
vt 0.618164 0.401367
vt 0.227539 0.423828
vt 0.628906 0.893555
vt 0.618164 0.397461
vt 0.233398 0.428711
vt 0.119141 0.375000
vt 0.624023 0.447266
vt 0.601562 0.831055
vt 0.123047 0.375000
vt 0.624023 0.451172
vt 0.233398 0.423828
vt 0.119141 0.370117
vt 0.624023 0.397461
vt 0.601562 0.826172
vt 0.123047 0.370117
vt 0.624023 0.401367
vt 0.647461 0.724609
vt 0.592773 0.302734
vt 0.013672 0.298828
vt 0.441406 0.302734
vt 0.650391 0.724609
vt 0.013672 0.295898
vt 0.647461 0.720703
vt 0.592773 0.298828
vt 0.038086 0.298828
vt 0.441406 0.298828
vt 0.650391 0.720703
vt 0.038086 0.295898
vt 0.442383 0.302734
vt 0.287109 0.352539
vt 0.014648 0.295898
vt 0.591797 0.302734
vt 0.290039 0.352539
vt 0.014648 0.298828
vt 0.442383 0.298828
vt 0.287109 0.348633
vt 0.039062 0.295898
vt 0.591797 0.298828
vt 0.290039 0.348633
vt 0.039062 0.298828
vt 0.075195 0.320312
vt 0.143555 0.320312
vt 0.699219 0.749023
vt 0.061523 0.320312
vt 0.077148 0.320312
vt 0.699219 0.747070
vt 0.075195 0.316406
vt 0.143555 0.316406
vt 0.699219 0.742188
vt 0.061523 0.316406
vt 0.077148 0.316406
vt 0.699219 0.740234
vt 0.063477 0.320312
vt 0.144531 0.320312
vt 0.701172 0.747070
vt 0.141602 0.320312
vt 0.146484 0.320312
vt 0.701172 0.749023
vt 0.063477 0.316406
vt 0.144531 0.316406
vt 0.701172 0.740234
vt 0.141602 0.316406
vt 0.146484 0.316406
vt 0.701172 0.742188
vt 0.701172 0.470703
vt 0.711914 0.966797
vt 0.060547 0.298828
vt 0.710938 0.968750
vt 0.704102 0.470703
vt 0.060547 0.295898
vt 0.701172 0.469727
vt 0.711914 0.965820
vt 0.074219 0.298828
vt 0.710938 0.967773
vt 0.704102 0.469727
vt 0.074219 0.295898
vt 0.711914 0.968750
vt 0.531250 0.298828
vt 0.061523 0.295898
vt 0.710938 0.966797
vt 0.534180 0.298828
vt 0.061523 0.298828
vt 0.711914 0.967773
vt 0.531250 0.297852
vt 0.075195 0.295898
vt 0.710938 0.965820
vt 0.534180 0.297852
vt 0.075195 0.298828
vt 0.309570 0.408203
vt 0.491211 0.448242
vt 0.291992 0.425781
vt 0.428711 0.448242
vt 0.314453 0.408203
vt 0.291992 0.420898
vt 0.309570 0.401367
vt 0.491211 0.441406
vt 0.590820 0.471680
vt 0.428711 0.441406
vt 0.314453 0.401367
vt 0.590820 0.466797
vt 0.435547 0.448242
vt 0.591797 0.510742
vt 0.298828 0.420898
vt 0.484375 0.448242
vt 0.596680 0.510742
vt 0.298828 0.425781
vt 0.435547 0.441406
vt 0.591797 0.503906
vt 0.597656 0.466797
vt 0.484375 0.441406
vt 0.596680 0.503906
vt 0.597656 0.471680
vt 0.538086 0.375000
vt 0.483398 0.847656
vt 0.486328 0.884766
vt 0.462891 0.853516
vt 0.541992 0.375000
vt 0.486328 0.880859
vt 0.538086 0.370117
vt 0.483398 0.842773
vt 0.187500 0.512695
vt 0.462891 0.848633
vt 0.541992 0.370117
vt 0.187500 0.508789
vt 0.483398 0.853516
vt 0.542969 0.375000
vt 0.506836 0.880859
vt 0.462891 0.847656
vt 0.546875 0.375000
vt 0.506836 0.884766
vt 0.483398 0.848633
vt 0.542969 0.370117
vt 0.208008 0.508789
vt 0.462891 0.842773
vt 0.546875 0.370117
vt 0.208008 0.512695
vt 0.633789 0.910156
vt 0.504883 0.821289
vt 0.484375 0.666016
vt 0.484375 0.850586
vt 0.637695 0.910156
vt 0.484375 0.662109
vt 0.633789 0.906250
vt 0.504883 0.817383
vt 0.485352 0.517578
vt 0.484375 0.846680
vt 0.637695 0.906250
vt 0.485352 0.513672
vt 0.504883 0.850586
vt 0.633789 0.905273
vt 0.504883 0.662109
vt 0.484375 0.821289
vt 0.637695 0.905273
vt 0.504883 0.666016
vt 0.504883 0.846680
vt 0.633789 0.901367
vt 0.505859 0.513672
vt 0.484375 0.817383
vt 0.637695 0.901367
vt 0.505859 0.517578
vt 0.254883 0.375977
vt 0.544922 0.574219
vt 0.254883 0.575195
vt 0.524414 0.679688
vt 0.261719 0.375977
vt 0.254883 0.568359
vt 0.254883 0.373047
vt 0.544922 0.571289
vt 0.055664 0.574219
vt 0.524414 0.676758
vt 0.261719 0.373047
vt 0.055664 0.567383
vt 0.544922 0.679688
vt 0.624023 0.729492
vt 0.275391 0.568359
vt 0.524414 0.574219
vt 0.630859 0.729492
vt 0.275391 0.575195
vt 0.544922 0.676758
vt 0.624023 0.726562
vt 0.076172 0.567383
vt 0.524414 0.571289
vt 0.630859 0.726562
vt 0.076172 0.574219
vt 0.222656 0.297852
vt 0.611328 0.797852
vt 0.661133 0.809570
vt 0.384766 0.958984
vt 0.223633 0.297852
vt 0.661133 0.808594
vt 0.222656 0.294922
vt 0.611328 0.794922
vt 0.661133 0.667969
vt 0.384766 0.956055
vt 0.223633 0.294922
vt 0.661133 0.666992
vt 0.394531 0.958984
vt 0.702148 0.777344
vt 0.670898 0.808594
vt 0.601562 0.797852
vt 0.703125 0.777344
vt 0.670898 0.809570
vt 0.394531 0.956055
vt 0.702148 0.774414
vt 0.670898 0.666992
vt 0.601562 0.794922
vt 0.703125 0.774414
vt 0.670898 0.667969
vt 0.178711 0.359375
vt 0.634766 0.970703
vt 0.661133 0.986328
vt 0.624023 0.437500
vt 0.179688 0.359375
vt 0.661133 0.985352
vt 0.178711 0.357422
vt 0.634766 0.968750
vt 0.661133 0.833008
vt 0.624023 0.435547
vt 0.179688 0.357422
vt 0.661133 0.832031
vt 0.633789 0.437500
vt 0.641602 0.416016
vt 0.670898 0.985352
vt 0.625000 0.970703
vt 0.642578 0.416016
vt 0.670898 0.986328
vt 0.633789 0.435547
vt 0.641602 0.414062
vt 0.670898 0.832031
vt 0.625000 0.968750
vt 0.642578 0.414062
vt 0.670898 0.833008
vt 0.196289 0.297852
vt 0.192383 0.387695
vt 0.184570 0.331055
vt 0.100586 0.387695
vt 0.197266 0.297852
vt 0.184570 0.330078
vt 0.196289 0.294922
vt 0.192383 0.384766
vt 0.194336 0.331055
vt 0.100586 0.384766
vt 0.197266 0.294922
vt 0.194336 0.330078
vt 0.109375 0.387695
vt 0.702148 0.781250
vt 0.193359 0.330078
vt 0.183594 0.387695
vt 0.703125 0.781250
vt 0.193359 0.331055
vt 0.109375 0.384766
vt 0.702148 0.778320
vt 0.203125 0.330078
vt 0.183594 0.384766
vt 0.703125 0.778320
vt 0.203125 0.331055
vt 0.094727 0.518555
vt 0.701172 0.714844
vt 0.466797 0.813477
vt 0.699219 0.717773
vt 0.100586 0.518555
vt 0.466797 0.807617
vt 0.094727 0.516602
vt 0.701172 0.712891
vt 0.503906 0.459961
vt 0.699219 0.715820
vt 0.100586 0.516602
vt 0.503906 0.454102
vt 0.701172 0.717773
vt 0.489258 0.839844
vt 0.468750 0.807617
vt 0.699219 0.714844
vt 0.495117 0.839844
vt 0.468750 0.813477
vt 0.701172 0.715820
vt 0.489258 0.837891
vt 0.505859 0.454102
vt 0.699219 0.712891
vt 0.495117 0.837891
vt 0.505859 0.459961
vt 0.094727 0.518555
vt 0.701172 0.714844
vt 0.466797 0.813477
vt 0.699219 0.717773
vt 0.100586 0.518555
vt 0.466797 0.807617
vt 0.094727 0.516602
vt 0.701172 0.712891
vt 0.503906 0.459961
vt 0.699219 0.715820
vt 0.100586 0.516602
vt 0.503906 0.454102
vt 0.701172 0.717773
vt 0.489258 0.839844
vt 0.468750 0.807617
vt 0.699219 0.714844
vt 0.495117 0.839844
vt 0.468750 0.813477
vt 0.701172 0.715820
vt 0.489258 0.837891
vt 0.505859 0.454102
vt 0.699219 0.712891
vt 0.495117 0.837891
vt 0.505859 0.459961
vt 0.094727 0.518555
vt 0.701172 0.714844
vt 0.466797 0.813477
vt 0.699219 0.717773
vt 0.100586 0.518555
vt 0.466797 0.807617
vt 0.094727 0.516602
vt 0.701172 0.712891
vt 0.503906 0.459961
vt 0.699219 0.715820
vt 0.100586 0.516602
vt 0.503906 0.454102
vt 0.701172 0.717773
vt 0.489258 0.839844
vt 0.468750 0.807617
vt 0.699219 0.714844
vt 0.495117 0.839844
vt 0.468750 0.813477
vt 0.701172 0.715820
vt 0.489258 0.837891
vt 0.505859 0.454102
vt 0.699219 0.712891
vt 0.495117 0.837891
vt 0.505859 0.459961
vt 0.094727 0.518555
vt 0.701172 0.714844
vt 0.466797 0.813477
vt 0.699219 0.717773
vt 0.100586 0.518555
vt 0.466797 0.807617
vt 0.094727 0.516602
vt 0.701172 0.712891
vt 0.503906 0.459961
vt 0.699219 0.715820
vt 0.100586 0.516602
vt 0.503906 0.454102
vt 0.701172 0.717773
vt 0.489258 0.839844
vt 0.468750 0.807617
vt 0.699219 0.714844
vt 0.495117 0.839844
vt 0.468750 0.813477
vt 0.701172 0.715820
vt 0.489258 0.837891
vt 0.505859 0.454102
vt 0.699219 0.712891
vt 0.495117 0.837891
vt 0.505859 0.459961
vt 0.094727 0.518555
vt 0.701172 0.714844
vt 0.466797 0.813477
vt 0.699219 0.717773
vt 0.100586 0.518555
vt 0.466797 0.807617
vt 0.094727 0.516602
vt 0.701172 0.712891
vt 0.503906 0.459961
vt 0.699219 0.715820
vt 0.100586 0.516602
vt 0.503906 0.454102
vt 0.701172 0.717773
vt 0.489258 0.839844
vt 0.468750 0.807617
vt 0.699219 0.714844
vt 0.495117 0.839844
vt 0.468750 0.813477
vt 0.701172 0.715820
vt 0.489258 0.837891
vt 0.505859 0.454102
vt 0.699219 0.712891
vt 0.495117 0.837891
vt 0.505859 0.459961
vt 0.094727 0.518555
vt 0.701172 0.714844
vt 0.466797 0.813477
vt 0.699219 0.717773
vt 0.100586 0.518555
vt 0.466797 0.807617
vt 0.094727 0.516602
vt 0.701172 0.712891
vt 0.503906 0.459961
vt 0.699219 0.715820
vt 0.100586 0.516602
vt 0.503906 0.454102
vt 0.701172 0.717773
vt 0.489258 0.839844
vt 0.468750 0.807617
vt 0.699219 0.714844
vt 0.495117 0.839844
vt 0.468750 0.813477
vt 0.701172 0.715820
vt 0.489258 0.837891
vt 0.505859 0.454102
vt 0.699219 0.712891
vt 0.495117 0.837891
vt 0.505859 0.459961
vt 0.094727 0.518555
vt 0.701172 0.714844
vt 0.466797 0.813477
vt 0.699219 0.717773
vt 0.100586 0.518555
vt 0.466797 0.807617
vt 0.094727 0.516602
vt 0.701172 0.712891
vt 0.503906 0.459961
vt 0.699219 0.715820
vt 0.100586 0.516602
vt 0.503906 0.454102
vt 0.701172 0.717773
vt 0.489258 0.839844
vt 0.468750 0.807617
vt 0.699219 0.714844
vt 0.495117 0.839844
vt 0.468750 0.813477
vt 0.701172 0.715820
vt 0.489258 0.837891
vt 0.505859 0.454102
vt 0.699219 0.712891
vt 0.495117 0.837891
vt 0.505859 0.459961
vt 0.094727 0.518555
vt 0.701172 0.714844
vt 0.466797 0.813477
vt 0.699219 0.717773
vt 0.100586 0.518555
vt 0.466797 0.807617
vt 0.094727 0.516602
vt 0.701172 0.712891
vt 0.503906 0.459961
vt 0.699219 0.715820
vt 0.100586 0.516602
vt 0.503906 0.454102
vt 0.701172 0.717773
vt 0.489258 0.839844
vt 0.468750 0.807617
vt 0.699219 0.714844
vt 0.495117 0.839844
vt 0.468750 0.813477
vt 0.701172 0.715820
vt 0.489258 0.837891
vt 0.505859 0.454102
vt 0.699219 0.712891
vt 0.495117 0.837891
vt 0.505859 0.459961
vt 0.294922 0.524414
vt 0.061523 0.340820
vt 0.244141 0.533203
vt 0.058594 0.340820
vt 0.303711 0.524414
vt 0.244141 0.524414
vt 0.294922 0.514648
vt 0.061523 0.331055
vt 0.458984 0.448242
vt 0.058594 0.331055
vt 0.303711 0.514648
vt 0.458984 0.439453
vt 0.059570 0.340820
vt 0.326172 0.524414
vt 0.245117 0.524414
vt 0.060547 0.340820
vt 0.334961 0.524414
vt 0.245117 0.533203
vt 0.059570 0.331055
vt 0.326172 0.514648
vt 0.459961 0.439453
vt 0.060547 0.331055
vt 0.334961 0.514648
vt 0.459961 0.448242
vt 0.215820 0.546875
vt 0.289062 0.391602
vt 0.134766 0.624023
vt 0.059570 0.391602
vt 0.224609 0.546875
vt 0.134766 0.615234
vt 0.215820 0.534180
vt 0.289062 0.378906
vt 0.427734 0.973633
vt 0.059570 0.378906
vt 0.224609 0.534180
vt 0.427734 0.964844
vt 0.061523 0.391602
vt 0.236328 0.546875
vt 0.136719 0.615234
vt 0.287109 0.391602
vt 0.245117 0.546875
vt 0.136719 0.624023
vt 0.061523 0.378906
vt 0.236328 0.534180
vt 0.429688 0.964844
vt 0.287109 0.378906
vt 0.245117 0.534180
vt 0.429688 0.973633
vt 0.430664 0.977539
vt 0.107422 0.597656
vt 0.135742 0.666992
vt 0.078125 0.621094
vt 0.443359 0.977539
vt 0.135742 0.654297
vt 0.430664 0.967773
vt 0.107422 0.587891
vt 0.056641 0.391602
vt 0.078125 0.611328
vt 0.443359 0.967773
vt 0.056641 0.378906
vt 0.080078 0.621094
vt 0.430664 0.817383
vt 0.137695 0.654297
vt 0.105469 0.597656
vt 0.443359 0.817383
vt 0.137695 0.666992
vt 0.080078 0.611328
vt 0.430664 0.807617
vt 0.058594 0.378906
vt 0.105469 0.587891
vt 0.443359 0.807617
vt 0.058594 0.391602
vt 0.460938 0.416992
vt 0.638672 0.479492
vt 0.125977 0.487305
vt 0.635742 0.850586
vt 0.465820 0.416992
vt 0.125977 0.482422
vt 0.460938 0.416016
vt 0.638672 0.478516
vt 0.532227 1.000000
vt 0.635742 0.849609
vt 0.465820 0.416016
vt 0.532227 0.995117
vt 0.637695 0.850586
vt 0.586914 0.905273
vt 0.127930 0.482422
vt 0.636719 0.479492
vt 0.591797 0.905273
vt 0.127930 0.487305
vt 0.637695 0.849609
vt 0.586914 0.904297
vt 0.534180 0.995117
vt 0.636719 0.478516
vt 0.591797 0.904297
vt 0.534180 1.000000
vt 0.690430 0.805664
vt 0.356445 0.348633
vt 0.384766 0.340820
vt 0.020508 0.356445
vt 0.695312 0.805664
vt 0.384766 0.335938
vt 0.690430 0.804688
vt 0.356445 0.347656
vt 0.534180 0.340820
vt 0.020508 0.355469
vt 0.695312 0.804688
vt 0.534180 0.335938
vt 0.022461 0.356445
vt 0.690430 0.803711
vt 0.386719 0.335938
vt 0.354492 0.348633
vt 0.695312 0.803711
vt 0.386719 0.340820
vt 0.022461 0.355469
vt 0.690430 0.802734
vt 0.536133 0.335938
vt 0.354492 0.347656
vt 0.695312 0.802734
vt 0.536133 0.340820
vt 0.690430 0.781250
vt 0.274414 0.330078
vt 0.537109 0.340820
vt 0.195312 0.344727
vt 0.695312 0.781250
vt 0.537109 0.335938
vt 0.690430 0.780273
vt 0.274414 0.329102
vt 0.559570 0.340820
vt 0.195312 0.343750
vt 0.695312 0.780273
vt 0.559570 0.335938
vt 0.197266 0.344727
vt 0.690430 0.779297
vt 0.539062 0.335938
vt 0.272461 0.330078
vt 0.695312 0.779297
vt 0.539062 0.340820
vt 0.197266 0.343750
vt 0.690430 0.778320
vt 0.561523 0.335938
vt 0.272461 0.329102
vt 0.695312 0.778320
vt 0.561523 0.340820
vt 0.572266 0.962891
vt 0.701172 0.732422
vt 0.260742 0.340820
vt 0.267578 0.300781
vt 0.577148 0.962891
vt 0.260742 0.335938
vt 0.572266 0.960938
vt 0.701172 0.730469
vt 0.381836 0.340820
vt 0.267578 0.298828
vt 0.577148 0.960938
vt 0.381836 0.335938
vt 0.269531 0.300781
vt 0.572266 0.852539
vt 0.262695 0.335938
vt 0.699219 0.732422
vt 0.577148 0.852539
vt 0.262695 0.340820
vt 0.269531 0.298828
vt 0.572266 0.850586
vt 0.383789 0.335938
vt 0.699219 0.730469
vt 0.577148 0.850586
vt 0.383789 0.340820
vt 0.669922 0.356445
vt 0.112305 0.357422
vt 0.175781 0.340820
vt 0.641602 0.581055
vt 0.674805 0.356445
vt 0.175781 0.335938
vt 0.669922 0.355469
vt 0.112305 0.356445
vt 0.210938 0.340820
vt 0.641602 0.580078
vt 0.674805 0.355469
vt 0.210938 0.335938
vt 0.643555 0.581055
vt 0.690430 0.834961
vt 0.177734 0.335938
vt 0.110352 0.357422
vt 0.695312 0.834961
vt 0.177734 0.340820
vt 0.643555 0.580078
vt 0.690430 0.833984
vt 0.212891 0.335938
vt 0.110352 0.356445
vt 0.695312 0.833984
vt 0.212891 0.340820
vt 0.638672 0.796875
vt 0.293945 0.358398
vt 0.125000 0.362305
vt 0.641602 0.787109
vt 0.643555 0.796875
vt 0.125000 0.357422
vt 0.638672 0.795898
vt 0.293945 0.357422
vt 0.352539 0.360352
vt 0.641602 0.786133
vt 0.643555 0.795898
vt 0.352539 0.355469
vt 0.643555 0.787109
vt 0.111328 0.346680
vt 0.126953 0.357422
vt 0.291992 0.358398
vt 0.116211 0.346680
vt 0.126953 0.362305
vt 0.643555 0.786133
vt 0.111328 0.345703
vt 0.354492 0.355469
vt 0.291992 0.357422
vt 0.116211 0.345703
vt 0.354492 0.360352
vt 0.592773 0.420898
vt 0.643555 0.855469
vt 0.440430 0.452148
vt 0.037109 0.358398
vt 0.597656 0.420898
vt 0.440430 0.447266
vt 0.592773 0.419922
vt 0.643555 0.854492
vt 0.296875 0.419922
vt 0.037109 0.357422
vt 0.597656 0.419922
vt 0.296875 0.415039
vt 0.039062 0.358398
vt 0.637695 0.518555
vt 0.442383 0.447266
vt 0.641602 0.855469
vt 0.642578 0.518555
vt 0.442383 0.452148
vt 0.039062 0.357422
vt 0.637695 0.517578
vt 0.298828 0.415039
vt 0.641602 0.854492
vt 0.642578 0.517578
vt 0.298828 0.419922
vt 0.539062 0.478516
vt 0.701172 0.735352
vt 0.195312 0.464844
vt 0.264648 0.300781
vt 0.543945 0.478516
vt 0.195312 0.459961
vt 0.539062 0.476562
vt 0.701172 0.733398
vt 0.537109 0.502930
vt 0.264648 0.298828
vt 0.543945 0.476562
vt 0.537109 0.498047
vt 0.266602 0.300781
vt 0.570312 0.619141
vt 0.197266 0.459961
vt 0.699219 0.735352
vt 0.575195 0.619141
vt 0.197266 0.464844
vt 0.266602 0.298828
vt 0.570312 0.617188
vt 0.539062 0.498047
vt 0.699219 0.733398
vt 0.575195 0.617188
vt 0.539062 0.502930
vt 0.681641 0.524414
vt 0.090820 0.289062
vt 0.039062 0.464844
vt 0.087891 0.289062
vt 0.688477 0.524414
vt 0.039062 0.458008
vt 0.681641 0.523438
vt 0.090820 0.288086
vt 0.272461 0.448242
vt 0.087891 0.288086
vt 0.688477 0.523438
vt 0.272461 0.441406
vt 0.088867 0.289062
vt 0.530273 0.318359
vt 0.040039 0.458008
vt 0.089844 0.289062
vt 0.537109 0.318359
vt 0.040039 0.464844
vt 0.088867 0.288086
vt 0.530273 0.317383
vt 0.273438 0.441406
vt 0.089844 0.288086
vt 0.537109 0.317383
vt 0.273438 0.448242
vt 0.348633 0.524414
vt 0.310547 0.340820
vt 0.301758 0.333984
vt 0.080078 0.340820
vt 0.357422 0.524414
vt 0.301758 0.325195
vt 0.348633 0.514648
vt 0.310547 0.331055
vt 0.054688 0.333008
vt 0.080078 0.331055
vt 0.357422 0.514648
vt 0.054688 0.324219
vt 0.081055 0.340820
vt 0.208984 0.522461
vt 0.302734 0.325195
vt 0.309570 0.340820
vt 0.217773 0.522461
vt 0.302734 0.333984
vt 0.081055 0.331055
vt 0.208984 0.512695
vt 0.055664 0.324219
vt 0.309570 0.331055
vt 0.217773 0.512695
vt 0.055664 0.333008
vt 0.498047 0.744141
vt 0.342773 0.465820
vt 0.264648 0.348633
vt 0.128906 0.548828
vt 0.508789 0.744141
vt 0.264648 0.337891
vt 0.498047 0.737305
vt 0.342773 0.458984
vt 0.563477 0.348633
vt 0.128906 0.541992
vt 0.508789 0.737305
vt 0.563477 0.337891
vt 0.129883 0.548828
vt 0.498047 0.736328
vt 0.265625 0.337891
vt 0.341797 0.465820
vt 0.508789 0.736328
vt 0.265625 0.348633
vt 0.129883 0.541992
vt 0.498047 0.729492
vt 0.564453 0.337891
vt 0.341797 0.458984
vt 0.508789 0.729492
vt 0.564453 0.348633
s 0
usemtl m_60378034-3648-d219-28e7-d9ea928e79fa
f 196/586/33 199/595/33 197/589/33 194/580/33
f 195/583/34 196/587/34 194/581/34 193/577/34
f 200/598/35 195/584/35 193/578/35 198/592/35
f 199/596/36 200/599/36 198/593/36 197/590/36
f 198/594/37 193/579/37 194/582/37 197/591/37
f 199/597/38 196/588/38 195/585/38 200/600/38
f 204/610/39 207/619/39 205/613/39 202/604/39
f 203/607/40 204/611/40 202/605/40 201/601/40
f 208/622/41 203/608/41 201/602/41 206/616/41
f 207/620/42 208/623/42 206/617/42 205/614/42
f 206/618/43 201/603/43 202/606/43 205/615/43
f 207/621/44 204/612/44 203/609/44 208/624/44
f 212/634/45 215/643/45 213/637/45 210/628/45
f 211/631/40 212/635/40 210/629/40 209/625/40
f 216/646/46 211/632/46 209/626/46 214/640/46
f 215/644/42 216/647/42 214/641/42 213/638/42
f 214/642/47 209/627/47 210/630/47 213/639/47
f 215/645/48 212/636/48 211/633/48 216/648/48
f 220/658/49 223/667/49 221/661/49 218/652/49
f 219/655/40 220/659/40 218/653/40 217/649/40
f 224/670/46 219/656/46 217/650/46 222/664/46
f 223/668/42 224/671/42 222/665/42 221/662/42
f 222/666/47 217/651/47 218/654/47 221/663/47
f 223/669/48 220/660/48 219/657/48 224/672/48
f 228/682/48 231/691/48 229/685/48 226/676/48
f 227/679/40 228/683/40 226/677/40 225/673/40
f 232/694/47 227/680/47 225/674/47 230/688/47
f 231/692/42 232/695/42 230/689/42 229/686/42
f 230/690/45 225/675/45 226/678/45 229/687/45
f 231/693/50 228/684/50 227/681/50 232/696/50
f 236/706/39 239/715/39 237/709/39 234/700/39
f 235/703/40 236/707/40 234/701/40 233/697/40
f 240/718/41 235/704/41 233/698/41 238/712/41
f 239/716/42 240/719/42 238/713/42 237/710/42
f 238/714/43 233/699/43 234/702/43 237/711/43
f 239/717/44 236/708/44 235/705/44 240/720/44
f 244/730/44 247/739/44 245/733/44 242/724/44
f 243/727/40 244/731/40 242/725/40 241/721/40
f 248/742/43 243/728/43 241/722/43 246/736/43
f 247/740/42 248/743/42 246/737/42 245/734/42
f 246/738/39 241/723/39 242/726/39 245/735/39
f 247/741/41 244/732/41 243/729/41 248/744/41
f 252/754/44 255/763/44 253/757/44 250/748/44
f 251/751/40 252/755/40 250/749/40 249/745/40
f 256/766/43 251/752/43 249/746/43 254/760/43
f 255/764/42 256/767/42 254/761/42 253/758/42
f 254/762/39 249/747/39 250/750/39 253/759/39
f 255/765/41 252/756/41 251/753/41 256/768/41
f 260/778/48 263/787/48 261/781/48 258/772/48
f 259/775/40 260/779/40 258/773/40 257/769/40
f 264/790/47 259/776/47 257/770/47 262/784/47
f 263/788/42 264/791/42 262/785/42 261/782/42
f 262/786/45 257/771/45 258/774/45 261/783/45
f 263/789/46 260/780/46 259/777/46 264/792/46
f 268/802/51 271/811/51 269/805/51 266/796/51
f 267/799/52 268/803/52 266/797/52 265/793/52
f 272/814/53 267/800/53 265/794/53 270/808/53
f 271/812/54 272/815/54 270/809/54 269/806/54
f 270/810/55 265/795/55 266/798/55 269/807/55
f 271/813/56 268/804/56 267/801/56 272/816/56
f 276/826/39 279/835/39 277/829/39 274/820/39
f 275/823/40 276/827/40 274/821/40 273/817/40
f 280/838/41 275/824/41 273/818/41 278/832/41
f 279/836/42 280/839/42 278/833/42 277/830/42
f 278/834/43 273/819/43 274/822/43 277/831/43
f 279/837/44 276/828/44 275/825/44 280/840/44
f 284/850/44 287/859/44 285/853/44 282/844/44
f 283/847/57 284/851/57 282/845/57 281/841/57
f 288/862/43 283/848/43 281/842/43 286/856/43
f 287/860/42 288/863/42 286/857/42 285/854/42
f 286/858/39 281/843/39 282/846/39 285/855/39
f 287/861/41 284/852/41 283/849/41 288/864/41
f 292/874/44 295/883/44 293/877/44 290/868/44
f 291/871/40 292/875/40 290/869/40 289/865/40
f 296/886/43 291/872/43 289/866/43 294/880/43
f 295/884/42 296/887/42 294/881/42 293/878/42
f 294/882/39 289/867/39 290/870/39 293/879/39
f 295/885/41 292/876/41 291/873/41 296/888/41
f 300/898/48 303/907/48 301/901/48 298/892/48
f 299/895/40 300/899/40 298/893/40 297/889/40
f 304/910/47 299/896/47 297/890/47 302/904/47
f 303/908/42 304/911/42 302/905/42 301/902/42
f 302/906/45 297/891/45 298/894/45 301/903/45
f 303/909/46 300/900/46 299/897/46 304/912/46
f 308/922/39 311/931/39 309/925/39 306/916/39
f 307/919/40 308/923/40 306/917/40 305/913/40
f 312/934/41 307/920/41 305/914/41 310/928/41
f 311/932/42 312/935/42 310/929/42 309/926/42
f 310/930/43 305/915/43 306/918/43 309/927/43
f 311/933/44 308/924/44 307/921/44 312/936/44
f 316/946/45 319/955/45 317/949/45 314/940/45
f 315/943/40 316/947/40 314/941/40 313/937/40
f 320/958/50 315/944/50 313/938/50 318/952/50
f 319/956/42 320/959/42 318/953/42 317/950/42
f 318/954/47 313/939/47 314/942/47 317/951/47
f 319/957/48 316/948/48 315/945/48 320/960/48
f 324/970/45 327/979/45 325/973/45 322/964/45
f 323/967/40 324/971/40 322/965/40 321/961/40
f 328/982/46 323/968/46 321/962/46 326/976/46
f 327/980/42 328/983/42 326/977/42 325/974/42
f 326/978/47 321/963/47 322/966/47 325/975/47
f 327/981/48 324/972/48 323/969/48 328/984/48
f 332/994/48 335/1003/48 333/997/48 330/988/48
f 331/991/40 332/995/40 330/989/40 329/985/40
f 336/1006/47 331/992/47 329/986/47 334/1000/47
f 335/1004/42 336/1007/42 334/1001/42 333/998/42
f 334/1002/45 329/987/45 330/990/45 333/999/45
f 335/1005/46 332/996/46 331/993/46 336/1008/46
f 340/1018/44 343/1027/44 341/1021/44 338/1012/44
f 339/1015/40 340/1019/40 338/1013/40 337/1009/40
f 344/1030/43 339/1016/43 337/1010/43 342/1024/43
f 343/1028/42 344/1031/42 342/1025/42 341/1022/42
f 342/1026/39 337/1011/39 338/1014/39 341/1023/39
f 343/1029/58 340/1020/58 339/1017/58 344/1032/58
f 348/1042/48 351/1051/48 349/1045/48 346/1036/48
f 347/1039/40 348/1043/40 346/1037/40 345/1033/40
f 352/1054/47 347/1040/47 345/1034/47 350/1048/47
f 351/1052/42 352/1055/42 350/1049/42 349/1046/42
f 350/1050/49 345/1035/49 346/1038/49 349/1047/49
f 351/1053/46 348/1044/46 347/1041/46 352/1056/46
f 356/1066/48 359/1075/48 357/1069/48 354/1060/48
f 355/1063/40 356/1067/40 354/1061/40 353/1057/40
f 360/1078/47 355/1064/47 353/1058/47 358/1072/47
f 359/1076/42 360/1079/42 358/1073/42 357/1070/42
f 358/1074/45 353/1059/45 354/1062/45 357/1071/45
f 359/1077/46 356/1068/46 355/1065/46 360/1080/46
f 364/1090/39 367/1099/39 365/1093/39 362/1084/39
f 363/1087/40 364/1091/40 362/1085/40 361/1081/40
f 368/1102/58 363/1088/58 361/1082/58 366/1096/58
f 367/1100/42 368/1103/42 366/1097/42 365/1094/42
f 366/1098/43 361/1083/43 362/1086/43 365/1095/43
f 367/1101/44 364/1092/44 363/1089/44 368/1104/44
f 372/1114/45 375/1123/45 373/1117/45 370/1108/45
f 371/1111/40 372/1115/40 370/1109/40 369/1105/40
f 376/1126/50 371/1112/50 369/1106/50 374/1120/50
f 375/1124/42 376/1127/42 374/1121/42 373/1118/42
f 374/1122/47 369/1107/47 370/1110/47 373/1119/47
f 375/1125/48 372/1116/48 371/1113/48 376/1128/48
f 380/1138/59 383/1147/59 381/1141/59 378/1132/59
f 379/1135/40 380/1139/40 378/1133/40 377/1129/40
f 384/1150/41 379/1136/41 377/1130/41 382/1144/41
f 383/1148/42 384/1151/42 382/1145/42 381/1142/42
f 382/1146/43 377/1131/43 378/1134/43 381/1143/43
f 383/1149/44 380/1140/44 379/1137/44 384/1152/44
f 388/1162/44 391/1171/44 389/1165/44 386/1156/44
f 387/1159/40 388/1163/40 386/1157/40 385/1153/40
f 392/1174/43 387/1160/43 385/1154/43 390/1168/43
f 391/1172/42 392/1175/42 390/1169/42 389/1166/42
f 390/1170/39 385/1155/39 386/1158/39 389/1167/39
f 391/1173/58 388/1164/58 387/1161/58 392/1176/58
f 396/1186/45 399/1195/45 397/1189/45 394/1180/45
f 395/1183/40 396/1187/40 394/1181/40 393/1177/40
f 400/1198/50 395/1184/50 393/1178/50 398/1192/50
f 399/1196/42 400/1199/42 398/1193/42 397/1190/42
f 398/1194/47 393/1179/47 394/1182/47 397/1191/47
f 399/1197/48 396/1188/48 395/1185/48 400/1200/48
f 404/1210/60 407/1219/60 405/1213/60 402/1204/60
f 403/1207/55 404/1211/55 402/1205/55 401/1201/55
f 408/1222/61 403/1208/61 401/1202/61 406/1216/61
f 407/1220/56 408/1223/56 406/1217/56 405/1214/56
f 406/1218/62 401/1203/62 402/1206/62 405/1215/62
f 407/1221/63 404/1212/63 403/1209/63 408/1224/63
f 412/1234/63 415/1243/63 413/1237/63 410/1228/63
f 411/1231/55 412/1235/55 410/1229/55 409/1225/55
f 416/1246/62 411/1232/62 409/1226/62 414/1240/62
f 415/1244/56 416/1247/56 414/1241/56 413/1238/56
f 414/1242/60 409/1227/60 410/1230/60 413/1239/60
f 415/1245/61 412/1236/61 411/1233/61 416/1248/61
f 420/1258/54 423/1267/54 421/1261/54 418/1252/54
f 419/1255/55 420/1259/55 418/1253/55 417/1249/55
f 424/1270/52 419/1256/52 417/1250/52 422/1264/52
f 423/1268/56 424/1271/56 422/1265/56 421/1262/56
f 422/1266/53 417/1251/53 418/1254/53 421/1263/53
f 423/1269/51 420/1260/51 419/1257/51 424/1272/51
f 428/1282/61 431/1291/61 429/1285/61 426/1276/61
f 427/1279/55 428/1283/55 426/1277/55 425/1273/55
f 432/1294/60 427/1280/60 425/1274/60 430/1288/60
f 431/1292/56 432/1295/56 430/1289/56 429/1286/56
f 430/1290/63 425/1275/63 426/1278/63 429/1287/63
f 431/1293/62 428/1284/62 427/1281/62 432/1296/62
f 436/1306/62 439/1315/62 437/1309/62 434/1300/62
f 435/1303/55 436/1307/55 434/1301/55 433/1297/55
f 440/1318/63 435/1304/63 433/1298/63 438/1312/63
f 439/1316/56 440/1319/56 438/1313/56 437/1310/56
f 438/1314/61 433/1299/61 434/1302/61 437/1311/61
f 439/1317/60 436/1308/60 435/1305/60 440/1320/60
f 444/1330/51 447/1339/51 445/1333/51 442/1324/51
f 443/1327/55 444/1331/55 442/1325/55 441/1321/55
f 448/1342/53 443/1328/53 441/1322/53 446/1336/53
f 447/1340/56 448/1343/56 446/1337/56 445/1334/56
f 446/1338/54 441/1323/54 442/1326/54 445/1335/54
f 447/1341/52 444/1332/52 443/1329/52 448/1344/52
f 452/1354/53 455/1363/53 453/1357/53 450/1348/53
f 451/1351/55 452/1355/55 450/1349/55 449/1345/55
f 456/1366/51 451/1352/51 449/1346/51 454/1360/51
f 455/1364/56 456/1367/56 454/1361/56 453/1358/56
f 454/1362/52 449/1347/52 450/1350/52 453/1359/52
f 455/1365/54 452/1356/54 451/1353/54 456/1368/54
f 460/1378/52 463/1387/52 461/1381/52 458/1372/52
f 459/1375/55 460/1379/55 458/1373/55 457/1369/55
f 464/1390/54 459/1376/54 457/1370/54 462/1384/54
f 463/1388/56 464/1391/56 462/1385/56 461/1382/56
f 462/1386/51 457/1371/51 458/1374/51 461/1383/51
f 463/1389/53 460/1380/53 459/1377/53 464/1392/53
f 468/1402/53 471/1411/53 469/1405/53 466/1396/53
f 467/1399/54 468/1403/54 466/1397/54 465/1393/54
f 472/1414/51 467/1400/51 465/1394/51 470/1408/51
f 471/1412/52 472/1415/52 470/1409/52 469/1406/52
f 470/1410/55 465/1395/55 466/1398/55 469/1407/55
f 471/1413/56 468/1404/56 467/1401/56 472/1416/56
f 476/1426/53 479/1435/53 477/1429/53 474/1420/53
f 475/1423/54 476/1427/54 474/1421/54 473/1417/54
f 480/1438/51 475/1424/51 473/1418/51 478/1432/51
f 479/1436/52 480/1439/52 478/1433/52 477/1430/52
f 478/1434/55 473/1419/55 474/1422/55 477/1431/55
f 479/1437/56 476/1428/56 475/1425/56 480/1440/56
f 484/1450/64 487/1459/64 485/1453/64 482/1444/64
f 483/1447/54 484/1451/54 482/1445/54 481/1441/54
f 488/1462/65 483/1448/65 481/1442/65 486/1456/65
f 487/1460/52 488/1463/52 486/1457/52 485/1454/52
f 486/1458/66 481/1443/66 482/1446/66 485/1455/66
f 487/1461/67 484/1452/67 483/1449/67 488/1464/67
f 492/1474/64 495/1483/64 493/1477/64 490/1468/64
f 491/1471/54 492/1475/54 490/1469/54 489/1465/54
f 496/1486/65 491/1472/65 489/1466/65 494/1480/65
f 495/1484/52 496/1487/52 494/1481/52 493/1478/52
f 494/1482/66 489/1467/66 490/1470/66 493/1479/66
f 495/1485/67 492/1476/67 491/1473/67 496/1488/67
f 500/1498/51 503/1507/51 501/1501/51 498/1492/51
f 499/1495/55 500/1499/55 498/1493/55 497/1489/55
f 504/1510/53 499/1496/53 497/1490/53 502/1504/53
f 503/1508/56 504/1511/56 502/1505/56 501/1502/56
f 502/1506/54 497/1491/54 498/1494/54 501/1503/54
f 503/1509/52 500/1500/52 499/1497/52 504/1512/52
f 508/1522/68 511/1531/68 509/1525/68 506/1516/68
f 507/1519/69 508/1523/69 506/1517/69 505/1513/69
f 512/1534/70 507/1520/70 505/1514/70 510/1528/70
f 511/1532/71 512/1535/71 510/1529/71 509/1526/71
f 510/1530/72 505/1515/72 506/1518/72 509/1527/72
f 511/1533/73 508/1524/73 507/1521/73 512/1536/73
f 516/1546/74 519/1555/74 517/1549/74 514/1540/74
f 515/1543/75 516/1547/75 514/1541/75 513/1537/75
f 520/1558/76 515/1544/76 513/1538/76 518/1552/76
f 519/1556/77 520/1559/77 518/1553/77 517/1550/77
f 518/1554/78 513/1539/78 514/1542/78 517/1551/78
f 519/1557/79 516/1548/79 515/1545/79 520/1560/79
f 524/1570/80 527/1579/80 525/1573/80 522/1564/80
f 523/1567/81 524/1571/81 522/1565/81 521/1561/81
f 528/1582/82 523/1568/82 521/1562/82 526/1576/82
f 527/1580/83 528/1583/83 526/1577/83 525/1574/83
f 526/1578/84 521/1563/84 522/1566/84 525/1575/84
f 527/1581/85 524/1572/85 523/1569/85 528/1584/85
f 532/1594/86 535/1603/86 533/1597/86 530/1588/86
f 531/1591/87 532/1595/87 530/1589/87 529/1585/87
f 536/1606/88 531/1592/88 529/1586/88 534/1600/88
f 535/1604/89 536/1607/89 534/1601/89 533/1598/89
f 534/1602/90 529/1587/90 530/1590/90 533/1599/90
f 535/1605/91 532/1596/91 531/1593/91 536/1608/91
f 540/1618/74 543/1627/74 541/1621/74 538/1612/74
f 539/1615/92 540/1619/92 538/1613/92 537/1609/92
f 544/1630/76 539/1616/76 537/1610/76 542/1624/76
f 543/1628/93 544/1631/93 542/1625/93 541/1622/93
f 542/1626/94 537/1611/94 538/1614/94 541/1623/94
f 543/1629/95 540/1620/95 539/1617/95 544/1632/95
f 548/1642/74 551/1651/74 549/1645/74 546/1636/74
f 547/1639/92 548/1643/92 546/1637/92 545/1633/92
f 552/1654/76 547/1640/76 545/1634/76 550/1648/76
f 551/1652/93 552/1655/93 550/1649/93 549/1646/93
f 550/1650/94 545/1635/94 546/1638/94 549/1647/94
f 551/1653/95 548/1644/95 547/1641/95 552/1656/95
f 556/1666/74 559/1675/74 557/1669/74 554/1660/74
f 555/1663/92 556/1667/92 554/1661/92 553/1657/92
f 560/1678/76 555/1664/76 553/1658/76 558/1672/76
f 559/1676/93 560/1679/93 558/1673/93 557/1670/93
f 558/1674/96 553/1659/96 554/1662/96 557/1671/96
f 559/1677/95 556/1668/95 555/1665/95 560/1680/95
f 564/1690/97 567/1699/97 565/1693/97 562/1684/97
f 563/1687/98 564/1691/98 562/1685/98 561/1681/98
f 568/1702/99 563/1688/99 561/1682/99 566/1696/99
f 567/1700/100 568/1703/100 566/1697/100 565/1694/100
f 566/1698/101 561/1683/101 562/1686/101 565/1695/101
f 567/1701/102 564/1692/102 563/1689/102 568/1704/102
f 572/1714/97 575/1723/97 573/1717/97 570/1708/97
f 571/1711/103 572/1715/103 570/1709/103 569/1705/103
f 576/1726/99 571/1712/99 569/1706/99 574/1720/99
f 575/1724/104 576/1727/104 574/1721/104 573/1718/104
f 574/1722/105 569/1707/105 570/1710/105 573/1719/105
f 575/1725/106 572/1716/106 571/1713/106 576/1728/106
f 580/1738/97 583/1747/97 581/1741/97 578/1732/97
f 579/1735/107 580/1739/107 578/1733/107 577/1729/107
f 584/1750/99 579/1736/99 577/1730/99 582/1744/99
f 583/1748/108 584/1751/108 582/1745/108 581/1742/108
f 582/1746/109 577/1731/109 578/1734/109 581/1743/109
f 583/1749/110 580/1740/110 579/1737/110 584/1752/110
f 588/1762/97 591/1771/97 589/1765/97 586/1756/97
f 587/1759/107 588/1763/107 586/1757/107 585/1753/107
f 592/1774/99 587/1760/99 585/1754/99 590/1768/99
f 591/1772/108 592/1775/108 590/1769/108 589/1766/108
f 590/1770/109 585/1755/109 586/1758/109 589/1767/109
f 591/1773/110 588/1764/110 587/1761/110 592/1776/110
f 596/1786/111 599/1795/111 597/1789/111 594/1780/111
f 595/1783/112 596/1787/112 594/1781/112 593/1777/112
f 600/1798/113 595/1784/113 593/1778/113 598/1792/113
f 599/1796/114 600/1799/114 598/1793/114 597/1790/114
f 598/1794/115 593/1779/115 594/1782/115 597/1791/115
f 599/1797/116 596/1788/116 595/1785/116 600/1800/116
f 604/1810/97 607/1819/97 605/1813/97 602/1804/97
f 603/1807/98 604/1811/98 602/1805/98 601/1801/98
f 608/1822/99 603/1808/99 601/1802/99 606/1816/99
f 607/1820/100 608/1823/100 606/1817/100 605/1814/100
f 606/1818/101 601/1803/101 602/1806/101 605/1815/101
f 607/1821/102 604/1812/102 603/1809/102 608/1824/102
f 612/1834/117 615/1843/117 613/1837/117 610/1828/117
f 611/1831/118 612/1835/118 610/1829/118 609/1825/118
f 616/1846/119 611/1832/119 609/1826/119 614/1840/119
f 615/1844/120 616/1847/120 614/1841/120 613/1838/120
f 614/1842/121 609/1827/121 610/1830/121 613/1839/121
f 615/1845/122 612/1836/122 611/1833/122 616/1848/122
f 620/1858/123 623/1867/123 621/1861/123 618/1852/123
f 619/1855/124 620/1859/124 618/1853/124 617/1849/124
f 624/1870/125 619/1856/125 617/1850/125 622/1864/125
f 623/1868/126 624/1871/126 622/1865/126 621/1862/126
f 622/1866/127 617/1851/127 618/1854/127 621/1863/127
f 623/1869/128 620/1860/128 619/1857/128 624/1872/128
f 628/1882/129 631/1891/129 629/1885/129 626/1876/129
f 627/1879/130 628/1883/130 626/1877/130 625/1873/130
f 632/1894/131 627/1880/131 625/1874/131 630/1888/131
f 631/1892/132 632/1895/132 630/1889/132 629/1886/132
f 630/1890/133 625/1875/133 626/1878/133 629/1887/133
f 631/1893/134 628/1884/134 627/1881/134 632/1896/134
f 636/1906/135 639/1915/135 637/1909/135 634/1900/135
f 635/1903/136 636/1907/136 634/1901/136 633/1897/136
f 640/1918/137 635/1904/137 633/1898/137 638/1912/137
f 639/1916/138 640/1919/138 638/1913/138 637/1910/138
f 638/1914/139 633/1899/139 634/1902/139 637/1911/139
f 639/1917/140 636/1908/140 635/1905/140 640/1920/140
f 644/1930/141 647/1939/141 645/1933/141 642/1924/141
f 643/1927/142 644/1931/142 642/1925/142 641/1921/142
f 648/1942/143 643/1928/143 641/1922/143 646/1936/143
f 647/1940/144 648/1943/144 646/1937/144 645/1934/144
f 646/1938/145 641/1923/145 642/1926/145 645/1935/145
f 647/1941/146 644/1932/146 643/1929/146 648/1944/146
f 652/1954/147 655/1963/147 653/1957/147 650/1948/147
f 651/1951/148 652/1955/148 650/1949/148 649/1945/148
f 656/1966/149 651/1952/149 649/1946/149 654/1960/149
f 655/1964/150 656/1967/150 654/1961/150 653/1958/150
f 654/1962/151 649/1947/151 650/1950/151 653/1959/151
f 655/1965/152 652/1956/152 651/1953/152 656/1968/152
f 660/1978/153 663/1987/153 661/1981/153 658/1972/153
f 659/1975/154 660/1979/154 658/1973/154 657/1969/154
f 664/1990/155 659/1976/155 657/1970/155 662/1984/155
f 663/1988/156 664/1991/156 662/1985/156 661/1982/156
f 662/1986/157 657/1971/157 658/1974/157 661/1983/157
f 663/1989/158 660/1980/158 659/1977/158 664/1992/158
f 668/2002/159 671/2011/159 669/2005/159 666/1996/159
f 667/1999/160 668/2003/160 666/1997/160 665/1993/160
f 672/2014/161 667/2000/161 665/1994/161 670/2008/161
f 671/2012/162 672/2015/162 670/2009/162 669/2006/162
f 670/2010/163 665/1995/163 666/1998/163 669/2007/163
f 671/2013/164 668/2004/164 667/2001/164 672/2016/164
f 676/2026/129 679/2035/129 677/2029/129 674/2020/129
f 675/2023/130 676/2027/130 674/2021/130 673/2017/130
f 680/2038/131 675/2024/131 673/2018/131 678/2032/131
f 679/2036/132 680/2039/132 678/2033/132 677/2030/132
f 678/2034/133 673/2019/133 674/2022/133 677/2031/133
f 679/2037/134 676/2028/134 675/2025/134 680/2040/134
f 684/2050/129 687/2059/129 685/2053/129 682/2044/129
f 683/2047/130 684/2051/130 682/2045/130 681/2041/130
f 688/2062/131 683/2048/131 681/2042/131 686/2056/131
f 687/2060/132 688/2063/132 686/2057/132 685/2054/132
f 686/2058/133 681/2043/133 682/2046/133 685/2055/133
f 687/2061/134 684/2052/134 683/2049/134 688/2064/134
f 692/2074/74 695/2083/74 693/2077/74 690/2068/74
f 691/2071/92 692/2075/92 690/2069/92 689/2065/92
f 696/2086/76 691/2072/76 689/2066/76 694/2080/76
f 695/2084/93 696/2087/93 694/2081/93 693/2078/93
f 694/2082/94 689/2067/94 690/2070/94 693/2079/94
f 695/2085/95 692/2076/95 691/2073/95 696/2088/95
f 700/2098/97 703/2107/97 701/2101/97 698/2092/97
f 699/2095/98 700/2099/98 698/2093/98 697/2089/98
f 704/2110/99 699/2096/99 697/2090/99 702/2104/99
f 703/2108/100 704/2111/100 702/2105/100 701/2102/100
f 702/2106/101 697/2091/101 698/2094/101 701/2103/101
f 703/2109/102 700/2100/102 699/2097/102 704/2112/102
f 708/2122/97 711/2131/97 709/2125/97 706/2116/97
f 707/2119/165 708/2123/165 706/2117/165 705/2113/165
f 712/2134/99 707/2120/99 705/2114/99 710/2128/99
f 711/2132/166 712/2135/166 710/2129/166 709/2126/166
f 710/2130/167 705/2115/167 706/2118/167 709/2127/167
f 711/2133/168 708/2124/168 707/2121/168 712/2136/168
f 716/2146/169 719/2155/169 717/2149/169 714/2140/169
f 715/2143/170 716/2147/170 714/2141/170 713/2137/170
f 720/2158/171 715/2144/171 713/2138/171 718/2152/171
f 719/2156/172 720/2159/172 718/2153/172 717/2150/172
f 718/2154/173 713/2139/173 714/2142/173 717/2151/173
f 719/2157/174 716/2148/174 715/2145/174 720/2160/174
f 724/2170/175 727/2179/175 725/2173/175 722/2164/175
f 723/2167/176 724/2171/176 722/2165/176 721/2161/176
f 728/2182/177 723/2168/177 721/2162/177 726/2176/177
f 727/2180/178 728/2183/178 726/2177/178 725/2174/178
f 726/2178/179 721/2163/179 722/2166/179 725/2175/179
f 727/2181/180 724/2172/180 723/2169/180 728/2184/180
f 732/2194/181 735/2203/181 733/2197/181 730/2188/181
f 731/2191/182 732/2195/182 730/2189/182 729/2185/182
f 736/2206/183 731/2192/183 729/2186/183 734/2200/183
f 735/2204/184 736/2207/184 734/2201/184 733/2198/184
f 734/2202/185 729/2187/185 730/2190/185 733/2199/185
f 735/2205/186 732/2196/186 731/2193/186 736/2208/186
f 740/2218/187 743/2227/187 741/2221/187 738/2212/187
f 739/2215/188 740/2219/188 738/2213/188 737/2209/188
f 744/2230/189 739/2216/189 737/2210/189 742/2224/189
f 743/2228/190 744/2231/190 742/2225/190 741/2222/190
f 742/2226/191 737/2211/191 738/2214/191 741/2223/191
f 743/2229/192 740/2220/192 739/2217/192 744/2232/192
f 748/2242/193 751/2251/193 749/2245/193 746/2236/193
f 747/2239/194 748/2243/194 746/2237/194 745/2233/194
f 752/2254/195 747/2240/195 745/2234/195 750/2248/195
f 751/2252/196 752/2255/196 750/2249/196 749/2246/196
f 750/2250/197 745/2235/197 746/2238/197 749/2247/197
f 751/2253/198 748/2244/198 747/2241/198 752/2256/198
f 756/2266/199 759/2275/199 757/2269/199 754/2260/199
f 755/2263/200 756/2267/200 754/2261/200 753/2257/200
f 760/2278/201 755/2264/201 753/2258/201 758/2272/201
f 759/2276/202 760/2279/202 758/2273/202 757/2270/202
f 758/2274/203 753/2259/203 754/2262/203 757/2271/203
f 759/2277/204 756/2268/204 755/2265/204 760/2280/204
f 764/2290/205 767/2299/205 765/2293/205 762/2284/205
f 763/2287/206 764/2291/206 762/2285/206 761/2281/206
f 768/2302/207 763/2288/207 761/2282/207 766/2296/207
f 767/2300/208 768/2303/208 766/2297/208 765/2294/208
f 766/2298/209 761/2283/209 762/2286/209 765/2295/209
f 767/2301/210 764/2292/210 763/2289/210 768/2304/210
f 772/2314/211 775/2323/211 773/2317/211 770/2308/211
f 771/2311/212 772/2315/212 770/2309/212 769/2305/212
f 776/2326/213 771/2312/213 769/2306/213 774/2320/213
f 775/2324/214 776/2327/214 774/2321/214 773/2318/214
f 774/2322/215 769/2307/215 770/2310/215 773/2319/215
f 775/2325/216 772/2316/216 771/2313/216 776/2328/216
f 780/2338/217 783/2347/217 781/2341/217 778/2332/217
f 779/2335/218 780/2339/218 778/2333/218 777/2329/218
f 784/2350/219 779/2336/219 777/2330/219 782/2344/219
f 783/2348/220 784/2351/220 782/2345/220 781/2342/220
f 782/2346/215 777/2331/215 778/2334/215 781/2343/215
f 783/2349/216 780/2340/216 779/2337/216 784/2352/216
f 788/2362/221 791/2371/221 789/2365/221 786/2356/221
f 787/2359/222 788/2363/222 786/2357/222 785/2353/222
f 792/2374/223 787/2360/223 785/2354/223 790/2368/223
f 791/2372/224 792/2375/224 790/2369/224 789/2366/224
f 790/2370/225 785/2355/225 786/2358/225 789/2367/225
f 791/2373/226 788/2364/226 787/2361/226 792/2376/226
f 796/2386/33 799/2395/33 797/2389/33 794/2380/33
f 795/2383/34 796/2387/34 794/2381/34 793/2377/34
f 800/2398/35 795/2384/35 793/2378/35 798/2392/35
f 799/2396/36 800/2399/36 798/2393/36 797/2390/36
f 798/2394/37 793/2379/37 794/2382/37 797/2391/37
f 799/2397/38 796/2388/38 795/2385/38 800/2400/38
f 804/2410/227 807/2419/227 805/2413/227 802/2404/227
f 803/2407/228 804/2411/228 802/2405/228 801/2401/228
f 808/2422/229 803/2408/229 801/2402/229 806/2416/229
f 807/2420/230 808/2423/230 806/2417/230 805/2414/230
f 806/2418/231 801/2403/231 802/2406/231 805/2415/231
f 807/2421/232 804/2412/232 803/2409/232 808/2424/232
f 812/2434/233 815/2443/233 813/2437/233 810/2428/233
f 811/2431/234 812/2435/234 810/2429/234 809/2425/234
f 816/2446/235 811/2432/235 809/2426/235 814/2440/235
f 815/2444/236 816/2447/236 814/2441/236 813/2438/236
f 814/2442/231 809/2427/231 810/2430/231 813/2439/231
f 815/2445/232 812/2436/232 811/2433/232 816/2448/232
f 820/2458/237 823/2467/237 821/2461/237 818/2452/237
f 819/2455/238 820/2459/238 818/2453/238 817/2449/238
f 824/2470/239 819/2456/239 817/2450/239 822/2464/239
f 823/2468/240 824/2471/240 822/2465/240 821/2462/240
f 822/2466/241 817/2451/241 818/2454/241 821/2463/241
f 823/2469/242 820/2460/242 819/2457/242 824/2472/242
f 828/2482/97 831/2491/97 829/2485/97 826/2476/97
f 827/2479/165 828/2483/165 826/2477/165 825/2473/165
f 832/2494/99 827/2480/99 825/2474/99 830/2488/99
f 831/2492/166 832/2495/166 830/2489/166 829/2486/166
f 830/2490/167 825/2475/167 826/2478/167 829/2487/167
f 831/2493/168 828/2484/168 827/2481/168 832/2496/168
f 836/2506/74 839/2515/74 837/2509/74 834/2500/74
f 835/2503/92 836/2507/92 834/2501/92 833/2497/92
f 840/2518/76 835/2504/76 833/2498/76 838/2512/76
f 839/2516/93 840/2519/93 838/2513/93 837/2510/93
f 838/2514/96 833/2499/96 834/2502/96 837/2511/96
f 839/2517/243 836/2508/243 835/2505/243 840/2520/243
f 844/2530/237 847/2539/237 845/2533/237 842/2524/237
f 843/2527/238 844/2531/238 842/2525/238 841/2521/238
f 848/2542/239 843/2528/239 841/2522/239 846/2536/239
f 847/2540/240 848/2543/240 846/2537/240 845/2534/240
f 846/2538/241 841/2523/241 842/2526/241 845/2535/241
f 847/2541/242 844/2532/242 843/2529/242 848/2544/242
f 852/2554/244 855/2563/244 853/2557/244 850/2548/244
f 851/2551/238 852/2555/238 850/2549/238 849/2545/238
f 856/2566/245 851/2552/245 849/2546/245 854/2560/245
f 855/2564/240 856/2567/240 854/2561/240 853/2558/240
f 854/2562/246 849/2547/246 850/2550/246 853/2559/246
f 855/2565/247 852/2556/247 851/2553/247 856/2568/247
f 860/2578/248 863/2587/248 861/2581/248 858/2572/248
f 859/2575/249 860/2579/249 858/2573/249 857/2569/249
f 864/2590/250 859/2576/250 857/2570/250 862/2584/250
f 863/2588/251 864/2591/251 862/2585/251 861/2582/251
f 862/2586/252 857/2571/252 858/2574/252 861/2583/252
f 863/2589/253 860/2580/253 859/2577/253 864/2592/253
f 868/2602/254 871/2611/254 869/2605/254 866/2596/254
f 867/2599/255 868/2603/255 866/2597/255 865/2593/255
f 872/2614/256 867/2600/256 865/2594/256 870/2608/256
f 871/2612/257 872/2615/257 870/2609/257 869/2606/257
f 870/2610/258 865/2595/258 866/2598/258 869/2607/258
f 871/2613/259 868/2604/259 867/2601/259 872/2616/259
f 876/2626/260 879/2635/260 877/2629/260 874/2620/260
f 875/2623/261 876/2627/261 874/2621/261 873/2617/261
f 880/2638/262 875/2624/262 873/2618/262 878/2632/262
f 879/2636/263 880/2639/263 878/2633/263 877/2630/263
f 878/2634/264 873/2619/264 874/2622/264 877/2631/264
f 879/2637/265 876/2628/265 875/2625/265 880/2640/265
f 884/2650/97 887/2659/97 885/2653/97 882/2644/97
f 883/2647/107 884/2651/107 882/2645/107 881/2641/107
f 888/2662/99 883/2648/99 881/2642/99 886/2656/99
f 887/2660/108 888/2663/108 886/2657/108 885/2654/108
f 886/2658/109 881/2643/109 882/2646/109 885/2655/109
f 887/2661/110 884/2652/110 883/2649/110 888/2664/110
f 892/2674/266 895/2683/266 893/2677/266 890/2668/266
f 891/2671/267 892/2675/267 890/2669/267 889/2665/267
f 896/2686/268 891/2672/268 889/2666/268 894/2680/268
f 895/2684/269 896/2687/269 894/2681/269 893/2678/269
f 894/2682/109 889/2667/109 890/2670/109 893/2679/109
f 895/2685/110 892/2676/110 891/2673/110 896/2688/110
f 900/2698/97 903/2707/97 901/2701/97 898/2692/97
f 899/2695/107 900/2699/107 898/2693/107 897/2689/107
f 904/2710/99 899/2696/99 897/2690/99 902/2704/99
f 903/2708/108 904/2711/108 902/2705/108 901/2702/108
f 902/2706/109 897/2691/109 898/2694/109 901/2703/109
f 903/2709/110 900/2700/110 899/2697/110 904/2712/110
f 908/2722/97 911/2731/97 909/2725/97 906/2716/97
f 907/2719/107 908/2723/107 906/2717/107 905/2713/107
f 912/2734/99 907/2720/99 905/2714/99 910/2728/99
f 911/2732/108 912/2735/108 910/2729/108 909/2726/108
f 910/2730/109 905/2715/109 906/2718/109 909/2727/109
f 911/2733/110 908/2724/110 907/2721/110 912/2736/110
f 916/2746/97 919/2755/97 917/2749/97 914/2740/97
f 915/2743/107 916/2747/107 914/2741/107 913/2737/107
f 920/2758/99 915/2744/99 913/2738/99 918/2752/99
f 919/2756/108 920/2759/108 918/2753/108 917/2750/108
f 918/2754/109 913/2739/109 914/2742/109 917/2751/109
f 919/2757/110 916/2748/110 915/2745/110 920/2760/110
f 924/2770/97 927/2779/97 925/2773/97 922/2764/97
f 923/2767/107 924/2771/107 922/2765/107 921/2761/107
f 928/2782/99 923/2768/99 921/2762/99 926/2776/99
f 927/2780/108 928/2783/108 926/2777/108 925/2774/108
f 926/2778/109 921/2763/109 922/2766/109 925/2775/109
f 927/2781/110 924/2772/110 923/2769/110 928/2784/110
f 932/2794/270 935/2803/270 933/2797/270 930/2788/270
f 931/2791/271 932/2795/271 930/2789/271 929/2785/271
f 936/2806/272 931/2792/272 929/2786/272 934/2800/272
f 935/2804/273 936/2807/273 934/2801/273 933/2798/273
f 934/2802/274 929/2787/274 930/2790/274 933/2799/274
f 935/2805/275 932/2796/275 931/2793/275 936/2808/275
f 940/2818/270 943/2827/270 941/2821/270 938/2812/270
f 939/2815/276 940/2819/276 938/2813/276 937/2809/276
f 944/2830/272 939/2816/272 937/2810/272 942/2824/272
f 943/2828/277 944/2831/277 942/2825/277 941/2822/277
f 942/2826/278 937/2811/278 938/2814/278 941/2823/278
f 943/2829/279 940/2820/279 939/2817/279 944/2832/279
f 948/2842/280 951/2851/280 949/2845/280 946/2836/280
f 947/2839/281 948/2843/281 946/2837/281 945/2833/281
f 952/2854/282 947/2840/282 945/2834/282 950/2848/282
f 951/2852/283 952/2855/283 950/2849/283 949/2846/283
f 950/2850/284 945/2835/284 946/2838/284 949/2847/284
f 951/2853/285 948/2844/285 947/2841/285 952/2856/285
f 956/2866/280 959/2875/280 957/2869/280 954/2860/280
f 955/2863/281 956/2867/281 954/2861/281 953/2857/281
f 960/2878/282 955/2864/282 953/2858/282 958/2872/282
f 959/2876/283 960/2879/283 958/2873/283 957/2870/283
f 958/2874/284 953/2859/284 954/2862/284 957/2871/284
f 959/2877/285 956/2868/285 955/2865/285 960/2880/285
f 964/2890/97 967/2899/97 965/2893/97 962/2884/97
f 963/2887/107 964/2891/107 962/2885/107 961/2881/107
f 968/2902/99 963/2888/99 961/2882/99 966/2896/99
f 967/2900/108 968/2903/108 966/2897/108 965/2894/108
f 966/2898/109 961/2883/109 962/2886/109 965/2895/109
f 967/2901/110 964/2892/110 963/2889/110 968/2904/110
f 972/2914/97 975/2923/97 973/2917/97 970/2908/97
f 971/2911/107 972/2915/107 970/2909/107 969/2905/107
f 976/2926/99 971/2912/99 969/2906/99 974/2920/99
f 975/2924/108 976/2927/108 974/2921/108 973/2918/108
f 974/2922/109 969/2907/109 970/2910/109 973/2919/109
f 975/2925/110 972/2916/110 971/2913/110 976/2928/110
f 980/2938/97 983/2947/97 981/2941/97 978/2932/97
f 979/2935/107 980/2939/107 978/2933/107 977/2929/107
f 984/2950/99 979/2936/99 977/2930/99 982/2944/99
f 983/2948/108 984/2951/108 982/2945/108 981/2942/108
f 982/2946/109 977/2931/109 978/2934/109 981/2943/109
f 983/2949/110 980/2940/110 979/2937/110 984/2952/110
f 988/2962/97 991/2971/97 989/2965/97 986/2956/97
f 987/2959/107 988/2963/107 986/2957/107 985/2953/107
f 992/2974/99 987/2960/99 985/2954/99 990/2968/99
f 991/2972/108 992/2975/108 990/2969/108 989/2966/108
f 990/2970/109 985/2955/109 986/2958/109 989/2967/109
f 991/2973/110 988/2964/110 987/2961/110 992/2976/110
f 996/2986/286 999/2995/286 997/2989/286 994/2980/286
f 995/2983/287 996/2987/287 994/2981/287 993/2977/287
f 1000/2998/288 995/2984/288 993/2978/288 998/2992/288
f 999/2996/289 1000/2999/289 998/2993/289 997/2990/289
f 998/2994/101 993/2979/101 994/2982/101 997/2991/101
f 999/2997/102 996/2988/102 995/2985/102 1000/3000/102
f 1004/3010/74 1007/3019/74 1005/3013/74 1002/3004/74
f 1003/3007/92 1004/3011/92 1002/3005/92 1001/3001/92
f 1008/3022/76 1003/3008/76 1001/3002/76 1006/3016/76
f 1007/3020/93 1008/3023/93 1006/3017/93 1005/3014/93
f 1006/3018/96 1001/3003/96 1002/3006/96 1005/3015/96
f 1007/3021/95 1004/3012/95 1003/3009/95 1008/3024/95
f 1012/3034/97 1015/3043/97 1013/3037/97 1010/3028/97
f 1011/3031/98 1012/3035/98 1010/3029/98 1009/3025/98
f 1016/3046/99 1011/3032/99 1009/3026/99 1014/3040/99
f 1015/3044/100 1016/3047/100 1014/3041/100 1013/3038/100
f 1014/3042/101 1009/3027/101 1010/3030/101 1013/3039/101
f 1015/3045/102 1012/3036/102 1011/3033/102 1016/3048/102
f 1020/3058/97 1023/3067/97 1021/3061/97 1018/3052/97
f 1019/3055/98 1020/3059/98 1018/3053/98 1017/3049/98
f 1024/3070/99 1019/3056/99 1017/3050/99 1022/3064/99
f 1023/3068/100 1024/3071/100 1022/3065/100 1021/3062/100
f 1022/3066/101 1017/3051/101 1018/3054/101 1021/3063/101
f 1023/3069/102 1020/3060/102 1019/3057/102 1024/3072/102
f 1028/3082/290 1031/3091/290 1029/3085/290 1026/3076/290
f 1027/3079/291 1028/3083/291 1026/3077/291 1025/3073/291
f 1032/3094/292 1027/3080/292 1025/3074/292 1030/3088/292
f 1031/3092/293 1032/3095/293 1030/3089/293 1029/3086/293
f 1030/3090/294 1025/3075/294 1026/3078/294 1029/3087/294
f 1031/3093/295 1028/3084/295 1027/3081/295 1032/3096/295
f 1036/3106/68 1039/3115/68 1037/3109/68 1034/3100/68
f 1035/3103/296 1036/3107/296 1034/3101/296 1033/3097/296
f 1040/3118/70 1035/3104/70 1033/3098/70 1038/3112/70
f 1039/3116/71 1040/3119/71 1038/3113/71 1037/3110/71
f 1038/3114/72 1033/3099/72 1034/3102/72 1037/3111/72
f 1039/3117/73 1036/3108/73 1035/3105/73 1040/3120/73
f 1044/3130/74 1047/3139/74 1045/3133/74 1042/3124/74
f 1043/3127/75 1044/3131/75 1042/3125/75 1041/3121/75
f 1048/3142/76 1043/3128/76 1041/3122/76 1046/3136/76
f 1047/3140/77 1048/3143/77 1046/3137/77 1045/3134/77
f 1046/3138/72 1041/3123/72 1042/3126/72 1045/3135/72
f 1047/3141/79 1044/3132/79 1043/3129/79 1048/3144/79
f 1052/3154/51 1055/3163/51 1053/3157/51 1050/3148/51
f 1051/3151/56 1052/3155/56 1050/3149/56 1049/3145/56
f 1056/3166/53 1051/3152/53 1049/3146/53 1054/3160/53
f 1055/3164/55 1056/3167/55 1054/3161/55 1053/3158/55
f 1054/3162/52 1049/3147/52 1050/3150/52 1053/3159/52
f 1055/3165/54 1052/3156/54 1051/3153/54 1056/3168/54
f 1060/3178/51 1063/3187/51 1061/3181/51 1058/3172/51
f 1059/3175/56 1060/3179/56 1058/3173/56 1057/3169/56
f 1064/3190/53 1059/3176/53 1057/3170/53 1062/3184/53
f 1063/3188/55 1064/3191/55 1062/3185/55 1061/3182/55
f 1062/3186/52 1057/3171/52 1058/3174/52 1061/3183/52
f 1063/3189/54 1060/3180/54 1059/3177/54 1064/3192/54
f 1068/3202/51 1071/3211/51 1069/3205/51 1066/3196/51
f 1067/3199/56 1068/3203/56 1066/3197/56 1065/3193/56
f 1072/3214/53 1067/3200/53 1065/3194/53 1070/3208/53
f 1071/3212/55 1072/3215/55 1070/3209/55 1069/3206/55
f 1070/3210/52 1065/3195/52 1066/3198/52 1069/3207/52
f 1071/3213/54 1068/3204/54 1067/3201/54 1072/3216/54
f 1076/3226/297 1079/3235/297 1077/3229/297 1074/3220/297
f 1075/3223/54 1076/3227/54 1074/3221/54 1073/3217/54
f 1080/3238/298 1075/3224/298 1073/3218/298 1078/3232/298
f 1079/3236/52 1080/3239/52 1078/3233/52 1077/3230/52
f 1078/3234/40 1073/3219/40 1074/3222/40 1077/3231/40
f 1079/3237/42 1076/3228/42 1075/3225/42 1080/3240/42
f 1084/3250/299 1087/3259/299 1085/3253/299 1082/3244/299
f 1083/3247/300 1084/3251/300 1082/3245/300 1081/3241/300
f 1088/3262/301 1083/3248/301 1081/3242/301 1086/3256/301
f 1087/3260/302 1088/3263/302 1086/3257/302 1085/3254/302
f 1086/3258/303 1081/3243/303 1082/3246/303 1085/3255/303
f 1087/3261/304 1084/3252/304 1083/3249/304 1088/3264/304
f 1092/3274/299 1095/3283/299 1093/3277/299 1090/3268/299
f 1091/3271/300 1092/3275/300 1090/3269/300 1089/3265/300
f 1096/3286/301 1091/3272/301 1089/3266/301 1094/3280/301
f 1095/3284/302 1096/3287/302 1094/3281/302 1093/3278/302
f 1094/3282/303 1089/3267/303 1090/3270/303 1093/3279/303
f 1095/3285/304 1092/3276/304 1091/3273/304 1096/3288/304
f 1100/3298/299 1103/3307/299 1101/3301/299 1098/3292/299
f 1099/3295/300 1100/3299/300 1098/3293/300 1097/3289/300
f 1104/3310/301 1099/3296/301 1097/3290/301 1102/3304/301
f 1103/3308/302 1104/3311/302 1102/3305/302 1101/3302/302
f 1102/3306/303 1097/3291/303 1098/3294/303 1101/3303/303
f 1103/3309/304 1100/3300/304 1099/3297/304 1104/3312/304
f 1108/3322/53 1111/3331/53 1109/3325/53 1106/3316/53
f 1107/3319/54 1108/3323/54 1106/3317/54 1105/3313/54
f 1112/3334/51 1107/3320/51 1105/3314/51 1110/3328/51
f 1111/3332/52 1112/3335/52 1110/3329/52 1109/3326/52
f 1110/3330/55 1105/3315/55 1106/3318/55 1109/3327/55
f 1111/3333/56 1108/3324/56 1107/3321/56 1112/3336/56
f 1116/3346/53 1119/3355/53 1117/3349/53 1114/3340/53
f 1115/3343/54 1116/3347/54 1114/3341/54 1113/3337/54
f 1120/3358/51 1115/3344/51 1113/3338/51 1118/3352/51
f 1119/3356/52 1120/3359/52 1118/3353/52 1117/3350/52
f 1118/3354/55 1113/3339/55 1114/3342/55 1117/3351/55
f 1119/3357/56 1116/3348/56 1115/3345/56 1120/3360/56
f 1124/3370/53 1127/3379/53 1125/3373/53 1122/3364/53
f 1123/3367/54 1124/3371/54 1122/3365/54 1121/3361/54
f 1128/3382/51 1123/3368/51 1121/3362/51 1126/3376/51
f 1127/3380/52 1128/3383/52 1126/3377/52 1125/3374/52
f 1126/3378/55 1121/3363/55 1122/3366/55 1125/3375/55
f 1127/3381/56 1124/3372/56 1123/3369/56 1128/3384/56
f 1132/3394/305 1135/3403/305 1133/3397/305 1130/3388/305
f 1131/3391/54 1132/3395/54 1130/3389/54 1129/3385/54
f 1136/3406/306 1131/3392/306 1129/3386/306 1134/3400/306
f 1135/3404/52 1136/3407/52 1134/3401/52 1133/3398/52
f 1134/3402/307 1129/3387/307 1130/3390/307 1133/3399/307
f 1135/3405/308 1132/3396/308 1131/3393/308 1136/3408/308
f 1140/3418/309 1143/3427/309 1141/3421/309 1138/3412/309
f 1139/3415/54 1140/3419/54 1138/3413/54 1137/3409/54
f 1144/3430/310 1139/3416/310 1137/3410/310 1142/3424/310
f 1143/3428/52 1144/3431/52 1142/3425/52 1141/3422/52
f 1142/3426/311 1137/3411/311 1138/3414/311 1141/3423/311
f 1143/3429/312 1140/3420/312 1139/3417/312 1144/3432/312
f 1148/3442/313 1151/3451/313 1149/3445/313 1146/3436/313
f 1147/3439/314 1148/3443/314 1146/3437/314 1145/3433/314
f 1152/3454/315 1147/3440/315 1145/3434/315 1150/3448/315
f 1151/3452/316 1152/3455/316 1150/3449/316 1149/3446/316
f 1150/3450/317 1145/3435/317 1146/3438/317 1149/3447/317
f 1151/3453/318 1148/3444/318 1147/3441/318 1152/3456/318
f 1156/3466/319 1159/3475/319 1157/3469/319 1154/3460/319
f 1155/3463/314 1156/3467/314 1154/3461/314 1153/3457/314
f 1160/3478/320 1155/3464/320 1153/3458/320 1158/3472/320
f 1159/3476/316 1160/3479/316 1158/3473/316 1157/3470/316
f 1158/3474/321 1153/3459/321 1154/3462/321 1157/3471/321
f 1159/3477/322 1156/3468/322 1155/3465/322 1160/3480/322
f 1164/3490/323 1167/3499/323 1165/3493/323 1162/3484/323
f 1163/3487/314 1164/3491/314 1162/3485/314 1161/3481/314
f 1168/3502/324 1163/3488/324 1161/3482/324 1166/3496/324
f 1167/3500/316 1168/3503/316 1166/3497/316 1165/3494/316
f 1166/3498/325 1161/3483/325 1162/3486/325 1165/3495/325
f 1167/3501/326 1164/3492/326 1163/3489/326 1168/3504/326
f 1172/3514/327 1175/3523/327 1173/3517/327 1170/3508/327
f 1171/3511/328 1172/3515/328 1170/3509/328 1169/3505/328
f 1176/3526/329 1171/3512/329 1169/3506/329 1174/3520/329
f 1175/3524/330 1176/3527/330 1174/3521/330 1173/3518/330
f 1174/3522/331 1169/3507/331 1170/3510/331 1173/3519/331
f 1175/3525/332 1172/3516/332 1171/3513/332 1176/3528/332
f 1180/3538/333 1183/3547/333 1181/3541/333 1178/3532/333
f 1179/3535/54 1180/3539/54 1178/3533/54 1177/3529/54
f 1184/3550/334 1179/3536/334 1177/3530/334 1182/3544/334
f 1183/3548/52 1184/3551/52 1182/3545/52 1181/3542/52
f 1182/3546/335 1177/3531/335 1178/3534/335 1181/3543/335
f 1183/3549/336 1180/3540/336 1179/3537/336 1184/3552/336
f 1188/3562/337 1191/3571/337 1189/3565/337 1186/3556/337
f 1187/3559/54 1188/3563/54 1186/3557/54 1185/3553/54
f 1192/3574/334 1187/3560/334 1185/3554/334 1190/3568/334
f 1191/3572/52 1192/3575/52 1190/3569/52 1189/3566/52
f 1190/3570/335 1185/3555/335 1186/3558/335 1189/3567/335
f 1191/3573/336 1188/3564/336 1187/3561/336 1192/3576/336
f 1196/3586/337 1199/3595/337 1197/3589/337 1194/3580/337
f 1195/3583/338 1196/3587/338 1194/3581/338 1193/3577/338
f 1200/3598/334 1195/3584/334 1193/3578/334 1198/3592/334
f 1199/3596/339 1200/3599/339 1198/3593/339 1197/3590/339
f 1198/3594/340 1193/3579/340 1194/3582/340 1197/3591/340
f 1199/3597/341 1196/3588/341 1195/3585/341 1200/3600/341
f 1204/3610/333 1207/3619/333 1205/3613/333 1202/3604/333
f 1203/3607/342 1204/3611/342 1202/3605/342 1201/3601/342
f 1208/3622/343 1203/3608/343 1201/3602/343 1206/3616/343
f 1207/3620/344 1208/3623/344 1206/3617/344 1205/3614/344
f 1206/3618/345 1201/3603/345 1202/3606/345 1205/3615/345
f 1207/3621/346 1204/3612/346 1203/3609/346 1208/3624/346
f 1212/3634/333 1215/3643/333 1213/3637/333 1210/3628/333
f 1211/3631/347 1212/3635/347 1210/3629/347 1209/3625/347
f 1216/3646/343 1211/3632/343 1209/3626/343 1214/3640/343
f 1215/3644/348 1216/3647/348 1214/3641/348 1213/3638/348
f 1214/3642/349 1209/3627/349 1210/3630/349 1213/3639/349
f 1215/3645/350 1212/3636/350 1211/3633/350 1216/3648/350
f 1220/3658/333 1223/3667/333 1221/3661/333 1218/3652/333
f 1219/3655/351 1220/3659/351 1218/3653/351 1217/3649/351
f 1224/3670/334 1219/3656/334 1217/3650/334 1222/3664/334
f 1223/3668/352 1224/3671/352 1222/3665/352 1221/3662/352
f 1222/3666/353 1217/3651/353 1218/3654/353 1221/3663/353
f 1223/3669/354 1220/3660/354 1219/3657/354 1224/3672/354
f 1228/3682/355 1231/3691/355 1229/3685/355 1226/3676/355
f 1227/3679/356 1228/3683/356 1226/3677/356 1225/3673/356
f 1232/3694/357 1227/3680/357 1225/3674/357 1230/3688/357
f 1231/3692/358 1232/3695/358 1230/3689/358 1229/3686/358
f 1230/3690/359 1225/3675/359 1226/3678/359 1229/3687/359
f 1231/3693/360 1228/3684/360 1227/3681/360 1232/3696/360
f 1236/3706/361 1239/3715/361 1237/3709/361 1234/3700/361
f 1235/3703/356 1236/3707/356 1234/3701/356 1233/3697/356
f 1240/3718/362 1235/3704/362 1233/3698/362 1238/3712/362
f 1239/3716/358 1240/3719/358 1238/3713/358 1237/3710/358
f 1238/3714/363 1233/3699/363 1234/3702/363 1237/3711/363
f 1239/3717/364 1236/3708/364 1235/3705/364 1240/3720/364
f 1244/3730/365 1247/3739/365 1245/3733/365 1242/3724/365
f 1243/3727/356 1244/3731/356 1242/3725/356 1241/3721/356
f 1248/3742/366 1243/3728/366 1241/3722/366 1246/3736/366
f 1247/3740/358 1248/3743/358 1246/3737/358 1245/3734/358
f 1246/3738/367 1241/3723/367 1242/3726/367 1245/3735/367
f 1247/3741/368 1244/3732/368 1243/3729/368 1248/3744/368
f 1252/3754/369 1255/3763/369 1253/3757/369 1250/3748/369
f 1251/3751/52 1252/3755/52 1250/3749/52 1249/3745/52
f 1256/3766/370 1251/3752/370 1249/3746/370 1254/3760/370
f 1255/3764/54 1256/3767/54 1254/3761/54 1253/3758/54
f 1254/3762/303 1249/3747/303 1250/3750/303 1253/3759/303
f 1255/3765/304 1252/3756/304 1251/3753/304 1256/3768/304
f 1260/3778/371 1263/3787/371 1261/3781/371 1258/3772/371
f 1259/3775/372 1260/3779/372 1258/3773/372 1257/3769/372
f 1264/3790/373 1259/3776/373 1257/3770/373 1262/3784/373
f 1263/3788/374 1264/3791/374 1262/3785/374 1261/3782/374
f 1262/3786/375 1257/3771/375 1258/3774/375 1261/3783/375
f 1263/3789/376 1260/3780/376 1259/3777/376 1264/3792/376
f 1268/3802/371 1271/3811/371 1269/3805/371 1266/3796/371
f 1267/3799/377 1268/3803/377 1266/3797/377 1265/3793/377
f 1272/3814/373 1267/3800/373 1265/3794/373 1270/3808/373
f 1271/3812/374 1272/3815/374 1270/3809/374 1269/3806/374
f 1270/3810/375 1265/3795/375 1266/3798/375 1269/3807/375
f 1271/3813/376 1268/3804/376 1267/3801/376 1272/3816/376
f 1276/3826/378 1279/3835/378 1277/3829/378 1274/3820/378
f 1275/3823/377 1276/3827/377 1274/3821/377 1273/3817/377
f 1280/3838/379 1275/3824/379 1273/3818/379 1278/3832/379
f 1279/3836/374 1280/3839/374 1278/3833/374 1277/3830/374
f 1278/3834/380 1273/3819/380 1274/3822/380 1277/3831/380
f 1279/3837/381 1276/3828/381 1275/3825/381 1280/3840/381
f 1284/3850/369 1287/3859/369 1285/3853/369 1282/3844/369
f 1283/3847/52 1284/3851/52 1282/3845/52 1281/3841/52
f 1288/3862/370 1283/3848/370 1281/3842/370 1286/3856/370
f 1287/3860/54 1288/3863/54 1286/3857/54 1285/3854/54
f 1286/3858/303 1281/3843/303 1282/3846/303 1285/3855/303
f 1287/3861/304 1284/3852/304 1283/3849/304 1288/3864/304
f 1292/3874/369 1295/3883/369 1293/3877/369 1290/3868/369
f 1291/3871/52 1292/3875/52 1290/3869/52 1289/3865/52
f 1296/3886/370 1291/3872/370 1289/3866/370 1294/3880/370
f 1295/3884/54 1296/3887/54 1294/3881/54 1293/3878/54
f 1294/3882/303 1289/3867/303 1290/3870/303 1293/3879/303
f 1295/3885/304 1292/3876/304 1291/3873/304 1296/3888/304
f 1300/3898/382 1303/3907/382 1301/3901/382 1298/3892/382
f 1299/3895/383 1300/3899/383 1298/3893/383 1297/3889/383
f 1304/3910/384 1299/3896/384 1297/3890/384 1302/3904/384
f 1303/3908/385 1304/3911/385 1302/3905/385 1301/3902/385
f 1302/3906/386 1297/3891/386 1298/3894/386 1301/3903/386
f 1303/3909/387 1300/3900/387 1299/3897/387 1304/3912/387
f 1308/3922/369 1311/3931/369 1309/3925/369 1306/3916/369
f 1307/3919/52 1308/3923/52 1306/3917/52 1305/3913/52
f 1312/3934/370 1307/3920/370 1305/3914/370 1310/3928/370
f 1311/3932/54 1312/3935/54 1310/3929/54 1309/3926/54
f 1310/3930/303 1305/3915/303 1306/3918/303 1309/3927/303
f 1311/3933/304 1308/3924/304 1307/3921/304 1312/3936/304
f 1316/3946/388 1319/3955/388 1317/3949/388 1314/3940/388
f 1315/3943/54 1316/3947/54 1314/3941/54 1313/3937/54
f 1320/3958/389 1315/3944/389 1313/3938/389 1318/3952/389
f 1319/3956/52 1320/3959/52 1318/3953/52 1317/3950/52
f 1318/3954/390 1313/3939/390 1314/3942/390 1317/3951/390
f 1319/3957/391 1316/3948/391 1315/3945/391 1320/3960/391
f 1324/3970/392 1327/3979/392 1325/3973/392 1322/3964/392
f 1323/3967/393 1324/3971/393 1322/3965/393 1321/3961/393
f 1328/3982/394 1323/3968/394 1321/3962/394 1326/3976/394
f 1327/3980/395 1328/3983/395 1326/3977/395 1325/3974/395
f 1326/3978/396 1321/3963/396 1322/3966/396 1325/3975/396
f 1327/3981/397 1324/3972/397 1323/3969/397 1328/3984/397
f 1332/3994/53 1335/4003/53 1333/3997/53 1330/3988/53
f 1331/3991/54 1332/3995/54 1330/3989/54 1329/3985/54
f 1336/4006/51 1331/3992/51 1329/3986/51 1334/4000/51
f 1335/4004/52 1336/4007/52 1334/4001/52 1333/3998/52
f 1334/4002/55 1329/3987/55 1330/3990/55 1333/3999/55
f 1335/4005/56 1332/3996/56 1331/3993/56 1336/4008/56
f 1340/4018/398 1343/4027/398 1341/4021/398 1338/4012/398
f 1339/4015/399 1340/4019/399 1338/4013/399 1337/4009/399
f 1344/4030/400 1339/4016/400 1337/4010/400 1342/4024/400
f 1343/4028/401 1344/4031/401 1342/4025/401 1341/4022/401
f 1342/4026/402 1337/4011/402 1338/4014/402 1341/4023/402
f 1343/4029/403 1340/4020/403 1339/4017/403 1344/4032/403
f 1348/4042/398 1351/4051/398 1349/4045/398 1346/4036/398
f 1347/4039/404 1348/4043/404 1346/4037/404 1345/4033/404
f 1352/4054/400 1347/4040/400 1345/4034/400 1350/4048/400
f 1351/4052/405 1352/4055/405 1350/4049/405 1349/4046/405
f 1350/4050/406 1345/4035/406 1346/4038/406 1349/4047/406
f 1351/4053/407 1348/4044/407 1347/4041/407 1352/4056/407
f 1356/4066/408 1359/4075/408 1357/4069/408 1354/4060/408
f 1355/4063/409 1356/4067/409 1354/4061/409 1353/4057/409
f 1360/4078/410 1355/4064/410 1353/4058/410 1358/4072/410
f 1359/4076/411 1360/4079/411 1358/4073/411 1357/4070/411
f 1358/4074/412 1353/4059/412 1354/4062/412 1357/4071/412
f 1359/4077/413 1356/4068/413 1355/4065/413 1360/4080/413
f 1364/4090/408 1367/4099/408 1365/4093/408 1362/4084/408
f 1363/4087/414 1364/4091/414 1362/4085/414 1361/4081/414
f 1368/4102/410 1363/4088/410 1361/4082/410 1366/4096/410
f 1367/4100/415 1368/4103/415 1366/4097/415 1365/4094/415
f 1366/4098/416 1361/4083/416 1362/4086/416 1365/4095/416
f 1367/4101/417 1364/4092/417 1363/4089/417 1368/4104/417
f 1372/4114/418 1375/4123/418 1373/4117/418 1370/4108/418
f 1371/4111/419 1372/4115/419 1370/4109/419 1369/4105/419
f 1376/4126/420 1371/4112/420 1369/4106/420 1374/4120/420
f 1375/4124/421 1376/4127/421 1374/4121/421 1373/4118/421
f 1374/4122/422 1369/4107/422 1370/4110/422 1373/4119/422
f 1375/4125/423 1372/4116/423 1371/4113/423 1376/4128/423
f 1380/4138/424 1383/4147/424 1381/4141/424 1378/4132/424
f 1379/4135/425 1380/4139/425 1378/4133/425 1377/4129/425
f 1384/4150/426 1379/4136/426 1377/4130/426 1382/4144/426
f 1383/4148/427 1384/4151/427 1382/4145/427 1381/4142/427
f 1382/4146/428 1377/4131/428 1378/4134/428 1381/4143/428
f 1383/4149/429 1380/4140/429 1379/4137/429 1384/4152/429
f 1388/4162/333 1391/4171/333 1389/4165/333 1386/4156/333
f 1387/4159/383 1388/4163/383 1386/4157/383 1385/4153/383
f 1392/4174/343 1387/4160/343 1385/4154/343 1390/4168/343
f 1391/4172/385 1392/4175/385 1390/4169/385 1389/4166/385
f 1390/4170/430 1385/4155/430 1386/4158/430 1389/4167/430
f 1391/4173/431 1388/4164/431 1387/4161/431 1392/4176/431
f 1396/4186/369 1399/4195/369 1397/4189/369 1394/4180/369
f 1395/4183/52 1396/4187/52 1394/4181/52 1393/4177/52
f 1400/4198/370 1395/4184/370 1393/4178/370 1398/4192/370
f 1399/4196/54 1400/4199/54 1398/4193/54 1397/4190/54
f 1398/4194/303 1393/4179/303 1394/4182/303 1397/4191/303
f 1399/4197/304 1396/4188/304 1395/4185/304 1400/4200/304
f 1404/4210/51 1407/4219/51 1405/4213/51 1402/4204/51
f 1403/4207/432 1404/4211/432 1402/4205/432 1401/4201/432
f 1408/4222/53 1403/4208/53 1401/4202/53 1406/4216/53
f 1407/4220/433 1408/4223/433 1406/4217/433 1405/4214/433
f 1406/4218/434 1401/4203/434 1402/4206/434 1405/4215/434
f 1407/4221/435 1404/4212/435 1403/4209/435 1408/4224/435
f 1412/4234/51 1415/4243/51 1413/4237/51 1410/4228/51
f 1411/4231/52 1412/4235/52 1410/4229/52 1409/4225/52
f 1416/4246/53 1411/4232/53 1409/4226/53 1414/4240/53
f 1415/4244/54 1416/4247/54 1414/4241/54 1413/4238/54
f 1414/4242/55 1409/4227/55 1410/4230/55 1413/4239/55
f 1415/4245/56 1412/4236/56 1411/4233/56 1416/4248/56
f 1420/4258/51 1423/4267/51 1421/4261/51 1418/4252/51
f 1419/4255/52 1420/4259/52 1418/4253/52 1417/4249/52
f 1424/4270/53 1419/4256/53 1417/4250/53 1422/4264/53
f 1423/4268/54 1424/4271/54 1422/4265/54 1421/4262/54
f 1422/4266/55 1417/4251/55 1418/4254/55 1421/4263/55
f 1423/4269/56 1420/4260/56 1419/4257/56 1424/4272/56
f 1428/4282/51 1431/4291/51 1429/4285/51 1426/4276/51
f 1427/4279/52 1428/4283/52 1426/4277/52 1425/4273/52
f 1432/4294/53 1427/4280/53 1425/4274/53 1430/4288/53
f 1431/4292/54 1432/4295/54 1430/4289/54 1429/4286/54
f 1430/4290/55 1425/4275/55 1426/4278/55 1429/4287/55
f 1431/4293/56 1428/4284/56 1427/4281/56 1432/4296/56
f 1436/4306/51 1439/4315/51 1437/4309/51 1434/4300/51
f 1435/4303/52 1436/4307/52 1434/4301/52 1433/4297/52
f 1440/4318/53 1435/4304/53 1433/4298/53 1438/4312/53
f 1439/4316/54 1440/4319/54 1438/4313/54 1437/4310/54
f 1438/4314/55 1433/4299/55 1434/4302/55 1437/4311/55
f 1439/4317/56 1436/4308/56 1435/4305/56 1440/4320/56
f 1444/4330/51 1447/4339/51 1445/4333/51 1442/4324/51
f 1443/4327/52 1444/4331/52 1442/4325/52 1441/4321/52
f 1448/4342/53 1443/4328/53 1441/4322/53 1446/4336/53
f 1447/4340/54 1448/4343/54 1446/4337/54 1445/4334/54
f 1446/4338/55 1441/4323/55 1442/4326/55 1445/4335/55
f 1447/4341/56 1444/4332/56 1443/4329/56 1448/4344/56
f 1452/4354/51 1455/4363/51 1453/4357/51 1450/4348/51
f 1451/4351/432 1452/4355/432 1450/4349/432 1449/4345/432
f 1456/4366/53 1451/4352/53 1449/4346/53 1454/4360/53
f 1455/4364/433 1456/4367/433 1454/4361/433 1453/4358/433
f 1454/4362/434 1449/4347/434 1450/4350/434 1453/4359/434
f 1455/4365/435 1452/4356/435 1451/4353/435 1456/4368/435
f 1460/4378/408 1463/4387/408 1461/4381/408 1458/4372/408
f 1459/4375/54 1460/4379/54 1458/4373/54 1457/4369/54
f 1464/4390/410 1459/4376/410 1457/4370/410 1462/4384/410
f 1463/4388/52 1464/4391/52 1462/4385/52 1461/4382/52
f 1462/4386/436 1457/4371/436 1458/4374/436 1461/4383/436
f 1463/4389/437 1460/4380/437 1459/4377/437 1464/4392/437
f 1468/4402/333 1471/4411/333 1469/4405/333 1466/4396/333
f 1467/4399/419 1468/4403/419 1466/4397/419 1465/4393/419
f 1472/4414/343 1467/4400/343 1465/4394/343 1470/4408/343
f 1471/4412/421 1472/4415/421 1470/4409/421 1469/4406/421
f 1470/4410/438 1465/4395/438 1466/4398/438 1469/4407/438
f 1471/4413/439 1468/4404/439 1467/4401/439 1472/4416/439
f 1476/4426/53 1479/4435/53 1477/4429/53 1474/4420/53
f 1475/4423/54 1476/4427/54 1474/4421/54 1473/4417/54
f 1480/4438/51 1475/4424/51 1473/4418/51 1478/4432/51
f 1479/4436/52 1480/4439/52 1478/4433/52 1477/4430/52
f 1478/4434/55 1473/4419/55 1474/4422/55 1477/4431/55
f 1479/4437/56 1476/4428/56 1475/4425/56 1480/4440/56
f 1484/4450/53 1487/4459/53 1485/4453/53 1482/4444/53
f 1483/4447/434 1484/4451/434 1482/4445/434 1481/4441/434
f 1488/4462/51 1483/4448/51 1481/4442/51 1486/4456/51
f 1487/4460/435 1488/4463/435 1486/4457/435 1485/4454/435
f 1486/4458/432 1481/4443/432 1482/4446/432 1485/4455/432
f 1487/4461/433 1484/4452/433 1483/4449/433 1488/4464/433
f 1492/4474/440 1495/4483/440 1493/4477/440 1490/4468/440
f 1491/4471/52 1492/4475/52 1490/4469/52 1489/4465/52
f 1496/4486/441 1491/4472/441 1489/4466/441 1494/4480/441
f 1495/4484/54 1496/4487/54 1494/4481/54 1493/4478/54
f 1494/4482/442 1489/4467/442 1490/4470/442 1493/4479/442
f 1495/4485/443 1492/4476/443 1491/4473/443 1496/4488/443
f 1500/4498/444 1503/4507/444 1501/4501/444 1498/4492/444
f 1499/4495/52 1500/4499/52 1498/4493/52 1497/4489/52
f 1504/4510/445 1499/4496/445 1497/4490/445 1502/4504/445
f 1503/4508/54 1504/4511/54 1502/4505/54 1501/4502/54
f 1502/4506/446 1497/4491/446 1498/4494/446 1501/4503/446
f 1503/4509/447 1500/4500/447 1499/4497/447 1504/4512/447
f 1508/4522/444 1511/4531/444 1509/4525/444 1506/4516/444
f 1507/4519/52 1508/4523/52 1506/4517/52 1505/4513/52
f 1512/4534/445 1507/4520/445 1505/4514/445 1510/4528/445
f 1511/4532/54 1512/4535/54 1510/4529/54 1509/4526/54
f 1510/4530/446 1505/4515/446 1506/4518/446 1509/4527/446
f 1511/4533/447 1508/4524/447 1507/4521/447 1512/4536/447
f 1516/4546/444 1519/4555/444 1517/4549/444 1514/4540/444
f 1515/4543/52 1516/4547/52 1514/4541/52 1513/4537/52
f 1520/4558/445 1515/4544/445 1513/4538/445 1518/4552/445
f 1519/4556/54 1520/4559/54 1518/4553/54 1517/4550/54
f 1518/4554/446 1513/4539/446 1514/4542/446 1517/4551/446
f 1519/4557/447 1516/4548/447 1515/4545/447 1520/4560/447
f 1524/4570/448 1527/4579/448 1525/4573/448 1522/4564/448
f 1523/4567/52 1524/4571/52 1522/4565/52 1521/4561/52
f 1528/4582/449 1523/4568/449 1521/4562/449 1526/4576/449
f 1527/4580/54 1528/4583/54 1526/4577/54 1525/4574/54
f 1526/4578/450 1521/4563/450 1522/4566/450 1525/4575/450
f 1527/4581/451 1524/4572/451 1523/4569/451 1528/4584/451
f 1532/4594/440 1535/4603/440 1533/4597/440 1530/4588/440
f 1531/4591/52 1532/4595/52 1530/4589/52 1529/4585/52
f 1536/4606/441 1531/4592/441 1529/4586/441 1534/4600/441
f 1535/4604/54 1536/4607/54 1534/4601/54 1533/4598/54
f 1534/4602/442 1529/4587/442 1530/4590/442 1533/4599/442
f 1535/4605/443 1532/4596/443 1531/4593/443 1536/4608/443
f 1540/4618/440 1543/4627/440 1541/4621/440 1538/4612/440
f 1539/4615/52 1540/4619/52 1538/4613/52 1537/4609/52
f 1544/4630/441 1539/4616/441 1537/4610/441 1542/4624/441
f 1543/4628/54 1544/4631/54 1542/4625/54 1541/4622/54
f 1542/4626/442 1537/4611/442 1538/4614/442 1541/4623/442
f 1543/4629/443 1540/4620/443 1539/4617/443 1544/4632/443
f 1548/4642/51 1551/4651/51 1549/4645/51 1546/4636/51
f 1547/4639/52 1548/4643/52 1546/4637/52 1545/4633/52
f 1552/4654/53 1547/4640/53 1545/4634/53 1550/4648/53
f 1551/4652/54 1552/4655/54 1550/4649/54 1549/4646/54
f 1550/4650/55 1545/4635/55 1546/4638/55 1549/4647/55
f 1551/4653/56 1548/4644/56 1547/4641/56 1552/4656/56
f 1556/4666/452 1559/4675/452 1557/4669/452 1554/4660/452
f 1555/4663/453 1556/4667/453 1554/4661/453 1553/4657/453
f 1560/4678/454 1555/4664/454 1553/4658/454 1558/4672/454
f 1559/4676/455 1560/4679/455 1558/4673/455 1557/4670/455
f 1558/4674/456 1553/4659/456 1554/4662/456 1557/4671/456
f 1559/4677/457 1556/4668/457 1555/4665/457 1560/4680/457
f 1564/4690/458 1567/4699/458 1565/4693/458 1562/4684/458
f 1563/4687/453 1564/4691/453 1562/4685/453 1561/4681/453
f 1568/4702/459 1563/4688/459 1561/4682/459 1566/4696/459
f 1567/4700/455 1568/4703/455 1566/4697/455 1565/4694/455
f 1566/4698/460 1561/4683/460 1562/4686/460 1565/4695/460
f 1567/4701/461 1564/4692/461 1563/4689/461 1568/4704/461
f 1572/4714/462 1575/4723/462 1573/4717/462 1570/4708/462
f 1571/4711/463 1572/4715/463 1570/4709/463 1569/4705/463
f 1576/4726/464 1571/4712/464 1569/4706/464 1574/4720/464
f 1575/4724/465 1576/4727/465 1574/4721/465 1573/4718/465
f 1574/4722/466 1569/4707/466 1570/4710/466 1573/4719/466
f 1575/4725/467 1572/4716/467 1571/4713/467 1576/4728/467
f 1580/4738/468 1583/4747/468 1581/4741/468 1578/4732/468
f 1579/4735/463 1580/4739/463 1578/4733/463 1577/4729/463
f 1584/4750/469 1579/4736/469 1577/4730/469 1582/4744/469
f 1583/4748/465 1584/4751/465 1582/4745/465 1581/4742/465
f 1582/4746/470 1577/4731/470 1578/4734/470 1581/4743/470
f 1583/4749/471 1580/4740/471 1579/4737/471 1584/4752/471
f 1588/4762/472 1591/4771/472 1589/4765/472 1586/4756/472
f 1587/4759/463 1588/4763/463 1586/4757/463 1585/4753/463
f 1592/4774/473 1587/4760/473 1585/4754/473 1590/4768/473
f 1591/4772/465 1592/4775/465 1590/4769/465 1589/4766/465
f 1590/4770/474 1585/4755/474 1586/4758/474 1589/4767/474
f 1591/4773/475 1588/4764/475 1587/4761/475 1592/4776/475
f 1596/4786/476 1599/4795/476 1597/4789/476 1594/4780/476
f 1595/4783/453 1596/4787/453 1594/4781/453 1593/4777/453
f 1600/4798/477 1595/4784/477 1593/4778/477 1598/4792/477
f 1599/4796/455 1600/4799/455 1598/4793/455 1597/4790/455
f 1598/4794/478 1593/4779/478 1594/4782/478 1597/4791/478
f 1599/4797/479 1596/4788/479 1595/4785/479 1600/4800/479
f 1604/4810/480 1607/4819/480 1605/4813/480 1602/4804/480
f 1603/4807/481 1604/4811/481 1602/4805/481 1601/4801/481
f 1608/4822/482 1603/4808/482 1601/4802/482 1606/4816/482
f 1607/4820/483 1608/4823/483 1606/4817/483 1605/4814/483
f 1606/4818/484 1601/4803/484 1602/4806/484 1605/4815/484
f 1607/4821/485 1604/4812/485 1603/4809/485 1608/4824/485
f 1612/4834/486 1615/4843/486 1613/4837/486 1610/4828/486
f 1611/4831/487 1612/4835/487 1610/4829/487 1609/4825/487
f 1616/4846/488 1611/4832/488 1609/4826/488 1614/4840/488
f 1615/4844/489 1616/4847/489 1614/4841/489 1613/4838/489
f 1614/4842/490 1609/4827/490 1610/4830/490 1613/4839/490
f 1615/4845/491 1612/4836/491 1611/4833/491 1616/4848/491
f 1620/4858/492 1623/4867/492 1621/4861/492 1618/4852/492
f 1619/4855/493 1620/4859/493 1618/4853/493 1617/4849/493
f 1624/4870/494 1619/4856/494 1617/4850/494 1622/4864/494
f 1623/4868/495 1624/4871/495 1622/4865/495 1621/4862/495
f 1622/4866/496 1617/4851/496 1618/4854/496 1621/4863/496
f 1623/4869/497 1620/4860/497 1619/4857/497 1624/4872/497
f 1628/4882/498 1631/4891/498 1629/4885/498 1626/4876/498
f 1627/4879/481 1628/4883/481 1626/4877/481 1625/4873/481
f 1632/4894/499 1627/4880/499 1625/4874/499 1630/4888/499
f 1631/4892/483 1632/4895/483 1630/4889/483 1629/4886/483
f 1630/4890/500 1625/4875/500 1626/4878/500 1629/4887/500
f 1631/4893/501 1628/4884/501 1627/4881/501 1632/4896/501
f 1636/4906/502 1639/4915/502 1637/4909/502 1634/4900/502
f 1635/4903/481 1636/4907/481 1634/4901/481 1633/4897/481
f 1640/4918/503 1635/4904/503 1633/4898/503 1638/4912/503
f 1639/4916/483 1640/4919/483 1638/4913/483 1637/4910/483
f 1638/4914/504 1633/4899/504 1634/4902/504 1637/4911/504
f 1639/4917/505 1636/4908/505 1635/4905/505 1640/4920/505
f 1644/4930/506 1647/4939/506 1645/4933/506 1642/4924/506
f 1643/4927/487 1644/4931/487 1642/4925/487 1641/4921/487
f 1648/4942/507 1643/4928/507 1641/4922/507 1646/4936/507
f 1647/4940/489 1648/4943/489 1646/4937/489 1645/4934/489
f 1646/4938/508 1641/4923/508 1642/4926/508 1645/4935/508
f 1647/4941/509 1644/4932/509 1643/4929/509 1648/4944/509
f 1652/4954/510 1655/4963/510 1653/4957/510 1650/4948/510
f 1651/4951/511 1652/4955/511 1650/4949/511 1649/4945/511
f 1656/4966/512 1651/4952/512 1649/4946/512 1654/4960/512
f 1655/4964/513 1656/4967/513 1654/4961/513 1653/4958/513
f 1654/4962/514 1649/4947/514 1650/4950/514 1653/4959/514
f 1655/4965/515 1652/4956/515 1651/4953/515 1656/4968/515
f 1660/4978/516 1663/4987/516 1661/4981/516 1658/4972/516
f 1659/4975/517 1660/4979/517 1658/4973/517 1657/4969/517
f 1664/4990/518 1659/4976/518 1657/4970/518 1662/4984/518
f 1663/4988/519 1664/4991/519 1662/4985/519 1661/4982/519
f 1662/4986/520 1657/4971/520 1658/4974/520 1661/4983/520
f 1663/4989/521 1660/4980/521 1659/4977/521 1664/4992/521
f 1668/5002/522 1671/5011/522 1669/5005/522 1666/4996/522
f 1667/4999/523 1668/5003/523 1666/4997/523 1665/4993/523
f 1672/5014/524 1667/5000/524 1665/4994/524 1670/5008/524
f 1671/5012/525 1672/5015/525 1670/5009/525 1669/5006/525
f 1670/5010/526 1665/4995/526 1666/4998/526 1669/5007/526
f 1671/5013/527 1668/5004/527 1667/5001/527 1672/5016/527
f 1676/5026/528 1679/5035/528 1677/5029/528 1674/5020/528
f 1675/5023/523 1676/5027/523 1674/5021/523 1673/5017/523
f 1680/5038/529 1675/5024/529 1673/5018/529 1678/5032/529
f 1679/5036/525 1680/5039/525 1678/5033/525 1677/5030/525
f 1678/5034/530 1673/5019/530 1674/5022/530 1677/5031/530
f 1679/5037/531 1676/5028/531 1675/5025/531 1680/5040/531
f 1684/5050/532 1687/5059/532 1685/5053/532 1682/5044/532
f 1683/5047/533 1684/5051/533 1682/5045/533 1681/5041/533
f 1688/5062/534 1683/5048/534 1681/5042/534 1686/5056/534
f 1687/5060/535 1688/5063/535 1686/5057/535 1685/5054/535
f 1686/5058/536 1681/5043/536 1682/5046/536 1685/5055/536
f 1687/5061/537 1684/5052/537 1683/5049/537 1688/5064/537
f 1692/5074/538 1695/5083/538 1693/5077/538 1690/5068/538
f 1691/5071/539 1692/5075/539 1690/5069/539 1689/5065/539
f 1696/5086/540 1691/5072/540 1689/5066/540 1694/5080/540
f 1695/5084/541 1696/5087/541 1694/5081/541 1693/5078/541
f 1694/5082/542 1689/5067/542 1690/5070/542 1693/5079/542
f 1695/5085/543 1692/5076/543 1691/5073/543 1696/5088/543
f 1700/5098/544 1703/5107/544 1701/5101/544 1698/5092/544
f 1699/5095/545 1700/5099/545 1698/5093/545 1697/5089/545
f 1704/5110/546 1699/5096/546 1697/5090/546 1702/5104/546
f 1703/5108/547 1704/5111/547 1702/5105/547 1701/5102/547
f 1702/5106/548 1697/5091/548 1698/5094/548 1701/5103/548
f 1703/5109/549 1700/5100/549 1699/5097/549 1704/5112/549
f 1708/5122/550 1711/5131/550 1709/5125/550 1706/5116/550
f 1707/5119/517 1708/5123/517 1706/5117/517 1705/5113/517
f 1712/5134/551 1707/5120/551 1705/5114/551 1710/5128/551
f 1711/5132/519 1712/5135/519 1710/5129/519 1709/5126/519
f 1710/5130/552 1705/5115/552 1706/5118/552 1709/5127/552
f 1711/5133/553 1708/5124/553 1707/5121/553 1712/5136/553
f 1716/5146/544 1719/5155/544 1717/5149/544 1714/5140/544
f 1715/5143/554 1716/5147/554 1714/5141/554 1713/5137/554
f 1720/5158/555 1715/5144/555 1713/5138/555 1718/5152/555
f 1719/5156/556 1720/5159/556 1718/5153/556 1717/5150/556
f 1718/5154/548 1713/5139/548 1714/5142/548 1717/5151/548
f 1719/5157/549 1716/5148/549 1715/5145/549 1720/5160/549
f 1724/5170/557 1727/5179/557 1725/5173/557 1722/5164/557
f 1723/5167/545 1724/5171/545 1722/5165/545 1721/5161/545
f 1728/5182/558 1723/5168/558 1721/5162/558 1726/5176/558
f 1727/5180/547 1728/5183/547 1726/5177/547 1725/5174/547
f 1726/5178/559 1721/5163/559 1722/5166/559 1725/5175/559
f 1727/5181/560 1724/5172/560 1723/5169/560 1728/5184/560
f 1732/5194/561 1735/5203/561 1733/5197/561 1730/5188/561
f 1731/5191/539 1732/5195/539 1730/5189/539 1729/5185/539
f 1736/5206/562 1731/5192/562 1729/5186/562 1734/5200/562
f 1735/5204/541 1736/5207/541 1734/5201/541 1733/5198/541
f 1734/5202/563 1729/5187/563 1730/5190/563 1733/5199/563
f 1735/5205/564 1732/5196/564 1731/5193/564 1736/5208/564
f 1740/5218/565 1743/5227/565 1741/5221/565 1738/5212/565
f 1739/5215/566 1740/5219/566 1738/5213/566 1737/5209/566
f 1744/5230/567 1739/5216/567 1737/5210/567 1742/5224/567
f 1743/5228/568 1744/5231/568 1742/5225/568 1741/5222/568
f 1742/5226/569 1737/5211/569 1738/5214/569 1741/5223/569
f 1743/5229/570 1740/5220/570 1739/5217/570 1744/5232/570
f 1748/5242/571 1751/5251/571 1749/5245/571 1746/5236/571
f 1747/5239/566 1748/5243/566 1746/5237/566 1745/5233/566
f 1752/5254/572 1747/5240/572 1745/5234/572 1750/5248/572
f 1751/5252/568 1752/5255/568 1750/5249/568 1749/5246/568
f 1750/5250/573 1745/5235/573 1746/5238/573 1749/5247/573
f 1751/5253/574 1748/5244/574 1747/5241/574 1752/5256/574
f 1756/5266/575 1759/5275/575 1757/5269/575 1754/5260/575
f 1755/5263/545 1756/5267/545 1754/5261/545 1753/5257/545
f 1760/5278/576 1755/5264/576 1753/5258/576 1758/5272/576
f 1759/5276/556 1760/5279/556 1758/5273/556 1757/5270/556
f 1758/5274/577 1753/5259/577 1754/5262/577 1757/5271/577
f 1759/5277/578 1756/5268/578 1755/5265/578 1760/5280/578
f 1764/5290/579 1767/5299/579 1765/5293/579 1762/5284/579
f 1763/5287/487 1764/5291/487 1762/5285/487 1761/5281/487
f 1768/5302/580 1763/5288/580 1761/5282/580 1766/5296/580
f 1767/5300/489 1768/5303/489 1766/5297/489 1765/5294/489
f 1766/5298/581 1761/5283/581 1762/5286/581 1765/5295/581
f 1767/5301/582 1764/5292/582 1763/5289/582 1768/5304/582
f 1772/5314/583 1775/5323/583 1773/5317/583 1770/5308/583
f 1771/5311/584 1772/5315/584 1770/5309/584 1769/5305/584
f 1776/5326/585 1771/5312/585 1769/5306/585 1774/5320/585
f 1775/5324/586 1776/5327/586 1774/5321/586 1773/5318/586
f 1774/5322/587 1769/5307/587 1770/5310/587 1773/5319/587
f 1775/5325/588 1772/5316/588 1771/5313/588 1776/5328/588
f 1780/5338/589 1783/5347/589 1781/5341/589 1778/5332/589
f 1779/5335/590 1780/5339/590 1778/5333/590 1777/5329/590
f 1784/5350/591 1779/5336/591 1777/5330/591 1782/5344/591
f 1783/5348/592 1784/5351/592 1782/5345/592 1781/5342/592
f 1782/5346/593 1777/5331/593 1778/5334/593 1781/5343/593
f 1783/5349/594 1780/5340/594 1779/5337/594 1784/5352/594
f 1788/5362/595 1791/5371/595 1789/5365/595 1786/5356/595
f 1787/5359/566 1788/5363/566 1786/5357/566 1785/5353/566
f 1792/5374/596 1787/5360/596 1785/5354/596 1790/5368/596
f 1791/5372/568 1792/5375/568 1790/5369/568 1789/5366/568
f 1790/5370/597 1785/5355/597 1786/5358/597 1789/5367/597
f 1791/5373/598 1788/5364/598 1787/5361/598 1792/5376/598
f 1796/5386/599 1799/5395/599 1797/5389/599 1794/5380/599
f 1795/5383/539 1796/5387/539 1794/5381/539 1793/5377/539
f 1800/5398/600 1795/5384/600 1793/5378/600 1798/5392/600
f 1799/5396/541 1800/5399/541 1798/5393/541 1797/5390/541
f 1798/5394/601 1793/5379/601 1794/5382/601 1797/5391/601
f 1799/5397/602 1796/5388/602 1795/5385/602 1800/5400/602
f 1804/5410/603 1807/5419/603 1805/5413/603 1802/5404/603
f 1803/5407/517 1804/5411/517 1802/5405/517 1801/5401/517
f 1808/5422/604 1803/5408/604 1801/5402/604 1806/5416/604
f 1807/5420/519 1808/5423/519 1806/5417/519 1805/5414/519
f 1806/5418/605 1801/5403/605 1802/5406/605 1805/5415/605
f 1807/5421/606 1804/5412/606 1803/5409/606 1808/5424/606
f 1812/5434/607 1815/5443/607 1813/5437/607 1810/5428/607
f 1811/5431/533 1812/5435/533 1810/5429/533 1809/5425/533
f 1816/5446/608 1811/5432/608 1809/5426/608 1814/5440/608
f 1815/5444/609 1816/5447/609 1814/5441/609 1813/5438/609
f 1814/5442/610 1809/5427/610 1810/5430/610 1813/5439/610
f 1815/5445/611 1812/5436/611 1811/5433/611 1816/5448/611
f 1820/5458/612 1823/5467/612 1821/5461/612 1818/5452/612
f 1819/5455/533 1820/5459/533 1818/5453/533 1817/5449/533
f 1824/5470/613 1819/5456/613 1817/5450/613 1822/5464/613
f 1823/5468/535 1824/5471/535 1822/5465/535 1821/5462/535
f 1822/5466/614 1817/5451/614 1818/5454/614 1821/5463/614
f 1823/5469/615 1820/5460/615 1819/5457/615 1824/5472/615
f 1828/5482/616 1831/5491/616 1829/5485/616 1826/5476/616
f 1827/5479/493 1828/5483/493 1826/5477/493 1825/5473/493
f 1832/5494/617 1827/5480/617 1825/5474/617 1830/5488/617
f 1831/5492/495 1832/5495/495 1830/5489/495 1829/5486/495
f 1830/5490/618 1825/5475/618 1826/5478/618 1829/5487/618
f 1831/5493/619 1828/5484/619 1827/5481/619 1832/5496/619
f 1836/5506/620 1839/5515/620 1837/5509/620 1834/5500/620
f 1835/5503/621 1836/5507/621 1834/5501/621 1833/5497/621
f 1840/5518/622 1835/5504/622 1833/5498/622 1838/5512/622
f 1839/5516/623 1840/5519/623 1838/5513/623 1837/5510/623
f 1838/5514/624 1833/5499/624 1834/5502/624 1837/5511/624
f 1839/5517/625 1836/5508/625 1835/5505/625 1840/5520/625
f 1844/5530/626 1847/5539/626 1845/5533/626 1842/5524/626
f 1843/5527/621 1844/5531/621 1842/5525/621 1841/5521/621
f 1848/5542/627 1843/5528/627 1841/5522/627 1846/5536/627
f 1847/5540/623 1848/5543/623 1846/5537/623 1845/5534/623
f 1846/5538/628 1841/5523/628 1842/5526/628 1845/5535/628
f 1847/5541/629 1844/5532/629 1843/5529/629 1848/5544/629
f 1852/5554/51 1855/5563/51 1853/5557/51 1850/5548/51
f 1851/5551/52 1852/5555/52 1850/5549/52 1849/5545/52
f 1856/5566/53 1851/5552/53 1849/5546/53 1854/5560/53
f 1855/5564/54 1856/5567/54 1854/5561/54 1853/5558/54
f 1854/5562/55 1849/5547/55 1850/5550/55 1853/5559/55
f 1855/5565/56 1852/5556/56 1851/5553/56 1856/5568/56
f 1860/5578/630 1863/5587/630 1861/5581/630 1858/5572/630
f 1859/5575/52 1860/5579/52 1858/5573/52 1857/5569/52
f 1864/5590/631 1859/5576/631 1857/5570/631 1862/5584/631
f 1863/5588/54 1864/5591/54 1862/5585/54 1861/5582/54
f 1862/5586/632 1857/5571/632 1858/5574/632 1861/5583/632
f 1863/5589/633 1860/5580/633 1859/5577/633 1864/5592/633
f 1868/5602/51 1871/5611/51 1869/5605/51 1866/5596/51
f 1867/5599/52 1868/5603/52 1866/5597/52 1865/5593/52
f 1872/5614/53 1867/5600/53 1865/5594/53 1870/5608/53
f 1871/5612/54 1872/5615/54 1870/5609/54 1869/5606/54
f 1870/5610/55 1865/5595/55 1866/5598/55 1869/5607/55
f 1871/5613/56 1868/5604/56 1867/5601/56 1872/5616/56
f 1876/5626/51 1879/5635/51 1877/5629/51 1874/5620/51
f 1875/5623/52 1876/5627/52 1874/5621/52 1873/5617/52
f 1880/5638/53 1875/5624/53 1873/5618/53 1878/5632/53
f 1879/5636/54 1880/5639/54 1878/5633/54 1877/5630/54
f 1878/5634/55 1873/5619/55 1874/5622/55 1877/5631/55
f 1879/5637/56 1876/5628/56 1875/5625/56 1880/5640/56
f 1884/5650/51 1887/5659/51 1885/5653/51 1882/5644/51
f 1883/5647/52 1884/5651/52 1882/5645/52 1881/5641/52
f 1888/5662/53 1883/5648/53 1881/5642/53 1886/5656/53
f 1887/5660/54 1888/5663/54 1886/5657/54 1885/5654/54
f 1886/5658/55 1881/5643/55 1882/5646/55 1885/5655/55
f 1887/5661/56 1884/5652/56 1883/5649/56 1888/5664/56
f 1892/5674/51 1895/5683/51 1893/5677/51 1890/5668/51
f 1891/5671/52 1892/5675/52 1890/5669/52 1889/5665/52
f 1896/5686/53 1891/5672/53 1889/5666/53 1894/5680/53
f 1895/5684/54 1896/5687/54 1894/5681/54 1893/5678/54
f 1894/5682/55 1889/5667/55 1890/5670/55 1893/5679/55
f 1895/5685/56 1892/5676/56 1891/5673/56 1896/5688/56
f 1900/5698/51 1903/5707/51 1901/5701/51 1898/5692/51
f 1899/5695/52 1900/5699/52 1898/5693/52 1897/5689/52
f 1904/5710/53 1899/5696/53 1897/5690/53 1902/5704/53
f 1903/5708/54 1904/5711/54 1902/5705/54 1901/5702/54
f 1902/5706/55 1897/5691/55 1898/5694/55 1901/5703/55
f 1903/5709/56 1900/5700/56 1899/5697/56 1904/5712/56
f 1908/5722/634 1911/5731/634 1909/5725/634 1906/5716/634
f 1907/5719/635 1908/5723/635 1906/5717/635 1905/5713/635
f 1912/5734/636 1907/5720/636 1905/5714/636 1910/5728/636
f 1911/5732/637 1912/5735/637 1910/5729/637 1909/5726/637
f 1910/5730/638 1905/5715/638 1906/5718/638 1909/5727/638
f 1911/5733/639 1908/5724/639 1907/5721/639 1912/5736/639
f 1916/5746/640 1919/5755/640 1917/5749/640 1914/5740/640
f 1915/5743/635 1916/5747/635 1914/5741/635 1913/5737/635
f 1920/5758/641 1915/5744/641 1913/5738/641 1918/5752/641
f 1919/5756/637 1920/5759/637 1918/5753/637 1917/5750/637
f 1918/5754/642 1913/5739/642 1914/5742/642 1917/5751/642
f 1919/5757/643 1916/5748/643 1915/5745/643 1920/5760/643
f 1924/5770/640 1927/5779/640 1925/5773/640 1922/5764/640
f 1923/5767/635 1924/5771/635 1922/5765/635 1921/5761/635
f 1928/5782/641 1923/5768/641 1921/5762/641 1926/5776/641
f 1927/5780/637 1928/5783/637 1926/5777/637 1925/5774/637
f 1926/5778/642 1921/5763/642 1922/5766/642 1925/5775/642
f 1927/5781/643 1924/5772/643 1923/5769/643 1928/5784/643
f 1932/5794/644 1935/5803/644 1933/5797/644 1930/5788/644
f 1931/5791/645 1932/5795/645 1930/5789/645 1929/5785/645
f 1936/5806/646 1931/5792/646 1929/5786/646 1934/5800/646
f 1935/5804/647 1936/5807/647 1934/5801/647 1933/5798/647
f 1934/5802/648 1929/5787/648 1930/5790/648 1933/5799/648
f 1935/5805/649 1932/5796/649 1931/5793/649 1936/5808/649
f 1940/5818/644 1943/5827/644 1941/5821/644 1938/5812/644
f 1939/5815/645 1940/5819/645 1938/5813/645 1937/5809/645
f 1944/5830/646 1939/5816/646 1937/5810/646 1942/5824/646
f 1943/5828/647 1944/5831/647 1942/5825/647 1941/5822/647
f 1942/5826/648 1937/5811/648 1938/5814/648 1941/5823/648
f 1943/5829/649 1940/5820/649 1939/5817/649 1944/5832/649
f 1948/5842/644 1951/5851/644 1949/5845/644 1946/5836/644
f 1947/5839/645 1948/5843/645 1946/5837/645 1945/5833/645
f 1952/5854/646 1947/5840/646 1945/5834/646 1950/5848/646
f 1951/5852/647 1952/5855/647 1950/5849/647 1949/5846/647
f 1950/5850/648 1945/5835/648 1946/5838/648 1949/5847/648
f 1951/5853/649 1948/5844/649 1947/5841/649 1952/5856/649
f 1956/5866/650 1959/5875/650 1957/5869/650 1954/5860/650
f 1955/5863/651 1956/5867/651 1954/5861/651 1953/5857/651
f 1960/5878/652 1955/5864/652 1953/5858/652 1958/5872/652
f 1959/5876/653 1960/5879/653 1958/5873/653 1957/5870/653
f 1958/5874/654 1953/5859/654 1954/5862/654 1957/5871/654
f 1959/5877/655 1956/5868/655 1955/5865/655 1960/5880/655
f 1964/5890/650 1967/5899/650 1965/5893/650 1962/5884/650
f 1963/5887/651 1964/5891/651 1962/5885/651 1961/5881/651
f 1968/5902/652 1963/5888/652 1961/5882/652 1966/5896/652
f 1967/5900/653 1968/5903/653 1966/5897/653 1965/5894/653
f 1966/5898/654 1961/5883/654 1962/5886/654 1965/5895/654
f 1967/5901/655 1964/5892/655 1963/5889/655 1968/5904/655
f 1972/5914/650 1975/5923/650 1973/5917/650 1970/5908/650
f 1971/5911/651 1972/5915/651 1970/5909/651 1969/5905/651
f 1976/5926/652 1971/5912/652 1969/5906/652 1974/5920/652
f 1975/5924/653 1976/5927/653 1974/5921/653 1973/5918/653
f 1974/5922/654 1969/5907/654 1970/5910/654 1973/5919/654
f 1975/5925/655 1972/5916/655 1971/5913/655 1976/5928/655
f 1980/5938/650 1983/5947/650 1981/5941/650 1978/5932/650
f 1979/5935/656 1980/5939/656 1978/5933/656 1977/5929/656
f 1984/5950/652 1979/5936/652 1977/5930/652 1982/5944/652
f 1983/5948/657 1984/5951/657 1982/5945/657 1981/5942/657
f 1982/5946/658 1977/5931/658 1978/5934/658 1981/5943/658
f 1983/5949/659 1980/5940/659 1979/5937/659 1984/5952/659
f 1988/5962/650 1991/5971/650 1989/5965/650 1986/5956/650
f 1987/5959/656 1988/5963/656 1986/5957/656 1985/5953/656
f 1992/5974/652 1987/5960/652 1985/5954/652 1990/5968/652
f 1991/5972/657 1992/5975/657 1990/5969/657 1989/5966/657
f 1990/5970/658 1985/5955/658 1986/5958/658 1989/5967/658
f 1991/5973/660 1988/5964/660 1987/5961/660 1992/5976/660
f 1996/5986/650 1999/5995/650 1997/5989/650 1994/5980/650
f 1995/5983/656 1996/5987/656 1994/5981/656 1993/5977/656
f 2000/5998/652 1995/5984/652 1993/5978/652 1998/5992/652
f 1999/5996/657 2000/5999/657 1998/5993/657 1997/5990/657
f 1998/5994/658 1993/5979/658 1994/5982/658 1997/5991/658
f 1999/5997/660 1996/5988/660 1995/5985/660 2000/6000/660
f 2004/6010/650 2007/6019/650 2005/6013/650 2002/6004/650
f 2003/6007/656 2004/6011/656 2002/6005/656 2001/6001/656
f 2008/6022/652 2003/6008/652 2001/6002/652 2006/6016/652
f 2007/6020/657 2008/6023/657 2006/6017/657 2005/6014/657
f 2006/6018/658 2001/6003/658 2002/6006/658 2005/6015/658
f 2007/6021/660 2004/6012/660 2003/6009/660 2008/6024/660
f 2012/6034/650 2015/6043/650 2013/6037/650 2010/6028/650
f 2011/6031/656 2012/6035/656 2010/6029/656 2009/6025/656
f 2016/6046/652 2011/6032/652 2009/6026/652 2014/6040/652
f 2015/6044/657 2016/6047/657 2014/6041/657 2013/6038/657
f 2014/6042/661 2009/6027/661 2010/6030/661 2013/6039/661
f 2015/6045/660 2012/6036/660 2011/6033/660 2016/6048/660
f 2020/6058/662 2023/6067/662 2021/6061/662 2018/6052/662
f 2019/6055/55 2020/6059/55 2018/6053/55 2017/6049/55
f 2024/6070/663 2019/6056/663 2017/6050/663 2022/6064/663
f 2023/6068/56 2024/6071/56 2022/6065/56 2021/6062/56
f 2022/6066/664 2017/6051/664 2018/6054/664 2021/6063/664
f 2023/6069/665 2020/6060/665 2019/6057/665 2024/6072/665
f 2028/6082/662 2031/6091/662 2029/6085/662 2026/6076/662
f 2027/6079/55 2028/6083/55 2026/6077/55 2025/6073/55
f 2032/6094/663 2027/6080/663 2025/6074/663 2030/6088/663
f 2031/6092/56 2032/6095/56 2030/6089/56 2029/6086/56
f 2030/6090/664 2025/6075/664 2026/6078/664 2029/6087/664
f 2031/6093/665 2028/6084/665 2027/6081/665 2032/6096/665
f 2036/6106/662 2039/6115/662 2037/6109/662 2034/6100/662
f 2035/6103/55 2036/6107/55 2034/6101/55 2033/6097/55
f 2040/6118/663 2035/6104/663 2033/6098/663 2038/6112/663
f 2039/6116/56 2040/6119/56 2038/6113/56 2037/6110/56
f 2038/6114/664 2033/6099/664 2034/6102/664 2037/6111/664
f 2039/6117/665 2036/6108/665 2035/6105/665 2040/6120/665
f 2044/6130/666 2047/6139/666 2045/6133/666 2042/6124/666
f 2043/6127/667 2044/6131/667 2042/6125/667 2041/6121/667
f 2048/6142/668 2043/6128/668 2041/6122/668 2046/6136/668
f 2047/6140/669 2048/6143/669 2046/6137/669 2045/6134/669
f 2046/6138/670 2041/6123/670 2042/6126/670 2045/6135/670
f 2047/6141/671 2044/6132/671 2043/6129/671 2048/6144/671
f 2052/6154/671 2055/6163/671 2053/6157/671 2050/6148/671
f 2051/6151/667 2052/6155/667 2050/6149/667 2049/6145/667
f 2056/6166/670 2051/6152/670 2049/6146/670 2054/6160/670
f 2055/6164/669 2056/6167/669 2054/6161/669 2053/6158/669
f 2054/6162/666 2049/6147/666 2050/6150/666 2053/6159/666
f 2055/6165/668 2052/6156/668 2051/6153/668 2056/6168/668
f 2060/6178/672 2063/6187/672 2061/6181/672 2058/6172/672
f 2059/6175/667 2060/6179/667 2058/6173/667 2057/6169/667
f 2064/6190/673 2059/6176/673 2057/6170/673 2062/6184/673
f 2063/6188/669 2064/6191/669 2062/6185/669 2061/6182/669
f 2062/6186/674 2057/6171/674 2058/6174/674 2061/6183/674
f 2063/6189/675 2060/6180/675 2059/6177/675 2064/6192/675
f 2068/6202/675 2071/6211/675 2069/6205/675 2066/6196/675
f 2067/6199/667 2068/6203/667 2066/6197/667 2065/6193/667
f 2072/6214/674 2067/6200/674 2065/6194/674 2070/6208/674
f 2071/6212/669 2072/6215/669 2070/6209/669 2069/6206/669
f 2070/6210/672 2065/6195/672 2066/6198/672 2069/6207/672
f 2071/6213/673 2068/6204/673 2067/6201/673 2072/6216/673
f 2076/6226/666 2079/6235/666 2077/6229/666 2074/6220/666
f 2075/6223/667 2076/6227/667 2074/6221/667 2073/6217/667
f 2080/6238/668 2075/6224/668 2073/6218/668 2078/6232/668
f 2079/6236/669 2080/6239/669 2078/6233/669 2077/6230/669
f 2078/6234/670 2073/6219/670 2074/6222/670 2077/6231/670
f 2079/6237/671 2076/6228/671 2075/6225/671 2080/6240/671
f 2084/6250/672 2087/6259/672 2085/6253/672 2082/6244/672
f 2083/6247/667 2084/6251/667 2082/6245/667 2081/6241/667
f 2088/6262/673 2083/6248/673 2081/6242/673 2086/6256/673
f 2087/6260/669 2088/6263/669 2086/6257/669 2085/6254/669
f 2086/6258/674 2081/6243/674 2082/6246/674 2085/6255/674
f 2087/6261/675 2084/6252/675 2083/6249/675 2088/6264/675
f 2092/6274/671 2095/6283/671 2093/6277/671 2090/6268/671
f 2091/6271/667 2092/6275/667 2090/6269/667 2089/6265/667
f 2096/6286/670 2091/6272/670 2089/6266/670 2094/6280/670
f 2095/6284/669 2096/6287/669 2094/6281/669 2093/6278/669
f 2094/6282/666 2089/6267/666 2090/6270/666 2093/6279/666
f 2095/6285/668 2092/6276/668 2091/6273/668 2096/6288/668
f 2100/6298/675 2103/6307/675 2101/6301/675 2098/6292/675
f 2099/6295/667 2100/6299/667 2098/6293/667 2097/6289/667
f 2104/6310/674 2099/6296/674 2097/6290/674 2102/6304/674
f 2103/6308/669 2104/6311/669 2102/6305/669 2101/6302/669
f 2102/6306/672 2097/6291/672 2098/6294/672 2101/6303/672
f 2103/6309/673 2100/6300/673 2099/6297/673 2104/6312/673
f 2108/6322/676 2111/6331/676 2109/6325/676 2106/6316/676
f 2107/6319/677 2108/6323/677 2106/6317/677 2105/6313/677
f 2112/6334/678 2107/6320/678 2105/6314/678 2110/6328/678
f 2111/6332/679 2112/6335/679 2110/6329/679 2109/6326/679
f 2110/6330/680 2105/6315/680 2106/6318/680 2109/6327/680
f 2111/6333/681 2108/6324/681 2107/6321/681 2112/6336/681
f 2116/6346/676 2119/6355/676 2117/6349/676 2114/6340/676
f 2115/6343/677 2116/6347/677 2114/6341/677 2113/6337/677
f 2120/6358/678 2115/6344/678 2113/6338/678 2118/6352/678
f 2119/6356/679 2120/6359/679 2118/6353/679 2117/6350/679
f 2118/6354/680 2113/6339/680 2114/6342/680 2117/6351/680
f 2119/6357/681 2116/6348/681 2115/6345/681 2120/6360/681
f 2124/6370/676 2127/6379/676 2125/6373/676 2122/6364/676
f 2123/6367/677 2124/6371/677 2122/6365/677 2121/6361/677
f 2128/6382/678 2123/6368/678 2121/6362/678 2126/6376/678
f 2127/6380/679 2128/6383/679 2126/6377/679 2125/6374/679
f 2126/6378/680 2121/6363/680 2122/6366/680 2125/6375/680
f 2127/6381/681 2124/6372/681 2123/6369/681 2128/6384/681
